DataBase = TT1
ShotNo = 3693
SignalName = GBP3N
SignalUnit = T
TriggerTime = 0.000000 ms
Period = 0.019999 ms
CreateTime = 2026/01/21 09:37:48
Samples = 25000
0.000000  -0.000003
0.019999  0.000007
0.039998  0.000018
0.059998  0.000007
0.079997  0.000007
0.099996  0.000028
0.119995  0.000018
0.139994  0.000007
0.159994  0.000028
0.179993  -0.000003
0.199992  0.000007
0.219991  0.000007
0.239990  -0.000003
0.259990  -0.000013
0.279989  -0.000003
0.299988  -0.000003
0.319987  0.000007
0.339986  0.000018
0.359986  0.000018
0.379985  0.000018
0.399984  -0.000003
0.419983  -0.000003
0.439982  0.000007
0.459982  -0.000003
0.479981  -0.000003
0.499980  0.000007
0.519979  0.000007
0.539978  -0.000003
0.559978  0.000018
0.579977  -0.000003
0.599976  -0.000003
0.619975  0.000018
0.639974  0.000028
0.659974  0.000018
0.679973  0.000007
0.699972  0.000028
0.719971  -0.000003
0.739970  0.000018
0.759970  0.000018
0.779969  0.000018
0.799968  0.000007
0.819967  -0.000013
0.839966  0.000007
0.859966  -0.000013
0.879965  -0.000003
0.899964  0.000018
0.919963  0.000007
0.939962  -0.000003
0.959962  -0.000013
0.979961  -0.000003
0.999960  0.000018
1.019959  0.000007
1.039958  0.000007
1.059958  0.000007
1.079957  0.000028
1.099956  -0.000023
1.119955  0.000018
1.139954  -0.000003
1.159954  -0.000003
1.179953  0.000018
1.199952  0.000018
1.219951  0.000007
1.239950  -0.000003
1.259950  0.000007
1.279949  0.000018
1.299948  0.000018
1.319947  -0.000003
1.339946  0.000018
1.359946  -0.000003
1.379945  -0.000003
1.399944  -0.000013
1.419943  -0.000013
1.439942  0.000028
1.459942  -0.000023
1.479941  0.000018
1.499940  0.000018
1.519939  0.000018
1.539938  -0.000003
1.559938  0.000018
1.579937  0.000007
1.599936  0.000018
1.619935  0.000018
1.639934  0.000007
1.659934  0.000018
1.679933  -0.000003
1.699932  0.000018
1.719931  -0.000003
1.739930  0.000028
1.759930  0.000007
1.779929  0.000018
1.799928  -0.000003
1.819927  0.000007
1.839926  -0.000023
1.859926  -0.000003
1.879925  -0.000013
1.899924  -0.000003
1.919923  0.000007
1.939922  0.000018
1.959922  0.000007
1.979921  0.000018
1.999920  0.000018
2.019919  0.000028
2.039918  0.000028
2.059918  0.000007
2.079917  -0.000003
2.099916  0.000018
2.119915  -0.000003
2.139914  0.000028
2.159914  -0.000013
2.179913  0.000018
2.199912  0.000028
2.219911  -0.000023
2.239910  -0.000013
2.259910  0.000007
2.279909  -0.000013
2.299908  -0.000003
2.319907  -0.000013
2.339906  0.000018
2.359906  0.000038
2.379905  0.000028
2.399904  -0.000013
2.419903  0.000018
2.439902  0.000007
2.459902  0.000018
2.479901  -0.000023
2.499900  -0.000003
2.519899  0.000018
2.539898  -0.000003
2.559898  -0.000003
2.579897  0.000018
2.599896  0.000018
2.619895  -0.000003
2.639894  -0.000003
2.659894  0.000018
2.679893  -0.000003
2.699892  0.000007
2.719891  -0.000023
2.739890  0.000018
2.759890  0.000018
2.779889  -0.000003
2.799888  0.000007
2.819887  -0.000003
2.839886  -0.000003
2.859886  0.000007
2.879885  -0.000003
2.899884  -0.000003
2.919883  0.000007
2.939882  0.000018
2.959882  0.000007
2.979881  0.000028
2.999880  0.000018
3.019879  0.000018
3.039878  -0.000003
3.059878  0.000018
3.079877  0.000018
3.099876  0.000007
3.119875  0.000018
3.139874  0.000028
3.159874  0.000018
3.179873  -0.000003
3.199872  -0.000003
3.219871  -0.000003
3.239870  0.000018
3.259870  0.000028
3.279869  0.000018
3.299868  0.000018
3.319867  0.000028
3.339866  -0.000013
3.359866  0.000018
3.379865  0.000018
3.399864  0.000018
3.419863  0.000007
3.439862  -0.000013
3.459862  -0.000013
3.479861  0.000028
3.499860  -0.000013
3.519859  -0.000003
3.539858  0.000018
3.559858  0.000028
3.579857  0.000018
3.599856  -0.000013
3.619855  0.000028
3.639854  -0.000003
3.659854  0.000007
3.679853  -0.000003
3.699852  0.000018
3.719851  0.000048
3.739850  0.000018
3.759850  0.000028
3.779849  0.000007
3.799848  -0.000003
3.819847  -0.000013
3.839846  -0.000003
3.859846  -0.000003
3.879845  0.000018
3.899844  -0.000013
3.919843  0.000028
3.939842  0.000018
3.959842  -0.000003
3.979841  -0.000013
3.999840  -0.000003
4.019839  0.000007
4.039838  0.000018
4.059838  0.000007
4.079837  0.000007
4.099836  0.000007
4.119835  0.000018
4.139834  0.000018
4.159834  -0.000013
4.179833  -0.000013
4.199832  0.000007
4.219831  0.000018
4.239830  -0.000003
4.259830  0.000007
4.279829  -0.000023
4.299828  0.000007
4.319827  0.000018
4.339826  0.000018
4.359826  0.000018
4.379825  0.000007
4.399824  -0.000013
4.419823  -0.000023
4.439822  0.000007
4.459822  -0.000013
4.479821  0.000007
4.499820  0.000007
4.519819  0.000007
4.539818  -0.000003
4.559818  -0.000003
4.579817  -0.000003
4.599816  -0.000003
4.619815  0.000007
4.639814  -0.000003
4.659814  -0.000003
4.679813  -0.000003
4.699812  -0.000003
4.719811  0.000018
4.739810  0.000018
4.759810  0.000018
4.779809  -0.000003
4.799808  -0.000003
4.819807  0.000018
4.839806  -0.000003
4.859806  0.000018
4.879805  0.000007
4.899804  0.000007
4.919803  0.000018
4.939802  -0.000003
4.959802  0.000007
4.979801  0.000028
4.999800  0.000007
5.019799  0.000007
5.039798  0.000018
5.059798  -0.000003
5.079797  0.000018
5.099796  -0.000003
5.119795  0.000028
5.139794  0.000028
5.159794  0.000007
5.179793  0.000007
5.199792  0.000007
5.219791  0.000007
5.239790  0.000028
5.259790  -0.000003
5.279789  0.000007
5.299788  0.000018
5.319787  0.000018
5.339786  0.000018
5.359786  0.000018
5.379785  -0.000003
5.399784  0.000018
5.419783  -0.000003
5.439782  0.000028
5.459782  0.000018
5.479781  0.000018
5.499780  -0.000013
5.519779  0.000007
5.539778  -0.000003
5.559778  -0.000003
5.579777  -0.000013
5.599776  0.000007
5.619775  -0.000003
5.639774  -0.000013
5.659774  -0.000003
5.679773  0.000018
5.699772  0.000018
5.719771  0.000018
5.739770  -0.000003
5.759770  0.000028
5.779769  0.000028
5.799768  0.000018
5.819767  0.000007
5.839766  0.000007
5.859766  0.000018
5.879765  -0.000013
5.899764  0.000018
5.919763  0.000018
5.939762  0.000018
5.959762  0.000018
5.979761  0.000018
5.999760  0.000007
6.019759  -0.000003
6.039758  -0.000003
6.059758  0.000018
6.079757  -0.000003
6.099756  0.000018
6.119755  0.000028
6.139754  -0.000013
6.159754  0.000028
6.179753  0.000018
6.199752  0.000007
6.219751  -0.000003
6.239750  0.000018
6.259750  -0.000003
6.279749  -0.000013
6.299748  0.000028
6.319747  0.000028
6.339746  -0.000003
6.359746  0.000007
6.379745  -0.000003
6.399744  0.000028
6.419743  0.000007
6.439742  -0.000013
6.459742  -0.000003
6.479741  0.000007
6.499740  0.000007
6.519739  0.000007
6.539738  -0.000003
6.559738  -0.000003
6.579737  -0.000003
6.599736  -0.000023
6.619735  0.000007
6.639734  -0.000003
6.659734  0.000007
6.679733  0.000018
6.699732  0.000007
6.719731  0.000028
6.739730  0.000018
6.759730  0.000007
6.779729  0.000018
6.799728  0.000028
6.819727  -0.000003
6.839726  0.000018
6.859726  0.000007
6.879725  0.000018
6.899724  0.000018
6.919723  0.000018
6.939722  -0.000003
6.959722  -0.000003
6.979721  0.000018
6.999720  -0.000013
7.019719  0.000018
7.039718  0.000007
7.059718  0.000038
7.079717  -0.000003
7.099716  0.000018
7.119715  0.000018
7.139714  -0.000003
7.159714  -0.000003
7.179713  -0.000003
7.199712  -0.000003
7.219711  -0.000003
7.239710  -0.000003
7.259710  0.000007
7.279709  0.000028
7.299708  0.000007
7.319707  0.000007
7.339706  0.000018
7.359706  0.000018
7.379705  -0.000003
7.399704  0.000028
7.419703  -0.000013
7.439702  0.000007
7.459702  0.000018
7.479701  0.000007
7.499700  0.000007
7.519699  -0.000003
7.539698  0.000018
7.559698  -0.000013
7.579697  0.000018
7.599696  0.000018
7.619695  0.000007
7.639694  0.000007
7.659694  0.000028
7.679693  -0.000013
7.699692  0.000007
7.719691  -0.000013
7.739690  0.000018
7.759690  -0.000003
7.779689  0.000007
7.799688  -0.000003
7.819687  0.000038
7.839686  0.000018
7.859686  0.000018
7.879685  -0.000003
7.899684  0.000007
7.919683  0.000018
7.939682  0.000018
7.959682  0.000028
7.979681  0.000007
7.999680  0.000018
8.019679  -0.000013
8.039678  -0.000023
8.059678  -0.000023
8.079677  0.000018
8.099676  0.000007
8.119675  0.000007
8.139674  0.000007
8.159674  0.000007
8.179673  0.000018
8.199672  0.000007
8.219671  -0.000003
8.239670  0.000018
8.259670  0.000007
8.279669  0.000018
8.299668  0.000018
8.319667  -0.000013
8.339666  -0.000003
8.359666  0.000007
8.379665  0.000007
8.399664  -0.000013
8.419663  0.000007
8.439662  0.000007
8.459662  0.000018
8.479661  0.000007
8.499660  0.000018
8.519659  -0.000003
8.539658  0.000028
8.559658  0.000018
8.579657  -0.000013
8.599656  0.000007
8.619655  0.000007
8.639654  -0.000023
8.659654  -0.000013
8.679653  -0.000003
8.699652  -0.000003
8.719651  -0.000003
8.739650  0.000028
8.759650  0.000018
8.779649  0.000028
8.799648  0.000007
8.819647  0.000007
8.839646  -0.000003
8.859646  -0.000013
8.879645  0.000028
8.899644  0.000007
8.919643  -0.000003
8.939642  0.000007
8.959642  -0.000003
8.979641  0.000007
8.999640  0.000007
9.019639  0.000028
9.039638  -0.000003
9.059638  -0.000003
9.079637  0.000007
9.099636  0.000007
9.119635  0.000007
9.139634  -0.000003
9.159634  0.000007
9.179633  0.000007
9.199632  0.000018
9.219631  0.000007
9.239630  -0.000013
9.259630  0.000007
9.279629  0.000018
9.299628  0.000007
9.319627  -0.000003
9.339626  0.000038
9.359626  0.000007
9.379625  -0.000013
9.399624  0.000007
9.419623  -0.000013
9.439622  -0.000003
9.459622  0.000007
9.479621  -0.000003
9.499620  0.000028
9.519619  -0.000003
9.539618  -0.000003
9.559618  0.000007
9.579617  -0.000003
9.599616  0.000007
9.619615  -0.000003
9.639614  -0.000003
9.659614  0.000018
9.679613  -0.000003
9.699612  -0.000003
9.719611  0.000018
9.739610  -0.000003
9.759610  0.000028
9.779609  0.000007
9.799608  -0.000003
9.819607  -0.000013
9.839606  -0.000003
9.859606  0.000028
9.879605  -0.000003
9.899604  0.000018
9.919603  -0.000013
9.939602  0.000007
9.959602  0.000007
9.979601  0.000007
9.999600  -0.000013
10.019599  -0.000003
10.039598  -0.000003
10.059598  0.000028
10.079597  -0.000003
10.099596  0.000018
10.119595  -0.000003
10.139594  0.000018
10.159594  0.000018
10.179593  -0.000023
10.199592  -0.000003
10.219591  -0.000003
10.239590  0.000007
10.259590  0.000007
10.279589  0.000018
10.299588  -0.000003
10.319587  0.000018
10.339586  -0.000013
10.359586  -0.000003
10.379585  -0.000003
10.399584  0.000007
10.419583  -0.000003
10.439582  -0.000003
10.459582  0.000018
10.479581  0.000018
10.499580  0.000018
10.519579  -0.000013
10.539578  0.000028
10.559578  0.000018
10.579577  0.000018
10.599576  0.000007
10.619575  0.000028
10.639574  -0.000003
10.659574  0.000018
10.679573  -0.000003
10.699572  -0.000003
10.719571  0.000007
10.739570  -0.000013
10.759570  0.000007
10.779569  0.000007
10.799568  0.000018
10.819567  0.000007
10.839566  0.000018
10.859566  0.000028
10.879565  0.000018
10.899564  -0.000033
10.919563  0.000007
10.939562  -0.000003
10.959562  0.000018
10.979561  0.000007
10.999560  0.000028
11.019559  -0.000013
11.039558  0.000007
11.059558  0.000007
11.079557  -0.000003
11.099556  0.000018
11.119555  -0.000003
11.139554  -0.000003
11.159554  0.000018
11.179553  0.000007
11.199552  0.000007
11.219551  -0.000013
11.239550  -0.000013
11.259550  0.000018
11.279549  -0.000003
11.299548  0.000007
11.319547  0.000018
11.339546  -0.000003
11.359546  0.000007
11.379545  -0.000003
11.399544  0.000018
11.419543  0.000007
11.439542  -0.000023
11.459542  -0.000013
11.479541  0.000007
11.499540  0.000018
11.519539  0.000028
11.539538  0.000028
11.559538  0.000018
11.579537  -0.000013
11.599536  -0.000013
11.619535  0.000007
11.639534  -0.000003
11.659534  0.000028
11.679533  -0.000003
11.699532  0.000018
11.719531  0.000018
11.739530  -0.000013
11.759530  -0.000003
11.779529  0.000007
11.799528  -0.000003
11.819527  -0.000003
11.839526  -0.000003
11.859526  0.000007
11.879525  -0.000003
11.899524  -0.000003
11.919523  -0.000003
11.939522  0.000018
11.959522  0.000018
11.979521  -0.000003
11.999520  0.000007
12.019519  -0.000013
12.039518  0.000018
12.059518  -0.000003
12.079517  0.000028
12.099516  0.000007
12.119515  0.000007
12.139514  -0.000003
12.159514  0.000007
12.179513  0.000018
12.199512  0.000007
12.219511  -0.000003
12.239510  -0.000003
12.259510  0.000007
12.279509  0.000007
12.299508  0.000007
12.319507  -0.000003
12.339506  -0.000003
12.359506  -0.000003
12.379505  -0.000003
12.399504  0.000007
12.419503  -0.000003
12.439502  0.000007
12.459502  0.000007
12.479501  0.000018
12.499500  0.000018
12.519499  0.000018
12.539498  0.000007
12.559498  0.000028
12.579497  -0.000013
12.599496  0.000018
12.619495  0.000007
12.639494  -0.000013
12.659494  0.000007
12.679493  0.000007
12.699492  -0.000003
12.719491  0.000007
12.739490  -0.000013
12.759490  0.000018
12.779489  0.000007
12.799488  -0.000013
12.819487  -0.000003
12.839486  -0.000003
12.859486  0.000018
12.879485  0.000018
12.899484  -0.000023
12.919483  -0.000003
12.939482  0.000028
12.959482  0.000018
12.979481  0.000028
12.999480  0.000028
13.019479  0.000018
13.039478  -0.000003
13.059478  -0.000003
13.079477  0.000018
13.099476  0.000007
13.119475  -0.000013
13.139474  -0.000003
13.159474  0.000028
13.179473  0.000018
13.199472  -0.000003
13.219471  -0.000003
13.239470  0.000028
13.259470  -0.000013
13.279469  -0.000003
13.299468  0.000018
13.319467  0.000018
13.339466  0.000018
13.359466  0.000018
13.379465  0.000007
13.399464  -0.000003
13.419463  0.000028
13.439462  0.000018
13.459462  0.000018
13.479461  0.000007
13.499460  -0.000003
13.519459  0.000007
13.539458  0.000007
13.559458  -0.000003
13.579457  0.000018
13.599456  0.000007
13.619455  0.000028
13.639454  0.000007
13.659454  -0.000003
13.679453  -0.000003
13.699452  0.000007
13.719451  0.000028
13.739450  -0.000003
13.759450  0.000007
13.779449  0.000018
13.799448  0.000007
13.819447  -0.000013
13.839446  0.000018
13.859446  0.000007
13.879445  0.000007
13.899444  0.000018
13.919443  -0.000013
13.939442  -0.000003
13.959442  -0.000003
13.979441  0.000018
13.999440  -0.000003
14.019439  0.000028
14.039438  0.000028
14.059438  0.000018
14.079437  -0.000003
14.099436  0.000018
14.119435  0.000038
14.139434  0.000028
14.159434  0.000028
14.179433  0.000028
14.199432  0.000018
14.219431  0.000007
14.239430  -0.000003
14.259430  -0.000013
14.279429  0.000018
14.299428  -0.000013
14.319427  0.000028
14.339426  0.000018
14.359426  -0.000003
14.379425  0.000018
14.399424  0.000018
14.419423  -0.000013
14.439422  0.000018
14.459422  0.000007
14.479421  -0.000013
14.499420  -0.000003
14.519419  -0.000003
14.539418  0.000007
14.559418  -0.000003
14.579417  0.000018
14.599416  0.000028
14.619415  -0.000003
14.639414  0.000007
14.659414  0.000028
14.679413  0.000018
14.699412  0.000007
14.719411  0.000018
14.739410  -0.000003
14.759410  0.000018
14.779409  -0.000003
14.799408  0.000028
14.819407  0.000018
14.839406  0.000018
14.859406  -0.000003
14.879405  0.000007
14.899404  -0.000013
14.919403  0.000018
14.939402  -0.000023
14.959402  0.000018
14.979401  -0.000003
14.999400  0.000007
15.019399  0.000018
15.039398  0.000018
15.059398  0.000018
15.079397  0.000007
15.099396  -0.000003
15.119395  -0.000003
15.139394  0.000028
15.159394  0.000007
15.179393  -0.000003
15.199392  -0.000003
15.219391  0.000007
15.239390  0.000018
15.259390  -0.000003
15.279389  0.000018
15.299388  0.000018
15.319387  -0.000013
15.339386  -0.000003
15.359386  0.000018
15.379385  -0.000003
15.399384  0.000018
15.419383  -0.000003
15.439382  -0.000003
15.459382  -0.000003
15.479381  0.000028
15.499380  0.000007
15.519379  0.000007
15.539378  0.000007
15.559378  -0.000003
15.579377  -0.000003
15.599376  -0.000003
15.619375  0.000007
15.639374  -0.000003
15.659374  0.000018
15.679373  0.000018
15.699372  0.000028
15.719371  0.000007
15.739370  -0.000003
15.759370  0.000018
15.779369  0.000007
15.799368  0.000007
15.819367  -0.000003
15.839366  0.000007
15.859366  0.000028
15.879365  -0.000013
15.899364  0.000007
15.919363  -0.000003
15.939362  0.000007
15.959362  0.000018
15.979361  -0.000003
15.999360  -0.000013
16.019359  -0.000013
16.039358  -0.000003
16.059358  -0.000013
16.079357  0.000018
16.099356  0.000007
16.119355  0.000018
16.139354  -0.000023
16.159354  -0.000023
16.179353  0.000018
16.199352  0.000007
16.219351  0.000028
16.239350  0.000018
16.259350  0.000007
16.279349  -0.000013
16.299348  0.000028
16.319347  0.000007
16.339346  0.000018
16.359346  0.000018
16.379345  0.000018
16.399344  0.000007
16.419343  -0.000003
16.439342  -0.000003
16.459342  0.000018
16.479341  -0.000003
16.499340  -0.000013
16.519339  -0.000003
16.539338  0.000007
16.559338  -0.000003
16.579337  0.000007
16.599336  -0.000003
16.619335  0.000018
16.639334  0.000028
16.659334  0.000007
16.679333  0.000018
16.699332  0.000018
16.719331  0.000028
16.739330  0.000018
16.759330  -0.000003
16.779329  0.000007
16.799328  0.000007
16.819327  0.000028
16.839326  0.000007
16.859326  -0.000003
16.879325  0.000007
16.899324  0.000007
16.919323  -0.000003
16.939322  -0.000003
16.959322  0.000018
16.979321  0.000018
16.999320  -0.000003
17.019319  0.000007
17.039318  -0.000003
17.059318  -0.000003
17.079317  0.000018
17.099316  -0.000013
17.119315  0.000028
17.139314  0.000007
17.159314  -0.000003
17.179313  -0.000003
17.199312  0.000018
17.219311  0.000007
17.239310  -0.000013
17.259310  0.000028
17.279309  0.000018
17.299308  0.000028
17.319307  -0.000003
17.339306  0.000018
17.359306  0.000018
17.379305  -0.000003
17.399304  0.000007
17.419303  0.000007
17.439302  0.000007
17.459302  0.000007
17.479301  0.000007
17.499300  0.000018
17.519299  0.000007
17.539298  0.000007
17.559298  -0.000003
17.579297  0.000018
17.599296  0.000018
17.619295  0.000007
17.639294  -0.000003
17.659294  -0.000003
17.679293  0.000018
17.699292  -0.000003
17.719291  0.000007
17.739290  -0.000003
17.759290  0.000018
17.779289  0.000018
17.799288  0.000018
17.819287  -0.000003
17.839286  0.000028
17.859286  0.000028
17.879285  -0.000003
17.899284  -0.000003
17.919283  0.000028
17.939282  -0.000003
17.959282  -0.000003
17.979281  0.000007
17.999280  0.000007
18.019279  -0.000003
18.039278  -0.000003
18.059278  0.000018
18.079277  -0.000013
18.099276  0.000018
18.119275  -0.000003
18.139274  0.000007
18.159274  0.000007
18.179273  0.000007
18.199272  -0.000003
18.219271  0.000007
18.239270  0.000018
18.259270  -0.000013
18.279269  -0.000003
18.299268  0.000007
18.319267  0.000018
18.339266  0.000018
18.359266  0.000018
18.379265  -0.000003
18.399264  -0.000013
18.419263  -0.000003
18.439262  -0.000003
18.459262  0.000007
18.479261  0.000007
18.499260  -0.000013
18.519259  0.000007
18.539258  0.000018
18.559258  0.000007
18.579257  -0.000003
18.599256  -0.000003
18.619255  0.000018
18.639254  0.000018
18.659254  0.000018
18.679253  -0.000013
18.699252  0.000007
18.719251  0.000018
18.739250  0.000007
18.759250  0.000018
18.779249  -0.000003
18.799248  0.000018
18.819247  0.000018
18.839246  -0.000003
18.859246  0.000018
18.879245  0.000007
18.899244  0.000018
18.919243  0.000028
18.939242  -0.000003
18.959242  0.000028
18.979241  -0.000003
18.999240  -0.000003
19.019239  0.000018
19.039238  0.000028
19.059238  0.000007
19.079237  -0.000003
19.099236  0.000018
19.119235  0.000018
19.139234  0.000007
19.159234  -0.000003
19.179233  0.000018
19.199232  -0.000003
19.219231  0.000028
19.239230  0.000007
19.259230  0.000018
19.279229  0.000007
19.299228  -0.000003
19.319227  -0.000003
19.339226  0.000007
19.359226  -0.000013
19.379225  0.000007
19.399224  -0.000003
19.419223  -0.000003
19.439222  0.000018
19.459222  -0.000003
19.479221  -0.000013
19.499220  -0.000003
19.519219  0.000018
19.539218  -0.000003
19.559218  0.000007
19.579217  0.000007
19.599216  0.000007
19.619215  -0.000013
19.639214  0.000018
19.659214  -0.000003
19.679213  0.000007
19.699212  -0.000013
19.719211  -0.000003
19.739210  -0.000003
19.759210  -0.000013
19.779209  -0.000003
19.799208  -0.000013
19.819207  0.000018
19.839206  -0.000003
19.859206  -0.000013
19.879205  0.000007
19.899204  0.000018
19.919203  0.000018
19.939202  0.000007
19.959202  0.000018
19.979201  0.000007
19.999200  0.000018
20.019199  0.000007
20.039198  0.000018
20.059198  -0.000003
20.079197  0.000018
20.099196  -0.000023
20.119195  0.000018
20.139194  0.000007
20.159194  0.000007
20.179193  -0.000013
20.199192  0.000028
20.219191  0.000007
20.239190  0.000007
20.259190  0.000018
20.279189  -0.000003
20.299188  0.000018
20.319187  0.000007
20.339186  -0.000003
20.359186  -0.000003
20.379185  0.000007
20.399184  -0.000013
20.419183  -0.000003
20.439182  0.000018
20.459182  0.000007
20.479181  0.000018
20.499180  0.000018
20.519179  0.000028
20.539178  0.000018
20.559178  -0.000003
20.579177  -0.000003
20.599176  0.000028
20.619175  0.000018
20.639174  0.000018
20.659174  -0.000023
20.679173  0.000028
20.699172  -0.000003
20.719171  -0.000003
20.739170  -0.000003
20.759170  -0.000003
20.779169  0.000007
20.799168  -0.000003
20.819167  0.000018
20.839166  -0.000023
20.859166  -0.000013
20.879165  0.000007
20.899164  0.000018
20.919163  -0.000003
20.939162  -0.000003
20.959162  0.000018
20.979161  0.000018
20.999160  0.000007
21.019159  0.000007
21.039158  0.000018
21.059158  -0.000013
21.079157  -0.000003
21.099156  0.000007
21.119155  -0.000013
21.139154  0.000018
21.159154  -0.000003
21.179153  -0.000003
21.199152  0.000018
21.219151  -0.000013
21.239150  0.000018
21.259150  -0.000003
21.279149  -0.000003
21.299148  -0.000013
21.319147  0.000018
21.339146  -0.000003
21.359146  0.000018
21.379145  -0.000003
21.399144  -0.000003
21.419143  0.000007
21.439142  0.000007
21.459142  0.000007
21.479141  0.000007
21.499140  0.000018
21.519139  -0.000003
21.539138  0.000018
21.559138  -0.000003
21.579137  0.000018
21.599136  -0.000003
21.619135  -0.000003
21.639134  0.000007
21.659134  0.000028
21.679133  -0.000003
21.699132  -0.000003
21.719131  0.000018
21.739130  0.000018
21.759130  -0.000013
21.779129  0.000007
21.799128  -0.000003
21.819127  -0.000003
21.839126  0.000007
21.859126  -0.000003
21.879125  -0.000003
21.899124  -0.000003
21.919123  0.000018
21.939122  0.000007
21.959122  -0.000013
21.979121  0.000018
21.999120  0.000028
22.019119  0.000028
22.039118  0.000007
22.059118  0.000018
22.079117  0.000018
22.099116  -0.000003
22.119115  -0.000013
22.139114  0.000018
22.159114  0.000018
22.179113  0.000018
22.199112  0.000018
22.219111  0.000018
22.239110  0.000018
22.259110  0.000007
22.279109  0.000007
22.299108  -0.000003
22.319107  0.000007
22.339106  0.000007
22.359106  0.000018
22.379105  -0.000003
22.399104  -0.000003
22.419103  -0.000013
22.439102  -0.000003
22.459102  0.000018
22.479101  0.000018
22.499100  0.000007
22.519099  0.000018
22.539098  0.000028
22.559098  0.000018
22.579097  0.000018
22.599096  -0.000003
22.619095  0.000018
22.639094  0.000018
22.659094  -0.000013
22.679093  -0.000013
22.699092  0.000018
22.719091  -0.000003
22.739090  -0.000023
22.759090  -0.000003
22.779089  -0.000003
22.799088  -0.000023
22.819087  0.000007
22.839086  0.000018
22.859086  -0.000003
22.879085  0.000007
22.899084  0.000007
22.919083  0.000018
22.939082  0.000007
22.959082  -0.000013
22.979081  -0.000003
22.999080  0.000018
23.019079  0.000007
23.039078  -0.000003
23.059078  0.000018
23.079077  -0.000003
23.099076  -0.000003
23.119075  0.000028
23.139074  -0.000003
23.159074  -0.000003
23.179073  0.000007
23.199072  0.000007
23.219071  0.000007
23.239070  0.000007
23.259070  0.000018
23.279069  0.000007
23.299068  0.000007
23.319067  -0.000013
23.339066  0.000028
23.359066  -0.000013
23.379065  0.000007
23.399064  -0.000003
23.419063  -0.000013
23.439062  -0.000023
23.459062  0.000018
23.479061  0.000007
23.499060  0.000007
23.519059  -0.000003
23.539058  0.000007
23.559058  0.000007
23.579057  0.000018
23.599056  0.000007
23.619055  0.000018
23.639054  0.000018
23.659054  -0.000003
23.679053  0.000007
23.699052  0.000007
23.719051  0.000028
23.739050  -0.000003
23.759050  -0.000013
23.779049  -0.000013
23.799048  0.000028
23.819047  0.000028
23.839046  -0.000023
23.859046  0.000028
23.879045  0.000018
23.899044  0.000018
23.919043  -0.000003
23.939042  0.000018
23.959042  0.000007
23.979041  0.000018
23.999040  -0.000013
24.019039  0.000007
24.039038  -0.000013
24.059038  0.000018
24.079037  -0.000003
24.099036  0.000018
24.119035  0.000028
24.139034  -0.000013
24.159034  -0.000003
24.179033  -0.000003
24.199032  0.000018
24.219031  0.000007
24.239030  0.000018
24.259030  0.000007
24.279029  -0.000003
24.299028  -0.000003
24.319027  0.000028
24.339026  0.000007
24.359026  0.000007
24.379025  -0.000003
24.399024  -0.000013
24.419023  0.000007
24.439022  0.000007
24.459022  -0.000013
24.479021  -0.000013
24.499020  -0.000003
24.519019  -0.000003
24.539018  0.000007
24.559018  -0.000013
24.579017  -0.000013
24.599016  -0.000003
24.619015  -0.000003
24.639014  0.000007
24.659014  -0.000013
24.679013  0.000007
24.699012  -0.000003
24.719011  0.000007
24.739010  0.000028
24.759010  0.000028
24.779009  0.000018
24.799008  -0.000003
24.819007  0.000018
24.839006  0.000018
24.859006  -0.000003
24.879005  0.000018
24.899004  -0.000003
24.919003  0.000007
24.939002  0.000028
24.959002  -0.000013
24.979001  0.000018
24.999000  -0.000003
25.018999  -0.000013
25.038998  -0.000003
25.058998  -0.000003
25.078997  0.000007
25.098996  -0.000003
25.118995  0.000007
25.138994  0.000028
25.158994  -0.000003
25.178993  0.000007
25.198992  0.000018
25.218991  -0.000003
25.238990  0.000028
25.258990  -0.000003
25.278989  0.000007
25.298988  -0.000003
25.318987  0.000018
25.338986  0.000007
25.358986  0.000007
25.378985  -0.000003
25.398984  0.000018
25.418983  -0.000003
25.438982  0.000007
25.458982  -0.000003
25.478981  -0.000003
25.498980  -0.000003
25.518979  -0.000003
25.538978  -0.000023
25.558978  0.000007
25.578977  0.000018
25.598976  -0.000023
25.618975  0.000018
25.638974  0.000018
25.658974  0.000028
25.678973  -0.000003
25.698972  0.000028
25.718971  0.000007
25.738970  -0.000013
25.758970  0.000007
25.778969  0.000028
25.798968  0.000018
25.818967  -0.000003
25.838966  0.000007
25.858966  0.000007
25.878965  -0.000013
25.898964  0.000007
25.918963  0.000007
25.938962  0.000018
25.958962  -0.000003
25.978961  -0.000003
25.998960  -0.000003
26.018959  0.000018
26.038958  0.000018
26.058958  -0.000003
26.078957  -0.000003
26.098956  0.000007
26.118955  0.000007
26.138954  0.000018
26.158954  -0.000003
26.178953  0.000028
26.198952  0.000028
26.218951  0.000028
26.238950  0.000007
26.258950  0.000007
26.278949  0.000018
26.298948  0.000018
26.318947  0.000007
26.338946  0.000018
26.358946  -0.000003
26.378945  -0.000003
26.398944  0.000007
26.418943  -0.000003
26.438942  -0.000013
26.458942  -0.000003
26.478941  0.000007
26.498940  -0.000003
26.518939  0.000028
26.538938  -0.000023
26.558938  -0.000003
26.578937  0.000018
26.598936  0.000007
26.618935  -0.000013
26.638934  0.000018
26.658934  -0.000023
26.678933  -0.000023
26.698932  -0.000013
26.718931  0.000007
26.738930  0.000018
26.758930  0.000018
26.778929  -0.000003
26.798928  -0.000003
26.818927  0.000018
26.838926  0.000018
26.858926  -0.000003
26.878925  0.000028
26.898924  0.000018
26.918923  -0.000013
26.938922  0.000007
26.958922  0.000028
26.978921  0.000007
26.998920  0.000007
27.018919  -0.000003
27.038918  -0.000013
27.058918  0.000018
27.078917  0.000007
27.098916  0.000018
27.118915  0.000018
27.138914  0.000007
27.158914  -0.000003
27.178913  -0.000013
27.198912  0.000007
27.218911  0.000007
27.238910  0.000018
27.258910  -0.000003
27.278909  0.000028
27.298908  0.000018
27.318907  0.000028
27.338906  -0.000003
27.358906  -0.000003
27.378905  0.000007
27.398904  0.000018
27.418903  0.000007
27.438902  0.000018
27.458902  0.000018
27.478901  0.000018
27.498900  0.000018
27.518899  -0.000003
27.538898  -0.000003
27.558898  -0.000003
27.578897  0.000018
27.598896  0.000018
27.618895  -0.000013
27.638894  0.000028
27.658894  -0.000044
27.678893  -0.000003
27.698892  0.000028
27.718891  0.000007
27.738890  0.000007
27.758890  0.000007
27.778889  0.000018
27.798888  0.000007
27.818887  0.000018
27.838886  0.000028
27.858886  0.000018
27.878885  0.000007
27.898884  -0.000003
27.918883  -0.000003
27.938882  0.000018
27.958882  -0.000013
27.978881  0.000018
27.998880  0.000028
28.018879  0.000018
28.038878  0.000007
28.058878  0.000018
28.078877  -0.000003
28.098876  0.000007
28.118875  0.000028
28.138874  -0.000013
28.158874  -0.000003
28.178873  0.000007
28.198872  0.000007
28.218871  -0.000003
28.238870  -0.000003
28.258870  0.000018
28.278869  0.000007
28.298868  0.000028
28.318867  0.000018
28.338866  0.000028
28.358866  0.000018
28.378865  0.000018
28.398864  0.000028
28.418863  0.000007
28.438862  -0.000003
28.458862  -0.000003
28.478861  0.000007
28.498860  0.000028
28.518859  -0.000013
28.538858  0.000018
28.558858  0.000018
28.578857  0.000007
28.598856  -0.000003
28.618855  0.000007
28.638854  0.000007
28.658854  -0.000003
28.678853  -0.000013
28.698852  0.000007
28.718851  -0.000003
28.738850  0.000028
28.758850  0.000018
28.778849  -0.000013
28.798848  0.000018
28.818847  0.000018
28.838846  -0.000003
28.858846  0.000007
28.878845  -0.000003
28.898844  0.000007
28.918843  -0.000003
28.938842  0.000028
28.958842  0.000028
28.978841  0.000028
28.998840  0.000018
29.018839  0.000007
29.038838  0.000007
29.058838  -0.000003
29.078837  -0.000023
29.098836  -0.000003
29.118835  -0.000003
29.138834  0.000018
29.158834  0.000018
29.178833  0.000007
29.198832  0.000007
29.218831  -0.000003
29.238830  0.000018
29.258830  -0.000013
29.278829  -0.000003
29.298828  -0.000003
29.318827  0.000018
29.338826  0.000007
29.358826  -0.000003
29.378825  -0.000013
29.398824  0.000028
29.418823  0.000018
29.438822  0.000018
29.458822  -0.000013
29.478821  0.000007
29.498820  0.000007
29.518819  -0.000003
29.538818  0.000028
29.558818  0.000007
29.578817  -0.000013
29.598816  0.000018
29.618815  0.000007
29.638814  0.000007
29.658814  -0.000003
29.678813  0.000018
29.698812  0.000007
29.718811  0.000007
29.738810  0.000018
29.758810  -0.000003
29.778809  0.000028
29.798808  0.000028
29.818807  -0.000013
29.838806  0.000028
29.858806  0.000007
29.878805  0.000028
29.898804  0.000028
29.918803  0.000007
29.938802  0.000007
29.958802  0.000007
29.978801  -0.000003
29.998800  0.000018
30.018799  0.000007
30.038798  0.000018
30.058798  0.000007
30.078797  0.000007
30.098796  -0.000003
30.118795  0.000018
30.138794  -0.000003
30.158794  0.000018
30.178793  -0.000003
30.198792  -0.000003
30.218791  0.000028
30.238790  0.000028
30.258790  0.000007
30.278789  -0.000003
30.298788  0.000028
30.318787  -0.000003
30.338786  0.000018
30.358786  -0.000013
30.378785  0.000028
30.398784  0.000028
30.418783  0.000007
30.438782  -0.000003
30.458782  -0.000003
30.478781  0.000028
30.498780  0.000028
30.518779  -0.000013
30.538778  0.000018
30.558778  0.000018
30.578777  0.000007
30.598776  0.000007
30.618775  0.000007
30.638774  0.000018
30.658774  -0.000003
30.678773  0.000007
30.698772  -0.000003
30.718771  0.000007
30.738770  0.000007
30.758770  0.000007
30.778769  0.000018
30.798768  -0.000013
30.818767  -0.000013
30.838766  -0.000003
30.858766  0.000028
30.878765  0.000007
30.898764  0.000007
30.918763  0.000007
30.938762  0.000028
30.958762  -0.000003
30.978761  -0.000003
30.998760  -0.000003
31.018759  0.000028
31.038758  0.000018
31.058758  -0.000013
31.078757  -0.000003
31.098756  0.000018
31.118755  0.000028
31.138754  0.000028
31.158754  0.000018
31.178753  0.000007
31.198752  0.000007
31.218751  0.000007
31.238750  0.000007
31.258750  -0.000013
31.278749  0.000007
31.298748  0.000007
31.318747  -0.000003
31.338746  0.000018
31.358746  -0.000003
31.378745  -0.000013
31.398744  -0.000023
31.418743  0.000018
31.438742  0.000018
31.458742  -0.000003
31.478741  0.000007
31.498740  0.000018
31.518739  0.000018
31.538738  -0.000013
31.558738  0.000007
31.578737  0.000007
31.598736  0.000028
31.618735  0.000018
31.638734  0.000018
31.658734  -0.000013
31.678733  0.000007
31.698732  0.000018
31.718731  0.000018
31.738730  0.000007
31.758730  0.000028
31.778729  -0.000003
31.798728  0.000018
31.818727  0.000018
31.838726  0.000018
31.858726  0.000018
31.878725  -0.000013
31.898724  0.000018
31.918723  0.000007
31.938722  -0.000003
31.958722  -0.000003
31.978721  -0.000003
31.998720  0.000007
32.018719  0.000007
32.038718  0.000018
32.058718  -0.000003
32.078717  -0.000003
32.098716  0.000007
32.118715  -0.000003
32.138714  0.000028
32.158714  -0.000003
32.178713  -0.000003
32.198712  -0.000013
32.218711  -0.000003
32.238710  -0.000003
32.258710  0.000018
32.278709  0.000018
32.298708  0.000007
32.318707  0.000007
32.338706  -0.000013
32.358706  -0.000013
32.378705  0.000018
32.398704  -0.000003
32.418703  0.000028
32.438702  -0.000003
32.458702  0.000007
32.478701  -0.000023
32.498700  -0.000003
32.518699  -0.000023
32.538698  0.000018
32.558698  0.000018
32.578697  0.000018
32.598696  -0.000013
32.618695  0.000007
32.638694  -0.000003
32.658694  -0.000003
32.678693  -0.000003
32.698692  0.000028
32.718691  0.000018
32.738690  -0.000003
32.758690  0.000007
32.778689  -0.000003
32.798688  -0.000013
32.818687  -0.000003
32.838686  0.000028
32.858686  0.000018
32.878685  -0.000003
32.898684  -0.000023
32.918683  -0.000003
32.938682  -0.000003
32.958682  0.000007
32.978681  -0.000023
32.998680  -0.000003
33.018679  0.000007
33.038678  -0.000013
33.058678  0.000028
33.078677  0.000018
33.098676  0.000007
33.118675  0.000007
33.138674  -0.000003
33.158674  0.000018
33.178673  0.000018
33.198672  -0.000013
33.218671  0.000007
33.238670  -0.000003
33.258670  0.000018
33.278669  0.000018
33.298668  0.000018
33.318667  0.000018
33.338666  -0.000013
33.358666  0.000018
33.378665  0.000018
33.398664  -0.000003
33.418663  0.000007
33.438662  0.000007
33.458662  0.000028
33.478661  0.000007
33.498660  -0.000013
33.518659  -0.000003
33.538658  0.000018
33.558658  0.000028
33.578657  0.000018
33.598656  0.000018
33.618655  0.000018
33.638654  0.000018
33.658654  0.000007
33.678653  -0.000013
33.698652  0.000007
33.718651  -0.000003
33.738650  0.000007
33.758650  0.000007
33.778649  0.000038
33.798648  0.000007
33.818647  -0.000003
33.838646  -0.000003
33.858646  -0.000003
33.878645  0.000007
33.898644  0.000018
33.918643  0.000007
33.938642  -0.000013
33.958642  0.000007
33.978641  0.000028
33.998640  0.000018
34.018639  -0.000003
34.038638  -0.000003
34.058638  0.000007
34.078637  -0.000003
34.098636  0.000018
34.118635  -0.000003
34.138634  0.000028
34.158634  -0.000003
34.178633  0.000007
34.198632  -0.000003
34.218631  -0.000013
34.238630  0.000018
34.258630  0.000028
34.278629  0.000028
34.298628  0.000018
34.318627  0.000007
34.338626  0.000007
34.358626  -0.000003
34.378625  0.000018
34.398624  -0.000013
34.418623  0.000018
34.438622  -0.000013
34.458622  0.000018
34.478621  0.000007
34.498620  0.000028
34.518619  -0.000003
34.538618  0.000007
34.558618  -0.000013
34.578617  0.000007
34.598616  -0.000003
34.618615  0.000018
34.638614  0.000018
34.658614  -0.000003
34.678613  -0.000013
34.698612  0.000007
34.718611  -0.000003
34.738610  -0.000003
34.758610  0.000007
34.778609  -0.000003
34.798608  -0.000003
34.818607  -0.000013
34.838606  -0.000003
34.858606  0.000018
34.878605  0.000007
34.898604  -0.000013
34.918603  -0.000003
34.938602  0.000007
34.958602  0.000007
34.978601  -0.000003
34.998600  0.000007
35.018599  0.000028
35.038598  0.000007
35.058598  -0.000023
35.078597  -0.000023
35.098596  0.000018
35.118595  0.000018
35.138594  0.000007
35.158594  0.000028
35.178593  -0.000003
35.198592  -0.000003
35.218591  0.000018
35.238590  0.000028
35.258590  0.000007
35.278589  0.000007
35.298588  0.000028
35.318587  0.000028
35.338586  0.000018
35.358586  -0.000003
35.378585  0.000018
35.398584  0.000007
35.418583  0.000007
35.438582  -0.000003
35.458582  0.000028
35.478581  0.000018
35.498580  0.000007
35.518579  0.000007
35.538578  0.000007
35.558578  0.000018
35.578577  0.000018
35.598576  -0.000003
35.618575  -0.000003
35.638574  0.000018
35.658574  0.000007
35.678573  0.000018
35.698572  -0.000003
35.718571  0.000018
35.738570  -0.000003
35.758570  0.000018
35.778569  0.000007
35.798568  0.000028
35.818567  0.000018
35.838566  0.000018
35.858566  0.000007
35.878565  -0.000003
35.898564  0.000028
35.918563  0.000007
35.938562  0.000038
35.958562  -0.000003
35.978561  -0.000003
35.998560  0.000018
36.018559  0.000007
36.038558  0.000007
36.058558  -0.000003
36.078557  0.000007
36.098556  -0.000013
36.118555  -0.000003
36.138554  -0.000003
36.158554  0.000007
36.178553  -0.000003
36.198552  -0.000003
36.218551  0.000007
36.238550  -0.000003
36.258550  0.000028
36.278549  0.000007
36.298548  -0.000003
36.318547  0.000007
36.338546  -0.000003
36.358546  0.000028
36.378545  0.000007
36.398544  0.000007
36.418543  0.000018
36.438542  0.000007
36.458542  -0.000003
36.478541  0.000018
36.498540  0.000018
36.518539  -0.000013
36.538538  -0.000013
36.558538  0.000007
36.578537  -0.000013
36.598536  0.000018
36.618535  0.000007
36.638534  -0.000013
36.658534  -0.000003
36.678533  0.000028
36.698532  0.000018
36.718531  0.000018
36.738530  -0.000003
36.758530  -0.000013
36.778529  -0.000003
36.798528  0.000007
36.818527  0.000018
36.838526  0.000028
36.858526  -0.000013
36.878525  0.000007
36.898524  -0.000003
36.918523  0.000028
36.938522  -0.000003
36.958522  -0.000013
36.978521  0.000028
36.998520  0.000018
37.018519  0.000007
37.038518  0.000018
37.058518  -0.000013
37.078517  0.000018
37.098516  -0.000003
37.118515  0.000007
37.138514  -0.000003
37.158514  0.000028
37.178513  -0.000013
37.198512  0.000018
37.218511  0.000018
37.238510  -0.000003
37.258510  0.000018
37.278509  0.000007
37.298508  0.000018
37.318507  0.000018
37.338506  -0.000003
37.358506  0.000018
37.378505  0.000018
37.398504  0.000018
37.418503  0.000018
37.438502  0.000018
37.458502  0.000038
37.478501  0.000007
37.498500  0.000018
37.518499  0.000007
37.538498  0.000007
37.558498  0.000018
37.578497  -0.000003
37.598496  -0.000003
37.618495  0.000028
37.638494  0.000007
37.658494  -0.000003
37.678493  0.000007
37.698492  -0.000003
37.718491  0.000007
37.738490  -0.000003
37.758490  -0.000003
37.778489  0.000018
37.798488  -0.000003
37.818487  0.000007
37.838486  0.000018
37.858486  0.000007
37.878485  0.000018
37.898484  0.000007
37.918483  0.000018
37.938482  0.000018
37.958482  0.000007
37.978481  -0.000003
37.998480  -0.000003
38.018479  -0.000013
38.038478  -0.000003
38.058478  0.000007
38.078477  0.000007
38.098476  -0.000003
38.118475  -0.000003
38.138474  -0.000013
38.158474  -0.000013
38.178473  -0.000003
38.198472  -0.000013
38.218471  -0.000023
38.238470  -0.000003
38.258470  0.000007
38.278469  -0.000003
38.298468  0.000018
38.318467  -0.000013
38.338466  -0.000003
38.358466  0.000018
38.378465  0.000018
38.398464  0.000007
38.418463  0.000028
38.438462  0.000007
38.458462  0.000028
38.478461  0.000018
38.498460  0.000028
38.518459  -0.000003
38.538458  -0.000003
38.558458  0.000018
38.578457  -0.000013
38.598456  -0.000003
38.618455  -0.000013
38.638454  -0.000003
38.658454  0.000018
38.678453  0.000018
38.698452  -0.000033
38.718451  0.000007
38.738450  0.000028
38.758450  -0.000003
38.778449  0.000007
38.798448  0.000018
38.818447  -0.000033
38.838446  0.000007
38.858446  0.000018
38.878445  0.000007
38.898444  -0.000003
38.918443  0.000018
38.938442  -0.000023
38.958442  0.000007
38.978441  -0.000003
38.998440  0.000028
39.018439  -0.000003
39.038438  0.000007
39.058438  0.000018
39.078437  -0.000023
39.098436  0.000007
39.118435  0.000028
39.138434  -0.000003
39.158434  -0.000003
39.178433  -0.000013
39.198432  0.000028
39.218431  0.000018
39.238430  0.000018
39.258430  0.000018
39.278429  0.000028
39.298428  0.000007
39.318427  0.000018
39.338426  0.000018
39.358426  0.000018
39.378425  0.000018
39.398424  -0.000003
39.418423  -0.000003
39.438422  0.000018
39.458422  0.000007
39.478421  0.000007
39.498420  -0.000003
39.518419  -0.000013
39.538418  0.000028
39.558418  -0.000013
39.578417  -0.000023
39.598416  0.000018
39.618415  -0.000003
39.638414  -0.000003
39.658414  -0.000003
39.678413  0.000018
39.698412  0.000007
39.718411  0.000018
39.738410  -0.000013
39.758410  0.000018
39.778409  -0.000013
39.798408  -0.000003
39.818407  0.000007
39.838406  -0.000013
39.858406  -0.000003
39.878405  0.000007
39.898404  0.000028
39.918403  0.000018
39.938402  -0.000003
39.958402  0.000007
39.978401  -0.000003
39.998400  0.000028
40.018399  0.000018
40.038398  -0.000003
40.058398  0.000028
40.078397  -0.000003
40.098396  0.000007
40.118395  -0.000023
40.138394  0.000028
40.158394  -0.000003
40.178393  -0.000003
40.198392  0.000007
40.218391  0.000028
40.238390  -0.000003
40.258390  0.000018
40.278389  -0.000013
40.298388  -0.000023
40.318387  -0.000003
40.338386  0.000018
40.358386  -0.000003
40.378385  0.000018
40.398384  0.000018
40.418383  -0.000013
40.438382  -0.000003
40.458382  0.000018
40.478381  0.000018
40.498380  -0.000013
40.518379  -0.000003
40.538378  -0.000003
40.558378  0.000007
40.578377  -0.000013
40.598376  -0.000013
40.618375  -0.000003
40.638374  0.000018
40.658374  -0.000003
40.678373  0.000028
40.698372  -0.000003
40.718371  0.000028
40.738370  0.000018
40.758370  -0.000023
40.778369  0.000028
40.798368  0.000007
40.818367  -0.000003
40.838366  0.000018
40.858366  -0.000003
40.878365  -0.000003
40.898364  0.000028
40.918363  -0.000003
40.938362  0.000018
40.958362  0.000028
40.978361  -0.000003
40.998360  -0.000003
41.018359  0.000007
41.038358  -0.000003
41.058358  0.000007
41.078357  -0.000003
41.098356  -0.000003
41.118355  0.000028
41.138354  -0.000023
41.158354  0.000007
41.178353  -0.000013
41.198352  0.000007
41.218351  0.000028
41.238350  -0.000013
41.258350  0.000018
41.278349  -0.000013
41.298348  0.000007
41.318347  -0.000003
41.338346  0.000007
41.358346  0.000007
41.378345  0.000007
41.398344  -0.000013
41.418343  0.000028
41.438342  0.000007
41.458342  0.000007
41.478341  0.000007
41.498340  0.000018
41.518339  -0.000003
41.538338  0.000018
41.558338  0.000018
41.578337  0.000007
41.598336  0.000007
41.618335  0.000018
41.638334  0.000018
41.658334  -0.000003
41.678333  -0.000003
41.698332  -0.000023
41.718331  0.000018
41.738330  0.000007
41.758330  0.000018
41.778329  0.000018
41.798328  0.000007
41.818327  0.000007
41.838326  0.000018
41.858326  0.000018
41.878325  0.000007
41.898324  0.000018
41.918323  0.000018
41.938322  0.000018
41.958322  0.000007
41.978321  0.000018
41.998320  0.000007
42.018319  0.000018
42.038318  0.000018
42.058318  0.000028
42.078317  -0.000003
42.098316  -0.000013
42.118315  -0.000003
42.138314  -0.000003
42.158314  0.000018
42.178313  0.000018
42.198312  -0.000013
42.218311  0.000007
42.238310  0.000007
42.258310  0.000028
42.278309  0.000018
42.298308  -0.000003
42.318307  -0.000003
42.338306  -0.000013
42.358306  0.000018
42.378305  0.000007
42.398304  -0.000013
42.418303  0.000028
42.438302  -0.000013
42.458302  -0.000003
42.478301  0.000007
42.498300  0.000028
42.518299  0.000028
42.538298  0.000028
42.558298  0.000028
42.578297  -0.000003
42.598296  -0.000013
42.618295  -0.000013
42.638294  0.000028
42.658294  0.000007
42.678293  0.000028
42.698292  0.000007
42.718291  0.000007
42.738290  0.000007
42.758290  0.000028
42.778289  0.000018
42.798288  -0.000003
42.818287  -0.000023
42.838286  0.000018
42.858286  0.000018
42.878285  -0.000003
42.898284  0.000018
42.918283  -0.000003
42.938282  0.000007
42.958282  0.000038
42.978281  0.000007
42.998280  0.000007
43.018279  0.000018
43.038278  0.000007
43.058278  -0.000013
43.078277  0.000007
43.098276  -0.000003
43.118275  -0.000003
43.138274  0.000007
43.158274  0.000018
43.178273  0.000007
43.198272  -0.000033
43.218271  0.000028
43.238270  0.000007
43.258270  -0.000003
43.278269  -0.000003
43.298268  -0.000023
43.318267  0.000018
43.338266  -0.000003
43.358266  -0.000003
43.378265  -0.000003
43.398264  0.000018
43.418263  0.000018
43.438262  -0.000003
43.458262  -0.000003
43.478261  0.000028
43.498260  0.000028
43.518259  -0.000013
43.538258  0.000018
43.558258  -0.000003
43.578257  0.000007
43.598256  0.000007
43.618255  -0.000003
43.638254  0.000007
43.658254  0.000018
43.678253  -0.000003
43.698252  0.000028
43.718251  0.000028
43.738250  0.000018
43.758250  -0.000013
43.778249  0.000018
43.798248  -0.000003
43.818247  -0.000023
43.838246  -0.000003
43.858246  -0.000003
43.878245  -0.000003
43.898244  0.000028
43.918243  -0.000003
43.938242  -0.000003
43.958242  0.000028
43.978241  0.000007
43.998240  -0.000013
44.018239  -0.000003
44.038238  0.000007
44.058238  0.000007
44.078237  0.000038
44.098236  0.000018
44.118235  0.000007
44.138234  0.000007
44.158234  -0.000023
44.178233  -0.000003
44.198232  -0.000003
44.218231  0.000018
44.238230  -0.000003
44.258230  0.000018
44.278229  -0.000003
44.298228  0.000018
44.318227  -0.000003
44.338226  -0.000003
44.358226  0.000018
44.378225  -0.000003
44.398224  -0.000013
44.418223  -0.000003
44.438222  -0.000003
44.458222  0.000007
44.478221  0.000028
44.498220  -0.000003
44.518219  0.000038
44.538218  0.000007
44.558218  0.000007
44.578217  0.000018
44.598216  -0.000003
44.618215  -0.000013
44.638214  0.000018
44.658214  0.000007
44.678213  0.000007
44.698212  -0.000013
44.718211  -0.000003
44.738210  0.000018
44.758210  0.000007
44.778209  0.000007
44.798208  -0.000003
44.818207  0.000007
44.838206  -0.000003
44.858206  0.000007
44.878205  -0.000003
44.898204  -0.000003
44.918203  0.000007
44.938202  0.000028
44.958202  0.000018
44.978201  0.000007
44.998200  -0.000003
45.018199  -0.000003
45.038198  -0.000003
45.058198  0.000018
45.078197  0.000007
45.098196  0.000018
45.118195  0.000007
45.138194  0.000018
45.158194  0.000018
45.178193  -0.000023
45.198192  -0.000013
45.218191  0.000007
45.238190  -0.000003
45.258190  0.000007
45.278189  0.000028
45.298188  0.000018
45.318187  0.000028
45.338186  -0.000003
45.358186  -0.000023
45.378185  0.000028
45.398184  0.000007
45.418183  0.000018
45.438182  -0.000003
45.458182  0.000018
45.478181  0.000028
45.498180  -0.000003
45.518179  0.000007
45.538178  -0.000003
45.558178  -0.000003
45.578177  -0.000003
45.598176  0.000018
45.618175  -0.000003
45.638174  -0.000003
45.658174  0.000018
45.678173  0.000018
45.698172  -0.000003
45.718171  0.000028
45.738170  0.000028
45.758170  0.000007
45.778169  -0.000003
45.798168  0.000007
45.818167  0.000018
45.838166  -0.000003
45.858166  -0.000003
45.878165  0.000018
45.898164  0.000018
45.918163  -0.000003
45.938162  0.000018
45.958162  -0.000003
45.978161  -0.000013
45.998160  -0.000003
46.018159  0.000018
46.038158  0.000018
46.058158  0.000018
46.078157  0.000007
46.098156  0.000048
46.118155  0.000007
46.138154  0.000028
46.158154  0.000018
46.178153  0.000018
46.198152  0.000007
46.218151  0.000007
46.238150  0.000007
46.258150  0.000007
46.278149  0.000018
46.298148  -0.000013
46.318147  0.000028
46.338146  0.000018
46.358146  -0.000013
46.378145  -0.000003
46.398144  0.000028
46.418143  0.000028
46.438142  0.000007
46.458142  0.000018
46.478141  -0.000023
46.498140  0.000018
46.518139  -0.000013
46.538138  0.000007
46.558138  -0.000003
46.578137  0.000018
46.598136  0.000007
46.618135  0.000018
46.638134  -0.000003
46.658134  0.000028
46.678133  0.000018
46.698132  -0.000013
46.718131  -0.000003
46.738130  -0.000003
46.758130  -0.000013
46.778129  -0.000013
46.798128  -0.000003
46.818127  0.000018
46.838126  -0.000013
46.858126  0.000007
46.878125  0.000028
46.898124  -0.000003
46.918123  -0.000023
46.938122  0.000007
46.958122  0.000007
46.978121  -0.000013
46.998120  0.000007
47.018119  -0.000003
47.038118  0.000028
47.058118  0.000018
47.078117  0.000007
47.098116  0.000018
47.118115  -0.000003
47.138114  0.000018
47.158114  0.000007
47.178113  0.000018
47.198112  0.000018
47.218111  0.000018
47.238110  0.000028
47.258110  -0.000023
47.278109  0.000018
47.298108  0.000007
47.318107  0.000007
47.338106  -0.000003
47.358106  -0.000003
47.378105  0.000007
47.398104  0.000018
47.418103  -0.000013
47.438102  -0.000003
47.458102  0.000007
47.478101  0.000007
47.498100  -0.000003
47.518099  0.000018
47.538098  0.000028
47.558098  0.000018
47.578097  -0.000003
47.598096  0.000028
47.618095  0.000007
47.638094  0.000018
47.658094  -0.000003
47.678093  0.000007
47.698092  -0.000003
47.718091  0.000018
47.738090  -0.000013
47.758090  -0.000003
47.778089  0.000007
47.798088  -0.000003
47.818087  0.000018
47.838086  0.000007
47.858086  -0.000003
47.878085  -0.000033
47.898084  -0.000003
47.918083  -0.000013
47.938082  0.000018
47.958082  -0.000013
47.978081  -0.000003
47.998080  -0.000013
48.018079  -0.000013
48.038078  0.000007
48.058078  0.000018
48.078077  0.000028
48.098076  0.000018
48.118075  0.000018
48.138074  0.000018
48.158074  0.000018
48.178073  -0.000023
48.198072  0.000028
48.218071  -0.000003
48.238070  0.000007
48.258070  -0.000003
48.278069  -0.000013
48.298068  -0.000003
48.318067  0.000007
48.338066  0.000018
48.358066  -0.000003
48.378065  0.000007
48.398064  0.000007
48.418063  0.000018
48.438062  -0.000013
48.458062  0.000028
48.478061  0.000018
48.498060  0.000018
48.518059  -0.000003
48.538058  -0.000003
48.558058  0.000007
48.578057  0.000018
48.598056  -0.000013
48.618055  0.000018
48.638054  0.000007
48.658054  -0.000023
48.678053  0.000007
48.698052  -0.000003
48.718051  0.000028
48.738050  -0.000003
48.758050  0.000007
48.778049  0.000007
48.798048  0.000018
48.818047  0.000007
48.838046  -0.000003
48.858046  -0.000013
48.878045  -0.000013
48.898044  -0.000003
48.918043  0.000018
48.938042  0.000018
48.958042  -0.000013
48.978041  0.000007
48.998040  -0.000013
49.018039  -0.000003
49.038038  0.000018
49.058038  -0.000013
49.078037  0.000018
49.098036  0.000018
49.118035  0.000028
49.138034  -0.000003
49.158034  0.000007
49.178033  0.000018
49.198032  -0.000003
49.218031  0.000007
49.238030  0.000028
49.258030  0.000018
49.278029  -0.000003
49.298028  -0.000003
49.318027  -0.000003
49.338026  -0.000003
49.358026  0.000018
49.378025  -0.000013
49.398024  -0.000013
49.418023  0.000028
49.438022  0.000007
49.458022  0.000018
49.478021  -0.000013
49.498020  0.000007
49.518019  0.000018
49.538018  0.000018
49.558018  0.000018
49.578017  0.000018
49.598016  0.000018
49.618015  -0.000003
49.638014  -0.000003
49.658014  -0.000003
49.678013  0.000007
49.698012  -0.000003
49.718011  0.000007
49.738010  0.000018
49.758010  0.000028
49.778009  0.000028
49.798008  0.000007
49.818007  0.000028
49.838006  0.000007
49.858006  0.000018
49.878005  -0.000003
49.898004  0.000007
49.918003  -0.000003
49.938002  -0.000023
49.958002  0.000028
49.978001  0.000028
49.998000  0.000018
50.017999  -0.000013
50.037998  -0.000013
50.057998  -0.000013
50.077997  -0.000013
50.097996  -0.000003
50.117995  0.000028
50.137994  0.000007
50.157994  0.000028
50.177993  0.000007
50.197992  -0.000013
50.217991  -0.000003
50.237990  -0.000003
50.257990  -0.000003
50.277989  0.000018
50.297988  0.000028
50.317987  0.000018
50.337986  0.000007
50.357986  0.000018
50.377985  -0.000003
50.397984  0.000007
50.417983  -0.000013
50.437982  0.000018
50.457982  0.000007
50.477981  -0.000003
50.497980  -0.000003
50.517979  -0.000003
50.537978  -0.000003
50.557978  0.000028
50.577977  0.000007
50.597976  0.000018
50.617975  0.000028
50.637974  -0.000003
50.657974  -0.000003
50.677973  0.000018
50.697972  0.000028
50.717971  0.000018
50.737970  0.000028
50.757970  -0.000003
50.777969  0.000028
50.797968  0.000007
50.817967  0.000018
50.837966  0.000018
50.857966  0.000038
50.877965  -0.000013
50.897964  0.000018
50.917963  0.000007
50.937962  -0.000003
50.957962  0.000018
50.977961  -0.000013
50.997960  0.000007
51.017959  0.000018
51.037958  -0.000013
51.057958  -0.000003
51.077957  -0.000003
51.097956  -0.000013
51.117955  -0.000013
51.137954  0.000007
51.157954  0.000018
51.177953  -0.000003
51.197952  0.000018
51.217951  0.000018
51.237950  -0.000003
51.257950  0.000028
51.277949  0.000018
51.297948  0.000018
51.317947  0.000018
51.337946  0.000007
51.357946  -0.000003
51.377945  0.000018
51.397944  -0.000003
51.417943  0.000007
51.437942  -0.000003
51.457942  0.000007
51.477941  -0.000013
51.497940  0.000028
51.517939  0.000018
51.537938  -0.000003
51.557938  -0.000013
51.577937  -0.000013
51.597936  -0.000013
51.617935  -0.000003
51.637934  0.000018
51.657934  -0.000003
51.677933  0.000018
51.697932  -0.000003
51.717931  0.000007
51.737930  0.000007
51.757930  0.000028
51.777929  0.000007
51.797928  0.000018
51.817927  0.000007
51.837926  -0.000003
51.857926  -0.000003
51.877925  -0.000003
51.897924  0.000018
51.917923  0.000018
51.937922  0.000018
51.957922  0.000007
51.977921  -0.000003
51.997920  0.000018
52.017919  0.000018
52.037918  -0.000003
52.057918  0.000007
52.077917  -0.000013
52.097916  -0.000013
52.117915  -0.000003
52.137914  0.000007
52.157914  -0.000003
52.177913  0.000018
52.197912  0.000018
52.217911  0.000007
52.237910  0.000018
52.257910  0.000007
52.277909  0.000028
52.297908  0.000007
52.317907  0.000028
52.337906  0.000007
52.357906  -0.000003
52.377905  -0.000003
52.397904  -0.000003
52.417903  -0.000003
52.437902  0.000018
52.457902  -0.000013
52.477901  0.000007
52.497900  0.000007
52.517899  -0.000013
52.537898  0.000007
52.557898  -0.000003
52.577897  0.000018
52.597896  0.000018
52.617895  -0.000013
52.637894  0.000007
52.657894  0.000018
52.677893  -0.000003
52.697892  -0.000023
52.717891  -0.000013
52.737890  -0.000003
52.757890  0.000028
52.777889  0.000028
52.797888  -0.000013
52.817887  0.000007
52.837886  0.000018
52.857886  0.000018
52.877885  -0.000003
52.897884  0.000018
52.917883  -0.000003
52.937882  0.000018
52.957882  -0.000003
52.977881  -0.000003
52.997880  -0.000023
53.017879  -0.000003
53.037878  -0.000013
53.057878  0.000018
53.077877  -0.000003
53.097876  0.000007
53.117875  -0.000003
53.137874  0.000018
53.157874  0.000018
53.177873  0.000007
53.197872  0.000007
53.217871  -0.000003
53.237870  0.000028
53.257870  0.000007
53.277869  0.000018
53.297868  0.000018
53.317867  0.000018
53.337866  0.000007
53.357866  -0.000003
53.377865  0.000007
53.397864  0.000028
53.417863  0.000007
53.437862  0.000028
53.457862  0.000007
53.477861  -0.000013
53.497860  -0.000023
53.517859  -0.000003
53.537858  0.000018
53.557858  -0.000003
53.577857  0.000018
53.597856  -0.000013
53.617855  -0.000003
53.637854  -0.000003
53.657854  0.000007
53.677853  0.000018
53.697852  0.000018
53.717851  -0.000013
53.737850  0.000018
53.757850  0.000007
53.777849  -0.000013
53.797848  0.000007
53.817847  -0.000023
53.837846  0.000007
53.857846  -0.000003
53.877845  0.000018
53.897844  -0.000003
53.917843  0.000028
53.937842  0.000028
53.957842  -0.000003
53.977841  -0.000003
53.997840  -0.000003
54.017839  0.000007
54.037838  0.000018
54.057838  -0.000013
54.077837  0.000007
54.097836  -0.000003
54.117835  0.000007
54.137834  -0.000003
54.157834  -0.000003
54.177833  -0.000003
54.197832  -0.000003
54.217831  -0.000003
54.237830  0.000007
54.257830  -0.000003
54.277829  0.000018
54.297828  0.000007
54.317827  -0.000003
54.337826  0.000028
54.357826  -0.000003
54.377825  0.000018
54.397824  0.000007
54.417823  0.000018
54.437822  0.000007
54.457822  -0.000023
54.477821  0.000018
54.497820  0.000018
54.517819  0.000007
54.537818  0.000028
54.557818  -0.000003
54.577817  -0.000013
54.597816  0.000007
54.617815  -0.000013
54.637814  0.000007
54.657814  -0.000003
54.677813  -0.000003
54.697812  -0.000013
54.717811  0.000007
54.737810  -0.000003
54.757810  -0.000023
54.777809  -0.000003
54.797808  0.000007
54.817807  0.000028
54.837806  0.000007
54.857806  -0.000003
54.877805  0.000018
54.897804  0.000018
54.917803  -0.000003
54.937802  0.000007
54.957802  0.000018
54.977801  0.000028
54.997800  -0.000023
55.017799  -0.000003
55.037798  0.000018
55.057798  0.000018
55.077797  0.000018
55.097796  -0.000003
55.117795  -0.000003
55.137794  0.000018
55.157794  0.000028
55.177793  -0.000003
55.197792  -0.000013
55.217791  0.000028
55.237790  0.000018
55.257790  0.000028
55.277789  0.000007
55.297788  0.000018
55.317787  0.000018
55.337786  -0.000003
55.357786  -0.000003
55.377785  0.000028
55.397784  0.000018
55.417783  0.000028
55.437782  -0.000003
55.457782  0.000028
55.477781  0.000018
55.497780  -0.000003
55.517779  0.000007
55.537778  0.000018
55.557778  -0.000003
55.577777  -0.000003
55.597776  0.000018
55.617775  0.000018
55.637774  -0.000023
55.657774  0.000007
55.677773  -0.000003
55.697772  0.000018
55.717771  0.000018
55.737770  0.000007
55.757770  0.000018
55.777769  0.000007
55.797768  -0.000003
55.817767  -0.000003
55.837766  0.000028
55.857766  -0.000003
55.877765  0.000007
55.897764  0.000018
55.917763  0.000007
55.937762  -0.000003
55.957762  0.000007
55.977761  -0.000003
55.997760  0.000028
56.017759  0.000007
56.037758  -0.000003
56.057758  -0.000003
56.077757  0.000007
56.097756  0.000007
56.117755  -0.000023
56.137754  0.000028
56.157754  0.000007
56.177753  -0.000003
56.197752  -0.000013
56.217751  -0.000003
56.237750  -0.000003
56.257750  0.000018
56.277749  0.000007
56.297748  -0.000003
56.317747  0.000028
56.337746  -0.000003
56.357746  -0.000013
56.377745  0.000018
56.397744  0.000038
56.417743  -0.000003
56.437742  0.000007
56.457742  0.000018
56.477741  0.000018
56.497740  -0.000003
56.517739  0.000028
56.537738  0.000018
56.557738  -0.000013
56.577737  0.000007
56.597736  -0.000003
56.617735  -0.000013
56.637734  0.000007
56.657734  0.000018
56.677733  -0.000003
56.697732  -0.000003
56.717731  -0.000003
56.737730  0.000007
56.757730  0.000048
56.777729  0.000007
56.797728  -0.000013
56.817727  -0.000003
56.837726  0.000018
56.857726  0.000028
56.877725  0.000018
56.897724  -0.000003
56.917723  0.000018
56.937722  -0.000003
56.957722  -0.000003
56.977721  -0.000003
56.997720  0.000018
57.017719  -0.000003
57.037718  -0.000013
57.057718  0.000007
57.077717  -0.000013
57.097716  -0.000003
57.117715  -0.000003
57.137714  0.000007
57.157714  0.000018
57.177713  -0.000003
57.197712  -0.000013
57.217711  0.000007
57.237710  -0.000003
57.257710  0.000018
57.277709  -0.000003
57.297708  -0.000003
57.317707  0.000028
57.337706  0.000028
57.357706  -0.000013
57.377705  0.000028
57.397704  -0.000013
57.417703  -0.000003
57.437702  -0.000003
57.457702  -0.000003
57.477701  0.000018
57.497700  -0.000003
57.517699  0.000007
57.537698  -0.000013
57.557698  -0.000003
57.577697  0.000018
57.597696  0.000028
57.617695  -0.000003
57.637694  0.000018
57.657694  -0.000003
57.677693  0.000018
57.697692  -0.000013
57.717691  0.000028
57.737690  0.000007
57.757690  0.000007
57.777689  0.000018
57.797688  0.000007
57.817687  0.000028
57.837686  0.000007
57.857686  -0.000003
57.877685  0.000028
57.897684  0.000028
57.917683  0.000018
57.937682  -0.000003
57.957682  0.000007
57.977681  0.000007
57.997680  -0.000003
58.017679  0.000028
58.037678  -0.000003
58.057678  0.000007
58.077677  0.000007
58.097676  -0.000003
58.117675  -0.000003
58.137674  0.000007
58.157674  0.000007
58.177673  -0.000003
58.197672  0.000028
58.217671  -0.000003
58.237670  0.000018
58.257670  0.000018
58.277669  -0.000003
58.297668  0.000007
58.317667  0.000018
58.337666  -0.000003
58.357666  -0.000013
58.377665  0.000038
58.397664  -0.000003
58.417663  0.000028
58.437662  -0.000023
58.457662  0.000018
58.477661  0.000018
58.497660  0.000028
58.517659  0.000018
58.537658  0.000007
58.557658  -0.000023
58.577657  0.000028
58.597656  0.000018
58.617655  -0.000003
58.637654  -0.000003
58.657654  0.000007
58.677653  0.000028
58.697652  0.000018
58.717651  0.000028
58.737650  -0.000003
58.757650  0.000018
58.777649  -0.000003
58.797648  0.000018
58.817647  0.000028
58.837646  0.000018
58.857646  0.000007
58.877645  0.000028
58.897644  0.000018
58.917643  0.000007
58.937642  0.000018
58.957642  -0.000003
58.977641  0.000018
58.997640  0.000028
59.017639  0.000028
59.037638  -0.000003
59.057638  -0.000013
59.077637  0.000018
59.097636  -0.000013
59.117635  -0.000003
59.137634  -0.000003
59.157634  0.000007
59.177633  0.000007
59.197632  -0.000003
59.217631  -0.000033
59.237630  -0.000013
59.257630  0.000007
59.277629  -0.000003
59.297628  0.000028
59.317627  0.000028
59.337626  0.000007
59.357626  0.000018
59.377625  0.000018
59.397624  -0.000013
59.417623  0.000018
59.437622  0.000018
59.457622  0.000028
59.477621  0.000018
59.497620  -0.000003
59.517619  -0.000003
59.537618  -0.000013
59.557618  0.000007
59.577617  -0.000003
59.597616  -0.000003
59.617615  0.000018
59.637614  -0.000003
59.657614  0.000018
59.677613  0.000007
59.697612  0.000028
59.717611  -0.000003
59.737610  0.000007
59.757610  -0.000013
59.777609  0.000007
59.797608  -0.000003
59.817607  -0.000013
59.837606  0.000018
59.857606  -0.000003
59.877605  0.000007
59.897604  0.000018
59.917603  -0.000003
59.937602  0.000018
59.957602  -0.000003
59.977601  -0.000003
59.997600  -0.000003
60.017599  -0.000003
60.037598  -0.000003
60.057598  0.000007
60.077597  -0.000003
60.097596  -0.000003
60.117595  0.000018
60.137594  0.000028
60.157594  -0.000033
60.177593  0.000018
60.197592  0.000007
60.217591  0.000018
60.237590  -0.000023
60.257590  0.000018
60.277589  0.000028
60.297588  0.000028
60.317587  0.000007
60.337586  0.000018
60.357586  0.000007
60.377585  0.000018
60.397584  -0.000023
60.417583  -0.000003
60.437582  0.000018
60.457582  -0.000003
60.477581  -0.000003
60.497580  0.000018
60.517579  0.000028
60.537578  0.000018
60.557578  0.000007
60.577577  0.000018
60.597576  0.000018
60.617575  -0.000003
60.637574  0.000007
60.657574  -0.000013
60.677573  0.000018
60.697572  0.000007
60.717571  -0.000013
60.737570  0.000018
60.757570  0.000018
60.777569  -0.000003
60.797568  -0.000003
60.817567  0.000018
60.837566  -0.000003
60.857566  -0.000003
60.877565  -0.000013
60.897564  0.000018
60.917563  0.000028
60.937562  0.000028
60.957562  0.000028
60.977561  0.000028
60.997560  -0.000003
61.017559  0.000007
61.037558  0.000028
61.057558  0.000007
61.077557  -0.000003
61.097556  -0.000003
61.117555  0.000018
61.137554  0.000028
61.157554  0.000007
61.177553  -0.000013
61.197552  0.000018
61.217551  -0.000003
61.237550  0.000018
61.257550  -0.000003
61.277549  -0.000013
61.297548  0.000018
61.317547  0.000007
61.337546  -0.000013
61.357546  0.000028
61.377545  -0.000013
61.397544  0.000028
61.417543  0.000018
61.437542  -0.000003
61.457542  -0.000013
61.477541  -0.000013
61.497540  0.000007
61.517539  0.000028
61.537538  -0.000013
61.557538  -0.000003
61.577537  -0.000003
61.597536  -0.000003
61.617535  0.000028
61.637534  0.000028
61.657534  -0.000003
61.677533  0.000028
61.697532  0.000007
61.717531  0.000018
61.737530  -0.000003
61.757530  -0.000023
61.777529  -0.000003
61.797528  0.000018
61.817527  -0.000003
61.837526  0.000007
61.857526  0.000007
61.877525  -0.000013
61.897524  0.000018
61.917523  -0.000003
61.937522  0.000007
61.957522  0.000028
61.977521  0.000007
61.997520  0.000007
62.017519  0.000018
62.037518  0.000018
62.057518  0.000018
62.077517  -0.000003
62.097516  0.000018
62.117515  -0.000003
62.137514  0.000007
62.157514  0.000018
62.177513  0.000028
62.197512  0.000018
62.217511  0.000007
62.237510  0.000007
62.257510  -0.000013
62.277509  0.000018
62.297508  0.000007
62.317507  0.000028
62.337506  0.000018
62.357506  0.000018
62.377505  0.000018
62.397504  -0.000003
62.417503  -0.000003
62.437502  0.000007
62.457502  -0.000003
62.477501  0.000038
62.497500  -0.000003
62.517499  0.000018
62.537499  0.000028
62.557498  -0.000003
62.577497  0.000018
62.597496  0.000007
62.617495  -0.000013
62.637495  0.000018
62.657494  0.000018
62.677493  -0.000003
62.697492  -0.000013
62.717491  -0.000003
62.737491  -0.000003
62.757490  0.000018
62.777489  0.000018
62.797488  -0.000003
62.817487  -0.000003
62.837487  0.000007
62.857486  -0.000013
62.877485  0.000028
62.897484  0.000018
62.917483  0.000028
62.937483  0.000018
62.957482  0.000018
62.977481  0.000018
62.997480  0.000007
63.017479  0.000007
63.037479  0.000028
63.057478  0.000028
63.077477  -0.000013
63.097476  -0.000013
63.117475  0.000007
63.137475  0.000018
63.157474  -0.000013
63.177473  0.000018
63.197472  -0.000023
63.217471  0.000028
63.237471  -0.000013
63.257470  0.000018
63.277469  0.000007
63.297468  -0.000003
63.317467  0.000007
63.337467  0.000007
63.357466  0.000007
63.377465  0.000007
63.397464  -0.000003
63.417463  0.000018
63.437463  -0.000003
63.457462  0.000018
63.477461  -0.000003
63.497460  -0.000003
63.517459  0.000018
63.537459  0.000007
63.557458  0.000007
63.577457  -0.000013
63.597456  -0.000003
63.617455  -0.000003
63.637455  -0.000003
63.657454  0.000007
63.677453  0.000007
63.697452  0.000007
63.717451  -0.000003
63.737451  0.000007
63.757450  0.000028
63.777449  -0.000003
63.797448  0.000028
63.817447  0.000018
63.837447  -0.000003
63.857446  -0.000003
63.877445  0.000018
63.897444  0.000018
63.917443  -0.000013
63.937443  0.000007
63.957442  0.000018
63.977441  0.000018
63.997440  0.000007
64.017439  -0.000013
64.037439  0.000007
64.057438  0.000018
64.077437  0.000018
64.097436  0.000007
64.117435  0.000018
64.137435  -0.000003
64.157434  0.000007
64.177433  0.000007
64.197432  -0.000003
64.217431  -0.000023
64.237431  -0.000003
64.257430  0.000007
64.277429  -0.000013
64.297428  -0.000003
64.317427  -0.000013
64.337427  0.000028
64.357426  -0.000003
64.377425  0.000018
64.397424  -0.000013
64.417423  -0.000003
64.437423  -0.000013
64.457422  0.000018
64.477421  0.000018
64.497420  -0.000013
64.517419  -0.000003
64.537419  0.000007
64.557418  -0.000003
64.577417  0.000007
64.597416  0.000007
64.617415  0.000028
64.637415  0.000018
64.657414  -0.000013
64.677413  0.000018
64.697412  -0.000003
64.717411  0.000018
64.737411  -0.000023
64.757410  0.000018
64.777409  -0.000013
64.797408  -0.000003
64.817407  0.000007
64.837407  0.000018
64.857406  0.000018
64.877405  0.000007
64.897404  0.000018
64.917403  -0.000013
64.937403  0.000018
64.957402  0.000018
64.977401  0.000018
64.997400  0.000007
65.017399  0.000007
65.037399  0.000018
65.057398  0.000007
65.077397  -0.000003
65.097396  0.000028
65.117395  0.000007
65.137395  0.000018
65.157394  0.000007
65.177393  0.000018
65.197392  0.000018
65.217391  -0.000033
65.237391  -0.000003
65.257390  0.000018
65.277389  0.000028
65.297388  0.000007
65.317387  0.000007
65.337387  -0.000003
65.357386  -0.000003
65.377385  0.000007
65.397384  0.000028
65.417383  -0.000003
65.437383  -0.000013
65.457382  0.000007
65.477381  0.000018
65.497380  0.000018
65.517379  0.000028
65.537379  0.000018
65.557378  -0.000003
65.577377  0.000018
65.597376  -0.000013
65.617375  0.000018
65.637375  -0.000003
65.657374  0.000018
65.677373  -0.000013
65.697372  -0.000013
65.717371  -0.000013
65.737371  -0.000013
65.757370  0.000018
65.777369  0.000018
65.797368  0.000028
65.817367  -0.000003
65.837367  -0.000013
65.857366  -0.000003
65.877365  -0.000003
65.897364  0.000028
65.917363  0.000018
65.937363  0.000007
65.957362  0.000028
65.977361  0.000007
65.997360  -0.000013
66.017359  0.000018
66.037359  0.000018
66.057358  0.000007
66.077357  0.000018
66.097356  -0.000003
66.117355  -0.000003
66.137355  -0.000003
66.157354  -0.000033
66.177353  0.000028
66.197352  -0.000003
66.217351  0.000028
66.237351  -0.000003
66.257350  0.000018
66.277349  -0.000003
66.297348  -0.000003
66.317347  0.000018
66.337347  0.000007
66.357346  0.000018
66.377345  0.000018
66.397344  -0.000003
66.417343  0.000018
66.437343  0.000007
66.457342  0.000007
66.477341  0.000018
66.497340  -0.000003
66.517339  -0.000003
66.537339  0.000018
66.557338  -0.000003
66.577337  0.000028
66.597336  -0.000003
66.617335  0.000018
66.637335  0.000018
66.657334  0.000018
66.677333  0.000018
66.697332  -0.000003
66.717331  0.000018
66.737331  0.000007
66.757330  -0.000003
66.777329  0.000018
66.797328  -0.000003
66.817327  0.000028
66.837327  0.000018
66.857326  0.000018
66.877325  -0.000003
66.897324  0.000018
66.917323  0.000018
66.937323  0.000018
66.957322  -0.000003
66.977321  -0.000013
66.997320  0.000018
67.017319  -0.000003
67.037319  -0.000003
67.057318  0.000007
67.077317  0.000028
67.097316  0.000018
67.117315  0.000007
67.137315  -0.000003
67.157314  -0.000013
67.177313  -0.000013
67.197312  0.000007
67.217311  -0.000003
67.237311  0.000018
67.257310  0.000007
67.277309  -0.000003
67.297308  0.000007
67.317307  -0.000013
67.337307  0.000018
67.357306  0.000018
67.377305  0.000018
67.397304  0.000018
67.417303  0.000018
67.437303  -0.000023
67.457302  0.000007
67.477301  0.000007
67.497300  -0.000003
67.517299  0.000028
67.537299  0.000018
67.557298  -0.000003
67.577297  -0.000013
67.597296  0.000007
67.617295  0.000018
67.637295  0.000007
67.657294  0.000007
67.677293  0.000018
67.697292  0.000007
67.717291  0.000018
67.737291  -0.000023
67.757290  0.000028
67.777289  0.000028
67.797288  -0.000003
67.817287  0.000028
67.837287  -0.000003
67.857286  0.000018
67.877285  -0.000003
67.897284  0.000028
67.917283  -0.000003
67.937283  0.000018
67.957282  -0.000003
67.977281  0.000007
67.997280  0.000028
68.017279  0.000018
68.037279  0.000018
68.057278  -0.000003
68.077277  0.000007
68.097276  0.000007
68.117275  -0.000003
68.137275  0.000007
68.157274  -0.000003
68.177273  0.000007
68.197272  0.000018
68.217271  -0.000003
68.237271  -0.000003
68.257270  0.000018
68.277269  -0.000013
68.297268  -0.000013
68.317267  -0.000013
68.337267  -0.000003
68.357266  0.000007
68.377265  -0.000003
68.397264  0.000018
68.417263  0.000007
68.437263  0.000018
68.457262  0.000028
68.477261  0.000018
68.497260  0.000018
68.517259  -0.000013
68.537259  0.000007
68.557258  0.000028
68.577257  0.000007
68.597256  -0.000013
68.617255  -0.000013
68.637255  0.000038
68.657254  0.000018
68.677253  -0.000013
68.697252  0.000018
68.717251  0.000007
68.737251  0.000018
68.757250  0.000018
68.777249  0.000028
68.797248  -0.000013
68.817247  0.000018
68.837247  0.000028
68.857246  0.000007
68.877245  0.000028
68.897244  0.000007
68.917243  -0.000003
68.937243  0.000028
68.957242  0.000028
68.977241  0.000018
68.997240  0.000018
69.017239  0.000018
69.037239  0.000007
69.057238  0.000007
69.077237  0.000028
69.097236  0.000018
69.117235  0.000007
69.137235  0.000028
69.157234  0.000007
69.177233  0.000007
69.197232  0.000007
69.217231  0.000018
69.237231  -0.000003
69.257230  0.000028
69.277229  -0.000003
69.297228  0.000028
69.317227  0.000018
69.337227  -0.000023
69.357226  0.000018
69.377225  0.000007
69.397224  0.000018
69.417223  0.000007
69.437223  0.000028
69.457222  -0.000003
69.477221  -0.000013
69.497220  -0.000003
69.517219  0.000028
69.537219  0.000018
69.557218  0.000018
69.577217  0.000018
69.597216  0.000028
69.617215  -0.000013
69.637215  0.000028
69.657214  -0.000003
69.677213  -0.000013
69.697212  0.000007
69.717211  -0.000003
69.737211  -0.000023
69.757210  0.000018
69.777209  -0.000013
69.797208  0.000007
69.817207  0.000028
69.837207  0.000018
69.857206  -0.000023
69.877205  0.000007
69.897204  -0.000003
69.917203  -0.000003
69.937203  0.000028
69.957202  0.000007
69.977201  0.000028
69.997200  0.000028
70.017199  0.000007
70.037199  0.000007
70.057198  0.000028
70.077197  0.000028
70.097196  -0.000003
70.117195  0.000007
70.137195  0.000007
70.157194  -0.000013
70.177193  -0.000013
70.197192  0.000018
70.217191  0.000007
70.237191  -0.000003
70.257190  -0.000003
70.277189  -0.000023
70.297188  0.000018
70.317187  0.000018
70.337187  -0.000013
70.357186  0.000007
70.377185  0.000038
70.397184  0.000007
70.417183  -0.000003
70.437183  0.000007
70.457182  0.000018
70.477181  0.000018
70.497180  0.000007
70.517179  0.000028
70.537179  -0.000003
70.557178  -0.000023
70.577177  0.000007
70.597176  0.000007
70.617175  0.000007
70.637175  -0.000003
70.657174  -0.000003
70.677173  0.000007
70.697172  -0.000003
70.717171  0.000007
70.737171  -0.000003
70.757170  0.000018
70.777169  -0.000013
70.797168  0.000018
70.817167  -0.000003
70.837167  0.000018
70.857166  0.000028
70.877165  -0.000003
70.897164  0.000018
70.917163  0.000018
70.937163  0.000018
70.957162  0.000007
70.977161  0.000007
70.997160  0.000018
71.017159  -0.000023
71.037159  -0.000003
71.057158  -0.000003
71.077157  0.000018
71.097156  -0.000003
71.117155  -0.000013
71.137155  0.000007
71.157154  0.000018
71.177153  0.000007
71.197152  0.000007
71.217151  0.000007
71.237151  0.000028
71.257150  -0.000003
71.277149  0.000007
71.297148  0.000007
71.317147  0.000018
71.337147  0.000007
71.357146  -0.000013
71.377145  0.000028
71.397144  -0.000003
71.417143  -0.000003
71.437143  0.000018
71.457142  0.000018
71.477141  0.000018
71.497140  -0.000003
71.517139  -0.000023
71.537139  0.000018
71.557138  0.000007
71.577137  0.000028
71.597136  0.000007
71.617135  -0.000003
71.637135  -0.000003
71.657134  0.000007
71.677133  -0.000013
71.697132  -0.000003
71.717131  0.000007
71.737131  0.000028
71.757130  -0.000013
71.777129  -0.000003
71.797128  -0.000003
71.817127  0.000018
71.837127  -0.000003
71.857126  0.000018
71.877125  0.000028
71.897124  0.000007
71.917123  0.000018
71.937123  -0.000013
71.957122  0.000028
71.977121  -0.000003
71.997120  0.000018
72.017119  -0.000003
72.037119  0.000018
72.057118  -0.000003
72.077117  0.000018
72.097116  0.000018
72.117115  0.000028
72.137115  0.000018
72.157114  -0.000003
72.177113  -0.000003
72.197112  0.000007
72.217111  0.000007
72.237111  -0.000003
72.257110  -0.000003
72.277109  0.000018
72.297108  0.000018
72.317107  -0.000003
72.337107  -0.000013
72.357106  0.000007
72.377105  0.000007
72.397104  0.000007
72.417103  0.000018
72.437103  0.000007
72.457102  -0.000013
72.477101  0.000007
72.497100  0.000007
72.517099  0.000018
72.537099  -0.000013
72.557098  0.000018
72.577097  0.000018
72.597096  0.000018
72.617095  0.000018
72.637095  -0.000003
72.657094  -0.000003
72.677093  -0.000003
72.697092  -0.000013
72.717091  -0.000003
72.737091  -0.000003
72.757090  0.000018
72.777089  0.000007
72.797088  -0.000003
72.817087  0.000018
72.837087  -0.000003
72.857086  0.000007
72.877085  -0.000003
72.897084  0.000007
72.917083  0.000007
72.937083  0.000028
72.957082  -0.000003
72.977081  0.000018
72.997080  0.000018
73.017079  -0.000003
73.037079  0.000007
73.057078  0.000018
73.077077  0.000028
73.097076  0.000018
73.117075  0.000007
73.137075  0.000028
73.157074  0.000007
73.177073  -0.000023
73.197072  0.000018
73.217071  -0.000023
73.237071  0.000007
73.257070  -0.000003
73.277069  -0.000003
73.297068  0.000018
73.317067  -0.000003
73.337067  0.000007
73.357066  0.000018
73.377065  0.000028
73.397064  0.000007
73.417063  -0.000013
73.437063  0.000018
73.457062  0.000018
73.477061  0.000018
73.497060  0.000028
73.517059  0.000007
73.537059  -0.000013
73.557058  -0.000013
73.577057  0.000018
73.597056  0.000018
73.617055  0.000028
73.637055  -0.000003
73.657054  0.000007
73.677053  -0.000003
73.697052  0.000028
73.717051  0.000018
73.737051  0.000007
73.757050  0.000018
73.777049  -0.000013
73.797048  0.000007
73.817047  0.000028
73.837047  0.000018
73.857046  -0.000003
73.877045  -0.000013
73.897044  0.000007
73.917043  0.000007
73.937043  0.000028
73.957042  -0.000013
73.977041  -0.000003
73.997040  -0.000003
74.017039  -0.000003
74.037039  -0.000013
74.057038  -0.000003
74.077037  0.000007
74.097036  -0.000003
74.117035  -0.000003
74.137035  0.000018
74.157034  0.000018
74.177033  0.000028
74.197032  0.000018
74.217031  -0.000013
74.237031  -0.000003
74.257030  0.000018
74.277029  -0.000003
74.297028  0.000007
74.317027  0.000007
74.337027  0.000018
74.357026  0.000018
74.377025  0.000018
74.397024  0.000007
74.417023  -0.000003
74.437023  0.000007
74.457022  0.000018
74.477021  0.000028
74.497020  -0.000003
74.517019  -0.000013
74.537019  -0.000003
74.557018  0.000018
74.577017  0.000007
74.597016  -0.000003
74.617015  -0.000003
74.637015  0.000007
74.657014  -0.000003
74.677013  -0.000003
74.697012  -0.000023
74.717011  0.000007
74.737011  -0.000003
74.757010  0.000018
74.777009  -0.000013
74.797008  0.000007
74.817007  -0.000003
74.837007  -0.000003
74.857006  0.000007
74.877005  0.000018
74.897004  0.000018
74.917003  0.000028
74.937003  0.000007
74.957002  0.000028
74.977001  0.000028
74.997000  -0.000003
75.016999  0.000028
75.036999  0.000018
75.056998  -0.000003
75.076997  0.000018
75.096996  -0.000013
75.116995  0.000028
75.136995  0.000018
75.156994  0.000007
75.176993  0.000007
75.196992  -0.000003
75.216991  -0.000003
75.236991  -0.000003
75.256990  0.000007
75.276989  -0.000003
75.296988  0.000007
75.316987  -0.000013
75.336987  -0.000013
75.356986  0.000018
75.376985  0.000007
75.396984  0.000007
75.416983  0.000007
75.436983  0.000018
75.456982  0.000018
75.476981  0.000007
75.496980  -0.000013
75.516979  -0.000003
75.536979  -0.000003
75.556978  0.000018
75.576977  0.000007
75.596976  0.000018
75.616975  -0.000003
75.636975  -0.000003
75.656974  0.000028
75.676973  0.000028
75.696972  -0.000003
75.716971  0.000007
75.736971  -0.000003
75.756970  -0.000003
75.776969  -0.000003
75.796968  -0.000003
75.816967  0.000007
75.836967  -0.000013
75.856966  0.000007
75.876965  -0.000003
75.896964  0.000018
75.916963  0.000007
75.936963  0.000007
75.956962  -0.000003
75.976961  0.000007
75.996960  0.000018
76.016959  -0.000003
76.036959  0.000018
76.056958  -0.000003
76.076957  -0.000003
76.096956  -0.000003
76.116955  0.000028
76.136955  0.000007
76.156954  0.000007
76.176953  0.000007
76.196952  0.000018
76.216951  0.000018
76.236951  0.000018
76.256950  -0.000003
76.276949  -0.000003
76.296948  0.000018
76.316947  0.000007
76.336947  -0.000013
76.356946  -0.000003
76.376945  -0.000003
76.396944  0.000007
76.416943  -0.000003
76.436943  -0.000003
76.456942  -0.000003
76.476941  -0.000003
76.496940  0.000018
76.516939  -0.000003
76.536939  0.000007
76.556938  -0.000003
76.576937  0.000018
76.596936  0.000018
76.616935  0.000028
76.636935  0.000018
76.656934  -0.000023
76.676933  -0.000003
76.696932  0.000007
76.716931  -0.000003
76.736931  -0.000013
76.756930  0.000007
76.776929  0.000007
76.796928  0.000007
76.816927  -0.000003
76.836927  0.000028
76.856926  -0.000013
76.876925  0.000018
76.896924  0.000018
76.916923  0.000028
76.936923  0.000007
76.956922  -0.000003
76.976921  -0.000003
76.996920  0.000007
77.016919  0.000018
77.036919  -0.000003
77.056918  0.000028
77.076917  0.000007
77.096916  -0.000003
77.116915  -0.000013
77.136915  -0.000013
77.156914  0.000018
77.176913  -0.000003
77.196912  0.000007
77.216911  -0.000013
77.236911  0.000018
77.256910  0.000018
77.276909  0.000007
77.296908  0.000018
77.316907  0.000007
77.336907  0.000007
77.356906  0.000028
77.376905  -0.000013
77.396904  -0.000013
77.416903  -0.000013
77.436903  0.000018
77.456902  -0.000003
77.476901  -0.000003
77.496900  0.000018
77.516899  -0.000003
77.536899  0.000018
77.556898  0.000018
77.576897  0.000007
77.596896  -0.000033
77.616895  -0.000003
77.636895  0.000018
77.656894  0.000028
77.676893  -0.000013
77.696892  0.000007
77.716891  0.000018
77.736891  -0.000013
77.756890  0.000028
77.776889  0.000018
77.796888  0.000018
77.816887  0.000028
77.836887  0.000018
77.856886  0.000007
77.876885  0.000018
77.896884  0.000018
77.916883  -0.000003
77.936883  0.000007
77.956882  0.000028
77.976881  0.000007
77.996880  0.000018
78.016879  -0.000013
78.036879  0.000018
78.056878  -0.000003
78.076877  -0.000003
78.096876  -0.000003
78.116875  0.000028
78.136875  0.000007
78.156874  -0.000003
78.176873  -0.000003
78.196872  -0.000013
78.216871  -0.000003
78.236871  -0.000003
78.256870  0.000007
78.276869  -0.000003
78.296868  -0.000023
78.316867  0.000028
78.336867  0.000007
78.356866  0.000028
78.376865  -0.000013
78.396864  0.000028
78.416863  -0.000013
78.436863  0.000018
78.456862  0.000007
78.476861  0.000007
78.496860  0.000007
78.516859  0.000018
78.536859  0.000007
78.556858  0.000018
78.576857  0.000007
78.596856  0.000028
78.616855  0.000007
78.636855  -0.000013
78.656854  -0.000003
78.676853  -0.000003
78.696852  0.000007
78.716851  -0.000023
78.736851  -0.000013
78.756850  0.000007
78.776849  0.000007
78.796848  -0.000003
78.816847  0.000007
78.836847  -0.000003
78.856846  0.000018
78.876845  0.000018
78.896844  0.000028
78.916843  -0.000003
78.936843  0.000007
78.956842  -0.000003
78.976841  0.000028
78.996840  0.000007
79.016839  0.000028
79.036839  -0.000013
79.056838  -0.000003
79.076837  0.000007
79.096836  -0.000003
79.116835  0.000018
79.136835  -0.000003
79.156834  0.000018
79.176833  -0.000023
79.196832  0.000007
79.216831  0.000007
79.236831  -0.000003
79.256830  0.000007
79.276829  -0.000013
79.296828  0.000018
79.316827  0.000018
79.336827  -0.000003
79.356826  0.000018
79.376825  0.000018
79.396824  0.000007
79.416823  -0.000003
79.436823  -0.000003
79.456822  0.000028
79.476821  0.000007
79.496820  -0.000013
79.516819  -0.000003
79.536819  0.000028
79.556818  -0.000003
79.576817  -0.000003
79.596816  -0.000003
79.616815  -0.000003
79.636815  -0.000003
79.656814  -0.000003
79.676813  -0.000003
79.696812  0.000028
79.716811  -0.000003
79.736811  -0.000013
79.756810  0.000007
79.776809  0.000018
79.796808  0.000018
79.816807  -0.000013
79.836807  -0.000013
79.856806  0.000007
79.876805  -0.000003
79.896804  -0.000003
79.916803  0.000018
79.936803  0.000028
79.956802  0.000018
79.976801  -0.000003
79.996800  0.000007
80.016799  0.000028
80.036799  -0.000013
80.056798  0.000007
80.076797  0.000018
80.096796  0.000018
80.116795  -0.000003
80.136795  0.000028
80.156794  0.000018
80.176793  0.000007
80.196792  0.000007
80.216791  -0.000003
80.236791  -0.000013
80.256790  0.000018
80.276789  0.000018
80.296788  0.000007
80.316787  0.000038
80.336787  -0.000003
80.356786  0.000007
80.376785  0.000007
80.396784  0.000018
80.416783  0.000007
80.436783  0.000018
80.456782  -0.000003
80.476781  0.000007
80.496780  0.000018
80.516779  0.000007
80.536779  -0.000003
80.556778  0.000007
80.576777  -0.000003
80.596776  -0.000013
80.616775  0.000018
80.636775  0.000007
80.656774  0.000007
80.676773  -0.000013
80.696772  0.000018
80.716771  0.000018
80.736771  -0.000003
80.756770  0.000028
80.776769  -0.000003
80.796768  0.000028
80.816767  -0.000003
80.836767  0.000007
80.856766  -0.000003
80.876765  0.000028
80.896764  0.000018
80.916763  0.000007
80.936763  -0.000013
80.956762  0.000018
80.976761  0.000007
80.996760  0.000007
81.016759  0.000018
81.036759  -0.000003
81.056758  0.000018
81.076757  0.000007
81.096756  -0.000003
81.116755  0.000007
81.136755  0.000018
81.156754  0.000007
81.176753  0.000007
81.196752  0.000018
81.216751  0.000007
81.236751  -0.000033
81.256750  -0.000003
81.276749  -0.000003
81.296748  -0.000003
81.316747  -0.000003
81.336747  0.000007
81.356746  0.000007
81.376745  -0.000003
81.396744  0.000018
81.416743  0.000018
81.436743  0.000028
81.456742  -0.000003
81.476741  0.000018
81.496740  0.000007
81.516739  0.000018
81.536739  0.000018
81.556738  0.000007
81.576737  -0.000003
81.596736  -0.000003
81.616735  0.000007
81.636735  -0.000003
81.656734  -0.000003
81.676733  -0.000003
81.696732  0.000018
81.716731  0.000007
81.736731  -0.000003
81.756730  -0.000013
81.776729  0.000028
81.796728  -0.000003
81.816727  0.000028
81.836727  -0.000003
81.856726  0.000018
81.876725  -0.000003
81.896724  0.000018
81.916723  0.000028
81.936723  0.000007
81.956722  -0.000003
81.976721  0.000007
81.996720  -0.000003
82.016719  0.000028
82.036719  -0.000013
82.056718  0.000007
82.076717  0.000007
82.096716  0.000018
82.116715  0.000018
82.136715  -0.000003
82.156714  0.000007
82.176713  -0.000003
82.196712  0.000018
82.216711  0.000018
82.236711  -0.000003
82.256710  0.000007
82.276709  -0.000003
82.296708  -0.000003
82.316707  0.000018
82.336707  0.000018
82.356706  0.000007
82.376705  0.000018
82.396704  0.000028
82.416703  0.000028
82.436703  0.000018
82.456702  0.000028
82.476701  -0.000003
82.496700  -0.000003
82.516699  0.000007
82.536699  0.000007
82.556698  -0.000003
82.576697  0.000018
82.596696  0.000007
82.616695  0.000007
82.636695  0.000007
82.656694  -0.000013
82.676693  -0.000003
82.696692  -0.000003
82.716691  0.000018
82.736691  -0.000003
82.756690  -0.000003
82.776689  -0.000003
82.796688  -0.000003
82.816687  0.000028
82.836687  0.000018
82.856686  0.000007
82.876685  0.000007
82.896684  0.000007
82.916683  0.000007
82.936683  0.000048
82.956682  0.000018
82.976681  0.000018
82.996680  -0.000003
83.016679  0.000028
83.036679  -0.000013
83.056678  0.000007
83.076677  0.000018
83.096676  0.000018
83.116675  -0.000003
83.136675  0.000007
83.156674  0.000007
83.176673  0.000018
83.196672  -0.000003
83.216671  -0.000003
83.236671  -0.000003
83.256670  0.000007
83.276669  0.000028
83.296668  0.000028
83.316667  0.000028
83.336667  -0.000003
83.356666  0.000028
83.376665  0.000007
83.396664  0.000018
83.416663  0.000007
83.436663  0.000028
83.456662  -0.000003
83.476661  0.000007
83.496660  0.000007
83.516659  0.000018
83.536659  0.000007
83.556658  -0.000013
83.576657  0.000007
83.596656  0.000007
83.616655  0.000007
83.636655  0.000018
83.656654  0.000018
83.676653  -0.000013
83.696652  0.000018
83.716651  0.000007
83.736651  0.000018
83.756650  -0.000003
83.776649  0.000018
83.796648  -0.000003
83.816647  0.000007
83.836647  -0.000003
83.856646  0.000007
83.876645  0.000018
83.896644  0.000007
83.916643  0.000007
83.936643  -0.000003
83.956642  0.000028
83.976641  -0.000013
83.996640  -0.000003
84.016639  0.000018
84.036639  0.000007
84.056638  0.000028
84.076637  -0.000013
84.096636  0.000018
84.116635  -0.000003
84.136635  0.000028
84.156634  -0.000013
84.176633  -0.000013
84.196632  0.000007
84.216631  -0.000023
84.236631  -0.000013
84.256630  0.000007
84.276629  -0.000003
84.296628  0.000018
84.316627  0.000018
84.336627  0.000018
84.356626  0.000018
84.376625  -0.000013
84.396624  0.000007
84.416623  -0.000013
84.436623  0.000028
84.456622  -0.000033
84.476621  -0.000003
84.496620  0.000007
84.516619  0.000018
84.536619  0.000007
84.556618  -0.000003
84.576617  -0.000003
84.596616  0.000028
84.616615  0.000007
84.636615  -0.000003
84.656614  0.000018
84.676613  -0.000013
84.696612  -0.000003
84.716611  -0.000003
84.736611  -0.000003
84.756610  0.000007
84.776609  0.000018
84.796608  -0.000013
84.816607  0.000018
84.836607  0.000007
84.856606  0.000018
84.876605  -0.000003
84.896604  0.000028
84.916603  0.000007
84.936603  -0.000003
84.956602  0.000028
84.976601  0.000018
84.996600  0.000038
85.016599  0.000018
85.036599  0.000018
85.056598  0.000007
85.076597  0.000007
85.096596  -0.000003
85.116595  0.000007
85.136595  -0.000003
85.156594  0.000007
85.176593  0.000007
85.196592  0.000018
85.216591  0.000007
85.236591  -0.000003
85.256590  -0.000003
85.276589  0.000007
85.296588  -0.000003
85.316587  0.000007
85.336587  -0.000003
85.356586  -0.000013
85.376585  0.000028
85.396584  0.000038
85.416583  0.000018
85.436583  0.000018
85.456582  0.000018
85.476581  0.000018
85.496580  0.000007
85.516579  -0.000003
85.536579  -0.000003
85.556578  0.000028
85.576577  0.000007
85.596576  0.000018
85.616575  -0.000013
85.636575  0.000018
85.656574  -0.000003
85.676573  -0.000003
85.696572  0.000007
85.716571  0.000018
85.736571  -0.000013
85.756570  -0.000013
85.776569  0.000018
85.796568  0.000018
85.816567  0.000007
85.836567  -0.000003
85.856566  0.000007
85.876565  -0.000003
85.896564  -0.000013
85.916563  -0.000003
85.936563  0.000018
85.956562  0.000018
85.976561  0.000007
85.996560  -0.000013
86.016559  0.000028
86.036559  0.000007
86.056558  0.000007
86.076557  -0.000003
86.096556  0.000028
86.116555  -0.000003
86.136555  -0.000003
86.156554  0.000007
86.176553  0.000007
86.196552  0.000018
86.216551  0.000007
86.236551  -0.000003
86.256550  0.000018
86.276549  0.000007
86.296548  0.000007
86.316547  0.000018
86.336547  -0.000013
86.356546  -0.000003
86.376545  -0.000003
86.396544  -0.000003
86.416543  0.000007
86.436543  0.000007
86.456542  -0.000003
86.476541  0.000018
86.496540  0.000007
86.516539  -0.000003
86.536539  0.000007
86.556538  0.000018
86.576537  -0.000003
86.596536  -0.000003
86.616535  0.000007
86.636535  0.000018
86.656534  0.000007
86.676533  -0.000033
86.696532  0.000018
86.716531  0.000018
86.736531  0.000028
86.756530  0.000028
86.776529  -0.000003
86.796528  0.000018
86.816527  -0.000003
86.836527  -0.000013
86.856526  -0.000003
86.876525  0.000028
86.896524  0.000007
86.916523  0.000018
86.936523  0.000007
86.956522  0.000007
86.976521  -0.000003
86.996520  0.000018
87.016519  0.000018
87.036519  0.000018
87.056518  0.000018
87.076517  0.000007
87.096516  0.000007
87.116515  -0.000013
87.136515  0.000028
87.156514  -0.000013
87.176513  0.000028
87.196512  0.000028
87.216511  0.000018
87.236511  -0.000023
87.256510  0.000007
87.276509  0.000007
87.296508  -0.000013
87.316507  0.000007
87.336507  -0.000003
87.356506  -0.000013
87.376505  0.000007
87.396504  0.000018
87.416503  -0.000003
87.436503  0.000028
87.456502  -0.000003
87.476501  0.000007
87.496500  0.000007
87.516499  -0.000003
87.536499  0.000018
87.556498  0.000007
87.576497  0.000007
87.596496  -0.000003
87.616495  0.000018
87.636495  0.000007
87.656494  0.000007
87.676493  0.000007
87.696492  0.000007
87.716491  0.000018
87.736491  0.000028
87.756490  0.000028
87.776489  -0.000013
87.796488  -0.000003
87.816487  0.000028
87.836487  -0.000003
87.856486  -0.000003
87.876485  -0.000013
87.896484  -0.000013
87.916483  0.000018
87.936483  0.000018
87.956482  0.000028
87.976481  0.000018
87.996480  0.000028
88.016479  0.000007
88.036479  0.000018
88.056478  0.000018
88.076477  0.000028
88.096476  -0.000003
88.116475  0.000007
88.136475  -0.000013
88.156474  0.000028
88.176473  -0.000003
88.196472  0.000018
88.216471  -0.000003
88.236471  0.000007
88.256470  -0.000003
88.276469  -0.000013
88.296468  0.000018
88.316467  0.000028
88.336467  0.000007
88.356466  -0.000003
88.376465  -0.000013
88.396464  -0.000003
88.416463  -0.000003
88.436463  -0.000003
88.456462  0.000007
88.476461  0.000028
88.496460  0.000007
88.516459  -0.000003
88.536459  -0.000003
88.556458  0.000028
88.576457  0.000007
88.596456  0.000018
88.616455  0.000007
88.636455  0.000018
88.656454  -0.000013
88.676453  0.000028
88.696452  0.000018
88.716451  -0.000003
88.736451  -0.000003
88.756450  0.000007
88.776449  -0.000003
88.796448  -0.000003
88.816447  0.000018
88.836447  -0.000013
88.856446  0.000018
88.876445  0.000018
88.896444  -0.000003
88.916443  -0.000013
88.936443  -0.000003
88.956442  -0.000003
88.976441  -0.000003
88.996440  0.000018
89.016439  -0.000013
89.036439  0.000018
89.056438  0.000007
89.076437  0.000018
89.096436  0.000018
89.116435  0.000018
89.136435  -0.000003
89.156434  0.000018
89.176433  -0.000003
89.196432  0.000018
89.216431  -0.000003
89.236431  -0.000003
89.256430  0.000018
89.276429  0.000007
89.296428  -0.000003
89.316427  0.000007
89.336427  0.000007
89.356426  0.000007
89.376425  0.000018
89.396424  -0.000023
89.416423  0.000007
89.436423  0.000007
89.456422  0.000018
89.476421  -0.000013
89.496420  0.000018
89.516419  0.000018
89.536419  0.000018
89.556418  0.000007
89.576417  -0.000003
89.596416  0.000018
89.616415  -0.000003
89.636415  -0.000013
89.656414  0.000028
89.676413  0.000028
89.696412  0.000018
89.716411  0.000018
89.736411  0.000018
89.756410  0.000018
89.776409  -0.000003
89.796408  0.000028
89.816407  -0.000003
89.836407  0.000028
89.856406  -0.000003
89.876405  -0.000003
89.896404  0.000018
89.916403  0.000007
89.936403  -0.000003
89.956402  0.000007
89.976401  0.000018
89.996400  0.000007
90.016399  -0.000003
90.036399  0.000018
90.056398  0.000028
90.076397  0.000018
90.096396  0.000007
90.116395  0.000007
90.136395  -0.000003
90.156394  -0.000003
90.176393  -0.000003
90.196392  0.000018
90.216391  0.000018
90.236391  -0.000013
90.256390  0.000007
90.276389  -0.000003
90.296388  0.000028
90.316387  0.000018
90.336387  0.000018
90.356386  0.000018
90.376385  0.000018
90.396384  -0.000013
90.416383  -0.000033
90.436383  0.000007
90.456382  0.000007
90.476381  0.000028
90.496380  0.000007
90.516379  -0.000003
90.536379  -0.000003
90.556378  0.000018
90.576377  0.000018
90.596376  -0.000003
90.616375  0.000018
90.636375  0.000007
90.656374  -0.000023
90.676373  0.000028
90.696372  0.000028
90.716371  -0.000013
90.736371  0.000018
90.756370  0.000007
90.776369  0.000018
90.796368  -0.000003
90.816367  0.000018
90.836367  0.000018
90.856366  -0.000003
90.876365  0.000028
90.896364  -0.000023
90.916363  -0.000003
90.936363  0.000018
90.956362  0.000028
90.976361  0.000007
90.996360  0.000007
91.016359  0.000018
91.036359  0.000007
91.056358  0.000018
91.076357  0.000018
91.096356  -0.000003
91.116355  0.000007
91.136355  -0.000003
91.156354  0.000018
91.176353  0.000018
91.196352  0.000018
91.216351  0.000018
91.236351  -0.000023
91.256350  0.000018
91.276349  0.000007
91.296348  -0.000003
91.316347  -0.000003
91.336347  0.000018
91.356346  0.000007
91.376345  0.000007
91.396344  0.000018
91.416343  -0.000003
91.436343  -0.000013
91.456342  -0.000003
91.476341  -0.000013
91.496340  -0.000003
91.516339  0.000007
91.536339  -0.000003
91.556338  0.000007
91.576337  -0.000003
91.596336  0.000018
91.616335  0.000007
91.636335  0.000007
91.656334  0.000007
91.676333  0.000007
91.696332  0.000028
91.716331  0.000007
91.736331  0.000028
91.756330  0.000018
91.776329  0.000028
91.796328  0.000028
91.816327  0.000007
91.836327  -0.000003
91.856326  0.000007
91.876325  -0.000013
91.896324  -0.000013
91.916323  -0.000003
91.936323  0.000007
91.956322  0.000018
91.976321  0.000007
91.996320  0.000018
92.016319  -0.000003
92.036319  -0.000003
92.056318  0.000007
92.076317  0.000018
92.096316  -0.000003
92.116315  0.000018
92.136315  0.000007
92.156314  0.000018
92.176313  0.000028
92.196312  0.000007
92.216311  0.000007
92.236311  -0.000003
92.256310  0.000028
92.276309  0.000038
92.296308  -0.000003
92.316307  0.000028
92.336307  0.000007
92.356306  -0.000003
92.376305  -0.000003
92.396304  -0.000013
92.416303  0.000007
92.436303  -0.000003
92.456302  0.000007
92.476301  -0.000013
92.496300  0.000018
92.516299  0.000028
92.536299  -0.000003
92.556298  0.000007
92.576297  -0.000003
92.596296  -0.000003
92.616295  -0.000013
92.636295  -0.000003
92.656294  0.000007
92.676293  0.000018
92.696292  -0.000003
92.716291  -0.000013
92.736291  -0.000013
92.756290  0.000038
92.776289  0.000018
92.796288  0.000058
92.816287  0.000018
92.836287  0.000007
92.856286  -0.000013
92.876285  0.000018
92.896284  -0.000003
92.916283  -0.000013
92.936283  -0.000013
92.956282  -0.000013
92.976281  0.000007
92.996280  0.000018
93.016279  -0.000003
93.036279  -0.000003
93.056278  0.000007
93.076277  -0.000003
93.096276  0.000007
93.116275  0.000018
93.136275  0.000018
93.156274  0.000028
93.176273  0.000018
93.196272  -0.000003
93.216271  0.000007
93.236271  -0.000003
93.256270  0.000018
93.276269  -0.000003
93.296268  0.000018
93.316267  0.000018
93.336267  -0.000003
93.356266  -0.000013
93.376265  0.000018
93.396264  0.000007
93.416263  -0.000003
93.436263  0.000018
93.456262  0.000018
93.476261  0.000018
93.496260  0.000007
93.516259  -0.000003
93.536259  0.000007
93.556258  0.000007
93.576257  0.000018
93.596256  0.000007
93.616255  0.000018
93.636255  -0.000003
93.656254  0.000007
93.676253  -0.000003
93.696252  0.000018
93.716251  0.000007
93.736251  -0.000003
93.756250  -0.000003
93.776249  -0.000013
93.796248  0.000007
93.816247  0.000007
93.836247  -0.000013
93.856246  0.000018
93.876245  -0.000013
93.896244  -0.000013
93.916243  -0.000003
93.936243  0.000007
93.956242  -0.000003
93.976241  -0.000023
93.996240  -0.000003
94.016239  0.000007
94.036239  0.000018
94.056238  0.000028
94.076237  0.000007
94.096236  0.000028
94.116235  0.000007
94.136235  0.000028
94.156234  0.000007
94.176233  0.000007
94.196232  0.000018
94.216231  0.000007
94.236231  0.000007
94.256230  0.000018
94.276229  0.000028
94.296228  0.000018
94.316227  0.000018
94.336227  0.000018
94.356226  -0.000013
94.376225  0.000007
94.396224  -0.000003
94.416223  0.000007
94.436223  0.000018
94.456222  -0.000023
94.476221  0.000018
94.496220  -0.000003
94.516219  -0.000003
94.536219  -0.000003
94.556218  0.000018
94.576217  0.000007
94.596216  0.000028
94.616215  0.000018
94.636215  0.000007
94.656214  0.000018
94.676213  0.000007
94.696212  0.000018
94.716211  0.000038
94.736211  0.000048
94.756210  -0.000003
94.776209  -0.000003
94.796208  0.000007
94.816207  0.000018
94.836207  -0.000003
94.856206  0.000028
94.876205  -0.000013
94.896204  0.000007
94.916203  -0.000033
94.936203  -0.000003
94.956202  -0.000003
94.976201  0.000018
94.996200  0.000018
95.016199  -0.000013
95.036199  0.000007
95.056198  -0.000003
95.076197  -0.000003
95.096196  0.000018
95.116195  0.000038
95.136195  0.000018
95.156194  -0.000003
95.176193  0.000007
95.196192  -0.000003
95.216191  -0.000003
95.236191  -0.000003
95.256190  0.000018
95.276189  0.000007
95.296188  0.000007
95.316187  0.000007
95.336187  -0.000003
95.356186  -0.000003
95.376185  0.000018
95.396184  -0.000003
95.416183  0.000007
95.436183  -0.000003
95.456182  0.000018
95.476181  -0.000013
95.496180  -0.000003
95.516179  0.000018
95.536179  0.000007
95.556178  -0.000003
95.576177  -0.000003
95.596176  -0.000003
95.616175  0.000007
95.636175  0.000007
95.656174  -0.000013
95.676173  0.000018
95.696172  0.000018
95.716171  -0.000003
95.736171  -0.000003
95.756170  -0.000003
95.776169  -0.000003
95.796168  -0.000003
95.816167  0.000028
95.836167  0.000007
95.856166  0.000007
95.876165  -0.000023
95.896164  -0.000013
95.916163  -0.000023
95.936163  0.000018
95.956162  -0.000003
95.976161  -0.000003
95.996160  0.000018
96.016159  -0.000003
96.036159  -0.000013
96.056158  -0.000013
96.076157  -0.000003
96.096156  0.000007
96.116155  0.000018
96.136155  -0.000003
96.156154  0.000028
96.176153  0.000018
96.196152  -0.000013
96.216151  0.000007
96.236151  0.000018
96.256150  0.000018
96.276149  -0.000003
96.296148  -0.000013
96.316147  0.000028
96.336147  0.000007
96.356146  -0.000013
96.376145  0.000018
96.396144  0.000007
96.416143  0.000007
96.436143  -0.000023
96.456142  0.000007
96.476141  0.000018
96.496140  0.000018
96.516139  -0.000003
96.536139  -0.000003
96.556138  0.000007
96.576137  0.000018
96.596136  -0.000013
96.616135  0.000007
96.636135  -0.000003
96.656134  -0.000003
96.676133  0.000028
96.696132  -0.000003
96.716131  -0.000003
96.736131  -0.000013
96.756130  0.000007
96.776129  0.000007
96.796128  0.000007
96.816127  0.000007
96.836127  0.000007
96.856126  0.000028
96.876125  0.000007
96.896124  -0.000023
96.916123  -0.000003
96.936123  -0.000003
96.956122  0.000018
96.976121  -0.000013
96.996120  0.000018
97.016119  0.000007
97.036119  -0.000003
97.056118  0.000007
97.076117  -0.000013
97.096116  0.000018
97.116115  0.000007
97.136115  -0.000003
97.156114  0.000018
97.176113  -0.000003
97.196112  -0.000003
97.216111  0.000028
97.236111  -0.000003
97.256110  0.000028
97.276109  0.000007
97.296108  0.000018
97.316107  -0.000013
97.336107  0.000018
97.356106  0.000028
97.376105  -0.000003
97.396104  -0.000003
97.416103  -0.000003
97.436103  0.000028
97.456102  -0.000003
97.476101  0.000018
97.496100  0.000018
97.516099  0.000018
97.536099  -0.000013
97.556098  -0.000003
97.576097  -0.000003
97.596096  0.000007
97.616095  -0.000013
97.636095  -0.000013
97.656094  -0.000003
97.676093  -0.000013
97.696092  0.000018
97.716091  0.000018
97.736091  0.000007
97.756090  -0.000003
97.776089  -0.000003
97.796088  0.000018
97.816087  0.000018
97.836087  -0.000003
97.856086  0.000007
97.876085  0.000018
97.896084  0.000028
97.916083  0.000007
97.936083  0.000007
97.956082  -0.000013
97.976081  0.000007
97.996080  -0.000003
98.016079  -0.000003
98.036079  0.000007
98.056078  -0.000003
98.076077  0.000018
98.096076  -0.000013
98.116075  0.000007
98.136075  0.000007
98.156074  0.000028
98.176073  0.000018
98.196072  -0.000003
98.216071  0.000018
98.236071  -0.000003
98.256070  -0.000003
98.276069  -0.000023
98.296068  0.000018
98.316067  0.000018
98.336067  0.000018
98.356066  0.000018
98.376065  0.000038
98.396064  0.000007
98.416063  -0.000003
98.436063  -0.000013
98.456062  -0.000003
98.476061  -0.000003
98.496060  0.000007
98.516059  -0.000003
98.536059  -0.000003
98.556058  0.000028
98.576057  -0.000023
98.596056  0.000018
98.616055  0.000007
98.636055  0.000018
98.656054  -0.000013
98.676053  0.000018
98.696052  -0.000003
98.716051  0.000018
98.736051  0.000018
98.756050  -0.000013
98.776049  -0.000003
98.796048  0.000018
98.816047  0.000028
98.836047  0.000018
98.856046  0.000028
98.876045  0.000007
98.896044  -0.000003
98.916043  -0.000003
98.936043  0.000007
98.956042  0.000007
98.976041  0.000007
98.996040  0.000007
99.016039  0.000018
99.036039  0.000007
99.056038  -0.000003
99.076037  0.000018
99.096036  0.000007
99.116035  0.000018
99.136035  -0.000003
99.156034  -0.000003
99.176033  -0.000003
99.196032  0.000007
99.216031  -0.000003
99.236031  0.000018
99.256030  0.000018
99.276029  0.000018
99.296028  -0.000003
99.316027  0.000018
99.336027  -0.000003
99.356026  -0.000003
99.376025  0.000028
99.396024  0.000018
99.416023  0.000028
99.436023  -0.000013
99.456022  0.000007
99.476021  -0.000013
99.496020  0.000018
99.516019  0.000018
99.536019  -0.000003
99.556018  0.000007
99.576017  0.000007
99.596016  -0.000003
99.616015  0.000007
99.636015  0.000018
99.656014  -0.000013
99.676013  0.000007
99.696012  0.000007
99.716011  0.000018
99.736011  0.000007
99.756010  0.000007
99.776009  -0.000003
99.796008  0.000028
99.816007  -0.000013
99.836007  0.000028
99.856006  -0.000003
99.876005  -0.000003
99.896004  -0.000003
99.916003  -0.000003
99.936003  0.000007
99.956002  -0.000003
99.976001  0.000028
99.996000  0.000018
100.015999  0.000007
100.035999  0.000018
100.055998  0.000007
100.075997  0.000018
100.095996  0.000018
100.115995  -0.000003
100.135995  0.000007
100.155994  0.000018
100.175993  0.000007
100.195992  0.000007
100.215991  0.000007
100.235991  -0.000003
100.255990  -0.000003
100.275989  0.000007
100.295988  0.000007
100.315987  0.000018
100.335987  0.000028
100.355986  0.000028
100.375985  -0.000003
100.395984  0.000007
100.415983  0.000018
100.435983  0.000018
100.455982  -0.000023
100.475981  0.000028
100.495980  -0.000003
100.515979  0.000018
100.535979  0.000007
100.555978  0.000028
100.575977  0.000018
100.595976  0.000007
100.615975  0.000007
100.635975  0.000018
100.655974  0.000018
100.675973  0.000018
100.695972  0.000007
100.715971  -0.000003
100.735971  0.000007
100.755970  0.000018
100.775969  -0.000003
100.795968  0.000007
100.815967  -0.000003
100.835967  0.000028
100.855966  -0.000003
100.875965  0.000018
100.895964  0.000007
100.915963  0.000028
100.935963  0.000007
100.955962  0.000007
100.975961  -0.000013
100.995960  0.000028
101.015959  -0.000003
101.035959  -0.000003
101.055958  0.000028
101.075957  0.000007
101.095956  -0.000003
101.115955  0.000018
101.135955  0.000028
101.155954  0.000028
101.175953  -0.000003
101.195952  -0.000023
101.215951  -0.000023
101.235951  -0.000003
101.255950  0.000018
101.275949  0.000007
101.295948  -0.000013
101.315947  -0.000003
101.335947  0.000007
101.355946  0.000018
101.375945  0.000018
101.395944  -0.000003
101.415943  0.000018
101.435943  0.000007
101.455942  0.000007
101.475941  0.000018
101.495940  -0.000013
101.515939  0.000007
101.535939  0.000007
101.555938  0.000028
101.575937  0.000018
101.595936  0.000028
101.615935  -0.000003
101.635935  -0.000003
101.655934  -0.000003
101.675933  0.000007
101.695932  -0.000003
101.715931  -0.000013
101.735931  0.000018
101.755930  -0.000003
101.775929  0.000028
101.795928  0.000018
101.815927  0.000018
101.835927  0.000007
101.855926  0.000018
101.875925  0.000028
101.895924  0.000007
101.915923  -0.000013
101.935923  -0.000003
101.955922  0.000007
101.975921  -0.000003
101.995920  -0.000003
102.015919  0.000028
102.035919  0.000028
102.055918  0.000007
102.075917  0.000028
102.095916  0.000018
102.115915  0.000018
102.135915  -0.000003
102.155914  0.000028
102.175913  -0.000003
102.195912  0.000018
102.215911  0.000007
102.235911  -0.000013
102.255910  -0.000003
102.275909  0.000007
102.295908  0.000028
102.315907  -0.000003
102.335907  0.000018
102.355906  -0.000003
102.375905  0.000007
102.395904  0.000018
102.415903  0.000028
102.435903  0.000018
102.455902  -0.000003
102.475901  0.000007
102.495900  0.000007
102.515899  0.000018
102.535899  0.000007
102.555898  -0.000013
102.575897  0.000018
102.595896  0.000018
102.615895  0.000018
102.635895  -0.000003
102.655894  0.000007
102.675893  -0.000003
102.695892  -0.000013
102.715891  0.000018
102.735891  -0.000003
102.755890  -0.000003
102.775889  0.000018
102.795888  0.000028
102.815887  -0.000003
102.835887  0.000007
102.855886  -0.000003
102.875885  -0.000013
102.895884  0.000028
102.915883  -0.000023
102.935883  0.000007
102.955882  -0.000003
102.975881  -0.000003
102.995880  -0.000013
103.015879  -0.000013
103.035879  -0.000003
103.055878  -0.000003
103.075877  0.000018
103.095876  0.000018
103.115875  0.000018
103.135875  0.000028
103.155874  0.000018
103.175873  -0.000013
103.195872  -0.000003
103.215871  0.000018
103.235871  -0.000013
103.255870  -0.000003
103.275869  -0.000003
103.295868  -0.000003
103.315867  0.000018
103.335867  0.000007
103.355866  0.000028
103.375865  -0.000023
103.395864  0.000018
103.415863  0.000028
103.435863  0.000018
103.455862  -0.000013
103.475861  -0.000003
103.495860  0.000018
103.515859  -0.000003
103.535859  -0.000003
103.555858  0.000007
103.575857  -0.000003
103.595856  -0.000003
103.615855  0.000018
103.635855  0.000018
103.655854  0.000028
103.675853  0.000007
103.695852  0.000028
103.715851  -0.000003
103.735851  -0.000003
103.755850  0.000007
103.775849  0.000028
103.795848  -0.000013
103.815847  -0.000023
103.835847  -0.000003
103.855846  -0.000003
103.875845  0.000018
103.895844  -0.000003
103.915843  0.000028
103.935843  0.000018
103.955842  0.000028
103.975841  -0.000003
103.995840  0.000028
104.015839  0.000018
104.035839  -0.000003
104.055838  -0.000003
104.075837  0.000018
104.095836  -0.000003
104.115835  0.000007
104.135835  0.000007
104.155834  -0.000013
104.175833  0.000018
104.195832  -0.000003
104.215831  0.000007
104.235831  -0.000013
104.255830  -0.000013
104.275829  -0.000003
104.295828  -0.000003
104.315827  0.000018
104.335827  0.000018
104.355826  0.000018
104.375825  -0.000023
104.395824  0.000018
104.415823  -0.000003
104.435823  -0.000023
104.455822  -0.000013
104.475821  0.000018
104.495820  -0.000003
104.515819  0.000007
104.535819  -0.000003
104.555818  0.000028
104.575817  -0.000013
104.595816  0.000018
104.615815  0.000028
104.635815  -0.000003
104.655814  -0.000003
104.675813  -0.000013
104.695812  0.000018
104.715811  -0.000003
104.735811  0.000018
104.755810  -0.000013
104.775809  -0.000013
104.795808  -0.000003
104.815807  -0.000003
104.835807  0.000018
104.855806  0.000007
104.875805  0.000018
104.895804  0.000007
104.915803  -0.000003
104.935803  -0.000013
104.955802  0.000028
104.975801  0.000007
104.995800  0.000028
105.015799  0.000018
105.035799  0.000007
105.055798  0.000007
105.075797  -0.000003
105.095796  0.000018
105.115795  0.000018
105.135795  -0.000003
105.155794  0.000007
105.175793  0.000018
105.195792  0.000028
105.215791  -0.000003
105.235791  0.000007
105.255790  0.000018
105.275789  0.000018
105.295788  0.000018
105.315787  -0.000023
105.335787  -0.000013
105.355786  0.000028
105.375785  0.000018
105.395784  -0.000013
105.415783  0.000018
105.435783  0.000018
105.455782  -0.000003
105.475781  -0.000003
105.495780  0.000007
105.515779  -0.000003
105.535779  0.000018
105.555778  0.000018
105.575777  -0.000003
105.595776  0.000018
105.615775  0.000018
105.635775  0.000007
105.655774  -0.000013
105.675773  0.000018
105.695772  0.000028
105.715771  -0.000003
105.735771  0.000007
105.755770  -0.000003
105.775769  -0.000003
105.795768  0.000028
105.815767  0.000018
105.835767  -0.000003
105.855766  0.000018
105.875765  -0.000013
105.895764  0.000018
105.915763  -0.000013
105.935763  0.000007
105.955762  0.000007
105.975761  0.000007
105.995760  0.000018
106.015759  0.000028
106.035759  -0.000003
106.055758  -0.000003
106.075757  -0.000003
106.095756  -0.000003
106.115755  -0.000003
106.135755  0.000007
106.155754  0.000018
106.175753  0.000018
106.195752  0.000007
106.215751  -0.000003
106.235751  0.000018
106.255750  0.000007
106.275749  0.000018
106.295748  -0.000013
106.315747  0.000007
106.335747  -0.000003
106.355746  -0.000003
106.375745  0.000007
106.395744  0.000007
106.415743  -0.000003
106.435743  -0.000003
106.455742  -0.000003
106.475741  -0.000013
106.495740  0.000018
106.515739  -0.000013
106.535739  0.000007
106.555738  -0.000003
106.575737  0.000007
106.595736  -0.000003
106.615735  0.000018
106.635735  -0.000013
106.655734  0.000018
106.675733  -0.000003
106.695732  -0.000003
106.715731  0.000028
106.735731  -0.000013
106.755730  -0.000003
106.775729  0.000018
106.795728  0.000028
106.815727  0.000007
106.835727  0.000007
106.855726  0.000007
106.875725  0.000018
106.895724  0.000007
106.915723  0.000018
106.935723  -0.000013
106.955722  0.000018
106.975721  -0.000003
106.995720  -0.000003
107.015719  -0.000003
107.035719  0.000018
107.055718  0.000028
107.075717  -0.000013
107.095716  0.000018
107.115715  0.000007
107.135715  -0.000013
107.155714  -0.000003
107.175713  0.000018
107.195712  -0.000003
107.215711  0.000018
107.235711  0.000028
107.255710  0.000018
107.275709  0.000018
107.295708  0.000018
107.315707  0.000007
107.335707  0.000018
107.355706  0.000007
107.375705  0.000007
107.395704  -0.000003
107.415703  -0.000003
107.435703  0.000018
107.455702  -0.000013
107.475701  -0.000013
107.495700  0.000018
107.515699  -0.000003
107.535699  -0.000003
107.555698  -0.000013
107.575697  -0.000003
107.595696  -0.000013
107.615695  0.000007
107.635695  -0.000003
107.655694  0.000007
107.675693  0.000018
107.695692  0.000018
107.715691  0.000018
107.735691  0.000028
107.755690  0.000018
107.775689  -0.000013
107.795688  -0.000003
107.815687  0.000007
107.835687  0.000007
107.855686  -0.000013
107.875685  -0.000003
107.895684  0.000007
107.915683  -0.000003
107.935683  -0.000013
107.955682  0.000018
107.975681  -0.000003
107.995680  0.000018
108.015679  -0.000013
108.035679  0.000018
108.055678  0.000007
108.075677  -0.000013
108.095676  0.000018
108.115675  -0.000013
108.135675  0.000018
108.155674  0.000007
108.175673  0.000018
108.195672  -0.000013
108.215671  0.000018
108.235671  0.000007
108.255670  0.000007
108.275669  -0.000003
108.295668  -0.000003
108.315667  0.000007
108.335667  0.000007
108.355666  0.000007
108.375665  0.000007
108.395664  -0.000023
108.415663  -0.000003
108.435663  0.000018
108.455662  0.000018
108.475661  -0.000013
108.495660  0.000007
108.515659  0.000018
108.535659  0.000007
108.555658  0.000007
108.575657  -0.000003
108.595656  0.000018
108.615655  0.000028
108.635655  0.000028
108.655654  -0.000013
108.675653  -0.000003
108.695652  -0.000013
108.715651  0.000028
108.735651  0.000028
108.755650  -0.000003
108.775649  0.000018
108.795648  0.000018
108.815647  -0.000013
108.835647  -0.000003
108.855646  0.000028
108.875645  -0.000003
108.895644  0.000007
108.915643  -0.000003
108.935643  -0.000003
108.955642  0.000018
108.975641  0.000007
108.995640  -0.000023
109.015639  -0.000003
109.035639  0.000007
109.055638  0.000007
109.075637  -0.000003
109.095636  -0.000013
109.115635  -0.000003
109.135635  0.000018
109.155634  0.000007
109.175633  -0.000003
109.195632  -0.000003
109.215631  -0.000003
109.235631  0.000028
109.255630  0.000018
109.275629  -0.000013
109.295628  0.000007
109.315627  0.000007
109.335627  0.000028
109.355626  -0.000003
109.375625  0.000018
109.395624  0.000018
109.415623  0.000018
109.435623  -0.000003
109.455622  0.000007
109.475621  0.000018
109.495620  -0.000013
109.515619  -0.000003
109.535619  -0.000003
109.555618  0.000007
109.575617  -0.000003
109.595616  0.000028
109.615615  -0.000013
109.635615  -0.000003
109.655614  0.000018
109.675613  -0.000003
109.695612  0.000018
109.715611  0.000018
109.735611  -0.000003
109.755610  -0.000013
109.775609  0.000018
109.795608  0.000028
109.815607  -0.000023
109.835607  0.000018
109.855606  0.000007
109.875605  0.000028
109.895604  -0.000013
109.915603  -0.000003
109.935603  -0.000013
109.955602  0.000007
109.975601  0.000007
109.995600  0.000018
110.015599  -0.000013
110.035599  0.000018
110.055598  0.000018
110.075597  -0.000013
110.095596  -0.000003
110.115595  0.000028
110.135595  0.000007
110.155594  -0.000003
110.175593  0.000028
110.195592  0.000018
110.215591  -0.000003
110.235591  -0.000013
110.255590  -0.000003
110.275589  -0.000003
110.295588  -0.000003
110.315587  0.000018
110.335587  0.000018
110.355586  0.000028
110.375585  0.000007
110.395584  -0.000003
110.415583  0.000007
110.435583  -0.000003
110.455582  -0.000003
110.475581  0.000007
110.495580  -0.000003
110.515579  0.000007
110.535579  0.000028
110.555578  0.000007
110.575577  0.000018
110.595576  0.000018
110.615575  -0.000003
110.635575  -0.000013
110.655574  0.000007
110.675573  -0.000003
110.695572  -0.000003
110.715571  0.000018
110.735571  0.000038
110.755570  0.000007
110.775569  0.000007
110.795568  0.000007
110.815567  0.000007
110.835567  -0.000003
110.855566  -0.000003
110.875565  0.000028
110.895564  0.000007
110.915563  0.000018
110.935563  -0.000003
110.955562  -0.000003
110.975561  0.000028
110.995560  -0.000003
111.015559  -0.000013
111.035559  -0.000003
111.055558  0.000007
111.075557  0.000028
111.095556  -0.000003
111.115555  0.000007
111.135555  0.000018
111.155554  -0.000013
111.175553  0.000007
111.195552  -0.000003
111.215551  0.000007
111.235551  -0.000013
111.255550  -0.000003
111.275549  -0.000013
111.295548  0.000018
111.315547  0.000007
111.335547  0.000018
111.355546  0.000028
111.375545  -0.000013
111.395544  -0.000003
111.415543  0.000018
111.435543  0.000018
111.455542  0.000007
111.475541  0.000018
111.495540  -0.000003
111.515539  0.000018
111.535539  0.000007
111.555538  0.000018
111.575537  -0.000013
111.595536  0.000028
111.615535  -0.000023
111.635535  -0.000003
111.655534  -0.000003
111.675533  -0.000013
111.695532  -0.000013
111.715531  -0.000003
111.735531  0.000018
111.755530  0.000018
111.775529  0.000018
111.795528  -0.000003
111.815527  -0.000003
111.835527  0.000018
111.855526  0.000018
111.875525  0.000018
111.895524  0.000028
111.915523  0.000007
111.935523  0.000007
111.955522  -0.000023
111.975521  -0.000023
111.995520  -0.000013
112.015519  0.000018
112.035519  0.000018
112.055518  -0.000033
112.075517  0.000018
112.095516  -0.000003
112.115515  0.000028
112.135515  -0.000003
112.155514  -0.000003
112.175513  -0.000003
112.195512  0.000028
112.215511  0.000018
112.235511  -0.000003
112.255510  0.000007
112.275509  0.000028
112.295508  0.000007
112.315507  -0.000003
112.335507  0.000018
112.355506  -0.000003
112.375505  -0.000003
112.395504  -0.000003
112.415503  0.000038
112.435503  -0.000003
112.455502  -0.000003
112.475501  0.000018
112.495500  0.000007
112.515499  0.000007
112.535499  -0.000003
112.555498  -0.000003
112.575497  0.000018
112.595496  0.000018
112.615495  0.000028
112.635495  -0.000003
112.655494  -0.000003
112.675493  0.000007
112.695492  -0.000003
112.715491  -0.000003
112.735491  -0.000023
112.755490  0.000018
112.775489  -0.000003
112.795488  0.000018
112.815487  0.000007
112.835487  0.000007
112.855486  -0.000003
112.875485  0.000007
112.895484  0.000028
112.915483  0.000028
112.935483  0.000007
112.955482  0.000007
112.975481  0.000007
112.995480  -0.000003
113.015479  0.000007
113.035479  0.000007
113.055478  0.000007
113.075477  -0.000023
113.095476  0.000018
113.115475  0.000007
113.135475  0.000018
113.155474  -0.000013
113.175473  -0.000013
113.195472  -0.000003
113.215471  0.000018
113.235471  0.000028
113.255470  -0.000003
113.275469  0.000007
113.295468  0.000018
113.315467  0.000018
113.335467  -0.000003
113.355466  -0.000003
113.375465  -0.000023
113.395464  -0.000003
113.415463  0.000007
113.435463  0.000018
113.455462  0.000018
113.475461  -0.000003
113.495460  0.000018
113.515459  0.000018
113.535459  0.000028
113.555458  -0.000033
113.575457  -0.000003
113.595456  -0.000003
113.615455  0.000018
113.635455  -0.000003
113.655454  -0.000003
113.675453  0.000007
113.695452  0.000018
113.715451  -0.000003
113.735451  -0.000033
113.755450  -0.000003
113.775449  -0.000003
113.795448  0.000007
113.815447  -0.000003
113.835447  0.000018
113.855446  -0.000003
113.875445  0.000007
113.895444  -0.000003
113.915443  0.000028
113.935443  -0.000013
113.955442  0.000007
113.975441  0.000018
113.995440  -0.000003
114.015439  -0.000003
114.035439  -0.000003
114.055438  -0.000003
114.075437  0.000007
114.095436  0.000018
114.115435  0.000007
114.135435  -0.000003
114.155434  0.000018
114.175433  0.000007
114.195432  -0.000003
114.215431  0.000028
114.235431  0.000028
114.255430  0.000007
114.275429  0.000007
114.295428  0.000007
114.315427  0.000007
114.335427  0.000018
114.355426  -0.000003
114.375425  -0.000023
114.395424  0.000018
114.415423  0.000028
114.435423  -0.000003
114.455422  0.000018
114.475421  0.000018
114.495420  0.000007
114.515419  0.000018
114.535419  0.000018
114.555418  0.000028
114.575417  0.000007
114.595416  0.000007
114.615415  0.000007
114.635415  -0.000003
114.655414  0.000028
114.675413  0.000007
114.695412  0.000007
114.715411  0.000007
114.735411  0.000007
114.755410  -0.000003
114.775409  -0.000003
114.795408  0.000028
114.815407  0.000018
114.835407  -0.000003
114.855406  0.000018
114.875405  0.000018
114.895404  -0.000003
114.915403  0.000007
114.935403  -0.000003
114.955402  0.000018
114.975401  -0.000003
114.995400  0.000007
115.015399  -0.000013
115.035399  0.000038
115.055398  0.000007
115.075397  0.000007
115.095396  0.000007
115.115395  -0.000013
115.135395  -0.000013
115.155394  0.000018
115.175393  -0.000003
115.195392  -0.000003
115.215391  -0.000023
115.235391  -0.000013
115.255390  0.000018
115.275389  0.000018
115.295388  0.000007
115.315387  0.000007
115.335387  0.000048
115.355386  -0.000003
115.375385  0.000028
115.395384  -0.000023
115.415383  0.000018
115.435383  0.000018
115.455382  -0.000003
115.475381  0.000018
115.495380  0.000018
115.515379  -0.000013
115.535379  -0.000003
115.555378  0.000007
115.575377  0.000018
115.595376  0.000018
115.615375  0.000007
115.635375  0.000018
115.655374  -0.000013
115.675373  0.000007
115.695372  -0.000013
115.715371  0.000018
115.735371  0.000018
115.755370  -0.000003
115.775369  0.000007
115.795368  0.000007
115.815367  0.000018
115.835367  -0.000003
115.855366  0.000007
115.875365  -0.000003
115.895364  -0.000003
115.915363  0.000018
115.935363  0.000007
115.955362  -0.000013
115.975361  0.000007
115.995360  0.000028
116.015359  0.000018
116.035359  -0.000023
116.055358  0.000028
116.075357  0.000007
116.095356  0.000018
116.115355  -0.000013
116.135355  -0.000003
116.155354  0.000007
116.175353  -0.000023
116.195352  0.000018
116.215351  0.000018
116.235351  0.000007
116.255350  -0.000013
116.275349  0.000018
116.295348  0.000007
116.315347  -0.000013
116.335347  0.000018
116.355346  0.000007
116.375345  -0.000003
116.395344  0.000007
116.415343  0.000007
116.435343  0.000007
116.455342  0.000028
116.475341  0.000028
116.495340  0.000018
116.515339  -0.000003
116.535339  0.000028
116.555338  -0.000003
116.575337  -0.000013
116.595336  -0.000003
116.615335  0.000018
116.635335  -0.000003
116.655334  0.000018
116.675333  -0.000003
116.695332  0.000018
116.715331  0.000007
116.735331  -0.000003
116.755330  0.000028
116.775329  0.000007
116.795328  -0.000003
116.815327  -0.000023
116.835327  -0.000003
116.855326  -0.000013
116.875325  0.000028
116.895324  -0.000003
116.915323  -0.000003
116.935323  -0.000003
116.955322  -0.000003
116.975321  -0.000003
116.995320  0.000028
117.015319  0.000018
117.035319  -0.000023
117.055318  -0.000013
117.075317  0.000018
117.095316  0.000018
117.115315  0.000007
117.135315  0.000007
117.155314  0.000018
117.175313  -0.000003
117.195312  0.000007
117.215311  0.000007
117.235311  0.000018
117.255310  0.000018
117.275309  0.000007
117.295308  -0.000003
117.315307  0.000028
117.335307  -0.000003
117.355306  -0.000003
117.375305  0.000018
117.395304  0.000028
117.415303  -0.000013
117.435303  0.000007
117.455302  0.000018
117.475301  0.000007
117.495300  0.000028
117.515299  0.000007
117.535299  0.000007
117.555298  -0.000003
117.575297  -0.000003
117.595296  -0.000013
117.615295  0.000007
117.635295  -0.000003
117.655294  0.000028
117.675293  0.000018
117.695292  -0.000013
117.715291  0.000018
117.735291  0.000018
117.755290  -0.000003
117.775289  0.000007
117.795288  0.000007
117.815287  -0.000013
117.835287  0.000007
117.855286  0.000007
117.875285  0.000028
117.895284  -0.000003
117.915283  0.000018
117.935283  -0.000013
117.955282  -0.000003
117.975281  -0.000003
117.995280  0.000028
118.015279  -0.000013
118.035279  0.000018
118.055278  0.000018
118.075277  0.000007
118.095276  0.000018
118.115275  0.000018
118.135275  -0.000013
118.155274  0.000028
118.175273  -0.000003
118.195272  0.000028
118.215271  0.000007
118.235271  0.000007
118.255270  0.000007
118.275269  0.000028
118.295268  0.000018
118.315267  -0.000003
118.335267  -0.000003
118.355266  0.000007
118.375265  0.000007
118.395264  0.000028
118.415263  -0.000013
118.435263  0.000028
118.455262  0.000018
118.475261  0.000018
118.495260  0.000018
118.515259  -0.000003
118.535259  0.000007
118.555258  0.000018
118.575257  0.000007
118.595256  0.000028
118.615255  -0.000003
118.635255  -0.000003
118.655254  0.000018
118.675253  0.000018
118.695252  -0.000013
118.715251  0.000007
118.735251  0.000028
118.755250  0.000007
118.775249  -0.000003
118.795248  -0.000003
118.815247  0.000018
118.835247  0.000007
118.855246  0.000028
118.875245  -0.000013
118.895244  0.000018
118.915243  0.000018
118.935243  -0.000003
118.955242  0.000007
118.975241  -0.000003
118.995240  0.000018
119.015239  0.000028
119.035239  -0.000003
119.055238  0.000007
119.075237  0.000018
119.095236  0.000007
119.115235  0.000018
119.135235  -0.000003
119.155234  0.000018
119.175233  0.000007
119.195232  0.000007
119.215231  0.000018
119.235231  -0.000003
119.255230  -0.000023
119.275229  0.000028
119.295228  0.000018
119.315227  0.000018
119.335227  0.000007
119.355226  -0.000003
119.375225  -0.000003
119.395224  0.000018
119.415223  0.000018
119.435223  -0.000023
119.455222  0.000028
119.475221  -0.000003
119.495220  0.000007
119.515219  0.000007
119.535219  -0.000003
119.555218  0.000018
119.575217  0.000007
119.595216  -0.000013
119.615215  -0.000003
119.635215  0.000007
119.655214  0.000018
119.675213  0.000018
119.695212  0.000018
119.715211  0.000028
119.735211  0.000018
119.755210  0.000018
119.775209  0.000007
119.795208  -0.000003
119.815207  -0.000023
119.835207  0.000007
119.855206  0.000018
119.875205  0.000028
119.895204  -0.000003
119.915203  0.000018
119.935203  -0.000003
119.955202  -0.000003
119.975201  0.000028
119.995200  0.000018
120.015199  0.000028
120.035199  0.000018
120.055198  -0.000003
120.075197  -0.000033
120.095196  0.000018
120.115195  -0.000003
120.135195  0.000007
120.155194  0.000018
120.175193  0.000007
120.195192  0.000007
120.215191  0.000028
120.235191  -0.000023
120.255190  -0.000003
120.275189  0.000018
120.295188  0.000007
120.315187  0.000007
120.335187  0.000018
120.355186  0.000028
120.375185  -0.000003
120.395184  -0.000003
120.415183  0.000018
120.435183  -0.000023
120.455182  -0.000023
120.475181  -0.000013
120.495180  0.000028
120.515179  -0.000003
120.535179  0.000018
120.555178  -0.000023
120.575177  0.000018
120.595176  0.000007
120.615175  0.000028
120.635175  -0.000003
120.655174  0.000018
120.675173  0.000007
120.695172  0.000018
120.715171  0.000018
120.735171  0.000007
120.755170  -0.000003
120.775169  -0.000013
120.795168  0.000007
120.815167  0.000028
120.835167  -0.000013
120.855166  -0.000013
120.875165  -0.000003
120.895164  0.000007
120.915163  0.000028
120.935163  -0.000003
120.955162  0.000007
120.975161  0.000018
120.995160  0.000007
121.015159  -0.000003
121.035159  -0.000003
121.055158  -0.000013
121.075157  -0.000003
121.095156  0.000028
121.115155  0.000007
121.135155  -0.000003
121.155154  0.000018
121.175153  -0.000013
121.195152  0.000007
121.215151  0.000028
121.235151  0.000007
121.255150  -0.000003
121.275149  -0.000013
121.295148  0.000018
121.315147  0.000007
121.335147  0.000007
121.355146  -0.000003
121.375145  -0.000003
121.395144  0.000007
121.415143  -0.000013
121.435143  0.000007
121.455142  0.000007
121.475141  0.000007
121.495140  -0.000003
121.515139  0.000028
121.535139  0.000018
121.555138  -0.000013
121.575137  0.000007
121.595136  0.000007
121.615135  -0.000003
121.635135  -0.000023
121.655134  0.000018
121.675133  0.000028
121.695132  0.000018
121.715131  0.000007
121.735131  0.000007
121.755130  0.000007
121.775129  0.000038
121.795128  0.000007
121.815127  0.000028
121.835127  -0.000013
121.855126  -0.000003
121.875125  -0.000013
121.895124  -0.000003
121.915123  -0.000013
121.935123  -0.000013
121.955122  0.000007
121.975121  -0.000013
121.995120  -0.000003
122.015119  -0.000013
122.035119  -0.000003
122.055118  0.000007
122.075117  0.000018
122.095116  -0.000013
122.115115  0.000028
122.135115  0.000007
122.155114  -0.000003
122.175113  -0.000003
122.195112  0.000018
122.215111  0.000007
122.235111  -0.000003
122.255110  -0.000003
122.275109  0.000007
122.295108  0.000018
122.315107  0.000018
122.335107  0.000028
122.355106  -0.000003
122.375105  0.000018
122.395104  -0.000003
122.415103  0.000018
122.435103  -0.000023
122.455102  -0.000013
122.475101  -0.000003
122.495100  -0.000013
122.515099  0.000007
122.535099  0.000018
122.555098  0.000018
122.575097  0.000007
122.595096  0.000018
122.615095  -0.000013
122.635095  0.000018
122.655094  -0.000013
122.675093  -0.000003
122.695092  0.000007
122.715091  0.000028
122.735091  0.000028
122.755090  0.000007
122.775089  -0.000013
122.795088  0.000018
122.815087  0.000028
122.835087  0.000018
122.855086  -0.000003
122.875085  -0.000013
122.895084  0.000028
122.915083  0.000018
122.935083  0.000028
122.955082  -0.000003
122.975081  -0.000003
122.995080  -0.000013
123.015079  -0.000003
123.035079  -0.000013
123.055078  -0.000003
123.075077  0.000018
123.095076  0.000018
123.115075  0.000018
123.135075  0.000028
123.155074  -0.000003
123.175073  -0.000013
123.195072  -0.000003
123.215071  -0.000003
123.235071  0.000028
123.255070  0.000028
123.275069  0.000028
123.295068  -0.000013
123.315067  0.000018
123.335067  0.000007
123.355066  -0.000013
123.375065  -0.000013
123.395064  -0.000013
123.415063  -0.000003
123.435063  0.000018
123.455062  0.000007
123.475061  0.000007
123.495060  -0.000003
123.515059  0.000007
123.535059  0.000038
123.555058  -0.000013
123.575057  0.000007
123.595056  0.000007
123.615055  0.000018
123.635055  0.000007
123.655054  0.000028
123.675053  -0.000023
123.695052  0.000028
123.715051  0.000007
123.735051  0.000048
123.755050  0.000028
123.775049  0.000028
123.795048  0.000018
123.815047  0.000018
123.835047  0.000018
123.855046  0.000007
123.875045  -0.000013
123.895044  -0.000003
123.915043  0.000028
123.935043  -0.000003
123.955042  0.000007
123.975041  0.000007
123.995040  -0.000003
124.015039  0.000028
124.035039  -0.000003
124.055038  0.000007
124.075037  0.000018
124.095036  -0.000013
124.115035  -0.000003
124.135035  0.000038
124.155034  -0.000023
124.175033  -0.000003
124.195032  -0.000013
124.215031  0.000028
124.235031  0.000007
124.255030  -0.000003
124.275029  0.000018
124.295028  0.000028
124.315027  -0.000003
124.335027  -0.000003
124.355026  0.000028
124.375025  -0.000013
124.395024  0.000007
124.415023  0.000007
124.435023  0.000007
124.455022  -0.000013
124.475021  0.000007
124.495020  -0.000003
124.515019  -0.000003
124.535019  0.000018
124.555018  0.000018
124.575017  -0.000003
124.595016  -0.000003
124.615015  -0.000003
124.635015  0.000007
124.655014  0.000007
124.675013  0.000007
124.695012  -0.000013
124.715011  -0.000003
124.735011  -0.000003
124.755010  0.000007
124.775009  0.000038
124.795008  0.000018
124.815007  -0.000003
124.835007  -0.000003
124.855006  0.000018
124.875005  0.000007
124.895004  0.000028
124.915003  -0.000013
124.935003  -0.000003
124.955002  0.000007
124.975001  -0.000013
124.995000  0.000018
125.014999  -0.000003
125.034999  0.000007
125.054998  0.000007
125.074997  0.000018
125.094996  0.000018
125.114995  0.000007
125.134995  0.000007
125.154994  0.000007
125.174993  0.000018
125.194992  0.000018
125.214991  -0.000003
125.234991  0.000007
125.254990  0.000028
125.274989  0.000018
125.294988  -0.000003
125.314987  0.000018
125.334987  0.000028
125.354986  0.000018
125.374985  0.000007
125.394984  -0.000013
125.414983  -0.000013
125.434983  0.000007
125.454982  -0.000003
125.474981  -0.000003
125.494980  -0.000003
125.514979  -0.000003
125.534979  0.000018
125.554978  0.000018
125.574977  0.000007
125.594976  0.000007
125.614975  0.000007
125.634975  0.000018
125.654974  -0.000003
125.674973  -0.000003
125.694972  0.000018
125.714971  -0.000013
125.734971  0.000028
125.754970  -0.000003
125.774969  -0.000003
125.794968  0.000018
125.814967  0.000007
125.834967  0.000007
125.854966  0.000007
125.874965  -0.000013
125.894964  0.000018
125.914963  0.000018
125.934963  -0.000003
125.954962  0.000018
125.974961  0.000007
125.994960  -0.000003
126.014959  0.000028
126.034959  0.000018
126.054958  -0.000003
126.074957  0.000018
126.094956  0.000007
126.114955  -0.000003
126.134955  -0.000003
126.154954  0.000018
126.174953  -0.000003
126.194952  0.000018
126.214951  0.000028
126.234951  0.000007
126.254950  0.000007
126.274949  0.000018
126.294948  0.000007
126.314947  0.000007
126.334947  -0.000003
126.354946  0.000007
126.374945  0.000007
126.394944  0.000007
126.414943  0.000028
126.434943  0.000018
126.454942  0.000038
126.474941  0.000007
126.494940  0.000018
126.514939  0.000007
126.534939  -0.000013
126.554938  -0.000013
126.574937  0.000018
126.594936  0.000007
126.614935  -0.000003
126.634935  -0.000003
126.654934  0.000018
126.674933  0.000018
126.694932  0.000007
126.714931  -0.000003
126.734931  -0.000013
126.754930  0.000028
126.774929  0.000028
126.794928  0.000028
126.814927  -0.000003
126.834927  0.000018
126.854926  -0.000003
126.874925  0.000028
126.894924  0.000018
126.914923  -0.000003
126.934923  -0.000013
126.954922  0.000007
126.974921  0.000018
126.994920  -0.000003
127.014919  0.000007
127.034919  0.000018
127.054918  0.000007
127.074917  -0.000003
127.094916  0.000007
127.114915  -0.000023
127.134915  0.000007
127.154914  0.000018
127.174913  0.000018
127.194912  -0.000003
127.214911  -0.000013
127.234911  0.000018
127.254910  0.000018
127.274909  0.000018
127.294908  0.000007
127.314907  -0.000003
127.334907  0.000018
127.354906  0.000007
127.374905  0.000018
127.394904  -0.000003
127.414903  0.000018
127.434903  0.000018
127.454902  -0.000003
127.474901  0.000018
127.494900  0.000007
127.514899  0.000007
127.534899  0.000018
127.554898  0.000018
127.574897  -0.000003
127.594896  -0.000013
127.614895  0.000007
127.634895  -0.000003
127.654894  0.000028
127.674893  0.000018
127.694892  0.000007
127.714891  -0.000013
127.734891  0.000028
127.754890  -0.000003
127.774889  -0.000003
127.794888  -0.000013
127.814887  -0.000003
127.834887  0.000018
127.854886  0.000007
127.874885  0.000018
127.894884  -0.000003
127.914883  0.000007
127.934883  0.000018
127.954882  0.000028
127.974881  -0.000003
127.994880  -0.000003
128.014879  -0.000003
128.034879  0.000018
128.054878  -0.000003
128.074877  0.000028
128.094876  0.000018
128.114875  0.000018
128.134875  -0.000003
128.154874  -0.000013
128.174873  0.000018
128.194872  0.000007
128.214871  0.000007
128.234871  -0.000003
128.254870  0.000018
128.274869  0.000007
128.294868  0.000007
128.314867  0.000007
128.334867  -0.000003
128.354866  0.000028
128.374865  0.000018
128.394864  -0.000003
128.414863  0.000007
128.434863  0.000018
128.454862  0.000018
128.474861  0.000018
128.494860  0.000007
128.514859  0.000007
128.534859  -0.000013
128.554858  -0.000003
128.574857  0.000007
128.594856  0.000028
128.614855  -0.000003
128.634855  0.000018
128.654854  0.000018
128.674853  -0.000003
128.694852  -0.000003
128.714851  -0.000013
128.734851  0.000007
128.754850  0.000007
128.774849  0.000007
128.794848  0.000007
128.814847  -0.000003
128.834847  0.000018
128.854846  -0.000013
128.874845  -0.000003
128.894844  -0.000003
128.914843  -0.000003
128.934843  -0.000003
128.954842  0.000018
128.974841  -0.000003
128.994840  0.000018
129.014839  -0.000003
129.034839  -0.000023
129.054838  0.000007
129.074837  -0.000003
129.094836  -0.000013
129.114835  -0.000003
129.134835  -0.000003
129.154834  0.000028
129.174833  -0.000013
129.194832  0.000018
129.214831  0.000018
129.234831  -0.000023
129.254830  -0.000013
129.274829  -0.000013
129.294828  0.000018
129.314827  0.000007
129.334827  0.000007
129.354826  -0.000003
129.374825  0.000028
129.394824  0.000018
129.414823  0.000007
129.434823  -0.000003
129.454822  0.000028
129.474821  0.000018
129.494820  0.000007
129.514819  -0.000013
129.534819  0.000007
129.554818  0.000007
129.574817  -0.000013
129.594816  -0.000003
129.614815  0.000007
129.634815  0.000018
129.654814  0.000018
129.674813  -0.000003
129.694812  0.000018
129.714811  0.000018
129.734811  -0.000023
129.754810  -0.000003
129.774809  -0.000003
129.794808  0.000018
129.814807  0.000007
129.834807  -0.000013
129.854806  0.000018
129.874805  0.000018
129.894804  0.000018
129.914803  0.000018
129.934803  0.000018
129.954802  -0.000003
129.974801  -0.000003
129.994800  0.000007
130.014799  -0.000003
130.034799  0.000007
130.054798  0.000018
130.074797  -0.000003
130.094796  0.000007
130.114795  0.000018
130.134795  0.000007
130.154794  -0.000003
130.174793  -0.000003
130.194792  -0.000003
130.214791  -0.000013
130.234791  -0.000003
130.254790  0.000007
130.274789  0.000007
130.294788  0.000007
130.314787  0.000028
130.334787  0.000028
130.354786  0.000007
130.374785  0.000018
130.394784  -0.000003
130.414783  0.000007
130.434783  -0.000003
130.454782  -0.000003
130.474781  -0.000013
130.494780  0.000028
130.514779  -0.000013
130.534779  0.000018
130.554778  0.000028
130.574777  0.000028
130.594776  -0.000003
130.614775  -0.000013
130.634775  0.000007
130.654774  -0.000003
130.674773  0.000007
130.694772  0.000018
130.714771  -0.000023
130.734771  -0.000003
130.754770  0.000018
130.774769  -0.000013
130.794768  -0.000013
130.814767  -0.000013
130.834767  0.000007
130.854766  -0.000013
130.874765  0.000028
130.894764  0.000007
130.914763  -0.000003
130.934763  -0.000003
130.954762  -0.000013
130.974761  -0.000003
130.994760  0.000007
131.014759  0.000028
131.034759  0.000007
131.054758  0.000007
131.074757  0.000028
131.094756  0.000007
131.114755  0.000007
131.134755  -0.000013
131.154754  0.000007
131.174753  -0.000013
131.194752  0.000007
131.214751  0.000007
131.234751  -0.000013
131.254750  -0.000013
131.274749  0.000007
131.294748  0.000007
131.314747  0.000018
131.334747  -0.000023
131.354746  0.000028
131.374745  -0.000013
131.394744  -0.000013
131.414743  -0.000023
131.434743  0.000007
131.454742  0.000007
131.474741  0.000018
131.494740  0.000007
131.514739  -0.000003
131.534739  -0.000003
131.554738  -0.000003
131.574737  -0.000003
131.594736  -0.000003
131.614735  0.000007
131.634735  0.000007
131.654734  0.000028
131.674733  0.000018
131.694732  0.000028
131.714731  -0.000003
131.734731  0.000007
131.754730  0.000018
131.774729  0.000018
131.794728  -0.000013
131.814727  0.000007
131.834727  0.000007
131.854726  -0.000003
131.874725  -0.000013
131.894724  -0.000003
131.914723  -0.000003
131.934723  0.000018
131.954722  0.000007
131.974721  0.000007
131.994720  0.000018
132.014719  0.000018
132.034719  -0.000003
132.054718  0.000007
132.074717  0.000018
132.094716  0.000028
132.114715  0.000018
132.134715  0.000018
132.154714  0.000007
132.174713  -0.000003
132.194712  -0.000013
132.214711  0.000018
132.234711  -0.000003
132.254710  0.000018
132.274709  -0.000013
132.294708  0.000007
132.314707  0.000007
132.334707  0.000007
132.354706  -0.000023
132.374705  0.000018
132.394704  0.000018
132.414703  0.000018
132.434703  0.000018
132.454702  0.000007
132.474701  -0.000003
132.494700  -0.000003
132.514699  0.000018
132.534699  -0.000003
132.554698  -0.000013
132.574697  0.000018
132.594696  0.000028
132.614695  0.000007
132.634695  -0.000003
132.654694  -0.000003
132.674693  -0.000003
132.694692  -0.000003
132.714691  0.000038
132.734691  -0.000003
132.754690  -0.000013
132.774689  0.000018
132.794688  -0.000003
132.814687  0.000028
132.834687  0.000007
132.854686  0.000018
132.874685  -0.000013
132.894684  -0.000003
132.914683  -0.000013
132.934683  -0.000003
132.954682  0.000018
132.974681  -0.000003
132.994680  -0.000003
133.014679  0.000018
133.034679  0.000007
133.054678  -0.000003
133.074677  -0.000003
133.094676  0.000028
133.114675  0.000028
133.134675  0.000018
133.154674  -0.000003
133.174673  -0.000003
133.194672  0.000028
133.214671  -0.000003
133.234671  0.000018
133.254670  0.000018
133.274669  0.000018
133.294668  0.000018
133.314667  0.000007
133.334667  0.000028
133.354666  -0.000003
133.374665  0.000007
133.394664  -0.000023
133.414663  -0.000003
133.434663  -0.000003
133.454662  -0.000023
133.474661  0.000018
133.494660  0.000048
133.514659  0.000018
133.534659  0.000007
133.554658  -0.000003
133.574657  0.000018
133.594656  0.000028
133.614655  0.000028
133.634655  -0.000013
133.654654  0.000018
133.674653  0.000018
133.694652  -0.000003
133.714651  0.000007
133.734651  0.000007
133.754650  -0.000003
133.774649  0.000018
133.794648  0.000007
133.814647  0.000007
133.834647  -0.000003
133.854646  -0.000003
133.874645  0.000028
133.894644  0.000007
133.914643  -0.000003
133.934643  0.000018
133.954642  -0.000023
133.974641  0.000007
133.994640  0.000018
134.014639  0.000018
134.034639  -0.000023
134.054638  0.000028
134.074637  0.000007
134.094636  0.000018
134.114635  0.000007
134.134635  0.000007
134.154634  0.000018
134.174633  0.000007
134.194632  0.000007
134.214631  0.000028
134.234631  -0.000003
134.254630  0.000018
134.274629  -0.000003
134.294628  0.000007
134.314627  0.000007
134.334627  -0.000013
134.354626  -0.000013
134.374625  0.000007
134.394624  0.000018
134.414623  -0.000013
134.434623  0.000018
134.454622  0.000007
134.474621  0.000007
134.494620  -0.000003
134.514619  -0.000033
134.534619  0.000018
134.554618  0.000018
134.574617  0.000028
134.594616  -0.000013
134.614615  0.000018
134.634615  -0.000013
134.654614  -0.000023
134.674613  0.000028
134.694612  0.000028
134.714611  0.000018
134.734611  0.000007
134.754610  0.000007
134.774609  0.000018
134.794608  -0.000003
134.814607  0.000018
134.834607  0.000007
134.854606  0.000018
134.874605  -0.000003
134.894604  0.000007
134.914603  0.000007
134.934603  0.000018
134.954602  -0.000003
134.974601  -0.000003
134.994600  -0.000013
135.014599  0.000018
135.034599  -0.000003
135.054598  0.000018
135.074597  0.000018
135.094596  0.000028
135.114595  0.000007
135.134595  0.000007
135.154594  0.000007
135.174593  -0.000003
135.194592  0.000007
135.214591  0.000018
135.234591  0.000018
135.254590  -0.000003
135.274589  -0.000023
135.294588  0.000007
135.314587  -0.000003
135.334587  -0.000003
135.354586  0.000018
135.374585  -0.000003
135.394584  -0.000013
135.414583  0.000007
135.434583  0.000018
135.454582  -0.000013
135.474581  0.000018
135.494580  -0.000003
135.514579  0.000007
135.534579  -0.000023
135.554578  0.000007
135.574577  0.000018
135.594576  0.000018
135.614575  0.000018
135.634575  0.000007
135.654574  0.000007
135.674573  0.000018
135.694572  -0.000003
135.714571  0.000007
135.734571  0.000018
135.754570  0.000007
135.774569  -0.000003
135.794568  -0.000013
135.814567  0.000007
135.834567  -0.000003
135.854566  0.000018
135.874565  0.000007
135.894564  0.000018
135.914563  0.000007
135.934563  -0.000013
135.954562  -0.000003
135.974561  0.000007
135.994560  -0.000013
136.014559  -0.000003
136.034559  0.000018
136.054558  0.000007
136.074557  0.000018
136.094556  0.000028
136.114555  0.000007
136.134555  0.000018
136.154554  -0.000013
136.174553  0.000028
136.194552  0.000018
136.214551  0.000028
136.234551  0.000018
136.254550  -0.000013
136.274549  0.000007
136.294548  0.000028
136.314547  0.000018
136.334547  0.000007
136.354546  0.000007
136.374545  0.000018
136.394544  -0.000003
136.414543  -0.000003
136.434543  -0.000003
136.454542  0.000018
136.474541  0.000007
136.494540  -0.000003
136.514539  0.000007
136.534539  0.000028
136.554538  0.000007
136.574537  -0.000003
136.594536  0.000007
136.614535  0.000018
136.634535  0.000007
136.654534  -0.000003
136.674533  -0.000003
136.694532  -0.000003
136.714531  0.000018
136.734531  -0.000003
136.754530  0.000018
136.774529  0.000007
136.794528  -0.000013
136.814527  0.000018
136.834527  0.000007
136.854526  0.000018
136.874525  0.000007
136.894524  0.000007
136.914523  0.000018
136.934523  0.000018
136.954522  -0.000003
136.974521  0.000007
136.994520  -0.000023
137.014519  0.000028
137.034519  0.000018
137.054518  -0.000003
137.074517  0.000018
137.094516  -0.000003
137.114515  -0.000003
137.134515  -0.000003
137.154514  -0.000003
137.174513  0.000018
137.194512  0.000028
137.214511  -0.000013
137.234511  0.000018
137.254510  0.000018
137.274509  -0.000013
137.294508  -0.000003
137.314507  0.000018
137.334507  0.000028
137.354506  -0.000013
137.374505  -0.000013
137.394504  0.000018
137.414503  0.000018
137.434503  0.000018
137.454502  0.000028
137.474501  0.000018
137.494500  0.000007
137.514499  -0.000013
137.534499  -0.000013
137.554498  -0.000023
137.574497  0.000007
137.594496  0.000007
137.614495  0.000018
137.634495  -0.000003
137.654494  -0.000003
137.674493  -0.000003
137.694492  0.000018
137.714491  0.000028
137.734491  0.000028
137.754490  -0.000003
137.774489  0.000028
137.794488  0.000018
137.814487  0.000018
137.834487  -0.000003
137.854486  0.000007
137.874485  0.000028
137.894484  -0.000003
137.914483  0.000018
137.934483  -0.000003
137.954482  0.000007
137.974481  -0.000003
137.994480  0.000007
138.014479  -0.000003
138.034479  0.000007
138.054478  0.000018
138.074477  -0.000003
138.094476  0.000018
138.114475  0.000007
138.134475  0.000018
138.154474  -0.000003
138.174473  0.000018
138.194472  0.000007
138.214471  -0.000013
138.234471  -0.000003
138.254470  0.000028
138.274469  0.000018
138.294468  0.000028
138.314467  0.000018
138.334467  0.000007
138.354466  0.000018
138.374465  0.000028
138.394464  0.000007
138.414463  0.000018
138.434463  0.000018
138.454462  -0.000003
138.474461  0.000028
138.494460  -0.000003
138.514459  0.000007
138.534459  -0.000013
138.554458  -0.000003
138.574457  0.000007
138.594456  0.000018
138.614455  0.000028
138.634455  0.000007
138.654454  0.000028
138.674453  0.000007
138.694452  -0.000013
138.714451  -0.000003
138.734451  0.000018
138.754450  0.000028
138.774449  0.000007
138.794448  -0.000003
138.814447  0.000007
138.834447  0.000007
138.854446  0.000007
138.874445  -0.000003
138.894444  0.000007
138.914443  -0.000003
138.934443  -0.000013
138.954442  0.000007
138.974441  0.000018
138.994440  0.000018
139.014439  -0.000003
139.034439  0.000007
139.054438  -0.000013
139.074437  0.000038
139.094436  -0.000003
139.114435  0.000007
139.134435  -0.000013
139.154434  -0.000013
139.174433  0.000018
139.194432  -0.000003
139.214431  0.000018
139.234431  0.000007
139.254430  0.000018
139.274429  0.000007
139.294428  0.000018
139.314427  -0.000003
139.334427  -0.000003
139.354426  0.000018
139.374425  0.000028
139.394424  0.000018
139.414423  0.000007
139.434423  -0.000013
139.454422  0.000018
139.474421  -0.000003
139.494420  0.000018
139.514419  -0.000003
139.534419  0.000007
139.554418  0.000007
139.574417  -0.000013
139.594416  -0.000003
139.614415  0.000028
139.634415  0.000007
139.654414  -0.000003
139.674413  -0.000003
139.694412  0.000007
139.714411  -0.000003
139.734411  0.000018
139.754410  -0.000003
139.774409  0.000028
139.794408  0.000018
139.814407  -0.000003
139.834407  0.000028
139.854406  0.000018
139.874405  0.000018
139.894404  0.000007
139.914403  -0.000003
139.934403  0.000018
139.954402  0.000007
139.974401  0.000028
139.994400  -0.000003
140.014399  -0.000003
140.034399  0.000018
140.054398  0.000018
140.074397  -0.000003
140.094396  0.000018
140.114395  0.000007
140.134395  0.000018
140.154394  0.000018
140.174393  -0.000013
140.194392  -0.000013
140.214391  -0.000003
140.234391  0.000018
140.254390  -0.000003
140.274389  0.000007
140.294388  -0.000013
140.314387  0.000007
140.334387  0.000018
140.354386  -0.000003
140.374385  0.000007
140.394384  0.000018
140.414383  0.000018
140.434383  0.000007
140.454382  0.000007
140.474381  0.000007
140.494380  0.000018
140.514379  0.000007
140.534379  0.000018
140.554378  0.000007
140.574377  0.000028
140.594376  -0.000023
140.614375  -0.000013
140.634375  0.000007
140.654374  0.000018
140.674373  0.000028
140.694372  0.000007
140.714371  -0.000003
140.734371  0.000007
140.754370  0.000007
140.774369  -0.000003
140.794368  0.000018
140.814367  0.000018
140.834367  0.000007
140.854366  0.000007
140.874365  0.000028
140.894364  0.000018
140.914363  0.000018
140.934363  0.000018
140.954362  0.000028
140.974361  0.000028
140.994360  0.000018
141.014359  0.000018
141.034359  -0.000003
141.054358  0.000028
141.074357  -0.000033
141.094356  0.000018
141.114355  0.000018
141.134355  0.000018
141.154354  -0.000013
141.174353  0.000018
141.194352  -0.000013
141.214351  0.000018
141.234351  -0.000013
141.254350  -0.000013
141.274349  0.000007
141.294348  0.000018
141.314347  0.000018
141.334347  -0.000003
141.354346  0.000018
141.374345  0.000007
141.394344  0.000018
141.414343  -0.000003
141.434343  0.000038
141.454342  -0.000003
141.474341  0.000018
141.494340  -0.000013
141.514339  0.000007
141.534339  -0.000003
141.554338  0.000007
141.574337  -0.000003
141.594336  0.000007
141.614335  0.000018
141.634335  -0.000003
141.654334  0.000018
141.674333  0.000018
141.694332  -0.000003
141.714331  -0.000013
141.734331  -0.000013
141.754330  -0.000013
141.774329  -0.000013
141.794328  0.000007
141.814327  0.000007
141.834327  -0.000003
141.854326  0.000007
141.874325  -0.000003
141.894324  0.000048
141.914323  0.000018
141.934323  0.000018
141.954322  0.000018
141.974321  -0.000013
141.994320  0.000018
142.014319  -0.000003
142.034319  -0.000003
142.054318  -0.000013
142.074317  -0.000003
142.094316  -0.000003
142.114315  0.000028
142.134315  0.000018
142.154314  -0.000013
142.174313  0.000018
142.194312  -0.000013
142.214311  0.000028
142.234311  -0.000003
142.254310  -0.000003
142.274309  -0.000013
142.294308  0.000018
142.314307  0.000007
142.334307  -0.000003
142.354306  -0.000003
142.374305  -0.000003
142.394304  0.000007
142.414303  0.000028
142.434303  0.000018
142.454302  0.000018
142.474301  -0.000003
142.494300  -0.000003
142.514299  -0.000003
142.534299  0.000007
142.554298  0.000018
142.574297  -0.000003
142.594296  -0.000003
142.614295  0.000028
142.634295  -0.000003
142.654294  -0.000023
142.674293  0.000007
142.694292  -0.000013
142.714291  0.000018
142.734291  0.000007
142.754290  -0.000023
142.774289  0.000007
142.794288  0.000018
142.814287  0.000007
142.834287  0.000018
142.854286  0.000007
142.874285  0.000007
142.894284  0.000007
142.914283  0.000028
142.934283  -0.000013
142.954282  0.000007
142.974281  0.000018
142.994280  0.000018
143.014279  0.000018
143.034279  -0.000013
143.054278  0.000018
143.074277  -0.000003
143.094276  0.000007
143.114275  -0.000013
143.134275  -0.000023
143.154274  0.000007
143.174273  -0.000003
143.194272  0.000028
143.214271  -0.000013
143.234271  0.000007
143.254270  0.000018
143.274269  -0.000003
143.294268  -0.000003
143.314267  -0.000003
143.334267  -0.000003
143.354266  -0.000003
143.374265  0.000007
143.394264  0.000028
143.414263  0.000007
143.434263  0.000007
143.454262  -0.000003
143.474261  -0.000003
143.494260  0.000018
143.514259  -0.000013
143.534259  -0.000013
143.554258  0.000018
143.574257  -0.000013
143.594256  -0.000013
143.614255  -0.000013
143.634255  -0.000003
143.654254  0.000018
143.674253  -0.000003
143.694252  -0.000003
143.714251  0.000018
143.734251  0.000018
143.754250  0.000007
143.774249  -0.000003
143.794248  0.000028
143.814247  0.000028
143.834247  0.000018
143.854246  0.000018
143.874245  -0.000003
143.894244  0.000018
143.914243  0.000018
143.934243  0.000018
143.954242  0.000018
143.974241  -0.000003
143.994240  0.000007
144.014239  -0.000003
144.034239  -0.000003
144.054238  -0.000003
144.074237  -0.000003
144.094236  0.000007
144.114235  -0.000003
144.134235  -0.000003
144.154234  -0.000003
144.174233  0.000007
144.194232  0.000018
144.214231  0.000018
144.234231  0.000007
144.254230  0.000007
144.274229  0.000018
144.294228  0.000007
144.314227  -0.000003
144.334227  -0.000013
144.354226  0.000007
144.374225  -0.000013
144.394224  -0.000013
144.414223  0.000007
144.434223  0.000007
144.454222  0.000007
144.474221  -0.000003
144.494220  -0.000003
144.514219  0.000018
144.534219  -0.000003
144.554218  0.000007
144.574217  0.000007
144.594216  0.000007
144.614215  0.000007
144.634215  -0.000003
144.654214  -0.000013
144.674213  0.000028
144.694212  0.000018
144.714211  -0.000013
144.734211  0.000018
144.754210  0.000018
144.774209  -0.000003
144.794208  0.000028
144.814207  0.000007
144.834207  0.000018
144.854206  -0.000003
144.874205  0.000018
144.894204  -0.000003
144.914203  0.000018
144.934203  0.000007
144.954202  0.000028
144.974201  -0.000003
144.994200  0.000028
145.014199  0.000007
145.034199  -0.000003
145.054198  0.000018
145.074197  -0.000013
145.094196  -0.000023
145.114195  0.000018
145.134195  -0.000003
145.154194  -0.000013
145.174193  0.000018
145.194192  0.000007
145.214191  -0.000003
145.234191  -0.000003
145.254190  0.000028
145.274189  0.000007
145.294188  0.000038
145.314187  0.000007
145.334187  0.000007
145.354186  -0.000013
145.374185  -0.000003
145.394184  -0.000003
145.414183  0.000018
145.434183  0.000018
145.454182  0.000018
145.474181  0.000007
145.494180  0.000007
145.514179  0.000018
145.534179  0.000007
145.554178  0.000018
145.574177  0.000018
145.594176  0.000018
145.614175  -0.000003
145.634175  0.000018
145.654174  -0.000003
145.674173  0.000007
145.694172  0.000007
145.714171  0.000028
145.734171  -0.000003
145.754170  -0.000023
145.774169  0.000007
145.794168  0.000018
145.814167  0.000007
145.834167  0.000018
145.854166  0.000007
145.874165  -0.000003
145.894164  -0.000003
145.914163  0.000018
145.934163  0.000007
145.954162  0.000018
145.974161  -0.000003
145.994160  -0.000023
146.014159  0.000007
146.034159  -0.000003
146.054158  0.000018
146.074157  0.000018
146.094156  0.000028
146.114155  0.000038
146.134155  -0.000013
146.154154  0.000018
146.174153  -0.000013
146.194152  0.000018
146.214151  -0.000003
146.234151  0.000007
146.254150  0.000018
146.274149  -0.000003
146.294148  -0.000013
146.314147  0.000028
146.334147  -0.000013
146.354146  -0.000003
146.374145  0.000007
146.394144  0.000018
146.414143  0.000018
146.434143  0.000007
146.454142  -0.000013
146.474141  -0.000003
146.494140  0.000007
146.514139  -0.000003
146.534139  -0.000003
146.554138  0.000007
146.574137  0.000007
146.594136  -0.000003
146.614135  0.000007
146.634135  -0.000003
146.654134  -0.000013
146.674133  -0.000003
146.694132  0.000007
146.714131  0.000028
146.734131  0.000018
146.754130  0.000007
146.774129  -0.000013
146.794128  0.000007
146.814127  0.000007
146.834127  0.000018
146.854126  -0.000003
146.874125  -0.000003
146.894124  -0.000003
146.914123  -0.000013
146.934123  0.000007
146.954122  0.000018
146.974121  -0.000003
146.994120  -0.000013
147.014119  0.000028
147.034119  -0.000003
147.054118  0.000028
147.074117  0.000007
147.094116  0.000007
147.114115  0.000007
147.134115  0.000028
147.154114  -0.000013
147.174113  0.000018
147.194112  -0.000003
147.214111  -0.000003
147.234111  -0.000003
147.254110  -0.000003
147.274109  0.000018
147.294108  -0.000013
147.314107  0.000018
147.334107  -0.000003
147.354106  0.000018
147.374105  0.000007
147.394104  0.000007
147.414103  -0.000013
147.434103  0.000028
147.454102  -0.000003
147.474101  0.000028
147.494100  0.000018
147.514099  0.000028
147.534099  0.000018
147.554098  0.000028
147.574097  -0.000003
147.594096  0.000007
147.614095  0.000028
147.634095  -0.000013
147.654094  0.000007
147.674093  0.000007
147.694092  0.000018
147.714091  -0.000013
147.734091  0.000028
147.754090  -0.000003
147.774089  0.000007
147.794088  -0.000003
147.814087  0.000018
147.834087  -0.000003
147.854086  0.000018
147.874085  0.000007
147.894084  0.000028
147.914083  0.000007
147.934083  0.000007
147.954082  -0.000023
147.974081  0.000018
147.994080  0.000007
148.014079  -0.000003
148.034079  -0.000013
148.054078  0.000028
148.074077  -0.000003
148.094076  0.000007
148.114075  -0.000003
148.134075  0.000028
148.154074  0.000007
148.174073  0.000018
148.194072  -0.000003
148.214071  0.000028
148.234071  0.000018
148.254070  0.000007
148.274069  -0.000013
148.294068  -0.000013
148.314067  0.000028
148.334067  -0.000003
148.354066  0.000007
148.374065  0.000018
148.394064  0.000028
148.414063  -0.000003
148.434063  -0.000003
148.454062  0.000018
148.474061  0.000018
148.494060  -0.000013
148.514059  0.000018
148.534059  0.000007
148.554058  0.000028
148.574057  -0.000013
148.594056  -0.000003
148.614055  -0.000013
148.634055  0.000018
148.654054  -0.000003
148.674053  0.000007
148.694052  0.000007
148.714051  -0.000003
148.734051  -0.000003
148.754050  -0.000013
148.774049  0.000018
148.794048  0.000007
148.814047  0.000007
148.834047  0.000007
148.854046  0.000018
148.874045  0.000007
148.894044  -0.000003
148.914043  -0.000003
148.934043  0.000018
148.954042  0.000018
148.974041  0.000028
148.994040  -0.000003
149.014039  0.000018
149.034039  0.000028
149.054038  -0.000013
149.074037  -0.000003
149.094036  0.000007
149.114035  0.000018
149.134035  -0.000003
149.154034  0.000028
149.174033  -0.000003
149.194032  -0.000003
149.214031  -0.000003
149.234031  -0.000003
149.254030  0.000007
149.274029  -0.000003
149.294028  0.000007
149.314027  -0.000013
149.334027  0.000028
149.354026  -0.000023
149.374025  -0.000003
149.394024  -0.000003
149.414023  0.000018
149.434023  0.000018
149.454022  0.000007
149.474021  0.000007
149.494020  0.000018
149.514019  0.000018
149.534019  0.000007
149.554018  0.000007
149.574017  -0.000003
149.594016  -0.000003
149.614015  -0.000023
149.634015  0.000018
149.654014  0.000028
149.674013  0.000028
149.694012  -0.000023
149.714011  -0.000003
149.734011  -0.000003
149.754010  -0.000013
149.774009  -0.000013
149.794008  0.000018
149.814007  0.000028
149.834007  0.000007
149.854006  -0.000013
149.874005  -0.000023
149.894004  0.000007
149.914003  -0.000003
149.934003  0.000007
149.954002  0.000018
149.974001  0.000028
149.994000  -0.000003
150.013999  -0.000003
150.033999  -0.000003
150.053998  0.000028
150.073997  0.000028
150.093996  0.000018
150.113995  0.000018
150.133995  0.000007
150.153994  -0.000003
150.173993  0.000018
150.193992  0.000007
150.213991  0.000028
150.233991  0.000028
150.253990  -0.000003
150.273989  0.000007
150.293988  0.000007
150.313987  0.000007
150.333987  0.000007
150.353986  0.000007
150.373985  0.000018
150.393984  0.000007
150.413983  0.000018
150.433983  0.000007
150.453982  -0.000003
150.473981  -0.000003
150.493980  0.000007
150.513979  0.000028
150.533979  0.000028
150.553978  0.000018
150.573977  -0.000003
150.593976  0.000018
150.613975  -0.000003
150.633975  0.000018
150.653974  -0.000013
150.673973  0.000007
150.693972  0.000028
150.713971  -0.000013
150.733971  -0.000003
150.753970  0.000028
150.773969  0.000007
150.793968  0.000007
150.813967  -0.000003
150.833967  0.000018
150.853966  0.000018
150.873965  -0.000003
150.893964  0.000007
150.913963  0.000018
150.933963  -0.000044
150.953962  0.000018
150.973961  -0.000003
150.993960  0.000058
151.013959  -0.000003
151.033959  0.000007
151.053958  0.000007
151.073957  0.000028
151.093956  -0.000003
151.113955  0.000018
151.133955  -0.000013
151.153954  0.000007
151.173953  -0.000003
151.193952  -0.000003
151.213951  0.000018
151.233951  -0.000013
151.253950  -0.000003
151.273949  0.000018
151.293948  0.000018
151.313947  -0.000003
151.333947  -0.000003
151.353946  0.000007
151.373945  -0.000003
151.393944  0.000018
151.413943  0.000007
151.433943  -0.000003
151.453942  0.000018
151.473941  0.000018
151.493940  -0.000013
151.513939  0.000007
151.533939  0.000007
151.553938  0.000018
151.573937  0.000018
151.593936  0.000028
151.613935  0.000007
151.633935  -0.000003
151.653934  0.000018
151.673933  0.000007
151.693932  0.000007
151.713931  0.000007
151.733931  0.000018
151.753930  -0.000003
151.773929  0.000028
151.793928  0.000018
151.813927  -0.000003
151.833927  -0.000013
151.853926  -0.000013
151.873925  -0.000013
151.893924  0.000018
151.913923  -0.000003
151.933923  -0.000003
151.953922  -0.000003
151.973921  0.000018
151.993920  -0.000003
152.013919  0.000018
152.033919  0.000018
152.053918  0.000018
152.073917  -0.000013
152.093916  0.000018
152.113915  0.000018
152.133915  0.000018
152.153914  -0.000013
152.173913  -0.000003
152.193912  -0.000003
152.213911  0.000018
152.233911  -0.000013
152.253910  -0.000003
152.273909  -0.000013
152.293908  -0.000003
152.313907  -0.000023
152.333907  0.000018
152.353906  0.000018
152.373905  0.000007
152.393904  0.000018
152.413903  0.000018
152.433903  0.000007
152.453902  0.000018
152.473901  0.000007
152.493900  0.000007
152.513899  -0.000003
152.533899  0.000007
152.553898  0.000007
152.573897  0.000028
152.593896  -0.000003
152.613895  0.000007
152.633895  -0.000013
152.653894  -0.000003
152.673893  0.000018
152.693892  -0.000003
152.713891  0.000018
152.733891  -0.000013
152.753890  0.000007
152.773889  0.000007
152.793888  0.000018
152.813887  -0.000003
152.833887  0.000018
152.853886  -0.000003
152.873885  -0.000003
152.893884  0.000007
152.913883  0.000018
152.933883  -0.000003
152.953882  0.000007
152.973881  -0.000003
152.993880  -0.000003
153.013879  0.000028
153.033879  -0.000003
153.053878  0.000018
153.073877  -0.000003
153.093876  0.000007
153.113875  0.000028
153.133875  0.000028
153.153874  0.000007
153.173873  0.000007
153.193872  -0.000003
153.213871  0.000018
153.233871  0.000018
153.253870  -0.000003
153.273869  0.000018
153.293868  0.000018
153.313867  -0.000013
153.333867  0.000007
153.353866  -0.000003
153.373865  0.000007
153.393864  -0.000023
153.413863  -0.000003
153.433863  -0.000013
153.453862  0.000018
153.473861  0.000007
153.493860  -0.000003
153.513859  0.000018
153.533859  0.000007
153.553858  -0.000003
153.573857  -0.000023
153.593856  -0.000003
153.613855  0.000028
153.633855  0.000007
153.653854  -0.000003
153.673853  -0.000003
153.693852  0.000018
153.713851  -0.000003
153.733851  0.000018
153.753850  0.000007
153.773849  0.000007
153.793848  0.000028
153.813847  -0.000003
153.833847  -0.000003
153.853846  0.000018
153.873845  -0.000003
153.893844  -0.000003
153.913843  0.000018
153.933843  -0.000013
153.953842  0.000018
153.973841  0.000018
153.993840  -0.000013
154.013839  0.000018
154.033839  -0.000003
154.053838  0.000007
154.073837  0.000018
154.093836  0.000007
154.113835  0.000018
154.133835  -0.000003
154.153834  0.000007
154.173833  0.000018
154.193832  0.000007
154.213831  0.000018
154.233831  0.000007
154.253830  0.000007
154.273829  0.000007
154.293828  -0.000003
154.313827  0.000007
154.333827  0.000007
154.353826  -0.000003
154.373825  -0.000003
154.393824  -0.000003
154.413823  0.000018
154.433823  -0.000003
154.453822  0.000018
154.473821  0.000007
154.493820  0.000018
154.513819  0.000028
154.533819  0.000007
154.553818  0.000018
154.573817  0.000007
154.593816  -0.000013
154.613815  -0.000023
154.633815  0.000028
154.653814  -0.000003
154.673813  -0.000013
154.693812  0.000018
154.713811  0.000018
154.733811  0.000018
154.753810  -0.000003
154.773809  -0.000023
154.793808  -0.000013
154.813807  0.000028
154.833807  -0.000013
154.853806  0.000018
154.873805  0.000007
154.893804  0.000007
154.913803  0.000007
154.933803  0.000018
154.953802  0.000018
154.973801  0.000007
154.993800  -0.000003
155.013799  0.000007
155.033799  0.000018
155.053798  0.000007
155.073797  -0.000003
155.093796  0.000018
155.113795  0.000028
155.133795  0.000007
155.153794  0.000018
155.173793  0.000018
155.193792  -0.000003
155.213791  -0.000003
155.233791  0.000018
155.253790  0.000007
155.273789  -0.000003
155.293788  0.000028
155.313787  0.000007
155.333787  0.000007
155.353786  0.000018
155.373785  0.000018
155.393784  -0.000003
155.413783  0.000028
155.433783  0.000018
155.453782  -0.000003
155.473781  -0.000003
155.493780  -0.000013
155.513779  0.000028
155.533779  0.000028
155.553778  0.000028
155.573777  0.000018
155.593776  0.000028
155.613775  0.000018
155.633775  0.000018
155.653774  0.000018
155.673773  -0.000003
155.693772  -0.000013
155.713771  -0.000003
155.733771  -0.000013
155.753770  0.000018
155.773769  -0.000013
155.793768  -0.000003
155.813767  -0.000003
155.833767  -0.000003
155.853766  0.000007
155.873765  0.000018
155.893764  -0.000003
155.913763  0.000018
155.933763  -0.000013
155.953762  0.000007
155.973761  0.000007
155.993760  0.000007
156.013759  0.000028
156.033759  0.000018
156.053758  0.000028
156.073757  0.000018
156.093756  0.000018
156.113755  0.000018
156.133755  0.000018
156.153754  0.000018
156.173753  0.000007
156.193752  0.000007
156.213751  0.000028
156.233751  -0.000013
156.253750  -0.000023
156.273749  0.000028
156.293748  0.000007
156.313747  0.000028
156.333747  0.000007
156.353746  0.000018
156.373745  0.000007
156.393744  -0.000013
156.413743  -0.000013
156.433743  -0.000003
156.453742  0.000018
156.473741  -0.000003
156.493740  0.000007
156.513739  -0.000003
156.533739  0.000028
156.553738  0.000028
156.573737  0.000018
156.593736  0.000007
156.613735  0.000018
156.633735  -0.000003
156.653734  0.000028
156.673733  -0.000003
156.693732  -0.000003
156.713731  -0.000013
156.733731  0.000007
156.753730  0.000018
156.773729  -0.000013
156.793728  -0.000023
156.813727  0.000018
156.833727  0.000018
156.853726  0.000018
156.873725  0.000018
156.893724  -0.000003
156.913723  -0.000003
156.933723  -0.000003
156.953722  0.000007
156.973721  -0.000003
156.993720  -0.000013
157.013719  0.000018
157.033719  -0.000003
157.053718  0.000028
157.073717  0.000018
157.093716  0.000018
157.113715  0.000028
157.133715  0.000018
157.153714  0.000007
157.173713  0.000018
157.193712  0.000028
157.213711  0.000007
157.233711  0.000018
157.253710  -0.000023
157.273709  0.000007
157.293708  0.000028
157.313707  0.000018
157.333707  -0.000003
157.353706  0.000007
157.373705  -0.000013
157.393704  0.000028
157.413703  -0.000013
157.433703  -0.000003
157.453702  0.000028
157.473701  0.000007
157.493700  0.000028
157.513699  0.000018
157.533699  0.000018
157.553698  0.000007
157.573697  0.000018
157.593696  -0.000003
157.613695  0.000018
157.633695  0.000018
157.653694  -0.000003
157.673693  0.000018
157.693692  -0.000003
157.713691  0.000018
157.733691  0.000018
157.753690  0.000007
157.773689  -0.000003
157.793688  0.000007
157.813687  0.000007
157.833687  -0.000013
157.853686  0.000018
157.873685  -0.000013
157.893684  -0.000003
157.913683  -0.000003
157.933683  -0.000013
157.953682  0.000018
157.973681  0.000007
157.993680  0.000007
158.013679  0.000018
158.033679  0.000007
158.053678  -0.000013
158.073677  0.000007
158.093676  0.000018
158.113675  0.000018
158.133675  0.000018
158.153674  0.000007
158.173673  0.000028
158.193672  0.000007
158.213671  0.000018
158.233671  0.000007
158.253670  0.000007
158.273669  0.000028
158.293668  0.000018
158.313667  0.000028
158.333667  0.000018
158.353666  -0.000003
158.373665  -0.000013
158.393664  -0.000003
158.413663  0.000007
158.433663  0.000028
158.453662  -0.000013
158.473661  0.000028
158.493660  0.000007
158.513659  0.000007
158.533659  -0.000003
158.553658  0.000007
158.573657  -0.000003
158.593656  0.000018
158.613655  -0.000003
158.633655  -0.000013
158.653654  0.000007
158.673653  0.000018
158.693652  -0.000013
158.713651  0.000028
158.733651  0.000018
158.753650  -0.000003
158.773649  -0.000003
158.793648  -0.000013
158.813647  -0.000013
158.833647  0.000007
158.853646  0.000018
158.873645  -0.000013
158.893644  -0.000003
158.913643  -0.000013
158.933643  0.000018
158.953642  -0.000003
158.973641  0.000018
158.993640  -0.000013
159.013639  0.000028
159.033639  -0.000003
159.053638  -0.000003
159.073637  -0.000013
159.093636  0.000007
159.113635  0.000018
159.133635  0.000007
159.153634  0.000018
159.173633  0.000018
159.193632  0.000018
159.213631  0.000007
159.233631  0.000028
159.253630  0.000007
159.273629  0.000007
159.293628  -0.000003
159.313627  0.000018
159.333627  -0.000003
159.353626  -0.000003
159.373625  0.000028
159.393624  -0.000003
159.413623  0.000018
159.433623  -0.000003
159.453622  -0.000003
159.473621  0.000018
159.493620  0.000018
159.513619  -0.000003
159.533619  0.000007
159.553618  0.000018
159.573617  0.000028
159.593616  0.000028
159.613615  0.000018
159.633615  0.000007
159.653614  -0.000003
159.673613  0.000007
159.693612  0.000028
159.713611  0.000007
159.733611  0.000028
159.753610  -0.000003
159.773609  0.000007
159.793608  0.000028
159.813607  0.000018
159.833607  0.000007
159.853606  -0.000003
159.873605  -0.000013
159.893604  -0.000013
159.913603  0.000007
159.933603  0.000018
159.953602  -0.000003
159.973601  0.000028
159.993600  -0.000023
160.013599  -0.000003
160.033599  0.000007
160.053598  0.000018
160.073597  0.000007
160.093596  0.000028
160.113595  0.000018
160.133595  -0.000003
160.153594  -0.000013
160.173593  0.000007
160.193592  0.000018
160.213591  -0.000003
160.233591  -0.000013
160.253590  -0.000003
160.273589  0.000028
160.293588  -0.000003
160.313587  -0.000003
160.333587  0.000007
160.353586  0.000018
160.373585  -0.000013
160.393584  0.000028
160.413583  0.000018
160.433583  0.000007
160.453582  -0.000013
160.473581  0.000018
160.493580  -0.000003
160.513579  -0.000003
160.533579  0.000007
160.553578  0.000007
160.573577  0.000007
160.593576  0.000038
160.613575  -0.000003
160.633575  -0.000003
160.653574  0.000018
160.673573  -0.000003
160.693572  0.000007
160.713571  0.000018
160.733571  0.000018
160.753570  0.000018
160.773569  0.000018
160.793568  -0.000003
160.813567  0.000007
160.833567  0.000007
160.853566  -0.000003
160.873565  -0.000003
160.893564  0.000028
160.913563  0.000007
160.933563  -0.000003
160.953562  0.000007
160.973561  0.000007
160.993560  0.000007
161.013559  -0.000003
161.033559  0.000018
161.053558  -0.000003
161.073557  0.000007
161.093556  -0.000003
161.113555  0.000018
161.133555  -0.000013
161.153554  0.000007
161.173553  -0.000003
161.193552  0.000007
161.213551  0.000018
161.233551  0.000007
161.253550  0.000018
161.273549  0.000018
161.293548  0.000018
161.313547  -0.000003
161.333547  -0.000013
161.353546  -0.000003
161.373545  0.000007
161.393544  0.000018
161.413543  0.000018
161.433543  0.000028
161.453542  -0.000003
161.473541  0.000007
161.493540  -0.000013
161.513539  -0.000013
161.533539  0.000007
161.553538  -0.000003
161.573537  0.000018
161.593536  0.000018
161.613535  -0.000003
161.633535  0.000007
161.653534  0.000018
161.673533  -0.000003
161.693532  -0.000003
161.713531  -0.000003
161.733531  -0.000013
161.753530  0.000007
161.773529  0.000018
161.793528  0.000028
161.813527  0.000038
161.833527  0.000007
161.853526  0.000028
161.873525  0.000018
161.893524  0.000018
161.913523  -0.000013
161.933523  -0.000003
161.953522  -0.000003
161.973521  0.000007
161.993520  0.000018
162.013519  -0.000013
162.033519  0.000018
162.053518  0.000007
162.073517  0.000018
162.093516  -0.000003
162.113515  -0.000013
162.133515  0.000018
162.153514  0.000018
162.173513  -0.000003
162.193512  -0.000003
162.213511  0.000028
162.233511  -0.000003
162.253510  0.000018
162.273509  0.000018
162.293508  -0.000013
162.313507  0.000028
162.333507  -0.000003
162.353506  -0.000013
162.373505  -0.000003
162.393504  -0.000013
162.413503  0.000018
162.433503  0.000007
162.453502  -0.000003
162.473501  -0.000013
162.493500  0.000028
162.513499  -0.000003
162.533499  0.000028
162.553498  0.000018
162.573497  0.000007
162.593496  -0.000013
162.613495  -0.000023
162.633495  -0.000003
162.653494  0.000018
162.673493  0.000007
162.693492  0.000018
162.713491  0.000007
162.733491  -0.000023
162.753490  -0.000003
162.773489  -0.000003
162.793488  0.000018
162.813487  0.000018
162.833487  -0.000003
162.853486  -0.000013
162.873485  0.000018
162.893484  -0.000003
162.913483  -0.000003
162.933483  0.000018
162.953482  0.000038
162.973481  0.000007
162.993480  -0.000013
163.013479  0.000018
163.033479  0.000007
163.053478  0.000028
163.073477  -0.000003
163.093476  -0.000003
163.113475  0.000007
163.133475  -0.000013
163.153474  0.000018
163.173473  -0.000013
163.193472  0.000007
163.213471  -0.000003
163.233471  0.000018
163.253470  0.000018
163.273469  -0.000013
163.293468  0.000007
163.313467  -0.000013
163.333467  -0.000003
163.353466  0.000018
163.373465  0.000018
163.393464  0.000018
163.413463  -0.000003
163.433463  0.000018
163.453462  -0.000003
163.473461  -0.000003
163.493460  0.000007
163.513459  -0.000003
163.533459  -0.000003
163.553458  -0.000013
163.573457  -0.000013
163.593456  0.000007
163.613455  -0.000023
163.633455  0.000007
163.653454  0.000018
163.673453  -0.000003
163.693452  -0.000013
163.713451  0.000018
163.733451  0.000018
163.753450  0.000018
163.773449  -0.000003
163.793448  -0.000003
163.813447  0.000018
163.833447  0.000018
163.853446  0.000018
163.873445  0.000018
163.893444  0.000018
163.913443  0.000007
163.933443  0.000018
163.953442  -0.000003
163.973441  -0.000003
163.993440  0.000007
164.013439  0.000028
164.033439  0.000018
164.053438  -0.000013
164.073437  -0.000013
164.093436  -0.000003
164.113435  -0.000013
164.133435  -0.000003
164.153434  -0.000003
164.173433  0.000007
164.193432  -0.000003
164.213431  -0.000003
164.233431  0.000007
164.253430  -0.000013
164.273429  0.000018
164.293428  0.000018
164.313427  0.000018
164.333427  0.000028
164.353426  0.000007
164.373425  0.000007
164.393424  -0.000013
164.413423  0.000018
164.433423  0.000007
164.453422  -0.000003
164.473421  0.000018
164.493420  -0.000023
164.513419  0.000007
164.533419  0.000028
164.553418  0.000007
164.573417  0.000007
164.593416  -0.000003
164.613415  -0.000003
164.633415  -0.000013
164.653414  -0.000013
164.673413  -0.000023
164.693412  0.000007
164.713411  -0.000003
164.733411  0.000018
164.753410  -0.000003
164.773409  -0.000003
164.793408  0.000028
164.813407  0.000018
164.833407  -0.000013
164.853406  0.000007
164.873405  -0.000013
164.893404  -0.000003
164.913403  0.000028
164.933403  0.000018
164.953402  -0.000003
164.973401  0.000018
164.993400  -0.000003
165.013399  -0.000003
165.033399  0.000018
165.053398  0.000007
165.073397  0.000007
165.093396  0.000018
165.113395  0.000007
165.133395  -0.000023
165.153394  -0.000023
165.173393  -0.000003
165.193392  0.000018
165.213391  0.000007
165.233391  -0.000003
165.253390  0.000028
165.273389  0.000018
165.293388  0.000007
165.313387  -0.000003
165.333387  0.000018
165.353386  -0.000003
165.373385  0.000007
165.393384  0.000018
165.413383  0.000007
165.433383  0.000018
165.453382  0.000018
165.473381  -0.000003
165.493380  0.000018
165.513379  0.000018
165.533379  -0.000003
165.553378  0.000007
165.573377  0.000018
165.593376  -0.000013
165.613375  -0.000033
165.633375  0.000007
165.653374  0.000007
165.673373  -0.000003
165.693372  -0.000023
165.713371  -0.000003
165.733371  0.000028
165.753370  0.000018
165.773369  0.000007
165.793368  -0.000013
165.813367  -0.000013
165.833367  -0.000003
165.853366  -0.000013
165.873365  0.000018
165.893364  0.000007
165.913363  0.000007
165.933363  0.000007
165.953362  -0.000003
165.973361  0.000018
165.993360  0.000018
166.013359  0.000018
166.033359  0.000018
166.053358  0.000007
166.073357  -0.000013
166.093356  0.000007
166.113355  -0.000003
166.133355  -0.000013
166.153354  0.000018
166.173353  -0.000003
166.193352  -0.000003
166.213351  -0.000013
166.233351  0.000018
166.253350  -0.000003
166.273349  0.000007
166.293348  0.000018
166.313347  -0.000003
166.333347  0.000007
166.353346  -0.000003
166.373345  -0.000003
166.393344  0.000018
166.413343  0.000007
166.433343  -0.000013
166.453342  -0.000003
166.473341  0.000018
166.493340  0.000007
166.513339  0.000007
166.533339  0.000028
166.553338  0.000028
166.573337  -0.000003
166.593336  -0.000013
166.613335  0.000007
166.633335  -0.000003
166.653334  -0.000003
166.673333  -0.000013
166.693332  0.000018
166.713331  0.000018
166.733331  -0.000003
166.753330  0.000028
166.773329  0.000007
166.793328  0.000018
166.813327  -0.000013
166.833327  0.000007
166.853326  -0.000013
166.873325  -0.000003
166.893324  -0.000003
166.913323  0.000018
166.933323  -0.000003
166.953322  0.000018
166.973321  -0.000003
166.993320  0.000018
167.013319  -0.000013
167.033319  -0.000003
167.053318  0.000018
167.073317  0.000018
167.093316  0.000007
167.113315  0.000007
167.133315  0.000028
167.153314  0.000018
167.173313  0.000007
167.193312  0.000007
167.213311  0.000007
167.233311  -0.000003
167.253310  0.000007
167.273309  0.000018
167.293308  0.000018
167.313307  -0.000013
167.333307  0.000018
167.353306  -0.000003
167.373305  0.000028
167.393304  0.000007
167.413303  -0.000023
167.433303  0.000007
167.453302  0.000018
167.473301  -0.000003
167.493300  -0.000003
167.513299  0.000028
167.533299  -0.000003
167.553298  0.000028
167.573297  -0.000013
167.593296  -0.000003
167.613295  0.000018
167.633295  0.000018
167.653294  0.000018
167.673293  -0.000003
167.693292  -0.000003
167.713291  -0.000003
167.733291  0.000018
167.753290  -0.000003
167.773289  0.000018
167.793288  0.000007
167.813287  -0.000003
167.833287  0.000007
167.853286  0.000007
167.873285  0.000007
167.893284  0.000018
167.913283  -0.000003
167.933283  0.000018
167.953282  0.000018
167.973281  0.000018
167.993280  -0.000003
168.013279  0.000018
168.033279  0.000007
168.053278  -0.000003
168.073277  0.000028
168.093276  -0.000013
168.113275  -0.000003
168.133275  -0.000003
168.153274  -0.000003
168.173273  -0.000013
168.193272  0.000007
168.213271  0.000018
168.233271  -0.000023
168.253270  -0.000003
168.273269  0.000007
168.293268  0.000018
168.313267  0.000018
168.333267  0.000028
168.353266  0.000007
168.373265  -0.000013
168.393264  0.000018
168.413263  0.000007
168.433263  -0.000003
168.453262  0.000028
168.473261  0.000018
168.493260  -0.000013
168.513259  0.000007
168.533259  0.000018
168.553258  -0.000003
168.573257  -0.000003
168.593256  -0.000003
168.613255  -0.000003
168.633255  0.000018
168.653254  -0.000003
168.673253  -0.000003
168.693252  -0.000003
168.713251  0.000018
168.733251  0.000007
168.753250  -0.000003
168.773249  0.000007
168.793248  0.000007
168.813247  0.000007
168.833247  -0.000013
168.853246  -0.000003
168.873245  -0.000013
168.893244  -0.000003
168.913243  -0.000023
168.933243  0.000018
168.953242  0.000018
168.973241  0.000028
168.993240  -0.000013
169.013239  0.000018
169.033239  -0.000003
169.053238  0.000028
169.073237  -0.000013
169.093236  -0.000003
169.113235  0.000018
169.133235  0.000007
169.153234  0.000018
169.173233  0.000007
169.193232  -0.000003
169.213231  -0.000003
169.233231  0.000018
169.253230  -0.000013
169.273229  0.000018
169.293228  0.000028
169.313227  0.000007
169.333227  -0.000003
169.353226  0.000018
169.373225  0.000007
169.393224  -0.000003
169.413223  -0.000013
169.433223  0.000007
169.453222  0.000028
169.473221  -0.000003
169.493220  0.000028
169.513219  0.000007
169.533219  0.000007
169.553218  -0.000003
169.573217  0.000018
169.593216  -0.000003
169.613215  -0.000003
169.633215  0.000018
169.653214  -0.000003
169.673213  0.000007
169.693212  0.000018
169.713211  -0.000003
169.733211  0.000007
169.753210  0.000007
169.773209  -0.000023
169.793208  -0.000003
169.813207  0.000018
169.833207  0.000018
169.853206  0.000007
169.873205  -0.000003
169.893204  -0.000013
169.913203  0.000007
169.933203  -0.000003
169.953202  -0.000003
169.973201  -0.000013
169.993200  0.000018
170.013199  -0.000013
170.033199  0.000007
170.053198  -0.000003
170.073197  -0.000003
170.093196  -0.000013
170.113195  0.000007
170.133195  0.000018
170.153194  0.000028
170.173193  -0.000003
170.193192  -0.000003
170.213191  0.000007
170.233191  -0.000013
170.253190  0.000007
170.273189  0.000007
170.293188  0.000018
170.313187  -0.000013
170.333187  0.000007
170.353186  -0.000023
170.373185  0.000018
170.393184  0.000007
170.413183  -0.000003
170.433183  0.000018
170.453182  -0.000003
170.473181  -0.000003
170.493180  0.000007
170.513179  -0.000003
170.533179  -0.000013
170.553178  0.000028
170.573177  0.000007
170.593176  -0.000003
170.613175  0.000018
170.633175  0.000007
170.653174  0.000018
170.673173  0.000007
170.693172  0.000018
170.713171  0.000018
170.733171  0.000018
170.753170  0.000007
170.773169  0.000018
170.793168  0.000018
170.813167  -0.000003
170.833167  -0.000003
170.853166  0.000007
170.873165  0.000018
170.893164  -0.000013
170.913163  0.000018
170.933163  -0.000003
170.953162  0.000007
170.973161  0.000018
170.993160  0.000018
171.013159  -0.000003
171.033159  -0.000003
171.053158  -0.000003
171.073157  0.000007
171.093156  0.000007
171.113155  -0.000013
171.133155  -0.000013
171.153154  0.000007
171.173153  0.000018
171.193152  0.000018
171.213151  0.000007
171.233151  -0.000013
171.253150  -0.000003
171.273149  0.000007
171.293148  0.000028
171.313147  0.000018
171.333147  0.000018
171.353146  0.000007
171.373145  0.000028
171.393144  0.000018
171.413143  -0.000003
171.433143  0.000018
171.453142  0.000007
171.473141  -0.000003
171.493140  0.000028
171.513139  -0.000003
171.533139  -0.000003
171.553138  -0.000003
171.573137  0.000018
171.593136  -0.000003
171.613135  0.000007
171.633135  -0.000003
171.653134  0.000007
171.673133  0.000007
171.693132  -0.000003
171.713131  0.000007
171.733131  0.000028
171.753130  0.000028
171.773129  0.000018
171.793128  -0.000003
171.813127  -0.000003
171.833127  -0.000003
171.853126  0.000018
171.873125  0.000007
171.893124  0.000018
171.913123  0.000007
171.933123  0.000018
171.953122  0.000007
171.973121  0.000007
171.993120  -0.000003
172.013119  -0.000003
172.033119  0.000007
172.053118  0.000018
172.073117  -0.000003
172.093116  0.000007
172.113115  0.000018
172.133115  0.000007
172.153114  -0.000003
172.173113  0.000007
172.193112  0.000028
172.213111  0.000018
172.233111  0.000007
172.253110  0.000007
172.273109  0.000007
172.293108  0.000007
172.313107  -0.000003
172.333107  0.000007
172.353106  0.000018
172.373105  0.000007
172.393104  0.000018
172.413103  -0.000003
172.433103  -0.000003
172.453102  -0.000003
172.473101  0.000007
172.493100  0.000028
172.513099  0.000018
172.533099  0.000028
172.553098  -0.000013
172.573097  -0.000003
172.593096  -0.000003
172.613095  -0.000013
172.633095  0.000007
172.653094  -0.000003
172.673093  -0.000003
172.693092  0.000018
172.713091  -0.000003
172.733091  -0.000023
172.753090  -0.000003
172.773089  -0.000003
172.793088  0.000018
172.813087  0.000007
172.833087  0.000007
172.853086  -0.000003
172.873085  -0.000003
172.893084  0.000018
172.913083  0.000018
172.933083  0.000007
172.953082  0.000028
172.973081  0.000007
172.993080  0.000018
173.013079  -0.000013
173.033079  0.000018
173.053078  0.000018
173.073077  0.000018
173.093076  0.000018
173.113075  0.000007
173.133075  -0.000003
173.153074  -0.000013
173.173073  0.000007
173.193072  -0.000013
173.213071  0.000007
173.233071  0.000028
173.253070  -0.000003
173.273069  0.000007
173.293068  0.000028
173.313067  0.000007
173.333067  -0.000003
173.353066  0.000018
173.373065  -0.000013
173.393064  0.000018
173.413063  0.000018
173.433063  -0.000003
173.453062  -0.000023
173.473061  0.000007
173.493060  0.000007
173.513059  0.000018
173.533059  0.000038
173.553058  0.000018
173.573057  0.000007
173.593056  -0.000003
173.613055  -0.000003
173.633055  0.000018
173.653054  0.000007
173.673053  -0.000003
173.693052  -0.000003
173.713051  0.000007
173.733051  0.000018
173.753050  -0.000003
173.773049  0.000018
173.793048  -0.000003
173.813047  -0.000003
173.833047  0.000018
173.853046  0.000028
173.873045  0.000007
173.893044  0.000018
173.913043  -0.000003
173.933043  0.000028
173.953042  0.000007
173.973041  -0.000003
173.993040  0.000018
174.013039  -0.000013
174.033039  0.000038
174.053038  -0.000013
174.073037  -0.000003
174.093036  -0.000003
174.113035  0.000007
174.133035  -0.000003
174.153034  0.000007
174.173033  0.000007
174.193032  0.000007
174.213031  0.000018
174.233031  -0.000003
174.253030  -0.000003
174.273029  0.000018
174.293028  -0.000023
174.313027  0.000007
174.333027  0.000018
174.353026  -0.000003
174.373025  0.000028
174.393024  0.000007
174.413023  0.000018
174.433023  0.000018
174.453022  0.000007
174.473021  0.000007
174.493020  0.000018
174.513019  0.000028
174.533019  -0.000003
174.553018  -0.000003
174.573017  -0.000003
174.593016  0.000018
174.613015  -0.000013
174.633015  -0.000003
174.653014  -0.000013
174.673013  -0.000003
174.693012  -0.000013
174.713011  -0.000003
174.733011  0.000018
174.753010  0.000018
174.773009  0.000018
174.793008  -0.000013
174.813007  0.000007
174.833007  -0.000003
174.853006  -0.000013
174.873005  0.000018
174.893004  -0.000003
174.913003  -0.000003
174.933003  0.000007
174.953002  0.000007
174.973001  0.000018
174.993000  0.000007
175.012999  -0.000023
175.032999  -0.000003
175.052998  0.000018
175.072997  0.000007
175.092996  0.000018
175.112995  -0.000003
175.132995  0.000018
175.152994  0.000018
175.172993  0.000007
175.192992  -0.000013
175.212991  0.000007
175.232991  0.000018
175.252990  -0.000003
175.272989  0.000028
175.292988  0.000028
175.312987  0.000018
175.332987  -0.000003
175.352986  0.000018
175.372985  -0.000013
175.392984  -0.000003
175.412983  0.000018
175.432983  0.000028
175.452982  0.000018
175.472981  -0.000003
175.492980  -0.000013
175.512979  0.000007
175.532979  0.000018
175.552978  -0.000003
175.572977  -0.000013
175.592976  -0.000003
175.612975  -0.000003
175.632975  -0.000003
175.652974  -0.000013
175.672973  0.000018
175.692972  0.000007
175.712971  0.000007
175.732971  0.000007
175.752970  0.000007
175.772969  0.000007
175.792968  0.000007
175.812967  -0.000003
175.832967  0.000018
175.852966  -0.000013
175.872965  0.000007
175.892964  -0.000003
175.912963  0.000007
175.932963  0.000018
175.952962  0.000018
175.972961  -0.000003
175.992960  0.000018
176.012959  0.000018
176.032959  0.000028
176.052958  0.000018
176.072957  -0.000003
176.092956  0.000018
176.112955  -0.000013
176.132955  0.000007
176.152954  0.000018
176.172953  -0.000003
176.192952  -0.000013
176.212951  0.000007
176.232951  0.000007
176.252950  -0.000003
176.272949  0.000018
176.292948  -0.000003
176.312947  0.000018
176.332947  0.000018
176.352946  -0.000003
176.372945  0.000018
176.392944  0.000028
176.412943  -0.000003
176.432943  0.000018
176.452942  0.000018
176.472941  0.000007
176.492940  -0.000013
176.512939  0.000018
176.532939  -0.000003
176.552938  -0.000003
176.572937  0.000018
176.592936  0.000018
176.612935  0.000018
176.632935  -0.000003
176.652934  0.000007
176.672933  -0.000003
176.692932  0.000007
176.712931  0.000018
176.732931  -0.000003
176.752930  0.000018
176.772929  0.000007
176.792928  0.000018
176.812927  -0.000003
176.832927  0.000028
176.852926  0.000007
176.872925  -0.000013
176.892924  0.000018
176.912923  0.000018
176.932923  -0.000013
176.952922  0.000018
176.972921  0.000007
176.992920  0.000007
177.012919  0.000007
177.032919  0.000028
177.052918  -0.000003
177.072917  -0.000013
177.092916  0.000018
177.112915  -0.000003
177.132915  0.000018
177.152914  -0.000003
177.172913  0.000018
177.192912  0.000018
177.212911  0.000018
177.232911  -0.000003
177.252910  0.000007
177.272909  -0.000003
177.292908  0.000018
177.312907  -0.000003
177.332907  0.000007
177.352906  0.000007
177.372905  0.000007
177.392904  -0.000013
177.412903  0.000007
177.432903  0.000028
177.452902  0.000007
177.472901  0.000028
177.492900  0.000018
177.512899  0.000028
177.532899  -0.000013
177.552898  0.000028
177.572897  0.000018
177.592896  0.000018
177.612895  0.000028
177.632895  0.000018
177.652894  -0.000013
177.672893  0.000018
177.692892  0.000007
177.712891  0.000007
177.732891  0.000018
177.752890  0.000018
177.772889  -0.000003
177.792888  -0.000003
177.812887  0.000007
177.832887  -0.000003
177.852886  -0.000003
177.872885  -0.000003
177.892884  -0.000013
177.912883  0.000018
177.932883  -0.000003
177.952882  -0.000013
177.972881  0.000018
177.992880  0.000018
178.012879  0.000007
178.032879  0.000018
178.052878  0.000028
178.072877  0.000007
178.092876  -0.000013
178.112875  0.000007
178.132875  0.000018
178.152874  0.000007
178.172873  0.000007
178.192872  0.000018
178.212871  -0.000003
178.232871  0.000028
178.252870  -0.000023
178.272869  0.000007
178.292868  -0.000003
178.312867  0.000007
178.332867  0.000028
178.352866  -0.000003
178.372865  0.000007
178.392864  0.000018
178.412863  0.000028
178.432863  -0.000003
178.452862  0.000028
178.472861  0.000018
178.492860  0.000018
178.512859  0.000018
178.532859  0.000007
178.552858  0.000007
178.572857  0.000018
178.592856  -0.000003
178.612855  0.000018
178.632855  -0.000003
178.652854  0.000018
178.672853  -0.000003
178.692852  0.000007
178.712851  0.000018
178.732851  -0.000033
178.752850  0.000007
178.772849  0.000007
178.792848  0.000007
178.812847  0.000018
178.832847  0.000007
178.852846  0.000007
178.872845  0.000007
178.892844  0.000007
178.912843  -0.000013
178.932843  0.000007
178.952842  -0.000003
178.972841  0.000007
178.992840  0.000007
179.012839  -0.000003
179.032839  -0.000003
179.052838  0.000018
179.072837  0.000007
179.092836  -0.000003
179.112835  0.000018
179.132835  0.000018
179.152834  0.000018
179.172833  -0.000003
179.192832  -0.000003
179.212831  0.000018
179.232831  0.000007
179.252830  -0.000003
179.272829  -0.000013
179.292828  -0.000013
179.312827  -0.000003
179.332827  0.000007
179.352826  0.000018
179.372825  -0.000023
179.392824  0.000007
179.412823  -0.000003
179.432823  0.000007
179.452822  -0.000003
179.472821  0.000007
179.492820  -0.000003
179.512819  0.000007
179.532819  -0.000003
179.552818  0.000028
179.572817  0.000007
179.592816  0.000018
179.612815  -0.000003
179.632815  -0.000013
179.652814  0.000018
179.672813  -0.000003
179.692812  0.000018
179.712811  0.000018
179.732811  0.000018
179.752810  -0.000003
179.772809  0.000007
179.792808  -0.000003
179.812807  0.000007
179.832807  -0.000003
179.852806  0.000018
179.872805  0.000018
179.892804  0.000007
179.912803  -0.000013
179.932803  -0.000013
179.952802  0.000028
179.972801  0.000018
179.992800  -0.000023
180.012799  0.000018
180.032799  -0.000339
180.052798  -0.000370
180.072797  -0.000584
180.092796  -0.000574
180.112795  -0.001074
180.132795  -0.001237
180.152794  -0.000788
180.172793  -0.001207
180.192792  -0.001646
180.212791  -0.001339
180.232791  -0.001319
180.252790  -0.001666
180.272789  -0.001727
180.292788  -0.001717
180.312787  -0.001748
180.332787  -0.001880
180.352786  -0.002003
180.372785  -0.001962
180.392784  -0.002033
180.412783  -0.002186
180.432783  -0.002227
180.452782  -0.002258
180.472781  -0.002329
180.492780  -0.002401
180.512779  -0.002452
180.532779  -0.002493
180.552778  -0.002554
180.572777  -0.002646
180.592776  -0.002697
180.612775  -0.002768
180.632775  -0.002788
180.652774  -0.002890
180.672773  -0.002941
180.692772  -0.002993
180.712771  -0.003074
180.732771  -0.003135
180.752770  -0.003197
180.772769  -0.003207
180.792768  -0.003329
180.812767  -0.003350
180.832767  -0.003411
180.852766  -0.003482
180.872765  -0.003533
180.892764  -0.003564
180.912763  -0.003635
180.932763  -0.003676
180.952762  -0.003758
180.972761  -0.003819
180.992760  -0.003850
181.012759  -0.003901
181.032759  -0.003931
181.052758  -0.004013
181.072757  -0.004033
181.092756  -0.004125
181.112755  -0.004166
181.132755  -0.004207
181.152754  -0.004248
181.172753  -0.004319
181.192752  -0.004370
181.212751  -0.004421
181.232751  -0.004462
181.252750  -0.004523
181.272749  -0.004574
181.292748  -0.004615
181.312747  -0.004666
181.332747  -0.004727
181.352746  -0.004758
181.372745  -0.004809
181.392744  -0.004860
181.412743  -0.004911
181.432743  -0.004931
181.452742  -0.004992
181.472741  -0.005054
181.492740  -0.005095
181.512739  -0.005135
181.532739  -0.005197
181.552738  -0.005227
181.572737  -0.005268
181.592736  -0.005299
181.612735  -0.005339
181.632735  -0.005360
181.652734  -0.005431
181.672733  -0.005472
181.692732  -0.005513
181.712731  -0.005564
181.732731  -0.005584
181.752730  -0.005635
181.772729  -0.005666
181.792728  -0.005737
181.812727  -0.005788
181.832727  -0.005809
181.852726  -0.005839
181.872725  -0.005870
181.892724  -0.005931
181.912723  -0.005972
181.932723  -0.006003
181.952722  -0.006023
181.972721  -0.006074
181.992720  -0.006125
182.012719  -0.006115
182.032719  -0.006176
182.052718  -0.006207
182.072717  -0.006248
182.092716  -0.006288
182.112715  -0.006329
182.132715  -0.006380
182.152714  -0.006411
182.172713  -0.006452
182.192712  -0.006462
182.212711  -0.006513
182.232711  -0.006533
182.252710  -0.006594
182.272709  -0.006594
182.292708  -0.006645
182.312707  -0.006697
182.332707  -0.006697
182.352706  -0.006737
182.372705  -0.006778
182.392704  -0.006788
182.412703  -0.006860
182.432703  -0.006870
182.452702  -0.006901
182.472701  -0.006931
182.492700  -0.006962
182.512699  -0.007003
182.532699  -0.007043
182.552698  -0.007054
182.572697  -0.007084
182.592696  -0.007125
182.612695  -0.007166
182.632695  -0.007186
182.652694  -0.007176
182.672693  -0.007278
182.692692  -0.007248
182.712691  -0.007299
182.732691  -0.007319
182.752690  -0.007380
182.772689  -0.007380
182.792688  -0.007421
182.812687  -0.007431
182.832687  -0.007452
182.852686  -0.007513
182.872685  -0.007503
182.892684  -0.007533
182.912683  -0.007564
182.932683  -0.007615
182.952682  -0.007625
182.972681  -0.007645
182.992680  -0.007686
183.012679  -0.007696
183.032679  -0.007748
183.052678  -0.007748
183.072677  -0.007778
183.092676  -0.007799
183.112675  -0.007839
183.132675  -0.007839
183.152674  -0.007890
183.172673  -0.007890
183.192672  -0.007911
183.212671  -0.007941
183.232671  -0.007982
183.252670  -0.007992
183.272669  -0.008023
183.292668  -0.008054
183.312667  -0.008084
183.332667  -0.008094
183.352666  -0.008125
183.372665  -0.008166
183.392664  -0.008166
183.412663  -0.008217
183.432663  -0.008196
183.452662  -0.008217
183.472661  -0.008258
183.492660  -0.008288
183.512659  -0.008319
183.532659  -0.008339
183.552658  -0.008339
183.572657  -0.008370
183.592656  -0.008401
183.612655  -0.008411
183.632655  -0.008452
183.652654  -0.008452
183.672653  -0.008482
183.692652  -0.008503
183.712651  -0.008513
183.732651  -0.008554
183.752650  -0.008574
183.772649  -0.008605
183.792648  -0.008615
183.812647  -0.008635
183.832647  -0.008666
183.852646  -0.008686
183.872645  -0.008717
183.892644  -0.008737
183.912643  -0.008717
183.932643  -0.008747
183.952642  -0.008768
183.972641  -0.008809
183.992640  -0.008839
184.012639  -0.008880
184.032639  -0.008870
184.052638  -0.008890
184.072637  -0.008880
184.092636  -0.008941
184.112635  -0.008941
184.132635  -0.008982
184.152634  -0.008962
184.172633  -0.008982
184.192632  -0.009023
184.212631  -0.009033
184.232631  -0.009043
184.252630  -0.009074
184.272629  -0.009084
184.292628  -0.009115
184.312627  -0.009125
184.332627  -0.009125
184.352626  -0.009166
184.372625  -0.009186
184.392624  -0.009217
184.412623  -0.009227
184.432623  -0.009258
184.452622  -0.009247
184.472621  -0.009278
184.492620  -0.009299
184.512619  -0.009319
184.532619  -0.009350
184.552618  -0.009370
184.572617  -0.009380
184.592616  -0.009390
184.612615  -0.009411
184.632615  -0.009411
184.652614  -0.009441
184.672613  -0.009452
184.692612  -0.009472
184.712611  -0.009492
184.732611  -0.009533
184.752610  -0.009533
184.772609  -0.009564
184.792608  -0.009554
184.812607  -0.009605
184.832607  -0.009605
184.852606  -0.009635
184.872605  -0.009645
184.892604  -0.009645
184.912603  -0.009676
184.932603  -0.009696
184.952602  -0.009717
184.972601  -0.009707
184.992600  -0.009747
185.012599  -0.009758
185.032599  -0.009778
185.052598  -0.009809
185.072597  -0.009829
185.092596  -0.009829
185.112595  -0.009850
185.132595  -0.009880
185.152594  -0.009880
185.172593  -0.009901
185.192592  -0.009911
185.212591  -0.009921
185.232591  -0.009931
185.252590  -0.009982
185.272589  -0.009982
185.292588  -0.009992
185.312587  -0.010023
185.332587  -0.010023
185.352586  -0.010033
185.372585  -0.010074
185.392584  -0.010074
185.412583  -0.010094
185.432583  -0.010115
185.452582  -0.010125
185.472581  -0.010166
185.492580  -0.010166
185.512579  -0.010176
185.532579  -0.010186
185.552578  -0.010227
185.572577  -0.010217
185.592576  -0.010247
185.612575  -0.010258
185.632575  -0.010288
185.652574  -0.010298
185.672573  -0.010309
185.692572  -0.010329
185.712571  -0.010329
185.732571  -0.010360
185.752570  -0.010329
185.772569  -0.010380
185.792568  -0.010380
185.812567  -0.010411
185.832567  -0.010411
185.852566  -0.010452
185.872565  -0.010452
185.892564  -0.010472
185.912563  -0.010492
185.932563  -0.010482
185.952562  -0.010513
185.972561  -0.010503
185.992560  -0.010554
186.012559  -0.010564
186.032559  -0.010584
186.052558  -0.010605
186.072557  -0.010615
186.092556  -0.010615
186.112555  -0.010645
186.132555  -0.010645
186.152554  -0.010656
186.172553  -0.010686
186.192552  -0.010707
186.212551  -0.010707
186.232551  -0.010717
186.252550  -0.010747
186.272549  -0.010758
186.292548  -0.010768
186.312547  -0.010768
186.332547  -0.010788
186.352546  -0.010788
186.372545  -0.010829
186.392544  -0.010829
186.412543  -0.010849
186.432543  -0.010870
186.452542  -0.010911
186.472541  -0.010911
186.492540  -0.010931
186.512539  -0.010921
186.532539  -0.010952
186.552538  -0.010962
186.572537  -0.010972
186.592536  -0.010972
186.612535  -0.010992
186.632535  -0.011023
186.652534  -0.011023
186.672533  -0.011043
186.692532  -0.011054
186.712531  -0.011094
186.732531  -0.011105
186.752530  -0.011094
186.772529  -0.011115
186.792528  -0.011125
186.812527  -0.011145
186.832527  -0.011145
186.852526  -0.011166
186.872525  -0.011196
186.892524  -0.011186
186.912523  -0.011227
186.932523  -0.011237
186.952522  -0.011237
186.972521  -0.011247
186.992520  -0.011278
187.012519  -0.011298
187.032519  -0.011288
187.052518  -0.011329
187.072517  -0.011329
187.092516  -0.011360
187.112515  -0.011349
187.132515  -0.011349
187.152514  -0.011411
187.172513  -0.011401
187.192512  -0.011431
187.212511  -0.011441
187.232511  -0.011441
187.252510  -0.011431
187.272509  -0.011472
187.292508  -0.011482
187.312507  -0.011482
187.332507  -0.011492
187.352506  -0.011513
187.372505  -0.011533
187.392504  -0.011564
187.412503  -0.011554
187.432503  -0.011615
187.452502  -0.011615
187.472501  -0.011605
187.492500  -0.011625
187.512500  -0.011645
187.532499  -0.011676
187.552498  -0.011645
187.572497  -0.011666
187.592496  -0.011686
187.612496  -0.011727
187.632495  -0.011717
187.652494  -0.011747
187.672493  -0.011768
187.692492  -0.011768
187.712492  -0.011768
187.732491  -0.011788
187.752490  -0.011798
187.772489  -0.011839
187.792488  -0.011819
187.812488  -0.011849
187.832487  -0.011849
187.852486  -0.011880
187.872485  -0.011880
187.892484  -0.011880
187.912484  -0.011921
187.932483  -0.011921
187.952482  -0.011931
187.972481  -0.011931
187.992480  -0.011972
188.012480  -0.011992
188.032479  -0.011992
188.052478  -0.012013
188.072477  -0.012003
188.092476  -0.012043
188.112476  -0.012054
188.132475  -0.012054
188.152474  -0.012064
188.172473  -0.012084
188.192472  -0.012094
188.212472  -0.012105
188.232471  -0.012135
188.252470  -0.012145
188.272469  -0.012145
188.292468  -0.012176
188.312468  -0.012196
188.332467  -0.012207
188.352466  -0.012207
188.372465  -0.012217
188.392464  -0.012268
188.412464  -0.012227
188.432463  -0.012247
188.452462  -0.012268
188.472461  -0.012298
188.492460  -0.012319
188.512460  -0.012319
188.532459  -0.012309
188.552458  -0.012370
188.572457  -0.012339
188.592456  -0.012370
188.612456  -0.012411
188.632455  -0.012380
188.652454  -0.012431
188.672453  -0.012421
188.692452  -0.012431
188.712452  -0.012431
188.732451  -0.012462
188.752450  -0.012472
188.772449  -0.012492
188.792448  -0.012503
188.812448  -0.012513
188.832447  -0.012523
188.852446  -0.012543
188.872445  -0.012564
188.892444  -0.012564
188.912444  -0.012574
188.932443  -0.012594
188.952442  -0.012605
188.972441  -0.012635
188.992440  -0.012625
189.012440  -0.012615
189.032439  -0.012666
189.052438  -0.012666
189.072437  -0.012676
189.092436  -0.012696
189.112436  -0.012727
189.132435  -0.012727
189.152434  -0.012717
189.172433  -0.012758
189.192432  -0.012768
189.212432  -0.012798
189.232431  -0.012788
189.252430  -0.012798
189.272429  -0.012819
189.292428  -0.012829
189.312428  -0.012829
189.332427  -0.012870
189.352426  -0.012860
189.372425  -0.012900
189.392424  -0.012880
189.412424  -0.012911
189.432423  -0.012931
189.452422  -0.012941
189.472421  -0.012972
189.492420  -0.012972
189.512420  -0.012982
189.532419  -0.013013
189.552418  -0.013013
189.572417  -0.013013
189.592416  -0.013023
189.612416  -0.013043
189.632415  -0.013043
189.652414  -0.013084
189.672413  -0.013115
189.692412  -0.013074
189.712412  -0.013094
189.732411  -0.013115
189.752410  -0.013125
189.772409  -0.013156
189.792408  -0.013166
189.812408  -0.013196
189.832407  -0.013196
189.852406  -0.013166
189.872405  -0.013207
189.892404  -0.013217
189.912404  -0.013217
189.932403  -0.013247
189.952402  -0.013247
189.972401  -0.013298
189.992400  -0.013288
190.012400  -0.013309
190.032399  -0.013309
190.052398  -0.013329
190.072397  -0.013339
190.092396  -0.013349
190.112396  -0.013360
190.132395  -0.013370
190.152394  -0.013421
190.172393  -0.013400
190.192392  -0.013431
190.212392  -0.013441
190.232391  -0.013441
190.252390  -0.013451
190.272389  -0.013482
190.292388  -0.013503
190.312388  -0.013513
190.332387  -0.013503
190.352386  -0.013533
190.372385  -0.013543
190.392384  -0.013533
190.412384  -0.013543
190.432383  -0.013584
190.452382  -0.013564
190.472381  -0.013594
190.492380  -0.013625
190.512380  -0.013605
190.532379  -0.013666
190.552378  -0.013666
190.572377  -0.013656
190.592376  -0.013656
190.612376  -0.013696
190.632375  -0.013686
190.652374  -0.013727
190.672373  -0.013747
190.692372  -0.013758
190.712372  -0.013747
190.732371  -0.013798
190.752370  -0.013798
190.772369  -0.013788
190.792368  -0.013819
190.812368  -0.013798
190.832367  -0.013849
190.852366  -0.013860
190.872365  -0.013860
190.892364  -0.013870
190.912364  -0.013890
190.932363  -0.013900
190.952362  -0.013900
190.972361  -0.013951
190.992360  -0.013951
191.012360  -0.013962
191.032359  -0.013972
191.052358  -0.013972
191.072357  -0.014002
191.092356  -0.014002
191.112356  -0.014013
191.132355  -0.014033
191.152354  -0.014033
191.172353  -0.014084
191.192352  -0.014084
191.212352  -0.014074
191.232351  -0.014094
191.252350  -0.014125
191.272349  -0.014125
191.292348  -0.014115
191.312348  -0.014135
191.332347  -0.014166
191.352346  -0.014166
191.372345  -0.014186
191.392344  -0.014196
191.412344  -0.014207
191.432343  -0.014227
191.452342  -0.014247
191.472341  -0.014268
191.492340  -0.014258
191.512340  -0.014278
191.532339  -0.014288
191.552338  -0.014329
191.572337  -0.014329
191.592336  -0.014339
191.612336  -0.014349
191.632335  -0.014370
191.652334  -0.014370
191.672333  -0.014390
191.692332  -0.014411
191.712332  -0.014400
191.732331  -0.014451
191.752330  -0.014421
191.772329  -0.014431
191.792328  -0.014462
191.812328  -0.014482
191.832327  -0.014462
191.852326  -0.014502
191.872325  -0.014523
191.892324  -0.014523
191.912324  -0.014513
191.932323  -0.014574
191.952322  -0.014554
191.972321  -0.014564
191.992320  -0.014584
192.012320  -0.014574
192.032319  -0.014625
192.052318  -0.014625
192.072317  -0.014615
192.092316  -0.014645
192.112316  -0.014666
192.132315  -0.014656
192.152314  -0.014696
192.172313  -0.014696
192.192312  -0.014717
192.212312  -0.014737
192.232311  -0.014727
192.252310  -0.014768
192.272309  -0.014747
192.292308  -0.014778
192.312308  -0.014747
192.332307  -0.014809
192.352306  -0.014809
192.372305  -0.014819
192.392304  -0.014829
192.412304  -0.014829
192.432303  -0.014849
192.452302  -0.014880
192.472301  -0.014860
192.492300  -0.014890
192.512300  -0.014900
192.532299  -0.014911
192.552298  -0.014931
192.572297  -0.014962
192.592296  -0.014982
192.612296  -0.014962
192.632295  -0.014962
192.652294  -0.015002
192.672293  -0.015002
192.692292  -0.015013
192.712292  -0.015013
192.732291  -0.015043
192.752290  -0.015074
192.772289  -0.015064
192.792288  -0.015074
192.812288  -0.015094
192.832287  -0.015115
192.852286  -0.015115
192.872285  -0.015115
192.892284  -0.015135
192.912284  -0.015166
192.932283  -0.015186
192.952282  -0.015156
192.972281  -0.015196
192.992280  -0.015207
193.012280  -0.015227
193.032279  -0.015217
193.052278  -0.015258
193.072277  -0.015247
193.092276  -0.015258
193.112276  -0.015258
193.132275  -0.015268
193.152274  -0.015309
193.172273  -0.015329
193.192272  -0.015329
193.212272  -0.015360
193.232271  -0.015360
193.252270  -0.015360
193.272269  -0.015370
193.292268  -0.015400
193.312268  -0.015421
193.332267  -0.015411
193.352266  -0.015431
193.372265  -0.015451
193.392264  -0.015462
193.412264  -0.015462
193.432263  -0.015482
193.452262  -0.015492
193.472261  -0.015502
193.492260  -0.015523
193.512260  -0.015523
193.532259  -0.015533
193.552258  -0.015574
193.572257  -0.015553
193.592256  -0.015584
193.612256  -0.015615
193.632255  -0.015605
193.652254  -0.015625
193.672253  -0.015656
193.692252  -0.015635
193.712252  -0.015676
193.732251  -0.015686
193.752250  -0.015696
193.772249  -0.015696
193.792248  -0.015717
193.812248  -0.015717
193.832247  -0.015737
193.852246  -0.015737
193.872245  -0.015768
193.892244  -0.015768
193.912244  -0.015768
193.932243  -0.015778
193.952242  -0.015819
193.972241  -0.015809
193.992240  -0.015839
194.012240  -0.015839
194.032239  -0.015860
194.052238  -0.015870
194.072237  -0.015870
194.092236  -0.015911
194.112236  -0.015911
194.132235  -0.015921
194.152234  -0.015921
194.172233  -0.015982
194.192232  -0.015972
194.212232  -0.015972
194.232231  -0.015972
194.252230  -0.015992
194.272229  -0.016033
194.292228  -0.016023
194.312228  -0.016033
194.332227  -0.016043
194.352226  -0.016074
194.372225  -0.016074
194.392224  -0.016104
194.412224  -0.016064
194.432223  -0.016125
194.452222  -0.016125
194.472221  -0.016125
194.492220  -0.016135
194.512220  -0.016145
194.532219  -0.016186
194.552218  -0.016196
194.572217  -0.016196
194.592216  -0.016217
194.612216  -0.016227
194.632215  -0.016237
194.652214  -0.016268
194.672213  -0.016258
194.692212  -0.016268
194.712212  -0.016298
194.732211  -0.016329
194.752210  -0.016309
194.772209  -0.016319
194.792208  -0.016329
194.812208  -0.016370
194.832207  -0.016380
194.852206  -0.016380
194.872205  -0.016370
194.892204  -0.016400
194.912204  -0.016411
194.932203  -0.016421
194.952202  -0.016441
194.972201  -0.016421
194.992200  -0.016472
195.012200  -0.016462
195.032199  -0.016492
195.052198  -0.016492
195.072197  -0.016502
195.092196  -0.016523
195.112196  -0.016543
195.132195  -0.016553
195.152194  -0.016553
195.172193  -0.016584
195.192192  -0.016584
195.212192  -0.016604
195.232191  -0.016615
195.252190  -0.016615
195.272189  -0.016656
195.292188  -0.016666
195.312188  -0.016656
195.332187  -0.016696
195.352186  -0.016676
195.372185  -0.016707
195.392184  -0.016696
195.412184  -0.016707
195.432183  -0.016717
195.452182  -0.016737
195.472181  -0.016758
195.492180  -0.016758
195.512180  -0.016788
195.532179  -0.016809
195.552178  -0.016798
195.572177  -0.016819
195.592176  -0.016819
195.612176  -0.016849
195.632175  -0.016860
195.652174  -0.016860
195.672173  -0.016911
195.692172  -0.016880
195.712172  -0.016911
195.732171  -0.016921
195.752170  -0.016931
195.772169  -0.016962
195.792168  -0.016951
195.812168  -0.016982
195.832167  -0.016992
195.852166  -0.017013
195.872165  -0.016992
195.892164  -0.017023
195.912164  -0.017043
195.932163  -0.017043
195.952162  -0.017064
195.972161  -0.017074
195.992160  -0.017104
196.012160  -0.017104
196.032159  -0.017104
196.052158  -0.017135
196.072157  -0.017145
196.092156  -0.017155
196.112156  -0.017135
196.132155  -0.017145
196.152154  -0.017186
196.172153  -0.017207
196.192152  -0.017207
196.212152  -0.017217
196.232151  -0.017247
196.252150  -0.017258
196.272149  -0.017258
196.292148  -0.017278
196.312148  -0.017268
196.332147  -0.017319
196.352146  -0.017319
196.372145  -0.017329
196.392144  -0.017339
196.412144  -0.017360
196.432143  -0.017329
196.452142  -0.017370
196.472141  -0.017370
196.492140  -0.017411
196.512140  -0.017390
196.532139  -0.017441
196.552138  -0.017411
196.572137  -0.017451
196.592136  -0.017441
196.612136  -0.017451
196.632135  -0.017492
196.652134  -0.017502
196.672133  -0.017482
196.692132  -0.017492
196.712132  -0.017543
196.732131  -0.017574
196.752130  -0.017564
196.772129  -0.017584
196.792128  -0.017604
196.812128  -0.017604
196.832127  -0.017615
196.852126  -0.017625
196.872125  -0.017645
196.892124  -0.017655
196.912124  -0.017666
196.932123  -0.017676
196.952122  -0.017696
196.972121  -0.017717
196.992120  -0.017707
197.012120  -0.017758
197.032119  -0.017747
197.052118  -0.017788
197.072117  -0.017758
197.092116  -0.017788
197.112116  -0.017798
197.132115  -0.017798
197.152114  -0.017809
197.172113  -0.017849
197.192112  -0.017880
197.212112  -0.017849
197.232111  -0.017860
197.252110  -0.017890
197.272109  -0.017921
197.292108  -0.017911
197.312108  -0.017921
197.332107  -0.017921
197.352106  -0.017972
197.372105  -0.017972
197.392104  -0.017972
197.412104  -0.017992
197.432103  -0.018023
197.452102  -0.018013
197.472101  -0.018033
197.492100  -0.018033
197.512100  -0.018053
197.532099  -0.018064
197.552098  -0.018074
197.572097  -0.018084
197.592096  -0.018125
197.612096  -0.018104
197.632095  -0.018135
197.652094  -0.018155
197.672093  -0.018155
197.692092  -0.018206
197.712092  -0.018176
197.732091  -0.018227
197.752090  -0.018227
197.772089  -0.018206
197.792088  -0.018237
197.812088  -0.018237
197.832087  -0.018268
197.852086  -0.018278
197.872085  -0.018278
197.892084  -0.018298
197.912084  -0.018329
197.932083  -0.018329
197.952082  -0.018319
197.972081  -0.018349
197.992080  -0.018380
198.012080  -0.018370
198.032079  -0.018390
198.052078  -0.018411
198.072077  -0.018421
198.092076  -0.018421
198.112076  -0.018431
198.132075  -0.018462
198.152074  -0.018462
198.172073  -0.018472
198.192072  -0.018482
198.212072  -0.018513
198.232071  -0.018513
198.252070  -0.018523
198.272069  -0.018543
198.292068  -0.018574
198.312068  -0.018553
198.332067  -0.018574
198.352066  -0.018594
198.372065  -0.018615
198.392064  -0.018615
198.412064  -0.018625
198.432063  -0.018645
198.452062  -0.018686
198.472061  -0.018666
198.492060  -0.018666
198.512060  -0.018696
198.532059  -0.018706
198.552058  -0.018717
198.572057  -0.018717
198.592056  -0.018737
198.612056  -0.018747
198.632055  -0.018758
198.652054  -0.018778
198.672053  -0.018788
198.692052  -0.018798
198.712052  -0.018809
198.732051  -0.018819
198.752050  -0.018839
198.772049  -0.018860
198.792048  -0.018860
198.812048  -0.018880
198.832047  -0.018890
198.852046  -0.018921
198.872045  -0.018900
198.892044  -0.018921
198.912044  -0.018931
198.932043  -0.018951
198.952042  -0.018962
198.972041  -0.018951
198.992040  -0.018992
199.012040  -0.019023
199.032039  -0.019013
199.052038  -0.019023
199.072037  -0.019033
199.092036  -0.019033
199.112036  -0.019043
199.132035  -0.019053
199.152034  -0.019084
199.172033  -0.019074
199.192032  -0.019115
199.212032  -0.019125
199.232031  -0.019135
199.252030  -0.019145
199.272029  -0.019186
199.292028  -0.019176
199.312028  -0.019186
199.332027  -0.019227
199.352026  -0.019186
199.372025  -0.019227
199.392024  -0.019227
199.412024  -0.019278
199.432023  -0.019257
199.452022  -0.019278
199.472021  -0.019278
199.492020  -0.019298
199.512020  -0.019278
199.532019  -0.019309
199.552018  -0.019349
199.572017  -0.019370
199.592016  -0.019349
199.612016  -0.019380
199.632015  -0.019400
199.652014  -0.019400
199.672013  -0.019431
199.692012  -0.019421
199.712012  -0.019431
199.732011  -0.019441
199.752010  -0.019451
199.772009  -0.019482
199.792008  -0.019502
199.812008  -0.019492
199.832007  -0.019513
199.852006  -0.019523
199.872005  -0.019523
199.892004  -0.019553
199.912004  -0.019564
199.932003  -0.019584
199.952002  -0.019574
199.972001  -0.019604
199.992000  -0.019594
200.012000  -0.019625
200.031999  -0.019635
200.051998  -0.019645
200.071997  -0.019655
200.091996  -0.019676
200.111996  -0.019696
200.131995  -0.019706
200.151994  -0.019696
200.171993  -0.019727
200.191992  -0.019747
200.211992  -0.019737
200.231991  -0.019768
200.251990  -0.019768
200.271989  -0.019809
200.291988  -0.019819
200.311988  -0.019839
200.331987  -0.019829
200.351986  -0.019829
200.371985  -0.019860
200.391984  -0.019870
200.411984  -0.019880
200.431983  -0.019890
200.451982  -0.019880
200.471981  -0.019900
200.491980  -0.019931
200.511980  -0.019962
200.531979  -0.019962
200.551978  -0.019921
200.571977  -0.019972
200.591976  -0.019992
200.611976  -0.020013
200.631975  -0.019982
200.651974  -0.020023
200.671973  -0.020043
200.691972  -0.020023
200.711972  -0.020043
200.731971  -0.020074
200.751970  -0.020104
200.771969  -0.020104
200.791968  -0.020115
200.811968  -0.020135
200.831967  -0.020145
200.851966  -0.020145
200.871965  -0.020166
200.891964  -0.020176
200.911964  -0.020206
200.931963  -0.020196
200.951962  -0.020206
200.971961  -0.020206
200.991960  -0.020237
201.011960  -0.020257
201.031959  -0.020237
201.051958  -0.020257
201.071957  -0.020288
201.091956  -0.020298
201.111956  -0.020308
201.131955  -0.020308
201.151954  -0.020349
201.171953  -0.020339
201.191952  -0.020349
201.211952  -0.020380
201.231951  -0.020390
201.251950  -0.020370
201.271949  -0.020380
201.291948  -0.020421
201.311948  -0.020441
201.331947  -0.020441
201.351946  -0.020462
201.371945  -0.020472
201.391944  -0.020492
201.411944  -0.020492
201.431943  -0.020492
201.451942  -0.020513
201.471941  -0.020533
201.491940  -0.020523
201.511940  -0.020543
201.531939  -0.020553
201.551938  -0.020594
201.571937  -0.020584
201.591936  -0.020594
201.611936  -0.020615
201.631935  -0.020655
201.651934  -0.020615
201.671933  -0.020625
201.691932  -0.020645
201.711932  -0.020666
201.731931  -0.020696
201.751930  -0.020686
201.771929  -0.020706
201.791928  -0.020706
201.811928  -0.020727
201.831927  -0.020706
201.851926  -0.020778
201.871925  -0.020768
201.891924  -0.020788
201.911924  -0.020798
201.931923  -0.020798
201.951922  -0.020808
201.971921  -0.020829
201.991920  -0.020839
202.011920  -0.020839
202.031919  -0.020870
202.051918  -0.020839
202.071917  -0.020880
202.091916  -0.020890
202.111916  -0.020911
202.131915  -0.020900
202.151914  -0.020931
202.171913  -0.020941
202.191912  -0.020962
202.211912  -0.020962
202.231911  -0.020962
202.251910  -0.020962
202.271909  -0.021002
202.291908  -0.021023
202.311908  -0.021033
202.331907  -0.021033
202.351906  -0.021043
202.371905  -0.021043
202.391904  -0.021064
202.411904  -0.021094
202.431903  -0.021094
202.451902  -0.021104
202.471901  -0.021125
202.491900  -0.021145
202.511900  -0.021145
202.531899  -0.021155
202.551898  -0.021166
202.571897  -0.021196
202.591896  -0.021186
202.611896  -0.021176
202.631895  -0.021217
202.651894  -0.021237
202.671893  -0.021227
202.691892  -0.021247
202.711892  -0.021247
202.731891  -0.021278
202.751890  -0.021288
202.771889  -0.021298
202.791888  -0.021319
202.811888  -0.021319
202.831887  -0.021329
202.851886  -0.021349
202.871885  -0.021349
202.891884  -0.021370
202.911884  -0.021370
202.931883  -0.021411
202.951882  -0.021421
202.971881  -0.021400
202.991880  -0.021400
203.011880  -0.021441
203.031879  -0.021441
203.051878  -0.021472
203.071877  -0.021451
203.091876  -0.021482
203.111876  -0.021492
203.131875  -0.021513
203.151874  -0.021513
203.171873  -0.021543
203.191872  -0.021553
203.211872  -0.021574
203.231871  -0.021584
203.251870  -0.021564
203.271869  -0.021594
203.291868  -0.021604
203.311868  -0.021635
203.331867  -0.021635
203.351866  -0.021655
203.371865  -0.021655
203.391864  -0.021676
203.411864  -0.021686
203.431863  -0.021706
203.451862  -0.021706
203.471861  -0.021737
203.491860  -0.021747
203.511860  -0.021757
203.531859  -0.021747
203.551858  -0.021747
203.571857  -0.021788
203.591856  -0.021798
203.611856  -0.021798
203.631855  -0.021798
203.651854  -0.021849
203.671853  -0.021839
203.691852  -0.021849
203.711852  -0.021870
203.731851  -0.021870
203.751850  -0.021890
203.771849  -0.021911
203.791848  -0.021931
203.811848  -0.021921
203.831847  -0.021921
203.851846  -0.021941
203.871845  -0.021941
203.891844  -0.021972
203.911844  -0.022002
203.931843  -0.021992
203.951842  -0.022002
203.971841  -0.022033
203.991840  -0.022023
204.011840  -0.022064
204.031839  -0.022084
204.051838  -0.022084
204.071837  -0.022084
204.091836  -0.022094
204.111836  -0.022094
204.131835  -0.022115
204.151834  -0.022135
204.171833  -0.022145
204.191832  -0.022135
204.211832  -0.022186
204.231831  -0.022176
204.251830  -0.022196
204.271829  -0.022186
204.291828  -0.022217
204.311828  -0.022227
204.331827  -0.022257
204.351826  -0.022257
204.371825  -0.022257
204.391824  -0.022319
204.411824  -0.022308
204.431823  -0.022308
204.451822  -0.022298
204.471821  -0.022319
204.491820  -0.022308
204.511820  -0.022370
204.531819  -0.022380
204.551818  -0.022380
204.571817  -0.022380
204.591816  -0.022421
204.611816  -0.022410
204.631815  -0.022421
204.651814  -0.022431
204.671813  -0.022431
204.691812  -0.022462
204.711812  -0.022482
204.731811  -0.022482
204.751810  -0.022472
204.771809  -0.022502
204.791808  -0.022523
204.811808  -0.022502
204.831807  -0.022553
204.851806  -0.022553
204.871805  -0.022584
204.891804  -0.022584
204.911804  -0.022604
204.931803  -0.022594
204.951802  -0.022655
204.971801  -0.022635
204.991800  -0.022625
205.011800  -0.022645
205.031799  -0.022686
205.051798  -0.022666
205.071797  -0.022676
205.091796  -0.022717
205.111796  -0.022717
205.131795  -0.022737
205.151794  -0.022737
205.171793  -0.022757
205.191792  -0.022757
205.211792  -0.022757
205.231791  -0.022768
205.251790  -0.022798
205.271789  -0.022808
205.291788  -0.022819
205.311788  -0.022839
205.331787  -0.022870
205.351786  -0.022849
205.371785  -0.022859
205.391784  -0.022880
205.411784  -0.022941
205.431783  -0.022921
205.451782  -0.022910
205.471781  -0.022910
205.491780  -0.022951
205.511780  -0.022972
205.531779  -0.022992
205.551778  -0.022972
205.571777  -0.022982
205.591776  -0.023002
205.611776  -0.023002
205.631775  -0.023033
205.651774  -0.023023
205.671773  -0.023053
205.691772  -0.023074
205.711772  -0.023074
205.731771  -0.023064
205.751770  -0.023084
205.771769  -0.023094
205.791768  -0.023115
205.811768  -0.023145
205.831767  -0.023125
205.851766  -0.023176
205.871765  -0.023166
205.891764  -0.023196
205.911764  -0.023176
205.931763  -0.023206
205.951762  -0.023217
205.971761  -0.023247
205.991760  -0.023237
206.011760  -0.023237
206.031759  -0.023268
206.051758  -0.023308
206.071757  -0.023308
206.091756  -0.023298
206.111756  -0.023329
206.131755  -0.023349
206.151754  -0.023349
206.171753  -0.023359
206.191752  -0.023370
206.211752  -0.023380
206.231751  -0.023390
206.251750  -0.023390
206.271749  -0.023400
206.291748  -0.023421
206.311748  -0.023441
206.331747  -0.023472
206.351746  -0.023502
206.371745  -0.023451
206.391744  -0.023482
206.411744  -0.023502
206.431743  -0.023513
206.451742  -0.023533
206.471741  -0.023543
206.491740  -0.023574
206.511740  -0.023564
206.531739  -0.023594
206.551738  -0.023594
206.571737  -0.023594
206.591736  -0.023615
206.611736  -0.023635
206.631735  -0.023625
206.651734  -0.023645
206.671733  -0.023655
206.691732  -0.023676
206.711732  -0.023676
206.731731  -0.023686
206.751730  -0.023706
206.771729  -0.023717
206.791728  -0.023717
206.811728  -0.023717
206.831727  -0.023747
206.851726  -0.023757
206.871725  -0.023788
206.891724  -0.023788
206.911724  -0.023829
206.931723  -0.023819
206.951722  -0.023819
206.971721  -0.023839
206.991720  -0.023849
207.011720  -0.023849
207.031719  -0.023859
207.051718  -0.023880
207.071717  -0.023890
207.091716  -0.023921
207.111716  -0.023900
207.131715  -0.023921
207.151714  -0.023921
207.171713  -0.023972
207.191712  -0.023961
207.211712  -0.023992
207.231711  -0.023982
207.251710  -0.024013
207.271709  -0.024002
207.291708  -0.024033
207.311708  -0.024053
207.331707  -0.024033
207.351706  -0.024064
207.371705  -0.024064
207.391704  -0.024094
207.411704  -0.024104
207.431703  -0.024115
207.451702  -0.024135
207.471701  -0.024166
207.491700  -0.024135
207.511700  -0.024176
207.531699  -0.024176
207.551698  -0.024206
207.571697  -0.024176
207.591696  -0.024206
207.611696  -0.024217
207.631695  -0.024217
207.651694  -0.024237
207.671693  -0.024227
207.691692  -0.024268
207.711692  -0.024257
207.731691  -0.024288
207.751690  -0.024288
207.771689  -0.024288
207.791688  -0.024329
207.811688  -0.024349
207.831687  -0.024349
207.851686  -0.024349
207.871685  -0.024359
207.891684  -0.024380
207.911684  -0.024359
207.931683  -0.024400
207.951682  -0.024421
207.971681  -0.024431
207.991680  -0.024421
208.011680  -0.024431
208.031679  -0.024461
208.051678  -0.024461
208.071677  -0.024492
208.091676  -0.024492
208.111676  -0.024533
208.131675  -0.024512
208.151674  -0.024533
208.171673  -0.024543
208.191672  -0.024543
208.211672  -0.024564
208.231671  -0.024553
208.251670  -0.024584
208.271669  -0.024574
208.291668  -0.024625
208.311668  -0.024615
208.331667  -0.024655
208.351666  -0.024655
208.371665  -0.024655
208.391664  -0.024676
208.411664  -0.024717
208.431663  -0.024696
208.451662  -0.024717
208.471661  -0.024727
208.491660  -0.024717
208.511660  -0.024737
208.531659  -0.024747
208.551658  -0.024778
208.571657  -0.024788
208.591656  -0.024798
208.611656  -0.024778
208.631655  -0.024829
208.651654  -0.024839
208.671653  -0.024819
208.691652  -0.024849
208.711652  -0.024870
208.731651  -0.024880
208.751650  -0.024890
208.771649  -0.024890
208.791648  -0.024900
208.811648  -0.024931
208.831647  -0.024931
208.851646  -0.024931
208.871645  -0.024931
208.891644  -0.024992
208.911644  -0.024992
208.931643  -0.025002
208.951642  -0.024992
208.971641  -0.025023
208.991640  -0.025033
209.011640  -0.025074
209.031639  -0.025053
209.051638  -0.025043
209.071637  -0.025084
209.091636  -0.025084
209.111636  -0.025104
209.131635  -0.025125
209.151634  -0.025104
209.171633  -0.025115
209.191632  -0.025145
209.211632  -0.025186
209.231631  -0.025176
209.251630  -0.025166
209.271629  -0.025196
209.291628  -0.025217
209.311628  -0.025237
209.331627  -0.025227
209.351626  -0.025227
209.371625  -0.025247
209.391624  -0.025257
209.411624  -0.025268
209.431623  -0.025268
209.451622  -0.025308
209.471621  -0.025298
209.491620  -0.025339
209.511620  -0.025349
209.531619  -0.025339
209.551618  -0.025349
209.571617  -0.025370
209.591616  -0.025380
209.611616  -0.025400
209.631615  -0.025410
209.651614  -0.025421
209.671613  -0.025451
209.691612  -0.025451
209.711612  -0.025441
209.731611  -0.025461
209.751610  -0.025482
209.771609  -0.025472
209.791608  -0.025492
209.811608  -0.025502
209.831607  -0.025512
209.851606  -0.025543
209.871605  -0.025543
209.891604  -0.025563
209.911604  -0.025574
209.931603  -0.025574
209.951602  -0.025604
209.971601  -0.025594
209.991600  -0.025615
210.011600  -0.025645
210.031599  -0.025635
210.051598  -0.025635
210.071597  -0.025655
210.091596  -0.025676
210.111596  -0.025676
210.131595  -0.025727
210.151594  -0.025706
210.171593  -0.025717
210.191592  -0.025727
210.211592  -0.025788
210.231591  -0.025768
210.251590  -0.025737
210.271589  -0.025768
210.291588  -0.025788
210.311588  -0.025808
210.331587  -0.025829
210.351586  -0.025819
210.371585  -0.025839
210.391584  -0.025849
210.411584  -0.025849
210.431583  -0.025880
210.451582  -0.025870
210.471581  -0.025900
210.491580  -0.025900
210.511580  -0.025910
210.531579  -0.025931
210.551578  -0.025951
210.571577  -0.025982
210.591576  -0.025992
210.611576  -0.025972
210.631575  -0.026033
210.651574  -0.026012
210.671573  -0.026012
210.691572  -0.026023
210.711572  -0.026043
210.731571  -0.026053
210.751570  -0.026043
210.771569  -0.026084
210.791568  -0.026084
210.811568  -0.026104
210.831567  -0.026094
210.851566  -0.026145
210.871565  -0.026114
210.891564  -0.026125
210.911564  -0.026145
210.931563  -0.026155
210.951562  -0.026176
210.971561  -0.026176
210.991560  -0.026206
211.011560  -0.026206
211.031559  -0.026227
211.051558  -0.026227
211.071557  -0.026227
211.091556  -0.026247
211.111556  -0.026247
211.131555  -0.026268
211.151554  -0.026288
211.171553  -0.026288
211.191552  -0.026329
211.211552  -0.026308
211.231551  -0.026319
211.251550  -0.026339
211.271549  -0.026370
211.291548  -0.026359
211.311548  -0.026349
211.331547  -0.026370
211.351546  -0.026380
211.371545  -0.026410
211.391544  -0.026421
211.411544  -0.026451
211.431543  -0.026431
211.451542  -0.026461
211.471541  -0.026451
211.491540  -0.026492
211.511540  -0.026502
211.531539  -0.026502
211.551538  -0.026492
211.571537  -0.026533
211.591536  -0.026533
211.611536  -0.026512
211.631535  -0.026533
211.651534  -0.026553
211.671533  -0.026574
211.691532  -0.026584
211.711532  -0.026584
211.731531  -0.026594
211.751530  -0.026614
211.771529  -0.026635
211.791528  -0.026635
211.811528  -0.026686
211.831527  -0.026666
211.851526  -0.026676
211.871525  -0.026696
211.891524  -0.026676
211.911524  -0.026727
211.931523  -0.026727
211.951522  -0.026737
211.971521  -0.026757
211.991520  -0.026757
212.011520  -0.026778
212.031519  -0.026778
212.051518  -0.026819
212.071517  -0.026829
212.091516  -0.026819
212.111516  -0.026829
212.131515  -0.026859
212.151514  -0.026839
212.171513  -0.026870
212.191512  -0.026880
212.211512  -0.026890
212.231511  -0.026910
212.251510  -0.026900
212.271509  -0.026910
212.291508  -0.026921
212.311508  -0.026961
212.331507  -0.026961
212.351506  -0.026961
212.371505  -0.027002
212.391504  -0.026982
212.411504  -0.027023
212.431503  -0.027002
212.451502  -0.027023
212.471501  -0.027033
212.491500  -0.027063
212.511500  -0.027053
212.531499  -0.027074
212.551498  -0.027074
212.571497  -0.027074
212.591496  -0.027114
212.611496  -0.027135
212.631495  -0.027125
212.651494  -0.027135
212.671493  -0.027125
212.691492  -0.027155
212.711492  -0.027196
212.731491  -0.027145
212.751490  -0.027196
212.771489  -0.027217
212.791488  -0.027227
212.811488  -0.027237
212.831487  -0.027247
212.851486  -0.027257
212.871485  -0.027308
212.891484  -0.027268
212.911484  -0.027308
212.931483  -0.027288
212.951482  -0.027319
212.971481  -0.027329
212.991480  -0.027319
213.011480  -0.027349
213.031479  -0.027349
213.051478  -0.027370
213.071477  -0.027380
213.091476  -0.027390
213.111476  -0.027390
213.131475  -0.027410
213.151474  -0.027441
213.171473  -0.027441
213.191472  -0.027461
213.211472  -0.027451
213.231471  -0.027451
213.251470  -0.027472
213.271469  -0.027482
213.291468  -0.027492
213.311468  -0.027512
213.331467  -0.027533
213.351466  -0.027533
213.371465  -0.027543
213.391464  -0.027523
213.411464  -0.027604
213.431463  -0.027594
213.451462  -0.027604
213.471461  -0.027625
213.491460  -0.027604
213.511460  -0.027614
213.531459  -0.027645
213.551458  -0.027655
213.571457  -0.027665
213.591456  -0.027686
213.611456  -0.027686
213.631455  -0.027665
213.651454  -0.027706
213.671453  -0.027717
213.691452  -0.027717
213.711452  -0.027757
213.731451  -0.027798
213.751450  -0.027757
213.771449  -0.027788
213.791448  -0.027788
213.811448  -0.027808
213.831447  -0.027819
213.851446  -0.027819
213.871445  -0.027829
213.891444  -0.027829
213.911444  -0.027839
213.931443  -0.027880
213.951442  -0.027880
213.971441  -0.027880
213.991440  -0.027880
214.011440  -0.027900
214.031439  -0.027931
214.051438  -0.027910
214.071437  -0.027931
214.091436  -0.027961
214.111436  -0.027951
214.131435  -0.027982
214.151434  -0.027992
214.171433  -0.028012
214.191432  -0.028002
214.211432  -0.028023
214.231431  -0.028012
214.251430  -0.028053
214.271429  -0.028074
214.291428  -0.028053
214.311428  -0.028063
214.331427  -0.028074
214.351426  -0.028094
214.371425  -0.028094
214.391424  -0.028114
214.411424  -0.028125
214.431423  -0.028145
214.451422  -0.028155
214.471421  -0.028176
214.491420  -0.028165
214.511420  -0.028186
214.531419  -0.028186
214.551418  -0.028227
214.571417  -0.028227
214.591416  -0.028257
214.611416  -0.028237
214.631415  -0.028268
214.651414  -0.028257
214.671413  -0.028278
214.691412  -0.028288
214.711412  -0.028278
214.731411  -0.028319
214.751410  -0.028329
214.771409  -0.028329
214.791408  -0.028349
214.811408  -0.028349
214.831407  -0.028390
214.851406  -0.028380
214.871405  -0.028380
214.891404  -0.028441
214.911404  -0.028421
214.931403  -0.028441
214.951402  -0.028431
214.971401  -0.028461
214.991400  -0.028472
215.011400  -0.028482
215.031399  -0.028472
215.051398  -0.028502
215.071397  -0.028502
215.091396  -0.028512
215.111396  -0.028512
215.131395  -0.028553
215.151394  -0.028563
215.171393  -0.028594
215.191392  -0.028594
215.211392  -0.028604
215.231391  -0.028604
215.251390  -0.028614
215.271389  -0.028645
215.291388  -0.028635
215.311388  -0.028676
215.331387  -0.028625
215.351386  -0.028676
215.371385  -0.028706
215.391384  -0.028706
215.411384  -0.028696
215.431383  -0.028686
215.451382  -0.028747
215.471381  -0.028768
215.491380  -0.028747
215.511380  -0.028768
215.531379  -0.028819
215.551378  -0.028798
215.571377  -0.028808
215.591376  -0.028819
215.611376  -0.028829
215.631375  -0.028839
215.651374  -0.028849
215.671373  -0.028849
215.691372  -0.028880
215.711372  -0.028880
215.731371  -0.028870
215.751370  -0.028900
215.771369  -0.028921
215.791368  -0.028921
215.811368  -0.028941
215.831367  -0.028961
215.851366  -0.028951
215.871365  -0.028972
215.891364  -0.028961
215.911364  -0.029002
215.931363  -0.029012
215.951362  -0.029012
215.971361  -0.029033
215.991360  -0.029043
216.011360  -0.029063
216.031359  -0.029074
216.051358  -0.029063
216.071357  -0.029063
216.091356  -0.029104
216.111356  -0.029135
216.131355  -0.029114
216.151354  -0.029135
216.171353  -0.029125
216.191352  -0.029145
216.211352  -0.029186
216.231351  -0.029165
216.251350  -0.029186
216.271349  -0.029176
216.291348  -0.029186
216.311348  -0.029206
216.331347  -0.029227
216.351346  -0.029237
216.371345  -0.029247
216.391344  -0.029257
216.411344  -0.029298
216.431343  -0.029288
216.451342  -0.029288
216.471341  -0.029308
216.491340  -0.029329
216.511340  -0.029329
216.531339  -0.029339
216.551338  -0.029329
216.571337  -0.029359
216.591336  -0.029359
216.611336  -0.029380
216.631335  -0.029390
216.651334  -0.029441
216.671333  -0.029421
216.691332  -0.029410
216.711332  -0.029441
216.731331  -0.029441
216.751330  -0.029482
216.771329  -0.029451
216.791328  -0.029492
216.811328  -0.029482
216.831327  -0.029512
216.851326  -0.029512
216.871325  -0.029533
216.891324  -0.029533
216.911324  -0.029543
216.931323  -0.029533
216.951322  -0.029563
216.971321  -0.029594
216.991320  -0.029594
217.011320  -0.029594
217.031319  -0.029614
217.051318  -0.029625
217.071317  -0.029645
217.091316  -0.029635
217.111316  -0.029645
217.131315  -0.029655
217.151314  -0.029676
217.171313  -0.029686
217.191312  -0.029696
217.211312  -0.029737
217.231311  -0.029727
217.251310  -0.029737
217.271309  -0.029757
217.291308  -0.029747
217.311308  -0.029767
217.331307  -0.029788
217.351306  -0.029808
217.371305  -0.029798
217.391304  -0.029778
217.411304  -0.029808
217.431303  -0.029819
217.451302  -0.029849
217.471301  -0.029849
217.491300  -0.029849
217.511300  -0.029900
217.531299  -0.029900
217.551298  -0.029890
217.571297  -0.029910
217.591296  -0.029931
217.611296  -0.029951
217.631295  -0.029961
217.651294  -0.029961
217.671293  -0.029961
217.691292  -0.029992
217.711292  -0.029982
217.731291  -0.030002
217.751290  -0.030002
217.771289  -0.030012
217.791288  -0.030023
217.811288  -0.030053
217.831287  -0.030063
217.851286  -0.030084
217.871285  -0.030074
217.891284  -0.030084
217.911284  -0.030084
217.931283  -0.030114
217.951282  -0.030114
217.971281  -0.030104
217.991280  -0.030145
218.011280  -0.030165
218.031279  -0.030165
218.051278  -0.030176
218.071277  -0.030186
218.091276  -0.030206
218.111276  -0.030186
218.131275  -0.030216
218.151274  -0.030257
218.171273  -0.030237
218.191272  -0.030257
218.211272  -0.030257
218.231271  -0.030298
218.251270  -0.030298
218.271269  -0.030278
218.291268  -0.030329
218.311268  -0.030318
218.331267  -0.030339
218.351266  -0.030349
218.371265  -0.030349
218.391264  -0.030380
218.411264  -0.030380
218.431263  -0.030410
218.451262  -0.030400
218.471261  -0.030410
218.491260  -0.030400
218.511260  -0.030421
218.531259  -0.030441
218.551258  -0.030472
218.571257  -0.030472
218.591256  -0.030451
218.611256  -0.030512
218.631255  -0.030523
218.651254  -0.030543
218.671253  -0.030543
218.691252  -0.030553
218.711252  -0.030574
218.731251  -0.030584
218.751250  -0.030614
218.771249  -0.030584
218.791248  -0.030614
218.811248  -0.030635
218.831247  -0.030614
218.851246  -0.030614
218.871245  -0.030635
218.891244  -0.030665
218.911244  -0.030665
218.931243  -0.030676
218.951242  -0.030727
218.971241  -0.030716
218.991240  -0.030727
219.011240  -0.030737
219.031239  -0.030727
219.051238  -0.030747
219.071237  -0.030767
219.091236  -0.030788
219.111236  -0.030788
219.131235  -0.030788
219.151234  -0.030798
219.171233  -0.030829
219.191232  -0.030859
219.211232  -0.030859
219.231231  -0.030859
219.251230  -0.030870
219.271229  -0.030910
219.291228  -0.030890
219.311228  -0.030910
219.331227  -0.030890
219.351226  -0.030941
219.371225  -0.030961
219.391224  -0.030961
219.411224  -0.030961
219.431223  -0.030961
219.451222  -0.030961
219.471221  -0.030992
219.491220  -0.030992
219.511220  -0.031012
219.531219  -0.031043
219.551218  -0.030992
219.571217  -0.031053
219.591216  -0.031053
219.611216  -0.031063
219.631215  -0.031084
219.651214  -0.031114
219.671213  -0.031114
219.691212  -0.031104
219.711212  -0.031114
219.731211  -0.031145
219.751210  -0.031165
219.771209  -0.031155
219.791208  -0.031145
219.811208  -0.031165
219.831207  -0.031206
219.851206  -0.031196
219.871205  -0.031227
219.891204  -0.031216
219.911204  -0.031237
219.931203  -0.031247
219.951202  -0.031247
219.971201  -0.031267
219.991200  -0.031298
220.011200  -0.031278
220.031199  -0.031298
220.051198  -0.031308
220.071197  -0.031308
220.091196  -0.031329
220.111196  -0.031318
220.131195  -0.031359
220.151194  -0.031349
220.171193  -0.031390
220.191192  -0.031390
220.211192  -0.031421
220.231191  -0.031400
220.251190  -0.031410
220.271189  -0.031431
220.291188  -0.031461
220.311188  -0.031472
220.331187  -0.031461
220.351186  -0.031472
220.371185  -0.031482
220.391184  -0.031492
220.411184  -0.031482
220.431183  -0.031502
220.451182  -0.031502
220.471181  -0.031533
220.491180  -0.031543
220.511180  -0.031553
220.531179  -0.031584
220.551178  -0.031543
220.571177  -0.031574
220.591176  -0.031604
220.611176  -0.031594
220.631175  -0.031604
220.651174  -0.031625
220.671173  -0.031625
220.691172  -0.031655
220.711172  -0.031676
220.731171  -0.031686
220.751170  -0.031676
220.771169  -0.031696
220.791168  -0.031696
220.811168  -0.031706
220.831167  -0.031716
220.851166  -0.031767
220.871165  -0.031778
220.891164  -0.031778
220.911164  -0.031767
220.931163  -0.031778
220.951162  -0.031788
220.971161  -0.031778
220.991160  -0.031839
221.011160  -0.031808
221.031159  -0.031839
221.051158  -0.031849
221.071157  -0.031859
221.091156  -0.031859
221.111156  -0.031869
221.131155  -0.031890
221.151154  -0.031910
221.171153  -0.031920
221.191152  -0.031931
221.211152  -0.031941
221.231151  -0.031941
221.251150  -0.031982
221.271149  -0.031972
221.291148  -0.031972
221.311148  -0.031992
221.331147  -0.032033
221.351146  -0.032002
221.371145  -0.032012
221.391144  -0.032002
221.411144  -0.032033
221.431143  -0.032053
221.451142  -0.032053
221.471141  -0.032023
221.491140  -0.032114
221.511140  -0.032063
221.531139  -0.032094
221.551138  -0.032125
221.571137  -0.032135
221.591136  -0.032135
221.611136  -0.032104
221.631135  -0.032165
221.651134  -0.032145
221.671133  -0.032206
221.691132  -0.032165
221.711132  -0.032227
221.731131  -0.032206
221.751130  -0.032216
221.771129  -0.032206
221.791128  -0.032227
221.811128  -0.032267
221.831127  -0.032267
221.851126  -0.032288
221.871125  -0.032288
221.891124  -0.032308
221.911124  -0.032298
221.931123  -0.032298
221.951122  -0.032339
221.971121  -0.032349
221.991120  -0.032339
222.011120  -0.032359
222.031119  -0.032349
222.051118  -0.032380
222.071117  -0.032369
222.091116  -0.032390
222.111116  -0.032420
222.131115  -0.032441
222.151114  -0.032431
222.171113  -0.032431
222.191112  -0.032451
222.211112  -0.032472
222.231111  -0.032482
222.251110  -0.032492
222.271109  -0.032533
222.291108  -0.032492
222.311108  -0.032523
222.331107  -0.032533
222.351106  -0.032553
222.371105  -0.032574
222.391104  -0.032574
222.411104  -0.032533
222.431103  -0.032584
222.451102  -0.032594
222.471101  -0.032625
222.491100  -0.032614
222.511100  -0.032614
222.531099  -0.032655
222.551098  -0.032635
222.571097  -0.032655
222.591096  -0.032655
222.611096  -0.032665
222.631095  -0.032696
222.651094  -0.032696
222.671093  -0.032706
222.691092  -0.032706
222.711092  -0.032716
222.731091  -0.032747
222.751090  -0.032778
222.771089  -0.032767
222.791088  -0.032788
222.811088  -0.032818
222.831087  -0.032829
222.851086  -0.032788
222.871085  -0.032818
222.891084  -0.032849
222.911084  -0.032839
222.931083  -0.032880
222.951082  -0.032880
222.971081  -0.032890
222.991080  -0.032859
223.011080  -0.032890
223.031079  -0.032910
223.051078  -0.032951
223.071077  -0.032920
223.091076  -0.032951
223.111076  -0.032951
223.131075  -0.032961
223.151074  -0.032971
223.171073  -0.032992
223.191072  -0.032992
223.211072  -0.033023
223.231071  -0.033023
223.251070  -0.033043
223.271069  -0.033002
223.291068  -0.033043
223.311068  -0.033084
223.331067  -0.033074
223.351066  -0.033084
223.371065  -0.033135
223.391064  -0.033135
223.411064  -0.033114
223.431063  -0.033135
223.451062  -0.033176
223.471061  -0.033165
223.491060  -0.033155
223.511060  -0.033176
223.531059  -0.033186
223.551058  -0.033196
223.571057  -0.033206
223.591056  -0.033196
223.611056  -0.033227
223.631055  -0.033257
223.651054  -0.033267
223.671053  -0.033247
223.691052  -0.033288
223.711052  -0.033298
223.731051  -0.033308
223.751050  -0.033318
223.771049  -0.033339
223.791048  -0.033349
223.811048  -0.033349
223.831047  -0.033359
223.851046  -0.033359
223.871045  -0.033400
223.891044  -0.033390
223.911044  -0.033410
223.931043  -0.033441
223.951042  -0.033441
223.971041  -0.033410
223.991040  -0.033431
224.011040  -0.033431
224.031039  -0.033471
224.051038  -0.033431
224.071037  -0.033461
224.091036  -0.033471
224.111036  -0.033492
224.131035  -0.033512
224.151034  -0.033523
224.171033  -0.033523
224.191032  -0.033553
224.211032  -0.033533
224.231031  -0.033553
224.251030  -0.033563
224.271029  -0.033584
224.291028  -0.033594
224.311028  -0.033604
224.331027  -0.033625
224.351026  -0.033635
224.371025  -0.033635
224.391024  -0.033635
224.411024  -0.033676
224.431023  -0.033676
224.451022  -0.033686
224.471021  -0.033696
224.491020  -0.033716
224.511020  -0.033727
224.531019  -0.033716
224.551018  -0.033737
224.571017  -0.033716
224.591016  -0.033757
224.611016  -0.033757
224.631015  -0.033757
224.651014  -0.033767
224.671013  -0.033808
224.691012  -0.033778
224.711012  -0.033818
224.731011  -0.033818
224.751010  -0.033818
224.771009  -0.033818
224.791008  -0.033859
224.811008  -0.033890
224.831007  -0.033880
224.851006  -0.033859
224.871005  -0.033890
224.891004  -0.033900
224.911004  -0.033920
224.931003  -0.033910
224.951002  -0.033931
224.971001  -0.033951
224.991000  -0.033971
225.011000  -0.033971
225.030999  -0.033961
225.050998  -0.033971
225.070997  -0.033982
225.090996  -0.033992
225.110996  -0.034012
225.130995  -0.034022
225.150994  -0.034053
225.170993  -0.034053
225.190992  -0.034053
225.210992  -0.034053
225.230991  -0.034084
225.250990  -0.034063
225.270989  -0.034104
225.290988  -0.034104
225.310988  -0.034125
225.330987  -0.034125
225.350986  -0.034125
225.370985  -0.034165
225.390984  -0.034135
225.410984  -0.034165
225.430983  -0.034186
225.450982  -0.034227
225.470981  -0.034196
225.490980  -0.034186
225.510980  -0.034216
225.530979  -0.034227
225.550978  -0.034216
225.570977  -0.034247
225.590976  -0.034227
225.610976  -0.034257
225.630975  -0.034288
225.650974  -0.034278
225.670973  -0.034278
225.690972  -0.034298
225.710972  -0.034329
225.730971  -0.034318
225.750970  -0.034298
225.770969  -0.034318
225.790968  -0.034369
225.810968  -0.034380
225.830967  -0.034369
225.850966  -0.034400
225.870965  -0.034410
225.890964  -0.034431
225.910964  -0.034441
225.930963  -0.034441
225.950962  -0.034431
225.970961  -0.034441
225.990960  -0.034482
226.010960  -0.034512
226.030959  -0.034492
226.050958  -0.034502
226.070957  -0.034512
226.090956  -0.034533
226.110956  -0.034543
226.130955  -0.034563
226.150954  -0.034553
226.170953  -0.034553
226.190952  -0.034573
226.210952  -0.034573
226.230951  -0.034594
226.250950  -0.034614
226.270949  -0.034625
226.290948  -0.034614
226.310948  -0.034645
226.330947  -0.034655
226.350946  -0.034655
226.370945  -0.034676
226.390944  -0.034696
226.410944  -0.034696
226.430943  -0.034696
226.450942  -0.034706
226.470941  -0.034727
226.490940  -0.034757
226.510940  -0.034757
226.530939  -0.034737
226.550938  -0.034757
226.570937  -0.034798
226.590936  -0.034788
226.610936  -0.034808
226.630935  -0.034818
226.650934  -0.034869
226.670933  -0.034849
226.690932  -0.034859
226.710932  -0.034880
226.730931  -0.034880
226.750930  -0.034880
226.770929  -0.034890
226.790928  -0.034910
226.810928  -0.034900
226.830927  -0.034951
226.850926  -0.034941
226.870925  -0.034971
226.890924  -0.034941
226.910924  -0.034982
226.930923  -0.034982
226.950922  -0.035033
226.970921  -0.035002
226.990920  -0.035022
227.010920  -0.035033
227.030919  -0.035043
227.050918  -0.035073
227.070917  -0.035063
227.090916  -0.035084
227.110916  -0.035094
227.130915  -0.035104
227.150914  -0.035114
227.170913  -0.035135
227.190912  -0.035135
227.210912  -0.035176
227.230911  -0.035135
227.250910  -0.035145
227.270909  -0.035186
227.290908  -0.035196
227.310908  -0.035196
227.330907  -0.035216
227.350906  -0.035237
227.370905  -0.035237
227.390904  -0.035247
227.410904  -0.035257
227.430903  -0.035288
227.450902  -0.035267
227.470901  -0.035288
227.490900  -0.035298
227.510900  -0.035318
227.530899  -0.035318
227.550898  -0.035329
227.570897  -0.035339
227.590896  -0.035369
227.610896  -0.035369
227.630895  -0.035369
227.650894  -0.035400
227.670893  -0.035390
227.690892  -0.035390
227.710892  -0.035390
227.730891  -0.035431
227.750890  -0.035431
227.770889  -0.035441
227.790888  -0.035441
227.810888  -0.035492
227.830887  -0.035461
227.850886  -0.035502
227.870885  -0.035492
227.890884  -0.035512
227.910884  -0.035522
227.930883  -0.035533
227.950882  -0.035553
227.970881  -0.035573
227.990880  -0.035584
228.010880  -0.035553
228.030879  -0.035573
228.050878  -0.035604
228.070877  -0.035635
228.090876  -0.035614
228.110876  -0.035594
228.130875  -0.035635
228.150874  -0.035665
228.170873  -0.035645
228.190872  -0.035645
228.210872  -0.035665
228.230871  -0.035696
228.250870  -0.035686
228.270869  -0.035686
228.290868  -0.035716
228.310868  -0.035737
228.330867  -0.035706
228.350866  -0.035727
228.370865  -0.035778
228.390864  -0.035757
228.410864  -0.035767
228.430863  -0.035778
228.450862  -0.035808
228.470861  -0.035818
228.490860  -0.035808
228.510860  -0.035839
228.530859  -0.035839
228.550858  -0.035869
228.570857  -0.035839
228.590856  -0.035880
228.610856  -0.035880
228.630855  -0.035910
228.650854  -0.035890
228.670853  -0.035900
228.690852  -0.035931
228.710852  -0.035941
228.730851  -0.035931
228.750850  -0.035961
228.770849  -0.035961
228.790848  -0.035992
228.810848  -0.035982
228.830847  -0.036002
228.850846  -0.036002
228.870845  -0.035982
228.890844  -0.035982
228.910844  -0.036012
228.930843  -0.036033
228.950842  -0.036033
228.970841  -0.036063
228.990840  -0.036053
229.010840  -0.036094
229.030839  -0.036084
229.050838  -0.036073
229.070837  -0.036104
229.090836  -0.036135
229.110836  -0.036114
229.130835  -0.036135
229.150834  -0.036165
229.170833  -0.036165
229.190832  -0.036155
229.210832  -0.036176
229.230831  -0.036227
229.250830  -0.036196
229.270829  -0.036216
229.290828  -0.036216
229.310828  -0.036216
229.330827  -0.036257
229.350826  -0.036237
229.370825  -0.036237
229.390824  -0.036257
229.410824  -0.036278
229.430823  -0.036278
229.450822  -0.036278
229.470821  -0.036318
229.490820  -0.036349
229.510820  -0.036329
229.530819  -0.036339
229.550818  -0.036349
229.570817  -0.036380
229.590816  -0.036410
229.610816  -0.036380
229.630815  -0.036390
229.650814  -0.036431
229.670813  -0.036431
229.690812  -0.036441
229.710812  -0.036441
229.730811  -0.036441
229.750810  -0.036471
229.770809  -0.036461
229.790808  -0.036492
229.810808  -0.036482
229.830807  -0.036502
229.850806  -0.036512
229.870805  -0.036533
229.890804  -0.036533
229.910804  -0.036543
229.930803  -0.036522
229.950802  -0.036573
229.970801  -0.036553
229.990800  -0.036563
230.010800  -0.036573
230.030799  -0.036584
230.050798  -0.036614
230.070797  -0.036584
230.090796  -0.036624
230.110796  -0.036645
230.130795  -0.036665
230.150794  -0.036635
230.170793  -0.036675
230.190792  -0.036655
230.210792  -0.036706
230.230791  -0.036716
230.250790  -0.036706
230.270789  -0.036706
230.290788  -0.036716
230.310788  -0.036737
230.330787  -0.036757
230.350786  -0.036757
230.370785  -0.036778
230.390784  -0.036778
230.410784  -0.036757
230.430783  -0.036788
230.450782  -0.036818
230.470781  -0.036798
230.490780  -0.036818
230.510780  -0.036829
230.530779  -0.036849
230.550778  -0.036829
230.570777  -0.036849
230.590776  -0.036869
230.610776  -0.036910
230.630775  -0.036920
230.650774  -0.036941
230.670773  -0.036920
230.690772  -0.036920
230.710772  -0.036951
230.730771  -0.036941
230.750770  -0.036951
230.770769  -0.037002
230.790768  -0.036982
230.810768  -0.036992
230.830767  -0.037012
230.850766  -0.037012
230.870765  -0.036982
230.890764  -0.037002
230.910764  -0.037063
230.930763  -0.037043
230.950762  -0.037063
230.970761  -0.037053
230.990760  -0.037073
231.010760  -0.037104
231.030759  -0.037084
231.050758  -0.037084
231.070757  -0.037114
231.090756  -0.037155
231.110756  -0.037114
231.130755  -0.037145
231.150754  -0.037155
231.170753  -0.037175
231.190752  -0.037196
231.210752  -0.037186
231.230751  -0.037206
231.250750  -0.037237
231.270749  -0.037227
231.290748  -0.037278
231.310748  -0.037257
231.330747  -0.037267
231.350746  -0.037278
231.370745  -0.037288
231.390744  -0.037288
231.410744  -0.037288
231.430743  -0.037308
231.450742  -0.037339
231.470741  -0.037318
231.490740  -0.037359
231.510740  -0.037359
231.530739  -0.037369
231.550738  -0.037390
231.570737  -0.037400
231.590736  -0.037400
231.610736  -0.037400
231.630735  -0.037431
231.650734  -0.037431
231.670733  -0.037410
231.690732  -0.037420
231.710732  -0.037451
231.730731  -0.037482
231.750730  -0.037451
231.770729  -0.037482
231.790728  -0.037502
231.810728  -0.037512
231.830727  -0.037512
231.850726  -0.037522
231.870725  -0.037533
231.890724  -0.037553
231.910724  -0.037573
231.930723  -0.037573
231.950722  -0.037563
231.970721  -0.037584
231.990720  -0.037594
232.010720  -0.037604
232.030719  -0.037645
232.050718  -0.037645
232.070717  -0.037624
232.090716  -0.037635
232.110716  -0.037655
232.130715  -0.037675
232.150714  -0.037665
232.170713  -0.037696
232.190712  -0.037716
232.210712  -0.037716
232.230711  -0.037726
232.250710  -0.037737
232.270709  -0.037737
232.290708  -0.037778
232.310708  -0.037767
232.330707  -0.037767
232.350706  -0.037778
232.370705  -0.037798
232.390704  -0.037798
232.410704  -0.037818
232.430703  -0.037818
232.450702  -0.037849
232.470701  -0.037829
232.490700  -0.037880
232.510700  -0.037869
232.530699  -0.037880
232.550698  -0.037859
232.570697  -0.037890
232.590696  -0.037910
232.610696  -0.037910
232.630695  -0.037931
232.650694  -0.037920
232.670693  -0.037951
232.690692  -0.037961
232.710692  -0.037992
232.730691  -0.037982
232.750690  -0.038002
232.770689  -0.038002
232.790688  -0.038012
232.810688  -0.038043
232.830687  -0.038043
232.850686  -0.038063
232.870685  -0.038053
232.890684  -0.038073
232.910684  -0.038043
232.930683  -0.038094
232.950682  -0.038084
232.970681  -0.038114
232.990680  -0.038114
233.010680  -0.038114
233.030679  -0.038094
233.050678  -0.038145
233.070677  -0.038145
233.090676  -0.038175
233.110676  -0.038145
233.130675  -0.038186
233.150674  -0.038216
233.170673  -0.038206
233.190672  -0.038206
233.210672  -0.038206
233.230671  -0.038257
233.250670  -0.038237
233.270669  -0.038257
233.290668  -0.038257
233.310668  -0.038288
233.330667  -0.038318
233.350666  -0.038308
233.370665  -0.038298
233.390664  -0.038308
233.410664  -0.038318
233.430663  -0.038349
233.450662  -0.038339
233.470661  -0.038339
233.490660  -0.038359
233.510660  -0.038359
233.530659  -0.038390
233.550658  -0.038420
233.570657  -0.038369
233.590656  -0.038390
233.610656  -0.038441
233.630655  -0.038431
233.650654  -0.038461
233.670653  -0.038431
233.690652  -0.038451
233.710652  -0.038461
233.730651  -0.038492
233.750650  -0.038461
233.770649  -0.038482
233.790648  -0.038533
233.810648  -0.038512
233.830647  -0.038533
233.850646  -0.038522
233.870645  -0.038573
233.890644  -0.038543
233.910644  -0.038573
233.930643  -0.038584
233.950642  -0.038584
233.970641  -0.038594
233.990640  -0.038594
234.010640  -0.038594
234.030639  -0.038614
234.050638  -0.038624
234.070637  -0.038635
234.090636  -0.038655
234.110636  -0.038686
234.130635  -0.038665
234.150634  -0.038655
234.170633  -0.038686
234.190632  -0.038706
234.210632  -0.038716
234.230631  -0.038716
234.250630  -0.038747
234.270629  -0.038737
234.290628  -0.038747
234.310628  -0.038788
234.330627  -0.038767
234.350626  -0.038788
234.370625  -0.038788
234.390624  -0.038798
234.410624  -0.038808
234.430623  -0.038808
234.450622  -0.038829
234.470621  -0.038849
234.490620  -0.038859
234.510620  -0.038859
234.530619  -0.038859
234.550618  -0.038869
234.570617  -0.038890
234.590616  -0.038900
234.610616  -0.038890
234.630615  -0.038910
234.650614  -0.038920
234.670613  -0.038941
234.690612  -0.038951
234.710612  -0.038941
234.730611  -0.038971
234.750610  -0.039002
234.770609  -0.038992
234.790608  -0.039002
234.810608  -0.039033
234.830607  -0.039012
234.850606  -0.039053
234.870605  -0.039043
234.890604  -0.039053
234.910604  -0.039094
234.930603  -0.039073
234.950602  -0.039073
234.970601  -0.039124
234.990600  -0.039114
235.010600  -0.039114
235.030599  -0.039145
235.050598  -0.039155
235.070597  -0.039165
235.090596  -0.039135
235.110596  -0.039165
235.130595  -0.039165
235.150594  -0.039196
235.170593  -0.039165
235.190592  -0.039206
235.210592  -0.039196
235.230591  -0.039237
235.250590  -0.039226
235.270589  -0.039226
235.290588  -0.039277
235.310588  -0.039277
235.330587  -0.039277
235.350586  -0.039277
235.370585  -0.039318
235.390584  -0.039308
235.410584  -0.039318
235.430583  -0.039328
235.450582  -0.039359
235.470581  -0.039359
235.490580  -0.039349
235.510580  -0.039369
235.530579  -0.039400
235.550578  -0.039390
235.570577  -0.039400
235.590576  -0.039410
235.610576  -0.039410
235.630575  -0.039431
235.650574  -0.039431
235.670573  -0.039451
235.690572  -0.039471
235.710572  -0.039461
235.730571  -0.039492
235.750570  -0.039471
235.770569  -0.039482
235.790568  -0.039502
235.810568  -0.039533
235.830567  -0.039533
235.850566  -0.039584
235.870565  -0.039543
235.890564  -0.039553
235.910564  -0.039563
235.930563  -0.039614
235.950562  -0.039573
235.970561  -0.039624
235.990560  -0.039614
236.010560  -0.039614
236.030559  -0.039635
236.050558  -0.039645
236.070557  -0.039645
236.090556  -0.039655
236.110556  -0.039655
236.130555  -0.039686
236.150554  -0.039696
236.170553  -0.039696
236.190552  -0.039706
236.210552  -0.039706
236.230551  -0.039737
236.250550  -0.039757
236.270549  -0.039716
236.290548  -0.039767
236.310548  -0.039777
236.330547  -0.039747
236.350546  -0.039777
236.370545  -0.039808
236.390544  -0.039798
236.410544  -0.039818
236.430543  -0.039839
236.450542  -0.039839
236.470541  -0.039849
236.490540  -0.039859
236.510540  -0.039859
236.530539  -0.039839
236.550538  -0.039890
236.570537  -0.039900
236.590536  -0.039880
236.610536  -0.039890
236.630535  -0.039910
236.650534  -0.039920
236.670533  -0.039910
236.690532  -0.039941
236.710532  -0.039951
236.730531  -0.039961
236.750530  -0.039971
236.770529  -0.039971
236.790528  -0.039992
236.810528  -0.040012
236.830527  -0.040022
236.850526  -0.040043
236.870525  -0.040043
236.890524  -0.040022
236.910524  -0.040053
236.930523  -0.040063
236.950522  -0.040073
236.970521  -0.040094
236.990520  -0.040094
237.010520  -0.040094
237.030519  -0.040124
237.050518  -0.040104
237.070517  -0.040114
237.090516  -0.040135
237.110516  -0.040155
237.130515  -0.040196
237.150514  -0.040165
237.170513  -0.040186
237.190512  -0.040196
237.210512  -0.040165
237.230511  -0.040196
237.250510  -0.040186
237.270509  -0.040216
237.290508  -0.040237
237.310508  -0.040277
237.330507  -0.040237
237.350506  -0.040267
237.370505  -0.040277
237.390504  -0.040298
237.410504  -0.040288
237.430503  -0.040349
237.450502  -0.040298
237.470501  -0.040349
237.490500  -0.040318
237.510500  -0.040349
237.530499  -0.040369
237.550498  -0.040349
237.570497  -0.040349
237.590496  -0.040390
237.610496  -0.040420
237.630495  -0.040420
237.650494  -0.040420
237.670493  -0.040420
237.690492  -0.040431
237.710492  -0.040451
237.730491  -0.040441
237.750490  -0.040471
237.770489  -0.040502
237.790488  -0.040451
237.810488  -0.040533
237.830487  -0.040522
237.850486  -0.040522
237.870485  -0.040512
237.890484  -0.040533
237.910484  -0.040522
237.930483  -0.040573
237.950482  -0.040573
237.970481  -0.040584
237.990480  -0.040594
238.010480  -0.040604
238.030479  -0.040604
238.050478  -0.040614
238.070477  -0.040624
238.090476  -0.040655
238.110476  -0.040655
238.130475  -0.040645
238.150474  -0.040655
238.170473  -0.040665
238.190472  -0.040675
238.210472  -0.040696
238.230471  -0.040706
238.250470  -0.040716
238.270469  -0.040686
238.290468  -0.040747
238.310468  -0.040757
238.330467  -0.040777
238.350466  -0.040788
238.370465  -0.040798
238.390464  -0.040767
238.410464  -0.040788
238.430463  -0.040818
238.450462  -0.040828
238.470461  -0.040859
238.490460  -0.040849
238.510460  -0.040849
238.530459  -0.040879
238.550458  -0.040879
238.570457  -0.040869
238.590456  -0.040920
238.610456  -0.040900
238.630455  -0.040920
238.650454  -0.040920
238.670453  -0.040930
238.690452  -0.040941
238.710452  -0.040941
238.730451  -0.040971
238.750450  -0.040961
238.770449  -0.041002
238.790448  -0.040992
238.810448  -0.041012
238.830447  -0.041012
238.850446  -0.041043
238.870445  -0.041073
238.890444  -0.041033
238.910444  -0.041033
238.930443  -0.041084
238.950442  -0.041063
238.970441  -0.041073
238.990440  -0.041094
239.010440  -0.041114
239.030439  -0.041124
239.050438  -0.041104
239.070437  -0.041094
239.090436  -0.041155
239.110436  -0.041165
239.130435  -0.041145
239.150434  -0.041186
239.170433  -0.041186
239.190432  -0.041186
239.210432  -0.041175
239.230431  -0.041216
239.250430  -0.041206
239.270429  -0.041216
239.290428  -0.041237
239.310428  -0.041257
239.330427  -0.041277
239.350426  -0.041288
239.370425  -0.041267
239.390424  -0.041277
239.410424  -0.041308
239.430423  -0.041277
239.450422  -0.041298
239.470421  -0.041349
239.490420  -0.041349
239.510420  -0.041349
239.530419  -0.041369
239.550418  -0.041349
239.570417  -0.041359
239.590416  -0.041369
239.610416  -0.041369
239.630415  -0.041420
239.650414  -0.041400
239.670413  -0.041420
239.690412  -0.041430
239.710412  -0.041451
239.730411  -0.041471
239.750410  -0.041492
239.770409  -0.041461
239.790408  -0.041502
239.810408  -0.041492
239.830407  -0.041492
239.850406  -0.041502
239.870405  -0.041522
239.890404  -0.041543
239.910404  -0.041522
239.930403  -0.041543
239.950402  -0.041543
239.970401  -0.041533
239.990400  -0.041573
240.010400  -0.041573
240.030399  -0.041594
240.050398  -0.041614
240.070397  -0.041614
240.090396  -0.041635
240.110396  -0.041655
240.130395  -0.041665
240.150394  -0.041675
240.170393  -0.041675
240.190392  -0.041675
240.210392  -0.041686
240.230391  -0.041675
240.250390  -0.041696
240.270389  -0.041696
240.290388  -0.041726
240.310388  -0.041726
240.330387  -0.041696
240.350386  -0.041747
240.370385  -0.041757
240.390384  -0.041757
240.410384  -0.041767
240.430383  -0.041767
240.450382  -0.041798
240.470381  -0.041798
240.490380  -0.041788
240.510380  -0.041798
240.530379  -0.041828
240.550378  -0.041839
240.570377  -0.041849
240.590376  -0.041879
240.610376  -0.041910
240.630375  -0.041879
240.650374  -0.041890
240.670373  -0.041879
240.690372  -0.041930
240.710372  -0.041930
240.730371  -0.041941
240.750370  -0.041930
240.770369  -0.041941
240.790368  -0.041930
240.810368  -0.041951
240.830367  -0.041992
240.850366  -0.041992
240.870365  -0.042002
240.890364  -0.041951
240.910364  -0.042002
240.930363  -0.042033
240.950362  -0.042033
240.970361  -0.042022
240.990360  -0.042073
241.010360  -0.042063
241.030359  -0.042073
241.050358  -0.042053
241.070357  -0.042084
241.090356  -0.042104
241.110356  -0.042104
241.130355  -0.042124
241.150354  -0.042135
241.170353  -0.042155
241.190352  -0.042145
241.210352  -0.042135
241.230351  -0.042165
241.250350  -0.042175
241.270349  -0.042186
241.290348  -0.042175
241.310348  -0.042206
241.330347  -0.042226
241.350346  -0.042175
241.370345  -0.042226
241.390344  -0.042237
241.410344  -0.042267
241.430343  -0.042257
241.450342  -0.042226
241.470341  -0.042288
241.490340  -0.042308
241.510340  -0.042298
241.530339  -0.042318
241.550338  -0.042318
241.570337  -0.042308
241.590336  -0.042349
241.610336  -0.042349
241.630335  -0.042390
241.650334  -0.042359
241.670333  -0.042369
241.690332  -0.042390
241.710332  -0.042410
241.730331  -0.042410
241.750330  -0.042410
241.770329  -0.042430
241.790328  -0.042420
241.810328  -0.042451
241.830327  -0.042441
241.850326  -0.042471
241.870325  -0.042471
241.890324  -0.042471
241.910324  -0.042461
241.930323  -0.042502
241.950322  -0.042512
241.970321  -0.042522
241.990320  -0.042532
242.010320  -0.042532
242.030319  -0.042553
242.050318  -0.042563
242.070317  -0.042573
242.090316  -0.042553
242.110316  -0.042604
242.130315  -0.042594
242.150314  -0.042573
242.170313  -0.042624
242.190312  -0.042594
242.210312  -0.042624
242.230311  -0.042645
242.250310  -0.042655
242.270309  -0.042655
242.290308  -0.042665
242.310308  -0.042675
242.330307  -0.042696
242.350306  -0.042706
242.370305  -0.042716
242.390304  -0.042706
242.410304  -0.042726
242.430303  -0.042726
242.450302  -0.042747
242.470301  -0.042737
242.490300  -0.042737
242.510300  -0.042737
242.530299  -0.042798
242.550298  -0.042798
242.570297  -0.042828
242.590296  -0.042828
242.610296  -0.042818
242.630295  -0.042839
242.650294  -0.042839
242.670293  -0.042849
242.690292  -0.042849
242.710292  -0.042839
242.730291  -0.042879
242.750290  -0.042910
242.770289  -0.042900
242.790288  -0.042900
242.810288  -0.042930
242.830287  -0.042930
242.850286  -0.042941
242.870285  -0.042910
242.890284  -0.042941
242.910284  -0.042961
242.930283  -0.042961
242.950282  -0.042951
242.970281  -0.043012
242.990280  -0.042992
243.010280  -0.043002
243.030279  -0.043022
243.050278  -0.043032
243.070277  -0.043032
243.090276  -0.043022
243.110276  -0.043053
243.130275  -0.043073
243.150274  -0.043104
243.170273  -0.043104
243.190272  -0.043073
243.210272  -0.043094
243.230271  -0.043135
243.250270  -0.043124
243.270269  -0.043114
243.290268  -0.043145
243.310268  -0.043155
243.330267  -0.043165
243.350266  -0.043155
243.370265  -0.043175
243.390264  -0.043206
243.410264  -0.043186
243.430263  -0.043186
243.450262  -0.043206
243.470261  -0.043206
243.490260  -0.043247
243.510260  -0.043216
243.530259  -0.043257
243.550258  -0.043267
243.570257  -0.043277
243.590256  -0.043277
243.610256  -0.043308
243.630255  -0.043277
243.650254  -0.043318
243.670253  -0.043308
243.690252  -0.043328
243.710252  -0.043349
243.730251  -0.043359
243.750250  -0.043339
243.770249  -0.043379
243.790248  -0.043359
243.810248  -0.043369
243.830247  -0.043400
243.850246  -0.043400
243.870245  -0.043420
243.890244  -0.043420
243.910244  -0.043390
243.930243  -0.043430
243.950242  -0.043471
243.970241  -0.043451
243.990240  -0.043451
244.010240  -0.043461
244.030239  -0.043492
244.050238  -0.043471
244.070237  -0.043492
244.090236  -0.043512
244.110236  -0.043532
244.130235  -0.043532
244.150234  -0.043553
244.170233  -0.043563
244.190232  -0.043543
244.210232  -0.043563
244.230231  -0.043573
244.250230  -0.043604
244.270229  -0.043624
244.290228  -0.043604
244.310228  -0.043594
244.330227  -0.043614
244.350226  -0.043645
244.370225  -0.043635
244.390224  -0.043655
244.410224  -0.043635
244.430223  -0.043665
244.450222  -0.043675
244.470221  -0.043696
244.490220  -0.043675
244.510220  -0.043716
244.530219  -0.043696
244.550218  -0.043726
244.570217  -0.043737
244.590216  -0.043747
244.610216  -0.043737
244.630215  -0.043767
244.650214  -0.043788
244.670213  -0.043767
244.690212  -0.043798
244.710212  -0.043818
244.730211  -0.043839
244.750210  -0.043818
244.770209  -0.043818
244.790208  -0.043839
244.810208  -0.043849
244.830207  -0.043869
244.850206  -0.043869
244.870205  -0.043869
244.890204  -0.043910
244.910204  -0.043879
244.930203  -0.043879
244.950202  -0.043920
244.970201  -0.043900
244.990200  -0.043920
245.010200  -0.043941
245.030199  -0.043941
245.050198  -0.043951
245.070197  -0.043951
245.090196  -0.043951
245.110196  -0.044022
245.130195  -0.044012
245.150194  -0.044012
245.170193  -0.044012
245.190192  -0.044002
245.210192  -0.044053
245.230191  -0.044032
245.250190  -0.044032
245.270189  -0.044053
245.290188  -0.044083
245.310188  -0.044073
245.330187  -0.044083
245.350186  -0.044083
245.370185  -0.044094
245.390184  -0.044094
245.410184  -0.044124
245.430183  -0.044135
245.450182  -0.044135
245.470181  -0.044145
245.490180  -0.044165
245.510180  -0.044186
245.530179  -0.044186
245.550178  -0.044155
245.570177  -0.044175
245.590176  -0.044206
245.610176  -0.044226
245.630175  -0.044226
245.650174  -0.044206
245.670173  -0.044247
245.690172  -0.044257
245.710172  -0.044257
245.730171  -0.044237
245.750170  -0.044257
245.770169  -0.044288
245.790168  -0.044298
245.810168  -0.044318
245.830167  -0.044298
245.850166  -0.044339
245.870165  -0.044349
245.890164  -0.044359
245.910164  -0.044379
245.930163  -0.044369
245.950162  -0.044369
245.970161  -0.044379
245.990160  -0.044410
246.010160  -0.044410
246.030159  -0.044410
246.050158  -0.044400
246.070157  -0.044430
246.090156  -0.044430
246.110156  -0.044430
246.130155  -0.044400
246.150154  -0.044441
246.170153  -0.044471
246.190152  -0.044492
246.210152  -0.044481
246.230151  -0.044522
246.250150  -0.044481
246.270149  -0.044502
246.290148  -0.044553
246.310148  -0.044553
246.330147  -0.044553
246.350146  -0.044553
246.370145  -0.044563
246.390144  -0.044563
246.410144  -0.044594
246.430143  -0.044573
246.450142  -0.044604
246.470141  -0.044604
246.490140  -0.044624
246.510140  -0.044614
246.530139  -0.044645
246.550138  -0.044624
246.570137  -0.044675
246.590136  -0.044645
246.610136  -0.044665
246.630135  -0.044696
246.650134  -0.044696
246.670133  -0.044706
246.690132  -0.044696
246.710132  -0.044716
246.730131  -0.044726
246.750130  -0.044737
246.770129  -0.044747
246.790128  -0.044777
246.810128  -0.044747
246.830127  -0.044747
246.850126  -0.044777
246.870125  -0.044798
246.890124  -0.044788
246.910124  -0.044818
246.930123  -0.044839
246.950122  -0.044849
246.970121  -0.044818
246.990120  -0.044798
247.010120  -0.044839
247.030119  -0.044879
247.050118  -0.044859
247.070117  -0.044879
247.090116  -0.044900
247.110116  -0.044879
247.130115  -0.044920
247.150114  -0.044910
247.170113  -0.044951
247.190112  -0.044930
247.210112  -0.044941
247.230111  -0.044961
247.250110  -0.044961
247.270109  -0.044971
247.290108  -0.045002
247.310108  -0.044992
247.330107  -0.045022
247.350106  -0.045073
247.370105  -0.045002
247.390104  -0.045012
247.410104  -0.045032
247.430103  -0.045053
247.450102  -0.045063
247.470101  -0.045053
247.490100  -0.045083
247.510100  -0.045083
247.530099  -0.045083
247.550098  -0.045053
247.570097  -0.045104
247.590096  -0.045145
247.610096  -0.045155
247.630095  -0.045124
247.650094  -0.045175
247.670093  -0.045165
247.690092  -0.045175
247.710092  -0.045175
247.730091  -0.045226
247.750090  -0.045186
247.770089  -0.045196
247.790088  -0.045206
247.810088  -0.045226
247.830087  -0.045216
247.850086  -0.045226
247.870085  -0.045226
247.890084  -0.045257
247.910084  -0.045257
247.930083  -0.045267
247.950082  -0.045318
247.970081  -0.045298
247.990080  -0.045298
248.010080  -0.045298
248.030079  -0.045328
248.050078  -0.045339
248.070077  -0.045328
248.090076  -0.045318
248.110076  -0.045359
248.130075  -0.045390
248.150074  -0.045359
248.170073  -0.045369
248.190072  -0.045390
248.210072  -0.045410
248.230071  -0.045420
248.250070  -0.045441
248.270069  -0.045461
248.290068  -0.045481
248.310068  -0.045430
248.330067  -0.045451
248.350066  -0.045492
248.370065  -0.045481
248.390064  -0.045502
248.410064  -0.045512
248.430063  -0.045502
248.450062  -0.045522
248.470061  -0.045512
248.490060  -0.045522
248.510060  -0.045522
248.530059  -0.045543
248.550058  -0.045532
248.570057  -0.045553
248.590056  -0.045573
248.610056  -0.045594
248.630055  -0.045583
248.650054  -0.045573
248.670053  -0.045604
248.690052  -0.045604
248.710052  -0.045634
248.730051  -0.045614
248.750050  -0.045645
248.770049  -0.045685
248.790048  -0.045655
248.810048  -0.045685
248.830047  -0.045696
248.850046  -0.045706
248.870045  -0.045696
248.890044  -0.045716
248.910044  -0.045716
248.930043  -0.045737
248.950042  -0.045757
248.970041  -0.045757
248.990040  -0.045726
249.010040  -0.045767
249.030039  -0.045767
249.050038  -0.045757
249.070037  -0.045777
249.090036  -0.045788
249.110036  -0.045798
249.130035  -0.045777
249.150034  -0.045828
249.170033  -0.045849
249.190032  -0.045839
249.210032  -0.045818
249.230031  -0.045879
249.250030  -0.045869
249.270029  -0.045900
249.290028  -0.045900
249.310028  -0.045879
249.330027  -0.045920
249.350026  -0.045910
249.370025  -0.045930
249.390024  -0.045930
249.410024  -0.045961
249.430023  -0.045951
249.450022  -0.045920
249.470021  -0.045981
249.490020  -0.046002
249.510020  -0.046002
249.530019  -0.045981
249.550018  -0.046002
249.570017  -0.045992
249.590016  -0.046012
249.610016  -0.046012
249.630015  -0.046053
249.650014  -0.046063
249.670013  -0.046063
249.690012  -0.046053
249.710012  -0.046053
249.730011  -0.046083
249.750010  -0.046094
249.770009  -0.046094
249.790008  -0.046124
249.810008  -0.046145
249.830007  -0.046134
249.850006  -0.046145
249.870005  -0.046134
249.890004  -0.046155
249.910004  -0.046165
249.930003  -0.046185
249.950002  -0.046216
249.970001  -0.046236
249.990000  -0.046206
250.010000  -0.046206
250.029999  -0.046206
250.049998  -0.046247
250.069997  -0.046236
250.089996  -0.046267
250.109996  -0.046257
250.129995  -0.046288
250.149994  -0.046247
250.169993  -0.046257
250.189992  -0.046298
250.209992  -0.046288
250.229991  -0.046288
250.249990  -0.046318
250.269989  -0.046328
250.289988  -0.046339
250.309988  -0.046359
250.329987  -0.046349
250.349986  -0.046379
250.369985  -0.046379
250.389984  -0.046410
250.409984  -0.046379
250.429983  -0.046420
250.449982  -0.046420
250.469981  -0.046441
250.489980  -0.046430
250.509980  -0.046492
250.529979  -0.046420
250.549978  -0.046451
250.569977  -0.046471
250.589976  -0.046502
250.609976  -0.046471
250.629975  -0.046492
250.649974  -0.046502
250.669973  -0.046532
250.689972  -0.046522
250.709972  -0.046522
250.729971  -0.046553
250.749970  -0.046553
250.769969  -0.046543
250.789968  -0.046563
250.809968  -0.046573
250.829967  -0.046614
250.849966  -0.046614
250.869965  -0.046604
250.889964  -0.046583
250.909964  -0.046665
250.929963  -0.046624
250.949962  -0.046624
250.969961  -0.046675
250.989960  -0.046655
251.009960  -0.046696
251.029959  -0.046716
251.049958  -0.046696
251.069957  -0.046706
251.089956  -0.046716
251.109956  -0.046675
251.129955  -0.046726
251.149954  -0.046757
251.169953  -0.046736
251.189952  -0.046716
251.209952  -0.046736
251.229951  -0.046757
251.249950  -0.046788
251.269949  -0.046767
251.289948  -0.046777
251.309948  -0.046808
251.329947  -0.046818
251.349946  -0.046828
251.369945  -0.046818
251.389944  -0.046828
251.409944  -0.046859
251.429943  -0.046839
251.449942  -0.046890
251.469941  -0.046900
251.489940  -0.046879
251.509940  -0.046890
251.529939  -0.046910
251.549938  -0.046930
251.569937  -0.046900
251.589936  -0.046951
251.609936  -0.046910
251.629935  -0.046961
251.649934  -0.046951
251.669933  -0.046961
251.689932  -0.046941
251.709932  -0.046981
251.729931  -0.046992
251.749930  -0.046961
251.769929  -0.047002
251.789928  -0.047022
251.809928  -0.047022
251.829927  -0.047012
251.849926  -0.047053
251.869925  -0.047032
251.889924  -0.047053
251.909924  -0.047073
251.929923  -0.047073
251.949922  -0.047094
251.969921  -0.047114
251.989920  -0.047104
252.009920  -0.047114
252.029919  -0.047124
252.049918  -0.047104
252.069917  -0.047134
252.089916  -0.047145
252.109916  -0.047185
252.129915  -0.047155
252.149914  -0.047155
252.169913  -0.047134
252.189912  -0.047185
252.209912  -0.047165
252.229911  -0.047185
252.249910  -0.047216
252.269909  -0.047196
252.289908  -0.047206
252.309908  -0.047226
252.329907  -0.047236
252.349906  -0.047257
252.369905  -0.047257
252.389904  -0.047267
252.409904  -0.047287
252.429903  -0.047267
252.449902  -0.047287
252.469901  -0.047277
252.489900  -0.047308
252.509900  -0.047339
252.529899  -0.047339
252.549898  -0.047349
252.569897  -0.047349
252.589896  -0.047390
252.609896  -0.047369
252.629895  -0.047369
252.649894  -0.047379
252.669893  -0.047410
252.689892  -0.047359
252.709892  -0.047400
252.729891  -0.047410
252.749890  -0.047430
252.769889  -0.047400
252.789888  -0.047461
252.809888  -0.047441
252.829887  -0.047471
252.849886  -0.047441
252.869885  -0.047461
252.889884  -0.047481
252.909884  -0.047522
252.929883  -0.047492
252.949882  -0.047512
252.969881  -0.047512
252.989880  -0.047543
253.009880  -0.047512
253.029879  -0.047543
253.049878  -0.047553
253.069877  -0.047573
253.089876  -0.047563
253.109876  -0.047583
253.129875  -0.047594
253.149874  -0.047634
253.169873  -0.047583
253.189872  -0.047594
253.209872  -0.047624
253.229871  -0.047614
253.249870  -0.047634
253.269869  -0.047645
253.289868  -0.047665
253.309868  -0.047655
253.329867  -0.047655
253.349866  -0.047696
253.369865  -0.047696
253.389864  -0.047706
253.409864  -0.047716
253.429863  -0.047685
253.449862  -0.047736
253.469861  -0.047716
253.489860  -0.047777
253.509860  -0.047777
253.529859  -0.047787
253.549858  -0.047757
253.569857  -0.047767
253.589856  -0.047787
253.609856  -0.047787
253.629855  -0.047818
253.649854  -0.047787
253.669853  -0.047808
253.689852  -0.047818
253.709852  -0.047849
253.729851  -0.047838
253.749850  -0.047838
253.769849  -0.047869
253.789848  -0.047879
253.809848  -0.047849
253.829847  -0.047890
253.849846  -0.047930
253.869845  -0.047920
253.889844  -0.047879
253.909844  -0.047910
253.929843  -0.047941
253.949842  -0.047951
253.969841  -0.047941
253.989840  -0.047971
254.009840  -0.047961
254.029839  -0.047961
254.049838  -0.047961
254.069837  -0.048012
254.089836  -0.048022
254.109836  -0.048002
254.129835  -0.048032
254.149834  -0.048043
254.169833  -0.048063
254.189832  -0.048022
254.209832  -0.048083
254.229831  -0.048053
254.249830  -0.048094
254.269829  -0.048083
254.289828  -0.048063
254.309828  -0.048094
254.329827  -0.048124
254.349826  -0.048114
254.369825  -0.048104
254.389824  -0.048124
254.409824  -0.048134
254.429823  -0.048155
254.449822  -0.048165
254.469821  -0.048165
254.489820  -0.048196
254.509820  -0.048196
254.529819  -0.048185
254.549818  -0.048196
254.569817  -0.048247
254.589816  -0.048216
254.609816  -0.048226
254.629815  -0.048257
254.649814  -0.048287
254.669813  -0.048247
254.689812  -0.048267
254.709812  -0.048267
254.729811  -0.048298
254.749810  -0.048287
254.769809  -0.048287
254.789808  -0.048308
254.809808  -0.048328
254.829807  -0.048328
254.849806  -0.048328
254.869805  -0.048328
254.889804  -0.048349
254.909804  -0.048359
254.929803  -0.048349
254.949802  -0.048390
254.969801  -0.048390
254.989800  -0.048390
255.009800  -0.048420
255.029799  -0.048430
255.049798  -0.048451
255.069797  -0.048420
255.089796  -0.048441
255.109796  -0.048451
255.129795  -0.048492
255.149794  -0.048461
255.169793  -0.048492
255.189792  -0.048532
255.209792  -0.048512
255.229791  -0.048492
255.249790  -0.048492
255.269789  -0.048522
255.289788  -0.048573
255.309788  -0.048522
255.329787  -0.048522
255.349786  -0.048543
255.369785  -0.048553
255.389784  -0.048573
255.409784  -0.048563
255.429783  -0.048573
255.449782  -0.048614
255.469781  -0.048583
255.489780  -0.048604
255.509780  -0.048614
255.529779  -0.048594
255.549778  -0.048624
255.569777  -0.048685
255.589776  -0.048675
255.609776  -0.048665
255.629775  -0.048665
255.649774  -0.048675
255.669773  -0.048696
255.689772  -0.048726
255.709772  -0.048675
255.729771  -0.048716
255.749770  -0.048726
255.769769  -0.048716
255.789768  -0.048716
255.809768  -0.048736
255.829767  -0.048767
255.849766  -0.048767
255.869765  -0.048767
255.889764  -0.048777
255.909764  -0.048787
255.929763  -0.048787
255.949762  -0.048818
255.969761  -0.048818
255.989760  -0.048849
256.009760  -0.048828
256.029759  -0.048828
256.049758  -0.048849
256.069757  -0.048859
256.089756  -0.048849
256.109756  -0.048900
256.129755  -0.048849
256.149754  -0.048930
256.169753  -0.048910
256.189752  -0.048920
256.209752  -0.048920
256.229751  -0.048941
256.249750  -0.048951
256.269749  -0.048951
256.289748  -0.048941
256.309748  -0.048961
256.329747  -0.048941
256.349746  -0.048951
256.369745  -0.048992
256.389744  -0.049002
256.409744  -0.049002
256.429743  -0.049012
256.449742  -0.048992
256.469741  -0.049012
256.489740  -0.049043
256.509740  -0.049022
256.529739  -0.049053
256.549738  -0.049053
256.569737  -0.049083
256.589736  -0.049083
256.609736  -0.049063
256.629735  -0.049114
256.649734  -0.049124
256.669733  -0.049124
256.689732  -0.049124
256.709732  -0.049155
256.729731  -0.049134
256.749730  -0.049175
256.769729  -0.049175
256.789728  -0.049165
256.809728  -0.049165
256.829727  -0.049185
256.849726  -0.049226
256.869725  -0.049206
256.889724  -0.049196
256.909724  -0.049206
256.929723  -0.049226
256.949722  -0.049247
256.969721  -0.049236
256.989720  -0.049196
257.009720  -0.049267
257.029719  -0.049287
257.049718  -0.049287
257.069717  -0.049267
257.089716  -0.049257
257.109716  -0.049298
257.129715  -0.049328
257.149714  -0.049338
257.169713  -0.049318
257.189712  -0.049359
257.209712  -0.049338
257.229711  -0.049349
257.249710  -0.049349
257.269709  -0.049359
257.289708  -0.049379
257.309708  -0.049400
257.329707  -0.049400
257.349706  -0.049471
257.369705  -0.049410
257.389704  -0.049410
257.409704  -0.049420
257.429703  -0.049440
257.449702  -0.049440
257.469701  -0.049440
257.489700  -0.049481
257.509700  -0.049481
257.529699  -0.049471
257.549698  -0.049471
257.569697  -0.049471
257.589696  -0.049512
257.609696  -0.049543
257.629695  -0.049532
257.649694  -0.049522
257.669693  -0.049553
257.689692  -0.049553
257.709692  -0.049573
257.729691  -0.049553
257.749690  -0.049583
257.769689  -0.049604
257.789688  -0.049634
257.809688  -0.049614
257.829687  -0.049634
257.849686  -0.049624
257.869685  -0.049634
257.889684  -0.049634
257.909684  -0.049634
257.929683  -0.049665
257.949682  -0.049675
257.969681  -0.049675
257.989680  -0.049665
258.009680  -0.049696
258.029679  -0.049696
258.049678  -0.049726
258.069677  -0.049706
258.089676  -0.049736
258.109676  -0.049716
258.129675  -0.049747
258.149674  -0.049747
258.169673  -0.049757
258.189672  -0.049757
258.209672  -0.049798
258.229671  -0.049787
258.249670  -0.049808
258.269669  -0.049798
258.289668  -0.049818
258.309668  -0.049818
258.329667  -0.049808
258.349666  -0.049818
258.369665  -0.049838
258.389664  -0.049859
258.409664  -0.049900
258.429663  -0.049869
258.449662  -0.049879
258.469661  -0.049910
258.489660  -0.049879
258.509660  -0.049900
258.529659  -0.049930
258.549658  -0.049920
258.569657  -0.049920
258.589656  -0.049940
258.609656  -0.049961
258.629655  -0.049961
258.649654  -0.049981
258.669653  -0.049961
258.689652  -0.049992
258.709652  -0.049992
258.729651  -0.050012
258.749650  -0.050043
258.769649  -0.050032
258.789648  -0.050043
258.809648  -0.050012
258.829647  -0.050022
258.849646  -0.050053
258.869645  -0.050073
258.889644  -0.050063
258.909644  -0.050053
258.929643  -0.050083
258.949642  -0.050053
258.969641  -0.050073
258.989640  -0.050094
259.009640  -0.050124
259.029639  -0.050094
259.049638  -0.050114
259.069637  -0.050155
259.089636  -0.050155
259.109636  -0.050155
259.129635  -0.050155
259.149634  -0.050175
259.169633  -0.050175
259.189632  -0.050185
259.209632  -0.050196
259.229631  -0.050185
259.249630  -0.050226
259.269629  -0.050216
259.289628  -0.050247
259.309628  -0.050236
259.329627  -0.050267
259.349626  -0.050236
259.369625  -0.050267
259.389624  -0.050267
259.409624  -0.050257
259.429623  -0.050287
259.449622  -0.050277
259.469621  -0.050298
259.489620  -0.050308
259.509620  -0.050267
259.529619  -0.050308
259.549618  -0.050349
259.569617  -0.050338
259.589616  -0.050349
259.609616  -0.050298
259.629615  -0.050359
259.649614  -0.050369
259.669613  -0.050369
259.689612  -0.050379
259.709612  -0.050420
259.729611  -0.050410
259.749610  -0.050410
259.769609  -0.050410
259.789608  -0.050420
259.809608  -0.050451
259.829607  -0.050430
259.849606  -0.050451
259.869605  -0.050451
259.889604  -0.050471
259.909604  -0.050491
259.929603  -0.050461
259.949602  -0.050502
259.969601  -0.050512
259.989600  -0.050502
260.009600  -0.050532
260.029599  -0.050512
260.049598  -0.050532
260.069597  -0.050532
260.089596  -0.050553
260.109596  -0.050563
260.129595  -0.050583
260.149594  -0.050583
260.169593  -0.050583
260.189592  -0.050594
260.209592  -0.050594
260.229591  -0.050594
260.249590  -0.050624
260.269589  -0.050634
260.289588  -0.050624
260.309588  -0.050655
260.329587  -0.050655
260.349586  -0.050645
260.369585  -0.050696
260.389584  -0.050655
260.409584  -0.050696
260.429583  -0.050726
260.449582  -0.050706
260.469581  -0.050716
260.489580  -0.050685
260.509580  -0.050716
260.529579  -0.050736
260.549578  -0.050736
260.569577  -0.050747
260.589576  -0.050736
260.609576  -0.050777
260.629575  -0.050767
260.649574  -0.050777
260.669573  -0.050787
260.689572  -0.050808
260.709572  -0.050818
260.729571  -0.050798
260.749570  -0.050849
260.769569  -0.050818
260.789568  -0.050818
260.809568  -0.050838
260.829567  -0.050879
260.849566  -0.050859
260.869565  -0.050869
260.889564  -0.050900
260.909564  -0.050900
260.929563  -0.050930
260.949562  -0.050889
260.969561  -0.050930
260.989560  -0.050920
261.009560  -0.050930
261.029559  -0.050940
261.049558  -0.050930
261.069557  -0.050961
261.089556  -0.050971
261.109556  -0.050981
261.129555  -0.050981
261.149554  -0.051002
261.169553  -0.050991
261.189552  -0.051002
261.209552  -0.051032
261.229551  -0.051022
261.249550  -0.051032
261.269549  -0.051022
261.289548  -0.051022
261.309548  -0.051063
261.329547  -0.051073
261.349546  -0.051063
261.369545  -0.051083
261.389544  -0.051094
261.409544  -0.051053
261.429543  -0.051124
261.449542  -0.051094
261.469541  -0.051124
261.489540  -0.051145
261.509540  -0.051134
261.529539  -0.051134
261.549538  -0.051185
261.569537  -0.051165
261.589536  -0.051165
261.609536  -0.051185
261.629535  -0.051185
261.649534  -0.051236
261.669533  -0.051226
261.689532  -0.051216
261.709532  -0.051226
261.729531  -0.051236
261.749530  -0.051206
261.769529  -0.051236
261.789528  -0.051257
261.809528  -0.051236
261.829527  -0.051257
261.849526  -0.051277
261.869525  -0.051298
261.889524  -0.051308
261.909524  -0.051338
261.929523  -0.051308
261.949522  -0.051369
261.969521  -0.051328
261.989520  -0.051308
262.009520  -0.051328
262.029519  -0.051359
262.049518  -0.051359
262.069517  -0.051369
262.089516  -0.051379
262.109516  -0.051430
262.129515  -0.051379
262.149514  -0.051389
262.169513  -0.051410
262.189512  -0.051420
262.209512  -0.051410
262.229511  -0.051410
262.249510  -0.051451
262.269509  -0.051461
262.289508  -0.051451
262.309508  -0.051461
262.329507  -0.051491
262.349506  -0.051491
262.369505  -0.051481
262.389504  -0.051502
262.409504  -0.051502
262.429503  -0.051542
262.449502  -0.051522
262.469501  -0.051532
262.489500  -0.051522
262.509500  -0.051583
262.529499  -0.051542
262.549498  -0.051573
262.569497  -0.051563
262.589496  -0.051583
262.609496  -0.051594
262.629495  -0.051573
262.649494  -0.051604
262.669493  -0.051624
262.689492  -0.051594
262.709492  -0.051614
262.729491  -0.051634
262.749490  -0.051655
262.769489  -0.051655
262.789488  -0.051624
262.809488  -0.051655
262.829487  -0.051685
262.849486  -0.051675
262.869485  -0.051696
262.889484  -0.051706
262.909484  -0.051696
262.929483  -0.051696
262.949482  -0.051726
262.969481  -0.051736
262.989480  -0.051747
263.009480  -0.051767
263.029479  -0.051777
263.049478  -0.051808
263.069477  -0.051787
263.089476  -0.051757
263.109476  -0.051767
263.129475  -0.051798
263.149474  -0.051818
263.169473  -0.051798
263.189472  -0.051818
263.209472  -0.051808
263.229471  -0.051818
263.249470  -0.051869
263.269469  -0.051838
263.289468  -0.051859
263.309468  -0.051869
263.329467  -0.051869
263.349466  -0.051869
263.369465  -0.051920
263.389464  -0.051889
263.409464  -0.051900
263.429463  -0.051900
263.449462  -0.051940
263.469461  -0.051900
263.489460  -0.051930
263.509460  -0.051940
263.529459  -0.052002
263.549458  -0.051971
263.569457  -0.051961
263.589456  -0.052002
263.609456  -0.051991
263.629455  -0.051971
263.649454  -0.051971
263.669453  -0.052002
263.689452  -0.052032
263.709452  -0.052002
263.729451  -0.052022
263.749450  -0.052053
263.769449  -0.052053
263.789448  -0.052063
263.809448  -0.052053
263.829447  -0.052053
263.849446  -0.052104
263.869445  -0.052114
263.889444  -0.052093
263.909444  -0.052093
263.929443  -0.052114
263.949442  -0.052134
263.969441  -0.052134
263.989440  -0.052145
264.009440  -0.052155
264.029439  -0.052175
264.049438  -0.052134
264.069437  -0.052165
264.089436  -0.052185
264.109436  -0.052185
264.129435  -0.052185
264.149434  -0.052196
264.169433  -0.052196
264.189432  -0.052216
264.209432  -0.052216
264.229431  -0.052236
264.249430  -0.052247
264.269429  -0.052257
264.289428  -0.052247
264.309428  -0.052257
264.329427  -0.052287
264.349426  -0.052267
264.369425  -0.052267
264.389424  -0.052308
264.409424  -0.052308
264.429423  -0.052308
264.449422  -0.052328
264.469421  -0.052298
264.489420  -0.052349
264.509420  -0.052369
264.529419  -0.052369
264.549418  -0.052379
264.569417  -0.052369
264.589416  -0.052369
264.609416  -0.052349
264.629415  -0.052389
264.649414  -0.052379
264.669413  -0.052359
264.689412  -0.052420
264.709412  -0.052410
264.729411  -0.052400
264.749410  -0.052430
264.769409  -0.052430
264.789408  -0.052471
264.809408  -0.052440
264.829407  -0.052451
264.849406  -0.052451
264.869405  -0.052471
264.889404  -0.052502
264.909404  -0.052491
264.929403  -0.052522
264.949402  -0.052542
264.969401  -0.052512
264.989400  -0.052532
265.009400  -0.052532
265.029399  -0.052553
265.049398  -0.052553
265.069397  -0.052583
265.089396  -0.052583
265.109396  -0.052593
265.129395  -0.052583
265.149394  -0.052593
265.169393  -0.052583
265.189392  -0.052624
265.209392  -0.052614
265.229391  -0.052604
265.249390  -0.052634
265.269389  -0.052624
265.289388  -0.052665
265.309388  -0.052675
265.329387  -0.052675
265.349386  -0.052706
265.369385  -0.052685
265.389384  -0.052696
265.409384  -0.052685
265.429383  -0.052716
265.449382  -0.052696
265.469381  -0.052736
265.489380  -0.052726
265.509380  -0.052757
265.529379  -0.052767
265.549378  -0.052777
265.569377  -0.052767
265.589376  -0.052787
265.609376  -0.052798
265.629375  -0.052787
265.649374  -0.052808
265.669373  -0.052787
265.689372  -0.052818
265.709372  -0.052798
265.729371  -0.052818
265.749370  -0.052849
265.769369  -0.052849
265.789368  -0.052818
265.809368  -0.052869
265.829367  -0.052859
265.849366  -0.052879
265.869365  -0.052869
265.889364  -0.052930
265.909364  -0.052879
265.929363  -0.052859
265.949362  -0.052910
265.969361  -0.052900
265.989360  -0.052961
266.009360  -0.052910
266.029359  -0.052920
266.049358  -0.052971
266.069357  -0.052991
266.089356  -0.052981
266.109356  -0.052961
266.129355  -0.052961
266.149354  -0.053012
266.169353  -0.052991
266.189352  -0.053022
266.209352  -0.053002
266.229351  -0.053053
266.249350  -0.053022
266.269349  -0.053012
266.289348  -0.053022
266.309348  -0.053032
266.329347  -0.053063
266.349346  -0.053063
266.369345  -0.053083
266.389344  -0.053063
266.409344  -0.053063
266.429343  -0.053083
266.449342  -0.053083
266.469341  -0.053124
266.489340  -0.053114
266.509340  -0.053124
266.529339  -0.053093
266.549338  -0.053165
266.569337  -0.053134
266.589336  -0.053134
266.609336  -0.053155
266.629335  -0.053175
266.649334  -0.053175
266.669333  -0.053175
266.689332  -0.053175
266.709332  -0.053206
266.729331  -0.053185
266.749330  -0.053185
266.769329  -0.053247
266.789328  -0.053226
266.809328  -0.053236
266.829327  -0.053216
266.849326  -0.053257
266.869325  -0.053226
266.889324  -0.053257
266.909324  -0.053267
266.929323  -0.053298
266.949322  -0.053287
266.969321  -0.053287
266.989320  -0.053287
267.009320  -0.053328
267.029319  -0.053318
267.049318  -0.053318
267.069317  -0.053338
267.089316  -0.053349
267.109316  -0.053359
267.129315  -0.053359
267.149314  -0.053389
267.169313  -0.053349
267.189312  -0.053410
267.209312  -0.053369
267.229311  -0.053400
267.249310  -0.053389
267.269309  -0.053400
267.289308  -0.053410
267.309308  -0.053410
267.329307  -0.053440
267.349306  -0.053410
267.369305  -0.053440
267.389304  -0.053451
267.409304  -0.053440
267.429303  -0.053471
267.449302  -0.053451
267.469301  -0.053481
267.489300  -0.053471
267.509300  -0.053481
267.529299  -0.053512
267.549298  -0.053502
267.569297  -0.053522
267.589296  -0.053512
267.609296  -0.053522
267.629295  -0.053553
267.649294  -0.053563
267.669293  -0.053593
267.689292  -0.053563
267.709292  -0.053573
267.729291  -0.053573
267.749290  -0.053573
267.769289  -0.053573
267.789288  -0.053593
267.809288  -0.053634
267.829287  -0.053634
267.849286  -0.053604
267.869285  -0.053624
267.889284  -0.053634
267.909284  -0.053644
267.929283  -0.053665
267.949282  -0.053634
267.969281  -0.053655
267.989280  -0.053655
268.009280  -0.053675
268.029279  -0.053655
268.049278  -0.053726
268.069277  -0.053716
268.089276  -0.053716
268.109276  -0.053726
268.129275  -0.053747
268.149274  -0.053747
268.169273  -0.053747
268.189272  -0.053767
268.209272  -0.053798
268.229271  -0.053798
268.249270  -0.053767
268.269269  -0.053787
268.289268  -0.053777
268.309268  -0.053808
268.329267  -0.053777
268.349266  -0.053828
268.369265  -0.053828
268.389264  -0.053808
268.409264  -0.053838
268.429263  -0.053859
268.449262  -0.053838
268.469261  -0.053849
268.489260  -0.053828
268.509260  -0.053910
268.529259  -0.053879
268.549258  -0.053889
268.569257  -0.053900
268.589256  -0.053889
268.609256  -0.053920
268.629255  -0.053930
268.649254  -0.053940
268.669253  -0.053930
268.689252  -0.053961
268.709252  -0.053951
268.729251  -0.053930
268.749250  -0.053981
268.769249  -0.053981
268.789248  -0.054002
268.809248  -0.054002
268.829247  -0.054012
268.849246  -0.053991
268.869245  -0.054022
268.889244  -0.053991
268.909244  -0.054053
268.929243  -0.054063
268.949242  -0.054053
268.969241  -0.054022
268.989240  -0.054053
269.009240  -0.054063
269.029239  -0.054083
269.049238  -0.054083
269.069237  -0.054124
269.089236  -0.054104
269.109236  -0.054083
269.129235  -0.054114
269.149234  -0.054134
269.169233  -0.054134
269.189232  -0.054155
269.209232  -0.054134
269.229231  -0.054144
269.249230  -0.054195
269.269229  -0.054165
269.289228  -0.054165
269.309228  -0.054175
269.329227  -0.054195
269.349226  -0.054185
269.369225  -0.054206
269.389224  -0.054226
269.409224  -0.054206
269.429223  -0.054216
269.449222  -0.054226
269.469221  -0.054246
269.489220  -0.054246
269.509220  -0.054257
269.529219  -0.054236
269.549218  -0.054267
269.569217  -0.054277
269.589216  -0.054287
269.609216  -0.054308
269.629215  -0.054338
269.649214  -0.054328
269.669213  -0.054328
269.689212  -0.054318
269.709212  -0.054349
269.729211  -0.054359
269.749210  -0.054338
269.769209  -0.054369
269.789208  -0.054379
269.809208  -0.054379
269.829207  -0.054389
269.849206  -0.054379
269.869205  -0.054379
269.889204  -0.054430
269.909204  -0.054389
269.929203  -0.054420
269.949202  -0.054430
269.969201  -0.054461
269.989200  -0.054481
270.009200  -0.054440
270.029199  -0.054430
270.049198  -0.054461
270.069197  -0.054461
270.089196  -0.054440
270.109196  -0.054502
270.129195  -0.054481
270.149194  -0.054502
270.169193  -0.054522
270.189192  -0.054522
270.209192  -0.054512
270.229191  -0.054532
270.249190  -0.054542
270.269189  -0.054553
270.289188  -0.054553
270.309188  -0.054563
270.329187  -0.054553
270.349186  -0.054604
270.369185  -0.054583
270.389184  -0.054563
270.409184  -0.054583
270.429183  -0.054604
270.449182  -0.054593
270.469181  -0.054593
270.489180  -0.054624
270.509180  -0.054634
270.529179  -0.054655
270.549178  -0.054624
270.569177  -0.054675
270.589176  -0.054665
270.609176  -0.054655
270.629175  -0.054695
270.649174  -0.054685
270.669173  -0.054706
270.689172  -0.054706
270.709172  -0.054695
270.729171  -0.054706
270.749170  -0.054757
270.769169  -0.054757
270.789168  -0.054726
270.809168  -0.054736
270.829167  -0.054777
270.849166  -0.054746
270.869165  -0.054767
270.889164  -0.054798
270.909164  -0.054777
270.929163  -0.054777
270.949162  -0.054777
270.969161  -0.054818
270.989160  -0.054787
271.009160  -0.054838
271.029159  -0.054787
271.049158  -0.054879
271.069157  -0.054808
271.089156  -0.054838
271.109156  -0.054849
271.129155  -0.054879
271.149154  -0.054869
271.169153  -0.054879
271.189152  -0.054859
271.209152  -0.054889
271.229151  -0.054930
271.249150  -0.054879
271.269149  -0.054951
271.289148  -0.054910
271.309148  -0.054951
271.329147  -0.054920
271.349146  -0.054981
271.369145  -0.054940
271.389144  -0.054961
271.409144  -0.054961
271.429143  -0.054971
271.449142  -0.054981
271.469141  -0.054971
271.489140  -0.054971
271.509140  -0.054991
271.529139  -0.055012
271.549138  -0.055042
271.569137  -0.055042
271.589136  -0.055012
271.609136  -0.055012
271.629135  -0.055053
271.649134  -0.055063
271.669133  -0.055063
271.689132  -0.055083
271.709132  -0.055093
271.729131  -0.055124
271.749130  -0.055104
271.769129  -0.055124
271.789128  -0.055124
271.809128  -0.055124
271.829127  -0.055144
271.849126  -0.055144
271.869125  -0.055144
271.889124  -0.055144
271.909124  -0.055144
271.929123  -0.055175
271.949122  -0.055185
271.969121  -0.055165
271.989120  -0.055185
272.009120  -0.055226
272.029119  -0.055216
272.049118  -0.055195
272.069117  -0.055195
272.089116  -0.055236
272.109116  -0.055236
272.129115  -0.055216
272.149114  -0.055226
272.169113  -0.055257
272.189112  -0.055246
272.209112  -0.055287
272.229111  -0.055297
272.249110  -0.055308
272.269109  -0.055308
272.289108  -0.055308
272.309108  -0.055308
272.329107  -0.055318
272.349106  -0.055338
272.369105  -0.055328
272.389104  -0.055359
272.409104  -0.055369
272.429103  -0.055369
272.449102  -0.055349
272.469101  -0.055379
272.489100  -0.055389
272.509100  -0.055400
272.529099  -0.055379
272.549098  -0.055400
272.569097  -0.055400
272.589096  -0.055440
272.609096  -0.055420
272.629095  -0.055410
272.649094  -0.055461
272.669093  -0.055440
272.689092  -0.055440
272.709092  -0.055451
272.729091  -0.055471
272.749090  -0.055491
272.769089  -0.055471
272.789088  -0.055481
272.809088  -0.055522
272.829087  -0.055542
272.849086  -0.055532
272.869085  -0.055532
272.889084  -0.055532
272.909084  -0.055553
272.929083  -0.055553
272.949082  -0.055532
272.969081  -0.055553
272.989080  -0.055583
273.009080  -0.055573
273.029079  -0.055573
273.049078  -0.055553
273.069077  -0.055563
273.089076  -0.055604
273.109076  -0.055624
273.129075  -0.055634
273.149074  -0.055624
273.169073  -0.055624
273.189072  -0.055695
273.209072  -0.055655
273.229071  -0.055644
273.249070  -0.055644
273.269069  -0.055665
273.289068  -0.055675
273.309068  -0.055685
273.329067  -0.055695
273.349066  -0.055706
273.369065  -0.055746
273.389064  -0.055726
273.409064  -0.055757
273.429063  -0.055726
273.449062  -0.055767
273.469061  -0.055716
273.489060  -0.055767
273.509060  -0.055767
273.529059  -0.055767
273.549058  -0.055746
273.569057  -0.055757
273.589056  -0.055777
273.609056  -0.055797
273.629055  -0.055797
273.649054  -0.055757
273.669053  -0.055848
273.689052  -0.055828
273.709052  -0.055818
273.729051  -0.055838
273.749050  -0.055859
273.769049  -0.055859
273.789048  -0.055889
273.809048  -0.055859
273.829047  -0.055869
273.849046  -0.055879
273.869045  -0.055910
273.889044  -0.055910
273.909044  -0.055900
273.929043  -0.055900
273.949042  -0.055900
273.969041  -0.055920
273.989040  -0.055940
274.009040  -0.055930
274.029039  -0.055920
274.049038  -0.055961
274.069037  -0.055961
274.089036  -0.055940
274.109036  -0.055930
274.129035  -0.055961
274.149034  -0.056022
274.169033  -0.056012
274.189032  -0.055991
274.209032  -0.056042
274.229031  -0.056022
274.249030  -0.056022
274.269029  -0.056022
274.289028  -0.056042
274.309028  -0.056063
274.329027  -0.056053
274.349026  -0.056063
274.369025  -0.056063
274.389024  -0.056063
274.409024  -0.056104
274.429023  -0.056073
274.449022  -0.056093
274.469021  -0.056114
274.489020  -0.056093
274.509020  -0.056083
274.529019  -0.056114
274.549018  -0.056104
274.569017  -0.056134
274.589016  -0.056134
274.609016  -0.056124
274.629015  -0.056165
274.649014  -0.056165
274.669013  -0.056165
274.689012  -0.056195
274.709012  -0.056175
274.729011  -0.056155
274.749010  -0.056195
274.769009  -0.056185
274.789008  -0.056226
274.809008  -0.056216
274.829007  -0.056216
274.849006  -0.056246
274.869005  -0.056287
274.889004  -0.056246
274.909004  -0.056267
274.929003  -0.056257
274.949002  -0.056277
274.969001  -0.056277
274.989000  -0.056277
275.009000  -0.056267
275.028999  -0.056308
275.048998  -0.056287
275.068997  -0.056318
275.088996  -0.056297
275.108996  -0.056328
275.128995  -0.056348
275.148994  -0.056348
275.168993  -0.056348
275.188992  -0.056348
275.208992  -0.056338
275.228991  -0.056338
275.248990  -0.056389
275.268989  -0.056389
275.288988  -0.056400
275.308988  -0.056379
275.328987  -0.056420
275.348986  -0.056430
275.368985  -0.056410
275.388984  -0.056420
275.408984  -0.056440
275.428983  -0.056471
275.448982  -0.056451
275.468981  -0.056420
275.488980  -0.056461
275.508980  -0.056502
275.528979  -0.056481
275.548978  -0.056491
275.568977  -0.056481
275.588976  -0.056512
275.608976  -0.056481
275.628975  -0.056512
275.648974  -0.056522
275.668973  -0.056553
275.688972  -0.056542
275.708972  -0.056532
275.728971  -0.056542
275.748970  -0.056573
275.768969  -0.056573
275.788968  -0.056573
275.808968  -0.056593
275.828967  -0.056604
275.848966  -0.056583
275.868965  -0.056604
275.888964  -0.056604
275.908964  -0.056634
275.928963  -0.056593
275.948962  -0.056655
275.968961  -0.056624
275.988960  -0.056644
276.008960  -0.056634
276.028959  -0.056655
276.048958  -0.056695
276.068957  -0.056685
276.088956  -0.056695
276.108956  -0.056665
276.128955  -0.056695
276.148954  -0.056685
276.168953  -0.056675
276.188952  -0.056685
276.208952  -0.056706
276.228951  -0.056716
276.248950  -0.056746
276.268949  -0.056736
276.288948  -0.056736
276.308948  -0.056767
276.328947  -0.056777
276.348946  -0.056777
276.368945  -0.056787
276.388944  -0.056777
276.408944  -0.056787
276.428943  -0.056797
276.448942  -0.056797
276.468941  -0.056818
276.488940  -0.056808
276.508940  -0.056797
276.528939  -0.056859
276.548938  -0.056848
276.568937  -0.056869
276.588936  -0.056869
276.608936  -0.056859
276.628935  -0.056859
276.648934  -0.056859
276.668933  -0.056879
276.688932  -0.056879
276.708932  -0.056899
276.728931  -0.056910
276.748930  -0.056920
276.768929  -0.056930
276.788928  -0.056930
276.808928  -0.056910
276.828927  -0.056930
276.848926  -0.056971
276.868925  -0.056930
276.888924  -0.056951
276.908924  -0.057002
276.928923  -0.057012
276.948922  -0.056961
276.968921  -0.056991
276.988920  -0.057012
277.008920  -0.057022
277.028919  -0.057012
277.048918  -0.057022
277.068917  -0.057032
277.088916  -0.057032
277.108916  -0.057022
277.128915  -0.057042
277.148914  -0.057022
277.168913  -0.057063
277.188912  -0.057053
277.208912  -0.057073
277.228911  -0.057073
277.248910  -0.057104
277.268909  -0.057083
277.288908  -0.057114
277.308908  -0.057124
277.328907  -0.057114
277.348906  -0.057124
277.368905  -0.057114
277.388904  -0.057104
277.408904  -0.057155
277.428903  -0.057134
277.448902  -0.057165
277.468901  -0.057144
277.488900  -0.057175
277.508900  -0.057165
277.528899  -0.057226
277.548898  -0.057175
277.568897  -0.057206
277.588896  -0.057195
277.608896  -0.057206
277.628895  -0.057206
277.648894  -0.057216
277.668893  -0.057206
277.688892  -0.057216
277.708892  -0.057226
277.728891  -0.057246
277.748890  -0.057246
277.768889  -0.057216
277.788888  -0.057267
277.808888  -0.057267
277.828887  -0.057277
277.848886  -0.057277
277.868885  -0.057308
277.888884  -0.057297
277.908884  -0.057318
277.928883  -0.057318
277.948882  -0.057328
277.968881  -0.057348
277.988880  -0.057348
278.008880  -0.057348
278.028879  -0.057338
278.048878  -0.057348
278.068877  -0.057359
278.088876  -0.057389
278.108876  -0.057369
278.128875  -0.057389
278.148874  -0.057389
278.168873  -0.057399
278.188872  -0.057379
278.208872  -0.057399
278.228871  -0.057389
278.248870  -0.057399
278.268869  -0.057440
278.288868  -0.057440
278.308868  -0.057440
278.328867  -0.057420
278.348866  -0.057440
278.368865  -0.057461
278.388864  -0.057471
278.408864  -0.057471
278.428863  -0.057512
278.448862  -0.057491
278.468861  -0.057522
278.488860  -0.057491
278.508860  -0.057512
278.528859  -0.057522
278.548858  -0.057522
278.568857  -0.057512
278.588856  -0.057522
278.608856  -0.057542
278.628855  -0.057542
278.648854  -0.057532
278.668853  -0.057573
278.688852  -0.057573
278.708852  -0.057532
278.728851  -0.057583
278.748850  -0.057573
278.768849  -0.057593
278.788848  -0.057583
278.808848  -0.057583
278.828847  -0.057614
278.848846  -0.057614
278.868845  -0.057634
278.888844  -0.057644
278.908844  -0.057655
278.928843  -0.057614
278.948842  -0.057655
278.968841  -0.057675
278.988840  -0.057726
279.008840  -0.057685
279.028839  -0.057706
279.048838  -0.057685
279.068837  -0.057706
279.088836  -0.057706
279.108836  -0.057685
279.128835  -0.057736
279.148834  -0.057746
279.168833  -0.057736
279.188832  -0.057746
279.208832  -0.057736
279.228831  -0.057746
279.248830  -0.057736
279.268829  -0.057757
279.288828  -0.057767
279.308828  -0.057797
279.328827  -0.057808
279.348826  -0.057777
279.368825  -0.057859
279.388824  -0.057818
279.408824  -0.057828
279.428823  -0.057838
279.448822  -0.057848
279.468821  -0.057859
279.488820  -0.057848
279.508820  -0.057859
279.528819  -0.057899
279.548818  -0.057889
279.568817  -0.057879
279.588816  -0.057889
279.608816  -0.057920
279.628815  -0.057940
279.648814  -0.057910
279.668813  -0.057940
279.688812  -0.057930
279.708812  -0.057950
279.728811  -0.057961
279.748810  -0.057950
279.768809  -0.057971
279.788808  -0.057991
279.808808  -0.057971
279.828807  -0.057981
279.848806  -0.058012
279.868805  -0.058022
279.888804  -0.058042
279.908804  -0.058001
279.928803  -0.058022
279.948802  -0.058012
279.968801  -0.058063
279.988800  -0.058063
280.008800  -0.058073
280.028799  -0.058073
280.048798  -0.058063
280.068797  -0.058032
280.088796  -0.057971
280.108796  -0.057961
280.128795  -0.057940
280.148794  -0.057920
280.168793  -0.057950
280.188792  -0.057971
280.208792  -0.057971
280.228791  -0.057981
280.248790  -0.057920
280.268789  -0.057961
280.288788  -0.057899
280.308788  -0.057910
280.328787  -0.057930
280.348786  -0.057940
280.368785  -0.057961
280.388784  -0.057930
280.408784  -0.057971
280.428783  -0.057971
280.448782  -0.057961
280.468781  -0.057940
280.488780  -0.057991
280.508780  -0.057950
280.528779  -0.057981
280.548778  -0.057981
280.568777  -0.058001
280.588776  -0.058001
280.608776  -0.058042
280.628775  -0.058012
280.648774  -0.057981
280.668773  -0.058012
280.688772  -0.057991
280.708772  -0.058022
280.728771  -0.058001
280.748770  -0.058022
280.768769  -0.058022
280.788768  -0.058032
280.808768  -0.058022
280.828767  -0.058053
280.848766  -0.058063
280.868765  -0.058063
280.888764  -0.058073
280.908764  -0.058073
280.928763  -0.058083
280.948762  -0.058063
280.968761  -0.058114
280.988760  -0.058104
281.008760  -0.058114
281.028759  -0.058124
281.048758  -0.058155
281.068757  -0.058124
281.088756  -0.058144
281.108756  -0.058144
281.128755  -0.058175
281.148754  -0.058185
281.168753  -0.058155
281.188752  -0.058175
281.208752  -0.058185
281.228751  -0.058155
281.248750  -0.058206
281.268749  -0.058206
281.288748  -0.058195
281.308748  -0.058195
281.328747  -0.058175
281.348746  -0.058206
281.368745  -0.058236
281.388744  -0.058226
281.408744  -0.058226
281.428743  -0.058267
281.448742  -0.058267
281.468741  -0.058267
281.488740  -0.058267
281.508740  -0.058267
281.528739  -0.058287
281.548738  -0.058308
281.568737  -0.058318
281.588736  -0.058348
281.608736  -0.058318
281.628735  -0.058308
281.648734  -0.058328
281.668733  -0.058338
281.688732  -0.058348
281.708732  -0.058328
281.728731  -0.058379
281.748730  -0.058369
281.768729  -0.058369
281.788728  -0.058359
281.808728  -0.058338
281.828727  -0.058369
281.848726  -0.058389
281.868725  -0.058389
281.888724  -0.058399
281.908724  -0.058399
281.928723  -0.058420
281.948722  -0.058450
281.968721  -0.058461
281.988720  -0.058481
282.008720  -0.058461
282.028719  -0.058461
282.048718  -0.058491
282.068717  -0.058501
282.088716  -0.058522
282.108716  -0.058501
282.128715  -0.058491
282.148714  -0.058522
282.168713  -0.058553
282.188712  -0.058522
282.208712  -0.058512
282.228711  -0.058532
282.248710  -0.058553
282.268709  -0.058553
282.288708  -0.058593
282.308708  -0.058563
282.328707  -0.058553
282.348706  -0.058542
282.368705  -0.058583
282.388704  -0.058583
282.408704  -0.058593
282.428703  -0.058614
282.448702  -0.058614
282.468701  -0.058665
282.488700  -0.058624
282.508700  -0.058614
282.528699  -0.058655
282.548698  -0.058644
282.568697  -0.058665
282.588696  -0.058634
282.608696  -0.058695
282.628695  -0.058706
282.648694  -0.058706
282.668693  -0.058706
282.688692  -0.058695
282.708692  -0.058716
282.728691  -0.058716
282.748690  -0.058706
282.768689  -0.058736
282.788688  -0.058736
282.808688  -0.058757
282.828687  -0.058726
282.848686  -0.058767
282.868685  -0.058787
282.888684  -0.058787
282.908684  -0.058787
282.928683  -0.058808
282.948682  -0.058808
282.968681  -0.058818
282.988680  -0.058818
283.008680  -0.058828
283.028679  -0.058848
283.048678  -0.058838
283.068677  -0.058899
283.088676  -0.058838
283.108676  -0.058869
283.128675  -0.058838
283.148674  -0.058879
283.168673  -0.058899
283.188672  -0.058910
283.208672  -0.058899
283.228671  -0.058910
283.248670  -0.058930
283.268669  -0.058940
283.288668  -0.058910
283.308668  -0.058920
283.328667  -0.058920
283.348666  -0.058961
283.368665  -0.058940
283.388664  -0.058971
283.408664  -0.058950
283.428663  -0.058961
283.448662  -0.058981
283.468661  -0.058991
283.488660  -0.059012
283.508660  -0.058991
283.528659  -0.059022
283.548658  -0.059032
283.568657  -0.059042
283.588656  -0.059042
283.608656  -0.059052
283.628655  -0.059073
283.648654  -0.059073
283.668653  -0.059073
283.688652  -0.059073
283.708652  -0.059083
283.728651  -0.059104
283.748650  -0.059114
283.768649  -0.059114
283.788648  -0.059114
283.808648  -0.059134
283.828647  -0.059104
283.848646  -0.059124
283.868645  -0.059124
283.888644  -0.059144
283.908644  -0.059165
283.928643  -0.059175
283.948642  -0.059144
283.968641  -0.059195
283.988640  -0.059185
284.008640  -0.059226
284.028639  -0.059206
284.048638  -0.059226
284.068637  -0.059216
284.088636  -0.059226
284.108636  -0.059216
284.128635  -0.059267
284.148634  -0.059246
284.168633  -0.059267
284.188632  -0.059308
284.208632  -0.059297
284.228631  -0.059297
284.248630  -0.059267
284.268629  -0.059297
284.288628  -0.059308
284.308628  -0.059328
284.328627  -0.059297
284.348626  -0.059369
284.368625  -0.059369
284.388624  -0.059359
284.408624  -0.059359
284.428623  -0.059369
284.448622  -0.059359
284.468621  -0.059348
284.488620  -0.059389
284.508620  -0.059389
284.528619  -0.059399
284.548618  -0.059399
284.568617  -0.059461
284.588616  -0.059440
284.608616  -0.059450
284.628615  -0.059471
284.648614  -0.059461
284.668613  -0.059461
284.688612  -0.059481
284.708612  -0.059461
284.728611  -0.059501
284.748610  -0.059512
284.768609  -0.059501
284.788608  -0.059481
284.808608  -0.059491
284.828607  -0.059552
284.848606  -0.059522
284.868605  -0.059522
284.888604  -0.059532
284.908604  -0.059542
284.928603  -0.059573
284.948602  -0.059563
284.968601  -0.059563
284.988600  -0.059593
285.008600  -0.059583
285.028599  -0.059593
285.048598  -0.059614
285.068597  -0.059614
285.088596  -0.059634
285.108596  -0.059624
285.128595  -0.059644
285.148594  -0.059665
285.168593  -0.059685
285.188592  -0.059624
285.208592  -0.059665
285.228591  -0.059685
285.248590  -0.059695
285.268589  -0.059695
285.288588  -0.059675
285.308588  -0.059716
285.328587  -0.059736
285.348586  -0.059726
285.368585  -0.059695
285.388584  -0.059716
285.408584  -0.059726
285.428583  -0.059767
285.448582  -0.059746
285.468581  -0.059787
285.488580  -0.059767
285.508580  -0.059757
285.528579  -0.059767
285.548578  -0.059818
285.568577  -0.059767
285.588576  -0.059787
285.608576  -0.059787
285.628575  -0.059818
285.648574  -0.059838
285.668573  -0.059838
285.688572  -0.059818
285.708572  -0.059838
285.728571  -0.059869
285.748570  -0.059869
285.768569  -0.059859
285.788568  -0.059869
285.808568  -0.059889
285.828567  -0.059899
285.848566  -0.059879
285.868565  -0.059910
285.888564  -0.059889
285.908564  -0.059899
285.928563  -0.059889
285.948562  -0.059930
285.968561  -0.059940
285.988560  -0.059940
286.008560  -0.059950
286.028559  -0.059961
286.048558  -0.059971
286.068557  -0.059971
286.088556  -0.059981
286.108556  -0.060001
286.128555  -0.060001
286.148554  -0.060001
286.168553  -0.060001
286.188552  -0.060073
286.208552  -0.060042
286.228551  -0.060032
286.248550  -0.060063
286.268549  -0.060042
286.288548  -0.060052
286.308548  -0.060083
286.328547  -0.060073
286.348546  -0.060083
286.368545  -0.060103
286.388544  -0.060083
286.408544  -0.060083
286.428543  -0.060103
286.448542  -0.060093
286.468541  -0.060093
286.488540  -0.060114
286.508540  -0.060134
286.528539  -0.060134
286.548538  -0.060144
286.568537  -0.060175
286.588536  -0.060175
286.608536  -0.060175
286.628535  -0.060155
286.648534  -0.060185
286.668533  -0.060195
286.688532  -0.060185
286.708532  -0.060185
286.728531  -0.060226
286.748530  -0.060267
286.768529  -0.060226
286.788528  -0.060246
286.808528  -0.060236
286.828527  -0.060236
286.848526  -0.060226
286.868525  -0.060236
286.888524  -0.060267
286.908524  -0.060267
286.928523  -0.060297
286.948522  -0.060287
286.968521  -0.060308
286.988520  -0.060318
287.008520  -0.060348
287.028519  -0.060297
287.048518  -0.060338
287.068517  -0.060348
287.088516  -0.060318
287.108516  -0.060338
287.128515  -0.060338
287.148514  -0.060379
287.168513  -0.060379
287.188512  -0.060369
287.208512  -0.060379
287.228511  -0.060389
287.248510  -0.060410
287.268509  -0.060399
287.288508  -0.060399
287.308508  -0.060430
287.328507  -0.060430
287.348506  -0.060440
287.368505  -0.060471
287.388504  -0.060440
287.408504  -0.060430
287.428503  -0.060450
287.448502  -0.060471
287.468501  -0.060481
287.488500  -0.060471
287.508500  -0.060481
287.528499  -0.060512
287.548498  -0.060522
287.568497  -0.060512
287.588496  -0.060532
287.608496  -0.060532
287.628495  -0.060563
287.648494  -0.060542
287.668493  -0.060583
287.688492  -0.060593
287.708492  -0.060593
287.728491  -0.060573
287.748490  -0.060603
287.768489  -0.060603
287.788488  -0.060614
287.808488  -0.060624
287.828487  -0.060624
287.848486  -0.060644
287.868485  -0.060624
287.888484  -0.060665
287.908484  -0.060665
287.928483  -0.060665
287.948482  -0.060665
287.968481  -0.060665
287.988480  -0.060665
288.008480  -0.060685
288.028479  -0.060675
288.048478  -0.060685
288.068477  -0.060675
288.088476  -0.060746
288.108476  -0.060746
288.128475  -0.060736
288.148474  -0.060757
288.168473  -0.060787
288.188472  -0.060767
288.208472  -0.060726
288.228471  -0.060767
288.248470  -0.060767
288.268469  -0.060828
288.288468  -0.060797
288.308468  -0.060818
288.328467  -0.060828
288.348466  -0.060838
288.368465  -0.060838
288.388464  -0.060838
288.408464  -0.060838
288.428463  -0.060889
288.448462  -0.060838
288.468461  -0.060859
288.488460  -0.060879
288.508460  -0.060869
288.528459  -0.060889
288.548458  -0.060869
288.568457  -0.060910
288.588456  -0.060910
288.608456  -0.060930
288.628455  -0.060950
288.648454  -0.060961
288.668453  -0.060961
288.688452  -0.060981
288.708452  -0.060961
288.728451  -0.061001
288.748450  -0.060971
288.768449  -0.060981
288.788448  -0.060991
288.808448  -0.061001
288.828447  -0.060991
288.848446  -0.061012
288.868445  -0.060991
288.888444  -0.061022
288.908444  -0.061001
288.928443  -0.060991
288.948442  -0.061052
288.968441  -0.061042
288.988440  -0.061063
289.008440  -0.061042
289.028439  -0.061083
289.048438  -0.061093
289.068437  -0.061083
289.088436  -0.061063
289.108436  -0.061114
289.128435  -0.061114
289.148434  -0.061124
289.168433  -0.061124
289.188432  -0.061124
289.208432  -0.061134
289.228431  -0.061114
289.248430  -0.061134
289.268429  -0.061175
289.288428  -0.061175
289.308428  -0.061154
289.328427  -0.061175
289.348426  -0.061185
289.368425  -0.061205
289.388424  -0.061226
289.408424  -0.061165
289.428423  -0.061195
289.448422  -0.061195
289.468421  -0.061195
289.488420  -0.061216
289.508420  -0.061257
289.528419  -0.061216
289.548418  -0.061226
289.568417  -0.061257
289.588416  -0.061267
289.608416  -0.061226
289.628415  -0.061267
289.648414  -0.061257
289.668413  -0.061308
289.688412  -0.061308
289.708412  -0.061318
289.728411  -0.061308
289.748410  -0.061328
289.768409  -0.061348
289.788408  -0.061348
289.808408  -0.061328
289.828407  -0.061369
289.848406  -0.061348
289.868405  -0.061328
289.888404  -0.061338
289.908404  -0.061348
289.928403  -0.061389
289.948402  -0.061379
289.968401  -0.061389
289.988400  -0.061399
290.008400  -0.061389
290.028399  -0.061359
290.048398  -0.061389
290.068397  -0.061399
290.088396  -0.061440
290.108396  -0.061399
290.128395  -0.061420
290.148394  -0.061420
290.168393  -0.061471
290.188392  -0.061461
290.208392  -0.061491
290.228391  -0.061481
290.248390  -0.061501
290.268389  -0.061491
290.288388  -0.061512
290.308388  -0.061542
290.328387  -0.061491
290.348386  -0.061491
290.368385  -0.061532
290.388384  -0.061512
290.408384  -0.061501
290.428383  -0.061532
290.448382  -0.061563
290.468381  -0.061552
290.488380  -0.061603
290.508380  -0.061552
290.528379  -0.061563
290.548378  -0.061583
290.568377  -0.061583
290.588376  -0.061583
290.608376  -0.061593
290.628375  -0.061614
290.648374  -0.061603
290.668373  -0.061603
290.688372  -0.061624
290.708372  -0.061634
290.728371  -0.061675
290.748370  -0.061644
290.768369  -0.061644
290.788368  -0.061685
290.808368  -0.061665
290.828367  -0.061675
290.848366  -0.061705
290.868365  -0.061695
290.888364  -0.061705
290.908364  -0.061705
290.928363  -0.061695
290.948362  -0.061736
290.968361  -0.061767
290.988360  -0.061736
291.008360  -0.061756
291.028359  -0.061746
291.048358  -0.061777
291.068357  -0.061746
291.088356  -0.061797
291.108356  -0.061767
291.128355  -0.061797
291.148354  -0.061808
291.168353  -0.061879
291.188352  -0.061838
291.208352  -0.061828
291.228351  -0.061828
291.248350  -0.061848
291.268349  -0.061848
291.288348  -0.061848
291.308348  -0.061879
291.328347  -0.061889
291.348346  -0.061869
291.368345  -0.061869
291.388344  -0.061899
291.408344  -0.061899
291.428343  -0.061940
291.448342  -0.061920
291.468341  -0.061920
291.488340  -0.061950
291.508340  -0.061950
291.528339  -0.061930
291.548338  -0.061940
291.568337  -0.061950
291.588336  -0.061940
291.608336  -0.061991
291.628335  -0.061950
291.648334  -0.062001
291.668333  -0.062012
291.688332  -0.062012
291.708332  -0.061971
291.728331  -0.062022
291.748330  -0.062042
291.768329  -0.062042
291.788328  -0.062042
291.808328  -0.062042
291.828327  -0.062063
291.848326  -0.062052
291.868325  -0.062083
291.888324  -0.062073
291.908324  -0.062093
291.928323  -0.062083
291.948322  -0.062093
291.968321  -0.062134
291.988320  -0.062134
292.008320  -0.062134
292.028319  -0.062103
292.048318  -0.062144
292.068317  -0.062134
292.088316  -0.062144
292.108316  -0.062154
292.128315  -0.062154
292.148314  -0.062175
292.168313  -0.062175
292.188312  -0.062165
292.208312  -0.062185
292.228311  -0.062246
292.248310  -0.062195
292.268309  -0.062216
292.288308  -0.062267
292.308308  -0.062226
292.328307  -0.062246
292.348306  -0.062267
292.368305  -0.062256
292.388304  -0.062277
292.408304  -0.062246
292.428303  -0.062267
292.448302  -0.062308
292.468301  -0.062308
292.488300  -0.062297
292.508300  -0.062297
292.528299  -0.062318
292.548298  -0.062328
292.568297  -0.062308
292.588296  -0.062348
292.608296  -0.062328
292.628295  -0.062348
292.648294  -0.062328
292.668293  -0.062328
292.688292  -0.062338
292.708292  -0.062359
292.728291  -0.062369
292.748290  -0.062348
292.768289  -0.062399
292.788288  -0.062369
292.808288  -0.062410
292.828287  -0.062399
292.848286  -0.062471
292.868285  -0.062430
292.888284  -0.062410
292.908284  -0.062410
292.928283  -0.062420
292.948282  -0.062471
292.968281  -0.062471
292.988280  -0.062471
293.008280  -0.062471
293.028279  -0.062471
293.048278  -0.062450
293.068277  -0.062522
293.088276  -0.062522
293.108276  -0.062501
293.128275  -0.062501
293.148274  -0.062491
293.168273  -0.062512
293.188272  -0.062532
293.208272  -0.062522
293.228271  -0.062532
293.248270  -0.062522
293.268269  -0.062563
293.288268  -0.062563
293.308268  -0.062573
293.328267  -0.062573
293.348266  -0.062552
293.368265  -0.062583
293.388264  -0.062603
293.408264  -0.062624
293.428263  -0.062583
293.448262  -0.062624
293.468261  -0.062583
293.488260  -0.062603
293.508260  -0.062624
293.528259  -0.062624
293.548258  -0.062634
293.568257  -0.062644
293.588256  -0.062624
293.608256  -0.062624
293.628255  -0.062644
293.648254  -0.062685
293.668253  -0.062675
293.688252  -0.062685
293.708252  -0.062675
293.728251  -0.062695
293.748250  -0.062716
293.768249  -0.062695
293.788248  -0.062716
293.808248  -0.062726
293.828247  -0.062756
293.848246  -0.062736
293.868245  -0.062726
293.888244  -0.062746
293.908244  -0.062746
293.928243  -0.062746
293.948242  -0.062756
293.968241  -0.062807
293.988240  -0.062797
294.008240  -0.062797
294.028239  -0.062797
294.048238  -0.062828
294.068237  -0.062818
294.088236  -0.062807
294.108236  -0.062828
294.128235  -0.062838
294.148234  -0.062797
294.168233  -0.062838
294.188232  -0.062848
294.208232  -0.062859
294.228231  -0.062838
294.248230  -0.062889
294.268229  -0.062910
294.288228  -0.062899
294.308228  -0.062859
294.328227  -0.062879
294.348226  -0.062961
294.368225  -0.062910
294.388224  -0.062930
294.408224  -0.062899
294.428223  -0.062950
294.448222  -0.062981
294.468221  -0.062940
294.488220  -0.062961
294.508220  -0.062940
294.528219  -0.062961
294.548218  -0.062971
294.568217  -0.062991
294.588216  -0.062981
294.608216  -0.062981
294.628215  -0.062971
294.648214  -0.062981
294.668213  -0.063012
294.688212  -0.062981
294.708212  -0.063001
294.728211  -0.063032
294.748210  -0.063012
294.768209  -0.063022
294.788208  -0.063012
294.808208  -0.063052
294.828207  -0.063073
294.848206  -0.063073
294.868205  -0.063052
294.888204  -0.063073
294.908204  -0.063114
294.928203  -0.063103
294.948202  -0.063114
294.968201  -0.063073
294.988200  -0.063103
295.008200  -0.063134
295.028199  -0.063134
295.048198  -0.063134
295.068197  -0.063144
295.088196  -0.063134
295.108196  -0.063134
295.128195  -0.063165
295.148194  -0.063144
295.168193  -0.063195
295.188192  -0.063165
295.208192  -0.063175
295.228191  -0.063185
295.248190  -0.063195
295.268189  -0.063205
295.288188  -0.063226
295.308188  -0.063226
295.328187  -0.063226
295.348186  -0.063246
295.368185  -0.063246
295.388184  -0.063246
295.408184  -0.063256
295.428183  -0.063267
295.448182  -0.063287
295.468181  -0.063277
295.488180  -0.063287
295.508180  -0.063256
295.528179  -0.063297
295.548178  -0.063287
295.568177  -0.063297
295.588176  -0.063297
295.608176  -0.063328
295.628175  -0.063328
295.648174  -0.063318
295.668173  -0.063307
295.688172  -0.063328
295.708172  -0.063328
295.728171  -0.063369
295.748170  -0.063358
295.768169  -0.063358
295.788168  -0.063369
295.808168  -0.063379
295.828167  -0.063379
295.848166  -0.063430
295.868165  -0.063389
295.888164  -0.063379
295.908164  -0.063399
295.928163  -0.063420
295.948162  -0.063450
295.968161  -0.063450
295.988160  -0.063440
296.008160  -0.063481
296.028159  -0.063481
296.048158  -0.063461
296.068157  -0.063471
296.088156  -0.063471
296.108156  -0.063450
296.128155  -0.063481
296.148154  -0.063501
296.168153  -0.063512
296.188152  -0.063501
296.208152  -0.063552
296.228151  -0.063512
296.248150  -0.063522
296.268149  -0.063542
296.288148  -0.063532
296.308148  -0.063532
296.328147  -0.063563
296.348146  -0.063552
296.368145  -0.063573
296.388144  -0.063603
296.408144  -0.063603
296.428143  -0.063563
296.448142  -0.063603
296.468141  -0.063603
296.488140  -0.063593
296.508140  -0.063614
296.528139  -0.063603
296.548138  -0.063624
296.568137  -0.063634
296.588136  -0.063634
296.608136  -0.063644
296.628135  -0.063665
296.648134  -0.063665
296.668133  -0.063675
296.688132  -0.063654
296.708132  -0.063685
296.728131  -0.063685
296.748130  -0.063716
296.768129  -0.063685
296.788128  -0.063726
296.808128  -0.063716
296.828127  -0.063726
296.848126  -0.063716
296.868125  -0.063716
296.888124  -0.063736
296.908124  -0.063756
296.928123  -0.063746
296.948122  -0.063777
296.968121  -0.063807
296.988120  -0.063767
297.008120  -0.063787
297.028119  -0.063797
297.048118  -0.063777
297.068117  -0.063818
297.088116  -0.063797
297.108116  -0.063797
297.128115  -0.063807
297.148114  -0.063818
297.168113  -0.063828
297.188112  -0.063818
297.208112  -0.063828
297.228111  -0.063838
297.248110  -0.063828
297.268109  -0.063838
297.288108  -0.063879
297.308108  -0.063869
297.328107  -0.063858
297.348106  -0.063889
297.368105  -0.063848
297.388104  -0.063869
297.408104  -0.063920
297.428103  -0.063899
297.448102  -0.063940
297.468101  -0.063940
297.488100  -0.063909
297.508100  -0.063930
297.528099  -0.063930
297.548098  -0.063961
297.568097  -0.063961
297.588096  -0.063930
297.608096  -0.063971
297.628095  -0.063971
297.648094  -0.063950
297.668093  -0.063971
297.688092  -0.063981
297.708092  -0.063961
297.728091  -0.063961
297.748090  -0.064042
297.768089  -0.064001
297.788088  -0.063991
297.808088  -0.063981
297.828087  -0.064042
297.848086  -0.064032
297.868085  -0.064052
297.888084  -0.064042
297.908084  -0.064042
297.928083  -0.064042
297.948082  -0.064063
297.968081  -0.064052
297.988080  -0.064052
298.008080  -0.064083
298.028079  -0.064052
298.048078  -0.064073
298.068077  -0.064083
298.088076  -0.064083
298.108076  -0.064083
298.128075  -0.064103
298.148074  -0.064114
298.168073  -0.064114
298.188072  -0.064103
298.208072  -0.064114
298.228071  -0.064103
298.248070  -0.064124
298.268069  -0.064114
298.288068  -0.064144
298.308068  -0.064134
298.328067  -0.064165
298.348066  -0.064185
298.368065  -0.064175
298.388064  -0.064185
298.408064  -0.064195
298.428063  -0.064205
298.448062  -0.064205
298.468061  -0.064216
298.488060  -0.064205
298.508060  -0.064205
298.528059  -0.064226
298.548058  -0.064246
298.568057  -0.064267
298.588056  -0.064256
298.608056  -0.064256
298.628055  -0.064256
298.648054  -0.064256
298.668053  -0.064226
298.688052  -0.064256
298.708052  -0.064267
298.728051  -0.064226
298.748050  -0.064256
298.768049  -0.064277
298.788048  -0.064297
298.808048  -0.064307
298.828047  -0.064307
298.848046  -0.064348
298.868045  -0.064318
298.888044  -0.064328
298.908044  -0.064328
298.928043  -0.064358
298.948042  -0.064328
298.968041  -0.064348
298.988040  -0.064358
299.008040  -0.064369
299.028039  -0.064399
299.048038  -0.064379
299.068037  -0.064379
299.088036  -0.064379
299.108036  -0.064389
299.128035  -0.064389
299.148034  -0.064420
299.168033  -0.064420
299.188032  -0.064420
299.208032  -0.064420
299.228031  -0.064450
299.248030  -0.064440
299.268029  -0.064420
299.288028  -0.064461
299.308028  -0.064461
299.328027  -0.064501
299.348026  -0.064491
299.368025  -0.064512
299.388024  -0.064491
299.408024  -0.064512
299.428023  -0.064532
299.448022  -0.064552
299.468021  -0.064542
299.488020  -0.064532
299.508020  -0.064563
299.528019  -0.064593
299.548018  -0.064583
299.568017  -0.064552
299.588016  -0.064593
299.608016  -0.064573
299.628015  -0.064583
299.648014  -0.064593
299.668013  -0.064603
299.688012  -0.064573
299.708012  -0.064624
299.728011  -0.064583
299.748010  -0.064603
299.768009  -0.064614
299.788008  -0.064644
299.808008  -0.064644
299.828007  -0.064665
299.848006  -0.064654
299.868005  -0.064654
299.888004  -0.064665
299.908004  -0.064695
299.928003  -0.064695
299.948002  -0.064695
299.968001  -0.064705
299.988000  -0.064675
300.008000  -0.064685
300.027999  -0.064756
300.047998  -0.064767
300.067997  -0.064756
300.087996  -0.064746
300.107996  -0.064736
300.127995  -0.064756
300.147994  -0.064746
300.167993  -0.064746
300.187992  -0.064756
300.207992  -0.064777
300.227991  -0.064777
300.247990  -0.064797
300.267989  -0.064797
300.287988  -0.064818
300.307988  -0.064807
300.327987  -0.064828
300.347986  -0.064818
300.367985  -0.064828
300.387984  -0.064828
300.407984  -0.064838
300.427983  -0.064879
300.447982  -0.064869
300.467981  -0.064879
300.487980  -0.064869
300.507980  -0.064879
300.527979  -0.064879
300.547978  -0.064869
300.567977  -0.064869
300.587976  -0.064889
300.607976  -0.064899
300.627975  -0.064920
300.647974  -0.064899
300.667973  -0.064920
300.687972  -0.064940
300.707972  -0.064920
300.727971  -0.064930
300.747970  -0.064930
300.767969  -0.064950
300.787968  -0.064940
300.807968  -0.064950
300.827967  -0.064950
300.847966  -0.064981
300.867965  -0.064991
300.887964  -0.064981
300.907964  -0.065001
300.927963  -0.065012
300.947962  -0.064991
300.967961  -0.065001
300.987960  -0.065001
301.007960  -0.065032
301.027959  -0.065042
301.047958  -0.065022
301.067957  -0.065032
301.087956  -0.065012
301.107956  -0.065042
301.127955  -0.065042
301.147954  -0.065022
301.167953  -0.065042
301.187952  -0.065063
301.207952  -0.065022
301.227951  -0.065083
301.247950  -0.065052
301.267949  -0.065052
301.287948  -0.065093
301.307948  -0.065073
301.327947  -0.065083
301.347946  -0.065073
301.367945  -0.065114
301.387944  -0.065093
301.407944  -0.065103
301.427943  -0.065114
301.447942  -0.065144
301.467941  -0.065124
301.487940  -0.065114
301.507940  -0.065134
301.527939  -0.065154
301.547938  -0.065185
301.567937  -0.065175
301.587936  -0.065144
301.607936  -0.065195
301.627935  -0.065185
301.647934  -0.065165
301.667933  -0.065185
301.687932  -0.065195
301.707932  -0.065195
301.727931  -0.065236
301.747930  -0.065195
301.767929  -0.065226
301.787928  -0.065236
301.807928  -0.065195
301.827927  -0.065226
301.847926  -0.065216
301.867925  -0.065256
301.887924  -0.065267
301.907924  -0.065246
301.927923  -0.065256
301.947922  -0.065277
301.967921  -0.065267
301.987920  -0.065277
302.007920  -0.065256
302.027919  -0.065318
302.047918  -0.065267
302.067917  -0.065328
302.087916  -0.065287
302.107916  -0.065338
302.127915  -0.065318
302.147914  -0.065328
302.167913  -0.065328
302.187912  -0.065338
302.207912  -0.065328
302.227911  -0.065287
302.247910  -0.065348
302.267909  -0.065369
302.287908  -0.065358
302.307908  -0.065328
302.327907  -0.065369
302.347906  -0.065379
302.367905  -0.065358
302.387904  -0.065389
302.407904  -0.065420
302.427903  -0.065409
302.447902  -0.065409
302.467901  -0.065420
302.487900  -0.065430
302.507900  -0.065440
302.527899  -0.065460
302.547898  -0.065450
302.567897  -0.065430
302.587896  -0.065440
302.607896  -0.065440
302.627895  -0.065450
302.647894  -0.065491
302.667893  -0.065481
302.687892  -0.065440
302.707892  -0.065491
302.727891  -0.065491
302.747890  -0.065522
302.767889  -0.065491
302.787888  -0.065471
302.807888  -0.065522
302.827887  -0.065511
302.847886  -0.065552
302.867885  -0.065532
302.887884  -0.065552
302.907884  -0.065573
302.927883  -0.065552
302.947882  -0.065552
302.967881  -0.065583
302.987880  -0.065583
303.007880  -0.065573
303.027879  -0.065614
303.047878  -0.065573
303.067877  -0.065624
303.087876  -0.065614
303.107876  -0.065614
303.127875  -0.065634
303.147874  -0.065614
303.167873  -0.065644
303.187872  -0.065634
303.207872  -0.065634
303.227871  -0.065665
303.247870  -0.065634
303.267869  -0.065654
303.287868  -0.065675
303.307868  -0.065685
303.327867  -0.065685
303.347866  -0.065736
303.367865  -0.065695
303.387864  -0.065716
303.407864  -0.065716
303.427863  -0.065695
303.447862  -0.065736
303.467861  -0.065736
303.487860  -0.065736
303.507860  -0.065736
303.527859  -0.065767
303.547858  -0.065767
303.567857  -0.065777
303.587856  -0.065797
303.607856  -0.065807
303.627855  -0.065818
303.647854  -0.065807
303.667853  -0.065777
303.687852  -0.065828
303.707852  -0.065797
303.727851  -0.065797
303.747850  -0.065838
303.767849  -0.065828
303.787848  -0.065838
303.807848  -0.065838
303.827847  -0.065818
303.847846  -0.065838
303.867845  -0.065879
303.887844  -0.065848
303.907844  -0.065869
303.927843  -0.065889
303.947842  -0.065899
303.967841  -0.065899
303.987840  -0.065899
304.007840  -0.065909
304.027839  -0.065909
304.047838  -0.065960
304.067837  -0.065920
304.087836  -0.065940
304.107836  -0.065930
304.127835  -0.065960
304.147834  -0.065950
304.167833  -0.065960
304.187832  -0.065960
304.207832  -0.065971
304.227831  -0.065981
304.247830  -0.065971
304.267829  -0.065960
304.287828  -0.065960
304.307828  -0.065981
304.327827  -0.066011
304.347826  -0.066011
304.367825  -0.065971
304.387824  -0.066011
304.407824  -0.066032
304.427823  -0.066022
304.447822  -0.066042
304.467821  -0.066042
304.487820  -0.066042
304.507820  -0.066052
304.527819  -0.066073
304.547818  -0.066083
304.567817  -0.066073
304.587816  -0.066073
304.607816  -0.066103
304.627815  -0.066063
304.647814  -0.066083
304.667813  -0.066073
304.687812  -0.066052
304.707812  -0.066083
304.727811  -0.066134
304.747810  -0.066083
304.767809  -0.066124
304.787808  -0.066114
304.807808  -0.066144
304.827807  -0.066124
304.847806  -0.066124
304.867805  -0.066144
304.887804  -0.066134
304.907804  -0.066154
304.927803  -0.066144
304.947802  -0.066185
304.967801  -0.066134
304.987800  -0.066175
305.007800  -0.066185
305.027799  -0.066236
305.047798  -0.066195
305.067797  -0.066195
305.087796  -0.066205
305.107796  -0.066226
305.127795  -0.066226
305.147794  -0.066216
305.167793  -0.066236
305.187792  -0.066236
305.207792  -0.066236
305.227791  -0.066226
305.247790  -0.066236
305.267789  -0.066246
305.287788  -0.066267
305.307788  -0.066226
305.327787  -0.066277
305.347786  -0.066267
305.367785  -0.066277
305.387784  -0.066277
305.407784  -0.066307
305.427783  -0.066328
305.447782  -0.066307
305.467781  -0.066338
305.487780  -0.066328
305.507780  -0.066328
305.527779  -0.066328
305.547778  -0.066369
305.567777  -0.066369
305.587776  -0.066369
305.607776  -0.066338
305.627775  -0.066379
305.647774  -0.066369
305.667773  -0.066430
305.687772  -0.066379
305.707772  -0.066358
305.727771  -0.066389
305.747770  -0.066369
305.767769  -0.066348
305.787768  -0.066379
305.807768  -0.066409
305.827767  -0.066430
305.847766  -0.066420
305.867765  -0.066430
305.887764  -0.066420
305.907764  -0.066440
305.927763  -0.066450
305.947762  -0.066460
305.967761  -0.066460
305.987760  -0.066481
306.007760  -0.066471
306.027759  -0.066471
306.047758  -0.066491
306.067757  -0.066511
306.087756  -0.066471
306.107756  -0.066501
306.127755  -0.066460
306.147754  -0.066511
306.167753  -0.066501
306.187752  -0.066522
306.207752  -0.066532
306.227751  -0.066522
306.247750  -0.066532
306.267749  -0.066501
306.287748  -0.066542
306.307748  -0.066552
306.327747  -0.066532
306.347746  -0.066562
306.367745  -0.066583
306.387744  -0.066562
306.407744  -0.066552
306.427743  -0.066583
306.447742  -0.066583
306.467741  -0.066573
306.487740  -0.066593
306.507740  -0.066614
306.527739  -0.066675
306.547738  -0.066603
306.567737  -0.066644
306.587736  -0.066644
306.607736  -0.066624
306.627735  -0.066665
306.647734  -0.066644
306.667733  -0.066644
306.687732  -0.066644
306.707732  -0.066654
306.727731  -0.066654
306.747730  -0.066644
306.767729  -0.066665
306.787728  -0.066675
306.807728  -0.066654
306.827727  -0.066705
306.847726  -0.066705
306.867725  -0.066695
306.887724  -0.066716
306.907724  -0.066716
306.927723  -0.066726
306.947722  -0.066746
306.967721  -0.066726
306.987720  -0.066736
307.007720  -0.066756
307.027719  -0.066767
307.047718  -0.066797
307.067717  -0.066807
307.087716  -0.066787
307.107716  -0.066787
307.127715  -0.066807
307.147714  -0.066818
307.167713  -0.066797
307.187712  -0.066818
307.207712  -0.066818
307.227711  -0.066818
307.247710  -0.066818
307.267709  -0.066818
307.287708  -0.066838
307.307708  -0.066828
307.327707  -0.066858
307.347706  -0.066838
307.367705  -0.066858
307.387704  -0.066889
307.407704  -0.066879
307.427703  -0.066869
307.447702  -0.066899
307.467701  -0.066920
307.487700  -0.066899
307.507700  -0.066920
307.527699  -0.066920
307.547698  -0.066960
307.567697  -0.066950
307.587696  -0.066940
307.607696  -0.066909
307.627695  -0.066950
307.647694  -0.066991
307.667693  -0.066960
307.687692  -0.066971
307.707692  -0.066971
307.727691  -0.067001
307.747690  -0.066981
307.767689  -0.067011
307.787688  -0.066991
307.807688  -0.066991
307.827687  -0.067022
307.847686  -0.067032
307.867685  -0.067032
307.887684  -0.067011
307.907684  -0.067022
307.927683  -0.067001
307.947682  -0.067083
307.967681  -0.067062
307.987680  -0.067052
308.007680  -0.067083
308.027679  -0.067113
308.047678  -0.067083
308.067677  -0.067083
308.087676  -0.067052
308.107676  -0.067073
308.127675  -0.067124
308.147674  -0.067124
308.167673  -0.067134
308.187672  -0.067113
308.207672  -0.067134
308.227671  -0.067113
308.247670  -0.067144
308.267669  -0.067165
308.287668  -0.067134
308.307668  -0.067134
308.327667  -0.067154
308.347666  -0.067195
308.367665  -0.067165
308.387664  -0.067154
308.407664  -0.067195
308.427663  -0.067195
308.447662  -0.067216
308.467661  -0.067185
308.487660  -0.067165
308.507660  -0.067185
308.527659  -0.067216
308.547658  -0.067216
308.567657  -0.067246
308.587656  -0.067246
308.607656  -0.067236
308.627655  -0.067226
308.647654  -0.067246
308.667653  -0.067256
308.687652  -0.067267
308.707652  -0.067236
308.727651  -0.067287
308.747650  -0.067287
308.767649  -0.067256
308.787648  -0.067256
308.807648  -0.067277
308.827647  -0.067277
308.847646  -0.067297
308.867645  -0.067297
308.887644  -0.067287
308.907644  -0.067287
308.927643  -0.067297
308.947642  -0.067318
308.967641  -0.067348
308.987640  -0.067318
309.007640  -0.067338
309.027639  -0.067338
309.047638  -0.067328
309.067637  -0.067328
309.087636  -0.067348
309.107636  -0.067328
309.127635  -0.067369
309.147634  -0.067369
309.167633  -0.067389
309.187632  -0.067358
309.207632  -0.067379
309.227631  -0.067379
309.247630  -0.067389
309.267629  -0.067399
309.287628  -0.067379
309.307628  -0.067440
309.327627  -0.067379
309.347626  -0.067389
309.367625  -0.067430
309.387624  -0.067430
309.407624  -0.067440
309.427623  -0.067430
309.447622  -0.067460
309.467621  -0.067460
309.487620  -0.067450
309.507620  -0.067460
309.527619  -0.067511
309.547618  -0.067491
309.567617  -0.067491
309.587616  -0.067481
309.607616  -0.067511
309.627615  -0.067481
309.647614  -0.067491
309.667613  -0.067491
309.687612  -0.067481
309.707612  -0.067522
309.727611  -0.067491
309.747610  -0.067501
309.767609  -0.067511
309.787608  -0.067532
309.807608  -0.067542
309.827607  -0.067532
309.847606  -0.067532
309.867605  -0.067542
309.887604  -0.067532
309.907604  -0.067511
309.927603  -0.067562
309.947602  -0.067542
309.967601  -0.067562
309.987600  -0.067573
310.007600  -0.067583
310.027599  -0.067603
310.047598  -0.067583
310.067597  -0.067593
310.087596  -0.067634
310.107596  -0.067593
310.127595  -0.067634
310.147594  -0.067593
310.167593  -0.067613
310.187592  -0.067644
310.207592  -0.067613
310.227591  -0.067634
310.247590  -0.067644
310.267589  -0.067654
310.287588  -0.067654
310.307588  -0.067644
310.327587  -0.067654
310.347586  -0.067695
310.367585  -0.067664
310.387584  -0.067685
310.407584  -0.067685
310.427583  -0.067654
310.447582  -0.067716
310.467581  -0.067716
310.487580  -0.067736
310.507580  -0.067705
310.527579  -0.067716
310.547578  -0.067746
310.567577  -0.067736
310.587576  -0.067705
310.607576  -0.067716
310.627575  -0.067756
310.647574  -0.067777
310.667573  -0.067767
310.687572  -0.067756
310.707572  -0.067797
310.727571  -0.067787
310.747570  -0.067797
310.767569  -0.067797
310.787568  -0.067777
310.807568  -0.067787
310.827567  -0.067807
310.847566  -0.067767
310.867565  -0.067818
310.887564  -0.067838
310.907564  -0.067807
310.927563  -0.067807
310.947562  -0.067858
310.967561  -0.067838
310.987560  -0.067858
311.007560  -0.067838
311.027559  -0.067869
311.047558  -0.067869
311.067557  -0.067879
311.087556  -0.067858
311.107556  -0.067858
311.127555  -0.067889
311.147554  -0.067899
311.167553  -0.067909
311.187552  -0.067920
311.207552  -0.067909
311.227551  -0.067920
311.247550  -0.067930
311.267549  -0.067940
311.287548  -0.067940
311.307548  -0.067940
311.327547  -0.067971
311.347546  -0.067960
311.367545  -0.067950
311.387544  -0.067940
311.407544  -0.067940
311.427543  -0.067950
311.447542  -0.067960
311.467541  -0.067981
311.487540  -0.067971
311.507540  -0.068022
311.527539  -0.068001
311.547538  -0.068022
311.567537  -0.067991
311.587536  -0.068011
311.607536  -0.068042
311.627535  -0.068022
311.647534  -0.068042
311.667533  -0.068052
311.687532  -0.068052
311.707532  -0.068073
311.727531  -0.068052
311.747530  -0.068073
311.767529  -0.068093
311.787528  -0.068124
311.807528  -0.068083
311.827527  -0.068103
311.847526  -0.068113
311.867525  -0.068134
311.887524  -0.068093
311.907524  -0.068124
311.927523  -0.068113
311.947522  -0.068083
311.967521  -0.068144
311.987520  -0.068144
312.007520  -0.068134
312.027519  -0.068124
312.047518  -0.068124
312.067517  -0.068164
312.087516  -0.068195
312.107516  -0.068134
312.127515  -0.068154
312.147514  -0.068185
312.167513  -0.068195
312.187512  -0.068205
312.207512  -0.068175
312.227511  -0.068205
312.247510  -0.068195
312.267509  -0.068195
312.287508  -0.068215
312.307508  -0.068246
312.327507  -0.068226
312.347506  -0.068236
312.367505  -0.068246
312.387504  -0.068256
312.407504  -0.068236
312.427503  -0.068246
312.447502  -0.068246
312.467501  -0.068256
312.487500  -0.068226
312.507500  -0.068246
312.527499  -0.068226
312.547498  -0.068297
312.567497  -0.068267
312.587497  -0.068267
312.607496  -0.068277
312.627495  -0.068307
312.647494  -0.068267
312.667493  -0.068297
312.687493  -0.068328
312.707492  -0.068297
312.727491  -0.068297
312.747490  -0.068328
312.767489  -0.068328
312.787489  -0.068328
312.807488  -0.068348
312.827487  -0.068348
312.847486  -0.068348
312.867485  -0.068348
312.887485  -0.068379
312.907484  -0.068338
312.927483  -0.068338
312.947482  -0.068358
312.967481  -0.068389
312.987481  -0.068338
313.007480  -0.068358
313.027479  -0.068379
313.047478  -0.068379
313.067477  -0.068379
313.087477  -0.068399
313.107476  -0.068409
313.127475  -0.068420
313.147474  -0.068379
313.167473  -0.068420
313.187473  -0.068409
313.207472  -0.068430
313.227471  -0.068440
313.247470  -0.068420
313.267469  -0.068471
313.287469  -0.068460
313.307468  -0.068450
313.327467  -0.068460
313.347466  -0.068460
313.367465  -0.068471
313.387465  -0.068471
313.407464  -0.068460
313.427463  -0.068511
313.447462  -0.068491
313.467461  -0.068430
313.487461  -0.068460
313.507460  -0.068491
313.527459  -0.068491
313.547458  -0.068491
313.567457  -0.068501
313.587457  -0.068511
313.607456  -0.068491
313.627455  -0.068501
313.647454  -0.068522
313.667453  -0.068522
313.687453  -0.068522
313.707452  -0.068532
313.727451  -0.068532
313.747450  -0.068542
313.767449  -0.068522
313.787449  -0.068583
313.807448  -0.068573
313.827447  -0.068593
313.847446  -0.068593
313.867445  -0.068583
313.887445  -0.068583
313.907444  -0.068583
313.927443  -0.068573
313.947442  -0.068593
313.967441  -0.068573
313.987441  -0.068593
314.007440  -0.068573
314.027439  -0.068573
314.047438  -0.068593
314.067437  -0.068603
314.087437  -0.068613
314.107436  -0.068613
314.127435  -0.068613
314.147434  -0.068624
314.167433  -0.068634
314.187433  -0.068613
314.207432  -0.068644
314.227431  -0.068654
314.247430  -0.068654
314.267429  -0.068603
314.287429  -0.068634
314.307428  -0.068685
314.327427  -0.068675
314.347426  -0.068664
314.367425  -0.068685
314.387425  -0.068705
314.407424  -0.068705
314.427423  -0.068695
314.447422  -0.068705
314.467421  -0.068675
314.487421  -0.068736
314.507420  -0.068736
314.527419  -0.068726
314.547418  -0.068705
314.567417  -0.068695
314.587417  -0.068746
314.607416  -0.068705
314.627415  -0.068787
314.647414  -0.068787
314.667413  -0.068746
314.687413  -0.068767
314.707412  -0.068756
314.727411  -0.068777
314.747410  -0.068736
314.767409  -0.068797
314.787409  -0.068797
314.807408  -0.068777
314.827407  -0.068777
314.847406  -0.068818
314.867405  -0.068828
314.887405  -0.068818
314.907404  -0.068818
314.927403  -0.068828
314.947402  -0.068848
314.967401  -0.068848
314.987401  -0.068848
315.007400  -0.068869
315.027399  -0.068858
315.047398  -0.068828
315.067397  -0.068869
315.087397  -0.068869
315.107396  -0.068879
315.127395  -0.068899
315.147394  -0.068869
315.167393  -0.068899
315.187393  -0.068889
315.207392  -0.068899
315.227391  -0.068879
315.247390  -0.068920
315.267389  -0.068899
315.287389  -0.068940
315.307388  -0.068920
315.327387  -0.069001
315.347386  -0.068930
315.367385  -0.068930
315.387385  -0.068940
315.407384  -0.069001
315.427383  -0.068960
315.447382  -0.068960
315.467381  -0.068971
315.487381  -0.069011
315.507380  -0.069001
315.527379  -0.068981
315.547378  -0.068991
315.567377  -0.069011
315.587377  -0.069032
315.607376  -0.068991
315.627375  -0.069001
315.647374  -0.069042
315.667373  -0.069022
315.687373  -0.069011
315.707372  -0.069062
315.727371  -0.069052
315.747370  -0.069042
315.767369  -0.069022
315.787369  -0.069042
315.807368  -0.069073
315.827367  -0.069062
315.847366  -0.069073
315.867365  -0.069083
315.887365  -0.069113
315.907364  -0.069083
315.927363  -0.069093
315.947362  -0.069073
315.967361  -0.069144
315.987361  -0.069134
316.007360  -0.069134
316.027359  -0.069144
316.047358  -0.069124
316.067357  -0.069113
316.087357  -0.069113
316.107356  -0.069175
316.127355  -0.069144
316.147354  -0.069154
316.167353  -0.069124
316.187353  -0.069164
316.207352  -0.069195
316.227351  -0.069154
316.247350  -0.069164
316.267349  -0.069175
316.287349  -0.069205
316.307348  -0.069164
316.327347  -0.069175
316.347346  -0.069195
316.367345  -0.069236
316.387345  -0.069236
316.407344  -0.069226
316.427343  -0.069226
316.447342  -0.069266
316.467341  -0.069226
316.487341  -0.069236
316.507340  -0.069236
316.527339  -0.069277
316.547338  -0.069287
316.567337  -0.069256
316.587337  -0.069266
316.607336  -0.069287
316.627335  -0.069297
316.647334  -0.069287
316.667333  -0.069287
316.687333  -0.069307
316.707332  -0.069318
316.727331  -0.069277
316.747330  -0.069287
316.767329  -0.069328
316.787329  -0.069328
316.807328  -0.069307
316.827327  -0.069358
316.847326  -0.069338
316.867325  -0.069338
316.887325  -0.069379
316.907324  -0.069358
316.927323  -0.069399
316.947322  -0.069338
316.967321  -0.069399
316.987321  -0.069399
317.007320  -0.069409
317.027319  -0.069409
317.047318  -0.069399
317.067317  -0.069409
317.087317  -0.069420
317.107316  -0.069420
317.127315  -0.069420
317.147314  -0.069450
317.167313  -0.069430
317.187313  -0.069409
317.207312  -0.069440
317.227311  -0.069450
317.247310  -0.069430
317.267309  -0.069471
317.287309  -0.069450
317.307308  -0.069450
317.327307  -0.069491
317.347306  -0.069491
317.367305  -0.069471
317.387305  -0.069491
317.407304  -0.069511
317.427303  -0.069511
317.447302  -0.069491
317.467301  -0.069471
317.487301  -0.069522
317.507300  -0.069522
317.527299  -0.069532
317.547298  -0.069552
317.567297  -0.069532
317.587297  -0.069532
317.607296  -0.069552
317.627295  -0.069522
317.647294  -0.069573
317.667293  -0.069583
317.687293  -0.069552
317.707292  -0.069573
317.727291  -0.069593
317.747290  -0.069573
317.767289  -0.069583
317.787289  -0.069562
317.807288  -0.069603
317.827287  -0.069613
317.847286  -0.069593
317.867285  -0.069624
317.887285  -0.069593
317.907284  -0.069624
317.927283  -0.069644
317.947282  -0.069675
317.967281  -0.069634
317.987281  -0.069634
318.007280  -0.069664
318.027279  -0.069675
318.047278  -0.069664
318.067277  -0.069634
318.087277  -0.069664
318.107276  -0.069685
318.127275  -0.069685
318.147274  -0.069664
318.167273  -0.069654
318.187273  -0.069695
318.207272  -0.069664
318.227271  -0.069695
318.247270  -0.069705
318.267269  -0.069685
318.287269  -0.069675
318.307268  -0.069715
318.327267  -0.069705
318.347266  -0.069695
318.367265  -0.069746
318.387265  -0.069736
318.407264  -0.069715
318.427263  -0.069746
318.447262  -0.069756
318.467261  -0.069736
318.487261  -0.069756
318.507260  -0.069756
318.527259  -0.069766
318.547258  -0.069736
318.567257  -0.069797
318.587257  -0.069787
318.607256  -0.069807
318.627255  -0.069766
318.647254  -0.069797
318.667253  -0.069787
318.687253  -0.069797
318.707252  -0.069777
318.727251  -0.069817
318.747250  -0.069817
318.767249  -0.069797
318.787249  -0.069797
318.807248  -0.069817
318.827247  -0.069828
318.847246  -0.069828
318.867245  -0.069787
318.887245  -0.069828
318.907244  -0.069848
318.927243  -0.069828
318.947242  -0.069828
318.967241  -0.069869
318.987241  -0.069869
319.007240  -0.069869
319.027239  -0.069889
319.047238  -0.069889
319.067237  -0.069899
319.087237  -0.069899
319.107236  -0.069899
319.127235  -0.069899
319.147234  -0.069920
319.167233  -0.069909
319.187233  -0.069899
319.207232  -0.069920
319.227231  -0.069899
319.247230  -0.069909
319.267229  -0.069909
319.287229  -0.069930
319.307228  -0.069920
319.327227  -0.069940
319.347226  -0.069909
319.367225  -0.069950
319.387225  -0.069940
319.407224  -0.069930
319.427223  -0.069971
319.447222  -0.069960
319.467221  -0.069991
319.487221  -0.069971
319.507220  -0.069991
319.527219  -0.070001
319.547218  -0.069991
319.567217  -0.069991
319.587217  -0.070001
319.607216  -0.070042
319.627215  -0.070042
319.647214  -0.070011
319.667213  -0.070011
319.687213  -0.070011
319.707212  -0.070032
319.727211  -0.069991
319.747210  -0.070062
319.767209  -0.070042
319.787209  -0.070052
319.807208  -0.070022
319.827207  -0.070042
319.847206  -0.070042
319.867205  -0.070042
319.887205  -0.070042
319.907204  -0.070052
319.927203  -0.070083
319.947202  -0.070073
319.967201  -0.070073
319.987201  -0.070062
320.007200  -0.070083
320.027199  -0.070083
320.047198  -0.070093
320.067197  -0.070103
320.087197  -0.070124
320.107196  -0.070103
320.127195  -0.070134
320.147194  -0.070134
320.167193  -0.070144
320.187193  -0.070164
320.207192  -0.070144
320.227191  -0.070144
320.247190  -0.070164
320.267189  -0.070144
320.287189  -0.070103
320.307188  -0.070154
320.327187  -0.070154
320.347186  -0.070164
320.367185  -0.070134
320.387185  -0.070164
320.407184  -0.070195
320.427183  -0.070185
320.447182  -0.070185
320.467181  -0.070185
320.487181  -0.070205
320.507180  -0.070195
320.527179  -0.070195
320.547178  -0.070215
320.567177  -0.070246
320.587177  -0.070226
320.607176  -0.070246
320.627175  -0.070215
320.647174  -0.070246
320.667173  -0.070256
320.687173  -0.070256
320.707172  -0.070256
320.727171  -0.070266
320.747170  -0.070246
320.767169  -0.070246
320.787169  -0.070297
320.807168  -0.070297
320.827167  -0.070277
320.847166  -0.070256
320.867165  -0.070297
320.887165  -0.070307
320.907164  -0.070287
320.927163  -0.070297
320.947162  -0.070297
320.967161  -0.070317
320.987161  -0.070348
321.007160  -0.070307
321.027159  -0.070307
321.047158  -0.070328
321.067157  -0.070338
321.087157  -0.070317
321.107156  -0.070399
321.127155  -0.070368
321.147154  -0.070379
321.167153  -0.070307
321.187153  -0.070368
321.207152  -0.070379
321.227151  -0.070379
321.247150  -0.070348
321.267149  -0.070389
321.287149  -0.070409
321.307148  -0.070409
321.327147  -0.070389
321.347146  -0.070389
321.367145  -0.070399
321.387145  -0.070420
321.407144  -0.070389
321.427143  -0.070409
321.447142  -0.070389
321.467141  -0.070420
321.487141  -0.070460
321.507140  -0.070460
321.527139  -0.070471
321.547138  -0.070430
321.567137  -0.070450
321.587137  -0.070471
321.607136  -0.070481
321.627135  -0.070460
321.647134  -0.070460
321.667133  -0.070450
321.687133  -0.070522
321.707132  -0.070440
321.727131  -0.070481
321.747130  -0.070501
321.767129  -0.070511
321.787129  -0.070491
321.807128  -0.070532
321.827127  -0.070481
321.847126  -0.070491
321.867125  -0.070481
321.887125  -0.070501
321.907124  -0.070532
321.927123  -0.070501
321.947122  -0.070532
321.967121  -0.070511
321.987121  -0.070552
322.007120  -0.070573
322.027119  -0.070511
322.047118  -0.070552
322.067117  -0.070552
322.087117  -0.070573
322.107116  -0.070552
322.127115  -0.070562
322.147114  -0.070573
322.167113  -0.070593
322.187113  -0.070562
322.207112  -0.070573
322.227111  -0.070593
322.247110  -0.070593
322.267109  -0.070593
322.287109  -0.070573
322.307108  -0.070624
322.327107  -0.070634
322.347106  -0.070603
322.367105  -0.070613
322.387105  -0.070613
322.407104  -0.070634
322.427103  -0.070634
322.447102  -0.070624
322.467101  -0.070624
322.487101  -0.070654
322.507100  -0.070675
322.527099  -0.070613
322.547098  -0.070664
322.567097  -0.070675
322.587097  -0.070654
322.607096  -0.070654
322.627095  -0.070695
322.647094  -0.070695
322.667093  -0.070705
322.687093  -0.070675
322.707092  -0.070695
322.727091  -0.070726
322.747090  -0.070685
322.767089  -0.070705
322.787089  -0.070705
322.807088  -0.070715
322.827087  -0.070675
322.847086  -0.070736
322.867085  -0.070736
322.887085  -0.070736
322.907084  -0.070736
322.927083  -0.070736
322.947082  -0.070756
322.967081  -0.070736
322.987081  -0.070777
323.007080  -0.070766
323.027079  -0.070777
323.047078  -0.070787
323.067077  -0.070777
323.087077  -0.070746
323.107076  -0.070797
323.127075  -0.070787
323.147074  -0.070797
323.167073  -0.070787
323.187073  -0.070817
323.207072  -0.070838
323.227071  -0.070838
323.247070  -0.070807
323.267069  -0.070807
323.287069  -0.070817
323.307068  -0.070858
323.327067  -0.070838
323.347066  -0.070848
323.367065  -0.070828
323.387065  -0.070858
323.407064  -0.070868
323.427063  -0.070868
323.447062  -0.070858
323.467061  -0.070838
323.487061  -0.070858
323.507060  -0.070879
323.527059  -0.070879
323.547058  -0.070858
323.567057  -0.070868
323.587057  -0.070909
323.607056  -0.070899
323.627055  -0.070909
323.647054  -0.070879
323.667053  -0.070919
323.687053  -0.070909
323.707052  -0.070930
323.727051  -0.070899
323.747050  -0.070971
323.767049  -0.070919
323.787049  -0.070950
323.807048  -0.070930
323.827047  -0.070950
323.847046  -0.070971
323.867045  -0.070950
323.887045  -0.070971
323.907044  -0.070940
323.927043  -0.070981
323.947042  -0.070950
323.967041  -0.070981
323.987041  -0.071022
324.007040  -0.070981
324.027039  -0.071001
324.047038  -0.071001
324.067037  -0.070991
324.087037  -0.071001
324.107036  -0.070981
324.127035  -0.070981
324.147034  -0.070991
324.167033  -0.071011
324.187033  -0.071022
324.207032  -0.071001
324.227031  -0.071032
324.247030  -0.071042
324.267029  -0.071042
324.287029  -0.071062
324.307028  -0.071052
324.327027  -0.071032
324.347026  -0.071042
324.367025  -0.071062
324.387025  -0.071073
324.407024  -0.071052
324.427023  -0.071073
324.447022  -0.071093
324.467021  -0.071103
324.487021  -0.071073
324.507020  -0.071062
324.527019  -0.071103
324.547018  -0.071103
324.567017  -0.071113
324.587017  -0.071083
324.607016  -0.071083
324.627015  -0.071103
324.647014  -0.071124
324.667013  -0.071083
324.687013  -0.071124
324.707012  -0.071113
324.727011  -0.071144
324.747010  -0.071134
324.767009  -0.071154
324.787009  -0.071154
324.807008  -0.071154
324.827007  -0.071154
324.847006  -0.071195
324.867005  -0.071195
324.887005  -0.071144
324.907004  -0.071195
324.927003  -0.071185
324.947002  -0.071205
324.967001  -0.071164
324.987001  -0.071205
325.007000  -0.071175
325.026999  -0.071205
325.046998  -0.071195
325.066997  -0.071195
325.086997  -0.071215
325.106996  -0.071226
325.126995  -0.071215
325.146994  -0.071185
325.166993  -0.071215
325.186993  -0.071226
325.206992  -0.071226
325.226991  -0.071195
325.246990  -0.071246
325.266989  -0.071256
325.286989  -0.071246
325.306988  -0.071256
325.326987  -0.071246
325.346986  -0.071307
325.366985  -0.071277
325.386985  -0.071277
325.406984  -0.071287
325.426983  -0.071297
325.446982  -0.071266
325.466981  -0.071277
325.486981  -0.071287
325.506980  -0.071317
325.526979  -0.071287
325.546978  -0.071307
325.566977  -0.071277
325.586977  -0.071317
325.606976  -0.071287
325.626975  -0.071287
325.646974  -0.071348
325.666973  -0.071307
325.686973  -0.071328
325.706972  -0.071317
325.726971  -0.071328
325.746970  -0.071348
325.766969  -0.071358
325.786969  -0.071348
325.806968  -0.071358
325.826967  -0.071338
325.846966  -0.071368
325.866965  -0.071379
325.886965  -0.071379
325.906964  -0.071358
325.926963  -0.071379
325.946962  -0.071389
325.966961  -0.071379
325.986961  -0.071389
326.006960  -0.071368
326.026959  -0.071358
326.046958  -0.071379
326.066957  -0.071399
326.086957  -0.071389
326.106956  -0.071379
326.126955  -0.071399
326.146954  -0.071409
326.166953  -0.071389
326.186953  -0.071409
326.206952  -0.071440
326.226951  -0.071440
326.246950  -0.071419
326.266949  -0.071399
326.286949  -0.071471
326.306948  -0.071440
326.326947  -0.071440
326.346946  -0.071440
326.366945  -0.071450
326.386945  -0.071450
326.406944  -0.071471
326.426943  -0.071399
326.446942  -0.071491
326.466941  -0.071481
326.486941  -0.071471
326.506940  -0.071481
326.526939  -0.071481
326.546938  -0.071491
326.566937  -0.071471
326.586937  -0.071460
326.606936  -0.071440
326.626935  -0.071471
326.646934  -0.071481
326.666933  -0.071532
326.686933  -0.071491
326.706932  -0.071481
326.726931  -0.071471
326.746930  -0.071481
326.766929  -0.071511
326.786929  -0.071491
326.806928  -0.071522
326.826927  -0.071491
326.846926  -0.071511
326.866925  -0.071522
326.886925  -0.071532
326.906924  -0.071552
326.926923  -0.071552
326.946922  -0.071542
326.966921  -0.071532
326.986921  -0.071532
327.006920  -0.071583
327.026919  -0.071573
327.046918  -0.071522
327.066917  -0.071562
327.086917  -0.071593
327.106916  -0.071593
327.126915  -0.071583
327.146914  -0.071573
327.166913  -0.071593
327.186913  -0.071603
327.206912  -0.071573
327.226911  -0.071593
327.246910  -0.071603
327.266909  -0.071603
327.286909  -0.071613
327.306908  -0.071624
327.326907  -0.071593
327.346906  -0.071634
327.366905  -0.071634
327.386905  -0.071634
327.406904  -0.071603
327.426903  -0.071624
327.446902  -0.071613
327.466901  -0.071644
327.486901  -0.071654
327.506900  -0.071644
327.526899  -0.071634
327.546898  -0.071644
327.566897  -0.071675
327.586897  -0.071685
327.606896  -0.071675
327.626895  -0.071685
327.646894  -0.071675
327.666893  -0.071634
327.686893  -0.071675
327.706892  -0.071654
327.726891  -0.071695
327.746890  -0.071695
327.766889  -0.071675
327.786889  -0.071715
327.806888  -0.071715
327.826887  -0.071695
327.846886  -0.071715
327.866885  -0.071715
327.886885  -0.071736
327.906884  -0.071695
327.926883  -0.071726
327.946882  -0.071705
327.966881  -0.071715
327.986881  -0.071715
328.006880  -0.071756
328.026879  -0.071777
328.046878  -0.071756
328.066877  -0.071736
328.086877  -0.071746
328.106876  -0.071726
328.126875  -0.071756
328.146874  -0.071766
328.166873  -0.071766
328.186873  -0.071797
328.206872  -0.071777
328.226871  -0.071777
328.246870  -0.071797
328.266869  -0.071787
328.286869  -0.071787
328.306868  -0.071777
328.326867  -0.071766
328.346866  -0.071787
328.366865  -0.071817
328.386865  -0.071828
328.406864  -0.071817
328.426863  -0.071817
328.446862  -0.071807
328.466861  -0.071828
328.486861  -0.071838
328.506860  -0.071848
328.526859  -0.071848
328.546858  -0.071848
328.566857  -0.071848
328.586857  -0.071848
328.606856  -0.071868
328.626855  -0.071858
328.646854  -0.071868
328.666853  -0.071858
328.686853  -0.071879
328.706852  -0.071848
328.726851  -0.071879
328.746850  -0.071899
328.766849  -0.071879
328.786849  -0.071899
328.806848  -0.071889
328.826847  -0.071919
328.846846  -0.071919
328.866845  -0.071919
328.886845  -0.071899
328.906844  -0.071940
328.926843  -0.071919
328.946842  -0.071919
328.966841  -0.071940
328.986841  -0.071930
329.006840  -0.071940
329.026839  -0.071940
329.046838  -0.071909
329.066837  -0.071970
329.086837  -0.071981
329.106836  -0.071960
329.126835  -0.071940
329.146834  -0.071991
329.166833  -0.071991
329.186833  -0.072011
329.206832  -0.071960
329.226831  -0.071981
329.246830  -0.072001
329.266829  -0.071991
329.286829  -0.071981
329.306828  -0.071981
329.326827  -0.072022
329.346826  -0.072001
329.366825  -0.071981
329.386825  -0.072011
329.406824  -0.072022
329.426823  -0.072011
329.446822  -0.072032
329.466821  -0.072032
329.486821  -0.072052
329.506820  -0.072052
329.526819  -0.072042
329.546818  -0.072083
329.566817  -0.072042
329.586817  -0.072062
329.606816  -0.072042
329.626815  -0.072052
329.646814  -0.072103
329.666813  -0.072103
329.686813  -0.072093
329.706812  -0.072103
329.726811  -0.072083
329.746810  -0.072083
329.766809  -0.072113
329.786809  -0.072093
329.806808  -0.072113
329.826807  -0.072113
329.846806  -0.072103
329.866805  -0.072134
329.886805  -0.072113
329.906804  -0.072093
329.926803  -0.072144
329.946802  -0.072134
329.966801  -0.072124
329.986801  -0.072134
330.006800  -0.072124
330.026799  -0.072154
330.046798  -0.072164
330.066797  -0.072154
330.086797  -0.072103
330.106796  -0.072175
330.126795  -0.072175
330.146794  -0.072154
330.166793  -0.072164
330.186793  -0.072195
330.206792  -0.072195
330.226791  -0.072195
330.246790  -0.072205
330.266789  -0.072205
330.286789  -0.072154
330.306788  -0.072175
330.326787  -0.072215
330.346786  -0.072195
330.366785  -0.072195
330.386785  -0.072185
330.406784  -0.072185
330.426783  -0.072205
330.446782  -0.072215
330.466781  -0.072205
330.486781  -0.072266
330.506780  -0.072246
330.526779  -0.072215
330.546778  -0.072246
330.566777  -0.072236
330.586777  -0.072256
330.606776  -0.072226
330.626775  -0.072246
330.646774  -0.072246
330.666773  -0.072277
330.686773  -0.072277
330.706772  -0.072256
330.726771  -0.072266
330.746770  -0.072297
330.766769  -0.072277
330.786769  -0.072266
330.806768  -0.072277
330.826767  -0.072287
330.846766  -0.072277
330.866765  -0.072287
330.886765  -0.072256
330.906764  -0.072297
330.926763  -0.072287
330.946762  -0.072277
330.966761  -0.072297
330.986761  -0.072297
331.006760  -0.072328
331.026759  -0.072266
331.046758  -0.072307
331.066757  -0.072328
331.086757  -0.072297
331.106756  -0.072307
331.126755  -0.072338
331.146754  -0.072338
331.166753  -0.072338
331.186753  -0.072338
331.206752  -0.072348
331.226751  -0.072399
331.246750  -0.072368
331.266749  -0.072368
331.286749  -0.072358
331.306748  -0.072358
331.326747  -0.072368
331.346746  -0.072358
331.366745  -0.072348
331.386745  -0.072389
331.406744  -0.072358
331.426743  -0.072358
331.446742  -0.072379
331.466741  -0.072379
331.486741  -0.072368
331.506740  -0.072358
331.526739  -0.072419
331.546738  -0.072389
331.566737  -0.072379
331.586737  -0.072389
331.606736  -0.072419
331.626735  -0.072430
331.646734  -0.072430
331.666733  -0.072419
331.686733  -0.072440
331.706732  -0.072460
331.726731  -0.072430
331.746730  -0.072430
331.766729  -0.072481
331.786729  -0.072450
331.806728  -0.072440
331.826727  -0.072430
331.846726  -0.072470
331.866725  -0.072491
331.886725  -0.072470
331.906724  -0.072440
331.926723  -0.072470
331.946722  -0.072460
331.966721  -0.072460
331.986721  -0.072460
332.006720  -0.072491
332.026719  -0.072460
332.046718  -0.072470
332.066717  -0.072542
332.086717  -0.072634
332.106716  -0.072685
332.126715  -0.072736
332.146714  -0.072746
332.166713  -0.072817
332.186713  -0.072715
332.206712  -0.072736
332.226711  -0.072756
332.246710  -0.072817
332.266709  -0.072828
332.286709  -0.072879
332.306708  -0.072919
332.326707  -0.072950
332.346706  -0.072909
332.366705  -0.072909
332.386705  -0.072909
332.406704  -0.072930
332.426703  -0.072950
332.446702  -0.072970
332.466701  -0.072991
332.486701  -0.073011
332.506700  -0.073001
332.526699  -0.072981
332.546698  -0.072970
332.566697  -0.073001
332.586697  -0.073021
332.606696  -0.073032
332.626695  -0.073011
332.646694  -0.073052
332.666693  -0.073052
332.686693  -0.073062
332.706692  -0.073072
332.726691  -0.073093
332.746690  -0.073103
332.766689  -0.073113
332.786689  -0.073083
332.806688  -0.073072
332.826687  -0.073113
332.846686  -0.073103
332.866685  -0.073093
332.886685  -0.073124
332.906684  -0.073134
332.926683  -0.073103
332.946682  -0.073124
332.966681  -0.073164
332.986681  -0.073175
333.006680  -0.073144
333.026679  -0.073113
333.046678  -0.073001
333.066677  -0.072858
333.086677  -0.072828
333.106676  -0.072756
333.126675  -0.072685
333.146674  -0.072624
333.166673  -0.072501
333.186673  -0.072430
333.206672  -0.072328
333.226671  -0.072266
333.246670  -0.072215
333.266669  -0.072124
333.286669  -0.072052
333.306668  -0.071940
333.326667  -0.071879
333.346666  -0.071797
333.366665  -0.071726
333.386665  -0.071654
333.406664  -0.071573
333.426663  -0.071491
333.446662  -0.071430
333.466661  -0.071368
333.486661  -0.071246
333.506660  -0.071215
333.526659  -0.071144
333.546658  -0.071062
333.566657  -0.070960
333.586657  -0.070909
333.606656  -0.070838
333.626655  -0.070756
333.646654  -0.070675
333.666653  -0.070634
333.686653  -0.070542
333.706652  -0.070481
333.726651  -0.070389
333.746650  -0.070338
333.766649  -0.070266
333.786649  -0.070185
333.806648  -0.070124
333.826647  -0.070073
333.846646  -0.070022
333.866645  -0.069930
333.886645  -0.069869
333.906644  -0.069838
333.926643  -0.069726
333.946642  -0.069685
333.966641  -0.069573
333.986641  -0.069522
334.006640  -0.069471
334.026639  -0.069409
334.046638  -0.069328
334.066637  -0.069266
334.086637  -0.069205
334.106636  -0.069124
334.126635  -0.069073
334.146634  -0.069011
334.166633  -0.068920
334.186633  -0.068858
334.206632  -0.068797
334.226631  -0.068767
334.246630  -0.068685
334.266629  -0.068644
334.286629  -0.068552
334.306628  -0.068471
334.326627  -0.068420
334.346626  -0.068369
334.366625  -0.068307
334.386625  -0.068256
334.406624  -0.068226
334.426623  -0.068144
334.446622  -0.068093
334.466621  -0.068022
334.486621  -0.067960
334.506620  -0.067909
334.526619  -0.067838
334.546618  -0.067756
334.566617  -0.067726
334.586617  -0.067624
334.606616  -0.067603
334.626615  -0.067532
334.646614  -0.067450
334.666613  -0.067450
334.686613  -0.067328
334.706612  -0.067287
334.726611  -0.067267
334.746610  -0.067165
334.766609  -0.067083
334.786609  -0.067052
334.806608  -0.066991
334.826607  -0.066920
334.846606  -0.066940
334.866605  -0.066818
334.886605  -0.066777
334.906604  -0.066746
334.926603  -0.066665
334.946602  -0.066624
334.966601  -0.066573
334.986601  -0.066522
335.006600  -0.066430
335.026599  -0.066399
335.046598  -0.066348
335.066597  -0.066287
335.086597  -0.066226
335.106596  -0.066144
335.126595  -0.066093
335.146594  -0.066063
335.166593  -0.066011
335.186593  -0.065950
335.206592  -0.065899
335.226591  -0.065838
335.246590  -0.065746
335.266589  -0.065716
335.286589  -0.065665
335.306588  -0.065614
335.326587  -0.065563
335.346586  -0.065522
335.366585  -0.065450
335.386585  -0.065389
335.406584  -0.065358
335.426583  -0.065287
335.446582  -0.065246
335.466581  -0.065205
335.486581  -0.065154
335.506580  -0.065073
335.526579  -0.065052
335.546578  -0.064981
335.566577  -0.064940
335.586577  -0.064869
335.606576  -0.064848
335.626575  -0.064787
335.646574  -0.064705
335.666573  -0.064675
335.686573  -0.064614
335.706572  -0.064593
335.726571  -0.064512
335.746570  -0.064501
335.766569  -0.064430
335.786569  -0.064369
335.806568  -0.064338
335.826567  -0.064307
335.846566  -0.064246
335.866565  -0.064175
335.886565  -0.064144
335.906564  -0.064114
335.926563  -0.064012
335.946562  -0.064083
335.966561  -0.063991
335.986561  -0.063961
336.006560  -0.063858
336.026559  -0.063726
336.046558  -0.063818
336.066557  -0.063828
336.086557  -0.063716
336.106556  -0.063532
336.126555  -0.063542
336.146554  -0.063614
336.166553  -0.063552
336.186553  -0.063410
336.206552  -0.063358
336.226551  -0.063420
336.246550  -0.063379
336.266549  -0.063287
336.286549  -0.063134
336.306548  -0.063124
336.326547  -0.063195
336.346546  -0.063144
336.366545  -0.063012
336.386545  -0.062930
336.406544  -0.062961
336.426543  -0.063012
336.446542  -0.062910
336.466541  -0.062777
336.486541  -0.062736
336.506540  -0.062777
336.526539  -0.062807
336.546538  -0.062654
336.566537  -0.062512
336.586537  -0.062573
336.606536  -0.062644
336.626535  -0.062542
336.646534  -0.062420
336.666533  -0.062348
336.686533  -0.062379
336.706532  -0.062450
336.726531  -0.062328
336.746530  -0.062154
336.766529  -0.062175
336.786529  -0.062277
336.806528  -0.062216
336.826527  -0.062032
336.846526  -0.061940
336.866525  -0.062103
336.886525  -0.062134
336.906524  -0.061950
336.926523  -0.061838
336.946522  -0.061859
336.966521  -0.061848
336.986521  -0.061767
337.006520  -0.061695
337.026519  -0.061583
337.046518  -0.061603
337.066517  -0.061665
337.086517  -0.061634
337.106516  -0.061461
337.126515  -0.061410
337.146514  -0.061491
337.166513  -0.061481
337.186513  -0.061348
337.206512  -0.061205
337.226511  -0.061246
337.246510  -0.061328
337.266509  -0.061246
337.286509  -0.061093
337.306508  -0.061052
337.326507  -0.061093
337.346506  -0.061114
337.366505  -0.060991
337.386505  -0.060869
337.406504  -0.060859
337.426503  -0.060961
337.446502  -0.060920
337.466501  -0.060767
337.486501  -0.060716
337.506500  -0.060736
337.526499  -0.060808
337.546498  -0.060695
337.566497  -0.060522
337.586497  -0.060532
337.606496  -0.060583
337.626495  -0.060512
337.646494  -0.060399
337.666493  -0.060410
337.686493  -0.060369
337.706492  -0.060389
337.726491  -0.060348
337.746490  -0.060185
337.766489  -0.060114
337.786489  -0.060226
337.806488  -0.060226
337.826487  -0.060124
337.846486  -0.059971
337.866485  -0.060001
337.886485  -0.060083
337.906484  -0.060022
337.926483  -0.059828
337.946482  -0.059797
337.966481  -0.059879
337.986481  -0.059899
338.006480  -0.059777
338.026479  -0.059665
338.046478  -0.059675
338.066477  -0.059746
338.086477  -0.059675
338.106476  -0.059583
338.126475  -0.059522
338.146474  -0.059542
338.166473  -0.059563
338.186473  -0.059501
338.206472  -0.059328
338.226471  -0.059318
338.246470  -0.059410
338.266469  -0.059318
338.286469  -0.059236
338.306468  -0.059216
338.326467  -0.059165
338.346466  -0.059216
338.366465  -0.059175
338.386465  -0.059001
338.406464  -0.058971
338.426463  -0.059093
338.446462  -0.059042
338.466461  -0.058940
338.486461  -0.058889
338.506460  -0.058828
338.526459  -0.058879
338.546458  -0.058828
338.566457  -0.058746
338.586457  -0.058675
338.606456  -0.058706
338.626455  -0.058757
338.646454  -0.058644
338.666453  -0.058553
338.686453  -0.058542
338.706452  -0.058634
338.726451  -0.058614
338.746450  -0.058471
338.766449  -0.058369
338.786449  -0.058461
338.806448  -0.058522
338.826447  -0.058369
338.846446  -0.058297
338.866445  -0.058308
338.886445  -0.058318
338.906444  -0.058328
338.926443  -0.058185
338.946442  -0.058093
338.966441  -0.058206
338.986441  -0.058226
339.006440  -0.058134
339.026439  -0.058053
339.046438  -0.058012
339.066437  -0.058063
339.086437  -0.058042
339.106436  -0.057950
339.126435  -0.057889
339.146434  -0.057879
339.166433  -0.057899
339.186433  -0.057920
339.206432  -0.057808
339.226431  -0.057716
339.246430  -0.057757
339.266429  -0.057808
339.286429  -0.057716
339.306428  -0.057563
339.326427  -0.057634
339.346426  -0.057746
339.366425  -0.057726
339.386425  -0.057553
339.406424  -0.057532
339.426423  -0.057522
339.446422  -0.057532
339.466421  -0.057430
339.486421  -0.057379
339.506420  -0.057420
339.526419  -0.057522
339.546418  -0.057471
339.566417  -0.057338
339.586417  -0.057318
339.606416  -0.057359
339.626415  -0.057338
339.646414  -0.057318
339.666413  -0.057216
339.686413  -0.057165
339.706412  -0.057257
339.726411  -0.057308
339.746410  -0.057206
339.766409  -0.057083
339.786409  -0.057104
339.806408  -0.057206
339.826407  -0.057236
339.846406  -0.057032
339.866405  -0.056981
339.886405  -0.057063
339.906404  -0.057124
339.926403  -0.057002
339.946402  -0.056910
339.966401  -0.056910
339.986401  -0.056961
340.006400  -0.056940
340.026399  -0.056838
340.046398  -0.056746
340.066397  -0.056808
340.086397  -0.056889
340.106396  -0.056808
340.126395  -0.056695
340.146394  -0.056665
340.166393  -0.056706
340.186393  -0.056757
340.206392  -0.056655
340.226391  -0.056573
340.246390  -0.056655
340.266389  -0.056736
340.286389  -0.056644
340.306388  -0.056553
340.326387  -0.056502
340.346386  -0.056573
340.366385  -0.056614
340.386385  -0.056532
340.406384  -0.056430
340.426383  -0.056410
340.446382  -0.056491
340.466381  -0.056471
340.486381  -0.056369
340.506380  -0.056318
340.526379  -0.056410
340.546378  -0.056461
340.566377  -0.056348
340.586377  -0.056236
340.606376  -0.056226
340.626375  -0.056348
340.646374  -0.056328
340.666373  -0.056195
340.686373  -0.056165
340.706372  -0.056236
340.726371  -0.056359
340.746370  -0.056226
340.766369  -0.056114
340.786369  -0.056144
340.806368  -0.056175
340.826367  -0.056206
340.846366  -0.056093
340.866365  -0.056073
340.886365  -0.056083
340.906364  -0.056114
340.926363  -0.056124
340.946362  -0.056002
340.966361  -0.055940
340.986361  -0.055991
341.006360  -0.056073
341.026359  -0.056012
341.046358  -0.055859
341.066357  -0.055889
341.086357  -0.055951
341.106356  -0.055940
341.126355  -0.055818
341.146354  -0.055767
341.166353  -0.055859
341.186353  -0.055910
341.206352  -0.055848
341.226351  -0.055706
341.246350  -0.055746
341.266349  -0.055808
341.286349  -0.055767
341.306348  -0.055726
341.326347  -0.055675
341.346346  -0.055695
341.366345  -0.055716
341.386345  -0.055726
341.406344  -0.055634
341.426343  -0.055604
341.446342  -0.055644
341.466341  -0.055695
341.486341  -0.055614
341.506340  -0.055532
341.526339  -0.055614
341.546338  -0.055655
341.566337  -0.055624
341.586337  -0.055522
341.606336  -0.055471
341.626335  -0.055573
341.646334  -0.055573
341.666333  -0.055522
341.686333  -0.055430
341.706332  -0.055461
341.726331  -0.055512
341.746330  -0.055563
341.766329  -0.055420
341.786329  -0.055359
341.806328  -0.055512
341.826327  -0.055573
341.846326  -0.055461
341.866325  -0.055369
341.886325  -0.055451
341.906324  -0.055440
341.926323  -0.055471
341.946322  -0.055379
341.966321  -0.055328
341.986321  -0.055389
342.006320  -0.055461
342.026319  -0.055451
342.046318  -0.055308
342.066317  -0.055308
342.086317  -0.055369
342.106316  -0.055430
342.126315  -0.055328
342.146314  -0.055277
342.166313  -0.055308
342.186313  -0.055359
342.206312  -0.055318
342.226311  -0.055246
342.246310  -0.055226
342.266309  -0.055297
342.286309  -0.055359
342.306308  -0.055297
342.326307  -0.055206
342.346306  -0.055236
342.366305  -0.055349
342.386305  -0.055277
342.406304  -0.055226
342.426303  -0.055195
342.446302  -0.055267
342.466301  -0.055297
342.486301  -0.055236
342.506300  -0.055195
342.526299  -0.055206
342.546298  -0.055287
342.566297  -0.055318
342.586297  -0.055216
342.606296  -0.055185
342.626295  -0.055257
342.646294  -0.055308
342.666293  -0.055257
342.686293  -0.055175
342.706292  -0.055185
342.726291  -0.055257
342.746290  -0.055297
342.766289  -0.055206
342.786289  -0.055185
342.806288  -0.055206
342.826287  -0.055287
342.846286  -0.055308
342.866285  -0.055226
342.886285  -0.055185
342.906284  -0.055277
342.926283  -0.055318
342.946282  -0.055277
342.966281  -0.055185
342.986281  -0.055206
343.006280  -0.055328
343.026279  -0.055308
343.046278  -0.055206
343.066277  -0.055216
343.086277  -0.055277
343.106276  -0.055328
343.126275  -0.055308
343.146274  -0.055236
343.166273  -0.055246
343.186273  -0.055359
343.206272  -0.055287
343.226271  -0.055277
343.246270  -0.055267
343.266269  -0.055287
343.286269  -0.055318
343.306268  -0.055338
343.326267  -0.055246
343.346266  -0.055257
343.366265  -0.055318
343.386265  -0.055389
343.406264  -0.055297
343.426263  -0.055308
343.446262  -0.055349
343.466261  -0.055359
343.486261  -0.055328
343.506260  -0.055338
343.526259  -0.055297
343.546258  -0.055349
343.566257  -0.055369
343.586257  -0.055318
343.606256  -0.055318
343.626255  -0.055379
343.646254  -0.055318
343.666253  -0.055349
343.686253  -0.055318
343.706252  -0.055308
343.726251  -0.055308
343.746250  -0.055297
343.766249  -0.055318
343.786249  -0.055318
343.806248  -0.055328
343.826247  -0.055389
343.846246  -0.055420
343.866245  -0.055328
343.886245  -0.055359
343.906244  -0.055461
343.926243  -0.055461
343.946242  -0.055451
343.966241  -0.055430
343.986241  -0.055440
344.006240  -0.055461
344.026239  -0.055502
344.046238  -0.055491
344.066237  -0.055481
344.086237  -0.055491
344.106236  -0.055512
344.126235  -0.055471
344.146234  -0.055471
344.166233  -0.055502
344.186233  -0.055532
344.206232  -0.055491
344.226231  -0.055481
344.246230  -0.055502
344.266229  -0.055542
344.286229  -0.055522
344.306228  -0.055553
344.326227  -0.055532
344.346226  -0.055532
344.366225  -0.055583
344.386225  -0.055644
344.406224  -0.055593
344.426223  -0.055624
344.446222  -0.055644
344.466221  -0.055716
344.486221  -0.055757
344.506220  -0.055706
344.526219  -0.055685
344.546218  -0.055736
344.566217  -0.055797
344.586217  -0.055777
344.606216  -0.055787
344.626215  -0.055808
344.646214  -0.055828
344.666213  -0.055838
344.686213  -0.055848
344.706212  -0.055818
344.726211  -0.055828
344.746210  -0.055869
344.766209  -0.055910
344.786209  -0.055879
344.806208  -0.055900
344.826207  -0.055930
344.846206  -0.055930
344.866205  -0.055920
344.886205  -0.055940
344.906204  -0.055951
344.926203  -0.056022
344.946202  -0.055961
344.966201  -0.055981
344.986201  -0.056012
345.006200  -0.056083
345.026199  -0.056032
345.046198  -0.056053
345.066197  -0.056104
345.086197  -0.056073
345.106196  -0.056073
345.126195  -0.056093
345.146194  -0.056124
345.166193  -0.056104
345.186193  -0.056124
345.206192  -0.056134
345.226191  -0.056175
345.246190  -0.056185
345.266189  -0.056195
345.286189  -0.056206
345.306188  -0.056246
345.326187  -0.056236
345.346186  -0.056226
345.366185  -0.056246
345.386185  -0.056297
345.406184  -0.056308
345.426183  -0.056297
345.446182  -0.056338
345.466181  -0.056338
345.486181  -0.056359
345.506180  -0.056369
345.526179  -0.056379
345.546178  -0.056440
345.566177  -0.056430
345.586177  -0.056451
345.606176  -0.056491
345.626175  -0.056502
345.646174  -0.056512
345.666173  -0.056471
345.686173  -0.056522
345.706172  -0.056553
345.726171  -0.056532
345.746170  -0.056593
345.766169  -0.056593
345.786169  -0.056614
345.806168  -0.056624
345.826167  -0.056665
345.846166  -0.056675
345.866165  -0.056675
345.886165  -0.056716
345.906164  -0.056706
345.926163  -0.056757
345.946162  -0.056797
345.966161  -0.056818
345.986161  -0.056797
346.006160  -0.056859
346.026159  -0.056848
346.046158  -0.056869
346.066157  -0.056910
346.086157  -0.056940
346.106156  -0.056951
346.126155  -0.056961
346.146154  -0.057002
346.166153  -0.057002
346.186153  -0.056991
346.206152  -0.057012
346.226151  -0.057012
346.246150  -0.057073
346.266149  -0.057063
346.286149  -0.057073
346.306148  -0.057124
346.326147  -0.057124
346.346146  -0.057144
346.366145  -0.057134
346.386145  -0.057185
346.406144  -0.057246
346.426143  -0.057246
346.446142  -0.057236
346.466141  -0.057236
346.486141  -0.057308
346.506140  -0.057297
346.526139  -0.057328
346.546138  -0.057379
346.566137  -0.057389
346.586137  -0.057348
346.606136  -0.057389
346.626135  -0.057399
346.646134  -0.057430
346.666133  -0.057461
346.686133  -0.057481
346.706132  -0.057491
346.726131  -0.057491
346.746130  -0.057532
346.766129  -0.057542
346.786129  -0.057573
346.806128  -0.057573
346.826127  -0.057593
346.846126  -0.057644
346.866125  -0.057644
346.886125  -0.057685
346.906124  -0.057655
346.926123  -0.057665
346.946122  -0.057706
346.966121  -0.057746
346.986121  -0.057757
347.006120  -0.057777
347.026119  -0.057777
347.046118  -0.057818
347.066117  -0.057828
347.086117  -0.057859
347.106116  -0.057889
347.126115  -0.057910
347.146114  -0.057920
347.166113  -0.057961
347.186113  -0.057961
347.206112  -0.057971
347.226111  -0.057991
347.246110  -0.058012
347.266109  -0.058042
347.286109  -0.058022
347.306108  -0.058073
347.326107  -0.058073
347.346106  -0.058093
347.366105  -0.058134
347.386105  -0.058165
347.406104  -0.058155
347.426103  -0.058165
347.446102  -0.058216
347.466101  -0.058236
347.486101  -0.058185
347.506100  -0.058216
347.526099  -0.058287
347.546098  -0.058267
347.566097  -0.058318
347.586097  -0.058308
347.606096  -0.058338
347.626095  -0.058369
347.646094  -0.058389
347.666093  -0.058430
347.686093  -0.058450
347.706092  -0.058450
347.726091  -0.058471
347.746090  -0.058461
347.766089  -0.058481
347.786089  -0.058512
347.806088  -0.058542
347.826087  -0.058563
347.846086  -0.058604
347.866085  -0.058573
347.886085  -0.058573
347.906084  -0.058634
347.926083  -0.058634
347.946082  -0.058675
347.966081  -0.058665
347.986081  -0.058695
348.006080  -0.058695
348.026079  -0.058716
348.046078  -0.058746
348.066077  -0.058787
348.086077  -0.058787
348.106076  -0.058828
348.126075  -0.058818
348.146074  -0.058838
348.166073  -0.058879
348.186073  -0.058869
348.206072  -0.058869
348.226071  -0.058910
348.246070  -0.058920
348.266069  -0.058920
348.286069  -0.058940
348.306068  -0.058971
348.326067  -0.059001
348.346066  -0.059012
348.366065  -0.059001
348.386065  -0.059022
348.406064  -0.059063
348.426063  -0.059042
348.446062  -0.059052
348.466061  -0.059083
348.486061  -0.059083
348.506060  -0.059114
348.526059  -0.059114
348.546058  -0.059144
348.566057  -0.059175
348.586057  -0.059185
348.606056  -0.059185
348.626055  -0.059216
348.646054  -0.059257
348.666053  -0.059267
348.686053  -0.059257
348.706052  -0.059267
348.726051  -0.059328
348.746050  -0.059287
348.766049  -0.059348
348.786049  -0.059328
348.806048  -0.059369
348.826047  -0.059379
348.846046  -0.059410
348.866045  -0.059410
348.886045  -0.059430
348.906044  -0.059399
348.926043  -0.059440
348.946042  -0.059461
348.966041  -0.059440
348.986041  -0.059450
349.006040  -0.059481
349.026039  -0.059491
349.046038  -0.059522
349.066037  -0.059542
349.086037  -0.059522
349.106036  -0.059583
349.126035  -0.059603
349.146034  -0.059593
349.166033  -0.059573
349.186033  -0.059624
349.206032  -0.059603
349.226031  -0.059634
349.246030  -0.059655
349.266029  -0.059675
349.286029  -0.059716
349.306028  -0.059695
349.326027  -0.059736
349.346026  -0.059726
349.366025  -0.059757
349.386025  -0.059746
349.406024  -0.059777
349.426023  -0.059818
349.446022  -0.059777
349.466021  -0.059828
349.486021  -0.059818
349.506020  -0.059859
349.526019  -0.059869
349.546018  -0.059889
349.566017  -0.059889
349.586017  -0.059889
349.606016  -0.059920
349.626015  -0.059920
349.646014  -0.059940
349.666013  -0.059950
349.686013  -0.059940
349.706012  -0.059971
349.726011  -0.060001
349.746010  -0.060032
349.766009  -0.060012
349.786009  -0.060022
349.806008  -0.060042
349.826007  -0.060063
349.846006  -0.060103
349.866005  -0.060083
349.886005  -0.060124
349.906004  -0.060114
349.926003  -0.060155
349.946002  -0.060155
349.966001  -0.060175
349.986001  -0.060195
350.006000  -0.060195
350.025999  -0.060185
350.045998  -0.060134
350.065997  -0.060134
350.085997  -0.060093
350.105996  -0.060052
350.125995  -0.060052
350.145994  -0.060022
350.165993  -0.060001
350.185993  -0.059950
350.205992  -0.059940
350.225991  -0.059950
350.245990  -0.059899
350.265989  -0.059879
350.285989  -0.059838
350.305988  -0.059838
350.325987  -0.059797
350.345986  -0.059777
350.365985  -0.059757
350.385985  -0.059716
350.405984  -0.059706
350.425983  -0.059695
350.445982  -0.059644
350.465981  -0.059655
350.485981  -0.059583
350.505980  -0.059563
350.525979  -0.059573
350.545978  -0.059563
350.565977  -0.059501
350.585977  -0.059471
350.605976  -0.059450
350.625975  -0.059430
350.645974  -0.059430
350.665973  -0.059369
350.685973  -0.059359
350.705972  -0.059379
350.725971  -0.059328
350.745970  -0.059338
350.765969  -0.059267
350.785969  -0.059277
350.805968  -0.059257
350.825967  -0.059216
350.845966  -0.059216
350.865965  -0.059175
350.885965  -0.059175
350.905964  -0.059155
350.925963  -0.059144
350.945962  -0.059104
350.965961  -0.059073
350.985961  -0.059042
351.005960  -0.059032
351.025959  -0.059032
351.045958  -0.058971
351.065957  -0.058940
351.085957  -0.058950
351.105956  -0.058950
351.125955  -0.058910
351.145954  -0.058889
351.165953  -0.058869
351.185953  -0.058828
351.205952  -0.058838
351.225951  -0.058808
351.245950  -0.058787
351.265949  -0.058767
351.285949  -0.058736
351.305948  -0.058767
351.325947  -0.058726
351.345946  -0.058695
351.365945  -0.058665
351.385945  -0.058695
351.405944  -0.058675
351.425943  -0.058644
351.445942  -0.058583
351.465941  -0.058573
351.485941  -0.058573
351.505940  -0.058583
351.525939  -0.058573
351.545938  -0.058481
351.565937  -0.058491
351.585937  -0.058481
351.605936  -0.058471
351.625935  -0.058450
351.645934  -0.058399
351.665933  -0.058389
351.685933  -0.058369
351.705932  -0.058348
351.725931  -0.058379
351.745930  -0.058359
351.765929  -0.058318
351.785929  -0.058277
351.805928  -0.058267
351.825927  -0.058287
351.845926  -0.058277
351.865925  -0.058236
351.885925  -0.058216
351.905924  -0.058236
351.925923  -0.058206
351.945922  -0.058195
351.965921  -0.058185
351.985921  -0.058195
352.005920  -0.058155
352.025919  -0.058114
352.045918  -0.058134
352.065917  -0.058134
352.085917  -0.058093
352.105916  -0.058083
352.125915  -0.058083
352.145914  -0.058053
352.165913  -0.058022
352.185913  -0.058022
352.205912  -0.058001
352.225911  -0.058053
352.245910  -0.058001
352.265909  -0.057981
352.285909  -0.058001
352.305908  -0.057981
352.325907  -0.057981
352.345906  -0.057991
352.365905  -0.057981
352.385905  -0.057930
352.405904  -0.057930
352.425903  -0.057889
352.445902  -0.057930
352.465901  -0.057930
352.485901  -0.057910
352.505900  -0.057879
352.525899  -0.057889
352.545898  -0.057889
352.565897  -0.057859
352.585897  -0.057848
352.605896  -0.057859
352.625895  -0.057859
352.645894  -0.057828
352.665893  -0.057838
352.685893  -0.057808
352.705892  -0.057808
352.725891  -0.057818
352.745890  -0.057797
352.765889  -0.057777
352.785889  -0.057808
352.805888  -0.057777
352.825887  -0.057746
352.845886  -0.057746
352.865885  -0.057757
352.885885  -0.057767
352.905884  -0.057716
352.925883  -0.057777
352.945882  -0.057746
352.965881  -0.057726
352.985881  -0.057736
353.005880  -0.057736
353.025879  -0.057746
353.045878  -0.057695
353.065877  -0.057706
353.085877  -0.057716
353.105876  -0.057736
353.125875  -0.057685
353.145874  -0.057695
353.165873  -0.057695
353.185873  -0.057695
353.205872  -0.057706
353.225871  -0.057675
353.245870  -0.057665
353.265869  -0.057644
353.285869  -0.057655
353.305868  -0.057685
353.325867  -0.057665
353.345866  -0.057655
353.365865  -0.057665
353.385865  -0.057655
353.405864  -0.057665
353.425863  -0.057634
353.445862  -0.057644
353.465861  -0.057655
353.485861  -0.057644
353.505860  -0.057644
353.525859  -0.057604
353.545858  -0.057634
353.565857  -0.057644
353.585857  -0.057634
353.605856  -0.057614
353.625855  -0.057644
353.645854  -0.057604
353.665853  -0.057624
353.685853  -0.057604
353.705852  -0.057593
353.725851  -0.057593
353.745850  -0.057604
353.765849  -0.057604
353.785849  -0.057593
353.805848  -0.057593
353.825847  -0.057563
353.845846  -0.057604
353.865845  -0.057573
353.885845  -0.057593
353.905844  -0.057573
353.925843  -0.057583
353.945842  -0.057563
353.965841  -0.057573
353.985841  -0.057573
354.005840  -0.057573
354.025839  -0.057583
354.045838  -0.057573
354.065837  -0.057542
354.085837  -0.057563
354.105836  -0.057563
354.125835  -0.057512
354.145834  -0.057553
354.165833  -0.057522
354.185833  -0.057563
354.205832  -0.057522
354.225831  -0.057522
354.245830  -0.057512
354.265829  -0.057532
354.285829  -0.057502
354.305828  -0.057491
354.325827  -0.057471
354.345826  -0.057512
354.365825  -0.057471
354.385825  -0.057491
354.405824  -0.057491
354.425823  -0.057512
354.445822  -0.057491
354.465821  -0.057481
354.485821  -0.057481
354.505820  -0.057481
354.525819  -0.057512
354.545818  -0.057461
354.565817  -0.057481
354.585817  -0.057491
354.605816  -0.057491
354.625815  -0.057481
354.645814  -0.057440
354.665813  -0.057481
354.685813  -0.057471
354.705812  -0.057461
354.725811  -0.057450
354.745810  -0.057461
354.765809  -0.057471
354.785809  -0.057450
354.805808  -0.057461
354.825807  -0.057450
354.845806  -0.057430
354.865805  -0.057450
354.885805  -0.057440
354.905804  -0.057471
354.925803  -0.057440
354.945802  -0.057450
354.965801  -0.057471
354.985801  -0.057450
355.005800  -0.057420
355.025799  -0.057440
355.045798  -0.057430
355.065797  -0.057440
355.085797  -0.057461
355.105796  -0.057410
355.125795  -0.057410
355.145794  -0.057430
355.165793  -0.057430
355.185793  -0.057410
355.205792  -0.057420
355.225791  -0.057420
355.245790  -0.057430
355.265789  -0.057430
355.285789  -0.057430
355.305788  -0.057420
355.325787  -0.057410
355.345786  -0.057410
355.365785  -0.057410
355.385785  -0.057420
355.405784  -0.057440
355.425783  -0.057410
355.445782  -0.057399
355.465781  -0.057450
355.485781  -0.057410
355.505780  -0.057420
355.525779  -0.057420
355.545778  -0.057440
355.565777  -0.057430
355.585777  -0.057430
355.605776  -0.057410
355.625775  -0.057430
355.645774  -0.057420
355.665773  -0.057399
355.685773  -0.057410
355.705772  -0.057430
355.725771  -0.057420
355.745770  -0.057420
355.765769  -0.057420
355.785769  -0.057399
355.805768  -0.057399
355.825767  -0.057399
355.845766  -0.057420
355.865765  -0.057410
355.885765  -0.057410
355.905764  -0.057389
355.925763  -0.057389
355.945762  -0.057399
355.965761  -0.057420
355.985761  -0.057399
356.005760  -0.057389
356.025759  -0.057440
356.045758  -0.057389
356.065757  -0.057399
356.085757  -0.057410
356.105756  -0.057420
356.125755  -0.057420
356.145754  -0.057399
356.165753  -0.057420
356.185753  -0.057420
356.205752  -0.057440
356.225751  -0.057440
356.245750  -0.057430
356.265749  -0.057461
356.285749  -0.057461
356.305748  -0.057440
356.325747  -0.057430
356.345746  -0.057461
356.365745  -0.057481
356.385745  -0.057491
356.405744  -0.057461
356.425743  -0.057491
356.445742  -0.057502
356.465741  -0.057481
356.485741  -0.057502
356.505740  -0.057461
356.525739  -0.057512
356.545738  -0.057522
356.565737  -0.057532
356.585737  -0.057532
356.605736  -0.057522
356.625735  -0.057522
356.645734  -0.057563
356.665733  -0.057563
356.685733  -0.057563
356.705732  -0.057553
356.725731  -0.057532
356.745730  -0.057573
356.765729  -0.057614
356.785729  -0.057553
356.805728  -0.057573
356.825727  -0.057604
356.845726  -0.057614
356.865725  -0.057593
356.885725  -0.057583
356.905724  -0.057593
356.925723  -0.057644
356.945722  -0.057604
356.965721  -0.057624
356.985721  -0.057644
357.005720  -0.057604
357.025719  -0.057655
357.045718  -0.057624
357.065717  -0.057655
357.085717  -0.057644
357.105716  -0.057665
357.125715  -0.057655
357.145714  -0.057665
357.165713  -0.057665
357.185713  -0.057685
357.205712  -0.057675
357.225711  -0.057695
357.245710  -0.057685
357.265709  -0.057695
357.285709  -0.057706
357.305708  -0.057716
357.325707  -0.057716
357.345706  -0.057736
357.365705  -0.057716
357.385705  -0.057736
357.405704  -0.057736
357.425703  -0.057746
357.445702  -0.057746
357.465701  -0.057746
357.485701  -0.057736
357.505700  -0.057726
357.525699  -0.057746
357.545698  -0.057736
357.565697  -0.057757
357.585697  -0.057767
357.605696  -0.057808
357.625695  -0.057787
357.645694  -0.057777
357.665693  -0.057818
357.685693  -0.057777
357.705692  -0.057828
357.725691  -0.057838
357.745690  -0.057828
357.765689  -0.057848
357.785689  -0.057859
357.805688  -0.057828
357.825687  -0.057838
357.845686  -0.057859
357.865685  -0.057879
357.885685  -0.057889
357.905684  -0.057889
357.925683  -0.057859
357.945682  -0.057879
357.965681  -0.057879
357.985681  -0.057899
358.005680  -0.057910
358.025679  -0.057889
358.045678  -0.057910
358.065677  -0.057899
358.085677  -0.057910
358.105676  -0.057950
358.125675  -0.057930
358.145674  -0.057920
358.165673  -0.057981
358.185673  -0.057961
358.205672  -0.057920
358.225671  -0.057981
358.245670  -0.058001
358.265669  -0.058012
358.285669  -0.057971
358.305668  -0.057971
358.325667  -0.058022
358.345666  -0.058022
358.365665  -0.058001
358.385665  -0.058001
358.405664  -0.058012
358.425663  -0.058022
358.445662  -0.058012
358.465661  -0.058053
358.485661  -0.058022
358.505660  -0.058022
358.525659  -0.058012
358.545658  -0.058073
358.565657  -0.058073
358.585657  -0.058073
358.605656  -0.058073
358.625655  -0.058093
358.645654  -0.058104
358.665653  -0.058104
358.685653  -0.058083
358.705652  -0.058104
358.725651  -0.058134
358.745650  -0.058124
358.765649  -0.058104
358.785649  -0.058124
358.805648  -0.058165
358.825647  -0.058185
358.845646  -0.058134
358.865645  -0.058144
358.885645  -0.058155
358.905644  -0.058155
358.925643  -0.058144
358.945642  -0.058155
358.965641  -0.058185
358.985641  -0.058175
359.005640  -0.058165
359.025639  -0.058185
359.045638  -0.058175
359.065637  -0.058206
359.085637  -0.058175
359.105636  -0.058226
359.125635  -0.058246
359.145634  -0.058206
359.165633  -0.058206
359.185633  -0.058246
359.205632  -0.058226
359.225631  -0.058257
359.245630  -0.058257
359.265629  -0.058257
359.285629  -0.058297
359.305628  -0.058267
359.325627  -0.058297
359.345626  -0.058297
359.365625  -0.058297
359.385625  -0.058297
359.405624  -0.058308
359.425623  -0.058338
359.445622  -0.058348
359.465621  -0.058308
359.485621  -0.058318
359.505620  -0.058348
359.525619  -0.058348
359.545618  -0.058348
359.565617  -0.058338
359.585617  -0.058369
359.605616  -0.058369
359.625615  -0.058359
359.645614  -0.058379
359.665613  -0.058399
359.685613  -0.058399
359.705612  -0.058410
359.725611  -0.058389
359.745610  -0.058379
359.765609  -0.058420
359.785609  -0.058450
359.805608  -0.058410
359.825607  -0.058440
359.845606  -0.058481
359.865605  -0.058471
359.885605  -0.058471
359.905604  -0.058491
359.925603  -0.058542
359.945602  -0.058501
359.965601  -0.058491
359.985601  -0.058481
360.005600  -0.058491
360.025599  -0.058532
360.045598  -0.058501
360.065597  -0.058501
360.085597  -0.058542
360.105596  -0.058573
360.125595  -0.058542
360.145594  -0.058542
360.165593  -0.058553
360.185593  -0.058553
360.205592  -0.058542
360.225591  -0.058593
360.245590  -0.058573
360.265589  -0.058604
360.285589  -0.058583
360.305588  -0.058583
360.325587  -0.058634
360.345586  -0.058624
360.365585  -0.058624
360.385585  -0.058624
360.405584  -0.058655
360.425583  -0.058634
360.445582  -0.058665
360.465581  -0.058675
360.485581  -0.058624
360.505580  -0.058695
360.525579  -0.058665
360.545578  -0.058675
360.565577  -0.058675
360.585577  -0.058675
360.605576  -0.058665
360.625575  -0.058675
360.645574  -0.058726
360.665573  -0.058685
360.685573  -0.058675
360.705572  -0.058716
360.725571  -0.058716
360.745570  -0.058716
360.765569  -0.058716
360.785569  -0.058736
360.805568  -0.058746
360.825567  -0.058736
360.845566  -0.058736
360.865565  -0.058757
360.885565  -0.058767
360.905564  -0.058777
360.925563  -0.058777
360.945562  -0.058787
360.965561  -0.058777
360.985561  -0.058797
361.005560  -0.058797
361.025559  -0.058818
361.045558  -0.058828
361.065557  -0.058777
361.085557  -0.058808
361.105556  -0.058859
361.125555  -0.058828
361.145554  -0.058818
361.165553  -0.058818
361.185553  -0.058818
361.205552  -0.058859
361.225551  -0.058848
361.245550  -0.058838
361.265549  -0.058889
361.285549  -0.058848
361.305548  -0.058910
361.325547  -0.058848
361.345546  -0.058879
361.365545  -0.058920
361.385545  -0.058889
361.405544  -0.058910
361.425543  -0.058920
361.445542  -0.058940
361.465541  -0.058910
361.485541  -0.058920
361.505540  -0.058950
361.525539  -0.058950
361.545538  -0.058940
361.565537  -0.058940
361.585537  -0.058940
361.605536  -0.058961
361.625535  -0.058950
361.645534  -0.058961
361.665533  -0.058950
361.685533  -0.059012
361.705532  -0.059001
361.725531  -0.059001
361.745530  -0.058991
361.765529  -0.058991
361.785529  -0.059022
361.805528  -0.059001
361.825527  -0.059032
361.845526  -0.059042
361.865525  -0.059022
361.885525  -0.059063
361.905524  -0.059093
361.925523  -0.059063
361.945522  -0.059052
361.965521  -0.059063
361.985521  -0.059073
362.005520  -0.059104
362.025519  -0.059083
362.045518  -0.059063
362.065517  -0.059073
362.085517  -0.059093
362.105516  -0.059104
362.125515  -0.059114
362.145514  -0.059124
362.165513  -0.059114
362.185513  -0.059134
362.205512  -0.059144
362.225511  -0.059144
362.245510  -0.059114
362.265509  -0.059144
362.285509  -0.059144
362.305508  -0.059144
362.325507  -0.059134
362.345506  -0.059155
362.365505  -0.059124
362.385505  -0.059165
362.405504  -0.059175
362.425503  -0.059195
362.445502  -0.059195
362.465501  -0.059185
362.485501  -0.059206
362.505500  -0.059216
362.525499  -0.059216
362.545498  -0.059226
362.565497  -0.059216
362.585497  -0.059206
362.605496  -0.059257
362.625495  -0.059246
362.645494  -0.059236
362.665493  -0.059246
362.685493  -0.059236
362.705492  -0.059267
362.725491  -0.059267
362.745490  -0.059246
362.765489  -0.059267
362.785489  -0.059257
362.805488  -0.059236
362.825487  -0.059287
362.845486  -0.059277
362.865485  -0.059287
362.885485  -0.059257
362.905484  -0.059308
362.925483  -0.059297
362.945482  -0.059359
362.965481  -0.059297
362.985481  -0.059328
363.005480  -0.059328
363.025479  -0.059348
363.045478  -0.059318
363.065477  -0.059328
363.085477  -0.059359
363.105476  -0.059399
363.125475  -0.059379
363.145474  -0.059369
363.165473  -0.059389
363.185473  -0.059410
363.205472  -0.059399
363.225471  -0.059410
363.245470  -0.059389
363.265469  -0.059410
363.285469  -0.059410
363.305468  -0.059430
363.325467  -0.059410
363.345466  -0.059430
363.365465  -0.059430
363.385465  -0.059450
363.405464  -0.059461
363.425463  -0.059440
363.445462  -0.059491
363.465461  -0.059481
363.485461  -0.059471
363.505460  -0.059491
363.525459  -0.059481
363.545458  -0.059512
363.565457  -0.059481
363.585457  -0.059552
363.605456  -0.059512
363.625455  -0.059512
363.645454  -0.059522
363.665453  -0.059542
363.685453  -0.059542
363.705452  -0.059563
363.725451  -0.059573
363.745450  -0.059583
363.765449  -0.059552
363.785449  -0.059542
363.805448  -0.059563
363.825447  -0.059583
363.845446  -0.059593
363.865445  -0.059563
363.885445  -0.059603
363.905444  -0.059624
363.925443  -0.059573
363.945442  -0.059603
363.965441  -0.059624
363.985441  -0.059614
364.005440  -0.059644
364.025439  -0.059634
364.045438  -0.059675
364.065437  -0.059695
364.085437  -0.059665
364.105436  -0.059675
364.125435  -0.059655
364.145434  -0.059685
364.165433  -0.059685
364.185433  -0.059706
364.205432  -0.059695
364.225431  -0.059685
364.245430  -0.059736
364.265429  -0.059726
364.285429  -0.059716
364.305428  -0.059716
364.325427  -0.059706
364.345426  -0.059736
364.365425  -0.059767
364.385425  -0.059757
364.405424  -0.059736
364.425423  -0.059726
364.445422  -0.059757
364.465421  -0.059767
364.485421  -0.059797
364.505420  -0.059797
364.525419  -0.059818
364.545418  -0.059797
364.565417  -0.059797
364.585417  -0.059808
364.605416  -0.059818
364.625415  -0.059859
364.645414  -0.059818
364.665413  -0.059808
364.685413  -0.059859
364.705412  -0.059838
364.725411  -0.059818
364.745410  -0.059869
364.765409  -0.059828
364.785409  -0.059879
364.805408  -0.059869
364.825407  -0.059838
364.845406  -0.059889
364.865405  -0.059879
364.885405  -0.059879
364.905404  -0.059879
364.925403  -0.059879
364.945402  -0.059889
364.965401  -0.059920
364.985401  -0.059910
365.005400  -0.059899
365.025399  -0.059940
365.045398  -0.059940
365.065397  -0.060012
365.085397  -0.059981
365.105396  -0.059961
365.125395  -0.059961
365.145394  -0.060012
365.165393  -0.060012
365.185393  -0.060022
365.205392  -0.060001
365.225391  -0.060001
365.245390  -0.060022
365.265389  -0.060022
365.285389  -0.059981
365.305388  -0.060001
365.325387  -0.060052
365.345386  -0.060001
365.365385  -0.060042
365.385385  -0.060063
365.405384  -0.060052
365.425383  -0.060063
365.445382  -0.060083
365.465381  -0.060093
365.485381  -0.060083
365.505380  -0.060073
365.525379  -0.060103
365.545378  -0.060083
365.565377  -0.060103
365.585377  -0.060093
365.605376  -0.060155
365.625375  -0.060144
365.645374  -0.060175
365.665373  -0.060155
365.685373  -0.060144
365.705372  -0.060155
365.725371  -0.060165
365.745370  -0.060134
365.765369  -0.060165
365.785369  -0.060185
365.805368  -0.060195
365.825367  -0.060175
365.845366  -0.060185
365.865365  -0.060195
365.885365  -0.060206
365.905364  -0.060216
365.925363  -0.060175
365.945362  -0.060206
365.965361  -0.060226
365.985361  -0.060226
366.005360  -0.060226
366.025359  -0.060236
366.045358  -0.060226
366.065357  -0.060257
366.085357  -0.060267
366.105356  -0.060257
366.125355  -0.060277
366.145354  -0.060287
366.165353  -0.060267
366.185353  -0.060287
366.205352  -0.060297
366.225351  -0.060308
366.245350  -0.060318
366.265349  -0.060308
366.285349  -0.060328
366.305348  -0.060308
366.325347  -0.060328
366.345346  -0.060328
366.365345  -0.060308
366.385345  -0.060318
366.405344  -0.060328
366.425343  -0.060359
366.445342  -0.060359
366.465341  -0.060338
366.485341  -0.060318
366.505340  -0.060369
366.525339  -0.060369
366.545338  -0.060379
366.565337  -0.060359
366.585337  -0.060410
366.605336  -0.060389
366.625335  -0.060389
366.645334  -0.060410
366.665333  -0.060420
366.685333  -0.060410
366.705332  -0.060420
366.725331  -0.060420
366.745330  -0.060440
366.765329  -0.060420
366.785329  -0.060420
366.805328  -0.060410
366.825327  -0.060450
366.845326  -0.060450
366.865325  -0.060430
366.885325  -0.060450
366.905324  -0.060461
366.925323  -0.060471
366.945322  -0.060461
366.965321  -0.060491
366.985321  -0.060481
367.005320  -0.060461
367.025319  -0.060491
367.045318  -0.060450
367.065317  -0.060501
367.085317  -0.060512
367.105316  -0.060512
367.125315  -0.060512
367.145314  -0.060532
367.165313  -0.060512
367.185313  -0.060542
367.205312  -0.060512
367.225311  -0.060532
367.245310  -0.060542
367.265309  -0.060542
367.285309  -0.060552
367.305308  -0.060563
367.325307  -0.060542
367.345306  -0.060542
367.365305  -0.060573
367.385305  -0.060552
367.405304  -0.060603
367.425303  -0.060573
367.445302  -0.060542
367.465301  -0.060603
367.485301  -0.060573
367.505300  -0.060573
367.525299  -0.060593
367.545298  -0.060593
367.565297  -0.060593
367.585297  -0.060603
367.605296  -0.060603
367.625295  -0.060644
367.645294  -0.060603
367.665293  -0.060624
367.685293  -0.060614
367.705292  -0.060665
367.725291  -0.060634
367.745290  -0.060654
367.765289  -0.060654
367.785289  -0.060654
367.805288  -0.060665
367.825287  -0.060665
367.845286  -0.060665
367.865285  -0.060675
367.885285  -0.060685
367.905284  -0.060695
367.925283  -0.060685
367.945282  -0.060716
367.965281  -0.060695
367.985281  -0.060716
368.005280  -0.060706
368.025279  -0.060736
368.045278  -0.060716
368.065277  -0.060706
368.085277  -0.060716
368.105276  -0.060746
368.125275  -0.060746
368.145274  -0.060736
368.165273  -0.060716
368.185273  -0.060767
368.205272  -0.060777
368.225271  -0.060757
368.245270  -0.060787
368.265269  -0.060787
368.285269  -0.060767
368.305268  -0.060808
368.325267  -0.060797
368.345266  -0.060818
368.365265  -0.060808
368.385265  -0.060808
368.405264  -0.060828
368.425263  -0.060818
368.445262  -0.060797
368.465261  -0.060787
368.485261  -0.060828
368.505260  -0.060848
368.525259  -0.060848
368.545258  -0.060828
368.565257  -0.060869
368.585257  -0.060910
368.605256  -0.060889
368.625255  -0.060879
368.645254  -0.060930
368.665253  -0.060889
368.685253  -0.060899
368.705252  -0.060910
368.725251  -0.060930
368.745250  -0.060950
368.765249  -0.060920
368.785249  -0.060940
368.805248  -0.060950
368.825247  -0.060961
368.845246  -0.060971
368.865245  -0.060950
368.885245  -0.060971
368.905244  -0.061001
368.925243  -0.060961
368.945242  -0.060981
368.965241  -0.060981
368.985241  -0.060991
369.005240  -0.061001
369.025239  -0.061001
369.045238  -0.061022
369.065237  -0.061022
369.085237  -0.061022
369.105236  -0.060991
369.125235  -0.061022
369.145234  -0.061052
369.165233  -0.061022
369.185233  -0.061032
369.205232  -0.061083
369.225231  -0.061063
369.245230  -0.061052
369.265229  -0.061073
369.285229  -0.061093
369.305228  -0.061124
369.325227  -0.061093
369.345226  -0.061103
369.365225  -0.061093
369.385225  -0.061114
369.405224  -0.061103
369.425223  -0.061144
369.445222  -0.061134
369.465221  -0.061134
369.485221  -0.061144
369.505220  -0.061154
369.525219  -0.061175
369.545218  -0.061134
369.565217  -0.061144
369.585217  -0.061103
369.605216  -0.061175
369.625215  -0.061165
369.645214  -0.061134
369.665213  -0.061154
369.685213  -0.061195
369.705212  -0.061185
369.725211  -0.061226
369.745210  -0.061185
369.765209  -0.061236
369.785209  -0.061246
369.805208  -0.061226
369.825207  -0.061257
369.845206  -0.061226
369.865205  -0.061226
369.885205  -0.061246
369.905204  -0.061257
369.925203  -0.061257
369.945202  -0.061267
369.965201  -0.061257
369.985201  -0.061287
370.005200  -0.061287
370.025199  -0.061297
370.045198  -0.061308
370.065197  -0.061287
370.085197  -0.061328
370.105196  -0.061257
370.125195  -0.061297
370.145194  -0.061287
370.165193  -0.061338
370.185193  -0.061308
370.205192  -0.061308
370.225191  -0.061297
370.245190  -0.061338
370.265189  -0.061348
370.285189  -0.061328
370.305188  -0.061369
370.325187  -0.061359
370.345186  -0.061359
370.365185  -0.061379
370.385185  -0.061379
370.405184  -0.061410
370.425183  -0.061389
370.445182  -0.061389
370.465181  -0.061379
370.485181  -0.061399
370.505180  -0.061420
370.525179  -0.061420
370.545178  -0.061410
370.565177  -0.061410
370.585177  -0.061420
370.605176  -0.061399
370.625175  -0.061420
370.645174  -0.061420
370.665173  -0.061399
370.685173  -0.061399
370.705172  -0.061440
370.725171  -0.061450
370.745170  -0.061430
370.765169  -0.061481
370.785169  -0.061450
370.805168  -0.061481
370.825167  -0.061532
370.845166  -0.061471
370.865165  -0.061491
370.885165  -0.061501
370.905164  -0.061481
370.925163  -0.061542
370.945162  -0.061522
370.965161  -0.061501
370.985161  -0.061501
371.005160  -0.061512
371.025159  -0.061522
371.045158  -0.061532
371.065157  -0.061522
371.085157  -0.061532
371.105156  -0.061532
371.125155  -0.061542
371.145154  -0.061512
371.165153  -0.061532
371.185153  -0.061573
371.205152  -0.061583
371.225151  -0.061563
371.245150  -0.061532
371.265149  -0.061573
371.285149  -0.061603
371.305148  -0.061593
371.325147  -0.061593
371.345146  -0.061593
371.365145  -0.061634
371.385145  -0.061593
371.405144  -0.061614
371.425143  -0.061614
371.445142  -0.061644
371.465141  -0.061634
371.485141  -0.061644
371.505140  -0.061614
371.525139  -0.061644
371.545138  -0.061644
371.565137  -0.061644
371.585137  -0.061644
371.605136  -0.061644
371.625135  -0.061634
371.645134  -0.061654
371.665133  -0.061614
371.685133  -0.061665
371.705132  -0.061665
371.725131  -0.061654
371.745130  -0.061675
371.765129  -0.061675
371.785129  -0.061675
371.805128  -0.061695
371.825127  -0.061716
371.845126  -0.061736
371.865125  -0.061695
371.885125  -0.061726
371.905124  -0.061705
371.925123  -0.061756
371.945122  -0.061716
371.965121  -0.061756
371.985121  -0.061736
372.005120  -0.061767
372.025119  -0.061736
372.045118  -0.061736
372.065117  -0.061767
372.085117  -0.061736
372.105116  -0.061777
372.125115  -0.061797
372.145114  -0.061808
372.165113  -0.061808
372.185113  -0.061808
372.205112  -0.061797
372.225111  -0.061808
372.245110  -0.061808
372.265109  -0.061808
372.285109  -0.061808
372.305108  -0.061889
372.325107  -0.061848
372.345106  -0.061869
372.365105  -0.061859
372.385105  -0.061869
372.405104  -0.061889
372.425103  -0.061899
372.445102  -0.061920
372.465101  -0.061910
372.485101  -0.061920
372.505100  -0.061920
372.525099  -0.061930
372.545098  -0.061981
372.565097  -0.061981
372.585097  -0.061940
372.605096  -0.061981
372.625095  -0.061981
372.645094  -0.062012
372.665093  -0.061981
372.685093  -0.062001
372.705092  -0.062012
372.725091  -0.062042
372.745090  -0.062012
372.765089  -0.062012
372.785089  -0.062042
372.805088  -0.062052
372.825087  -0.062052
372.845086  -0.062063
372.865085  -0.062093
372.885085  -0.062093
372.905084  -0.062093
372.925083  -0.062114
372.945082  -0.062134
372.965081  -0.062103
372.985081  -0.062114
373.005080  -0.062134
373.025079  -0.062165
373.045078  -0.062144
373.065077  -0.062124
373.085077  -0.062154
373.105076  -0.062154
373.125075  -0.062175
373.145074  -0.062195
373.165073  -0.062175
373.185073  -0.062205
373.205072  -0.062195
373.225071  -0.062216
373.245070  -0.062185
373.265069  -0.062246
373.285069  -0.062226
373.305068  -0.062226
373.325067  -0.062246
373.345066  -0.062256
373.365065  -0.062256
373.385065  -0.062287
373.405064  -0.062226
373.425063  -0.062318
373.445062  -0.062287
373.465061  -0.062308
373.485061  -0.062287
373.505060  -0.062338
373.525059  -0.062318
373.545058  -0.062328
373.565057  -0.062308
373.585057  -0.062348
373.605056  -0.062379
373.625055  -0.062389
373.645054  -0.062379
373.665053  -0.062379
373.685053  -0.062359
373.705052  -0.062389
373.725051  -0.062399
373.745050  -0.062389
373.765049  -0.062379
373.785049  -0.062369
373.805048  -0.062389
373.825047  -0.062420
373.845046  -0.062399
373.865045  -0.062410
373.885045  -0.062450
373.905044  -0.062420
373.925043  -0.062430
373.945042  -0.062430
373.965041  -0.062471
373.985041  -0.062461
374.005040  -0.062450
374.025039  -0.062471
374.045038  -0.062501
374.065037  -0.062491
374.085037  -0.062491
374.105036  -0.062471
374.125035  -0.062501
374.145034  -0.062522
374.165033  -0.062512
374.185033  -0.062532
374.205032  -0.062542
374.225031  -0.062542
374.245030  -0.062522
374.265029  -0.062501
374.285029  -0.062552
374.305028  -0.062532
374.325027  -0.062552
374.345026  -0.062542
374.365025  -0.062552
374.385025  -0.062583
374.405024  -0.062563
374.425023  -0.062563
374.445022  -0.062573
374.465021  -0.062583
374.485021  -0.062593
374.505020  -0.062614
374.525019  -0.062583
374.545018  -0.062603
374.565017  -0.062603
374.585017  -0.062614
374.605016  -0.062624
374.625015  -0.062644
374.645014  -0.062614
374.665013  -0.062644
374.685013  -0.062644
374.705012  -0.062654
374.725011  -0.062665
374.745010  -0.062654
374.765009  -0.062654
374.785009  -0.062675
374.805008  -0.062654
374.825007  -0.062644
374.845006  -0.062675
374.865005  -0.062665
374.885005  -0.062716
374.905004  -0.062665
374.925003  -0.062675
374.945002  -0.062726
374.965001  -0.062716
374.985001  -0.062705
375.005000  -0.062746
375.024999  -0.062736
375.044998  -0.062716
375.064997  -0.062716
375.084997  -0.062756
375.104996  -0.062767
375.124995  -0.062746
375.144994  -0.062736
375.164993  -0.062746
375.184993  -0.062736
375.204992  -0.062756
375.224991  -0.062756
375.244990  -0.062787
375.264989  -0.062777
375.284989  -0.062787
375.304988  -0.062777
375.324987  -0.062746
375.344986  -0.062828
375.364985  -0.062746
375.384985  -0.062807
375.404984  -0.062828
375.424983  -0.062807
375.444982  -0.062818
375.464981  -0.062818
375.484981  -0.062828
375.504980  -0.062869
375.524979  -0.062807
375.544978  -0.062848
375.564977  -0.062859
375.584977  -0.062869
375.604976  -0.062859
375.624975  -0.062838
375.644974  -0.062889
375.664973  -0.062869
375.684973  -0.062869
375.704972  -0.062879
375.724971  -0.062889
375.744970  -0.062869
375.764969  -0.062859
375.784969  -0.062879
375.804968  -0.062899
375.824967  -0.062910
375.844966  -0.062899
375.864965  -0.062920
375.884965  -0.062930
375.904964  -0.062879
375.924963  -0.062899
375.944962  -0.062940
375.964961  -0.062950
375.984961  -0.062920
376.004960  -0.062920
376.024959  -0.062950
376.044958  -0.062961
376.064957  -0.062910
376.084957  -0.062950
376.104956  -0.062981
376.124955  -0.062961
376.144954  -0.062961
376.164953  -0.062981
376.184953  -0.062981
376.204952  -0.062981
376.224951  -0.062991
376.244950  -0.062981
376.264949  -0.063022
376.284949  -0.062991
376.304948  -0.063032
376.324947  -0.062981
376.344946  -0.063022
376.364945  -0.063001
376.384945  -0.063022
376.404944  -0.063012
376.424943  -0.063012
376.444942  -0.063022
376.464941  -0.063022
376.484941  -0.063032
376.504940  -0.063052
376.524939  -0.063042
376.544938  -0.063063
376.564937  -0.063052
376.584937  -0.063063
376.604936  -0.063052
376.624935  -0.063052
376.644934  -0.063083
376.664933  -0.063073
376.684933  -0.063124
376.704932  -0.063114
376.724931  -0.063114
376.744930  -0.063093
376.764929  -0.063144
376.784929  -0.063124
376.804928  -0.063103
376.824927  -0.063103
376.844926  -0.063093
376.864925  -0.063114
376.884925  -0.063093
376.904924  -0.063124
376.924923  -0.063154
376.944922  -0.063134
376.964921  -0.063134
376.984921  -0.063165
377.004920  -0.063165
377.024919  -0.063165
377.044918  -0.063185
377.064917  -0.063165
377.084917  -0.063165
377.104916  -0.063144
377.124915  -0.063154
377.144914  -0.063165
377.164913  -0.063205
377.184913  -0.063236
377.204912  -0.063216
377.224911  -0.063216
377.244910  -0.063246
377.264909  -0.063195
377.284909  -0.063236
377.304908  -0.063216
377.324907  -0.063256
377.344906  -0.063226
377.364905  -0.063216
377.384905  -0.063236
377.404904  -0.063246
377.424903  -0.063246
377.444902  -0.063246
377.464901  -0.063236
377.484901  -0.063256
377.504900  -0.063256
377.524899  -0.063267
377.544898  -0.063287
377.564897  -0.063287
377.584897  -0.063277
377.604896  -0.063277
377.624895  -0.063307
377.644894  -0.063307
377.664893  -0.063287
377.684893  -0.063318
377.704892  -0.063328
377.724891  -0.063338
377.744890  -0.063328
377.764889  -0.063307
377.784889  -0.063328
377.804888  -0.063369
377.824887  -0.063297
377.844886  -0.063318
377.864885  -0.063338
377.884885  -0.063358
377.904884  -0.063369
377.924883  -0.063338
377.944882  -0.063369
377.964881  -0.063379
377.984881  -0.063358
378.004880  -0.063379
378.024879  -0.063358
378.044878  -0.063358
378.064877  -0.063389
378.084877  -0.063379
378.104876  -0.063399
378.124875  -0.063369
378.144874  -0.063389
378.164873  -0.063369
378.184873  -0.063440
378.204872  -0.063399
378.224871  -0.063420
378.244870  -0.063440
378.264869  -0.063399
378.284869  -0.063461
378.304868  -0.063430
378.324867  -0.063420
378.344866  -0.063450
378.364865  -0.063471
378.384865  -0.063440
378.404864  -0.063450
378.424863  -0.063461
378.444862  -0.063461
378.464861  -0.063450
378.484861  -0.063461
378.504860  -0.063471
378.524859  -0.063471
378.544858  -0.063471
378.564857  -0.063461
378.584857  -0.063481
378.604856  -0.063481
378.624855  -0.063471
378.644854  -0.063471
378.664853  -0.063512
378.684853  -0.063512
378.704852  -0.063512
378.724851  -0.063522
378.744850  -0.063522
378.764849  -0.063522
378.784849  -0.063512
378.804848  -0.063522
378.824847  -0.063501
378.844846  -0.063542
378.864845  -0.063512
378.884845  -0.063542
378.904844  -0.063552
378.924843  -0.063552
378.944842  -0.063542
378.964841  -0.063542
378.984841  -0.063552
379.004840  -0.063563
379.024839  -0.063573
379.044838  -0.063563
379.064837  -0.063532
379.084837  -0.063563
379.104836  -0.063552
379.124835  -0.063563
379.144834  -0.063532
379.164833  -0.063593
379.184833  -0.063573
379.204832  -0.063603
379.224831  -0.063563
379.244830  -0.063593
379.264829  -0.063614
379.284829  -0.063573
379.304828  -0.063624
379.324827  -0.063603
379.344826  -0.063614
379.364825  -0.063593
379.384825  -0.063644
379.404824  -0.063614
379.424823  -0.063583
379.444822  -0.063593
379.464821  -0.063603
379.484821  -0.063593
379.504820  -0.063624
379.524819  -0.063593
379.544818  -0.063634
379.564817  -0.063624
379.584817  -0.063603
379.604816  -0.063634
379.624815  -0.063685
379.644814  -0.063634
379.664813  -0.063603
379.684813  -0.063665
379.704812  -0.063654
379.724811  -0.063624
379.744810  -0.063644
379.764809  -0.063665
379.784809  -0.063685
379.804808  -0.063644
379.824807  -0.063634
379.844806  -0.063675
379.864805  -0.063695
379.884805  -0.063675
379.904804  -0.063675
379.924803  -0.063675
379.944802  -0.063665
379.964801  -0.063685
379.984801  -0.063685
380.004800  -0.063685
380.024799  -0.063665
380.044798  -0.063695
380.064797  -0.063675
380.084797  -0.063695
380.104796  -0.063716
380.124795  -0.063675
380.144794  -0.063695
380.164793  -0.063726
380.184793  -0.063705
380.204792  -0.063726
380.224791  -0.063716
380.244790  -0.063726
380.264789  -0.063736
380.284789  -0.063756
380.304788  -0.063726
380.324787  -0.063726
380.344786  -0.063756
380.364785  -0.063736
380.384785  -0.063767
380.404784  -0.063756
380.424783  -0.063736
380.444782  -0.063736
380.464781  -0.063767
380.484781  -0.063756
380.504780  -0.063767
380.524779  -0.063726
380.544778  -0.063767
380.564777  -0.063777
380.584777  -0.063787
380.604776  -0.063767
380.624775  -0.063756
380.644774  -0.063797
380.664773  -0.063736
380.684773  -0.063777
380.704772  -0.063756
380.724771  -0.063807
380.744770  -0.063777
380.764769  -0.063787
380.784769  -0.063818
380.804768  -0.063838
380.824767  -0.063797
380.844766  -0.063797
380.864765  -0.063818
380.884765  -0.063838
380.904764  -0.063838
380.924763  -0.063848
380.944762  -0.063838
380.964761  -0.063838
380.984761  -0.063858
381.004760  -0.063828
381.024759  -0.063818
381.044758  -0.063858
381.064757  -0.063818
381.084757  -0.063848
381.104756  -0.063838
381.124755  -0.063858
381.144754  -0.063858
381.164753  -0.063807
381.184753  -0.063858
381.204752  -0.063879
381.224751  -0.063889
381.244750  -0.063858
381.264749  -0.063889
381.284749  -0.063869
381.304748  -0.063869
381.324747  -0.063899
381.344746  -0.063879
381.364745  -0.063909
381.384745  -0.063879
381.404744  -0.063899
381.424743  -0.063879
381.444742  -0.063889
381.464741  -0.063909
381.484741  -0.063909
381.504740  -0.063889
381.524739  -0.063920
381.544738  -0.063909
381.564737  -0.063889
381.584737  -0.063920
381.604736  -0.063930
381.624735  -0.063920
381.644734  -0.063909
381.664733  -0.063950
381.684733  -0.063899
381.704732  -0.063920
381.724731  -0.063930
381.744730  -0.063940
381.764729  -0.063961
381.784729  -0.063940
381.804728  -0.063940
381.824727  -0.063981
381.844726  -0.063981
381.864725  -0.063950
381.884725  -0.063981
381.904724  -0.063950
381.924723  -0.064001
381.944722  -0.064012
381.964721  -0.064001
381.984721  -0.063961
382.004720  -0.063981
382.024719  -0.063981
382.044718  -0.064001
382.064717  -0.064012
382.084717  -0.064032
382.104716  -0.064001
382.124715  -0.063981
382.144714  -0.064012
382.164713  -0.063991
382.184713  -0.064001
382.204712  -0.064022
382.224711  -0.064042
382.244710  -0.064022
382.264709  -0.064032
382.284709  -0.064052
382.304708  -0.064063
382.324707  -0.064042
382.344706  -0.064052
382.364705  -0.064073
382.384705  -0.064073
382.404704  -0.064083
382.424703  -0.064042
382.444702  -0.064083
382.464701  -0.064083
382.484701  -0.064093
382.504700  -0.064063
382.524699  -0.064083
382.544698  -0.064073
382.564697  -0.064134
382.584697  -0.064083
382.604696  -0.064093
382.624695  -0.064093
382.644694  -0.064093
382.664693  -0.064093
382.684693  -0.064134
382.704692  -0.064114
382.724691  -0.064124
382.744690  -0.064124
382.764689  -0.064114
382.784689  -0.064165
382.804688  -0.064144
382.824687  -0.064154
382.844686  -0.064185
382.864685  -0.064165
382.884685  -0.064124
382.904684  -0.064165
382.924683  -0.064144
382.944682  -0.064134
382.964681  -0.064154
382.984681  -0.064185
383.004680  -0.064175
383.024679  -0.064185
383.044678  -0.064144
383.064677  -0.064185
383.084677  -0.064185
383.104676  -0.064165
383.124675  -0.064195
383.144674  -0.064165
383.164673  -0.064175
383.184673  -0.064154
383.204672  -0.064185
383.224671  -0.064165
383.244670  -0.064195
383.264669  -0.064216
383.284669  -0.064226
383.304668  -0.064216
383.324667  -0.064226
383.344666  -0.064216
383.364665  -0.064236
383.384665  -0.064246
383.404664  -0.064236
383.424663  -0.064256
383.444662  -0.064216
383.464661  -0.064246
383.484661  -0.064256
383.504660  -0.064267
383.524659  -0.064226
383.544658  -0.064246
383.564657  -0.064246
383.584657  -0.064277
383.604656  -0.064226
383.624655  -0.064246
383.644654  -0.064267
383.664653  -0.064267
383.684653  -0.064277
383.704652  -0.064267
383.724651  -0.064256
383.744650  -0.064277
383.764649  -0.064297
383.784649  -0.064287
383.804648  -0.064307
383.824647  -0.064307
383.844646  -0.064307
383.864645  -0.064307
383.884645  -0.064318
383.904644  -0.064369
383.924643  -0.064338
383.944642  -0.064277
383.964641  -0.064328
383.984641  -0.064348
384.004640  -0.064328
384.024639  -0.064328
384.044638  -0.064348
384.064637  -0.064348
384.084637  -0.064338
384.104636  -0.064348
384.124635  -0.064348
384.144634  -0.064338
384.164633  -0.064358
384.184633  -0.064379
384.204632  -0.064338
384.224631  -0.064379
384.244630  -0.064358
384.264629  -0.064369
384.284629  -0.064409
384.304628  -0.064389
384.324627  -0.064420
384.344626  -0.064399
384.364625  -0.064450
384.384625  -0.064420
384.404624  -0.064389
384.424623  -0.064389
384.444622  -0.064430
384.464621  -0.064440
384.484621  -0.064430
384.504620  -0.064430
384.524619  -0.064420
384.544618  -0.064440
384.564617  -0.064409
384.584617  -0.064440
384.604616  -0.064471
384.624615  -0.064471
384.644614  -0.064461
384.664613  -0.064450
384.684613  -0.064471
384.704612  -0.064450
384.724611  -0.064450
384.744610  -0.064471
384.764609  -0.064471
384.784609  -0.064450
384.804608  -0.064491
384.824607  -0.064471
384.844606  -0.064491
384.864605  -0.064491
384.884605  -0.064501
384.904604  -0.064542
384.924603  -0.064522
384.944602  -0.064512
384.964601  -0.064501
384.984601  -0.064512
385.004600  -0.064542
385.024599  -0.064512
385.044598  -0.064532
385.064597  -0.064532
385.084597  -0.064542
385.104596  -0.064532
385.124595  -0.064522
385.144594  -0.064532
385.164593  -0.064552
385.184593  -0.064552
385.204592  -0.064532
385.224591  -0.064552
385.244590  -0.064573
385.264589  -0.064563
385.284589  -0.064583
385.304588  -0.064573
385.324587  -0.064552
385.344586  -0.064573
385.364585  -0.064573
385.384585  -0.064614
385.404584  -0.064573
385.424583  -0.064593
385.444582  -0.064593
385.464581  -0.064603
385.484581  -0.064583
385.504580  -0.064583
385.524579  -0.064583
385.544578  -0.064593
385.564577  -0.064603
385.584577  -0.064593
385.604576  -0.064644
385.624575  -0.064583
385.644574  -0.064614
385.664573  -0.064573
385.684573  -0.064614
385.704572  -0.064614
385.724571  -0.064593
385.744570  -0.064624
385.764569  -0.064593
385.784569  -0.064603
385.804568  -0.064603
385.824567  -0.064614
385.844566  -0.064624
385.864565  -0.064665
385.884565  -0.064654
385.904564  -0.064634
385.924563  -0.064634
385.944562  -0.064654
385.964561  -0.064665
385.984561  -0.064644
386.004560  -0.064644
386.024559  -0.064634
386.044558  -0.064654
386.064557  -0.064654
386.084557  -0.064665
386.104556  -0.064675
386.124555  -0.064654
386.144554  -0.064634
386.164553  -0.064685
386.184553  -0.064685
386.204552  -0.064654
386.224551  -0.064644
386.244550  -0.064675
386.264549  -0.064675
386.284549  -0.064695
386.304548  -0.064675
386.324547  -0.064665
386.344546  -0.064685
386.364545  -0.064705
386.384545  -0.064695
386.404544  -0.064705
386.424543  -0.064695
386.444542  -0.064685
386.464541  -0.064736
386.484541  -0.064695
386.504540  -0.064716
386.524539  -0.064705
386.544538  -0.064685
386.564537  -0.064705
386.584537  -0.064716
386.604536  -0.064705
386.624535  -0.064685
386.644534  -0.064716
386.664533  -0.064705
386.684533  -0.064695
386.704532  -0.064716
386.724531  -0.064736
386.744530  -0.064736
386.764529  -0.064705
386.784529  -0.064716
386.804528  -0.064756
386.824527  -0.064716
386.844526  -0.064736
386.864525  -0.064716
386.884525  -0.064736
386.904524  -0.064756
386.924523  -0.064746
386.944522  -0.064736
386.964521  -0.064746
386.984521  -0.064777
387.004520  -0.064756
387.024519  -0.064756
387.044518  -0.064746
387.064517  -0.064756
387.084517  -0.064756
387.104516  -0.064767
387.124515  -0.064746
387.144514  -0.064797
387.164513  -0.064756
387.184513  -0.064726
387.204512  -0.064777
387.224511  -0.064777
387.244510  -0.064756
387.264509  -0.064767
387.284509  -0.064797
387.304508  -0.064787
387.324507  -0.064756
387.344506  -0.064787
387.364505  -0.064797
387.384505  -0.064807
387.404504  -0.064777
387.424503  -0.064818
387.444502  -0.064818
387.464501  -0.064838
387.484501  -0.064818
387.504500  -0.064828
387.524499  -0.064828
387.544498  -0.064818
387.564497  -0.064838
387.584497  -0.064828
387.604496  -0.064858
387.624495  -0.064838
387.644494  -0.064848
387.664493  -0.064848
387.684493  -0.064838
387.704492  -0.064869
387.724491  -0.064818
387.744490  -0.064858
387.764489  -0.064858
387.784489  -0.064858
387.804488  -0.064869
387.824487  -0.064848
387.844486  -0.064889
387.864485  -0.064858
387.884485  -0.064879
387.904484  -0.064899
387.924483  -0.064899
387.944482  -0.064899
387.964481  -0.064899
387.984481  -0.064909
388.004480  -0.064920
388.024479  -0.064960
388.044478  -0.064899
388.064477  -0.064909
388.084477  -0.064940
388.104476  -0.064920
388.124475  -0.064899
388.144474  -0.064940
388.164473  -0.064940
388.184473  -0.064960
388.204472  -0.064950
388.224471  -0.064940
388.244470  -0.064960
388.264469  -0.064960
388.284469  -0.064950
388.304468  -0.064971
388.324467  -0.064960
388.344466  -0.064981
388.364465  -0.064960
388.384465  -0.064981
388.404464  -0.064991
388.424463  -0.064981
388.444462  -0.064971
388.464461  -0.065022
388.484461  -0.065042
388.504460  -0.065022
388.524459  -0.065022
388.544458  -0.065001
388.564457  -0.065042
388.584457  -0.065012
388.604456  -0.065042
388.624455  -0.065032
388.644454  -0.065042
388.664453  -0.065032
388.684453  -0.064991
388.704452  -0.065042
388.724451  -0.065042
388.744450  -0.065063
388.764449  -0.065042
388.784449  -0.065052
388.804448  -0.065052
388.824447  -0.065022
388.844446  -0.065042
388.864445  -0.065063
388.884445  -0.065063
388.904444  -0.065052
388.924443  -0.065063
388.944442  -0.065083
388.964441  -0.065093
388.984441  -0.065103
389.004440  -0.065103
389.024439  -0.065093
389.044438  -0.065093
389.064437  -0.065103
389.084437  -0.065093
389.104436  -0.065124
389.124435  -0.065083
389.144434  -0.065124
389.164433  -0.065134
389.184433  -0.065114
389.204432  -0.065114
389.224431  -0.065103
389.244430  -0.065103
389.264429  -0.065114
389.284429  -0.065124
389.304428  -0.065134
389.324427  -0.065103
389.344426  -0.065134
389.364425  -0.065124
389.384425  -0.065114
389.404424  -0.065114
389.424423  -0.065175
389.444422  -0.065124
389.464421  -0.065134
389.484421  -0.065165
389.504420  -0.065154
389.524419  -0.065154
389.544418  -0.065165
389.564417  -0.065144
389.584417  -0.065205
389.604416  -0.065195
389.624415  -0.065175
389.644414  -0.065154
389.664413  -0.065185
389.684413  -0.065205
389.704412  -0.065165
389.724411  -0.065216
389.744410  -0.065175
389.764409  -0.065195
389.784409  -0.065185
389.804408  -0.065205
389.824407  -0.065226
389.844406  -0.065205
389.864405  -0.065195
389.884405  -0.065195
389.904404  -0.065226
389.924403  -0.065205
389.944402  -0.065226
389.964401  -0.065226
389.984401  -0.065246
390.004400  -0.065236
390.024399  -0.065256
390.044398  -0.065236
390.064397  -0.065226
390.084397  -0.065297
390.104396  -0.065236
390.124395  -0.065267
390.144394  -0.065267
390.164393  -0.065256
390.184393  -0.065246
390.204392  -0.065267
390.224391  -0.065277
390.244390  -0.065267
390.264389  -0.065216
390.284389  -0.065307
390.304388  -0.065267
390.324387  -0.065277
390.344386  -0.065246
390.364385  -0.065277
390.384385  -0.065277
390.404384  -0.065297
390.424383  -0.065318
390.444382  -0.065287
390.464381  -0.065328
390.484381  -0.065338
390.504380  -0.065307
390.524379  -0.065297
390.544378  -0.065338
390.564377  -0.065328
390.584377  -0.065338
390.604376  -0.065328
390.624375  -0.065348
390.644374  -0.065369
390.664373  -0.065338
390.684373  -0.065369
390.704372  -0.065358
390.724371  -0.065338
390.744370  -0.065358
390.764369  -0.065358
390.784369  -0.065389
390.804368  -0.065379
390.824367  -0.065358
390.844366  -0.065369
390.864365  -0.065358
390.884365  -0.065389
390.904364  -0.065399
390.924363  -0.065399
390.944362  -0.065369
390.964361  -0.065389
390.984361  -0.065399
391.004360  -0.065420
391.024359  -0.065430
391.044358  -0.065409
391.064357  -0.065420
391.084357  -0.065409
391.104356  -0.065471
391.124355  -0.065409
391.144354  -0.065430
391.164353  -0.065440
391.184353  -0.065440
391.204352  -0.065430
391.224351  -0.065430
391.244350  -0.065440
391.264349  -0.065430
391.284349  -0.065450
391.304348  -0.065430
391.324347  -0.065440
391.344346  -0.065440
391.364345  -0.065481
391.384345  -0.065440
391.404344  -0.065481
391.424343  -0.065450
391.444342  -0.065450
391.464341  -0.065460
391.484341  -0.065481
391.504340  -0.065460
391.524339  -0.065460
391.544338  -0.065471
391.564337  -0.065460
391.584337  -0.065481
391.604336  -0.065471
391.624335  -0.065471
391.644334  -0.065522
391.664333  -0.065501
391.684333  -0.065491
391.704332  -0.065481
391.724331  -0.065501
391.744330  -0.065491
391.764329  -0.065491
391.784329  -0.065501
391.804328  -0.065522
391.824327  -0.065481
391.844326  -0.065491
391.864325  -0.065522
391.884325  -0.065532
391.904324  -0.065491
391.924323  -0.065491
391.944322  -0.065481
391.964321  -0.065532
391.984321  -0.065522
392.004320  -0.065511
392.024319  -0.065511
392.044318  -0.065563
392.064317  -0.065522
392.084317  -0.065532
392.104316  -0.065563
392.124315  -0.065552
392.144314  -0.065552
392.164313  -0.065532
392.184313  -0.065511
392.204312  -0.065563
392.224311  -0.065552
392.244310  -0.065552
392.264309  -0.065573
392.284309  -0.065563
392.304308  -0.065542
392.324307  -0.065552
392.344306  -0.065563
392.364305  -0.065563
392.384305  -0.065573
392.404304  -0.065563
392.424303  -0.065573
392.444302  -0.065552
392.464301  -0.065593
392.484301  -0.065573
392.504300  -0.065573
392.524299  -0.065573
392.544298  -0.065593
392.564297  -0.065593
392.584297  -0.065634
392.604296  -0.065624
392.624295  -0.065614
392.644294  -0.065603
392.664293  -0.065603
392.684293  -0.065614
392.704292  -0.065634
392.724291  -0.065624
392.744290  -0.065614
392.764289  -0.065624
392.784289  -0.065624
392.804288  -0.065593
392.824287  -0.065624
392.844286  -0.065634
392.864285  -0.065634
392.884285  -0.065614
392.904284  -0.065634
392.924283  -0.065624
392.944282  -0.065644
392.964281  -0.065665
392.984281  -0.065654
393.004280  -0.065654
393.024279  -0.065624
393.044278  -0.065675
393.064277  -0.065644
393.084277  -0.065644
393.104276  -0.065675
393.124275  -0.065685
393.144274  -0.065675
393.164273  -0.065716
393.184273  -0.065675
393.204272  -0.065675
393.224271  -0.065675
393.244270  -0.065705
393.264269  -0.065665
393.284269  -0.065675
393.304268  -0.065695
393.324267  -0.065695
393.344266  -0.065665
393.364265  -0.065675
393.384265  -0.065716
393.404264  -0.065705
393.424263  -0.065675
393.444262  -0.065685
393.464261  -0.065695
393.484261  -0.065716
393.504260  -0.065685
393.524259  -0.065705
393.544258  -0.065726
393.564257  -0.065695
393.584257  -0.065716
393.604256  -0.065716
393.624255  -0.065736
393.644254  -0.065756
393.664253  -0.065746
393.684253  -0.065736
393.704252  -0.065777
393.724251  -0.065716
393.744250  -0.065756
393.764249  -0.065756
393.784249  -0.065736
393.804248  -0.065756
393.824247  -0.065746
393.844246  -0.065756
393.864245  -0.065777
393.884245  -0.065767
393.904244  -0.065736
393.924243  -0.065756
393.944242  -0.065777
393.964241  -0.065756
393.984241  -0.065767
394.004240  -0.065726
394.024239  -0.065746
394.044238  -0.065818
394.064237  -0.065777
394.084237  -0.065807
394.104236  -0.065818
394.124235  -0.065787
394.144234  -0.065767
394.164233  -0.065777
394.184233  -0.065828
394.204232  -0.065818
394.224231  -0.065797
394.244230  -0.065828
394.264229  -0.065807
394.284229  -0.065838
394.304228  -0.065777
394.324227  -0.065807
394.344226  -0.065838
394.364225  -0.065807
394.384225  -0.065828
394.404224  -0.065818
394.424223  -0.065838
394.444222  -0.065818
394.464221  -0.065828
394.484221  -0.065848
394.504220  -0.065848
394.524219  -0.065848
394.544218  -0.065828
394.564217  -0.065858
394.584217  -0.065858
394.604216  -0.065909
394.624215  -0.065858
394.644214  -0.065848
394.664213  -0.065899
394.684213  -0.065838
394.704212  -0.065879
394.724211  -0.065889
394.744210  -0.065858
394.764209  -0.065879
394.784209  -0.065879
394.804208  -0.065899
394.824207  -0.065899
394.844206  -0.065889
394.864205  -0.065889
394.884205  -0.065899
394.904204  -0.065909
394.924203  -0.065909
394.944202  -0.065889
394.964201  -0.065930
394.984201  -0.065920
395.004200  -0.065920
395.024199  -0.065920
395.044198  -0.065940
395.064197  -0.065930
395.084197  -0.065950
395.104196  -0.065940
395.124195  -0.065930
395.144194  -0.065960
395.164193  -0.065940
395.184193  -0.065920
395.204192  -0.065930
395.224191  -0.065940
395.244190  -0.065950
395.264189  -0.065940
395.284189  -0.065950
395.304188  -0.065960
395.324187  -0.065950
395.344186  -0.065960
395.364185  -0.065981
395.384185  -0.065991
395.404184  -0.065981
395.424183  -0.065991
395.444182  -0.066001
395.464181  -0.065991
395.484181  -0.065960
395.504180  -0.065971
395.524179  -0.065960
395.544178  -0.065991
395.564177  -0.065991
395.584177  -0.066011
395.604176  -0.066022
395.624175  -0.066001
395.644174  -0.065991
395.664173  -0.066042
395.684173  -0.066042
395.704172  -0.066032
395.724171  -0.066042
395.744170  -0.065991
395.764169  -0.066032
395.784169  -0.066011
395.804168  -0.066022
395.824167  -0.066001
395.844166  -0.066063
395.864165  -0.066022
395.884165  -0.066042
395.904164  -0.066042
395.924163  -0.066052
395.944162  -0.066022
395.964161  -0.066011
395.984161  -0.066052
396.004160  -0.066083
396.024159  -0.066063
396.044158  -0.066032
396.064157  -0.066042
396.084157  -0.066063
396.104156  -0.066052
396.124155  -0.066032
396.144154  -0.066052
396.164153  -0.066073
396.184153  -0.066052
396.204152  -0.066073
396.224151  -0.066032
396.244150  -0.066052
396.264149  -0.066083
396.284149  -0.066083
396.304148  -0.066032
396.324147  -0.066093
396.344146  -0.066042
396.364145  -0.066042
396.384145  -0.066052
396.404144  -0.066083
396.424143  -0.066032
396.444142  -0.066052
396.464141  -0.066063
396.484141  -0.066073
396.504140  -0.066042
396.524139  -0.066073
396.544138  -0.066103
396.564137  -0.066114
396.584137  -0.066103
396.604136  -0.066063
396.624135  -0.066063
396.644134  -0.066083
396.664133  -0.066103
396.684133  -0.066063
396.704132  -0.066134
396.724131  -0.066134
396.744130  -0.066103
396.764129  -0.066093
396.784129  -0.066083
396.804128  -0.066073
396.824127  -0.066073
396.844126  -0.066083
396.864125  -0.066073
396.884125  -0.066083
396.904124  -0.066124
396.924123  -0.066073
396.944122  -0.066103
396.964121  -0.066124
396.984121  -0.066093
397.004120  -0.066073
397.024119  -0.066134
397.044118  -0.066114
397.064117  -0.066093
397.084117  -0.066124
397.104116  -0.066103
397.124115  -0.066093
397.144114  -0.066114
397.164113  -0.066144
397.184113  -0.066083
397.204112  -0.066103
397.224111  -0.066103
397.244110  -0.066114
397.264109  -0.066114
397.284109  -0.066165
397.304108  -0.066114
397.324107  -0.066124
397.344106  -0.066134
397.364105  -0.066134
397.384105  -0.066114
397.404104  -0.066144
397.424103  -0.066134
397.444102  -0.066114
397.464101  -0.066114
397.484101  -0.066134
397.504100  -0.066144
397.524099  -0.066124
397.544098  -0.066134
397.564097  -0.066103
397.584097  -0.066154
397.604096  -0.066154
397.624095  -0.066134
397.644094  -0.066165
397.664093  -0.066175
397.684093  -0.066195
397.704092  -0.066165
397.724091  -0.066175
397.744090  -0.066216
397.764089  -0.066195
397.784089  -0.066165
397.804088  -0.066205
397.824087  -0.066185
397.844086  -0.066226
397.864085  -0.066185
397.884085  -0.066175
397.904084  -0.066216
397.924083  -0.066195
397.944082  -0.066185
397.964081  -0.066185
397.984081  -0.066205
398.004080  -0.066165
398.024079  -0.066175
398.044078  -0.066185
398.064077  -0.066226
398.084077  -0.066175
398.104076  -0.066216
398.124075  -0.066185
398.144074  -0.066216
398.164073  -0.066205
398.184073  -0.066256
398.204072  -0.066195
398.224071  -0.066267
398.244070  -0.066236
398.264069  -0.066195
398.284069  -0.066205
398.304068  -0.066236
398.324067  -0.066236
398.344066  -0.066195
398.364065  -0.066216
398.384065  -0.066236
398.404064  -0.066226
398.424063  -0.066236
398.444062  -0.066236
398.464061  -0.066246
398.484061  -0.066226
398.504060  -0.066226
398.524059  -0.066236
398.544058  -0.066256
398.564057  -0.066216
398.584057  -0.066236
398.604056  -0.066267
398.624055  -0.066256
398.644054  -0.066287
398.664053  -0.066256
398.684053  -0.066216
398.704052  -0.066226
398.724051  -0.066226
398.744050  -0.066267
398.764049  -0.066287
398.784049  -0.066256
398.804048  -0.066246
398.824047  -0.066277
398.844046  -0.066297
398.864045  -0.066267
398.884045  -0.066246
398.904044  -0.066277
398.924043  -0.066297
398.944042  -0.066256
398.964041  -0.066236
398.984041  -0.066256
399.004040  -0.066246
399.024039  -0.066267
399.044038  -0.066277
399.064037  -0.066236
399.084037  -0.066267
399.104036  -0.066277
399.124035  -0.066226
399.144034  -0.066246
399.164033  -0.066287
399.184033  -0.066267
399.204032  -0.066267
399.224031  -0.066287
399.244030  -0.066287
399.264029  -0.066307
399.284029  -0.066267
399.304028  -0.066246
399.324027  -0.066297
399.344026  -0.066307
399.364025  -0.066287
399.384025  -0.066277
399.404024  -0.066287
399.424023  -0.066307
399.444022  -0.066277
399.464021  -0.066328
399.484021  -0.066318
399.504020  -0.066307
399.524019  -0.066277
399.544018  -0.066277
399.564017  -0.066297
399.584017  -0.066297
399.604016  -0.066277
399.624015  -0.066267
399.644014  -0.066328
399.664013  -0.066287
399.684013  -0.066297
399.704012  -0.066297
399.724011  -0.066318
399.744010  -0.066277
399.764009  -0.066328
399.784009  -0.066297
399.804008  -0.066307
399.824007  -0.066307
399.844006  -0.066307
399.864005  -0.066307
399.884005  -0.066297
399.904004  -0.066297
399.924003  -0.066307
399.944002  -0.066307
399.964001  -0.066318
399.984001  -0.066307
400.004000  -0.066338
400.023999  -0.066287
400.043998  -0.066287
400.063997  -0.066307
400.083997  -0.066297
400.103996  -0.066287
400.123995  -0.066297
400.143994  -0.066338
400.163993  -0.066297
400.183993  -0.066277
400.203992  -0.066287
400.223991  -0.066287
400.243990  -0.066307
400.263989  -0.066318
400.283989  -0.066338
400.303988  -0.066307
400.323987  -0.066277
400.343986  -0.066297
400.363985  -0.066307
400.383985  -0.066297
400.403984  -0.066297
400.423983  -0.066287
400.443982  -0.066338
400.463981  -0.066256
400.483981  -0.066297
400.503980  -0.066297
400.523979  -0.066297
400.543978  -0.066297
400.563977  -0.066277
400.583977  -0.066318
400.603976  -0.066297
400.623975  -0.066267
400.643974  -0.066277
400.663973  -0.066307
400.683973  -0.066307
400.703972  -0.066297
400.723971  -0.066328
400.743970  -0.066297
400.763969  -0.066307
400.783969  -0.066297
400.803968  -0.066307
400.823967  -0.066307
400.843966  -0.066307
400.863965  -0.066297
400.883965  -0.066307
400.903964  -0.066307
400.923963  -0.066307
400.943962  -0.066328
400.963961  -0.066297
400.983961  -0.066307
401.003960  -0.066307
401.023959  -0.066277
401.043958  -0.066287
401.063957  -0.066328
401.083957  -0.066328
401.103956  -0.066287
401.123955  -0.066307
401.143954  -0.066297
401.163953  -0.066318
401.183953  -0.066287
401.203952  -0.066318
401.223951  -0.066338
401.243950  -0.066318
401.263949  -0.066297
401.283949  -0.066328
401.303948  -0.066328
401.323947  -0.066297
401.343946  -0.066307
401.363945  -0.066307
401.383945  -0.066318
401.403944  -0.066338
401.423943  -0.066307
401.443942  -0.066307
401.463941  -0.066338
401.483941  -0.066348
401.503940  -0.066318
401.523939  -0.066348
401.543938  -0.066348
401.563937  -0.066307
401.583937  -0.066297
401.603936  -0.066328
401.623935  -0.066328
401.643934  -0.066369
401.663933  -0.066338
401.683933  -0.066358
401.703932  -0.066338
401.723931  -0.066328
401.743930  -0.066348
401.763929  -0.066358
401.783929  -0.066338
401.803928  -0.066369
401.823927  -0.066379
401.843926  -0.066358
401.863925  -0.066358
401.883925  -0.066369
401.903924  -0.066379
401.923923  -0.066369
401.943922  -0.066369
401.963921  -0.066379
401.983921  -0.066369
402.003920  -0.066409
402.023919  -0.066369
402.043918  -0.066369
402.063917  -0.066379
402.083917  -0.066379
402.103916  -0.066379
402.123915  -0.066379
402.143914  -0.066358
402.163913  -0.066379
402.183913  -0.066369
402.203912  -0.066348
402.223911  -0.066369
402.243910  -0.066358
402.263909  -0.066399
402.283909  -0.066338
402.303908  -0.066379
402.323907  -0.066389
402.343906  -0.066389
402.363905  -0.066409
402.383905  -0.066389
402.403904  -0.066389
402.423903  -0.066409
402.443902  -0.066409
402.463901  -0.066389
402.483901  -0.066389
402.503900  -0.066409
402.523899  -0.066420
402.543898  -0.066369
402.563897  -0.066409
402.583897  -0.066399
402.603896  -0.066409
402.623895  -0.066379
402.643894  -0.066369
402.663893  -0.066389
402.683893  -0.066389
402.703892  -0.066379
402.723891  -0.066399
402.743890  -0.066389
402.763889  -0.066420
402.783889  -0.066399
402.803888  -0.066420
402.823887  -0.066389
402.843886  -0.066379
402.863885  -0.066409
402.883885  -0.066399
402.903884  -0.066399
402.923883  -0.066420
402.943882  -0.066409
402.963881  -0.066399
402.983881  -0.066399
403.003880  -0.066430
403.023879  -0.066430
403.043878  -0.066399
403.063877  -0.066399
403.083877  -0.066379
403.103876  -0.066369
403.123875  -0.066399
403.143874  -0.066379
403.163873  -0.066399
403.183873  -0.066399
403.203872  -0.066409
403.223871  -0.066399
403.243870  -0.066399
403.263869  -0.066409
403.283869  -0.066420
403.303868  -0.066409
403.323867  -0.066379
403.343866  -0.066399
403.363865  -0.066430
403.383865  -0.066409
403.403864  -0.066409
403.423863  -0.066399
403.443862  -0.066399
403.463861  -0.066409
403.483861  -0.066379
403.503860  -0.066399
403.523859  -0.066409
403.543858  -0.066409
403.563857  -0.066399
403.583857  -0.066399
403.603856  -0.066420
403.623855  -0.066389
403.643854  -0.066379
403.663853  -0.066409
403.683853  -0.066409
403.703852  -0.066399
403.723851  -0.066389
403.743850  -0.066389
403.763849  -0.066420
403.783849  -0.066409
403.803848  -0.066409
403.823847  -0.066399
403.843846  -0.066440
403.863845  -0.066409
403.883845  -0.066409
403.903844  -0.066430
403.923843  -0.066409
403.943842  -0.066420
403.963841  -0.066399
403.983841  -0.066409
404.003840  -0.066430
404.023839  -0.066420
404.043838  -0.066420
404.063837  -0.066399
404.083837  -0.066409
404.103836  -0.066399
404.123835  -0.066399
404.143834  -0.066420
404.163833  -0.066399
404.183833  -0.066399
404.203832  -0.066409
404.223831  -0.066420
404.243830  -0.066420
404.263829  -0.066409
404.283829  -0.066389
404.303828  -0.066379
404.323827  -0.066430
404.343826  -0.066420
404.363825  -0.066430
404.383825  -0.066420
404.403824  -0.066409
404.423823  -0.066348
404.443822  -0.066389
404.463821  -0.066440
404.483821  -0.066420
404.503820  -0.066399
404.523819  -0.066420
404.543818  -0.066440
404.563817  -0.066399
404.583817  -0.066399
404.603816  -0.066430
404.623815  -0.066420
404.643814  -0.066420
404.663813  -0.066409
404.683813  -0.066379
404.703812  -0.066389
404.723811  -0.066389
404.743810  -0.066399
404.763809  -0.066420
404.783809  -0.066430
404.803808  -0.066420
404.823807  -0.066420
404.843806  -0.066430
404.863805  -0.066420
404.883805  -0.066450
404.903804  -0.066420
404.923803  -0.066409
404.943802  -0.066399
404.963801  -0.066430
404.983801  -0.066389
405.003800  -0.066399
405.023799  -0.066409
405.043798  -0.066409
405.063797  -0.066399
405.083797  -0.066450
405.103796  -0.066409
405.123795  -0.066389
405.143794  -0.066399
405.163793  -0.066430
405.183793  -0.066399
405.203792  -0.066430
405.223791  -0.066440
405.243790  -0.066409
405.263789  -0.066420
405.283789  -0.066430
405.303788  -0.066430
405.323787  -0.066379
405.343786  -0.066420
405.363785  -0.066399
405.383785  -0.066450
405.403784  -0.066409
405.423783  -0.066420
405.443782  -0.066430
405.463781  -0.066430
405.483781  -0.066409
405.503780  -0.066430
405.523779  -0.066430
405.543778  -0.066409
405.563777  -0.066409
405.583777  -0.066430
405.603776  -0.066420
405.623775  -0.066389
405.643774  -0.066409
405.663773  -0.066430
405.683773  -0.066409
405.703772  -0.066420
405.723771  -0.066430
405.743770  -0.066420
405.763769  -0.066430
405.783769  -0.066409
405.803768  -0.066430
405.823767  -0.066420
405.843766  -0.066450
405.863765  -0.066440
405.883765  -0.066450
405.903764  -0.066450
405.923763  -0.066420
405.943762  -0.066440
405.963761  -0.066430
405.983761  -0.066460
406.003760  -0.066440
406.023759  -0.066389
406.043758  -0.066450
406.063757  -0.066420
406.083757  -0.066420
406.103756  -0.066409
406.123755  -0.066430
406.143754  -0.066409
406.163753  -0.066430
406.183753  -0.066399
406.203752  -0.066420
406.223751  -0.066430
406.243750  -0.066409
406.263749  -0.066399
406.283749  -0.066450
406.303748  -0.066430
406.323747  -0.066450
406.343746  -0.066399
406.363745  -0.066430
406.383745  -0.066450
406.403744  -0.066420
406.423743  -0.066440
406.443742  -0.066450
406.463741  -0.066440
406.483741  -0.066430
406.503740  -0.066420
406.523739  -0.066399
406.543738  -0.066460
406.563737  -0.066409
406.583737  -0.066430
406.603736  -0.066430
406.623735  -0.066430
406.643734  -0.066399
406.663733  -0.066399
406.683733  -0.066409
406.703732  -0.066420
406.723731  -0.066389
406.743730  -0.066369
406.763729  -0.066420
406.783729  -0.066409
406.803728  -0.066420
406.823727  -0.066430
406.843726  -0.066430
406.863725  -0.066420
406.883725  -0.066420
406.903724  -0.066420
406.923723  -0.066440
406.943722  -0.066420
406.963721  -0.066409
406.983721  -0.066420
407.003720  -0.066430
407.023719  -0.066420
407.043718  -0.066409
407.063717  -0.066409
407.083717  -0.066420
407.103716  -0.066389
407.123715  -0.066409
407.143714  -0.066389
407.163713  -0.066430
407.183713  -0.066389
407.203712  -0.066389
407.223711  -0.066389
407.243710  -0.066409
407.263709  -0.066379
407.283709  -0.066379
407.303708  -0.066369
407.323707  -0.066369
407.343706  -0.066430
407.363705  -0.066399
407.383705  -0.066389
407.403704  -0.066399
407.423703  -0.066379
407.443702  -0.066399
407.463701  -0.066369
407.483701  -0.066409
407.503700  -0.066379
407.523699  -0.066379
407.543698  -0.066399
407.563697  -0.066379
407.583697  -0.066389
407.603696  -0.066409
407.623695  -0.066369
407.643694  -0.066379
407.663693  -0.066379
407.683693  -0.066369
407.703692  -0.066328
407.723691  -0.066389
407.743690  -0.066409
407.763689  -0.066358
407.783689  -0.066399
407.803688  -0.066379
407.823687  -0.066348
407.843686  -0.066379
407.863685  -0.066369
407.883685  -0.066389
407.903684  -0.066369
407.923683  -0.066379
407.943682  -0.066389
407.963681  -0.066379
407.983681  -0.066348
408.003680  -0.066369
408.023679  -0.066369
408.043678  -0.066389
408.063677  -0.066358
408.083677  -0.066348
408.103676  -0.066358
408.123675  -0.066389
408.143674  -0.066389
408.163673  -0.066348
408.183673  -0.066358
408.203672  -0.066358
408.223671  -0.066338
408.243670  -0.066328
408.263669  -0.066369
408.283669  -0.066358
408.303668  -0.066348
408.323667  -0.066338
408.343666  -0.066389
408.363665  -0.066369
408.383665  -0.066389
408.403664  -0.066369
408.423663  -0.066358
408.443662  -0.066409
408.463661  -0.066369
408.483661  -0.066369
408.503660  -0.066369
408.523659  -0.066358
408.543658  -0.066369
408.563657  -0.066369
408.583657  -0.066369
408.603656  -0.066389
408.623655  -0.066379
408.643654  -0.066338
408.663653  -0.066379
408.683653  -0.066369
408.703652  -0.066328
408.723651  -0.066348
408.743650  -0.066379
408.763649  -0.066348
408.783649  -0.066348
408.803648  -0.066328
408.823647  -0.066369
408.843646  -0.066369
408.863645  -0.066379
408.883645  -0.066358
408.903644  -0.066369
408.923643  -0.066369
408.943642  -0.066348
408.963641  -0.066348
408.983641  -0.066358
409.003640  -0.066358
409.023639  -0.066328
409.043638  -0.066379
409.063637  -0.066348
409.083637  -0.066348
409.103636  -0.066338
409.123635  -0.066358
409.143634  -0.066399
409.163633  -0.066358
409.183633  -0.066338
409.203632  -0.066348
409.223631  -0.066379
409.243630  -0.066369
409.263629  -0.066338
409.283629  -0.066379
409.303628  -0.066369
409.323627  -0.066358
409.343626  -0.066328
409.363625  -0.066348
409.383625  -0.066348
409.403624  -0.066338
409.423623  -0.066338
409.443622  -0.066369
409.463621  -0.066379
409.483621  -0.066369
409.503620  -0.066358
409.523619  -0.066379
409.543618  -0.066348
409.563617  -0.066348
409.583617  -0.066348
409.603616  -0.066409
409.623615  -0.066369
409.643614  -0.066369
409.663613  -0.066379
409.683613  -0.066358
409.703612  -0.066348
409.723611  -0.066369
409.743610  -0.066328
409.763609  -0.066369
409.783609  -0.066348
409.803608  -0.066348
409.823607  -0.066369
409.843606  -0.066338
409.863605  -0.066358
409.883605  -0.066358
409.903604  -0.066348
409.923603  -0.066379
409.943602  -0.066338
409.963601  -0.066338
409.983601  -0.066338
410.003600  -0.066358
410.023599  -0.066369
410.043598  -0.066369
410.063597  -0.066379
410.083597  -0.066369
410.103596  -0.066379
410.123595  -0.066369
410.143594  -0.066369
410.163593  -0.066348
410.183593  -0.066348
410.203592  -0.066348
410.223591  -0.066369
410.243590  -0.066348
410.263589  -0.066358
410.283589  -0.066328
410.303588  -0.066328
410.323587  -0.066369
410.343586  -0.066338
410.363585  -0.066338
410.383585  -0.066338
410.403584  -0.066358
410.423583  -0.066348
410.443582  -0.066389
410.463581  -0.066369
410.483581  -0.066348
410.503580  -0.066369
410.523579  -0.066348
410.543578  -0.066348
410.563577  -0.066328
410.583577  -0.066348
410.603576  -0.066348
410.623575  -0.066369
410.643574  -0.066358
410.663573  -0.066358
410.683573  -0.066348
410.703572  -0.066358
410.723571  -0.066348
410.743570  -0.066348
410.763569  -0.066348
410.783569  -0.066338
410.803568  -0.066369
410.823567  -0.066369
410.843566  -0.066358
410.863565  -0.066297
410.883565  -0.066307
410.903564  -0.066379
410.923563  -0.066348
410.943562  -0.066338
410.963561  -0.066389
410.983561  -0.066338
411.003560  -0.066338
411.023559  -0.066338
411.043558  -0.066358
411.063557  -0.066348
411.083557  -0.066348
411.103556  -0.066338
411.123555  -0.066369
411.143554  -0.066369
411.163553  -0.066307
411.183553  -0.066338
411.203552  -0.066369
411.223551  -0.066328
411.243550  -0.066358
411.263549  -0.066369
411.283549  -0.066348
411.303548  -0.066348
411.323547  -0.066328
411.343546  -0.066369
411.363545  -0.066379
411.383545  -0.066348
411.403544  -0.066348
411.423543  -0.066307
411.443542  -0.066348
411.463541  -0.066328
411.483541  -0.066338
411.503540  -0.066358
411.523539  -0.066369
411.543538  -0.066369
411.563537  -0.066338
411.583537  -0.066338
411.603536  -0.066369
411.623535  -0.066348
411.643534  -0.066338
411.663533  -0.066348
411.683533  -0.066369
411.703532  -0.066348
411.723531  -0.066338
411.743530  -0.066369
411.763529  -0.066348
411.783529  -0.066369
411.803528  -0.066348
411.823527  -0.066348
411.843526  -0.066369
411.863525  -0.066328
411.883525  -0.066358
411.903524  -0.066318
411.923523  -0.066358
411.943522  -0.066369
411.963521  -0.066369
411.983521  -0.066338
412.003520  -0.066358
412.023519  -0.066358
412.043518  -0.066358
412.063517  -0.066358
412.083517  -0.066369
412.103516  -0.066358
412.123515  -0.066328
412.143514  -0.066328
412.163513  -0.066358
412.183513  -0.066358
412.203512  -0.066379
412.223511  -0.066358
412.243510  -0.066338
412.263509  -0.066328
412.283509  -0.066358
412.303508  -0.066338
412.323507  -0.066338
412.343506  -0.066348
412.363505  -0.066348
412.383505  -0.066328
412.403504  -0.066328
412.423503  -0.066328
412.443502  -0.066328
412.463501  -0.066358
412.483501  -0.066348
412.503500  -0.066348
412.523499  -0.066328
412.543498  -0.066338
412.563497  -0.066369
412.583497  -0.066389
412.603496  -0.066369
412.623495  -0.066379
412.643494  -0.066389
412.663493  -0.066338
412.683493  -0.066338
412.703492  -0.066348
412.723491  -0.066348
412.743490  -0.066348
412.763489  -0.066338
412.783489  -0.066328
412.803488  -0.066379
412.823487  -0.066348
412.843486  -0.066318
412.863485  -0.066348
412.883485  -0.066338
412.903484  -0.066369
412.923483  -0.066338
412.943482  -0.066358
412.963481  -0.066389
412.983481  -0.066348
413.003480  -0.066358
413.023479  -0.066358
413.043478  -0.066369
413.063477  -0.066348
413.083477  -0.066409
413.103476  -0.066358
413.123475  -0.066369
413.143474  -0.066379
413.163473  -0.066379
413.183473  -0.066389
413.203472  -0.066399
413.223471  -0.066379
413.243470  -0.066369
413.263469  -0.066348
413.283469  -0.066369
413.303468  -0.066348
413.323467  -0.066338
413.343466  -0.066369
413.363465  -0.066338
413.383465  -0.066328
413.403464  -0.066338
413.423463  -0.066348
413.443462  -0.066328
413.463461  -0.066338
413.483461  -0.066358
413.503460  -0.066369
413.523459  -0.066348
413.543458  -0.066338
413.563457  -0.066348
413.583457  -0.066389
413.603456  -0.066369
413.623455  -0.066379
413.643454  -0.066389
413.663453  -0.066389
413.683453  -0.066379
413.703452  -0.066348
413.723451  -0.066348
413.743450  -0.066379
413.763449  -0.066389
413.783449  -0.066348
413.803448  -0.066348
413.823447  -0.066379
413.843446  -0.066348
413.863445  -0.066328
413.883445  -0.066369
413.903444  -0.066338
413.923443  -0.066348
413.943442  -0.066338
413.963441  -0.066328
413.983441  -0.066369
414.003440  -0.066338
414.023439  -0.066338
414.043438  -0.066338
414.063437  -0.066348
414.083437  -0.066328
414.103436  -0.066338
414.123435  -0.066358
414.143434  -0.066389
414.163433  -0.066338
414.183433  -0.066369
414.203432  -0.066358
414.223431  -0.066358
414.243430  -0.066389
414.263429  -0.066358
414.283429  -0.066318
414.303428  -0.066358
414.323427  -0.066348
414.343426  -0.066338
414.363425  -0.066338
414.383425  -0.066338
414.403424  -0.066369
414.423423  -0.066318
414.443422  -0.066369
414.463421  -0.066369
414.483421  -0.066348
414.503420  -0.066328
414.523419  -0.066338
414.543418  -0.066389
414.563417  -0.066379
414.583417  -0.066348
414.603416  -0.066358
414.623415  -0.066369
414.643414  -0.066369
414.663413  -0.066369
414.683413  -0.066348
414.703412  -0.066399
414.723411  -0.066338
414.743410  -0.066389
414.763409  -0.066358
414.783409  -0.066348
414.803408  -0.066369
414.823407  -0.066369
414.843406  -0.066358
414.863405  -0.066358
414.883405  -0.066348
414.903404  -0.066348
414.923403  -0.066379
414.943402  -0.066338
414.963401  -0.066328
414.983401  -0.066318
415.003400  -0.066358
415.023399  -0.066338
415.043398  -0.066389
415.063397  -0.066369
415.083397  -0.066348
415.103396  -0.066379
415.123395  -0.066348
415.143394  -0.066348
415.163393  -0.066348
415.183393  -0.066369
415.203392  -0.066369
415.223391  -0.066348
415.243390  -0.066389
415.263389  -0.066369
415.283389  -0.066358
415.303388  -0.066389
415.323387  -0.066348
415.343386  -0.066369
415.363385  -0.066358
415.383385  -0.066379
415.403384  -0.066369
415.423383  -0.066348
415.443382  -0.066328
415.463381  -0.066348
415.483381  -0.066338
415.503380  -0.066358
415.523379  -0.066338
415.543378  -0.066318
415.563377  -0.066348
415.583377  -0.066369
415.603376  -0.066379
415.623375  -0.066358
415.643374  -0.066389
415.663373  -0.066389
415.683373  -0.066338
415.703372  -0.066348
415.723371  -0.066348
415.743370  -0.066379
415.763369  -0.066358
415.783369  -0.066348
415.803368  -0.066379
415.823367  -0.066338
415.843366  -0.066348
415.863365  -0.066358
415.883365  -0.066369
415.903364  -0.066338
415.923363  -0.066318
415.943362  -0.066338
415.963361  -0.066338
415.983361  -0.066318
416.003360  -0.066338
416.023359  -0.066318
416.043358  -0.066369
416.063357  -0.066369
416.083357  -0.066328
416.103356  -0.066328
416.123355  -0.066369
416.143354  -0.066358
416.163353  -0.066348
416.183353  -0.066338
416.203352  -0.066358
416.223351  -0.066369
416.243350  -0.066338
416.263349  -0.066338
416.283349  -0.066369
416.303348  -0.066369
416.323347  -0.066338
416.343346  -0.066338
416.363345  -0.066328
416.383345  -0.066318
416.403344  -0.066318
416.423343  -0.066328
416.443342  -0.066328
416.463341  -0.066348
416.483341  -0.066307
416.503340  -0.066338
416.523339  -0.066338
416.543338  -0.066328
416.563337  -0.066338
416.583337  -0.066338
416.603336  -0.066338
416.623335  -0.066328
416.643334  -0.066348
416.663333  -0.066348
416.683333  -0.066328
416.703332  -0.066358
416.723331  -0.066338
416.743330  -0.066379
416.763329  -0.066369
416.783329  -0.066379
416.803328  -0.066328
416.823327  -0.066348
416.843326  -0.066399
416.863325  -0.066369
416.883325  -0.066369
416.903324  -0.066369
416.923323  -0.066389
416.943322  -0.066338
416.963321  -0.066338
416.983321  -0.066369
417.003320  -0.066328
417.023319  -0.066348
417.043318  -0.066328
417.063317  -0.066358
417.083317  -0.066369
417.103316  -0.066369
417.123315  -0.066348
417.143314  -0.066369
417.163313  -0.066389
417.183313  -0.066348
417.203312  -0.066369
417.223311  -0.066379
417.243310  -0.066379
417.263309  -0.066399
417.283309  -0.066379
417.303308  -0.066399
417.323307  -0.066389
417.343306  -0.066369
417.363305  -0.066358
417.383305  -0.066399
417.403304  -0.066379
417.423303  -0.066399
417.443302  -0.066389
417.463301  -0.066389
417.483301  -0.066420
417.503300  -0.066389
417.523299  -0.066409
417.543298  -0.066369
417.563297  -0.066369
417.583297  -0.066358
417.603296  -0.066358
417.623295  -0.066420
417.643294  -0.066379
417.663293  -0.066379
417.683293  -0.066409
417.703292  -0.066430
417.723291  -0.066389
417.743290  -0.066389
417.763289  -0.066399
417.783289  -0.066399
417.803288  -0.066420
417.823287  -0.066389
417.843286  -0.066379
417.863285  -0.066420
417.883285  -0.066430
417.903284  -0.066399
417.923283  -0.066389
417.943282  -0.066450
417.963281  -0.066450
417.983281  -0.066409
418.003280  -0.066379
418.023279  -0.066409
418.043278  -0.066409
418.063277  -0.066399
418.083277  -0.066420
418.103276  -0.066420
418.123275  -0.066389
418.143274  -0.066420
418.163273  -0.066379
418.183273  -0.066430
418.203272  -0.066430
418.223271  -0.066450
418.243270  -0.066430
418.263269  -0.066430
418.283269  -0.066389
418.303268  -0.066450
418.323267  -0.066430
418.343266  -0.066450
418.363265  -0.066460
418.383265  -0.066430
418.403264  -0.066440
418.423263  -0.066409
418.443262  -0.066450
418.463261  -0.066440
418.483261  -0.066420
418.503260  -0.066450
418.523259  -0.066440
418.543258  -0.066420
418.563257  -0.066440
418.583257  -0.066399
418.603256  -0.066420
418.623255  -0.066420
418.643254  -0.066430
418.663253  -0.066430
418.683253  -0.066450
418.703252  -0.066420
418.723251  -0.066430
418.743250  -0.066430
418.763249  -0.066409
418.783249  -0.066409
418.803248  -0.066460
418.823247  -0.066430
418.843246  -0.066420
418.863245  -0.066409
418.883245  -0.066440
418.903244  -0.066471
418.923243  -0.066450
418.943242  -0.066409
418.963241  -0.066450
418.983241  -0.066430
419.003240  -0.066420
419.023239  -0.066420
419.043238  -0.066460
419.063237  -0.066420
419.083237  -0.066430
419.103236  -0.066440
419.123235  -0.066430
419.143234  -0.066420
419.163233  -0.066430
419.183233  -0.066379
419.203232  -0.066450
419.223231  -0.066348
419.243230  -0.066389
419.263229  -0.066409
419.283229  -0.066430
419.303228  -0.066430
419.323227  -0.066409
419.343226  -0.066420
419.363225  -0.066440
419.383225  -0.066471
419.403224  -0.066450
419.423223  -0.066430
419.443222  -0.066409
419.463221  -0.066450
419.483221  -0.066430
419.503220  -0.066450
419.523219  -0.066420
419.543218  -0.066409
419.563217  -0.066430
419.583217  -0.066420
419.603216  -0.066420
419.623215  -0.066460
419.643214  -0.066409
419.663213  -0.066389
419.683213  -0.066420
419.703212  -0.066420
419.723211  -0.066471
419.743210  -0.066420
419.763209  -0.066440
419.783209  -0.066440
419.803208  -0.066430
419.823207  -0.066420
419.843206  -0.066460
419.863205  -0.066430
419.883205  -0.066420
419.903204  -0.066430
419.923203  -0.066430
419.943202  -0.066409
419.963201  -0.066460
419.983201  -0.066440
420.003200  -0.066399
420.023199  -0.066420
420.043198  -0.066409
420.063197  -0.066420
420.083197  -0.066440
420.103196  -0.066450
420.123195  -0.066430
420.143194  -0.066440
420.163193  -0.066460
420.183193  -0.066430
420.203192  -0.066420
420.223191  -0.066440
420.243190  -0.066440
420.263189  -0.066420
420.283189  -0.066430
420.303188  -0.066430
420.323187  -0.066450
420.343186  -0.066430
420.363185  -0.066420
420.383185  -0.066430
420.403184  -0.066440
420.423183  -0.066460
420.443182  -0.066450
420.463181  -0.066460
420.483181  -0.066460
420.503180  -0.066440
420.523179  -0.066450
420.543178  -0.066420
420.563177  -0.066471
420.583177  -0.066471
420.603176  -0.066450
420.623175  -0.066450
420.643174  -0.066430
420.663173  -0.066440
420.683173  -0.066430
420.703172  -0.066450
420.723171  -0.066440
420.743170  -0.066450
420.763169  -0.066450
420.783169  -0.066409
420.803168  -0.066481
420.823167  -0.066460
420.843166  -0.066450
420.863165  -0.066450
420.883165  -0.066481
420.903164  -0.066420
420.923163  -0.066460
420.943162  -0.066450
420.963161  -0.066471
420.983161  -0.066460
421.003160  -0.066460
421.023159  -0.066481
421.043158  -0.066471
421.063157  -0.066450
421.083157  -0.066430
421.103156  -0.066440
421.123155  -0.066450
421.143154  -0.066471
421.163153  -0.066460
421.183153  -0.066491
421.203152  -0.066450
421.223151  -0.066450
421.243150  -0.066450
421.263149  -0.066460
421.283149  -0.066460
421.303148  -0.066450
421.323147  -0.066450
421.343146  -0.066491
421.363145  -0.066450
421.383145  -0.066491
421.403144  -0.066471
421.423143  -0.066471
421.443142  -0.066481
421.463141  -0.066460
421.483141  -0.066481
421.503140  -0.066471
421.523139  -0.066491
421.543138  -0.066491
421.563137  -0.066471
421.583137  -0.066501
421.603136  -0.066460
421.623135  -0.066460
421.643134  -0.066450
421.663133  -0.066471
421.683133  -0.066460
421.703132  -0.066450
421.723131  -0.066450
421.743130  -0.066481
421.763129  -0.066481
421.783129  -0.066471
421.803128  -0.066471
421.823127  -0.066460
421.843126  -0.066501
421.863125  -0.066481
421.883125  -0.066481
421.903124  -0.066471
421.923123  -0.066481
421.943122  -0.066481
421.963121  -0.066481
421.983121  -0.066481
422.003120  -0.066491
422.023119  -0.066491
422.043118  -0.066481
422.063117  -0.066481
422.083117  -0.066491
422.103116  -0.066471
422.123115  -0.066481
422.143114  -0.066471
422.163113  -0.066471
422.183113  -0.066491
422.203112  -0.066491
422.223111  -0.066491
422.243110  -0.066491
422.263109  -0.066501
422.283109  -0.066491
422.303108  -0.066491
422.323107  -0.066501
422.343106  -0.066491
422.363105  -0.066481
422.383105  -0.066511
422.403104  -0.066481
422.423103  -0.066471
422.443102  -0.066481
422.463101  -0.066481
422.483101  -0.066491
422.503100  -0.066450
422.523099  -0.066501
422.543098  -0.066481
422.563097  -0.066522
422.583097  -0.066491
422.603096  -0.066491
422.623095  -0.066511
422.643094  -0.066481
422.663093  -0.066491
422.683093  -0.066491
422.703092  -0.066481
422.723091  -0.066491
422.743090  -0.066491
422.763089  -0.066471
422.783089  -0.066481
422.803088  -0.066481
422.823087  -0.066471
422.843086  -0.066460
422.863085  -0.066491
422.883085  -0.066491
422.903084  -0.066481
422.923083  -0.066481
422.943082  -0.066532
422.963081  -0.066501
422.983081  -0.066450
423.003080  -0.066471
423.023079  -0.066501
423.043078  -0.066481
423.063077  -0.066481
423.083077  -0.066471
423.103076  -0.066491
423.123075  -0.066491
423.143074  -0.066491
423.163073  -0.066481
423.183073  -0.066481
423.203072  -0.066460
423.223071  -0.066471
423.243070  -0.066481
423.263069  -0.066511
423.283069  -0.066481
423.303068  -0.066481
423.323067  -0.066450
423.343066  -0.066471
423.363065  -0.066440
423.383065  -0.066471
423.403064  -0.066460
423.423063  -0.066460
423.443062  -0.066471
423.463061  -0.066471
423.483061  -0.066460
423.503060  -0.066491
423.523059  -0.066460
423.543058  -0.066471
423.563057  -0.066460
423.583057  -0.066491
423.603056  -0.066471
423.623055  -0.066440
423.643054  -0.066460
423.663053  -0.066460
423.683053  -0.066440
423.703052  -0.066430
423.723051  -0.066491
423.743050  -0.066471
423.763049  -0.066450
423.783049  -0.066471
423.803048  -0.066471
423.823047  -0.066460
423.843046  -0.066450
423.863045  -0.066450
423.883045  -0.066460
423.903044  -0.066440
423.923043  -0.066450
423.943042  -0.066440
423.963041  -0.066450
423.983041  -0.066481
424.003040  -0.066481
424.023039  -0.066501
424.043038  -0.066491
424.063037  -0.066481
424.083037  -0.066491
424.103036  -0.066471
424.123035  -0.066491
424.143034  -0.066460
424.163033  -0.066501
424.183033  -0.066471
424.203032  -0.066511
424.223031  -0.066460
424.243030  -0.066460
424.263029  -0.066460
424.283029  -0.066481
424.303028  -0.066471
424.323027  -0.066471
424.343026  -0.066460
424.363025  -0.066471
424.383025  -0.066471
424.403024  -0.066491
424.423023  -0.066450
424.443022  -0.066481
424.463021  -0.066460
424.483021  -0.066501
424.503020  -0.066491
424.523019  -0.066501
424.543018  -0.066481
424.563017  -0.066460
424.583017  -0.066481
424.603016  -0.066481
424.623015  -0.066532
424.643014  -0.066501
424.663013  -0.066511
424.683013  -0.066460
424.703012  -0.066471
424.723011  -0.066501
424.743010  -0.066460
424.763009  -0.066491
424.783009  -0.066501
424.803008  -0.066450
424.823007  -0.066471
424.843006  -0.066501
424.863005  -0.066491
424.883005  -0.066501
424.903004  -0.066471
424.923003  -0.066491
424.943002  -0.066511
424.963001  -0.066511
424.983001  -0.066522
425.003000  -0.066511
425.022999  -0.066511
425.042998  -0.066511
425.062997  -0.066501
425.082997  -0.066481
425.102996  -0.066501
425.122995  -0.066522
425.142994  -0.066501
425.162993  -0.066511
425.182993  -0.066532
425.202992  -0.066501
425.222991  -0.066501
425.242990  -0.066511
425.262989  -0.066542
425.282989  -0.066522
425.302988  -0.066522
425.322987  -0.066501
425.342986  -0.066511
425.362985  -0.066471
425.382985  -0.066501
425.402984  -0.066522
425.422983  -0.066511
425.442982  -0.066491
425.462981  -0.066532
425.482981  -0.066532
425.502980  -0.066501
425.522979  -0.066532
425.542978  -0.066522
425.562977  -0.066552
425.582977  -0.066552
425.602976  -0.066511
425.622975  -0.066532
425.642974  -0.066532
425.662973  -0.066532
425.682973  -0.066522
425.702972  -0.066542
425.722971  -0.066522
425.742970  -0.066522
425.762969  -0.066522
425.782969  -0.066532
425.802968  -0.066542
425.822967  -0.066552
425.842966  -0.066511
425.862965  -0.066511
425.882965  -0.066501
425.902964  -0.066501
425.922963  -0.066501
425.942962  -0.066501
425.962961  -0.066511
425.982961  -0.066501
426.002960  -0.066511
426.022959  -0.066481
426.042958  -0.066522
426.062957  -0.066552
426.082957  -0.066522
426.102956  -0.066511
426.122955  -0.066552
426.142954  -0.066542
426.162953  -0.066532
426.182953  -0.066522
426.202952  -0.066542
426.222951  -0.066532
426.242950  -0.066491
426.262949  -0.066532
426.282949  -0.066542
426.302948  -0.066542
426.322947  -0.066542
426.342946  -0.066522
426.362945  -0.066532
426.382945  -0.066552
426.402944  -0.066511
426.422943  -0.066532
426.442942  -0.066552
426.462941  -0.066532
426.482941  -0.066501
426.502940  -0.066532
426.522939  -0.066511
426.542938  -0.066532
426.562937  -0.066532
426.582937  -0.066532
426.602936  -0.066542
426.622935  -0.066542
426.642934  -0.066542
426.662933  -0.066532
426.682933  -0.066552
426.702932  -0.066511
426.722931  -0.066501
426.742930  -0.066542
426.762929  -0.066573
426.782929  -0.066562
426.802928  -0.066562
426.822927  -0.066552
426.842926  -0.066562
426.862925  -0.066552
426.882925  -0.066511
426.902924  -0.066532
426.922923  -0.066542
426.942922  -0.066562
426.962921  -0.066511
426.982921  -0.066552
427.002920  -0.066583
427.022919  -0.066532
427.042918  -0.066532
427.062917  -0.066522
427.082917  -0.066562
427.102916  -0.066532
427.122915  -0.066552
427.142914  -0.066552
427.162913  -0.066562
427.182913  -0.066552
427.202912  -0.066542
427.222911  -0.066562
427.242910  -0.066573
427.262909  -0.066573
427.282909  -0.066573
427.302908  -0.066552
427.322907  -0.066583
427.342906  -0.066583
427.362905  -0.066552
427.382905  -0.066562
427.402904  -0.066562
427.422903  -0.066562
427.442902  -0.066573
427.462901  -0.066562
427.482901  -0.066552
427.502900  -0.066583
427.522899  -0.066542
427.542898  -0.066552
427.562897  -0.066593
427.582897  -0.066583
427.602896  -0.066542
427.622895  -0.066573
427.642894  -0.066593
427.662893  -0.066593
427.682893  -0.066583
427.702892  -0.066573
427.722891  -0.066562
427.742890  -0.066573
427.762889  -0.066583
427.782889  -0.066542
427.802888  -0.066593
427.822887  -0.066573
427.842886  -0.066552
427.862885  -0.066562
427.882885  -0.066573
427.902884  -0.066593
427.922883  -0.066593
427.942882  -0.066614
427.962881  -0.066593
427.982881  -0.066573
428.002880  -0.066573
428.022879  -0.066583
428.042878  -0.066603
428.062877  -0.066562
428.082877  -0.066542
428.102876  -0.066552
428.122875  -0.066583
428.142874  -0.066583
428.162873  -0.066573
428.182873  -0.066583
428.202872  -0.066593
428.222871  -0.066603
428.242870  -0.066573
428.262869  -0.066542
428.282869  -0.066614
428.302868  -0.066593
428.322867  -0.066552
428.342866  -0.066614
428.362865  -0.066593
428.382865  -0.066614
428.402864  -0.066573
428.422863  -0.066562
428.442862  -0.066593
428.462861  -0.066593
428.482861  -0.066573
428.502860  -0.066603
428.522859  -0.066583
428.542858  -0.066562
428.562857  -0.066542
428.582857  -0.066593
428.602856  -0.066593
428.622855  -0.066593
428.642854  -0.066573
428.662853  -0.066593
428.682853  -0.066573
428.702852  -0.066552
428.722851  -0.066562
428.742850  -0.066603
428.762849  -0.066614
428.782849  -0.066603
428.802848  -0.066614
428.822847  -0.066583
428.842846  -0.066593
428.862845  -0.066603
428.882845  -0.066583
428.902844  -0.066603
428.922843  -0.066624
428.942842  -0.066583
428.962841  -0.066593
428.982841  -0.066634
429.002840  -0.066603
429.022839  -0.066573
429.042838  -0.066603
429.062837  -0.066603
429.082837  -0.066583
429.102836  -0.066573
429.122835  -0.066562
429.142834  -0.066593
429.162833  -0.066573
429.182833  -0.066614
429.202832  -0.066573
429.222831  -0.066573
429.242830  -0.066603
429.262829  -0.066583
429.282829  -0.066583
429.302828  -0.066603
429.322827  -0.066614
429.342826  -0.066583
429.362825  -0.066593
429.382825  -0.066624
429.402824  -0.066624
429.422823  -0.066583
429.442822  -0.066614
429.462821  -0.066624
429.482821  -0.066593
429.502820  -0.066614
429.522819  -0.066624
429.542818  -0.066614
429.562817  -0.066583
429.582817  -0.066583
429.602816  -0.066624
429.622815  -0.066624
429.642814  -0.066614
429.662813  -0.066603
429.682813  -0.066593
429.702812  -0.066614
429.722811  -0.066603
429.742810  -0.066593
429.762809  -0.066573
429.782809  -0.066624
429.802808  -0.066624
429.822807  -0.066614
429.842806  -0.066583
429.862805  -0.066644
429.882805  -0.066634
429.902804  -0.066614
429.922803  -0.066624
429.942802  -0.066634
429.962801  -0.066634
429.982801  -0.066634
430.002800  -0.066614
430.022799  -0.066644
430.042798  -0.066634
430.062797  -0.066603
430.082797  -0.066634
430.102796  -0.066644
430.122795  -0.066624
430.142794  -0.066614
430.162793  -0.066614
430.182793  -0.066665
430.202792  -0.066583
430.222791  -0.066614
430.242790  -0.066583
430.262789  -0.066614
430.282789  -0.066654
430.302788  -0.066614
430.322787  -0.066593
430.342786  -0.066624
430.362785  -0.066614
430.382785  -0.066624
430.402784  -0.066614
430.422783  -0.066644
430.442782  -0.066644
430.462781  -0.066634
430.482781  -0.066603
430.502780  -0.066644
430.522779  -0.066634
430.542778  -0.066614
430.562777  -0.066634
430.582777  -0.066603
430.602776  -0.066593
430.622775  -0.066593
430.642774  -0.066593
430.662773  -0.066634
430.682773  -0.066624
430.702772  -0.066583
430.722771  -0.066634
430.742770  -0.066624
430.762769  -0.066603
430.782769  -0.066593
430.802768  -0.066593
430.822767  -0.066634
430.842766  -0.066624
430.862765  -0.066614
430.882765  -0.066614
430.902764  -0.066614
430.922763  -0.066593
430.942762  -0.066573
430.962761  -0.066634
430.982761  -0.066634
431.002760  -0.066644
431.022759  -0.066624
431.042758  -0.066614
431.062757  -0.066603
431.082757  -0.066634
431.102756  -0.066603
431.122755  -0.066603
431.142754  -0.066614
431.162753  -0.066603
431.182753  -0.066573
431.202752  -0.066593
431.222751  -0.066603
431.242750  -0.066603
431.262749  -0.066614
431.282749  -0.066634
431.302748  -0.066624
431.322747  -0.066624
431.342746  -0.066624
431.362745  -0.066593
431.382745  -0.066624
431.402744  -0.066614
431.422743  -0.066624
431.442742  -0.066634
431.462741  -0.066614
431.482741  -0.066624
431.502740  -0.066593
431.522739  -0.066624
431.542738  -0.066634
431.562737  -0.066614
431.582737  -0.066614
431.602736  -0.066593
431.622735  -0.066624
431.642734  -0.066603
431.662733  -0.066603
431.682733  -0.066603
431.702732  -0.066624
431.722731  -0.066614
431.742730  -0.066593
431.762729  -0.066603
431.782729  -0.066593
431.802728  -0.066593
431.822727  -0.066573
431.842726  -0.066603
431.862725  -0.066583
431.882725  -0.066614
431.902724  -0.066614
431.922723  -0.066593
431.942722  -0.066624
431.962721  -0.066593
431.982721  -0.066624
432.002720  -0.066624
432.022719  -0.066654
432.042718  -0.066614
432.062717  -0.066593
432.082717  -0.066593
432.102716  -0.066614
432.122715  -0.066614
432.142714  -0.066603
432.162713  -0.066644
432.182713  -0.066624
432.202712  -0.066644
432.222711  -0.066624
432.242710  -0.066583
432.262709  -0.066654
432.282709  -0.066614
432.302708  -0.066583
432.322707  -0.066603
432.342706  -0.066603
432.362705  -0.066614
432.382705  -0.066583
432.402704  -0.066614
432.422703  -0.066624
432.442702  -0.066614
432.462701  -0.066603
432.482701  -0.066614
432.502700  -0.066583
432.522699  -0.066614
432.542698  -0.066603
432.562697  -0.066644
432.582697  -0.066634
432.602696  -0.066624
432.622695  -0.066593
432.642694  -0.066624
432.662693  -0.066593
432.682693  -0.066624
432.702692  -0.066624
432.722691  -0.066624
432.742690  -0.066593
432.762689  -0.066583
432.782689  -0.066583
432.802688  -0.066614
432.822687  -0.066583
432.842686  -0.066583
432.862685  -0.066593
432.882685  -0.066593
432.902684  -0.066593
432.922683  -0.066614
432.942682  -0.066603
432.962681  -0.066614
432.982681  -0.066634
433.002680  -0.066624
433.022679  -0.066603
433.042678  -0.066634
433.062677  -0.066614
433.082677  -0.066603
433.102676  -0.066603
433.122675  -0.066593
433.142674  -0.066634
433.162673  -0.066624
433.182673  -0.066593
433.202672  -0.066614
433.222671  -0.066583
433.242670  -0.066573
433.262669  -0.066593
433.282669  -0.066634
433.302668  -0.066603
433.322667  -0.066542
433.342666  -0.066634
433.362665  -0.066573
433.382665  -0.066614
433.402664  -0.066593
433.422663  -0.066634
433.442662  -0.066614
433.462661  -0.066603
433.482661  -0.066593
433.502660  -0.066614
433.522659  -0.066614
433.542658  -0.066583
433.562657  -0.066614
433.582657  -0.066624
433.602656  -0.066614
433.622655  -0.066614
433.642654  -0.066614
433.662653  -0.066624
433.682653  -0.066634
433.702652  -0.066624
433.722651  -0.066603
433.742650  -0.066562
433.762649  -0.066634
433.782649  -0.066614
433.802648  -0.066603
433.822647  -0.066614
433.842646  -0.066624
433.862645  -0.066603
433.882645  -0.066573
433.902644  -0.066614
433.922643  -0.066624
433.942642  -0.066603
433.962641  -0.066614
433.982641  -0.066644
434.002640  -0.066624
434.022639  -0.066603
434.042638  -0.066634
434.062637  -0.066644
434.082637  -0.066624
434.102636  -0.066634
434.122635  -0.066624
434.142634  -0.066634
434.162633  -0.066644
434.182633  -0.066634
434.202632  -0.066634
434.222631  -0.066654
434.242630  -0.066614
434.262629  -0.066634
434.282629  -0.066634
434.302628  -0.066634
434.322627  -0.066654
434.342626  -0.066624
434.362625  -0.066624
434.382625  -0.066624
434.402624  -0.066634
434.422623  -0.066624
434.442622  -0.066614
434.462621  -0.066624
434.482621  -0.066624
434.502620  -0.066644
434.522619  -0.066644
434.542618  -0.066675
434.562617  -0.066644
434.582617  -0.066665
434.602616  -0.066624
434.622615  -0.066654
434.642614  -0.066644
434.662613  -0.066634
434.682613  -0.066634
434.702612  -0.066634
434.722611  -0.066675
434.742610  -0.066644
434.762609  -0.066685
434.782609  -0.066654
434.802608  -0.066644
434.822607  -0.066624
434.842606  -0.066644
434.862605  -0.066654
434.882605  -0.066634
434.902604  -0.066614
434.922603  -0.066654
434.942602  -0.066634
434.962601  -0.066644
434.982601  -0.066665
435.002600  -0.066583
435.022599  -0.066654
435.042598  -0.066624
435.062597  -0.066624
435.082597  -0.066644
435.102596  -0.066675
435.122595  -0.066634
435.142594  -0.066654
435.162593  -0.066624
435.182593  -0.066665
435.202592  -0.066624
435.222591  -0.066634
435.242590  -0.066624
435.262589  -0.066634
435.282589  -0.066634
435.302588  -0.066583
435.322587  -0.066644
435.342586  -0.066634
435.362585  -0.066634
435.382585  -0.066593
435.402584  -0.066624
435.422583  -0.066614
435.442582  -0.066634
435.462581  -0.066614
435.482581  -0.066624
435.502580  -0.066614
435.522579  -0.066624
435.542578  -0.066593
435.562577  -0.066614
435.582577  -0.066614
435.602576  -0.066665
435.622575  -0.066624
435.642574  -0.066603
435.662573  -0.066634
435.682573  -0.066603
435.702572  -0.066583
435.722571  -0.066593
435.742570  -0.066654
435.762569  -0.066644
435.782569  -0.066593
435.802568  -0.066603
435.822567  -0.066593
435.842566  -0.066603
435.862565  -0.066552
435.882565  -0.066583
435.902564  -0.066593
435.922563  -0.066614
435.942562  -0.066593
435.962561  -0.066603
435.982561  -0.066573
436.002560  -0.066583
436.022559  -0.066593
436.042558  -0.066614
436.062557  -0.066573
436.082557  -0.066614
436.102556  -0.066614
436.122555  -0.066603
436.142554  -0.066593
436.162553  -0.066624
436.182553  -0.066583
436.202552  -0.066593
436.222551  -0.066614
436.242550  -0.066552
436.262549  -0.066583
436.282549  -0.066593
436.302548  -0.066583
436.322547  -0.066593
436.342546  -0.066593
436.362545  -0.066573
436.382545  -0.066562
436.402544  -0.066573
436.422543  -0.066562
436.442542  -0.066593
436.462541  -0.066573
436.482541  -0.066552
436.502540  -0.066552
436.522539  -0.066562
436.542538  -0.066562
436.562537  -0.066583
436.582537  -0.066552
436.602536  -0.066603
436.622535  -0.066562
436.642534  -0.066573
436.662533  -0.066542
436.682533  -0.066573
436.702532  -0.066614
436.722531  -0.066573
436.742530  -0.066552
436.762529  -0.066573
436.782529  -0.066614
436.802528  -0.066573
436.822527  -0.066593
436.842526  -0.066562
436.862525  -0.066562
436.882525  -0.066593
436.902524  -0.066573
436.922523  -0.066562
436.942522  -0.066583
436.962521  -0.066542
436.982521  -0.066542
437.002520  -0.066583
437.022519  -0.066562
437.042518  -0.066573
437.062517  -0.066562
437.082517  -0.066583
437.102516  -0.066573
437.122515  -0.066562
437.142514  -0.066552
437.162513  -0.066593
437.182513  -0.066593
437.202512  -0.066573
437.222511  -0.066573
437.242510  -0.066593
437.262509  -0.066583
437.282509  -0.066593
437.302508  -0.066603
437.322507  -0.066573
437.342506  -0.066614
437.362505  -0.066593
437.382505  -0.066593
437.402504  -0.066552
437.422503  -0.066624
437.442502  -0.066583
437.462501  -0.066603
437.482501  -0.066593
437.502500  -0.066614
437.522499  -0.066583
437.542498  -0.066573
437.562498  -0.066583
437.582497  -0.066583
437.602496  -0.066593
437.622495  -0.066562
437.642494  -0.066593
437.662494  -0.066583
437.682493  -0.066614
437.702492  -0.066614
437.722491  -0.066614
437.742490  -0.066593
437.762490  -0.066603
437.782489  -0.066614
437.802488  -0.066583
437.822487  -0.066603
437.842486  -0.066573
437.862486  -0.066614
437.882485  -0.066603
437.902484  -0.066614
437.922483  -0.066583
437.942482  -0.066603
437.962482  -0.066603
437.982481  -0.066614
438.002480  -0.066603
438.022479  -0.066614
438.042478  -0.066583
438.062478  -0.066603
438.082477  -0.066573
438.102476  -0.066573
438.122475  -0.066634
438.142474  -0.066593
438.162474  -0.066614
438.182473  -0.066624
438.202472  -0.066593
438.222471  -0.066614
438.242470  -0.066634
438.262470  -0.066603
438.282469  -0.066634
438.302468  -0.066634
438.322467  -0.066593
438.342466  -0.066624
438.362466  -0.066624
438.382465  -0.066614
438.402464  -0.066603
438.422463  -0.066624
438.442462  -0.066614
438.462462  -0.066593
438.482461  -0.066583
438.502460  -0.066583
438.522459  -0.066634
438.542458  -0.066634
438.562458  -0.066603
438.582457  -0.066583
438.602456  -0.066603
438.622455  -0.066624
438.642454  -0.066634
438.662454  -0.066624
438.682453  -0.066593
438.702452  -0.066593
438.722451  -0.066624
438.742450  -0.066614
438.762450  -0.066614
438.782449  -0.066573
438.802448  -0.066614
438.822447  -0.066614
438.842446  -0.066614
438.862446  -0.066593
438.882445  -0.066593
438.902444  -0.066614
438.922443  -0.066624
438.942442  -0.066614
438.962442  -0.066583
438.982441  -0.066603
439.002440  -0.066603
439.022439  -0.066624
439.042438  -0.066583
439.062438  -0.066593
439.082437  -0.066614
439.102436  -0.066583
439.122435  -0.066583
439.142434  -0.066573
439.162434  -0.066603
439.182433  -0.066624
439.202432  -0.066573
439.222431  -0.066614
439.242430  -0.066593
439.262430  -0.066583
439.282429  -0.066573
439.302428  -0.066593
439.322427  -0.066624
439.342426  -0.066593
439.362426  -0.066583
439.382425  -0.066614
439.402424  -0.066614
439.422423  -0.066573
439.442422  -0.066614
439.462422  -0.066552
439.482421  -0.066583
439.502420  -0.066593
439.522419  -0.066542
439.542418  -0.066562
439.562418  -0.066593
439.582417  -0.066562
439.602416  -0.066583
439.622415  -0.066583
439.642414  -0.066562
439.662414  -0.066573
439.682413  -0.066573
439.702412  -0.066593
439.722411  -0.066573
439.742410  -0.066573
439.762410  -0.066562
439.782409  -0.066614
439.802408  -0.066583
439.822407  -0.066593
439.842406  -0.066573
439.862406  -0.066593
439.882405  -0.066573
439.902404  -0.066603
439.922403  -0.066573
439.942402  -0.066593
439.962402  -0.066614
439.982401  -0.066583
440.002400  -0.066603
440.022399  -0.066573
440.042398  -0.066593
440.062398  -0.066573
440.082397  -0.066583
440.102396  -0.066562
440.122395  -0.066583
440.142394  -0.066552
440.162394  -0.066593
440.182393  -0.066562
440.202392  -0.066552
440.222391  -0.066583
440.242390  -0.066562
440.262390  -0.066583
440.282389  -0.066583
440.302388  -0.066583
440.322387  -0.066583
440.342386  -0.066593
440.362386  -0.066583
440.382385  -0.066583
440.402384  -0.066603
440.422383  -0.066583
440.442382  -0.066593
440.462382  -0.066562
440.482381  -0.066593
440.502380  -0.066603
440.522379  -0.066583
440.542378  -0.066552
440.562378  -0.066562
440.582377  -0.066593
440.602376  -0.066583
440.622375  -0.066562
440.642374  -0.066603
440.662374  -0.066573
440.682373  -0.066573
440.702372  -0.066573
440.722371  -0.066573
440.742370  -0.066542
440.762370  -0.066573
440.782369  -0.066552
440.802368  -0.066552
440.822367  -0.066593
440.842366  -0.066562
440.862366  -0.066593
440.882365  -0.066583
440.902364  -0.066562
440.922363  -0.066562
440.942362  -0.066573
440.962362  -0.066593
440.982361  -0.066614
441.002360  -0.066614
441.022359  -0.066583
441.042358  -0.066603
441.062358  -0.066583
441.082357  -0.066552
441.102356  -0.066532
441.122355  -0.066573
441.142354  -0.066573
441.162354  -0.066583
441.182353  -0.066573
441.202352  -0.066562
441.222351  -0.066593
441.242350  -0.066562
441.262350  -0.066573
441.282349  -0.066583
441.302348  -0.066583
441.322347  -0.066542
441.342346  -0.066542
441.362346  -0.066552
441.382345  -0.066603
441.402344  -0.066573
441.422343  -0.066562
441.442342  -0.066562
441.462342  -0.066593
441.482341  -0.066593
441.502340  -0.066562
441.522339  -0.066552
441.542338  -0.066573
441.562338  -0.066532
441.582337  -0.066593
441.602336  -0.066562
441.622335  -0.066573
441.642334  -0.066532
441.662334  -0.066573
441.682333  -0.066573
441.702332  -0.066573
441.722331  -0.066562
441.742330  -0.066552
441.762330  -0.066573
441.782329  -0.066573
441.802328  -0.066552
441.822327  -0.066583
441.842326  -0.066583
441.862326  -0.066562
441.882325  -0.066552
441.902324  -0.066562
441.922323  -0.066583
441.942322  -0.066542
441.962322  -0.066583
441.982321  -0.066614
442.002320  -0.066593
442.022319  -0.066614
442.042318  -0.066573
442.062318  -0.066583
442.082317  -0.066562
442.102316  -0.066552
442.122315  -0.066583
442.142314  -0.066562
442.162314  -0.066552
442.182313  -0.066583
442.202312  -0.066532
442.222311  -0.066562
442.242310  -0.066573
442.262310  -0.066593
442.282309  -0.066552
442.302308  -0.066522
442.322307  -0.066552
442.342306  -0.066573
442.362306  -0.066552
442.382305  -0.066542
442.402304  -0.066573
442.422303  -0.066573
442.442302  -0.066573
442.462302  -0.066542
442.482301  -0.066573
442.502300  -0.066552
442.522299  -0.066573
442.542298  -0.066562
442.562298  -0.066583
442.582297  -0.066542
442.602296  -0.066583
442.622295  -0.066532
442.642294  -0.066552
442.662294  -0.066562
442.682293  -0.066532
442.702292  -0.066532
442.722291  -0.066532
442.742290  -0.066562
442.762290  -0.066511
442.782289  -0.066511
442.802288  -0.066532
442.822287  -0.066552
442.842286  -0.066542
442.862286  -0.066501
442.882285  -0.066552
442.902284  -0.066542
442.922283  -0.066532
442.942282  -0.066542
442.962282  -0.066583
442.982281  -0.066552
443.002280  -0.066573
443.022279  -0.066522
443.042278  -0.066522
443.062278  -0.066562
443.082277  -0.066552
443.102276  -0.066532
443.122275  -0.066542
443.142274  -0.066542
443.162274  -0.066542
443.182273  -0.066511
443.202272  -0.066522
443.222271  -0.066532
443.242270  -0.066552
443.262270  -0.066511
443.282269  -0.066501
443.302268  -0.066511
443.322267  -0.066501
443.342266  -0.066522
443.362266  -0.066501
443.382265  -0.066532
443.402264  -0.066501
443.422263  -0.066501
443.442262  -0.066501
443.462262  -0.066511
443.482261  -0.066522
443.502260  -0.066511
443.522259  -0.066562
443.542258  -0.066511
443.562258  -0.066491
443.582257  -0.066511
443.602256  -0.066501
443.622255  -0.066491
443.642254  -0.066501
443.662254  -0.066522
443.682253  -0.066532
443.702252  -0.066532
443.722251  -0.066491
443.742250  -0.066501
443.762250  -0.066532
443.782249  -0.066511
443.802248  -0.066491
443.822247  -0.066511
443.842246  -0.066511
443.862246  -0.066501
443.882245  -0.066481
443.902244  -0.066481
443.922243  -0.066501
443.942242  -0.066501
443.962242  -0.066491
443.982241  -0.066481
444.002240  -0.066491
444.022239  -0.066460
444.042238  -0.066481
444.062238  -0.066491
444.082237  -0.066532
444.102236  -0.066491
444.122235  -0.066481
444.142234  -0.066511
444.162234  -0.066501
444.182233  -0.066511
444.202232  -0.066450
444.222231  -0.066481
444.242230  -0.066491
444.262230  -0.066471
444.282229  -0.066481
444.302228  -0.066481
444.322227  -0.066481
444.342226  -0.066460
444.362226  -0.066471
444.382225  -0.066471
444.402224  -0.066471
444.422223  -0.066491
444.442222  -0.066471
444.462222  -0.066481
444.482221  -0.066481
444.502220  -0.066460
444.522219  -0.066450
444.542218  -0.066471
444.562218  -0.066481
444.582217  -0.066491
444.602216  -0.066481
444.622215  -0.066491
444.642214  -0.066491
444.662214  -0.066471
444.682213  -0.066511
444.702212  -0.066460
444.722211  -0.066501
444.742210  -0.066501
444.762210  -0.066481
444.782209  -0.066501
444.802208  -0.066491
444.822207  -0.066471
444.842206  -0.066481
444.862206  -0.066491
444.882205  -0.066481
444.902204  -0.066481
444.922203  -0.066481
444.942202  -0.066471
444.962202  -0.066491
444.982201  -0.066501
445.002200  -0.066460
445.022199  -0.066481
445.042198  -0.066471
445.062198  -0.066491
445.082197  -0.066481
445.102196  -0.066481
445.122195  -0.066471
445.142194  -0.066511
445.162194  -0.066491
445.182193  -0.066491
445.202192  -0.066491
445.222191  -0.066481
445.242190  -0.066501
445.262190  -0.066501
445.282189  -0.066491
445.302188  -0.066532
445.322187  -0.066501
445.342186  -0.066481
445.362186  -0.066501
445.382185  -0.066481
445.402184  -0.066450
445.422183  -0.066471
445.442182  -0.066522
445.462182  -0.066460
445.482181  -0.066460
445.502180  -0.066501
445.522179  -0.066511
445.542178  -0.066471
445.562178  -0.066481
445.582177  -0.066481
445.602176  -0.066481
445.622175  -0.066471
445.642174  -0.066501
445.662174  -0.066481
445.682173  -0.066501
445.702172  -0.066481
445.722171  -0.066471
445.742170  -0.066501
445.762170  -0.066501
445.782169  -0.066491
445.802168  -0.066501
445.822167  -0.066501
445.842166  -0.066481
445.862166  -0.066471
445.882165  -0.066481
445.902164  -0.066481
445.922163  -0.066460
445.942162  -0.066471
445.962162  -0.066460
445.982161  -0.066491
446.002160  -0.066491
446.022159  -0.066471
446.042158  -0.066450
446.062158  -0.066471
446.082157  -0.066491
446.102156  -0.066481
446.122155  -0.066471
446.142154  -0.066511
446.162154  -0.066481
446.182153  -0.066450
446.202152  -0.066471
446.222151  -0.066491
446.242150  -0.066532
446.262150  -0.066491
446.282149  -0.066471
446.302148  -0.066481
446.322147  -0.066501
446.342146  -0.066460
446.362146  -0.066481
446.382145  -0.066511
446.402144  -0.066511
446.422143  -0.066481
446.442142  -0.066491
446.462142  -0.066450
446.482141  -0.066481
446.502140  -0.066460
446.522139  -0.066450
446.542138  -0.066471
446.562138  -0.066460
446.582137  -0.066471
446.602136  -0.066481
446.622135  -0.066460
446.642134  -0.066481
446.662134  -0.066440
446.682133  -0.066491
446.702132  -0.066471
446.722131  -0.066460
446.742130  -0.066471
446.762130  -0.066471
446.782129  -0.066471
446.802128  -0.066491
446.822127  -0.066481
446.842126  -0.066481
446.862126  -0.066471
446.882125  -0.066471
446.902124  -0.066481
446.922123  -0.066440
446.942122  -0.066440
446.962122  -0.066460
446.982121  -0.066471
447.002120  -0.066471
447.022119  -0.066471
447.042118  -0.066460
447.062118  -0.066460
447.082117  -0.066430
447.102116  -0.066460
447.122115  -0.066491
447.142114  -0.066481
447.162114  -0.066460
447.182113  -0.066471
447.202112  -0.066460
447.222111  -0.066440
447.242110  -0.066491
447.262110  -0.066511
447.282109  -0.066450
447.302108  -0.066450
447.322107  -0.066471
447.342106  -0.066471
447.362106  -0.066460
447.382105  -0.066450
447.402104  -0.066440
447.422103  -0.066460
447.442102  -0.066501
447.462102  -0.066450
447.482101  -0.066430
447.502100  -0.066440
447.522099  -0.066471
447.542098  -0.066450
447.562098  -0.066481
447.582097  -0.066430
447.602096  -0.066481
447.622095  -0.066450
447.642094  -0.066460
447.662094  -0.066481
447.682093  -0.066460
447.702092  -0.066460
447.722091  -0.066430
447.742090  -0.066471
447.762090  -0.066450
447.782089  -0.066450
447.802088  -0.066440
447.822087  -0.066460
447.842086  -0.066450
447.862086  -0.066450
447.882085  -0.066460
447.902084  -0.066440
447.922083  -0.066471
447.942082  -0.066471
447.962082  -0.066460
447.982081  -0.066450
448.002080  -0.066440
448.022079  -0.066430
448.042078  -0.066440
448.062078  -0.066450
448.082077  -0.066450
448.102076  -0.066420
448.122075  -0.066440
448.142074  -0.066471
448.162074  -0.066420
448.182073  -0.066450
448.202072  -0.066440
448.222071  -0.066460
448.242070  -0.066440
448.262070  -0.066440
448.282069  -0.066409
448.302068  -0.066460
448.322067  -0.066430
448.342066  -0.066460
448.362066  -0.066450
448.382065  -0.066450
448.402064  -0.066409
448.422063  -0.066440
448.442062  -0.066450
448.462062  -0.066430
448.482061  -0.066420
448.502060  -0.066460
448.522059  -0.066450
448.542058  -0.066420
448.562058  -0.066409
448.582057  -0.066450
448.602056  -0.066430
448.622055  -0.066460
448.642054  -0.066471
448.662054  -0.066399
448.682053  -0.066450
448.702052  -0.066471
448.722051  -0.066420
448.742050  -0.066409
448.762050  -0.066450
448.782049  -0.066440
448.802048  -0.066420
448.822047  -0.066420
448.842046  -0.066450
448.862046  -0.066430
448.882045  -0.066420
448.902044  -0.066460
448.922043  -0.066471
448.942042  -0.066460
448.962042  -0.066460
448.982041  -0.066460
449.002040  -0.066460
449.022039  -0.066460
449.042038  -0.066450
449.062038  -0.066430
449.082037  -0.066460
449.102036  -0.066450
449.122035  -0.066440
449.142034  -0.066420
449.162034  -0.066430
449.182033  -0.066460
449.202032  -0.066440
449.222031  -0.066409
449.242030  -0.066440
449.262030  -0.066440
449.282029  -0.066440
449.302028  -0.066420
449.322027  -0.066460
449.342026  -0.066430
449.362026  -0.066460
449.382025  -0.066440
449.402024  -0.066450
449.422023  -0.066430
449.442022  -0.066430
449.462022  -0.066460
449.482021  -0.066450
449.502020  -0.066460
449.522019  -0.066460
449.542018  -0.066440
449.562018  -0.066430
449.582017  -0.066440
449.602016  -0.066420
449.622015  -0.066471
449.642014  -0.066450
449.662014  -0.066420
449.682013  -0.066420
449.702012  -0.066450
449.722011  -0.066471
449.742010  -0.066460
449.762010  -0.066450
449.782009  -0.066420
449.802008  -0.066440
449.822007  -0.066430
449.842006  -0.066471
449.862006  -0.066450
449.882005  -0.066450
449.902004  -0.066481
449.922003  -0.066440
449.942002  -0.066450
449.962002  -0.066450
449.982001  -0.066450
450.002000  -0.066420
450.021999  -0.066460
450.041998  -0.066491
450.061998  -0.066471
450.081997  -0.066409
450.101996  -0.066430
450.121995  -0.066430
450.141994  -0.066430
450.161994  -0.066450
450.181993  -0.066430
450.201992  -0.066409
450.221991  -0.066430
450.241990  -0.066440
450.261990  -0.066440
450.281989  -0.066471
450.301988  -0.066440
450.321987  -0.066440
450.341986  -0.066420
450.361986  -0.066471
450.381985  -0.066420
450.401984  -0.066399
450.421983  -0.066430
450.441982  -0.066450
450.461982  -0.066471
450.481981  -0.066409
450.501980  -0.066440
450.521979  -0.066460
450.541978  -0.066460
450.561978  -0.066430
450.581977  -0.066460
450.601976  -0.066440
450.621975  -0.066440
450.641974  -0.066440
450.661974  -0.066420
450.681973  -0.066450
450.701972  -0.066420
450.721971  -0.066399
450.741970  -0.066430
450.761970  -0.066430
450.781969  -0.066399
450.801968  -0.066409
450.821967  -0.066420
450.841966  -0.066430
450.861966  -0.066430
450.881965  -0.066430
450.901964  -0.066409
450.921963  -0.066440
450.941962  -0.066409
450.961962  -0.066420
450.981961  -0.066430
451.001960  -0.066450
451.021959  -0.066450
451.041958  -0.066420
451.061958  -0.066399
451.081957  -0.066450
451.101956  -0.066450
451.121955  -0.066440
451.141954  -0.066430
451.161954  -0.066450
451.181953  -0.066430
451.201952  -0.066389
451.221951  -0.066409
451.241950  -0.066420
451.261950  -0.066420
451.281949  -0.066430
451.301948  -0.066409
451.321947  -0.066430
451.341946  -0.066430
451.361946  -0.066389
451.381945  -0.066389
451.401944  -0.066430
451.421943  -0.066430
451.441942  -0.066420
451.461942  -0.066420
451.481941  -0.066440
451.501940  -0.066409
451.521939  -0.066420
451.541938  -0.066450
451.561938  -0.066450
451.581937  -0.066430
451.601936  -0.066409
451.621935  -0.066409
451.641934  -0.066430
451.661934  -0.066440
451.681933  -0.066409
451.701932  -0.066409
451.721931  -0.066389
451.741930  -0.066399
451.761930  -0.066399
451.781929  -0.066399
451.801928  -0.066409
451.821927  -0.066440
451.841926  -0.066399
451.861926  -0.066399
451.881925  -0.066430
451.901924  -0.066420
451.921923  -0.066420
451.941922  -0.066450
451.961922  -0.066430
451.981921  -0.066379
452.001920  -0.066430
452.021919  -0.066450
452.041918  -0.066420
452.061918  -0.066420
452.081917  -0.066420
452.101916  -0.066440
452.121915  -0.066450
452.141914  -0.066420
452.161914  -0.066430
452.181913  -0.066409
452.201912  -0.066440
452.221911  -0.066430
452.241910  -0.066430
452.261910  -0.066409
452.281909  -0.066409
452.301908  -0.066379
452.321907  -0.066420
452.341906  -0.066430
452.361906  -0.066409
452.381905  -0.066389
452.401904  -0.066379
452.421903  -0.066409
452.441902  -0.066450
452.461902  -0.066399
452.481901  -0.066430
452.501900  -0.066450
452.521899  -0.066430
452.541898  -0.066430
452.561898  -0.066430
452.581897  -0.066430
452.601896  -0.066450
452.621895  -0.066440
452.641894  -0.066450
452.661894  -0.066399
452.681893  -0.066440
452.701892  -0.066430
452.721891  -0.066389
452.741890  -0.066399
452.761890  -0.066440
452.781889  -0.066389
452.801888  -0.066430
452.821887  -0.066409
452.841886  -0.066409
452.861886  -0.066369
452.881885  -0.066409
452.901884  -0.066409
452.921883  -0.066430
452.941882  -0.066399
452.961882  -0.066430
452.981881  -0.066450
453.001880  -0.066420
453.021879  -0.066389
453.041878  -0.066420
453.061878  -0.066450
453.081877  -0.066430
453.101876  -0.066409
453.121875  -0.066409
453.141874  -0.066430
453.161874  -0.066409
453.181873  -0.066420
453.201872  -0.066420
453.221871  -0.066379
453.241870  -0.066399
453.261870  -0.066399
453.281869  -0.066409
453.301868  -0.066379
453.321867  -0.066379
453.341866  -0.066399
453.361866  -0.066409
453.381865  -0.066379
453.401864  -0.066409
453.421863  -0.066399
453.441862  -0.066409
453.461862  -0.066389
453.481861  -0.066409
453.501860  -0.066420
453.521859  -0.066389
453.541858  -0.066409
453.561858  -0.066379
453.581857  -0.066399
453.601856  -0.066430
453.621855  -0.066430
453.641854  -0.066409
453.661854  -0.066399
453.681853  -0.066399
453.701852  -0.066450
453.721851  -0.066430
453.741850  -0.066389
453.761850  -0.066420
453.781849  -0.066409
453.801848  -0.066369
453.821847  -0.066379
453.841846  -0.066379
453.861846  -0.066389
453.881845  -0.066399
453.901844  -0.066358
453.921843  -0.066389
453.941842  -0.066379
453.961842  -0.066379
453.981841  -0.066369
454.001840  -0.066379
454.021839  -0.066389
454.041838  -0.066399
454.061838  -0.066389
454.081837  -0.066379
454.101836  -0.066409
454.121835  -0.066379
454.141834  -0.066389
454.161834  -0.066399
454.181833  -0.066389
454.201832  -0.066399
454.221831  -0.066348
454.241830  -0.066379
454.261830  -0.066379
454.281829  -0.066369
454.301828  -0.066409
454.321827  -0.066389
454.341826  -0.066409
454.361826  -0.066338
454.381825  -0.066379
454.401824  -0.066409
454.421823  -0.066379
454.441822  -0.066399
454.461822  -0.066379
454.481821  -0.066409
454.501820  -0.066358
454.521819  -0.066379
454.541818  -0.066399
454.561818  -0.066369
454.581817  -0.066409
454.601816  -0.066369
454.621815  -0.066399
454.641814  -0.066389
454.661814  -0.066389
454.681813  -0.066369
454.701812  -0.066399
454.721811  -0.066369
454.741810  -0.066399
454.761810  -0.066369
454.781809  -0.066389
454.801808  -0.066399
454.821807  -0.066389
454.841806  -0.066369
454.861806  -0.066399
454.881805  -0.066358
454.901804  -0.066379
454.921803  -0.066369
454.941802  -0.066389
454.961802  -0.066348
454.981801  -0.066389
455.001800  -0.066389
455.021799  -0.066389
455.041798  -0.066379
455.061798  -0.066389
455.081797  -0.066379
455.101796  -0.066379
455.121795  -0.066389
455.141794  -0.066369
455.161794  -0.066369
455.181793  -0.066369
455.201792  -0.066409
455.221791  -0.066409
455.241790  -0.066369
455.261790  -0.066379
455.281789  -0.066399
455.301788  -0.066389
455.321787  -0.066348
455.341786  -0.066379
455.361786  -0.066379
455.381785  -0.066379
455.401784  -0.066358
455.421783  -0.066389
455.441782  -0.066379
455.461782  -0.066358
455.481781  -0.066369
455.501780  -0.066389
455.521779  -0.066389
455.541778  -0.066399
455.561778  -0.066389
455.581777  -0.066348
455.601776  -0.066379
455.621775  -0.066389
455.641774  -0.066379
455.661774  -0.066379
455.681773  -0.066389
455.701772  -0.066338
455.721771  -0.066379
455.741770  -0.066389
455.761770  -0.066409
455.781769  -0.066379
455.801768  -0.066348
455.821767  -0.066399
455.841766  -0.066369
455.861766  -0.066358
455.881765  -0.066369
455.901764  -0.066389
455.921763  -0.066369
455.941762  -0.066358
455.961762  -0.066338
455.981761  -0.066379
456.001760  -0.066328
456.021759  -0.066409
456.041758  -0.066358
456.061758  -0.066389
456.081757  -0.066358
456.101756  -0.066358
456.121755  -0.066358
456.141754  -0.066379
456.161754  -0.066379
456.181753  -0.066379
456.201752  -0.066369
456.221751  -0.066389
456.241750  -0.066399
456.261750  -0.066358
456.281749  -0.066358
456.301748  -0.066358
456.321747  -0.066409
456.341746  -0.066409
456.361746  -0.066358
456.381745  -0.066338
456.401744  -0.066389
456.421743  -0.066358
456.441742  -0.066348
456.461742  -0.066379
456.481741  -0.066369
456.501740  -0.066348
456.521739  -0.066369
456.541738  -0.066379
456.561738  -0.066369
456.581737  -0.066379
456.601736  -0.066358
456.621735  -0.066399
456.641734  -0.066379
456.661734  -0.066348
456.681733  -0.066348
456.701732  -0.066379
456.721731  -0.066389
456.741730  -0.066379
456.761730  -0.066369
456.781729  -0.066379
456.801728  -0.066379
456.821727  -0.066348
456.841726  -0.066338
456.861726  -0.066358
456.881725  -0.066358
456.901724  -0.066369
456.921723  -0.066369
456.941722  -0.066369
456.961722  -0.066358
456.981721  -0.066358
457.001720  -0.066328
457.021719  -0.066348
457.041718  -0.066328
457.061718  -0.066348
457.081717  -0.066338
457.101716  -0.066348
457.121715  -0.066348
457.141714  -0.066358
457.161714  -0.066348
457.181713  -0.066369
457.201712  -0.066348
457.221711  -0.066348
457.241710  -0.066348
457.261710  -0.066348
457.281709  -0.066358
457.301708  -0.066318
457.321707  -0.066348
457.341706  -0.066328
457.361706  -0.066369
457.381705  -0.066328
457.401704  -0.066338
457.421703  -0.066328
457.441702  -0.066348
457.461702  -0.066328
457.481701  -0.066348
457.501700  -0.066328
457.521699  -0.066348
457.541698  -0.066307
457.561698  -0.066318
457.581697  -0.066358
457.601696  -0.066348
457.621695  -0.066348
457.641694  -0.066318
457.661694  -0.066328
457.681693  -0.066358
457.701692  -0.066307
457.721691  -0.066328
457.741690  -0.066348
457.761690  -0.066328
457.781689  -0.066348
457.801688  -0.066358
457.821687  -0.066348
457.841686  -0.066338
457.861686  -0.066328
457.881685  -0.066358
457.901684  -0.066328
457.921683  -0.066318
457.941682  -0.066287
457.961682  -0.066307
457.981681  -0.066328
458.001680  -0.066358
458.021679  -0.066297
458.041678  -0.066318
458.061678  -0.066318
458.081677  -0.066328
458.101676  -0.066297
458.121675  -0.066328
458.141674  -0.066318
458.161674  -0.066307
458.181673  -0.066287
458.201672  -0.066307
458.221671  -0.066307
458.241670  -0.066307
458.261670  -0.066318
458.281669  -0.066328
458.301668  -0.066338
458.321667  -0.066318
458.341666  -0.066297
458.361666  -0.066307
458.381665  -0.066297
458.401664  -0.066277
458.421663  -0.066328
458.441662  -0.066287
458.461662  -0.066287
458.481661  -0.066277
458.501660  -0.066297
458.521659  -0.066328
458.541658  -0.066307
458.561658  -0.066297
458.581657  -0.066307
458.601656  -0.066297
458.621655  -0.066287
458.641654  -0.066287
458.661654  -0.066297
458.681653  -0.066267
458.701652  -0.066297
458.721651  -0.066318
458.741650  -0.066267
458.761650  -0.066277
458.781649  -0.066318
458.801648  -0.066267
458.821647  -0.066307
458.841646  -0.066297
458.861646  -0.066307
458.881645  -0.066307
458.901644  -0.066267
458.921643  -0.066287
458.941642  -0.066287
458.961642  -0.066277
458.981641  -0.066297
459.001640  -0.066297
459.021639  -0.066267
459.041638  -0.066277
459.061638  -0.066267
459.081637  -0.066297
459.101636  -0.066246
459.121635  -0.066287
459.141634  -0.066267
459.161634  -0.066277
459.181633  -0.066267
459.201632  -0.066277
459.221631  -0.066287
459.241630  -0.066287
459.261630  -0.066267
459.281629  -0.066256
459.301628  -0.066267
459.321627  -0.066277
459.341626  -0.066267
459.361626  -0.066267
459.381625  -0.066256
459.401624  -0.066267
459.421623  -0.066277
459.441622  -0.066277
459.461622  -0.066236
459.481621  -0.066277
459.501620  -0.066256
459.521619  -0.066236
459.541618  -0.066297
459.561618  -0.066256
459.581617  -0.066287
459.601616  -0.066226
459.621615  -0.066246
459.641614  -0.066236
459.661614  -0.066246
459.681613  -0.066226
459.701612  -0.066226
459.721611  -0.066236
459.741610  -0.066246
459.761610  -0.066267
459.781609  -0.066236
459.801608  -0.066256
459.821607  -0.066246
459.841606  -0.066216
459.861606  -0.066246
459.881605  -0.066246
459.901604  -0.066267
459.921603  -0.066246
459.941602  -0.066267
459.961602  -0.066256
459.981601  -0.066246
460.001600  -0.066236
460.021599  -0.066246
460.041598  -0.066256
460.061598  -0.066226
460.081597  -0.066216
460.101596  -0.066246
460.121595  -0.066236
460.141594  -0.066236
460.161594  -0.066226
460.181593  -0.066226
460.201592  -0.066246
460.221591  -0.066216
460.241590  -0.066226
460.261590  -0.066216
460.281589  -0.066236
460.301588  -0.066236
460.321587  -0.066226
460.341586  -0.066246
460.361586  -0.066256
460.381585  -0.066216
460.401584  -0.066216
460.421583  -0.066226
460.441582  -0.066236
460.461582  -0.066226
460.481581  -0.066226
460.501580  -0.066216
460.521579  -0.066246
460.541578  -0.066216
460.561578  -0.066205
460.581577  -0.066216
460.601576  -0.066226
460.621575  -0.066226
460.641574  -0.066195
460.661574  -0.066185
460.681573  -0.066205
460.701572  -0.066216
460.721571  -0.066195
460.741570  -0.066236
460.761570  -0.066216
460.781569  -0.066226
460.801568  -0.066185
460.821567  -0.066185
460.841566  -0.066226
460.861566  -0.066185
460.881565  -0.066205
460.901564  -0.066185
460.921563  -0.066205
460.941562  -0.066195
460.961562  -0.066226
460.981561  -0.066175
461.001560  -0.066236
461.021559  -0.066216
461.041558  -0.066205
461.061558  -0.066205
461.081557  -0.066195
461.101556  -0.066185
461.121555  -0.066195
461.141554  -0.066185
461.161554  -0.066165
461.181553  -0.066185
461.201552  -0.066185
461.221551  -0.066185
461.241550  -0.066195
461.261550  -0.066165
461.281549  -0.066144
461.301548  -0.066205
461.321547  -0.066216
461.341546  -0.066175
461.361546  -0.066175
461.381545  -0.066165
461.401544  -0.066226
461.421543  -0.066216
461.441542  -0.066175
461.461542  -0.066185
461.481541  -0.066216
461.501540  -0.066195
461.521539  -0.066195
461.541538  -0.066175
461.561538  -0.066216
461.581537  -0.066175
461.601536  -0.066195
461.621535  -0.066165
461.641534  -0.066185
461.661534  -0.066165
461.681533  -0.066154
461.701532  -0.066165
461.721531  -0.066175
461.741530  -0.066165
461.761530  -0.066144
461.781529  -0.066205
461.801528  -0.066185
461.821527  -0.066144
461.841526  -0.066165
461.861526  -0.066185
461.881525  -0.066165
461.901524  -0.066165
461.921523  -0.066165
461.941522  -0.066185
461.961522  -0.066175
461.981521  -0.066175
462.001520  -0.066205
462.021519  -0.066195
462.041518  -0.066185
462.061518  -0.066185
462.081517  -0.066175
462.101516  -0.066144
462.121515  -0.066175
462.141514  -0.066185
462.161514  -0.066175
462.181513  -0.066154
462.201512  -0.066175
462.221511  -0.066175
462.241510  -0.066124
462.261510  -0.066134
462.281509  -0.066185
462.301508  -0.066175
462.321507  -0.066165
462.341506  -0.066144
462.361506  -0.066185
462.381505  -0.066144
462.401504  -0.066154
462.421503  -0.066144
462.441502  -0.066144
462.461502  -0.066144
462.481501  -0.066144
462.501500  -0.066144
462.521499  -0.066165
462.541498  -0.066144
462.561498  -0.066165
462.581497  -0.066154
462.601496  -0.066205
462.621495  -0.066154
462.641494  -0.066144
462.661494  -0.066154
462.681493  -0.066185
462.701492  -0.066144
462.721491  -0.066144
462.741490  -0.066144
462.761490  -0.066154
462.781489  -0.066144
462.801488  -0.066154
462.821487  -0.066134
462.841486  -0.066154
462.861486  -0.066185
462.881485  -0.066124
462.901484  -0.066154
462.921483  -0.066103
462.941482  -0.066144
462.961482  -0.066144
462.981481  -0.066154
463.001480  -0.066134
463.021479  -0.066165
463.041478  -0.066154
463.061478  -0.066134
463.081477  -0.066154
463.101476  -0.066154
463.121475  -0.066124
463.141474  -0.066114
463.161474  -0.066165
463.181473  -0.066144
463.201472  -0.066124
463.221471  -0.066134
463.241470  -0.066134
463.261470  -0.066144
463.281469  -0.066134
463.301468  -0.066124
463.321467  -0.066134
463.341466  -0.066124
463.361466  -0.066103
463.381465  -0.066103
463.401464  -0.066124
463.421463  -0.066103
463.441462  -0.066093
463.461462  -0.066103
463.481461  -0.066093
463.501460  -0.066134
463.521459  -0.066124
463.541458  -0.066114
463.561458  -0.066124
463.581457  -0.066124
463.601456  -0.066144
463.621455  -0.066103
463.641454  -0.066124
463.661454  -0.066103
463.681453  -0.066124
463.701452  -0.066103
463.721451  -0.066114
463.741450  -0.066103
463.761450  -0.066103
463.781449  -0.066073
463.801448  -0.066134
463.821447  -0.066093
463.841446  -0.066103
463.861446  -0.066093
463.881445  -0.066083
463.901444  -0.066083
463.921443  -0.066103
463.941442  -0.066114
463.961442  -0.066073
463.981441  -0.066114
464.001440  -0.066103
464.021439  -0.066073
464.041438  -0.066073
464.061438  -0.066083
464.081437  -0.066083
464.101436  -0.066144
464.121435  -0.066124
464.141434  -0.066073
464.161434  -0.066083
464.181433  -0.066083
464.201432  -0.066093
464.221431  -0.066073
464.241430  -0.066093
464.261430  -0.066083
464.281429  -0.066093
464.301428  -0.066083
464.321427  -0.066073
464.341426  -0.066093
464.361426  -0.066073
464.381425  -0.066042
464.401424  -0.066052
464.421423  -0.066052
464.441422  -0.066042
464.461422  -0.066032
464.481421  -0.066052
464.501420  -0.066042
464.521419  -0.066073
464.541418  -0.066022
464.561418  -0.066032
464.581417  -0.066063
464.601416  -0.066063
464.621415  -0.066073
464.641414  -0.066063
464.661414  -0.066073
464.681413  -0.066042
464.701412  -0.066022
464.721411  -0.066063
464.741410  -0.066042
464.761410  -0.066032
464.781409  -0.066073
464.801408  -0.066032
464.821407  -0.066063
464.841406  -0.066042
464.861406  -0.066011
464.881405  -0.066011
464.901404  -0.066042
464.921403  -0.066042
464.941402  -0.066011
464.961402  -0.066022
464.981401  -0.066042
465.001400  -0.066032
465.021399  -0.066001
465.041398  -0.066011
465.061398  -0.066022
465.081397  -0.066042
465.101396  -0.066032
465.121395  -0.066022
465.141394  -0.066042
465.161394  -0.066032
465.181393  -0.066001
465.201392  -0.066001
465.221391  -0.066011
465.241390  -0.065981
465.261390  -0.065940
465.281389  -0.065960
465.301388  -0.065981
465.321387  -0.065971
465.341386  -0.065971
465.361386  -0.065981
465.381385  -0.065971
465.401384  -0.065940
465.421383  -0.065920
465.441382  -0.065930
465.461382  -0.065909
465.481381  -0.065899
465.501380  -0.065879
465.521379  -0.065899
465.541378  -0.065899
465.561378  -0.065909
465.581377  -0.065848
465.601376  -0.065899
465.621375  -0.065858
465.641374  -0.065848
465.661374  -0.065858
465.681373  -0.065869
465.701372  -0.065848
465.721371  -0.065828
465.741370  -0.065828
465.761370  -0.065818
465.781369  -0.065838
465.801368  -0.065787
465.821367  -0.065838
465.841366  -0.065807
465.861366  -0.065818
465.881365  -0.065756
465.901364  -0.065787
465.921363  -0.065767
465.941362  -0.065777
465.961362  -0.065767
465.981361  -0.065746
466.001360  -0.065716
466.021359  -0.065756
466.041358  -0.065726
466.061358  -0.065716
466.081357  -0.065726
466.101356  -0.065746
466.121355  -0.065705
466.141354  -0.065695
466.161354  -0.065716
466.181353  -0.065705
466.201352  -0.065685
466.221351  -0.065685
466.241350  -0.065685
466.261350  -0.065665
466.281349  -0.065665
466.301348  -0.065665
466.321347  -0.065665
466.341346  -0.065644
466.361346  -0.065634
466.381345  -0.065634
466.401344  -0.065624
466.421343  -0.065614
466.441342  -0.065603
466.461342  -0.065603
466.481341  -0.065614
466.501340  -0.065583
466.521339  -0.065573
466.541338  -0.065583
466.561338  -0.065603
466.581337  -0.065552
466.601336  -0.065563
466.621335  -0.065501
466.641334  -0.065552
466.661334  -0.065552
466.681333  -0.065552
466.701332  -0.065552
466.721331  -0.065563
466.741330  -0.065542
466.761330  -0.065501
466.781329  -0.065491
466.801328  -0.065501
466.821327  -0.065511
466.841326  -0.065511
466.861326  -0.065491
466.881325  -0.065481
466.901324  -0.065501
466.921323  -0.065471
466.941322  -0.065450
466.961322  -0.065460
466.981321  -0.065511
467.001320  -0.065440
467.021319  -0.065450
467.041318  -0.065440
467.061318  -0.065430
467.081317  -0.065399
467.101316  -0.065409
467.121315  -0.065440
467.141314  -0.065420
467.161314  -0.065409
467.181313  -0.065399
467.201312  -0.065399
467.221311  -0.065369
467.241310  -0.065379
467.261310  -0.065348
467.281309  -0.065379
467.301308  -0.065369
467.321307  -0.065338
467.341306  -0.065348
467.361306  -0.065369
467.381305  -0.065358
467.401304  -0.065328
467.421303  -0.065328
467.441302  -0.065348
467.461302  -0.065328
467.481301  -0.065328
467.501300  -0.065318
467.521299  -0.065307
467.541298  -0.065328
467.561298  -0.065267
467.581297  -0.065267
467.601296  -0.065267
467.621295  -0.065277
467.641294  -0.065287
467.661294  -0.065287
467.681293  -0.065297
467.701292  -0.065267
467.721291  -0.065236
467.741290  -0.065256
467.761290  -0.065277
467.781289  -0.065246
467.801288  -0.065226
467.821287  -0.065226
467.841286  -0.065226
467.861286  -0.065216
467.881285  -0.065226
467.901284  -0.065205
467.921283  -0.065195
467.941282  -0.065256
467.961282  -0.065205
467.981281  -0.065205
468.001280  -0.065175
468.021279  -0.065154
468.041278  -0.065175
468.061278  -0.065175
468.081277  -0.065195
468.101276  -0.065124
468.121275  -0.065134
468.141274  -0.065144
468.161274  -0.065154
468.181273  -0.065154
468.201272  -0.065134
468.221271  -0.065144
468.241270  -0.065134
468.261270  -0.065114
468.281269  -0.065093
468.301268  -0.065114
468.321267  -0.065103
468.341266  -0.065073
468.361266  -0.065103
468.381265  -0.065073
468.401264  -0.065063
468.421263  -0.065083
468.441262  -0.065063
468.461262  -0.065063
468.481261  -0.065083
468.501260  -0.065063
468.521259  -0.065022
468.541258  -0.065001
468.561258  -0.065001
468.581257  -0.065012
468.601256  -0.065001
468.621255  -0.065001
468.641254  -0.064991
468.661254  -0.064991
468.681253  -0.064960
468.701252  -0.065012
468.721251  -0.064981
468.741250  -0.065001
468.761250  -0.065001
468.781249  -0.064991
468.801248  -0.064940
468.821247  -0.064940
468.841246  -0.064981
468.861246  -0.064940
468.881245  -0.064950
468.901244  -0.064930
468.921243  -0.064909
468.941242  -0.064940
468.961242  -0.064930
468.981241  -0.064909
469.001240  -0.064909
469.021239  -0.064889
469.041238  -0.064920
469.061238  -0.064879
469.081237  -0.064858
469.101236  -0.064869
469.121235  -0.064858
469.141234  -0.064818
469.161234  -0.064828
469.181233  -0.064818
469.201232  -0.064848
469.221231  -0.064848
469.241230  -0.064818
469.261230  -0.064828
469.281229  -0.064818
469.301228  -0.064818
469.321227  -0.064838
469.341226  -0.064858
469.361226  -0.064828
469.381225  -0.064818
469.401224  -0.064777
469.421223  -0.064787
469.441222  -0.064787
469.461222  -0.064807
469.481221  -0.064777
469.501220  -0.064787
469.521219  -0.064756
469.541218  -0.064736
469.561218  -0.064716
469.581217  -0.064756
469.601216  -0.064736
469.621215  -0.064716
469.641214  -0.064716
469.661214  -0.064695
469.681213  -0.064695
469.701212  -0.064675
469.721211  -0.064665
469.741210  -0.064685
469.761210  -0.064695
469.781209  -0.064685
469.801208  -0.064654
469.821207  -0.064685
469.841206  -0.064675
469.861206  -0.064675
469.881205  -0.064665
469.901204  -0.064675
469.921203  -0.064634
469.941202  -0.064634
469.961202  -0.064634
469.981201  -0.064654
470.001200  -0.064603
470.021199  -0.064644
470.041198  -0.064634
470.061198  -0.064654
470.081197  -0.064593
470.101196  -0.064583
470.121195  -0.064583
470.141194  -0.064593
470.161194  -0.064583
470.181193  -0.064573
470.201192  -0.064593
470.221191  -0.064563
470.241190  -0.064573
470.261190  -0.064532
470.281189  -0.064552
470.301188  -0.064583
470.321187  -0.064542
470.341186  -0.064563
470.361186  -0.064542
470.381185  -0.064552
470.401184  -0.064542
470.421183  -0.064501
470.441182  -0.064522
470.461182  -0.064542
470.481181  -0.064522
470.501180  -0.064501
470.521179  -0.064532
470.541178  -0.064501
470.561178  -0.064512
470.581177  -0.064491
470.601176  -0.064491
470.621175  -0.064481
470.641174  -0.064461
470.661174  -0.064471
470.681173  -0.064481
470.701172  -0.064450
470.721171  -0.064461
470.741170  -0.064450
470.761170  -0.064461
470.781169  -0.064440
470.801168  -0.064430
470.821167  -0.064420
470.841166  -0.064440
470.861166  -0.064430
470.881165  -0.064440
470.901164  -0.064420
470.921163  -0.064440
470.941162  -0.064409
470.961162  -0.064399
470.981161  -0.064389
471.001160  -0.064409
471.021159  -0.064430
471.041158  -0.064379
471.061158  -0.064389
471.081157  -0.064420
471.101156  -0.064389
471.121155  -0.064409
471.141154  -0.064389
471.161154  -0.064358
471.181153  -0.064399
471.201152  -0.064318
471.221151  -0.064348
471.241150  -0.064348
471.261150  -0.064369
471.281149  -0.064328
471.301148  -0.064328
471.321147  -0.064338
471.341146  -0.064338
471.361146  -0.064328
471.381145  -0.064338
471.401144  -0.064318
471.421143  -0.064287
471.441142  -0.064297
471.461142  -0.064287
471.481141  -0.064307
471.501140  -0.064318
471.521139  -0.064297
471.541138  -0.064277
471.561138  -0.064277
471.581137  -0.064277
471.601136  -0.064256
471.621135  -0.064226
471.641134  -0.064267
471.661134  -0.064236
471.681133  -0.064236
471.701132  -0.064246
471.721131  -0.064277
471.741130  -0.064246
471.761130  -0.064205
471.781129  -0.064185
471.801128  -0.064216
471.821127  -0.064175
471.841126  -0.064185
471.861126  -0.064165
471.881125  -0.064185
471.901124  -0.064185
471.921123  -0.064185
471.941122  -0.064154
471.961122  -0.064185
471.981121  -0.064124
472.001120  -0.064134
472.021119  -0.064165
472.041118  -0.064144
472.061118  -0.064175
472.081117  -0.064144
472.101116  -0.064144
472.121115  -0.064114
472.141114  -0.064124
472.161114  -0.064093
472.181113  -0.064093
472.201112  -0.064093
472.221111  -0.064073
472.241110  -0.064093
472.261110  -0.064073
472.281109  -0.064063
472.301108  -0.064052
472.321107  -0.064012
472.341106  -0.064042
472.361106  -0.064042
472.381105  -0.064052
472.401104  -0.064042
472.421103  -0.064001
472.441102  -0.064032
472.461102  -0.064032
472.481101  -0.064012
472.501100  -0.064022
472.521099  -0.064022
472.541098  -0.064022
472.561098  -0.063981
472.581097  -0.064001
472.601096  -0.064001
472.621095  -0.063981
472.641094  -0.063991
472.661094  -0.063971
472.681093  -0.063950
472.701092  -0.063971
472.721091  -0.063930
472.741090  -0.063940
472.761090  -0.063940
472.781089  -0.063930
472.801088  -0.063920
472.821087  -0.063920
472.841086  -0.063920
472.861086  -0.063899
472.881085  -0.063879
472.901084  -0.063889
472.921083  -0.063889
472.941082  -0.063879
472.961082  -0.063899
472.981081  -0.063858
473.001080  -0.063848
473.021079  -0.063848
473.041078  -0.063869
473.061078  -0.063838
473.081077  -0.063879
473.101076  -0.063838
473.121075  -0.063828
473.141074  -0.063807
473.161074  -0.063807
473.181073  -0.063858
473.201072  -0.063777
473.221071  -0.063787
473.241070  -0.063787
473.261070  -0.063807
473.281069  -0.063767
473.301068  -0.063787
473.321067  -0.063777
473.341066  -0.063777
473.361066  -0.063767
473.381065  -0.063777
473.401064  -0.063756
473.421063  -0.063746
473.441062  -0.063716
473.461062  -0.063777
473.481061  -0.063726
473.501060  -0.063726
473.521059  -0.063726
473.541058  -0.063726
473.561058  -0.063695
473.581057  -0.063736
473.601056  -0.063726
473.621055  -0.063675
473.641054  -0.063716
473.661054  -0.063716
473.681053  -0.063695
473.701052  -0.063685
473.721051  -0.063675
473.741050  -0.063654
473.761050  -0.063665
473.781049  -0.063654
473.801048  -0.063644
473.821047  -0.063675
473.841046  -0.063654
473.861046  -0.063644
473.881045  -0.063634
473.901044  -0.063634
473.921043  -0.063614
473.941042  -0.063603
473.961042  -0.063614
473.981041  -0.063614
474.001040  -0.063593
474.021039  -0.063583
474.041038  -0.063603
474.061038  -0.063593
474.081037  -0.063603
474.101036  -0.063583
474.121035  -0.063573
474.141034  -0.063573
474.161034  -0.063593
474.181033  -0.063593
474.201032  -0.063614
474.221031  -0.063532
474.241030  -0.063552
474.261030  -0.063552
474.281029  -0.063542
474.301028  -0.063552
474.321027  -0.063501
474.341026  -0.063532
474.361026  -0.063552
474.381025  -0.063522
474.401024  -0.063501
474.421023  -0.063522
474.441022  -0.063481
474.461022  -0.063481
474.481021  -0.063491
474.501020  -0.063491
474.521019  -0.063461
474.541018  -0.063481
474.561018  -0.063481
474.581017  -0.063461
474.601016  -0.063461
474.621015  -0.063450
474.641014  -0.063471
474.661014  -0.063461
474.681013  -0.063481
474.701012  -0.063440
474.721011  -0.063440
474.741010  -0.063440
474.761010  -0.063430
474.781009  -0.063420
474.801008  -0.063430
474.821007  -0.063410
474.841006  -0.063379
474.861006  -0.063389
474.881005  -0.063399
474.901004  -0.063399
474.921003  -0.063358
474.941002  -0.063358
474.961002  -0.063358
474.981001  -0.063358
475.001000  -0.063318
475.020999  -0.063318
475.040998  -0.063338
475.060998  -0.063338
475.080997  -0.063348
475.100996  -0.063338
475.120995  -0.063318
475.140994  -0.063338
475.160994  -0.063277
475.180993  -0.063328
475.200992  -0.063328
475.220991  -0.063307
475.240990  -0.063307
475.260990  -0.063297
475.280989  -0.063267
475.300988  -0.063267
475.320987  -0.063256
475.340986  -0.063256
475.360986  -0.063256
475.380985  -0.063246
475.400984  -0.063267
475.420983  -0.063246
475.440982  -0.063256
475.460982  -0.063216
475.480981  -0.063236
475.500980  -0.063226
475.520979  -0.063216
475.540978  -0.063216
475.560978  -0.063236
475.580977  -0.063195
475.600976  -0.063216
475.620975  -0.063216
475.640974  -0.063205
475.660974  -0.063185
475.680973  -0.063216
475.700972  -0.063185
475.720971  -0.063165
475.740970  -0.063165
475.760970  -0.063165
475.780969  -0.063144
475.800968  -0.063144
475.820967  -0.063124
475.840966  -0.063124
475.860966  -0.063134
475.880965  -0.063083
475.900964  -0.063114
475.920963  -0.063114
475.940962  -0.063134
475.960962  -0.063134
475.980961  -0.063093
476.000960  -0.063093
476.020959  -0.063083
476.040958  -0.063063
476.060958  -0.063103
476.080957  -0.063073
476.100956  -0.063063
476.120955  -0.063073
476.140954  -0.063063
476.160954  -0.063093
476.180953  -0.063073
476.200952  -0.063032
476.220951  -0.063032
476.240950  -0.063063
476.260950  -0.063032
476.280949  -0.063032
476.300948  -0.063012
476.320947  -0.063042
476.340946  -0.063001
476.360946  -0.063022
476.380945  -0.063001
476.400944  -0.062981
476.420943  -0.063032
476.440942  -0.062991
476.460942  -0.062981
476.480941  -0.062991
476.500940  -0.062981
476.520939  -0.062961
476.540938  -0.062940
476.560938  -0.062971
476.580937  -0.062961
476.600936  -0.062950
476.620935  -0.062940
476.640934  -0.062971
476.660934  -0.062920
476.680933  -0.062971
476.700932  -0.062920
476.720931  -0.062920
476.740930  -0.062971
476.760930  -0.062910
476.780929  -0.062899
476.800928  -0.062899
476.820927  -0.062899
476.840926  -0.062899
476.860926  -0.062910
476.880925  -0.062889
476.900924  -0.062869
476.920923  -0.062869
476.940922  -0.062859
476.960922  -0.062879
476.980921  -0.062859
477.000920  -0.062828
477.020919  -0.062859
477.040918  -0.062848
477.060918  -0.062889
477.080917  -0.062807
477.100916  -0.062807
477.120915  -0.062838
477.140914  -0.062828
477.160914  -0.062848
477.180913  -0.062807
477.200912  -0.062828
477.220911  -0.062797
477.240910  -0.062797
477.260910  -0.062777
477.280909  -0.062828
477.300908  -0.062777
477.320907  -0.062787
477.340906  -0.062777
477.360906  -0.062797
477.380905  -0.062787
477.400904  -0.062736
477.420903  -0.062767
477.440902  -0.062726
477.460902  -0.062726
477.480901  -0.062716
477.500900  -0.062736
477.520899  -0.062726
477.540898  -0.062705
477.560898  -0.062726
477.580897  -0.062716
477.600896  -0.062705
477.620895  -0.062695
477.640894  -0.062705
477.660894  -0.062695
477.680893  -0.062716
477.700892  -0.062695
477.720891  -0.062695
477.740890  -0.062675
477.760890  -0.062695
477.780889  -0.062675
477.800888  -0.062665
477.820887  -0.062634
477.840886  -0.062665
477.860886  -0.062654
477.880885  -0.062644
477.900884  -0.062603
477.920883  -0.062644
477.940882  -0.062614
477.960882  -0.062603
477.980881  -0.062603
478.000880  -0.062573
478.020879  -0.062603
478.040878  -0.062583
478.060878  -0.062573
478.080877  -0.062573
478.100876  -0.062552
478.120875  -0.062573
478.140874  -0.062593
478.160874  -0.062552
478.180873  -0.062552
478.200872  -0.062552
478.220871  -0.062542
478.240870  -0.062542
478.260870  -0.062552
478.280869  -0.062532
478.300868  -0.062552
478.320867  -0.062532
478.340866  -0.062522
478.360866  -0.062512
478.380865  -0.062522
478.400864  -0.062481
478.420863  -0.062481
478.440862  -0.062471
478.460862  -0.062461
478.480861  -0.062450
478.500860  -0.062471
478.520859  -0.062430
478.540858  -0.062450
478.560858  -0.062481
478.580857  -0.062471
478.600856  -0.062410
478.620855  -0.062440
478.640854  -0.062410
478.660854  -0.062450
478.680853  -0.062430
478.700852  -0.062410
478.720851  -0.062420
478.740850  -0.062430
478.760850  -0.062389
478.780849  -0.062399
478.800848  -0.062399
478.820847  -0.062399
478.840846  -0.062338
478.860846  -0.062369
478.880845  -0.062389
478.900844  -0.062359
478.920843  -0.062338
478.940842  -0.062359
478.960842  -0.062369
478.980841  -0.062369
479.000840  -0.062318
479.020839  -0.062328
479.040838  -0.062297
479.060838  -0.062297
479.080837  -0.062338
479.100836  -0.062297
479.120835  -0.062277
479.140834  -0.062287
479.160834  -0.062287
479.180833  -0.062267
479.200832  -0.062267
479.220831  -0.062267
479.240830  -0.062246
479.260830  -0.062246
479.280829  -0.062256
479.300828  -0.062236
479.320827  -0.062216
479.340826  -0.062246
479.360826  -0.062256
479.380825  -0.062256
479.400824  -0.062236
479.420823  -0.062226
479.440822  -0.062226
479.460822  -0.062185
479.480821  -0.062165
479.500820  -0.062185
479.520819  -0.062216
479.540818  -0.062226
479.560818  -0.062165
479.580817  -0.062165
479.600816  -0.062144
479.620815  -0.062165
479.640814  -0.062175
479.660814  -0.062124
479.680813  -0.062134
479.700812  -0.062134
479.720811  -0.062103
479.740810  -0.062134
479.760810  -0.062144
479.780809  -0.062103
479.800808  -0.062114
479.820807  -0.062165
479.840806  -0.062124
479.860806  -0.062124
479.880805  -0.062103
479.900804  -0.062093
479.920803  -0.062124
479.940802  -0.062114
479.960802  -0.062052
479.980801  -0.062073
480.000800  -0.062052
480.020799  -0.062042
480.040798  -0.062052
480.060798  -0.062052
480.080797  -0.062032
480.100796  -0.062032
480.120795  -0.062001
480.140794  -0.062022
480.160794  -0.062022
480.180793  -0.062001
480.200792  -0.062032
480.220791  -0.062012
480.240790  -0.062032
480.260790  -0.062022
480.280789  -0.061971
480.300788  -0.062012
480.320787  -0.061991
480.340786  -0.061981
480.360786  -0.061991
480.380785  -0.061991
480.400784  -0.061940
480.420783  -0.061991
480.440782  -0.061981
480.460782  -0.061950
480.480781  -0.061961
480.500780  -0.061971
480.520779  -0.061971
480.540778  -0.061940
480.560778  -0.061940
480.580777  -0.061899
480.600776  -0.061930
480.620775  -0.061910
480.640774  -0.061910
480.660774  -0.061899
480.680773  -0.061920
480.700772  -0.061899
480.720771  -0.061869
480.740770  -0.061889
480.760770  -0.061899
480.780769  -0.061879
480.800768  -0.061879
480.820767  -0.061869
480.840766  -0.061869
480.860766  -0.061879
480.880765  -0.061838
480.900764  -0.061859
480.920763  -0.061859
480.940762  -0.061869
480.960762  -0.061828
480.980761  -0.061808
481.000760  -0.061818
481.020759  -0.061869
481.040758  -0.061838
481.060758  -0.061818
481.080757  -0.061818
481.100756  -0.061808
481.120755  -0.061787
481.140754  -0.061777
481.160754  -0.061818
481.180753  -0.061787
481.200752  -0.061787
481.220751  -0.061756
481.240750  -0.061756
481.260750  -0.061756
481.280749  -0.061756
481.300748  -0.061756
481.320747  -0.061777
481.340746  -0.061777
481.360746  -0.061736
481.380745  -0.061695
481.400744  -0.061726
481.420743  -0.061767
481.440742  -0.061705
481.460742  -0.061705
481.480741  -0.061685
481.500740  -0.061746
481.520739  -0.061695
481.540738  -0.061716
481.560738  -0.061685
481.580737  -0.061716
481.600736  -0.061685
481.620735  -0.061665
481.640734  -0.061675
481.660734  -0.061654
481.680733  -0.061644
481.700732  -0.061634
481.720731  -0.061634
481.740730  -0.061644
481.760730  -0.061654
481.780729  -0.061593
481.800728  -0.061644
481.820727  -0.061624
481.840726  -0.061614
481.860726  -0.061603
481.880725  -0.061603
481.900724  -0.061603
481.920723  -0.061614
481.940722  -0.061573
481.960722  -0.061573
481.980721  -0.061603
482.000720  -0.061583
482.020719  -0.061593
482.040718  -0.061583
482.060718  -0.061563
482.080717  -0.061563
482.100716  -0.061552
482.120715  -0.061552
482.140714  -0.061552
482.160714  -0.061501
482.180713  -0.061522
482.200712  -0.061491
482.220711  -0.061563
482.240710  -0.061501
482.260710  -0.061491
482.280709  -0.061522
482.300708  -0.061481
482.320707  -0.061491
482.340706  -0.061481
482.360706  -0.061491
482.380705  -0.061471
482.400704  -0.061471
482.420703  -0.061461
482.440702  -0.061471
482.460702  -0.061440
482.480701  -0.061450
482.500700  -0.061440
482.520699  -0.061440
482.540698  -0.061450
482.560698  -0.061410
482.580697  -0.061399
482.600696  -0.061257
482.620695  -0.061389
482.640694  -0.061379
482.660694  -0.061369
482.680693  -0.061379
482.700692  -0.061389
482.720691  -0.061379
482.740690  -0.061399
482.760690  -0.061369
482.780689  -0.061338
482.800688  -0.061328
482.820687  -0.061338
482.840686  -0.061338
482.860686  -0.061338
482.880685  -0.061308
482.900684  -0.061318
482.920683  -0.061328
482.940682  -0.061318
482.960682  -0.061287
482.980681  -0.061338
483.000680  -0.061308
483.020679  -0.061287
483.040678  -0.061318
483.060678  -0.061267
483.080677  -0.061308
483.100676  -0.061318
483.120675  -0.061277
483.140674  -0.061236
483.160674  -0.061277
483.180673  -0.061246
483.200672  -0.061257
483.220671  -0.061246
483.240670  -0.061226
483.260670  -0.061226
483.280669  -0.061216
483.300668  -0.061226
483.320667  -0.061216
483.340666  -0.061195
483.360666  -0.061205
483.380665  -0.061205
483.400664  -0.061195
483.420663  -0.061205
483.440662  -0.061154
483.460662  -0.061175
483.480661  -0.061175
483.500660  -0.061154
483.520659  -0.061144
483.540658  -0.061154
483.560658  -0.061195
483.580657  -0.061165
483.600656  -0.061144
483.620655  -0.061124
483.640654  -0.061144
483.660654  -0.061124
483.680653  -0.061114
483.700652  -0.061114
483.720651  -0.061103
483.740650  -0.061103
483.760650  -0.061063
483.780649  -0.061093
483.800648  -0.061134
483.820647  -0.061063
483.840646  -0.061073
483.860646  -0.061093
483.880645  -0.061063
483.900644  -0.061083
483.920643  -0.061042
483.940642  -0.061063
483.960642  -0.061073
483.980641  -0.061032
484.000640  -0.061012
484.020639  -0.061042
484.040638  -0.061032
484.060638  -0.061032
484.080637  -0.061012
484.100636  -0.061032
484.120635  -0.061022
484.140634  -0.060991
484.160634  -0.060971
484.180633  -0.061012
484.200632  -0.061012
484.220631  -0.060991
484.240630  -0.061001
484.260630  -0.060950
484.280629  -0.060950
484.300628  -0.060930
484.320627  -0.060961
484.340626  -0.060940
484.360626  -0.060961
484.380625  -0.060961
484.400624  -0.060930
484.420623  -0.060940
484.440622  -0.060920
484.460622  -0.060920
484.480621  -0.060920
484.500620  -0.060950
484.520619  -0.060879
484.540618  -0.060889
484.560618  -0.060910
484.580617  -0.060879
484.600616  -0.060899
484.620615  -0.060889
484.640614  -0.060869
484.660614  -0.060879
484.680613  -0.060859
484.700612  -0.060848
484.720611  -0.060859
484.740610  -0.060859
484.760610  -0.060859
484.780609  -0.060818
484.800608  -0.060848
484.820607  -0.060818
484.840606  -0.060818
484.860606  -0.060808
484.880605  -0.060818
484.900604  -0.060828
484.920603  -0.060808
484.940602  -0.061134
484.960602  -0.060706
484.980601  -0.060695
485.000600  -0.060808
485.020599  -0.060797
485.040598  -0.060757
485.060598  -0.060746
485.080597  -0.060787
485.100596  -0.060767
485.120595  -0.060757
485.140594  -0.060757
485.160594  -0.060767
485.180593  -0.060746
485.200592  -0.060757
485.220591  -0.060706
485.240590  -0.060726
485.260590  -0.060706
485.280589  -0.060706
485.300588  -0.060716
485.320587  -0.060706
485.340586  -0.060706
485.360586  -0.060675
485.380585  -0.060695
485.400584  -0.060706
485.420583  -0.060634
485.440582  -0.060675
485.460582  -0.060675
485.480581  -0.060675
485.500580  -0.060644
485.520579  -0.060654
485.540578  -0.060654
485.560578  -0.060644
485.580577  -0.060644
485.600576  -0.060654
485.620575  -0.060675
485.640574  -0.060634
485.660574  -0.060644
485.680573  -0.060614
485.700572  -0.060614
485.720571  -0.060593
485.740570  -0.060593
485.760570  -0.060593
485.780569  -0.060614
485.800568  -0.060583
485.820567  -0.060552
485.840566  -0.060593
485.860566  -0.060593
485.880565  -0.060552
485.900564  -0.060542
485.920563  -0.060542
485.940562  -0.060573
485.960562  -0.060573
485.980561  -0.060512
486.000560  -0.060532
486.020559  -0.060532
486.040558  -0.060522
486.060558  -0.060512
486.080557  -0.060501
486.100556  -0.060501
486.120555  -0.060491
486.140554  -0.060471
486.160554  -0.060512
486.180553  -0.060481
486.200552  -0.060481
486.220551  -0.060491
486.240550  -0.060481
486.260550  -0.060501
486.280549  -0.060481
486.300548  -0.060461
486.320547  -0.060471
486.340546  -0.060430
486.360546  -0.060440
486.380545  -0.060420
486.400544  -0.060410
486.420543  -0.060420
486.440542  -0.060410
486.460542  -0.060399
486.480541  -0.060399
486.500540  -0.060399
486.520539  -0.060379
486.540538  -0.060389
486.560538  -0.060410
486.580537  -0.060389
486.600536  -0.060379
486.620535  -0.060379
486.640534  -0.060379
486.660534  -0.060379
486.680533  -0.060359
486.700532  -0.060348
486.720531  -0.060369
486.740530  -0.060328
486.760530  -0.060328
486.780529  -0.060328
486.800528  -0.060328
486.820527  -0.060318
486.840526  -0.060308
486.860526  -0.060287
486.880525  -0.060328
486.900524  -0.060287
486.920523  -0.060277
486.940522  -0.060257
486.960522  -0.060308
486.980521  -0.060257
487.000520  -0.060257
487.020519  -0.060246
487.040518  -0.060257
487.060518  -0.060246
487.080517  -0.060267
487.100516  -0.060236
487.120515  -0.060267
487.140514  -0.060257
487.160514  -0.060236
487.180513  -0.060206
487.200512  -0.060206
487.220511  -0.060216
487.240510  -0.060185
487.260510  -0.060216
487.280509  -0.060206
487.300508  -0.060216
487.320507  -0.060206
487.340506  -0.060195
487.360506  -0.060195
487.380505  -0.060165
487.400504  -0.060175
487.420503  -0.060155
487.440502  -0.060185
487.460502  -0.060155
487.480501  -0.060134
487.500500  -0.060124
487.520499  -0.060144
487.540498  -0.060144
487.560498  -0.060103
487.580497  -0.060114
487.600496  -0.060124
487.620495  -0.060114
487.640494  -0.060114
487.660494  -0.060103
487.680493  -0.060114
487.700492  -0.060103
487.720491  -0.060063
487.740490  -0.060073
487.760490  -0.060103
487.780489  -0.060073
487.800488  -0.060052
487.820487  -0.060052
487.840486  -0.060083
487.860486  -0.060073
487.880485  -0.060052
487.900484  -0.060052
487.920483  -0.060032
487.940482  -0.060042
487.960482  -0.060042
487.980481  -0.060052
488.000480  -0.060032
488.020479  -0.060042
488.040478  -0.060012
488.060478  -0.060001
488.080477  -0.060022
488.100476  -0.059981
488.120475  -0.060001
488.140474  -0.060001
488.160474  -0.060012
488.180473  -0.059991
488.200472  -0.059971
488.220471  -0.060022
488.240470  -0.060012
488.260470  -0.059971
488.280469  -0.059930
488.300468  -0.059961
488.320467  -0.059981
488.340466  -0.059971
488.360466  -0.059961
488.380465  -0.059950
488.400464  -0.059930
488.420463  -0.059920
488.440462  -0.059930
488.460462  -0.059920
488.480461  -0.059930
488.500460  -0.059940
488.520459  -0.059899
488.540458  -0.059899
488.560458  -0.059910
488.580457  -0.059910
488.600456  -0.059899
488.620455  -0.059869
488.640454  -0.059910
488.660454  -0.059879
488.680453  -0.059869
488.700452  -0.059879
488.720451  -0.059910
488.740450  -0.059859
488.760450  -0.059889
488.780449  -0.059859
488.800448  -0.059899
488.820447  -0.059859
488.840446  -0.059838
488.860446  -0.059828
488.880445  -0.059848
488.900444  -0.059848
488.920443  -0.059859
488.940442  -0.059828
488.960442  -0.059828
488.980441  -0.059797
489.000440  -0.059838
489.020439  -0.059818
489.040438  -0.059787
489.060438  -0.059808
489.080437  -0.059757
489.100436  -0.059787
489.120435  -0.059757
489.140434  -0.059777
489.160434  -0.059767
489.180433  -0.059787
489.200432  -0.059757
489.220431  -0.059767
489.240430  -0.059736
489.260430  -0.059757
489.280429  -0.059777
489.300428  -0.059767
489.320427  -0.059767
489.340426  -0.059746
489.360426  -0.059757
489.380425  -0.059726
489.400424  -0.059726
489.420423  -0.059726
489.440422  -0.059746
489.460422  -0.059716
489.480421  -0.059716
489.500420  -0.059716
489.520419  -0.059706
489.540418  -0.059706
489.560418  -0.059665
489.580417  -0.059685
489.600416  -0.059655
489.620415  -0.059685
489.640414  -0.059644
489.660414  -0.059665
489.680413  -0.059655
489.700412  -0.059665
489.720411  -0.059665
489.740410  -0.059655
489.760410  -0.059644
489.780409  -0.059665
489.800408  -0.059655
489.820407  -0.059655
489.840406  -0.059624
489.860406  -0.059624
489.880405  -0.059624
489.900404  -0.059634
489.920403  -0.059593
489.940402  -0.059593
489.960402  -0.059614
489.980401  -0.059603
490.000400  -0.059614
490.020399  -0.059563
490.040398  -0.059603
490.060398  -0.059583
490.080397  -0.059563
490.100396  -0.059573
490.120395  -0.059552
490.140394  -0.059583
490.160394  -0.059552
490.180393  -0.059522
490.200392  -0.059522
490.220391  -0.059563
490.240390  -0.059552
490.260390  -0.059532
490.280389  -0.059522
490.300388  -0.059532
490.320387  -0.059522
490.340386  -0.059512
490.360386  -0.059491
490.380385  -0.059542
490.400384  -0.059542
490.420383  -0.059512
490.440382  -0.059481
490.460382  -0.059512
490.480381  -0.059491
490.500380  -0.059491
490.520379  -0.059501
490.540378  -0.059481
490.560378  -0.059461
490.580377  -0.059440
490.600376  -0.059461
490.620375  -0.059440
490.640374  -0.059430
490.660374  -0.059420
490.680373  -0.059461
490.700372  -0.059461
490.720371  -0.059430
490.740370  -0.059389
490.760370  -0.059430
490.780369  -0.059420
490.800368  -0.059420
490.820367  -0.059399
490.840366  -0.059410
490.860366  -0.059410
490.880365  -0.059379
490.900364  -0.059379
490.920363  -0.059399
490.940362  -0.059389
490.960362  -0.059399
490.980361  -0.059369
491.000360  -0.059399
491.020359  -0.059369
491.040358  -0.059359
491.060358  -0.059338
491.080357  -0.059369
491.100356  -0.059359
491.120355  -0.059328
491.140354  -0.059308
491.160354  -0.059338
491.180353  -0.059359
491.200352  -0.059318
491.220351  -0.059277
491.240350  -0.059328
491.260350  -0.059308
491.280349  -0.059297
491.300348  -0.059308
491.320347  -0.059277
491.340346  -0.059287
491.360346  -0.059277
491.380345  -0.059287
491.400344  -0.059297
491.420343  -0.059297
491.440342  -0.059267
491.460342  -0.059267
491.480341  -0.059246
491.500340  -0.059267
491.520339  -0.059246
491.540338  -0.059226
491.560338  -0.059236
491.580337  -0.059226
491.600336  -0.059206
491.620335  -0.059195
491.640334  -0.059185
491.660334  -0.059206
491.680333  -0.059206
491.700332  -0.059206
491.720331  -0.059195
491.740330  -0.059195
491.760330  -0.059185
491.780329  -0.059175
491.800328  -0.059216
491.820327  -0.059226
491.840326  -0.059155
491.860326  -0.059144
491.880325  -0.059175
491.900324  -0.059195
491.920323  -0.059165
491.940322  -0.059155
491.960322  -0.059144
491.980321  -0.059175
492.000320  -0.059134
492.020319  -0.059134
492.040318  -0.059144
492.060318  -0.059134
492.080317  -0.059124
492.100316  -0.059114
492.120315  -0.059114
492.140314  -0.059104
492.160314  -0.059093
492.180313  -0.059114
492.200312  -0.059124
492.220311  -0.059124
492.240310  -0.059083
492.260310  -0.059073
492.280309  -0.059104
492.300308  -0.059073
492.320307  -0.059052
492.340306  -0.059073
492.360306  -0.059093
492.380305  -0.059073
492.400304  -0.059083
492.420303  -0.059052
492.440302  -0.059042
492.460302  -0.059042
492.480301  -0.059042
492.500300  -0.059052
492.520299  -0.059032
492.540298  -0.059022
492.560298  -0.059012
492.580297  -0.059063
492.600296  -0.059022
492.620295  -0.059022
492.640294  -0.058971
492.660294  -0.059022
492.680293  -0.059012
492.700292  -0.059001
492.720291  -0.058981
492.740290  -0.059001
492.760290  -0.059001
492.780289  -0.059001
492.800288  -0.058981
492.820287  -0.058981
492.840286  -0.058991
492.860286  -0.058981
492.880285  -0.058981
492.900284  -0.058991
492.920283  -0.058971
492.940282  -0.058981
492.960282  -0.058940
492.980281  -0.058950
493.000280  -0.058920
493.020279  -0.058930
493.040278  -0.058920
493.060278  -0.058940
493.080277  -0.058910
493.100276  -0.058899
493.120275  -0.058889
493.140274  -0.058869
493.160274  -0.058910
493.180273  -0.058889
493.200272  -0.058879
493.220271  -0.058899
493.240270  -0.058869
493.260270  -0.058899
493.280269  -0.058838
493.300268  -0.058889
493.320267  -0.058848
493.340266  -0.058859
493.360266  -0.058859
493.380265  -0.058859
493.400264  -0.058889
493.420263  -0.058838
493.440262  -0.058848
493.460262  -0.058838
493.480261  -0.058859
493.500260  -0.058808
493.520259  -0.058828
493.540258  -0.058828
493.560258  -0.058828
493.580257  -0.058777
493.600256  -0.058787
493.620255  -0.058797
493.640254  -0.058777
493.660254  -0.058757
493.680253  -0.058777
493.700252  -0.058757
493.720251  -0.058746
493.740250  -0.058757
493.760250  -0.058746
493.780249  -0.058746
493.800248  -0.058767
493.820247  -0.058726
493.840246  -0.058736
493.860246  -0.058746
493.880245  -0.058736
493.900244  -0.058716
493.920243  -0.058726
493.940242  -0.058716
493.960242  -0.058726
493.980241  -0.058706
494.000240  -0.058706
494.020239  -0.058695
494.040238  -0.058706
494.060238  -0.058695
494.080237  -0.058665
494.100236  -0.058695
494.120235  -0.058706
494.140234  -0.058644
494.160234  -0.058665
494.180233  -0.058655
494.200232  -0.058634
494.220231  -0.058655
494.240230  -0.058655
494.260230  -0.058634
494.280229  -0.058644
494.300228  -0.058614
494.320227  -0.058583
494.340226  -0.058644
494.360226  -0.058614
494.380225  -0.058593
494.400224  -0.058593
494.420223  -0.058614
494.440222  -0.058573
494.460222  -0.058583
494.480221  -0.058583
494.500220  -0.058614
494.520219  -0.058573
494.540218  -0.058624
494.560218  -0.058542
494.580217  -0.058542
494.600216  -0.058563
494.620215  -0.058532
494.640214  -0.058542
494.660214  -0.058542
494.680213  -0.058522
494.700212  -0.058512
494.720211  -0.058532
494.740210  -0.058512
494.760210  -0.058522
494.780209  -0.058512
494.800208  -0.058481
494.820207  -0.058491
494.840206  -0.058512
494.860206  -0.058501
494.880205  -0.058461
494.900204  -0.058491
494.920203  -0.058512
494.940202  -0.058491
494.960202  -0.058512
494.980201  -0.058420
495.000200  -0.058471
495.020199  -0.058481
495.040198  -0.058420
495.060198  -0.058461
495.080197  -0.058450
495.100196  -0.058450
495.120195  -0.058461
495.140194  -0.058450
495.160194  -0.058461
495.180193  -0.058450
495.200192  -0.058461
495.220191  -0.058450
495.240190  -0.058481
495.260190  -0.058461
495.280189  -0.058430
495.300188  -0.058420
495.320187  -0.058410
495.340186  -0.058399
495.360186  -0.058399
495.380185  -0.058420
495.400184  -0.058430
495.420183  -0.058420
495.440182  -0.058410
495.460182  -0.058410
495.480181  -0.058410
495.500180  -0.058399
495.520179  -0.058389
495.540178  -0.058399
495.560178  -0.058379
495.580177  -0.058420
495.600176  -0.058410
495.620175  -0.058450
495.640174  -0.058389
495.660174  -0.058399
495.680173  -0.058379
495.700172  -0.058359
495.720171  -0.058369
495.740170  -0.058369
495.760170  -0.058369
495.780169  -0.058359
495.800168  -0.058359
495.820167  -0.058338
495.840166  -0.058308
495.860166  -0.058308
495.880165  -0.058318
495.900164  -0.058348
495.920163  -0.058338
495.940162  -0.058338
495.960162  -0.058338
495.980161  -0.058287
496.000160  -0.058318
496.020159  -0.058308
496.040158  -0.058308
496.060158  -0.058308
496.080157  -0.058287
496.100156  -0.058297
496.120155  -0.058287
496.140154  -0.058267
496.160154  -0.058287
496.180153  -0.058287
496.200152  -0.058297
496.220151  -0.058277
496.240150  -0.058277
496.260150  -0.058287
496.280149  -0.058236
496.300148  -0.058267
496.320147  -0.058236
496.340146  -0.058236
496.360146  -0.058236
496.380145  -0.058226
496.400144  -0.058236
496.420143  -0.058226
496.440142  -0.058206
496.460142  -0.058226
496.480141  -0.058195
496.500140  -0.058195
496.520139  -0.058206
496.540138  -0.058216
496.560138  -0.058216
496.580137  -0.058185
496.600136  -0.058195
496.620135  -0.058195
496.640134  -0.058195
496.660134  -0.058195
496.680133  -0.058165
496.700132  -0.058134
496.720131  -0.058165
496.740130  -0.058155
496.760130  -0.058155
496.780129  -0.058185
496.800128  -0.058134
496.820127  -0.058144
496.840126  -0.058124
496.860126  -0.058124
496.880125  -0.058134
496.900124  -0.058114
496.920123  -0.058114
496.940122  -0.058093
496.960122  -0.058104
496.980121  -0.058104
497.000120  -0.058093
497.020119  -0.058093
497.040118  -0.058114
497.060118  -0.058083
497.080117  -0.058083
497.100116  -0.058083
497.120115  -0.058093
497.140114  -0.058093
497.160114  -0.058083
497.180113  -0.058063
497.200112  -0.058083
497.220111  -0.058053
497.240110  -0.058042
497.260110  -0.058063
497.280109  -0.058042
497.300108  -0.058053
497.320107  -0.058001
497.340106  -0.058022
497.360106  -0.058022
497.380105  -0.058012
497.400104  -0.057981
497.420103  -0.057981
497.440102  -0.058012
497.460102  -0.058022
497.480101  -0.057991
497.500100  -0.057940
497.520099  -0.057981
497.540098  -0.057971
497.560098  -0.057961
497.580097  -0.057930
497.600096  -0.057971
497.620095  -0.057961
497.640094  -0.057950
497.660094  -0.057899
497.680093  -0.057940
497.700092  -0.057961
497.720091  -0.057961
497.740090  -0.057930
497.760090  -0.057930
497.780089  -0.057971
497.800088  -0.057910
497.820087  -0.057930
497.840086  -0.057910
497.860086  -0.057879
497.880085  -0.057889
497.900084  -0.057889
497.920083  -0.057889
497.940082  -0.057879
497.960082  -0.057848
497.980081  -0.057859
498.000080  -0.057879
498.020079  -0.057879
498.040078  -0.057879
498.060078  -0.057859
498.080077  -0.057859
498.100076  -0.057838
498.120075  -0.057859
498.140074  -0.057838
498.160074  -0.057869
498.180073  -0.057828
498.200072  -0.057828
498.220071  -0.057828
498.240070  -0.057848
498.260070  -0.057808
498.280069  -0.057797
498.300068  -0.057808
498.320067  -0.057808
498.340066  -0.057797
498.360066  -0.057767
498.380065  -0.057787
498.400064  -0.057777
498.420063  -0.057787
498.440062  -0.057726
498.460062  -0.057757
498.480061  -0.057746
498.500060  -0.057767
498.520059  -0.057746
498.540058  -0.057757
498.560058  -0.057726
498.580057  -0.057706
498.600056  -0.057726
498.620055  -0.057716
498.640054  -0.057726
498.660054  -0.057695
498.680053  -0.057726
498.700052  -0.057716
498.720051  -0.057736
498.740050  -0.057716
498.760050  -0.057726
498.780049  -0.057716
498.800048  -0.057685
498.820047  -0.057706
498.840046  -0.057675
498.860046  -0.057695
498.880045  -0.057644
498.900044  -0.057675
498.920043  -0.057655
498.940042  -0.057655
498.960042  -0.057634
498.980041  -0.057655
499.000040  -0.057624
499.020039  -0.057655
499.040038  -0.057634
499.060038  -0.057634
499.080037  -0.057614
499.100036  -0.057655
499.120035  -0.057614
499.140034  -0.057614
499.160034  -0.057624
499.180033  -0.057583
499.200032  -0.057604
499.220031  -0.057634
499.240030  -0.057604
499.260030  -0.057593
499.280029  -0.057614
499.300028  -0.057614
499.320027  -0.057563
499.340026  -0.057593
499.360026  -0.057604
499.380025  -0.057604
499.400024  -0.057563
499.420023  -0.057563
499.440022  -0.057583
499.460022  -0.057522
499.480021  -0.057532
499.500020  -0.057542
499.520019  -0.057512
499.540018  -0.057522
499.560018  -0.057522
499.580017  -0.057522
499.600016  -0.057553
499.620015  -0.057532
499.640014  -0.057491
499.660014  -0.057512
499.680013  -0.057532
499.700012  -0.057491
499.720011  -0.057502
499.740010  -0.057491
499.760010  -0.057512
499.780009  -0.057471
499.800008  -0.057471
499.820007  -0.057481
499.840006  -0.057502
499.860006  -0.057461
499.880005  -0.057481
499.900004  -0.057461
499.920003  -0.057471
499.940002  -0.057471
499.960002  -0.057461
