DataBase = TT1
ShotNo = 3592
SignalName = GBP4N
SignalUnit = T
TriggerTime = 0.000000 ms
Period = 0.019999 ms
CreateTime = 2026/01/08 15:34:13
Samples = 25000
0.000000  0.000031
0.019999  -0.000000
0.039998  0.000021
0.059998  -0.000011
0.079997  -0.000000
0.099996  -0.000011
0.119995  -0.000000
0.139994  -0.000000
0.159994  -0.000000
0.179993  -0.000011
0.199992  0.000021
0.219991  -0.000000
0.239990  0.000010
0.259990  0.000010
0.279989  -0.000000
0.299988  0.000021
0.319987  0.000010
0.339986  -0.000011
0.359986  -0.000000
0.379985  -0.000000
0.399984  0.000010
0.419983  -0.000000
0.439982  0.000021
0.459982  0.000010
0.479981  -0.000021
0.499980  -0.000000
0.519979  -0.000011
0.539978  -0.000000
0.559978  -0.000011
0.579977  0.000010
0.599976  -0.000032
0.619975  0.000010
0.639974  0.000021
0.659974  0.000031
0.679973  0.000010
0.699972  -0.000000
0.719971  -0.000000
0.739970  -0.000021
0.759970  -0.000032
0.779969  0.000031
0.799968  -0.000000
0.819967  -0.000053
0.839966  -0.000011
0.859966  -0.000011
0.879965  -0.000000
0.899964  0.000010
0.919963  -0.000011
0.939962  0.000021
0.959962  0.000021
0.979961  -0.000011
0.999960  -0.000021
1.019959  -0.000021
1.039958  0.000010
1.059958  0.000021
1.079957  -0.000000
1.099956  0.000031
1.119955  -0.000011
1.139954  0.000031
1.159954  0.000010
1.179953  0.000021
1.199952  0.000010
1.219951  -0.000000
1.239950  0.000021
1.259950  0.000010
1.279949  0.000031
1.299948  -0.000011
1.319947  -0.000011
1.339946  0.000010
1.359946  0.000010
1.379945  -0.000021
1.399944  0.000021
1.419943  0.000021
1.439942  0.000021
1.459942  -0.000011
1.479941  -0.000000
1.499940  0.000031
1.519939  0.000021
1.539938  -0.000000
1.559938  0.000021
1.579937  0.000010
1.599936  -0.000000
1.619935  0.000010
1.639934  -0.000011
1.659934  -0.000011
1.679933  -0.000000
1.699932  -0.000000
1.719931  0.000021
1.739930  0.000021
1.759930  -0.000011
1.779929  -0.000000
1.799928  -0.000011
1.819927  -0.000011
1.839926  -0.000011
1.859926  0.000031
1.879925  -0.000011
1.899924  0.000021
1.919923  -0.000021
1.939922  -0.000000
1.959922  0.000021
1.979921  -0.000011
1.999920  -0.000011
2.019919  0.000021
2.039918  0.000010
2.059918  -0.000021
2.079917  0.000010
2.099916  -0.000011
2.119915  0.000031
2.139914  0.000021
2.159914  0.000021
2.179913  -0.000000
2.199912  0.000031
2.219911  -0.000000
2.239910  -0.000000
2.259910  0.000042
2.279909  -0.000011
2.299908  -0.000000
2.319907  -0.000011
2.339906  0.000021
2.359906  0.000010
2.379905  0.000010
2.399904  0.000010
2.419903  -0.000011
2.439902  -0.000011
2.459902  -0.000032
2.479901  -0.000011
2.499900  -0.000011
2.519899  -0.000000
2.539898  0.000010
2.559898  -0.000000
2.579897  0.000010
2.599896  -0.000000
2.619895  -0.000021
2.639894  0.000010
2.659894  0.000010
2.679893  0.000031
2.699892  -0.000021
2.719891  0.000010
2.739890  0.000021
2.759890  0.000010
2.779889  0.000031
2.799888  0.000021
2.819887  0.000010
2.839886  -0.000011
2.859886  0.000010
2.879885  0.000010
2.899884  0.000010
2.919883  -0.000000
2.939882  0.000031
2.959882  -0.000011
2.979881  -0.000000
2.999880  -0.000000
3.019879  -0.000011
3.039878  -0.000000
3.059878  -0.000000
3.079877  -0.000000
3.099876  -0.000011
3.119875  0.000010
3.139874  -0.000000
3.159874  0.000031
3.179873  -0.000000
3.199872  -0.000000
3.219871  0.000021
3.239870  -0.000000
3.259870  0.000010
3.279869  -0.000021
3.299868  0.000010
3.319867  -0.000000
3.339866  0.000010
3.359866  -0.000000
3.379865  -0.000000
3.399864  -0.000000
3.419863  -0.000011
3.439862  -0.000032
3.459862  -0.000000
3.479861  0.000010
3.499860  0.000031
3.519859  0.000021
3.539858  -0.000000
3.559858  0.000021
3.579857  0.000010
3.599856  0.000021
3.619855  -0.000011
3.639854  0.000031
3.659854  0.000021
3.679853  0.000021
3.699852  0.000052
3.719851  -0.000000
3.739850  -0.000021
3.759850  0.000031
3.779849  -0.000021
3.799848  0.000031
3.819847  -0.000011
3.839846  0.000010
3.859846  -0.000011
3.879845  0.000042
3.899844  -0.000011
3.919843  -0.000000
3.939842  0.000010
3.959842  -0.000011
3.979841  -0.000000
3.999840  -0.000000
4.019839  -0.000000
4.039838  -0.000021
4.059838  -0.000032
4.079837  -0.000032
4.099836  0.000010
4.119835  0.000010
4.139834  0.000042
4.159834  -0.000000
4.179833  -0.000011
4.199832  -0.000000
4.219831  0.000021
4.239830  -0.000011
4.259830  -0.000011
4.279829  0.000010
4.299828  0.000021
4.319827  0.000010
4.339826  0.000021
4.359826  -0.000000
4.379825  0.000010
4.399824  -0.000011
4.419823  0.000031
4.439822  -0.000000
4.459822  -0.000011
4.479821  -0.000011
4.499820  -0.000011
4.519819  0.000021
4.539818  -0.000000
4.559818  -0.000011
4.579817  -0.000011
4.599816  0.000021
4.619815  0.000010
4.639814  -0.000011
4.659814  -0.000021
4.679813  0.000031
4.699812  0.000021
4.719811  -0.000011
4.739810  0.000010
4.759810  -0.000000
4.779809  0.000021
4.799808  0.000010
4.819807  -0.000032
4.839806  0.000021
4.859806  0.000021
4.879805  0.000010
4.899804  0.000021
4.919803  0.000031
4.939802  0.000021
4.959802  0.000042
4.979801  -0.000000
4.999800  -0.000000
5.019799  -0.000000
5.039798  -0.000011
5.059798  0.000010
5.079797  -0.000000
5.099796  0.000010
5.119795  0.000021
5.139794  -0.000021
5.159794  -0.000011
5.179793  0.000031
5.199792  -0.000000
5.219791  -0.000011
5.239790  0.000010
5.259790  0.000031
5.279789  -0.000000
5.299788  -0.000011
5.319787  -0.000021
5.339786  0.000010
5.359786  0.000010
5.379785  0.000021
5.399784  -0.000000
5.419783  -0.000011
5.439782  0.000031
5.459782  -0.000011
5.479781  -0.000011
5.499780  0.000021
5.519779  -0.000032
5.539778  0.000010
5.559778  0.000010
5.579777  0.000031
5.599776  -0.000000
5.619775  0.000031
5.639774  -0.000000
5.659774  -0.000000
5.679773  0.000021
5.699772  -0.000000
5.719771  0.000021
5.739770  0.000010
5.759770  -0.000000
5.779769  0.000021
5.799768  -0.000000
5.819767  0.000021
5.839766  -0.000000
5.859766  0.000010
5.879765  -0.000011
5.899764  0.000031
5.919763  -0.000000
5.939762  -0.000000
5.959762  0.000010
5.979761  -0.000000
5.999760  -0.000011
6.019759  -0.000000
6.039758  -0.000011
6.059758  -0.000011
6.079757  -0.000000
6.099756  0.000031
6.119755  0.000021
6.139754  -0.000000
6.159754  -0.000011
6.179753  -0.000021
6.199752  0.000010
6.219751  0.000010
6.239750  0.000021
6.259750  -0.000000
6.279749  0.000021
6.299748  0.000010
6.319747  -0.000000
6.339746  0.000010
6.359746  0.000010
6.379745  0.000010
6.399744  0.000021
6.419743  -0.000032
6.439742  -0.000000
6.459742  0.000010
6.479741  0.000021
6.499740  0.000031
6.519739  -0.000000
6.539738  -0.000021
6.559738  -0.000011
6.579737  0.000021
6.599736  0.000021
6.619735  -0.000000
6.639734  0.000021
6.659734  0.000021
6.679733  -0.000000
6.699732  -0.000000
6.719731  0.000021
6.739730  0.000021
6.759730  -0.000000
6.779729  -0.000011
6.799728  -0.000011
6.819727  0.000010
6.839726  -0.000000
6.859726  -0.000011
6.879725  0.000042
6.899724  -0.000011
6.919723  0.000010
6.939722  0.000010
6.959722  0.000010
6.979721  -0.000021
6.999720  -0.000000
7.019719  -0.000000
7.039718  -0.000011
7.059718  -0.000000
7.079717  -0.000000
7.099716  -0.000011
7.119715  -0.000032
7.139714  -0.000000
7.159714  -0.000021
7.179713  0.000010
7.199712  -0.000011
7.219711  0.000010
7.239710  -0.000000
7.259710  -0.000021
7.279709  -0.000021
7.299708  -0.000011
7.319707  0.000021
7.339706  -0.000011
7.359706  -0.000021
7.379705  0.000021
7.399704  0.000010
7.419703  0.000021
7.439702  -0.000042
7.459702  -0.000011
7.479701  -0.000000
7.499700  0.000021
7.519699  -0.000011
7.539698  -0.000000
7.559698  0.000031
7.579697  0.000031
7.599696  -0.000011
7.619695  -0.000000
7.639694  0.000010
7.659694  -0.000000
7.679693  -0.000021
7.699692  -0.000000
7.719691  0.000021
7.739690  -0.000000
7.759690  -0.000000
7.779689  -0.000000
7.799688  -0.000000
7.819687  0.000010
7.839686  -0.000032
7.859686  0.000042
7.879685  -0.000021
7.899684  -0.000032
7.919683  -0.000011
7.939682  -0.000000
7.959682  -0.000011
7.979681  0.000042
7.999680  -0.000000
8.019679  0.000031
8.039678  -0.000011
8.059678  0.000021
8.079677  0.000021
8.099676  0.000010
8.119675  -0.000000
8.139674  0.000031
8.159674  -0.000011
8.179673  0.000010
8.199672  -0.000000
8.219671  -0.000000
8.239670  0.000010
8.259670  -0.000000
8.279669  -0.000011
8.299668  0.000021
8.319667  0.000031
8.339666  -0.000000
8.359666  -0.000011
8.379665  0.000021
8.399664  -0.000011
8.419663  0.000021
8.439662  -0.000021
8.459662  -0.000000
8.479661  -0.000011
8.499660  0.000010
8.519659  0.000010
8.539658  0.000010
8.559658  0.000021
8.579657  -0.000011
8.599656  0.000021
8.619655  0.000021
8.639654  0.000010
8.659654  0.000010
8.679653  0.000031
8.699652  0.000031
8.719651  -0.000011
8.739650  -0.000011
8.759650  0.000010
8.779649  -0.000000
8.799648  0.000021
8.819647  -0.000032
8.839646  0.000021
8.859646  0.000052
8.879645  0.000010
8.899644  -0.000011
8.919643  -0.000032
8.939642  -0.000000
8.959642  -0.000000
8.979641  -0.000000
8.999640  -0.000011
9.019639  -0.000000
9.039638  -0.000011
9.059638  -0.000042
9.079637  -0.000000
9.099636  -0.000000
9.119635  -0.000000
9.139634  0.000010
9.159634  0.000042
9.179633  -0.000011
9.199632  0.000031
9.219631  -0.000000
9.239630  0.000010
9.259630  -0.000011
9.279629  0.000021
9.299628  -0.000000
9.319627  -0.000011
9.339626  0.000042
9.359626  0.000021
9.379625  0.000021
9.399624  0.000031
9.419623  -0.000000
9.439622  0.000010
9.459622  -0.000011
9.479621  0.000010
9.499620  -0.000011
9.519619  -0.000000
9.539618  0.000021
9.559618  -0.000021
9.579617  -0.000021
9.599616  -0.000011
9.619615  0.000021
9.639614  -0.000000
9.659614  0.000042
9.679613  -0.000011
9.699612  0.000010
9.719611  0.000031
9.739610  -0.000000
9.759610  -0.000011
9.779609  -0.000000
9.799608  -0.000021
9.819607  -0.000000
9.839606  -0.000000
9.859606  -0.000000
9.879605  -0.000000
9.899604  -0.000000
9.919603  -0.000000
9.939602  -0.000011
9.959602  -0.000011
9.979601  -0.000000
9.999600  0.000021
10.019599  0.000021
10.039598  -0.000011
10.059598  -0.000011
10.079597  0.000031
10.099596  -0.000000
10.119595  -0.000000
10.139594  -0.000011
10.159594  -0.000021
10.179593  -0.000000
10.199592  -0.000000
10.219591  0.000031
10.239590  0.000031
10.259590  -0.000000
10.279589  -0.000000
10.299588  0.000021
10.319587  -0.000011
10.339586  0.000021
10.359586  -0.000011
10.379585  -0.000011
10.399584  -0.000000
10.419583  -0.000000
10.439582  -0.000000
10.459582  -0.000021
10.479581  -0.000000
10.499580  0.000010
10.519579  0.000031
10.539578  -0.000000
10.559578  -0.000011
10.579577  -0.000000
10.599576  0.000021
10.619575  -0.000000
10.639574  -0.000000
10.659574  0.000010
10.679573  0.000021
10.699572  0.000021
10.719571  0.000021
10.739570  -0.000032
10.759570  -0.000011
10.779569  0.000042
10.799568  0.000010
10.819567  -0.000011
10.839566  0.000021
10.859566  -0.000021
10.879565  -0.000011
10.899564  0.000031
10.919563  0.000031
10.939562  0.000010
10.959562  -0.000000
10.979561  0.000052
10.999560  -0.000032
11.019559  -0.000000
11.039558  -0.000021
11.059558  0.000021
11.079557  -0.000032
11.099556  0.000021
11.119555  0.000010
11.139554  -0.000000
11.159554  0.000042
11.179553  -0.000000
11.199552  -0.000021
11.219551  -0.000021
11.239550  -0.000011
11.259550  -0.000011
11.279549  0.000031
11.299548  0.000021
11.319547  -0.000000
11.339546  0.000010
11.359546  0.000021
11.379545  -0.000000
11.399544  0.000021
11.419543  0.000052
11.439542  0.000010
11.459542  0.000010
11.479541  -0.000021
11.499540  -0.000000
11.519539  -0.000000
11.539538  -0.000032
11.559538  -0.000021
11.579537  -0.000011
11.599536  -0.000011
11.619535  -0.000032
11.639534  0.000010
11.659534  -0.000011
11.679533  0.000010
11.699532  -0.000000
11.719531  -0.000021
11.739530  0.000010
11.759530  0.000031
11.779529  0.000010
11.799528  -0.000000
11.819527  0.000031
11.839526  -0.000000
11.859526  -0.000000
11.879525  -0.000011
11.899524  -0.000021
11.919523  -0.000000
11.939522  0.000031
11.959522  -0.000000
11.979521  0.000021
11.999520  -0.000011
12.019519  0.000031
12.039518  -0.000011
12.059518  -0.000000
12.079517  0.000031
12.099516  0.000021
12.119515  -0.000011
12.139514  -0.000000
12.159514  -0.000021
12.179513  -0.000000
12.199512  -0.000021
12.219511  0.000021
12.239510  0.000021
12.259510  -0.000032
12.279509  -0.000011
12.299508  -0.000011
12.319507  0.000021
12.339506  0.000031
12.359506  -0.000011
12.379505  -0.000000
12.399504  0.000031
12.419503  -0.000000
12.439502  0.000010
12.459502  -0.000011
12.479501  0.000010
12.499500  -0.000000
12.519499  0.000021
12.539498  -0.000000
12.559498  -0.000011
12.579497  0.000010
12.599496  0.000031
12.619495  0.000021
12.639494  0.000042
12.659494  -0.000000
12.679493  0.000021
12.699492  -0.000000
12.719491  0.000031
12.739490  -0.000011
12.759490  0.000010
12.779489  0.000010
12.799488  0.000031
12.819487  -0.000000
12.839486  -0.000000
12.859486  -0.000000
12.879485  -0.000011
12.899484  -0.000000
12.919483  0.000010
12.939482  0.000010
12.959482  -0.000011
12.979481  0.000010
12.999480  -0.000011
13.019479  -0.000011
13.039478  0.000010
13.059478  -0.000011
13.079477  -0.000000
13.099476  0.000021
13.119475  -0.000021
13.139474  -0.000000
13.159474  -0.000021
13.179473  0.000021
13.199472  0.000021
13.219471  -0.000011
13.239470  0.000031
13.259470  -0.000011
13.279469  -0.000011
13.299468  0.000010
13.319467  -0.000000
13.339466  -0.000011
13.359466  0.000021
13.379465  0.000021
13.399464  0.000010
13.419463  -0.000000
13.439462  0.000021
13.459462  -0.000021
13.479461  -0.000000
13.499460  0.000010
13.519459  0.000021
13.539458  -0.000000
13.559458  -0.000000
13.579457  0.000021
13.599456  0.000010
13.619455  -0.000000
13.639454  0.000042
13.659454  -0.000000
13.679453  -0.000000
13.699452  0.000010
13.719451  0.000010
13.739450  0.000010
13.759450  0.000042
13.779449  -0.000000
13.799448  0.000010
13.819447  0.000021
13.839446  0.000021
13.859446  -0.000011
13.879445  0.000031
13.899444  0.000010
13.919443  -0.000000
13.939442  -0.000011
13.959442  -0.000011
13.979441  0.000010
13.999440  0.000031
14.019439  -0.000011
14.039438  -0.000011
14.059438  0.000021
14.079437  0.000010
14.099436  -0.000011
14.119435  -0.000000
14.139434  -0.000000
14.159434  0.000021
14.179433  -0.000032
14.199432  -0.000021
14.219431  0.000010
14.239430  0.000010
14.259430  -0.000011
14.279429  0.000010
14.299428  -0.000011
14.319427  -0.000011
14.339426  0.000031
14.359426  0.000031
14.379425  -0.000000
14.399424  -0.000000
14.419423  0.000010
14.439422  0.000010
14.459422  0.000042
14.479421  -0.000000
14.499420  0.000010
14.519419  -0.000000
14.539418  0.000031
14.559418  -0.000011
14.579417  -0.000021
14.599416  -0.000000
14.619415  0.000021
14.639414  0.000010
14.659414  0.000021
14.679413  0.000021
14.699412  -0.000000
14.719411  -0.000011
14.739410  -0.000000
14.759410  -0.000000
14.779409  -0.000000
14.799408  -0.000021
14.819407  -0.000000
14.839406  -0.000011
14.859406  0.000042
14.879405  -0.000000
14.899404  -0.000000
14.919403  0.000031
14.939402  0.000010
14.959402  0.000021
14.979401  0.000031
14.999400  0.000021
15.019399  0.000031
15.039398  -0.000000
15.059398  -0.000021
15.079397  0.000010
15.099396  0.000010
15.119395  -0.000000
15.139394  -0.000000
15.159394  -0.000011
15.179393  -0.000000
15.199392  -0.000000
15.219391  0.000010
15.239390  -0.000032
15.259390  -0.000000
15.279389  -0.000011
15.299388  0.000010
15.319387  -0.000042
15.339386  0.000010
15.359386  0.000021
15.379385  -0.000021
15.399384  0.000010
15.419383  -0.000011
15.439382  -0.000000
15.459382  -0.000000
15.479381  -0.000000
15.499380  -0.000000
15.519379  0.000010
15.539378  -0.000011
15.559378  -0.000011
15.579377  -0.000011
15.599376  -0.000011
15.619375  -0.000032
15.639374  0.000031
15.659374  -0.000011
15.679373  -0.000000
15.699372  0.000021
15.719371  -0.000011
15.739370  -0.000000
15.759370  -0.000011
15.779369  0.000021
15.799368  -0.000000
15.819367  0.000010
15.839366  0.000021
15.859366  0.000021
15.879365  -0.000000
15.899364  -0.000021
15.919363  -0.000011
15.939362  -0.000000
15.959362  0.000010
15.979361  -0.000000
15.999360  -0.000011
16.019359  -0.000011
16.039358  -0.000000
16.059358  -0.000021
16.079357  0.000010
16.099356  0.000010
16.119355  -0.000011
16.139354  -0.000000
16.159354  0.000021
16.179353  -0.000000
16.199352  -0.000000
16.219351  0.000010
16.239350  -0.000000
16.259350  -0.000011
16.279349  0.000010
16.299348  0.000010
16.319347  -0.000021
16.339346  0.000010
16.359346  -0.000000
16.379345  -0.000000
16.399344  -0.000011
16.419343  0.000021
16.439342  0.000021
16.459342  0.000010
16.479341  0.000010
16.499340  0.000010
16.519339  -0.000021
16.539338  0.000010
16.559338  0.000021
16.579337  0.000010
16.599336  -0.000000
16.619335  0.000010
16.639334  -0.000021
16.659334  0.000010
16.679333  0.000031
16.699332  -0.000011
16.719331  -0.000000
16.739330  0.000010
16.759330  0.000010
16.779329  -0.000011
16.799328  -0.000021
16.819327  -0.000032
16.839326  -0.000011
16.859326  -0.000000
16.879325  -0.000000
16.899324  0.000021
16.919323  0.000010
16.939322  -0.000000
16.959322  -0.000011
16.979321  0.000010
16.999320  -0.000011
17.019319  -0.000000
17.039318  0.000021
17.059318  -0.000000
17.079317  -0.000000
17.099316  -0.000000
17.119315  -0.000000
17.139314  0.000021
17.159314  0.000021
17.179313  -0.000021
17.199312  0.000031
17.219311  0.000010
17.239310  0.000031
17.259310  0.000021
17.279309  -0.000011
17.299308  -0.000000
17.319307  -0.000011
17.339306  -0.000021
17.359306  -0.000011
17.379305  0.000010
17.399304  -0.000000
17.419303  -0.000011
17.439302  -0.000011
17.459302  0.000021
17.479301  -0.000000
17.499300  0.000021
17.519299  0.000021
17.539298  0.000021
17.559298  0.000021
17.579297  -0.000000
17.599296  0.000031
17.619295  0.000021
17.639294  0.000021
17.659294  0.000031
17.679293  -0.000000
17.699292  -0.000000
17.719291  0.000031
17.739290  0.000010
17.759290  0.000021
17.779289  -0.000000
17.799288  -0.000000
17.819287  -0.000021
17.839286  -0.000000
17.859286  -0.000011
17.879285  -0.000011
17.899284  0.000010
17.919283  0.000010
17.939282  -0.000000
17.959282  -0.000000
17.979281  0.000031
17.999280  -0.000021
18.019279  -0.000000
18.039278  0.000042
18.059278  0.000021
18.079277  -0.000000
18.099276  -0.000011
18.119275  0.000021
18.139274  -0.000011
18.159274  -0.000021
18.179273  0.000052
18.199272  -0.000000
18.219271  -0.000000
18.239270  0.000031
18.259270  0.000021
18.279269  0.000010
18.299268  0.000021
18.319267  0.000021
18.339266  0.000031
18.359266  0.000021
18.379265  -0.000000
18.399264  0.000021
18.419263  0.000010
18.439262  -0.000000
18.459262  0.000010
18.479261  0.000021
18.499260  -0.000021
18.519259  -0.000011
18.539258  -0.000000
18.559258  0.000021
18.579257  0.000021
18.599256  0.000021
18.619255  -0.000053
18.639254  0.000031
18.659254  -0.000000
18.679253  0.000031
18.699252  -0.000000
18.719251  -0.000000
18.739250  -0.000021
18.759250  0.000010
18.779249  0.000031
18.799248  0.000031
18.819247  0.000031
18.839246  -0.000000
18.859246  0.000010
18.879245  0.000010
18.899244  0.000031
18.919243  -0.000000
18.939242  -0.000021
18.959242  0.000021
18.979241  0.000021
18.999240  0.000010
19.019239  -0.000000
19.039238  -0.000000
19.059238  -0.000000
19.079237  0.000010
19.099236  -0.000000
19.119235  0.000021
19.139234  -0.000021
19.159234  0.000021
19.179233  -0.000000
19.199232  0.000021
19.219231  -0.000011
19.239230  -0.000000
19.259230  0.000010
19.279229  0.000010
19.299228  0.000042
19.319227  -0.000021
19.339226  0.000031
19.359226  0.000031
19.379225  -0.000021
19.399224  -0.000000
19.419223  -0.000000
19.439222  0.000010
19.459222  -0.000021
19.479221  -0.000000
19.499220  0.000021
19.519219  -0.000000
19.539218  -0.000021
19.559218  0.000010
19.579217  -0.000000
19.599216  -0.000011
19.619215  0.000021
19.639214  0.000010
19.659214  -0.000000
19.679213  -0.000011
19.699212  0.000010
19.719211  -0.000011
19.739210  -0.000032
19.759210  -0.000011
19.779209  0.000010
19.799208  0.000010
19.819207  -0.000011
19.839206  -0.000011
19.859206  0.000010
19.879205  -0.000000
19.899204  -0.000000
19.919203  -0.000000
19.939202  0.000010
19.959202  0.000010
19.979201  0.000021
19.999200  0.000010
20.019199  -0.000011
20.039198  -0.000011
20.059198  -0.000000
20.079197  -0.000021
20.099196  -0.000000
20.119195  0.000031
20.139194  -0.000000
20.159194  -0.000011
20.179193  -0.000000
20.199192  0.000010
20.219191  -0.000000
20.239190  0.000021
20.259190  0.000031
20.279189  -0.000011
20.299188  0.000031
20.319187  0.000021
20.339186  -0.000011
20.359186  0.000010
20.379185  -0.000000
20.399184  -0.000000
20.419183  0.000021
20.439182  -0.000021
20.459182  0.000021
20.479181  -0.000000
20.499180  -0.000011
20.519179  0.000021
20.539178  -0.000021
20.559178  0.000021
20.579177  0.000021
20.599176  -0.000021
20.619175  -0.000032
20.639174  0.000021
20.659174  -0.000000
20.679173  0.000010
20.699172  0.000052
20.719171  -0.000021
20.739170  0.000021
20.759170  -0.000000
20.779169  -0.000032
20.799168  -0.000011
20.819167  0.000031
20.839166  0.000010
20.859166  0.000010
20.879165  0.000010
20.899164  0.000021
20.919163  -0.000011
20.939162  -0.000000
20.959162  0.000031
20.979161  -0.000000
20.999160  -0.000000
21.019159  -0.000021
21.039158  0.000010
21.059158  0.000010
21.079157  -0.000011
21.099156  -0.000011
21.119155  0.000010
21.139154  0.000010
21.159154  -0.000000
21.179153  -0.000032
21.199152  0.000010
21.219151  -0.000000
21.239150  -0.000000
21.259150  -0.000000
21.279149  0.000021
21.299148  -0.000000
21.319147  -0.000000
21.339146  -0.000021
21.359146  0.000031
21.379145  -0.000000
21.399144  0.000021
21.419143  0.000021
21.439142  0.000042
21.459142  0.000010
21.479141  -0.000021
21.499140  -0.000021
21.519139  0.000021
21.539138  0.000031
21.559138  0.000010
21.579137  0.000021
21.599136  -0.000011
21.619135  -0.000000
21.639134  0.000021
21.659134  -0.000011
21.679133  -0.000000
21.699132  -0.000000
21.719131  -0.000000
21.739130  0.000021
21.759130  -0.000000
21.779129  -0.000000
21.799128  0.000010
21.819127  -0.000000
21.839126  -0.000011
21.859126  0.000021
21.879125  0.000010
21.899124  0.000031
21.919123  -0.000011
21.939122  0.000052
21.959122  -0.000011
21.979121  -0.000032
21.999120  0.000031
22.019119  -0.000000
22.039118  0.000021
22.059118  0.000010
22.079117  0.000031
22.099116  0.000042
22.119115  0.000021
22.139114  0.000021
22.159114  0.000042
22.179113  0.000031
22.199112  -0.000000
22.219111  0.000031
22.239110  -0.000011
22.259110  -0.000011
22.279109  -0.000000
22.299108  0.000010
22.319107  0.000010
22.339106  -0.000011
22.359106  -0.000021
22.379105  -0.000021
22.399104  -0.000011
22.419103  -0.000000
22.439102  -0.000011
22.459102  0.000010
22.479101  -0.000011
22.499100  0.000010
22.519099  0.000021
22.539098  -0.000011
22.559098  -0.000021
22.579097  0.000021
22.599096  0.000031
22.619095  0.000010
22.639094  0.000042
22.659094  -0.000032
22.679093  0.000021
22.699092  -0.000000
22.719091  0.000042
22.739090  0.000010
22.759090  0.000021
22.779089  -0.000021
22.799088  -0.000000
22.819087  -0.000000
22.839086  0.000021
22.859086  0.000021
22.879085  0.000010
22.899084  0.000010
22.919083  -0.000000
22.939082  -0.000000
22.959082  0.000021
22.979081  0.000010
22.999080  -0.000000
23.019079  0.000031
23.039078  -0.000000
23.059078  0.000010
23.079077  -0.000011
23.099076  0.000021
23.119075  -0.000000
23.139074  0.000010
23.159074  -0.000021
23.179073  -0.000000
23.199072  0.000021
23.219071  -0.000032
23.239070  0.000031
23.259070  0.000010
23.279069  0.000010
23.299068  -0.000000
23.319067  0.000010
23.339066  -0.000011
23.359066  0.000021
23.379065  0.000010
23.399064  0.000010
23.419063  0.000021
23.439062  0.000042
23.459062  -0.000021
23.479061  -0.000000
23.499060  0.000010
23.519059  -0.000000
23.539058  -0.000021
23.559058  0.000021
23.579057  -0.000000
23.599056  -0.000011
23.619055  0.000010
23.639054  -0.000021
23.659054  -0.000000
23.679053  -0.000011
23.699052  -0.000000
23.719051  -0.000000
23.739050  -0.000021
23.759050  0.000010
23.779049  0.000021
23.799048  -0.000011
23.819047  0.000010
23.839046  0.000010
23.859046  0.000021
23.879045  0.000063
23.899044  0.000010
23.919043  0.000010
23.939042  0.000042
23.959042  -0.000011
23.979041  -0.000011
23.999040  0.000010
24.019039  0.000021
24.039038  0.000031
24.059038  -0.000000
24.079037  0.000031
24.099036  -0.000000
24.119035  -0.000011
24.139034  -0.000021
24.159034  -0.000000
24.179033  -0.000000
24.199032  0.000021
24.219031  0.000021
24.239030  -0.000000
24.259030  -0.000000
24.279029  -0.000000
24.299028  -0.000021
24.319027  0.000010
24.339026  0.000031
24.359026  0.000010
24.379025  0.000021
24.399024  -0.000000
24.419023  -0.000021
24.439022  -0.000011
24.459022  -0.000000
24.479021  0.000010
24.499020  -0.000011
24.519019  0.000031
24.539018  0.000021
24.559018  0.000010
24.579017  -0.000000
24.599016  0.000010
24.619015  0.000031
24.639014  0.000021
24.659014  0.000021
24.679013  -0.000011
24.699012  -0.000011
24.719011  -0.000000
24.739010  -0.000011
24.759010  -0.000000
24.779009  0.000010
24.799008  0.000031
24.819007  -0.000000
24.839006  0.000021
24.859006  0.000052
24.879005  -0.000000
24.899004  -0.000021
24.919003  0.000031
24.939002  0.000010
24.959002  -0.000011
24.979001  0.000010
24.999000  -0.000011
25.018999  -0.000011
25.038998  -0.000011
25.058998  0.000021
25.078997  0.000021
25.098996  0.000021
25.118995  0.000031
25.138994  0.000031
25.158994  -0.000011
25.178993  0.000010
25.198992  -0.000011
25.218991  0.000010
25.238990  0.000021
25.258990  -0.000000
25.278989  0.000031
25.298988  -0.000000
25.318987  0.000021
25.338986  -0.000000
25.358986  0.000031
25.378985  -0.000000
25.398984  0.000010
25.418983  -0.000021
25.438982  -0.000000
25.458982  -0.000011
25.478981  -0.000032
25.498980  0.000021
25.518979  -0.000000
25.538978  0.000010
25.558978  0.000010
25.578977  0.000021
25.598976  -0.000021
25.618975  -0.000000
25.638974  -0.000000
25.658974  0.000010
25.678973  -0.000021
25.698972  0.000021
25.718971  0.000042
25.738970  -0.000011
25.758970  0.000042
25.778969  -0.000000
25.798968  0.000031
25.818967  -0.000000
25.838966  0.000021
25.858966  0.000010
25.878965  0.000010
25.898964  0.000021
25.918963  -0.000000
25.938962  0.000010
25.958962  0.000052
25.978961  0.000010
25.998960  -0.000011
26.018959  -0.000021
26.038958  0.000021
26.058958  -0.000000
26.078957  -0.000000
26.098956  -0.000000
26.118955  -0.000011
26.138954  0.000010
26.158954  0.000021
26.178953  -0.000021
26.198952  -0.000000
26.218951  0.000031
26.238950  -0.000000
26.258950  -0.000000
26.278949  -0.000000
26.298948  -0.000011
26.318947  0.000010
26.338946  -0.000021
26.358946  0.000010
26.378945  -0.000000
26.398944  -0.000000
26.418943  -0.000011
26.438942  -0.000011
26.458942  -0.000011
26.478941  0.000021
26.498940  -0.000000
26.518939  -0.000000
26.538938  0.000010
26.558938  -0.000011
26.578937  0.000010
26.598936  0.000010
26.618935  0.000010
26.638934  -0.000000
26.658934  0.000021
26.678933  -0.000000
26.698932  0.000021
26.718931  -0.000000
26.738930  0.000021
26.758930  -0.000011
26.778929  -0.000011
26.798928  -0.000000
26.818927  0.000010
26.838926  -0.000000
26.858926  -0.000011
26.878925  -0.000000
26.898924  -0.000011
26.918923  -0.000011
26.938922  0.000021
26.958922  0.000031
26.978921  -0.000021
26.998920  0.000031
27.018919  -0.000021
27.038918  0.000010
27.058918  0.000021
27.078917  -0.000000
27.098916  -0.000000
27.118915  0.000031
27.138914  -0.000000
27.158914  0.000010
27.178913  -0.000011
27.198912  -0.000000
27.218911  0.000010
27.238910  -0.000011
27.258910  0.000010
27.278909  0.000021
27.298908  0.000021
27.318907  0.000021
27.338906  -0.000011
27.358906  -0.000000
27.378905  -0.000000
27.398904  -0.000000
27.418903  -0.000000
27.438902  -0.000011
27.458902  0.000010
27.478901  -0.000021
27.498900  -0.000032
27.518899  -0.000000
27.538898  0.000021
27.558898  -0.000000
27.578897  -0.000000
27.598896  -0.000011
27.618895  -0.000011
27.638894  0.000010
27.658894  0.000010
27.678893  0.000021
27.698892  0.000021
27.718891  -0.000000
27.738890  -0.000000
27.758890  -0.000011
27.778889  -0.000011
27.798888  -0.000021
27.818887  0.000021
27.838886  0.000021
27.858886  -0.000021
27.878885  -0.000000
27.898884  -0.000011
27.918883  -0.000000
27.938882  -0.000000
27.958882  -0.000000
27.978881  -0.000011
27.998880  -0.000011
28.018879  -0.000000
28.038878  -0.000032
28.058878  -0.000011
28.078877  0.000010
28.098876  -0.000011
28.118875  -0.000000
28.138874  -0.000000
28.158874  0.000010
28.178873  -0.000000
28.198872  -0.000000
28.218871  0.000021
28.238870  0.000021
28.258870  0.000042
28.278869  -0.000000
28.298868  -0.000011
28.318867  -0.000011
28.338866  0.000021
28.358866  -0.000032
28.378865  0.000010
28.398864  -0.000000
28.418863  -0.000011
28.438862  -0.000000
28.458862  -0.000011
28.478861  0.000010
28.498860  0.000010
28.518859  -0.000000
28.538858  -0.000000
28.558858  0.000010
28.578857  0.000042
28.598856  -0.000000
28.618855  -0.000000
28.638854  -0.000021
28.658854  -0.000011
28.678853  -0.000021
28.698852  -0.000000
28.718851  -0.000000
28.738850  -0.000011
28.758850  0.000010
28.778849  -0.000021
28.798848  -0.000000
28.818847  -0.000000
28.838846  -0.000000
28.858846  0.000010
28.878845  0.000021
28.898844  -0.000000
28.918843  0.000010
28.938842  -0.000011
28.958842  0.000021
28.978841  -0.000000
28.998840  0.000021
29.018839  -0.000000
29.038838  -0.000011
29.058838  -0.000000
29.078837  0.000031
29.098836  -0.000011
29.118835  0.000010
29.138834  -0.000011
29.158834  0.000021
29.178833  -0.000011
29.198832  -0.000000
29.218831  0.000010
29.238830  -0.000011
29.258830  -0.000000
29.278829  -0.000011
29.298828  -0.000000
29.318827  -0.000032
29.338826  -0.000000
29.358826  -0.000000
29.378825  -0.000000
29.398824  0.000010
29.418823  -0.000000
29.438822  -0.000000
29.458822  0.000021
29.478821  0.000021
29.498820  -0.000021
29.518819  0.000031
29.538818  -0.000000
29.558818  -0.000011
29.578817  -0.000000
29.598816  0.000010
29.618815  0.000021
29.638814  -0.000000
29.658814  -0.000000
29.678813  -0.000011
29.698812  -0.000032
29.718811  -0.000000
29.738810  -0.000000
29.758810  -0.000000
29.778809  -0.000011
29.798808  -0.000021
29.818807  -0.000000
29.838806  -0.000011
29.858806  -0.000000
29.878805  -0.000011
29.898804  -0.000011
29.918803  -0.000000
29.938802  -0.000000
29.958802  -0.000000
29.978801  -0.000000
29.998800  0.000031
30.018799  -0.000011
30.038798  -0.000011
30.058798  0.000021
30.078797  0.000021
30.098796  -0.000011
30.118795  -0.000000
30.138794  0.000021
30.158794  0.000021
30.178793  0.000031
30.198792  0.000010
30.218791  0.000010
30.238790  0.000010
30.258790  -0.000000
30.278789  -0.000011
30.298788  0.000010
30.318787  0.000021
30.338786  -0.000000
30.358786  0.000010
30.378785  -0.000000
30.398784  -0.000000
30.418783  -0.000000
30.438782  0.000021
30.458782  0.000010
30.478781  -0.000000
30.498780  0.000021
30.518779  0.000021
30.538778  -0.000000
30.558778  -0.000000
30.578777  0.000021
30.598776  -0.000021
30.618775  -0.000000
30.638774  -0.000000
30.658774  -0.000000
30.678773  0.000021
30.698772  -0.000000
30.718771  0.000010
30.738770  0.000021
30.758770  -0.000011
30.778769  -0.000000
30.798768  0.000010
30.818767  0.000021
30.838766  -0.000000
30.858766  -0.000000
30.878765  0.000010
30.898764  0.000031
30.918763  -0.000021
30.938762  -0.000000
30.958762  0.000021
30.978761  -0.000000
30.998760  0.000031
31.018759  0.000021
31.038758  -0.000021
31.058758  -0.000000
31.078757  -0.000011
31.098756  0.000010
31.118755  -0.000000
31.138754  0.000010
31.158754  0.000021
31.178753  -0.000011
31.198752  0.000021
31.218751  -0.000000
31.238750  -0.000000
31.258750  -0.000021
31.278749  -0.000000
31.298748  0.000010
31.318747  -0.000053
31.338746  -0.000000
31.358746  -0.000000
31.378745  0.000010
31.398744  0.000031
31.418743  -0.000021
31.438742  -0.000011
31.458742  0.000021
31.478741  0.000031
31.498740  0.000010
31.518739  0.000010
31.538738  0.000021
31.558738  0.000021
31.578737  0.000010
31.598736  0.000010
31.618735  -0.000000
31.638734  -0.000011
31.658734  0.000010
31.678733  0.000021
31.698732  -0.000000
31.718731  -0.000011
31.738730  0.000031
31.758730  0.000010
31.778729  0.000010
31.798728  0.000010
31.818727  -0.000000
31.838726  -0.000000
31.858726  0.000042
31.878725  0.000010
31.898724  -0.000011
31.918723  0.000010
31.938722  0.000010
31.958722  0.000010
31.978721  0.000021
31.998720  0.000021
32.018719  -0.000011
32.038718  0.000010
32.058718  -0.000011
32.078717  0.000010
32.098716  0.000010
32.118715  0.000073
32.138714  -0.000011
32.158714  0.000010
32.178713  0.000031
32.198712  0.000031
32.218711  0.000010
32.238710  -0.000000
32.258710  -0.000021
32.278709  0.000010
32.298708  -0.000000
32.318707  0.000031
32.338706  0.000010
32.358706  0.000010
32.378705  0.000010
32.398704  -0.000021
32.418703  0.000031
32.438702  0.000021
32.458702  -0.000011
32.478701  0.000010
32.498700  0.000031
32.518699  0.000021
32.538698  -0.000021
32.558698  0.000021
32.578697  -0.000011
32.598696  -0.000032
32.618695  -0.000000
32.638694  0.000021
32.658694  -0.000011
32.678693  0.000021
32.698692  0.000021
32.718691  -0.000011
32.738690  -0.000000
32.758690  0.000021
32.778689  -0.000011
32.798688  0.000010
32.818687  0.000010
32.838686  0.000010
32.858686  0.000021
32.878685  0.000031
32.898684  -0.000021
32.918683  0.000021
32.938682  -0.000000
32.958682  -0.000011
32.978681  -0.000021
32.998680  -0.000000
33.018679  0.000010
33.038678  -0.000000
33.058678  -0.000011
33.078677  -0.000000
33.098676  -0.000000
33.118675  -0.000000
33.138674  0.000031
33.158674  -0.000000
33.178673  -0.000011
33.198672  -0.000000
33.218671  0.000021
33.238670  0.000021
33.258670  -0.000011
33.278669  -0.000000
33.298668  0.000031
33.318667  0.000021
33.338666  0.000042
33.358666  0.000010
33.378665  0.000010
33.398664  -0.000000
33.418663  0.000010
33.438662  -0.000000
33.458662  -0.000000
33.478661  0.000031
33.498660  -0.000000
33.518659  0.000031
33.538658  0.000010
33.558658  0.000021
33.578657  0.000010
33.598656  0.000010
33.618655  0.000010
33.638654  0.000021
33.658654  0.000010
33.678653  0.000010
33.698652  -0.000011
33.718651  0.000021
33.738650  0.000042
33.758650  -0.000011
33.778649  -0.000011
33.798648  0.000031
33.818647  -0.000000
33.838646  0.000021
33.858646  -0.000000
33.878645  0.000031
33.898644  -0.000000
33.918643  -0.000000
33.938642  0.000031
33.958642  -0.000000
33.978641  -0.000011
33.998640  -0.000000
34.018639  0.000010
34.038638  0.000021
34.058638  -0.000011
34.078637  -0.000032
34.098636  -0.000021
34.118635  0.000021
34.138634  -0.000011
34.158634  -0.000000
34.178633  -0.000011
34.198632  0.000010
34.218631  -0.000011
34.238630  0.000021
34.258630  -0.000000
34.278629  0.000010
34.298628  -0.000011
34.318627  -0.000000
34.338626  0.000010
34.358626  -0.000011
34.378625  0.000010
34.398624  -0.000000
34.418623  0.000010
34.438622  -0.000000
34.458622  -0.000000
34.478621  0.000021
34.498620  -0.000011
34.518619  -0.000032
34.538618  0.000031
34.558618  -0.000000
34.578617  0.000021
34.598616  0.000031
34.618615  -0.000000
34.638614  0.000010
34.658614  0.000021
34.678613  0.000010
34.698612  0.000010
34.718611  0.000010
34.738610  -0.000011
34.758610  -0.000000
34.778609  0.000021
34.798608  -0.000011
34.818607  -0.000021
34.838606  -0.000011
34.858606  -0.000011
34.878605  0.000010
34.898604  -0.000000
34.918603  -0.000000
34.938602  -0.000021
34.958602  0.000021
34.978601  0.000010
34.998600  0.000010
35.018599  0.000031
35.038598  0.000042
35.058598  -0.000000
35.078597  -0.000011
35.098596  -0.000021
35.118595  -0.000000
35.138594  -0.000011
35.158594  0.000021
35.178593  -0.000000
35.198592  0.000031
35.218591  0.000010
35.238590  0.000021
35.258590  -0.000000
35.278589  0.000042
35.298588  0.000021
35.318587  0.000010
35.338586  -0.000021
35.358586  0.000010
35.378585  -0.000000
35.398584  0.000021
35.418583  -0.000011
35.438582  -0.000000
35.458582  -0.000011
35.478581  0.000010
35.498580  0.000010
35.518579  -0.000021
35.538578  -0.000011
35.558578  -0.000042
35.578577  -0.000021
35.598576  0.000031
35.618575  -0.000000
35.638574  0.000031
35.658574  -0.000011
35.678573  -0.000011
35.698572  -0.000000
35.718571  -0.000011
35.738570  0.000010
35.758570  -0.000011
35.778569  -0.000000
35.798568  0.000021
35.818567  -0.000011
35.838566  0.000010
35.858566  -0.000000
35.878565  0.000021
35.898564  -0.000000
35.918563  -0.000011
35.938562  -0.000000
35.958562  0.000010
35.978561  0.000010
35.998560  -0.000011
36.018559  0.000010
36.038558  0.000021
36.058558  0.000010
36.078557  0.000021
36.098556  -0.000000
36.118555  -0.000042
36.138554  -0.000000
36.158554  -0.000011
36.178553  0.000021
36.198552  0.000021
36.218551  -0.000011
36.238550  -0.000011
36.258550  -0.000011
36.278549  0.000031
36.298548  0.000010
36.318547  0.000021
36.338546  -0.000000
36.358546  -0.000000
36.378545  -0.000032
36.398544  0.000031
36.418543  -0.000000
36.438542  0.000021
36.458542  0.000031
36.478541  -0.000000
36.498540  -0.000011
36.518539  0.000010
36.538538  -0.000021
36.558538  0.000010
36.578537  -0.000000
36.598536  -0.000011
36.618535  -0.000000
36.638534  0.000010
36.658534  0.000021
36.678533  0.000010
36.698532  0.000010
36.718531  -0.000021
36.738530  -0.000021
36.758530  -0.000011
36.778529  -0.000000
36.798528  -0.000011
36.818527  -0.000011
36.838526  -0.000011
36.858526  0.000010
36.878525  0.000010
36.898524  -0.000000
36.918523  0.000021
36.938522  -0.000000
36.958522  -0.000011
36.978521  -0.000000
36.998520  0.000021
37.018519  -0.000011
37.038518  0.000010
37.058518  0.000031
37.078517  -0.000000
37.098516  0.000021
37.118515  0.000010
37.138514  -0.000000
37.158514  0.000010
37.178513  -0.000021
37.198512  -0.000032
37.218511  -0.000011
37.238510  0.000021
37.258510  0.000021
37.278509  -0.000021
37.298508  -0.000000
37.318507  -0.000000
37.338506  0.000010
37.358506  0.000021
37.378505  -0.000000
37.398504  -0.000000
37.418503  -0.000000
37.438502  -0.000000
37.458502  -0.000000
37.478501  0.000021
37.498500  -0.000011
37.518499  -0.000021
37.538498  -0.000000
37.558498  -0.000000
37.578497  -0.000021
37.598496  -0.000011
37.618495  0.000010
37.638494  0.000021
37.658494  0.000031
37.678493  -0.000000
37.698492  0.000021
37.718491  0.000010
37.738490  0.000021
37.758490  0.000021
37.778489  -0.000021
37.798488  0.000021
37.818487  0.000010
37.838486  -0.000011
37.858486  -0.000000
37.878485  -0.000000
37.898484  -0.000000
37.918483  0.000010
37.938482  0.000010
37.958482  0.000021
37.978481  -0.000021
37.998480  -0.000021
38.018479  -0.000000
38.038478  -0.000000
38.058478  0.000031
38.078477  -0.000011
38.098476  0.000021
38.118475  -0.000021
38.138474  0.000021
38.158474  0.000031
38.178473  -0.000011
38.198472  -0.000011
38.218471  -0.000000
38.238470  -0.000011
38.258470  -0.000011
38.278469  0.000021
38.298468  -0.000000
38.318467  0.000021
38.338466  0.000031
38.358466  0.000021
38.378465  -0.000000
38.398464  0.000031
38.418463  -0.000000
38.438462  -0.000000
38.458462  -0.000000
38.478461  -0.000000
38.498460  -0.000011
38.518459  0.000021
38.538458  -0.000000
38.558458  0.000010
38.578457  -0.000000
38.598456  -0.000000
38.618455  0.000031
38.638454  0.000010
38.658454  -0.000021
38.678453  -0.000000
38.698452  -0.000011
38.718451  -0.000000
38.738450  0.000021
38.758450  0.000010
38.778449  0.000010
38.798448  -0.000000
38.818447  0.000010
38.838446  0.000010
38.858446  -0.000011
38.878445  0.000010
38.898444  0.000042
38.918443  -0.000011
38.938442  -0.000000
38.958442  0.000021
38.978441  -0.000000
38.998440  -0.000000
39.018439  -0.000000
39.038438  -0.000011
39.058438  -0.000000
39.078437  -0.000011
39.098436  -0.000000
39.118435  -0.000000
39.138434  0.000021
39.158434  0.000010
39.178433  0.000021
39.198432  -0.000011
39.218431  0.000021
39.238430  -0.000011
39.258430  -0.000011
39.278429  0.000021
39.298428  -0.000000
39.318427  -0.000000
39.338426  0.000010
39.358426  -0.000000
39.378425  -0.000011
39.398424  -0.000011
39.418423  -0.000011
39.438422  -0.000000
39.458422  0.000010
39.478421  0.000031
39.498420  0.000021
39.518419  -0.000000
39.538418  -0.000000
39.558418  0.000042
39.578417  0.000021
39.598416  0.000010
39.618415  -0.000011
39.638414  0.000010
39.658414  -0.000000
39.678413  -0.000000
39.698412  0.000021
39.718411  -0.000011
39.738410  -0.000011
39.758410  0.000021
39.778409  -0.000042
39.798408  -0.000021
39.818407  -0.000000
39.838406  0.000021
39.858406  -0.000000
39.878405  -0.000011
39.898404  -0.000000
39.918403  -0.000042
39.938402  -0.000000
39.958402  -0.000011
39.978401  0.000021
39.998400  -0.000021
40.018399  -0.000000
40.038398  -0.000000
40.058398  -0.000011
40.078397  0.000021
40.098396  -0.000021
40.118395  -0.000011
40.138394  0.000010
40.158394  -0.000021
40.178393  -0.000000
40.198392  0.000021
40.218391  0.000010
40.238390  0.000021
40.258390  -0.000021
40.278389  -0.000000
40.298388  0.000031
40.318387  -0.000000
40.338386  0.000031
40.358386  0.000010
40.378385  0.000010
40.398384  -0.000000
40.418383  -0.000000
40.438382  -0.000011
40.458382  0.000021
40.478381  -0.000000
40.498380  0.000021
40.518379  0.000010
40.538378  -0.000000
40.558378  -0.000000
40.578377  -0.000011
40.598376  -0.000000
40.618375  -0.000000
40.638374  0.000021
40.658374  0.000010
40.678373  0.000010
40.698372  -0.000011
40.718371  -0.000000
40.738370  -0.000000
40.758370  -0.000021
40.778369  0.000010
40.798368  0.000042
40.818367  0.000010
40.838366  -0.000021
40.858366  0.000010
40.878365  0.000031
40.898364  -0.000000
40.918363  -0.000021
40.938362  -0.000011
40.958362  -0.000000
40.978361  0.000010
40.998360  -0.000000
41.018359  -0.000021
41.038358  0.000021
41.058358  -0.000021
41.078357  0.000021
41.098356  -0.000000
41.118355  0.000031
41.138354  0.000010
41.158354  -0.000000
41.178353  0.000021
41.198352  0.000010
41.218351  -0.000011
41.238350  0.000010
41.258350  -0.000000
41.278349  0.000031
41.298348  0.000031
41.318347  0.000010
41.338346  -0.000000
41.358346  -0.000011
41.378345  -0.000000
41.398344  -0.000021
41.418343  0.000031
41.438342  0.000021
41.458342  0.000010
41.478341  -0.000000
41.498340  -0.000011
41.518339  -0.000000
41.538338  -0.000011
41.558338  -0.000000
41.578337  -0.000021
41.598336  -0.000011
41.618335  -0.000021
41.638334  0.000021
41.658334  0.000010
41.678333  0.000021
41.698332  0.000010
41.718331  0.000010
41.738330  0.000031
41.758330  -0.000011
41.778329  -0.000000
41.798328  0.000010
41.818327  -0.000000
41.838326  0.000031
41.858326  -0.000011
41.878325  0.000010
41.898324  -0.000011
41.918323  0.000010
41.938322  -0.000011
41.958322  0.000010
41.978321  0.000010
41.998320  -0.000000
42.018319  -0.000000
42.038318  0.000010
42.058318  -0.000011
42.078317  0.000021
42.098316  -0.000011
42.118315  -0.000000
42.138314  -0.000011
42.158314  -0.000021
42.178313  -0.000000
42.198312  -0.000011
42.218311  -0.000011
42.238310  -0.000000
42.258310  -0.000000
42.278309  -0.000011
42.298308  -0.000000
42.318307  -0.000000
42.338306  0.000021
42.358306  0.000021
42.378305  -0.000000
42.398304  -0.000000
42.418303  -0.000000
42.438302  0.000010
42.458302  0.000010
42.478301  0.000031
42.498300  -0.000011
42.518299  0.000010
42.538298  0.000031
42.558298  -0.000011
42.578297  -0.000000
42.598296  0.000031
42.618295  0.000021
42.638294  -0.000000
42.658294  -0.000000
42.678293  0.000010
42.698292  0.000021
42.718291  0.000021
42.738290  -0.000011
42.758290  -0.000011
42.778289  0.000021
42.798288  -0.000011
42.818287  -0.000011
42.838286  -0.000011
42.858286  -0.000000
42.878285  -0.000011
42.898284  -0.000000
42.918283  -0.000032
42.938282  0.000031
42.958282  0.000021
42.978281  0.000010
42.998280  0.000010
43.018279  0.000010
43.038278  0.000052
43.058278  -0.000011
43.078277  -0.000011
43.098276  -0.000032
43.118275  0.000031
43.138274  -0.000000
43.158274  -0.000011
43.178273  -0.000011
43.198272  -0.000000
43.218271  -0.000000
43.238270  -0.000000
43.258270  -0.000011
43.278269  0.000021
43.298268  -0.000000
43.318267  -0.000000
43.338266  -0.000000
43.358266  0.000021
43.378265  -0.000000
43.398264  -0.000000
43.418263  -0.000021
43.438262  -0.000021
43.458262  -0.000011
43.478261  -0.000000
43.498260  0.000010
43.518259  -0.000000
43.538258  -0.000011
43.558258  -0.000000
43.578257  -0.000021
43.598256  0.000031
43.618255  -0.000032
43.638254  0.000021
43.658254  -0.000000
43.678253  -0.000000
43.698252  -0.000000
43.718251  0.000010
43.738250  -0.000011
43.758250  -0.000000
43.778249  0.000031
43.798248  0.000021
43.818247  -0.000000
43.838246  0.000021
43.858246  0.000021
43.878245  -0.000011
43.898244  0.000021
43.918243  -0.000000
43.938242  -0.000000
43.958242  0.000010
43.978241  -0.000000
43.998240  -0.000011
44.018239  0.000021
44.038238  -0.000000
44.058238  0.000010
44.078237  -0.000000
44.098236  0.000021
44.118235  -0.000021
44.138234  0.000010
44.158234  -0.000011
44.178233  -0.000021
44.198232  -0.000011
44.218231  0.000052
44.238230  0.000021
44.258230  -0.000000
44.278229  -0.000000
44.298228  0.000010
44.318227  0.000010
44.338226  -0.000011
44.358226  -0.000011
44.378225  0.000010
44.398224  0.000031
44.418223  0.000010
44.438222  -0.000000
44.458222  -0.000000
44.478221  -0.000011
44.498220  0.000042
44.518219  -0.000000
44.538218  0.000010
44.558218  0.000031
44.578217  0.000010
44.598216  -0.000011
44.618215  -0.000000
44.638214  -0.000011
44.658214  -0.000011
44.678213  -0.000000
44.698212  -0.000000
44.718211  0.000021
44.738210  -0.000000
44.758210  -0.000000
44.778209  -0.000011
44.798208  -0.000011
44.818207  -0.000011
44.838206  -0.000011
44.858206  -0.000021
44.878205  -0.000000
44.898204  -0.000021
44.918203  0.000021
44.938202  0.000021
44.958202  -0.000021
44.978201  -0.000021
44.998200  0.000021
45.018199  -0.000000
45.038198  -0.000000
45.058198  0.000010
45.078197  -0.000000
45.098196  -0.000011
45.118195  0.000021
45.138194  -0.000011
45.158194  -0.000000
45.178193  0.000031
45.198192  0.000010
45.218191  -0.000011
45.238190  -0.000032
45.258190  -0.000000
45.278189  -0.000000
45.298188  0.000021
45.318187  -0.000000
45.338186  -0.000011
45.358186  -0.000000
45.378185  0.000010
45.398184  0.000021
45.418183  -0.000011
45.438182  -0.000032
45.458182  -0.000021
45.478181  -0.000011
45.498180  -0.000000
45.518179  -0.000000
45.538178  -0.000011
45.558178  0.000010
45.578177  0.000021
45.598176  0.000010
45.618175  -0.000000
45.638174  0.000010
45.658174  0.000010
45.678173  0.000021
45.698172  -0.000000
45.718171  -0.000000
45.738170  0.000031
45.758170  0.000010
45.778169  0.000031
45.798168  0.000010
45.818167  0.000010
45.838166  0.000031
45.858166  0.000031
45.878165  -0.000000
45.898164  0.000021
45.918163  -0.000000
45.938162  -0.000011
45.958162  -0.000011
45.978161  0.000010
45.998160  -0.000011
46.018159  0.000021
46.038158  0.000042
46.058158  -0.000021
46.078157  -0.000000
46.098156  -0.000011
46.118155  -0.000000
46.138154  -0.000000
46.158154  -0.000000
46.178153  0.000021
46.198152  0.000021
46.218151  0.000031
46.238150  0.000021
46.258150  -0.000000
46.278149  -0.000011
46.298148  -0.000000
46.318147  -0.000000
46.338146  0.000021
46.358146  0.000021
46.378145  -0.000011
46.398144  0.000010
46.418143  0.000021
46.438142  0.000021
46.458142  0.000010
46.478141  0.000021
46.498140  0.000010
46.518139  -0.000000
46.538138  -0.000000
46.558138  -0.000000
46.578137  -0.000000
46.598136  -0.000000
46.618135  0.000031
46.638134  0.000021
46.658134  -0.000000
46.678133  -0.000021
46.698132  -0.000011
46.718131  -0.000000
46.738130  0.000021
46.758130  -0.000000
46.778129  -0.000000
46.798128  -0.000000
46.818127  -0.000011
46.838126  -0.000011
46.858126  -0.000000
46.878125  0.000010
46.898124  0.000031
46.918123  -0.000011
46.938122  -0.000011
46.958122  -0.000000
46.978121  0.000010
46.998120  0.000031
47.018119  -0.000000
47.038118  -0.000000
47.058118  -0.000032
47.078117  -0.000000
47.098116  -0.000000
47.118115  -0.000011
47.138114  0.000010
47.158114  0.000021
47.178113  0.000021
47.198112  -0.000021
47.218111  -0.000000
47.238110  -0.000011
47.258110  0.000010
47.278109  0.000021
47.298108  -0.000011
47.318107  -0.000000
47.338106  -0.000000
47.358106  -0.000021
47.378105  -0.000011
47.398104  0.000031
47.418103  -0.000021
47.438102  -0.000000
47.458102  -0.000000
47.478101  0.000010
47.498100  0.000031
47.518099  0.000021
47.538098  0.000010
47.558098  -0.000011
47.578097  0.000031
47.598096  0.000052
47.618095  0.000021
47.638094  0.000010
47.658094  0.000010
47.678093  -0.000000
47.698092  -0.000000
47.718091  0.000031
47.738090  -0.000000
47.758090  0.000031
47.778089  0.000021
47.798088  0.000031
47.818087  -0.000000
47.838086  0.000010
47.858086  -0.000011
47.878085  0.000010
47.898084  0.000010
47.918083  -0.000000
47.938082  0.000031
47.958082  -0.000000
47.978081  0.000021
47.998080  -0.000011
48.018079  0.000010
48.038078  0.000010
48.058078  -0.000000
48.078077  -0.000000
48.098076  0.000021
48.118075  -0.000000
48.138074  -0.000021
48.158074  0.000021
48.178073  0.000010
48.198072  0.000010
48.218071  -0.000011
48.238070  0.000010
48.258070  0.000031
48.278069  -0.000011
48.298068  -0.000000
48.318067  -0.000000
48.338066  0.000010
48.358066  -0.000021
48.378065  0.000010
48.398064  -0.000000
48.418063  -0.000000
48.438062  -0.000000
48.458062  -0.000021
48.478061  0.000021
48.498060  -0.000011
48.518059  -0.000000
48.538058  -0.000000
48.558058  -0.000000
48.578057  0.000010
48.598056  -0.000011
48.618055  -0.000000
48.638054  0.000031
48.658054  0.000021
48.678053  0.000021
48.698052  -0.000011
48.718051  -0.000021
48.738050  0.000021
48.758050  0.000021
48.778049  -0.000000
48.798048  0.000010
48.818047  0.000010
48.838046  -0.000000
48.858046  0.000010
48.878045  -0.000000
48.898044  0.000010
48.918043  0.000021
48.938042  -0.000000
48.958042  0.000021
48.978041  -0.000011
48.998040  0.000010
49.018039  -0.000000
49.038038  -0.000011
49.058038  -0.000000
49.078037  0.000010
49.098036  -0.000011
49.118035  -0.000011
49.138034  -0.000021
49.158034  -0.000000
49.178033  -0.000011
49.198032  -0.000011
49.218031  0.000021
49.238030  0.000010
49.258030  -0.000000
49.278029  -0.000032
49.298028  0.000021
49.318027  -0.000000
49.338026  0.000021
49.358026  -0.000021
49.378025  0.000021
49.398024  -0.000032
49.418023  0.000021
49.438022  -0.000000
49.458022  -0.000000
49.478021  -0.000011
49.498020  -0.000000
49.518019  -0.000011
49.538018  -0.000000
49.558018  -0.000032
49.578017  -0.000011
49.598016  0.000010
49.618015  -0.000000
49.638014  -0.000000
49.658014  -0.000000
49.678013  -0.000000
49.698012  -0.000000
49.718011  -0.000042
49.738010  0.000021
49.758010  -0.000000
49.778009  -0.000000
49.798008  0.000031
49.818007  -0.000000
49.838006  -0.000011
49.858006  0.000010
49.878005  -0.000000
49.898004  -0.000011
49.918003  -0.000000
49.938002  0.000021
49.958002  -0.000000
49.978001  -0.000000
49.998000  -0.000000
50.017999  -0.000011
50.037998  0.000031
50.057998  0.000031
50.077997  0.000031
50.097996  0.000031
50.117995  0.000021
50.137994  0.000010
50.157994  -0.000000
50.177993  -0.000000
50.197992  -0.000000
50.217991  -0.000011
50.237990  0.000010
50.257990  0.000031
50.277989  -0.000011
50.297988  -0.000011
50.317987  -0.000000
50.337986  -0.000032
50.357986  -0.000000
50.377985  0.000010
50.397984  -0.000000
50.417983  -0.000000
50.437982  -0.000000
50.457982  -0.000011
50.477981  -0.000000
50.497980  -0.000000
50.517979  -0.000011
50.537978  0.000031
50.557978  -0.000021
50.577977  0.000010
50.597976  -0.000000
50.617975  -0.000032
50.637974  0.000021
50.657974  -0.000000
50.677973  -0.000000
50.697972  -0.000000
50.717971  -0.000000
50.737970  0.000042
50.757970  0.000021
50.777969  -0.000021
50.797968  0.000021
50.817967  0.000010
50.837966  -0.000011
50.857966  -0.000021
50.877965  0.000010
50.897964  -0.000000
50.917963  -0.000000
50.937962  -0.000011
50.957962  -0.000000
50.977961  -0.000000
50.997960  -0.000011
51.017959  0.000010
51.037958  0.000031
51.057958  0.000010
51.077957  0.000010
51.097956  0.000021
51.117955  -0.000000
51.137954  -0.000011
51.157954  0.000021
51.177953  -0.000000
51.197952  0.000021
51.217951  -0.000021
51.237950  0.000021
51.257950  0.000010
51.277949  0.000052
51.297948  -0.000011
51.317947  -0.000011
51.337946  -0.000011
51.357946  0.000010
51.377945  -0.000000
51.397944  0.000021
51.417943  0.000010
51.437942  -0.000011
51.457942  -0.000011
51.477941  -0.000021
51.497940  -0.000011
51.517939  -0.000000
51.537938  0.000021
51.557938  -0.000000
51.577937  0.000031
51.597936  -0.000000
51.617935  -0.000011
51.637934  -0.000021
51.657934  -0.000021
51.677933  0.000021
51.697932  -0.000021
51.717931  0.000010
51.737930  -0.000011
51.757930  -0.000000
51.777929  -0.000011
51.797928  -0.000032
51.817927  -0.000000
51.837926  0.000010
51.857926  -0.000000
51.877925  -0.000000
51.897924  -0.000011
51.917923  -0.000011
51.937922  0.000042
51.957922  -0.000021
51.977921  0.000031
51.997920  0.000010
52.017919  -0.000000
52.037918  -0.000000
52.057918  -0.000000
52.077917  0.000031
52.097916  0.000031
52.117915  -0.000021
52.137914  -0.000011
52.157914  -0.000000
52.177913  -0.000000
52.197912  -0.000000
52.217911  -0.000032
52.237910  -0.000021
52.257910  -0.000011
52.277909  0.000010
52.297908  -0.000000
52.317907  -0.000000
52.337906  0.000021
52.357906  -0.000000
52.377905  -0.000000
52.397904  -0.000000
52.417903  0.000021
52.437902  -0.000011
52.457902  0.000010
52.477901  -0.000000
52.497900  0.000010
52.517899  -0.000021
52.537898  -0.000000
52.557898  0.000010
52.577897  0.000031
52.597896  -0.000021
52.617895  -0.000000
52.637894  -0.000011
52.657894  0.000021
52.677893  -0.000000
52.697892  0.000010
52.717891  -0.000011
52.737890  0.000021
52.757890  -0.000000
52.777889  0.000031
52.797888  -0.000021
52.817887  -0.000011
52.837886  -0.000000
52.857886  -0.000000
52.877885  0.000031
52.897884  0.000031
52.917883  -0.000000
52.937882  -0.000011
52.957882  -0.000021
52.977881  -0.000021
52.997880  -0.000011
53.017879  -0.000021
53.037878  -0.000000
53.057878  -0.000011
53.077877  0.000021
53.097876  -0.000011
53.117875  0.000010
53.137874  -0.000021
53.157874  -0.000021
53.177873  0.000010
53.197872  -0.000000
53.217871  0.000021
53.237870  -0.000011
53.257870  -0.000011
53.277869  -0.000000
53.297868  -0.000011
53.317867  -0.000000
53.337866  0.000021
53.357866  0.000021
53.377865  -0.000011
53.397864  0.000021
53.417863  -0.000000
53.437862  -0.000021
53.457862  0.000010
53.477861  -0.000000
53.497860  -0.000000
53.517859  -0.000000
53.537858  0.000031
53.557858  0.000021
53.577857  -0.000000
53.597856  -0.000000
53.617855  0.000010
53.637854  -0.000021
53.657854  -0.000000
53.677853  -0.000000
53.697852  -0.000000
53.717851  0.000031
53.737850  -0.000000
53.757850  0.000021
53.777849  -0.000000
53.797848  -0.000000
53.817847  0.000010
53.837846  -0.000000
53.857846  0.000021
53.877845  -0.000000
53.897844  -0.000011
53.917843  -0.000000
53.937842  -0.000000
53.957842  -0.000011
53.977841  -0.000000
53.997840  0.000010
54.017839  -0.000000
54.037838  -0.000000
54.057838  0.000031
54.077837  0.000021
54.097836  0.000010
54.117835  0.000010
54.137834  -0.000011
54.157834  -0.000032
54.177833  -0.000021
54.197832  -0.000000
54.217831  -0.000000
54.237830  -0.000021
54.257830  -0.000021
54.277829  0.000010
54.297828  -0.000000
54.317827  0.000031
54.337826  0.000010
54.357826  0.000021
54.377825  -0.000000
54.397824  0.000010
54.417823  -0.000011
54.437822  -0.000000
54.457822  0.000010
54.477821  0.000021
54.497820  -0.000021
54.517819  0.000021
54.537818  -0.000011
54.557818  0.000010
54.577817  -0.000000
54.597816  0.000031
54.617815  -0.000011
54.637814  0.000052
54.657814  -0.000000
54.677813  -0.000000
54.697812  -0.000011
54.717811  -0.000011
54.737810  0.000021
54.757810  0.000010
54.777809  0.000021
54.797808  0.000021
54.817807  -0.000021
54.837806  0.000021
54.857806  0.000021
54.877805  -0.000000
54.897804  -0.000011
54.917803  -0.000000
54.937802  -0.000000
54.957802  0.000010
54.977801  0.000010
54.997800  -0.000021
55.017799  0.000021
55.037798  0.000031
55.057798  -0.000011
55.077797  -0.000000
55.097796  -0.000000
55.117795  -0.000000
55.137794  0.000021
55.157794  0.000031
55.177793  0.000031
55.197792  0.000010
55.217791  -0.000000
55.237790  -0.000011
55.257790  -0.000011
55.277789  -0.000000
55.297788  -0.000021
55.317787  0.000021
55.337786  0.000010
55.357786  0.000010
55.377785  -0.000011
55.397784  -0.000011
55.417783  0.000031
55.437782  -0.000011
55.457782  0.000021
55.477781  -0.000021
55.497780  -0.000011
55.517779  0.000010
55.537778  0.000031
55.557778  0.000073
55.577777  0.000021
55.597776  -0.000000
55.617775  -0.000000
55.637774  0.000010
55.657774  -0.000011
55.677773  -0.000000
55.697772  0.000031
55.717771  0.000031
55.737770  -0.000000
55.757770  0.000010
55.777769  -0.000000
55.797768  -0.000011
55.817767  0.000010
55.837766  -0.000000
55.857766  -0.000000
55.877765  0.000010
55.897764  -0.000000
55.917763  -0.000000
55.937762  -0.000011
55.957762  -0.000021
55.977761  -0.000021
55.997760  0.000010
56.017759  -0.000000
56.037758  -0.000021
56.057758  -0.000000
56.077757  0.000021
56.097756  0.000021
56.117755  -0.000000
56.137754  0.000010
56.157754  0.000021
56.177753  0.000010
56.197752  0.000010
56.217751  0.000063
56.237750  -0.000011
56.257750  -0.000000
56.277749  0.000063
56.297748  -0.000000
56.317747  0.000021
56.337746  0.000010
56.357746  -0.000000
56.377745  -0.000011
56.397744  -0.000000
56.417743  0.000042
56.437742  0.000021
56.457742  -0.000000
56.477741  -0.000063
56.497740  0.000010
56.517739  -0.000032
56.537738  -0.000011
56.557738  0.000010
56.577737  0.000010
56.597736  -0.000000
56.617735  -0.000032
56.637734  -0.000011
56.657734  0.000031
56.677733  0.000073
56.697732  -0.000021
56.717731  -0.000000
56.737730  0.000010
56.757730  -0.000011
56.777729  0.000021
56.797728  0.000021
56.817727  -0.000011
56.837726  -0.000000
56.857726  0.000010
56.877725  -0.000021
56.897724  0.000031
56.917723  0.000031
56.937722  0.000021
56.957722  -0.000011
56.977721  -0.000000
56.997720  -0.000032
57.017719  0.000021
57.037718  -0.000053
57.057718  -0.000000
57.077717  -0.000011
57.097716  -0.000000
57.117715  -0.000000
57.137714  0.000010
57.157714  0.000010
57.177713  0.000010
57.197712  -0.000042
57.217711  -0.000021
57.237710  0.000021
57.257710  -0.000011
57.277709  -0.000000
57.297708  -0.000011
57.317707  0.000010
57.337706  -0.000011
57.357706  -0.000000
57.377705  -0.000021
57.397704  -0.000000
57.417703  -0.000000
57.437702  0.000010
57.457702  -0.000000
57.477701  0.000010
57.497700  0.000021
57.517699  -0.000000
57.537698  0.000010
57.557698  0.000010
57.577697  -0.000021
57.597696  -0.000000
57.617695  -0.000000
57.637694  0.000010
57.657694  0.000010
57.677693  0.000021
57.697692  -0.000021
57.717691  -0.000000
57.737690  -0.000000
57.757690  -0.000000
57.777689  0.000021
57.797688  -0.000000
57.817687  -0.000011
57.837686  0.000010
57.857686  0.000031
57.877685  -0.000021
57.897684  -0.000011
57.917683  -0.000000
57.937682  -0.000021
57.957682  0.000021
57.977681  -0.000000
57.997680  -0.000011
58.017679  -0.000000
58.037678  -0.000011
58.057678  0.000010
58.077677  -0.000000
58.097676  -0.000000
58.117675  -0.000021
58.137674  0.000010
58.157674  0.000010
58.177673  0.000021
58.197672  -0.000000
58.217671  0.000021
58.237670  -0.000011
58.257670  -0.000011
58.277669  -0.000000
58.297668  -0.000000
58.317667  0.000021
58.337666  0.000010
58.357666  0.000021
58.377665  -0.000021
58.397664  -0.000000
58.417663  -0.000000
58.437662  -0.000032
58.457662  -0.000021
58.477661  0.000021
58.497660  -0.000021
58.517659  0.000021
58.537658  0.000021
58.557658  -0.000011
58.577657  -0.000021
58.597656  -0.000032
58.617655  0.000031
58.637654  -0.000000
58.657654  -0.000000
58.677653  0.000031
58.697652  -0.000000
58.717651  -0.000000
58.737650  0.000021
58.757650  -0.000032
58.777649  0.000021
58.797648  0.000021
58.817647  -0.000000
58.837646  0.000010
58.857646  -0.000000
58.877645  -0.000000
58.897644  0.000021
58.917643  0.000021
58.937642  0.000010
58.957642  0.000021
58.977641  -0.000000
58.997640  -0.000011
59.017639  0.000010
59.037638  0.000021
59.057638  0.000010
59.077637  -0.000021
59.097636  -0.000011
59.117635  0.000010
59.137634  0.000021
59.157634  -0.000000
59.177633  -0.000021
59.197632  0.000021
59.217631  -0.000000
59.237630  0.000021
59.257630  -0.000000
59.277629  -0.000042
59.297628  0.000010
59.317627  0.000031
59.337626  -0.000000
59.357626  -0.000011
59.377625  0.000031
59.397624  -0.000021
59.417623  0.000031
59.437622  -0.000000
59.457622  -0.000011
59.477621  -0.000021
59.497620  -0.000011
59.517619  0.000010
59.537618  -0.000011
59.557618  -0.000011
59.577617  0.000031
59.597616  -0.000011
59.617615  0.000031
59.637614  -0.000011
59.657614  -0.000000
59.677613  -0.000011
59.697612  0.000031
59.717611  0.000031
59.737610  -0.000000
59.757610  0.000010
59.777609  -0.000000
59.797608  -0.000011
59.817607  -0.000000
59.837606  -0.000011
59.857606  -0.000011
59.877605  0.000010
59.897604  0.000021
59.917603  0.000031
59.937602  0.000010
59.957602  0.000031
59.977601  -0.000011
59.997600  -0.000042
60.017599  0.000021
60.037598  -0.000000
60.057598  -0.000032
60.077597  0.000021
60.097596  -0.000011
60.117595  0.000021
60.137594  -0.000000
60.157594  -0.000000
60.177593  -0.000021
60.197592  0.000021
60.217591  -0.000011
60.237590  -0.000021
60.257590  0.000021
60.277589  -0.000000
60.297588  -0.000011
60.317587  -0.000011
60.337586  0.000021
60.357586  -0.000000
60.377585  -0.000000
60.397584  -0.000021
60.417583  -0.000032
60.437582  0.000021
60.457582  -0.000011
60.477581  0.000021
60.497580  0.000042
60.517579  0.000021
60.537578  0.000021
60.557578  0.000010
60.577577  0.000031
60.597576  0.000042
60.617575  0.000021
60.637574  0.000031
60.657574  -0.000000
60.677573  -0.000011
60.697572  -0.000011
60.717571  -0.000021
60.737570  0.000021
60.757570  -0.000032
60.777569  -0.000011
60.797568  -0.000000
60.817567  -0.000000
60.837566  -0.000000
60.857566  0.000021
60.877565  0.000010
60.897564  0.000021
60.917563  -0.000000
60.937562  0.000010
60.957562  0.000021
60.977561  -0.000000
60.997560  0.000021
61.017559  -0.000021
61.037558  -0.000011
61.057558  0.000010
61.077557  -0.000011
61.097556  0.000010
61.117555  -0.000032
61.137554  0.000021
61.157554  -0.000000
61.177553  -0.000000
61.197552  0.000021
61.217551  -0.000000
61.237550  -0.000000
61.257550  0.000010
61.277549  0.000021
61.297548  -0.000000
61.317547  0.000031
61.337546  -0.000000
61.357546  0.000031
61.377545  -0.000011
61.397544  -0.000042
61.417543  0.000010
61.437542  -0.000011
61.457542  -0.000011
61.477541  -0.000000
61.497540  -0.000011
61.517539  -0.000011
61.537538  -0.000000
61.557538  -0.000032
61.577537  0.000010
61.597536  -0.000021
61.617535  -0.000000
61.637534  0.000010
61.657534  -0.000021
61.677533  0.000021
61.697532  -0.000000
61.717531  -0.000000
61.737530  -0.000011
61.757530  0.000042
61.777529  0.000021
61.797528  -0.000000
61.817527  -0.000032
61.837526  0.000031
61.857526  -0.000011
61.877525  0.000021
61.897524  0.000010
61.917523  -0.000000
61.937522  -0.000011
61.957522  -0.000000
61.977521  0.000021
61.997520  -0.000011
62.017519  -0.000011
62.037518  -0.000011
62.057518  -0.000032
62.077517  -0.000000
62.097516  -0.000000
62.117515  -0.000000
62.137514  -0.000000
62.157514  -0.000000
62.177513  0.000010
62.197512  -0.000000
62.217511  -0.000011
62.237510  -0.000011
62.257510  -0.000000
62.277509  0.000021
62.297508  0.000031
62.317507  -0.000011
62.337506  -0.000032
62.357506  0.000042
62.377505  -0.000011
62.397504  0.000021
62.417503  -0.000000
62.437502  -0.000000
62.457502  -0.000021
62.477501  0.000021
62.497500  -0.000021
62.517499  -0.000011
62.537499  0.000021
62.557498  0.000010
62.577497  0.000021
62.597496  -0.000011
62.617495  0.000021
62.637495  -0.000000
62.657494  -0.000000
62.677493  -0.000021
62.697492  -0.000011
62.717491  0.000010
62.737491  0.000010
62.757490  0.000010
62.777489  -0.000011
62.797488  -0.000000
62.817487  -0.000011
62.837487  0.000021
62.857486  -0.000011
62.877485  -0.000000
62.897484  -0.000021
62.917483  -0.000000
62.937483  -0.000011
62.957482  0.000021
62.977481  -0.000000
62.997480  0.000042
63.017479  -0.000000
63.037479  0.000010
63.057478  -0.000000
63.077477  0.000010
63.097476  -0.000000
63.117475  0.000010
63.137475  0.000042
63.157474  -0.000011
63.177473  -0.000011
63.197472  -0.000000
63.217471  -0.000000
63.237471  -0.000021
63.257470  -0.000000
63.277469  -0.000000
63.297468  -0.000000
63.317467  -0.000000
63.337467  0.000021
63.357466  -0.000000
63.377465  0.000021
63.397464  0.000031
63.417463  0.000010
63.437463  -0.000011
63.457462  -0.000021
63.477461  0.000021
63.497460  -0.000011
63.517459  0.000010
63.537459  -0.000000
63.557458  0.000010
63.577457  0.000010
63.597456  0.000010
63.617455  -0.000000
63.637455  0.000031
63.657454  -0.000000
63.677453  -0.000011
63.697452  -0.000000
63.717451  0.000010
63.737451  0.000021
63.757450  0.000010
63.777449  0.000021
63.797448  -0.000000
63.817447  -0.000000
63.837447  0.000010
63.857446  -0.000000
63.877445  -0.000011
63.897444  -0.000000
63.917443  0.000021
63.937443  0.000010
63.957442  -0.000000
63.977441  -0.000000
63.997440  -0.000000
64.017439  -0.000000
64.037439  -0.000000
64.057438  0.000021
64.077437  -0.000000
64.097436  -0.000000
64.117435  0.000010
64.137435  -0.000000
64.157434  -0.000000
64.177433  0.000010
64.197432  0.000010
64.217431  0.000010
64.237431  -0.000000
64.257430  -0.000011
64.277429  0.000021
64.297428  -0.000000
64.317427  0.000021
64.337427  0.000021
64.357426  -0.000000
64.377425  -0.000032
64.397424  0.000010
64.417423  -0.000000
64.437423  0.000021
64.457422  -0.000000
64.477421  -0.000021
64.497420  -0.000000
64.517419  -0.000000
64.537419  0.000031
64.557418  -0.000000
64.577417  0.000042
64.597416  -0.000011
64.617415  -0.000000
64.637415  -0.000011
64.657414  0.000021
64.677413  0.000010
64.697412  -0.000011
64.717411  0.000010
64.737411  -0.000011
64.757410  -0.000011
64.777409  0.000010
64.797408  0.000021
64.817407  0.000010
64.837407  -0.000011
64.857406  0.000010
64.877405  0.000021
64.897404  0.000010
64.917403  -0.000000
64.937403  -0.000021
64.957402  -0.000000
64.977401  -0.000011
64.997400  0.000010
65.017399  -0.000000
65.037399  -0.000011
65.057398  -0.000011
65.077397  0.000010
65.097396  -0.000011
65.117395  -0.000011
65.137395  0.000010
65.157394  -0.000000
65.177393  0.000031
65.197392  0.000021
65.217391  -0.000000
65.237391  -0.000011
65.257390  0.000031
65.277389  -0.000011
65.297388  -0.000011
65.317387  0.000042
65.337387  0.000010
65.357386  0.000063
65.377385  0.000021
65.397384  0.000021
65.417383  0.000031
65.437383  -0.000011
65.457382  -0.000021
65.477381  -0.000011
65.497380  -0.000011
65.517379  0.000021
65.537379  -0.000000
65.557378  -0.000000
65.577377  0.000010
65.597376  -0.000000
65.617375  -0.000000
65.637375  0.000031
65.657374  -0.000000
65.677373  -0.000021
65.697372  -0.000000
65.717371  -0.000000
65.737371  -0.000000
65.757370  -0.000032
65.777369  -0.000000
65.797368  0.000010
65.817367  -0.000000
65.837367  0.000021
65.857366  0.000021
65.877365  -0.000011
65.897364  0.000021
65.917363  -0.000000
65.937363  -0.000000
65.957362  0.000021
65.977361  -0.000000
65.997360  -0.000011
66.017359  0.000021
66.037359  -0.000000
66.057358  0.000010
66.077357  0.000021
66.097356  0.000042
66.117355  0.000031
66.137355  0.000031
66.157354  -0.000000
66.177353  -0.000000
66.197352  -0.000000
66.217351  -0.000011
66.237351  0.000021
66.257350  -0.000000
66.277349  0.000021
66.297348  0.000031
66.317347  -0.000000
66.337347  0.000010
66.357346  0.000010
66.377345  -0.000000
66.397344  0.000010
66.417343  0.000021
66.437343  0.000010
66.457342  -0.000000
66.477341  -0.000000
66.497340  -0.000000
66.517339  0.000010
66.537339  0.000021
66.557338  0.000031
66.577337  -0.000000
66.597336  -0.000000
66.617335  -0.000000
66.637335  -0.000000
66.657334  -0.000000
66.677333  0.000010
66.697332  -0.000000
66.717331  -0.000000
66.737331  -0.000000
66.757330  -0.000000
66.777329  0.000031
66.797328  -0.000011
66.817327  -0.000032
66.837327  -0.000011
66.857326  0.000021
66.877325  -0.000011
66.897324  -0.000000
66.917323  -0.000000
66.937323  0.000021
66.957322  -0.000000
66.977321  -0.000011
66.997320  0.000021
67.017319  0.000031
67.037319  -0.000000
67.057318  0.000031
67.077317  -0.000000
67.097316  0.000010
67.117315  0.000021
67.137315  -0.000011
67.157314  -0.000011
67.177313  0.000010
67.197312  0.000031
67.217311  0.000010
67.237311  -0.000021
67.257310  -0.000021
67.277309  0.000021
67.297308  -0.000000
67.317307  0.000010
67.337307  -0.000021
67.357306  -0.000011
67.377305  -0.000000
67.397304  0.000021
67.417303  -0.000000
67.437303  -0.000000
67.457302  -0.000000
67.477301  -0.000000
67.497300  -0.000000
67.517299  0.000031
67.537299  -0.000000
67.557298  -0.000000
67.577297  -0.000011
67.597296  0.000021
67.617295  0.000031
67.637295  0.000021
67.657294  -0.000011
67.677293  -0.000011
67.697292  0.000021
67.717291  0.000010
67.737291  0.000021
67.757290  0.000010
67.777289  0.000042
67.797288  0.000010
67.817287  -0.000011
67.837287  -0.000011
67.857286  -0.000011
67.877285  -0.000011
67.897284  -0.000021
67.917283  -0.000000
67.937283  -0.000011
67.957282  0.000010
67.977281  -0.000000
67.997280  -0.000000
68.017279  -0.000011
68.037279  -0.000000
68.057278  0.000010
68.077277  -0.000021
68.097276  0.000031
68.117275  -0.000011
68.137275  0.000031
68.157274  -0.000021
68.177273  -0.000032
68.197272  0.000010
68.217271  -0.000000
68.237271  -0.000011
68.257270  -0.000021
68.277269  0.000010
68.297268  0.000031
68.317267  0.000010
68.337267  0.000021
68.357266  0.000021
68.377265  0.000010
68.397264  0.000010
68.417263  0.000010
68.437263  -0.000011
68.457262  0.000021
68.477261  -0.000011
68.497260  0.000042
68.517259  0.000021
68.537259  0.000021
68.557258  0.000042
68.577257  -0.000011
68.597256  0.000010
68.617255  -0.000000
68.637255  0.000010
68.657254  -0.000021
68.677253  0.000031
68.697252  -0.000021
68.717251  -0.000011
68.737251  0.000010
68.757250  0.000021
68.777249  0.000010
68.797248  -0.000000
68.817247  0.000021
68.837247  -0.000011
68.857246  -0.000011
68.877245  -0.000011
68.897244  -0.000011
68.917243  -0.000042
68.937243  -0.000000
68.957242  -0.000021
68.977241  -0.000042
68.997240  -0.000000
69.017239  -0.000021
69.037239  -0.000000
69.057238  0.000031
69.077237  0.000031
69.097236  -0.000000
69.117235  0.000021
69.137235  0.000010
69.157234  0.000021
69.177233  -0.000000
69.197232  0.000010
69.217231  0.000021
69.237231  0.000010
69.257230  -0.000021
69.277229  0.000031
69.297228  -0.000011
69.317227  0.000021
69.337227  -0.000011
69.357226  -0.000011
69.377225  -0.000000
69.397224  0.000031
69.417223  -0.000021
69.437223  -0.000000
69.457222  0.000021
69.477221  0.000010
69.497220  -0.000011
69.517219  0.000010
69.537219  0.000031
69.557218  -0.000011
69.577217  0.000010
69.597216  -0.000011
69.617215  0.000021
69.637215  -0.000000
69.657214  -0.000000
69.677213  -0.000021
69.697212  0.000010
69.717211  -0.000000
69.737211  -0.000011
69.757210  -0.000011
69.777209  0.000021
69.797208  -0.000000
69.817207  0.000021
69.837207  -0.000000
69.857206  -0.000011
69.877205  -0.000000
69.897204  0.000021
69.917203  -0.000021
69.937203  -0.000011
69.957202  -0.000021
69.977201  0.000031
69.997200  0.000010
70.017199  0.000021
70.037199  -0.000000
70.057198  -0.000021
70.077197  -0.000053
70.097196  -0.000011
70.117195  -0.000000
70.137195  -0.000011
70.157194  0.000010
70.177193  0.000021
70.197192  0.000010
70.217191  -0.000000
70.237191  0.000021
70.257190  -0.000011
70.277189  -0.000021
70.297188  -0.000011
70.317187  0.000010
70.337187  -0.000000
70.357186  0.000042
70.377185  0.000010
70.397184  0.000010
70.417183  -0.000011
70.437183  -0.000021
70.457182  -0.000011
70.477181  0.000031
70.497180  0.000021
70.517179  -0.000011
70.537179  -0.000021
70.557178  -0.000000
70.577177  0.000031
70.597176  -0.000021
70.617175  -0.000000
70.637175  -0.000011
70.657174  -0.000000
70.677173  0.000010
70.697172  0.000010
70.717171  -0.000011
70.737171  -0.000042
70.757170  -0.000011
70.777169  0.000021
70.797168  -0.000000
70.817167  0.000031
70.837167  -0.000000
70.857166  -0.000011
70.877165  -0.000000
70.897164  -0.000032
70.917163  -0.000011
70.937163  -0.000011
70.957162  -0.000000
70.977161  -0.000000
70.997160  -0.000000
71.017159  -0.000011
71.037159  -0.000000
71.057158  0.000010
71.077157  0.000031
71.097156  0.000010
71.117155  -0.000011
71.137155  0.000031
71.157154  -0.000000
71.177153  -0.000011
71.197152  -0.000000
71.217151  0.000021
71.237151  -0.000042
71.257150  -0.000000
71.277149  0.000021
71.297148  -0.000011
71.317147  0.000021
71.337147  0.000031
71.357146  -0.000021
71.377145  0.000021
71.397144  0.000010
71.417143  -0.000021
71.437143  0.000010
71.457142  0.000021
71.477141  -0.000011
71.497140  0.000021
71.517139  0.000010
71.537139  -0.000021
71.557138  0.000021
71.577137  -0.000000
71.597136  -0.000011
71.617135  -0.000000
71.637135  0.000031
71.657134  -0.000000
71.677133  -0.000021
71.697132  -0.000011
71.717131  0.000010
71.737131  0.000010
71.757130  -0.000000
71.777129  -0.000021
71.797128  0.000021
71.817127  0.000042
71.837127  -0.000000
71.857126  -0.000011
71.877125  -0.000011
71.897124  0.000031
71.917123  0.000031
71.937123  -0.000021
71.957122  -0.000032
71.977121  0.000021
71.997120  0.000021
72.017119  -0.000032
72.037119  -0.000000
72.057118  -0.000000
72.077117  -0.000021
72.097116  -0.000000
72.117115  0.000010
72.137115  0.000031
72.157114  -0.000000
72.177113  0.000031
72.197112  -0.000011
72.217111  0.000010
72.237111  -0.000000
72.257110  -0.000032
72.277109  0.000021
72.297108  0.000021
72.317107  0.000031
72.337107  -0.000021
72.357106  -0.000000
72.377105  -0.000000
72.397104  -0.000000
72.417103  -0.000011
72.437103  -0.000000
72.457102  -0.000011
72.477101  -0.000000
72.497100  0.000031
72.517099  0.000031
72.537099  0.000021
72.557098  -0.000011
72.577097  0.000010
72.597096  -0.000032
72.617095  -0.000021
72.637095  0.000010
72.657094  0.000010
72.677093  0.000021
72.697092  0.000021
72.717091  0.000010
72.737091  0.000021
72.757090  -0.000000
72.777089  -0.000000
72.797088  0.000031
72.817087  -0.000011
72.837087  0.000010
72.857086  0.000010
72.877085  -0.000011
72.897084  -0.000021
72.917083  -0.000011
72.937083  -0.000011
72.957082  0.000021
72.977081  0.000010
72.997080  0.000010
73.017079  0.000021
73.037079  -0.000000
73.057078  0.000021
73.077077  0.000021
73.097076  -0.000000
73.117075  0.000042
73.137075  -0.000000
73.157074  -0.000011
73.177073  -0.000021
73.197072  0.000031
73.217071  -0.000011
73.237071  0.000031
73.257070  -0.000000
73.277069  0.000031
73.297068  0.000010
73.317067  -0.000000
73.337067  -0.000000
73.357066  -0.000021
73.377065  0.000021
73.397064  -0.000011
73.417063  -0.000000
73.437063  -0.000000
73.457062  0.000010
73.477061  -0.000000
73.497060  -0.000042
73.517059  -0.000021
73.537059  -0.000000
73.557058  0.000010
73.577057  -0.000021
73.597056  0.000021
73.617055  0.000010
73.637055  0.000021
73.657054  0.000021
73.677053  -0.000000
73.697052  -0.000021
73.717051  -0.000000
73.737051  -0.000011
73.757050  -0.000000
73.777049  -0.000011
73.797048  0.000021
73.817047  0.000010
73.837047  0.000010
73.857046  -0.000000
73.877045  -0.000011
73.897044  -0.000000
73.917043  0.000010
73.937043  0.000031
73.957042  0.000010
73.977041  -0.000000
73.997040  -0.000021
74.017039  -0.000000
74.037039  -0.000000
74.057038  0.000031
74.077037  0.000021
74.097036  -0.000000
74.117035  -0.000000
74.137035  -0.000021
74.157034  0.000010
74.177033  -0.000000
74.197032  -0.000000
74.217031  -0.000000
74.237031  0.000010
74.257030  -0.000000
74.277029  0.000010
74.297028  0.000031
74.317027  -0.000000
74.337027  -0.000000
74.357026  -0.000011
74.377025  -0.000000
74.397024  -0.000000
74.417023  0.000010
74.437023  0.000021
74.457022  -0.000000
74.477021  -0.000011
74.497020  0.000010
74.517019  -0.000000
74.537019  -0.000000
74.557018  0.000042
74.577017  0.000021
74.597016  -0.000011
74.617015  -0.000000
74.637015  -0.000011
74.657014  -0.000021
74.677013  0.000021
74.697012  0.000031
74.717011  0.000021
74.737011  -0.000021
74.757010  0.000021
74.777009  0.000010
74.797008  -0.000011
74.817007  -0.000011
74.837007  0.000021
74.857006  0.000010
74.877005  -0.000021
74.897004  -0.000000
74.917003  0.000010
74.937003  -0.000011
74.957002  0.000021
74.977001  -0.000021
74.997000  -0.000000
75.016999  0.000010
75.036999  -0.000000
75.056998  0.000021
75.076997  -0.000011
75.096996  -0.000000
75.116995  0.000010
75.136995  -0.000000
75.156994  0.000031
75.176993  0.000010
75.196992  -0.000000
75.216991  -0.000000
75.236991  -0.000000
75.256990  0.000021
75.276989  -0.000011
75.296988  0.000021
75.316987  -0.000021
75.336987  -0.000000
75.356986  0.000010
75.376985  -0.000011
75.396984  0.000021
75.416983  0.000021
75.436983  -0.000000
75.456982  0.000031
75.476981  -0.000000
75.496980  -0.000000
75.516979  0.000042
75.536979  0.000010
75.556978  0.000010
75.576977  -0.000042
75.596976  0.000021
75.616975  -0.000011
75.636975  -0.000000
75.656974  -0.000011
75.676973  -0.000000
75.696972  -0.000000
75.716971  -0.000042
75.736971  -0.000000
75.756970  0.000010
75.776969  -0.000000
75.796968  -0.000000
75.816967  -0.000042
75.836967  -0.000000
75.856966  -0.000011
75.876965  0.000021
75.896964  -0.000000
75.916963  -0.000011
75.936963  -0.000021
75.956962  -0.000011
75.976961  -0.000000
75.996960  0.000021
76.016959  0.000010
76.036959  0.000021
76.056958  0.000010
76.076957  -0.000000
76.096956  -0.000021
76.116955  0.000010
76.136955  -0.000000
76.156954  0.000042
76.176953  0.000021
76.196952  0.000052
76.216951  -0.000011
76.236951  0.000021
76.256950  0.000021
76.276949  0.000021
76.296948  0.000021
76.316947  0.000021
76.336947  -0.000000
76.356946  -0.000011
76.376945  -0.000000
76.396944  -0.000011
76.416943  0.000031
76.436943  -0.000011
76.456942  -0.000011
76.476941  -0.000042
76.496940  0.000010
76.516939  0.000010
76.536939  -0.000021
76.556938  0.000021
76.576937  0.000021
76.596936  -0.000000
76.616935  -0.000000
76.636935  0.000010
76.656934  -0.000011
76.676933  -0.000011
76.696932  -0.000000
76.716931  -0.000000
76.736931  -0.000000
76.756930  -0.000000
76.776929  0.000031
76.796928  -0.000011
76.816927  0.000010
76.836927  0.000010
76.856926  -0.000000
76.876925  0.000021
76.896924  0.000010
76.916923  -0.000011
76.936923  0.000010
76.956922  -0.000011
76.976921  -0.000011
76.996920  0.000031
77.016919  0.000021
77.036919  -0.000000
77.056918  -0.000000
77.076917  -0.000011
77.096916  -0.000000
77.116915  -0.000011
77.136915  -0.000000
77.156914  0.000010
77.176913  -0.000021
77.196912  -0.000032
77.216911  0.000010
77.236911  0.000010
77.256910  0.000031
77.276909  -0.000000
77.296908  0.000021
77.316907  -0.000000
77.336907  0.000010
77.356906  0.000021
77.376905  -0.000032
77.396904  -0.000000
77.416903  0.000021
77.436903  -0.000011
77.456902  -0.000011
77.476901  -0.000011
77.496900  -0.000000
77.516899  -0.000000
77.536899  0.000021
77.556898  -0.000000
77.576897  -0.000000
77.596896  -0.000000
77.616895  0.000021
77.636895  -0.000000
77.656894  -0.000000
77.676893  0.000021
77.696892  -0.000000
77.716891  -0.000000
77.736891  0.000021
77.756890  -0.000011
77.776889  -0.000000
77.796888  -0.000021
77.816887  0.000021
77.836887  -0.000011
77.856886  0.000021
77.876885  -0.000021
77.896884  0.000010
77.916883  -0.000011
77.936883  -0.000011
77.956882  0.000010
77.976881  0.000042
77.996880  0.000021
78.016879  0.000021
78.036879  -0.000000
78.056878  0.000021
78.076877  -0.000000
78.096876  0.000010
78.116875  -0.000011
78.136875  0.000021
78.156874  -0.000000
78.176873  -0.000000
78.196872  -0.000011
78.216871  0.000021
78.236871  -0.000000
78.256870  0.000021
78.276869  -0.000021
78.296868  -0.000032
78.316867  0.000010
78.336867  0.000010
78.356866  0.000010
78.376865  -0.000000
78.396864  0.000021
78.416863  -0.000000
78.436863  -0.000011
78.456862  -0.000021
78.476861  -0.000021
78.496860  -0.000021
78.516859  0.000031
78.536859  -0.000000
78.556858  -0.000011
78.576857  -0.000000
78.596856  0.000063
78.616855  -0.000000
78.636855  0.000031
78.656854  0.000021
78.676853  0.000010
78.696852  -0.000000
78.716851  0.000010
78.736851  -0.000011
78.756850  0.000010
78.776849  0.000021
78.796848  0.000031
78.816847  -0.000011
78.836847  -0.000000
78.856846  -0.000000
78.876845  -0.000021
78.896844  -0.000011
78.916843  -0.000011
78.936843  -0.000021
78.956842  0.000010
78.976841  -0.000000
78.996840  -0.000032
79.016839  -0.000011
79.036839  0.000010
79.056838  -0.000000
79.076837  -0.000000
79.096836  -0.000000
79.116835  0.000021
79.136835  -0.000000
79.156834  -0.000000
79.176833  0.000010
79.196832  0.000010
79.216831  0.000021
79.236831  -0.000000
79.256830  -0.000000
79.276829  0.000010
79.296828  -0.000011
79.316827  -0.000000
79.336827  0.000021
79.356826  0.000010
79.376825  -0.000011
79.396824  0.000021
79.416823  -0.000000
79.436823  -0.000000
79.456822  0.000010
79.476821  0.000010
79.496820  0.000031
79.516819  0.000010
79.536819  0.000010
79.556818  0.000031
79.576817  -0.000011
79.596816  -0.000011
79.616815  0.000010
79.636815  0.000010
79.656814  -0.000032
79.676813  0.000010
79.696812  0.000010
79.716811  -0.000000
79.736811  0.000021
79.756810  -0.000000
79.776809  0.000021
79.796808  0.000052
79.816807  -0.000000
79.836807  0.000010
79.856806  -0.000011
79.876805  0.000010
79.896804  -0.000011
79.916803  0.000021
79.936803  0.000010
79.956802  0.000010
79.976801  0.000021
79.996800  0.000031
80.016799  -0.000011
80.036799  0.000010
80.056798  -0.000021
80.076797  -0.000000
80.096796  -0.000021
80.116795  0.000010
80.136795  -0.000000
80.156794  -0.000000
80.176793  0.000010
80.196792  0.000021
80.216791  -0.000000
80.236791  -0.000021
80.256790  0.000031
80.276789  0.000021
80.296788  -0.000000
80.316787  -0.000011
80.336787  -0.000011
80.356786  0.000010
80.376785  -0.000011
80.396784  0.000021
80.416783  0.000021
80.436783  -0.000021
80.456782  0.000021
80.476781  0.000042
80.496780  0.000031
80.516779  0.000021
80.536779  -0.000000
80.556778  -0.000000
80.576777  0.000010
80.596776  -0.000011
80.616775  -0.000021
80.636775  -0.000011
80.656774  -0.000000
80.676773  -0.000011
80.696772  0.000010
80.716771  -0.000000
80.736771  -0.000000
80.756770  0.000021
80.776769  -0.000021
80.796768  -0.000000
80.816767  -0.000000
80.836767  0.000031
80.856766  0.000021
80.876765  0.000031
80.896764  -0.000011
80.916763  -0.000000
80.936763  0.000021
80.956762  -0.000000
80.976761  0.000010
80.996760  0.000021
81.016759  -0.000000
81.036759  0.000021
81.056758  0.000021
81.076757  0.000010
81.096756  -0.000000
81.116755  -0.000000
81.136755  -0.000021
81.156754  0.000021
81.176753  -0.000011
81.196752  0.000010
81.216751  0.000010
81.236751  0.000021
81.256750  0.000010
81.276749  -0.000000
81.296748  -0.000032
81.316747  -0.000000
81.336747  -0.000000
81.356746  0.000031
81.376745  -0.000000
81.396744  -0.000011
81.416743  0.000010
81.436743  0.000021
81.456742  -0.000011
81.476741  -0.000011
81.496740  0.000010
81.516739  -0.000000
81.536739  -0.000000
81.556738  0.000021
81.576737  -0.000011
81.596736  -0.000000
81.616735  0.000010
81.636735  0.000010
81.656734  -0.000000
81.676733  -0.000042
81.696732  0.000010
81.716731  -0.000000
81.736731  0.000010
81.756730  -0.000011
81.776729  -0.000000
81.796728  -0.000000
81.816727  0.000021
81.836727  0.000021
81.856726  -0.000000
81.876725  0.000021
81.896724  -0.000000
81.916723  0.000021
81.936723  0.000021
81.956722  -0.000011
81.976721  0.000031
81.996720  0.000010
82.016719  0.000031
82.036719  -0.000011
82.056718  0.000021
82.076717  0.000010
82.096716  -0.000011
82.116715  0.000031
82.136715  0.000031
82.156714  -0.000000
82.176713  0.000031
82.196712  0.000052
82.216711  -0.000011
82.236711  0.000010
82.256710  -0.000000
82.276709  0.000031
82.296708  -0.000000
82.316707  0.000021
82.336707  -0.000000
82.356706  -0.000021
82.376705  -0.000021
82.396704  -0.000000
82.416703  0.000010
82.436703  0.000010
82.456702  0.000021
82.476701  -0.000000
82.496700  0.000021
82.516699  -0.000011
82.536699  -0.000032
82.556698  -0.000000
82.576697  -0.000000
82.596696  -0.000021
82.616695  -0.000021
82.636695  -0.000000
82.656694  -0.000000
82.676693  -0.000011
82.696692  -0.000011
82.716691  0.000021
82.736691  -0.000021
82.756690  -0.000011
82.776689  -0.000011
82.796688  0.000021
82.816687  -0.000000
82.836687  0.000021
82.856686  0.000031
82.876685  -0.000000
82.896684  -0.000000
82.916683  0.000010
82.936683  0.000021
82.956682  0.000010
82.976681  0.000031
82.996680  0.000010
83.016679  -0.000000
83.036679  0.000010
83.056678  -0.000000
83.076677  -0.000021
83.096676  0.000010
83.116675  -0.000011
83.136675  0.000021
83.156674  -0.000000
83.176673  -0.000000
83.196672  -0.000011
83.216671  0.000010
83.236671  -0.000032
83.256670  -0.000021
83.276669  -0.000021
83.296668  0.000021
83.316667  -0.000011
83.336667  -0.000000
83.356666  0.000021
83.376665  0.000031
83.396664  0.000021
83.416663  -0.000000
83.436663  0.000021
83.456662  -0.000011
83.476661  -0.000000
83.496660  0.000021
83.516659  -0.000011
83.536659  -0.000000
83.556658  0.000021
83.576657  -0.000011
83.596656  -0.000011
83.616655  0.000010
83.636655  0.000021
83.656654  -0.000000
83.676653  0.000010
83.696652  -0.000011
83.716651  -0.000000
83.736651  0.000021
83.756650  -0.000000
83.776649  0.000010
83.796648  0.000021
83.816647  -0.000011
83.836647  -0.000011
83.856646  -0.000011
83.876645  0.000021
83.896644  0.000031
83.916643  0.000021
83.936643  0.000010
83.956642  0.000031
83.976641  -0.000011
83.996640  -0.000000
84.016639  -0.000011
84.036639  -0.000000
84.056638  0.000010
84.076637  0.000021
84.096636  0.000021
84.116635  -0.000021
84.136635  0.000010
84.156634  0.000031
84.176633  0.000021
84.196632  -0.000021
84.216631  -0.000011
84.236631  0.000021
84.256630  0.000031
84.276629  -0.000000
84.296628  -0.000042
84.316627  -0.000000
84.336627  -0.000000
84.356626  -0.000000
84.376625  0.000010
84.396624  0.000021
84.416623  0.000010
84.436623  -0.000000
84.456622  -0.000000
84.476621  -0.000032
84.496620  -0.000021
84.516619  -0.000011
84.536619  -0.000000
84.556618  0.000042
84.576617  -0.000032
84.596616  -0.000032
84.616615  -0.000000
84.636615  -0.000000
84.656614  0.000021
84.676613  0.000010
84.696612  -0.000000
84.716611  0.000021
84.736611  -0.000011
84.756610  -0.000000
84.776609  -0.000021
84.796608  -0.000000
84.816607  0.000010
84.836607  0.000021
84.856606  -0.000000
84.876605  0.000031
84.896604  0.000021
84.916603  -0.000000
84.936603  -0.000011
84.956602  -0.000000
84.976601  0.000021
84.996600  0.000010
85.016599  -0.000011
85.036599  -0.000032
85.056598  0.000010
85.076597  0.000010
85.096596  0.000021
85.116595  -0.000021
85.136595  -0.000000
85.156594  -0.000011
85.176593  0.000031
85.196592  -0.000011
85.216591  -0.000000
85.236591  0.000031
85.256590  0.000010
85.276589  0.000021
85.296588  0.000031
85.316587  -0.000000
85.336587  -0.000000
85.356586  0.000021
85.376585  -0.000000
85.396584  0.000010
85.416583  -0.000000
85.436583  0.000021
85.456582  -0.000000
85.476581  -0.000011
85.496580  -0.000011
85.516579  -0.000042
85.536579  -0.000000
85.556578  0.000010
85.576577  -0.000000
85.596576  -0.000042
85.616575  -0.000000
85.636575  0.000021
85.656574  -0.000011
85.676573  0.000010
85.696572  0.000042
85.716571  0.000010
85.736571  -0.000021
85.756570  -0.000000
85.776569  -0.000000
85.796568  -0.000011
85.816567  -0.000000
85.836567  0.000021
85.856566  0.000031
85.876565  0.000021
85.896564  -0.000011
85.916563  0.000021
85.936563  0.000031
85.956562  -0.000000
85.976561  -0.000011
85.996560  0.000021
86.016559  0.000021
86.036559  -0.000021
86.056558  -0.000021
86.076557  0.000021
86.096556  0.000010
86.116555  0.000031
86.136555  0.000021
86.156554  -0.000011
86.176553  0.000010
86.196552  0.000021
86.216551  -0.000011
86.236551  -0.000000
86.256550  0.000021
86.276549  0.000021
86.296548  0.000021
86.316547  -0.000000
86.336547  -0.000000
86.356546  -0.000011
86.376545  -0.000000
86.396544  0.000021
86.416543  -0.000021
86.436543  -0.000000
86.456542  0.000021
86.476541  -0.000011
86.496540  -0.000000
86.516539  -0.000021
86.536539  -0.000000
86.556538  -0.000000
86.576537  0.000021
86.596536  -0.000000
86.616535  0.000021
86.636535  -0.000000
86.656534  -0.000000
86.676533  -0.000011
86.696532  -0.000011
86.716531  0.000010
86.736531  0.000010
86.756530  -0.000032
86.776529  -0.000011
86.796528  -0.000000
86.816527  -0.000011
86.836527  -0.000000
86.856526  -0.000011
86.876525  -0.000011
86.896524  -0.000000
86.916523  -0.000021
86.936523  -0.000000
86.956522  -0.000011
86.976521  0.000021
86.996520  0.000010
87.016519  0.000042
87.036519  -0.000000
87.056518  -0.000021
87.076517  0.000010
87.096516  -0.000000
87.116515  -0.000000
87.136515  0.000021
87.156514  0.000010
87.176513  -0.000000
87.196512  0.000010
87.216511  0.000031
87.236511  -0.000000
87.256510  0.000021
87.276509  -0.000021
87.296508  -0.000011
87.316507  -0.000011
87.336507  -0.000021
87.356506  -0.000000
87.376505  -0.000000
87.396504  -0.000021
87.416503  0.000010
87.436503  -0.000011
87.456502  0.000021
87.476501  0.000021
87.496500  -0.000000
87.516499  -0.000000
87.536499  -0.000011
87.556498  -0.000011
87.576497  0.000021
87.596496  -0.000032
87.616495  0.000031
87.636495  -0.000000
87.656494  -0.000011
87.676493  0.000010
87.696492  -0.000011
87.716491  -0.000000
87.736491  -0.000000
87.756490  0.000021
87.776489  -0.000011
87.796488  0.000021
87.816487  0.000010
87.836487  -0.000011
87.856486  -0.000032
87.876485  -0.000000
87.896484  -0.000011
87.916483  -0.000011
87.936483  0.000021
87.956482  -0.000011
87.976481  -0.000011
87.996480  -0.000000
88.016479  -0.000000
88.036479  0.000021
88.056478  -0.000000
88.076477  -0.000000
88.096476  0.000010
88.116475  -0.000000
88.136475  0.000031
88.156474  -0.000000
88.176473  0.000021
88.196472  -0.000000
88.216471  0.000021
88.236471  0.000010
88.256470  -0.000000
88.276469  0.000021
88.296468  0.000021
88.316467  0.000010
88.336467  0.000042
88.356466  -0.000000
88.376465  -0.000000
88.396464  0.000010
88.416463  -0.000000
88.436463  -0.000011
88.456462  -0.000011
88.476461  0.000010
88.496460  0.000042
88.516459  -0.000011
88.536459  0.000031
88.556458  -0.000000
88.576457  -0.000011
88.596456  0.000010
88.616455  0.000010
88.636455  -0.000000
88.656454  0.000031
88.676453  0.000010
88.696452  -0.000021
88.716451  0.000010
88.736451  0.000021
88.756450  -0.000000
88.776449  -0.000000
88.796448  0.000031
88.816447  -0.000000
88.836447  -0.000011
88.856446  0.000010
88.876445  -0.000000
88.896444  -0.000011
88.916443  0.000031
88.936443  -0.000021
88.956442  -0.000000
88.976441  0.000010
88.996440  0.000021
89.016439  -0.000011
89.036439  -0.000000
89.056438  0.000010
89.076437  0.000010
89.096436  0.000010
89.116435  0.000010
89.136435  -0.000011
89.156434  -0.000011
89.176433  0.000021
89.196432  -0.000011
89.216431  -0.000011
89.236431  0.000021
89.256430  0.000031
89.276429  -0.000011
89.296428  -0.000000
89.316427  -0.000011
89.336427  0.000010
89.356426  0.000042
89.376425  0.000010
89.396424  -0.000000
89.416423  -0.000000
89.436423  -0.000000
89.456422  -0.000000
89.476421  0.000021
89.496420  0.000031
89.516419  0.000010
89.536419  0.000010
89.556418  0.000021
89.576417  0.000021
89.596416  -0.000021
89.616415  -0.000000
89.636415  0.000021
89.656414  -0.000021
89.676413  0.000021
89.696412  0.000010
89.716411  -0.000000
89.736411  0.000010
89.756410  -0.000011
89.776409  0.000010
89.796408  -0.000000
89.816407  0.000021
89.836407  0.000021
89.856406  0.000010
89.876405  -0.000011
89.896404  -0.000000
89.916403  -0.000000
89.936403  -0.000032
89.956402  0.000021
89.976401  -0.000011
89.996400  0.000010
90.016399  0.000010
90.036399  0.000021
90.056398  0.000021
90.076397  0.000010
90.096396  -0.000011
90.116395  0.000010
90.136395  0.000021
90.156394  0.000021
90.176393  -0.000000
90.196392  -0.000000
90.216391  0.000021
90.236391  0.000010
90.256390  0.000031
90.276389  0.000010
90.296388  0.000021
90.316387  0.000010
90.336387  -0.000011
90.356386  -0.000011
90.376385  0.000021
90.396384  -0.000000
90.416383  0.000031
90.436383  -0.000011
90.456382  0.000010
90.476381  -0.000000
90.496380  -0.000021
90.516379  -0.000021
90.536379  -0.000011
90.556378  0.000010
90.576377  0.000010
90.596376  0.000031
90.616375  -0.000000
90.636375  -0.000000
90.656374  0.000021
90.676373  0.000010
90.696372  0.000010
90.716371  -0.000000
90.736371  0.000010
90.756370  -0.000000
90.776369  -0.000000
90.796368  0.000021
90.816367  -0.000042
90.836367  -0.000021
90.856366  -0.000021
90.876365  -0.000000
90.896364  0.000042
90.916363  -0.000000
90.936363  -0.000011
90.956362  -0.000032
90.976361  0.000010
90.996360  -0.000000
91.016359  -0.000021
91.036359  0.000021
91.056358  0.000031
91.076357  0.000021
91.096356  -0.000000
91.116355  -0.000011
91.136355  -0.000011
91.156354  0.000021
91.176353  -0.000000
91.196352  0.000010
91.216351  0.000010
91.236351  -0.000021
91.256350  0.000021
91.276349  -0.000000
91.296348  0.000021
91.316347  0.000010
91.336347  -0.000000
91.356346  -0.000000
91.376345  0.000021
91.396344  -0.000000
91.416343  -0.000000
91.436343  -0.000000
91.456342  -0.000011
91.476341  -0.000000
91.496340  0.000021
91.516339  0.000021
91.536339  0.000042
91.556338  0.000010
91.576337  0.000010
91.596336  0.000021
91.616335  -0.000032
91.636335  0.000021
91.656334  -0.000000
91.676333  -0.000000
91.696332  -0.000021
91.716331  0.000021
91.736331  -0.000011
91.756330  0.000031
91.776329  0.000010
91.796328  -0.000032
91.816327  -0.000011
91.836327  0.000010
91.856326  0.000010
91.876325  -0.000000
91.896324  0.000031
91.916323  -0.000011
91.936323  -0.000000
91.956322  0.000021
91.976321  0.000010
91.996320  -0.000000
92.016319  0.000021
92.036319  0.000021
92.056318  -0.000000
92.076317  0.000031
92.096316  0.000021
92.116315  0.000010
92.136315  -0.000032
92.156314  0.000031
92.176313  -0.000000
92.196312  -0.000000
92.216311  -0.000000
92.236311  -0.000000
92.256310  -0.000011
92.276309  -0.000021
92.296308  -0.000011
92.316307  -0.000011
92.336307  -0.000000
92.356306  -0.000011
92.376305  -0.000000
92.396304  0.000010
92.416303  0.000031
92.436303  -0.000000
92.456302  0.000031
92.476301  0.000010
92.496300  -0.000000
92.516299  0.000021
92.536299  0.000031
92.556298  -0.000000
92.576297  -0.000000
92.596296  0.000031
92.616295  -0.000000
92.636295  0.000010
92.656294  -0.000011
92.676293  -0.000000
92.696292  0.000042
92.716291  0.000010
92.736291  -0.000011
92.756290  -0.000011
92.776289  -0.000011
92.796288  0.000021
92.816287  0.000010
92.836287  -0.000021
92.856286  0.000021
92.876285  -0.000011
92.896284  0.000021
92.916283  0.000021
92.936283  -0.000021
92.956282  -0.000011
92.976281  -0.000000
92.996280  0.000010
93.016279  -0.000011
93.036279  -0.000000
93.056278  0.000021
93.076277  0.000010
93.096276  0.000021
93.116275  0.000042
93.136275  0.000010
93.156274  -0.000011
93.176273  0.000042
93.196272  0.000021
93.216271  -0.000011
93.236271  0.000010
93.256270  0.000010
93.276269  -0.000021
93.296268  -0.000000
93.316267  -0.000000
93.336267  -0.000032
93.356266  0.000031
93.376265  -0.000000
93.396264  0.000010
93.416263  0.000010
93.436263  -0.000021
93.456262  -0.000042
93.476261  -0.000011
93.496260  0.000010
93.516259  -0.000000
93.536259  0.000010
93.556258  -0.000000
93.576257  -0.000021
93.596256  -0.000000
93.616255  0.000021
93.636255  0.000010
93.656254  -0.000000
93.676253  -0.000000
93.696252  0.000010
93.716251  -0.000011
93.736251  -0.000021
93.756250  0.000021
93.776249  -0.000021
93.796248  0.000010
93.816247  0.000010
93.836247  0.000021
93.856246  0.000021
93.876245  0.000031
93.896244  0.000042
93.916243  -0.000000
93.936243  -0.000021
93.956242  0.000021
93.976241  -0.000021
93.996240  0.000010
94.016239  -0.000011
94.036239  0.000021
94.056238  -0.000021
94.076237  -0.000000
94.096236  -0.000011
94.116235  -0.000000
94.136235  -0.000000
94.156234  -0.000000
94.176233  -0.000011
94.196232  -0.000000
94.216231  0.000010
94.236231  -0.000032
94.256230  0.000010
94.276229  0.000021
94.296228  0.000010
94.316227  -0.000000
94.336227  0.000042
94.356226  -0.000000
94.376225  0.000010
94.396224  -0.000011
94.416223  -0.000021
94.436223  -0.000011
94.456222  -0.000011
94.476221  -0.000011
94.496220  -0.000032
94.516219  -0.000000
94.536219  -0.000021
94.556218  -0.000000
94.576217  -0.000011
94.596216  0.000010
94.616215  -0.000000
94.636215  -0.000032
94.656214  -0.000000
94.676213  -0.000011
94.696212  -0.000011
94.716211  0.000031
94.736211  0.000021
94.756210  -0.000000
94.776209  -0.000000
94.796208  0.000031
94.816207  -0.000011
94.836207  -0.000000
94.856206  -0.000000
94.876205  -0.000000
94.896204  -0.000000
94.916203  -0.000032
94.936203  0.000021
94.956202  -0.000000
94.976201  0.000010
94.996200  0.000010
95.016199  -0.000032
95.036199  -0.000011
95.056198  0.000021
95.076197  -0.000000
95.096196  -0.000000
95.116195  -0.000000
95.136195  0.000010
95.156194  0.000021
95.176193  -0.000011
95.196192  0.000021
95.216191  -0.000032
95.236191  0.000021
95.256190  0.000010
95.276189  -0.000000
95.296188  -0.000021
95.316187  0.000010
95.336187  0.000021
95.356186  -0.000021
95.376185  -0.000000
95.396184  -0.000000
95.416183  -0.000032
95.436183  0.000042
95.456182  -0.000000
95.476181  0.000010
95.496180  0.000021
95.516179  0.000021
95.536179  -0.000000
95.556178  -0.000000
95.576177  0.000010
95.596176  -0.000021
95.616175  -0.000000
95.636175  0.000010
95.656174  -0.000000
95.676173  -0.000021
95.696172  -0.000021
95.716171  0.000010
95.736171  -0.000011
95.756170  -0.000000
95.776169  -0.000000
95.796168  -0.000011
95.816167  -0.000021
95.836167  -0.000000
95.856166  0.000010
95.876165  -0.000000
95.896164  -0.000000
95.916163  -0.000011
95.936163  -0.000011
95.956162  -0.000011
95.976161  -0.000011
95.996160  0.000021
96.016159  -0.000000
96.036159  -0.000032
96.056158  0.000021
96.076157  -0.000000
96.096156  0.000031
96.116155  0.000021
96.136155  0.000031
96.156154  0.000021
96.176153  0.000031
96.196152  0.000010
96.216151  0.000021
96.236151  -0.000000
96.256150  0.000031
96.276149  0.000021
96.296148  -0.000000
96.316147  -0.000000
96.336147  -0.000021
96.356146  -0.000011
96.376145  -0.000011
96.396144  0.000021
96.416143  0.000010
96.436143  -0.000021
96.456142  0.000010
96.476141  0.000010
96.496140  -0.000011
96.516139  -0.000032
96.536139  0.000021
96.556138  0.000010
96.576137  0.000010
96.596136  -0.000000
96.616135  0.000021
96.636135  -0.000000
96.656134  -0.000032
96.676133  -0.000000
96.696132  -0.000000
96.716131  0.000010
96.736131  0.000021
96.756130  -0.000000
96.776129  0.000010
96.796128  0.000021
96.816127  0.000031
96.836127  -0.000021
96.856126  0.000010
96.876125  0.000021
96.896124  0.000010
96.916123  0.000021
96.936123  0.000063
96.956122  -0.000000
96.976121  0.000010
96.996120  -0.000011
97.016119  -0.000000
97.036119  -0.000011
97.056118  -0.000032
97.076117  -0.000000
97.096116  -0.000042
97.116115  -0.000011
97.136115  0.000021
97.156114  0.000010
97.176113  -0.000053
97.196112  -0.000011
97.216111  0.000010
97.236111  -0.000000
97.256110  -0.000000
97.276109  0.000010
97.296108  -0.000000
97.316107  -0.000011
97.336107  -0.000011
97.356106  -0.000011
97.376105  0.000042
97.396104  -0.000000
97.416103  0.000010
97.436103  0.000010
97.456102  0.000010
97.476101  -0.000011
97.496100  0.000010
97.516099  -0.000000
97.536099  -0.000011
97.556098  -0.000021
97.576097  0.000010
97.596096  0.000031
97.616095  0.000010
97.636095  -0.000011
97.656094  0.000031
97.676093  -0.000011
97.696092  -0.000011
97.716091  0.000010
97.736091  -0.000011
97.756090  0.000010
97.776089  0.000010
97.796088  -0.000011
97.816087  0.000021
97.836087  0.000031
97.856086  -0.000032
97.876085  -0.000000
97.896084  0.000021
97.916083  0.000010
97.936083  -0.000000
97.956082  0.000021
97.976081  -0.000000
97.996080  -0.000021
98.016079  -0.000000
98.036079  0.000042
98.056078  -0.000021
98.076077  -0.000000
98.096076  -0.000011
98.116075  0.000010
98.136075  -0.000011
98.156074  -0.000000
98.176073  0.000010
98.196072  0.000021
98.216071  -0.000011
98.236071  0.000010
98.256070  -0.000021
98.276069  -0.000021
98.296068  -0.000000
98.316067  -0.000000
98.336067  -0.000032
98.356066  0.000031
98.376065  -0.000000
98.396064  0.000010
98.416063  0.000021
98.436063  0.000021
98.456062  0.000021
98.476061  0.000031
98.496060  0.000010
98.516059  0.000010
98.536059  0.000021
98.556058  0.000021
98.576057  0.000031
98.596056  0.000021
98.616055  -0.000021
98.636055  0.000031
98.656054  0.000010
98.676053  0.000021
98.696052  0.000010
98.716051  -0.000000
98.736051  -0.000000
98.756050  0.000052
98.776049  0.000010
98.796048  -0.000011
98.816047  -0.000021
98.836047  -0.000011
98.856046  0.000010
98.876045  0.000021
98.896044  -0.000000
98.916043  0.000021
98.936043  0.000021
98.956042  0.000021
98.976041  0.000021
98.996040  0.000010
99.016039  0.000010
99.036039  -0.000011
99.056038  -0.000053
99.076037  -0.000000
99.096036  0.000031
99.116035  -0.000000
99.136035  -0.000032
99.156034  -0.000021
99.176033  0.000021
99.196032  -0.000000
99.216031  -0.000011
99.236031  0.000021
99.256030  -0.000000
99.276029  0.000021
99.296028  -0.000000
99.316027  0.000031
99.336027  0.000021
99.356026  0.000021
99.376025  0.000031
99.396024  0.000021
99.416023  0.000031
99.436023  -0.000000
99.456022  -0.000011
99.476021  0.000021
99.496020  -0.000000
99.516019  -0.000011
99.536019  -0.000000
99.556018  -0.000011
99.576017  -0.000011
99.596016  -0.000011
99.616015  0.000021
99.636015  -0.000011
99.656014  0.000010
99.676013  0.000021
99.696012  -0.000011
99.716011  0.000021
99.736011  -0.000011
99.756010  -0.000011
99.776009  0.000010
99.796008  -0.000011
99.816007  0.000010
99.836007  -0.000000
99.856006  -0.000011
99.876005  -0.000011
99.896004  -0.000000
99.916003  -0.000000
99.936003  -0.000000
99.956002  -0.000032
99.976001  0.000021
99.996000  -0.000000
100.015999  -0.000042
100.035999  -0.000011
100.055998  0.000021
100.075997  -0.000011
100.095996  -0.000011
100.115995  0.000021
100.135995  0.000010
100.155994  0.000010
100.175993  -0.000000
100.195992  0.000031
100.215991  -0.000000
100.235991  0.000010
100.255990  0.000021
100.275989  -0.000011
100.295988  0.000021
100.315987  0.000010
100.335987  -0.000011
100.355986  0.000010
100.375985  -0.000000
100.395984  -0.000000
100.415983  0.000031
100.435983  0.000042
100.455982  0.000031
100.475981  -0.000000
100.495980  0.000021
100.515979  -0.000000
100.535979  -0.000021
100.555978  -0.000000
100.575977  0.000010
100.595976  0.000010
100.615975  -0.000021
100.635975  -0.000000
100.655974  -0.000042
100.675973  -0.000011
100.695972  0.000031
100.715971  -0.000000
100.735971  -0.000011
100.755970  -0.000000
100.775969  -0.000021
100.795968  0.000021
100.815967  -0.000011
100.835967  -0.000011
100.855966  -0.000011
100.875965  -0.000000
100.895964  0.000021
100.915963  -0.000000
100.935963  0.000021
100.955962  -0.000000
100.975961  -0.000000
100.995960  0.000021
101.015959  0.000031
101.035959  -0.000000
101.055958  -0.000000
101.075957  0.000021
101.095956  0.000010
101.115955  -0.000000
101.135955  0.000010
101.155954  0.000010
101.175953  -0.000000
101.195952  -0.000011
101.215951  -0.000011
101.235951  -0.000000
101.255950  -0.000032
101.275949  0.000021
101.295948  0.000010
101.315947  0.000021
101.335947  -0.000011
101.355946  -0.000000
101.375945  -0.000021
101.395944  -0.000000
101.415943  0.000021
101.435943  -0.000011
101.455942  0.000031
101.475941  -0.000000
101.495940  -0.000011
101.515939  0.000010
101.535939  0.000010
101.555938  -0.000000
101.575937  -0.000000
101.595936  0.000021
101.615935  -0.000000
101.635935  0.000021
101.655934  0.000010
101.675933  -0.000000
101.695932  -0.000021
101.715931  0.000010
101.735931  0.000021
101.755930  -0.000000
101.775929  -0.000021
101.795928  0.000021
101.815927  0.000031
101.835927  0.000042
101.855926  -0.000011
101.875925  -0.000011
101.895924  0.000021
101.915923  -0.000000
101.935923  0.000042
101.955922  0.000042
101.975921  0.000010
101.995920  -0.000000
102.015919  -0.000011
102.035919  -0.000021
102.055918  -0.000011
102.075917  -0.000021
102.095916  -0.000032
102.115915  -0.000011
102.135915  0.000021
102.155914  0.000031
102.175913  -0.000000
102.195912  0.000031
102.215911  -0.000000
102.235911  -0.000021
102.255910  -0.000021
102.275909  -0.000011
102.295908  -0.000000
102.315907  0.000031
102.335907  -0.000000
102.355906  0.000021
102.375905  -0.000011
102.395904  0.000021
102.415903  -0.000000
102.435903  -0.000000
102.455902  -0.000000
102.475901  -0.000021
102.495900  0.000010
102.515899  -0.000000
102.535899  -0.000021
102.555898  -0.000000
102.575897  0.000010
102.595896  -0.000011
102.615895  -0.000000
102.635895  0.000021
102.655894  -0.000000
102.675893  -0.000011
102.695892  -0.000011
102.715891  0.000010
102.735891  -0.000011
102.755890  0.000021
102.775889  -0.000000
102.795888  0.000021
102.815887  -0.000000
102.835887  -0.000011
102.855886  -0.000000
102.875885  0.000031
102.895884  -0.000000
102.915883  -0.000011
102.935883  -0.000000
102.955882  0.000021
102.975881  -0.000000
102.995880  -0.000011
103.015879  0.000021
103.035879  0.000010
103.055878  -0.000011
103.075877  -0.000011
103.095876  -0.000000
103.115875  -0.000011
103.135875  -0.000000
103.155874  -0.000000
103.175873  -0.000011
103.195872  -0.000011
103.215871  -0.000000
103.235871  -0.000011
103.255870  -0.000011
103.275869  -0.000000
103.295868  0.000021
103.315867  -0.000011
103.335867  -0.000000
103.355866  0.000042
103.375865  -0.000000
103.395864  -0.000000
103.415863  -0.000000
103.435863  -0.000011
103.455862  0.000021
103.475861  0.000031
103.495860  -0.000011
103.515859  -0.000000
103.535859  -0.000000
103.555858  0.000021
103.575857  -0.000021
103.595856  -0.000021
103.615855  0.000010
103.635855  -0.000011
103.655854  0.000031
103.675853  -0.000000
103.695852  -0.000000
103.715851  -0.000000
103.735851  -0.000000
103.755850  -0.000011
103.775849  0.000010
103.795848  0.000010
103.815847  0.000010
103.835847  -0.000000
103.855846  0.000021
103.875845  -0.000000
103.895844  -0.000021
103.915843  -0.000000
103.935843  -0.000011
103.955842  -0.000011
103.975841  -0.000011
103.995840  -0.000000
104.015839  -0.000021
104.035839  -0.000000
104.055838  0.000021
104.075837  -0.000011
104.095836  -0.000000
104.115835  0.000010
104.135835  -0.000000
104.155834  -0.000000
104.175833  -0.000000
104.195832  -0.000000
104.215831  -0.000011
104.235831  0.000021
104.255830  0.000010
104.275829  0.000010
104.295828  -0.000000
104.315827  -0.000000
104.335827  -0.000032
104.355826  -0.000011
104.375825  -0.000000
104.395824  -0.000000
104.415823  -0.000000
104.435823  0.000010
104.455822  0.000010
104.475821  -0.000011
104.495820  0.000021
104.515819  0.000010
104.535819  -0.000000
104.555818  -0.000021
104.575817  0.000010
104.595816  0.000031
104.615815  -0.000011
104.635815  -0.000000
104.655814  -0.000000
104.675813  -0.000000
104.695812  0.000021
104.715811  0.000021
104.735811  -0.000011
104.755810  -0.000000
104.775809  -0.000000
104.795808  -0.000000
104.815807  -0.000021
104.835807  0.000010
104.855806  0.000031
104.875805  -0.000011
104.895804  -0.000000
104.915803  -0.000000
104.935803  -0.000000
104.955802  0.000010
104.975801  -0.000032
104.995800  -0.000011
105.015799  0.000010
105.035799  -0.000000
105.055798  -0.000000
105.075797  0.000031
105.095796  -0.000000
105.115795  0.000010
105.135795  -0.000011
105.155794  -0.000011
105.175793  0.000021
105.195792  0.000021
105.215791  0.000010
105.235791  -0.000032
105.255790  0.000021
105.275789  0.000021
105.295788  -0.000011
105.315787  0.000010
105.335787  -0.000000
105.355786  0.000010
105.375785  -0.000000
105.395784  0.000010
105.415783  0.000021
105.435783  -0.000000
105.455782  0.000021
105.475781  -0.000000
105.495780  -0.000011
105.515779  -0.000000
105.535779  -0.000011
105.555778  0.000010
105.575777  -0.000000
105.595776  0.000010
105.615775  0.000010
105.635775  -0.000011
105.655774  -0.000011
105.675773  0.000010
105.695772  -0.000000
105.715771  -0.000000
105.735771  0.000010
105.755770  -0.000011
105.775769  -0.000000
105.795768  0.000021
105.815767  -0.000011
105.835767  0.000021
105.855766  -0.000000
105.875765  -0.000000
105.895764  0.000010
105.915763  0.000021
105.935763  0.000010
105.955762  0.000021
105.975761  0.000021
105.995760  0.000010
106.015759  -0.000011
106.035759  0.000010
106.055758  0.000031
106.075757  -0.000000
106.095756  -0.000011
106.115755  -0.000011
106.135755  0.000031
106.155754  0.000010
106.175753  0.000021
106.195752  0.000021
106.215751  -0.000011
106.235751  -0.000000
106.255750  0.000010
106.275749  -0.000032
106.295748  -0.000011
106.315747  0.000010
106.335747  0.000021
106.355746  0.000010
106.375745  -0.000011
106.395744  -0.000021
106.415743  -0.000011
106.435743  0.000010
106.455742  -0.000000
106.475741  0.000021
106.495740  0.000010
106.515739  0.000031
106.535739  0.000010
106.555738  -0.000000
106.575737  -0.000011
106.595736  0.000010
106.615735  -0.000000
106.635735  0.000031
106.655734  -0.000011
106.675733  -0.000011
106.695732  -0.000000
106.715731  -0.000000
106.735731  -0.000021
106.755730  -0.000011
106.775729  -0.000000
106.795728  -0.000000
106.815727  0.000031
106.835727  0.000010
106.855726  -0.000000
106.875725  -0.000011
106.895724  -0.000000
106.915723  -0.000011
106.935723  -0.000000
106.955722  -0.000000
106.975721  -0.000000
106.995720  0.000031
107.015719  -0.000011
107.035719  -0.000000
107.055718  -0.000011
107.075717  0.000010
107.095716  0.000021
107.115715  -0.000000
107.135715  0.000010
107.155714  -0.000000
107.175713  0.000021
107.195712  -0.000000
107.215711  0.000021
107.235711  -0.000000
107.255710  -0.000000
107.275709  0.000010
107.295708  0.000031
107.315707  -0.000000
107.335707  -0.000000
107.355706  -0.000011
107.375705  -0.000000
107.395704  -0.000000
107.415703  -0.000000
107.435703  -0.000000
107.455702  0.000010
107.475701  -0.000000
107.495700  0.000021
107.515699  -0.000021
107.535699  -0.000000
107.555698  0.000031
107.575697  0.000021
107.595696  -0.000000
107.615695  0.000031
107.635695  -0.000000
107.655694  -0.000000
107.675693  0.000021
107.695692  -0.000011
107.715691  0.000010
107.735691  0.000031
107.755690  -0.000032
107.775689  -0.000021
107.795688  0.000010
107.815687  -0.000011
107.835687  0.000021
107.855686  -0.000000
107.875685  -0.000000
107.895684  0.000021
107.915683  0.000010
107.935683  -0.000011
107.955682  0.000010
107.975681  -0.000000
107.995680  -0.000000
108.015679  0.000010
108.035679  -0.000011
108.055678  0.000021
108.075677  0.000010
108.095676  0.000010
108.115675  -0.000021
108.135675  0.000021
108.155674  -0.000032
108.175673  -0.000011
108.195672  -0.000011
108.215671  0.000021
108.235671  0.000010
108.255670  -0.000000
108.275669  -0.000011
108.295668  -0.000000
108.315667  -0.000000
108.335667  0.000031
108.355666  0.000021
108.375665  0.000031
108.395664  0.000031
108.415663  0.000031
108.435663  -0.000000
108.455662  0.000021
108.475661  -0.000021
108.495660  -0.000011
108.515659  0.000031
108.535659  -0.000000
108.555658  0.000010
108.575657  -0.000021
108.595656  -0.000011
108.615655  0.000021
108.635655  -0.000000
108.655654  -0.000000
108.675653  -0.000053
108.695652  -0.000011
108.715651  -0.000032
108.735651  -0.000000
108.755650  -0.000032
108.775649  0.000021
108.795648  -0.000021
108.815647  -0.000000
108.835647  -0.000021
108.855646  -0.000011
108.875645  0.000021
108.895644  -0.000011
108.915643  0.000021
108.935643  -0.000000
108.955642  0.000042
108.975641  -0.000000
108.995640  0.000021
109.015639  0.000010
109.035639  0.000010
109.055638  -0.000000
109.075637  -0.000000
109.095636  -0.000000
109.115635  -0.000000
109.135635  -0.000011
109.155634  -0.000011
109.175633  0.000021
109.195632  0.000010
109.215631  -0.000000
109.235631  0.000010
109.255630  -0.000000
109.275629  0.000021
109.295628  -0.000021
109.315627  -0.000021
109.335627  -0.000021
109.355626  -0.000021
109.375625  0.000021
109.395624  0.000021
109.415623  -0.000000
109.435623  0.000010
109.455622  0.000021
109.475621  0.000010
109.495620  0.000021
109.515619  -0.000021
109.535619  -0.000011
109.555618  -0.000042
109.575617  0.000010
109.595616  -0.000011
109.615615  0.000010
109.635615  -0.000000
109.655614  0.000010
109.675613  -0.000000
109.695612  0.000021
109.715611  0.000010
109.735611  -0.000011
109.755610  0.000021
109.775609  0.000010
109.795608  -0.000011
109.815607  -0.000032
109.835607  0.000010
109.855606  0.000010
109.875605  -0.000000
109.895604  0.000021
109.915603  -0.000011
109.935603  0.000021
109.955602  0.000010
109.975601  -0.000000
109.995600  -0.000000
110.015599  -0.000000
110.035599  -0.000011
110.055598  0.000021
110.075597  0.000021
110.095596  -0.000000
110.115595  -0.000000
110.135595  0.000021
110.155594  -0.000000
110.175593  0.000021
110.195592  -0.000000
110.215591  0.000010
110.235591  0.000021
110.255590  -0.000021
110.275589  -0.000000
110.295588  0.000021
110.315587  0.000021
110.335587  0.000010
110.355586  0.000010
110.375585  -0.000011
110.395584  -0.000000
110.415583  0.000010
110.435583  0.000021
110.455582  -0.000000
110.475581  -0.000032
110.495580  -0.000011
110.515579  -0.000000
110.535579  -0.000021
110.555578  -0.000032
110.575577  -0.000021
110.595576  0.000031
110.615575  0.000021
110.635575  -0.000000
110.655574  -0.000000
110.675573  -0.000000
110.695572  -0.000011
110.715571  0.000010
110.735571  0.000021
110.755570  0.000021
110.775569  0.000021
110.795568  -0.000011
110.815567  0.000031
110.835567  -0.000000
110.855566  -0.000000
110.875565  0.000010
110.895564  0.000010
110.915563  0.000031
110.935563  -0.000011
110.955562  -0.000011
110.975561  0.000010
110.995560  0.000021
111.015559  -0.000000
111.035559  -0.000011
111.055558  -0.000021
111.075557  0.000031
111.095556  -0.000000
111.115555  -0.000011
111.135555  -0.000000
111.155554  0.000021
111.175553  -0.000011
111.195552  -0.000000
111.215551  -0.000032
111.235551  -0.000011
111.255550  0.000021
111.275549  -0.000000
111.295548  0.000010
111.315547  -0.000000
111.335547  0.000010
111.355546  -0.000000
111.375545  0.000021
111.395544  0.000010
111.415543  -0.000000
111.435543  0.000031
111.455542  0.000010
111.475541  0.000010
111.495540  0.000021
111.515539  -0.000000
111.535539  -0.000011
111.555538  0.000031
111.575537  0.000021
111.595536  0.000010
111.615535  0.000010
111.635535  -0.000021
111.655534  -0.000000
111.675533  0.000021
111.695532  -0.000011
111.715531  -0.000032
111.735531  -0.000000
111.755530  0.000021
111.775529  0.000010
111.795528  -0.000000
111.815527  -0.000021
111.835527  -0.000021
111.855526  0.000021
111.875525  0.000031
111.895524  -0.000011
111.915523  0.000021
111.935523  0.000021
111.955522  0.000021
111.975521  -0.000011
111.995520  -0.000000
112.015519  -0.000000
112.035519  -0.000000
112.055518  0.000010
112.075517  0.000031
112.095516  0.000010
112.115515  -0.000021
112.135515  0.000010
112.155514  0.000021
112.175513  0.000010
112.195512  -0.000000
112.215511  0.000010
112.235511  0.000010
112.255510  0.000021
112.275509  -0.000000
112.295508  -0.000011
112.315507  -0.000011
112.335507  0.000021
112.355506  -0.000000
112.375505  -0.000000
112.395504  -0.000000
112.415503  -0.000021
112.435503  -0.000000
112.455502  0.000010
112.475501  -0.000000
112.495500  -0.000000
112.515499  -0.000021
112.535499  -0.000011
112.555498  -0.000000
112.575497  -0.000000
112.595496  -0.000000
112.615495  0.000021
112.635495  -0.000011
112.655494  0.000010
112.675493  0.000021
112.695492  0.000010
112.715491  -0.000000
112.735491  0.000021
112.755490  0.000031
112.775489  -0.000021
112.795488  0.000021
112.815487  -0.000011
112.835487  0.000010
112.855486  -0.000021
112.875485  -0.000032
112.895484  -0.000011
112.915483  -0.000000
112.935483  -0.000021
112.955482  -0.000021
112.975481  -0.000000
112.995480  0.000042
113.015479  -0.000011
113.035479  0.000021
113.055478  -0.000000
113.075477  -0.000000
113.095476  0.000021
113.115475  -0.000000
113.135475  -0.000011
113.155474  0.000021
113.175473  0.000021
113.195472  -0.000021
113.215471  -0.000021
113.235471  0.000010
113.255470  -0.000000
113.275469  -0.000011
113.295468  0.000021
113.315467  -0.000032
113.335467  0.000010
113.355466  -0.000011
113.375465  -0.000021
113.395464  -0.000000
113.415463  -0.000000
113.435463  0.000031
113.455462  0.000010
113.475461  -0.000021
113.495460  0.000010
113.515459  -0.000011
113.535459  0.000042
113.555458  0.000010
113.575457  0.000010
113.595456  0.000031
113.615455  0.000010
113.635455  -0.000000
113.655454  0.000010
113.675453  -0.000000
113.695452  0.000021
113.715451  0.000021
113.735451  0.000021
113.755450  -0.000000
113.775449  -0.000011
113.795448  -0.000011
113.815447  0.000010
113.835447  0.000010
113.855446  -0.000000
113.875445  0.000031
113.895444  0.000010
113.915443  -0.000021
113.935443  -0.000032
113.955442  0.000010
113.975441  0.000031
113.995440  -0.000000
114.015439  0.000031
114.035439  -0.000021
114.055438  -0.000000
114.075437  0.000010
114.095436  0.000031
114.115435  -0.000021
114.135435  -0.000000
114.155434  0.000021
114.175433  -0.000011
114.195432  0.000021
114.215431  -0.000011
114.235431  -0.000000
114.255430  0.000010
114.275429  0.000031
114.295428  -0.000000
114.315427  -0.000000
114.335427  0.000021
114.355426  0.000021
114.375425  0.000010
114.395424  -0.000000
114.415423  -0.000000
114.435423  0.000042
114.455422  -0.000011
114.475421  0.000031
114.495420  0.000010
114.515419  -0.000000
114.535419  0.000010
114.555418  -0.000021
114.575417  -0.000011
114.595416  -0.000011
114.615415  -0.000011
114.635415  -0.000000
114.655414  -0.000011
114.675413  -0.000000
114.695412  -0.000000
114.715411  -0.000000
114.735411  -0.000011
114.755410  -0.000021
114.775409  -0.000011
114.795408  -0.000000
114.815407  -0.000011
114.835407  -0.000011
114.855406  0.000021
114.875405  0.000031
114.895404  -0.000000
114.915403  -0.000011
114.935403  0.000010
114.955402  0.000031
114.975401  -0.000000
114.995400  0.000021
115.015399  -0.000053
115.035399  -0.000021
115.055398  0.000021
115.075397  0.000031
115.095396  -0.000000
115.115395  0.000031
115.135395  0.000021
115.155394  -0.000021
115.175393  -0.000021
115.195392  -0.000000
115.215391  0.000021
115.235391  -0.000053
115.255390  -0.000000
115.275389  0.000010
115.295388  0.000010
115.315387  -0.000011
115.335387  -0.000021
115.355386  -0.000011
115.375385  0.000021
115.395384  -0.000011
115.415383  -0.000000
115.435383  0.000010
115.455382  -0.000011
115.475381  0.000010
115.495380  -0.000011
115.515379  -0.000011
115.535379  0.000010
115.555378  0.000021
115.575377  0.000021
115.595376  -0.000011
115.615375  -0.000000
115.635375  0.000010
115.655374  -0.000000
115.675373  0.000042
115.695372  0.000031
115.715371  -0.000011
115.735371  -0.000011
115.755370  -0.000000
115.775369  -0.000000
115.795368  -0.000000
115.815367  0.000021
115.835367  0.000021
115.855366  -0.000011
115.875365  0.000010
115.895364  -0.000000
115.915363  -0.000011
115.935363  -0.000021
115.955362  -0.000000
115.975361  -0.000011
115.995360  -0.000000
116.015359  -0.000011
116.035359  0.000010
116.055358  0.000031
116.075357  -0.000000
116.095356  -0.000011
116.115355  0.000010
116.135355  -0.000021
116.155354  -0.000011
116.175353  0.000021
116.195352  -0.000011
116.215351  0.000031
116.235351  -0.000000
116.255350  -0.000000
116.275349  0.000042
116.295348  -0.000011
116.315347  -0.000000
116.335347  -0.000011
116.355346  0.000021
116.375345  -0.000000
116.395344  0.000021
116.415343  0.000010
116.435343  -0.000042
116.455342  -0.000000
116.475341  0.000010
116.495340  -0.000000
116.515339  0.000021
116.535339  -0.000000
116.555338  -0.000011
116.575337  0.000021
116.595336  0.000021
116.615335  -0.000011
116.635335  -0.000011
116.655334  -0.000000
116.675333  -0.000000
116.695332  -0.000000
116.715331  -0.000063
116.735331  0.000010
116.755330  -0.000000
116.775329  -0.000011
116.795328  0.000010
116.815327  -0.000011
116.835327  -0.000021
116.855326  0.000021
116.875325  0.000010
116.895324  -0.000000
116.915323  0.000010
116.935323  0.000010
116.955322  -0.000000
116.975321  0.000031
116.995320  0.000010
117.015319  -0.000000
117.035319  -0.000011
117.055318  0.000021
117.075317  -0.000021
117.095316  -0.000000
117.115315  -0.000000
117.135315  -0.000000
117.155314  0.000021
117.175313  -0.000011
117.195312  0.000021
117.215311  -0.000011
117.235311  0.000031
117.255310  -0.000000
117.275309  -0.000000
117.295308  -0.000011
117.315307  -0.000000
117.335307  -0.000011
117.355306  0.000021
117.375305  0.000010
117.395304  -0.000011
117.415303  0.000010
117.435303  0.000021
117.455302  -0.000000
117.475301  -0.000000
117.495300  0.000021
117.515299  0.000010
117.535299  0.000010
117.555298  -0.000011
117.575297  0.000010
117.595296  -0.000011
117.615295  0.000021
117.635295  -0.000000
117.655294  -0.000000
117.675293  0.000021
117.695292  0.000031
117.715291  0.000021
117.735291  -0.000000
117.755290  -0.000000
117.775289  0.000010
117.795288  -0.000011
117.815287  -0.000000
117.835287  0.000021
117.855286  0.000010
117.875285  0.000010
117.895284  0.000031
117.915283  0.000021
117.935283  -0.000021
117.955282  0.000021
117.975281  0.000010
117.995280  -0.000000
118.015279  0.000010
118.035279  0.000021
118.055278  -0.000000
118.075277  0.000021
118.095276  0.000021
118.115275  -0.000000
118.135275  0.000021
118.155274  -0.000000
118.175273  0.000010
118.195272  -0.000021
118.215271  0.000010
118.235271  -0.000011
118.255270  -0.000021
118.275269  0.000010
118.295268  -0.000000
118.315267  -0.000000
118.335267  0.000010
118.355266  -0.000021
118.375265  -0.000032
118.395264  -0.000000
118.415263  -0.000000
118.435263  0.000010
118.455262  -0.000021
118.475261  -0.000000
118.495260  -0.000011
118.515259  -0.000000
118.535259  0.000031
118.555258  -0.000011
118.575257  0.000010
118.595256  -0.000000
118.615255  -0.000000
118.635255  -0.000000
118.655254  0.000021
118.675253  0.000031
118.695252  -0.000011
118.715251  -0.000000
118.735251  0.000021
118.755250  -0.000011
118.775249  -0.000032
118.795248  0.000042
118.815247  0.000031
118.835247  -0.000000
118.855246  -0.000000
118.875245  -0.000000
118.895244  -0.000000
118.915243  -0.000011
118.935243  -0.000021
118.955242  0.000010
118.975241  0.000042
118.995240  0.000010
119.015239  0.000021
119.035239  -0.000011
119.055238  -0.000011
119.075237  0.000021
119.095236  -0.000021
119.115235  -0.000000
119.135235  0.000010
119.155234  -0.000000
119.175233  0.000021
119.195232  0.000010
119.215231  -0.000000
119.235231  -0.000000
119.255230  0.000021
119.275229  0.000031
119.295228  -0.000032
119.315227  0.000010
119.335227  -0.000000
119.355226  0.000021
119.375225  0.000031
119.395224  0.000042
119.415223  0.000010
119.435223  -0.000000
119.455222  -0.000011
119.475221  0.000031
119.495220  0.000021
119.515219  0.000010
119.535219  -0.000011
119.555218  -0.000000
119.575217  0.000010
119.595216  -0.000000
119.615215  -0.000011
119.635215  -0.000000
119.655214  -0.000000
119.675213  -0.000011
119.695212  -0.000011
119.715211  -0.000011
119.735211  0.000021
119.755210  0.000010
119.775209  -0.000021
119.795208  0.000010
119.815207  -0.000000
119.835207  0.000021
119.855206  0.000010
119.875205  0.000010
119.895204  -0.000011
119.915203  -0.000000
119.935203  0.000021
119.955202  0.000021
119.975201  -0.000021
119.995200  -0.000021
120.015199  -0.000000
120.035199  0.000010
120.055198  0.000031
120.075197  0.000010
120.095196  -0.000011
120.115195  -0.000000
120.135195  -0.000000
120.155194  -0.000000
120.175193  0.000021
120.195192  -0.000021
120.215191  -0.000000
120.235191  0.000021
120.255190  -0.000021
120.275189  -0.000000
120.295188  -0.000000
120.315187  0.000010
120.335187  -0.000011
120.355186  -0.000021
120.375185  -0.000000
120.395184  -0.000011
120.415183  0.000010
120.435183  -0.000011
120.455182  -0.000011
120.475181  0.000010
120.495180  -0.000032
120.515179  0.000031
120.535179  0.000021
120.555178  0.000021
120.575177  -0.000000
120.595176  -0.000011
120.615175  0.000021
120.635175  0.000010
120.655174  -0.000000
120.675173  -0.000000
120.695172  -0.000000
120.715171  0.000010
120.735171  -0.000011
120.755170  0.000010
120.775169  -0.000011
120.795168  -0.000021
120.815167  0.000021
120.835167  0.000010
120.855166  0.000042
120.875165  -0.000021
120.895164  0.000010
120.915163  0.000021
120.935163  0.000021
120.955162  -0.000011
120.975161  -0.000011
120.995160  -0.000000
121.015159  0.000021
121.035159  0.000010
121.055158  -0.000011
121.075157  -0.000000
121.095156  -0.000021
121.115155  0.000031
121.135155  -0.000021
121.155154  0.000021
121.175153  -0.000011
121.195152  -0.000021
121.215151  0.000021
121.235151  -0.000000
121.255150  -0.000011
121.275149  -0.000000
121.295148  0.000021
121.315147  0.000031
121.335147  0.000010
121.355146  -0.000000
121.375145  0.000042
121.395144  -0.000000
121.415143  -0.000021
121.435143  -0.000011
121.455142  -0.000011
121.475141  0.000021
121.495140  -0.000000
121.515139  -0.000021
121.535139  0.000031
121.555138  -0.000053
121.575137  0.000031
121.595136  0.000021
121.615135  -0.000000
121.635135  -0.000000
121.655134  0.000021
121.675133  -0.000011
121.695132  -0.000042
121.715131  -0.000000
121.735131  0.000010
121.755130  0.000010
121.775129  0.000031
121.795128  -0.000000
121.815127  -0.000000
121.835127  -0.000000
121.855126  0.000021
121.875125  0.000021
121.895124  -0.000000
121.915123  0.000010
121.935123  0.000021
121.955122  -0.000032
121.975121  0.000021
121.995120  -0.000011
122.015119  -0.000000
122.035119  -0.000011
122.055118  -0.000000
122.075117  -0.000021
122.095116  0.000021
122.115115  -0.000000
122.135115  -0.000011
122.155114  -0.000000
122.175113  0.000042
122.195112  -0.000000
122.215111  0.000021
122.235111  -0.000011
122.255110  -0.000011
122.275109  0.000021
122.295108  0.000021
122.315107  0.000021
122.335107  -0.000021
122.355106  -0.000011
122.375105  -0.000000
122.395104  -0.000000
122.415103  -0.000021
122.435103  0.000031
122.455102  -0.000021
122.475101  -0.000000
122.495100  0.000021
122.515099  0.000021
122.535099  -0.000011
122.555098  -0.000011
122.575097  -0.000000
122.595096  -0.000000
122.615095  0.000031
122.635095  -0.000011
122.655094  -0.000000
122.675093  -0.000042
122.695092  0.000021
122.715091  -0.000032
122.735091  -0.000000
122.755090  0.000010
122.775089  0.000021
122.795088  -0.000000
122.815087  0.000021
122.835087  -0.000000
122.855086  0.000021
122.875085  0.000010
122.895084  0.000042
122.915083  0.000010
122.935083  0.000010
122.955082  -0.000021
122.975081  -0.000011
122.995080  0.000031
123.015079  0.000042
123.035079  -0.000021
123.055078  0.000042
123.075077  0.000021
123.095076  -0.000000
123.115075  0.000021
123.135075  -0.000000
123.155074  -0.000000
123.175073  -0.000021
123.195072  -0.000000
123.215071  0.000021
123.235071  -0.000000
123.255070  -0.000011
123.275069  -0.000000
123.295068  0.000021
123.315067  -0.000021
123.335067  -0.000000
123.355066  -0.000000
123.375065  -0.000000
123.395064  0.000010
123.415063  0.000021
123.435063  0.000021
123.455062  0.000010
123.475061  0.000021
123.495060  -0.000000
123.515059  -0.000000
123.535059  0.000042
123.555058  0.000021
123.575057  -0.000000
123.595056  0.000042
123.615055  -0.000000
123.635055  -0.000021
123.655054  -0.000000
123.675053  0.000021
123.695052  -0.000011
123.715051  0.000021
123.735051  -0.000000
123.755050  0.000010
123.775049  -0.000011
123.795048  -0.000021
123.815047  -0.000000
123.835047  -0.000000
123.855046  -0.000000
123.875045  -0.000011
123.895044  -0.000000
123.915043  0.000010
123.935043  0.000021
123.955042  -0.000032
123.975041  0.000010
123.995040  -0.000000
124.015039  -0.000000
124.035039  -0.000000
124.055038  -0.000000
124.075037  0.000021
124.095036  0.000031
124.115035  0.000010
124.135035  0.000021
124.155034  -0.000021
124.175033  0.000021
124.195032  0.000010
124.215031  0.000021
124.235031  0.000021
124.255030  -0.000011
124.275029  -0.000000
124.295028  0.000021
124.315027  0.000021
124.335027  -0.000000
124.355026  -0.000021
124.375025  -0.000021
124.395024  -0.000000
124.415023  -0.000011
124.435023  -0.000021
124.455022  -0.000000
124.475021  0.000010
124.495020  0.000021
124.515019  0.000010
124.535019  -0.000011
124.555018  -0.000000
124.575017  -0.000021
124.595016  -0.000000
124.615015  -0.000021
124.635015  -0.000000
124.655014  0.000031
124.675013  -0.000000
124.695012  0.000010
124.715011  0.000031
124.735011  0.000021
124.755010  -0.000000
124.775009  -0.000000
124.795008  0.000010
124.815007  0.000010
124.835007  -0.000000
124.855006  -0.000011
124.875005  0.000010
124.895004  -0.000011
124.915003  0.000021
124.935003  0.000031
124.955002  0.000010
124.975001  -0.000011
124.995000  0.000021
125.014999  -0.000000
125.034999  -0.000021
125.054998  -0.000000
125.074997  -0.000021
125.094996  -0.000000
125.114995  -0.000011
125.134995  -0.000000
125.154994  -0.000000
125.174993  -0.000000
125.194992  -0.000000
125.214991  0.000010
125.234991  0.000010
125.254990  0.000010
125.274989  0.000021
125.294988  -0.000000
125.314987  -0.000011
125.334987  -0.000000
125.354986  0.000010
125.374985  -0.000011
125.394984  0.000010
125.414983  -0.000011
125.434983  -0.000000
125.454982  0.000010
125.474981  0.000031
125.494980  -0.000000
125.514979  -0.000011
125.534979  -0.000000
125.554978  0.000010
125.574977  -0.000000
125.594976  -0.000000
125.614975  -0.000042
125.634975  0.000021
125.654974  -0.000000
125.674973  -0.000021
125.694972  -0.000011
125.714971  0.000021
125.734971  0.000021
125.754970  -0.000000
125.774969  -0.000000
125.794968  -0.000000
125.814967  -0.000000
125.834967  -0.000011
125.854966  -0.000000
125.874965  0.000021
125.894964  -0.000000
125.914963  0.000010
125.934963  0.000010
125.954962  -0.000000
125.974961  0.000021
125.994960  -0.000011
126.014959  -0.000011
126.034959  -0.000000
126.054958  -0.000000
126.074957  -0.000000
126.094956  -0.000000
126.114955  -0.000021
126.134955  0.000021
126.154954  -0.000011
126.174953  -0.000000
126.194952  -0.000000
126.214951  -0.000021
126.234951  0.000021
126.254950  -0.000000
126.274949  -0.000000
126.294948  0.000010
126.314947  -0.000000
126.334947  -0.000042
126.354946  0.000010
126.374945  -0.000021
126.394944  -0.000000
126.414943  -0.000000
126.434943  -0.000000
126.454942  0.000031
126.474941  0.000010
126.494940  0.000031
126.514939  0.000021
126.534939  -0.000000
126.554938  -0.000000
126.574937  0.000010
126.594936  -0.000000
126.614935  -0.000021
126.634935  0.000021
126.654934  -0.000000
126.674933  -0.000000
126.694932  -0.000000
126.714931  -0.000000
126.734931  -0.000011
126.754930  0.000021
126.774929  -0.000011
126.794928  0.000021
126.814927  -0.000011
126.834927  -0.000000
126.854926  -0.000000
126.874925  -0.000042
126.894924  0.000031
126.914923  -0.000011
126.934923  -0.000021
126.954922  0.000021
126.974921  0.000010
126.994920  0.000021
127.014919  0.000010
127.034919  -0.000000
127.054918  -0.000000
127.074917  0.000021
127.094916  -0.000000
127.114915  -0.000000
127.134915  -0.000011
127.154914  -0.000011
127.174913  -0.000000
127.194912  0.000021
127.214911  -0.000021
127.234911  -0.000000
127.254910  -0.000011
127.274909  0.000010
127.294908  -0.000000
127.314907  0.000021
127.334907  0.000021
127.354906  -0.000011
127.374905  -0.000000
127.394904  0.000021
127.414903  0.000021
127.434903  -0.000000
127.454902  -0.000011
127.474901  0.000021
127.494900  -0.000000
127.514899  0.000031
127.534899  0.000010
127.554898  -0.000032
127.574897  -0.000011
127.594896  0.000010
127.614895  -0.000011
127.634895  -0.000021
127.654894  -0.000011
127.674893  -0.000000
127.694892  0.000021
127.714891  0.000010
127.734891  0.000010
127.754890  -0.000011
127.774889  0.000010
127.794888  0.000063
127.814887  0.000021
127.834887  0.000021
127.854886  -0.000021
127.874885  -0.000011
127.894884  -0.000000
127.914883  0.000021
127.934883  0.000031
127.954882  -0.000000
127.974881  0.000021
127.994880  0.000010
128.014879  0.000031
128.034879  -0.000000
128.054878  -0.000000
128.074877  -0.000011
128.094876  -0.000000
128.114875  0.000010
128.134875  -0.000000
128.154874  0.000010
128.174873  -0.000000
128.194872  0.000031
128.214871  -0.000011
128.234871  0.000010
128.254870  0.000031
128.274869  -0.000011
128.294868  -0.000021
128.314867  -0.000011
128.334867  0.000010
128.354866  0.000021
128.374865  0.000010
128.394864  -0.000021
128.414863  -0.000000
128.434863  -0.000000
128.454862  -0.000011
128.474861  0.000021
128.494860  -0.000011
128.514859  -0.000000
128.534859  0.000010
128.554858  0.000010
128.574857  -0.000021
128.594856  0.000010
128.614855  -0.000000
128.634855  0.000010
128.654854  -0.000021
128.674853  0.000021
128.694852  -0.000011
128.714851  -0.000021
128.734851  -0.000000
128.754850  0.000031
128.774849  -0.000000
128.794848  -0.000000
128.814847  0.000031
128.834847  -0.000000
128.854846  0.000010
128.874845  -0.000032
128.894844  -0.000011
128.914843  0.000010
128.934843  0.000031
128.954842  0.000021
128.974841  0.000010
128.994840  -0.000000
129.014839  0.000010
129.034839  0.000042
129.054838  -0.000000
129.074837  0.000010
129.094836  -0.000000
129.114835  0.000021
129.134835  -0.000021
129.154834  -0.000000
129.174833  -0.000000
129.194832  -0.000000
129.214831  0.000021
129.234831  -0.000000
129.254830  -0.000000
129.274829  -0.000000
129.294828  -0.000000
129.314827  0.000021
129.334827  0.000021
129.354826  0.000010
129.374825  -0.000032
129.394824  -0.000000
129.414823  0.000021
129.434823  -0.000021
129.454822  -0.000021
129.474821  -0.000011
129.494820  0.000021
129.514819  -0.000011
129.534819  -0.000011
129.554818  -0.000000
129.574817  -0.000000
129.594816  -0.000011
129.614815  -0.000000
129.634815  0.000021
129.654814  0.000021
129.674813  -0.000032
129.694812  -0.000000
129.714811  -0.000011
129.734811  0.000042
129.754810  -0.000000
129.774809  0.000010
129.794808  0.000010
129.814807  -0.000000
129.834807  0.000021
129.854806  0.000010
129.874805  0.000031
129.894804  -0.000000
129.914803  -0.000000
129.934803  -0.000021
129.954802  -0.000021
129.974801  -0.000000
129.994800  0.000042
130.014799  -0.000011
130.034799  -0.000011
130.054798  0.000010
130.074797  -0.000000
130.094796  0.000010
130.114795  0.000021
130.134795  0.000010
130.154794  0.000031
130.174793  -0.000000
130.194792  0.000021
130.214791  -0.000021
130.234791  0.000021
130.254790  0.000021
130.274789  0.000042
130.294788  -0.000021
130.314787  0.000031
130.334787  0.000021
130.354786  -0.000011
130.374785  -0.000011
130.394784  0.000042
130.414783  0.000010
130.434783  0.000021
130.454782  0.000031
130.474781  -0.000000
130.494780  -0.000000
130.514779  -0.000021
130.534779  0.000010
130.554778  -0.000011
130.574777  -0.000021
130.594776  0.000010
130.614775  -0.000032
130.634775  -0.000021
130.654774  0.000021
130.674773  -0.000032
130.694772  -0.000011
130.714771  -0.000000
130.734771  -0.000011
130.754770  -0.000000
130.774769  0.000010
130.794768  -0.000032
130.814767  0.000021
130.834767  -0.000000
130.854766  -0.000011
130.874765  0.000010
130.894764  -0.000000
130.914763  0.000021
130.934763  0.000021
130.954762  -0.000000
130.974761  -0.000021
130.994760  0.000021
131.014759  -0.000000
131.034759  0.000031
131.054758  -0.000021
131.074757  0.000010
131.094756  -0.000011
131.114755  -0.000000
131.134755  -0.000011
131.154754  -0.000000
131.174753  -0.000011
131.194752  -0.000000
131.214751  -0.000000
131.234751  0.000031
131.254750  0.000021
131.274749  0.000010
131.294748  -0.000000
131.314747  -0.000000
131.334747  -0.000000
131.354746  -0.000000
131.374745  -0.000000
131.394744  0.000042
131.414743  -0.000011
131.434743  0.000031
131.454742  -0.000021
131.474741  0.000010
131.494740  -0.000000
131.514739  0.000010
131.534739  0.000021
131.554738  -0.000000
131.574737  0.000010
131.594736  -0.000000
131.614735  0.000010
131.634735  0.000031
131.654734  0.000021
131.674733  0.000021
131.694732  0.000010
131.714731  -0.000000
131.734731  -0.000011
131.754730  -0.000000
131.774729  -0.000011
131.794728  0.000021
131.814727  0.000031
131.834727  0.000010
131.854726  -0.000011
131.874725  -0.000011
131.894724  0.000031
131.914723  0.000010
131.934723  0.000010
131.954722  -0.000000
131.974721  -0.000021
131.994720  0.000031
132.014719  0.000021
132.034719  -0.000032
132.054718  -0.000000
132.074717  0.000021
132.094716  0.000010
132.114715  -0.000000
132.134715  0.000010
132.154714  -0.000000
132.174713  0.000010
132.194712  -0.000000
132.214711  -0.000021
132.234711  -0.000021
132.254710  -0.000000
132.274709  -0.000000
132.294708  -0.000000
132.314707  -0.000000
132.334707  0.000010
132.354706  -0.000000
132.374705  0.000031
132.394704  0.000021
132.414703  -0.000000
132.434703  -0.000011
132.454702  -0.000011
132.474701  0.000021
132.494700  -0.000000
132.514699  0.000010
132.534699  0.000010
132.554698  -0.000021
132.574697  0.000021
132.594696  -0.000000
132.614695  -0.000000
132.634695  0.000021
132.654694  -0.000000
132.674693  0.000031
132.694692  -0.000000
132.714691  -0.000000
132.734691  -0.000011
132.754690  0.000010
132.774689  0.000010
132.794688  0.000031
132.814687  -0.000000
132.834687  0.000021
132.854686  0.000021
132.874685  -0.000021
132.894684  0.000010
132.914683  -0.000000
132.934683  -0.000000
132.954682  -0.000000
132.974681  -0.000000
132.994680  0.000021
133.014679  -0.000000
133.034679  0.000021
133.054678  -0.000021
133.074677  -0.000000
133.094676  -0.000032
133.114675  0.000021
133.134675  0.000010
133.154674  0.000010
133.174673  -0.000000
133.194672  0.000031
133.214671  -0.000011
133.234671  0.000031
133.254670  -0.000000
133.274669  -0.000011
133.294668  0.000021
133.314667  0.000021
133.334667  0.000031
133.354666  -0.000000
133.374665  0.000021
133.394664  -0.000011
133.414663  -0.000000
133.434663  0.000021
133.454662  -0.000011
133.474661  0.000021
133.494660  0.000010
133.514659  -0.000011
133.534659  -0.000011
133.554658  -0.000000
133.574657  0.000021
133.594656  -0.000000
133.614655  0.000010
133.634655  0.000010
133.654654  0.000021
133.674653  0.000010
133.694652  -0.000000
133.714651  -0.000011
133.734651  0.000031
133.754650  -0.000011
133.774649  -0.000000
133.794648  -0.000011
133.814647  0.000021
133.834647  -0.000011
133.854646  -0.000000
133.874645  0.000010
133.894644  0.000010
133.914643  0.000021
133.934643  0.000010
133.954642  -0.000000
133.974641  0.000010
133.994640  0.000042
134.014639  -0.000011
134.034639  0.000031
134.054638  0.000010
134.074637  -0.000000
134.094636  0.000021
134.114635  -0.000011
134.134635  -0.000021
134.154634  -0.000011
134.174633  -0.000011
134.194632  -0.000000
134.214631  0.000010
134.234631  -0.000000
134.254630  -0.000000
134.274629  -0.000011
134.294628  -0.000000
134.314627  -0.000000
134.334627  0.000010
134.354626  0.000010
134.374625  0.000021
134.394624  0.000010
134.414623  -0.000000
134.434623  0.000021
134.454622  -0.000032
134.474621  -0.000011
134.494620  -0.000021
134.514619  -0.000011
134.534619  0.000021
134.554618  -0.000000
134.574617  -0.000000
134.594616  0.000010
134.614615  0.000021
134.634615  -0.000000
134.654614  0.000010
134.674613  0.000010
134.694612  0.000021
134.714611  -0.000000
134.734611  -0.000000
134.754610  0.000010
134.774609  -0.000000
134.794608  -0.000011
134.814607  0.000031
134.834607  -0.000000
134.854606  0.000031
134.874605  -0.000021
134.894604  -0.000000
134.914603  -0.000000
134.934603  -0.000011
134.954602  -0.000011
134.974601  -0.000000
134.994600  0.000021
135.014599  -0.000011
135.034599  0.000031
135.054598  0.000021
135.074597  -0.000011
135.094596  0.000010
135.114595  -0.000021
135.134595  0.000010
135.154594  0.000031
135.174593  0.000031
135.194592  -0.000011
135.214591  -0.000021
135.234591  0.000021
135.254590  0.000021
135.274589  -0.000021
135.294588  0.000010
135.314587  0.000021
135.334587  -0.000000
135.354586  -0.000011
135.374585  -0.000000
135.394584  -0.000011
135.414583  -0.000000
135.434583  -0.000000
135.454582  -0.000011
135.474581  0.000010
135.494580  0.000042
135.514579  -0.000000
135.534579  -0.000000
135.554578  -0.000000
135.574577  0.000021
135.594576  -0.000011
135.614575  -0.000000
135.634575  -0.000000
135.654574  -0.000000
135.674573  -0.000011
135.694572  0.000031
135.714571  0.000021
135.734571  -0.000011
135.754570  -0.000011
135.774569  -0.000011
135.794568  -0.000011
135.814567  -0.000000
135.834567  -0.000000
135.854566  -0.000011
135.874565  0.000031
135.894564  0.000010
135.914563  -0.000011
135.934563  0.000010
135.954562  0.000021
135.974561  0.000010
135.994560  -0.000000
136.014559  -0.000000
136.034559  -0.000021
136.054558  -0.000011
136.074557  -0.000011
136.094556  -0.000000
136.114555  0.000021
136.134555  0.000031
136.154554  0.000021
136.174553  -0.000000
136.194552  -0.000000
136.214551  -0.000011
136.234551  -0.000000
136.254550  -0.000000
136.274549  -0.000011
136.294548  -0.000000
136.314547  -0.000000
136.334547  0.000010
136.354546  0.000010
136.374545  -0.000021
136.394544  0.000010
136.414543  -0.000000
136.434543  -0.000000
136.454542  0.000010
136.474541  -0.000000
136.494540  -0.000011
136.514539  0.000010
136.534539  -0.000000
136.554538  -0.000000
136.574537  -0.000000
136.594536  -0.000011
136.614535  0.000021
136.634535  0.000031
136.654534  -0.000000
136.674533  0.000021
136.694532  -0.000000
136.714531  -0.000000
136.734531  -0.000000
136.754530  0.000021
136.774529  0.000031
136.794528  -0.000011
136.814527  -0.000000
136.834527  -0.000021
136.854526  0.000010
136.874525  0.000021
136.894524  -0.000011
136.914523  0.000021
136.934523  -0.000011
136.954522  -0.000000
136.974521  0.000031
136.994520  0.000010
137.014519  -0.000000
137.034519  0.000010
137.054518  0.000031
137.074517  -0.000000
137.094516  -0.000011
137.114515  -0.000000
137.134515  -0.000000
137.154514  0.000021
137.174513  -0.000000
137.194512  0.000010
137.214511  0.000031
137.234511  -0.000000
137.254510  0.000010
137.274509  -0.000053
137.294508  -0.000000
137.314507  -0.000000
137.334507  -0.000000
137.354506  -0.000000
137.374505  -0.000000
137.394504  0.000021
137.414503  -0.000011
137.434503  0.000031
137.454502  -0.000011
137.474501  -0.000011
137.494500  -0.000011
137.514499  -0.000021
137.534499  -0.000000
137.554498  -0.000000
137.574497  0.000010
137.594496  -0.000011
137.614495  0.000021
137.634495  0.000010
137.654494  -0.000000
137.674493  0.000021
137.694492  -0.000000
137.714491  -0.000000
137.734491  0.000021
137.754490  -0.000021
137.774489  -0.000011
137.794488  -0.000000
137.814487  -0.000011
137.834487  -0.000000
137.854486  0.000052
137.874485  0.000021
137.894484  0.000010
137.914483  -0.000000
137.934483  -0.000011
137.954482  -0.000021
137.974481  0.000010
137.994480  -0.000000
138.014479  0.000021
138.034479  0.000010
138.054478  0.000021
138.074477  0.000021
138.094476  -0.000011
138.114475  -0.000011
138.134475  -0.000000
138.154474  -0.000000
138.174473  -0.000011
138.194472  0.000031
138.214471  -0.000021
138.234471  -0.000011
138.254470  -0.000000
138.274469  0.000021
138.294468  0.000010
138.314467  -0.000021
138.334467  -0.000000
138.354466  0.000042
138.374465  -0.000011
138.394464  -0.000011
138.414463  0.000031
138.434463  -0.000000
138.454462  -0.000000
138.474461  -0.000000
138.494460  -0.000000
138.514459  -0.000000
138.534459  0.000021
138.554458  0.000031
138.574457  -0.000000
138.594456  0.000042
138.614455  0.000021
138.634455  -0.000032
138.654454  0.000021
138.674453  -0.000000
138.694452  -0.000011
138.714451  -0.000011
138.734451  -0.000000
138.754450  0.000021
138.774449  -0.000032
138.794448  -0.000000
138.814447  -0.000000
138.834447  0.000031
138.854446  -0.000011
138.874445  -0.000000
138.894444  -0.000000
138.914443  -0.000053
138.934443  0.000010
138.954442  -0.000011
138.974441  -0.000032
138.994440  0.000031
139.014439  0.000031
139.034439  -0.000011
139.054438  -0.000000
139.074437  -0.000021
139.094436  -0.000021
139.114435  -0.000000
139.134435  0.000031
139.154434  -0.000000
139.174433  -0.000011
139.194432  -0.000021
139.214431  0.000010
139.234431  0.000021
139.254430  -0.000021
139.274429  -0.000011
139.294428  -0.000063
139.314427  -0.000000
139.334427  0.000031
139.354426  -0.000011
139.374425  0.000042
139.394424  -0.000000
139.414423  0.000021
139.434423  -0.000011
139.454422  -0.000000
139.474421  -0.000021
139.494420  0.000031
139.514419  0.000042
139.534419  -0.000000
139.554418  0.000031
139.574417  -0.000000
139.594416  -0.000021
139.614415  0.000010
139.634415  0.000021
139.654414  -0.000000
139.674413  0.000021
139.694412  -0.000021
139.714411  0.000021
139.734411  -0.000021
139.754410  -0.000000
139.774409  0.000021
139.794408  -0.000011
139.814407  -0.000011
139.834407  0.000010
139.854406  -0.000032
139.874405  -0.000011
139.894404  0.000031
139.914403  0.000021
139.934403  -0.000000
139.954402  0.000010
139.974401  0.000010
139.994400  0.000021
140.014399  -0.000021
140.034399  -0.000021
140.054398  0.000021
140.074397  0.000010
140.094396  0.000010
140.114395  -0.000000
140.134395  0.000010
140.154394  0.000021
140.174393  -0.000000
140.194392  -0.000000
140.214391  0.000010
140.234391  -0.000011
140.254390  -0.000000
140.274389  0.000021
140.294388  -0.000000
140.314387  -0.000000
140.334387  0.000031
140.354386  0.000031
140.374385  -0.000011
140.394384  0.000021
140.414383  -0.000000
140.434383  -0.000021
140.454382  -0.000011
140.474381  0.000021
140.494380  -0.000000
140.514379  -0.000011
140.534379  0.000010
140.554378  -0.000011
140.574377  -0.000000
140.594376  -0.000021
140.614375  0.000042
140.634375  -0.000000
140.654374  0.000021
140.674373  -0.000000
140.694372  0.000021
140.714371  0.000010
140.734371  -0.000000
140.754370  0.000042
140.774369  0.000031
140.794368  -0.000011
140.814367  -0.000011
140.834367  0.000021
140.854366  0.000021
140.874365  -0.000011
140.894364  -0.000021
140.914363  -0.000000
140.934363  -0.000000
140.954362  -0.000011
140.974361  0.000010
140.994360  0.000010
141.014359  0.000031
141.034359  0.000021
141.054358  0.000021
141.074357  -0.000011
141.094356  -0.000000
141.114355  -0.000021
141.134355  0.000042
141.154354  -0.000042
141.174353  -0.000011
141.194352  0.000010
141.214351  0.000010
141.234351  0.000031
141.254350  -0.000021
141.274349  -0.000000
141.294348  0.000010
141.314347  -0.000000
141.334347  -0.000000
141.354346  -0.000000
141.374345  -0.000011
141.394344  0.000010
141.414343  0.000010
141.434343  -0.000000
141.454342  -0.000021
141.474341  -0.000000
141.494340  0.000010
141.514339  -0.000011
141.534339  -0.000000
141.554338  0.000021
141.574337  -0.000000
141.594336  -0.000000
141.614335  -0.000000
141.634335  0.000031
141.654334  -0.000011
141.674333  -0.000000
141.694332  0.000021
141.714331  0.000010
141.734331  -0.000000
141.754330  -0.000032
141.774329  0.000010
141.794328  0.000021
141.814327  -0.000011
141.834327  -0.000011
141.854326  -0.000000
141.874325  0.000031
141.894324  -0.000000
141.914323  0.000010
141.934323  -0.000032
141.954322  -0.000000
141.974321  -0.000000
141.994320  0.000021
142.014319  -0.000021
142.034319  -0.000011
142.054318  -0.000000
142.074317  -0.000021
142.094316  0.000021
142.114315  0.000010
142.134315  -0.000000
142.154314  -0.000000
142.174313  0.000021
142.194312  -0.000000
142.214311  -0.000011
142.234311  -0.000011
142.254310  0.000021
142.274309  0.000031
142.294308  -0.000000
142.314307  0.000021
142.334307  -0.000000
142.354306  -0.000000
142.374305  -0.000000
142.394304  -0.000021
142.414303  0.000021
142.434303  0.000010
142.454302  0.000031
142.474301  0.000010
142.494300  -0.000021
142.514299  0.000010
142.534299  0.000021
142.554298  0.000010
142.574297  -0.000000
142.594296  0.000021
142.614295  0.000021
142.634295  -0.000000
142.654294  -0.000000
142.674293  0.000031
142.694292  0.000031
142.714291  -0.000000
142.734291  0.000031
142.754290  -0.000021
142.774289  -0.000000
142.794288  -0.000000
142.814287  -0.000011
142.834287  -0.000011
142.854286  0.000031
142.874285  -0.000042
142.894284  -0.000000
142.914283  -0.000000
142.934283  -0.000011
142.954282  -0.000000
142.974281  -0.000011
142.994280  -0.000011
143.014279  -0.000000
143.034279  -0.000021
143.054278  0.000031
143.074277  -0.000032
143.094276  0.000021
143.114275  0.000031
143.134275  0.000010
143.154274  -0.000021
143.174273  -0.000000
143.194272  -0.000000
143.214271  0.000010
143.234271  0.000010
143.254270  0.000021
143.274269  0.000042
143.294268  0.000021
143.314267  -0.000011
143.334267  0.000010
143.354266  0.000010
143.374265  -0.000000
143.394264  0.000010
143.414263  -0.000021
143.434263  -0.000011
143.454262  -0.000053
143.474261  0.000010
143.494260  -0.000011
143.514259  0.000010
143.534259  -0.000011
143.554258  -0.000000
143.574257  -0.000011
143.594256  0.000010
143.614255  -0.000000
143.634255  -0.000000
143.654254  -0.000011
143.674253  -0.000000
143.694252  0.000021
143.714251  -0.000000
143.734251  -0.000000
143.754250  0.000031
143.774249  0.000010
143.794248  0.000031
143.814247  0.000010
143.834247  -0.000000
143.854246  0.000031
143.874245  -0.000021
143.894244  -0.000011
143.914243  0.000021
143.934243  0.000010
143.954242  -0.000000
143.974241  -0.000011
143.994240  -0.000000
144.014239  0.000031
144.034239  -0.000000
144.054238  0.000021
144.074237  -0.000021
144.094236  0.000021
144.114235  0.000031
144.134235  -0.000000
144.154234  -0.000000
144.174233  -0.000000
144.194232  -0.000000
144.214231  -0.000021
144.234231  -0.000000
144.254230  0.000021
144.274229  -0.000021
144.294228  0.000042
144.314227  -0.000000
144.334227  0.000021
144.354226  -0.000000
144.374225  0.000021
144.394224  -0.000000
144.414223  -0.000011
144.434223  -0.000011
144.454222  0.000021
144.474221  -0.000011
144.494220  0.000010
144.514219  -0.000000
144.534219  -0.000000
144.554218  0.000031
144.574217  -0.000011
144.594216  -0.000000
144.614215  0.000010
144.634215  0.000010
144.654214  -0.000011
144.674213  0.000010
144.694212  0.000010
144.714211  -0.000011
144.734211  -0.000011
144.754210  -0.000011
144.774209  -0.000000
144.794208  -0.000000
144.814207  0.000031
144.834207  0.000031
144.854206  0.000010
144.874205  -0.000011
144.894204  -0.000011
144.914203  -0.000021
144.934203  -0.000011
144.954202  0.000010
144.974201  -0.000000
144.994200  -0.000011
145.014199  0.000031
145.034199  -0.000000
145.054198  0.000010
145.074197  0.000021
145.094196  0.000010
145.114195  0.000010
145.134195  0.000031
145.154194  -0.000000
145.174193  0.000010
145.194192  -0.000011
145.214191  0.000021
145.234191  -0.000000
145.254190  -0.000011
145.274189  -0.000011
145.294188  -0.000011
145.314187  -0.000000
145.334187  0.000021
145.354186  0.000021
145.374185  -0.000011
145.394184  0.000031
145.414183  0.000021
145.434183  -0.000000
145.454182  0.000010
145.474181  -0.000011
145.494180  -0.000021
145.514179  0.000010
145.534179  0.000021
145.554178  -0.000000
145.574177  -0.000011
145.594176  -0.000011
145.614175  -0.000011
145.634175  -0.000021
145.654174  0.000052
145.674173  -0.000000
145.694172  0.000010
145.714171  -0.000011
145.734171  0.000021
145.754170  -0.000000
145.774169  -0.000011
145.794168  0.000010
145.814167  -0.000021
145.834167  0.000021
145.854166  0.000010
145.874165  -0.000021
145.894164  -0.000000
145.914163  -0.000000
145.934163  -0.000021
145.954162  -0.000011
145.974161  -0.000000
145.994160  -0.000000
146.014159  -0.000011
146.034159  0.000021
146.054158  0.000021
146.074157  -0.000021
146.094156  0.000010
146.114155  0.000010
146.134155  0.000010
146.154154  -0.000011
146.174153  -0.000000
146.194152  -0.000000
146.214151  0.000031
146.234151  0.000031
146.254150  -0.000011
146.274149  0.000021
146.294148  0.000021
146.314147  -0.000000
146.334147  0.000010
146.354146  0.000010
146.374145  0.000031
146.394144  -0.000021
146.414143  0.000031
146.434143  0.000031
146.454142  -0.000000
146.474141  -0.000021
146.494140  -0.000011
146.514139  -0.000011
146.534139  -0.000011
146.554138  0.000010
146.574137  0.000010
146.594136  -0.000011
146.614135  -0.000011
146.634135  -0.000000
146.654134  0.000021
146.674133  -0.000011
146.694132  0.000021
146.714131  -0.000000
146.734131  0.000021
146.754130  -0.000011
146.774129  0.000031
146.794128  -0.000011
146.814127  -0.000000
146.834127  0.000010
146.854126  0.000031
146.874125  0.000010
146.894124  0.000010
146.914123  -0.000011
146.934123  0.000010
146.954122  0.000021
146.974121  0.000021
146.994120  0.000010
147.014119  -0.000000
147.034119  -0.000000
147.054118  0.000021
147.074117  -0.000000
147.094116  -0.000000
147.114115  0.000021
147.134115  -0.000032
147.154114  0.000010
147.174113  -0.000000
147.194112  0.000021
147.214111  -0.000011
147.234111  -0.000011
147.254110  -0.000011
147.274109  0.000021
147.294108  0.000031
147.314107  -0.000000
147.334107  -0.000000
147.354106  0.000021
147.374105  0.000042
147.394104  0.000010
147.414103  -0.000000
147.434103  -0.000000
147.454102  -0.000000
147.474101  -0.000000
147.494100  0.000010
147.514099  -0.000021
147.534099  0.000010
147.554098  -0.000011
147.574097  -0.000021
147.594096  0.000021
147.614095  0.000021
147.634095  -0.000000
147.654094  0.000010
147.674093  -0.000000
147.694092  -0.000000
147.714091  0.000010
147.734091  -0.000021
147.754090  -0.000000
147.774089  0.000042
147.794088  0.000021
147.814087  0.000021
147.834087  -0.000000
147.854086  -0.000021
147.874085  -0.000000
147.894084  -0.000021
147.914083  -0.000011
147.934083  0.000010
147.954082  -0.000021
147.974081  0.000021
147.994080  0.000010
148.014079  -0.000011
148.034079  -0.000000
148.054078  -0.000000
148.074077  -0.000011
148.094076  0.000010
148.114075  0.000010
148.134075  -0.000021
148.154074  0.000021
148.174073  -0.000000
148.194072  0.000021
148.214071  -0.000000
148.234071  -0.000021
148.254070  -0.000011
148.274069  -0.000000
148.294068  -0.000000
148.314067  -0.000011
148.334067  0.000010
148.354066  -0.000021
148.374065  -0.000011
148.394064  0.000021
148.414063  -0.000000
148.434063  0.000031
148.454062  -0.000000
148.474061  -0.000000
148.494060  -0.000011
148.514059  0.000010
148.534059  0.000010
148.554058  -0.000000
148.574057  0.000031
148.594056  -0.000000
148.614055  -0.000000
148.634055  0.000042
148.654054  -0.000021
148.674053  -0.000011
148.694052  -0.000000
148.714051  -0.000000
148.734051  0.000021
148.754050  0.000010
148.774049  0.000052
148.794048  -0.000000
148.814047  0.000021
148.834047  0.000010
148.854046  0.000010
148.874045  -0.000000
148.894044  0.000010
148.914043  -0.000011
148.934043  -0.000011
148.954042  -0.000021
148.974041  0.000021
148.994040  -0.000011
149.014039  0.000010
149.034039  0.000021
149.054038  -0.000011
149.074037  -0.000021
149.094036  -0.000000
149.114035  -0.000000
149.134035  -0.000011
149.154034  -0.000021
149.174033  0.000021
149.194032  -0.000000
149.214031  0.000031
149.234031  0.000021
149.254030  0.000021
149.274029  -0.000032
149.294028  -0.000021
149.314027  -0.000000
149.334027  0.000042
149.354026  -0.000000
149.374025  0.000021
149.394024  -0.000011
149.414023  0.000031
149.434023  -0.000011
149.454022  -0.000000
149.474021  0.000021
149.494020  -0.000011
149.514019  -0.000000
149.534019  0.000031
149.554018  -0.000000
149.574017  -0.000011
149.594016  0.000021
149.614015  -0.000000
149.634015  -0.000021
149.654014  -0.000011
149.674013  -0.000011
149.694012  0.000021
149.714011  -0.000021
149.734011  -0.000000
149.754010  0.000031
149.774009  0.000021
149.794008  -0.000021
149.814007  0.000021
149.834007  -0.000000
149.854006  -0.000042
149.874005  -0.000000
149.894004  0.000031
149.914003  -0.000000
149.934003  0.000010
149.954002  0.000010
149.974001  -0.000021
149.994000  -0.000021
150.013999  -0.000011
150.033999  -0.000000
150.053998  0.000042
150.073997  0.000031
150.093996  0.000021
150.113995  0.000010
150.133995  -0.000000
150.153994  -0.000000
150.173993  0.000021
150.193992  -0.000000
150.213991  -0.000011
150.233991  -0.000021
150.253990  -0.000011
150.273989  0.000021
150.293988  0.000010
150.313987  -0.000000
150.333987  0.000021
150.353986  -0.000000
150.373985  0.000010
150.393984  0.000031
150.413983  -0.000011
150.433983  -0.000021
150.453982  0.000021
150.473981  -0.000011
150.493980  -0.000011
150.513979  0.000010
150.533979  0.000010
150.553978  0.000021
150.573977  0.000021
150.593976  -0.000000
150.613975  -0.000021
150.633975  0.000010
150.653974  0.000031
150.673973  0.000031
150.693972  -0.000000
150.713971  -0.000000
150.733971  -0.000000
150.753970  0.000021
150.773969  -0.000011
150.793968  0.000010
150.813967  -0.000011
150.833967  -0.000000
150.853966  -0.000000
150.873965  -0.000011
150.893964  0.000021
150.913963  0.000010
150.933963  -0.000021
150.953962  0.000031
150.973961  0.000010
150.993960  -0.000021
151.013959  -0.000021
151.033959  -0.000011
151.053958  0.000042
151.073957  -0.000011
151.093956  -0.000000
151.113955  0.000010
151.133955  -0.000000
151.153954  0.000031
151.173953  0.000021
151.193952  -0.000021
151.213951  0.000010
151.233951  0.000010
151.253950  0.000010
151.273949  0.000010
151.293948  -0.000011
151.313947  -0.000000
151.333947  0.000010
151.353946  -0.000000
151.373945  0.000010
151.393944  0.000021
151.413943  -0.000011
151.433943  0.000010
151.453942  0.000010
151.473941  -0.000021
151.493940  0.000031
151.513939  0.000021
151.533939  0.000042
151.553938  -0.000000
151.573937  -0.000000
151.593936  0.000010
151.613935  0.000031
151.633935  0.000021
151.653934  -0.000000
151.673933  -0.000000
151.693932  0.000010
151.713931  -0.000011
151.733931  -0.000021
151.753930  -0.000021
151.773929  0.000010
151.793928  -0.000011
151.813927  0.000031
151.833927  -0.000053
151.853926  -0.000021
151.873925  0.000031
151.893924  -0.000011
151.913923  0.000010
151.933923  -0.000021
151.953922  -0.000000
151.973921  -0.000011
151.993920  -0.000000
152.013919  0.000031
152.033919  0.000010
152.053918  -0.000000
152.073917  0.000021
152.093916  -0.000000
152.113915  -0.000000
152.133915  -0.000011
152.153914  0.000021
152.173913  0.000010
152.193912  0.000010
152.213911  -0.000011
152.233911  -0.000011
152.253910  -0.000000
152.273909  -0.000011
152.293908  0.000031
152.313907  -0.000021
152.333907  0.000021
152.353906  -0.000021
152.373905  0.000031
152.393904  0.000010
152.413903  -0.000011
152.433903  -0.000000
152.453902  0.000010
152.473901  0.000031
152.493900  -0.000000
152.513899  0.000010
152.533899  -0.000011
152.553898  -0.000021
152.573897  -0.000000
152.593896  0.000042
152.613895  0.000021
152.633895  -0.000000
152.653894  -0.000000
152.673893  -0.000000
152.693892  0.000021
152.713891  -0.000011
152.733891  -0.000000
152.753890  0.000021
152.773889  -0.000021
152.793888  0.000021
152.813887  -0.000000
152.833887  -0.000000
152.853886  -0.000000
152.873885  0.000021
152.893884  -0.000011
152.913883  -0.000011
152.933883  -0.000000
152.953882  0.000021
152.973881  -0.000000
152.993880  -0.000042
153.013879  -0.000011
153.033879  -0.000000
153.053878  -0.000011
153.073877  0.000021
153.093876  -0.000032
153.113875  0.000010
153.133875  -0.000000
153.153874  -0.000011
153.173873  -0.000000
153.193872  -0.000011
153.213871  0.000010
153.233871  -0.000000
153.253870  0.000021
153.273869  0.000010
153.293868  0.000031
153.313867  0.000010
153.333867  -0.000000
153.353866  -0.000032
153.373865  -0.000021
153.393864  -0.000011
153.413863  0.000010
153.433863  0.000021
153.453862  -0.000000
153.473861  0.000010
153.493860  0.000021
153.513859  0.000010
153.533859  0.000021
153.553858  0.000021
153.573857  0.000031
153.593856  0.000010
153.613855  -0.000021
153.633855  -0.000000
153.653854  -0.000000
153.673853  0.000052
153.693852  0.000010
153.713851  0.000010
153.733851  -0.000032
153.753850  0.000021
153.773849  -0.000000
153.793848  -0.000021
153.813847  -0.000011
153.833847  -0.000000
153.853846  0.000010
153.873845  0.000031
153.893844  0.000010
153.913843  0.000021
153.933843  -0.000011
153.953842  -0.000021
153.973841  -0.000000
153.993840  0.000021
154.013839  0.000010
154.033839  0.000021
154.053838  -0.000021
154.073837  -0.000011
154.093836  0.000042
154.113835  0.000021
154.133835  -0.000000
154.153834  0.000010
154.173833  -0.000011
154.193832  -0.000000
154.213831  0.000010
154.233831  -0.000021
154.253830  -0.000000
154.273829  0.000021
154.293828  0.000010
154.313827  -0.000000
154.333827  0.000021
154.353826  -0.000000
154.373825  -0.000011
154.393824  0.000010
154.413823  0.000010
154.433823  -0.000011
154.453822  -0.000011
154.473821  0.000042
154.493820  -0.000000
154.513819  0.000021
154.533819  -0.000000
154.553818  0.000010
154.573817  -0.000011
154.593816  0.000021
154.613815  0.000010
154.633815  0.000021
154.653814  0.000031
154.673813  0.000042
154.693812  0.000010
154.713811  -0.000000
154.733811  0.000010
154.753810  -0.000011
154.773809  -0.000000
154.793808  0.000010
154.813807  0.000031
154.833807  -0.000000
154.853806  0.000021
154.873805  0.000021
154.893804  0.000021
154.913803  0.000031
154.933803  0.000021
154.953802  -0.000000
154.973801  0.000042
154.993800  -0.000011
155.013799  -0.000011
155.033799  -0.000011
155.053798  0.000042
155.073797  -0.000011
155.093796  -0.000011
155.113795  -0.000011
155.133795  -0.000000
155.153794  0.000010
155.173793  -0.000000
155.193792  -0.000011
155.213791  -0.000000
155.233791  0.000031
155.253790  -0.000000
155.273789  -0.000021
155.293788  -0.000011
155.313787  -0.000000
155.333787  0.000010
155.353786  -0.000000
155.373785  0.000010
155.393784  -0.000000
155.413783  -0.000000
155.433783  0.000031
155.453782  -0.000000
155.473781  -0.000000
155.493780  0.000010
155.513779  0.000010
155.533779  0.000021
155.553778  0.000010
155.573777  0.000021
155.593776  0.000021
155.613775  -0.000032
155.633775  0.000021
155.653774  0.000031
155.673773  0.000010
155.693772  -0.000011
155.713771  -0.000000
155.733771  0.000021
155.753770  -0.000000
155.773769  0.000010
155.793768  -0.000011
155.813767  -0.000011
155.833767  -0.000021
155.853766  -0.000032
155.873765  -0.000042
155.893764  -0.000000
155.913763  -0.000021
155.933763  0.000010
155.953762  -0.000000
155.973761  -0.000011
155.993760  -0.000021
156.013759  -0.000011
156.033759  0.000010
156.053758  -0.000000
156.073757  -0.000021
156.093756  0.000021
156.113755  -0.000011
156.133755  0.000010
156.153754  0.000010
156.173753  0.000021
156.193752  -0.000011
156.213751  0.000010
156.233751  -0.000000
156.253750  0.000052
156.273749  -0.000011
156.293748  0.000021
156.313747  -0.000011
156.333747  -0.000000
156.353746  -0.000000
156.373745  0.000010
156.393744  -0.000000
156.413743  -0.000000
156.433743  -0.000000
156.453742  0.000063
156.473741  -0.000032
156.493740  -0.000011
156.513739  0.000021
156.533739  0.000010
156.553738  0.000031
156.573737  -0.000021
156.593736  -0.000000
156.613735  0.000021
156.633735  0.000021
156.653734  0.000010
156.673733  0.000021
156.693732  0.000021
156.713731  0.000010
156.733731  -0.000011
156.753730  -0.000000
156.773729  0.000021
156.793728  0.000010
156.813727  -0.000011
156.833727  -0.000000
156.853726  -0.000011
156.873725  0.000021
156.893724  0.000021
156.913723  -0.000000
156.933723  0.000031
156.953722  -0.000011
156.973721  -0.000021
156.993720  0.000021
157.013719  -0.000000
157.033719  -0.000000
157.053718  0.000021
157.073717  0.000042
157.093716  -0.000000
157.113715  -0.000000
157.133715  -0.000011
157.153714  -0.000021
157.173713  0.000021
157.193712  0.000021
157.213711  -0.000000
157.233711  -0.000011
157.253710  -0.000000
157.273709  -0.000000
157.293708  0.000021
157.313707  0.000010
157.333707  0.000052
157.353706  -0.000000
157.373705  -0.000000
157.393704  -0.000000
157.413703  0.000021
157.433703  0.000010
157.453702  0.000021
157.473701  -0.000011
157.493700  -0.000011
157.513699  0.000021
157.533699  0.000031
157.553698  0.000010
157.573697  0.000021
157.593696  0.000042
157.613695  -0.000000
157.633695  0.000031
157.653694  -0.000000
157.673693  0.000010
157.693692  -0.000011
157.713691  -0.000011
157.733691  -0.000000
157.753690  -0.000000
157.773689  0.000021
157.793688  0.000010
157.813687  -0.000011
157.833687  -0.000000
157.853686  -0.000021
157.873685  -0.000011
157.893684  0.000010
157.913683  -0.000011
157.933683  0.000021
157.953682  -0.000000
157.973681  -0.000000
157.993680  -0.000000
158.013679  0.000010
158.033679  0.000021
158.053678  -0.000021
158.073677  -0.000000
158.093676  0.000031
158.113675  -0.000000
158.133675  0.000010
158.153674  -0.000000
158.173673  -0.000000
158.193672  0.000010
158.213671  -0.000011
158.233671  -0.000011
158.253670  -0.000021
158.273669  -0.000021
158.293668  -0.000021
158.313667  0.000021
158.333667  -0.000021
158.353666  0.000021
158.373665  0.000021
158.393664  -0.000000
158.413663  0.000010
158.433663  -0.000000
158.453662  0.000021
158.473661  -0.000011
158.493660  -0.000021
158.513659  0.000031
158.533659  -0.000000
158.553658  -0.000000
158.573657  -0.000032
158.593656  0.000021
158.613655  -0.000000
158.633655  -0.000000
158.653654  0.000010
158.673653  0.000021
158.693652  0.000010
158.713651  -0.000011
158.733651  0.000021
158.753650  0.000021
158.773649  -0.000000
158.793648  -0.000021
158.813647  0.000042
158.833647  -0.000000
158.853646  -0.000000
158.873645  -0.000011
158.893644  -0.000011
158.913643  -0.000011
158.933643  -0.000011
158.953642  -0.000000
158.973641  0.000010
158.993640  -0.000000
159.013639  -0.000000
159.033639  0.000021
159.053638  0.000021
159.073637  0.000010
159.093636  -0.000000
159.113635  -0.000042
159.133635  -0.000011
159.153634  -0.000011
159.173633  0.000021
159.193632  0.000021
159.213631  -0.000032
159.233631  0.000042
159.253630  0.000010
159.273629  -0.000000
159.293628  0.000010
159.313627  -0.000011
159.333627  0.000021
159.353626  -0.000011
159.373625  0.000010
159.393624  -0.000000
159.413623  -0.000000
159.433623  0.000021
159.453622  0.000010
159.473621  -0.000000
159.493620  -0.000000
159.513619  0.000010
159.533619  0.000021
159.553618  -0.000021
159.573617  0.000010
159.593616  -0.000000
159.613615  0.000021
159.633615  0.000031
159.653614  -0.000011
159.673613  0.000010
159.693612  -0.000053
159.713611  0.000010
159.733611  -0.000000
159.753610  -0.000000
159.773609  0.000021
159.793608  -0.000021
159.813607  -0.000000
159.833607  -0.000011
159.853606  0.000010
159.873605  -0.000021
159.893604  -0.000011
159.913603  0.000021
159.933603  -0.000021
159.953602  -0.000000
159.973601  0.000010
159.993600  -0.000011
160.013599  -0.000053
160.033599  -0.000421
160.053598  -0.000568
160.073597  -0.000557
160.093596  -0.000452
160.113595  -0.001177
160.133595  -0.001408
160.153594  -0.000725
160.173593  -0.001093
160.193592  -0.001734
160.213591  -0.001461
160.233591  -0.001282
160.253590  -0.001566
160.273589  -0.001818
160.293588  -0.001744
160.313587  -0.001671
160.333587  -0.001849
160.353586  -0.002039
160.373585  -0.002007
160.393584  -0.001976
160.413583  -0.002133
160.433583  -0.002228
160.453582  -0.002228
160.473581  -0.002280
160.493580  -0.002354
160.513579  -0.002438
160.533579  -0.002480
160.553578  -0.002543
160.573577  -0.002595
160.593576  -0.002648
160.613575  -0.002721
160.633575  -0.002784
160.653574  -0.002816
160.673573  -0.002869
160.693572  -0.002921
160.713571  -0.002995
160.733571  -0.003037
160.753570  -0.003079
160.773569  -0.003131
160.793568  -0.003194
160.813567  -0.003257
160.833567  -0.003331
160.853566  -0.003341
160.873565  -0.003425
160.893564  -0.003478
160.913563  -0.003562
160.933563  -0.003562
160.953562  -0.003583
160.973561  -0.003678
160.993560  -0.003730
161.013559  -0.003793
161.033559  -0.003835
161.053558  -0.003898
161.073557  -0.003909
161.093556  -0.003961
161.113555  -0.004024
161.133555  -0.004045
161.153554  -0.004119
161.173553  -0.004161
161.193552  -0.004255
161.213551  -0.004224
161.233551  -0.004276
161.253550  -0.004371
161.273549  -0.004371
161.293548  -0.004434
161.313547  -0.004476
161.333547  -0.004507
161.353546  -0.004539
161.373545  -0.004592
161.393544  -0.004686
161.413543  -0.004686
161.433543  -0.004728
161.453542  -0.004739
161.473541  -0.004802
161.493540  -0.004917
161.513539  -0.004917
161.533539  -0.004938
161.553538  -0.004970
161.573537  -0.005022
161.593536  -0.005033
161.613535  -0.005096
161.633535  -0.005127
161.653534  -0.005180
161.673533  -0.005222
161.693532  -0.005232
161.713531  -0.005274
161.733531  -0.005316
161.753530  -0.005358
161.773529  -0.005390
161.793528  -0.005422
161.813527  -0.005443
161.833527  -0.005548
161.853526  -0.005537
161.873525  -0.005600
161.893524  -0.005632
161.913523  -0.005590
161.933523  -0.005674
161.953522  -0.005716
161.973521  -0.005758
161.993520  -0.005789
162.013519  -0.005779
162.033519  -0.005842
162.053518  -0.005873
162.073517  -0.005915
162.093516  -0.005905
162.113515  -0.005947
162.133515  -0.006010
162.153514  -0.006062
162.173513  -0.006115
162.193512  -0.006083
162.213511  -0.006146
162.233511  -0.006178
162.253510  -0.006209
162.273509  -0.006230
162.293508  -0.006273
162.313507  -0.006283
162.333507  -0.006304
162.353506  -0.006336
162.373505  -0.006346
162.393504  -0.006399
162.413503  -0.006441
162.433503  -0.006441
162.453502  -0.006514
162.473501  -0.006535
162.493500  -0.006556
162.513499  -0.006546
162.533499  -0.006598
162.553498  -0.006640
162.573497  -0.006661
162.593496  -0.006661
162.613495  -0.006703
162.633495  -0.006756
162.653494  -0.006777
162.673493  -0.006777
162.693492  -0.006787
162.713491  -0.006808
162.733491  -0.006861
162.753490  -0.006903
162.773489  -0.006892
162.793488  -0.006913
162.813487  -0.006976
162.833487  -0.006997
162.853486  -0.006997
162.873485  -0.007050
162.893484  -0.007081
162.913483  -0.007081
162.933483  -0.007102
162.953482  -0.007124
162.973481  -0.007155
162.993480  -0.007187
163.013479  -0.007197
163.033479  -0.007229
163.053478  -0.007260
163.073477  -0.007281
163.093476  -0.007292
163.113475  -0.007334
163.133475  -0.007313
163.153474  -0.007365
163.173473  -0.007376
163.193472  -0.007407
163.213471  -0.007418
163.233471  -0.007439
163.253470  -0.007460
163.273469  -0.007502
163.293468  -0.007512
163.313467  -0.007533
163.333467  -0.007565
163.353466  -0.007586
163.373465  -0.007596
163.393464  -0.007628
163.413463  -0.007628
163.433463  -0.007649
163.453462  -0.007712
163.473461  -0.007722
163.493460  -0.007701
163.513459  -0.007733
163.533459  -0.007754
163.553458  -0.007796
163.573457  -0.007817
163.593456  -0.007859
163.613455  -0.007848
163.633455  -0.007827
163.653454  -0.007869
163.673453  -0.007890
163.693452  -0.007932
163.713451  -0.007943
163.733451  -0.007943
163.753450  -0.007964
163.773449  -0.007964
163.793448  -0.008006
163.813447  -0.008027
163.833447  -0.008069
163.853446  -0.008048
163.873445  -0.008069
163.893444  -0.008101
163.913443  -0.008122
163.933443  -0.008143
163.953442  -0.008185
163.973441  -0.008185
163.993440  -0.008174
164.013439  -0.008206
164.033439  -0.008237
164.053438  -0.008237
164.073437  -0.008279
164.093436  -0.008290
164.113435  -0.008290
164.133435  -0.008321
164.153434  -0.008311
164.173433  -0.008321
164.193432  -0.008363
164.213431  -0.008395
164.233431  -0.008384
164.253430  -0.008395
164.273429  -0.008447
164.293428  -0.008426
164.313427  -0.008458
164.333427  -0.008489
164.353426  -0.008500
164.373425  -0.008531
164.393424  -0.008542
164.413423  -0.008552
164.433423  -0.008552
164.453422  -0.008584
164.473421  -0.008594
164.493420  -0.008584
164.513419  -0.008615
164.533419  -0.008636
164.553418  -0.008636
164.573417  -0.008678
164.593416  -0.008668
164.613415  -0.008699
164.633415  -0.008699
164.653414  -0.008710
164.673413  -0.008741
164.693412  -0.008762
164.713411  -0.008794
164.733411  -0.008783
164.753410  -0.008804
164.773409  -0.008794
164.793408  -0.008836
164.813407  -0.008868
164.833407  -0.008857
164.853406  -0.008889
164.873405  -0.008920
164.893404  -0.008920
164.913403  -0.008931
164.933403  -0.008952
164.953402  -0.008973
164.973401  -0.008973
164.993400  -0.009015
165.013399  -0.009004
165.033399  -0.009025
165.053398  -0.009046
165.073397  -0.009067
165.093396  -0.009067
165.113395  -0.009109
165.133395  -0.009109
165.153394  -0.009141
165.173393  -0.009120
165.193392  -0.009141
165.213391  -0.009120
165.233391  -0.009130
165.253390  -0.009204
165.273389  -0.009193
165.293388  -0.009235
165.313387  -0.009267
165.333387  -0.009256
165.353386  -0.009235
165.373385  -0.009277
165.393384  -0.009288
165.413383  -0.009351
165.433383  -0.009351
165.453382  -0.009330
165.473381  -0.009288
165.493380  -0.009351
165.513379  -0.009361
165.533379  -0.009393
165.553378  -0.009382
165.573377  -0.009435
165.593376  -0.009435
165.613375  -0.009424
165.633375  -0.009477
165.653374  -0.009445
165.673373  -0.009477
165.693372  -0.009519
165.713371  -0.009519
165.733371  -0.009529
165.753370  -0.009550
165.773369  -0.009540
165.793368  -0.009582
165.813367  -0.009571
165.833367  -0.009592
165.853366  -0.009613
165.873365  -0.009561
165.893364  -0.009645
165.913363  -0.009645
165.933363  -0.009655
165.953362  -0.009697
165.973361  -0.009687
165.993360  -0.009719
166.013359  -0.009697
166.033359  -0.009719
166.053358  -0.009792
166.073357  -0.009761
166.093356  -0.009761
166.113355  -0.009750
166.133355  -0.009792
166.153354  -0.009824
166.173353  -0.009845
166.193352  -0.009834
166.213351  -0.009845
166.233351  -0.009855
166.253350  -0.009855
166.273349  -0.009866
166.293348  -0.009908
166.313347  -0.009897
166.333347  -0.009918
166.353346  -0.009960
166.373345  -0.009960
166.393344  -0.009939
166.413343  -0.009981
166.433343  -0.009992
166.453342  -0.010002
166.473341  -0.010002
166.493340  -0.010034
166.513339  -0.010044
166.533339  -0.010044
166.553338  -0.010086
166.573337  -0.010055
166.593336  -0.010086
166.613335  -0.010086
166.633335  -0.010097
166.653334  -0.010128
166.673333  -0.010139
166.693332  -0.010139
166.713331  -0.010181
166.733331  -0.010191
166.753330  -0.010170
166.773329  -0.010212
166.793328  -0.010223
166.813327  -0.010212
166.833327  -0.010212
166.853326  -0.010265
166.873325  -0.010275
166.893324  -0.010265
166.913323  -0.010286
166.933323  -0.010307
166.953322  -0.010307
166.973321  -0.010317
166.993320  -0.010359
167.013319  -0.010338
167.033319  -0.010349
167.053318  -0.010359
167.073317  -0.010401
167.093316  -0.010380
167.113315  -0.010443
167.133315  -0.010422
167.153314  -0.010433
167.173313  -0.010443
167.193312  -0.010464
167.213311  -0.010475
167.233311  -0.010485
167.253310  -0.010485
167.273309  -0.010485
167.293308  -0.010485
167.313307  -0.010548
167.333307  -0.010538
167.353306  -0.010580
167.373305  -0.010559
167.393304  -0.010591
167.413303  -0.010591
167.433303  -0.010591
167.453302  -0.010643
167.473301  -0.010633
167.493300  -0.010633
167.513299  -0.010654
167.533299  -0.010664
167.553298  -0.010664
167.573297  -0.010675
167.593296  -0.010696
167.613295  -0.010717
167.633295  -0.010738
167.653294  -0.010717
167.673293  -0.010738
167.693292  -0.010738
167.713291  -0.010801
167.733291  -0.010801
167.753290  -0.010769
167.773289  -0.010801
167.793288  -0.010843
167.813287  -0.010853
167.833287  -0.010864
167.853286  -0.010843
167.873285  -0.010874
167.893284  -0.010895
167.913283  -0.010906
167.933283  -0.010927
167.953282  -0.010916
167.973281  -0.010906
167.993280  -0.010916
168.013279  -0.010937
168.033279  -0.010948
168.053278  -0.010979
168.073277  -0.010948
168.093276  -0.011032
168.113275  -0.011021
168.133275  -0.011021
168.153274  -0.011042
168.173273  -0.011053
168.193272  -0.011095
168.213271  -0.011084
168.233271  -0.011084
168.253270  -0.011074
168.273269  -0.011137
168.293268  -0.011137
168.313267  -0.011116
168.333267  -0.011137
168.353266  -0.011179
168.373265  -0.011179
168.393264  -0.011189
168.413263  -0.011200
168.433263  -0.011189
168.453262  -0.011221
168.473261  -0.011231
168.493260  -0.011231
168.513259  -0.011252
168.533259  -0.011231
168.553258  -0.011263
168.573257  -0.011263
168.593256  -0.011294
168.613255  -0.011326
168.633255  -0.011357
168.653254  -0.011305
168.673253  -0.011347
168.693252  -0.011368
168.713251  -0.011389
168.733251  -0.011357
168.753250  -0.011378
168.773249  -0.011399
168.793248  -0.011378
168.813247  -0.011452
168.833247  -0.011442
168.853246  -0.011452
168.873245  -0.011452
168.893244  -0.011452
168.913243  -0.011463
168.933243  -0.011494
168.953242  -0.011547
168.973241  -0.011484
168.993240  -0.011526
169.013239  -0.011515
169.033239  -0.011568
169.053238  -0.011515
169.073237  -0.011568
169.093236  -0.011578
169.113235  -0.011620
169.133235  -0.011610
169.153234  -0.011620
169.173233  -0.011610
169.193232  -0.011673
169.213231  -0.011662
169.233231  -0.011652
169.253230  -0.011652
169.273229  -0.011683
169.293228  -0.011694
169.313227  -0.011715
169.333227  -0.011704
169.353226  -0.011746
169.373225  -0.011725
169.393224  -0.011736
169.413223  -0.011746
169.433223  -0.011736
169.453222  -0.011799
169.473221  -0.011788
169.493220  -0.011778
169.513219  -0.011841
169.533219  -0.011830
169.553218  -0.011830
169.573217  -0.011862
169.593216  -0.011893
169.613215  -0.011883
169.633215  -0.011893
169.653214  -0.011914
169.673213  -0.011946
169.693212  -0.011935
169.713211  -0.011935
169.733211  -0.011935
169.753210  -0.011946
169.773209  -0.011925
169.793208  -0.011967
169.813207  -0.011977
169.833207  -0.011967
169.853206  -0.011998
169.873205  -0.012030
169.893204  -0.012009
169.913203  -0.012051
169.933203  -0.012019
169.953202  -0.012061
169.973201  -0.012093
169.993200  -0.012082
170.013199  -0.012114
170.033199  -0.012114
170.053198  -0.012135
170.073197  -0.012145
170.093196  -0.012135
170.113195  -0.012187
170.133195  -0.012177
170.153194  -0.012187
170.173193  -0.012219
170.193192  -0.012240
170.213191  -0.012219
170.233191  -0.012198
170.253190  -0.012271
170.273189  -0.012250
170.293188  -0.012261
170.313187  -0.012282
170.333187  -0.012282
170.353186  -0.012324
170.373185  -0.012293
170.393184  -0.012303
170.413183  -0.012303
170.433183  -0.012335
170.453182  -0.012366
170.473181  -0.012377
170.493180  -0.012387
170.513179  -0.012387
170.533179  -0.012398
170.553178  -0.012398
170.573177  -0.012398
170.593176  -0.012408
170.613175  -0.012450
170.633175  -0.012461
170.653174  -0.012461
170.673173  -0.012461
170.693172  -0.012492
170.713171  -0.012503
170.733171  -0.012492
170.753170  -0.012545
170.773169  -0.012482
170.793168  -0.012555
170.813167  -0.012534
170.833167  -0.012566
170.853166  -0.012566
170.873165  -0.012576
170.893164  -0.012566
170.913163  -0.012618
170.933163  -0.012608
170.953162  -0.012618
170.973161  -0.012608
170.993160  -0.012618
171.013159  -0.012671
171.033159  -0.012671
171.053158  -0.012671
171.073157  -0.012723
171.093156  -0.012713
171.113155  -0.012702
171.133155  -0.012723
171.153154  -0.012734
171.173153  -0.012744
171.193152  -0.012797
171.213151  -0.012755
171.233151  -0.012786
171.253150  -0.012797
171.273149  -0.012818
171.293148  -0.012828
171.313147  -0.012818
171.333147  -0.012849
171.353146  -0.012860
171.373145  -0.012881
171.393144  -0.012891
171.413143  -0.012902
171.433143  -0.012881
171.453142  -0.012891
171.473141  -0.012944
171.493140  -0.012944
171.513139  -0.012954
171.533139  -0.012965
171.553138  -0.012954
171.573137  -0.012975
171.593136  -0.012975
171.613135  -0.013007
171.633135  -0.013007
171.653134  -0.012996
171.673133  -0.013028
171.693132  -0.013049
171.713131  -0.013070
171.733131  -0.013070
171.753130  -0.013070
171.773129  -0.013101
171.793128  -0.013091
171.813127  -0.013049
171.833127  -0.013091
171.853126  -0.013122
171.873125  -0.013133
171.893124  -0.013154
171.913123  -0.013133
171.933123  -0.013196
171.953122  -0.013143
171.973121  -0.013217
171.993120  -0.013228
172.013119  -0.013217
172.033119  -0.013228
172.053118  -0.013238
172.073117  -0.013238
172.093116  -0.013228
172.113115  -0.013249
172.133115  -0.013270
172.153114  -0.013280
172.173113  -0.013291
172.193112  -0.013312
172.213111  -0.013259
172.233111  -0.013322
172.253110  -0.013364
172.273109  -0.013333
172.293108  -0.013364
172.313107  -0.013385
172.333107  -0.013385
172.353106  -0.013375
172.373105  -0.013406
172.393104  -0.013417
172.413103  -0.013417
172.433103  -0.013438
172.453102  -0.013469
172.473101  -0.013480
172.493100  -0.013480
172.513099  -0.013480
172.533099  -0.013511
172.553098  -0.013553
172.573097  -0.013522
172.593096  -0.013543
172.613095  -0.013553
172.633095  -0.013564
172.653094  -0.013553
172.673093  -0.013595
172.693092  -0.013595
172.713091  -0.013585
172.733091  -0.013616
172.753090  -0.013616
172.773089  -0.013648
172.793088  -0.013648
172.813087  -0.013637
172.833087  -0.013658
172.853086  -0.013700
172.873085  -0.013690
172.893084  -0.013669
172.913083  -0.013711
172.933083  -0.013732
172.953082  -0.013753
172.973081  -0.013732
172.993080  -0.013742
173.013079  -0.013774
173.033079  -0.013816
173.053078  -0.013784
173.073077  -0.013795
173.093076  -0.013826
173.113075  -0.013837
173.133075  -0.013858
173.153074  -0.013837
173.173073  -0.013847
173.193072  -0.013868
173.213071  -0.013900
173.233071  -0.013879
173.253070  -0.013910
173.273069  -0.013889
173.293068  -0.013931
173.313067  -0.013931
173.333067  -0.013921
173.353066  -0.013952
173.373065  -0.013963
173.393064  -0.013963
173.413063  -0.013963
173.433063  -0.013994
173.453062  -0.014005
173.473061  -0.014037
173.493060  -0.014005
173.513059  -0.014037
173.533059  -0.014016
173.553058  -0.014068
173.573057  -0.014037
173.593056  -0.014068
173.613055  -0.014089
173.633055  -0.014110
173.653054  -0.014089
173.673053  -0.014110
173.693052  -0.014142
173.713051  -0.014131
173.733051  -0.014163
173.753050  -0.014121
173.773049  -0.014184
173.793048  -0.014205
173.813047  -0.014173
173.833047  -0.014215
173.853046  -0.014215
173.873045  -0.014247
173.893044  -0.014205
173.913043  -0.014226
173.933043  -0.014247
173.953042  -0.014289
173.973041  -0.014299
173.993040  -0.014289
174.013039  -0.014310
174.033039  -0.014320
174.053038  -0.014299
174.073037  -0.014320
174.093036  -0.014331
174.113035  -0.014352
174.133035  -0.014373
174.153034  -0.014352
174.173033  -0.014383
174.193032  -0.014383
174.213031  -0.014394
174.233031  -0.014425
174.253030  -0.014415
174.273029  -0.014436
174.293028  -0.014457
174.313027  -0.014457
174.333027  -0.014457
174.353026  -0.014478
174.373025  -0.014467
174.393024  -0.014499
174.413023  -0.014509
174.433023  -0.014520
174.453022  -0.014509
174.473021  -0.014541
174.493020  -0.014530
174.513019  -0.014572
174.533019  -0.014583
174.553018  -0.014604
174.573017  -0.014604
174.593016  -0.014583
174.613015  -0.014635
174.633015  -0.014656
174.653014  -0.014635
174.673013  -0.014646
174.693012  -0.014677
174.713011  -0.014667
174.733011  -0.014656
174.753010  -0.014688
174.773009  -0.014698
174.793008  -0.014719
174.813007  -0.014751
174.833007  -0.014782
174.853006  -0.014730
174.873005  -0.014772
174.893004  -0.014793
174.913003  -0.014803
174.933003  -0.014803
174.953002  -0.014835
174.973001  -0.014814
174.993000  -0.014824
175.012999  -0.014856
175.032999  -0.014919
175.052998  -0.014888
175.072997  -0.014877
175.092996  -0.014898
175.112995  -0.014877
175.132995  -0.014919
175.152994  -0.014930
175.172993  -0.014919
175.192992  -0.014930
175.212991  -0.014940
175.232991  -0.014951
175.252990  -0.014972
175.272989  -0.014972
175.292988  -0.014972
175.312987  -0.014972
175.332987  -0.015035
175.352986  -0.015056
175.372985  -0.015056
175.392984  -0.015045
175.412983  -0.015066
175.432983  -0.015087
175.452982  -0.015087
175.472981  -0.015098
175.492980  -0.015119
175.512979  -0.015108
175.532979  -0.015129
175.552978  -0.015150
175.572977  -0.015161
175.592976  -0.015171
175.612975  -0.015171
175.632975  -0.015182
175.652974  -0.015192
175.672973  -0.015255
175.692972  -0.015203
175.712971  -0.015234
175.732971  -0.015245
175.752970  -0.015234
175.772969  -0.015276
175.792968  -0.015276
175.812967  -0.015266
175.832967  -0.015297
175.852966  -0.015276
175.872965  -0.015308
175.892964  -0.015297
175.912963  -0.015329
175.932963  -0.015360
175.952962  -0.015350
175.972961  -0.015371
175.992960  -0.015392
176.012959  -0.015381
176.032959  -0.015381
176.052958  -0.015413
176.072957  -0.015392
176.092956  -0.015434
176.112955  -0.015434
176.132955  -0.015455
176.152954  -0.015444
176.172953  -0.015465
176.192952  -0.015486
176.212951  -0.015486
176.232951  -0.015528
176.252950  -0.015539
176.272949  -0.015539
176.292948  -0.015549
176.312947  -0.015528
176.332947  -0.015570
176.352946  -0.015581
176.372945  -0.015581
176.392944  -0.015591
176.412943  -0.015570
176.432943  -0.015602
176.452942  -0.015633
176.472941  -0.015612
176.492940  -0.015644
176.512939  -0.015644
176.532939  -0.015665
176.552938  -0.015654
176.572937  -0.015717
176.592936  -0.015696
176.612935  -0.015696
176.632935  -0.015739
176.652934  -0.015739
176.672933  -0.015749
176.692932  -0.015781
176.712931  -0.015802
176.732931  -0.015781
176.752930  -0.015760
176.772929  -0.015823
176.792928  -0.015823
176.812927  -0.015833
176.832927  -0.015833
176.852926  -0.015791
176.872925  -0.015854
176.892924  -0.015875
176.912923  -0.015875
176.932923  -0.015896
176.952922  -0.015896
176.972921  -0.015917
176.992920  -0.015886
177.012919  -0.015907
177.032919  -0.015896
177.052918  -0.015949
177.072917  -0.015949
177.092916  -0.015980
177.112915  -0.015970
177.132915  -0.015980
177.152914  -0.015991
177.172913  -0.016033
177.192912  -0.015991
177.212911  -0.016033
177.232911  -0.016043
177.252910  -0.016075
177.272909  -0.016043
177.292908  -0.016075
177.312907  -0.016117
177.332907  -0.016075
177.352906  -0.016096
177.372905  -0.016127
177.392904  -0.016138
177.412903  -0.016127
177.432903  -0.016148
177.452902  -0.016169
177.472901  -0.016169
177.492900  -0.016148
177.512899  -0.016180
177.532899  -0.016201
177.552898  -0.016190
177.572897  -0.016201
177.592896  -0.016201
177.612895  -0.016243
177.632895  -0.016232
177.652894  -0.016243
177.672893  -0.016243
177.692892  -0.016306
177.712891  -0.016274
177.732891  -0.016316
177.752890  -0.016306
177.772889  -0.016316
177.792888  -0.016337
177.812887  -0.016316
177.832887  -0.016316
177.852886  -0.016348
177.872885  -0.016358
177.892884  -0.016390
177.912883  -0.016369
177.932883  -0.016390
177.952882  -0.016411
177.972881  -0.016432
177.992880  -0.016463
178.012879  -0.016463
178.032879  -0.016474
178.052878  -0.016463
178.072877  -0.016484
178.092876  -0.016474
178.112875  -0.016495
178.132875  -0.016526
178.152874  -0.016526
178.172873  -0.016516
178.192872  -0.016547
178.212871  -0.016526
178.232871  -0.016568
178.252870  -0.016558
178.272869  -0.016558
178.292868  -0.016558
178.312867  -0.016621
178.332867  -0.016611
178.352866  -0.016611
178.372865  -0.016642
178.392864  -0.016674
178.412863  -0.016663
178.432863  -0.016653
178.452862  -0.016642
178.472861  -0.016695
178.492860  -0.016695
178.512859  -0.016695
178.532859  -0.016695
178.552858  -0.016716
178.572857  -0.016758
178.592856  -0.016758
178.612855  -0.016779
178.632855  -0.016768
178.652854  -0.016758
178.672853  -0.016800
178.692852  -0.016810
178.712851  -0.016810
178.732851  -0.016821
178.752850  -0.016831
178.772849  -0.016852
178.792848  -0.016873
178.812847  -0.016873
178.832847  -0.016873
178.852846  -0.016905
178.872845  -0.016905
178.892844  -0.016926
178.912843  -0.016905
178.932843  -0.016915
178.952842  -0.016926
178.972841  -0.016968
178.992840  -0.016957
179.012839  -0.016947
179.032839  -0.016999
179.052838  -0.016999
179.072837  -0.016968
179.092836  -0.017020
179.112835  -0.017041
179.132835  -0.017031
179.152834  -0.017041
179.172833  -0.017052
179.192832  -0.017073
179.212831  -0.017094
179.232831  -0.017125
179.252830  -0.017146
179.272829  -0.017104
179.292828  -0.017157
179.312827  -0.017146
179.332827  -0.017146
179.352826  -0.017167
179.372825  -0.017167
179.392824  -0.017167
179.412823  -0.017199
179.432823  -0.017178
179.452822  -0.017209
179.472821  -0.017178
179.492820  -0.017230
179.512819  -0.017220
179.532819  -0.017230
179.552818  -0.017251
179.572817  -0.017272
179.592816  -0.017272
179.612815  -0.017262
179.632815  -0.017325
179.652814  -0.017293
179.672813  -0.017304
179.692812  -0.017346
179.712811  -0.017335
179.732811  -0.017346
179.752810  -0.017356
179.772809  -0.017356
179.792808  -0.017409
179.812807  -0.017398
179.832807  -0.017388
179.852806  -0.017409
179.872805  -0.017472
179.892804  -0.017440
179.912803  -0.017440
179.932803  -0.017440
179.952802  -0.017462
179.972801  -0.017493
179.992800  -0.017483
180.012799  -0.017462
180.032799  -0.017504
180.052798  -0.017514
180.072797  -0.017535
180.092796  -0.017493
180.112795  -0.017546
180.132795  -0.017546
180.152794  -0.017546
180.172793  -0.017567
180.192792  -0.017567
180.212791  -0.017619
180.232791  -0.017598
180.252790  -0.017651
180.272789  -0.017609
180.292788  -0.017630
180.312787  -0.017651
180.332787  -0.017682
180.352786  -0.017672
180.372785  -0.017703
180.392784  -0.017672
180.412783  -0.017714
180.432783  -0.017714
180.452782  -0.017756
180.472781  -0.017777
180.492780  -0.017756
180.512779  -0.017766
180.532779  -0.017798
180.552778  -0.017819
180.572777  -0.017766
180.592776  -0.017777
180.612775  -0.017724
180.632775  -0.017829
180.652774  -0.017850
180.672773  -0.017871
180.692772  -0.017871
180.712771  -0.017850
180.732771  -0.017871
180.752770  -0.017871
180.772769  -0.017892
180.792768  -0.017903
180.812767  -0.017903
180.832767  -0.017924
180.852766  -0.017924
180.872765  -0.017955
180.892764  -0.017945
180.912763  -0.017976
180.932763  -0.017976
180.952762  -0.017976
180.972761  -0.017997
180.992760  -0.017997
181.012759  -0.018029
181.032759  -0.018050
181.052758  -0.018029
181.072757  -0.018050
181.092756  -0.018071
181.112755  -0.018092
181.132755  -0.018092
181.152754  -0.018102
181.172753  -0.018113
181.192752  -0.018134
181.212751  -0.018155
181.232751  -0.018134
181.252750  -0.018134
181.272749  -0.018155
181.292748  -0.018197
181.312747  -0.018176
181.332747  -0.018176
181.352746  -0.018186
181.372745  -0.018165
181.392744  -0.018197
181.412743  -0.018228
181.432743  -0.018228
181.452742  -0.018249
181.472741  -0.018260
181.492740  -0.018249
181.512739  -0.018281
181.532739  -0.018291
181.552738  -0.018291
181.572737  -0.018302
181.592736  -0.018334
181.612735  -0.018302
181.632735  -0.018334
181.652734  -0.018344
181.672733  -0.018376
181.692732  -0.018397
181.712731  -0.018365
181.732731  -0.018386
181.752730  -0.018397
181.772729  -0.018407
181.792728  -0.018439
181.812727  -0.018428
181.832727  -0.018460
181.852726  -0.018449
181.872725  -0.018460
181.892724  -0.018491
181.912723  -0.018481
181.932723  -0.018491
181.952722  -0.018512
181.972721  -0.018460
181.992720  -0.018544
182.012719  -0.018523
182.032719  -0.018533
182.052718  -0.018544
182.072717  -0.018586
182.092716  -0.018565
182.112715  -0.018575
182.132715  -0.018607
182.152714  -0.018607
182.172713  -0.018617
182.192712  -0.018617
182.212711  -0.018649
182.232711  -0.018670
182.252710  -0.018670
182.272709  -0.018691
182.292708  -0.018670
182.312707  -0.018691
182.332707  -0.018722
182.352706  -0.018712
182.372705  -0.018764
182.392704  -0.018733
182.412703  -0.018754
182.432703  -0.018754
182.452702  -0.018743
182.472701  -0.018785
182.492700  -0.018785
182.512699  -0.018785
182.532699  -0.018775
182.552698  -0.018838
182.572697  -0.018848
182.592696  -0.018859
182.612695  -0.018817
182.632695  -0.018859
182.652694  -0.018901
182.672693  -0.018890
182.692692  -0.018890
182.712691  -0.018901
182.732691  -0.018932
182.752690  -0.018922
182.772689  -0.018890
182.792688  -0.018953
182.812687  -0.018964
182.832687  -0.018953
182.852686  -0.018964
182.872685  -0.018985
182.892684  -0.018964
182.912683  -0.019037
182.932683  -0.019016
182.952682  -0.019037
182.972681  -0.019016
182.992680  -0.019058
183.012679  -0.019079
183.032679  -0.019111
183.052678  -0.019069
183.072677  -0.019058
183.092676  -0.019100
183.112675  -0.019100
183.132675  -0.019100
183.152674  -0.019100
183.172673  -0.019142
183.192672  -0.019132
183.212671  -0.019121
183.232671  -0.019132
183.252670  -0.019195
183.272669  -0.019163
183.292668  -0.019185
183.312667  -0.019227
183.332667  -0.019227
183.352666  -0.019216
183.372665  -0.019227
183.392664  -0.019237
183.412663  -0.019258
183.432663  -0.019300
183.452662  -0.019237
183.472661  -0.019279
183.492660  -0.019332
183.512659  -0.019332
183.532659  -0.019321
183.552658  -0.019311
183.572657  -0.019332
183.592656  -0.019363
183.612655  -0.019353
183.632655  -0.019384
183.652654  -0.019384
183.672653  -0.019374
183.692652  -0.019395
183.712651  -0.019384
183.732651  -0.019437
183.752650  -0.019479
183.772649  -0.019426
183.792648  -0.019447
183.812647  -0.019458
183.832647  -0.019447
183.852646  -0.019458
183.872645  -0.019489
183.892644  -0.019500
183.912643  -0.019531
183.932643  -0.019542
183.952642  -0.019531
183.972641  -0.019552
183.992640  -0.019563
184.012639  -0.019510
184.032639  -0.019563
184.052638  -0.019584
184.072637  -0.019594
184.092636  -0.019615
184.112635  -0.019594
184.132635  -0.019615
184.152634  -0.019657
184.172633  -0.019636
184.192632  -0.019678
184.212631  -0.019678
184.232631  -0.019689
184.252630  -0.019678
184.272629  -0.019710
184.292628  -0.019710
184.312627  -0.019720
184.332627  -0.019731
184.352626  -0.019710
184.372625  -0.019731
184.392624  -0.019804
184.412623  -0.019773
184.432623  -0.019794
184.452622  -0.019731
184.472621  -0.019825
184.492620  -0.019762
184.512619  -0.019815
184.532619  -0.019857
184.552618  -0.019857
184.572617  -0.019825
184.592616  -0.019857
184.612615  -0.019888
184.632615  -0.019899
184.652614  -0.019878
184.672613  -0.019930
184.692612  -0.019920
184.712611  -0.019920
184.732611  -0.019941
184.752610  -0.019941
184.772609  -0.019941
184.792608  -0.019962
184.812607  -0.019962
184.832607  -0.019972
184.852606  -0.020004
184.872605  -0.020035
184.892604  -0.020004
184.912603  -0.020025
184.932603  -0.020057
184.952602  -0.020057
184.972601  -0.020014
184.992600  -0.020067
185.012599  -0.020099
185.032599  -0.020088
185.052598  -0.020099
185.072597  -0.020109
185.092596  -0.020120
185.112595  -0.020141
185.132595  -0.020109
185.152594  -0.020130
185.172593  -0.020141
185.192592  -0.020172
185.212591  -0.020183
185.232591  -0.020193
185.252590  -0.020214
185.272589  -0.020225
185.292588  -0.020193
185.312587  -0.020214
185.332587  -0.020225
185.352586  -0.020235
185.372585  -0.020256
185.392584  -0.020235
185.412583  -0.020298
185.432583  -0.020277
185.452582  -0.020319
185.472581  -0.020298
185.492580  -0.020330
185.512579  -0.020330
185.532579  -0.020351
185.552578  -0.020351
185.572577  -0.020361
185.592576  -0.020372
185.612575  -0.020372
185.632575  -0.020382
185.652574  -0.020403
185.672573  -0.020403
185.692572  -0.020435
185.712571  -0.020435
185.732571  -0.020435
185.752570  -0.020466
185.772569  -0.020456
185.792568  -0.020487
185.812567  -0.020487
185.832567  -0.020477
185.852566  -0.020508
185.872565  -0.020487
185.892564  -0.020519
185.912563  -0.020529
185.932563  -0.020550
185.952562  -0.020582
185.972561  -0.020540
185.992560  -0.020561
186.012559  -0.020582
186.032559  -0.020582
186.052558  -0.020592
186.072557  -0.020634
186.092556  -0.020624
186.112555  -0.020645
186.132555  -0.020634
186.152554  -0.020655
186.172553  -0.020666
186.192552  -0.020645
186.212551  -0.020676
186.232551  -0.020697
186.252550  -0.020687
186.272549  -0.020708
186.292548  -0.020718
186.312547  -0.020708
186.332547  -0.020750
186.352546  -0.020739
186.372545  -0.020781
186.392544  -0.020760
186.412543  -0.020771
186.432543  -0.020781
186.452542  -0.020813
186.472541  -0.020802
186.492540  -0.020802
186.512539  -0.020823
186.532539  -0.020855
186.552538  -0.020834
186.572537  -0.020865
186.592536  -0.020855
186.612535  -0.020908
186.632535  -0.020897
186.652534  -0.020897
186.672533  -0.020929
186.692532  -0.020908
186.712531  -0.020929
186.732531  -0.020950
186.752530  -0.020950
186.772529  -0.020960
186.792528  -0.020992
186.812527  -0.020971
186.832527  -0.020981
186.852526  -0.021013
186.872525  -0.021013
186.892524  -0.021023
186.912523  -0.021023
186.932523  -0.021044
186.952522  -0.021013
186.972521  -0.021034
186.992520  -0.021065
187.012519  -0.021065
187.032519  -0.021097
187.052518  -0.021097
187.072517  -0.021118
187.092516  -0.021107
187.112515  -0.021139
187.132515  -0.021118
187.152514  -0.021170
187.172513  -0.021160
187.192512  -0.021160
187.212511  -0.021191
187.232511  -0.021181
187.252510  -0.021233
187.272509  -0.021191
187.292508  -0.021233
187.312507  -0.021244
187.332507  -0.021265
187.352506  -0.021244
187.372505  -0.021233
187.392504  -0.021275
187.412503  -0.021265
187.432503  -0.021296
187.452502  -0.021307
187.472501  -0.021328
187.492500  -0.021317
187.512500  -0.021307
187.532499  -0.021338
187.552498  -0.021349
187.572497  -0.021349
187.592496  -0.021349
187.612496  -0.021359
187.632495  -0.021412
187.652494  -0.021401
187.672493  -0.021401
187.692492  -0.021433
187.712492  -0.021422
187.732491  -0.021464
187.752490  -0.021433
187.772489  -0.021475
187.792488  -0.021454
187.812488  -0.021485
187.832487  -0.021496
187.852486  -0.021475
187.872485  -0.021485
187.892484  -0.021506
187.912484  -0.021569
187.932483  -0.021548
187.952482  -0.021527
187.972481  -0.021569
187.992480  -0.021569
188.012480  -0.021590
188.032479  -0.021580
188.052478  -0.021580
188.072477  -0.021611
188.092476  -0.021601
188.112476  -0.021611
188.132475  -0.021632
188.152474  -0.021643
188.172473  -0.021643
188.192472  -0.021664
188.212472  -0.021674
188.232471  -0.021685
188.252470  -0.021706
188.272469  -0.021695
188.292468  -0.021737
188.312468  -0.021716
188.332467  -0.021706
188.352466  -0.021737
188.372465  -0.021780
188.392464  -0.021780
188.412464  -0.021769
188.432463  -0.021780
188.452462  -0.021811
188.472461  -0.021801
188.492460  -0.021822
188.512460  -0.021843
188.532459  -0.021832
188.552458  -0.021885
188.572457  -0.021853
188.592456  -0.021874
188.612456  -0.021874
188.632455  -0.021885
188.652454  -0.021885
188.672453  -0.021916
188.692452  -0.021916
188.712452  -0.021916
188.732451  -0.021937
188.752450  -0.021958
188.772449  -0.021958
188.792448  -0.021958
188.812448  -0.021979
188.832447  -0.021958
188.852446  -0.022011
188.872445  -0.022021
188.892444  -0.022021
188.912444  -0.022032
188.932443  -0.022032
188.952442  -0.022053
188.972441  -0.022074
188.992440  -0.022095
189.012440  -0.022084
189.032439  -0.022053
189.052438  -0.022126
189.072437  -0.022105
189.092436  -0.022116
189.112436  -0.022105
189.132435  -0.022189
189.152434  -0.022168
189.172433  -0.022147
189.192432  -0.022179
189.212432  -0.022221
189.232431  -0.022200
189.252430  -0.022189
189.272429  -0.022200
189.292428  -0.022221
189.312428  -0.022221
189.332427  -0.022231
189.352426  -0.022189
189.372425  -0.022263
189.392424  -0.022273
189.412424  -0.022263
189.432423  -0.022273
189.452422  -0.022284
189.472421  -0.022305
189.492420  -0.022305
189.512420  -0.022357
189.532419  -0.022326
189.552418  -0.022389
189.572417  -0.022368
189.592416  -0.022357
189.612416  -0.022368
189.632415  -0.022389
189.652414  -0.022399
189.672413  -0.022420
189.692412  -0.022420
189.712412  -0.022441
189.732411  -0.022420
189.752410  -0.022452
189.772409  -0.022441
189.792408  -0.022515
189.812408  -0.022462
189.832407  -0.022483
189.852406  -0.022483
189.872405  -0.022483
189.892404  -0.022525
189.912404  -0.022536
189.932403  -0.022536
189.952402  -0.022515
189.972401  -0.022546
189.992400  -0.022578
190.012400  -0.022557
190.032399  -0.022588
190.052398  -0.022588
190.072397  -0.022599
190.092396  -0.022609
190.112396  -0.022652
190.132395  -0.022620
190.152394  -0.022641
190.172393  -0.022694
190.192392  -0.022694
190.212392  -0.022662
190.232391  -0.022673
190.252390  -0.022683
190.272389  -0.022704
190.292388  -0.022736
190.312388  -0.022694
190.332387  -0.022725
190.352386  -0.022778
190.372385  -0.022788
190.392384  -0.022778
190.412384  -0.022757
190.432383  -0.022788
190.452382  -0.022788
190.472381  -0.022820
190.492380  -0.022830
190.512380  -0.022820
190.532379  -0.022820
190.552378  -0.022799
190.572377  -0.022841
190.592376  -0.022862
190.612376  -0.022883
190.632375  -0.022883
190.652374  -0.022841
190.672373  -0.022914
190.692372  -0.022893
190.712372  -0.022914
190.732371  -0.022946
190.752370  -0.022946
190.772369  -0.022956
190.792368  -0.022956
190.812368  -0.022988
190.832367  -0.022977
190.852366  -0.022998
190.872365  -0.023040
190.892364  -0.022988
190.912364  -0.022977
190.932363  -0.023051
190.952362  -0.023051
190.972361  -0.023040
190.992360  -0.023072
191.012360  -0.023093
191.032359  -0.023061
191.052358  -0.023093
191.072357  -0.023093
191.092356  -0.023103
191.112356  -0.023082
191.132355  -0.023124
191.152354  -0.023135
191.172353  -0.023145
191.192352  -0.023103
191.212352  -0.023156
191.232351  -0.023124
191.252350  -0.023219
191.272349  -0.023198
191.292348  -0.023166
191.312348  -0.023219
191.332347  -0.023240
191.352346  -0.023240
191.372345  -0.023229
191.392344  -0.023240
191.412344  -0.023271
191.432343  -0.023282
191.452342  -0.023303
191.472341  -0.023282
191.492340  -0.023261
191.512340  -0.023334
191.532339  -0.023313
191.552338  -0.023324
191.572337  -0.023334
191.592336  -0.023355
191.612336  -0.023397
191.632335  -0.023355
191.652334  -0.023376
191.672333  -0.023366
191.692332  -0.023366
191.712332  -0.023397
191.732331  -0.023408
191.752330  -0.023429
191.772329  -0.023397
191.792328  -0.023481
191.812328  -0.023460
191.832327  -0.023471
191.852326  -0.023471
191.872325  -0.023460
191.892324  -0.023503
191.912324  -0.023524
191.932323  -0.023513
191.952322  -0.023481
191.972321  -0.023513
191.992320  -0.023576
192.012320  -0.023555
192.032319  -0.023555
192.052318  -0.023566
192.072317  -0.023545
192.092316  -0.023597
192.112316  -0.023629
192.132315  -0.023618
192.152314  -0.023618
192.172313  -0.023639
192.192312  -0.023629
192.212312  -0.023650
192.232311  -0.023639
192.252310  -0.023702
192.272309  -0.023671
192.292308  -0.023671
192.312308  -0.023692
192.332307  -0.023692
192.352306  -0.023702
192.372305  -0.023723
192.392304  -0.023734
192.412304  -0.023744
192.432303  -0.023755
192.452302  -0.023755
192.472301  -0.023765
192.492300  -0.023776
192.512300  -0.023797
192.532299  -0.023765
192.552298  -0.023807
192.572297  -0.023828
192.592296  -0.023839
192.612296  -0.023849
192.632295  -0.023839
192.652294  -0.023860
192.672293  -0.023870
192.692292  -0.023881
192.712292  -0.023891
192.732291  -0.023902
192.752290  -0.023923
192.772289  -0.023954
192.792288  -0.023944
192.812288  -0.023912
192.832287  -0.023965
192.852286  -0.023965
192.872285  -0.023965
192.892284  -0.023996
192.912284  -0.023986
192.932283  -0.024017
192.952282  -0.024007
192.972281  -0.024007
192.992280  -0.024028
193.012280  -0.024049
193.032279  -0.024017
193.052278  -0.024059
193.072277  -0.024070
193.092276  -0.024059
193.112276  -0.024080
193.132275  -0.024091
193.152274  -0.024112
193.172273  -0.024122
193.192272  -0.024122
193.212272  -0.024112
193.232271  -0.024143
193.252270  -0.024154
193.272269  -0.024175
193.292268  -0.024154
193.312268  -0.024185
193.332267  -0.024206
193.352266  -0.024175
193.372265  -0.024206
193.392264  -0.024227
193.412264  -0.024259
193.432263  -0.024217
193.452262  -0.024259
193.472261  -0.024259
193.492260  -0.024238
193.512260  -0.024248
193.532259  -0.024301
193.552258  -0.024301
193.572257  -0.024311
193.592256  -0.024311
193.612256  -0.024290
193.632255  -0.024353
193.652254  -0.024332
193.672253  -0.024311
193.692252  -0.024343
193.712252  -0.024385
193.732251  -0.024396
193.752250  -0.024427
193.772249  -0.024385
193.792248  -0.024417
193.812248  -0.024427
193.832247  -0.024438
193.852246  -0.024438
193.872245  -0.024406
193.892244  -0.024480
193.912244  -0.024501
193.932243  -0.024490
193.952242  -0.024469
193.972241  -0.024511
193.992240  -0.024522
194.012240  -0.024543
194.032239  -0.024511
194.052238  -0.024564
194.072237  -0.024511
194.092236  -0.024553
194.112236  -0.024585
194.132235  -0.024564
194.152234  -0.024627
194.172233  -0.024574
194.192232  -0.024595
194.212232  -0.024595
194.232231  -0.024627
194.252230  -0.024595
194.272229  -0.024637
194.292228  -0.024648
194.312228  -0.024711
194.332227  -0.024648
194.352226  -0.024679
194.372225  -0.024690
194.392224  -0.024669
194.412224  -0.024690
194.432223  -0.024732
194.452222  -0.024732
194.472221  -0.024753
194.492220  -0.024774
194.512220  -0.024763
194.532219  -0.024784
194.552218  -0.024763
194.572217  -0.024732
194.592216  -0.024816
194.612216  -0.024816
194.632215  -0.024837
194.652214  -0.024816
194.672213  -0.024826
194.692212  -0.024868
194.712212  -0.024868
194.732211  -0.024858
194.752210  -0.024858
194.772209  -0.024879
194.792208  -0.024921
194.812208  -0.024910
194.832207  -0.024900
194.852206  -0.024879
194.872205  -0.024931
194.892204  -0.024921
194.912204  -0.024942
194.932203  -0.024931
194.952202  -0.024973
194.972201  -0.024994
194.992200  -0.024984
195.012200  -0.024994
195.032199  -0.024973
195.052198  -0.024994
195.072197  -0.025047
195.092196  -0.025036
195.112196  -0.025036
195.132195  -0.025057
195.152194  -0.025089
195.172193  -0.025036
195.192192  -0.025078
195.212192  -0.025131
195.232191  -0.025078
195.252190  -0.025110
195.272189  -0.025152
195.292188  -0.025131
195.312188  -0.025099
195.332187  -0.025141
195.352186  -0.025194
195.372185  -0.025162
195.392184  -0.025183
195.412184  -0.025183
195.432183  -0.025215
195.452182  -0.025236
195.472181  -0.025226
195.492180  -0.025194
195.512180  -0.025226
195.532179  -0.025247
195.552178  -0.025247
195.572177  -0.025278
195.592176  -0.025257
195.612176  -0.025278
195.632175  -0.025310
195.652174  -0.025278
195.672173  -0.025331
195.692172  -0.025278
195.712172  -0.025341
195.732171  -0.025320
195.752170  -0.025362
195.772169  -0.025362
195.792168  -0.025394
195.812168  -0.025383
195.832167  -0.025436
195.852166  -0.025415
195.872165  -0.025415
195.892164  -0.025415
195.912164  -0.025436
195.932163  -0.025467
195.952162  -0.025436
195.972161  -0.025457
195.992160  -0.025457
196.012160  -0.025467
196.032159  -0.025499
196.052158  -0.025488
196.072157  -0.025520
196.092156  -0.025499
196.112156  -0.025530
196.132155  -0.025509
196.152154  -0.025541
196.172153  -0.025551
196.192152  -0.025583
196.212152  -0.025551
196.232151  -0.025572
196.252150  -0.025583
196.272149  -0.025593
196.292148  -0.025593
196.312148  -0.025614
196.332147  -0.025635
196.352146  -0.025614
196.372145  -0.025667
196.392144  -0.025677
196.412144  -0.025656
196.432143  -0.025667
196.452142  -0.025677
196.472141  -0.025698
196.492140  -0.025719
196.512140  -0.025740
196.532139  -0.025698
196.552138  -0.025761
196.572137  -0.025730
196.592136  -0.025761
196.612136  -0.025761
196.632135  -0.025772
196.652134  -0.025761
196.672133  -0.025772
196.692132  -0.025814
196.712132  -0.025824
196.732131  -0.025835
196.752130  -0.025803
196.772129  -0.025856
196.792128  -0.025803
196.812128  -0.025845
196.832127  -0.025877
196.852126  -0.025877
196.872125  -0.025866
196.892124  -0.025866
196.912124  -0.025877
196.932123  -0.025929
196.952122  -0.025919
196.972121  -0.025929
196.992120  -0.025950
197.012120  -0.025950
197.032119  -0.025929
197.052118  -0.025982
197.072117  -0.025971
197.092116  -0.026024
197.112116  -0.025982
197.132115  -0.026013
197.152114  -0.026024
197.172113  -0.026045
197.192112  -0.026013
197.212112  -0.026024
197.232111  -0.026055
197.252110  -0.026055
197.272109  -0.026076
197.292108  -0.026087
197.312108  -0.026150
197.332107  -0.026098
197.352106  -0.026108
197.372105  -0.026108
197.392104  -0.026129
197.412104  -0.026140
197.432103  -0.026129
197.452102  -0.026150
197.472101  -0.026182
197.492100  -0.026171
197.512100  -0.026161
197.532099  -0.026171
197.552098  -0.026182
197.572097  -0.026234
197.592096  -0.026213
197.612096  -0.026234
197.632095  -0.026203
197.652094  -0.026287
197.672093  -0.026287
197.692092  -0.026266
197.712092  -0.026308
197.732091  -0.026276
197.752090  -0.026297
197.772089  -0.026308
197.792088  -0.026297
197.812088  -0.026329
197.832087  -0.026329
197.852086  -0.026339
197.872085  -0.026339
197.892084  -0.026360
197.912084  -0.026360
197.932083  -0.026360
197.952082  -0.026360
197.972081  -0.026360
197.992080  -0.026402
198.012080  -0.026402
198.032079  -0.026402
198.052078  -0.026434
198.072077  -0.026486
198.092076  -0.026476
198.112076  -0.026423
198.132075  -0.026476
198.152074  -0.026476
198.172073  -0.026486
198.192072  -0.026507
198.212072  -0.026497
198.232071  -0.026507
198.252070  -0.026560
198.272069  -0.026528
198.292068  -0.026528
198.312068  -0.026560
198.332067  -0.026549
198.352066  -0.026560
198.372065  -0.026570
198.392064  -0.026612
198.412064  -0.026623
198.432063  -0.026591
198.452062  -0.026623
198.472061  -0.026654
198.492060  -0.026654
198.512060  -0.026612
198.532059  -0.026644
198.552058  -0.026633
198.572057  -0.026675
198.592056  -0.026665
198.612056  -0.026675
198.632055  -0.026696
198.652054  -0.026696
198.672053  -0.026696
198.692052  -0.026728
198.712052  -0.026707
198.732051  -0.026728
198.752050  -0.026749
198.772049  -0.026749
198.792048  -0.026791
198.812048  -0.026801
198.832047  -0.026812
198.852046  -0.026791
198.872045  -0.026843
198.892044  -0.026833
198.912044  -0.026833
198.932043  -0.026843
198.952042  -0.026843
198.972041  -0.026885
198.992040  -0.026885
199.012040  -0.026875
199.032039  -0.026885
199.052038  -0.026906
199.072037  -0.026906
199.092036  -0.026896
199.112036  -0.026938
199.132035  -0.026938
199.152034  -0.026938
199.172033  -0.026938
199.192032  -0.026991
199.212032  -0.026970
199.232031  -0.026980
199.252030  -0.026959
199.272029  -0.026959
199.292028  -0.026991
199.312028  -0.027001
199.332027  -0.026991
199.352026  -0.027022
199.372025  -0.027012
199.392024  -0.027054
199.412024  -0.027022
199.432023  -0.027064
199.452022  -0.027064
199.472021  -0.027106
199.492020  -0.027096
199.512020  -0.027106
199.532019  -0.027106
199.552018  -0.027148
199.572017  -0.027127
199.592016  -0.027180
199.612016  -0.027169
199.632015  -0.027159
199.652014  -0.027211
199.672013  -0.027190
199.692012  -0.027180
199.712012  -0.027201
199.732011  -0.027232
199.752010  -0.027211
199.772009  -0.027232
199.792008  -0.027222
199.812008  -0.027253
199.832007  -0.027253
199.852006  -0.027211
199.872005  -0.027274
199.892004  -0.027264
199.912004  -0.027274
199.932003  -0.027295
199.952002  -0.027285
199.972001  -0.027295
199.992000  -0.027369
200.012000  -0.027348
200.031999  -0.027316
200.051998  -0.027348
200.071997  -0.027358
200.091996  -0.027379
200.111996  -0.027379
200.131995  -0.027421
200.151994  -0.027390
200.171993  -0.027421
200.191992  -0.027453
200.211992  -0.027442
200.231991  -0.027453
200.251990  -0.027463
200.271989  -0.027484
200.291988  -0.027495
200.311988  -0.027495
200.331987  -0.027495
200.351986  -0.027495
200.371985  -0.027495
200.391984  -0.027537
200.411984  -0.027516
200.431983  -0.027495
200.451982  -0.027526
200.471981  -0.027579
200.491980  -0.027568
200.511980  -0.027579
200.531979  -0.027547
200.551978  -0.027589
200.571977  -0.027589
200.591976  -0.027621
200.611976  -0.027589
200.631975  -0.027621
200.651974  -0.027652
200.671973  -0.027631
200.691972  -0.027673
200.711972  -0.027673
200.731971  -0.027694
200.751970  -0.027694
200.771969  -0.027694
200.791968  -0.027694
200.811968  -0.027694
200.831967  -0.027705
200.851966  -0.027726
200.871965  -0.027736
200.891964  -0.027757
200.911964  -0.027736
200.931963  -0.027757
200.951962  -0.027768
200.971961  -0.027778
200.991960  -0.027778
201.011960  -0.027799
201.031959  -0.027821
201.051958  -0.027821
201.071957  -0.027821
201.091956  -0.027821
201.111956  -0.027831
201.131955  -0.027873
201.151954  -0.027852
201.171953  -0.027852
201.191952  -0.027873
201.211952  -0.027884
201.231951  -0.027905
201.251950  -0.027947
201.271949  -0.027947
201.291948  -0.027926
201.311948  -0.027926
201.331947  -0.027978
201.351946  -0.027968
201.371945  -0.027968
201.391944  -0.027947
201.411944  -0.027978
201.431943  -0.028020
201.451942  -0.028010
201.471941  -0.027978
201.491940  -0.028041
201.511940  -0.028062
201.531939  -0.028052
201.551938  -0.028031
201.571937  -0.028052
201.591936  -0.028073
201.611936  -0.028020
201.631935  -0.028073
201.651934  -0.028083
201.671933  -0.028125
201.691932  -0.028125
201.711932  -0.028104
201.731931  -0.028125
201.751930  -0.028136
201.771929  -0.028157
201.791928  -0.028115
201.811928  -0.028167
201.831927  -0.028199
201.851926  -0.028146
201.871925  -0.028199
201.891924  -0.028178
201.911924  -0.028209
201.931923  -0.028220
201.951922  -0.028241
201.971921  -0.028220
201.991920  -0.028283
202.011920  -0.028283
202.031919  -0.028283
202.051918  -0.028272
202.071917  -0.028283
202.091916  -0.028283
202.111916  -0.028325
202.131915  -0.028335
202.151914  -0.028325
202.171913  -0.028335
202.191912  -0.028346
202.211912  -0.028367
202.231911  -0.028377
202.251910  -0.028346
202.271909  -0.028356
202.291908  -0.028388
202.311908  -0.028409
202.331907  -0.028377
202.351906  -0.028419
202.371905  -0.028409
202.391904  -0.028419
202.411904  -0.028440
202.431903  -0.028451
202.451902  -0.028461
202.471901  -0.028461
202.491900  -0.028472
202.511900  -0.028482
202.531899  -0.028503
202.551898  -0.028503
202.571897  -0.028535
202.591896  -0.028524
202.611896  -0.028524
202.631895  -0.028556
202.651894  -0.028556
202.671893  -0.028545
202.691892  -0.028545
202.711892  -0.028577
202.731891  -0.028598
202.751890  -0.028598
202.771889  -0.028619
202.791888  -0.028608
202.811888  -0.028619
202.831887  -0.028629
202.851886  -0.028619
202.871885  -0.028671
202.891884  -0.028640
202.911884  -0.028640
202.931883  -0.028671
202.951882  -0.028682
202.971881  -0.028693
202.991880  -0.028693
203.011880  -0.028703
203.031879  -0.028724
203.051878  -0.028724
203.071877  -0.028756
203.091876  -0.028703
203.111876  -0.028787
203.131875  -0.028777
203.151874  -0.028766
203.171873  -0.028756
203.191872  -0.028829
203.211872  -0.028808
203.231871  -0.028798
203.251870  -0.028819
203.271869  -0.028840
203.291868  -0.028840
203.311868  -0.028882
203.331867  -0.028861
203.351866  -0.028871
203.371865  -0.028861
203.391864  -0.028892
203.411864  -0.028882
203.431863  -0.028913
203.451862  -0.028913
203.471861  -0.028945
203.491860  -0.028913
203.511860  -0.028966
203.531859  -0.028924
203.551858  -0.028955
203.571857  -0.028934
203.591856  -0.028955
203.611856  -0.028976
203.631855  -0.029018
203.651854  -0.028997
203.671853  -0.028997
203.691852  -0.029029
203.711852  -0.029060
203.731851  -0.029039
203.751850  -0.029060
203.771849  -0.029113
203.791848  -0.029060
203.811848  -0.029039
203.831847  -0.029060
203.851846  -0.029081
203.871845  -0.029113
203.891844  -0.029123
203.911844  -0.029123
203.931843  -0.029113
203.951842  -0.029134
203.971841  -0.029176
203.991840  -0.029165
204.011840  -0.029176
204.031839  -0.029165
204.051838  -0.029165
204.071837  -0.029197
204.091836  -0.029228
204.111836  -0.029207
204.131835  -0.029207
204.151834  -0.029228
204.171833  -0.029218
204.191832  -0.029218
204.211832  -0.029260
204.231831  -0.029291
204.251830  -0.029281
204.271829  -0.029281
204.291828  -0.029281
204.311828  -0.029270
204.331827  -0.029291
204.351826  -0.029312
204.371825  -0.029312
204.391824  -0.029333
204.411824  -0.029375
204.431823  -0.029354
204.451822  -0.029354
204.471821  -0.029417
204.491820  -0.029375
204.511820  -0.029386
204.531819  -0.029407
204.551818  -0.029396
204.571817  -0.029417
204.591816  -0.029438
204.611816  -0.029438
204.631815  -0.029470
204.651814  -0.029480
204.671813  -0.029459
204.691812  -0.029470
204.711812  -0.029459
204.731811  -0.029501
204.751810  -0.029522
204.771809  -0.029491
204.791808  -0.029512
204.811808  -0.029533
204.831807  -0.029554
204.851806  -0.029575
204.871805  -0.029544
204.891804  -0.029565
204.911804  -0.029565
204.931803  -0.029575
204.951802  -0.029554
204.971801  -0.029596
204.991800  -0.029628
205.011800  -0.029617
205.031799  -0.029617
205.051798  -0.029649
205.071797  -0.029701
205.091796  -0.029670
205.111796  -0.029701
205.131795  -0.029691
205.151794  -0.029701
205.171793  -0.029701
205.191792  -0.029712
205.211792  -0.029722
205.231791  -0.029733
205.251790  -0.029733
205.271789  -0.029754
205.291788  -0.029733
205.311788  -0.029733
205.331787  -0.029785
205.351786  -0.029806
205.371785  -0.029764
205.391784  -0.029817
205.411784  -0.029806
205.431783  -0.029827
205.451782  -0.029785
205.471781  -0.029817
205.491780  -0.029806
205.511780  -0.029827
205.531779  -0.029890
205.551778  -0.029838
205.571777  -0.029880
205.591776  -0.029911
205.611776  -0.029890
205.631775  -0.029901
205.651774  -0.029890
205.671773  -0.029922
205.691772  -0.029943
205.711772  -0.029943
205.731771  -0.029953
205.751770  -0.029953
205.771769  -0.029974
205.791768  -0.029964
205.811768  -0.029974
205.831767  -0.029974
205.851766  -0.030016
205.871765  -0.029995
205.891764  -0.030016
205.911764  -0.030037
205.931763  -0.029995
205.951762  -0.030048
205.971761  -0.030048
205.991760  -0.030058
206.011760  -0.030069
206.031759  -0.030079
206.051758  -0.030069
206.071757  -0.030058
206.091756  -0.030121
206.111756  -0.030100
206.131755  -0.030100
206.151754  -0.030121
206.171753  -0.030132
206.191752  -0.030142
206.211752  -0.030142
206.231751  -0.030153
206.251750  -0.030153
206.271749  -0.030163
206.291748  -0.030195
206.311748  -0.030174
206.331747  -0.030216
206.351746  -0.030216
206.371745  -0.030205
206.391744  -0.030226
206.411744  -0.030258
206.431743  -0.030226
206.451742  -0.030247
206.471741  -0.030268
206.491740  -0.030300
206.511740  -0.030289
206.531739  -0.030289
206.551738  -0.030310
206.571737  -0.030352
206.591736  -0.030331
206.611736  -0.030342
206.631735  -0.030310
206.651734  -0.030342
206.671733  -0.030363
206.691732  -0.030352
206.711732  -0.030373
206.731731  -0.030405
206.751730  -0.030416
206.771729  -0.030405
206.791728  -0.030405
206.811728  -0.030384
206.831727  -0.030416
206.851726  -0.030426
206.871725  -0.030468
206.891724  -0.030458
206.911724  -0.030468
206.931723  -0.030447
206.951722  -0.030500
206.971721  -0.030500
206.991720  -0.030510
207.011720  -0.030500
207.031719  -0.030531
207.051718  -0.030542
207.071717  -0.030563
207.091716  -0.030542
207.111716  -0.030584
207.131715  -0.030573
207.151714  -0.030584
207.171713  -0.030563
207.191712  -0.030584
207.211712  -0.030615
207.231711  -0.030615
207.251710  -0.030615
207.271709  -0.030647
207.291708  -0.030615
207.311708  -0.030636
207.331707  -0.030636
207.351706  -0.030668
207.371705  -0.030626
207.391704  -0.030710
207.411704  -0.030710
207.431703  -0.030689
207.451702  -0.030731
207.471701  -0.030731
207.491700  -0.030710
207.511700  -0.030720
207.531699  -0.030710
207.551698  -0.030731
207.571697  -0.030762
207.591696  -0.030762
207.611696  -0.030794
207.631695  -0.030783
207.651694  -0.030815
207.671693  -0.030794
207.691692  -0.030783
207.711692  -0.030846
207.731691  -0.030815
207.751690  -0.030825
207.771689  -0.030825
207.791688  -0.030846
207.811688  -0.030857
207.831687  -0.030857
207.851686  -0.030825
207.871685  -0.030878
207.891684  -0.030888
207.911684  -0.030909
207.931683  -0.030899
207.951682  -0.030899
207.971681  -0.030930
207.991680  -0.030941
208.011680  -0.030941
208.031679  -0.030909
208.051678  -0.030951
208.071677  -0.030972
208.091676  -0.030983
208.111676  -0.030972
208.131675  -0.030993
208.151674  -0.031035
208.171673  -0.031014
208.191672  -0.031004
208.211672  -0.031035
208.231671  -0.031077
208.251670  -0.031056
208.271669  -0.031035
208.291668  -0.031098
208.311668  -0.031077
208.331667  -0.031088
208.351666  -0.031098
208.371665  -0.031109
208.391664  -0.031151
208.411664  -0.031140
208.431663  -0.031088
208.451662  -0.031119
208.471661  -0.031172
208.491660  -0.031161
208.511660  -0.031140
208.531659  -0.031193
208.551658  -0.031161
208.571657  -0.031193
208.591656  -0.031193
208.611656  -0.031203
208.631655  -0.031235
208.651654  -0.031224
208.671653  -0.031224
208.691652  -0.031214
208.711652  -0.031235
208.731651  -0.031256
208.751650  -0.031288
208.771649  -0.031266
208.791648  -0.031319
208.811648  -0.031298
208.831647  -0.031309
208.851646  -0.031298
208.871645  -0.031340
208.891644  -0.031340
208.911644  -0.031361
208.931643  -0.031351
208.951642  -0.031382
208.971641  -0.031372
208.991640  -0.031403
209.011640  -0.031393
209.031639  -0.031414
209.051638  -0.031372
209.071637  -0.031382
209.091636  -0.031424
209.111636  -0.031414
209.131635  -0.031445
209.151634  -0.031456
209.171633  -0.031466
209.191632  -0.031487
209.211632  -0.031466
209.231631  -0.031445
209.251630  -0.031466
209.271629  -0.031540
209.291628  -0.031477
209.311628  -0.031508
209.331627  -0.031550
209.351626  -0.031550
209.371625  -0.031550
209.391624  -0.031550
209.411624  -0.031540
209.431623  -0.031582
209.451622  -0.031613
209.471621  -0.031592
209.491620  -0.031561
209.511620  -0.031603
209.531619  -0.031624
209.551618  -0.031655
209.571617  -0.031634
209.591616  -0.031655
209.611616  -0.031666
209.631615  -0.031666
209.651614  -0.031655
209.671613  -0.031676
209.691612  -0.031687
209.711612  -0.031697
209.731611  -0.031697
209.751610  -0.031718
209.771609  -0.031697
209.791608  -0.031697
209.811608  -0.031718
209.831607  -0.031729
209.851606  -0.031750
209.871605  -0.031750
209.891604  -0.031760
209.911604  -0.031771
209.931603  -0.031823
209.951602  -0.031792
209.971601  -0.031750
209.991600  -0.031834
210.011600  -0.031844
210.031599  -0.031823
210.051598  -0.031844
210.071597  -0.031834
210.091596  -0.031876
210.111596  -0.031907
210.131595  -0.031886
210.151594  -0.031865
210.171593  -0.031907
210.191592  -0.031918
210.211592  -0.031928
210.231591  -0.031939
210.251590  -0.031918
210.271589  -0.031981
210.291588  -0.031949
210.311588  -0.031928
210.331587  -0.031949
210.351586  -0.031928
210.371585  -0.031949
210.391584  -0.031981
210.411584  -0.031981
210.431583  -0.031991
210.451582  -0.031991
210.471581  -0.032033
210.491580  -0.032023
210.511580  -0.032002
210.531579  -0.032044
210.551578  -0.032033
210.571577  -0.032023
210.591576  -0.032075
210.611576  -0.032075
210.631575  -0.032128
210.651574  -0.032117
210.671573  -0.032096
210.691572  -0.032117
210.711572  -0.032117
210.731571  -0.032128
210.751570  -0.032149
210.771569  -0.032139
210.791568  -0.032160
210.811568  -0.032181
210.831567  -0.032212
210.851566  -0.032149
210.871565  -0.032202
210.891564  -0.032223
210.911564  -0.032233
210.931563  -0.032191
210.951562  -0.032212
210.971561  -0.032275
210.991560  -0.032233
211.011560  -0.032244
211.031559  -0.032265
211.051558  -0.032296
211.071557  -0.032286
211.091556  -0.032286
211.111556  -0.032275
211.131555  -0.032286
211.151554  -0.032317
211.171553  -0.032317
211.191552  -0.032328
211.211552  -0.032307
211.231551  -0.032328
211.251550  -0.032359
211.271549  -0.032349
211.291548  -0.032359
211.311548  -0.032370
211.331547  -0.032422
211.351546  -0.032370
211.371545  -0.032422
211.391544  -0.032412
211.411544  -0.032422
211.431543  -0.032401
211.451542  -0.032454
211.471541  -0.032475
211.491540  -0.032506
211.511540  -0.032475
211.531539  -0.032464
211.551538  -0.032527
211.571537  -0.032485
211.591536  -0.032538
211.611536  -0.032506
211.631535  -0.032538
211.651534  -0.032538
211.671533  -0.032527
211.691532  -0.032527
211.711532  -0.032527
211.731531  -0.032569
211.751530  -0.032580
211.771529  -0.032538
211.791528  -0.032569
211.811528  -0.032601
211.831527  -0.032653
211.851526  -0.032601
211.871525  -0.032632
211.891524  -0.032622
211.911524  -0.032622
211.931523  -0.032664
211.951522  -0.032643
211.971521  -0.032664
211.991520  -0.032706
212.011520  -0.032706
212.031519  -0.032716
212.051518  -0.032727
212.071517  -0.032716
212.091516  -0.032748
212.111516  -0.032790
212.131515  -0.032779
212.151514  -0.032748
212.171513  -0.032737
212.191512  -0.032769
212.211512  -0.032790
212.231511  -0.032779
212.251510  -0.032779
212.271509  -0.032758
212.291508  -0.032811
212.311508  -0.032769
212.331507  -0.032821
212.351506  -0.032832
212.371505  -0.032832
212.391504  -0.032832
212.411504  -0.032884
212.431503  -0.032874
212.451502  -0.032874
212.471501  -0.032884
212.491500  -0.032874
212.511500  -0.032884
212.531499  -0.032905
212.551498  -0.032905
212.571497  -0.032916
212.591496  -0.032926
212.611496  -0.032958
212.631495  -0.032947
212.651494  -0.032958
212.671493  -0.032979
212.691492  -0.033000
212.711492  -0.033000
212.731491  -0.032989
212.751490  -0.032979
212.771489  -0.033021
212.791488  -0.033032
212.811488  -0.033032
212.831487  -0.033032
212.851486  -0.033032
212.871485  -0.033042
212.891484  -0.033084
212.911484  -0.033063
212.931483  -0.033042
212.951482  -0.033084
212.971481  -0.033116
212.991480  -0.033095
213.011480  -0.033137
213.031479  -0.033126
213.051478  -0.033116
213.071477  -0.033147
213.091476  -0.033137
213.111476  -0.033189
213.131475  -0.033147
213.151474  -0.033168
213.171473  -0.033200
213.191472  -0.033179
213.211472  -0.033210
213.231471  -0.033200
213.251470  -0.033210
213.271469  -0.033231
213.291468  -0.033284
213.311468  -0.033200
213.331467  -0.033252
213.351466  -0.033273
213.371465  -0.033294
213.391464  -0.033252
213.411464  -0.033284
213.431463  -0.033294
213.451462  -0.033284
213.471461  -0.033305
213.491460  -0.033336
213.511460  -0.033326
213.531459  -0.033315
213.551458  -0.033357
213.571457  -0.033326
213.591456  -0.033368
213.611456  -0.033347
213.631455  -0.033378
213.651454  -0.033347
213.671453  -0.033357
213.691452  -0.033389
213.711452  -0.033399
213.731451  -0.033399
213.751450  -0.033431
213.771449  -0.033441
213.791448  -0.033420
213.811448  -0.033462
213.831447  -0.033452
213.851446  -0.033473
213.871445  -0.033473
213.891444  -0.033504
213.911444  -0.033504
213.931443  -0.033504
213.951442  -0.033546
213.971441  -0.033494
213.991440  -0.033557
214.011440  -0.033557
214.031439  -0.033536
214.051438  -0.033536
214.071437  -0.033546
214.091436  -0.033578
214.111436  -0.033567
214.131435  -0.033588
214.151434  -0.033578
214.171433  -0.033599
214.191432  -0.033567
214.211432  -0.033609
214.231431  -0.033609
214.251430  -0.033620
214.271429  -0.033641
214.291428  -0.033662
214.311428  -0.033651
214.331427  -0.033662
214.351426  -0.033672
214.371425  -0.033662
214.391424  -0.033683
214.411424  -0.033714
214.431423  -0.033714
214.451422  -0.033714
214.471421  -0.033725
214.491420  -0.033714
214.511420  -0.033725
214.531419  -0.033756
214.551418  -0.033746
214.571417  -0.033809
214.591416  -0.033819
214.611416  -0.033798
214.631415  -0.033830
214.651414  -0.033819
214.671413  -0.033809
214.691412  -0.033788
214.711412  -0.033809
214.731411  -0.033830
214.751410  -0.033840
214.771409  -0.033840
214.791408  -0.033872
214.811408  -0.033883
214.831407  -0.033883
214.851406  -0.033883
214.871405  -0.033851
214.891404  -0.033872
214.911404  -0.033904
214.931403  -0.033914
214.951402  -0.033925
214.971401  -0.033925
214.991400  -0.033925
215.011400  -0.033956
215.031399  -0.033925
215.051398  -0.033935
215.071397  -0.033977
215.091396  -0.033998
215.111396  -0.034009
215.131395  -0.033998
215.151394  -0.034009
215.171393  -0.034040
215.191392  -0.034040
215.211392  -0.034040
215.231391  -0.034051
215.251390  -0.034072
215.271389  -0.034051
215.291388  -0.034072
215.311388  -0.034093
215.331387  -0.034072
215.351386  -0.034061
215.371385  -0.034061
215.391384  -0.034124
215.411384  -0.034103
215.431383  -0.034114
215.451382  -0.034135
215.471381  -0.034135
215.491380  -0.034135
215.511380  -0.034166
215.531379  -0.034187
215.551378  -0.034156
215.571377  -0.034208
215.591376  -0.034177
215.611376  -0.034229
215.631375  -0.034240
215.651374  -0.034229
215.671373  -0.034187
215.691372  -0.034261
215.711372  -0.034250
215.731371  -0.034229
215.751370  -0.034292
215.771369  -0.034271
215.791368  -0.034282
215.811368  -0.034292
215.831367  -0.034303
215.851366  -0.034324
215.871365  -0.034313
215.891364  -0.034366
215.911364  -0.034324
215.931363  -0.034376
215.951362  -0.034387
215.971361  -0.034355
215.991360  -0.034387
216.011360  -0.034376
216.031359  -0.034387
216.051358  -0.034439
216.071357  -0.034408
216.091356  -0.034387
216.111356  -0.034439
216.131355  -0.034408
216.151354  -0.034429
216.171353  -0.034397
216.191352  -0.034450
216.211352  -0.034471
216.231351  -0.034460
216.251350  -0.034450
216.271349  -0.034481
216.291348  -0.034502
216.311348  -0.034492
216.331347  -0.034513
216.351346  -0.034502
216.371345  -0.034523
216.391344  -0.034544
216.411344  -0.034555
216.431343  -0.034513
216.451342  -0.034544
216.471341  -0.034576
216.491340  -0.034586
216.511340  -0.034586
216.531339  -0.034597
216.551338  -0.034628
216.571337  -0.034607
216.591336  -0.034597
216.611336  -0.034639
216.631335  -0.034639
216.651334  -0.034639
216.671333  -0.034649
216.691332  -0.034649
216.711332  -0.034712
216.731331  -0.034660
216.751330  -0.034670
216.771329  -0.034670
216.791328  -0.034691
216.811328  -0.034681
216.831327  -0.034691
216.851326  -0.034744
216.871325  -0.034691
216.891324  -0.034765
216.911324  -0.034734
216.931323  -0.034755
216.951322  -0.034755
216.971321  -0.034776
216.991320  -0.034797
217.011320  -0.034797
217.031319  -0.034797
217.051318  -0.034849
217.071317  -0.034807
217.091316  -0.034870
217.111316  -0.034828
217.131315  -0.034860
217.151314  -0.034839
217.171313  -0.034860
217.191312  -0.034881
217.211312  -0.034860
217.231311  -0.034891
217.251310  -0.034912
217.271309  -0.034881
217.291308  -0.034891
217.311308  -0.034902
217.331307  -0.034912
217.351306  -0.034923
217.371305  -0.034944
217.391304  -0.034923
217.411304  -0.035007
217.431303  -0.034975
217.451302  -0.034965
217.471301  -0.034944
217.491300  -0.034975
217.511300  -0.034986
217.531299  -0.034986
217.551298  -0.034986
217.571297  -0.035007
217.591296  -0.035028
217.611296  -0.035049
217.631295  -0.035038
217.651294  -0.035059
217.671293  -0.035049
217.691292  -0.035101
217.711292  -0.035091
217.731291  -0.035059
217.751290  -0.035112
217.771289  -0.035133
217.791288  -0.035112
217.811288  -0.035112
217.831287  -0.035133
217.851286  -0.035154
217.871285  -0.035154
217.891284  -0.035154
217.911284  -0.035164
217.931283  -0.035185
217.951282  -0.035164
217.971281  -0.035196
217.991280  -0.035164
218.011280  -0.035185
218.031279  -0.035185
218.051278  -0.035196
218.071277  -0.035238
218.091276  -0.035227
218.111276  -0.035227
218.131275  -0.035206
218.151274  -0.035248
218.171273  -0.035301
218.191272  -0.035280
218.211272  -0.035280
218.231271  -0.035269
218.251270  -0.035311
218.271269  -0.035322
218.291268  -0.035311
218.311268  -0.035311
218.331267  -0.035353
218.351266  -0.035364
218.371265  -0.035364
218.391264  -0.035364
218.411264  -0.035374
218.431263  -0.035395
218.451262  -0.035406
218.471261  -0.035395
218.491260  -0.035395
218.511260  -0.035437
218.531259  -0.035395
218.551258  -0.035437
218.571257  -0.035427
218.591256  -0.035437
218.611256  -0.035437
218.631255  -0.035448
218.651254  -0.035490
218.671253  -0.035469
218.691252  -0.035490
218.711252  -0.035490
218.731251  -0.035500
218.751250  -0.035521
218.771249  -0.035511
218.791248  -0.035532
218.811248  -0.035542
218.831247  -0.035563
218.851246  -0.035532
218.871245  -0.035553
218.891244  -0.035584
218.911244  -0.035584
218.931243  -0.035606
218.951242  -0.035616
218.971241  -0.035606
218.991240  -0.035616
219.011240  -0.035606
219.031239  -0.035637
219.051238  -0.035648
219.071237  -0.035648
219.091236  -0.035648
219.111236  -0.035658
219.131235  -0.035679
219.151234  -0.035637
219.171233  -0.035658
219.191232  -0.035690
219.211232  -0.035679
219.231231  -0.035700
219.251230  -0.035742
219.271229  -0.035721
219.291228  -0.035742
219.311228  -0.035732
219.331227  -0.035721
219.351226  -0.035763
219.371225  -0.035753
219.391224  -0.035784
219.411224  -0.035753
219.431223  -0.035742
219.451222  -0.035805
219.471221  -0.035816
219.491220  -0.035795
219.511220  -0.035826
219.531219  -0.035816
219.551218  -0.035847
219.571217  -0.035847
219.591216  -0.035826
219.611216  -0.035858
219.631215  -0.035889
219.651214  -0.035847
219.671213  -0.035879
219.691212  -0.035879
219.711212  -0.035910
219.731211  -0.035931
219.751210  -0.035921
219.771209  -0.035931
219.791208  -0.035921
219.811208  -0.035942
219.831207  -0.035963
219.851206  -0.035963
219.871205  -0.035973
219.891204  -0.035952
219.911204  -0.035963
219.931203  -0.036005
219.951202  -0.035963
219.971201  -0.035994
219.991200  -0.036005
220.011200  -0.036026
220.031199  -0.036036
220.051198  -0.036036
220.071197  -0.036036
220.091196  -0.036057
220.111196  -0.036068
220.131195  -0.036078
220.151194  -0.036068
220.171193  -0.036099
220.191192  -0.036078
220.211192  -0.036110
220.231191  -0.036131
220.251190  -0.036110
220.271189  -0.036120
220.291188  -0.036152
220.311188  -0.036152
220.331187  -0.036183
220.351186  -0.036162
220.371185  -0.036173
220.391184  -0.036173
220.411184  -0.036194
220.431183  -0.036183
220.451182  -0.036204
220.471181  -0.036215
220.491180  -0.036204
220.511180  -0.036204
220.531179  -0.036215
220.551178  -0.036215
220.571177  -0.036257
220.591176  -0.036236
220.611176  -0.036267
220.631175  -0.036236
220.651174  -0.036278
220.671173  -0.036309
220.691172  -0.036341
220.711172  -0.036288
220.731171  -0.036330
220.751170  -0.036320
220.771169  -0.036341
220.791168  -0.036341
220.811168  -0.036393
220.831167  -0.036330
220.851166  -0.036341
220.871165  -0.036404
220.891164  -0.036393
220.911164  -0.036383
220.931163  -0.036393
220.951162  -0.036383
220.971161  -0.036425
220.991160  -0.036414
221.011160  -0.036425
221.031159  -0.036414
221.051158  -0.036446
221.071157  -0.036456
221.091156  -0.036478
221.111156  -0.036456
221.131155  -0.036488
221.151154  -0.036467
221.171153  -0.036467
221.191152  -0.036499
221.211152  -0.036478
221.231151  -0.036509
221.251150  -0.036520
221.271149  -0.036509
221.291148  -0.036541
221.311148  -0.036520
221.331147  -0.036562
221.351146  -0.036551
221.371145  -0.036604
221.391144  -0.036583
221.411144  -0.036562
221.431143  -0.036614
221.451142  -0.036614
221.471141  -0.036635
221.491140  -0.036572
221.511140  -0.036635
221.531139  -0.036614
221.551138  -0.036593
221.571137  -0.036625
221.591136  -0.036677
221.611136  -0.036656
221.631135  -0.036688
221.651134  -0.036677
221.671133  -0.036677
221.691132  -0.036677
221.711132  -0.036698
221.731131  -0.036709
221.751130  -0.036709
221.771129  -0.036740
221.791128  -0.036730
221.811128  -0.036740
221.831127  -0.036751
221.851126  -0.036751
221.871125  -0.036772
221.891124  -0.036772
221.911124  -0.036761
221.931123  -0.036793
221.951122  -0.036772
221.971121  -0.036835
221.991120  -0.036793
222.011120  -0.036845
222.031119  -0.036845
222.051118  -0.036866
222.071117  -0.036835
222.091116  -0.036845
222.111116  -0.036919
222.131115  -0.036866
222.151114  -0.036898
222.171113  -0.036887
222.191112  -0.036919
222.211112  -0.036919
222.231111  -0.036919
222.251110  -0.036908
222.271109  -0.036908
222.291108  -0.036908
222.311108  -0.036950
222.331107  -0.036961
222.351106  -0.036929
222.371105  -0.036961
222.391104  -0.036961
222.411104  -0.036961
222.431103  -0.037003
222.451102  -0.036992
222.471101  -0.036992
222.491100  -0.037013
222.511100  -0.037024
222.531099  -0.037034
222.551098  -0.037045
222.571097  -0.037055
222.591096  -0.037055
222.611096  -0.037076
222.631095  -0.037066
222.651094  -0.037076
222.671093  -0.037108
222.691092  -0.037150
222.711092  -0.037108
222.731091  -0.037097
222.751090  -0.037118
222.771089  -0.037160
222.791088  -0.037150
222.811088  -0.037160
222.831087  -0.037118
222.851086  -0.037160
222.871085  -0.037171
222.891084  -0.037160
222.911084  -0.037181
222.931083  -0.037192
222.951082  -0.037192
222.971081  -0.037150
222.991080  -0.037171
223.011080  -0.037244
223.031079  -0.037276
223.051078  -0.037244
223.071077  -0.037202
223.091076  -0.037265
223.111076  -0.037202
223.131075  -0.037276
223.151074  -0.037255
223.171073  -0.037286
223.191072  -0.037265
223.211072  -0.037307
223.231071  -0.037307
223.251070  -0.037329
223.271069  -0.037371
223.291068  -0.037297
223.311068  -0.037339
223.331067  -0.037350
223.351066  -0.037360
223.371065  -0.037381
223.391064  -0.037392
223.411064  -0.037381
223.431063  -0.037413
223.451062  -0.037402
223.471061  -0.037381
223.491060  -0.037423
223.511060  -0.037413
223.531059  -0.037455
223.551058  -0.037402
223.571057  -0.037423
223.591056  -0.037476
223.611056  -0.037486
223.631055  -0.037434
223.651054  -0.037444
223.671053  -0.037486
223.691052  -0.037476
223.711052  -0.037507
223.731051  -0.037486
223.751050  -0.037539
223.771049  -0.037539
223.791048  -0.037518
223.811048  -0.037528
223.831047  -0.037549
223.851046  -0.037560
223.871045  -0.037549
223.891044  -0.037549
223.911044  -0.037581
223.931043  -0.037581
223.951042  -0.037612
223.971041  -0.037602
223.991040  -0.037591
224.011040  -0.037644
224.031039  -0.037612
224.051038  -0.037623
224.071037  -0.037633
224.091036  -0.037654
224.111036  -0.037644
224.131035  -0.037665
224.151034  -0.037644
224.171033  -0.037654
224.191032  -0.037675
224.211032  -0.037686
224.231031  -0.037675
224.251030  -0.037686
224.271029  -0.037707
224.291028  -0.037686
224.311028  -0.037749
224.331027  -0.037738
224.351026  -0.037707
224.371025  -0.037759
224.391024  -0.037770
224.411024  -0.037791
224.431023  -0.037801
224.451022  -0.037759
224.471021  -0.037801
224.491020  -0.037812
224.511020  -0.037833
224.531019  -0.037780
224.551018  -0.037822
224.571017  -0.037896
224.591016  -0.037833
224.611016  -0.037833
224.631015  -0.037875
224.651014  -0.037885
224.671013  -0.037885
224.691012  -0.037864
224.711012  -0.037917
224.731011  -0.037885
224.751010  -0.037885
224.771009  -0.037885
224.791008  -0.037885
224.811008  -0.037959
224.831007  -0.037927
224.851006  -0.037906
224.871005  -0.037938
224.891004  -0.037969
224.911004  -0.037948
224.931003  -0.037948
224.951002  -0.038001
224.971001  -0.037969
224.991000  -0.038001
225.011000  -0.038001
225.030999  -0.037990
225.050998  -0.038011
225.070997  -0.038053
225.090996  -0.038043
225.110996  -0.038022
225.130995  -0.038043
225.150994  -0.038053
225.170993  -0.038053
225.190992  -0.038032
225.210992  -0.038095
225.230991  -0.038116
225.250990  -0.038095
225.270989  -0.038127
225.290988  -0.038095
225.310988  -0.038106
225.330987  -0.038127
225.350986  -0.038169
225.370985  -0.038116
225.390984  -0.038158
225.410984  -0.038158
225.430983  -0.038169
225.450982  -0.038148
225.470981  -0.038179
225.490980  -0.038179
225.510980  -0.038169
225.530979  -0.038179
225.550978  -0.038232
225.570977  -0.038243
225.590976  -0.038243
225.610976  -0.038243
225.630975  -0.038232
225.650974  -0.038274
225.670973  -0.038243
225.690972  -0.038274
225.710972  -0.038274
225.730971  -0.038285
225.750970  -0.038274
225.770969  -0.038295
225.790968  -0.038337
225.810968  -0.038337
225.830967  -0.038327
225.850966  -0.038337
225.870965  -0.038327
225.890964  -0.038337
225.910964  -0.038327
225.930963  -0.038337
225.950962  -0.038369
225.970961  -0.038390
225.990960  -0.038369
226.010960  -0.038379
226.030959  -0.038390
226.050958  -0.038421
226.070957  -0.038411
226.090956  -0.038390
226.110956  -0.038474
226.130955  -0.038442
226.150954  -0.038411
226.170953  -0.038474
226.190952  -0.038474
226.210952  -0.038474
226.230951  -0.038474
226.250950  -0.038463
226.270949  -0.038526
226.290948  -0.038495
226.310948  -0.038537
226.330947  -0.038474
226.350946  -0.038516
226.370945  -0.038537
226.390944  -0.038547
226.410944  -0.038579
226.430943  -0.038526
226.450942  -0.038547
226.470941  -0.038547
226.490940  -0.038589
226.510940  -0.038558
226.530939  -0.038589
226.550938  -0.038600
226.570937  -0.038600
226.590936  -0.038610
226.610936  -0.038610
226.630935  -0.038621
226.650934  -0.038663
226.670933  -0.038642
226.690932  -0.038652
226.710932  -0.038642
226.730931  -0.038663
226.750930  -0.038642
226.770929  -0.038694
226.790928  -0.038663
226.810928  -0.038673
226.830927  -0.038726
226.850926  -0.038694
226.870925  -0.038715
226.890924  -0.038726
226.910924  -0.038705
226.930923  -0.038799
226.950922  -0.038768
226.970921  -0.038736
226.990920  -0.038757
227.010920  -0.038778
227.030919  -0.038810
227.050918  -0.038799
227.070917  -0.038810
227.090916  -0.038810
227.110916  -0.038820
227.130915  -0.038799
227.150914  -0.038820
227.170913  -0.038852
227.190912  -0.038810
227.210912  -0.038841
227.230911  -0.038852
227.250910  -0.038862
227.270909  -0.038883
227.290908  -0.038841
227.310908  -0.038904
227.330907  -0.038852
227.350906  -0.038883
227.370905  -0.038894
227.390904  -0.038894
227.410904  -0.038936
227.430903  -0.038946
227.450902  -0.038925
227.470901  -0.038946
227.490900  -0.038957
227.510900  -0.038957
227.530899  -0.038967
227.550898  -0.038936
227.570897  -0.038967
227.590896  -0.038999
227.610896  -0.039009
227.630895  -0.039020
227.650894  -0.039030
227.670893  -0.039083
227.690892  -0.039041
227.710892  -0.039051
227.730891  -0.039041
227.750890  -0.039030
227.770889  -0.039073
227.790888  -0.039083
227.810888  -0.039051
227.830887  -0.039073
227.850886  -0.039073
227.870885  -0.039125
227.890884  -0.039104
227.910884  -0.039115
227.930883  -0.039104
227.950882  -0.039125
227.970881  -0.039115
227.990880  -0.039157
228.010880  -0.039136
228.030879  -0.039125
228.050878  -0.039178
228.070877  -0.039178
228.090876  -0.039188
228.110876  -0.039167
228.130875  -0.039199
228.150874  -0.039199
228.170873  -0.039209
228.190872  -0.039262
228.210872  -0.039209
228.230871  -0.039262
228.250870  -0.039262
228.270869  -0.039272
228.290868  -0.039220
228.310868  -0.039272
228.330867  -0.039283
228.350866  -0.039293
228.370865  -0.039283
228.390864  -0.039314
228.410864  -0.039304
228.430863  -0.039314
228.450862  -0.039325
228.470861  -0.039367
228.490860  -0.039335
228.510860  -0.039335
228.530859  -0.039335
228.550858  -0.039325
228.570857  -0.039367
228.590856  -0.039356
228.610856  -0.039356
228.630855  -0.039398
228.650854  -0.039377
228.670853  -0.039398
228.690852  -0.039409
228.710852  -0.039419
228.730851  -0.039430
228.750850  -0.039440
228.770849  -0.039451
228.790848  -0.039440
228.810848  -0.039461
228.830847  -0.039482
228.850846  -0.039472
228.870845  -0.039461
228.890844  -0.039461
228.910844  -0.039514
228.930843  -0.039503
228.950842  -0.039503
228.970841  -0.039535
228.990840  -0.039535
229.010840  -0.039545
229.030839  -0.039545
229.050838  -0.039545
229.070837  -0.039566
229.090836  -0.039535
229.110836  -0.039545
229.130835  -0.039545
229.150834  -0.039619
229.170833  -0.039598
229.190832  -0.039587
229.210832  -0.039598
229.230831  -0.039671
229.250830  -0.039629
229.270829  -0.039629
229.290828  -0.039682
229.310828  -0.039640
229.330827  -0.039661
229.350826  -0.039734
229.370825  -0.039671
229.390824  -0.039650
229.410824  -0.039682
229.430823  -0.039682
229.450822  -0.039692
229.470821  -0.039713
229.490820  -0.039724
229.510820  -0.039724
229.530819  -0.039713
229.550818  -0.039734
229.570817  -0.039766
229.590816  -0.039734
229.610816  -0.039755
229.630815  -0.039755
229.650814  -0.039797
229.670813  -0.039776
229.690812  -0.039797
229.710812  -0.039787
229.730811  -0.039787
229.750810  -0.039839
229.770809  -0.039839
229.790808  -0.039839
229.810808  -0.039808
229.830807  -0.039829
229.850806  -0.039839
229.870805  -0.039860
229.890804  -0.039871
229.910804  -0.039881
229.930803  -0.039881
229.950802  -0.039850
229.970801  -0.039881
229.990800  -0.039924
230.010800  -0.039934
230.030799  -0.039924
230.050798  -0.039945
230.070797  -0.039945
230.090796  -0.039955
230.110796  -0.039945
230.130795  -0.039976
230.150794  -0.039987
230.170793  -0.039987
230.190792  -0.039976
230.210792  -0.039976
230.230791  -0.039997
230.250790  -0.039976
230.270789  -0.040018
230.290788  -0.040008
230.310788  -0.040039
230.330787  -0.040060
230.350786  -0.040071
230.370785  -0.040029
230.390784  -0.040039
230.410784  -0.040092
230.430783  -0.040060
230.450782  -0.040113
230.470781  -0.040071
230.490780  -0.040123
230.510780  -0.040102
230.530779  -0.040134
230.550778  -0.040123
230.570777  -0.040144
230.590776  -0.040134
230.610776  -0.040134
230.630775  -0.040165
230.650774  -0.040134
230.670773  -0.040155
230.690772  -0.040176
230.710772  -0.040197
230.730771  -0.040197
230.750770  -0.040207
230.770769  -0.040186
230.790768  -0.040197
230.810768  -0.040197
230.830767  -0.040239
230.850766  -0.040218
230.870765  -0.040249
230.890764  -0.040270
230.910764  -0.040270
230.930763  -0.040249
230.950762  -0.040239
230.970761  -0.040260
230.990760  -0.040270
231.010760  -0.040270
231.030759  -0.040291
231.050758  -0.040323
231.070757  -0.040333
231.090756  -0.040291
231.110756  -0.040312
231.130755  -0.040333
231.150754  -0.040333
231.170753  -0.040344
231.190752  -0.040344
231.210752  -0.040375
231.230751  -0.040417
231.250750  -0.040386
231.270749  -0.040375
231.290748  -0.040407
231.310748  -0.040428
231.330747  -0.040407
231.350746  -0.040417
231.370745  -0.040459
231.390744  -0.040428
231.410744  -0.040407
231.430743  -0.040438
231.450742  -0.040459
231.470741  -0.040470
231.490740  -0.040438
231.510740  -0.040449
231.530739  -0.040428
231.550738  -0.040491
231.570737  -0.040543
231.590736  -0.040491
231.610736  -0.040459
231.630735  -0.040512
231.650734  -0.040491
231.670733  -0.040522
231.690732  -0.040522
231.710732  -0.040543
231.730731  -0.040543
231.750730  -0.040554
231.770729  -0.040554
231.790728  -0.040575
231.810728  -0.040564
231.830727  -0.040575
231.850726  -0.040596
231.870725  -0.040596
231.890724  -0.040585
231.910724  -0.040617
231.930723  -0.040627
231.950722  -0.040638
231.970721  -0.040648
231.990720  -0.040596
232.010720  -0.040627
232.030719  -0.040669
232.050718  -0.040659
232.070717  -0.040659
232.090716  -0.040638
232.110716  -0.040680
232.130715  -0.040701
232.150714  -0.040701
232.170713  -0.040732
232.190712  -0.040701
232.210712  -0.040743
232.230711  -0.040722
232.250710  -0.040722
232.270709  -0.040743
232.290708  -0.040732
232.310708  -0.040743
232.330707  -0.040764
232.350706  -0.040774
232.370705  -0.040753
232.390704  -0.040785
232.410704  -0.040796
232.430703  -0.040806
232.450702  -0.040827
232.470701  -0.040817
232.490700  -0.040827
232.510700  -0.040848
232.530699  -0.040869
232.550698  -0.040848
232.570697  -0.040806
232.590696  -0.040869
232.610696  -0.040880
232.630695  -0.040827
232.650694  -0.040859
232.670693  -0.040890
232.690692  -0.040911
232.710692  -0.040901
232.730691  -0.040922
232.750690  -0.040911
232.770689  -0.040922
232.790688  -0.040922
232.810688  -0.040911
232.830687  -0.040890
232.850686  -0.040943
232.870685  -0.040964
232.890684  -0.040932
232.910684  -0.040974
232.930683  -0.040985
232.950682  -0.040995
232.970681  -0.041037
232.990680  -0.041006
233.010680  -0.041048
233.030679  -0.041037
233.050678  -0.041027
233.070677  -0.041016
233.090676  -0.041048
233.110676  -0.041079
233.130675  -0.041069
233.150674  -0.041069
233.170673  -0.041090
233.190672  -0.041100
233.210672  -0.041079
233.230671  -0.041079
233.250670  -0.041132
233.270669  -0.041111
233.290668  -0.041121
233.310668  -0.041111
233.330667  -0.041142
233.350666  -0.041121
233.370665  -0.041153
233.390664  -0.041121
233.410664  -0.041174
233.430663  -0.041153
233.450662  -0.041153
233.470661  -0.041205
233.490660  -0.041195
233.510660  -0.041195
233.530659  -0.041163
233.550658  -0.041216
233.570657  -0.041226
233.590656  -0.041226
233.610656  -0.041237
233.630655  -0.041237
233.650654  -0.041216
233.670653  -0.041247
233.690652  -0.041289
233.710652  -0.041289
233.730651  -0.041310
233.750650  -0.041300
233.770649  -0.041268
233.790648  -0.041300
233.810648  -0.041310
233.830647  -0.041321
233.850646  -0.041352
233.870645  -0.041321
233.890644  -0.041342
233.910644  -0.041352
233.930643  -0.041352
233.950642  -0.041384
233.970641  -0.041352
233.990640  -0.041373
234.010640  -0.041384
234.030639  -0.041373
234.050638  -0.041384
234.070637  -0.041394
234.090636  -0.041415
234.110636  -0.041436
234.130635  -0.041447
234.150634  -0.041447
234.170633  -0.041447
234.190632  -0.041468
234.210632  -0.041457
234.230631  -0.041468
234.250630  -0.041499
234.270629  -0.041499
234.290628  -0.041478
234.310628  -0.041468
234.330627  -0.041489
234.350626  -0.041499
234.370625  -0.041499
234.390624  -0.041510
234.410624  -0.041552
234.430623  -0.041520
234.450622  -0.041562
234.470621  -0.041541
234.490620  -0.041562
234.510620  -0.041562
234.530619  -0.041573
234.550618  -0.041583
234.570617  -0.041604
234.590616  -0.041594
234.610616  -0.041604
234.630615  -0.041604
234.650614  -0.041615
234.670613  -0.041604
234.690612  -0.041625
234.710612  -0.041636
234.730611  -0.041636
234.750610  -0.041657
234.770609  -0.041657
234.790608  -0.041636
234.810608  -0.041678
234.830607  -0.041668
234.850606  -0.041678
234.870605  -0.041689
234.890604  -0.041689
234.910604  -0.041731
234.930603  -0.041699
234.950602  -0.041731
234.970601  -0.041731
234.990600  -0.041762
235.010600  -0.041752
235.030599  -0.041752
235.050598  -0.041752
235.070597  -0.041773
235.090596  -0.041773
235.110596  -0.041794
235.130595  -0.041804
235.150594  -0.041804
235.170593  -0.041783
235.190592  -0.041804
235.210592  -0.041804
235.230591  -0.041836
235.250590  -0.041846
235.270589  -0.041825
235.290588  -0.041825
235.310588  -0.041857
235.330587  -0.041867
235.350586  -0.041867
235.370585  -0.041878
235.390584  -0.041857
235.410584  -0.041888
235.430583  -0.041867
235.450582  -0.041920
235.470581  -0.041878
235.490580  -0.041899
235.510580  -0.041920
235.530579  -0.041920
235.550578  -0.041962
235.570577  -0.041972
235.590576  -0.041951
235.610576  -0.041951
235.630575  -0.041972
235.650574  -0.041972
235.670573  -0.041993
235.690572  -0.041983
235.710572  -0.042025
235.730571  -0.041993
235.750570  -0.041972
235.770569  -0.042014
235.790568  -0.042046
235.810568  -0.042035
235.830567  -0.042035
235.850566  -0.042025
235.870565  -0.042046
235.890564  -0.042056
235.910564  -0.042035
235.930563  -0.042025
235.950562  -0.042035
235.970561  -0.042088
235.990560  -0.042077
236.010560  -0.042088
236.030559  -0.042098
236.050558  -0.042109
236.070557  -0.042098
236.090556  -0.042140
236.110556  -0.042140
236.130555  -0.042151
236.150554  -0.042161
236.170553  -0.042151
236.190552  -0.042161
236.210552  -0.042151
236.230551  -0.042182
236.250550  -0.042182
236.270549  -0.042203
236.290548  -0.042203
236.310548  -0.042203
236.330547  -0.042203
236.350546  -0.042245
236.370545  -0.042235
236.390544  -0.042235
236.410544  -0.042245
236.430543  -0.042245
236.450542  -0.042224
236.470541  -0.042245
236.490540  -0.042256
236.510540  -0.042277
236.530539  -0.042266
236.550538  -0.042329
236.570537  -0.042266
236.590536  -0.042298
236.610536  -0.042298
236.630535  -0.042266
236.650534  -0.042308
236.670533  -0.042298
236.690532  -0.042361
236.710532  -0.042340
236.730531  -0.042329
236.750530  -0.042329
236.770529  -0.042308
236.790528  -0.042413
236.810528  -0.042382
236.830527  -0.042361
236.850526  -0.042424
236.870525  -0.042424
236.890524  -0.042403
236.910524  -0.042413
236.930523  -0.042445
236.950522  -0.042455
236.970521  -0.042434
236.990520  -0.042445
237.010520  -0.042455
237.030519  -0.042466
237.050518  -0.042476
237.070517  -0.042455
237.090516  -0.042466
237.110516  -0.042476
237.130515  -0.042476
237.150514  -0.042487
237.170513  -0.042455
237.190512  -0.042519
237.210512  -0.042497
237.230511  -0.042519
237.250510  -0.042497
237.270509  -0.042550
237.290508  -0.042550
237.310508  -0.042561
237.330507  -0.042550
237.350506  -0.042540
237.370505  -0.042582
237.390504  -0.042592
237.410504  -0.042613
237.430503  -0.042592
237.450502  -0.042603
237.470501  -0.042645
237.490500  -0.042624
237.510500  -0.042645
237.530499  -0.042613
237.550498  -0.042634
237.570497  -0.042624
237.590496  -0.042655
237.610496  -0.042645
237.630495  -0.042666
237.650494  -0.042687
237.670493  -0.042676
237.690492  -0.042676
237.710492  -0.042739
237.730491  -0.042708
237.750490  -0.042666
237.770489  -0.042729
237.790488  -0.042708
237.810488  -0.042729
237.830487  -0.042739
237.850486  -0.042739
237.870485  -0.042729
237.890484  -0.042750
237.910484  -0.042792
237.930483  -0.042781
237.950482  -0.042760
237.970481  -0.042792
237.990480  -0.042781
238.010480  -0.042813
238.030479  -0.042834
238.050478  -0.042802
238.070477  -0.042813
238.090476  -0.042844
238.110476  -0.042834
238.130475  -0.042834
238.150474  -0.042855
238.170473  -0.042897
238.190472  -0.042844
238.210472  -0.042876
238.230471  -0.042886
238.250470  -0.042928
238.270469  -0.042876
238.290468  -0.042907
238.310468  -0.042918
238.330467  -0.042897
238.350466  -0.042928
238.370465  -0.042876
238.390464  -0.042907
238.410464  -0.042970
238.430463  -0.043012
238.450462  -0.042939
238.470461  -0.042949
238.490460  -0.042960
238.510460  -0.042981
238.530459  -0.042991
238.550458  -0.042960
238.570457  -0.043033
238.590456  -0.043012
238.610456  -0.043044
238.630455  -0.043033
238.650454  -0.043012
238.670453  -0.043054
238.690452  -0.043033
238.710452  -0.043054
238.730451  -0.043044
238.750450  -0.043086
238.770449  -0.043065
238.790448  -0.043075
238.810448  -0.043075
238.830447  -0.043075
238.850446  -0.043054
238.870445  -0.043096
238.890444  -0.043159
238.910444  -0.043117
238.930443  -0.043096
238.950442  -0.043117
238.970441  -0.043138
238.990440  -0.043138
239.010440  -0.043180
239.030439  -0.043128
239.050438  -0.043128
239.070437  -0.043180
239.090436  -0.043180
239.110436  -0.043117
239.130435  -0.043191
239.150434  -0.043191
239.170433  -0.043222
239.190432  -0.043212
239.210432  -0.043212
239.230431  -0.043254
239.250430  -0.043212
239.270429  -0.043264
239.290428  -0.043254
239.310428  -0.043285
239.330427  -0.043296
239.350426  -0.043275
239.370425  -0.043285
239.390424  -0.043285
239.410424  -0.043285
239.430423  -0.043296
239.450422  -0.043327
239.470421  -0.043317
239.490420  -0.043306
239.510420  -0.043327
239.530419  -0.043338
239.550418  -0.043338
239.570417  -0.043359
239.590416  -0.043391
239.610416  -0.043338
239.630415  -0.043380
239.650414  -0.043380
239.670413  -0.043401
239.690412  -0.043348
239.710412  -0.043401
239.730411  -0.043391
239.750410  -0.043422
239.770409  -0.043433
239.790408  -0.043433
239.810408  -0.043433
239.830407  -0.043433
239.850406  -0.043475
239.870405  -0.043475
239.890404  -0.043475
239.910404  -0.043496
239.930403  -0.043496
239.950402  -0.043517
239.970401  -0.043517
239.990400  -0.043538
240.010400  -0.043506
240.030399  -0.043559
240.050398  -0.043538
240.070397  -0.043548
240.090396  -0.043580
240.110396  -0.043548
240.130395  -0.043548
240.150394  -0.043569
240.170393  -0.043569
240.190392  -0.043580
240.210392  -0.043559
240.230391  -0.043559
240.250390  -0.043611
240.270389  -0.043580
240.290388  -0.043622
240.310388  -0.043601
240.330387  -0.043611
240.350386  -0.043601
240.370385  -0.043653
240.390384  -0.043622
240.410384  -0.043632
240.430383  -0.043664
240.450382  -0.043632
240.470381  -0.043674
240.490380  -0.043653
240.510380  -0.043706
240.530379  -0.043695
240.550378  -0.043674
240.570377  -0.043706
240.590376  -0.043685
240.610376  -0.043737
240.630375  -0.043716
240.650374  -0.043716
240.670373  -0.043706
240.690372  -0.043737
240.710372  -0.043748
240.730371  -0.043748
240.750370  -0.043716
240.770369  -0.043737
240.790368  -0.043727
240.810368  -0.043758
240.830367  -0.043748
240.850366  -0.043758
240.870365  -0.043779
240.890364  -0.043790
240.910364  -0.043790
240.930363  -0.043790
240.950362  -0.043800
240.970361  -0.043821
240.990360  -0.043811
241.010360  -0.043842
241.030359  -0.043842
241.050358  -0.043842
241.070357  -0.043895
241.090356  -0.043905
241.110356  -0.043853
241.130355  -0.043916
241.150354  -0.043905
241.170353  -0.043884
241.190352  -0.043884
241.210352  -0.043916
241.230351  -0.043905
241.250350  -0.043968
241.270349  -0.043937
241.290348  -0.043905
241.310348  -0.043937
241.330347  -0.043947
241.350346  -0.043937
241.370345  -0.043947
241.390344  -0.043958
241.410344  -0.043958
241.430343  -0.043958
241.450342  -0.043968
241.470341  -0.043958
241.490340  -0.043979
241.510340  -0.044010
241.530339  -0.044021
241.550338  -0.044021
241.570337  -0.044021
241.590336  -0.044031
241.610336  -0.044010
241.630335  -0.044042
241.650334  -0.044052
241.670333  -0.044042
241.690332  -0.044042
241.710332  -0.044073
241.730331  -0.044073
241.750330  -0.044063
241.770329  -0.044105
241.790328  -0.044084
241.810328  -0.044094
241.830327  -0.044126
241.850326  -0.044126
241.870325  -0.044136
241.890324  -0.044168
241.910324  -0.044157
241.930323  -0.044136
241.950322  -0.044147
241.970321  -0.044157
241.990320  -0.044168
242.010320  -0.044178
242.030319  -0.044178
242.050318  -0.044189
242.070317  -0.044178
242.090316  -0.044199
242.110316  -0.044199
242.130315  -0.044210
242.150314  -0.044210
242.170313  -0.044231
242.190312  -0.044231
242.210312  -0.044273
242.230311  -0.044263
242.250310  -0.044263
242.270309  -0.044252
242.290308  -0.044273
242.310308  -0.044273
242.330307  -0.044284
242.350306  -0.044315
242.370305  -0.044326
242.390304  -0.044315
242.410304  -0.044315
242.430303  -0.044336
242.450302  -0.044368
242.470301  -0.044336
242.490300  -0.044326
242.510300  -0.044368
242.530299  -0.044389
242.550298  -0.044357
242.570297  -0.044357
242.590296  -0.044378
242.610296  -0.044410
242.630295  -0.044420
242.650294  -0.044378
242.670293  -0.044357
242.690292  -0.044431
242.710292  -0.044462
242.730291  -0.044399
242.750290  -0.044462
242.770289  -0.044441
242.790288  -0.044431
242.810288  -0.044441
242.830287  -0.044462
242.850286  -0.044441
242.870285  -0.044473
242.890284  -0.044494
242.910284  -0.044494
242.930283  -0.044483
242.950282  -0.044504
242.970281  -0.044483
242.990280  -0.044525
243.010280  -0.044504
243.030279  -0.044557
243.050278  -0.044546
243.070277  -0.044567
243.090276  -0.044578
243.110276  -0.044557
243.130275  -0.044557
243.150274  -0.044599
243.170273  -0.044599
243.190272  -0.044588
243.210272  -0.044588
243.230271  -0.044609
243.250270  -0.044578
243.270269  -0.044599
243.290268  -0.044651
243.310268  -0.044630
243.330267  -0.044630
243.350266  -0.044641
243.370265  -0.044620
243.390264  -0.044641
243.410264  -0.044693
243.430263  -0.044662
243.450262  -0.044672
243.470261  -0.044693
243.490260  -0.044683
243.510260  -0.044735
243.530259  -0.044704
243.550258  -0.044725
243.570257  -0.044725
243.590256  -0.044756
243.610256  -0.044725
243.630255  -0.044735
243.650254  -0.044746
243.670253  -0.044767
243.690252  -0.044756
243.710252  -0.044767
243.730251  -0.044767
243.750250  -0.044788
243.770249  -0.044809
243.790248  -0.044798
243.810248  -0.044819
243.830247  -0.044819
243.850246  -0.044840
243.870245  -0.044819
243.890244  -0.044809
243.910244  -0.044861
243.930243  -0.044830
243.950242  -0.044809
243.970241  -0.044851
243.990240  -0.044851
244.010240  -0.044861
244.030239  -0.044819
244.050238  -0.044872
244.070237  -0.044830
244.090236  -0.044882
244.110236  -0.044893
244.130235  -0.044935
244.150234  -0.044903
244.170233  -0.044893
244.190232  -0.044935
244.210232  -0.044914
244.230231  -0.044956
244.250230  -0.044987
244.270229  -0.044945
244.290228  -0.044956
244.310228  -0.044987
244.330227  -0.044956
244.350226  -0.044966
244.370225  -0.044998
244.390224  -0.044977
244.410224  -0.044956
244.430223  -0.044987
244.450222  -0.045008
244.470221  -0.045008
244.490220  -0.044977
244.510220  -0.045008
244.530219  -0.045008
244.550218  -0.045019
244.570217  -0.045040
244.590216  -0.045019
244.610216  -0.045040
244.630215  -0.045050
244.650214  -0.045040
244.670213  -0.045040
244.690212  -0.045082
244.710212  -0.045071
244.730211  -0.045092
244.750210  -0.045061
244.770209  -0.045050
244.790208  -0.045103
244.810208  -0.045135
244.830207  -0.045103
244.850206  -0.045113
244.870205  -0.045145
244.890204  -0.045124
244.910204  -0.045124
244.930203  -0.045145
244.950202  -0.045135
244.970201  -0.045145
244.990200  -0.045166
245.010200  -0.045177
245.030199  -0.045177
245.050198  -0.045166
245.070197  -0.045208
245.090196  -0.045187
245.110196  -0.045156
245.130195  -0.045187
245.150194  -0.045219
245.170193  -0.045229
245.190192  -0.045229
245.210192  -0.045240
245.230191  -0.045240
245.250190  -0.045261
245.270189  -0.045261
245.290188  -0.045261
245.310188  -0.045261
245.330187  -0.045271
245.350186  -0.045282
245.370185  -0.045313
245.390184  -0.045282
245.410184  -0.045313
245.430183  -0.045313
245.450182  -0.045292
245.470181  -0.045345
245.490180  -0.045345
245.510180  -0.045345
245.530179  -0.045334
245.550178  -0.045366
245.570177  -0.045366
245.590176  -0.045345
245.610176  -0.045345
245.630175  -0.045387
245.650174  -0.045408
245.670173  -0.045366
245.690172  -0.045387
245.710172  -0.045397
245.730171  -0.045408
245.750170  -0.045418
245.770169  -0.045418
245.790168  -0.045418
245.810168  -0.045460
245.830167  -0.045397
245.850166  -0.045460
245.870165  -0.045450
245.890164  -0.045471
245.910164  -0.045460
245.930163  -0.045502
245.950162  -0.045502
245.970161  -0.045555
245.990160  -0.045523
246.010160  -0.045492
246.030159  -0.045523
246.050158  -0.045492
246.070157  -0.045534
246.090156  -0.045534
246.110156  -0.045586
246.130155  -0.045565
246.150154  -0.045523
246.170153  -0.045555
246.190152  -0.045597
246.210152  -0.045597
246.230151  -0.045586
246.250150  -0.045586
246.270149  -0.045586
246.290148  -0.045607
246.310148  -0.045576
246.330147  -0.045618
246.350146  -0.045586
246.370145  -0.045639
246.390144  -0.045649
246.410144  -0.045628
246.430143  -0.045649
246.450142  -0.045639
246.470141  -0.045681
246.490140  -0.045618
246.510140  -0.045681
246.530139  -0.045681
246.550138  -0.045691
246.570137  -0.045702
246.590136  -0.045691
246.610136  -0.045712
246.630135  -0.045723
246.650134  -0.045712
246.670133  -0.045723
246.690132  -0.045702
246.710132  -0.045765
246.730131  -0.045733
246.750130  -0.045744
246.770129  -0.045765
246.790128  -0.045754
246.810128  -0.045775
246.830127  -0.045744
246.850126  -0.045775
246.870125  -0.045775
246.890124  -0.045817
246.910124  -0.045828
246.930123  -0.045817
246.950122  -0.045765
246.970121  -0.045817
246.990120  -0.045796
247.010120  -0.045828
247.030119  -0.045838
247.050118  -0.045838
247.070117  -0.045891
247.090116  -0.045849
247.110116  -0.045859
247.130115  -0.045849
247.150114  -0.045838
247.170113  -0.045870
247.190112  -0.045901
247.210112  -0.045891
247.230111  -0.045901
247.250110  -0.045933
247.270109  -0.045933
247.290108  -0.045912
247.310108  -0.045943
247.330107  -0.045922
247.350106  -0.045933
247.370105  -0.045933
247.390104  -0.045975
247.410104  -0.045943
247.430103  -0.045986
247.450102  -0.045964
247.470101  -0.045964
247.490100  -0.045954
247.510100  -0.046017
247.530099  -0.046017
247.550098  -0.045996
247.570097  -0.045975
247.590096  -0.045975
247.610096  -0.046049
247.630095  -0.045986
247.650094  -0.046017
247.670093  -0.046049
247.690092  -0.046038
247.710092  -0.046059
247.730091  -0.046028
247.750090  -0.046038
247.770089  -0.046059
247.790088  -0.046059
247.810088  -0.046101
247.830087  -0.046101
247.850086  -0.046101
247.870085  -0.046080
247.890084  -0.046101
247.910084  -0.046112
247.930083  -0.046122
247.950082  -0.046143
247.970081  -0.046143
247.990080  -0.046154
248.010080  -0.046154
248.030079  -0.046175
248.050078  -0.046175
248.070077  -0.046185
248.090076  -0.046185
248.110076  -0.046154
248.130075  -0.046196
248.150074  -0.046196
248.170073  -0.046185
248.190072  -0.046217
248.210072  -0.046175
248.230071  -0.046217
248.250070  -0.046238
248.270069  -0.046217
248.290068  -0.046227
248.310068  -0.046227
248.330067  -0.046269
248.350066  -0.046248
248.370065  -0.046248
248.390064  -0.046301
248.410064  -0.046280
248.430063  -0.046280
248.450062  -0.046311
248.470061  -0.046322
248.490060  -0.046290
248.510060  -0.046290
248.530059  -0.046301
248.550058  -0.046332
248.570057  -0.046332
248.590056  -0.046353
248.610056  -0.046353
248.630055  -0.046343
248.650054  -0.046364
248.670053  -0.046406
248.690052  -0.046364
248.710052  -0.046343
248.730051  -0.046374
248.750050  -0.046385
248.770049  -0.046406
248.790048  -0.046353
248.810048  -0.046374
248.830047  -0.046416
248.850046  -0.046385
248.870045  -0.046406
248.890044  -0.046406
248.910044  -0.046427
248.930043  -0.046416
248.950042  -0.046416
248.970041  -0.046448
248.990040  -0.046458
249.010040  -0.046458
249.030039  -0.046469
249.050038  -0.046458
249.070037  -0.046500
249.090036  -0.046500
249.110036  -0.046490
249.130035  -0.046542
249.150034  -0.046500
249.170033  -0.046542
249.190032  -0.046521
249.210032  -0.046574
249.230031  -0.046553
249.250030  -0.046563
249.270029  -0.046542
249.290028  -0.046563
249.310028  -0.046532
249.330027  -0.046521
249.350026  -0.046563
249.370025  -0.046584
249.390024  -0.046616
249.410024  -0.046595
249.430023  -0.046605
249.450022  -0.046595
249.470021  -0.046574
249.490020  -0.046605
249.510020  -0.046605
249.530019  -0.046595
249.550018  -0.046647
249.570017  -0.046647
249.590016  -0.046658
249.610016  -0.046679
249.630015  -0.046637
249.650014  -0.046658
249.670013  -0.046679
249.690012  -0.046700
249.710012  -0.046679
249.730011  -0.046710
249.750010  -0.046668
249.770009  -0.046668
249.790008  -0.046763
249.810008  -0.046700
249.830007  -0.046689
249.850006  -0.046700
249.870005  -0.046773
249.890004  -0.046752
249.910004  -0.046752
249.930003  -0.046731
249.950002  -0.046763
249.970001  -0.046826
249.990000  -0.046826
250.010000  -0.046773
250.029999  -0.046763
250.049998  -0.046784
250.069997  -0.046815
250.089996  -0.046742
250.109996  -0.046794
250.129995  -0.046826
250.149994  -0.046815
250.169993  -0.046836
250.189992  -0.046815
250.209992  -0.046889
250.229991  -0.046836
250.249990  -0.046847
250.269989  -0.046858
250.289988  -0.046900
250.309988  -0.046847
250.329987  -0.046910
250.349986  -0.046868
250.369985  -0.046910
250.389984  -0.046921
250.409984  -0.046879
250.429983  -0.046900
250.449982  -0.046952
250.469981  -0.046921
250.489980  -0.046910
250.509980  -0.046931
250.529979  -0.046973
250.549978  -0.046973
250.569977  -0.046963
250.589976  -0.046952
250.609976  -0.047005
250.629975  -0.046963
250.649974  -0.046952
250.669973  -0.046984
250.689972  -0.046984
250.709972  -0.046952
250.729971  -0.047005
250.749970  -0.046994
250.769969  -0.046994
250.789968  -0.047015
250.809968  -0.047026
250.829967  -0.047047
250.849966  -0.047026
250.869965  -0.047057
250.889964  -0.047026
250.909964  -0.047068
250.929963  -0.047068
250.949962  -0.047047
250.969961  -0.047036
250.989960  -0.047078
251.009960  -0.047099
251.029959  -0.047110
251.049958  -0.047110
251.069957  -0.047078
251.089956  -0.047110
251.109956  -0.047120
251.129955  -0.047120
251.149954  -0.047120
251.169953  -0.047131
251.189952  -0.047141
251.209952  -0.047141
251.229951  -0.047204
251.249950  -0.047141
251.269949  -0.047120
251.289948  -0.047183
251.309948  -0.047194
251.329947  -0.047162
251.349946  -0.047183
251.369945  -0.047173
251.389944  -0.047215
251.409944  -0.047194
251.429943  -0.047246
251.449942  -0.047204
251.469941  -0.047225
251.489940  -0.047236
251.509940  -0.047267
251.529939  -0.047236
251.549938  -0.047257
251.569937  -0.047257
251.589936  -0.047257
251.609936  -0.047288
251.629935  -0.047288
251.649934  -0.047278
251.669933  -0.047362
251.689932  -0.047341
251.709932  -0.047320
251.729931  -0.047320
251.749930  -0.047299
251.769929  -0.047341
251.789928  -0.047309
251.809928  -0.047351
251.829927  -0.047351
251.849926  -0.047404
251.869925  -0.047383
251.889924  -0.047372
251.909924  -0.047341
251.929923  -0.047393
251.949922  -0.047425
251.969921  -0.047341
251.989920  -0.047383
252.009920  -0.047362
252.029919  -0.047425
252.049918  -0.047425
252.069917  -0.047425
252.089916  -0.047446
252.109916  -0.047414
252.129915  -0.047467
252.149914  -0.047467
252.169913  -0.047498
252.189912  -0.047456
252.209912  -0.047467
252.229911  -0.047488
252.249910  -0.047498
252.269909  -0.047530
252.289908  -0.047488
252.309908  -0.047488
252.329907  -0.047509
252.349906  -0.047551
252.369905  -0.047509
252.389904  -0.047509
252.409904  -0.047551
252.429903  -0.047540
252.449902  -0.047561
252.469901  -0.047530
252.489900  -0.047540
252.509900  -0.047530
252.529899  -0.047551
252.549898  -0.047561
252.569897  -0.047540
252.589896  -0.047540
252.609896  -0.047572
252.629895  -0.047593
252.649894  -0.047593
252.669893  -0.047624
252.689892  -0.047614
252.709892  -0.047614
252.729891  -0.047614
252.749890  -0.047603
252.769889  -0.047656
252.789888  -0.047656
252.809888  -0.047666
252.829887  -0.047635
252.849886  -0.047666
252.869885  -0.047666
252.889884  -0.047666
252.909884  -0.047687
252.929883  -0.047677
252.949882  -0.047666
252.969881  -0.047677
252.989880  -0.047687
253.009880  -0.047740
253.029879  -0.047708
253.049878  -0.047708
253.069877  -0.047698
253.089876  -0.047740
253.109876  -0.047719
253.129875  -0.047740
253.149874  -0.047751
253.169873  -0.047751
253.189872  -0.047730
253.209872  -0.047740
253.229871  -0.047751
253.249870  -0.047761
253.269869  -0.047772
253.289868  -0.047793
253.309868  -0.047814
253.329867  -0.047803
253.349866  -0.047772
253.369865  -0.047814
253.389864  -0.047782
253.409864  -0.047845
253.429863  -0.047824
253.449862  -0.047877
253.469861  -0.047856
253.489860  -0.047866
253.509860  -0.047845
253.529859  -0.047835
253.549858  -0.047866
253.569857  -0.047908
253.589856  -0.047919
253.609856  -0.047887
253.629855  -0.047929
253.649854  -0.047898
253.669853  -0.047898
253.689852  -0.047877
253.709852  -0.047908
253.729851  -0.047940
253.749850  -0.047929
253.769849  -0.047919
253.789848  -0.047929
253.809848  -0.047929
253.829847  -0.047950
253.849846  -0.047940
253.869845  -0.047961
253.889844  -0.047982
253.909844  -0.047992
253.929843  -0.047961
253.949842  -0.047961
253.969841  -0.048003
253.989840  -0.047992
254.009840  -0.048003
254.029839  -0.048013
254.049838  -0.048045
254.069837  -0.048034
254.089836  -0.048034
254.109836  -0.048045
254.129835  -0.048076
254.149834  -0.048045
254.169833  -0.048076
254.189832  -0.048055
254.209832  -0.048055
254.229831  -0.048087
254.249830  -0.048087
254.269829  -0.048087
254.289828  -0.048118
254.309828  -0.048097
254.329827  -0.048108
254.349826  -0.048108
254.369825  -0.048097
254.389824  -0.048087
254.409824  -0.048118
254.429823  -0.048087
254.449822  -0.048108
254.469821  -0.048139
254.489820  -0.048171
254.509820  -0.048129
254.529819  -0.048150
254.549818  -0.048160
254.569817  -0.048160
254.589816  -0.048139
254.609816  -0.048181
254.629815  -0.048213
254.649814  -0.048192
254.669813  -0.048192
254.689812  -0.048181
254.709812  -0.048213
254.729811  -0.048255
254.749810  -0.048223
254.769809  -0.048244
254.789808  -0.048276
254.809808  -0.048265
254.829807  -0.048255
254.849806  -0.048276
254.869805  -0.048265
254.889804  -0.048297
254.909804  -0.048276
254.929803  -0.048276
254.949802  -0.048276
254.969801  -0.048286
254.989800  -0.048286
255.009800  -0.048286
255.029799  -0.048307
255.049798  -0.048339
255.069797  -0.048307
255.089796  -0.048318
255.109796  -0.048339
255.129795  -0.048349
255.149794  -0.048370
255.169793  -0.048318
255.189792  -0.048349
255.209792  -0.048370
255.229791  -0.048381
255.249790  -0.048349
255.269789  -0.048381
255.289788  -0.048412
255.309788  -0.048423
255.329787  -0.048391
255.349786  -0.048391
255.369785  -0.048412
255.389784  -0.048402
255.409784  -0.048412
255.429783  -0.048454
255.449782  -0.048496
255.469781  -0.048444
255.489780  -0.048444
255.509780  -0.048465
255.529779  -0.048423
255.549778  -0.048465
255.569777  -0.048486
255.589776  -0.048517
255.609776  -0.048528
255.629775  -0.048507
255.649774  -0.048486
255.669773  -0.048454
255.689772  -0.048475
255.709772  -0.048496
255.729771  -0.048507
255.749770  -0.048475
255.769769  -0.048538
255.789768  -0.048549
255.809768  -0.048528
255.829767  -0.048549
255.849766  -0.048538
255.869765  -0.048559
255.889764  -0.048591
255.909764  -0.048570
255.929763  -0.048591
255.949762  -0.048580
255.969761  -0.048602
255.989760  -0.048591
256.009760  -0.048623
256.029759  -0.048612
256.049758  -0.048644
256.069757  -0.048623
256.089756  -0.048633
256.109756  -0.048665
256.129755  -0.048644
256.149754  -0.048633
256.169753  -0.048665
256.189752  -0.048665
256.209752  -0.048675
256.229751  -0.048675
256.249750  -0.048665
256.269749  -0.048665
256.289748  -0.048696
256.309748  -0.048686
256.329747  -0.048675
256.349746  -0.048696
256.369745  -0.048707
256.389744  -0.048728
256.409744  -0.048728
256.429743  -0.048675
256.449742  -0.048728
256.469741  -0.048749
256.489740  -0.048759
256.509740  -0.048749
256.529739  -0.048749
256.549738  -0.048791
256.569737  -0.048791
256.589736  -0.048843
256.609736  -0.048801
256.629735  -0.048801
256.649734  -0.048780
256.669733  -0.048812
256.689732  -0.048854
256.709732  -0.048843
256.729731  -0.048801
256.749730  -0.048822
256.769729  -0.048854
256.789728  -0.048875
256.809728  -0.048854
256.829727  -0.048864
256.849726  -0.048854
256.869725  -0.048854
256.889724  -0.048843
256.909724  -0.048843
256.929723  -0.048843
256.949722  -0.048885
256.969721  -0.048864
256.989720  -0.048896
257.009720  -0.048906
257.029719  -0.048896
257.049718  -0.048917
257.069717  -0.048896
257.089716  -0.048938
257.109716  -0.048948
257.129715  -0.048959
257.149714  -0.048959
257.169713  -0.048948
257.189712  -0.048980
257.209712  -0.048980
257.229711  -0.048948
257.249710  -0.048959
257.269709  -0.049011
257.289708  -0.048990
257.309708  -0.048990
257.329707  -0.049022
257.349706  -0.049022
257.369705  -0.049011
257.389704  -0.049011
257.409704  -0.049001
257.429703  -0.049001
257.449702  -0.049032
257.469701  -0.049053
257.489700  -0.049053
257.509700  -0.049064
257.529699  -0.049064
257.549698  -0.049053
257.569697  -0.049043
257.589696  -0.049085
257.609696  -0.049074
257.629695  -0.049106
257.649694  -0.049074
257.669693  -0.049085
257.689692  -0.049137
257.709692  -0.049106
257.729691  -0.049085
257.749690  -0.049064
257.769689  -0.049148
257.789688  -0.049148
257.809688  -0.049148
257.829687  -0.049148
257.849686  -0.049158
257.869685  -0.049179
257.889684  -0.049127
257.909684  -0.049158
257.929683  -0.049169
257.949682  -0.049169
257.969681  -0.049179
257.989680  -0.049211
258.009680  -0.049221
258.029679  -0.049190
258.049678  -0.049200
258.069677  -0.049221
258.089676  -0.049263
258.109676  -0.049221
258.129675  -0.049232
258.149674  -0.049242
258.169673  -0.049232
258.189672  -0.049232
258.209672  -0.049253
258.229671  -0.049274
258.249670  -0.049274
258.269669  -0.049232
258.289668  -0.049284
258.309668  -0.049274
258.329667  -0.049263
258.349666  -0.049284
258.369665  -0.049295
258.389664  -0.049316
258.409664  -0.049347
258.429663  -0.049337
258.449662  -0.049347
258.469661  -0.049337
258.489660  -0.049326
258.509660  -0.049337
258.529659  -0.049316
258.549658  -0.049347
258.569657  -0.049379
258.589656  -0.049337
258.609656  -0.049389
258.629655  -0.049410
258.649654  -0.049410
258.669653  -0.049368
258.689652  -0.049368
258.709652  -0.049358
258.729651  -0.049410
258.749650  -0.049410
258.769649  -0.049431
258.789648  -0.049379
258.809648  -0.049442
258.829647  -0.049421
258.849646  -0.049389
258.869645  -0.049431
258.889644  -0.049442
258.909644  -0.049431
258.929643  -0.049421
258.949642  -0.049484
258.969641  -0.049474
258.989640  -0.049474
259.009640  -0.049495
259.029639  -0.049484
259.049638  -0.049505
259.069637  -0.049505
259.089636  -0.049463
259.109636  -0.049505
259.129635  -0.049547
259.149634  -0.049516
259.169633  -0.049505
259.189632  -0.049547
259.209632  -0.049526
259.229631  -0.049558
259.249630  -0.049537
259.269629  -0.049516
259.289628  -0.049558
259.309628  -0.049568
259.329627  -0.049568
259.349626  -0.049568
259.369625  -0.049568
259.389624  -0.049589
259.409624  -0.049558
259.429623  -0.049589
259.449622  -0.049568
259.469621  -0.049610
259.489620  -0.049621
259.509620  -0.049589
259.529619  -0.049621
259.549618  -0.049621
259.569617  -0.049621
259.589616  -0.049631
259.609616  -0.049631
259.629615  -0.049621
259.649614  -0.049673
259.669613  -0.049663
259.689612  -0.049673
259.709612  -0.049663
259.729611  -0.049715
259.749610  -0.049663
259.769609  -0.049684
259.789608  -0.049736
259.809608  -0.049715
259.829607  -0.049715
259.849606  -0.049694
259.869605  -0.049715
259.889604  -0.049736
259.909604  -0.049715
259.929603  -0.049726
259.949602  -0.049736
259.969601  -0.049747
259.989600  -0.049747
260.009600  -0.049757
260.029599  -0.049726
260.049598  -0.049768
260.069597  -0.049789
260.089596  -0.049726
260.109596  -0.049778
260.129595  -0.049799
260.149594  -0.049810
260.169593  -0.049810
260.189592  -0.049820
260.209592  -0.049778
260.229591  -0.049820
260.249590  -0.049831
260.269589  -0.049852
260.289588  -0.049820
260.309588  -0.049904
260.329587  -0.049852
260.349586  -0.049883
260.369585  -0.049852
260.389584  -0.049883
260.409584  -0.049894
260.429583  -0.049915
260.449582  -0.049925
260.469581  -0.049894
260.489580  -0.049904
260.509580  -0.049873
260.529579  -0.049925
260.549578  -0.049957
260.569577  -0.049936
260.589576  -0.049894
260.609576  -0.049904
260.629575  -0.049967
260.649574  -0.049936
260.669573  -0.049925
260.689572  -0.049967
260.709572  -0.050009
260.729571  -0.050009
260.749570  -0.049957
260.769569  -0.049999
260.789568  -0.050009
260.809568  -0.049978
260.829567  -0.049957
260.849566  -0.050030
260.869565  -0.050009
260.889564  -0.050030
260.909564  -0.050009
260.929563  -0.050062
260.949562  -0.050051
260.969561  -0.050062
260.989560  -0.050062
261.009560  -0.050062
261.029559  -0.050083
261.049558  -0.050030
261.069557  -0.050072
261.089556  -0.050072
261.109556  -0.050114
261.129555  -0.050114
261.149554  -0.050114
261.169553  -0.050083
261.189552  -0.050093
261.209552  -0.050156
261.229551  -0.050114
261.249550  -0.050114
261.269549  -0.050104
261.289548  -0.050114
261.309548  -0.050125
261.329547  -0.050156
261.349546  -0.050125
261.369545  -0.050125
261.389544  -0.050156
261.409544  -0.050177
261.429543  -0.050198
261.449542  -0.050198
261.469541  -0.050177
261.489540  -0.050219
261.509540  -0.050188
261.529539  -0.050177
261.549538  -0.050188
261.569537  -0.050219
261.589536  -0.050219
261.609536  -0.050219
261.629535  -0.050188
261.649534  -0.050219
261.669533  -0.050240
261.689532  -0.050251
261.709532  -0.050261
261.729531  -0.050261
261.749530  -0.050261
261.769529  -0.050272
261.789528  -0.050251
261.809528  -0.050261
261.829527  -0.050230
261.849526  -0.050303
261.869525  -0.050303
261.889524  -0.050261
261.909524  -0.050293
261.929523  -0.050303
261.949522  -0.050324
261.969521  -0.050293
261.989520  -0.050314
262.009520  -0.050303
262.029519  -0.050314
262.049518  -0.050346
262.069517  -0.050324
262.089516  -0.050356
262.109516  -0.050356
262.129515  -0.050377
262.149514  -0.050367
262.169513  -0.050398
262.189512  -0.050388
262.209512  -0.050398
262.229511  -0.050377
262.249510  -0.050419
262.269509  -0.050398
262.289508  -0.050388
262.309508  -0.050419
262.329507  -0.050430
262.349506  -0.050430
262.369505  -0.050440
262.389504  -0.050409
262.409504  -0.050461
262.429503  -0.050440
262.449502  -0.050482
262.469501  -0.050451
262.489500  -0.050461
262.509500  -0.050451
262.529499  -0.050472
262.549498  -0.050482
262.569497  -0.050493
262.589496  -0.050482
262.609496  -0.050482
262.629495  -0.050535
262.649494  -0.050514
262.669493  -0.050503
262.689492  -0.050482
262.709492  -0.050503
262.729491  -0.050545
262.749490  -0.050556
262.769489  -0.050577
262.789488  -0.050514
262.809488  -0.050566
262.829487  -0.050556
262.849486  -0.050556
262.869485  -0.050577
262.889484  -0.050535
262.909484  -0.050587
262.929483  -0.050577
262.949482  -0.050598
262.969481  -0.050566
262.989480  -0.050598
263.009480  -0.050587
263.029479  -0.050661
263.049478  -0.050577
263.069477  -0.050598
263.089476  -0.050629
263.109476  -0.050619
263.129475  -0.050598
263.149474  -0.050640
263.169473  -0.050619
263.189472  -0.050661
263.209472  -0.050640
263.229471  -0.050682
263.249470  -0.050671
263.269469  -0.050661
263.289468  -0.050692
263.309468  -0.050671
263.329467  -0.050703
263.349466  -0.050692
263.369465  -0.050682
263.389464  -0.050703
263.409464  -0.050724
263.429463  -0.050724
263.449462  -0.050692
263.469461  -0.050724
263.489460  -0.050755
263.509460  -0.050724
263.529459  -0.050745
263.549458  -0.050734
263.569457  -0.050797
263.589456  -0.050776
263.609456  -0.050703
263.629455  -0.050776
263.649454  -0.050766
263.669453  -0.050766
263.689452  -0.050755
263.709452  -0.050818
263.729451  -0.050808
263.749450  -0.050829
263.769449  -0.050808
263.789448  -0.050797
263.809448  -0.050839
263.829447  -0.050818
263.849446  -0.050808
263.869445  -0.050860
263.889444  -0.050860
263.909444  -0.050881
263.929443  -0.050829
263.949442  -0.050860
263.969441  -0.050881
263.989440  -0.050860
264.009440  -0.050871
264.029439  -0.050892
264.049438  -0.050881
264.069437  -0.050913
264.089436  -0.050902
264.109436  -0.050902
264.129435  -0.050955
264.149434  -0.050923
264.169433  -0.050902
264.189432  -0.050913
264.209432  -0.050944
264.229431  -0.050913
264.249430  -0.050955
264.269429  -0.050955
264.289428  -0.050965
264.309428  -0.050976
264.329427  -0.050986
264.349426  -0.050944
264.369425  -0.050976
264.389424  -0.050965
264.409424  -0.050976
264.429423  -0.050976
264.449422  -0.050986
264.469421  -0.050997
264.489420  -0.051039
264.509420  -0.051039
264.529419  -0.051028
264.549418  -0.051007
264.569417  -0.051028
264.589416  -0.051028
264.609416  -0.051091
264.629415  -0.051049
264.649414  -0.051039
264.669413  -0.051060
264.689412  -0.051060
264.709412  -0.051081
264.729411  -0.051070
264.749410  -0.051102
264.769409  -0.051060
264.789408  -0.051102
264.809408  -0.051133
264.829407  -0.051081
264.849406  -0.051133
264.869405  -0.051133
264.889404  -0.051112
264.909404  -0.051123
264.929403  -0.051112
264.949402  -0.051133
264.969401  -0.051123
264.989400  -0.051133
265.009400  -0.051133
265.029399  -0.051123
265.049398  -0.051197
265.069397  -0.051154
265.089396  -0.051133
265.109396  -0.051207
265.129395  -0.051175
265.149394  -0.051186
265.169393  -0.051207
265.189392  -0.051218
265.209392  -0.051207
265.229391  -0.051186
265.249390  -0.051175
265.269389  -0.051218
265.289388  -0.051228
265.309388  -0.051260
265.329387  -0.051228
265.349386  -0.051228
265.369385  -0.051270
265.389384  -0.051249
265.409384  -0.051249
265.429383  -0.051260
265.449382  -0.051281
265.469381  -0.051281
265.489380  -0.051281
265.509380  -0.051291
265.529379  -0.051270
265.549378  -0.051302
265.569377  -0.051323
265.589376  -0.051302
265.609376  -0.051302
265.629375  -0.051333
265.649374  -0.051312
265.669373  -0.051302
265.689372  -0.051312
265.709372  -0.051344
265.729371  -0.051323
265.749370  -0.051365
265.769369  -0.051354
265.789368  -0.051375
265.809368  -0.051375
265.829367  -0.051375
265.849366  -0.051365
265.869365  -0.051365
265.889364  -0.051396
265.909364  -0.051375
265.929363  -0.051428
265.949362  -0.051396
265.969361  -0.051417
265.989360  -0.051417
266.009360  -0.051386
266.029359  -0.051470
266.049358  -0.051438
266.069357  -0.051449
266.089356  -0.051417
266.109356  -0.051417
266.129355  -0.051459
266.149354  -0.051459
266.169353  -0.051449
266.189352  -0.051459
266.209352  -0.051428
266.229351  -0.051470
266.249350  -0.051480
266.269349  -0.051491
266.289348  -0.051501
266.309348  -0.051449
266.329347  -0.051501
266.349346  -0.051522
266.369345  -0.051575
266.389344  -0.051554
266.409344  -0.051533
266.429343  -0.051575
266.449342  -0.051522
266.469341  -0.051564
266.489340  -0.051543
266.509340  -0.051564
266.529339  -0.051585
266.549338  -0.051596
266.569337  -0.051575
266.589336  -0.051585
266.609336  -0.051575
266.629335  -0.051575
266.649334  -0.051596
266.669333  -0.051617
266.689332  -0.051585
266.709332  -0.051606
266.729331  -0.051648
266.749330  -0.051638
266.769329  -0.051617
266.789328  -0.051617
266.809328  -0.051617
266.829327  -0.051617
266.849326  -0.051669
266.869325  -0.051617
266.889324  -0.051638
266.909324  -0.051648
266.929323  -0.051659
266.949322  -0.051701
266.969321  -0.051659
266.989320  -0.051680
267.009320  -0.051690
267.029319  -0.051669
267.049318  -0.051711
267.069317  -0.051701
267.089316  -0.051732
267.109316  -0.051732
267.129315  -0.051690
267.149314  -0.051743
267.169313  -0.051732
267.189312  -0.051722
267.209312  -0.051722
267.229311  -0.051743
267.249310  -0.051753
267.269309  -0.051732
267.289308  -0.051785
267.309308  -0.051764
267.329307  -0.051774
267.349306  -0.051743
267.369305  -0.051743
267.389304  -0.051764
267.409304  -0.051785
267.429303  -0.051774
267.449302  -0.051753
267.469301  -0.051764
267.489300  -0.051764
267.509300  -0.051869
267.529299  -0.051795
267.549298  -0.051806
267.569297  -0.051816
267.589296  -0.051806
267.609296  -0.051795
267.629295  -0.051869
267.649294  -0.051827
267.669293  -0.051837
267.689292  -0.051837
267.709292  -0.051879
267.729291  -0.051858
267.749290  -0.051858
267.769289  -0.051879
267.789288  -0.051890
267.809288  -0.051869
267.829287  -0.051921
267.849286  -0.051911
267.869285  -0.051900
267.889284  -0.051963
267.909284  -0.051911
267.929283  -0.051879
267.949282  -0.051921
267.969281  -0.051921
267.989280  -0.051921
268.009280  -0.051953
268.029279  -0.051942
268.049278  -0.051932
268.069277  -0.051963
268.089276  -0.051942
268.109276  -0.051953
268.129275  -0.051921
268.149274  -0.051974
268.169273  -0.051974
268.189272  -0.051953
268.209272  -0.051984
268.229271  -0.051984
268.249270  -0.052058
268.269269  -0.052005
268.289268  -0.052026
268.309268  -0.052037
268.329267  -0.052005
268.349266  -0.052037
268.369265  -0.052058
268.389264  -0.052069
268.409264  -0.052058
268.429263  -0.052058
268.449262  -0.052079
268.469261  -0.052100
268.489260  -0.052090
268.509260  -0.052069
268.529259  -0.052090
268.549258  -0.052090
268.569257  -0.052069
268.589256  -0.052090
268.609256  -0.052090
268.629255  -0.052100
268.649254  -0.052121
268.669253  -0.052121
268.689252  -0.052100
268.709252  -0.052111
268.729251  -0.052153
268.749250  -0.052111
268.769249  -0.052142
268.789248  -0.052132
268.809248  -0.052174
268.829247  -0.052174
268.849246  -0.052153
268.869245  -0.052153
268.889244  -0.052174
268.909244  -0.052163
268.929243  -0.052226
268.949242  -0.052174
268.969241  -0.052195
268.989240  -0.052195
269.009240  -0.052174
269.029239  -0.052226
269.049238  -0.052216
269.069237  -0.052226
269.089236  -0.052216
269.109236  -0.052184
269.129235  -0.052237
269.149234  -0.052258
269.169233  -0.052279
269.189232  -0.052237
269.209232  -0.052226
269.229231  -0.052279
269.249230  -0.052247
269.269229  -0.052247
269.289228  -0.052268
269.309228  -0.052310
269.329227  -0.052279
269.349226  -0.052268
269.369225  -0.052310
269.389224  -0.052321
269.409224  -0.052258
269.429223  -0.052300
269.449222  -0.052310
269.469221  -0.052279
269.489220  -0.052300
269.509220  -0.052289
269.529219  -0.052384
269.549218  -0.052352
269.569217  -0.052352
269.589216  -0.052342
269.609216  -0.052384
269.629215  -0.052331
269.649214  -0.052373
269.669213  -0.052342
269.689212  -0.052394
269.709212  -0.052436
269.729211  -0.052415
269.749210  -0.052405
269.769209  -0.052426
269.789208  -0.052405
269.809208  -0.052405
269.829207  -0.052426
269.849206  -0.052394
269.869205  -0.052426
269.889204  -0.052426
269.909204  -0.052426
269.929203  -0.052457
269.949202  -0.052405
269.969201  -0.052426
269.989200  -0.052447
270.009200  -0.052457
270.029199  -0.052447
270.049198  -0.052457
270.069197  -0.052436
270.089196  -0.052489
270.109196  -0.052499
270.129195  -0.052489
270.149194  -0.052457
270.169193  -0.052499
270.189192  -0.052489
270.209192  -0.052510
270.229191  -0.052510
270.249190  -0.052478
270.269189  -0.052520
270.289188  -0.052520
270.309188  -0.052510
270.329187  -0.052573
270.349186  -0.052552
270.369185  -0.052573
270.389184  -0.052573
270.409184  -0.052541
270.429183  -0.052562
270.449182  -0.052562
270.469181  -0.052594
270.489180  -0.052594
270.509180  -0.052573
270.529179  -0.052583
270.549178  -0.052615
270.569177  -0.052583
270.589176  -0.052594
270.609176  -0.052615
270.629175  -0.052636
270.649174  -0.052594
270.669173  -0.052615
270.689172  -0.052615
270.709172  -0.052604
270.729171  -0.052625
270.749170  -0.052678
270.769169  -0.052646
270.789168  -0.052625
270.809168  -0.052667
270.829167  -0.052657
270.849166  -0.052688
270.869165  -0.052688
270.889164  -0.052667
270.909164  -0.052678
270.929163  -0.052699
270.949162  -0.052667
270.969161  -0.052709
270.989160  -0.052699
271.009160  -0.052699
271.029159  -0.052741
271.049158  -0.052720
271.069157  -0.052751
271.089156  -0.052741
271.109156  -0.052730
271.129155  -0.052783
271.149154  -0.052709
271.169153  -0.052720
271.189152  -0.052741
271.209152  -0.052688
271.229151  -0.052762
271.249150  -0.052762
271.269149  -0.052772
271.289148  -0.052751
271.309148  -0.052762
271.329147  -0.052762
271.349146  -0.052762
271.369145  -0.052783
271.389144  -0.052814
271.409144  -0.052783
271.429143  -0.052814
271.449142  -0.052804
271.469141  -0.052793
271.489140  -0.052804
271.509140  -0.052825
271.529139  -0.052846
271.549138  -0.052835
271.569137  -0.052835
271.589136  -0.052888
271.609136  -0.052856
271.629135  -0.052856
271.649134  -0.052825
271.669133  -0.052867
271.689132  -0.052856
271.709132  -0.052877
271.729131  -0.052856
271.749130  -0.052877
271.769129  -0.052898
271.789128  -0.052867
271.809128  -0.052888
271.829127  -0.052877
271.849126  -0.052909
271.869125  -0.052888
271.889124  -0.052951
271.909124  -0.052951
271.929123  -0.052898
271.949122  -0.052941
271.969121  -0.052919
271.989120  -0.052951
272.009120  -0.052930
272.029119  -0.052972
272.049118  -0.052951
272.069117  -0.052951
272.089116  -0.052993
272.109116  -0.052983
272.129115  -0.052983
272.149114  -0.052993
272.169113  -0.053004
272.189112  -0.053014
272.209112  -0.052951
272.229111  -0.052993
272.249110  -0.052993
272.269109  -0.053035
272.289108  -0.053077
272.309108  -0.053035
272.329107  -0.053025
272.349106  -0.052993
272.369105  -0.053046
272.389104  -0.053035
272.409104  -0.053025
272.429103  -0.053035
272.449102  -0.053046
272.469101  -0.053067
272.489100  -0.053067
272.509100  -0.053046
272.529099  -0.053056
272.549098  -0.053088
272.569097  -0.053098
272.589096  -0.053077
272.609096  -0.053077
272.629095  -0.053109
272.649094  -0.053098
272.669093  -0.053109
272.689092  -0.053119
272.709092  -0.053119
272.729091  -0.053119
272.749090  -0.053151
272.769089  -0.053172
272.789088  -0.053140
272.809088  -0.053151
272.829087  -0.053193
272.849086  -0.053161
272.869085  -0.053161
272.889084  -0.053172
272.909084  -0.053161
272.929083  -0.053172
272.949082  -0.053203
272.969081  -0.053214
272.989080  -0.053172
273.009080  -0.053214
273.029079  -0.053203
273.049078  -0.053182
273.069077  -0.053214
273.089076  -0.053182
273.109076  -0.053203
273.129075  -0.053214
273.149074  -0.053203
273.169073  -0.053214
273.189072  -0.053235
273.209072  -0.053256
273.229071  -0.053245
273.249070  -0.053256
273.269069  -0.053277
273.289068  -0.053277
273.309068  -0.053277
273.329067  -0.053298
273.349066  -0.053277
273.369065  -0.053256
273.389064  -0.053266
273.409064  -0.053298
273.429063  -0.053319
273.449062  -0.053298
273.469061  -0.053361
273.489060  -0.053340
273.509060  -0.053329
273.529059  -0.053319
273.549058  -0.053329
273.569057  -0.053308
273.589056  -0.053350
273.609056  -0.053350
273.629055  -0.053329
273.649054  -0.053319
273.669053  -0.053340
273.689052  -0.053329
273.709052  -0.053371
273.729051  -0.053382
273.749050  -0.053371
273.769049  -0.053350
273.789048  -0.053382
273.809048  -0.053382
273.829047  -0.053403
273.849046  -0.053392
273.869045  -0.053382
273.889044  -0.053424
273.909044  -0.053413
273.929043  -0.053424
273.949042  -0.053424
273.969041  -0.053424
273.989040  -0.053455
274.009040  -0.053455
274.029039  -0.053466
274.049038  -0.053445
274.069037  -0.053476
274.089036  -0.053497
274.109036  -0.053497
274.129035  -0.053497
274.149034  -0.053487
274.169033  -0.053455
274.189032  -0.053476
274.209032  -0.053476
274.229031  -0.053529
274.249030  -0.053487
274.269029  -0.053497
274.289028  -0.053508
274.309028  -0.053539
274.329027  -0.053497
274.349026  -0.053508
274.369025  -0.053497
274.389024  -0.053518
274.409024  -0.053508
274.429023  -0.053529
274.449022  -0.053466
274.469021  -0.053550
274.489020  -0.053529
274.509020  -0.053592
274.529019  -0.053592
274.549018  -0.053539
274.569017  -0.053560
274.589016  -0.053592
274.609016  -0.053613
274.629015  -0.053592
274.649014  -0.053592
274.669013  -0.053592
274.689012  -0.053623
274.709012  -0.053581
274.729011  -0.053592
274.749010  -0.053613
274.769009  -0.053634
274.789008  -0.053602
274.809008  -0.053613
274.829007  -0.053644
274.849006  -0.053613
274.869005  -0.053665
274.889004  -0.053623
274.909004  -0.053655
274.929003  -0.053634
274.949002  -0.053655
274.969001  -0.053686
274.989000  -0.053686
275.009000  -0.053686
275.028999  -0.053697
275.048998  -0.053655
275.068997  -0.053665
275.088996  -0.053707
275.108996  -0.053697
275.128995  -0.053707
275.148994  -0.053686
275.168993  -0.053718
275.188992  -0.053686
275.208992  -0.053739
275.228991  -0.053718
275.248990  -0.053728
275.268989  -0.053718
275.288988  -0.053781
275.308988  -0.053770
275.328987  -0.053739
275.348986  -0.053749
275.368985  -0.053770
275.388984  -0.053749
275.408984  -0.053760
275.428983  -0.053802
275.448982  -0.053760
275.468981  -0.053760
275.488980  -0.053802
275.508980  -0.053791
275.528979  -0.053802
275.548978  -0.053813
275.568977  -0.053834
275.588976  -0.053813
275.608976  -0.053802
275.628975  -0.053791
275.648974  -0.053802
275.668973  -0.053844
275.688972  -0.053834
275.708972  -0.053813
275.728971  -0.053844
275.748970  -0.053886
275.768969  -0.053855
275.788968  -0.053844
275.808968  -0.053844
275.828967  -0.053876
275.848966  -0.053907
275.868965  -0.053897
275.888964  -0.053876
275.908964  -0.053918
275.928963  -0.053897
275.948962  -0.053886
275.968961  -0.053907
275.988960  -0.053918
276.008960  -0.053928
276.028959  -0.053939
276.048958  -0.053918
276.068957  -0.053928
276.088956  -0.053949
276.108956  -0.053939
276.128955  -0.053960
276.148954  -0.053949
276.168953  -0.053949
276.188952  -0.053949
276.208952  -0.053928
276.228951  -0.053939
276.248950  -0.053939
276.268949  -0.053960
276.288948  -0.053960
276.308948  -0.053991
276.328947  -0.053981
276.348946  -0.053981
276.368945  -0.054002
276.388944  -0.054002
276.408944  -0.054023
276.428943  -0.054012
276.448942  -0.054012
276.468941  -0.054033
276.488940  -0.054023
276.508940  -0.054054
276.528939  -0.054065
276.548938  -0.054054
276.568937  -0.054054
276.588936  -0.054075
276.608936  -0.054086
276.628935  -0.054065
276.648934  -0.054065
276.668933  -0.054086
276.688932  -0.054075
276.708932  -0.054107
276.728931  -0.054096
276.748930  -0.054096
276.768929  -0.054086
276.788928  -0.054086
276.808928  -0.054086
276.828927  -0.054107
276.848926  -0.054159
276.868925  -0.054086
276.888924  -0.054117
276.908924  -0.054128
276.928923  -0.054138
276.948922  -0.054128
276.968921  -0.054170
276.988920  -0.054149
277.008920  -0.054138
277.028919  -0.054128
277.048918  -0.054159
277.068917  -0.054170
277.088916  -0.054201
277.108916  -0.054180
277.128915  -0.054159
277.148914  -0.054159
277.168913  -0.054222
277.188912  -0.054201
277.208912  -0.054201
277.228911  -0.054243
277.248910  -0.054233
277.268909  -0.054233
277.288908  -0.054201
277.308908  -0.054222
277.328907  -0.054201
277.348906  -0.054243
277.368905  -0.054222
277.388904  -0.054243
277.408904  -0.054243
277.428903  -0.054222
277.448902  -0.054264
277.468901  -0.054254
277.488900  -0.054254
277.508900  -0.054285
277.528899  -0.054243
277.548898  -0.054264
277.568897  -0.054264
277.588896  -0.054254
277.608896  -0.054275
277.628895  -0.054275
277.648894  -0.054306
277.668893  -0.054317
277.688892  -0.054296
277.708892  -0.054306
277.728891  -0.054306
277.748890  -0.054317
277.768889  -0.054317
277.788888  -0.054327
277.808888  -0.054348
277.828887  -0.054380
277.848886  -0.054359
277.868885  -0.054348
277.888884  -0.054390
277.908884  -0.054348
277.928883  -0.054369
277.948882  -0.054348
277.968881  -0.054359
277.988880  -0.054390
278.008880  -0.054338
278.028879  -0.054380
278.048878  -0.054359
278.068877  -0.054380
278.088876  -0.054348
278.108876  -0.054390
278.128875  -0.054401
278.148874  -0.054411
278.168873  -0.054369
278.188872  -0.054432
278.208872  -0.054401
278.228871  -0.054401
278.248870  -0.054432
278.268869  -0.054443
278.288868  -0.054422
278.308868  -0.054474
278.328867  -0.054495
278.348866  -0.054516
278.368865  -0.054422
278.388864  -0.054485
278.408864  -0.054474
278.428863  -0.054485
278.448862  -0.054485
278.468861  -0.054485
278.488860  -0.054474
278.508860  -0.054464
278.528859  -0.054485
278.548858  -0.054506
278.568857  -0.054485
278.588856  -0.054495
278.608856  -0.054527
278.628855  -0.054506
278.648854  -0.054495
278.668853  -0.054516
278.688852  -0.054527
278.708852  -0.054558
278.728851  -0.054527
278.748850  -0.054579
278.768849  -0.054579
278.788848  -0.054579
278.808848  -0.054537
278.828847  -0.054569
278.848846  -0.054569
278.868845  -0.054569
278.888844  -0.054621
278.908844  -0.054558
278.928843  -0.054600
278.948842  -0.054600
278.968841  -0.054600
278.988840  -0.054600
279.008840  -0.054611
279.028839  -0.054632
279.048838  -0.054642
279.068837  -0.054632
279.088836  -0.054621
279.108836  -0.054663
279.128835  -0.054653
279.148834  -0.054653
279.168833  -0.054653
279.188832  -0.054653
279.208832  -0.054674
279.228831  -0.054674
279.248830  -0.054663
279.268829  -0.054663
279.288828  -0.054706
279.308828  -0.054663
279.328827  -0.054716
279.348826  -0.054716
279.368825  -0.054674
279.388824  -0.054685
279.408824  -0.054716
279.428823  -0.054727
279.448822  -0.054695
279.468821  -0.054674
279.488820  -0.054737
279.508820  -0.054716
279.528819  -0.054716
279.548818  -0.054758
279.568817  -0.054748
279.588816  -0.054737
279.608816  -0.054748
279.628815  -0.054748
279.648814  -0.054779
279.668813  -0.054758
279.688812  -0.054769
279.708812  -0.054769
279.728811  -0.054758
279.748810  -0.054779
279.768809  -0.054779
279.788808  -0.054748
279.808808  -0.054769
279.828807  -0.054811
279.848806  -0.054811
279.868805  -0.054790
279.888804  -0.054811
279.908804  -0.054790
279.928803  -0.054842
279.948802  -0.054800
279.968801  -0.054811
279.988800  -0.054842
280.008800  -0.054863
280.028799  -0.054832
280.048798  -0.054895
280.068797  -0.054832
280.088796  -0.054758
280.108796  -0.054695
280.128795  -0.054706
280.148794  -0.054706
280.168793  -0.054695
280.188792  -0.054727
280.208792  -0.054748
280.228791  -0.054695
280.248790  -0.054716
280.268789  -0.054727
280.288788  -0.054663
280.308788  -0.054600
280.328787  -0.054653
280.348786  -0.054695
280.368785  -0.054706
280.388784  -0.054695
280.408784  -0.054685
280.428783  -0.054716
280.448782  -0.054653
280.468781  -0.054642
280.488780  -0.054632
280.508780  -0.054632
280.528779  -0.054611
280.548778  -0.054642
280.568777  -0.054653
280.588776  -0.054685
280.608776  -0.054663
280.628775  -0.054632
280.648774  -0.054663
280.668773  -0.054674
280.688772  -0.054621
280.708772  -0.054642
280.728771  -0.054663
280.748770  -0.054663
280.768769  -0.054695
280.788768  -0.054663
280.808768  -0.054685
280.828767  -0.054695
280.848766  -0.054674
280.868765  -0.054653
280.888764  -0.054653
280.908764  -0.054695
280.928763  -0.054716
280.948762  -0.054663
280.968761  -0.054695
280.988760  -0.054706
281.008760  -0.054674
281.028759  -0.054674
281.048758  -0.054663
281.068757  -0.054716
281.088756  -0.054674
281.108756  -0.054706
281.128755  -0.054685
281.148754  -0.054727
281.168753  -0.054685
281.188752  -0.054695
281.208752  -0.054695
281.228751  -0.054706
281.248750  -0.054716
281.268749  -0.054695
281.288748  -0.054706
281.308748  -0.054758
281.328747  -0.054748
281.348746  -0.054727
281.368745  -0.054769
281.388744  -0.054769
281.408744  -0.054800
281.428743  -0.054748
281.448742  -0.054727
281.468741  -0.054779
281.488740  -0.054790
281.508740  -0.054800
281.528739  -0.054737
281.548738  -0.054779
281.568737  -0.054779
281.588736  -0.054779
281.608736  -0.054758
281.628735  -0.054800
281.648734  -0.054811
281.668733  -0.054769
281.688732  -0.054779
281.708732  -0.054790
281.728731  -0.054811
281.748730  -0.054821
281.768729  -0.054832
281.788728  -0.054811
281.808728  -0.054874
281.828727  -0.054832
281.848726  -0.054811
281.868725  -0.054821
281.888724  -0.054832
281.908724  -0.054832
281.928723  -0.054821
281.948722  -0.054832
281.968721  -0.054884
281.988720  -0.054863
282.008720  -0.054874
282.028719  -0.054895
282.048718  -0.054853
282.068717  -0.054895
282.088716  -0.054905
282.108716  -0.054874
282.128715  -0.054863
282.148714  -0.054926
282.168713  -0.054895
282.188712  -0.054916
282.208712  -0.054926
282.228711  -0.054937
282.248710  -0.054895
282.268709  -0.054937
282.288708  -0.054958
282.308708  -0.054884
282.328707  -0.054926
282.348706  -0.054958
282.368705  -0.054947
282.388704  -0.054926
282.408704  -0.054905
282.428703  -0.054968
282.448702  -0.054905
282.468701  -0.054958
282.488700  -0.054947
282.508700  -0.054926
282.528699  -0.054989
282.548698  -0.055000
282.568697  -0.054968
282.588696  -0.054979
282.608696  -0.054979
282.628695  -0.055010
282.648694  -0.055031
282.668693  -0.054989
282.688692  -0.054979
282.708692  -0.055000
282.728691  -0.055052
282.748690  -0.055000
282.768689  -0.055021
282.788688  -0.055031
282.808688  -0.055031
282.828687  -0.055031
282.848686  -0.055021
282.868685  -0.055042
282.888684  -0.055031
282.908684  -0.055021
282.928683  -0.055010
282.948682  -0.055031
282.968681  -0.055000
282.988680  -0.054979
283.008680  -0.054989
283.028679  -0.055010
283.048678  -0.054989
283.068677  -0.054979
283.088676  -0.054989
283.108676  -0.054979
283.128675  -0.054958
283.148674  -0.054979
283.168673  -0.054947
283.188672  -0.054905
283.208672  -0.054926
283.228671  -0.054905
283.248670  -0.054937
283.268669  -0.054916
283.288668  -0.054895
283.308668  -0.054937
283.328667  -0.054905
283.348666  -0.054926
283.368665  -0.054905
283.388664  -0.054905
283.408664  -0.054863
283.428663  -0.054863
283.448662  -0.054895
283.468661  -0.054842
283.488660  -0.054895
283.508660  -0.054874
283.528659  -0.054874
283.548658  -0.054842
283.568657  -0.054821
283.588656  -0.054842
283.608656  -0.054842
283.628655  -0.054821
283.648654  -0.054769
283.668653  -0.054842
283.688652  -0.054790
283.708652  -0.054800
283.728651  -0.054769
283.748650  -0.054832
283.768649  -0.054800
283.788648  -0.054790
283.808648  -0.054821
283.828647  -0.054821
283.848646  -0.054800
283.868645  -0.054811
283.888644  -0.054800
283.908644  -0.054832
283.928643  -0.054790
283.948642  -0.054832
283.968641  -0.054800
283.988640  -0.054800
284.008640  -0.054811
284.028639  -0.054842
284.048638  -0.054800
284.068637  -0.054821
284.088636  -0.054821
284.108636  -0.054842
284.128635  -0.054790
284.148634  -0.054769
284.168633  -0.054832
284.188632  -0.054832
284.208632  -0.054811
284.228631  -0.054769
284.248630  -0.054821
284.268629  -0.054832
284.288628  -0.054790
284.308628  -0.054811
284.328627  -0.054832
284.348626  -0.054832
284.368625  -0.054811
284.388624  -0.054800
284.408624  -0.054842
284.428623  -0.054853
284.448622  -0.054821
284.468621  -0.054779
284.488620  -0.054832
284.508620  -0.054853
284.528619  -0.054800
284.548618  -0.054853
284.568617  -0.054821
284.588616  -0.054821
284.608616  -0.054842
284.628615  -0.054832
284.648614  -0.054821
284.668613  -0.054905
284.688612  -0.054821
284.708612  -0.054790
284.728611  -0.054863
284.748610  -0.054853
284.768609  -0.054800
284.788608  -0.054842
284.808608  -0.054842
284.828607  -0.054832
284.848606  -0.054821
284.868605  -0.054842
284.888604  -0.054842
284.908604  -0.054800
284.928603  -0.054853
284.948602  -0.054821
284.968601  -0.054800
284.988600  -0.054800
285.008600  -0.054821
285.028599  -0.054821
285.048598  -0.054811
285.068597  -0.054800
285.088596  -0.054842
285.108596  -0.054821
285.128595  -0.054863
285.148594  -0.054832
285.168593  -0.054821
285.188592  -0.054811
285.208592  -0.054821
285.228591  -0.054811
285.248590  -0.054800
285.268589  -0.054811
285.288588  -0.054853
285.308588  -0.054926
285.328587  -0.054937
285.348586  -0.054926
285.368585  -0.054884
285.388584  -0.054947
285.408584  -0.054979
285.428583  -0.054979
285.448582  -0.054989
285.468581  -0.055031
285.488580  -0.055042
285.508580  -0.055073
285.528579  -0.055063
285.548578  -0.055115
285.568577  -0.055147
285.588576  -0.055105
285.608576  -0.055115
285.628575  -0.055168
285.648574  -0.055210
285.668573  -0.055168
285.688572  -0.055189
285.708572  -0.055189
285.728571  -0.055241
285.748570  -0.055241
285.768569  -0.055231
285.788568  -0.055241
285.808568  -0.055273
285.828567  -0.055262
285.848566  -0.055315
285.868565  -0.055315
285.888564  -0.055346
285.908564  -0.055367
285.928563  -0.055336
285.948562  -0.055367
285.968561  -0.055388
285.988560  -0.055378
286.008560  -0.055357
286.028559  -0.055420
286.048558  -0.055409
286.068557  -0.055399
286.088556  -0.055451
286.108556  -0.055472
286.128555  -0.055420
286.148554  -0.055451
286.168553  -0.055451
286.188552  -0.055451
286.208552  -0.055462
286.228551  -0.055472
286.248550  -0.055504
286.268549  -0.055483
286.288548  -0.055514
286.308548  -0.055535
286.328547  -0.055546
286.348546  -0.055504
286.368545  -0.055588
286.388544  -0.055557
286.408544  -0.055578
286.428543  -0.055641
286.448542  -0.055557
286.468541  -0.055630
286.488540  -0.055641
286.508540  -0.055620
286.528539  -0.055620
286.548538  -0.055704
286.568537  -0.055672
286.588536  -0.055693
286.608536  -0.055704
286.628535  -0.055725
286.648534  -0.055725
286.668533  -0.055725
286.688532  -0.055735
286.708532  -0.055756
286.728531  -0.055798
286.748530  -0.055735
286.768529  -0.055714
286.788528  -0.055735
286.808528  -0.055767
286.828527  -0.055798
286.848526  -0.055735
286.868525  -0.055767
286.888524  -0.055798
286.908524  -0.055798
286.928523  -0.055809
286.948522  -0.055861
286.968521  -0.055819
286.988520  -0.055830
287.008520  -0.055840
287.028519  -0.055903
287.048518  -0.055840
287.068517  -0.055861
287.088516  -0.055914
287.108516  -0.055882
287.128515  -0.055872
287.148514  -0.055914
287.168513  -0.055924
287.188512  -0.055977
287.208512  -0.055956
287.228511  -0.055945
287.248510  -0.055987
287.268509  -0.055966
287.288508  -0.055998
287.308508  -0.055987
287.328507  -0.055945
287.348506  -0.055966
287.368505  -0.055998
287.388504  -0.055956
287.408504  -0.055998
287.428503  -0.055998
287.448502  -0.055998
287.468501  -0.056008
287.488500  -0.056019
287.508500  -0.056040
287.528499  -0.056019
287.548498  -0.056040
287.568497  -0.056050
287.588496  -0.056061
287.608496  -0.056071
287.628495  -0.056061
287.648494  -0.056071
287.668493  -0.056113
287.688492  -0.056092
287.708492  -0.056113
287.728491  -0.056124
287.748490  -0.056113
287.768489  -0.056155
287.788488  -0.056155
287.808488  -0.056134
287.828487  -0.056134
287.848486  -0.056176
287.868485  -0.056145
287.888484  -0.056176
287.908484  -0.056187
287.928483  -0.056218
287.948482  -0.056166
287.968481  -0.056187
287.988480  -0.056166
288.008480  -0.056197
288.028479  -0.056208
288.048478  -0.056187
288.068477  -0.056229
288.088476  -0.056197
288.108476  -0.056229
288.128475  -0.056208
288.148474  -0.056239
288.168473  -0.056281
288.188472  -0.056239
288.208472  -0.056218
288.228471  -0.056239
288.248470  -0.056271
288.268469  -0.056281
288.288468  -0.056239
288.308468  -0.056271
288.328467  -0.056260
288.348466  -0.056281
288.368465  -0.056292
288.388464  -0.056271
288.408464  -0.056323
288.428463  -0.056313
288.448462  -0.056260
288.468461  -0.056292
288.488460  -0.056334
288.508460  -0.056323
288.528459  -0.056313
288.548458  -0.056313
288.568457  -0.056344
288.588456  -0.056344
288.608456  -0.056334
288.628455  -0.056344
288.648454  -0.056334
288.668453  -0.056334
288.688452  -0.056376
288.708452  -0.056334
288.728451  -0.056397
288.748450  -0.056376
288.768449  -0.056386
288.788448  -0.056344
288.808448  -0.056355
288.828447  -0.056408
288.848446  -0.056408
288.868445  -0.056386
288.888444  -0.056386
288.908444  -0.056397
288.928443  -0.056418
288.948442  -0.056460
288.968441  -0.056429
288.988440  -0.056439
289.008440  -0.056429
289.028439  -0.056397
289.048438  -0.056429
289.068437  -0.056471
289.088436  -0.056450
289.108436  -0.056460
289.128435  -0.056418
289.148434  -0.056513
289.168433  -0.056460
289.188432  -0.056502
289.208432  -0.056450
289.228431  -0.056492
289.248430  -0.056523
289.268429  -0.056492
289.288428  -0.056492
289.308428  -0.056523
289.328427  -0.056513
289.348426  -0.056534
289.368425  -0.056450
289.388424  -0.056492
289.408424  -0.056544
289.428423  -0.056523
289.448422  -0.056534
289.468421  -0.056523
289.488420  -0.056523
289.508420  -0.056555
289.528419  -0.056502
289.548418  -0.056565
289.568417  -0.056544
289.588416  -0.056555
289.608416  -0.056544
289.628415  -0.056555
289.648414  -0.056544
289.668413  -0.056576
289.688412  -0.056565
289.708412  -0.056576
289.728411  -0.056597
289.748410  -0.056607
289.768409  -0.056618
289.788408  -0.056618
289.808408  -0.056670
289.828407  -0.056618
289.848406  -0.056618
289.868405  -0.056628
289.888404  -0.056628
289.908404  -0.056597
289.928403  -0.056639
289.948402  -0.056639
289.968401  -0.056628
289.988400  -0.056618
290.008400  -0.056618
290.028399  -0.056618
290.048398  -0.056597
290.068397  -0.056628
290.088396  -0.056639
290.108396  -0.056681
290.128395  -0.056660
290.148394  -0.056649
290.168393  -0.056618
290.188392  -0.056618
290.208392  -0.056670
290.228391  -0.056712
290.248390  -0.056670
290.268389  -0.056670
290.288388  -0.056744
290.308388  -0.056733
290.328387  -0.056733
290.348386  -0.056723
290.368385  -0.056754
290.388384  -0.056712
290.408384  -0.056754
290.428383  -0.056691
290.448382  -0.056702
290.468381  -0.056765
290.488380  -0.056786
290.508380  -0.056733
290.528379  -0.056733
290.548378  -0.056723
290.568377  -0.056775
290.588376  -0.056765
290.608376  -0.056828
290.628375  -0.056765
290.648374  -0.056765
290.668373  -0.056775
290.688372  -0.056744
290.708372  -0.056796
290.728371  -0.056796
290.748370  -0.056786
290.768369  -0.056775
290.788368  -0.056775
290.808368  -0.056775
290.828367  -0.056786
290.848366  -0.056828
290.868365  -0.056775
290.888364  -0.056796
290.908364  -0.056817
290.928363  -0.056817
290.948362  -0.056870
290.968361  -0.056817
290.988360  -0.056859
291.008360  -0.056828
291.028359  -0.056838
291.048358  -0.056849
291.068357  -0.056828
291.088356  -0.056870
291.108356  -0.056880
291.128355  -0.056817
291.148354  -0.056849
291.168353  -0.056880
291.188352  -0.056922
291.208352  -0.056891
291.228351  -0.056859
291.248350  -0.056901
291.268349  -0.056912
291.288348  -0.056880
291.308348  -0.056912
291.328347  -0.056901
291.348346  -0.056933
291.368345  -0.056901
291.388344  -0.056891
291.408344  -0.056922
291.428343  -0.056933
291.448342  -0.056901
291.468341  -0.056880
291.488340  -0.056922
291.508340  -0.056933
291.528339  -0.056933
291.548338  -0.056912
291.568337  -0.056901
291.588336  -0.056943
291.608336  -0.056954
291.628335  -0.056922
291.648334  -0.056943
291.668333  -0.056943
291.688332  -0.056985
291.708332  -0.056985
291.728331  -0.056964
291.748330  -0.056975
291.768329  -0.056975
291.788328  -0.056964
291.808328  -0.056996
291.828327  -0.056975
291.848326  -0.056985
291.868325  -0.056985
291.888324  -0.056964
291.908324  -0.057006
291.928323  -0.056996
291.948322  -0.056985
291.968321  -0.056985
291.988320  -0.056996
292.008320  -0.057006
292.028319  -0.057006
292.048318  -0.056985
292.068317  -0.057006
292.088316  -0.057017
292.108316  -0.056996
292.128315  -0.057017
292.148314  -0.057017
292.168313  -0.057006
292.188312  -0.057017
292.208312  -0.057069
292.228311  -0.057027
292.248310  -0.057069
292.268309  -0.057048
292.288308  -0.057048
292.308308  -0.057069
292.328307  -0.057048
292.348306  -0.057048
292.368305  -0.057069
292.388304  -0.057080
292.408304  -0.057101
292.428303  -0.057069
292.448302  -0.057101
292.468301  -0.057101
292.488300  -0.057132
292.508300  -0.057101
292.528299  -0.057090
292.548298  -0.057080
292.568297  -0.057153
292.588296  -0.057111
292.608296  -0.057122
292.628295  -0.057101
292.648294  -0.057122
292.668293  -0.057101
292.688292  -0.057111
292.708292  -0.057122
292.728291  -0.057111
292.748290  -0.057122
292.768289  -0.057101
292.788288  -0.057111
292.808288  -0.057132
292.828287  -0.057111
292.848286  -0.057111
292.868285  -0.057143
292.888284  -0.057153
292.908284  -0.057132
292.928283  -0.057164
292.948282  -0.057174
292.968281  -0.057153
292.988280  -0.057185
293.008280  -0.057195
293.028279  -0.057195
293.048278  -0.057216
293.068277  -0.057216
293.088276  -0.057185
293.108276  -0.057206
293.128275  -0.057216
293.148274  -0.057216
293.168273  -0.057216
293.188272  -0.057227
293.208272  -0.057195
293.228271  -0.057206
293.248270  -0.057216
293.268269  -0.057185
293.288268  -0.057258
293.308268  -0.057248
293.328267  -0.057227
293.348266  -0.057237
293.368265  -0.057237
293.388264  -0.057227
293.408264  -0.057237
293.428263  -0.057195
293.448262  -0.057237
293.468261  -0.057248
293.488260  -0.057258
293.508260  -0.057269
293.528259  -0.057248
293.548258  -0.057290
293.568257  -0.057280
293.588256  -0.057258
293.608256  -0.057311
293.628255  -0.057301
293.648254  -0.057290
293.668253  -0.057301
293.688252  -0.057322
293.708252  -0.057343
293.728251  -0.057301
293.748250  -0.057332
293.768249  -0.057322
293.788248  -0.057332
293.808248  -0.057343
293.828247  -0.057343
293.848246  -0.057343
293.868245  -0.057322
293.888244  -0.057332
293.908244  -0.057311
293.928243  -0.057353
293.948242  -0.057332
293.968241  -0.057353
293.988240  -0.057332
294.008240  -0.057332
294.028239  -0.057385
294.048238  -0.057353
294.068237  -0.057353
294.088236  -0.057395
294.108236  -0.057406
294.128235  -0.057385
294.148234  -0.057353
294.168233  -0.057374
294.188232  -0.057385
294.208232  -0.057406
294.228231  -0.057406
294.248230  -0.057374
294.268229  -0.057406
294.288228  -0.057437
294.308228  -0.057448
294.328227  -0.057416
294.348226  -0.057406
294.368225  -0.057448
294.388224  -0.057406
294.408224  -0.057395
294.428223  -0.057458
294.448222  -0.057437
294.468221  -0.057416
294.488220  -0.057406
294.508220  -0.057448
294.528219  -0.057437
294.548218  -0.057469
294.568217  -0.057479
294.588216  -0.057437
294.608216  -0.057437
294.628215  -0.057479
294.648214  -0.057469
294.668213  -0.057490
294.688212  -0.057479
294.708212  -0.057469
294.728211  -0.057479
294.748210  -0.057511
294.768209  -0.057500
294.788208  -0.057458
294.808208  -0.057490
294.828207  -0.057490
294.848206  -0.057521
294.868205  -0.057511
294.888204  -0.057521
294.908204  -0.057532
294.928203  -0.057500
294.948202  -0.057521
294.968201  -0.057532
294.988200  -0.057532
295.008200  -0.057574
295.028199  -0.057521
295.048198  -0.057532
295.068197  -0.057542
295.088196  -0.057616
295.108196  -0.057553
295.128195  -0.057563
295.148194  -0.057553
295.168193  -0.057574
295.188192  -0.057563
295.208192  -0.057563
295.228191  -0.057584
295.248190  -0.057595
295.268189  -0.057563
295.288188  -0.057574
295.308188  -0.057605
295.328187  -0.057595
295.348186  -0.057595
295.368185  -0.057595
295.388184  -0.057616
295.408184  -0.057616
295.428183  -0.057637
295.448182  -0.057605
295.468181  -0.057626
295.488180  -0.057637
295.508180  -0.057637
295.528179  -0.057647
295.548178  -0.057626
295.568177  -0.057647
295.588176  -0.057689
295.608176  -0.057658
295.628175  -0.057658
295.648174  -0.057658
295.668173  -0.057647
295.688172  -0.057658
295.708172  -0.057626
295.728171  -0.057647
295.748170  -0.057626
295.768169  -0.057658
295.788168  -0.057689
295.808168  -0.057689
295.828167  -0.057668
295.848166  -0.057689
295.868165  -0.057658
295.888164  -0.057700
295.908164  -0.057679
295.928163  -0.057679
295.948162  -0.057710
295.968161  -0.057731
295.988160  -0.057700
296.008160  -0.057700
296.028159  -0.057679
296.048158  -0.057721
296.068157  -0.057700
296.088156  -0.057742
296.108156  -0.057742
296.128155  -0.057752
296.148154  -0.057721
296.168153  -0.057731
296.188152  -0.057731
296.208152  -0.057752
296.228151  -0.057763
296.248150  -0.057700
296.268149  -0.057742
296.288148  -0.057773
296.308148  -0.057763
296.328147  -0.057763
296.348146  -0.057763
296.368145  -0.057784
296.388144  -0.057742
296.408144  -0.057773
296.428143  -0.057763
296.448142  -0.057742
296.468141  -0.057773
296.488140  -0.057763
296.508140  -0.057784
296.528139  -0.057805
296.548138  -0.057847
296.568137  -0.057773
296.588136  -0.057794
296.608136  -0.057805
296.628135  -0.057805
296.648134  -0.057815
296.668133  -0.057815
296.688132  -0.057826
296.708132  -0.057815
296.728131  -0.057815
296.748130  -0.057805
296.768129  -0.057826
296.788128  -0.057868
296.808128  -0.057878
296.828127  -0.057868
296.848126  -0.057878
296.868125  -0.057847
296.888124  -0.057899
296.908124  -0.057847
296.928123  -0.057868
296.948122  -0.057899
296.968121  -0.057878
296.988120  -0.057889
297.008120  -0.057857
297.028119  -0.057899
297.048118  -0.057878
297.068117  -0.057910
297.088116  -0.057868
297.108116  -0.057920
297.128115  -0.057910
297.148114  -0.057910
297.168113  -0.057868
297.188112  -0.057868
297.208112  -0.057910
297.228111  -0.057910
297.248110  -0.057931
297.268109  -0.057920
297.288108  -0.057952
297.308108  -0.057931
297.328107  -0.057931
297.348106  -0.057952
297.368105  -0.057931
297.388104  -0.057941
297.408104  -0.057941
297.428103  -0.057962
297.448102  -0.057994
297.468101  -0.058025
297.488100  -0.057983
297.508100  -0.057973
297.528099  -0.057994
297.548098  -0.057973
297.568097  -0.057983
297.588096  -0.057983
297.608096  -0.058015
297.628095  -0.057994
297.648094  -0.057941
297.668093  -0.057994
297.688092  -0.058015
297.708092  -0.057994
297.728091  -0.058004
297.748090  -0.058015
297.768089  -0.058046
297.788088  -0.058015
297.808088  -0.057994
297.828087  -0.058036
297.848086  -0.058036
297.868085  -0.058067
297.888084  -0.058046
297.908084  -0.058036
297.928083  -0.058036
297.948082  -0.058036
297.968081  -0.058057
297.988080  -0.058025
298.008080  -0.058057
298.028079  -0.058046
298.048078  -0.058046
298.068077  -0.058067
298.088076  -0.058057
298.108076  -0.058120
298.128075  -0.058088
298.148074  -0.058120
298.168073  -0.058109
298.188072  -0.058130
298.208072  -0.058088
298.228071  -0.058099
298.248070  -0.058130
298.268069  -0.058109
298.288068  -0.058120
298.308068  -0.058109
298.328067  -0.058109
298.348066  -0.058120
298.368065  -0.058141
298.388064  -0.058130
298.408064  -0.058099
298.428063  -0.058120
298.448062  -0.058109
298.468061  -0.058141
298.488060  -0.058099
298.508060  -0.058152
298.528059  -0.058162
298.548058  -0.058120
298.568057  -0.058173
298.588056  -0.058173
298.608056  -0.058225
298.628055  -0.058162
298.648054  -0.058183
298.668053  -0.058173
298.688052  -0.058183
298.708052  -0.058173
298.728051  -0.058225
298.748050  -0.058183
298.768049  -0.058246
298.788048  -0.058215
298.808048  -0.058236
298.828047  -0.058246
298.848046  -0.058236
298.868045  -0.058204
298.888044  -0.058215
298.908044  -0.058215
298.928043  -0.058215
298.948042  -0.058225
298.968041  -0.058236
298.988040  -0.058215
299.008040  -0.058246
299.028039  -0.058288
299.048038  -0.058246
299.068037  -0.058278
299.088036  -0.058246
299.108036  -0.058246
299.128035  -0.058204
299.148034  -0.058246
299.168033  -0.058267
299.188032  -0.058236
299.208032  -0.058257
299.228031  -0.058299
299.248030  -0.058299
299.268029  -0.058309
299.288028  -0.058299
299.308028  -0.058299
299.328027  -0.058341
299.348026  -0.058309
299.368025  -0.058320
299.388024  -0.058320
299.408024  -0.058320
299.428023  -0.058330
299.448022  -0.058330
299.468021  -0.058309
299.488020  -0.058330
299.508020  -0.058330
299.528019  -0.058393
299.548018  -0.058330
299.568017  -0.058362
299.588016  -0.058351
299.608016  -0.058320
299.628015  -0.058351
299.648014  -0.058330
299.668013  -0.058320
299.688012  -0.058351
299.708012  -0.058341
299.728011  -0.058341
299.748010  -0.058383
299.768009  -0.058362
299.788008  -0.058372
299.808008  -0.058351
299.828007  -0.058425
299.848006  -0.058383
299.868005  -0.058372
299.888004  -0.058393
299.908004  -0.058414
299.928003  -0.058393
299.948002  -0.058393
299.968001  -0.058393
299.988000  -0.058435
300.008000  -0.058446
300.027999  -0.058456
300.047998  -0.058425
300.067997  -0.058414
300.087996  -0.058414
300.107996  -0.058435
300.127995  -0.058488
300.147994  -0.058477
300.167993  -0.058435
300.187992  -0.058467
300.207992  -0.058477
300.227991  -0.058446
300.247990  -0.058446
300.267989  -0.058425
300.287988  -0.058519
300.307988  -0.058488
300.327987  -0.058456
300.347986  -0.058446
300.367985  -0.058488
300.387984  -0.058446
300.407984  -0.058477
300.427983  -0.058456
300.447982  -0.058509
300.467981  -0.058530
300.487980  -0.058509
300.507980  -0.058509
300.527979  -0.058519
300.547978  -0.058498
300.567977  -0.058498
300.587976  -0.058540
300.607976  -0.058509
300.627975  -0.058540
300.647974  -0.058530
300.667973  -0.058530
300.687972  -0.058551
300.707972  -0.058509
300.727971  -0.058561
300.747970  -0.058551
300.767969  -0.058593
300.787968  -0.058540
300.807968  -0.058551
300.827967  -0.058540
300.847966  -0.058561
300.867965  -0.058572
300.887964  -0.058530
300.907964  -0.058561
300.927963  -0.058561
300.947962  -0.058593
300.967961  -0.058603
300.987960  -0.058582
301.007960  -0.058540
301.027959  -0.058614
301.047958  -0.058593
301.067957  -0.058593
301.087956  -0.058624
301.107956  -0.058614
301.127955  -0.058624
301.147954  -0.058593
301.167953  -0.058677
301.187952  -0.058635
301.207952  -0.058624
301.227951  -0.058666
301.247950  -0.058624
301.267949  -0.058645
301.287948  -0.058645
301.307948  -0.058656
301.327947  -0.058656
301.347946  -0.058614
301.367945  -0.058677
301.387944  -0.058635
301.407944  -0.058666
301.427943  -0.058687
301.447942  -0.058698
301.467941  -0.058656
301.487940  -0.058666
301.507940  -0.058635
301.527939  -0.058698
301.547938  -0.058719
301.567937  -0.058719
301.587936  -0.058719
301.607936  -0.058719
301.627935  -0.058708
301.647934  -0.058635
301.667933  -0.058677
301.687932  -0.058719
301.707932  -0.058698
301.727931  -0.058687
301.747930  -0.058729
301.767929  -0.058729
301.787928  -0.058698
301.807928  -0.058687
301.827927  -0.058750
301.847926  -0.058782
301.867925  -0.058740
301.887924  -0.058677
301.907924  -0.058750
301.927923  -0.058761
301.947922  -0.058761
301.967921  -0.058708
301.987920  -0.058782
302.007920  -0.058761
302.027919  -0.058761
302.047918  -0.058771
302.067917  -0.058813
302.087916  -0.058761
302.107916  -0.058782
302.127915  -0.058813
302.147914  -0.058771
302.167913  -0.058803
302.187912  -0.058803
302.207912  -0.058761
302.227911  -0.058761
302.247910  -0.058782
302.267909  -0.058845
302.287908  -0.058803
302.307908  -0.058792
302.327907  -0.058792
302.347906  -0.058803
302.367905  -0.058824
302.387904  -0.058803
302.407904  -0.058813
302.427903  -0.058803
302.447902  -0.058845
302.467901  -0.058855
302.487900  -0.058834
302.507900  -0.058855
302.527899  -0.058866
302.547898  -0.058876
302.567897  -0.058866
302.587896  -0.058866
302.607896  -0.058876
302.627895  -0.058866
302.647894  -0.058866
302.667893  -0.058887
302.687892  -0.058887
302.707892  -0.058876
302.727891  -0.058897
302.747890  -0.058897
302.767889  -0.058908
302.787888  -0.058866
302.807888  -0.058908
302.827887  -0.058876
302.847886  -0.058950
302.867885  -0.058887
302.887884  -0.058929
302.907884  -0.058897
302.927883  -0.058929
302.947882  -0.058876
302.967881  -0.058918
302.987880  -0.058929
303.007880  -0.058939
303.027879  -0.058908
303.047878  -0.058929
303.067877  -0.058929
303.087876  -0.058939
303.107876  -0.058960
303.127875  -0.058939
303.147874  -0.058950
303.167873  -0.058950
303.187872  -0.058939
303.207872  -0.059002
303.227871  -0.058939
303.247870  -0.058971
303.267869  -0.058981
303.287868  -0.058971
303.307868  -0.059002
303.327867  -0.059002
303.347866  -0.059024
303.367865  -0.058992
303.387864  -0.058981
303.407864  -0.059034
303.427863  -0.059013
303.447862  -0.059034
303.467861  -0.059002
303.487860  -0.059002
303.507860  -0.058981
303.527859  -0.059034
303.547858  -0.059013
303.567857  -0.059024
303.587856  -0.059034
303.607856  -0.059013
303.627855  -0.059024
303.647854  -0.059045
303.667853  -0.059066
303.687852  -0.059066
303.707852  -0.059066
303.727851  -0.059013
303.747850  -0.059024
303.767849  -0.059034
303.787848  -0.059045
303.807848  -0.059097
303.827847  -0.059087
303.847846  -0.059066
303.867845  -0.059097
303.887844  -0.059097
303.907844  -0.059066
303.927843  -0.059118
303.947842  -0.059108
303.967841  -0.059139
303.987840  -0.059129
304.007840  -0.059108
304.027839  -0.059108
304.047838  -0.059139
304.067837  -0.059108
304.087836  -0.059129
304.107836  -0.059139
304.127835  -0.059129
304.147834  -0.059171
304.167833  -0.059139
304.187832  -0.059171
304.207832  -0.059150
304.227831  -0.059129
304.247830  -0.059108
304.267829  -0.059150
304.287828  -0.059160
304.307828  -0.059108
304.327827  -0.059150
304.347826  -0.059171
304.367825  -0.059160
304.387824  -0.059150
304.407824  -0.059181
304.427823  -0.059150
304.447822  -0.059202
304.467821  -0.059181
304.487820  -0.059171
304.507820  -0.059202
304.527819  -0.059192
304.547818  -0.059192
304.567817  -0.059202
304.587816  -0.059223
304.607816  -0.059223
304.627815  -0.059223
304.647814  -0.059202
304.667813  -0.059213
304.687812  -0.059234
304.707812  -0.059213
304.727811  -0.059213
304.747810  -0.059223
304.767809  -0.059244
304.787808  -0.059202
304.807808  -0.059234
304.827807  -0.059244
304.847806  -0.059213
304.867805  -0.059213
304.887804  -0.059234
304.907804  -0.059213
304.927803  -0.059276
304.947802  -0.059265
304.967801  -0.059265
304.987800  -0.059234
305.007800  -0.059255
305.027799  -0.059276
305.047798  -0.059244
305.067797  -0.059286
305.087796  -0.059286
305.107796  -0.059265
305.127795  -0.059286
305.147794  -0.059286
305.167793  -0.059307
305.187792  -0.059339
305.207792  -0.059349
305.227791  -0.059307
305.247790  -0.059307
305.267789  -0.059307
305.287788  -0.059318
305.307788  -0.059307
305.327787  -0.059328
305.347786  -0.059307
305.367785  -0.059318
305.387784  -0.059339
305.407784  -0.059328
305.427783  -0.059349
305.447782  -0.059339
305.467781  -0.059360
305.487780  -0.059328
305.507780  -0.059349
305.527779  -0.059360
305.547778  -0.059339
305.567777  -0.059360
305.587776  -0.059360
305.607776  -0.059349
305.627775  -0.059381
305.647774  -0.059370
305.667773  -0.059370
305.687772  -0.059391
305.707772  -0.059454
305.727771  -0.059360
305.747770  -0.059433
305.767769  -0.059412
305.787768  -0.059391
305.807768  -0.059402
305.827767  -0.059423
305.847766  -0.059423
305.867765  -0.059412
305.887764  -0.059444
305.907764  -0.059423
305.927763  -0.059433
305.947762  -0.059454
305.967761  -0.059412
305.987760  -0.059391
306.007760  -0.059444
306.027759  -0.059402
306.047758  -0.059423
306.067757  -0.059444
306.087756  -0.059433
306.107756  -0.059454
306.127755  -0.059402
306.147754  -0.059423
306.167753  -0.059433
306.187752  -0.059454
306.207752  -0.059444
306.227751  -0.059475
306.247750  -0.059486
306.267749  -0.059465
306.287748  -0.059454
306.307748  -0.059433
306.327747  -0.059475
306.347746  -0.059475
306.367745  -0.059475
306.387744  -0.059507
306.407744  -0.059507
306.427743  -0.059507
306.447742  -0.059507
306.467741  -0.059496
306.487740  -0.059538
306.507740  -0.059538
306.527739  -0.059507
306.547738  -0.059496
306.567737  -0.059507
306.587736  -0.059528
306.607736  -0.059549
306.627735  -0.059517
306.647734  -0.059549
306.667733  -0.059549
306.687732  -0.059517
306.707732  -0.059517
306.727731  -0.059538
306.747730  -0.059549
306.767729  -0.059528
306.787728  -0.059559
306.807728  -0.059591
306.827727  -0.059538
306.847726  -0.059538
306.867725  -0.059559
306.887724  -0.059528
306.907724  -0.059549
306.927723  -0.059580
306.947722  -0.059591
306.967721  -0.059591
306.987720  -0.059559
307.007720  -0.059580
307.027719  -0.059591
307.047718  -0.059622
307.067717  -0.059622
307.087716  -0.059601
307.107716  -0.059622
307.127715  -0.059601
307.147714  -0.059612
307.167713  -0.059643
307.187712  -0.059591
307.207712  -0.059633
307.227711  -0.059654
307.247710  -0.059643
307.267709  -0.059664
307.287708  -0.059654
307.307708  -0.059622
307.327707  -0.059633
307.347706  -0.059664
307.367705  -0.059622
307.387704  -0.059633
307.407704  -0.059696
307.427703  -0.059654
307.447702  -0.059633
307.467701  -0.059685
307.487700  -0.059664
307.507700  -0.059664
307.527699  -0.059675
307.547698  -0.059675
307.567697  -0.059706
307.587696  -0.059696
307.607696  -0.059696
307.627695  -0.059717
307.647694  -0.059727
307.667693  -0.059654
307.687692  -0.059717
307.707692  -0.059717
307.727691  -0.059727
307.747690  -0.059717
307.767689  -0.059727
307.787688  -0.059727
307.807688  -0.059738
307.827687  -0.059727
307.847686  -0.059738
307.867685  -0.059759
307.887684  -0.059727
307.907684  -0.059738
307.927683  -0.059759
307.947682  -0.059769
307.967681  -0.059780
307.987680  -0.059738
308.007680  -0.059717
308.027679  -0.059727
308.047678  -0.059759
308.067677  -0.059727
308.087676  -0.059759
308.107676  -0.059801
308.127675  -0.059811
308.147674  -0.059801
308.167673  -0.059769
308.187672  -0.059780
308.207672  -0.059801
308.227671  -0.059769
308.247670  -0.059790
308.267669  -0.059780
308.287668  -0.059811
308.307668  -0.059811
308.327667  -0.059822
308.347666  -0.059811
308.367665  -0.059822
308.387664  -0.059822
308.407664  -0.059811
308.427663  -0.059801
308.447662  -0.059843
308.467661  -0.059853
308.487660  -0.059822
308.507660  -0.059853
308.527659  -0.059832
308.547658  -0.059843
308.567657  -0.059843
308.587656  -0.059853
308.607656  -0.059843
308.627655  -0.059843
308.647654  -0.059864
308.667653  -0.059853
308.687652  -0.059874
308.707652  -0.059864
308.727651  -0.059864
308.747650  -0.059864
308.767649  -0.059874
308.787648  -0.059874
308.807648  -0.059853
308.827647  -0.059896
308.847646  -0.059885
308.867645  -0.059917
308.887644  -0.059917
308.907644  -0.059917
308.927643  -0.059927
308.947642  -0.059906
308.967641  -0.059917
308.987640  -0.059896
309.007640  -0.059917
309.027639  -0.059927
309.047638  -0.059938
309.067637  -0.059896
309.087636  -0.059917
309.107636  -0.059948
309.127635  -0.059917
309.147634  -0.059938
309.167633  -0.059927
309.187632  -0.059938
309.207632  -0.059980
309.227631  -0.059959
309.247630  -0.059948
309.267629  -0.059969
309.287628  -0.060011
309.307628  -0.059938
309.327627  -0.059927
309.347626  -0.060011
309.367625  -0.059938
309.387624  -0.059969
309.407624  -0.059969
309.427623  -0.060001
309.447622  -0.060022
309.467621  -0.060011
309.487620  -0.059980
309.507620  -0.059980
309.527619  -0.059990
309.547618  -0.059980
309.567617  -0.059980
309.587616  -0.060011
309.607616  -0.059959
309.627615  -0.060022
309.647614  -0.060022
309.667613  -0.060032
309.687612  -0.060022
309.707612  -0.060074
309.727611  -0.059990
309.747610  -0.060022
309.767609  -0.060043
309.787608  -0.060043
309.807608  -0.059990
309.827607  -0.060043
309.847606  -0.060074
309.867605  -0.060022
309.887604  -0.060022
309.907604  -0.060001
309.927603  -0.060053
309.947602  -0.060053
309.967601  -0.060043
309.987600  -0.060043
310.007600  -0.060053
310.027599  -0.060053
310.047598  -0.060053
310.067597  -0.060043
310.087596  -0.060043
310.107596  -0.060064
310.127595  -0.060127
310.147594  -0.060095
310.167593  -0.060074
310.187592  -0.060053
310.207592  -0.060053
310.227591  -0.060064
310.247590  -0.060106
310.267589  -0.060116
310.287588  -0.060053
310.307588  -0.060106
310.327587  -0.060169
310.347586  -0.060127
310.367585  -0.060116
310.387584  -0.060095
310.407584  -0.060158
310.427583  -0.060116
310.447582  -0.060074
310.467581  -0.060106
310.487580  -0.060127
310.507580  -0.060137
310.527579  -0.060127
310.547578  -0.060137
310.567577  -0.060148
310.587576  -0.060179
310.607576  -0.060179
310.627575  -0.060116
310.647574  -0.060148
310.667573  -0.060127
310.687572  -0.060137
310.707572  -0.060137
310.727571  -0.060190
310.747570  -0.060190
310.767569  -0.060158
310.787568  -0.060200
310.807568  -0.060169
310.827567  -0.060169
310.847566  -0.060179
310.867565  -0.060179
310.887564  -0.060200
310.907564  -0.060179
310.927563  -0.060179
310.947562  -0.060221
310.967561  -0.060200
310.987560  -0.060221
311.007560  -0.060179
311.027559  -0.060211
311.047558  -0.060169
311.067557  -0.060169
311.087556  -0.060221
311.107556  -0.060200
311.127555  -0.060190
311.147554  -0.060190
311.167553  -0.060211
311.187552  -0.060211
311.207552  -0.060232
311.227551  -0.060284
311.247550  -0.060263
311.267549  -0.060221
311.287548  -0.060221
311.307548  -0.060263
311.327547  -0.060263
311.347546  -0.060274
311.367545  -0.060242
311.387544  -0.060253
311.407544  -0.060263
311.427543  -0.060274
311.447542  -0.060263
311.467541  -0.060295
311.487540  -0.060295
311.507540  -0.060263
311.527539  -0.060295
311.547538  -0.060284
311.567537  -0.060295
311.587536  -0.060295
311.607536  -0.060274
311.627535  -0.060316
311.647534  -0.060326
311.667533  -0.060305
311.687532  -0.060316
311.707532  -0.060316
311.727531  -0.060326
311.747530  -0.060337
311.767529  -0.060337
311.787528  -0.060305
311.807528  -0.060305
311.827527  -0.060316
311.847526  -0.060305
311.867525  -0.060316
311.887524  -0.060316
311.907524  -0.060326
311.927523  -0.060358
311.947522  -0.060358
311.967521  -0.060326
311.987520  -0.060326
312.007520  -0.060368
312.027519  -0.060358
312.047518  -0.060347
312.067517  -0.060379
312.087516  -0.060326
312.107516  -0.060347
312.127515  -0.060347
312.147514  -0.060410
312.167513  -0.060358
312.187512  -0.060326
312.207512  -0.060379
312.227511  -0.060358
312.247510  -0.060389
312.267509  -0.060358
312.287508  -0.060400
312.307508  -0.060379
312.327507  -0.060421
312.347506  -0.060379
312.367505  -0.060368
312.387504  -0.060400
312.407504  -0.060442
312.427503  -0.060379
312.447502  -0.060421
312.467501  -0.060431
312.487500  -0.060410
312.507500  -0.060400
312.527499  -0.060421
312.547498  -0.060410
312.567497  -0.060389
312.587497  -0.060452
312.607496  -0.060484
312.627495  -0.060431
312.647494  -0.060431
312.667493  -0.060421
312.687493  -0.060410
312.707492  -0.060463
312.727491  -0.060473
312.747490  -0.060410
312.767489  -0.060463
312.787489  -0.060484
312.807488  -0.060463
312.827487  -0.060473
312.847486  -0.060452
312.867485  -0.060484
312.887485  -0.060463
312.907484  -0.060442
312.927483  -0.060473
312.947482  -0.060463
312.967481  -0.060452
312.987481  -0.060484
313.007480  -0.060463
313.027479  -0.060494
313.047478  -0.060494
313.067477  -0.060484
313.087477  -0.060484
313.107476  -0.060526
313.127475  -0.060473
313.147474  -0.060452
313.167473  -0.060526
313.187473  -0.060515
313.207472  -0.060526
313.227471  -0.060515
313.247470  -0.060494
313.267469  -0.060536
313.287469  -0.060515
313.307468  -0.060547
313.327467  -0.060536
313.347466  -0.060557
313.367465  -0.060557
313.387465  -0.060557
313.407464  -0.060557
313.427463  -0.060557
313.447462  -0.060547
313.467461  -0.060536
313.487461  -0.060578
313.507460  -0.060547
313.527459  -0.060599
313.547458  -0.060557
313.567457  -0.060568
313.587457  -0.060557
313.607456  -0.060578
313.627455  -0.060557
313.647454  -0.060578
313.667453  -0.060599
313.687453  -0.060578
313.707452  -0.060578
313.727451  -0.060599
313.747450  -0.060578
313.767449  -0.060589
313.787449  -0.060631
313.807448  -0.060610
313.827447  -0.060599
313.847446  -0.060578
313.867445  -0.060610
313.887445  -0.060610
313.907444  -0.060620
313.927443  -0.060641
313.947442  -0.060662
313.967441  -0.060578
313.987441  -0.060641
314.007440  -0.060673
314.027439  -0.060652
314.047438  -0.060631
314.067437  -0.060641
314.087437  -0.060683
314.107436  -0.060631
314.127435  -0.060652
314.147434  -0.060641
314.167433  -0.060683
314.187433  -0.060620
314.207432  -0.060652
314.227431  -0.060620
314.247430  -0.060652
314.267429  -0.060662
314.287429  -0.060662
314.307428  -0.060673
314.327427  -0.060694
314.347426  -0.060683
314.367425  -0.060704
314.387425  -0.060683
314.407424  -0.060683
314.427423  -0.060704
314.447422  -0.060662
314.467421  -0.060694
314.487421  -0.060725
314.507420  -0.060704
314.527419  -0.060715
314.547418  -0.060704
314.567417  -0.060704
314.587417  -0.060736
314.607416  -0.060715
314.627415  -0.060662
314.647414  -0.060746
314.667413  -0.060757
314.687413  -0.060746
314.707412  -0.060768
314.727411  -0.060789
314.747410  -0.060725
314.767409  -0.060757
314.787409  -0.060725
314.807408  -0.060736
314.827407  -0.060704
314.847406  -0.060768
314.867405  -0.060746
314.887405  -0.060799
314.907404  -0.060746
314.927403  -0.060746
314.947402  -0.060715
314.967401  -0.060725
314.987401  -0.060768
315.007400  -0.060789
315.027399  -0.060746
315.047398  -0.060725
315.067397  -0.060768
315.087397  -0.060757
315.107396  -0.060799
315.127395  -0.060746
315.147394  -0.060778
315.167393  -0.060789
315.187393  -0.060789
315.207392  -0.060789
315.227391  -0.060810
315.247390  -0.060820
315.267389  -0.060810
315.287389  -0.060789
315.307388  -0.060768
315.327387  -0.060810
315.347386  -0.060789
315.367385  -0.060820
315.387385  -0.060852
315.407384  -0.060831
315.427383  -0.060831
315.447382  -0.060810
315.467381  -0.060820
315.487381  -0.060841
315.507380  -0.060831
315.527379  -0.060831
315.547378  -0.060831
315.567377  -0.060852
315.587377  -0.060852
315.607376  -0.060810
315.627375  -0.060841
315.647374  -0.060862
315.667373  -0.060873
315.687373  -0.060820
315.707372  -0.060873
315.727371  -0.060820
315.747370  -0.060852
315.767369  -0.060873
315.787369  -0.060841
315.807368  -0.060883
315.827367  -0.060873
315.847366  -0.060862
315.867365  -0.060883
315.887365  -0.060873
315.907364  -0.060873
315.927363  -0.060894
315.947362  -0.060883
315.967361  -0.060894
315.987361  -0.060894
316.007360  -0.060894
316.027359  -0.060946
316.047358  -0.060936
316.067357  -0.060883
316.087357  -0.060883
316.107356  -0.060904
316.127355  -0.060915
316.147354  -0.060894
316.167353  -0.060925
316.187353  -0.060915
316.207352  -0.060936
316.227351  -0.060915
316.247350  -0.060883
316.267349  -0.060904
316.287349  -0.060936
316.307348  -0.060904
316.327347  -0.060946
316.347346  -0.060957
316.367345  -0.060967
316.387345  -0.060946
316.407344  -0.060946
316.427343  -0.060936
316.447342  -0.060967
316.467341  -0.060957
316.487341  -0.060967
316.507340  -0.060978
316.527339  -0.060967
316.547338  -0.060999
316.567337  -0.060946
316.587337  -0.060988
316.607336  -0.060999
316.627335  -0.060999
316.647334  -0.060978
316.667333  -0.060967
316.687333  -0.060967
316.707332  -0.060978
316.727331  -0.060988
316.747330  -0.060999
316.767329  -0.060999
316.787329  -0.060978
316.807328  -0.060988
316.827327  -0.060936
316.847326  -0.060978
316.867325  -0.060999
316.887325  -0.061020
316.907324  -0.061030
316.927323  -0.061020
316.947322  -0.061051
316.967321  -0.061009
316.987321  -0.061020
317.007320  -0.061009
317.027319  -0.061020
317.047318  -0.061030
317.067317  -0.061072
317.087317  -0.061062
317.107316  -0.061030
317.127315  -0.061051
317.147314  -0.061041
317.167313  -0.061041
317.187313  -0.061072
317.207312  -0.061062
317.227311  -0.061072
317.247310  -0.061072
317.267309  -0.061104
317.287309  -0.061083
317.307308  -0.061051
317.327307  -0.061083
317.347306  -0.061083
317.367305  -0.061083
317.387305  -0.061093
317.407304  -0.061083
317.427303  -0.061093
317.447302  -0.061072
317.467301  -0.061083
317.487301  -0.061083
317.507300  -0.061114
317.527299  -0.061104
317.547298  -0.061093
317.567297  -0.061114
317.587297  -0.061072
317.607296  -0.061104
317.627295  -0.061114
317.647294  -0.061125
317.667293  -0.061114
317.687293  -0.061125
317.707292  -0.061125
317.727291  -0.061104
317.747290  -0.061114
317.767289  -0.061114
317.787289  -0.061135
317.807288  -0.061146
317.827287  -0.061167
317.847286  -0.061156
317.867285  -0.061125
317.887285  -0.061167
317.907284  -0.061156
317.927283  -0.061230
317.947282  -0.061146
317.967281  -0.061167
317.987281  -0.061167
318.007280  -0.061125
318.027279  -0.061167
318.047278  -0.061167
318.067277  -0.061219
318.087277  -0.061177
318.107276  -0.061167
318.127275  -0.061083
318.147274  -0.061188
318.167273  -0.061167
318.187273  -0.061146
318.207272  -0.061177
318.227271  -0.061167
318.247270  -0.061209
318.267269  -0.061261
318.287269  -0.061209
318.307268  -0.061198
318.327267  -0.061209
318.347266  -0.061188
318.367265  -0.061219
318.387265  -0.061209
318.407264  -0.061240
318.427263  -0.061209
318.447262  -0.061198
318.467261  -0.061209
318.487261  -0.061314
318.507260  -0.061240
318.527259  -0.061251
318.547258  -0.061219
318.567257  -0.061240
318.587257  -0.061240
318.607256  -0.061230
318.627255  -0.061282
318.647254  -0.061314
318.667253  -0.061240
318.687253  -0.061240
318.707252  -0.061198
318.727251  -0.061261
318.747250  -0.061251
318.767249  -0.061198
318.787249  -0.061261
318.807248  -0.061272
318.827247  -0.061293
318.847246  -0.061272
318.867245  -0.061251
318.887245  -0.061324
318.907244  -0.061303
318.927243  -0.061272
318.947242  -0.061303
318.967241  -0.061303
318.987241  -0.061240
319.007240  -0.061251
319.027239  -0.061272
319.047238  -0.061314
319.067237  -0.061293
319.087237  -0.061303
319.107236  -0.061303
319.127235  -0.061282
319.147234  -0.061356
319.167233  -0.061335
319.187233  -0.061314
319.207232  -0.061335
319.227231  -0.061345
319.247230  -0.061324
319.267229  -0.061314
319.287229  -0.061293
319.307228  -0.061335
319.327227  -0.061366
319.347226  -0.061335
319.367225  -0.061345
319.387225  -0.061324
319.407224  -0.061303
319.427223  -0.061314
319.447222  -0.061366
319.467221  -0.061345
319.487221  -0.061335
319.507220  -0.061324
319.527219  -0.061356
319.547218  -0.061356
319.567217  -0.061377
319.587217  -0.061345
319.607216  -0.061356
319.627215  -0.061408
319.647214  -0.061366
319.667213  -0.061387
319.687213  -0.061366
319.707212  -0.061408
319.727211  -0.061408
319.747210  -0.061356
319.767209  -0.061377
319.787209  -0.061450
319.807208  -0.061408
319.827207  -0.061408
319.847206  -0.061387
319.867205  -0.061366
319.887205  -0.061450
319.907204  -0.061398
319.927203  -0.061398
319.947202  -0.061429
319.967201  -0.061408
319.987201  -0.061387
320.007200  -0.061429
320.027199  -0.061429
320.047198  -0.061429
320.067197  -0.061419
320.087197  -0.061419
320.107196  -0.061461
320.127195  -0.061461
320.147194  -0.061429
320.167193  -0.061440
320.187193  -0.061450
320.207192  -0.061482
320.227191  -0.061419
320.247190  -0.061461
320.267189  -0.061461
320.287189  -0.061482
320.307188  -0.061482
320.327187  -0.061461
320.347186  -0.061450
320.367185  -0.061492
320.387185  -0.061492
320.407184  -0.061461
320.427183  -0.061503
320.447182  -0.061492
320.467181  -0.061503
320.487181  -0.061534
320.507180  -0.061482
320.527179  -0.061503
320.547178  -0.061482
320.567177  -0.061482
320.587177  -0.061555
320.607176  -0.061524
320.627175  -0.061524
320.647174  -0.061503
320.667173  -0.061503
320.687173  -0.061534
320.707172  -0.061513
320.727171  -0.061471
320.747170  -0.061503
320.767169  -0.061513
320.787169  -0.061545
320.807168  -0.061492
320.827167  -0.061534
320.847166  -0.061555
320.867165  -0.061534
320.887165  -0.061513
320.907164  -0.061555
320.927163  -0.061566
320.947162  -0.061566
320.967161  -0.061566
320.987161  -0.061566
321.007160  -0.061555
321.027159  -0.061566
321.047158  -0.061545
321.067157  -0.061545
321.087157  -0.061566
321.107156  -0.061618
321.127155  -0.061566
321.147154  -0.061566
321.167153  -0.061566
321.187153  -0.061597
321.207152  -0.061608
321.227151  -0.061576
321.247150  -0.061608
321.267149  -0.061576
321.287149  -0.061608
321.307148  -0.061566
321.327147  -0.061576
321.347146  -0.061576
321.367145  -0.061608
321.387145  -0.061597
321.407144  -0.061629
321.427143  -0.061618
321.447142  -0.061618
321.467141  -0.061629
321.487141  -0.061640
321.507140  -0.061629
321.527139  -0.061629
321.547138  -0.061650
321.567137  -0.061671
321.587137  -0.061640
321.607136  -0.061640
321.627135  -0.061618
321.647134  -0.061618
321.667133  -0.061618
321.687133  -0.061650
321.707132  -0.061650
321.727131  -0.061661
321.747130  -0.061661
321.767129  -0.061640
321.787129  -0.061629
321.807128  -0.061650
321.827127  -0.061661
321.847126  -0.061650
321.867125  -0.061650
321.887125  -0.061650
321.907124  -0.061661
321.927123  -0.061650
321.947122  -0.061682
321.967121  -0.061703
321.987121  -0.061671
322.007120  -0.061661
322.027119  -0.061671
322.047118  -0.061671
322.067117  -0.061671
322.087117  -0.061671
322.107116  -0.061671
322.127115  -0.061692
322.147114  -0.061682
322.167113  -0.061682
322.187113  -0.061671
322.207112  -0.061692
322.227111  -0.061703
322.247110  -0.061713
322.267109  -0.061703
322.287109  -0.061692
322.307108  -0.061734
322.327107  -0.061734
322.347106  -0.061703
322.367105  -0.061703
322.387105  -0.061745
322.407104  -0.061745
322.427103  -0.061734
322.447102  -0.061745
322.467101  -0.061724
322.487101  -0.061713
322.507100  -0.061724
322.527099  -0.061745
322.547098  -0.061755
322.567097  -0.061713
322.587097  -0.061745
322.607096  -0.061734
322.627095  -0.061724
322.647094  -0.061734
322.667093  -0.061682
322.687093  -0.061734
322.707092  -0.061755
322.727091  -0.061755
322.747090  -0.061776
322.767089  -0.061734
322.787089  -0.061766
322.807088  -0.061745
322.827087  -0.061724
322.847086  -0.061776
322.867085  -0.061755
322.887085  -0.061776
322.907084  -0.061808
322.927083  -0.061787
322.947082  -0.061787
322.967081  -0.061776
322.987081  -0.061776
323.007080  -0.061734
323.027079  -0.061839
323.047078  -0.061818
323.067077  -0.061787
323.087077  -0.061829
323.107076  -0.061808
323.127075  -0.061860
323.147074  -0.061787
323.167073  -0.061776
323.187073  -0.061787
323.207072  -0.061818
323.227071  -0.061808
323.247070  -0.061797
323.267069  -0.061818
323.287069  -0.061850
323.307068  -0.061829
323.327067  -0.061839
323.347066  -0.061829
323.367065  -0.061860
323.387065  -0.061839
323.407064  -0.061829
323.427063  -0.061839
323.447062  -0.061818
323.467061  -0.061839
323.487061  -0.061860
323.507060  -0.061850
323.527059  -0.061850
323.547058  -0.061871
323.567057  -0.061871
323.587057  -0.061871
323.607056  -0.061881
323.627055  -0.061892
323.647054  -0.061881
323.667053  -0.061839
323.687053  -0.061871
323.707052  -0.061850
323.727051  -0.061860
323.747050  -0.061871
323.767049  -0.061881
323.787049  -0.061839
323.807048  -0.061913
323.827047  -0.061892
323.847046  -0.061860
323.867045  -0.061892
323.887045  -0.061913
323.907044  -0.061860
323.927043  -0.061850
323.947042  -0.061902
323.967041  -0.061881
323.987041  -0.061881
324.007040  -0.061902
324.027039  -0.061913
324.047038  -0.061871
324.067037  -0.061902
324.087037  -0.061923
324.107036  -0.061923
324.127035  -0.061913
324.147034  -0.061913
324.167033  -0.061913
324.187033  -0.061934
324.207032  -0.061965
324.227031  -0.061944
324.247030  -0.061955
324.267029  -0.061934
324.287029  -0.061934
324.307028  -0.061902
324.327027  -0.061944
324.347026  -0.061955
324.367025  -0.061934
324.387025  -0.061965
324.407024  -0.061986
324.427023  -0.061965
324.447022  -0.061976
324.467021  -0.061955
324.487021  -0.061976
324.507020  -0.061986
324.527019  -0.061944
324.547018  -0.062007
324.567017  -0.061965
324.587017  -0.061986
324.607016  -0.061944
324.627015  -0.061955
324.647014  -0.061955
324.667013  -0.061955
324.687013  -0.061976
324.707012  -0.061986
324.727011  -0.061986
324.747010  -0.061997
324.767009  -0.062007
324.787009  -0.062007
324.807008  -0.062007
324.827007  -0.062049
324.847006  -0.061976
324.867005  -0.062018
324.887005  -0.062007
324.907004  -0.062039
324.927003  -0.061986
324.947002  -0.062018
324.967001  -0.061986
324.987001  -0.062028
325.007000  -0.062028
325.026999  -0.061986
325.046998  -0.062049
325.066997  -0.062049
325.086997  -0.061986
325.106996  -0.062039
325.126995  -0.062049
325.146994  -0.062028
325.166993  -0.062049
325.186993  -0.062060
325.206992  -0.061997
325.226991  -0.062028
325.246990  -0.062039
325.266989  -0.062028
325.286989  -0.062060
325.306988  -0.062028
325.326987  -0.061997
325.346986  -0.062060
325.366985  -0.062070
325.386985  -0.062091
325.406984  -0.062049
325.426983  -0.062018
325.446982  -0.062039
325.466981  -0.062081
325.486981  -0.062081
325.506980  -0.062049
325.526979  -0.062039
325.546978  -0.062060
325.566977  -0.062102
325.586977  -0.062081
325.606976  -0.062081
325.626975  -0.062102
325.646974  -0.062102
325.666973  -0.062070
325.686973  -0.062070
325.706972  -0.062112
325.726971  -0.062112
325.746970  -0.062081
325.766969  -0.062091
325.786969  -0.062081
325.806968  -0.062112
325.826967  -0.062102
325.846966  -0.062060
325.866965  -0.062091
325.886965  -0.062060
325.906964  -0.062070
325.926963  -0.062081
325.946962  -0.062081
325.966961  -0.062112
325.986961  -0.062112
326.006960  -0.062091
326.026959  -0.062049
326.046958  -0.062123
326.066957  -0.062102
326.086957  -0.062133
326.106956  -0.062154
326.126955  -0.062123
326.146954  -0.062144
326.166953  -0.062112
326.186953  -0.062175
326.206952  -0.062123
326.226951  -0.062186
326.246950  -0.062165
326.266949  -0.062133
326.286949  -0.062154
326.306948  -0.062133
326.326947  -0.062144
326.346946  -0.062175
326.366945  -0.062175
326.386945  -0.062165
326.406944  -0.062154
326.426943  -0.062165
326.446942  -0.062175
326.466941  -0.062175
326.486941  -0.062144
326.506940  -0.062112
326.526939  -0.062165
326.546938  -0.062154
326.566937  -0.062154
326.586937  -0.062144
326.606936  -0.062154
326.626935  -0.062165
326.646934  -0.062154
326.666933  -0.062196
326.686933  -0.062175
326.706932  -0.062133
326.726931  -0.062175
326.746930  -0.062196
326.766929  -0.062175
326.786929  -0.062207
326.806928  -0.062154
326.826927  -0.062154
326.846926  -0.062196
326.866925  -0.062207
326.886925  -0.062217
326.906924  -0.062217
326.926923  -0.062207
326.946922  -0.062249
326.966921  -0.062207
326.986921  -0.062196
327.006920  -0.062238
327.026919  -0.062207
327.046918  -0.062228
327.066917  -0.062249
327.086917  -0.062207
327.106916  -0.062217
327.126915  -0.062217
327.146914  -0.062217
327.166913  -0.062228
327.186913  -0.062249
327.206912  -0.062259
327.226911  -0.062238
327.246910  -0.062207
327.266909  -0.062291
327.286909  -0.062249
327.306908  -0.062249
327.326907  -0.062249
327.346906  -0.062228
327.366905  -0.062291
327.386905  -0.062259
327.406904  -0.062270
327.426903  -0.062270
327.446902  -0.062238
327.466901  -0.062291
327.486901  -0.062270
327.506900  -0.062312
327.526899  -0.062312
327.546898  -0.062249
327.566897  -0.062322
327.586897  -0.062301
327.606896  -0.062301
327.626895  -0.062259
327.646894  -0.062291
327.666893  -0.062322
327.686893  -0.062291
327.706892  -0.062322
327.726891  -0.062280
327.746890  -0.062291
327.766889  -0.062291
327.786889  -0.062301
327.806888  -0.062280
327.826887  -0.062322
327.846886  -0.062280
327.866885  -0.062291
327.886885  -0.062301
327.906884  -0.062312
327.926883  -0.062322
327.946882  -0.062322
327.966881  -0.062322
327.986881  -0.062322
328.006880  -0.062333
328.026879  -0.062322
328.046878  -0.062333
328.066877  -0.062291
328.086877  -0.062343
328.106876  -0.062354
328.126875  -0.062343
328.146874  -0.062364
328.166873  -0.062364
328.186873  -0.062354
328.206872  -0.062312
328.226871  -0.062375
328.246870  -0.062427
328.266869  -0.062364
328.286869  -0.062354
328.306868  -0.062375
328.326867  -0.062375
328.346866  -0.062354
328.366865  -0.062364
328.386865  -0.062385
328.406864  -0.062364
328.426863  -0.062354
328.446862  -0.062322
328.466861  -0.062375
328.486861  -0.062375
328.506860  -0.062375
328.526859  -0.062396
328.546858  -0.062354
328.566857  -0.062396
328.586857  -0.062364
328.606856  -0.062375
328.626855  -0.062396
328.646854  -0.062406
328.666853  -0.062375
328.686853  -0.062364
328.706852  -0.062417
328.726851  -0.062417
328.746850  -0.062385
328.766849  -0.062385
328.786849  -0.062396
328.806848  -0.062427
328.826847  -0.062396
328.846846  -0.062385
328.866845  -0.062406
328.886845  -0.062417
328.906844  -0.062448
328.926843  -0.062427
328.946842  -0.062406
328.966841  -0.062406
328.986841  -0.062438
329.006840  -0.062406
329.026839  -0.062385
329.046838  -0.062427
329.066837  -0.062427
329.086837  -0.062417
329.106836  -0.062406
329.126835  -0.062427
329.146834  -0.062427
329.166833  -0.062448
329.186833  -0.062406
329.206832  -0.062459
329.226831  -0.062469
329.246830  -0.062448
329.266829  -0.062438
329.286829  -0.062469
329.306828  -0.062427
329.326827  -0.062448
329.346826  -0.062459
329.366825  -0.062469
329.386825  -0.062448
329.406824  -0.062501
329.426823  -0.062448
329.446822  -0.062480
329.466821  -0.062490
329.486821  -0.062469
329.506820  -0.062427
329.526819  -0.062469
329.546818  -0.062501
329.566817  -0.062469
329.586817  -0.062490
329.606816  -0.062512
329.626815  -0.062501
329.646814  -0.062469
329.666813  -0.062501
329.686813  -0.062490
329.706812  -0.062448
329.726811  -0.062480
329.746810  -0.062480
329.766809  -0.062490
329.786809  -0.062501
329.806808  -0.062522
329.826807  -0.062501
329.846806  -0.062512
329.866805  -0.062512
329.886805  -0.062512
329.906804  -0.062522
329.926803  -0.062512
329.946802  -0.062459
329.966801  -0.062543
329.986801  -0.062543
330.006800  -0.062522
330.026799  -0.062543
330.046798  -0.062543
330.066797  -0.062543
330.086797  -0.062490
330.106796  -0.062522
330.126795  -0.062533
330.146794  -0.062512
330.166793  -0.062575
330.186793  -0.062554
330.206792  -0.062543
330.226791  -0.062543
330.246790  -0.062554
330.266789  -0.062533
330.286789  -0.062512
330.306788  -0.062543
330.326787  -0.062564
330.346786  -0.062575
330.366785  -0.062554
330.386785  -0.062512
330.406784  -0.062543
330.426783  -0.062575
330.446782  -0.062564
330.466781  -0.062543
330.486781  -0.062512
330.506780  -0.062575
330.526779  -0.062575
330.546778  -0.062564
330.566777  -0.062564
330.586777  -0.062575
330.606776  -0.062606
330.626775  -0.062617
330.646774  -0.062575
330.666773  -0.062564
330.686773  -0.062585
330.706772  -0.062617
330.726771  -0.062617
330.746770  -0.062585
330.766769  -0.062627
330.786769  -0.062596
330.806768  -0.062575
330.826767  -0.062575
330.846766  -0.062585
330.866765  -0.062533
330.886765  -0.062596
330.906764  -0.062596
330.926763  -0.062585
330.946762  -0.062627
330.966761  -0.062617
330.986761  -0.062606
331.006760  -0.062648
331.026759  -0.062596
331.046758  -0.062564
331.066757  -0.062648
331.086757  -0.062806
331.106756  -0.062806
331.126755  -0.062827
331.146754  -0.062848
331.166753  -0.062879
331.186753  -0.062890
331.206752  -0.062869
331.226751  -0.062858
331.246750  -0.062900
331.266749  -0.062932
331.286749  -0.063005
331.306748  -0.063037
331.326747  -0.063037
331.346746  -0.063047
331.366745  -0.063037
331.386745  -0.063089
331.406744  -0.063058
331.426743  -0.063089
331.446742  -0.063058
331.466741  -0.063121
331.486741  -0.063152
331.506740  -0.063142
331.526739  -0.063142
331.546738  -0.063152
331.566737  -0.063205
331.586737  -0.063163
331.606736  -0.063184
331.626735  -0.063131
331.646734  -0.063226
331.666733  -0.063215
331.686733  -0.063236
331.706732  -0.063226
331.726731  -0.063184
331.746730  -0.063257
331.766729  -0.063289
331.786729  -0.063194
331.806728  -0.063289
331.826727  -0.063289
331.846726  -0.063341
331.866725  -0.063310
331.886725  -0.063310
331.906724  -0.063310
331.926723  -0.063320
331.946722  -0.063341
331.966721  -0.063352
331.986721  -0.063394
332.006720  -0.063405
332.026719  -0.063331
332.046718  -0.063205
332.066717  -0.063152
332.086717  -0.063037
332.106716  -0.062963
332.126715  -0.062963
332.146714  -0.062879
332.166713  -0.062827
332.186713  -0.062711
332.206712  -0.062617
332.226711  -0.062554
332.246710  -0.062490
332.266709  -0.062406
332.286709  -0.062312
332.306708  -0.062249
332.326707  -0.062165
332.346706  -0.062081
332.366705  -0.061986
332.386705  -0.061923
332.406704  -0.061818
332.426703  -0.061745
332.446702  -0.061640
332.466701  -0.061608
332.486701  -0.061513
332.506700  -0.061398
332.526699  -0.061335
332.546698  -0.061293
332.566697  -0.061219
332.586697  -0.061156
332.606696  -0.061083
332.626695  -0.060915
332.646694  -0.060946
332.666693  -0.060852
332.686693  -0.060768
332.706692  -0.060683
332.726691  -0.060599
332.746690  -0.060599
332.766689  -0.060484
332.786689  -0.060431
332.806688  -0.060358
332.826687  -0.060263
332.846686  -0.060232
332.866685  -0.060095
332.886685  -0.060022
332.906684  -0.059969
332.926683  -0.059896
332.946682  -0.059769
332.966681  -0.059706
332.986681  -0.059654
333.006680  -0.059528
333.026679  -0.059538
333.046678  -0.059454
333.066677  -0.059349
333.086677  -0.059286
333.106676  -0.059265
333.126675  -0.059202
333.146674  -0.059087
333.166673  -0.059055
333.186673  -0.059013
333.206672  -0.058950
333.226671  -0.058866
333.246670  -0.058824
333.266669  -0.058698
333.286669  -0.058729
333.306668  -0.058666
333.326667  -0.058551
333.346666  -0.058467
333.366665  -0.058456
333.386665  -0.058393
333.406664  -0.058362
333.426663  -0.058299
333.446662  -0.058194
333.466661  -0.058130
333.486661  -0.058109
333.506660  -0.058057
333.526659  -0.057973
333.546658  -0.057889
333.566657  -0.057878
333.586657  -0.057784
333.606656  -0.057721
333.626655  -0.057647
333.646654  -0.057595
333.666653  -0.057553
333.686653  -0.057469
333.706652  -0.057469
333.726651  -0.057364
333.746650  -0.057322
333.766649  -0.057290
333.786649  -0.057206
333.806648  -0.057122
333.826647  -0.057080
333.846646  -0.057017
333.866645  -0.056933
333.886645  -0.056933
333.906644  -0.056828
333.926643  -0.056817
333.946642  -0.056765
333.966641  -0.056702
333.986641  -0.056649
334.006640  -0.056534
334.026639  -0.056555
334.046638  -0.056502
334.066637  -0.056386
334.086637  -0.056365
334.106636  -0.056313
334.126635  -0.056250
334.146634  -0.056155
334.166633  -0.056124
334.186633  -0.056103
334.206632  -0.056029
334.226631  -0.055935
334.246630  -0.055872
334.266629  -0.055851
334.286629  -0.055819
334.306628  -0.055746
334.326627  -0.055651
334.346626  -0.055662
334.366625  -0.055599
334.386625  -0.055504
334.406624  -0.055483
334.426623  -0.055441
334.446622  -0.055378
334.466621  -0.055336
334.486621  -0.055262
334.506620  -0.055231
334.526619  -0.055157
334.546618  -0.055094
334.566617  -0.055073
334.586617  -0.055031
334.606616  -0.054958
334.626615  -0.054853
334.646614  -0.054842
334.666613  -0.054800
334.686613  -0.054758
334.706612  -0.054695
334.726611  -0.054611
334.746610  -0.054590
334.766609  -0.054516
334.786609  -0.054474
334.806608  -0.054443
334.826607  -0.054401
334.846606  -0.054348
334.866605  -0.054264
334.886605  -0.054222
334.906604  -0.054170
334.926603  -0.054107
334.946602  -0.054054
334.966601  -0.054002
334.986601  -0.054002
335.006600  -0.053939
335.026599  -0.053876
335.046598  -0.053834
335.066597  -0.053749
335.086597  -0.053665
335.106596  -0.053592
335.126595  -0.053518
335.146594  -0.053518
335.166593  -0.053424
335.186593  -0.053371
335.206592  -0.053319
335.226591  -0.053193
335.246590  -0.053203
335.266589  -0.053140
335.286589  -0.053035
335.306588  -0.053014
335.326587  -0.052930
335.346586  -0.052867
335.366585  -0.052867
335.386585  -0.052751
335.406584  -0.052699
335.426583  -0.052615
335.446582  -0.052573
335.466581  -0.052478
335.486581  -0.052447
335.506580  -0.052405
335.526579  -0.052373
335.546578  -0.052268
335.566577  -0.052247
335.586577  -0.052216
335.606576  -0.052142
335.626575  -0.052079
335.646574  -0.051963
335.666573  -0.051932
335.686573  -0.051900
335.706572  -0.051816
335.726571  -0.051774
335.746570  -0.051722
335.766569  -0.051680
335.786569  -0.051627
335.806568  -0.051585
335.826567  -0.051522
335.846566  -0.051480
335.866565  -0.051375
335.886565  -0.051365
335.906564  -0.051302
335.926563  -0.051239
335.946562  -0.051175
335.966561  -0.051133
335.986561  -0.051070
336.006560  -0.050997
336.026559  -0.050923
336.046558  -0.050923
336.066557  -0.050829
336.086557  -0.050787
336.106556  -0.050745
336.126555  -0.050682
336.146554  -0.050640
336.166553  -0.050577
336.186553  -0.050493
336.206552  -0.050461
336.226551  -0.050430
336.246550  -0.050377
336.266549  -0.050293
336.286549  -0.050282
336.306548  -0.050240
336.326547  -0.050146
336.346546  -0.050146
336.366545  -0.050051
336.386545  -0.050009
336.406544  -0.049957
336.426543  -0.049936
336.446542  -0.049883
336.466541  -0.049778
336.486541  -0.049810
336.506540  -0.049705
336.526539  -0.049663
336.546538  -0.049600
336.566537  -0.049516
336.586537  -0.049600
336.606536  -0.049516
336.626535  -0.049358
336.646534  -0.049284
336.666533  -0.049358
336.686533  -0.049421
336.706532  -0.049179
336.726531  -0.049085
336.746530  -0.049085
336.766529  -0.049200
336.786529  -0.049158
336.806528  -0.048959
336.826527  -0.048843
336.846526  -0.048959
336.866525  -0.049032
336.886525  -0.048875
336.906524  -0.048675
336.926523  -0.048675
336.946522  -0.048780
336.966521  -0.048770
336.986521  -0.048549
337.006520  -0.048465
337.026519  -0.048549
337.046518  -0.048665
337.066517  -0.048528
337.086517  -0.048286
337.106516  -0.048297
337.126515  -0.048381
337.146514  -0.048297
337.166513  -0.048097
337.186513  -0.048150
337.206512  -0.048171
337.226511  -0.048055
337.246510  -0.047961
337.266509  -0.047971
337.286509  -0.047961
337.306508  -0.047887
337.326507  -0.047940
337.346506  -0.047877
337.366505  -0.047656
337.386505  -0.047687
337.406504  -0.047772
337.426503  -0.047751
337.446502  -0.047614
337.466501  -0.047509
337.486501  -0.047519
337.506500  -0.047635
337.526499  -0.047530
337.546498  -0.047278
337.566497  -0.047288
337.586497  -0.047446
337.606496  -0.047383
337.626495  -0.047162
337.646494  -0.047110
337.666493  -0.047183
337.686493  -0.047246
337.706492  -0.047141
337.726491  -0.046910
337.746490  -0.046942
337.766489  -0.047162
337.786489  -0.047068
337.806488  -0.046826
337.826487  -0.046752
337.846486  -0.046900
337.866485  -0.046963
337.886485  -0.046763
337.906484  -0.046595
337.926483  -0.046605
337.946482  -0.046805
337.966481  -0.046752
337.986481  -0.046584
338.006480  -0.046479
338.026479  -0.046500
338.046478  -0.046521
338.066477  -0.046553
338.086477  -0.046280
338.106476  -0.046269
338.126475  -0.046343
338.146474  -0.046364
338.166473  -0.046301
338.186473  -0.046133
338.206472  -0.046122
338.226471  -0.046248
338.246470  -0.046248
338.266469  -0.046028
338.286469  -0.045943
338.306468  -0.046017
338.326467  -0.046122
338.346466  -0.046028
338.366465  -0.045838
338.386465  -0.045817
338.406464  -0.045933
338.426463  -0.046017
338.446462  -0.045775
338.466461  -0.045660
338.486461  -0.045733
338.506460  -0.045870
338.526459  -0.045691
338.546458  -0.045607
338.566457  -0.045555
338.586457  -0.045660
338.606456  -0.045639
338.626455  -0.045502
338.646454  -0.045408
338.666453  -0.045397
338.686453  -0.045460
338.706452  -0.045439
338.726451  -0.045292
338.746450  -0.045198
338.766449  -0.045303
338.786449  -0.045334
338.806448  -0.045261
338.826447  -0.045050
338.846446  -0.045092
338.866445  -0.045187
338.886445  -0.045198
338.906444  -0.045050
338.926443  -0.044903
338.946442  -0.045071
338.966441  -0.045156
338.986441  -0.045040
339.006440  -0.044872
339.026439  -0.044893
339.046438  -0.044945
339.066437  -0.044924
339.086437  -0.044809
339.106436  -0.044735
339.126435  -0.044777
339.146434  -0.044851
339.166433  -0.044840
339.186433  -0.044662
339.206432  -0.044609
339.226431  -0.044672
339.246430  -0.044714
339.266429  -0.044641
339.286429  -0.044452
339.306428  -0.044473
339.326427  -0.044588
339.346426  -0.044599
339.366425  -0.044420
339.386425  -0.044347
339.406424  -0.044441
339.426423  -0.044546
339.446422  -0.044389
339.466421  -0.044210
339.486421  -0.044326
339.506420  -0.044431
339.526419  -0.044410
339.546418  -0.044220
339.566417  -0.044168
339.586417  -0.044241
339.606416  -0.044241
339.626415  -0.044147
339.646414  -0.044084
339.666413  -0.044052
339.686413  -0.044115
339.706412  -0.044136
339.726411  -0.044031
339.746410  -0.043895
339.766409  -0.043968
339.786409  -0.044094
339.806408  -0.044021
339.826407  -0.043874
339.846406  -0.043779
339.866405  -0.043968
339.886405  -0.044042
339.906404  -0.043853
339.926403  -0.043716
339.946402  -0.043758
339.966401  -0.043853
339.986401  -0.043811
340.006400  -0.043695
340.026399  -0.043653
340.046398  -0.043727
340.066397  -0.043790
340.086397  -0.043674
340.106396  -0.043527
340.126395  -0.043580
340.146394  -0.043706
340.166393  -0.043695
340.186393  -0.043538
340.206392  -0.043401
340.226391  -0.043548
340.246390  -0.043706
340.266389  -0.043580
340.286389  -0.043412
340.306388  -0.043464
340.326387  -0.043527
340.346386  -0.043527
340.366385  -0.043369
340.386385  -0.043317
340.406384  -0.043412
340.426383  -0.043443
340.446382  -0.043380
340.466381  -0.043264
340.486381  -0.043222
340.506380  -0.043296
340.526379  -0.043306
340.546378  -0.043233
340.566377  -0.043128
340.586377  -0.043159
340.606376  -0.043306
340.626375  -0.043306
340.646374  -0.043096
340.666373  -0.043033
340.686373  -0.043128
340.706372  -0.043243
340.726371  -0.043086
340.746370  -0.042918
340.766369  -0.043044
340.786369  -0.043107
340.806368  -0.043128
340.826367  -0.043012
340.846366  -0.042960
340.866365  -0.042970
340.886365  -0.043128
340.906364  -0.043012
340.926363  -0.042886
340.946362  -0.042918
340.966361  -0.043002
340.986361  -0.042981
341.006360  -0.042897
341.026359  -0.042834
341.046358  -0.042897
341.066357  -0.043002
341.086357  -0.042928
341.106356  -0.042739
341.126355  -0.042750
341.146354  -0.042876
341.166353  -0.042897
341.186353  -0.042771
341.206352  -0.042718
341.226351  -0.042750
341.246350  -0.042823
341.266349  -0.042771
341.286349  -0.042676
341.306348  -0.042645
341.326347  -0.042718
341.346346  -0.042729
341.366345  -0.042666
341.386345  -0.042582
341.406344  -0.042571
341.426343  -0.042687
341.446342  -0.042624
341.466341  -0.042540
341.486341  -0.042592
341.506340  -0.042561
341.526339  -0.042540
341.546338  -0.042529
341.566337  -0.042497
341.586337  -0.042540
341.606336  -0.042455
341.626335  -0.042508
341.646334  -0.042308
341.666333  -0.042413
341.686333  -0.042666
341.706332  -0.042624
341.726331  -0.042466
341.746330  -0.042476
341.766329  -0.042508
341.786329  -0.042561
341.806328  -0.042466
341.826327  -0.042403
341.846326  -0.042445
341.866325  -0.042466
341.886325  -0.042466
341.906324  -0.042434
341.926323  -0.042392
341.946322  -0.042392
341.966321  -0.042403
341.986321  -0.042392
342.006320  -0.042350
342.026319  -0.042340
342.046318  -0.042350
342.066317  -0.042445
342.086317  -0.042361
342.106316  -0.042256
342.126315  -0.042319
342.146314  -0.042403
342.166313  -0.042497
342.186313  -0.042392
342.206312  -0.042298
342.226311  -0.042361
342.246310  -0.042424
342.266309  -0.042424
342.286309  -0.042392
342.306308  -0.042319
342.326307  -0.042382
342.346306  -0.042434
342.366305  -0.042382
342.386305  -0.042329
342.406304  -0.042308
342.426303  -0.042413
342.446302  -0.042329
342.466301  -0.042308
342.486301  -0.042308
342.506300  -0.042361
342.526299  -0.042319
342.546298  -0.042287
342.566297  -0.042287
342.586297  -0.042319
342.606296  -0.042287
342.626295  -0.042287
342.646294  -0.042308
342.666293  -0.042245
342.686293  -0.042350
342.706292  -0.042529
342.726291  -0.042424
342.746290  -0.042329
342.766289  -0.042361
342.786289  -0.042455
342.806288  -0.042434
342.826287  -0.042382
342.846286  -0.042371
342.866285  -0.042340
342.886285  -0.042424
342.906284  -0.042455
342.926283  -0.042403
342.946282  -0.042434
342.966281  -0.042434
342.986281  -0.042455
343.006280  -0.042424
343.026279  -0.042403
343.046278  -0.042424
343.066277  -0.042424
343.086277  -0.042445
343.106276  -0.042497
343.126275  -0.042424
343.146274  -0.042424
343.166273  -0.042455
343.186273  -0.042445
343.206272  -0.042413
343.226271  -0.042434
343.246270  -0.042561
343.266269  -0.042582
343.286269  -0.042497
343.306268  -0.042445
343.326267  -0.042571
343.346266  -0.042655
343.366265  -0.042666
343.386265  -0.042529
343.406264  -0.042519
343.426263  -0.042666
343.446262  -0.042708
343.466261  -0.042645
343.486261  -0.042603
343.506260  -0.042666
343.526259  -0.042718
343.546258  -0.042729
343.566257  -0.042687
343.586257  -0.042697
343.606256  -0.042697
343.626255  -0.042739
343.646254  -0.042750
343.666253  -0.042739
343.686253  -0.042729
343.706252  -0.042802
343.726251  -0.042739
343.746250  -0.042781
343.766249  -0.042760
343.786249  -0.042792
343.806248  -0.042792
343.826247  -0.042802
343.846246  -0.042813
343.866245  -0.042813
343.886245  -0.042844
343.906244  -0.042813
343.926243  -0.042823
343.946242  -0.042855
343.966241  -0.042876
343.986241  -0.042886
344.006240  -0.042886
344.026239  -0.042928
344.046238  -0.042886
344.066237  -0.042918
344.086237  -0.042907
344.106236  -0.042918
344.126235  -0.042960
344.146234  -0.042928
344.166233  -0.042949
344.186233  -0.042991
344.206232  -0.042970
344.226231  -0.043012
344.246230  -0.042991
344.266229  -0.042991
344.286229  -0.043044
344.306228  -0.043033
344.326227  -0.043054
344.346226  -0.043086
344.366225  -0.043086
344.386225  -0.043149
344.406224  -0.043170
344.426223  -0.043096
344.446222  -0.043086
344.466221  -0.043138
344.486221  -0.043170
344.506220  -0.043138
344.526219  -0.043159
344.546218  -0.043212
344.566217  -0.043243
344.586217  -0.043212
344.606216  -0.043212
344.626215  -0.043285
344.646214  -0.043264
344.666213  -0.043285
344.686213  -0.043327
344.706212  -0.043296
344.726211  -0.043348
344.746210  -0.043338
344.766209  -0.043401
344.786209  -0.043412
344.806208  -0.043412
344.826207  -0.043422
344.846206  -0.043433
344.866205  -0.043464
344.886205  -0.043485
344.906204  -0.043496
344.926203  -0.043517
344.946202  -0.043538
344.966201  -0.043538
344.986201  -0.043569
345.006200  -0.043580
345.026199  -0.043559
345.046198  -0.043538
345.066197  -0.043527
345.086197  -0.043485
345.106196  -0.043475
345.126195  -0.043464
345.146194  -0.043454
345.166193  -0.043422
345.186193  -0.043391
345.206192  -0.043380
345.226191  -0.043338
345.246190  -0.043327
345.266189  -0.043338
345.286189  -0.043275
345.306188  -0.043285
345.326187  -0.043222
345.346186  -0.043201
345.366185  -0.043212
345.386185  -0.043191
345.406184  -0.043138
345.426183  -0.043138
345.446182  -0.043107
345.466181  -0.043075
345.486181  -0.043054
345.506180  -0.043054
345.526179  -0.043033
345.546178  -0.042991
345.566177  -0.042960
345.586177  -0.042970
345.606176  -0.042949
345.626175  -0.042918
345.646174  -0.042928
345.666173  -0.042844
345.686173  -0.042876
345.706172  -0.042865
345.726171  -0.042834
345.746170  -0.042781
345.766169  -0.042781
345.786169  -0.042760
345.806168  -0.042697
345.826167  -0.042697
345.846166  -0.042687
345.866165  -0.042676
345.886165  -0.042676
345.906164  -0.042655
345.926163  -0.042634
345.946162  -0.042603
345.966161  -0.042624
345.986161  -0.042645
346.006160  -0.042697
346.026159  -0.042603
346.046158  -0.042550
346.066157  -0.042571
346.086157  -0.042613
346.106156  -0.042561
346.126155  -0.042487
346.146154  -0.042476
346.166153  -0.042582
346.186153  -0.042582
346.206152  -0.042487
346.226151  -0.042424
346.246150  -0.042476
346.266149  -0.042508
346.286149  -0.042497
346.306148  -0.042392
346.326147  -0.042350
346.346146  -0.042424
346.366145  -0.042455
346.386145  -0.042392
346.406144  -0.042413
346.426143  -0.042382
346.446142  -0.042382
346.466141  -0.042340
346.486141  -0.042350
346.506140  -0.042329
346.526139  -0.042340
346.546138  -0.042308
346.566137  -0.042277
346.586137  -0.042287
346.606136  -0.042298
346.626135  -0.042256
346.646134  -0.042277
346.666133  -0.042256
346.686133  -0.042266
346.706132  -0.042182
346.726131  -0.042172
346.746130  -0.042161
346.766129  -0.042161
346.786129  -0.042140
346.806128  -0.042130
346.826127  -0.042140
346.846126  -0.042119
346.866125  -0.042088
346.886125  -0.042151
346.906124  -0.042235
346.926123  -0.042151
346.946122  -0.042077
346.966121  -0.042056
346.986121  -0.042140
347.006120  -0.042140
347.026119  -0.042077
347.046118  -0.042046
347.066117  -0.042109
347.086117  -0.042067
347.106116  -0.042035
347.126115  -0.042046
347.146114  -0.042056
347.166113  -0.042046
347.186113  -0.042035
347.206112  -0.042004
347.226111  -0.042004
347.246110  -0.041993
347.266109  -0.041972
347.286109  -0.041941
347.306108  -0.041962
347.326107  -0.041920
347.346106  -0.041941
347.366105  -0.042025
347.386105  -0.041951
347.406104  -0.041836
347.426103  -0.041888
347.446102  -0.042025
347.466101  -0.041972
347.486101  -0.041920
347.506100  -0.041909
347.526099  -0.041878
347.546098  -0.041962
347.566097  -0.041941
347.586097  -0.041867
347.606096  -0.041857
347.626095  -0.041920
347.646094  -0.041909
347.666093  -0.041825
347.686093  -0.041846
347.706092  -0.041836
347.726091  -0.041836
347.746090  -0.041825
347.766089  -0.041794
347.786089  -0.041815
347.806088  -0.041804
347.826087  -0.041783
347.846086  -0.041773
347.866085  -0.041741
347.886085  -0.041731
347.906084  -0.041720
347.926083  -0.041710
347.946082  -0.041741
347.966081  -0.041731
347.986081  -0.041668
348.006080  -0.041741
348.026079  -0.041668
348.046078  -0.041594
348.066077  -0.041657
348.086077  -0.041720
348.106076  -0.041731
348.126075  -0.041668
348.146074  -0.041615
348.166073  -0.041657
348.186073  -0.041689
348.206072  -0.041636
348.226071  -0.041594
348.246070  -0.041573
348.266069  -0.041646
348.286069  -0.041668
348.306068  -0.041604
348.326067  -0.041573
348.346066  -0.041636
348.366065  -0.041573
348.386065  -0.041573
348.406064  -0.041541
348.426063  -0.041562
348.446062  -0.041541
348.466061  -0.041531
348.486061  -0.041520
348.506060  -0.041489
348.526059  -0.041426
348.546058  -0.041468
348.566057  -0.041457
348.586057  -0.041426
348.606056  -0.041426
348.626055  -0.041531
348.646054  -0.041541
348.666053  -0.041468
348.686053  -0.041405
348.706052  -0.041457
348.726051  -0.041499
348.746050  -0.041468
348.766049  -0.041405
348.786049  -0.041384
348.806048  -0.041457
348.826047  -0.041447
348.846046  -0.041415
348.866045  -0.041363
348.886045  -0.041405
348.906044  -0.041373
348.926043  -0.041405
348.946042  -0.041363
348.966041  -0.041331
348.986041  -0.041363
349.006040  -0.041373
349.026039  -0.041384
349.046038  -0.041331
349.066037  -0.041352
349.086037  -0.041331
349.106036  -0.041300
349.126035  -0.041331
349.146034  -0.041321
349.166033  -0.041279
349.186033  -0.041247
349.206032  -0.041258
349.226031  -0.041237
349.246030  -0.041247
349.266029  -0.041247
349.286029  -0.041268
349.306028  -0.041268
349.326027  -0.041195
349.346026  -0.041205
349.366025  -0.041300
349.386025  -0.041258
349.406024  -0.041163
349.426023  -0.041132
349.446022  -0.041226
349.466021  -0.041300
349.486021  -0.041195
349.506020  -0.041111
349.526019  -0.041174
349.546018  -0.041310
349.566017  -0.041289
349.586017  -0.041142
349.606016  -0.041132
349.626015  -0.041226
349.646014  -0.041279
349.666013  -0.041195
349.686013  -0.041163
349.706012  -0.041216
349.726011  -0.041279
349.746010  -0.041226
349.766009  -0.041184
349.786009  -0.041205
349.806008  -0.041205
349.826007  -0.041247
349.846006  -0.041205
349.866005  -0.041205
349.886005  -0.041195
349.906004  -0.041226
349.926003  -0.041163
349.946002  -0.041153
349.966001  -0.041153
349.986001  -0.041132
350.006000  -0.041153
350.025999  -0.041132
350.045998  -0.041163
350.065997  -0.041111
350.085997  -0.041111
350.105996  -0.041100
350.125995  -0.041090
350.145994  -0.041121
350.165993  -0.041100
350.185993  -0.041100
350.205992  -0.041048
350.225991  -0.041058
350.245990  -0.041058
350.265989  -0.041069
350.285989  -0.041016
350.305988  -0.041037
350.325987  -0.041037
350.345986  -0.041069
350.365985  -0.041058
350.385985  -0.040985
350.405984  -0.041016
350.425983  -0.040995
350.445982  -0.041037
350.465981  -0.041027
350.485981  -0.040985
350.505980  -0.040985
350.525979  -0.040985
350.545978  -0.041058
350.565977  -0.041079
350.585977  -0.040995
350.605976  -0.040932
350.625975  -0.041016
350.645974  -0.041100
350.665973  -0.041048
350.685973  -0.040953
350.705972  -0.040953
350.725971  -0.041058
350.745970  -0.041132
350.765969  -0.041016
350.785969  -0.040964
350.805968  -0.041006
350.825967  -0.041121
350.845966  -0.041048
350.865965  -0.040985
350.885965  -0.041058
350.905964  -0.041048
350.925963  -0.041069
350.945962  -0.041027
350.965961  -0.041006
350.985961  -0.041027
351.005960  -0.041048
351.025959  -0.041027
351.045958  -0.041006
351.065957  -0.041016
351.085957  -0.041006
351.105956  -0.040985
351.125955  -0.041037
351.145954  -0.041058
351.165953  -0.040974
351.185953  -0.040974
351.205952  -0.040985
351.225951  -0.040995
351.245950  -0.040995
351.265949  -0.040953
351.285949  -0.040985
351.305948  -0.040943
351.325947  -0.040922
351.345946  -0.040943
351.365945  -0.040943
351.385945  -0.040943
351.405944  -0.040953
351.425943  -0.040943
351.445942  -0.040890
351.465941  -0.040880
351.485941  -0.040911
351.505940  -0.040932
351.525939  -0.040890
351.545938  -0.040890
351.565937  -0.040943
351.585937  -0.040911
351.605936  -0.040869
351.625935  -0.040911
351.645934  -0.041016
351.665933  -0.041048
351.685933  -0.040859
351.705932  -0.040943
351.725931  -0.041016
351.745930  -0.041048
351.765929  -0.040964
351.785929  -0.040943
351.805928  -0.040974
351.825927  -0.041016
351.845926  -0.040995
351.865925  -0.040964
351.885925  -0.040964
351.905924  -0.041006
351.925923  -0.040964
351.945922  -0.040953
351.965921  -0.040974
351.985921  -0.040964
352.005920  -0.040985
352.025919  -0.040922
352.045918  -0.040974
352.065917  -0.040985
352.085917  -0.040953
352.105916  -0.040974
352.125915  -0.040953
352.145914  -0.040974
352.165913  -0.040943
352.185913  -0.040964
352.205912  -0.040985
352.225911  -0.041027
352.245910  -0.040932
352.265909  -0.040922
352.285909  -0.040922
352.305908  -0.040943
352.325907  -0.040943
352.345906  -0.040911
352.365905  -0.040922
352.385905  -0.040922
352.405904  -0.040869
352.425903  -0.040901
352.445902  -0.040922
352.465901  -0.040901
352.485901  -0.040901
352.505900  -0.040901
352.525899  -0.040890
352.545898  -0.040890
352.565897  -0.040890
352.585897  -0.040880
352.605896  -0.040901
352.625895  -0.040901
352.645894  -0.040911
352.665893  -0.040859
352.685893  -0.040880
352.705892  -0.040869
352.725891  -0.040890
352.745890  -0.040911
352.765889  -0.040890
352.785889  -0.040806
352.805888  -0.040848
352.825887  -0.040943
352.845886  -0.040985
352.865885  -0.040911
352.885885  -0.040890
352.905884  -0.040943
352.925883  -0.040985
352.945882  -0.040985
352.965881  -0.040943
352.985881  -0.040922
353.005880  -0.041016
353.025879  -0.040995
353.045878  -0.040985
353.065877  -0.040932
353.085877  -0.040974
353.105876  -0.040964
353.125875  -0.041006
353.145874  -0.040943
353.165873  -0.041006
353.185873  -0.040953
353.205872  -0.040932
353.225871  -0.040953
353.245870  -0.040964
353.265869  -0.040932
353.285869  -0.040953
353.305868  -0.040943
353.325867  -0.040922
353.345866  -0.040943
353.365865  -0.040974
353.385865  -0.040964
353.405864  -0.040953
353.425863  -0.040985
353.445862  -0.040901
353.465861  -0.040911
353.485861  -0.040943
353.505860  -0.040922
353.525859  -0.040974
353.545858  -0.040943
353.565857  -0.040953
353.585857  -0.040964
353.605856  -0.040932
353.625855  -0.040943
353.645854  -0.040932
353.665853  -0.040943
353.685853  -0.040964
353.705852  -0.040953
353.725851  -0.040932
353.745850  -0.040964
353.765849  -0.040922
353.785849  -0.040932
353.805848  -0.040974
353.825847  -0.040901
353.845846  -0.040922
353.865845  -0.040922
353.885845  -0.040943
353.905844  -0.040922
353.925843  -0.040911
353.945842  -0.040953
353.965841  -0.040922
353.985841  -0.040911
354.005840  -0.040953
354.025839  -0.040943
354.045838  -0.040911
354.065837  -0.040953
354.085837  -0.040943
354.105836  -0.040995
354.125835  -0.040964
354.145834  -0.040922
354.165833  -0.040901
354.185833  -0.040964
354.205832  -0.040985
354.225831  -0.040985
354.245830  -0.040922
354.265829  -0.040964
354.285829  -0.041006
354.305828  -0.041090
354.325827  -0.041006
354.345826  -0.040974
354.365825  -0.041006
354.385825  -0.041100
354.405824  -0.041048
354.425823  -0.040974
354.445822  -0.040995
354.465821  -0.041079
354.485821  -0.041058
354.505820  -0.041048
354.525819  -0.041058
354.545818  -0.041027
354.565817  -0.041048
354.585817  -0.041079
354.605816  -0.041100
354.625815  -0.041058
354.645814  -0.041048
354.665813  -0.041037
354.685813  -0.041048
354.705812  -0.041079
354.725811  -0.041100
354.745810  -0.041079
354.765809  -0.041069
354.785809  -0.041079
354.805808  -0.041058
354.825807  -0.041048
354.845806  -0.041111
354.865805  -0.041069
354.885805  -0.041079
354.905804  -0.041100
354.925803  -0.041048
354.945802  -0.041058
354.965801  -0.041048
354.985801  -0.041079
355.005800  -0.041100
355.025799  -0.041079
355.045798  -0.041069
355.065797  -0.041090
355.085797  -0.041090
355.105796  -0.041100
355.125795  -0.041079
355.145794  -0.041121
355.165793  -0.041111
355.185793  -0.041111
355.205792  -0.041079
355.225791  -0.041121
355.245790  -0.041111
355.265789  -0.041100
355.285789  -0.041058
355.305788  -0.041121
355.325787  -0.041121
355.345786  -0.041100
355.365785  -0.041121
355.385785  -0.041121
355.405784  -0.041132
355.425783  -0.041153
355.445782  -0.041142
355.465781  -0.041142
355.485781  -0.041121
355.505780  -0.041132
355.525779  -0.041142
355.545778  -0.041163
355.565777  -0.041153
355.585777  -0.041142
355.605776  -0.041163
355.625775  -0.041153
355.645774  -0.041163
355.665773  -0.041132
355.685773  -0.041163
355.705772  -0.041132
355.725771  -0.041132
355.745770  -0.041132
355.765769  -0.041163
355.785769  -0.041163
355.805768  -0.041153
355.825767  -0.041205
355.845766  -0.041142
355.865765  -0.041142
355.885765  -0.041153
355.905764  -0.041153
355.925763  -0.041142
355.945762  -0.041142
355.965761  -0.041174
355.985761  -0.041174
356.005760  -0.041153
356.025759  -0.041163
356.045758  -0.041174
356.065757  -0.041184
356.085757  -0.041153
356.105756  -0.041184
356.125755  -0.041195
356.145754  -0.041184
356.165753  -0.041153
356.185753  -0.041163
356.205752  -0.041205
356.225751  -0.041216
356.245750  -0.041184
356.265749  -0.041205
356.285749  -0.041184
356.305748  -0.041195
356.325747  -0.041184
356.345746  -0.041163
356.365745  -0.041216
356.385745  -0.041205
356.405744  -0.041216
356.425743  -0.041184
356.445742  -0.041205
356.465741  -0.041184
356.485741  -0.041195
356.505740  -0.041195
356.525739  -0.041216
356.545738  -0.041237
356.565737  -0.041216
356.585737  -0.041195
356.605736  -0.041205
356.625735  -0.041247
356.645734  -0.041237
356.665733  -0.041247
356.685733  -0.041247
356.705732  -0.041226
356.725731  -0.041268
356.745730  -0.041258
356.765729  -0.041268
356.785729  -0.041247
356.805728  -0.041289
356.825727  -0.041258
356.845726  -0.041268
356.865725  -0.041289
356.885725  -0.041237
356.905724  -0.041300
356.925723  -0.041279
356.945722  -0.041310
356.965721  -0.041300
356.985721  -0.041279
357.005720  -0.041289
357.025719  -0.041300
357.045718  -0.041289
357.065717  -0.041321
357.085717  -0.041300
357.105716  -0.041310
357.125715  -0.041310
357.145714  -0.041321
357.165713  -0.041310
357.185713  -0.041279
357.205712  -0.041321
357.225711  -0.041321
357.245710  -0.041342
357.265709  -0.041352
357.285709  -0.041363
357.305708  -0.041384
357.325707  -0.041352
357.345706  -0.041384
357.365705  -0.041352
357.385705  -0.041384
357.405704  -0.041394
357.425703  -0.041363
357.445702  -0.041405
357.465701  -0.041363
357.485701  -0.041394
357.505700  -0.041394
357.525699  -0.041394
357.545698  -0.041363
357.565697  -0.041405
357.585697  -0.041436
357.605696  -0.041394
357.625695  -0.041415
357.645694  -0.041394
357.665693  -0.041447
357.685693  -0.041436
357.705692  -0.041520
357.725691  -0.041436
357.745690  -0.041415
357.765689  -0.041447
357.785689  -0.041478
357.805688  -0.041436
357.825687  -0.041468
357.845686  -0.041510
357.865685  -0.041489
357.885685  -0.041489
357.905684  -0.041520
357.925683  -0.041520
357.945682  -0.041520
357.965681  -0.041520
357.985681  -0.041510
358.005680  -0.041510
358.025679  -0.041573
358.045678  -0.041510
358.065677  -0.041552
358.085677  -0.041552
358.105676  -0.041573
358.125675  -0.041562
358.145674  -0.041594
358.165673  -0.041615
358.185673  -0.041583
358.205672  -0.041604
358.225671  -0.041604
358.245670  -0.041604
358.265669  -0.041594
358.285669  -0.041583
358.305668  -0.041604
358.325667  -0.041594
358.345666  -0.041625
358.365665  -0.041646
358.385665  -0.041636
358.405664  -0.041646
358.425663  -0.041657
358.445662  -0.041625
358.465661  -0.041668
358.485661  -0.041657
358.505660  -0.041689
358.525659  -0.041636
358.545658  -0.041689
358.565657  -0.041710
358.585657  -0.041720
358.605656  -0.041741
358.625655  -0.041668
358.645654  -0.041720
358.665653  -0.041720
358.685653  -0.041720
358.705652  -0.041752
358.725651  -0.041741
358.745650  -0.041741
358.765649  -0.041762
358.785649  -0.041752
358.805648  -0.041752
358.825647  -0.041773
358.845646  -0.041773
358.865645  -0.041773
358.885645  -0.041794
358.905644  -0.041815
358.925643  -0.041804
358.945642  -0.041773
358.965641  -0.041794
358.985641  -0.041815
359.005640  -0.041857
359.025639  -0.041794
359.045638  -0.041846
359.065637  -0.041804
359.085637  -0.041794
359.105636  -0.041794
359.125635  -0.041825
359.145634  -0.041846
359.165633  -0.041846
359.185633  -0.041825
359.205632  -0.041846
359.225631  -0.041857
359.245630  -0.041899
359.265629  -0.041867
359.285629  -0.041878
359.305628  -0.041909
359.325627  -0.041920
359.345626  -0.041930
359.365625  -0.041888
359.385625  -0.041909
359.405624  -0.041941
359.425623  -0.041930
359.445622  -0.041951
359.465621  -0.041941
359.485621  -0.041962
359.505620  -0.041962
359.525619  -0.041983
359.545618  -0.041983
359.565617  -0.041951
359.585617  -0.041962
359.605616  -0.041962
359.625615  -0.041983
359.645614  -0.042025
359.665613  -0.041983
359.685613  -0.042004
359.705612  -0.042014
359.725611  -0.042004
359.745610  -0.041983
359.765609  -0.041983
359.785609  -0.042046
359.805608  -0.042035
359.825607  -0.042014
359.845606  -0.042067
359.865605  -0.042056
359.885605  -0.042046
359.905604  -0.042056
359.925603  -0.042067
359.945602  -0.042088
359.965601  -0.042046
359.985601  -0.042109
360.005600  -0.042088
360.025599  -0.042077
360.045598  -0.042119
360.065597  -0.042077
360.085597  -0.042130
360.105596  -0.042151
360.125595  -0.042161
360.145594  -0.042130
360.165593  -0.042140
360.185593  -0.042109
360.205592  -0.042140
360.225591  -0.042151
360.245590  -0.042151
360.265589  -0.042161
360.285589  -0.042161
360.305588  -0.042161
360.325587  -0.042193
360.345586  -0.042161
360.365585  -0.042224
360.385585  -0.042214
360.405584  -0.042193
360.425583  -0.042193
360.445582  -0.042193
360.465581  -0.042235
360.485581  -0.042224
360.505580  -0.042235
360.525579  -0.042235
360.545578  -0.042245
360.565577  -0.042224
360.585577  -0.042224
360.605576  -0.042256
360.625575  -0.042287
360.645574  -0.042256
360.665573  -0.042256
360.685573  -0.042266
360.705572  -0.042319
360.725571  -0.042287
360.745570  -0.042256
360.765569  -0.042298
360.785569  -0.042266
360.805568  -0.042308
360.825567  -0.042319
360.845566  -0.042319
360.865565  -0.042277
360.885565  -0.042340
360.905564  -0.042319
360.925563  -0.042277
360.945562  -0.042340
360.965561  -0.042319
360.985561  -0.042340
361.005560  -0.042371
361.025559  -0.042382
361.045558  -0.042392
361.065557  -0.042361
361.085557  -0.042340
361.105556  -0.042403
361.125555  -0.042371
361.145554  -0.042424
361.165553  -0.042403
361.185553  -0.042434
361.205552  -0.042403
361.225551  -0.042424
361.245550  -0.042434
361.265549  -0.042466
361.285549  -0.042455
361.305548  -0.042466
361.325547  -0.042466
361.345546  -0.042455
361.365545  -0.042476
361.385545  -0.042466
361.405544  -0.042476
361.425543  -0.042519
361.445542  -0.042487
361.465541  -0.042487
361.485541  -0.042508
361.505540  -0.042497
361.525539  -0.042519
361.545538  -0.042519
361.565537  -0.042519
361.585537  -0.042582
361.605536  -0.042529
361.625535  -0.042550
361.645534  -0.042550
361.665533  -0.042582
361.685533  -0.042571
361.705532  -0.042540
361.725531  -0.042571
361.745530  -0.042603
361.765529  -0.042592
361.785529  -0.042613
361.805528  -0.042603
361.825527  -0.042592
361.845526  -0.042613
361.865525  -0.042613
361.885525  -0.042634
361.905524  -0.042666
361.925523  -0.042655
361.945522  -0.042655
361.965521  -0.042697
361.985521  -0.042697
362.005520  -0.042708
362.025519  -0.042655
362.045518  -0.042655
362.065517  -0.042708
362.085517  -0.042708
362.105516  -0.042739
362.125515  -0.042718
362.145514  -0.042708
362.165513  -0.042708
362.185513  -0.042718
362.205512  -0.042697
362.225511  -0.042718
362.245510  -0.042697
362.265509  -0.042750
362.285509  -0.042718
362.305508  -0.042750
362.325507  -0.042739
362.345506  -0.042760
362.365505  -0.042750
362.385505  -0.042813
362.405504  -0.042781
362.425503  -0.042750
362.445502  -0.042781
362.465501  -0.042792
362.485501  -0.042792
362.505500  -0.042813
362.525499  -0.042792
362.545498  -0.042813
362.565497  -0.042802
362.585497  -0.042813
362.605496  -0.042802
362.625495  -0.042834
362.645494  -0.042834
362.665493  -0.042823
362.685493  -0.042781
362.705492  -0.042813
362.725491  -0.042834
362.745490  -0.042823
362.765489  -0.042823
362.785489  -0.042834
362.805488  -0.042844
362.825487  -0.042844
362.845486  -0.042865
362.865485  -0.042844
362.885485  -0.042865
362.905484  -0.042834
362.925483  -0.042855
362.945482  -0.042865
362.965481  -0.042855
362.985481  -0.042865
363.005480  -0.042876
363.025479  -0.042844
363.045478  -0.042865
363.065477  -0.042876
363.085477  -0.042865
363.105476  -0.042865
363.125475  -0.042907
363.145474  -0.042897
363.165473  -0.042855
363.185473  -0.042897
363.205472  -0.042907
363.225471  -0.042949
363.245470  -0.042918
363.265469  -0.042897
363.285469  -0.042907
363.305468  -0.042939
363.325467  -0.042886
363.345466  -0.042907
363.365465  -0.042907
363.385465  -0.042886
363.405464  -0.042918
363.425463  -0.042897
363.445462  -0.042960
363.465461  -0.042907
363.485461  -0.042928
363.505460  -0.042918
363.525459  -0.042907
363.545458  -0.042907
363.565457  -0.042949
363.585457  -0.042907
363.605456  -0.042928
363.625455  -0.042949
363.645454  -0.042928
363.665453  -0.042970
363.685453  -0.042949
363.705452  -0.042960
363.725451  -0.042949
363.745450  -0.042949
363.765449  -0.042981
363.785449  -0.042970
363.805448  -0.042960
363.825447  -0.042970
363.845446  -0.042960
363.865445  -0.043002
363.885445  -0.042991
363.905444  -0.043002
363.925443  -0.043012
363.945442  -0.043012
363.965441  -0.043012
363.985441  -0.042960
364.005440  -0.043002
364.025439  -0.043012
364.045438  -0.042981
364.065437  -0.043012
364.085437  -0.042991
364.105436  -0.043023
364.125435  -0.043054
364.145434  -0.043023
364.165433  -0.042991
364.185433  -0.043002
364.205432  -0.043012
364.225431  -0.043012
364.245430  -0.043033
364.265429  -0.043033
364.285429  -0.043033
364.305428  -0.043044
364.325427  -0.043023
364.345426  -0.043033
364.365425  -0.043075
364.385425  -0.043054
364.405424  -0.043054
364.425423  -0.043065
364.445422  -0.043075
364.465421  -0.043044
364.485421  -0.043075
364.505420  -0.043054
364.525419  -0.043065
364.545418  -0.043096
364.565417  -0.043096
364.585417  -0.043086
364.605416  -0.043117
364.625415  -0.043075
364.645414  -0.043086
364.665413  -0.043086
364.685413  -0.043075
364.705412  -0.043107
364.725411  -0.043086
364.745410  -0.043096
364.765409  -0.043117
364.785409  -0.043117
364.805408  -0.043128
364.825407  -0.043107
364.845406  -0.043107
364.865405  -0.043138
364.885405  -0.043128
364.905404  -0.043159
364.925403  -0.043138
364.945402  -0.043117
364.965401  -0.043170
364.985401  -0.043138
365.005400  -0.043191
365.025399  -0.043159
365.045398  -0.043159
365.065397  -0.043149
365.085397  -0.043170
365.105396  -0.043138
365.125395  -0.043149
365.145394  -0.043180
365.165393  -0.043212
365.185393  -0.043180
365.205392  -0.043170
365.225391  -0.043191
365.245390  -0.043201
365.265389  -0.043222
365.285389  -0.043180
365.305388  -0.043222
365.325387  -0.043180
365.345386  -0.043212
365.365385  -0.043243
365.385385  -0.043212
365.405384  -0.043212
365.425383  -0.043254
365.445382  -0.043212
365.465381  -0.043243
365.485381  -0.043254
365.505380  -0.043222
365.525379  -0.043233
365.545378  -0.043233
365.565377  -0.043254
365.585377  -0.043233
365.605376  -0.043285
365.625375  -0.043264
365.645374  -0.043275
365.665373  -0.043264
365.685373  -0.043317
365.705372  -0.043285
365.725371  -0.043317
365.745370  -0.043306
365.765369  -0.043296
365.785369  -0.043338
365.805368  -0.043296
365.825367  -0.043264
365.845366  -0.043338
365.865365  -0.043317
365.885365  -0.043296
365.905364  -0.043338
365.925363  -0.043359
365.945362  -0.043338
365.965361  -0.043338
365.985361  -0.043369
366.005360  -0.043306
366.025359  -0.043338
366.045358  -0.043359
366.065357  -0.043338
366.085357  -0.043369
366.105356  -0.043348
366.125355  -0.043380
366.145354  -0.043338
366.165353  -0.043380
366.185353  -0.043359
366.205352  -0.043380
366.225351  -0.043401
366.245350  -0.043401
366.265349  -0.043380
366.285349  -0.043380
366.305348  -0.043401
366.325347  -0.043422
366.345346  -0.043401
366.365345  -0.043391
366.385345  -0.043422
366.405344  -0.043475
366.425343  -0.043380
366.445342  -0.043422
366.465341  -0.043433
366.485341  -0.043433
366.505340  -0.043412
366.525339  -0.043391
366.545338  -0.043433
366.565337  -0.043454
366.585337  -0.043454
366.605336  -0.043464
366.625335  -0.043443
366.645334  -0.043433
366.665333  -0.043433
366.685333  -0.043422
366.705332  -0.043454
366.725331  -0.043412
366.745330  -0.043464
366.765329  -0.043464
366.785329  -0.043433
366.805328  -0.043464
366.825327  -0.043475
366.845326  -0.043464
366.865325  -0.043433
366.885325  -0.043454
366.905324  -0.043475
366.925323  -0.043475
366.945322  -0.043506
366.965321  -0.043496
366.985321  -0.043475
367.005320  -0.043506
367.025319  -0.043475
367.045318  -0.043485
367.065317  -0.043517
367.085317  -0.043485
367.105316  -0.043475
367.125315  -0.043485
367.145314  -0.043506
367.165313  -0.043496
367.185313  -0.043517
367.205312  -0.043506
367.225311  -0.043485
367.245310  -0.043475
367.265309  -0.043496
367.285309  -0.043475
367.305308  -0.043538
367.325307  -0.043517
367.345306  -0.043517
367.365305  -0.043517
367.385305  -0.043506
367.405304  -0.043527
367.425303  -0.043538
367.445302  -0.043517
367.465301  -0.043548
367.485301  -0.043517
367.505300  -0.043506
367.525299  -0.043559
367.545298  -0.043548
367.565297  -0.043527
367.585297  -0.043527
367.605296  -0.043559
367.625295  -0.043548
367.645294  -0.043559
367.665293  -0.043559
367.685293  -0.043559
367.705292  -0.043601
367.725291  -0.043527
367.745290  -0.043559
367.765289  -0.043559
367.785289  -0.043569
367.805288  -0.043538
367.825287  -0.043590
367.845286  -0.043580
367.865285  -0.043569
367.885285  -0.043580
367.905284  -0.043580
367.925283  -0.043580
367.945282  -0.043611
367.965281  -0.043601
367.985281  -0.043590
368.005280  -0.043601
368.025279  -0.043601
368.045278  -0.043569
368.065277  -0.043590
368.085277  -0.043601
368.105276  -0.043590
368.125275  -0.043632
368.145274  -0.043674
368.165273  -0.043611
368.185273  -0.043632
368.205272  -0.043632
368.225271  -0.043643
368.245270  -0.043653
368.265269  -0.043622
368.285269  -0.043653
368.305268  -0.043622
368.325267  -0.043632
368.345266  -0.043653
368.365265  -0.043685
368.385265  -0.043664
368.405264  -0.043664
368.425263  -0.043685
368.445262  -0.043664
368.465261  -0.043695
368.485261  -0.043632
368.505260  -0.043643
368.525259  -0.043685
368.545258  -0.043685
368.565257  -0.043664
368.585257  -0.043653
368.605256  -0.043664
368.625255  -0.043653
368.645254  -0.043643
368.665253  -0.043695
368.685253  -0.043664
368.705252  -0.043695
368.725251  -0.043685
368.745250  -0.043706
368.765249  -0.043674
368.785249  -0.043716
368.805248  -0.043664
368.825247  -0.043695
368.845246  -0.043716
368.865245  -0.043716
368.885245  -0.043685
368.905244  -0.043695
368.925243  -0.043685
368.945242  -0.043737
368.965241  -0.043737
368.985241  -0.043727
369.005240  -0.043706
369.025239  -0.043685
369.045238  -0.043737
369.065237  -0.043737
369.085237  -0.043737
369.105236  -0.043706
369.125235  -0.043716
369.145234  -0.043727
369.165233  -0.043716
369.185233  -0.043716
369.205232  -0.043769
369.225231  -0.043748
369.245230  -0.043769
369.265229  -0.043790
369.285229  -0.043727
369.305228  -0.043769
369.325227  -0.043758
369.345226  -0.043790
369.365225  -0.043790
369.385225  -0.043769
369.405224  -0.043769
369.425223  -0.043790
369.445222  -0.043821
369.465221  -0.043800
369.485221  -0.043811
369.505220  -0.043790
369.525219  -0.043832
369.545218  -0.043779
369.565217  -0.043800
369.585217  -0.043832
369.605216  -0.043821
369.625215  -0.043832
369.645214  -0.043811
369.665213  -0.043842
369.685213  -0.043853
369.705212  -0.043832
369.725211  -0.043811
369.745210  -0.043811
369.765209  -0.043821
369.785209  -0.043842
369.805208  -0.043874
369.825207  -0.043853
369.845206  -0.043863
369.865205  -0.043842
369.885205  -0.043842
369.905204  -0.043832
369.925203  -0.043874
369.945202  -0.043884
369.965201  -0.043874
369.985201  -0.043884
370.005200  -0.043916
370.025199  -0.043905
370.045198  -0.043905
370.065197  -0.043916
370.085197  -0.043958
370.105196  -0.043937
370.125195  -0.043968
370.145194  -0.043968
370.165193  -0.043968
370.185193  -0.043947
370.205192  -0.043968
370.225191  -0.043926
370.245190  -0.043926
370.265189  -0.043947
370.285189  -0.043979
370.305188  -0.043947
370.325187  -0.043968
370.345186  -0.043979
370.365185  -0.044000
370.385185  -0.044021
370.405184  -0.043989
370.425183  -0.043979
370.445182  -0.043979
370.465181  -0.044010
370.485181  -0.044052
370.505180  -0.044010
370.525179  -0.043989
370.545178  -0.044010
370.565177  -0.044052
370.585177  -0.044031
370.605176  -0.044010
370.625175  -0.044010
370.645174  -0.044042
370.665173  -0.044084
370.685173  -0.044052
370.705172  -0.044031
370.725171  -0.044063
370.745170  -0.044094
370.765169  -0.044136
370.785169  -0.044073
370.805168  -0.044094
370.825167  -0.044115
370.845166  -0.044094
370.865165  -0.044126
370.885165  -0.044105
370.905164  -0.044094
370.925163  -0.044105
370.945162  -0.044136
370.965161  -0.044157
370.985161  -0.044115
371.005160  -0.044084
371.025159  -0.044157
371.045158  -0.044105
371.065157  -0.044105
371.085157  -0.044126
371.105156  -0.044126
371.125155  -0.044168
371.145154  -0.044157
371.165153  -0.044136
371.185153  -0.044052
371.205152  -0.044178
371.225151  -0.044157
371.245150  -0.044168
371.265149  -0.044189
371.285149  -0.044220
371.305148  -0.044220
371.325147  -0.044189
371.345146  -0.044178
371.365145  -0.044189
371.385145  -0.044178
371.405144  -0.044199
371.425143  -0.044199
371.445142  -0.044231
371.465141  -0.044220
371.485141  -0.044147
371.505140  -0.044220
371.525139  -0.044220
371.545138  -0.044241
371.565137  -0.044199
371.585137  -0.044220
371.605136  -0.044210
371.625135  -0.044231
371.645134  -0.044231
371.665133  -0.044210
371.685133  -0.044220
371.705132  -0.044241
371.725131  -0.044210
371.745130  -0.044231
371.765129  -0.044241
371.785129  -0.044252
371.805128  -0.044294
371.825127  -0.044273
371.845126  -0.044273
371.865125  -0.044294
371.885125  -0.044315
371.905124  -0.044305
371.925123  -0.044284
371.945122  -0.044294
371.965121  -0.044273
371.985121  -0.044273
372.005120  -0.044326
372.025119  -0.044284
372.045118  -0.044326
372.065117  -0.044284
372.085117  -0.044294
372.105116  -0.044336
372.125115  -0.044326
372.145114  -0.044326
372.165113  -0.044305
372.185113  -0.044336
372.205112  -0.044357
372.225111  -0.044326
372.245110  -0.044294
372.265109  -0.044336
372.285109  -0.044347
372.305108  -0.044368
372.325107  -0.044336
372.345106  -0.044294
372.365105  -0.044357
372.385105  -0.044336
372.405104  -0.044336
372.425103  -0.044326
372.445102  -0.044347
372.465101  -0.044347
372.485101  -0.044368
372.505100  -0.044357
372.525099  -0.044336
372.545098  -0.044357
372.565097  -0.044357
372.585097  -0.044368
372.605096  -0.044389
372.625095  -0.044357
372.645094  -0.044357
372.665093  -0.044410
372.685093  -0.044420
372.705092  -0.044368
372.725091  -0.044389
372.745090  -0.044378
372.765089  -0.044410
372.785089  -0.044410
372.805088  -0.044410
372.825087  -0.044410
372.845086  -0.044431
372.865085  -0.044410
372.885085  -0.044399
372.905084  -0.044389
372.925083  -0.044399
372.945082  -0.044420
372.965081  -0.044462
372.985081  -0.044410
373.005080  -0.044441
373.025079  -0.044431
373.045078  -0.044431
373.065077  -0.044431
373.085077  -0.044441
373.105076  -0.044452
373.125075  -0.044473
373.145074  -0.044441
373.165073  -0.044441
373.185073  -0.044483
373.205072  -0.044473
373.225071  -0.044420
373.245070  -0.044483
373.265069  -0.044462
373.285069  -0.044473
373.305068  -0.044441
373.325067  -0.044441
373.345066  -0.044462
373.365065  -0.044483
373.385065  -0.044462
373.405064  -0.044473
373.425063  -0.044515
373.445062  -0.044515
373.465061  -0.044504
373.485061  -0.044462
373.505060  -0.044473
373.525059  -0.044473
373.545058  -0.044515
373.565057  -0.044483
373.585057  -0.044462
373.605056  -0.044494
373.625055  -0.044515
373.645054  -0.044483
373.665053  -0.044515
373.685053  -0.044504
373.705052  -0.044504
373.725051  -0.044525
373.745050  -0.044494
373.765049  -0.044515
373.785049  -0.044546
373.805048  -0.044515
373.825047  -0.044504
373.845046  -0.044578
373.865045  -0.044578
373.885045  -0.044567
373.905044  -0.044546
373.925043  -0.044578
373.945042  -0.044567
373.965041  -0.044599
373.985041  -0.044578
374.005040  -0.044599
374.025039  -0.044567
374.045038  -0.044578
374.065037  -0.044578
374.085037  -0.044567
374.105036  -0.044588
374.125035  -0.044578
374.145034  -0.044609
374.165033  -0.044609
374.185033  -0.044599
374.205032  -0.044620
374.225031  -0.044630
374.245030  -0.044620
374.265029  -0.044620
374.285029  -0.044630
374.305028  -0.044609
374.325027  -0.044599
374.345026  -0.044599
374.365025  -0.044641
374.385025  -0.044651
374.405024  -0.044651
374.425023  -0.044641
374.445022  -0.044662
374.465021  -0.044672
374.485021  -0.044641
374.505020  -0.044662
374.525019  -0.044672
374.545018  -0.044683
374.565017  -0.044662
374.585017  -0.044662
374.605016  -0.044693
374.625015  -0.044662
374.645014  -0.044683
374.665013  -0.044725
374.685013  -0.044683
374.705012  -0.044672
374.725011  -0.044725
374.745010  -0.044714
374.765009  -0.044704
374.785009  -0.044704
374.805008  -0.044704
374.825007  -0.044693
374.845006  -0.044683
374.865005  -0.044725
374.885005  -0.044725
374.905004  -0.044735
374.925003  -0.044735
374.945002  -0.044725
374.965001  -0.044725
374.985001  -0.044746
375.005000  -0.044725
375.024999  -0.044735
375.044998  -0.044767
375.064997  -0.044735
375.084997  -0.044756
375.104996  -0.044767
375.124995  -0.044756
375.144994  -0.044746
375.164993  -0.044788
375.184993  -0.044809
375.204992  -0.044809
375.224991  -0.044809
375.244990  -0.044767
375.264989  -0.044809
375.284989  -0.044830
375.304988  -0.044777
375.324987  -0.044798
375.344986  -0.044819
375.364985  -0.044798
375.384985  -0.044830
375.404984  -0.044840
375.424983  -0.044798
375.444982  -0.044809
375.464981  -0.044851
375.484981  -0.044809
375.504980  -0.044819
375.524979  -0.044819
375.544978  -0.044851
375.564977  -0.044851
375.584977  -0.044798
375.604976  -0.044861
375.624975  -0.044851
375.644974  -0.044840
375.664973  -0.044882
375.684973  -0.044861
375.704972  -0.044872
375.724971  -0.044882
375.744970  -0.044882
375.764969  -0.044851
375.784969  -0.044830
375.804968  -0.044903
375.824967  -0.044893
375.844966  -0.044851
375.864965  -0.044903
375.884965  -0.044924
375.904964  -0.044914
375.924963  -0.044924
375.944962  -0.044903
375.964961  -0.044914
375.984961  -0.044882
376.004960  -0.044924
376.024959  -0.044882
376.044958  -0.044893
376.064957  -0.044924
376.084957  -0.044935
376.104956  -0.044935
376.124955  -0.044924
376.144954  -0.044903
376.164953  -0.044914
376.184953  -0.044914
376.204952  -0.044935
376.224951  -0.044935
376.244950  -0.044903
376.264949  -0.044935
376.284949  -0.044924
376.304948  -0.044945
376.324947  -0.044956
376.344946  -0.044956
376.364945  -0.044966
376.384945  -0.044945
376.404944  -0.044966
376.424943  -0.044977
376.444942  -0.044987
376.464941  -0.044966
376.484941  -0.044966
376.504940  -0.044977
376.524939  -0.045019
376.544938  -0.044977
376.564937  -0.044977
376.584937  -0.044987
376.604936  -0.044998
376.624935  -0.045008
376.644934  -0.044924
376.664933  -0.045019
376.684933  -0.044998
376.704932  -0.044998
376.724931  -0.045040
376.744930  -0.044987
376.764929  -0.045029
376.784929  -0.044966
376.804928  -0.044987
376.824927  -0.044998
376.844926  -0.045040
376.864925  -0.045029
376.884925  -0.044998
376.904924  -0.044998
376.924923  -0.045029
376.944922  -0.045040
376.964921  -0.044998
376.984921  -0.045050
377.004920  -0.045019
377.024919  -0.045050
377.044918  -0.045061
377.064917  -0.045019
377.084917  -0.045050
377.104916  -0.045082
377.124915  -0.045071
377.144914  -0.045050
377.164913  -0.045061
377.184913  -0.045071
377.204912  -0.045061
377.224911  -0.045061
377.244910  -0.045082
377.264909  -0.045040
377.284909  -0.045082
377.304908  -0.045103
377.324907  -0.045092
377.344906  -0.045103
377.364905  -0.045071
377.384905  -0.045071
377.404904  -0.045082
377.424903  -0.045113
377.444902  -0.045113
377.464901  -0.045124
377.484901  -0.045135
377.504900  -0.045145
377.524899  -0.045124
377.544898  -0.045145
377.564897  -0.045135
377.584897  -0.045135
377.604896  -0.045135
377.624895  -0.045187
377.644894  -0.045156
377.664893  -0.045177
377.684893  -0.045177
377.704892  -0.045156
377.724891  -0.045187
377.744890  -0.045177
377.764889  -0.045145
377.784889  -0.045240
377.804888  -0.045219
377.824887  -0.045229
377.844886  -0.045177
377.864885  -0.045198
377.884885  -0.045187
377.904884  -0.045187
377.924883  -0.045219
377.944882  -0.045187
377.964881  -0.045219
377.984881  -0.045208
378.004880  -0.045240
378.024879  -0.045219
378.044878  -0.045219
378.064877  -0.045240
378.084877  -0.045240
378.104876  -0.045219
378.124875  -0.045240
378.144874  -0.045250
378.164873  -0.045240
378.184873  -0.045282
378.204872  -0.045271
378.224871  -0.045282
378.244870  -0.045271
378.264869  -0.045271
378.284869  -0.045282
378.304868  -0.045313
378.324867  -0.045303
378.344866  -0.045292
378.364865  -0.045324
378.384865  -0.045303
378.404864  -0.045334
378.424863  -0.045282
378.444862  -0.045334
378.464861  -0.045334
378.484861  -0.045355
378.504860  -0.045303
378.524859  -0.045355
378.544858  -0.045324
378.564857  -0.045355
378.584857  -0.045334
378.604856  -0.045355
378.624855  -0.045366
378.644854  -0.045334
378.664853  -0.045355
378.684853  -0.045345
378.704852  -0.045366
378.724851  -0.045334
378.744850  -0.045355
378.764849  -0.045345
378.784849  -0.045408
378.804848  -0.045376
378.824847  -0.045366
378.844846  -0.045387
378.864845  -0.045387
378.884845  -0.045387
378.904844  -0.045366
378.924843  -0.045418
378.944842  -0.045397
378.964841  -0.045418
378.984841  -0.045429
379.004840  -0.045408
379.024839  -0.045429
379.044838  -0.045418
379.064837  -0.045387
379.084837  -0.045408
379.104836  -0.045408
379.124835  -0.045439
379.144834  -0.045408
379.164833  -0.045460
379.184833  -0.045429
379.204832  -0.045460
379.224831  -0.045450
379.244830  -0.045439
379.264829  -0.045439
379.284829  -0.045471
379.304828  -0.045429
379.324827  -0.045471
379.344826  -0.045408
379.364825  -0.045471
379.384825  -0.045450
379.404824  -0.045471
379.424823  -0.045450
379.444822  -0.045471
379.464821  -0.045502
379.484821  -0.045450
379.504820  -0.045481
379.524819  -0.045471
379.544818  -0.045481
379.564817  -0.045460
379.584817  -0.045513
379.604816  -0.045502
379.624815  -0.045513
379.644814  -0.045513
379.664813  -0.045513
379.684813  -0.045523
379.704812  -0.045534
379.724811  -0.045534
379.744810  -0.045513
379.764809  -0.045544
379.784809  -0.045534
379.804808  -0.045513
379.824807  -0.045544
379.844806  -0.045534
379.864805  -0.045492
379.884805  -0.045513
379.904804  -0.045555
379.924803  -0.045523
379.944802  -0.045534
379.964801  -0.045565
379.984801  -0.045534
380.004800  -0.045534
380.024799  -0.045534
380.044798  -0.045534
380.064797  -0.045544
380.084797  -0.045513
380.104796  -0.045534
380.124795  -0.045565
380.144794  -0.045534
380.164793  -0.045555
380.184793  -0.045555
380.204792  -0.045607
380.224791  -0.045565
380.244790  -0.045565
380.264789  -0.045597
380.284789  -0.045618
380.304788  -0.045597
380.324787  -0.045607
380.344786  -0.045597
380.364785  -0.045607
380.384785  -0.045597
380.404784  -0.045607
380.424783  -0.045618
380.444782  -0.045607
380.464781  -0.045607
380.484781  -0.045607
380.504780  -0.045639
380.524779  -0.045628
380.544778  -0.045660
380.564777  -0.045649
380.584777  -0.045607
380.604776  -0.045576
380.624775  -0.045618
380.644774  -0.045649
380.664773  -0.045649
380.684773  -0.045649
380.704772  -0.045649
380.724771  -0.045691
380.744770  -0.045670
380.764769  -0.045660
380.784769  -0.045681
380.804768  -0.045660
380.824767  -0.045702
380.844766  -0.045691
380.864765  -0.045691
380.884765  -0.045691
380.904764  -0.045691
380.924763  -0.045702
380.944762  -0.045723
380.964761  -0.045702
380.984761  -0.045681
381.004760  -0.045712
381.024759  -0.045681
381.044758  -0.045702
381.064757  -0.045733
381.084757  -0.045733
381.104756  -0.045733
381.124755  -0.045723
381.144754  -0.045712
381.164753  -0.045733
381.184753  -0.045723
381.204752  -0.045723
381.224751  -0.045733
381.244750  -0.045765
381.264749  -0.045765
381.284749  -0.045754
381.304748  -0.045733
381.324747  -0.045754
381.344746  -0.045775
381.364745  -0.045723
381.384745  -0.045744
381.404744  -0.045786
381.424743  -0.045786
381.444742  -0.045765
381.464741  -0.045796
381.484741  -0.045786
381.504740  -0.045775
381.524739  -0.045786
381.544738  -0.045786
381.564737  -0.045796
381.584737  -0.045828
381.604736  -0.045849
381.624735  -0.045817
381.644734  -0.045849
381.664733  -0.045786
381.684733  -0.045796
381.704732  -0.045807
381.724731  -0.045775
381.744730  -0.045807
381.764729  -0.045849
381.784729  -0.045817
381.804728  -0.045838
381.824727  -0.045859
381.844726  -0.045817
381.864725  -0.045817
381.884725  -0.045880
381.904724  -0.045838
381.924723  -0.045859
381.944722  -0.045828
381.964721  -0.045859
381.984721  -0.045870
382.004720  -0.045859
382.024719  -0.045880
382.044718  -0.045859
382.064717  -0.045912
382.084717  -0.045870
382.104716  -0.045912
382.124715  -0.045912
382.144714  -0.045891
382.164713  -0.045933
382.184713  -0.045912
382.204712  -0.045901
382.224711  -0.045901
382.244710  -0.045943
382.264709  -0.045912
382.284709  -0.045901
382.304708  -0.045964
382.324707  -0.045933
382.344706  -0.045912
382.364705  -0.045933
382.384705  -0.045954
382.404704  -0.045933
382.424703  -0.045975
382.444702  -0.045912
382.464701  -0.045954
382.484701  -0.045954
382.504700  -0.045986
382.524699  -0.045943
382.544698  -0.045922
382.564697  -0.045996
382.584697  -0.045954
382.604696  -0.045975
382.624695  -0.046017
382.644694  -0.045996
382.664693  -0.045975
382.684693  -0.046007
382.704692  -0.046007
382.724691  -0.046038
382.744690  -0.046049
382.764689  -0.046017
382.784689  -0.046038
382.804688  -0.046017
382.824687  -0.046028
382.844686  -0.046091
382.864685  -0.046070
382.884685  -0.046059
382.904684  -0.046049
382.924683  -0.046038
382.944682  -0.046059
382.964681  -0.046059
382.984681  -0.046080
383.004680  -0.046080
383.024679  -0.046049
383.044678  -0.046049
383.064677  -0.046122
383.084677  -0.046101
383.104676  -0.046080
383.124675  -0.046122
383.144674  -0.046080
383.164673  -0.046091
383.184673  -0.046112
383.204672  -0.046101
383.224671  -0.046101
383.244670  -0.046101
383.264669  -0.046154
383.284669  -0.046112
383.304668  -0.046101
383.324667  -0.046070
383.344666  -0.046122
383.364665  -0.046133
383.384665  -0.046091
383.404664  -0.046133
383.424663  -0.046143
383.444662  -0.046164
383.464661  -0.046143
383.484661  -0.046143
383.504660  -0.046154
383.524659  -0.046185
383.544658  -0.046185
383.564657  -0.046154
383.584657  -0.046164
383.604656  -0.046196
383.624655  -0.046185
383.644654  -0.046185
383.664653  -0.046185
383.684653  -0.046227
383.704652  -0.046175
383.724651  -0.046206
383.744650  -0.046196
383.764649  -0.046196
383.784649  -0.046185
383.804648  -0.046227
383.824647  -0.046185
383.844646  -0.046206
383.864645  -0.046206
383.884645  -0.046217
383.904644  -0.046217
383.924643  -0.046238
383.944642  -0.046227
383.964641  -0.046196
383.984641  -0.046238
384.004640  -0.046217
384.024639  -0.046217
384.044638  -0.046248
384.064637  -0.046248
384.084637  -0.046248
384.104636  -0.046280
384.124635  -0.046259
384.144634  -0.046280
384.164633  -0.046269
384.184633  -0.046343
384.204632  -0.046217
384.224631  -0.046269
384.244630  -0.046248
384.264629  -0.046269
384.284629  -0.046301
384.304628  -0.046280
384.324627  -0.046280
384.344626  -0.046290
384.364625  -0.046290
384.384625  -0.046290
384.404624  -0.046290
384.424623  -0.046280
384.444622  -0.046280
384.464621  -0.046280
384.484621  -0.046311
384.504620  -0.046322
384.524619  -0.046280
384.544618  -0.046290
384.564617  -0.046322
384.584617  -0.046301
384.604616  -0.046311
384.624615  -0.046311
384.644614  -0.046322
384.664613  -0.046280
384.684613  -0.046332
384.704612  -0.046311
384.724611  -0.046322
384.744610  -0.046322
384.764609  -0.046322
384.784609  -0.046322
384.804608  -0.046332
384.824607  -0.046322
384.844606  -0.046353
384.864605  -0.046353
384.884605  -0.046353
384.904604  -0.046364
384.924603  -0.046343
384.944602  -0.046353
384.964601  -0.046364
384.984601  -0.046374
385.004600  -0.046343
385.024599  -0.046364
385.044598  -0.046332
385.064597  -0.046364
385.084597  -0.046353
385.104596  -0.046374
385.124595  -0.046353
385.144594  -0.046343
385.164593  -0.046395
385.184593  -0.046364
385.204592  -0.046395
385.224591  -0.046364
385.244590  -0.046364
385.264589  -0.046406
385.284589  -0.046395
385.304588  -0.046395
385.324587  -0.046374
385.344586  -0.046406
385.364585  -0.046374
385.384585  -0.046374
385.404584  -0.046395
385.424583  -0.046395
385.444582  -0.046416
385.464581  -0.046374
385.484581  -0.046395
385.504580  -0.046395
385.524579  -0.046416
385.544578  -0.046448
385.564577  -0.046437
385.584577  -0.046406
385.604576  -0.046406
385.624575  -0.046416
385.644574  -0.046416
385.664573  -0.046416
385.684573  -0.046416
385.704572  -0.046374
385.724571  -0.046395
385.744570  -0.046416
385.764569  -0.046395
385.784569  -0.046448
385.804568  -0.046448
385.824567  -0.046427
385.844566  -0.046416
385.864565  -0.046458
385.884565  -0.046448
385.904564  -0.046437
385.924563  -0.046416
385.944562  -0.046458
385.964561  -0.046458
385.984561  -0.046448
386.004560  -0.046448
386.024559  -0.046437
386.044558  -0.046458
386.064557  -0.046448
386.084557  -0.046458
386.104556  -0.046490
386.124555  -0.046490
386.144554  -0.046500
386.164553  -0.046500
386.184553  -0.046448
386.204552  -0.046490
386.224551  -0.046479
386.244550  -0.046490
386.264549  -0.046511
386.284549  -0.046500
386.304548  -0.046479
386.324547  -0.046500
386.344546  -0.046458
386.364545  -0.046500
386.384545  -0.046500
386.404544  -0.046532
386.424543  -0.046500
386.444542  -0.046511
386.464541  -0.046511
386.484541  -0.046500
386.504540  -0.046521
386.524539  -0.046511
386.544538  -0.046532
386.564537  -0.046500
386.584537  -0.046532
386.604536  -0.046521
386.624535  -0.046532
386.644534  -0.046542
386.664533  -0.046532
386.684533  -0.046563
386.704532  -0.046542
386.724531  -0.046563
386.744530  -0.046532
386.764529  -0.046574
386.784529  -0.046595
386.804528  -0.046553
386.824527  -0.046542
386.844526  -0.046584
386.864525  -0.046595
386.884525  -0.046563
386.904524  -0.046563
386.924523  -0.046574
386.944522  -0.046584
386.964521  -0.046574
386.984521  -0.046553
387.004520  -0.046574
387.024519  -0.046574
387.044518  -0.046584
387.064517  -0.046542
387.084517  -0.046563
387.104516  -0.046595
387.124515  -0.046605
387.144514  -0.046574
387.164513  -0.046584
387.184513  -0.046595
387.204512  -0.046637
387.224511  -0.046595
387.244510  -0.046616
387.264509  -0.046626
387.284509  -0.046647
387.304508  -0.046626
387.324507  -0.046616
387.344506  -0.046626
387.364505  -0.046647
387.384505  -0.046668
387.404504  -0.046637
387.424503  -0.046658
387.444502  -0.046637
387.464501  -0.046647
387.484501  -0.046658
387.504500  -0.046647
387.524499  -0.046626
387.544498  -0.046668
387.564497  -0.046637
387.584497  -0.046700
387.604496  -0.046637
387.624495  -0.046647
387.644494  -0.046668
387.664493  -0.046647
387.684493  -0.046679
387.704492  -0.046668
387.724491  -0.046658
387.744490  -0.046700
387.764489  -0.046679
387.784489  -0.046658
387.804488  -0.046679
387.824487  -0.046689
387.844486  -0.046710
387.864485  -0.046679
387.884485  -0.046689
387.904484  -0.046721
387.924483  -0.046679
387.944482  -0.046721
387.964481  -0.046689
387.984481  -0.046700
388.004480  -0.046731
388.024479  -0.046731
388.044478  -0.046689
388.064477  -0.046689
388.084477  -0.046700
388.104476  -0.046689
388.124475  -0.046731
388.144474  -0.046679
388.164473  -0.046731
388.184473  -0.046721
388.204472  -0.046763
388.224471  -0.046721
388.244470  -0.046689
388.264469  -0.046763
388.284469  -0.046721
388.304468  -0.046710
388.324467  -0.046752
388.344466  -0.046742
388.364465  -0.046752
388.384465  -0.046721
388.404464  -0.046731
388.424463  -0.046763
388.444462  -0.046731
388.464461  -0.046731
388.484461  -0.046763
388.504460  -0.046763
388.524459  -0.046763
388.544458  -0.046763
388.564457  -0.046742
388.584457  -0.046752
388.604456  -0.046763
388.624455  -0.046784
388.644454  -0.046742
388.664453  -0.046752
388.684453  -0.046773
388.704452  -0.046794
388.724451  -0.046784
388.744450  -0.046815
388.764449  -0.046742
388.784449  -0.046742
388.804448  -0.046784
388.824447  -0.046826
388.844446  -0.046752
388.864445  -0.046773
388.884445  -0.046805
388.904444  -0.046773
388.924443  -0.046805
388.944442  -0.046773
388.964441  -0.046763
388.984441  -0.046784
389.004440  -0.046773
389.024439  -0.046784
389.044438  -0.046784
389.064437  -0.046784
389.084437  -0.046773
389.104436  -0.046773
389.124435  -0.046794
389.144434  -0.046794
389.164433  -0.046794
389.184433  -0.046826
389.204432  -0.046794
389.224431  -0.046794
389.244430  -0.046847
389.264429  -0.046826
389.284429  -0.046784
389.304428  -0.046784
389.324427  -0.046836
389.344426  -0.046836
389.364425  -0.046847
389.384425  -0.046815
389.404424  -0.046847
389.424423  -0.046815
389.444422  -0.046784
389.464421  -0.046815
389.484421  -0.046794
389.504420  -0.046784
389.524419  -0.046815
389.544418  -0.046858
389.564417  -0.046836
389.584417  -0.046784
389.604416  -0.046815
389.624415  -0.046847
389.644414  -0.046847
389.664413  -0.046836
389.684413  -0.046826
389.704412  -0.046836
389.724411  -0.046847
389.744410  -0.046836
389.764409  -0.046826
389.784409  -0.046847
389.804408  -0.046836
389.824407  -0.046858
389.844406  -0.046868
389.864405  -0.046868
389.884405  -0.046836
389.904404  -0.046900
389.924403  -0.046858
389.944402  -0.046900
389.964401  -0.046910
389.984401  -0.046847
390.004400  -0.046847
390.024399  -0.046868
390.044398  -0.046847
390.064397  -0.046847
390.084397  -0.046847
390.104396  -0.046836
390.124395  -0.046879
390.144394  -0.046858
390.164393  -0.046847
390.184393  -0.046858
390.204392  -0.046847
390.224391  -0.046868
390.244390  -0.046858
390.264389  -0.046900
390.284389  -0.046889
390.304388  -0.046889
390.324387  -0.046868
390.344386  -0.046879
390.364385  -0.046889
390.384385  -0.046900
390.404384  -0.046900
390.424383  -0.046879
390.444382  -0.046879
390.464381  -0.046900
390.484381  -0.046910
390.504380  -0.046910
390.524379  -0.046921
390.544378  -0.046910
390.564377  -0.046910
390.584377  -0.046879
390.604376  -0.046910
390.624375  -0.046910
390.644374  -0.046910
390.664373  -0.046868
390.684373  -0.046921
390.704372  -0.046858
390.724371  -0.046931
390.744370  -0.046931
390.764369  -0.046910
390.784369  -0.046921
390.804368  -0.046910
390.824367  -0.046921
390.844366  -0.046889
390.864365  -0.046942
390.884365  -0.046921
390.904364  -0.046921
390.924363  -0.046921
390.944362  -0.046879
390.964361  -0.046952
390.984361  -0.046931
391.004360  -0.046910
391.024359  -0.046921
391.044358  -0.046952
391.064357  -0.046931
391.084357  -0.046973
391.104356  -0.046900
391.124355  -0.046942
391.144354  -0.046942
391.164353  -0.046942
391.184353  -0.046973
391.204352  -0.046952
391.224351  -0.046931
391.244350  -0.046952
391.264349  -0.046984
391.284349  -0.046963
391.304348  -0.046952
391.324347  -0.046973
391.344346  -0.046963
391.364345  -0.046984
391.384345  -0.046973
391.404344  -0.046952
391.424343  -0.046921
391.444342  -0.046984
391.464341  -0.046952
391.484341  -0.046931
391.504340  -0.046952
391.524339  -0.047005
391.544338  -0.046984
391.564337  -0.046994
391.584337  -0.046994
391.604336  -0.046984
391.624335  -0.046963
391.644334  -0.046994
391.664333  -0.047015
391.684333  -0.046984
391.704332  -0.046984
391.724331  -0.047015
391.744330  -0.046984
391.764329  -0.047015
391.784329  -0.047026
391.804328  -0.047015
391.824327  -0.047015
391.844326  -0.047015
391.864325  -0.046973
391.884325  -0.047015
391.904324  -0.047047
391.924323  -0.046994
391.944322  -0.047005
391.964321  -0.047005
391.984321  -0.046963
392.004320  -0.047047
392.024319  -0.047026
392.044318  -0.046994
392.064317  -0.046994
392.084317  -0.047015
392.104316  -0.046984
392.124315  -0.047026
392.144314  -0.047005
392.164313  -0.047036
392.184313  -0.046984
392.204312  -0.047005
392.224311  -0.047026
392.244310  -0.047036
392.264309  -0.047057
392.284309  -0.047036
392.304308  -0.046994
392.324307  -0.047068
392.344306  -0.047057
392.364305  -0.047026
392.384305  -0.047005
392.404304  -0.047068
392.424303  -0.047057
392.444302  -0.047026
392.464301  -0.047057
392.484301  -0.047078
392.504300  -0.047068
392.524299  -0.047057
392.544298  -0.047047
392.564297  -0.047047
392.584297  -0.047047
392.604296  -0.047078
392.624295  -0.047047
392.644294  -0.047078
392.664293  -0.047026
392.684293  -0.047089
392.704292  -0.047057
392.724291  -0.047036
392.744290  -0.047036
392.764289  -0.047036
392.784289  -0.047078
392.804288  -0.047089
392.824287  -0.047057
392.844286  -0.047036
392.864285  -0.047057
392.884285  -0.047099
392.904284  -0.047078
392.924283  -0.047057
392.944282  -0.047078
392.964281  -0.047057
392.984281  -0.047099
393.004280  -0.047110
393.024279  -0.047057
393.044278  -0.047120
393.064277  -0.047089
393.084277  -0.047068
393.104276  -0.047078
393.124275  -0.047036
393.144274  -0.047099
393.164273  -0.047068
393.184273  -0.047078
393.204272  -0.047078
393.224271  -0.047089
393.244270  -0.047057
393.264269  -0.047099
393.284269  -0.047110
393.304268  -0.047068
393.324267  -0.047089
393.344266  -0.047078
393.364265  -0.047131
393.384265  -0.047089
393.404264  -0.047089
393.424263  -0.047099
393.444262  -0.047089
393.464261  -0.047120
393.484261  -0.047120
393.504260  -0.047099
393.524259  -0.047110
393.544258  -0.047131
393.564257  -0.047099
393.584257  -0.047110
393.604256  -0.047131
393.624255  -0.047131
393.644254  -0.047120
393.664253  -0.047110
393.684253  -0.047099
393.704252  -0.047089
393.724251  -0.047120
393.744250  -0.047110
393.764249  -0.047152
393.784249  -0.047110
393.804248  -0.047131
393.824247  -0.047110
393.844246  -0.047152
393.864245  -0.047131
393.884245  -0.047131
393.904244  -0.047120
393.924243  -0.047120
393.944242  -0.047131
393.964241  -0.047120
393.984241  -0.047099
394.004240  -0.047120
394.024239  -0.047120
394.044238  -0.047173
394.064237  -0.047110
394.084237  -0.047099
394.104236  -0.047162
394.124235  -0.047131
394.144234  -0.047141
394.164233  -0.047162
394.184233  -0.047152
394.204232  -0.047110
394.224231  -0.047194
394.244230  -0.047141
394.264229  -0.047152
394.284229  -0.047141
394.304228  -0.047152
394.324227  -0.047162
394.344226  -0.047152
394.364225  -0.047183
394.384225  -0.047183
394.404224  -0.047152
394.424223  -0.047152
394.444222  -0.047173
394.464221  -0.047131
394.484221  -0.047194
394.504220  -0.047152
394.524219  -0.047173
394.544218  -0.047183
394.564217  -0.047173
394.584217  -0.047152
394.604216  -0.047173
394.624215  -0.047194
394.644214  -0.047173
394.664213  -0.047152
394.684213  -0.047173
394.704212  -0.047204
394.724211  -0.047183
394.744210  -0.047173
394.764209  -0.047204
394.784209  -0.047183
394.804208  -0.047162
394.824207  -0.047225
394.844206  -0.047173
394.864205  -0.047173
394.884205  -0.047194
394.904204  -0.047194
394.924203  -0.047173
394.944202  -0.047204
394.964201  -0.047204
394.984201  -0.047173
395.004200  -0.047194
395.024199  -0.047225
395.044198  -0.047236
395.064197  -0.047183
395.084197  -0.047257
395.104196  -0.047215
395.124195  -0.047194
395.144194  -0.047204
395.164193  -0.047236
395.184193  -0.047246
395.204192  -0.047194
395.224191  -0.047215
395.244190  -0.047204
395.264189  -0.047215
395.284189  -0.047215
395.304188  -0.047204
395.324187  -0.047215
395.344186  -0.047204
395.364185  -0.047236
395.384185  -0.047194
395.404184  -0.047225
395.424183  -0.047225
395.444182  -0.047246
395.464181  -0.047204
395.484181  -0.047215
395.504180  -0.047194
395.524179  -0.047236
395.544178  -0.047215
395.564177  -0.047225
395.584177  -0.047225
395.604176  -0.047278
395.624175  -0.047257
395.644174  -0.047194
395.664173  -0.047236
395.684173  -0.047246
395.704172  -0.047236
395.724171  -0.047215
395.744170  -0.047257
395.764169  -0.047236
395.784169  -0.047215
395.804168  -0.047225
395.824167  -0.047204
395.844166  -0.047246
395.864165  -0.047288
395.884165  -0.047236
395.904164  -0.047204
395.924163  -0.047267
395.944162  -0.047246
395.964161  -0.047215
395.984161  -0.047215
396.004160  -0.047246
396.024159  -0.047236
396.044158  -0.047246
396.064157  -0.047278
396.084157  -0.047246
396.104156  -0.047215
396.124155  -0.047267
396.144154  -0.047257
396.164153  -0.047299
396.184153  -0.047267
396.204152  -0.047194
396.224151  -0.047246
396.244150  -0.047257
396.264149  -0.047278
396.284149  -0.047267
396.304148  -0.047246
396.324147  -0.047309
396.344146  -0.047278
396.364145  -0.047246
396.384145  -0.047246
396.404144  -0.047225
396.424143  -0.047257
396.444142  -0.047288
396.464141  -0.047225
396.484141  -0.047204
396.504140  -0.047267
396.524139  -0.047278
396.544138  -0.047236
396.564137  -0.047278
396.584137  -0.047257
396.604136  -0.047257
396.624135  -0.047288
396.644134  -0.047267
396.664133  -0.047257
396.684133  -0.047267
396.704132  -0.047267
396.724131  -0.047257
396.744130  -0.047257
396.764129  -0.047309
396.784129  -0.047267
396.804128  -0.047246
396.824127  -0.047278
396.844126  -0.047267
396.864125  -0.047278
396.884125  -0.047278
396.904124  -0.047288
396.924123  -0.047288
396.944122  -0.047278
396.964121  -0.047246
396.984121  -0.047330
397.004120  -0.047278
397.024119  -0.047246
397.044118  -0.047278
397.064117  -0.047257
397.084117  -0.047278
397.104116  -0.047267
397.124115  -0.047246
397.144114  -0.047299
397.164113  -0.047257
397.184113  -0.047236
397.204112  -0.047246
397.224111  -0.047257
397.244110  -0.047278
397.264109  -0.047204
397.284109  -0.047288
397.304108  -0.047299
397.324107  -0.047320
397.344106  -0.047299
397.364105  -0.047309
397.384105  -0.047267
397.404104  -0.047288
397.424103  -0.047288
397.444102  -0.047320
397.464101  -0.047288
397.484101  -0.047320
397.504100  -0.047288
397.524099  -0.047278
397.544098  -0.047320
397.564097  -0.047320
397.584097  -0.047288
397.604096  -0.047267
397.624095  -0.047257
397.644094  -0.047299
397.664093  -0.047278
397.684093  -0.047330
397.704092  -0.047278
397.724091  -0.047288
397.744090  -0.047288
397.764089  -0.047246
397.784089  -0.047288
397.804088  -0.047288
397.824087  -0.047320
397.844086  -0.047299
397.864085  -0.047309
397.884085  -0.047288
397.904084  -0.047288
397.924083  -0.047288
397.944082  -0.047288
397.964081  -0.047278
397.984081  -0.047278
398.004080  -0.047299
398.024079  -0.047299
398.044078  -0.047330
398.064077  -0.047320
398.084077  -0.047278
398.104076  -0.047309
398.124075  -0.047320
398.144074  -0.047330
398.164073  -0.047320
398.184073  -0.047288
398.204072  -0.047320
398.224071  -0.047309
398.244070  -0.047320
398.264069  -0.047309
398.284069  -0.047299
398.304068  -0.047299
398.324067  -0.047288
398.344066  -0.047267
398.364065  -0.047288
398.384065  -0.047309
398.404064  -0.047330
398.424063  -0.047320
398.444062  -0.047383
398.464061  -0.047299
398.484061  -0.047341
398.504060  -0.047288
398.524059  -0.047288
398.544058  -0.047299
398.564057  -0.047320
398.584057  -0.047330
398.604056  -0.047299
398.624055  -0.047288
398.644054  -0.047309
398.664053  -0.047309
398.684053  -0.047351
398.704052  -0.047330
398.724051  -0.047351
398.744050  -0.047320
398.764049  -0.047330
398.784049  -0.047341
398.804048  -0.047320
398.824047  -0.047341
398.844046  -0.047320
398.864045  -0.047309
398.884045  -0.047330
398.904044  -0.047341
398.924043  -0.047351
398.944042  -0.047330
398.964041  -0.047320
398.984041  -0.047299
399.004040  -0.047330
399.024039  -0.047362
399.044038  -0.047299
399.064037  -0.047299
399.084037  -0.047320
399.104036  -0.047341
399.124035  -0.047288
399.144034  -0.047309
399.164033  -0.047330
399.184033  -0.047362
399.204032  -0.047320
399.224031  -0.047299
399.244030  -0.047330
399.264029  -0.047341
399.284029  -0.047309
399.304028  -0.047278
399.324027  -0.047351
399.344026  -0.047362
399.364025  -0.047383
399.384025  -0.047330
399.404024  -0.047362
399.424023  -0.047341
399.444022  -0.047320
399.464021  -0.047320
399.484021  -0.047362
399.504020  -0.047320
399.524019  -0.047330
399.544018  -0.047320
399.564017  -0.047341
399.584017  -0.047341
399.604016  -0.047362
399.624015  -0.047351
399.644014  -0.047330
399.664013  -0.047341
399.684013  -0.047341
399.704012  -0.047330
399.724011  -0.047309
399.744010  -0.047341
399.764009  -0.047362
399.784009  -0.047351
399.804008  -0.047288
399.824007  -0.047351
399.844006  -0.047372
399.864005  -0.047309
399.884005  -0.047341
399.904004  -0.047362
399.924003  -0.047393
399.944002  -0.047393
399.964001  -0.047351
399.984001  -0.047362
400.004000  -0.047383
400.023999  -0.047372
400.043998  -0.047351
400.063997  -0.047362
400.083997  -0.047372
400.103996  -0.047383
400.123995  -0.047383
400.143994  -0.047362
400.163993  -0.047404
400.183993  -0.047351
400.203992  -0.047383
400.223991  -0.047341
400.243990  -0.047404
400.263989  -0.047372
400.283989  -0.047383
400.303988  -0.047404
400.323987  -0.047372
400.343986  -0.047404
400.363985  -0.047351
400.383985  -0.047362
400.403984  -0.047393
400.423983  -0.047362
400.443982  -0.047404
400.463981  -0.047372
400.483981  -0.047393
400.503980  -0.047414
400.523979  -0.047414
400.543978  -0.047383
400.563977  -0.047372
400.583977  -0.047425
400.603976  -0.047435
400.623975  -0.047372
400.643974  -0.047372
400.663973  -0.047456
400.683973  -0.047404
400.703972  -0.047404
400.723971  -0.047414
400.743970  -0.047372
400.763969  -0.047404
400.783969  -0.047404
400.803968  -0.047446
400.823967  -0.047372
400.843966  -0.047446
400.863965  -0.047414
400.883965  -0.047435
400.903964  -0.047425
400.923963  -0.047383
400.943962  -0.047372
400.963961  -0.047393
400.983961  -0.047393
401.003960  -0.047414
401.023959  -0.047425
401.043958  -0.047404
401.063957  -0.047446
401.083957  -0.047435
401.103956  -0.047393
401.123955  -0.047383
401.143954  -0.047414
401.163953  -0.047404
401.183953  -0.047435
401.203952  -0.047404
401.223951  -0.047446
401.243950  -0.047425
401.263949  -0.047404
401.283949  -0.047404
401.303948  -0.047425
401.323947  -0.047498
401.343946  -0.047456
401.363945  -0.047414
401.383945  -0.047467
401.403944  -0.047446
401.423943  -0.047446
401.443942  -0.047456
401.463941  -0.047477
401.483941  -0.047446
401.503940  -0.047435
401.523939  -0.047435
401.543938  -0.047404
401.563937  -0.047446
401.583937  -0.047425
401.603936  -0.047425
401.623935  -0.047467
401.643934  -0.047456
401.663933  -0.047456
401.683933  -0.047425
401.703932  -0.047446
401.723931  -0.047456
401.743930  -0.047414
401.763929  -0.047414
401.783929  -0.047446
401.803928  -0.047456
401.823927  -0.047435
401.843926  -0.047435
401.863925  -0.047414
401.883925  -0.047435
401.903924  -0.047414
401.923923  -0.047456
401.943922  -0.047446
401.963921  -0.047488
401.983921  -0.047446
402.003920  -0.047456
402.023919  -0.047446
402.043918  -0.047425
402.063917  -0.047456
402.083917  -0.047456
402.103916  -0.047477
402.123915  -0.047446
402.143914  -0.047446
402.163913  -0.047425
402.183913  -0.047404
402.203912  -0.047488
402.223911  -0.047425
402.243910  -0.047446
402.263909  -0.047435
402.283909  -0.047446
402.303908  -0.047467
402.323907  -0.047425
402.343906  -0.047414
402.363905  -0.047435
402.383905  -0.047435
402.403904  -0.047446
402.423903  -0.047435
402.443902  -0.047425
402.463901  -0.047435
402.483901  -0.047456
402.503900  -0.047467
402.523899  -0.047488
402.543898  -0.047477
402.563897  -0.047425
402.583897  -0.047488
402.603896  -0.047446
402.623895  -0.047456
402.643894  -0.047467
402.663893  -0.047393
402.683893  -0.047456
402.703892  -0.047446
402.723891  -0.047414
402.743890  -0.047446
402.763889  -0.047467
402.783889  -0.047456
402.803888  -0.047456
402.823887  -0.047414
402.843886  -0.047446
402.863885  -0.047425
402.883885  -0.047414
402.903884  -0.047456
402.923883  -0.047456
402.943882  -0.047425
402.963881  -0.047425
402.983881  -0.047456
403.003880  -0.047446
403.023879  -0.047425
403.043878  -0.047383
403.063877  -0.047446
403.083877  -0.047435
403.103876  -0.047404
403.123875  -0.047425
403.143874  -0.047425
403.163873  -0.047414
403.183873  -0.047404
403.203872  -0.047446
403.223871  -0.047404
403.243870  -0.047425
403.263869  -0.047393
403.283869  -0.047435
403.303868  -0.047404
403.323867  -0.047456
403.343866  -0.047425
403.363865  -0.047404
403.383865  -0.047425
403.403864  -0.047404
403.423863  -0.047425
403.443862  -0.047404
403.463861  -0.047425
403.483861  -0.047393
403.503860  -0.047404
403.523859  -0.047404
403.543858  -0.047393
403.563857  -0.047404
403.583857  -0.047414
403.603856  -0.047393
403.623855  -0.047393
403.643854  -0.047467
403.663853  -0.047393
403.683853  -0.047404
403.703852  -0.047446
403.723851  -0.047414
403.743850  -0.047414
403.763849  -0.047414
403.783849  -0.047393
403.803848  -0.047425
403.823847  -0.047414
403.843846  -0.047446
403.863845  -0.047414
403.883845  -0.047404
403.903844  -0.047446
403.923843  -0.047435
403.943842  -0.047435
403.963841  -0.047404
403.983841  -0.047404
404.003840  -0.047393
404.023839  -0.047435
404.043838  -0.047404
404.063837  -0.047456
404.083837  -0.047404
404.103836  -0.047404
404.123835  -0.047383
404.143834  -0.047393
404.163833  -0.047425
404.183833  -0.047414
404.203832  -0.047383
404.223831  -0.047414
404.243830  -0.047404
404.263829  -0.047425
404.283829  -0.047383
404.303828  -0.047414
404.323827  -0.047404
404.343826  -0.047425
404.363825  -0.047414
404.383825  -0.047404
404.403824  -0.047404
404.423823  -0.047446
404.443822  -0.047404
404.463821  -0.047446
404.483821  -0.047425
404.503820  -0.047404
404.523819  -0.047456
404.543818  -0.047446
404.563817  -0.047404
404.583817  -0.047414
404.603816  -0.047414
404.623815  -0.047435
404.643814  -0.047435
404.663813  -0.047425
404.683813  -0.047425
404.703812  -0.047425
404.723811  -0.047414
404.743810  -0.047425
404.763809  -0.047414
404.783809  -0.047435
404.803808  -0.047414
404.823807  -0.047435
404.843806  -0.047446
404.863805  -0.047404
404.883805  -0.047435
404.903804  -0.047435
404.923803  -0.047435
404.943802  -0.047446
404.963801  -0.047446
404.983801  -0.047414
405.003800  -0.047425
405.023799  -0.047456
405.043798  -0.047414
405.063797  -0.047467
405.083797  -0.047446
405.103796  -0.047435
405.123795  -0.047446
405.143794  -0.047456
405.163793  -0.047477
405.183793  -0.047425
405.203792  -0.047425
405.223791  -0.047435
405.243790  -0.047435
405.263789  -0.047446
405.283789  -0.047498
405.303788  -0.047456
405.323787  -0.047446
405.343786  -0.047435
405.363785  -0.047467
405.383785  -0.047456
405.403784  -0.047467
405.423783  -0.047446
405.443782  -0.047435
405.463781  -0.047425
405.483781  -0.047467
405.503780  -0.047446
405.523779  -0.047467
405.543778  -0.047435
405.563777  -0.047467
405.583777  -0.047477
405.603776  -0.047477
405.623775  -0.047488
405.643774  -0.047467
405.663773  -0.047488
405.683773  -0.047498
405.703772  -0.047488
405.723771  -0.047488
405.743770  -0.047467
405.763769  -0.047488
405.783769  -0.047467
405.803768  -0.047498
405.823767  -0.047477
405.843766  -0.047477
405.863765  -0.047488
405.883765  -0.047488
405.903764  -0.047488
405.923763  -0.047488
405.943762  -0.047467
405.963761  -0.047467
405.983761  -0.047467
406.003760  -0.047488
406.023759  -0.047435
406.043758  -0.047425
406.063757  -0.047498
406.083757  -0.047456
406.103756  -0.047519
406.123755  -0.047456
406.143754  -0.047446
406.163753  -0.047467
406.183753  -0.047498
406.203752  -0.047488
406.223751  -0.047425
406.243750  -0.047477
406.263749  -0.047467
406.283749  -0.047456
406.303748  -0.047519
406.323747  -0.047477
406.343746  -0.047509
406.363745  -0.047477
406.383745  -0.047477
406.403744  -0.047488
406.423743  -0.047509
406.443742  -0.047488
406.463741  -0.047446
406.483741  -0.047488
406.503740  -0.047530
406.523739  -0.047498
406.543738  -0.047477
406.563737  -0.047467
406.583737  -0.047509
406.603736  -0.047498
406.623735  -0.047425
406.643734  -0.047488
406.663733  -0.047467
406.683733  -0.047488
406.703732  -0.047456
406.723731  -0.047488
406.743730  -0.047498
406.763729  -0.047467
406.783729  -0.047498
406.803728  -0.047425
406.823727  -0.047467
406.843726  -0.047446
406.863725  -0.047456
406.883725  -0.047446
406.903724  -0.047477
406.923723  -0.047488
406.943722  -0.047456
406.963721  -0.047467
406.983721  -0.047467
407.003720  -0.047498
407.023719  -0.047488
407.043718  -0.047488
407.063717  -0.047488
407.083717  -0.047477
407.103716  -0.047467
407.123715  -0.047435
407.143714  -0.047488
407.163713  -0.047488
407.183713  -0.047456
407.203712  -0.047456
407.223711  -0.047488
407.243710  -0.047477
407.263709  -0.047456
407.283709  -0.047467
407.303708  -0.047467
407.323707  -0.047456
407.343706  -0.047488
407.363705  -0.047446
407.383705  -0.047456
407.403704  -0.047477
407.423703  -0.047467
407.443702  -0.047467
407.463701  -0.047456
407.483701  -0.047435
407.503700  -0.047456
407.523699  -0.047456
407.543698  -0.047467
407.563697  -0.047467
407.583697  -0.047456
407.603696  -0.047498
407.623695  -0.047446
407.643694  -0.047446
407.663693  -0.047456
407.683693  -0.047477
407.703692  -0.047456
407.723691  -0.047446
407.743690  -0.047477
407.763689  -0.047446
407.783689  -0.047446
407.803688  -0.047467
407.823687  -0.047446
407.843686  -0.047435
407.863685  -0.047467
407.883685  -0.047435
407.903684  -0.047467
407.923683  -0.047446
407.943682  -0.047435
407.963681  -0.047467
407.983681  -0.047446
408.003680  -0.047446
408.023679  -0.047456
408.043678  -0.047456
408.063677  -0.047456
408.083677  -0.047446
408.103676  -0.047456
408.123675  -0.047446
408.143674  -0.047435
408.163673  -0.047425
408.183673  -0.047456
408.203672  -0.047456
408.223671  -0.047456
408.243670  -0.047435
408.263669  -0.047425
408.283669  -0.047435
408.303668  -0.047446
408.323667  -0.047467
408.343666  -0.047456
408.363665  -0.047425
408.383665  -0.047456
408.403664  -0.047446
408.423663  -0.047435
408.443662  -0.047456
408.463661  -0.047435
408.483661  -0.047477
408.503660  -0.047414
408.523659  -0.047435
408.543658  -0.047456
408.563657  -0.047477
408.583657  -0.047414
408.603656  -0.047435
408.623655  -0.047446
408.643654  -0.047446
408.663653  -0.047425
408.683653  -0.047404
408.703652  -0.047435
408.723651  -0.047435
408.743650  -0.047425
408.763649  -0.047393
408.783649  -0.047414
408.803648  -0.047446
408.823647  -0.047404
408.843646  -0.047383
408.863645  -0.047467
408.883645  -0.047467
408.903644  -0.047477
408.923643  -0.047425
408.943642  -0.047425
408.963641  -0.047488
408.983641  -0.047467
409.003640  -0.047446
409.023639  -0.047456
409.043638  -0.047467
409.063637  -0.047425
409.083637  -0.047456
409.103636  -0.047477
409.123635  -0.047456
409.143634  -0.047435
409.163633  -0.047446
409.183633  -0.047467
409.203632  -0.047488
409.223631  -0.047425
409.243630  -0.047467
409.263629  -0.047456
409.283629  -0.047477
409.303628  -0.047435
409.323627  -0.047456
409.343626  -0.047446
409.363625  -0.047477
409.383625  -0.047488
409.403624  -0.047446
409.423623  -0.047446
409.443622  -0.047488
409.463621  -0.047467
409.483621  -0.047488
409.503620  -0.047498
409.523619  -0.047446
409.543618  -0.047446
409.563617  -0.047467
409.583617  -0.047519
409.603616  -0.047477
409.623615  -0.047477
409.643614  -0.047477
409.663613  -0.047477
409.683613  -0.047530
409.703612  -0.047519
409.723611  -0.047456
409.743610  -0.047488
409.763609  -0.047456
409.783609  -0.047498
409.803608  -0.047446
409.823607  -0.047488
409.843606  -0.047477
409.863605  -0.047456
409.883605  -0.047488
409.903604  -0.047456
409.923603  -0.047477
409.943602  -0.047477
409.963601  -0.047477
409.983601  -0.047435
410.003600  -0.047477
410.023599  -0.047498
410.043598  -0.047467
410.063597  -0.047467
410.083597  -0.047477
410.103596  -0.047477
410.123595  -0.047488
410.143594  -0.047456
410.163593  -0.047498
410.183593  -0.047498
410.203592  -0.047488
410.223591  -0.047488
410.243590  -0.047456
410.263589  -0.047498
410.283589  -0.047498
410.303588  -0.047467
410.323587  -0.047467
410.343586  -0.047488
410.363585  -0.047456
410.383585  -0.047488
410.403584  -0.047456
410.423583  -0.047498
410.443582  -0.047446
410.463581  -0.047488
410.483581  -0.047467
410.503580  -0.047477
410.523579  -0.047467
410.543578  -0.047467
410.563577  -0.047467
410.583577  -0.047456
410.603576  -0.047467
410.623575  -0.047456
410.643574  -0.047446
410.663573  -0.047435
410.683573  -0.047456
410.703572  -0.047446
410.723571  -0.047467
410.743570  -0.047498
410.763569  -0.047446
410.783569  -0.047488
410.803568  -0.047456
410.823567  -0.047456
410.843566  -0.047477
410.863565  -0.047477
410.883565  -0.047488
410.903564  -0.047498
410.923563  -0.047456
410.943562  -0.047477
410.963561  -0.047467
410.983561  -0.047467
411.003560  -0.047477
411.023559  -0.047477
411.043558  -0.047435
411.063557  -0.047467
411.083557  -0.047477
411.103556  -0.047488
411.123555  -0.047456
411.143554  -0.047488
411.163553  -0.047467
411.183553  -0.047519
411.203552  -0.047477
411.223551  -0.047456
411.243550  -0.047488
411.263549  -0.047488
411.283549  -0.047498
411.303548  -0.047456
411.323547  -0.047477
411.343546  -0.047509
411.363545  -0.047488
411.383545  -0.047509
411.403544  -0.047456
411.423543  -0.047467
411.443542  -0.047477
411.463541  -0.047509
411.483541  -0.047498
411.503540  -0.047498
411.523539  -0.047467
411.543538  -0.047467
411.563537  -0.047519
411.583537  -0.047498
411.603536  -0.047446
411.623535  -0.047477
411.643534  -0.047477
411.663533  -0.047488
411.683533  -0.047488
411.703532  -0.047498
411.723531  -0.047488
411.743530  -0.047498
411.763529  -0.047519
411.783529  -0.047467
411.803528  -0.047456
411.823527  -0.047467
411.843526  -0.047446
411.863525  -0.047467
411.883525  -0.047498
411.903524  -0.047488
411.923523  -0.047467
411.943522  -0.047488
411.963521  -0.047498
411.983521  -0.047488
412.003520  -0.047435
412.023519  -0.047488
412.043518  -0.047488
412.063517  -0.047456
412.083517  -0.047488
412.103516  -0.047477
412.123515  -0.047509
412.143514  -0.047467
412.163513  -0.047498
412.183513  -0.047498
412.203512  -0.047498
412.223511  -0.047488
412.243510  -0.047467
412.263509  -0.047509
412.283509  -0.047467
412.303508  -0.047498
412.323507  -0.047488
412.343506  -0.047519
412.363505  -0.047456
412.383505  -0.047477
412.403504  -0.047488
412.423503  -0.047509
412.443502  -0.047467
412.463501  -0.047467
412.483501  -0.047456
412.503500  -0.047467
412.523499  -0.047456
412.543498  -0.047509
412.563497  -0.047509
412.583497  -0.047456
412.603496  -0.047498
412.623495  -0.047456
412.643494  -0.047498
412.663493  -0.047509
412.683493  -0.047519
412.703492  -0.047488
412.723491  -0.047498
412.743490  -0.047498
412.763489  -0.047519
412.783489  -0.047498
412.803488  -0.047530
412.823487  -0.047509
412.843486  -0.047519
412.863485  -0.047488
412.883485  -0.047498
412.903484  -0.047509
412.923483  -0.047530
412.943482  -0.047519
412.963481  -0.047509
412.983481  -0.047498
413.003480  -0.047509
413.023479  -0.047509
413.043478  -0.047519
413.063477  -0.047467
413.083477  -0.047519
413.103476  -0.047551
413.123475  -0.047519
413.143474  -0.047509
413.163473  -0.047530
413.183473  -0.047498
413.203472  -0.047530
413.223471  -0.047519
413.243470  -0.047530
413.263469  -0.047509
413.283469  -0.047498
413.303468  -0.047519
413.323467  -0.047519
413.343466  -0.047519
413.363465  -0.047519
413.383465  -0.047509
413.403464  -0.047498
413.423463  -0.047519
413.443462  -0.047509
413.463461  -0.047530
413.483461  -0.047519
413.503460  -0.047540
413.523459  -0.047519
413.543458  -0.047540
413.563457  -0.047530
413.583457  -0.047519
413.603456  -0.047530
413.623455  -0.047498
413.643454  -0.047488
413.663453  -0.047540
413.683453  -0.047519
413.703452  -0.047561
413.723451  -0.047498
413.743450  -0.047530
413.763449  -0.047488
413.783449  -0.047509
413.803448  -0.047519
413.823447  -0.047477
413.843446  -0.047498
413.863445  -0.047519
413.883445  -0.047488
413.903444  -0.047498
413.923443  -0.047530
413.943442  -0.047488
413.963441  -0.047551
413.983441  -0.047509
414.003440  -0.047540
414.023439  -0.047530
414.043438  -0.047530
414.063437  -0.047509
414.083437  -0.047530
414.103436  -0.047572
414.123435  -0.047530
414.143434  -0.047509
414.163433  -0.047519
414.183433  -0.047530
414.203432  -0.047540
414.223431  -0.047540
414.243430  -0.047530
414.263429  -0.047509
414.283429  -0.047530
414.303428  -0.047530
414.323427  -0.047509
414.343426  -0.047530
414.363425  -0.047551
414.383425  -0.047530
414.403424  -0.047498
414.423423  -0.047519
414.443422  -0.047551
414.463421  -0.047551
414.483421  -0.047540
414.503420  -0.047540
414.523419  -0.047540
414.543418  -0.047572
414.563417  -0.047530
414.583417  -0.047572
414.603416  -0.047530
414.623415  -0.047540
414.643414  -0.047540
414.663413  -0.047519
414.683413  -0.047593
414.703412  -0.047540
414.723411  -0.047540
414.743410  -0.047593
414.763409  -0.047530
414.783409  -0.047561
414.803408  -0.047561
414.823407  -0.047551
414.843406  -0.047593
414.863405  -0.047582
414.883405  -0.047561
414.903404  -0.047561
414.923403  -0.047551
414.943402  -0.047530
414.963401  -0.047551
414.983401  -0.047540
415.003400  -0.047551
415.023399  -0.047572
415.043398  -0.047551
415.063397  -0.047582
415.083397  -0.047561
415.103396  -0.047561
415.123395  -0.047540
415.143394  -0.047572
415.163393  -0.047582
415.183393  -0.047561
415.203392  -0.047572
415.223391  -0.047572
415.243390  -0.047614
415.263389  -0.047572
415.283389  -0.047561
415.303388  -0.047582
415.323387  -0.047551
415.343386  -0.047572
415.363385  -0.047572
415.383385  -0.047582
415.403384  -0.047603
415.423383  -0.047540
415.443382  -0.047593
415.463381  -0.047551
415.483381  -0.047572
415.503380  -0.047603
415.523379  -0.047582
415.543378  -0.047561
415.563377  -0.047582
415.583377  -0.047561
415.603376  -0.047593
415.623375  -0.047614
415.643374  -0.047582
415.663373  -0.047582
415.683373  -0.047561
415.703372  -0.047582
415.723371  -0.047582
415.743370  -0.047593
415.763369  -0.047530
415.783369  -0.047582
415.803368  -0.047603
415.823367  -0.047614
415.843366  -0.047593
415.863365  -0.047593
415.883365  -0.047593
415.903364  -0.047582
415.923363  -0.047603
415.943362  -0.047593
415.963361  -0.047582
415.983361  -0.047624
416.003360  -0.047582
416.023359  -0.047603
416.043358  -0.047582
416.063357  -0.047614
416.083357  -0.047593
416.103356  -0.047593
416.123355  -0.047624
416.143354  -0.047603
416.163353  -0.047572
416.183353  -0.047593
416.203352  -0.047656
416.223351  -0.047593
416.243350  -0.047593
416.263349  -0.047603
416.283349  -0.047593
416.303348  -0.047624
416.323347  -0.047603
416.343346  -0.047614
416.363345  -0.047614
416.383345  -0.047614
416.403344  -0.047614
416.423343  -0.047603
416.443342  -0.047624
416.463341  -0.047603
416.483341  -0.047582
416.503340  -0.047582
416.523339  -0.047635
416.543338  -0.047593
416.563337  -0.047656
416.583337  -0.047624
416.603336  -0.047582
416.623335  -0.047624
416.643334  -0.047614
416.663333  -0.047603
416.683333  -0.047624
416.703332  -0.047614
416.723331  -0.047614
416.743330  -0.047603
416.763329  -0.047614
416.783329  -0.047666
416.803328  -0.047603
416.823327  -0.047635
416.843326  -0.047614
416.863325  -0.047624
416.883325  -0.047656
416.903324  -0.047624
416.923323  -0.047603
416.943322  -0.047645
416.963321  -0.047614
416.983321  -0.047635
417.003320  -0.047614
417.023319  -0.047656
417.043318  -0.047635
417.063317  -0.047614
417.083317  -0.047635
417.103316  -0.047645
417.123315  -0.047656
417.143314  -0.047635
417.163313  -0.047624
417.183313  -0.047656
417.203312  -0.047635
417.223311  -0.047645
417.243310  -0.047645
417.263309  -0.047635
417.283309  -0.047677
417.303308  -0.047624
417.323307  -0.047614
417.343306  -0.047666
417.363305  -0.047645
417.383305  -0.047635
417.403304  -0.047656
417.423303  -0.047645
417.443302  -0.047656
417.463301  -0.047645
417.483301  -0.047624
417.503300  -0.047656
417.523299  -0.047656
417.543298  -0.047698
417.563297  -0.047645
417.583297  -0.047614
417.603296  -0.047677
417.623295  -0.047645
417.643294  -0.047614
417.663293  -0.047656
417.683293  -0.047656
417.703292  -0.047656
417.723291  -0.047677
417.743290  -0.047624
417.763289  -0.047656
417.783289  -0.047677
417.803288  -0.047656
417.823287  -0.047645
417.843286  -0.047698
417.863285  -0.047687
417.883285  -0.047656
417.903284  -0.047666
417.923283  -0.047666
417.943282  -0.047666
417.963281  -0.047666
417.983281  -0.047656
418.003280  -0.047687
418.023279  -0.047666
418.043278  -0.047603
418.063277  -0.047656
418.083277  -0.047687
418.103276  -0.047666
418.123275  -0.047624
418.143274  -0.047635
418.163273  -0.047593
418.183273  -0.047624
418.203272  -0.047635
418.223271  -0.047635
418.243270  -0.047635
418.263269  -0.047656
418.283269  -0.047624
418.303268  -0.047677
418.323267  -0.047666
418.343266  -0.047677
418.363265  -0.047645
418.383265  -0.047698
418.403264  -0.047656
418.423263  -0.047698
418.443262  -0.047708
418.463261  -0.047666
418.483261  -0.047687
418.503260  -0.047677
418.523259  -0.047656
418.543258  -0.047666
418.563257  -0.047698
418.583257  -0.047666
418.603256  -0.047708
418.623255  -0.047666
418.643254  -0.047687
418.663253  -0.047645
418.683253  -0.047666
418.703252  -0.047666
418.723251  -0.047719
418.743250  -0.047666
418.763249  -0.047708
418.783249  -0.047656
418.803248  -0.047687
418.823247  -0.047645
418.843246  -0.047698
418.863245  -0.047677
418.883245  -0.047687
418.903244  -0.047698
418.923243  -0.047719
418.943242  -0.047730
418.963241  -0.047666
418.983241  -0.047698
419.003240  -0.047708
419.023239  -0.047666
419.043238  -0.047708
419.063237  -0.047719
419.083237  -0.047698
419.103236  -0.047698
419.123235  -0.047687
419.143234  -0.047719
419.163233  -0.047677
419.183233  -0.047687
419.203232  -0.047730
419.223231  -0.047772
419.243230  -0.047730
419.263229  -0.047687
419.283229  -0.047708
419.303228  -0.047751
419.323227  -0.047761
419.343226  -0.047719
419.363225  -0.047708
419.383225  -0.047782
419.403224  -0.047719
419.423223  -0.047698
419.443222  -0.047698
419.463221  -0.047687
419.483221  -0.047740
419.503220  -0.047740
419.523219  -0.047708
419.543218  -0.047740
419.563217  -0.047761
419.583217  -0.047740
419.603216  -0.047687
419.623215  -0.047740
419.643214  -0.047719
419.663213  -0.047730
419.683213  -0.047708
419.703212  -0.047751
419.723211  -0.047730
419.743210  -0.047751
419.763209  -0.047730
419.783209  -0.047740
419.803208  -0.047740
419.823207  -0.047698
419.843206  -0.047719
419.863205  -0.047740
419.883205  -0.047782
419.903204  -0.047730
419.923203  -0.047782
419.943202  -0.047740
419.963201  -0.047761
419.983201  -0.047730
420.003200  -0.047751
420.023199  -0.047761
420.043198  -0.047761
420.063197  -0.047740
420.083197  -0.047751
420.103196  -0.047740
420.123195  -0.047751
420.143194  -0.047761
420.163193  -0.047782
420.183193  -0.047719
420.203192  -0.047772
420.223191  -0.047772
420.243190  -0.047740
420.263189  -0.047772
420.283189  -0.047761
420.303188  -0.047803
420.323187  -0.047761
420.343186  -0.047782
420.363185  -0.047772
420.383185  -0.047793
420.403184  -0.047751
420.423183  -0.047782
420.443182  -0.047803
420.463181  -0.047772
420.483181  -0.047761
420.503180  -0.047782
420.523179  -0.047793
420.543178  -0.047824
420.563177  -0.047782
420.583177  -0.047751
420.603176  -0.047793
420.623175  -0.047793
420.643174  -0.047793
420.663173  -0.047814
420.683173  -0.047803
420.703172  -0.047803
420.723171  -0.047772
420.743170  -0.047761
420.763169  -0.047824
420.783169  -0.047845
420.803168  -0.047782
420.823167  -0.047782
420.843166  -0.047803
420.863165  -0.047803
420.883165  -0.047793
420.903164  -0.047814
420.923163  -0.047814
420.943162  -0.047814
420.963161  -0.047793
420.983161  -0.047793
421.003160  -0.047824
421.023159  -0.047824
421.043158  -0.047856
421.063157  -0.047772
421.083157  -0.047835
421.103156  -0.047814
421.123155  -0.047824
421.143154  -0.047835
421.163153  -0.047835
421.183153  -0.047845
421.203152  -0.047845
421.223151  -0.047835
421.243150  -0.047824
421.263149  -0.047877
421.283149  -0.047835
421.303148  -0.047814
421.323147  -0.047793
421.343146  -0.047835
421.363145  -0.047877
421.383145  -0.047845
421.403144  -0.047782
421.423143  -0.047835
421.443142  -0.047824
421.463141  -0.047866
421.483141  -0.047835
421.503140  -0.047793
421.523139  -0.047835
421.543138  -0.047845
421.563137  -0.047824
421.583137  -0.047856
421.603136  -0.047835
421.623135  -0.047877
421.643134  -0.047866
421.663133  -0.047856
421.683133  -0.047908
421.703132  -0.047845
421.723131  -0.047856
421.743130  -0.047824
421.763129  -0.047845
421.783129  -0.047845
421.803128  -0.047856
421.823127  -0.047908
421.843126  -0.047835
421.863125  -0.047866
421.883125  -0.047866
421.903124  -0.047803
421.923123  -0.047835
421.943122  -0.047877
421.963121  -0.047835
421.983121  -0.047824
422.003120  -0.047856
422.023119  -0.047845
422.043118  -0.047866
422.063117  -0.047856
422.083117  -0.047835
422.103116  -0.047814
422.123115  -0.047835
422.143114  -0.047856
422.163113  -0.047845
422.183113  -0.047866
422.203112  -0.047835
422.223111  -0.047866
422.243110  -0.047835
422.263109  -0.047887
422.283109  -0.047877
422.303108  -0.047845
422.323107  -0.047856
422.343106  -0.047887
422.363105  -0.047877
422.383105  -0.047835
422.403104  -0.047898
422.423103  -0.047877
422.443102  -0.047887
422.463101  -0.047877
422.483101  -0.047866
422.503100  -0.047845
422.523099  -0.047877
422.543098  -0.047856
422.563097  -0.047866
422.583097  -0.047866
422.603096  -0.047898
422.623095  -0.047908
422.643094  -0.047877
422.663093  -0.047877
422.683093  -0.047866
422.703092  -0.047929
422.723091  -0.047887
422.743090  -0.047877
422.763089  -0.047877
422.783089  -0.047887
422.803088  -0.047908
422.823087  -0.047908
422.843086  -0.047866
422.863085  -0.047908
422.883085  -0.047919
422.903084  -0.047887
422.923083  -0.047919
422.943082  -0.047908
422.963081  -0.047908
422.983081  -0.047919
423.003080  -0.047919
423.023079  -0.047919
423.043078  -0.047887
423.063077  -0.047887
423.083077  -0.047929
423.103076  -0.047929
423.123075  -0.047919
423.143074  -0.047908
423.163073  -0.047898
423.183073  -0.047961
423.203072  -0.047887
423.223071  -0.047919
423.243070  -0.047908
423.263069  -0.047929
423.283069  -0.047929
423.303068  -0.047940
423.323067  -0.047908
423.343066  -0.047940
423.363065  -0.047908
423.383065  -0.047961
423.403064  -0.047929
423.423063  -0.047908
423.443062  -0.047950
423.463061  -0.047919
423.483061  -0.047940
423.503060  -0.048003
423.523059  -0.047940
423.543058  -0.047950
423.563057  -0.047961
423.583057  -0.047971
423.603056  -0.047961
423.623055  -0.047961
423.643054  -0.048034
423.663053  -0.047950
423.683053  -0.047971
423.703052  -0.048013
423.723051  -0.047971
423.743050  -0.047950
423.763049  -0.047961
423.783049  -0.047940
423.803048  -0.047971
423.823047  -0.047950
423.843046  -0.047961
423.863045  -0.047971
423.883045  -0.048003
423.903044  -0.047961
423.923043  -0.047992
423.943042  -0.047961
423.963041  -0.047971
423.983041  -0.047982
424.003040  -0.047971
424.023039  -0.048003
424.043038  -0.047982
424.063037  -0.048003
424.083037  -0.048013
424.103036  -0.047992
424.123035  -0.048055
424.143034  -0.048003
424.163033  -0.048003
424.183033  -0.048003
424.203032  -0.048003
424.223031  -0.048097
424.243030  -0.048003
424.263029  -0.047971
424.283029  -0.048055
424.303028  -0.048034
424.323027  -0.048034
424.343026  -0.048076
424.363025  -0.048024
424.383025  -0.048034
424.403024  -0.048045
424.423023  -0.048045
424.443022  -0.048024
424.463021  -0.048034
424.483021  -0.048013
424.503020  -0.048024
424.523019  -0.048003
424.543018  -0.048013
424.563017  -0.048055
424.583017  -0.048034
424.603016  -0.048055
424.623015  -0.048045
424.643014  -0.048055
424.663013  -0.048055
424.683013  -0.048055
424.703012  -0.048076
424.723011  -0.048045
424.743010  -0.048087
424.763009  -0.048076
424.783009  -0.048076
424.803008  -0.048076
424.823007  -0.048045
424.843006  -0.048087
424.863005  -0.048076
424.883005  -0.048129
424.903004  -0.048087
424.923003  -0.048045
424.943002  -0.048150
424.963001  -0.048076
424.983001  -0.048097
425.003000  -0.048087
425.022999  -0.048087
425.042998  -0.048066
425.062997  -0.048097
425.082997  -0.048118
425.102996  -0.048076
425.122995  -0.048076
425.142994  -0.048076
425.162993  -0.048066
425.182993  -0.048108
425.202992  -0.048087
425.222991  -0.048108
425.242990  -0.048045
425.262989  -0.048087
425.282989  -0.048097
425.302988  -0.048076
425.322987  -0.048076
425.342986  -0.048171
425.362985  -0.048097
425.382985  -0.048118
425.402984  -0.048118
425.422983  -0.048087
425.442982  -0.048118
425.462981  -0.048118
425.482981  -0.048097
425.502980  -0.048118
425.522979  -0.048118
425.542978  -0.048108
425.562977  -0.048108
425.582977  -0.048118
425.602976  -0.048150
425.622975  -0.048108
425.642974  -0.048076
425.662973  -0.048129
425.682973  -0.048097
425.702972  -0.048087
425.722971  -0.048097
425.742970  -0.048118
425.762969  -0.048108
425.782969  -0.048139
425.802968  -0.048097
425.822967  -0.048118
425.842966  -0.048160
425.862965  -0.048129
425.882965  -0.048108
425.902964  -0.048108
425.922963  -0.048129
425.942962  -0.048129
425.962961  -0.048097
425.982961  -0.048139
426.002960  -0.048150
426.022959  -0.048150
426.042958  -0.048129
426.062957  -0.048139
426.082957  -0.048160
426.102956  -0.048160
426.122955  -0.048150
426.142954  -0.048139
426.162953  -0.048150
426.182953  -0.048192
426.202952  -0.048139
426.222951  -0.048139
426.242950  -0.048118
426.262949  -0.048150
426.282949  -0.048171
426.302948  -0.048150
426.322947  -0.048129
426.342946  -0.048202
426.362945  -0.048171
426.382945  -0.048160
426.402944  -0.048129
426.422943  -0.048181
426.442942  -0.048171
426.462941  -0.048129
426.482941  -0.048139
426.502940  -0.048171
426.522939  -0.048171
426.542938  -0.048139
426.562937  -0.048181
426.582937  -0.048181
426.602936  -0.048160
426.622935  -0.048213
426.642934  -0.048171
426.662933  -0.048181
426.682933  -0.048223
426.702932  -0.048181
426.722931  -0.048181
426.742930  -0.048202
426.762929  -0.048192
426.782929  -0.048181
426.802928  -0.048202
426.822927  -0.048244
426.842926  -0.048171
426.862925  -0.048192
426.882925  -0.048171
426.902924  -0.048213
426.922923  -0.048171
426.942922  -0.048223
426.962921  -0.048171
426.982921  -0.048234
427.002920  -0.048192
427.022919  -0.048181
427.042918  -0.048181
427.062917  -0.048213
427.082917  -0.048150
427.102916  -0.048202
427.122915  -0.048192
427.142914  -0.048223
427.162913  -0.048213
427.182913  -0.048213
427.202912  -0.048234
427.222911  -0.048223
427.242910  -0.048223
427.262909  -0.048244
427.282909  -0.048244
427.302908  -0.048244
427.322907  -0.048255
427.342906  -0.048234
427.362905  -0.048244
427.382905  -0.048265
427.402904  -0.048276
427.422903  -0.048223
427.442902  -0.048265
427.462901  -0.048286
427.482901  -0.048265
427.502900  -0.048265
427.522899  -0.048265
427.542898  -0.048223
427.562897  -0.048265
427.582897  -0.048307
427.602896  -0.048255
427.622895  -0.048244
427.642894  -0.048307
427.662893  -0.048276
427.682893  -0.048255
427.702892  -0.048255
427.722891  -0.048297
427.742890  -0.048276
427.762889  -0.048276
427.782889  -0.048297
427.802888  -0.048297
427.822887  -0.048286
427.842886  -0.048297
427.862885  -0.048286
427.882885  -0.048286
427.902884  -0.048349
427.922883  -0.048318
427.942882  -0.048307
427.962881  -0.048318
427.982881  -0.048328
428.002880  -0.048318
428.022879  -0.048328
428.042878  -0.048318
428.062877  -0.048318
428.082877  -0.048307
428.102876  -0.048307
428.122875  -0.048328
428.142874  -0.048328
428.162873  -0.048339
428.182873  -0.048307
428.202872  -0.048307
428.222871  -0.048391
428.242870  -0.048349
428.262869  -0.048297
428.282869  -0.048339
428.302868  -0.048328
428.322867  -0.048318
428.342866  -0.048339
428.362865  -0.048328
428.382865  -0.048370
428.402864  -0.048339
428.422863  -0.048349
428.442862  -0.048370
428.462861  -0.048339
428.482861  -0.048349
428.502860  -0.048391
428.522859  -0.048381
428.542858  -0.048391
428.562857  -0.048402
428.582857  -0.048360
428.602856  -0.048349
428.622855  -0.048412
428.642854  -0.048381
428.662853  -0.048391
428.682853  -0.048349
428.702852  -0.048381
428.722851  -0.048412
428.742850  -0.048402
428.762849  -0.048381
428.782849  -0.048454
428.802848  -0.048402
428.822847  -0.048381
428.842846  -0.048423
428.862845  -0.048391
428.882845  -0.048402
428.902844  -0.048391
428.922843  -0.048381
428.942842  -0.048412
428.962841  -0.048423
428.982841  -0.048412
429.002840  -0.048412
429.022839  -0.048402
429.042838  -0.048433
429.062837  -0.048402
429.082837  -0.048402
429.102836  -0.048412
429.122835  -0.048412
429.142834  -0.048444
429.162833  -0.048412
429.182833  -0.048423
429.202832  -0.048423
429.222831  -0.048444
429.242830  -0.048433
429.262829  -0.048444
429.282829  -0.048433
429.302828  -0.048423
429.322827  -0.048465
429.342826  -0.048465
429.362825  -0.048454
429.382825  -0.048454
429.402824  -0.048433
429.422823  -0.048412
429.442822  -0.048465
429.462821  -0.048465
429.482821  -0.048444
429.502820  -0.048454
429.522819  -0.048475
429.542818  -0.048465
429.562817  -0.048465
429.582817  -0.048486
429.602816  -0.048454
429.622815  -0.048465
429.642814  -0.048465
429.662813  -0.048465
429.682813  -0.048507
429.702812  -0.048475
429.722811  -0.048517
429.742810  -0.048475
429.762809  -0.048496
429.782809  -0.048507
429.802808  -0.048507
429.822807  -0.048486
429.842806  -0.048496
429.862805  -0.048538
429.882805  -0.048528
429.902804  -0.048465
429.922803  -0.048475
429.942802  -0.048496
429.962801  -0.048538
429.982801  -0.048496
430.002800  -0.048496
430.022799  -0.048475
430.042798  -0.048549
430.062797  -0.048549
430.082797  -0.048528
430.102796  -0.048517
430.122795  -0.048538
430.142794  -0.048528
430.162793  -0.048517
430.182793  -0.048517
430.202792  -0.048517
430.222791  -0.048496
430.242790  -0.048507
430.262789  -0.048538
430.282789  -0.048549
430.302788  -0.048559
430.322787  -0.048517
430.342786  -0.048559
430.362785  -0.048549
430.382785  -0.048517
430.402784  -0.048559
430.422783  -0.048559
430.442782  -0.048549
430.462781  -0.048549
430.482781  -0.048528
430.502780  -0.048549
430.522779  -0.048549
430.542778  -0.048528
430.562777  -0.048580
430.582777  -0.048580
430.602776  -0.048517
430.622775  -0.048559
430.642774  -0.048591
430.662773  -0.048549
430.682773  -0.048528
430.702772  -0.048602
430.722771  -0.048591
430.742770  -0.048559
430.762769  -0.048538
430.782769  -0.048570
430.802768  -0.048538
430.822767  -0.048549
430.842766  -0.048580
430.862765  -0.048580
430.882765  -0.048559
430.902764  -0.048602
430.922763  -0.048644
430.942762  -0.048602
430.962761  -0.048591
430.982761  -0.048580
431.002760  -0.048580
431.022759  -0.048602
431.042758  -0.048612
431.062757  -0.048602
431.082757  -0.048580
431.102756  -0.048612
431.122755  -0.048602
431.142754  -0.048570
431.162753  -0.048623
431.182753  -0.048602
431.202752  -0.048580
431.222751  -0.048623
431.242750  -0.048602
431.262749  -0.048591
431.282749  -0.048591
431.302748  -0.048580
431.322747  -0.048591
431.342746  -0.048602
431.362745  -0.048580
431.382745  -0.048602
431.402744  -0.048644
431.422743  -0.048602
431.442742  -0.048580
431.462741  -0.048559
431.482741  -0.048623
431.502740  -0.048623
431.522739  -0.048591
431.542738  -0.048612
431.562737  -0.048591
431.582737  -0.048644
431.602736  -0.048623
431.622735  -0.048623
431.642734  -0.048612
431.662733  -0.048623
431.682733  -0.048665
431.702732  -0.048633
431.722731  -0.048612
431.742730  -0.048644
431.762729  -0.048580
431.782729  -0.048623
431.802728  -0.048707
431.822727  -0.048633
431.842726  -0.048580
431.862725  -0.048675
431.882725  -0.048686
431.902724  -0.048675
431.922723  -0.048633
431.942722  -0.048612
431.962721  -0.048665
431.982721  -0.048665
432.002720  -0.048644
432.022719  -0.048633
432.042718  -0.048602
432.062717  -0.048654
432.082717  -0.048675
432.102716  -0.048654
432.122715  -0.048675
432.142714  -0.048675
432.162713  -0.048654
432.182713  -0.048696
432.202712  -0.048644
432.222711  -0.048665
432.242710  -0.048738
432.262709  -0.048717
432.282709  -0.048686
432.302708  -0.048654
432.322707  -0.048696
432.342706  -0.048675
432.362705  -0.048675
432.382705  -0.048696
432.402704  -0.048686
432.422703  -0.048728
432.442702  -0.048696
432.462701  -0.048675
432.482701  -0.048675
432.502700  -0.048728
432.522699  -0.048717
432.542698  -0.048717
432.562697  -0.048738
432.582697  -0.048696
432.602696  -0.048707
432.622695  -0.048707
432.642694  -0.048707
432.662693  -0.048686
432.682693  -0.048686
432.702692  -0.048738
432.722691  -0.048717
432.742690  -0.048749
432.762689  -0.048738
432.782689  -0.048696
432.802688  -0.048717
432.822687  -0.048728
432.842686  -0.048749
432.862685  -0.048728
432.882685  -0.048759
432.902684  -0.048759
432.922683  -0.048749
432.942682  -0.048770
432.962681  -0.048770
432.982681  -0.048749
433.002680  -0.048707
433.022679  -0.048749
433.042678  -0.048759
433.062677  -0.048801
433.082677  -0.048728
433.102676  -0.048738
433.122675  -0.048759
433.142674  -0.048770
433.162673  -0.048759
433.182673  -0.048770
433.202672  -0.048791
433.222671  -0.048801
433.242670  -0.048780
433.262669  -0.048759
433.282669  -0.048770
433.302668  -0.048759
433.322667  -0.048759
433.342666  -0.048759
433.362665  -0.048780
433.382665  -0.048759
433.402664  -0.048759
433.422663  -0.048812
433.442662  -0.048843
433.462661  -0.048780
433.482661  -0.048812
433.502660  -0.048759
433.522659  -0.048812
433.542658  -0.048812
433.562657  -0.048822
433.582657  -0.048822
433.602656  -0.048801
433.622655  -0.048843
433.642654  -0.048812
433.662653  -0.048833
433.682653  -0.048822
433.702652  -0.048833
433.722651  -0.048843
433.742650  -0.048833
433.762649  -0.048833
433.782649  -0.048833
433.802648  -0.048864
433.822647  -0.048801
433.842646  -0.048822
433.862645  -0.048812
433.882645  -0.048822
433.902644  -0.048833
433.922643  -0.048780
433.942642  -0.048822
433.962641  -0.048833
433.982641  -0.048875
434.002640  -0.048854
434.022639  -0.048812
434.042638  -0.048864
434.062637  -0.048843
434.082637  -0.048822
434.102636  -0.048864
434.122635  -0.048843
434.142634  -0.048875
434.162633  -0.048854
434.182633  -0.048875
434.202632  -0.048875
434.222631  -0.048885
434.242630  -0.048843
434.262629  -0.048917
434.282629  -0.048875
434.302628  -0.048854
434.322627  -0.048864
434.342626  -0.048896
434.362625  -0.048917
434.382625  -0.048875
434.402624  -0.048875
434.422623  -0.048864
434.442622  -0.048864
434.462621  -0.048896
434.482621  -0.048854
434.502620  -0.048885
434.522619  -0.048896
434.542618  -0.048875
434.562617  -0.048896
434.582617  -0.048896
434.602616  -0.048917
434.622615  -0.048875
434.642614  -0.048885
434.662613  -0.048906
434.682613  -0.048927
434.702612  -0.048927
434.722611  -0.048906
434.742610  -0.048917
434.762609  -0.048885
434.782609  -0.048938
434.802608  -0.048938
434.822607  -0.048927
434.842606  -0.048938
434.862605  -0.048948
434.882605  -0.048917
434.902604  -0.048896
434.922603  -0.048917
434.942602  -0.048885
434.962601  -0.048938
434.982601  -0.048927
435.002600  -0.048938
435.022599  -0.048896
435.042598  -0.048948
435.062597  -0.048927
435.082597  -0.048927
435.102596  -0.048906
435.122595  -0.048917
435.142594  -0.048927
435.162593  -0.048969
435.182593  -0.048938
435.202592  -0.048969
435.222591  -0.048938
435.242590  -0.048948
435.262589  -0.048948
435.282589  -0.048980
435.302588  -0.048938
435.322587  -0.048938
435.342586  -0.048959
435.362585  -0.048948
435.382585  -0.049022
435.402584  -0.048959
435.422583  -0.048959
435.442582  -0.048980
435.462581  -0.048959
435.482581  -0.048969
435.502580  -0.048948
435.522579  -0.048948
435.542578  -0.048948
435.562577  -0.048980
435.582577  -0.048959
435.602576  -0.048980
435.622575  -0.048969
435.642574  -0.048959
435.662573  -0.048980
435.682573  -0.048969
435.702572  -0.048990
435.722571  -0.048969
435.742570  -0.049011
435.762569  -0.048980
435.782569  -0.048948
435.802568  -0.048969
435.822567  -0.049011
435.842566  -0.048980
435.862565  -0.048938
435.882565  -0.049001
435.902564  -0.048980
435.922563  -0.049022
435.942562  -0.048990
435.962561  -0.049001
435.982561  -0.049001
436.002560  -0.049001
436.022559  -0.048980
436.042558  -0.049011
436.062557  -0.049001
436.082557  -0.049011
436.102556  -0.049022
436.122555  -0.049064
436.142554  -0.049011
436.162553  -0.049011
436.182553  -0.049011
436.202552  -0.049001
436.222551  -0.049001
436.242550  -0.049064
436.262549  -0.049053
436.282549  -0.049032
436.302548  -0.049022
436.322547  -0.049022
436.342546  -0.049032
436.362545  -0.049064
436.382545  -0.049011
436.402544  -0.049032
436.422543  -0.049022
436.442542  -0.049043
436.462541  -0.049074
436.482541  -0.049032
436.502540  -0.049053
436.522539  -0.049064
436.542538  -0.049053
436.562537  -0.049085
436.582537  -0.049043
436.602536  -0.049043
436.622535  -0.049043
436.642534  -0.049106
436.662533  -0.049085
436.682533  -0.049053
436.702532  -0.049074
436.722531  -0.049085
436.742530  -0.049085
436.762529  -0.049095
436.782529  -0.049074
436.802528  -0.049085
436.822527  -0.049095
436.842526  -0.049095
436.862525  -0.049064
436.882525  -0.049116
436.902524  -0.049095
436.922523  -0.049106
436.942522  -0.049074
436.962521  -0.049074
436.982521  -0.049085
437.002520  -0.049116
437.022519  -0.049127
437.042518  -0.049106
437.062517  -0.049095
437.082517  -0.049116
437.102516  -0.049085
437.122515  -0.049127
437.142514  -0.049095
437.162513  -0.049127
437.182513  -0.049116
437.202512  -0.049127
437.222511  -0.049127
437.242510  -0.049169
437.262509  -0.049127
437.282509  -0.049095
437.302508  -0.049137
437.322507  -0.049137
437.342506  -0.049169
437.362505  -0.049127
437.382505  -0.049169
437.402504  -0.049148
437.422503  -0.049179
437.442502  -0.049148
437.462501  -0.049148
437.482501  -0.049169
437.502500  -0.049137
437.522499  -0.049148
437.542498  -0.049158
437.562498  -0.049148
437.582497  -0.049169
437.602496  -0.049148
437.622495  -0.049179
437.642494  -0.049200
437.662494  -0.049179
437.682493  -0.049169
437.702492  -0.049200
437.722491  -0.049179
437.742490  -0.049190
437.762490  -0.049200
437.782489  -0.049200
437.802488  -0.049200
437.822487  -0.049190
437.842486  -0.049232
437.862486  -0.049200
437.882485  -0.049200
437.902484  -0.049221
437.922483  -0.049200
437.942482  -0.049211
437.962482  -0.049242
437.982481  -0.049200
438.002480  -0.049221
438.022479  -0.049242
438.042478  -0.049232
438.062478  -0.049211
438.082477  -0.049179
438.102476  -0.049200
438.122475  -0.049253
438.142474  -0.049263
438.162474  -0.049200
438.182473  -0.049263
438.202472  -0.049232
438.222471  -0.049211
438.242470  -0.049211
438.262470  -0.049242
438.282469  -0.049221
438.302468  -0.049200
438.322467  -0.049253
438.342466  -0.049232
438.362466  -0.049242
438.382465  -0.049242
438.402464  -0.049221
438.422463  -0.049232
438.442462  -0.049232
438.462462  -0.049253
438.482461  -0.049242
438.502460  -0.049263
438.522459  -0.049263
438.542458  -0.049263
438.562458  -0.049274
438.582457  -0.049242
438.602456  -0.049274
438.622455  -0.049284
438.642454  -0.049284
438.662454  -0.049284
438.682453  -0.049274
438.702452  -0.049263
438.722451  -0.049295
438.742450  -0.049284
438.762450  -0.049284
438.782449  -0.049295
438.802448  -0.049263
438.822447  -0.049274
438.842446  -0.049274
438.862446  -0.049295
438.882445  -0.049284
438.902444  -0.049263
438.922443  -0.049295
438.942442  -0.049274
438.962442  -0.049274
438.982441  -0.049274
439.002440  -0.049295
439.022439  -0.049295
439.042438  -0.049295
439.062438  -0.049305
439.082437  -0.049284
439.102436  -0.049305
439.122435  -0.049316
439.142434  -0.049263
439.162434  -0.049326
439.182433  -0.049326
439.202432  -0.049316
439.222431  -0.049284
439.242430  -0.049305
439.262430  -0.049337
439.282429  -0.049316
439.302428  -0.049347
439.322427  -0.049295
439.342426  -0.049337
439.362426  -0.049326
439.382425  -0.049305
439.402424  -0.049326
439.422423  -0.049347
439.442422  -0.049347
439.462422  -0.049316
439.482421  -0.049337
439.502420  -0.049316
439.522419  -0.049379
439.542418  -0.049316
439.562418  -0.049305
439.582417  -0.049326
439.602416  -0.049358
439.622415  -0.049368
439.642414  -0.049347
439.662414  -0.049337
439.682413  -0.049326
439.702412  -0.049379
439.722411  -0.049358
439.742410  -0.049368
439.762410  -0.049358
439.782409  -0.049368
439.802408  -0.049368
439.822407  -0.049368
439.842406  -0.049389
439.862406  -0.049358
439.882405  -0.049368
439.902404  -0.049358
439.922403  -0.049379
439.942402  -0.049358
439.962402  -0.049410
439.982401  -0.049379
440.002400  -0.049358
440.022399  -0.049400
440.042398  -0.049379
440.062398  -0.049389
440.082397  -0.049347
440.102396  -0.049379
440.122395  -0.049368
440.142394  -0.049368
440.162394  -0.049389
440.182393  -0.049379
440.202392  -0.049379
440.222391  -0.049400
440.242390  -0.049400
440.262390  -0.049410
440.282389  -0.049389
440.302388  -0.049389
440.322387  -0.049421
440.342386  -0.049421
440.362386  -0.049421
440.382385  -0.049410
440.402384  -0.049421
440.422383  -0.049442
440.442382  -0.049421
440.462382  -0.049400
440.482381  -0.049421
440.502380  -0.049452
440.522379  -0.049431
440.542378  -0.049442
440.562378  -0.049474
440.582377  -0.049431
440.602376  -0.049421
440.622375  -0.049452
440.642374  -0.049442
440.662374  -0.049442
440.682373  -0.049431
440.702372  -0.049431
440.722371  -0.049474
440.742370  -0.049452
440.762370  -0.049442
440.782369  -0.049442
440.802368  -0.049431
440.822367  -0.049452
440.842366  -0.049463
440.862366  -0.049474
440.882365  -0.049463
440.902364  -0.049463
440.922363  -0.049484
440.942362  -0.049505
440.962362  -0.049484
440.982361  -0.049474
441.002360  -0.049516
441.022359  -0.049505
441.042358  -0.049474
441.062358  -0.049495
441.082357  -0.049463
441.102356  -0.049484
441.122355  -0.049526
441.142354  -0.049484
441.162354  -0.049484
441.182353  -0.049505
441.202352  -0.049505
441.222351  -0.049516
441.242350  -0.049505
441.262350  -0.049495
441.282349  -0.049474
441.302348  -0.049495
441.322347  -0.049537
441.342346  -0.049526
441.362346  -0.049495
441.382345  -0.049558
441.402344  -0.049537
441.422343  -0.049526
441.442342  -0.049547
441.462342  -0.049505
441.482341  -0.049547
441.502340  -0.049505
441.522339  -0.049537
441.542338  -0.049526
441.562338  -0.049568
441.582337  -0.049589
441.602336  -0.049547
441.622335  -0.049547
441.642334  -0.049579
441.662334  -0.049558
441.682333  -0.049547
441.702332  -0.049537
441.722331  -0.049547
441.742330  -0.049547
441.762330  -0.049568
441.782329  -0.049589
441.802328  -0.049589
441.822327  -0.049579
441.842326  -0.049558
441.862326  -0.049568
441.882325  -0.049579
441.902324  -0.049600
441.922323  -0.049558
441.942322  -0.049579
441.962322  -0.049579
441.982321  -0.049568
442.002320  -0.049600
442.022319  -0.049589
442.042318  -0.049579
442.062318  -0.049558
442.082317  -0.049589
442.102316  -0.049600
442.122315  -0.049589
442.142314  -0.049621
442.162314  -0.049642
442.182313  -0.049610
442.202312  -0.049600
442.222311  -0.049568
442.242310  -0.049642
442.262310  -0.049568
442.282309  -0.049621
442.302308  -0.049558
442.322307  -0.049589
442.342306  -0.049610
442.362306  -0.049652
442.382305  -0.049600
442.402304  -0.049589
442.422303  -0.049631
442.442302  -0.049610
442.462302  -0.049642
442.482301  -0.049600
442.502300  -0.049621
442.522299  -0.049631
442.542298  -0.049642
442.562298  -0.049610
442.582297  -0.049610
442.602296  -0.049600
442.622295  -0.049600
442.642294  -0.049652
442.662294  -0.049600
442.682293  -0.049631
442.702292  -0.049673
442.722291  -0.049642
442.742290  -0.049600
442.762290  -0.049579
442.782289  -0.049652
442.802288  -0.049621
442.822287  -0.049642
442.842286  -0.049631
442.862286  -0.049631
442.882285  -0.049673
442.902284  -0.049663
442.922283  -0.049673
442.942282  -0.049642
442.962282  -0.049673
442.982281  -0.049694
443.002280  -0.049642
443.022279  -0.049684
443.042278  -0.049663
443.062278  -0.049684
443.082277  -0.049652
443.102276  -0.049663
443.122275  -0.049663
443.142274  -0.049652
443.162274  -0.049631
443.182273  -0.049652
443.202272  -0.049652
443.222271  -0.049673
443.242270  -0.049652
443.262270  -0.049694
443.282269  -0.049631
443.302268  -0.049663
443.322267  -0.049673
443.342266  -0.049715
443.362266  -0.049694
443.382265  -0.049715
443.402264  -0.049684
443.422263  -0.049705
443.442262  -0.049673
443.462262  -0.049705
443.482261  -0.049694
443.502260  -0.049715
443.522259  -0.049705
443.542258  -0.049705
443.562258  -0.049705
443.582257  -0.049684
443.602256  -0.049726
443.622255  -0.049705
443.642254  -0.049705
443.662254  -0.049768
443.682253  -0.049715
443.702252  -0.049726
443.722251  -0.049705
443.742250  -0.049673
443.762250  -0.049705
443.782249  -0.049736
443.802248  -0.049715
443.822247  -0.049705
443.842246  -0.049747
443.862246  -0.049736
443.882245  -0.049715
443.902244  -0.049705
443.922243  -0.049736
443.942242  -0.049736
443.962242  -0.049757
443.982241  -0.049715
444.002240  -0.049736
444.022239  -0.049747
444.042238  -0.049747
444.062238  -0.049736
444.082237  -0.049736
444.102236  -0.049757
444.122235  -0.049726
444.142234  -0.049736
444.162234  -0.049768
444.182233  -0.049726
444.202232  -0.049768
444.222231  -0.049757
444.242230  -0.049778
444.262230  -0.049768
444.282229  -0.049768
444.302228  -0.049799
444.322227  -0.049768
444.342226  -0.049768
444.362226  -0.049789
444.382225  -0.049757
444.402224  -0.049768
444.422223  -0.049747
444.442222  -0.049810
444.462222  -0.049778
444.482221  -0.049778
444.502220  -0.049768
444.522219  -0.049789
444.542218  -0.049810
444.562218  -0.049778
444.582217  -0.049810
444.602216  -0.049820
444.622215  -0.049820
444.642214  -0.049799
444.662214  -0.049810
444.682213  -0.049841
444.702212  -0.049799
444.722211  -0.049810
444.742210  -0.049841
444.762210  -0.049862
444.782209  -0.049831
444.802208  -0.049789
444.822207  -0.049852
444.842206  -0.049852
444.862206  -0.049873
444.882205  -0.049810
444.902204  -0.049841
444.922203  -0.049852
444.942202  -0.049831
444.962202  -0.049810
444.982201  -0.049841
445.002200  -0.049873
445.022199  -0.049883
445.042198  -0.049862
445.062198  -0.049852
445.082197  -0.049862
445.102196  -0.049862
445.122195  -0.049799
445.142194  -0.049852
445.162194  -0.049883
445.182193  -0.049883
445.202192  -0.049915
445.222191  -0.049841
445.242190  -0.049894
445.262190  -0.049883
445.282189  -0.049925
445.302188  -0.049883
445.322187  -0.049894
445.342186  -0.049925
445.362186  -0.049894
445.382185  -0.049936
445.402184  -0.049946
445.422183  -0.049915
445.442182  -0.049925
445.462182  -0.049904
445.482181  -0.049883
445.502180  -0.049915
445.522179  -0.049904
445.542178  -0.049904
445.562178  -0.049936
445.582177  -0.049904
445.602176  -0.049957
445.622175  -0.049925
445.642174  -0.049925
445.662174  -0.049936
445.682173  -0.049978
445.702172  -0.049904
445.722171  -0.049978
445.742170  -0.049946
445.762170  -0.049967
445.782169  -0.049957
445.802168  -0.049978
445.822167  -0.049988
445.842166  -0.049957
445.862166  -0.049967
445.882165  -0.049978
445.902164  -0.049957
445.922163  -0.049957
445.942162  -0.049988
445.962162  -0.049999
445.982161  -0.049967
446.002160  -0.050020
446.022159  -0.049946
446.042158  -0.049999
446.062158  -0.049999
446.082157  -0.049978
446.102156  -0.050020
446.122155  -0.049978
446.142154  -0.049978
446.162154  -0.049988
446.182153  -0.049988
446.202152  -0.049988
446.222151  -0.049988
446.242150  -0.050030
446.262150  -0.049988
446.282149  -0.049978
446.302148  -0.050030
446.322147  -0.050020
446.342146  -0.050020
446.362146  -0.050009
446.382145  -0.050020
446.402144  -0.050030
446.422143  -0.049999
446.442142  -0.050030
446.462142  -0.050062
446.482141  -0.050030
446.502140  -0.050072
446.522139  -0.050030
446.542138  -0.050041
446.562138  -0.050041
446.582137  -0.050041
446.602136  -0.050051
446.622135  -0.050051
446.642134  -0.050062
446.662134  -0.050051
446.682133  -0.050062
446.702132  -0.050083
446.722131  -0.050051
446.742130  -0.050030
446.762130  -0.050072
446.782129  -0.050072
446.802128  -0.050072
446.822127  -0.050041
446.842126  -0.050051
446.862126  -0.050051
446.882125  -0.050072
446.902124  -0.050062
446.922123  -0.050051
446.942122  -0.050041
446.962122  -0.050072
446.982121  -0.050072
447.002120  -0.050062
447.022119  -0.050062
447.042118  -0.050051
447.062118  -0.050093
447.082117  -0.050083
447.102116  -0.050072
447.122115  -0.050083
447.142114  -0.050114
447.162114  -0.050072
447.182113  -0.050072
447.202112  -0.050125
447.222111  -0.050114
447.242110  -0.050093
447.262110  -0.050104
447.282109  -0.050093
447.302108  -0.050104
447.322107  -0.050093
447.342106  -0.050093
447.362106  -0.050104
447.382105  -0.050125
447.402104  -0.050125
447.422103  -0.050093
447.442102  -0.050114
447.462102  -0.050093
447.482101  -0.050156
447.502100  -0.050093
447.522099  -0.050093
447.542098  -0.050125
447.562098  -0.050104
447.582097  -0.050135
447.602096  -0.050104
447.622095  -0.050125
447.642094  -0.050135
447.662094  -0.050156
447.682093  -0.050146
447.702092  -0.050135
447.722091  -0.050135
447.742090  -0.050125
447.762090  -0.050146
447.782089  -0.050146
447.802088  -0.050167
447.822087  -0.050177
447.842086  -0.050177
447.862086  -0.050177
447.882085  -0.050177
447.902084  -0.050146
447.922083  -0.050167
447.942082  -0.050177
447.962082  -0.050198
447.982081  -0.050156
448.002080  -0.050156
448.022079  -0.050188
448.042078  -0.050135
448.062078  -0.050167
448.082077  -0.050156
448.102076  -0.050167
448.122075  -0.050188
448.142074  -0.050177
448.162074  -0.050198
448.182073  -0.050156
448.202072  -0.050188
448.222071  -0.050177
448.242070  -0.050146
448.262070  -0.050219
448.282069  -0.050198
448.302068  -0.050198
448.322067  -0.050198
448.342066  -0.050198
448.362066  -0.050167
448.382065  -0.050188
448.402064  -0.050240
448.422063  -0.050188
448.442062  -0.050230
448.462062  -0.050198
448.482061  -0.050219
448.502060  -0.050219
448.522059  -0.050219
448.542058  -0.050219
448.562058  -0.050240
448.582057  -0.050240
448.602056  -0.050261
448.622055  -0.050230
448.642054  -0.050261
448.662054  -0.050209
448.682053  -0.050272
448.702052  -0.050240
448.722051  -0.050230
448.742050  -0.050230
448.762050  -0.050251
448.782049  -0.050230
448.802048  -0.050251
448.822047  -0.050261
448.842046  -0.050251
448.862046  -0.050272
448.882045  -0.050261
448.902044  -0.050272
448.922043  -0.050293
448.942042  -0.050261
448.962042  -0.050272
448.982041  -0.050282
449.002040  -0.050293
449.022039  -0.050282
449.042038  -0.050346
449.062038  -0.050272
449.082037  -0.050314
449.102036  -0.050314
449.122035  -0.050282
449.142034  -0.050272
449.162034  -0.050303
449.182033  -0.050314
449.202032  -0.050303
449.222031  -0.050303
449.242030  -0.050303
449.262030  -0.050282
449.282029  -0.050335
449.302028  -0.050324
449.322027  -0.050324
449.342026  -0.050335
449.362026  -0.050314
449.382025  -0.050303
449.402024  -0.050303
449.422023  -0.050346
449.442022  -0.050314
449.462022  -0.050293
449.482021  -0.050314
449.502020  -0.050346
449.522019  -0.050356
449.542018  -0.050346
449.562018  -0.050367
449.582017  -0.050324
449.602016  -0.050367
449.622015  -0.050388
449.642014  -0.050335
449.662014  -0.050367
449.682013  -0.050419
449.702012  -0.050346
449.722011  -0.050377
449.742010  -0.050377
449.762010  -0.050388
449.782009  -0.050398
449.802008  -0.050388
449.822007  -0.050388
449.842006  -0.050388
449.862006  -0.050388
449.882005  -0.050367
449.902004  -0.050409
449.922003  -0.050388
449.942002  -0.050377
449.962002  -0.050377
449.982001  -0.050398
450.002000  -0.050398
450.021999  -0.050430
450.041998  -0.050398
450.061998  -0.050388
450.081997  -0.050388
450.101996  -0.050409
450.121995  -0.050409
450.141994  -0.050409
450.161994  -0.050451
450.181993  -0.050419
450.201992  -0.050430
450.221991  -0.050409
450.241990  -0.050430
450.261990  -0.050451
450.281989  -0.050419
450.301988  -0.050430
450.321987  -0.050409
450.341986  -0.050430
450.361986  -0.050409
450.381985  -0.050461
450.401984  -0.050461
450.421983  -0.050440
450.441982  -0.050398
450.461982  -0.050440
450.481981  -0.050461
450.501980  -0.050461
450.521979  -0.050440
450.541978  -0.050409
450.561978  -0.050451
450.581977  -0.050482
450.601976  -0.050472
450.621975  -0.050461
450.641974  -0.050472
450.661974  -0.050493
450.681973  -0.050461
450.701972  -0.050482
450.721971  -0.050472
450.741970  -0.050482
450.761970  -0.050493
450.781969  -0.050493
450.801968  -0.050514
450.821967  -0.050461
450.841966  -0.050493
450.861966  -0.050545
450.881965  -0.050493
450.901964  -0.050482
450.921963  -0.050482
450.941962  -0.050493
450.961962  -0.050503
450.981961  -0.050524
451.001960  -0.050482
451.021959  -0.050493
451.041958  -0.050482
451.061958  -0.050524
451.081957  -0.050514
451.101956  -0.050493
451.121955  -0.050482
451.141954  -0.050493
451.161954  -0.050514
451.181953  -0.050503
451.201952  -0.050535
451.221951  -0.050535
451.241950  -0.050514
451.261950  -0.050493
451.281949  -0.050514
451.301948  -0.050524
451.321947  -0.050545
451.341946  -0.050524
451.361946  -0.050514
451.381945  -0.050535
451.401944  -0.050524
451.421943  -0.050556
451.441942  -0.050503
451.461942  -0.050524
451.481941  -0.050514
451.501940  -0.050556
451.521939  -0.050556
451.541938  -0.050566
451.561938  -0.050535
451.581937  -0.050577
451.601936  -0.050577
451.621935  -0.050598
451.641934  -0.050598
451.661934  -0.050566
451.681933  -0.050587
451.701932  -0.050608
451.721931  -0.050545
451.741930  -0.050619
451.761930  -0.050608
451.781929  -0.050598
451.801928  -0.050608
451.821927  -0.050619
451.841926  -0.050587
451.861926  -0.050577
451.881925  -0.050619
451.901924  -0.050608
451.921923  -0.050587
451.941922  -0.050598
451.961922  -0.050640
451.981921  -0.050619
452.001920  -0.050640
452.021919  -0.050608
452.041918  -0.050598
452.061918  -0.050619
452.081917  -0.050661
452.101916  -0.050619
452.121915  -0.050640
452.141914  -0.050629
452.161914  -0.050608
452.181913  -0.050640
452.201912  -0.050661
452.221911  -0.050661
452.241910  -0.050640
452.261910  -0.050661
452.281909  -0.050629
452.301908  -0.050661
452.321907  -0.050650
452.341906  -0.050650
452.361906  -0.050682
452.381905  -0.050682
452.401904  -0.050661
452.421903  -0.050640
452.441902  -0.050661
452.461902  -0.050661
452.481901  -0.050629
452.501900  -0.050650
452.521899  -0.050692
452.541898  -0.050671
452.561898  -0.050661
452.581897  -0.050650
452.601896  -0.050661
452.621895  -0.050661
452.641894  -0.050703
452.661894  -0.050703
452.681893  -0.050713
452.701892  -0.050713
452.721891  -0.050682
452.741890  -0.050713
452.761890  -0.050682
452.781889  -0.050713
452.801888  -0.050661
452.821887  -0.050661
452.841886  -0.050724
452.861886  -0.050713
452.881885  -0.050724
452.901884  -0.050692
452.921883  -0.050713
452.941882  -0.050724
452.961882  -0.050713
452.981881  -0.050713
453.001880  -0.050745
453.021879  -0.050724
453.041878  -0.050734
453.061878  -0.050745
453.081877  -0.050734
453.101876  -0.050703
453.121875  -0.050776
453.141874  -0.050724
453.161874  -0.050734
453.181873  -0.050755
453.201872  -0.050724
453.221871  -0.050713
453.241870  -0.050776
453.261870  -0.050734
453.281869  -0.050745
453.301868  -0.050745
453.321867  -0.050797
453.341866  -0.050797
453.361866  -0.050776
453.381865  -0.050787
453.401864  -0.050755
453.421863  -0.050808
453.441862  -0.050787
453.461862  -0.050766
453.481861  -0.050818
453.501860  -0.050797
453.521859  -0.050808
453.541858  -0.050797
453.561858  -0.050776
453.581857  -0.050808
453.601856  -0.050818
453.621855  -0.050808
453.641854  -0.050818
453.661854  -0.050797
453.681853  -0.050818
453.701852  -0.050818
453.721851  -0.050818
453.741850  -0.050818
453.761850  -0.050829
453.781849  -0.050829
453.801848  -0.050808
453.821847  -0.050850
453.841846  -0.050808
453.861846  -0.050829
453.881845  -0.050829
453.901844  -0.050818
453.921843  -0.050860
453.941842  -0.050829
453.961842  -0.050892
453.981841  -0.050829
454.001840  -0.050850
454.021839  -0.050860
454.041838  -0.050860
454.061838  -0.050860
454.081837  -0.050871
454.101836  -0.050839
454.121835  -0.050839
454.141834  -0.050850
454.161834  -0.050860
454.181833  -0.050871
454.201832  -0.050871
454.221831  -0.050881
454.241830  -0.050881
454.261830  -0.050871
454.281829  -0.050871
454.301828  -0.050871
454.321827  -0.050860
454.341826  -0.050850
454.361826  -0.050892
454.381825  -0.050860
454.401824  -0.050860
454.421823  -0.050871
454.441822  -0.050860
454.461822  -0.050871
454.481821  -0.050881
454.501820  -0.050902
454.521819  -0.050839
454.541818  -0.050902
454.561818  -0.050892
454.581817  -0.050881
454.601816  -0.050913
454.621815  -0.050913
454.641814  -0.050923
454.661814  -0.050881
454.681813  -0.050934
454.701812  -0.050934
454.721811  -0.050934
454.741810  -0.050976
454.761810  -0.050923
454.781809  -0.050923
454.801808  -0.050913
454.821807  -0.050934
454.841806  -0.050934
454.861806  -0.050923
454.881805  -0.050934
454.901804  -0.050944
454.921803  -0.050944
454.941802  -0.050913
454.961802  -0.050913
454.981801  -0.050944
455.001800  -0.050955
455.021799  -0.050923
455.041798  -0.050923
455.061798  -0.050965
455.081797  -0.050902
455.101796  -0.050955
455.121795  -0.050944
455.141794  -0.050976
455.161794  -0.050986
455.181793  -0.050944
455.201792  -0.050955
455.221791  -0.050976
455.241790  -0.050965
455.261790  -0.050944
455.281789  -0.050986
455.301788  -0.050997
455.321787  -0.050976
455.341786  -0.050986
455.361786  -0.050976
455.381785  -0.050955
455.401784  -0.050944
455.421783  -0.050976
455.441782  -0.050965
455.461782  -0.050997
455.481781  -0.050965
455.501780  -0.050986
455.521779  -0.050986
455.541778  -0.051018
455.561778  -0.050986
455.581777  -0.050997
455.601776  -0.050986
455.621775  -0.050997
455.641774  -0.051018
455.661774  -0.050965
455.681773  -0.050944
455.701772  -0.051028
455.721771  -0.050986
455.741770  -0.050986
455.761770  -0.050986
455.781769  -0.050997
455.801768  -0.050976
455.821767  -0.050976
455.841766  -0.050955
455.861766  -0.050986
455.881765  -0.051028
455.901764  -0.051039
455.921763  -0.051028
455.941762  -0.051039
455.961762  -0.051028
455.981761  -0.051028
456.001760  -0.051018
456.021759  -0.051028
456.041758  -0.051049
456.061758  -0.051049
456.081757  -0.051028
456.101756  -0.051018
456.121755  -0.051039
456.141754  -0.051028
456.161754  -0.051039
456.181753  -0.051028
456.201752  -0.051060
456.221751  -0.051028
456.241750  -0.051060
456.261750  -0.051060
456.281749  -0.051060
456.301748  -0.051007
456.321747  -0.051028
456.341746  -0.051028
456.361746  -0.051060
456.381745  -0.051060
456.401744  -0.051060
456.421743  -0.051060
456.441742  -0.051081
456.461742  -0.051049
456.481741  -0.051091
456.501740  -0.051081
456.521739  -0.051081
456.541738  -0.051123
456.561738  -0.051102
456.581737  -0.051102
456.601736  -0.051070
456.621735  -0.051123
456.641734  -0.051112
456.661734  -0.051091
456.681733  -0.051123
456.701732  -0.051123
456.721731  -0.051102
456.741730  -0.051112
456.761730  -0.051123
456.781729  -0.051091
456.801728  -0.051091
456.821727  -0.051186
456.841726  -0.051144
456.861726  -0.051144
456.881725  -0.051133
456.901724  -0.051123
456.921723  -0.051123
456.941722  -0.051165
456.961722  -0.051123
456.981721  -0.051123
457.001720  -0.051144
457.021719  -0.051144
457.041718  -0.051165
457.061718  -0.051144
457.081717  -0.051133
457.101716  -0.051165
457.121715  -0.051175
457.141714  -0.051207
457.161714  -0.051175
457.181713  -0.051186
457.201712  -0.051218
457.221711  -0.051175
457.241710  -0.051197
457.261710  -0.051207
457.281709  -0.051186
457.301708  -0.051218
457.321707  -0.051218
457.341706  -0.051228
457.361706  -0.051207
457.381705  -0.051218
457.401704  -0.051228
457.421703  -0.051239
457.441702  -0.051239
457.461702  -0.051228
457.481701  -0.051228
457.501700  -0.051218
457.521699  -0.051207
457.541698  -0.051239
457.561698  -0.051228
457.581697  -0.051218
457.601696  -0.051260
457.621695  -0.051239
457.641694  -0.051249
457.661694  -0.051239
457.681693  -0.051270
457.701692  -0.051218
457.721691  -0.051228
457.741690  -0.051270
457.761690  -0.051260
457.781689  -0.051260
457.801688  -0.051249
457.821687  -0.051291
457.841686  -0.051260
457.861686  -0.051260
457.881685  -0.051228
457.901684  -0.051312
457.921683  -0.051291
457.941682  -0.051270
457.961682  -0.051302
457.981681  -0.051281
458.001680  -0.051281
458.021679  -0.051302
458.041678  -0.051302
458.061678  -0.051260
458.081677  -0.051302
458.101676  -0.051323
458.121675  -0.051260
458.141674  -0.051291
458.161674  -0.051323
458.181673  -0.051302
458.201672  -0.051312
458.221671  -0.051270
458.241670  -0.051312
458.261670  -0.051302
458.281669  -0.051312
458.301668  -0.051291
458.321667  -0.051312
458.341666  -0.051354
458.361666  -0.051302
458.381665  -0.051312
458.401664  -0.051323
458.421663  -0.051312
458.441662  -0.051333
458.461662  -0.051365
458.481661  -0.051323
458.501660  -0.051354
458.521659  -0.051323
458.541658  -0.051333
458.561658  -0.051386
458.581657  -0.051344
458.601656  -0.051323
458.621655  -0.051333
458.641654  -0.051323
458.661654  -0.051333
458.681653  -0.051281
458.701652  -0.051354
458.721651  -0.051333
458.741650  -0.051312
458.761650  -0.051323
458.781649  -0.051323
458.801648  -0.051333
458.821647  -0.051333
458.841646  -0.051312
458.861646  -0.051323
458.881645  -0.051365
458.901644  -0.051354
458.921643  -0.051302
458.941642  -0.051354
458.961642  -0.051354
458.981641  -0.051344
459.001640  -0.051365
459.021639  -0.051386
459.041638  -0.051365
459.061638  -0.051386
459.081637  -0.051386
459.101636  -0.051365
459.121635  -0.051386
459.141634  -0.051375
459.161634  -0.051375
459.181633  -0.051365
459.201632  -0.051396
459.221631  -0.051396
459.241630  -0.051375
459.261630  -0.051428
459.281629  -0.051386
459.301628  -0.051386
459.321627  -0.051407
459.341626  -0.051375
459.361626  -0.051365
459.381625  -0.051375
459.401624  -0.051407
459.421623  -0.051396
459.441622  -0.051396
459.461622  -0.051386
459.481621  -0.051386
459.501620  -0.051438
459.521619  -0.051396
459.541618  -0.051386
459.561618  -0.051407
459.581617  -0.051396
459.601616  -0.051428
459.621615  -0.051417
459.641614  -0.051438
459.661614  -0.051449
459.681613  -0.051438
459.701612  -0.051417
459.721611  -0.051438
459.741610  -0.051449
459.761610  -0.051428
459.781609  -0.051438
459.801608  -0.051459
459.821607  -0.051386
459.841606  -0.051417
459.861606  -0.051459
459.881605  -0.051438
459.901604  -0.051428
459.921603  -0.051428
459.941602  -0.051407
459.961602  -0.051438
459.981601  -0.051459
460.001600  -0.051428
460.021599  -0.051438
460.041598  -0.051480
460.061598  -0.051459
460.081597  -0.051438
460.101596  -0.051438
460.121595  -0.051480
460.141594  -0.051449
460.161594  -0.051449
460.181593  -0.051480
460.201592  -0.051491
460.221591  -0.051470
460.241590  -0.051491
460.261590  -0.051470
460.281589  -0.051480
460.301588  -0.051501
460.321587  -0.051491
460.341586  -0.051501
460.361586  -0.051501
460.381585  -0.051501
460.401584  -0.051522
460.421583  -0.051480
460.441582  -0.051480
460.461582  -0.051522
460.481581  -0.051501
460.501580  -0.051522
460.521579  -0.051501
460.541578  -0.051480
460.561578  -0.051459
460.581577  -0.051501
460.601576  -0.051543
460.621575  -0.051512
460.641574  -0.051533
460.661574  -0.051512
460.681573  -0.051501
460.701572  -0.051512
460.721571  -0.051533
460.741570  -0.051533
460.761570  -0.051543
460.781569  -0.051533
460.801568  -0.051564
460.821567  -0.051533
460.841566  -0.051543
460.861566  -0.051501
460.881565  -0.051543
460.901564  -0.051554
460.921563  -0.051554
460.941562  -0.051585
460.961562  -0.051543
460.981561  -0.051543
461.001560  -0.051575
461.021559  -0.051585
461.041558  -0.051575
461.061558  -0.051596
461.081557  -0.051543
461.101556  -0.051596
461.121555  -0.051585
461.141554  -0.051564
461.161554  -0.051585
461.181553  -0.051617
461.201552  -0.051554
461.221551  -0.051575
461.241550  -0.051585
461.261550  -0.051606
461.281549  -0.051575
461.301548  -0.051606
461.321547  -0.051575
461.341546  -0.051606
461.361546  -0.051606
461.381545  -0.051585
461.401544  -0.051543
461.421543  -0.051606
461.441542  -0.051638
461.461542  -0.051596
461.481541  -0.051596
461.501540  -0.051606
461.521539  -0.051648
461.541538  -0.051617
461.561538  -0.051627
461.581537  -0.051617
461.601536  -0.051711
461.621535  -0.051648
461.641534  -0.051627
461.661534  -0.051617
461.681533  -0.051648
461.701532  -0.051606
461.721531  -0.051638
461.741530  -0.051585
461.761530  -0.051585
461.781529  -0.051659
461.801528  -0.051617
461.821527  -0.051627
461.841526  -0.051596
461.861526  -0.051648
461.881525  -0.051617
461.901524  -0.051627
461.921523  -0.051638
461.941522  -0.051638
461.961522  -0.051638
461.981521  -0.051669
462.001520  -0.051638
462.021519  -0.051648
462.041518  -0.051648
462.061518  -0.051669
462.081517  -0.051659
462.101516  -0.051669
462.121515  -0.051722
462.141514  -0.051638
462.161514  -0.051659
462.181513  -0.051606
462.201512  -0.051659
462.221511  -0.051680
462.241510  -0.051690
462.261510  -0.051669
462.281509  -0.051648
462.301508  -0.051648
462.321507  -0.051648
462.341506  -0.051690
462.361506  -0.051669
462.381505  -0.051669
462.401504  -0.051690
462.421503  -0.051669
462.441502  -0.051659
462.461502  -0.051680
462.481501  -0.051690
462.501500  -0.051638
462.521499  -0.051669
462.541498  -0.051669
462.561498  -0.051659
462.581497  -0.051701
462.601496  -0.051690
462.621495  -0.051659
462.641494  -0.051680
462.661494  -0.051690
462.681493  -0.051711
462.701492  -0.051722
462.721491  -0.051743
462.741490  -0.051711
462.761490  -0.051701
462.781489  -0.051722
462.801488  -0.051722
462.821487  -0.051701
462.841486  -0.051732
462.861486  -0.051722
462.881485  -0.051722
462.901484  -0.051722
462.921483  -0.051711
462.941482  -0.051711
462.961482  -0.051690
462.981481  -0.051722
463.001480  -0.051711
463.021479  -0.051732
463.041478  -0.051732
463.061478  -0.051743
463.081477  -0.051711
463.101476  -0.051722
463.121475  -0.051732
463.141474  -0.051722
463.161474  -0.051753
463.181473  -0.051743
463.201472  -0.051732
463.221471  -0.051743
463.241470  -0.051753
463.261470  -0.051711
463.281469  -0.051711
463.301468  -0.051764
463.321467  -0.051743
463.341466  -0.051743
463.361466  -0.051732
463.381465  -0.051743
463.401464  -0.051785
463.421463  -0.051753
463.441462  -0.051774
463.461462  -0.051764
463.481461  -0.051785
463.501460  -0.051785
463.521459  -0.051764
463.541458  -0.051753
463.561458  -0.051806
463.581457  -0.051774
463.601456  -0.051795
463.621455  -0.051764
463.641454  -0.051785
463.661454  -0.051774
463.681453  -0.051795
463.701452  -0.051732
463.721451  -0.051774
463.741450  -0.051806
463.761450  -0.051774
463.781449  -0.051774
463.801448  -0.051816
463.821447  -0.051795
463.841446  -0.051795
463.861446  -0.051753
463.881445  -0.051774
463.901444  -0.051816
463.921443  -0.051785
463.941442  -0.051795
463.961442  -0.051806
463.981441  -0.051816
464.001440  -0.051837
464.021439  -0.051774
464.041438  -0.051837
464.061438  -0.051795
464.081437  -0.051806
464.101436  -0.051837
464.121435  -0.051806
464.141434  -0.051827
464.161434  -0.051837
464.181433  -0.051848
464.201432  -0.051848
464.221431  -0.051869
464.241430  -0.051827
464.261430  -0.051806
464.281429  -0.051848
464.301428  -0.051837
464.321427  -0.051858
464.341426  -0.051816
464.361426  -0.051837
464.381425  -0.051837
464.401424  -0.051848
464.421423  -0.051816
464.441422  -0.051869
464.461422  -0.051848
464.481421  -0.051816
464.501420  -0.051827
464.521419  -0.051858
464.541418  -0.051837
464.561418  -0.051869
464.581417  -0.051900
464.601416  -0.051869
464.621415  -0.051869
464.641414  -0.051827
464.661414  -0.051869
464.681413  -0.051858
464.701412  -0.051890
464.721411  -0.051890
464.741410  -0.051869
464.761410  -0.051869
464.781409  -0.051900
464.801408  -0.051879
464.821407  -0.051900
464.841406  -0.051858
464.861406  -0.051890
464.881405  -0.051890
464.901404  -0.051890
464.921403  -0.051858
464.941402  -0.051900
464.961402  -0.051858
464.981401  -0.051890
465.001400  -0.051869
465.021399  -0.051911
465.041398  -0.051890
465.061398  -0.051900
465.081397  -0.051911
465.101396  -0.051953
465.121395  -0.051900
465.141394  -0.051911
465.161394  -0.051900
465.181393  -0.051900
465.201392  -0.051911
465.221391  -0.051879
465.241390  -0.051963
465.261390  -0.051942
465.281389  -0.051900
465.301388  -0.051921
465.321387  -0.051963
465.341386  -0.051932
465.361386  -0.051963
465.381385  -0.051963
465.401384  -0.051974
465.421383  -0.051932
465.441382  -0.051974
465.461382  -0.051911
465.481381  -0.051932
465.501380  -0.051974
465.521379  -0.051995
465.541378  -0.051921
465.561378  -0.051942
465.581377  -0.051953
465.601376  -0.051942
465.621375  -0.051900
465.641374  -0.051953
465.661374  -0.051974
465.681373  -0.051953
465.701372  -0.051921
465.721371  -0.051932
465.741370  -0.051953
465.761370  -0.051953
465.781369  -0.051974
465.801368  -0.051921
465.821367  -0.051963
465.841366  -0.051942
465.861366  -0.052005
465.881365  -0.051963
465.901364  -0.051974
465.921363  -0.051984
465.941362  -0.052005
465.961362  -0.051953
465.981361  -0.051974
466.001360  -0.051984
466.021359  -0.051995
466.041358  -0.051995
466.061358  -0.051953
466.081357  -0.051963
466.101356  -0.051984
466.121355  -0.051995
466.141354  -0.052005
466.161354  -0.052005
466.181353  -0.051995
466.201352  -0.051995
466.221351  -0.051995
466.241350  -0.052005
466.261350  -0.052016
466.281349  -0.052016
466.301348  -0.051942
466.321347  -0.051984
466.341346  -0.052026
466.361346  -0.052037
466.381345  -0.051995
466.401344  -0.052005
466.421343  -0.051984
466.441342  -0.051974
466.461342  -0.051995
466.481341  -0.051974
466.501340  -0.051953
466.521339  -0.051932
466.541338  -0.051953
466.561338  -0.051942
466.581337  -0.051974
466.601336  -0.051995
466.621335  -0.051921
466.641334  -0.051900
466.661334  -0.051900
466.681333  -0.051942
466.701332  -0.051869
466.721331  -0.051911
466.741330  -0.051900
466.761330  -0.051879
466.781329  -0.051900
466.801328  -0.051827
466.821327  -0.051890
466.841326  -0.051816
466.861326  -0.051837
466.881325  -0.051837
466.901324  -0.051837
466.921323  -0.051837
466.941322  -0.051869
466.961322  -0.051816
466.981321  -0.051827
467.001320  -0.051806
467.021319  -0.051785
467.041318  -0.051795
467.061318  -0.051785
467.081317  -0.051743
467.101316  -0.051753
467.121315  -0.051795
467.141314  -0.051743
467.161314  -0.051743
467.181313  -0.051753
467.201312  -0.051764
467.221311  -0.051722
467.241310  -0.051722
467.261310  -0.051722
467.281309  -0.051690
467.301308  -0.051690
467.321307  -0.051743
467.341306  -0.051690
467.361306  -0.051669
467.381305  -0.051701
467.401304  -0.051669
467.421303  -0.051648
467.441302  -0.051627
467.461302  -0.051638
467.481301  -0.051648
467.501300  -0.051669
467.521299  -0.051627
467.541298  -0.051638
467.561298  -0.051606
467.581297  -0.051606
467.601296  -0.051564
467.621295  -0.051575
467.641294  -0.051554
467.661294  -0.051585
467.681293  -0.051596
467.701292  -0.051554
467.721291  -0.051564
467.741290  -0.051533
467.761290  -0.051554
467.781289  -0.051533
467.801288  -0.051533
467.821287  -0.051522
467.841286  -0.051491
467.861286  -0.051522
467.881285  -0.051501
467.901284  -0.051501
467.921283  -0.051480
467.941282  -0.051491
467.961282  -0.051480
467.981281  -0.051438
468.001280  -0.051449
468.021279  -0.051449
468.041278  -0.051470
468.061278  -0.051449
468.081277  -0.051449
468.101276  -0.051428
468.121275  -0.051396
468.141274  -0.051428
468.161274  -0.051417
468.181273  -0.051417
468.201272  -0.051438
468.221271  -0.051407
468.241270  -0.051386
468.261270  -0.051354
468.281269  -0.051417
468.301268  -0.051428
468.321267  -0.051354
468.341266  -0.051375
468.361266  -0.051333
468.381265  -0.051375
468.401264  -0.051333
468.421263  -0.051354
468.441262  -0.051344
468.461262  -0.051312
468.481261  -0.051323
468.501260  -0.051344
468.521259  -0.051333
468.541258  -0.051312
468.561258  -0.051302
468.581257  -0.051312
468.601256  -0.051291
468.621255  -0.051312
468.641254  -0.051270
468.661254  -0.051270
468.681253  -0.051249
468.701252  -0.051281
468.721251  -0.051239
468.741250  -0.051270
468.761250  -0.051218
468.781249  -0.051218
468.801248  -0.051186
468.821247  -0.051197
468.841246  -0.051239
468.861246  -0.051228
468.881245  -0.051207
468.901244  -0.051207
468.921243  -0.051165
468.941242  -0.051165
468.961242  -0.051197
468.981241  -0.051165
469.001240  -0.051186
469.021239  -0.051186
469.041238  -0.051165
469.061238  -0.051186
469.081237  -0.051165
469.101236  -0.051133
469.121235  -0.051154
469.141234  -0.051112
469.161234  -0.051144
469.181233  -0.051154
469.201232  -0.051154
469.221231  -0.051154
469.241230  -0.051123
469.261230  -0.051165
469.281229  -0.051112
469.301228  -0.051081
469.321227  -0.051070
469.341226  -0.051133
469.361226  -0.051112
469.381225  -0.051060
469.401224  -0.051070
469.421223  -0.051070
469.441222  -0.051081
469.461222  -0.051081
469.481221  -0.051007
469.501220  -0.051039
469.521219  -0.051049
469.541218  -0.051039
469.561218  -0.051018
469.581217  -0.051028
469.601216  -0.051028
469.621215  -0.050997
469.641214  -0.051018
469.661214  -0.051028
469.681213  -0.051018
469.701212  -0.051007
469.721211  -0.051018
469.741210  -0.051007
469.761210  -0.050965
469.781209  -0.050986
469.801208  -0.050976
469.821207  -0.050997
469.841206  -0.050976
469.861206  -0.050986
469.881205  -0.050944
469.901204  -0.050955
469.921203  -0.050965
469.941202  -0.050955
469.961202  -0.050923
469.981201  -0.050944
470.001200  -0.050934
470.021199  -0.050934
470.041198  -0.050934
470.061198  -0.050902
470.081197  -0.050913
470.101196  -0.050944
470.121195  -0.050902
470.141194  -0.050871
470.161194  -0.050913
470.181193  -0.050860
470.201192  -0.050871
470.221191  -0.050871
470.241190  -0.050881
470.261190  -0.050871
470.281189  -0.050850
470.301188  -0.050860
470.321187  -0.050860
470.341186  -0.050850
470.361186  -0.050871
470.381185  -0.050829
470.401184  -0.050818
470.421183  -0.050850
470.441182  -0.050818
470.461182  -0.050818
470.481181  -0.050818
470.501180  -0.050850
470.521179  -0.050776
470.541178  -0.050787
470.561178  -0.050797
470.581177  -0.050808
470.601176  -0.050797
470.621175  -0.050745
470.641174  -0.050745
470.661174  -0.050766
470.681173  -0.050776
470.701172  -0.050734
470.721171  -0.050745
470.741170  -0.050724
470.761170  -0.050734
470.781169  -0.050734
470.801168  -0.050755
470.821167  -0.050724
470.841166  -0.050682
470.861166  -0.050703
470.881165  -0.050713
470.901164  -0.050713
470.921163  -0.050671
470.941162  -0.050734
470.961162  -0.050692
470.981161  -0.050713
471.001160  -0.050682
471.021159  -0.050671
471.041158  -0.050682
471.061158  -0.050650
471.081157  -0.050671
471.101156  -0.050619
471.121155  -0.050619
471.141154  -0.050661
471.161154  -0.050640
471.181153  -0.050619
471.201152  -0.050619
471.221151  -0.050640
471.241150  -0.050608
471.261150  -0.050608
471.281149  -0.050598
471.301148  -0.050577
471.321147  -0.050577
471.341146  -0.050598
471.361146  -0.050577
471.381145  -0.050577
471.401144  -0.050577
471.421143  -0.050556
471.441142  -0.050545
471.461142  -0.050577
471.481141  -0.050545
471.501140  -0.050545
471.521139  -0.050524
471.541138  -0.050535
471.561138  -0.050535
471.581137  -0.050514
471.601136  -0.050535
471.621135  -0.050514
471.641134  -0.050524
471.661134  -0.050514
471.681133  -0.050472
471.701132  -0.050461
471.721131  -0.050535
471.741130  -0.050514
471.761130  -0.050461
471.781129  -0.050461
471.801128  -0.050472
471.821127  -0.050482
471.841126  -0.050461
471.861126  -0.050440
471.881125  -0.050461
471.901124  -0.050451
471.921123  -0.050440
471.941122  -0.050430
471.961122  -0.050430
471.981121  -0.050451
472.001120  -0.050398
472.021119  -0.050388
472.041118  -0.050409
472.061118  -0.050398
472.081117  -0.050377
472.101116  -0.050356
472.121115  -0.050388
472.141114  -0.050388
472.161114  -0.050346
472.181113  -0.050324
472.201112  -0.050367
472.221111  -0.050346
472.241110  -0.050398
472.261110  -0.050367
472.281109  -0.050356
472.301108  -0.050346
472.321107  -0.050356
472.341106  -0.050346
472.361106  -0.050335
472.381105  -0.050367
472.401104  -0.050346
472.421103  -0.050335
472.441102  -0.050314
472.461102  -0.050335
472.481101  -0.050314
472.501100  -0.050293
472.521099  -0.050261
472.541098  -0.050282
472.561098  -0.050251
472.581097  -0.050272
472.601096  -0.050261
472.621095  -0.050251
472.641094  -0.050240
472.661094  -0.050240
472.681093  -0.050209
472.701092  -0.050230
472.721091  -0.050230
472.741090  -0.050209
472.761090  -0.050209
472.781089  -0.050240
472.801088  -0.050198
472.821087  -0.050261
472.841086  -0.050209
472.861086  -0.050209
472.881085  -0.050209
472.901084  -0.050198
472.921083  -0.050167
472.941082  -0.050177
472.961082  -0.050219
472.981081  -0.050198
473.001080  -0.050188
473.021079  -0.050177
473.041078  -0.050177
473.061078  -0.050146
473.081077  -0.050156
473.101076  -0.050188
473.121075  -0.050114
473.141074  -0.050125
473.161074  -0.050104
473.181073  -0.050104
473.201072  -0.050114
473.221071  -0.050125
473.241070  -0.050104
473.261070  -0.050114
473.281069  -0.050093
473.301068  -0.050072
473.321067  -0.050083
473.341066  -0.050093
473.361066  -0.050093
473.381065  -0.050051
473.401064  -0.050072
473.421063  -0.050051
473.441062  -0.050072
473.461062  -0.050062
473.481061  -0.050114
473.501060  -0.050020
473.521059  -0.050051
473.541058  -0.050030
473.561058  -0.050020
473.581057  -0.050009
473.601056  -0.050009
473.621055  -0.050030
473.641054  -0.049988
473.661054  -0.050009
473.681053  -0.050009
473.701052  -0.049967
473.721051  -0.049999
473.741050  -0.050020
473.761050  -0.049988
473.781049  -0.049988
473.801048  -0.049967
473.821047  -0.049957
473.841046  -0.049946
473.861046  -0.049978
473.881045  -0.049957
473.901044  -0.049925
473.921043  -0.049957
473.941042  -0.049946
473.961042  -0.049967
473.981041  -0.049925
474.001040  -0.049946
474.021039  -0.049967
474.041038  -0.049904
474.061038  -0.049925
474.081037  -0.049925
474.101036  -0.049936
474.121035  -0.049936
474.141034  -0.049925
474.161034  -0.049862
474.181033  -0.049904
474.201032  -0.049894
474.221031  -0.049883
474.241030  -0.049862
474.261030  -0.049862
474.281029  -0.049862
474.301028  -0.049841
474.321027  -0.049852
474.341026  -0.049883
474.361026  -0.049841
474.381025  -0.049841
474.401024  -0.049841
474.421023  -0.049820
474.441022  -0.049852
474.461022  -0.049810
474.481021  -0.049810
474.501020  -0.049799
474.521019  -0.049820
474.541018  -0.049810
474.561018  -0.049799
474.581017  -0.049757
474.601016  -0.049810
474.621015  -0.049778
474.641014  -0.049799
474.661014  -0.049810
474.681013  -0.049757
474.701012  -0.049799
474.721011  -0.049778
474.741010  -0.049799
474.761010  -0.049799
474.781009  -0.049768
474.801008  -0.049768
474.821007  -0.049778
474.841006  -0.049810
474.861006  -0.049736
474.881005  -0.049715
474.901004  -0.049778
474.921003  -0.049736
474.941002  -0.049726
474.961002  -0.049715
474.981001  -0.049715
475.001000  -0.049705
475.020999  -0.049715
475.040998  -0.049652
475.060998  -0.049673
475.080997  -0.049726
475.100996  -0.049705
475.120995  -0.049673
475.140994  -0.049652
475.160994  -0.049663
475.180993  -0.049652
475.200992  -0.049663
475.220991  -0.049673
475.240990  -0.049652
475.260990  -0.049652
475.280989  -0.049642
475.300988  -0.049631
475.320987  -0.049663
475.340986  -0.049642
475.360986  -0.049631
475.380985  -0.049642
475.400984  -0.049642
475.420983  -0.049631
475.440982  -0.049558
475.460982  -0.049589
475.480981  -0.049621
475.500980  -0.049589
475.520979  -0.049589
475.540978  -0.049568
475.560978  -0.049589
475.580977  -0.049568
475.600976  -0.049600
475.620975  -0.049600
475.640974  -0.049547
475.660974  -0.049579
475.680973  -0.049558
475.700972  -0.049558
475.720971  -0.049558
475.740970  -0.049537
475.760970  -0.049526
475.780969  -0.049526
475.800968  -0.049505
475.820967  -0.049516
475.840966  -0.049516
475.860966  -0.049537
475.880965  -0.049484
475.900964  -0.049495
475.920963  -0.049484
475.940962  -0.049484
475.960962  -0.049505
475.980961  -0.049484
476.000960  -0.049474
476.020959  -0.049474
476.040958  -0.049463
476.060958  -0.049452
476.080957  -0.049463
476.100956  -0.049474
476.120955  -0.049442
476.140954  -0.049463
476.160954  -0.049474
476.180953  -0.049463
476.200952  -0.049442
476.220951  -0.049484
476.240950  -0.049442
476.260950  -0.049431
476.280949  -0.049368
476.300948  -0.049400
476.320947  -0.049400
476.340946  -0.049400
476.360946  -0.049358
476.380945  -0.049400
476.400944  -0.049410
476.420943  -0.049379
476.440942  -0.049358
476.460942  -0.049295
476.480941  -0.049389
476.500940  -0.049358
476.520939  -0.049379
476.540938  -0.049358
476.560938  -0.049358
476.580937  -0.049337
476.600936  -0.049337
476.620935  -0.049347
476.640934  -0.049358
476.660934  -0.049347
476.680933  -0.049337
476.700932  -0.049337
476.720931  -0.049379
476.740930  -0.049305
476.760930  -0.049326
476.780929  -0.049326
476.800928  -0.049284
476.820927  -0.049305
476.840926  -0.049326
476.860926  -0.049274
476.880925  -0.049284
476.900924  -0.049263
476.920923  -0.049253
476.940922  -0.049232
476.960922  -0.049284
476.980921  -0.049242
477.000920  -0.049200
477.020919  -0.049242
477.040918  -0.049253
477.060918  -0.049232
477.080917  -0.049242
477.100916  -0.049221
477.120915  -0.049232
477.140914  -0.049211
477.160914  -0.049221
477.180913  -0.049200
477.200912  -0.049221
477.220911  -0.049211
477.240910  -0.049211
477.260910  -0.049221
477.280909  -0.049200
477.300908  -0.049200
477.320907  -0.049179
477.340906  -0.049190
477.360906  -0.049200
477.380905  -0.049190
477.400904  -0.049179
477.420903  -0.049137
477.440902  -0.049190
477.460902  -0.049169
477.480901  -0.049169
477.500900  -0.049158
477.520899  -0.049158
477.540898  -0.049148
477.560898  -0.049127
477.580897  -0.049106
477.600896  -0.049095
477.620895  -0.049148
477.640894  -0.049158
477.660894  -0.049127
477.680893  -0.049106
477.700892  -0.049137
477.720891  -0.049127
477.740890  -0.049095
477.760890  -0.049095
477.780889  -0.049137
477.800888  -0.049095
477.820887  -0.049106
477.840886  -0.049085
477.860886  -0.049085
477.880885  -0.049116
477.900884  -0.049074
477.920883  -0.049064
477.940882  -0.049085
477.960882  -0.049053
477.980881  -0.049085
478.000880  -0.049064
478.020879  -0.049053
478.040878  -0.049043
478.060878  -0.049043
478.080877  -0.049022
478.100876  -0.049064
478.120875  -0.049011
478.140874  -0.048980
478.160874  -0.048990
478.180873  -0.049032
478.200872  -0.049022
478.220871  -0.048969
478.240870  -0.049001
478.260870  -0.049011
478.280869  -0.049022
478.300868  -0.049011
478.320867  -0.048959
478.340866  -0.048980
478.360866  -0.048959
478.380865  -0.048969
478.400864  -0.049001
478.420863  -0.049001
478.440862  -0.048980
478.460862  -0.048959
478.480861  -0.048959
478.500860  -0.048959
478.520859  -0.048990
478.540858  -0.048938
478.560858  -0.048959
478.580857  -0.048969
478.600856  -0.048948
478.620855  -0.048948
478.640854  -0.048917
478.660854  -0.048959
478.680853  -0.048969
478.700852  -0.048906
478.720851  -0.048917
478.740850  -0.048885
478.760850  -0.048906
478.780849  -0.048927
478.800848  -0.048917
478.820847  -0.048906
478.840846  -0.048864
478.860846  -0.048927
478.880845  -0.048854
478.900844  -0.048885
478.920843  -0.048875
478.940842  -0.048885
478.960842  -0.048833
478.980841  -0.048885
479.000840  -0.048812
479.020839  -0.048875
479.040838  -0.048822
479.060838  -0.048864
479.080837  -0.048854
479.100836  -0.048812
479.120835  -0.048833
479.140834  -0.048843
479.160834  -0.048812
479.180833  -0.048854
479.200832  -0.048812
479.220831  -0.048780
479.240830  -0.048812
479.260830  -0.048812
479.280829  -0.048791
479.300828  -0.048854
479.320827  -0.048770
479.340826  -0.048770
479.360826  -0.048801
479.380825  -0.048770
479.400824  -0.048780
479.420823  -0.048759
479.440822  -0.048801
479.460822  -0.048749
479.480821  -0.048728
479.500820  -0.048749
479.520819  -0.048791
479.540818  -0.048717
479.560818  -0.048707
479.580817  -0.048696
479.600816  -0.048696
479.620815  -0.048717
479.640814  -0.048696
479.660814  -0.048770
479.680813  -0.048696
479.700812  -0.048728
479.720811  -0.048696
479.740810  -0.048728
479.760810  -0.048696
479.780809  -0.048717
479.800808  -0.048696
479.820807  -0.048644
479.840806  -0.048675
479.860806  -0.048654
479.880805  -0.048696
479.900804  -0.048675
479.920803  -0.048665
479.940802  -0.048665
479.960802  -0.048686
479.980801  -0.048654
480.000800  -0.048654
480.020799  -0.048644
480.040798  -0.048633
480.060798  -0.048633
480.080797  -0.048623
480.100796  -0.048623
480.120795  -0.048612
480.140794  -0.048602
480.160794  -0.048612
480.180793  -0.048580
480.200792  -0.048612
480.220791  -0.048612
480.240790  -0.048580
480.260790  -0.048559
480.280789  -0.048580
480.300788  -0.048591
480.320787  -0.048559
480.340786  -0.048580
480.360786  -0.048549
480.380785  -0.048559
480.400784  -0.048538
480.420783  -0.048549
480.440782  -0.048559
480.460782  -0.048538
480.480781  -0.048549
480.500780  -0.048538
480.520779  -0.048538
480.540778  -0.048496
480.560778  -0.048517
480.580777  -0.048517
480.600776  -0.048507
480.620775  -0.048496
480.640774  -0.048507
480.660774  -0.048507
480.680773  -0.048507
480.700772  -0.048507
480.720771  -0.048496
480.740770  -0.048496
480.760770  -0.048433
480.780769  -0.048475
480.800768  -0.048507
480.820767  -0.048423
480.840766  -0.048423
480.860766  -0.048465
480.880765  -0.048475
480.900764  -0.048454
480.920763  -0.048412
480.940762  -0.048444
480.960762  -0.048433
480.980761  -0.048402
481.000760  -0.048412
481.020759  -0.048370
481.040758  -0.048433
481.060758  -0.048433
481.080757  -0.048412
481.100756  -0.048412
481.120755  -0.048444
481.140754  -0.048433
481.160754  -0.048423
481.180753  -0.048402
481.200752  -0.048381
481.220751  -0.048381
481.240750  -0.048381
481.260750  -0.048381
481.280749  -0.048360
481.300748  -0.048370
481.320747  -0.048370
481.340746  -0.048381
481.360746  -0.048381
481.380745  -0.048360
481.400744  -0.048360
481.420743  -0.048307
481.440742  -0.048349
481.460742  -0.048360
481.480741  -0.048360
481.500740  -0.048328
481.520739  -0.048339
481.540738  -0.048318
481.560738  -0.048307
481.580737  -0.048297
481.600736  -0.048339
481.620735  -0.048318
481.640734  -0.048328
481.660734  -0.048328
481.680733  -0.048297
481.700732  -0.048318
481.720731  -0.048307
481.740730  -0.048286
481.760730  -0.048307
481.780729  -0.048318
481.800728  -0.048286
481.820727  -0.048286
481.840726  -0.048318
481.860726  -0.048276
481.880725  -0.048265
481.900724  -0.048286
481.920723  -0.048255
481.940722  -0.048255
481.960722  -0.048244
481.980721  -0.048255
482.000720  -0.048223
482.020719  -0.048234
482.040718  -0.048213
482.060718  -0.048150
482.080717  -0.048244
482.100716  -0.048234
482.120715  -0.048192
482.140714  -0.048202
482.160714  -0.048223
482.180713  -0.048223
482.200712  -0.048213
482.220711  -0.048171
482.240710  -0.048181
482.260710  -0.048202
482.280709  -0.048171
482.300708  -0.048171
482.320707  -0.048202
482.340706  -0.048192
482.360706  -0.048160
482.380705  -0.048181
482.400704  -0.048171
482.420703  -0.048202
482.440702  -0.048181
482.460702  -0.048160
482.480701  -0.048171
482.500700  -0.048181
482.520699  -0.048129
482.540698  -0.048139
482.560698  -0.048150
482.580697  -0.048139
482.600696  -0.048097
482.620695  -0.048118
482.640694  -0.048129
482.660694  -0.048139
482.680693  -0.048108
482.700692  -0.048118
482.720691  -0.048097
482.740690  -0.048108
482.760690  -0.048108
482.780689  -0.048055
482.800688  -0.048076
482.820687  -0.048108
482.840686  -0.048087
482.860686  -0.048034
482.880685  -0.048087
482.900684  -0.048129
482.920683  -0.048034
482.940682  -0.048087
482.960682  -0.048055
482.980681  -0.048097
483.000680  -0.048129
483.020679  -0.048045
483.040678  -0.048034
483.060678  -0.048034
483.080677  -0.048034
483.100676  -0.048055
483.120675  -0.048055
483.140674  -0.048024
483.160674  -0.048055
483.180673  -0.048045
483.200672  -0.047992
483.220671  -0.048013
483.240670  -0.047992
483.260670  -0.048045
483.280669  -0.047982
483.300668  -0.047982
483.320667  -0.048003
483.340666  -0.047992
483.360666  -0.047950
483.380665  -0.047940
483.400664  -0.047961
483.420663  -0.047992
483.440662  -0.047929
483.460662  -0.047929
483.480661  -0.047950
483.500660  -0.047950
483.520659  -0.047940
483.540658  -0.047929
483.560658  -0.047929
483.580657  -0.047919
483.600656  -0.047919
483.620655  -0.047940
483.640654  -0.047919
483.660654  -0.047929
483.680653  -0.047908
483.700652  -0.047908
483.720651  -0.047887
483.740650  -0.047887
483.760650  -0.047929
483.780649  -0.047887
483.800648  -0.047919
483.820647  -0.047919
483.840646  -0.047877
483.860646  -0.047887
483.880645  -0.047856
483.900644  -0.047866
483.920643  -0.047835
483.940642  -0.047835
483.960642  -0.047835
483.980641  -0.047845
484.000640  -0.047835
484.020639  -0.047814
484.040638  -0.047845
484.060638  -0.047824
484.080637  -0.047835
484.100636  -0.047772
484.120635  -0.047814
484.140634  -0.047803
484.160634  -0.047793
484.180633  -0.047793
484.200632  -0.047814
484.220631  -0.047803
484.240630  -0.047845
484.260630  -0.047772
484.280629  -0.047803
484.300628  -0.047751
484.320627  -0.047793
484.340626  -0.047761
484.360626  -0.047782
484.380625  -0.047761
484.400624  -0.047740
484.420623  -0.047740
484.440622  -0.047740
484.460622  -0.047740
484.480621  -0.047708
484.500620  -0.047761
484.520619  -0.047772
484.540618  -0.047740
484.560618  -0.047730
484.580617  -0.047719
484.600616  -0.047719
484.620615  -0.047698
484.640614  -0.047698
484.660614  -0.047677
484.680613  -0.047677
484.700612  -0.047730
484.720611  -0.047708
484.740610  -0.047687
484.760610  -0.047687
484.780609  -0.047666
484.800608  -0.047677
484.820607  -0.047687
484.840606  -0.047656
484.860606  -0.047656
484.880605  -0.047656
484.900604  -0.047656
484.920603  -0.047635
484.940602  -0.047677
484.960602  -0.047645
484.980601  -0.047624
485.000600  -0.047635
485.020599  -0.047656
485.040598  -0.047656
485.060598  -0.047645
485.080597  -0.047603
485.100596  -0.047624
485.120595  -0.047582
485.140594  -0.047603
485.160594  -0.047593
485.180593  -0.047614
485.200592  -0.047593
485.220591  -0.047561
485.240590  -0.047540
485.260590  -0.047561
485.280589  -0.047561
485.300588  -0.047582
485.320587  -0.047540
485.340586  -0.047572
485.360586  -0.047572
485.380585  -0.047519
485.400584  -0.047530
485.420583  -0.047540
485.440582  -0.047540
485.460582  -0.047519
485.480581  -0.047540
485.500580  -0.047530
485.520579  -0.047540
485.540578  -0.047540
485.560578  -0.047498
485.580577  -0.047498
485.600576  -0.047540
485.620575  -0.047530
485.640574  -0.047435
485.660574  -0.047498
485.680573  -0.047509
485.700572  -0.047509
485.720571  -0.047488
485.740570  -0.047498
485.760570  -0.047498
485.780569  -0.047446
485.800568  -0.047488
485.820567  -0.047488
485.840566  -0.047446
485.860566  -0.047446
485.880565  -0.047414
485.900564  -0.047425
485.920563  -0.047435
485.940562  -0.047456
485.960562  -0.047435
485.980561  -0.047435
486.000560  -0.047435
486.020559  -0.047404
486.040558  -0.047414
486.060558  -0.047456
486.080557  -0.047404
486.100556  -0.047383
486.120555  -0.047435
486.140554  -0.047383
486.160554  -0.047404
486.180553  -0.047404
486.200552  -0.047393
486.220551  -0.047372
486.240550  -0.047351
486.260550  -0.047404
486.280549  -0.047383
486.300548  -0.047351
486.320547  -0.047383
486.340546  -0.047404
486.360546  -0.047330
486.380545  -0.047299
486.400544  -0.047351
486.420543  -0.047341
486.440542  -0.047320
486.460542  -0.047320
486.480541  -0.047299
486.500540  -0.047330
486.520539  -0.047351
486.540538  -0.047288
486.560538  -0.047299
486.580537  -0.047288
486.600536  -0.047330
486.620535  -0.047299
486.640534  -0.047299
486.660534  -0.047309
486.680533  -0.047288
486.700532  -0.047299
486.720531  -0.047351
486.740530  -0.047341
486.760530  -0.047288
486.780529  -0.047246
486.800528  -0.047236
486.820527  -0.047278
486.840526  -0.047288
486.860526  -0.047267
486.880525  -0.047257
486.900524  -0.047257
486.920523  -0.047246
486.940522  -0.047225
486.960522  -0.047225
486.980521  -0.047267
487.000520  -0.047267
487.020519  -0.047246
487.040518  -0.047236
487.060518  -0.047236
487.080517  -0.047194
487.100516  -0.047225
487.120515  -0.047246
487.140514  -0.047194
487.160514  -0.047215
487.180513  -0.047194
487.200512  -0.047204
487.220511  -0.047194
487.240510  -0.047215
487.260510  -0.047215
487.280509  -0.047194
487.300508  -0.047173
487.320507  -0.047183
487.340506  -0.047162
487.360506  -0.047183
487.380505  -0.047183
487.400504  -0.047162
487.420503  -0.047173
487.440502  -0.047152
487.460502  -0.047173
487.480501  -0.047173
487.500500  -0.047152
487.520499  -0.047141
487.540498  -0.047162
487.560498  -0.047152
487.580497  -0.047131
487.600496  -0.047120
487.620495  -0.047141
487.640494  -0.047120
487.660494  -0.047141
487.680493  -0.047120
487.700492  -0.047141
487.720491  -0.047120
487.740490  -0.047131
487.760490  -0.047131
487.780489  -0.047089
487.800488  -0.047099
487.820487  -0.047047
487.840486  -0.047068
487.860486  -0.047068
487.880485  -0.047036
487.900484  -0.047068
487.920483  -0.047057
487.940482  -0.047110
487.960482  -0.047057
487.980481  -0.047078
488.000480  -0.047036
488.020479  -0.047057
488.040478  -0.047036
488.060478  -0.047015
488.080477  -0.047036
488.100476  -0.047015
488.120475  -0.047036
488.140474  -0.047047
488.160474  -0.046994
488.180473  -0.047005
488.200472  -0.047036
488.220471  -0.047015
488.240470  -0.046973
488.260470  -0.047015
488.280469  -0.046984
488.300468  -0.047015
488.320467  -0.046994
488.340466  -0.046984
488.360466  -0.046963
488.380465  -0.046963
488.400464  -0.046942
488.420463  -0.046952
488.440462  -0.046931
488.460462  -0.046921
488.480461  -0.046942
488.500460  -0.046952
488.520459  -0.046942
488.540458  -0.046952
488.560458  -0.046942
488.580457  -0.046921
488.600456  -0.046921
488.620455  -0.046952
488.640454  -0.046910
488.660454  -0.046921
488.680453  -0.046931
488.700452  -0.046963
488.720451  -0.046900
488.740450  -0.046889
488.760450  -0.046900
488.780449  -0.046931
488.800448  -0.046900
488.820447  -0.046889
488.840446  -0.046868
488.860446  -0.046921
488.880445  -0.046910
488.900444  -0.046879
488.920443  -0.046858
488.940442  -0.046868
488.960442  -0.046847
488.980441  -0.046879
489.000440  -0.046826
489.020439  -0.046815
489.040438  -0.046847
489.060438  -0.046858
489.080437  -0.046815
489.100436  -0.046815
489.120435  -0.046826
489.140434  -0.046836
489.160434  -0.046794
489.180433  -0.046815
489.200432  -0.046773
489.220431  -0.046794
489.240430  -0.046805
489.260430  -0.046805
489.280429  -0.046794
489.300428  -0.046826
489.320427  -0.046815
489.340426  -0.046784
489.360426  -0.046794
489.380425  -0.046763
489.400424  -0.046773
489.420423  -0.046763
489.440422  -0.046794
489.460422  -0.046752
489.480421  -0.046784
489.500420  -0.046763
489.520419  -0.046763
489.540418  -0.046731
489.560418  -0.046731
489.580417  -0.046710
489.600416  -0.046710
489.620415  -0.046710
489.640414  -0.046742
489.660414  -0.046700
489.680413  -0.046700
489.700412  -0.046700
489.720411  -0.046700
489.740410  -0.046710
489.760410  -0.046731
489.780409  -0.046668
489.800408  -0.046668
489.820407  -0.046647
489.840406  -0.046721
489.860406  -0.046689
489.880405  -0.046668
489.900404  -0.046679
489.920403  -0.046668
489.940402  -0.046679
489.960402  -0.046668
489.980401  -0.046658
490.000400  -0.046626
490.020399  -0.046679
490.040398  -0.046668
490.060398  -0.046647
490.080397  -0.046637
490.100396  -0.046637
490.120395  -0.046637
490.140394  -0.046605
490.160394  -0.046647
490.180393  -0.046616
490.200392  -0.046605
490.220391  -0.046637
490.240390  -0.046637
490.260390  -0.046605
490.280389  -0.046595
490.300388  -0.046616
490.320387  -0.046563
490.340386  -0.046616
490.360386  -0.046584
490.380385  -0.046532
490.400384  -0.046584
490.420383  -0.046553
490.440382  -0.046542
490.460382  -0.046563
490.480381  -0.046532
490.500380  -0.046542
490.520379  -0.046542
490.540378  -0.046532
490.560378  -0.046563
490.580377  -0.046521
490.600376  -0.046553
490.620375  -0.046532
490.640374  -0.046532
490.660374  -0.046542
490.680373  -0.046479
490.700372  -0.046542
490.720371  -0.046542
490.740370  -0.046532
490.760370  -0.046500
490.780369  -0.046511
490.800368  -0.046553
490.820367  -0.046511
490.840366  -0.046500
490.860366  -0.046458
490.880365  -0.046479
490.900364  -0.046469
490.920363  -0.046458
490.940362  -0.046448
490.960362  -0.046458
490.980361  -0.046479
491.000360  -0.046490
491.020359  -0.046427
491.040358  -0.046437
491.060358  -0.046479
491.080357  -0.046469
491.100356  -0.046458
491.120355  -0.046427
491.140354  -0.046427
491.160354  -0.046427
491.180353  -0.046448
491.200352  -0.046427
491.220351  -0.046385
491.240350  -0.046374
491.260350  -0.046395
491.280349  -0.046406
491.300348  -0.046395
491.320347  -0.046437
491.340346  -0.046374
491.360346  -0.046437
491.380345  -0.046437
491.400344  -0.046395
491.420343  -0.046385
491.440342  -0.046406
491.460342  -0.046406
491.480341  -0.046385
491.500340  -0.046374
491.520339  -0.046374
491.540338  -0.046374
491.560338  -0.046364
491.580337  -0.046385
491.600336  -0.046311
491.620335  -0.046343
491.640334  -0.046374
491.660334  -0.046374
491.680333  -0.046332
491.700332  -0.046290
491.720331  -0.046280
491.740330  -0.046311
491.760330  -0.046353
491.780329  -0.046311
491.800328  -0.046311
491.820327  -0.046269
491.840326  -0.046290
491.860326  -0.046322
491.880325  -0.046311
491.900324  -0.046364
491.920323  -0.046269
491.940322  -0.046322
491.960322  -0.046301
491.980321  -0.046322
492.000320  -0.046301
492.020319  -0.046322
492.040318  -0.046311
492.060318  -0.046269
492.080317  -0.046248
492.100316  -0.046248
492.120315  -0.046280
492.140314  -0.046238
492.160314  -0.046238
492.180313  -0.046248
492.200312  -0.046259
492.220311  -0.046217
492.240310  -0.046217
492.260310  -0.046206
492.280309  -0.046227
492.300308  -0.046248
492.320307  -0.046206
492.340306  -0.046259
492.360306  -0.046227
492.380305  -0.046248
492.400304  -0.046185
492.420303  -0.046217
492.440302  -0.046206
492.460302  -0.046196
492.480301  -0.046227
492.500300  -0.046185
492.520299  -0.046206
492.540298  -0.046206
492.560298  -0.046217
492.580297  -0.046175
492.600296  -0.046196
492.620295  -0.046175
492.640294  -0.046154
492.660294  -0.046185
492.680293  -0.046154
492.700292  -0.046175
492.720291  -0.046154
492.740290  -0.046154
492.760290  -0.046101
492.780289  -0.046112
492.800288  -0.046122
492.820287  -0.046143
492.840286  -0.046154
492.860286  -0.046101
492.880285  -0.046112
492.900284  -0.046080
492.920283  -0.046122
492.940282  -0.046091
492.960282  -0.046091
492.980281  -0.046059
493.000280  -0.046070
493.020279  -0.046070
493.040278  -0.046091
493.060278  -0.046112
493.080277  -0.046080
493.100276  -0.046059
493.120275  -0.046112
493.140274  -0.046049
493.160274  -0.046091
493.180273  -0.046070
493.200272  -0.046049
493.220271  -0.046049
493.240270  -0.046049
493.260270  -0.046049
493.280269  -0.046091
493.300268  -0.046007
493.320267  -0.046007
493.340266  -0.045996
493.360266  -0.046038
493.380265  -0.046007
493.400264  -0.046028
493.420263  -0.046028
493.440262  -0.045996
493.460262  -0.046007
493.480261  -0.045975
493.500260  -0.045996
493.520259  -0.045996
493.540258  -0.045986
493.560258  -0.045975
493.580257  -0.046007
493.600256  -0.045996
493.620255  -0.045943
493.640254  -0.045975
493.660254  -0.046007
493.680253  -0.045954
493.700252  -0.045954
493.720251  -0.045943
493.740250  -0.045954
493.760250  -0.045975
493.780249  -0.045922
493.800248  -0.045954
493.820247  -0.045943
493.840246  -0.045975
493.860246  -0.045933
493.880245  -0.045912
493.900244  -0.045954
493.920243  -0.045901
493.940242  -0.045943
493.960242  -0.045922
493.980241  -0.045901
494.000240  -0.045901
494.020239  -0.045912
494.040238  -0.045922
494.060238  -0.045922
494.080237  -0.045922
494.100236  -0.045891
494.120235  -0.045891
494.140234  -0.045870
494.160234  -0.045870
494.180233  -0.045870
494.200232  -0.045880
494.220231  -0.045891
494.240230  -0.045870
494.260230  -0.045849
494.280229  -0.045849
494.300228  -0.045870
494.320227  -0.045859
494.340226  -0.045870
494.360226  -0.045838
494.380225  -0.045828
494.400224  -0.045859
494.420223  -0.045838
494.440222  -0.045807
494.460222  -0.045775
494.480221  -0.045817
494.500220  -0.045870
494.520219  -0.045828
494.540218  -0.045796
494.560218  -0.045817
494.580217  -0.045828
494.600216  -0.045807
494.620215  -0.045786
494.640214  -0.045817
494.660214  -0.045807
494.680213  -0.045775
494.700212  -0.045744
494.720211  -0.045796
494.740210  -0.045775
494.760210  -0.045754
494.780209  -0.045775
494.800208  -0.045754
494.820207  -0.045765
494.840206  -0.045775
494.860206  -0.045754
494.880205  -0.045775
494.900204  -0.045775
494.920203  -0.045754
494.940202  -0.045733
494.960202  -0.045691
494.980201  -0.045775
495.000200  -0.045744
495.020199  -0.045723
495.040198  -0.045702
495.060198  -0.045775
495.080197  -0.045754
495.100196  -0.045723
495.120195  -0.045723
495.140194  -0.045723
495.160194  -0.045702
495.180193  -0.045712
495.200192  -0.045712
495.220191  -0.045691
495.240190  -0.045681
495.260190  -0.045691
495.280189  -0.045691
495.300188  -0.045723
495.320187  -0.045660
495.340186  -0.045670
495.360186  -0.045628
495.380185  -0.045649
495.400184  -0.045670
495.420183  -0.045628
495.440182  -0.045628
495.460182  -0.045660
495.480181  -0.045649
495.500180  -0.045639
495.520179  -0.045639
495.540178  -0.045597
495.560178  -0.045670
495.580177  -0.045618
495.600176  -0.045618
495.620175  -0.045639
495.640174  -0.045618
495.660174  -0.045639
495.680173  -0.045597
495.700172  -0.045597
495.720171  -0.045618
495.740170  -0.045628
495.760170  -0.045618
495.780169  -0.045597
495.800168  -0.045597
495.820167  -0.045565
495.840166  -0.045565
495.860166  -0.045576
495.880165  -0.045597
495.900164  -0.045555
495.920163  -0.045544
495.940162  -0.045544
495.960162  -0.045565
495.980161  -0.045586
496.000160  -0.045555
496.020159  -0.045534
496.040158  -0.045523
496.060158  -0.045534
496.080157  -0.045460
496.100156  -0.045492
496.120155  -0.045513
496.140154  -0.045534
496.160154  -0.045523
496.180153  -0.045502
496.200152  -0.045544
496.220151  -0.045555
496.240150  -0.045523
496.260150  -0.045502
496.280149  -0.045492
496.300148  -0.045492
496.320147  -0.045523
496.340146  -0.045481
496.360146  -0.045481
496.380145  -0.045481
496.400144  -0.045439
496.420143  -0.045481
496.440142  -0.045460
496.460142  -0.045481
496.480141  -0.045439
496.500140  -0.045450
496.520139  -0.045450
496.540138  -0.045429
496.560138  -0.045471
496.580137  -0.045460
496.600136  -0.045418
496.620135  -0.045408
496.640134  -0.045429
496.660134  -0.045397
496.680133  -0.045397
496.700132  -0.045408
496.720131  -0.045397
496.740130  -0.045387
496.760130  -0.045408
496.780129  -0.045397
496.800128  -0.045387
496.820127  -0.045429
496.840126  -0.045397
496.860126  -0.045376
496.880125  -0.045366
496.900124  -0.045334
496.920123  -0.045376
496.940122  -0.045366
496.960122  -0.045366
496.980121  -0.045376
497.000120  -0.045324
497.020119  -0.045376
497.040118  -0.045397
497.060118  -0.045324
497.080117  -0.045334
497.100116  -0.045345
497.120115  -0.045345
497.140114  -0.045355
497.160114  -0.045345
497.180113  -0.045334
497.200112  -0.045313
497.220111  -0.045303
497.240110  -0.045282
497.260110  -0.045282
497.280109  -0.045303
497.300108  -0.045292
497.320107  -0.045282
497.340106  -0.045271
497.360106  -0.045282
497.380105  -0.045271
497.400104  -0.045303
497.420103  -0.045282
497.440102  -0.045240
497.460102  -0.045271
497.480101  -0.045282
497.500100  -0.045292
497.520099  -0.045282
497.540098  -0.045292
497.560098  -0.045250
497.580097  -0.045229
497.600096  -0.045282
497.620095  -0.045240
497.640094  -0.045250
497.660094  -0.045261
497.680093  -0.045282
497.700092  -0.045229
497.720091  -0.045208
497.740090  -0.045229
497.760090  -0.045229
497.780089  -0.045250
497.800088  -0.045240
497.820087  -0.045261
497.840086  -0.045187
497.860086  -0.045187
497.880085  -0.045198
497.900084  -0.045177
497.920083  -0.045219
497.940082  -0.045187
497.960082  -0.045177
497.980081  -0.045156
498.000080  -0.045177
498.020079  -0.045198
498.040078  -0.045187
498.060078  -0.045156
498.080077  -0.045156
498.100076  -0.045145
498.120075  -0.045156
498.140074  -0.045145
498.160074  -0.045156
498.180073  -0.045156
498.200072  -0.045187
498.220071  -0.045135
498.240070  -0.045198
498.260070  -0.045166
498.280069  -0.045124
498.300068  -0.045166
498.320067  -0.045145
498.340066  -0.045113
498.360066  -0.045103
498.380065  -0.045092
498.400064  -0.045113
498.420063  -0.045103
498.440062  -0.045092
498.460062  -0.045113
498.480061  -0.045092
498.500060  -0.045050
498.520059  -0.045113
498.540058  -0.045103
498.560058  -0.045071
498.580057  -0.045082
498.600056  -0.045113
498.620055  -0.045092
498.640054  -0.045061
498.660054  -0.045092
498.680053  -0.045071
498.700052  -0.045145
498.720051  -0.045029
498.740050  -0.045061
498.760050  -0.045061
498.780049  -0.045050
498.800048  -0.045040
498.820047  -0.045040
498.840046  -0.045071
498.860046  -0.045050
498.880045  -0.045019
498.900044  -0.045029
498.920043  -0.045050
498.940042  -0.045019
498.960042  -0.045019
498.980041  -0.045019
499.000040  -0.045019
499.020039  -0.044977
499.040038  -0.044987
499.060038  -0.045008
499.080037  -0.045008
499.100036  -0.044998
499.120035  -0.044987
499.140034  -0.044956
499.160034  -0.044966
499.180033  -0.044966
499.200032  -0.044977
499.220031  -0.044977
499.240030  -0.045008
499.260030  -0.044977
499.280029  -0.044998
499.300028  -0.044945
499.320027  -0.044956
499.340026  -0.044935
499.360026  -0.044966
499.380025  -0.044966
499.400024  -0.044903
499.420023  -0.044956
499.440022  -0.044945
499.460022  -0.044945
499.480021  -0.044956
499.500020  -0.044893
499.520019  -0.044882
499.540018  -0.044893
499.560018  -0.044935
499.580017  -0.044914
499.600016  -0.044893
499.620015  -0.044914
499.640014  -0.044893
499.660014  -0.044893
499.680013  -0.044914
499.700012  -0.044882
499.720011  -0.044882
499.740010  -0.044882
499.760010  -0.044882
499.780009  -0.044851
499.800008  -0.044872
499.820007  -0.044861
499.840006  -0.044851
499.860006  -0.044840
499.880005  -0.044851
499.900004  -0.044809
499.920003  -0.044840
499.940002  -0.044872
499.960002  -0.044851
