DataBase = TT1
ShotNo = 3744
SignalName = DIACD1A
SignalUnit = Wb
TriggerTime = 0.000000 ms
Period = 0.019999 ms
CreateTime = 2026/02/03 14:04:17
Samples = 25000
0.000000  -0.000000
0.019999  -0.000000
0.039998  -0.000066
0.059998  0.000196
0.079997  -0.000066
0.099996  -0.000066
0.119995  0.000130
0.139994  -0.000131
0.159994  0.000326
0.179993  -0.000066
0.199992  -0.000000
0.219991  0.000065
0.239990  0.000130
0.259990  0.000196
0.279989  -0.000000
0.299988  -0.000000
0.319987  0.000196
0.339986  -0.000000
0.359986  0.000065
0.379985  -0.000000
0.399984  -0.000000
0.419983  0.000065
0.439982  -0.000000
0.459982  -0.000066
0.479981  0.000196
0.499980  -0.000000
0.519979  0.000261
0.539978  0.000130
0.559978  -0.000000
0.579977  -0.000262
0.599976  -0.000131
0.619975  -0.000000
0.639974  0.000065
0.659974  0.000261
0.679973  -0.000131
0.699972  0.000130
0.719971  0.000392
0.739970  0.000130
0.759970  0.000196
0.779969  -0.000131
0.799968  -0.000066
0.819967  -0.000000
0.839966  -0.000066
0.859966  -0.000066
0.879965  0.000261
0.899964  0.000065
0.919963  0.000065
0.939962  0.000065
0.959962  -0.000000
0.979961  -0.000131
0.999960  -0.000131
1.019959  0.000130
1.039958  0.000196
1.059958  -0.000000
1.079957  0.000065
1.099956  -0.000000
1.119955  -0.000000
1.139954  0.000065
1.159954  -0.000131
1.179953  -0.000000
1.199952  -0.000000
1.219951  0.000130
1.239950  0.000130
1.259950  -0.000000
1.279949  -0.000131
1.299948  -0.000000
1.319947  0.000196
1.339946  -0.000131
1.359946  0.000065
1.379945  -0.000066
1.399944  0.000065
1.419943  -0.000000
1.439942  -0.000066
1.459942  0.000065
1.479941  -0.000196
1.499940  -0.000066
1.519939  -0.000000
1.539938  -0.000066
1.559938  -0.000000
1.579937  0.000065
1.599936  0.000065
1.619935  -0.000000
1.639934  0.000196
1.659934  -0.000131
1.679933  0.000065
1.699932  -0.000000
1.719931  0.000065
1.739930  0.000196
1.759930  -0.000000
1.779929  0.000065
1.799928  0.000065
1.819927  0.000261
1.839926  -0.000327
1.859926  0.000130
1.879925  0.000196
1.899924  0.000065
1.919923  -0.000262
1.939922  -0.000066
1.959922  -0.000000
1.979921  -0.000131
1.999920  -0.000000
2.019919  0.000130
2.039918  -0.000066
2.059918  -0.000000
2.079917  0.000130
2.099916  0.000130
2.119915  -0.000000
2.139914  -0.000000
2.159914  0.000065
2.179913  -0.000131
2.199912  0.000196
2.219911  0.000196
2.239910  -0.000066
2.259910  -0.000196
2.279909  0.000130
2.299908  -0.000000
2.319907  0.000392
2.339906  0.000065
2.359906  -0.000000
2.379905  -0.000066
2.399904  -0.000066
2.419903  0.000130
2.439902  -0.000262
2.459902  -0.000000
2.479901  0.000065
2.499900  -0.000000
2.519899  0.000130
2.539898  -0.000000
2.559898  0.000261
2.579897  0.000065
2.599896  -0.000000
2.619895  0.000130
2.639894  -0.000000
2.659894  0.000130
2.679893  -0.000000
2.699892  -0.000000
2.719891  -0.000131
2.739890  -0.000066
2.759890  -0.000066
2.779889  -0.000000
2.799888  0.000065
2.819887  0.000196
2.839886  -0.000000
2.859886  0.000196
2.879885  0.000065
2.899884  0.000196
2.919883  0.000261
2.939882  -0.000066
2.959882  -0.000066
2.979881  0.000130
2.999880  0.000130
3.019879  0.000130
3.039878  0.000196
3.059878  0.000130
3.079877  -0.000066
3.099876  0.000130
3.119875  0.000065
3.139874  -0.000000
3.159874  0.000196
3.179873  0.000130
3.199872  0.000261
3.219871  -0.000000
3.239870  0.000065
3.259870  -0.000000
3.279869  0.000065
3.299868  -0.000000
3.319867  -0.000000
3.339866  -0.000066
3.359866  0.000130
3.379865  -0.000131
3.399864  0.000130
3.419863  0.000065
3.439862  0.000065
3.459862  -0.000066
3.479861  -0.000066
3.499860  -0.000066
3.519859  0.000196
3.539858  0.000196
3.559858  0.000065
3.579857  0.000130
3.599856  0.000130
3.619855  0.000065
3.639854  -0.000066
3.659854  -0.000066
3.679853  -0.000066
3.699852  0.000065
3.719851  0.000130
3.739850  -0.000000
3.759850  -0.000066
3.779849  0.000130
3.799848  0.000130
3.819847  0.000065
3.839846  0.000065
3.859846  -0.000000
3.879845  -0.000131
3.899844  -0.000000
3.919843  0.000130
3.939842  -0.000000
3.959842  -0.000066
3.979841  -0.000131
3.999840  -0.000066
4.019839  0.000065
4.039838  0.000130
4.059838  -0.000000
4.079837  0.000196
4.099836  0.000065
4.119835  -0.000131
4.139834  -0.000000
4.159834  0.000196
4.179833  -0.000000
4.199832  0.000130
4.219831  0.000196
4.239830  -0.000066
4.259830  0.000130
4.279829  -0.000000
4.299828  -0.000000
4.319827  -0.000000
4.339826  0.000065
4.359826  0.000196
4.379825  -0.000066
4.399824  0.000130
4.419823  -0.000066
4.439822  0.000065
4.459822  0.000261
4.479821  0.000130
4.499820  0.000065
4.519819  -0.000066
4.539818  -0.000000
4.559818  -0.000131
4.579817  0.000065
4.599816  0.000196
4.619815  0.000065
4.639814  0.000130
4.659814  0.000130
4.679813  -0.000066
4.699812  0.000130
4.719811  0.000261
4.739810  -0.000000
4.759810  -0.000066
4.779809  0.000130
4.799808  -0.000000
4.819807  0.000130
4.839806  0.000065
4.859806  0.000196
4.879805  -0.000066
4.899804  -0.000066
4.919803  0.000065
4.939802  -0.000000
4.959802  -0.000000
4.979801  0.000130
4.999800  0.000065
5.019799  0.000261
5.039798  -0.000000
5.059798  0.000065
5.079797  0.000065
5.099796  0.000130
5.119795  -0.000196
5.139794  -0.000000
5.159794  0.000196
5.179793  -0.000000
5.199792  0.000065
5.219791  -0.000000
5.239790  -0.000066
5.259790  -0.000000
5.279789  0.000065
5.299788  -0.000131
5.319787  -0.000000
5.339786  -0.000000
5.359786  0.000065
5.379785  0.000130
5.399784  -0.000196
5.419783  -0.000000
5.439782  0.000196
5.459782  -0.000000
5.479781  -0.000000
5.499780  0.000130
5.519779  -0.000000
5.539778  0.000130
5.559778  0.000196
5.579777  0.000065
5.599776  -0.000131
5.619775  0.000196
5.639774  -0.000000
5.659774  -0.000066
5.679773  0.000130
5.699772  -0.000000
5.719771  -0.000000
5.739770  -0.000000
5.759770  0.000196
5.779769  -0.000066
5.799768  -0.000066
5.819767  -0.000066
5.839766  -0.000000
5.859766  0.000130
5.879765  -0.000000
5.899764  0.000130
5.919763  0.000065
5.939762  0.000130
5.959762  -0.000000
5.979761  -0.000131
5.999760  -0.000066
6.019759  0.000130
6.039758  -0.000000
6.059758  0.000130
6.079757  0.000065
6.099756  -0.000066
6.119755  -0.000066
6.139754  -0.000000
6.159754  0.000130
6.179753  -0.000131
6.199752  -0.000000
6.219751  -0.000066
6.239750  -0.000000
6.259750  -0.000066
6.279749  0.000065
6.299748  0.000130
6.319747  -0.000000
6.339746  -0.000066
6.359746  0.000130
6.379745  -0.000000
6.399744  0.000196
6.419743  -0.000066
6.439742  -0.000066
6.459742  0.000065
6.479741  -0.000000
6.499740  0.000196
6.519739  -0.000066
6.539738  0.000196
6.559738  0.000196
6.579737  0.000130
6.599736  -0.000000
6.619735  -0.000000
6.639734  -0.000000
6.659734  -0.000196
6.679733  0.000130
6.699732  0.000065
6.719731  -0.000000
6.739730  0.000065
6.759730  0.000065
6.779729  -0.000000
6.799728  -0.000000
6.819727  0.000065
6.839726  0.000130
6.859726  -0.000000
6.879725  0.000130
6.899724  0.000065
6.919723  0.000261
6.939722  -0.000066
6.959722  0.000065
6.979721  0.000065
6.999720  -0.000066
7.019719  0.000065
7.039718  0.000065
7.059718  0.000261
7.079717  -0.000066
7.099716  -0.000066
7.119715  0.000065
7.139714  0.000261
7.159714  0.000065
7.179713  -0.000000
7.199712  -0.000066
7.219711  0.000065
7.239710  0.000130
7.259710  0.000065
7.279709  -0.000000
7.299708  0.000065
7.319707  -0.000000
7.339706  -0.000066
7.359706  -0.000000
7.379705  -0.000000
7.399704  0.000065
7.419703  -0.000000
7.439702  -0.000066
7.459702  -0.000000
7.479701  0.000261
7.499700  0.000196
7.519699  0.000065
7.539698  0.000196
7.559698  -0.000000
7.579697  -0.000131
7.599696  0.000065
7.619695  -0.000066
7.639694  0.000196
7.659694  0.000196
7.679693  0.000196
7.699692  0.000196
7.719691  0.000130
7.739690  0.000130
7.759690  0.000130
7.779689  0.000065
7.799688  -0.000066
7.819687  0.000130
7.839686  0.000065
7.859686  0.000130
7.879685  0.000065
7.899684  -0.000131
7.919683  0.000065
7.939682  0.000130
7.959682  0.000065
7.979681  -0.000000
7.999680  -0.000066
8.019679  -0.000131
8.039678  -0.000000
8.059678  0.000065
8.079677  0.000065
8.099676  -0.000000
8.119675  0.000196
8.139674  0.000196
8.159674  0.000130
8.179673  0.000196
8.199672  0.000130
8.219671  0.000196
8.239670  -0.000066
8.259670  0.000065
8.279669  0.000130
8.299668  0.000065
8.319667  -0.000000
8.339666  0.000065
8.359666  0.000130
8.379665  0.000130
8.399664  -0.000066
8.419663  -0.000000
8.439662  -0.000000
8.459662  0.000065
8.479661  -0.000066
8.499660  -0.000000
8.519659  0.000065
8.539658  0.000196
8.559658  -0.000000
8.579657  -0.000131
8.599656  -0.000000
8.619655  -0.000000
8.639654  -0.000000
8.659654  -0.000000
8.679653  0.000130
8.699652  0.000130
8.719651  0.000065
8.739650  -0.000131
8.759650  0.000065
8.779649  -0.000000
8.799648  -0.000000
8.819647  -0.000066
8.839646  -0.000000
8.859646  0.000130
8.879645  -0.000196
8.899644  -0.000131
8.919643  0.000065
8.939642  0.000196
8.959642  -0.000066
8.979641  0.000326
8.999640  -0.000066
9.019639  -0.000066
9.039638  0.000196
9.059638  -0.000000
9.079637  -0.000000
9.099636  -0.000000
9.119635  -0.000000
9.139634  -0.000000
9.159634  -0.000196
9.179633  -0.000066
9.199632  -0.000000
9.219631  -0.000000
9.239630  -0.000066
9.259630  0.000130
9.279629  0.000196
9.299628  -0.000000
9.319627  -0.000131
9.339626  -0.000000
9.359626  -0.000066
9.379625  -0.000262
9.399624  0.000065
9.419623  -0.000000
9.439622  -0.000000
9.459622  0.000130
9.479621  0.000196
9.499620  -0.000066
9.519619  -0.000000
9.539618  -0.000000
9.559618  0.000196
9.579617  0.000130
9.599616  -0.000131
9.619615  0.000261
9.639614  -0.000196
9.659614  -0.000066
9.679613  0.000130
9.699612  0.000065
9.719611  0.000130
9.739610  -0.000066
9.759610  0.000196
9.779609  0.000065
9.799608  -0.000066
9.819607  0.000196
9.839606  0.000261
9.859606  -0.000000
9.879605  -0.000131
9.899604  0.000130
9.919603  -0.000131
9.939602  0.000130
9.959602  0.000065
9.979601  0.000130
9.999600  0.000065
10.019599  -0.000000
10.039598  -0.000000
10.059598  -0.000066
10.079597  -0.000000
10.099596  -0.000000
10.119595  -0.000000
10.139594  -0.000066
10.159594  -0.000066
10.179593  0.000261
10.199592  -0.000000
10.219591  0.000130
10.239590  -0.000000
10.259590  0.000065
10.279589  0.000130
10.299588  0.000130
10.319587  -0.000000
10.339586  -0.000000
10.359586  0.000130
10.379585  0.000130
10.399584  0.000130
10.419583  -0.000000
10.439582  -0.000066
10.459582  0.000065
10.479581  -0.000000
10.499580  -0.000131
10.519579  0.000130
10.539578  0.000130
10.559578  0.000065
10.579577  -0.000066
10.599576  0.000130
10.619575  -0.000066
10.639574  -0.000131
10.659574  0.000196
10.679573  -0.000000
10.699572  -0.000066
10.719571  -0.000000
10.739570  0.000130
10.759570  -0.000000
10.779569  0.000196
10.799568  -0.000000
10.819567  0.000130
10.839566  0.000196
10.859566  -0.000000
10.879565  0.000065
10.899564  0.000065
10.919563  -0.000000
10.939562  -0.000000
10.959562  -0.000066
10.979561  0.000065
10.999560  0.000130
11.019559  -0.000000
11.039558  -0.000000
11.059558  0.000130
11.079557  -0.000000
11.099556  0.000065
11.119555  -0.000000
11.139554  -0.000066
11.159554  -0.000000
11.179553  -0.000131
11.199552  -0.000000
11.219551  -0.000000
11.239550  0.000130
11.259550  0.000065
11.279549  -0.000066
11.299548  0.000130
11.319547  -0.000000
11.339546  -0.000066
11.359546  -0.000000
11.379545  0.000065
11.399544  0.000065
11.419543  0.000065
11.439542  0.000196
11.459542  -0.000000
11.479541  0.000130
11.499540  -0.000000
11.519539  0.000130
11.539538  -0.000000
11.559538  0.000065
11.579537  0.000130
11.599536  -0.000066
11.619535  -0.000000
11.639534  0.000130
11.659534  0.000261
11.679533  -0.000000
11.699532  -0.000196
11.719531  0.000196
11.739530  -0.000000
11.759530  0.000130
11.779529  0.000130
11.799528  0.000065
11.819527  -0.000000
11.839526  0.000065
11.859526  0.000130
11.879525  -0.000000
11.899524  0.000065
11.919523  -0.000066
11.939522  0.000130
11.959522  -0.000066
11.979521  0.000065
11.999520  -0.000066
12.019519  0.000130
12.039518  0.000130
12.059518  -0.000000
12.079517  -0.000000
12.099516  -0.000131
12.119515  0.000130
12.139514  0.000130
12.159514  -0.000066
12.179513  -0.000000
12.199512  -0.000066
12.219511  0.000130
12.239510  0.000130
12.259510  -0.000066
12.279509  -0.000000
12.299508  -0.000000
12.319507  0.000130
12.339506  0.000130
12.359506  -0.000000
12.379505  -0.000066
12.399504  0.000065
12.419503  -0.000000
12.439502  0.000130
12.459502  0.000130
12.479501  -0.000000
12.499500  -0.000066
12.519499  -0.000000
12.539498  -0.000000
12.559498  -0.000000
12.579497  -0.000000
12.599496  0.000065
12.619495  0.000130
12.639494  0.000130
12.659494  -0.000000
12.679493  0.000130
12.699492  -0.000000
12.719491  0.000065
12.739490  -0.000000
12.759490  -0.000066
12.779489  0.000261
12.799488  0.000130
12.819487  -0.000066
12.839486  -0.000066
12.859486  0.000130
12.879485  0.000130
12.899484  -0.000000
12.919483  0.000130
12.939482  0.000196
12.959482  -0.000066
12.979481  0.000065
12.999480  -0.000196
13.019479  -0.000000
13.039478  0.000130
13.059478  -0.000000
13.079477  -0.000000
13.099476  0.000065
13.119475  -0.000066
13.139474  -0.000000
13.159474  -0.000066
13.179473  -0.000131
13.199472  -0.000000
13.219471  0.000196
13.239470  -0.000000
13.259470  0.000130
13.279469  0.000065
13.299468  -0.000000
13.319467  -0.000000
13.339466  -0.000000
13.359466  -0.000131
13.379465  -0.000131
13.399464  -0.000000
13.419463  -0.000131
13.439462  -0.000066
13.459462  -0.000066
13.479461  -0.000000
13.499460  -0.000131
13.519459  0.000065
13.539458  0.000065
13.559458  -0.000000
13.579457  -0.000066
13.599456  0.000130
13.619455  0.000130
13.639454  0.000130
13.659454  -0.000000
13.679453  -0.000000
13.699452  0.000065
13.719451  0.000130
13.739450  -0.000000
13.759450  0.000065
13.779449  -0.000000
13.799448  0.000130
13.819447  0.000065
13.839446  -0.000000
13.859446  -0.000131
13.879445  0.000130
13.899444  -0.000066
13.919443  -0.000066
13.939442  0.000261
13.959442  -0.000196
13.979441  0.000065
13.999440  -0.000131
14.019439  0.000130
14.039438  -0.000000
14.059438  0.000065
14.079437  0.000130
14.099436  0.000196
14.119435  0.000065
14.139434  0.000130
14.159434  -0.000000
14.179433  -0.000000
14.199432  -0.000131
14.219431  -0.000066
14.239430  -0.000000
14.259430  0.000130
14.279429  0.000065
14.299428  0.000065
14.319427  0.000130
14.339426  -0.000000
14.359426  0.000065
14.379425  -0.000000
14.399424  -0.000000
14.419423  0.000065
14.439422  -0.000000
14.459422  -0.000000
14.479421  -0.000000
14.499420  -0.000000
14.519419  -0.000000
14.539418  -0.000000
14.559418  -0.000066
14.579417  -0.000131
14.599416  0.000065
14.619415  -0.000000
14.639414  -0.000066
14.659414  -0.000000
14.679413  -0.000066
14.699412  0.000065
14.719411  -0.000000
14.739410  -0.000066
14.759410  0.000065
14.779409  -0.000066
14.799408  -0.000066
14.819407  0.000065
14.839406  -0.000066
14.859406  0.000196
14.879405  0.000130
14.899404  -0.000196
14.919403  -0.000000
14.939402  0.000065
14.959402  0.000130
14.979401  0.000130
14.999400  0.000196
15.019399  -0.000000
15.039398  0.000130
15.059398  -0.000131
15.079397  -0.000066
15.099396  0.000196
15.119395  0.000130
15.139394  -0.000066
15.159394  -0.000000
15.179393  -0.000066
15.199392  -0.000000
15.219391  0.000130
15.239390  -0.000131
15.259390  0.000130
15.279389  -0.000000
15.299388  -0.000131
15.319387  -0.000000
15.339386  0.000130
15.359386  0.000130
15.379385  0.000065
15.399384  0.000196
15.419383  0.000065
15.439382  -0.000000
15.459382  -0.000000
15.479381  0.000130
15.499380  0.000196
15.519379  0.000261
15.539378  0.000065
15.559378  -0.000066
15.579377  -0.000000
15.599376  -0.000066
15.619375  -0.000000
15.639374  -0.000066
15.659374  -0.000066
15.679373  0.000261
15.699372  0.000196
15.719371  0.000130
15.739370  -0.000000
15.759370  0.000065
15.779369  0.000065
15.799368  0.000065
15.819367  0.000130
15.839366  -0.000000
15.859366  -0.000131
15.879365  0.000130
15.899364  0.000130
15.919363  0.000130
15.939362  0.000065
15.959362  -0.000000
15.979361  -0.000000
15.999360  0.000065
16.019359  0.000065
16.039358  0.000065
16.059358  -0.000066
16.079357  0.000065
16.099356  -0.000000
16.119355  -0.000066
16.139354  -0.000066
16.159354  0.000196
16.179353  -0.000131
16.199352  -0.000066
16.219351  0.000065
16.239350  0.000196
16.259350  0.000065
16.279349  -0.000066
16.299348  0.000130
16.319347  0.000261
16.339346  -0.000000
16.359346  -0.000000
16.379345  0.000065
16.399344  -0.000000
16.419343  0.000196
16.439342  0.000130
16.459342  -0.000000
16.479341  0.000196
16.499340  -0.000000
16.519339  0.000196
16.539338  -0.000196
16.559338  -0.000000
16.579337  0.000130
16.599336  0.000130
16.619335  0.000196
16.639334  0.000065
16.659334  -0.000066
16.679333  0.000261
16.699332  -0.000066
16.719331  -0.000000
16.739330  -0.000066
16.759330  0.000065
16.779329  -0.000000
16.799328  0.000065
16.819327  0.000130
16.839326  -0.000066
16.859326  -0.000262
16.879325  -0.000066
16.899324  0.000326
16.919323  0.000130
16.939322  0.000130
16.959322  -0.000000
16.979321  0.000130
16.999320  -0.000000
17.019319  -0.000066
17.039318  -0.000000
17.059318  -0.000196
17.079317  -0.000000
17.099316  0.000130
17.119315  -0.000000
17.139314  0.000130
17.159314  0.000130
17.179313  0.000065
17.199312  0.000130
17.219311  0.000065
17.239310  0.000130
17.259310  0.000065
17.279309  0.000130
17.299308  0.000065
17.319307  0.000326
17.339306  0.000065
17.359306  -0.000000
17.379305  -0.000066
17.399304  0.000130
17.419303  0.000065
17.439302  0.000261
17.459302  -0.000066
17.479301  0.000261
17.499300  0.000130
17.519299  0.000196
17.539298  0.000130
17.559298  -0.000066
17.579297  0.000196
17.599296  -0.000066
17.619295  -0.000066
17.639294  0.000065
17.659294  -0.000066
17.679293  0.000130
17.699292  0.000130
17.719291  0.000065
17.739290  -0.000131
17.759290  -0.000000
17.779289  0.000065
17.799288  -0.000000
17.819287  0.000130
17.839286  0.000130
17.859286  0.000130
17.879285  0.000065
17.899284  -0.000000
17.919283  0.000065
17.939282  -0.000000
17.959282  0.000065
17.979281  -0.000066
17.999280  0.000130
18.019279  -0.000000
18.039278  -0.000000
18.059278  0.000196
18.079277  -0.000066
18.099276  0.000196
18.119275  -0.000000
18.139274  0.000130
18.159274  0.000196
18.179273  0.000065
18.199272  -0.000000
18.219271  -0.000000
18.239270  -0.000131
18.259270  0.000196
18.279269  0.000065
18.299268  0.000130
18.319267  -0.000196
18.339266  -0.000196
18.359266  -0.000066
18.379265  0.000261
18.399264  0.000196
18.419263  0.000130
18.439262  -0.000066
18.459262  -0.000066
18.479261  0.000065
18.499260  -0.000000
18.519259  0.000130
18.539258  0.000130
18.559258  -0.000131
18.579257  0.000130
18.599256  -0.000000
18.619255  -0.000000
18.639254  -0.000000
18.659254  0.000065
18.679253  -0.000131
18.699252  0.000130
18.719251  0.000261
18.739250  -0.000066
18.759250  -0.000000
18.779249  0.000130
18.799248  -0.000000
18.819247  -0.000000
18.839246  0.000130
18.859246  0.000065
18.879245  -0.000066
18.899244  0.000065
18.919243  0.000130
18.939242  0.000130
18.959242  -0.000000
18.979241  -0.000066
18.999240  -0.000131
19.019239  -0.000066
19.039238  0.000196
19.059238  -0.000131
19.079237  0.000196
19.099236  -0.000131
19.119235  0.000261
19.139234  -0.000066
19.159234  -0.000066
19.179233  -0.000066
19.199232  -0.000066
19.219231  0.000196
19.239230  -0.000131
19.259230  0.000065
19.279229  -0.000066
19.299228  -0.000000
19.319227  0.000130
19.339226  0.000065
19.359226  0.000130
19.379225  -0.000066
19.399224  -0.000066
19.419223  -0.000000
19.439222  0.000130
19.459222  0.000261
19.479221  0.000326
19.499220  -0.000000
19.519219  0.000065
19.539218  0.000261
19.559218  -0.000000
19.579217  -0.000000
19.599216  -0.000066
19.619215  -0.000000
19.639214  0.000130
19.659214  0.000065
19.679213  -0.000000
19.699212  0.000065
19.719211  -0.000066
19.739210  -0.000000
19.759210  -0.000000
19.779209  0.000065
19.799208  -0.000000
19.819207  -0.000000
19.839206  0.000261
19.859206  -0.000000
19.879205  -0.000000
19.899204  0.000130
19.919203  -0.000327
19.939202  0.000065
19.959202  0.000261
19.979201  0.000326
19.999200  -0.000131
20.019199  0.000196
20.039198  0.000065
20.059198  -0.000000
20.079197  -0.000000
20.099196  0.000196
20.119195  -0.000196
20.139194  -0.000066
20.159194  0.000065
20.179193  -0.000066
20.199192  0.000065
20.219191  -0.000000
20.239190  0.000130
20.259190  -0.000131
20.279189  0.000065
20.299188  0.000130
20.319187  0.000261
20.339186  -0.000131
20.359186  -0.000066
20.379185  -0.000131
20.399184  0.000130
20.419183  -0.000000
20.439182  0.000065
20.459182  -0.000000
20.479181  -0.000066
20.499180  -0.000000
20.519179  -0.000066
20.539178  0.000261
20.559178  -0.000000
20.579177  0.000196
20.599176  -0.000066
20.619175  -0.000066
20.639174  -0.000000
20.659174  -0.000000
20.679173  0.000196
20.699172  -0.000066
20.719171  0.000130
20.739170  -0.000066
20.759170  -0.000066
20.779169  0.000065
20.799168  0.000130
20.819167  -0.000066
20.839166  0.000065
20.859166  0.000196
20.879165  0.000261
20.899164  0.000065
20.919163  -0.000000
20.939162  0.000130
20.959162  0.000065
20.979161  -0.000131
20.999160  0.000196
21.019159  -0.000000
21.039158  -0.000066
21.059158  0.000196
21.079157  0.000065
21.099156  -0.000000
21.119155  0.000065
21.139154  0.000065
21.159154  -0.000000
21.179153  -0.000131
21.199152  -0.000131
21.219151  0.000130
21.239150  -0.000000
21.259150  -0.000000
21.279149  0.000065
21.299148  0.000065
21.319147  -0.000131
21.339146  0.000065
21.359146  0.000196
21.379145  -0.000131
21.399144  0.000065
21.419143  0.000130
21.439142  0.000261
21.459142  0.000130
21.479141  0.000130
21.499140  0.000065
21.519139  -0.000000
21.539138  -0.000131
21.559138  -0.000131
21.579137  -0.000000
21.599136  0.000130
21.619135  -0.000000
21.639134  0.000130
21.659134  0.000196
21.679133  -0.000000
21.699132  0.000130
21.719131  -0.000131
21.739130  0.000261
21.759130  0.000196
21.779129  0.000130
21.799128  -0.000000
21.819127  -0.000000
21.839126  -0.000000
21.859126  -0.000066
21.879125  -0.000131
21.899124  0.000065
21.919123  -0.000000
21.939122  0.000261
21.959122  -0.000000
21.979121  -0.000066
21.999120  0.000196
22.019119  -0.000000
22.039118  0.000130
22.059118  -0.000000
22.079117  0.000196
22.099116  -0.000000
22.119115  0.000196
22.139114  -0.000000
22.159114  0.000196
22.179113  0.000196
22.199112  -0.000131
22.219111  -0.000066
22.239110  0.000130
22.259110  0.000065
22.279109  -0.000066
22.299108  -0.000000
22.319107  -0.000000
22.339106  0.000130
22.359106  0.000261
22.379105  -0.000066
22.399104  -0.000066
22.419103  -0.000000
22.439102  -0.000000
22.459102  0.000130
22.479101  0.000065
22.499100  0.000261
22.519099  -0.000000
22.539098  -0.000066
22.559098  0.000065
22.579097  0.000261
22.599096  -0.000000
22.619095  -0.000131
22.639094  0.000065
22.659094  0.000130
22.679093  0.000130
22.699092  0.000196
22.719091  0.000196
22.739090  0.000130
22.759090  -0.000066
22.779089  -0.000000
22.799088  -0.000066
22.819087  -0.000000
22.839086  0.000196
22.859086  0.000130
22.879085  -0.000000
22.899084  -0.000066
22.919083  0.000065
22.939082  -0.000066
22.959082  0.000065
22.979081  -0.000131
22.999080  0.000065
23.019079  0.000130
23.039078  0.000130
23.059078  0.000326
23.079077  -0.000000
23.099076  0.000065
23.119075  -0.000196
23.139074  -0.000000
23.159074  -0.000000
23.179073  -0.000131
23.199072  -0.000066
23.219071  0.000130
23.239070  0.000196
23.259070  -0.000000
23.279069  0.000130
23.299068  0.000130
23.319067  0.000130
23.339066  -0.000000
23.359066  0.000196
23.379065  -0.000131
23.399064  0.000130
23.419063  -0.000066
23.439062  0.000196
23.459062  -0.000066
23.479061  -0.000000
23.499060  -0.000131
23.519059  -0.000196
23.539058  -0.000000
23.559058  0.000065
23.579057  0.000130
23.599056  0.000196
23.619055  -0.000000
23.639054  -0.000131
23.659054  0.000261
23.679053  -0.000000
23.699052  0.000196
23.719051  0.000130
23.739050  0.000130
23.759050  0.000130
23.779049  0.000065
23.799048  -0.000000
23.819047  -0.000066
23.839046  -0.000000
23.859046  0.000130
23.879045  0.000065
23.899044  -0.000000
23.919043  0.000261
23.939042  0.000261
23.959042  0.000196
23.979041  -0.000066
23.999040  -0.000066
24.019039  -0.000131
24.039038  0.000065
24.059038  0.000130
24.079037  0.000065
24.099036  -0.000000
24.119035  0.000130
24.139034  0.000130
24.159034  -0.000000
24.179033  0.000130
24.199032  0.000065
24.219031  0.000065
24.239030  0.000130
24.259030  -0.000000
24.279029  -0.000066
24.299028  0.000130
24.319027  0.000065
24.339026  -0.000000
24.359026  -0.000000
24.379025  0.000130
24.399024  0.000065
24.419023  -0.000000
24.439022  0.000196
24.459022  0.000130
24.479021  0.000065
24.499020  0.000065
24.519019  0.000130
24.539018  -0.000066
24.559018  -0.000066
24.579017  -0.000000
24.599016  0.000065
24.619015  -0.000066
24.639014  0.000196
24.659014  -0.000000
24.679013  0.000065
24.699012  -0.000000
24.719011  0.000065
24.739010  -0.000000
24.759010  0.000130
24.779009  0.000196
24.799008  0.000130
24.819007  -0.000000
24.839006  0.000065
24.859006  0.000065
24.879005  0.000065
24.899004  0.000065
24.919003  -0.000066
24.939002  -0.000000
24.959002  -0.000131
24.979001  -0.000066
24.999000  0.000130
25.018999  0.000065
25.038998  0.000065
25.058998  -0.000066
25.078997  -0.000066
25.098996  -0.000000
25.118995  -0.000066
25.138994  0.000130
25.158994  0.000065
25.178993  0.000130
25.198992  0.000130
25.218991  0.000196
25.238990  -0.000066
25.258990  -0.000066
25.278989  0.000196
25.298988  -0.000000
25.318987  -0.000066
25.338986  -0.000066
25.358986  -0.000000
25.378985  0.000130
25.398984  0.000130
25.418983  0.000130
25.438982  -0.000000
25.458982  -0.000000
25.478981  -0.000000
25.498980  -0.000066
25.518979  -0.000066
25.538978  0.000261
25.558978  -0.000000
25.578977  -0.000000
25.598976  0.000261
25.618975  -0.000131
25.638974  -0.000000
25.658974  -0.000066
25.678973  -0.000000
25.698972  -0.000000
25.718971  -0.000000
25.738970  -0.000000
25.758970  0.000065
25.778969  0.000130
25.798968  -0.000066
25.818967  -0.000066
25.838966  -0.000066
25.858966  -0.000196
25.878965  0.000065
25.898964  0.000196
25.918963  0.000065
25.938962  0.000065
25.958962  0.000065
25.978961  -0.000066
25.998960  -0.000131
26.018959  -0.000000
26.038958  0.000130
26.058958  -0.000000
26.078957  0.000065
26.098956  0.000130
26.118955  -0.000066
26.138954  0.000065
26.158954  -0.000066
26.178953  0.000130
26.198952  0.000065
26.218951  -0.000066
26.238950  -0.000000
26.258950  -0.000066
26.278949  -0.000000
26.298948  0.000065
26.318947  0.000261
26.338946  -0.000066
26.358946  0.000065
26.378945  0.000130
26.398944  -0.000000
26.418943  -0.000066
26.438942  -0.000000
26.458942  -0.000066
26.478941  0.000130
26.498940  0.000065
26.518939  -0.000066
26.538938  -0.000000
26.558938  -0.000131
26.578937  -0.000000
26.598936  -0.000000
26.618935  0.000196
26.638934  -0.000000
26.658934  -0.000000
26.678933  -0.000066
26.698932  -0.000131
26.718931  -0.000000
26.738930  -0.000000
26.758930  -0.000000
26.778929  0.000196
26.798928  -0.000066
26.818927  -0.000000
26.838926  0.000065
26.858926  0.000130
26.878925  0.000130
26.898924  -0.000131
26.918923  -0.000000
26.938922  0.000130
26.958922  0.000065
26.978921  -0.000000
26.998920  0.000261
27.018919  -0.000066
27.038918  -0.000000
27.058918  0.000065
27.078917  0.000065
27.098916  -0.000131
27.118915  -0.000066
27.138914  -0.000066
27.158914  -0.000066
27.178913  0.000130
27.198912  -0.000066
27.218911  0.000065
27.238910  0.000065
27.258910  -0.000000
27.278909  0.000130
27.298908  0.000065
27.318907  0.000261
27.338906  0.000065
27.358906  0.000065
27.378905  -0.000066
27.398904  -0.000000
27.418903  -0.000000
27.438902  0.000065
27.458902  -0.000131
27.478901  0.000065
27.498900  -0.000066
27.518899  -0.000000
27.538898  -0.000000
27.558898  0.000261
27.578897  0.000065
27.598896  -0.000066
27.618895  -0.000196
27.638894  0.000065
27.658894  -0.000000
27.678893  0.000261
27.698892  0.000065
27.718891  -0.000066
27.738890  0.000130
27.758890  -0.000066
27.778889  -0.000066
27.798888  -0.000131
27.818887  0.000065
27.838886  -0.000066
27.858886  -0.000000
27.878885  0.000065
27.898884  -0.000066
27.918883  -0.000066
27.938882  -0.000000
27.958882  -0.000000
27.978881  0.000261
27.998880  -0.000131
28.018879  0.000065
28.038878  -0.000000
28.058878  -0.000066
28.078877  0.000130
28.098876  0.000065
28.118875  -0.000000
28.138874  -0.000000
28.158874  -0.000000
28.178873  0.000130
28.198872  0.000130
28.218871  0.000130
28.238870  0.000196
28.258870  -0.000066
28.278869  0.000065
28.298868  -0.000262
28.318867  0.000130
28.338866  0.000130
28.358866  -0.000196
28.378865  -0.000000
28.398864  0.000196
28.418863  0.000130
28.438862  -0.000196
28.458862  0.000196
28.478861  0.000130
28.498860  -0.000066
28.518859  0.000261
28.538858  -0.000000
28.558858  -0.000131
28.578857  -0.000000
28.598856  0.000196
28.618855  -0.000066
28.638854  -0.000000
28.658854  -0.000131
28.678853  0.000065
28.698852  -0.000066
28.718851  -0.000000
28.738850  0.000196
28.758850  -0.000066
28.778849  0.000130
28.798848  -0.000066
28.818847  0.000065
28.838846  0.000065
28.858846  -0.000000
28.878845  -0.000000
28.898844  0.000065
28.918843  0.000130
28.938842  0.000130
28.958842  -0.000000
28.978841  -0.000131
28.998840  -0.000000
29.018839  0.000130
29.038838  -0.000000
29.058838  0.000130
29.078837  -0.000000
29.098836  -0.000066
29.118835  -0.000066
29.138834  0.000196
29.158834  -0.000066
29.178833  0.000261
29.198832  -0.000000
29.218831  0.000065
29.238830  0.000065
29.258830  -0.000131
29.278829  0.000130
29.298828  0.000065
29.318827  -0.000131
29.338826  -0.000000
29.358826  -0.000066
29.378825  -0.000000
29.398824  0.000196
29.418823  -0.000000
29.438822  0.000261
29.458822  -0.000066
29.478821  0.000196
29.498820  0.000130
29.518819  -0.000131
29.538818  -0.000196
29.558818  -0.000066
29.578817  0.000130
29.598816  0.000130
29.618815  -0.000131
29.638814  -0.000000
29.658814  0.000130
29.678813  0.000196
29.698812  -0.000000
29.718811  0.000196
29.738810  -0.000131
29.758810  -0.000066
29.778809  0.000130
29.798808  -0.000196
29.818807  0.000065
29.838806  -0.000066
29.858806  -0.000131
29.878805  -0.000000
29.898804  0.000130
29.918803  -0.000066
29.938802  -0.000131
29.958802  0.000065
29.978801  -0.000000
29.998800  0.000130
30.018799  0.000130
30.038798  -0.000000
30.058798  -0.000066
30.078797  0.000065
30.098796  -0.000000
30.118795  -0.000131
30.138794  0.000065
30.158794  0.000065
30.178793  -0.000066
30.198792  -0.000066
30.218791  -0.000000
30.238790  -0.000066
30.258790  -0.000066
30.278789  -0.000000
30.298788  -0.000000
30.318787  0.000326
30.338786  0.000065
30.358786  -0.000131
30.378785  -0.000000
30.398784  0.000130
30.418783  -0.000131
30.438782  0.000326
30.458782  0.000130
30.478781  -0.000000
30.498780  0.000065
30.518779  0.000065
30.538778  -0.000131
30.558778  0.000065
30.578777  -0.000066
30.598776  0.000261
30.618775  0.000065
30.638774  0.000065
30.658774  0.000130
30.678773  -0.000000
30.698772  0.000130
30.718771  0.000065
30.738770  -0.000000
30.758770  -0.000000
30.778769  -0.000000
30.798768  -0.000066
30.818767  0.000196
30.838766  -0.000131
30.858766  -0.000000
30.878765  -0.000066
30.898764  0.000261
30.918763  -0.000000
30.938762  -0.000066
30.958762  0.000130
30.978761  0.000130
30.998760  0.000130
31.018759  -0.000000
31.038758  0.000065
31.058758  -0.000066
31.078757  -0.000000
31.098756  0.000130
31.118755  -0.000066
31.138754  -0.000000
31.158754  0.000130
31.178753  0.000130
31.198752  -0.000131
31.218751  -0.000000
31.238750  0.000130
31.258750  -0.000066
31.278749  -0.000000
31.298748  0.000065
31.318747  0.000065
31.338746  -0.000000
31.358746  -0.000000
31.378745  0.000065
31.398744  -0.000066
31.418743  0.000065
31.438742  0.000130
31.458742  0.000065
31.478741  -0.000000
31.498740  -0.000000
31.518739  0.000065
31.538738  -0.000131
31.558738  -0.000196
31.578737  0.000261
31.598736  0.000196
31.618735  -0.000066
31.638734  -0.000262
31.658734  -0.000000
31.678733  -0.000000
31.698732  -0.000066
31.718731  -0.000000
31.738730  -0.000196
31.758730  -0.000196
31.778729  0.000196
31.798728  0.000261
31.818727  -0.000196
31.838726  -0.000131
31.858726  0.000130
31.878725  0.000196
31.898724  -0.000000
31.918723  -0.000066
31.938722  0.000196
31.958722  0.000065
31.978721  -0.000000
31.998720  0.000130
32.018719  0.000130
32.038718  -0.000000
32.058718  -0.000000
32.078717  -0.000000
32.098716  -0.000000
32.118715  -0.000066
32.138714  0.000065
32.158714  -0.000066
32.178713  0.000196
32.198712  0.000065
32.218711  -0.000000
32.238710  -0.000131
32.258710  -0.000131
32.278709  -0.000000
32.298708  0.000065
32.318707  -0.000000
32.338706  -0.000131
32.358706  0.000196
32.378705  0.000261
32.398704  -0.000000
32.418703  -0.000000
32.438702  -0.000000
32.458702  0.000130
32.478701  -0.000066
32.498700  0.000065
32.518699  0.000065
32.538698  -0.000000
32.558698  -0.000000
32.578697  0.000065
32.598696  -0.000000
32.618695  -0.000000
32.638694  -0.000066
32.658694  0.000065
32.678693  -0.000000
32.698692  0.000196
32.718691  0.000196
32.738690  -0.000066
32.758690  -0.000131
32.778689  0.000065
32.798688  -0.000000
32.818687  -0.000196
32.838686  0.000196
32.858686  0.000130
32.878685  0.000196
32.898684  -0.000131
32.918683  0.000065
32.938682  0.000196
32.958682  -0.000066
32.978681  -0.000000
32.998680  0.000130
33.018679  -0.000000
33.038678  0.000196
33.058678  0.000130
33.078677  -0.000000
33.098676  0.000065
33.118675  -0.000196
33.138674  -0.000066
33.158674  0.000130
33.178673  0.000065
33.198672  0.000196
33.218671  -0.000066
33.238670  -0.000131
33.258670  0.000196
33.278669  -0.000066
33.298668  -0.000000
33.318667  -0.000066
33.338666  -0.000000
33.358666  0.000196
33.378665  0.000261
33.398664  -0.000000
33.418663  -0.000000
33.438662  -0.000066
33.458662  -0.000000
33.478661  -0.000000
33.498660  0.000130
33.518659  -0.000000
33.538658  -0.000196
33.558658  0.000196
33.578657  0.000130
33.598656  -0.000000
33.618655  -0.000066
33.638654  -0.000066
33.658654  -0.000000
33.678653  -0.000000
33.698652  0.000065
33.718651  -0.000000
33.738650  -0.000066
33.758650  0.000130
33.778649  -0.000131
33.798648  0.000065
33.818647  -0.000066
33.838646  -0.000066
33.858646  -0.000000
33.878645  0.000130
33.898644  0.000130
33.918643  -0.000131
33.938642  -0.000000
33.958642  -0.000066
33.978641  0.000196
33.998640  0.000065
34.018639  -0.000066
34.038638  -0.000066
34.058638  -0.000066
34.078637  -0.000131
34.098636  0.000065
34.118635  -0.000066
34.138634  -0.000000
34.158634  0.000065
34.178633  0.000261
34.198632  0.000130
34.218631  -0.000000
34.238630  -0.000000
34.258630  -0.000066
34.278629  0.000196
34.298628  0.000065
34.318627  0.000065
34.338626  -0.000131
34.358626  -0.000066
34.378625  -0.000000
34.398624  -0.000000
34.418623  -0.000000
34.438622  -0.000000
34.458622  -0.000066
34.478621  0.000261
34.498620  0.000130
34.518619  0.000065
34.538618  -0.000000
34.558618  -0.000000
34.578617  -0.000000
34.598616  -0.000066
34.618615  -0.000066
34.638614  0.000130
34.658614  0.000065
34.678613  0.000130
34.698612  0.000065
34.718611  -0.000066
34.738610  -0.000066
34.758610  -0.000131
34.778609  -0.000131
34.798608  0.000130
34.818607  0.000065
34.838606  0.000065
34.858606  -0.000000
34.878605  0.000065
34.898604  0.000130
34.918603  -0.000000
34.938602  -0.000131
34.958602  0.000196
34.978601  -0.000066
34.998600  -0.000000
35.018599  -0.000000
35.038598  0.000065
35.058598  0.000130
35.078597  -0.000066
35.098596  0.000065
35.118595  -0.000066
35.138594  -0.000131
35.158594  -0.000000
35.178593  0.000065
35.198592  -0.000000
35.218591  -0.000066
35.238590  -0.000066
35.258590  -0.000066
35.278589  -0.000000
35.298588  0.000065
35.318587  -0.000066
35.338586  -0.000000
35.358586  -0.000131
35.378585  0.000130
35.398584  -0.000000
35.418583  -0.000000
35.438582  -0.000000
35.458582  -0.000000
35.478581  -0.000000
35.498580  0.000196
35.518579  -0.000000
35.538578  0.000196
35.558578  0.000130
35.578577  -0.000000
35.598576  0.000065
35.618575  -0.000131
35.638574  0.000196
35.658574  -0.000000
35.678573  -0.000066
35.698572  0.000065
35.718571  0.000261
35.738570  0.000130
35.758570  0.000196
35.778569  0.000065
35.798568  -0.000066
35.818567  -0.000131
35.838566  -0.000000
35.858566  0.000196
35.878565  -0.000131
35.898564  0.000196
35.918563  0.000130
35.938562  -0.000131
35.958562  0.000130
35.978561  -0.000000
35.998560  -0.000066
36.018559  -0.000066
36.038558  -0.000066
36.058558  -0.000000
36.078557  0.000065
36.098556  0.000261
36.118555  0.000065
36.138554  0.000065
36.158554  -0.000066
36.178553  -0.000066
36.198552  -0.000066
36.218551  0.000065
36.238550  -0.000066
36.258550  -0.000000
36.278549  -0.000000
36.298548  -0.000000
36.318547  -0.000131
36.338546  0.000130
36.358546  -0.000066
36.378545  0.000261
36.398544  -0.000066
36.418543  -0.000000
36.438542  -0.000131
36.458542  -0.000000
36.478541  0.000065
36.498540  0.000130
36.518539  -0.000131
36.538538  0.000196
36.558538  -0.000000
36.578537  -0.000000
36.598536  -0.000000
36.618535  0.000130
36.638534  0.000130
36.658534  -0.000000
36.678533  0.000261
36.698532  -0.000000
36.718531  -0.000066
36.738530  -0.000000
36.758530  -0.000000
36.778529  -0.000000
36.798528  -0.000000
36.818527  0.000065
36.838526  0.000065
36.858526  0.000130
36.878525  -0.000066
36.898524  -0.000066
36.918523  -0.000066
36.938522  -0.000066
36.958522  -0.000000
36.978521  0.000130
36.998520  0.000196
37.018519  0.000130
37.038518  -0.000000
37.058518  0.000065
37.078517  -0.000066
37.098516  0.000065
37.118515  0.000065
37.138514  0.000065
37.158514  0.000130
37.178513  0.000130
37.198512  0.000130
37.218511  0.000065
37.238510  -0.000066
37.258510  -0.000000
37.278509  -0.000000
37.298508  -0.000131
37.318507  -0.000066
37.338506  0.000065
37.358506  -0.000066
37.378505  -0.000000
37.398504  0.000065
37.418503  -0.000000
37.438502  -0.000000
37.458502  -0.000066
37.478501  -0.000066
37.498500  -0.000196
37.518499  -0.000000
37.538498  0.000065
37.558498  0.000065
37.578497  -0.000000
37.598496  -0.000131
37.618495  -0.000066
37.638494  0.000261
37.658494  -0.000000
37.678493  0.000130
37.698492  0.000130
37.718491  -0.000131
37.738490  0.000130
37.758490  0.000065
37.778489  -0.000000
37.798488  0.000196
37.818487  -0.000066
37.838486  0.000130
37.858486  0.000130
37.878485  0.000196
37.898484  -0.000066
37.918483  0.000261
37.938482  0.000065
37.958482  0.000130
37.978481  0.000065
37.998480  -0.000066
38.018479  -0.000000
38.038478  0.000130
38.058478  -0.000000
38.078477  0.000065
38.098476  -0.000000
38.118475  -0.000000
38.138474  -0.000000
38.158474  0.000065
38.178473  -0.000000
38.198472  0.000196
38.218471  0.000196
38.238470  -0.000066
38.258470  0.000261
38.278469  -0.000066
38.298468  -0.000066
38.318467  0.000065
38.338466  -0.000000
38.358466  -0.000000
38.378465  0.000130
38.398464  -0.000131
38.418463  -0.000000
38.438462  0.000196
38.458462  0.000130
38.478461  -0.000131
38.498460  -0.000066
38.518459  -0.000131
38.538458  0.000130
38.558458  -0.000000
38.578457  -0.000000
38.598456  0.000065
38.618455  -0.000066
38.638454  -0.000066
38.658454  0.000065
38.678453  0.000065
38.698452  -0.000066
38.718451  0.000261
38.738450  -0.000000
38.758450  0.000130
38.778449  0.000065
38.798448  0.000130
38.818447  0.000065
38.838446  0.000065
38.858446  -0.000000
38.878445  -0.000000
38.898444  -0.000066
38.918443  0.000196
38.938442  0.000130
38.958442  -0.000000
38.978441  0.000065
38.998440  0.000065
39.018439  0.000065
39.038438  -0.000000
39.058438  -0.000196
39.078437  -0.000066
39.098436  0.000130
39.118435  0.000130
39.138434  -0.000000
39.158434  -0.000066
39.178433  0.000196
39.198432  -0.000066
39.218431  0.000130
39.238430  -0.000000
39.258430  0.000261
39.278429  -0.000000
39.298428  -0.000000
39.318427  -0.000000
39.338426  0.000130
39.358426  0.000065
39.378425  0.000065
39.398424  -0.000000
39.418423  0.000326
39.438422  -0.000066
39.458422  -0.000066
39.478421  0.000065
39.498420  0.000130
39.518419  -0.000000
39.538418  0.000196
39.558418  -0.000000
39.578417  -0.000000
39.598416  0.000065
39.618415  0.000130
39.638414  0.000065
39.658414  0.000065
39.678413  -0.000000
39.698412  0.000065
39.718411  0.000130
39.738410  0.000130
39.758410  0.000130
39.778409  0.000196
39.798408  0.000065
39.818407  0.000196
39.838406  -0.000066
39.858406  -0.000131
39.878405  0.000130
39.898404  -0.000066
39.918403  0.000130
39.938402  -0.000000
39.958402  -0.000000
39.978401  -0.000131
39.998400  -0.000066
40.018399  -0.000000
40.038398  -0.000000
40.058398  0.000196
40.078397  -0.000000
40.098396  0.000130
40.118395  0.000065
40.138394  -0.000066
40.158394  0.000130
40.178393  0.000196
40.198392  0.000065
40.218391  0.000065
40.238390  -0.000000
40.258390  0.000065
40.278389  -0.000000
40.298388  -0.000131
40.318387  -0.000000
40.338386  0.000065
40.358386  0.000130
40.378385  0.000196
40.398384  0.000065
40.418383  0.000065
40.438382  -0.000000
40.458382  -0.000000
40.478381  0.000130
40.498380  0.000065
40.518379  0.000065
40.538378  -0.000066
40.558378  0.000130
40.578377  0.000130
40.598376  -0.000066
40.618375  0.000196
40.638374  0.000130
40.658374  0.000065
40.678373  -0.000066
40.698372  -0.000000
40.718371  0.000130
40.738370  0.000196
40.758370  -0.000262
40.778369  -0.000066
40.798368  0.000065
40.818367  -0.000131
40.838366  0.000130
40.858366  -0.000066
40.878365  0.000130
40.898364  -0.000000
40.918363  0.000130
40.938362  -0.000066
40.958362  -0.000000
40.978361  -0.000131
40.998360  -0.000066
41.018359  -0.000066
41.038358  -0.000131
41.058358  0.000130
41.078357  0.000196
41.098356  0.000130
41.118355  -0.000000
41.138354  0.000130
41.158354  -0.000000
41.178353  -0.000000
41.198352  -0.000131
41.218351  -0.000066
41.238350  0.000065
41.258350  -0.000000
41.278349  0.000130
41.298348  0.000196
41.318347  0.000065
41.338346  0.000130
41.358346  -0.000000
41.378345  0.000065
41.398344  -0.000000
41.418343  0.000196
41.438342  -0.000000
41.458342  -0.000000
41.478341  -0.000000
41.498340  -0.000131
41.518339  -0.000000
41.538338  -0.000000
41.558338  0.000065
41.578337  0.000065
41.598336  0.000065
41.618335  0.000065
41.638334  0.000196
41.658334  -0.000000
41.678333  -0.000000
41.698332  0.000130
41.718331  0.000130
41.738330  0.000065
41.758330  -0.000000
41.778329  0.000065
41.798328  0.000130
41.818327  -0.000000
41.838326  -0.000066
41.858326  -0.000131
41.878325  0.000065
41.898324  0.000196
41.918323  -0.000066
41.938322  0.000130
41.958322  -0.000000
41.978321  -0.000066
41.998320  -0.000066
42.018319  -0.000000
42.038318  -0.000066
42.058318  0.000261
42.078317  -0.000000
42.098316  -0.000000
42.118315  0.000065
42.138314  0.000065
42.158314  0.000065
42.178313  0.000065
42.198312  -0.000066
42.218311  -0.000066
42.238310  0.000065
42.258310  -0.000000
42.278309  0.000065
42.298308  0.000130
42.318307  -0.000000
42.338306  -0.000000
42.358306  -0.000131
42.378305  0.000065
42.398304  0.000130
42.418303  -0.000066
42.438302  -0.000000
42.458302  0.000065
42.478301  0.000065
42.498300  0.000130
42.518299  -0.000066
42.538298  0.000065
42.558298  0.000065
42.578297  -0.000000
42.598296  -0.000000
42.618295  -0.000066
42.638294  0.000065
42.658294  -0.000066
42.678293  -0.000000
42.698292  0.000130
42.718291  0.000326
42.738290  -0.000131
42.758290  0.000196
42.778289  0.000261
42.798288  -0.000131
42.818287  0.000130
42.838286  0.000065
42.858286  -0.000000
42.878285  0.000065
42.898284  -0.000131
42.918283  -0.000000
42.938282  -0.000131
42.958282  0.000261
42.978281  -0.000066
42.998280  -0.000131
43.018279  0.000130
43.038278  -0.000000
43.058278  0.000130
43.078277  -0.000000
43.098276  0.000130
43.118275  -0.000066
43.138274  0.000065
43.158274  -0.000000
43.178273  -0.000066
43.198272  -0.000000
43.218271  -0.000131
43.238270  -0.000066
43.258270  -0.000066
43.278269  -0.000000
43.298268  0.000130
43.318267  0.000130
43.338266  0.000196
43.358266  -0.000131
43.378265  0.000261
43.398264  0.000130
43.418263  -0.000066
43.438262  0.000130
43.458262  0.000065
43.478261  0.000130
43.498260  0.000065
43.518259  -0.000000
43.538258  0.000065
43.558258  -0.000000
43.578257  0.000065
43.598256  -0.000131
43.618255  0.000065
43.638254  -0.000000
43.658254  -0.000000
43.678253  0.000130
43.698252  -0.000066
43.718251  -0.000000
43.738250  0.000196
43.758250  -0.000000
43.778249  0.000196
43.798248  -0.000131
43.818247  -0.000000
43.838246  -0.000131
43.858246  0.000261
43.878245  0.000065
43.898244  0.000130
43.918243  0.000065
43.938242  0.000065
43.958242  -0.000000
43.978241  -0.000066
43.998240  0.000130
44.018239  -0.000000
44.038238  -0.000000
44.058238  -0.000000
44.078237  -0.000000
44.098236  0.000130
44.118235  -0.000000
44.138234  -0.000000
44.158234  -0.000000
44.178233  -0.000066
44.198232  0.000065
44.218231  0.000130
44.238230  -0.000131
44.258230  -0.000131
44.278229  0.000130
44.298228  0.000196
44.318227  0.000196
44.338226  0.000196
44.358226  -0.000000
44.378225  -0.000000
44.398224  0.000130
44.418223  -0.000000
44.438222  -0.000066
44.458222  -0.000066
44.478221  0.000065
44.498220  -0.000131
44.518219  -0.000000
44.538218  -0.000066
44.558218  -0.000066
44.578217  -0.000000
44.598216  -0.000000
44.618215  -0.000066
44.638214  0.000065
44.658214  -0.000000
44.678213  -0.000066
44.698212  -0.000000
44.718211  0.000130
44.738210  0.000065
44.758210  -0.000000
44.778209  -0.000066
44.798208  -0.000131
44.818207  -0.000066
44.838206  -0.000000
44.858206  0.000065
44.878205  -0.000000
44.898204  0.000196
44.918203  0.000065
44.938202  0.000261
44.958202  0.000065
44.978201  0.000065
44.998200  0.000130
45.018199  0.000065
45.038198  -0.000131
45.058198  -0.000000
45.078197  0.000065
45.098196  0.000065
45.118195  0.000130
45.138194  0.000065
45.158194  0.000065
45.178193  0.000065
45.198192  0.000130
45.218191  -0.000066
45.238190  -0.000000
45.258190  0.000130
45.278189  0.000065
45.298188  -0.000000
45.318187  -0.000066
45.338186  0.000196
45.358186  0.000196
45.378185  0.000196
45.398184  0.000196
45.418183  0.000065
45.438182  -0.000066
45.458182  -0.000066
45.478181  -0.000066
45.498180  -0.000066
45.518179  0.000130
45.538178  0.000196
45.558178  0.000065
45.578177  0.000065
45.598176  0.000196
45.618175  0.000065
45.638174  -0.000000
45.658174  -0.000066
45.678173  -0.000066
45.698172  0.000065
45.718171  -0.000066
45.738170  0.000065
45.758170  0.000065
45.778169  -0.000131
45.798168  -0.000066
45.818167  -0.000131
45.838166  0.000130
45.858166  -0.000131
45.878165  -0.000000
45.898164  -0.000000
45.918163  0.000065
45.938162  0.000130
45.958162  0.000196
45.978161  0.000065
45.998160  -0.000066
46.018159  0.000065
46.038158  -0.000000
46.058158  -0.000000
46.078157  -0.000000
46.098156  0.000130
46.118155  -0.000000
46.138154  0.000196
46.158154  0.000196
46.178153  -0.000196
46.198152  -0.000000
46.218151  0.000065
46.238150  -0.000000
46.258150  0.000196
46.278149  -0.000066
46.298148  -0.000000
46.318147  0.000130
46.338146  0.000065
46.358146  -0.000066
46.378145  -0.000066
46.398144  0.000196
46.418143  0.000196
46.438142  0.000326
46.458142  -0.000066
46.478141  -0.000000
46.498140  0.000130
46.518139  0.000065
46.538138  0.000065
46.558138  0.000196
46.578137  0.000130
46.598136  -0.000000
46.618135  0.000130
46.638134  0.000065
46.658134  -0.000000
46.678133  0.000065
46.698132  0.000065
46.718131  -0.000066
46.738130  -0.000000
46.758130  0.000130
46.778129  0.000130
46.798128  -0.000000
46.818127  -0.000000
46.838126  0.000196
46.858126  0.000065
46.878125  -0.000000
46.898124  0.000065
46.918123  -0.000000
46.938122  -0.000131
46.958122  -0.000196
46.978121  -0.000066
46.998120  0.000196
47.018119  0.000130
47.038118  0.000065
47.058118  0.000196
47.078117  -0.000131
47.098116  -0.000066
47.118115  0.000130
47.138114  0.000130
47.158114  -0.000000
47.178113  -0.000066
47.198112  -0.000000
47.218111  -0.000066
47.238110  0.000065
47.258110  0.000065
47.278109  -0.000000
47.298108  -0.000066
47.318107  0.000261
47.338106  0.000261
47.358106  0.000130
47.378105  0.000065
47.398104  -0.000000
47.418103  -0.000066
47.438102  -0.000131
47.458102  0.000130
47.478101  -0.000000
47.498100  0.000130
47.518099  -0.000000
47.538098  -0.000000
47.558098  0.000130
47.578097  0.000065
47.598096  -0.000066
47.618095  0.000065
47.638094  0.000065
47.658094  0.000196
47.678093  -0.000000
47.698092  0.000196
47.718091  -0.000066
47.738090  0.000065
47.758090  0.000065
47.778089  -0.000196
47.798088  0.000130
47.818087  0.000130
47.838086  0.000196
47.858086  0.000261
47.878085  0.000065
47.898084  0.000130
47.918083  0.000065
47.938082  0.000130
47.958082  0.000065
47.978081  0.000065
47.998080  -0.000000
48.018079  -0.000000
48.038078  -0.000066
48.058078  0.000130
48.078077  -0.000000
48.098076  -0.000066
48.118075  -0.000131
48.138074  -0.000000
48.158074  0.000065
48.178073  0.000261
48.198072  0.000065
48.218071  0.000065
48.238070  -0.000000
48.258070  0.000130
48.278069  0.000196
48.298068  -0.000000
48.318067  -0.000000
48.338066  0.000065
48.358066  0.000130
48.378065  0.000196
48.398064  0.000196
48.418063  0.000261
48.438062  0.000261
48.458062  -0.000000
48.478061  -0.000000
48.498060  -0.000131
48.518059  -0.000066
48.538058  0.000130
48.558058  -0.000000
48.578057  -0.000000
48.598056  0.000261
48.618055  -0.000000
48.638054  -0.000066
48.658054  0.000261
48.678053  -0.000000
48.698052  0.000065
48.718051  -0.000000
48.738050  0.000196
48.758050  -0.000000
48.778049  -0.000131
48.798048  0.000065
48.818047  -0.000000
48.838046  0.000065
48.858046  -0.000066
48.878045  0.000065
48.898044  0.000065
48.918043  0.000065
48.938042  0.000065
48.958042  -0.000000
48.978041  0.000130
48.998040  0.000065
49.018039  -0.000066
49.038038  0.000065
49.058038  0.000065
49.078037  -0.000131
49.098036  -0.000131
49.118035  0.000130
49.138034  0.000065
49.158034  0.000130
49.178033  -0.000000
49.198032  -0.000000
49.218031  -0.000000
49.238030  -0.000066
49.258030  0.000065
49.278029  0.000130
49.298028  -0.000000
49.318027  0.000130
49.338026  0.000065
49.358026  -0.000196
49.378025  -0.000000
49.398024  -0.000066
49.418023  -0.000131
49.438022  -0.000066
49.458022  -0.000066
49.478021  0.000065
49.498020  -0.000000
49.518019  0.000130
49.538018  0.000065
49.558018  -0.000196
49.578017  -0.000066
49.598016  0.000196
49.618015  -0.000000
49.638014  0.000130
49.658014  -0.000066
49.678013  -0.000066
49.698012  0.000065
49.718011  0.000065
49.738010  0.000130
49.758010  0.000065
49.778009  -0.000000
49.798008  -0.000000
49.818007  0.000196
49.838006  0.000065
49.858006  0.000261
49.878005  0.000130
49.898004  -0.000066
49.918003  -0.000131
49.938002  0.000130
49.958002  -0.000000
49.978001  -0.000131
49.998000  -0.000066
50.017999  0.000130
50.037998  0.000065
50.057998  0.000196
50.077997  0.000130
50.097996  0.000196
50.117995  -0.000066
50.137994  -0.000000
50.157994  -0.000066
50.177993  0.000065
50.197992  0.000196
50.217991  0.000261
50.237990  0.000261
50.257990  -0.000000
50.277989  -0.000066
50.297988  -0.000000
50.317987  0.000065
50.337986  -0.000066
50.357986  0.000065
50.377985  0.000130
50.397984  0.000065
50.417983  -0.000066
50.437982  0.000065
50.457982  -0.000000
50.477981  -0.000000
50.497980  -0.000131
50.517979  0.000065
50.537978  -0.000000
50.557978  -0.000000
50.577977  -0.000066
50.597976  0.000065
50.617975  -0.000066
50.637974  -0.000000
50.657974  0.000130
50.677973  -0.000066
50.697972  -0.000196
50.717971  -0.000000
50.737970  0.000065
50.757970  0.000065
50.777969  -0.000000
50.797968  0.000065
50.817967  0.000130
50.837966  0.000065
50.857966  -0.000131
50.877965  0.000130
50.897964  0.000065
50.917963  -0.000000
50.937962  -0.000000
50.957962  -0.000000
50.977961  -0.000131
50.997960  -0.000000
51.017959  0.000130
51.037958  0.000130
51.057958  -0.000000
51.077957  -0.000000
51.097956  0.000196
51.117955  -0.000000
51.137954  0.000065
51.157954  -0.000066
51.177953  -0.000066
51.197952  0.000130
51.217951  -0.000000
51.237950  0.000130
51.257950  0.000196
51.277949  0.000065
51.297948  0.000130
51.317947  0.000065
51.337946  -0.000131
51.357946  0.000065
51.377945  -0.000000
51.397944  -0.000000
51.417943  -0.000000
51.437942  0.000261
51.457942  -0.000000
51.477941  -0.000000
51.497940  0.000065
51.517939  -0.000066
51.537938  -0.000000
51.557938  -0.000000
51.577937  -0.000066
51.597936  0.000130
51.617935  0.000065
51.637934  0.000065
51.657934  0.000261
51.677933  -0.000066
51.697932  0.000130
51.717931  -0.000000
51.737930  0.000065
51.757930  -0.000000
51.777929  -0.000131
51.797928  -0.000131
51.817927  0.000130
51.837926  -0.000066
51.857926  0.000130
51.877925  -0.000131
51.897924  -0.000196
51.917923  0.000130
51.937922  0.000130
51.957922  -0.000066
51.977921  -0.000131
51.997920  -0.000066
52.017919  0.000065
52.037918  0.000065
52.057918  -0.000066
52.077917  -0.000066
52.097916  -0.000066
52.117915  -0.000131
52.137914  -0.000000
52.157914  -0.000000
52.177913  0.000065
52.197912  -0.000066
52.217911  -0.000000
52.237910  0.000130
52.257910  0.000065
52.277909  -0.000000
52.297908  -0.000066
52.317907  -0.000066
52.337906  0.000196
52.357906  0.000065
52.377905  0.000065
52.397904  0.000065
52.417903  -0.000000
52.437902  0.000065
52.457902  -0.000000
52.477901  -0.000196
52.497900  -0.000000
52.517899  0.000130
52.537898  0.000065
52.557898  0.000130
52.577897  -0.000131
52.597896  0.000130
52.617895  0.000130
52.637894  0.000196
52.657894  0.000130
52.677893  -0.000066
52.697892  -0.000000
52.717891  -0.000000
52.737890  0.000130
52.757890  0.000065
52.777889  -0.000000
52.797888  0.000065
52.817887  -0.000066
52.837886  0.000065
52.857886  0.000065
52.877885  0.000065
52.897884  -0.000000
52.917883  -0.000000
52.937882  0.000065
52.957882  -0.000066
52.977881  -0.000000
52.997880  -0.000262
53.017879  -0.000066
53.037878  0.000130
53.057878  -0.000066
53.077877  0.000130
53.097876  -0.000000
53.117875  -0.000000
53.137874  -0.000066
53.157874  -0.000000
53.177873  -0.000000
53.197872  -0.000131
53.217871  0.000130
53.237870  0.000130
53.257870  0.000261
53.277869  0.000065
53.297868  -0.000131
53.317867  0.000130
53.337866  -0.000000
53.357866  -0.000000
53.377865  -0.000131
53.397864  -0.000000
53.417863  0.000130
53.437862  0.000196
53.457862  -0.000066
53.477861  -0.000000
53.497860  -0.000000
53.517859  -0.000000
53.537858  0.000196
53.557858  0.000196
53.577857  -0.000000
53.597856  -0.000000
53.617855  0.000196
53.637854  0.000130
53.657854  -0.000066
53.677853  -0.000066
53.697852  -0.000066
53.717851  -0.000066
53.737850  -0.000000
53.757850  -0.000066
53.777849  -0.000000
53.797848  0.000196
53.817847  -0.000000
53.837846  0.000261
53.857846  0.000065
53.877845  -0.000000
53.897844  0.000196
53.917843  0.000196
53.937842  0.000130
53.957842  0.000065
53.977841  -0.000000
53.997840  -0.000131
54.017839  0.000130
54.037838  0.000065
54.057838  0.000196
54.077837  -0.000000
54.097836  0.000065
54.117835  0.000130
54.137834  0.000130
54.157834  -0.000000
54.177833  -0.000066
54.197832  -0.000131
54.217831  -0.000000
54.237830  0.000065
54.257830  0.000130
54.277829  0.000065
54.297828  -0.000066
54.317827  0.000261
54.337826  -0.000000
54.357826  -0.000196
54.377825  -0.000066
54.397824  -0.000066
54.417823  -0.000000
54.437822  0.000130
54.457822  -0.000000
54.477821  -0.000066
54.497820  -0.000131
54.517819  -0.000000
54.537818  0.000130
54.557818  0.000065
54.577817  -0.000000
54.597816  0.000130
54.617815  -0.000000
54.637814  0.000065
54.657814  0.000196
54.677813  0.000130
54.697812  0.000261
54.717811  -0.000000
54.737810  0.000130
54.757810  -0.000066
54.777809  0.000065
54.797808  0.000196
54.817807  0.000130
54.837806  -0.000000
54.857806  -0.000066
54.877805  0.000065
54.897804  -0.000000
54.917803  -0.000000
54.937802  -0.000066
54.957802  -0.000131
54.977801  -0.000000
54.997800  0.000065
55.017799  -0.000000
55.037798  0.000065
55.057798  0.000130
55.077797  -0.000131
55.097796  -0.000066
55.117795  -0.000066
55.137794  -0.000000
55.157794  -0.000000
55.177793  -0.000000
55.197792  0.000065
55.217791  -0.000066
55.237790  -0.000000
55.257790  -0.000000
55.277789  -0.000000
55.297788  -0.000000
55.317787  0.000196
55.337786  0.000196
55.357786  -0.000066
55.377785  -0.000000
55.397784  0.000065
55.417783  -0.000066
55.437782  -0.000066
55.457782  0.000130
55.477781  0.000130
55.497780  -0.000131
55.517779  0.000065
55.537778  0.000196
55.557778  0.000130
55.577777  -0.000066
55.597776  0.000130
55.617775  0.000130
55.637774  0.000065
55.657774  0.000065
55.677773  0.000065
55.697772  -0.000000
55.717771  -0.000000
55.737770  -0.000000
55.757770  -0.000000
55.777769  -0.000196
55.797768  0.000065
55.817767  -0.000066
55.837766  -0.000131
55.857766  0.000130
55.877765  -0.000066
55.897764  -0.000000
55.917763  -0.000000
55.937762  0.000196
55.957762  -0.000066
55.977761  0.000196
55.997760  -0.000000
56.017759  0.000065
56.037758  -0.000000
56.057758  -0.000066
56.077757  -0.000066
56.097756  -0.000000
56.117755  0.000130
56.137754  -0.000066
56.157754  0.000065
56.177753  -0.000000
56.197752  -0.000000
56.217751  0.000065
56.237750  0.000065
56.257750  -0.000066
56.277749  -0.000066
56.297748  -0.000000
56.317747  0.000065
56.337746  -0.000000
56.357746  0.000130
56.377745  0.000130
56.397744  0.000130
56.417743  0.000065
56.437742  0.000261
56.457742  0.000065
56.477741  -0.000000
56.497740  -0.000066
56.517739  -0.000066
56.537738  0.000065
56.557738  -0.000131
56.577737  -0.000131
56.597736  0.000196
56.617735  0.000130
56.637734  0.000130
56.657734  -0.000000
56.677733  -0.000131
56.697732  -0.000066
56.717731  -0.000000
56.737730  -0.000066
56.757730  0.000065
56.777729  -0.000066
56.797728  -0.000000
56.817727  -0.000000
56.837726  0.000130
56.857726  -0.000066
56.877725  -0.000000
56.897724  -0.000066
56.917723  0.000065
56.937722  0.000065
56.957722  0.000196
56.977721  -0.000066
56.997720  -0.000000
57.017719  0.000196
57.037718  0.000130
57.057718  0.000196
57.077717  0.000130
57.097716  -0.000000
57.117715  0.000130
57.137714  0.000196
57.157714  -0.000000
57.177713  0.000065
57.197712  -0.000000
57.217711  -0.000000
57.237710  -0.000066
57.257710  0.000196
57.277709  0.000130
57.297708  -0.000066
57.317707  -0.000066
57.337706  0.000196
57.357706  0.000065
57.377705  0.000130
57.397704  0.000065
57.417703  -0.000000
57.437702  -0.000000
57.457702  0.000065
57.477701  0.000196
57.497700  -0.000066
57.517699  -0.000000
57.537698  -0.000066
57.557698  -0.000066
57.577697  -0.000066
57.597696  0.000196
57.617695  0.000065
57.637694  -0.000066
57.657694  -0.000066
57.677693  0.000065
57.697692  -0.000000
57.717691  0.000065
57.737690  -0.000000
57.757690  0.000130
57.777689  0.000065
57.797688  -0.000000
57.817687  -0.000131
57.837686  0.000065
57.857686  0.000130
57.877685  -0.000000
57.897684  0.000130
57.917683  0.000196
57.937682  -0.000131
57.957682  -0.000000
57.977681  -0.000066
57.997680  -0.000000
58.017679  0.000196
58.037678  -0.000000
58.057678  -0.000131
58.077677  -0.000000
58.097676  -0.000000
58.117675  0.000130
58.137674  -0.000066
58.157674  0.000065
58.177673  0.000196
58.197672  -0.000000
58.217671  0.000130
58.237670  -0.000000
58.257670  0.000196
58.277669  0.000065
58.297668  -0.000000
58.317667  -0.000131
58.337666  -0.000000
58.357666  0.000130
58.377665  -0.000000
58.397664  -0.000000
58.417663  0.000130
58.437662  0.000196
58.457662  0.000130
58.477661  -0.000066
58.497660  0.000065
58.517659  0.000261
58.537658  -0.000000
58.557658  0.000065
58.577657  0.000130
58.597656  0.000065
58.617655  0.000130
58.637654  -0.000066
58.657654  -0.000066
58.677653  0.000130
58.697652  -0.000000
58.717651  0.000065
58.737650  0.000065
58.757650  -0.000066
58.777649  0.000065
58.797648  0.000065
58.817647  0.000065
58.837646  0.000065
58.857646  0.000065
58.877645  0.000065
58.897644  -0.000000
58.917643  -0.000000
58.937642  0.000065
58.957642  0.000065
58.977641  0.000065
58.997640  -0.000131
59.017639  -0.000000
59.037638  -0.000066
59.057638  -0.000000
59.077637  0.000130
59.097636  0.000065
59.117635  0.000130
59.137634  0.000261
59.157634  0.000130
59.177633  -0.000000
59.197632  -0.000000
59.217631  -0.000066
59.237630  -0.000000
59.257630  -0.000131
59.277629  0.000130
59.297628  0.000130
59.317627  -0.000066
59.337626  -0.000196
59.357626  -0.000066
59.377625  -0.000262
59.397624  0.000065
59.417623  0.000196
59.437622  -0.000000
59.457622  0.000130
59.477621  0.000065
59.497620  0.000261
59.517619  0.000196
59.537618  0.000130
59.557618  0.000130
59.577617  -0.000000
59.597616  0.000130
59.617615  -0.000000
59.637614  -0.000000
59.657614  0.000130
59.677613  -0.000131
59.697612  0.000130
59.717611  0.000065
59.737610  -0.000066
59.757610  0.000065
59.777609  -0.000262
59.797608  -0.000262
59.817607  0.000065
59.837606  -0.000000
59.857606  -0.000131
59.877605  0.000130
59.897604  0.000130
59.917603  0.000130
59.937602  0.000130
59.957602  -0.000000
59.977601  -0.000066
59.997600  0.000261
60.017599  -0.000000
60.037598  0.000065
60.057598  0.000130
60.077597  0.000130
60.097596  -0.000066
60.117595  -0.000066
60.137594  0.000065
60.157594  -0.000131
60.177593  0.000065
60.197592  0.000065
60.217591  0.000130
60.237590  0.000065
60.257590  -0.000000
60.277589  0.000065
60.297588  0.000130
60.317587  -0.000066
60.337586  0.000196
60.357586  -0.000000
60.377585  0.000130
60.397584  0.000065
60.417583  0.000065
60.437582  0.000065
60.457582  0.000065
60.477581  -0.000000
60.497580  -0.000000
60.517579  -0.000131
60.537578  -0.000066
60.557578  0.000130
60.577577  0.000130
60.597576  -0.000066
60.617575  -0.000131
60.637574  -0.000131
60.657574  0.000196
60.677573  -0.000000
60.697572  -0.000000
60.717571  0.000196
60.737570  0.000196
60.757570  0.000130
60.777569  0.000065
60.797568  -0.000066
60.817567  -0.000066
60.837566  0.000065
60.857566  -0.000000
60.877565  -0.000066
60.897564  -0.000131
60.917563  -0.000066
60.937562  -0.000131
60.957562  -0.000000
60.977561  -0.000000
60.997560  -0.000066
61.017559  -0.000196
61.037558  -0.000066
61.057558  0.000065
61.077557  0.000130
61.097556  -0.000000
61.117555  0.000196
61.137554  0.000065
61.157554  -0.000066
61.177553  -0.000000
61.197552  -0.000000
61.217551  -0.000000
61.237550  -0.000131
61.257550  0.000065
61.277549  0.000130
61.297548  -0.000066
61.317547  -0.000000
61.337546  0.000196
61.357546  -0.000000
61.377545  -0.000066
61.397544  -0.000066
61.417543  -0.000196
61.437542  0.000196
61.457542  0.000261
61.477541  0.000065
61.497540  0.000065
61.517539  -0.000131
61.537538  -0.000000
61.557538  0.000130
61.577537  -0.000000
61.597536  0.000065
61.617535  -0.000000
61.637534  0.000065
61.657534  -0.000066
61.677533  -0.000066
61.697532  -0.000000
61.717531  -0.000000
61.737530  0.000065
61.757530  -0.000000
61.777529  0.000196
61.797528  -0.000066
61.817527  0.000130
61.837526  -0.000131
61.857526  -0.000066
61.877525  0.000196
61.897524  0.000065
61.917523  -0.000000
61.937522  -0.000000
61.957522  -0.000066
61.977521  0.000196
61.997520  0.000065
62.017519  0.000130
62.037518  0.000130
62.057518  0.000130
62.077517  -0.000000
62.097516  -0.000000
62.117515  0.000065
62.137514  0.000130
62.157514  -0.000066
62.177513  0.000130
62.197512  -0.000000
62.217511  -0.000131
62.237510  -0.000066
62.257510  -0.000196
62.277509  -0.000066
62.297508  -0.000066
62.317507  0.000130
62.337506  0.000130
62.357506  0.000196
62.377505  0.000065
62.397504  0.000065
62.417503  -0.000066
62.437502  -0.000000
62.457502  -0.000131
62.477501  -0.000000
62.497500  -0.000000
62.517499  -0.000000
62.537499  0.000065
62.557498  0.000130
62.577497  -0.000066
62.597496  -0.000196
62.617495  0.000065
62.637495  0.000130
62.657494  0.000196
62.677493  0.000065
62.697492  0.000065
62.717491  0.000196
62.737491  0.000130
62.757490  -0.000000
62.777489  -0.000000
62.797488  -0.000066
62.817487  -0.000066
62.837487  0.000065
62.857486  0.000065
62.877485  0.000065
62.897484  -0.000131
62.917483  -0.000131
62.937483  0.000065
62.957482  0.000065
62.977481  0.000130
62.997480  0.000065
63.017479  -0.000000
63.037479  -0.000000
63.057478  -0.000000
63.077477  -0.000000
63.097476  -0.000066
63.117475  -0.000000
63.137475  0.000130
63.157474  -0.000000
63.177473  0.000196
63.197472  -0.000066
63.217471  -0.000000
63.237471  0.000065
63.257470  0.000130
63.277469  0.000130
63.297468  -0.000066
63.317467  -0.000131
63.337467  -0.000000
63.357466  0.000065
63.377465  0.000065
63.397464  0.000196
63.417463  0.000196
63.437463  -0.000066
63.457462  0.000130
63.477461  0.000065
63.497460  -0.000262
63.517459  -0.000066
63.537459  -0.000000
63.557458  0.000196
63.577457  -0.000066
63.597456  -0.000066
63.617455  0.000130
63.637455  0.000065
63.657454  -0.000066
63.677453  0.000130
63.697452  -0.000131
63.717451  -0.000066
63.737451  0.000065
63.757450  0.000065
63.777449  0.000196
63.797448  0.000065
63.817447  -0.000000
63.837447  -0.000000
63.857446  -0.000066
63.877445  0.000065
63.897444  0.000065
63.917443  0.000130
63.937443  0.000130
63.957442  -0.000000
63.977441  0.000196
63.997440  0.000065
64.017439  0.000065
64.037439  0.000130
64.057438  -0.000000
64.077437  -0.000066
64.097436  0.000130
64.117435  0.000130
64.137435  0.000196
64.157434  -0.000131
64.177433  -0.000000
64.197432  -0.000000
64.217431  -0.000066
64.237431  0.000065
64.257430  0.000065
64.277429  0.000130
64.297428  0.000130
64.317427  -0.000000
64.337427  -0.000131
64.357426  -0.000000
64.377425  0.000196
64.397424  -0.000066
64.417423  0.000130
64.437423  -0.000000
64.457422  0.000130
64.477421  0.000196
64.497420  -0.000196
64.517419  -0.000000
64.537419  0.000130
64.557418  -0.000000
64.577417  -0.000000
64.597416  -0.000000
64.617415  -0.000066
64.637415  0.000065
64.657414  -0.000066
64.677413  -0.000000
64.697412  0.000130
64.717411  0.000065
64.737411  -0.000000
64.757410  0.000065
64.777409  -0.000000
64.797408  0.000196
64.817407  -0.000066
64.837407  -0.000000
64.857406  0.000130
64.877405  0.000065
64.897404  -0.000000
64.917403  0.000065
64.937403  -0.000000
64.957402  -0.000131
64.977401  0.000065
64.997400  -0.000066
65.017399  0.000130
65.037399  0.000196
65.057398  0.000196
65.077397  -0.000000
65.097396  -0.000131
65.117395  0.000065
65.137395  -0.000066
65.157394  0.000065
65.177393  -0.000000
65.197392  -0.000000
65.217391  -0.000131
65.237391  -0.000066
65.257390  -0.000000
65.277389  -0.000000
65.297388  0.000130
65.317387  0.000130
65.337387  -0.000000
65.357386  0.000196
65.377385  -0.000000
65.397384  0.000065
65.417383  -0.000131
65.437383  0.000065
65.457382  -0.000131
65.477381  0.000130
65.497380  0.000130
65.517379  0.000130
65.537379  0.000065
65.557378  -0.000000
65.577377  -0.000000
65.597376  0.000130
65.617375  -0.000000
65.637375  -0.000000
65.657374  -0.000000
65.677373  0.000130
65.697372  0.000261
65.717371  -0.000066
65.737371  -0.000066
65.757370  -0.000000
65.777369  -0.000131
65.797368  -0.000196
65.817367  -0.000066
65.837367  -0.000000
65.857366  0.000261
65.877365  -0.000000
65.897364  -0.000066
65.917363  -0.000131
65.937363  0.000065
65.957362  -0.000066
65.977361  0.000065
65.997360  -0.000066
66.017359  0.000261
66.037359  0.000065
66.057358  0.000065
66.077357  -0.000000
66.097356  -0.000066
66.117355  -0.000000
66.137355  -0.000000
66.157354  -0.000000
66.177353  0.000130
66.197352  -0.000000
66.217351  -0.000066
66.237351  -0.000131
66.257350  0.000130
66.277349  0.000130
66.297348  -0.000000
66.317347  -0.000000
66.337347  0.000065
66.357346  -0.000000
66.377345  0.000130
66.397344  -0.000131
66.417343  -0.000000
66.437343  -0.000066
66.457342  -0.000000
66.477341  -0.000196
66.497340  0.000065
66.517339  0.000065
66.537339  -0.000066
66.557338  0.000130
66.577337  -0.000000
66.597336  0.000326
66.617335  0.000065
66.637335  -0.000066
66.657334  -0.000066
66.677333  0.000065
66.697332  -0.000000
66.717331  -0.000000
66.737331  0.000065
66.757330  -0.000000
66.777329  0.000261
66.797328  -0.000000
66.817327  -0.000066
66.837327  0.000065
66.857326  0.000130
66.877325  -0.000131
66.897324  0.000196
66.917323  -0.000000
66.937323  -0.000000
66.957322  0.000065
66.977321  -0.000066
66.997320  0.000130
67.017319  -0.000000
67.037319  0.000065
67.057318  0.000261
67.077317  -0.000131
67.097316  0.000065
67.117315  0.000261
67.137315  -0.000000
67.157314  -0.000000
67.177313  0.000065
67.197312  -0.000131
67.217311  -0.000000
67.237311  -0.000000
67.257310  -0.000131
67.277309  0.000261
67.297308  0.000130
67.317307  -0.000000
67.337307  0.000065
67.357306  -0.000066
67.377305  -0.000131
67.397304  0.000130
67.417303  -0.000131
67.437303  0.000130
67.457302  -0.000000
67.477301  -0.000000
67.497300  0.000130
67.517299  -0.000000
67.537299  0.000130
67.557298  -0.000066
67.577297  -0.000131
67.597296  0.000065
67.617295  -0.000131
67.637295  -0.000000
67.657294  -0.000000
67.677293  0.000130
67.697292  -0.000000
67.717291  -0.000262
67.737291  -0.000066
67.757290  0.000196
67.777289  -0.000131
67.797288  -0.000066
67.817287  -0.000000
67.837287  0.000130
67.857286  0.000065
67.877285  -0.000000
67.897284  -0.000000
67.917283  -0.000000
67.937283  0.000065
67.957282  0.000065
67.977281  -0.000131
67.997280  0.000065
68.017279  -0.000000
68.037279  0.000261
68.057278  0.000065
68.077277  -0.000066
68.097276  -0.000066
68.117275  -0.000066
68.137275  0.000065
68.157274  -0.000066
68.177273  0.000065
68.197272  -0.000066
68.217271  0.000130
68.237271  -0.000066
68.257270  0.000065
68.277269  0.000065
68.297268  0.000065
68.317267  0.000130
68.337267  -0.000066
68.357266  -0.000000
68.377265  0.000130
68.397264  0.000130
68.417263  -0.000066
68.437263  -0.000000
68.457262  -0.000000
68.477261  0.000196
68.497260  -0.000000
68.517259  -0.000000
68.537259  -0.000000
68.557258  0.000261
68.577257  0.000065
68.597256  0.000196
68.617255  0.000065
68.637255  -0.000131
68.657254  -0.000066
68.677253  0.000065
68.697252  0.000065
68.717251  0.000326
68.737251  0.000261
68.757250  0.000130
68.777249  -0.000000
68.797248  0.000261
68.817247  0.000065
68.837247  -0.000066
68.857246  -0.000000
68.877245  0.000065
68.897244  0.000261
68.917243  0.000130
68.937243  0.000065
68.957242  0.000130
68.977241  0.000065
68.997240  -0.000066
69.017239  -0.000196
69.037239  -0.000066
69.057238  0.000130
69.077237  0.000065
69.097236  -0.000000
69.117235  0.000130
69.137235  -0.000196
69.157234  0.000065
69.177233  -0.000000
69.197232  -0.000131
69.217231  0.000065
69.237231  -0.000000
69.257230  -0.000000
69.277229  0.000065
69.297228  -0.000000
69.317227  0.000130
69.337227  -0.000000
69.357226  -0.000131
69.377225  -0.000000
69.397224  -0.000000
69.417223  -0.000000
69.437223  -0.000066
69.457222  0.000065
69.477221  0.000196
69.497220  0.000065
69.517219  0.000065
69.537219  -0.000066
69.557218  0.000130
69.577217  0.000130
69.597216  0.000196
69.617215  0.000326
69.637215  -0.000066
69.657214  -0.000000
69.677213  0.000065
69.697212  -0.000000
69.717211  -0.000196
69.737211  0.000065
69.757210  0.000261
69.777209  -0.000196
69.797208  0.000196
69.817207  0.000196
69.837207  -0.000066
69.857206  -0.000131
69.877205  0.000196
69.897204  -0.000000
69.917203  0.000130
69.937203  -0.000000
69.957202  -0.000066
69.977201  0.000196
69.997200  -0.000000
70.017199  0.000196
70.037199  -0.000066
70.057198  -0.000000
70.077197  0.000130
70.097196  0.000130
70.117195  0.000196
70.137195  0.000130
70.157194  0.000065
70.177193  -0.000000
70.197192  -0.000000
70.217191  0.000261
70.237191  -0.000000
70.257190  -0.000066
70.277189  -0.000066
70.297188  -0.000066
70.317187  -0.000000
70.337187  0.000130
70.357186  -0.000066
70.377185  -0.000000
70.397184  0.000130
70.417183  -0.000000
70.437183  0.000065
70.457182  0.000065
70.477181  0.000065
70.497180  -0.000000
70.517179  -0.000066
70.537179  -0.000066
70.557178  0.000065
70.577177  -0.000066
70.597176  -0.000131
70.617175  -0.000000
70.637175  -0.000000
70.657174  0.000130
70.677173  0.000130
70.697172  0.000065
70.717171  0.000130
70.737171  -0.000000
70.757170  -0.000000
70.777169  -0.000066
70.797168  -0.000000
70.817167  -0.000000
70.837167  -0.000000
70.857166  -0.000066
70.877165  -0.000000
70.897164  -0.000066
70.917163  -0.000066
70.937163  0.000130
70.957162  0.000261
70.977161  -0.000131
70.997160  0.000261
71.017159  0.000130
71.037159  0.000261
71.057158  -0.000000
71.077157  0.000261
71.097156  -0.000066
71.117155  0.000261
71.137155  0.000196
71.157154  -0.000066
71.177153  0.000130
71.197152  0.000065
71.217151  -0.000196
71.237151  -0.000066
71.257150  -0.000000
71.277149  0.000261
71.297148  0.000130
71.317147  -0.000131
71.337147  -0.000000
71.357146  0.000065
71.377145  0.000065
71.397144  0.000196
71.417143  0.000261
71.437143  0.000065
71.457142  0.000065
71.477141  -0.000131
71.497140  -0.000131
71.517139  -0.000066
71.537139  -0.000066
71.557138  0.000065
71.577137  -0.000131
71.597136  0.000065
71.617135  -0.000000
71.637135  -0.000000
71.657134  -0.000000
71.677133  0.000065
71.697132  0.000261
71.717131  0.000065
71.737131  -0.000196
71.757130  -0.000066
71.777129  -0.000000
71.797128  -0.000066
71.817127  0.000065
71.837127  -0.000131
71.857126  0.000065
71.877125  -0.000000
71.897124  0.000196
71.917123  0.000065
71.937123  0.000065
71.957122  -0.000066
71.977121  0.000261
71.997120  -0.000066
72.017119  0.000130
72.037119  0.000065
72.057118  -0.000000
72.077117  0.000130
72.097116  -0.000000
72.117115  0.000196
72.137115  0.000065
72.157114  -0.000066
72.177113  -0.000066
72.197112  0.000130
72.217111  -0.000000
72.237111  -0.000000
72.257110  -0.000066
72.277109  -0.000000
72.297108  -0.000066
72.317107  -0.000066
72.337107  -0.000000
72.357106  -0.000000
72.377105  0.000065
72.397104  -0.000196
72.417103  -0.000066
72.437103  -0.000066
72.457102  -0.000066
72.477101  -0.000066
72.497100  0.000065
72.517099  -0.000000
72.537099  0.000130
72.557098  -0.000000
72.577097  0.000196
72.597096  0.000130
72.617095  -0.000066
72.637095  -0.000066
72.657094  -0.000066
72.677093  -0.000000
72.697092  -0.000066
72.717091  0.000065
72.737091  -0.000000
72.757090  -0.000196
72.777089  -0.000000
72.797088  0.000065
72.817087  0.000065
72.837087  -0.000000
72.857086  0.000065
72.877085  0.000065
72.897084  0.000065
72.917083  -0.000000
72.937083  0.000130
72.957082  -0.000131
72.977081  0.000130
72.997080  0.000326
73.017079  0.000065
73.037079  -0.000066
73.057078  0.000065
73.077077  0.000196
73.097076  -0.000000
73.117075  -0.000066
73.137075  -0.000066
73.157074  -0.000000
73.177073  0.000130
73.197072  0.000130
73.217071  0.000065
73.237071  0.000065
73.257070  -0.000000
73.277069  0.000196
73.297068  0.000065
73.317067  -0.000066
73.337067  0.000065
73.357066  0.000065
73.377065  0.000130
73.397064  0.000130
73.417063  0.000196
73.437063  -0.000066
73.457062  -0.000131
73.477061  0.000065
73.497060  0.000196
73.517059  0.000065
73.537059  -0.000066
73.557058  0.000065
73.577057  0.000130
73.597056  -0.000000
73.617055  -0.000066
73.637055  -0.000066
73.657054  -0.000000
73.677053  0.000130
73.697052  -0.000066
73.717051  0.000065
73.737051  -0.000000
73.757050  -0.000196
73.777049  0.000065
73.797048  -0.000066
73.817047  -0.000000
73.837047  -0.000131
73.857046  -0.000000
73.877045  0.000065
73.897044  -0.000066
73.917043  0.000130
73.937043  0.000196
73.957042  -0.000066
73.977041  -0.000000
73.997040  -0.000066
74.017039  -0.000000
74.037039  -0.000131
74.057038  -0.000000
74.077037  0.000130
74.097036  -0.000000
74.117035  0.000065
74.137035  -0.000066
74.157034  0.000130
74.177033  0.000130
74.197032  0.000065
74.217031  0.000065
74.237031  -0.000000
74.257030  0.000130
74.277029  -0.000000
74.297028  0.000065
74.317027  -0.000000
74.337027  0.000065
74.357026  0.000065
74.377025  0.000065
74.397024  -0.000131
74.417023  0.000065
74.437023  0.000065
74.457022  0.000130
74.477021  0.000196
74.497020  0.000130
74.517019  -0.000066
74.537019  -0.000066
74.557018  0.000065
74.577017  0.000065
74.597016  -0.000066
74.617015  -0.000000
74.637015  0.000130
74.657014  -0.000000
74.677013  0.000196
74.697012  -0.000000
74.717011  -0.000131
74.737011  -0.000066
74.757010  -0.000066
74.777009  0.000196
74.797008  0.000065
74.817007  0.000196
74.837007  0.000065
74.857006  0.000130
74.877005  0.000130
74.897004  0.000130
74.917003  0.000130
74.937003  0.000065
74.957002  -0.000131
74.977001  -0.000000
74.997000  -0.000066
75.016999  -0.000000
75.036999  -0.000066
75.056998  0.000326
75.076997  0.000130
75.096996  -0.000066
75.116995  -0.000066
75.136995  -0.000000
75.156994  0.000130
75.176993  0.000130
75.196992  0.000130
75.216991  -0.000066
75.236991  0.000130
75.256990  -0.000066
75.276989  0.000065
75.296988  -0.000066
75.316987  0.000130
75.336987  0.000196
75.356986  -0.000000
75.376985  0.000261
75.396984  0.000130
75.416983  0.000065
75.436983  -0.000000
75.456982  0.000130
75.476981  0.000065
75.496980  0.000065
75.516979  -0.000000
75.536979  0.000065
75.556978  0.000065
75.576977  0.000130
75.596976  -0.000066
75.616975  0.000130
75.636975  -0.000000
75.656974  0.000065
75.676973  0.000065
75.696972  0.000130
75.716971  0.000196
75.736971  0.000130
75.756970  -0.000000
75.776969  0.000065
75.796968  0.000196
75.816967  0.000065
75.836967  0.000065
75.856966  -0.000000
75.876965  -0.000000
75.896964  0.000130
75.916963  -0.000000
75.936963  -0.000000
75.956962  0.000130
75.976961  -0.000066
75.996960  -0.000131
76.016959  0.000065
76.036959  -0.000000
76.056958  -0.000000
76.076957  -0.000000
76.096956  0.000065
76.116955  -0.000000
76.136955  0.000130
76.156954  0.000196
76.176953  -0.000000
76.196952  -0.000131
76.216951  -0.000131
76.236951  0.000196
76.256950  0.000130
76.276949  0.000130
76.296948  0.000130
76.316947  0.000065
76.336947  -0.000066
76.356946  -0.000066
76.376945  0.000196
76.396944  -0.000000
76.416943  -0.000066
76.436943  -0.000000
76.456942  0.000130
76.476941  0.000130
76.496940  -0.000000
76.516939  -0.000000
76.536939  -0.000066
76.556938  -0.000000
76.576937  -0.000000
76.596936  -0.000000
76.616935  -0.000000
76.636935  -0.000131
76.656934  -0.000000
76.676933  -0.000066
76.696932  -0.000066
76.716931  0.000130
76.736931  -0.000000
76.756930  0.000065
76.776929  0.000130
76.796928  -0.000000
76.816927  0.000065
76.836927  -0.000000
76.856926  -0.000000
76.876925  0.000065
76.896924  0.000065
76.916923  -0.000066
76.936923  0.000065
76.956922  0.000196
76.976921  -0.000131
76.996920  0.000065
77.016919  0.000130
77.036919  0.000130
77.056918  -0.000066
77.076917  -0.000066
77.096916  -0.000000
77.116915  0.000196
77.136915  0.000130
77.156914  -0.000000
77.176913  -0.000066
77.196912  -0.000066
77.216911  0.000065
77.236911  -0.000066
77.256910  0.000130
77.276909  0.000065
77.296908  -0.000000
77.316907  0.000130
77.336907  0.000130
77.356906  -0.000131
77.376905  -0.000000
77.396904  -0.000000
77.416903  0.000065
77.436903  0.000130
77.456902  0.000065
77.476901  -0.000000
77.496900  0.000065
77.516899  0.000261
77.536899  0.000261
77.556898  -0.000000
77.576897  -0.000066
77.596896  -0.000066
77.616895  0.000130
77.636895  -0.000066
77.656894  -0.000000
77.676893  0.000065
77.696892  0.000130
77.716891  0.000326
77.736891  -0.000000
77.756890  0.000196
77.776889  -0.000000
77.796888  -0.000131
77.816887  -0.000000
77.836887  -0.000066
77.856886  0.000065
77.876885  0.000065
77.896884  0.000065
77.916883  0.000196
77.936883  0.000065
77.956882  -0.000000
77.976881  -0.000066
77.996880  -0.000066
78.016879  -0.000000
78.036879  0.000130
78.056878  0.000130
78.076877  0.000065
78.096876  -0.000000
78.116875  -0.000000
78.136875  -0.000000
78.156874  0.000130
78.176873  0.000196
78.196872  -0.000131
78.216871  -0.000066
78.236871  -0.000000
78.256870  0.000065
78.276869  -0.000000
78.296868  -0.000000
78.316867  0.000065
78.336867  -0.000131
78.356866  0.000130
78.376865  0.000065
78.396864  -0.000066
78.416863  0.000065
78.436863  0.000196
78.456862  -0.000000
78.476861  -0.000066
78.496860  0.000065
78.516859  0.000261
78.536859  -0.000131
78.556858  -0.000066
78.576857  0.000065
78.596856  0.000065
78.616855  -0.000000
78.636855  0.000065
78.656854  -0.000000
78.676853  0.000065
78.696852  -0.000000
78.716851  -0.000000
78.736851  0.000065
78.756850  0.000130
78.776849  0.000130
78.796848  -0.000131
78.816847  -0.000131
78.836847  0.000065
78.856846  0.000130
78.876845  -0.000000
78.896844  0.000065
78.916843  0.000326
78.936843  -0.000066
78.956842  0.000261
78.976841  -0.000066
78.996840  0.000130
79.016839  0.000261
79.036839  -0.000196
79.056838  -0.000066
79.076837  0.000196
79.096836  0.000130
79.116835  -0.000000
79.136835  -0.000000
79.156834  0.000130
79.176833  0.000130
79.196832  -0.000000
79.216831  -0.000066
79.236831  -0.000066
79.256830  0.000196
79.276829  -0.000000
79.296828  0.000065
79.316827  -0.000000
79.336827  -0.000066
79.356826  -0.000066
79.376825  -0.000196
79.396824  0.000065
79.416823  0.000130
79.436823  -0.000066
79.456822  -0.000000
79.476821  0.000261
79.496820  0.000065
79.516819  0.000065
79.536819  0.000065
79.556818  0.000130
79.576817  -0.000000
79.596816  -0.000000
79.616815  0.000130
79.636815  -0.000066
79.656814  -0.000066
79.676813  -0.000000
79.696812  -0.000000
79.716811  0.000261
79.736811  -0.000066
79.756810  0.000130
79.776809  -0.000000
79.796808  0.000130
79.816807  0.000065
79.836807  0.000065
79.856806  -0.000066
79.876805  0.000065
79.896804  -0.000000
79.916803  0.000065
79.936803  -0.000000
79.956802  -0.000000
79.976801  0.000130
79.996800  0.000065
80.016799  0.000196
80.036799  -0.000066
80.056798  -0.000000
80.076797  -0.000000
80.096796  -0.000131
80.116795  -0.000000
80.136795  0.000196
80.156794  0.000130
80.176793  0.000065
80.196792  0.000065
80.216791  0.000065
80.236791  -0.000196
80.256790  -0.000000
80.276789  0.000130
80.296788  -0.000000
80.316787  -0.000000
80.336787  0.000261
80.356786  -0.000000
80.376785  -0.000000
80.396784  -0.000196
80.416783  0.000065
80.436783  -0.000066
80.456782  0.000065
80.476781  -0.000000
80.496780  0.000130
80.516779  -0.000066
80.536779  -0.000066
80.556778  -0.000066
80.576777  -0.000066
80.596776  -0.000000
80.616775  0.000065
80.636775  0.000196
80.656774  -0.000000
80.676773  -0.000066
80.696772  0.000130
80.716771  0.000130
80.736771  0.000130
80.756770  -0.000000
80.776769  -0.000066
80.796768  0.000065
80.816767  -0.000000
80.836767  -0.000000
80.856766  -0.000000
80.876765  -0.000000
80.896764  0.000130
80.916763  -0.000000
80.936763  -0.000000
80.956762  0.000065
80.976761  -0.000066
80.996760  0.000261
81.016759  -0.000000
81.036759  0.000196
81.056758  0.000065
81.076757  0.000326
81.096756  0.000065
81.116755  -0.000000
81.136755  0.000065
81.156754  -0.000066
81.176753  -0.000066
81.196752  -0.000066
81.216751  0.000196
81.236751  0.000065
81.256750  0.000065
81.276749  0.000130
81.296748  0.000065
81.316747  0.000130
81.336747  0.000065
81.356746  -0.000066
81.376745  -0.000000
81.396744  0.000130
81.416743  0.000130
81.436743  -0.000000
81.456742  -0.000000
81.476741  -0.000066
81.496740  -0.000066
81.516739  -0.000066
81.536739  -0.000000
81.556738  0.000130
81.576737  -0.000066
81.596736  0.000130
81.616735  0.000261
81.636735  0.000130
81.656734  -0.000066
81.676733  -0.000066
81.696732  -0.000000
81.716731  -0.000066
81.736731  0.000130
81.756730  -0.000066
81.776729  0.000130
81.796728  0.000065
81.816727  0.000065
81.836727  -0.000000
81.856726  -0.000000
81.876725  -0.000066
81.896724  -0.000000
81.916723  -0.000000
81.936723  -0.000131
81.956722  -0.000000
81.976721  -0.000000
81.996720  0.000065
82.016719  -0.000066
82.036719  -0.000327
82.056718  0.000130
82.076717  -0.000000
82.096716  -0.000066
82.116715  0.000261
82.136715  0.000130
82.156714  -0.000000
82.176713  0.000130
82.196712  -0.000066
82.216711  0.000065
82.236711  -0.000000
82.256710  -0.000000
82.276709  -0.000066
82.296708  0.000130
82.316707  -0.000066
82.336707  0.000065
82.356706  -0.000066
82.376705  -0.000066
82.396704  0.000130
82.416703  -0.000000
82.436703  -0.000066
82.456702  -0.000131
82.476701  -0.000000
82.496700  0.000065
82.516699  0.000261
82.536699  0.000196
82.556698  0.000130
82.576697  0.000065
82.596696  -0.000000
82.616695  -0.000000
82.636695  0.000130
82.656694  -0.000000
82.676693  -0.000000
82.696692  0.000196
82.716691  0.000130
82.736691  -0.000000
82.756690  0.000065
82.776689  0.000196
82.796688  0.000065
82.816687  -0.000000
82.836687  -0.000066
82.856686  0.000130
82.876685  -0.000000
82.896684  -0.000000
82.916683  -0.000262
82.936683  -0.000131
82.956682  -0.000066
82.976681  -0.000131
82.996680  0.000065
83.016679  0.000261
83.036679  0.000261
83.056678  -0.000000
83.076677  -0.000131
83.096676  -0.000066
83.116675  -0.000066
83.136675  0.000065
83.156674  0.000065
83.176673  -0.000066
83.196672  -0.000000
83.216671  -0.000000
83.236671  -0.000066
83.256670  -0.000000
83.276669  0.000326
83.296668  -0.000000
83.316667  -0.000000
83.336667  0.000261
83.356666  -0.000000
83.376665  -0.000000
83.396664  0.000130
83.416663  -0.000000
83.436663  -0.000066
83.456662  -0.000066
83.476661  0.000065
83.496660  0.000130
83.516659  -0.000131
83.536659  0.000065
83.556658  0.000130
83.576657  0.000261
83.596656  0.000130
83.616655  -0.000000
83.636655  -0.000000
83.656654  -0.000066
83.676653  -0.000066
83.696652  0.000130
83.716651  -0.000196
83.736651  -0.000066
83.756650  0.000130
83.776649  0.000130
83.796648  0.000130
83.816647  -0.000066
83.836647  0.000196
83.856646  0.000065
83.876645  0.000130
83.896644  0.000065
83.916643  -0.000066
83.936643  -0.000000
83.956642  -0.000000
83.976641  -0.000000
83.996640  -0.000000
84.016639  -0.000196
84.036639  -0.000196
84.056638  -0.000000
84.076637  -0.000000
84.096636  0.000261
84.116635  0.000130
84.136635  -0.000000
84.156634  -0.000066
84.176633  -0.000000
84.196632  -0.000131
84.216631  0.000065
84.236631  0.000196
84.256630  0.000196
84.276629  0.000261
84.296628  -0.000066
84.316627  0.000065
84.336627  0.000130
84.356626  0.000065
84.376625  -0.000066
84.396624  -0.000066
84.416623  -0.000131
84.436623  0.000065
84.456622  0.000130
84.476621  0.000065
84.496620  -0.000066
84.516619  -0.000066
84.536619  -0.000066
84.556618  -0.000131
84.576617  -0.000066
84.596616  0.000065
84.616615  -0.000131
84.636615  -0.000066
84.656614  0.000065
84.676613  0.000130
84.696612  0.000065
84.716611  -0.000066
84.736611  0.000065
84.756610  0.000065
84.776609  -0.000000
84.796608  0.000261
84.816607  0.000196
84.836607  0.000130
84.856606  -0.000066
84.876605  0.000130
84.896604  -0.000066
84.916603  -0.000066
84.936603  -0.000000
84.956602  -0.000196
84.976601  0.000065
84.996600  0.000196
85.016599  -0.000066
85.036599  -0.000066
85.056598  -0.000066
85.076597  -0.000000
85.096596  -0.000000
85.116595  -0.000066
85.136595  0.000130
85.156594  -0.000000
85.176593  0.000130
85.196592  -0.000000
85.216591  0.000196
85.236591  -0.000131
85.256590  -0.000066
85.276589  -0.000000
85.296588  -0.000000
85.316587  0.000065
85.336587  0.000130
85.356586  0.000065
85.376585  -0.000131
85.396584  -0.000000
85.416583  0.000196
85.436583  0.000261
85.456582  -0.000000
85.476581  -0.000066
85.496580  0.000065
85.516579  -0.000131
85.536579  0.000065
85.556578  0.000065
85.576577  0.000065
85.596576  0.000196
85.616575  -0.000131
85.636575  0.000065
85.656574  0.000065
85.676573  -0.000000
85.696572  0.000065
85.716571  0.000261
85.736571  -0.000000
85.756570  0.000261
85.776569  0.000130
85.796568  -0.000196
85.816567  -0.000000
85.836567  -0.000000
85.856566  -0.000066
85.876565  -0.000000
85.896564  -0.000066
85.916563  -0.000066
85.936563  -0.000066
85.956562  -0.000131
85.976561  -0.000000
85.996560  -0.000066
86.016559  -0.000000
86.036559  0.000065
86.056558  -0.000066
86.076557  0.000130
86.096556  -0.000000
86.116555  -0.000000
86.136555  -0.000131
86.156554  -0.000000
86.176553  0.000130
86.196552  -0.000000
86.216551  -0.000196
86.236551  -0.000000
86.256550  -0.000000
86.276549  -0.000000
86.296548  -0.000000
86.316547  -0.000000
86.336547  0.000065
86.356546  -0.000066
86.376545  -0.000131
86.396544  0.000065
86.416543  0.000065
86.436543  -0.000066
86.456542  0.000130
86.476541  0.000065
86.496540  -0.000000
86.516539  -0.000066
86.536539  -0.000000
86.556538  -0.000196
86.576537  -0.000066
86.596536  0.000130
86.616535  0.000065
86.636535  0.000065
86.656534  -0.000000
86.676533  0.000196
86.696532  -0.000131
86.716531  0.000065
86.736531  -0.000000
86.756530  -0.000066
86.776529  -0.000066
86.796528  0.000065
86.816527  -0.000000
86.836527  -0.000327
86.856526  -0.000000
86.876525  -0.000196
86.896524  0.000130
86.916523  -0.000000
86.936523  0.000130
86.956522  -0.000000
86.976521  0.000196
86.996520  0.000065
87.016519  -0.000262
87.036519  0.000130
87.056518  0.000130
87.076517  -0.000066
87.096516  0.000065
87.116515  0.000065
87.136515  0.000065
87.156514  0.000196
87.176513  0.000130
87.196512  0.000065
87.216511  0.000196
87.236511  -0.000000
87.256510  -0.000000
87.276509  0.000130
87.296508  -0.000000
87.316507  0.000196
87.336507  0.000196
87.356506  0.000065
87.376505  0.000065
87.396504  0.000261
87.416503  -0.000131
87.436503  -0.000066
87.456502  0.000130
87.476501  -0.000000
87.496500  0.000130
87.516499  -0.000000
87.536499  -0.000000
87.556498  -0.000000
87.576497  -0.000000
87.596496  -0.000066
87.616495  0.000261
87.636495  0.000130
87.656494  0.000196
87.676493  -0.000066
87.696492  0.000130
87.716491  0.000065
87.736491  -0.000066
87.756490  -0.000262
87.776489  -0.000131
87.796488  0.000065
87.816487  0.000130
87.836487  0.000130
87.856486  0.000130
87.876485  0.000261
87.896484  0.000196
87.916483  0.000130
87.936483  0.000130
87.956482  -0.000000
87.976481  -0.000066
87.996480  0.000065
88.016479  -0.000066
88.036479  0.000261
88.056478  -0.000131
88.076477  0.000065
88.096476  -0.000066
88.116475  0.000196
88.136475  0.000130
88.156474  -0.000066
88.176473  0.000326
88.196472  -0.000000
88.216471  0.000196
88.236471  0.000130
88.256470  0.000065
88.276469  0.000196
88.296468  0.000130
88.316467  0.000196
88.336467  0.000261
88.356466  0.000065
88.376465  -0.000131
88.396464  -0.000000
88.416463  0.000261
88.436463  -0.000066
88.456462  0.000196
88.476461  -0.000000
88.496460  -0.000196
88.516459  -0.000066
88.536459  -0.000066
88.556458  -0.000000
88.576457  0.000065
88.596456  0.000261
88.616455  -0.000066
88.636455  -0.000066
88.656454  -0.000000
88.676453  0.000130
88.696452  -0.000066
88.716451  0.000261
88.736451  -0.000131
88.756450  -0.000131
88.776449  0.000065
88.796448  0.000196
88.816447  0.000130
88.836447  -0.000196
88.856446  -0.000066
88.876445  0.000196
88.896444  -0.000000
88.916443  0.000130
88.936443  -0.000000
88.956442  0.000196
88.976441  -0.000066
88.996440  -0.000000
89.016439  -0.000000
89.036439  0.000130
89.056438  -0.000000
89.076437  -0.000000
89.096436  0.000196
89.116435  -0.000000
89.136435  -0.000000
89.156434  -0.000066
89.176433  -0.000000
89.196432  0.000130
89.216431  0.000196
89.236431  -0.000131
89.256430  0.000065
89.276429  -0.000000
89.296428  0.000130
89.316427  0.000065
89.336427  0.000065
89.356426  -0.000066
89.376425  0.000196
89.396424  -0.000131
89.416423  -0.000131
89.436423  -0.000000
89.456422  0.000130
89.476421  0.000065
89.496420  0.000065
89.516419  -0.000000
89.536419  -0.000066
89.556418  -0.000000
89.576417  -0.000000
89.596416  0.000130
89.616415  0.000130
89.636415  -0.000066
89.656414  -0.000066
89.676413  -0.000000
89.696412  -0.000000
89.716411  0.000196
89.736411  -0.000000
89.756410  0.000130
89.776409  0.000130
89.796408  0.000130
89.816407  -0.000066
89.836407  0.000130
89.856406  -0.000000
89.876405  0.000130
89.896404  0.000130
89.916403  -0.000066
89.936403  -0.000066
89.956402  -0.000066
89.976401  0.000130
89.996400  0.000130
90.016399  0.000130
90.036399  -0.000131
90.056398  -0.000000
90.076397  0.000065
90.096396  0.000065
90.116395  -0.000000
90.136395  0.000130
90.156394  -0.000000
90.176393  -0.000000
90.196392  0.000130
90.216391  -0.000000
90.236391  -0.000327
90.256390  0.000065
90.276389  -0.000000
90.296388  -0.000000
90.316387  -0.000000
90.336387  0.000196
90.356386  0.000196
90.376385  -0.000131
90.396384  -0.000000
90.416383  0.000130
90.436383  -0.000131
90.456382  0.000130
90.476381  -0.000000
90.496380  0.000065
90.516379  -0.000000
90.536379  -0.000000
90.556378  -0.000000
90.576377  0.000196
90.596376  -0.000066
90.616375  -0.000000
90.636375  -0.000000
90.656374  0.000130
90.676373  0.000130
90.696372  0.000130
90.716371  0.000196
90.736371  0.000065
90.756370  -0.000000
90.776369  -0.000000
90.796368  -0.000000
90.816367  -0.000131
90.836367  -0.000066
90.856366  -0.000066
90.876365  -0.000000
90.896364  0.000261
90.916363  -0.000000
90.936363  -0.000066
90.956362  -0.000066
90.976361  0.000065
90.996360  -0.000066
91.016359  -0.000000
91.036359  -0.000000
91.056358  0.000196
91.076357  -0.000066
91.096356  0.000065
91.116355  0.000065
91.136355  0.000065
91.156354  0.000065
91.176353  -0.000000
91.196352  -0.000066
91.216351  0.000130
91.236351  0.000065
91.256350  0.000196
91.276349  -0.000066
91.296348  -0.000000
91.316347  -0.000000
91.336347  -0.000066
91.356346  0.000065
91.376345  -0.000066
91.396344  0.000065
91.416343  0.000065
91.436343  -0.000066
91.456342  0.000196
91.476341  0.000130
91.496340  -0.000000
91.516339  -0.000000
91.536339  -0.000000
91.556338  0.000130
91.576337  0.000065
91.596336  -0.000000
91.616335  0.000065
91.636335  -0.000066
91.656334  0.000065
91.676333  -0.000000
91.696332  -0.000000
91.716331  0.000130
91.736331  0.000130
91.756330  0.000196
91.776329  0.000130
91.796328  0.000130
91.816327  0.000065
91.836327  0.000261
91.856326  0.000196
91.876325  -0.000196
91.896324  0.000065
91.916323  -0.000131
91.936323  0.000130
91.956322  0.000065
91.976321  0.000261
91.996320  -0.000066
92.016319  0.000065
92.036319  -0.000000
92.056318  -0.000066
92.076317  -0.000000
92.096316  -0.000066
92.116315  -0.000000
92.136315  -0.000000
92.156314  0.000065
92.176313  0.000261
92.196312  -0.000131
92.216311  -0.000000
92.236311  0.000130
92.256310  0.000065
92.276309  -0.000000
92.296308  -0.000000
92.316307  -0.000000
92.336307  -0.000066
92.356306  -0.000000
92.376305  0.000196
92.396304  -0.000066
92.416303  -0.000131
92.436303  0.000130
92.456302  0.000130
92.476301  -0.000131
92.496300  -0.000000
92.516299  -0.000066
92.536299  -0.000000
92.556298  0.000130
92.576297  -0.000000
92.596296  -0.000131
92.616295  -0.000066
92.636295  -0.000066
92.656294  0.000130
92.676293  0.000065
92.696292  -0.000131
92.716291  -0.000000
92.736291  0.000065
92.756290  0.000261
92.776289  -0.000000
92.796288  0.000065
92.816287  0.000196
92.836287  0.000130
92.856286  0.000065
92.876285  0.000196
92.896284  -0.000066
92.916283  0.000130
92.936283  0.000196
92.956282  -0.000066
92.976281  -0.000131
92.996280  -0.000131
93.016279  0.000130
93.036279  0.000130
93.056278  0.000196
93.076277  -0.000066
93.096276  -0.000066
93.116275  -0.000066
93.136275  -0.000000
93.156274  0.000326
93.176273  0.000196
93.196272  -0.000066
93.216271  -0.000000
93.236271  0.000130
93.256270  0.000130
93.276269  -0.000066
93.296268  -0.000000
93.316267  -0.000000
93.336267  -0.000196
93.356266  0.000130
93.376265  0.000065
93.396264  -0.000000
93.416263  0.000130
93.436263  0.000130
93.456262  -0.000066
93.476261  -0.000066
93.496260  -0.000000
93.516259  0.000130
93.536259  -0.000066
93.556258  0.000130
93.576257  -0.000000
93.596256  -0.000000
93.616255  -0.000000
93.636255  0.000130
93.656254  -0.000066
93.676253  -0.000000
93.696252  -0.000066
93.716251  0.000065
93.736251  0.000130
93.756250  0.000065
93.776249  0.000065
93.796248  0.000196
93.816247  0.000130
93.836247  -0.000066
93.856246  0.000196
93.876245  0.000130
93.896244  0.000065
93.916243  0.000065
93.936243  -0.000000
93.956242  0.000130
93.976241  0.000065
93.996240  -0.000000
94.016239  -0.000000
94.036239  0.000065
94.056238  0.000196
94.076237  -0.000066
94.096236  0.000065
94.116235  -0.000000
94.136235  -0.000000
94.156234  0.000130
94.176233  -0.000066
94.196232  -0.000066
94.216231  -0.000000
94.236231  0.000130
94.256230  -0.000066
94.276229  -0.000000
94.296228  0.000130
94.316227  0.000065
94.336227  0.000065
94.356226  0.000065
94.376225  0.000130
94.396224  -0.000066
94.416223  0.000196
94.436223  0.000196
94.456222  -0.000066
94.476221  -0.000131
94.496220  -0.000000
94.516219  -0.000000
94.536219  0.000196
94.556218  -0.000000
94.576217  -0.000066
94.596216  0.000065
94.616215  -0.000066
94.636215  -0.000000
94.656214  0.000065
94.676213  -0.000000
94.696212  -0.000000
94.716211  0.000065
94.736211  0.000065
94.756210  0.000196
94.776209  -0.000066
94.796208  -0.000000
94.816207  -0.000000
94.836207  -0.000131
94.856206  -0.000000
94.876205  0.000065
94.896204  0.000130
94.916203  -0.000000
94.936203  0.000130
94.956202  -0.000000
94.976201  0.000065
94.996200  -0.000131
95.016199  -0.000000
95.036199  -0.000000
95.056198  -0.000066
95.076197  -0.000000
95.096196  -0.000066
95.116195  -0.000000
95.136195  0.000326
95.156194  0.000130
95.176193  -0.000000
95.196192  0.000130
95.216191  0.000130
95.236191  0.000261
95.256190  0.000196
95.276189  0.000261
95.296188  0.000196
95.316187  -0.000000
95.336187  0.000196
95.356186  0.000196
95.376185  -0.000131
95.396184  -0.000000
95.416183  0.000196
95.436183  0.000130
95.456182  -0.000131
95.476181  -0.000066
95.496180  -0.000066
95.516179  -0.000000
95.536179  -0.000000
95.556178  0.000130
95.576177  -0.000000
95.596176  -0.000000
95.616175  0.000065
95.636175  -0.000000
95.656174  -0.000000
95.676173  -0.000131
95.696172  0.000065
95.716171  -0.000066
95.736171  0.000130
95.756170  0.000196
95.776169  0.000065
95.796168  0.000065
95.816167  0.000130
95.836167  0.000065
95.856166  0.000065
95.876165  0.000065
95.896164  -0.000000
95.916163  -0.000000
95.936163  0.000130
95.956162  -0.000000
95.976161  -0.000000
95.996160  -0.000131
96.016159  -0.000000
96.036159  -0.000066
96.056158  0.000130
96.076157  0.000065
96.096156  0.000261
96.116155  0.000130
96.136155  0.000130
96.156154  -0.000000
96.176153  0.000065
96.196152  0.000065
96.216151  -0.000000
96.236151  0.000065
96.256150  0.000261
96.276149  -0.000000
96.296148  -0.000131
96.316147  -0.000066
96.336147  0.000065
96.356146  -0.000000
96.376145  0.000065
96.396144  0.000065
96.416143  -0.000000
96.436143  -0.000131
96.456142  -0.000066
96.476141  -0.000131
96.496140  -0.000000
96.516139  0.000065
96.536139  -0.000196
96.556138  -0.000066
96.576137  -0.000066
96.596136  0.000130
96.616135  -0.000000
96.636135  -0.000000
96.656134  0.000130
96.676133  -0.000000
96.696132  -0.000327
96.716131  -0.000131
96.736131  0.000065
96.756130  -0.000000
96.776129  0.000130
96.796128  -0.000066
96.816127  0.000326
96.836127  -0.000131
96.856126  -0.000196
96.876125  0.000065
96.896124  0.000130
96.916123  0.000065
96.936123  0.000196
96.956122  -0.000066
96.976121  -0.000131
96.996120  0.000130
97.016119  0.000130
97.036119  0.000130
97.056118  -0.000262
97.076117  -0.000066
97.096116  0.000196
97.116115  -0.000066
97.136115  -0.000000
97.156114  -0.000000
97.176113  -0.000066
97.196112  -0.000000
97.216111  0.000065
97.236111  -0.000131
97.256110  0.000065
97.276109  -0.000131
97.296108  -0.000066
97.316107  -0.000066
97.336107  0.000065
97.356106  -0.000066
97.376105  -0.000000
97.396104  0.000261
97.416103  -0.000131
97.436103  0.000130
97.456102  -0.000131
97.476101  -0.000000
97.496100  -0.000000
97.516099  0.000261
97.536099  0.000130
97.556098  -0.000000
97.576097  -0.000066
97.596096  0.000130
97.616095  -0.000131
97.636095  -0.000000
97.656094  -0.000000
97.676093  -0.000000
97.696092  0.000130
97.716091  -0.000066
97.736091  -0.000066
97.756090  -0.000131
97.776089  -0.000066
97.796088  0.000065
97.816087  0.000065
97.836087  -0.000066
97.856086  -0.000000
97.876085  -0.000000
97.896084  0.000065
97.916083  -0.000066
97.936083  -0.000000
97.956082  -0.000196
97.976081  0.000065
97.996080  -0.000066
98.016079  -0.000000
98.036079  0.000261
98.056078  0.000065
98.076077  0.000196
98.096076  -0.000262
98.116075  -0.000066
98.136075  -0.000066
98.156074  -0.000000
98.176073  -0.000262
98.196072  0.000065
98.216071  0.000065
98.236071  0.000326
98.256070  -0.000000
98.276069  -0.000000
98.296068  0.000130
98.316067  -0.000131
98.336067  -0.000000
98.356066  0.000130
98.376065  0.000065
98.396064  0.000130
98.416063  -0.000000
98.436063  -0.000000
98.456062  -0.000131
98.476061  -0.000066
98.496060  -0.000000
98.516059  -0.000000
98.536059  0.000065
98.556058  -0.000000
98.576057  0.000065
98.596056  -0.000066
98.616055  0.000196
98.636055  0.000196
98.656054  -0.000000
98.676053  -0.000196
98.696052  -0.000066
98.716051  -0.000000
98.736051  -0.000000
98.756050  -0.000066
98.776049  -0.000000
98.796048  -0.000000
98.816047  -0.000000
98.836047  -0.000131
98.856046  -0.000000
98.876045  -0.000131
98.896044  0.000130
98.916043  -0.000066
98.936043  0.000065
98.956042  0.000065
98.976041  -0.000131
98.996040  -0.000000
99.016039  0.000130
99.036039  0.000130
99.056038  -0.000131
99.076037  -0.000131
99.096036  0.000065
99.116035  -0.000131
99.136035  0.000130
99.156034  -0.000000
99.176033  -0.000066
99.196032  -0.000066
99.216031  0.000130
99.236031  -0.000000
99.256030  -0.000066
99.276029  0.000065
99.296028  -0.000000
99.316027  -0.000000
99.336027  0.000196
99.356026  0.000130
99.376025  0.000065
99.396024  0.000261
99.416023  -0.000066
99.436023  -0.000066
99.456022  -0.000000
99.476021  0.000196
99.496020  -0.000000
99.516019  -0.000000
99.536019  -0.000000
99.556018  0.000065
99.576017  -0.000000
99.596016  0.000130
99.616015  0.000065
99.636015  -0.000066
99.656014  -0.000131
99.676013  0.000130
99.696012  -0.000000
99.716011  -0.000000
99.736011  -0.000066
99.756010  -0.000000
99.776009  0.000065
99.796008  -0.000066
99.816007  0.000065
99.836007  -0.000066
99.856006  0.000065
99.876005  0.000130
99.896004  0.000130
99.916003  -0.000000
99.936003  -0.000000
99.956002  -0.000131
99.976001  0.000065
99.996000  0.000065
100.015999  0.000065
100.035999  0.000130
100.055998  -0.000066
100.075997  -0.000000
100.095996  -0.000000
100.115995  0.000196
100.135995  -0.000000
100.155994  0.000130
100.175993  0.000130
100.195992  0.000196
100.215991  0.000065
100.235991  -0.000000
100.255990  -0.000066
100.275989  -0.000000
100.295988  -0.000000
100.315987  -0.000131
100.335987  -0.000262
100.355986  0.000326
100.375985  0.000130
100.395984  0.000130
100.415983  -0.000000
100.435983  0.000196
100.455982  0.000130
100.475981  -0.000131
100.495980  0.000130
100.515979  0.000065
100.535979  0.000261
100.555978  -0.000131
100.575977  0.000130
100.595976  0.000065
100.615975  -0.000000
100.635975  -0.000066
100.655974  0.000065
100.675973  0.000065
100.695972  -0.000066
100.715971  0.000261
100.735971  -0.000000
100.755970  -0.000000
100.775969  0.000065
100.795968  0.000130
100.815967  -0.000196
100.835967  -0.000000
100.855966  -0.000131
100.875965  -0.000131
100.895964  -0.000066
100.915963  0.000065
100.935963  0.000196
100.955962  0.000130
100.975961  0.000196
100.995960  0.000065
101.015959  0.000065
101.035959  -0.000000
101.055958  -0.000196
101.075957  -0.000131
101.095956  0.000196
101.115955  -0.000066
101.135955  -0.000066
101.155954  -0.000131
101.175953  -0.000000
101.195952  -0.000066
101.215951  -0.000000
101.235951  -0.000000
101.255950  0.000065
101.275949  0.000326
101.295948  -0.000000
101.315947  0.000065
101.335947  -0.000000
101.355946  -0.000066
101.375945  -0.000066
101.395944  -0.000000
101.415943  -0.000196
101.435943  0.000130
101.455942  0.000065
101.475941  0.000130
101.495940  -0.000196
101.515939  0.000065
101.535939  -0.000000
101.555938  -0.000000
101.575937  0.000130
101.595936  -0.000000
101.615935  0.000196
101.635935  -0.000131
101.655934  0.000130
101.675933  0.000065
101.695932  -0.000000
101.715931  -0.000066
101.735931  0.000065
101.755930  -0.000000
101.775929  0.000130
101.795928  -0.000000
101.815927  0.000196
101.835927  -0.000066
101.855926  -0.000131
101.875925  -0.000000
101.895924  -0.000000
101.915923  -0.000000
101.935923  0.000065
101.955922  0.000065
101.975921  -0.000000
101.995920  0.000261
102.015919  -0.000066
102.035919  -0.000131
102.055918  0.000065
102.075917  -0.000066
102.095916  -0.000000
102.115915  -0.000000
102.135915  -0.000000
102.155914  0.000065
102.175913  -0.000066
102.195912  0.000065
102.215911  -0.000000
102.235911  -0.000131
102.255910  -0.000066
102.275909  -0.000000
102.295908  -0.000000
102.315907  -0.000066
102.335907  0.000326
102.355906  -0.000066
102.375905  -0.000066
102.395904  0.000196
102.415903  0.000130
102.435903  0.000196
102.455902  0.000065
102.475901  -0.000066
102.495900  -0.000000
102.515899  -0.000131
102.535899  -0.000131
102.555898  0.000065
102.575897  -0.000000
102.595896  -0.000066
102.615895  0.000065
102.635895  -0.000066
102.655894  0.000065
102.675893  0.000065
102.695892  -0.000000
102.715891  0.000130
102.735891  -0.000000
102.755890  0.000196
102.775889  0.000261
102.795888  -0.000000
102.815887  -0.000066
102.835887  -0.000000
102.855886  0.000130
102.875885  0.000065
102.895884  0.000261
102.915883  -0.000000
102.935883  0.000130
102.955882  0.000065
102.975881  -0.000000
102.995880  -0.000000
103.015879  -0.000131
103.035879  0.000130
103.055878  -0.000066
103.075877  0.000196
103.095876  0.000130
103.115875  -0.000000
103.135875  -0.000000
103.155874  -0.000131
103.175873  -0.000131
103.195872  0.000065
103.215871  -0.000000
103.235871  0.000196
103.255870  0.000130
103.275869  0.000196
103.295868  -0.000066
103.315867  -0.000066
103.335867  -0.000000
103.355866  -0.000000
103.375865  0.000065
103.395864  0.000065
103.415863  0.000130
103.435863  -0.000066
103.455862  -0.000000
103.475861  0.000130
103.495860  -0.000131
103.515859  0.000130
103.535859  0.000130
103.555858  0.000065
103.575857  0.000065
103.595856  0.000065
103.615855  -0.000000
103.635855  0.000261
103.655854  0.000130
103.675853  0.000130
103.695852  -0.000066
103.715851  0.000130
103.735851  -0.000066
103.755850  -0.000066
103.775849  -0.000000
103.795848  -0.000000
103.815847  -0.000066
103.835847  0.000261
103.855846  -0.000131
103.875845  -0.000000
103.895844  0.000196
103.915843  0.000130
103.935843  0.000065
103.955842  0.000130
103.975841  0.000130
103.995840  -0.000131
104.015839  0.000065
104.035839  -0.000000
104.055838  -0.000131
104.075837  -0.000066
104.095836  -0.000066
104.115835  -0.000000
104.135835  -0.000066
104.155834  0.000261
104.175833  -0.000066
104.195832  -0.000131
104.215831  -0.000000
104.235831  0.000261
104.255830  0.000196
104.275829  0.000130
104.295828  -0.000131
104.315827  0.000065
104.335827  -0.000000
104.355826  -0.000066
104.375825  -0.000000
104.395824  0.000196
104.415823  -0.000066
104.435823  0.000130
104.455822  0.000065
104.475821  0.000196
104.495820  -0.000000
104.515819  0.000196
104.535819  -0.000000
104.555818  -0.000000
104.575817  -0.000131
104.595816  -0.000131
104.615815  -0.000000
104.635815  0.000130
104.655814  0.000130
104.675813  -0.000000
104.695812  0.000130
104.715811  0.000065
104.735811  0.000130
104.755810  0.000196
104.775809  0.000261
104.795808  -0.000066
104.815807  -0.000066
104.835807  0.000196
104.855806  0.000196
104.875805  0.000130
104.895804  0.000065
104.915803  0.000065
104.935803  0.000065
104.955802  0.000130
104.975801  -0.000000
104.995800  -0.000000
105.015799  0.000065
105.035799  -0.000000
105.055798  -0.000000
105.075797  0.000130
105.095796  -0.000131
105.115795  -0.000000
105.135795  -0.000066
105.155794  -0.000000
105.175793  -0.000000
105.195792  0.000065
105.215791  0.000130
105.235791  0.000196
105.255790  -0.000000
105.275789  0.000065
105.295788  -0.000000
105.315787  0.000065
105.335787  0.000196
105.355786  0.000196
105.375785  -0.000000
105.395784  0.000130
105.415783  -0.000262
105.435783  -0.000131
105.455782  -0.000000
105.475781  0.000065
105.495780  0.000065
105.515779  0.000130
105.535779  0.000065
105.555778  0.000130
105.575777  -0.000066
105.595776  0.000130
105.615775  -0.000000
105.635775  -0.000000
105.655774  -0.000066
105.675773  -0.000000
105.695772  -0.000000
105.715771  0.000130
105.735771  0.000065
105.755770  -0.000066
105.775769  -0.000066
105.795768  0.000065
105.815767  0.000130
105.835767  0.000065
105.855766  -0.000131
105.875765  0.000065
105.895764  0.000130
105.915763  0.000196
105.935763  0.000130
105.955762  0.000065
105.975761  0.000196
105.995760  -0.000000
106.015759  0.000196
106.035759  0.000261
106.055758  0.000065
106.075757  -0.000000
106.095756  0.000130
106.115755  -0.000000
106.135755  -0.000066
106.155754  -0.000131
106.175753  -0.000000
106.195752  0.000196
106.215751  0.000065
106.235751  0.000065
106.255750  0.000065
106.275749  0.000196
106.295748  -0.000066
106.315747  0.000130
106.335747  -0.000000
106.355746  -0.000000
106.375745  0.000065
106.395744  0.000130
106.415743  -0.000000
106.435743  0.000130
106.455742  0.000130
106.475741  0.000065
106.495740  -0.000000
106.515739  0.000196
106.535739  0.000130
106.555738  0.000196
106.575737  -0.000066
106.595736  -0.000131
106.615735  0.000065
106.635735  -0.000131
106.655734  0.000065
106.675733  -0.000131
106.695732  -0.000066
106.715731  -0.000000
106.735731  0.000065
106.755730  -0.000066
106.775729  0.000065
106.795728  0.000196
106.815727  -0.000066
106.835727  0.000130
106.855726  0.000261
106.875725  -0.000000
106.895724  0.000130
106.915723  -0.000066
106.935723  -0.000000
106.955722  -0.000066
106.975721  0.000065
106.995720  0.000065
107.015719  0.000196
107.035719  0.000130
107.055718  0.000130
107.075717  0.000130
107.095716  -0.000131
107.115715  -0.000000
107.135715  0.000130
107.155714  0.000065
107.175713  0.000130
107.195712  0.000261
107.215711  0.000130
107.235711  -0.000131
107.255710  -0.000000
107.275709  0.000130
107.295708  -0.000000
107.315707  0.000065
107.335707  0.000196
107.355706  0.000130
107.375705  -0.000000
107.395704  0.000130
107.415703  -0.000196
107.435703  -0.000000
107.455702  0.000065
107.475701  0.000196
107.495700  0.000065
107.515699  0.000065
107.535699  0.000130
107.555698  -0.000000
107.575697  -0.000196
107.595696  -0.000000
107.615695  -0.000066
107.635695  0.000065
107.655694  -0.000000
107.675693  -0.000000
107.695692  0.000196
107.715691  0.000130
107.735691  -0.000000
107.755690  -0.000000
107.775689  0.000196
107.795688  -0.000000
107.815687  0.000130
107.835687  0.000130
107.855686  0.000196
107.875685  -0.000000
107.895684  0.000065
107.915683  0.000130
107.935683  0.000261
107.955682  0.000065
107.975681  -0.000000
107.995680  -0.000066
108.015679  -0.000000
108.035679  -0.000000
108.055678  -0.000000
108.075677  0.000196
108.095676  -0.000000
108.115675  -0.000000
108.135675  -0.000000
108.155674  0.000130
108.175673  0.000196
108.195672  -0.000262
108.215671  -0.000000
108.235671  0.000065
108.255670  -0.000000
108.275669  -0.000000
108.295668  -0.000000
108.315667  0.000065
108.335667  0.000130
108.355666  0.000065
108.375665  -0.000066
108.395664  0.000130
108.415663  0.000065
108.435663  0.000065
108.455662  0.000130
108.475661  -0.000066
108.495660  -0.000066
108.515659  -0.000131
108.535659  -0.000000
108.555658  -0.000131
108.575657  0.000261
108.595656  0.000196
108.615655  0.000065
108.635655  -0.000000
108.655654  0.000130
108.675653  0.000130
108.695652  -0.000066
108.715651  0.000130
108.735651  -0.000000
108.755650  -0.000000
108.775649  -0.000000
108.795648  0.000130
108.815647  0.000326
108.835647  -0.000000
108.855646  -0.000000
108.875645  0.000130
108.895644  -0.000000
108.915643  -0.000000
108.935643  0.000196
108.955642  0.000065
108.975641  0.000130
108.995640  0.000065
109.015639  -0.000000
109.035639  -0.000066
109.055638  -0.000066
109.075637  0.000130
109.095636  -0.000066
109.115635  -0.000131
109.135635  -0.000131
109.155634  0.000196
109.175633  -0.000066
109.195632  0.000261
109.215631  -0.000000
109.235631  -0.000066
109.255630  -0.000000
109.275629  0.000065
109.295628  -0.000066
109.315627  0.000196
109.335627  0.000065
109.355626  0.000065
109.375625  -0.000066
109.395624  -0.000000
109.415623  -0.000000
109.435623  0.000065
109.455622  0.000065
109.475621  -0.000000
109.495620  0.000065
109.515619  0.000065
109.535619  0.000196
109.555618  -0.000066
109.575617  -0.000066
109.595616  -0.000000
109.615615  -0.000000
109.635615  -0.000000
109.655614  -0.000066
109.675613  0.000130
109.695612  -0.000000
109.715611  0.000130
109.735611  0.000130
109.755610  -0.000066
109.775609  -0.000131
109.795608  -0.000066
109.815607  0.000196
109.835607  0.000130
109.855606  -0.000000
109.875605  0.000130
109.895604  0.000130
109.915603  0.000130
109.935603  -0.000131
109.955602  -0.000000
109.975601  0.000196
109.995600  -0.000066
110.015599  0.000065
110.035599  -0.000000
110.055598  0.000261
110.075597  -0.000000
110.095596  0.000065
110.115595  0.000130
110.135595  0.000065
110.155594  -0.000131
110.175593  -0.000066
110.195592  0.000065
110.215591  -0.000000
110.235591  -0.000000
110.255590  -0.000000
110.275589  -0.000000
110.295588  -0.000066
110.315587  0.000065
110.335587  -0.000066
110.355586  -0.000000
110.375585  -0.000066
110.395584  0.000326
110.415583  0.000130
110.435583  0.000065
110.455582  -0.000000
110.475581  -0.000000
110.495580  -0.000000
110.515579  0.000065
110.535579  0.000065
110.555578  0.000130
110.575577  -0.000000
110.595576  -0.000196
110.615575  -0.000066
110.635575  0.000196
110.655574  -0.000066
110.675573  -0.000066
110.695572  0.000065
110.715571  -0.000066
110.735571  0.000130
110.755570  -0.000000
110.775569  0.000130
110.795568  0.000130
110.815567  0.000130
110.835567  -0.000000
110.855566  -0.000000
110.875565  0.000130
110.895564  -0.000000
110.915563  -0.000000
110.935563  0.000130
110.955562  0.000261
110.975561  -0.000000
110.995560  0.000130
111.015559  -0.000000
111.035559  0.000130
111.055558  -0.000000
111.075557  -0.000131
111.095556  -0.000000
111.115555  0.000065
111.135555  -0.000066
111.155554  0.000130
111.175553  -0.000131
111.195552  0.000130
111.215551  -0.000066
111.235551  -0.000000
111.255550  0.000065
111.275549  0.000065
111.295548  0.000065
111.315547  0.000065
111.335547  -0.000131
111.355546  -0.000131
111.375545  -0.000000
111.395544  0.000065
111.415543  0.000065
111.435543  0.000130
111.455542  0.000196
111.475541  -0.000000
111.495540  -0.000000
111.515539  0.000065
111.535539  0.000130
111.555538  -0.000000
111.575537  -0.000196
111.595536  0.000065
111.615535  -0.000066
111.635535  -0.000196
111.655534  0.000065
111.675533  0.000130
111.695532  -0.000066
111.715531  0.000326
111.735531  -0.000066
111.755530  -0.000000
111.775529  -0.000066
111.795528  0.000130
111.815527  0.000130
111.835527  -0.000000
111.855526  -0.000196
111.875525  -0.000000
111.895524  0.000130
111.915523  0.000065
111.935523  -0.000000
111.955522  -0.000066
111.975521  -0.000262
111.995520  0.000130
112.015519  -0.000066
112.035519  0.000065
112.055518  0.000065
112.075517  -0.000131
112.095516  0.000130
112.115515  -0.000066
112.135515  -0.000000
112.155514  -0.000066
112.175513  -0.000000
112.195512  0.000261
112.215511  -0.000066
112.235511  0.000130
112.255510  0.000130
112.275509  -0.000066
112.295508  -0.000131
112.315507  -0.000000
112.335507  -0.000066
112.355506  0.000130
112.375505  -0.000000
112.395504  0.000065
112.415503  -0.000066
112.435503  -0.000066
112.455502  0.000065
112.475501  0.000130
112.495500  0.000130
112.515499  0.000196
112.535499  0.000065
112.555498  -0.000066
112.575497  0.000130
112.595496  -0.000000
112.615495  0.000196
112.635495  -0.000196
112.655494  -0.000000
112.675493  0.000130
112.695492  -0.000000
112.715491  -0.000066
112.735491  -0.000066
112.755490  -0.000000
112.775489  -0.000000
112.795488  -0.000131
112.815487  0.000130
112.835487  0.000065
112.855486  -0.000000
112.875485  0.000130
112.895484  -0.000000
112.915483  0.000130
112.935483  0.000065
112.955482  -0.000000
112.975481  -0.000000
112.995480  -0.000066
113.015479  -0.000066
113.035479  0.000065
113.055478  -0.000066
113.075477  0.000065
113.095476  -0.000000
113.115475  0.000130
113.135475  -0.000000
113.155474  -0.000000
113.175473  -0.000066
113.195472  -0.000000
113.215471  -0.000000
113.235471  0.000065
113.255470  0.000065
113.275469  -0.000000
113.295468  -0.000000
113.315467  -0.000066
113.335467  -0.000000
113.355466  -0.000066
113.375465  0.000196
113.395464  0.000065
113.415463  -0.000000
113.435463  -0.000066
113.455462  -0.000131
113.475461  -0.000000
113.495460  -0.000000
113.515459  -0.000131
113.535459  -0.000131
113.555458  -0.000066
113.575457  0.000196
113.595456  -0.000000
113.615455  -0.000000
113.635455  0.000065
113.655454  0.000130
113.675453  0.000130
113.695452  0.000196
113.715451  -0.000131
113.735451  0.000065
113.755450  0.000196
113.775449  -0.000066
113.795448  0.000261
113.815447  0.000130
113.835447  -0.000066
113.855446  -0.000000
113.875445  0.000065
113.895444  0.000196
113.915443  0.000130
113.935443  -0.000066
113.955442  -0.000000
113.975441  -0.000066
113.995440  0.000130
114.015439  -0.000000
114.035439  -0.000000
114.055438  -0.000131
114.075437  -0.000066
114.095436  -0.000131
114.115435  0.000392
114.135435  0.000065
114.155434  0.000196
114.175433  -0.000000
114.195432  0.000130
114.215431  -0.000000
114.235431  0.000065
114.255430  -0.000000
114.275429  -0.000066
114.295428  0.000261
114.315427  0.000130
114.335427  0.000196
114.355426  0.000130
114.375425  0.000196
114.395424  0.000130
114.415423  -0.000131
114.435423  0.000196
114.455422  0.000065
114.475421  -0.000131
114.495420  0.000130
114.515419  -0.000066
114.535419  -0.000000
114.555418  -0.000000
114.575417  -0.000000
114.595416  -0.000131
114.615415  -0.000000
114.635415  0.000196
114.655414  0.000130
114.675413  0.000196
114.695412  -0.000066
114.715411  -0.000000
114.735411  -0.000066
114.755410  0.000130
114.775409  -0.000131
114.795408  -0.000131
114.815407  -0.000000
114.835407  0.000130
114.855406  -0.000000
114.875405  0.000196
114.895404  -0.000066
114.915403  -0.000000
114.935403  0.000065
114.955402  0.000065
114.975401  0.000065
114.995400  0.000130
115.015399  -0.000131
115.035399  0.000196
115.055398  0.000261
115.075397  -0.000131
115.095396  0.000065
115.115395  0.000196
115.135395  -0.000000
115.155394  -0.000066
115.175393  -0.000196
115.195392  -0.000000
115.215391  -0.000000
115.235391  0.000130
115.255390  0.000130
115.275389  0.000065
115.295388  -0.000066
115.315387  -0.000066
115.335387  -0.000000
115.355386  -0.000000
115.375385  0.000065
115.395384  -0.000000
115.415383  0.000130
115.435383  -0.000000
115.455382  -0.000131
115.475381  0.000196
115.495380  -0.000000
115.515379  -0.000131
115.535379  0.000130
115.555378  -0.000066
115.575377  0.000261
115.595376  -0.000000
115.615375  0.000196
115.635375  0.000065
115.655374  -0.000000
115.675373  -0.000000
115.695372  0.000130
115.715371  -0.000000
115.735371  0.000065
115.755370  0.000065
115.775369  -0.000131
115.795368  -0.000066
115.815367  -0.000000
115.835367  0.000130
115.855366  -0.000000
115.875365  0.000261
115.895364  -0.000000
115.915363  -0.000000
115.935363  0.000065
115.955362  0.000065
115.975361  0.000130
115.995360  -0.000000
116.015359  -0.000066
116.035359  0.000261
116.055358  0.000130
116.075357  -0.000000
116.095356  -0.000000
116.115355  0.000065
116.135355  0.000065
116.155354  -0.000000
116.175353  -0.000000
116.195352  -0.000000
116.215351  0.000261
116.235351  0.000065
116.255350  0.000326
116.275349  0.000130
116.295348  0.000130
116.315347  -0.000066
116.335347  -0.000066
116.355346  -0.000196
116.375345  0.000196
116.395344  -0.000000
116.415343  -0.000000
116.435343  0.000130
116.455342  0.000130
116.475341  0.000261
116.495340  -0.000000
116.515339  0.000130
116.535339  -0.000000
116.555338  0.000130
116.575337  0.000065
116.595336  -0.000066
116.615335  0.000196
116.635335  -0.000000
116.655334  0.000261
116.675333  -0.000000
116.695332  0.000065
116.715331  -0.000131
116.735331  -0.000000
116.755330  0.000130
116.775329  -0.000000
116.795328  0.000196
116.815327  0.000130
116.835327  -0.000066
116.855326  -0.000000
116.875325  0.000065
116.895324  0.000130
116.915323  -0.000131
116.935323  -0.000000
116.955322  -0.000000
116.975321  0.000196
116.995320  0.000130
117.015319  0.000130
117.035319  -0.000000
117.055318  0.000065
117.075317  0.000065
117.095316  -0.000000
117.115315  -0.000131
117.135315  -0.000196
117.155314  0.000065
117.175313  -0.000131
117.195312  0.000130
117.215311  -0.000196
117.235311  0.000196
117.255310  0.000130
117.275309  0.000130
117.295308  -0.000000
117.315307  0.000065
117.335307  -0.000131
117.355306  -0.000000
117.375305  0.000261
117.395304  0.000130
117.415303  -0.000000
117.435303  0.000130
117.455302  -0.000000
117.475301  -0.000066
117.495300  0.000065
117.515299  -0.000000
117.535299  0.000130
117.555298  0.000130
117.575297  0.000130
117.595296  0.000196
117.615295  0.000130
117.635295  0.000065
117.655294  -0.000066
117.675293  -0.000066
117.695292  -0.000131
117.715291  0.000065
117.735291  0.000130
117.755290  -0.000000
117.775289  -0.000000
117.795288  -0.000000
117.815287  0.000065
117.835287  -0.000066
117.855286  0.000130
117.875285  -0.000000
117.895284  -0.000000
117.915283  0.000130
117.935283  0.000130
117.955282  0.000065
117.975281  -0.000131
117.995280  0.000065
118.015279  -0.000131
118.035279  -0.000000
118.055278  -0.000000
118.075277  0.000065
118.095276  0.000196
118.115275  -0.000000
118.135275  0.000196
118.155274  -0.000196
118.175273  0.000065
118.195272  -0.000000
118.215271  -0.000000
118.235271  0.000196
118.255270  0.000130
118.275269  -0.000000
118.295268  -0.000131
118.315267  -0.000000
118.335267  0.000065
118.355266  0.000130
118.375265  0.000130
118.395264  -0.000000
118.415263  -0.000000
118.435263  0.000065
118.455262  0.000065
118.475261  0.000196
118.495260  -0.000000
118.515259  0.000065
118.535259  0.000196
118.555258  -0.000131
118.575257  -0.000000
118.595256  -0.000066
118.615255  0.000196
118.635255  0.000130
118.655254  0.000065
118.675253  -0.000066
118.695252  -0.000000
118.715251  -0.000066
118.735251  -0.000000
118.755250  0.000130
118.775249  0.000065
118.795248  -0.000000
118.815247  0.000130
118.835247  0.000065
118.855246  -0.000066
118.875245  -0.000000
118.895244  -0.000000
118.915243  0.000130
118.935243  -0.000000
118.955242  0.000130
118.975241  -0.000000
118.995240  -0.000000
119.015239  -0.000066
119.035239  0.000065
119.055238  -0.000000
119.075237  0.000261
119.095236  -0.000000
119.115235  0.000065
119.135235  -0.000131
119.155234  0.000196
119.175233  -0.000000
119.195232  -0.000066
119.215231  -0.000066
119.235231  0.000130
119.255230  0.000326
119.275229  -0.000066
119.295228  -0.000000
119.315227  -0.000000
119.335227  0.000065
119.355226  -0.000000
119.375225  -0.000000
119.395224  0.000130
119.415223  -0.000000
119.435223  0.000130
119.455222  -0.000000
119.475221  -0.000066
119.495220  0.000196
119.515219  0.000130
119.535219  -0.000000
119.555218  0.000130
119.575217  0.000065
119.595216  -0.000066
119.615215  -0.000000
119.635215  0.000130
119.655214  0.000130
119.675213  0.000130
119.695212  0.000130
119.715211  -0.000066
119.735211  -0.000000
119.755210  0.000130
119.775209  -0.000131
119.795208  -0.000000
119.815207  0.000196
119.835207  0.000065
119.855206  -0.000000
119.875205  -0.000000
119.895204  0.000130
119.915203  -0.000000
119.935203  0.000196
119.955202  -0.000066
119.975201  0.000065
119.995200  0.000130
120.015199  -0.000066
120.035199  0.000196
120.055198  0.000130
120.075197  -0.000000
120.095196  0.000065
120.115195  -0.000066
120.135195  0.000065
120.155194  0.000065
120.175193  -0.000000
120.195192  0.000261
120.215191  -0.000066
120.235191  0.000130
120.255190  0.000065
120.275189  -0.000000
120.295188  -0.000000
120.315187  0.000065
120.335187  -0.000066
120.355186  -0.000066
120.375185  0.000130
120.395184  0.000065
120.415183  0.000065
120.435183  0.000065
120.455182  0.000065
120.475181  -0.000000
120.495180  0.000065
120.515179  0.000130
120.535179  -0.000000
120.555178  0.000130
120.575177  0.000065
120.595176  -0.000000
120.615175  -0.000000
120.635175  0.000065
120.655174  0.000130
120.675173  -0.000131
120.695172  -0.000262
120.715171  -0.000196
120.735171  0.000065
120.755170  0.000196
120.775169  -0.000000
120.795168  -0.000000
120.815167  0.000065
120.835167  -0.000000
120.855166  -0.000000
120.875165  0.000065
120.895164  0.000130
120.915163  -0.000000
120.935163  0.000065
120.955162  0.000065
120.975161  0.000065
120.995160  -0.000000
121.015159  -0.000066
121.035159  0.000065
121.055158  0.000130
121.075157  0.000196
121.095156  0.000065
121.115155  -0.000066
121.135155  0.000130
121.155154  0.000130
121.175153  -0.000196
121.195152  0.000065
121.215151  0.000065
121.235151  0.000065
121.255150  0.000130
121.275149  -0.000000
121.295148  0.000065
121.315147  0.000130
121.335147  0.000196
121.355146  0.000130
121.375145  -0.000000
121.395144  -0.000066
121.415143  0.000130
121.435143  0.000130
121.455142  -0.000000
121.475141  0.000130
121.495140  -0.000066
121.515139  0.000130
121.535139  -0.000196
121.555138  -0.000066
121.575137  -0.000000
121.595136  -0.000066
121.615135  0.000130
121.635135  0.000130
121.655134  0.000261
121.675133  0.000065
121.695132  -0.000066
121.715131  -0.000000
121.735131  -0.000131
121.755130  -0.000066
121.775129  -0.000000
121.795128  0.000196
121.815127  -0.000000
121.835127  0.000261
121.855126  -0.000066
121.875125  -0.000066
121.895124  -0.000000
121.915123  0.000130
121.935123  -0.000131
121.955122  -0.000066
121.975121  -0.000000
121.995120  0.000065
122.015119  0.000261
122.035119  0.000196
122.055118  -0.000000
122.075117  0.000130
122.095116  -0.000066
122.115115  -0.000066
122.135115  0.000130
122.155114  -0.000000
122.175113  -0.000066
122.195112  0.000065
122.215111  0.000065
122.235111  -0.000000
122.255110  0.000065
122.275109  -0.000262
122.295108  0.000130
122.315107  -0.000066
122.335107  -0.000000
122.355106  0.000065
122.375105  0.000261
122.395104  0.000196
122.415103  0.000065
122.435103  -0.000131
122.455102  -0.000131
122.475101  0.000130
122.495100  -0.000131
122.515099  0.000065
122.535099  -0.000196
122.555098  0.000065
122.575097  -0.000000
122.595096  0.000196
122.615095  0.000065
122.635095  0.000065
122.655094  0.000130
122.675093  -0.000000
122.695092  -0.000066
122.715091  0.000130
122.735091  0.000130
122.755090  0.000261
122.775089  -0.000262
122.795088  -0.000066
122.815087  -0.000000
122.835087  -0.000196
122.855086  -0.000000
122.875085  -0.000000
122.895084  0.000261
122.915083  0.000130
122.935083  0.000196
122.955082  -0.000196
122.975081  -0.000066
122.995080  -0.000000
123.015079  -0.000000
123.035079  0.000065
123.055078  0.000130
123.075077  -0.000066
123.095076  -0.000000
123.115075  -0.000000
123.135075  -0.000000
123.155074  0.000065
123.175073  -0.000000
123.195072  0.000196
123.215071  -0.000066
123.235071  0.000130
123.255070  -0.000066
123.275069  -0.000066
123.295068  -0.000131
123.315067  -0.000131
123.335067  0.000065
123.355066  -0.000131
123.375065  -0.000000
123.395064  0.000130
123.415063  -0.000066
123.435063  -0.000000
123.455062  0.000130
123.475061  -0.000131
123.495060  0.000130
123.515059  -0.000196
123.535059  0.000065
123.555058  -0.000131
123.575057  -0.000066
123.595056  0.000065
123.615055  0.000130
123.635055  -0.000000
123.655054  -0.000000
123.675053  -0.000131
123.695052  0.000130
123.715051  -0.000000
123.735051  -0.000131
123.755050  0.000065
123.775049  0.000196
123.795048  0.000065
123.815047  -0.000000
123.835047  -0.000066
123.855046  -0.000066
123.875045  -0.000000
123.895044  0.000130
123.915043  0.000130
123.935043  -0.000131
123.955042  -0.000000
123.975041  -0.000000
123.995040  0.000196
124.015039  0.000130
124.035039  -0.000066
124.055038  0.000130
124.075037  -0.000066
124.095036  0.000130
124.115035  -0.000066
124.135035  0.000065
124.155034  -0.000000
124.175033  -0.000000
124.195032  -0.000066
124.215031  0.000196
124.235031  -0.000000
124.255030  -0.000131
124.275029  -0.000000
124.295028  -0.000000
124.315027  -0.000000
124.335027  -0.000066
124.355026  -0.000000
124.375025  0.000065
124.395024  0.000065
124.415023  -0.000066
124.435023  0.000196
124.455022  0.000130
124.475021  -0.000000
124.495020  -0.000000
124.515019  0.000065
124.535019  -0.000066
124.555018  -0.000000
124.575017  -0.000000
124.595016  0.000130
124.615015  0.000065
124.635015  0.000130
124.655014  -0.000000
124.675013  -0.000196
124.695012  -0.000000
124.715011  0.000130
124.735011  0.000130
124.755010  -0.000000
124.775009  0.000065
124.795008  -0.000000
124.815007  0.000065
124.835007  -0.000066
124.855006  0.000196
124.875005  0.000065
124.895004  -0.000000
124.915003  -0.000066
124.935003  -0.000000
124.955002  -0.000066
124.975001  0.000065
124.995000  0.000130
125.014999  0.000065
125.034999  -0.000000
125.054998  0.000196
125.074997  -0.000000
125.094996  0.000130
125.114995  -0.000000
125.134995  0.000130
125.154994  -0.000000
125.174993  0.000130
125.194992  0.000130
125.214991  -0.000066
125.234991  0.000065
125.254990  -0.000066
125.274989  0.000261
125.294988  0.000065
125.314987  -0.000131
125.334987  -0.000196
125.354986  0.000196
125.374985  0.000130
125.394984  0.000196
125.414983  -0.000000
125.434983  -0.000000
125.454982  0.000130
125.474981  -0.000000
125.494980  -0.000000
125.514979  -0.000066
125.534979  -0.000131
125.554978  -0.000066
125.574977  -0.000066
125.594976  0.000196
125.614975  0.000130
125.634975  0.000130
125.654974  -0.000000
125.674973  -0.000066
125.694972  -0.000131
125.714971  -0.000000
125.734971  0.000130
125.754970  0.000326
125.774969  0.000261
125.794968  -0.000000
125.814967  -0.000000
125.834967  -0.000066
125.854966  0.000130
125.874965  -0.000066
125.894964  0.000392
125.914963  0.000130
125.934963  -0.000000
125.954962  -0.000066
125.974961  0.000130
125.994960  -0.000131
126.014959  0.000196
126.034959  0.000065
126.054958  -0.000066
126.074957  0.000130
126.094956  0.000065
126.114955  -0.000000
126.134955  -0.000131
126.154954  0.000065
126.174953  -0.000000
126.194952  -0.000066
126.214951  -0.000066
126.234951  0.000196
126.254950  -0.000000
126.274949  0.000196
126.294948  -0.000066
126.314947  0.000196
126.334947  0.000065
126.354946  -0.000000
126.374945  0.000130
126.394944  -0.000000
126.414943  -0.000000
126.434943  0.000065
126.454942  0.000065
126.474941  -0.000066
126.494940  0.000065
126.514939  0.000130
126.534939  -0.000066
126.554938  0.000065
126.574937  0.000196
126.594936  0.000130
126.614935  0.000196
126.634935  -0.000131
126.654934  0.000065
126.674933  0.000196
126.694932  -0.000131
126.714931  -0.000066
126.734931  -0.000000
126.754930  -0.000000
126.774929  -0.000000
126.794928  0.000130
126.814927  -0.000000
126.834927  0.000130
126.854926  -0.000000
126.874925  -0.000000
126.894924  -0.000000
126.914923  0.000065
126.934923  0.000196
126.954922  -0.000000
126.974921  0.000196
126.994920  0.000261
127.014919  -0.000000
127.034919  -0.000000
127.054918  -0.000066
127.074917  -0.000066
127.094916  -0.000066
127.114915  -0.000066
127.134915  -0.000000
127.154914  0.000326
127.174913  0.000130
127.194912  -0.000066
127.214911  0.000130
127.234911  0.000130
127.254910  0.000130
127.274909  -0.000000
127.294908  0.000196
127.314907  0.000065
127.334907  0.000065
127.354906  0.000065
127.374905  0.000130
127.394904  -0.000000
127.414903  0.000130
127.434903  -0.000000
127.454902  -0.000000
127.474901  0.000130
127.494900  0.000130
127.514899  -0.000066
127.534899  -0.000000
127.554898  0.000130
127.574897  0.000130
127.594896  -0.000000
127.614895  -0.000000
127.634895  -0.000000
127.654894  -0.000066
127.674893  -0.000131
127.694892  -0.000066
127.714891  0.000196
127.734891  0.000065
127.754890  0.000130
127.774889  0.000196
127.794888  -0.000066
127.814887  0.000065
127.834887  0.000130
127.854886  -0.000000
127.874885  -0.000066
127.894884  -0.000066
127.914883  -0.000000
127.934883  -0.000131
127.954882  -0.000000
127.974881  0.000065
127.994880  -0.000000
128.014879  -0.000066
128.034879  0.000065
128.054878  0.000130
128.074877  0.000065
128.094876  -0.000000
128.114875  0.000065
128.134875  0.000065
128.154874  0.000130
128.174873  -0.000000
128.194872  -0.000066
128.214871  -0.000131
128.234871  -0.000000
128.254870  -0.000066
128.274869  0.000065
128.294868  0.000130
128.314867  -0.000000
128.334867  -0.000131
128.354866  -0.000000
128.374865  -0.000000
128.394864  -0.000000
128.414863  0.000130
128.434863  0.000130
128.454862  -0.000131
128.474861  0.000130
128.494860  0.000130
128.514859  -0.000066
128.534859  0.000261
128.554858  0.000196
128.574857  0.000065
128.594856  -0.000000
128.614855  0.000196
128.634855  -0.000000
128.654854  -0.000000
128.674853  -0.000000
128.694852  0.000130
128.714851  0.000065
128.734851  0.000130
128.754850  0.000065
128.774849  -0.000000
128.794848  -0.000000
128.814847  -0.000196
128.834847  0.000196
128.854846  -0.000131
128.874845  -0.000066
128.894844  -0.000000
128.914843  -0.000196
128.934843  0.000196
128.954842  0.000065
128.974841  0.000130
128.994840  -0.000000
129.014839  0.000196
129.034839  0.000065
129.054838  0.000065
129.074837  0.000196
129.094836  -0.000066
129.114835  0.000065
129.134835  -0.000066
129.154834  -0.000000
129.174833  0.000130
129.194832  -0.000000
129.214831  0.000196
129.234831  0.000065
129.254830  -0.000262
129.274829  0.000261
129.294828  -0.000000
129.314827  0.000196
129.334827  0.000065
129.354826  0.000130
129.374825  0.000196
129.394824  -0.000000
129.414823  -0.000000
129.434823  -0.000066
129.454822  0.000130
129.474821  0.000130
129.494820  0.000130
129.514819  0.000130
129.534819  -0.000131
129.554818  0.000130
129.574817  0.000130
129.594816  -0.000066
129.614815  -0.000066
129.634815  -0.000000
129.654814  0.000065
129.674813  0.000065
129.694812  -0.000000
129.714811  -0.000000
129.734811  -0.000000
129.754810  -0.000131
129.774809  -0.000131
129.794808  -0.000000
129.814807  -0.000196
129.834807  -0.000000
129.854806  -0.000000
129.874805  0.000065
129.894804  0.000065
129.914803  0.000065
129.934803  0.000196
129.954802  -0.000000
129.974801  0.000065
129.994800  -0.000066
130.014799  -0.000000
130.034799  -0.000066
130.054798  0.000130
130.074797  0.000065
130.094796  -0.000066
130.114795  -0.000000
130.134795  -0.000000
130.154794  -0.000262
130.174793  0.000065
130.194792  -0.000000
130.214791  0.000130
130.234791  -0.000000
130.254790  0.000065
130.274789  0.000130
130.294788  0.000130
130.314787  -0.000066
130.334787  0.000196
130.354786  0.000130
130.374785  0.000196
130.394784  -0.000066
130.414783  0.000130
130.434783  -0.000066
130.454782  -0.000066
130.474781  -0.000000
130.494780  0.000065
130.514779  -0.000196
130.534779  -0.000066
130.554778  -0.000000
130.574777  0.000196
130.594776  0.000196
130.614775  -0.000131
130.634775  -0.000066
130.654774  -0.000066
130.674773  0.000326
130.694772  0.000065
130.714771  -0.000000
130.734771  0.000065
130.754770  0.000130
130.774769  0.000065
130.794768  0.000130
130.814767  -0.000000
130.834767  -0.000000
130.854766  0.000065
130.874765  -0.000131
130.894764  0.000261
130.914763  -0.000131
130.934763  0.000065
130.954762  0.000261
130.974761  0.000130
130.994760  -0.000262
131.014759  0.000130
131.034759  -0.000000
131.054758  -0.000131
131.074757  0.000065
131.094756  0.000065
131.114755  0.000065
131.134755  -0.000000
131.154754  0.000130
131.174753  0.000065
131.194752  0.000196
131.214751  -0.000066
131.234751  -0.000000
131.254750  -0.000000
131.274749  0.000130
131.294748  -0.000000
131.314747  0.000130
131.334747  0.000130
131.354746  -0.000066
131.374745  -0.000131
131.394744  -0.000000
131.414743  -0.000000
131.434743  0.000065
131.454742  -0.000000
131.474741  0.000065
131.494740  -0.000000
131.514739  -0.000000
131.534739  -0.000000
131.554738  -0.000066
131.574737  -0.000066
131.594736  0.000065
131.614735  -0.000000
131.634735  -0.000131
131.654734  0.000065
131.674733  0.000196
131.694732  0.000065
131.714731  -0.000131
131.734731  -0.000000
131.754730  0.000130
131.774729  0.000130
131.794728  -0.000066
131.814727  0.000065
131.834727  -0.000000
131.854726  -0.000066
131.874725  -0.000000
131.894724  -0.000066
131.914723  -0.000066
131.934723  0.000065
131.954722  -0.000066
131.974721  0.000261
131.994720  -0.000000
132.014719  -0.000066
132.034719  0.000130
132.054718  -0.000000
132.074717  -0.000066
132.094716  -0.000066
132.114715  -0.000131
132.134715  0.000130
132.154714  0.000065
132.174713  -0.000131
132.194712  -0.000066
132.214711  -0.000066
132.234711  -0.000000
132.254710  0.000130
132.274709  -0.000066
132.294708  -0.000131
132.314707  -0.000066
132.334707  -0.000066
132.354706  0.000261
132.374705  0.000261
132.394704  -0.000000
132.414703  -0.000000
132.434703  0.000065
132.454702  -0.000000
132.474701  -0.000000
132.494700  -0.000131
132.514699  -0.000066
132.534699  -0.000066
132.554698  -0.000131
132.574697  0.000130
132.594696  0.000065
132.614695  -0.000196
132.634695  -0.000000
132.654694  -0.000066
132.674693  -0.000066
132.694692  0.000196
132.714691  -0.000066
132.734691  0.000065
132.754690  0.000196
132.774689  0.000130
132.794688  -0.000066
132.814687  -0.000066
132.834687  -0.000131
132.854686  0.000065
132.874685  -0.000000
132.894684  0.000130
132.914683  0.000130
132.934683  -0.000000
132.954682  -0.000000
132.974681  -0.000066
132.994680  -0.000131
133.014679  -0.000131
133.034679  -0.000131
133.054678  -0.000000
133.074677  0.000261
133.094676  0.000065
133.114675  -0.000000
133.134675  0.000130
133.154674  0.000065
133.174673  -0.000066
133.194672  -0.000066
133.214671  -0.000066
133.234671  0.000261
133.254670  0.000065
133.274669  -0.000131
133.294668  0.000261
133.314667  0.000196
133.334667  0.000196
133.354666  -0.000131
133.374665  0.000130
133.394664  0.000130
133.414663  0.000130
133.434663  0.000130
133.454662  0.000196
133.474661  0.000130
133.494660  -0.000131
133.514659  -0.000066
133.534659  -0.000000
133.554658  -0.000196
133.574657  0.000130
133.594656  0.000196
133.614655  -0.000000
133.634655  0.000130
133.654654  0.000065
133.674653  -0.000000
133.694652  -0.000066
133.714651  -0.000066
133.734651  0.000261
133.754650  0.000196
133.774649  -0.000066
133.794648  0.000065
133.814647  0.000130
133.834647  0.000196
133.854646  0.000196
133.874645  0.000065
133.894644  0.000130
133.914643  0.000065
133.934643  0.000261
133.954642  -0.000066
133.974641  -0.000000
133.994640  -0.000066
134.014639  0.000065
134.034639  0.000196
134.054638  0.000130
134.074637  0.000130
134.094636  -0.000000
134.114635  -0.000000
134.134635  0.000261
134.154634  0.000065
134.174633  -0.000000
134.194632  -0.000131
134.214631  0.000392
134.234631  0.000130
134.254630  -0.000131
134.274629  0.000196
134.294628  -0.000000
134.314627  -0.000000
134.334627  0.000261
134.354626  0.000065
134.374625  0.000130
134.394624  0.000065
134.414623  -0.000066
134.434623  0.000065
134.454622  0.000261
134.474621  -0.000066
134.494620  -0.000000
134.514619  0.000130
134.534619  0.000130
134.554618  -0.000000
134.574617  -0.000000
134.594616  -0.000066
134.614615  0.000065
134.634615  -0.000131
134.654614  -0.000000
134.674613  -0.000000
134.694612  -0.000066
134.714611  0.000065
134.734611  0.000065
134.754610  -0.000131
134.774609  0.000065
134.794608  0.000130
134.814607  0.000130
134.834607  0.000130
134.854606  -0.000066
134.874605  -0.000066
134.894604  0.000261
134.914603  -0.000131
134.934603  0.000065
134.954602  0.000130
134.974601  -0.000066
134.994600  -0.000196
135.014599  -0.000000
135.034599  0.000130
135.054598  0.000261
135.074597  0.000130
135.094596  0.000130
135.114595  0.000196
135.134595  -0.000000
135.154594  -0.000000
135.174593  0.000065
135.194592  0.000130
135.214591  -0.000066
135.234591  0.000065
135.254590  0.000196
135.274589  0.000261
135.294588  0.000065
135.314587  0.000130
135.334587  -0.000000
135.354586  -0.000066
135.374585  0.000130
135.394584  0.000326
135.414583  -0.000000
135.434583  -0.000000
135.454582  0.000065
135.474581  -0.000066
135.494580  -0.000131
135.514579  0.000196
135.534579  0.000196
135.554578  0.000130
135.574577  0.000065
135.594576  0.000065
135.614575  -0.000000
135.634575  -0.000000
135.654574  -0.000066
135.674573  0.000130
135.694572  0.000130
135.714571  0.000130
135.734571  0.000130
135.754570  -0.000066
135.774569  0.000326
135.794568  -0.000131
135.814567  0.000065
135.834567  -0.000196
135.854566  -0.000131
135.874565  -0.000131
135.894564  -0.000196
135.914563  0.000130
135.934563  0.000065
135.954562  0.000130
135.974561  0.000065
135.994560  0.000065
136.014559  -0.000000
136.034559  -0.000066
136.054558  -0.000000
136.074557  -0.000000
136.094556  0.000130
136.114555  0.000130
136.134555  -0.000000
136.154554  0.000065
136.174553  -0.000131
136.194552  -0.000196
136.214551  -0.000000
136.234551  -0.000000
136.254550  -0.000066
136.274549  0.000065
136.294548  0.000130
136.314547  -0.000131
136.334547  0.000130
136.354546  -0.000131
136.374545  -0.000000
136.394544  0.000130
136.414543  -0.000000
136.434543  0.000130
136.454542  -0.000000
136.474541  0.000261
136.494540  -0.000000
136.514539  0.000130
136.534539  -0.000000
136.554538  0.000065
136.574537  -0.000066
136.594536  -0.000000
136.614535  -0.000196
136.634535  -0.000196
136.654534  0.000130
136.674533  0.000261
136.694532  -0.000066
136.714531  0.000130
136.734531  -0.000000
136.754530  -0.000000
136.774529  0.000065
136.794528  0.000065
136.814527  0.000065
136.834527  0.000065
136.854526  0.000065
136.874525  -0.000066
136.894524  0.000130
136.914523  -0.000000
136.934523  0.000196
136.954522  -0.000066
136.974521  -0.000066
136.994520  -0.000000
137.014519  0.000065
137.034519  0.000196
137.054518  0.000065
137.074517  -0.000066
137.094516  0.000196
137.114515  -0.000000
137.134515  0.000196
137.154514  -0.000066
137.174513  0.000065
137.194512  0.000130
137.214511  0.000130
137.234511  0.000065
137.254510  0.000130
137.274509  -0.000066
137.294508  -0.000196
137.314507  0.000065
137.334507  0.000065
137.354506  -0.000066
137.374505  -0.000000
137.394504  0.000065
137.414503  -0.000131
137.434503  -0.000066
137.454502  -0.000131
137.474501  -0.000066
137.494500  -0.000000
137.514499  0.000130
137.534499  -0.000000
137.554498  0.000130
137.574497  0.000065
137.594496  -0.000066
137.614495  0.000065
137.634495  -0.000066
137.654494  -0.000000
137.674493  -0.000131
137.694492  0.000065
137.714491  0.000130
137.734491  -0.000000
137.754490  0.000261
137.774489  0.000065
137.794488  0.000065
137.814487  -0.000000
137.834487  0.000130
137.854486  -0.000000
137.874485  -0.000000
137.894484  0.000065
137.914483  0.000130
137.934483  0.000130
137.954482  0.000196
137.974481  0.000065
137.994480  -0.000000
138.014479  -0.000066
138.034479  -0.000000
138.054478  -0.000000
138.074477  0.000196
138.094476  0.000130
138.114475  0.000130
138.134475  0.000065
138.154474  0.000261
138.174473  -0.000131
138.194472  -0.000066
138.214471  -0.000000
138.234471  -0.000066
138.254470  -0.000066
138.274469  0.000130
138.294468  0.000130
138.314467  -0.000131
138.334467  -0.000066
138.354466  0.000130
138.374465  -0.000066
138.394464  -0.000131
138.414463  -0.000000
138.434463  0.000065
138.454462  -0.000131
138.474461  0.000065
138.494460  0.000196
138.514459  0.000130
138.534459  -0.000131
138.554458  -0.000196
138.574457  0.000130
138.594456  -0.000000
138.614455  -0.000000
138.634455  0.000261
138.654454  -0.000000
138.674453  -0.000066
138.694452  -0.000000
138.714451  -0.000066
138.734451  -0.000066
138.754450  0.000196
138.774449  -0.000000
138.794448  0.000130
138.814447  0.000261
138.834447  0.000130
138.854446  0.000065
138.874445  -0.000000
138.894444  0.000130
138.914443  -0.000066
138.934443  -0.000000
138.954442  -0.000196
138.974441  -0.000000
138.994440  -0.000000
139.014439  -0.000000
139.034439  -0.000000
139.054438  -0.000000
139.074437  -0.000000
139.094436  0.000130
139.114435  0.000065
139.134435  -0.000000
139.154434  0.000326
139.174433  0.000130
139.194432  -0.000000
139.214431  -0.000000
139.234431  -0.000066
139.254430  -0.000000
139.274429  -0.000000
139.294428  0.000130
139.314427  -0.000000
139.334427  0.000130
139.354426  -0.000066
139.374425  0.000130
139.394424  0.000065
139.414423  0.000326
139.434423  0.000065
139.454422  -0.000000
139.474421  -0.000000
139.494420  -0.000000
139.514419  0.000065
139.534419  0.000196
139.554418  -0.000000
139.574417  0.000065
139.594416  -0.000000
139.614415  -0.000000
139.634415  0.000065
139.654414  0.000196
139.674413  -0.000131
139.694412  -0.000066
139.714411  0.000261
139.734411  0.000196
139.754410  -0.000066
139.774409  -0.000000
139.794408  -0.000000
139.814407  -0.000000
139.834407  -0.000000
139.854406  -0.000000
139.874405  0.000196
139.894404  0.000065
139.914403  -0.000066
139.934403  0.000196
139.954402  0.000196
139.974401  -0.000000
139.994400  -0.000066
140.014399  -0.000000
140.034399  -0.000066
140.054398  -0.000000
140.074397  0.000065
140.094396  0.000065
140.114395  -0.000066
140.134395  -0.000000
140.154394  0.000130
140.174393  0.000065
140.194392  0.000065
140.214391  0.000130
140.234391  0.000261
140.254390  0.000065
140.274389  0.000130
140.294388  0.000065
140.314387  0.000196
140.334387  -0.000066
140.354386  0.000130
140.374385  0.000130
140.394384  0.000196
140.414383  -0.000066
140.434383  0.000326
140.454382  -0.000131
140.474381  0.000065
140.494380  -0.000196
140.514379  -0.000000
140.534379  0.000130
140.554378  0.000261
140.574377  0.000130
140.594376  -0.000131
140.614375  0.000130
140.634375  0.000130
140.654374  0.000130
140.674373  -0.000131
140.694372  0.000130
140.714371  0.000196
140.734371  -0.000000
140.754370  -0.000000
140.774369  -0.000000
140.794368  0.000065
140.814367  -0.000066
140.834367  -0.000196
140.854366  -0.000000
140.874365  -0.000000
140.894364  0.000065
140.914363  0.000065
140.934363  -0.000000
140.954362  -0.000131
140.974361  0.000065
140.994360  0.000196
141.014359  -0.000000
141.034359  0.000196
141.054358  -0.000000
141.074357  -0.000066
141.094356  -0.000066
141.114355  0.000261
141.134355  0.000196
141.154354  -0.000000
141.174353  -0.000000
141.194352  -0.000131
141.214351  0.000130
141.234351  -0.000066
141.254350  -0.000000
141.274349  -0.000131
141.294348  -0.000000
141.314347  -0.000000
141.334347  0.000130
141.354346  0.000065
141.374345  0.000065
141.394344  0.000130
141.414343  -0.000131
141.434343  -0.000000
141.454342  0.000130
141.474341  -0.000000
141.494340  -0.000196
141.514339  -0.000000
141.534339  0.000130
141.554338  -0.000066
141.574337  -0.000000
141.594336  0.000065
141.614335  -0.000000
141.634335  -0.000000
141.654334  -0.000000
141.674333  0.000130
141.694332  0.000130
141.714331  -0.000000
141.734331  -0.000131
141.754330  0.000261
141.774329  0.000065
141.794328  -0.000000
141.814327  -0.000000
141.834327  0.000065
141.854326  0.000065
141.874325  0.000261
141.894324  0.000196
141.914323  -0.000000
141.934323  -0.000196
141.954322  -0.000066
141.974321  0.000065
141.994320  0.000130
142.014319  0.000130
142.034319  0.000130
142.054318  -0.000000
142.074317  -0.000000
142.094316  0.000196
142.114315  -0.000131
142.134315  -0.000000
142.154314  0.000196
142.174313  0.000261
142.194312  0.000130
142.214311  0.000130
142.234311  0.000130
142.254310  -0.000066
142.274309  -0.000000
142.294308  -0.000066
142.314307  -0.000131
142.334307  -0.000000
142.354306  0.000130
142.374305  0.000130
142.394304  0.000261
142.414303  0.000065
142.434303  -0.000066
142.454302  -0.000000
142.474301  -0.000000
142.494300  0.000130
142.514299  -0.000131
142.534299  -0.000066
142.554298  -0.000066
142.574297  0.000130
142.594296  0.000065
142.614295  0.000065
142.634295  0.000065
142.654294  0.000196
142.674293  0.000130
142.694292  0.000130
142.714291  -0.000000
142.734291  0.000065
142.754290  -0.000000
142.774289  0.000130
142.794288  -0.000066
142.814287  0.000065
142.834287  -0.000000
142.854286  -0.000066
142.874285  0.000065
142.894284  0.000065
142.914283  -0.000131
142.934283  -0.000000
142.954282  0.000130
142.974281  0.000261
142.994280  -0.000000
143.014279  -0.000196
143.034279  -0.000000
143.054278  -0.000000
143.074277  0.000130
143.094276  0.000196
143.114275  0.000065
143.134275  -0.000000
143.154274  0.000130
143.174273  0.000130
143.194272  -0.000066
143.214271  -0.000066
143.234271  0.000065
143.254270  0.000196
143.274269  0.000196
143.294268  0.000196
143.314267  -0.000066
143.334267  -0.000000
143.354266  -0.000000
143.374265  -0.000131
143.394264  0.000196
143.414263  -0.000131
143.434263  0.000130
143.454262  0.000196
143.474261  0.000196
143.494260  -0.000131
143.514259  -0.000196
143.534259  0.000261
143.554258  -0.000000
143.574257  0.000130
143.594256  -0.000066
143.614255  0.000130
143.634255  -0.000000
143.654254  -0.000066
143.674253  -0.000000
143.694252  0.000130
143.714251  -0.000066
143.734251  -0.000000
143.754250  -0.000000
143.774249  0.000261
143.794248  -0.000066
143.814247  -0.000000
143.834247  0.000196
143.854246  -0.000000
143.874245  -0.000000
143.894244  0.000130
143.914243  0.000196
143.934243  -0.000000
143.954242  -0.000000
143.974241  0.000065
143.994240  -0.000000
144.014239  0.000065
144.034239  0.000065
144.054238  -0.000131
144.074237  0.000130
144.094236  -0.000000
144.114235  -0.000196
144.134235  -0.000066
144.154234  -0.000131
144.174233  -0.000066
144.194232  -0.000000
144.214231  -0.000000
144.234231  0.000130
144.254230  0.000261
144.274229  -0.000066
144.294228  -0.000000
144.314227  -0.000131
144.334227  -0.000000
144.354226  0.000130
144.374225  0.000065
144.394224  0.000065
144.414223  0.000065
144.434223  0.000130
144.454222  -0.000066
144.474221  -0.000196
144.494220  0.000065
144.514219  -0.000131
144.534219  -0.000000
144.554218  0.000130
144.574217  -0.000000
144.594216  -0.000000
144.614215  -0.000131
144.634215  -0.000196
144.654214  0.000065
144.674213  0.000196
144.694212  0.000130
144.714211  -0.000000
144.734211  0.000065
144.754210  -0.000000
144.774209  0.000065
144.794208  -0.000000
144.814207  0.000130
144.834207  -0.000000
144.854206  -0.000000
144.874205  0.000130
144.894204  0.000130
144.914203  -0.000000
144.934203  -0.000066
144.954202  0.000130
144.974201  -0.000000
144.994200  -0.000131
145.014199  -0.000066
145.034199  -0.000000
145.054198  0.000130
145.074197  0.000130
145.094196  0.000065
145.114195  -0.000000
145.134195  0.000065
145.154194  0.000130
145.174193  -0.000066
145.194192  -0.000000
145.214191  -0.000066
145.234191  -0.000196
145.254190  -0.000066
145.274189  0.000196
145.294188  -0.000066
145.314187  -0.000000
145.334187  0.000065
145.354186  -0.000131
145.374185  -0.000131
145.394184  0.000065
145.414183  0.000196
145.434183  -0.000066
145.454182  -0.000000
145.474181  0.000065
145.494180  0.000065
145.514179  -0.000131
145.534179  -0.000000
145.554178  0.000130
145.574177  -0.000066
145.594176  -0.000131
145.614175  0.000196
145.634175  -0.000131
145.654174  0.000130
145.674173  -0.000131
145.694172  -0.000196
145.714171  0.000065
145.734171  0.000130
145.754170  0.000065
145.774169  -0.000131
145.794168  0.000065
145.814167  0.000130
145.834167  -0.000000
145.854166  -0.000066
145.874165  0.000261
145.894164  -0.000000
145.914163  -0.000066
145.934163  -0.000131
145.954162  0.000261
145.974161  0.000196
145.994160  -0.000000
146.014159  -0.000066
146.034159  -0.000000
146.054158  -0.000000
146.074157  0.000065
146.094156  0.000326
146.114155  -0.000066
146.134155  0.000261
146.154154  -0.000000
146.174153  -0.000066
146.194152  -0.000196
146.214151  -0.000131
146.234151  -0.000066
146.254150  -0.000066
146.274149  0.000065
146.294148  -0.000000
146.314147  -0.000066
146.334147  -0.000000
146.354146  -0.000066
146.374145  0.000196
146.394144  -0.000000
146.414143  -0.000131
146.434143  -0.000066
146.454142  -0.000066
146.474141  0.000065
146.494140  0.000261
146.514139  -0.000000
146.534139  -0.000000
146.554138  -0.000131
146.574137  0.000065
146.594136  -0.000000
146.614135  0.000065
146.634135  0.000130
146.654134  -0.000000
146.674133  -0.000066
146.694132  0.000065
146.714131  -0.000000
146.734131  0.000065
146.754130  -0.000066
146.774129  -0.000000
146.794128  0.000196
146.814127  -0.000131
146.834127  0.000065
146.854126  0.000130
146.874125  -0.000066
146.894124  0.000196
146.914123  -0.000000
146.934123  -0.000000
146.954122  0.000065
146.974121  -0.000131
146.994120  0.000196
147.014119  -0.000000
147.034119  0.000196
147.054118  -0.000131
147.074117  0.000065
147.094116  -0.000000
147.114115  0.000065
147.134115  0.000196
147.154114  -0.000131
147.174113  -0.000000
147.194112  0.000130
147.214111  0.000065
147.234111  -0.000000
147.254110  -0.000131
147.274109  -0.000131
147.294108  -0.000000
147.314107  0.000065
147.334107  -0.000066
147.354106  -0.000000
147.374105  -0.000000
147.394104  -0.000000
147.414103  0.000261
147.434103  0.000130
147.454102  0.000130
147.474101  0.000065
147.494100  -0.000066
147.514099  -0.000131
147.534099  0.000196
147.554098  -0.000066
147.574097  -0.000000
147.594096  0.000196
147.614095  0.000130
147.634095  -0.000066
147.654094  0.000065
147.674093  -0.000066
147.694092  -0.000000
147.714091  0.000130
147.734091  0.000065
147.754090  0.000130
147.774089  0.000130
147.794088  -0.000000
147.814087  -0.000066
147.834087  -0.000000
147.854086  -0.000066
147.874085  0.000130
147.894084  0.000065
147.914083  -0.000066
147.934083  0.000065
147.954082  0.000130
147.974081  -0.000000
147.994080  -0.000196
148.014079  0.000130
148.034079  -0.000000
148.054078  -0.000196
148.074077  -0.000066
148.094076  -0.000066
148.114075  0.000130
148.134075  0.000130
148.154074  -0.000000
148.174073  -0.000000
148.194072  0.000196
148.214071  -0.000066
148.234071  -0.000066
148.254070  0.000130
148.274069  -0.000000
148.294068  -0.000000
148.314067  0.000196
148.334067  -0.000066
148.354066  -0.000000
148.374065  0.000130
148.394064  -0.000131
148.414063  0.000261
148.434063  0.000261
148.454062  0.000261
148.474061  0.000196
148.494060  0.000196
148.514059  -0.000000
148.534059  -0.000066
148.554058  -0.000066
148.574057  -0.000000
148.594056  -0.000066
148.614055  0.000130
148.634055  0.000065
148.654054  0.000065
148.674053  0.000065
148.694052  -0.000066
148.714051  0.000065
148.734051  -0.000000
148.754050  0.000065
148.774049  -0.000000
148.794048  0.000065
148.814047  -0.000000
148.834047  -0.000000
148.854046  -0.000000
148.874045  -0.000000
148.894044  -0.000066
148.914043  0.000261
148.934043  0.000392
148.954042  -0.000066
148.974041  -0.000000
148.994040  -0.000000
149.014039  0.000065
149.034039  -0.000000
149.054038  0.000130
149.074037  -0.000000
149.094036  -0.000131
149.114035  -0.000066
149.134035  -0.000066
149.154034  0.000196
149.174033  0.000196
149.194032  -0.000066
149.214031  0.000065
149.234031  -0.000066
149.254030  -0.000066
149.274029  -0.000000
149.294028  0.000261
149.314027  -0.000000
149.334027  -0.000000
149.354026  0.000196
149.374025  0.000065
149.394024  0.000130
149.414023  -0.000000
149.434023  -0.000000
149.454022  0.000130
149.474021  0.000196
149.494020  0.000065
149.514019  -0.000000
149.534019  -0.000000
149.554018  0.000065
149.574017  0.000065
149.594016  -0.000066
149.614015  -0.000066
149.634015  0.000130
149.654014  -0.000066
149.674013  -0.000000
149.694012  0.000196
149.714011  0.000065
149.734011  0.000261
149.754010  -0.000000
149.774009  -0.000000
149.794008  -0.000066
149.814007  0.000130
149.834007  -0.000066
149.854006  -0.000066
149.874005  -0.000066
149.894004  0.000130
149.914003  0.000130
149.934003  -0.000196
149.954002  0.000130
149.974001  -0.000066
149.994000  0.000130
150.013999  0.000065
150.033999  0.000326
150.053998  0.000196
150.073997  -0.000000
150.093996  0.000196
150.113995  0.000326
150.133995  -0.000066
150.153994  0.000261
150.173993  0.000130
150.193992  -0.000000
150.213991  0.000130
150.233991  -0.000066
150.253990  0.000065
150.273989  -0.000000
150.293988  0.000130
150.313987  0.000196
150.333987  -0.000000
150.353986  -0.000131
150.373985  0.000130
150.393984  -0.000000
150.413983  0.000065
150.433983  -0.000000
150.453982  0.000130
150.473981  0.000130
150.493980  0.000130
150.513979  0.000261
150.533979  0.000065
150.553978  -0.000066
150.573977  -0.000000
150.593976  -0.000000
150.613975  -0.000000
150.633975  0.000065
150.653974  0.000130
150.673973  0.000130
150.693972  -0.000066
150.713971  0.000130
150.733971  -0.000000
150.753970  -0.000196
150.773969  -0.000000
150.793968  0.000130
150.813967  0.000130
150.833967  0.000130
150.853966  0.000065
150.873965  -0.000131
150.893964  -0.000066
150.913963  0.000196
150.933963  0.000065
150.953962  0.000130
150.973961  -0.000066
150.993960  0.000130
151.013959  0.000196
151.033959  -0.000000
151.053958  0.000065
151.073957  0.000065
151.093956  -0.000000
151.113955  -0.000000
151.133955  0.000065
151.153954  0.000065
151.173953  -0.000066
151.193952  0.000196
151.213951  0.000130
151.233951  0.000065
151.253950  -0.000066
151.273949  0.000130
151.293948  0.000130
151.313947  0.000065
151.333947  0.000130
151.353946  0.000130
151.373945  -0.000066
151.393944  -0.000000
151.413943  0.000130
151.433943  -0.000000
151.453942  -0.000000
151.473941  0.000196
151.493940  0.000130
151.513939  0.000065
151.533939  0.000130
151.553938  0.000130
151.573937  -0.000000
151.593936  0.000065
151.613935  -0.000000
151.633935  -0.000000
151.653934  0.000065
151.673933  0.000130
151.693932  0.000130
151.713931  -0.000000
151.733931  -0.000000
151.753930  -0.000131
151.773929  -0.000066
151.793928  -0.000000
151.813927  0.000130
151.833927  -0.000066
151.853926  -0.000066
151.873925  0.000261
151.893924  -0.000066
151.913923  0.000130
151.933923  -0.000262
151.953922  -0.000066
151.973921  -0.000000
151.993920  -0.000066
152.013919  -0.000066
152.033919  0.000130
152.053918  0.000065
152.073917  -0.000066
152.093916  -0.000000
152.113915  0.000196
152.133915  -0.000000
152.153914  -0.000131
152.173913  0.000065
152.193912  0.000065
152.213911  0.000065
152.233911  0.000130
152.253910  -0.000000
152.273909  -0.000066
152.293908  -0.000131
152.313907  0.000065
152.333907  0.000065
152.353906  -0.000196
152.373905  -0.000000
152.393904  0.000196
152.413903  0.000130
152.433903  -0.000066
152.453902  0.000065
152.473901  -0.000000
152.493900  -0.000000
152.513899  0.000065
152.533899  0.000065
152.553898  -0.000000
152.573897  -0.000000
152.593896  -0.000000
152.613895  -0.000000
152.633895  -0.000000
152.653894  -0.000131
152.673893  -0.000131
152.693892  -0.000000
152.713891  -0.000066
152.733891  0.000130
152.753890  -0.000000
152.773889  0.000065
152.793888  0.000196
152.813887  -0.000000
152.833887  -0.000066
152.853886  0.000196
152.873885  0.000196
152.893884  -0.000066
152.913883  0.000065
152.933883  -0.000066
152.953882  -0.000000
152.973881  -0.000066
152.993880  0.000065
153.013879  0.000196
153.033879  0.000130
153.053878  -0.000131
153.073877  -0.000066
153.093876  -0.000066
153.113875  0.000065
153.133875  -0.000000
153.153874  -0.000000
153.173873  -0.000000
153.193872  -0.000000
153.213871  -0.000000
153.233871  -0.000000
153.253870  -0.000131
153.273869  0.000065
153.293868  0.000261
153.313867  -0.000000
153.333867  -0.000000
153.353866  0.000130
153.373865  -0.000131
153.393864  -0.000000
153.413863  -0.000131
153.433863  0.000130
153.453862  -0.000000
153.473861  -0.000000
153.493860  -0.000066
153.513859  -0.000000
153.533859  0.000065
153.553858  0.000130
153.573857  -0.000131
153.593856  0.000065
153.613855  0.000065
153.633855  0.000065
153.653854  -0.000000
153.673853  0.000130
153.693852  0.000130
153.713851  0.000065
153.733851  -0.000066
153.753850  0.000065
153.773849  -0.000000
153.793848  0.000065
153.813847  0.000130
153.833847  0.000130
153.853846  0.000196
153.873845  0.000196
153.893844  0.000261
153.913843  -0.000066
153.933843  -0.000066
153.953842  0.000065
153.973841  -0.000000
153.993840  -0.000000
154.013839  0.000196
154.033839  0.000065
154.053838  -0.000131
154.073837  -0.000000
154.093836  0.000065
154.113835  0.000065
154.133835  -0.000066
154.153834  -0.000000
154.173833  -0.000262
154.193832  -0.000000
154.213831  0.000196
154.233831  -0.000066
154.253830  -0.000000
154.273829  -0.000000
154.293828  -0.000000
154.313827  0.000261
154.333827  -0.000066
154.353826  -0.000000
154.373825  -0.000000
154.393824  -0.000000
154.413823  -0.000066
154.433823  0.000196
154.453822  0.000065
154.473821  -0.000066
154.493820  0.000130
154.513819  0.000130
154.533819  -0.000066
154.553818  -0.000131
154.573817  0.000130
154.593816  0.000130
154.613815  -0.000000
154.633815  -0.000000
154.653814  0.000326
154.673813  0.000065
154.693812  -0.000066
154.713811  -0.000000
154.733811  -0.000000
154.753810  -0.000131
154.773809  -0.000000
154.793808  0.000130
154.813807  0.000130
154.833807  -0.000131
154.853806  0.000130
154.873805  0.000065
154.893804  -0.000066
154.913803  0.000392
154.933803  0.000130
154.953802  -0.000000
154.973801  -0.000066
154.993800  -0.000066
155.013799  -0.000066
155.033799  -0.000000
155.053798  -0.000000
155.073797  -0.000000
155.093796  0.000196
155.113795  -0.000000
155.133795  0.000130
155.153794  -0.000000
155.173793  0.000130
155.193792  -0.000066
155.213791  0.000130
155.233791  -0.000000
155.253790  -0.000000
155.273789  0.000065
155.293788  0.000065
155.313787  -0.000066
155.333787  -0.000000
155.353786  -0.000000
155.373785  -0.000066
155.393784  -0.000066
155.413783  0.000130
155.433783  0.000130
155.453782  0.000261
155.473781  -0.000000
155.493780  0.000130
155.513779  0.000261
155.533779  -0.000000
155.553778  -0.000066
155.573777  0.000130
155.593776  -0.000000
155.613775  -0.000000
155.633775  -0.000000
155.653774  0.000065
155.673773  -0.000066
155.693772  -0.000000
155.713771  0.000130
155.733771  -0.000000
155.753770  -0.000196
155.773769  -0.000066
155.793768  0.000130
155.813767  0.000130
155.833767  -0.000066
155.853766  0.000130
155.873765  -0.000066
155.893764  -0.000066
155.913763  0.000065
155.933763  0.000065
155.953762  0.000065
155.973761  0.000130
155.993760  0.000196
156.013759  -0.000066
156.033759  -0.000131
156.053758  0.000196
156.073757  0.000065
156.093756  -0.000196
156.113755  0.000326
156.133755  0.000065
156.153754  -0.000000
156.173753  -0.000066
156.193752  -0.000000
156.213751  -0.000196
156.233751  0.000065
156.253750  -0.000066
156.273749  -0.000066
156.293748  -0.000066
156.313747  0.000065
156.333747  0.000130
156.353746  0.000065
156.373745  0.000196
156.393744  0.000196
156.413743  -0.000066
156.433743  0.000065
156.453742  -0.000000
156.473741  0.000130
156.493740  0.000261
156.513739  -0.000000
156.533739  0.000130
156.553738  0.000065
156.573737  -0.000131
156.593736  0.000196
156.613735  -0.000196
156.633735  -0.000066
156.653734  0.000130
156.673733  -0.000000
156.693732  -0.000000
156.713731  0.000130
156.733731  -0.000000
156.753730  -0.000000
156.773729  0.000065
156.793728  -0.000000
156.813727  0.000065
156.833727  -0.000000
156.853726  -0.000000
156.873725  0.000065
156.893724  0.000065
156.913723  0.000130
156.933723  -0.000066
156.953722  -0.000066
156.973721  -0.000066
156.993720  0.000130
157.013719  0.000130
157.033719  -0.000000
157.053718  -0.000131
157.073717  0.000130
157.093716  0.000065
157.113715  -0.000000
157.133715  0.000065
157.153714  -0.000000
157.173713  0.000065
157.193712  -0.000000
157.213711  0.000196
157.233711  0.000130
157.253710  -0.000000
157.273709  -0.000066
157.293708  -0.000000
157.313707  0.000130
157.333707  -0.000000
157.353706  -0.000131
157.373705  -0.000066
157.393704  -0.000131
157.413703  0.000130
157.433703  -0.000000
157.453702  -0.000066
157.473701  0.000261
157.493700  0.000130
157.513699  -0.000066
157.533699  0.000130
157.553698  -0.000000
157.573697  0.000065
157.593696  0.000130
157.613695  -0.000000
157.633695  -0.000000
157.653694  0.000130
157.673693  -0.000000
157.693692  0.000196
157.713691  0.000130
157.733691  0.000065
157.753690  -0.000066
157.773689  -0.000000
157.793688  0.000261
157.813687  -0.000000
157.833687  -0.000000
157.853686  0.000130
157.873685  0.000130
157.893684  -0.000000
157.913683  0.000065
157.933683  -0.000066
157.953682  0.000130
157.973681  0.000130
157.993680  -0.000000
158.013679  0.000130
158.033679  -0.000000
158.053678  -0.000000
158.073677  -0.000066
158.093676  0.000130
158.113675  -0.000066
158.133675  0.000261
158.153674  0.000065
158.173673  -0.000000
158.193672  -0.000000
158.213671  0.000065
158.233671  -0.000000
158.253670  -0.000066
158.273669  -0.000066
158.293668  -0.000066
158.313667  -0.000000
158.333667  0.000261
158.353666  0.000065
158.373665  -0.000000
158.393664  -0.000000
158.413663  -0.000131
158.433663  -0.000131
158.453662  0.000065
158.473661  0.000196
158.493660  -0.000000
158.513659  0.000196
158.533659  0.000130
158.553658  -0.000066
158.573657  -0.000131
158.593656  -0.000000
158.613655  -0.000000
158.633655  -0.000066
158.653654  0.000130
158.673653  0.000130
158.693652  0.000130
158.713651  -0.000000
158.733651  0.000065
158.753650  0.000130
158.773649  0.000130
158.793648  0.000065
158.813647  0.000196
158.833647  0.000065
158.853646  -0.000131
158.873645  -0.000131
158.893644  -0.000066
158.913643  -0.000000
158.933643  -0.000000
158.953642  0.000130
158.973641  0.000196
158.993640  -0.000000
159.013639  0.000065
159.033639  0.000130
159.053638  -0.000131
159.073637  -0.000066
159.093636  -0.000066
159.113635  -0.000066
159.133635  0.000065
159.153634  -0.000066
159.173633  -0.000000
159.193632  -0.000000
159.213631  -0.000066
159.233631  0.000196
159.253630  -0.000131
159.273629  0.000065
159.293628  -0.000131
159.313627  -0.000131
159.333627  -0.000000
159.353626  0.000130
159.373625  0.000130
159.393624  -0.000000
159.413623  -0.000000
159.433623  0.000065
159.453622  -0.000000
159.473621  -0.000066
159.493620  0.000130
159.513619  0.000130
159.533619  0.000130
159.553618  -0.000131
159.573617  0.000065
159.593616  0.000130
159.613615  -0.000000
159.633615  0.000065
159.653614  -0.000262
159.673613  0.000065
159.693612  -0.000131
159.713611  0.000196
159.733611  0.000065
159.753610  0.000065
159.773609  -0.000066
159.793608  -0.000000
159.813607  0.000065
159.833607  0.000196
159.853606  -0.000000
159.873605  -0.000000
159.893604  0.000065
159.913603  -0.000000
159.933603  0.000065
159.953602  -0.000000
159.973601  -0.000131
159.993600  -0.000000
160.013599  -0.000000
160.033599  0.000065
160.053598  -0.000066
160.073597  0.000130
160.093596  -0.000131
160.113595  0.000196
160.133595  0.000130
160.153594  -0.000066
160.173593  -0.000000
160.193592  -0.000000
160.213591  -0.000196
160.233591  -0.000262
160.253590  0.000065
160.273589  0.000261
160.293588  0.000065
160.313587  0.000130
160.333587  0.000065
160.353586  0.000196
160.373585  -0.000066
160.393584  0.000065
160.413583  -0.000000
160.433583  0.000065
160.453582  -0.000066
160.473581  -0.000000
160.493580  -0.000066
160.513579  0.000065
160.533579  -0.000000
160.553578  -0.000131
160.573577  -0.000000
160.593576  0.000196
160.613575  -0.000000
160.633575  0.000196
160.653574  -0.000066
160.673573  0.000130
160.693572  -0.000000
160.713571  -0.000000
160.733571  -0.000000
160.753570  -0.000131
160.773569  0.000130
160.793568  -0.000066
160.813567  0.000065
160.833567  0.000196
160.853566  -0.000000
160.873565  -0.000196
160.893564  -0.000196
160.913563  0.000130
160.933563  -0.000000
160.953562  0.000130
160.973561  0.000065
160.993560  -0.000000
161.013559  0.000065
161.033559  0.000065
161.053558  0.000065
161.073557  0.000065
161.093556  0.000130
161.113555  0.000130
161.133555  -0.000131
161.153554  0.000130
161.173553  -0.000066
161.193552  -0.000066
161.213551  0.000196
161.233551  0.000196
161.253550  0.000065
161.273549  -0.000000
161.293548  -0.000000
161.313547  -0.000000
161.333547  -0.000000
161.353546  -0.000131
161.373545  0.000065
161.393544  0.000130
161.413543  -0.000000
161.433543  -0.000000
161.453542  -0.000000
161.473541  0.000130
161.493540  0.000130
161.513539  0.000065
161.533539  -0.000000
161.553538  0.000130
161.573537  0.000065
161.593536  0.000130
161.613535  -0.000000
161.633535  0.000065
161.653534  0.000130
161.673533  0.000065
161.693532  0.000130
161.713531  -0.000000
161.733531  -0.000000
161.753530  -0.000000
161.773529  -0.000131
161.793528  -0.000131
161.813527  -0.000066
161.833527  0.000261
161.853526  0.000065
161.873525  -0.000000
161.893524  -0.000000
161.913523  0.000196
161.933523  -0.000066
161.953522  -0.000131
161.973521  -0.000196
161.993520  0.000065
162.013519  0.000065
162.033519  0.000065
162.053518  -0.000000
162.073517  -0.000131
162.093516  0.000065
162.113515  0.000065
162.133515  -0.000066
162.153514  -0.000066
162.173513  -0.000000
162.193512  -0.000000
162.213511  -0.000000
162.233511  0.000196
162.253510  0.000065
162.273509  -0.000000
162.293508  -0.000066
162.313507  -0.000000
162.333507  -0.000066
162.353506  -0.000066
162.373505  -0.000000
162.393504  -0.000066
162.413503  0.000130
162.433503  0.000130
162.453502  0.000196
162.473501  -0.000066
162.493500  0.000130
162.513499  0.000130
162.533499  0.000130
162.553498  -0.000131
162.573497  0.000065
162.593496  -0.000131
162.613495  -0.000066
162.633495  -0.000066
162.653494  -0.000000
162.673493  -0.000000
162.693492  0.000065
162.713491  0.000196
162.733491  0.000065
162.753490  0.000196
162.773489  -0.000131
162.793488  0.000065
162.813487  -0.000000
162.833487  -0.000000
162.853486  0.000065
162.873485  -0.000066
162.893484  0.000130
162.913483  -0.000000
162.933483  -0.000000
162.953482  0.000196
162.973481  -0.000131
162.993480  -0.000000
163.013479  -0.000000
163.033479  -0.000000
163.053478  0.000065
163.073477  -0.000066
163.093476  -0.000000
163.113475  -0.000000
163.133475  0.000130
163.153474  -0.000066
163.173473  -0.000000
163.193472  0.000065
163.213471  0.000196
163.233471  -0.000066
163.253470  0.000065
163.273469  -0.000066
163.293468  0.000065
163.313467  0.000196
163.333467  0.000130
163.353466  -0.000000
163.373465  -0.000131
163.393464  0.000065
163.413463  0.000196
163.433463  -0.000000
163.453462  -0.000000
163.473461  0.000196
163.493460  0.000196
163.513459  0.000130
163.533459  -0.000066
163.553458  -0.000066
163.573457  -0.000066
163.593456  -0.000000
163.613455  0.000130
163.633455  -0.000000
163.653454  0.000130
163.673453  -0.000000
163.693452  0.000196
163.713451  0.000130
163.733451  -0.000131
163.753450  -0.000131
163.773449  -0.000196
163.793448  0.000130
163.813447  0.000130
163.833447  -0.000196
163.853446  0.000130
163.873445  -0.000000
163.893444  0.000065
163.913443  -0.000000
163.933443  -0.000000
163.953442  0.000065
163.973441  -0.000066
163.993440  0.000196
164.013439  -0.000066
164.033439  -0.000131
164.053438  0.000065
164.073437  0.000130
164.093436  -0.000000
164.113435  0.000261
164.133435  0.000065
164.153434  0.000196
164.173433  0.000130
164.193432  -0.000000
164.213431  0.000130
164.233431  0.000196
164.253430  -0.000000
164.273429  -0.000000
164.293428  0.000261
164.313427  0.000065
164.333427  -0.000000
164.353426  -0.000066
164.373425  -0.000000
164.393424  0.000196
164.413423  0.000130
164.433423  -0.000066
164.453422  -0.000196
164.473421  0.000130
164.493420  0.000065
164.513419  -0.000262
164.533419  -0.000000
164.553418  0.000065
164.573417  -0.000066
164.593416  0.000326
164.613415  0.000065
164.633415  -0.000131
164.653414  0.000130
164.673413  0.000065
164.693412  0.000130
164.713411  0.000130
164.733411  0.000065
164.753410  -0.000000
164.773409  -0.000000
164.793408  -0.000000
164.813407  -0.000066
164.833407  -0.000196
164.853406  -0.000066
164.873405  -0.000066
164.893404  0.000196
164.913403  0.000130
164.933403  -0.000000
164.953402  0.000065
164.973401  0.000261
164.993400  -0.000066
165.013399  0.000130
165.033399  0.000065
165.053398  0.000196
165.073397  0.000065
165.093396  0.000130
165.113395  -0.000131
165.133395  -0.000000
165.153394  -0.000066
165.173393  -0.000131
165.193392  -0.000000
165.213391  -0.000000
165.233391  -0.000066
165.253390  -0.000000
165.273389  -0.000066
165.293388  -0.000000
165.313387  0.000065
165.333387  -0.000131
165.353386  -0.000066
165.373385  0.000065
165.393384  -0.000000
165.413383  -0.000066
165.433383  -0.000066
165.453382  -0.000066
165.473381  -0.000000
165.493380  0.000065
165.513379  -0.000000
165.533379  -0.000131
165.553378  -0.000000
165.573377  0.000065
165.593376  -0.000000
165.613375  0.000130
165.633375  0.000130
165.653374  -0.000000
165.673373  0.000065
165.693372  0.000065
165.713371  -0.000131
165.733371  -0.000000
165.753370  -0.000000
165.773369  -0.000066
165.793368  0.000130
165.813367  0.000130
165.833367  -0.000066
165.853366  -0.000000
165.873365  -0.000000
165.893364  0.000196
165.913363  0.000065
165.933363  0.000130
165.953362  -0.000066
165.973361  -0.000000
165.993360  0.000130
166.013359  -0.000000
166.033359  0.000130
166.053358  0.000261
166.073357  0.000065
166.093356  -0.000066
166.113355  -0.000000
166.133355  0.000130
166.153354  -0.000131
166.173353  -0.000066
166.193352  0.000196
166.213351  -0.000066
166.233351  -0.000066
166.253350  -0.000066
166.273349  0.000065
166.293348  0.000065
166.313347  0.000130
166.333347  0.000065
166.353346  0.000196
166.373345  0.000196
166.393344  -0.000066
166.413343  -0.000131
166.433343  0.000065
166.453342  0.000130
166.473341  0.000261
166.493340  -0.000000
166.513339  0.000196
166.533339  0.000130
166.553338  0.000130
166.573337  -0.000131
166.593336  -0.000131
166.613335  -0.000000
166.633335  -0.000000
166.653334  0.000261
166.673333  0.000130
166.693332  0.000065
166.713331  -0.000000
166.733331  -0.000000
166.753330  0.000065
166.773329  0.000196
166.793328  -0.000131
166.813327  -0.000000
166.833327  -0.000000
166.853326  0.000065
166.873325  -0.000066
166.893324  0.000261
166.913323  -0.000000
166.933323  -0.000131
166.953322  -0.000066
166.973321  0.000065
166.993320  0.000065
167.013319  0.000065
167.033319  0.000130
167.053318  0.000130
167.073317  0.000130
167.093316  0.000065
167.113315  0.000065
167.133315  -0.000000
167.153314  -0.000000
167.173313  -0.000000
167.193312  0.000130
167.213311  -0.000066
167.233311  -0.000000
167.253310  -0.000066
167.273309  0.000065
167.293308  -0.000000
167.313307  0.000065
167.333307  -0.000066
167.353306  0.000196
167.373305  0.000065
167.393304  -0.000066
167.413303  0.000065
167.433303  0.000065
167.453302  0.000130
167.473301  0.000065
167.493300  0.000196
167.513299  -0.000066
167.533299  -0.000131
167.553298  0.000065
167.573297  0.000261
167.593296  -0.000000
167.613295  -0.000066
167.633295  -0.000066
167.653294  -0.000066
167.673293  0.000130
167.693292  0.000130
167.713291  0.000065
167.733291  -0.000000
167.753290  0.000065
167.773289  0.000261
167.793288  0.000130
167.813287  -0.000066
167.833287  -0.000000
167.853286  -0.000000
167.873285  -0.000066
167.893284  0.000130
167.913283  -0.000066
167.933283  0.000130
167.953282  -0.000000
167.973281  -0.000066
167.993280  -0.000000
168.013279  0.000065
168.033279  0.000261
168.053278  -0.000000
168.073277  -0.000066
168.093276  0.000130
168.113275  -0.000000
168.133275  -0.000131
168.153274  0.000065
168.173273  -0.000066
168.193272  -0.000000
168.213271  -0.000066
168.233271  0.000130
168.253270  -0.000196
168.273269  0.000261
168.293268  -0.000131
168.313267  0.000130
168.333267  -0.000066
168.353266  -0.000000
168.373265  -0.000196
168.393264  0.000130
168.413263  -0.000000
168.433263  0.000065
168.453262  0.000130
168.473261  0.000130
168.493260  -0.000000
168.513259  -0.000000
168.533259  -0.000000
168.553258  0.000065
168.573257  0.000065
168.593256  -0.000000
168.613255  0.000196
168.633255  0.000130
168.653254  0.000196
168.673253  0.000065
168.693252  -0.000000
168.713251  -0.000000
168.733251  -0.000131
168.753250  -0.000000
168.773249  -0.000196
168.793248  -0.000066
168.813247  -0.000000
168.833247  -0.000131
168.853246  0.000130
168.873245  0.000196
168.893244  -0.000000
168.913243  -0.000066
168.933243  0.000065
168.953242  -0.000066
168.973241  -0.000000
168.993240  0.000130
169.013239  0.000196
169.033239  0.000196
169.053238  -0.000131
169.073237  0.000065
169.093236  -0.000066
169.113235  -0.000066
169.133235  -0.000066
169.153234  -0.000000
169.173233  0.000130
169.193232  0.000065
169.213231  0.000196
169.233231  -0.000131
169.253230  -0.000000
169.273229  -0.000196
169.293228  0.000130
169.313227  0.000130
169.333227  0.000130
169.353226  0.000130
169.373225  0.000130
169.393224  -0.000131
169.413223  -0.000000
169.433223  0.000196
169.453222  -0.000131
169.473221  -0.000066
169.493220  0.000130
169.513219  0.000130
169.533219  -0.000066
169.553218  0.000065
169.573217  0.000196
169.593216  -0.000131
169.613215  -0.000000
169.633215  -0.000000
169.653214  -0.000131
169.673213  0.000130
169.693212  0.000065
169.713211  0.000130
169.733211  -0.000066
169.753210  0.000130
169.773209  0.000065
169.793208  -0.000196
169.813207  -0.000000
169.833207  -0.000000
169.853206  -0.000000
169.873205  -0.000131
169.893204  0.000261
169.913203  -0.000000
169.933203  -0.000131
169.953202  -0.000131
169.973201  0.000196
169.993200  0.000065
170.013199  -0.000131
170.033199  -0.000066
170.053198  -0.000000
170.073197  0.000130
170.093196  0.000196
170.113195  -0.000000
170.133195  -0.000000
170.153194  0.000065
170.173193  -0.000000
170.193192  0.000065
170.213191  0.000065
170.233191  -0.000000
170.253190  -0.000000
170.273189  -0.000066
170.293188  0.000065
170.313187  -0.000000
170.333187  -0.000000
170.353186  -0.000000
170.373185  0.000130
170.393184  -0.000000
170.413183  0.000065
170.433183  -0.000131
170.453182  -0.000000
170.473181  -0.000066
170.493180  0.000130
170.513179  -0.000066
170.533179  0.000196
170.553178  0.000196
170.573177  -0.000066
170.593176  -0.000000
170.613175  0.000130
170.633175  0.000065
170.653174  -0.000000
170.673173  -0.000066
170.693172  -0.000066
170.713171  0.000196
170.733171  -0.000131
170.753170  0.000065
170.773169  0.000065
170.793168  0.000261
170.813167  -0.000000
170.833167  0.000130
170.853166  -0.000000
170.873165  -0.000131
170.893164  -0.000066
170.913163  -0.000000
170.933163  -0.000066
170.953162  0.000326
170.973161  0.000065
170.993160  -0.000066
171.013159  -0.000000
171.033159  -0.000000
171.053158  0.000196
171.073157  0.000065
171.093156  -0.000000
171.113155  0.000196
171.133155  0.000196
171.153154  0.000261
171.173153  -0.000000
171.193152  -0.000131
171.213151  -0.000000
171.233151  0.000065
171.253150  0.000065
171.273149  0.000196
171.293148  0.000065
171.313147  -0.000066
171.333147  -0.000066
171.353146  0.000130
171.373145  0.000196
171.393144  -0.000000
171.413143  -0.000066
171.433143  0.000130
171.453142  0.000065
171.473141  0.000196
171.493140  -0.000000
171.513139  0.000065
171.533139  -0.000000
171.553138  0.000196
171.573137  0.000196
171.593136  0.000065
171.613135  -0.000000
171.633135  0.000065
171.653134  0.000130
171.673133  -0.000000
171.693132  0.000065
171.713131  -0.000196
171.733131  -0.000131
171.753130  -0.000131
171.773129  -0.000000
171.793128  -0.000131
171.813127  0.000065
171.833127  -0.000000
171.853126  0.000261
171.873125  0.000065
171.893124  0.000065
171.913123  0.000130
171.933123  -0.000000
171.953122  -0.000000
171.973121  -0.000000
171.993120  0.000065
172.013119  -0.000000
172.033119  -0.000066
172.053118  0.000065
172.073117  0.000065
172.093116  0.000065
172.113115  -0.000000
172.133115  0.000065
172.153114  -0.000000
172.173113  -0.000131
172.193112  0.000130
172.213111  -0.000066
172.233111  -0.000066
172.253110  -0.000000
172.273109  0.000196
172.293108  -0.000000
172.313107  -0.000066
172.333107  -0.000000
172.353106  0.000196
172.373105  0.000065
172.393104  0.000130
172.413103  -0.000000
172.433103  -0.000000
172.453102  0.000130
172.473101  -0.000000
172.493100  -0.000327
172.513099  -0.000131
172.533099  0.000130
172.553098  -0.000000
172.573097  0.000065
172.593096  -0.000000
172.613095  0.000065
172.633095  0.000130
172.653094  0.000130
172.673093  0.000065
172.693092  -0.000066
172.713091  0.000130
172.733091  0.000130
172.753090  0.000130
172.773089  0.000261
172.793088  0.000065
172.813087  0.000065
172.833087  -0.000000
172.853086  0.000130
172.873085  0.000065
172.893084  0.000130
172.913083  0.000130
172.933083  -0.000000
172.953082  0.000130
172.973081  0.000130
172.993080  -0.000131
173.013079  -0.000000
173.033079  -0.000000
173.053078  0.000130
173.073077  -0.000000
173.093076  0.000065
173.113075  0.000065
173.133075  -0.000000
173.153074  0.000065
173.173073  0.000065
173.193072  -0.000066
173.213071  -0.000131
173.233071  0.000130
173.253070  0.000065
173.273069  -0.000000
173.293068  -0.000131
173.313067  0.000130
173.333067  0.000065
173.353066  0.000196
173.373065  0.000130
173.393064  0.000065
173.413063  -0.000262
173.433063  0.000196
173.453062  0.000196
173.473061  -0.000066
173.493060  0.000065
173.513059  0.000130
173.533059  0.000130
173.553058  -0.000066
173.573057  0.000065
173.593056  -0.000066
173.613055  0.000065
173.633055  0.000130
173.653054  0.000130
173.673053  0.000196
173.693052  -0.000066
173.713051  -0.000000
173.733051  -0.000000
173.753050  0.000261
173.773049  -0.000000
173.793048  0.000130
173.813047  0.000261
173.833047  0.000196
173.853046  -0.000000
173.873045  0.000130
173.893044  -0.000066
173.913043  -0.000066
173.933043  -0.000066
173.953042  0.000130
173.973041  0.000326
173.993040  0.000130
174.013039  -0.000000
174.033039  0.000196
174.053038  0.000130
174.073037  0.000065
174.093036  -0.000196
174.113035  -0.000066
174.133035  0.000196
174.153034  0.000065
174.173033  0.000130
174.193032  0.000196
174.213031  0.000065
174.233031  -0.000000
174.253030  -0.000000
174.273029  -0.000066
174.293028  -0.000131
174.313027  0.000130
174.333027  0.000130
174.353026  0.000196
174.373025  -0.000000
174.393024  0.000196
174.413023  0.000065
174.433023  -0.000066
174.453022  -0.000066
174.473021  0.000065
174.493020  0.000130
174.513019  -0.000066
174.533019  -0.000000
174.553018  -0.000066
174.573017  -0.000131
174.593016  -0.000066
174.613015  -0.000131
174.633015  -0.000000
174.653014  0.000065
174.673013  -0.000066
174.693012  0.000065
174.713011  -0.000000
174.733011  0.000326
174.753010  0.000261
174.773009  0.000065
174.793008  0.000065
174.813007  0.000065
174.833007  -0.000000
174.853006  0.000065
174.873005  0.000065
174.893004  -0.000066
174.913003  -0.000066
174.933003  0.000065
174.953002  -0.000000
174.973001  -0.000262
174.993000  0.000065
175.012999  0.000130
175.032999  -0.000066
175.052998  0.000130
175.072997  0.000196
175.092996  -0.000000
175.112995  -0.000000
175.132995  -0.000262
175.152994  0.000130
175.172993  -0.000066
175.192992  0.000130
175.212991  -0.000000
175.232991  -0.000000
175.252990  0.000130
175.272989  -0.000196
175.292988  0.000130
175.312987  -0.000066
175.332987  -0.000000
175.352986  -0.000000
175.372985  0.000261
175.392984  0.000196
175.412983  -0.000000
175.432983  -0.000000
175.452982  0.000130
175.472981  -0.000000
175.492980  0.000130
175.512979  0.000130
175.532979  -0.000000
175.552978  0.000130
175.572977  0.000130
175.592976  0.000065
175.612975  0.000326
175.632975  0.000130
175.652974  0.000130
175.672973  0.000065
175.692972  -0.000000
175.712971  -0.000000
175.732971  0.000065
175.752970  0.000065
175.772969  -0.000000
175.792968  0.000130
175.812967  0.000065
175.832967  -0.000066
175.852966  -0.000066
175.872965  -0.000000
175.892964  0.000130
175.912963  0.000196
175.932963  0.000130
175.952962  0.000130
175.972961  0.000130
175.992960  0.000196
176.012959  -0.000131
176.032959  0.000130
176.052958  0.000065
176.072957  -0.000131
176.092956  -0.000066
176.112955  0.000065
176.132955  -0.000000
176.152954  0.000065
176.172953  0.000261
176.192952  0.000065
176.212951  -0.000131
176.232951  -0.000000
176.252950  -0.000066
176.272949  0.000130
176.292948  -0.000000
176.312947  0.000130
176.332947  0.000130
176.352946  -0.000000
176.372945  -0.000131
176.392944  0.000065
176.412943  0.000065
176.432943  -0.000000
176.452942  -0.000131
176.472941  0.000065
176.492940  0.000130
176.512939  -0.000000
176.532939  0.000196
176.552938  0.000065
176.572937  -0.000327
176.592936  0.000196
176.612935  0.000065
176.632935  0.000065
176.652934  -0.000000
176.672933  0.000130
176.692932  -0.000000
176.712931  0.000130
176.732931  0.000065
176.752930  -0.000131
176.772929  -0.000066
176.792928  -0.000000
176.812927  -0.000066
176.832927  -0.000066
176.852926  -0.000000
176.872925  0.000196
176.892924  -0.000000
176.912923  -0.000066
176.932923  -0.000000
176.952922  -0.000000
176.972921  0.000130
176.992920  -0.000000
177.012919  0.000065
177.032919  -0.000000
177.052918  -0.000000
177.072917  0.000065
177.092916  -0.000131
177.112915  -0.000196
177.132915  0.000065
177.152914  0.000196
177.172913  0.000130
177.192912  -0.000000
177.212911  0.000130
177.232911  0.000065
177.252910  -0.000066
177.272909  -0.000000
177.292908  -0.000066
177.312907  0.000065
177.332907  -0.000000
177.352906  0.000196
177.372905  0.000065
177.392904  0.000065
177.412903  0.000065
177.432903  -0.000000
177.452902  0.000130
177.472901  -0.000000
177.492900  0.000130
177.512899  0.000065
177.532899  -0.000000
177.552898  0.000130
177.572897  -0.000066
177.592896  0.000130
177.612895  0.000261
177.632895  0.000130
177.652894  0.000065
177.672893  -0.000066
177.692892  -0.000066
177.712891  0.000130
177.732891  0.000130
177.752890  0.000065
177.772889  -0.000131
177.792888  0.000065
177.812887  0.000065
177.832887  0.000065
177.852886  -0.000066
177.872885  -0.000000
177.892884  -0.000131
177.912883  0.000261
177.932883  -0.000000
177.952882  -0.000000
177.972881  0.000130
177.992880  0.000196
178.012879  -0.000000
178.032879  0.000196
178.052878  -0.000000
178.072877  -0.000000
178.092876  0.000130
178.112875  0.000065
178.132875  0.000065
178.152874  0.000196
178.172873  -0.000066
178.192872  0.000065
178.212871  -0.000066
178.232871  -0.000066
178.252870  -0.000066
178.272869  -0.000000
178.292868  -0.000000
178.312867  0.000130
178.332867  -0.000000
178.352866  0.000065
178.372865  -0.000000
178.392864  -0.000000
178.412863  0.000130
178.432863  0.000130
178.452862  0.000196
178.472861  0.000065
178.492860  0.000130
178.512859  0.000065
178.532859  0.000196
178.552858  0.000261
178.572857  -0.000066
178.592856  -0.000000
178.612855  0.000196
178.632855  0.000130
178.652854  0.000196
178.672853  -0.000131
178.692852  0.000130
178.712851  0.000065
178.732851  -0.000066
178.752850  0.000065
178.772849  -0.000000
178.792848  -0.000000
178.812847  -0.000000
178.832847  0.000130
178.852846  0.000065
178.872845  -0.000131
178.892844  -0.000000
178.912843  -0.000196
178.932843  -0.000000
178.952842  0.000130
178.972841  -0.000000
178.992840  -0.000066
179.012839  -0.000066
179.032839  -0.000000
179.052838  0.000065
179.072837  -0.000066
179.092836  0.000065
179.112835  -0.000000
179.132835  -0.000000
179.152834  -0.000066
179.172833  -0.000000
179.192832  -0.000066
179.212831  0.000065
179.232831  -0.000066
179.252830  -0.000000
179.272829  -0.000066
179.292828  0.000130
179.312827  -0.000066
179.332827  0.000130
179.352826  0.000130
179.372825  -0.000131
179.392824  -0.000000
179.412823  -0.000000
179.432823  0.000065
179.452822  0.000130
179.472821  0.000261
179.492820  -0.000066
179.512819  -0.000000
179.532819  -0.000000
179.552818  0.000065
179.572817  0.000065
179.592816  -0.000131
179.612815  -0.000000
179.632815  -0.000000
179.652814  -0.000000
179.672813  -0.000066
179.692812  -0.000000
179.712811  0.000196
179.732811  -0.000000
179.752810  -0.000131
179.772809  0.000130
179.792808  0.000065
179.812807  -0.000066
179.832807  0.000065
179.852806  -0.000000
179.872805  0.000196
179.892804  0.000130
179.912803  0.000130
179.932803  -0.000066
179.952802  0.000130
179.972801  -0.000066
179.992800  0.000130
180.012799  0.003005
180.032799  0.000326
180.052798  0.000392
180.072797  0.000196
180.092796  0.000261
180.112795  0.000326
180.132795  0.000326
180.152794  0.000326
180.172793  0.000392
180.192792  0.000588
180.212791  0.000784
180.232791  0.000914
180.252790  0.000784
180.272789  0.001110
180.292788  0.001176
180.312787  0.001110
180.332787  0.001241
180.352786  0.001502
180.372785  0.001372
180.392784  0.001502
180.412783  0.001698
180.432783  0.001829
180.452782  0.001829
180.472781  0.002025
180.492780  0.002025
180.512779  0.002221
180.532779  0.002221
180.552778  0.002548
180.572777  0.002548
180.592776  0.002874
180.612775  0.002809
180.632775  0.002874
180.652774  0.002809
180.672773  0.003070
180.692772  0.003136
180.712771  0.003332
180.732771  0.003332
180.752770  0.003397
180.772769  0.003724
180.792768  0.003854
180.812767  0.003789
180.832767  0.003985
180.852766  0.004050
180.872765  0.004050
180.892764  0.004508
180.912763  0.004508
180.932763  0.004638
180.952762  0.004703
180.972761  0.004965
180.992760  0.004769
181.012759  0.005095
181.032759  0.005291
181.052758  0.005226
181.072757  0.005422
181.092756  0.005553
181.112755  0.005487
181.132755  0.005879
181.152754  0.005879
181.172753  0.006141
181.192752  0.006337
181.212751  0.006141
181.232751  0.006402
181.252750  0.006337
181.272749  0.006729
181.292748  0.006925
181.312747  0.006990
181.332747  0.007186
181.352746  0.007317
181.372745  0.007317
181.392744  0.007447
181.412743  0.007447
181.432743  0.007643
181.452742  0.007709
181.472741  0.007774
181.492740  0.008297
181.512739  0.008166
181.532739  0.008166
181.552738  0.008362
181.572737  0.008623
181.592736  0.008558
181.612735  0.008754
181.632735  0.008885
181.652734  0.009015
181.672733  0.009211
181.692732  0.009407
181.712731  0.009277
181.732731  0.009669
181.752730  0.009669
181.772729  0.009799
181.792728  0.009930
181.812727  0.010191
181.832727  0.010257
181.852726  0.010387
181.872725  0.010387
181.892724  0.010649
181.912723  0.010845
181.932723  0.010779
181.952722  0.010910
181.972721  0.011237
181.992720  0.011433
182.012719  0.011367
182.032719  0.011498
182.052718  0.011694
182.072717  0.011825
182.092716  0.011825
182.112715  0.011955
182.132715  0.012217
182.152714  0.012282
182.172713  0.012478
182.192712  0.012608
182.212711  0.012804
182.232711  0.012804
182.252710  0.012870
182.272709  0.012935
182.292708  0.013196
182.312707  0.013262
182.332707  0.013392
182.352706  0.013588
182.372705  0.013719
182.392704  0.013850
182.412703  0.013980
182.432703  0.014046
182.452702  0.014046
182.472701  0.014372
182.492700  0.014438
182.512699  0.014438
182.532699  0.014634
182.552698  0.015026
182.572697  0.015091
182.592696  0.014960
182.612695  0.014960
182.632695  0.015483
182.652694  0.015483
182.672693  0.015548
182.692692  0.015679
182.712691  0.015810
182.732691  0.016006
182.752690  0.016071
182.772689  0.016267
182.792688  0.016267
182.812687  0.016463
182.832687  0.016528
182.852686  0.016528
182.872685  0.016724
182.892684  0.017051
182.912683  0.017182
182.932683  0.017378
182.952682  0.017508
182.972681  0.017443
182.992680  0.017443
183.012679  0.017574
183.032679  0.017900
183.052678  0.018031
183.072677  0.018162
183.092676  0.018162
183.112675  0.018358
183.132675  0.018358
183.152674  0.018619
183.172673  0.018815
183.192672  0.018750
183.212671  0.019011
183.232671  0.019272
183.252670  0.019338
183.272669  0.019403
183.292668  0.019730
183.312667  0.019534
183.332667  0.019730
183.352666  0.019926
183.372665  0.020122
183.392664  0.020318
183.412663  0.020252
183.432663  0.020318
183.452662  0.020644
183.472661  0.020840
183.492660  0.020840
183.512659  0.020840
183.532659  0.020905
183.552658  0.021232
183.572657  0.021363
183.592656  0.021493
183.612655  0.021755
183.632655  0.021885
183.652654  0.021820
183.672653  0.021820
183.692652  0.022081
183.712651  0.022343
183.732651  0.022212
183.752650  0.022408
183.772649  0.022669
183.792648  0.022865
183.812647  0.022865
183.832647  0.022931
183.852646  0.023127
183.872645  0.023192
183.892644  0.023388
183.912643  0.023323
183.932643  0.023780
183.952642  0.023715
183.972641  0.023911
183.992640  0.024041
184.012639  0.024107
184.032639  0.024237
184.052638  0.024499
184.072637  0.024433
184.092636  0.024499
184.112635  0.024695
184.132635  0.024891
184.152634  0.025087
184.172633  0.025283
184.192632  0.025413
184.212631  0.025479
184.232631  0.025544
184.252630  0.025609
184.272629  0.025936
184.292628  0.025805
184.312627  0.025936
184.332627  0.026067
184.352626  0.026459
184.372625  0.026524
184.392624  0.026393
184.412623  0.026916
184.432623  0.026851
184.452622  0.026720
184.472621  0.026916
184.492620  0.027308
184.512619  0.027243
184.532619  0.027504
184.552618  0.027569
184.572617  0.027700
184.592616  0.027765
184.612615  0.027961
184.632615  0.027961
184.652614  0.028157
184.672613  0.028353
184.692612  0.028484
184.712611  0.028614
184.732611  0.028484
184.752610  0.028680
184.772609  0.028876
184.792608  0.029072
184.812607  0.029072
184.832607  0.029268
184.852606  0.029594
184.872605  0.029594
184.892604  0.029660
184.912603  0.029921
184.932603  0.029790
184.952602  0.029921
184.972601  0.030248
184.992600  0.030182
185.012599  0.030444
185.032599  0.030640
185.052598  0.030705
185.072597  0.030705
185.092596  0.031032
185.112595  0.030966
185.132595  0.031162
185.152594  0.031358
185.172593  0.031358
185.192592  0.031554
185.212591  0.031685
185.232591  0.031685
185.252590  0.032012
185.272589  0.031816
185.292588  0.032273
185.312587  0.032273
185.332587  0.032338
185.352586  0.032534
185.372585  0.032600
185.392584  0.032730
185.412583  0.032926
185.432583  0.033122
185.452582  0.033122
185.472581  0.033122
185.492580  0.033449
185.512579  0.033449
185.532579  0.033645
185.552578  0.033710
185.572577  0.033841
185.592576  0.033972
185.612575  0.034233
185.632575  0.034233
185.652574  0.034364
185.672573  0.034429
185.692572  0.034494
185.712571  0.034690
185.732571  0.034821
185.752570  0.035017
185.772569  0.035344
185.792568  0.035278
185.812567  0.035344
185.832567  0.035344
185.852566  0.035605
185.872565  0.035801
185.892564  0.035670
185.912563  0.036128
185.932563  0.036193
185.952562  0.036128
185.972561  0.036389
185.992560  0.036519
186.012559  0.036519
186.032559  0.036781
186.052558  0.036911
186.072557  0.036846
186.092556  0.036977
186.112555  0.037238
186.132555  0.037369
186.152554  0.037238
186.172553  0.037434
186.192552  0.037565
186.212551  0.037891
186.232551  0.037957
186.252550  0.038022
186.272549  0.038022
186.292548  0.038414
186.312547  0.038349
186.332547  0.038675
186.352546  0.038806
186.372545  0.038871
186.392544  0.038806
186.412543  0.039002
186.432543  0.039263
186.452542  0.039329
186.472541  0.039459
186.492540  0.039655
186.512539  0.039655
186.532539  0.039851
186.552538  0.039851
186.572537  0.039982
186.592536  0.040178
186.612535  0.040113
186.632535  0.040439
186.652534  0.040505
186.672533  0.040701
186.692532  0.040766
186.712531  0.040897
186.732531  0.040962
186.752530  0.041158
186.772529  0.041223
186.792528  0.041354
186.812527  0.041419
186.832527  0.041746
186.852526  0.041615
186.872525  0.041681
186.892524  0.042007
186.912523  0.042138
186.932523  0.042269
186.952522  0.042138
186.972521  0.042399
186.992520  0.042661
187.012519  0.042661
187.032519  0.042922
187.052518  0.043183
187.072517  0.043053
187.092516  0.043183
187.112515  0.043183
187.132515  0.043379
187.152514  0.043706
187.172513  0.043771
187.192512  0.043902
187.212511  0.043902
187.232511  0.044294
187.252510  0.044228
187.272509  0.044163
187.292508  0.044555
187.312507  0.044555
187.332507  0.044686
187.352506  0.045012
187.372505  0.045012
187.392504  0.045078
187.412503  0.045274
187.432503  0.045208
187.452502  0.045339
187.472501  0.045339
187.492500  0.045731
187.512500  0.045796
187.532499  0.045992
187.552498  0.045927
187.572497  0.046123
187.592496  0.046450
187.612496  0.046319
187.632495  0.046384
187.652494  0.046646
187.672493  0.046776
187.692492  0.046842
187.712492  0.047103
187.732491  0.046972
187.752490  0.047364
187.772489  0.047299
187.792488  0.047626
187.812488  0.047691
187.832487  0.047756
187.852486  0.047887
187.872485  0.047952
187.892484  0.048018
187.912484  0.048279
187.932483  0.048344
187.952482  0.048540
187.972481  0.048736
187.992480  0.048606
188.012480  0.048671
188.032479  0.048932
188.052478  0.049063
188.072477  0.049259
188.092476  0.049194
188.112476  0.049586
188.132475  0.049586
188.152474  0.049586
188.172473  0.049782
188.192472  0.049716
188.212472  0.049912
188.232471  0.050108
188.252470  0.050435
188.272469  0.050435
188.292468  0.050631
188.312468  0.050762
188.332467  0.050696
188.352466  0.050827
188.372465  0.050958
188.392464  0.051350
188.412464  0.051219
188.432463  0.051284
188.452462  0.051546
188.472461  0.051611
188.492460  0.051611
188.512460  0.051872
188.532459  0.051872
188.552458  0.052133
188.572457  0.052133
188.592456  0.052395
188.612456  0.052395
188.632455  0.052656
188.652454  0.053113
188.672453  0.052983
188.692452  0.052917
188.712452  0.052983
188.732451  0.053179
188.752450  0.053179
188.772449  0.053375
188.792448  0.053505
188.812448  0.053701
188.832447  0.053832
188.852446  0.053963
188.872445  0.053963
188.892444  0.054224
188.912444  0.054224
188.932443  0.054289
188.952442  0.054616
188.972441  0.054681
188.992440  0.054747
189.012440  0.054877
189.032439  0.054877
189.052438  0.055204
189.072437  0.055204
189.092436  0.055269
189.112436  0.055596
189.132435  0.055661
189.152434  0.055727
189.172433  0.055857
189.192432  0.055792
189.212432  0.056184
189.232431  0.056315
189.252430  0.056184
189.272429  0.056315
189.292428  0.056511
189.312428  0.056641
189.332427  0.056772
189.352426  0.056772
189.372425  0.057099
189.392424  0.057229
189.412424  0.057164
189.432423  0.057425
189.452422  0.057556
189.472421  0.057491
189.492420  0.057687
189.512420  0.057817
189.532419  0.057883
189.552418  0.058275
189.572417  0.058275
189.592416  0.058275
189.612416  0.058536
189.632415  0.058667
189.652414  0.058667
189.672413  0.058797
189.692412  0.058732
189.712412  0.059255
189.732411  0.059124
189.752410  0.059189
189.772409  0.059320
189.792408  0.059712
189.812408  0.059712
189.832407  0.059647
189.852406  0.059908
189.872405  0.059973
189.892404  0.060234
189.912404  0.060300
189.932403  0.060300
189.952402  0.060365
189.972401  0.060626
189.992400  0.060888
190.012400  0.060822
190.032399  0.061018
190.052398  0.061280
190.072397  0.061214
190.092396  0.061410
190.112396  0.061541
190.132395  0.061672
190.152394  0.061606
190.172393  0.061606
190.192392  0.061933
190.212392  0.062129
190.232391  0.062064
190.252390  0.062390
190.272389  0.062456
190.292388  0.062652
190.312388  0.062652
190.332387  0.062782
190.352386  0.062717
190.372385  0.063109
190.392384  0.062978
190.412384  0.063240
190.432383  0.063305
190.452382  0.063501
190.472381  0.063632
190.492380  0.063828
190.512380  0.063762
190.532379  0.063893
190.552378  0.064089
190.572377  0.064154
190.592376  0.064350
190.612376  0.064546
190.632375  0.064612
190.652374  0.064677
190.672373  0.064677
190.692372  0.065004
190.712372  0.065134
190.732371  0.065004
190.752370  0.065200
190.772369  0.065330
190.792368  0.065330
190.812368  0.065526
190.832367  0.065722
190.852366  0.065722
190.872365  0.066049
190.892364  0.065918
190.912364  0.066245
190.932363  0.066310
190.952362  0.066572
190.972361  0.066572
190.992360  0.066833
191.012360  0.066702
191.032359  0.066898
191.052358  0.066898
191.072357  0.066898
191.092356  0.066310
191.112356  0.067290
191.132355  0.067486
191.152354  0.067486
191.172353  0.067682
191.192352  0.067944
191.212352  0.067813
191.232351  0.067813
191.252350  0.068205
191.272349  0.068401
191.292348  0.068466
191.312348  0.068531
191.332347  0.068662
191.352346  0.068727
191.372345  0.068923
191.392344  0.068989
191.412344  0.068989
191.432343  0.069315
191.452342  0.069381
191.472341  0.069577
191.492340  0.069707
191.512340  0.069773
191.532339  0.069838
191.552338  0.069903
191.572337  0.069903
191.592336  0.070165
191.612336  0.070295
191.632335  0.070426
191.652334  0.070491
191.672333  0.070557
191.692332  0.070818
191.712332  0.070883
191.732331  0.070949
191.752330  0.071014
191.772329  0.071210
191.792328  0.071145
191.812328  0.071471
191.832327  0.071667
191.852326  0.071602
191.872325  0.071733
191.892324  0.071929
191.912324  0.071994
191.932323  0.072125
191.952322  0.072255
191.972321  0.072190
191.992320  0.072517
192.012320  0.072647
192.032319  0.072778
192.052318  0.072843
192.072317  0.072909
192.092316  0.073235
192.112316  0.073301
192.132315  0.073431
192.152314  0.073562
192.172313  0.073627
192.192312  0.073823
192.212312  0.073823
192.232311  0.073889
192.252310  0.074019
192.272309  0.074150
192.292308  0.074281
192.312308  0.074215
192.332307  0.074607
192.352306  0.074607
192.372305  0.074607
192.392304  0.074673
192.412304  0.074999
192.432303  0.075261
192.452302  0.075195
192.472301  0.075195
192.492300  0.075261
192.512300  0.075457
192.532299  0.075783
192.552298  0.075783
192.572297  0.075914
192.592296  0.076371
192.612296  0.076306
192.632295  0.076240
192.652294  0.076371
192.672293  0.076502
192.692292  0.076632
192.712292  0.076698
192.732291  0.076959
192.752290  0.077024
192.772289  0.077155
192.792288  0.077090
192.812288  0.077220
192.832287  0.077351
192.852286  0.077612
192.872285  0.077612
192.892284  0.077808
192.912284  0.078070
192.932283  0.078135
192.952282  0.078070
192.972281  0.078200
192.992280  0.078396
193.012280  0.078527
193.032279  0.078592
193.052278  0.078658
193.072277  0.078658
193.092276  0.079180
193.112276  0.078984
193.132275  0.079180
193.152274  0.079442
193.172273  0.079376
193.192272  0.079638
193.212272  0.079376
193.232271  0.079638
193.252270  0.079834
193.272269  0.079964
193.292268  0.080030
193.312268  0.080226
193.332267  0.080552
193.352266  0.080422
193.372265  0.080356
193.392264  0.080748
193.412264  0.080879
193.432263  0.080879
193.452262  0.080944
193.472261  0.081140
193.492260  0.081402
193.512260  0.081467
193.532259  0.081336
193.552258  0.081402
193.572257  0.081728
193.592256  0.081924
193.612256  0.082120
193.632255  0.081990
193.652254  0.081990
193.672253  0.082316
193.692252  0.082447
193.712252  0.082447
193.732251  0.082643
193.752250  0.082904
193.772249  0.082970
193.792248  0.082904
193.812248  0.083231
193.832247  0.083362
193.852246  0.083231
193.872245  0.083296
193.892244  0.083623
193.912244  0.083819
193.932243  0.083950
193.952242  0.083950
193.972241  0.084015
193.992240  0.084472
194.012240  0.085517
194.032239  0.084276
194.052238  0.084537
194.072237  0.084668
194.092236  0.084864
194.112236  0.084733
194.132235  0.084995
194.152234  0.085060
194.172233  0.085256
194.192232  0.085256
194.212232  0.085452
194.232231  0.085452
194.252230  0.085713
194.272229  0.085975
194.292228  0.085909
194.312228  0.086171
194.332227  0.086040
194.352226  0.086171
194.372225  0.086367
194.392224  0.086367
194.412224  0.086693
194.432223  0.086759
194.452222  0.086889
194.472221  0.086889
194.492220  0.087281
194.512220  0.087085
194.532219  0.087281
194.552218  0.087477
194.572217  0.087412
194.592216  0.087739
194.612216  0.087477
194.632215  0.087739
194.652214  0.087935
194.672213  0.088196
194.692212  0.088131
194.712212  0.088457
194.732211  0.088588
194.752210  0.088588
194.772209  0.088588
194.792208  0.088653
194.812208  0.089111
194.832207  0.089111
194.852206  0.089045
194.872205  0.089176
194.892204  0.089503
194.912204  0.089503
194.932203  0.089633
194.952202  0.089503
194.972201  0.089764
194.992200  0.089960
195.012200  0.090025
195.032199  0.090091
195.052198  0.090287
195.072197  0.090548
195.092196  0.090548
195.112196  0.090483
195.132195  0.090809
195.152194  0.090875
195.172193  0.090940
195.192192  0.091071
195.212192  0.091267
195.232191  0.091463
195.252190  0.091463
195.272189  0.091528
195.292188  0.091593
195.312188  0.091855
195.332187  0.091920
195.352186  0.091920
195.372185  0.092181
195.392184  0.092181
195.412184  0.092312
195.432183  0.092377
195.452182  0.092377
195.472181  0.092638
195.492180  0.092965
195.512180  0.092834
195.532179  0.092965
195.552178  0.093161
195.572177  0.093292
195.592176  0.093422
195.612176  0.093357
195.632175  0.093684
195.652174  0.093749
195.672173  0.093814
195.692172  0.093814
195.712172  0.094206
195.732171  0.094206
195.752170  0.094468
195.772169  0.094468
195.792168  0.094794
195.812168  0.094729
195.832167  0.094794
195.852166  0.094729
195.872165  0.095056
195.892164  0.094990
195.912164  0.095186
195.932163  0.095317
195.952162  0.095578
195.972161  0.095513
195.992160  0.095774
196.012160  0.095709
196.032159  0.095840
196.052158  0.096036
196.072157  0.096166
196.092156  0.096232
196.112156  0.096428
196.132155  0.096493
196.152154  0.096558
196.172153  0.096624
196.192152  0.096754
196.212152  0.096885
196.232151  0.097081
196.252150  0.097081
196.272149  0.097277
196.292148  0.097473
196.312148  0.097342
196.332147  0.097669
196.352146  0.097604
196.372145  0.097734
196.392144  0.097930
196.412144  0.097996
196.432143  0.098061
196.452142  0.098388
196.472141  0.098388
196.492140  0.098649
196.512140  0.098584
196.532139  0.098780
196.552138  0.098910
196.572137  0.098976
196.592136  0.099106
196.612136  0.099172
196.632135  0.099498
196.652134  0.099564
196.672133  0.099629
196.692132  0.099760
196.712132  0.099694
196.732131  0.099956
196.752130  0.100086
196.772129  0.099956
196.792128  0.100217
196.812128  0.100347
196.832127  0.100478
196.852126  0.100478
196.872125  0.100739
196.892124  0.100870
196.912124  0.100935
196.932123  0.100870
196.952122  0.101197
196.972121  0.101262
196.992120  0.101327
197.012120  0.101393
197.032119  0.101654
197.052118  0.101654
197.072117  0.101915
197.092116  0.101915
197.112116  0.101850
197.132115  0.102242
197.152114  0.102242
197.172113  0.102438
197.192112  0.102569
197.212112  0.102634
197.232111  0.102569
197.252110  0.102830
197.272109  0.103091
197.292108  0.103026
197.312108  0.103026
197.332107  0.103353
197.352106  0.103483
197.372105  0.103418
197.392104  0.103745
197.412104  0.103679
197.432103  0.103875
197.452102  0.103875
197.472101  0.104137
197.492100  0.104267
197.512100  0.104202
197.532099  0.104398
197.552098  0.104725
197.572097  0.104790
197.592096  0.104725
197.612096  0.104725
197.632095  0.104986
197.652094  0.105182
197.672093  0.105247
197.692092  0.105378
197.712092  0.105443
197.732091  0.105574
197.752090  0.105835
197.772089  0.105835
197.792088  0.105901
197.812088  0.106031
197.832087  0.106097
197.852086  0.106227
197.872085  0.106227
197.892084  0.106293
197.912084  0.106750
197.932083  0.106685
197.952082  0.106815
197.972081  0.106881
197.992080  0.107011
198.012080  0.107273
198.032079  0.107338
198.052078  0.107338
198.072077  0.107534
198.092076  0.107599
198.112076  0.107730
198.132075  0.107926
198.152074  0.107926
198.172073  0.107926
198.192072  0.108057
198.212072  0.108383
198.232071  0.108318
198.252070  0.108644
198.272069  0.108775
198.292068  0.108710
198.312068  0.108906
198.332067  0.109036
198.352066  0.109102
198.372065  0.109102
198.392064  0.109298
198.412064  0.109494
198.432063  0.109559
198.452062  0.109559
198.472061  0.109690
198.492060  0.109820
198.512060  0.110016
198.532059  0.110016
198.552058  0.110016
198.572057  0.110212
198.592056  0.110343
198.612056  0.110408
198.632055  0.110800
198.652054  0.110670
198.672053  0.110800
198.692052  0.110866
198.712052  0.110866
198.732051  0.111127
198.752050  0.111323
198.772049  0.111584
198.792048  0.111584
198.812048  0.111584
198.832047  0.111846
198.852046  0.111846
198.872045  0.111846
198.892044  0.112042
198.912044  0.112172
198.932043  0.112303
198.952042  0.112564
198.972041  0.112499
198.992040  0.112564
199.012040  0.112826
199.032039  0.112891
199.052038  0.113022
199.072037  0.113152
199.092036  0.113087
199.112036  0.113152
199.132035  0.113544
199.152034  0.113610
199.172033  0.113806
199.192032  0.113740
199.212032  0.114002
199.232031  0.113871
199.252030  0.114328
199.272029  0.114132
199.292028  0.114198
199.312028  0.114459
199.332027  0.114720
199.352026  0.114786
199.372025  0.114655
199.392024  0.114982
199.412024  0.114982
199.432023  0.115243
199.452022  0.115243
199.472021  0.115243
199.492020  0.115700
199.512020  0.115374
199.532019  0.115700
199.552018  0.115896
199.572017  0.116027
199.592016  0.115896
199.612016  0.115896
199.632015  0.116288
199.652014  0.116419
199.672013  0.116549
199.692012  0.116484
199.712012  0.116876
199.732011  0.116876
199.752010  0.116876
199.772009  0.117137
199.792008  0.117072
199.812008  0.117203
199.832007  0.117399
199.852006  0.117268
199.872005  0.117464
199.892004  0.117595
199.912004  0.117921
199.932003  0.117791
199.952002  0.118052
199.972001  0.118248
199.992000  0.118248
200.012000  0.118117
200.031999  0.118705
200.051998  0.118705
200.071997  0.118705
200.091996  0.118640
200.111996  0.118901
200.131995  0.118836
200.151994  0.119097
200.171993  0.119359
200.191992  0.119293
200.211992  0.119424
200.231991  0.119620
200.251990  0.119881
200.271989  0.119816
200.291988  0.119947
200.311988  0.120012
200.331987  0.120208
200.351986  0.120469
200.371985  0.120339
200.391984  0.120665
200.411984  0.120731
200.431983  0.120600
200.451982  0.120861
200.471981  0.120927
200.491980  0.121057
200.511980  0.120927
200.531979  0.121253
200.551978  0.121515
200.571977  0.121711
200.591976  0.121515
200.611976  0.121711
200.631975  0.122037
200.651974  0.122037
200.671973  0.122168
200.691972  0.122103
200.711972  0.122495
200.731971  0.122364
200.751970  0.122495
200.771969  0.122495
200.791968  0.122691
200.811968  0.123017
200.831967  0.122952
200.851966  0.122952
200.871965  0.123083
200.891964  0.123344
200.911964  0.123409
200.931963  0.123605
200.951962  0.123867
200.971961  0.123867
200.991960  0.123801
201.011960  0.123932
201.031959  0.124128
201.051958  0.124128
201.071957  0.124389
201.091956  0.124258
201.111956  0.124520
201.131955  0.124846
201.151954  0.124781
201.171953  0.124781
201.191952  0.124846
201.211952  0.125173
201.231951  0.125238
201.251950  0.125304
201.271949  0.125304
201.291948  0.125565
201.311948  0.125761
201.331947  0.125761
201.351946  0.125892
201.371945  0.125957
201.391944  0.126088
201.411944  0.126284
201.431943  0.126349
201.451942  0.126480
201.471941  0.126676
201.491940  0.126741
201.511940  0.126806
201.531939  0.126806
201.551938  0.127917
201.571937  0.127002
201.591936  0.127002
201.611936  0.127329
201.631935  0.127394
201.651934  0.127460
201.671933  0.127786
201.691932  0.127786
201.711932  0.127852
201.731931  0.127982
201.751930  0.127982
201.771929  0.127982
201.791928  0.128244
201.811928  0.128440
201.831927  0.128374
201.851926  0.128701
201.871925  0.128832
201.891924  0.128832
201.911924  0.129028
201.931923  0.129028
201.951922  0.129224
201.971921  0.129158
201.991920  0.129224
202.011920  0.129485
202.031919  0.129681
202.051918  0.129877
202.071917  0.129812
202.091916  0.129942
202.111916  0.130138
202.131915  0.130334
202.151914  0.130204
202.171913  0.130400
202.191912  0.130269
202.211912  0.130661
202.231911  0.130726
202.251910  0.130661
202.271909  0.130922
202.291908  0.131184
202.311908  0.131184
202.331907  0.131184
202.351906  0.131380
202.371905  0.131576
202.391904  0.131837
202.411904  0.131772
202.431903  0.131706
202.451902  0.132033
202.471901  0.132098
202.491900  0.132164
202.511900  0.132229
202.531899  0.132360
202.551898  0.132490
202.571897  0.132555
202.591896  0.132686
202.611896  0.132882
202.631895  0.133143
202.651894  0.133143
202.671893  0.133013
202.691892  0.133470
202.711892  0.133470
202.731891  0.133405
202.751890  0.133666
202.771889  0.133666
202.791888  0.133535
202.811888  0.133797
202.831887  0.133927
202.851886  0.133927
202.871885  0.134254
202.891884  0.134450
202.911884  0.134646
202.931883  0.134581
202.951882  0.134907
202.971881  0.134646
202.991880  0.134842
203.011880  0.135038
203.031879  0.135103
203.051878  0.135299
203.071877  0.135495
203.091876  0.135430
203.111876  0.135626
203.131875  0.135822
203.151874  0.135757
203.171873  0.135757
203.191872  0.135691
203.211872  0.136214
203.231871  0.136214
203.251870  0.136410
203.271869  0.136345
203.291868  0.136671
203.311868  0.136606
203.331867  0.136867
203.351866  0.136933
203.371865  0.137063
203.391864  0.137129
203.411864  0.137194
203.431863  0.137194
203.451862  0.137325
203.471861  0.137847
203.491860  0.137782
203.511860  0.137586
203.531859  0.137913
203.551858  0.137847
203.571857  0.138109
203.591856  0.138305
203.611856  0.138501
203.631855  0.138631
203.651854  0.138435
203.671853  0.138501
203.691852  0.138893
203.711852  0.138893
203.731851  0.138958
203.751850  0.139219
203.771849  0.139089
203.791848  0.139219
203.811848  0.139415
203.831847  0.139546
203.851846  0.139677
203.871845  0.139742
203.891844  0.139873
203.911844  0.139938
203.931843  0.140003
203.951842  0.140199
203.971841  0.140330
203.991840  0.140526
204.011840  0.140461
204.031839  0.140657
204.051838  0.140591
204.071837  0.140722
204.091836  0.141048
204.111836  0.141048
204.131835  0.141048
204.151834  0.141310
204.171833  0.141244
204.191832  0.141636
204.211832  0.141702
204.231831  0.141702
204.251830  0.141832
204.271829  0.141898
204.291828  0.142028
204.311828  0.142094
204.331827  0.142028
204.351826  0.142420
204.371825  0.142551
204.391824  0.142486
204.411824  0.142616
204.431823  0.142812
204.451822  0.143074
204.471821  0.142943
204.491820  0.143074
204.511820  0.143139
204.531819  0.143400
204.551818  0.143466
204.571817  0.143662
204.591816  0.143531
204.611816  0.143988
204.631815  0.143858
204.651814  0.143923
204.671813  0.144054
204.691812  0.144250
204.711812  0.144380
204.731811  0.144380
204.751810  0.144707
204.771809  0.144511
204.791808  0.144772
204.811808  0.144903
204.831807  0.144968
204.851806  0.145164
204.871805  0.145164
204.891804  0.145360
204.911804  0.145360
204.931803  0.145687
204.951802  0.145622
204.971801  0.145622
204.991800  0.146014
205.011800  0.146014
205.031799  0.146014
205.051798  0.146210
205.071797  0.146275
205.091796  0.146471
205.111796  0.146602
205.131795  0.146536
205.151794  0.146798
205.171793  0.146798
205.191792  0.146863
205.211792  0.146994
205.231791  0.147255
205.251790  0.147386
205.271789  0.147451
205.291788  0.147582
205.311788  0.147647
205.331787  0.147712
205.351786  0.147712
205.371785  0.147908
205.391784  0.148104
205.411784  0.148039
205.431783  0.148235
205.451782  0.148366
205.471781  0.148496
205.491780  0.148627
205.511780  0.148561
205.531779  0.148757
205.551778  0.149019
205.571777  0.148953
205.591776  0.149149
205.611776  0.149215
205.631775  0.149280
205.651774  0.149411
205.671773  0.149737
205.691772  0.149737
205.711772  0.149672
205.731771  0.150064
205.751770  0.150064
205.771769  0.150129
205.791768  0.150129
205.811768  0.150456
205.831767  0.150587
205.851766  0.150325
205.871765  0.150783
205.891764  0.150783
205.911764  0.150783
205.931763  0.150848
205.951762  0.150979
205.971761  0.151109
205.991760  0.151305
206.011760  0.151371
206.031759  0.151436
206.051758  0.151436
206.071757  0.151893
206.091756  0.151959
206.111756  0.151959
206.131755  0.152024
206.151754  0.152220
206.171753  0.152285
206.191752  0.152351
206.211752  0.152677
206.231751  0.152547
206.251750  0.152612
206.271749  0.152612
206.291748  0.152939
206.311748  0.152939
206.331747  0.153200
206.351746  0.153265
206.371745  0.153396
206.391744  0.153461
206.411744  0.153657
206.431743  0.153592
206.451742  0.153853
206.471741  0.153984
206.491740  0.154115
206.511740  0.153984
206.531739  0.153984
206.551738  0.154376
206.571737  0.154311
206.591736  0.154507
206.611736  0.154637
206.631735  0.154833
206.651734  0.154899
206.671733  0.154964
206.691732  0.155225
206.711732  0.155160
206.731731  0.155356
206.751730  0.155225
206.771729  0.155291
206.791728  0.155748
206.811728  0.155748
206.831727  0.156009
206.851726  0.155944
206.871725  0.156009
206.891724  0.156140
206.911724  0.156401
206.931723  0.156336
206.951722  0.156467
206.971721  0.156662
206.991720  0.156728
207.011720  0.156793
207.031719  0.156793
207.051718  0.156924
207.071717  0.157185
207.091716  0.157250
207.111716  0.157120
207.131715  0.157185
207.151714  0.157577
207.171713  0.157577
207.191712  0.157642
207.211712  0.157904
207.231711  0.157838
207.251710  0.157969
207.271709  0.158100
207.291708  0.158426
207.311708  0.158492
207.331707  0.158492
207.351706  0.158557
207.371705  0.158818
207.391704  0.158949
207.411704  0.158949
207.431703  0.159014
207.451702  0.159014
207.471701  0.159537
207.491700  0.159341
207.511700  0.159537
207.531699  0.159537
207.551698  0.159537
207.571697  0.159733
207.591696  0.159864
207.611696  0.159994
207.631695  0.160060
207.651694  0.160256
207.671693  0.160452
207.691692  0.160321
207.711692  0.160582
207.731691  0.160909
207.751690  0.160778
207.771689  0.160648
207.791688  0.161105
207.811688  0.161040
207.831687  0.161105
207.851686  0.161432
207.871685  0.161236
207.891684  0.161497
207.911684  0.161628
207.931683  0.161824
207.951682  0.161889
207.971681  0.162085
207.991680  0.161954
208.011680  0.162281
208.031679  0.162150
208.051678  0.162477
208.071677  0.162281
208.091676  0.162412
208.111676  0.162738
208.131675  0.162934
208.151674  0.162869
208.171673  0.162804
208.191672  0.163000
208.211672  0.163326
208.231671  0.163196
208.251670  0.163392
208.271669  0.163522
208.291668  0.163718
208.311668  0.163718
208.331667  0.163849
208.351666  0.163914
208.371665  0.164045
208.391664  0.164045
208.411664  0.164372
208.431663  0.164241
208.451662  0.164502
208.471661  0.164698
208.491660  0.164829
208.511660  0.164633
208.531659  0.164829
208.551658  0.165090
208.571657  0.165025
208.591656  0.165286
208.611656  0.165286
208.631655  0.165678
208.651654  0.165613
208.671653  0.165613
208.691652  0.165743
208.711652  0.165874
208.731651  0.165939
208.751650  0.166070
208.771649  0.166005
208.791648  0.166331
208.811648  0.166462
208.831647  0.166723
208.851646  0.166658
208.871645  0.166854
208.891644  0.166854
208.911644  0.166723
208.931643  0.166985
208.951642  0.167246
208.971641  0.167377
208.991640  0.167442
209.011640  0.167442
209.031639  0.167638
209.051638  0.167638
209.071637  0.167769
209.091636  0.168030
209.111636  0.167965
209.131635  0.168095
209.151634  0.168161
209.171633  0.168226
209.191632  0.168291
209.211632  0.168553
209.231631  0.168749
209.251630  0.168553
209.271629  0.168945
209.291628  0.169271
209.311628  0.168879
209.331627  0.169337
209.351626  0.169337
209.371625  0.169467
209.391624  0.169271
209.411624  0.169402
209.431623  0.169663
209.451622  0.169794
209.471621  0.169729
209.491620  0.169990
209.511620  0.169990
209.531619  0.170382
209.551618  0.170251
209.571617  0.170447
209.591616  0.170578
209.611616  0.170643
209.631615  0.170513
209.651614  0.170774
209.671613  0.170839
209.691612  0.171362
209.711612  0.171101
209.731611  0.171297
209.751610  0.171558
209.771609  0.171362
209.791608  0.171493
209.811608  0.171362
209.831607  0.171885
209.851606  0.171754
209.871605  0.171885
209.891604  0.172211
209.911604  0.172211
209.931603  0.172407
209.951602  0.172211
209.971601  0.172734
209.991600  0.172669
210.011600  0.172734
210.031599  0.172865
210.051598  0.172865
210.071597  0.173060
210.091596  0.173191
210.111596  0.173191
210.131595  0.173322
210.151594  0.173387
210.171593  0.173583
210.191592  0.173518
210.211592  0.173714
210.231591  0.173910
210.251590  0.174171
210.271589  0.174171
210.291588  0.174106
210.311588  0.174432
210.331587  0.174432
210.351586  0.174694
210.371585  0.174694
210.391584  0.174890
210.411584  0.174890
210.431583  0.175086
210.451582  0.174890
210.471581  0.175086
210.491580  0.175086
210.511580  0.175412
210.531579  0.175347
210.551578  0.175347
210.571577  0.175804
210.591576  0.175870
210.611576  0.175935
210.631575  0.176066
210.651574  0.176066
210.671573  0.176327
210.691572  0.176392
210.711572  0.176262
210.731571  0.176523
210.751570  0.176850
210.771569  0.176784
210.791568  0.177046
210.811568  0.177046
210.831567  0.177242
210.851566  0.177176
210.871565  0.177242
210.891564  0.177372
210.911564  0.177438
210.931563  0.177634
210.951562  0.177634
210.971561  0.177699
210.991560  0.178026
211.011560  0.177960
211.031559  0.177960
211.051558  0.177960
211.071557  0.178548
211.091556  0.178483
211.111556  0.178418
211.131555  0.178679
211.151554  0.178744
211.171553  0.179136
211.191552  0.179071
211.211552  0.179071
211.231551  0.179071
211.251550  0.179398
211.271549  0.179398
211.291548  0.179594
211.311548  0.179528
211.331547  0.179986
211.351546  0.179659
211.371545  0.179790
211.391544  0.180051
211.411544  0.180051
211.431543  0.180051
211.451542  0.180182
211.471541  0.180312
211.491540  0.180508
211.511540  0.180770
211.531539  0.180900
211.551538  0.180835
211.571537  0.181162
211.591536  0.181096
211.611536  0.181031
211.631535  0.181292
211.651534  0.181553
211.671533  0.181684
211.691532  0.181684
211.711532  0.181815
211.731531  0.181749
211.751530  0.182141
211.771529  0.182076
211.791528  0.182011
211.811528  0.182207
211.831527  0.182664
211.851526  0.182533
211.871525  0.182337
211.891524  0.182599
211.911524  0.182664
211.931523  0.182925
211.951522  0.182925
211.971521  0.183056
211.991520  0.183317
212.011520  0.183448
212.031519  0.183252
212.051518  0.183383
212.071517  0.183840
212.091516  0.183775
212.111516  0.183579
212.131515  0.183840
212.151514  0.184101
212.171513  0.184167
212.191512  0.184232
212.211512  0.184232
212.231511  0.184493
212.251510  0.184624
212.271509  0.184624
212.291508  0.184951
212.311508  0.184689
212.331507  0.184755
212.351506  0.185147
212.371505  0.185081
212.391504  0.185343
212.411504  0.185408
212.431503  0.185539
212.451502  0.185669
212.471501  0.185735
212.491500  0.185735
212.511500  0.185800
212.531499  0.185931
212.551498  0.186061
212.571497  0.186192
212.591496  0.186323
212.611496  0.186453
212.631495  0.186453
212.651494  0.186780
212.671493  0.186715
212.691492  0.186649
212.711492  0.186976
212.731491  0.187107
212.751490  0.187107
212.771489  0.187499
212.791488  0.187433
212.811488  0.187368
212.831487  0.187629
212.851486  0.187564
212.871485  0.187825
212.891484  0.187825
212.911484  0.187956
212.931483  0.188087
212.951482  0.188217
212.971481  0.188348
212.991480  0.188283
213.011480  0.188413
213.031479  0.188675
213.051478  0.188871
213.071477  0.188675
213.091476  0.188740
213.111476  0.188805
213.131475  0.189393
213.151474  0.189524
213.171473  0.189524
213.191472  0.189524
213.211472  0.189589
213.231471  0.189720
213.251470  0.189654
213.271469  0.189850
213.291468  0.189850
213.311468  0.189981
213.331467  0.190242
213.351466  0.190438
213.371465  0.190438
213.391464  0.190373
213.411464  0.190569
213.431463  0.190830
213.451462  0.190896
213.471461  0.190896
213.491460  0.191026
213.511460  0.191157
213.531459  0.191222
213.551458  0.191288
213.571457  0.191288
213.591456  0.191418
213.611456  0.191680
213.631455  0.191810
213.651454  0.191941
213.671453  0.191876
213.691452  0.192006
213.711452  0.192137
213.731451  0.192137
213.751450  0.192137
213.771449  0.192529
213.791448  0.192594
213.811448  0.192660
213.831447  0.192660
213.851446  0.192986
213.871445  0.193248
213.891444  0.192986
213.911444  0.193182
213.931443  0.193182
213.951442  0.193378
213.971441  0.193509
213.991440  0.193248
214.011440  0.193640
214.031439  0.193966
214.051438  0.193901
214.071437  0.193836
214.091436  0.193966
214.111436  0.194228
214.131435  0.194424
214.151434  0.194228
214.171433  0.194424
214.191432  0.194750
214.211432  0.194816
214.231431  0.194881
214.251430  0.195077
214.271429  0.195208
214.291428  0.195338
214.311428  0.195142
214.331427  0.195338
214.351426  0.195730
214.371425  0.195665
214.391424  0.195534
214.411424  0.195796
214.431423  0.195730
214.451422  0.196188
214.471421  0.196253
214.491420  0.195992
214.511420  0.196449
214.531419  0.196514
214.551418  0.196580
214.571417  0.196384
214.591416  0.196580
214.611416  0.196841
214.631415  0.196841
214.651414  0.197102
214.671413  0.197037
214.691412  0.197037
214.711412  0.197364
214.731411  0.197298
214.751410  0.197494
214.771409  0.197625
214.791408  0.197625
214.811408  0.197886
214.831407  0.197886
214.851406  0.197886
214.871405  0.198278
214.891404  0.198278
214.911404  0.198409
214.931403  0.198605
214.951402  0.198539
214.971401  0.198801
214.991400  0.198605
215.011400  0.198670
215.031399  0.198997
215.051398  0.199062
215.071397  0.199127
215.091396  0.199258
215.111396  0.199323
215.131395  0.199650
215.151394  0.199650
215.171393  0.199715
215.191392  0.199715
215.211392  0.199977
215.231391  0.199911
215.251390  0.200173
215.271389  0.200238
215.291388  0.200499
215.311388  0.200369
215.331387  0.200499
215.351386  0.200499
215.371385  0.200695
215.391384  0.201283
215.411384  0.201022
215.431383  0.201022
215.451382  0.200957
215.471381  0.201218
215.491380  0.201414
215.511380  0.201414
215.531379  0.201610
215.551378  0.201610
215.571377  0.201545
215.591376  0.201675
215.611376  0.201871
215.631375  0.202198
215.651374  0.202198
215.671373  0.202263
215.691372  0.202263
215.711372  0.202459
215.731371  0.202329
215.751370  0.202655
215.771369  0.202851
215.791368  0.202917
215.811368  0.203047
215.831367  0.202982
215.851366  0.203178
215.871365  0.203374
215.891364  0.203178
215.911364  0.203439
215.931363  0.203439
215.951362  0.203635
215.971361  0.203766
215.991360  0.203766
216.011360  0.204027
216.031359  0.203962
216.051358  0.204289
216.071357  0.204223
216.091356  0.204419
216.111356  0.204615
216.131355  0.204550
216.151354  0.204550
216.171353  0.204811
216.191352  0.204942
216.211352  0.204877
216.231351  0.205138
216.251350  0.205138
216.271349  0.205138
216.291348  0.205334
216.311348  0.205530
216.331347  0.205595
216.351346  0.205399
216.371345  0.205726
216.391344  0.205857
216.411344  0.206118
216.431343  0.206118
216.451342  0.206118
216.471341  0.206314
216.491340  0.206379
216.511340  0.206444
216.531339  0.206575
216.551338  0.206640
216.571337  0.207032
216.591336  0.206902
216.611336  0.207098
216.631335  0.207424
216.651334  0.207359
216.671333  0.207424
216.691332  0.207228
216.711332  0.207424
216.731331  0.207816
216.751330  0.208012
216.771329  0.207751
216.791328  0.207751
216.811328  0.208078
216.831327  0.208339
216.851326  0.208274
216.871325  0.208274
216.891324  0.208404
216.911324  0.208862
216.931323  0.208600
216.951322  0.208796
216.971321  0.208927
216.991320  0.209058
217.011320  0.208992
217.031319  0.208992
217.051318  0.209254
217.071317  0.209319
217.091316  0.209450
217.111316  0.209384
217.131315  0.209776
217.151314  0.209842
217.171313  0.210038
217.191312  0.209907
217.211312  0.210103
217.231311  0.210364
217.251310  0.210626
217.271309  0.210430
217.291308  0.210364
217.311308  0.210560
217.331307  0.210756
217.351306  0.210626
217.371305  0.210887
217.391304  0.211018
217.411304  0.211279
217.431303  0.211279
217.451302  0.211279
217.471301  0.211540
217.491300  0.211410
217.511300  0.211606
217.531299  0.211671
217.551298  0.211802
217.571297  0.212063
217.591296  0.211932
217.611296  0.212128
217.631295  0.212259
217.651294  0.212390
217.671293  0.212324
217.691292  0.212390
217.711292  0.212586
217.731291  0.212847
217.751290  0.212716
217.771289  0.213239
217.791288  0.213108
217.811288  0.213239
217.831287  0.213435
217.851286  0.213435
217.871285  0.213566
217.891284  0.213631
217.911284  0.213762
217.931283  0.213892
217.951282  0.213696
217.971281  0.214219
217.991280  0.214153
218.011280  0.214088
218.031279  0.213958
218.051278  0.214284
218.071277  0.214415
218.091276  0.214284
218.111276  0.214545
218.131275  0.214872
218.151274  0.214807
218.171273  0.214807
218.191272  0.215133
218.211272  0.215133
218.231271  0.215199
218.251270  0.215395
218.271269  0.215525
218.291268  0.215460
218.311268  0.215591
218.331267  0.215656
218.351266  0.216179
218.371265  0.215983
218.391264  0.215852
218.411264  0.216179
218.431263  0.216375
218.451262  0.216505
218.471261  0.216505
218.491260  0.216636
218.511260  0.216767
218.531259  0.217093
218.551258  0.216701
218.571257  0.216897
218.591256  0.216832
218.611256  0.217159
218.631255  0.217420
218.651254  0.217355
218.671253  0.217551
218.691252  0.217812
218.711252  0.217681
218.731251  0.217616
218.751250  0.217747
218.771249  0.218204
218.791248  0.218139
218.811248  0.218139
218.831247  0.218596
218.851246  0.218400
218.871245  0.218596
218.891244  0.218661
218.911244  0.218596
218.931243  0.218792
218.951242  0.219119
218.971241  0.219119
218.991240  0.219119
219.011240  0.219184
219.031239  0.219315
219.051238  0.219707
219.071237  0.219445
219.091236  0.219641
219.111236  0.219772
219.131235  0.219903
219.151234  0.220033
219.171233  0.219968
219.191232  0.220033
219.211232  0.220229
219.231231  0.220360
219.251230  0.220295
219.271229  0.220621
219.291228  0.220687
219.311228  0.220621
219.331227  0.220883
219.351226  0.220948
219.371225  0.220948
219.391224  0.220948
219.411224  0.221275
219.431223  0.221405
219.451222  0.221405
219.471221  0.221471
219.491220  0.221536
219.511220  0.221732
219.531219  0.221993
219.551218  0.221667
219.571217  0.222124
219.591216  0.222124
219.611216  0.222254
219.631215  0.222320
219.651214  0.222320
219.671213  0.222320
219.691212  0.222646
219.711212  0.222712
219.731211  0.222646
219.751210  0.222908
219.771209  0.223038
219.791208  0.223104
219.811208  0.223300
219.831207  0.223169
219.851206  0.223300
219.871205  0.223561
219.891204  0.223430
219.911204  0.223757
219.931203  0.223757
219.951202  0.223888
219.971201  0.224084
219.991200  0.224280
220.011200  0.224280
220.031199  0.224345
220.051198  0.224280
220.071197  0.224476
220.091196  0.224672
220.111196  0.224933
220.131195  0.224737
220.151194  0.224868
220.171193  0.225260
220.191192  0.225129
220.211192  0.225521
220.231191  0.225325
220.251190  0.225325
220.271189  0.225782
220.291188  0.225586
220.311188  0.225782
220.331187  0.225782
220.351186  0.226044
220.371185  0.226305
220.391184  0.226044
220.411184  0.226109
220.431183  0.226436
220.451182  0.226370
220.471181  0.226501
220.491180  0.226632
220.511180  0.226762
220.531179  0.227024
220.551178  0.226958
220.571177  0.226958
220.591176  0.227024
220.611176  0.227220
220.631175  0.227546
220.651174  0.227416
220.671173  0.227612
220.691172  0.227612
220.711172  0.227808
220.731171  0.227612
220.751170  0.227873
220.771169  0.228004
220.791168  0.228069
220.811168  0.228200
220.831167  0.228330
220.851166  0.228330
220.871165  0.228461
220.891164  0.229376
220.911164  0.228722
220.931163  0.228788
220.951162  0.228918
220.971161  0.228984
220.991160  0.229049
221.011160  0.229310
221.031159  0.229114
221.051158  0.229441
221.071157  0.229768
221.091156  0.229702
221.111156  0.229702
221.131155  0.229964
221.151154  0.229898
221.171153  0.229964
221.191152  0.230159
221.211152  0.230225
221.231151  0.230421
221.251150  0.230421
221.271149  0.230356
221.291148  0.230486
221.311148  0.230878
221.331147  0.230682
221.351146  0.230747
221.371145  0.230943
221.391144  0.231139
221.411144  0.231335
221.431143  0.231270
221.451142  0.231401
221.471141  0.231466
221.491140  0.231793
221.511140  0.231662
221.531139  0.231793
221.551138  0.232119
221.571137  0.232250
221.591136  0.232185
221.611136  0.232054
221.631135  0.232185
221.651134  0.232511
221.671133  0.232511
221.691132  0.232381
221.711132  0.232773
221.731131  0.232903
221.751130  0.232838
221.771129  0.232969
221.791128  0.233165
221.811128  0.233230
221.831127  0.233295
221.851126  0.233361
221.871125  0.233491
221.891124  0.233753
221.911124  0.233818
221.931123  0.233557
221.951122  0.233883
221.971121  0.234210
221.991120  0.234210
222.011120  0.234145
222.031119  0.234210
222.051118  0.234341
222.071117  0.234537
222.091116  0.234537
222.111116  0.234471
222.131115  0.234667
222.151114  0.234863
222.171113  0.235190
222.191112  0.234994
222.211112  0.235386
222.231111  0.235059
222.251110  0.235517
222.271109  0.235386
222.291108  0.235582
222.311108  0.235713
222.331107  0.235778
222.351106  0.235909
222.371105  0.235843
222.391104  0.236235
222.411104  0.236170
222.431103  0.236170
222.451102  0.236431
222.471101  0.236627
222.491100  0.236627
222.511100  0.236823
222.531099  0.236497
222.551098  0.236889
222.571097  0.236954
222.591096  0.236889
222.611096  0.237150
222.631095  0.237346
222.651094  0.237477
222.671093  0.237477
222.691092  0.237673
222.711092  0.237673
222.731091  0.237869
222.751090  0.237803
222.771089  0.237999
222.791088  0.238326
222.811088  0.238065
222.831087  0.238195
222.851086  0.238326
222.871085  0.238457
222.891084  0.238652
222.911084  0.238587
222.931083  0.238718
222.951082  0.238979
222.971081  0.239044
222.991080  0.239110
223.011080  0.239044
223.031079  0.239175
223.051078  0.239436
223.071077  0.239371
223.091076  0.238587
223.111076  0.239698
223.131075  0.239567
223.151074  0.239828
223.171073  0.239763
223.191072  0.240090
223.211072  0.239959
223.231071  0.240351
223.251070  0.240220
223.271069  0.240351
223.291068  0.240874
223.311068  0.240743
223.331067  0.240743
223.351066  0.240808
223.371065  0.241004
223.391064  0.240874
223.411064  0.241070
223.431063  0.241135
223.451062  0.241396
223.471061  0.241396
223.491060  0.241396
223.511060  0.241462
223.531059  0.241723
223.551058  0.241854
223.571057  0.241919
223.591056  0.241723
223.611056  0.241984
223.631055  0.242180
223.651054  0.242180
223.671053  0.242507
223.691052  0.242442
223.711052  0.242311
223.731051  0.242442
223.751050  0.242899
223.771049  0.243160
223.791048  0.243095
223.811048  0.243030
223.831047  0.243226
223.851046  0.243356
223.871045  0.243356
223.891044  0.243422
223.911044  0.243422
223.931043  0.243487
223.951042  0.243683
223.971041  0.243814
223.991040  0.244010
224.011040  0.243944
224.031039  0.244206
224.051038  0.243944
224.071037  0.244336
224.091036  0.244532
224.111036  0.244663
224.131035  0.244467
224.151034  0.244663
224.171033  0.244859
224.191032  0.244924
224.211032  0.245055
224.231031  0.245055
224.251030  0.245186
224.271029  0.245578
224.291028  0.245382
224.311028  0.245512
224.331027  0.245512
224.351026  0.245578
224.371025  0.245839
224.391024  0.245904
224.411024  0.245839
224.431023  0.246035
224.451022  0.246231
224.471021  0.246296
224.491020  0.246362
224.511020  0.246558
224.531019  0.246558
224.551018  0.246819
224.571017  0.246623
224.591016  0.246688
224.611016  0.246884
224.631015  0.247015
224.651014  0.247145
224.671013  0.247276
224.691012  0.247341
224.711012  0.247211
224.731011  0.247537
224.751010  0.247537
224.771009  0.247733
224.791008  0.247799
224.811008  0.247929
224.831007  0.247995
224.851006  0.248191
224.871005  0.248256
224.891004  0.248191
224.911004  0.248452
224.931003  0.248648
224.951002  0.248583
224.971001  0.248975
224.991000  0.248909
225.011000  0.248779
225.030999  0.249105
225.050998  0.249236
225.070997  0.249301
225.090996  0.249236
225.110996  0.249367
225.130995  0.249497
225.150994  0.249628
225.170993  0.249955
225.190992  0.249693
225.210992  0.249955
225.230991  0.249955
225.250990  0.250020
225.270989  0.250281
225.290988  0.250151
225.310988  0.250347
225.330987  0.250543
225.350986  0.250543
225.370985  0.250608
225.390984  0.251000
225.410984  0.250935
225.430983  0.250739
225.450982  0.251131
225.470981  0.251261
225.490980  0.251196
225.510980  0.251392
225.530979  0.251392
225.550978  0.251457
225.570977  0.251392
225.590976  0.251915
225.610976  0.251915
225.630975  0.251849
225.650974  0.252045
225.670973  0.252241
225.690972  0.252372
225.710972  0.252307
225.730971  0.252372
225.750970  0.252633
225.770969  0.252633
225.790968  0.252699
225.810968  0.252895
225.830967  0.252895
225.850966  0.252960
225.870965  0.253156
225.890964  0.253091
225.910964  0.253352
225.930963  0.253352
225.950962  0.253548
225.970961  0.253679
225.990960  0.253613
226.010960  0.253875
226.030959  0.253744
226.050958  0.254071
226.070957  0.254201
226.090956  0.254267
226.110956  0.254201
226.130955  0.254332
226.150954  0.254267
226.170953  0.254463
226.190952  0.254593
226.210952  0.254659
226.230951  0.254789
226.250950  0.255051
226.270949  0.254920
226.290948  0.255116
226.310948  0.255246
226.330947  0.255443
226.350946  0.255443
226.370945  0.255377
226.390944  0.255638
226.410944  0.255834
226.430943  0.255704
226.450942  0.255900
226.470941  0.255834
226.490940  0.256292
226.510940  0.256096
226.530939  0.256161
226.550938  0.256357
226.570937  0.256618
226.590936  0.256749
226.610936  0.256749
226.630935  0.256618
226.650934  0.256749
226.670933  0.257010
226.690932  0.256880
226.710932  0.257141
226.730931  0.257076
226.750930  0.257533
226.770929  0.257598
226.790928  0.257533
226.810928  0.257729
226.830927  0.257664
226.850926  0.257860
226.870925  0.257925
226.890924  0.257860
226.910924  0.258121
226.930923  0.257925
226.950922  0.258382
226.970921  0.258448
226.990920  0.258709
227.010920  0.258905
227.030919  0.258448
227.050918  0.258709
227.070917  0.259036
227.090916  0.259101
227.110916  0.259101
227.130915  0.259101
227.150914  0.259232
227.170913  0.259297
227.190912  0.259493
227.210912  0.259493
227.230911  0.259493
227.250910  0.259950
227.270909  0.259950
227.290908  0.259885
227.310908  0.260277
227.330907  0.260408
227.350906  0.260277
227.370905  0.260212
227.390904  0.260473
227.410904  0.260473
227.430903  0.260408
227.450902  0.260800
227.470901  0.260669
227.490900  0.260996
227.510900  0.260865
227.530899  0.261061
227.550898  0.261192
227.570897  0.261322
227.590896  0.261322
227.610896  0.261453
227.630895  0.261453
227.650894  0.261714
227.670893  0.261780
227.690892  0.261714
227.710892  0.261976
227.730891  0.261976
227.750890  0.262302
227.770889  0.262237
227.790888  0.262172
227.810888  0.262368
227.830887  0.262629
227.850886  0.262629
227.870885  0.262760
227.890884  0.262890
227.910884  0.263021
227.930883  0.262629
227.950882  0.263151
227.970881  0.263086
227.990880  0.263151
228.010880  0.263282
228.030879  0.263609
228.050878  0.263609
228.070877  0.263543
228.090876  0.263739
228.110876  0.263870
228.130875  0.263935
228.150874  0.264001
228.170873  0.264131
228.190872  0.264131
228.210872  0.264523
228.230871  0.264719
228.250870  0.264523
228.270869  0.264393
228.290868  0.264719
228.310868  0.264785
228.330867  0.264915
228.350866  0.264981
228.370865  0.265111
228.390864  0.265177
228.410864  0.265438
228.430863  0.265307
228.450862  0.265438
228.470861  0.265438
228.490860  0.265634
228.510860  0.265961
228.530859  0.265895
228.550858  0.266157
228.570857  0.265961
228.590856  0.266157
228.610856  0.266287
228.630855  0.266353
228.650854  0.266483
228.670853  0.266614
228.690852  0.266483
228.710852  0.266875
228.730851  0.266745
228.750850  0.266810
228.770849  0.267006
228.790848  0.267202
228.810848  0.267267
228.830847  0.267137
228.850846  0.267398
228.870845  0.267463
228.890844  0.267855
228.910844  0.267790
228.930843  0.267725
228.950842  0.267986
228.970841  0.267921
228.990840  0.268247
229.010840  0.268182
229.030839  0.268117
229.050838  0.268574
229.070837  0.268509
229.090836  0.268770
229.110836  0.268705
229.130835  0.268835
229.150834  0.268835
229.170833  0.268901
229.190832  0.268835
229.210832  0.268966
229.230831  0.269162
229.250830  0.269227
229.270829  0.269293
229.290828  0.269685
229.310828  0.269619
229.330827  0.269619
229.350826  0.269685
229.370825  0.270011
229.390824  0.270011
229.410824  0.270207
229.430823  0.270011
229.450822  0.270338
229.470821  0.270469
229.490820  0.270599
229.510820  0.270469
229.530819  0.270469
229.550818  0.270730
229.570817  0.270730
229.590816  0.270991
229.610816  0.271122
229.630815  0.271057
229.650814  0.271187
229.670813  0.271318
229.690812  0.271383
229.710812  0.271448
229.730811  0.271579
229.750810  0.271448
229.770809  0.271644
229.790808  0.271906
229.810808  0.272036
229.830807  0.272036
229.850806  0.272232
229.870805  0.272232
229.890804  0.272363
229.910804  0.272494
229.930803  0.272494
229.950802  0.272755
229.970801  0.272755
229.990800  0.272820
230.010800  0.272886
230.030799  0.273016
230.050798  0.273082
230.070797  0.273343
230.090796  0.273408
230.110796  0.273343
230.130795  0.273278
230.150794  0.273604
230.170793  0.273735
230.190792  0.273800
230.210792  0.273996
230.230791  0.273800
230.250790  0.273931
230.270789  0.274258
230.290788  0.274192
230.310788  0.274323
230.330787  0.274258
230.350786  0.274519
230.370785  0.274650
230.390784  0.274846
230.410784  0.274780
230.430783  0.274911
230.450782  0.274911
230.470781  0.274911
230.490780  0.275172
230.510780  0.275303
230.530779  0.275368
230.550778  0.275368
230.570777  0.275434
230.590776  0.275695
230.610776  0.275695
230.630775  0.275826
230.650774  0.275956
230.670773  0.276218
230.690772  0.276152
230.710772  0.276087
230.730771  0.276348
230.750770  0.276544
230.770769  0.276348
230.790768  0.276414
230.810768  0.276675
230.830767  0.276936
230.850766  0.276936
230.870765  0.277067
230.890764  0.277198
230.910764  0.277132
230.930763  0.277263
230.950762  0.277263
230.970761  0.278570
230.990760  0.277524
231.010760  0.277720
231.030759  0.277916
231.050758  0.277851
231.070757  0.277851
231.090756  0.277982
231.110756  0.277851
231.130755  0.278308
231.150754  0.278047
231.170753  0.278570
231.190752  0.278570
231.210752  0.278570
231.230751  0.278635
231.250750  0.278896
231.270749  0.278831
231.290748  0.278896
231.310748  0.278700
231.330747  0.279223
231.350746  0.279354
231.370745  0.279158
231.390744  0.279419
231.410744  0.279419
231.430743  0.279745
231.450742  0.279811
231.470741  0.279876
231.490740  0.279876
231.510740  0.280007
231.530739  0.280137
231.550738  0.280268
231.570737  0.280072
231.590736  0.280464
231.610736  0.280464
231.630735  0.280660
231.650734  0.280464
231.670733  0.280725
231.690732  0.280791
231.710732  0.280921
231.730731  0.280987
231.750730  0.281117
231.770729  0.281117
231.790728  0.281052
231.810728  0.281444
231.830727  0.281640
231.850726  0.281640
231.870725  0.281444
231.890724  0.281705
231.910724  0.282032
231.930723  0.281901
231.950722  0.282032
231.970721  0.282228
231.990720  0.282163
232.010720  0.282228
232.030719  0.282359
232.050718  0.282489
232.070717  0.282359
232.090716  0.282751
232.110716  0.282751
232.130715  0.282685
232.150714  0.282947
232.170713  0.282947
232.190712  0.283012
232.210712  0.283339
232.230711  0.283535
232.250710  0.283339
232.270709  0.283535
232.290708  0.283731
232.310708  0.283731
232.330707  0.283992
232.350706  0.283600
232.370705  0.283796
232.390704  0.283992
232.410704  0.284188
232.430703  0.284384
232.450702  0.284384
232.470701  0.284319
232.490700  0.284776
232.510700  0.284580
232.530699  0.284580
232.550698  0.284515
232.570697  0.284972
232.590696  0.285168
232.610696  0.284776
232.630695  0.285168
232.650694  0.285429
232.670693  0.285364
232.690692  0.285560
232.710692  0.285560
232.730691  0.285625
232.750690  0.285887
232.770689  0.285756
232.790688  0.285821
232.810688  0.286083
232.830687  0.286148
232.850686  0.286213
232.870685  0.286213
232.890684  0.286475
232.910684  0.286540
232.930683  0.286605
232.950682  0.286540
232.970681  0.286801
232.990680  0.286801
233.010680  0.286867
233.030679  0.286932
233.050678  0.287063
233.070677  0.287259
233.090676  0.287585
233.110676  0.287389
233.130675  0.287520
233.150674  0.287650
233.170673  0.287650
233.190672  0.287912
233.210672  0.287781
233.230671  0.288108
233.250670  0.288108
233.270669  0.288238
233.290668  0.288173
233.310668  0.288304
233.330667  0.288565
233.350666  0.288630
233.370665  0.288500
233.390664  0.288696
233.410664  0.288957
233.430663  0.288761
233.450662  0.288761
233.470661  0.289088
233.490660  0.289284
233.510660  0.289284
233.530659  0.289676
233.550658  0.289610
233.570657  0.289741
233.590656  0.289741
233.610656  0.289741
233.630655  0.289741
233.650654  0.289872
233.670653  0.290068
233.690652  0.290264
233.710652  0.290198
233.730651  0.290460
233.750650  0.290264
233.770649  0.290394
233.790648  0.290525
233.810648  0.290786
233.830647  0.290786
233.850646  0.290786
233.870645  0.291048
233.890644  0.291048
233.910644  0.291309
233.930643  0.291048
233.950642  0.291374
233.970641  0.291374
233.990640  0.291505
234.010640  0.291636
234.030639  0.291636
234.050638  0.291897
234.070637  0.291962
234.090636  0.291832
234.110636  0.291962
234.130635  0.292224
234.150634  0.292289
234.170633  0.292158
234.190632  0.292485
234.210632  0.292420
234.230631  0.292485
234.250630  0.292681
234.270629  0.292812
234.290628  0.292942
234.310628  0.293073
234.330627  0.293073
234.350626  0.293073
234.370625  0.293204
234.390624  0.293400
234.410624  0.293530
234.430623  0.293400
234.450622  0.293596
234.470621  0.293857
234.490620  0.293792
234.510620  0.293922
234.530619  0.293988
234.550618  0.294118
234.570617  0.294184
234.590616  0.294053
234.610616  0.294380
234.630615  0.294706
234.650614  0.294445
234.670613  0.294576
234.690612  0.294510
234.710612  0.294772
234.730611  0.294968
234.750610  0.295098
234.770609  0.295098
234.790608  0.295164
234.810608  0.295164
234.830607  0.295425
234.850606  0.295490
234.870605  0.295556
234.890604  0.295686
234.910604  0.295817
234.930603  0.295621
234.950602  0.295752
234.970601  0.296078
234.990600  0.296078
235.010600  0.296013
235.030599  0.296078
235.050598  0.296470
235.070597  0.296339
235.090596  0.296666
235.110596  0.296405
235.130595  0.296797
235.150594  0.296993
235.170593  0.297058
235.190592  0.296993
235.210592  0.296993
235.230591  0.297189
235.250590  0.297123
235.270589  0.297515
235.290588  0.297385
235.310588  0.297385
235.330587  0.297842
235.350586  0.297581
235.370585  0.297973
235.390584  0.297842
235.410584  0.298038
235.430583  0.297973
235.450582  0.298169
235.470581  0.298430
235.490580  0.298365
235.510580  0.298299
235.530579  0.298626
235.550578  0.298757
235.570577  0.298561
235.590576  0.298887
235.610576  0.298757
235.630575  0.298953
235.650574  0.298822
235.670573  0.299279
235.690572  0.299475
235.710572  0.299345
235.730571  0.299475
235.750570  0.299541
235.770569  0.299802
235.790568  0.299867
235.810568  0.299802
235.830567  0.299802
235.850566  0.299867
235.870565  0.299933
235.890564  0.300259
235.910564  0.300129
235.930563  0.300259
235.950562  0.300390
235.970561  0.300586
235.990560  0.300717
236.010560  0.300913
236.030559  0.301043
236.050558  0.300847
236.070557  0.301043
236.090556  0.301109
236.110556  0.301305
236.130555  0.301305
236.150554  0.301043
236.170553  0.301370
236.190552  0.301566
236.210552  0.301566
236.230551  0.301697
236.250550  0.301827
236.270549  0.302023
236.290548  0.301958
236.310548  0.302154
236.330547  0.302089
236.350546  0.302219
236.370545  0.302481
236.390544  0.302481
236.410544  0.302415
236.430543  0.302938
236.450542  0.302611
236.470541  0.302807
236.490540  0.302873
236.510540  0.302807
236.530539  0.303199
236.550538  0.303265
236.570537  0.303330
236.590536  0.303134
236.610536  0.303526
236.630535  0.303395
236.650534  0.303526
236.670533  0.303657
236.690532  0.303853
236.710532  0.303918
236.730531  0.303918
236.750530  0.304114
236.770529  0.304310
236.790528  0.304310
236.810528  0.304310
236.830527  0.304244
236.850526  0.304506
236.870525  0.304571
236.890524  0.304571
236.910524  0.304898
236.930523  0.304832
236.950522  0.305094
236.970521  0.305290
236.990520  0.305094
237.010520  0.305094
237.030519  0.305355
237.050518  0.305224
237.070517  0.305616
237.090516  0.305747
237.110516  0.305616
237.130515  0.305878
237.150514  0.305812
237.170513  0.306074
237.190512  0.306139
237.210512  0.306204
237.230511  0.306008
237.250510  0.306270
237.270509  0.306531
237.290508  0.306335
237.310508  0.306466
237.330507  0.307054
237.350506  0.306531
237.370505  0.306923
237.390504  0.306988
237.410504  0.307054
237.430503  0.307250
237.450502  0.307184
237.470501  0.307250
237.490500  0.307315
237.510500  0.307642
237.530499  0.307446
237.550498  0.307446
237.570497  0.307772
237.590496  0.307772
237.610496  0.308034
237.630495  0.308164
237.650494  0.308034
237.670493  0.308426
237.690492  0.308230
237.710492  0.308360
237.730491  0.308360
237.750490  0.308752
237.770489  0.308360
237.790488  0.308622
237.810488  0.308883
237.830487  0.309014
237.850486  0.309079
237.870485  0.309144
237.890484  0.309406
237.910484  0.309406
237.930483  0.309471
237.950482  0.309471
237.970481  0.309602
237.990480  0.309602
238.010480  0.309667
238.030479  0.309798
238.050478  0.309928
238.070477  0.310190
238.090476  0.309928
238.110476  0.310124
238.130475  0.310059
238.150474  0.310516
238.170473  0.310843
238.190472  0.310582
238.210472  0.310451
238.230471  0.310974
238.250470  0.310974
238.270469  0.311039
238.290468  0.310778
238.310468  0.310712
238.330467  0.311235
238.350466  0.311366
238.370465  0.311104
238.390464  0.311366
238.410464  0.311758
238.430463  0.311627
238.450462  0.311496
238.470461  0.311888
238.490460  0.311823
238.510460  0.312150
238.530459  0.312084
238.550458  0.312215
238.570457  0.312411
238.590456  0.312215
238.610456  0.312542
238.630455  0.312346
238.650454  0.312542
238.670453  0.312934
238.690452  0.312934
238.710452  0.312999
238.730451  0.312934
238.750450  0.313129
238.770449  0.312999
238.790448  0.313260
238.810448  0.313260
238.830447  0.313521
238.850446  0.313652
238.870445  0.313587
238.890444  0.313783
238.910444  0.313717
238.930443  0.313913
238.950442  0.313979
238.970441  0.314175
238.990440  0.314044
239.010440  0.314371
239.030439  0.314240
239.050438  0.314436
239.070437  0.314567
239.090436  0.314567
239.110436  0.314567
239.130435  0.314632
239.150434  0.314959
239.170433  0.314893
239.190432  0.315024
239.210432  0.315024
239.230431  0.315285
239.250430  0.315155
239.270429  0.315351
239.290428  0.315481
239.310428  0.315677
239.330427  0.315547
239.350426  0.315612
239.370425  0.315808
239.390424  0.315873
239.410424  0.316004
239.430423  0.316135
239.450422  0.316265
239.470421  0.316592
239.490420  0.316396
239.510420  0.316331
239.530419  0.316592
239.550418  0.316657
239.570417  0.316788
239.590416  0.316657
239.610416  0.316984
239.630415  0.317115
239.650414  0.317049
239.670413  0.316984
239.690412  0.317180
239.710412  0.317245
239.730411  0.317507
239.750410  0.317637
239.770409  0.317572
239.790408  0.317768
239.810408  0.317899
239.830407  0.317964
239.850406  0.317899
239.870405  0.318029
239.890404  0.318029
239.910404  0.318225
239.930403  0.318291
239.950402  0.318421
239.970401  0.318617
239.990400  0.318683
240.010400  0.318617
240.030399  0.318748
240.050398  0.318813
240.070397  0.318813
240.090396  0.318944
240.110396  0.319205
240.130395  0.319140
240.150394  0.319271
240.170393  0.319401
240.190392  0.319401
240.210392  0.319663
240.230391  0.319728
240.250390  0.319793
240.270389  0.319793
240.290388  0.319859
240.310388  0.319989
240.330387  0.320251
240.350386  0.320316
240.370385  0.320447
240.390384  0.320251
240.410384  0.320512
240.430383  0.320251
240.450382  0.320577
240.470381  0.320708
240.490380  0.320773
240.510380  0.320969
240.530379  0.321034
240.550378  0.321100
240.570377  0.321100
240.590376  0.321361
240.610376  0.321165
240.630375  0.321426
240.650374  0.321361
240.670373  0.321622
240.690372  0.321753
240.710372  0.321884
240.730371  0.321753
240.750370  0.321884
240.770369  0.321949
240.790368  0.322210
240.810368  0.322210
240.830367  0.322210
240.850366  0.322341
240.870365  0.322472
240.890364  0.322798
240.910364  0.322668
240.930363  0.322602
240.950362  0.322994
240.970361  0.322994
240.990360  0.322929
241.010360  0.323190
241.030359  0.323190
241.050358  0.323386
241.070357  0.323256
241.090356  0.323386
241.110356  0.323778
241.130355  0.323778
241.150354  0.323778
241.170353  0.323452
241.190352  0.323778
241.210352  0.323974
241.230351  0.323909
241.250350  0.324170
241.270349  0.324236
241.290348  0.324366
241.310348  0.324562
241.330347  0.324301
241.350346  0.324432
241.370345  0.324824
241.390344  0.324889
241.410344  0.324889
241.430343  0.324889
241.450342  0.324954
241.470341  0.325150
241.490340  0.324954
241.510340  0.325412
241.530339  0.325477
241.550338  0.325738
241.570337  0.325346
241.590336  0.325542
241.610336  0.325934
241.630335  0.325869
241.650334  0.325804
241.670333  0.325869
241.690332  0.325934
241.710332  0.326196
241.730331  0.326130
241.750330  0.326326
241.770329  0.326392
241.790328  0.326588
241.810328  0.326784
241.830327  0.326784
241.850326  0.326784
241.870325  0.326849
241.890324  0.326980
241.910324  0.327045
241.930323  0.327045
241.950322  0.327176
241.970321  0.327437
241.990320  0.327241
242.010320  0.327437
242.030319  0.327502
242.050318  0.327764
242.070317  0.327502
242.090316  0.327894
242.110316  0.328025
242.130315  0.328090
242.150314  0.328025
242.170313  0.328221
242.190312  0.328156
242.210312  0.328417
242.230311  0.328548
242.250310  0.328482
242.270309  0.328613
242.290308  0.328613
242.310308  0.328874
242.330307  0.329070
242.350306  0.329005
242.370305  0.328744
242.390304  0.329201
242.410304  0.329266
242.430303  0.329266
242.450302  0.329397
242.470301  0.329201
242.490300  0.329527
242.510300  0.329789
242.530299  0.329723
242.550298  0.329919
242.570297  0.329854
242.590296  0.330050
242.610296  0.330311
242.630295  0.329985
242.650294  0.330442
242.670293  0.330181
242.690292  0.330507
242.710292  0.330703
242.730291  0.330703
242.750290  0.330834
242.770289  0.330703
242.790288  0.330834
242.810288  0.330899
242.830287  0.331095
242.850286  0.331291
242.870285  0.331291
242.890284  0.331291
242.910284  0.331357
242.930283  0.331553
242.950282  0.331749
242.970281  0.331618
242.990280  0.331814
243.010280  0.332010
243.030279  0.332010
243.050278  0.332010
243.070277  0.332141
243.090276  0.332141
243.110276  0.332206
243.130275  0.332337
243.150274  0.332467
243.170273  0.332794
243.190272  0.332729
243.210272  0.332794
243.230271  0.332794
243.250270  0.332859
243.270269  0.332925
243.290268  0.333055
243.310268  0.333447
243.330267  0.333447
243.350266  0.333317
243.370265  0.333251
243.390264  0.333709
243.410264  0.333513
243.430263  0.333578
243.450262  0.333905
243.470261  0.333774
243.490260  0.333774
243.510260  0.333905
243.530259  0.334101
243.550258  0.334166
243.570257  0.334427
243.590256  0.334558
243.610256  0.334427
243.630255  0.334558
243.650254  0.334689
243.670253  0.334558
243.690252  0.334754
243.710252  0.334885
243.730251  0.335015
243.750250  0.335081
243.770249  0.334950
243.790248  0.335081
243.810248  0.335342
243.830247  0.335277
243.850246  0.335342
243.870245  0.335734
243.890244  0.335734
243.910244  0.335865
243.930243  0.335995
243.950242  0.335865
243.970241  0.335799
243.990240  0.336126
244.010240  0.336191
244.030239  0.336257
244.050238  0.336257
244.070237  0.336518
244.090236  0.336649
244.110236  0.336649
244.130235  0.336649
244.150234  0.336910
244.170233  0.336910
244.190232  0.336975
244.210232  0.336910
244.230231  0.336910
244.250230  0.337302
244.270229  0.337236
244.290228  0.337433
244.310228  0.337563
244.330227  0.337628
244.350226  0.337628
244.370225  0.337498
244.390224  0.337563
244.410224  0.337694
244.430223  0.338086
244.450222  0.338020
244.470221  0.338282
244.490220  0.338347
244.510220  0.338347
244.530219  0.338347
244.550218  0.338412
244.570217  0.338412
244.590216  0.338674
244.610216  0.338608
244.630215  0.338935
244.650214  0.338935
244.670213  0.339066
244.690212  0.339066
244.710212  0.339000
244.730211  0.339262
244.750210  0.339392
244.770209  0.339262
244.790208  0.339719
244.810208  0.339654
244.830207  0.339654
244.850206  0.339850
244.870205  0.339654
244.890204  0.339915
244.910204  0.339915
244.930203  0.340111
244.950202  0.340372
244.970201  0.340242
244.990200  0.340307
245.010200  0.340242
245.030199  0.340764
245.050198  0.340699
245.070197  0.340503
245.090196  0.340830
245.110196  0.340830
245.130195  0.340960
245.150194  0.341156
245.170193  0.341156
245.190192  0.341222
245.210192  0.341483
245.230191  0.341483
245.250190  0.341548
245.270189  0.341548
245.290188  0.341614
245.310188  0.341614
245.330187  0.341744
245.350186  0.341679
245.370185  0.342202
245.390184  0.342202
245.410184  0.342006
245.430183  0.342267
245.450182  0.342463
245.470181  0.342202
245.490180  0.342659
245.510180  0.342594
245.530179  0.342724
245.550178  0.342790
245.570177  0.343051
245.590176  0.343116
245.610176  0.342920
245.630175  0.343182
245.650174  0.343247
245.670173  0.343378
245.690172  0.343247
245.710172  0.343312
245.730171  0.343574
245.750170  0.343574
245.770169  0.343639
245.790168  0.343900
245.810168  0.343835
245.830167  0.344031
245.850166  0.343835
245.870165  0.344096
245.890164  0.344488
245.910164  0.344292
245.930163  0.344488
245.950162  0.344358
245.970161  0.344554
245.990160  0.344750
246.010160  0.344684
246.030159  0.344750
246.050158  0.344815
246.070157  0.345011
246.090156  0.345076
246.110156  0.345142
246.130155  0.345207
246.150154  0.345272
246.170153  0.345337
246.190152  0.345272
246.210152  0.345664
246.230151  0.345730
246.250150  0.345795
246.270149  0.345664
246.290148  0.345795
246.310148  0.345925
246.330147  0.346383
246.350146  0.346252
246.370145  0.346317
246.390144  0.346383
246.410144  0.346579
246.430143  0.346513
246.450142  0.346448
246.470141  0.346709
246.490140  0.346775
246.510140  0.346775
246.530139  0.346905
246.550138  0.346971
246.570137  0.347101
246.590136  0.347101
246.610136  0.347232
246.630135  0.347363
246.650134  0.347428
246.670133  0.347297
246.690132  0.347689
246.710132  0.347559
246.730131  0.347559
246.750130  0.347755
246.770129  0.347951
246.790128  0.347951
246.810128  0.348016
246.830127  0.348147
246.850126  0.348408
246.870125  0.348343
246.890124  0.348277
246.910124  0.348408
246.930123  0.348473
246.950122  0.348931
246.970121  0.348800
246.990120  0.348996
247.010120  0.348931
247.030119  0.349061
247.050118  0.349061
247.070117  0.349192
247.090116  0.349127
247.110116  0.349453
247.130115  0.349453
247.150114  0.349388
247.170113  0.349649
247.190112  0.349976
247.210112  0.349845
247.230111  0.349780
247.250110  0.349976
247.270109  0.349911
247.290108  0.350303
247.310108  0.350303
247.330107  0.350303
247.350106  0.350629
247.370105  0.350564
247.390104  0.350564
247.410104  0.350499
247.430103  0.351021
247.450102  0.350825
247.470101  0.351021
247.490100  0.351021
247.510100  0.351152
247.530099  0.351283
247.550098  0.351087
247.570097  0.351479
247.590096  0.351283
247.610096  0.351479
247.630095  0.351609
247.650094  0.351936
247.670093  0.351805
247.690092  0.351936
247.710092  0.351740
247.730091  0.352001
247.750090  0.352132
247.770089  0.352132
247.790088  0.352263
247.810088  0.352328
247.830087  0.352328
247.850086  0.352328
247.870085  0.352393
247.890084  0.352589
247.910084  0.352785
247.930083  0.352785
247.950082  0.352720
247.970081  0.352981
247.990080  0.353112
248.010080  0.353112
248.030079  0.353243
248.050078  0.353243
248.070077  0.353439
248.090076  0.353569
248.110076  0.353569
248.130075  0.353569
248.150074  0.353700
248.170073  0.353830
248.190072  0.353896
248.210072  0.354026
248.230071  0.353961
248.250070  0.354157
248.270069  0.354353
248.290068  0.354353
248.310068  0.354157
248.330067  0.354418
248.350066  0.354810
248.370065  0.354745
248.390064  0.354680
248.410064  0.354614
248.430063  0.354941
248.450062  0.354941
248.470061  0.355137
248.490060  0.355137
248.510060  0.355202
248.530059  0.355202
248.550058  0.355268
248.570057  0.355398
248.590056  0.355725
248.610056  0.355856
248.630055  0.355660
248.650054  0.355594
248.670053  0.355790
248.690052  0.356182
248.710052  0.356117
248.730051  0.356182
248.750050  0.356509
248.770049  0.356313
248.790048  0.356509
248.810048  0.356574
248.830047  0.356509
248.850046  0.356640
248.870045  0.356836
248.890044  0.356705
248.910044  0.356705
248.930043  0.357097
248.950042  0.357097
248.970041  0.357097
248.990040  0.357424
249.010040  0.357228
249.030039  0.357424
249.050038  0.357685
249.070037  0.357489
249.090036  0.357620
249.110036  0.357620
249.130035  0.357881
249.150034  0.358077
249.170033  0.358012
249.190032  0.358077
249.210032  0.358142
249.230031  0.358273
249.250030  0.358338
249.270029  0.358534
249.290028  0.358600
249.310028  0.358665
249.330027  0.358926
249.350026  0.358600
249.370025  0.358665
249.390024  0.358861
249.410024  0.359122
249.430023  0.358926
249.450022  0.359318
249.470021  0.359384
249.490020  0.359514
249.510020  0.359449
249.530019  0.359710
249.550018  0.359514
249.570017  0.359776
249.590016  0.359776
249.610016  0.359776
249.630015  0.359841
249.650014  0.360037
249.670013  0.359972
249.690012  0.360168
249.710012  0.360168
249.730011  0.360429
249.750010  0.360364
249.770009  0.360168
249.790008  0.360625
249.810008  0.360625
249.830007  0.360756
249.850006  0.360756
249.870005  0.360821
249.890004  0.360886
249.910004  0.360952
249.930003  0.361278
249.950002  0.361082
249.970001  0.361278
249.990000  0.361605
250.010000  0.361474
250.029999  0.361605
250.049998  0.361997
250.069997  0.361866
250.089996  0.361931
250.109996  0.361931
250.129995  0.361801
250.149994  0.362127
250.169993  0.362258
250.189992  0.362389
250.209992  0.362193
250.229991  0.362454
250.249990  0.362454
250.269989  0.362454
250.289988  0.362715
250.309988  0.362846
250.329987  0.362846
250.349986  0.362911
250.369985  0.362911
250.389984  0.363173
250.409984  0.363238
250.429983  0.363173
250.449982  0.363369
250.469981  0.363303
250.489980  0.363630
250.509980  0.363695
250.529979  0.363891
250.549978  0.363761
250.569977  0.363826
250.589976  0.363761
250.609976  0.363891
250.629975  0.364087
250.649974  0.364283
250.669973  0.364153
250.689972  0.364349
250.709972  0.364545
250.729971  0.364741
250.749970  0.364675
250.769969  0.364610
250.789968  0.364937
250.809968  0.364675
250.829967  0.364741
250.849966  0.365198
250.869965  0.365133
250.889964  0.365002
250.909964  0.364806
250.929963  0.365198
250.949962  0.365329
250.969961  0.365459
250.989960  0.365590
251.009960  0.365263
251.029959  0.365590
251.049958  0.366047
251.069957  0.365851
251.089956  0.366113
251.109956  0.365786
251.129955  0.366113
251.149954  0.366374
251.169953  0.366243
251.189952  0.366243
251.209952  0.366374
251.229951  0.366766
251.249950  0.366505
251.269949  0.366701
251.289948  0.367223
251.309948  0.366897
251.329947  0.366897
251.349946  0.366897
251.369945  0.366962
251.389944  0.366962
251.409944  0.367158
251.429943  0.367289
251.449942  0.367419
251.469941  0.367746
251.489940  0.367419
251.509940  0.367681
251.529939  0.367746
251.549938  0.367811
251.569937  0.367942
251.589936  0.368203
251.609936  0.368007
251.629935  0.368073
251.649934  0.368138
251.669933  0.368399
251.689932  0.368399
251.709932  0.368595
251.729931  0.368530
251.749930  0.368791
251.769929  0.368857
251.789928  0.368857
251.809928  0.368922
251.829927  0.368791
251.849926  0.368987
251.869925  0.369053
251.889924  0.369183
251.909924  0.368987
251.929923  0.369510
251.949922  0.369445
251.969921  0.369379
251.989920  0.369510
252.009920  0.369445
252.029919  0.369837
252.049918  0.369771
252.069917  0.370033
252.089916  0.370098
252.109916  0.370228
252.129915  0.370163
252.149914  0.370294
252.169913  0.370228
252.189912  0.370816
252.209912  0.370490
252.229911  0.370033
252.249910  0.370490
252.269909  0.370751
252.289908  0.370751
252.309908  0.370686
252.329907  0.370816
252.349906  0.371012
252.369905  0.371274
252.389904  0.371078
252.409904  0.371208
252.429903  0.371666
252.449902  0.371470
252.469901  0.371731
252.489900  0.371600
252.509900  0.371600
252.529899  0.371992
252.549898  0.372123
252.569897  0.371927
252.589896  0.371927
252.609896  0.372058
252.629895  0.372123
252.649894  0.372254
252.669893  0.372319
252.689892  0.372254
252.709892  0.372515
252.729891  0.372580
252.749890  0.372580
252.769889  0.372776
252.789888  0.372842
252.809888  0.372776
252.829887  0.373168
252.849886  0.372907
252.869885  0.372972
252.889884  0.373299
252.909884  0.373103
252.929883  0.373364
252.949882  0.373691
252.969881  0.373691
252.989880  0.373822
253.009880  0.373495
253.029879  0.373887
253.049878  0.373952
253.069877  0.373952
253.089876  0.373952
253.109876  0.374148
253.129875  0.374279
253.149874  0.374148
253.169873  0.374475
253.189872  0.374475
253.209872  0.374410
253.229871  0.374671
253.249870  0.374736
253.269869  0.375063
253.289868  0.374736
253.309868  0.374802
253.329867  0.374932
253.349866  0.375194
253.369865  0.375259
253.389864  0.375194
253.409864  0.375455
253.429863  0.375586
253.449862  0.375520
253.469861  0.375586
253.489860  0.375651
253.509860  0.375520
253.529859  0.375716
253.549858  0.375716
253.569857  0.376108
253.589856  0.375847
253.609856  0.376174
253.629855  0.376239
253.649854  0.376239
253.669853  0.376370
253.689852  0.376566
253.709852  0.376500
253.729851  0.376696
253.749850  0.376762
253.769849  0.376827
253.789848  0.376631
253.809848  0.376696
253.829847  0.377415
253.849846  0.377284
253.869845  0.377219
253.889844  0.377154
253.909844  0.377284
253.929843  0.377480
253.949842  0.377546
253.969841  0.377546
253.989840  0.377742
254.009840  0.378003
254.029839  0.377937
254.049838  0.377676
254.069837  0.377872
254.089836  0.378068
254.109836  0.378003
254.129835  0.378264
254.149834  0.378329
254.169833  0.378525
254.189832  0.378525
254.209832  0.378591
254.229831  0.378591
254.249830  0.378787
254.269829  0.378852
254.289828  0.378983
254.309828  0.379179
254.329827  0.378917
254.349826  0.379113
254.369825  0.379375
254.389824  0.379309
254.409824  0.379375
254.429823  0.379440
254.449822  0.379440
254.469821  0.379505
254.489820  0.379701
254.509820  0.379701
254.529819  0.379701
254.549818  0.379897
254.569817  0.379897
254.589816  0.380093
254.609816  0.380224
254.629815  0.380224
254.649814  0.380485
254.669813  0.380485
254.689812  0.380355
254.709812  0.380420
254.729811  0.380747
254.749810  0.380812
254.769809  0.380616
254.789808  0.381073
254.809808  0.380943
254.829807  0.381139
254.849806  0.381139
254.869805  0.381073
254.889804  0.381269
254.909804  0.381269
254.929803  0.381465
254.949802  0.381400
254.969801  0.381661
254.989800  0.381596
255.009800  0.381792
255.029799  0.381661
255.049798  0.381988
255.069797  0.381988
255.089796  0.382184
255.109796  0.382119
255.129795  0.382249
255.149794  0.382380
255.169793  0.382511
255.189792  0.382576
255.209792  0.382445
255.229791  0.382772
255.249790  0.382772
255.269789  0.382772
255.289788  0.382707
255.309788  0.382903
255.329787  0.383099
255.349786  0.383164
255.369785  0.383295
255.389784  0.383295
255.409784  0.383556
255.429783  0.383295
255.449782  0.383556
255.469781  0.383491
255.489780  0.383556
255.509780  0.383621
255.529779  0.383752
255.549778  0.383687
255.569777  0.383948
255.589776  0.383948
255.609776  0.384013
255.629775  0.384340
255.649774  0.384209
255.669773  0.384340
255.689772  0.384536
255.709772  0.384536
255.729771  0.384667
255.749770  0.384797
255.769769  0.384863
255.789768  0.384797
255.809768  0.384797
255.829767  0.384928
255.849766  0.384993
255.869765  0.385059
255.889764  0.385124
255.909764  0.385320
255.929763  0.385189
255.949762  0.385385
255.969761  0.385516
255.989760  0.385581
256.009760  0.385647
256.029759  0.385777
256.049758  0.385973
256.069757  0.385973
256.089756  0.385973
256.109756  0.386235
256.129755  0.386300
256.149754  0.386365
256.169753  0.386300
256.189752  0.386169
256.209752  0.386365
256.229751  0.386561
256.249750  0.386561
256.269749  0.386757
256.289748  0.386757
256.309748  0.386953
256.329747  0.387214
256.349746  0.387018
256.369745  0.387018
256.389744  0.387214
256.409744  0.387280
256.429743  0.387410
256.449742  0.387280
256.469741  0.387541
256.489740  0.387541
256.509740  0.387802
256.529739  0.387541
256.549738  0.388064
256.569737  0.387998
256.589736  0.387933
256.609736  0.388129
256.629735  0.388129
256.649734  0.388325
256.669733  0.388456
256.689732  0.388456
256.709732  0.388521
256.729731  0.388586
256.749730  0.388782
256.769729  0.388913
256.789728  0.388652
256.809728  0.388978
256.829727  0.389109
256.849726  0.388978
256.869725  0.389174
256.889724  0.389370
256.909724  0.389240
256.929723  0.389174
256.949722  0.389501
256.969721  0.389632
256.989720  0.389501
257.009720  0.389632
257.029719  0.389697
257.049718  0.389697
257.069717  0.390089
257.089716  0.390220
257.109716  0.390220
257.129715  0.390285
257.149714  0.390024
257.169713  0.390024
257.189712  0.390350
257.209712  0.390481
257.229711  0.390612
257.249710  0.390546
257.269709  0.390677
257.289708  0.390742
257.309708  0.390808
257.329707  0.390938
257.349706  0.391069
257.369705  0.391200
257.389704  0.391069
257.409704  0.391069
257.429703  0.391265
257.449702  0.391396
257.469701  0.391396
257.489700  0.391396
257.509700  0.391657
257.529699  0.391657
257.549698  0.391853
257.569697  0.391722
257.589696  0.391853
257.609696  0.391918
257.629695  0.392049
257.649694  0.392310
257.669693  0.392114
257.689692  0.392572
257.709692  0.392441
257.729691  0.392637
257.749690  0.392506
257.769689  0.392506
257.789688  0.392768
257.809688  0.392833
257.829687  0.392898
257.849686  0.393029
257.869685  0.393290
257.889684  0.393225
257.909684  0.393225
257.929683  0.393225
257.949682  0.393290
257.969681  0.393421
257.989680  0.393421
258.009680  0.393552
258.029679  0.393617
258.049678  0.393748
258.069677  0.393813
258.089676  0.394009
258.109676  0.393944
258.129675  0.393944
258.149674  0.394009
258.169673  0.394336
258.189672  0.394205
258.209672  0.394531
258.229671  0.394597
258.249670  0.394401
258.269669  0.394531
258.289668  0.394531
258.309668  0.394662
258.329667  0.394793
258.349666  0.394793
258.369665  0.394989
258.389664  0.395250
258.409664  0.395054
258.429663  0.395185
258.449662  0.395381
258.469661  0.395315
258.489660  0.395511
258.509660  0.395511
258.529659  0.395511
258.549658  0.395511
258.569657  0.395707
258.589656  0.395707
258.609656  0.396034
258.629655  0.396165
258.649654  0.396034
258.669653  0.396099
258.689652  0.396295
258.709652  0.396165
258.729651  0.396230
258.749650  0.396361
258.769649  0.396687
258.789648  0.396883
258.809648  0.396883
258.829647  0.396818
258.849646  0.396818
258.869645  0.396949
258.889644  0.396949
258.909644  0.397341
258.929643  0.397145
258.949642  0.397210
258.969641  0.397275
258.989640  0.397275
259.009640  0.397471
259.029639  0.397537
259.049638  0.397667
259.069637  0.397471
259.089636  0.397667
259.109636  0.397863
259.129635  0.397863
259.149634  0.397798
259.169633  0.398190
259.189632  0.398255
259.209632  0.398190
259.229631  0.398125
259.249630  0.398386
259.269629  0.398386
259.289628  0.398451
259.309628  0.398647
259.329627  0.398582
259.349626  0.398974
259.369625  0.398843
259.389624  0.398974
259.409624  0.399170
259.429623  0.398909
259.449622  0.399105
259.469621  0.399105
259.489620  0.399235
259.509620  0.399562
259.529619  0.399366
259.549618  0.399562
259.569617  0.399562
259.589616  0.399758
259.609616  0.399627
259.629615  0.399889
259.649614  0.400085
259.669613  0.399823
259.689612  0.400085
259.709612  0.400215
259.729611  0.400215
259.749610  0.400411
259.769609  0.400542
259.789608  0.400215
259.809608  0.400346
259.829607  0.400607
259.849606  0.400803
259.869605  0.400542
259.889604  0.400738
259.909604  0.400869
259.929603  0.400934
259.949602  0.400999
259.969601  0.400999
259.989600  0.401195
260.009600  0.401457
260.029599  0.401522
260.049598  0.401522
260.069597  0.401391
260.089596  0.401653
260.109596  0.401653
260.129595  0.401849
260.149594  0.401783
260.169593  0.402045
260.189592  0.402241
260.209592  0.401849
260.229591  0.402175
260.249590  0.402175
260.269589  0.402306
260.289588  0.402241
260.309588  0.402110
260.329587  0.402241
260.349586  0.402567
260.369585  0.402959
260.389584  0.402894
260.409584  0.402959
260.429583  0.403024
260.449582  0.403024
260.469581  0.403221
260.489580  0.403155
260.509580  0.403221
260.529579  0.403155
260.549578  0.403482
260.569577  0.403351
260.589576  0.403612
260.609576  0.403678
260.629575  0.403678
260.649574  0.403612
260.669573  0.403678
260.689572  0.403939
260.709572  0.404070
260.729571  0.404004
260.749570  0.404331
260.769569  0.404135
260.789568  0.404331
260.809568  0.404462
260.829567  0.404527
260.849566  0.404462
260.869565  0.404200
260.889564  0.404788
260.909564  0.404723
260.929563  0.404854
260.949562  0.405180
260.969561  0.404984
260.989560  0.405115
261.009560  0.404788
261.029559  0.405246
261.049558  0.405311
261.069557  0.405246
261.089556  0.405507
261.109556  0.405507
261.129555  0.405572
261.149554  0.405638
261.169553  0.405834
261.189552  0.405899
261.209552  0.405834
261.229551  0.405964
261.249550  0.406226
261.269549  0.406422
261.289548  0.406226
261.309548  0.406095
261.329547  0.406226
261.349546  0.406814
261.369545  0.406422
261.389544  0.406552
261.409544  0.406487
261.429543  0.406748
261.449542  0.406748
261.469541  0.406618
261.489540  0.406944
261.509540  0.407206
261.529539  0.406944
261.549538  0.407467
261.569537  0.407336
261.589536  0.407532
261.609536  0.407336
261.629535  0.407532
261.649534  0.407598
261.669533  0.407663
261.689532  0.407663
261.709532  0.407598
261.729531  0.407794
261.749530  0.408055
261.769529  0.408055
261.789528  0.408055
261.809528  0.408186
261.829527  0.408055
261.849526  0.408251
261.869525  0.408512
261.889524  0.408447
261.909524  0.408447
261.929523  0.408643
261.949522  0.408578
261.969521  0.408643
261.989520  0.408970
262.009520  0.408839
262.029519  0.408774
262.049518  0.409166
262.069517  0.409100
262.089516  0.409166
262.109516  0.409100
262.129515  0.409427
262.149514  0.409558
262.169513  0.409688
262.189512  0.409492
262.209512  0.409688
262.229511  0.409754
262.249510  0.409688
262.269509  0.409819
262.289508  0.410015
262.309508  0.410015
262.329507  0.410211
262.349506  0.410211
262.369505  0.410146
262.389504  0.410472
262.409504  0.410538
262.429503  0.410472
262.449502  0.410733
262.469501  0.410668
262.489500  0.410930
262.509500  0.410930
262.529499  0.410799
262.549498  0.410864
262.569497  0.410930
262.589496  0.411191
262.609496  0.411060
262.629495  0.411060
262.649494  0.411452
262.669493  0.411517
262.689492  0.411452
262.709492  0.411713
262.729491  0.411452
262.749490  0.411844
262.769489  0.411713
262.789488  0.411975
262.809488  0.411844
262.829487  0.412236
262.849486  0.411975
262.869485  0.412171
262.889484  0.412367
262.909484  0.412171
262.929483  0.412236
262.949482  0.412301
262.969481  0.412497
262.989480  0.412628
263.009480  0.412824
263.029479  0.412628
263.049478  0.412759
263.069477  0.412628
263.089476  0.413020
263.109476  0.412759
263.129475  0.413085
263.149474  0.412889
263.169473  0.413216
263.189472  0.413477
263.209472  0.413281
263.229471  0.413347
263.249470  0.413477
263.269469  0.413673
263.289468  0.413739
263.309468  0.414000
263.329467  0.413869
263.349466  0.414065
263.369465  0.414261
263.389464  0.414065
263.409464  0.414000
263.429463  0.414196
263.449462  0.414261
263.469461  0.414327
263.489460  0.414653
263.509460  0.414131
263.529459  0.414457
263.549458  0.414653
263.569457  0.414653
263.589456  0.414849
263.609456  0.415111
263.629455  0.415241
263.649454  0.415045
263.669453  0.415111
263.689452  0.415176
263.709452  0.415372
263.729451  0.415503
263.749450  0.415372
263.769449  0.415503
263.789448  0.415633
263.809448  0.415633
263.829447  0.415960
263.849446  0.415829
263.869445  0.415764
263.889444  0.415960
263.909444  0.415960
263.929443  0.416156
263.949442  0.416221
263.969441  0.416352
263.989440  0.416287
264.009440  0.416417
264.029439  0.416417
264.049438  0.416613
264.069437  0.416679
264.089436  0.416613
264.109436  0.416744
264.129435  0.416940
264.149434  0.416875
264.169433  0.417136
264.189432  0.417005
264.209432  0.417005
264.229431  0.417201
264.249430  0.417332
264.269429  0.417463
264.289428  0.417463
264.309428  0.417789
264.329427  0.417724
264.349426  0.417593
264.369425  0.417789
264.389424  0.417789
264.409424  0.417528
264.429423  0.417985
264.449422  0.418181
264.469421  0.418247
264.489420  0.418116
264.509420  0.418051
264.529419  0.418443
264.549418  0.418377
264.569417  0.418377
264.589416  0.418508
264.609416  0.418638
264.629415  0.418769
264.649414  0.418573
264.669413  0.418769
264.689412  0.419031
264.709412  0.419161
264.729411  0.418965
264.749410  0.419031
264.769409  0.419226
264.789408  0.419292
264.809408  0.419226
264.829407  0.419357
264.849406  0.419553
264.869405  0.419422
264.889404  0.419749
264.909404  0.419684
264.929403  0.420010
264.949402  0.419880
264.969401  0.420076
264.989400  0.420076
265.009400  0.420010
265.029399  0.420272
265.049398  0.420272
265.069397  0.420337
265.089396  0.420533
265.109396  0.420468
265.129395  0.420533
265.149394  0.420729
265.169393  0.420598
265.189392  0.420664
265.209392  0.420860
265.229391  0.420925
265.249390  0.420925
265.269389  0.421056
265.289388  0.421121
265.309388  0.421056
265.329387  0.421252
265.349386  0.421448
265.369385  0.421056
265.389384  0.421448
265.409384  0.421448
265.429383  0.421578
265.449382  0.421709
265.469381  0.421644
265.489380  0.421709
265.509380  0.422101
265.529379  0.421905
265.549378  0.421905
265.569377  0.422232
265.589376  0.422297
265.609376  0.422036
265.629375  0.422036
265.649374  0.422428
265.669373  0.422558
265.689372  0.422689
265.709372  0.422754
265.729371  0.422754
265.749370  0.422689
265.769369  0.423342
265.789368  0.422950
265.809368  0.422950
265.829367  0.422885
265.849366  0.423146
265.869365  0.423604
265.889364  0.423342
265.909364  0.423212
265.929363  0.423473
265.949362  0.423734
265.969361  0.423604
265.989360  0.423800
266.009360  0.423734
266.029359  0.424061
266.049358  0.423800
266.069357  0.423865
266.089356  0.423865
266.109356  0.424126
266.129355  0.424257
266.149354  0.423930
266.169353  0.424192
266.189352  0.424453
266.209352  0.424518
266.229351  0.424584
266.249350  0.424518
266.269349  0.424584
266.289348  0.424780
266.309348  0.424649
266.329347  0.425041
266.349346  0.424976
266.369345  0.425106
266.389344  0.425302
266.409344  0.425237
266.429343  0.425237
266.449342  0.425368
266.469341  0.425433
266.489340  0.425498
266.509340  0.425629
266.529339  0.425433
266.549338  0.425433
266.569337  0.425825
266.589336  0.425825
266.609336  0.425694
266.629335  0.425956
266.649334  0.426152
266.669333  0.426152
266.689332  0.426217
266.709332  0.426217
266.729331  0.426348
266.749330  0.426413
266.769329  0.426544
266.789328  0.426413
266.809328  0.426740
266.829327  0.426870
266.849326  0.426935
266.869325  0.426674
266.889324  0.426870
266.909324  0.427066
266.929323  0.426935
266.949322  0.427066
266.969321  0.427328
266.989320  0.427393
267.009320  0.427262
267.029319  0.427328
267.049318  0.427458
267.069317  0.427524
267.089316  0.427654
267.109316  0.427654
267.129315  0.427785
267.149314  0.428046
267.169313  0.428111
267.189312  0.428177
267.209312  0.428046
267.229311  0.428503
267.249310  0.428111
267.269309  0.428438
267.289308  0.428503
267.309308  0.428503
267.329307  0.428569
267.349306  0.428765
267.369305  0.428765
267.389304  0.428634
267.409304  0.428765
267.429303  0.428961
267.449302  0.429157
267.469301  0.429222
267.489300  0.429091
267.509300  0.429091
267.529299  0.429287
267.549298  0.429287
267.569297  0.429353
267.589296  0.429353
267.609296  0.429418
267.629295  0.429679
267.649294  0.429941
267.669293  0.429810
267.689292  0.429810
267.709292  0.429941
267.729291  0.430071
267.749290  0.430137
267.769289  0.430267
267.789288  0.430071
267.809288  0.430006
267.829287  0.430529
267.849286  0.430267
267.869285  0.430202
267.889284  0.430659
267.909284  0.430463
267.929283  0.430921
267.949282  0.430855
267.969281  0.430725
267.989280  0.430921
268.009280  0.430986
268.029279  0.430855
268.049278  0.431117
268.069277  0.431313
268.089276  0.431117
268.109276  0.431378
268.129275  0.431378
268.149274  0.431574
268.169273  0.431639
268.189272  0.431509
268.209272  0.431574
268.229271  0.431966
268.249270  0.431835
268.269269  0.432097
268.289268  0.431966
268.309268  0.431835
268.329267  0.431901
268.349266  0.432097
268.369265  0.432293
268.389264  0.432489
268.409264  0.432358
268.429263  0.432423
268.449262  0.432423
268.469261  0.432685
268.489260  0.432489
268.509260  0.432750
268.529259  0.432685
268.549258  0.432946
268.569257  0.433142
268.589256  0.433011
268.609256  0.432946
268.629255  0.433403
268.649254  0.433273
268.669253  0.433142
268.689252  0.433469
268.709252  0.433599
268.729251  0.433665
268.749250  0.433534
268.769249  0.433665
268.789248  0.433926
268.809248  0.433665
268.829247  0.433795
268.849246  0.433926
268.869245  0.434122
268.889244  0.434057
268.909244  0.434057
268.929243  0.434187
268.949242  0.434318
268.969241  0.434187
268.989240  0.434645
269.009240  0.434514
269.029239  0.434514
269.049238  0.434645
269.069237  0.434775
269.089236  0.434579
269.109236  0.434841
269.129235  0.435102
269.149234  0.435037
269.169233  0.435102
269.189232  0.435167
269.209232  0.435167
269.229231  0.435298
269.249230  0.435167
269.269229  0.435428
269.289228  0.435559
269.309228  0.435363
269.329227  0.435755
269.349226  0.436016
269.369225  0.435886
269.389224  0.436016
269.409224  0.436016
269.429223  0.436016
269.449222  0.435951
269.469221  0.436147
269.489220  0.436212
269.509220  0.436343
269.529219  0.436343
269.549218  0.436539
269.569217  0.436539
269.589216  0.436343
269.609216  0.436474
269.629215  0.436735
269.649214  0.436539
269.669213  0.437062
269.689212  0.436866
269.709212  0.436996
269.729211  0.437127
269.749210  0.437127
269.769209  0.437192
269.789208  0.437323
269.809208  0.437388
269.829207  0.437519
269.849206  0.437454
269.869205  0.437715
269.889204  0.437454
269.909204  0.437584
269.929203  0.437911
269.949202  0.437584
269.969201  0.437911
269.989200  0.437911
270.009200  0.437780
270.029199  0.438172
270.049198  0.438368
270.069197  0.438368
270.089196  0.438368
270.109196  0.438499
270.129195  0.438368
270.149194  0.438368
270.169193  0.438630
270.189192  0.438695
270.209192  0.438956
270.229191  0.438891
270.249190  0.438826
270.269189  0.438891
270.289188  0.438956
270.309188  0.439218
270.329187  0.439152
270.349186  0.439283
270.369185  0.439348
270.389184  0.439479
270.409184  0.439675
270.429183  0.439348
270.449182  0.439544
270.469181  0.439740
270.489180  0.439544
270.509180  0.439806
270.529179  0.439740
270.549178  0.439871
270.569177  0.439936
270.589176  0.440002
270.609176  0.440328
270.629175  0.440067
270.649174  0.440263
270.669173  0.440459
270.689172  0.440459
270.709172  0.440590
270.729171  0.440655
270.749170  0.440655
270.769169  0.440916
270.789168  0.440786
270.809168  0.440786
270.829167  0.440916
270.849166  0.440851
270.869165  0.440982
270.889164  0.441112
270.909164  0.441243
270.929163  0.441374
270.949162  0.441178
270.969161  0.441308
270.989160  0.441374
271.009160  0.441635
271.029159  0.441700
271.049158  0.441635
271.069157  0.441700
271.089156  0.441439
271.109156  0.442288
271.129155  0.441896
271.149154  0.441962
271.169153  0.442419
271.189152  0.442354
271.209152  0.442354
271.229151  0.442419
271.249150  0.442354
271.269149  0.442419
271.289148  0.442680
271.309148  0.442550
271.329147  0.442811
271.349146  0.442942
271.369145  0.442876
271.389144  0.442876
271.409144  0.442811
271.429143  0.443072
271.449142  0.443203
271.469141  0.443334
271.489140  0.443138
271.509140  0.443334
271.529139  0.443334
271.549138  0.443464
271.569137  0.443530
271.589136  0.443334
271.609136  0.443726
271.629135  0.443726
271.649134  0.443726
271.669133  0.443856
271.689132  0.443791
271.709132  0.444183
271.729131  0.443987
271.749130  0.443987
271.769129  0.444248
271.789128  0.444117
271.809128  0.444379
271.829127  0.444313
271.849126  0.444575
271.869125  0.444444
271.889124  0.444705
271.909124  0.444640
271.929123  0.444836
271.949122  0.444901
271.969121  0.444771
271.989120  0.444836
272.009120  0.445163
272.029119  0.445097
272.049118  0.445163
272.069117  0.445293
272.089116  0.445359
272.109116  0.445424
272.129115  0.445359
272.149114  0.445424
272.169113  0.445424
272.189112  0.445751
272.209112  0.445751
272.229111  0.445685
272.249110  0.445881
272.269109  0.445947
272.289108  0.445816
272.309108  0.445947
272.329107  0.446339
272.349106  0.446208
272.369105  0.446273
272.389104  0.446273
272.409104  0.446469
272.429103  0.446535
272.449102  0.446469
272.469101  0.446535
272.489100  0.446731
272.509100  0.446535
272.529099  0.446731
272.549098  0.446861
272.569097  0.446927
272.589096  0.446861
272.609096  0.447253
272.629095  0.447057
272.649094  0.447188
272.669093  0.447253
272.689092  0.447253
272.709092  0.447580
272.729091  0.447711
272.749090  0.447711
272.769089  0.447384
272.789088  0.447711
272.809088  0.447972
272.829087  0.448168
272.849086  0.447907
272.869085  0.447841
272.889084  0.448037
272.909084  0.448168
272.929083  0.448233
272.949082  0.448299
272.969081  0.448364
272.989080  0.448429
273.009080  0.448756
273.029079  0.448364
273.049078  0.448756
273.069077  0.448691
273.089076  0.448625
273.109076  0.448887
273.129075  0.448952
273.149074  0.448887
273.169073  0.449148
273.189072  0.449148
273.209072  0.449148
273.229071  0.449148
273.249070  0.449279
273.269069  0.449279
273.289068  0.449279
273.309068  0.449671
273.329067  0.449736
273.349066  0.449736
273.369065  0.449671
273.389064  0.449605
273.409064  0.450063
273.429063  0.449867
273.449062  0.449932
273.469061  0.450193
273.489060  0.449997
273.509060  0.450455
273.529059  0.450259
273.549058  0.450259
273.569057  0.450324
273.589056  0.450324
273.609056  0.450520
273.629055  0.450781
273.649054  0.450847
273.669053  0.450716
273.689052  0.450455
273.709052  0.450847
273.729051  0.450912
273.749050  0.451108
273.769049  0.450977
273.789048  0.451239
273.809048  0.451500
273.829047  0.451369
273.849046  0.451435
273.869045  0.451239
273.889044  0.451565
273.909044  0.451565
273.929043  0.451630
273.949042  0.451696
273.969041  0.451761
273.989040  0.451892
274.009040  0.452022
274.029039  0.452088
274.049038  0.452088
274.069037  0.452088
274.089036  0.452284
274.109036  0.452153
274.129035  0.452218
274.149034  0.452349
274.169033  0.452480
274.189032  0.452414
274.209032  0.452545
274.229031  0.452806
274.249030  0.452545
274.269029  0.452610
274.289028  0.452806
274.309028  0.452872
274.329027  0.453068
274.349026  0.453133
274.369025  0.453133
274.389024  0.453068
274.409024  0.453525
274.429023  0.453198
274.449022  0.453329
274.469021  0.453525
274.489020  0.453590
274.509020  0.453590
274.529019  0.453721
274.549018  0.453656
274.569017  0.453786
274.589016  0.453917
274.609016  0.454048
274.629015  0.453917
274.649014  0.454048
274.669013  0.454178
274.689012  0.454440
274.709012  0.454440
274.729011  0.454309
274.749010  0.454440
274.769009  0.454505
274.789008  0.454505
274.809008  0.454636
274.829007  0.454832
274.849006  0.454701
274.869005  0.454701
274.889004  0.455028
274.909004  0.454962
274.929003  0.455028
274.949002  0.454962
274.969001  0.455158
274.989000  0.455028
275.009000  0.455224
275.028999  0.455420
275.048998  0.455420
275.068997  0.455485
275.088996  0.455485
275.108996  0.455616
275.128995  0.455877
275.148994  0.455746
275.168993  0.455877
275.188992  0.455681
275.208992  0.455942
275.228991  0.455877
275.248990  0.456269
275.268989  0.456073
275.288988  0.456008
275.308988  0.456465
275.328987  0.456269
275.348986  0.456465
275.368985  0.456465
275.388984  0.456596
275.408984  0.456661
275.428983  0.456530
275.448982  0.456988
275.468981  0.456792
275.488980  0.456988
275.508980  0.457053
275.528979  0.456857
275.548978  0.457249
275.568977  0.457184
275.588976  0.457314
275.608976  0.457445
275.628975  0.457314
275.648974  0.457510
275.668973  0.457445
275.688972  0.457641
275.708972  0.457641
275.728971  0.457576
275.748970  0.457968
275.768969  0.457772
275.788968  0.457968
275.808968  0.458033
275.828967  0.458098
275.848966  0.458098
275.868965  0.458229
275.888964  0.458098
275.908964  0.458229
275.928963  0.458294
275.948962  0.458621
275.968961  0.458556
275.988960  0.458229
276.008960  0.458752
276.028959  0.458490
276.048958  0.458752
276.068957  0.458752
276.088956  0.458948
276.108956  0.459078
276.128955  0.459013
276.148954  0.459078
276.168953  0.459078
276.188952  0.459470
276.208952  0.459274
276.228951  0.459274
276.248950  0.459340
276.268949  0.459536
276.288948  0.459666
276.308948  0.459601
276.328947  0.459666
276.348946  0.459797
276.368945  0.460058
276.388944  0.459862
276.408944  0.459862
276.428943  0.460058
276.448942  0.460189
276.468941  0.460189
276.488940  0.460123
276.508940  0.460385
276.528939  0.460450
276.548938  0.460385
276.568937  0.460450
276.588936  0.460646
276.608936  0.460450
276.628935  0.460385
276.648934  0.460973
276.668933  0.460973
276.688932  0.460973
276.708932  0.460907
276.728931  0.461103
276.748930  0.460973
276.768929  0.461169
276.788928  0.461365
276.808928  0.461234
276.828927  0.461365
276.848926  0.461495
276.868925  0.461430
276.888924  0.461626
276.908924  0.461561
276.928923  0.461626
276.948922  0.461691
276.968921  0.461757
276.988920  0.461887
277.008920  0.461887
277.028919  0.462083
277.048918  0.462214
277.068917  0.462149
277.088916  0.462214
277.108916  0.462475
277.128915  0.462345
277.148914  0.462541
277.168913  0.462541
277.188912  0.462475
277.208912  0.462541
277.228911  0.462606
277.248910  0.462802
277.268909  0.462671
277.288908  0.462933
277.308908  0.462933
277.328907  0.462998
277.348906  0.462998
277.368905  0.463194
277.388904  0.463194
277.408904  0.463194
277.428903  0.463455
277.448902  0.463521
277.468901  0.463325
277.488900  0.463782
277.508900  0.463586
277.528899  0.463717
277.548898  0.463782
277.568897  0.463847
277.588896  0.463717
277.608896  0.464109
277.628895  0.464109
277.648894  0.463782
277.668893  0.464174
277.688892  0.464305
277.708892  0.464305
277.728891  0.464435
277.748890  0.464501
277.768889  0.464370
277.788888  0.464566
277.808888  0.464566
277.828887  0.464762
277.848886  0.464631
277.868885  0.464566
277.888884  0.464893
277.908884  0.464958
277.928883  0.464893
277.948882  0.465023
277.968881  0.465023
277.988880  0.465350
278.008880  0.465350
278.028879  0.465285
278.048878  0.465285
278.068877  0.465350
278.088876  0.465611
278.108876  0.465677
278.128875  0.465742
278.148874  0.465807
278.168873  0.465938
278.188872  0.465873
278.208872  0.465807
278.228871  0.466134
278.248870  0.466134
278.268869  0.466265
278.288868  0.466134
278.308868  0.466199
278.328867  0.466199
278.348866  0.466395
278.368865  0.466330
278.388864  0.466461
278.408864  0.466591
278.428863  0.466853
278.448862  0.466722
278.468861  0.466853
278.488860  0.466918
278.508860  0.466983
278.528859  0.466853
278.548858  0.467049
278.568857  0.467049
278.588856  0.467179
278.608856  0.467179
278.628855  0.467310
278.648854  0.467441
278.668853  0.467179
278.688852  0.467441
278.708852  0.467506
278.728851  0.467637
278.748850  0.467637
278.768849  0.467571
278.788848  0.467832
278.808848  0.467637
278.828847  0.468028
278.848846  0.467898
278.868845  0.468028
278.888844  0.467832
278.908844  0.468159
278.928843  0.468224
278.948842  0.468224
278.968841  0.468028
278.988840  0.468616
279.008840  0.468486
279.028839  0.468616
279.048838  0.468551
279.068837  0.468551
279.088836  0.468682
279.108836  0.468878
279.128835  0.468616
279.148834  0.468812
279.168833  0.469008
279.188832  0.468878
279.208832  0.469074
279.228831  0.469008
279.248830  0.469270
279.268829  0.469204
279.288828  0.469270
279.308828  0.469531
279.328827  0.469466
279.348826  0.469727
279.368825  0.469596
279.388824  0.469727
279.408824  0.469858
279.428823  0.469923
279.448822  0.469923
279.468821  0.469792
279.488820  0.470054
279.508820  0.470054
279.528819  0.470315
279.548818  0.470315
279.568817  0.470380
279.588816  0.470250
279.608816  0.470315
279.628815  0.470380
279.648814  0.470576
279.668813  0.470576
279.688812  0.470707
279.708812  0.470707
279.728811  0.470772
279.748810  0.470838
279.768809  0.470903
279.788808  0.470903
279.808808  0.471164
279.828807  0.471164
279.848806  0.471099
279.868805  0.471295
279.888804  0.471295
279.908804  0.471360
279.928803  0.471360
279.948802  0.471556
279.968801  0.471752
279.988800  0.471687
280.008800  0.471687
280.028799  0.471687
280.048798  0.471818
280.068797  0.472014
280.088796  0.471883
280.108796  0.471818
280.128795  0.471883
280.148794  0.472079
280.168793  0.472210
280.188792  0.472144
280.208792  0.472210
280.228791  0.472536
280.248790  0.472340
280.268789  0.472471
280.288788  0.472732
280.308788  0.472667
280.328787  0.472732
280.348786  0.473059
280.368785  0.472798
280.388784  0.472863
280.408784  0.473124
280.428783  0.473190
280.448782  0.473059
280.468781  0.473255
280.488780  0.473255
280.508780  0.472994
280.528779  0.473255
280.548778  0.473516
280.568777  0.473386
280.588776  0.473451
280.608776  0.473516
280.628775  0.473778
280.648774  0.473712
280.668773  0.473843
280.688772  0.473582
280.708772  0.473908
280.728771  0.474039
280.748770  0.474235
280.768769  0.474039
280.788768  0.474235
280.808768  0.474104
280.828767  0.474366
280.848766  0.474235
280.868765  0.474562
280.888764  0.474562
280.908764  0.474235
280.928763  0.474366
280.948762  0.474823
280.968761  0.475019
280.988760  0.474758
281.008760  0.474692
281.028759  0.474954
281.048758  0.474954
281.068757  0.475084
281.088756  0.475150
281.108756  0.475280
281.128755  0.475542
281.148754  0.475476
281.168753  0.475215
281.188752  0.475476
281.208752  0.475280
281.228751  0.475607
281.248750  0.475411
281.268749  0.475542
281.288748  0.475868
281.308748  0.475803
281.328747  0.475999
281.348746  0.475934
281.368745  0.476325
281.388744  0.476130
281.408744  0.475934
281.428743  0.476195
281.448742  0.476130
281.468741  0.476325
281.488740  0.476391
281.508740  0.476456
281.528739  0.476587
281.548738  0.476848
281.568737  0.476783
281.588736  0.476587
281.608736  0.476718
281.628735  0.476783
281.648734  0.476783
281.668733  0.476979
281.688732  0.477175
281.708732  0.477109
281.728731  0.477305
281.748730  0.477109
281.768729  0.477240
281.788728  0.477240
281.808728  0.477109
281.828727  0.477567
281.848726  0.477371
281.868725  0.477697
281.888724  0.477567
281.908724  0.477501
281.928723  0.477828
281.948722  0.477959
281.968721  0.478089
281.988720  0.477959
282.008720  0.477959
282.028719  0.478155
282.048718  0.478155
282.068717  0.478285
282.088716  0.478220
282.108716  0.478416
282.128715  0.478612
282.148714  0.478416
282.168713  0.478481
282.188712  0.478612
282.208712  0.478743
282.228711  0.478873
282.248710  0.478808
282.268709  0.478677
282.288708  0.479004
282.308708  0.479004
282.328707  0.478939
282.348706  0.478873
282.368705  0.479396
282.388704  0.479200
282.408704  0.479265
282.428703  0.479527
282.448702  0.479200
282.468701  0.479723
282.488700  0.479592
282.508700  0.479592
282.528699  0.479527
282.548698  0.479723
282.568697  0.479723
282.588696  0.479853
282.608696  0.479723
282.628695  0.480049
282.648694  0.480115
282.668693  0.480180
282.688692  0.480376
282.708692  0.480115
282.728691  0.480245
282.748690  0.480311
282.768689  0.480637
282.788688  0.480507
282.808688  0.480507
282.828687  0.480637
282.848686  0.480637
282.868685  0.480637
282.888684  0.480703
282.908684  0.480833
282.928683  0.481160
282.948682  0.481095
282.968681  0.481029
282.988680  0.481029
283.008680  0.481160
283.028679  0.481225
283.048678  0.481291
283.068677  0.481291
283.088676  0.481421
283.108676  0.481617
283.128675  0.481487
283.148674  0.481552
283.168673  0.481683
283.188672  0.481879
283.208672  0.482075
283.228671  0.481617
283.248670  0.481879
283.268669  0.482009
283.288668  0.482075
283.308668  0.482140
283.328667  0.482140
283.348666  0.482205
283.368665  0.482532
283.388664  0.482271
283.408664  0.482205
283.428663  0.482597
283.448662  0.482728
283.468661  0.482663
283.488660  0.482728
283.508660  0.482532
283.528659  0.482859
283.548658  0.482859
283.568657  0.482989
283.588656  0.482989
283.608656  0.483185
283.628655  0.483120
283.648654  0.483185
283.668653  0.483185
283.688652  0.483185
283.708652  0.483381
283.728651  0.483577
283.748650  0.483577
283.768649  0.483839
283.788648  0.483316
283.808648  0.483839
283.828647  0.483969
283.848646  0.483708
283.868645  0.483773
283.888644  0.483643
283.908644  0.484034
283.928643  0.484165
283.948642  0.484230
283.968641  0.484034
283.988640  0.484165
284.008640  0.484426
284.028639  0.484361
284.048638  0.484492
284.068637  0.484296
284.088636  0.484492
284.108636  0.484818
284.128635  0.484492
284.148634  0.484426
284.168633  0.484884
284.188632  0.484688
284.208632  0.484753
284.228631  0.484818
284.248630  0.484884
284.268629  0.485014
284.288628  0.485014
284.308628  0.485276
284.328627  0.485406
284.348626  0.485406
284.368625  0.485341
284.388624  0.485210
284.408624  0.485406
284.428623  0.485537
284.448622  0.485602
284.468621  0.485537
284.488620  0.485668
284.508620  0.485929
284.528619  0.485864
284.548618  0.485864
284.568617  0.486060
284.588616  0.486190
284.608616  0.486190
284.628615  0.486256
284.648614  0.486321
284.668613  0.486321
284.688612  0.486256
284.708612  0.486321
284.728611  0.486582
284.748610  0.486582
284.768609  0.486452
284.788608  0.486517
284.808608  0.486909
284.828607  0.486713
284.848606  0.486713
284.868605  0.487040
284.888604  0.486974
284.908604  0.487366
284.928603  0.487040
284.948602  0.486974
284.968601  0.486909
284.988600  0.487236
285.008600  0.487497
285.028599  0.487366
285.048598  0.487366
285.068597  0.487824
285.088596  0.487562
285.108596  0.487628
285.128595  0.487562
285.148594  0.487758
285.168593  0.487954
285.188592  0.487954
285.208592  0.487824
285.228591  0.487889
285.248590  0.488150
285.268589  0.488216
285.288588  0.488085
285.308588  0.488020
285.328587  0.488281
285.348586  0.488216
285.368585  0.488412
285.388584  0.488477
285.408584  0.488412
285.428583  0.488804
285.448582  0.488738
285.468581  0.488608
285.488580  0.488738
285.508580  0.488934
285.528579  0.489000
285.548578  0.489065
285.568577  0.489065
285.588576  0.489196
285.608576  0.489326
285.628575  0.489392
285.648574  0.489261
285.668573  0.489326
285.688572  0.489130
285.708572  0.489392
285.728571  0.489522
285.748570  0.489326
285.768569  0.489588
285.788568  0.489653
285.808568  0.489718
285.828567  0.489718
285.848566  0.490045
285.868565  0.489914
285.888564  0.489914
285.908564  0.490176
285.928563  0.489849
285.948562  0.490241
285.968561  0.490372
285.988560  0.490176
286.008560  0.490176
286.028559  0.490372
286.048558  0.490633
286.068557  0.490437
286.088556  0.490437
286.108556  0.490698
286.128555  0.490568
286.148554  0.490764
286.168553  0.490960
286.188552  0.490960
286.208552  0.490829
286.228551  0.490829
286.248550  0.491156
286.268549  0.491156
286.288548  0.490960
286.308548  0.491221
286.328547  0.491286
286.348546  0.491352
286.368545  0.491417
286.388544  0.491548
286.408544  0.491613
286.428543  0.491482
286.448542  0.491809
286.468541  0.491678
286.488540  0.491809
286.508540  0.491874
286.528539  0.492005
286.548538  0.491940
286.568537  0.491809
286.588536  0.491940
286.608536  0.492201
286.628535  0.492136
286.648534  0.492266
286.668533  0.492266
286.688532  0.492266
286.708532  0.492527
286.728531  0.492527
286.748530  0.492462
286.768529  0.492462
286.788528  0.492723
286.808528  0.492985
286.828527  0.492723
286.848526  0.492723
286.868525  0.493115
286.888524  0.492985
286.908524  0.492854
286.928523  0.492854
286.948522  0.493115
286.968521  0.493246
286.988520  0.493050
287.008520  0.493507
287.028519  0.493181
287.048518  0.493507
287.068517  0.493573
287.088516  0.493507
287.108516  0.493507
287.128515  0.493769
287.148514  0.493899
287.168513  0.493834
287.188512  0.493834
287.208512  0.494030
287.228511  0.493899
287.248510  0.493899
287.268509  0.494095
287.288508  0.494291
287.308508  0.494291
287.328507  0.494226
287.348506  0.494357
287.368505  0.494226
287.388504  0.494357
287.408504  0.494814
287.428503  0.494749
287.448502  0.494749
287.468501  0.494814
287.488500  0.494814
287.508500  0.494814
287.528499  0.494814
287.548498  0.495141
287.568497  0.495075
287.588496  0.495141
287.608496  0.495271
287.628495  0.495337
287.648494  0.495271
287.668493  0.495402
287.688492  0.495402
287.708492  0.495206
287.728491  0.495337
287.748490  0.495533
287.768489  0.495925
287.788488  0.495663
287.808488  0.495663
287.828487  0.495467
287.848486  0.495663
287.868485  0.495990
287.888484  0.495990
287.908484  0.495859
287.928483  0.495990
287.948482  0.496251
287.968481  0.496317
287.988480  0.496317
288.008480  0.496251
288.028479  0.496513
288.048478  0.496578
288.068477  0.496447
288.088476  0.496578
288.108476  0.496513
288.128475  0.496643
288.148474  0.496905
288.168473  0.496774
288.188472  0.496905
288.208472  0.496905
288.228471  0.496839
288.248470  0.497101
288.268469  0.497035
288.288468  0.497166
288.308468  0.497035
288.328467  0.497231
288.348466  0.497297
288.368465  0.497362
288.388464  0.497493
288.408464  0.497493
288.428463  0.497689
288.448462  0.497623
288.468461  0.497558
288.488460  0.497689
288.508460  0.497754
288.528459  0.497754
288.548458  0.498081
288.568457  0.497819
288.588456  0.498146
288.608456  0.498211
288.628455  0.498146
288.648454  0.498277
288.668453  0.498277
288.688452  0.498473
288.708452  0.498473
288.728451  0.498342
288.748450  0.498538
288.768449  0.498473
288.788448  0.498734
288.808448  0.498734
288.828447  0.498734
288.848446  0.498995
288.868445  0.498734
288.888444  0.498930
288.908444  0.498995
288.928443  0.498930
288.948442  0.499257
288.968441  0.499126
288.988440  0.499126
289.008440  0.499387
289.028439  0.499387
289.048438  0.499453
289.068437  0.499387
289.088436  0.499649
289.108436  0.499714
289.128435  0.499649
289.148434  0.499649
289.168433  0.499649
289.188432  0.499779
289.208432  0.499714
289.228431  0.500106
289.248430  0.499845
289.268429  0.499845
289.288428  0.500237
289.308428  0.499910
289.328427  0.500367
289.348426  0.500237
289.368425  0.500302
289.388424  0.500171
289.408424  0.500432
289.428423  0.500432
289.448422  0.500367
289.468421  0.500432
289.488420  0.500367
289.508420  0.500694
289.528419  0.500890
289.548418  0.500824
289.568417  0.500759
289.588416  0.500824
289.608416  0.501086
289.628415  0.501086
289.648414  0.501020
289.668413  0.501151
289.688412  0.501282
289.708412  0.501216
289.728411  0.501216
289.748410  0.501478
289.768409  0.501478
289.788408  0.501478
289.808408  0.501543
289.828407  0.501608
289.848406  0.501935
289.868405  0.501674
289.888404  0.501804
289.908404  0.502000
289.928403  0.501935
289.948402  0.502066
289.968401  0.502000
289.988400  0.502066
290.008400  0.502196
290.028399  0.502327
290.048398  0.502196
290.068397  0.502196
290.088396  0.502392
290.108396  0.502458
290.128395  0.502523
290.148394  0.502654
290.168393  0.502784
290.188392  0.502784
290.208392  0.502850
290.228391  0.502850
290.248390  0.503046
290.268389  0.502784
290.288388  0.502784
290.308388  0.502980
290.328387  0.503111
290.348386  0.503176
290.368385  0.503176
290.388384  0.503111
290.408384  0.503176
290.428383  0.503438
290.448382  0.503242
290.468381  0.503503
290.488380  0.503699
290.508380  0.503503
290.528379  0.503634
290.548378  0.503895
290.568377  0.503568
290.588376  0.503830
290.608376  0.503634
290.628375  0.503960
290.648374  0.504222
290.668373  0.504156
290.688372  0.504156
290.708372  0.504222
290.728371  0.503895
290.748370  0.504483
290.768369  0.504222
290.788368  0.504614
290.808368  0.504352
290.828367  0.504548
290.848366  0.504679
290.868365  0.504483
290.888364  0.504744
290.908364  0.504614
290.928363  0.504548
290.948362  0.504810
290.968361  0.505006
290.988360  0.504940
291.008360  0.504810
291.028359  0.504810
291.048358  0.505136
291.068357  0.505332
291.088356  0.505332
291.108356  0.505267
291.128355  0.505136
291.148354  0.505724
291.168353  0.505398
291.188352  0.505398
291.208352  0.505267
291.228351  0.505528
291.248350  0.505855
291.268349  0.505659
291.288348  0.505855
291.308348  0.506051
291.328347  0.506051
291.348346  0.506051
291.368345  0.505986
291.388344  0.506182
291.408344  0.506051
291.428343  0.506116
291.448342  0.506116
291.468341  0.506312
291.488340  0.506639
291.508340  0.506639
291.528339  0.506443
291.548338  0.506704
291.568337  0.506900
291.588336  0.506639
291.608336  0.506704
291.628335  0.506639
291.648334  0.506770
291.668333  0.507162
291.688332  0.507292
291.708332  0.506966
291.728331  0.507162
291.748330  0.507227
291.768329  0.507162
291.788328  0.507227
291.808328  0.507292
291.828327  0.507162
291.848326  0.507292
291.868325  0.507488
291.888324  0.507684
291.908324  0.507619
291.928323  0.507880
291.948322  0.507488
291.968321  0.507880
291.988320  0.507880
292.008320  0.507815
292.028319  0.507750
292.048318  0.508076
292.068317  0.508207
292.088316  0.507945
292.108316  0.508142
292.128315  0.508207
292.148314  0.508534
292.168313  0.508207
292.188312  0.508403
292.208312  0.508337
292.228311  0.508599
292.248310  0.508468
292.268309  0.508599
292.288308  0.508729
292.308308  0.508664
292.328307  0.508795
292.348306  0.508991
292.368305  0.508729
292.388304  0.509056
292.408304  0.508991
292.428303  0.509121
292.448302  0.508991
292.468301  0.509056
292.488300  0.509252
292.508300  0.509383
292.528299  0.509317
292.548298  0.509317
292.568297  0.509579
292.588296  0.509579
292.608296  0.509448
292.628295  0.509579
292.648294  0.509579
292.668293  0.509644
292.688292  0.509905
292.708292  0.510036
292.728291  0.509775
292.748290  0.509971
292.768289  0.510232
292.788288  0.510101
292.808288  0.509905
292.828287  0.510232
292.848286  0.510363
292.868285  0.510232
292.888284  0.510428
292.908284  0.510363
292.928283  0.510297
292.948282  0.510820
292.968281  0.510689
292.988280  0.510493
293.008280  0.510624
293.028279  0.510755
293.048278  0.510951
293.068277  0.510689
293.088276  0.511081
293.108276  0.510755
293.128275  0.511277
293.148274  0.511343
293.168273  0.511016
293.188272  0.511277
293.208272  0.511016
293.228271  0.511277
293.248270  0.511343
293.268269  0.511408
293.288268  0.511604
293.308268  0.511539
293.328267  0.511604
293.348266  0.511669
293.368265  0.511604
293.388264  0.511604
293.408264  0.511931
293.428263  0.511865
293.448262  0.511800
293.468261  0.512127
293.488260  0.511473
293.508260  0.511931
293.528259  0.512061
293.548258  0.512257
293.568257  0.512192
293.588256  0.512192
293.608256  0.512192
293.628255  0.512519
293.648254  0.512453
293.668253  0.512453
293.688252  0.512584
293.708252  0.512584
293.728251  0.512845
293.748250  0.512911
293.768249  0.512845
293.788248  0.512780
293.808248  0.512911
293.828247  0.513107
293.848246  0.512780
293.868245  0.513107
293.888244  0.513237
293.908244  0.513107
293.928243  0.513368
293.948242  0.513564
293.968241  0.513237
293.988240  0.513368
294.008240  0.513368
294.028239  0.513433
294.048238  0.513760
294.068237  0.513695
294.088236  0.513695
294.108236  0.513695
294.128235  0.513956
294.148234  0.513956
294.168233  0.513891
294.188232  0.513891
294.208232  0.514087
294.228231  0.513956
294.248230  0.514217
294.268229  0.514021
294.288228  0.514413
294.308228  0.514152
294.328227  0.514348
294.348226  0.514740
294.368225  0.514675
294.388224  0.514479
294.408224  0.514609
294.428223  0.514675
294.448222  0.514609
294.468221  0.514871
294.488220  0.514871
294.508220  0.514740
294.528219  0.515197
294.548218  0.515132
294.568217  0.515001
294.588216  0.515132
294.608216  0.514936
294.628215  0.515132
294.648214  0.515328
294.668213  0.515328
294.688212  0.515393
294.708212  0.515393
294.728211  0.515655
294.748210  0.515459
294.768209  0.515459
294.788208  0.515589
294.808208  0.515720
294.828207  0.515720
294.848206  0.515981
294.868205  0.515720
294.888204  0.515981
294.908204  0.515916
294.928203  0.515981
294.948202  0.516112
294.968201  0.516243
294.988200  0.516047
295.008200  0.516243
295.028199  0.516373
295.048198  0.516504
295.068197  0.516569
295.088196  0.516504
295.108196  0.516635
295.128195  0.516635
295.148194  0.516569
295.168193  0.516700
295.188192  0.516765
295.208192  0.516765
295.228191  0.516700
295.248190  0.516896
295.268189  0.516896
295.288188  0.517026
295.308188  0.516961
295.328187  0.517026
295.348186  0.517092
295.368185  0.517222
295.388184  0.517419
295.408184  0.517353
295.428183  0.517484
295.448182  0.517288
295.468181  0.517549
295.488180  0.517549
295.508180  0.517745
295.528179  0.517549
295.548178  0.517549
295.568177  0.517745
295.588176  0.517810
295.608176  0.517876
295.628175  0.517941
295.648174  0.517941
295.668173  0.518072
295.688172  0.518268
295.708172  0.518006
295.728171  0.518202
295.748170  0.518268
295.768169  0.518464
295.788168  0.518202
295.808168  0.518594
295.828167  0.518725
295.848166  0.518333
295.868165  0.518660
295.888164  0.518464
295.908164  0.518660
295.928163  0.518790
295.948162  0.518790
295.968161  0.518856
295.988160  0.519117
296.008160  0.518921
296.028159  0.519052
296.048158  0.518856
296.068157  0.519052
296.088156  0.519444
296.108156  0.519052
296.128155  0.519182
296.148154  0.519182
296.168153  0.519444
296.188152  0.519444
296.208152  0.519444
296.228151  0.519705
296.248150  0.519640
296.268149  0.519770
296.288148  0.519770
296.308148  0.519705
296.328147  0.519770
296.348146  0.519770
296.368145  0.519770
296.388144  0.519966
296.408144  0.520097
296.428143  0.520162
296.448142  0.520097
296.468141  0.520228
296.488140  0.520162
296.508140  0.520097
296.528139  0.520358
296.548138  0.520358
296.568137  0.520489
296.588136  0.520424
296.608136  0.520685
296.628135  0.520685
296.648134  0.520620
296.668133  0.520750
296.688132  0.520816
296.708132  0.520750
296.728131  0.520881
296.748130  0.521077
296.768129  0.520946
296.788128  0.520946
296.808128  0.520881
296.828127  0.521273
296.848126  0.521077
296.868125  0.521208
296.888124  0.521338
296.908124  0.521338
296.928123  0.521273
296.948122  0.521469
296.968121  0.521534
296.988120  0.521404
297.008120  0.521600
297.028119  0.521730
297.048118  0.521534
297.068117  0.521796
297.088116  0.521796
297.108116  0.521600
297.128115  0.521992
297.148114  0.521861
297.168113  0.522057
297.188112  0.522188
297.208112  0.522188
297.228111  0.522384
297.248110  0.522253
297.268109  0.522253
297.288108  0.522253
297.308108  0.522514
297.328107  0.522645
297.348106  0.522449
297.368105  0.522449
297.388104  0.522841
297.408104  0.522776
297.428103  0.522580
297.448102  0.522645
297.468101  0.522776
297.488100  0.522972
297.508100  0.522972
297.528099  0.522972
297.548098  0.523168
297.568097  0.523102
297.588096  0.523233
297.608096  0.523168
297.628095  0.523298
297.648094  0.523429
297.668093  0.523429
297.688092  0.523560
297.708092  0.523364
297.728091  0.523625
297.748090  0.523625
297.768089  0.523625
297.788088  0.523821
297.808088  0.523690
297.828087  0.523625
297.848086  0.523625
297.868085  0.523952
297.888084  0.523886
297.908084  0.523886
297.928083  0.524148
297.948082  0.524082
297.968081  0.524213
297.988080  0.524148
298.008080  0.524148
298.028079  0.524409
298.048078  0.524540
298.068077  0.524540
298.088076  0.524540
298.108076  0.524605
298.128075  0.524735
298.148074  0.524540
298.168073  0.524735
298.188072  0.524540
298.208072  0.524931
298.228071  0.524866
298.248070  0.524735
298.268069  0.524931
298.288068  0.525127
298.308068  0.525193
298.328067  0.524997
298.348066  0.525127
298.368065  0.525127
298.388064  0.525258
298.408064  0.525258
298.428063  0.525323
298.448062  0.525519
298.468061  0.525650
298.488060  0.525650
298.508060  0.525519
298.528059  0.525781
298.548058  0.525715
298.568057  0.525781
298.588056  0.525781
298.608056  0.525715
298.628055  0.525911
298.648054  0.525977
298.668053  0.526042
298.688052  0.526107
298.708052  0.526107
298.728051  0.526173
298.748050  0.526303
298.768049  0.526369
298.788048  0.526434
298.808048  0.526369
298.828047  0.526630
298.848046  0.526369
298.868045  0.526630
298.888044  0.526565
298.908044  0.526434
298.928043  0.526565
298.948042  0.526826
298.968041  0.527022
298.988040  0.526761
299.008040  0.527087
299.028039  0.526957
299.048038  0.527153
299.068037  0.526957
299.088036  0.527087
299.108036  0.527283
299.128035  0.527283
299.148034  0.527153
299.168033  0.527349
299.188032  0.527349
299.208032  0.527545
299.228031  0.527479
299.248030  0.527479
299.268029  0.527741
299.288028  0.527806
299.308028  0.527675
299.328027  0.527545
299.348026  0.527806
299.368025  0.527937
299.388024  0.527871
299.408024  0.528133
299.428023  0.528133
299.448022  0.528067
299.468021  0.528133
299.488020  0.528067
299.508020  0.528133
299.528019  0.528263
299.548018  0.528263
299.568017  0.528525
299.588016  0.528525
299.608016  0.528525
299.628015  0.528655
299.648014  0.528329
299.668013  0.528786
299.688012  0.528721
299.708012  0.528525
299.728011  0.528721
299.748010  0.528982
299.768009  0.529047
299.788008  0.528917
299.808008  0.528917
299.828007  0.529047
299.848006  0.529047
299.868005  0.529113
299.888004  0.529439
299.908004  0.529178
299.928003  0.529243
299.948002  0.529243
299.968001  0.529570
299.988000  0.529439
300.008000  0.529505
300.027999  0.529570
300.047998  0.529439
300.067997  0.529701
300.087996  0.529635
300.107996  0.529831
300.127995  0.529831
300.147994  0.529701
300.167993  0.529897
300.187992  0.529962
300.207992  0.530158
300.227991  0.530027
300.247990  0.529962
300.267989  0.530223
300.287988  0.530289
300.307988  0.530223
300.327987  0.530158
300.347986  0.530615
300.367985  0.530354
300.387984  0.530419
300.407984  0.530615
300.427983  0.530354
300.447982  0.530681
300.467981  0.530615
300.487980  0.530942
300.507980  0.530746
300.527979  0.530681
300.547978  0.530811
300.567977  0.530877
300.587976  0.531269
300.607976  0.531203
300.627975  0.531334
300.647974  0.531138
300.667973  0.531334
300.687972  0.531399
300.707972  0.531269
300.727971  0.531203
300.747970  0.531334
300.767969  0.531465
300.787968  0.531661
300.807968  0.531726
300.827967  0.531595
300.847966  0.531726
300.867965  0.531595
300.887964  0.531661
300.907964  0.531791
300.927963  0.531856
300.947962  0.531922
300.967961  0.532053
300.987960  0.531987
301.007960  0.532379
301.027959  0.531987
301.047958  0.532118
301.067957  0.532379
301.087956  0.532314
301.107956  0.532575
301.127955  0.532379
301.147954  0.532379
301.167953  0.532706
301.187952  0.532444
301.207952  0.532836
301.227951  0.532575
301.247950  0.532641
301.267949  0.532836
301.287948  0.532967
301.307948  0.532902
301.327947  0.532967
301.347946  0.532902
301.367945  0.532967
301.387944  0.533032
301.407944  0.533294
301.427943  0.533294
301.447942  0.533098
301.467941  0.532967
301.487940  0.533490
301.507940  0.533359
301.527939  0.533424
301.547938  0.533424
301.567937  0.533620
301.587936  0.533620
301.607936  0.533620
301.627935  0.533620
301.647934  0.533359
301.667933  0.533751
301.687932  0.533882
301.707932  0.533882
301.727931  0.533947
301.747930  0.534012
301.767929  0.533947
301.787928  0.534078
301.807928  0.534078
301.827927  0.534274
301.847926  0.534208
301.867925  0.534339
301.887924  0.534274
301.907924  0.534666
301.927923  0.534274
301.947922  0.534339
301.967921  0.534535
301.987920  0.534470
302.007920  0.534666
302.027919  0.534470
302.047918  0.534600
302.067917  0.534927
302.087916  0.534731
302.107916  0.534992
302.127915  0.534992
302.147914  0.534992
302.167913  0.534927
302.187912  0.534862
302.207912  0.535254
302.227911  0.535319
302.247910  0.534992
302.267909  0.535254
302.287908  0.535123
302.307908  0.535384
302.327907  0.535646
302.347906  0.535384
302.367905  0.535384
302.387904  0.535580
302.407904  0.535842
302.427903  0.535907
302.447902  0.535450
302.467901  0.535711
302.487900  0.535646
302.507900  0.536168
302.527899  0.535776
302.547898  0.536038
302.567897  0.536430
302.587896  0.536038
302.607896  0.536168
302.627895  0.536234
302.647894  0.536103
302.667893  0.536234
302.687892  0.536234
302.707892  0.536495
302.727891  0.536364
302.747890  0.536364
302.767889  0.536560
302.787888  0.536234
302.807888  0.536626
302.827887  0.536560
302.847886  0.536756
302.867885  0.537018
302.887884  0.536887
302.907884  0.536691
302.927883  0.536952
302.947882  0.536952
302.967881  0.537148
302.987880  0.537083
303.007880  0.537148
303.027879  0.537083
303.047878  0.537279
303.067877  0.537279
303.087876  0.537083
303.107876  0.537148
303.127875  0.537606
303.147874  0.537671
303.167873  0.537606
303.187872  0.537540
303.207872  0.537671
303.227871  0.537671
303.247870  0.537671
303.267869  0.537671
303.287868  0.537867
303.307868  0.537671
303.327867  0.537932
303.347866  0.537998
303.367865  0.537932
303.387864  0.538063
303.407864  0.538259
303.427863  0.537998
303.447862  0.538194
303.467861  0.538324
303.487860  0.538390
303.507860  0.538390
303.527859  0.538390
303.547858  0.538520
303.567857  0.538390
303.587856  0.538651
303.607856  0.538651
303.627855  0.538455
303.647854  0.538716
303.667853  0.538651
303.687852  0.538782
303.707852  0.538847
303.727851  0.538912
303.747850  0.538847
303.767849  0.539108
303.787848  0.539043
303.807848  0.539108
303.827847  0.538978
303.847846  0.539174
303.867845  0.539370
303.887844  0.539370
303.907844  0.539304
303.927843  0.539239
303.947842  0.539500
303.967841  0.539696
303.987840  0.539239
304.007840  0.539762
304.027839  0.539566
304.047838  0.539827
304.067837  0.539762
304.087836  0.539827
304.107836  0.539762
304.127835  0.539827
304.147834  0.539958
304.167833  0.540023
304.187832  0.540023
304.207832  0.540023
304.227831  0.540023
304.247830  0.540219
304.267829  0.540219
304.287828  0.540284
304.307828  0.540154
304.327827  0.540546
304.347826  0.540219
304.367825  0.540611
304.387824  0.540611
304.407824  0.540611
304.427823  0.540611
304.447822  0.540742
304.467821  0.540742
304.487820  0.540546
304.507820  0.540937
304.527819  0.540872
304.547818  0.540742
304.567817  0.541068
304.587816  0.541003
304.607816  0.541199
304.627815  0.541068
304.647814  0.541133
304.667813  0.541199
304.687812  0.541330
304.707812  0.541395
304.727811  0.541199
304.747810  0.541395
304.767809  0.541656
304.787808  0.541721
304.807808  0.541656
304.827807  0.541460
304.847806  0.541525
304.867805  0.541721
304.887804  0.541721
304.907804  0.541787
304.927803  0.541721
304.947802  0.542113
304.967801  0.542048
304.987800  0.541983
305.007800  0.542048
305.027799  0.541983
305.047798  0.542048
305.067797  0.542309
305.087796  0.542048
305.107796  0.542440
305.127795  0.542244
305.147794  0.542375
305.167793  0.542505
305.187792  0.542440
305.207792  0.542505
305.227791  0.542440
305.247790  0.542505
305.267789  0.542832
305.287788  0.542897
305.307788  0.542832
305.327787  0.542701
305.347786  0.542701
305.367785  0.543028
305.387784  0.542897
305.407784  0.543093
305.427783  0.543224
305.447782  0.542963
305.467781  0.543289
305.487780  0.543224
305.507780  0.543355
305.527779  0.543420
305.547778  0.543355
305.567777  0.543289
305.587776  0.543420
305.607776  0.543485
305.627775  0.543420
305.647774  0.543551
305.667773  0.543877
305.687772  0.543812
305.707772  0.543877
305.727771  0.544335
305.747770  0.543681
305.767769  0.543812
305.787768  0.543747
305.807768  0.543877
305.827767  0.543616
305.847766  0.544008
305.867765  0.544204
305.887764  0.544204
305.907764  0.544204
305.927763  0.544269
305.947762  0.544269
305.967761  0.544465
305.987760  0.544531
306.007760  0.544465
306.027759  0.544596
306.047758  0.544727
306.067757  0.544792
306.087756  0.544792
306.107756  0.544727
306.127755  0.544661
306.147754  0.544727
306.167753  0.544792
306.187752  0.544857
306.207752  0.544988
306.227751  0.545119
306.247750  0.545053
306.267749  0.545119
306.287748  0.545119
306.307748  0.544923
306.327747  0.545315
306.347746  0.545380
306.367745  0.545249
306.387744  0.545315
306.407744  0.545445
306.427743  0.545315
306.447742  0.545380
306.467741  0.545249
306.487740  0.545511
306.507740  0.545772
306.527739  0.545772
306.547738  0.545576
306.567737  0.545903
306.587736  0.545641
306.607736  0.545837
306.627735  0.545707
306.647734  0.546033
306.667733  0.546033
306.687732  0.546033
306.707732  0.546099
306.727731  0.546295
306.747730  0.546164
306.767729  0.546360
306.787728  0.546295
306.807728  0.546360
306.827727  0.546491
306.847726  0.546491
306.867725  0.546360
306.887724  0.546621
306.907724  0.546621
306.927723  0.546621
306.947722  0.546621
306.967721  0.546621
306.987720  0.546883
307.007720  0.546948
307.027719  0.546752
307.047718  0.546948
307.067717  0.547013
307.087716  0.546948
307.107716  0.547013
307.127715  0.547079
307.147714  0.547340
307.167713  0.547209
307.187712  0.547209
307.207712  0.546948
307.227711  0.547405
307.247710  0.547405
307.267709  0.547471
307.287708  0.547667
307.307708  0.547601
307.327707  0.547536
307.347706  0.547601
307.367705  0.547601
307.387704  0.547536
307.407704  0.547928
307.427703  0.547797
307.447702  0.548124
307.467701  0.547863
307.487700  0.548059
307.507700  0.547993
307.527699  0.547993
307.547698  0.548189
307.567697  0.548124
307.587696  0.548189
307.607696  0.548189
307.627695  0.548385
307.647694  0.548516
307.667693  0.548451
307.687692  0.548451
307.707692  0.548516
307.727691  0.548647
307.747690  0.548712
307.767689  0.548516
307.787688  0.548516
307.807688  0.548647
307.827687  0.548842
307.847686  0.548777
307.867685  0.548647
307.887684  0.548908
307.907684  0.549169
307.927683  0.548908
307.947682  0.548973
307.967681  0.548973
307.987680  0.549169
308.007680  0.549104
308.027679  0.549496
308.047678  0.549365
308.067677  0.549496
308.087676  0.549430
308.107676  0.549496
308.127675  0.549561
308.147674  0.549822
308.167673  0.549365
308.187672  0.549757
308.207672  0.549496
308.227671  0.549757
308.247670  0.549757
308.267669  0.549692
308.287668  0.549692
308.307668  0.549953
308.327667  0.550018
308.347666  0.550214
308.367665  0.549953
308.387664  0.550084
308.407664  0.549822
308.427663  0.550149
308.447662  0.550084
308.467661  0.550214
308.487660  0.550149
308.507660  0.550084
308.527659  0.550606
308.547658  0.550280
308.567657  0.550410
308.587656  0.550606
308.607656  0.550606
308.627655  0.550737
308.647654  0.550802
308.667653  0.550606
308.687652  0.550672
308.707652  0.551064
308.727651  0.550672
308.747650  0.551064
308.767649  0.550737
308.787648  0.551129
308.807648  0.551194
308.827647  0.551194
308.847646  0.551064
308.867645  0.551129
308.887644  0.551129
308.907644  0.551260
308.927643  0.551194
308.947642  0.551521
308.967641  0.551260
308.987640  0.551652
309.007640  0.551652
309.027639  0.551521
309.047638  0.551586
309.067637  0.551717
309.087636  0.551848
309.107636  0.551652
309.127635  0.551652
309.147634  0.551782
309.167633  0.551717
309.187632  0.551848
309.207632  0.552044
309.227631  0.552044
309.247630  0.552174
309.267629  0.552240
309.287628  0.552174
309.307628  0.552044
309.327627  0.552174
309.347626  0.552174
309.367625  0.552501
309.387624  0.552436
309.407624  0.552436
309.427623  0.552566
309.447622  0.552762
309.467621  0.552566
309.487620  0.552697
309.507620  0.552632
309.527619  0.552828
309.547618  0.552828
309.567617  0.552697
309.587616  0.552893
309.607616  0.552893
309.627615  0.553089
309.647614  0.552958
309.667613  0.552958
309.687612  0.553024
309.707612  0.553220
309.727611  0.553350
309.747610  0.553285
309.767609  0.553089
309.787608  0.553350
309.807608  0.553285
309.827607  0.553416
309.847606  0.553546
309.867605  0.553416
309.887604  0.553612
309.907604  0.553677
309.927603  0.553481
309.947602  0.553742
309.967601  0.553677
309.987600  0.553742
310.007600  0.553546
310.027599  0.553873
310.047598  0.553938
310.067597  0.553873
310.087596  0.554004
310.107596  0.553938
310.127595  0.553873
310.147594  0.553938
310.167593  0.554200
310.187592  0.554265
310.207592  0.554396
310.227591  0.554134
310.247590  0.554200
310.267589  0.554330
310.287588  0.554330
310.307588  0.554396
310.327587  0.554396
310.347586  0.554657
310.367585  0.554526
310.387584  0.554853
310.407584  0.554657
310.427583  0.554657
310.447582  0.554788
310.467581  0.554853
310.487580  0.554788
310.507580  0.554722
310.527579  0.555049
310.547578  0.555833
310.567577  0.554984
310.587576  0.555180
310.607576  0.555114
310.627575  0.555310
310.647574  0.555441
310.667573  0.555245
310.687572  0.555376
310.707572  0.555245
310.727571  0.555506
310.747570  0.555572
310.767569  0.555506
310.787568  0.555506
310.807568  0.555506
310.827567  0.555572
310.847566  0.555702
310.867565  0.555572
310.887564  0.555572
310.907564  0.555768
310.927563  0.555964
310.947562  0.555964
310.967561  0.555833
310.987560  0.556160
311.007560  0.556094
311.027559  0.556029
311.047558  0.556160
311.067557  0.556355
311.087556  0.556160
311.107556  0.556290
311.127555  0.556486
311.147554  0.556029
311.167553  0.556421
311.187552  0.556617
311.207552  0.556421
311.227551  0.556486
311.247550  0.556617
311.267549  0.556682
311.287548  0.556943
311.307548  0.556617
311.327547  0.556552
311.347546  0.557009
311.367545  0.556878
311.387544  0.556878
311.407544  0.557009
311.427543  0.557139
311.447542  0.557205
311.467541  0.557074
311.487540  0.557270
311.507540  0.557074
311.527539  0.557335
311.547538  0.557466
311.567537  0.557139
311.587536  0.557531
311.607536  0.557597
311.627535  0.557466
311.647534  0.557597
311.667533  0.557597
311.687532  0.557531
311.707532  0.557466
311.727531  0.557727
311.747530  0.557662
311.767529  0.557662
311.787528  0.557923
311.807528  0.557793
311.827527  0.557597
311.847526  0.557793
311.867525  0.557793
311.887524  0.557923
311.907524  0.558119
311.927523  0.558315
311.947522  0.557923
311.967521  0.557923
311.987520  0.558315
312.007520  0.558381
312.027519  0.558577
312.047518  0.558185
312.067517  0.558315
312.087516  0.558446
312.107516  0.558642
312.127515  0.558642
312.147514  0.558642
312.167513  0.558446
312.187512  0.558642
312.207512  0.558707
312.227511  0.558903
312.247510  0.558773
312.267509  0.558707
312.287508  0.558903
312.307508  0.558903
312.327507  0.559295
312.347506  0.559034
312.367505  0.558969
312.387504  0.559165
312.407504  0.559034
312.427503  0.559230
312.447502  0.559230
312.467501  0.559361
312.487500  0.559426
312.507500  0.559230
312.527499  0.559491
312.547498  0.559426
312.567497  0.559557
312.587497  0.559622
312.607496  0.559426
312.627495  0.559753
312.647494  0.559818
312.667493  0.559622
312.687493  0.559687
312.707492  0.559753
312.727491  0.559883
312.747490  0.560014
312.767489  0.559949
312.787489  0.560079
312.807488  0.560275
312.827487  0.560210
312.847486  0.560602
312.867485  0.560079
312.887485  0.560145
312.907484  0.560275
312.927483  0.560471
312.947482  0.560471
312.967481  0.560341
312.987481  0.560471
313.007480  0.560471
313.027479  0.560733
313.047478  0.560471
313.067477  0.560406
313.087477  0.560471
313.107476  0.560537
313.127475  0.560863
313.147474  0.560667
313.167473  0.560733
313.187473  0.560929
313.207472  0.560994
313.227471  0.560929
313.247470  0.561125
313.267469  0.560798
313.287469  0.560863
313.307468  0.561255
313.327467  0.561321
313.347466  0.561125
313.367465  0.561255
313.387465  0.561386
313.407464  0.561321
313.427463  0.561582
313.447462  0.561255
313.467461  0.561451
313.487461  0.561582
313.507460  0.561647
313.527459  0.561647
313.547458  0.561713
313.567457  0.561517
313.587457  0.561713
313.607456  0.561517
313.627455  0.561974
313.647454  0.561974
313.667453  0.561778
313.687453  0.561974
313.707452  0.561843
313.727451  0.562170
313.747450  0.561974
313.767449  0.562105
313.787449  0.562170
313.807448  0.562039
313.827447  0.562366
313.847446  0.562562
313.867445  0.562301
313.887445  0.562431
313.907444  0.562562
313.927443  0.562562
313.947442  0.562301
313.967441  0.562627
313.987441  0.562431
314.007440  0.562497
314.027439  0.562693
314.047438  0.562627
314.067437  0.563019
314.087437  0.562823
314.107436  0.562823
314.127435  0.563019
314.147434  0.563150
314.167433  0.562954
314.187433  0.563019
314.207432  0.563215
314.227431  0.563085
314.247430  0.562889
314.267429  0.563150
314.287429  0.563215
314.307428  0.563215
314.327427  0.563542
314.347426  0.563477
314.367425  0.563215
314.387425  0.563673
314.407424  0.563411
314.427423  0.563346
314.447422  0.563607
314.467421  0.563738
314.487421  0.563869
314.507420  0.563607
314.527419  0.563673
314.547418  0.563803
314.567417  0.563803
314.587417  0.563999
314.607416  0.563934
314.627415  0.563999
314.647414  0.563934
314.667413  0.563934
314.687413  0.564195
314.707412  0.564065
314.727411  0.564457
314.747410  0.564326
314.767409  0.564391
314.787409  0.564457
314.807408  0.564326
314.827407  0.564195
314.847406  0.564391
314.867405  0.564457
314.887405  0.564391
314.907404  0.564326
314.927403  0.564522
314.947402  0.564718
314.967401  0.564783
314.987401  0.564718
315.007400  0.564783
315.027399  0.564718
315.047398  0.565044
315.067397  0.564914
315.087397  0.564914
315.107396  0.564783
315.127395  0.565240
315.147394  0.565175
315.167393  0.565044
315.187393  0.565240
315.207392  0.564979
315.227391  0.565175
315.247390  0.565175
315.267389  0.565306
315.287389  0.565436
315.307388  0.565436
315.327387  0.565306
315.347386  0.565110
315.367385  0.565436
315.387385  0.565698
315.407384  0.565436
315.427383  0.565632
315.447382  0.565632
315.467381  0.565763
315.487381  0.565828
315.507380  0.565698
315.527379  0.565894
315.547378  0.565894
315.567377  0.565894
315.587377  0.566024
315.607376  0.566024
315.627375  0.566024
315.647374  0.565959
315.667373  0.566220
315.687373  0.566416
315.707372  0.566155
315.727371  0.566482
315.747370  0.566220
315.767369  0.566416
315.787369  0.566220
315.807368  0.566482
315.827367  0.566155
315.847366  0.566547
315.867365  0.566612
315.887365  0.566743
315.907364  0.566743
315.927363  0.566612
315.947362  0.566874
315.967361  0.566743
315.987361  0.566874
316.007360  0.567004
316.027359  0.567200
316.047358  0.566743
316.067357  0.567070
316.087357  0.567004
316.107356  0.567004
316.127355  0.567200
316.147354  0.567070
316.167353  0.567135
316.187353  0.567266
316.207352  0.567396
316.227351  0.567592
316.247350  0.567266
316.267349  0.567396
316.287349  0.567592
316.307348  0.567462
316.327347  0.567592
316.347346  0.567396
316.367345  0.567527
316.387345  0.567788
316.407344  0.567723
316.427343  0.567658
316.447342  0.567788
316.467341  0.567723
316.487341  0.567984
316.507340  0.567984
316.527339  0.567919
316.547338  0.568115
316.567337  0.567723
316.587337  0.568050
316.607336  0.568246
316.627335  0.568050
316.647334  0.567984
316.667333  0.568246
316.687333  0.568246
316.707332  0.568180
316.727331  0.568180
316.747330  0.568246
316.767329  0.568442
316.787329  0.568638
316.807328  0.568572
316.827327  0.568572
316.847326  0.568572
316.867325  0.568768
316.887325  0.568768
316.907324  0.568638
316.927323  0.568768
316.947322  0.568703
316.967321  0.568703
316.987321  0.568638
317.007320  0.568834
317.027319  0.568899
317.047318  0.568834
317.067317  0.569356
317.087317  0.569030
317.107316  0.569226
317.127315  0.569226
317.147314  0.569160
317.167313  0.569160
317.187313  0.569160
317.207312  0.569160
317.227311  0.569226
317.247310  0.569356
317.267309  0.569814
317.287309  0.569422
317.307308  0.569552
317.327307  0.569879
317.347306  0.569552
317.367305  0.569683
317.387305  0.569618
317.407304  0.569748
317.427303  0.569814
317.447302  0.569879
317.467301  0.569879
317.487301  0.569879
317.507300  0.569879
317.527299  0.569944
317.547298  0.570075
317.567297  0.569879
317.587297  0.570271
317.607296  0.570206
317.627295  0.570206
317.647294  0.570206
317.667293  0.570402
317.687293  0.570402
317.707292  0.570336
317.727291  0.570402
317.747290  0.570402
317.767289  0.570336
317.787289  0.570402
317.807288  0.570402
317.827287  0.570598
317.847286  0.570402
317.867285  0.570728
317.887285  0.570336
317.907284  0.570794
317.927283  0.570794
317.947282  0.570663
317.967281  0.570728
317.987281  0.570924
318.007280  0.571120
318.027279  0.571055
318.047278  0.570990
318.067277  0.570924
318.087277  0.571186
318.107276  0.571186
318.127275  0.570990
318.147274  0.570990
318.167273  0.571578
318.187273  0.571382
318.207272  0.571512
318.227271  0.571578
318.247270  0.571512
318.267269  0.571512
318.287269  0.571512
318.307268  0.571578
318.327267  0.571447
318.347266  0.571512
318.367265  0.571512
318.387265  0.571708
318.407264  0.571904
318.427263  0.571904
318.447262  0.571708
318.467261  0.571839
318.487261  0.571774
318.507260  0.571904
318.527259  0.572035
318.547258  0.572035
318.567257  0.572100
318.587257  0.572100
318.607256  0.572100
318.627255  0.572296
318.647254  0.572231
318.667253  0.572296
318.687253  0.572361
318.707252  0.572166
318.727251  0.572361
318.747250  0.572492
318.767249  0.572361
318.787249  0.572296
318.807248  0.572558
318.827247  0.572688
318.847246  0.572688
318.867245  0.572623
318.887245  0.572753
318.907244  0.572753
318.927243  0.572753
318.947242  0.572884
318.967241  0.572753
318.987241  0.572753
319.007240  0.573211
319.027239  0.573080
319.047238  0.573015
319.067237  0.573407
319.087237  0.573080
319.107236  0.573015
319.127235  0.573211
319.147234  0.573015
319.167233  0.573341
319.187233  0.573145
319.207232  0.573407
319.227231  0.573407
319.247230  0.573407
319.267229  0.573603
319.287229  0.573472
319.307228  0.573537
319.327227  0.573668
319.347226  0.573537
319.367225  0.573407
319.387225  0.573799
319.407224  0.573668
319.427223  0.573864
319.447222  0.573995
319.467221  0.573995
319.487221  0.573995
319.507220  0.573995
319.527219  0.574125
319.547218  0.573995
319.567217  0.573929
319.587217  0.574256
319.607216  0.574125
319.627215  0.574191
319.647214  0.574321
319.667213  0.574452
319.687213  0.574452
319.707212  0.574387
319.727211  0.574713
319.747210  0.574517
319.767209  0.574387
319.787209  0.574517
319.807208  0.574779
319.827207  0.574583
319.847206  0.574583
319.867205  0.574648
319.887205  0.574844
319.907204  0.575105
319.927203  0.574779
319.947202  0.574844
319.967201  0.574975
319.987201  0.574779
320.007200  0.574779
320.027199  0.574844
320.047198  0.575105
320.067197  0.575040
320.087197  0.574844
320.107196  0.575040
320.127195  0.575171
320.147194  0.575236
320.167193  0.575105
320.187193  0.575236
320.207192  0.575301
320.227191  0.575301
320.247190  0.575497
320.267189  0.575693
320.287189  0.575497
320.307188  0.575628
320.327187  0.575497
320.347186  0.575628
320.367185  0.575693
320.387185  0.575563
320.407184  0.575824
320.427183  0.575759
320.447182  0.575628
320.467181  0.576085
320.487181  0.575824
320.507180  0.575824
320.527179  0.575889
320.547178  0.576020
320.567177  0.576347
320.587177  0.575889
320.607176  0.576151
320.627175  0.576151
320.647174  0.576151
320.667173  0.576281
320.687173  0.576347
320.707172  0.576347
320.727171  0.576347
320.747170  0.576412
320.767169  0.576543
320.787169  0.576477
320.807168  0.576543
320.827167  0.576608
320.847166  0.576673
320.867165  0.576739
320.887165  0.576869
320.907164  0.576543
320.927163  0.576477
320.947162  0.576869
320.967161  0.577000
320.987161  0.576739
321.007160  0.576804
321.027159  0.576935
321.047158  0.577065
321.067157  0.577065
321.087157  0.576935
321.107156  0.577065
321.127155  0.577000
321.147154  0.577196
321.167153  0.577392
321.187153  0.577261
321.207152  0.577457
321.227151  0.577457
321.247150  0.577392
321.267149  0.577457
321.287149  0.577588
321.307148  0.578045
321.327147  0.577523
321.347146  0.577588
321.367145  0.577653
321.387145  0.577653
321.407144  0.577784
321.427143  0.577719
321.447142  0.577849
321.467141  0.577980
321.487141  0.577849
321.507140  0.577980
321.527139  0.577980
321.547138  0.578176
321.567137  0.577849
321.587137  0.577849
321.607136  0.578241
321.627135  0.577915
321.647134  0.578241
321.667133  0.578176
321.687133  0.578307
321.707132  0.578241
321.727131  0.578241
321.747130  0.578241
321.767129  0.578437
321.787129  0.578372
321.807128  0.578372
321.827127  0.578503
321.847126  0.578633
321.867125  0.578699
321.887125  0.578503
321.907124  0.578437
321.927123  0.578503
321.947122  0.578895
321.967121  0.578633
321.987121  0.578633
322.007120  0.578829
322.027119  0.578764
322.047118  0.578764
322.067117  0.579025
322.087117  0.578829
322.107116  0.579221
322.127115  0.578829
322.147114  0.579156
322.167113  0.579221
322.187113  0.579025
322.207112  0.579221
322.227111  0.579287
322.247110  0.579417
322.267109  0.579417
322.287109  0.579221
322.307108  0.579482
322.327107  0.579287
322.347106  0.579417
322.367105  0.579287
322.387105  0.579482
322.407104  0.579744
322.427103  0.579613
322.447102  0.581508
322.467101  0.579744
322.487101  0.579744
322.507100  0.579940
322.527099  0.580005
322.547098  0.579940
322.567097  0.579940
322.587097  0.579875
322.607096  0.579940
322.627095  0.580070
322.647094  0.580005
322.667093  0.580005
322.687093  0.580266
322.707092  0.580136
322.727091  0.580070
322.747090  0.580070
322.767089  0.580136
322.787089  0.580332
322.807088  0.580463
322.827087  0.580332
322.847086  0.580397
322.867085  0.580593
322.887085  0.580463
322.907084  0.580658
322.927083  0.580658
322.947082  0.580528
322.967081  0.580593
322.987081  0.580658
323.007080  0.580920
323.027079  0.580658
323.047078  0.580854
323.067077  0.580854
323.087077  0.580658
323.107076  0.580920
323.127075  0.580985
323.147074  0.580985
323.167073  0.580920
323.187073  0.580985
323.207072  0.581181
323.227071  0.581246
323.247070  0.581181
323.267069  0.581181
323.287069  0.581181
323.307068  0.581312
323.327067  0.581442
323.347066  0.581573
323.367065  0.581377
323.387065  0.581181
323.407064  0.581508
323.427063  0.581312
323.447062  0.581573
323.467061  0.581573
323.487061  0.581508
323.507060  0.581769
323.527059  0.581769
323.547058  0.581769
323.567057  0.581834
323.587057  0.581769
323.607056  0.581638
323.627055  0.581769
323.647054  0.581900
323.667053  0.581965
323.687053  0.581769
323.707052  0.582030
323.727051  0.582030
323.747050  0.582292
323.767049  0.581965
323.787049  0.581965
323.807048  0.582357
323.827047  0.582488
323.847046  0.582226
323.867045  0.582226
323.887045  0.582488
323.907044  0.582618
323.927043  0.582422
323.947042  0.582553
323.967041  0.582553
323.987041  0.582422
324.007040  0.582814
324.027039  0.582488
324.047038  0.582553
324.067037  0.582618
324.087037  0.582880
324.107036  0.582814
324.127035  0.582814
324.147034  0.582814
324.167033  0.582880
324.187033  0.582814
324.207032  0.582945
324.227031  0.582945
324.247030  0.583010
324.267029  0.583206
324.287029  0.583010
324.307028  0.583076
324.327027  0.583272
324.347026  0.583206
324.367025  0.583206
324.387025  0.583206
324.407024  0.583272
324.427023  0.583337
324.447022  0.583272
324.467021  0.583598
324.487021  0.583272
324.507020  0.583533
324.527019  0.583598
324.547018  0.583664
324.567017  0.583598
324.587017  0.583664
324.607016  0.583729
324.627015  0.583729
324.647014  0.583729
324.667013  0.583729
324.687013  0.583729
324.707012  0.583990
324.727011  0.583990
324.747010  0.584056
324.767009  0.583860
324.787009  0.584056
324.807008  0.584186
324.827007  0.584186
324.847006  0.584121
324.867005  0.584056
324.887005  0.584121
324.907004  0.584252
324.927003  0.584121
324.947002  0.584186
324.967001  0.584186
324.987001  0.584513
325.007000  0.584644
325.026999  0.584448
325.046998  0.584644
325.066997  0.584513
325.086997  0.584513
325.106996  0.584513
325.126995  0.584513
325.146994  0.584709
325.166993  0.584709
325.186993  0.584840
325.206992  0.584644
325.226991  0.584905
325.246990  0.584774
325.266989  0.584840
325.286989  0.584709
325.306988  0.584970
325.326987  0.584905
325.346986  0.584905
325.366985  0.585101
325.386985  0.585036
325.406984  0.585036
325.426983  0.585101
325.446982  0.585297
325.466981  0.585362
325.486981  0.585101
325.506980  0.585362
325.526979  0.585297
325.546978  0.585232
325.566977  0.585493
325.586977  0.585624
325.606976  0.585362
325.626975  0.585428
325.646974  0.585885
325.666973  0.585689
325.686973  0.585624
325.706972  0.585689
325.726971  0.585885
325.746970  0.585820
325.766969  0.585624
325.786969  0.585754
325.806968  0.585885
325.826967  0.585754
325.846966  0.586146
325.866965  0.586016
325.886965  0.585885
325.906964  0.585885
325.926963  0.586212
325.946962  0.586212
325.966961  0.586016
325.986961  0.586146
326.006960  0.586277
326.026959  0.586473
326.046958  0.586408
326.066957  0.586212
326.086957  0.586277
326.106956  0.586212
326.126955  0.586473
326.146954  0.586342
326.166953  0.586408
326.186953  0.586538
326.206952  0.586604
326.226951  0.586538
326.246950  0.586473
326.266949  0.586734
326.286949  0.586734
326.306948  0.586734
326.326947  0.586669
326.346946  0.586996
326.366945  0.586865
326.386945  0.587192
326.406944  0.587257
326.426943  0.586800
326.446942  0.587126
326.466941  0.587126
326.486941  0.587061
326.506940  0.587257
326.526939  0.586996
326.546938  0.587388
326.566937  0.587257
326.586937  0.587257
326.606936  0.587453
326.626935  0.587257
326.646934  0.587192
326.666933  0.587257
326.686933  0.587584
326.706932  0.587453
326.726931  0.587453
326.746930  0.587453
326.766929  0.587453
326.786929  0.587649
326.806928  0.587714
326.826927  0.587584
326.846926  0.587453
326.866925  0.587780
326.886925  0.587910
326.906924  0.587584
326.926923  0.587780
326.946922  0.588041
326.966921  0.587910
326.986921  0.588041
327.006920  0.587845
327.026919  0.588041
327.046918  0.588106
327.066917  0.588041
327.086917  0.587910
327.106916  0.588237
327.126915  0.588106
327.146914  0.588172
327.166913  0.588302
327.186913  0.588237
327.206912  0.588237
327.226911  0.588302
327.246910  0.588367
327.266909  0.588498
327.286909  0.588694
327.306908  0.588302
327.326907  0.588629
327.346906  0.588694
327.366905  0.588564
327.386905  0.588498
327.406904  0.588694
327.426903  0.588629
327.446902  0.588629
327.466901  0.588890
327.486901  0.588955
327.506900  0.588759
327.526899  0.588890
327.546898  0.588825
327.566897  0.588629
327.586897  0.589151
327.606896  0.588955
327.626895  0.589217
327.646894  0.589151
327.666893  0.589151
327.686893  0.589347
327.706892  0.589151
327.726891  0.589086
327.746890  0.589217
327.766889  0.589413
327.786889  0.589217
327.806888  0.589347
327.826887  0.589151
327.846886  0.589739
327.866885  0.589413
327.886885  0.589609
327.906884  0.589543
327.926883  0.589413
327.946882  0.589674
327.966881  0.589478
327.986881  0.589478
328.006880  0.589413
328.026879  0.589805
328.046878  0.589543
328.066877  0.589870
328.086877  0.589870
328.106876  0.589805
328.126875  0.589739
328.146874  0.589935
328.166873  0.590001
328.186873  0.589935
328.206872  0.590001
328.226871  0.589870
328.246870  0.590197
328.266869  0.590262
328.286869  0.590001
328.306868  0.590131
328.326867  0.590262
328.346866  0.590393
328.366865  0.590262
328.386865  0.590327
328.406864  0.590458
328.426863  0.590523
328.446862  0.590393
328.466861  0.590458
328.486861  0.590523
328.506860  0.590850
328.526859  0.590589
328.546858  0.590589
328.566857  0.590654
328.586857  0.590850
328.606856  0.590850
328.626855  0.590719
328.646854  0.590785
328.666853  0.590915
328.686853  0.590981
328.706852  0.590850
328.726851  0.591046
328.746850  0.590981
328.766849  0.590981
328.786849  0.591046
328.806848  0.590915
328.826847  0.591111
328.846846  0.591177
328.866845  0.591242
328.886845  0.591307
328.906844  0.591046
328.926843  0.591373
328.946842  0.591438
328.966841  0.591177
328.986841  0.591438
329.006840  0.591373
329.026839  0.591569
329.046838  0.591503
329.066837  0.591438
329.086837  0.591634
329.106836  0.591634
329.126835  0.591569
329.146834  0.591569
329.166833  0.591569
329.186833  0.591634
329.206832  0.591569
329.226831  0.591895
329.246830  0.591699
329.266829  0.591765
329.286829  0.592091
329.306828  0.591765
329.326827  0.592157
329.346826  0.591765
329.366825  0.592026
329.386825  0.592091
329.406824  0.591895
329.426823  0.592026
329.446822  0.592091
329.466821  0.592222
329.486821  0.591961
329.506820  0.592157
329.526819  0.592287
329.546818  0.592483
329.566817  0.592353
329.586817  0.592549
329.606816  0.592679
329.626815  0.592353
329.646814  0.592549
329.666813  0.592549
329.686813  0.592679
329.706812  0.592483
329.726811  0.592549
329.746810  0.592679
329.766809  0.592549
329.786809  0.592679
329.806808  0.592875
329.826807  0.592941
329.846806  0.593006
329.866805  0.592875
329.886805  0.592875
329.906804  0.592810
329.926803  0.592875
329.946802  0.592941
329.966801  0.593137
329.986801  0.593267
330.006800  0.593267
330.026799  0.593202
330.046798  0.592745
330.066797  0.593071
330.086797  0.593398
330.106796  0.593071
330.126795  0.593137
330.146794  0.593137
330.166793  0.593398
330.186793  0.593463
330.206792  0.593202
330.226791  0.593398
330.246790  0.593463
330.266789  0.593463
330.286789  0.593659
330.306788  0.593659
330.326787  0.593659
330.346786  0.593529
330.366785  0.593659
330.386785  0.593790
330.406784  0.593594
330.426783  0.593725
330.446782  0.593725
330.466781  0.593659
330.486781  0.593921
330.506780  0.594051
330.526779  0.594117
330.546778  0.593790
330.566777  0.594117
330.586777  0.593986
330.606776  0.593986
330.626775  0.594182
330.646774  0.593986
330.666773  0.594247
330.686773  0.594117
330.706772  0.594117
330.726771  0.594247
330.746770  0.594443
330.766769  0.594247
330.786769  0.594378
330.806768  0.594313
330.826767  0.594443
330.846766  0.594509
330.866765  0.594378
330.886765  0.594574
330.906764  0.594705
330.926763  0.594574
330.946762  0.594443
330.966761  0.594639
330.986761  0.594574
331.006760  0.594574
331.026759  0.594966
331.046758  0.594835
331.066757  0.594770
331.086757  0.594966
331.106756  0.594770
331.126755  0.594901
331.146754  0.594901
331.166753  0.595097
331.186753  0.594966
331.206752  0.595227
331.226751  0.595358
331.246750  0.595162
331.266749  0.595162
331.286749  0.595358
331.306748  0.595227
331.326747  0.595293
331.346746  0.595488
331.366745  0.595227
331.386745  0.595293
331.406744  0.595423
331.426743  0.595358
331.446742  0.595358
331.466741  0.595488
331.486741  0.595750
331.506740  0.595554
331.526739  0.595358
331.546738  0.595685
331.566737  0.595750
331.586737  0.595685
331.606736  0.595750
331.626735  0.595685
331.646734  0.595554
331.666733  0.595815
331.686733  0.595946
331.706732  0.595685
331.726731  0.596011
331.746730  0.595946
331.766729  0.596207
331.786729  0.596011
331.806728  0.595750
331.826727  0.596207
331.846726  0.596207
331.866725  0.595946
331.886725  0.596338
331.906724  0.596011
331.926723  0.596469
331.946722  0.596207
331.966721  0.596469
331.986721  0.596142
332.006720  0.596469
332.026719  0.596469
332.046718  0.596795
332.066717  0.596664
332.086717  0.596534
332.106716  0.596469
332.126715  0.596795
332.146714  0.596664
332.166713  0.596599
332.186713  0.596534
332.206712  0.596664
332.226711  0.596730
332.246710  0.596534
332.266709  0.596991
332.286709  0.596795
332.306708  0.596860
332.326707  0.596926
332.346706  0.596926
332.366705  0.596860
332.386705  0.596926
332.406704  0.596991
332.426703  0.596926
332.446702  0.597056
332.466701  0.597383
332.486701  0.596860
332.506700  0.597187
332.526699  0.597122
332.546698  0.597187
332.566697  0.597318
332.586697  0.597187
332.606696  0.597122
332.626695  0.597383
332.646694  0.597514
332.666693  0.597187
332.686693  0.597579
332.706692  0.597514
332.726691  0.597514
332.746690  0.597318
332.766689  0.597644
332.786689  0.597644
332.806688  0.597644
332.826687  0.597644
332.846686  0.597644
332.866685  0.597775
332.886685  0.597644
332.906684  0.597644
332.926683  0.597906
332.946682  0.597971
332.966681  0.597971
332.986681  0.598102
333.006680  0.598167
333.026679  0.598102
333.046678  0.598167
333.066677  0.598232
333.086677  0.597906
333.106676  0.598036
333.126675  0.598036
333.146674  0.598167
333.166673  0.598494
333.186673  0.598232
333.206672  0.598167
333.226671  0.598232
333.246670  0.598298
333.266669  0.598363
333.286669  0.598494
333.306668  0.598428
333.326667  0.598298
333.346666  0.598624
333.366665  0.598690
333.386665  0.598624
333.406664  0.598624
333.426663  0.598559
333.446662  0.598690
333.466661  0.598559
333.486661  0.598428
333.506660  0.598559
333.526659  0.598755
333.546658  0.598820
333.566657  0.598820
333.586657  0.598820
333.606656  0.598755
333.626655  0.598886
333.646654  0.598755
333.666653  0.598820
333.686653  0.598951
333.706652  0.599735
333.726651  0.599016
333.746650  0.599147
333.766649  0.599212
333.786649  0.599147
333.806648  0.599147
333.826647  0.599147
333.846646  0.599278
333.866645  0.599408
333.886645  0.599539
333.906644  0.599474
333.926643  0.599212
333.946642  0.599278
333.966641  0.599343
333.986641  0.599278
334.006640  0.599800
334.026639  0.599343
334.046638  0.599604
334.066637  0.599670
334.086637  0.599604
334.106636  0.599866
334.126635  0.599735
334.146634  0.599735
334.166633  0.599866
334.186633  0.599735
334.206632  0.599931
334.226631  0.599735
334.246630  0.600062
334.266629  0.600062
334.286629  0.599996
334.306628  0.600127
334.326627  0.599996
334.346626  0.600127
334.366625  0.600062
334.386625  0.599735
334.406624  0.600062
334.426623  0.600192
334.446622  0.600454
334.466621  0.600258
334.486621  0.600127
334.506620  0.600323
334.526619  0.600258
334.546618  0.600323
334.566617  0.600454
334.586617  0.600454
334.606616  0.600780
334.626615  0.600388
334.646614  0.600584
334.666613  0.600454
334.686613  0.600519
334.706612  0.600584
334.726611  0.600650
334.746610  0.600650
334.766609  0.600780
334.786609  0.600584
334.806608  0.600650
334.826607  0.600846
334.846606  0.600780
334.866605  0.600715
334.886605  0.600650
334.906604  0.600911
334.926603  0.600911
334.946602  0.600911
334.966601  0.600976
334.986601  0.601238
335.006600  0.601238
335.026599  0.601238
335.046598  0.601107
335.066597  0.600976
335.086597  0.601172
335.106596  0.601303
335.126595  0.601368
335.146594  0.601172
335.166593  0.601303
335.186593  0.601434
335.206592  0.601303
335.226591  0.601238
335.246590  0.601368
335.266589  0.601630
335.286589  0.601434
335.306588  0.601695
335.326587  0.601434
335.346586  0.601564
335.366585  0.601760
335.386585  0.601826
335.406584  0.601630
335.426583  0.601564
335.446582  0.601695
335.466581  0.602022
335.486581  0.601891
335.506580  0.601956
335.526579  0.601826
335.546578  0.601956
335.566577  0.601891
335.586577  0.602087
335.606576  0.602218
335.626575  0.601760
335.646574  0.602022
335.666573  0.602218
335.686573  0.602218
335.706572  0.602022
335.726571  0.602087
335.746570  0.602283
335.766569  0.602087
335.786569  0.602348
335.806568  0.602283
335.826567  0.602218
335.846566  0.602414
335.866565  0.602544
335.886565  0.602414
335.906564  0.602283
335.926563  0.602348
335.946562  0.602675
335.966561  0.602414
335.986561  0.602414
336.006560  0.602544
336.026559  0.602414
336.046558  0.602479
336.066557  0.602740
336.086557  0.602544
336.106556  0.602740
336.126555  0.602740
336.146554  0.602740
336.166553  0.602806
336.186553  0.602806
336.206552  0.602871
336.226551  0.602740
336.246550  0.602871
336.266549  0.603198
336.286549  0.603002
336.306548  0.603002
336.326547  0.603002
336.346546  0.603132
336.366545  0.603132
336.386545  0.603067
336.406544  0.603067
336.426543  0.603198
336.446542  0.603067
336.466541  0.603132
336.486541  0.603459
336.506540  0.603524
336.526539  0.603263
336.546538  0.603394
336.566537  0.603524
336.586537  0.603589
336.606536  0.603720
336.626535  0.603328
336.646534  0.603459
336.666533  0.603655
336.686533  0.603459
336.706532  0.603459
336.726531  0.603589
336.746530  0.603916
336.766529  0.603720
336.786529  0.603851
336.806528  0.603916
336.826527  0.603786
336.846526  0.603851
336.866525  0.603786
336.886525  0.603589
336.906524  0.604047
336.926523  0.603981
336.946522  0.603981
336.966521  0.603981
336.986521  0.604243
337.006520  0.603916
337.026519  0.604047
337.046518  0.604177
337.066517  0.604373
337.086517  0.604177
337.106516  0.604112
337.126515  0.604243
337.146514  0.604308
337.166513  0.604569
337.186513  0.604373
337.206512  0.604504
337.226511  0.604439
337.246510  0.604504
337.266509  0.604439
337.286509  0.604439
337.306508  0.604635
337.326507  0.604831
337.346506  0.604569
337.366505  0.604504
337.386505  0.604504
337.406504  0.604765
337.426503  0.604569
337.446502  0.604765
337.466501  0.604700
337.486501  0.604896
337.506500  0.604961
337.526499  0.604765
337.546498  0.604765
337.566497  0.605092
337.586497  0.605223
337.606496  0.605157
337.626495  0.604831
337.646494  0.605223
337.666493  0.604961
337.686493  0.605157
337.706492  0.605027
337.726491  0.605353
337.746490  0.605092
337.766489  0.605353
337.786489  0.605223
337.806488  0.605484
337.826487  0.605549
337.846486  0.605092
337.866485  0.605092
337.886485  0.605549
337.906484  0.605745
337.926483  0.605419
337.946482  0.605484
337.966481  0.605288
337.986481  0.605811
338.006480  0.605615
338.026479  0.605353
338.046478  0.605615
338.066477  0.605745
338.086477  0.605745
338.106476  0.605615
338.126475  0.605680
338.146474  0.605876
338.166473  0.605876
338.186473  0.605941
338.206472  0.605941
338.226471  0.605680
338.246470  0.605876
338.266469  0.605941
338.286469  0.605876
338.306468  0.605941
338.326467  0.606072
338.346466  0.606007
338.366465  0.606072
338.386465  0.606203
338.406464  0.606268
338.426463  0.606203
338.446462  0.606268
338.466461  0.606203
338.486461  0.606399
338.506460  0.606333
338.526459  0.606137
338.546458  0.606529
338.566457  0.606399
338.586457  0.606333
338.606456  0.606399
338.626455  0.606464
338.646454  0.606464
338.666453  0.606791
338.686453  0.606399
338.706452  0.606595
338.726451  0.606660
338.746450  0.606725
338.766449  0.606595
338.786449  0.606595
338.806448  0.606595
338.826447  0.606856
338.846446  0.606856
338.866445  0.606725
338.886445  0.606987
338.906444  0.606660
338.926443  0.607052
338.946442  0.606921
338.966441  0.607248
338.986441  0.606921
339.006440  0.607052
339.026439  0.607248
339.046438  0.606987
339.066437  0.607117
339.086437  0.607248
339.106436  0.607117
339.126435  0.607183
339.146434  0.607313
339.166433  0.607313
339.186433  0.607183
339.206432  0.607444
339.226431  0.607705
339.246430  0.607575
339.266429  0.607575
339.286429  0.607771
339.306428  0.607444
339.326427  0.607575
339.346426  0.607313
339.366425  0.607183
339.386425  0.607640
339.406424  0.607509
339.426423  0.607444
339.446422  0.607836
339.466421  0.607836
339.486421  0.607509
339.506420  0.607509
339.526419  0.607705
339.546418  0.607705
339.566417  0.607771
339.586417  0.608032
339.606416  0.607967
339.626415  0.607901
339.646414  0.607967
339.666413  0.608032
339.686413  0.607967
339.706412  0.608097
339.726411  0.608097
339.746410  0.608359
339.766409  0.608163
339.786409  0.608228
339.806408  0.608032
339.826407  0.608163
339.846406  0.607836
339.866405  0.608163
339.886405  0.608163
339.906404  0.608228
339.926403  0.608359
339.946402  0.608293
339.966401  0.608293
339.986401  0.608424
340.006400  0.608489
340.026399  0.608555
340.046398  0.608424
340.066397  0.608424
340.086397  0.608293
340.106396  0.608555
340.126395  0.608816
340.146394  0.608555
340.166393  0.608816
340.186393  0.608685
340.206392  0.608751
340.226391  0.608947
340.246390  0.608751
340.266389  0.608685
340.286389  0.608489
340.306388  0.608947
340.326387  0.608947
340.346386  0.608881
340.366385  0.608947
340.386385  0.609012
340.406384  0.609012
340.426383  0.608947
340.446382  0.608947
340.466381  0.609012
340.486381  0.609012
340.506380  0.609339
340.526379  0.609208
340.546378  0.609208
340.566377  0.609012
340.586377  0.609143
340.606376  0.609077
340.626375  0.609404
340.646374  0.609600
340.666373  0.609273
340.686373  0.609273
340.706372  0.609273
340.726371  0.609339
340.746370  0.609208
340.766369  0.609535
340.786369  0.609535
340.806368  0.609600
340.826367  0.609731
340.846366  0.609404
340.866365  0.609665
340.886365  0.609535
340.906364  0.609535
340.926363  0.609535
340.946362  0.609796
340.966361  0.609927
340.986361  0.609927
341.006360  0.609796
341.026359  0.609861
341.046358  0.609731
341.066357  0.609731
341.086357  0.609796
341.106356  0.609796
341.126355  0.609992
341.146354  0.609731
341.166353  0.610123
341.186353  0.609992
341.206352  0.610319
341.226351  0.610057
341.246350  0.610123
341.266349  0.610188
341.286349  0.610188
341.306348  0.610188
341.326347  0.610123
341.346346  0.610253
341.366345  0.610319
341.386345  0.610253
341.406344  0.610319
341.426343  0.610449
341.446342  0.610580
341.466341  0.610319
341.486341  0.610319
341.506340  0.610580
341.526339  0.610515
341.546338  0.610580
341.566337  0.610449
341.586337  0.610776
341.606336  0.610711
341.626335  0.610841
341.646334  0.610580
341.666333  0.610645
341.686333  0.610711
341.706332  0.610776
341.726331  0.610907
341.746330  0.610711
341.766329  0.610907
341.786329  0.610776
341.806328  0.611037
341.826327  0.610972
341.846326  0.610907
341.866325  0.611037
341.886325  0.610841
341.906324  0.610841
341.926323  0.611103
341.946322  0.611037
341.966321  0.611299
341.986321  0.611233
342.006320  0.611429
342.026319  0.611233
342.046318  0.611103
342.066317  0.611233
342.086317  0.611168
342.106316  0.611233
342.126315  0.611299
342.146314  0.611233
342.166313  0.611364
342.186313  0.611429
342.206312  0.611560
342.226311  0.611364
342.246310  0.611560
342.266309  0.611625
342.286309  0.611494
342.306308  0.611494
342.326307  0.611625
342.346306  0.611494
342.366305  0.611691
342.386305  0.611756
342.406304  0.611691
342.426303  0.611756
342.446302  0.611821
342.466301  0.611494
342.486301  0.611756
342.506300  0.611821
342.526299  0.612017
342.546298  0.611756
342.566297  0.612017
342.586297  0.611821
342.606296  0.612017
342.626295  0.611952
342.646294  0.611886
342.666293  0.612082
342.686293  0.611952
342.706292  0.612148
342.726291  0.612213
342.746290  0.612148
342.766289  0.612474
342.786289  0.612213
342.806288  0.612148
342.826287  0.612148
342.846286  0.612344
342.866285  0.612213
342.886285  0.612148
342.906284  0.612409
342.926283  0.612344
342.946282  0.612148
342.966281  0.612344
342.986281  0.612474
343.006280  0.612540
343.026279  0.612409
343.046278  0.612409
343.066277  0.612474
343.086277  0.612540
343.106276  0.612540
343.126275  0.612605
343.146274  0.612801
343.166273  0.612736
343.186273  0.612736
343.206272  0.612932
343.226271  0.612736
343.246270  0.612736
343.266269  0.612801
343.286269  0.612801
343.306268  0.612866
343.326267  0.612801
343.346266  0.612670
343.366265  0.612932
343.386265  0.612997
343.406264  0.613062
343.426263  0.613128
343.446262  0.613193
343.466261  0.613128
343.486261  0.612997
343.506260  0.613062
343.526259  0.612736
343.546258  0.613193
343.566257  0.613389
343.586257  0.613258
343.606256  0.613128
343.626255  0.613128
343.646254  0.613454
343.666253  0.613520
343.686253  0.613454
343.706252  0.613258
343.726251  0.613389
343.746250  0.613389
343.766249  0.613585
343.786249  0.613454
343.806248  0.613520
343.826247  0.613389
343.846246  0.613389
343.866245  0.613781
343.886245  0.613585
343.906244  0.613977
343.926243  0.613781
343.946242  0.613585
343.966241  0.613781
343.986241  0.613781
344.006240  0.613781
344.026239  0.613716
344.046238  0.613846
344.066237  0.614042
344.086237  0.613977
344.106236  0.613781
344.126235  0.613650
344.146234  0.614042
344.166233  0.613912
344.186233  0.613716
344.206232  0.613846
344.226231  0.614238
344.246230  0.614108
344.266229  0.614173
344.286229  0.613977
344.306228  0.614042
344.326227  0.614173
344.346226  0.614042
344.366225  0.613977
344.386225  0.614238
344.406224  0.614369
344.426223  0.614238
344.446222  0.614304
344.466221  0.614369
344.486221  0.614434
344.506220  0.613912
344.526219  0.614434
344.546218  0.614173
344.566217  0.614565
344.586217  0.614304
344.606216  0.614696
344.626215  0.614434
344.646214  0.614630
344.666213  0.614696
344.686213  0.614630
344.706212  0.614892
344.726211  0.614500
344.746210  0.614565
344.766209  0.614826
344.786209  0.614565
344.806208  0.614957
344.826207  0.614630
344.846206  0.614957
344.866205  0.615022
344.886205  0.614826
344.906204  0.614826
344.926203  0.614761
344.946202  0.614957
344.966201  0.615022
344.986201  0.615153
345.006200  0.615153
345.026199  0.614826
345.046198  0.615088
345.066197  0.615153
345.086197  0.615153
345.106196  0.615153
345.126195  0.615088
345.146194  0.615284
345.166193  0.615284
345.186193  0.615088
345.206192  0.615153
345.226191  0.615349
345.246190  0.615349
345.266189  0.615349
345.286189  0.615480
345.306188  0.615414
345.326187  0.615480
345.346186  0.615545
345.366185  0.615349
345.386185  0.615480
345.406184  0.615676
345.426183  0.615349
345.446182  0.615545
345.466181  0.615610
345.486181  0.615610
345.506180  0.615610
345.526179  0.615480
345.546178  0.615741
345.566177  0.615610
345.586177  0.615741
345.606176  0.615741
345.626175  0.615806
345.646174  0.615937
345.666173  0.615872
345.686173  0.615872
345.706172  0.615806
345.726171  0.615872
345.746170  0.615937
345.766169  0.615610
345.786169  0.615872
345.806168  0.615937
345.826167  0.616068
345.846166  0.616133
345.866165  0.616002
345.886165  0.616068
345.906164  0.616133
345.926163  0.615937
345.946162  0.615937
345.966161  0.616068
345.986161  0.616068
346.006160  0.616264
346.026159  0.616264
346.046158  0.616198
346.066157  0.616198
346.086157  0.616394
346.106156  0.616394
346.126155  0.616460
346.146154  0.616394
346.166153  0.616264
346.186153  0.616394
346.206152  0.616590
346.226151  0.616394
346.246150  0.616525
346.266149  0.616460
346.286149  0.616394
346.306148  0.616460
346.326147  0.616525
346.346146  0.616460
346.366145  0.616460
346.386145  0.616721
346.406144  0.616917
346.426143  0.616460
346.446142  0.616786
346.466141  0.616917
346.486141  0.616656
346.506140  0.616917
346.526139  0.616852
346.546138  0.616982
346.566137  0.616852
346.586137  0.616852
346.606136  0.616917
346.626135  0.617178
346.646134  0.617113
346.666133  0.617113
346.686133  0.617113
346.706132  0.616917
346.726131  0.617178
346.746130  0.617113
346.766129  0.616786
346.786129  0.617178
346.806128  0.617178
346.826127  0.617244
346.846126  0.617113
346.866125  0.617309
346.886125  0.617244
346.906124  0.617178
346.926123  0.617505
346.946122  0.617505
346.966121  0.617178
346.986121  0.617505
347.006120  0.617374
347.026119  0.617374
347.046118  0.617505
347.066117  0.617374
347.086117  0.617505
347.106116  0.617570
347.126115  0.617374
347.146114  0.617440
347.166113  0.617505
347.186113  0.617505
347.206112  0.617636
347.226111  0.617505
347.246110  0.617636
347.266109  0.617636
347.286109  0.617832
347.306108  0.617766
347.326107  0.617570
347.346106  0.617766
347.366105  0.617701
347.386105  0.617832
347.406104  0.617962
347.426103  0.617832
347.446102  0.618093
347.466101  0.617897
347.486101  0.617832
347.506100  0.617962
347.526099  0.618158
347.546098  0.618028
347.566097  0.618093
347.586097  0.618158
347.606096  0.618028
347.626095  0.618224
347.646094  0.618224
347.666093  0.618224
347.686093  0.618224
347.706092  0.618289
347.726091  0.618289
347.746090  0.618093
347.766089  0.618224
347.786089  0.618224
347.806088  0.618224
347.826087  0.618158
347.846086  0.618485
347.866085  0.618485
347.886085  0.618289
347.906084  0.618485
347.926083  0.618354
347.946082  0.618485
347.966081  0.618550
347.986081  0.618681
348.006080  0.618550
348.026079  0.618681
348.046078  0.618616
348.066077  0.618485
348.086077  0.618616
348.106076  0.618550
348.126075  0.618616
348.146074  0.618550
348.166073  0.618550
348.186073  0.618681
348.206072  0.618812
348.226071  0.618812
348.246070  0.618942
348.266069  0.618746
348.286069  0.618812
348.306068  0.619008
348.326067  0.619073
348.346066  0.619138
348.366065  0.618812
348.386065  0.619008
348.406064  0.619073
348.426063  0.618942
348.446062  0.619138
348.466061  0.618877
348.486061  0.619138
348.506060  0.619138
348.526059  0.619138
348.546058  0.619008
348.566057  0.618942
348.586057  0.618942
348.606056  0.619269
348.626055  0.619400
348.646054  0.619138
348.666053  0.619334
348.686053  0.619465
348.706052  0.619400
348.726051  0.619269
348.746050  0.619269
348.766049  0.619400
348.786049  0.619400
348.806048  0.619465
348.826047  0.619138
348.846046  0.619530
348.866045  0.619595
348.886045  0.619595
348.906044  0.619661
348.926043  0.619661
348.946042  0.619595
348.966041  0.619595
348.986041  0.619726
349.006040  0.619465
349.026039  0.619334
349.046038  0.619857
349.066037  0.619661
349.086037  0.619857
349.106036  0.619661
349.126035  0.619792
349.146034  0.619792
349.166033  0.620183
349.186033  0.620183
349.206032  0.619987
349.226031  0.619922
349.246030  0.619987
349.266029  0.619987
349.286029  0.620249
349.306028  0.619987
349.326027  0.619987
349.346026  0.620053
349.366025  0.620053
349.386025  0.619987
349.406024  0.619922
349.426023  0.620053
349.446022  0.620053
349.466021  0.620053
349.486021  0.620379
349.506020  0.620249
349.526019  0.620183
349.546018  0.620249
349.566017  0.620379
349.586017  0.620249
349.606016  0.620249
349.626015  0.620575
349.646014  0.620314
349.666013  0.620249
349.686013  0.620314
349.706012  0.620575
349.726011  0.620314
349.746010  0.620379
349.766009  0.620445
349.786009  0.620445
349.806008  0.620641
349.826007  0.620445
349.846006  0.620445
349.866005  0.620575
349.886005  0.620510
349.906004  0.620706
349.926003  0.620706
349.946002  0.620706
349.966001  0.620641
349.986001  0.620902
350.006000  0.620771
350.025999  0.620706
350.045998  0.620771
350.065997  0.620837
350.085997  0.620771
350.105996  0.620902
350.125995  0.620837
350.145994  0.620902
350.165993  0.620902
350.185993  0.621098
350.205992  0.620902
350.225991  0.620902
350.245990  0.620967
350.265989  0.620967
350.285989  0.621033
350.305988  0.620967
350.325987  0.621163
350.345986  0.621098
350.365985  0.621229
350.385985  0.621033
350.405984  0.621229
350.425983  0.621163
350.445982  0.621033
350.465981  0.621098
350.485981  0.621555
350.505980  0.621229
350.525979  0.621294
350.545978  0.621359
350.565977  0.621359
350.585977  0.621359
350.605976  0.621163
350.625975  0.621425
350.645974  0.621555
350.665973  0.621621
350.685973  0.621425
350.705972  0.621359
350.725971  0.621490
350.745970  0.621490
350.765969  0.621751
350.785969  0.621555
350.805968  0.621425
350.825967  0.621751
350.845966  0.621621
350.865965  0.621882
350.885965  0.621751
350.905964  0.621686
350.925963  0.621751
350.945962  0.621817
350.965961  0.621817
350.985961  0.621751
351.005960  0.621751
351.025959  0.621947
351.045958  0.621751
351.065957  0.621947
351.085957  0.621817
351.105956  0.621751
351.125955  0.622209
351.145954  0.621882
351.165953  0.621947
351.185953  0.622013
351.205952  0.621817
351.225951  0.622209
351.245950  0.622143
351.265949  0.622209
351.285949  0.622143
351.305948  0.622274
351.325947  0.622209
351.345946  0.622339
351.365945  0.622143
351.385945  0.622405
351.405944  0.622274
351.425943  0.622209
351.445942  0.622143
351.465941  0.622209
351.485941  0.622470
351.505940  0.622209
351.525939  0.622339
351.545938  0.622209
351.565937  0.622274
351.585937  0.622470
351.605936  0.623123
351.625935  0.622535
351.645934  0.622535
351.665933  0.622405
351.685933  0.622535
351.705932  0.622405
351.725931  0.622535
351.745930  0.622470
351.765929  0.622731
351.785929  0.622535
351.805928  0.622862
351.825927  0.622666
351.845926  0.622601
351.865925  0.622535
351.885925  0.622797
351.905924  0.622731
351.925923  0.622731
351.945922  0.622731
351.965921  0.622731
351.985921  0.622927
352.005920  0.622731
352.025919  0.622797
352.045918  0.622862
352.065917  0.622797
352.085917  0.622731
352.105916  0.623123
352.125915  0.623058
352.145914  0.622993
352.165913  0.622927
352.185913  0.623123
352.205912  0.623058
352.225911  0.623189
352.245910  0.622993
352.265909  0.622993
352.285909  0.623254
352.305908  0.623058
352.325907  0.623450
352.345906  0.623123
352.365905  0.623189
352.385905  0.623123
352.405904  0.622993
352.425903  0.623581
352.445902  0.623385
352.465901  0.623385
352.485901  0.623254
352.505900  0.623319
352.525899  0.623319
352.545898  0.623515
352.565897  0.623319
352.585897  0.623254
352.605896  0.623385
352.625895  0.623711
352.645894  0.623646
352.665893  0.623450
352.685893  0.623450
352.705892  0.623646
352.725891  0.623711
352.745890  0.623450
352.765889  0.623515
352.785889  0.623515
352.805888  0.623711
352.825887  0.623842
352.845886  0.623581
352.865885  0.623646
352.885885  0.623515
352.905884  0.623907
352.925883  0.623646
352.945882  0.623907
352.965881  0.623777
352.985881  0.624038
353.005880  0.623973
353.025879  0.624103
353.045878  0.623973
353.065877  0.623907
353.085877  0.623842
353.105876  0.623973
353.125875  0.624103
353.145874  0.623842
353.165873  0.623777
353.185873  0.623907
353.205872  0.624234
353.225871  0.624365
353.245870  0.623907
353.265869  0.623842
353.285869  0.623842
353.305868  0.624169
353.325867  0.624234
353.345866  0.624234
353.365865  0.623973
353.385865  0.624169
353.405864  0.624103
353.425863  0.624430
353.445862  0.624169
353.465861  0.624299
353.485861  0.623973
353.505860  0.624365
353.525859  0.624365
353.545858  0.624561
353.565857  0.624299
353.585857  0.624299
353.605856  0.624495
353.625855  0.624626
353.645854  0.624365
353.665853  0.624430
353.685853  0.624495
353.705852  0.624626
353.725851  0.624430
353.745850  0.624495
353.765849  0.624691
353.785849  0.624430
353.805848  0.624757
353.825847  0.624757
353.845846  0.624822
353.865845  0.624757
353.885845  0.624757
353.905844  0.624953
353.925843  0.624887
353.945842  0.624822
353.965841  0.624561
353.985841  0.624691
354.005840  0.624887
354.025839  0.625149
354.045838  0.624887
354.065837  0.624691
354.085837  0.625018
354.105836  0.625018
354.125835  0.624953
354.145834  0.624626
354.165833  0.624953
354.185833  0.624953
354.205832  0.625018
354.225831  0.625018
354.245830  0.625149
354.265829  0.625083
354.285829  0.625279
354.305828  0.625279
354.325827  0.625279
354.345826  0.625214
354.365825  0.625214
354.385825  0.625083
354.405824  0.625345
354.425823  0.625279
354.445822  0.625345
354.465821  0.625214
354.485821  0.625018
354.505820  0.625279
354.525819  0.625279
354.545818  0.625279
354.565817  0.625279
354.585817  0.625410
354.605816  0.625410
354.625815  0.625345
354.645814  0.625410
354.665813  0.625345
354.685813  0.625475
354.705812  0.625475
354.725811  0.625541
354.745810  0.625345
354.765809  0.625671
354.785809  0.625475
354.805808  0.625541
354.825807  0.625541
354.845806  0.625541
354.865805  0.625606
354.885805  0.625541
354.905804  0.625671
354.925803  0.625475
354.945802  0.625867
354.965801  0.625671
354.985801  0.625541
355.005800  0.625998
355.025799  0.625802
355.045798  0.625867
355.065797  0.625802
355.085797  0.625671
355.105796  0.625802
355.125795  0.625998
355.145794  0.625933
355.165793  0.625933
355.185793  0.625933
355.205792  0.625998
355.225791  0.625933
355.245790  0.626129
355.265789  0.625998
355.285789  0.626063
355.305788  0.626129
355.325787  0.626194
355.345786  0.625933
355.365785  0.626063
355.385785  0.625933
355.405784  0.626129
355.425783  0.626129
355.445782  0.626063
355.465781  0.626455
355.485781  0.625933
355.505780  0.626455
355.525779  0.626259
355.545778  0.626194
355.565777  0.626129
355.585777  0.626259
355.605776  0.626325
355.625775  0.626325
355.645774  0.626390
355.665773  0.626390
355.685773  0.626521
355.705772  0.626586
355.725771  0.626390
355.745770  0.626390
355.765769  0.626390
355.785769  0.626455
355.805768  0.626455
355.825767  0.626521
355.845766  0.626455
355.865765  0.626325
355.885765  0.626455
355.905764  0.626521
355.925763  0.626716
355.945762  0.626651
355.965761  0.626586
355.985761  0.626782
356.005760  0.626782
356.025759  0.626586
356.045758  0.626913
356.065757  0.626847
356.085757  0.626651
356.105756  0.626782
356.125755  0.626847
356.145754  0.626782
356.165753  0.626847
356.185753  0.626651
356.205752  0.626782
356.225751  0.626847
356.245750  0.627174
356.265749  0.626978
356.285749  0.626847
356.305748  0.626978
356.325747  0.626913
356.345746  0.627043
356.365745  0.627043
356.385745  0.626978
356.405744  0.627174
356.425743  0.627109
356.445742  0.626978
356.465741  0.627109
356.485741  0.627109
356.505740  0.627370
356.525739  0.627239
356.545738  0.627174
356.565737  0.627304
356.585737  0.627174
356.605736  0.627239
356.625735  0.627109
356.645734  0.627239
356.665733  0.627304
356.685733  0.627109
356.705732  0.627109
356.725731  0.627370
356.745730  0.627500
356.765729  0.627370
356.785729  0.627174
356.805728  0.627304
356.825727  0.627174
356.845726  0.627500
356.865725  0.627370
356.885725  0.627435
356.905724  0.627631
356.925723  0.627631
356.945722  0.627435
356.965721  0.627566
356.985721  0.627566
357.005720  0.627500
357.025719  0.627370
357.045718  0.627566
357.065717  0.627631
357.085717  0.627500
357.105716  0.627697
357.125715  0.627631
357.145714  0.627631
357.165713  0.627697
357.185713  0.627631
357.205712  0.627631
357.225711  0.627566
357.245710  0.627762
357.265709  0.627762
357.285709  0.627762
357.305708  0.627827
357.325707  0.627762
357.345706  0.627892
357.365705  0.627958
357.385705  0.627762
357.405704  0.627892
357.425703  0.627892
357.445702  0.627958
357.465701  0.628154
357.485701  0.627958
357.505700  0.627958
357.525699  0.627697
357.545698  0.628023
357.565697  0.627892
357.585697  0.628219
357.605696  0.628023
357.625695  0.627892
357.645694  0.628284
357.665693  0.628088
357.685693  0.628088
357.705692  0.628023
357.725691  0.628350
357.745690  0.628219
357.765689  0.628480
357.785689  0.628284
357.805688  0.628284
357.825687  0.628350
357.845686  0.628480
357.865685  0.628284
357.885685  0.628350
357.905684  0.628219
357.925683  0.628219
357.945682  0.628350
357.965681  0.628611
357.985681  0.628480
358.005680  0.628350
358.025679  0.628154
358.045678  0.628546
358.065677  0.628676
358.085677  0.628480
358.105676  0.628480
358.125675  0.628546
358.145674  0.628742
358.165673  0.628415
358.185673  0.628807
358.205672  0.628480
358.225671  0.628742
358.245670  0.628807
358.265669  0.628611
358.285669  0.628611
358.305668  0.628611
358.325667  0.628742
358.345666  0.628676
358.365665  0.628742
358.385665  0.628807
358.405664  0.628807
358.425663  0.628611
358.445662  0.628742
358.465661  0.628807
358.485661  0.628938
358.505660  0.628872
358.525659  0.629003
358.545658  0.629003
358.565657  0.628807
358.585657  0.628938
358.605656  0.628938
358.625655  0.628938
358.645654  0.628872
358.665653  0.628872
358.685653  0.628938
358.705652  0.629199
358.725651  0.629003
358.745650  0.629134
358.765649  0.628872
358.785649  0.629199
358.805648  0.629199
358.825647  0.629068
358.845646  0.629330
358.865645  0.629134
358.885645  0.629460
358.905644  0.629003
358.925643  0.628938
358.945642  0.629068
358.965641  0.629134
358.985641  0.629460
359.005640  0.629264
359.025639  0.629199
359.045638  0.629460
359.065637  0.629264
359.085637  0.629460
359.105636  0.629330
359.125635  0.629264
359.145634  0.629787
359.165633  0.629591
359.185633  0.629460
359.205632  0.629395
359.225631  0.629395
359.245630  0.629395
359.265629  0.629330
359.285629  0.629264
359.305628  0.629460
359.325627  0.629395
359.345626  0.629526
359.365625  0.629460
359.385625  0.629656
359.405624  0.629526
359.425623  0.629656
359.445622  0.629852
359.465621  0.629722
359.485621  0.629787
359.505620  0.629591
359.525619  0.629591
359.545618  0.629722
359.565617  0.629656
359.585617  0.629591
359.605616  0.629722
359.625615  0.629918
359.645614  0.629918
359.665613  0.629656
359.685613  0.629460
359.705612  0.629983
359.725611  0.629918
359.745610  0.629918
359.765609  0.629852
359.785609  0.629918
359.805608  0.629787
359.825607  0.630179
359.845606  0.629787
359.865605  0.629983
359.885605  0.630048
359.905604  0.629983
359.925603  0.629918
359.945602  0.629983
359.965601  0.630048
359.985601  0.629983
360.005600  0.629983
360.025599  0.630048
360.045598  0.630244
360.065597  0.629852
360.085597  0.630048
360.105596  0.630375
360.125595  0.630244
360.145594  0.630114
360.165593  0.630375
360.185593  0.630310
360.205592  0.629983
360.225591  0.630179
360.245590  0.630048
360.265589  0.630244
360.285589  0.630375
360.305588  0.630114
360.325587  0.630310
360.345586  0.630375
360.365585  0.630310
360.385585  0.630310
360.405584  0.630179
360.425583  0.630506
360.445582  0.630636
360.465581  0.630310
360.485581  0.630440
360.505580  0.630506
360.525579  0.630244
360.545578  0.630440
360.565577  0.630506
360.585577  0.630571
360.605576  0.630571
360.625575  0.630571
360.645574  0.630571
360.665573  0.630571
360.685573  0.630636
360.705572  0.630440
360.725571  0.630832
360.745570  0.630506
360.765569  0.630636
360.785569  0.630702
360.805568  0.630310
360.825567  0.630963
360.845566  0.631028
360.865565  0.630898
360.885565  0.630898
360.905564  0.630702
360.925563  0.630832
360.945562  0.630636
360.965561  0.630767
360.985561  0.630702
361.005560  0.630636
361.025559  0.631028
361.045558  0.631028
361.065557  0.630832
361.085557  0.630832
361.105556  0.630832
361.125555  0.631028
361.145554  0.630963
361.165553  0.631094
361.185553  0.631224
361.205552  0.631028
361.225551  0.630898
361.245550  0.631028
361.265549  0.630832
361.285549  0.630963
361.305548  0.630963
361.325547  0.631159
361.345546  0.631028
361.365545  0.631224
361.385545  0.630963
361.405544  0.631094
361.425543  0.631159
361.445542  0.631094
361.465541  0.631290
361.485541  0.631290
361.505540  0.631159
361.525539  0.631355
361.545538  0.631224
361.565537  0.631355
361.585537  0.631290
361.605536  0.631420
361.625535  0.631290
361.645534  0.631224
361.665533  0.631486
361.685533  0.631355
361.705532  0.631224
361.725531  0.631290
361.745530  0.631224
361.765529  0.631355
361.785529  0.631420
361.805528  0.631551
361.825527  0.631420
361.845526  0.631290
361.865525  0.631355
361.885525  0.631551
361.905524  0.631551
361.925523  0.631551
361.945522  0.631616
361.965521  0.631812
361.985521  0.631551
362.005520  0.631355
362.025519  0.631420
362.045518  0.631486
362.065517  0.631682
362.085517  0.631682
362.105516  0.631486
362.125515  0.631747
362.145514  0.631943
362.165513  0.631747
362.185513  0.631812
362.205512  0.631616
362.225511  0.631682
362.245510  0.631616
362.265509  0.631943
362.285509  0.631551
362.305508  0.631682
362.325507  0.631812
362.345506  0.631747
362.365505  0.631747
362.385505  0.631943
362.405504  0.631812
362.425503  0.632596
362.445502  0.631812
362.465501  0.631943
362.485501  0.631616
362.505500  0.632008
362.525499  0.631943
362.545498  0.632008
362.565497  0.632074
362.585497  0.631812
362.605496  0.632270
362.625495  0.632008
362.645494  0.631943
362.665493  0.632074
362.685493  0.631943
362.705492  0.632139
362.725491  0.632074
362.745490  0.632270
362.765489  0.632270
362.785489  0.632074
362.805488  0.632204
362.825487  0.632074
362.845486  0.632400
362.865485  0.632204
362.885485  0.632270
362.905484  0.632139
362.925483  0.632204
362.945482  0.632139
362.965481  0.632074
362.985481  0.632400
363.005480  0.632270
363.025479  0.632335
363.045478  0.632204
363.065477  0.632270
363.085477  0.632335
363.105476  0.632270
363.125475  0.632204
363.145474  0.632270
363.165473  0.632531
363.185473  0.632531
363.205472  0.632400
363.225471  0.632270
363.245470  0.632335
363.265469  0.632531
363.285469  0.632400
363.305468  0.632531
363.325467  0.632466
363.345466  0.632335
363.365465  0.632727
363.385465  0.632204
363.405464  0.632531
363.425463  0.632662
363.445462  0.632466
363.465461  0.632596
363.485461  0.632662
363.505460  0.632923
363.525459  0.632531
363.545458  0.632531
363.565457  0.632727
363.585457  0.632662
363.605456  0.632792
363.625455  0.632596
363.645454  0.632727
363.665453  0.632792
363.685453  0.632727
363.705452  0.632727
363.725451  0.632596
363.745450  0.632923
363.765449  0.632792
363.785449  0.632662
363.805448  0.632792
363.825447  0.632792
363.845446  0.633184
363.865445  0.633054
363.885445  0.632988
363.905444  0.632858
363.925443  0.632858
363.945442  0.633184
363.965441  0.632988
363.985441  0.632858
364.005440  0.633250
364.025439  0.633250
364.045438  0.632988
364.065437  0.632858
364.085437  0.632988
364.105436  0.632923
364.125435  0.632792
364.145434  0.633054
364.165433  0.633184
364.185433  0.632923
364.205432  0.632988
364.225431  0.633119
364.245430  0.633184
364.265429  0.633642
364.285429  0.632923
364.305428  0.633250
364.325427  0.633250
364.345426  0.633184
364.365425  0.633054
364.385425  0.633250
364.405424  0.633446
364.425423  0.633184
364.445422  0.633250
364.465421  0.633184
364.485421  0.633119
364.505420  0.633315
364.525419  0.633250
364.545418  0.633380
364.565417  0.633446
364.585417  0.633380
364.605416  0.633446
364.625415  0.633054
364.645414  0.633380
364.665413  0.633315
364.685413  0.633315
364.705412  0.633250
364.725411  0.633380
364.745410  0.633642
364.765409  0.633576
364.785409  0.633380
364.805408  0.633511
364.825407  0.633642
364.845406  0.633576
364.865405  0.633576
364.885405  0.633576
364.905404  0.633707
364.925403  0.633642
364.945402  0.633707
364.965401  0.633446
364.985401  0.633446
365.005400  0.633903
365.025399  0.633511
365.045398  0.633576
365.065397  0.633707
365.085397  0.633838
365.105396  0.633446
365.125395  0.633511
365.145394  0.633707
365.165393  0.633511
365.185393  0.633838
365.205392  0.633772
365.225391  0.633642
365.245390  0.633838
365.265389  0.633707
365.285389  0.633707
365.305388  0.633707
365.325387  0.633903
365.345386  0.634034
365.365385  0.633707
365.385385  0.633903
365.405384  0.633968
365.425383  0.633903
365.445382  0.633968
365.465381  0.633838
365.485381  0.633968
365.505380  0.634099
365.525379  0.634034
365.545378  0.633903
365.565377  0.633903
365.585377  0.633968
365.605376  0.633903
365.625375  0.634034
365.645374  0.633968
365.665373  0.633968
365.685373  0.633903
365.705372  0.634099
365.725371  0.634099
365.745370  0.634034
365.765369  0.634099
365.785369  0.634164
365.805368  0.634230
365.825367  0.634099
365.845366  0.633968
365.865365  0.634099
365.885365  0.633903
365.905364  0.634034
365.925363  0.634295
365.945362  0.634295
365.965361  0.634164
365.985361  0.634295
366.005360  0.634295
366.025359  0.634164
366.045358  0.634164
366.065357  0.634034
366.085357  0.634556
366.105356  0.634230
366.125355  0.634295
366.145354  0.634360
366.165353  0.634360
366.185353  0.634360
366.205352  0.634295
366.225351  0.634360
366.245350  0.634295
366.265349  0.634295
366.285349  0.634622
366.305348  0.634491
366.325347  0.634295
366.345346  0.634491
366.365345  0.634426
366.385345  0.634556
366.405344  0.634491
366.425343  0.634491
366.445342  0.634622
366.465341  0.634491
366.485341  0.634622
366.505340  0.634622
366.525339  0.634622
366.545338  0.634556
366.565337  0.634556
366.585337  0.634622
366.605336  0.634556
366.625335  0.634491
366.645334  0.634622
366.665333  0.634622
366.685333  0.634491
366.705332  0.634491
366.725331  0.634752
366.745330  0.634752
366.765329  0.634687
366.785329  0.634687
366.805328  0.634817
366.825327  0.634817
366.845326  0.634817
366.865325  0.634687
366.885325  0.634883
366.905324  0.634752
366.925323  0.635014
366.945322  0.635014
366.965321  0.634687
366.985321  0.634752
367.005320  0.634883
367.025319  0.635014
367.045318  0.634948
367.065317  0.634752
367.085317  0.634817
367.105316  0.634817
367.125315  0.635014
367.145314  0.634752
367.165313  0.634948
367.185313  0.634883
367.205312  0.634883
367.225311  0.635275
367.245310  0.634817
367.265309  0.634948
367.285309  0.634752
367.305308  0.635014
367.325307  0.635014
367.345306  0.634948
367.365305  0.634948
367.385305  0.635079
367.405304  0.635144
367.425303  0.635079
367.445302  0.634883
367.465301  0.635144
367.485301  0.635079
367.505300  0.634948
367.525299  0.635079
367.545298  0.635079
367.565297  0.635210
367.585297  0.635079
367.605296  0.635340
367.625295  0.635144
367.645294  0.635210
367.665293  0.635210
367.685293  0.635340
367.705292  0.635275
367.725291  0.635275
367.745290  0.635275
367.765289  0.635275
367.785289  0.635405
367.805288  0.635340
367.825287  0.635340
367.845286  0.635210
367.865285  0.635340
367.885285  0.635536
367.905284  0.635340
367.925283  0.635275
367.945282  0.635340
367.965281  0.635275
367.985281  0.635340
368.005280  0.635144
368.025279  0.635275
368.045278  0.635405
368.065277  0.635536
368.085277  0.635471
368.105276  0.635536
368.125275  0.635536
368.145274  0.635340
368.165273  0.635340
368.185273  0.635340
368.205272  0.635471
368.225271  0.635601
368.245270  0.635667
368.265269  0.635405
368.285269  0.635732
368.305268  0.635601
368.325267  0.635471
368.345266  0.635405
368.365265  0.635536
368.385265  0.635601
368.405264  0.635536
368.425263  0.635732
368.445262  0.635732
368.465261  0.635471
368.485261  0.635536
368.505260  0.635601
368.525259  0.635732
368.545258  0.635798
368.565257  0.635732
368.585257  0.635798
368.605256  0.635536
368.625255  0.635863
368.645254  0.635863
368.665253  0.635732
368.685253  0.635667
368.705252  0.635798
368.725251  0.635798
368.745250  0.635732
368.765249  0.635798
368.785249  0.635993
368.805248  0.635601
368.825247  0.635863
368.845246  0.635928
368.865245  0.635732
368.885245  0.635928
368.905244  0.636059
368.925243  0.635928
368.945242  0.635798
368.965241  0.636059
368.985241  0.635863
369.005240  0.635993
369.025239  0.636124
369.045238  0.635993
369.065237  0.635798
369.085237  0.635993
369.105236  0.636124
369.125235  0.635863
369.145234  0.636059
369.165233  0.636255
369.185233  0.636059
369.205232  0.635993
369.225231  0.635993
369.245230  0.636059
369.265229  0.635993
369.285229  0.635993
369.305228  0.635798
369.325227  0.636320
369.345226  0.636320
369.365225  0.636320
369.385225  0.636189
369.405224  0.636189
369.425223  0.635993
369.445222  0.636059
369.465221  0.636320
369.485221  0.636124
369.505220  0.636124
369.525219  0.636124
369.545218  0.636124
369.565217  0.636385
369.585217  0.636059
369.605216  0.636124
369.625215  0.636124
369.645214  0.636124
369.665213  0.636189
369.685213  0.636189
369.705212  0.636385
369.725211  0.636320
369.745210  0.636385
369.765209  0.636385
369.785209  0.636320
369.805208  0.636124
369.825207  0.636451
369.845206  0.636320
369.865205  0.636451
369.885205  0.636320
369.905204  0.636320
369.925203  0.636451
369.945202  0.636320
369.965201  0.636516
369.985201  0.636320
370.005200  0.636385
370.025199  0.636385
370.045198  0.636385
370.065197  0.636385
370.085197  0.636385
370.105196  0.636451
370.125195  0.636581
370.145194  0.636385
370.165193  0.636581
370.185193  0.636647
370.205192  0.636451
370.225191  0.636647
370.245190  0.636385
370.265189  0.636712
370.285189  0.636777
370.305188  0.636712
370.325187  0.636581
370.345186  0.636516
370.365185  0.636647
370.385185  0.636647
370.405184  0.636647
370.425183  0.636451
370.445182  0.636712
370.465181  0.636647
370.485181  0.636581
370.505180  0.636908
370.525179  0.636908
370.545178  0.636516
370.565177  0.636581
370.585177  0.636712
370.605176  0.636843
370.625175  0.636581
370.645174  0.636516
370.665173  0.636843
370.685173  0.636581
370.705172  0.636973
370.725171  0.636581
370.745170  0.636777
370.765169  0.636908
370.785169  0.636973
370.805168  0.637039
370.825167  0.636647
370.845166  0.636777
370.865165  0.636908
370.885165  0.636647
370.905164  0.636843
370.925163  0.636712
370.945162  0.637039
370.965161  0.637039
370.985161  0.636777
371.005160  0.636843
371.025159  0.636843
371.045158  0.636973
371.065157  0.636843
371.085157  0.637039
371.105156  0.637039
371.125155  0.636973
371.145154  0.636973
371.165153  0.637104
371.185153  0.637104
371.205152  0.636973
371.225151  0.636908
371.245150  0.636973
371.265149  0.637300
371.285149  0.637235
371.305148  0.636908
371.325147  0.637235
371.345146  0.637104
371.365145  0.637235
371.385145  0.637039
371.405144  0.637169
371.425143  0.637104
371.445142  0.637104
371.465141  0.637235
371.485141  0.637300
371.505140  0.637365
371.525139  0.637169
371.545138  0.636973
371.565137  0.637365
371.585137  0.637169
371.605136  0.637235
371.625135  0.637235
371.645134  0.637169
371.665133  0.637431
371.685133  0.637300
371.705132  0.637365
371.725131  0.637169
371.745130  0.637300
371.765129  0.637235
371.785129  0.637300
371.805128  0.637104
371.825127  0.636973
371.845126  0.637300
371.865125  0.637300
371.885125  0.637496
371.905124  0.637431
371.925123  0.637235
371.945122  0.637300
371.965121  0.637169
371.985121  0.637365
372.005120  0.637496
372.025119  0.637365
372.045118  0.637300
372.065117  0.637300
372.085117  0.637300
372.105116  0.637496
372.125115  0.637300
372.145114  0.637365
372.165113  0.637561
372.185113  0.637561
372.205112  0.637365
372.225111  0.637431
372.245110  0.637104
372.265109  0.637692
372.285109  0.637627
372.305108  0.637757
372.325107  0.637496
372.345106  0.637431
372.365105  0.637627
372.385105  0.637496
372.405104  0.637431
372.425103  0.637365
372.445102  0.637627
372.465101  0.637692
372.485101  0.637627
372.505100  0.637823
372.525099  0.637431
372.545098  0.637561
372.565097  0.637627
372.585097  0.637757
372.605096  0.637757
372.625095  0.637431
372.645094  0.637561
372.665093  0.637365
372.685093  0.637627
372.705092  0.637561
372.725091  0.637757
372.745090  0.637757
372.765089  0.637953
372.785089  0.637757
372.805088  0.637823
372.825087  0.637561
372.845086  0.637953
372.865085  0.637888
372.885085  0.637823
372.905084  0.637888
372.925083  0.637953
372.945082  0.637888
372.965081  0.637757
372.985081  0.637757
373.005080  0.637888
373.025079  0.637823
373.045078  0.637757
373.065077  0.637627
373.085077  0.637953
373.105076  0.637953
373.125075  0.637823
373.145074  0.637953
373.165073  0.638019
373.185073  0.637953
373.205072  0.637888
373.225071  0.637757
373.245070  0.637953
373.265069  0.637823
373.285069  0.638019
373.305068  0.637757
373.325067  0.637757
373.345066  0.638019
373.365065  0.638084
373.385065  0.638215
373.405064  0.638149
373.425063  0.637823
373.445062  0.637953
373.465061  0.637953
373.485061  0.638019
373.505060  0.638019
373.525059  0.637757
373.545058  0.638019
373.565057  0.637888
373.585057  0.638280
373.605056  0.638215
373.625055  0.638084
373.645054  0.638215
373.665053  0.638149
373.685053  0.638019
373.705052  0.638215
373.725051  0.637627
373.745050  0.638345
373.765049  0.638280
373.785049  0.638215
373.805048  0.638149
373.825047  0.638215
373.845046  0.638345
373.865045  0.638084
373.885045  0.638215
373.905044  0.638280
373.925043  0.638149
373.945042  0.638084
373.965041  0.638084
373.985041  0.638345
374.005040  0.638149
374.025039  0.638215
374.045038  0.638280
374.065037  0.638084
374.085037  0.638345
374.105036  0.638280
374.125035  0.638411
374.145034  0.638411
374.165033  0.638345
374.185033  0.638280
374.205032  0.638280
374.225031  0.638345
374.245030  0.638411
374.265029  0.638084
374.285029  0.638215
374.305028  0.638411
374.325027  0.638476
374.345026  0.638345
374.365025  0.638280
374.385025  0.638476
374.405024  0.638149
374.425023  0.638280
374.445022  0.638476
374.465021  0.638345
374.485021  0.638411
374.505020  0.638411
374.525019  0.638476
374.545018  0.638541
374.565017  0.638411
374.585017  0.638411
374.605016  0.638607
374.625015  0.638607
374.645014  0.638541
374.665013  0.638476
374.685013  0.638672
374.705012  0.638476
374.725011  0.638476
374.745010  0.638607
374.765009  0.638215
374.785009  0.638411
374.805008  0.638607
374.825007  0.638541
374.845006  0.638672
374.865005  0.638411
374.885005  0.638803
374.905004  0.638476
374.925003  0.638541
374.945002  0.638607
374.965001  0.638607
374.985001  0.638868
375.005000  0.638607
375.024999  0.638607
375.044998  0.638868
375.064997  0.638672
375.084997  0.638803
375.104996  0.638803
375.124995  0.638476
375.144994  0.638411
375.164993  0.638541
375.184993  0.638607
375.204992  0.638672
375.224991  0.639064
375.244990  0.638672
375.264989  0.638476
375.284989  0.638933
375.304988  0.638607
375.324987  0.638541
375.344986  0.638868
375.364985  0.638476
375.384985  0.638737
375.404984  0.638803
375.424983  0.638803
375.444982  0.638933
375.464981  0.638803
375.484981  0.638999
375.504980  0.638737
375.524979  0.638607
375.544978  0.638868
375.564977  0.638737
375.584977  0.638737
375.604976  0.638737
375.624975  0.638999
375.644974  0.638803
375.664973  0.638868
375.684973  0.638803
375.704972  0.638607
375.724971  0.638999
375.744970  0.638933
375.764969  0.638868
375.784969  0.638933
375.804968  0.638737
375.824967  0.639064
375.844966  0.638868
375.864965  0.638868
375.884965  0.639129
375.904964  0.638933
375.924963  0.639064
375.944962  0.638933
375.964961  0.638803
375.984961  0.638999
376.004960  0.638672
376.024959  0.638999
376.044958  0.638999
376.064957  0.638737
376.084957  0.638933
376.104956  0.638868
376.124955  0.639129
376.144954  0.638933
376.164953  0.639064
376.184953  0.638933
376.204952  0.638999
376.224951  0.639325
376.244950  0.638868
376.264949  0.639064
376.284949  0.639391
376.304948  0.639325
376.324947  0.639129
376.344946  0.639064
376.364945  0.639064
376.384945  0.638933
376.404944  0.638999
376.424943  0.639064
376.444942  0.639260
376.464941  0.638933
376.484941  0.639064
376.504940  0.639391
376.524939  0.639064
376.544938  0.638933
376.564937  0.639195
376.584937  0.639325
376.604936  0.639325
376.624935  0.639195
376.644934  0.638999
376.664933  0.639260
376.684933  0.639456
376.704932  0.638999
376.724931  0.639325
376.744930  0.638933
376.764929  0.639260
376.784929  0.639260
376.804928  0.639325
376.824927  0.639391
376.844926  0.639195
376.864925  0.639260
376.884925  0.639260
376.904924  0.639129
376.924923  0.639129
376.944922  0.639325
376.964921  0.639260
376.984921  0.639456
377.004920  0.639195
377.024919  0.639521
377.044918  0.639521
377.064917  0.639064
377.084917  0.639325
377.104916  0.639325
377.124915  0.639064
377.144914  0.639391
377.164913  0.639456
377.184913  0.639456
377.204912  0.639260
377.224911  0.639456
377.244910  0.639260
377.264909  0.639652
377.284909  0.639521
377.304908  0.639391
377.324907  0.639456
377.344906  0.639391
377.364905  0.639521
377.384905  0.639391
377.404904  0.639260
377.424903  0.639521
377.444902  0.639391
377.464901  0.639391
377.484901  0.639587
377.504900  0.639521
377.524899  0.639717
377.544898  0.639521
377.564897  0.639587
377.584897  0.639456
377.604896  0.639325
377.624895  0.639587
377.644894  0.639521
377.664893  0.639521
377.684893  0.639456
377.704892  0.639783
377.724891  0.639587
377.744890  0.639391
377.764889  0.639587
377.784889  0.639456
377.804888  0.639521
377.824887  0.639652
377.844886  0.639391
377.864885  0.639587
377.884885  0.639717
377.904884  0.639717
377.924883  0.639913
377.944882  0.639652
377.964881  0.639521
377.984881  0.639391
378.004880  0.639717
378.024879  0.639913
378.044878  0.639848
378.064877  0.639456
378.084877  0.639848
378.104876  0.639717
378.124875  0.639652
378.144874  0.639391
378.164873  0.639456
378.184873  0.639652
378.204872  0.639521
378.224871  0.639783
378.244870  0.639979
378.264869  0.639783
378.284869  0.639587
378.304868  0.639587
378.324867  0.639652
378.344866  0.639587
378.364865  0.639783
378.384865  0.639783
378.404864  0.639521
378.424863  0.639717
378.444862  0.639717
378.464861  0.639652
378.484861  0.639979
378.504860  0.639913
378.524859  0.639848
378.544858  0.639848
378.564857  0.639652
378.584857  0.639717
378.604856  0.639652
378.624855  0.639848
378.644854  0.639848
378.664853  0.639913
378.684853  0.639783
378.704852  0.639587
378.724851  0.639717
378.744850  0.639783
378.764849  0.639979
378.784849  0.639848
378.804848  0.639717
378.824847  0.640044
378.844846  0.639848
378.864845  0.639979
378.884845  0.639913
378.904844  0.639717
378.924843  0.640436
378.944842  0.639979
378.964841  0.639848
378.984841  0.640109
379.004840  0.639913
379.024839  0.639783
379.044838  0.639783
379.064837  0.639913
379.084837  0.640044
379.104836  0.639652
379.124835  0.639979
379.144834  0.639979
379.164833  0.639913
379.184833  0.640044
379.204832  0.639587
379.224831  0.639913
379.244830  0.639717
379.264829  0.639913
379.284829  0.639783
379.304828  0.639848
379.324827  0.640109
379.344826  0.639848
379.364825  0.640044
379.384825  0.639913
379.404824  0.640109
379.424823  0.639979
379.444822  0.639979
379.464821  0.639913
379.484821  0.639979
379.504820  0.639979
379.524819  0.640175
379.544818  0.639913
379.564817  0.639913
379.584817  0.640044
379.604816  0.640109
379.624815  0.640109
379.644814  0.640109
379.664813  0.640109
379.684813  0.639913
379.704812  0.640175
379.724811  0.639979
379.744810  0.640044
379.764809  0.640175
379.784809  0.640240
379.804808  0.640044
379.824807  0.640044
379.844806  0.640240
379.864805  0.640371
379.884805  0.640044
379.904804  0.639979
379.924803  0.639979
379.944802  0.639979
379.964801  0.640175
379.984801  0.640175
380.004800  0.639979
380.024799  0.640175
380.044798  0.640044
380.064797  0.640436
380.084797  0.640240
380.104796  0.640109
380.124795  0.640044
380.144794  0.640175
380.164793  0.640175
380.184793  0.639913
380.204792  0.640240
380.224791  0.640175
380.244790  0.640175
380.264789  0.640371
380.284789  0.640175
380.304788  0.640044
380.324787  0.640175
380.344786  0.639979
380.364785  0.640175
380.384785  0.640175
380.404784  0.640240
380.424783  0.640109
380.444782  0.640109
380.464781  0.640175
380.484781  0.640175
380.504780  0.640501
380.524779  0.640305
380.544778  0.640436
380.564777  0.640436
380.584777  0.640240
380.604776  0.640305
380.624775  0.640175
380.644774  0.640371
380.664773  0.640305
380.684773  0.640175
380.704772  0.640305
380.724771  0.640501
380.744770  0.640436
380.764769  0.640109
380.784769  0.640305
380.804768  0.640436
380.824767  0.640305
380.844766  0.640305
380.864765  0.640305
380.884765  0.640240
380.904764  0.640371
380.924763  0.640305
380.944762  0.640305
380.964761  0.640371
380.984761  0.640436
381.004760  0.640371
381.024759  0.640240
381.044758  0.640240
381.064757  0.640371
381.084757  0.640501
381.104756  0.640371
381.124755  0.640501
381.144754  0.640305
381.164753  0.640371
381.184753  0.640305
381.204752  0.640371
381.224751  0.640697
381.244750  0.640175
381.264749  0.640305
381.284749  0.640436
381.304748  0.640501
381.324747  0.640501
381.344746  0.640305
381.364745  0.640109
381.384745  0.640371
381.404744  0.640501
381.424743  0.640371
381.444742  0.640632
381.464741  0.640763
381.484741  0.640371
381.504740  0.640501
381.524739  0.640305
381.544738  0.640436
381.564737  0.640501
381.584737  0.640567
381.604736  0.640632
381.624735  0.640436
381.644734  0.640501
381.664733  0.640371
381.684733  0.640305
381.704732  0.640371
381.724731  0.640371
381.744730  0.640697
381.764729  0.640501
381.784729  0.640305
381.804728  0.640371
381.824727  0.640763
381.844726  0.640501
381.864725  0.640632
381.884725  0.640567
381.904724  0.640371
381.924723  0.640501
381.944722  0.640371
381.964721  0.640697
381.984721  0.640501
382.004720  0.640305
382.024719  0.640632
382.044718  0.640567
382.064717  0.640632
382.084717  0.640436
382.104716  0.640371
382.124715  0.640567
382.144714  0.640501
382.164713  0.640697
382.184713  0.640697
382.204712  0.640632
382.224711  0.640436
382.244710  0.640567
382.264709  0.640567
382.284709  0.640436
382.304708  0.640632
382.324707  0.640763
382.344706  0.640501
382.364705  0.640763
382.384705  0.640763
382.404704  0.640632
382.424703  0.640501
382.444702  0.640763
382.464701  0.640632
382.484701  0.640567
382.504700  0.640893
382.524699  0.640567
382.544698  0.640697
382.564697  0.640567
382.584697  0.640567
382.604696  0.640632
382.624695  0.640501
382.644694  0.640567
382.664693  0.640697
382.684693  0.640501
382.704692  0.640828
382.724691  0.640567
382.744690  0.640697
382.764689  0.640436
382.784689  0.640893
382.804688  0.640893
382.824687  0.640567
382.844686  0.640436
382.864685  0.640763
382.884685  0.640697
382.904684  0.640697
382.924683  0.640567
382.944682  0.640632
382.964681  0.640697
382.984681  0.640567
383.004680  0.640763
383.024679  0.640763
383.044678  0.640828
383.064677  0.640567
383.084677  0.640828
383.104676  0.640959
383.124675  0.640763
383.144674  0.640697
383.164673  0.640959
383.184673  0.640697
383.204672  0.640828
383.224671  0.640763
383.244670  0.640632
383.264669  0.640828
383.284669  0.640763
383.304668  0.640828
383.324667  0.640828
383.344666  0.640959
383.364665  0.640567
383.384665  0.640501
383.404664  0.640763
383.424663  0.640632
383.444662  0.640763
383.464661  0.640828
383.484661  0.640632
383.504660  0.640567
383.524659  0.640632
383.544658  0.640893
383.564657  0.640763
383.584657  0.640893
383.604656  0.640893
383.624655  0.640828
383.644654  0.640959
383.664653  0.640632
383.684653  0.641024
383.704652  0.640893
383.724651  0.640828
383.744650  0.640763
383.764649  0.640959
383.784649  0.640959
383.804648  0.640959
383.824647  0.640763
383.844646  0.640828
383.864645  0.640697
383.884645  0.640828
383.904644  0.641024
383.924643  0.640828
383.944642  0.641285
383.964641  0.640567
383.984641  0.640632
384.004640  0.641089
384.024639  0.640893
384.044638  0.640763
384.064637  0.640828
384.084637  0.640893
384.104636  0.641024
384.124635  0.640763
384.144634  0.640893
384.164633  0.640893
384.184633  0.640959
384.204632  0.641024
384.224631  0.640632
384.244630  0.640893
384.264629  0.640763
384.284629  0.640893
384.304628  0.640959
384.324627  0.640763
384.344626  0.640959
384.364625  0.640893
384.384625  0.640893
384.404624  0.640893
384.424623  0.640959
384.444622  0.640893
384.464621  0.640697
384.484621  0.641024
384.504620  0.641155
384.524619  0.640893
384.544618  0.640763
384.564617  0.640959
384.584617  0.640959
384.604616  0.640893
384.624615  0.640632
384.644614  0.640828
384.664613  0.641024
384.684613  0.640828
384.704612  0.640893
384.724611  0.640893
384.744610  0.640763
384.764609  0.640828
384.784609  0.641024
384.804608  0.641220
384.824607  0.641024
384.844606  0.640959
384.864605  0.640763
384.884605  0.640893
384.904604  0.640763
384.924603  0.641024
384.944602  0.640828
384.964601  0.640893
384.984601  0.641089
385.004600  0.640893
385.024599  0.641024
385.044598  0.640959
385.064597  0.640763
385.084597  0.640828
385.104596  0.641155
385.124595  0.640959
385.144594  0.640893
385.164593  0.641024
385.184593  0.640893
385.204592  0.641024
385.224591  0.641285
385.244590  0.640959
385.264589  0.640959
385.284589  0.640828
385.304588  0.641155
385.324587  0.641024
385.344586  0.641155
385.364585  0.640828
385.384585  0.641024
385.404584  0.641089
385.424583  0.640893
385.444582  0.641024
385.464581  0.640763
385.484581  0.641089
385.504580  0.641089
385.524579  0.641089
385.544578  0.641024
385.564577  0.641089
385.584577  0.641285
385.604576  0.641024
385.624575  0.640893
385.644574  0.641155
385.664573  0.640893
385.684573  0.641089
385.704572  0.640436
385.724571  0.641155
385.744570  0.641155
385.764569  0.641285
385.784569  0.641155
385.804568  0.640893
385.824567  0.640959
385.844566  0.640959
385.864565  0.641089
385.884565  0.641089
385.904564  0.641220
385.924563  0.641089
385.944562  0.641089
385.964561  0.640959
385.984561  0.641089
386.004560  0.641089
386.024559  0.640959
386.044558  0.640959
386.064557  0.641220
386.084557  0.640959
386.104556  0.641155
386.124555  0.641024
386.144554  0.641155
386.164553  0.641024
386.184553  0.641089
386.204552  0.641024
386.224551  0.641024
386.244550  0.641155
386.264549  0.641220
386.284549  0.641155
386.304548  0.641089
386.324547  0.641089
386.344546  0.641155
386.364545  0.640893
386.384545  0.641285
386.404544  0.640959
386.424543  0.640893
386.444542  0.641024
386.464541  0.641024
386.484541  0.641220
386.504540  0.641155
386.524539  0.641024
386.544538  0.641089
386.564537  0.641024
386.584537  0.641089
386.604536  0.640893
386.624535  0.641155
386.644534  0.641155
386.664533  0.641220
386.684533  0.641024
386.704532  0.641089
386.724531  0.641089
386.744530  0.641024
386.764529  0.641024
386.784529  0.641024
386.804528  0.641155
386.824527  0.641155
386.844526  0.641155
386.864525  0.640893
386.884525  0.640893
386.904524  0.641220
386.924523  0.641155
386.944522  0.641155
386.964521  0.640959
386.984521  0.641351
387.004520  0.641351
387.024519  0.641089
387.044518  0.641351
387.064517  0.641024
387.084517  0.641285
387.104516  0.641351
387.124515  0.641155
387.144514  0.641220
387.164513  0.640959
387.184513  0.641155
387.204512  0.641089
387.224511  0.641024
387.244510  0.640959
387.264509  0.641024
387.284509  0.641285
387.304508  0.641024
387.324507  0.641155
387.344506  0.641089
387.364505  0.640893
387.384505  0.641285
387.404504  0.641089
387.424503  0.641155
387.444502  0.641089
387.464501  0.641024
387.484501  0.641220
387.504500  0.641285
387.524499  0.641155
387.544498  0.641285
387.564497  0.640959
387.584497  0.641089
387.604496  0.641024
387.624495  0.641024
387.644494  0.641089
387.664493  0.641089
387.684493  0.641285
387.704492  0.641155
387.724491  0.641089
387.744490  0.641220
387.764489  0.641220
387.784489  0.641024
387.804488  0.641024
387.824487  0.640828
387.844486  0.641155
387.864485  0.641024
387.884485  0.641285
387.904484  0.641220
387.924483  0.641024
387.944482  0.641285
387.964481  0.641155
387.984481  0.641155
388.004480  0.641155
388.024479  0.641155
388.044478  0.641155
388.064477  0.640959
388.084477  0.641089
388.104476  0.641155
388.124475  0.641351
388.144474  0.641024
388.164473  0.641024
388.184473  0.641024
388.204472  0.641285
388.224471  0.641220
388.244470  0.641220
388.264469  0.641089
388.284469  0.641220
388.304468  0.641351
388.324467  0.641024
388.344466  0.641155
388.364465  0.641220
388.384465  0.640959
388.404464  0.641285
388.424463  0.641155
388.444462  0.641220
388.464461  0.641024
388.484461  0.641351
388.504460  0.641089
388.524459  0.641220
388.544458  0.641285
388.564457  0.641089
388.584457  0.640959
388.604456  0.641220
388.624455  0.641220
388.644454  0.641220
388.664453  0.641351
388.684453  0.641089
388.704452  0.641155
388.724451  0.641220
388.744450  0.641416
388.764449  0.641089
388.784449  0.641155
388.804448  0.641220
388.824447  0.641089
388.844446  0.641155
388.864445  0.641089
388.884445  0.641089
388.904444  0.640959
388.924443  0.641285
388.944442  0.641155
388.964441  0.641220
388.984441  0.640959
389.004440  0.641220
389.024439  0.641155
389.044438  0.641089
389.064437  0.640959
389.084437  0.641024
389.104436  0.640893
389.124435  0.641155
389.144434  0.641220
389.164433  0.641024
389.184433  0.641285
389.204432  0.641024
389.224431  0.641155
389.244430  0.640959
389.264429  0.641220
389.284429  0.641220
389.304428  0.641089
389.324427  0.641416
389.344426  0.641547
389.364425  0.641220
389.384425  0.641285
389.404424  0.641155
389.424423  0.641155
389.444422  0.641024
389.464421  0.641024
389.484421  0.641155
389.504420  0.641351
389.524419  0.641220
389.544418  0.641089
389.564417  0.641155
389.584417  0.641024
389.604416  0.641089
389.624415  0.641220
389.644414  0.641024
389.664413  0.641024
389.684413  0.641351
389.704412  0.641089
389.724411  0.641155
389.744410  0.641220
389.764409  0.641155
389.784409  0.641155
389.804408  0.641155
389.824407  0.641155
389.844406  0.640959
389.864405  0.640828
389.884405  0.641351
389.904404  0.640959
389.924403  0.641089
389.944402  0.641351
389.964401  0.641024
389.984401  0.641024
390.004400  0.641351
390.024399  0.641089
390.044398  0.641155
390.064397  0.641024
390.084397  0.641155
390.104396  0.641024
390.124395  0.641024
390.144394  0.641285
390.164393  0.641155
390.184393  0.641220
390.204392  0.641024
390.224391  0.641285
390.244390  0.641155
390.264389  0.641024
390.284389  0.641155
390.304388  0.640959
390.324387  0.641155
390.344386  0.641089
390.364385  0.641155
390.384385  0.641155
390.404384  0.641220
390.424383  0.641220
390.444382  0.641089
390.464381  0.640828
390.484381  0.641220
390.504380  0.641089
390.524379  0.641024
390.544378  0.641089
390.564377  0.640959
390.584377  0.641285
390.604376  0.641155
390.624375  0.641220
390.644374  0.640893
390.664373  0.641285
390.684373  0.641024
390.704372  0.641155
390.724371  0.641089
390.744370  0.641024
390.764369  0.641024
390.784369  0.640893
390.804368  0.641089
390.824367  0.640959
390.844366  0.641089
390.864365  0.641089
390.884365  0.640763
390.904364  0.641089
390.924363  0.641155
390.944362  0.641089
390.964361  0.640959
390.984361  0.641155
391.004360  0.640959
391.024359  0.641155
391.044358  0.641155
391.064357  0.641024
391.084357  0.641220
391.104356  0.641220
391.124355  0.641155
391.144354  0.641285
391.164353  0.641155
391.184353  0.640893
391.204352  0.641089
391.224351  0.640893
391.244350  0.640959
391.264349  0.640959
391.284349  0.640763
391.304348  0.640959
391.324347  0.641285
391.344346  0.641155
391.364345  0.640763
391.384345  0.641155
391.404344  0.641155
391.424343  0.641220
391.444342  0.640959
391.464341  0.641155
391.484341  0.641155
391.504340  0.640959
391.524339  0.640959
391.544338  0.640959
391.564337  0.641024
391.584337  0.641220
391.604336  0.640893
391.624335  0.640893
391.644334  0.641155
391.664333  0.641155
391.684333  0.641089
391.704332  0.641089
391.724331  0.641089
391.744330  0.641089
391.764329  0.640893
391.784329  0.641089
391.804328  0.641155
391.824327  0.641155
391.844326  0.641285
391.864325  0.640893
391.884325  0.640959
391.904324  0.640828
391.924323  0.641155
391.944322  0.640959
391.964321  0.640828
391.984321  0.641089
392.004320  0.640893
392.024319  0.640893
392.044318  0.641155
392.064317  0.641155
392.084317  0.640893
392.104316  0.641351
392.124315  0.641024
392.144314  0.641155
392.164313  0.640893
392.184313  0.640959
392.204312  0.640828
392.224311  0.641155
392.244310  0.640959
392.264309  0.641220
392.284309  0.640697
392.304308  0.640893
392.324307  0.641155
392.344306  0.641024
392.364305  0.640959
392.384305  0.641089
392.404304  0.641024
392.424303  0.641089
392.444302  0.641024
392.464301  0.640893
392.484301  0.640893
392.504300  0.641024
392.524299  0.640763
392.544298  0.641024
392.564297  0.641155
392.584297  0.640893
392.604296  0.640959
392.624295  0.640893
392.644294  0.641155
392.664293  0.640893
392.684293  0.640893
392.704292  0.640828
392.724291  0.641285
392.744290  0.640893
392.764289  0.640893
392.784289  0.640893
392.804288  0.641024
392.824287  0.641089
392.844286  0.641155
392.864285  0.640893
392.884285  0.641024
392.904284  0.641155
392.924283  0.641024
392.944282  0.640828
392.964281  0.640893
392.984281  0.640959
393.004280  0.640697
393.024279  0.641089
393.044278  0.641024
393.064277  0.640893
393.084277  0.641024
393.104276  0.640959
393.124275  0.640893
393.144274  0.640893
393.164273  0.641024
393.184273  0.640763
393.204272  0.640959
393.224271  0.640893
393.244270  0.640893
393.264269  0.640697
393.284269  0.640959
393.304268  0.641024
393.324267  0.640959
393.344266  0.640828
393.364265  0.640632
393.384265  0.640893
393.404264  0.640501
393.424263  0.640893
393.444262  0.641089
393.464261  0.640959
393.484261  0.640632
393.504260  0.640763
393.524259  0.640959
393.544258  0.640828
393.564257  0.640893
393.584257  0.640763
393.604256  0.640893
393.624255  0.641089
393.644254  0.640763
393.664253  0.640763
393.684253  0.640697
393.704252  0.640828
393.724251  0.640959
393.744250  0.640828
393.764249  0.640828
393.784249  0.640763
393.804248  0.640763
393.824247  0.640828
393.844246  0.640828
393.864245  0.640893
393.884245  0.640697
393.904244  0.640763
393.924243  0.640763
393.944242  0.640763
393.964241  0.640697
393.984241  0.640632
394.004240  0.640893
394.024239  0.640763
394.044238  0.640763
394.064237  0.640828
394.084237  0.640632
394.104236  0.640697
394.124235  0.640893
394.144234  0.640697
394.164233  0.640567
394.184233  0.640959
394.204232  0.640893
394.224231  0.640697
394.244230  0.640828
394.264229  0.640436
394.284229  0.640893
394.304228  0.640697
394.324227  0.640959
394.344226  0.640828
394.364225  0.640632
394.384225  0.640828
394.404224  0.640632
394.424223  0.640763
394.444222  0.640828
394.464221  0.640763
394.484221  0.640763
394.504220  0.640828
394.524219  0.640828
394.544218  0.640632
394.564217  0.640632
394.584217  0.640697
394.604216  0.640959
394.624215  0.640763
394.644214  0.640501
394.664213  0.640697
394.684213  0.641024
394.704212  0.640501
394.724211  0.640828
394.744210  0.640567
394.764209  0.640697
394.784209  0.640697
394.804208  0.640828
394.824207  0.640632
394.844206  0.640501
394.864205  0.640632
394.884205  0.640763
394.904204  0.640632
394.924203  0.640501
394.944202  0.640697
394.964201  0.640697
394.984201  0.640763
395.004200  0.640632
395.024199  0.640632
395.044198  0.640501
395.064197  0.640632
395.084197  0.640567
395.104196  0.640501
395.124195  0.640371
395.144194  0.640501
395.164193  0.640567
395.184193  0.640697
395.204192  0.640371
395.224191  0.640567
395.244190  0.640828
395.264189  0.640893
395.284189  0.640697
395.304188  0.640436
395.324187  0.640371
395.344186  0.640632
395.364185  0.640632
395.384185  0.640567
395.404184  0.640436
395.424183  0.640632
395.444182  0.640697
395.464181  0.640697
395.484181  0.640436
395.504180  0.640632
395.524179  0.640697
395.544178  0.640501
395.564177  0.640697
395.584177  0.640697
395.604176  0.640436
395.624175  0.640567
395.644174  0.640632
395.664173  0.640501
395.684173  0.640697
395.704172  0.640501
395.724171  0.640567
395.744170  0.640501
395.764169  0.640632
395.784169  0.640436
395.804168  0.640501
395.824167  0.640567
395.844166  0.640697
395.864165  0.640436
395.884165  0.640567
395.904164  0.640567
395.924163  0.640371
395.944162  0.640436
395.964161  0.640436
395.984161  0.640567
396.004160  0.640501
396.024159  0.640567
396.044158  0.640436
396.064157  0.640436
396.084157  0.640436
396.104156  0.640436
396.124155  0.640567
396.144154  0.640305
396.164153  0.640632
396.184153  0.640175
396.204152  0.640371
396.224151  0.640501
396.244150  0.640240
396.264149  0.640501
396.284149  0.640436
396.304148  0.640436
396.324147  0.640371
396.344146  0.640436
396.364145  0.640371
396.384145  0.640305
396.404144  0.640567
396.424143  0.640305
396.444142  0.640240
396.464141  0.640240
396.484141  0.640567
396.504140  0.640501
396.524139  0.640371
396.544138  0.640632
396.564137  0.640305
396.584137  0.640371
396.604136  0.640436
396.624135  0.640175
396.644134  0.640371
396.664133  0.640436
396.684133  0.640371
396.704132  0.640305
396.724131  0.640371
396.744130  0.640305
396.764129  0.640371
396.784129  0.640436
396.804128  0.640371
396.824127  0.640240
396.844126  0.640240
396.864125  0.640371
396.884125  0.640501
396.904124  0.640240
396.924123  0.640240
396.944122  0.639979
396.964121  0.640305
396.984121  0.640109
397.004120  0.640044
397.024119  0.640240
397.044118  0.640240
397.064117  0.640240
397.084117  0.640371
397.104116  0.640240
397.124115  0.640044
397.144114  0.640109
397.164113  0.640175
397.184113  0.640305
397.204112  0.640371
397.224111  0.640044
397.244110  0.640109
397.264109  0.640305
397.284109  0.640305
397.304108  0.640109
397.324107  0.640044
397.344106  0.640109
397.364105  0.640044
397.384105  0.640240
397.404104  0.640371
397.424103  0.640109
397.444102  0.640240
397.464101  0.640044
397.484101  0.640305
397.504100  0.640044
397.524099  0.640175
397.544098  0.640175
397.564097  0.640175
397.584097  0.640175
397.604096  0.639979
397.624095  0.640109
397.644094  0.640109
397.664093  0.640175
397.684093  0.640044
397.704092  0.640109
397.724091  0.640175
397.744090  0.640044
397.764089  0.639979
397.784089  0.639913
397.804088  0.640109
397.824087  0.640044
397.844086  0.639979
397.864085  0.640044
397.884085  0.640044
397.904084  0.640044
397.924083  0.640044
397.944082  0.639979
397.964081  0.639979
397.984081  0.639979
398.004080  0.639979
398.024079  0.640044
398.044078  0.640044
398.064077  0.640175
398.084077  0.640109
398.104076  0.640044
398.124075  0.640109
398.144074  0.639979
398.164073  0.639913
398.184073  0.639913
398.204072  0.639979
398.224071  0.640044
398.244070  0.639717
398.264069  0.640044
398.284069  0.640044
398.304068  0.640109
398.324067  0.640175
398.344066  0.640044
398.364065  0.639783
398.384065  0.639979
398.404064  0.640109
398.424063  0.639848
398.444062  0.639848
398.464061  0.640044
398.484061  0.639979
398.504060  0.639783
398.524059  0.639979
398.544058  0.640109
398.564057  0.639979
398.584057  0.639913
398.604056  0.639979
398.624055  0.639717
398.644054  0.639979
398.664053  0.639913
398.684053  0.639913
398.704052  0.639979
398.724051  0.639848
398.744050  0.639848
398.764049  0.639848
398.784049  0.639979
398.804048  0.639848
398.824047  0.639848
398.844046  0.639979
398.864045  0.640044
398.884045  0.639913
398.904044  0.639913
398.924043  0.639848
398.944042  0.639913
398.964041  0.639979
398.984041  0.639783
399.004040  0.639717
399.024039  0.639717
399.044038  0.639783
399.064037  0.639717
399.084037  0.639848
399.104036  0.639979
399.124035  0.639848
399.144034  0.639652
399.164033  0.639717
399.184033  0.639717
399.204032  0.639717
399.224031  0.639717
399.244030  0.639587
399.264029  0.639652
399.284029  0.639783
399.304028  0.639652
399.324027  0.640109
399.344026  0.639587
399.364025  0.639783
399.384025  0.639587
399.404024  0.639652
399.424023  0.639587
399.444022  0.639979
399.464021  0.639652
399.484021  0.639456
399.504020  0.639587
399.524019  0.639717
399.544018  0.639652
399.564017  0.639587
399.584017  0.639521
399.604016  0.639652
399.624015  0.639652
399.644014  0.639587
399.664013  0.639456
399.684013  0.639456
399.704012  0.639587
399.724011  0.639652
399.744010  0.639521
399.764009  0.639325
399.784009  0.639587
399.804008  0.639652
399.824007  0.639587
399.844006  0.639260
399.864005  0.639456
399.884005  0.639391
399.904004  0.639652
399.924003  0.639717
399.944002  0.639456
399.964001  0.639325
399.984001  0.639391
400.004000  0.639391
400.023999  0.639521
400.043998  0.639391
400.063997  0.639521
400.083997  0.639325
400.103996  0.639783
400.123995  0.639456
400.143994  0.639325
400.163993  0.639325
400.183993  0.639325
400.203992  0.639652
400.223991  0.639391
400.243990  0.639391
400.263989  0.639652
400.283989  0.639325
400.303988  0.639325
400.323987  0.639325
400.343986  0.639391
400.363985  0.639587
400.383985  0.639391
400.403984  0.639456
400.423983  0.639325
400.443982  0.639521
400.463981  0.639325
400.483981  0.639260
400.503980  0.639129
400.523979  0.639521
400.543978  0.639456
400.563977  0.639391
400.583977  0.639391
400.603976  0.639195
400.623975  0.639260
400.643974  0.639325
400.663973  0.639325
400.683973  0.639195
400.703972  0.639260
400.723971  0.639195
400.743970  0.639195
400.763969  0.639391
400.783969  0.639195
400.803968  0.639064
400.823967  0.639325
400.843966  0.639129
400.863965  0.639391
400.883965  0.639064
400.903964  0.639195
400.923963  0.639325
400.943962  0.639195
400.963961  0.639260
400.983961  0.639064
401.003960  0.639195
401.023959  0.639325
401.043958  0.639325
401.063957  0.639195
401.083957  0.638999
401.103956  0.639325
401.123955  0.639456
401.143954  0.639456
401.163953  0.639260
401.183953  0.639064
401.203952  0.639129
401.223951  0.638999
401.243950  0.639260
401.263949  0.639129
401.283949  0.638933
401.303948  0.638999
401.323947  0.639325
401.343946  0.639260
401.363945  0.639064
401.383945  0.639064
401.403944  0.639064
401.423943  0.639325
401.443942  0.639260
401.463941  0.638999
401.483941  0.638803
401.503940  0.639195
401.523939  0.639129
401.543938  0.638999
401.563937  0.638999
401.583937  0.638933
401.603936  0.639064
401.623935  0.638999
401.643934  0.638868
401.663933  0.638868
401.683933  0.638999
401.703932  0.638868
401.723931  0.638999
401.743930  0.639064
401.763929  0.639064
401.783929  0.638868
401.803928  0.638999
401.823927  0.638933
401.843926  0.639064
401.863925  0.638868
401.883925  0.638999
401.903924  0.638933
401.923923  0.638476
401.943922  0.638999
401.963921  0.638803
401.983921  0.638868
402.003920  0.639064
402.023919  0.638999
402.043918  0.638803
402.063917  0.638803
402.083917  0.638868
402.103916  0.638999
402.123915  0.638672
402.143914  0.638803
402.163913  0.638803
402.183913  0.638541
402.203912  0.638672
402.223911  0.638933
402.243910  0.638933
402.263909  0.638607
402.283909  0.638803
402.303908  0.638476
402.323907  0.638672
402.343906  0.638999
402.363905  0.638868
402.383905  0.638411
402.403904  0.638933
402.423903  0.638803
402.443902  0.638868
402.463901  0.638672
402.483901  0.638541
402.503900  0.638672
402.523899  0.638345
402.543898  0.638672
402.563897  0.638607
402.583897  0.638737
402.603896  0.638999
402.623895  0.638541
402.643894  0.638607
402.663893  0.638933
402.683893  0.638672
402.703892  0.638672
402.723891  0.638737
402.743890  0.638803
402.763889  0.638803
402.783889  0.638672
402.803888  0.638476
402.823887  0.638803
402.843886  0.638737
402.863885  0.638476
402.883885  0.638541
402.903884  0.638541
402.923883  0.638541
402.943882  0.638803
402.963881  0.638541
402.983881  0.638476
403.003880  0.638672
403.023879  0.637823
403.043878  0.638607
403.063877  0.638607
403.083877  0.638345
403.103876  0.638215
403.123875  0.638607
403.143874  0.638541
403.163873  0.638476
403.183873  0.638345
403.203872  0.638541
403.223871  0.638411
403.243870  0.638672
403.263869  0.638541
403.283869  0.638541
403.303868  0.638280
403.323867  0.638476
403.343866  0.638345
403.363865  0.638019
403.383865  0.638345
403.403864  0.638345
403.423863  0.638345
403.443862  0.638345
403.463861  0.638345
403.483861  0.638476
403.503860  0.638476
403.523859  0.638215
403.543858  0.638411
403.563857  0.638280
403.583857  0.638280
403.603856  0.638215
403.623855  0.638411
403.643854  0.638215
403.663853  0.638084
403.683853  0.638345
403.703852  0.638215
403.723851  0.638280
403.743850  0.638345
403.763849  0.638019
403.783849  0.638084
403.803848  0.638345
403.823847  0.638149
403.843846  0.638149
403.863845  0.638149
403.883845  0.638149
403.903844  0.638345
403.923843  0.638084
403.943842  0.638280
403.963841  0.638215
403.983841  0.638149
404.003840  0.638019
404.023839  0.638019
404.043838  0.638215
404.063837  0.638084
404.083837  0.638084
404.103836  0.638019
404.123835  0.638084
404.143834  0.638215
404.163833  0.637953
404.183833  0.638411
404.203832  0.637953
404.223831  0.638019
404.243830  0.638019
404.263829  0.637888
404.283829  0.638084
404.303828  0.637823
404.323827  0.637823
404.343826  0.638084
404.363825  0.637953
404.383825  0.637888
404.403824  0.637953
404.423823  0.638084
404.443822  0.637953
404.463821  0.637888
404.483821  0.638019
404.503820  0.637757
404.523819  0.637888
404.543818  0.638215
404.563817  0.637823
404.583817  0.637953
404.603816  0.637757
404.623815  0.637757
404.643814  0.638019
404.663813  0.637757
404.683813  0.638149
404.703812  0.637692
404.723811  0.637823
404.743810  0.638084
404.763809  0.637627
404.783809  0.637692
404.803808  0.637692
404.823807  0.637823
404.843806  0.638019
404.863805  0.637888
404.883805  0.637888
404.903804  0.637823
404.923803  0.637888
404.943802  0.637757
404.963801  0.637823
404.983801  0.637627
405.003800  0.637627
405.023799  0.637692
405.043798  0.637627
405.063797  0.637692
405.083797  0.637757
405.103796  0.637823
405.123795  0.637757
405.143794  0.637561
405.163793  0.637757
405.183793  0.637692
405.203792  0.637561
405.223791  0.637692
405.243790  0.637627
405.263789  0.637757
405.283789  0.637823
405.303788  0.637823
405.323787  0.637692
405.343786  0.637561
405.363785  0.637757
405.383785  0.637496
405.403784  0.637627
405.423783  0.637496
405.443782  0.637627
405.463781  0.637561
405.483781  0.637692
405.503780  0.637627
405.523779  0.637627
405.543778  0.637561
405.563777  0.637496
405.583777  0.637757
405.603776  0.637627
405.623775  0.637692
405.643774  0.637627
405.663773  0.637431
405.683773  0.637561
405.703772  0.637561
405.723771  0.637431
405.743770  0.637365
405.763769  0.637431
405.783769  0.637561
405.803768  0.637300
405.823767  0.637692
405.843766  0.637039
405.863765  0.637235
405.883765  0.637627
405.903764  0.637300
405.923763  0.637365
405.943762  0.637104
405.963761  0.637431
405.983761  0.637365
406.003760  0.637561
406.023759  0.637365
406.043758  0.637169
406.063757  0.637561
406.083757  0.637300
406.103756  0.637235
406.123755  0.637300
406.143754  0.637235
406.163753  0.637365
406.183753  0.637496
406.203752  0.637169
406.223751  0.637300
406.243750  0.637300
406.263749  0.637235
406.283749  0.637169
406.303748  0.637235
406.323747  0.637104
406.343746  0.637235
406.363745  0.637300
406.383745  0.637169
406.403744  0.637104
406.423743  0.636712
406.443742  0.637235
406.463741  0.637104
406.483741  0.637169
406.503740  0.637104
406.523739  0.637561
406.543738  0.636973
406.563737  0.637039
406.583737  0.636908
406.603736  0.637039
406.623735  0.637104
406.643734  0.637104
406.663733  0.636973
406.683733  0.637235
406.703732  0.637104
406.723731  0.636973
406.743730  0.636843
406.763729  0.637169
406.783729  0.636973
406.803728  0.637169
406.823727  0.636777
406.843726  0.636973
406.863725  0.636973
406.883725  0.636777
406.903724  0.637039
406.923723  0.637039
406.943722  0.637039
406.963721  0.636908
406.983721  0.637169
407.003720  0.636908
407.023719  0.637039
407.043718  0.636843
407.063717  0.636647
407.083717  0.636777
407.103716  0.636843
407.123715  0.636908
407.143714  0.636777
407.163713  0.636712
407.183713  0.636908
407.203712  0.636908
407.223711  0.636843
407.243710  0.636777
407.263709  0.636908
407.283709  0.636908
407.303708  0.636777
407.323707  0.636843
407.343706  0.636647
407.363705  0.636777
407.383705  0.636777
407.403704  0.636843
407.423703  0.636712
407.443702  0.636581
407.463701  0.636516
407.483701  0.636777
407.503700  0.636712
407.523699  0.636777
407.543698  0.636385
407.563697  0.636712
407.583697  0.636581
407.603696  0.636777
407.623695  0.636516
407.643694  0.636581
407.663693  0.636516
407.683693  0.636581
407.703692  0.636777
407.723691  0.636385
407.743690  0.636255
407.763689  0.636712
407.783689  0.636516
407.803688  0.636516
407.823687  0.636385
407.843686  0.636385
407.863685  0.636581
407.883685  0.636581
407.903684  0.636451
407.923683  0.636451
407.943682  0.636320
407.963681  0.636385
407.983681  0.636451
408.003680  0.636581
408.023679  0.636451
408.043678  0.636255
408.063677  0.636320
408.083677  0.636320
408.103676  0.636451
408.123675  0.636189
408.143674  0.636124
408.163673  0.636255
408.183673  0.636451
408.203672  0.636320
408.223671  0.636255
408.243670  0.636385
408.263669  0.636385
408.283669  0.636255
408.303668  0.636320
408.323667  0.636189
408.343666  0.636385
408.363665  0.636451
408.383665  0.636189
408.403664  0.636124
408.423663  0.636320
408.443662  0.636189
408.463661  0.636255
408.483661  0.636124
408.503660  0.636059
408.523659  0.636255
408.543658  0.636124
408.563657  0.636189
408.583657  0.636059
408.603656  0.636124
408.623655  0.636451
408.643654  0.636189
408.663653  0.636124
408.683653  0.636059
408.703652  0.635993
408.723651  0.636059
408.743650  0.635993
408.763649  0.636124
408.783649  0.636189
408.803648  0.635993
408.823647  0.635993
408.843646  0.635928
408.863645  0.635863
408.883645  0.635928
408.903644  0.636059
408.923643  0.636189
408.943642  0.635863
408.963641  0.635993
408.983641  0.635798
409.003640  0.635928
409.023639  0.636189
409.043638  0.635863
409.063637  0.635798
409.083637  0.635798
409.103636  0.636059
409.123635  0.635601
409.143634  0.635732
409.163633  0.636059
409.183633  0.635928
409.203632  0.635863
409.223631  0.635798
409.243630  0.635732
409.263629  0.635863
409.283629  0.635798
409.303628  0.635667
409.323627  0.635928
409.343626  0.635601
409.363625  0.635798
409.383625  0.635732
409.403624  0.635798
409.423623  0.635667
409.443622  0.635601
409.463621  0.635863
409.483621  0.635732
409.503620  0.635732
409.523619  0.635667
409.543618  0.635536
409.563617  0.635732
409.583617  0.635798
409.603616  0.635601
409.623615  0.635667
409.643614  0.635536
409.663613  0.635732
409.683613  0.635601
409.703612  0.635667
409.723611  0.635667
409.743610  0.635732
409.763609  0.635601
409.783609  0.635340
409.803608  0.635667
409.823607  0.635732
409.843606  0.635536
409.863605  0.635536
409.883605  0.635536
409.903604  0.635471
409.923603  0.635536
409.943602  0.635405
409.963601  0.635471
409.983601  0.635667
410.003600  0.635536
410.023599  0.635405
410.043598  0.635471
410.063597  0.635471
410.083597  0.635536
410.103596  0.635340
410.123595  0.635340
410.143594  0.635405
410.163593  0.635405
410.183593  0.635340
410.203592  0.635210
410.223591  0.635405
410.243590  0.635210
410.263589  0.635340
410.283589  0.635275
410.303588  0.635471
410.323587  0.635405
410.343586  0.635275
410.363585  0.635210
410.383585  0.635340
410.403584  0.635340
410.423583  0.635275
410.443582  0.635340
410.463581  0.635340
410.483581  0.635340
410.503580  0.635275
410.523579  0.635079
410.543578  0.635079
410.563577  0.635014
410.583577  0.635079
410.603576  0.635144
410.623575  0.635536
410.643574  0.635014
410.663573  0.635144
410.683573  0.635014
410.703572  0.635405
410.723571  0.635210
410.743570  0.635210
410.763569  0.635144
410.783569  0.635079
410.803568  0.635275
410.823567  0.635210
410.843566  0.634883
410.863565  0.634817
410.883565  0.635079
410.903564  0.635014
410.923563  0.635014
410.943562  0.634948
410.963561  0.635079
410.983561  0.634687
411.003560  0.634817
411.023559  0.634948
411.043558  0.634883
411.063557  0.634948
411.083557  0.634948
411.103556  0.634883
411.123555  0.634817
411.143554  0.634883
411.163553  0.634622
411.183553  0.634752
411.203552  0.634948
411.223551  0.634948
411.243550  0.634687
411.263549  0.634817
411.283549  0.634883
411.303548  0.634752
411.323547  0.634752
411.343546  0.634687
411.363545  0.634622
411.383545  0.634687
411.403544  0.634883
411.423543  0.634556
411.443542  0.634622
411.463541  0.634687
411.483541  0.634817
411.503540  0.634687
411.523539  0.634622
411.543538  0.634556
411.563537  0.634556
411.583537  0.634426
411.603536  0.634622
411.623535  0.634426
411.643534  0.634556
411.663533  0.634556
411.683533  0.634622
411.703532  0.634556
411.723531  0.634360
411.743530  0.634491
411.763529  0.634230
411.783529  0.634360
411.803528  0.634687
411.823527  0.634491
411.843526  0.634360
411.863525  0.634556
411.883525  0.634360
411.903524  0.634491
411.923523  0.634230
411.943522  0.634426
411.963521  0.634360
411.983521  0.634295
412.003520  0.634295
412.023519  0.634230
412.043518  0.634295
412.063517  0.634295
412.083517  0.634295
412.103516  0.634295
412.123515  0.634426
412.143514  0.634295
412.163513  0.634426
412.183513  0.634230
412.203512  0.634491
412.223511  0.634426
412.243510  0.634164
412.263509  0.634164
412.283509  0.634099
412.303508  0.634360
412.323507  0.634099
412.343506  0.634164
412.363505  0.634099
412.383505  0.634099
412.403504  0.634230
412.423503  0.633968
412.443502  0.634230
412.463501  0.633968
412.483501  0.634164
412.503500  0.633968
412.523499  0.634164
412.543498  0.634164
412.563497  0.634099
412.583497  0.634034
412.603496  0.634099
412.623495  0.634295
412.643494  0.634099
412.663493  0.634164
412.683493  0.633772
412.703492  0.634164
412.723491  0.634099
412.743490  0.633903
412.763489  0.633642
412.783489  0.633968
412.803488  0.633838
412.823487  0.633511
412.843486  0.633838
412.863485  0.633772
412.883485  0.633903
412.903484  0.633968
412.923483  0.633838
412.943482  0.633838
412.963481  0.633772
412.983481  0.633903
413.003480  0.633968
413.023479  0.633642
413.043478  0.633772
413.063477  0.633707
413.083477  0.633838
413.103476  0.633968
413.123475  0.633772
413.143474  0.633642
413.163473  0.633446
413.183473  0.633707
413.203472  0.633772
413.223471  0.633446
413.243470  0.633707
413.263469  0.633707
413.283469  0.633707
413.303468  0.633642
413.323467  0.633446
413.343466  0.633642
413.363465  0.633772
413.383465  0.633838
413.403464  0.633446
413.423463  0.633446
413.443462  0.633446
413.463461  0.633446
413.483461  0.633511
413.503460  0.633380
413.523459  0.633380
413.543458  0.633642
413.563457  0.633576
413.583457  0.633642
413.603456  0.633380
413.623455  0.633315
413.643454  0.633250
413.663453  0.633446
413.683453  0.633511
413.703452  0.633446
413.723451  0.633184
413.743450  0.633446
413.763449  0.633380
413.783449  0.633380
413.803448  0.633250
413.823447  0.633315
413.843446  0.633119
413.863445  0.633315
413.883445  0.633119
413.903444  0.633119
413.923443  0.633119
413.943442  0.633250
413.963441  0.633184
413.983441  0.633250
414.003440  0.633184
414.023439  0.633184
414.043438  0.633054
414.063437  0.632792
414.083437  0.633119
414.103436  0.633054
414.123435  0.633184
414.143434  0.633184
414.163433  0.633119
414.183433  0.633119
414.203432  0.633054
414.223431  0.632988
414.243430  0.632923
414.263429  0.632923
414.283429  0.633054
414.303428  0.633184
414.323427  0.632923
414.343426  0.633054
414.363425  0.632988
414.383425  0.632858
414.403424  0.632858
414.423423  0.632727
414.443422  0.632923
414.463421  0.632858
414.483421  0.632727
414.503420  0.632988
414.523419  0.632792
414.543418  0.632792
414.563417  0.632792
414.583417  0.632727
414.603416  0.632858
414.623415  0.632727
414.643414  0.632727
414.663413  0.632727
414.683413  0.632858
414.703412  0.632792
414.723411  0.632531
414.743410  0.632727
414.763409  0.632727
414.783409  0.632923
414.803408  0.632466
414.823407  0.632531
414.843406  0.632531
414.863405  0.632662
414.883405  0.632662
414.903404  0.632662
414.923403  0.632662
414.943402  0.632792
414.963401  0.632466
414.983401  0.632596
415.003400  0.632531
415.023399  0.632400
415.043398  0.632662
415.063397  0.632400
415.083397  0.632596
415.103396  0.632400
415.123395  0.632400
415.143394  0.632466
415.163393  0.632531
415.183393  0.632531
415.203392  0.632335
415.223391  0.632335
415.243390  0.632270
415.263389  0.632400
415.283389  0.632400
415.303388  0.632139
415.323387  0.632270
415.343386  0.632270
415.363385  0.632531
415.383385  0.632400
415.403384  0.632335
415.423383  0.632335
415.443382  0.632270
415.463381  0.632400
415.483381  0.632335
415.503380  0.632531
415.523379  0.632204
415.543378  0.632139
415.563377  0.632074
415.583377  0.632662
415.603376  0.632139
415.623375  0.632139
415.643374  0.632074
415.663373  0.632074
415.683373  0.632139
415.703372  0.631878
415.723371  0.632008
415.743370  0.632008
415.763369  0.632335
415.783369  0.632008
415.803368  0.631812
415.823367  0.632139
415.843366  0.631943
415.863365  0.632008
415.883365  0.631812
415.903364  0.631812
415.923363  0.632139
415.943362  0.631812
415.963361  0.631878
415.983361  0.631747
416.003360  0.631943
416.023359  0.631943
416.043358  0.631812
416.063357  0.631812
416.083357  0.631878
416.103356  0.632008
416.123355  0.631812
416.143354  0.631747
416.163353  0.631682
416.183353  0.632008
416.203352  0.631682
416.223351  0.631682
416.243350  0.631812
416.263349  0.631682
416.283349  0.631682
416.303348  0.631812
416.323347  0.631812
416.343346  0.631682
416.363345  0.631616
416.383345  0.631616
416.403344  0.631616
416.423343  0.631551
416.443342  0.631486
416.463341  0.631616
416.483341  0.631747
416.503340  0.631812
416.523339  0.631682
416.543338  0.631290
416.563337  0.631420
416.583337  0.631551
416.603336  0.631420
416.623335  0.631420
416.643334  0.631290
416.663333  0.631616
416.683333  0.631486
416.703332  0.631290
416.723331  0.631224
416.743330  0.631420
416.763329  0.631420
416.783329  0.631355
416.803328  0.631551
416.823327  0.631290
416.843326  0.631290
416.863325  0.631290
416.883325  0.631224
416.903324  0.631290
416.923323  0.631355
416.943322  0.631224
416.963321  0.631420
416.983321  0.631224
417.003320  0.631224
417.023319  0.631028
417.043318  0.631355
417.063317  0.630963
417.083317  0.631094
417.103316  0.631224
417.123315  0.631094
417.143314  0.631355
417.163313  0.631159
417.183313  0.630963
417.203312  0.631094
417.223311  0.631028
417.243310  0.631094
417.263309  0.631028
417.283309  0.630898
417.303308  0.630767
417.323307  0.631028
417.343306  0.631094
417.363305  0.630963
417.383305  0.631224
417.403304  0.631028
417.423303  0.631028
417.443302  0.630702
417.463301  0.630767
417.483301  0.630767
417.503300  0.630767
417.523299  0.630963
417.543298  0.630963
417.563297  0.630963
417.583297  0.630832
417.603296  0.630963
417.623295  0.630898
417.643294  0.630832
417.663293  0.630571
417.683293  0.630702
417.703292  0.630898
417.723291  0.630767
417.743290  0.630702
417.763289  0.630636
417.783289  0.630506
417.803288  0.630506
417.823287  0.630963
417.843286  0.630963
417.863285  0.630571
417.883285  0.630506
417.903284  0.630506
417.923283  0.630571
417.943282  0.630440
417.963281  0.630244
417.983281  0.630440
418.003280  0.630310
418.023279  0.630440
418.043278  0.630440
418.063277  0.630571
418.083277  0.630244
418.103276  0.630506
418.123275  0.630506
418.143274  0.630506
418.163273  0.630636
418.183273  0.630440
418.203272  0.630506
418.223271  0.630571
418.243270  0.630244
418.263269  0.630310
418.283269  0.630179
418.303268  0.630506
418.323267  0.630244
418.343266  0.630244
418.363265  0.630310
418.383265  0.630310
418.403264  0.630179
418.423263  0.630179
418.443262  0.630310
418.463261  0.630179
418.483261  0.630244
418.503260  0.630440
418.523259  0.630048
418.543258  0.630114
418.563257  0.630440
418.583257  0.630179
418.603256  0.630048
418.623255  0.630244
418.643254  0.629983
418.663253  0.630179
418.683253  0.629918
418.703252  0.629918
418.723251  0.630048
418.743250  0.629918
418.763249  0.630048
418.783249  0.629918
418.803248  0.629852
418.823247  0.629852
418.843246  0.629852
418.863245  0.629852
418.883245  0.629722
418.903244  0.629918
418.923243  0.630048
418.943242  0.630048
418.963241  0.629918
418.983241  0.629852
419.003240  0.629656
419.023239  0.629591
419.043238  0.629983
419.063237  0.629591
419.083237  0.629591
419.103236  0.629656
419.123235  0.629656
419.143234  0.629787
419.163233  0.629591
419.183233  0.629526
419.203232  0.629787
419.223231  0.629656
419.243230  0.629787
419.263229  0.629460
419.283229  0.629656
419.303228  0.629526
419.323227  0.629460
419.343226  0.629656
419.363225  0.629395
419.383225  0.629591
419.403224  0.629656
419.423223  0.629395
419.443222  0.629395
419.463221  0.629395
419.483221  0.629395
419.503220  0.629264
419.523219  0.629460
419.543218  0.629460
419.563217  0.629264
419.583217  0.629068
419.603216  0.629460
419.623215  0.629330
419.643214  0.629395
419.663213  0.629264
419.683213  0.629134
419.703212  0.629330
419.723211  0.629264
419.743210  0.629330
419.763209  0.629330
419.783209  0.629003
419.803208  0.629199
419.823207  0.629003
419.843206  0.629134
419.863205  0.629264
419.883205  0.629199
419.903204  0.629199
419.923203  0.628611
419.943202  0.629134
419.963201  0.629199
419.983201  0.629199
420.003200  0.629068
420.023199  0.628872
420.043198  0.629003
420.063197  0.628872
420.083197  0.629003
420.103196  0.628872
420.123195  0.629199
420.143194  0.628938
420.163193  0.629068
420.183193  0.628872
420.203192  0.629068
420.223191  0.629003
420.243190  0.628611
420.263189  0.628807
420.283189  0.628938
420.303188  0.629068
420.323187  0.628611
420.343186  0.628872
420.363185  0.628611
420.383185  0.628807
420.403184  0.628611
420.423183  0.628676
420.443182  0.628676
420.463181  0.628872
420.483181  0.628546
420.503180  0.628807
420.523179  0.628546
420.543178  0.628807
420.563177  0.628742
420.583177  0.628546
420.603176  0.628611
420.623175  0.628676
420.643174  0.628611
420.663173  0.628546
420.683173  0.628415
420.703172  0.628480
420.723171  0.628415
420.743170  0.628546
420.763169  0.628350
420.783169  0.628219
420.803168  0.628480
420.823167  0.628415
420.843166  0.628350
420.863165  0.628415
420.883165  0.628154
420.903164  0.628480
420.923163  0.628415
420.943162  0.628546
420.963161  0.628415
420.983161  0.628154
421.003160  0.628154
421.023159  0.628415
421.043158  0.628350
421.063157  0.628415
421.083157  0.628154
421.103156  0.628154
421.123155  0.628219
421.143154  0.628088
421.163153  0.628023
421.183153  0.627827
421.203152  0.628023
421.223151  0.628088
421.243150  0.628088
421.263149  0.628088
421.283149  0.628023
421.303148  0.627958
421.323147  0.627958
421.343146  0.627827
421.363145  0.627892
421.383145  0.627892
421.403144  0.628154
421.423143  0.627892
421.443142  0.628023
421.463141  0.627762
421.483141  0.627958
421.503140  0.627892
421.523139  0.627697
421.543138  0.627958
421.563137  0.627566
421.583137  0.627697
421.603136  0.627762
421.623135  0.627892
421.643134  0.627762
421.663133  0.627500
421.683133  0.627631
421.703132  0.627827
421.723131  0.627762
421.743130  0.627566
421.763129  0.627566
421.783129  0.627958
421.803128  0.627566
421.823127  0.627631
421.843126  0.627566
421.863125  0.627500
421.883125  0.627697
421.903124  0.627435
421.923123  0.627631
421.943122  0.627566
421.963121  0.627370
421.983121  0.627500
422.003120  0.627762
422.023119  0.627370
422.043118  0.627370
422.063117  0.627109
422.083117  0.627435
422.103116  0.627500
422.123115  0.627370
422.143114  0.627500
422.163113  0.627370
422.183113  0.627304
422.203112  0.627304
422.223111  0.627043
422.243110  0.627109
422.263109  0.627174
422.283109  0.627370
422.303108  0.627239
422.323107  0.627174
422.343106  0.627174
422.363105  0.626978
422.383105  0.627174
422.403104  0.627174
422.423103  0.627043
422.443102  0.627174
422.463101  0.627109
422.483101  0.627109
422.503100  0.627043
422.523099  0.626978
422.543098  0.626978
422.563097  0.626978
422.583097  0.626978
422.603096  0.627043
422.623095  0.627043
422.643094  0.626978
422.663093  0.626847
422.683093  0.627239
422.703092  0.627109
422.723091  0.626913
422.743090  0.626847
422.763089  0.627043
422.783089  0.626847
422.803088  0.626782
422.823087  0.626651
422.843086  0.626586
422.863085  0.626586
422.883085  0.626716
422.903084  0.626782
422.923083  0.626978
422.943082  0.626782
422.963081  0.626586
422.983081  0.626782
423.003080  0.626847
423.023079  0.626782
423.043078  0.626782
423.063077  0.626586
423.083077  0.626455
423.103076  0.626521
423.123075  0.626651
423.143074  0.626455
423.163073  0.626521
423.183073  0.626716
423.203072  0.626716
423.223071  0.626521
423.243070  0.626586
423.263069  0.626325
423.283069  0.626716
423.303068  0.626259
423.323067  0.626521
423.343066  0.626521
423.363065  0.626390
423.383065  0.626259
423.403064  0.626259
423.423063  0.626325
423.443062  0.626259
423.463061  0.626129
423.483061  0.626390
423.503060  0.626063
423.523059  0.626194
423.543058  0.626194
423.563057  0.626259
423.583057  0.626390
423.603056  0.626325
423.623055  0.626129
423.643054  0.625998
423.663053  0.626259
423.683053  0.626259
423.703052  0.625933
423.723051  0.626194
423.743050  0.625867
423.763049  0.626129
423.783049  0.626063
423.803048  0.625933
423.823047  0.625998
423.843046  0.626063
423.863045  0.625867
423.883045  0.625867
423.903044  0.625867
423.923043  0.625998
423.943042  0.625933
423.963041  0.625933
423.983041  0.625933
424.003040  0.625933
424.023039  0.625802
424.043038  0.625802
424.063037  0.625737
424.083037  0.625867
424.103036  0.625541
424.123035  0.625737
424.143034  0.625867
424.163033  0.625737
424.183033  0.625802
424.203032  0.625671
424.223031  0.625737
424.243030  0.625671
424.263029  0.625802
424.283029  0.625475
424.303028  0.625475
424.323027  0.625802
424.343026  0.625410
424.363025  0.625541
424.383025  0.625541
424.403024  0.625345
424.423023  0.625279
424.443022  0.625671
424.463021  0.625475
424.483021  0.625541
424.503020  0.625475
424.523019  0.625606
424.543018  0.625279
424.563017  0.625475
424.583017  0.625475
424.603016  0.625345
424.623015  0.625279
424.643014  0.625345
424.663013  0.625345
424.683013  0.625214
424.703012  0.625083
424.723011  0.625018
424.743010  0.625214
424.763009  0.625279
424.783009  0.625279
424.803008  0.625214
424.823007  0.625149
424.843006  0.625149
424.863005  0.625083
424.883005  0.625149
424.903004  0.625279
424.923003  0.625149
424.943002  0.624953
424.963001  0.625018
424.983001  0.625083
425.003000  0.624822
425.022999  0.625018
425.042998  0.625018
425.062997  0.624953
425.082997  0.624887
425.102996  0.624626
425.122995  0.624626
425.142994  0.624757
425.162993  0.624822
425.182993  0.624887
425.202992  0.624757
425.222991  0.624887
425.242990  0.624757
425.262989  0.624757
425.282989  0.624887
425.302988  0.624626
425.322987  0.624626
425.342986  0.624691
425.362985  0.624691
425.382985  0.624691
425.402984  0.624822
425.422983  0.624495
425.442982  0.624430
425.462981  0.624561
425.482981  0.624757
425.502980  0.624626
425.522979  0.624495
425.542978  0.624495
425.562977  0.624430
425.582977  0.624691
425.602976  0.624365
425.622975  0.624561
425.642974  0.624495
425.662973  0.624561
425.682973  0.624365
425.702972  0.624430
425.722971  0.624626
425.742970  0.624234
425.762969  0.624365
425.782969  0.624234
425.802968  0.624365
425.822967  0.624299
425.842966  0.624234
425.862965  0.624234
425.882965  0.624234
425.902964  0.624299
425.922963  0.624234
425.942962  0.624234
425.962961  0.624038
425.982961  0.624169
426.002960  0.623973
426.022959  0.624234
426.042958  0.624103
426.062957  0.624169
426.082957  0.624038
426.102956  0.623973
426.122955  0.624038
426.142954  0.624038
426.162953  0.624103
426.182953  0.623711
426.202952  0.623907
426.222951  0.623973
426.242950  0.623907
426.262949  0.623842
426.282949  0.623777
426.302948  0.623973
426.322947  0.623973
426.342946  0.623646
426.362945  0.623711
426.382945  0.623777
426.402944  0.623646
426.422943  0.623842
426.442942  0.623777
426.462941  0.623646
426.482941  0.623450
426.502940  0.623711
426.522939  0.623711
426.542938  0.623450
426.562937  0.623515
426.582937  0.623646
426.602936  0.623777
426.622935  0.623711
426.642934  0.623711
426.662933  0.623385
426.682933  0.623385
426.702932  0.623581
426.722931  0.623515
426.742930  0.623450
426.762929  0.623450
426.782929  0.623385
426.802928  0.623254
426.822927  0.623254
426.842926  0.623254
426.862925  0.623254
426.882925  0.623450
426.902924  0.623319
426.922923  0.623254
426.942922  0.623254
426.962921  0.623254
426.982921  0.623123
427.002920  0.623123
427.022919  0.622993
427.042918  0.623189
427.062917  0.623319
427.082917  0.623123
427.102916  0.622993
427.122915  0.623189
427.142914  0.622993
427.162913  0.623123
427.182913  0.623123
427.202912  0.622862
427.222911  0.622993
427.242910  0.622731
427.262909  0.623189
427.282909  0.622797
427.302908  0.622862
427.322907  0.622797
427.342906  0.622927
427.362905  0.623058
427.382905  0.623058
427.402904  0.622731
427.422903  0.622666
427.442902  0.622731
427.462901  0.622731
427.482901  0.622862
427.502900  0.622601
427.522899  0.622535
427.542898  0.622666
427.562897  0.622797
427.582897  0.622470
427.602896  0.622535
427.622895  0.622731
427.642894  0.622470
427.662893  0.622535
427.682893  0.622731
427.702892  0.622470
427.722891  0.622405
427.742890  0.622339
427.762889  0.622601
427.782889  0.622666
427.802888  0.622470
427.822887  0.622601
427.842886  0.622339
427.862885  0.622470
427.882885  0.622274
427.902884  0.622209
427.922883  0.622470
427.942882  0.622339
427.962881  0.622405
427.982881  0.622339
428.002880  0.622143
428.022879  0.622143
428.042878  0.622209
428.062877  0.622274
428.082877  0.622143
428.102876  0.622274
428.122875  0.622339
428.142874  0.622078
428.162873  0.622013
428.182873  0.622339
428.202872  0.622143
428.222871  0.622209
428.242870  0.621947
428.262869  0.622143
428.282869  0.621882
428.302868  0.621882
428.322867  0.621817
428.342866  0.621817
428.362865  0.622013
428.382865  0.622078
428.402864  0.622143
428.422863  0.621751
428.442862  0.621751
428.462861  0.621882
428.482861  0.621555
428.502860  0.621817
428.522859  0.621882
428.542858  0.621686
428.562857  0.621751
428.582857  0.621817
428.602856  0.621751
428.622855  0.621229
428.642854  0.621555
428.662853  0.621686
428.682853  0.621621
428.702852  0.621751
428.722851  0.621425
428.742850  0.621425
428.762849  0.621686
428.782849  0.621359
428.802848  0.621425
428.822847  0.621490
428.842846  0.621555
428.862845  0.621490
428.882845  0.621425
428.902844  0.621555
428.922843  0.621490
428.942842  0.621425
428.962841  0.621163
428.982841  0.621294
429.002840  0.621229
429.022839  0.621229
429.042838  0.621229
429.062837  0.621359
429.082837  0.621229
429.102836  0.621359
429.122835  0.621229
429.142834  0.621229
429.162833  0.621294
429.182833  0.621294
429.202832  0.621098
429.222831  0.621098
429.242830  0.621229
429.262829  0.621033
429.282829  0.621229
429.302828  0.620902
429.322827  0.620837
429.342826  0.620967
429.362825  0.621098
429.382825  0.620967
429.402824  0.620837
429.422823  0.620771
429.442822  0.620771
429.462821  0.620837
429.482821  0.620771
429.502820  0.620771
429.522819  0.620706
429.542818  0.620837
429.562817  0.620837
429.582817  0.620641
429.602816  0.620837
429.622815  0.620771
429.642814  0.620641
429.662813  0.620837
429.682813  0.620510
429.702812  0.620575
429.722811  0.620314
429.742810  0.620445
429.762809  0.620510
429.782809  0.620510
429.802808  0.620510
429.822807  0.620641
429.842806  0.620575
429.862805  0.620445
429.882805  0.620575
429.902804  0.620575
429.922803  0.620445
429.942802  0.620445
429.962801  0.620249
429.982801  0.620249
430.002800  0.620379
430.022799  0.620445
430.042798  0.620183
430.062797  0.620118
430.082797  0.620118
430.102796  0.620249
430.122795  0.620183
430.142794  0.620379
430.162793  0.620118
430.182793  0.619987
430.202792  0.620249
430.222791  0.620183
430.242790  0.620053
430.262789  0.620183
430.282789  0.620053
430.302788  0.620118
430.322787  0.619857
430.342786  0.619857
430.362785  0.619857
430.382785  0.619857
430.402784  0.619922
430.422783  0.619661
430.442782  0.619922
430.462781  0.619792
430.482781  0.619857
430.502780  0.619857
430.522779  0.619987
430.542778  0.619922
430.562777  0.619987
430.582777  0.619922
430.602776  0.619726
430.622775  0.619530
430.642774  0.619792
430.662773  0.619726
430.682773  0.619661
430.702772  0.619661
430.722771  0.619792
430.742770  0.619661
430.762769  0.619661
430.782769  0.619400
430.802768  0.619400
430.822767  0.619661
430.842766  0.619595
430.862765  0.619400
430.882765  0.619465
430.902764  0.619334
430.922763  0.619595
430.942762  0.619138
430.962761  0.619400
430.982761  0.619204
431.002760  0.619204
431.022759  0.619400
431.042758  0.619334
431.062757  0.619269
431.082757  0.619269
431.102756  0.619204
431.122755  0.619138
431.142754  0.619204
431.162753  0.619204
431.182753  0.619073
431.202752  0.618942
431.222751  0.619073
431.242750  0.619269
431.262749  0.618942
431.282749  0.619138
431.302748  0.619008
431.322747  0.619138
431.342746  0.619204
431.362745  0.618812
431.382745  0.618877
431.402744  0.618812
431.422743  0.619138
431.442742  0.618812
431.462741  0.618877
431.482741  0.618812
431.502740  0.618681
431.522739  0.618812
431.542738  0.618746
431.562737  0.618681
431.582737  0.618485
431.602736  0.618746
431.622735  0.619008
431.642734  0.619138
431.662733  0.618746
431.682733  0.618616
431.702732  0.618550
431.722731  0.618616
431.742730  0.618616
431.762729  0.618485
431.782729  0.618485
431.802728  0.618616
431.822727  0.618616
431.842726  0.618420
431.862725  0.618485
431.882725  0.618224
431.902724  0.618420
431.922723  0.618289
431.942722  0.618224
431.962721  0.618354
431.982721  0.618420
432.002720  0.618158
432.022719  0.618224
432.042718  0.618158
432.062717  0.618420
432.082717  0.618289
432.102716  0.618224
432.122715  0.618158
432.142714  0.618289
432.162713  0.618158
432.182713  0.618224
432.202712  0.617897
432.222711  0.618158
432.242710  0.618093
432.262709  0.617897
432.282709  0.618093
432.302708  0.618093
432.322707  0.618093
432.342706  0.617897
432.362705  0.617962
432.382705  0.617897
432.402704  0.617766
432.422703  0.617701
432.442702  0.617962
432.462701  0.617897
432.482701  0.617832
432.502700  0.617636
432.522699  0.617962
432.542698  0.617636
432.562697  0.617636
432.582697  0.617832
432.602696  0.617570
432.622695  0.617570
432.642694  0.617962
432.662693  0.617570
432.682693  0.617505
432.702692  0.617636
432.722691  0.617570
432.742690  0.617832
432.762689  0.617440
432.782689  0.617244
432.802688  0.617570
432.822687  0.617244
432.842686  0.617505
432.862685  0.617440
432.882685  0.617440
432.902684  0.617440
432.922683  0.617244
432.942682  0.617374
432.962681  0.617374
432.982681  0.617374
433.002680  0.617178
433.022679  0.617309
433.042678  0.617309
433.062677  0.617244
433.082677  0.617113
433.102676  0.617113
433.122675  0.617309
433.142674  0.617048
433.162673  0.617048
433.182673  0.616917
433.202672  0.616982
433.222671  0.617244
433.242670  0.617309
433.262669  0.616852
433.282669  0.616917
433.302668  0.617113
433.322667  0.617048
433.342666  0.616786
433.362665  0.616917
433.382665  0.616917
433.402664  0.616917
433.422663  0.616982
433.442662  0.616590
433.462661  0.616786
433.482661  0.616917
433.502660  0.616525
433.522659  0.616656
433.542658  0.616721
433.562657  0.616656
433.582657  0.616786
433.602656  0.616656
433.622655  0.616656
433.642654  0.616656
433.662653  0.616460
433.682653  0.616786
433.702652  0.616590
433.722651  0.616590
433.742650  0.616460
433.762649  0.616394
433.782649  0.616590
433.802648  0.616329
433.822647  0.616525
433.842646  0.616590
433.862645  0.616264
433.882645  0.616460
433.902644  0.616525
433.922643  0.616329
433.942642  0.616329
433.962641  0.616133
433.982641  0.616264
434.002640  0.616329
434.022639  0.616394
434.042638  0.616068
434.062637  0.616198
434.082637  0.615937
434.102636  0.616198
434.122635  0.616198
434.142634  0.616002
434.162633  0.615937
434.182633  0.615937
434.202632  0.616068
434.222631  0.616002
434.242630  0.616002
434.262629  0.615872
434.282629  0.615872
434.302628  0.615937
434.322627  0.615937
434.342626  0.615872
434.362625  0.615806
434.382625  0.616002
434.402624  0.615676
434.422623  0.615806
434.442622  0.616002
434.462621  0.615610
434.482621  0.615676
434.502620  0.615545
434.522619  0.615480
434.542618  0.615610
434.562617  0.615741
434.582617  0.615741
434.602616  0.615545
434.622615  0.615545
434.642614  0.615545
434.662613  0.615414
434.682613  0.615610
434.702612  0.615545
434.722611  0.615480
434.742610  0.615349
434.762609  0.615284
434.782609  0.615218
434.802608  0.615349
434.822607  0.615284
434.842606  0.615284
434.862605  0.615284
434.882605  0.615218
434.902604  0.615088
434.922603  0.615349
434.942602  0.615153
434.962601  0.615022
434.982601  0.615153
435.002600  0.615088
435.022599  0.615414
435.042598  0.615088
435.062597  0.615022
435.082597  0.615022
435.102596  0.615218
435.122595  0.615088
435.142594  0.614892
435.162593  0.614892
435.182593  0.615153
435.202592  0.614957
435.222591  0.615088
435.242590  0.614630
435.262589  0.614696
435.282589  0.614565
435.302588  0.614630
435.322587  0.614761
435.342586  0.614696
435.362585  0.614957
435.382585  0.614761
435.402584  0.614761
435.422583  0.614630
435.442582  0.614761
435.462581  0.614696
435.482581  0.614565
435.502580  0.614630
435.522579  0.614500
435.542578  0.614369
435.562577  0.614434
435.582577  0.614500
435.602576  0.614304
435.622575  0.614434
435.642574  0.614500
435.662573  0.614238
435.682573  0.614369
435.702572  0.614500
435.722571  0.614108
435.742570  0.614173
435.762569  0.614369
435.782569  0.614304
435.802568  0.614173
435.822567  0.614304
435.842566  0.614369
435.862565  0.614238
435.882565  0.614238
435.902564  0.614434
435.922563  0.614369
435.942562  0.614042
435.962561  0.613977
435.982561  0.613977
436.002560  0.613846
436.022559  0.613977
436.042558  0.614042
436.062557  0.613977
436.082557  0.614042
436.102556  0.613846
436.122555  0.613846
436.142554  0.613781
436.162553  0.614173
436.182553  0.613650
436.202552  0.613781
436.222551  0.613846
436.242550  0.613650
436.262549  0.613912
436.282549  0.613716
436.302548  0.613520
436.322547  0.613650
436.342546  0.613716
436.362545  0.613585
436.382545  0.613389
436.402544  0.613585
436.422543  0.613716
436.442542  0.613716
436.462541  0.613520
436.482541  0.613324
436.502540  0.613520
436.522539  0.613585
436.542538  0.613520
436.562537  0.613520
436.582537  0.613454
436.602536  0.613324
436.622535  0.613454
436.642534  0.613193
436.662533  0.613324
436.682533  0.613258
436.702532  0.613128
436.722531  0.613389
436.742530  0.612997
436.762529  0.613389
436.782529  0.613128
436.802528  0.613258
436.822527  0.613128
436.842526  0.613193
436.862525  0.613193
436.882525  0.613324
436.902524  0.612997
436.922523  0.613258
436.942522  0.612866
436.962521  0.613062
436.982521  0.612997
437.002520  0.612866
437.022519  0.612801
437.042518  0.612605
437.062517  0.612866
437.082517  0.612801
437.102516  0.612670
437.122515  0.612670
437.142514  0.612866
437.162513  0.612736
437.182513  0.612932
437.202512  0.612866
437.222511  0.612540
437.242510  0.612736
437.262509  0.612670
437.282509  0.612736
437.302508  0.612801
437.322507  0.612736
437.342506  0.612540
437.362505  0.612409
437.382505  0.612540
437.402504  0.612344
437.422503  0.612474
437.442502  0.612540
437.462501  0.612605
437.482501  0.612278
437.502500  0.612409
437.522499  0.612605
437.542498  0.612344
437.562498  0.612344
437.582497  0.612344
437.602496  0.612082
437.622495  0.612344
437.642494  0.612148
437.662494  0.612278
437.682493  0.612213
437.702492  0.612017
437.722491  0.612148
437.742490  0.611952
437.762490  0.612278
437.782489  0.611821
437.802488  0.611821
437.822487  0.612213
437.842486  0.611821
437.862486  0.612017
437.882485  0.611691
437.902484  0.611952
437.922483  0.611756
437.942482  0.611886
437.962482  0.611886
437.982481  0.611691
438.002480  0.611756
438.022479  0.611756
438.042478  0.611560
438.062478  0.611625
438.082477  0.611625
438.102476  0.611625
438.122475  0.611625
438.142474  0.611821
438.162474  0.611691
438.182473  0.611560
438.202472  0.611625
438.222471  0.611560
438.242470  0.611429
438.262470  0.611625
438.282469  0.611299
438.302468  0.611494
438.322467  0.611233
438.342466  0.611429
438.362466  0.611168
438.382465  0.611168
438.402464  0.611364
438.422463  0.611364
438.442462  0.610972
438.462462  0.611233
438.482461  0.611364
438.502460  0.611103
438.522459  0.611233
438.542458  0.611364
438.562458  0.611429
438.582457  0.611103
438.602456  0.611103
438.622455  0.611168
438.642454  0.611037
438.662454  0.611168
438.682453  0.610972
438.702452  0.610841
438.722451  0.610776
438.742450  0.610776
438.762450  0.610776
438.782449  0.610972
438.802448  0.610841
438.822447  0.610841
438.842446  0.610776
438.862446  0.610776
438.882445  0.610907
438.902444  0.610711
438.922443  0.610711
438.942442  0.610711
438.962442  0.610776
438.982441  0.610580
439.002440  0.610580
439.022439  0.610449
439.042438  0.610384
439.062438  0.610776
439.082437  0.610645
439.102436  0.610449
439.122435  0.610384
439.142434  0.610449
439.162434  0.610384
439.182433  0.610449
439.202432  0.610449
439.222431  0.610253
439.242430  0.610188
439.262430  0.610319
439.282429  0.610384
439.302428  0.610384
439.322427  0.610123
439.342426  0.610057
439.362426  0.610188
439.382425  0.610188
439.402424  0.610123
439.422423  0.610123
439.442422  0.610057
439.462422  0.610188
439.482421  0.610253
439.502420  0.610057
439.522419  0.610057
439.542418  0.610057
439.562418  0.609992
439.582417  0.609796
439.602416  0.609927
439.622415  0.609927
439.642414  0.609861
439.662414  0.609861
439.682413  0.609600
439.702412  0.609600
439.722411  0.609665
439.742410  0.609796
439.762410  0.609535
439.782409  0.609665
439.802408  0.609731
439.822407  0.609927
439.842406  0.609404
439.862406  0.609665
439.882405  0.609600
439.902404  0.609600
439.922403  0.609535
439.942402  0.609535
439.962402  0.609273
439.982401  0.609404
440.002400  0.609796
440.022399  0.609339
440.042398  0.609404
440.062398  0.609339
440.082397  0.609273
440.102396  0.609273
440.122395  0.609404
440.142394  0.609404
440.162394  0.609208
440.182393  0.609273
440.202392  0.609404
440.222391  0.609077
440.242390  0.609143
440.262390  0.608947
440.282389  0.609143
440.302388  0.609208
440.322387  0.609012
440.342386  0.608947
440.362386  0.609077
440.382385  0.608947
440.402384  0.609143
440.422383  0.608947
440.442382  0.608947
440.462382  0.609143
440.482381  0.608816
440.502380  0.609012
440.522379  0.608620
440.542378  0.608751
440.562378  0.609012
440.582377  0.608816
440.602376  0.608947
440.622375  0.608685
440.642374  0.608816
440.662374  0.608685
440.682373  0.608424
440.702372  0.608685
440.722371  0.608555
440.742370  0.608359
440.762370  0.608359
440.782369  0.608489
440.802368  0.608424
440.822367  0.608424
440.842366  0.608359
440.862366  0.608424
440.882365  0.608293
440.902364  0.608424
440.922363  0.608359
440.942362  0.608097
440.962362  0.608097
440.982361  0.608097
441.002360  0.608032
441.022359  0.608293
441.042358  0.608228
441.062358  0.608163
441.082357  0.608228
441.102356  0.608228
441.122355  0.607836
441.142354  0.608032
441.162354  0.607836
441.182353  0.608032
441.202352  0.607901
441.222351  0.608032
441.242350  0.608032
441.262350  0.607836
441.282349  0.607705
441.302348  0.607967
441.322347  0.607640
441.342346  0.607967
441.362346  0.607836
441.382345  0.607640
441.402344  0.607901
441.422343  0.607771
441.442342  0.607836
441.462342  0.607575
441.482341  0.607575
441.502340  0.607836
441.522339  0.607575
441.542338  0.607509
441.562338  0.607444
441.582337  0.607248
441.602336  0.607640
441.622335  0.607640
441.642334  0.607705
441.662334  0.607379
441.682333  0.607313
441.702332  0.607248
441.722331  0.607248
441.742330  0.607705
441.762330  0.607379
441.782329  0.607509
441.802328  0.607313
441.822327  0.607052
441.842326  0.607183
441.862326  0.607248
441.882325  0.607117
441.902324  0.607052
441.922323  0.607248
441.942322  0.607117
441.962322  0.607117
441.982321  0.607117
442.002320  0.606987
442.022319  0.606921
442.042318  0.607052
442.062318  0.607052
442.082317  0.606921
442.102316  0.606921
442.122315  0.606791
442.142314  0.606660
442.162314  0.606987
442.182313  0.606921
442.202312  0.606660
442.222311  0.606595
442.242310  0.606660
442.262310  0.606791
442.282309  0.606529
442.302308  0.606529
442.322307  0.606529
442.342306  0.606856
442.362306  0.606464
442.382305  0.606595
442.402304  0.606203
442.422303  0.606595
442.442302  0.606725
442.462302  0.606464
442.482301  0.606464
442.502300  0.606333
442.522299  0.606595
442.542298  0.606399
442.562298  0.606333
442.582297  0.606333
442.602296  0.606137
442.622295  0.606203
442.642294  0.606268
442.662294  0.606333
442.682293  0.606203
442.702292  0.606203
442.722291  0.605941
442.742290  0.606203
442.762290  0.606072
442.782289  0.606268
442.802288  0.605941
442.822287  0.605941
442.842286  0.606268
442.862286  0.606007
442.882285  0.605941
442.902284  0.605941
442.922283  0.605941
442.942282  0.606007
442.962282  0.605680
442.982281  0.606007
443.002280  0.605745
443.022279  0.605549
443.042278  0.605745
443.062278  0.605549
443.082277  0.605615
443.102276  0.605680
443.122275  0.605549
443.142274  0.605680
443.162274  0.605484
443.182273  0.605615
443.202272  0.605549
443.222271  0.605549
443.242270  0.605615
443.262270  0.605353
443.282269  0.605419
443.302268  0.605223
443.322267  0.605419
443.342266  0.605288
443.362266  0.605484
443.382265  0.605353
443.402264  0.605288
443.422263  0.605419
443.442262  0.605288
443.462262  0.605092
443.482261  0.605092
443.502260  0.605157
443.522259  0.604961
443.542258  0.604961
443.562258  0.605092
443.582257  0.605157
443.602256  0.605092
443.622255  0.604831
443.642254  0.605092
443.662254  0.605353
443.682253  0.605027
443.702252  0.604700
443.722251  0.604896
443.742250  0.604896
443.762250  0.604896
443.782249  0.604765
443.802248  0.604635
443.822247  0.604765
443.842246  0.604896
443.862246  0.604504
443.882245  0.604831
443.902244  0.604569
443.922243  0.604635
443.942242  0.604700
443.962242  0.604569
443.982241  0.604504
444.002240  0.604504
444.022239  0.604504
444.042238  0.604439
444.062238  0.604439
444.082237  0.604439
444.102236  0.604243
444.122235  0.604308
444.142234  0.604439
444.162234  0.604373
444.182233  0.604308
444.202232  0.604243
444.222231  0.604243
444.242230  0.604373
444.262230  0.604177
444.282229  0.604177
444.302228  0.604047
444.322227  0.604243
444.342226  0.604047
444.362226  0.604047
444.382225  0.604047
444.402224  0.603916
444.422223  0.604047
444.442222  0.603981
444.462222  0.604047
444.482221  0.603981
444.502220  0.603720
444.522219  0.603851
444.542218  0.603981
444.562218  0.603916
444.582217  0.603786
444.602216  0.603655
444.622215  0.603786
444.642214  0.603655
444.662214  0.603655
444.682213  0.603786
444.702212  0.603524
444.722211  0.603524
444.742210  0.603589
444.762210  0.603394
444.782209  0.603459
444.802208  0.603459
444.822207  0.603720
444.842206  0.603524
444.862206  0.603459
444.882205  0.603394
444.902204  0.603459
444.922203  0.603328
444.942202  0.603263
444.962202  0.603328
444.982201  0.603655
445.002200  0.603394
445.022199  0.603198
445.042198  0.603263
445.062198  0.603132
445.082197  0.603132
445.102196  0.602936
445.122195  0.603067
445.142194  0.603263
445.162194  0.603132
445.182193  0.602871
445.202192  0.603198
445.222191  0.602936
445.242190  0.602871
445.262190  0.602806
445.282189  0.602806
445.302188  0.602936
445.322187  0.603002
445.342186  0.602936
445.362186  0.602740
445.382185  0.602610
445.402184  0.602936
445.422183  0.602479
445.442182  0.602740
445.462182  0.602675
445.482181  0.602414
445.502180  0.602544
445.522179  0.602544
445.542178  0.602610
445.562178  0.602544
445.582177  0.602544
445.602176  0.602283
445.622175  0.602414
445.642174  0.602544
445.662174  0.602479
445.682173  0.602283
445.702172  0.602544
445.722171  0.602283
445.742170  0.602414
445.762170  0.602218
445.782169  0.602218
445.802168  0.602087
445.822167  0.602283
445.842166  0.602022
445.862166  0.602218
445.882165  0.602218
445.902164  0.601956
445.922163  0.602087
445.942162  0.601826
445.962162  0.602022
445.982161  0.601956
446.002160  0.601891
446.022159  0.601956
446.042158  0.601956
446.062158  0.601956
446.082157  0.601956
446.102156  0.601956
446.122155  0.601826
446.142154  0.601891
446.162154  0.601826
446.182153  0.601695
446.202152  0.601826
446.222151  0.601956
446.242150  0.601760
446.262150  0.601695
446.282149  0.601434
446.302148  0.601499
446.322147  0.601695
446.342146  0.601303
446.362146  0.601564
446.382145  0.601499
446.402144  0.601630
446.422143  0.601368
446.442142  0.601303
446.462142  0.601303
446.482141  0.601303
446.502140  0.601368
446.522139  0.601303
446.542138  0.601434
446.562138  0.601238
446.582137  0.601303
446.602136  0.601368
446.622135  0.601238
446.642134  0.601238
446.662134  0.601042
446.682133  0.601238
446.702132  0.601238
446.722131  0.601172
446.742130  0.600911
446.762130  0.601042
446.782129  0.600911
446.802128  0.600911
446.822127  0.600846
446.842126  0.600715
446.862126  0.600846
446.882125  0.600911
446.902124  0.600650
446.922123  0.600650
446.942122  0.600780
446.962122  0.600584
446.982121  0.600780
447.002120  0.600519
447.022119  0.600584
447.042118  0.600650
447.062118  0.600715
447.082117  0.600519
447.102116  0.600715
447.122115  0.600650
447.142114  0.600650
447.162114  0.600454
447.182113  0.600454
447.202112  0.600388
447.222111  0.600584
447.242110  0.600388
447.262110  0.600454
447.282109  0.600323
447.302108  0.600715
447.322107  0.600062
447.342106  0.600127
447.362106  0.600323
447.382105  0.600258
447.402104  0.600192
447.422103  0.600062
447.442102  0.600062
447.462102  0.599931
447.482101  0.600062
447.502100  0.600192
447.522099  0.600127
447.542098  0.599996
447.562098  0.599866
447.582097  0.599866
447.602096  0.599800
447.622095  0.599996
447.642094  0.599931
447.662094  0.599800
447.682093  0.599800
447.702092  0.599866
447.722091  0.599800
447.742090  0.599670
447.762090  0.599735
447.782089  0.599539
447.802088  0.599474
447.822087  0.599866
447.842086  0.599147
447.862086  0.599735
447.882085  0.599539
447.902084  0.599604
447.922083  0.599408
447.942082  0.599539
447.962082  0.599343
447.982081  0.599343
448.002080  0.599408
448.022079  0.599278
448.042078  0.599082
448.062078  0.599147
448.082077  0.599212
448.102076  0.599212
448.122075  0.598951
448.142074  0.599082
448.162074  0.599343
448.182073  0.599016
448.202072  0.599082
448.222071  0.598951
448.242070  0.598951
448.262070  0.599016
448.282069  0.599212
448.302068  0.599082
448.322067  0.598690
448.342066  0.598820
448.362066  0.598951
448.382065  0.598755
448.402064  0.598820
448.422063  0.598690
448.442062  0.598624
448.462062  0.598690
448.482061  0.598624
448.502060  0.598494
448.522059  0.598624
448.542058  0.598624
448.562058  0.598755
448.582057  0.598624
448.602056  0.598298
448.622055  0.598494
448.642054  0.598363
448.662054  0.598298
448.682053  0.598298
448.702052  0.598624
448.722051  0.598232
448.742050  0.598494
448.762050  0.598428
448.782049  0.598363
448.802048  0.598102
448.822047  0.598102
448.842046  0.598167
448.862046  0.598232
448.882045  0.598167
448.902044  0.598167
448.922043  0.597906
448.942042  0.598102
448.962042  0.598036
448.982041  0.597840
449.002040  0.598036
449.022039  0.597840
449.042038  0.597840
449.062038  0.597710
449.082037  0.597906
449.102036  0.598102
449.122035  0.597710
449.142034  0.597840
449.162034  0.597775
449.182033  0.597710
449.202032  0.597906
449.222031  0.597710
449.242030  0.597514
449.262030  0.597775
449.282029  0.597514
449.302028  0.597514
449.322027  0.597252
449.342026  0.597448
449.362026  0.597579
449.382025  0.597514
449.402024  0.597579
449.422023  0.597514
449.442022  0.597318
449.462022  0.597187
449.482021  0.597187
449.502020  0.597252
449.522019  0.597318
449.542018  0.597252
449.562018  0.597318
449.582017  0.597318
449.602016  0.597187
449.622015  0.597056
449.642014  0.597187
449.662014  0.597056
449.682013  0.597252
449.702012  0.597187
449.722011  0.596926
449.742010  0.596860
449.762010  0.596860
449.782009  0.596795
449.802008  0.596795
449.822007  0.596730
449.842006  0.596599
449.862006  0.596860
449.882005  0.596730
449.902004  0.596795
449.922003  0.596664
449.942002  0.596534
449.962002  0.596730
449.982001  0.596860
450.002000  0.596664
450.021999  0.596599
450.041998  0.596534
450.061998  0.596403
450.081997  0.596403
450.101996  0.596599
450.121995  0.596599
450.141994  0.596403
450.161994  0.596534
450.181993  0.596207
450.201992  0.596338
450.221991  0.596076
450.241990  0.596142
450.261990  0.596403
450.281989  0.596011
450.301988  0.596272
450.321987  0.596076
450.341986  0.596403
450.361986  0.596142
450.381985  0.596207
450.401984  0.596076
450.421983  0.595946
450.441982  0.596011
450.461982  0.596076
450.481981  0.596076
450.501980  0.596076
450.521979  0.596076
450.541978  0.595946
450.561978  0.595750
450.581977  0.595946
450.601976  0.595750
450.621975  0.595815
450.641974  0.595750
450.661974  0.595750
450.681973  0.595685
450.701972  0.595619
450.721971  0.595488
450.741970  0.595488
450.761970  0.595488
450.781969  0.595358
450.801968  0.595815
450.821967  0.595423
450.841966  0.595227
450.861966  0.595554
450.881965  0.595097
450.901964  0.595619
450.921963  0.595423
450.941962  0.595293
450.961962  0.595162
450.981961  0.595293
451.001960  0.595423
451.021959  0.595097
451.041958  0.595293
451.061958  0.595162
451.081957  0.595097
451.101956  0.595162
451.121955  0.594966
451.141954  0.595031
451.161954  0.594835
451.181953  0.594835
451.201952  0.595031
451.221951  0.594705
451.241950  0.594966
451.261950  0.594901
451.281949  0.594966
451.301948  0.594835
451.321947  0.594901
451.341946  0.594770
451.361946  0.594901
451.381945  0.594639
451.401944  0.594835
451.421943  0.594770
451.441942  0.594313
451.461942  0.594509
451.481941  0.594639
451.501940  0.594574
451.521939  0.594443
451.541938  0.594509
451.561938  0.594313
451.581937  0.594378
451.601936  0.594443
451.621935  0.594378
451.641934  0.594247
451.661934  0.594117
451.681933  0.594182
451.701932  0.594247
451.721931  0.594378
451.741930  0.594247
451.761930  0.594117
451.781929  0.594182
451.801928  0.594182
451.821927  0.593986
451.841926  0.594051
451.861926  0.593855
451.881925  0.593855
451.901924  0.593986
451.921923  0.593921
451.941922  0.593855
451.961922  0.593855
451.981921  0.593855
452.001920  0.593921
452.021919  0.593529
452.041918  0.593855
452.061918  0.593594
452.081917  0.593529
452.101916  0.593594
452.121915  0.593529
452.141914  0.593855
452.161914  0.593398
452.181913  0.593855
452.201912  0.593725
452.221911  0.593594
452.241910  0.593529
452.261910  0.593398
452.281909  0.593267
452.301908  0.593398
452.321907  0.593267
452.341906  0.593267
452.361906  0.593137
452.381905  0.593267
452.401904  0.593398
452.421903  0.593006
452.441902  0.593137
452.461902  0.593137
452.481901  0.593398
452.501900  0.593071
452.521899  0.592810
452.541898  0.592875
452.561898  0.592875
452.581897  0.593006
452.601896  0.592941
452.621895  0.593006
452.641894  0.592941
452.661894  0.585166
452.681893  0.592875
452.701892  0.592810
452.721891  0.592679
452.741890  0.592549
452.761890  0.592679
452.781889  0.592810
452.801888  0.592810
452.821887  0.592549
452.841886  0.592483
452.861886  0.592549
452.881885  0.592353
452.901884  0.592353
452.921883  0.592353
452.941882  0.592549
452.961882  0.592353
452.981881  0.592483
453.001880  0.592418
453.021879  0.592222
453.041878  0.592353
453.061878  0.592353
453.081877  0.592418
453.101876  0.592222
453.121875  0.592287
453.141874  0.592222
453.161874  0.592026
453.181873  0.592157
453.201872  0.592091
453.221871  0.591961
453.241870  0.591895
453.261870  0.591699
453.281869  0.591895
453.301868  0.591830
453.321867  0.591765
453.341866  0.591895
453.361866  0.591830
453.381865  0.591634
453.401864  0.591830
453.421863  0.591895
453.441862  0.591634
453.461862  0.591634
453.481861  0.591765
453.501860  0.591765
453.521859  0.591830
453.541858  0.591830
453.561858  0.591438
453.581857  0.591569
453.601856  0.591438
453.621855  0.591438
453.641854  0.591373
453.661854  0.591373
453.681853  0.591503
453.701852  0.591503
453.721851  0.591503
453.741850  0.591569
453.761850  0.591177
453.781849  0.591373
453.801848  0.591177
453.821847  0.590915
453.841846  0.591111
453.861846  0.591177
453.881845  0.591307
453.901844  0.590981
453.921843  0.590981
453.941842  0.591046
453.961842  0.591046
453.981841  0.590915
454.001840  0.591046
454.021839  0.590785
454.041838  0.590785
454.061838  0.590915
454.081837  0.590654
454.101836  0.590785
454.121835  0.590785
454.141834  0.590981
454.161834  0.590458
454.181833  0.590654
454.201832  0.590654
454.221831  0.590393
454.241830  0.590589
454.261830  0.590654
454.281829  0.590393
454.301828  0.590393
454.321827  0.590719
454.341826  0.590393
454.361826  0.590262
454.381825  0.590458
454.401824  0.590131
454.421823  0.590393
454.441822  0.590393
454.461822  0.590131
454.481821  0.590066
454.501820  0.590066
454.521819  0.590197
454.541818  0.590131
454.561818  0.589935
454.581817  0.590066
454.601816  0.590131
454.621815  0.590066
454.641814  0.590066
454.661814  0.589739
454.681813  0.589935
454.701812  0.589805
454.721811  0.589739
454.741810  0.590001
454.761810  0.589935
454.781809  0.589870
454.801808  0.589609
454.821807  0.589739
454.841806  0.589478
454.861806  0.589739
454.881805  0.589870
454.901804  0.589478
454.921803  0.589739
454.941802  0.589478
454.961802  0.589543
454.981801  0.589413
455.001800  0.589478
455.021799  0.589413
455.041798  0.589609
455.061798  0.589151
455.081797  0.589217
455.101796  0.589151
455.121795  0.589217
455.141794  0.589282
455.161794  0.589151
455.181793  0.589347
455.201792  0.589347
455.221791  0.589282
455.241790  0.588955
455.261790  0.589021
455.281789  0.589282
455.301788  0.589086
455.321787  0.588955
455.341786  0.588955
455.361786  0.588759
455.381785  0.588890
455.401784  0.588825
455.421783  0.588825
455.441782  0.588955
455.461782  0.588694
455.481781  0.588825
455.501780  0.588498
455.521779  0.588759
455.541778  0.588564
455.561778  0.588629
455.581777  0.588564
455.601776  0.588433
455.621775  0.588498
455.641774  0.588694
455.661774  0.588237
455.681773  0.588694
455.701772  0.588367
455.721771  0.588433
455.741770  0.588106
455.761770  0.588367
455.781769  0.588367
455.801768  0.588172
455.821767  0.588237
455.841766  0.588237
455.861766  0.588564
455.881765  0.588041
455.901764  0.587845
455.921763  0.588106
455.941762  0.587976
455.961762  0.588041
455.981761  0.587976
456.001760  0.588172
456.021759  0.587976
456.041758  0.588172
456.061758  0.587649
456.081757  0.587910
456.101756  0.587910
456.121755  0.587976
456.141754  0.587649
456.161754  0.587714
456.181753  0.587780
456.201752  0.587649
456.221751  0.587714
456.241750  0.587780
456.261750  0.587388
456.281749  0.587584
456.301748  0.587453
456.321747  0.587453
456.341746  0.587649
456.361746  0.587388
456.381745  0.587453
456.401744  0.587257
456.421743  0.587649
456.441742  0.587322
456.461742  0.587257
456.481741  0.587257
456.501740  0.587257
456.521739  0.587322
456.541738  0.587192
456.561738  0.586996
456.581737  0.587453
456.601736  0.587061
456.621735  0.587257
456.641734  0.586865
456.661734  0.586865
456.681733  0.587126
456.701732  0.586996
456.721731  0.587192
456.741730  0.586800
456.761730  0.587061
456.781729  0.586538
456.801728  0.586669
456.821727  0.586734
456.841726  0.586800
456.861726  0.586604
456.881725  0.586734
456.901724  0.586800
456.921723  0.586604
456.941722  0.586408
456.961722  0.586538
456.981721  0.586669
457.001720  0.586408
457.021719  0.586538
457.041718  0.586538
457.061718  0.586408
457.081717  0.586604
457.101716  0.586212
457.121715  0.586342
457.141714  0.586342
457.161714  0.585820
457.181713  0.586212
457.201712  0.586081
457.221711  0.586016
457.241710  0.586016
457.261710  0.586081
457.281709  0.586081
457.301708  0.586081
457.321707  0.586081
457.341706  0.586081
457.361706  0.585950
457.381705  0.586081
457.401704  0.585820
457.421703  0.585950
457.441702  0.585885
457.461702  0.585689
457.481701  0.585885
457.501700  0.585754
457.521699  0.585624
457.541698  0.585558
457.561698  0.585689
457.581697  0.585754
457.601696  0.585428
457.621695  0.585493
457.641694  0.585689
457.661694  0.585754
457.681693  0.585493
457.701692  0.585428
457.721691  0.585297
457.741690  0.585362
457.761690  0.585428
457.781689  0.585232
457.801688  0.585232
457.821687  0.585232
457.841686  0.585362
457.861686  0.584970
457.881685  0.585036
457.901684  0.585297
457.921683  0.585232
457.941682  0.584840
457.961682  0.585036
457.981681  0.584970
458.001680  0.585232
458.021679  0.585036
458.041678  0.584774
458.061678  0.584840
458.081677  0.584774
458.101676  0.584709
458.121675  0.584840
458.141674  0.584513
458.161674  0.584709
458.181673  0.584578
458.201672  0.584382
458.221671  0.585036
458.241670  0.584774
458.261670  0.584644
458.281669  0.584578
458.301668  0.584513
458.321667  0.584578
458.341666  0.584186
458.361666  0.584513
458.381665  0.584644
458.401664  0.584186
458.421663  0.584252
458.441662  0.584056
458.461662  0.584513
458.481661  0.584186
458.501660  0.584252
458.521659  0.584252
458.541658  0.583925
458.561658  0.584317
458.581657  0.584121
458.601656  0.584056
458.621655  0.583990
458.641654  0.583925
458.661654  0.583990
458.681653  0.584056
458.701652  0.583990
458.721651  0.583729
458.741650  0.583860
458.761650  0.583664
458.781649  0.583860
458.801648  0.583729
458.821647  0.583860
458.841646  0.583598
458.861646  0.583729
458.881645  0.583664
458.901644  0.583337
458.921643  0.583402
458.941642  0.583337
458.961642  0.583664
458.981641  0.583533
459.001640  0.583402
459.021639  0.583402
459.041638  0.583337
459.061638  0.583206
459.081637  0.583206
459.101636  0.583272
459.121635  0.583337
459.141634  0.583010
459.161634  0.583076
459.181633  0.583076
459.201632  0.583076
459.221631  0.582945
459.241630  0.583076
459.261630  0.583076
459.281629  0.583076
459.301628  0.583141
459.321627  0.582749
459.341626  0.582684
459.361626  0.582684
459.381625  0.582945
459.401624  0.582684
459.421623  0.582880
459.441622  0.582749
459.461622  0.582684
459.481621  0.582553
459.501620  0.582422
459.521619  0.582488
459.541618  0.582684
459.561618  0.582553
459.581617  0.582618
459.601616  0.582553
459.621615  0.582553
459.641614  0.582553
459.661614  0.582357
459.681613  0.582357
459.701612  0.582357
459.721611  0.582618
459.741610  0.582422
459.761610  0.582096
459.781609  0.582030
459.801608  0.582096
459.821607  0.582096
459.841606  0.581834
459.861606  0.582357
459.881605  0.581965
459.901604  0.581834
459.921603  0.581769
459.941602  0.582161
459.961602  0.581834
459.981601  0.581900
460.001600  0.581704
460.021599  0.582030
460.041598  0.581769
460.061598  0.581573
460.081597  0.581704
460.101596  0.581573
460.121595  0.581508
460.141594  0.581900
460.161594  0.581442
460.181593  0.581834
460.201592  0.581638
460.221591  0.581638
460.241590  0.581508
460.261590  0.581442
460.281589  0.581377
460.301588  0.581050
460.321587  0.581377
460.341586  0.581181
460.361586  0.581312
460.381585  0.581377
460.401584  0.581246
460.421583  0.581377
460.441582  0.581181
460.461582  0.581050
460.481581  0.581116
460.501580  0.581116
460.521579  0.581116
460.541578  0.581050
460.561578  0.580789
460.581577  0.580854
460.601576  0.580985
460.621575  0.580985
460.641574  0.580724
460.661574  0.580658
460.681573  0.580724
460.701572  0.580658
460.721571  0.580789
460.741570  0.580724
460.761570  0.580528
460.781569  0.580463
460.801568  0.580658
460.821567  0.580658
460.841566  0.580463
460.861566  0.580528
460.881565  0.580528
460.901564  0.580332
460.921563  0.580463
460.941562  0.580266
460.961562  0.580397
460.981561  0.580463
461.001560  0.580332
461.021559  0.580201
461.041558  0.580332
461.061558  0.580201
461.081557  0.580201
461.101556  0.580070
461.121555  0.580005
461.141554  0.580136
461.161554  0.580005
461.181553  0.579875
461.201552  0.579875
461.221551  0.580136
461.241550  0.579809
461.261550  0.580136
461.281549  0.579744
461.301548  0.579809
461.321547  0.579809
461.341546  0.579744
461.361546  0.579809
461.381545  0.579744
461.401544  0.579744
461.421543  0.579744
461.441542  0.579744
461.461542  0.579352
461.481541  0.579417
461.501540  0.579417
461.521539  0.579482
461.541538  0.579482
461.561538  0.579287
461.581537  0.579221
461.601536  0.579482
461.621535  0.579091
461.641534  0.579221
461.661534  0.579417
461.681533  0.579091
461.701532  0.579221
461.721531  0.579221
461.741530  0.578960
461.761530  0.579352
461.781529  0.578829
461.801528  0.578960
461.821527  0.578960
461.841526  0.579025
461.861526  0.578829
461.881525  0.578895
461.901524  0.578829
461.921523  0.578764
461.941522  0.578829
461.961522  0.578829
461.981521  0.578764
462.001520  0.578960
462.021519  0.578699
462.041518  0.578437
462.061518  0.578307
462.081517  0.578568
462.101516  0.578372
462.121515  0.578633
462.141514  0.578372
462.161514  0.578503
462.181513  0.578241
462.201512  0.578307
462.221511  0.578503
462.241510  0.578176
462.261510  0.578111
462.281509  0.578176
462.301508  0.578241
462.321507  0.578437
462.341506  0.577980
462.361506  0.578045
462.381505  0.578241
462.401504  0.577980
462.421503  0.578111
462.441502  0.577849
462.461502  0.577719
462.481501  0.577849
462.501500  0.577915
462.521499  0.577784
462.541498  0.577588
462.561498  0.577784
462.581497  0.577523
462.601496  0.577915
462.621495  0.577653
462.641494  0.577523
462.661494  0.577588
462.681493  0.577719
462.701492  0.577653
462.721491  0.577588
462.741490  0.577392
462.761490  0.577392
462.781489  0.577392
462.801488  0.577719
462.821487  0.577523
462.841486  0.577196
462.861486  0.577261
462.881485  0.577261
462.901484  0.577261
462.921483  0.577327
462.941482  0.577000
462.961482  0.577327
462.981481  0.577261
463.001480  0.577065
463.021479  0.577131
463.041478  0.576869
463.061478  0.577196
463.081477  0.576935
463.101476  0.576935
463.121475  0.576739
463.141474  0.577000
463.161474  0.577000
463.181473  0.576869
463.201472  0.576804
463.221471  0.576739
463.241470  0.576608
463.261470  0.576608
463.281469  0.576347
463.301468  0.576543
463.321467  0.576543
463.341466  0.576281
463.361466  0.576673
463.381465  0.576608
463.401464  0.576608
463.421463  0.576347
463.441462  0.576412
463.461462  0.576151
463.481461  0.576281
463.501460  0.576412
463.521459  0.576216
463.541458  0.576216
463.561458  0.576085
463.581457  0.576281
463.601456  0.575955
463.621455  0.576281
463.641454  0.576020
463.661454  0.575824
463.681453  0.576085
463.701452  0.575955
463.721451  0.575759
463.741450  0.575955
463.761450  0.575759
463.781449  0.575824
463.801448  0.575628
463.821447  0.576020
463.841446  0.575563
463.861446  0.575628
463.881445  0.575628
463.901444  0.575693
463.921443  0.575628
463.941442  0.575563
463.961442  0.575563
463.981441  0.575563
464.001440  0.575628
464.021439  0.575367
464.041438  0.575367
464.061438  0.575236
464.081437  0.575301
464.101436  0.575236
464.121435  0.575171
464.141434  0.575171
464.161434  0.575171
464.181433  0.575171
464.201432  0.574975
464.221431  0.575301
464.241430  0.574909
464.261430  0.575040
464.281429  0.575040
464.301428  0.575040
464.321427  0.574909
464.341426  0.574844
464.361426  0.574909
464.381425  0.574844
464.401424  0.574779
464.421423  0.574713
464.441422  0.574648
464.461422  0.574844
464.481421  0.574583
464.501420  0.574648
464.521419  0.574648
464.541418  0.574387
464.561418  0.574517
464.581417  0.574256
464.601416  0.574583
464.621415  0.574387
464.641414  0.574387
464.661414  0.574452
464.681413  0.574191
464.701412  0.574256
464.721411  0.574256
464.741410  0.574256
464.761410  0.574387
464.781409  0.574191
464.801408  0.574191
464.821407  0.574191
464.841406  0.574060
464.861406  0.574060
464.881405  0.573995
464.901404  0.573929
464.921403  0.573995
464.941402  0.574060
464.961402  0.573799
464.981401  0.573929
465.001400  0.573864
465.021399  0.573733
465.041398  0.573733
465.061398  0.573799
465.081397  0.573603
465.101396  0.573537
465.121395  0.573537
465.141394  0.573276
465.161394  0.573537
465.181393  0.573603
465.201392  0.573668
465.221391  0.573407
465.241390  0.573537
465.261390  0.573341
465.281389  0.573341
465.301388  0.573407
465.321387  0.573341
465.341386  0.573211
465.361386  0.573407
465.381385  0.573276
465.401384  0.573145
465.421383  0.573145
465.441382  0.573080
465.461382  0.573145
465.481381  0.573080
465.501380  0.572949
465.521379  0.572949
465.541378  0.572949
465.561378  0.572753
465.581377  0.572688
465.601376  0.572949
465.621375  0.572753
465.641374  0.572688
465.661374  0.572688
465.681373  0.572688
465.701372  0.572753
465.721371  0.572427
465.741370  0.572623
465.761370  0.572558
465.781369  0.572558
465.801368  0.572623
465.821367  0.572427
465.841366  0.572688
465.861366  0.572361
465.881365  0.572296
465.901364  0.572231
465.921363  0.572427
465.941362  0.572296
465.961362  0.572035
465.981361  0.572035
466.001360  0.572231
466.021359  0.572100
466.041358  0.572166
466.061358  0.571774
466.081357  0.571904
466.101356  0.572231
466.121355  0.571839
466.141354  0.571904
466.161354  0.571904
466.181353  0.571904
466.201352  0.571904
466.221351  0.571904
466.241350  0.571774
466.261350  0.571839
466.281349  0.571512
466.301348  0.571578
466.321347  0.571512
466.341346  0.571643
466.361346  0.571578
466.381345  0.571316
466.401344  0.571447
466.421343  0.571447
466.441342  0.571708
466.461342  0.571382
466.481341  0.571447
466.501340  0.571316
466.521339  0.571316
466.541338  0.571251
466.561338  0.571251
466.581337  0.571251
466.601336  0.571316
466.621335  0.571251
466.641334  0.570924
466.661334  0.571120
466.681333  0.571120
466.701332  0.571251
466.721331  0.571055
466.741330  0.570859
466.761330  0.571055
466.781329  0.570859
466.801328  0.570663
466.821327  0.570728
466.841326  0.570924
466.861326  0.570794
466.881325  0.570663
466.901324  0.570598
466.921323  0.570402
466.941322  0.570663
466.961322  0.570402
466.981321  0.570467
467.001320  0.570336
467.021319  0.570532
467.041318  0.570467
467.061318  0.570467
467.081317  0.570336
467.101316  0.570336
467.121315  0.570206
467.141314  0.570140
467.161314  0.570467
467.181313  0.570206
467.201312  0.569944
467.221311  0.569879
467.241310  0.570140
467.261310  0.570010
467.281309  0.569879
467.301308  0.569748
467.321307  0.569683
467.341306  0.570075
467.361306  0.569879
467.381305  0.569814
467.401304  0.569683
467.421303  0.569748
467.441302  0.570075
467.461302  0.569814
467.481301  0.569748
467.501300  0.569552
467.521299  0.569552
467.541298  0.569552
467.561298  0.569487
467.581297  0.569422
467.601296  0.569552
467.621295  0.569291
467.641294  0.569422
467.661294  0.569422
467.681293  0.569291
467.701292  0.569160
467.721291  0.569160
467.741290  0.569291
467.761290  0.568964
467.781289  0.569160
467.801288  0.569356
467.821287  0.569095
467.841286  0.569356
467.861286  0.569095
467.881285  0.569095
467.901284  0.568834
467.921283  0.568768
467.941282  0.568964
467.961282  0.568834
467.981281  0.568703
468.001280  0.569030
468.021279  0.568834
468.041278  0.568638
468.061278  0.568768
468.081277  0.568638
468.101276  0.568703
468.121275  0.568507
468.141274  0.568572
468.161274  0.568507
468.181273  0.568246
468.201272  0.568246
468.221271  0.568442
468.241270  0.568638
468.261270  0.568311
468.281269  0.568507
468.301268  0.568311
468.321267  0.568311
468.341266  0.568376
468.361266  0.568050
468.381265  0.568115
468.401264  0.568376
468.421263  0.568311
468.441262  0.568050
468.461262  0.567919
468.481261  0.567854
468.501260  0.567788
468.521259  0.567919
468.541258  0.568050
468.561258  0.567723
468.581257  0.567984
468.601256  0.567788
468.621255  0.567527
468.641254  0.567984
468.661254  0.567854
468.681253  0.567658
468.701252  0.567462
468.721251  0.567723
468.741250  0.567723
468.761250  0.567658
468.781249  0.567462
468.801248  0.567462
468.821247  0.567200
468.841246  0.567396
468.861246  0.567527
468.881245  0.567135
468.901244  0.567266
468.921243  0.567266
468.941242  0.567200
468.961242  0.567070
468.981241  0.567266
469.001240  0.567266
469.021239  0.567004
469.041238  0.567200
469.061238  0.567004
469.081237  0.566808
469.101236  0.566874
469.121235  0.566808
469.141234  0.566874
469.161234  0.566678
469.181233  0.566808
469.201232  0.566808
469.221231  0.566678
469.241230  0.566678
469.261230  0.566547
469.281229  0.566547
469.301228  0.566547
469.321227  0.566547
469.341226  0.566547
469.361226  0.566155
469.381225  0.566547
469.401224  0.566612
469.421223  0.566351
469.441222  0.566286
469.461222  0.566351
469.481221  0.566547
469.501220  0.566155
469.521219  0.566090
469.541218  0.565894
469.561218  0.566155
469.581217  0.565959
469.601216  0.566090
469.621215  0.566155
469.641214  0.566416
469.661214  0.566090
469.681213  0.565959
469.701212  0.565763
469.721211  0.565698
469.741210  0.565828
469.761210  0.565698
469.781209  0.565567
469.801208  0.565763
469.821207  0.565698
469.841206  0.565567
469.861206  0.565567
469.881205  0.565371
469.901204  0.565436
469.921203  0.565436
469.941202  0.565698
469.961202  0.565567
469.981201  0.565436
470.001200  0.565502
470.021199  0.565175
470.041198  0.565371
470.061198  0.565240
470.081197  0.565240
470.101196  0.565110
470.121195  0.565175
470.141194  0.565306
470.161194  0.565175
470.181193  0.564914
470.201192  0.564783
470.221191  0.565044
470.241190  0.565175
470.261190  0.564653
470.281189  0.564979
470.301188  0.564914
470.321187  0.564848
470.341186  0.564914
470.361186  0.564653
470.381185  0.564848
470.401184  0.564522
470.421183  0.564783
470.441182  0.564653
470.461182  0.564653
470.481181  0.564587
470.501180  0.564326
470.521179  0.564391
470.541178  0.564587
470.561178  0.564587
470.581177  0.564326
470.601176  0.564326
470.621175  0.564457
470.641174  0.564326
470.661174  0.564065
470.681173  0.564260
470.701172  0.564326
470.721171  0.564326
470.741170  0.564195
470.761170  0.563999
470.781169  0.564130
470.801168  0.563999
470.821167  0.563934
470.841166  0.563803
470.861166  0.563934
470.881165  0.563803
470.901164  0.563738
470.921163  0.563803
470.941162  0.563542
470.961162  0.563738
470.981161  0.563738
471.001160  0.563607
471.021159  0.563607
471.041158  0.563803
471.061158  0.563607
471.081157  0.563477
471.101156  0.563411
471.121155  0.563607
471.141154  0.563411
471.161154  0.563281
471.181153  0.563346
471.201152  0.563281
471.221151  0.563215
471.241150  0.563411
471.261150  0.563150
471.281149  0.563215
471.301148  0.563085
471.321147  0.563150
471.341146  0.563019
471.361146  0.563019
471.381145  0.563019
471.401144  0.562823
471.421143  0.562758
471.441142  0.563019
471.461142  0.562954
471.481141  0.562627
471.501140  0.562693
471.521139  0.562627
471.541138  0.562693
471.561138  0.562562
471.581137  0.562431
471.601136  0.562627
471.621135  0.562693
471.641134  0.562889
471.661134  0.562431
471.681133  0.562562
471.701132  0.562431
471.721131  0.562497
471.741130  0.562366
471.761130  0.562431
471.781129  0.562627
471.801128  0.562301
471.821127  0.562431
471.841126  0.562235
471.861126  0.562170
471.881125  0.562170
471.901124  0.561909
471.921123  0.562105
471.941122  0.561843
471.961122  0.561974
471.981121  0.562039
472.001120  0.562039
472.021119  0.561974
472.041118  0.561713
472.061118  0.561647
472.081117  0.562105
472.101116  0.561713
472.121115  0.561843
472.141114  0.561778
472.161114  0.561582
472.181113  0.561582
472.201112  0.561321
472.221111  0.561386
472.241110  0.561451
472.261110  0.561386
472.281109  0.561451
472.301108  0.561386
472.321107  0.561125
472.341106  0.561059
472.361106  0.561386
472.381105  0.561321
472.401104  0.560929
472.421103  0.561059
472.441102  0.561125
472.461102  0.561190
472.481101  0.560863
472.501100  0.560994
472.521099  0.561190
472.541098  0.561190
472.561098  0.560863
472.581097  0.561059
472.601096  0.560602
472.621095  0.560733
472.641094  0.560733
472.661094  0.560733
472.681093  0.560733
472.701092  0.560602
472.721091  0.560667
472.741090  0.560602
472.761090  0.560537
472.781089  0.560733
472.801088  0.560145
472.821087  0.560471
472.841086  0.560471
472.861086  0.560667
472.881085  0.560406
472.901084  0.560275
472.921083  0.560341
472.941082  0.560145
472.961082  0.560210
472.981081  0.560210
473.001080  0.560145
473.021079  0.560145
473.041078  0.560014
473.061078  0.559949
473.081077  0.559949
473.101076  0.559753
473.121075  0.560014
473.141074  0.559687
473.161074  0.559557
473.181073  0.559949
473.201072  0.559687
473.221071  0.559753
473.241070  0.559426
473.261070  0.559491
473.281069  0.559491
473.301068  0.559622
473.321067  0.559687
473.341066  0.559426
473.361066  0.559361
473.381065  0.559361
473.401064  0.559230
473.421063  0.559361
473.441062  0.559491
473.461062  0.559165
473.481061  0.559230
473.501060  0.559099
473.521059  0.559426
473.541058  0.559099
473.561058  0.559099
473.581057  0.559034
473.601056  0.559165
473.621055  0.559034
473.641054  0.559034
473.661054  0.559034
473.681053  0.559034
473.701052  0.558773
473.721051  0.558773
473.741050  0.558969
473.761050  0.558838
473.781049  0.558773
473.801048  0.558446
473.821047  0.558707
473.841046  0.558773
473.861046  0.558707
473.881045  0.558642
473.901044  0.558511
473.921043  0.558577
473.941042  0.558511
473.961042  0.558446
473.981041  0.558511
474.001040  0.558315
474.021039  0.558381
474.041038  0.558381
474.061038  0.558185
474.081037  0.558185
474.101036  0.558119
474.121035  0.557989
474.141034  0.558119
474.161034  0.558185
474.181033  0.557923
474.201032  0.557923
474.221031  0.557793
474.241030  0.557923
474.261030  0.557793
474.281029  0.557793
474.301028  0.557923
474.321027  0.557989
474.341026  0.557923
474.361026  0.557597
474.381025  0.557466
474.401024  0.557727
474.421023  0.557597
474.441022  0.557401
474.461022  0.557401
474.481021  0.557531
474.501020  0.557335
474.521019  0.557466
474.541018  0.557139
474.561018  0.557335
474.581017  0.557139
474.601016  0.557139
474.621015  0.557270
474.641014  0.557139
474.661014  0.557139
474.681013  0.557205
474.701012  0.557074
474.721011  0.557009
474.741010  0.557139
474.761010  0.557139
474.781009  0.556943
474.801008  0.557009
474.821007  0.556878
474.841006  0.556682
474.861006  0.556747
474.881005  0.556813
474.901004  0.556813
474.921003  0.556617
474.941002  0.556682
474.961002  0.556747
474.981001  0.556617
475.001000  0.556617
475.020999  0.556486
475.040998  0.556355
475.060998  0.556160
475.080997  0.556355
475.100996  0.556160
475.120995  0.556486
475.140994  0.556225
475.160994  0.556355
475.180993  0.556225
475.200992  0.556029
475.220991  0.556029
475.240990  0.556094
475.260990  0.555964
475.280989  0.555898
475.300988  0.556094
475.320987  0.555898
475.340986  0.556029
475.360986  0.555898
475.380985  0.555768
475.400984  0.555768
475.420983  0.555702
475.440982  0.555572
475.460982  0.555768
475.480981  0.555637
475.500980  0.555572
475.520979  0.555572
475.540978  0.555637
475.560978  0.555637
475.580977  0.555506
475.600976  0.555180
475.620975  0.555572
475.640974  0.555441
475.660974  0.555114
475.680973  0.555245
475.700972  0.555310
475.720971  0.555376
475.740970  0.554984
475.760970  0.555114
475.780969  0.555180
475.800968  0.555049
475.820967  0.555180
475.840966  0.554853
475.860966  0.554788
475.880965  0.554918
475.900964  0.554918
475.920963  0.554984
475.940962  0.554592
475.960962  0.554722
475.980961  0.554722
476.000960  0.554722
476.020959  0.554722
476.040958  0.554526
476.060958  0.554722
476.080957  0.554788
476.100956  0.554526
476.120955  0.554592
476.140954  0.554265
476.160954  0.554396
476.180953  0.554200
476.200952  0.554722
476.220951  0.554330
476.240950  0.554396
476.260950  0.554134
476.280949  0.554134
476.300948  0.554134
476.320947  0.554004
476.340946  0.553873
476.360946  0.554004
476.380945  0.554004
476.400944  0.554069
476.420943  0.553938
476.440942  0.553873
476.460942  0.553873
476.480941  0.553873
476.500940  0.553742
476.520939  0.553808
476.540938  0.553742
476.560938  0.554004
476.580937  0.553612
476.600936  0.553612
476.620935  0.553938
476.640934  0.553546
476.660934  0.553481
476.680933  0.553285
476.700932  0.553742
476.720931  0.553416
476.740930  0.553154
476.760930  0.553220
476.780929  0.553350
476.800928  0.553350
476.820927  0.553481
476.840926  0.553220
476.860926  0.553024
476.880925  0.553154
476.900924  0.553024
476.920923  0.552828
476.940922  0.552828
476.960922  0.553154
476.980921  0.552828
477.000920  0.552958
477.020919  0.553154
477.040918  0.552762
477.060918  0.552632
477.080917  0.552697
477.100916  0.552566
477.120915  0.552632
477.140914  0.552697
477.160914  0.552566
477.180913  0.552305
477.200912  0.552436
477.220911  0.552697
477.240910  0.552370
477.260910  0.552370
477.280909  0.552305
477.300908  0.552240
477.320907  0.552501
477.340906  0.552174
477.360906  0.552305
477.380905  0.552109
477.400904  0.552240
477.420903  0.552240
477.440902  0.551978
477.460902  0.552044
477.480901  0.552044
477.500900  0.551978
477.520899  0.551978
477.540898  0.551717
477.560898  0.551848
477.580897  0.551521
477.600896  0.551782
477.620895  0.551717
477.640894  0.551390
477.660894  0.551652
477.680893  0.551586
477.700892  0.551586
477.720891  0.551390
477.740890  0.551456
477.760890  0.551782
477.780889  0.551390
477.800888  0.551390
477.820887  0.551260
477.840886  0.551325
477.860886  0.551194
477.880885  0.551260
477.900884  0.551194
477.920883  0.550802
477.940882  0.551129
477.960882  0.551260
477.980881  0.550802
478.000880  0.550998
478.020879  0.551194
478.040878  0.550933
478.060878  0.550933
478.080877  0.551064
478.100876  0.550868
478.120875  0.550868
478.140874  0.550802
478.160874  0.550476
478.180873  0.550541
478.200872  0.550802
478.220871  0.550541
478.240870  0.550410
478.260870  0.550868
478.280869  0.550672
478.300868  0.550606
478.320867  0.550410
478.340866  0.550280
478.360866  0.550541
478.380865  0.550214
478.400864  0.550214
478.420863  0.550280
478.440862  0.550018
478.460862  0.550214
478.480861  0.550084
478.500860  0.550084
478.520859  0.549888
478.540858  0.549888
478.560858  0.550214
478.580857  0.549822
478.600856  0.550018
478.620855  0.549692
478.640854  0.549757
478.660854  0.549953
478.680853  0.549757
478.700852  0.549757
478.720851  0.549626
478.740850  0.549561
478.760850  0.549626
478.780849  0.549561
478.800848  0.549561
478.820847  0.549496
478.840846  0.549496
478.860846  0.549496
478.880845  0.549234
478.900844  0.549300
478.920843  0.549234
478.940842  0.549365
478.960842  0.549365
478.980841  0.549038
479.000840  0.549104
479.020839  0.548908
479.040838  0.549104
479.060838  0.549169
479.080837  0.548973
479.100836  0.549104
479.120835  0.548647
479.140834  0.548908
479.160834  0.548908
479.180833  0.548712
479.200832  0.548777
479.220831  0.548451
479.240830  0.548712
479.260830  0.548777
479.280829  0.548581
479.300828  0.548581
479.320827  0.548777
479.340826  0.548581
479.360826  0.548385
479.380825  0.548320
479.400824  0.548451
479.420823  0.548451
479.440822  0.548581
479.460822  0.548189
479.480821  0.548385
479.500820  0.548320
479.520819  0.548320
479.540818  0.548059
479.560818  0.547993
479.580817  0.547732
479.600816  0.547993
479.620815  0.548124
479.640814  0.547993
479.660814  0.547993
479.680813  0.547863
479.700812  0.547863
479.720811  0.547601
479.740810  0.547732
479.760810  0.547601
479.780809  0.547667
479.800808  0.547601
479.820807  0.547732
479.840806  0.547471
479.860806  0.547667
479.880805  0.547601
479.900804  0.547340
479.920803  0.547340
479.940802  0.547471
479.960802  0.547405
479.980801  0.547471
480.000800  0.547405
480.020799  0.547013
480.040798  0.547144
480.060798  0.547209
480.080797  0.547340
480.100796  0.547079
480.120795  0.546817
480.140794  0.546948
480.160794  0.547275
480.180793  0.546948
480.200792  0.546752
480.220791  0.546817
480.240790  0.546752
480.260790  0.546883
480.280789  0.546948
480.300788  0.546556
480.320787  0.546752
480.340786  0.546883
480.360786  0.546556
480.380785  0.546491
480.400784  0.546556
480.420783  0.546295
480.440782  0.546295
480.460782  0.546621
480.480781  0.546491
480.500780  0.546491
480.520779  0.546491
480.540778  0.546229
480.560778  0.546229
480.580777  0.545968
480.600776  0.546099
480.620775  0.545968
480.640774  0.546033
480.660774  0.546099
480.680773  0.545772
480.700772  0.545903
480.720771  0.545903
480.740770  0.545837
480.760770  0.545903
480.780769  0.545707
480.800768  0.545707
480.820767  0.545576
480.840766  0.545641
480.860766  0.545576
480.880765  0.545511
480.900764  0.545576
480.920763  0.545641
480.940762  0.545576
480.960762  0.545445
480.980761  0.545511
481.000760  0.545380
481.020759  0.545184
481.040758  0.545119
481.060758  0.545315
481.080757  0.545380
481.100756  0.545249
481.120755  0.544988
481.140754  0.544988
481.160754  0.545119
481.180753  0.545053
481.200752  0.544857
481.220751  0.544988
481.240750  0.544988
481.260750  0.544988
481.280749  0.545053
481.300748  0.544857
481.320747  0.544596
481.340746  0.544857
481.360746  0.544727
481.380745  0.544727
481.400744  0.544531
481.420743  0.544400
481.440742  0.544531
481.460742  0.544531
481.480741  0.544335
481.500740  0.544269
481.520739  0.544335
481.540738  0.544596
481.560738  0.544335
481.580737  0.544204
481.600736  0.544073
481.620735  0.543943
481.640734  0.544204
481.660734  0.544335
481.680733  0.544073
481.700732  0.543812
481.720731  0.544073
481.740730  0.544269
481.760730  0.543877
481.780729  0.543877
481.800728  0.544008
481.820727  0.544008
481.840726  0.544008
481.860726  0.543681
481.880725  0.543681
481.900724  0.543747
481.920723  0.543616
481.940722  0.543681
481.960722  0.543616
481.980721  0.543420
482.000720  0.543289
482.020719  0.543355
482.040718  0.543289
482.060718  0.543420
482.080717  0.543289
482.100716  0.543224
482.120715  0.543159
482.140714  0.543289
482.160714  0.543028
482.180713  0.543224
482.200712  0.542963
482.220711  0.542832
482.240710  0.543028
482.260710  0.542832
482.280709  0.542963
482.300708  0.542963
482.320707  0.543028
482.340706  0.542767
482.360706  0.542767
482.380705  0.542701
482.400704  0.542636
482.420703  0.542571
482.440702  0.542636
482.460702  0.542701
482.480701  0.542701
482.500700  0.542440
482.520699  0.542505
482.540698  0.542897
482.560698  0.542440
482.580697  0.542309
482.600696  0.542113
482.620695  0.542244
482.640694  0.542179
482.660694  0.542375
482.680693  0.542375
482.700692  0.542179
482.720691  0.542113
482.740690  0.542113
482.760690  0.542048
482.780689  0.542113
482.800688  0.541787
482.820687  0.541852
482.840686  0.542179
482.860686  0.541917
482.880685  0.541656
482.900684  0.541395
482.920683  0.541656
482.940682  0.541852
482.960682  0.541525
482.980681  0.541591
483.000680  0.541460
483.020679  0.541199
483.040678  0.541787
483.060678  0.541525
483.080677  0.541395
483.100676  0.541330
483.120675  0.541330
483.140674  0.541395
483.160674  0.541199
483.180673  0.541199
483.200672  0.541199
483.220671  0.541199
483.240670  0.541264
483.260670  0.540676
483.280669  0.541068
483.300668  0.540872
483.320667  0.540807
483.340666  0.540937
483.360666  0.540807
483.380665  0.540676
483.400664  0.540807
483.420663  0.540611
483.440662  0.540742
483.460662  0.540872
483.480661  0.540415
483.500660  0.540676
483.520659  0.540676
483.540658  0.540611
483.560658  0.540480
483.580657  0.540415
483.600656  0.540480
483.620655  0.540219
483.640654  0.540415
483.660654  0.540219
483.680653  0.540349
483.700652  0.540219
483.720651  0.539892
483.740650  0.540154
483.760650  0.540154
483.780649  0.540154
483.800648  0.540023
483.820647  0.539827
483.840646  0.539958
483.860646  0.540088
483.880645  0.539892
483.900644  0.539827
483.920643  0.539827
483.940642  0.539892
483.960642  0.539696
483.980641  0.539631
484.000640  0.539304
484.020639  0.539435
484.040638  0.539762
484.060638  0.539304
484.080637  0.539566
484.100636  0.539370
484.120635  0.539304
484.140634  0.539370
484.160634  0.539174
484.180633  0.539108
484.200632  0.538978
484.220631  0.539239
484.240630  0.539370
484.260630  0.539043
484.280629  0.538978
484.300628  0.539174
484.320627  0.539108
484.340626  0.539108
484.360626  0.539108
484.380625  0.538782
484.400624  0.538716
484.420623  0.539043
484.440622  0.538847
484.460622  0.538716
484.480621  0.538716
484.500620  0.538651
484.520619  0.538651
484.540618  0.538847
484.560618  0.538390
484.580617  0.538520
484.600616  0.538520
484.620615  0.538259
484.640614  0.538455
484.660614  0.538194
484.680613  0.538259
484.700612  0.538390
484.720611  0.538259
484.740610  0.538194
484.760610  0.537932
484.780609  0.538259
484.800608  0.538063
484.820607  0.537867
484.840606  0.538194
484.860606  0.537998
484.880605  0.537932
484.900604  0.537736
484.920603  0.537867
484.940602  0.537802
484.960602  0.537736
484.980601  0.537736
485.000600  0.537736
485.020599  0.537606
485.040598  0.537540
485.060598  0.537410
485.080597  0.537475
485.100596  0.537540
485.120595  0.537540
485.140594  0.537606
485.160594  0.537410
485.180593  0.537540
485.200592  0.537344
485.220591  0.537214
485.240590  0.537344
485.260590  0.537148
485.280589  0.537018
485.300588  0.536887
485.320587  0.536952
485.340586  0.537083
485.360586  0.537018
485.380585  0.536952
485.400584  0.536887
485.420583  0.536691
485.440582  0.536822
485.460582  0.536626
485.480581  0.536626
485.500580  0.536822
485.520579  0.536626
485.540578  0.536691
485.560578  0.536560
485.580577  0.536626
485.600576  0.536430
485.620575  0.536299
485.640574  0.536560
485.660574  0.536299
485.680573  0.536364
485.700572  0.536364
485.720571  0.536299
485.740570  0.536299
485.760570  0.536103
485.780569  0.536168
485.800568  0.535842
485.820567  0.536168
485.840566  0.536038
485.860566  0.535907
485.880565  0.536103
485.900564  0.535776
485.920563  0.536038
485.940562  0.535842
485.960562  0.535646
485.980561  0.535711
486.000560  0.535646
486.020559  0.535515
486.040558  0.535515
486.060558  0.535450
486.080557  0.535515
486.100556  0.535580
486.120555  0.535515
486.140554  0.535188
486.160554  0.535254
486.180553  0.535384
486.200552  0.535384
486.220551  0.535254
486.240550  0.535450
486.260550  0.535123
486.280549  0.535319
486.300548  0.535254
486.320547  0.535123
486.340546  0.534992
486.360546  0.534927
486.380545  0.534796
486.400544  0.535123
486.420543  0.534862
486.440542  0.534992
486.460542  0.534731
486.480541  0.534927
486.500540  0.534731
486.520539  0.534731
486.540538  0.534862
486.560538  0.534600
486.580537  0.534666
486.600536  0.534535
486.620535  0.534470
486.640534  0.534666
486.660534  0.534208
486.680533  0.534535
486.700532  0.534274
486.720531  0.534339
486.740530  0.534274
486.760530  0.534078
486.780529  0.534274
486.800528  0.533947
486.820527  0.534404
486.840526  0.534012
486.860526  0.534012
486.880525  0.533882
486.900524  0.533947
486.920523  0.533947
486.940522  0.533686
486.960522  0.533751
486.980521  0.533751
487.000520  0.533882
487.020519  0.533620
487.040518  0.533490
487.060518  0.533490
487.080517  0.533490
487.100516  0.533424
487.120515  0.533555
487.140514  0.533359
487.160514  0.533098
487.180513  0.533424
487.200512  0.533424
487.220511  0.533228
487.240510  0.533163
487.260510  0.533228
487.280509  0.533294
487.300508  0.533098
487.320507  0.533098
487.340506  0.533228
487.360506  0.533098
487.380505  0.532836
487.400504  0.532836
487.420503  0.532771
487.440502  0.532771
487.460502  0.532836
487.480501  0.532967
487.500500  0.532771
487.520499  0.532641
487.540498  0.532771
487.560498  0.532641
487.580497  0.532836
487.600496  0.532053
487.620495  0.532444
487.640494  0.532379
487.660494  0.532379
487.680493  0.532575
487.700492  0.532183
487.720491  0.532314
487.740490  0.532314
487.760490  0.532183
487.780489  0.532314
487.800488  0.532314
487.820487  0.531987
487.840486  0.532053
487.860486  0.531987
487.880485  0.531922
487.900484  0.532183
487.920483  0.531922
487.940482  0.531922
487.960482  0.531791
487.980481  0.531726
488.000480  0.531726
488.020479  0.531856
488.040478  0.531595
488.060478  0.531530
488.080477  0.531530
488.100476  0.531530
488.120475  0.531661
488.140474  0.531856
488.160474  0.531334
488.180473  0.531269
488.200472  0.531399
488.220471  0.531269
488.240470  0.531138
488.260470  0.531138
488.280469  0.531334
488.300468  0.531073
488.320467  0.531073
488.340466  0.531138
488.360466  0.531007
488.380465  0.530942
488.400464  0.531007
488.420463  0.530942
488.440462  0.530877
488.460462  0.530942
488.480461  0.530811
488.500460  0.530681
488.520459  0.530681
488.540458  0.530681
488.560458  0.530550
488.580457  0.530681
488.600456  0.530746
488.620455  0.530615
488.640454  0.530354
488.660454  0.530289
488.680453  0.530681
488.700452  0.530354
488.720451  0.530289
488.740450  0.530223
488.760450  0.530419
488.780449  0.530289
488.800448  0.530027
488.820447  0.530027
488.840446  0.530027
488.860446  0.530093
488.880445  0.530027
488.900444  0.529831
488.920443  0.529831
488.940442  0.529897
488.960442  0.529701
488.980441  0.529766
489.000440  0.529701
489.020439  0.529831
489.040438  0.530027
489.060438  0.529635
489.080437  0.529897
489.100436  0.529635
489.120435  0.529766
489.140434  0.529439
489.160434  0.529439
489.180433  0.529439
489.200432  0.529243
489.220431  0.529505
489.240430  0.529243
489.260430  0.529113
489.280429  0.529113
489.300428  0.529113
489.320427  0.529178
489.340426  0.529047
489.360426  0.529047
489.380425  0.529047
489.400424  0.528721
489.420423  0.529113
489.440422  0.528786
489.460422  0.528721
489.480421  0.528851
489.500420  0.528721
489.520419  0.528917
489.540418  0.528786
489.560418  0.528590
489.580417  0.528655
489.600416  0.528525
489.620415  0.528851
489.640414  0.528590
489.660414  0.528198
489.680413  0.528525
489.700412  0.528525
489.720411  0.528263
489.740410  0.528394
489.760410  0.528002
489.780409  0.528263
489.800408  0.528067
489.820407  0.528133
489.840406  0.528133
489.860406  0.528002
489.880405  0.528067
489.900404  0.527937
489.920403  0.527871
489.940402  0.528133
489.960402  0.527871
489.980401  0.527806
490.000400  0.527741
490.020399  0.528067
490.040398  0.527741
490.060398  0.527610
490.080397  0.527545
490.100396  0.527479
490.120395  0.527610
490.140394  0.527545
490.160394  0.527479
490.180393  0.527414
490.200392  0.527479
490.220391  0.527283
490.240390  0.527218
490.260390  0.527349
490.280389  0.527153
490.300388  0.527087
490.320387  0.527153
490.340386  0.527087
490.360386  0.526957
490.380385  0.526826
490.400384  0.527218
490.420383  0.526891
490.440382  0.526957
490.460382  0.526761
490.480381  0.526826
490.500380  0.526826
490.520379  0.526761
490.540378  0.526826
490.560378  0.526565
490.580377  0.526695
490.600376  0.526695
490.620375  0.526761
490.640374  0.526238
490.660374  0.526303
490.680373  0.526761
490.700372  0.526303
490.720371  0.526238
490.740370  0.526173
490.760370  0.526434
490.780369  0.526173
490.800368  0.526173
490.820367  0.526238
490.840366  0.525977
490.860366  0.525977
490.880365  0.526107
490.900364  0.525911
490.920363  0.526107
490.940362  0.525781
490.960362  0.525977
490.980361  0.525650
491.000360  0.525715
491.020359  0.526042
491.040358  0.525650
491.060358  0.525650
491.080357  0.525519
491.100356  0.525585
491.120355  0.525585
491.140354  0.525454
491.160354  0.525454
491.180353  0.525389
491.200352  0.525454
491.220351  0.525454
491.240350  0.525258
491.260350  0.525258
491.280349  0.525258
491.300348  0.525062
491.320347  0.525193
491.340346  0.525062
491.360346  0.525193
491.380345  0.524866
491.400344  0.524997
491.420343  0.525193
491.440342  0.524997
491.460342  0.524801
491.480341  0.524931
491.500340  0.524670
491.520339  0.524801
491.540338  0.524735
491.560338  0.524670
491.580337  0.524735
491.600336  0.524540
491.620335  0.524735
491.640334  0.524670
491.660334  0.524409
491.680333  0.524278
491.700332  0.524474
491.720331  0.524540
491.740330  0.524278
491.760330  0.524540
491.780329  0.524148
491.800328  0.524409
491.820327  0.524278
491.840326  0.524213
491.860326  0.523952
491.880325  0.523952
491.900324  0.524017
491.920323  0.524017
491.940322  0.523756
491.960322  0.523821
491.980321  0.523886
492.000320  0.523821
492.020319  0.523821
492.040318  0.523821
492.060318  0.523625
492.080317  0.523625
492.100316  0.523821
492.120315  0.523494
492.140314  0.523625
492.160314  0.523625
492.180313  0.523494
492.200312  0.523364
492.220311  0.523364
492.240310  0.523364
492.260310  0.523298
492.280309  0.523102
492.300308  0.523233
492.320307  0.523168
492.340306  0.523233
492.360306  0.523233
492.380305  0.522841
492.400304  0.523102
492.420303  0.523037
492.440302  0.522841
492.460302  0.522906
492.480301  0.522841
492.500300  0.522710
492.520299  0.522580
492.540298  0.522645
492.560298  0.522906
492.580297  0.522514
492.600296  0.522776
492.620295  0.522580
492.640294  0.522514
492.660294  0.522645
492.680293  0.522580
492.700292  0.522188
492.720291  0.522253
492.740290  0.522318
492.760290  0.522318
492.780289  0.522188
492.800288  0.522449
492.820287  0.522318
492.840286  0.521861
492.860286  0.522122
492.880285  0.522057
492.900284  0.522384
492.920283  0.521861
492.940282  0.521992
492.960282  0.521992
492.980281  0.521796
493.000280  0.522057
493.020279  0.521926
493.040278  0.521926
493.060278  0.521926
493.080277  0.521861
493.100276  0.522057
493.120275  0.521534
493.140274  0.521600
493.160274  0.521534
493.180273  0.521469
493.200272  0.521469
493.220271  0.521469
493.240270  0.521404
493.260270  0.521208
493.280269  0.521534
493.300268  0.521273
493.320267  0.520816
493.340266  0.521012
493.360266  0.521404
493.380265  0.521208
493.400264  0.520816
493.420263  0.521012
493.440262  0.520946
493.460262  0.521142
493.480261  0.521142
493.500260  0.520620
493.520259  0.520750
493.540258  0.520750
493.560258  0.520816
493.580257  0.520685
493.600256  0.520881
493.620255  0.520685
493.640254  0.520750
493.660254  0.520685
493.680253  0.520489
493.700252  0.520358
493.720251  0.520424
493.740250  0.520358
493.760250  0.520554
493.780249  0.520358
493.800248  0.520424
493.820247  0.520358
493.840246  0.520293
493.860246  0.520228
493.880245  0.520228
493.900244  0.520162
493.920243  0.520097
493.940242  0.519966
493.960242  0.519966
493.980241  0.519901
494.000240  0.519966
494.020239  0.519836
494.040238  0.519705
494.060238  0.519901
494.080237  0.519901
494.100236  0.519574
494.120235  0.519640
494.140234  0.519574
494.160234  0.519705
494.180233  0.519444
494.200232  0.519313
494.220231  0.519378
494.240230  0.519313
494.260230  0.519444
494.280229  0.519444
494.300228  0.519248
494.320227  0.519248
494.340226  0.519182
494.360226  0.519248
494.380225  0.519248
494.400224  0.519117
494.420223  0.519248
494.440222  0.518856
494.460222  0.519248
494.480221  0.519444
494.500220  0.518921
494.520219  0.519117
494.540218  0.518986
494.560218  0.518856
494.580217  0.518660
494.600216  0.518986
494.620215  0.518660
494.640214  0.518660
494.660214  0.518594
494.680213  0.518660
494.700212  0.518398
494.720211  0.518333
494.740210  0.518594
494.760210  0.518398
494.780209  0.518137
494.800208  0.518398
494.820207  0.518202
494.840206  0.518137
494.860206  0.518398
494.880205  0.518006
494.900204  0.518072
494.920203  0.518137
494.940202  0.517941
494.960202  0.518137
494.980201  0.518006
495.000200  0.518006
495.020199  0.518202
495.040198  0.518072
495.060198  0.517941
495.080197  0.517810
495.100196  0.517876
495.120195  0.517680
495.140194  0.517876
495.160194  0.517614
495.180193  0.517353
495.200192  0.517549
495.220191  0.517745
495.240190  0.517288
495.260190  0.517549
495.280189  0.517484
495.300188  0.517419
495.320187  0.517092
495.340186  0.517484
495.360186  0.517288
495.380185  0.517288
495.400184  0.517353
495.420183  0.517288
495.440182  0.516961
495.460182  0.517157
495.480181  0.516831
495.500180  0.517026
495.520179  0.517092
495.540178  0.516831
495.560178  0.517157
495.580177  0.516765
495.600176  0.516961
495.620175  0.516700
495.640174  0.516569
495.660174  0.516831
495.680173  0.516700
495.700172  0.516765
495.720171  0.516635
495.740170  0.516504
495.760170  0.516569
495.780169  0.516308
495.800168  0.516569
495.820167  0.516438
495.840166  0.516308
495.860166  0.516504
495.880165  0.516177
495.900164  0.516243
495.920163  0.516112
495.940162  0.516112
495.960162  0.516177
495.980161  0.515981
496.000160  0.516308
496.020159  0.516112
496.040158  0.515850
496.060158  0.515850
496.080157  0.516112
496.100156  0.515916
496.120155  0.515655
496.140154  0.515850
496.160154  0.515655
496.180153  0.515785
496.200152  0.515720
496.220151  0.515459
496.240150  0.515589
496.260150  0.515459
496.280149  0.515850
496.300148  0.515655
496.320147  0.515589
496.340146  0.515328
496.360146  0.515524
496.380145  0.515067
496.400144  0.515263
496.420143  0.515263
496.440142  0.515067
496.460142  0.515132
496.480141  0.515197
496.500140  0.515132
496.520139  0.515067
496.540138  0.514740
496.560138  0.515067
496.580137  0.514936
496.600136  0.515001
496.620135  0.515001
496.640134  0.514740
496.660134  0.514936
496.680133  0.514740
496.700132  0.514740
496.720131  0.514479
496.740130  0.514609
496.760130  0.514740
496.780129  0.514283
496.800128  0.514609
496.820127  0.514413
496.840126  0.514479
496.860126  0.514544
496.880125  0.514283
496.900124  0.514413
496.920123  0.514283
496.940122  0.513956
496.960122  0.514348
496.980121  0.514152
497.000120  0.514021
497.020119  0.513956
497.040118  0.513956
497.060118  0.513956
497.080117  0.514087
497.100116  0.514217
497.120115  0.513695
497.140114  0.513891
497.160114  0.513825
497.180113  0.513891
497.200112  0.513695
497.220111  0.513629
497.240110  0.513695
497.260110  0.513499
497.280109  0.513695
497.300108  0.513368
497.320107  0.513760
497.340106  0.513433
497.360106  0.513433
497.380105  0.513237
497.400104  0.513564
497.420103  0.513303
497.440102  0.513107
497.460102  0.513172
497.480101  0.513107
497.500100  0.513303
497.520099  0.513041
497.540098  0.512911
497.560098  0.513237
497.580097  0.513172
497.600096  0.513172
497.620095  0.512780
497.640094  0.512976
497.660094  0.512780
497.680093  0.512911
497.700092  0.512911
497.720091  0.512715
497.740090  0.512649
497.760090  0.512519
497.780089  0.512519
497.800088  0.512584
497.820087  0.512519
497.840086  0.512519
497.860086  0.512584
497.880085  0.512649
497.900084  0.512453
497.920083  0.512257
497.940082  0.512323
497.960082  0.512257
497.980081  0.512323
498.000080  0.512061
498.020079  0.512061
498.040078  0.512127
498.060078  0.512323
498.080077  0.512061
498.100076  0.511865
498.120075  0.511800
498.140074  0.511735
498.160074  0.511865
498.180073  0.511669
498.200072  0.511800
498.220071  0.511931
498.240070  0.511800
498.260070  0.511735
498.280069  0.511735
498.300068  0.511604
498.320067  0.511669
498.340066  0.511800
498.360066  0.511669
498.380065  0.511277
498.400064  0.511408
498.420063  0.511277
498.440062  0.511343
498.460062  0.511343
498.480061  0.511277
498.500060  0.511343
498.520059  0.511212
498.540058  0.511212
498.560058  0.511081
498.580057  0.510885
498.600056  0.510951
498.620055  0.510951
498.640054  0.511016
498.660054  0.510885
498.680053  0.510820
498.700052  0.510885
498.720051  0.510624
498.740050  0.510885
498.760050  0.510624
498.780049  0.510755
498.800048  0.510820
498.820047  0.510559
498.840046  0.510559
498.860046  0.510624
498.880045  0.510428
498.900044  0.510428
498.920043  0.510297
498.940042  0.510297
498.960042  0.510624
498.980041  0.510428
499.000040  0.510232
499.020039  0.510232
499.040038  0.510297
499.060038  0.510363
499.080037  0.509971
499.100036  0.509971
499.120035  0.510036
499.140034  0.510036
499.160034  0.509775
499.180033  0.509840
499.200032  0.509971
499.220031  0.509905
499.240030  0.509905
499.260030  0.509905
499.280029  0.509775
499.300028  0.509709
499.320027  0.509971
499.340026  0.509579
499.360026  0.509709
499.380025  0.509448
499.400024  0.509513
499.420023  0.509317
499.440022  0.509252
499.460022  0.509317
499.480021  0.509187
499.500020  0.509448
499.520019  0.509317
499.540018  0.509383
499.560018  0.509056
499.580017  0.508925
499.600016  0.509056
499.620015  0.509121
499.640014  0.509252
499.660014  0.509187
499.680013  0.508925
499.700012  0.508991
499.720011  0.508795
499.740010  0.508925
499.760010  0.508860
499.780009  0.508664
499.800008  0.508664
499.820007  0.508860
499.840006  0.508860
499.860006  0.508534
499.880005  0.508534
499.900004  0.508534
499.920003  0.508272
499.940002  0.508468
499.960002  0.508468
