DataBase = TT1
ShotNo = 4003
SignalName = GBP11T
SignalUnit = T
TriggerTime = 0.000000 ms
Period = 0.019999 ms
CreateTime = 2026/03/19 10:35:01
Samples = 25000
0.000000  0.000012
0.019999  0.000000
0.039998  -0.000012
0.059998  -0.000012
0.079997  -0.000024
0.099996  0.000000
0.119995  -0.000024
0.139994  -0.000012
0.159994  0.000000
0.179993  -0.000012
0.199992  -0.000024
0.219991  0.000000
0.239990  -0.000024
0.259990  -0.000012
0.279989  0.000000
0.299988  0.000012
0.319987  0.000000
0.339986  -0.000024
0.359986  0.000012
0.379985  -0.000024
0.399984  0.000000
0.419983  0.000000
0.439982  -0.000012
0.459982  -0.000012
0.479981  0.000000
0.499980  0.000000
0.519979  -0.000012
0.539978  -0.000024
0.559978  0.000000
0.579977  0.000000
0.599976  -0.000012
0.619975  0.000012
0.639974  -0.000012
0.659974  0.000000
0.679973  0.000000
0.699972  0.000024
0.719971  0.000000
0.739970  0.000024
0.759970  0.000000
0.779969  -0.000036
0.799968  0.000000
0.819967  -0.000012
0.839966  0.000000
0.859966  0.000000
0.879965  -0.000024
0.899964  0.000000
0.919963  -0.000012
0.939962  0.000012
0.959962  0.000000
0.979961  0.000000
0.999960  -0.000012
1.019959  -0.000012
1.039958  -0.000036
1.059958  -0.000024
1.079957  0.000000
1.099956  0.000024
1.119955  0.000012
1.139954  -0.000012
1.159954  -0.000012
1.179953  -0.000024
1.199952  0.000000
1.219951  0.000000
1.239950  0.000000
1.259950  0.000000
1.279949  -0.000012
1.299948  -0.000012
1.319947  0.000024
1.339946  -0.000024
1.359946  0.000024
1.379945  0.000000
1.399944  -0.000024
1.419943  -0.000012
1.439942  -0.000012
1.459942  -0.000012
1.479941  -0.000012
1.499940  -0.000012
1.519939  -0.000012
1.539938  -0.000012
1.559938  -0.000024
1.579937  -0.000012
1.599936  0.000012
1.619935  0.000000
1.639934  0.000000
1.659934  0.000024
1.679933  -0.000012
1.699932  0.000000
1.719931  0.000000
1.739930  0.000012
1.759930  0.000000
1.779929  0.000000
1.799928  -0.000012
1.819927  -0.000012
1.839926  -0.000024
1.859926  -0.000012
1.879925  -0.000012
1.899924  -0.000012
1.919923  0.000000
1.939922  -0.000012
1.959922  -0.000012
1.979921  0.000000
1.999920  0.000000
2.019919  0.000000
2.039918  -0.000024
2.059918  -0.000012
2.079917  -0.000012
2.099916  0.000000
2.119915  -0.000012
2.139914  -0.000012
2.159914  -0.000012
2.179913  -0.000012
2.199912  -0.000024
2.219911  0.000000
2.239910  -0.000012
2.259910  0.000000
2.279909  -0.000012
2.299908  0.000012
2.319907  -0.000012
2.339906  -0.000012
2.359906  0.000012
2.379905  -0.000024
2.399904  -0.000012
2.419903  -0.000012
2.439902  -0.000012
2.459902  0.000000
2.479901  -0.000012
2.499900  0.000012
2.519899  0.000000
2.539898  -0.000036
2.559898  0.000000
2.579897  0.000012
2.599896  -0.000024
2.619895  -0.000024
2.639894  0.000012
2.659894  -0.000012
2.679893  -0.000024
2.699892  0.000000
2.719891  0.000000
2.739890  -0.000012
2.759890  0.000012
2.779889  0.000000
2.799888  0.000000
2.819887  -0.000024
2.839886  -0.000012
2.859886  -0.000012
2.879885  -0.000024
2.899884  0.000000
2.919883  0.000000
2.939882  -0.000012
2.959882  0.000012
2.979881  -0.000012
2.999880  0.000000
3.019879  0.000024
3.039878  0.000000
3.059878  -0.000012
3.079877  0.000000
3.099876  -0.000012
3.119875  0.000000
3.139874  0.000000
3.159874  0.000024
3.179873  0.000000
3.199872  0.000000
3.219871  0.000000
3.239870  -0.000024
3.259870  -0.000012
3.279869  -0.000012
3.299868  0.000000
3.319867  0.000012
3.339866  0.000000
3.359866  0.000000
3.379865  -0.000036
3.399864  0.000036
3.419863  -0.000012
3.439862  0.000000
3.459862  0.000000
3.479861  -0.000012
3.499860  -0.000012
3.519859  0.000000
3.539858  -0.000024
3.559858  0.000000
3.579857  -0.000012
3.599856  0.000000
3.619855  -0.000012
3.639854  0.000000
3.659854  0.000000
3.679853  0.000000
3.699852  -0.000012
3.719851  0.000000
3.739850  0.000000
3.759850  -0.000012
3.779849  0.000000
3.799848  -0.000012
3.819847  0.000012
3.839846  0.000000
3.859846  -0.000012
3.879845  -0.000012
3.899844  -0.000036
3.919843  -0.000012
3.939842  -0.000012
3.959842  -0.000024
3.979841  0.000000
3.999840  -0.000012
4.019839  -0.000012
4.039838  -0.000012
4.059838  0.000000
4.079837  -0.000012
4.099836  0.000000
4.119835  0.000012
4.139834  0.000012
4.159834  -0.000012
4.179833  0.000012
4.199832  -0.000024
4.219831  0.000000
4.239830  -0.000012
4.259830  -0.000012
4.279829  0.000000
4.299828  -0.000012
4.319827  -0.000012
4.339826  -0.000012
4.359826  -0.000012
4.379825  -0.000036
4.399824  0.000000
4.419823  0.000000
4.439822  0.000012
4.459822  0.000000
4.479821  0.000000
4.499820  -0.000012
4.519819  0.000000
4.539818  -0.000024
4.559818  -0.000012
4.579817  -0.000012
4.599816  0.000000
4.619815  -0.000012
4.639814  0.000000
4.659814  0.000012
4.679813  -0.000012
4.699812  -0.000012
4.719811  0.000012
4.739810  -0.000012
4.759810  0.000000
4.779809  0.000000
4.799808  0.000000
4.819807  0.000000
4.839806  0.000000
4.859806  0.000000
4.879805  -0.000012
4.899804  0.000000
4.919803  0.000012
4.939802  0.000012
4.959802  -0.000012
4.979801  -0.000012
4.999800  -0.000024
5.019799  -0.000024
5.039798  -0.000024
5.059798  -0.000024
5.079797  -0.000012
5.099796  -0.000012
5.119795  -0.000024
5.139794  0.000012
5.159794  -0.000012
5.179793  0.000012
5.199792  0.000000
5.219791  -0.000012
5.239790  0.000012
5.259790  0.000000
5.279789  0.000012
5.299788  0.000012
5.319787  -0.000012
5.339786  -0.000012
5.359786  0.000000
5.379785  -0.000024
5.399784  0.000000
5.419783  0.000000
5.439782  0.000000
5.459782  -0.000024
5.479781  -0.000012
5.499780  -0.000012
5.519779  -0.000012
5.539778  0.000000
5.559778  -0.000012
5.579777  -0.000012
5.599776  -0.000012
5.619775  -0.000012
5.639774  -0.000012
5.659774  0.000000
5.679773  0.000000
5.699772  -0.000012
5.719771  0.000012
5.739770  -0.000012
5.759770  -0.000012
5.779769  0.000012
5.799768  -0.000012
5.819767  0.000000
5.839766  0.000012
5.859766  0.000000
5.879765  0.000000
5.899764  0.000000
5.919763  0.000000
5.939762  -0.000012
5.959762  -0.000024
5.979761  0.000012
5.999760  -0.000012
6.019759  -0.000012
6.039758  -0.000012
6.059758  0.000000
6.079757  -0.000012
6.099756  0.000000
6.119755  -0.000012
6.139754  -0.000012
6.159754  0.000012
6.179753  -0.000012
6.199752  -0.000012
6.219751  -0.000012
6.239750  0.000000
6.259750  -0.000012
6.279749  0.000012
6.299748  -0.000012
6.319747  -0.000012
6.339746  -0.000024
6.359746  0.000000
6.379745  -0.000012
6.399744  0.000000
6.419743  0.000012
6.439742  0.000012
6.459742  0.000000
6.479741  -0.000024
6.499740  -0.000012
6.519739  0.000012
6.539738  -0.000012
6.559738  0.000012
6.579737  -0.000012
6.599736  -0.000024
6.619735  -0.000012
6.639734  -0.000012
6.659734  0.000012
6.679733  0.000012
6.699732  -0.000024
6.719731  0.000012
6.739730  0.000012
6.759730  0.000000
6.779729  -0.000012
6.799728  -0.000012
6.819727  0.000012
6.839726  0.000012
6.859726  0.000012
6.879725  0.000012
6.899724  0.000012
6.919723  0.000000
6.939722  0.000012
6.959722  -0.000012
6.979721  -0.000012
6.999720  -0.000024
7.019719  0.000000
7.039718  -0.000012
7.059718  0.000000
7.079717  -0.000024
7.099716  -0.000024
7.119715  0.000000
7.139714  -0.000012
7.159714  -0.000012
7.179713  -0.000012
7.199712  0.000000
7.219711  0.000012
7.239710  0.000000
7.259710  0.000000
7.279709  -0.000024
7.299708  0.000000
7.319707  0.000000
7.339706  0.000012
7.359706  -0.000012
7.379705  0.000000
7.399704  -0.000012
7.419703  -0.000024
7.439702  0.000000
7.459702  0.000012
7.479701  -0.000012
7.499700  -0.000024
7.519699  0.000000
7.539698  0.000000
7.559698  -0.000012
7.579697  0.000000
7.599696  0.000012
7.619695  -0.000012
7.639694  0.000000
7.659694  0.000012
7.679693  0.000000
7.699692  0.000000
7.719691  -0.000012
7.739690  0.000000
7.759690  -0.000012
7.779689  -0.000012
7.799688  0.000000
7.819687  0.000000
7.839686  -0.000012
7.859686  0.000000
7.879685  0.000000
7.899684  -0.000012
7.919683  0.000000
7.939682  0.000012
7.959682  0.000000
7.979681  0.000012
7.999680  -0.000012
8.019679  0.000000
8.039678  0.000000
8.059678  -0.000012
8.079677  -0.000012
8.099676  -0.000012
8.119675  -0.000012
8.139674  -0.000012
8.159674  0.000000
8.179673  -0.000012
8.199672  0.000012
8.219671  0.000024
8.239670  0.000012
8.259670  -0.000012
8.279669  -0.000012
8.299668  -0.000012
8.319667  -0.000012
8.339666  0.000000
8.359666  -0.000012
8.379665  -0.000012
8.399664  -0.000012
8.419663  0.000000
8.439662  0.000012
8.459662  -0.000024
8.479661  -0.000012
8.499660  -0.000024
8.519659  -0.000012
8.539658  0.000012
8.559658  -0.000012
8.579657  0.000000
8.599656  0.000012
8.619655  0.000000
8.639654  0.000012
8.659654  -0.000024
8.679653  0.000012
8.699652  0.000000
8.719651  -0.000012
8.739650  0.000012
8.759650  -0.000012
8.779649  0.000000
8.799648  0.000000
8.819647  -0.000012
8.839646  0.000000
8.859646  0.000000
8.879645  0.000000
8.899644  0.000000
8.919643  -0.000012
8.939642  -0.000012
8.959642  -0.000012
8.979641  0.000012
8.999640  0.000036
9.019639  0.000000
9.039638  0.000000
9.059638  0.000000
9.079637  -0.000012
9.099636  0.000000
9.119635  0.000000
9.139634  -0.000012
9.159634  -0.000024
9.179633  0.000000
9.199632  -0.000012
9.219631  0.000000
9.239630  -0.000012
9.259630  0.000012
9.279629  -0.000012
9.299628  -0.000012
9.319627  -0.000012
9.339626  0.000000
9.359626  0.000000
9.379625  -0.000012
9.399624  0.000000
9.419623  -0.000012
9.439622  -0.000012
9.459622  0.000000
9.479621  -0.000012
9.499620  -0.000012
9.519619  0.000024
9.539618  -0.000024
9.559618  0.000012
9.579617  0.000000
9.599616  0.000000
9.619615  -0.000012
9.639614  0.000000
9.659614  0.000000
9.679613  -0.000012
9.699612  -0.000012
9.719611  0.000000
9.739610  -0.000012
9.759610  -0.000012
9.779609  -0.000012
9.799608  -0.000012
9.819607  -0.000012
9.839606  -0.000012
9.859606  0.000000
9.879605  -0.000012
9.899604  0.000000
9.919603  -0.000012
9.939602  0.000000
9.959602  -0.000024
9.979601  0.000000
9.999600  -0.000012
10.019599  -0.000012
10.039598  0.000000
10.059598  0.000012
10.079597  0.000000
10.099596  0.000012
10.119595  0.000000
10.139594  -0.000012
10.159594  -0.000012
10.179593  0.000000
10.199592  0.000000
10.219591  0.000000
10.239590  -0.000012
10.259590  -0.000012
10.279589  -0.000012
10.299588  -0.000024
10.319587  -0.000012
10.339586  0.000012
10.359586  -0.000024
10.379585  0.000000
10.399584  -0.000012
10.419583  0.000000
10.439582  0.000000
10.459582  -0.000012
10.479581  0.000000
10.499580  -0.000012
10.519579  -0.000012
10.539578  -0.000024
10.559578  -0.000024
10.579577  0.000000
10.599576  -0.000012
10.619575  0.000000
10.639574  0.000000
10.659574  0.000000
10.679573  0.000000
10.699572  0.000000
10.719571  0.000000
10.739570  0.000000
10.759570  -0.000012
10.779569  -0.000012
10.799568  0.000012
10.819567  0.000000
10.839566  -0.000012
10.859566  -0.000024
10.879565  -0.000012
10.899564  0.000012
10.919563  0.000000
10.939562  0.000000
10.959562  -0.000012
10.979561  -0.000012
10.999560  -0.000012
11.019559  -0.000012
11.039558  0.000000
11.059558  -0.000012
11.079557  0.000000
11.099556  0.000024
11.119555  0.000000
11.139554  -0.000012
11.159554  0.000000
11.179553  -0.000012
11.199552  0.000000
11.219551  -0.000012
11.239550  -0.000036
11.259550  -0.000012
11.279549  -0.000024
11.299548  0.000012
11.319547  0.000000
11.339546  -0.000012
11.359546  0.000000
11.379545  0.000012
11.399544  -0.000024
11.419543  -0.000024
11.439542  -0.000012
11.459542  -0.000012
11.479541  0.000000
11.499540  -0.000012
11.519539  -0.000012
11.539538  0.000000
11.559538  -0.000012
11.579537  -0.000036
11.599536  -0.000012
11.619535  -0.000012
11.639534  -0.000012
11.659534  0.000012
11.679533  -0.000012
11.699532  0.000024
11.719531  0.000000
11.739530  0.000000
11.759530  0.000000
11.779529  0.000012
11.799528  -0.000012
11.819527  -0.000012
11.839526  -0.000012
11.859526  0.000000
11.879525  -0.000024
11.899524  -0.000012
11.919523  -0.000024
11.939522  -0.000012
11.959522  0.000000
11.979521  -0.000012
11.999520  0.000000
12.019519  0.000000
12.039518  -0.000012
12.059518  0.000000
12.079517  -0.000012
12.099516  -0.000012
12.119515  0.000000
12.139514  0.000012
12.159514  0.000012
12.179513  0.000000
12.199512  -0.000012
12.219511  0.000000
12.239510  0.000000
12.259510  -0.000024
12.279509  -0.000012
12.299508  -0.000024
12.319507  -0.000012
12.339506  0.000000
12.359506  0.000024
12.379505  0.000000
12.399504  0.000000
12.419503  -0.000012
12.439502  0.000000
12.459502  0.000012
12.479501  0.000000
12.499500  0.000000
12.519499  0.000012
12.539498  -0.000012
12.559498  -0.000012
12.579497  -0.000012
12.599496  -0.000012
12.619495  -0.000024
12.639494  0.000000
12.659494  -0.000012
12.679493  0.000000
12.699492  0.000000
12.719491  0.000012
12.739490  -0.000012
12.759490  -0.000012
12.779489  0.000012
12.799488  0.000000
12.819487  -0.000012
12.839486  0.000000
12.859486  0.000000
12.879485  0.000000
12.899484  -0.000012
12.919483  -0.000012
12.939482  -0.000024
12.959482  -0.000012
12.979481  0.000000
12.999480  -0.000012
13.019479  -0.000024
13.039478  0.000000
13.059478  0.000012
13.079477  -0.000012
13.099476  -0.000012
13.119475  0.000000
13.139474  0.000000
13.159474  -0.000012
13.179473  0.000000
13.199472  0.000012
13.219471  0.000012
13.239470  -0.000024
13.259470  -0.000012
13.279469  -0.000012
13.299468  0.000000
13.319467  -0.000024
13.339466  -0.000012
13.359466  0.000036
13.379465  0.000000
13.399464  -0.000012
13.419463  -0.000012
13.439462  -0.000012
13.459462  -0.000012
13.479461  -0.000024
13.499460  0.000000
13.519459  -0.000012
13.539458  0.000000
13.559458  0.000024
13.579457  0.000024
13.599456  0.000000
13.619455  -0.000012
13.639454  0.000000
13.659454  0.000000
13.679453  -0.000012
13.699452  -0.000012
13.719451  0.000000
13.739450  -0.000012
13.759450  0.000000
13.779449  -0.000012
13.799448  0.000024
13.819447  -0.000012
13.839446  0.000000
13.859446  0.000024
13.879445  0.000000
13.899444  0.000000
13.919443  0.000012
13.939442  0.000000
13.959442  0.000012
13.979441  0.000000
13.999440  0.000000
14.019439  0.000012
14.039438  0.000000
14.059438  0.000000
14.079437  -0.000012
14.099436  -0.000012
14.119435  0.000000
14.139434  0.000000
14.159434  -0.000012
14.179433  0.000000
14.199432  -0.000024
14.219431  -0.000012
14.239430  0.000012
14.259430  0.000012
14.279429  -0.000012
14.299428  0.000000
14.319427  -0.000024
14.339426  0.000000
14.359426  -0.000012
14.379425  0.000000
14.399424  0.000000
14.419423  -0.000024
14.439422  -0.000012
14.459422  -0.000012
14.479421  -0.000012
14.499420  -0.000012
14.519419  -0.000012
14.539418  0.000012
14.559418  0.000012
14.579417  0.000012
14.599416  0.000012
14.619415  0.000000
14.639414  0.000000
14.659414  -0.000012
14.679413  -0.000012
14.699412  -0.000036
14.719411  0.000000
14.739410  0.000000
14.759410  0.000000
14.779409  0.000000
14.799408  0.000012
14.819407  0.000000
14.839406  0.000024
14.859406  0.000000
14.879405  0.000000
14.899404  0.000000
14.919403  -0.000012
14.939402  0.000000
14.959402  0.000000
14.979401  0.000000
14.999400  -0.000024
15.019399  0.000000
15.039398  -0.000036
15.059398  -0.000012
15.079397  0.000000
15.099396  -0.000012
15.119395  0.000000
15.139394  0.000000
15.159394  -0.000012
15.179393  -0.000012
15.199392  -0.000012
15.219391  0.000012
15.239390  -0.000012
15.259390  -0.000012
15.279389  -0.000012
15.299388  -0.000012
15.319387  -0.000012
15.339386  0.000000
15.359386  -0.000012
15.379385  -0.000012
15.399384  0.000000
15.419383  0.000000
15.439382  -0.000012
15.459382  0.000000
15.479381  0.000000
15.499380  -0.000012
15.519379  -0.000012
15.539378  -0.000012
15.559378  -0.000012
15.579377  0.000000
15.599376  0.000000
15.619375  0.000000
15.639374  0.000012
15.659374  -0.000012
15.679373  0.000000
15.699372  -0.000012
15.719371  0.000024
15.739370  -0.000036
15.759370  0.000000
15.779369  0.000000
15.799368  -0.000012
15.819367  0.000000
15.839366  -0.000036
15.859366  -0.000012
15.879365  0.000000
15.899364  -0.000012
15.919363  -0.000012
15.939362  -0.000012
15.959362  0.000012
15.979361  -0.000024
15.999360  -0.000012
16.019359  0.000024
16.039358  -0.000012
16.059358  0.000012
16.079357  0.000000
16.099356  -0.000012
16.119355  0.000000
16.139354  -0.000012
16.159354  0.000000
16.179353  -0.000024
16.199352  -0.000012
16.219351  0.000000
16.239350  -0.000012
16.259350  0.000000
16.279349  -0.000012
16.299348  0.000000
16.319347  -0.000012
16.339346  -0.000012
16.359346  -0.000012
16.379345  -0.000012
16.399344  -0.000012
16.419343  -0.000012
16.439342  -0.000024
16.459342  0.000000
16.479341  0.000012
16.499340  0.000012
16.519339  -0.000012
16.539338  0.000012
16.559338  0.000012
16.579337  0.000000
16.599336  -0.000024
16.619335  0.000000
16.639334  -0.000012
16.659334  -0.000012
16.679333  0.000024
16.699332  0.000000
16.719331  0.000012
16.739330  -0.000036
16.759330  0.000012
16.779329  -0.000012
16.799328  0.000012
16.819327  -0.000012
16.839326  -0.000012
16.859326  -0.000012
16.879325  -0.000012
16.899324  0.000000
16.919323  0.000000
16.939322  -0.000024
16.959322  -0.000012
16.979321  -0.000012
16.999320  -0.000012
17.019319  0.000000
17.039318  0.000000
17.059318  0.000012
17.079317  0.000000
17.099316  0.000000
17.119315  -0.000012
17.139314  0.000000
17.159314  0.000000
17.179313  0.000000
17.199312  0.000000
17.219311  -0.000036
17.239310  -0.000012
17.259310  0.000000
17.279309  -0.000012
17.299308  0.000012
17.319307  0.000012
17.339306  -0.000012
17.359306  -0.000012
17.379305  0.000000
17.399304  -0.000024
17.419303  -0.000012
17.439302  -0.000012
17.459302  0.000000
17.479301  -0.000024
17.499300  0.000000
17.519299  -0.000012
17.539298  0.000000
17.559298  -0.000024
17.579297  -0.000012
17.599296  0.000000
17.619295  -0.000012
17.639294  0.000000
17.659294  0.000012
17.679293  0.000012
17.699292  0.000000
17.719291  0.000012
17.739290  -0.000012
17.759290  0.000000
17.779289  -0.000012
17.799288  0.000012
17.819287  -0.000024
17.839286  -0.000012
17.859286  -0.000036
17.879285  -0.000012
17.899284  0.000000
17.919283  0.000000
17.939282  -0.000012
17.959282  -0.000012
17.979281  -0.000012
17.999280  0.000024
18.019279  -0.000024
18.039278  0.000000
18.059278  0.000000
18.079277  0.000000
18.099276  0.000012
18.119275  0.000000
18.139274  0.000000
18.159274  -0.000012
18.179273  -0.000012
18.199272  -0.000024
18.219271  -0.000012
18.239270  0.000000
18.259270  -0.000024
18.279269  -0.000012
18.299268  0.000000
18.319267  0.000000
18.339266  0.000024
18.359266  0.000000
18.379265  -0.000012
18.399264  0.000000
18.419263  -0.000012
18.439262  -0.000012
18.459262  0.000000
18.479261  0.000012
18.499260  0.000012
18.519259  0.000000
18.539258  0.000012
18.559258  -0.000012
18.579257  0.000000
18.599256  0.000000
18.619255  -0.000012
18.639254  0.000000
18.659254  0.000012
18.679253  -0.000012
18.699252  0.000000
18.719251  0.000012
18.739250  0.000000
18.759250  0.000024
18.779249  -0.000012
18.799248  -0.000012
18.819247  -0.000012
18.839246  -0.000012
18.859246  -0.000012
18.879245  -0.000012
18.899244  -0.000012
18.919243  -0.000012
18.939242  0.000000
18.959242  0.000024
18.979241  -0.000012
18.999240  0.000012
19.019239  0.000000
19.039238  -0.000012
19.059238  0.000000
19.079237  -0.000012
19.099236  0.000000
19.119235  0.000000
19.139234  -0.000012
19.159234  -0.000012
19.179233  0.000012
19.199232  0.000000
19.219231  0.000024
19.239230  -0.000012
19.259230  -0.000012
19.279229  -0.000012
19.299228  -0.000012
19.319227  0.000000
19.339226  0.000012
19.359226  0.000000
19.379225  0.000012
19.399224  0.000000
19.419223  -0.000012
19.439222  0.000012
19.459222  0.000000
19.479221  -0.000012
19.499220  0.000012
19.519219  0.000000
19.539218  0.000012
19.559218  0.000012
19.579217  0.000000
19.599216  -0.000012
19.619215  -0.000024
19.639214  -0.000012
19.659214  0.000012
19.679213  0.000000
19.699212  -0.000024
19.719211  -0.000012
19.739210  -0.000024
19.759210  -0.000012
19.779209  -0.000024
19.799208  0.000012
19.819207  0.000012
19.839206  0.000000
19.859206  -0.000012
19.879205  0.000000
19.899204  -0.000012
19.919203  -0.000012
19.939202  -0.000024
19.959202  0.000012
19.979201  0.000000
19.999200  -0.000012
20.019199  -0.000012
20.039198  0.000000
20.059198  0.000012
20.079197  0.000000
20.099196  0.000000
20.119195  -0.000024
20.139194  0.000012
20.159194  0.000000
20.179193  0.000012
20.199192  -0.000012
20.219191  -0.000012
20.239190  -0.000012
20.259190  0.000000
20.279189  -0.000012
20.299188  0.000000
20.319187  0.000000
20.339186  0.000000
20.359186  0.000012
20.379185  -0.000012
20.399184  0.000012
20.419183  0.000000
20.439182  0.000000
20.459182  0.000000
20.479181  0.000000
20.499180  0.000000
20.519179  0.000000
20.539178  -0.000012
20.559178  0.000000
20.579177  0.000000
20.599176  -0.000012
20.619175  0.000000
20.639174  -0.000012
20.659174  -0.000012
20.679173  -0.000012
20.699172  -0.000012
20.719171  -0.000012
20.739170  -0.000024
20.759170  -0.000012
20.779169  -0.000012
20.799168  0.000000
20.819167  0.000000
20.839166  0.000000
20.859166  -0.000012
20.879165  -0.000012
20.899164  0.000000
20.919163  -0.000012
20.939162  0.000000
20.959162  -0.000012
20.979161  0.000000
20.999160  -0.000012
21.019159  0.000000
21.039158  -0.000012
21.059158  0.000000
21.079157  -0.000012
21.099156  -0.000012
21.119155  0.000012
21.139154  0.000000
21.159154  -0.000012
21.179153  0.000012
21.199152  0.000012
21.219151  0.000012
21.239150  0.000000
21.259150  0.000000
21.279149  0.000012
21.299148  0.000012
21.319147  0.000000
21.339146  -0.000012
21.359146  -0.000024
21.379145  -0.000012
21.399144  -0.000012
21.419143  0.000000
21.439142  0.000000
21.459142  0.000012
21.479141  0.000000
21.499140  -0.000012
21.519139  -0.000012
21.539138  0.000000
21.559138  0.000012
21.579137  -0.000012
21.599136  0.000000
21.619135  0.000012
21.639134  -0.000012
21.659134  0.000000
21.679133  -0.000024
21.699132  0.000000
21.719131  0.000000
21.739130  0.000012
21.759130  -0.000012
21.779129  0.000012
21.799128  0.000000
21.819127  0.000012
21.839126  0.000000
21.859126  0.000000
21.879125  0.000012
21.899124  0.000000
21.919123  0.000012
21.939122  0.000000
21.959122  -0.000012
21.979121  -0.000012
21.999120  0.000000
22.019119  -0.000012
22.039118  0.000012
22.059118  0.000000
22.079117  0.000000
22.099116  0.000000
22.119115  0.000012
22.139114  0.000000
22.159114  -0.000012
22.179113  0.000000
22.199112  0.000000
22.219111  -0.000024
22.239110  0.000000
22.259110  0.000012
22.279109  -0.000012
22.299108  0.000012
22.319107  0.000000
22.339106  -0.000012
22.359106  -0.000024
22.379105  0.000012
22.399104  -0.000024
22.419103  0.000000
22.439102  -0.000024
22.459102  0.000000
22.479101  0.000000
22.499100  -0.000012
22.519099  0.000000
22.539098  0.000000
22.559098  0.000012
22.579097  -0.000024
22.599096  -0.000012
22.619095  0.000012
22.639094  0.000012
22.659094  -0.000024
22.679093  -0.000012
22.699092  0.000012
22.719091  -0.000012
22.739090  -0.000024
22.759090  0.000000
22.779089  0.000012
22.799088  0.000012
22.819087  -0.000024
22.839086  0.000000
22.859086  -0.000012
22.879085  -0.000012
22.899084  0.000000
22.919083  -0.000012
22.939082  -0.000012
22.959082  0.000000
22.979081  -0.000012
22.999080  0.000012
23.019079  0.000000
23.039078  -0.000012
23.059078  -0.000012
23.079077  -0.000012
23.099076  0.000000
23.119075  0.000012
23.139074  0.000000
23.159074  -0.000024
23.179073  -0.000024
23.199072  0.000000
23.219071  -0.000036
23.239070  0.000000
23.259070  0.000000
23.279069  -0.000012
23.299068  0.000012
23.319067  0.000012
23.339066  -0.000024
23.359066  -0.000012
23.379065  0.000000
23.399064  0.000000
23.419063  -0.000024
23.439062  0.000000
23.459062  -0.000012
23.479061  -0.000012
23.499060  0.000012
23.519059  0.000012
23.539058  0.000024
23.559058  0.000012
23.579057  0.000012
23.599056  -0.000012
23.619055  0.000000
23.639054  0.000012
23.659054  0.000000
23.679053  0.000012
23.699052  0.000012
23.719051  0.000000
23.739050  -0.000012
23.759050  -0.000024
23.779049  0.000000
23.799048  0.000012
23.819047  -0.000024
23.839046  0.000000
23.859046  0.000000
23.879045  -0.000012
23.899044  -0.000024
23.919043  0.000000
23.939042  0.000000
23.959042  -0.000012
23.979041  0.000000
23.999040  0.000000
24.019039  0.000000
24.039038  0.000000
24.059038  -0.000012
24.079037  -0.000012
24.099036  -0.000012
24.119035  0.000000
24.139034  -0.000012
24.159034  -0.000012
24.179033  0.000000
24.199032  0.000036
24.219031  0.000012
24.239030  -0.000012
24.259030  0.000012
24.279029  -0.000012
24.299028  0.000024
24.319027  -0.000012
24.339026  0.000012
24.359026  0.000024
24.379025  0.000012
24.399024  0.000000
24.419023  -0.000012
24.439022  -0.000047
24.459022  0.000000
24.479021  -0.000024
24.499020  0.000000
24.519019  0.000000
24.539018  0.000000
24.559018  0.000000
24.579017  0.000012
24.599016  0.000012
24.619015  0.000000
24.639014  0.000024
24.659014  -0.000024
24.679013  0.000000
24.699012  -0.000012
24.719011  0.000012
24.739010  -0.000012
24.759010  -0.000012
24.779009  -0.000012
24.799008  0.000000
24.819007  -0.000012
24.839006  0.000000
24.859006  0.000012
24.879005  0.000012
24.899004  -0.000024
24.919003  -0.000012
24.939002  0.000000
24.959002  0.000012
24.979001  0.000000
24.999000  0.000012
25.018999  -0.000012
25.038998  -0.000012
25.058998  -0.000024
25.078997  0.000000
25.098996  0.000000
25.118995  0.000012
25.138994  0.000012
25.158994  0.000024
25.178993  0.000000
25.198992  0.000012
25.218991  0.000000
25.238990  0.000024
25.258990  -0.000012
25.278989  -0.000012
25.298988  -0.000012
25.318987  0.000012
25.338986  -0.000024
25.358986  0.000036
25.378985  0.000012
25.398984  0.000000
25.418983  0.000000
25.438982  -0.000024
25.458982  0.000000
25.478981  -0.000012
25.498980  0.000000
25.518979  -0.000024
25.538978  0.000000
25.558978  0.000000
25.578977  0.000000
25.598976  0.000000
25.618975  0.000012
25.638974  -0.000012
25.658974  0.000012
25.678973  0.000000
25.698972  -0.000012
25.718971  -0.000012
25.738970  0.000000
25.758970  -0.000012
25.778969  -0.000012
25.798968  0.000000
25.818967  0.000000
25.838966  0.000000
25.858966  -0.000024
25.878965  0.000012
25.898964  -0.000012
25.918963  0.000000
25.938962  -0.000012
25.958962  -0.000012
25.978961  -0.000012
25.998960  0.000012
26.018959  -0.000024
26.038958  0.000012
26.058958  -0.000024
26.078957  0.000012
26.098956  0.000012
26.118955  -0.000012
26.138954  0.000000
26.158954  -0.000012
26.178953  -0.000024
26.198952  -0.000024
26.218951  0.000000
26.238950  -0.000012
26.258950  0.000000
26.278949  0.000000
26.298948  0.000000
26.318947  0.000000
26.338946  -0.000012
26.358946  0.000012
26.378945  -0.000024
26.398944  0.000000
26.418943  0.000000
26.438942  -0.000012
26.458942  0.000012
26.478941  0.000012
26.498940  0.000000
26.518939  -0.000024
26.538938  0.000012
26.558938  -0.000012
26.578937  0.000012
26.598936  0.000000
26.618935  -0.000012
26.638934  -0.000024
26.658934  0.000000
26.678933  0.000012
26.698932  -0.000012
26.718931  -0.000012
26.738930  -0.000012
26.758930  -0.000012
26.778929  -0.000012
26.798928  0.000000
26.818927  0.000000
26.838926  -0.000012
26.858926  0.000000
26.878925  0.000012
26.898924  -0.000024
26.918923  0.000000
26.938922  0.000000
26.958922  0.000000
26.978921  -0.000012
26.998920  0.000012
27.018919  0.000000
27.038918  0.000012
27.058918  -0.000012
27.078917  -0.000012
27.098916  -0.000047
27.118915  -0.000012
27.138914  0.000000
27.158914  -0.000012
27.178913  -0.000012
27.198912  0.000012
27.218911  -0.000012
27.238910  0.000012
27.258910  0.000000
27.278909  0.000000
27.298908  -0.000024
27.318907  -0.000012
27.338906  0.000000
27.358906  -0.000024
27.378905  0.000000
27.398904  -0.000012
27.418903  0.000000
27.438902  0.000000
27.458902  0.000036
27.478901  0.000000
27.498900  0.000000
27.518899  -0.000012
27.538898  0.000012
27.558898  0.000000
27.578897  0.000012
27.598896  -0.000024
27.618895  0.000000
27.638894  -0.000012
27.658894  0.000000
27.678893  0.000000
27.698892  0.000000
27.718891  0.000000
27.738890  0.000000
27.758890  -0.000024
27.778889  -0.000024
27.798888  -0.000012
27.818887  0.000000
27.838886  0.000000
27.858886  0.000012
27.878885  0.000000
27.898884  0.000000
27.918883  0.000000
27.938882  -0.000012
27.958882  -0.000012
27.978881  -0.000012
27.998880  0.000000
28.018879  0.000000
28.038878  0.000000
28.058878  0.000000
28.078877  0.000012
28.098876  -0.000012
28.118875  0.000000
28.138874  -0.000024
28.158874  -0.000012
28.178873  0.000000
28.198872  0.000000
28.218871  -0.000024
28.238870  0.000000
28.258870  -0.000036
28.278869  0.000000
28.298868  -0.000036
28.318867  -0.000012
28.338866  -0.000012
28.358866  0.000000
28.378865  0.000000
28.398864  0.000000
28.418863  -0.000012
28.438862  -0.000012
28.458862  0.000012
28.478861  0.000012
28.498860  0.000012
28.518859  0.000012
28.538858  0.000000
28.558858  0.000012
28.578857  -0.000012
28.598856  -0.000024
28.618855  0.000000
28.638854  -0.000012
28.658854  0.000000
28.678853  -0.000024
28.698852  0.000000
28.718851  -0.000012
28.738850  0.000012
28.758850  0.000000
28.778849  -0.000024
28.798848  0.000000
28.818847  0.000000
28.838846  -0.000012
28.858846  0.000000
28.878845  0.000000
28.898844  -0.000012
28.918843  -0.000024
28.938842  -0.000012
28.958842  -0.000036
28.978841  -0.000012
28.998840  0.000012
29.018839  0.000012
29.038838  -0.000012
29.058838  0.000012
29.078837  0.000000
29.098836  0.000012
29.118835  0.000012
29.138834  0.000000
29.158834  0.000000
29.178833  0.000000
29.198832  0.000024
29.218831  0.000000
29.238830  -0.000012
29.258830  -0.000012
29.278829  0.000000
29.298828  -0.000012
29.318827  -0.000012
29.338826  -0.000012
29.358826  -0.000012
29.378825  -0.000012
29.398824  0.000000
29.418823  0.000000
29.438822  0.000000
29.458822  0.000012
29.478821  0.000000
29.498820  0.000000
29.518819  0.000012
29.538818  0.000036
29.558818  0.000012
29.578817  -0.000012
29.598816  -0.000012
29.618815  0.000012
29.638814  -0.000012
29.658814  -0.000024
29.678813  -0.000012
29.698812  0.000000
29.718811  -0.000012
29.738810  -0.000012
29.758810  0.000000
29.778809  0.000000
29.798808  -0.000024
29.818807  0.000000
29.838806  0.000000
29.858806  -0.000024
29.878805  -0.000024
29.898804  -0.000012
29.918803  0.000000
29.938802  0.000000
29.958802  0.000012
29.978801  0.000000
29.998800  0.000000
30.018799  -0.000024
30.038798  -0.000012
30.058798  -0.000024
30.078797  -0.000012
30.098796  -0.000036
30.118795  0.000000
30.138794  -0.000012
30.158794  0.000000
30.178793  0.000000
30.198792  -0.000012
30.218791  0.000012
30.238790  0.000012
30.258790  -0.000012
30.278789  0.000000
30.298788  -0.000012
30.318787  0.000000
30.338786  -0.000036
30.358786  -0.000012
30.378785  -0.000012
30.398784  0.000000
30.418783  0.000000
30.438782  -0.000012
30.458782  0.000000
30.478781  0.000012
30.498780  0.000000
30.518779  -0.000012
30.538778  0.000012
30.558778  -0.000024
30.578777  0.000000
30.598776  -0.000012
30.618775  -0.000024
30.638774  0.000000
30.658774  -0.000024
30.678773  -0.000012
30.698772  -0.000012
30.718771  -0.000024
30.738770  -0.000047
30.758770  -0.000012
30.778769  0.000000
30.798768  0.000000
30.818767  0.000024
30.838766  -0.000012
30.858766  -0.000012
30.878765  0.000000
30.898764  0.000000
30.918763  -0.000012
30.938762  0.000012
30.958762  0.000012
30.978761  0.000000
30.998760  -0.000012
31.018759  0.000000
31.038758  -0.000024
31.058758  -0.000012
31.078757  0.000000
31.098756  -0.000012
31.118755  -0.000012
31.138754  -0.000012
31.158754  -0.000012
31.178753  -0.000012
31.198752  0.000000
31.218751  -0.000012
31.238750  0.000012
31.258750  0.000000
31.278749  -0.000012
31.298748  -0.000012
31.318747  0.000000
31.338746  -0.000024
31.358746  -0.000024
31.378745  -0.000012
31.398744  0.000000
31.418743  -0.000012
31.438742  -0.000012
31.458742  -0.000012
31.478741  0.000000
31.498740  0.000000
31.518739  -0.000024
31.538738  0.000012
31.558738  -0.000012
31.578737  -0.000012
31.598736  0.000012
31.618735  0.000000
31.638734  0.000000
31.658734  -0.000012
31.678733  0.000000
31.698732  -0.000012
31.718731  0.000000
31.738730  0.000000
31.758730  0.000000
31.778729  -0.000036
31.798728  0.000000
31.818727  0.000000
31.838726  -0.000012
31.858726  0.000000
31.878725  -0.000012
31.898724  0.000000
31.918723  -0.000012
31.938722  0.000000
31.958722  0.000000
31.978721  -0.000012
31.998720  0.000012
32.018719  -0.000024
32.038718  -0.000012
32.058718  -0.000012
32.078717  -0.000024
32.098716  0.000012
32.118715  -0.000024
32.138714  -0.000024
32.158714  0.000000
32.178713  0.000000
32.198712  -0.000012
32.218711  0.000000
32.238710  0.000012
32.258710  -0.000012
32.278709  -0.000012
32.298708  -0.000012
32.318707  0.000012
32.338706  -0.000012
32.358706  -0.000012
32.378705  -0.000024
32.398704  0.000000
32.418703  -0.000012
32.438702  -0.000024
32.458702  -0.000012
32.478701  0.000000
32.498700  0.000000
32.518699  0.000000
32.538698  -0.000012
32.558698  0.000000
32.578697  0.000000
32.598696  0.000024
32.618695  0.000012
32.638694  0.000000
32.658694  0.000012
32.678693  0.000012
32.698692  0.000000
32.718691  0.000012
32.738690  -0.000012
32.758690  -0.000012
32.778689  -0.000012
32.798688  0.000000
32.818687  0.000000
32.838686  0.000012
32.858686  -0.000024
32.878685  -0.000012
32.898684  0.000012
32.918683  -0.000012
32.938682  -0.000012
32.958682  0.000000
32.978681  -0.000024
32.998680  -0.000024
33.018679  0.000000
33.038678  0.000012
33.058678  -0.000024
33.078677  -0.000012
33.098676  -0.000024
33.118675  -0.000024
33.138674  0.000000
33.158674  0.000012
33.178673  -0.000012
33.198672  -0.000012
33.218671  0.000000
33.238670  -0.000024
33.258670  -0.000012
33.278669  0.000012
33.298668  -0.000012
33.318667  0.000000
33.338666  0.000024
33.358666  0.000000
33.378665  -0.000012
33.398664  0.000000
33.418663  0.000000
33.438662  -0.000012
33.458662  0.000012
33.478661  0.000000
33.498660  -0.000012
33.518659  -0.000012
33.538658  0.000000
33.558658  0.000000
33.578657  -0.000012
33.598656  -0.000012
33.618655  0.000000
33.638654  -0.000024
33.658654  0.000000
33.678653  -0.000012
33.698652  -0.000012
33.718651  0.000012
33.738650  0.000012
33.758650  -0.000012
33.778649  0.000000
33.798648  -0.000012
33.818647  -0.000012
33.838646  -0.000024
33.858646  -0.000012
33.878645  -0.000024
33.898644  0.000012
33.918643  0.000012
33.938642  -0.000012
33.958642  0.000024
33.978641  -0.000024
33.998640  0.000000
34.018639  -0.000036
34.038638  0.000000
34.058638  -0.000012
34.078637  0.000012
34.098636  0.000012
34.118635  -0.000024
34.138634  0.000000
34.158634  0.000000
34.178633  -0.000024
34.198632  0.000000
34.218631  -0.000024
34.238630  -0.000012
34.258630  -0.000012
34.278629  0.000012
34.298628  0.000012
34.318627  0.000012
34.338626  0.000000
34.358626  0.000012
34.378625  -0.000024
34.398624  -0.000012
34.418623  0.000000
34.438622  -0.000012
34.458622  -0.000012
34.478621  -0.000012
34.498620  -0.000012
34.518619  0.000000
34.538618  0.000012
34.558618  -0.000024
34.578617  0.000012
34.598616  0.000000
34.618615  -0.000012
34.638614  -0.000012
34.658614  -0.000012
34.678613  0.000000
34.698612  0.000000
34.718611  0.000000
34.738610  0.000012
34.758610  0.000000
34.778609  0.000000
34.798608  0.000012
34.818607  0.000000
34.838606  -0.000012
34.858606  -0.000012
34.878605  -0.000024
34.898604  -0.000012
34.918603  0.000000
34.938602  0.000000
34.958602  0.000000
34.978601  0.000012
34.998600  0.000000
35.018599  0.000000
35.038598  0.000024
35.058598  -0.000012
35.078597  -0.000012
35.098596  0.000000
35.118595  -0.000012
35.138594  -0.000012
35.158594  -0.000012
35.178593  0.000000
35.198592  -0.000012
35.218591  -0.000012
35.238590  -0.000012
35.258590  0.000000
35.278589  0.000000
35.298588  -0.000012
35.318587  0.000000
35.338586  0.000000
35.358586  -0.000012
35.378585  0.000000
35.398584  0.000000
35.418583  0.000012
35.438582  -0.000012
35.458582  0.000000
35.478581  0.000000
35.498580  0.000000
35.518579  0.000000
35.538578  0.000000
35.558578  -0.000012
35.578577  0.000000
35.598576  -0.000024
35.618575  0.000000
35.638574  0.000000
35.658574  0.000024
35.678573  0.000000
35.698572  -0.000024
35.718571  0.000000
35.738570  0.000000
35.758570  -0.000012
35.778569  0.000012
35.798568  0.000024
35.818567  0.000024
35.838566  -0.000012
35.858566  -0.000012
35.878565  -0.000036
35.898564  -0.000012
35.918563  -0.000012
35.938562  0.000000
35.958562  0.000024
35.978561  -0.000012
35.998560  -0.000024
36.018559  0.000036
36.038558  -0.000012
36.058558  -0.000012
36.078557  -0.000012
36.098556  0.000024
36.118555  0.000000
36.138554  0.000012
36.158554  0.000000
36.178553  -0.000012
36.198552  -0.000012
36.218551  -0.000012
36.238550  -0.000012
36.258550  -0.000012
36.278549  0.000000
36.298548  0.000000
36.318547  0.000000
36.338546  -0.000012
36.358546  -0.000012
36.378545  -0.000012
36.398544  0.000012
36.418543  -0.000012
36.438542  0.000000
36.458542  0.000012
36.478541  0.000012
36.498540  -0.000024
36.518539  -0.000012
36.538538  -0.000024
36.558538  0.000000
36.578537  -0.000012
36.598536  -0.000024
36.618535  -0.000012
36.638534  0.000000
36.658534  0.000012
36.678533  0.000000
36.698532  0.000012
36.718531  -0.000024
36.738530  -0.000012
36.758530  -0.000024
36.778529  0.000012
36.798528  -0.000012
36.818527  0.000024
36.838526  -0.000012
36.858526  0.000012
36.878525  -0.000012
36.898524  -0.000012
36.918523  -0.000071
36.938522  0.000000
36.958522  -0.000012
36.978521  0.000012
36.998520  -0.000012
37.018519  0.000000
37.038518  0.000000
37.058518  0.000012
37.078517  0.000012
37.098516  -0.000012
37.118515  -0.000012
37.138514  0.000000
37.158514  -0.000012
37.178513  0.000024
37.198512  0.000000
37.218511  -0.000012
37.238510  -0.000012
37.258510  0.000000
37.278509  -0.000024
37.298508  -0.000012
37.318507  0.000012
37.338506  -0.000036
37.358506  0.000000
37.378505  -0.000012
37.398504  0.000024
37.418503  -0.000024
37.438502  0.000000
37.458502  0.000000
37.478501  0.000000
37.498500  -0.000012
37.518499  -0.000024
37.538498  -0.000012
37.558498  0.000000
37.578497  -0.000024
37.598496  -0.000012
37.618495  0.000000
37.638494  -0.000012
37.658494  0.000000
37.678493  0.000000
37.698492  0.000000
37.718491  0.000000
37.738490  -0.000012
37.758490  -0.000012
37.778489  0.000012
37.798488  0.000012
37.818487  0.000000
37.838486  0.000000
37.858486  0.000012
37.878485  -0.000024
37.898484  0.000000
37.918483  -0.000012
37.938482  0.000000
37.958482  0.000000
37.978481  0.000000
37.998480  -0.000024
38.018479  -0.000012
38.038478  -0.000024
38.058478  -0.000012
38.078477  -0.000012
38.098476  0.000012
38.118475  0.000000
38.138474  0.000000
38.158474  0.000000
38.178473  -0.000012
38.198472  0.000000
38.218471  -0.000012
38.238470  -0.000012
38.258470  0.000000
38.278469  -0.000024
38.298468  0.000000
38.318467  -0.000024
38.338466  -0.000036
38.358466  -0.000012
38.378465  -0.000024
38.398464  -0.000024
38.418463  -0.000012
38.438462  -0.000012
38.458462  0.000012
38.478461  0.000012
38.498460  -0.000012
38.518459  -0.000012
38.538458  -0.000012
38.558458  0.000000
38.578457  -0.000012
38.598456  -0.000012
38.618455  0.000000
38.638454  0.000012
38.658454  -0.000012
38.678453  -0.000012
38.698452  0.000000
38.718451  -0.000024
38.738450  0.000012
38.758450  0.000024
38.778449  0.000000
38.798448  -0.000024
38.818447  0.000000
38.838446  0.000000
38.858446  0.000000
38.878445  0.000000
38.898444  0.000012
38.918443  0.000000
38.938442  -0.000012
38.958442  0.000024
38.978441  0.000024
38.998440  -0.000012
39.018439  0.000000
39.038438  -0.000012
39.058438  -0.000024
39.078437  0.000012
39.098436  0.000024
39.118435  0.000012
39.138434  0.000012
39.158434  -0.000012
39.178433  -0.000024
39.198432  0.000000
39.218431  -0.000012
39.238430  -0.000012
39.258430  0.000000
39.278429  0.000000
39.298428  0.000012
39.318427  0.000012
39.338426  0.000012
39.358426  -0.000012
39.378425  -0.000012
39.398424  -0.000012
39.418423  0.000012
39.438422  -0.000012
39.458422  -0.000012
39.478421  0.000000
39.498420  0.000012
39.518419  0.000012
39.538418  0.000000
39.558418  0.000000
39.578417  0.000000
39.598416  -0.000012
39.618415  -0.000024
39.638414  0.000000
39.658414  -0.000012
39.678413  0.000012
39.698412  -0.000012
39.718411  -0.000012
39.738410  0.000000
39.758410  -0.000012
39.778409  0.000012
39.798408  -0.000024
39.818407  0.000000
39.838406  -0.000012
39.858406  -0.000012
39.878405  0.000000
39.898404  -0.000012
39.918403  0.000000
39.938402  -0.000012
39.958402  0.000000
39.978401  0.000000
39.998400  0.000000
40.018399  0.000012
40.038398  -0.000012
40.058398  0.000024
40.078397  -0.000024
40.098396  -0.000024
40.118395  -0.000012
40.138394  0.000000
40.158394  0.000000
40.178393  0.000000
40.198392  -0.000012
40.218391  -0.000012
40.238390  -0.000012
40.258390  0.000012
40.278389  -0.000012
40.298388  0.000012
40.318387  0.000012
40.338386  0.000012
40.358386  0.000000
40.378385  0.000012
40.398384  0.000000
40.418383  -0.000012
40.438382  0.000000
40.458382  -0.000024
40.478381  -0.000012
40.498380  -0.000024
40.518379  0.000012
40.538378  0.000000
40.558378  -0.000012
40.578377  0.000000
40.598376  -0.000012
40.618375  -0.000024
40.638374  0.000000
40.658374  -0.000012
40.678373  0.000000
40.698372  -0.000012
40.718371  0.000000
40.738370  -0.000012
40.758370  -0.000024
40.778369  -0.000012
40.798368  -0.000024
40.818367  0.000000
40.838366  -0.000024
40.858366  0.000000
40.878365  0.000000
40.898364  0.000000
40.918363  0.000000
40.938362  0.000000
40.958362  0.000012
40.978361  0.000000
40.998360  0.000000
41.018359  0.000000
41.038358  0.000000
41.058358  -0.000012
41.078357  -0.000024
41.098356  -0.000012
41.118355  -0.000012
41.138354  -0.000012
41.158354  0.000000
41.178353  -0.000024
41.198352  0.000000
41.218351  0.000000
41.238350  -0.000012
41.258350  -0.000012
41.278349  -0.000012
41.298348  0.000012
41.318347  -0.000012
41.338346  0.000000
41.358346  0.000012
41.378345  -0.000012
41.398344  -0.000012
41.418343  -0.000012
41.438342  0.000012
41.458342  0.000000
41.478341  -0.000012
41.498340  0.000000
41.518339  0.000000
41.538338  0.000012
41.558338  -0.000047
41.578337  0.000000
41.598336  0.000000
41.618335  0.000012
41.638334  0.000012
41.658334  0.000000
41.678333  0.000000
41.698332  -0.000012
41.718331  -0.000024
41.738330  -0.000012
41.758330  -0.000012
41.778329  0.000000
41.798328  -0.000012
41.818327  -0.000024
41.838326  -0.000012
41.858326  0.000000
41.878325  -0.000012
41.898324  0.000000
41.918323  0.000000
41.938322  0.000024
41.958322  -0.000012
41.978321  0.000000
41.998320  -0.000012
42.018319  0.000000
42.038318  -0.000012
42.058318  0.000012
42.078317  0.000012
42.098316  -0.000012
42.118315  -0.000012
42.138314  0.000000
42.158314  -0.000012
42.178313  0.000000
42.198312  0.000000
42.218311  -0.000012
42.238310  0.000000
42.258310  0.000000
42.278309  -0.000024
42.298308  0.000012
42.318307  -0.000012
42.338306  0.000024
42.358306  -0.000012
42.378305  0.000000
42.398304  0.000000
42.418303  -0.000012
42.438302  0.000000
42.458302  -0.000036
42.478301  -0.000024
42.498300  -0.000024
42.518299  -0.000012
42.538298  -0.000012
42.558298  0.000000
42.578297  -0.000012
42.598296  -0.000012
42.618295  0.000000
42.638294  0.000012
42.658294  0.000012
42.678293  0.000000
42.698292  -0.000024
42.718291  -0.000024
42.738290  -0.000012
42.758290  0.000000
42.778289  0.000000
42.798288  0.000012
42.818287  -0.000012
42.838286  0.000000
42.858286  0.000012
42.878285  0.000000
42.898284  0.000000
42.918283  0.000000
42.938282  -0.000012
42.958282  -0.000012
42.978281  0.000024
42.998280  -0.000012
43.018279  0.000000
43.038278  -0.000047
43.058278  0.000012
43.078277  0.000000
43.098276  0.000000
43.118275  0.000000
43.138274  -0.000012
43.158274  -0.000024
43.178273  0.000000
43.198272  -0.000036
43.218271  -0.000024
43.238270  -0.000012
43.258270  -0.000012
43.278269  -0.000012
43.298268  0.000012
43.318267  0.000000
43.338266  -0.000012
43.358266  -0.000012
43.378265  -0.000012
43.398264  0.000000
43.418263  -0.000012
43.438262  -0.000012
43.458262  -0.000012
43.478261  0.000000
43.498260  0.000024
43.518259  -0.000012
43.538258  -0.000012
43.558258  -0.000012
43.578257  -0.000036
43.598256  -0.000012
43.618255  -0.000024
43.638254  -0.000012
43.658254  0.000000
43.678253  0.000024
43.698252  -0.000012
43.718251  0.000012
43.738250  -0.000012
43.758250  -0.000012
43.778249  0.000012
43.798248  -0.000012
43.818247  -0.000024
43.838246  0.000000
43.858246  0.000000
43.878245  -0.000012
43.898244  -0.000024
43.918243  0.000000
43.938242  0.000012
43.958242  -0.000012
43.978241  -0.000012
43.998240  -0.000024
44.018239  -0.000024
44.038238  -0.000012
44.058238  -0.000012
44.078237  0.000000
44.098236  0.000012
44.118235  -0.000024
44.138234  -0.000012
44.158234  -0.000024
44.178233  0.000000
44.198232  -0.000012
44.218231  -0.000012
44.238230  -0.000036
44.258230  0.000000
44.278229  0.000000
44.298228  -0.000012
44.318227  -0.000012
44.338226  0.000012
44.358226  0.000024
44.378225  0.000012
44.398224  0.000000
44.418223  -0.000024
44.438222  -0.000012
44.458222  -0.000012
44.478221  0.000012
44.498220  0.000012
44.518219  -0.000012
44.538218  -0.000012
44.558218  -0.000012
44.578217  -0.000012
44.598216  -0.000012
44.618215  -0.000036
44.638214  -0.000012
44.658214  0.000000
44.678213  0.000000
44.698212  -0.000024
44.718211  -0.000012
44.738210  0.000000
44.758210  0.000024
44.778209  0.000024
44.798208  0.000000
44.818207  0.000012
44.838206  0.000000
44.858206  0.000000
44.878205  -0.000012
44.898204  -0.000012
44.918203  -0.000012
44.938202  -0.000012
44.958202  0.000012
44.978201  -0.000012
44.998200  0.000000
45.018199  -0.000012
45.038198  0.000000
45.058198  -0.000012
45.078197  -0.000012
45.098196  0.000000
45.118195  -0.000024
45.138194  0.000000
45.158194  -0.000012
45.178193  -0.000012
45.198192  -0.000024
45.218191  -0.000024
45.238190  -0.000012
45.258190  0.000000
45.278189  0.000000
45.298188  0.000000
45.318187  0.000012
45.338186  0.000000
45.358186  -0.000012
45.378185  0.000000
45.398184  -0.000012
45.418183  0.000012
45.438182  -0.000012
45.458182  0.000012
45.478181  0.000000
45.498180  0.000012
45.518179  0.000000
45.538178  0.000000
45.558178  0.000000
45.578177  -0.000012
45.598176  -0.000012
45.618175  0.000000
45.638174  -0.000012
45.658174  0.000012
45.678173  0.000000
45.698172  -0.000012
45.718171  0.000012
45.738170  0.000000
45.758170  0.000000
45.778169  0.000012
45.798168  -0.000012
45.818167  0.000012
45.838166  0.000000
45.858166  0.000000
45.878165  0.000000
45.898164  0.000000
45.918163  0.000000
45.938162  -0.000012
45.958162  0.000000
45.978161  -0.000012
45.998160  -0.000012
46.018159  0.000000
46.038158  0.000012
46.058158  -0.000012
46.078157  -0.000024
46.098156  0.000012
46.118155  0.000000
46.138154  0.000000
46.158154  0.000024
46.178153  0.000012
46.198152  -0.000012
46.218151  0.000000
46.238150  0.000012
46.258150  -0.000012
46.278149  0.000000
46.298148  -0.000012
46.318147  -0.000012
46.338146  -0.000012
46.358146  0.000012
46.378145  -0.000012
46.398144  -0.000012
46.418143  -0.000012
46.438142  0.000000
46.458142  0.000012
46.478141  0.000000
46.498140  0.000000
46.518139  0.000000
46.538138  0.000000
46.558138  -0.000012
46.578137  0.000000
46.598136  -0.000024
46.618135  -0.000012
46.638134  -0.000024
46.658134  0.000000
46.678133  -0.000012
46.698132  0.000000
46.718131  0.000000
46.738130  -0.000012
46.758130  0.000000
46.778129  -0.000012
46.798128  0.000000
46.818127  0.000000
46.838126  -0.000024
46.858126  0.000000
46.878125  -0.000012
46.898124  -0.000012
46.918123  -0.000012
46.938122  -0.000012
46.958122  -0.000012
46.978121  -0.000012
46.998120  0.000000
47.018119  0.000000
47.038118  0.000012
47.058118  0.000012
47.078117  0.000000
47.098116  -0.000012
47.118115  -0.000012
47.138114  -0.000024
47.158114  0.000024
47.178113  0.000000
47.198112  0.000000
47.218111  0.000024
47.238110  -0.000012
47.258110  -0.000012
47.278109  0.000000
47.298108  0.000000
47.318107  -0.000024
47.338106  0.000000
47.358106  -0.000012
47.378105  0.000000
47.398104  -0.000012
47.418103  0.000000
47.438102  0.000012
47.458102  0.000036
47.478101  0.000000
47.498100  0.000000
47.518099  0.000000
47.538098  0.000012
47.558098  0.000000
47.578097  -0.000012
47.598096  -0.000012
47.618095  0.000012
47.638094  -0.000012
47.658094  0.000000
47.678093  -0.000012
47.698092  0.000000
47.718091  0.000000
47.738090  -0.000012
47.758090  -0.000024
47.778089  -0.000012
47.798088  -0.000012
47.818087  0.000012
47.838086  -0.000012
47.858086  -0.000024
47.878085  -0.000012
47.898084  -0.000012
47.918083  0.000000
47.938082  -0.000012
47.958082  -0.000012
47.978081  -0.000036
47.998080  -0.000012
48.018079  -0.000012
48.038078  0.000000
48.058078  -0.000024
48.078077  -0.000024
48.098076  0.000012
48.118075  0.000000
48.138074  0.000012
48.158074  0.000000
48.178073  -0.000024
48.198072  -0.000012
48.218071  -0.000012
48.238070  -0.000024
48.258070  0.000000
48.278069  -0.000012
48.298068  -0.000012
48.318067  -0.000012
48.338066  -0.000012
48.358066  -0.000024
48.378065  0.000000
48.398064  -0.000024
48.418063  0.000000
48.438062  -0.000047
48.458062  -0.000012
48.478061  0.000000
48.498060  -0.000012
48.518059  -0.000012
48.538058  0.000012
48.558058  -0.000012
48.578057  -0.000012
48.598056  -0.000012
48.618055  -0.000024
48.638054  -0.000024
48.658054  -0.000012
48.678053  -0.000012
48.698052  -0.000024
48.718051  -0.000012
48.738050  -0.000012
48.758050  0.000000
48.778049  -0.000012
48.798048  0.000000
48.818047  -0.000012
48.838046  -0.000024
48.858046  0.000012
48.878045  -0.000024
48.898044  0.000012
48.918043  0.000024
48.938042  0.000000
48.958042  0.000012
48.978041  -0.000012
48.998040  -0.000024
49.018039  -0.000024
49.038038  0.000000
49.058038  -0.000012
49.078037  -0.000024
49.098036  0.000000
49.118035  -0.000012
49.138034  0.000000
49.158034  0.000012
49.178033  -0.000012
49.198032  -0.000012
49.218031  -0.000012
49.238030  0.000000
49.258030  -0.000012
49.278029  -0.000012
49.298028  0.000012
49.318027  0.000000
49.338026  -0.000012
49.358026  -0.000012
49.378025  0.000012
49.398024  -0.000024
49.418023  0.000012
49.438022  0.000012
49.458022  0.000000
49.478021  -0.000012
49.498020  -0.000012
49.518019  0.000000
49.538018  -0.000012
49.558018  0.000000
49.578017  0.000024
49.598016  0.000000
49.618015  -0.000024
49.638014  0.000012
49.658014  0.000000
49.678013  0.000000
49.698012  0.000000
49.718011  -0.000024
49.738010  0.000000
49.758010  -0.000012
49.778009  0.000012
49.798008  0.000000
49.818007  -0.000012
49.838006  -0.000012
49.858006  -0.000012
49.878005  -0.000012
49.898004  -0.000012
49.918003  -0.000012
49.938002  -0.000012
49.958002  -0.000012
49.978001  -0.000012
49.998000  0.000000
50.017999  0.000012
50.037998  -0.000012
50.057998  -0.000036
50.077997  -0.000012
50.097996  -0.000024
50.117995  0.000000
50.137994  -0.000012
50.157994  0.000000
50.177993  0.000000
50.197992  0.000000
50.217991  -0.000012
50.237990  0.000012
50.257990  0.000012
50.277989  0.000012
50.297988  -0.000012
50.317987  0.000012
50.337986  0.000000
50.357986  0.000000
50.377985  0.000000
50.397984  -0.000012
50.417983  0.000012
50.437982  0.000000
50.457982  -0.000012
50.477981  -0.000012
50.497980  0.000000
50.517979  0.000000
50.537978  -0.000012
50.557978  -0.000012
50.577977  0.000012
50.597976  0.000000
50.617975  0.000012
50.637974  -0.000024
50.657974  -0.000024
50.677973  0.000000
50.697972  0.000012
50.717971  -0.000012
50.737970  0.000012
50.757970  -0.000012
50.777969  0.000000
50.797968  0.000012
50.817967  0.000000
50.837966  0.000012
50.857966  0.000024
50.877965  -0.000012
50.897964  -0.000024
50.917963  -0.000012
50.937962  0.000000
50.957962  0.000024
50.977961  -0.000012
50.997960  0.000012
51.017959  0.000000
51.037958  0.000012
51.057958  -0.000012
51.077957  0.000000
51.097956  -0.000024
51.117955  -0.000012
51.137954  -0.000012
51.157954  -0.000036
51.177953  -0.000012
51.197952  0.000000
51.217951  0.000000
51.237950  0.000000
51.257950  0.000000
51.277949  -0.000012
51.297948  0.000000
51.317947  0.000012
51.337946  -0.000024
51.357946  0.000000
51.377945  0.000024
51.397944  0.000000
51.417943  -0.000012
51.437942  0.000000
51.457942  -0.000012
51.477941  0.000000
51.497940  0.000000
51.517939  0.000000
51.537938  0.000000
51.557938  0.000012
51.577937  0.000012
51.597936  -0.000012
51.617935  0.000000
51.637934  -0.000024
51.657934  0.000000
51.677933  0.000000
51.697932  0.000024
51.717931  0.000000
51.737930  -0.000024
51.757930  -0.000012
51.777929  -0.000012
51.797928  0.000012
51.817927  0.000012
51.837926  -0.000012
51.857926  0.000000
51.877925  0.000000
51.897924  -0.000012
51.917923  0.000000
51.937922  -0.000024
51.957922  0.000000
51.977921  -0.000012
51.997920  -0.000012
52.017919  0.000012
52.037918  0.000012
52.057918  0.000000
52.077917  0.000000
52.097916  0.000000
52.117915  -0.000012
52.137914  0.000000
52.157914  0.000000
52.177913  0.000000
52.197912  0.000012
52.217911  -0.000012
52.237910  -0.000012
52.257910  0.000000
52.277909  0.000000
52.297908  0.000000
52.317907  0.000000
52.337906  -0.000012
52.357906  0.000000
52.377905  0.000000
52.397904  0.000000
52.417903  0.000036
52.437902  0.000000
52.457902  0.000000
52.477901  -0.000012
52.497900  0.000000
52.517899  -0.000012
52.537898  -0.000012
52.557898  -0.000012
52.577897  -0.000024
52.597896  0.000000
52.617895  -0.000012
52.637894  0.000024
52.657894  0.000012
52.677893  0.000000
52.697892  0.000000
52.717891  0.000000
52.737890  -0.000012
52.757890  0.000000
52.777889  0.000000
52.797888  0.000000
52.817887  0.000000
52.837886  -0.000012
52.857886  0.000024
52.877885  -0.000012
52.897884  -0.000024
52.917883  -0.000024
52.937882  0.000000
52.957882  0.000012
52.977881  -0.000012
52.997880  0.000012
53.017879  0.000012
53.037878  0.000000
53.057878  0.000000
53.077877  0.000012
53.097876  -0.000012
53.117875  -0.000024
53.137874  0.000000
53.157874  0.000000
53.177873  0.000000
53.197872  0.000000
53.217871  0.000000
53.237870  0.000000
53.257870  0.000012
53.277869  0.000000
53.297868  -0.000012
53.317867  0.000012
53.337866  0.000000
53.357866  0.000024
53.377865  0.000024
53.397864  0.000012
53.417863  -0.000012
53.437862  -0.000024
53.457862  -0.000012
53.477861  -0.000024
53.497860  -0.000012
53.517859  -0.000012
53.537858  -0.000012
53.557858  -0.000024
53.577857  0.000000
53.597856  -0.000012
53.617855  -0.000012
53.637854  0.000000
53.657854  0.000000
53.677853  -0.000012
53.697852  0.000024
53.717851  -0.000012
53.737850  0.000000
53.757850  0.000000
53.777849  -0.000024
53.797848  -0.000012
53.817847  -0.000024
53.837846  0.000000
53.857846  0.000024
53.877845  0.000000
53.897844  0.000000
53.917843  0.000000
53.937842  0.000000
53.957842  -0.000012
53.977841  0.000000
53.997840  0.000012
54.017839  -0.000012
54.037838  -0.000012
54.057838  0.000000
54.077837  0.000012
54.097836  0.000012
54.117835  0.000000
54.137834  0.000000
54.157834  0.000000
54.177833  0.000000
54.197832  -0.000024
54.217831  -0.000024
54.237830  -0.000012
54.257830  -0.000012
54.277829  -0.000012
54.297828  -0.000012
54.317827  0.000012
54.337826  -0.000012
54.357826  0.000012
54.377825  0.000000
54.397824  -0.000012
54.417823  -0.000012
54.437822  0.000000
54.457822  0.000012
54.477821  0.000012
54.497820  0.000024
54.517819  0.000000
54.537818  0.000000
54.557818  0.000000
54.577817  0.000012
54.597816  -0.000012
54.617815  -0.000012
54.637814  -0.000012
54.657814  -0.000012
54.677813  0.000000
54.697812  0.000012
54.717811  0.000012
54.737810  0.000000
54.757810  -0.000024
54.777809  -0.000012
54.797808  0.000000
54.817807  -0.000012
54.837806  -0.000012
54.857806  0.000000
54.877805  0.000012
54.897804  -0.000012
54.917803  -0.000036
54.937802  0.000012
54.957802  -0.000012
54.977801  -0.000012
54.997800  0.000012
55.017799  0.000000
55.037798  -0.000012
55.057798  0.000000
55.077797  0.000000
55.097796  0.000012
55.117795  0.000012
55.137794  0.000000
55.157794  0.000000
55.177793  0.000024
55.197792  0.000000
55.217791  0.000000
55.237790  -0.000024
55.257790  -0.000012
55.277789  -0.000012
55.297788  -0.000024
55.317787  0.000000
55.337786  0.000000
55.357786  -0.000012
55.377785  -0.000012
55.397784  0.000012
55.417783  -0.000024
55.437782  0.000000
55.457782  -0.000012
55.477781  -0.000012
55.497780  -0.000012
55.517779  0.000000
55.537778  0.000000
55.557778  0.000012
55.577777  -0.000012
55.597776  0.000024
55.617775  -0.000036
55.637774  -0.000024
55.657774  -0.000012
55.677773  -0.000036
55.697772  -0.000012
55.717771  -0.000024
55.737770  0.000000
55.757770  -0.000012
55.777769  -0.000012
55.797768  0.000000
55.817767  -0.000012
55.837766  0.000012
55.857766  -0.000012
55.877765  -0.000012
55.897764  0.000000
55.917763  -0.000012
55.937762  0.000000
55.957762  0.000000
55.977761  -0.000012
55.997760  0.000000
56.017759  -0.000012
56.037758  0.000000
56.057758  -0.000012
56.077757  -0.000012
56.097756  -0.000024
56.117755  0.000000
56.137754  -0.000012
56.157754  0.000000
56.177753  -0.000024
56.197752  0.000000
56.217751  -0.000012
56.237750  0.000000
56.257750  0.000024
56.277749  -0.000012
56.297748  -0.000024
56.317747  -0.000012
56.337746  -0.000024
56.357746  -0.000012
56.377745  -0.000012
56.397744  -0.000012
56.417743  -0.000024
56.437742  0.000000
56.457742  0.000012
56.477741  -0.000012
56.497740  -0.000012
56.517739  0.000000
56.537738  -0.000012
56.557738  -0.000012
56.577737  -0.000012
56.597736  -0.000012
56.617735  -0.000024
56.637734  0.000012
56.657734  -0.000012
56.677733  -0.000012
56.697732  -0.000012
56.717731  -0.000012
56.737730  0.000000
56.757730  0.000012
56.777729  0.000000
56.797728  -0.000012
56.817727  0.000012
56.837726  -0.000012
56.857726  0.000012
56.877725  -0.000012
56.897724  -0.000012
56.917723  -0.000012
56.937722  0.000012
56.957722  -0.000012
56.977721  0.000024
56.997720  0.000000
57.017719  0.000012
57.037718  0.000000
57.057718  0.000012
57.077717  0.000000
57.097716  -0.000024
57.117715  -0.000012
57.137714  -0.000024
57.157714  -0.000012
57.177713  0.000000
57.197712  0.000000
57.217711  -0.000012
57.237710  -0.000012
57.257710  -0.000012
57.277709  0.000000
57.297708  0.000000
57.317707  -0.000012
57.337706  -0.000036
57.357706  0.000000
57.377705  -0.000012
57.397704  0.000000
57.417703  -0.000012
57.437702  0.000000
57.457702  0.000000
57.477701  -0.000012
57.497700  -0.000024
57.517699  0.000024
57.537698  -0.000024
57.557698  0.000012
57.577697  0.000000
57.597696  -0.000012
57.617695  0.000012
57.637694  -0.000012
57.657694  0.000000
57.677693  -0.000012
57.697692  -0.000012
57.717691  0.000000
57.737690  0.000000
57.757690  -0.000012
57.777689  -0.000036
57.797688  0.000000
57.817687  -0.000012
57.837686  0.000000
57.857686  0.000000
57.877685  0.000000
57.897684  0.000000
57.917683  0.000012
57.937682  0.000012
57.957682  -0.000012
57.977681  -0.000012
57.997680  -0.000012
58.017679  -0.000012
58.037678  0.000000
58.057678  -0.000024
58.077677  -0.000012
58.097676  0.000012
58.117675  0.000012
58.137674  0.000000
58.157674  0.000012
58.177673  0.000000
58.197672  0.000000
58.217671  -0.000012
58.237670  0.000000
58.257670  -0.000012
58.277669  0.000024
58.297668  -0.000024
58.317667  -0.000012
58.337666  0.000000
58.357666  -0.000012
58.377665  0.000000
58.397664  0.000012
58.417663  -0.000012
58.437662  0.000000
58.457662  0.000000
58.477661  -0.000012
58.497660  0.000012
58.517659  0.000012
58.537658  0.000024
58.557658  -0.000012
58.577657  -0.000012
58.597656  -0.000012
58.617655  0.000012
58.637654  0.000012
58.657654  -0.000012
58.677653  0.000012
58.697652  0.000012
58.717651  -0.000012
58.737650  0.000012
58.757650  -0.000012
58.777649  0.000000
58.797648  -0.000012
58.817647  -0.000012
58.837646  0.000000
58.857646  0.000000
58.877645  0.000012
58.897644  0.000000
58.917643  -0.000012
58.937642  0.000024
58.957642  -0.000024
58.977641  0.000000
58.997640  -0.000012
59.017639  0.000012
59.037638  0.000012
59.057638  0.000000
59.077637  0.000000
59.097636  0.000000
59.117635  -0.000012
59.137634  -0.000024
59.157634  -0.000024
59.177633  0.000000
59.197632  0.000000
59.217631  0.000000
59.237630  0.000000
59.257630  0.000000
59.277629  0.000000
59.297628  0.000012
59.317627  -0.000012
59.337626  0.000000
59.357626  -0.000012
59.377625  -0.000012
59.397624  0.000012
59.417623  -0.000024
59.437622  -0.000012
59.457622  -0.000024
59.477621  -0.000024
59.497620  0.000000
59.517619  -0.000012
59.537618  0.000024
59.557618  0.000000
59.577617  -0.000012
59.597616  0.000012
59.617615  0.000000
59.637614  -0.000012
59.657614  0.000012
59.677613  0.000000
59.697612  0.000012
59.717611  -0.000012
59.737610  0.000012
59.757610  0.000000
59.777609  -0.000012
59.797608  0.000000
59.817607  0.000000
59.837606  -0.000024
59.857606  0.000012
59.877605  -0.000012
59.897604  0.000000
59.917603  0.000000
59.937602  0.000000
59.957602  0.000000
59.977601  0.000012
59.997600  0.000000
60.017599  0.000000
60.037598  0.000000
60.057598  -0.000012
60.077597  0.000000
60.097596  0.000000
60.117595  -0.000012
60.137594  0.000000
60.157594  0.000000
60.177593  0.000012
60.197592  0.000012
60.217591  -0.000012
60.237590  0.000012
60.257590  -0.000012
60.277589  0.000000
60.297588  -0.000012
60.317587  0.000012
60.337586  0.000000
60.357586  0.000000
60.377585  -0.000012
60.397584  -0.000012
60.417583  -0.000012
60.437582  0.000000
60.457582  -0.000012
60.477581  0.000000
60.497580  -0.000012
60.517579  0.000000
60.537578  0.000000
60.557578  0.000012
60.577577  0.000000
60.597576  0.000000
60.617575  0.000000
60.637574  0.000000
60.657574  -0.000012
60.677573  -0.000012
60.697572  -0.000012
60.717571  0.000000
60.737570  -0.000012
60.757570  -0.000012
60.777569  0.000000
60.797568  0.000012
60.817567  -0.000012
60.837566  -0.000012
60.857566  -0.000012
60.877565  -0.000012
60.897564  0.000000
60.917563  0.000000
60.937562  -0.000024
60.957562  0.000012
60.977561  0.000012
60.997560  -0.000036
61.017559  0.000012
61.037558  -0.000012
61.057558  0.000012
61.077557  -0.000012
61.097556  0.000000
61.117555  -0.000012
61.137554  0.000012
61.157554  0.000000
61.177553  -0.000024
61.197552  0.000000
61.217551  -0.000012
61.237550  0.000000
61.257550  0.000000
61.277549  0.000012
61.297548  0.000012
61.317547  0.000000
61.337546  -0.000012
61.357546  0.000000
61.377545  -0.000012
61.397544  0.000012
61.417543  -0.000012
61.437542  0.000000
61.457542  0.000000
61.477541  0.000000
61.497540  0.000000
61.517539  -0.000012
61.537538  -0.000012
61.557538  -0.000012
61.577537  0.000000
61.597536  0.000000
61.617535  0.000000
61.637534  0.000000
61.657534  0.000000
61.677533  0.000024
61.697532  0.000000
61.717531  -0.000012
61.737530  -0.000012
61.757530  0.000000
61.777529  0.000012
61.797528  0.000000
61.817527  -0.000012
61.837526  -0.000012
61.857526  -0.000012
61.877525  0.000000
61.897524  0.000012
61.917523  -0.000012
61.937522  -0.000012
61.957522  -0.000012
61.977521  -0.000012
61.997520  -0.000012
62.017519  -0.000012
62.037518  0.000012
62.057518  0.000024
62.077517  0.000000
62.097516  0.000000
62.117515  -0.000012
62.137514  0.000012
62.157514  -0.000012
62.177513  0.000000
62.197512  0.000012
62.217511  -0.000012
62.237510  -0.000012
62.257510  0.000000
62.277509  0.000012
62.297508  0.000000
62.317507  -0.000012
62.337506  -0.000012
62.357506  0.000000
62.377505  0.000000
62.397504  0.000000
62.417503  -0.000012
62.437502  -0.000012
62.457502  0.000000
62.477501  0.000000
62.497500  -0.000012
62.517499  0.000000
62.537499  0.000000
62.557498  0.000000
62.577497  0.000000
62.597496  0.000012
62.617495  -0.000012
62.637495  0.000012
62.657494  -0.000024
62.677493  0.000036
62.697492  0.000024
62.717491  0.000000
62.737491  0.000000
62.757490  -0.000012
62.777489  0.000012
62.797488  0.000000
62.817487  -0.000036
62.837487  0.000000
62.857486  0.000000
62.877485  0.000012
62.897484  -0.000012
62.917483  -0.000012
62.937483  -0.000012
62.957482  -0.000012
62.977481  0.000000
62.997480  0.000000
63.017479  0.000000
63.037479  0.000000
63.057478  0.000000
63.077477  0.000000
63.097476  0.000024
63.117475  0.000012
63.137475  0.000000
63.157474  0.000000
63.177473  0.000000
63.197472  0.000012
63.217471  0.000012
63.237471  -0.000024
63.257470  0.000000
63.277469  0.000000
63.297468  0.000000
63.317467  0.000000
63.337467  0.000012
63.357466  0.000000
63.377465  0.000000
63.397464  -0.000012
63.417463  0.000024
63.437463  -0.000024
63.457462  -0.000012
63.477461  0.000000
63.497460  -0.000012
63.517459  -0.000012
63.537459  0.000000
63.557458  -0.000012
63.577457  0.000000
63.597456  0.000024
63.617455  -0.000012
63.637455  -0.000012
63.657454  -0.000012
63.677453  0.000000
63.697452  0.000024
63.717451  0.000000
63.737451  0.000000
63.757450  0.000000
63.777449  0.000012
63.797448  0.000000
63.817447  0.000000
63.837447  0.000000
63.857446  0.000000
63.877445  0.000012
63.897444  -0.000012
63.917443  -0.000012
63.937443  0.000000
63.957442  0.000000
63.977441  0.000000
63.997440  -0.000036
64.017439  0.000000
64.037439  -0.000024
64.057438  -0.000036
64.077437  0.000012
64.097436  0.000000
64.117435  -0.000012
64.137435  0.000000
64.157434  -0.000012
64.177433  -0.000012
64.197432  0.000012
64.217431  -0.000012
64.237431  0.000000
64.257430  0.000012
64.277429  -0.000012
64.297428  -0.000024
64.317427  0.000000
64.337427  0.000000
64.357426  0.000000
64.377425  0.000000
64.397424  0.000012
64.417423  -0.000012
64.437423  -0.000012
64.457422  0.000000
64.477421  -0.000012
64.497420  -0.000012
64.517419  0.000000
64.537419  0.000000
64.557418  0.000000
64.577417  -0.000012
64.597416  0.000000
64.617415  0.000000
64.637415  0.000000
64.657414  0.000000
64.677413  -0.000024
64.697412  0.000012
64.717411  0.000000
64.737411  0.000000
64.757410  -0.000012
64.777409  0.000012
64.797408  0.000000
64.817407  0.000012
64.837407  0.000000
64.857406  -0.000012
64.877405  -0.000012
64.897404  -0.000012
64.917403  -0.000024
64.937403  -0.000012
64.957402  0.000000
64.977401  0.000012
64.997400  0.000000
65.017399  0.000000
65.037399  0.000000
65.057398  -0.000012
65.077397  -0.000036
65.097396  -0.000012
65.117395  0.000000
65.137395  0.000000
65.157394  0.000000
65.177393  0.000012
65.197392  0.000012
65.217391  -0.000012
65.237391  0.000000
65.257390  -0.000012
65.277389  -0.000024
65.297388  -0.000012
65.317387  -0.000036
65.337387  -0.000012
65.357386  -0.000024
65.377385  0.000000
65.397384  0.000000
65.417383  0.000000
65.437383  0.000000
65.457382  -0.000012
65.477381  -0.000012
65.497380  -0.000012
65.517379  -0.000012
65.537379  -0.000012
65.557378  -0.000012
65.577377  -0.000012
65.597376  -0.000012
65.617375  0.000000
65.637375  -0.000012
65.657374  -0.000012
65.677373  0.000012
65.697372  0.000012
65.717371  0.000000
65.737371  -0.000012
65.757370  -0.000012
65.777369  0.000000
65.797368  0.000012
65.817367  0.000000
65.837367  0.000000
65.857366  0.000000
65.877365  -0.000012
65.897364  0.000012
65.917363  0.000024
65.937363  0.000000
65.957362  -0.000012
65.977361  0.000000
65.997360  0.000000
66.017359  -0.000012
66.037359  0.000012
66.057358  0.000000
66.077357  -0.000012
66.097356  0.000012
66.117355  0.000012
66.137355  -0.000012
66.157354  0.000000
66.177353  -0.000012
66.197352  0.000000
66.217351  -0.000012
66.237351  -0.000012
66.257350  0.000000
66.277349  -0.000012
66.297348  -0.000012
66.317347  -0.000012
66.337347  0.000000
66.357346  -0.000012
66.377345  0.000000
66.397344  -0.000012
66.417343  0.000000
66.437343  -0.000012
66.457342  0.000000
66.477341  -0.000012
66.497340  0.000000
66.517339  0.000000
66.537339  0.000000
66.557338  -0.000012
66.577337  -0.000012
66.597336  -0.000024
66.617335  0.000000
66.637335  -0.000012
66.657334  0.000000
66.677333  0.000000
66.697332  -0.000012
66.717331  0.000000
66.737331  0.000000
66.757330  0.000012
66.777329  0.000000
66.797328  0.000012
66.817327  0.000000
66.837327  0.000000
66.857326  0.000000
66.877325  0.000000
66.897324  -0.000012
66.917323  0.000000
66.937323  -0.000012
66.957322  0.000000
66.977321  -0.000012
66.997320  -0.000012
67.017319  -0.000012
67.037319  0.000000
67.057318  -0.000012
67.077317  -0.000024
67.097316  -0.000024
67.117315  0.000000
67.137315  0.000000
67.157314  -0.000024
67.177313  0.000000
67.197312  -0.000012
67.217311  -0.000024
67.237311  -0.000036
67.257310  -0.000024
67.277309  -0.000012
67.297308  0.000000
67.317307  0.000012
67.337307  0.000000
67.357306  -0.000024
67.377305  0.000000
67.397304  -0.000024
67.417303  0.000012
67.437303  -0.000012
67.457302  -0.000012
67.477301  -0.000012
67.497300  -0.000012
67.517299  0.000000
67.537299  0.000012
67.557298  0.000000
67.577297  0.000012
67.597296  0.000012
67.617295  0.000000
67.637295  -0.000012
67.657294  -0.000047
67.677293  -0.000012
67.697292  -0.000012
67.717291  -0.000012
67.737291  0.000000
67.757290  -0.000012
67.777289  0.000012
67.797288  0.000000
67.817287  -0.000012
67.837287  0.000000
67.857286  0.000012
67.877285  0.000000
67.897284  -0.000012
67.917283  0.000012
67.937283  -0.000012
67.957282  0.000000
67.977281  0.000000
67.997280  0.000000
68.017279  -0.000036
68.037279  -0.000012
68.057278  -0.000012
68.077277  -0.000024
68.097276  0.000000
68.117275  0.000012
68.137275  0.000000
68.157274  0.000000
68.177273  0.000000
68.197272  -0.000012
68.217271  -0.000012
68.237271  0.000000
68.257270  0.000000
68.277269  0.000000
68.297268  0.000012
68.317267  -0.000012
68.337267  0.000012
68.357266  -0.000024
68.377265  -0.000024
68.397264  -0.000024
68.417263  0.000000
68.437263  -0.000024
68.457262  0.000000
68.477261  0.000000
68.497260  0.000000
68.517259  -0.000012
68.537259  0.000000
68.557258  -0.000012
68.577257  0.000000
68.597256  -0.000012
68.617255  -0.000012
68.637255  -0.000024
68.657254  -0.000012
68.677253  -0.000036
68.697252  0.000000
68.717251  -0.000012
68.737251  -0.000012
68.757250  -0.000012
68.777249  -0.000012
68.797248  0.000000
68.817247  -0.000012
68.837247  -0.000012
68.857246  0.000000
68.877245  0.000000
68.897244  -0.000012
68.917243  -0.000024
68.937243  -0.000012
68.957242  -0.000012
68.977241  -0.000024
68.997240  0.000000
69.017239  -0.000024
69.037239  0.000000
69.057238  -0.000024
69.077237  0.000000
69.097236  0.000000
69.117235  -0.000012
69.137235  -0.000024
69.157234  0.000000
69.177233  0.000000
69.197232  0.000012
69.217231  0.000000
69.237231  0.000000
69.257230  -0.000024
69.277229  0.000000
69.297228  -0.000012
69.317227  -0.000012
69.337227  0.000012
69.357226  -0.000012
69.377225  0.000000
69.397224  0.000000
69.417223  0.000000
69.437223  -0.000012
69.457222  0.000000
69.477221  0.000012
69.497220  0.000000
69.517219  -0.000012
69.537219  -0.000012
69.557218  0.000000
69.577217  0.000000
69.597216  0.000012
69.617215  0.000000
69.637215  0.000000
69.657214  0.000000
69.677213  0.000000
69.697212  -0.000024
69.717211  -0.000012
69.737211  -0.000012
69.757210  -0.000012
69.777209  0.000012
69.797208  0.000000
69.817207  0.000012
69.837207  0.000000
69.857206  0.000000
69.877205  -0.000012
69.897204  0.000012
69.917203  -0.000024
69.937203  0.000012
69.957202  -0.000012
69.977201  -0.000012
69.997200  0.000000
70.017199  0.000012
70.037199  -0.000012
70.057198  -0.000012
70.077197  0.000012
70.097196  0.000000
70.117195  0.000000
70.137195  0.000000
70.157194  0.000000
70.177193  0.000000
70.197192  -0.000012
70.217191  0.000012
70.237191  0.000000
70.257190  0.000024
70.277189  0.000000
70.297188  -0.000012
70.317187  0.000012
70.337187  0.000000
70.357186  -0.000024
70.377185  -0.000012
70.397184  0.000000
70.417183  -0.000012
70.437183  0.000012
70.457182  -0.000012
70.477181  0.000012
70.497180  0.000000
70.517179  0.000000
70.537179  -0.000024
70.557178  -0.000012
70.577177  0.000000
70.597176  0.000012
70.617175  -0.000012
70.637175  -0.000012
70.657174  0.000000
70.677173  0.000000
70.697172  0.000000
70.717171  0.000000
70.737171  0.000000
70.757170  -0.000024
70.777169  0.000000
70.797168  -0.000012
70.817167  0.000000
70.837167  0.000012
70.857166  -0.000012
70.877165  0.000000
70.897164  -0.000012
70.917163  0.000012
70.937163  0.000024
70.957162  0.000012
70.977161  0.000000
70.997160  -0.000012
71.017159  0.000000
71.037159  0.000000
71.057158  -0.000012
71.077157  0.000000
71.097156  -0.000012
71.117155  0.000012
71.137155  -0.000024
71.157154  -0.000012
71.177153  0.000000
71.197152  0.000000
71.217151  -0.000024
71.237151  -0.000012
71.257150  0.000000
71.277149  0.000024
71.297148  0.000012
71.317147  0.000000
71.337147  0.000000
71.357146  -0.000024
71.377145  -0.000024
71.397144  -0.000012
71.417143  -0.000012
71.437143  0.000012
71.457142  0.000000
71.477141  0.000024
71.497140  0.000000
71.517139  -0.000012
71.537139  0.000012
71.557138  0.000012
71.577137  0.000012
71.597136  -0.000012
71.617135  0.000024
71.637135  0.000012
71.657134  0.000012
71.677133  0.000012
71.697132  0.000024
71.717131  0.000012
71.737131  0.000000
71.757130  0.000012
71.777129  0.000012
71.797128  0.000000
71.817127  0.000000
71.837127  -0.000024
71.857126  0.000012
71.877125  -0.000012
71.897124  -0.000012
71.917123  0.000024
71.937123  0.000012
71.957122  0.000000
71.977121  0.000012
71.997120  -0.000012
72.017119  0.000000
72.037119  -0.000012
72.057118  0.000000
72.077117  -0.000012
72.097116  -0.000024
72.117115  0.000024
72.137115  -0.000012
72.157114  0.000000
72.177113  0.000000
72.197112  0.000012
72.217111  -0.000012
72.237111  -0.000024
72.257110  0.000000
72.277109  0.000012
72.297108  -0.000012
72.317107  -0.000012
72.337107  0.000000
72.357106  0.000012
72.377105  0.000000
72.397104  -0.000012
72.417103  -0.000012
72.437103  -0.000012
72.457102  -0.000024
72.477101  0.000000
72.497100  -0.000012
72.517099  -0.000012
72.537099  -0.000012
72.557098  -0.000012
72.577097  -0.000012
72.597096  0.000012
72.617095  -0.000012
72.637095  0.000012
72.657094  0.000000
72.677093  -0.000012
72.697092  0.000012
72.717091  0.000000
72.737091  0.000012
72.757090  0.000012
72.777089  0.000012
72.797088  0.000000
72.817087  0.000000
72.837087  -0.000024
72.857086  -0.000024
72.877085  0.000000
72.897084  0.000000
72.917083  -0.000012
72.937083  0.000000
72.957082  -0.000012
72.977081  0.000000
72.997080  -0.000012
73.017079  -0.000012
73.037079  0.000000
73.057078  -0.000024
73.077077  0.000000
73.097076  0.000000
73.117075  0.000000
73.137075  -0.000012
73.157074  -0.000012
73.177073  -0.000012
73.197072  -0.000012
73.217071  0.000012
73.237071  0.000000
73.257070  -0.000012
73.277069  0.000012
73.297068  0.000000
73.317067  0.000012
73.337067  0.000000
73.357066  -0.000012
73.377065  0.000012
73.397064  0.000000
73.417063  0.000012
73.437063  0.000000
73.457062  0.000000
73.477061  -0.000012
73.497060  0.000000
73.517059  0.000000
73.537059  0.000000
73.557058  -0.000024
73.577057  0.000000
73.597056  0.000000
73.617055  0.000000
73.637055  0.000012
73.657054  0.000024
73.677053  0.000000
73.697052  0.000000
73.717051  0.000000
73.737051  -0.000012
73.757050  0.000000
73.777049  0.000012
73.797048  -0.000012
73.817047  0.000000
73.837047  0.000012
73.857046  -0.000012
73.877045  0.000000
73.897044  0.000012
73.917043  -0.000024
73.937043  0.000012
73.957042  -0.000012
73.977041  -0.000012
73.997040  -0.000012
74.017039  0.000000
74.037039  0.000000
74.057038  0.000012
74.077037  0.000012
74.097036  0.000012
74.117035  0.000000
74.137035  -0.000012
74.157034  0.000000
74.177033  0.000000
74.197032  0.000000
74.217031  -0.000012
74.237031  0.000012
74.257030  -0.000024
74.277029  0.000024
74.297028  0.000000
74.317027  0.000000
74.337027  -0.000024
74.357026  0.000000
74.377025  0.000012
74.397024  0.000000
74.417023  -0.000024
74.437023  0.000024
74.457022  0.000000
74.477021  0.000012
74.497020  -0.000012
74.517019  0.000000
74.537019  -0.000012
74.557018  0.000000
74.577017  -0.000012
74.597016  -0.000012
74.617015  -0.000012
74.637015  0.000012
74.657014  0.000000
74.677013  -0.000012
74.697012  0.000012
74.717011  0.000000
74.737011  0.000000
74.757010  0.000000
74.777009  0.000000
74.797008  -0.000012
74.817007  0.000024
74.837007  0.000000
74.857006  0.000000
74.877005  -0.000012
74.897004  0.000012
74.917003  -0.000012
74.937003  0.000000
74.957002  0.000012
74.977001  -0.000012
74.997000  -0.000012
75.016999  -0.000012
75.036999  -0.000012
75.056998  0.000012
75.076997  0.000024
75.096996  0.000012
75.116995  0.000012
75.136995  0.000000
75.156994  -0.000012
75.176993  0.000012
75.196992  0.000012
75.216991  0.000000
75.236991  0.000000
75.256990  -0.000012
75.276989  -0.000012
75.296988  -0.000012
75.316987  -0.000012
75.336987  -0.000024
75.356986  -0.000012
75.376985  0.000000
75.396984  -0.000012
75.416983  0.000000
75.436983  0.000000
75.456982  -0.000012
75.476981  0.000000
75.496980  0.000000
75.516979  0.000000
75.536979  -0.000012
75.556978  0.000000
75.576977  -0.000012
75.596976  0.000000
75.616975  -0.000012
75.636975  0.000024
75.656974  0.000012
75.676973  0.000000
75.696972  0.000000
75.716971  -0.000012
75.736971  -0.000024
75.756970  -0.000012
75.776969  0.000000
75.796968  -0.000012
75.816967  -0.000012
75.836967  -0.000012
75.856966  0.000012
75.876965  -0.000012
75.896964  0.000000
75.916963  -0.000012
75.936963  0.000000
75.956962  -0.000024
75.976961  0.000000
75.996960  0.000012
76.016959  0.000012
76.036959  0.000000
76.056958  -0.000012
76.076957  0.000000
76.096956  -0.000012
76.116955  0.000000
76.136955  0.000000
76.156954  -0.000012
76.176953  0.000000
76.196952  0.000000
76.216951  -0.000012
76.236951  -0.000012
76.256950  -0.000012
76.276949  -0.000012
76.296948  0.000000
76.316947  0.000000
76.336947  0.000000
76.356946  -0.000012
76.376945  0.000012
76.396944  -0.000012
76.416943  0.000000
76.436943  -0.000012
76.456942  -0.000012
76.476941  -0.000012
76.496940  0.000000
76.516939  0.000000
76.536939  0.000012
76.556938  -0.000012
76.576937  0.000000
76.596936  -0.000024
76.616935  0.000000
76.636935  -0.000012
76.656934  -0.000012
76.676933  -0.000012
76.696932  0.000012
76.716931  0.000000
76.736931  -0.000012
76.756930  0.000012
76.776929  0.000000
76.796928  -0.000012
76.816927  -0.000012
76.836927  0.000012
76.856926  0.000012
76.876925  0.000000
76.896924  0.000000
76.916923  -0.000012
76.936923  0.000000
76.956922  0.000000
76.976921  0.000000
76.996920  -0.000036
77.016919  -0.000012
77.036919  -0.000012
77.056918  -0.000036
77.076917  -0.000036
77.096916  0.000000
77.116915  -0.000012
77.136915  0.000012
77.156914  -0.000012
77.176913  -0.000012
77.196912  0.000012
77.216911  0.000000
77.236911  0.000000
77.256910  0.000000
77.276909  -0.000012
77.296908  0.000000
77.316907  -0.000012
77.336907  -0.000024
77.356906  -0.000012
77.376905  -0.000024
77.396904  0.000000
77.416903  -0.000012
77.436903  0.000000
77.456902  0.000000
77.476901  0.000000
77.496900  -0.000012
77.516899  -0.000012
77.536899  0.000000
77.556898  0.000000
77.576897  0.000000
77.596896  -0.000012
77.616895  -0.000024
77.636895  0.000000
77.656894  0.000000
77.676893  -0.000012
77.696892  -0.000012
77.716891  -0.000012
77.736891  -0.000012
77.756890  0.000000
77.776889  0.000000
77.796888  0.000000
77.816887  0.000000
77.836887  0.000000
77.856886  0.000000
77.876885  0.000000
77.896884  0.000000
77.916883  0.000000
77.936883  0.000000
77.956882  0.000012
77.976881  0.000012
77.996880  0.000000
78.016879  0.000000
78.036879  -0.000024
78.056878  0.000012
78.076877  -0.000012
78.096876  0.000000
78.116875  0.000000
78.136875  -0.000012
78.156874  -0.000012
78.176873  -0.000012
78.196872  -0.000012
78.216871  0.000000
78.236871  0.000000
78.256870  0.000012
78.276869  0.000000
78.296868  0.000036
78.316867  -0.000024
78.336867  0.000000
78.356866  0.000000
78.376865  -0.000012
78.396864  -0.000012
78.416863  0.000000
78.436863  0.000000
78.456862  -0.000012
78.476861  -0.000012
78.496860  -0.000012
78.516859  0.000000
78.536859  0.000012
78.556858  0.000012
78.576857  -0.000012
78.596856  0.000012
78.616855  0.000000
78.636855  -0.000012
78.656854  -0.000012
78.676853  -0.000012
78.696852  -0.000012
78.716851  -0.000024
78.736851  -0.000012
78.756850  0.000000
78.776849  0.000012
78.796848  0.000000
78.816847  0.000000
78.836847  0.000012
78.856846  -0.000012
78.876845  -0.000012
78.896844  0.000000
78.916843  -0.000012
78.936843  0.000000
78.956842  0.000012
78.976841  -0.000012
78.996840  -0.000012
79.016839  0.000000
79.036839  0.000000
79.056838  0.000000
79.076837  0.000012
79.096836  0.000000
79.116835  0.000012
79.136835  0.000000
79.156834  0.000000
79.176833  -0.000012
79.196832  0.000000
79.216831  0.000036
79.236831  0.000000
79.256830  0.000000
79.276829  -0.000012
79.296828  -0.000012
79.316827  -0.000012
79.336827  -0.000012
79.356826  0.000000
79.376825  -0.000012
79.396824  0.000000
79.416823  0.000000
79.436823  0.000000
79.456822  0.000024
79.476821  -0.000024
79.496820  -0.000012
79.516819  -0.000024
79.536819  0.000000
79.556818  -0.000012
79.576817  0.000000
79.596816  -0.000012
79.616815  0.000012
79.636815  0.000012
79.656814  -0.000012
79.676813  -0.000012
79.696812  0.000000
79.716811  -0.000012
79.736811  0.000000
79.756810  -0.000012
79.776809  -0.000024
79.796808  -0.000012
79.816807  -0.000012
79.836807  0.000000
79.856806  0.000012
79.876805  0.000000
79.896804  0.000000
79.916803  -0.000024
79.936803  0.000012
79.956802  0.000000
79.976801  0.000000
79.996800  -0.000012
80.016799  0.000000
80.036799  -0.000012
80.056798  -0.000012
80.076797  -0.000012
80.096796  0.000012
80.116795  -0.000012
80.136795  0.000000
80.156794  -0.000024
80.176793  -0.000012
80.196792  0.000000
80.216791  -0.000012
80.236791  0.000000
80.256790  0.000000
80.276789  0.000012
80.296788  0.000000
80.316787  0.000000
80.336787  0.000012
80.356786  0.000000
80.376785  -0.000012
80.396784  -0.000012
80.416783  -0.000012
80.436783  -0.000012
80.456782  -0.000012
80.476781  -0.000012
80.496780  -0.000024
80.516779  0.000012
80.536779  0.000000
80.556778  -0.000012
80.576777  -0.000036
80.596776  -0.000012
80.616775  0.000012
80.636775  -0.000012
80.656774  -0.000012
80.676773  0.000024
80.696772  0.000000
80.716771  0.000000
80.736771  0.000000
80.756770  -0.000012
80.776769  -0.000024
80.796768  -0.000012
80.816767  -0.000036
80.836767  0.000000
80.856766  -0.000012
80.876765  -0.000012
80.896764  -0.000012
80.916763  0.000000
80.936763  0.000012
80.956762  -0.000012
80.976761  -0.000036
80.996760  -0.000012
81.016759  -0.000012
81.036759  -0.000012
81.056758  0.000000
81.076757  -0.000012
81.096756  -0.000012
81.116755  0.000012
81.136755  0.000000
81.156754  -0.000012
81.176753  0.000012
81.196752  -0.000024
81.216751  -0.000012
81.236751  -0.000012
81.256750  -0.000012
81.276749  -0.000024
81.296748  0.000012
81.316747  0.000000
81.336747  -0.000024
81.356746  -0.000036
81.376745  -0.000024
81.396744  -0.000012
81.416743  -0.000012
81.436743  -0.000012
81.456742  0.000000
81.476741  0.000000
81.496740  0.000000
81.516739  0.000024
81.536739  0.000000
81.556738  0.000000
81.576737  -0.000012
81.596736  -0.000012
81.616735  0.000000
81.636735  0.000000
81.656734  0.000000
81.676733  0.000012
81.696732  0.000000
81.716731  -0.000012
81.736731  0.000000
81.756730  0.000000
81.776729  0.000012
81.796728  -0.000012
81.816727  -0.000036
81.836727  -0.000012
81.856726  -0.000024
81.876725  0.000000
81.896724  -0.000024
81.916723  0.000012
81.936723  -0.000012
81.956722  0.000024
81.976721  -0.000012
81.996720  -0.000012
82.016719  0.000000
82.036719  0.000000
82.056718  0.000000
82.076717  -0.000012
82.096716  0.000000
82.116715  0.000000
82.136715  0.000012
82.156714  0.000000
82.176713  -0.000024
82.196712  -0.000012
82.216711  -0.000024
82.236711  0.000000
82.256710  0.000012
82.276709  -0.000024
82.296708  0.000000
82.316707  -0.000012
82.336707  -0.000012
82.356706  -0.000012
82.376705  0.000000
82.396704  -0.000012
82.416703  0.000012
82.436703  0.000012
82.456702  0.000000
82.476701  -0.000012
82.496700  0.000000
82.516699  0.000012
82.536699  -0.000012
82.556698  -0.000012
82.576697  -0.000012
82.596696  0.000012
82.616695  0.000000
82.636695  0.000000
82.656694  -0.000012
82.676693  0.000000
82.696692  0.000012
82.716691  0.000012
82.736691  -0.000012
82.756690  0.000000
82.776689  -0.000024
82.796688  0.000012
82.816687  0.000000
82.836687  0.000000
82.856686  -0.000036
82.876685  0.000000
82.896684  -0.000012
82.916683  0.000000
82.936683  -0.000024
82.956682  -0.000024
82.976681  -0.000012
82.996680  0.000000
83.016679  0.000000
83.036679  -0.000012
83.056678  0.000000
83.076677  -0.000012
83.096676  -0.000012
83.116675  0.000000
83.136675  -0.000012
83.156674  0.000000
83.176673  -0.000012
83.196672  0.000000
83.216671  -0.000012
83.236671  -0.000012
83.256670  0.000000
83.276669  -0.000012
83.296668  0.000012
83.316667  -0.000024
83.336667  0.000000
83.356666  -0.000024
83.376665  -0.000012
83.396664  -0.000012
83.416663  0.000024
83.436663  0.000000
83.456662  0.000000
83.476661  0.000000
83.496660  -0.000024
83.516659  0.000000
83.536659  -0.000012
83.556658  -0.000024
83.576657  0.000012
83.596656  0.000000
83.616655  0.000000
83.636655  -0.000012
83.656654  -0.000012
83.676653  -0.000012
83.696652  -0.000012
83.716651  0.000000
83.736651  0.000000
83.756650  0.000012
83.776649  0.000000
83.796648  0.000012
83.816647  0.000000
83.836647  -0.000012
83.856646  -0.000024
83.876645  0.000024
83.896644  -0.000012
83.916643  -0.000012
83.936643  -0.000012
83.956642  0.000000
83.976641  0.000012
83.996640  0.000012
84.016639  -0.000012
84.036639  -0.000024
84.056638  0.000000
84.076637  -0.000012
84.096636  -0.000024
84.116635  0.000000
84.136635  0.000000
84.156634  0.000000
84.176633  0.000012
84.196632  0.000000
84.216631  -0.000012
84.236631  0.000000
84.256630  0.000000
84.276629  -0.000036
84.296628  -0.000012
84.316627  -0.000024
84.336627  -0.000012
84.356626  -0.000036
84.376625  -0.000012
84.396624  -0.000012
84.416623  0.000012
84.436623  -0.000012
84.456622  0.000000
84.476621  -0.000024
84.496620  0.000000
84.516619  -0.000012
84.536619  -0.000012
84.556618  -0.000012
84.576617  -0.000012
84.596616  -0.000012
84.616615  0.000000
84.636615  0.000000
84.656614  0.000000
84.676613  0.000000
84.696612  -0.000024
84.716611  -0.000012
84.736611  -0.000024
84.756610  -0.000012
84.776609  -0.000047
84.796608  0.000000
84.816607  -0.000012
84.836607  0.000000
84.856606  -0.000024
84.876605  -0.000012
84.896604  0.000012
84.916603  0.000000
84.936603  -0.000012
84.956602  0.000000
84.976601  -0.000012
84.996600  0.000000
85.016599  -0.000012
85.036599  0.000000
85.056598  0.000012
85.076597  0.000000
85.096596  0.000024
85.116595  -0.000012
85.136595  0.000012
85.156594  -0.000012
85.176593  0.000000
85.196592  -0.000012
85.216591  0.000000
85.236591  0.000000
85.256590  0.000000
85.276589  -0.000012
85.296588  0.000012
85.316587  -0.000024
85.336587  0.000000
85.356586  -0.000024
85.376585  -0.000024
85.396584  0.000000
85.416583  -0.000012
85.436583  -0.000012
85.456582  0.000000
85.476581  -0.000012
85.496580  0.000000
85.516579  -0.000012
85.536579  0.000000
85.556578  -0.000012
85.576577  0.000000
85.596576  0.000000
85.616575  -0.000024
85.636575  -0.000012
85.656574  0.000012
85.676573  -0.000024
85.696572  -0.000012
85.716571  0.000000
85.736571  0.000000
85.756570  0.000000
85.776569  0.000000
85.796568  -0.000012
85.816567  0.000024
85.836567  0.000000
85.856566  -0.000024
85.876565  0.000012
85.896564  -0.000012
85.916563  0.000012
85.936563  -0.000012
85.956562  -0.000012
85.976561  0.000000
85.996560  -0.000012
86.016559  -0.000012
86.036559  -0.000012
86.056558  0.000000
86.076557  0.000000
86.096556  -0.000012
86.116555  0.000012
86.136555  0.000000
86.156554  0.000000
86.176553  0.000000
86.196552  0.000000
86.216551  0.000000
86.236551  0.000000
86.256550  0.000000
86.276549  -0.000012
86.296548  -0.000012
86.316547  -0.000012
86.336547  -0.000024
86.356546  -0.000024
86.376545  0.000000
86.396544  -0.000012
86.416543  -0.000024
86.436543  0.000000
86.456542  0.000000
86.476541  0.000000
86.496540  0.000012
86.516539  -0.000012
86.536539  0.000000
86.556538  -0.000012
86.576537  0.000012
86.596536  -0.000012
86.616535  -0.000012
86.636535  -0.000012
86.656534  0.000012
86.676533  -0.000012
86.696532  0.000000
86.716531  -0.000012
86.736531  -0.000012
86.756530  -0.000012
86.776529  -0.000024
86.796528  0.000012
86.816527  -0.000012
86.836527  -0.000012
86.856526  -0.000012
86.876525  0.000000
86.896524  0.000000
86.916523  0.000012
86.936523  -0.000012
86.956522  0.000000
86.976521  -0.000024
86.996520  -0.000012
87.016519  -0.000012
87.036519  -0.000024
87.056518  0.000000
87.076517  0.000012
87.096516  -0.000024
87.116515  0.000000
87.136515  0.000000
87.156514  0.000012
87.176513  0.000000
87.196512  0.000000
87.216511  -0.000012
87.236511  0.000012
87.256510  -0.000012
87.276509  0.000000
87.296508  0.000000
87.316507  -0.000012
87.336507  -0.000012
87.356506  -0.000012
87.376505  0.000012
87.396504  0.000000
87.416503  -0.000012
87.436503  -0.000012
87.456502  -0.000012
87.476501  -0.000024
87.496500  0.000000
87.516499  -0.000012
87.536499  0.000012
87.556498  -0.000024
87.576497  0.000024
87.596496  -0.000024
87.616495  0.000012
87.636495  -0.000012
87.656494  -0.000012
87.676493  -0.000012
87.696492  0.000000
87.716491  -0.000024
87.736491  -0.000024
87.756490  -0.000036
87.776489  0.000012
87.796488  -0.000012
87.816487  0.000000
87.836487  -0.000012
87.856486  -0.000012
87.876485  -0.000024
87.896484  0.000012
87.916483  -0.000012
87.936483  -0.000012
87.956482  -0.000012
87.976481  0.000012
87.996480  0.000000
88.016479  0.000000
88.036479  0.000000
88.056478  -0.000024
88.076477  -0.000012
88.096476  -0.000024
88.116475  -0.000012
88.136475  -0.000012
88.156474  -0.000012
88.176473  -0.000012
88.196472  0.000012
88.216471  0.000000
88.236471  0.000000
88.256470  0.000012
88.276469  -0.000012
88.296468  -0.000012
88.316467  -0.000024
88.336467  0.000024
88.356466  -0.000012
88.376465  -0.000012
88.396464  -0.000036
88.416463  0.000000
88.436463  -0.000012
88.456462  0.000000
88.476461  -0.000012
88.496460  -0.000012
88.516459  -0.000012
88.536459  -0.000012
88.556458  0.000000
88.576457  0.000024
88.596456  0.000000
88.616455  0.000012
88.636455  0.000000
88.656454  0.000012
88.676453  0.000012
88.696452  0.000000
88.716451  -0.000012
88.736451  0.000000
88.756450  0.000000
88.776449  0.000000
88.796448  0.000000
88.816447  0.000000
88.836447  0.000000
88.856446  -0.000012
88.876445  0.000000
88.896444  0.000012
88.916443  0.000012
88.936443  -0.000012
88.956442  -0.000024
88.976441  0.000000
88.996440  0.000024
89.016439  -0.000012
89.036439  0.000012
89.056438  0.000000
89.076437  -0.000012
89.096436  -0.000024
89.116435  0.000000
89.136435  0.000000
89.156434  0.000012
89.176433  -0.000012
89.196432  0.000000
89.216431  -0.000036
89.236431  0.000012
89.256430  0.000000
89.276429  0.000000
89.296428  0.000012
89.316427  -0.000012
89.336427  0.000012
89.356426  0.000012
89.376425  0.000000
89.396424  0.000000
89.416423  -0.000012
89.436423  0.000000
89.456422  -0.000012
89.476421  -0.000012
89.496420  0.000000
89.516419  0.000000
89.536419  0.000000
89.556418  -0.000036
89.576417  0.000024
89.596416  0.000012
89.616415  -0.000012
89.636415  -0.000012
89.656414  0.000036
89.676413  0.000012
89.696412  0.000000
89.716411  0.000024
89.736411  0.000000
89.756410  -0.000024
89.776409  -0.000012
89.796408  -0.000024
89.816407  -0.000012
89.836407  -0.000024
89.856406  -0.000012
89.876405  0.000000
89.896404  -0.000012
89.916403  -0.000012
89.936403  -0.000012
89.956402  0.000000
89.976401  -0.000012
89.996400  0.000000
90.016399  0.000000
90.036399  0.000024
90.056398  -0.000012
90.076397  0.000000
90.096396  0.000012
90.116395  -0.000012
90.136395  0.000000
90.156394  0.000000
90.176393  0.000000
90.196392  -0.000012
90.216391  0.000000
90.236391  -0.000012
90.256390  0.000000
90.276389  0.000024
90.296388  0.000012
90.316387  0.000012
90.336387  -0.000012
90.356386  -0.000012
90.376385  -0.000012
90.396384  -0.000012
90.416383  -0.000024
90.436383  -0.000012
90.456382  -0.000012
90.476381  -0.000024
90.496380  -0.000012
90.516379  0.000012
90.536379  0.000000
90.556378  0.000000
90.576377  -0.000012
90.596376  0.000000
90.616375  -0.000012
90.636375  0.000000
90.656374  0.000024
90.676373  -0.000012
90.696372  -0.000012
90.716371  -0.000012
90.736371  0.000024
90.756370  0.000012
90.776369  0.000000
90.796368  -0.000024
90.816367  -0.000012
90.836367  -0.000024
90.856366  0.000000
90.876365  0.000000
90.896364  0.000012
90.916363  -0.000012
90.936363  0.000000
90.956362  0.000000
90.976361  0.000024
90.996360  0.000000
91.016359  0.000024
91.036359  0.000000
91.056358  0.000012
91.076357  -0.000012
91.096356  -0.000012
91.116355  -0.000012
91.136355  0.000012
91.156354  0.000000
91.176353  0.000000
91.196352  0.000000
91.216351  -0.000012
91.236351  -0.000012
91.256350  0.000000
91.276349  -0.000012
91.296348  -0.000012
91.316347  0.000012
91.336347  0.000000
91.356346  0.000000
91.376345  -0.000012
91.396344  0.000000
91.416343  0.000000
91.436343  -0.000036
91.456342  0.000012
91.476341  -0.000012
91.496340  0.000000
91.516339  -0.000024
91.536339  0.000000
91.556338  -0.000012
91.576337  0.000000
91.596336  0.000012
91.616335  -0.000024
91.636335  -0.000024
91.656334  0.000012
91.676333  -0.000012
91.696332  0.000000
91.716331  -0.000012
91.736331  0.000012
91.756330  0.000000
91.776329  0.000012
91.796328  0.000012
91.816327  -0.000012
91.836327  -0.000036
91.856326  0.000012
91.876325  0.000000
91.896324  -0.000012
91.916323  0.000000
91.936323  -0.000012
91.956322  0.000000
91.976321  0.000024
91.996320  0.000012
92.016319  0.000000
92.036319  0.000000
92.056318  -0.000012
92.076317  -0.000024
92.096316  0.000000
92.116315  0.000012
92.136315  0.000000
92.156314  0.000000
92.176313  -0.000024
92.196312  -0.000012
92.216311  0.000012
92.236311  -0.000012
92.256310  -0.000012
92.276309  0.000000
92.296308  -0.000012
92.316307  0.000000
92.336307  0.000012
92.356306  0.000000
92.376305  -0.000012
92.396304  -0.000012
92.416303  0.000000
92.436303  -0.000024
92.456302  0.000000
92.476301  0.000000
92.496300  0.000000
92.516299  0.000024
92.536299  0.000000
92.556298  0.000000
92.576297  0.000000
92.596296  0.000000
92.616295  -0.000024
92.636295  0.000012
92.656294  0.000000
92.676293  0.000000
92.696292  -0.000012
92.716291  0.000012
92.736291  0.000000
92.756290  0.000000
92.776289  0.000012
92.796288  0.000000
92.816287  0.000012
92.836287  0.000012
92.856286  0.000000
92.876285  -0.000012
92.896284  -0.000012
92.916283  0.000000
92.936283  -0.000012
92.956282  0.000000
92.976281  -0.000012
92.996280  -0.000012
93.016279  0.000024
93.036279  0.000012
93.056278  -0.000012
93.076277  0.000000
93.096276  -0.000012
93.116275  0.000012
93.136275  0.000000
93.156274  0.000024
93.176273  0.000012
93.196272  0.000000
93.216271  -0.000012
93.236271  -0.000024
93.256270  0.000000
93.276269  -0.000012
93.296268  -0.000012
93.316267  -0.000012
93.336267  -0.000012
93.356266  -0.000012
93.376265  -0.000012
93.396264  0.000012
93.416263  0.000000
93.436263  0.000012
93.456262  0.000000
93.476261  0.000012
93.496260  -0.000012
93.516259  0.000024
93.536259  0.000000
93.556258  -0.000024
93.576257  0.000000
93.596256  0.000000
93.616255  0.000000
93.636255  -0.000012
93.656254  0.000000
93.676253  0.000024
93.696252  -0.000012
93.716251  0.000000
93.736251  0.000000
93.756250  -0.000024
93.776249  0.000012
93.796248  -0.000012
93.816247  0.000036
93.836247  0.000000
93.856246  0.000000
93.876245  0.000000
93.896244  0.000000
93.916243  0.000000
93.936243  0.000000
93.956242  -0.000024
93.976241  0.000000
93.996240  -0.000012
94.016239  0.000012
94.036239  0.000000
94.056238  -0.000024
94.076237  0.000000
94.096236  0.000000
94.116235  0.000000
94.136235  -0.000012
94.156234  -0.000012
94.176233  0.000000
94.196232  0.000000
94.216231  0.000000
94.236231  -0.000012
94.256230  -0.000012
94.276229  0.000012
94.296228  0.000000
94.316227  -0.000012
94.336227  -0.000036
94.356226  -0.000012
94.376225  -0.000012
94.396224  -0.000012
94.416223  0.000000
94.436223  0.000012
94.456222  -0.000012
94.476221  0.000000
94.496220  0.000012
94.516219  0.000000
94.536219  0.000000
94.556218  -0.000012
94.576217  0.000000
94.596216  -0.000012
94.616215  -0.000012
94.636215  -0.000012
94.656214  0.000000
94.676213  0.000000
94.696212  0.000000
94.716211  -0.000012
94.736211  0.000000
94.756210  -0.000012
94.776209  0.000000
94.796208  0.000000
94.816207  0.000024
94.836207  -0.000012
94.856206  0.000000
94.876205  -0.000012
94.896204  -0.000012
94.916203  -0.000012
94.936203  0.000000
94.956202  -0.000036
94.976201  -0.000012
94.996200  -0.000012
95.016199  -0.000012
95.036199  -0.000012
95.056198  0.000000
95.076197  -0.000012
95.096196  0.000000
95.116195  -0.000024
95.136195  0.000012
95.156194  -0.000024
95.176193  0.000000
95.196192  0.000000
95.216191  0.000000
95.236191  0.000000
95.256190  0.000024
95.276189  0.000012
95.296188  -0.000012
95.316187  0.000000
95.336187  0.000000
95.356186  -0.000012
95.376185  -0.000012
95.396184  -0.000012
95.416183  -0.000012
95.436183  0.000000
95.456182  -0.000012
95.476181  0.000000
95.496180  -0.000012
95.516179  0.000012
95.536179  0.000000
95.556178  0.000000
95.576177  0.000012
95.596176  0.000000
95.616175  0.000000
95.636175  0.000000
95.656174  -0.000036
95.676173  0.000000
95.696172  0.000000
95.716171  -0.000012
95.736171  -0.000012
95.756170  0.000012
95.776169  -0.000012
95.796168  -0.000012
95.816167  0.000000
95.836167  0.000000
95.856166  0.000012
95.876165  0.000000
95.896164  0.000000
95.916163  -0.000012
95.936163  0.000000
95.956162  -0.000012
95.976161  -0.000012
95.996160  -0.000012
96.016159  0.000000
96.036159  -0.000012
96.056158  0.000000
96.076157  -0.000012
96.096156  -0.000024
96.116155  0.000000
96.136155  0.000012
96.156154  0.000024
96.176153  -0.000012
96.196152  0.000000
96.216151  -0.000012
96.236151  0.000012
96.256150  0.000024
96.276149  0.000012
96.296148  0.000000
96.316147  -0.000024
96.336147  0.000000
96.356146  0.000000
96.376145  -0.000012
96.396144  -0.000012
96.416143  0.000012
96.436143  0.000000
96.456142  -0.000024
96.476141  -0.000012
96.496140  0.000024
96.516139  0.000012
96.536139  0.000000
96.556138  -0.000012
96.576137  -0.000012
96.596136  0.000000
96.616135  0.000000
96.636135  -0.000012
96.656134  -0.000012
96.676133  0.000012
96.696132  -0.000012
96.716131  -0.000024
96.736131  -0.000012
96.756130  0.000000
96.776129  0.000000
96.796128  0.000000
96.816127  0.000012
96.836127  -0.000012
96.856126  -0.000036
96.876125  0.000000
96.896124  0.000012
96.916123  0.000000
96.936123  0.000012
96.956122  -0.000012
96.976121  -0.000012
96.996120  0.000000
97.016119  0.000000
97.036119  0.000000
97.056118  0.000012
97.076117  -0.000012
97.096116  0.000000
97.116115  -0.000036
97.136115  0.000000
97.156114  0.000000
97.176113  0.000012
97.196112  -0.000012
97.216111  0.000000
97.236111  0.000000
97.256110  0.000000
97.276109  -0.000012
97.296108  0.000012
97.316107  0.000012
97.336107  0.000012
97.356106  0.000012
97.376105  0.000000
97.396104  0.000012
97.416103  -0.000024
97.436103  0.000000
97.456102  -0.000024
97.476101  -0.000012
97.496100  -0.000012
97.516099  -0.000012
97.536099  -0.000012
97.556098  0.000012
97.576097  0.000012
97.596096  -0.000012
97.616095  -0.000012
97.636095  -0.000012
97.656094  -0.000012
97.676093  0.000000
97.696092  0.000012
97.716091  -0.000012
97.736091  -0.000012
97.756090  0.000012
97.776089  -0.000012
97.796088  -0.000036
97.816087  -0.000012
97.836087  -0.000012
97.856086  0.000012
97.876085  -0.000012
97.896084  0.000012
97.916083  -0.000012
97.936083  0.000012
97.956082  -0.000012
97.976081  0.000000
97.996080  0.000000
98.016079  0.000012
98.036079  0.000012
98.056078  0.000000
98.076077  0.000000
98.096076  0.000012
98.116075  -0.000024
98.136075  0.000012
98.156074  -0.000012
98.176073  -0.000012
98.196072  -0.000012
98.216071  -0.000012
98.236071  0.000000
98.256070  0.000012
98.276069  0.000000
98.296068  -0.000024
98.316067  0.000000
98.336067  0.000000
98.356066  0.000012
98.376065  -0.000012
98.396064  0.000000
98.416063  -0.000024
98.436063  -0.000012
98.456062  -0.000024
98.476061  -0.000012
98.496060  -0.000012
98.516059  -0.000024
98.536059  0.000012
98.556058  0.000000
98.576057  0.000012
98.596056  0.000024
98.616055  -0.000012
98.636055  0.000000
98.656054  0.000000
98.676053  -0.000012
98.696052  -0.000012
98.716051  -0.000012
98.736051  0.000000
98.756050  0.000000
98.776049  -0.000024
98.796048  0.000012
98.816047  0.000000
98.836047  -0.000024
98.856046  0.000000
98.876045  -0.000024
98.896044  0.000012
98.916043  0.000000
98.936043  0.000000
98.956042  -0.000012
98.976041  0.000012
98.996040  -0.000024
99.016039  0.000012
99.036039  0.000000
99.056038  0.000000
99.076037  0.000000
99.096036  -0.000024
99.116035  -0.000024
99.136035  -0.000024
99.156034  -0.000024
99.176033  -0.000012
99.196032  0.000000
99.216031  0.000000
99.236031  -0.000024
99.256030  -0.000012
99.276029  0.000000
99.296028  0.000000
99.316027  0.000000
99.336027  0.000000
99.356026  0.000000
99.376025  0.000000
99.396024  0.000024
99.416023  0.000012
99.436023  0.000000
99.456022  0.000000
99.476021  -0.000012
99.496020  0.000000
99.516019  0.000012
99.536019  -0.000012
99.556018  0.000000
99.576017  -0.000012
99.596016  -0.000012
99.616015  -0.000024
99.636015  0.000000
99.656014  -0.000012
99.676013  0.000000
99.696012  0.000012
99.716011  0.000000
99.736011  0.000000
99.756010  0.000000
99.776009  -0.000012
99.796008  0.000012
99.816007  -0.000036
99.836007  0.000000
99.856006  -0.000012
99.876005  -0.000024
99.896004  -0.000012
99.916003  -0.000012
99.936003  -0.000012
99.956002  0.000000
99.976001  0.000000
99.996000  0.000024
100.015999  -0.000012
100.035999  0.000012
100.055998  -0.000012
100.075997  -0.000024
100.095996  -0.000024
100.115995  0.000012
100.135995  0.000012
100.155994  -0.000024
100.175993  0.000000
100.195992  -0.000024
100.215991  0.000000
100.235991  -0.000024
100.255990  -0.000024
100.275989  -0.000012
100.295988  -0.000012
100.315987  -0.000012
100.335987  -0.000012
100.355986  -0.000024
100.375985  0.000000
100.395984  -0.000012
100.415983  0.000000
100.435983  0.000000
100.455982  0.000024
100.475981  -0.000012
100.495980  0.000000
100.515979  0.000024
100.535979  0.000000
100.555978  0.000000
100.575977  -0.000024
100.595976  0.000000
100.615975  0.000000
100.635975  0.000000
100.655974  0.000000
100.675973  0.000012
100.695972  0.000000
100.715971  0.000000
100.735971  -0.000012
100.755970  0.000000
100.775969  0.000000
100.795968  0.000000
100.815967  0.000000
100.835967  -0.000024
100.855966  0.000000
100.875965  0.000000
100.895964  -0.000012
100.915963  -0.000012
100.935963  -0.000012
100.955962  0.000000
100.975961  0.000000
100.995960  -0.000012
101.015959  -0.000012
101.035959  0.000000
101.055958  0.000000
101.075957  -0.000012
101.095956  0.000024
101.115955  -0.000012
101.135955  0.000012
101.155954  -0.000012
101.175953  -0.000012
101.195952  0.000000
101.215951  -0.000012
101.235951  -0.000024
101.255950  0.000012
101.275949  -0.000024
101.295948  0.000000
101.315947  0.000000
101.335947  -0.000012
101.355946  0.000024
101.375945  0.000000
101.395944  0.000000
101.415943  -0.000012
101.435943  0.000000
101.455942  0.000012
101.475941  -0.000012
101.495940  0.000000
101.515939  -0.000024
101.535939  -0.000012
101.555938  0.000000
101.575937  0.000000
101.595936  -0.000012
101.615935  -0.000036
101.635935  -0.000012
101.655934  -0.000012
101.675933  0.000000
101.695932  -0.000012
101.715931  0.000000
101.735931  -0.000012
101.755930  0.000012
101.775929  -0.000012
101.795928  0.000000
101.815927  -0.000012
101.835927  0.000000
101.855926  -0.000012
101.875925  -0.000012
101.895924  -0.000024
101.915923  0.000000
101.935923  -0.000012
101.955922  0.000000
101.975921  -0.000012
101.995920  -0.000012
102.015919  -0.000012
102.035919  0.000000
102.055918  0.000000
102.075917  0.000012
102.095916  0.000000
102.115915  -0.000012
102.135915  0.000012
102.155914  -0.000012
102.175913  0.000012
102.195912  0.000024
102.215911  -0.000012
102.235911  -0.000036
102.255910  0.000000
102.275909  -0.000012
102.295908  0.000000
102.315907  -0.000012
102.335907  0.000000
102.355906  0.000000
102.375905  0.000000
102.395904  -0.000012
102.415903  0.000000
102.435903  0.000012
102.455902  0.000012
102.475901  0.000000
102.495900  -0.000036
102.515899  0.000012
102.535899  0.000012
102.555898  -0.000012
102.575897  -0.000012
102.595896  -0.000024
102.615895  -0.000012
102.635895  -0.000012
102.655894  0.000000
102.675893  -0.000012
102.695892  -0.000012
102.715891  -0.000012
102.735891  0.000000
102.755890  -0.000012
102.775889  0.000000
102.795888  0.000012
102.815887  0.000000
102.835887  -0.000012
102.855886  0.000012
102.875885  0.000000
102.895884  0.000000
102.915883  -0.000012
102.935883  -0.000012
102.955882  0.000000
102.975881  0.000012
102.995880  0.000012
103.015879  -0.000024
103.035879  0.000000
103.055878  -0.000012
103.075877  0.000000
103.095876  -0.000012
103.115875  -0.000012
103.135875  0.000000
103.155874  -0.000012
103.175873  0.000012
103.195872  0.000000
103.215871  -0.000012
103.235871  0.000000
103.255870  0.000000
103.275869  -0.000036
103.295868  -0.000024
103.315867  0.000000
103.335867  0.000012
103.355866  0.000000
103.375865  0.000000
103.395864  -0.000012
103.415863  0.000000
103.435863  -0.000024
103.455862  0.000000
103.475861  0.000000
103.495860  0.000024
103.515859  -0.000012
103.535859  0.000000
103.555858  0.000000
103.575857  -0.000012
103.595856  -0.000024
103.615855  -0.000012
103.635855  -0.000012
103.655854  0.000000
103.675853  0.000000
103.695852  0.000000
103.715851  0.000000
103.735851  -0.000012
103.755850  0.000000
103.775849  -0.000012
103.795848  -0.000012
103.815847  0.000000
103.835847  -0.000012
103.855846  -0.000012
103.875845  -0.000024
103.895844  0.000012
103.915843  -0.000012
103.935843  -0.000024
103.955842  -0.000012
103.975841  -0.000036
103.995840  -0.000012
104.015839  0.000000
104.035839  -0.000012
104.055838  0.000000
104.075837  0.000000
104.095836  -0.000012
104.115835  -0.000012
104.135835  -0.000024
104.155834  -0.000012
104.175833  -0.000036
104.195832  0.000000
104.215831  0.000024
104.235831  0.000000
104.255830  0.000000
104.275829  0.000000
104.295828  0.000012
104.315827  -0.000012
104.335827  0.000000
104.355826  0.000000
104.375825  0.000000
104.395824  -0.000012
104.415823  0.000000
104.435823  -0.000012
104.455822  0.000000
104.475821  0.000000
104.495820  0.000036
104.515819  -0.000012
104.535819  -0.000024
104.555818  -0.000024
104.575817  0.000000
104.595816  0.000000
104.615815  -0.000024
104.635815  -0.000012
104.655814  -0.000024
104.675813  0.000000
104.695812  0.000012
104.715811  0.000000
104.735811  -0.000024
104.755810  -0.000012
104.775809  0.000000
104.795808  0.000000
104.815807  0.000000
104.835807  0.000000
104.855806  0.000012
104.875805  0.000024
104.895804  0.000000
104.915803  0.000000
104.935803  -0.000036
104.955802  -0.000012
104.975801  -0.000036
104.995800  0.000000
105.015799  0.000000
105.035799  -0.000012
105.055798  0.000000
105.075797  0.000000
105.095796  0.000000
105.115795  -0.000012
105.135795  -0.000012
105.155794  -0.000024
105.175793  -0.000012
105.195792  0.000024
105.215791  -0.000012
105.235791  0.000000
105.255790  0.000012
105.275789  0.000000
105.295788  -0.000024
105.315787  0.000000
105.335787  0.000000
105.355786  -0.000024
105.375785  0.000000
105.395784  0.000000
105.415783  -0.000012
105.435783  -0.000024
105.455782  0.000012
105.475781  -0.000012
105.495780  0.000012
105.515779  -0.000012
105.535779  0.000000
105.555778  -0.000012
105.575777  -0.000012
105.595776  -0.000012
105.615775  0.000012
105.635775  -0.000024
105.655774  -0.000012
105.675773  -0.000012
105.695772  0.000000
105.715771  0.000000
105.735771  -0.000012
105.755770  -0.000012
105.775769  0.000012
105.795768  0.000000
105.815767  0.000012
105.835767  0.000000
105.855766  0.000012
105.875765  0.000012
105.895764  -0.000012
105.915763  0.000000
105.935763  -0.000012
105.955762  0.000000
105.975761  0.000012
105.995760  -0.000012
106.015759  -0.000012
106.035759  0.000000
106.055758  -0.000012
106.075757  -0.000012
106.095756  -0.000012
106.115755  0.000012
106.135755  0.000000
106.155754  0.000012
106.175753  -0.000012
106.195752  0.000000
106.215751  0.000000
106.235751  -0.000012
106.255750  -0.000012
106.275749  0.000000
106.295748  0.000012
106.315747  0.000000
106.335747  0.000012
106.355746  0.000000
106.375745  -0.000012
106.395744  -0.000024
106.415743  -0.000024
106.435743  -0.000012
106.455742  -0.000012
106.475741  -0.000012
106.495740  0.000000
106.515739  -0.000012
106.535739  0.000000
106.555738  -0.000012
106.575737  0.000000
106.595736  -0.000012
106.615735  0.000024
106.635735  0.000000
106.655734  -0.000012
106.675733  0.000000
106.695732  0.000000
106.715731  0.000012
106.735731  0.000012
106.755730  -0.000024
106.775729  -0.000012
106.795728  -0.000012
106.815727  0.000000
106.835727  0.000012
106.855726  -0.000012
106.875725  0.000000
106.895724  -0.000012
106.915723  -0.000012
106.935723  0.000000
106.955722  0.000024
106.975721  -0.000012
106.995720  0.000000
107.015719  -0.000024
107.035719  0.000000
107.055718  -0.000012
107.075717  0.000000
107.095716  -0.000036
107.115715  -0.000012
107.135715  0.000000
107.155714  -0.000012
107.175713  -0.000012
107.195712  0.000024
107.215711  -0.000012
107.235711  -0.000012
107.255710  0.000012
107.275709  -0.000012
107.295708  0.000000
107.315707  -0.000012
107.335707  -0.000012
107.355706  0.000000
107.375705  -0.000012
107.395704  -0.000012
107.415703  0.000000
107.435703  -0.000012
107.455702  -0.000024
107.475701  0.000000
107.495700  0.000000
107.515699  -0.000024
107.535699  0.000000
107.555698  0.000012
107.575697  0.000012
107.595696  -0.000012
107.615695  -0.000012
107.635695  0.000012
107.655694  0.000000
107.675693  -0.000012
107.695692  0.000000
107.715691  0.000000
107.735691  0.000000
107.755690  -0.000012
107.775689  0.000012
107.795688  0.000000
107.815687  -0.000012
107.835687  0.000000
107.855686  -0.000012
107.875685  0.000000
107.895684  -0.000024
107.915683  -0.000012
107.935683  0.000000
107.955682  0.000000
107.975681  -0.000012
107.995680  0.000000
108.015679  0.000000
108.035679  -0.000012
108.055678  0.000000
108.075677  0.000000
108.095676  -0.000012
108.115675  0.000000
108.135675  -0.000012
108.155674  0.000000
108.175673  0.000000
108.195672  -0.000012
108.215671  -0.000012
108.235671  0.000000
108.255670  0.000012
108.275669  0.000000
108.295668  0.000000
108.315667  -0.000012
108.335667  0.000000
108.355666  0.000000
108.375665  0.000012
108.395664  -0.000012
108.415663  -0.000012
108.435663  0.000012
108.455662  0.000000
108.475661  0.000000
108.495660  -0.000012
108.515659  0.000000
108.535659  0.000000
108.555658  -0.000012
108.575657  0.000000
108.595656  -0.000012
108.615655  0.000000
108.635655  0.000000
108.655654  0.000012
108.675653  0.000012
108.695652  -0.000012
108.715651  0.000000
108.735651  0.000024
108.755650  -0.000012
108.775649  -0.000012
108.795648  -0.000024
108.815647  -0.000012
108.835647  -0.000024
108.855646  -0.000012
108.875645  0.000000
108.895644  0.000000
108.915643  -0.000012
108.935643  -0.000012
108.955642  0.000012
108.975641  -0.000024
108.995640  0.000000
109.015639  0.000024
109.035639  0.000024
109.055638  -0.000012
109.075637  0.000000
109.095636  -0.000012
109.115635  0.000012
109.135635  -0.000024
109.155634  0.000000
109.175633  -0.000012
109.195632  -0.000012
109.215631  -0.000012
109.235631  -0.000024
109.255630  0.000000
109.275629  0.000000
109.295628  0.000000
109.315627  0.000000
109.335627  0.000000
109.355626  0.000000
109.375625  0.000012
109.395624  0.000000
109.415623  0.000000
109.435623  0.000000
109.455622  0.000000
109.475621  0.000012
109.495620  0.000000
109.515619  -0.000012
109.535619  0.000000
109.555618  0.000000
109.575617  -0.000012
109.595616  -0.000024
109.615615  0.000000
109.635615  0.000000
109.655614  0.000012
109.675613  -0.000024
109.695612  0.000012
109.715611  0.000000
109.735611  -0.000012
109.755610  0.000012
109.775609  -0.000012
109.795608  0.000012
109.815607  0.000000
109.835607  0.000000
109.855606  0.000012
109.875605  0.000012
109.895604  0.000000
109.915603  0.000000
109.935603  -0.000024
109.955602  0.000000
109.975601  0.000012
109.995600  0.000012
110.015599  0.000000
110.035599  0.000012
110.055598  0.000000
110.075597  0.000012
110.095596  0.000000
110.115595  0.000012
110.135595  -0.000012
110.155594  0.000000
110.175593  -0.000024
110.195592  -0.000012
110.215591  -0.000024
110.235591  0.000000
110.255590  -0.000012
110.275589  -0.000012
110.295588  -0.000012
110.315587  -0.000012
110.335587  0.000012
110.355586  0.000000
110.375585  0.000012
110.395584  0.000012
110.415583  0.000012
110.435583  0.000024
110.455582  0.000012
110.475581  -0.000024
110.495580  0.000012
110.515579  0.000000
110.535579  0.000000
110.555578  -0.000012
110.575577  -0.000012
110.595576  0.000000
110.615575  0.000000
110.635575  -0.000012
110.655574  0.000012
110.675573  0.000000
110.695572  0.000012
110.715571  0.000012
110.735571  0.000012
110.755570  0.000000
110.775569  0.000012
110.795568  0.000000
110.815567  0.000000
110.835567  0.000000
110.855566  0.000024
110.875565  0.000000
110.895564  0.000000
110.915563  -0.000012
110.935563  0.000000
110.955562  -0.000012
110.975561  0.000000
110.995560  0.000012
111.015559  0.000000
111.035559  0.000000
111.055558  0.000000
111.075557  -0.000012
111.095556  0.000024
111.115555  0.000000
111.135555  0.000000
111.155554  0.000012
111.175553  -0.000012
111.195552  0.000000
111.215551  -0.000024
111.235551  0.000000
111.255550  -0.000036
111.275549  0.000024
111.295548  0.000000
111.315547  0.000024
111.335547  0.000000
111.355546  0.000012
111.375545  0.000024
111.395544  0.000012
111.415543  0.000000
111.435543  0.000024
111.455542  0.000000
111.475541  -0.000012
111.495540  0.000024
111.515539  0.000036
111.535539  -0.000012
111.555538  0.000000
111.575537  0.000000
111.595536  0.000012
111.615535  0.000000
111.635535  -0.000024
111.655534  0.000000
111.675533  0.000000
111.695532  0.000012
111.715531  -0.000012
111.735531  0.000012
111.755530  0.000024
111.775529  0.000012
111.795528  0.000000
111.815527  0.000000
111.835527  0.000000
111.855526  0.000000
111.875525  -0.000024
111.895524  0.000012
111.915523  -0.000024
111.935523  0.000024
111.955522  -0.000024
111.975521  -0.000012
111.995520  0.000012
112.015519  -0.000012
112.035519  0.000000
112.055518  0.000000
112.075517  0.000000
112.095516  0.000000
112.115515  -0.000012
112.135515  0.000000
112.155514  -0.000012
112.175513  0.000012
112.195512  0.000024
112.215511  -0.000024
112.235511  -0.000012
112.255510  -0.000024
112.275509  0.000000
112.295508  -0.000024
112.315507  -0.000012
112.335507  0.000000
112.355506  0.000000
112.375505  0.000000
112.395504  0.000012
112.415503  -0.000012
112.435503  0.000024
112.455502  -0.000012
112.475501  -0.000012
112.495500  -0.000024
112.515499  0.000000
112.535499  0.000000
112.555498  0.000012
112.575497  0.000000
112.595496  0.000012
112.615495  0.000024
112.635495  -0.000012
112.655494  0.000000
112.675493  -0.000024
112.695492  0.000000
112.715491  -0.000012
112.735491  -0.000036
112.755490  0.000012
112.775489  0.000000
112.795488  0.000000
112.815487  0.000000
112.835487  0.000000
112.855486  0.000024
112.875485  -0.000012
112.895484  0.000000
112.915483  0.000000
112.935483  0.000012
112.955482  -0.000012
112.975481  0.000000
112.995480  0.000000
113.015479  0.000000
113.035479  0.000000
113.055478  0.000012
113.075477  -0.000012
113.095476  0.000000
113.115475  -0.000024
113.135475  -0.000012
113.155474  -0.000012
113.175473  0.000000
113.195472  0.000012
113.215471  -0.000012
113.235471  0.000012
113.255470  -0.000012
113.275469  0.000024
113.295468  -0.000024
113.315467  0.000000
113.335467  -0.000012
113.355466  -0.000012
113.375465  -0.000012
113.395464  0.000012
113.415463  0.000000
113.435463  0.000012
113.455462  0.000012
113.475461  0.000000
113.495460  -0.000012
113.515459  0.000000
113.535459  0.000000
113.555458  0.000000
113.575457  0.000000
113.595456  0.000000
113.615455  0.000000
113.635455  -0.000012
113.655454  -0.000012
113.675453  0.000000
113.695452  0.000000
113.715451  -0.000024
113.735451  -0.000012
113.755450  -0.000024
113.775449  0.000000
113.795448  0.000000
113.815447  0.000012
113.835447  -0.000012
113.855446  0.000012
113.875445  -0.000036
113.895444  0.000012
113.915443  0.000000
113.935443  0.000024
113.955442  0.000000
113.975441  -0.000012
113.995440  -0.000024
114.015439  0.000012
114.035439  -0.000012
114.055438  -0.000024
114.075437  0.000000
114.095436  0.000000
114.115435  0.000000
114.135435  -0.000012
114.155434  0.000000
114.175433  0.000012
114.195432  0.000000
114.215431  -0.000024
114.235431  0.000012
114.255430  -0.000012
114.275429  0.000000
114.295428  0.000000
114.315427  0.000000
114.335427  0.000012
114.355426  0.000000
114.375425  -0.000012
114.395424  -0.000012
114.415423  -0.000012
114.435423  0.000012
114.455422  0.000000
114.475421  0.000012
114.495420  0.000024
114.515419  -0.000012
114.535419  -0.000012
114.555418  0.000000
114.575417  0.000000
114.595416  0.000012
114.615415  -0.000024
114.635415  0.000000
114.655414  -0.000012
114.675413  0.000000
114.695412  0.000000
114.715411  -0.000024
114.735411  -0.000012
114.755410  0.000012
114.775409  -0.000012
114.795408  0.000012
114.815407  0.000012
114.835407  0.000000
114.855406  0.000000
114.875405  -0.000012
114.895404  0.000000
114.915403  -0.000012
114.935403  0.000012
114.955402  0.000000
114.975401  0.000000
114.995400  -0.000012
115.015399  -0.000012
115.035399  -0.000012
115.055398  -0.000012
115.075397  -0.000012
115.095396  -0.000012
115.115395  0.000012
115.135395  0.000000
115.155394  -0.000012
115.175393  -0.000012
115.195392  0.000000
115.215391  0.000000
115.235391  0.000012
115.255390  -0.000012
115.275389  -0.000012
115.295388  0.000000
115.315387  0.000000
115.335387  0.000000
115.355386  0.000000
115.375385  -0.000012
115.395384  0.000000
115.415383  -0.000012
115.435383  0.000012
115.455382  0.000012
115.475381  -0.000012
115.495380  0.000012
115.515379  0.000024
115.535379  -0.000012
115.555378  0.000000
115.575377  0.000000
115.595376  0.000012
115.615375  -0.000012
115.635375  0.000000
115.655374  0.000000
115.675373  -0.000036
115.695372  -0.000012
115.715371  0.000000
115.735371  0.000000
115.755370  -0.000012
115.775369  0.000000
115.795368  -0.000012
115.815367  0.000000
115.835367  0.000000
115.855366  0.000036
115.875365  -0.000012
115.895364  -0.000012
115.915363  0.000000
115.935363  0.000012
115.955362  0.000024
115.975361  -0.000024
115.995360  -0.000012
116.015359  0.000000
116.035359  -0.000012
116.055358  0.000000
116.075357  -0.000012
116.095356  -0.000024
116.115355  -0.000012
116.135355  0.000000
116.155354  -0.000012
116.175353  0.000012
116.195352  0.000000
116.215351  -0.000012
116.235351  -0.000012
116.255350  0.000000
116.275349  0.000000
116.295348  0.000000
116.315347  0.000012
116.335347  0.000000
116.355346  0.000012
116.375345  0.000000
116.395344  0.000012
116.415343  0.000000
116.435343  -0.000012
116.455342  -0.000012
116.475341  0.000000
116.495340  -0.000012
116.515339  0.000000
116.535339  -0.000012
116.555338  0.000000
116.575337  0.000012
116.595336  0.000000
116.615335  -0.000024
116.635335  -0.000012
116.655334  -0.000012
116.675333  0.000000
116.695332  0.000000
116.715331  0.000000
116.735331  -0.000024
116.755330  0.000000
116.775329  0.000000
116.795328  0.000000
116.815327  0.000000
116.835327  0.000000
116.855326  0.000000
116.875325  -0.000012
116.895324  0.000000
116.915323  -0.000012
116.935323  0.000000
116.955322  0.000000
116.975321  0.000000
116.995320  0.000000
117.015319  0.000000
117.035319  -0.000012
117.055318  0.000000
117.075317  -0.000024
117.095316  -0.000012
117.115315  -0.000012
117.135315  0.000012
117.155314  -0.000012
117.175313  0.000012
117.195312  0.000000
117.215311  0.000000
117.235311  -0.000012
117.255310  -0.000012
117.275309  -0.000012
117.295308  0.000000
117.315307  -0.000012
117.335307  -0.000012
117.355306  0.000024
117.375305  -0.000012
117.395304  -0.000012
117.415303  -0.000012
117.435303  -0.000012
117.455302  -0.000012
117.475301  0.000000
117.495300  -0.000012
117.515299  0.000000
117.535299  -0.000012
117.555298  0.000012
117.575297  -0.000012
117.595296  0.000024
117.615295  0.000000
117.635295  0.000012
117.655294  -0.000012
117.675293  -0.000012
117.695292  0.000000
117.715291  0.000012
117.735291  0.000000
117.755290  0.000012
117.775289  -0.000012
117.795288  -0.000012
117.815287  -0.000012
117.835287  -0.000024
117.855286  0.000000
117.875285  -0.000012
117.895284  -0.000024
117.915283  -0.000012
117.935283  0.000000
117.955282  0.000000
117.975281  -0.000012
117.995280  0.000000
118.015279  0.000000
118.035279  -0.000012
118.055278  0.000000
118.075277  -0.000024
118.095276  -0.000012
118.115275  -0.000012
118.135275  -0.000024
118.155274  -0.000012
118.175273  -0.000012
118.195272  -0.000012
118.215271  -0.000024
118.235271  -0.000036
118.255270  0.000000
118.275269  0.000012
118.295268  0.000012
118.315267  0.000000
118.335267  -0.000012
118.355266  -0.000012
118.375265  -0.000012
118.395264  0.000000
118.415263  0.000012
118.435263  0.000000
118.455262  0.000000
118.475261  0.000000
118.495260  -0.000012
118.515259  -0.000012
118.535259  -0.000012
118.555258  0.000000
118.575257  0.000012
118.595256  0.000000
118.615255  -0.000036
118.635255  0.000012
118.655254  0.000000
118.675253  0.000024
118.695252  0.000000
118.715251  0.000012
118.735251  -0.000012
118.755250  -0.000012
118.775249  0.000000
118.795248  -0.000012
118.815247  0.000000
118.835247  -0.000012
118.855246  -0.000012
118.875245  -0.000012
118.895244  -0.000012
118.915243  -0.000012
118.935243  -0.000012
118.955242  -0.000012
118.975241  -0.000012
118.995240  0.000012
119.015239  0.000012
119.035239  -0.000012
119.055238  0.000000
119.075237  0.000012
119.095236  -0.000024
119.115235  0.000000
119.135235  -0.000024
119.155234  0.000000
119.175233  -0.000024
119.195232  0.000000
119.215231  -0.000012
119.235231  -0.000012
119.255230  -0.000036
119.275229  0.000000
119.295228  -0.000012
119.315227  0.000000
119.335227  -0.000012
119.355226  0.000000
119.375225  -0.000012
119.395224  0.000024
119.415223  0.000000
119.435223  -0.000012
119.455222  -0.000012
119.475221  -0.000012
119.495220  0.000000
119.515219  0.000000
119.535219  -0.000024
119.555218  0.000000
119.575217  0.000000
119.595216  -0.000036
119.615215  -0.000036
119.635215  0.000000
119.655214  0.000000
119.675213  0.000024
119.695212  -0.000012
119.715211  0.000000
119.735211  -0.000012
119.755210  0.000000
119.775209  -0.000012
119.795208  -0.000024
119.815207  -0.000012
119.835207  0.000012
119.855206  -0.000012
119.875205  0.000000
119.895204  0.000000
119.915203  -0.000012
119.935203  -0.000024
119.955202  -0.000036
119.975201  -0.000012
119.995200  0.000012
120.015199  0.000000
120.035199  0.000012
120.055198  0.000000
120.075197  0.000012
120.095196  0.000000
120.115195  -0.000012
120.135195  -0.000024
120.155194  0.000000
120.175193  -0.000012
120.195192  -0.000012
120.215191  0.000000
120.235191  -0.000012
120.255190  -0.000012
120.275189  0.000024
120.295188  -0.000012
120.315187  0.000000
120.335187  0.000000
120.355186  0.000012
120.375185  0.000000
120.395184  0.000000
120.415183  0.000000
120.435183  -0.000036
120.455182  -0.000012
120.475181  0.000000
120.495180  0.000000
120.515179  -0.000012
120.535179  -0.000024
120.555178  0.000000
120.575177  -0.000012
120.595176  -0.000012
120.615175  0.000000
120.635175  -0.000012
120.655174  -0.000024
120.675173  -0.000024
120.695172  0.000012
120.715171  -0.000012
120.735171  0.000000
120.755170  -0.000012
120.775169  0.000000
120.795168  0.000000
120.815167  -0.000012
120.835167  0.000000
120.855166  0.000012
120.875165  -0.000012
120.895164  -0.000012
120.915163  0.000000
120.935163  -0.000024
120.955162  -0.000012
120.975161  0.000000
120.995160  -0.000024
121.015159  -0.000036
121.035159  0.000000
121.055158  -0.000012
121.075157  0.000000
121.095156  0.000000
121.115155  -0.000012
121.135155  -0.000012
121.155154  -0.000012
121.175153  0.000000
121.195152  0.000000
121.215151  -0.000024
121.235151  0.000000
121.255150  -0.000012
121.275149  0.000000
121.295148  -0.000024
121.315147  -0.000024
121.335147  -0.000012
121.355146  -0.000024
121.375145  -0.000012
121.395144  0.000012
121.415143  -0.000012
121.435143  -0.000012
121.455142  0.000000
121.475141  0.000000
121.495140  -0.000012
121.515139  0.000012
121.535139  -0.000024
121.555138  0.000000
121.575137  0.000000
121.595136  0.000000
121.615135  -0.000024
121.635135  0.000012
121.655134  0.000000
121.675133  -0.000024
121.695132  -0.000012
121.715131  -0.000012
121.735131  -0.000012
121.755130  0.000000
121.775129  0.000012
121.795128  -0.000024
121.815127  0.000000
121.835127  0.000012
121.855126  0.000000
121.875125  0.000012
121.895124  0.000012
121.915123  -0.000012
121.935123  -0.000012
121.955122  0.000000
121.975121  0.000012
121.995120  -0.000024
122.015119  -0.000024
122.035119  -0.000036
122.055118  0.000012
122.075117  0.000000
122.095116  0.000000
122.115115  -0.000012
122.135115  0.000012
122.155114  -0.000012
122.175113  0.000000
122.195112  0.000012
122.215111  0.000000
122.235111  0.000000
122.255110  0.000000
122.275109  0.000000
122.295108  0.000012
122.315107  -0.000012
122.335107  -0.000012
122.355106  -0.000012
122.375105  -0.000012
122.395104  -0.000012
122.415103  0.000000
122.435103  -0.000012
122.455102  -0.000024
122.475101  0.000000
122.495100  0.000000
122.515099  -0.000024
122.535099  -0.000024
122.555098  0.000012
122.575097  0.000000
122.595096  0.000000
122.615095  -0.000012
122.635095  -0.000012
122.655094  -0.000012
122.675093  -0.000024
122.695092  -0.000012
122.715091  0.000012
122.735091  0.000000
122.755090  -0.000012
122.775089  -0.000012
122.795088  0.000000
122.815087  -0.000036
122.835087  -0.000012
122.855086  -0.000036
122.875085  -0.000012
122.895084  0.000012
122.915083  0.000000
122.935083  -0.000012
122.955082  0.000012
122.975081  0.000000
122.995080  -0.000012
123.015079  -0.000012
123.035079  -0.000012
123.055078  -0.000012
123.075077  0.000000
123.095076  -0.000024
123.115075  -0.000012
123.135075  0.000000
123.155074  0.000000
123.175073  0.000000
123.195072  0.000012
123.215071  -0.000012
123.235071  0.000000
123.255070  -0.000024
123.275069  -0.000012
123.295068  -0.000012
123.315067  -0.000012
123.335067  0.000012
123.355066  -0.000012
123.375065  0.000000
123.395064  -0.000012
123.415063  0.000000
123.435063  -0.000012
123.455062  -0.000024
123.475061  0.000012
123.495060  0.000000
123.515059  0.000000
123.535059  -0.000012
123.555058  0.000024
123.575057  0.000012
123.595056  0.000000
123.615055  0.000000
123.635055  -0.000012
123.655054  0.000000
123.675053  0.000000
123.695052  -0.000012
123.715051  0.000000
123.735051  -0.000024
123.755050  0.000000
123.775049  -0.000012
123.795048  0.000000
123.815047  -0.000012
123.835047  0.000000
123.855046  0.000000
123.875045  0.000012
123.895044  0.000000
123.915043  -0.000012
123.935043  -0.000024
123.955042  0.000000
123.975041  0.000000
123.995040  -0.000036
124.015039  -0.000012
124.035039  0.000000
124.055038  -0.000012
124.075037  -0.000024
124.095036  0.000000
124.115035  -0.000012
124.135035  0.000012
124.155034  0.000000
124.175033  -0.000012
124.195032  0.000012
124.215031  0.000024
124.235031  -0.000012
124.255030  0.000012
124.275029  0.000000
124.295028  -0.000024
124.315027  -0.000012
124.335027  0.000012
124.355026  0.000024
124.375025  0.000000
124.395024  0.000000
124.415023  -0.000012
124.435023  -0.000024
124.455022  0.000000
124.475021  0.000000
124.495020  0.000024
124.515019  0.000000
124.535019  -0.000012
124.555018  0.000000
124.575017  0.000012
124.595016  0.000036
124.615015  0.000024
124.635015  0.000024
124.655014  0.000000
124.675013  0.000000
124.695012  0.000012
124.715011  0.000024
124.735011  0.000000
124.755010  -0.000012
124.775009  -0.000024
124.795008  0.000000
124.815007  0.000000
124.835007  -0.000012
124.855006  -0.000012
124.875005  0.000000
124.895004  -0.000024
124.915003  0.000000
124.935003  -0.000012
124.955002  -0.000012
124.975001  -0.000012
124.995000  0.000000
125.014999  0.000024
125.034999  0.000000
125.054998  -0.000012
125.074997  0.000000
125.094996  -0.000012
125.114995  -0.000024
125.134995  0.000000
125.154994  -0.000024
125.174993  -0.000024
125.194992  -0.000024
125.214991  -0.000012
125.234991  0.000000
125.254990  0.000000
125.274989  -0.000012
125.294988  -0.000012
125.314987  -0.000012
125.334987  0.000024
125.354986  0.000000
125.374985  0.000024
125.394984  0.000000
125.414983  0.000000
125.434983  -0.000024
125.454982  0.000000
125.474981  0.000000
125.494980  0.000012
125.514979  0.000000
125.534979  0.000000
125.554978  -0.000012
125.574977  0.000000
125.594976  0.000012
125.614975  0.000000
125.634975  0.000012
125.654974  0.000000
125.674973  0.000012
125.694972  0.000000
125.714971  0.000000
125.734971  -0.000012
125.754970  0.000000
125.774969  -0.000024
125.794968  -0.000024
125.814967  -0.000024
125.834967  0.000000
125.854966  0.000012
125.874965  0.000012
125.894964  0.000000
125.914963  0.000000
125.934963  -0.000024
125.954962  -0.000024
125.974961  0.000012
125.994960  0.000000
126.014959  0.000012
126.034959  -0.000012
126.054958  0.000000
126.074957  0.000000
126.094956  0.000000
126.114955  0.000000
126.134955  0.000000
126.154954  -0.000024
126.174953  -0.000012
126.194952  -0.000024
126.214951  -0.000012
126.234951  0.000000
126.254950  0.000000
126.274949  0.000000
126.294948  -0.000012
126.314947  0.000012
126.334947  0.000000
126.354946  0.000000
126.374945  -0.000012
126.394944  0.000000
126.414943  0.000012
126.434943  0.000000
126.454942  0.000000
126.474941  0.000012
126.494940  0.000012
126.514939  -0.000012
126.534939  -0.000024
126.554938  0.000000
126.574937  -0.000036
126.594936  0.000000
126.614935  0.000000
126.634935  -0.000012
126.654934  -0.000012
126.674933  0.000012
126.694932  -0.000012
126.714931  0.000000
126.734931  -0.000012
126.754930  -0.000012
126.774929  0.000000
126.794928  -0.000012
126.814927  0.000000
126.834927  0.000012
126.854926  -0.000012
126.874925  0.000000
126.894924  0.000000
126.914923  0.000012
126.934923  -0.000012
126.954922  0.000012
126.974921  -0.000012
126.994920  0.000012
127.014919  0.000012
127.034919  0.000000
127.054918  0.000000
127.074917  0.000000
127.094916  0.000012
127.114915  0.000000
127.134915  0.000012
127.154914  -0.000012
127.174913  0.000000
127.194912  -0.000036
127.214911  0.000012
127.234911  -0.000012
127.254910  0.000000
127.274909  -0.000012
127.294908  0.000000
127.314907  -0.000012
127.334907  0.000000
127.354906  0.000000
127.374905  0.000012
127.394904  0.000000
127.414903  0.000000
127.434903  -0.000012
127.454902  -0.000012
127.474901  0.000012
127.494900  -0.000012
127.514899  -0.000024
127.534899  -0.000012
127.554898  0.000000
127.574897  -0.000012
127.594896  0.000012
127.614895  0.000012
127.634895  0.000000
127.654894  0.000000
127.674893  0.000000
127.694892  0.000000
127.714891  0.000012
127.734891  0.000000
127.754890  0.000000
127.774889  0.000000
127.794888  0.000000
127.814887  0.000012
127.834887  0.000000
127.854886  -0.000012
127.874885  0.000012
127.894884  0.000012
127.914883  0.000012
127.934883  -0.000012
127.954882  0.000000
127.974881  -0.000012
127.994880  0.000012
128.014879  0.000012
128.034879  0.000012
128.054878  0.000000
128.074877  0.000000
128.094876  -0.000012
128.114875  0.000000
128.134875  0.000000
128.154874  0.000012
128.174873  0.000000
128.194872  0.000000
128.214871  -0.000012
128.234871  -0.000012
128.254870  0.000012
128.274869  0.000000
128.294868  -0.000012
128.314867  -0.000012
128.334867  -0.000012
128.354866  0.000000
128.374865  0.000012
128.394864  0.000000
128.414863  -0.000012
128.434863  0.000000
128.454862  0.000000
128.474861  0.000012
128.494860  0.000012
128.514859  0.000024
128.534859  0.000000
128.554858  0.000000
128.574857  0.000000
128.594856  -0.000012
128.614855  -0.000012
128.634855  0.000000
128.654854  0.000000
128.674853  0.000000
128.694852  -0.000012
128.714851  0.000000
128.734851  0.000012
128.754850  0.000000
128.774849  -0.000012
128.794848  -0.000012
128.814847  0.000000
128.834847  -0.000012
128.854846  0.000000
128.874845  0.000012
128.894844  0.000000
128.914843  0.000000
128.934843  0.000000
128.954842  0.000000
128.974841  -0.000012
128.994840  0.000012
129.014839  0.000000
129.034839  0.000012
129.054838  0.000012
129.074837  0.000000
129.094836  -0.000012
129.114835  0.000000
129.134835  0.000012
129.154834  0.000012
129.174833  0.000012
129.194832  0.000000
129.214831  0.000012
129.234831  0.000000
129.254830  0.000000
129.274829  -0.000036
129.294828  -0.000024
129.314827  -0.000012
129.334827  0.000024
129.354826  0.000000
129.374825  0.000000
129.394824  -0.000012
129.414823  0.000000
129.434823  0.000000
129.454822  0.000000
129.474821  0.000000
129.494820  -0.000012
129.514819  0.000000
129.534819  0.000024
129.554818  -0.000012
129.574817  -0.000024
129.594816  -0.000012
129.614815  -0.000012
129.634815  0.000000
129.654814  0.000012
129.674813  0.000012
129.694812  0.000000
129.714811  0.000000
129.734811  0.000012
129.754810  0.000000
129.774809  0.000000
129.794808  -0.000024
129.814807  0.000000
129.834807  0.000012
129.854806  -0.000012
129.874805  0.000012
129.894804  -0.000012
129.914803  0.000000
129.934803  0.000000
129.954802  0.000000
129.974801  -0.000024
129.994800  0.000012
130.014799  0.000000
130.034799  0.000012
130.054798  0.000000
130.074797  0.000000
130.094796  -0.000012
130.114795  0.000000
130.134795  0.000000
130.154794  0.000012
130.174793  0.000012
130.194792  0.000000
130.214791  -0.000012
130.234791  0.000000
130.254790  0.000000
130.274789  0.000012
130.294788  0.000012
130.314787  -0.000012
130.334787  0.000000
130.354786  -0.000036
130.374785  0.000000
130.394784  -0.000012
130.414783  0.000000
130.434783  0.000000
130.454782  0.000000
130.474781  0.000012
130.494780  0.000000
130.514779  -0.000012
130.534779  0.000012
130.554778  0.000000
130.574777  0.000012
130.594776  -0.000012
130.614775  0.000000
130.634775  -0.000012
130.654774  0.000000
130.674773  0.000048
130.694772  -0.000012
130.714771  -0.000012
130.734771  0.000000
130.754770  0.000000
130.774769  -0.000012
130.794768  -0.000024
130.814767  0.000012
130.834767  0.000000
130.854766  0.000000
130.874765  0.000000
130.894764  -0.000012
130.914763  0.000000
130.934763  0.000000
130.954762  0.000012
130.974761  -0.000024
130.994760  0.000000
131.014759  -0.000012
131.034759  -0.000012
131.054758  -0.000024
131.074757  -0.000036
131.094756  -0.000012
131.114755  0.000000
131.134755  0.000012
131.154754  -0.000012
131.174753  0.000000
131.194752  0.000000
131.214751  0.000000
131.234751  0.000000
131.254750  0.000012
131.274749  -0.000012
131.294748  -0.000012
131.314747  0.000012
131.334747  0.000000
131.354746  -0.000012
131.374745  0.000012
131.394744  -0.000012
131.414743  0.000012
131.434743  -0.000024
131.454742  0.000000
131.474741  0.000000
131.494740  -0.000012
131.514739  0.000000
131.534739  0.000000
131.554738  0.000000
131.574737  0.000012
131.594736  -0.000012
131.614735  0.000012
131.634735  -0.000012
131.654734  -0.000012
131.674733  -0.000012
131.694732  0.000000
131.714731  -0.000012
131.734731  0.000000
131.754730  0.000000
131.774729  -0.000024
131.794728  -0.000012
131.814727  0.000000
131.834727  0.000012
131.854726  0.000000
131.874725  0.000000
131.894724  -0.000047
131.914723  0.000000
131.934723  -0.000012
131.954722  -0.000012
131.974721  -0.000024
131.994720  0.000000
132.014719  -0.000012
132.034719  0.000000
132.054718  -0.000012
132.074717  -0.000012
132.094716  -0.000024
132.114715  -0.000012
132.134715  -0.000024
132.154714  0.000000
132.174713  0.000012
132.194712  -0.000012
132.214711  -0.000012
132.234711  0.000012
132.254710  0.000012
132.274709  0.000000
132.294708  0.000000
132.314707  -0.000012
132.334707  0.000000
132.354706  -0.000012
132.374705  -0.000012
132.394704  0.000000
132.414703  0.000000
132.434703  -0.000024
132.454702  -0.000012
132.474701  0.000000
132.494700  -0.000012
132.514699  -0.000012
132.534699  0.000000
132.554698  0.000000
132.574697  -0.000012
132.594696  -0.000012
132.614695  0.000000
132.634695  -0.000024
132.654694  -0.000012
132.674693  0.000000
132.694692  0.000000
132.714691  0.000000
132.734691  -0.000012
132.754690  -0.000012
132.774689  -0.000024
132.794688  0.000000
132.814687  -0.000012
132.834687  -0.000012
132.854686  0.000000
132.874685  -0.000012
132.894684  0.000000
132.914683  0.000000
132.934683  -0.000024
132.954682  0.000000
132.974681  -0.000012
132.994680  0.000000
133.014679  0.000000
133.034679  0.000012
133.054678  0.000000
133.074677  -0.000012
133.094676  -0.000012
133.114675  -0.000024
133.134675  0.000000
133.154674  -0.000012
133.174673  -0.000012
133.194672  -0.000012
133.214671  -0.000012
133.234671  0.000000
133.254670  -0.000024
133.274669  0.000012
133.294668  0.000000
133.314667  0.000000
133.334667  0.000000
133.354666  -0.000024
133.374665  0.000012
133.394664  -0.000012
133.414663  -0.000012
133.434663  -0.000012
133.454662  -0.000012
133.474661  -0.000012
133.494660  0.000000
133.514659  0.000000
133.534659  -0.000012
133.554658  -0.000012
133.574657  0.000012
133.594656  0.000000
133.614655  0.000000
133.634655  -0.000012
133.654654  0.000000
133.674653  -0.000012
133.694652  0.000000
133.714651  0.000024
133.734651  -0.000012
133.754650  0.000000
133.774649  -0.000012
133.794648  0.000012
133.814647  -0.000012
133.834647  0.000012
133.854646  0.000000
133.874645  0.000000
133.894644  0.000000
133.914643  -0.000012
133.934643  -0.000012
133.954642  0.000000
133.974641  -0.000012
133.994640  0.000000
134.014639  0.000000
134.034639  -0.000012
134.054638  -0.000012
134.074637  -0.000012
134.094636  -0.000047
134.114635  0.000000
134.134635  -0.000024
134.154634  -0.000012
134.174633  0.000000
134.194632  0.000000
134.214631  -0.000024
134.234631  0.000012
134.254630  0.000000
134.274629  0.000000
134.294628  -0.000012
134.314627  -0.000012
134.334627  -0.000012
134.354626  -0.000024
134.374625  0.000012
134.394624  0.000000
134.414623  0.000000
134.434623  0.000000
134.454622  -0.000012
134.474621  -0.000012
134.494620  0.000000
134.514619  0.000000
134.534619  0.000000
134.554618  0.000000
134.574617  0.000000
134.594616  -0.000012
134.614615  0.000024
134.634615  0.000000
134.654614  0.000024
134.674613  0.000000
134.694612  0.000012
134.714611  0.000000
134.734611  -0.000012
134.754610  0.000000
134.774609  0.000000
134.794608  -0.000012
134.814607  -0.000024
134.834607  0.000000
134.854606  -0.000012
134.874605  0.000000
134.894604  0.000000
134.914603  0.000000
134.934603  0.000012
134.954602  0.000000
134.974601  -0.000012
134.994600  -0.000012
135.014599  -0.000024
135.034599  0.000012
135.054598  -0.000012
135.074597  0.000024
135.094596  -0.000024
135.114595  -0.000024
135.134595  0.000000
135.154594  0.000000
135.174593  -0.000012
135.194592  -0.000012
135.214591  -0.000012
135.234591  -0.000012
135.254590  -0.000012
135.274589  0.000024
135.294588  0.000000
135.314587  -0.000012
135.334587  0.000012
135.354586  -0.000012
135.374585  0.000000
135.394584  -0.000012
135.414583  0.000000
135.434583  0.000000
135.454582  0.000000
135.474581  0.000000
135.494580  -0.000012
135.514579  -0.000012
135.534579  -0.000012
135.554578  -0.000012
135.574577  0.000000
135.594576  -0.000036
135.614575  -0.000012
135.634575  0.000000
135.654574  0.000012
135.674573  0.000000
135.694572  0.000012
135.714571  -0.000036
135.734571  -0.000024
135.754570  0.000012
135.774569  0.000000
135.794568  0.000024
135.814567  -0.000012
135.834567  0.000024
135.854566  -0.000012
135.874565  -0.000012
135.894564  -0.000036
135.914563  -0.000012
135.934563  -0.000012
135.954562  -0.000012
135.974561  -0.000012
135.994560  -0.000024
136.014559  -0.000024
136.034559  -0.000012
136.054558  0.000000
136.074557  0.000012
136.094556  -0.000012
136.114555  0.000000
136.134555  0.000000
136.154554  -0.000012
136.174553  -0.000012
136.194552  0.000000
136.214551  0.000000
136.234551  0.000024
136.254550  0.000012
136.274549  -0.000012
136.294548  -0.000012
136.314547  0.000012
136.334547  -0.000024
136.354546  -0.000012
136.374545  0.000000
136.394544  0.000000
136.414543  -0.000012
136.434543  -0.000024
136.454542  -0.000012
136.474541  0.000000
136.494540  0.000000
136.514539  0.000000
136.534539  0.000000
136.554538  -0.000012
136.574537  0.000000
136.594536  -0.000024
136.614535  0.000000
136.634535  -0.000012
136.654534  -0.000024
136.674533  0.000000
136.694532  0.000012
136.714531  -0.000012
136.734531  0.000012
136.754530  -0.000012
136.774529  0.000000
136.794528  0.000024
136.814527  0.000000
136.834527  -0.000012
136.854526  -0.000012
136.874525  -0.000024
136.894524  0.000000
136.914523  0.000012
136.934523  -0.000012
136.954522  -0.000012
136.974521  -0.000012
136.994520  0.000000
137.014519  0.000000
137.034519  0.000000
137.054518  -0.000012
137.074517  0.000012
137.094516  0.000012
137.114515  0.000012
137.134515  0.000012
137.154514  0.000000
137.174513  0.000000
137.194512  0.000012
137.214511  0.000000
137.234511  -0.000012
137.254510  -0.000012
137.274509  0.000000
137.294508  -0.000012
137.314507  0.000000
137.334507  0.000000
137.354506  0.000000
137.374505  0.000000
137.394504  0.000000
137.414503  0.000000
137.434503  0.000000
137.454502  0.000000
137.474501  0.000000
137.494500  0.000000
137.514499  -0.000012
137.534499  0.000000
137.554498  -0.000012
137.574497  0.000000
137.594496  0.000000
137.614495  0.000000
137.634495  0.000000
137.654494  -0.000012
137.674493  -0.000012
137.694492  0.000000
137.714491  0.000000
137.734491  0.000012
137.754490  -0.000024
137.774489  0.000000
137.794488  0.000000
137.814487  -0.000012
137.834487  0.000000
137.854486  0.000012
137.874485  -0.000012
137.894484  0.000000
137.914483  0.000000
137.934483  -0.000024
137.954482  -0.000012
137.974481  0.000000
137.994480  0.000000
138.014479  0.000012
138.034479  0.000000
138.054478  -0.000012
138.074477  0.000000
138.094476  0.000000
138.114475  -0.000012
138.134475  0.000000
138.154474  -0.000012
138.174473  0.000000
138.194472  -0.000012
138.214471  0.000000
138.234471  0.000000
138.254470  -0.000012
138.274469  0.000000
138.294468  -0.000012
138.314467  -0.000036
138.334467  0.000012
138.354466  -0.000012
138.374465  0.000012
138.394464  0.000000
138.414463  0.000000
138.434463  -0.000012
138.454462  0.000000
138.474461  -0.000012
138.494460  -0.000012
138.514459  0.000012
138.534459  -0.000012
138.554458  0.000012
138.574457  -0.000012
138.594456  0.000000
138.614455  0.000000
138.634455  -0.000024
138.654454  -0.000012
138.674453  -0.000012
138.694452  -0.000012
138.714451  -0.000012
138.734451  -0.000012
138.754450  -0.000012
138.774449  0.000012
138.794448  -0.000012
138.814447  0.000000
138.834447  0.000000
138.854446  0.000000
138.874445  -0.000012
138.894444  -0.000012
138.914443  0.000000
138.934443  -0.000012
138.954442  0.000000
138.974441  -0.000024
138.994440  0.000000
139.014439  -0.000012
139.034439  -0.000012
139.054438  0.000000
139.074437  0.000000
139.094436  -0.000012
139.114435  -0.000012
139.134435  -0.000012
139.154434  -0.000012
139.174433  0.000012
139.194432  0.000012
139.214431  -0.000012
139.234431  -0.000012
139.254430  0.000000
139.274429  0.000012
139.294428  -0.000012
139.314427  -0.000012
139.334427  -0.000012
139.354426  -0.000012
139.374425  -0.000012
139.394424  0.000000
139.414423  0.000000
139.434423  0.000012
139.454422  -0.000012
139.474421  0.000012
139.494420  0.000000
139.514419  -0.000024
139.534419  -0.000024
139.554418  -0.000012
139.574417  0.000012
139.594416  0.000000
139.614415  -0.000012
139.634415  -0.000012
139.654414  -0.000024
139.674413  -0.000012
139.694412  0.000000
139.714411  -0.000012
139.734411  -0.000012
139.754410  -0.000012
139.774409  0.000012
139.794408  0.000000
139.814407  0.000012
139.834407  0.000000
139.854406  0.000000
139.874405  0.000000
139.894404  -0.000012
139.914403  -0.000012
139.934403  0.000000
139.954402  -0.000036
139.974401  0.000000
139.994400  -0.000012
140.014399  0.000000
140.034399  0.000012
140.054398  0.000012
140.074397  -0.000012
140.094396  0.000012
140.114395  0.000000
140.134395  -0.000024
140.154394  0.000000
140.174393  0.000012
140.194392  -0.000012
140.214391  -0.000012
140.234391  -0.000012
140.254390  0.000000
140.274389  -0.000012
140.294388  0.000000
140.314387  -0.000012
140.334387  -0.000024
140.354386  0.000000
140.374385  -0.000012
140.394384  0.000000
140.414383  -0.000012
140.434383  -0.000012
140.454382  -0.000012
140.474381  0.000024
140.494380  -0.000012
140.514379  0.000000
140.534379  0.000000
140.554378  -0.000012
140.574377  0.000000
140.594376  0.000012
140.614375  -0.000024
140.634375  0.000012
140.654374  -0.000036
140.674373  0.000012
140.694372  0.000012
140.714371  0.000000
140.734371  0.000000
140.754370  0.000000
140.774369  0.000012
140.794368  0.000000
140.814367  -0.000012
140.834367  0.000000
140.854366  -0.000012
140.874365  -0.000024
140.894364  0.000000
140.914363  -0.000012
140.934363  0.000000
140.954362  -0.000012
140.974361  -0.000012
140.994360  -0.000024
141.014359  0.000000
141.034359  -0.000036
141.054358  -0.000012
141.074357  -0.000012
141.094356  0.000000
141.114355  0.000000
141.134355  0.000000
141.154354  -0.000012
141.174353  0.000024
141.194352  0.000000
141.214351  0.000000
141.234351  0.000000
141.254350  0.000000
141.274349  0.000000
141.294348  0.000000
141.314347  0.000012
141.334347  0.000012
141.354346  -0.000012
141.374345  -0.000012
141.394344  0.000000
141.414343  -0.000012
141.434343  0.000012
141.454342  0.000000
141.474341  0.000012
141.494340  0.000000
141.514339  0.000012
141.534339  0.000012
141.554338  0.000000
141.574337  0.000000
141.594336  0.000012
141.614335  0.000000
141.634335  -0.000012
141.654334  0.000000
141.674333  -0.000012
141.694332  0.000012
141.714331  0.000000
141.734331  0.000012
141.754330  0.000000
141.774329  0.000012
141.794328  0.000000
141.814327  -0.000012
141.834327  0.000000
141.854326  -0.000012
141.874325  0.000000
141.894324  0.000012
141.914323  0.000000
141.934323  -0.000012
141.954322  -0.000012
141.974321  0.000012
141.994320  0.000012
142.014319  0.000012
142.034319  -0.000024
142.054318  0.000000
142.074317  -0.000024
142.094316  0.000024
142.114315  -0.000012
142.134315  -0.000012
142.154314  -0.000012
142.174313  0.000024
142.194312  -0.000024
142.214311  0.000000
142.234311  0.000012
142.254310  0.000024
142.274309  -0.000012
142.294308  0.000000
142.314307  0.000024
142.334307  0.000012
142.354306  -0.000012
142.374305  -0.000012
142.394304  0.000000
142.414303  -0.000036
142.434303  0.000000
142.454302  -0.000024
142.474301  -0.000012
142.494300  -0.000036
142.514299  0.000000
142.534299  0.000000
142.554298  0.000012
142.574297  0.000000
142.594296  0.000024
142.614295  -0.000012
142.634295  0.000012
142.654294  0.000000
142.674293  -0.000012
142.694292  -0.000024
142.714291  0.000012
142.734291  -0.000012
142.754290  0.000000
142.774289  0.000012
142.794288  0.000000
142.814287  0.000000
142.834287  0.000012
142.854286  0.000000
142.874285  0.000000
142.894284  -0.000012
142.914283  0.000000
142.934283  0.000012
142.954282  -0.000012
142.974281  0.000000
142.994280  0.000000
143.014279  0.000000
143.034279  -0.000012
143.054278  0.000012
143.074277  -0.000024
143.094276  -0.000012
143.114275  -0.000036
143.134275  0.000012
143.154274  -0.000012
143.174273  0.000000
143.194272  0.000000
143.214271  0.000012
143.234271  0.000012
143.254270  0.000048
143.274269  0.000000
143.294268  0.000000
143.314267  -0.000012
143.334267  0.000024
143.354266  0.000000
143.374265  0.000012
143.394264  0.000000
143.414263  -0.000012
143.434263  0.000024
143.454262  -0.000024
143.474261  0.000000
143.494260  0.000000
143.514259  0.000012
143.534259  -0.000024
143.554258  0.000000
143.574257  0.000012
143.594256  0.000012
143.614255  0.000000
143.634255  -0.000012
143.654254  -0.000012
143.674253  0.000012
143.694252  -0.000012
143.714251  -0.000012
143.734251  -0.000024
143.754250  -0.000012
143.774249  -0.000012
143.794248  0.000000
143.814247  0.000000
143.834247  0.000000
143.854246  0.000000
143.874245  -0.000012
143.894244  0.000012
143.914243  -0.000012
143.934243  0.000000
143.954242  0.000000
143.974241  -0.000012
143.994240  0.000000
144.014239  0.000036
144.034239  0.000012
144.054238  0.000012
144.074237  0.000000
144.094236  0.000012
144.114235  -0.000024
144.134235  0.000024
144.154234  -0.000024
144.174233  0.000036
144.194232  0.000000
144.214231  0.000000
144.234231  -0.000012
144.254230  0.000024
144.274229  -0.000012
144.294228  0.000000
144.314227  0.000000
144.334227  0.000012
144.354226  -0.000012
144.374225  -0.000012
144.394224  -0.000012
144.414223  0.000000
144.434223  -0.000012
144.454222  0.000000
144.474221  0.000000
144.494220  -0.000012
144.514219  0.000000
144.534219  0.000000
144.554218  -0.000012
144.574217  -0.000024
144.594216  0.000036
144.614215  0.000012
144.634215  0.000012
144.654214  0.000012
144.674213  0.000024
144.694212  0.000000
144.714211  -0.000012
144.734211  0.000000
144.754210  0.000000
144.774209  -0.000012
144.794208  -0.000012
144.814207  -0.000012
144.834207  0.000000
144.854206  -0.000024
144.874205  -0.000012
144.894204  -0.000012
144.914203  0.000000
144.934203  0.000000
144.954202  0.000000
144.974201  0.000012
144.994200  0.000000
145.014199  0.000000
145.034199  0.000012
145.054198  0.000012
145.074197  0.000000
145.094196  0.000000
145.114195  0.000000
145.134195  0.000012
145.154194  0.000012
145.174193  -0.000012
145.194192  -0.000012
145.214191  0.000000
145.234191  0.000000
145.254190  0.000012
145.274189  0.000012
145.294188  0.000024
145.314187  0.000012
145.334187  0.000000
145.354186  0.000012
145.374185  0.000012
145.394184  0.000000
145.414183  0.000012
145.434183  0.000012
145.454182  -0.000012
145.474181  0.000000
145.494180  -0.000024
145.514179  -0.000012
145.534179  0.000000
145.554178  -0.000012
145.574177  0.000000
145.594176  0.000000
145.614175  0.000000
145.634175  0.000000
145.654174  -0.000024
145.674173  0.000000
145.694172  0.000000
145.714171  0.000024
145.734171  -0.000012
145.754170  -0.000012
145.774169  0.000000
145.794168  -0.000012
145.814167  -0.000024
145.834167  0.000000
145.854166  -0.000012
145.874165  -0.000012
145.894164  0.000000
145.914163  -0.000012
145.934163  -0.000012
145.954162  -0.000024
145.974161  -0.000012
145.994160  0.000012
146.014159  -0.000012
146.034159  0.000000
146.054158  0.000012
146.074157  0.000000
146.094156  0.000000
146.114155  0.000012
146.134155  0.000000
146.154154  0.000000
146.174153  0.000000
146.194152  -0.000012
146.214151  -0.000012
146.234151  -0.000012
146.254150  -0.000012
146.274149  0.000000
146.294148  -0.000012
146.314147  0.000000
146.334147  0.000012
146.354146  -0.000012
146.374145  0.000000
146.394144  -0.000012
146.414143  0.000000
146.434143  -0.000012
146.454142  -0.000012
146.474141  0.000012
146.494140  0.000012
146.514139  -0.000012
146.534139  0.000000
146.554138  -0.000012
146.574137  -0.000012
146.594136  0.000012
146.614135  0.000012
146.634135  0.000012
146.654134  -0.000012
146.674133  -0.000012
146.694132  -0.000012
146.714131  -0.000012
146.734131  0.000012
146.754130  0.000012
146.774129  0.000000
146.794128  0.000000
146.814127  -0.000012
146.834127  -0.000012
146.854126  -0.000012
146.874125  0.000012
146.894124  -0.000036
146.914123  -0.000012
146.934123  -0.000012
146.954122  0.000012
146.974121  0.000024
146.994120  0.000000
147.014119  -0.000012
147.034119  -0.000012
147.054118  0.000024
147.074117  0.000012
147.094116  0.000000
147.114115  0.000000
147.134115  0.000000
147.154114  0.000000
147.174113  0.000012
147.194112  0.000000
147.214111  -0.000024
147.234111  -0.000012
147.254110  0.000000
147.274109  0.000012
147.294108  0.000000
147.314107  -0.000012
147.334107  -0.000012
147.354106  0.000000
147.374105  0.000024
147.394104  -0.000012
147.414103  0.000000
147.434103  0.000012
147.454102  -0.000012
147.474101  0.000012
147.494100  0.000012
147.514099  0.000000
147.534099  -0.000012
147.554098  -0.000012
147.574097  0.000012
147.594096  0.000012
147.614095  0.000012
147.634095  0.000012
147.654094  -0.000012
147.674093  0.000000
147.694092  0.000000
147.714091  -0.000012
147.734091  0.000000
147.754090  0.000000
147.774089  0.000000
147.794088  0.000036
147.814087  0.000012
147.834087  0.000012
147.854086  0.000000
147.874085  0.000012
147.894084  -0.000024
147.914083  0.000000
147.934083  -0.000036
147.954082  -0.000012
147.974081  -0.000012
147.994080  -0.000012
148.014079  0.000000
148.034079  0.000012
148.054078  0.000000
148.074077  -0.000012
148.094076  0.000000
148.114075  -0.000012
148.134075  0.000000
148.154074  -0.000012
148.174073  0.000024
148.194072  -0.000012
148.214071  0.000012
148.234071  0.000012
148.254070  -0.000012
148.274069  -0.000012
148.294068  -0.000012
148.314067  0.000000
148.334067  0.000012
148.354066  -0.000024
148.374065  0.000012
148.394064  -0.000012
148.414063  -0.000012
148.434063  0.000012
148.454062  0.000036
148.474061  0.000000
148.494060  0.000012
148.514059  0.000000
148.534059  0.000012
148.554058  0.000024
148.574057  0.000000
148.594056  -0.000012
148.614055  -0.000012
148.634055  0.000000
148.654054  0.000012
148.674053  -0.000012
148.694052  0.000000
148.714051  0.000000
148.734051  -0.000012
148.754050  -0.000024
148.774049  0.000000
148.794048  0.000000
148.814047  -0.000012
148.834047  0.000024
148.854046  -0.000024
148.874045  0.000000
148.894044  0.000012
148.914043  0.000000
148.934043  0.000000
148.954042  0.000024
148.974041  -0.000012
148.994040  0.000000
149.014039  -0.000012
149.034039  0.000000
149.054038  0.000000
149.074037  0.000024
149.094036  0.000012
149.114035  0.000000
149.134035  0.000000
149.154034  0.000000
149.174033  0.000012
149.194032  0.000024
149.214031  0.000000
149.234031  0.000000
149.254030  -0.000012
149.274029  -0.000012
149.294028  0.000000
149.314027  -0.000024
149.334027  -0.000012
149.354026  -0.000012
149.374025  -0.000024
149.394024  0.000000
149.414023  0.000000
149.434023  -0.000012
149.454022  0.000024
149.474021  0.000024
149.494020  0.000000
149.514019  0.000000
149.534019  0.000000
149.554018  0.000000
149.574017  -0.000012
149.594016  -0.000012
149.614015  0.000000
149.634015  -0.000012
149.654014  -0.000012
149.674013  0.000012
149.694012  0.000012
149.714011  -0.000012
149.734011  0.000012
149.754010  -0.000012
149.774009  -0.000036
149.794008  0.000000
149.814007  -0.000012
149.834007  0.000000
149.854006  -0.000012
149.874005  -0.000012
149.894004  0.000000
149.914003  -0.000012
149.934003  0.000012
149.954002  -0.000012
149.974001  -0.000024
149.994000  0.000000
150.013999  0.000012
150.033999  -0.000012
150.053998  0.000000
150.073997  -0.000012
150.093996  0.000024
150.113995  0.000024
150.133995  -0.000012
150.153994  -0.000012
150.173993  0.000012
150.193992  -0.000012
150.213991  -0.000012
150.233991  -0.000012
150.253990  0.000000
150.273989  -0.000012
150.293988  -0.000012
150.313987  0.000000
150.333987  0.000012
150.353986  -0.000036
150.373985  -0.000012
150.393984  -0.000012
150.413983  0.000012
150.433983  -0.000012
150.453982  -0.000012
150.473981  -0.000012
150.493980  0.000000
150.513979  -0.000012
150.533979  0.000000
150.553978  -0.000012
150.573977  -0.000024
150.593976  0.000012
150.613975  0.000024
150.633975  -0.000012
150.653974  0.000000
150.673973  0.000012
150.693972  -0.000024
150.713971  -0.000012
150.733971  0.000000
150.753970  0.000012
150.773969  0.000000
150.793968  0.000012
150.813967  0.000000
150.833967  -0.000012
150.853966  0.000012
150.873965  -0.000012
150.893964  0.000012
150.913963  0.000000
150.933963  0.000000
150.953962  -0.000012
150.973961  -0.000012
150.993960  0.000000
151.013959  -0.000012
151.033959  -0.000012
151.053958  -0.000012
151.073957  0.000000
151.093956  0.000000
151.113955  -0.000024
151.133955  0.000012
151.153954  0.000024
151.173953  -0.000012
151.193952  0.000012
151.213951  -0.000036
151.233951  0.000000
151.253950  0.000000
151.273949  -0.000012
151.293948  -0.000012
151.313947  0.000000
151.333947  0.000000
151.353946  0.000000
151.373945  0.000000
151.393944  0.000000
151.413943  0.000000
151.433943  0.000024
151.453942  -0.000012
151.473941  0.000000
151.493940  -0.000012
151.513939  0.000000
151.533939  0.000000
151.553938  -0.000012
151.573937  0.000000
151.593936  0.000012
151.613935  0.000012
151.633935  -0.000012
151.653934  0.000000
151.673933  -0.000024
151.693932  -0.000012
151.713931  -0.000024
151.733931  0.000012
151.753930  -0.000024
151.773929  0.000000
151.793928  0.000000
151.813927  0.000012
151.833927  0.000012
151.853926  0.000012
151.873925  -0.000012
151.893924  0.000000
151.913923  -0.000012
151.933923  0.000000
151.953922  0.000012
151.973921  -0.000012
151.993920  0.000012
152.013919  -0.000012
152.033919  0.000000
152.053918  -0.000012
152.073917  0.000000
152.093916  0.000000
152.113915  -0.000012
152.133915  -0.000036
152.153914  -0.000012
152.173913  0.000000
152.193912  0.000012
152.213911  -0.000012
152.233911  -0.000012
152.253910  -0.000024
152.273909  0.000012
152.293908  0.000012
152.313907  -0.000012
152.333907  0.000000
152.353906  0.000000
152.373905  -0.000012
152.393904  -0.000024
152.413903  0.000012
152.433903  0.000012
152.453902  0.000012
152.473901  0.000024
152.493900  0.000012
152.513899  0.000012
152.533899  0.000000
152.553898  0.000000
152.573897  0.000000
152.593896  0.000000
152.613895  0.000012
152.633895  -0.000012
152.653894  -0.000012
152.673893  0.000012
152.693892  0.000000
152.713891  -0.000012
152.733891  -0.000012
152.753890  -0.000012
152.773889  -0.000012
152.793888  0.000012
152.813887  -0.000012
152.833887  -0.000012
152.853886  0.000012
152.873885  0.000000
152.893884  0.000000
152.913883  -0.000012
152.933883  0.000024
152.953882  0.000000
152.973881  0.000000
152.993880  0.000000
153.013879  0.000024
153.033879  -0.000036
153.053878  0.000012
153.073877  0.000012
153.093876  0.000000
153.113875  0.000012
153.133875  0.000000
153.153874  -0.000012
153.173873  0.000012
153.193872  0.000000
153.213871  0.000000
153.233871  0.000000
153.253870  -0.000012
153.273869  0.000012
153.293868  0.000012
153.313867  0.000012
153.333867  0.000012
153.353866  -0.000012
153.373865  -0.000024
153.393864  -0.000024
153.413863  -0.000012
153.433863  0.000024
153.453862  -0.000024
153.473861  -0.000012
153.493860  0.000012
153.513859  0.000012
153.533859  0.000012
153.553858  0.000012
153.573857  0.000000
153.593856  0.000012
153.613855  0.000000
153.633855  0.000000
153.653854  0.000000
153.673853  -0.000024
153.693852  -0.000012
153.713851  -0.000012
153.733851  -0.000012
153.753850  0.000012
153.773849  -0.000012
153.793848  -0.000012
153.813847  0.000000
153.833847  0.000000
153.853846  -0.000012
153.873845  0.000000
153.893844  0.000000
153.913843  -0.000012
153.933843  0.000012
153.953842  0.000000
153.973841  0.000000
153.993840  0.000000
154.013839  0.000000
154.033839  0.000000
154.053838  -0.000012
154.073837  -0.000012
154.093836  0.000000
154.113835  0.000000
154.133835  -0.000012
154.153834  -0.000024
154.173833  0.000024
154.193832  0.000000
154.213831  0.000000
154.233831  -0.000012
154.253830  -0.000012
154.273829  -0.000012
154.293828  0.000012
154.313827  0.000012
154.333827  0.000012
154.353826  -0.000012
154.373825  0.000000
154.393824  -0.000012
154.413823  0.000000
154.433823  -0.000012
154.453822  -0.000036
154.473821  0.000000
154.493820  -0.000012
154.513819  0.000012
154.533819  -0.000024
154.553818  0.000012
154.573817  0.000000
154.593816  -0.000012
154.613815  0.000000
154.633815  -0.000012
154.653814  0.000000
154.673813  0.000012
154.693812  -0.000024
154.713811  -0.000012
154.733811  0.000012
154.753810  -0.000012
154.773809  -0.000012
154.793808  -0.000012
154.813807  0.000012
154.833807  -0.000012
154.853806  -0.000012
154.873805  0.000000
154.893804  0.000000
154.913803  -0.000012
154.933803  0.000000
154.953802  0.000000
154.973801  0.000012
154.993800  0.000000
155.013799  0.000012
155.033799  -0.000024
155.053798  -0.000012
155.073797  -0.000024
155.093796  0.000000
155.113795  0.000012
155.133795  -0.000012
155.153794  -0.000012
155.173793  0.000024
155.193792  0.000000
155.213791  0.000000
155.233791  0.000000
155.253790  0.000000
155.273789  0.000012
155.293788  0.000012
155.313787  -0.000012
155.333787  0.000000
155.353786  0.000012
155.373785  0.000000
155.393784  0.000000
155.413783  0.000012
155.433783  0.000000
155.453782  -0.000024
155.473781  -0.000012
155.493780  -0.000012
155.513779  0.000000
155.533779  -0.000036
155.553778  0.000024
155.573777  -0.000024
155.593776  0.000024
155.613775  0.000000
155.633775  0.000000
155.653774  0.000000
155.673773  -0.000012
155.693772  0.000000
155.713771  -0.000012
155.733771  0.000000
155.753770  -0.000036
155.773769  0.000000
155.793768  0.000000
155.813767  -0.000012
155.833767  0.000000
155.853766  0.000000
155.873765  0.000000
155.893764  0.000000
155.913763  -0.000012
155.933763  -0.000012
155.953762  0.000012
155.973761  -0.000012
155.993760  0.000012
156.013759  0.000012
156.033759  0.000000
156.053758  0.000000
156.073757  0.000000
156.093756  0.000000
156.113755  -0.000012
156.133755  0.000012
156.153754  -0.000012
156.173753  0.000000
156.193752  -0.000036
156.213751  0.000012
156.233751  0.000000
156.253750  0.000012
156.273749  0.000012
156.293748  -0.000024
156.313747  -0.000012
156.333747  0.000000
156.353746  0.000000
156.373745  0.000000
156.393744  0.000000
156.413743  0.000000
156.433743  -0.000012
156.453742  -0.000012
156.473741  -0.000024
156.493740  0.000000
156.513739  -0.000012
156.533739  -0.000024
156.553738  0.000000
156.573737  -0.000012
156.593736  -0.000012
156.613735  -0.000012
156.633735  0.000024
156.653734  -0.000012
156.673733  0.000024
156.693732  0.000000
156.713731  0.000000
156.733731  -0.000024
156.753730  -0.000012
156.773729  0.000000
156.793728  0.000000
156.813727  0.000012
156.833727  0.000000
156.853726  -0.000012
156.873725  0.000024
156.893724  0.000000
156.913723  0.000000
156.933723  0.000000
156.953722  0.000000
156.973721  -0.000012
156.993720  -0.000012
157.013719  0.000000
157.033719  0.000000
157.053718  0.000024
157.073717  0.000000
157.093716  -0.000012
157.113715  -0.000012
157.133715  -0.000012
157.153714  -0.000012
157.173713  -0.000012
157.193712  -0.000024
157.213711  -0.000012
157.233711  0.000000
157.253710  0.000012
157.273709  0.000012
157.293708  -0.000012
157.313707  -0.000012
157.333707  -0.000012
157.353706  0.000000
157.373705  0.000000
157.393704  -0.000012
157.413703  0.000000
157.433703  -0.000012
157.453702  -0.000012
157.473701  -0.000012
157.493700  0.000012
157.513699  0.000000
157.533699  -0.000012
157.553698  -0.000024
157.573697  -0.000024
157.593696  0.000000
157.613695  -0.000012
157.633695  -0.000024
157.653694  0.000000
157.673693  0.000000
157.693692  0.000000
157.713691  0.000012
157.733691  -0.000012
157.753690  0.000000
157.773689  0.000000
157.793688  -0.000012
157.813687  0.000000
157.833687  0.000000
157.853686  -0.000012
157.873685  0.000012
157.893684  0.000012
157.913683  0.000000
157.933683  -0.000036
157.953682  -0.000012
157.973681  -0.000012
157.993680  0.000000
158.013679  -0.000012
158.033679  0.000012
158.053678  0.000012
158.073677  0.000012
158.093676  0.000024
158.113675  0.000000
158.133675  -0.000012
158.153674  -0.000012
158.173673  0.000000
158.193672  -0.000012
158.213671  0.000000
158.233671  -0.000024
158.253670  -0.000012
158.273669  0.000000
158.293668  -0.000012
158.313667  -0.000012
158.333667  0.000000
158.353666  0.000000
158.373665  0.000000
158.393664  0.000000
158.413663  -0.000012
158.433663  0.000000
158.453662  0.000024
158.473661  0.000024
158.493660  0.000000
158.513659  -0.000012
158.533659  0.000000
158.553658  0.000012
158.573657  -0.000012
158.593656  -0.000012
158.613655  0.000000
158.633655  -0.000012
158.653654  -0.000012
158.673653  0.000012
158.693652  -0.000012
158.713651  0.000000
158.733651  0.000000
158.753650  0.000000
158.773649  0.000024
158.793648  0.000000
158.813647  -0.000012
158.833647  -0.000012
158.853646  0.000000
158.873645  0.000000
158.893644  0.000000
158.913643  -0.000024
158.933643  -0.000012
158.953642  0.000000
158.973641  -0.000012
158.993640  0.000000
159.013639  0.000000
159.033639  0.000000
159.053638  0.000012
159.073637  -0.000012
159.093636  -0.000012
159.113635  0.000000
159.133635  0.000024
159.153634  0.000000
159.173633  0.000012
159.193632  0.000000
159.213631  -0.000012
159.233631  0.000000
159.253630  0.000024
159.273629  -0.000036
159.293628  0.000000
159.313627  0.000000
159.333627  -0.000012
159.353626  0.000000
159.373625  0.000000
159.393624  0.000000
159.413623  -0.000012
159.433623  -0.000024
159.453622  0.000012
159.473621  0.000012
159.493620  0.000000
159.513619  0.000012
159.533619  0.000000
159.553618  0.000012
159.573617  0.000012
159.593616  0.000000
159.613615  0.000000
159.633615  -0.000024
159.653614  0.000000
159.673613  0.000012
159.693612  0.000000
159.713611  -0.000012
159.733611  0.000012
159.753610  0.000000
159.773609  0.000024
159.793608  -0.000012
159.813607  0.000000
159.833607  -0.000012
159.853606  -0.000012
159.873605  0.000000
159.893604  0.000012
159.913603  0.000000
159.933603  0.000000
159.953602  0.000000
159.973601  -0.000012
159.993600  -0.000024
160.013599  -0.000012
160.033599  -0.000024
160.053598  -0.000012
160.073597  -0.000024
160.093596  -0.000012
160.113595  -0.000012
160.133595  0.000000
160.153594  0.000000
160.173593  0.000012
160.193592  -0.000012
160.213591  -0.000024
160.233591  0.000024
160.253590  0.000000
160.273589  -0.000012
160.293588  0.000000
160.313587  -0.000012
160.333587  -0.000024
160.353586  0.000000
160.373585  -0.000012
160.393584  0.000000
160.413583  0.000000
160.433583  0.000000
160.453582  -0.000012
160.473581  0.000012
160.493580  -0.000012
160.513579  0.000000
160.533579  0.000000
160.553578  0.000012
160.573577  0.000024
160.593576  -0.000012
160.613575  0.000012
160.633575  0.000000
160.653574  -0.000012
160.673573  0.000024
160.693572  -0.000012
160.713571  0.000012
160.733571  0.000012
160.753570  -0.000012
160.773569  0.000012
160.793568  0.000012
160.813567  0.000000
160.833567  0.000000
160.853566  0.000000
160.873565  -0.000012
160.893564  0.000000
160.913563  -0.000012
160.933563  0.000000
160.953562  0.000012
160.973561  0.000012
160.993560  -0.000012
161.013559  -0.000012
161.033559  0.000000
161.053558  0.000000
161.073557  -0.000012
161.093556  0.000012
161.113555  0.000000
161.133555  -0.000012
161.153554  0.000012
161.173553  0.000000
161.193552  -0.000012
161.213551  0.000000
161.233551  -0.000012
161.253550  0.000012
161.273549  0.000000
161.293548  0.000000
161.313547  -0.000012
161.333547  -0.000012
161.353546  0.000012
161.373545  -0.000012
161.393544  -0.000012
161.413543  -0.000024
161.433543  0.000000
161.453542  -0.000012
161.473541  -0.000012
161.493540  0.000000
161.513539  0.000012
161.533539  -0.000024
161.553538  0.000012
161.573537  0.000012
161.593536  0.000012
161.613535  -0.000024
161.633535  -0.000024
161.653534  -0.000012
161.673533  0.000000
161.693532  -0.000036
161.713531  0.000000
161.733531  -0.000024
161.753530  -0.000012
161.773529  -0.000036
161.793528  -0.000012
161.813527  0.000000
161.833527  0.000024
161.853526  0.000024
161.873525  0.000000
161.893524  0.000000
161.913523  0.000012
161.933523  0.000000
161.953522  -0.000024
161.973521  -0.000012
161.993520  0.000000
162.013519  0.000000
162.033519  0.000000
162.053518  0.000024
162.073517  0.000000
162.093516  -0.000012
162.113515  0.000000
162.133515  0.000000
162.153514  0.000012
162.173513  -0.000024
162.193512  -0.000012
162.213511  0.000000
162.233511  -0.000012
162.253510  0.000024
162.273509  0.000000
162.293508  0.000024
162.313507  0.000024
162.333507  -0.000012
162.353506  0.000000
162.373505  -0.000012
162.393504  0.000000
162.413503  -0.000012
162.433503  0.000012
162.453502  -0.000012
162.473501  0.000000
162.493500  -0.000012
162.513499  -0.000012
162.533499  -0.000024
162.553498  0.000012
162.573497  -0.000012
162.593496  -0.000012
162.613495  -0.000012
162.633495  0.000012
162.653494  0.000000
162.673493  0.000000
162.693492  -0.000012
162.713491  0.000000
162.733491  0.000000
162.753490  0.000012
162.773489  0.000012
162.793488  -0.000012
162.813487  -0.000012
162.833487  0.000000
162.853486  0.000012
162.873485  -0.000012
162.893484  0.000000
162.913483  -0.000012
162.933483  -0.000012
162.953482  -0.000012
162.973481  0.000000
162.993480  -0.000012
163.013479  0.000012
163.033479  -0.000012
163.053478  -0.000012
163.073477  -0.000012
163.093476  -0.000012
163.113475  0.000000
163.133475  -0.000012
163.153474  -0.000012
163.173473  0.000000
163.193472  -0.000012
163.213471  -0.000012
163.233471  0.000000
163.253470  -0.000012
163.273469  0.000012
163.293468  0.000024
163.313467  0.000000
163.333467  0.000000
163.353466  0.000000
163.373465  0.000000
163.393464  0.000000
163.413463  0.000000
163.433463  0.000012
163.453462  0.000000
163.473461  -0.000012
163.493460  0.000000
163.513459  0.000000
163.533459  0.000000
163.553458  0.000012
163.573457  0.000012
163.593456  0.000012
163.613455  -0.000012
163.633455  0.000012
163.653454  0.000000
163.673453  0.000012
163.693452  0.000000
163.713451  -0.000012
163.733451  -0.000012
163.753450  0.000000
163.773449  -0.000024
163.793448  0.000000
163.813447  -0.000012
163.833447  0.000000
163.853446  0.000012
163.873445  -0.000012
163.893444  0.000000
163.913443  0.000024
163.933443  -0.000012
163.953442  0.000000
163.973441  0.000000
163.993440  -0.000012
164.013439  0.000000
164.033439  0.000012
164.053438  0.000012
164.073437  0.000000
164.093436  -0.000012
164.113435  0.000000
164.133435  0.000012
164.153434  -0.000024
164.173433  0.000000
164.193432  -0.000024
164.213431  0.000000
164.233431  0.000012
164.253430  0.000012
164.273429  -0.000012
164.293428  -0.000012
164.313427  0.000000
164.333427  0.000012
164.353426  0.000000
164.373425  0.000000
164.393424  0.000024
164.413423  0.000000
164.433423  0.000000
164.453422  -0.000012
164.473421  0.000000
164.493420  0.000012
164.513419  0.000000
164.533419  0.000000
164.553418  -0.000012
164.573417  -0.000012
164.593416  -0.000012
164.613415  0.000012
164.633415  -0.000012
164.653414  0.000000
164.673413  0.000000
164.693412  0.000012
164.713411  0.000012
164.733411  -0.000012
164.753410  0.000012
164.773409  0.000000
164.793408  0.000000
164.813407  -0.000024
164.833407  0.000000
164.853406  -0.000036
164.873405  -0.000012
164.893404  -0.000012
164.913403  -0.000012
164.933403  -0.000012
164.953402  0.000000
164.973401  0.000000
164.993400  -0.000024
165.013399  0.000000
165.033399  0.000012
165.053398  0.000000
165.073397  0.000012
165.093396  0.000000
165.113395  0.000000
165.133395  -0.000012
165.153394  -0.000012
165.173393  0.000024
165.193392  0.000000
165.213391  0.000012
165.233391  -0.000012
165.253390  0.000000
165.273389  0.000024
165.293388  0.000000
165.313387  -0.000012
165.333387  0.000000
165.353386  -0.000012
165.373385  0.000000
165.393384  -0.000012
165.413383  0.000012
165.433383  0.000012
165.453382  0.000000
165.473381  0.000012
165.493380  0.000012
165.513379  0.000000
165.533379  -0.000012
165.553378  0.000000
165.573377  -0.000012
165.593376  0.000000
165.613375  0.000000
165.633375  0.000000
165.653374  0.000000
165.673373  -0.000012
165.693372  -0.000012
165.713371  0.000000
165.733371  -0.000012
165.753370  0.000036
165.773369  0.000012
165.793368  -0.000012
165.813367  0.000000
165.833367  0.000000
165.853366  0.000000
165.873365  -0.000012
165.893364  -0.000012
165.913363  0.000012
165.933363  -0.000012
165.953362  -0.000012
165.973361  -0.000012
165.993360  0.000012
166.013359  0.000012
166.033359  0.000000
166.053358  -0.000012
166.073357  -0.000024
166.093356  -0.000012
166.113355  -0.000012
166.133355  0.000000
166.153354  0.000000
166.173353  -0.000012
166.193352  -0.000024
166.213351  0.000000
166.233351  -0.000012
166.253350  0.000012
166.273349  0.000000
166.293348  0.000012
166.313347  -0.000012
166.333347  -0.000012
166.353346  0.000000
166.373345  0.000012
166.393344  -0.000024
166.413343  0.000000
166.433343  -0.000012
166.453342  0.000000
166.473341  0.000000
166.493340  0.000000
166.513339  -0.000012
166.533339  0.000000
166.553338  -0.000012
166.573337  -0.000012
166.593336  0.000000
166.613335  0.000012
166.633335  -0.000012
166.653334  -0.000024
166.673333  -0.000012
166.693332  0.000000
166.713331  0.000000
166.733331  0.000000
166.753330  -0.000012
166.773329  -0.000012
166.793328  0.000000
166.813327  -0.000012
166.833327  -0.000012
166.853326  -0.000012
166.873325  -0.000012
166.893324  -0.000012
166.913323  -0.000024
166.933323  -0.000024
166.953322  0.000000
166.973321  -0.000024
166.993320  -0.000012
167.013319  0.000000
167.033319  0.000000
167.053318  -0.000012
167.073317  -0.000012
167.093316  0.000000
167.113315  -0.000012
167.133315  -0.000012
167.153314  -0.000024
167.173313  0.000000
167.193312  -0.000012
167.213311  0.000012
167.233311  0.000000
167.253310  0.000000
167.273309  -0.000024
167.293308  0.000012
167.313307  -0.000012
167.333307  0.000000
167.353306  -0.000012
167.373305  0.000000
167.393304  -0.000012
167.413303  0.000036
167.433303  0.000000
167.453302  0.000024
167.473301  -0.000012
167.493300  0.000000
167.513299  0.000000
167.533299  0.000024
167.553298  0.000012
167.573297  0.000000
167.593296  -0.000024
167.613295  0.000000
167.633295  0.000000
167.653294  -0.000012
167.673293  0.000000
167.693292  0.000000
167.713291  0.000000
167.733291  -0.000012
167.753290  0.000012
167.773289  -0.000012
167.793288  0.000000
167.813287  -0.000012
167.833287  0.000024
167.853286  0.000012
167.873285  0.000000
167.893284  0.000000
167.913283  0.000000
167.933283  0.000000
167.953282  0.000000
167.973281  -0.000012
167.993280  0.000012
168.013279  -0.000012
168.033279  0.000000
168.053278  0.000012
168.073277  0.000000
168.093276  0.000000
168.113275  0.000000
168.133275  0.000000
168.153274  0.000024
168.173273  0.000000
168.193272  0.000000
168.213271  -0.000012
168.233271  -0.000012
168.253270  -0.000024
168.273269  -0.000012
168.293268  0.000000
168.313267  -0.000024
168.333267  0.000000
168.353266  -0.000012
168.373265  0.000000
168.393264  -0.000012
168.413263  0.000000
168.433263  0.000000
168.453262  0.000000
168.473261  -0.000024
168.493260  -0.000012
168.513259  -0.000012
168.533259  -0.000024
168.553258  0.000012
168.573257  -0.000012
168.593256  0.000000
168.613255  0.000012
168.633255  0.000000
168.653254  0.000000
168.673253  0.000000
168.693252  0.000000
168.713251  0.000000
168.733251  0.000012
168.753250  -0.000012
168.773249  0.000012
168.793248  0.000012
168.813247  0.000012
168.833247  0.000000
168.853246  0.000000
168.873245  -0.000012
168.893244  0.000000
168.913243  -0.000012
168.933243  -0.000012
168.953242  -0.000012
168.973241  0.000000
168.993240  0.000000
169.013239  -0.000024
169.033239  -0.000012
169.053238  0.000000
169.073237  -0.000012
169.093236  0.000012
169.113235  0.000012
169.133235  -0.000012
169.153234  0.000012
169.173233  -0.000012
169.193232  -0.000012
169.213231  -0.000012
169.233231  0.000000
169.253230  0.000000
169.273229  0.000000
169.293228  0.000000
169.313227  -0.000012
169.333227  0.000012
169.353226  -0.000012
169.373225  0.000000
169.393224  -0.000024
169.413223  0.000000
169.433223  0.000000
169.453222  0.000000
169.473221  0.000012
169.493220  0.000012
169.513219  0.000000
169.533219  0.000000
169.553218  0.000000
169.573217  -0.000012
169.593216  -0.000012
169.613215  -0.000012
169.633215  -0.000012
169.653214  0.000000
169.673213  0.000012
169.693212  -0.000047
169.713211  0.000000
169.733211  0.000000
169.753210  -0.000024
169.773209  0.000000
169.793208  0.000000
169.813207  -0.000012
169.833207  -0.000012
169.853206  -0.000012
169.873205  0.000000
169.893204  0.000000
169.913203  0.000000
169.933203  0.000012
169.953202  -0.000012
169.973201  -0.000012
169.993200  0.000000
170.013199  -0.000012
170.033199  -0.000012
170.053198  -0.000024
170.073197  0.000000
170.093196  0.000000
170.113195  -0.000012
170.133195  -0.000012
170.153194  0.000012
170.173193  -0.000012
170.193192  0.000000
170.213191  0.000000
170.233191  -0.000012
170.253190  -0.000024
170.273189  -0.000012
170.293188  0.000012
170.313187  -0.000012
170.333187  -0.000024
170.353186  -0.000012
170.373185  0.000012
170.393184  0.000000
170.413183  -0.000024
170.433183  -0.000036
170.453182  0.000000
170.473181  -0.000012
170.493180  -0.000012
170.513179  -0.000012
170.533179  0.000012
170.553178  0.000000
170.573177  -0.000012
170.593176  -0.000012
170.613175  0.000000
170.633175  -0.000012
170.653174  -0.000012
170.673173  0.000000
170.693172  0.000000
170.713171  -0.000012
170.733171  0.000000
170.753170  -0.000012
170.773169  -0.000012
170.793168  -0.000012
170.813167  0.000012
170.833167  -0.000012
170.853166  -0.000012
170.873165  0.000000
170.893164  -0.000012
170.913163  0.000036
170.933163  -0.000012
170.953162  0.000000
170.973161  -0.000012
170.993160  -0.000012
171.013159  -0.000024
171.033159  -0.000012
171.053158  -0.000012
171.073157  0.000000
171.093156  -0.000036
171.113155  0.000012
171.133155  -0.000012
171.153154  -0.000024
171.173153  -0.000036
171.193152  0.000000
171.213151  -0.000024
171.233151  -0.000012
171.253150  -0.000024
171.273149  0.000000
171.293148  -0.000012
171.313147  -0.000012
171.333147  0.000012
171.353146  0.000000
171.373145  -0.000012
171.393144  0.000000
171.413143  -0.000024
171.433143  -0.000012
171.453142  0.000024
171.473141  0.000000
171.493140  0.000024
171.513139  -0.000012
171.533139  0.000000
171.553138  -0.000012
171.573137  0.000000
171.593136  0.000024
171.613135  0.000000
171.633135  -0.000024
171.653134  0.000000
171.673133  -0.000036
171.693132  -0.000012
171.713131  0.000000
171.733131  -0.000012
171.753130  -0.000036
171.773129  -0.000012
171.793128  0.000012
171.813127  -0.000012
171.833127  0.000000
171.853126  -0.000012
171.873125  0.000000
171.893124  0.000000
171.913123  0.000000
171.933123  -0.000012
171.953122  -0.000012
171.973121  -0.000012
171.993120  0.000036
172.013119  0.000000
172.033119  0.000000
172.053118  -0.000012
172.073117  -0.000012
172.093116  -0.000012
172.113115  0.000012
172.133115  -0.000012
172.153114  -0.000012
172.173113  -0.000024
172.193112  0.000000
172.213111  0.000000
172.233111  -0.000012
172.253110  -0.000012
172.273109  0.000000
172.293108  -0.000024
172.313107  0.000012
172.333107  -0.000012
172.353106  -0.000012
172.373105  -0.000012
172.393104  0.000000
172.413103  -0.000024
172.433103  -0.000012
172.453102  0.000000
172.473101  -0.000012
172.493100  -0.000012
172.513099  -0.000012
172.533099  -0.000012
172.553098  -0.000012
172.573097  0.000000
172.593096  -0.000024
172.613095  0.000012
172.633095  -0.000012
172.653094  -0.000012
172.673093  -0.000024
172.693092  0.000012
172.713091  -0.000024
172.733091  -0.000012
172.753090  -0.000012
172.773089  0.000000
172.793088  -0.000012
172.813087  -0.000024
172.833087  -0.000012
172.853086  -0.000012
172.873085  0.000000
172.893084  0.000000
172.913083  -0.000012
172.933083  0.000000
172.953082  0.000000
172.973081  0.000000
172.993080  0.000012
173.013079  0.000012
173.033079  0.000012
173.053078  -0.000012
173.073077  -0.000024
173.093076  -0.000012
173.113075  0.000012
173.133075  -0.000012
173.153074  -0.000012
173.173073  -0.000012
173.193072  -0.000024
173.213071  -0.000012
173.233071  0.000000
173.253070  0.000000
173.273069  -0.000012
173.293068  0.000000
173.313067  -0.000012
173.333067  -0.000012
173.353066  0.000012
173.373065  -0.000012
173.393064  -0.000024
173.413063  0.000012
173.433063  0.000000
173.453062  0.000000
173.473061  0.000000
173.493060  -0.000012
173.513059  -0.000024
173.533059  0.000000
173.553058  0.000000
173.573057  0.000000
173.593056  -0.000012
173.613055  -0.000012
173.633055  0.000000
173.653054  0.000012
173.673053  -0.000024
173.693052  -0.000024
173.713051  -0.000024
173.733051  0.000000
173.753050  -0.000012
173.773049  -0.000012
173.793048  0.000024
173.813047  -0.000012
173.833047  -0.000024
173.853046  -0.000024
173.873045  -0.000012
173.893044  -0.000047
173.913043  -0.000012
173.933043  0.000000
173.953042  0.000000
173.973041  -0.000012
173.993040  -0.000012
174.013039  -0.000012
174.033039  -0.000012
174.053038  -0.000024
174.073037  0.000000
174.093036  -0.000012
174.113035  -0.000012
174.133035  -0.000012
174.153034  -0.000012
174.173033  -0.000024
174.193032  -0.000024
174.213031  -0.000012
174.233031  0.000000
174.253030  -0.000024
174.273029  -0.000024
174.293028  -0.000012
174.313027  0.000012
174.333027  0.000000
174.353026  -0.000012
174.373025  0.000000
174.393024  -0.000036
174.413023  0.000012
174.433023  -0.000024
174.453022  0.000024
174.473021  -0.000012
174.493020  -0.000012
174.513019  -0.000012
174.533019  0.000000
174.553018  -0.000012
174.573017  -0.000012
174.593016  -0.000024
174.613015  0.000000
174.633015  -0.000024
174.653014  0.000000
174.673013  -0.000012
174.693012  0.000012
174.713011  -0.000024
174.733011  0.000012
174.753010  -0.000024
174.773009  0.000012
174.793008  -0.000012
174.813007  -0.000012
174.833007  -0.000012
174.853006  -0.000024
174.873005  -0.000024
174.893004  -0.000012
174.913003  -0.000012
174.933003  0.000012
174.953002  0.000000
174.973001  0.000000
174.993000  0.000000
175.012999  -0.000012
175.032999  -0.000012
175.052998  -0.000012
175.072997  0.000000
175.092996  -0.000012
175.112995  0.000012
175.132995  -0.000024
175.152994  0.000000
175.172993  -0.000012
175.192992  0.000000
175.212991  -0.000024
175.232991  -0.000024
175.252990  -0.000036
175.272989  0.000000
175.292988  -0.000012
175.312987  0.000012
175.332987  0.000012
175.352986  0.000000
175.372985  0.000000
175.392984  -0.000012
175.412983  0.000012
175.432983  -0.000012
175.452982  -0.000012
175.472981  0.000000
175.492980  0.000000
175.512979  0.000000
175.532979  -0.000012
175.552978  0.000000
175.572977  0.000012
175.592976  -0.000036
175.612975  0.000012
175.632975  0.000000
175.652974  0.000000
175.672973  -0.000012
175.692972  0.000000
175.712971  -0.000012
175.732971  0.000000
175.752970  -0.000012
175.772969  -0.000012
175.792968  0.000000
175.812967  0.000024
175.832967  0.000000
175.852966  0.000012
175.872965  -0.000024
175.892964  0.000012
175.912963  -0.000012
175.932963  -0.000012
175.952962  0.000000
175.972961  -0.000012
175.992960  0.000000
176.012959  -0.000036
176.032959  0.000012
176.052958  -0.000012
176.072957  0.000012
176.092956  0.000012
176.112955  0.000000
176.132955  -0.000012
176.152954  0.000000
176.172953  -0.000024
176.192952  0.000000
176.212951  0.000000
176.232951  -0.000012
176.252950  0.000000
176.272949  0.000000
176.292948  -0.000012
176.312947  -0.000012
176.332947  0.000000
176.352946  -0.000012
176.372945  0.000012
176.392944  0.000000
176.412943  0.000000
176.432943  0.000000
176.452942  -0.000012
176.472941  0.000000
176.492940  0.000000
176.512939  -0.000012
176.532939  0.000024
176.552938  0.000000
176.572937  -0.000012
176.592936  0.000000
176.612935  -0.000012
176.632935  0.000000
176.652934  -0.000012
176.672933  -0.000012
176.692932  -0.000012
176.712931  -0.000012
176.732931  -0.000012
176.752930  0.000000
176.772929  0.000012
176.792928  0.000000
176.812927  0.000012
176.832927  -0.000012
176.852926  -0.000012
176.872925  -0.000012
176.892924  0.000012
176.912923  -0.000012
176.932923  0.000000
176.952922  -0.000036
176.972921  -0.000024
176.992920  0.000000
177.012919  0.000012
177.032919  -0.000012
177.052918  -0.000012
177.072917  0.000000
177.092916  -0.000024
177.112915  0.000000
177.132915  0.000012
177.152914  0.000012
177.172913  0.000012
177.192912  0.000012
177.212911  0.000000
177.232911  -0.000012
177.252910  -0.000012
177.272909  0.000000
177.292908  -0.000024
177.312907  -0.000012
177.332907  -0.000012
177.352906  0.000000
177.372905  0.000000
177.392904  0.000000
177.412903  0.000000
177.432903  0.000012
177.452902  0.000000
177.472901  0.000012
177.492900  -0.000012
177.512899  -0.000012
177.532899  -0.000024
177.552898  0.000000
177.572897  0.000012
177.592896  -0.000012
177.612895  -0.000012
177.632895  0.000000
177.652894  -0.000012
177.672893  0.000000
177.692892  -0.000012
177.712891  -0.000036
177.732891  0.000000
177.752890  0.000012
177.772889  0.000012
177.792888  0.000000
177.812887  0.000012
177.832887  -0.000012
177.852886  0.000000
177.872885  0.000012
177.892884  0.000000
177.912883  -0.000024
177.932883  -0.000012
177.952882  -0.000012
177.972881  -0.000012
177.992880  -0.000036
178.012879  0.000000
178.032879  0.000000
178.052878  0.000000
178.072877  0.000000
178.092876  0.000012
178.112875  -0.000012
178.132875  -0.000012
178.152874  0.000012
178.172873  -0.000012
178.192872  -0.000012
178.212871  0.000000
178.232871  0.000012
178.252870  0.000012
178.272869  0.000012
178.292868  0.000000
178.312867  0.000000
178.332867  -0.000012
178.352866  0.000000
178.372865  -0.000024
178.392864  0.000000
178.412863  0.000000
178.432863  0.000000
178.452862  -0.000024
178.472861  0.000000
178.492860  -0.000012
178.512859  -0.000024
178.532859  0.000000
178.552858  0.000000
178.572857  -0.000024
178.592856  -0.000024
178.612855  0.000000
178.632855  -0.000012
178.652854  0.000000
178.672853  0.000000
178.692852  -0.000012
178.712851  -0.000024
178.732851  -0.000024
178.752850  0.000000
178.772849  -0.000012
178.792848  0.000000
178.812847  -0.000012
178.832847  0.000000
178.852846  0.000000
178.872845  0.000000
178.892844  -0.000012
178.912843  0.000012
178.932843  0.000000
178.952842  0.000000
178.972841  -0.000012
178.992840  -0.000012
179.012839  -0.000012
179.032839  0.000000
179.052838  0.000000
179.072837  -0.000012
179.092836  -0.000012
179.112835  -0.000036
179.132835  -0.000024
179.152834  -0.000012
179.172833  -0.000012
179.192832  0.000000
179.212831  0.000000
179.232831  -0.000012
179.252830  -0.000012
179.272829  0.000000
179.292828  0.000000
179.312827  -0.000012
179.332827  -0.000012
179.352826  0.000000
179.372825  -0.000012
179.392824  -0.000024
179.412823  -0.000012
179.432823  -0.000024
179.452822  0.000000
179.472821  0.000000
179.492820  0.000000
179.512819  0.000012
179.532819  -0.000024
179.552818  0.000012
179.572817  0.000000
179.592816  0.000000
179.612815  -0.000012
179.632815  0.000000
179.652814  0.000012
179.672813  -0.000012
179.692812  -0.000012
179.712811  0.000000
179.732811  0.000000
179.752810  -0.000012
179.772809  -0.000012
179.792808  -0.000012
179.812807  -0.000012
179.832807  -0.000012
179.852806  0.000000
179.872805  -0.000012
179.892804  -0.000012
179.912803  0.000000
179.932803  0.000000
179.952802  0.000012
179.972801  -0.000024
179.992800  0.000012
180.012799  0.000119
180.032799  -0.000940
180.052798  -0.001190
180.072797  -0.002166
180.092796  -0.001345
180.112795  -0.002107
180.132795  -0.003309
180.152794  -0.002416
180.172793  -0.002535
180.192792  -0.003594
180.212791  -0.003547
180.232791  -0.003380
180.252790  -0.003678
180.272789  -0.003999
180.292788  -0.004225
180.312787  -0.004201
180.332787  -0.004332
180.352786  -0.004678
180.372785  -0.004797
180.392784  -0.004844
180.412783  -0.005047
180.432783  -0.005213
180.452782  -0.005344
180.472781  -0.005475
180.492780  -0.005606
180.512779  -0.005773
180.532779  -0.005915
180.552778  -0.006023
180.572777  -0.006177
180.592776  -0.006332
180.612775  -0.006439
180.632775  -0.006570
180.652774  -0.006713
180.672773  -0.006856
180.692772  -0.007010
180.712771  -0.007106
180.732771  -0.007225
180.752770  -0.007344
180.772769  -0.007487
180.792768  -0.007629
180.812767  -0.007784
180.832767  -0.007915
180.852766  -0.008034
180.872765  -0.008105
180.892764  -0.008236
180.912763  -0.008367
180.932763  -0.008486
180.952762  -0.008641
180.972761  -0.008748
180.992760  -0.008867
181.012759  -0.008974
181.032759  -0.009141
181.052758  -0.009260
181.072757  -0.009343
181.092756  -0.009450
181.112755  -0.009593
181.132755  -0.009700
181.152754  -0.009808
181.172753  -0.009927
181.192752  -0.010034
181.212751  -0.010165
181.232751  -0.010260
181.252750  -0.010379
181.272749  -0.010474
181.292748  -0.010581
181.312747  -0.010688
181.332747  -0.010772
181.352746  -0.010891
181.372745  -0.011022
181.392744  -0.011129
181.412743  -0.011188
181.432743  -0.011295
181.452742  -0.011426
181.472741  -0.011522
181.492740  -0.011641
181.512739  -0.011724
181.532739  -0.011819
181.552738  -0.011926
181.572737  -0.012021
181.592736  -0.012093
181.612735  -0.012200
181.632735  -0.012343
181.652734  -0.012390
181.672733  -0.012486
181.692732  -0.012581
181.712731  -0.012664
181.732731  -0.012748
181.752730  -0.012831
181.772729  -0.012914
181.792728  -0.013021
181.812727  -0.013128
181.832727  -0.013212
181.852726  -0.013295
181.872725  -0.013390
181.892724  -0.013474
181.912723  -0.013533
181.932723  -0.013640
181.952722  -0.013724
181.972721  -0.013795
181.992720  -0.013878
182.012719  -0.013973
182.032719  -0.014045
182.052718  -0.014140
182.072717  -0.014200
182.092716  -0.014307
182.112715  -0.014354
182.132715  -0.014438
182.152714  -0.014533
182.172713  -0.014604
182.192712  -0.014664
182.212711  -0.014759
182.232711  -0.014819
182.252710  -0.014902
182.272709  -0.014997
182.292708  -0.015021
182.312707  -0.015104
182.332707  -0.015164
182.352706  -0.015247
182.372705  -0.015318
182.392704  -0.015390
182.412703  -0.015461
182.432703  -0.015533
182.452702  -0.015640
182.472701  -0.015676
182.492700  -0.015771
182.512699  -0.015795
182.532699  -0.015878
182.552698  -0.015937
182.572697  -0.016033
182.592696  -0.016068
182.612695  -0.016152
182.632695  -0.016211
182.652694  -0.016271
182.672693  -0.016342
182.692692  -0.016425
182.712691  -0.016461
182.732691  -0.016509
182.752690  -0.016580
182.772689  -0.016640
182.792688  -0.016711
182.812687  -0.016806
182.832687  -0.016830
182.852686  -0.016902
182.872685  -0.016961
182.892684  -0.017021
182.912683  -0.017092
182.932683  -0.017128
182.952682  -0.017211
182.972681  -0.017259
182.992680  -0.017318
183.012679  -0.017366
183.032679  -0.017437
183.052678  -0.017497
183.072677  -0.017532
183.092676  -0.017616
183.112675  -0.017651
183.132675  -0.017687
183.152674  -0.017759
183.172673  -0.017806
183.192672  -0.017901
183.212671  -0.017949
183.232671  -0.017973
183.252670  -0.018044
183.272669  -0.018104
183.292668  -0.018151
183.312667  -0.018199
183.332667  -0.018247
183.352666  -0.018306
183.372665  -0.018366
183.392664  -0.018413
183.412663  -0.018437
183.432663  -0.018496
183.452662  -0.018556
183.472661  -0.018616
183.492660  -0.018651
183.512659  -0.018735
183.532659  -0.018770
183.552658  -0.018830
183.572657  -0.018877
183.592656  -0.018913
183.612655  -0.018925
183.632655  -0.018996
183.652654  -0.019044
183.672653  -0.019080
183.692652  -0.019151
183.712651  -0.019187
183.732651  -0.019223
183.752650  -0.019294
183.772649  -0.019342
183.792648  -0.019377
183.812647  -0.019389
183.832647  -0.019437
183.852646  -0.019532
183.872645  -0.019580
183.892644  -0.019627
183.912643  -0.019663
183.932643  -0.019711
183.952642  -0.019770
183.972641  -0.019770
183.992640  -0.019865
184.012639  -0.019877
184.032639  -0.019925
184.052638  -0.019972
184.072637  -0.019996
184.092636  -0.020056
184.112635  -0.020091
184.132635  -0.020151
184.152634  -0.020199
184.172633  -0.020234
184.192632  -0.020306
184.212631  -0.020318
184.232631  -0.020341
184.252630  -0.020401
184.272629  -0.020460
184.292628  -0.020496
184.312627  -0.020544
184.332627  -0.020579
184.352626  -0.020627
184.372625  -0.020687
184.392624  -0.020687
184.412623  -0.020770
184.432623  -0.020782
184.452622  -0.020817
184.472621  -0.020865
184.492620  -0.020901
184.512619  -0.020937
184.532619  -0.020996
184.552618  -0.021032
184.572617  -0.021067
184.592616  -0.021115
184.612615  -0.021151
184.632615  -0.021210
184.652614  -0.021246
184.672613  -0.021282
184.692612  -0.021329
184.712611  -0.021341
184.732611  -0.021365
184.752610  -0.021436
184.772609  -0.021436
184.792608  -0.021520
184.812607  -0.021544
184.832607  -0.021579
184.852606  -0.021591
184.872605  -0.021651
184.892604  -0.021686
184.912603  -0.021746
184.932603  -0.021770
184.952602  -0.021841
184.972601  -0.021865
184.992600  -0.021889
185.012599  -0.021924
185.032599  -0.021996
185.052598  -0.021996
185.072597  -0.022043
185.092596  -0.022043
185.112595  -0.022115
185.132595  -0.022151
185.152594  -0.022210
185.172593  -0.022210
185.192592  -0.022270
185.212591  -0.022293
185.232591  -0.022341
185.252590  -0.022377
185.272589  -0.022436
185.292588  -0.022460
185.312587  -0.022484
185.332587  -0.022520
185.352586  -0.022579
185.372585  -0.022615
185.392584  -0.022627
185.412583  -0.022686
185.432583  -0.022710
185.452582  -0.022758
185.472581  -0.022781
185.492580  -0.022817
185.512579  -0.022865
185.532579  -0.022900
185.552578  -0.022936
185.572577  -0.022984
185.592576  -0.023019
185.612575  -0.023067
185.632575  -0.023079
185.652574  -0.023127
185.672573  -0.023139
185.692572  -0.023186
185.712571  -0.023222
185.732571  -0.023234
185.752570  -0.023269
185.772569  -0.023293
185.792568  -0.023365
185.812567  -0.023388
185.832567  -0.023412
185.852566  -0.023448
185.872565  -0.023507
185.892564  -0.023519
185.912563  -0.023567
185.932563  -0.023603
185.952562  -0.023638
185.972561  -0.023662
185.992560  -0.023698
186.012559  -0.023746
186.032559  -0.023793
186.052558  -0.023829
186.072557  -0.023865
186.092556  -0.023888
186.112555  -0.023912
186.132555  -0.023948
186.152554  -0.023972
186.172553  -0.023984
186.192552  -0.024067
186.212551  -0.024067
186.232551  -0.024138
186.252550  -0.024162
186.272549  -0.024210
186.292548  -0.024222
186.312547  -0.024269
186.332547  -0.024305
186.352546  -0.024305
186.372545  -0.024353
186.392544  -0.024364
186.412543  -0.024436
186.432543  -0.024436
186.452542  -0.024495
186.472541  -0.024484
186.492540  -0.024567
186.512539  -0.024579
186.532539  -0.024626
186.552538  -0.024638
186.572537  -0.024674
186.592536  -0.024722
186.612535  -0.024769
186.632535  -0.024781
186.652534  -0.024852
186.672533  -0.024841
186.692532  -0.024888
186.712531  -0.024924
186.732531  -0.024936
186.752530  -0.024983
186.772529  -0.025019
186.792528  -0.025019
186.812527  -0.025067
186.832527  -0.025102
186.852526  -0.025150
186.872525  -0.025186
186.892524  -0.025221
186.912523  -0.025245
186.932523  -0.025269
186.952522  -0.025329
186.972521  -0.025364
186.992520  -0.025400
187.012519  -0.025400
187.032519  -0.025471
187.052518  -0.025471
187.072517  -0.025531
187.092516  -0.025555
187.112515  -0.025590
187.132515  -0.025602
187.152514  -0.025626
187.172513  -0.025686
187.192512  -0.025686
187.212511  -0.025769
187.232511  -0.025769
187.252510  -0.025817
187.272509  -0.025840
187.292508  -0.025876
187.312507  -0.025924
187.332507  -0.025936
187.352506  -0.025971
187.372505  -0.025995
187.392504  -0.026031
187.412503  -0.026067
187.432503  -0.026078
187.452502  -0.026126
187.472501  -0.026174
187.492500  -0.026197
187.512500  -0.026233
187.532499  -0.026245
187.552498  -0.026281
187.572497  -0.026317
187.592496  -0.026340
187.612496  -0.026388
187.632495  -0.026424
187.652494  -0.026459
187.672493  -0.026459
187.692492  -0.026519
187.712492  -0.026543
187.732491  -0.026543
187.752490  -0.026602
187.772489  -0.026650
187.792488  -0.026650
187.812488  -0.026685
187.832487  -0.026697
187.852486  -0.026757
187.872485  -0.026805
187.892484  -0.026828
187.912484  -0.026864
187.932483  -0.026888
187.952482  -0.026924
187.972481  -0.026947
187.992480  -0.026959
188.012480  -0.026983
188.032479  -0.027031
188.052478  -0.027054
188.072477  -0.027126
188.092476  -0.027114
188.112476  -0.027150
188.132475  -0.027197
188.152474  -0.027221
188.172473  -0.027257
188.192472  -0.027257
188.212472  -0.027304
188.232471  -0.027340
188.252470  -0.027364
188.272469  -0.027412
188.292468  -0.027412
188.312468  -0.027459
188.332467  -0.027495
188.352466  -0.027519
188.372465  -0.027578
188.392464  -0.027578
188.412464  -0.027626
188.432463  -0.027673
188.452462  -0.027673
188.472461  -0.027721
188.492460  -0.027721
188.512460  -0.027781
188.532459  -0.027816
188.552458  -0.027840
188.572457  -0.027840
188.592456  -0.027876
188.612456  -0.027900
188.632455  -0.027947
188.652454  -0.027983
188.672453  -0.028019
188.692452  -0.028042
188.712452  -0.028078
188.732451  -0.028126
188.752450  -0.028150
188.772449  -0.028197
188.792448  -0.028197
188.812448  -0.028257
188.832447  -0.028292
188.852446  -0.028269
188.872445  -0.028304
188.892444  -0.028364
188.912444  -0.028388
188.932443  -0.028423
188.952442  -0.028423
188.972441  -0.028483
188.992440  -0.028530
189.012440  -0.028530
189.032439  -0.028590
189.052438  -0.028602
189.072437  -0.028638
189.092436  -0.028626
189.112436  -0.028685
189.132435  -0.028721
189.152434  -0.028745
189.172433  -0.028745
189.192432  -0.028816
189.212432  -0.028828
189.232431  -0.028876
189.252430  -0.028899
189.272429  -0.028947
189.292428  -0.028911
189.312428  -0.028971
189.332427  -0.029018
189.352426  -0.029042
189.372425  -0.029066
189.392424  -0.029090
189.412424  -0.029114
189.432423  -0.029197
189.452422  -0.029209
189.472421  -0.029221
189.492420  -0.029245
189.512420  -0.029268
189.532419  -0.029292
189.552418  -0.029364
189.572417  -0.029364
189.592416  -0.029399
189.612416  -0.029447
189.632415  -0.029471
189.652414  -0.029506
189.672413  -0.029495
189.692412  -0.029554
189.712412  -0.029578
189.732411  -0.029625
189.752410  -0.029625
189.772409  -0.029685
189.792408  -0.029697
189.812408  -0.029744
189.832407  -0.029756
189.852406  -0.029780
189.872405  -0.029816
189.892404  -0.029852
189.912404  -0.029840
189.932403  -0.029887
189.952402  -0.029935
189.972401  -0.029947
189.992400  -0.029994
190.012400  -0.030018
190.032399  -0.030018
190.052398  -0.030078
190.072397  -0.030102
190.092396  -0.030161
190.112396  -0.030161
190.132395  -0.030197
190.152394  -0.030244
190.172393  -0.030256
190.192392  -0.030304
190.212392  -0.030328
190.232391  -0.030363
190.252390  -0.030363
190.272389  -0.030423
190.292388  -0.030435
190.312388  -0.030459
190.332387  -0.030494
190.352386  -0.030530
190.372385  -0.030518
190.392384  -0.030590
190.412384  -0.030590
190.432383  -0.030649
190.452382  -0.030649
190.472381  -0.030685
190.492380  -0.030709
190.512380  -0.030768
190.532379  -0.030780
190.552378  -0.030828
190.572377  -0.030828
190.592376  -0.030875
190.612376  -0.030899
190.632375  -0.030923
190.652374  -0.030970
190.672373  -0.030970
190.692372  -0.031006
190.712372  -0.031006
190.732371  -0.031030
190.752370  -0.031089
190.772369  -0.031113
190.792368  -0.031125
190.812368  -0.031197
190.832367  -0.031208
190.852366  -0.031268
190.872365  -0.031292
190.892364  -0.031316
190.912364  -0.031328
190.932363  -0.031363
190.952362  -0.031375
190.972361  -0.031411
190.992360  -0.031435
191.012360  -0.031482
191.032359  -0.031506
191.052358  -0.031542
191.072357  -0.031566
191.092356  -0.031577
191.112356  -0.031625
191.132355  -0.031661
191.152354  -0.031685
191.172353  -0.031673
191.192352  -0.031732
191.212352  -0.031756
191.232351  -0.031792
191.252350  -0.031816
191.272349  -0.031839
191.292348  -0.031887
191.312348  -0.031923
191.332347  -0.031935
191.352346  -0.031970
191.372345  -0.031958
191.392344  -0.032042
191.412344  -0.032077
191.432343  -0.032089
191.452342  -0.032125
191.472341  -0.032149
191.492340  -0.032173
191.512340  -0.032196
191.532339  -0.032232
191.552338  -0.032244
191.572337  -0.032292
191.592336  -0.032315
191.612336  -0.032304
191.632335  -0.032351
191.652334  -0.032411
191.672333  -0.032423
191.692332  -0.032458
191.712332  -0.032506
191.732331  -0.032518
191.752330  -0.032542
191.772329  -0.032577
191.792328  -0.032577
191.812328  -0.032625
191.832327  -0.032673
191.852326  -0.032696
191.872325  -0.032720
191.892324  -0.032756
191.912324  -0.032756
191.932323  -0.032803
191.952322  -0.032827
191.972321  -0.032851
191.992320  -0.032875
192.012320  -0.032934
192.032319  -0.032958
192.052318  -0.032994
192.072317  -0.033006
192.092316  -0.033030
192.112316  -0.033077
192.132315  -0.033077
192.152314  -0.033149
192.172313  -0.033161
192.192312  -0.033196
192.212312  -0.033220
192.232311  -0.033256
192.252310  -0.033256
192.272309  -0.033268
192.292308  -0.033327
192.312308  -0.033351
192.332307  -0.033375
192.352306  -0.033434
192.372305  -0.033434
192.392304  -0.033446
192.412304  -0.033458
192.432303  -0.033530
192.452302  -0.033530
192.472301  -0.033589
192.492300  -0.033589
192.512300  -0.033660
192.532299  -0.033660
192.552298  -0.033708
192.572297  -0.033744
192.592296  -0.033732
192.612296  -0.033779
192.632295  -0.033815
192.652294  -0.033803
192.672293  -0.033863
192.692292  -0.033898
192.712292  -0.033910
192.732291  -0.033958
192.752290  -0.033970
192.772289  -0.033982
192.792288  -0.034029
192.812288  -0.034053
192.832287  -0.034077
192.852286  -0.034101
192.872285  -0.034137
192.892284  -0.034184
192.912284  -0.034232
192.932283  -0.034256
192.952282  -0.034256
192.972281  -0.034279
192.992280  -0.034339
193.012280  -0.034351
193.032279  -0.034386
193.052278  -0.034422
193.072277  -0.034410
193.092276  -0.034482
193.112276  -0.034506
193.132275  -0.034529
193.152274  -0.034553
193.172273  -0.034589
193.192272  -0.034613
193.212272  -0.034625
193.232271  -0.034648
193.252270  -0.034684
193.272269  -0.034720
193.292268  -0.034744
193.312268  -0.034791
193.332267  -0.034779
193.352266  -0.034851
193.372265  -0.034863
193.392264  -0.034898
193.412264  -0.034922
193.432263  -0.034910
193.452262  -0.034934
193.472261  -0.034994
193.492260  -0.035029
193.512260  -0.035065
193.532259  -0.035101
193.552258  -0.035136
193.572257  -0.035136
193.592256  -0.035160
193.612256  -0.035220
193.632255  -0.035220
193.652254  -0.035243
193.672253  -0.035279
193.692252  -0.035303
193.712252  -0.035363
193.732251  -0.035398
193.752250  -0.035398
193.772249  -0.035434
193.792248  -0.035458
193.812248  -0.035470
193.832247  -0.035493
193.852246  -0.035505
193.872245  -0.035565
193.892244  -0.035577
193.912244  -0.035624
193.932243  -0.035648
193.952242  -0.035708
193.972241  -0.035708
193.992240  -0.035720
194.012240  -0.035767
194.032239  -0.035767
194.052238  -0.035803
194.072237  -0.035839
194.092236  -0.035862
194.112236  -0.035886
194.132235  -0.035886
194.152234  -0.035970
194.172233  -0.035981
194.192232  -0.036017
194.212232  -0.036029
194.232231  -0.036041
194.252230  -0.036065
194.272229  -0.036124
194.292228  -0.036148
194.312228  -0.036184
194.332227  -0.036220
194.352226  -0.036243
194.372225  -0.036267
194.392224  -0.036327
194.412224  -0.036339
194.432223  -0.036362
194.452222  -0.036362
194.472221  -0.036410
194.492220  -0.036422
194.512220  -0.036458
194.532219  -0.036505
194.552218  -0.036529
194.572217  -0.036541
194.592216  -0.036588
194.612216  -0.036612
194.632215  -0.036636
194.652214  -0.036660
194.672213  -0.036708
194.692212  -0.036696
194.712212  -0.036731
194.732211  -0.036767
194.752210  -0.036803
194.772209  -0.036815
194.792208  -0.036862
194.812208  -0.036886
194.832207  -0.036910
194.852206  -0.036922
194.872205  -0.036957
194.892204  -0.036993
194.912204  -0.037017
194.932203  -0.037041
194.952202  -0.037076
194.972201  -0.037124
194.992200  -0.037136
195.012200  -0.037219
195.032199  -0.037184
195.052198  -0.037243
195.072197  -0.037255
195.092196  -0.037243
195.112196  -0.037279
195.132195  -0.037315
195.152194  -0.037374
195.172193  -0.037350
195.192192  -0.037410
195.212192  -0.037457
195.232191  -0.037493
195.252190  -0.037505
195.272189  -0.037505
195.292188  -0.037541
195.312188  -0.037588
195.332187  -0.037588
195.352186  -0.037624
195.372185  -0.037660
195.392184  -0.037695
195.412184  -0.037767
195.432183  -0.037755
195.452182  -0.037791
195.472181  -0.037826
195.492180  -0.037826
195.512180  -0.037874
195.532179  -0.037886
195.552178  -0.037910
195.572177  -0.037945
195.592176  -0.037981
195.612176  -0.037993
195.632175  -0.038053
195.652174  -0.038064
195.672173  -0.038088
195.692172  -0.038124
195.712172  -0.038160
195.732171  -0.038160
195.752170  -0.038195
195.772169  -0.038207
195.792168  -0.038255
195.812168  -0.038291
195.832167  -0.038302
195.852166  -0.038362
195.872165  -0.038362
195.892164  -0.038386
195.912164  -0.038410
195.932163  -0.038457
195.952162  -0.038457
195.972161  -0.038517
195.992160  -0.038529
196.012160  -0.038552
196.032159  -0.038576
196.052158  -0.038648
196.072157  -0.038648
196.092156  -0.038648
196.112156  -0.038707
196.132155  -0.038731
196.152154  -0.038743
196.172153  -0.038802
196.192152  -0.038779
196.212152  -0.038862
196.232151  -0.038862
196.252150  -0.038886
196.272149  -0.038921
196.292148  -0.038981
196.312148  -0.038969
196.332147  -0.039029
196.352146  -0.039029
196.372145  -0.039088
196.392144  -0.039088
196.412144  -0.039112
196.432143  -0.039136
196.452142  -0.039183
196.472141  -0.039255
196.492140  -0.039219
196.512140  -0.039255
196.532139  -0.039278
196.552138  -0.039302
196.572137  -0.039314
196.592136  -0.039374
196.612136  -0.039386
196.632135  -0.039421
196.652134  -0.039433
196.672133  -0.039493
196.692132  -0.039493
196.712132  -0.039552
196.732131  -0.039552
196.752130  -0.039576
196.772129  -0.039624
196.792128  -0.039636
196.812128  -0.039671
196.832127  -0.039683
196.852126  -0.039719
196.872125  -0.039778
196.892124  -0.039778
196.912124  -0.039802
196.932123  -0.039826
196.952122  -0.039862
196.972121  -0.039874
196.992120  -0.039921
197.012120  -0.039957
197.032119  -0.039981
197.052118  -0.040016
197.072117  -0.040016
197.092116  -0.040052
197.112116  -0.040076
197.132115  -0.040135
197.152114  -0.040112
197.172113  -0.040159
197.192112  -0.040195
197.212112  -0.040219
197.232111  -0.040219
197.252110  -0.040290
197.272109  -0.040290
197.292108  -0.040338
197.312108  -0.040362
197.332107  -0.040385
197.352106  -0.040409
197.372105  -0.040445
197.392104  -0.040493
197.412104  -0.040504
197.432103  -0.040528
197.452102  -0.040588
197.472101  -0.040588
197.492100  -0.040612
197.512100  -0.040659
197.532099  -0.040647
197.552098  -0.040707
197.572097  -0.040743
197.592096  -0.040731
197.612096  -0.040754
197.632095  -0.040802
197.652094  -0.040838
197.672093  -0.040862
197.692092  -0.040885
197.712092  -0.040933
197.732091  -0.040921
197.752090  -0.040992
197.772089  -0.040992
197.792088  -0.041016
197.812088  -0.041064
197.832087  -0.041100
197.852086  -0.041111
197.872085  -0.041123
197.892084  -0.041183
197.912084  -0.041183
197.932083  -0.041207
197.952082  -0.041266
197.972081  -0.041290
197.992080  -0.041290
198.012080  -0.041326
198.032079  -0.041338
198.052078  -0.041361
198.072077  -0.041409
198.092076  -0.041445
198.112076  -0.041445
198.132075  -0.041516
198.152074  -0.041528
198.172073  -0.041552
198.192072  -0.041588
198.212072  -0.041599
198.232071  -0.041623
198.252070  -0.041659
198.272069  -0.041683
198.292068  -0.041730
198.312068  -0.041719
198.332067  -0.041754
198.352066  -0.041778
198.372065  -0.041838
198.392064  -0.041861
198.412064  -0.041885
198.432063  -0.041897
198.452062  -0.041933
198.472061  -0.041968
198.492060  -0.041992
198.512060  -0.042028
198.532059  -0.042064
198.552058  -0.042088
198.572057  -0.042123
198.592056  -0.042099
198.612056  -0.042183
198.632055  -0.042183
198.652054  -0.042195
198.672053  -0.042230
198.692052  -0.042254
198.712052  -0.042302
198.732051  -0.042302
198.752050  -0.042361
198.772049  -0.042397
198.792048  -0.042421
198.812048  -0.042433
198.832047  -0.042468
198.852046  -0.042480
198.872045  -0.042516
198.892044  -0.042552
198.912044  -0.042576
198.932043  -0.042599
198.952042  -0.042623
198.972041  -0.042647
198.992040  -0.042683
199.012040  -0.042706
199.032039  -0.042718
199.052038  -0.042766
199.072037  -0.042778
199.092036  -0.042790
199.112036  -0.042825
199.132035  -0.042885
199.152034  -0.042873
199.172033  -0.042933
199.192032  -0.042909
199.212032  -0.042980
199.232031  -0.042980
199.252030  -0.043004
199.272029  -0.043028
199.292028  -0.043087
199.312028  -0.043087
199.332027  -0.043135
199.352026  -0.043171
199.372025  -0.043194
199.392024  -0.043194
199.412024  -0.043218
199.432023  -0.043254
199.452022  -0.043302
199.472021  -0.043349
199.492020  -0.043349
199.512020  -0.043373
199.532019  -0.043421
199.552018  -0.043433
199.572017  -0.043480
199.592016  -0.043492
199.612016  -0.043540
199.632015  -0.043552
199.652014  -0.043587
199.672013  -0.043587
199.692012  -0.043635
199.712012  -0.043647
199.732011  -0.043682
199.752010  -0.043718
199.772009  -0.043730
199.792008  -0.043778
199.812008  -0.043801
199.832007  -0.043801
199.852006  -0.043861
199.872005  -0.043885
199.892004  -0.043909
199.912004  -0.043944
199.932003  -0.043932
199.952002  -0.043992
199.972001  -0.044004
199.992000  -0.044040
200.012000  -0.044075
200.031999  -0.044099
200.051998  -0.044123
200.071997  -0.044135
200.091996  -0.044170
200.111996  -0.044194
200.131995  -0.044230
200.151994  -0.044266
200.171993  -0.044313
200.191992  -0.044313
200.211992  -0.044373
200.231991  -0.044349
200.251990  -0.044397
200.271989  -0.044432
200.291988  -0.044444
200.311988  -0.044456
200.331987  -0.044492
200.351986  -0.044528
200.371985  -0.044563
200.391984  -0.044599
200.411984  -0.044599
200.431983  -0.044670
200.451982  -0.044706
200.471981  -0.044670
200.491980  -0.044730
200.511980  -0.044742
200.531979  -0.044778
200.551978  -0.044813
200.571977  -0.044837
200.591976  -0.044873
200.611976  -0.044897
200.631975  -0.044908
200.651974  -0.044944
200.671973  -0.044956
200.691972  -0.044992
200.711972  -0.045004
200.731971  -0.045039
200.751970  -0.045075
200.771969  -0.045111
200.791968  -0.045146
200.811968  -0.045158
200.831967  -0.045182
200.851966  -0.045218
200.871965  -0.045254
200.891964  -0.045277
200.911964  -0.045277
200.931963  -0.045325
200.951962  -0.045349
200.971961  -0.045385
200.991960  -0.045420
201.011960  -0.045420
201.031959  -0.045468
201.051958  -0.045468
201.071957  -0.045539
201.091956  -0.045539
201.111956  -0.045551
201.131955  -0.045587
201.151954  -0.045611
201.171953  -0.045646
201.191952  -0.045670
201.211952  -0.045682
201.231951  -0.045730
201.251950  -0.045777
201.271949  -0.045777
201.291948  -0.045825
201.311948  -0.045825
201.331947  -0.045861
201.351946  -0.045896
201.371945  -0.045896
201.391944  -0.045944
201.411944  -0.045980
201.431943  -0.046003
201.451942  -0.046051
201.471941  -0.046075
201.491940  -0.046087
201.511940  -0.046111
201.531939  -0.046134
201.551938  -0.046158
201.571937  -0.046194
201.591936  -0.046230
201.611936  -0.046265
201.631935  -0.046277
201.651934  -0.046313
201.671933  -0.046337
201.691932  -0.046349
201.711932  -0.046361
201.731931  -0.046420
201.751930  -0.046444
201.771929  -0.046456
201.791928  -0.046480
201.811928  -0.046515
201.831927  -0.046551
201.851926  -0.046563
201.871925  -0.046587
201.891924  -0.046611
201.911924  -0.046682
201.931923  -0.046694
201.951922  -0.046682
201.971921  -0.046718
201.991920  -0.046765
202.011920  -0.046777
202.031919  -0.046825
202.051918  -0.046837
202.071917  -0.046872
202.091916  -0.046896
202.111916  -0.046908
202.131915  -0.046956
202.151914  -0.046956
202.171913  -0.046968
202.191912  -0.047051
202.211912  -0.047027
202.231911  -0.047087
202.251910  -0.047134
202.271909  -0.047134
202.291908  -0.047194
202.311908  -0.047182
202.331907  -0.047218
202.351906  -0.047229
202.371905  -0.047277
202.391904  -0.047289
202.411904  -0.047337
202.431903  -0.047337
202.451902  -0.047372
202.471901  -0.047396
202.491900  -0.047444
202.511900  -0.047467
202.531899  -0.047503
202.551898  -0.047527
202.571897  -0.047539
202.591896  -0.047575
202.611896  -0.047598
202.631895  -0.047610
202.651894  -0.047646
202.671893  -0.047658
202.691892  -0.047682
202.711892  -0.047765
202.731891  -0.047765
202.751890  -0.047801
202.771889  -0.047813
202.791888  -0.047801
202.811888  -0.047884
202.831887  -0.047896
202.851886  -0.047920
202.871885  -0.047932
202.891884  -0.047979
202.911884  -0.048003
202.931883  -0.048039
202.951882  -0.048039
202.971881  -0.048086
202.991880  -0.048122
203.011880  -0.048110
203.031879  -0.048146
203.051878  -0.048146
203.071877  -0.048217
203.091876  -0.048253
203.111876  -0.048265
203.131875  -0.048313
203.151874  -0.048336
203.171873  -0.048372
203.191872  -0.048408
203.211872  -0.048408
203.231871  -0.048420
203.251870  -0.048479
203.271869  -0.048503
203.291868  -0.048527
203.311868  -0.048515
203.331867  -0.048586
203.351866  -0.048622
203.371865  -0.048646
203.391864  -0.048658
203.411864  -0.048682
203.431863  -0.048717
203.451862  -0.048729
203.471861  -0.048729
203.491860  -0.048789
203.511860  -0.048836
203.531859  -0.048824
203.551858  -0.048872
203.571857  -0.048884
203.591856  -0.048896
203.611856  -0.048955
203.631855  -0.048955
203.651854  -0.048991
203.671853  -0.049003
203.691852  -0.049051
203.711852  -0.049062
203.731851  -0.049134
203.751850  -0.049134
203.771849  -0.049134
203.791848  -0.049146
203.811848  -0.049193
203.831847  -0.049241
203.851846  -0.049253
203.871845  -0.049301
203.891844  -0.049324
203.911844  -0.049336
203.931843  -0.049348
203.951842  -0.049396
203.971841  -0.049408
203.991840  -0.049455
204.011840  -0.049479
204.031839  -0.049467
204.051838  -0.049515
204.071837  -0.049562
204.091836  -0.049550
204.111836  -0.049586
204.131835  -0.049634
204.151834  -0.049646
204.171833  -0.049669
204.191832  -0.049729
204.211832  -0.049753
204.231831  -0.049753
204.251830  -0.049789
204.271829  -0.049812
204.291828  -0.049824
204.311828  -0.049884
204.331827  -0.049919
204.351826  -0.049908
204.371825  -0.049955
204.391824  -0.049967
204.411824  -0.050027
204.431823  -0.050062
204.451822  -0.050074
204.471821  -0.050086
204.491820  -0.050122
204.511820  -0.050110
204.531819  -0.050157
204.551818  -0.050229
204.571817  -0.050229
204.591816  -0.050253
204.611816  -0.050300
204.631815  -0.050336
204.651814  -0.050324
204.671813  -0.050348
204.691812  -0.050384
204.711812  -0.050407
204.731811  -0.050407
204.751810  -0.050455
204.771809  -0.050479
204.791808  -0.050515
204.811808  -0.050574
204.831807  -0.050550
204.851806  -0.050586
204.871805  -0.050610
204.891804  -0.050634
204.911804  -0.050681
204.931803  -0.050705
204.951802  -0.050705
204.971801  -0.050741
204.991800  -0.050788
205.011800  -0.050788
205.031799  -0.050848
205.051798  -0.050848
205.071797  -0.050884
205.091796  -0.050919
205.111796  -0.050907
205.131795  -0.050931
205.151794  -0.050991
205.171793  -0.051003
205.191792  -0.051062
205.211792  -0.051050
205.231791  -0.051110
205.251790  -0.051134
205.271789  -0.051157
205.291788  -0.051193
205.311788  -0.051217
205.331787  -0.051241
205.351786  -0.051241
205.371785  -0.051288
205.391784  -0.051288
205.411784  -0.051324
205.431783  -0.051348
205.451782  -0.051383
205.471781  -0.051419
205.491780  -0.051443
205.511780  -0.051455
205.531779  -0.051491
205.551778  -0.051491
205.571777  -0.051550
205.591776  -0.051562
205.611776  -0.051598
205.631775  -0.051598
205.651774  -0.051669
205.671773  -0.051669
205.691772  -0.051729
205.711772  -0.051729
205.731771  -0.051741
205.751770  -0.051788
205.771769  -0.051800
205.791768  -0.051824
205.811768  -0.051860
205.831767  -0.051895
205.851766  -0.051919
205.871765  -0.051919
205.891764  -0.051943
205.911764  -0.051991
205.931763  -0.052014
205.951762  -0.052038
205.971761  -0.052074
205.991760  -0.052098
206.011760  -0.052086
206.031759  -0.052133
206.051758  -0.052169
206.071757  -0.052217
206.091756  -0.052217
206.111756  -0.052264
206.131755  -0.052276
206.151754  -0.052300
206.171753  -0.052300
206.191752  -0.052348
206.211752  -0.052371
206.231751  -0.052395
206.251750  -0.052431
206.271749  -0.052443
206.291748  -0.052502
206.311748  -0.052538
206.331747  -0.052538
206.351746  -0.052550
206.371745  -0.052598
206.391744  -0.052621
206.411744  -0.052645
206.431743  -0.052645
206.451742  -0.052693
206.471741  -0.052728
206.491740  -0.052764
206.511740  -0.052740
206.531739  -0.052788
206.551738  -0.052824
206.571737  -0.052883
206.591736  -0.052836
206.611736  -0.052931
206.631735  -0.052931
206.651734  -0.052955
206.671733  -0.052978
206.691732  -0.053002
206.711732  -0.053038
206.731731  -0.053097
206.751730  -0.053097
206.771729  -0.053157
206.791728  -0.053133
206.811728  -0.053169
206.831727  -0.053145
206.851726  -0.053240
206.871725  -0.053240
206.891724  -0.053264
206.911724  -0.053312
206.931723  -0.053324
206.951722  -0.053324
206.971721  -0.053359
206.991720  -0.053407
207.011720  -0.053419
207.031719  -0.053466
207.051718  -0.053466
207.071717  -0.053502
207.091716  -0.053538
207.111716  -0.053562
207.131715  -0.053585
207.151714  -0.053633
207.171713  -0.053633
207.191712  -0.053681
207.211712  -0.053657
207.231711  -0.053716
207.251710  -0.053728
207.271709  -0.053776
207.291708  -0.053788
207.311708  -0.053812
207.331707  -0.053859
207.351706  -0.053883
207.371705  -0.053907
207.391704  -0.053954
207.411704  -0.053954
207.431703  -0.053966
207.451702  -0.054050
207.471701  -0.054050
207.491700  -0.054062
207.511700  -0.054097
207.531699  -0.054133
207.551698  -0.054145
207.571697  -0.054157
207.591696  -0.054192
207.611696  -0.054240
207.631695  -0.054240
207.651694  -0.054300
207.671693  -0.054300
207.691692  -0.054300
207.711692  -0.054359
207.731691  -0.054359
207.751690  -0.054395
207.771689  -0.054431
207.791688  -0.054490
207.811688  -0.054478
207.831687  -0.054514
207.851686  -0.054526
207.871685  -0.054550
207.891684  -0.054573
207.911684  -0.054609
207.931683  -0.054645
207.951682  -0.054645
207.971681  -0.054681
207.991680  -0.054716
208.011680  -0.054740
208.031679  -0.054764
208.051678  -0.054811
208.071677  -0.054811
208.091676  -0.054835
208.111676  -0.054883
208.131675  -0.054895
208.151674  -0.054919
208.171673  -0.054930
208.191672  -0.054990
208.211672  -0.055014
208.231671  -0.055026
208.251670  -0.055061
208.271669  -0.055061
208.291668  -0.055109
208.311668  -0.055121
208.331667  -0.055157
208.351666  -0.055192
208.371665  -0.055192
208.391664  -0.055204
208.411664  -0.055276
208.431663  -0.055288
208.451662  -0.055288
208.471661  -0.055335
208.491660  -0.055359
208.511660  -0.055371
208.531659  -0.055407
208.551658  -0.055466
208.571657  -0.055466
208.591656  -0.055502
208.611656  -0.055514
208.631655  -0.055561
208.651654  -0.055573
208.671653  -0.055585
208.691652  -0.055609
208.711652  -0.055621
208.731651  -0.055704
208.751650  -0.055692
208.771649  -0.055716
208.791648  -0.055764
208.811648  -0.055799
208.831647  -0.055776
208.851646  -0.055835
208.871645  -0.055847
208.891644  -0.055906
208.911644  -0.055895
208.931643  -0.055942
208.951642  -0.055990
208.971641  -0.055978
208.991640  -0.056037
209.011640  -0.056037
209.031639  -0.056073
209.051638  -0.056073
209.071637  -0.056085
209.091636  -0.056121
209.111636  -0.056180
209.131635  -0.056192
209.151634  -0.056240
209.171633  -0.056240
209.191632  -0.056287
209.211632  -0.056299
209.231631  -0.056311
209.251630  -0.056335
209.271629  -0.056359
209.291628  -0.056383
209.311628  -0.056406
209.331627  -0.056454
209.351626  -0.056502
209.371625  -0.056490
209.391624  -0.056514
209.411624  -0.056537
209.431623  -0.056585
209.451622  -0.056633
209.471621  -0.056633
209.491620  -0.056633
209.511620  -0.056680
209.531619  -0.056716
209.551618  -0.056716
209.571617  -0.056740
209.591616  -0.056775
209.611616  -0.056823
209.631615  -0.056847
209.651614  -0.056859
209.671613  -0.056882
209.691612  -0.056918
209.711612  -0.056930
209.731611  -0.056978
209.751610  -0.057002
209.771609  -0.057013
209.791608  -0.057025
209.811608  -0.057085
209.831607  -0.057121
209.851606  -0.057144
209.871605  -0.057132
209.891604  -0.057144
209.911604  -0.057192
209.931603  -0.057240
209.951602  -0.057251
209.971601  -0.057275
209.991600  -0.057323
210.011600  -0.057299
210.031599  -0.057359
210.051598  -0.057382
210.071597  -0.057382
210.091596  -0.057442
210.111596  -0.057430
210.131595  -0.057466
210.151594  -0.057501
210.171593  -0.057513
210.191592  -0.057549
210.211592  -0.057573
210.231591  -0.057632
210.251590  -0.057644
210.271589  -0.057656
210.291588  -0.057680
210.311588  -0.057692
210.331587  -0.057728
210.351586  -0.057728
210.371585  -0.057763
210.391584  -0.057811
210.411584  -0.057835
210.431583  -0.057847
210.451582  -0.057859
210.471581  -0.057906
210.491580  -0.057930
210.511580  -0.057930
210.531579  -0.057989
210.551578  -0.058025
210.571577  -0.058037
210.591576  -0.058085
210.611576  -0.058073
210.631575  -0.058108
210.651574  -0.058156
210.671573  -0.058144
210.691572  -0.058204
210.711572  -0.058216
210.731571  -0.058216
210.751570  -0.058263
210.771569  -0.058299
210.791568  -0.058311
210.811568  -0.058335
210.831567  -0.058382
210.851566  -0.058406
210.871565  -0.058406
210.891564  -0.058477
210.911564  -0.058489
210.931563  -0.058513
210.951562  -0.058501
210.971561  -0.058525
210.991560  -0.058549
211.011560  -0.058585
211.031559  -0.058632
211.051558  -0.058656
211.071557  -0.058668
211.091556  -0.058692
211.111556  -0.058704
211.131555  -0.058763
211.151554  -0.058763
211.171553  -0.058799
211.191552  -0.058823
211.211552  -0.058846
211.231551  -0.058894
211.251550  -0.058882
211.271549  -0.058954
211.291548  -0.058965
211.311548  -0.059001
211.331547  -0.059001
211.351546  -0.059025
211.371545  -0.059049
211.391544  -0.059108
211.411544  -0.059120
211.431543  -0.059144
211.451542  -0.059144
211.471541  -0.059180
211.491540  -0.059239
211.511540  -0.059251
211.531539  -0.059251
211.551538  -0.059299
211.571537  -0.059299
211.591536  -0.059346
211.611536  -0.059358
211.631535  -0.059370
211.651534  -0.059430
211.671533  -0.059442
211.691532  -0.059489
211.711532  -0.059489
211.731531  -0.059525
211.751530  -0.059537
211.771529  -0.059572
211.791528  -0.059572
211.811528  -0.059632
211.831527  -0.059656
211.851526  -0.059668
211.871525  -0.059715
211.891524  -0.059727
211.911524  -0.059775
211.931523  -0.059799
211.951522  -0.059787
211.971521  -0.059799
211.991520  -0.059846
212.011520  -0.059870
212.031519  -0.059906
212.051518  -0.059918
212.071517  -0.059953
212.091516  -0.059977
212.111516  -0.059989
212.131515  -0.060025
212.151514  -0.060049
212.171513  -0.060060
212.191512  -0.060084
212.211512  -0.060096
212.231511  -0.060168
212.251510  -0.060168
212.271509  -0.060215
212.291508  -0.060215
212.311508  -0.060251
212.331507  -0.060287
212.351506  -0.060299
212.371505  -0.060322
212.391504  -0.060358
212.411504  -0.060370
212.431503  -0.060406
212.451502  -0.060441
212.471501  -0.060418
212.491500  -0.060489
212.511500  -0.060513
212.531499  -0.060560
212.551498  -0.060549
212.571497  -0.060572
212.591496  -0.060608
212.611496  -0.060608
212.631495  -0.060644
212.651494  -0.060668
212.671493  -0.060727
212.691492  -0.060715
212.711492  -0.060751
212.731491  -0.060775
212.751490  -0.060834
212.771489  -0.060822
212.791488  -0.060834
212.811488  -0.060834
212.831487  -0.060882
212.851486  -0.060953
212.871485  -0.060953
212.891484  -0.060965
212.911484  -0.061025
212.931483  -0.061048
212.951482  -0.061060
212.971481  -0.061060
212.991480  -0.061120
213.011480  -0.061096
213.031479  -0.061179
213.051478  -0.061191
213.071477  -0.061191
213.091476  -0.061215
213.111476  -0.061251
213.131475  -0.061263
213.151474  -0.061334
213.171473  -0.061322
213.191472  -0.061334
213.211472  -0.061370
213.231471  -0.061394
213.251470  -0.061429
213.271469  -0.061441
213.291468  -0.061477
213.311468  -0.061513
213.331467  -0.061536
213.351466  -0.061584
213.371465  -0.061596
213.391464  -0.061608
213.411464  -0.061620
213.431463  -0.061632
213.451462  -0.061655
213.471461  -0.061739
213.491460  -0.061739
213.511460  -0.061751
213.531459  -0.061786
213.551458  -0.061822
213.571457  -0.061822
213.591456  -0.061834
213.611456  -0.061870
213.631455  -0.061905
213.651454  -0.061917
213.671453  -0.061941
213.691452  -0.061965
213.711452  -0.062001
213.731451  -0.062013
213.751450  -0.062060
213.771449  -0.062072
213.791448  -0.062108
213.811448  -0.062143
213.831447  -0.062167
213.851446  -0.062191
213.871445  -0.062191
213.891444  -0.062227
213.911444  -0.062239
213.931443  -0.062262
213.951442  -0.062310
213.971441  -0.062334
213.991440  -0.062358
214.011440  -0.062393
214.031439  -0.062393
214.051438  -0.062429
214.071437  -0.062453
214.091436  -0.062489
214.111436  -0.062501
214.131435  -0.062524
214.151434  -0.062536
214.171433  -0.062560
214.191432  -0.062608
214.211432  -0.062620
214.231431  -0.062655
214.251430  -0.062691
214.271429  -0.062715
214.291428  -0.062715
214.311428  -0.062739
214.331427  -0.062798
214.351426  -0.062798
214.371425  -0.062834
214.391424  -0.062870
214.411424  -0.062881
214.431423  -0.062905
214.451422  -0.062929
214.471421  -0.062953
214.491420  -0.062965
214.511420  -0.063000
214.531419  -0.063012
214.551418  -0.063060
214.571417  -0.063072
214.591416  -0.063072
214.611416  -0.063131
214.631415  -0.063155
214.651414  -0.063167
214.671413  -0.063179
214.691412  -0.063215
214.711412  -0.063250
214.731411  -0.063262
214.751410  -0.063310
214.771409  -0.063298
214.791408  -0.063334
214.811408  -0.063393
214.831407  -0.063405
214.851406  -0.063441
214.871405  -0.063405
214.891404  -0.063465
214.911404  -0.063465
214.931403  -0.063524
214.951402  -0.063536
214.971401  -0.063560
214.991400  -0.063607
215.011400  -0.063655
215.031399  -0.063631
215.051398  -0.063691
215.071397  -0.063691
215.091396  -0.063727
215.111396  -0.063750
215.131395  -0.063810
215.151394  -0.063774
215.171393  -0.063834
215.191392  -0.063869
215.211392  -0.063869
215.231391  -0.063941
215.251390  -0.063917
215.271389  -0.063953
215.291388  -0.063941
215.311388  -0.064000
215.331387  -0.063988
215.351386  -0.064072
215.371385  -0.064084
215.391384  -0.064119
215.411384  -0.064143
215.431383  -0.064167
215.451382  -0.064203
215.471381  -0.064203
215.491380  -0.064215
215.511380  -0.064226
215.531379  -0.064238
215.551378  -0.064298
215.571377  -0.064298
215.591376  -0.064369
215.611376  -0.064334
215.631375  -0.064381
215.651374  -0.064417
215.671373  -0.064453
215.691372  -0.064453
215.711372  -0.064476
215.731371  -0.064524
215.751370  -0.064548
215.771369  -0.064572
215.791368  -0.064607
215.811368  -0.064584
215.831367  -0.064667
215.851366  -0.064679
215.871365  -0.064679
215.891364  -0.064714
215.911364  -0.064703
215.931363  -0.064774
215.951362  -0.064786
215.971361  -0.064798
215.991360  -0.064822
216.011360  -0.064869
216.031359  -0.064893
216.051358  -0.064952
216.071357  -0.064929
216.091356  -0.064988
216.111356  -0.064976
216.131355  -0.065024
216.151354  -0.065060
216.171353  -0.065060
216.191352  -0.065060
216.211352  -0.065095
216.231351  -0.065119
216.251350  -0.065167
216.271349  -0.065179
216.291348  -0.065214
216.311348  -0.065214
216.331347  -0.065250
216.351346  -0.065286
216.371345  -0.065298
216.391344  -0.065333
216.411344  -0.065345
216.431343  -0.065357
216.451342  -0.065405
216.471341  -0.065452
216.491340  -0.065452
216.511340  -0.065464
216.531339  -0.065512
216.551338  -0.065560
216.571337  -0.065536
216.591336  -0.065571
216.611336  -0.065583
216.631335  -0.065655
216.651334  -0.065631
216.671333  -0.065714
216.691332  -0.065702
216.711332  -0.065726
216.731331  -0.065726
216.751330  -0.065774
216.771329  -0.065786
216.791328  -0.065821
216.811328  -0.065857
216.831327  -0.065857
216.851326  -0.065893
216.871325  -0.065917
216.891324  -0.065964
216.911324  -0.065952
216.931323  -0.065988
216.951322  -0.066024
216.971321  -0.066059
216.991320  -0.066059
217.011320  -0.066107
217.031319  -0.066107
217.051318  -0.066143
217.071317  -0.066143
217.091316  -0.066214
217.111316  -0.066202
217.131315  -0.066238
217.151314  -0.066262
217.171313  -0.066274
217.191312  -0.066321
217.211312  -0.066333
217.231311  -0.066333
217.251310  -0.066393
217.271309  -0.066417
217.291308  -0.066452
217.311308  -0.066476
217.331307  -0.066476
217.351306  -0.066512
217.371305  -0.066524
217.391304  -0.066571
217.411304  -0.066571
217.431303  -0.066595
217.451302  -0.066619
217.471301  -0.066655
217.491300  -0.066678
217.511300  -0.066726
217.531299  -0.066714
217.551298  -0.066750
217.571297  -0.066797
217.591296  -0.066821
217.611296  -0.066845
217.631295  -0.066869
217.651294  -0.066869
217.671293  -0.066893
217.691292  -0.066940
217.711292  -0.066940
217.731291  -0.066940
217.751290  -0.067024
217.771289  -0.067012
217.791288  -0.067059
217.811288  -0.067059
217.831287  -0.067083
217.851286  -0.067095
217.871285  -0.067131
217.891284  -0.067178
217.911284  -0.067202
217.931283  -0.067250
217.951282  -0.067238
217.971281  -0.067274
217.991280  -0.067274
218.011280  -0.067333
218.031279  -0.067333
218.051278  -0.067369
218.071277  -0.067369
218.091276  -0.067416
218.111276  -0.067440
218.131275  -0.067476
218.151274  -0.067488
218.171273  -0.067500
218.191272  -0.067512
218.211272  -0.067559
218.231271  -0.067583
218.251270  -0.067595
218.271269  -0.067654
218.291268  -0.067642
218.311268  -0.067678
218.331267  -0.067714
218.351266  -0.067738
218.371265  -0.067750
218.391264  -0.067785
218.411264  -0.067785
218.431263  -0.067845
218.451262  -0.067833
218.471261  -0.067881
218.491260  -0.067892
218.511260  -0.067928
218.531259  -0.067928
218.551258  -0.068000
218.571257  -0.068000
218.591256  -0.068023
218.611256  -0.068047
218.631255  -0.068047
218.651254  -0.068083
218.671253  -0.068154
218.691252  -0.068130
218.711252  -0.068166
218.731251  -0.068190
218.751250  -0.068226
218.771249  -0.068250
218.791248  -0.068250
218.811248  -0.068250
218.831247  -0.068285
218.851246  -0.068333
218.871245  -0.068357
218.891244  -0.068404
218.911244  -0.068404
218.931243  -0.068428
218.951242  -0.068452
218.971241  -0.068488
218.991240  -0.068499
219.011240  -0.068499
219.031239  -0.068571
219.051238  -0.068571
219.071237  -0.068547
219.091236  -0.068630
219.111236  -0.068630
219.131235  -0.068678
219.151234  -0.068702
219.171233  -0.068773
219.191232  -0.068749
219.211232  -0.068785
219.231231  -0.068797
219.251230  -0.068833
219.271229  -0.068857
219.291228  -0.068868
219.311228  -0.068880
219.331227  -0.068904
219.351226  -0.068987
219.371225  -0.068952
219.391224  -0.068952
219.411224  -0.069011
219.431223  -0.069023
219.451222  -0.069047
219.471221  -0.069095
219.491220  -0.069095
219.511220  -0.069130
219.531219  -0.069166
219.551218  -0.069202
219.571217  -0.069202
219.591216  -0.069226
219.611216  -0.069261
219.631215  -0.069273
219.651214  -0.069297
219.671213  -0.069321
219.691212  -0.069368
219.711212  -0.069356
219.731211  -0.069392
219.751210  -0.069440
219.771209  -0.069475
219.791208  -0.069499
219.811208  -0.069499
219.831207  -0.069535
219.851206  -0.069571
219.871205  -0.069571
219.891204  -0.069606
219.911204  -0.069606
219.931203  -0.069642
219.951202  -0.069642
219.971201  -0.069690
219.991200  -0.069678
220.011200  -0.069761
220.031199  -0.069749
220.051198  -0.069785
220.071197  -0.069809
220.091196  -0.069833
220.111196  -0.069833
220.131195  -0.069916
220.151194  -0.069916
220.171193  -0.069928
220.191192  -0.069952
220.211192  -0.069987
220.231191  -0.069999
220.251190  -0.070047
220.271189  -0.070047
220.291188  -0.070071
220.311188  -0.070094
220.331187  -0.070130
220.351186  -0.070130
220.371185  -0.070190
220.391184  -0.070213
220.411184  -0.070237
220.431183  -0.070225
220.451182  -0.070273
220.471181  -0.070285
220.491180  -0.070309
220.511180  -0.070321
220.531179  -0.070356
220.551178  -0.070368
220.571177  -0.070392
220.591176  -0.070428
220.611176  -0.070452
220.631175  -0.070487
220.651174  -0.070499
220.671173  -0.070535
220.691172  -0.070547
220.711172  -0.070571
220.731171  -0.070594
220.751170  -0.070642
220.771169  -0.070666
220.791168  -0.070690
220.811168  -0.070678
220.831167  -0.070713
220.851166  -0.070761
220.871165  -0.070773
220.891164  -0.070785
220.911164  -0.070809
220.931163  -0.070832
220.951162  -0.070856
220.971161  -0.070892
220.991160  -0.070904
221.011160  -0.070928
221.031159  -0.070963
221.051158  -0.071023
221.071157  -0.070975
221.091156  -0.071023
221.111156  -0.071059
221.131155  -0.071070
221.151154  -0.071070
221.171153  -0.071142
221.191152  -0.071154
221.211152  -0.071166
221.231151  -0.071178
221.251150  -0.071237
221.271149  -0.071261
221.291148  -0.071297
221.311148  -0.071297
221.331147  -0.071309
221.351146  -0.071332
221.371145  -0.071380
221.391144  -0.071368
221.411144  -0.071404
221.431143  -0.071451
221.451142  -0.071475
221.471141  -0.071499
221.491140  -0.071499
221.511140  -0.071523
221.531139  -0.071547
221.551138  -0.071594
221.571137  -0.071618
221.591136  -0.071630
221.611136  -0.071654
221.631135  -0.071666
221.651134  -0.071737
221.671133  -0.071737
221.691132  -0.071773
221.711132  -0.071773
221.731131  -0.071820
221.751130  -0.071832
221.771129  -0.071844
221.791128  -0.071880
221.811128  -0.071904
221.831127  -0.071904
221.851126  -0.071927
221.871125  -0.071963
221.891124  -0.071999
221.911124  -0.072023
221.931123  -0.072046
221.951122  -0.072070
221.971121  -0.072070
221.991120  -0.072118
222.011120  -0.072130
222.031119  -0.072165
222.051118  -0.072177
222.071117  -0.072201
222.091116  -0.072237
222.111116  -0.072237
222.131115  -0.072273
222.151114  -0.072296
222.171113  -0.072320
222.191112  -0.072332
222.211112  -0.072368
222.231111  -0.072380
222.251110  -0.072415
222.271109  -0.072439
222.291108  -0.072487
222.311108  -0.072499
222.331107  -0.072523
222.351106  -0.072546
222.371105  -0.072570
222.391104  -0.072594
222.411104  -0.072618
222.431103  -0.072606
222.451102  -0.072677
222.471101  -0.072665
222.491100  -0.072701
222.511100  -0.072737
222.531099  -0.072761
222.551098  -0.072796
222.571097  -0.072773
222.591096  -0.072808
222.611096  -0.072844
222.631095  -0.072868
222.651094  -0.072903
222.671093  -0.072963
222.691092  -0.072927
222.711092  -0.072975
222.731091  -0.072975
222.751090  -0.073022
222.771089  -0.073034
222.791088  -0.073046
222.811088  -0.073082
222.831087  -0.073106
222.851086  -0.073165
222.871085  -0.073165
222.891084  -0.073165
222.911084  -0.073201
222.931083  -0.073213
222.951082  -0.073261
222.971081  -0.073296
222.991080  -0.073296
223.011080  -0.073320
223.031079  -0.073356
223.051078  -0.073380
223.071077  -0.073391
223.091076  -0.073403
223.111076  -0.073451
223.131075  -0.073499
223.151074  -0.073499
223.171073  -0.073510
223.191072  -0.073546
223.211072  -0.073570
223.231071  -0.073570
223.251070  -0.073606
223.271069  -0.073618
223.291068  -0.073653
223.311068  -0.073677
223.331067  -0.073737
223.351066  -0.073725
223.371065  -0.073772
223.391064  -0.073760
223.411064  -0.073808
223.431063  -0.073820
223.451062  -0.073832
223.471061  -0.073832
223.491060  -0.073891
223.511060  -0.073915
223.531059  -0.073963
223.551058  -0.073951
223.571057  -0.073963
223.591056  -0.074022
223.611056  -0.074010
223.631055  -0.074046
223.651054  -0.074082
223.671053  -0.074106
223.691052  -0.074165
223.711052  -0.074153
223.731051  -0.074189
223.751050  -0.074213
223.771049  -0.074213
223.791048  -0.074237
223.811048  -0.074296
223.831047  -0.074284
223.851046  -0.074296
223.871045  -0.074320
223.891044  -0.074344
223.911044  -0.074403
223.931043  -0.074415
223.951042  -0.074415
223.971041  -0.074463
223.991040  -0.074475
224.011040  -0.074487
224.031039  -0.074534
224.051038  -0.074570
224.071037  -0.074570
224.091036  -0.074594
224.111036  -0.074629
224.131035  -0.074653
224.151034  -0.074653
224.171033  -0.074689
224.191032  -0.074725
224.211032  -0.074748
224.231031  -0.074784
224.251030  -0.074784
224.271029  -0.074808
224.291028  -0.074808
224.311028  -0.074844
224.331027  -0.074891
224.351026  -0.074903
224.371025  -0.074927
224.391024  -0.074951
224.411024  -0.074998
224.431023  -0.075022
224.451022  -0.075046
224.471021  -0.075070
224.491020  -0.075046
224.511020  -0.075082
224.531019  -0.075105
224.551018  -0.075129
224.571017  -0.075165
224.591016  -0.075213
224.611016  -0.075213
224.631015  -0.075236
224.651014  -0.075224
224.671013  -0.075248
224.691012  -0.075284
224.711012  -0.075320
224.731011  -0.075332
224.751010  -0.075355
224.771009  -0.075403
224.791008  -0.075427
224.811008  -0.075463
224.831007  -0.075451
224.851006  -0.075486
224.871005  -0.075522
224.891004  -0.075522
224.911004  -0.075570
224.931003  -0.075570
224.951002  -0.075629
224.971001  -0.075641
224.991000  -0.075641
225.011000  -0.075689
225.030999  -0.075689
225.050998  -0.075724
225.070997  -0.075724
225.090996  -0.075772
225.110996  -0.075784
225.130995  -0.075820
225.150994  -0.075820
225.170993  -0.075867
225.190992  -0.075891
225.210992  -0.075927
225.230991  -0.075927
225.250990  -0.075986
225.270989  -0.075986
225.290988  -0.076022
225.310988  -0.076022
225.330987  -0.076034
225.350986  -0.076081
225.370985  -0.076093
225.390984  -0.076117
225.410984  -0.076153
225.430983  -0.076177
225.450982  -0.076212
225.470981  -0.076224
225.490980  -0.076248
225.510980  -0.076272
225.530979  -0.076296
225.550978  -0.076320
225.570977  -0.076355
225.590976  -0.076367
225.610976  -0.076379
225.630975  -0.076403
225.650974  -0.076450
225.670973  -0.076450
225.690972  -0.076450
225.710972  -0.076486
225.730971  -0.076474
225.750970  -0.076558
225.770969  -0.076581
225.790968  -0.076593
225.810968  -0.076605
225.830967  -0.076617
225.850966  -0.076677
225.870965  -0.076688
225.890964  -0.076712
225.910964  -0.076736
225.930963  -0.076748
225.950962  -0.076796
225.970961  -0.076808
225.990960  -0.076843
226.010960  -0.076831
226.030959  -0.076891
226.050958  -0.076891
226.070957  -0.076915
226.090956  -0.076938
226.110956  -0.076962
226.130955  -0.076974
226.150954  -0.076974
226.170953  -0.077010
226.190952  -0.077057
226.210952  -0.077069
226.230951  -0.077081
226.250950  -0.077141
226.270949  -0.077153
226.290948  -0.077188
226.310948  -0.077165
226.330947  -0.077188
226.350946  -0.077224
226.370945  -0.077248
226.390944  -0.077260
226.410944  -0.077296
226.430943  -0.077331
226.450942  -0.077367
226.470941  -0.077355
226.490940  -0.077403
226.510940  -0.077438
226.530939  -0.077426
226.550938  -0.077498
226.570937  -0.077510
226.590936  -0.077498
226.610936  -0.077557
226.630935  -0.077581
226.650934  -0.077581
226.670933  -0.077617
226.690932  -0.077629
226.710932  -0.077653
226.730931  -0.077676
226.750930  -0.077688
226.770929  -0.077688
226.790928  -0.077748
226.810928  -0.077772
226.830927  -0.077784
226.850926  -0.077819
226.870925  -0.077843
226.890924  -0.077891
226.910924  -0.077879
226.930923  -0.077891
226.950922  -0.077891
226.970921  -0.077938
226.990920  -0.077926
227.010920  -0.078010
227.030919  -0.078022
227.050918  -0.078069
227.070917  -0.078045
227.090916  -0.078105
227.110916  -0.078093
227.130915  -0.078141
227.150914  -0.078129
227.170913  -0.078164
227.190912  -0.078188
227.210912  -0.078224
227.230911  -0.078260
227.250910  -0.078272
227.270909  -0.078319
227.290908  -0.078343
227.310908  -0.078355
227.330907  -0.078343
227.350906  -0.078367
227.370905  -0.078402
227.390904  -0.078438
227.410904  -0.078450
227.430903  -0.078438
227.450902  -0.078486
227.470901  -0.078545
227.490900  -0.078545
227.510900  -0.078557
227.530899  -0.078617
227.550898  -0.078617
227.570897  -0.078641
227.590896  -0.078652
227.610896  -0.078676
227.630895  -0.078676
227.650894  -0.078700
227.670893  -0.078760
227.690892  -0.078760
227.710892  -0.078795
227.730891  -0.078819
227.750890  -0.078831
227.770889  -0.078855
227.790888  -0.078902
227.810888  -0.078902
227.830887  -0.078950
227.850886  -0.078962
227.870885  -0.078998
227.890884  -0.078998
227.910884  -0.079045
227.930883  -0.079069
227.950882  -0.079105
227.970881  -0.079081
227.990880  -0.079117
228.010880  -0.079129
228.030879  -0.079152
228.050878  -0.079212
228.070877  -0.079200
228.090876  -0.079236
228.110876  -0.079248
228.130875  -0.079271
228.150874  -0.079283
228.170873  -0.079319
228.190872  -0.079331
228.210872  -0.079367
228.230871  -0.079390
228.250870  -0.079426
228.270869  -0.079438
228.290868  -0.079474
228.310868  -0.079462
228.330867  -0.079545
228.350866  -0.079533
228.370865  -0.079569
228.390864  -0.079557
228.410864  -0.079593
228.430863  -0.079605
228.450862  -0.079652
228.470861  -0.079652
228.490860  -0.079676
228.510860  -0.079724
228.530859  -0.079759
228.550858  -0.079771
228.570857  -0.079783
228.590856  -0.079807
228.610856  -0.079831
228.630855  -0.079866
228.650854  -0.079866
228.670853  -0.079890
228.690852  -0.079914
228.710852  -0.079974
228.730851  -0.079962
228.750850  -0.079962
228.770849  -0.079997
228.790848  -0.080033
228.810848  -0.080033
228.830847  -0.080057
228.850846  -0.080105
228.870845  -0.080105
228.890844  -0.080164
228.910844  -0.080200
228.930843  -0.080200
228.950842  -0.080212
228.970841  -0.080259
228.990840  -0.080259
229.010840  -0.080307
229.030839  -0.080283
229.050838  -0.080295
229.070837  -0.080343
229.090836  -0.080366
229.110836  -0.080402
229.130835  -0.080438
229.150834  -0.080438
229.170833  -0.080474
229.190832  -0.080497
229.210832  -0.080533
229.230831  -0.080521
229.250830  -0.080581
229.270829  -0.080593
229.290828  -0.080616
229.310828  -0.080616
229.330827  -0.080628
229.350826  -0.080676
229.370825  -0.080712
229.390824  -0.080723
229.410824  -0.080771
229.430823  -0.080735
229.450822  -0.080759
229.470821  -0.080795
229.490820  -0.080831
229.510820  -0.080866
229.530819  -0.080878
229.550818  -0.080890
229.570817  -0.080926
229.590816  -0.080938
229.610816  -0.080985
229.630815  -0.080997
229.650814  -0.081009
229.670813  -0.081045
229.690812  -0.081069
229.710812  -0.081092
229.730811  -0.081104
229.750810  -0.081152
229.770809  -0.081140
229.790808  -0.081164
229.810808  -0.081176
229.830807  -0.081188
229.850806  -0.081211
229.870805  -0.081283
229.890804  -0.081283
229.910804  -0.081295
229.930803  -0.081319
229.950802  -0.081378
229.970801  -0.081366
229.990800  -0.081414
230.010800  -0.081402
230.030799  -0.081461
230.050798  -0.081461
230.070797  -0.081485
230.090796  -0.081485
230.110796  -0.081521
230.130795  -0.081557
230.150794  -0.081557
230.170793  -0.081616
230.190792  -0.081604
230.210792  -0.081652
230.230791  -0.081616
230.250790  -0.081664
230.270789  -0.081700
230.290788  -0.081735
230.310788  -0.081747
230.330787  -0.081783
230.350786  -0.081795
230.370785  -0.081819
230.390784  -0.081854
230.410784  -0.081878
230.430783  -0.081866
230.450782  -0.081914
230.470781  -0.081938
230.490780  -0.081961
230.510780  -0.081985
230.530779  -0.081985
230.550778  -0.082021
230.570777  -0.082033
230.590776  -0.082068
230.610776  -0.082092
230.630775  -0.082128
230.650774  -0.082116
230.670773  -0.082164
230.690772  -0.082188
230.710772  -0.082211
230.730771  -0.082247
230.750770  -0.082247
230.770769  -0.082259
230.790768  -0.082330
230.810768  -0.082318
230.830767  -0.082318
230.850766  -0.082354
230.870765  -0.082366
230.890764  -0.082378
230.910764  -0.082437
230.930763  -0.082437
230.950762  -0.082461
230.970761  -0.082509
230.990760  -0.082533
231.010760  -0.082545
231.030759  -0.082568
231.050758  -0.082604
231.070757  -0.082628
231.090756  -0.082640
231.110756  -0.082664
231.130755  -0.082676
231.150754  -0.082711
231.170753  -0.082735
231.190752  -0.082747
231.210752  -0.082759
231.230751  -0.082806
231.250750  -0.082854
231.270749  -0.082818
231.290748  -0.082878
231.310748  -0.082866
231.330747  -0.082902
231.350746  -0.082925
231.370745  -0.082973
231.390744  -0.082985
231.410744  -0.082985
231.430743  -0.083021
231.450742  -0.083056
231.470741  -0.083045
231.490740  -0.083080
231.510740  -0.083092
231.530739  -0.083152
231.550738  -0.083164
231.570737  -0.083187
231.590736  -0.083199
231.610736  -0.083211
231.630735  -0.083259
231.650734  -0.083235
231.670733  -0.083283
231.690732  -0.083306
231.710732  -0.083330
231.730731  -0.083342
231.750730  -0.083413
231.770729  -0.083437
231.790728  -0.083449
231.810728  -0.083449
231.830727  -0.083461
231.850726  -0.083509
231.870725  -0.083485
231.890724  -0.083533
231.910724  -0.083544
231.930723  -0.083568
231.950722  -0.083616
231.970721  -0.083640
231.990720  -0.083652
232.010720  -0.083675
232.030719  -0.083699
232.050718  -0.083723
232.070717  -0.083735
232.090716  -0.083759
232.110716  -0.083818
232.130715  -0.083794
232.150714  -0.083830
232.170713  -0.083842
232.190712  -0.083901
232.210712  -0.083937
232.230711  -0.083937
232.250710  -0.083961
232.270709  -0.083985
232.290708  -0.084009
232.310708  -0.084021
232.330707  -0.084021
232.350706  -0.084044
232.370705  -0.084080
232.390704  -0.084104
232.410704  -0.084116
232.430703  -0.084128
232.450702  -0.084187
232.470701  -0.084187
232.490700  -0.084199
232.510700  -0.084223
232.530699  -0.084294
232.550698  -0.084259
232.570697  -0.084318
232.590696  -0.084342
232.610696  -0.084354
232.630695  -0.084378
232.650694  -0.084390
232.670693  -0.084425
232.690692  -0.084425
232.710692  -0.084473
232.730691  -0.084473
232.750690  -0.084520
232.770689  -0.084509
232.790688  -0.084544
232.810688  -0.084580
232.830687  -0.084592
232.850686  -0.084628
232.870685  -0.084639
232.890684  -0.084663
232.910684  -0.084675
232.930683  -0.084699
232.950682  -0.084723
232.970681  -0.084747
232.990680  -0.084758
233.010680  -0.084794
233.030679  -0.084794
233.050678  -0.084842
233.070677  -0.084866
233.090676  -0.084889
233.110676  -0.084901
233.130675  -0.084901
233.150674  -0.084949
233.170673  -0.084997
233.190672  -0.085020
233.210672  -0.085032
233.230671  -0.085044
233.250670  -0.085080
233.270669  -0.085092
233.290668  -0.085139
233.310668  -0.085116
233.330667  -0.085139
233.350666  -0.085139
233.370665  -0.085187
233.390664  -0.085223
233.410664  -0.085235
233.430663  -0.085282
233.450662  -0.085294
233.470661  -0.085294
233.490660  -0.085342
233.510660  -0.085366
233.530659  -0.085377
233.550658  -0.085401
233.570657  -0.085425
233.590656  -0.085437
233.610656  -0.085461
233.630655  -0.085485
233.650654  -0.085520
233.670653  -0.085508
233.690652  -0.085556
233.710652  -0.085568
233.730651  -0.085580
233.750650  -0.085627
233.770649  -0.085615
233.790648  -0.085675
233.810648  -0.085687
233.830647  -0.085735
233.850646  -0.085735
233.870645  -0.085758
233.890644  -0.085770
233.910644  -0.085770
233.930643  -0.085818
233.950642  -0.085842
233.970641  -0.085854
233.990640  -0.085877
234.010640  -0.085913
234.030639  -0.085925
234.050638  -0.085961
234.070637  -0.085973
234.090636  -0.085996
234.110636  -0.086032
234.130635  -0.086020
234.150634  -0.086056
234.170633  -0.086092
234.190632  -0.086103
234.210632  -0.086115
234.230631  -0.086127
234.250630  -0.086151
234.270629  -0.086199
234.290628  -0.086234
234.310628  -0.086211
234.330627  -0.086234
234.350626  -0.086258
234.370625  -0.086306
234.390624  -0.086318
234.410624  -0.086342
234.430623  -0.086377
234.450622  -0.086389
234.470621  -0.086437
234.490620  -0.086437
234.510620  -0.086449
234.530619  -0.086508
234.550618  -0.086532
234.570617  -0.086556
234.590616  -0.086580
234.610616  -0.086568
234.630615  -0.086556
234.650614  -0.086615
234.670613  -0.086651
234.690612  -0.086651
234.710612  -0.086699
234.730611  -0.086711
234.750610  -0.086746
234.770609  -0.086711
234.790608  -0.086782
234.810608  -0.086758
234.830607  -0.086806
234.850606  -0.086830
234.870605  -0.086889
234.890604  -0.086877
234.910604  -0.086889
234.930603  -0.086901
234.950602  -0.086960
234.970601  -0.086984
234.990600  -0.086984
235.010600  -0.086984
235.030599  -0.087044
235.050598  -0.087056
235.070597  -0.087056
235.090596  -0.087103
235.110596  -0.087127
235.130595  -0.087139
235.150594  -0.087163
235.170593  -0.087187
235.190592  -0.087187
235.210592  -0.087234
235.230591  -0.087282
235.250590  -0.087282
235.270589  -0.087282
235.290588  -0.087318
235.310588  -0.087329
235.330587  -0.087377
235.350586  -0.087341
235.370585  -0.087425
235.390584  -0.087425
235.410584  -0.087460
235.430583  -0.087448
235.450582  -0.087484
235.470581  -0.087532
235.490580  -0.087544
235.510580  -0.087556
235.530579  -0.087591
235.550578  -0.087603
235.570577  -0.087639
235.590576  -0.087651
235.610576  -0.087698
235.630575  -0.087687
235.650574  -0.087710
235.670573  -0.087734
235.690572  -0.087770
235.710572  -0.087782
235.730571  -0.087841
235.750570  -0.087817
235.770569  -0.087865
235.790568  -0.087865
235.810568  -0.087901
235.830567  -0.087913
235.850566  -0.087913
235.870565  -0.087972
235.890564  -0.087984
235.910564  -0.087996
235.930563  -0.088032
235.950562  -0.088091
235.970561  -0.088067
235.990560  -0.088103
236.010560  -0.088115
236.030559  -0.088127
236.050558  -0.088163
236.070557  -0.088139
236.090556  -0.088186
236.110556  -0.088222
236.130555  -0.088234
236.150554  -0.088258
236.170553  -0.088282
236.190552  -0.088258
236.210552  -0.088329
236.230551  -0.088353
236.250550  -0.088365
236.270549  -0.088377
236.290548  -0.088424
236.310548  -0.088448
236.330547  -0.088472
236.350546  -0.088508
236.370545  -0.088496
236.390544  -0.088520
236.410544  -0.088508
236.430543  -0.088567
236.450542  -0.088579
236.470541  -0.088591
236.490540  -0.088651
236.510540  -0.088627
236.530539  -0.088674
236.550538  -0.088710
236.570537  -0.088758
236.590536  -0.088758
236.610536  -0.088770
236.630535  -0.088793
236.650534  -0.088817
236.670533  -0.088853
236.690532  -0.088829
236.710532  -0.088865
236.730531  -0.088889
236.750530  -0.088889
236.770529  -0.088913
236.790528  -0.088960
236.810528  -0.088984
236.830527  -0.089020
236.850526  -0.088996
236.870525  -0.089043
236.890524  -0.089043
236.910524  -0.089091
236.930523  -0.089139
236.950522  -0.089139
236.970521  -0.089139
236.990520  -0.089186
237.010520  -0.089186
237.030519  -0.089222
237.050518  -0.089258
237.070517  -0.089246
237.090516  -0.089258
237.110516  -0.089305
237.130515  -0.089317
237.150514  -0.089377
237.170513  -0.089365
237.190512  -0.089365
237.210512  -0.089436
237.230511  -0.089436
237.250510  -0.089448
237.270509  -0.089460
237.290508  -0.089472
237.310508  -0.089508
237.330507  -0.089520
237.350506  -0.089567
237.370505  -0.089579
237.390504  -0.089591
237.410504  -0.089615
237.430503  -0.089662
237.450502  -0.089686
237.470501  -0.089686
237.490500  -0.089710
237.510500  -0.089734
237.530499  -0.089746
237.550498  -0.089769
237.570497  -0.089793
237.590496  -0.089793
237.610496  -0.089853
237.630495  -0.089853
237.650494  -0.089900
237.670493  -0.089900
237.690492  -0.089924
237.710492  -0.089960
237.730491  -0.089960
237.750490  -0.089960
237.770489  -0.089996
237.790488  -0.090019
237.810488  -0.090055
237.830487  -0.090091
237.850486  -0.090103
237.870485  -0.090115
237.890484  -0.090127
237.910484  -0.090174
237.930483  -0.090186
237.950482  -0.090186
237.970481  -0.090246
237.990480  -0.090281
238.010480  -0.090246
238.030479  -0.090317
238.050478  -0.090305
238.070477  -0.090329
238.090476  -0.090388
238.110476  -0.090365
238.130475  -0.090400
238.150474  -0.090424
238.170473  -0.090448
238.190472  -0.090472
238.210472  -0.090460
238.230471  -0.090484
238.250470  -0.090519
238.270469  -0.090555
238.290468  -0.090531
238.310468  -0.090591
238.330467  -0.090615
238.350466  -0.090615
238.370465  -0.090686
238.390464  -0.090686
238.410464  -0.090698
238.430463  -0.090710
238.450462  -0.090734
238.470461  -0.090769
238.490460  -0.090805
238.510460  -0.090793
238.530459  -0.090829
238.550458  -0.090853
238.570457  -0.090865
238.590456  -0.090876
238.610456  -0.090912
238.630455  -0.090924
238.650454  -0.090984
238.670453  -0.090948
238.690452  -0.091031
238.710452  -0.091043
238.730451  -0.091043
238.750450  -0.091079
238.770449  -0.091091
238.790448  -0.091091
238.810448  -0.091114
238.830447  -0.091174
238.850446  -0.091174
238.870445  -0.091198
238.890444  -0.091186
238.910444  -0.091245
238.930443  -0.091234
238.950442  -0.091269
238.970441  -0.091269
238.990440  -0.091317
239.010440  -0.091341
239.030439  -0.091388
239.050438  -0.091400
239.070437  -0.091436
239.090436  -0.091424
239.110436  -0.091460
239.130435  -0.091460
239.150434  -0.091483
239.170433  -0.091483
239.190432  -0.091555
239.210432  -0.091555
239.230431  -0.091579
239.250430  -0.091591
239.270429  -0.091614
239.290428  -0.091626
239.310428  -0.091662
239.330427  -0.091698
239.350426  -0.091710
239.370425  -0.091733
239.390424  -0.091745
239.410424  -0.091793
239.430423  -0.091769
239.450422  -0.091805
239.470421  -0.091817
239.490420  -0.091852
239.510420  -0.091841
239.530419  -0.091864
239.550418  -0.091900
239.570417  -0.091936
239.590416  -0.091948
239.610416  -0.091960
239.630415  -0.092007
239.650414  -0.092031
239.670413  -0.092031
239.690412  -0.092055
239.710412  -0.092079
239.730411  -0.092114
239.750410  -0.092114
239.770409  -0.092162
239.790408  -0.092186
239.810408  -0.092210
239.830407  -0.092198
239.850406  -0.092233
239.870405  -0.092269
239.890404  -0.092269
239.910404  -0.092281
239.930403  -0.092329
239.950402  -0.092376
239.970401  -0.092340
239.990400  -0.092376
240.010400  -0.092412
240.030399  -0.092424
240.050398  -0.092459
240.070397  -0.092471
240.090396  -0.092507
240.110396  -0.092531
240.130395  -0.092531
240.150394  -0.092543
240.170393  -0.092555
240.190392  -0.092579
240.210392  -0.092579
240.230391  -0.092638
240.250390  -0.092662
240.270389  -0.092662
240.290388  -0.092686
240.310388  -0.092698
240.330387  -0.092757
240.350386  -0.092733
240.370385  -0.092781
240.390384  -0.092781
240.410384  -0.092817
240.430383  -0.092840
240.450382  -0.092852
240.470381  -0.092864
240.490380  -0.092912
240.510380  -0.092947
240.530379  -0.092959
240.550378  -0.092959
240.570377  -0.093019
240.590376  -0.093019
240.610376  -0.093019
240.630375  -0.093031
240.650374  -0.093090
240.670373  -0.093102
240.690372  -0.093114
240.710372  -0.093150
240.730371  -0.093174
240.750370  -0.093162
240.770369  -0.093209
240.790368  -0.093221
240.810368  -0.093233
240.830367  -0.093257
240.850366  -0.093281
240.870365  -0.093316
240.890364  -0.093316
240.910364  -0.093364
240.930363  -0.093376
240.950362  -0.093376
240.970361  -0.093424
240.990360  -0.093447
241.010360  -0.093447
241.030359  -0.093459
241.050358  -0.093483
241.070357  -0.093519
241.090356  -0.093566
241.110356  -0.093566
241.130355  -0.093555
241.150354  -0.093638
241.170353  -0.093626
241.190352  -0.093662
241.210352  -0.093662
241.230351  -0.093674
241.250350  -0.093674
241.270349  -0.093721
241.290348  -0.093745
241.310348  -0.093793
241.330347  -0.093793
241.350346  -0.093804
241.370345  -0.093840
241.390344  -0.093852
241.410344  -0.093852
241.430343  -0.093900
241.450342  -0.093912
241.470341  -0.093924
241.490340  -0.093959
241.510340  -0.093995
241.530339  -0.094031
241.550338  -0.094031
241.570337  -0.094054
241.590336  -0.094054
241.610336  -0.094066
241.630335  -0.094102
241.650334  -0.094114
241.670333  -0.094173
241.690332  -0.094173
241.710332  -0.094197
241.730331  -0.094221
241.750330  -0.094233
241.770329  -0.094257
241.790328  -0.094281
241.810328  -0.094292
241.830327  -0.094304
241.850326  -0.094340
241.870325  -0.094364
241.890324  -0.094376
241.910324  -0.094400
241.930323  -0.094412
241.950322  -0.094471
241.970321  -0.094471
241.990320  -0.094471
242.010320  -0.094495
242.030319  -0.094519
242.050318  -0.094519
242.070317  -0.094554
242.090316  -0.094590
242.110316  -0.094578
242.130315  -0.094626
242.150314  -0.094661
242.170313  -0.094685
242.190312  -0.094709
242.210312  -0.094721
242.230311  -0.094721
242.250310  -0.094757
242.270309  -0.094780
242.290308  -0.094792
242.310308  -0.094816
242.330307  -0.094852
242.350306  -0.094876
242.370305  -0.094900
242.390304  -0.094888
242.410304  -0.094888
242.430303  -0.094935
242.450302  -0.094947
242.470301  -0.094983
242.490300  -0.095042
242.510300  -0.095030
242.530299  -0.095042
242.550298  -0.095054
242.570297  -0.095114
242.590296  -0.095090
242.610296  -0.095138
242.630295  -0.095173
242.650294  -0.095185
242.670293  -0.095161
242.690292  -0.095209
242.710292  -0.095233
242.730291  -0.095316
242.750290  -0.095292
242.770289  -0.095316
242.790288  -0.095304
242.810288  -0.095340
242.830287  -0.095364
242.850286  -0.095364
242.870285  -0.095411
242.890284  -0.095411
242.910284  -0.095411
242.930283  -0.095459
242.950282  -0.095471
242.970281  -0.095530
242.990280  -0.095554
243.010280  -0.095542
243.030279  -0.095566
243.050278  -0.095578
243.070277  -0.095614
243.090276  -0.095590
243.110276  -0.095649
243.130275  -0.095649
243.150274  -0.095673
243.170273  -0.095709
243.190272  -0.095721
243.210272  -0.095757
243.230271  -0.095792
243.250270  -0.095780
243.270269  -0.095816
243.290268  -0.095840
243.310268  -0.095852
243.330267  -0.095840
243.350266  -0.095887
243.370265  -0.095923
243.390264  -0.095959
243.410264  -0.095971
243.430263  -0.095995
243.450262  -0.095995
243.470261  -0.095995
243.490260  -0.096030
243.510260  -0.096054
243.530259  -0.096066
243.550258  -0.096102
243.570257  -0.096125
243.590256  -0.096125
243.610256  -0.096161
243.630255  -0.096185
243.650254  -0.096185
243.670253  -0.096221
243.690252  -0.096245
243.710252  -0.096256
243.730251  -0.096304
243.750250  -0.096292
243.770249  -0.096316
243.790248  -0.096340
243.810248  -0.096387
243.830247  -0.096375
243.850246  -0.096399
243.870245  -0.096435
243.890244  -0.096459
243.910244  -0.096483
243.930243  -0.096483
243.950242  -0.096518
243.970241  -0.096494
243.990240  -0.096530
244.010240  -0.096530
244.030239  -0.096602
244.050238  -0.096614
244.070237  -0.096625
244.090236  -0.096637
244.110236  -0.096661
244.130235  -0.096673
244.150234  -0.096697
244.170233  -0.096697
244.190232  -0.096768
244.210232  -0.096756
244.230231  -0.096840
244.250230  -0.096804
244.270229  -0.096840
244.290228  -0.096852
244.310228  -0.096863
244.330227  -0.096875
244.350226  -0.096911
244.370225  -0.096923
244.390224  -0.096982
244.410224  -0.096982
244.430223  -0.097042
244.450222  -0.097030
244.470221  -0.097018
244.490220  -0.097054
244.510220  -0.097066
244.530219  -0.097090
244.550218  -0.097113
244.570217  -0.097137
244.590216  -0.097149
244.610216  -0.097173
244.630215  -0.097221
244.650214  -0.097221
244.670213  -0.097256
244.690212  -0.097268
244.710212  -0.097256
244.730211  -0.097304
244.750210  -0.097304
244.770209  -0.097328
244.790208  -0.097363
244.810208  -0.097411
244.830207  -0.097399
244.850206  -0.097399
244.870205  -0.097459
244.890204  -0.097459
244.910204  -0.097506
244.930203  -0.097518
244.950202  -0.097506
244.970201  -0.097542
244.990200  -0.097566
245.010200  -0.097590
245.030199  -0.097590
245.050198  -0.097625
245.070197  -0.097661
245.090196  -0.097661
245.110196  -0.097709
245.130195  -0.097697
245.150194  -0.097697
245.170193  -0.097744
245.190192  -0.097780
245.210192  -0.097768
245.230191  -0.097828
245.250190  -0.097816
245.270189  -0.097875
245.290188  -0.097851
245.310188  -0.097899
245.330187  -0.097911
245.350186  -0.097923
245.370185  -0.097947
245.390184  -0.097958
245.410184  -0.097970
245.430183  -0.098006
245.450182  -0.098018
245.470181  -0.098030
245.490180  -0.098078
245.510180  -0.098101
245.530179  -0.098101
245.550178  -0.098113
245.570177  -0.098113
245.590176  -0.098149
245.610176  -0.098197
245.630175  -0.098197
245.650174  -0.098232
245.670173  -0.098244
245.690172  -0.098268
245.710172  -0.098268
245.730171  -0.098316
245.750170  -0.098304
245.770169  -0.098327
245.790168  -0.098363
245.810168  -0.098387
245.830167  -0.098387
245.850166  -0.098387
245.870165  -0.098458
245.890164  -0.098458
245.910164  -0.098482
245.930163  -0.098482
245.950162  -0.098518
245.970161  -0.098542
245.990160  -0.098566
246.010160  -0.098554
246.030159  -0.098613
246.050158  -0.098625
246.070157  -0.098637
246.090156  -0.098661
246.110156  -0.098685
246.130155  -0.098685
246.150154  -0.098732
246.170153  -0.098732
246.190152  -0.098780
246.210152  -0.098756
246.230151  -0.098780
246.250150  -0.098804
246.270149  -0.098863
246.290148  -0.098863
246.310148  -0.098911
246.330147  -0.098887
246.350146  -0.098946
246.370145  -0.098970
246.390144  -0.098946
246.410144  -0.098970
246.430143  -0.099006
246.450142  -0.099018
246.470141  -0.099089
246.490140  -0.099065
246.510140  -0.099065
246.530139  -0.099125
246.550138  -0.099113
246.570137  -0.099149
246.590136  -0.099149
246.610136  -0.099184
246.630135  -0.099196
246.650134  -0.099208
246.670133  -0.099232
246.690132  -0.099268
246.710132  -0.099280
246.730131  -0.099315
246.750130  -0.099327
246.770129  -0.099339
246.790128  -0.099351
246.810128  -0.099375
246.830127  -0.099375
246.850126  -0.099399
246.870125  -0.099423
246.890124  -0.099470
246.910124  -0.099470
246.930123  -0.099506
246.950122  -0.099518
246.970121  -0.099542
246.990120  -0.099553
247.010120  -0.099601
247.030119  -0.099589
247.050118  -0.099601
247.070117  -0.099649
247.090116  -0.099649
247.110116  -0.099661
247.130115  -0.099684
247.150114  -0.099744
247.170113  -0.099756
247.190112  -0.099780
247.210112  -0.099768
247.230111  -0.099780
247.250110  -0.099768
247.270109  -0.099851
247.290108  -0.099839
247.310108  -0.099839
247.330107  -0.099899
247.350106  -0.099946
247.370105  -0.099958
247.390104  -0.099958
247.410104  -0.099970
247.430103  -0.099982
247.450102  -0.100006
247.470101  -0.100041
247.490100  -0.100018
247.510100  -0.100053
247.530099  -0.100113
247.550098  -0.100101
247.570097  -0.100125
247.590096  -0.100149
247.610096  -0.100149
247.630095  -0.100172
247.650094  -0.100232
247.670093  -0.100232
247.690092  -0.100256
247.710092  -0.100280
247.730091  -0.100280
247.750090  -0.100291
247.770089  -0.100315
247.790088  -0.100339
247.810088  -0.100363
247.830087  -0.100375
247.850086  -0.100410
247.870085  -0.100410
247.890084  -0.100434
247.910084  -0.100410
247.930083  -0.100506
247.950082  -0.100518
247.970081  -0.100529
247.990080  -0.100529
248.010080  -0.100589
248.030079  -0.100589
248.050078  -0.100625
248.070077  -0.100648
248.090076  -0.100648
248.110076  -0.100648
248.130075  -0.100684
248.150074  -0.100672
248.170073  -0.100732
248.190072  -0.100756
248.210072  -0.100779
248.230071  -0.100791
248.250070  -0.100791
248.270069  -0.100791
248.290068  -0.100827
248.310068  -0.100863
248.330067  -0.100863
248.350066  -0.100875
248.370065  -0.100910
248.390064  -0.100970
248.410064  -0.100982
248.430063  -0.100982
248.450062  -0.101006
248.470061  -0.101041
248.490060  -0.101041
248.510060  -0.101065
248.530059  -0.101065
248.550058  -0.101101
248.570057  -0.101125
248.590056  -0.101160
248.610056  -0.101148
248.630055  -0.101172
248.650054  -0.101196
248.670053  -0.101208
248.690052  -0.101267
248.710052  -0.101256
248.730051  -0.101303
248.750050  -0.101291
248.770049  -0.101339
248.790048  -0.101327
248.810048  -0.101375
248.830047  -0.101398
248.850046  -0.101398
248.870045  -0.101410
248.890044  -0.101458
248.910044  -0.101470
248.930043  -0.101482
248.950042  -0.101482
248.970041  -0.101517
248.990040  -0.101553
249.010040  -0.101553
249.030039  -0.101577
249.050038  -0.101601
249.070037  -0.101613
249.090036  -0.101648
249.110036  -0.101648
249.130035  -0.101672
249.150034  -0.101684
249.170033  -0.101708
249.190032  -0.101696
249.210032  -0.101744
249.230031  -0.101779
249.250030  -0.101803
249.270029  -0.101803
249.290028  -0.101827
249.310028  -0.101839
249.330027  -0.101839
249.350026  -0.101874
249.370025  -0.101898
249.390024  -0.101934
249.410024  -0.101946
249.430023  -0.102005
249.450022  -0.102005
249.470021  -0.102017
249.490020  -0.102053
249.510020  -0.102077
249.530019  -0.102053
249.550018  -0.102101
249.570017  -0.102077
249.590016  -0.102113
249.610016  -0.102148
249.630015  -0.102172
249.650014  -0.102196
249.670013  -0.102196
249.690012  -0.102208
249.710012  -0.102243
249.730011  -0.102255
249.750010  -0.102255
249.770009  -0.102279
249.790008  -0.102315
249.810008  -0.102339
249.830007  -0.102351
249.850006  -0.102386
249.870005  -0.102398
249.890004  -0.102410
249.910004  -0.102458
249.930003  -0.102470
249.950002  -0.102470
249.970001  -0.102493
249.990000  -0.102529
250.010000  -0.102553
250.029999  -0.102517
250.049998  -0.102577
250.069997  -0.102577
250.089996  -0.102636
250.109996  -0.102624
250.129995  -0.102672
250.149994  -0.102684
250.169993  -0.102696
250.189992  -0.102708
250.209992  -0.102743
250.229991  -0.102755
250.249990  -0.102755
250.269989  -0.102803
250.289988  -0.102815
250.309988  -0.102827
250.329987  -0.102839
250.349986  -0.102874
250.369985  -0.102862
250.389984  -0.102898
250.409984  -0.102898
250.429983  -0.102934
250.449982  -0.102958
250.469981  -0.103005
250.489980  -0.102993
250.509980  -0.103065
250.529979  -0.103053
250.549978  -0.103053
250.569977  -0.103065
250.589976  -0.103089
250.609976  -0.103089
250.629975  -0.103148
250.649974  -0.103184
250.669973  -0.103208
250.689972  -0.103184
250.709972  -0.103243
250.729971  -0.103219
250.749970  -0.103243
250.769969  -0.103279
250.789968  -0.103291
250.809968  -0.103327
250.829967  -0.103338
250.849966  -0.103338
250.869965  -0.103362
250.889964  -0.103410
250.909964  -0.103434
250.929963  -0.103446
250.949962  -0.103422
250.969961  -0.103458
250.989960  -0.103505
251.009960  -0.103517
251.029959  -0.103493
251.049958  -0.103565
251.069957  -0.103565
251.089956  -0.103577
251.109956  -0.103600
251.129955  -0.103636
251.149954  -0.103636
251.169953  -0.103672
251.189952  -0.103672
251.209952  -0.103696
251.229951  -0.103707
251.249950  -0.103719
251.269949  -0.103743
251.289948  -0.103767
251.309948  -0.103803
251.329947  -0.103803
251.349946  -0.103826
251.369945  -0.103850
251.389944  -0.103898
251.409944  -0.103886
251.429943  -0.103898
251.449942  -0.103934
251.469941  -0.103946
251.489940  -0.103946
251.509940  -0.104005
251.529939  -0.103993
251.549938  -0.104041
251.569937  -0.104053
251.589936  -0.104029
251.609936  -0.104076
251.629935  -0.104100
251.649934  -0.104100
251.669933  -0.104124
251.689932  -0.104172
251.709932  -0.104184
251.729931  -0.104219
251.749930  -0.104231
251.769929  -0.104231
251.789928  -0.104255
251.809928  -0.104255
251.829927  -0.104291
251.849926  -0.104314
251.869925  -0.104338
251.889924  -0.104350
251.909924  -0.104374
251.929923  -0.104410
251.949922  -0.104422
251.969921  -0.104469
251.989920  -0.104457
252.009920  -0.104469
252.029919  -0.104505
252.049918  -0.104529
252.069917  -0.104505
252.089916  -0.104564
252.109916  -0.104564
252.129915  -0.104600
252.149914  -0.104588
252.169913  -0.104648
252.189912  -0.104636
252.209912  -0.104672
252.229911  -0.104683
252.249910  -0.104695
252.269909  -0.104707
252.289908  -0.104719
252.309908  -0.104719
252.329907  -0.104779
252.349906  -0.104814
252.369905  -0.104814
252.389904  -0.104826
252.409904  -0.104850
252.429903  -0.104874
252.449902  -0.104898
252.469901  -0.104898
252.489900  -0.104933
252.509900  -0.104945
252.529899  -0.104969
252.549898  -0.105017
252.569897  -0.105005
252.589896  -0.105064
252.609896  -0.105041
252.629895  -0.105064
252.649894  -0.105041
252.669893  -0.105148
252.689892  -0.105100
252.709892  -0.105160
252.729891  -0.105171
252.749890  -0.105183
252.769889  -0.105219
252.789888  -0.105207
252.809888  -0.105255
252.829887  -0.105255
252.849886  -0.105291
252.869885  -0.105291
252.889884  -0.105326
252.909884  -0.105326
252.929883  -0.105350
252.949882  -0.105386
252.969881  -0.105433
252.989880  -0.105421
253.009880  -0.105457
253.029879  -0.105445
253.049878  -0.105469
253.069877  -0.105445
253.089876  -0.105517
253.109876  -0.105529
253.129875  -0.105552
253.149874  -0.105564
253.169873  -0.105576
253.189872  -0.105600
253.209872  -0.105624
253.229871  -0.105636
253.249870  -0.105636
253.269869  -0.105707
253.289868  -0.105683
253.309868  -0.105707
253.329867  -0.105731
253.349866  -0.105767
253.369865  -0.105779
253.389864  -0.105814
253.409864  -0.105814
253.429863  -0.105826
253.449862  -0.105850
253.469861  -0.105874
253.489860  -0.105898
253.509860  -0.105909
253.529859  -0.105909
253.549858  -0.105933
253.569857  -0.105969
253.589856  -0.105981
253.609856  -0.105993
253.629855  -0.106040
253.649854  -0.106052
253.669853  -0.106076
253.689852  -0.106100
253.709852  -0.106100
253.729851  -0.106100
253.749850  -0.106136
253.769849  -0.106183
253.789848  -0.106171
253.809848  -0.106171
253.829847  -0.106231
253.849846  -0.106243
253.869845  -0.106255
253.889844  -0.106278
253.909844  -0.106278
253.929843  -0.106302
253.949842  -0.106302
253.969841  -0.106386
253.989840  -0.106397
254.009840  -0.106397
254.029839  -0.106409
254.049838  -0.106409
254.069837  -0.106433
254.089836  -0.106445
254.109836  -0.106481
254.129835  -0.106493
254.149834  -0.106516
254.169833  -0.106552
254.189832  -0.106564
254.209832  -0.106600
254.229831  -0.106600
254.249830  -0.106612
254.269829  -0.106636
254.289828  -0.106659
254.309828  -0.106695
254.329827  -0.106683
254.349826  -0.106719
254.369825  -0.106755
254.389824  -0.106743
254.409824  -0.106778
254.429823  -0.106814
254.449822  -0.106826
254.469821  -0.106838
254.489820  -0.106862
254.509820  -0.106862
254.529819  -0.106850
254.549818  -0.106921
254.569817  -0.106897
254.589816  -0.106933
254.609816  -0.106957
254.629815  -0.106981
254.649814  -0.107016
254.669813  -0.107028
254.689812  -0.107016
254.709812  -0.107040
254.729811  -0.107100
254.749810  -0.107064
254.769809  -0.107088
254.789808  -0.107100
254.809808  -0.107183
254.829807  -0.107183
254.849806  -0.107195
254.869805  -0.107183
254.889804  -0.107219
254.909804  -0.107219
254.929803  -0.107266
254.949802  -0.107278
254.969801  -0.107314
254.989800  -0.107302
255.009800  -0.107350
255.029799  -0.107338
255.049798  -0.107397
255.069797  -0.107385
255.089796  -0.107397
255.109796  -0.107433
255.129795  -0.107433
255.149794  -0.107469
255.169793  -0.107492
255.189792  -0.107504
255.209792  -0.107540
255.229791  -0.107564
255.249790  -0.107576
255.269789  -0.107600
255.289788  -0.107576
255.309788  -0.107623
255.329787  -0.107635
255.349786  -0.107635
255.369785  -0.107671
255.389784  -0.107695
255.409784  -0.107719
255.429783  -0.107719
255.449782  -0.107766
255.469781  -0.107778
255.489780  -0.107778
255.509780  -0.107790
255.529779  -0.107814
255.549778  -0.107850
255.569777  -0.107838
255.589776  -0.107861
255.609776  -0.107873
255.629775  -0.107909
255.649774  -0.107921
255.669773  -0.107969
255.689772  -0.107980
255.709772  -0.108004
255.729771  -0.108004
255.749770  -0.108040
255.769769  -0.108028
255.789768  -0.108064
255.809768  -0.108088
255.829767  -0.108111
255.849766  -0.108159
255.869765  -0.108135
255.889764  -0.108183
255.909764  -0.108195
255.929763  -0.108230
255.949762  -0.108219
255.969761  -0.108242
255.989760  -0.108254
256.009760  -0.108278
256.029759  -0.108314
256.049758  -0.108338
256.069757  -0.108326
256.089756  -0.108361
256.109756  -0.108361
256.129755  -0.108397
256.149754  -0.108433
256.169753  -0.108421
256.189752  -0.108433
256.209752  -0.108445
256.229751  -0.108480
256.249750  -0.108516
256.269749  -0.108516
256.289748  -0.108564
256.309748  -0.108576
256.329747  -0.108611
256.349746  -0.108588
256.369745  -0.108647
256.389744  -0.108635
256.409744  -0.108659
256.429743  -0.108671
256.449742  -0.108683
256.469741  -0.108695
256.489740  -0.108695
256.509740  -0.108742
256.529739  -0.108766
256.549738  -0.108766
256.569737  -0.108790
256.589736  -0.108802
256.609736  -0.108837
256.629735  -0.108861
256.649734  -0.108873
256.669733  -0.108897
256.689732  -0.108909
256.709732  -0.108945
256.729731  -0.108980
256.749730  -0.108968
256.769729  -0.108980
256.789728  -0.109016
256.809728  -0.109040
256.829727  -0.109052
256.849726  -0.109052
256.869725  -0.109099
256.889724  -0.109123
256.909724  -0.109111
256.929723  -0.109171
256.949722  -0.109159
256.969721  -0.109183
256.989720  -0.109183
257.009720  -0.109206
257.029719  -0.109218
257.049718  -0.109254
257.069717  -0.109266
257.089716  -0.109302
257.109716  -0.109337
257.129715  -0.109349
257.149714  -0.109361
257.169713  -0.109361
257.189712  -0.109373
257.209712  -0.109385
257.229711  -0.109409
257.249710  -0.109445
257.269709  -0.109445
257.289708  -0.109480
257.309708  -0.109492
257.329707  -0.109528
257.349706  -0.109540
257.369705  -0.109564
257.389704  -0.109564
257.409704  -0.109575
257.429703  -0.109587
257.449702  -0.109623
257.469701  -0.109623
257.489700  -0.109659
257.509700  -0.109683
257.529699  -0.109718
257.549698  -0.109730
257.569697  -0.109706
257.589696  -0.109742
257.609696  -0.109766
257.629695  -0.109766
257.649694  -0.109766
257.669693  -0.109802
257.689692  -0.109814
257.709692  -0.109861
257.729691  -0.109849
257.749690  -0.109885
257.769689  -0.109909
257.789688  -0.109956
257.809688  -0.109956
257.829687  -0.109980
257.849686  -0.109992
257.869685  -0.110004
257.889684  -0.110028
257.909684  -0.110040
257.929683  -0.110087
257.949682  -0.110099
257.969681  -0.110111
257.989680  -0.110111
258.009680  -0.110135
258.029679  -0.110135
258.049678  -0.110159
258.069677  -0.110171
258.089676  -0.110206
258.109676  -0.110218
258.129675  -0.110254
258.149674  -0.110254
258.169673  -0.110302
258.189672  -0.110290
258.209672  -0.110313
258.229671  -0.110349
258.249670  -0.110361
258.269669  -0.110385
258.289668  -0.110397
258.309668  -0.110409
258.329667  -0.110444
258.349666  -0.110468
258.369665  -0.110444
258.389664  -0.110492
258.409664  -0.110504
258.429663  -0.110516
258.449662  -0.110528
258.469661  -0.110540
258.489660  -0.110540
258.509660  -0.110599
258.529659  -0.110587
258.549658  -0.110587
258.569657  -0.110623
258.589656  -0.110670
258.609656  -0.110682
258.629655  -0.110718
258.649654  -0.110694
258.669653  -0.110718
258.689652  -0.110718
258.709652  -0.110778
258.729651  -0.110778
258.749650  -0.110813
258.769649  -0.110837
258.789648  -0.110861
258.809648  -0.110873
258.829647  -0.110932
258.849646  -0.110897
258.869645  -0.110909
258.889644  -0.110932
258.909644  -0.110968
258.929643  -0.110980
258.949642  -0.111004
258.969641  -0.111016
258.989640  -0.111051
259.009640  -0.111051
259.029639  -0.111063
259.049638  -0.111087
259.069637  -0.111087
259.089636  -0.111111
259.109636  -0.111111
259.129635  -0.111170
259.149634  -0.111194
259.169633  -0.111194
259.189632  -0.111194
259.209632  -0.111218
259.229631  -0.111254
259.249630  -0.111289
259.269629  -0.111289
259.289628  -0.111325
259.309628  -0.111301
259.329627  -0.111349
259.349626  -0.111325
259.369625  -0.111361
259.389624  -0.111397
259.409624  -0.111444
259.429623  -0.111444
259.449622  -0.111480
259.469621  -0.111480
259.489620  -0.111516
259.509620  -0.111504
259.529619  -0.111492
259.549618  -0.111516
259.569617  -0.111539
259.589616  -0.111563
259.609616  -0.111635
259.629615  -0.111647
259.649614  -0.111635
259.669613  -0.111658
259.689612  -0.111658
259.709612  -0.111682
259.729611  -0.111694
259.749610  -0.111742
259.769609  -0.111742
259.789608  -0.111777
259.809608  -0.111801
259.829607  -0.111837
259.849606  -0.111801
259.869605  -0.111861
259.889604  -0.111849
259.909604  -0.111861
259.929603  -0.111896
259.949602  -0.111885
259.969601  -0.111920
259.989600  -0.111968
260.009600  -0.111956
260.029599  -0.111992
260.049598  -0.112004
260.069597  -0.112004
260.089596  -0.112004
260.109596  -0.112063
260.129595  -0.112051
260.149594  -0.112075
260.169593  -0.112099
260.189592  -0.112111
260.209592  -0.112146
260.229591  -0.112158
260.249590  -0.112194
260.269589  -0.112182
260.289588  -0.112218
260.309588  -0.112218
260.329587  -0.112242
260.349586  -0.112265
260.369585  -0.112289
260.389584  -0.112289
260.409584  -0.112349
260.429583  -0.112325
260.449582  -0.112349
260.469581  -0.112373
260.489580  -0.112432
260.509580  -0.112408
260.529579  -0.112444
260.549578  -0.112456
260.569577  -0.112492
260.589576  -0.112480
260.609576  -0.112503
260.629575  -0.112492
260.649574  -0.112551
260.669573  -0.112551
260.689572  -0.112587
260.709572  -0.112587
260.729571  -0.112623
260.749570  -0.112611
260.769569  -0.112611
260.789568  -0.112646
260.809568  -0.112670
260.829567  -0.112694
260.849566  -0.112718
260.869565  -0.112718
260.889564  -0.112730
260.909564  -0.112777
260.929563  -0.112789
260.949562  -0.112813
260.969561  -0.112837
260.989560  -0.112872
261.009560  -0.112849
261.029559  -0.112884
261.049558  -0.112884
261.069557  -0.112908
261.089556  -0.112968
261.109556  -0.112956
261.129555  -0.112968
261.149554  -0.112956
261.169553  -0.112992
261.189552  -0.113003
261.209552  -0.113027
261.229551  -0.113051
261.249550  -0.113039
261.269549  -0.113087
261.289548  -0.113099
261.309548  -0.113134
261.329547  -0.113134
261.349546  -0.113146
261.369545  -0.113170
261.389544  -0.113206
261.409544  -0.113218
261.429543  -0.113230
261.449542  -0.113253
261.469541  -0.113241
261.489540  -0.113301
261.509540  -0.113301
261.529539  -0.113349
261.549538  -0.113349
261.569537  -0.113372
261.589536  -0.113360
261.609536  -0.113384
261.629535  -0.113408
261.649534  -0.113408
261.669533  -0.113432
261.689532  -0.113456
261.709532  -0.113491
261.729531  -0.113491
261.749530  -0.113515
261.769529  -0.113527
261.789528  -0.113527
261.809528  -0.113527
261.829527  -0.113599
261.849526  -0.113587
261.869525  -0.113599
261.889524  -0.113622
261.909524  -0.113670
261.929523  -0.113670
261.949522  -0.113706
261.969521  -0.113718
261.989520  -0.113753
262.009520  -0.113741
262.029519  -0.113753
262.049518  -0.113753
262.069517  -0.113825
262.089516  -0.113789
262.109516  -0.113848
262.129515  -0.113860
262.149514  -0.113848
262.169513  -0.113884
262.189512  -0.113896
262.209512  -0.113920
262.229511  -0.113944
262.249510  -0.113956
262.269509  -0.113944
262.289508  -0.113991
262.309508  -0.114015
262.329507  -0.114027
262.349506  -0.114051
262.369505  -0.114075
262.389504  -0.114098
262.409504  -0.114110
262.429503  -0.114110
262.449502  -0.114134
262.469501  -0.114134
262.489500  -0.114194
262.509500  -0.114170
262.529499  -0.114182
262.549498  -0.114194
262.569497  -0.114253
262.589496  -0.114241
262.609496  -0.114301
262.629495  -0.114289
262.649494  -0.114301
262.669493  -0.114325
262.689492  -0.114336
262.709492  -0.114325
262.729491  -0.114384
262.749490  -0.114408
262.769489  -0.114396
262.789488  -0.114420
262.809488  -0.114444
262.829487  -0.114479
262.849486  -0.114467
262.869485  -0.114491
262.889484  -0.114515
262.909484  -0.114551
262.929483  -0.114551
262.949482  -0.114551
262.969481  -0.114575
262.989480  -0.114610
263.009480  -0.114622
263.029479  -0.114634
263.049478  -0.114682
263.069477  -0.114682
263.089476  -0.114694
263.109476  -0.114705
263.129475  -0.114741
263.149474  -0.114729
263.169473  -0.114801
263.189472  -0.114777
263.209472  -0.114813
263.229471  -0.114813
263.249470  -0.114836
263.269469  -0.114825
263.289468  -0.114872
263.309468  -0.114872
263.329467  -0.114920
263.349466  -0.114920
263.369465  -0.114944
263.389464  -0.114955
263.409464  -0.115003
263.429463  -0.115003
263.449462  -0.115015
263.469461  -0.115003
263.489460  -0.115051
263.509460  -0.115039
263.529459  -0.115086
263.549458  -0.115086
263.569457  -0.115134
263.589456  -0.115134
263.609456  -0.115170
263.629455  -0.115170
263.649454  -0.115205
263.669453  -0.115193
263.689452  -0.115182
263.709452  -0.115229
263.729451  -0.115265
263.749450  -0.115253
263.769449  -0.115301
263.789448  -0.115313
263.809448  -0.115324
263.829447  -0.115336
263.849446  -0.115360
263.869445  -0.115336
263.889444  -0.115336
263.909444  -0.115384
263.929443  -0.115455
263.949442  -0.115467
263.969441  -0.115467
263.989440  -0.115479
264.009440  -0.115491
264.029439  -0.115527
264.049438  -0.115539
264.069437  -0.115539
264.089436  -0.115551
264.109436  -0.115586
264.129435  -0.115562
264.149434  -0.115622
264.169433  -0.115634
264.189432  -0.115634
264.209432  -0.115622
264.229431  -0.115646
264.249430  -0.115729
264.269429  -0.115717
264.289428  -0.115717
264.309428  -0.115753
264.329427  -0.115777
264.349426  -0.115789
264.369425  -0.115789
264.389424  -0.115824
264.409424  -0.115824
264.429423  -0.115848
264.449422  -0.115848
264.469421  -0.115884
264.489420  -0.115896
264.509420  -0.115908
264.529419  -0.115943
264.549418  -0.115943
264.569417  -0.115955
264.589416  -0.115967
264.609416  -0.115979
264.629415  -0.116027
264.649414  -0.116062
264.669413  -0.116027
264.689412  -0.116074
264.709412  -0.116098
264.729411  -0.116098
264.749410  -0.116122
264.769409  -0.116134
264.789408  -0.116169
264.809408  -0.116158
264.829407  -0.116193
264.849406  -0.116205
264.869405  -0.116241
264.889404  -0.116241
264.909404  -0.116265
264.929403  -0.116253
264.949402  -0.116277
264.969401  -0.116312
264.989400  -0.116300
265.009400  -0.116312
265.029399  -0.116384
265.049398  -0.116372
265.069397  -0.116419
265.089396  -0.116431
265.109396  -0.116431
265.129395  -0.116455
265.149394  -0.116443
265.169393  -0.116479
265.189392  -0.116503
265.209392  -0.116503
265.229391  -0.116503
265.249390  -0.116550
265.269389  -0.116562
265.289388  -0.116598
265.309388  -0.116586
265.329387  -0.116622
265.349386  -0.116646
265.369385  -0.116634
265.389384  -0.116658
265.409384  -0.116693
265.429383  -0.116705
265.449382  -0.116729
265.469381  -0.116753
265.489380  -0.116753
265.509380  -0.116800
265.529379  -0.116812
265.549378  -0.116812
265.569377  -0.116812
265.589376  -0.116836
265.609376  -0.116848
265.629375  -0.116872
265.649374  -0.116896
265.669373  -0.116907
265.689372  -0.116943
265.709372  -0.116919
265.729371  -0.116955
265.749370  -0.116979
265.769369  -0.117003
265.789368  -0.117003
265.809368  -0.117026
265.829367  -0.117003
265.849366  -0.117086
265.869365  -0.117086
265.889364  -0.117086
265.909364  -0.117134
265.929363  -0.117134
265.949362  -0.117157
265.969361  -0.117146
265.989360  -0.117181
266.009360  -0.117205
266.029359  -0.117193
266.049358  -0.117229
266.069357  -0.117276
266.089356  -0.117288
266.109356  -0.117300
266.129355  -0.117300
266.149354  -0.117312
266.169353  -0.117312
266.189352  -0.117360
266.209352  -0.117324
266.229351  -0.117419
266.249350  -0.117407
266.269349  -0.117431
266.289348  -0.117407
266.309348  -0.117443
266.329347  -0.117455
266.349346  -0.117491
266.369345  -0.117514
266.389344  -0.117514
266.409344  -0.117514
266.429343  -0.117574
266.449342  -0.117574
266.469341  -0.117586
266.489340  -0.117610
266.509340  -0.117610
266.529339  -0.117657
266.549338  -0.117669
266.569337  -0.117681
266.589336  -0.117693
266.609336  -0.117729
266.629335  -0.117705
266.649334  -0.117741
266.669333  -0.117729
266.689332  -0.117741
266.709332  -0.117788
266.729331  -0.117812
266.749330  -0.117872
266.769329  -0.117872
266.789328  -0.117860
266.809328  -0.117860
266.829327  -0.117895
266.849326  -0.117907
266.869325  -0.117907
266.889324  -0.117955
266.909324  -0.117967
266.929323  -0.117979
266.949322  -0.117991
266.969321  -0.118014
266.989320  -0.118002
267.009320  -0.118026
267.029319  -0.118038
267.049318  -0.118098
267.069317  -0.118098
267.089316  -0.118110
267.109316  -0.118122
267.129315  -0.118133
267.149314  -0.118193
267.169313  -0.118193
267.189312  -0.118205
267.209312  -0.118229
267.229311  -0.118217
267.249310  -0.118252
267.269309  -0.118300
267.289308  -0.118241
267.309308  -0.118312
267.329307  -0.118288
267.349306  -0.118324
267.369305  -0.118383
267.389304  -0.118395
267.409304  -0.118395
267.429303  -0.118419
267.449302  -0.118431
267.469301  -0.118407
267.489300  -0.118455
267.509300  -0.118479
267.529299  -0.118467
267.549298  -0.118514
267.569297  -0.118526
267.589296  -0.118550
267.609296  -0.118526
267.629295  -0.118562
267.649294  -0.118586
267.669293  -0.118598
267.689292  -0.118610
267.709292  -0.118621
267.729291  -0.118657
267.749290  -0.118669
267.769289  -0.118693
267.789288  -0.118705
267.809288  -0.118752
267.829287  -0.118729
267.849286  -0.118776
267.869285  -0.118788
267.889284  -0.118776
267.909284  -0.118776
267.929283  -0.118788
267.949282  -0.118859
267.969281  -0.118848
267.989280  -0.118883
268.009280  -0.118895
268.029279  -0.118883
268.049278  -0.118919
268.069277  -0.118943
268.089276  -0.118955
268.109276  -0.118979
268.129275  -0.118990
268.149274  -0.119038
268.169273  -0.119002
268.189272  -0.119050
268.209272  -0.119062
268.229271  -0.119074
268.249270  -0.119086
268.269269  -0.119133
268.289268  -0.119145
268.309268  -0.119145
268.329267  -0.119145
268.349266  -0.119157
268.369265  -0.119205
268.389264  -0.119193
268.409264  -0.119228
268.429263  -0.119228
268.449262  -0.119228
268.469261  -0.119288
268.489260  -0.119312
268.509260  -0.119312
268.529259  -0.119312
268.549258  -0.119336
268.569257  -0.119336
268.589256  -0.119383
268.609256  -0.119395
268.629255  -0.119419
268.649254  -0.119431
268.669253  -0.119455
268.689252  -0.119455
268.709252  -0.119455
268.729251  -0.119478
268.749250  -0.119502
268.769249  -0.119526
268.789248  -0.119550
268.809248  -0.119609
268.829247  -0.119574
268.849246  -0.119609
268.869245  -0.119621
268.889244  -0.119609
268.909244  -0.119645
268.929243  -0.119657
268.949242  -0.119657
268.969241  -0.119681
268.989240  -0.119705
269.009240  -0.119705
269.029239  -0.119752
269.049238  -0.119764
269.069237  -0.119764
269.089236  -0.119800
269.109236  -0.119812
269.129235  -0.119824
269.149234  -0.119859
269.169233  -0.119871
269.189232  -0.119883
269.209232  -0.119883
269.229231  -0.119919
269.249230  -0.119907
269.269229  -0.119955
269.289228  -0.119943
269.309228  -0.120014
269.329227  -0.119978
269.349226  -0.119978
269.369225  -0.120026
269.389224  -0.120062
269.409224  -0.120050
269.429223  -0.120050
269.449222  -0.120074
269.469221  -0.120133
269.489220  -0.120109
269.509220  -0.120169
269.529219  -0.120157
269.549218  -0.120157
269.569217  -0.120169
269.589216  -0.120204
269.609216  -0.120193
269.629215  -0.120240
269.649214  -0.120264
269.669213  -0.120276
269.689212  -0.120288
269.709212  -0.120312
269.729211  -0.120312
269.749210  -0.120312
269.769209  -0.120347
269.789208  -0.120335
269.809208  -0.120395
269.829207  -0.120431
269.849206  -0.120419
269.869205  -0.120419
269.889204  -0.120466
269.909204  -0.120514
269.929203  -0.120454
269.949202  -0.120526
269.969201  -0.120538
269.989200  -0.120514
270.009200  -0.120562
270.029199  -0.120538
270.049198  -0.120573
270.069197  -0.120621
270.089196  -0.120633
270.109196  -0.120657
270.129195  -0.120657
270.149194  -0.120669
270.169193  -0.120681
270.189192  -0.120692
270.209192  -0.120740
270.229191  -0.120728
270.249190  -0.120752
270.269189  -0.120752
270.289188  -0.120788
270.309188  -0.120812
270.329187  -0.120823
270.349186  -0.120800
270.369185  -0.120847
270.389184  -0.120871
270.409184  -0.120859
270.429183  -0.120907
270.449182  -0.120931
270.469181  -0.120942
270.489180  -0.120954
270.509180  -0.120966
270.529179  -0.120978
270.549178  -0.121014
270.569177  -0.121002
270.589176  -0.121038
270.609176  -0.121061
270.629175  -0.121073
270.649174  -0.121038
270.669173  -0.121097
270.689172  -0.121133
270.709172  -0.121133
270.729171  -0.121157
270.749170  -0.121157
270.769169  -0.121169
270.789168  -0.121192
270.809168  -0.121204
270.829167  -0.121216
270.849166  -0.121252
270.869165  -0.121264
270.889164  -0.121300
270.909164  -0.121264
270.929163  -0.121335
270.949162  -0.121347
270.969161  -0.121371
270.989160  -0.121347
271.009160  -0.121359
271.029159  -0.121395
271.049158  -0.121454
271.069157  -0.121383
271.089156  -0.121442
271.109156  -0.121466
271.129155  -0.121478
271.149154  -0.121514
271.169153  -0.121514
271.189152  -0.121526
271.209152  -0.121526
271.229151  -0.121585
271.249150  -0.121549
271.269149  -0.121585
271.289148  -0.121585
271.309148  -0.121609
271.329147  -0.121645
271.349146  -0.121692
271.369145  -0.121657
271.389144  -0.121716
271.409144  -0.121728
271.429143  -0.121716
271.449142  -0.121704
271.469141  -0.121764
271.489140  -0.121740
271.509140  -0.121799
271.529139  -0.121823
271.549138  -0.121835
271.569137  -0.121835
271.589136  -0.121883
271.609136  -0.121847
271.629135  -0.121918
271.649134  -0.121883
271.669133  -0.121895
271.689132  -0.121907
271.709132  -0.121930
271.729131  -0.121966
271.749130  -0.121966
271.769129  -0.122002
271.789128  -0.122002
271.809128  -0.122037
271.829127  -0.122049
271.849126  -0.122085
271.869125  -0.122085
271.889124  -0.122121
271.909124  -0.122121
271.929123  -0.122121
271.949122  -0.122168
271.969121  -0.122168
271.989120  -0.122180
272.009120  -0.122180
272.029119  -0.122228
272.049118  -0.122228
272.069117  -0.122240
272.089116  -0.122252
272.109116  -0.122240
272.129115  -0.122311
272.149114  -0.122311
272.169113  -0.122335
272.189112  -0.122335
272.209112  -0.122371
272.229111  -0.122383
272.249110  -0.122406
272.269109  -0.122418
272.289108  -0.122442
272.309108  -0.122442
272.329107  -0.122478
272.349106  -0.122466
272.369105  -0.122502
272.389104  -0.122502
272.409104  -0.122514
272.429103  -0.122537
272.449102  -0.122573
272.469101  -0.122561
272.489100  -0.122561
272.509100  -0.122609
272.529099  -0.122621
272.549098  -0.122633
272.569097  -0.122645
272.589096  -0.122656
272.609096  -0.122704
272.629095  -0.122716
272.649094  -0.122728
272.669093  -0.122716
272.689092  -0.122752
272.709092  -0.122752
272.729091  -0.122775
272.749090  -0.122787
272.769089  -0.122823
272.789088  -0.122811
272.809088  -0.122847
272.829087  -0.122871
272.849086  -0.122883
272.869085  -0.122906
272.889084  -0.122906
272.909084  -0.122918
272.929083  -0.122942
272.949082  -0.122954
272.969081  -0.122990
272.989080  -0.122990
273.009080  -0.123013
273.029079  -0.123013
273.049078  -0.123037
273.069077  -0.123037
273.089076  -0.123097
273.109076  -0.123121
273.129075  -0.123085
273.149074  -0.123097
273.169073  -0.123133
273.189072  -0.123156
273.209072  -0.123133
273.229071  -0.123192
273.249070  -0.123204
273.269069  -0.123180
273.289068  -0.123228
273.309068  -0.123240
273.329067  -0.123240
273.349066  -0.123287
273.369065  -0.123263
273.389064  -0.123275
273.409064  -0.123335
273.429063  -0.123347
273.449062  -0.123371
273.469061  -0.123394
273.489060  -0.123394
273.509060  -0.123394
273.529059  -0.123371
273.549058  -0.123418
273.569057  -0.123442
273.589056  -0.123478
273.609056  -0.123490
273.629055  -0.123513
273.649054  -0.123490
273.669053  -0.123585
273.689052  -0.123561
273.709052  -0.123561
273.729051  -0.123597
273.749050  -0.123609
273.769049  -0.123609
273.789048  -0.123632
273.809048  -0.123632
273.829047  -0.123680
273.849046  -0.123680
273.869045  -0.123692
273.889044  -0.123704
273.909044  -0.123704
273.929043  -0.123716
273.949042  -0.123751
273.969041  -0.123751
273.989040  -0.123787
274.009040  -0.123811
274.029039  -0.123811
274.049038  -0.123799
274.069037  -0.123847
274.089036  -0.123882
274.109036  -0.123894
274.129035  -0.123882
274.149034  -0.123894
274.169033  -0.123906
274.189032  -0.123930
274.209032  -0.123966
274.229031  -0.123978
274.249030  -0.124001
274.269029  -0.123978
274.289028  -0.124037
274.309028  -0.124037
274.329027  -0.124085
274.349026  -0.124061
274.369025  -0.124049
274.389024  -0.124109
274.409024  -0.124132
274.429023  -0.124097
274.449022  -0.124156
274.469021  -0.124168
274.489020  -0.124180
274.509020  -0.124204
274.529019  -0.124228
274.549018  -0.124239
274.569017  -0.124239
274.589016  -0.124251
274.609016  -0.124263
274.629015  -0.124275
274.649014  -0.124311
274.669013  -0.124323
274.689012  -0.124323
274.709012  -0.124394
274.729011  -0.124358
274.749010  -0.124394
274.769009  -0.124370
274.789008  -0.124430
274.809008  -0.124418
274.829007  -0.124478
274.849006  -0.124466
274.869005  -0.124466
274.889004  -0.124513
274.909004  -0.124525
274.929003  -0.124525
274.949002  -0.124537
274.969001  -0.124573
274.989000  -0.124597
275.009000  -0.124585
275.028999  -0.124597
275.048998  -0.124620
275.068997  -0.124644
275.088996  -0.124644
275.108996  -0.124656
275.128995  -0.124692
275.148994  -0.124716
275.168993  -0.124716
275.188992  -0.124727
275.208992  -0.124739
275.228991  -0.124739
275.248990  -0.124787
275.268989  -0.124775
275.288988  -0.124811
275.308988  -0.124835
275.328987  -0.124870
275.348986  -0.124870
275.368985  -0.124870
275.388984  -0.124870
275.408984  -0.124894
275.428983  -0.124942
275.448982  -0.124930
275.468981  -0.124918
275.488980  -0.124966
275.508980  -0.124977
275.528979  -0.125001
275.548978  -0.125001
275.568977  -0.125013
275.588976  -0.125037
275.608976  -0.125001
275.628975  -0.125073
275.648974  -0.125073
275.668973  -0.125073
275.688972  -0.125096
275.708972  -0.125168
275.728971  -0.125180
275.748970  -0.125192
275.768969  -0.125168
275.788968  -0.125204
275.808968  -0.125204
275.828967  -0.125204
275.848966  -0.125251
275.868965  -0.125287
275.888964  -0.125275
275.908964  -0.125299
275.928963  -0.125311
275.948962  -0.125346
275.968961  -0.125346
275.988960  -0.125382
276.008960  -0.125382
276.028959  -0.125394
276.048958  -0.125418
276.068957  -0.125418
276.088956  -0.125442
276.108956  -0.125454
276.128955  -0.125465
276.148954  -0.125477
276.168953  -0.125477
276.188952  -0.125537
276.208952  -0.125525
276.228951  -0.125561
276.248950  -0.125549
276.268949  -0.125573
276.288948  -0.125561
276.308948  -0.125596
276.328947  -0.125596
276.348946  -0.125656
276.368945  -0.125656
276.388944  -0.125692
276.408944  -0.125703
276.428943  -0.125703
276.448942  -0.125715
276.468941  -0.125751
276.488940  -0.125739
276.508940  -0.125739
276.528939  -0.125787
276.548938  -0.125822
276.568937  -0.125822
276.588936  -0.125834
276.608936  -0.125846
276.628935  -0.125858
276.648934  -0.125834
276.668933  -0.125882
276.688932  -0.125906
276.708932  -0.125942
276.728931  -0.125965
276.748930  -0.125953
276.768929  -0.125965
276.788928  -0.126001
276.808928  -0.126001
276.828927  -0.126025
276.848926  -0.126049
276.868925  -0.126049
276.888924  -0.126061
276.908924  -0.126096
276.928923  -0.126096
276.948922  -0.126108
276.968921  -0.126144
276.988920  -0.126156
277.008920  -0.126168
277.028919  -0.126168
277.048918  -0.126203
277.068917  -0.126191
277.088916  -0.126227
277.108916  -0.126227
277.128915  -0.126251
277.148914  -0.126299
277.168913  -0.126299
277.188912  -0.126287
277.208912  -0.126334
277.228911  -0.126334
277.248910  -0.126346
277.268909  -0.126358
277.288908  -0.126382
277.308908  -0.126358
277.328907  -0.126418
277.348906  -0.126441
277.368905  -0.126441
277.388904  -0.126453
277.408904  -0.126477
277.428903  -0.126465
277.448902  -0.126501
277.468901  -0.126525
277.488900  -0.126525
277.508900  -0.126560
277.528899  -0.126560
277.548898  -0.126572
277.568897  -0.126596
277.588896  -0.126608
277.608896  -0.126608
277.628895  -0.126644
277.648894  -0.126656
277.668893  -0.126691
277.688892  -0.126656
277.708892  -0.126691
277.728891  -0.126691
277.748890  -0.126727
277.768889  -0.126739
277.788888  -0.126787
277.808888  -0.126775
277.828887  -0.126810
277.848886  -0.126787
277.868885  -0.126834
277.888884  -0.126846
277.908884  -0.126846
277.928883  -0.126846
277.948882  -0.126882
277.968881  -0.126906
277.988880  -0.126906
278.008880  -0.126929
278.028879  -0.126929
278.048878  -0.126977
278.068877  -0.126965
278.088876  -0.126989
278.108876  -0.127001
278.128875  -0.127001
278.148874  -0.127048
278.168873  -0.127072
278.188872  -0.127084
278.208872  -0.127096
278.228871  -0.127096
278.248870  -0.127096
278.268869  -0.127120
278.288868  -0.127156
278.308868  -0.127167
278.328867  -0.127179
278.348866  -0.127179
278.368865  -0.127227
278.388864  -0.127191
278.408864  -0.127239
278.428863  -0.127251
278.448862  -0.127275
278.468861  -0.127263
278.488860  -0.127287
278.508860  -0.127298
278.528859  -0.127310
278.548858  -0.127322
278.568857  -0.127370
278.588856  -0.127346
278.608856  -0.127417
278.628855  -0.127394
278.648854  -0.127417
278.668853  -0.127429
278.688852  -0.127453
278.708852  -0.127441
278.728851  -0.127441
278.748850  -0.127453
278.768849  -0.127477
278.788848  -0.127525
278.808848  -0.127536
278.828847  -0.127572
278.848846  -0.127572
278.868845  -0.127584
278.888844  -0.127596
278.908844  -0.127620
278.928843  -0.127644
278.948842  -0.127644
278.968841  -0.127644
278.988840  -0.127667
279.008840  -0.127691
279.028839  -0.127703
279.048838  -0.127727
279.068837  -0.127739
279.088836  -0.127739
279.108836  -0.127751
279.128835  -0.127775
279.148834  -0.127786
279.168833  -0.127810
279.188832  -0.127822
279.208832  -0.127834
279.228831  -0.127858
279.248830  -0.127858
279.268829  -0.127882
279.288828  -0.127905
279.308828  -0.127905
279.328827  -0.127905
279.348826  -0.127929
279.368825  -0.127965
279.388824  -0.127941
279.408824  -0.128001
279.428823  -0.128001
279.448822  -0.127965
279.468821  -0.128024
279.488820  -0.128036
279.508820  -0.128036
279.528819  -0.128084
279.548818  -0.128084
279.568817  -0.128096
279.588816  -0.128144
279.608816  -0.128108
279.628815  -0.128120
279.648814  -0.128167
279.668813  -0.128215
279.688812  -0.128179
279.708812  -0.128191
279.728811  -0.128227
279.748810  -0.128239
279.768809  -0.128239
279.788808  -0.128274
279.808808  -0.128263
279.828807  -0.128274
279.848806  -0.128310
279.868805  -0.128346
279.888804  -0.128334
279.908804  -0.128370
279.928803  -0.128370
279.948802  -0.128382
279.968801  -0.128393
279.988800  -0.128393
280.008800  -0.128370
280.028799  -0.128370
280.048798  -0.128334
280.068797  -0.128453
280.088796  -0.128632
280.108796  -0.128739
280.128795  -0.128762
280.148794  -0.128774
280.168793  -0.128798
280.188792  -0.128751
280.208792  -0.128751
280.228791  -0.128786
280.248790  -0.128846
280.268789  -0.128881
280.288788  -0.128965
280.308788  -0.129012
280.328787  -0.129000
280.348786  -0.129000
280.368785  -0.129000
280.388784  -0.128989
280.408784  -0.129024
280.428783  -0.129036
280.448782  -0.129084
280.468781  -0.129120
280.488780  -0.129155
280.508780  -0.129167
280.528779  -0.129167
280.548778  -0.129179
280.568777  -0.129167
280.588776  -0.129203
280.608776  -0.129203
280.628775  -0.129239
280.648774  -0.129250
280.668773  -0.129286
280.688772  -0.129286
280.708772  -0.129322
280.728771  -0.129322
280.748770  -0.129298
280.768769  -0.129346
280.788768  -0.129346
280.808768  -0.129369
280.828767  -0.129381
280.848766  -0.129381
280.868765  -0.129429
280.888764  -0.129417
280.908764  -0.129453
280.928763  -0.129453
280.948762  -0.129488
280.968761  -0.129465
280.988760  -0.129512
281.008760  -0.129512
281.028759  -0.129512
281.048758  -0.129512
281.068757  -0.129512
281.088756  -0.129560
281.108756  -0.129572
281.128755  -0.129560
281.148754  -0.129608
281.168753  -0.129608
281.188752  -0.129596
281.208752  -0.129631
281.228751  -0.129619
281.248750  -0.129643
281.268749  -0.129667
281.288748  -0.129667
281.308748  -0.129667
281.328747  -0.129667
281.348746  -0.129703
281.368745  -0.129715
281.388744  -0.129738
281.408744  -0.129738
281.428743  -0.129738
281.448742  -0.129750
281.468741  -0.129762
281.488740  -0.129810
281.508740  -0.129798
281.528739  -0.129798
281.548738  -0.129822
281.568737  -0.129846
281.588736  -0.129834
281.608736  -0.129846
281.628735  -0.129869
281.648734  -0.129881
281.668733  -0.129905
281.688732  -0.129881
281.708732  -0.129893
281.728731  -0.129917
281.748730  -0.129953
281.768729  -0.129953
281.788728  -0.129941
281.808728  -0.129965
281.828727  -0.129965
281.848726  -0.129941
281.868725  -0.129976
281.888724  -0.129965
281.908724  -0.130024
281.928723  -0.130036
281.948722  -0.130048
281.968721  -0.130048
281.988720  -0.130072
282.008720  -0.130048
282.028719  -0.130060
282.048718  -0.130072
282.068717  -0.130096
282.088716  -0.130084
282.108716  -0.130143
282.128715  -0.130131
282.148714  -0.130131
282.168713  -0.130155
282.188712  -0.130155
282.208712  -0.130143
282.228711  -0.130131
282.248710  -0.130191
282.268709  -0.130191
282.288708  -0.130203
282.308708  -0.130226
282.328707  -0.130238
282.348706  -0.130262
282.368705  -0.130262
282.388704  -0.130250
282.408704  -0.130286
282.428703  -0.130250
282.448702  -0.130298
282.468701  -0.130298
282.488700  -0.130310
282.508700  -0.130322
282.528699  -0.130310
282.548698  -0.130334
282.568697  -0.130334
282.588696  -0.130357
282.608696  -0.130381
282.628695  -0.130381
282.648694  -0.130405
282.668693  -0.130381
282.688692  -0.130405
282.708692  -0.130405
282.728691  -0.130417
282.748690  -0.130417
282.768689  -0.130441
282.788688  -0.130429
282.808688  -0.130464
282.828687  -0.130464
282.848686  -0.130488
282.868685  -0.130512
282.888684  -0.130488
282.908684  -0.130500
282.928683  -0.130524
282.948682  -0.130560
282.968681  -0.130548
282.988680  -0.130560
283.008680  -0.130584
283.028679  -0.130584
283.048678  -0.130584
283.068677  -0.130572
283.088676  -0.130595
283.108676  -0.130584
283.128675  -0.130607
283.148674  -0.130619
283.168673  -0.130643
283.188672  -0.130643
283.208672  -0.130691
283.228671  -0.130667
283.248670  -0.130655
283.268669  -0.130655
283.288668  -0.130679
283.308668  -0.130703
283.328667  -0.130714
283.348666  -0.130726
283.368665  -0.130750
283.388664  -0.130762
283.408664  -0.130762
283.428663  -0.130786
283.448662  -0.130798
283.468661  -0.130762
283.488660  -0.130774
283.508660  -0.130810
283.528659  -0.130810
283.548658  -0.130845
283.568657  -0.130833
283.588656  -0.130845
283.608656  -0.130833
283.628655  -0.130857
283.648654  -0.130869
283.668653  -0.130869
283.688652  -0.130905
283.708652  -0.130917
283.728651  -0.130905
283.748650  -0.130929
283.768649  -0.130917
283.788648  -0.130929
283.808648  -0.130953
283.828647  -0.131000
283.848646  -0.130964
283.868645  -0.130953
283.888644  -0.131000
283.908644  -0.131000
283.928643  -0.130988
283.948642  -0.131036
283.968641  -0.131012
283.988640  -0.131072
284.008640  -0.131060
284.028639  -0.131060
284.048638  -0.131072
284.068637  -0.131095
284.088636  -0.131048
284.108636  -0.131095
284.128635  -0.131107
284.148634  -0.131095
284.168633  -0.131119
284.188632  -0.131131
284.208632  -0.131155
284.228631  -0.131119
284.248630  -0.131179
284.268629  -0.131179
284.288628  -0.131179
284.308628  -0.131179
284.328627  -0.131202
284.348626  -0.131202
284.368625  -0.131238
284.388624  -0.131250
284.408624  -0.131226
284.428623  -0.131238
284.448622  -0.131262
284.468621  -0.131274
284.488620  -0.131298
284.508620  -0.131274
284.528619  -0.131310
284.548618  -0.131333
284.568617  -0.131298
284.588616  -0.131310
284.608616  -0.131345
284.628615  -0.131333
284.648614  -0.131345
284.668613  -0.131381
284.688612  -0.131405
284.708612  -0.131381
284.728611  -0.131381
284.748610  -0.131417
284.768609  -0.131417
284.788608  -0.131429
284.808608  -0.131417
284.828607  -0.131429
284.848606  -0.131476
284.868605  -0.131488
284.888604  -0.131500
284.908604  -0.131488
284.928603  -0.131500
284.948602  -0.131512
284.968601  -0.131500
284.988600  -0.131524
285.008600  -0.131536
285.028599  -0.131560
285.048598  -0.131571
285.068597  -0.131571
285.088596  -0.131583
285.108596  -0.131607
285.128595  -0.131583
285.148594  -0.131595
285.168593  -0.131619
285.188592  -0.131631
285.208592  -0.131631
285.228591  -0.131655
285.248590  -0.131655
285.268589  -0.131655
285.288588  -0.131667
285.308588  -0.131702
285.328587  -0.131667
285.348586  -0.131726
285.368585  -0.131702
285.388584  -0.131714
285.408584  -0.131750
285.428583  -0.131762
285.448582  -0.131762
285.468581  -0.131774
285.488580  -0.131774
285.508580  -0.131762
285.528579  -0.131786
285.548578  -0.131786
285.568577  -0.131798
285.588576  -0.131809
285.608576  -0.131833
285.628575  -0.131845
285.648574  -0.131833
285.668573  -0.131857
285.688572  -0.131857
285.708572  -0.131881
285.728571  -0.131905
285.748570  -0.131905
285.768569  -0.131905
285.788568  -0.131929
285.808568  -0.131929
285.828567  -0.131929
285.848566  -0.131940
285.868565  -0.131940
285.888564  -0.131976
285.908564  -0.131964
285.928563  -0.132000
285.948562  -0.132024
285.968561  -0.131988
285.988560  -0.132012
286.008560  -0.132000
286.028559  -0.132036
286.048558  -0.132024
286.068557  -0.132059
286.088556  -0.132059
286.108556  -0.132095
286.128555  -0.132083
286.148554  -0.132119
286.168553  -0.132095
286.188552  -0.132119
286.208552  -0.132119
286.228551  -0.132143
286.248550  -0.132143
286.268549  -0.132143
286.288548  -0.132178
286.308548  -0.132167
286.328547  -0.132190
286.348546  -0.132190
286.368545  -0.132214
286.388544  -0.132202
286.408544  -0.132202
286.428543  -0.132226
286.448542  -0.132250
286.468541  -0.132250
286.488540  -0.132250
286.508540  -0.132298
286.528539  -0.132274
286.548538  -0.132309
286.568537  -0.132309
286.588536  -0.132286
286.608536  -0.132333
286.628535  -0.132333
286.648534  -0.132333
286.668533  -0.132333
286.688532  -0.132357
286.708532  -0.132369
286.728531  -0.132393
286.748530  -0.132393
286.768529  -0.132428
286.788528  -0.132417
286.808528  -0.132417
286.828527  -0.132417
286.848526  -0.132452
286.868525  -0.132452
286.888524  -0.132476
286.908524  -0.132488
286.928523  -0.132464
286.948522  -0.132500
286.968521  -0.132512
286.988520  -0.132512
287.008520  -0.132524
287.028519  -0.132536
287.048518  -0.132500
287.068517  -0.132559
287.088516  -0.132571
287.108516  -0.132547
287.128515  -0.132607
287.148514  -0.132643
287.168513  -0.132619
287.188512  -0.132666
287.208512  -0.132643
287.228511  -0.132619
287.248510  -0.132678
287.268509  -0.132678
287.288508  -0.132655
287.308508  -0.132702
287.328507  -0.132702
287.348506  -0.132690
287.368505  -0.132714
287.388504  -0.132714
287.408504  -0.132726
287.428503  -0.132726
287.448502  -0.132762
287.468501  -0.132750
287.488500  -0.132797
287.508500  -0.132797
287.528499  -0.132785
287.548498  -0.132809
287.568497  -0.132857
287.588496  -0.132821
287.608496  -0.132857
287.628495  -0.132845
287.648494  -0.132857
287.668493  -0.132857
287.688492  -0.132857
287.708492  -0.132869
287.728491  -0.132893
287.748490  -0.132905
287.768489  -0.132928
287.788488  -0.132928
287.808488  -0.132964
287.828487  -0.132964
287.848486  -0.132964
287.868485  -0.132976
287.888484  -0.132976
287.908484  -0.133024
287.928483  -0.133012
287.948482  -0.133012
287.968481  -0.133012
287.988480  -0.133083
288.008480  -0.133035
288.028479  -0.133047
288.048478  -0.133071
288.068477  -0.133047
288.088476  -0.133059
288.108476  -0.133107
288.128475  -0.133095
288.148474  -0.133119
288.168473  -0.133119
288.188472  -0.133131
288.208472  -0.133154
288.228471  -0.133166
288.248470  -0.133154
288.268469  -0.133143
288.288468  -0.133178
288.308468  -0.133214
288.328467  -0.133190
288.348466  -0.133214
288.368465  -0.133238
288.388464  -0.133250
288.408464  -0.133250
288.428463  -0.133274
288.448462  -0.133250
288.468461  -0.133262
288.488460  -0.133285
288.508460  -0.133274
288.528459  -0.133285
288.548458  -0.133309
288.568457  -0.133321
288.588456  -0.133309
288.608456  -0.133345
288.628455  -0.133357
288.648454  -0.133357
288.668453  -0.133369
288.688452  -0.133381
288.708452  -0.133404
288.728451  -0.133416
288.748450  -0.133428
288.768449  -0.133440
288.788448  -0.133416
288.808448  -0.133440
288.828447  -0.133464
288.848446  -0.133476
288.868445  -0.133476
288.888444  -0.133476
288.908444  -0.133512
288.928443  -0.133512
288.948442  -0.133523
288.968441  -0.133523
288.988440  -0.133547
289.008440  -0.133547
289.028439  -0.133571
289.048438  -0.133571
289.068437  -0.133595
289.088436  -0.133583
289.108436  -0.133607
289.128435  -0.133607
289.148434  -0.133631
289.168433  -0.133642
289.188432  -0.133654
289.208432  -0.133702
289.228431  -0.133678
289.248430  -0.133702
289.268429  -0.133726
289.288428  -0.133690
289.308428  -0.133702
289.328427  -0.133726
289.348426  -0.133726
289.368425  -0.133714
289.388424  -0.133773
289.408424  -0.133773
289.428423  -0.133773
289.448422  -0.133809
289.468421  -0.133809
289.488420  -0.133785
289.508420  -0.133821
289.528419  -0.133821
289.548418  -0.133809
289.568417  -0.133845
289.588416  -0.133845
289.608416  -0.133869
289.628415  -0.133857
289.648414  -0.133869
289.668413  -0.133904
289.688412  -0.133904
289.708412  -0.133904
289.728411  -0.133916
289.748410  -0.133940
289.768409  -0.133928
289.788408  -0.133952
289.808408  -0.133964
289.828407  -0.134000
289.848406  -0.134011
289.868405  -0.134000
289.888404  -0.134035
289.908404  -0.134011
289.928403  -0.134059
289.948402  -0.134047
289.968401  -0.134047
289.988400  -0.134047
290.008400  -0.134071
290.028399  -0.134083
290.048398  -0.134083
290.068397  -0.134119
290.088396  -0.134107
290.108396  -0.134142
290.128395  -0.134154
290.148394  -0.134154
290.168393  -0.134154
290.188392  -0.134166
290.208392  -0.134178
290.228391  -0.134190
290.248390  -0.134202
290.268389  -0.134238
290.288388  -0.134250
290.308388  -0.134261
290.328387  -0.134226
290.348386  -0.134250
290.368385  -0.134285
290.388384  -0.134309
290.408384  -0.134273
290.428383  -0.134309
290.448382  -0.134333
290.468381  -0.134309
290.488380  -0.134357
290.508380  -0.134357
290.528379  -0.134357
290.548378  -0.134357
290.568377  -0.134369
290.588376  -0.134380
290.608376  -0.134392
290.628375  -0.134404
290.648374  -0.134416
290.668373  -0.134416
290.688372  -0.134452
290.708372  -0.134464
290.728371  -0.134476
290.748370  -0.134476
290.768369  -0.134476
290.788368  -0.134464
290.808368  -0.134488
290.828367  -0.134511
290.848366  -0.134535
290.868365  -0.134547
290.888364  -0.134523
290.908364  -0.134547
290.928363  -0.134583
290.948362  -0.134583
290.968361  -0.134595
290.988360  -0.134583
291.008360  -0.134571
291.028359  -0.134607
291.048358  -0.134630
291.068357  -0.134618
291.088356  -0.134654
291.108356  -0.134678
291.128355  -0.134690
291.148354  -0.134678
291.168353  -0.134714
291.188352  -0.134690
291.208352  -0.134714
291.228351  -0.134749
291.248350  -0.134714
291.268349  -0.134749
291.288348  -0.134761
291.308348  -0.134797
291.328347  -0.134797
291.348346  -0.134845
291.368345  -0.134809
291.388344  -0.134809
291.408344  -0.134821
291.428343  -0.134821
291.448342  -0.134821
291.468341  -0.134845
291.488340  -0.134857
291.508340  -0.134880
291.528339  -0.134868
291.548338  -0.134904
291.568337  -0.134904
291.588336  -0.134904
291.608336  -0.134916
291.628335  -0.134916
291.648334  -0.134976
291.668333  -0.134964
291.688332  -0.134964
291.708332  -0.134976
291.728331  -0.134999
291.748330  -0.134999
291.768329  -0.135011
291.788328  -0.135035
291.808328  -0.135047
291.828327  -0.135059
291.848326  -0.135071
291.868325  -0.135059
291.888324  -0.135107
291.908324  -0.135071
291.928323  -0.135107
291.948322  -0.135130
291.968321  -0.135118
291.988320  -0.135118
292.008320  -0.135166
292.028319  -0.135154
292.048318  -0.135166
292.068317  -0.135178
292.088316  -0.135202
292.108316  -0.135166
292.128315  -0.135214
292.148314  -0.135237
292.168313  -0.135226
292.188312  -0.135237
292.208312  -0.135249
292.228311  -0.135261
292.248310  -0.135249
292.268309  -0.135285
292.288308  -0.135297
292.308308  -0.135321
292.328307  -0.135345
292.348306  -0.135333
292.368305  -0.135321
292.388304  -0.135404
292.408304  -0.135345
292.428303  -0.135392
292.448302  -0.135380
292.468301  -0.135368
292.488300  -0.135368
292.508300  -0.135392
292.528299  -0.135416
292.548298  -0.135452
292.568297  -0.135428
292.588296  -0.135440
292.608296  -0.135452
292.628295  -0.135475
292.648294  -0.135487
292.668293  -0.135511
292.688292  -0.135511
292.708292  -0.135511
292.728291  -0.135535
292.748290  -0.135523
292.768289  -0.135547
292.788288  -0.135559
292.808288  -0.135606
292.828287  -0.135571
292.848286  -0.135583
292.868285  -0.135595
292.888284  -0.135630
292.908284  -0.135583
292.928283  -0.135642
292.948282  -0.135630
292.968281  -0.135630
292.988280  -0.135654
293.008280  -0.135678
293.028279  -0.135666
293.048278  -0.135725
293.068277  -0.135714
293.088276  -0.135690
293.108276  -0.135714
293.128275  -0.135725
293.148274  -0.135714
293.168273  -0.135749
293.188272  -0.135761
293.208272  -0.135761
293.228271  -0.135797
293.248270  -0.135785
293.268269  -0.135797
293.288268  -0.135809
293.308268  -0.135868
293.328267  -0.135833
293.348266  -0.135844
293.368265  -0.135856
293.388264  -0.135880
293.408264  -0.135892
293.428263  -0.135892
293.448262  -0.135892
293.468261  -0.135904
293.488260  -0.135928
293.508260  -0.135916
293.528259  -0.135916
293.548258  -0.135952
293.568257  -0.135952
293.588256  -0.135963
293.608256  -0.135999
293.628255  -0.136011
293.648254  -0.136035
293.668253  -0.136023
293.688252  -0.136035
293.708252  -0.136035
293.728251  -0.136071
293.748250  -0.136083
293.768249  -0.136083
293.788248  -0.136071
293.808248  -0.136071
293.828247  -0.136130
293.848246  -0.136118
293.868245  -0.136106
293.888244  -0.136142
293.908244  -0.136166
293.928243  -0.136154
293.948242  -0.136154
293.968241  -0.136178
293.988240  -0.136190
294.008240  -0.136190
294.028239  -0.136202
294.048238  -0.136237
294.068237  -0.136261
294.088236  -0.136261
294.108236  -0.136249
294.128235  -0.136249
294.148234  -0.136285
294.168233  -0.136261
294.188232  -0.136273
294.208232  -0.136321
294.228231  -0.136344
294.248230  -0.136344
294.268229  -0.136368
294.288228  -0.136356
294.308228  -0.136356
294.328227  -0.136368
294.348226  -0.136416
294.368225  -0.136380
294.388224  -0.136404
294.408224  -0.136404
294.428223  -0.136416
294.448222  -0.136440
294.468221  -0.136463
294.488220  -0.136451
294.508220  -0.136463
294.528219  -0.136475
294.548218  -0.136475
294.568217  -0.136511
294.588216  -0.136499
294.608216  -0.136511
294.628215  -0.136511
294.648214  -0.136547
294.668213  -0.136547
294.688212  -0.136559
294.708212  -0.136582
294.728211  -0.136571
294.748210  -0.136582
294.768209  -0.136606
294.788208  -0.136606
294.808208  -0.136618
294.828207  -0.136630
294.848206  -0.136630
294.868205  -0.136642
294.888204  -0.136678
294.908204  -0.136654
294.928203  -0.136701
294.948202  -0.136678
294.968201  -0.136725
294.988200  -0.136690
295.008200  -0.136713
295.028199  -0.136701
295.048198  -0.136725
295.068197  -0.136773
295.088196  -0.136773
295.108196  -0.136773
295.128195  -0.136797
295.148194  -0.136820
295.168193  -0.136820
295.188192  -0.136797
295.208192  -0.136856
295.228191  -0.136832
295.248190  -0.136820
295.268189  -0.136832
295.288188  -0.136856
295.308188  -0.136892
295.328187  -0.136880
295.348186  -0.136880
295.368185  -0.136892
295.388184  -0.136928
295.408184  -0.136928
295.428183  -0.136928
295.448182  -0.136939
295.468181  -0.136951
295.488180  -0.136951
295.508180  -0.136987
295.528179  -0.136999
295.548178  -0.136999
295.568177  -0.137023
295.588176  -0.136999
295.608176  -0.137011
295.628175  -0.137023
295.648174  -0.137035
295.668173  -0.137082
295.688172  -0.137047
295.708172  -0.137094
295.728171  -0.137094
295.748170  -0.137106
295.768169  -0.137106
295.788168  -0.137094
295.808168  -0.137130
295.828167  -0.137142
295.848166  -0.137154
295.868165  -0.137166
295.888164  -0.137130
295.908164  -0.137154
295.928163  -0.137189
295.948162  -0.137189
295.968161  -0.137178
295.988160  -0.137213
296.008160  -0.137213
296.028159  -0.137201
296.048158  -0.137249
296.068157  -0.137237
296.088156  -0.137237
296.108156  -0.137285
296.128155  -0.137308
296.148154  -0.137320
296.168153  -0.137320
296.188152  -0.137308
296.208152  -0.137332
296.228151  -0.137332
296.248150  -0.137344
296.268149  -0.137320
296.288148  -0.137368
296.308148  -0.137368
296.328147  -0.137380
296.348146  -0.137368
296.368145  -0.137416
296.388144  -0.137392
296.408144  -0.137404
296.428143  -0.137427
296.448142  -0.137463
296.468141  -0.137451
296.488140  -0.137463
296.508140  -0.137499
296.528139  -0.137487
296.548138  -0.137499
296.568137  -0.137499
296.588136  -0.137535
296.608136  -0.137523
296.628135  -0.137535
296.648134  -0.137535
296.668133  -0.137558
296.688132  -0.137547
296.708132  -0.137582
296.728131  -0.137594
296.748130  -0.137570
296.768129  -0.137618
296.788128  -0.137606
296.808128  -0.137642
296.828127  -0.137642
296.848126  -0.137642
296.868125  -0.137642
296.888124  -0.137666
296.908124  -0.137654
296.928123  -0.137666
296.948122  -0.137677
296.968121  -0.137713
296.988120  -0.137713
297.008120  -0.137737
297.028119  -0.137725
297.048118  -0.137749
297.068117  -0.137749
297.088116  -0.137773
297.108116  -0.137785
297.128115  -0.137773
297.148114  -0.137785
297.168113  -0.137820
297.188112  -0.137820
297.208112  -0.137880
297.228111  -0.137820
297.248110  -0.137820
297.268109  -0.137856
297.288108  -0.137868
297.308108  -0.137844
297.328107  -0.137868
297.348106  -0.137868
297.368105  -0.137904
297.388104  -0.137951
297.408104  -0.137916
297.428103  -0.137939
297.448102  -0.137927
297.468101  -0.137939
297.488100  -0.137939
297.508100  -0.138011
297.528099  -0.137975
297.548098  -0.137987
297.568097  -0.138011
297.588096  -0.138023
297.608096  -0.138023
297.628095  -0.138035
297.648094  -0.138023
297.668093  -0.138046
297.688092  -0.138023
297.708092  -0.138046
297.728091  -0.138070
297.748090  -0.138082
297.768089  -0.138070
297.788088  -0.138106
297.808088  -0.138142
297.828087  -0.138130
297.848086  -0.138142
297.868085  -0.138142
297.888084  -0.138177
297.908084  -0.138189
297.928083  -0.138165
297.948082  -0.138189
297.968081  -0.138154
297.988080  -0.138201
298.008080  -0.138189
298.028079  -0.138237
298.048078  -0.138237
298.068077  -0.138237
298.088076  -0.138237
298.108076  -0.138249
298.128075  -0.138296
298.148074  -0.138284
298.168073  -0.138308
298.188072  -0.138296
298.208072  -0.138344
298.228071  -0.138320
298.248070  -0.138344
298.268069  -0.138344
298.288068  -0.138344
298.308068  -0.138380
298.328067  -0.138368
298.348066  -0.138380
298.368065  -0.138415
298.388064  -0.138415
298.408064  -0.138392
298.428063  -0.138415
298.448062  -0.138439
298.468061  -0.138451
298.488060  -0.138439
298.508060  -0.138451
298.528059  -0.138463
298.548058  -0.138487
298.568057  -0.138499
298.588056  -0.138534
298.608056  -0.138499
298.628055  -0.138534
298.648054  -0.138511
298.668053  -0.138546
298.688052  -0.138534
298.708052  -0.138558
298.728051  -0.138570
298.748050  -0.138558
298.768049  -0.138582
298.788048  -0.138594
298.808048  -0.138606
298.828047  -0.138606
298.848046  -0.138618
298.868045  -0.138630
298.888044  -0.138630
298.908044  -0.138653
298.928043  -0.138653
298.948042  -0.138665
298.968041  -0.138689
298.988040  -0.138689
299.008040  -0.138725
299.028039  -0.138713
299.048038  -0.138737
299.068037  -0.138725
299.088036  -0.138784
299.108036  -0.138796
299.128035  -0.138749
299.148034  -0.138737
299.168033  -0.138772
299.188032  -0.138772
299.208032  -0.138772
299.228031  -0.138808
299.248030  -0.138832
299.268029  -0.138820
299.288028  -0.138844
299.308028  -0.138832
299.328027  -0.138832
299.348026  -0.138868
299.368025  -0.138892
299.388024  -0.138880
299.408024  -0.138880
299.428023  -0.138903
299.448022  -0.138903
299.468021  -0.138939
299.488020  -0.138915
299.508020  -0.138951
299.528019  -0.138927
299.548018  -0.138975
299.568017  -0.138963
299.588016  -0.138999
299.608016  -0.138999
299.628015  -0.138987
299.648014  -0.138963
299.668013  -0.139034
299.688012  -0.139022
299.708012  -0.139022
299.728011  -0.139046
299.748010  -0.139046
299.768009  -0.139034
299.788008  -0.139034
299.808008  -0.139070
299.828007  -0.139094
299.848006  -0.139094
299.868005  -0.139130
299.888004  -0.139130
299.908004  -0.139165
299.928003  -0.139165
299.948002  -0.139130
299.968001  -0.139165
299.988000  -0.139153
300.008000  -0.139201
300.027999  -0.139165
300.047998  -0.139201
300.067997  -0.139225
300.087996  -0.139225
300.107996  -0.139249
300.127995  -0.139213
300.147994  -0.139213
300.167993  -0.139261
300.187992  -0.139237
300.207992  -0.139284
300.227991  -0.139284
300.247990  -0.139249
300.267989  -0.139296
300.287988  -0.139320
300.307988  -0.139320
300.327987  -0.139344
300.347986  -0.139344
300.367985  -0.139356
300.387984  -0.139344
300.407984  -0.139380
300.427983  -0.139368
300.447982  -0.139391
300.467981  -0.139391
300.487980  -0.139415
300.507980  -0.139403
300.527979  -0.139439
300.547978  -0.139451
300.567977  -0.139463
300.587976  -0.139463
300.607976  -0.139451
300.627975  -0.139487
300.647974  -0.139475
300.667973  -0.139499
300.687972  -0.139510
300.707972  -0.139534
300.727971  -0.139534
300.747970  -0.139534
300.767969  -0.139570
300.787968  -0.139558
300.807968  -0.139546
300.827967  -0.139570
300.847966  -0.139570
300.867965  -0.139618
300.887964  -0.139618
300.907964  -0.139629
300.927963  -0.139641
300.947962  -0.139665
300.967961  -0.139653
300.987960  -0.139641
301.007960  -0.139653
301.027959  -0.139653
301.047958  -0.139713
301.067957  -0.139701
301.087956  -0.139689
301.107956  -0.139701
301.127955  -0.139713
301.147954  -0.139725
301.167953  -0.139748
301.187952  -0.139737
301.207952  -0.139748
301.227951  -0.139737
301.247950  -0.139784
301.267949  -0.139772
301.287948  -0.139808
301.307948  -0.139796
301.327947  -0.139832
301.347946  -0.139820
301.367945  -0.139844
301.387944  -0.139808
301.407944  -0.139856
301.427943  -0.139879
301.447942  -0.139856
301.467941  -0.139879
301.487940  -0.139891
301.507940  -0.139891
301.527939  -0.139915
301.547938  -0.139927
301.567937  -0.139951
301.587936  -0.139951
301.607936  -0.139939
301.627935  -0.139975
301.647934  -0.139951
301.667933  -0.139927
301.687932  -0.139987
301.707932  -0.139987
301.727931  -0.139987
301.747930  -0.140046
301.767929  -0.140022
301.787928  -0.140022
301.807928  -0.140046
301.827927  -0.140046
301.847926  -0.140058
301.867925  -0.140058
301.887924  -0.140058
301.907924  -0.140082
301.927923  -0.140082
301.947922  -0.140106
301.967921  -0.140129
301.987920  -0.140129
302.007920  -0.140117
302.027919  -0.140153
302.047918  -0.140153
302.067917  -0.140177
302.087916  -0.140177
302.107916  -0.140177
302.127915  -0.140153
302.147914  -0.140177
302.167913  -0.140201
302.187912  -0.140189
302.207912  -0.140225
302.227911  -0.140237
302.247910  -0.140237
302.267909  -0.140225
302.287908  -0.140248
302.307908  -0.140213
302.327907  -0.140260
302.347906  -0.140296
302.367905  -0.140308
302.387904  -0.140308
302.407904  -0.140332
302.427903  -0.140296
302.447902  -0.140308
302.467901  -0.140344
302.487900  -0.140332
302.507900  -0.140332
302.527899  -0.140356
302.547898  -0.140379
302.567897  -0.140403
302.587896  -0.140403
302.607896  -0.140415
302.627895  -0.140391
302.647894  -0.140391
302.667893  -0.140427
302.687892  -0.140427
302.707892  -0.140475
302.727891  -0.140486
302.747890  -0.140463
302.767889  -0.140475
302.787888  -0.140510
302.807888  -0.140475
302.827887  -0.140498
302.847886  -0.140522
302.867885  -0.140522
302.887884  -0.140534
302.907884  -0.140534
302.927883  -0.140570
302.947882  -0.140570
302.967881  -0.140582
302.987880  -0.140594
303.007880  -0.140594
303.027879  -0.140594
303.047878  -0.140594
303.067877  -0.140617
303.087876  -0.140653
303.107876  -0.140629
303.127875  -0.140665
303.147874  -0.140653
303.167873  -0.140641
303.187872  -0.140677
303.207872  -0.140713
303.227871  -0.140701
303.247870  -0.140725
303.267869  -0.140713
303.287868  -0.140736
303.307868  -0.140689
303.327867  -0.140748
303.347866  -0.140748
303.367865  -0.140772
303.387864  -0.140796
303.407864  -0.140808
303.427863  -0.140772
303.447862  -0.140808
303.467861  -0.140796
303.487860  -0.140772
303.507860  -0.140832
303.527859  -0.140879
303.547858  -0.140796
303.567857  -0.140867
303.587856  -0.140844
303.607856  -0.140855
303.627855  -0.140879
303.647854  -0.140903
303.667853  -0.140891
303.687852  -0.140867
303.707852  -0.140927
303.727851  -0.140951
303.747850  -0.140939
303.767849  -0.140939
303.787848  -0.140974
303.807848  -0.140986
303.827847  -0.141010
303.847846  -0.140998
303.867845  -0.141022
303.887844  -0.140998
303.907844  -0.141010
303.927843  -0.141022
303.947842  -0.141022
303.967841  -0.141034
303.987840  -0.141022
304.007840  -0.141046
304.027839  -0.141082
304.047838  -0.141070
304.067837  -0.141105
304.087836  -0.141093
304.107836  -0.141082
304.127835  -0.141105
304.147834  -0.141129
304.167833  -0.141129
304.187832  -0.141141
304.207832  -0.141129
304.227831  -0.141189
304.247830  -0.141165
304.267829  -0.141165
304.287828  -0.141177
304.307828  -0.141177
304.327827  -0.141165
304.347826  -0.141201
304.367825  -0.141236
304.387824  -0.141213
304.407824  -0.141248
304.427823  -0.141260
304.447822  -0.141260
304.467821  -0.141272
304.487820  -0.141320
304.507820  -0.141284
304.527819  -0.141296
304.547818  -0.141296
304.567817  -0.141332
304.587816  -0.141308
304.607816  -0.141320
304.627815  -0.141343
304.647814  -0.141355
304.667813  -0.141367
304.687812  -0.141379
304.707812  -0.141355
304.727811  -0.141391
304.747810  -0.141391
304.767809  -0.141391
304.787808  -0.141403
304.807808  -0.141427
304.827807  -0.141439
304.847806  -0.141474
304.867805  -0.141486
304.887804  -0.141451
304.907804  -0.141462
304.927803  -0.141486
304.947802  -0.141474
304.967801  -0.141486
304.987800  -0.141510
305.007800  -0.141498
305.027799  -0.141498
305.047798  -0.141546
305.067797  -0.141570
305.087796  -0.141546
305.107796  -0.141570
305.127795  -0.141570
305.147794  -0.141570
305.167793  -0.141570
305.187792  -0.141605
305.207792  -0.141605
305.227791  -0.141605
305.247790  -0.141617
305.267789  -0.141641
305.287788  -0.141653
305.307788  -0.141677
305.327787  -0.141653
305.347786  -0.141665
305.367785  -0.141677
305.387784  -0.141653
305.407784  -0.141701
305.427783  -0.141653
305.447782  -0.141712
305.467781  -0.141724
305.487780  -0.141736
305.507780  -0.141736
305.527779  -0.141748
305.547778  -0.141736
305.567777  -0.141760
305.587776  -0.141784
305.607776  -0.141784
305.627775  -0.141784
305.647774  -0.141796
305.667773  -0.141808
305.687772  -0.141808
305.707772  -0.141820
305.727771  -0.141867
305.747770  -0.141831
305.767769  -0.141843
305.787768  -0.141867
305.807768  -0.141867
305.827767  -0.141855
305.847766  -0.141879
305.867765  -0.141915
305.887764  -0.141903
305.907764  -0.141939
305.927763  -0.141927
305.947762  -0.141962
305.967761  -0.141950
305.987760  -0.141962
306.007760  -0.141915
306.027759  -0.141974
306.047758  -0.141974
306.067757  -0.141986
306.087756  -0.142010
306.107756  -0.141998
306.127755  -0.142046
306.147754  -0.142046
306.167753  -0.142022
306.187752  -0.142046
306.207752  -0.142034
306.227751  -0.142058
306.247750  -0.142070
306.267749  -0.142058
306.287748  -0.142058
306.307748  -0.142117
306.327747  -0.142093
306.347746  -0.142117
306.367745  -0.142117
306.387744  -0.142141
306.407744  -0.142129
306.427743  -0.142129
306.447742  -0.142177
306.467741  -0.142153
306.487740  -0.142165
306.507740  -0.142165
306.527739  -0.142200
306.547738  -0.142200
306.567737  -0.142236
306.587736  -0.142200
306.607736  -0.142224
306.627735  -0.142236
306.647734  -0.142248
306.667733  -0.142248
306.687732  -0.142284
306.707732  -0.142272
306.727731  -0.142272
306.747730  -0.142296
306.767729  -0.142308
306.787728  -0.142284
306.807728  -0.142308
306.827727  -0.142296
306.847726  -0.142331
306.867725  -0.142331
306.887724  -0.142355
306.907724  -0.142367
306.927723  -0.142367
306.947722  -0.142379
306.967721  -0.142391
306.987720  -0.142391
307.007720  -0.142415
307.027719  -0.142415
307.047718  -0.142415
307.067717  -0.142391
307.087716  -0.142427
307.107716  -0.142450
307.127715  -0.142486
307.147714  -0.142427
307.167713  -0.142462
307.187712  -0.142486
307.207712  -0.142510
307.227711  -0.142510
307.247710  -0.142498
307.267709  -0.142522
307.287708  -0.142534
307.307708  -0.142534
307.327707  -0.142534
307.347706  -0.142558
307.367705  -0.142569
307.387704  -0.142593
307.407704  -0.142593
307.427703  -0.142617
307.447702  -0.142617
307.467701  -0.142569
307.487700  -0.142641
307.507700  -0.142629
307.527699  -0.142641
307.547698  -0.142653
307.567697  -0.142677
307.587696  -0.142688
307.607696  -0.142700
307.627695  -0.142688
307.647694  -0.142712
307.667693  -0.142677
307.687692  -0.142700
307.707692  -0.142712
307.727691  -0.142724
307.747690  -0.142736
307.767689  -0.142736
307.787688  -0.142772
307.807688  -0.142760
307.827687  -0.142807
307.847686  -0.142772
307.867685  -0.142784
307.887684  -0.142772
307.907684  -0.142784
307.927683  -0.142831
307.947682  -0.142855
307.967681  -0.142831
307.987680  -0.142867
308.007680  -0.142819
308.027679  -0.142867
308.047678  -0.142879
308.067677  -0.142903
308.087676  -0.142879
308.107676  -0.142867
308.127675  -0.142891
308.147674  -0.142938
308.167673  -0.142915
308.187672  -0.142950
308.207672  -0.142950
308.227671  -0.142938
308.247670  -0.142950
308.267669  -0.142986
308.287668  -0.142974
308.307668  -0.142962
308.327667  -0.142998
308.347666  -0.142986
308.367665  -0.143034
308.387664  -0.143045
308.407664  -0.143034
308.427663  -0.143010
308.447662  -0.143034
308.467661  -0.143034
308.487660  -0.143081
308.507660  -0.143069
308.527659  -0.143069
308.547658  -0.143093
308.567657  -0.143093
308.587656  -0.143117
308.607656  -0.143141
308.627655  -0.143093
308.647654  -0.143153
308.667653  -0.143153
308.687652  -0.143141
308.707652  -0.143153
308.727651  -0.143188
308.747650  -0.143141
308.767649  -0.143176
308.787648  -0.143212
308.807648  -0.143224
308.827647  -0.143224
308.847646  -0.143224
308.867645  -0.143212
308.887644  -0.143236
308.907644  -0.143260
308.927643  -0.143248
308.947642  -0.143248
308.967641  -0.143260
308.987640  -0.143284
309.007640  -0.143295
309.027639  -0.143307
309.047638  -0.143319
309.067637  -0.143319
309.087636  -0.143331
309.107636  -0.143355
309.127635  -0.143379
309.147634  -0.143355
309.167633  -0.143331
309.187632  -0.143355
309.207632  -0.143379
309.227631  -0.143379
309.247630  -0.143414
309.267629  -0.143391
309.287628  -0.143414
309.307628  -0.143414
309.327627  -0.143426
309.347626  -0.143438
309.367625  -0.143474
309.387624  -0.143462
309.407624  -0.143450
309.427623  -0.143486
309.447622  -0.143510
309.467621  -0.143474
309.487620  -0.143510
309.507620  -0.143486
309.527619  -0.143545
309.547618  -0.143498
309.567617  -0.143534
309.587616  -0.143545
309.607616  -0.143534
309.627615  -0.143557
309.647614  -0.143605
309.667613  -0.143593
309.687612  -0.143605
309.707612  -0.143593
309.727611  -0.143617
309.747610  -0.143617
309.767609  -0.143617
309.787608  -0.143605
309.807608  -0.143617
309.827607  -0.143653
309.847606  -0.143676
309.867605  -0.143688
309.887604  -0.143688
309.907604  -0.143688
309.927603  -0.143688
309.947602  -0.143700
309.967601  -0.143688
309.987600  -0.143736
310.007600  -0.143712
310.027599  -0.143748
310.047598  -0.143724
310.067597  -0.143760
310.087596  -0.143748
310.107596  -0.143772
310.127595  -0.143783
310.147594  -0.143819
310.167593  -0.143783
310.187592  -0.143807
310.207592  -0.143783
310.227591  -0.143843
310.247590  -0.143831
310.267589  -0.143831
310.287588  -0.143843
310.307588  -0.143843
310.327587  -0.143855
310.347586  -0.143902
310.367585  -0.143867
310.387584  -0.143879
310.407584  -0.143926
310.427583  -0.143902
310.447582  -0.143902
310.467581  -0.143902
310.487580  -0.143962
310.507580  -0.143950
310.527579  -0.143974
310.547578  -0.143962
310.567577  -0.143950
310.587576  -0.143974
310.607576  -0.143986
310.627575  -0.143986
310.647574  -0.144045
310.667573  -0.143986
310.687572  -0.144022
310.707572  -0.144045
310.727571  -0.144081
310.747570  -0.144045
310.767569  -0.144033
310.787568  -0.144057
310.807568  -0.144069
310.827567  -0.144069
310.847566  -0.144093
310.867565  -0.144093
310.887564  -0.144105
310.907564  -0.144141
310.927563  -0.144129
310.947562  -0.144129
310.967561  -0.144141
310.987560  -0.144141
311.007560  -0.144152
311.027559  -0.144176
311.047558  -0.144164
311.067557  -0.144176
311.087556  -0.144212
311.107556  -0.144200
311.127555  -0.144236
311.147554  -0.144260
311.167553  -0.144236
311.187552  -0.144224
311.207552  -0.144236
311.227551  -0.144271
311.247550  -0.144271
311.267549  -0.144283
311.287548  -0.144283
311.307548  -0.144319
311.327547  -0.144307
311.347546  -0.144307
311.367545  -0.144295
311.387544  -0.144331
311.407544  -0.144319
311.427543  -0.144307
311.447542  -0.144367
311.467541  -0.144355
311.487540  -0.144355
311.507540  -0.144367
311.527539  -0.144390
311.547538  -0.144355
311.567537  -0.144379
311.587536  -0.144402
311.607536  -0.144390
311.627535  -0.144402
311.647534  -0.144426
311.667533  -0.144438
311.687532  -0.144438
311.707532  -0.144462
311.727531  -0.144462
311.747530  -0.144474
311.767529  -0.144486
311.787528  -0.144486
311.807528  -0.144498
311.827527  -0.144521
311.847526  -0.144533
311.867525  -0.144510
311.887524  -0.144533
311.907524  -0.144533
311.927523  -0.144545
311.947522  -0.144569
311.967521  -0.144581
311.987520  -0.144605
312.007520  -0.144593
312.027519  -0.144569
312.047518  -0.144581
312.067517  -0.144605
312.087516  -0.144629
312.107516  -0.144617
312.127515  -0.144617
312.147514  -0.144652
312.167513  -0.144640
312.187512  -0.144676
312.207512  -0.144664
312.227511  -0.144676
312.247510  -0.144652
312.267509  -0.144700
312.287508  -0.144676
312.307508  -0.144736
312.327507  -0.144700
312.347506  -0.144748
312.367505  -0.144724
312.387504  -0.144795
312.407504  -0.144771
312.427503  -0.144783
312.447502  -0.144748
312.467501  -0.144783
312.487500  -0.144783
312.507500  -0.144795
312.527499  -0.144807
312.547498  -0.144807
312.567497  -0.144831
312.587497  -0.144831
312.607496  -0.144843
312.627495  -0.144843
312.647494  -0.144855
312.667493  -0.144855
312.687493  -0.144855
312.707492  -0.144855
312.727491  -0.144890
312.747490  -0.144902
312.767489  -0.144926
312.787489  -0.144902
312.807488  -0.144938
312.827487  -0.144926
312.847486  -0.144926
312.867485  -0.144926
312.887485  -0.144950
312.907484  -0.144950
312.927483  -0.144962
312.947482  -0.144974
312.967481  -0.144998
312.987481  -0.144974
313.007480  -0.145033
313.027479  -0.144998
313.047478  -0.145033
313.067477  -0.145009
313.087477  -0.145021
313.107476  -0.145033
313.127475  -0.145081
313.147474  -0.145057
313.167473  -0.145081
313.187473  -0.145093
313.207472  -0.145081
313.227471  -0.145105
313.247470  -0.145105
313.267469  -0.145093
313.287469  -0.145117
313.307468  -0.145105
313.327467  -0.145128
313.347466  -0.145164
313.367465  -0.145140
313.387465  -0.145164
313.407464  -0.145188
313.427463  -0.145164
313.447462  -0.145176
313.467461  -0.145164
313.487461  -0.145188
313.507460  -0.145212
313.527459  -0.145224
313.547458  -0.145212
313.567457  -0.145212
313.587457  -0.145212
313.607456  -0.145247
313.627455  -0.145247
313.647454  -0.145283
313.667453  -0.145259
313.687453  -0.145224
313.707452  -0.145259
313.727451  -0.145271
313.747450  -0.145271
313.767449  -0.145283
313.787449  -0.145307
313.807448  -0.145331
313.827447  -0.145331
313.847446  -0.145355
313.867445  -0.145343
313.887445  -0.145355
313.907444  -0.145355
313.927443  -0.145378
313.947442  -0.145366
313.967441  -0.145378
313.987441  -0.145390
314.007440  -0.145402
314.027439  -0.145426
314.047438  -0.145426
314.067437  -0.145426
314.087437  -0.145450
314.107436  -0.145462
314.127435  -0.145438
314.147434  -0.145462
314.167433  -0.145474
314.187433  -0.145509
314.207432  -0.145474
314.227431  -0.145509
314.247430  -0.145521
314.267429  -0.145509
314.287429  -0.145521
314.307428  -0.145509
314.327427  -0.145557
314.347426  -0.145569
314.367425  -0.145545
314.387425  -0.145557
314.407424  -0.145557
314.427423  -0.145593
314.447422  -0.145605
314.467421  -0.145616
314.487421  -0.145640
314.507420  -0.145640
314.527419  -0.145616
314.547418  -0.145640
314.567417  -0.145652
314.587417  -0.145640
314.607416  -0.145628
314.627415  -0.145676
314.647414  -0.145688
314.667413  -0.145676
314.687413  -0.145676
314.707412  -0.145688
314.727411  -0.145747
314.747410  -0.145712
314.767409  -0.145735
314.787409  -0.145735
314.807408  -0.145724
314.827407  -0.145747
314.847406  -0.145771
314.867405  -0.145771
314.887405  -0.145771
314.907404  -0.145771
314.927403  -0.145783
314.947402  -0.145807
314.967401  -0.145795
314.987401  -0.145807
315.007400  -0.145795
315.027399  -0.145831
315.047398  -0.145855
315.067397  -0.145843
315.087397  -0.145855
315.107396  -0.145866
315.127395  -0.145890
315.147394  -0.145890
315.167393  -0.145890
315.187393  -0.145926
315.207392  -0.145938
315.227391  -0.145926
315.247390  -0.145914
315.267389  -0.145926
315.287389  -0.145950
315.307388  -0.145962
315.327387  -0.145962
315.347386  -0.145950
315.367385  -0.145985
315.387385  -0.145985
315.407384  -0.145974
315.427383  -0.145997
315.447382  -0.145985
315.467381  -0.145985
315.487381  -0.146009
315.507380  -0.146045
315.527379  -0.146045
315.547378  -0.146045
315.567377  -0.146057
315.587377  -0.146081
315.607376  -0.146057
315.627375  -0.146093
315.647374  -0.146057
315.667373  -0.146093
315.687373  -0.146093
315.707372  -0.146104
315.727371  -0.146116
315.747370  -0.146128
315.767369  -0.146152
315.787369  -0.146128
315.807368  -0.146176
315.827367  -0.146200
315.847366  -0.146176
315.867365  -0.146176
315.887365  -0.146188
315.907364  -0.146212
315.927363  -0.146235
315.947362  -0.146212
315.967361  -0.146223
315.987361  -0.146223
316.007360  -0.146259
316.027359  -0.146247
316.047358  -0.146271
316.067357  -0.146271
316.087357  -0.146259
316.107356  -0.146283
316.127355  -0.146283
316.147354  -0.146307
316.167353  -0.146319
316.187353  -0.146307
316.207352  -0.146295
316.227351  -0.146331
316.247350  -0.146331
316.267349  -0.146343
316.287349  -0.146354
316.307348  -0.146331
316.327347  -0.146378
316.347346  -0.146402
316.367345  -0.146378
316.387345  -0.146402
316.407344  -0.146390
316.427343  -0.146414
316.447342  -0.146414
316.467341  -0.146438
316.487341  -0.146414
316.507340  -0.146450
316.527339  -0.146438
316.547338  -0.146485
316.567337  -0.146462
316.587337  -0.146497
316.607336  -0.146473
316.627335  -0.146473
316.647334  -0.146497
316.667333  -0.146509
316.687333  -0.146497
316.707332  -0.146569
316.727331  -0.146533
316.747330  -0.146557
316.767329  -0.146545
316.787329  -0.146569
316.807328  -0.146581
316.827327  -0.146592
316.847326  -0.146592
316.867325  -0.146592
316.887325  -0.146616
316.907324  -0.146616
316.927323  -0.146628
316.947322  -0.146640
316.967321  -0.146652
316.987321  -0.146628
317.007320  -0.146652
317.027319  -0.146652
317.047318  -0.146664
317.067317  -0.146652
317.087317  -0.146688
317.107316  -0.146664
317.127315  -0.146676
317.147314  -0.146688
317.167313  -0.146723
317.187313  -0.146723
317.207312  -0.146759
317.227311  -0.146723
317.247310  -0.146759
317.267309  -0.146759
317.287309  -0.146771
317.307308  -0.146783
317.327307  -0.146771
317.347306  -0.146759
317.367305  -0.146795
317.387305  -0.146819
317.407304  -0.146807
317.427303  -0.146842
317.447302  -0.146819
317.467301  -0.146807
317.487301  -0.146819
317.507300  -0.146842
317.527299  -0.146842
317.547298  -0.146890
317.567297  -0.146878
317.587297  -0.146902
317.607296  -0.146902
317.627295  -0.146878
317.647294  -0.146890
317.667293  -0.146902
317.687293  -0.146926
317.707292  -0.146914
317.727291  -0.146914
317.747290  -0.146938
317.767289  -0.146997
317.787289  -0.146973
317.807288  -0.146973
317.827287  -0.146961
317.847286  -0.146997
317.867285  -0.147009
317.887285  -0.146997
317.907284  -0.146985
317.927283  -0.147009
317.947282  -0.147033
317.967281  -0.147057
317.987281  -0.147057
318.007280  -0.147057
318.027279  -0.147045
318.047278  -0.147080
318.067277  -0.147057
318.087277  -0.147104
318.107276  -0.147080
318.127275  -0.147080
318.147274  -0.147092
318.167273  -0.147128
318.187273  -0.147116
318.207272  -0.147140
318.227271  -0.147164
318.247270  -0.147164
318.267269  -0.147140
318.287269  -0.147152
318.307268  -0.147176
318.327267  -0.147164
318.347266  -0.147188
318.367265  -0.147199
318.387265  -0.147188
318.407264  -0.147211
318.427263  -0.147211
318.447262  -0.147211
318.467261  -0.147259
318.487261  -0.147235
318.507260  -0.147247
318.527259  -0.147235
318.547258  -0.147271
318.567257  -0.147283
318.587257  -0.147283
318.607256  -0.147307
318.627255  -0.147295
318.647254  -0.147342
318.667253  -0.147342
318.687253  -0.147330
318.707252  -0.147330
318.727251  -0.147342
318.747250  -0.147342
318.767249  -0.147354
318.787249  -0.147378
318.807248  -0.147366
318.827247  -0.147390
318.847246  -0.147402
318.867245  -0.147402
318.887245  -0.147414
318.907244  -0.147438
318.927243  -0.147438
318.947242  -0.147426
318.967241  -0.147426
318.987241  -0.147426
319.007240  -0.147449
319.027239  -0.147473
319.047238  -0.147473
319.067237  -0.147461
319.087237  -0.147485
319.107236  -0.147497
319.127235  -0.147533
319.147234  -0.147521
319.167233  -0.147521
319.187233  -0.147509
319.207232  -0.147521
319.227231  -0.147545
319.247230  -0.147557
319.267229  -0.147568
319.287229  -0.147580
319.307228  -0.147568
319.327227  -0.147592
319.347226  -0.147580
319.367225  -0.147592
319.387225  -0.147592
319.407224  -0.147616
319.427223  -0.147604
319.447222  -0.147616
319.467221  -0.147628
319.487221  -0.147664
319.507220  -0.147664
319.527219  -0.147652
319.547218  -0.147652
319.567217  -0.147652
319.587217  -0.147687
319.607216  -0.147664
319.627215  -0.147699
319.647214  -0.147699
319.667213  -0.147711
319.687213  -0.147723
319.707212  -0.147759
319.727211  -0.147735
319.747210  -0.147711
319.767209  -0.147759
319.787209  -0.147747
319.807208  -0.147759
319.827207  -0.147783
319.847206  -0.147771
319.867205  -0.147783
319.887205  -0.147807
319.907204  -0.147807
319.927203  -0.147795
319.947202  -0.147830
319.967201  -0.147807
319.987201  -0.147854
320.007200  -0.147818
320.027199  -0.147854
320.047198  -0.147866
320.067197  -0.147866
320.087197  -0.147890
320.107196  -0.147902
320.127195  -0.147902
320.147194  -0.147890
320.167193  -0.147902
320.187193  -0.147902
320.207192  -0.147937
320.227191  -0.147902
320.247190  -0.147926
320.267189  -0.147937
320.287189  -0.147949
320.307188  -0.147985
320.327187  -0.147997
320.347186  -0.147985
320.367185  -0.147997
320.387185  -0.147985
320.407184  -0.147961
320.427183  -0.148021
320.447182  -0.148009
320.467181  -0.147997
320.487181  -0.148021
320.507180  -0.148021
320.527179  -0.148045
320.547178  -0.148056
320.567177  -0.148056
320.587177  -0.148033
320.607176  -0.148080
320.627175  -0.148092
320.647174  -0.148080
320.667173  -0.148104
320.687173  -0.148104
320.707172  -0.148140
320.727171  -0.148092
320.747170  -0.148164
320.767169  -0.148140
320.787169  -0.148128
320.807168  -0.148152
320.827167  -0.148152
320.847166  -0.148187
320.867165  -0.148152
320.887165  -0.148164
320.907164  -0.148187
320.927163  -0.148199
320.947162  -0.148199
320.967161  -0.148211
320.987161  -0.148223
321.007160  -0.148223
321.027159  -0.148259
321.047158  -0.148247
321.067157  -0.148247
321.087157  -0.148271
321.107156  -0.148271
321.127155  -0.148259
321.147154  -0.148271
321.167153  -0.148295
321.187153  -0.148283
321.207152  -0.148306
321.227151  -0.148283
321.247150  -0.148306
321.267149  -0.148295
321.287149  -0.148330
321.307148  -0.148354
321.327147  -0.148342
321.347146  -0.148330
321.367145  -0.148390
321.387145  -0.148366
321.407144  -0.148402
321.427143  -0.148378
321.447142  -0.148378
321.467141  -0.148390
321.487141  -0.148414
321.507140  -0.148390
321.527139  -0.148437
321.547138  -0.148437
321.567137  -0.148425
321.587137  -0.148449
321.607136  -0.148449
321.627135  -0.148449
321.647134  -0.148473
321.667133  -0.148485
321.687133  -0.148473
321.707132  -0.148461
321.727131  -0.148473
321.747130  -0.148521
321.767129  -0.148521
321.787129  -0.148509
321.807128  -0.148521
321.827127  -0.148556
321.847126  -0.148533
321.867125  -0.148556
321.887125  -0.148580
321.907124  -0.148580
321.927123  -0.148544
321.947122  -0.148604
321.967121  -0.148556
321.987121  -0.148580
322.007120  -0.148604
322.027119  -0.148604
322.047118  -0.148604
322.067117  -0.148604
322.087117  -0.148616
322.107116  -0.148616
322.127115  -0.148652
322.147114  -0.148616
322.167113  -0.148640
322.187113  -0.148675
322.207112  -0.148687
322.227111  -0.148664
322.247110  -0.148699
322.267109  -0.148699
322.287109  -0.148711
322.307108  -0.148699
322.327107  -0.148747
322.347106  -0.148711
322.367105  -0.148747
322.387105  -0.148759
322.407104  -0.148783
322.427103  -0.148747
322.447102  -0.148794
322.467101  -0.148806
322.487101  -0.148783
322.507100  -0.148783
322.527099  -0.148794
322.547098  -0.148806
322.567097  -0.148794
322.587097  -0.148830
322.607096  -0.148818
322.627095  -0.148818
322.647094  -0.148842
322.667093  -0.148866
322.687093  -0.148878
322.707092  -0.148854
322.727091  -0.148830
322.747090  -0.148878
322.767089  -0.148890
322.787089  -0.148878
322.807088  -0.148890
322.827087  -0.148913
322.847086  -0.148913
322.867085  -0.148925
322.887085  -0.148925
322.907084  -0.148961
322.927083  -0.148925
322.947082  -0.148937
322.967081  -0.148961
322.987081  -0.148961
323.007080  -0.148961
323.027079  -0.148961
323.047078  -0.148997
323.067077  -0.148997
323.087077  -0.149021
323.107076  -0.149021
323.127075  -0.149032
323.147074  -0.149021
323.167073  -0.149032
323.187073  -0.149032
323.207072  -0.149032
323.227071  -0.149044
323.247070  -0.149092
323.267069  -0.149068
323.287069  -0.149092
323.307068  -0.149092
323.327067  -0.149092
323.347066  -0.149092
323.367065  -0.149092
323.387065  -0.149116
323.407064  -0.149140
323.427063  -0.149128
323.447062  -0.149140
323.467061  -0.149152
323.487061  -0.149187
323.507060  -0.149163
323.527059  -0.149163
323.547058  -0.149175
323.567057  -0.149175
323.587057  -0.149163
323.607056  -0.149187
323.627055  -0.149175
323.647054  -0.149223
323.667053  -0.149223
323.687053  -0.149223
323.707052  -0.149235
323.727051  -0.149199
323.747050  -0.149259
323.767049  -0.149247
323.787049  -0.149259
323.807048  -0.149259
323.827047  -0.149282
323.847046  -0.149282
323.867045  -0.149271
323.887045  -0.149271
323.907044  -0.149306
323.927043  -0.149318
323.947042  -0.149330
323.967041  -0.149354
323.987041  -0.149318
324.007040  -0.149330
324.027039  -0.149354
324.047038  -0.149342
324.067037  -0.149378
324.087037  -0.149366
324.107036  -0.149413
324.127035  -0.149390
324.147034  -0.149401
324.167033  -0.149413
324.187033  -0.149413
324.207032  -0.149401
324.227031  -0.149390
324.247030  -0.149390
324.267029  -0.149437
324.287029  -0.149473
324.307028  -0.149461
324.327027  -0.149485
324.347026  -0.149437
324.367025  -0.149485
324.387025  -0.149461
324.407024  -0.149497
324.427023  -0.149473
324.447022  -0.149532
324.467021  -0.149520
324.487021  -0.149509
324.507020  -0.149520
324.527019  -0.149532
324.547018  -0.149532
324.567017  -0.149532
324.587017  -0.149544
324.607016  -0.149568
324.627015  -0.149580
324.647014  -0.149592
324.667013  -0.149556
324.687013  -0.149580
324.707012  -0.149592
324.727011  -0.149580
324.747010  -0.149616
324.767009  -0.149616
324.787009  -0.149604
324.807008  -0.149628
324.827007  -0.149640
324.847006  -0.149651
324.867005  -0.149651
324.887005  -0.149651
324.907004  -0.149651
324.927003  -0.149675
324.947002  -0.149711
324.967001  -0.149699
324.987001  -0.149699
325.007000  -0.149699
325.026999  -0.149735
325.046998  -0.149699
325.066997  -0.149735
325.086997  -0.149735
325.106996  -0.149735
325.126995  -0.149770
325.146994  -0.149782
325.166993  -0.149747
325.186993  -0.149794
325.206992  -0.149759
325.226991  -0.149759
325.246990  -0.149818
325.266989  -0.149794
325.286989  -0.149759
325.306988  -0.149818
325.326987  -0.149818
325.346986  -0.149830
325.366985  -0.149854
325.386985  -0.149854
325.406984  -0.149842
325.426983  -0.149842
325.446982  -0.149878
325.466981  -0.149878
325.486981  -0.149866
325.506980  -0.149889
325.526979  -0.149889
325.546978  -0.149913
325.566977  -0.149901
325.586977  -0.149925
325.606976  -0.149913
325.626975  -0.149949
325.646974  -0.149937
325.666973  -0.149949
325.686973  -0.149949
325.706972  -0.149937
325.726971  -0.149961
325.746970  -0.149961
325.766969  -0.149997
325.786969  -0.150008
325.806968  -0.150020
325.826967  -0.149997
325.846966  -0.150032
325.866965  -0.150020
325.886965  -0.150044
325.906964  -0.150080
325.926963  -0.150044
325.946962  -0.150032
325.966961  -0.150080
325.986961  -0.150080
326.006960  -0.150056
326.026959  -0.150092
326.046958  -0.150080
326.066957  -0.150092
326.086957  -0.150104
326.106956  -0.150104
326.126955  -0.150139
326.146954  -0.150116
326.166953  -0.150139
326.186953  -0.150151
326.206952  -0.150139
326.226951  -0.150175
326.246950  -0.150128
326.266949  -0.150175
326.286949  -0.150199
326.306948  -0.150175
326.326947  -0.150175
326.346946  -0.150223
326.366945  -0.150187
326.386945  -0.150199
326.406944  -0.150235
326.426943  -0.150235
326.446942  -0.150247
326.466941  -0.150247
326.486941  -0.150223
326.506940  -0.150247
326.526939  -0.150270
326.546938  -0.150294
326.566937  -0.150294
326.586937  -0.150270
326.606936  -0.150282
326.626935  -0.150294
326.646934  -0.150294
326.666933  -0.150318
326.686933  -0.150306
326.706932  -0.150306
326.726931  -0.150318
326.746930  -0.150330
326.766929  -0.150366
326.786929  -0.150354
326.806928  -0.150342
326.826927  -0.150366
326.846926  -0.150401
326.866925  -0.150377
326.886925  -0.150413
326.906924  -0.150401
326.926923  -0.150389
326.946922  -0.150425
326.966921  -0.150425
326.986921  -0.150401
327.006920  -0.150413
327.026919  -0.150449
327.046918  -0.150413
327.066917  -0.150437
327.086917  -0.150449
327.106916  -0.150461
327.126915  -0.150461
327.146914  -0.150485
327.166913  -0.150473
327.186913  -0.150520
327.206912  -0.150508
327.226911  -0.150508
327.246910  -0.150520
327.266909  -0.150568
327.286909  -0.150532
327.306908  -0.150544
327.326907  -0.150532
327.346906  -0.150544
327.366905  -0.150556
327.386905  -0.150592
327.406904  -0.150556
327.426903  -0.150604
327.446902  -0.150604
327.466901  -0.150592
327.486901  -0.150592
327.506900  -0.150639
327.526899  -0.150616
327.546898  -0.150616
327.566897  -0.150627
327.586897  -0.150651
327.606896  -0.150651
327.626895  -0.150675
327.646894  -0.150651
327.666893  -0.150651
327.686893  -0.150699
327.706892  -0.150687
327.726891  -0.150699
327.746890  -0.150699
327.766889  -0.150711
327.786889  -0.150699
327.806888  -0.150723
327.826887  -0.150723
327.846886  -0.150723
327.866885  -0.150735
327.886885  -0.150794
327.906884  -0.150758
327.926883  -0.150806
327.946882  -0.150758
327.966881  -0.150770
327.986881  -0.150770
328.006880  -0.150782
328.026879  -0.150758
328.046878  -0.150806
328.066877  -0.150854
328.086877  -0.150806
328.106876  -0.150830
328.126875  -0.150854
328.146874  -0.150842
328.166873  -0.150854
328.186873  -0.150865
328.206872  -0.150865
328.226871  -0.150865
328.246870  -0.150901
328.266869  -0.150889
328.286869  -0.150901
328.306868  -0.150901
328.326867  -0.150925
328.346866  -0.150949
328.366865  -0.150925
328.386865  -0.150949
328.406864  -0.150937
328.426863  -0.150973
328.446862  -0.150925
328.466861  -0.150961
328.486861  -0.150961
328.506860  -0.150973
328.526859  -0.150996
328.546858  -0.151008
328.566857  -0.150973
328.586857  -0.151008
328.606856  -0.150996
328.626855  -0.150996
328.646854  -0.151032
328.666853  -0.151032
328.686853  -0.151032
328.706852  -0.151044
328.726851  -0.151080
328.746850  -0.151068
328.766849  -0.151080
328.786849  -0.151092
328.806848  -0.151104
328.826847  -0.151092
328.846846  -0.151092
328.866845  -0.151080
328.886845  -0.151115
328.906844  -0.151104
328.926843  -0.151115
328.946842  -0.151127
328.966841  -0.151139
328.986841  -0.151163
329.006840  -0.151151
329.026839  -0.151151
329.046838  -0.151175
329.066837  -0.151139
329.086837  -0.151187
329.106836  -0.151199
329.126835  -0.151199
329.146834  -0.151211
329.166833  -0.151211
329.186833  -0.151223
329.206832  -0.151246
329.226831  -0.151234
329.246830  -0.151246
329.266829  -0.151234
329.286829  -0.151234
329.306828  -0.151258
329.326827  -0.151270
329.346826  -0.151270
329.366825  -0.151294
329.386825  -0.151282
329.406824  -0.151318
329.426823  -0.151282
329.446822  -0.151318
329.466821  -0.151306
329.486821  -0.151294
329.506820  -0.151353
329.526819  -0.151353
329.546818  -0.151330
329.566817  -0.151365
329.586817  -0.151353
329.606816  -0.151365
329.626815  -0.151353
329.646814  -0.151365
329.666813  -0.151365
329.686813  -0.151389
329.706812  -0.151425
329.726811  -0.151377
329.746810  -0.151413
329.766809  -0.151413
329.786809  -0.151437
329.806808  -0.151449
329.826807  -0.151449
329.846806  -0.151437
329.866805  -0.151461
329.886805  -0.151508
329.906804  -0.151461
329.926803  -0.151496
329.946802  -0.151496
329.966801  -0.151508
329.986801  -0.151520
330.006800  -0.151532
330.026799  -0.151508
330.046798  -0.151544
330.066797  -0.151544
330.086797  -0.151532
330.106796  -0.151544
330.126795  -0.151556
330.146794  -0.151544
330.166793  -0.151556
330.186793  -0.151592
330.206792  -0.151592
330.226791  -0.151580
330.246790  -0.151615
330.266789  -0.151592
330.286789  -0.151603
330.306788  -0.151603
330.326787  -0.151639
330.346786  -0.151615
330.366785  -0.151651
330.386785  -0.151651
330.406784  -0.151639
330.426783  -0.151675
330.446782  -0.151687
330.466781  -0.151675
330.486781  -0.151675
330.506780  -0.151722
330.526779  -0.151699
330.546778  -0.151711
330.566777  -0.151675
330.586777  -0.151746
330.606776  -0.151746
330.626775  -0.151758
330.646774  -0.151746
330.666773  -0.151734
330.686773  -0.151734
330.706772  -0.151758
330.726771  -0.151782
330.746770  -0.151782
330.766769  -0.151770
330.786769  -0.151782
330.806768  -0.151782
330.826767  -0.151794
330.846766  -0.151818
330.866765  -0.151806
330.886765  -0.151830
330.906764  -0.151806
330.926763  -0.151806
330.946762  -0.151830
330.966761  -0.151853
330.986761  -0.151853
331.006760  -0.151877
331.026759  -0.151889
331.046758  -0.151901
331.066757  -0.151841
331.086757  -0.151901
331.106756  -0.151901
331.126755  -0.151913
331.146754  -0.151913
331.166753  -0.151913
331.186753  -0.151913
331.206752  -0.151925
331.226751  -0.151937
331.246750  -0.151949
331.266749  -0.151937
331.286749  -0.151960
331.306748  -0.151972
331.326747  -0.151972
331.346746  -0.151972
331.366745  -0.151996
331.386745  -0.152020
331.406744  -0.151984
331.426743  -0.152008
331.446742  -0.152020
331.466741  -0.152020
331.486741  -0.152056
331.506740  -0.152044
331.526739  -0.152032
331.546738  -0.152044
331.566737  -0.152032
331.586737  -0.152056
331.606736  -0.152091
331.626735  -0.152091
331.646734  -0.152091
331.666733  -0.152091
331.686733  -0.152115
331.706732  -0.152139
331.726731  -0.152115
331.746730  -0.152127
331.766729  -0.152127
331.786729  -0.152115
331.806728  -0.152115
331.826727  -0.152151
331.846726  -0.152187
331.866725  -0.152151
331.886725  -0.152187
331.906724  -0.152175
331.926723  -0.152187
331.946722  -0.152175
331.966721  -0.152187
331.986721  -0.152199
332.006720  -0.152187
332.026719  -0.152341
332.046718  -0.152377
332.066717  -0.152199
332.086717  -0.152068
332.106716  -0.152032
332.126715  -0.152008
332.146714  -0.151925
332.166713  -0.151949
332.186713  -0.151996
332.206712  -0.152080
332.226711  -0.152020
332.246710  -0.152008
332.266709  -0.151925
332.286709  -0.151889
332.306708  -0.151853
332.326707  -0.151853
332.346706  -0.151889
332.366705  -0.151925
332.386705  -0.151984
332.406704  -0.151949
332.426703  -0.151984
332.446702  -0.151913
332.466701  -0.151889
332.486701  -0.151877
332.506700  -0.151889
332.526699  -0.151913
332.546698  -0.151949
332.566697  -0.151972
332.586697  -0.151984
332.606696  -0.151960
332.626695  -0.151984
332.646694  -0.151925
332.666693  -0.151972
332.686693  -0.151972
332.706692  -0.152008
332.726691  -0.151996
332.746690  -0.152056
332.766689  -0.152068
332.786689  -0.152044
332.806688  -0.152032
332.826687  -0.152056
332.846686  -0.152068
332.866685  -0.152068
332.886685  -0.152103
332.906684  -0.152091
332.926683  -0.152127
332.946682  -0.152115
332.966681  -0.152103
332.986681  -0.152127
333.006680  -0.152151
333.026679  -0.152318
333.046678  -0.152651
333.066677  -0.152865
333.086677  -0.153032
333.106676  -0.153198
333.126675  -0.153436
333.146674  -0.153591
333.166673  -0.153805
333.186673  -0.154008
333.206672  -0.154258
333.226671  -0.154448
333.246670  -0.154591
333.266669  -0.154805
333.286669  -0.155055
333.306668  -0.155258
333.326667  -0.155472
333.346666  -0.155686
333.366665  -0.155900
333.386665  -0.156091
333.406664  -0.156353
333.426663  -0.156555
333.446662  -0.156733
333.466661  -0.156960
333.486661  -0.157162
333.506660  -0.157388
333.526659  -0.157590
333.546658  -0.157828
333.566657  -0.158043
333.586657  -0.158257
333.606656  -0.158471
333.626655  -0.158674
333.646654  -0.158888
333.666653  -0.159138
333.686653  -0.159304
333.706652  -0.159542
333.726651  -0.159769
333.746650  -0.159983
333.766649  -0.160197
333.786649  -0.160423
333.806648  -0.160626
333.826647  -0.160840
333.846646  -0.161066
333.866645  -0.161268
333.886645  -0.161471
333.906644  -0.161709
333.926643  -0.161923
333.946642  -0.162161
333.966641  -0.162339
333.986641  -0.162554
334.006640  -0.162768
334.026639  -0.162994
334.046638  -0.163220
334.066637  -0.163411
334.086637  -0.163625
334.106636  -0.163815
334.126635  -0.164042
334.146634  -0.164232
334.166633  -0.164422
334.186633  -0.164660
334.206632  -0.164887
334.226631  -0.165077
334.246630  -0.165303
334.266629  -0.165482
334.286629  -0.165696
334.306628  -0.165886
334.326627  -0.166113
334.346626  -0.166315
334.366625  -0.166493
334.386625  -0.166732
334.406624  -0.166922
334.426623  -0.167136
334.446622  -0.167327
334.466621  -0.167529
334.486621  -0.167731
334.506620  -0.167910
334.526619  -0.168112
334.546618  -0.168303
334.566617  -0.168541
334.586617  -0.168719
334.606616  -0.168933
334.626615  -0.169124
334.646614  -0.169326
334.666613  -0.169517
334.686613  -0.169719
334.706612  -0.169898
334.726611  -0.170100
334.746610  -0.170314
334.766609  -0.170493
334.786609  -0.170683
334.806608  -0.170874
334.826607  -0.171088
334.846606  -0.171254
334.866605  -0.171469
334.886605  -0.171647
334.906604  -0.171826
334.926603  -0.172052
334.946602  -0.172230
334.966601  -0.172385
334.986601  -0.172611
335.006600  -0.172766
335.026599  -0.172968
335.046598  -0.173147
335.066597  -0.173373
335.086597  -0.173516
335.106596  -0.173754
335.126595  -0.173885
335.146594  -0.174075
335.166593  -0.174266
335.186593  -0.174409
335.206592  -0.174587
335.226591  -0.174825
335.246590  -0.174980
335.266589  -0.175158
335.286589  -0.175349
335.306588  -0.175492
335.326587  -0.175694
335.346586  -0.175861
335.366585  -0.176039
335.386585  -0.176218
335.406584  -0.176408
335.426583  -0.176551
335.446582  -0.176730
335.466581  -0.176884
335.486581  -0.177087
335.506580  -0.177253
335.526579  -0.177384
335.546578  -0.177598
335.566577  -0.177753
335.586577  -0.177908
335.606576  -0.178098
335.626575  -0.178241
335.646574  -0.178420
335.666573  -0.178586
335.686573  -0.178741
335.706572  -0.178932
335.726571  -0.179086
335.746570  -0.179241
335.766569  -0.179408
335.786569  -0.179539
335.806568  -0.179729
335.826567  -0.179908
335.846566  -0.180086
335.866565  -0.180193
335.886565  -0.180372
335.906564  -0.180538
335.926563  -0.180681
335.946562  -0.180848
335.966561  -0.181014
335.986561  -0.181145
336.006560  -0.181288
336.026559  -0.181502
336.046558  -0.181645
336.066557  -0.181776
336.086557  -0.181931
336.106556  -0.182133
336.126555  -0.182264
336.146554  -0.182407
336.166553  -0.182550
336.186553  -0.182693
336.206552  -0.182859
336.226551  -0.183026
336.246550  -0.183157
336.266549  -0.183312
336.286549  -0.183454
336.306548  -0.183597
336.326547  -0.183752
336.346546  -0.183895
336.366545  -0.184050
336.386545  -0.184181
336.406544  -0.184359
336.426543  -0.184466
336.446542  -0.184621
336.466541  -0.184764
336.486541  -0.184907
336.506540  -0.185061
336.526539  -0.185216
336.546538  -0.185335
336.566537  -0.185490
336.586537  -0.185633
336.606536  -0.185764
336.626535  -0.185883
336.646534  -0.186037
336.666533  -0.186168
336.686533  -0.186311
336.706532  -0.186454
336.726531  -0.186585
336.746530  -0.186728
336.766529  -0.186882
336.786529  -0.186989
336.806528  -0.187120
336.826527  -0.187275
336.846526  -0.187382
336.866525  -0.187513
336.886525  -0.187632
336.906524  -0.187763
336.926523  -0.187930
336.946522  -0.188049
336.966521  -0.188168
336.986521  -0.188299
337.006520  -0.188430
337.026519  -0.188573
337.046518  -0.188668
337.066517  -0.188799
337.086517  -0.188918
337.106516  -0.189072
337.126515  -0.189180
337.146514  -0.189322
337.166513  -0.189418
337.186513  -0.189560
337.206512  -0.189656
337.226511  -0.189810
337.246510  -0.189941
337.266509  -0.190048
337.286509  -0.190156
337.306508  -0.190322
337.326507  -0.190441
337.346506  -0.190548
337.366505  -0.190679
337.386505  -0.190810
337.406504  -0.190965
337.426503  -0.191048
337.446502  -0.191203
337.466501  -0.191274
337.486501  -0.191441
337.506500  -0.191512
337.526499  -0.191667
337.546498  -0.191786
337.566497  -0.191917
337.586497  -0.192036
337.606496  -0.192143
337.626495  -0.192250
337.646494  -0.192334
337.666493  -0.192500
337.686493  -0.192584
337.706492  -0.192703
337.726491  -0.192822
337.746490  -0.192917
337.766489  -0.193048
337.786489  -0.193155
337.806488  -0.193262
337.826487  -0.193357
337.846486  -0.193476
337.866485  -0.193572
337.886485  -0.193679
337.906484  -0.193786
337.926483  -0.193905
337.946482  -0.193976
337.966481  -0.194095
337.986481  -0.194214
338.006480  -0.194309
338.026479  -0.194417
338.046478  -0.194512
338.066477  -0.194619
338.086477  -0.194690
338.106476  -0.194821
338.126475  -0.194916
338.146474  -0.195036
338.166473  -0.195095
338.186473  -0.195238
338.206472  -0.195345
338.226471  -0.195452
338.246470  -0.195547
338.266469  -0.195643
338.286469  -0.195714
338.306468  -0.195821
338.326467  -0.195916
338.346466  -0.196023
338.366465  -0.196095
338.386465  -0.196238
338.406464  -0.196333
338.426463  -0.196404
338.446462  -0.196523
338.466461  -0.196619
338.486461  -0.196714
338.506460  -0.196797
338.526459  -0.196928
338.546458  -0.197011
338.566457  -0.197107
338.586457  -0.197190
338.606456  -0.197285
338.626455  -0.197404
338.646454  -0.197499
338.666453  -0.197559
338.686453  -0.197666
338.706452  -0.197749
338.726451  -0.197833
338.746450  -0.197904
338.766449  -0.198047
338.786449  -0.198083
338.806448  -0.198154
338.826447  -0.198273
338.846446  -0.198368
338.866445  -0.198463
338.886445  -0.198559
338.906444  -0.198594
338.926443  -0.198701
338.946442  -0.198797
338.966441  -0.198868
338.986441  -0.198963
339.006440  -0.199082
339.026439  -0.199154
339.046438  -0.199249
339.066437  -0.199320
339.086437  -0.199404
339.106436  -0.199523
339.126435  -0.199570
339.146434  -0.199689
339.166433  -0.199737
339.186433  -0.199808
339.206432  -0.199915
339.226431  -0.199999
339.246430  -0.200082
339.266429  -0.200142
339.286429  -0.200213
339.306428  -0.200320
339.326427  -0.200403
339.346426  -0.200475
339.366425  -0.200546
339.386425  -0.200618
339.406424  -0.200665
339.426423  -0.200761
339.446422  -0.200820
339.466421  -0.200927
339.486421  -0.200987
339.506420  -0.201070
339.526419  -0.201106
339.546418  -0.201213
339.566417  -0.201284
339.586417  -0.201356
339.606416  -0.201379
339.626415  -0.201475
339.646414  -0.201510
339.666413  -0.201606
339.686413  -0.201677
339.706412  -0.201748
339.726411  -0.201796
339.746410  -0.201844
339.766409  -0.201891
339.786409  -0.201963
339.806408  -0.202010
339.826407  -0.202034
339.846406  -0.202082
339.866405  -0.202129
339.886405  -0.202177
339.906404  -0.202201
339.926403  -0.202225
339.946402  -0.202225
339.966401  -0.202272
339.986401  -0.202296
340.006400  -0.202308
340.026399  -0.202320
340.046398  -0.202367
340.066397  -0.202415
340.086397  -0.202439
340.106396  -0.202463
340.126395  -0.202463
340.146394  -0.202486
340.166393  -0.202558
340.186393  -0.202546
340.206392  -0.202605
340.226391  -0.202677
340.246390  -0.202713
340.266389  -0.202772
340.286389  -0.202796
340.306388  -0.202867
340.326387  -0.202939
340.346386  -0.202974
340.366385  -0.203070
340.386385  -0.203129
340.406384  -0.203201
340.426383  -0.203296
340.446382  -0.203343
340.466381  -0.203450
340.486381  -0.203510
340.506380  -0.203605
340.526379  -0.203700
340.546378  -0.203796
340.566377  -0.203843
340.586377  -0.203938
340.606376  -0.204010
340.626375  -0.204093
340.646374  -0.204188
340.666373  -0.204260
340.686373  -0.204307
340.706372  -0.204403
340.726371  -0.204450
340.746370  -0.204557
340.766369  -0.204605
340.786369  -0.204653
340.806368  -0.204736
340.826367  -0.204748
340.846366  -0.204807
340.866365  -0.204867
340.886365  -0.204950
340.906364  -0.204986
340.926363  -0.205022
340.946362  -0.205069
340.966361  -0.205129
340.986361  -0.205141
341.006360  -0.205236
341.026359  -0.205272
341.046358  -0.205319
341.066357  -0.205331
341.086357  -0.205367
341.106356  -0.205402
341.126355  -0.205438
341.146354  -0.205462
341.166353  -0.205486
341.186353  -0.205498
341.206352  -0.205569
341.226351  -0.205569
341.246350  -0.205569
341.266349  -0.205581
341.286349  -0.205605
341.306348  -0.205629
341.326347  -0.205629
341.346346  -0.205652
341.366345  -0.205712
341.386345  -0.205724
341.406344  -0.205783
341.426343  -0.205771
341.446342  -0.205819
341.466341  -0.205867
341.486341  -0.205867
341.506340  -0.205926
341.526339  -0.205962
341.546338  -0.205998
341.566337  -0.206033
341.586337  -0.206069
341.606336  -0.206069
341.626335  -0.206152
341.646334  -0.206176
341.666333  -0.206188
341.686333  -0.206224
341.706332  -0.206224
341.726331  -0.206259
341.746330  -0.206283
341.766329  -0.206307
341.786329  -0.206343
341.806328  -0.206378
341.826327  -0.206402
341.846326  -0.206426
341.866325  -0.206426
341.886325  -0.206474
341.906324  -0.206474
341.926323  -0.206497
341.946322  -0.206521
341.966321  -0.206545
341.986321  -0.206593
342.006320  -0.206616
342.026319  -0.206628
342.046318  -0.206688
342.066317  -0.206700
342.086317  -0.206736
342.106316  -0.206747
342.126315  -0.206819
342.146314  -0.206819
342.166313  -0.206902
342.186313  -0.206914
342.206312  -0.206950
342.226311  -0.206985
342.246310  -0.207021
342.266309  -0.207009
342.286309  -0.207081
342.306308  -0.207093
342.326307  -0.207069
342.346306  -0.207116
342.366305  -0.207128
342.386305  -0.207093
342.406304  -0.207116
342.426303  -0.207128
342.446302  -0.207128
342.466301  -0.207140
342.486301  -0.207152
342.506300  -0.207164
342.526299  -0.207116
342.546298  -0.207140
342.566297  -0.207128
342.586297  -0.207164
342.606296  -0.207128
342.626295  -0.207128
342.646294  -0.207140
342.666293  -0.207116
342.686293  -0.207104
342.706292  -0.207069
342.726291  -0.207057
342.746290  -0.206974
342.766289  -0.206997
342.786289  -0.206985
342.806288  -0.206974
342.826287  -0.206950
342.846286  -0.206938
342.866285  -0.206902
342.886285  -0.206926
342.906284  -0.206902
342.926283  -0.206890
342.946282  -0.206866
342.966281  -0.206878
342.986281  -0.206855
343.006280  -0.206831
343.026279  -0.206831
343.046278  -0.206831
343.066277  -0.206843
343.086277  -0.206807
343.106276  -0.206807
343.126275  -0.206783
343.146274  -0.206783
343.166273  -0.206771
343.186273  -0.206700
343.206272  -0.206688
343.226271  -0.206676
343.246270  -0.206640
343.266269  -0.206605
343.286269  -0.206605
343.306268  -0.206581
343.326267  -0.206569
343.346266  -0.206497
343.366265  -0.206474
343.386265  -0.206474
343.406264  -0.206402
343.426263  -0.206390
343.446262  -0.206355
343.466261  -0.206343
343.486261  -0.206307
343.506260  -0.206283
343.526259  -0.206259
343.546258  -0.206164
343.566257  -0.206176
343.586257  -0.206164
343.606256  -0.206057
343.626255  -0.206021
343.646254  -0.206033
343.666253  -0.205974
343.686253  -0.205950
343.706252  -0.205867
343.726251  -0.205831
343.746250  -0.205831
343.766249  -0.205807
343.786249  -0.205760
343.806248  -0.205724
343.826247  -0.205688
343.846246  -0.205664
343.866245  -0.205640
343.886245  -0.205640
343.906244  -0.205629
343.926243  -0.205629
343.946242  -0.205617
343.966241  -0.205605
343.986241  -0.205593
344.006240  -0.205569
344.026239  -0.205593
344.046238  -0.205557
344.066237  -0.205581
344.086237  -0.205533
344.106236  -0.205545
344.126235  -0.205569
344.146234  -0.205557
344.166233  -0.205533
344.186233  -0.205557
344.206232  -0.205545
344.226231  -0.205569
344.246230  -0.205545
344.266229  -0.205545
344.286229  -0.205545
344.306228  -0.205521
344.326227  -0.205498
344.346226  -0.205474
344.366225  -0.205450
344.386225  -0.205438
344.406224  -0.205367
344.426223  -0.205331
344.446222  -0.205331
344.466221  -0.205283
344.486221  -0.205224
344.506220  -0.205188
344.526219  -0.205164
344.546218  -0.205153
344.566217  -0.205081
344.586217  -0.205045
344.606216  -0.205010
344.626215  -0.204950
344.646214  -0.204926
344.666213  -0.204879
344.686213  -0.204855
344.706212  -0.204807
344.726211  -0.204772
344.746210  -0.204724
344.766209  -0.204676
344.786209  -0.204641
344.806208  -0.204581
344.826207  -0.204510
344.846206  -0.204474
344.866205  -0.204403
344.886205  -0.204355
344.906204  -0.204331
344.926203  -0.204236
344.946202  -0.204188
344.966201  -0.204141
344.986201  -0.204093
345.006200  -0.204022
345.026199  -0.203998
345.046198  -0.203927
345.066197  -0.203867
345.086197  -0.203819
345.106196  -0.203748
345.126195  -0.203712
345.146194  -0.203677
345.166193  -0.203641
345.186193  -0.203581
345.206192  -0.203569
345.226191  -0.203569
345.246190  -0.203522
345.266189  -0.203498
345.286189  -0.203486
345.306188  -0.203486
345.326187  -0.203498
345.346186  -0.203439
345.366185  -0.203427
345.386185  -0.203450
345.406184  -0.203450
345.426183  -0.203439
345.446182  -0.203439
345.466181  -0.203427
345.486181  -0.203391
345.506180  -0.203403
345.526179  -0.203391
345.546178  -0.203367
345.566177  -0.203343
345.586177  -0.203331
345.606176  -0.203320
345.626175  -0.203320
345.646174  -0.203331
345.666173  -0.203260
345.686173  -0.203248
345.706172  -0.203212
345.726171  -0.203165
345.746170  -0.203153
345.766169  -0.203093
345.786169  -0.203058
345.806168  -0.203046
345.826167  -0.202986
345.846166  -0.202915
345.866165  -0.202843
345.886165  -0.202784
345.906164  -0.202713
345.926163  -0.202629
345.946162  -0.202570
345.966161  -0.202510
345.986161  -0.202391
346.006160  -0.202344
346.026159  -0.202248
346.046158  -0.202141
346.066157  -0.202094
346.086157  -0.202010
346.106156  -0.201915
346.126155  -0.201832
346.146154  -0.201748
346.166153  -0.201653
346.186153  -0.201594
346.206152  -0.201498
346.226151  -0.201427
346.246150  -0.201344
346.266149  -0.201272
346.286149  -0.201201
346.306148  -0.201130
346.326147  -0.201058
346.346146  -0.200975
346.366145  -0.200903
346.386145  -0.200856
346.406144  -0.200761
346.426143  -0.200689
346.446142  -0.200606
346.466141  -0.200522
346.486141  -0.200463
346.506140  -0.200380
346.526139  -0.200308
346.546138  -0.200201
346.566137  -0.200130
346.586137  -0.200034
346.606136  -0.199975
346.626135  -0.199868
346.646134  -0.199796
346.666133  -0.199713
346.686133  -0.199618
346.706132  -0.199547
346.726131  -0.199463
346.746130  -0.199368
346.766129  -0.199285
346.786129  -0.199178
346.806128  -0.199166
346.826127  -0.199011
346.846126  -0.198963
346.866125  -0.198892
346.886125  -0.198856
346.906124  -0.198773
346.926123  -0.198713
346.946122  -0.198654
346.966121  -0.198594
346.986121  -0.198547
347.006120  -0.198499
347.026119  -0.198487
347.046118  -0.198451
347.066117  -0.198440
347.086117  -0.198392
347.106116  -0.198368
347.126115  -0.198344
347.146114  -0.198344
347.166113  -0.198309
347.186113  -0.198273
347.206112  -0.198273
347.226111  -0.198237
347.246110  -0.198249
347.266109  -0.198225
347.286109  -0.198225
347.306108  -0.198213
347.326107  -0.198166
347.346106  -0.198166
347.366105  -0.198142
347.386105  -0.198130
347.406104  -0.198106
347.426103  -0.198071
347.446102  -0.198035
347.466101  -0.198059
347.486101  -0.198047
347.506100  -0.198023
347.526099  -0.198023
347.546098  -0.197975
347.566097  -0.197987
347.586097  -0.197963
347.606096  -0.197940
347.626095  -0.197904
347.646094  -0.197904
347.666093  -0.197868
347.686093  -0.197856
347.706092  -0.197833
347.726091  -0.197844
347.746090  -0.197821
347.766089  -0.197856
347.786089  -0.197749
347.806088  -0.197749
347.826087  -0.197749
347.846086  -0.197725
347.866085  -0.197690
347.886085  -0.197642
347.906084  -0.197642
347.926083  -0.197630
347.946082  -0.197630
347.966081  -0.197606
347.986081  -0.197547
348.006080  -0.197547
348.026079  -0.197523
348.046078  -0.197487
348.066077  -0.197475
348.086077  -0.197452
348.106076  -0.197440
348.126075  -0.197416
348.146074  -0.197380
348.166073  -0.197356
348.186073  -0.197345
348.206072  -0.197321
348.226071  -0.197273
348.246070  -0.197285
348.266069  -0.197237
348.286069  -0.197214
348.306068  -0.197178
348.326067  -0.197154
348.346066  -0.197071
348.366065  -0.197083
348.386065  -0.197047
348.406064  -0.196964
348.426063  -0.196892
348.446062  -0.196845
348.466061  -0.196761
348.486061  -0.196726
348.506060  -0.196654
348.526059  -0.196583
348.546058  -0.196571
348.566057  -0.196511
348.586057  -0.196452
348.606056  -0.196428
348.626055  -0.196380
348.646054  -0.196345
348.666053  -0.196297
348.686053  -0.196285
348.706052  -0.196238
348.726051  -0.196190
348.746050  -0.196178
348.766049  -0.196131
348.786049  -0.196083
348.806048  -0.196059
348.826047  -0.196011
348.846046  -0.195976
348.866045  -0.195988
348.886045  -0.195940
348.906044  -0.195904
348.926043  -0.195892
348.946042  -0.195892
348.966041  -0.195881
348.986041  -0.195904
349.006040  -0.195916
349.026039  -0.195928
349.046038  -0.195940
349.066037  -0.195928
349.086037  -0.195928
349.106036  -0.195928
349.126035  -0.195916
349.146034  -0.195904
349.166033  -0.195892
349.186033  -0.195845
349.206032  -0.195833
349.226031  -0.195833
349.246030  -0.195821
349.266029  -0.195809
349.286029  -0.195773
349.306028  -0.195773
349.326027  -0.195726
349.346026  -0.195738
349.366025  -0.195678
349.386025  -0.195678
349.406024  -0.195666
349.426023  -0.195619
349.446022  -0.195559
349.466021  -0.195571
349.486021  -0.195559
349.506020  -0.195500
349.526019  -0.195452
349.546018  -0.195440
349.566017  -0.195369
349.586017  -0.195357
349.606016  -0.195309
349.626015  -0.195285
349.646014  -0.195285
349.666013  -0.195262
349.686013  -0.195178
349.706012  -0.195166
349.726011  -0.195119
349.746010  -0.195036
349.766009  -0.194988
349.786009  -0.194952
349.806008  -0.194893
349.826007  -0.194833
349.846006  -0.194762
349.866005  -0.194690
349.886005  -0.194678
349.906004  -0.194571
349.926003  -0.194488
349.946002  -0.194452
349.966001  -0.194405
349.986001  -0.194333
350.006000  -0.194333
350.025999  -0.194309
350.045998  -0.194238
350.065997  -0.194226
350.085997  -0.194238
350.105996  -0.194214
350.125995  -0.194202
350.145994  -0.194202
350.165993  -0.194226
350.185993  -0.194226
350.205992  -0.194226
350.225991  -0.194214
350.245990  -0.194226
350.265989  -0.194274
350.285989  -0.194250
350.305988  -0.194262
350.325987  -0.194262
350.345986  -0.194262
350.365985  -0.194274
350.385985  -0.194286
350.405984  -0.194274
350.425983  -0.194321
350.445982  -0.194357
350.465981  -0.194381
350.485981  -0.194369
350.505980  -0.194369
350.525979  -0.194405
350.545978  -0.194405
350.565977  -0.194417
350.585977  -0.194405
350.605976  -0.194464
350.625975  -0.194488
350.645974  -0.194536
350.665973  -0.194559
350.685973  -0.194571
350.705972  -0.194619
350.725971  -0.194690
350.745970  -0.194667
350.765969  -0.194726
350.785969  -0.194714
350.805968  -0.194750
350.825967  -0.194762
350.845966  -0.194762
350.865965  -0.194774
350.885965  -0.194762
350.905964  -0.194738
350.925963  -0.194726
350.945962  -0.194690
350.965961  -0.194667
350.985961  -0.194607
351.005960  -0.194571
351.025959  -0.194512
351.045958  -0.194452
351.065957  -0.194393
351.085957  -0.194357
351.105956  -0.194274
351.125955  -0.194214
351.145954  -0.194167
351.165953  -0.194107
351.185953  -0.194036
351.205952  -0.193988
351.225951  -0.193940
351.245950  -0.193929
351.265949  -0.193881
351.285949  -0.193869
351.305948  -0.193869
351.325947  -0.193845
351.345946  -0.193833
351.365945  -0.193821
351.385945  -0.193821
351.405944  -0.193810
351.425943  -0.193821
351.445942  -0.193810
351.465941  -0.193810
351.485941  -0.193833
351.505940  -0.193869
351.525939  -0.193821
351.545938  -0.193833
351.565937  -0.193821
351.585937  -0.193786
351.605936  -0.193821
351.625935  -0.193786
351.645934  -0.193762
351.665933  -0.193774
351.685933  -0.193750
351.705932  -0.193738
351.725931  -0.193750
351.745930  -0.193726
351.765929  -0.193667
351.785929  -0.193655
351.805928  -0.193631
351.825927  -0.193607
351.845926  -0.193583
351.865925  -0.193560
351.885925  -0.193512
351.905924  -0.193488
351.925923  -0.193452
351.945922  -0.193441
351.965921  -0.193441
351.985921  -0.193381
352.005920  -0.193369
352.025919  -0.193464
352.045918  -0.193524
352.065917  -0.193560
352.085917  -0.193631
352.105916  -0.193714
352.125915  -0.193821
352.145914  -0.193893
352.165913  -0.193988
352.185913  -0.194095
352.205912  -0.194190
352.225911  -0.194286
352.245910  -0.194393
352.265909  -0.194512
352.285909  -0.194607
352.305908  -0.194678
352.325907  -0.194809
352.345906  -0.194928
352.365905  -0.194988
352.385905  -0.195083
352.405904  -0.195202
352.425903  -0.195285
352.445902  -0.195345
352.465901  -0.195452
352.485901  -0.195488
352.505900  -0.195571
352.525899  -0.195654
352.545898  -0.195714
352.565897  -0.195785
352.585897  -0.195857
352.605896  -0.195881
352.625895  -0.195940
352.645894  -0.196000
352.665893  -0.196047
352.685893  -0.196107
352.705892  -0.196107
352.725891  -0.196166
352.745890  -0.196226
352.765889  -0.196297
352.785889  -0.196321
352.805888  -0.196380
352.825887  -0.196416
352.845886  -0.196464
352.865885  -0.196488
352.885885  -0.196511
352.905884  -0.196571
352.925883  -0.196607
352.945882  -0.196654
352.965881  -0.196714
352.985881  -0.196761
353.005880  -0.196773
353.025879  -0.196797
353.045878  -0.196821
353.065877  -0.196880
353.085877  -0.196916
353.105876  -0.196928
353.125875  -0.196964
353.145874  -0.196999
353.165873  -0.197011
353.185873  -0.197059
353.205872  -0.197107
353.225871  -0.197142
353.245870  -0.197154
353.265869  -0.197202
353.285869  -0.197214
353.305868  -0.197249
353.325867  -0.197309
353.345866  -0.197345
353.365865  -0.197404
353.385865  -0.197464
353.405864  -0.197535
353.425863  -0.197583
353.445862  -0.197630
353.465861  -0.197678
353.485861  -0.197714
353.505860  -0.197797
353.525859  -0.197844
353.545858  -0.197880
353.565857  -0.197940
353.585857  -0.198011
353.605856  -0.198047
353.625855  -0.198106
353.645854  -0.198118
353.665853  -0.198178
353.685853  -0.198225
353.705852  -0.198285
353.725851  -0.198273
353.745850  -0.198332
353.765849  -0.198368
353.785849  -0.198380
353.805848  -0.198440
353.825847  -0.198475
353.845846  -0.198475
353.865845  -0.198547
353.885845  -0.198547
353.905844  -0.198594
353.925843  -0.198642
353.945842  -0.198690
353.965841  -0.198713
353.985841  -0.198737
354.005840  -0.198761
354.025839  -0.198832
354.045838  -0.198832
354.065837  -0.198868
354.085837  -0.198892
354.105836  -0.198916
354.125835  -0.198928
354.145834  -0.198951
354.165833  -0.199023
354.185833  -0.199023
354.205832  -0.199047
354.225831  -0.199059
354.245830  -0.199106
354.265829  -0.199130
354.285829  -0.199166
354.305828  -0.199166
354.325827  -0.199189
354.345826  -0.199237
354.365825  -0.199249
354.385825  -0.199261
354.405824  -0.199320
354.425823  -0.199344
354.445822  -0.199356
354.465821  -0.199380
354.485821  -0.199427
354.505820  -0.199451
354.525819  -0.199463
354.545818  -0.199475
354.565817  -0.199547
354.585817  -0.199547
354.605816  -0.199582
354.625815  -0.199642
354.645814  -0.199654
354.665813  -0.199713
354.685813  -0.199737
354.705812  -0.199785
354.725811  -0.199832
354.745810  -0.199856
354.765809  -0.199951
354.785809  -0.199999
354.805808  -0.200058
354.825807  -0.200142
354.845806  -0.200177
354.865805  -0.200273
354.885805  -0.200296
354.905804  -0.200403
354.925803  -0.200439
354.945802  -0.200511
354.965801  -0.200582
354.985801  -0.200630
355.005800  -0.200701
355.025799  -0.200737
355.045798  -0.200796
355.065797  -0.200868
355.085797  -0.200927
355.105796  -0.200915
355.125795  -0.200987
355.145794  -0.200987
355.165793  -0.201034
355.185793  -0.201082
355.205792  -0.201118
355.225791  -0.201130
355.245790  -0.201165
355.265789  -0.201201
355.285789  -0.201237
355.305788  -0.201237
355.325787  -0.201308
355.345786  -0.201320
355.365785  -0.201368
355.385785  -0.201332
355.405784  -0.201344
355.425783  -0.201356
355.445782  -0.201379
355.465781  -0.201415
355.485781  -0.201439
355.505780  -0.201475
355.525779  -0.201451
355.545778  -0.201475
355.565777  -0.201475
355.585777  -0.201475
355.605776  -0.201510
355.625775  -0.201498
355.645774  -0.201534
355.665773  -0.201522
355.685773  -0.201522
355.705772  -0.201546
355.725771  -0.201510
355.745770  -0.201546
355.765769  -0.201522
355.785769  -0.201546
355.805768  -0.201546
355.825767  -0.201522
355.845766  -0.201558
355.865765  -0.201546
355.885765  -0.201546
355.905764  -0.201546
355.925763  -0.201594
355.945762  -0.201618
355.965761  -0.201582
355.985761  -0.201594
356.005760  -0.201606
356.025759  -0.201594
356.045758  -0.201594
356.065757  -0.201618
356.085757  -0.201582
356.105756  -0.201594
356.125755  -0.201629
356.145754  -0.201629
356.165753  -0.201629
356.185753  -0.201594
356.205752  -0.201618
356.225751  -0.201629
356.245750  -0.201606
356.265749  -0.201618
356.285749  -0.201618
356.305748  -0.201606
356.325747  -0.201606
356.345746  -0.201606
356.365745  -0.201629
356.385745  -0.201582
356.405744  -0.201582
356.425743  -0.201582
356.445742  -0.201546
356.465741  -0.201546
356.485741  -0.201546
356.505740  -0.201534
356.525739  -0.201522
356.545738  -0.201546
356.565737  -0.201522
356.585737  -0.201558
356.605736  -0.201546
356.625735  -0.201558
356.645734  -0.201582
356.665733  -0.201558
356.685733  -0.201582
356.705732  -0.201570
356.725731  -0.201594
356.745730  -0.201606
356.765729  -0.201594
356.785729  -0.201653
356.805728  -0.201629
356.825727  -0.201677
356.845726  -0.201677
356.865725  -0.201701
356.885725  -0.201701
356.905724  -0.201748
356.925723  -0.201796
356.945722  -0.201796
356.965721  -0.201820
356.985721  -0.201844
357.005720  -0.201832
357.025719  -0.201891
357.045718  -0.201903
357.065717  -0.201939
357.085717  -0.201963
357.105716  -0.201986
357.125715  -0.201986
357.145714  -0.202022
357.165713  -0.202046
357.185713  -0.202046
357.205712  -0.202082
357.225711  -0.202094
357.245710  -0.202106
357.265709  -0.202117
357.285709  -0.202177
357.305708  -0.202177
357.325707  -0.202236
357.345706  -0.202248
357.365705  -0.202296
357.385705  -0.202344
357.405704  -0.202367
357.425703  -0.202391
357.445702  -0.202427
357.465701  -0.202474
357.485701  -0.202498
357.505700  -0.202534
357.525699  -0.202582
357.545698  -0.202665
357.565697  -0.202665
357.585697  -0.202713
357.605696  -0.202784
357.625695  -0.202832
357.645694  -0.202855
357.665693  -0.202879
357.685693  -0.202867
357.705692  -0.202915
357.725691  -0.202951
357.745690  -0.202986
357.765689  -0.203010
357.785689  -0.203022
357.805688  -0.202998
357.825687  -0.203046
357.845686  -0.203058
357.865685  -0.203022
357.885685  -0.203046
357.905684  -0.203034
357.925683  -0.203046
357.945682  -0.203046
357.965681  -0.203046
357.985681  -0.203070
358.005680  -0.203046
358.025679  -0.203046
358.045678  -0.203046
358.065677  -0.203034
358.085677  -0.203034
358.105676  -0.203010
358.125675  -0.203022
358.145674  -0.202998
358.165673  -0.202962
358.185673  -0.202998
358.205672  -0.202951
358.225671  -0.202974
358.245670  -0.202962
358.265669  -0.202927
358.285669  -0.202939
358.305668  -0.202891
358.325667  -0.202891
358.345666  -0.202891
358.365665  -0.202903
358.385665  -0.202891
358.405664  -0.202855
358.425663  -0.202903
358.445662  -0.202867
358.465661  -0.202843
358.485661  -0.202843
358.505660  -0.202820
358.525659  -0.202808
358.545658  -0.202808
358.565657  -0.202796
358.585657  -0.202784
358.605656  -0.202772
358.625655  -0.202748
358.645654  -0.202748
358.665653  -0.202736
358.685653  -0.202748
358.705652  -0.202689
358.725651  -0.202701
358.745650  -0.202677
358.765649  -0.202653
358.785649  -0.202665
358.805648  -0.202617
358.825647  -0.202605
358.845646  -0.202570
358.865645  -0.202546
358.885645  -0.202534
358.905644  -0.202486
358.925643  -0.202463
358.945642  -0.202427
358.965641  -0.202379
358.985641  -0.202367
359.005640  -0.202332
359.025639  -0.202320
359.045638  -0.202296
359.065637  -0.202296
359.085637  -0.202225
359.105636  -0.202236
359.125635  -0.202189
359.145634  -0.202141
359.165633  -0.202129
359.185633  -0.202094
359.205632  -0.202046
359.225631  -0.202046
359.245630  -0.202022
359.265629  -0.202010
359.285629  -0.201998
359.305628  -0.201986
359.325627  -0.202010
359.345626  -0.201963
359.365625  -0.201963
359.385625  -0.201963
359.405624  -0.201963
359.425623  -0.201939
359.445622  -0.201975
359.465621  -0.201939
359.485621  -0.201951
359.505620  -0.201939
359.525619  -0.201939
359.545618  -0.201951
359.565617  -0.201939
359.585617  -0.201927
359.605616  -0.201903
359.625615  -0.201891
359.645614  -0.201915
359.665613  -0.201939
359.685613  -0.201915
359.705612  -0.201927
359.725611  -0.201927
359.745610  -0.201891
359.765609  -0.201903
359.785609  -0.201915
359.805608  -0.201903
359.825607  -0.201951
359.845606  -0.201951
359.865605  -0.201939
359.885605  -0.201975
359.905604  -0.202010
359.925603  -0.201998
359.945602  -0.202058
359.965601  -0.202046
359.985601  -0.202070
360.005600  -0.202082
360.025599  -0.202117
360.045598  -0.202106
360.065597  -0.202153
360.085597  -0.202141
360.105596  -0.202153
360.125595  -0.202189
360.145594  -0.202201
360.165593  -0.202201
360.185593  -0.202213
360.205592  -0.202236
360.225591  -0.202225
360.245590  -0.202225
360.265589  -0.202272
360.285589  -0.202248
360.305588  -0.202272
360.325587  -0.202308
360.345586  -0.202284
360.365585  -0.202296
360.385585  -0.202296
360.405584  -0.202320
360.425583  -0.202320
360.445582  -0.202308
360.465581  -0.202355
360.485581  -0.202355
360.505580  -0.202379
360.525579  -0.202403
360.545578  -0.202415
360.565577  -0.202427
360.585577  -0.202439
360.605576  -0.202415
360.625575  -0.202463
360.645574  -0.202463
360.665573  -0.202463
360.685573  -0.202474
360.705572  -0.202522
360.725571  -0.202522
360.745570  -0.202522
360.765569  -0.202546
360.785569  -0.202534
360.805568  -0.202510
360.825567  -0.202522
360.845566  -0.202498
360.865565  -0.202522
360.885565  -0.202546
360.905564  -0.202486
360.925563  -0.202498
360.945562  -0.202522
360.965561  -0.202510
360.985561  -0.202510
361.005560  -0.202498
361.025559  -0.202486
361.045558  -0.202474
361.065557  -0.202486
361.085557  -0.202451
361.105556  -0.202498
361.125555  -0.202463
361.145554  -0.202486
361.165553  -0.202463
361.185553  -0.202486
361.205552  -0.202451
361.225551  -0.202474
361.245550  -0.202439
361.265549  -0.202415
361.285549  -0.202379
361.305548  -0.202367
361.325547  -0.202391
361.345546  -0.202391
361.365545  -0.202415
361.385545  -0.202379
361.405544  -0.202367
361.425543  -0.202344
361.445542  -0.202344
361.465541  -0.202355
361.485541  -0.202296
361.505540  -0.202308
361.525539  -0.202320
361.545538  -0.202320
361.565537  -0.202308
361.585537  -0.202320
361.605536  -0.202320
361.625535  -0.202320
361.645534  -0.202320
361.665533  -0.202320
361.685533  -0.202308
361.705532  -0.202284
361.725531  -0.202320
361.745530  -0.202320
361.765529  -0.202308
361.785529  -0.202332
361.805528  -0.202308
361.825527  -0.202308
361.845526  -0.202308
361.865525  -0.202272
361.885525  -0.202272
361.905524  -0.202272
361.925523  -0.202260
361.945522  -0.202248
361.965521  -0.202225
361.985521  -0.202236
362.005520  -0.202225
362.025519  -0.202177
362.045518  -0.202153
362.065517  -0.202129
362.085517  -0.202082
362.105516  -0.202058
362.125515  -0.202010
362.145514  -0.201986
362.165513  -0.201963
362.185513  -0.201927
362.205512  -0.201903
362.225511  -0.201879
362.245510  -0.201808
362.265509  -0.201796
362.285509  -0.201772
362.305508  -0.201737
362.325507  -0.201701
362.345506  -0.201689
362.365505  -0.201641
362.385505  -0.201629
362.405504  -0.201594
362.425503  -0.201570
362.445502  -0.201546
362.465501  -0.201498
362.485501  -0.201487
362.505500  -0.201451
362.525499  -0.201439
362.545498  -0.201415
362.565497  -0.201391
362.585497  -0.201332
362.605496  -0.201332
362.625495  -0.201296
362.645494  -0.201284
362.665493  -0.201284
362.685493  -0.201237
362.705492  -0.201201
362.725491  -0.201177
362.745490  -0.201130
362.765489  -0.201118
362.785489  -0.201106
362.805488  -0.201094
362.825487  -0.201070
362.845486  -0.201034
362.865485  -0.200999
362.885485  -0.200975
362.905484  -0.200927
362.925483  -0.200880
362.945482  -0.200880
362.965481  -0.200832
362.985481  -0.200808
363.005480  -0.200808
363.025479  -0.200784
363.045478  -0.200761
363.065477  -0.200689
363.085477  -0.200701
363.105476  -0.200677
363.125475  -0.200606
363.145474  -0.200642
363.165473  -0.200558
363.185473  -0.200570
363.205472  -0.200499
363.225471  -0.200522
363.245470  -0.200463
363.265469  -0.200463
363.285469  -0.200403
363.305468  -0.200368
363.325467  -0.200332
363.345466  -0.200296
363.365465  -0.200273
363.385465  -0.200261
363.405464  -0.200213
363.425463  -0.200201
363.445462  -0.200165
363.465461  -0.200142
363.485461  -0.200106
363.505460  -0.200094
363.525459  -0.200034
363.545458  -0.200046
363.565457  -0.200011
363.585457  -0.199999
363.605456  -0.199987
363.625455  -0.199975
363.645454  -0.199951
363.665453  -0.199904
363.685453  -0.199915
363.705452  -0.199892
363.725451  -0.199856
363.745450  -0.199832
363.765449  -0.199832
363.785449  -0.199808
363.805448  -0.199808
363.825447  -0.199808
363.845446  -0.199773
363.865445  -0.199785
363.885445  -0.199761
363.905444  -0.199737
363.925443  -0.199725
363.945442  -0.199713
363.965441  -0.199677
363.985441  -0.199666
364.005440  -0.199618
364.025439  -0.199606
364.045438  -0.199606
364.065437  -0.199558
364.085437  -0.199558
364.105436  -0.199511
364.125435  -0.199511
364.145434  -0.199499
364.165433  -0.199439
364.185433  -0.199439
364.205432  -0.199416
364.225431  -0.199427
364.245430  -0.199404
364.265429  -0.199392
364.285429  -0.199368
364.305428  -0.199380
364.325427  -0.199356
364.345426  -0.199344
364.365425  -0.199332
364.385425  -0.199332
364.405424  -0.199308
364.425423  -0.199320
364.445422  -0.199308
364.465421  -0.199308
364.485421  -0.199320
364.505420  -0.199285
364.525419  -0.199297
364.545418  -0.199273
364.565417  -0.199249
364.585417  -0.199237
364.605416  -0.199261
364.625415  -0.199213
364.645414  -0.199225
364.665413  -0.199201
364.685413  -0.199201
364.705412  -0.199154
364.725411  -0.199178
364.745410  -0.199154
364.765409  -0.199130
364.785409  -0.199094
364.805408  -0.199106
364.825407  -0.199070
364.845406  -0.199047
364.865405  -0.199035
364.885405  -0.199023
364.905404  -0.199011
364.925403  -0.199011
364.945402  -0.198987
364.965401  -0.198999
364.985401  -0.198987
365.005400  -0.198939
365.025399  -0.198951
365.045398  -0.198916
365.065397  -0.198916
365.085397  -0.198904
365.105396  -0.198904
365.125395  -0.198904
365.145394  -0.198892
365.165393  -0.198892
365.185393  -0.198880
365.205392  -0.198832
365.225391  -0.198844
365.245390  -0.198809
365.265389  -0.198844
365.285389  -0.198797
365.305388  -0.198785
365.325387  -0.198761
365.345386  -0.198737
365.365385  -0.198701
365.385385  -0.198654
365.405384  -0.198642
365.425383  -0.198594
365.445382  -0.198582
365.465381  -0.198582
365.485381  -0.198523
365.505380  -0.198523
365.525379  -0.198487
365.545378  -0.198475
365.565377  -0.198451
365.585377  -0.198416
365.605376  -0.198404
365.625375  -0.198356
365.645374  -0.198356
365.665373  -0.198309
365.685373  -0.198297
365.705372  -0.198285
365.725371  -0.198273
365.745370  -0.198249
365.765369  -0.198213
365.785369  -0.198202
365.805368  -0.198166
365.825367  -0.198166
365.845366  -0.198130
365.865365  -0.198106
365.885365  -0.198071
365.905364  -0.198071
365.925363  -0.198083
365.945362  -0.198035
365.965361  -0.198035
365.985361  -0.197975
366.005360  -0.197987
366.025359  -0.197963
366.045358  -0.197928
366.065357  -0.197916
366.085357  -0.197856
366.105356  -0.197856
366.125355  -0.197844
366.145354  -0.197809
366.165353  -0.197809
366.185353  -0.197749
366.205352  -0.197785
366.225351  -0.197737
366.245350  -0.197714
366.265349  -0.197714
366.285349  -0.197666
366.305348  -0.197666
366.325347  -0.197654
366.345346  -0.197642
366.365345  -0.197595
366.385345  -0.197618
366.405344  -0.197583
366.425343  -0.197547
366.445342  -0.197535
366.465341  -0.197511
366.485341  -0.197475
366.505340  -0.197511
366.525339  -0.197487
366.545338  -0.197499
366.565337  -0.197475
366.585337  -0.197440
366.605336  -0.197440
366.625335  -0.197428
366.645334  -0.197416
366.665333  -0.197404
366.685333  -0.197416
366.705332  -0.197416
366.725331  -0.197392
366.745330  -0.197392
366.765329  -0.197392
366.785329  -0.197380
366.805328  -0.197404
366.825327  -0.197380
366.845326  -0.197368
366.865325  -0.197392
366.885325  -0.197368
366.905324  -0.197345
366.925323  -0.197380
366.945322  -0.197368
366.965321  -0.197356
366.985321  -0.197380
367.005320  -0.197404
367.025319  -0.197368
367.045318  -0.197380
367.065317  -0.197356
367.085317  -0.197380
367.105316  -0.197404
367.125315  -0.197428
367.145314  -0.197380
367.165313  -0.197368
367.185313  -0.197416
367.205312  -0.197392
367.225311  -0.197392
367.245310  -0.197380
367.265309  -0.197380
367.285309  -0.197380
367.305308  -0.197368
367.325307  -0.197345
367.345306  -0.197404
367.365305  -0.197368
367.385305  -0.197404
367.405304  -0.197368
367.425303  -0.197416
367.445302  -0.197368
367.465301  -0.197368
367.485301  -0.197392
367.505300  -0.197368
367.525299  -0.197380
367.545298  -0.197380
367.565297  -0.197392
367.585297  -0.197368
367.605296  -0.197368
367.625295  -0.197380
367.645294  -0.197392
367.665293  -0.197368
367.685293  -0.197380
367.705292  -0.197368
367.725291  -0.197392
367.745290  -0.197368
367.765289  -0.197333
367.785289  -0.197345
367.805288  -0.197345
367.825287  -0.197345
367.845286  -0.197356
367.865285  -0.197321
367.885285  -0.197333
367.905284  -0.197309
367.925283  -0.197321
367.945282  -0.197285
367.965281  -0.197321
367.985281  -0.197273
368.005280  -0.197273
368.025279  -0.197285
368.045278  -0.197261
368.065277  -0.197237
368.085277  -0.197261
368.105276  -0.197202
368.125275  -0.197190
368.145274  -0.197178
368.165273  -0.197154
368.185273  -0.197118
368.205272  -0.197118
368.225271  -0.197118
368.245270  -0.197083
368.265269  -0.197047
368.285269  -0.197023
368.305268  -0.197023
368.325267  -0.196987
368.345266  -0.196999
368.365265  -0.196964
368.385265  -0.196940
368.405264  -0.196928
368.425263  -0.196904
368.445262  -0.196880
368.465261  -0.196904
368.485261  -0.196857
368.505260  -0.196809
368.525259  -0.196797
368.545258  -0.196809
368.565257  -0.196785
368.585257  -0.196761
368.605256  -0.196738
368.625255  -0.196714
368.645254  -0.196714
368.665253  -0.196702
368.685253  -0.196678
368.705252  -0.196642
368.725251  -0.196630
368.745250  -0.196595
368.765249  -0.196595
368.785249  -0.196571
368.805248  -0.196559
368.825247  -0.196511
368.845246  -0.196511
368.865245  -0.196499
368.885245  -0.196476
368.905244  -0.196440
368.925243  -0.196416
368.945242  -0.196404
368.965241  -0.196392
368.985241  -0.196357
369.005240  -0.196345
369.025239  -0.196333
369.045238  -0.196297
369.065237  -0.196285
369.085237  -0.196285
369.105236  -0.196250
369.125235  -0.196261
369.145234  -0.196250
369.165233  -0.196226
369.185233  -0.196226
369.205232  -0.196190
369.225231  -0.196202
369.245230  -0.196178
369.265229  -0.196190
369.285229  -0.196166
369.305228  -0.196154
369.325227  -0.196154
369.345226  -0.196142
369.365225  -0.196119
369.385225  -0.196131
369.405224  -0.196119
369.425223  -0.196107
369.445222  -0.196131
369.465221  -0.196142
369.485221  -0.196119
369.505220  -0.196119
369.525219  -0.196107
369.545218  -0.196095
369.565217  -0.196119
369.585217  -0.196083
369.605216  -0.196035
369.625215  -0.196071
369.645214  -0.196095
369.665213  -0.196059
369.685213  -0.196059
369.705212  -0.196023
369.725211  -0.196035
369.745210  -0.196059
369.765209  -0.196035
369.785209  -0.196023
369.805208  -0.196011
369.825207  -0.196023
369.845206  -0.196023
369.865205  -0.196011
369.885205  -0.196023
369.905204  -0.196000
369.925203  -0.195952
369.945202  -0.196011
369.965201  -0.195988
369.985201  -0.195988
370.005200  -0.195988
370.025199  -0.196000
370.045198  -0.195976
370.065197  -0.196000
370.085197  -0.195976
370.105196  -0.196000
370.125195  -0.196011
370.145194  -0.195976
370.165193  -0.195976
370.185193  -0.195952
370.205192  -0.195964
370.225191  -0.195952
370.245190  -0.195940
370.265189  -0.195940
370.285189  -0.195940
370.305188  -0.195892
370.325187  -0.195916
370.345186  -0.195892
370.365185  -0.195857
370.385185  -0.195845
370.405184  -0.195821
370.425183  -0.195833
370.445182  -0.195809
370.465181  -0.195809
370.485181  -0.195797
370.505180  -0.195821
370.525179  -0.195773
370.545178  -0.195797
370.565177  -0.195750
370.585177  -0.195726
370.605176  -0.195762
370.625175  -0.195726
370.645174  -0.195714
370.665173  -0.195738
370.685173  -0.195714
370.705172  -0.195702
370.725171  -0.195726
370.745170  -0.195702
370.765169  -0.195738
370.785169  -0.195690
370.805168  -0.195690
370.825167  -0.195678
370.845166  -0.195678
370.865165  -0.195702
370.885165  -0.195678
370.905164  -0.195690
370.925163  -0.195714
370.945162  -0.195666
370.965161  -0.195643
370.985161  -0.195690
371.005160  -0.195678
371.025159  -0.195643
371.045158  -0.195654
371.065157  -0.195643
371.085157  -0.195654
371.105156  -0.195643
371.125155  -0.195643
371.145154  -0.195595
371.165153  -0.195643
371.185153  -0.195607
371.205152  -0.195619
371.225151  -0.195619
371.245150  -0.195571
371.265149  -0.195571
371.285149  -0.195583
371.305148  -0.195583
371.325147  -0.195547
371.345146  -0.195547
371.365145  -0.195535
371.385145  -0.195500
371.405144  -0.195476
371.425143  -0.195500
371.445142  -0.195440
371.465141  -0.195452
371.485141  -0.195440
371.505140  -0.195452
371.525139  -0.195416
371.545138  -0.195452
371.565137  -0.195416
371.585137  -0.195404
371.605136  -0.195381
371.625135  -0.195357
371.645134  -0.195369
371.665133  -0.195333
371.685133  -0.195309
371.705132  -0.195309
371.725131  -0.195285
371.745130  -0.195333
371.765129  -0.195297
371.785129  -0.195285
371.805128  -0.195250
371.825127  -0.195238
371.845126  -0.195262
371.865125  -0.195250
371.885125  -0.195238
371.905124  -0.195238
371.925123  -0.195238
371.945122  -0.195238
371.965121  -0.195226
371.985121  -0.195226
372.005120  -0.195202
372.025119  -0.195178
372.045118  -0.195202
372.065117  -0.195190
372.085117  -0.195178
372.105116  -0.195166
372.125115  -0.195190
372.145114  -0.195202
372.165113  -0.195202
372.185113  -0.195190
372.205112  -0.195214
372.225111  -0.195202
372.245110  -0.195250
372.265109  -0.195214
372.285109  -0.195226
372.305108  -0.195238
372.325107  -0.195250
372.345106  -0.195250
372.365105  -0.195274
372.385105  -0.195262
372.405104  -0.195250
372.425103  -0.195262
372.445102  -0.195274
372.465101  -0.195274
372.485101  -0.195250
372.505100  -0.195262
372.525099  -0.195262
372.545098  -0.195285
372.565097  -0.195274
372.585097  -0.195297
372.605096  -0.195274
372.625095  -0.195285
372.645094  -0.195262
372.665093  -0.195262
372.685093  -0.195238
372.705092  -0.195262
372.725091  -0.195226
372.745090  -0.195226
372.765089  -0.195274
372.785089  -0.195238
372.805088  -0.195238
372.825087  -0.195214
372.845086  -0.195226
372.865085  -0.195226
372.885085  -0.195226
372.905084  -0.195214
372.925083  -0.195250
372.945082  -0.195214
372.965081  -0.195214
372.985081  -0.195190
373.005080  -0.195214
373.025079  -0.195178
373.045078  -0.195202
373.065077  -0.195178
373.085077  -0.195143
373.105076  -0.195155
373.125075  -0.195166
373.145074  -0.195143
373.165073  -0.195131
373.185073  -0.195107
373.205072  -0.195119
373.225071  -0.195119
373.245070  -0.195131
373.265069  -0.195107
373.285069  -0.195131
373.305068  -0.195095
373.325067  -0.195071
373.345066  -0.195071
373.365065  -0.195083
373.385065  -0.195119
373.405064  -0.195059
373.425063  -0.195071
373.445062  -0.195047
373.465061  -0.195036
373.485061  -0.195059
373.505060  -0.195059
373.525059  -0.195024
373.545058  -0.195059
373.565057  -0.195012
373.585057  -0.195024
373.605056  -0.195024
373.625055  -0.195012
373.645054  -0.195012
373.665053  -0.195000
373.685053  -0.195000
373.705052  -0.194988
373.725051  -0.194976
373.745050  -0.194964
373.765049  -0.194928
373.785049  -0.194940
373.805048  -0.194940
373.825047  -0.194928
373.845046  -0.194893
373.865045  -0.194881
373.885045  -0.194881
373.905044  -0.194857
373.925043  -0.194857
373.945042  -0.194797
373.965041  -0.194797
373.985041  -0.194821
374.005040  -0.194762
374.025039  -0.194774
374.045038  -0.194762
374.065037  -0.194750
374.085037  -0.194702
374.105036  -0.194690
374.125035  -0.194678
374.145034  -0.194678
374.165033  -0.194667
374.185033  -0.194643
374.205032  -0.194607
374.225031  -0.194619
374.245030  -0.194595
374.265029  -0.194583
374.285029  -0.194583
374.305028  -0.194548
374.325027  -0.194548
374.345026  -0.194524
374.365025  -0.194524
374.385025  -0.194524
374.405024  -0.194512
374.425023  -0.194488
374.445022  -0.194464
374.465021  -0.194476
374.485021  -0.194488
374.505020  -0.194464
374.525019  -0.194476
374.545018  -0.194476
374.565017  -0.194417
374.585017  -0.194464
374.605016  -0.194440
374.625015  -0.194428
374.645014  -0.194405
374.665013  -0.194452
374.685013  -0.194428
374.705012  -0.194417
374.725011  -0.194417
374.745010  -0.194417
374.765009  -0.194393
374.785009  -0.194417
374.805008  -0.194393
374.825007  -0.194417
374.845006  -0.194393
374.865005  -0.194405
374.885005  -0.194393
374.905004  -0.194369
374.925003  -0.194393
374.945002  -0.194381
374.965001  -0.194393
374.985001  -0.194369
375.005000  -0.194405
375.024999  -0.194357
375.044998  -0.194381
375.064997  -0.194369
375.084997  -0.194381
375.104996  -0.194357
375.124995  -0.194369
375.144994  -0.194357
375.164993  -0.194345
375.184993  -0.194345
375.204992  -0.194345
375.224991  -0.194357
375.244990  -0.194369
375.264989  -0.194333
375.284989  -0.194357
375.304988  -0.194381
375.324987  -0.194369
375.344986  -0.194369
375.364985  -0.194393
375.384985  -0.194393
375.404984  -0.194369
375.424983  -0.194393
375.444982  -0.194405
375.464981  -0.194369
375.484981  -0.194417
375.504980  -0.194417
375.524979  -0.194393
375.544978  -0.194476
375.564977  -0.194428
375.584977  -0.194417
375.604976  -0.194405
375.624975  -0.194440
375.644974  -0.194440
375.664973  -0.194428
375.684973  -0.194417
375.704972  -0.194464
375.724971  -0.194440
375.744970  -0.194464
375.764969  -0.194452
375.784969  -0.194428
375.804968  -0.194428
375.824967  -0.194440
375.844966  -0.194417
375.864965  -0.194428
375.884965  -0.194452
375.904964  -0.194440
375.924963  -0.194440
375.944962  -0.194452
375.964961  -0.194428
375.984961  -0.194452
376.004960  -0.194428
376.024959  -0.194417
376.044958  -0.194440
376.064957  -0.194428
376.084957  -0.194428
376.104956  -0.194440
376.124955  -0.194452
376.144954  -0.194452
376.164953  -0.194452
376.184953  -0.194428
376.204952  -0.194417
376.224951  -0.194440
376.244950  -0.194428
376.264949  -0.194405
376.284949  -0.194417
376.304948  -0.194417
376.324947  -0.194417
376.344946  -0.194393
376.364945  -0.194417
376.384945  -0.194381
376.404944  -0.194369
376.424943  -0.194393
376.444942  -0.194357
376.464941  -0.194357
376.484941  -0.194357
376.504940  -0.194321
376.524939  -0.194333
376.544938  -0.194357
376.564937  -0.194321
376.584937  -0.194309
376.604936  -0.194286
376.624935  -0.194286
376.644934  -0.194274
376.664933  -0.194274
376.684933  -0.194250
376.704932  -0.194262
376.724931  -0.194226
376.744930  -0.194238
376.764929  -0.194179
376.784929  -0.194202
376.804928  -0.194167
376.824927  -0.194155
376.844926  -0.194131
376.864925  -0.194131
376.884925  -0.194083
376.904924  -0.194071
376.924923  -0.194048
376.944922  -0.194048
376.964921  -0.194024
376.984921  -0.194012
377.004920  -0.193976
377.024919  -0.193929
377.044918  -0.193929
377.064917  -0.193917
377.084917  -0.193929
377.104916  -0.193905
377.124915  -0.193857
377.144914  -0.193857
377.164913  -0.193845
377.184913  -0.193821
377.204912  -0.193821
377.224911  -0.193798
377.244910  -0.193750
377.264909  -0.193726
377.284909  -0.193738
377.304908  -0.193691
377.324907  -0.193679
377.344906  -0.193679
377.364905  -0.193667
377.384905  -0.193667
377.404904  -0.193667
377.424903  -0.193655
377.444902  -0.193619
377.464901  -0.193619
377.484901  -0.193619
377.504900  -0.193583
377.524899  -0.193607
377.544898  -0.193548
377.564897  -0.193560
377.584897  -0.193583
377.604896  -0.193572
377.624895  -0.193572
377.644894  -0.193572
377.664893  -0.193572
377.684893  -0.193572
377.704892  -0.193548
377.724891  -0.193560
377.744890  -0.193548
377.764889  -0.193572
377.784889  -0.193595
377.804888  -0.193595
377.824887  -0.193583
377.844886  -0.193595
377.864885  -0.193536
377.884885  -0.193560
377.904884  -0.193536
377.924883  -0.193548
377.944882  -0.193548
377.964881  -0.193583
377.984881  -0.193524
378.004880  -0.193548
378.024879  -0.193572
378.044878  -0.193560
378.064877  -0.193524
378.084877  -0.193560
378.104876  -0.193524
378.124875  -0.193536
378.144874  -0.193536
378.164873  -0.193536
378.184873  -0.193572
378.204872  -0.193572
378.224871  -0.193548
378.244870  -0.193548
378.264869  -0.193548
378.284869  -0.193524
378.304868  -0.193536
378.324867  -0.193548
378.344866  -0.193548
378.364865  -0.193572
378.384865  -0.193548
378.404864  -0.193583
378.424863  -0.193560
378.444862  -0.193572
378.464861  -0.193583
378.484861  -0.193572
378.504860  -0.193583
378.524859  -0.193560
378.544858  -0.193595
378.564857  -0.193572
378.584857  -0.193572
378.604856  -0.193595
378.624855  -0.193607
378.644854  -0.193572
378.664853  -0.193619
378.684853  -0.193631
378.704852  -0.193595
378.724851  -0.193595
378.744850  -0.193619
378.764849  -0.193631
378.784849  -0.193631
378.804848  -0.193631
378.824847  -0.193655
378.844846  -0.193631
378.864845  -0.193655
378.884845  -0.193631
378.904844  -0.193631
378.924843  -0.193643
378.944842  -0.193619
378.964841  -0.193607
378.984841  -0.193619
379.004840  -0.193643
379.024839  -0.193631
379.044838  -0.193595
379.064837  -0.193595
379.084837  -0.193631
379.104836  -0.193607
379.124835  -0.193607
379.144834  -0.193583
379.164833  -0.193572
379.184833  -0.193595
379.204832  -0.193607
379.224831  -0.193572
379.244830  -0.193595
379.264829  -0.193583
379.284829  -0.193583
379.304828  -0.193572
379.324827  -0.193560
379.344826  -0.193548
379.364825  -0.193595
379.384825  -0.193548
379.404824  -0.193548
379.424823  -0.193548
379.444822  -0.193536
379.464821  -0.193536
379.484821  -0.193560
379.504820  -0.193524
379.524819  -0.193536
379.544818  -0.193536
379.564817  -0.193536
379.584817  -0.193524
379.604816  -0.193512
379.624815  -0.193488
379.644814  -0.193512
379.664813  -0.193512
379.684813  -0.193512
379.704812  -0.193524
379.724811  -0.193500
379.744810  -0.193476
379.764809  -0.193452
379.784809  -0.193476
379.804808  -0.193500
379.824807  -0.193500
379.844806  -0.193464
379.864805  -0.193464
379.884805  -0.193500
379.904804  -0.193500
379.924803  -0.193476
379.944802  -0.193476
379.964801  -0.193476
379.984801  -0.193452
380.004800  -0.193441
380.024799  -0.193464
380.044798  -0.193441
380.064797  -0.193441
380.084797  -0.193476
380.104796  -0.193441
380.124795  -0.193441
380.144794  -0.193429
380.164793  -0.193405
380.184793  -0.193393
380.204792  -0.193441
380.224791  -0.193429
380.244790  -0.193381
380.264789  -0.193405
380.284789  -0.193405
380.304788  -0.193405
380.324787  -0.193357
380.344786  -0.193369
380.364785  -0.193333
380.384785  -0.193333
380.404784  -0.193333
380.424783  -0.193345
380.444782  -0.193345
380.464781  -0.193322
380.484781  -0.193310
380.504780  -0.193286
380.524779  -0.193310
380.544778  -0.193286
380.564777  -0.193262
380.584777  -0.193262
380.604776  -0.193250
380.624775  -0.193262
380.644774  -0.193214
380.664773  -0.193203
380.684773  -0.193167
380.704772  -0.193203
380.724771  -0.193179
380.744770  -0.193191
380.764769  -0.193155
380.784769  -0.193143
380.804768  -0.193119
380.824767  -0.193131
380.844766  -0.193131
380.864765  -0.193107
380.884765  -0.193084
380.904764  -0.193095
380.924763  -0.193060
380.944762  -0.193060
380.964761  -0.193048
380.984761  -0.193048
381.004760  -0.193024
381.024759  -0.192988
381.044758  -0.192976
381.064757  -0.192976
381.084757  -0.192988
381.104756  -0.192976
381.124755  -0.192964
381.144754  -0.192941
381.164753  -0.192905
381.184753  -0.192893
381.204752  -0.192893
381.224751  -0.192881
381.244750  -0.192869
381.264749  -0.192881
381.284749  -0.192857
381.304748  -0.192845
381.324747  -0.192845
381.344746  -0.192845
381.364745  -0.192822
381.384745  -0.192834
381.404744  -0.192798
381.424743  -0.192786
381.444742  -0.192762
381.464741  -0.192774
381.484741  -0.192774
381.504740  -0.192762
381.524739  -0.192738
381.544738  -0.192738
381.564737  -0.192738
381.584737  -0.192715
381.604736  -0.192715
381.624735  -0.192667
381.644734  -0.192679
381.664733  -0.192655
381.684733  -0.192667
381.704732  -0.192631
381.724731  -0.192631
381.744730  -0.192643
381.764729  -0.192607
381.784729  -0.192631
381.804728  -0.192619
381.824727  -0.192619
381.844726  -0.192584
381.864725  -0.192596
381.884725  -0.192596
381.904724  -0.192584
381.924723  -0.192584
381.944722  -0.192572
381.964721  -0.192596
381.984721  -0.192584
382.004720  -0.192584
382.024719  -0.192560
382.044718  -0.192524
382.064717  -0.192524
382.084717  -0.192548
382.104716  -0.192548
382.124715  -0.192536
382.144714  -0.192512
382.164713  -0.192524
382.184713  -0.192536
382.204712  -0.192524
382.224711  -0.192524
382.244710  -0.192512
382.264709  -0.192476
382.284709  -0.192524
382.304708  -0.192512
382.324707  -0.192512
382.344706  -0.192500
382.364705  -0.192476
382.384705  -0.192524
382.404704  -0.192488
382.424703  -0.192476
382.444702  -0.192476
382.464701  -0.192476
382.484701  -0.192488
382.504700  -0.192476
382.524699  -0.192465
382.544698  -0.192441
382.564697  -0.192476
382.584697  -0.192476
382.604696  -0.192488
382.624695  -0.192453
382.644694  -0.192465
382.664693  -0.192465
382.684693  -0.192476
382.704692  -0.192429
382.724691  -0.192441
382.744690  -0.192453
382.764689  -0.192441
382.784689  -0.192453
382.804688  -0.192441
382.824687  -0.192465
382.844686  -0.192453
382.864685  -0.192453
382.884685  -0.192417
382.904684  -0.192441
382.924683  -0.192429
382.944682  -0.192429
382.964681  -0.192429
382.984681  -0.192453
383.004680  -0.192405
383.024679  -0.192453
383.044678  -0.192429
383.064677  -0.192417
383.084677  -0.192429
383.104676  -0.192405
383.124675  -0.192417
383.144674  -0.192393
383.164673  -0.192417
383.184673  -0.192393
383.204672  -0.192393
383.224671  -0.192405
383.244670  -0.192393
383.264669  -0.192405
383.284669  -0.192393
383.304668  -0.192417
383.324667  -0.192393
383.344666  -0.192393
383.364665  -0.192381
383.384665  -0.192381
383.404664  -0.192381
383.424663  -0.192393
383.444662  -0.192369
383.464661  -0.192405
383.484661  -0.192357
383.504660  -0.192346
383.524659  -0.192357
383.544658  -0.192322
383.564657  -0.192310
383.584657  -0.192334
383.604656  -0.192310
383.624655  -0.192322
383.644654  -0.192322
383.664653  -0.192274
383.684653  -0.192274
383.704652  -0.192262
383.724651  -0.192250
383.744650  -0.192250
383.764649  -0.192262
383.784649  -0.192215
383.804648  -0.192238
383.824647  -0.192227
383.844646  -0.192203
383.864645  -0.192227
383.884645  -0.192215
383.904644  -0.192179
383.924643  -0.192167
383.944642  -0.192167
383.964641  -0.192179
383.984641  -0.192167
384.004640  -0.192119
384.024639  -0.192131
384.044638  -0.192131
384.064637  -0.192119
384.084637  -0.192119
384.104636  -0.192096
384.124635  -0.192048
384.144634  -0.192072
384.164633  -0.192012
384.184633  -0.192012
384.204632  -0.192024
384.224631  -0.192012
384.244630  -0.191988
384.264629  -0.191977
384.284629  -0.192000
384.304628  -0.191988
384.324627  -0.191941
384.344626  -0.191929
384.364625  -0.191929
384.384625  -0.191893
384.404624  -0.191893
384.424623  -0.191881
384.444622  -0.191869
384.464621  -0.191881
384.484621  -0.191858
384.504620  -0.191834
384.524619  -0.191846
384.544618  -0.191822
384.564617  -0.191786
384.584617  -0.191798
384.604616  -0.191798
384.624615  -0.191750
384.644614  -0.191762
384.664613  -0.191739
384.684613  -0.191739
384.704612  -0.191691
384.724611  -0.191703
384.744610  -0.191679
384.764609  -0.191667
384.784609  -0.191643
384.804608  -0.191631
384.824607  -0.191620
384.844606  -0.191584
384.864605  -0.191620
384.884605  -0.191596
384.904604  -0.191584
384.924603  -0.191548
384.944602  -0.191536
384.964601  -0.191536
384.984601  -0.191536
385.004600  -0.191500
385.024599  -0.191500
385.044598  -0.191500
385.064597  -0.191489
385.084597  -0.191477
385.104596  -0.191453
385.124595  -0.191453
385.144594  -0.191429
385.164593  -0.191417
385.184593  -0.191393
385.204592  -0.191417
385.224591  -0.191381
385.244590  -0.191346
385.264589  -0.191346
385.284589  -0.191358
385.304588  -0.191370
385.324587  -0.191346
385.344586  -0.191358
385.364585  -0.191322
385.384585  -0.191322
385.404584  -0.191298
385.424583  -0.191310
385.444582  -0.191298
385.464581  -0.191310
385.484581  -0.191262
385.504580  -0.191262
385.524579  -0.191298
385.544578  -0.191262
385.564577  -0.191262
385.584577  -0.191262
385.604576  -0.191262
385.624575  -0.191227
385.644574  -0.191239
385.664573  -0.191215
385.684573  -0.191227
385.704572  -0.191227
385.724571  -0.191251
385.744570  -0.191191
385.764569  -0.191227
385.784569  -0.191191
385.804568  -0.191191
385.824567  -0.191179
385.844566  -0.191203
385.864565  -0.191179
385.884565  -0.191179
385.904564  -0.191191
385.924563  -0.191203
385.944562  -0.191215
385.964561  -0.191179
385.984561  -0.191167
386.004560  -0.191167
386.024559  -0.191143
386.044558  -0.191179
386.064557  -0.191167
386.084557  -0.191167
386.104556  -0.191155
386.124555  -0.191167
386.144554  -0.191167
386.164553  -0.191167
386.184553  -0.191191
386.204552  -0.191179
386.224551  -0.191155
386.244550  -0.191191
386.264549  -0.191179
386.284549  -0.191191
386.304548  -0.191191
386.324547  -0.191227
386.344546  -0.191179
386.364545  -0.191215
386.384545  -0.191239
386.404544  -0.191215
386.424543  -0.191239
386.444542  -0.191215
386.464541  -0.191227
386.484541  -0.191215
386.504540  -0.191203
386.524539  -0.191215
386.544538  -0.191203
386.564537  -0.191239
386.584537  -0.191251
386.604536  -0.191239
386.624535  -0.191251
386.644534  -0.191215
386.664533  -0.191215
386.684533  -0.191227
386.704532  -0.191227
386.724531  -0.191227
386.744530  -0.191215
386.764529  -0.191215
386.784529  -0.191203
386.804528  -0.191227
386.824527  -0.191215
386.844526  -0.191179
386.864525  -0.191215
386.884525  -0.191167
386.904524  -0.191143
386.924523  -0.191167
386.944522  -0.191155
386.964521  -0.191167
386.984521  -0.191155
387.004520  -0.191155
387.024519  -0.191132
387.044518  -0.191120
387.064517  -0.191132
387.084517  -0.191132
387.104516  -0.191108
387.124515  -0.191108
387.144514  -0.191096
387.164513  -0.191072
387.184513  -0.191072
387.204512  -0.191072
387.224511  -0.191060
387.244510  -0.191036
387.264509  -0.190989
387.284509  -0.191001
387.304508  -0.190989
387.324507  -0.190977
387.344506  -0.190977
387.364505  -0.190977
387.384505  -0.190953
387.404504  -0.190917
387.424503  -0.190893
387.444502  -0.190917
387.464501  -0.190893
387.484501  -0.190882
387.504500  -0.190834
387.524499  -0.190822
387.544498  -0.190810
387.564497  -0.190798
387.584497  -0.190774
387.604496  -0.190798
387.624495  -0.190751
387.644494  -0.190774
387.664493  -0.190739
387.684493  -0.190727
387.704492  -0.190703
387.724491  -0.190715
387.744490  -0.190655
387.764489  -0.190679
387.784489  -0.190679
387.804488  -0.190667
387.824487  -0.190620
387.844486  -0.190655
387.864485  -0.190596
387.884485  -0.190596
387.904484  -0.190572
387.924483  -0.190560
387.944482  -0.190548
387.964481  -0.190560
387.984481  -0.190548
388.004480  -0.190513
388.024479  -0.190513
388.044478  -0.190513
388.064477  -0.190465
388.084477  -0.190453
388.104476  -0.190453
388.124475  -0.190429
388.144474  -0.190453
388.164473  -0.190394
388.184473  -0.190394
388.204472  -0.190382
388.224471  -0.190358
388.244470  -0.190358
388.264469  -0.190370
388.284469  -0.190322
388.304468  -0.190310
388.324467  -0.190298
388.344466  -0.190322
388.364465  -0.190286
388.384465  -0.190298
388.404464  -0.190286
388.424463  -0.190286
388.444462  -0.190251
388.464461  -0.190263
388.484461  -0.190227
388.504460  -0.190215
388.524459  -0.190227
388.544458  -0.190215
388.564457  -0.190203
388.584457  -0.190179
388.604456  -0.190167
388.624455  -0.190156
388.644454  -0.190179
388.664453  -0.190179
388.684453  -0.190156
388.704452  -0.190156
388.724451  -0.190144
388.744450  -0.190132
388.764449  -0.190120
388.784449  -0.190144
388.804448  -0.190072
388.824447  -0.190108
388.844446  -0.190096
388.864445  -0.190084
388.884445  -0.190084
388.904444  -0.190060
388.924443  -0.190096
388.944442  -0.190072
388.964441  -0.190036
388.984441  -0.190036
389.004440  -0.190036
389.024439  -0.190036
389.044438  -0.190072
389.064437  -0.190048
389.084437  -0.190001
389.104436  -0.190060
389.124435  -0.190025
389.144434  -0.189989
389.164433  -0.190036
389.184433  -0.190025
389.204432  -0.190036
389.224431  -0.189989
389.244430  -0.190001
389.264429  -0.190025
389.284429  -0.189989
389.304428  -0.190013
389.324427  -0.189989
389.344426  -0.189977
389.364425  -0.190001
389.384425  -0.190001
389.404424  -0.189989
389.424423  -0.189953
389.444422  -0.189977
389.464421  -0.189965
389.484421  -0.189965
389.504420  -0.189989
389.524419  -0.189941
389.544418  -0.189965
389.564417  -0.189917
389.584417  -0.189965
389.604416  -0.189941
389.624415  -0.189929
389.644414  -0.189941
389.664413  -0.189965
389.684413  -0.189953
389.704412  -0.189929
389.724411  -0.189929
389.744410  -0.189929
389.764409  -0.189953
389.784409  -0.189894
389.804408  -0.189929
389.824407  -0.189917
389.844406  -0.189917
389.864405  -0.189906
389.884405  -0.189941
389.904404  -0.189929
389.924403  -0.189917
389.944402  -0.189917
389.964401  -0.189917
389.984401  -0.189894
390.004400  -0.189882
390.024399  -0.189882
390.044398  -0.189917
390.064397  -0.189906
390.084397  -0.189906
390.104396  -0.189882
390.124395  -0.189870
390.144394  -0.189882
390.164393  -0.189882
390.184393  -0.189858
390.204392  -0.189846
390.224391  -0.189834
390.244390  -0.189822
390.264389  -0.189858
390.284389  -0.189846
390.304388  -0.189870
390.324387  -0.189822
390.344386  -0.189798
390.364385  -0.189798
390.384385  -0.189810
390.404384  -0.189787
390.424383  -0.189787
390.444382  -0.189775
390.464381  -0.189775
390.484381  -0.189763
390.504380  -0.189739
390.524379  -0.189715
390.544378  -0.189727
390.564377  -0.189715
390.584377  -0.189703
390.604376  -0.189691
390.624375  -0.189703
390.644374  -0.189656
390.664373  -0.189644
390.684373  -0.189644
390.704372  -0.189596
390.724371  -0.189584
390.744370  -0.189584
390.764369  -0.189584
390.784369  -0.189537
390.804368  -0.189525
390.824367  -0.189513
390.844366  -0.189489
390.864365  -0.189489
390.884365  -0.189477
390.904364  -0.189441
390.924363  -0.189465
390.944362  -0.189406
390.964361  -0.189418
390.984361  -0.189406
391.004360  -0.189370
391.024359  -0.189358
391.044358  -0.189310
391.064357  -0.189299
391.084357  -0.189299
391.104356  -0.189275
391.124355  -0.189287
391.144354  -0.189275
391.164353  -0.189227
391.184353  -0.189227
391.204352  -0.189191
391.224351  -0.189191
391.244350  -0.189156
391.264349  -0.189144
391.284349  -0.189156
391.304348  -0.189168
391.324347  -0.189108
391.344346  -0.189132
391.364345  -0.189096
391.384345  -0.189061
391.404344  -0.189061
391.424343  -0.189049
391.444342  -0.189013
391.464341  -0.189013
391.484341  -0.188989
391.504340  -0.188977
391.524339  -0.188977
391.544338  -0.188918
391.564337  -0.188930
391.584337  -0.188918
391.604336  -0.188882
391.624335  -0.188894
391.644334  -0.188870
391.664333  -0.188906
391.684333  -0.188846
391.704332  -0.188846
391.724331  -0.188811
391.744330  -0.188834
391.764329  -0.188834
391.784329  -0.188811
391.804328  -0.188811
391.824327  -0.188822
391.844326  -0.188787
391.864325  -0.188763
391.884325  -0.188787
391.904324  -0.188763
391.924323  -0.188763
391.944322  -0.188763
391.964321  -0.188763
391.984321  -0.188739
392.004320  -0.188739
392.024319  -0.188727
392.044318  -0.188703
392.064317  -0.188739
392.084317  -0.188715
392.104316  -0.188715
392.124315  -0.188692
392.144314  -0.188715
392.164313  -0.188692
392.184313  -0.188703
392.204312  -0.188680
392.224311  -0.188703
392.244310  -0.188692
392.264309  -0.188703
392.284309  -0.188668
392.304308  -0.188680
392.324307  -0.188680
392.344306  -0.188692
392.364305  -0.188668
392.384305  -0.188715
392.404304  -0.188692
392.424303  -0.188668
392.444302  -0.188692
392.464301  -0.188668
392.484301  -0.188656
392.504300  -0.188668
392.524299  -0.188680
392.544298  -0.188668
392.564297  -0.188656
392.584297  -0.188656
392.604296  -0.188656
392.624295  -0.188656
392.644294  -0.188644
392.664293  -0.188644
392.684293  -0.188656
392.704292  -0.188644
392.724291  -0.188644
392.744290  -0.188656
392.764289  -0.188668
392.784289  -0.188656
392.804288  -0.188632
392.824287  -0.188620
392.844286  -0.188596
392.864285  -0.188584
392.884285  -0.188584
392.904284  -0.188573
392.924283  -0.188596
392.944282  -0.188561
392.964281  -0.188549
392.984281  -0.188525
393.004280  -0.188549
393.024279  -0.188537
393.044278  -0.188549
393.064277  -0.188501
393.084277  -0.188489
393.104276  -0.188513
393.124275  -0.188501
393.144274  -0.188477
393.164273  -0.188477
393.184273  -0.188477
393.204272  -0.188430
393.224271  -0.188430
393.244270  -0.188442
393.264269  -0.188418
393.284269  -0.188358
393.304268  -0.188382
393.324267  -0.188370
393.344266  -0.188370
393.364265  -0.188382
393.384265  -0.188358
393.404264  -0.188358
393.424263  -0.188358
393.444262  -0.188334
393.464261  -0.188311
393.484261  -0.188323
393.504260  -0.188299
393.524259  -0.188275
393.544258  -0.188299
393.564257  -0.188275
393.584257  -0.188263
393.604256  -0.188239
393.624255  -0.188239
393.644254  -0.188227
393.664253  -0.188180
393.684253  -0.188204
393.704252  -0.188168
393.724251  -0.188180
393.744250  -0.188192
393.764249  -0.188168
393.784249  -0.188144
393.804248  -0.188180
393.824247  -0.188132
393.844246  -0.188132
393.864245  -0.188120
393.884245  -0.188108
393.904244  -0.188108
393.924243  -0.188108
393.944242  -0.188061
393.964241  -0.188049
393.984241  -0.188049
394.004240  -0.188025
394.024239  -0.188013
394.044238  -0.188037
394.064237  -0.188001
394.084237  -0.188001
394.104236  -0.187989
394.124235  -0.187977
394.144234  -0.187954
394.164233  -0.187977
394.184233  -0.187965
394.204232  -0.187942
394.224231  -0.187954
394.244230  -0.187930
394.264229  -0.187918
394.284229  -0.187918
394.304228  -0.187930
394.324227  -0.187882
394.344226  -0.187894
394.364225  -0.187835
394.384225  -0.187846
394.404224  -0.187870
394.424223  -0.187894
394.444222  -0.187835
394.464221  -0.187846
394.484221  -0.187835
394.504220  -0.187799
394.524219  -0.187811
394.544218  -0.187787
394.564217  -0.187775
394.584217  -0.187751
394.604216  -0.187751
394.624215  -0.187727
394.644214  -0.187716
394.664213  -0.187739
394.684213  -0.187704
394.704212  -0.187668
394.724211  -0.187668
394.744210  -0.187692
394.764209  -0.187668
394.784209  -0.187668
394.804208  -0.187644
394.824207  -0.187668
394.844206  -0.187656
394.864205  -0.187644
394.884205  -0.187620
394.904204  -0.187620
394.924203  -0.187608
394.944202  -0.187608
394.964201  -0.187573
394.984201  -0.187596
395.004200  -0.187573
395.024199  -0.187561
395.044198  -0.187596
395.064197  -0.187573
395.084197  -0.187573
395.104196  -0.187561
395.124195  -0.187549
395.144194  -0.187549
395.164193  -0.187513
395.184193  -0.187525
395.204192  -0.187537
395.224191  -0.187513
395.244190  -0.187466
395.264189  -0.187489
395.284189  -0.187477
395.304188  -0.187489
395.324187  -0.187466
395.344186  -0.187454
395.364185  -0.187454
395.384185  -0.187430
395.404184  -0.187454
395.424183  -0.187382
395.444182  -0.187406
395.464181  -0.187418
395.484181  -0.187406
395.504180  -0.187418
395.524179  -0.187370
395.544178  -0.187370
395.564177  -0.187382
395.584177  -0.187335
395.604176  -0.187347
395.624175  -0.187358
395.644174  -0.187358
395.664173  -0.187335
395.684173  -0.187347
395.704172  -0.187335
395.724171  -0.187335
395.744170  -0.187299
395.764169  -0.187311
395.784169  -0.187299
395.804168  -0.187311
395.824167  -0.187287
395.844166  -0.187275
395.864165  -0.187275
395.884165  -0.187335
395.904164  -0.187287
395.924163  -0.187275
395.944162  -0.187263
395.964161  -0.187239
395.984161  -0.187216
396.004160  -0.187251
396.024159  -0.187239
396.044158  -0.187204
396.064157  -0.187228
396.084157  -0.187180
396.104156  -0.187228
396.124155  -0.187216
396.144154  -0.187216
396.164153  -0.187204
396.184153  -0.187216
396.204152  -0.187168
396.224151  -0.187168
396.244150  -0.187156
396.264149  -0.187168
396.284149  -0.187132
396.304148  -0.187156
396.324147  -0.187120
396.344146  -0.187144
396.364145  -0.187132
396.384145  -0.187109
396.404144  -0.187073
396.424143  -0.187085
396.444142  -0.187097
396.464141  -0.187061
396.484141  -0.187085
396.504140  -0.187097
396.524139  -0.187061
396.544138  -0.187085
396.564137  -0.187049
396.584137  -0.187061
396.604136  -0.187049
396.624135  -0.187037
396.644134  -0.187001
396.664133  -0.187001
396.684133  -0.187013
396.704132  -0.186989
396.724131  -0.187001
396.744130  -0.186978
396.764129  -0.186966
396.784129  -0.186942
396.804128  -0.186954
396.824127  -0.186930
396.844126  -0.186942
396.864125  -0.186906
396.884125  -0.186906
396.904124  -0.186882
396.924123  -0.186894
396.944122  -0.186894
396.964121  -0.186859
396.984121  -0.186835
397.004120  -0.186835
397.024119  -0.186799
397.044118  -0.186811
397.064117  -0.186775
397.084117  -0.186751
397.104116  -0.186775
397.124115  -0.186751
397.144114  -0.186728
397.164113  -0.186728
397.184113  -0.186716
397.204112  -0.186704
397.224111  -0.186644
397.244110  -0.186656
397.264109  -0.186668
397.284109  -0.186621
397.304108  -0.186585
397.324107  -0.186597
397.344106  -0.186573
397.364105  -0.186585
397.384105  -0.186549
397.404104  -0.186537
397.424103  -0.186501
397.444102  -0.186466
397.464101  -0.186466
397.484101  -0.186454
397.504100  -0.186466
397.524099  -0.186466
397.544098  -0.186418
397.564097  -0.186406
397.584097  -0.186430
397.604096  -0.186382
397.624095  -0.186359
397.644094  -0.186335
397.664093  -0.186335
397.684093  -0.186287
397.704092  -0.186299
397.724091  -0.186323
397.744090  -0.186287
397.764089  -0.186275
397.784089  -0.186263
397.804088  -0.186228
397.824087  -0.186216
397.844086  -0.186216
397.864085  -0.186216
397.884085  -0.186216
397.904084  -0.186168
397.924083  -0.186180
397.944082  -0.186168
397.964081  -0.186192
397.984081  -0.186156
398.004080  -0.186121
398.024079  -0.186144
398.044078  -0.186109
398.064077  -0.186109
398.084077  -0.186097
398.104076  -0.186085
398.124075  -0.186049
398.144074  -0.186049
398.164073  -0.186073
398.184073  -0.186025
398.204072  -0.186061
398.224071  -0.186002
398.244070  -0.186002
398.264069  -0.185978
398.284069  -0.186002
398.304068  -0.185978
398.324067  -0.185978
398.344066  -0.185978
398.364065  -0.185966
398.384065  -0.185942
398.404064  -0.185954
398.424063  -0.185918
398.444062  -0.185918
398.464061  -0.185894
398.484061  -0.185883
398.504060  -0.185894
398.524059  -0.185883
398.544058  -0.185894
398.564057  -0.185871
398.584057  -0.185883
398.604056  -0.185859
398.624055  -0.185894
398.644054  -0.185847
398.664053  -0.185859
398.684053  -0.185835
398.704052  -0.185823
398.724051  -0.185775
398.744050  -0.185823
398.764049  -0.185823
398.784049  -0.185775
398.804048  -0.185799
398.824047  -0.185799
398.844046  -0.185787
398.864045  -0.185752
398.884045  -0.185752
398.904044  -0.185752
398.924043  -0.185740
398.944042  -0.185740
398.964041  -0.185716
398.984041  -0.185740
399.004040  -0.185728
399.024039  -0.185716
399.044038  -0.185728
399.064037  -0.185704
399.084037  -0.185716
399.104036  -0.185716
399.124035  -0.185704
399.144034  -0.185668
399.164033  -0.185668
399.184033  -0.185668
399.204032  -0.185656
399.224031  -0.185645
399.244030  -0.185633
399.264029  -0.185609
399.284029  -0.185609
399.304028  -0.185609
399.324027  -0.185573
399.344026  -0.185573
399.364025  -0.185585
399.384025  -0.185525
399.404024  -0.185537
399.424023  -0.185549
399.444022  -0.185537
399.464021  -0.185525
399.484021  -0.185525
399.504020  -0.185502
399.524019  -0.185454
399.544018  -0.185502
399.564017  -0.185442
399.584017  -0.185466
399.604016  -0.185454
399.624015  -0.185442
399.644014  -0.185418
399.664013  -0.185466
399.684013  -0.185406
399.704012  -0.185359
399.724011  -0.185383
399.744010  -0.185371
399.764009  -0.185347
399.784009  -0.185359
399.804008  -0.185359
399.824007  -0.185347
399.844006  -0.185323
399.864005  -0.185311
399.884005  -0.185311
399.904004  -0.185276
399.924003  -0.185252
399.944002  -0.185276
399.964001  -0.185216
399.984001  -0.185228
400.004000  -0.185216
400.023999  -0.185192
400.043998  -0.185192
400.063997  -0.185168
400.083997  -0.185168
400.103996  -0.185145
400.123995  -0.185121
400.143994  -0.185133
400.163993  -0.185109
400.183993  -0.185085
400.203992  -0.185085
400.223991  -0.185073
400.243990  -0.185061
400.263989  -0.185085
400.283989  -0.185061
400.303988  -0.185037
400.323987  -0.185002
400.343986  -0.185014
400.363985  -0.184990
400.383985  -0.184990
400.403984  -0.184966
400.423983  -0.184942
400.443982  -0.184918
400.463981  -0.184942
400.483981  -0.184918
400.503980  -0.184907
400.523979  -0.184883
400.543978  -0.184895
400.563977  -0.184859
400.583977  -0.184847
400.603976  -0.184847
400.623975  -0.184835
400.643974  -0.184835
400.663973  -0.184823
400.683973  -0.184788
400.703972  -0.184847
400.723971  -0.184799
400.743970  -0.184752
400.763969  -0.184740
400.783969  -0.184728
400.803968  -0.184740
400.823967  -0.184728
400.843966  -0.184716
400.863965  -0.184704
400.883965  -0.184716
400.903964  -0.184692
400.923963  -0.184692
400.943962  -0.184680
400.963961  -0.184680
400.983961  -0.184633
401.003960  -0.184645
401.023959  -0.184645
401.043958  -0.184633
401.063957  -0.184597
401.083957  -0.184597
401.103956  -0.184609
401.123955  -0.184597
401.143954  -0.184597
401.163953  -0.184573
401.183953  -0.184573
401.203952  -0.184585
401.223951  -0.184538
401.243950  -0.184514
401.263949  -0.184526
401.283949  -0.184502
401.303948  -0.184526
401.323947  -0.184526
401.343946  -0.184466
401.363945  -0.184502
401.383945  -0.184478
401.403944  -0.184478
401.423943  -0.184454
401.443942  -0.184466
401.463941  -0.184419
401.483941  -0.184454
401.503940  -0.184466
401.523939  -0.184454
401.543938  -0.184442
401.563937  -0.184395
401.583937  -0.184383
401.603936  -0.184407
401.623935  -0.184407
401.643934  -0.184383
401.663933  -0.184371
401.683933  -0.184335
401.703932  -0.184359
401.723931  -0.184323
401.743930  -0.184359
401.763929  -0.184347
401.783929  -0.184288
401.803928  -0.184276
401.823927  -0.184288
401.843926  -0.184252
401.863925  -0.184252
401.883925  -0.184252
401.903924  -0.184228
401.923923  -0.184216
401.943922  -0.184192
401.963921  -0.184181
401.983921  -0.184192
402.003920  -0.184169
402.023919  -0.184169
402.043918  -0.184169
402.063917  -0.184133
402.083917  -0.184157
402.103916  -0.184109
402.123915  -0.184097
402.143914  -0.184109
402.163913  -0.184085
402.183913  -0.184061
402.203912  -0.184073
402.223911  -0.184061
402.243910  -0.184038
402.263909  -0.184002
402.283909  -0.184014
402.303908  -0.184002
402.323907  -0.183990
402.343906  -0.184002
402.363905  -0.183990
402.383905  -0.183954
402.403904  -0.183978
402.423903  -0.183954
402.443902  -0.183931
402.463901  -0.183883
402.483901  -0.183895
402.503900  -0.183871
402.523899  -0.183871
402.543898  -0.183871
402.563897  -0.183859
402.583897  -0.183847
402.603896  -0.183835
402.623895  -0.183823
402.643894  -0.183800
402.663893  -0.183800
402.683893  -0.183788
402.703892  -0.183764
402.723891  -0.183764
402.743890  -0.183764
402.763889  -0.183764
402.783889  -0.183752
402.803888  -0.183693
402.823887  -0.183704
402.843886  -0.183693
402.863885  -0.183693
402.883885  -0.183645
402.903884  -0.183669
402.923883  -0.183645
402.943882  -0.183645
402.963881  -0.183609
402.983881  -0.183621
403.003880  -0.183609
403.023879  -0.183585
403.043878  -0.183585
403.063877  -0.183562
403.083877  -0.183573
403.103876  -0.183585
403.123875  -0.183514
403.143874  -0.183526
403.163873  -0.183514
403.183873  -0.183514
403.203872  -0.183526
403.223871  -0.183502
403.243870  -0.183514
403.263869  -0.183478
403.283869  -0.183454
403.303868  -0.183431
403.323867  -0.183419
403.343866  -0.183419
403.363865  -0.183419
403.383865  -0.183466
403.403864  -0.183431
403.423863  -0.183395
403.443862  -0.183407
403.463861  -0.183359
403.483861  -0.183347
403.503860  -0.183383
403.523859  -0.183383
403.543858  -0.183335
403.563857  -0.183347
403.583857  -0.183347
403.603856  -0.183324
403.623855  -0.183335
403.643854  -0.183324
403.663853  -0.183324
403.683853  -0.183312
403.703852  -0.183312
403.723851  -0.183300
403.743850  -0.183276
403.763849  -0.183300
403.783849  -0.183288
403.803848  -0.183240
403.823847  -0.183264
403.843846  -0.183240
403.863845  -0.183228
403.883845  -0.183193
403.903844  -0.183228
403.923843  -0.183193
403.943842  -0.183181
403.963841  -0.183145
403.983841  -0.183145
404.003840  -0.183181
404.023839  -0.183169
404.043838  -0.183157
404.063837  -0.183133
404.083837  -0.183145
404.103836  -0.183121
404.123835  -0.183085
404.143834  -0.183085
404.163833  -0.183097
404.183833  -0.183050
404.203832  -0.183062
404.223831  -0.183038
404.243830  -0.183038
404.263829  -0.183038
404.283829  -0.183026
404.303828  -0.183002
404.323827  -0.182966
404.343826  -0.182990
404.363825  -0.182990
404.383825  -0.182990
404.403824  -0.182978
404.423823  -0.182966
404.443822  -0.182966
404.463821  -0.182919
404.483821  -0.182919
404.503820  -0.182919
404.523819  -0.182907
404.543818  -0.182895
404.563817  -0.182859
404.583817  -0.182836
404.603816  -0.182871
404.623815  -0.182847
404.643814  -0.182824
404.663813  -0.182836
404.683813  -0.182824
404.703812  -0.182800
404.723811  -0.182812
404.743810  -0.182788
404.763809  -0.182788
404.783809  -0.182788
404.803808  -0.182717
404.823807  -0.182752
404.843806  -0.182764
404.863805  -0.182752
404.883805  -0.182740
404.903804  -0.182693
404.923803  -0.182681
404.943802  -0.182693
404.963801  -0.182669
404.983801  -0.182681
405.003800  -0.182645
405.023799  -0.182645
405.043798  -0.182633
405.063797  -0.182621
405.083797  -0.182657
405.103796  -0.182609
405.123795  -0.182574
405.143794  -0.182574
405.163793  -0.182562
405.183793  -0.182562
405.203792  -0.182538
405.223791  -0.182538
405.243790  -0.182502
405.263789  -0.182490
405.283789  -0.182514
405.303788  -0.182467
405.323787  -0.182478
405.343786  -0.182455
405.363785  -0.182419
405.383785  -0.182419
405.403784  -0.182419
405.423783  -0.182407
405.443782  -0.182407
405.463781  -0.182371
405.483781  -0.182407
405.503780  -0.182371
405.523779  -0.182371
405.543778  -0.182336
405.563777  -0.182324
405.583777  -0.182324
405.603776  -0.182324
405.623775  -0.182276
405.643774  -0.182276
405.663773  -0.182264
405.683773  -0.182252
405.703772  -0.182276
405.723771  -0.182229
405.743770  -0.182240
405.763769  -0.182193
405.783769  -0.182193
405.803768  -0.182169
405.823767  -0.182181
405.843766  -0.182145
405.863765  -0.182157
405.883765  -0.182121
405.903764  -0.182121
405.923763  -0.182109
405.943762  -0.182121
405.963761  -0.182074
405.983761  -0.182098
406.003760  -0.182062
406.023759  -0.182062
406.043758  -0.182026
406.063757  -0.182038
406.083757  -0.182026
406.103756  -0.182014
406.123755  -0.182014
406.143754  -0.182002
406.163753  -0.181955
406.183753  -0.182002
406.203752  -0.181967
406.223751  -0.181955
406.243750  -0.181931
406.263749  -0.181919
406.283749  -0.181907
406.303748  -0.181895
406.323747  -0.181895
406.343746  -0.181895
406.363745  -0.181883
406.383745  -0.181848
406.403744  -0.181836
406.423743  -0.181824
406.443742  -0.181812
406.463741  -0.181800
406.483741  -0.181800
406.503740  -0.181800
406.523739  -0.181764
406.543738  -0.181752
406.563737  -0.181764
406.583737  -0.181729
406.603736  -0.181752
406.623735  -0.181729
406.643734  -0.181705
406.663733  -0.181681
406.683733  -0.181693
406.703732  -0.181657
406.723731  -0.181669
406.743730  -0.181681
406.763729  -0.181657
406.783729  -0.181621
406.803728  -0.181621
406.823727  -0.181610
406.843726  -0.181610
406.863725  -0.181621
406.883725  -0.181586
406.903724  -0.181586
406.923723  -0.181586
406.943722  -0.181538
406.963721  -0.181538
406.983721  -0.181538
407.003720  -0.181550
407.023719  -0.181526
407.043718  -0.181514
407.063717  -0.181514
407.083717  -0.181479
407.103716  -0.181491
407.123715  -0.181502
407.143714  -0.181443
407.163713  -0.181455
407.183713  -0.181467
407.203712  -0.181479
407.223711  -0.181467
407.243710  -0.181455
407.263709  -0.181419
407.283709  -0.181443
407.303708  -0.181443
407.323707  -0.181407
407.343706  -0.181383
407.363705  -0.181407
407.383705  -0.181383
407.403704  -0.181419
407.423703  -0.181395
407.443702  -0.181372
407.463701  -0.181348
407.483701  -0.181360
407.503700  -0.181348
407.523699  -0.181372
407.543698  -0.181360
407.563697  -0.181360
407.583697  -0.181348
407.603696  -0.181360
407.623695  -0.181324
407.643694  -0.181348
407.663693  -0.181312
407.683693  -0.181288
407.703692  -0.181264
407.723691  -0.181300
407.743690  -0.181264
407.763689  -0.181264
407.783689  -0.181253
407.803688  -0.181253
407.823687  -0.181229
407.843686  -0.181241
407.863685  -0.181229
407.883685  -0.181229
407.903684  -0.181229
407.923683  -0.181193
407.943682  -0.181217
407.963681  -0.181169
407.983681  -0.181145
408.003680  -0.181157
408.023679  -0.181133
408.043678  -0.181133
408.063677  -0.181145
408.083677  -0.181098
408.103676  -0.181122
408.123675  -0.181086
408.143674  -0.181074
408.163673  -0.181050
408.183673  -0.181062
408.203672  -0.181038
408.223671  -0.181062
408.243670  -0.181026
408.263669  -0.181038
408.283669  -0.181038
408.303668  -0.180991
408.323667  -0.180991
408.343666  -0.180979
408.363665  -0.180943
408.383665  -0.180979
408.403664  -0.180919
408.423663  -0.180931
408.443662  -0.180931
408.463661  -0.180919
408.483661  -0.180907
408.503660  -0.180907
408.523659  -0.180907
408.543658  -0.180860
408.563657  -0.180884
408.583657  -0.180836
408.603656  -0.180860
408.623655  -0.180848
408.643654  -0.180812
408.663653  -0.180812
408.683653  -0.180812
408.703652  -0.180800
408.723651  -0.180800
408.743650  -0.180788
408.763649  -0.180765
408.783649  -0.180741
408.803648  -0.180741
408.823647  -0.180741
408.843646  -0.180717
408.863645  -0.180705
408.883645  -0.180693
408.903644  -0.180634
408.923643  -0.180669
408.943642  -0.180657
408.963641  -0.180622
408.983641  -0.180634
409.003640  -0.180634
409.023639  -0.180598
409.043638  -0.180598
409.063637  -0.180574
409.083637  -0.180598
409.103636  -0.180586
409.123635  -0.180550
409.143634  -0.180538
409.163633  -0.180515
409.183633  -0.180515
409.203632  -0.180503
409.223631  -0.180491
409.243630  -0.180503
409.263629  -0.180515
409.283629  -0.180455
409.303628  -0.180479
409.323627  -0.180443
409.343626  -0.180443
409.363625  -0.180407
409.383625  -0.180396
409.403624  -0.180372
409.423623  -0.180407
409.443622  -0.180396
409.463621  -0.180360
409.483621  -0.180348
409.503620  -0.180384
409.523619  -0.180348
409.543618  -0.180312
409.563617  -0.180324
409.583617  -0.180288
409.603616  -0.180312
409.623615  -0.180300
409.643614  -0.180288
409.663613  -0.180265
409.683613  -0.180277
409.703612  -0.180288
409.723611  -0.180277
409.743610  -0.180253
409.763609  -0.180241
409.783609  -0.180229
409.803608  -0.180205
409.823607  -0.180205
409.843606  -0.180217
409.863605  -0.180205
409.883605  -0.180169
409.903604  -0.180169
409.923603  -0.180157
409.943602  -0.180134
409.963601  -0.180169
409.983601  -0.180134
410.003600  -0.180110
410.023599  -0.180110
410.043598  -0.180110
410.063597  -0.180074
410.083597  -0.180074
410.103596  -0.180074
410.123595  -0.180074
410.143594  -0.180062
410.163593  -0.180062
410.183593  -0.180050
410.203592  -0.180003
410.223591  -0.180027
410.243590  -0.179991
410.263589  -0.179991
410.283589  -0.179991
410.303588  -0.180003
410.323587  -0.179967
410.343586  -0.179979
410.363585  -0.179943
410.383585  -0.179908
410.403584  -0.179943
410.423583  -0.179908
410.443582  -0.179908
410.463581  -0.179896
410.483581  -0.179860
410.503580  -0.179884
410.523579  -0.179872
410.543578  -0.179836
410.563577  -0.179824
410.583577  -0.179824
410.603576  -0.179812
410.623575  -0.179777
410.643574  -0.179789
410.663573  -0.179777
410.683573  -0.179753
410.703572  -0.179753
410.723571  -0.179753
410.743570  -0.179741
410.763569  -0.179741
410.783569  -0.179717
410.803568  -0.179717
410.823567  -0.179658
410.843566  -0.179681
410.863565  -0.179646
410.883565  -0.179646
410.903564  -0.179646
410.923563  -0.179622
410.943562  -0.179622
410.963561  -0.179634
410.983561  -0.179610
411.003560  -0.179598
411.023559  -0.179610
411.043558  -0.179539
411.063557  -0.179562
411.083557  -0.179539
411.103556  -0.179515
411.123555  -0.179515
411.143554  -0.179515
411.163553  -0.179503
411.183553  -0.179491
411.203552  -0.179503
411.223551  -0.179479
411.243550  -0.179455
411.263549  -0.179443
411.283549  -0.179420
411.303548  -0.179396
411.323547  -0.179431
411.343546  -0.179443
411.363545  -0.179396
411.383545  -0.179408
411.403544  -0.179372
411.423543  -0.179384
411.443542  -0.179336
411.463541  -0.179324
411.483541  -0.179348
411.503540  -0.179336
411.523539  -0.179324
411.543538  -0.179301
411.563537  -0.179277
411.583537  -0.179253
411.603536  -0.179265
411.623535  -0.179229
411.643534  -0.179205
411.663533  -0.179229
411.683533  -0.179217
411.703532  -0.179193
411.723531  -0.179181
411.743530  -0.179181
411.763529  -0.179193
411.783529  -0.179146
411.803528  -0.179170
411.823527  -0.179122
411.843526  -0.179122
411.863525  -0.179098
411.883525  -0.179086
411.903524  -0.179086
411.923523  -0.179074
411.943522  -0.179027
411.963521  -0.179039
411.983521  -0.179039
412.003520  -0.179027
412.023519  -0.179003
412.043518  -0.179039
412.063517  -0.178979
412.083517  -0.178955
412.103516  -0.178955
412.123515  -0.178943
412.143514  -0.178943
412.163513  -0.178932
412.183513  -0.178908
412.203512  -0.178932
412.223511  -0.178896
412.243510  -0.178884
412.263509  -0.178884
412.283509  -0.178860
412.303508  -0.178824
412.323507  -0.178824
412.343506  -0.178848
412.363505  -0.178813
412.383505  -0.178836
412.403504  -0.178813
412.423503  -0.178813
412.443502  -0.178789
412.463501  -0.178789
412.483501  -0.178777
412.503500  -0.178765
412.523499  -0.178789
412.543498  -0.178753
412.563497  -0.178741
412.583497  -0.178729
412.603496  -0.178729
412.623495  -0.178729
412.643494  -0.178705
412.663493  -0.178729
412.683493  -0.178705
412.703492  -0.178705
412.723491  -0.178705
412.743490  -0.178658
412.763489  -0.178693
412.783489  -0.178646
412.803488  -0.178634
412.823487  -0.178646
412.843486  -0.178646
412.863485  -0.178658
412.883485  -0.178610
412.903484  -0.178610
412.923483  -0.178610
412.943482  -0.178586
412.963481  -0.178598
412.983481  -0.178586
413.003480  -0.178610
413.023479  -0.178574
413.043478  -0.178574
413.063477  -0.178563
413.083477  -0.178551
413.103476  -0.178539
413.123475  -0.178503
413.143474  -0.178503
413.163473  -0.178527
413.183473  -0.178467
413.203472  -0.178503
413.223471  -0.178479
413.243470  -0.178491
413.263469  -0.178467
413.283469  -0.178479
413.303468  -0.178467
413.323467  -0.178432
413.343466  -0.178455
413.363465  -0.178408
413.383465  -0.178396
413.403464  -0.178408
413.423463  -0.178396
413.443462  -0.178372
413.463461  -0.178384
413.483461  -0.178360
413.503460  -0.178348
413.523459  -0.178336
413.543458  -0.178313
413.563457  -0.178325
413.583457  -0.178289
413.603456  -0.178289
413.623455  -0.178277
413.643454  -0.178301
413.663453  -0.178277
413.683453  -0.178265
413.703452  -0.178277
413.723451  -0.178217
413.743450  -0.178217
413.763449  -0.178170
413.783449  -0.178182
413.803448  -0.178170
413.823447  -0.178158
413.843446  -0.178170
413.863445  -0.178122
413.883445  -0.178110
413.903444  -0.178122
413.923443  -0.178110
413.943442  -0.178086
413.963441  -0.178063
413.983441  -0.178051
414.003440  -0.178051
414.023439  -0.178039
414.043438  -0.178039
414.063437  -0.178027
414.083437  -0.178015
414.103436  -0.177991
414.123435  -0.178003
414.143434  -0.177967
414.163433  -0.177944
414.183433  -0.177944
414.203432  -0.177920
414.223431  -0.177872
414.243430  -0.177908
414.263429  -0.177884
414.283429  -0.177872
414.303428  -0.177848
414.323427  -0.177837
414.343426  -0.177825
414.363425  -0.177801
414.383425  -0.177813
414.403424  -0.177765
414.423423  -0.177753
414.443422  -0.177741
414.463421  -0.177729
414.483421  -0.177717
414.503420  -0.177717
414.523419  -0.177717
414.543418  -0.177682
414.563417  -0.177646
414.583417  -0.177658
414.603416  -0.177646
414.623415  -0.177622
414.643414  -0.177610
414.663413  -0.177575
414.683413  -0.177610
414.703412  -0.177563
414.723411  -0.177587
414.743410  -0.177598
414.763409  -0.177539
414.783409  -0.177563
414.803408  -0.177539
414.823407  -0.177539
414.843406  -0.177515
414.863405  -0.177491
414.883405  -0.177491
414.903404  -0.177503
414.923403  -0.177515
414.943402  -0.177491
414.963401  -0.177468
414.983401  -0.177479
415.003400  -0.177479
415.023399  -0.177432
415.043398  -0.177468
415.063397  -0.177456
415.083397  -0.177432
415.103396  -0.177444
415.123395  -0.177444
415.143394  -0.177420
415.163393  -0.177432
415.183393  -0.177408
415.203392  -0.177408
415.223391  -0.177408
415.243390  -0.177408
415.263389  -0.177384
415.283389  -0.177408
415.303388  -0.177396
415.323387  -0.177396
415.343386  -0.177396
415.363385  -0.177372
415.383385  -0.177360
415.403384  -0.177372
415.423383  -0.177349
415.443382  -0.177337
415.463381  -0.177337
415.483381  -0.177325
415.503380  -0.177325
415.523379  -0.177337
415.543378  -0.177289
415.563377  -0.177289
415.583377  -0.177289
415.603376  -0.177289
415.623375  -0.177277
415.643374  -0.177265
415.663373  -0.177241
415.683373  -0.177241
415.703372  -0.177241
415.723371  -0.177229
415.743370  -0.177229
415.763369  -0.177206
415.783369  -0.177253
415.803368  -0.177194
415.823367  -0.177218
415.843366  -0.177194
415.863365  -0.177182
415.883365  -0.177146
415.903364  -0.177146
415.923363  -0.177134
415.943362  -0.177134
415.963361  -0.177158
415.983361  -0.177122
416.003360  -0.177134
416.023359  -0.177134
416.043358  -0.177146
416.063357  -0.177099
416.083357  -0.177099
416.103356  -0.177087
416.123355  -0.177051
416.143354  -0.177075
416.163353  -0.177063
416.183353  -0.177063
416.203352  -0.177051
416.223351  -0.177027
416.243350  -0.177003
416.263349  -0.177003
416.283349  -0.176980
416.303348  -0.176968
416.323347  -0.176980
416.343346  -0.176956
416.363345  -0.176956
416.383345  -0.176920
416.403344  -0.176932
416.423343  -0.176944
416.443342  -0.176896
416.463341  -0.176884
416.483341  -0.176872
416.503340  -0.176849
416.523339  -0.176837
416.543338  -0.176837
416.563337  -0.176837
416.583337  -0.176813
416.603336  -0.176777
416.623335  -0.176765
416.643334  -0.176777
416.663333  -0.176801
416.683333  -0.176741
416.703332  -0.176741
416.723331  -0.176706
416.743330  -0.176718
416.763329  -0.176694
416.783329  -0.176706
416.803328  -0.176706
416.823327  -0.176718
416.843326  -0.176658
416.863325  -0.176694
416.883325  -0.176670
416.903324  -0.176646
416.923323  -0.176611
416.943322  -0.176611
416.963321  -0.176611
416.983321  -0.176611
417.003320  -0.176575
417.023319  -0.176575
417.043318  -0.176587
417.063317  -0.176539
417.083317  -0.176551
417.103316  -0.176551
417.123315  -0.176503
417.143314  -0.176492
417.163313  -0.176492
417.183313  -0.176515
417.203312  -0.176468
417.223311  -0.176492
417.243310  -0.176503
417.263309  -0.176456
417.283309  -0.176444
417.303308  -0.176444
417.323307  -0.176408
417.343306  -0.176396
417.363305  -0.176396
417.383305  -0.176372
417.403304  -0.176372
417.423303  -0.176384
417.443302  -0.176349
417.463301  -0.176349
417.483301  -0.176349
417.503300  -0.176325
417.523299  -0.176325
417.543298  -0.176325
417.563297  -0.176301
417.583297  -0.176289
417.603296  -0.176277
417.623295  -0.176253
417.643294  -0.176265
417.663293  -0.176242
417.683293  -0.176230
417.703292  -0.176218
417.723291  -0.176206
417.743290  -0.176182
417.763289  -0.176134
417.783289  -0.176182
417.803288  -0.176170
417.823287  -0.176146
417.843286  -0.176087
417.863285  -0.176158
417.883285  -0.176123
417.903284  -0.176111
417.923283  -0.176099
417.943282  -0.176039
417.963281  -0.176075
417.983281  -0.176063
418.003280  -0.176039
418.023279  -0.176027
418.043278  -0.176027
418.063277  -0.176015
418.083277  -0.175980
418.103276  -0.176004
418.123275  -0.176015
418.143274  -0.175968
418.163273  -0.175968
418.183273  -0.175920
418.203272  -0.175968
418.223271  -0.175920
418.243270  -0.175932
418.263269  -0.175908
418.283269  -0.175908
418.303268  -0.175908
418.323267  -0.175885
418.343266  -0.175861
418.363265  -0.175873
418.383265  -0.175861
418.403264  -0.175861
418.423263  -0.175825
418.443262  -0.175837
418.463261  -0.175837
418.483261  -0.175813
418.503260  -0.175813
418.523259  -0.175813
418.543258  -0.175801
418.563257  -0.175801
418.583257  -0.175765
418.603256  -0.175765
418.623255  -0.175754
418.643254  -0.175754
418.663253  -0.175754
418.683253  -0.175754
418.703252  -0.175754
418.723251  -0.175718
418.743250  -0.175706
418.763249  -0.175706
418.783249  -0.175706
418.803248  -0.175658
418.823247  -0.175706
418.843246  -0.175670
418.863245  -0.175682
418.883245  -0.175623
418.903244  -0.175646
418.923243  -0.175646
418.943242  -0.175635
418.963241  -0.175623
418.983241  -0.175635
419.003240  -0.175611
419.023239  -0.175599
419.043238  -0.175575
419.063237  -0.175575
419.083237  -0.175599
419.103236  -0.175575
419.123235  -0.175551
419.143234  -0.175551
419.163233  -0.175527
419.183233  -0.175539
419.203232  -0.175551
419.223231  -0.175492
419.243230  -0.175480
419.263229  -0.175527
419.283229  -0.175492
419.303228  -0.175480
419.323227  -0.175504
419.343226  -0.175468
419.363225  -0.175444
419.383225  -0.175432
419.403224  -0.175432
419.423223  -0.175420
419.443222  -0.175432
419.463221  -0.175397
419.483221  -0.175432
419.503220  -0.175397
419.523219  -0.175385
419.543218  -0.175397
419.563217  -0.175397
419.583217  -0.175361
419.603216  -0.175337
419.623215  -0.175349
419.643214  -0.175337
419.663213  -0.175313
419.683213  -0.175313
419.703212  -0.175289
419.723211  -0.175277
419.743210  -0.175301
419.763209  -0.175230
419.783209  -0.175266
419.803208  -0.175266
419.823207  -0.175254
419.843206  -0.175230
419.863205  -0.175230
419.883205  -0.175230
419.903204  -0.175194
419.923203  -0.175206
419.943202  -0.175194
419.963201  -0.175194
419.983201  -0.175182
420.003200  -0.175135
420.023199  -0.175147
420.043198  -0.175135
420.063197  -0.175087
420.083197  -0.175075
420.103196  -0.175099
420.123195  -0.175099
420.143194  -0.175075
420.163193  -0.175063
420.183193  -0.175063
420.203192  -0.175028
420.223191  -0.175016
420.243190  -0.175004
420.263189  -0.175004
420.283189  -0.174992
420.303188  -0.174980
420.323187  -0.174980
420.343186  -0.174980
420.363185  -0.174980
420.383185  -0.174944
420.403184  -0.174897
420.423183  -0.174897
420.443182  -0.174897
420.463181  -0.174861
420.483181  -0.174885
420.503180  -0.174861
420.523179  -0.174873
420.543178  -0.174837
420.563177  -0.174837
420.583177  -0.174837
420.603176  -0.174813
420.623175  -0.174789
420.643174  -0.174789
420.663173  -0.174778
420.683173  -0.174778
420.703172  -0.174754
420.723171  -0.174778
420.743170  -0.174754
420.763169  -0.174754
420.783169  -0.174778
420.803168  -0.174706
420.823167  -0.174730
420.843166  -0.174718
420.863165  -0.174706
420.883165  -0.174670
420.903164  -0.174694
420.923163  -0.174659
420.943162  -0.174670
420.963161  -0.174670
420.983161  -0.174670
421.003160  -0.174635
421.023159  -0.174659
421.043158  -0.174659
421.063157  -0.174611
421.083157  -0.174599
421.103156  -0.174599
421.123155  -0.174587
421.143154  -0.174599
421.163153  -0.174587
421.183153  -0.174575
421.203152  -0.174540
421.223151  -0.174551
421.243150  -0.174528
421.263149  -0.174492
421.283149  -0.174504
421.303148  -0.174480
421.323147  -0.174480
421.343146  -0.174504
421.363145  -0.174480
421.383145  -0.174456
421.403144  -0.174468
421.423143  -0.174468
421.443142  -0.174456
421.463141  -0.174444
421.483141  -0.174432
421.503140  -0.174432
421.523139  -0.174421
421.543138  -0.174409
421.563137  -0.174397
421.583137  -0.174385
421.603136  -0.174373
421.623135  -0.174349
421.643134  -0.174361
421.663133  -0.174349
421.683133  -0.174325
421.703132  -0.174325
421.723131  -0.174313
421.743130  -0.174278
421.763129  -0.174290
421.783129  -0.174290
421.803128  -0.174266
421.823127  -0.174301
421.843126  -0.174278
421.863125  -0.174230
421.883125  -0.174230
421.903124  -0.174230
421.923123  -0.174230
421.943122  -0.174230
421.963121  -0.174206
421.983121  -0.174206
422.003120  -0.174206
422.023119  -0.174206
422.043118  -0.174159
422.063117  -0.174171
422.083117  -0.174171
422.103116  -0.174159
422.123115  -0.174135
422.143114  -0.174111
422.163113  -0.174099
422.183113  -0.174123
422.203112  -0.174099
422.223111  -0.174099
422.243110  -0.174123
422.263109  -0.174099
422.283109  -0.174063
422.303108  -0.174040
422.323107  -0.174040
422.343106  -0.174040
422.363105  -0.174028
422.383105  -0.174028
422.403104  -0.174028
422.423103  -0.173992
422.443102  -0.173992
422.463101  -0.173980
422.483101  -0.173968
422.503100  -0.173956
422.523099  -0.173944
422.543098  -0.173944
422.563097  -0.173932
422.583097  -0.173944
422.603096  -0.173932
422.623095  -0.173897
422.643094  -0.173873
422.663093  -0.173897
422.683093  -0.173861
422.703092  -0.173885
422.723091  -0.173849
422.743090  -0.173837
422.763089  -0.173825
422.783089  -0.173825
422.803088  -0.173837
422.823087  -0.173813
422.843086  -0.173802
422.863085  -0.173802
422.883085  -0.173813
422.903084  -0.173778
422.923083  -0.173766
422.943082  -0.173766
422.963081  -0.173730
422.983081  -0.173766
423.003080  -0.173730
423.023079  -0.173742
423.043078  -0.173730
423.063077  -0.173730
423.083077  -0.173718
423.103076  -0.173683
423.123075  -0.173694
423.143074  -0.173706
423.163073  -0.173647
423.183073  -0.173647
423.203072  -0.173623
423.223071  -0.173647
423.243070  -0.173659
423.263069  -0.173611
423.283069  -0.173623
423.303068  -0.173599
423.323067  -0.173575
423.343066  -0.173564
423.363065  -0.173552
423.383065  -0.173552
423.403064  -0.173540
423.423063  -0.173540
423.443062  -0.173564
423.463061  -0.173540
423.483061  -0.173540
423.503060  -0.173528
423.523059  -0.173516
423.543058  -0.173492
423.563057  -0.173492
423.583057  -0.173444
423.603056  -0.173456
423.623055  -0.173433
423.643054  -0.173433
423.663053  -0.173433
423.683053  -0.173421
423.703052  -0.173421
423.723051  -0.173385
423.743050  -0.173373
423.763049  -0.173385
423.783049  -0.173373
423.803048  -0.173349
423.823047  -0.173337
423.843046  -0.173314
423.863045  -0.173325
423.883045  -0.173314
423.903044  -0.173314
423.923043  -0.173278
423.943042  -0.173266
423.963041  -0.173254
423.983041  -0.173266
424.003040  -0.173230
424.023039  -0.173242
424.043038  -0.173218
424.063037  -0.173195
424.083037  -0.173206
424.103036  -0.173206
424.123035  -0.173159
424.143034  -0.173183
424.163033  -0.173159
424.183033  -0.173147
424.203032  -0.173123
424.223031  -0.173123
424.243030  -0.173099
424.263029  -0.173111
424.283029  -0.173087
424.303028  -0.173076
424.323027  -0.173064
424.343026  -0.173052
424.363025  -0.173052
424.383025  -0.172980
424.403024  -0.172992
424.423023  -0.172992
424.443022  -0.172992
424.463021  -0.172968
424.483021  -0.172980
424.503020  -0.172992
424.523019  -0.172968
424.543018  -0.172945
424.563017  -0.172933
424.583017  -0.172933
424.603016  -0.172885
424.623015  -0.172897
424.643014  -0.172885
424.663013  -0.172861
424.683013  -0.172861
424.703012  -0.172837
424.723011  -0.172861
424.743010  -0.172814
424.763009  -0.172826
424.783009  -0.172790
424.803008  -0.172802
424.823007  -0.172778
424.843006  -0.172766
424.863005  -0.172778
424.883005  -0.172766
424.903004  -0.172754
424.923003  -0.172730
424.943002  -0.172730
424.963001  -0.172730
424.983001  -0.172695
425.003000  -0.172695
425.022999  -0.172718
425.042998  -0.172659
425.062997  -0.172695
425.082997  -0.172647
425.102996  -0.172647
425.122995  -0.172647
425.142994  -0.172659
425.162993  -0.172659
425.182993  -0.172635
425.202992  -0.172588
425.222991  -0.172576
425.242990  -0.172576
425.262989  -0.172564
425.282989  -0.172552
425.302988  -0.172540
425.322987  -0.172528
425.342986  -0.172552
425.362985  -0.172540
425.382985  -0.172528
425.402984  -0.172528
425.422983  -0.172480
425.442982  -0.172480
425.462981  -0.172480
425.482981  -0.172480
425.502980  -0.172457
425.522979  -0.172457
425.542978  -0.172433
425.562977  -0.172468
425.582977  -0.172409
425.602976  -0.172397
425.622975  -0.172385
425.642974  -0.172385
425.662973  -0.172361
425.682973  -0.172373
425.702972  -0.172361
425.722971  -0.172349
425.742970  -0.172361
425.762969  -0.172338
425.782969  -0.172314
425.802968  -0.172302
425.822967  -0.172314
425.842966  -0.172302
425.862965  -0.172290
425.882965  -0.172278
425.902964  -0.172266
425.922963  -0.172254
425.942962  -0.172219
425.962961  -0.172242
425.982961  -0.172219
426.002960  -0.172219
426.022959  -0.172195
426.042958  -0.172207
426.062957  -0.172159
426.082957  -0.172147
426.102956  -0.172123
426.122955  -0.172147
426.142954  -0.172171
426.162953  -0.172123
426.182953  -0.172111
426.202952  -0.172111
426.222951  -0.172100
426.242950  -0.172100
426.262949  -0.172064
426.282949  -0.172064
426.302948  -0.172064
426.322947  -0.172040
426.342946  -0.172052
426.362945  -0.172040
426.382945  -0.172028
426.402944  -0.172016
426.422943  -0.172016
426.442942  -0.172004
426.462941  -0.171957
426.482941  -0.171981
426.502940  -0.171933
426.522939  -0.171933
426.542938  -0.171957
426.562937  -0.171921
426.582937  -0.171933
426.602936  -0.171921
426.622935  -0.171897
426.642934  -0.171885
426.662933  -0.171873
426.682933  -0.171850
426.702932  -0.171861
426.722931  -0.171838
426.742930  -0.171838
426.762929  -0.171814
426.782929  -0.171802
426.802928  -0.171778
426.822927  -0.171790
426.842926  -0.171766
426.862925  -0.171766
426.882925  -0.171742
426.902924  -0.171707
426.922923  -0.171742
426.942922  -0.171731
426.962921  -0.171719
426.982921  -0.171731
427.002920  -0.171671
427.022919  -0.171683
427.042918  -0.171659
427.062917  -0.171659
427.082917  -0.171659
427.102916  -0.171635
427.122915  -0.171588
427.142914  -0.171623
427.162913  -0.171612
427.182913  -0.171600
427.202912  -0.171600
427.222911  -0.171600
427.242910  -0.171564
427.262909  -0.171576
427.282909  -0.171576
427.302908  -0.171540
427.322907  -0.171516
427.342906  -0.171516
427.362905  -0.171481
427.382905  -0.171504
427.402904  -0.171481
427.422903  -0.171493
427.442902  -0.171493
427.462901  -0.171445
427.482901  -0.171421
427.502900  -0.171433
427.522899  -0.171445
427.542898  -0.171433
427.562897  -0.171397
427.582897  -0.171409
427.602896  -0.171397
427.622895  -0.171350
427.642894  -0.171373
427.662893  -0.171373
427.682893  -0.171362
427.702892  -0.171338
427.722891  -0.171326
427.742890  -0.171302
427.762889  -0.171314
427.782889  -0.171266
427.802888  -0.171290
427.822887  -0.171266
427.842886  -0.171266
427.862885  -0.171266
427.882885  -0.171254
427.902884  -0.171243
427.922883  -0.171231
427.942882  -0.171243
427.962881  -0.171231
427.982881  -0.171207
428.002880  -0.171207
428.022879  -0.171159
428.042878  -0.171183
428.062877  -0.171219
428.082877  -0.171147
428.102876  -0.171124
428.122875  -0.171147
428.142874  -0.171135
428.162873  -0.171100
428.182873  -0.171100
428.202872  -0.171064
428.222871  -0.171064
428.242870  -0.171064
428.262869  -0.171076
428.282869  -0.171040
428.302868  -0.171052
428.322867  -0.170993
428.342866  -0.170993
428.362865  -0.170993
428.382865  -0.170957
428.402864  -0.170957
428.422863  -0.170933
428.442862  -0.170957
428.462861  -0.170921
428.482861  -0.170909
428.502860  -0.170921
428.522859  -0.170909
428.542858  -0.170874
428.562857  -0.170862
428.582857  -0.170850
428.602856  -0.170850
428.622855  -0.170814
428.642854  -0.170826
428.662853  -0.170814
428.682853  -0.170790
428.702852  -0.170778
428.722851  -0.170790
428.742850  -0.170766
428.762849  -0.170743
428.782849  -0.170719
428.802848  -0.170695
428.822847  -0.170695
428.842846  -0.170719
428.862845  -0.170671
428.882845  -0.170647
428.902844  -0.170659
428.922843  -0.170659
428.942842  -0.170659
428.962841  -0.170612
428.982841  -0.170624
429.002840  -0.170600
429.022839  -0.170588
429.042838  -0.170600
429.062837  -0.170552
429.082837  -0.170588
429.102836  -0.170552
429.122835  -0.170517
429.142834  -0.170517
429.162833  -0.170517
429.182833  -0.170505
429.202832  -0.170481
429.222831  -0.170481
429.242830  -0.170421
429.262829  -0.170445
429.282829  -0.170445
429.302828  -0.170409
429.322827  -0.170421
429.342826  -0.170421
429.362825  -0.170397
429.382825  -0.170386
429.402824  -0.170374
429.422823  -0.170350
429.442822  -0.170350
429.462821  -0.170326
429.482821  -0.170338
429.502820  -0.170326
429.522819  -0.170302
429.542818  -0.170278
429.562817  -0.170290
429.582817  -0.170278
429.602816  -0.170267
429.622815  -0.170243
429.642814  -0.170255
429.662813  -0.170219
429.682813  -0.170219
429.702812  -0.170219
429.722811  -0.170207
429.742810  -0.170207
429.762809  -0.170183
429.782809  -0.170171
429.802808  -0.170183
429.822807  -0.170148
429.842806  -0.170159
429.862805  -0.170136
429.882805  -0.170136
429.902804  -0.170100
429.922803  -0.170124
429.942802  -0.170088
429.962801  -0.170112
429.982801  -0.170076
430.002800  -0.170100
430.022799  -0.170064
430.042798  -0.170040
430.062797  -0.170040
430.082797  -0.170040
430.102796  -0.169993
430.122795  -0.169993
430.142794  -0.169993
430.162793  -0.169969
430.182793  -0.170005
430.202792  -0.169957
430.222791  -0.169909
430.242790  -0.169921
430.262789  -0.169933
430.282789  -0.169921
430.302788  -0.169886
430.322787  -0.169909
430.342786  -0.169850
430.362785  -0.169862
430.382785  -0.169874
430.402784  -0.169838
430.422783  -0.169802
430.442782  -0.169802
430.462781  -0.169826
430.482781  -0.169790
430.502780  -0.169790
430.522779  -0.169779
430.542778  -0.169743
430.562777  -0.169755
430.582777  -0.169743
430.602776  -0.169707
430.622775  -0.169707
430.642774  -0.169671
430.662773  -0.169707
430.682773  -0.169683
430.702772  -0.169636
430.722771  -0.169660
430.742770  -0.169636
430.762769  -0.169624
430.782769  -0.169600
430.802768  -0.169624
430.822767  -0.169564
430.842766  -0.169576
430.862765  -0.169552
430.882765  -0.169529
430.902764  -0.169529
430.922763  -0.169505
430.942762  -0.169505
430.962761  -0.169481
430.982761  -0.169457
431.002760  -0.169469
431.022759  -0.169433
431.042758  -0.169433
431.062757  -0.169421
431.082757  -0.169410
431.102756  -0.169386
431.122755  -0.169386
431.142754  -0.169326
431.162753  -0.169338
431.182753  -0.169338
431.202752  -0.169291
431.222751  -0.169314
431.242750  -0.169279
431.262749  -0.169291
431.282749  -0.169279
431.302748  -0.169267
431.322747  -0.169231
431.342746  -0.169207
431.362745  -0.169207
431.382745  -0.169207
431.402744  -0.169195
431.422743  -0.169195
431.442742  -0.169148
431.462741  -0.169148
431.482741  -0.169148
431.502740  -0.169112
431.522739  -0.169112
431.542738  -0.169112
431.562737  -0.169052
431.582737  -0.169076
431.602736  -0.169064
431.622735  -0.169064
431.642734  -0.169029
431.662733  -0.169017
431.682733  -0.169005
431.702732  -0.168993
431.722731  -0.168969
431.742730  -0.168981
431.762729  -0.168969
431.782729  -0.168969
431.802728  -0.168933
431.822727  -0.168945
431.842726  -0.168945
431.862725  -0.168886
431.882725  -0.168874
431.902724  -0.168874
431.922723  -0.168862
431.942722  -0.168838
431.962721  -0.168838
431.982721  -0.168826
432.002720  -0.168803
432.022719  -0.168814
432.042718  -0.168826
432.062717  -0.168791
432.082717  -0.168791
432.102716  -0.168779
432.122715  -0.168755
432.142714  -0.168731
432.162713  -0.168755
432.182713  -0.168719
432.202712  -0.168707
432.222711  -0.168695
432.242710  -0.168684
432.262709  -0.168719
432.282709  -0.168684
432.302708  -0.168660
432.322707  -0.168612
432.342706  -0.168624
432.362705  -0.168636
432.382705  -0.168624
432.402704  -0.168600
432.422703  -0.168600
432.442702  -0.168564
432.462701  -0.168576
432.482701  -0.168553
432.502700  -0.168564
432.522699  -0.168517
432.542698  -0.168517
432.562697  -0.168481
432.582697  -0.168505
432.602696  -0.168505
432.622695  -0.168505
432.642694  -0.168457
432.662693  -0.168457
432.682693  -0.168457
432.702692  -0.168469
432.722691  -0.168434
432.742690  -0.168434
432.762689  -0.168410
432.782689  -0.168374
432.802688  -0.168410
432.822687  -0.168386
432.842686  -0.168386
432.862685  -0.168338
432.882685  -0.168350
432.902684  -0.168350
432.922683  -0.168326
432.942682  -0.168315
432.962681  -0.168338
432.982681  -0.168291
433.002680  -0.168291
433.022679  -0.168291
433.042678  -0.168267
433.062677  -0.168279
433.082677  -0.168279
433.102676  -0.168243
433.122675  -0.168267
433.142674  -0.168255
433.162673  -0.168196
433.182673  -0.168196
433.202672  -0.168172
433.222671  -0.168136
433.242670  -0.168160
433.262669  -0.168148
433.282669  -0.168136
433.302668  -0.168088
433.322667  -0.168112
433.342666  -0.168100
433.362665  -0.168053
433.382665  -0.168053
433.402664  -0.168053
433.422663  -0.168041
433.442662  -0.168041
433.462661  -0.168029
433.482661  -0.168005
433.502660  -0.168017
433.522659  -0.167993
433.542658  -0.167969
433.562657  -0.167946
433.582657  -0.167934
433.602656  -0.167934
433.622655  -0.167910
433.642654  -0.167874
433.662653  -0.167874
433.682653  -0.167862
433.702652  -0.167874
433.722651  -0.167850
433.742650  -0.167827
433.762649  -0.167815
433.782649  -0.167815
433.802648  -0.167803
433.822647  -0.167791
433.842646  -0.167779
433.862645  -0.167743
433.882645  -0.167696
433.902644  -0.167708
433.922643  -0.167731
433.942642  -0.167696
433.962641  -0.167672
433.982641  -0.167660
434.002640  -0.167636
434.022639  -0.167612
434.042638  -0.167648
434.062637  -0.167624
434.082637  -0.167612
434.102636  -0.167624
434.122635  -0.167588
434.142634  -0.167565
434.162633  -0.167577
434.182633  -0.167565
434.202632  -0.167505
434.222631  -0.167517
434.242630  -0.167517
434.262629  -0.167493
434.282629  -0.167458
434.302628  -0.167458
434.322627  -0.167434
434.342626  -0.167446
434.362625  -0.167422
434.382625  -0.167386
434.402624  -0.167398
434.422623  -0.167386
434.442622  -0.167374
434.462621  -0.167362
434.482621  -0.167374
434.502620  -0.167339
434.522619  -0.167327
434.542618  -0.167315
434.562617  -0.167303
434.582617  -0.167303
434.602616  -0.167279
434.622615  -0.167279
434.642614  -0.167243
434.662613  -0.167208
434.682613  -0.167220
434.702612  -0.167220
434.722611  -0.167196
434.742610  -0.167136
434.762609  -0.167196
434.782609  -0.167172
434.802608  -0.167136
434.822607  -0.167160
434.842606  -0.167136
434.862605  -0.167089
434.882605  -0.167124
434.902604  -0.167077
434.922603  -0.167065
434.942602  -0.167065
434.962601  -0.167065
434.982601  -0.167041
435.002600  -0.167041
435.022599  -0.167005
435.042598  -0.167005
435.062597  -0.166993
435.082597  -0.166970
435.102596  -0.166958
435.122595  -0.167005
435.142594  -0.166934
435.162593  -0.166946
435.182593  -0.166898
435.202592  -0.166934
435.222591  -0.166898
435.242590  -0.166851
435.262589  -0.166874
435.282589  -0.166851
435.302588  -0.166851
435.322587  -0.166851
435.342586  -0.166803
435.362585  -0.166803
435.382585  -0.166791
435.402584  -0.166779
435.422583  -0.166779
435.442582  -0.166767
435.462581  -0.166767
435.482581  -0.166743
435.502580  -0.166743
435.522579  -0.166708
435.542578  -0.166684
435.562577  -0.166684
435.582577  -0.166672
435.602576  -0.166672
435.622575  -0.166648
435.642574  -0.166648
435.662573  -0.166612
435.682573  -0.166624
435.702572  -0.166612
435.722571  -0.166565
435.742570  -0.166553
435.762569  -0.166553
435.782569  -0.166541
435.802568  -0.166505
435.822567  -0.166529
435.842566  -0.166505
435.862565  -0.166505
435.882565  -0.166482
435.902564  -0.166446
435.922563  -0.166470
435.942562  -0.166458
435.962561  -0.166434
435.982561  -0.166410
436.002560  -0.166422
436.022559  -0.166410
436.042558  -0.166374
436.062557  -0.166351
436.082557  -0.166363
436.102556  -0.166327
436.122555  -0.166351
436.142554  -0.166339
436.162553  -0.166244
436.182553  -0.166279
436.202552  -0.166291
436.222551  -0.166267
436.242550  -0.166255
436.262549  -0.166244
436.282549  -0.166232
436.302548  -0.166208
436.322547  -0.166172
436.342546  -0.166172
436.362545  -0.166160
436.382545  -0.166148
436.402544  -0.166136
436.422543  -0.166136
436.442542  -0.166113
436.462541  -0.166113
436.482541  -0.166101
436.502540  -0.166077
436.522539  -0.166065
436.542538  -0.166017
436.562537  -0.166017
436.582537  -0.166017
436.602536  -0.166005
436.622535  -0.165994
436.642534  -0.165958
436.662533  -0.165970
436.682533  -0.165958
436.702532  -0.165970
436.722531  -0.165922
436.742530  -0.165922
436.762529  -0.165898
436.782529  -0.165886
436.802528  -0.165886
436.822527  -0.165875
436.842526  -0.165863
436.862525  -0.165863
436.882525  -0.165827
436.902524  -0.165839
436.922523  -0.165803
436.942522  -0.165791
436.962521  -0.165779
436.982521  -0.165767
437.002520  -0.165755
437.022519  -0.165744
437.042518  -0.165732
437.062517  -0.165720
437.082517  -0.165708
437.102516  -0.165672
437.122515  -0.165660
437.142514  -0.165625
437.162513  -0.165636
437.182513  -0.165601
437.202512  -0.165636
437.222511  -0.165601
437.242510  -0.165601
437.262509  -0.165589
437.282509  -0.165565
437.302508  -0.165541
437.322507  -0.165541
437.342506  -0.165541
437.362505  -0.165482
437.382505  -0.165482
437.402504  -0.165482
437.422503  -0.165446
437.442502  -0.165446
437.462501  -0.165434
437.482501  -0.165410
437.502500  -0.165398
437.522499  -0.165387
437.542498  -0.165410
437.562498  -0.165363
437.582497  -0.165339
437.602496  -0.165315
437.622495  -0.165291
437.642494  -0.165315
437.662494  -0.165279
437.682493  -0.165267
437.702492  -0.165279
437.722491  -0.165232
437.742490  -0.165244
437.762490  -0.165232
437.782489  -0.165208
437.802488  -0.165172
437.822487  -0.165196
437.842486  -0.165137
437.862486  -0.165137
437.882485  -0.165137
437.902484  -0.165137
437.922483  -0.165101
437.942482  -0.165101
437.962482  -0.165065
437.982481  -0.165089
438.002480  -0.165053
438.022479  -0.165041
438.042478  -0.165018
438.062478  -0.165006
438.082477  -0.165006
438.102476  -0.164994
438.122475  -0.164982
438.142474  -0.164958
438.162474  -0.164934
438.182473  -0.164910
438.202472  -0.164922
438.222471  -0.164899
438.242470  -0.164887
438.262470  -0.164875
438.282469  -0.164863
438.302468  -0.164839
438.322467  -0.164863
438.342466  -0.164851
438.362466  -0.164779
438.382465  -0.164779
438.402464  -0.164791
438.422463  -0.164732
438.442462  -0.164756
438.462462  -0.164732
438.482461  -0.164744
438.502460  -0.164720
438.522459  -0.164696
438.542458  -0.164684
438.562458  -0.164684
438.582457  -0.164660
438.602456  -0.164625
438.622455  -0.164613
438.642454  -0.164601
438.662454  -0.164589
438.682453  -0.164577
438.702452  -0.164553
438.722451  -0.164565
438.742450  -0.164541
438.762450  -0.164530
438.782449  -0.164530
438.802448  -0.164530
438.822447  -0.164494
438.842446  -0.164458
438.862446  -0.164482
438.882445  -0.164446
438.902444  -0.164434
438.922443  -0.164422
438.942442  -0.164422
438.962442  -0.164411
438.982441  -0.164375
439.002440  -0.164363
439.022439  -0.164339
439.042438  -0.164351
439.062438  -0.164315
439.082437  -0.164280
439.102436  -0.164303
439.122435  -0.164292
439.142434  -0.164292
439.162434  -0.164244
439.182433  -0.164244
439.202432  -0.164256
439.222431  -0.164220
439.242430  -0.164220
439.262430  -0.164184
439.282429  -0.164172
439.302428  -0.164172
439.322427  -0.164137
439.342426  -0.164161
439.362426  -0.164161
439.382425  -0.164113
439.402424  -0.164101
439.422423  -0.164065
439.442422  -0.164101
439.462422  -0.164053
439.482421  -0.164053
439.502420  -0.164065
439.522419  -0.164018
439.542418  -0.164030
439.562418  -0.163994
439.582417  -0.163994
439.602416  -0.163994
439.622415  -0.163946
439.642414  -0.163923
439.662414  -0.163923
439.682413  -0.163911
439.702412  -0.163934
439.722411  -0.163887
439.742410  -0.163887
439.762410  -0.163839
439.782409  -0.163863
439.802408  -0.163839
439.822407  -0.163804
439.842406  -0.163815
439.862406  -0.163804
439.882405  -0.163768
439.902404  -0.163768
439.922403  -0.163780
439.942402  -0.163720
439.962402  -0.163744
439.982401  -0.163720
440.002400  -0.163708
440.022399  -0.163720
440.042398  -0.163684
440.062398  -0.163684
440.082397  -0.163661
440.102396  -0.163649
440.122395  -0.163613
440.142394  -0.163625
440.162394  -0.163589
440.182393  -0.163554
440.202392  -0.163577
440.222391  -0.163554
440.242390  -0.163542
440.262390  -0.163518
440.282389  -0.163494
440.302388  -0.163506
440.322387  -0.163494
440.342386  -0.163494
440.362386  -0.163458
440.382385  -0.163482
440.402384  -0.163458
440.422383  -0.163446
440.442382  -0.163363
440.462382  -0.163423
440.482381  -0.163411
440.502380  -0.163375
440.522379  -0.163387
440.542378  -0.163363
440.562378  -0.163339
440.582377  -0.163351
440.602376  -0.163292
440.622375  -0.163292
440.642374  -0.163256
440.662374  -0.163292
440.682373  -0.163256
440.702372  -0.163232
440.722371  -0.163208
440.742370  -0.163220
440.762370  -0.163220
440.782369  -0.163173
440.802368  -0.163196
440.822367  -0.163185
440.842366  -0.163149
440.862366  -0.163149
440.882365  -0.163113
440.902364  -0.163113
440.922363  -0.163066
440.942362  -0.163077
440.962362  -0.163077
440.982361  -0.163054
441.002360  -0.163042
441.022359  -0.163042
441.042358  -0.163006
441.062358  -0.163006
441.082357  -0.162958
441.102356  -0.162982
441.122355  -0.162935
441.142354  -0.162935
441.162354  -0.162923
441.182353  -0.162923
441.202352  -0.162887
441.222351  -0.162863
441.242350  -0.162887
441.262350  -0.162851
441.282349  -0.162816
441.302348  -0.162804
441.322347  -0.162839
441.342346  -0.162792
441.362346  -0.162792
441.382345  -0.162768
441.402344  -0.162756
441.422343  -0.162744
441.442342  -0.162720
441.462342  -0.162708
441.482341  -0.162685
441.502340  -0.162685
441.522339  -0.162661
441.542338  -0.162649
441.562338  -0.162637
441.582337  -0.162601
441.602336  -0.162589
441.622335  -0.162589
441.642334  -0.162542
441.662334  -0.162554
441.682333  -0.162530
441.702332  -0.162518
441.722331  -0.162506
441.742330  -0.162506
441.762330  -0.162459
441.782329  -0.162459
441.802328  -0.162447
441.822327  -0.162435
441.842326  -0.162435
441.862326  -0.162423
441.882325  -0.162411
441.902324  -0.162375
441.922323  -0.162351
441.942322  -0.162339
441.962322  -0.162316
441.982321  -0.162316
442.002320  -0.162316
442.022319  -0.162316
442.042318  -0.162280
442.062318  -0.162292
442.082317  -0.162256
442.102316  -0.162256
442.122315  -0.162232
442.142314  -0.162197
442.162314  -0.162209
442.182313  -0.162173
442.202312  -0.162137
442.222311  -0.162125
442.242310  -0.162113
442.262310  -0.162125
442.282309  -0.162113
442.302308  -0.162090
442.322307  -0.162054
442.342306  -0.162054
442.362306  -0.162042
442.382305  -0.162018
442.402304  -0.162042
442.422303  -0.162006
442.442302  -0.161994
442.462302  -0.161994
442.482301  -0.161994
442.502300  -0.161911
442.522299  -0.161923
442.542298  -0.161899
442.562298  -0.161875
442.582297  -0.161875
442.602296  -0.161887
442.622295  -0.161851
442.642294  -0.161840
442.662294  -0.161828
442.682293  -0.161792
442.702292  -0.161792
442.722291  -0.161768
442.742290  -0.161744
442.762290  -0.161744
442.782289  -0.161732
442.802288  -0.161709
442.822287  -0.161685
442.842286  -0.161673
442.862286  -0.161673
442.882285  -0.161661
442.902284  -0.161649
442.922283  -0.161578
442.942282  -0.161613
442.962282  -0.161602
442.982281  -0.161578
443.002280  -0.161530
443.022279  -0.161554
443.042278  -0.161506
443.062278  -0.161530
443.082277  -0.161494
443.102276  -0.161506
443.122275  -0.161471
443.142274  -0.161483
443.162274  -0.161435
443.182273  -0.161387
443.202272  -0.161411
443.222271  -0.161363
443.242270  -0.161340
443.262270  -0.161387
443.282269  -0.161352
443.302268  -0.161328
443.322267  -0.161340
443.342266  -0.161292
443.362266  -0.161280
443.382265  -0.161233
443.402264  -0.161268
443.422263  -0.161221
443.442262  -0.161221
443.462262  -0.161197
443.482261  -0.161209
443.502260  -0.161197
443.522259  -0.161173
443.542258  -0.161149
443.562258  -0.161149
443.582257  -0.161125
443.602256  -0.161102
443.622255  -0.161066
443.642254  -0.161078
443.662254  -0.161066
443.682253  -0.161066
443.702252  -0.161018
443.722251  -0.161042
443.742250  -0.161006
443.762250  -0.161018
443.782249  -0.160983
443.802248  -0.160971
443.822247  -0.160971
443.842246  -0.160959
443.862246  -0.160923
443.882245  -0.160899
443.902244  -0.160911
443.922243  -0.160875
443.942242  -0.160887
443.962242  -0.160875
443.982241  -0.160852
444.002240  -0.160828
444.022239  -0.160840
444.042238  -0.160768
444.062238  -0.160804
444.082237  -0.160792
444.102236  -0.160745
444.122235  -0.160756
444.142234  -0.160733
444.162234  -0.160756
444.182233  -0.160733
444.202232  -0.160697
444.222231  -0.160697
444.242230  -0.160673
444.262230  -0.160661
444.282229  -0.160626
444.302228  -0.160626
444.322227  -0.160661
444.342226  -0.160614
444.362226  -0.160590
444.382225  -0.160554
444.402224  -0.160578
444.422223  -0.160518
444.442222  -0.160542
444.462222  -0.160495
444.482221  -0.160507
444.502220  -0.160518
444.522219  -0.160495
444.542218  -0.160459
444.562218  -0.160447
444.582217  -0.160411
444.602216  -0.160411
444.622215  -0.160376
444.642214  -0.160364
444.662214  -0.160328
444.682213  -0.160352
444.702212  -0.160340
444.722211  -0.160304
444.742210  -0.160292
444.762210  -0.160292
444.782209  -0.160268
444.802208  -0.160245
444.822207  -0.160233
444.842206  -0.160197
444.862206  -0.160185
444.882205  -0.160173
444.902204  -0.160173
444.922203  -0.160161
444.942202  -0.160126
444.962202  -0.160126
444.982201  -0.160114
445.002200  -0.160078
445.022199  -0.160090
445.042198  -0.160066
445.062198  -0.160042
445.082197  -0.159995
445.102196  -0.160007
445.122195  -0.159947
445.142194  -0.159959
445.162194  -0.159959
445.182193  -0.159959
445.202192  -0.159923
445.222191  -0.159947
445.242190  -0.159899
445.262190  -0.159864
445.282189  -0.159852
445.302188  -0.159840
445.322187  -0.159816
445.342186  -0.159804
445.362186  -0.159804
445.382185  -0.159780
445.402184  -0.159769
445.422183  -0.159769
445.442182  -0.159745
445.462182  -0.159709
445.482181  -0.159721
445.502180  -0.159685
445.522179  -0.159673
445.542178  -0.159673
445.562178  -0.159650
445.582177  -0.159638
445.602176  -0.159650
445.622175  -0.159590
445.642174  -0.159590
445.662174  -0.159578
445.682173  -0.159590
445.702172  -0.159530
445.722171  -0.159542
445.742170  -0.159519
445.762170  -0.159507
445.782169  -0.159483
445.802168  -0.159471
445.822167  -0.159447
445.842166  -0.159423
445.862166  -0.159400
445.882165  -0.159411
445.902164  -0.159400
445.922163  -0.159364
445.942162  -0.159376
445.962162  -0.159352
445.982161  -0.159316
446.002160  -0.159316
446.022159  -0.159304
446.042158  -0.159257
446.062158  -0.159269
446.082157  -0.159245
446.102156  -0.159221
446.122155  -0.159197
446.142154  -0.159209
446.162154  -0.159173
446.182153  -0.159162
446.202152  -0.159138
446.222151  -0.159150
446.242150  -0.159126
446.262150  -0.159138
446.282149  -0.159078
446.302148  -0.159078
446.322147  -0.159066
446.342146  -0.159031
446.362146  -0.159007
446.382145  -0.159019
446.402144  -0.158995
446.422143  -0.158983
446.442142  -0.158959
446.462142  -0.158959
446.482141  -0.158935
446.502140  -0.158900
446.522139  -0.158935
446.542138  -0.158876
446.562138  -0.158876
446.582137  -0.158840
446.602136  -0.158852
446.622135  -0.158816
446.642134  -0.158804
446.662134  -0.158804
446.682133  -0.158769
446.702132  -0.158745
446.722131  -0.158757
446.742130  -0.158709
446.762130  -0.158721
446.782129  -0.158674
446.802128  -0.158697
446.822127  -0.158650
446.842126  -0.158626
446.862126  -0.158614
446.882125  -0.158590
446.902124  -0.158590
446.922123  -0.158566
446.942122  -0.158566
446.962122  -0.158566
446.982121  -0.158519
447.002120  -0.158495
447.022119  -0.158507
447.042118  -0.158447
447.062118  -0.158471
447.082117  -0.158447
447.102116  -0.158447
447.122115  -0.158435
447.142114  -0.158388
447.162114  -0.158352
447.182113  -0.158376
447.202112  -0.158364
447.222111  -0.158340
447.242110  -0.158340
447.262110  -0.158328
447.282109  -0.158293
447.302108  -0.158281
447.322107  -0.158233
447.342106  -0.158221
447.362106  -0.158233
447.382105  -0.158221
447.402104  -0.158221
447.422103  -0.158186
447.442102  -0.158186
447.462102  -0.158162
447.482101  -0.158174
447.502100  -0.158138
447.522099  -0.158114
447.542098  -0.158066
447.562098  -0.158090
447.582097  -0.158043
447.602096  -0.158055
447.622095  -0.158055
447.642094  -0.158043
447.662094  -0.158031
447.682093  -0.157995
447.702092  -0.157959
447.722091  -0.157959
447.742090  -0.157924
447.762090  -0.157936
447.782089  -0.157876
447.802088  -0.157900
447.822087  -0.157888
447.842086  -0.157864
447.862086  -0.157864
447.882085  -0.157828
447.902084  -0.157828
447.922083  -0.157805
447.942082  -0.157793
447.962082  -0.157781
447.982081  -0.157769
448.002080  -0.157745
448.022079  -0.157721
448.042078  -0.157733
448.062078  -0.157709
448.082077  -0.157686
448.102076  -0.157698
448.122075  -0.157650
448.142074  -0.157650
448.162074  -0.157638
448.182073  -0.157614
448.202072  -0.157578
448.222071  -0.157602
448.242070  -0.157555
448.262070  -0.157567
448.282069  -0.157531
448.302068  -0.157543
448.322067  -0.157519
448.342066  -0.157531
448.362066  -0.157495
448.382065  -0.157483
448.402064  -0.157436
448.422063  -0.157412
448.442062  -0.157400
448.462062  -0.157376
448.482061  -0.157412
448.502060  -0.157376
448.522059  -0.157388
448.542058  -0.157352
448.562058  -0.157317
448.582057  -0.157317
448.602056  -0.157317
448.622055  -0.157269
448.642054  -0.157269
448.662054  -0.157245
448.682053  -0.157233
448.702052  -0.157233
448.722051  -0.157210
448.742050  -0.157198
448.762050  -0.157162
448.782049  -0.157150
448.802048  -0.157126
448.822047  -0.157114
448.842046  -0.157090
448.862046  -0.157079
448.882045  -0.157055
448.902044  -0.157079
448.922043  -0.157031
448.942042  -0.157031
448.962042  -0.157031
448.982041  -0.156971
449.002040  -0.156983
449.022039  -0.156936
449.042038  -0.156936
449.062038  -0.156912
449.082037  -0.156912
449.102036  -0.156876
449.122035  -0.156864
449.142034  -0.156864
449.162034  -0.156852
449.182033  -0.156829
449.202032  -0.156805
449.222031  -0.156805
449.242030  -0.156757
449.262030  -0.156769
449.282029  -0.156745
449.302028  -0.156733
449.322027  -0.156722
449.342026  -0.156698
449.362026  -0.156674
449.382025  -0.156698
449.402024  -0.156638
449.422023  -0.156602
449.442022  -0.156602
449.462022  -0.156567
449.482021  -0.156555
449.502020  -0.156543
449.522019  -0.156543
449.542018  -0.156531
449.562018  -0.156507
449.582017  -0.156507
449.602016  -0.156472
449.622015  -0.156448
449.642014  -0.156424
449.662014  -0.156388
449.682013  -0.156388
449.702012  -0.156400
449.722011  -0.156376
449.742010  -0.156364
449.762010  -0.156341
449.782009  -0.156364
449.802008  -0.156329
449.822007  -0.156293
449.842006  -0.156269
449.862006  -0.156269
449.882005  -0.156245
449.902004  -0.156210
449.922003  -0.156234
449.942002  -0.156198
449.962002  -0.156162
449.982001  -0.156174
450.002000  -0.156162
450.021999  -0.156138
450.041998  -0.156126
450.061998  -0.156103
450.081997  -0.156067
450.101996  -0.156091
450.121995  -0.156055
450.141994  -0.156019
450.161994  -0.156019
450.181993  -0.156019
450.201992  -0.156007
450.221991  -0.155960
450.241990  -0.155984
450.261990  -0.155936
450.281989  -0.155912
450.301988  -0.155924
450.321987  -0.155900
450.341986  -0.155912
450.361986  -0.155888
450.381985  -0.155888
450.401984  -0.155805
450.421983  -0.155829
450.441982  -0.155817
450.461982  -0.155769
450.481981  -0.155793
450.501980  -0.155757
450.521979  -0.155734
450.541978  -0.155734
450.561978  -0.155710
450.581977  -0.155710
450.601976  -0.155674
450.621975  -0.155686
450.641974  -0.155674
450.661974  -0.155638
450.681973  -0.155626
450.701972  -0.155626
450.721971  -0.155603
450.741970  -0.155591
450.761970  -0.155567
450.781969  -0.155543
450.801968  -0.155555
450.821967  -0.155531
450.841966  -0.155531
450.861966  -0.155507
450.881965  -0.155484
450.901964  -0.155448
450.921963  -0.155448
450.941962  -0.155436
450.961962  -0.155388
450.981961  -0.155412
451.001960  -0.155377
451.021959  -0.155341
451.041958  -0.155353
451.061958  -0.155329
451.081957  -0.155305
451.101956  -0.155317
451.121955  -0.155269
451.141954  -0.155281
451.161954  -0.155246
451.181953  -0.155246
451.201952  -0.155222
451.221951  -0.155198
451.241950  -0.155162
451.261950  -0.155150
451.281949  -0.155162
451.301948  -0.155127
451.321947  -0.155127
451.341946  -0.155079
451.361946  -0.155091
451.381945  -0.155079
451.401944  -0.155043
451.421943  -0.155067
451.441942  -0.155008
451.461942  -0.155008
451.481941  -0.154972
451.501940  -0.154972
451.521939  -0.154960
451.541938  -0.154936
451.561938  -0.154889
451.581937  -0.154889
451.601936  -0.154900
451.621935  -0.154865
451.641934  -0.154900
451.661934  -0.154853
451.681933  -0.154805
451.701932  -0.154805
451.721931  -0.154793
451.741930  -0.154758
451.761930  -0.154746
451.781929  -0.154746
451.801928  -0.154722
451.821927  -0.154710
451.841926  -0.154710
451.861926  -0.154686
451.881925  -0.154662
451.901924  -0.154650
451.921923  -0.154627
451.941922  -0.154591
451.961922  -0.154591
451.981921  -0.154555
452.001920  -0.154531
452.021919  -0.154531
452.041918  -0.154555
452.061918  -0.154496
452.081917  -0.154496
452.101916  -0.154472
452.121915  -0.154460
452.141914  -0.154460
452.161914  -0.154424
452.181913  -0.154412
452.201912  -0.154412
452.221911  -0.154353
452.241910  -0.154353
452.261910  -0.154365
452.281909  -0.154305
452.301908  -0.154293
452.321907  -0.154281
452.341906  -0.154281
452.361906  -0.154258
452.381905  -0.154246
452.401904  -0.154210
452.421903  -0.154174
452.441902  -0.154198
452.461902  -0.154174
452.481901  -0.154174
452.501900  -0.154186
452.521899  -0.154115
452.541898  -0.154091
452.561898  -0.154091
452.581897  -0.154079
452.601896  -0.154032
452.621895  -0.154055
452.641894  -0.154032
452.661894  -0.153984
452.681893  -0.153996
452.701892  -0.153996
452.721891  -0.153972
452.741890  -0.153948
452.761890  -0.153936
452.781889  -0.153913
452.801888  -0.153889
452.821887  -0.153877
452.841886  -0.153841
452.861886  -0.153889
452.881885  -0.153829
452.901884  -0.153829
452.921883  -0.153793
452.941882  -0.153793
452.961882  -0.153746
452.981881  -0.153746
453.001880  -0.153722
453.021879  -0.153710
453.041878  -0.153710
453.061878  -0.153698
453.081877  -0.153651
453.101876  -0.153627
453.121875  -0.153663
453.141874  -0.153627
453.161874  -0.153627
453.181873  -0.153591
453.201872  -0.153544
453.221871  -0.153567
453.241870  -0.153532
453.261870  -0.153520
453.281869  -0.153484
453.301868  -0.153484
453.321867  -0.153484
453.341866  -0.153448
453.361866  -0.153460
453.381865  -0.153413
453.401864  -0.153377
453.421863  -0.153413
453.441862  -0.153341
453.461862  -0.153353
453.481861  -0.153329
453.501860  -0.153305
453.521859  -0.153317
453.541858  -0.153317
453.561858  -0.153282
453.581857  -0.153270
453.601856  -0.153258
453.621855  -0.153234
453.641854  -0.153210
453.661854  -0.153186
453.681853  -0.153210
453.701852  -0.153186
453.721851  -0.153163
453.741850  -0.153127
453.761850  -0.153127
453.781849  -0.153115
453.801848  -0.153079
453.821847  -0.153079
453.841846  -0.153056
453.861846  -0.153044
453.881845  -0.153044
453.901844  -0.153020
453.921843  -0.153008
453.941842  -0.152960
453.961842  -0.152972
453.981841  -0.152925
454.001840  -0.152925
454.021839  -0.152913
454.041838  -0.152889
454.061838  -0.152877
454.081837  -0.152865
454.101836  -0.152841
454.121835  -0.152841
454.141834  -0.152806
454.161834  -0.152841
454.181833  -0.152770
454.201832  -0.152782
454.221831  -0.152746
454.241830  -0.152687
454.261830  -0.152722
454.281829  -0.152687
454.301828  -0.152675
454.321827  -0.152687
454.341826  -0.152639
454.361826  -0.152603
454.381825  -0.152615
454.401824  -0.152579
454.421823  -0.152579
454.441822  -0.152544
454.461822  -0.152544
454.481821  -0.152520
454.501820  -0.152508
454.521819  -0.152520
454.541818  -0.152508
454.561818  -0.152449
454.581817  -0.152449
454.601816  -0.152425
454.621815  -0.152425
454.641814  -0.152401
454.661814  -0.152353
454.681813  -0.152329
454.701812  -0.152329
454.721811  -0.152306
454.741810  -0.152318
454.761810  -0.152294
454.781809  -0.152258
454.801808  -0.152246
454.821807  -0.152210
454.841806  -0.152199
454.861806  -0.152175
454.881805  -0.152187
454.901804  -0.152139
454.921803  -0.152151
454.941802  -0.152127
454.961802  -0.152163
454.981801  -0.152091
455.001800  -0.152068
455.021799  -0.152044
455.041798  -0.152068
455.061798  -0.152020
455.081797  -0.152020
455.101796  -0.151984
455.121795  -0.151972
455.141794  -0.151937
455.161794  -0.151949
455.181793  -0.151925
455.201792  -0.151949
455.221791  -0.151913
455.241790  -0.151889
455.261790  -0.151853
455.281789  -0.151841
455.301788  -0.151841
455.321787  -0.151794
455.341786  -0.151794
455.361786  -0.151782
455.381785  -0.151758
455.401784  -0.151758
455.421783  -0.151746
455.441782  -0.151711
455.461782  -0.151699
455.481781  -0.151639
455.501780  -0.151663
455.521779  -0.151639
455.541778  -0.151639
455.561778  -0.151615
455.581777  -0.151627
455.601776  -0.151603
455.621775  -0.151568
455.641774  -0.151532
455.661774  -0.151520
455.681773  -0.151532
455.701772  -0.151484
455.721771  -0.151449
455.741770  -0.151484
455.761770  -0.151461
455.781769  -0.151425
455.801768  -0.151413
455.821767  -0.151425
455.841766  -0.151389
455.861766  -0.151353
455.881765  -0.151353
455.901764  -0.151330
455.921763  -0.151330
455.941762  -0.151294
455.961762  -0.151270
455.981761  -0.151282
456.001760  -0.151258
456.021759  -0.151246
456.041758  -0.151223
456.061758  -0.151223
456.081757  -0.151211
456.101756  -0.151175
456.121755  -0.151163
456.141754  -0.151127
456.161754  -0.151104
456.181753  -0.151115
456.201752  -0.151080
456.221751  -0.151068
456.241750  -0.151068
456.261750  -0.151032
456.281749  -0.150996
456.301748  -0.150996
456.321747  -0.150996
456.341746  -0.150937
456.361746  -0.150973
456.381745  -0.150925
456.401744  -0.150913
456.421743  -0.150889
456.441742  -0.150877
456.461742  -0.150889
456.481741  -0.150830
456.501740  -0.150818
456.521739  -0.150782
456.541738  -0.150806
456.561738  -0.150818
456.581737  -0.150770
456.601736  -0.150758
456.621735  -0.150746
456.641734  -0.150699
456.661734  -0.150735
456.681733  -0.150663
456.701732  -0.150651
456.721731  -0.150651
456.741730  -0.150627
456.761730  -0.150616
456.781729  -0.150592
456.801728  -0.150592
456.821727  -0.150568
456.841726  -0.150556
456.861726  -0.150556
456.881725  -0.150532
456.901724  -0.150508
456.921723  -0.150473
456.941722  -0.150485
456.961722  -0.150461
456.981721  -0.150449
457.001720  -0.150437
457.021719  -0.150413
457.041718  -0.150366
457.061718  -0.150342
457.081717  -0.150366
457.101716  -0.150330
457.121715  -0.150318
457.141714  -0.150330
457.161714  -0.150282
457.181713  -0.150258
457.201712  -0.150247
457.221711  -0.150235
457.241710  -0.150211
457.261710  -0.150211
457.281709  -0.150223
457.301708  -0.150163
457.321707  -0.150151
457.341706  -0.150139
457.361706  -0.150092
457.381705  -0.150092
457.401704  -0.150068
457.421703  -0.150044
457.441702  -0.150056
457.461702  -0.150056
457.481701  -0.149997
457.501700  -0.150008
457.521699  -0.149985
457.541698  -0.149973
457.561698  -0.149913
457.581697  -0.149913
457.601696  -0.149901
457.621695  -0.149901
457.641694  -0.149901
457.661694  -0.149878
457.681693  -0.149830
457.701692  -0.149842
457.721691  -0.149818
457.741690  -0.149818
457.761690  -0.149782
457.781689  -0.149759
457.801688  -0.149735
457.821687  -0.149747
457.841686  -0.149723
457.861686  -0.149711
457.881685  -0.149687
457.901684  -0.149628
457.921683  -0.149640
457.941682  -0.149640
457.961682  -0.149616
457.981681  -0.149628
458.001680  -0.149604
458.021679  -0.149556
458.041678  -0.149556
458.061678  -0.149520
458.081677  -0.149509
458.101676  -0.149497
458.121675  -0.149473
458.141674  -0.149425
458.161674  -0.149437
458.181673  -0.149437
458.201672  -0.149401
458.221671  -0.149366
458.241670  -0.149378
458.261670  -0.149342
458.281669  -0.149330
458.301668  -0.149330
458.321667  -0.149294
458.341666  -0.149282
458.361666  -0.149259
458.381665  -0.149247
458.401664  -0.149223
458.421663  -0.149223
458.441662  -0.149199
458.461662  -0.149152
458.481661  -0.149152
458.501660  -0.149152
458.521659  -0.149128
458.541658  -0.149092
458.561658  -0.149092
458.581657  -0.149068
458.601656  -0.149044
458.621655  -0.149056
458.641654  -0.149021
458.661654  -0.148997
458.681653  -0.148973
458.701652  -0.148985
458.721651  -0.148937
458.741650  -0.148961
458.761650  -0.148902
458.781649  -0.148902
458.801648  -0.148890
458.821647  -0.148866
458.841646  -0.148830
458.861646  -0.148818
458.881645  -0.148794
458.901644  -0.148783
458.921643  -0.148783
458.941642  -0.148771
458.961642  -0.148747
458.981641  -0.148723
459.001640  -0.148699
459.021639  -0.148699
459.041638  -0.148687
459.061638  -0.148652
459.081637  -0.148664
459.101636  -0.148628
459.121635  -0.148604
459.141634  -0.148568
459.161634  -0.148592
459.181633  -0.148568
459.201632  -0.148521
459.221631  -0.148628
459.241630  -0.148509
459.261630  -0.148473
459.281629  -0.148461
459.301628  -0.148449
459.321627  -0.148449
459.341626  -0.148402
459.361626  -0.148390
459.381625  -0.148402
459.401624  -0.148402
459.421623  -0.148342
459.441622  -0.148342
459.461622  -0.148330
459.481621  -0.148283
459.501620  -0.148247
459.521619  -0.148247
459.541618  -0.148247
459.561618  -0.148211
459.581617  -0.148223
459.601616  -0.148187
459.621615  -0.148187
459.641614  -0.148128
459.661614  -0.148152
459.681613  -0.148116
459.701612  -0.148092
459.721611  -0.148080
459.741610  -0.148092
459.761610  -0.148045
459.781609  -0.148021
459.801608  -0.148009
459.821607  -0.148009
459.841606  -0.148009
459.861606  -0.147985
459.881605  -0.147949
459.901604  -0.147926
459.921603  -0.147926
459.941602  -0.147902
459.961602  -0.147878
459.981601  -0.147854
460.001600  -0.147830
460.021599  -0.147854
460.041598  -0.147807
460.061598  -0.147795
460.081597  -0.147759
460.101596  -0.147759
460.121595  -0.147747
460.141594  -0.147735
460.161594  -0.147687
460.181593  -0.147664
460.201592  -0.147687
460.221591  -0.147640
460.241590  -0.147652
460.261590  -0.147616
460.281589  -0.147604
460.301588  -0.147580
460.321587  -0.147580
460.341586  -0.147545
460.361586  -0.147521
460.381585  -0.147533
460.401584  -0.147521
460.421583  -0.147485
460.441582  -0.147509
460.461582  -0.147449
460.481581  -0.147449
460.501580  -0.147426
460.521579  -0.147366
460.541578  -0.147354
460.561578  -0.147378
460.581577  -0.147330
460.601576  -0.147342
460.621575  -0.147319
460.641574  -0.147319
460.661574  -0.147271
460.681573  -0.147283
460.701572  -0.147235
460.721571  -0.147211
460.741570  -0.147235
460.761570  -0.147176
460.781569  -0.147188
460.801568  -0.147140
460.821567  -0.147128
460.841566  -0.147104
460.861566  -0.147116
460.881565  -0.147080
460.901564  -0.147069
460.921563  -0.147045
460.941562  -0.147033
460.961562  -0.146985
460.981561  -0.146985
461.001560  -0.146961
461.021559  -0.146961
461.041558  -0.146914
461.061558  -0.146914
461.081557  -0.146902
461.101556  -0.146866
461.121555  -0.146890
461.141554  -0.146842
461.161554  -0.146842
461.181553  -0.146807
461.201552  -0.146771
461.221551  -0.146771
461.241550  -0.146795
461.261550  -0.146759
461.281549  -0.146747
461.301548  -0.146711
461.321547  -0.146688
461.341546  -0.146640
461.361546  -0.146676
461.381545  -0.146640
461.401544  -0.146616
461.421543  -0.146592
461.441542  -0.146604
461.461542  -0.146581
461.481541  -0.146557
461.501540  -0.146521
461.521539  -0.146521
461.541538  -0.146485
461.561538  -0.146462
461.581537  -0.146438
461.601536  -0.146426
461.621535  -0.146438
461.641534  -0.146414
461.661534  -0.146414
461.681533  -0.146366
461.701532  -0.146354
461.721531  -0.146343
461.741530  -0.146319
461.761530  -0.146307
461.781529  -0.146307
461.801528  -0.146283
461.821527  -0.146259
461.841526  -0.146235
461.861526  -0.146223
461.881525  -0.146200
461.901524  -0.146200
461.921523  -0.146176
461.941522  -0.146176
461.961522  -0.146104
461.981521  -0.146116
462.001520  -0.146069
462.021519  -0.146116
462.041518  -0.146081
462.061518  -0.146057
462.081517  -0.146033
462.101516  -0.146045
462.121515  -0.146009
462.141514  -0.145985
462.161514  -0.145974
462.181513  -0.145950
462.201512  -0.145914
462.221511  -0.145890
462.241510  -0.145878
462.261510  -0.145855
462.281509  -0.145890
462.301508  -0.145819
462.321507  -0.145807
462.341506  -0.145807
462.361506  -0.145795
462.381505  -0.145747
462.401504  -0.145712
462.421503  -0.145724
462.441502  -0.145724
462.461502  -0.145712
462.481501  -0.145700
462.501500  -0.145676
462.521499  -0.145628
462.541498  -0.145616
462.561498  -0.145605
462.581497  -0.145605
462.601496  -0.145593
462.621495  -0.145521
462.641494  -0.145557
462.661494  -0.145557
462.681493  -0.145533
462.701492  -0.145474
462.721491  -0.145462
462.741490  -0.145474
462.761490  -0.145414
462.781489  -0.145462
462.801488  -0.145414
462.821487  -0.145355
462.841486  -0.145378
462.861486  -0.145343
462.881485  -0.145355
462.901484  -0.145331
462.921483  -0.145283
462.941482  -0.145283
462.961482  -0.145259
462.981481  -0.145236
463.001480  -0.145224
463.021479  -0.145224
463.041478  -0.145164
463.061478  -0.145164
463.081477  -0.145128
463.101476  -0.145117
463.121475  -0.145117
463.141474  -0.145105
463.161474  -0.145081
463.181473  -0.145057
463.201472  -0.145045
463.221471  -0.145009
463.241470  -0.144986
463.261470  -0.144974
463.281469  -0.144962
463.301468  -0.144950
463.321467  -0.144914
463.341466  -0.144890
463.361466  -0.144890
463.381465  -0.144878
463.401464  -0.144878
463.421463  -0.144819
463.441462  -0.144819
463.461462  -0.144771
463.481461  -0.144748
463.501460  -0.144724
463.521459  -0.144748
463.541458  -0.144700
463.561458  -0.144712
463.581457  -0.144664
463.601456  -0.144652
463.621455  -0.144664
463.641454  -0.144593
463.661454  -0.144605
463.681453  -0.144581
463.701452  -0.144581
463.721451  -0.144569
463.741450  -0.144557
463.761450  -0.144486
463.781449  -0.144498
463.801448  -0.144462
463.821447  -0.144450
463.841446  -0.144426
463.861446  -0.144414
463.881445  -0.144402
463.901444  -0.144367
463.921443  -0.144319
463.941442  -0.144379
463.961442  -0.144331
463.981441  -0.144307
464.001440  -0.144283
464.021439  -0.144271
464.041438  -0.144236
464.061438  -0.144212
464.081437  -0.144224
464.101436  -0.144176
464.121435  -0.144152
464.141434  -0.144141
464.161434  -0.144141
464.181433  -0.144152
464.201432  -0.144093
464.221431  -0.144069
464.241430  -0.144057
464.261430  -0.144045
464.281429  -0.144022
464.301428  -0.144010
464.321427  -0.143962
464.341426  -0.143962
464.361426  -0.143950
464.381425  -0.143950
464.401424  -0.143902
464.421423  -0.143891
464.441422  -0.143843
464.461422  -0.143867
464.481421  -0.143819
464.501420  -0.143807
464.521419  -0.143807
464.541418  -0.143760
464.561418  -0.143760
464.581417  -0.143748
464.601416  -0.143748
464.621415  -0.143688
464.641414  -0.143700
464.661414  -0.143664
464.681413  -0.143653
464.701412  -0.143641
464.721411  -0.143629
464.741410  -0.143617
464.761410  -0.143605
464.781409  -0.143605
464.801408  -0.143569
464.821407  -0.143545
464.841406  -0.143522
464.861406  -0.143498
464.881405  -0.143486
464.901404  -0.143474
464.921403  -0.143462
464.941402  -0.143426
464.961402  -0.143414
464.981401  -0.143391
465.001400  -0.143391
465.021399  -0.143367
465.041398  -0.143343
465.061398  -0.143307
465.081397  -0.143295
465.101396  -0.143272
465.121395  -0.143248
465.141394  -0.143260
465.161394  -0.143224
465.181393  -0.143224
465.201392  -0.143200
465.221391  -0.143188
465.241390  -0.143165
465.261390  -0.143176
465.281389  -0.143141
465.301388  -0.143129
465.321387  -0.143117
465.341386  -0.143081
465.361386  -0.143034
465.381385  -0.143010
465.401384  -0.143057
465.421383  -0.143010
465.441382  -0.142998
465.461382  -0.142938
465.481381  -0.142950
465.501380  -0.142915
465.521379  -0.142938
465.541378  -0.142891
465.561378  -0.142891
465.581377  -0.142867
465.601376  -0.142855
465.621375  -0.142819
465.641374  -0.142843
465.661374  -0.142796
465.681373  -0.142748
465.701372  -0.142760
465.721371  -0.142724
465.741370  -0.142712
465.761370  -0.142665
465.781369  -0.142700
465.801368  -0.142688
465.821367  -0.142653
465.841366  -0.142617
465.861366  -0.142605
465.881365  -0.142581
465.901364  -0.142569
465.921363  -0.142534
465.941362  -0.142510
465.961362  -0.142510
465.981361  -0.142510
466.001360  -0.142474
466.021359  -0.142450
466.041358  -0.142415
466.061358  -0.142427
466.081357  -0.142403
466.101356  -0.142379
466.121355  -0.142367
466.141354  -0.142331
466.161354  -0.142308
466.181353  -0.142308
466.201352  -0.142284
466.221351  -0.142284
466.241350  -0.142248
466.261350  -0.142236
466.281349  -0.142224
466.301348  -0.142212
466.321347  -0.142153
466.341346  -0.142141
466.361346  -0.142141
466.381345  -0.142129
466.401344  -0.142070
466.421343  -0.142046
466.441342  -0.142081
466.461342  -0.142046
466.481341  -0.142022
466.501340  -0.142022
466.521339  -0.141998
466.541338  -0.141950
466.561338  -0.141939
466.581337  -0.141915
466.601336  -0.141927
466.621335  -0.141927
466.641334  -0.141867
466.661334  -0.141855
466.681333  -0.141855
466.701332  -0.141808
466.721331  -0.141784
466.741330  -0.141796
466.761330  -0.141784
466.781329  -0.141712
466.801328  -0.141724
466.821327  -0.141701
466.841326  -0.141665
466.861326  -0.141677
466.881325  -0.141641
466.901324  -0.141605
466.921323  -0.141617
466.941322  -0.141593
466.961322  -0.141546
466.981321  -0.141570
467.001320  -0.141546
467.021319  -0.141534
467.041318  -0.141486
467.061318  -0.141474
467.081317  -0.141474
467.101316  -0.141451
467.121315  -0.141451
467.141314  -0.141403
467.161314  -0.141391
467.181313  -0.141343
467.201312  -0.141343
467.221311  -0.141367
467.241310  -0.141308
467.261310  -0.141260
467.281309  -0.141284
467.301308  -0.141284
467.321307  -0.141236
467.341306  -0.141260
467.361306  -0.141201
467.381305  -0.141153
467.401304  -0.141153
467.421303  -0.141141
467.441302  -0.141117
467.461302  -0.141093
467.481301  -0.141117
467.501300  -0.141070
467.521299  -0.141034
467.541298  -0.141046
467.561298  -0.141022
467.581297  -0.140951
467.601296  -0.140998
467.621295  -0.140951
467.641294  -0.140939
467.661294  -0.140939
467.681293  -0.140915
467.701292  -0.140891
467.721291  -0.140891
467.741290  -0.140855
467.761290  -0.140844
467.781289  -0.140808
467.801288  -0.140784
467.821287  -0.140772
467.841286  -0.140760
467.861286  -0.140748
467.881285  -0.140725
467.901284  -0.140725
467.921283  -0.140748
467.941282  -0.140748
467.961282  -0.140713
467.981281  -0.140748
468.001280  -0.140736
468.021279  -0.140701
468.041278  -0.140713
468.061278  -0.140689
468.081277  -0.140665
468.101276  -0.140689
468.121275  -0.140677
468.141274  -0.140701
468.161274  -0.140665
468.181273  -0.140653
468.201272  -0.140665
468.221271  -0.140617
468.241270  -0.140594
468.261270  -0.140594
468.281269  -0.140617
468.301268  -0.140605
468.321267  -0.140582
468.341266  -0.140605
468.361266  -0.140558
468.381265  -0.140605
468.401264  -0.140582
468.421263  -0.140546
468.441262  -0.140558
468.461262  -0.140546
468.481261  -0.140534
468.501260  -0.140534
468.521259  -0.140522
468.541258  -0.140510
468.561258  -0.140522
468.581257  -0.140498
468.601256  -0.140498
468.621255  -0.140451
468.641254  -0.140475
468.661254  -0.140498
468.681253  -0.140463
468.701252  -0.140475
468.721251  -0.140475
468.741250  -0.140463
468.761250  -0.140463
468.781249  -0.140439
468.801248  -0.140439
468.821247  -0.140379
468.841246  -0.140415
468.861246  -0.140379
468.881245  -0.140427
468.901244  -0.140403
468.921243  -0.140391
468.941242  -0.140391
468.961242  -0.140379
468.981241  -0.140367
469.001240  -0.140344
469.021239  -0.140332
469.041238  -0.140332
469.061238  -0.140332
469.081237  -0.140308
469.101236  -0.140332
469.121235  -0.140296
469.141234  -0.140296
469.161234  -0.140308
469.181233  -0.140308
469.201232  -0.140284
469.221231  -0.140248
469.241230  -0.140272
469.261230  -0.140248
469.281229  -0.140237
469.301228  -0.140225
469.321227  -0.140248
469.341226  -0.140201
469.361226  -0.140213
469.381225  -0.140225
469.401224  -0.140213
469.421223  -0.140213
469.441222  -0.140201
469.461222  -0.140189
469.481221  -0.140177
469.501220  -0.140153
469.521219  -0.140153
469.541218  -0.140153
469.561218  -0.140189
469.581217  -0.140153
469.601216  -0.140117
469.621215  -0.140117
469.641214  -0.140106
469.661214  -0.140082
469.681213  -0.140106
469.701212  -0.140106
469.721211  -0.140046
469.741210  -0.140070
469.761210  -0.140058
469.781209  -0.140070
469.801208  -0.140094
469.821207  -0.140034
469.841206  -0.140058
469.861206  -0.140034
469.881205  -0.140022
469.901204  -0.140010
469.921203  -0.140022
469.941202  -0.139998
469.961202  -0.139998
469.981201  -0.139975
470.001200  -0.139963
470.021199  -0.139951
470.041198  -0.139951
470.061198  -0.139951
470.081197  -0.139951
470.101196  -0.139927
470.121195  -0.139927
470.141194  -0.139927
470.161194  -0.139939
470.181193  -0.139903
470.201192  -0.139903
470.221191  -0.139915
470.241190  -0.139868
470.261190  -0.139856
470.281189  -0.139868
470.301188  -0.139868
470.321187  -0.139844
470.341186  -0.139820
470.361186  -0.139832
470.381185  -0.139844
470.401184  -0.139820
470.421183  -0.139808
470.441182  -0.139796
470.461182  -0.139808
470.481181  -0.139760
470.501180  -0.139772
470.521179  -0.139760
470.541178  -0.139760
470.561178  -0.139737
470.581177  -0.139748
470.601176  -0.139760
470.621175  -0.139748
470.641174  -0.139713
470.661174  -0.139713
470.681173  -0.139725
470.701172  -0.139677
470.721171  -0.139725
470.741170  -0.139677
470.761170  -0.139677
470.781169  -0.139701
470.801168  -0.139677
470.821167  -0.139629
470.841166  -0.139665
470.861166  -0.139641
470.881165  -0.139618
470.901164  -0.139641
470.921163  -0.139629
470.941162  -0.139570
470.961162  -0.139582
470.981161  -0.139582
471.001160  -0.139558
471.021159  -0.139570
471.041158  -0.139558
471.061158  -0.139570
471.081157  -0.139546
471.101156  -0.139522
471.121155  -0.139534
471.141154  -0.139522
471.161154  -0.139534
471.181153  -0.139499
471.201152  -0.139499
471.221151  -0.139463
471.241150  -0.139475
471.261150  -0.139510
471.281149  -0.139463
471.301148  -0.139451
471.321147  -0.139427
471.341146  -0.139415
471.361146  -0.139403
471.381145  -0.139391
471.401144  -0.139391
471.421143  -0.139391
471.441142  -0.139391
471.461142  -0.139403
471.481141  -0.139368
471.501140  -0.139368
471.521139  -0.139332
471.541138  -0.139368
471.561138  -0.139332
471.581137  -0.139332
471.601136  -0.139296
471.621135  -0.139320
471.641134  -0.139284
471.661134  -0.139320
471.681133  -0.139296
471.701132  -0.139284
471.721131  -0.139272
471.741130  -0.139225
471.761130  -0.139249
471.781129  -0.139237
471.801128  -0.139249
471.821127  -0.139213
471.841126  -0.139249
471.861126  -0.139213
471.881125  -0.139237
471.901124  -0.139189
471.921123  -0.139177
471.941122  -0.139153
471.961122  -0.139141
471.981121  -0.139141
472.001120  -0.139141
472.021119  -0.139082
472.041118  -0.139118
472.061118  -0.139094
472.081117  -0.139082
472.101116  -0.139118
472.121115  -0.139094
472.141114  -0.139046
472.161114  -0.139046
472.181113  -0.139070
472.201112  -0.139058
472.221111  -0.139046
472.241110  -0.139022
472.261110  -0.139034
472.281109  -0.139022
472.301108  -0.138987
472.321107  -0.138999
472.341106  -0.138963
472.361106  -0.138963
472.381105  -0.138963
472.401104  -0.138951
472.421103  -0.138939
472.441102  -0.138939
472.461102  -0.138915
472.481101  -0.138927
472.501100  -0.138951
472.521099  -0.138903
472.541098  -0.138903
472.561098  -0.138868
472.581097  -0.138868
472.601096  -0.138868
472.621095  -0.138844
472.641094  -0.138796
472.661094  -0.138820
472.681093  -0.138820
472.701092  -0.138856
472.721091  -0.138808
472.741090  -0.138796
472.761090  -0.138808
472.781089  -0.138749
472.801088  -0.138761
472.821087  -0.138737
472.841086  -0.138772
472.861086  -0.138737
472.881085  -0.138725
472.901084  -0.138725
472.921083  -0.138749
472.941082  -0.138701
472.961082  -0.138701
472.981081  -0.138677
473.001080  -0.138677
473.021079  -0.138665
473.041078  -0.138665
473.061078  -0.138618
473.081077  -0.138642
473.101076  -0.138653
473.121075  -0.138653
473.141074  -0.138618
473.161074  -0.138606
473.181073  -0.138582
473.201072  -0.138606
473.221071  -0.138570
473.241070  -0.138558
473.261070  -0.138546
473.281069  -0.138546
473.301068  -0.138546
473.321067  -0.138523
473.341066  -0.138546
473.361066  -0.138546
473.381065  -0.138487
473.401064  -0.138475
473.421063  -0.138487
473.441062  -0.138439
473.461062  -0.138475
473.481061  -0.138463
473.501060  -0.138404
473.521059  -0.138427
473.541058  -0.138451
473.561058  -0.138415
473.581057  -0.138415
473.601056  -0.138392
473.621055  -0.138368
473.641054  -0.138356
473.661054  -0.138368
473.681053  -0.138332
473.701052  -0.138320
473.721051  -0.138356
473.741050  -0.138356
473.761050  -0.138332
473.781049  -0.138332
473.801048  -0.138320
473.821047  -0.138261
473.841046  -0.138249
473.861046  -0.138273
473.881045  -0.138249
473.901044  -0.138261
473.921043  -0.138249
473.941042  -0.138225
473.961042  -0.138249
473.981041  -0.138225
474.001040  -0.138189
474.021039  -0.138165
474.041038  -0.138154
474.061038  -0.138142
474.081037  -0.138154
474.101036  -0.138142
474.121035  -0.138106
474.141034  -0.138118
474.161034  -0.138094
474.181033  -0.138094
474.201032  -0.138094
474.221031  -0.138046
474.241030  -0.138070
474.261030  -0.138046
474.281029  -0.138046
474.301028  -0.138035
474.321027  -0.138046
474.341026  -0.138011
474.361026  -0.138011
474.381025  -0.137999
474.401024  -0.137987
474.421023  -0.137975
474.441022  -0.137963
474.461022  -0.137951
474.481021  -0.137939
474.501020  -0.137927
474.521019  -0.137927
474.541018  -0.137939
474.561018  -0.137892
474.581017  -0.137868
474.601016  -0.137916
474.621015  -0.137916
474.641014  -0.137880
474.661014  -0.137868
474.681013  -0.137844
474.701012  -0.137844
474.721011  -0.137832
474.741010  -0.137832
474.761010  -0.137796
474.781009  -0.137796
474.801008  -0.137808
474.821007  -0.137785
474.841006  -0.137761
474.861006  -0.137737
474.881005  -0.137749
474.901004  -0.137713
474.921003  -0.137713
474.941002  -0.137725
474.961002  -0.137725
474.981001  -0.137701
475.001000  -0.137713
475.020999  -0.137689
475.040998  -0.137677
475.060998  -0.137630
475.080997  -0.137606
475.100996  -0.137630
475.120995  -0.137642
475.140994  -0.137606
475.160994  -0.137606
475.180993  -0.137630
475.200992  -0.137582
475.220991  -0.137570
475.240990  -0.137570
475.260990  -0.137547
475.280989  -0.137535
475.300988  -0.137558
475.320987  -0.137523
475.340986  -0.137523
475.360986  -0.137499
475.380985  -0.137487
475.400984  -0.137511
475.420983  -0.137475
475.440982  -0.137475
475.460982  -0.137451
475.480981  -0.137427
475.500980  -0.137439
475.520979  -0.137427
475.540978  -0.137427
475.560978  -0.137427
475.580977  -0.137368
475.600976  -0.137392
475.620975  -0.137380
475.640974  -0.137344
475.660974  -0.137356
475.680973  -0.137356
475.700972  -0.137344
475.720971  -0.137344
475.740970  -0.137308
475.760970  -0.137297
475.780969  -0.137297
475.800968  -0.137285
475.820967  -0.137273
475.840966  -0.137261
475.860966  -0.137261
475.880965  -0.137237
475.900964  -0.137189
475.920963  -0.137225
475.940962  -0.137213
475.960962  -0.137189
475.980961  -0.137166
476.000960  -0.137178
476.020959  -0.137178
476.040958  -0.137142
476.060958  -0.137142
476.080957  -0.137142
476.100956  -0.137106
476.120955  -0.137142
476.140954  -0.137094
476.160954  -0.137094
476.180953  -0.137047
476.200952  -0.137059
476.220951  -0.137035
476.240950  -0.137059
476.260950  -0.137035
476.280949  -0.137035
476.300948  -0.137023
476.320947  -0.136999
476.340946  -0.137011
476.360946  -0.136963
476.380945  -0.136963
476.400944  -0.136963
476.420943  -0.136939
476.440942  -0.136951
476.460942  -0.136939
476.480941  -0.136916
476.500940  -0.136892
476.520939  -0.136904
476.540938  -0.136880
476.560938  -0.136868
476.580937  -0.136868
476.600936  -0.136832
476.620935  -0.136832
476.640934  -0.136832
476.660934  -0.136832
476.680933  -0.136820
476.700932  -0.136797
476.720931  -0.136809
476.740930  -0.136785
476.760930  -0.136761
476.780929  -0.136761
476.800928  -0.136713
476.820927  -0.136737
476.840926  -0.136725
476.860926  -0.136713
476.880925  -0.136725
476.900924  -0.136713
476.920923  -0.136690
476.940922  -0.136642
476.960922  -0.136654
476.980921  -0.136618
477.000920  -0.136642
477.020919  -0.136606
477.040918  -0.136606
477.060918  -0.136618
477.080917  -0.136618
477.100916  -0.136582
477.120915  -0.136582
477.140914  -0.136559
477.160914  -0.136547
477.180913  -0.136547
477.200912  -0.136559
477.220911  -0.136499
477.240910  -0.136511
477.260910  -0.136523
477.280909  -0.136523
477.300908  -0.136499
477.320907  -0.136463
477.340906  -0.136487
477.360906  -0.136463
477.380905  -0.136475
477.400904  -0.136451
477.420903  -0.136440
477.440902  -0.136440
477.460902  -0.136392
477.480901  -0.136404
477.500900  -0.136416
477.520899  -0.136404
477.540898  -0.136380
477.560898  -0.136368
477.580897  -0.136356
477.600896  -0.136356
477.620895  -0.136344
477.640894  -0.136332
477.660894  -0.136344
477.680893  -0.136309
477.700892  -0.136321
477.720891  -0.136297
477.740890  -0.136309
477.760890  -0.136285
477.780889  -0.136261
477.800888  -0.136237
477.820887  -0.136249
477.840886  -0.136202
477.860886  -0.136202
477.880885  -0.136237
477.900884  -0.136202
477.920883  -0.136202
477.940882  -0.136190
477.960882  -0.136166
477.980881  -0.136154
478.000880  -0.136154
478.020879  -0.136106
478.040878  -0.136142
478.060878  -0.136106
478.080877  -0.136142
478.100876  -0.136106
478.120875  -0.136130
478.140874  -0.136118
478.160874  -0.136094
478.180873  -0.136083
478.200872  -0.136083
478.220871  -0.136059
478.240870  -0.136047
478.260870  -0.136023
478.280869  -0.136011
478.300868  -0.136023
478.320867  -0.135987
478.340866  -0.135999
478.360866  -0.135999
478.380865  -0.135987
478.400864  -0.136011
478.420863  -0.135963
478.440862  -0.135987
478.460862  -0.135975
478.480861  -0.135940
478.500860  -0.135928
478.520859  -0.135916
478.540858  -0.135916
478.560858  -0.135916
478.580857  -0.135904
478.600856  -0.135892
478.620855  -0.135880
478.640854  -0.135856
478.660854  -0.135856
478.680853  -0.135821
478.700852  -0.135856
478.720851  -0.135844
478.740850  -0.135821
478.760850  -0.135833
478.780849  -0.135833
478.800848  -0.135809
478.820847  -0.135785
478.840846  -0.135797
478.860846  -0.135761
478.880845  -0.135773
478.900844  -0.135761
478.920843  -0.135773
478.940842  -0.135749
478.960842  -0.135725
478.980841  -0.135737
479.000840  -0.135725
479.020839  -0.135702
479.040838  -0.135702
479.060838  -0.135690
479.080837  -0.135690
479.100836  -0.135702
479.120835  -0.135690
479.140834  -0.135654
479.160834  -0.135666
479.180833  -0.135666
479.200832  -0.135618
479.220831  -0.135618
479.240830  -0.135654
479.260830  -0.135606
479.280829  -0.135606
479.300828  -0.135630
479.320827  -0.135606
479.340826  -0.135559
479.360826  -0.135571
479.380825  -0.135595
479.400824  -0.135559
479.420823  -0.135559
479.440822  -0.135535
479.460822  -0.135547
479.480821  -0.135523
479.500820  -0.135571
479.520819  -0.135547
479.540818  -0.135511
479.560818  -0.135511
479.580817  -0.135535
479.600816  -0.135511
479.620815  -0.135511
479.640814  -0.135511
479.660814  -0.135464
479.680813  -0.135464
479.700812  -0.135464
479.720811  -0.135487
479.740810  -0.135475
479.760810  -0.135464
479.780809  -0.135499
479.800808  -0.135475
479.820807  -0.135475
479.840806  -0.135452
479.860806  -0.135440
479.880805  -0.135440
479.900804  -0.135428
479.920803  -0.135428
479.940802  -0.135428
479.960802  -0.135440
479.980801  -0.135404
480.000800  -0.135440
480.020799  -0.135440
480.040798  -0.135428
480.060798  -0.135416
480.080797  -0.135392
480.100796  -0.135416
480.120795  -0.135428
480.140794  -0.135392
480.160794  -0.135428
480.180793  -0.135368
480.200792  -0.135440
480.220791  -0.135452
480.240790  -0.135404
480.260790  -0.135428
480.280789  -0.135404
480.300788  -0.135368
480.320787  -0.135392
480.340786  -0.135404
480.360786  -0.135392
480.380785  -0.135392
480.400784  -0.135380
480.420783  -0.135356
480.440782  -0.135380
480.460782  -0.135345
480.480781  -0.135380
480.500780  -0.135345
480.520779  -0.135333
480.540778  -0.135345
480.560778  -0.135333
480.580777  -0.135309
480.600776  -0.135321
480.620775  -0.135321
480.640774  -0.135309
480.660774  -0.135297
480.680773  -0.135285
480.700772  -0.135309
480.720771  -0.135285
480.740770  -0.135261
480.760770  -0.135285
480.780769  -0.135237
480.800768  -0.135261
480.820767  -0.135297
480.840766  -0.135273
480.860766  -0.135285
480.880765  -0.135261
480.900764  -0.135249
480.920763  -0.135202
480.940762  -0.135237
480.960762  -0.135226
480.980761  -0.135226
481.000760  -0.135226
481.020759  -0.135202
481.040758  -0.135214
481.060758  -0.135190
481.080757  -0.135226
481.100756  -0.135190
481.120755  -0.135190
481.140754  -0.135166
481.160754  -0.135190
481.180753  -0.135190
481.200752  -0.135178
481.220751  -0.135166
481.240750  -0.135154
481.260750  -0.135166
481.280749  -0.135154
481.300748  -0.135130
481.320747  -0.135142
481.340746  -0.135142
481.360746  -0.135142
481.380745  -0.135095
481.400744  -0.135118
481.420743  -0.135118
481.440742  -0.135095
481.460742  -0.135083
481.480741  -0.135118
481.500740  -0.135083
481.520739  -0.135083
481.540738  -0.135059
481.560738  -0.135047
481.580737  -0.135059
481.600736  -0.135047
481.620735  -0.135047
481.640734  -0.135059
481.660734  -0.135047
481.680733  -0.135035
481.700732  -0.135035
481.720731  -0.135023
481.740730  -0.134987
481.760730  -0.134987
481.780729  -0.135011
481.800728  -0.134987
481.820727  -0.134976
481.840726  -0.134964
481.860726  -0.135011
481.880725  -0.134964
481.900724  -0.134976
481.920723  -0.134952
481.940722  -0.134952
481.960722  -0.134952
481.980721  -0.134940
482.000720  -0.134904
482.020719  -0.134928
482.040718  -0.134916
482.060718  -0.134928
482.080717  -0.134892
482.100716  -0.134880
482.120715  -0.134880
482.140714  -0.134857
482.160714  -0.134868
482.180713  -0.134880
482.200712  -0.134880
482.220711  -0.134821
482.240710  -0.134845
482.260710  -0.134833
482.280709  -0.134857
482.300708  -0.134821
482.320707  -0.134797
482.340706  -0.134773
482.360706  -0.134785
482.380705  -0.134797
482.400704  -0.134773
482.420703  -0.134785
482.440702  -0.134761
482.460702  -0.134738
482.480701  -0.134761
482.500700  -0.134726
482.520699  -0.134738
482.540698  -0.134702
482.560698  -0.134726
482.580697  -0.134714
482.600696  -0.134666
482.620695  -0.134678
482.640694  -0.134678
482.660694  -0.134666
482.680693  -0.134678
482.700692  -0.134678
482.720691  -0.134654
482.740690  -0.134630
482.760690  -0.134618
482.780689  -0.134642
482.800688  -0.134583
482.820687  -0.134595
482.840686  -0.134607
482.860686  -0.134583
482.880685  -0.134571
482.900684  -0.134583
482.920683  -0.134535
482.940682  -0.134583
482.960682  -0.134559
482.980681  -0.134523
483.000680  -0.134523
483.020679  -0.134511
483.040678  -0.134464
483.060678  -0.134499
483.080677  -0.134476
483.100676  -0.134476
483.120675  -0.134488
483.140674  -0.134476
483.160674  -0.134440
483.180673  -0.134440
483.200672  -0.134404
483.220671  -0.134416
483.240670  -0.134404
483.260670  -0.134345
483.280669  -0.134416
483.300668  -0.134357
483.320667  -0.134392
483.340666  -0.134380
483.360666  -0.134380
483.380665  -0.134345
483.400664  -0.134321
483.420663  -0.134309
483.440662  -0.134333
483.460662  -0.134297
483.480661  -0.134321
483.500660  -0.134285
483.520659  -0.134261
483.540658  -0.134273
483.560658  -0.134273
483.580657  -0.134238
483.600656  -0.134226
483.620655  -0.134261
483.640654  -0.134226
483.660654  -0.134202
483.680653  -0.134202
483.700652  -0.134202
483.720651  -0.134154
483.740650  -0.134190
483.760650  -0.134178
483.780649  -0.134178
483.800648  -0.134166
483.820647  -0.134130
483.840646  -0.134107
483.860646  -0.134130
483.880645  -0.134095
483.900644  -0.134095
483.920643  -0.134095
483.940642  -0.134119
483.960642  -0.134071
483.980641  -0.134095
484.000640  -0.134071
484.020639  -0.134035
484.040638  -0.134059
484.060638  -0.134035
484.080637  -0.134000
484.100636  -0.133988
484.120635  -0.134011
484.140634  -0.133988
484.160634  -0.134011
484.180633  -0.133964
484.200632  -0.133952
484.220631  -0.133916
484.240630  -0.133952
484.260630  -0.133928
484.280629  -0.133928
484.300628  -0.133928
484.320627  -0.133892
484.340626  -0.133881
484.360626  -0.133928
484.380625  -0.133869
484.400624  -0.133881
484.420623  -0.133845
484.440622  -0.133881
484.460622  -0.133845
484.480621  -0.133845
484.500620  -0.133809
484.520619  -0.133821
484.540618  -0.133833
484.560618  -0.133809
484.580617  -0.133773
484.600616  -0.133773
484.620615  -0.133821
484.640614  -0.133773
484.660614  -0.133738
484.680613  -0.133750
484.700612  -0.133738
484.720611  -0.133726
484.740610  -0.133714
484.760610  -0.133702
484.780609  -0.133726
484.800608  -0.133678
484.820607  -0.133654
484.840606  -0.133678
484.860606  -0.133642
484.880605  -0.133631
484.900604  -0.133607
484.920603  -0.133642
484.940602  -0.133619
484.960602  -0.133607
484.980601  -0.133619
485.000600  -0.133571
485.020599  -0.133595
485.040598  -0.133583
485.060598  -0.133571
485.080597  -0.133535
485.100596  -0.133523
485.120595  -0.133500
485.140594  -0.133523
485.160594  -0.133512
485.180593  -0.133488
485.200592  -0.133488
485.220591  -0.133512
485.240590  -0.133464
485.260590  -0.133464
485.280589  -0.133428
485.300588  -0.133404
485.320587  -0.133428
485.340586  -0.133393
485.360586  -0.133404
485.380585  -0.133404
485.400584  -0.133393
485.420583  -0.133357
485.440582  -0.133345
485.460582  -0.133321
485.480581  -0.133333
485.500580  -0.133309
485.520579  -0.133297
485.540578  -0.133285
485.560578  -0.133297
485.580577  -0.133274
485.600576  -0.133262
485.620575  -0.133262
485.640574  -0.133262
485.660574  -0.133250
485.680573  -0.133214
485.700572  -0.133214
485.720571  -0.133238
485.740570  -0.133226
485.760570  -0.133190
485.780569  -0.133166
485.800568  -0.133154
485.820567  -0.133154
485.840566  -0.133143
485.860566  -0.133131
485.880565  -0.133119
485.900564  -0.133131
485.920563  -0.133083
485.940562  -0.133095
485.960562  -0.133071
485.980561  -0.133059
486.000560  -0.133024
486.020559  -0.133083
486.040558  -0.133047
486.060558  -0.133071
486.080557  -0.132988
486.100556  -0.132976
486.120555  -0.132988
486.140554  -0.132988
486.160554  -0.132964
486.180553  -0.132964
486.200552  -0.132940
486.220551  -0.132964
486.240550  -0.132940
486.260550  -0.132916
486.280549  -0.132905
486.300548  -0.132881
486.320547  -0.132893
486.340546  -0.132905
486.360546  -0.132905
486.380545  -0.132845
486.400544  -0.132833
486.420543  -0.132857
486.440542  -0.132845
486.460542  -0.132821
486.480541  -0.132785
486.500540  -0.132785
486.520539  -0.132774
486.540538  -0.132726
486.560538  -0.132785
486.580537  -0.132750
486.600536  -0.132714
486.620535  -0.132726
486.640534  -0.132690
486.660534  -0.132726
486.680533  -0.132714
486.700532  -0.132690
486.720531  -0.132690
486.740530  -0.132655
486.760530  -0.132666
486.780529  -0.132631
486.800528  -0.132619
486.820527  -0.132607
486.840526  -0.132607
486.860526  -0.132595
486.880525  -0.132571
486.900524  -0.132583
486.920523  -0.132559
486.940522  -0.132536
486.960522  -0.132524
486.980521  -0.132547
487.000520  -0.132524
487.020519  -0.132512
487.040518  -0.132500
487.060518  -0.132547
487.080517  -0.132488
487.100516  -0.132476
487.120515  -0.132464
487.140514  -0.132452
487.160514  -0.132417
487.180513  -0.132417
487.200512  -0.132393
487.220511  -0.132405
487.240510  -0.132405
487.260510  -0.132381
487.280509  -0.132381
487.300508  -0.132333
487.320507  -0.132333
487.340506  -0.132333
487.360506  -0.132309
487.380505  -0.132309
487.400504  -0.132309
487.420503  -0.132274
487.440502  -0.132274
487.460502  -0.132238
487.480501  -0.132262
487.500500  -0.132214
487.520499  -0.132202
487.540498  -0.132214
487.560498  -0.132190
487.580497  -0.132178
487.600496  -0.132167
487.620495  -0.132143
487.640494  -0.132143
487.660494  -0.132143
487.680493  -0.132143
487.700492  -0.132119
487.720491  -0.132107
487.740490  -0.132083
487.760490  -0.132095
487.780489  -0.132059
487.800488  -0.132048
487.820487  -0.132036
487.840486  -0.132024
487.860486  -0.132024
487.880485  -0.131964
487.900484  -0.132000
487.920483  -0.131976
487.940482  -0.131988
487.960482  -0.131940
487.980481  -0.131929
488.000480  -0.131905
488.020479  -0.131917
488.040478  -0.131893
488.060478  -0.131893
488.080477  -0.131905
488.100476  -0.131881
488.120475  -0.131857
488.140474  -0.131821
488.160474  -0.131833
488.180473  -0.131798
488.200472  -0.131786
488.220471  -0.131762
488.240470  -0.131738
488.260470  -0.131726
488.280469  -0.131726
488.300468  -0.131726
488.320467  -0.131702
488.340466  -0.131690
488.360466  -0.131667
488.380465  -0.131655
488.400464  -0.131643
488.420463  -0.131607
488.440462  -0.131619
488.460462  -0.131583
488.480461  -0.131583
488.500460  -0.131571
488.520459  -0.131512
488.540458  -0.131536
488.560458  -0.131536
488.580457  -0.131500
488.600456  -0.131476
488.620455  -0.131464
488.640454  -0.131441
488.660454  -0.131429
488.680453  -0.131429
488.700452  -0.131393
488.720451  -0.131417
488.740450  -0.131405
488.760450  -0.131393
488.780449  -0.131369
488.800448  -0.131357
488.820447  -0.131321
488.840446  -0.131310
488.860446  -0.131310
488.880445  -0.131286
488.900444  -0.131250
488.920443  -0.131250
488.940442  -0.131250
488.960442  -0.131191
488.980441  -0.131226
489.000440  -0.131179
489.020439  -0.131179
489.040438  -0.131131
489.060438  -0.131167
489.080437  -0.131107
489.100436  -0.131131
489.120435  -0.131119
489.140434  -0.131095
489.160434  -0.131048
489.180433  -0.131072
489.200432  -0.131036
489.220431  -0.131036
489.240430  -0.131024
489.260430  -0.130988
489.280429  -0.130953
489.300428  -0.130941
489.320427  -0.130953
489.340426  -0.130964
489.360426  -0.130941
489.380425  -0.130929
489.400424  -0.130893
489.420423  -0.130917
489.440422  -0.130857
489.460422  -0.130857
489.480421  -0.130857
489.500420  -0.130845
489.520419  -0.130810
489.540418  -0.130833
489.560418  -0.130810
489.580417  -0.130798
489.600416  -0.130774
489.620415  -0.130750
489.640414  -0.130726
489.660414  -0.130703
489.680413  -0.130703
489.700412  -0.130691
489.720411  -0.130703
489.740410  -0.130655
489.760410  -0.130691
489.780409  -0.130667
489.800408  -0.130655
489.820407  -0.130643
489.840406  -0.130655
489.860406  -0.130607
489.880405  -0.130584
489.900404  -0.130572
489.920403  -0.130584
489.940402  -0.130536
489.960402  -0.130524
489.980401  -0.130560
490.000400  -0.130524
490.020399  -0.130536
490.040398  -0.130524
490.060398  -0.130488
490.080397  -0.130453
490.100396  -0.130441
490.120395  -0.130441
490.140394  -0.130476
490.160394  -0.130464
490.180393  -0.130453
490.200392  -0.130405
490.220391  -0.130417
490.240390  -0.130429
490.260390  -0.130393
490.280389  -0.130393
490.300388  -0.130369
490.320387  -0.130334
490.340386  -0.130393
490.360386  -0.130381
490.380385  -0.130334
490.400384  -0.130345
490.420383  -0.130310
490.440382  -0.130310
490.460382  -0.130298
490.480381  -0.130286
490.500380  -0.130250
490.520379  -0.130286
490.540378  -0.130274
490.560378  -0.130274
490.580377  -0.130238
490.600376  -0.130238
490.620375  -0.130226
490.640374  -0.130226
490.660374  -0.130215
490.680373  -0.130179
490.700372  -0.130191
490.720371  -0.130191
490.740370  -0.130167
490.760370  -0.130179
490.780369  -0.130131
490.800368  -0.130143
490.820367  -0.130167
490.840366  -0.130167
490.860366  -0.130119
490.880365  -0.130096
490.900364  -0.130131
490.920363  -0.130096
490.940362  -0.130084
490.960362  -0.130072
490.980361  -0.130060
491.000360  -0.130060
491.020359  -0.130072
491.040358  -0.130036
491.060358  -0.130048
491.080357  -0.130048
491.100356  -0.130012
491.120355  -0.130000
491.140354  -0.130012
491.160354  -0.130000
491.180353  -0.130000
491.200352  -0.130000
491.220351  -0.129988
491.240350  -0.129988
491.260350  -0.129965
491.280349  -0.129965
491.300348  -0.129941
491.320347  -0.129941
491.340346  -0.129941
491.360346  -0.129905
491.380345  -0.129917
491.400344  -0.129893
491.420343  -0.129905
491.440342  -0.129917
491.460342  -0.129905
491.480341  -0.129893
491.500340  -0.129869
491.520339  -0.129869
491.540338  -0.129846
491.560338  -0.129857
491.580337  -0.129822
491.600336  -0.129846
491.620335  -0.129834
491.640334  -0.129822
491.660334  -0.129798
491.680333  -0.129846
491.700332  -0.129810
491.720331  -0.129798
491.740330  -0.129798
491.760330  -0.129750
491.780329  -0.129727
491.800328  -0.129774
491.820327  -0.129727
491.840326  -0.129750
491.860326  -0.129750
491.880325  -0.129750
491.900324  -0.129703
491.920323  -0.129738
491.940322  -0.129703
491.960322  -0.129691
491.980321  -0.129679
492.000320  -0.129679
492.020319  -0.129631
492.040318  -0.129655
492.060318  -0.129667
492.080317  -0.129655
492.100316  -0.129631
492.120315  -0.129619
492.140314  -0.129608
492.160314  -0.129619
492.180313  -0.129584
492.200312  -0.129560
492.220311  -0.129572
492.240310  -0.129596
492.260310  -0.129560
492.280309  -0.129560
492.300308  -0.129572
492.320307  -0.129548
492.340306  -0.129500
492.360306  -0.129500
492.380305  -0.129500
492.400304  -0.129500
492.420303  -0.129477
492.440302  -0.129477
492.460302  -0.129465
492.480301  -0.129477
492.500300  -0.129453
492.520299  -0.129441
492.540298  -0.129441
492.560298  -0.129441
492.580297  -0.129465
492.600296  -0.129369
492.620295  -0.129381
492.640294  -0.129405
492.660294  -0.129369
492.680293  -0.129358
492.700292  -0.129346
492.720291  -0.129369
492.740290  -0.129310
492.760290  -0.129298
492.780289  -0.129310
492.800288  -0.129310
492.820287  -0.129274
492.840286  -0.129262
492.860286  -0.129286
492.880285  -0.129250
492.900284  -0.129262
492.920283  -0.129250
492.940282  -0.129239
492.960282  -0.129239
492.980281  -0.129215
493.000280  -0.129215
493.020279  -0.129191
493.040278  -0.129191
493.060278  -0.129143
493.080277  -0.129167
493.100276  -0.129179
493.120275  -0.129143
493.140274  -0.129131
493.160274  -0.129108
493.180273  -0.129096
493.200272  -0.129084
493.220271  -0.129072
493.240270  -0.129048
493.260270  -0.129060
493.280269  -0.129072
493.300268  -0.129036
493.320267  -0.129048
493.340266  -0.129048
493.360266  -0.129000
493.380265  -0.128977
493.400264  -0.128989
493.420263  -0.129000
493.440262  -0.129000
493.460262  -0.128977
493.480261  -0.128953
493.500260  -0.128917
493.520259  -0.128941
493.540258  -0.128929
493.560258  -0.128893
493.580257  -0.128893
493.600256  -0.128893
493.620255  -0.128870
493.640254  -0.128858
493.660254  -0.128858
493.680253  -0.128834
493.700252  -0.128834
493.720251  -0.128834
493.740250  -0.128798
493.760250  -0.128834
493.780249  -0.128774
493.800248  -0.128798
493.820247  -0.128762
493.840246  -0.128774
493.860246  -0.128715
493.880245  -0.128762
493.900244  -0.128739
493.920243  -0.128715
493.940242  -0.128703
493.960242  -0.128703
493.980241  -0.128667
494.000240  -0.128679
494.020239  -0.128667
494.040238  -0.128667
494.060238  -0.128667
494.080237  -0.128655
494.100236  -0.128608
494.120235  -0.128608
494.140234  -0.128620
494.160234  -0.128608
494.180233  -0.128608
494.200232  -0.128560
494.220231  -0.128512
494.240230  -0.128536
494.260230  -0.128524
494.280229  -0.128501
494.300228  -0.128501
494.320227  -0.128524
494.340226  -0.128501
494.360226  -0.128465
494.380225  -0.128477
494.400224  -0.128477
494.420223  -0.128429
494.440222  -0.128429
494.460222  -0.128441
494.480221  -0.128393
494.500220  -0.128405
494.520219  -0.128370
494.540218  -0.128417
494.560218  -0.128393
494.580217  -0.128382
494.600216  -0.128358
494.620215  -0.128358
494.640214  -0.128346
494.660214  -0.128298
494.680213  -0.128310
494.700212  -0.128274
494.720211  -0.128274
494.740210  -0.128286
494.760210  -0.128274
494.780209  -0.128263
494.800208  -0.128251
494.820207  -0.128239
494.840206  -0.128239
494.860206  -0.128203
494.880205  -0.128215
494.900204  -0.128203
494.920203  -0.128191
494.940202  -0.128179
494.960202  -0.128155
494.980201  -0.128144
495.000200  -0.128155
495.020199  -0.128132
495.040198  -0.128155
495.060198  -0.128096
495.080197  -0.128108
495.100196  -0.128096
495.120195  -0.128084
495.140194  -0.128048
495.160194  -0.128048
495.180193  -0.128048
495.200192  -0.128036
495.220191  -0.128013
495.240190  -0.127989
495.260190  -0.127989
495.280189  -0.127989
495.300188  -0.127977
495.320187  -0.127965
495.340186  -0.127965
495.360186  -0.127929
495.380185  -0.127965
495.400184  -0.127941
495.420183  -0.127941
495.440182  -0.127894
495.460182  -0.127929
495.480181  -0.127917
495.500180  -0.127894
495.520179  -0.127858
495.540178  -0.127870
495.560178  -0.127870
495.580177  -0.127846
495.600176  -0.127858
495.620175  -0.127858
495.640174  -0.127822
495.660174  -0.127834
495.680173  -0.127822
495.700172  -0.127786
495.720171  -0.127810
495.740170  -0.127775
495.760170  -0.127786
495.780169  -0.127763
495.800168  -0.127763
495.820167  -0.127739
495.840166  -0.127727
495.860166  -0.127703
495.880165  -0.127727
495.900164  -0.127703
495.920163  -0.127691
495.940162  -0.127691
495.960162  -0.127667
495.980161  -0.127667
496.000160  -0.127655
496.020159  -0.127679
496.040158  -0.127667
496.060158  -0.127644
496.080157  -0.127632
496.100156  -0.127644
496.120155  -0.127596
496.140154  -0.127572
496.160154  -0.127596
496.180153  -0.127560
496.200152  -0.127584
496.220151  -0.127560
496.240150  -0.127560
496.260150  -0.127548
496.280149  -0.127536
496.300148  -0.127525
496.320147  -0.127513
496.340146  -0.127501
496.360146  -0.127501
496.380145  -0.127501
496.400144  -0.127477
496.420143  -0.127453
496.440142  -0.127441
496.460142  -0.127477
496.480141  -0.127441
496.500140  -0.127453
496.520139  -0.127406
496.540138  -0.127453
496.560138  -0.127406
496.580137  -0.127417
496.600136  -0.127382
496.620135  -0.127358
496.640134  -0.127346
496.660134  -0.127334
496.680133  -0.127370
496.700132  -0.127370
496.720131  -0.127322
496.740130  -0.127298
496.760130  -0.127287
496.780129  -0.127322
496.800128  -0.127287
496.820127  -0.127251
496.840126  -0.127263
496.860126  -0.127263
496.880125  -0.127275
496.900124  -0.127227
496.920123  -0.127227
496.940122  -0.127191
496.960122  -0.127203
496.980121  -0.127167
497.000120  -0.127132
497.020119  -0.127144
497.040118  -0.127156
497.060118  -0.127167
497.080117  -0.127144
497.100116  -0.127156
497.120115  -0.127156
497.140114  -0.127108
497.160114  -0.127108
497.180113  -0.127072
497.200112  -0.127048
497.220111  -0.127037
497.240110  -0.127048
497.260110  -0.127048
497.280109  -0.127037
497.300108  -0.127013
497.320107  -0.127001
497.340106  -0.126977
497.360106  -0.126977
497.380105  -0.127001
497.400104  -0.126989
497.420103  -0.126953
497.440102  -0.126941
497.460102  -0.126941
497.480101  -0.126941
497.500100  -0.126918
497.520099  -0.126918
497.540098  -0.126918
497.560098  -0.126870
497.580097  -0.126846
497.600096  -0.126870
497.620095  -0.126846
497.640094  -0.126810
497.660094  -0.126846
497.680093  -0.126810
497.700092  -0.126787
497.720091  -0.126799
497.740090  -0.126799
497.760090  -0.126763
497.780089  -0.126763
497.800088  -0.126739
497.820087  -0.126727
497.840086  -0.126727
497.860086  -0.126715
497.880085  -0.126703
497.900084  -0.126691
497.920083  -0.126703
497.940082  -0.126656
497.960082  -0.126608
497.980081  -0.126525
498.000080  -0.126525
498.020079  -0.126537
498.040078  -0.126537
498.060078  -0.126537
498.080077  -0.126572
498.100076  -0.126572
498.120075  -0.126549
498.140074  -0.126525
498.160074  -0.126489
498.180073  -0.126453
498.200072  -0.126430
498.220071  -0.126418
498.240070  -0.126418
498.260070  -0.126430
498.280069  -0.126441
498.300068  -0.126406
498.320067  -0.126430
498.340066  -0.126406
498.360066  -0.126382
498.380065  -0.126370
498.400064  -0.126370
498.420063  -0.126334
498.440062  -0.126311
498.460062  -0.126334
498.480061  -0.126287
498.500060  -0.126334
498.520059  -0.126311
498.540058  -0.126275
498.560058  -0.126239
498.580057  -0.126299
498.600056  -0.126251
498.620055  -0.126239
498.640054  -0.126227
498.660054  -0.126215
498.680053  -0.126191
498.700052  -0.126215
498.720051  -0.126203
498.740050  -0.126191
498.760050  -0.126168
498.780049  -0.126215
498.800048  -0.126180
498.820047  -0.126203
498.840046  -0.126168
498.860046  -0.126144
498.880045  -0.126132
498.900044  -0.126144
498.920043  -0.126120
498.940042  -0.126120
498.960042  -0.126108
498.980041  -0.126096
499.000040  -0.126108
499.020039  -0.126096
499.040038  -0.126096
499.060038  -0.126084
499.080037  -0.126084
499.100036  -0.126061
499.120035  -0.126049
499.140034  -0.126037
499.160034  -0.126025
499.180033  -0.126037
499.200032  -0.126025
499.220031  -0.126025
499.240030  -0.126001
499.260030  -0.126013
499.280029  -0.126001
499.300028  -0.125977
499.320027  -0.125977
499.340026  -0.125977
499.360026  -0.126001
499.380025  -0.125977
499.400024  -0.125942
499.420023  -0.125942
499.440022  -0.125942
499.460022  -0.125906
499.480021  -0.125906
499.500020  -0.125906
499.520019  -0.125894
499.540018  -0.125870
499.560018  -0.125882
499.580017  -0.125870
499.600016  -0.125870
499.620015  -0.125882
499.640014  -0.125846
499.660014  -0.125858
499.680013  -0.125846
499.700012  -0.125834
499.720011  -0.125811
499.740010  -0.125811
499.760010  -0.125799
499.780009  -0.125811
499.800008  -0.125799
499.820007  -0.125799
499.840006  -0.125739
499.860006  -0.125787
499.880005  -0.125799
499.900004  -0.125727
499.920003  -0.125715
499.940002  -0.125751
499.960002  -0.125715
