DataBase = TT1
ShotNo = 3654
SignalName = GBP1N
SignalUnit = T
TriggerTime = 0.000000 ms
Period = 0.019999 ms
CreateTime = 2026/01/16 11:03:43
Samples = 25000
0.000000  0.000001
0.019999  0.000022
0.039998  0.000001
0.059998  0.000033
0.079997  0.000001
0.099996  0.000001
0.119995  0.000001
0.139994  0.000001
0.159994  -0.000010
0.179993  0.000022
0.199992  -0.000010
0.219991  -0.000010
0.239990  0.000001
0.259990  -0.000010
0.279989  0.000001
0.299988  0.000022
0.319987  0.000012
0.339986  -0.000010
0.359986  -0.000010
0.379985  0.000012
0.399984  -0.000010
0.419983  0.000022
0.439982  -0.000031
0.459982  0.000001
0.479981  0.000001
0.499980  0.000022
0.519979  0.000022
0.539978  0.000022
0.559978  -0.000042
0.579977  0.000012
0.599976  0.000001
0.619975  0.000001
0.639974  -0.000010
0.659974  0.000001
0.679973  0.000012
0.699972  0.000012
0.719971  -0.000010
0.739970  0.000022
0.759970  0.000001
0.779969  0.000012
0.799968  -0.000010
0.819967  0.000022
0.839966  -0.000010
0.859966  0.000012
0.879965  -0.000010
0.899964  0.000012
0.919963  0.000001
0.939962  0.000022
0.959962  -0.000010
0.979961  -0.000020
0.999960  -0.000031
1.019959  0.000012
1.039958  -0.000020
1.059958  0.000001
1.079957  0.000001
1.099956  0.000033
1.119955  0.000001
1.139954  0.000033
1.159954  0.000001
1.179953  0.000022
1.199952  0.000001
1.219951  0.000022
1.239950  0.000001
1.259950  -0.000010
1.279949  -0.000031
1.299948  0.000022
1.319947  0.000022
1.339946  0.000001
1.359946  0.000022
1.379945  0.000012
1.399944  0.000033
1.419943  -0.000020
1.439942  -0.000010
1.459942  0.000001
1.479941  0.000012
1.499940  0.000001
1.519939  0.000022
1.539938  -0.000020
1.559938  -0.000031
1.579937  -0.000010
1.599936  -0.000010
1.619935  0.000001
1.639934  0.000001
1.659934  0.000022
1.679933  0.000022
1.699932  0.000001
1.719931  0.000012
1.739930  0.000022
1.759930  0.000001
1.779929  0.000012
1.799928  0.000012
1.819927  0.000012
1.839926  0.000001
1.859926  -0.000020
1.879925  0.000001
1.899924  0.000022
1.919923  0.000001
1.939922  0.000022
1.959922  -0.000020
1.979921  -0.000010
1.999920  0.000001
2.019919  0.000001
2.039918  0.000001
2.059918  0.000012
2.079917  -0.000010
2.099916  0.000001
2.119915  0.000001
2.139914  0.000001
2.159914  0.000001
2.179913  0.000001
2.199912  0.000022
2.219911  0.000001
2.239910  0.000001
2.259910  -0.000010
2.279909  0.000012
2.299908  0.000001
2.319907  -0.000010
2.339906  -0.000010
2.359906  -0.000010
2.379905  0.000001
2.399904  0.000022
2.419903  0.000012
2.439902  0.000022
2.459902  0.000022
2.479901  -0.000010
2.499900  0.000033
2.519899  0.000033
2.539898  -0.000020
2.559898  0.000001
2.579897  -0.000031
2.599896  -0.000020
2.619895  0.000012
2.639894  0.000022
2.659894  0.000012
2.679893  0.000012
2.699892  -0.000010
2.719891  0.000022
2.739890  -0.000010
2.759890  0.000012
2.779889  0.000001
2.799888  0.000001
2.819887  -0.000020
2.839886  0.000012
2.859886  0.000001
2.879885  -0.000010
2.899884  0.000022
2.919883  -0.000020
2.939882  0.000022
2.959882  0.000001
2.979881  0.000001
2.999880  0.000012
3.019879  0.000001
3.039878  0.000012
3.059878  0.000001
3.079877  0.000022
3.099876  0.000001
3.119875  0.000012
3.139874  -0.000010
3.159874  0.000022
3.179873  -0.000020
3.199872  -0.000010
3.219871  0.000022
3.239870  0.000001
3.259870  0.000001
3.279869  -0.000010
3.299868  0.000012
3.319867  -0.000010
3.339866  0.000012
3.359866  -0.000010
3.379865  -0.000010
3.399864  -0.000020
3.419863  -0.000020
3.439862  0.000001
3.459862  0.000012
3.479861  -0.000020
3.499860  0.000001
3.519859  0.000022
3.539858  -0.000031
3.559858  0.000001
3.579857  -0.000010
3.599856  0.000012
3.619855  0.000001
3.639854  0.000001
3.659854  -0.000010
3.679853  0.000001
3.699852  -0.000020
3.719851  0.000033
3.739850  0.000001
3.759850  0.000001
3.779849  0.000022
3.799848  0.000022
3.819847  0.000012
3.839846  0.000022
3.859846  -0.000010
3.879845  0.000012
3.899844  0.000022
3.919843  -0.000010
3.939842  -0.000010
3.959842  0.000012
3.979841  0.000001
3.999840  0.000012
4.019839  0.000001
4.039838  0.000033
4.059838  0.000022
4.079837  -0.000010
4.099836  0.000001
4.119835  0.000054
4.139834  0.000022
4.159834  0.000012
4.179833  0.000012
4.199832  0.000001
4.219831  0.000033
4.239830  -0.000020
4.259830  -0.000031
4.279829  0.000001
4.299828  -0.000020
4.319827  0.000012
4.339826  -0.000010
4.359826  0.000022
4.379825  0.000001
4.399824  -0.000010
4.419823  0.000001
4.439822  -0.000020
4.459822  0.000001
4.479821  -0.000031
4.499820  0.000022
4.519819  -0.000010
4.539818  -0.000010
4.559818  0.000012
4.579817  0.000012
4.599816  -0.000010
4.619815  -0.000010
4.639814  -0.000010
4.659814  0.000001
4.679813  -0.000010
4.699812  0.000012
4.719811  -0.000020
4.739810  0.000001
4.759810  0.000033
4.779809  -0.000010
4.799808  -0.000010
4.819807  0.000001
4.839806  -0.000031
4.859806  0.000012
4.879805  0.000012
4.899804  -0.000010
4.919803  0.000001
4.939802  0.000001
4.959802  0.000022
4.979801  0.000012
4.999800  0.000001
5.019799  0.000001
5.039798  0.000001
5.059798  0.000022
5.079797  -0.000010
5.099796  0.000022
5.119795  0.000012
5.139794  0.000001
5.159794  0.000001
5.179793  0.000012
5.199792  0.000012
5.219791  0.000022
5.239790  0.000022
5.259790  -0.000020
5.279789  -0.000010
5.299788  0.000001
5.319787  0.000001
5.339786  0.000022
5.359786  0.000012
5.379785  0.000012
5.399784  -0.000031
5.419783  -0.000031
5.439782  0.000001
5.459782  0.000022
5.479781  0.000001
5.499780  0.000001
5.519779  -0.000010
5.539778  0.000001
5.559778  0.000001
5.579777  0.000001
5.599776  0.000012
5.619775  0.000022
5.639774  0.000012
5.659774  -0.000010
5.679773  -0.000010
5.699772  -0.000020
5.719771  0.000022
5.739770  0.000012
5.759770  -0.000010
5.779769  -0.000020
5.799768  -0.000020
5.819767  -0.000010
5.839766  0.000022
5.859766  0.000001
5.879765  0.000012
5.899764  0.000022
5.919763  -0.000010
5.939762  0.000022
5.959762  0.000012
5.979761  0.000001
5.999760  0.000022
6.019759  0.000022
6.039758  0.000001
6.059758  -0.000020
6.079757  0.000001
6.099756  -0.000020
6.119755  -0.000020
6.139754  0.000001
6.159754  0.000001
6.179753  0.000001
6.199752  -0.000020
6.219751  0.000012
6.239750  0.000012
6.259750  0.000001
6.279749  0.000022
6.299748  0.000001
6.319747  0.000001
6.339746  0.000012
6.359746  0.000022
6.379745  0.000001
6.399744  -0.000010
6.419743  -0.000031
6.439742  0.000012
6.459742  -0.000010
6.479741  0.000012
6.499740  0.000001
6.519739  0.000001
6.539738  -0.000010
6.559738  0.000012
6.579737  -0.000031
6.599736  0.000022
6.619735  0.000001
6.639734  -0.000052
6.659734  0.000001
6.679733  -0.000020
6.699732  -0.000010
6.719731  0.000001
6.739730  -0.000010
6.759730  0.000001
6.779729  0.000022
6.799728  0.000001
6.819727  -0.000010
6.839726  0.000012
6.859726  -0.000010
6.879725  0.000022
6.899724  0.000012
6.919723  0.000001
6.939722  -0.000010
6.959722  -0.000031
6.979721  -0.000010
6.999720  0.000001
7.019719  0.000001
7.039718  0.000012
7.059718  0.000001
7.079717  0.000022
7.099716  0.000012
7.119715  0.000012
7.139714  -0.000031
7.159714  -0.000010
7.179713  -0.000020
7.199712  -0.000010
7.219711  -0.000031
7.239710  -0.000010
7.259710  -0.000010
7.279709  0.000012
7.299708  -0.000031
7.319707  0.000012
7.339706  0.000022
7.359706  0.000033
7.379705  0.000001
7.399704  -0.000010
7.419703  -0.000010
7.439702  0.000012
7.459702  0.000022
7.479701  -0.000010
7.499700  0.000001
7.519699  -0.000020
7.539698  0.000022
7.559698  0.000001
7.579697  0.000012
7.599696  0.000044
7.619695  0.000001
7.639694  -0.000010
7.659694  0.000001
7.679693  0.000001
7.699692  0.000001
7.719691  -0.000010
7.739690  0.000022
7.759690  0.000001
7.779689  0.000012
7.799688  -0.000010
7.819687  0.000022
7.839686  0.000001
7.859686  -0.000010
7.879685  0.000001
7.899684  0.000001
7.919683  -0.000031
7.939682  -0.000020
7.959682  0.000012
7.979681  0.000022
7.999680  0.000012
8.019679  0.000022
8.039678  0.000022
8.059678  0.000022
8.079677  0.000001
8.099676  0.000001
8.119675  0.000022
8.139674  0.000001
8.159674  -0.000010
8.179673  0.000012
8.199672  -0.000020
8.219671  -0.000010
8.239670  0.000001
8.259670  0.000022
8.279669  0.000033
8.299668  0.000001
8.319667  0.000001
8.339666  -0.000010
8.359666  0.000022
8.379665  -0.000010
8.399664  0.000012
8.419663  0.000033
8.439662  0.000022
8.459662  0.000012
8.479661  0.000033
8.499660  0.000012
8.519659  0.000001
8.539658  -0.000010
8.559658  0.000022
8.579657  0.000012
8.599656  0.000012
8.619655  0.000012
8.639654  -0.000031
8.659654  0.000022
8.679653  0.000022
8.699652  0.000012
8.719651  0.000001
8.739650  0.000001
8.759650  -0.000010
8.779649  -0.000010
8.799648  0.000001
8.819647  0.000022
8.839646  0.000001
8.859646  0.000001
8.879645  0.000022
8.899644  0.000001
8.919643  0.000001
8.939642  0.000012
8.959642  0.000022
8.979641  -0.000020
8.999640  -0.000010
9.019639  -0.000010
9.039638  0.000001
9.059638  0.000001
9.079637  0.000001
9.099636  -0.000020
9.119635  -0.000010
9.139634  -0.000010
9.159634  -0.000010
9.179633  0.000001
9.199632  0.000001
9.219631  0.000012
9.239630  0.000001
9.259630  0.000033
9.279629  0.000001
9.299628  0.000001
9.319627  -0.000010
9.339626  -0.000010
9.359626  -0.000010
9.379625  0.000001
9.399624  0.000054
9.419623  0.000012
9.439622  -0.000010
9.459622  0.000012
9.479621  0.000001
9.499620  0.000001
9.519619  0.000012
9.539618  0.000001
9.559618  0.000012
9.579617  0.000001
9.599616  -0.000020
9.619615  0.000001
9.639614  0.000001
9.659614  -0.000010
9.679613  0.000012
9.699612  0.000022
9.719611  -0.000010
9.739610  0.000001
9.759610  0.000012
9.779609  0.000001
9.799608  0.000012
9.819607  0.000001
9.839606  -0.000020
9.859606  0.000001
9.879605  0.000022
9.899604  -0.000010
9.919603  0.000001
9.939602  -0.000042
9.959602  0.000012
9.979601  -0.000031
9.999600  0.000012
10.019599  0.000001
10.039598  0.000001
10.059598  -0.000010
10.079597  0.000022
10.099596  0.000012
10.119595  -0.000020
10.139594  0.000022
10.159594  0.000001
10.179593  -0.000010
10.199592  0.000012
10.219591  -0.000010
10.239590  -0.000010
10.259590  0.000012
10.279589  0.000022
10.299588  -0.000020
10.319587  0.000012
10.339586  0.000001
10.359586  0.000022
10.379585  -0.000020
10.399584  0.000001
10.419583  0.000012
10.439582  0.000012
10.459582  0.000022
10.479581  0.000012
10.499580  -0.000010
10.519579  0.000022
10.539578  -0.000020
10.559578  0.000022
10.579577  0.000022
10.599576  0.000044
10.619575  0.000022
10.639574  -0.000010
10.659574  0.000022
10.679573  0.000012
10.699572  0.000001
10.719571  0.000001
10.739570  -0.000010
10.759570  0.000001
10.779569  0.000012
10.799568  0.000012
10.819567  0.000001
10.839566  -0.000010
10.859566  -0.000042
10.879565  0.000001
10.899564  -0.000020
10.919563  0.000022
10.939562  0.000001
10.959562  0.000012
10.979561  -0.000020
10.999560  -0.000020
11.019559  0.000022
11.039558  0.000001
11.059558  -0.000020
11.079557  -0.000020
11.099556  0.000001
11.119555  0.000012
11.139554  0.000012
11.159554  0.000001
11.179553  0.000012
11.199552  0.000033
11.219551  0.000022
11.239550  -0.000010
11.259550  -0.000010
11.279549  -0.000010
11.299548  0.000012
11.319547  0.000012
11.339546  -0.000042
11.359546  0.000001
11.379545  0.000033
11.399544  0.000012
11.419543  0.000022
11.439542  0.000054
11.459542  0.000022
11.479541  0.000001
11.499540  0.000001
11.519539  -0.000020
11.539538  0.000012
11.559538  0.000012
11.579537  0.000022
11.599536  0.000022
11.619535  -0.000020
11.639534  -0.000010
11.659534  0.000044
11.679533  0.000001
11.699532  0.000022
11.719531  -0.000020
11.739530  -0.000010
11.759530  0.000022
11.779529  0.000012
11.799528  0.000022
11.819527  0.000001
11.839526  0.000022
11.859526  0.000044
11.879525  -0.000031
11.899524  0.000001
11.919523  0.000001
11.939522  0.000012
11.959522  -0.000010
11.979521  0.000001
11.999520  0.000001
12.019519  0.000033
12.039518  0.000001
12.059518  -0.000010
12.079517  0.000022
12.099516  0.000022
12.119515  0.000001
12.139514  0.000012
12.159514  0.000001
12.179513  0.000001
12.199512  -0.000010
12.219511  0.000033
12.239510  -0.000010
12.259510  -0.000020
12.279509  0.000001
12.299508  0.000001
12.319507  -0.000010
12.339506  -0.000010
12.359506  -0.000020
12.379505  0.000022
12.399504  0.000001
12.419503  -0.000010
12.439502  -0.000010
12.459502  0.000001
12.479501  0.000001
12.499500  0.000022
12.519499  0.000022
12.539498  0.000022
12.559498  0.000001
12.579497  0.000012
12.599496  0.000022
12.619495  0.000033
12.639494  0.000012
12.659494  -0.000010
12.679493  -0.000010
12.699492  0.000022
12.719491  0.000022
12.739490  0.000012
12.759490  0.000022
12.779489  0.000001
12.799488  0.000033
12.819487  0.000022
12.839486  0.000012
12.859486  0.000022
12.879485  0.000001
12.899484  0.000001
12.919483  0.000012
12.939482  -0.000010
12.959482  0.000022
12.979481  0.000001
12.999480  0.000001
13.019479  0.000001
13.039478  0.000022
13.059478  0.000022
13.079477  0.000012
13.099476  0.000012
13.119475  0.000033
13.139474  0.000001
13.159474  -0.000010
13.179473  0.000012
13.199472  -0.000010
13.219471  -0.000010
13.239470  -0.000020
13.259470  0.000022
13.279469  -0.000010
13.299468  0.000012
13.319467  0.000012
13.339466  0.000001
13.359466  0.000012
13.379465  -0.000010
13.399464  -0.000010
13.419463  0.000022
13.439462  -0.000042
13.459462  -0.000020
13.479461  -0.000020
13.499460  0.000001
13.519459  0.000001
13.539458  0.000001
13.559458  0.000001
13.579457  0.000001
13.599456  0.000044
13.619455  -0.000010
13.639454  0.000001
13.659454  0.000001
13.679453  0.000022
13.699452  0.000001
13.719451  0.000012
13.739450  0.000001
13.759450  -0.000010
13.779449  0.000001
13.799448  0.000012
13.819447  0.000012
13.839446  0.000001
13.859446  0.000022
13.879445  -0.000020
13.899444  -0.000020
13.919443  0.000012
13.939442  0.000022
13.959442  0.000012
13.979441  -0.000031
13.999440  -0.000010
14.019439  -0.000010
14.039438  -0.000010
14.059438  0.000001
14.079437  0.000033
14.099436  0.000012
14.119435  -0.000010
14.139434  0.000012
14.159434  0.000001
14.179433  0.000001
14.199432  0.000012
14.219431  0.000022
14.239430  0.000012
14.259430  0.000001
14.279429  -0.000010
14.299428  -0.000020
14.319427  -0.000010
14.339426  0.000012
14.359426  -0.000020
14.379425  -0.000010
14.399424  -0.000020
14.419423  0.000001
14.439422  0.000033
14.459422  0.000001
14.479421  0.000022
14.499420  0.000033
14.519419  0.000001
14.539418  0.000012
14.559418  0.000012
14.579417  -0.000020
14.599416  -0.000031
14.619415  0.000022
14.639414  0.000012
14.659414  -0.000010
14.679413  -0.000010
14.699412  0.000001
14.719411  -0.000010
14.739410  0.000012
14.759410  0.000012
14.779409  0.000022
14.799408  -0.000010
14.819407  0.000022
14.839406  -0.000010
14.859406  0.000001
14.879405  -0.000020
14.899404  -0.000010
14.919403  0.000022
14.939402  0.000012
14.959402  0.000001
14.979401  0.000022
14.999400  0.000022
15.019399  -0.000010
15.039398  0.000022
15.059398  0.000001
15.079397  0.000001
15.099396  0.000022
15.119395  -0.000020
15.139394  0.000022
15.159394  -0.000010
15.179393  0.000001
15.199392  -0.000010
15.219391  0.000022
15.239390  0.000022
15.259390  -0.000020
15.279389  -0.000031
15.299388  -0.000010
15.319387  0.000012
15.339386  -0.000010
15.359386  0.000022
15.379385  -0.000010
15.399384  -0.000010
15.419383  0.000001
15.439382  0.000022
15.459382  0.000012
15.479381  0.000001
15.499380  0.000001
15.519379  0.000001
15.539378  0.000012
15.559378  0.000001
15.579377  0.000012
15.599376  -0.000010
15.619375  0.000022
15.639374  -0.000031
15.659374  -0.000010
15.679373  -0.000010
15.699372  -0.000020
15.719371  0.000001
15.739370  0.000001
15.759370  0.000033
15.779369  -0.000010
15.799368  0.000001
15.819367  -0.000042
15.839366  0.000001
15.859366  0.000001
15.879365  0.000033
15.899364  0.000001
15.919363  0.000012
15.939362  -0.000020
15.959362  0.000001
15.979361  0.000012
15.999360  0.000001
16.019359  0.000001
16.039358  0.000001
16.059358  0.000022
16.079357  0.000001
16.099356  -0.000010
16.119355  -0.000010
16.139354  -0.000031
16.159354  -0.000031
16.179353  0.000012
16.199352  0.000001
16.219351  0.000022
16.239350  0.000022
16.259350  -0.000010
16.279349  0.000001
16.299348  0.000001
16.319347  0.000012
16.339346  0.000033
16.359346  0.000001
16.379345  0.000012
16.399344  -0.000020
16.419343  0.000001
16.439342  0.000022
16.459342  0.000001
16.479341  0.000001
16.499340  0.000001
16.519339  0.000022
16.539338  -0.000010
16.559338  0.000022
16.579337  0.000022
16.599336  0.000001
16.619335  -0.000010
16.639334  -0.000020
16.659334  0.000022
16.679333  -0.000010
16.699332  0.000001
16.719331  0.000022
16.739330  -0.000010
16.759330  0.000012
16.779329  0.000012
16.799328  0.000012
16.819327  -0.000020
16.839326  0.000012
16.859326  0.000001
16.879325  0.000012
16.899324  0.000001
16.919323  0.000012
16.939322  0.000022
16.959322  0.000012
16.979321  0.000012
16.999320  0.000012
17.019319  -0.000031
17.039318  -0.000020
17.059318  -0.000010
17.079317  0.000022
17.099316  0.000001
17.119315  0.000012
17.139314  0.000001
17.159314  0.000033
17.179313  -0.000020
17.199312  0.000012
17.219311  0.000012
17.239310  0.000001
17.259310  0.000001
17.279309  -0.000010
17.299308  -0.000031
17.319307  0.000001
17.339306  0.000022
17.359306  0.000001
17.379305  -0.000010
17.399304  0.000012
17.419303  -0.000010
17.439302  -0.000010
17.459302  0.000001
17.479301  0.000012
17.499300  0.000001
17.519299  0.000012
17.539298  0.000001
17.559298  0.000001
17.579297  -0.000042
17.599296  0.000001
17.619295  -0.000010
17.639294  0.000022
17.659294  0.000012
17.679293  0.000012
17.699292  0.000012
17.719291  0.000033
17.739290  0.000001
17.759290  0.000001
17.779289  0.000022
17.799288  0.000001
17.819287  0.000022
17.839286  -0.000020
17.859286  0.000012
17.879285  0.000012
17.899284  0.000012
17.919283  0.000022
17.939282  0.000022
17.959282  0.000012
17.979281  -0.000010
17.999280  0.000022
18.019279  0.000001
18.039278  0.000022
18.059278  0.000012
18.079277  0.000001
18.099276  -0.000020
18.119275  -0.000010
18.139274  0.000012
18.159274  0.000001
18.179273  0.000022
18.199272  0.000033
18.219271  0.000001
18.239270  0.000012
18.259270  0.000022
18.279269  0.000012
18.299268  0.000001
18.319267  0.000001
18.339266  0.000001
18.359266  -0.000020
18.379265  0.000022
18.399264  0.000022
18.419263  -0.000020
18.439262  0.000022
18.459262  0.000012
18.479261  0.000012
18.499260  0.000001
18.519259  0.000001
18.539258  0.000001
18.559258  0.000001
18.579257  -0.000010
18.599256  -0.000020
18.619255  0.000012
18.639254  -0.000020
18.659254  0.000001
18.679253  -0.000020
18.699252  0.000022
18.719251  -0.000020
18.739250  0.000022
18.759250  -0.000020
18.779249  0.000033
18.799248  -0.000020
18.819247  0.000001
18.839246  0.000001
18.859246  -0.000010
18.879245  0.000001
18.899244  0.000022
18.919243  0.000001
18.939242  -0.000010
18.959242  0.000022
18.979241  -0.000010
18.999240  0.000022
19.019239  0.000012
19.039238  0.000001
19.059238  0.000001
19.079237  -0.000010
19.099236  0.000001
19.119235  -0.000020
19.139234  0.000001
19.159234  0.000001
19.179233  0.000022
19.199232  -0.000010
19.219231  0.000012
19.239230  0.000001
19.259230  -0.000010
19.279229  0.000022
19.299228  0.000001
19.319227  0.000001
19.339226  0.000001
19.359226  -0.000010
19.379225  0.000012
19.399224  -0.000010
19.419223  -0.000010
19.439222  -0.000010
19.459222  -0.000010
19.479221  0.000022
19.499220  0.000012
19.519219  -0.000010
19.539218  0.000001
19.559218  0.000022
19.579217  -0.000031
19.599216  0.000012
19.619215  0.000001
19.639214  0.000012
19.659214  -0.000010
19.679213  -0.000010
19.699212  -0.000020
19.719211  -0.000020
19.739210  0.000012
19.759210  0.000001
19.779209  0.000001
19.799208  0.000012
19.819207  0.000044
19.839206  0.000033
19.859206  0.000012
19.879205  0.000012
19.899204  -0.000010
19.919203  0.000022
19.939202  0.000001
19.959202  -0.000042
19.979201  0.000001
19.999200  -0.000020
20.019199  -0.000010
20.039198  0.000012
20.059198  0.000001
20.079197  0.000001
20.099196  0.000001
20.119195  -0.000010
20.139194  -0.000010
20.159194  0.000022
20.179193  0.000001
20.199192  0.000001
20.219191  0.000001
20.239190  -0.000010
20.259190  0.000054
20.279189  -0.000020
20.299188  0.000022
20.319187  0.000033
20.339186  0.000022
20.359186  0.000001
20.379185  0.000022
20.399184  0.000001
20.419183  -0.000010
20.439182  0.000033
20.459182  0.000012
20.479181  -0.000010
20.499180  -0.000010
20.519179  -0.000020
20.539178  0.000001
20.559178  -0.000020
20.579177  0.000012
20.599176  0.000001
20.619175  0.000012
20.639174  0.000001
20.659174  0.000001
20.679173  0.000012
20.699172  0.000001
20.719171  0.000033
20.739170  0.000012
20.759170  0.000001
20.779169  -0.000010
20.799168  0.000022
20.819167  0.000001
20.839166  -0.000020
20.859166  -0.000020
20.879165  -0.000010
20.899164  -0.000010
20.919163  -0.000031
20.939162  0.000022
20.959162  0.000012
20.979161  0.000012
20.999160  0.000022
21.019159  0.000001
21.039158  0.000012
21.059158  0.000001
21.079157  -0.000020
21.099156  0.000022
21.119155  -0.000010
21.139154  0.000001
21.159154  0.000022
21.179153  0.000022
21.199152  0.000001
21.219151  0.000022
21.239150  0.000012
21.259150  0.000001
21.279149  0.000022
21.299148  -0.000010
21.319147  0.000022
21.339146  0.000022
21.359146  -0.000020
21.379145  0.000001
21.399144  -0.000010
21.419143  0.000044
21.439142  -0.000010
21.459142  0.000033
21.479141  0.000022
21.499140  0.000001
21.519139  0.000022
21.539138  0.000022
21.559138  -0.000010
21.579137  0.000033
21.599136  0.000001
21.619135  0.000001
21.639134  -0.000010
21.659134  -0.000010
21.679133  -0.000010
21.699132  0.000022
21.719131  -0.000010
21.739130  0.000001
21.759130  0.000012
21.779129  0.000012
21.799128  -0.000010
21.819127  -0.000020
21.839126  0.000012
21.859126  0.000001
21.879125  0.000012
21.899124  0.000001
21.919123  0.000012
21.939122  0.000022
21.959122  0.000012
21.979121  0.000022
21.999120  0.000022
22.019119  0.000001
22.039118  0.000001
22.059118  0.000012
22.079117  0.000012
22.099116  -0.000042
22.119115  -0.000010
22.139114  0.000022
22.159114  0.000001
22.179113  0.000001
22.199112  0.000012
22.219111  0.000033
22.239110  0.000033
22.259110  0.000022
22.279109  0.000001
22.299108  0.000001
22.319107  -0.000010
22.339106  0.000022
22.359106  0.000001
22.379105  0.000012
22.399104  -0.000010
22.419103  -0.000010
22.439102  0.000033
22.459102  0.000012
22.479101  0.000022
22.499100  0.000022
22.519099  0.000012
22.539098  0.000001
22.559098  0.000012
22.579097  0.000012
22.599096  0.000012
22.619095  0.000012
22.639094  0.000022
22.659094  0.000012
22.679093  0.000001
22.699092  -0.000020
22.719091  0.000012
22.739090  -0.000010
22.759090  0.000001
22.779089  -0.000010
22.799088  0.000001
22.819087  -0.000031
22.839086  0.000044
22.859086  0.000001
22.879085  0.000022
22.899084  -0.000010
22.919083  -0.000020
22.939082  -0.000010
22.959082  -0.000020
22.979081  -0.000010
22.999080  0.000001
23.019079  0.000001
23.039078  -0.000031
23.059078  -0.000010
23.079077  0.000022
23.099076  0.000022
23.119075  0.000001
23.139074  0.000001
23.159074  0.000033
23.179073  0.000012
23.199072  -0.000010
23.219071  0.000012
23.239070  -0.000010
23.259070  -0.000020
23.279069  0.000022
23.299068  0.000001
23.319067  0.000001
23.339066  0.000012
23.359066  0.000001
23.379065  0.000001
23.399064  0.000022
23.419063  0.000012
23.439062  0.000033
23.459062  0.000001
23.479061  0.000001
23.499060  -0.000010
23.519059  0.000022
23.539058  0.000001
23.559058  -0.000010
23.579057  0.000022
23.599056  0.000001
23.619055  0.000001
23.639054  0.000033
23.659054  0.000001
23.679053  0.000022
23.699052  -0.000010
23.719051  0.000022
23.739050  0.000012
23.759050  0.000022
23.779049  -0.000020
23.799048  0.000001
23.819047  -0.000010
23.839046  0.000033
23.859046  -0.000010
23.879045  0.000022
23.899044  0.000001
23.919043  0.000012
23.939042  -0.000010
23.959042  0.000012
23.979041  0.000001
23.999040  0.000001
24.019039  0.000001
24.039038  0.000022
24.059038  -0.000020
24.079037  -0.000020
24.099036  -0.000020
24.119035  -0.000010
24.139034  0.000012
24.159034  0.000001
24.179033  0.000012
24.199032  -0.000031
24.219031  0.000001
24.239030  -0.000031
24.259030  0.000012
24.279029  0.000012
24.299028  0.000012
24.319027  0.000012
24.339026  -0.000010
24.359026  -0.000010
24.379025  0.000001
24.399024  0.000001
24.419023  0.000022
24.439022  0.000022
24.459022  0.000012
24.479021  0.000022
24.499020  0.000001
24.519019  -0.000031
24.539018  0.000012
24.559018  0.000012
24.579017  0.000001
24.599016  0.000033
24.619015  0.000022
24.639014  0.000001
24.659014  0.000022
24.679013  0.000022
24.699012  0.000001
24.719011  0.000033
24.739010  0.000022
24.759010  0.000012
24.779009  -0.000010
24.799008  -0.000020
24.819007  0.000001
24.839006  -0.000020
24.859006  0.000022
24.879005  0.000001
24.899004  -0.000010
24.919003  -0.000010
24.939002  0.000022
24.959002  -0.000020
24.979001  0.000033
24.999000  0.000001
25.018999  0.000001
25.038998  0.000012
25.058998  0.000012
25.078997  -0.000052
25.098996  0.000022
25.118995  0.000001
25.138994  -0.000010
25.158994  -0.000010
25.178993  0.000001
25.198992  0.000001
25.218991  0.000022
25.238990  0.000001
25.258990  0.000022
25.278989  0.000022
25.298988  0.000001
25.318987  -0.000031
25.338986  -0.000020
25.358986  0.000001
25.378985  0.000001
25.398984  0.000001
25.418983  -0.000020
25.438982  0.000022
25.458982  -0.000010
25.478981  -0.000020
25.498980  0.000012
25.518979  0.000033
25.538978  0.000012
25.558978  0.000022
25.578977  -0.000020
25.598976  0.000022
25.618975  0.000001
25.638974  0.000001
25.658974  0.000012
25.678973  0.000022
25.698972  0.000001
25.718971  0.000001
25.738970  0.000001
25.758970  0.000001
25.778969  0.000033
25.798968  0.000022
25.818967  0.000044
25.838966  0.000012
25.858966  -0.000010
25.878965  0.000001
25.898964  0.000012
25.918963  -0.000010
25.938962  -0.000010
25.958962  -0.000020
25.978961  -0.000020
25.998960  -0.000010
26.018959  0.000022
26.038958  0.000022
26.058958  0.000012
26.078957  -0.000020
26.098956  0.000033
26.118955  0.000001
26.138954  0.000012
26.158954  0.000012
26.178953  -0.000020
26.198952  0.000001
26.218951  -0.000010
26.238950  0.000012
26.258950  0.000001
26.278949  -0.000010
26.298948  -0.000010
26.318947  -0.000031
26.338946  0.000012
26.358946  -0.000031
26.378945  0.000022
26.398944  0.000012
26.418943  0.000022
26.438942  0.000001
26.458942  0.000001
26.478941  0.000001
26.498940  -0.000031
26.518939  -0.000020
26.538938  0.000001
26.558938  0.000001
26.578937  0.000001
26.598936  0.000012
26.618935  0.000012
26.638934  -0.000010
26.658934  0.000001
26.678933  -0.000020
26.698932  -0.000020
26.718931  0.000001
26.738930  -0.000010
26.758930  0.000001
26.778929  -0.000020
26.798928  -0.000010
26.818927  0.000001
26.838926  0.000022
26.858926  0.000012
26.878925  0.000012
26.898924  -0.000031
26.918923  -0.000010
26.938922  -0.000010
26.958922  0.000022
26.978921  0.000022
26.998920  0.000012
27.018919  -0.000020
27.038918  0.000022
27.058918  0.000012
27.078917  0.000001
27.098916  0.000012
27.118915  0.000012
27.138914  0.000001
27.158914  -0.000020
27.178913  0.000033
27.198912  0.000012
27.218911  0.000001
27.238910  -0.000010
27.258910  0.000001
27.278909  0.000001
27.298908  0.000033
27.318907  0.000001
27.338906  0.000012
27.358906  0.000001
27.378905  0.000001
27.398904  0.000022
27.418903  0.000012
27.438902  -0.000020
27.458902  0.000012
27.478901  0.000001
27.498900  0.000012
27.518899  -0.000010
27.538898  0.000022
27.558898  0.000012
27.578897  -0.000010
27.598896  -0.000010
27.618895  0.000022
27.638894  0.000033
27.658894  0.000001
27.678893  0.000022
27.698892  0.000012
27.718891  -0.000010
27.738890  0.000001
27.758890  0.000001
27.778889  -0.000010
27.798888  0.000012
27.818887  -0.000010
27.838886  0.000001
27.858886  0.000001
27.878885  -0.000010
27.898884  0.000012
27.918883  0.000022
27.938882  0.000044
27.958882  0.000001
27.978881  -0.000020
27.998880  0.000001
28.018879  -0.000010
28.038878  -0.000010
28.058878  -0.000020
28.078877  0.000001
28.098876  -0.000010
28.118875  0.000001
28.138874  -0.000020
28.158874  -0.000010
28.178873  0.000012
28.198872  0.000001
28.218871  0.000001
28.238870  0.000033
28.258870  0.000001
28.278869  -0.000010
28.298868  0.000022
28.318867  -0.000010
28.338866  -0.000020
28.358866  0.000012
28.378865  -0.000010
28.398864  0.000001
28.418863  -0.000010
28.438862  0.000001
28.458862  0.000022
28.478861  0.000033
28.498860  0.000012
28.518859  0.000012
28.538858  0.000001
28.558858  0.000001
28.578857  0.000012
28.598856  0.000012
28.618855  -0.000031
28.638854  -0.000010
28.658854  -0.000020
28.678853  0.000001
28.698852  -0.000020
28.718851  0.000012
28.738850  -0.000020
28.758850  0.000022
28.778849  -0.000020
28.798848  -0.000031
28.818847  -0.000010
28.838846  0.000033
28.858846  0.000001
28.878845  -0.000010
28.898844  0.000022
28.918843  0.000001
28.938842  -0.000020
28.958842  -0.000010
28.978841  0.000001
28.998840  0.000022
29.018839  -0.000010
29.038838  0.000001
29.058838  -0.000020
29.078837  -0.000010
29.098836  -0.000020
29.118835  0.000022
29.138834  0.000012
29.158834  0.000033
29.178833  0.000022
29.198832  0.000001
29.218831  0.000001
29.238830  0.000001
29.258830  -0.000020
29.278829  0.000001
29.298828  0.000001
29.318827  0.000012
29.338826  -0.000010
29.358826  0.000022
29.378825  0.000012
29.398824  0.000012
29.418823  -0.000010
29.438822  0.000001
29.458822  0.000001
29.478821  0.000001
29.498820  0.000022
29.518819  -0.000010
29.538818  0.000012
29.558818  0.000012
29.578817  0.000022
29.598816  0.000022
29.618815  0.000022
29.638814  0.000012
29.658814  0.000012
29.678813  -0.000020
29.698812  0.000022
29.718811  0.000022
29.738810  0.000001
29.758810  0.000022
29.778809  0.000001
29.798808  0.000001
29.818807  0.000001
29.838806  0.000001
29.858806  0.000001
29.878805  -0.000031
29.898804  0.000001
29.918803  0.000012
29.938802  0.000012
29.958802  0.000001
29.978801  0.000012
29.998800  -0.000010
30.018799  0.000022
30.038798  0.000001
30.058798  0.000001
30.078797  0.000012
30.098796  0.000022
30.118795  0.000001
30.138794  0.000001
30.158794  0.000001
30.178793  0.000001
30.198792  0.000001
30.218791  0.000012
30.238790  0.000022
30.258790  0.000012
30.278789  0.000012
30.298788  0.000001
30.318787  0.000001
30.338786  -0.000010
30.358786  0.000012
30.378785  0.000033
30.398784  -0.000010
30.418783  -0.000020
30.438782  -0.000010
30.458782  -0.000031
30.478781  -0.000010
30.498780  -0.000020
30.518779  0.000001
30.538778  -0.000020
30.558778  0.000001
30.578777  -0.000010
30.598776  0.000001
30.618775  0.000022
30.638774  0.000012
30.658774  0.000022
30.678773  0.000012
30.698772  0.000022
30.718771  -0.000020
30.738770  0.000033
30.758770  0.000022
30.778769  0.000012
30.798768  0.000033
30.818767  0.000001
30.838766  -0.000020
30.858766  0.000012
30.878765  -0.000010
30.898764  0.000012
30.918763  0.000022
30.938762  0.000022
30.958762  0.000012
30.978761  0.000001
30.998760  -0.000010
31.018759  -0.000010
31.038758  -0.000042
31.058758  0.000022
31.078757  -0.000020
31.098756  0.000012
31.118755  -0.000010
31.138754  -0.000010
31.158754  -0.000010
31.178753  0.000001
31.198752  0.000012
31.218751  -0.000010
31.238750  -0.000010
31.258750  0.000012
31.278749  0.000012
31.298748  -0.000010
31.318747  -0.000010
31.338746  0.000022
31.358746  -0.000010
31.378745  -0.000020
31.398744  -0.000010
31.418743  -0.000010
31.438742  0.000001
31.458742  -0.000010
31.478741  -0.000010
31.498740  -0.000010
31.518739  0.000022
31.538738  0.000022
31.558738  0.000001
31.578737  0.000012
31.598736  -0.000020
31.618735  0.000001
31.638734  -0.000042
31.658734  -0.000020
31.678733  -0.000010
31.698732  -0.000010
31.718731  0.000001
31.738730  0.000001
31.758730  -0.000010
31.778729  0.000001
31.798728  0.000012
31.818727  0.000012
31.838726  0.000022
31.858726  0.000001
31.878725  0.000001
31.898724  0.000012
31.918723  -0.000020
31.938722  0.000001
31.958722  0.000001
31.978721  0.000001
31.998720  -0.000010
32.018719  0.000022
32.038718  0.000044
32.058718  -0.000010
32.078717  0.000001
32.098716  0.000033
32.118715  0.000001
32.138714  0.000012
32.158714  -0.000010
32.178713  0.000022
32.198712  -0.000010
32.218711  0.000022
32.238710  0.000001
32.258710  0.000033
32.278709  -0.000010
32.298708  -0.000010
32.318707  0.000001
32.338706  0.000012
32.358706  -0.000020
32.378705  0.000012
32.398704  0.000012
32.418703  0.000001
32.438702  0.000001
32.458702  0.000022
32.478701  -0.000031
32.498700  0.000022
32.518699  -0.000010
32.538698  -0.000010
32.558698  0.000012
32.578697  0.000012
32.598696  0.000001
32.618695  0.000001
32.638694  0.000012
32.658694  0.000001
32.678693  0.000001
32.698692  0.000022
32.718691  0.000044
32.738690  0.000022
32.758690  -0.000010
32.778689  0.000001
32.798688  -0.000020
32.818687  0.000001
32.838686  0.000001
32.858686  0.000001
32.878685  0.000022
32.898684  0.000022
32.918683  0.000012
32.938682  -0.000010
32.958682  -0.000010
32.978681  -0.000010
32.998680  -0.000010
33.018679  0.000001
33.038678  0.000001
33.058678  0.000001
33.078677  0.000001
33.098676  0.000022
33.118675  0.000022
33.138674  0.000001
33.158674  0.000001
33.178673  -0.000020
33.198672  0.000012
33.218671  -0.000020
33.238670  0.000022
33.258670  0.000001
33.278669  -0.000010
33.298668  0.000022
33.318667  -0.000010
33.338666  -0.000010
33.358666  0.000012
33.378665  -0.000010
33.398664  0.000022
33.418663  -0.000020
33.438662  -0.000010
33.458662  0.000001
33.478661  0.000001
33.498660  0.000012
33.518659  0.000012
33.538658  0.000001
33.558658  0.000001
33.578657  0.000012
33.598656  0.000001
33.618655  0.000001
33.638654  0.000022
33.658654  0.000012
33.678653  0.000001
33.698652  -0.000010
33.718651  -0.000010
33.738650  0.000001
33.758650  0.000012
33.778649  0.000033
33.798648  0.000033
33.818647  -0.000020
33.838646  0.000012
33.858646  0.000001
33.878645  0.000033
33.898644  -0.000010
33.918643  0.000001
33.938642  0.000001
33.958642  0.000001
33.978641  0.000022
33.998640  0.000001
34.018639  -0.000042
34.038638  0.000012
34.058638  -0.000031
34.078637  0.000012
34.098636  -0.000010
34.118635  -0.000020
34.138634  0.000001
34.158634  0.000033
34.178633  0.000012
34.198632  0.000022
34.218631  0.000001
34.238630  0.000001
34.258630  0.000001
34.278629  0.000001
34.298628  0.000001
34.318627  -0.000020
34.338626  0.000022
34.358626  -0.000020
34.378625  -0.000010
34.398624  0.000012
34.418623  0.000012
34.438622  0.000012
34.458622  0.000022
34.478621  0.000001
34.498620  0.000022
34.518619  0.000001
34.538618  -0.000010
34.558618  0.000022
34.578617  0.000001
34.598616  0.000012
34.618615  -0.000010
34.638614  0.000001
34.658614  0.000001
34.678613  0.000012
34.698612  0.000012
34.718611  0.000022
34.738610  -0.000010
34.758610  -0.000010
34.778609  -0.000020
34.798608  0.000012
34.818607  0.000012
34.838606  -0.000010
34.858606  0.000001
34.878605  0.000033
34.898604  0.000012
34.918603  0.000001
34.938602  0.000001
34.958602  0.000001
34.978601  0.000012
34.998600  0.000022
35.018599  -0.000020
35.038598  0.000012
35.058598  0.000022
35.078597  0.000001
35.098596  0.000001
35.118595  0.000001
35.138594  -0.000010
35.158594  0.000022
35.178593  0.000001
35.198592  -0.000031
35.218591  0.000033
35.238590  0.000001
35.258590  0.000001
35.278589  0.000012
35.298588  0.000012
35.318587  0.000001
35.338586  0.000012
35.358586  0.000022
35.378585  0.000022
35.398584  0.000012
35.418583  0.000022
35.438582  -0.000010
35.458582  -0.000010
35.478581  0.000001
35.498580  0.000012
35.518579  0.000012
35.538578  0.000001
35.558578  0.000001
35.578577  0.000001
35.598576  -0.000020
35.618575  0.000001
35.638574  0.000001
35.658574  0.000001
35.678573  0.000012
35.698572  0.000001
35.718571  0.000001
35.738570  -0.000010
35.758570  0.000012
35.778569  0.000001
35.798568  -0.000020
35.818567  0.000012
35.838566  -0.000010
35.858566  0.000001
35.878565  -0.000020
35.898564  -0.000020
35.918563  0.000012
35.938562  0.000012
35.958562  -0.000010
35.978561  0.000022
35.998560  -0.000010
36.018559  -0.000020
36.038558  0.000012
36.058558  0.000001
36.078557  -0.000020
36.098556  0.000001
36.118555  -0.000010
36.138554  0.000012
36.158554  -0.000010
36.178553  -0.000010
36.198552  0.000001
36.218551  0.000001
36.238550  0.000022
36.258550  0.000001
36.278549  0.000001
36.298548  0.000022
36.318547  -0.000010
36.338546  0.000022
36.358546  0.000022
36.378545  0.000001
36.398544  -0.000010
36.418543  -0.000020
36.438542  -0.000020
36.458542  -0.000020
36.478541  0.000001
36.498540  -0.000010
36.518539  0.000001
36.538538  0.000012
36.558538  0.000012
36.578537  0.000022
36.598536  0.000001
36.618535  0.000012
36.638534  0.000012
36.658534  0.000022
36.678533  0.000001
36.698532  -0.000010
36.718531  -0.000020
36.738530  -0.000010
36.758530  0.000001
36.778529  0.000001
36.798528  0.000022
36.818527  0.000022
36.838526  -0.000020
36.858526  0.000001
36.878525  0.000001
36.898524  0.000012
36.918523  0.000022
36.938522  -0.000010
36.958522  -0.000010
36.978521  -0.000010
36.998520  0.000022
37.018519  0.000012
37.038518  -0.000020
37.058518  0.000012
37.078517  0.000012
37.098516  -0.000010
37.118515  0.000012
37.138514  0.000022
37.158514  -0.000010
37.178513  0.000022
37.198512  0.000022
37.218511  -0.000010
37.238510  0.000022
37.258510  0.000022
37.278509  0.000001
37.298508  -0.000020
37.318507  -0.000010
37.338506  0.000001
37.358506  0.000033
37.378505  -0.000010
37.398504  -0.000010
37.418503  0.000022
37.438502  0.000012
37.458502  0.000022
37.478501  0.000001
37.498500  -0.000020
37.518499  -0.000020
37.538498  0.000001
37.558498  0.000022
37.578497  -0.000010
37.598496  0.000001
37.618495  0.000022
37.638494  0.000022
37.658494  0.000022
37.678493  0.000012
37.698492  0.000012
37.718491  0.000012
37.738490  0.000001
37.758490  -0.000010
37.778489  0.000001
37.798488  0.000001
37.818487  0.000001
37.838486  -0.000010
37.858486  0.000001
37.878485  -0.000010
37.898484  0.000001
37.918483  0.000012
37.938482  0.000001
37.958482  0.000012
37.978481  0.000022
37.998480  0.000012
38.018479  0.000001
38.038478  -0.000020
38.058478  0.000022
38.078477  0.000022
38.098476  0.000012
38.118475  0.000001
38.138474  0.000001
38.158474  -0.000020
38.178473  -0.000010
38.198472  0.000022
38.218471  -0.000020
38.238470  0.000054
38.258470  0.000012
38.278469  0.000012
38.298468  -0.000010
38.318467  0.000001
38.338466  0.000022
38.358466  0.000022
38.378465  0.000012
38.398464  -0.000010
38.418463  -0.000031
38.438462  -0.000010
38.458462  0.000022
38.478461  -0.000020
38.498460  0.000012
38.518459  0.000001
38.538458  0.000012
38.558458  0.000012
38.578457  0.000001
38.598456  0.000012
38.618455  -0.000010
38.638454  -0.000010
38.658454  0.000001
38.678453  0.000022
38.698452  -0.000010
38.718451  -0.000010
38.738450  -0.000020
38.758450  0.000001
38.778449  0.000001
38.798448  0.000022
38.818447  0.000001
38.838446  0.000012
38.858446  0.000001
38.878445  -0.000010
38.898444  0.000001
38.918443  0.000001
38.938442  0.000012
38.958442  0.000012
38.978441  0.000012
38.998440  -0.000010
39.018439  0.000001
39.038438  0.000022
39.058438  0.000001
39.078437  0.000012
39.098436  0.000012
39.118435  -0.000010
39.138434  -0.000042
39.158434  0.000012
39.178433  -0.000010
39.198432  0.000022
39.218431  -0.000010
39.238430  0.000001
39.258430  0.000012
39.278429  0.000012
39.298428  0.000001
39.318427  -0.000020
39.338426  0.000012
39.358426  0.000022
39.378425  0.000022
39.398424  0.000012
39.418423  0.000001
39.438422  -0.000020
39.458422  0.000012
39.478421  -0.000010
39.498420  0.000033
39.518419  -0.000010
39.538418  0.000001
39.558418  0.000012
39.578417  0.000022
39.598416  -0.000010
39.618415  -0.000020
39.638414  0.000012
39.658414  0.000001
39.678413  -0.000010
39.698412  0.000022
39.718411  -0.000010
39.738410  -0.000010
39.758410  0.000001
39.778409  0.000001
39.798408  0.000012
39.818407  0.000001
39.838406  0.000001
39.858406  -0.000020
39.878405  0.000022
39.898404  -0.000020
39.918403  0.000022
39.938402  0.000012
39.958402  -0.000031
39.978401  0.000001
39.998400  -0.000010
40.018399  -0.000020
40.038398  0.000001
40.058398  0.000001
40.078397  0.000012
40.098396  -0.000020
40.118395  0.000022
40.138394  0.000022
40.158394  0.000001
40.178393  0.000033
40.198392  -0.000010
40.218391  0.000001
40.238390  0.000001
40.258390  -0.000010
40.278389  0.000001
40.298388  -0.000031
40.318387  0.000001
40.338386  -0.000010
40.358386  0.000022
40.378385  -0.000020
40.398384  -0.000010
40.418383  0.000012
40.438382  0.000012
40.458382  0.000001
40.478381  0.000022
40.498380  0.000012
40.518379  0.000012
40.538378  -0.000020
40.558378  0.000001
40.578377  0.000022
40.598376  0.000033
40.618375  -0.000020
40.638374  -0.000010
40.658374  0.000012
40.678373  0.000012
40.698372  0.000001
40.718371  0.000022
40.738370  -0.000010
40.758370  -0.000010
40.778369  0.000001
40.798368  0.000012
40.818367  0.000001
40.838366  -0.000010
40.858366  -0.000020
40.878365  0.000022
40.898364  -0.000010
40.918363  -0.000010
40.938362  0.000012
40.958362  0.000012
40.978361  0.000001
40.998360  0.000054
41.018359  0.000001
41.038358  -0.000010
41.058358  -0.000010
41.078357  0.000001
41.098356  -0.000010
41.118355  0.000012
41.138354  -0.000020
41.158354  -0.000010
41.178353  0.000022
41.198352  0.000001
41.218351  0.000022
41.238350  0.000012
41.258350  0.000012
41.278349  0.000033
41.298348  -0.000010
41.318347  0.000012
41.338346  0.000012
41.358346  -0.000010
41.378345  0.000022
41.398344  -0.000010
41.418343  0.000001
41.438342  0.000022
41.458342  -0.000031
41.478341  0.000033
41.498340  0.000022
41.518339  0.000022
41.538338  0.000022
41.558338  -0.000010
41.578337  0.000001
41.598336  -0.000020
41.618335  -0.000010
41.638334  0.000012
41.658334  0.000022
41.678333  0.000033
41.698332  -0.000010
41.718331  0.000022
41.738330  -0.000010
41.758330  -0.000010
41.778329  0.000012
41.798328  -0.000031
41.818327  -0.000010
41.838326  0.000022
41.858326  -0.000010
41.878325  -0.000010
41.898324  0.000012
41.918323  0.000012
41.938322  -0.000010
41.958322  0.000012
41.978321  -0.000031
41.998320  0.000012
42.018319  0.000012
42.038318  0.000001
42.058318  -0.000010
42.078317  0.000001
42.098316  -0.000010
42.118315  0.000001
42.138314  0.000001
42.158314  0.000033
42.178313  -0.000010
42.198312  0.000001
42.218311  0.000001
42.238310  0.000001
42.258310  0.000001
42.278309  0.000001
42.298308  -0.000020
42.318307  0.000001
42.338306  0.000022
42.358306  0.000001
42.378305  0.000001
42.398304  -0.000010
42.418303  0.000022
42.438302  -0.000010
42.458302  0.000012
42.478301  0.000001
42.498300  0.000022
42.518299  0.000012
42.538298  0.000001
42.558298  -0.000020
42.578297  0.000012
42.598296  -0.000020
42.618295  0.000022
42.638294  0.000022
42.658294  -0.000010
42.678293  -0.000010
42.698292  -0.000010
42.718291  0.000022
42.738290  -0.000020
42.758290  0.000001
42.778289  -0.000010
42.798288  -0.000010
42.818287  0.000001
42.838286  -0.000010
42.858286  0.000022
42.878285  -0.000010
42.898284  0.000022
42.918283  -0.000020
42.938282  0.000022
42.958282  -0.000010
42.978281  0.000022
42.998280  0.000001
43.018279  0.000022
43.038278  0.000022
43.058278  0.000022
43.078277  -0.000010
43.098276  0.000001
43.118275  0.000012
43.138274  -0.000010
43.158274  0.000012
43.178273  0.000012
43.198272  0.000033
43.218271  -0.000020
43.238270  -0.000010
43.258270  -0.000010
43.278269  -0.000010
43.298268  0.000001
43.318267  -0.000010
43.338266  0.000012
43.358266  0.000022
43.378265  0.000001
43.398264  -0.000010
43.418263  -0.000010
43.438262  -0.000042
43.458262  0.000022
43.478261  0.000001
43.498260  -0.000010
43.518259  -0.000020
43.538258  0.000001
43.558258  -0.000031
43.578257  0.000065
43.598256  0.000001
43.618255  0.000012
43.638254  -0.000031
43.658254  0.000001
43.678253  -0.000010
43.698252  0.000033
43.718251  0.000033
43.738250  0.000001
43.758250  0.000022
43.778249  0.000001
43.798248  -0.000020
43.818247  -0.000010
43.838246  0.000001
43.858246  0.000012
43.878245  0.000022
43.898244  0.000001
43.918243  0.000001
43.938242  0.000022
43.958242  0.000022
43.978241  0.000012
43.998240  -0.000010
44.018239  0.000012
44.038238  -0.000010
44.058238  -0.000010
44.078237  -0.000042
44.098236  0.000022
44.118235  0.000001
44.138234  0.000022
44.158234  0.000033
44.178233  -0.000010
44.198232  0.000012
44.218231  0.000001
44.238230  -0.000010
44.258230  0.000044
44.278229  0.000001
44.298228  -0.000010
44.318227  0.000012
44.338226  0.000001
44.358226  -0.000031
44.378225  0.000022
44.398224  -0.000020
44.418223  0.000001
44.438222  0.000012
44.458222  0.000001
44.478221  -0.000042
44.498220  0.000022
44.518219  0.000012
44.538218  0.000022
44.558218  0.000022
44.578217  0.000022
44.598216  0.000012
44.618215  -0.000031
44.638214  -0.000020
44.658214  0.000001
44.678213  -0.000010
44.698212  0.000001
44.718211  -0.000010
44.738210  0.000022
44.758210  0.000012
44.778209  -0.000020
44.798208  0.000001
44.818207  0.000022
44.838206  0.000012
44.858206  0.000001
44.878205  0.000022
44.898204  0.000001
44.918203  -0.000020
44.938202  0.000022
44.958202  -0.000010
44.978201  -0.000010
44.998200  -0.000010
45.018199  0.000001
45.038198  0.000001
45.058198  0.000022
45.078197  0.000001
45.098196  0.000022
45.118195  -0.000010
45.138194  -0.000010
45.158194  0.000022
45.178193  -0.000010
45.198192  0.000001
45.218191  -0.000010
45.238190  0.000001
45.258190  -0.000020
45.278189  0.000001
45.298188  0.000022
45.318187  0.000012
45.338186  0.000012
45.358186  0.000012
45.378185  0.000022
45.398184  0.000012
45.418183  0.000012
45.438182  0.000001
45.458182  0.000012
45.478181  -0.000010
45.498180  -0.000010
45.518179  -0.000031
45.538178  -0.000010
45.558178  0.000012
45.578177  0.000012
45.598176  0.000001
45.618175  0.000012
45.638174  0.000012
45.658174  0.000022
45.678173  0.000033
45.698172  0.000022
45.718171  0.000001
45.738170  0.000022
45.758170  -0.000010
45.778169  0.000012
45.798168  0.000001
45.818167  0.000001
45.838166  0.000033
45.858166  0.000012
45.878165  -0.000010
45.898164  0.000022
45.918163  0.000022
45.938162  0.000022
45.958162  0.000022
45.978161  -0.000010
45.998160  -0.000010
46.018159  0.000022
46.038158  -0.000010
46.058158  0.000022
46.078157  -0.000020
46.098156  -0.000020
46.118155  0.000001
46.138154  0.000001
46.158154  0.000001
46.178153  0.000001
46.198152  0.000022
46.218151  0.000033
46.238150  -0.000010
46.258150  0.000001
46.278149  0.000001
46.298148  -0.000020
46.318147  0.000012
46.338146  0.000022
46.358146  -0.000010
46.378145  -0.000020
46.398144  0.000001
46.418143  -0.000010
46.438142  -0.000010
46.458142  0.000012
46.478141  0.000001
46.498140  -0.000010
46.518139  0.000001
46.538138  0.000001
46.558138  0.000012
46.578137  0.000012
46.598136  -0.000020
46.618135  -0.000020
46.638134  -0.000020
46.658134  0.000012
46.678133  0.000001
46.698132  0.000001
46.718131  0.000022
46.738130  0.000022
46.758130  0.000012
46.778129  0.000012
46.798128  -0.000020
46.818127  0.000001
46.838126  -0.000010
46.858126  0.000001
46.878125  -0.000010
46.898124  0.000033
46.918123  0.000001
46.938122  0.000001
46.958122  0.000012
46.978121  -0.000010
46.998120  0.000001
47.018119  0.000001
47.038118  0.000001
47.058118  0.000001
47.078117  0.000022
47.098116  -0.000020
47.118115  -0.000010
47.138114  -0.000010
47.158114  0.000044
47.178113  -0.000010
47.198112  0.000022
47.218111  -0.000010
47.238110  0.000012
47.258110  0.000022
47.278109  0.000001
47.298108  0.000012
47.318107  -0.000010
47.338106  0.000012
47.358106  -0.000010
47.378105  -0.000020
47.398104  0.000012
47.418103  -0.000020
47.438102  0.000001
47.458102  -0.000010
47.478101  0.000012
47.498100  -0.000010
47.518099  0.000022
47.538098  0.000012
47.558098  0.000044
47.578097  0.000001
47.598096  0.000022
47.618095  -0.000010
47.638094  -0.000020
47.658094  -0.000020
47.678093  0.000022
47.698092  -0.000010
47.718091  -0.000010
47.738090  -0.000031
47.758090  0.000001
47.778089  0.000012
47.798088  0.000022
47.818087  -0.000010
47.838086  0.000001
47.858086  0.000022
47.878085  0.000022
47.898084  0.000001
47.918083  0.000012
47.938082  0.000012
47.958082  0.000001
47.978081  0.000012
47.998080  -0.000020
48.018079  0.000001
48.038078  0.000001
48.058078  0.000012
48.078077  0.000022
48.098076  0.000001
48.118075  0.000001
48.138074  -0.000010
48.158074  0.000001
48.178073  -0.000020
48.198072  -0.000010
48.218071  -0.000020
48.238070  -0.000010
48.258070  0.000012
48.278069  0.000022
48.298068  0.000001
48.318067  0.000001
48.338066  0.000001
48.358066  -0.000010
48.378065  -0.000020
48.398064  0.000012
48.418063  0.000001
48.438062  -0.000020
48.458062  -0.000010
48.478061  0.000001
48.498060  0.000033
48.518059  0.000001
48.538058  0.000001
48.558058  0.000001
48.578057  -0.000020
48.598056  0.000001
48.618055  0.000001
48.638054  0.000022
48.658054  0.000001
48.678053  0.000001
48.698052  0.000012
48.718051  0.000001
48.738050  -0.000020
48.758050  0.000001
48.778049  0.000001
48.798048  -0.000020
48.818047  0.000012
48.838046  0.000012
48.858046  0.000012
48.878045  0.000012
48.898044  -0.000010
48.918043  -0.000010
48.938042  0.000001
48.958042  0.000012
48.978041  0.000001
48.998040  0.000022
49.018039  0.000012
49.038038  -0.000010
49.058038  0.000001
49.078037  -0.000010
49.098036  0.000012
49.118035  -0.000010
49.138034  0.000022
49.158034  0.000022
49.178033  -0.000010
49.198032  0.000001
49.218031  0.000033
49.238030  0.000001
49.258030  0.000012
49.278029  -0.000010
49.298028  -0.000010
49.318027  -0.000020
49.338026  -0.000020
49.358026  0.000001
49.378025  0.000001
49.398024  -0.000010
49.418023  -0.000010
49.438022  -0.000010
49.458022  0.000022
49.478021  0.000001
49.498020  -0.000020
49.518019  0.000012
49.538018  -0.000010
49.558018  0.000022
49.578017  -0.000010
49.598016  0.000012
49.618015  0.000012
49.638014  -0.000010
49.658014  0.000022
49.678013  0.000001
49.698012  -0.000010
49.718011  0.000022
49.738010  0.000033
49.758010  0.000022
49.778009  0.000001
49.798008  0.000022
49.818007  -0.000020
49.838006  -0.000010
49.858006  0.000012
49.878005  0.000022
49.898004  0.000012
49.918003  0.000022
49.938002  0.000012
49.958002  0.000012
49.978001  0.000012
49.998000  -0.000010
50.017999  0.000012
50.037998  0.000033
50.057998  -0.000010
50.077997  -0.000010
50.097996  0.000001
50.117995  0.000001
50.137994  -0.000020
50.157994  0.000033
50.177993  0.000001
50.197992  0.000001
50.217991  0.000001
50.237990  0.000001
50.257990  0.000001
50.277989  0.000001
50.297988  0.000012
50.317987  -0.000020
50.337986  0.000001
50.357986  -0.000010
50.377985  -0.000010
50.397984  -0.000010
50.417983  0.000012
50.437982  -0.000010
50.457982  -0.000010
50.477981  0.000012
50.497980  0.000001
50.517979  0.000022
50.537978  0.000012
50.557978  0.000001
50.577977  -0.000010
50.597976  -0.000010
50.617975  0.000001
50.637974  -0.000020
50.657974  0.000022
50.677973  0.000012
50.697972  0.000022
50.717971  0.000001
50.737970  -0.000010
50.757970  0.000001
50.777969  0.000033
50.797968  0.000022
50.817967  0.000022
50.837966  0.000012
50.857966  -0.000010
50.877965  0.000001
50.897964  0.000001
50.917963  -0.000020
50.937962  0.000001
50.957962  0.000001
50.977961  0.000022
50.997960  -0.000010
51.017959  0.000022
51.037958  -0.000010
51.057958  0.000001
51.077957  0.000001
51.097956  -0.000020
51.117955  0.000001
51.137954  -0.000010
51.157954  -0.000010
51.177953  -0.000010
51.197952  -0.000010
51.217951  0.000001
51.237950  0.000022
51.257950  -0.000010
51.277949  0.000033
51.297948  -0.000020
51.317947  -0.000010
51.337946  0.000022
51.357946  -0.000020
51.377945  0.000012
51.397944  0.000022
51.417943  -0.000010
51.437942  -0.000020
51.457942  0.000033
51.477941  -0.000010
51.497940  -0.000020
51.517939  0.000012
51.537938  0.000022
51.557938  0.000001
51.577937  0.000022
51.597936  0.000001
51.617935  -0.000010
51.637934  -0.000031
51.657934  0.000012
51.677933  0.000022
51.697932  0.000001
51.717931  -0.000010
51.737930  0.000001
51.757930  0.000001
51.777929  -0.000020
51.797928  0.000012
51.817927  0.000001
51.837926  -0.000020
51.857926  0.000001
51.877925  0.000012
51.897924  0.000001
51.917923  0.000033
51.937922  -0.000031
51.957922  0.000001
51.977921  -0.000010
51.997920  0.000001
52.017919  -0.000010
52.037918  -0.000031
52.057918  0.000001
52.077917  0.000012
52.097916  0.000022
52.117915  0.000001
52.137914  -0.000010
52.157914  0.000022
52.177913  0.000001
52.197912  -0.000010
52.217911  0.000001
52.237910  0.000001
52.257910  0.000001
52.277909  -0.000020
52.297908  -0.000020
52.317907  -0.000031
52.337906  0.000022
52.357906  0.000001
52.377905  -0.000031
52.397904  0.000001
52.417903  0.000022
52.437902  -0.000010
52.457902  0.000001
52.477901  0.000012
52.497900  0.000022
52.517899  0.000022
52.537898  0.000001
52.557898  0.000012
52.577897  0.000012
52.597896  0.000012
52.617895  0.000001
52.637894  0.000022
52.657894  0.000001
52.677893  0.000022
52.697892  0.000012
52.717891  0.000033
52.737890  -0.000020
52.757890  0.000012
52.777889  0.000022
52.797888  -0.000010
52.817887  -0.000010
52.837886  0.000022
52.857886  0.000033
52.877885  0.000022
52.897884  0.000033
52.917883  0.000022
52.937882  0.000022
52.957882  0.000001
52.977881  0.000012
52.997880  0.000001
53.017879  -0.000020
53.037878  -0.000020
53.057878  -0.000010
53.077877  0.000012
53.097876  -0.000010
53.117875  -0.000010
53.137874  0.000022
53.157874  -0.000031
53.177873  0.000012
53.197872  0.000012
53.217871  0.000001
53.237870  0.000001
53.257870  0.000012
53.277869  0.000012
53.297868  -0.000010
53.317867  0.000012
53.337866  0.000001
53.357866  0.000001
53.377865  0.000012
53.397864  0.000001
53.417863  0.000001
53.437862  -0.000020
53.457862  0.000001
53.477861  0.000001
53.497860  0.000044
53.517859  0.000012
53.537858  -0.000010
53.557858  0.000001
53.577857  0.000001
53.597856  0.000001
53.617855  0.000033
53.637854  0.000022
53.657854  0.000012
53.677853  -0.000010
53.697852  0.000044
53.717851  0.000001
53.737850  0.000001
53.757850  0.000022
53.777849  -0.000031
53.797848  0.000001
53.817847  0.000001
53.837846  -0.000020
53.857846  -0.000020
53.877845  0.000001
53.897844  0.000001
53.917843  0.000001
53.937842  0.000001
53.957842  0.000001
53.977841  0.000001
53.997840  0.000001
54.017839  -0.000020
54.037838  0.000022
54.057838  0.000001
54.077837  0.000012
54.097836  -0.000010
54.117835  -0.000010
54.137834  0.000001
54.157834  0.000001
54.177833  0.000001
54.197832  0.000022
54.217831  -0.000010
54.237830  0.000033
54.257830  0.000012
54.277829  0.000022
54.297828  -0.000010
54.317827  -0.000010
54.337826  0.000001
54.357826  0.000022
54.377825  -0.000010
54.397824  0.000022
54.417823  0.000001
54.437822  0.000012
54.457822  0.000001
54.477821  0.000001
54.497820  -0.000010
54.517819  0.000001
54.537818  -0.000010
54.557818  0.000012
54.577817  0.000012
54.597816  0.000022
54.617815  0.000012
54.637814  0.000001
54.657814  0.000001
54.677813  0.000012
54.697812  -0.000020
54.717811  0.000022
54.737810  -0.000020
54.757810  -0.000031
54.777809  0.000001
54.797808  -0.000010
54.817807  0.000022
54.837806  -0.000020
54.857806  -0.000010
54.877805  0.000022
54.897804  0.000012
54.917803  0.000022
54.937802  0.000022
54.957802  0.000022
54.977801  0.000022
54.997800  -0.000020
55.017799  0.000001
55.037798  0.000033
55.057798  0.000001
55.077797  0.000012
55.097796  -0.000010
55.117795  0.000001
55.137794  0.000001
55.157794  -0.000020
55.177793  -0.000010
55.197792  0.000022
55.217791  -0.000010
55.237790  0.000022
55.257790  0.000022
55.277789  0.000012
55.297788  0.000001
55.317787  0.000022
55.337786  0.000012
55.357786  0.000001
55.377785  0.000001
55.397784  0.000044
55.417783  0.000012
55.437782  0.000022
55.457782  0.000012
55.477781  -0.000010
55.497780  0.000022
55.517779  0.000001
55.537778  -0.000010
55.557778  0.000012
55.577777  0.000012
55.597776  -0.000031
55.617775  0.000022
55.637774  -0.000010
55.657774  0.000022
55.677773  -0.000010
55.697772  0.000012
55.717771  0.000012
55.737770  0.000001
55.757770  -0.000010
55.777769  0.000022
55.797768  0.000012
55.817767  -0.000010
55.837766  0.000012
55.857766  0.000012
55.877765  0.000012
55.897764  0.000001
55.917763  0.000012
55.937762  0.000001
55.957762  0.000012
55.977761  -0.000010
55.997760  0.000022
56.017759  0.000022
56.037758  -0.000010
56.057758  0.000022
56.077757  0.000022
56.097756  0.000001
56.117755  0.000033
56.137754  0.000022
56.157754  0.000022
56.177753  -0.000020
56.197752  0.000001
56.217751  0.000033
56.237750  0.000012
56.257750  0.000033
56.277749  -0.000010
56.297748  0.000012
56.317747  0.000001
56.337746  -0.000010
56.357746  0.000001
56.377745  -0.000010
56.397744  -0.000020
56.417743  0.000022
56.437742  0.000022
56.457742  0.000022
56.477741  0.000012
56.497740  0.000001
56.517739  0.000022
56.537738  -0.000010
56.557738  0.000001
56.577737  0.000001
56.597736  -0.000020
56.617735  -0.000010
56.637734  0.000022
56.657734  0.000001
56.677733  -0.000020
56.697732  0.000001
56.717731  -0.000010
56.737730  0.000022
56.757730  0.000001
56.777729  -0.000010
56.797728  0.000012
56.817727  0.000012
56.837726  -0.000010
56.857726  0.000012
56.877725  0.000012
56.897724  0.000001
56.917723  0.000022
56.937722  -0.000010
56.957722  -0.000020
56.977721  0.000044
56.997720  0.000001
57.017719  0.000022
57.037718  0.000012
57.057718  -0.000010
57.077717  0.000012
57.097716  -0.000020
57.117715  -0.000010
57.137714  0.000012
57.157714  -0.000010
57.177713  0.000012
57.197712  0.000022
57.217711  -0.000010
57.237710  -0.000010
57.257710  0.000033
57.277709  0.000001
57.297708  0.000022
57.317707  0.000001
57.337706  0.000001
57.357706  -0.000020
57.377705  -0.000020
57.397704  0.000001
57.417703  -0.000020
57.437702  -0.000010
57.457702  -0.000031
57.477701  0.000022
57.497700  -0.000010
57.517699  0.000022
57.537698  0.000022
57.557698  -0.000020
57.577697  0.000033
57.597696  0.000022
57.617695  0.000001
57.637694  0.000001
57.657694  -0.000010
57.677693  0.000001
57.697692  0.000001
57.717691  0.000001
57.737690  -0.000010
57.757690  0.000001
57.777689  0.000022
57.797688  0.000022
57.817687  0.000001
57.837686  0.000001
57.857686  0.000001
57.877685  -0.000010
57.897684  -0.000010
57.917683  -0.000052
57.937682  0.000012
57.957682  -0.000020
57.977681  -0.000020
57.997680  0.000022
58.017679  0.000001
58.037678  0.000001
58.057678  -0.000020
58.077677  0.000001
58.097676  0.000033
58.117675  0.000044
58.137674  0.000001
58.157674  0.000022
58.177673  0.000022
58.197672  -0.000010
58.217671  0.000022
58.237670  0.000001
58.257670  0.000001
58.277669  0.000012
58.297668  0.000033
58.317667  0.000033
58.337666  0.000022
58.357666  0.000022
58.377665  0.000001
58.397664  -0.000031
58.417663  0.000001
58.437662  -0.000010
58.457662  0.000022
58.477661  0.000022
58.497660  0.000001
58.517659  0.000033
58.537658  0.000001
58.557658  0.000022
58.577657  0.000001
58.597656  0.000012
58.617655  0.000012
58.637654  0.000022
58.657654  0.000033
58.677653  -0.000020
58.697652  -0.000020
58.717651  -0.000010
58.737650  0.000012
58.757650  -0.000010
58.777649  0.000022
58.797648  0.000001
58.817647  0.000022
58.837646  0.000012
58.857646  0.000022
58.877645  0.000012
58.897644  -0.000020
58.917643  0.000012
58.937642  0.000012
58.957642  0.000001
58.977641  0.000001
58.997640  -0.000010
59.017639  -0.000010
59.037638  0.000001
59.057638  0.000001
59.077637  0.000012
59.097636  -0.000020
59.117635  0.000022
59.137634  -0.000010
59.157634  0.000022
59.177633  -0.000020
59.197632  0.000001
59.217631  -0.000020
59.237630  -0.000010
59.257630  -0.000010
59.277629  0.000022
59.297628  0.000001
59.317627  -0.000010
59.337626  0.000001
59.357626  0.000001
59.377625  0.000001
59.397624  0.000012
59.417623  -0.000010
59.437622  0.000012
59.457622  0.000001
59.477621  0.000022
59.497620  0.000001
59.517619  0.000012
59.537618  -0.000031
59.557618  0.000001
59.577617  -0.000010
59.597616  0.000022
59.617615  -0.000010
59.637614  0.000022
59.657614  0.000001
59.677613  0.000022
59.697612  0.000022
59.717611  0.000033
59.737610  0.000012
59.757610  0.000022
59.777609  0.000012
59.797608  -0.000010
59.817607  -0.000010
59.837606  0.000033
59.857606  0.000001
59.877605  -0.000020
59.897604  -0.000010
59.917603  0.000001
59.937602  0.000033
59.957602  0.000001
59.977601  0.000001
59.997600  -0.000010
60.017599  0.000001
60.037598  0.000022
60.057598  -0.000010
60.077597  0.000001
60.097596  0.000001
60.117595  0.000001
60.137594  -0.000031
60.157594  0.000012
60.177593  0.000001
60.197592  -0.000010
60.217591  0.000022
60.237590  0.000022
60.257590  0.000001
60.277589  0.000001
60.297588  -0.000010
60.317587  0.000001
60.337586  0.000001
60.357586  0.000001
60.377585  0.000012
60.397584  -0.000031
60.417583  -0.000010
60.437582  0.000022
60.457582  -0.000010
60.477581  -0.000020
60.497580  0.000012
60.517579  0.000022
60.537578  -0.000020
60.557578  0.000012
60.577577  0.000012
60.597576  0.000012
60.617575  0.000033
60.637574  -0.000010
60.657574  -0.000020
60.677573  0.000001
60.697572  0.000001
60.717571  -0.000010
60.737570  0.000012
60.757570  0.000012
60.777569  0.000022
60.797568  0.000022
60.817567  0.000001
60.837566  0.000033
60.857566  0.000022
60.877565  0.000012
60.897564  0.000012
60.917563  -0.000020
60.937562  0.000001
60.957562  0.000022
60.977561  -0.000010
60.997560  -0.000010
61.017559  0.000012
61.037558  -0.000020
61.057558  0.000022
61.077557  0.000022
61.097556  0.000012
61.117555  0.000001
61.137554  -0.000020
61.157554  -0.000020
61.177553  0.000012
61.197552  -0.000010
61.217551  0.000001
61.237550  0.000012
61.257550  0.000001
61.277549  0.000022
61.297548  0.000022
61.317547  -0.000010
61.337546  0.000012
61.357546  0.000001
61.377545  0.000022
61.397544  0.000001
61.417543  0.000022
61.437542  0.000001
61.457542  0.000001
61.477541  -0.000010
61.497540  -0.000010
61.517539  -0.000010
61.537538  -0.000010
61.557538  0.000001
61.577537  0.000022
61.597536  -0.000020
61.617535  0.000022
61.637534  0.000012
61.657534  0.000001
61.677533  0.000012
61.697532  0.000022
61.717531  0.000001
61.737530  -0.000010
61.757530  -0.000010
61.777529  0.000012
61.797528  0.000022
61.817527  -0.000020
61.837526  0.000001
61.857526  -0.000010
61.877525  0.000001
61.897524  -0.000010
61.917523  0.000022
61.937522  0.000001
61.957522  0.000001
61.977521  0.000033
61.997520  0.000001
62.017519  0.000001
62.037518  0.000022
62.057518  0.000001
62.077517  0.000001
62.097516  0.000012
62.117515  0.000033
62.137514  -0.000010
62.157514  0.000001
62.177513  0.000022
62.197512  0.000001
62.217511  0.000022
62.237510  -0.000020
62.257510  0.000001
62.277509  -0.000010
62.297508  0.000001
62.317507  0.000012
62.337506  0.000012
62.357506  0.000022
62.377505  0.000001
62.397504  0.000001
62.417503  0.000001
62.437502  0.000001
62.457502  -0.000010
62.477501  0.000012
62.497500  0.000033
62.517499  0.000001
62.537499  0.000001
62.557498  -0.000010
62.577497  -0.000010
62.597496  0.000012
62.617495  0.000022
62.637495  -0.000010
62.657494  0.000022
62.677493  0.000012
62.697492  0.000001
62.717491  -0.000020
62.737491  -0.000031
62.757490  0.000001
62.777489  0.000022
62.797488  -0.000031
62.817487  0.000012
62.837487  0.000001
62.857486  0.000001
62.877485  0.000022
62.897484  0.000022
62.917483  0.000012
62.937483  0.000001
62.957482  0.000022
62.977481  -0.000010
62.997480  0.000012
63.017479  0.000001
63.037479  0.000022
63.057478  0.000012
63.077477  0.000012
63.097476  -0.000010
63.117475  0.000001
63.137475  0.000001
63.157474  0.000001
63.177473  -0.000010
63.197472  0.000001
63.217471  0.000012
63.237471  -0.000010
63.257470  0.000022
63.277469  -0.000031
63.297468  0.000033
63.317467  0.000012
63.337467  0.000001
63.357466  -0.000020
63.377465  0.000033
63.397464  0.000012
63.417463  -0.000010
63.437463  0.000022
63.457462  -0.000010
63.477461  0.000012
63.497460  0.000001
63.517459  0.000012
63.537459  -0.000010
63.557458  0.000001
63.577457  -0.000010
63.597456  0.000033
63.617455  0.000022
63.637455  0.000001
63.657454  -0.000020
63.677453  -0.000010
63.697452  0.000012
63.717451  0.000022
63.737451  0.000001
63.757450  -0.000020
63.777449  0.000033
63.797448  0.000022
63.817447  0.000012
63.837447  0.000001
63.857446  0.000022
63.877445  0.000012
63.897444  -0.000020
63.917443  -0.000010
63.937443  0.000001
63.957442  0.000001
63.977441  0.000022
63.997440  0.000022
64.017439  0.000022
64.037439  0.000001
64.057438  0.000012
64.077437  0.000022
64.097436  0.000022
64.117435  0.000001
64.137435  0.000001
64.157434  0.000001
64.177433  0.000012
64.197432  0.000001
64.217431  0.000033
64.237431  -0.000042
64.257430  0.000022
64.277429  0.000001
64.297428  0.000012
64.317427  0.000022
64.337427  0.000033
64.357426  0.000012
64.377425  -0.000010
64.397424  -0.000010
64.417423  0.000022
64.437423  0.000012
64.457422  -0.000031
64.477421  -0.000010
64.497420  0.000001
64.517419  -0.000031
64.537419  0.000001
64.557418  -0.000010
64.577417  0.000001
64.597416  0.000001
64.617415  0.000022
64.637415  -0.000010
64.657414  0.000022
64.677413  -0.000031
64.697412  0.000022
64.717411  0.000022
64.737411  0.000001
64.757410  -0.000031
64.777409  0.000001
64.797408  -0.000010
64.817407  0.000012
64.837407  0.000012
64.857406  0.000001
64.877405  0.000022
64.897404  0.000001
64.917403  0.000022
64.937403  0.000022
64.957402  0.000001
64.977401  0.000033
64.997400  0.000001
65.017399  0.000012
65.037399  -0.000020
65.057398  0.000012
65.077397  -0.000010
65.097396  0.000001
65.117395  0.000012
65.137395  -0.000010
65.157394  0.000012
65.177393  -0.000010
65.197392  0.000001
65.217391  0.000001
65.237391  0.000022
65.257390  0.000012
65.277389  0.000033
65.297388  -0.000010
65.317387  0.000001
65.337387  0.000001
65.357386  0.000012
65.377385  0.000012
65.397384  0.000022
65.417383  0.000012
65.437383  0.000022
65.457382  0.000012
65.477381  0.000001
65.497380  -0.000010
65.517379  0.000012
65.537379  0.000012
65.557378  -0.000010
65.577377  -0.000010
65.597376  -0.000010
65.617375  0.000022
65.637375  0.000001
65.657374  -0.000010
65.677373  0.000001
65.697372  0.000001
65.717371  -0.000020
65.737371  0.000022
65.757370  -0.000010
65.777369  0.000012
65.797368  -0.000020
65.817367  0.000001
65.837367  0.000001
65.857366  0.000001
65.877365  0.000001
65.897364  0.000001
65.917363  -0.000010
65.937363  0.000001
65.957362  0.000001
65.977361  0.000001
65.997360  -0.000010
66.017359  0.000012
66.037359  0.000033
66.057358  -0.000010
66.077357  0.000022
66.097356  0.000001
66.117355  -0.000010
66.137355  -0.000010
66.157354  0.000022
66.177353  0.000033
66.197352  0.000001
66.217351  0.000001
66.237351  0.000001
66.257350  0.000022
66.277349  0.000012
66.297348  0.000001
66.317347  0.000001
66.337347  -0.000020
66.357346  0.000012
66.377345  0.000022
66.397344  -0.000010
66.417343  -0.000010
66.437343  -0.000010
66.457342  0.000001
66.477341  0.000001
66.497340  0.000012
66.517339  0.000022
66.537339  -0.000010
66.557338  0.000022
66.577337  -0.000010
66.597336  0.000001
66.617335  -0.000020
66.637335  0.000033
66.657334  0.000001
66.677333  -0.000020
66.697332  0.000012
66.717331  -0.000020
66.737331  0.000044
66.757330  0.000001
66.777329  -0.000010
66.797328  0.000033
66.817327  -0.000010
66.837327  -0.000010
66.857326  -0.000010
66.877325  0.000033
66.897324  -0.000010
66.917323  -0.000010
66.937323  0.000001
66.957322  0.000012
66.977321  0.000033
66.997320  0.000001
67.017319  -0.000010
67.037319  -0.000010
67.057318  -0.000010
67.077317  -0.000020
67.097316  0.000001
67.117315  -0.000010
67.137315  0.000012
67.157314  -0.000020
67.177313  -0.000020
67.197312  -0.000020
67.217311  0.000001
67.237311  -0.000020
67.257310  0.000001
67.277309  0.000001
67.297308  0.000044
67.317307  0.000001
67.337307  0.000033
67.357306  0.000033
67.377305  -0.000031
67.397304  0.000022
67.417303  0.000012
67.437303  0.000012
67.457302  -0.000010
67.477301  0.000022
67.497300  -0.000010
67.517299  0.000001
67.537299  0.000001
67.557298  0.000001
67.577297  0.000022
67.597296  0.000012
67.617295  -0.000010
67.637295  0.000012
67.657294  0.000001
67.677293  0.000012
67.697292  0.000001
67.717291  0.000012
67.737291  0.000001
67.757290  0.000001
67.777289  -0.000020
67.797288  0.000022
67.817287  -0.000020
67.837287  0.000022
67.857286  0.000022
67.877285  0.000001
67.897284  -0.000010
67.917283  0.000022
67.937283  -0.000020
67.957282  0.000022
67.977281  -0.000031
67.997280  0.000001
68.017279  0.000022
68.037279  -0.000020
68.057278  -0.000010
68.077277  -0.000010
68.097276  -0.000010
68.117275  0.000012
68.137275  -0.000031
68.157274  -0.000010
68.177273  0.000012
68.197272  -0.000010
68.217271  0.000022
68.237271  0.000012
68.257270  0.000022
68.277269  -0.000031
68.297268  -0.000010
68.317267  0.000022
68.337267  -0.000020
68.357266  -0.000020
68.377265  0.000001
68.397264  0.000012
68.417263  0.000001
68.437263  0.000012
68.457262  0.000012
68.477261  0.000001
68.497260  -0.000020
68.517259  0.000044
68.537259  0.000001
68.557258  0.000022
68.577257  -0.000020
68.597256  0.000001
68.617255  -0.000010
68.637255  0.000012
68.657254  0.000012
68.677253  0.000022
68.697252  0.000044
68.717251  -0.000020
68.737251  0.000012
68.757250  -0.000010
68.777249  0.000022
68.797248  -0.000031
68.817247  0.000012
68.837247  -0.000020
68.857246  0.000001
68.877245  0.000012
68.897244  0.000054
68.917243  0.000012
68.937243  0.000022
68.957242  0.000001
68.977241  -0.000010
68.997240  0.000001
69.017239  0.000022
69.037239  -0.000010
69.057238  -0.000020
69.077237  0.000012
69.097236  0.000001
69.117235  0.000022
69.137235  0.000001
69.157234  0.000012
69.177233  0.000001
69.197232  -0.000020
69.217231  -0.000010
69.237231  0.000012
69.257230  0.000001
69.277229  0.000033
69.297228  0.000001
69.317227  0.000001
69.337227  0.000001
69.357226  -0.000020
69.377225  0.000012
69.397224  0.000022
69.417223  0.000012
69.437223  -0.000010
69.457222  0.000033
69.477221  0.000022
69.497220  0.000012
69.517219  0.000001
69.537219  0.000001
69.557218  0.000012
69.577217  -0.000010
69.597216  -0.000042
69.617215  -0.000020
69.637215  0.000012
69.657214  0.000022
69.677213  -0.000010
69.697212  0.000044
69.717211  0.000001
69.737211  0.000022
69.757210  -0.000010
69.777209  0.000033
69.797208  0.000001
69.817207  0.000001
69.837207  -0.000010
69.857206  0.000001
69.877205  -0.000020
69.897204  -0.000020
69.917203  -0.000020
69.937203  0.000022
69.957202  0.000022
69.977201  0.000001
69.997200  -0.000010
70.017199  0.000022
70.037199  0.000033
70.057198  -0.000020
70.077197  -0.000010
70.097196  -0.000010
70.117195  -0.000010
70.137195  0.000001
70.157194  0.000001
70.177193  0.000012
70.197192  -0.000020
70.217191  -0.000010
70.237191  0.000001
70.257190  0.000001
70.277189  -0.000031
70.297188  0.000022
70.317187  -0.000020
70.337187  -0.000010
70.357186  0.000001
70.377185  -0.000020
70.397184  0.000022
70.417183  -0.000010
70.437183  -0.000010
70.457182  0.000022
70.477181  -0.000010
70.497180  0.000022
70.517179  0.000022
70.537179  0.000001
70.557178  -0.000010
70.577177  0.000001
70.597176  0.000022
70.617175  0.000001
70.637175  0.000012
70.657174  0.000001
70.677173  0.000012
70.697172  -0.000010
70.717171  0.000012
70.737171  0.000012
70.757170  0.000022
70.777169  0.000001
70.797168  0.000012
70.817167  -0.000010
70.837167  0.000001
70.857166  0.000001
70.877165  -0.000031
70.897164  0.000012
70.917163  0.000022
70.937163  0.000022
70.957162  0.000033
70.977161  0.000001
70.997160  0.000012
71.017159  -0.000010
71.037159  0.000001
71.057158  0.000001
71.077157  0.000001
71.097156  0.000022
71.117155  0.000012
71.137155  0.000001
71.157154  0.000022
71.177153  -0.000020
71.197152  -0.000020
71.217151  -0.000020
71.237151  0.000001
71.257150  -0.000010
71.277149  0.000022
71.297148  0.000001
71.317147  0.000022
71.337147  -0.000010
71.357146  0.000022
71.377145  -0.000010
71.397144  -0.000020
71.417143  -0.000010
71.437143  -0.000010
71.457142  -0.000010
71.477141  0.000001
71.497140  0.000022
71.517139  0.000001
71.537139  -0.000031
71.557138  0.000001
71.577137  -0.000020
71.597136  0.000012
71.617135  0.000022
71.637135  -0.000010
71.657134  0.000022
71.677133  0.000001
71.697132  0.000001
71.717131  0.000012
71.737131  -0.000010
71.757130  0.000022
71.777129  -0.000010
71.797128  -0.000020
71.817127  -0.000010
71.837127  0.000001
71.857126  0.000012
71.877125  0.000022
71.897124  -0.000020
71.917123  0.000012
71.937123  0.000001
71.957122  -0.000010
71.977121  -0.000010
71.997120  0.000001
72.017119  -0.000020
72.037119  -0.000010
72.057118  0.000001
72.077117  0.000001
72.097116  -0.000020
72.117115  0.000012
72.137115  0.000012
72.157114  0.000022
72.177113  0.000012
72.197112  0.000001
72.217111  0.000001
72.237111  -0.000020
72.257110  0.000001
72.277109  -0.000010
72.297108  0.000012
72.317107  -0.000031
72.337107  0.000001
72.357106  -0.000020
72.377105  0.000012
72.397104  0.000012
72.417103  -0.000010
72.437103  0.000001
72.457102  0.000022
72.477101  -0.000020
72.497100  0.000001
72.517099  0.000012
72.537099  -0.000010
72.557098  0.000001
72.577097  -0.000020
72.597096  0.000012
72.617095  -0.000020
72.637095  -0.000052
72.657094  -0.000010
72.677093  0.000001
72.697092  0.000022
72.717091  0.000001
72.737091  0.000012
72.757090  0.000012
72.777089  0.000001
72.797088  -0.000020
72.817087  0.000022
72.837087  -0.000020
72.857086  0.000012
72.877085  -0.000020
72.897084  -0.000020
72.917083  -0.000010
72.937083  0.000012
72.957082  0.000001
72.977081  -0.000010
72.997080  0.000012
73.017079  0.000001
73.037079  -0.000010
73.057078  0.000001
73.077077  0.000022
73.097076  0.000012
73.117075  0.000001
73.137075  -0.000020
73.157074  0.000001
73.177073  0.000001
73.197072  0.000022
73.217071  0.000012
73.237071  0.000001
73.257070  0.000033
73.277069  -0.000031
73.297068  0.000001
73.317067  0.000001
73.337067  0.000012
73.357066  0.000001
73.377065  0.000012
73.397064  0.000001
73.417063  0.000001
73.437063  0.000022
73.457062  0.000001
73.477061  0.000012
73.497060  0.000001
73.517059  0.000022
73.537059  -0.000010
73.557058  0.000001
73.577057  0.000022
73.597056  0.000001
73.617055  0.000022
73.637055  0.000012
73.657054  -0.000010
73.677053  -0.000020
73.697052  0.000022
73.717051  -0.000020
73.737051  0.000001
73.757050  -0.000010
73.777049  -0.000020
73.797048  -0.000010
73.817047  -0.000020
73.837047  -0.000010
73.857046  -0.000031
73.877045  0.000001
73.897044  0.000012
73.917043  0.000001
73.937043  0.000012
73.957042  0.000022
73.977041  0.000022
73.997040  0.000001
74.017039  0.000022
74.037039  -0.000031
74.057038  0.000022
74.077037  0.000001
74.097036  0.000001
74.117035  0.000022
74.137035  0.000033
74.157034  -0.000010
74.177033  0.000012
74.197032  0.000001
74.217031  0.000001
74.237031  -0.000010
74.257030  -0.000010
74.277029  -0.000020
74.297028  0.000001
74.317027  0.000012
74.337027  0.000012
74.357026  0.000001
74.377025  0.000022
74.397024  0.000022
74.417023  0.000001
74.437023  0.000001
74.457022  -0.000020
74.477021  -0.000031
74.497020  -0.000010
74.517019  0.000001
74.537019  0.000001
74.557018  0.000001
74.577017  0.000012
74.597016  0.000012
74.617015  0.000033
74.637015  -0.000010
74.657014  0.000012
74.677013  0.000001
74.697012  0.000012
74.717011  -0.000031
74.737011  0.000012
74.757010  0.000012
74.777009  -0.000042
74.797008  -0.000010
74.817007  0.000001
74.837007  -0.000020
74.857006  -0.000010
74.877005  -0.000010
74.897004  0.000022
74.917003  0.000012
74.937003  0.000033
74.957002  -0.000010
74.977001  0.000022
74.997000  -0.000010
75.016999  -0.000020
75.036999  0.000022
75.056998  0.000022
75.076997  0.000001
75.096996  0.000012
75.116995  0.000012
75.136995  0.000012
75.156994  0.000012
75.176993  0.000022
75.196992  -0.000010
75.216991  0.000012
75.236991  0.000001
75.256990  -0.000042
75.276989  -0.000031
75.296988  -0.000020
75.316987  0.000012
75.336987  -0.000010
75.356986  0.000001
75.376985  0.000012
75.396984  0.000001
75.416983  0.000001
75.436983  0.000001
75.456982  0.000012
75.476981  -0.000031
75.496980  0.000012
75.516979  0.000001
75.536979  0.000022
75.556978  -0.000010
75.576977  -0.000031
75.596976  -0.000020
75.616975  0.000012
75.636975  0.000001
75.656974  -0.000010
75.676973  0.000001
75.696972  0.000001
75.716971  0.000033
75.736971  -0.000010
75.756970  0.000012
75.776969  0.000001
75.796968  0.000001
75.816967  0.000001
75.836967  -0.000020
75.856966  -0.000020
75.876965  -0.000020
75.896964  0.000044
75.916963  0.000001
75.936963  -0.000020
75.956962  0.000001
75.976961  -0.000010
75.996960  0.000012
76.016959  0.000012
76.036959  0.000001
76.056958  0.000022
76.076957  0.000022
76.096956  0.000033
76.116955  -0.000031
76.136955  0.000001
76.156954  0.000001
76.176953  -0.000031
76.196952  0.000012
76.216951  -0.000010
76.236951  0.000033
76.256950  0.000022
76.276949  0.000012
76.296948  -0.000010
76.316947  0.000033
76.336947  0.000012
76.356946  0.000012
76.376945  0.000001
76.396944  0.000022
76.416943  0.000022
76.436943  0.000022
76.456942  0.000001
76.476941  0.000022
76.496940  -0.000010
76.516939  0.000022
76.536939  0.000001
76.556938  -0.000020
76.576937  0.000001
76.596936  -0.000010
76.616935  0.000012
76.636935  0.000001
76.656934  0.000022
76.676933  -0.000020
76.696932  -0.000020
76.716931  -0.000020
76.736931  0.000012
76.756930  0.000022
76.776929  0.000001
76.796928  0.000012
76.816927  0.000001
76.836927  -0.000010
76.856926  0.000022
76.876925  0.000012
76.896924  0.000012
76.916923  -0.000010
76.936923  0.000001
76.956922  0.000022
76.976921  0.000033
76.996920  0.000012
77.016919  0.000022
77.036919  0.000022
77.056918  0.000022
77.076917  0.000001
77.096916  -0.000010
77.116915  0.000022
77.136915  0.000012
77.156914  0.000001
77.176913  0.000001
77.196912  -0.000010
77.216911  0.000022
77.236911  0.000012
77.256910  0.000012
77.276909  -0.000010
77.296908  0.000001
77.316907  -0.000020
77.336907  0.000012
77.356906  0.000001
77.376905  0.000012
77.396904  -0.000010
77.416903  -0.000010
77.436903  0.000001
77.456902  -0.000010
77.476901  0.000012
77.496900  -0.000010
77.516899  -0.000020
77.536899  0.000012
77.556898  0.000012
77.576897  0.000033
77.596896  0.000022
77.616895  0.000033
77.636895  0.000001
77.656894  0.000001
77.676893  0.000001
77.696892  -0.000010
77.716891  0.000022
77.736891  0.000012
77.756890  0.000001
77.776889  -0.000010
77.796888  -0.000010
77.816887  -0.000020
77.836887  -0.000020
77.856886  0.000022
77.876885  -0.000010
77.896884  -0.000010
77.916883  -0.000010
77.936883  -0.000010
77.956882  0.000001
77.976881  -0.000031
77.996880  -0.000020
78.016879  0.000001
78.036879  -0.000010
78.056878  0.000033
78.076877  0.000001
78.096876  -0.000010
78.116875  -0.000031
78.136875  0.000012
78.156874  0.000012
78.176873  -0.000010
78.196872  0.000001
78.216871  0.000012
78.236871  0.000001
78.256870  0.000001
78.276869  0.000001
78.296868  -0.000010
78.316867  0.000001
78.336867  0.000012
78.356866  0.000022
78.376865  0.000022
78.396864  0.000001
78.416863  -0.000020
78.436863  0.000022
78.456862  0.000001
78.476861  0.000033
78.496860  0.000001
78.516859  0.000033
78.536859  0.000012
78.556858  0.000022
78.576857  -0.000010
78.596856  0.000012
78.616855  -0.000010
78.636855  -0.000010
78.656854  -0.000010
78.676853  0.000012
78.696852  0.000001
78.716851  0.000001
78.736851  0.000022
78.756850  -0.000010
78.776849  -0.000010
78.796848  0.000012
78.816847  0.000001
78.836847  0.000012
78.856846  -0.000010
78.876845  0.000012
78.896844  0.000012
78.916843  0.000022
78.936843  -0.000010
78.956842  0.000022
78.976841  0.000001
78.996840  0.000044
79.016839  0.000022
79.036839  0.000012
79.056838  0.000012
79.076837  0.000022
79.096836  0.000001
79.116835  0.000012
79.136835  -0.000020
79.156834  0.000022
79.176833  0.000001
79.196832  0.000012
79.216831  -0.000020
79.236831  0.000022
79.256830  0.000022
79.276829  -0.000020
79.296828  0.000012
79.316827  -0.000020
79.336827  -0.000010
79.356826  0.000001
79.376825  0.000012
79.396824  0.000001
79.416823  0.000001
79.436823  0.000001
79.456822  0.000001
79.476821  0.000001
79.496820  0.000001
79.516819  0.000022
79.536819  -0.000031
79.556818  0.000001
79.576817  0.000012
79.596816  0.000001
79.616815  -0.000010
79.636815  0.000001
79.656814  -0.000020
79.676813  -0.000010
79.696812  -0.000031
79.716811  0.000001
79.736811  0.000012
79.756810  0.000022
79.776809  0.000012
79.796808  0.000012
79.816807  0.000001
79.836807  -0.000010
79.856806  -0.000010
79.876805  -0.000031
79.896804  0.000001
79.916803  0.000012
79.936803  0.000022
79.956802  0.000001
79.976801  -0.000010
79.996800  0.000001
80.016799  -0.000020
80.036799  -0.000010
80.056798  0.000001
80.076797  0.000022
80.096796  0.000022
80.116795  -0.000031
80.136795  0.000012
80.156794  0.000022
80.176793  0.000022
80.196792  0.000012
80.216791  -0.000010
80.236791  0.000001
80.256790  -0.000010
80.276789  0.000012
80.296788  0.000033
80.316787  0.000012
80.336787  0.000022
80.356786  0.000022
80.376785  0.000022
80.396784  0.000001
80.416783  0.000001
80.436783  0.000012
80.456782  0.000001
80.476781  0.000001
80.496780  0.000001
80.516779  0.000001
80.536779  0.000001
80.556778  0.000001
80.576777  0.000033
80.596776  0.000022
80.616775  0.000033
80.636775  0.000012
80.656774  0.000033
80.676773  -0.000020
80.696772  -0.000010
80.716771  0.000001
80.736771  0.000001
80.756770  -0.000010
80.776769  0.000001
80.796768  0.000033
80.816767  0.000022
80.836767  0.000012
80.856766  0.000033
80.876765  -0.000020
80.896764  0.000012
80.916763  -0.000010
80.936763  -0.000010
80.956762  0.000001
80.976761  -0.000020
80.996760  0.000001
81.016759  -0.000010
81.036759  0.000001
81.056758  -0.000010
81.076757  0.000022
81.096756  -0.000010
81.116755  0.000001
81.136755  0.000012
81.156754  0.000001
81.176753  0.000033
81.196752  0.000012
81.216751  0.000022
81.236751  -0.000031
81.256750  0.000022
81.276749  -0.000010
81.296748  0.000001
81.316747  0.000022
81.336747  0.000001
81.356746  0.000012
81.376745  0.000001
81.396744  0.000001
81.416743  0.000012
81.436743  0.000033
81.456742  0.000012
81.476741  -0.000042
81.496740  0.000001
81.516739  -0.000020
81.536739  0.000001
81.556738  0.000001
81.576737  0.000022
81.596736  -0.000010
81.616735  0.000001
81.636735  0.000022
81.656734  0.000044
81.676733  0.000022
81.696732  0.000022
81.716731  -0.000020
81.736731  -0.000010
81.756730  0.000022
81.776729  -0.000020
81.796728  -0.000010
81.816727  0.000022
81.836727  -0.000020
81.856726  0.000033
81.876725  0.000001
81.896724  0.000033
81.916723  0.000001
81.936723  -0.000020
81.956722  0.000022
81.976721  0.000001
81.996720  0.000001
82.016719  0.000022
82.036719  0.000012
82.056718  0.000022
82.076717  -0.000020
82.096716  -0.000010
82.116715  -0.000010
82.136715  -0.000010
82.156714  -0.000010
82.176713  0.000001
82.196712  -0.000020
82.216711  0.000022
82.236711  0.000012
82.256710  0.000012
82.276709  -0.000020
82.296708  0.000012
82.316707  0.000001
82.336707  0.000012
82.356706  0.000001
82.376705  0.000012
82.396704  0.000001
82.416703  0.000022
82.436703  0.000001
82.456702  0.000022
82.476701  0.000012
82.496700  0.000001
82.516699  0.000001
82.536699  0.000012
82.556698  -0.000010
82.576697  0.000012
82.596696  -0.000010
82.616695  -0.000020
82.636695  -0.000010
82.656694  0.000022
82.676693  0.000001
82.696692  0.000001
82.716691  -0.000010
82.736691  0.000012
82.756690  0.000001
82.776689  0.000012
82.796688  -0.000020
82.816687  -0.000020
82.836687  0.000001
82.856686  0.000012
82.876685  -0.000020
82.896684  -0.000010
82.916683  -0.000010
82.936683  0.000012
82.956682  -0.000020
82.976681  0.000022
82.996680  -0.000010
83.016679  0.000022
83.036679  -0.000020
83.056678  0.000012
83.076677  0.000001
83.096676  0.000001
83.116675  0.000012
83.136675  0.000001
83.156674  0.000012
83.176673  -0.000010
83.196672  -0.000010
83.216671  0.000033
83.236671  0.000001
83.256670  0.000022
83.276669  0.000022
83.296668  0.000012
83.316667  0.000022
83.336667  0.000012
83.356666  0.000001
83.376665  0.000001
83.396664  0.000022
83.416663  -0.000010
83.436663  0.000012
83.456662  0.000033
83.476661  -0.000010
83.496660  -0.000020
83.516659  0.000012
83.536659  -0.000010
83.556658  0.000012
83.576657  0.000012
83.596656  0.000022
83.616655  -0.000010
83.636655  0.000001
83.656654  0.000001
83.676653  0.000001
83.696652  0.000022
83.716651  0.000012
83.736651  0.000012
83.756650  0.000012
83.776649  0.000012
83.796648  0.000012
83.816647  0.000001
83.836647  -0.000020
83.856646  0.000001
83.876645  -0.000010
83.896644  0.000001
83.916643  -0.000010
83.936643  -0.000010
83.956642  0.000022
83.976641  0.000001
83.996640  0.000012
84.016639  -0.000010
84.036639  0.000001
84.056638  -0.000010
84.076637  0.000012
84.096636  -0.000010
84.116635  -0.000010
84.136635  0.000001
84.156634  0.000012
84.176633  -0.000010
84.196632  0.000012
84.216631  -0.000010
84.236631  0.000001
84.256630  0.000001
84.276629  0.000001
84.296628  0.000012
84.316627  0.000001
84.336627  0.000022
84.356626  0.000001
84.376625  0.000001
84.396624  0.000022
84.416623  -0.000042
84.436623  0.000001
84.456622  -0.000010
84.476621  0.000033
84.496620  -0.000020
84.516619  0.000001
84.536619  -0.000010
84.556618  0.000012
84.576617  0.000022
84.596616  0.000022
84.616615  -0.000010
84.636615  0.000033
84.656614  0.000022
84.676613  0.000022
84.696612  -0.000010
84.716611  0.000012
84.736611  0.000012
84.756610  0.000033
84.776609  -0.000010
84.796608  -0.000010
84.816607  -0.000052
84.836607  0.000001
84.856606  0.000022
84.876605  0.000012
84.896604  0.000022
84.916603  0.000033
84.936603  0.000001
84.956602  0.000044
84.976601  -0.000010
84.996600  0.000012
85.016599  -0.000010
85.036599  0.000012
85.056598  -0.000020
85.076597  0.000012
85.096596  -0.000042
85.116595  0.000012
85.136595  0.000012
85.156594  0.000022
85.176593  0.000012
85.196592  0.000001
85.216591  0.000001
85.236591  0.000022
85.256590  -0.000031
85.276589  -0.000010
85.296588  0.000001
85.316587  0.000022
85.336587  -0.000020
85.356586  -0.000010
85.376585  -0.000020
85.396584  -0.000031
85.416583  0.000001
85.436583  -0.000020
85.456582  0.000001
85.476581  0.000044
85.496580  0.000001
85.516579  0.000022
85.536579  -0.000010
85.556578  0.000012
85.576577  0.000001
85.596576  -0.000020
85.616575  -0.000010
85.636575  0.000001
85.656574  -0.000010
85.676573  0.000001
85.696572  -0.000010
85.716571  0.000001
85.736571  0.000012
85.756570  0.000022
85.776569  0.000044
85.796568  0.000022
85.816567  0.000001
85.836567  0.000012
85.856566  0.000001
85.876565  0.000001
85.896564  0.000001
85.916563  0.000012
85.936563  0.000001
85.956562  0.000001
85.976561  0.000001
85.996560  0.000001
86.016559  0.000001
86.036559  0.000001
86.056558  0.000012
86.076557  0.000012
86.096556  0.000001
86.116555  0.000022
86.136555  0.000012
86.156554  -0.000010
86.176553  -0.000010
86.196552  0.000044
86.216551  0.000001
86.236551  0.000012
86.256550  0.000022
86.276549  0.000001
86.296548  0.000012
86.316547  0.000033
86.336547  0.000001
86.356546  -0.000010
86.376545  0.000001
86.396544  0.000022
86.416543  0.000001
86.436543  0.000022
86.456542  0.000022
86.476541  0.000001
86.496540  0.000001
86.516539  -0.000042
86.536539  -0.000010
86.556538  0.000022
86.576537  0.000022
86.596536  0.000001
86.616535  0.000001
86.636535  -0.000020
86.656534  0.000001
86.676533  0.000012
86.696532  0.000012
86.716531  -0.000010
86.736531  0.000001
86.756530  0.000001
86.776529  -0.000010
86.796528  0.000001
86.816527  0.000012
86.836527  -0.000010
86.856526  -0.000010
86.876525  0.000001
86.896524  -0.000020
86.916523  -0.000010
86.936523  0.000012
86.956522  -0.000010
86.976521  -0.000010
86.996520  -0.000010
87.016519  0.000022
87.036519  0.000022
87.056518  -0.000010
87.076517  0.000022
87.096516  0.000022
87.116515  -0.000010
87.136515  0.000012
87.156514  0.000001
87.176513  0.000001
87.196512  0.000022
87.216511  0.000001
87.236511  0.000022
87.256510  -0.000020
87.276509  0.000012
87.296508  -0.000010
87.316507  -0.000010
87.336507  0.000012
87.356506  0.000022
87.376505  0.000012
87.396504  -0.000010
87.416503  0.000001
87.436503  -0.000010
87.456502  -0.000020
87.476501  0.000001
87.496500  0.000022
87.516499  0.000022
87.536499  0.000012
87.556498  0.000022
87.576497  -0.000020
87.596496  -0.000010
87.616495  -0.000010
87.636495  0.000001
87.656494  0.000022
87.676493  0.000022
87.696492  0.000033
87.716491  0.000001
87.736491  0.000022
87.756490  0.000033
87.776489  0.000012
87.796488  0.000012
87.816487  0.000012
87.836487  0.000022
87.856486  -0.000010
87.876485  -0.000020
87.896484  0.000012
87.916483  -0.000010
87.936483  -0.000031
87.956482  0.000012
87.976481  0.000022
87.996480  0.000022
88.016479  0.000012
88.036479  -0.000010
88.056478  0.000012
88.076477  0.000012
88.096476  -0.000010
88.116475  0.000001
88.136475  -0.000020
88.156474  -0.000020
88.176473  0.000033
88.196472  -0.000020
88.216471  0.000001
88.236471  0.000022
88.256470  0.000022
88.276469  -0.000031
88.296468  0.000001
88.316467  -0.000031
88.336467  0.000022
88.356466  -0.000010
88.376465  0.000001
88.396464  0.000001
88.416463  0.000001
88.436463  0.000001
88.456462  0.000001
88.476461  0.000022
88.496460  0.000033
88.516459  0.000001
88.536459  0.000012
88.556458  0.000012
88.576457  -0.000010
88.596456  -0.000020
88.616455  -0.000020
88.636455  -0.000020
88.656454  0.000012
88.676453  0.000012
88.696452  -0.000020
88.716451  0.000012
88.736451  -0.000031
88.756450  0.000001
88.776449  0.000033
88.796448  0.000012
88.816447  0.000022
88.836447  0.000001
88.856446  0.000001
88.876445  0.000012
88.896444  -0.000010
88.916443  0.000001
88.936443  0.000012
88.956442  0.000001
88.976441  0.000001
88.996440  0.000022
89.016439  -0.000020
89.036439  -0.000010
89.056438  0.000033
89.076437  0.000001
89.096436  0.000001
89.116435  0.000001
89.136435  -0.000020
89.156434  0.000001
89.176433  0.000001
89.196432  0.000022
89.216431  0.000033
89.236431  -0.000010
89.256430  0.000001
89.276429  0.000001
89.296428  0.000012
89.316427  0.000012
89.336427  -0.000031
89.356426  -0.000020
89.376425  0.000001
89.396424  -0.000010
89.416423  -0.000020
89.436423  -0.000010
89.456422  0.000001
89.476421  -0.000020
89.496420  0.000012
89.516419  0.000012
89.536419  -0.000010
89.556418  0.000012
89.576417  0.000001
89.596416  -0.000010
89.616415  0.000022
89.636415  0.000012
89.656414  -0.000010
89.676413  0.000022
89.696412  -0.000020
89.716411  0.000022
89.736411  -0.000020
89.756410  0.000012
89.776409  -0.000010
89.796408  0.000012
89.816407  0.000001
89.836407  -0.000010
89.856406  0.000012
89.876405  0.000001
89.896404  -0.000010
89.916403  -0.000010
89.936403  0.000001
89.956402  -0.000010
89.976401  -0.000010
89.996400  0.000012
90.016399  0.000001
90.036399  0.000001
90.056398  0.000022
90.076397  0.000012
90.096396  0.000012
90.116395  0.000022
90.136395  0.000001
90.156394  0.000022
90.176393  0.000012
90.196392  0.000033
90.216391  0.000033
90.236391  0.000001
90.256390  0.000022
90.276389  0.000012
90.296388  0.000012
90.316387  0.000001
90.336387  0.000001
90.356386  0.000001
90.376385  0.000001
90.396384  -0.000010
90.416383  0.000012
90.436383  0.000001
90.456382  -0.000010
90.476381  -0.000010
90.496380  0.000001
90.516379  0.000033
90.536379  0.000001
90.556378  0.000001
90.576377  -0.000031
90.596376  0.000012
90.616375  0.000001
90.636375  0.000012
90.656374  -0.000010
90.676373  0.000022
90.696372  0.000001
90.716371  -0.000042
90.736371  0.000001
90.756370  0.000001
90.776369  -0.000020
90.796368  -0.000020
90.816367  -0.000031
90.836367  0.000012
90.856366  0.000001
90.876365  0.000001
90.896364  -0.000010
90.916363  0.000001
90.936363  0.000012
90.956362  0.000022
90.976361  0.000012
90.996360  0.000012
91.016359  0.000012
91.036359  0.000001
91.056358  -0.000010
91.076357  0.000012
91.096356  0.000012
91.116355  0.000001
91.136355  -0.000010
91.156354  0.000022
91.176353  0.000012
91.196352  0.000012
91.216351  0.000001
91.236351  0.000001
91.256350  -0.000010
91.276349  0.000012
91.296348  -0.000031
91.316347  -0.000010
91.336347  -0.000010
91.356346  0.000012
91.376345  0.000001
91.396344  0.000033
91.416343  0.000001
91.436343  0.000001
91.456342  -0.000010
91.476341  0.000001
91.496340  0.000001
91.516339  0.000022
91.536339  -0.000020
91.556338  0.000001
91.576337  0.000001
91.596336  0.000022
91.616335  0.000001
91.636335  -0.000010
91.656334  0.000001
91.676333  0.000001
91.696332  0.000001
91.716331  0.000022
91.736331  0.000022
91.756330  0.000001
91.776329  -0.000010
91.796328  0.000001
91.816327  0.000012
91.836327  0.000022
91.856326  0.000012
91.876325  0.000001
91.896324  -0.000042
91.916323  0.000022
91.936323  0.000022
91.956322  0.000022
91.976321  0.000012
91.996320  0.000001
92.016319  0.000001
92.036319  0.000022
92.056318  0.000001
92.076317  0.000001
92.096316  0.000022
92.116315  0.000001
92.136315  0.000022
92.156314  -0.000010
92.176313  -0.000010
92.196312  0.000001
92.216311  0.000012
92.236311  0.000001
92.256310  0.000012
92.276309  0.000001
92.296308  0.000001
92.316307  0.000001
92.336307  0.000022
92.356306  0.000012
92.376305  -0.000010
92.396304  0.000001
92.416303  0.000001
92.436303  -0.000010
92.456302  -0.000010
92.476301  0.000022
92.496300  0.000012
92.516299  0.000001
92.536299  0.000012
92.556298  0.000044
92.576297  -0.000020
92.596296  0.000001
92.616295  0.000022
92.636295  0.000022
92.656294  0.000001
92.676293  0.000012
92.696292  0.000001
92.716291  0.000001
92.736291  -0.000020
92.756290  -0.000031
92.776289  -0.000010
92.796288  0.000022
92.816287  0.000022
92.836287  0.000012
92.856286  -0.000010
92.876285  0.000001
92.896284  -0.000010
92.916283  -0.000010
92.936283  -0.000010
92.956282  -0.000020
92.976281  -0.000010
92.996280  0.000001
93.016279  0.000033
93.036279  -0.000010
93.056278  -0.000010
93.076277  -0.000020
93.096276  0.000001
93.116275  -0.000020
93.136275  0.000001
93.156274  0.000012
93.176273  0.000022
93.196272  -0.000010
93.216271  0.000012
93.236271  0.000012
93.256270  -0.000010
93.276269  0.000001
93.296268  0.000001
93.316267  -0.000010
93.336267  0.000022
93.356266  -0.000010
93.376265  0.000012
93.396264  -0.000010
93.416263  0.000022
93.436263  0.000022
93.456262  0.000001
93.476261  0.000001
93.496260  -0.000010
93.516259  -0.000010
93.536259  0.000001
93.556258  0.000012
93.576257  0.000012
93.596256  0.000001
93.616255  0.000001
93.636255  0.000012
93.656254  -0.000010
93.676253  0.000022
93.696252  -0.000010
93.716251  -0.000010
93.736251  0.000001
93.756250  0.000033
93.776249  -0.000010
93.796248  0.000012
93.816247  0.000001
93.836247  0.000001
93.856246  -0.000010
93.876245  0.000012
93.896244  -0.000010
93.916243  0.000001
93.936243  -0.000010
93.956242  0.000033
93.976241  0.000001
93.996240  0.000012
94.016239  0.000001
94.036239  0.000033
94.056238  0.000022
94.076237  0.000001
94.096236  -0.000020
94.116235  0.000001
94.136235  -0.000010
94.156234  0.000001
94.176233  0.000022
94.196232  0.000022
94.216231  0.000001
94.236231  0.000033
94.256230  0.000001
94.276229  0.000001
94.296228  0.000022
94.316227  -0.000010
94.336227  0.000012
94.356226  0.000012
94.376225  -0.000010
94.396224  -0.000010
94.416223  -0.000031
94.436223  -0.000010
94.456222  0.000012
94.476221  0.000012
94.496220  0.000001
94.516219  0.000001
94.536219  0.000022
94.556218  0.000044
94.576217  0.000012
94.596216  -0.000010
94.616215  0.000033
94.636215  0.000012
94.656214  0.000033
94.676213  0.000001
94.696212  -0.000031
94.716211  0.000001
94.736211  -0.000010
94.756210  -0.000031
94.776209  0.000022
94.796208  0.000022
94.816207  0.000001
94.836207  0.000001
94.856206  0.000022
94.876205  0.000012
94.896204  -0.000010
94.916203  0.000022
94.936203  0.000001
94.956202  0.000022
94.976201  -0.000010
94.996200  0.000012
95.016199  -0.000020
95.036199  0.000001
95.056198  -0.000010
95.076197  0.000022
95.096196  -0.000010
95.116195  0.000001
95.136195  -0.000010
95.156194  0.000001
95.176193  0.000022
95.196192  -0.000010
95.216191  0.000001
95.236191  0.000001
95.256190  0.000001
95.276189  -0.000020
95.296188  -0.000020
95.316187  0.000001
95.336187  -0.000010
95.356186  0.000001
95.376185  0.000012
95.396184  -0.000010
95.416183  0.000022
95.436183  0.000012
95.456182  0.000022
95.476181  0.000022
95.496180  0.000012
95.516179  -0.000031
95.536179  0.000033
95.556178  0.000001
95.576177  0.000001
95.596176  0.000012
95.616175  -0.000010
95.636175  0.000012
95.656174  0.000012
95.676173  0.000012
95.696172  -0.000010
95.716171  -0.000010
95.736171  0.000012
95.756170  0.000012
95.776169  0.000001
95.796168  0.000022
95.816167  -0.000010
95.836167  -0.000010
95.856166  0.000022
95.876165  0.000012
95.896164  0.000012
95.916163  -0.000010
95.936163  -0.000010
95.956162  -0.000020
95.976161  0.000001
95.996160  -0.000020
96.016159  0.000033
96.036159  -0.000010
96.056158  0.000022
96.076157  0.000012
96.096156  0.000001
96.116155  0.000012
96.136155  -0.000010
96.156154  0.000001
96.176153  -0.000010
96.196152  0.000022
96.216151  0.000001
96.236151  0.000001
96.256150  0.000001
96.276149  0.000012
96.296148  0.000033
96.316147  -0.000031
96.336147  -0.000010
96.356146  0.000012
96.376145  0.000012
96.396144  -0.000010
96.416143  0.000033
96.436143  -0.000010
96.456142  0.000001
96.476141  -0.000010
96.496140  0.000012
96.516139  -0.000010
96.536139  -0.000010
96.556138  0.000001
96.576137  0.000001
96.596136  -0.000020
96.616135  0.000001
96.636135  0.000022
96.656134  0.000065
96.676133  0.000012
96.696132  0.000044
96.716131  0.000001
96.736131  0.000033
96.756130  0.000001
96.776129  -0.000020
96.796128  -0.000020
96.816127  -0.000020
96.836127  0.000012
96.856126  0.000022
96.876125  -0.000010
96.896124  0.000001
96.916123  0.000012
96.936123  0.000001
96.956122  0.000001
96.976121  0.000012
96.996120  0.000001
97.016119  0.000022
97.036119  0.000012
97.056118  -0.000010
97.076117  -0.000010
97.096116  0.000022
97.116115  0.000001
97.136115  0.000033
97.156114  0.000001
97.176113  0.000012
97.196112  0.000001
97.216111  0.000022
97.236111  0.000001
97.256110  -0.000020
97.276109  0.000022
97.296108  0.000012
97.316107  0.000012
97.336107  -0.000010
97.356106  -0.000031
97.376105  0.000001
97.396104  -0.000010
97.416103  0.000001
97.436103  0.000001
97.456102  -0.000010
97.476101  0.000001
97.496100  0.000012
97.516099  0.000012
97.536099  0.000044
97.556098  0.000012
97.576097  -0.000010
97.596096  0.000022
97.616095  0.000001
97.636095  -0.000010
97.656094  -0.000010
97.676093  -0.000020
97.696092  0.000012
97.716091  0.000012
97.736091  -0.000020
97.756090  0.000022
97.776089  -0.000010
97.796088  0.000012
97.816087  0.000012
97.836087  0.000022
97.856086  -0.000010
97.876085  -0.000010
97.896084  0.000001
97.916083  0.000001
97.936083  0.000012
97.956082  -0.000020
97.976081  -0.000010
97.996080  0.000033
98.016079  0.000022
98.036079  0.000001
98.056078  0.000001
98.076077  0.000012
98.096076  0.000012
98.116075  -0.000042
98.136075  0.000022
98.156074  0.000033
98.176073  0.000022
98.196072  0.000012
98.216071  0.000033
98.236071  -0.000031
98.256070  -0.000010
98.276069  0.000001
98.296068  0.000022
98.316067  0.000012
98.336067  0.000012
98.356066  0.000001
98.376065  0.000022
98.396064  0.000001
98.416063  0.000001
98.436063  0.000012
98.456062  0.000001
98.476061  0.000001
98.496060  0.000012
98.516059  -0.000010
98.536059  0.000012
98.556058  0.000022
98.576057  -0.000020
98.596056  -0.000010
98.616055  -0.000020
98.636055  -0.000010
98.656054  0.000001
98.676053  0.000012
98.696052  -0.000031
98.716051  -0.000010
98.736051  0.000001
98.756050  0.000001
98.776049  -0.000010
98.796048  0.000001
98.816047  0.000022
98.836047  0.000001
98.856046  -0.000020
98.876045  0.000012
98.896044  -0.000010
98.916043  0.000001
98.936043  -0.000020
98.956042  0.000012
98.976041  0.000001
98.996040  0.000033
99.016039  0.000001
99.036039  0.000022
99.056038  0.000001
99.076037  0.000012
99.096036  0.000001
99.116035  -0.000010
99.136035  0.000012
99.156034  0.000022
99.176033  0.000001
99.196032  0.000001
99.216031  -0.000010
99.236031  -0.000010
99.256030  0.000012
99.276029  0.000033
99.296028  0.000001
99.316027  0.000001
99.336027  0.000022
99.356026  0.000001
99.376025  0.000001
99.396024  0.000001
99.416023  0.000012
99.436023  0.000001
99.456022  0.000001
99.476021  0.000001
99.496020  0.000001
99.516019  0.000001
99.536019  0.000022
99.556018  0.000012
99.576017  0.000022
99.596016  0.000022
99.616015  0.000033
99.636015  -0.000010
99.656014  -0.000010
99.676013  0.000044
99.696012  0.000022
99.716011  0.000001
99.736011  0.000001
99.756010  -0.000010
99.776009  -0.000010
99.796008  0.000001
99.816007  -0.000020
99.836007  0.000022
99.856006  -0.000010
99.876005  -0.000010
99.896004  0.000022
99.916003  0.000001
99.936003  0.000001
99.956002  0.000012
99.976001  0.000012
99.996000  -0.000010
100.015999  -0.000010
100.035999  0.000001
100.055998  0.000001
100.075997  -0.000010
100.095996  0.000001
100.115995  0.000012
100.135995  -0.000010
100.155994  -0.000010
100.175993  0.000012
100.195992  -0.000010
100.215991  -0.000010
100.235991  0.000022
100.255990  0.000001
100.275989  -0.000010
100.295988  0.000001
100.315987  -0.000010
100.335987  0.000022
100.355986  -0.000010
100.375985  -0.000010
100.395984  -0.000010
100.415983  -0.000010
100.435983  0.000001
100.455982  0.000044
100.475981  -0.000010
100.495980  0.000001
100.515979  0.000012
100.535979  0.000022
100.555978  -0.000010
100.575977  -0.000010
100.595976  -0.000010
100.615975  -0.000020
100.635975  0.000001
100.655974  0.000001
100.675973  0.000033
100.695972  -0.000010
100.715971  0.000001
100.735971  0.000022
100.755970  0.000001
100.775969  0.000012
100.795968  0.000022
100.815967  0.000033
100.835967  0.000012
100.855966  0.000022
100.875965  0.000001
100.895964  -0.000020
100.915963  0.000012
100.935963  -0.000031
100.955962  0.000012
100.975961  0.000012
100.995960  0.000001
101.015959  0.000001
101.035959  0.000001
101.055958  0.000001
101.075957  0.000001
101.095956  -0.000020
101.115955  -0.000010
101.135955  -0.000010
101.155954  0.000001
101.175953  0.000001
101.195952  0.000001
101.215951  0.000022
101.235951  0.000022
101.255950  0.000001
101.275949  0.000022
101.295948  0.000001
101.315947  0.000001
101.335947  0.000033
101.355946  0.000001
101.375945  -0.000020
101.395944  0.000012
101.415943  0.000012
101.435943  -0.000010
101.455942  0.000012
101.475941  0.000022
101.495940  -0.000020
101.515939  0.000001
101.535939  -0.000010
101.555938  0.000022
101.575937  0.000012
101.595936  -0.000010
101.615935  0.000012
101.635935  0.000001
101.655934  0.000012
101.675933  -0.000010
101.695932  0.000001
101.715931  0.000001
101.735931  -0.000010
101.755930  0.000044
101.775929  0.000012
101.795928  -0.000031
101.815927  0.000001
101.835927  0.000001
101.855926  0.000001
101.875925  0.000022
101.895924  -0.000010
101.915923  0.000001
101.935923  0.000001
101.955922  -0.000020
101.975921  0.000001
101.995920  -0.000010
102.015919  -0.000010
102.035919  0.000012
102.055918  0.000001
102.075917  -0.000010
102.095916  0.000022
102.115915  0.000001
102.135915  -0.000010
102.155914  -0.000010
102.175913  0.000001
102.195912  0.000001
102.215911  0.000033
102.235911  -0.000010
102.255910  0.000001
102.275909  -0.000010
102.295908  -0.000010
102.315907  0.000022
102.335907  0.000022
102.355906  0.000022
102.375905  0.000012
102.395904  0.000012
102.415903  -0.000031
102.435903  0.000001
102.455902  0.000012
102.475901  -0.000010
102.495900  0.000033
102.515899  0.000001
102.535899  0.000012
102.555898  0.000001
102.575897  0.000012
102.595896  0.000012
102.615895  0.000012
102.635895  -0.000010
102.655894  0.000001
102.675893  0.000001
102.695892  0.000001
102.715891  -0.000010
102.735891  0.000001
102.755890  0.000001
102.775889  0.000022
102.795888  0.000001
102.815887  0.000012
102.835887  -0.000010
102.855886  0.000033
102.875885  0.000001
102.895884  0.000022
102.915883  0.000001
102.935883  0.000012
102.955882  0.000033
102.975881  -0.000010
102.995880  0.000012
103.015879  -0.000010
103.035879  0.000012
103.055878  0.000001
103.075877  -0.000020
103.095876  0.000022
103.115875  0.000001
103.135875  0.000001
103.155874  0.000001
103.175873  0.000022
103.195872  0.000001
103.215871  0.000022
103.235871  -0.000010
103.255870  0.000012
103.275869  0.000012
103.295868  0.000012
103.315867  -0.000020
103.335867  0.000001
103.355866  -0.000042
103.375865  0.000001
103.395864  -0.000020
103.415863  0.000001
103.435863  -0.000020
103.455862  0.000022
103.475861  0.000022
103.495860  0.000022
103.515859  0.000022
103.535859  0.000033
103.555858  -0.000010
103.575857  -0.000010
103.595856  0.000012
103.615855  0.000001
103.635855  0.000012
103.655854  0.000001
103.675853  0.000012
103.695852  -0.000010
103.715851  0.000022
103.735851  -0.000010
103.755850  0.000054
103.775849  -0.000020
103.795848  0.000001
103.815847  -0.000020
103.835847  0.000012
103.855846  0.000012
103.875845  0.000001
103.895844  -0.000020
103.915843  0.000022
103.935843  0.000001
103.955842  0.000022
103.975841  -0.000010
103.995840  -0.000010
104.015839  0.000022
104.035839  0.000001
104.055838  0.000022
104.075837  0.000022
104.095836  0.000012
104.115835  0.000012
104.135835  -0.000010
104.155834  -0.000020
104.175833  -0.000010
104.195832  -0.000010
104.215831  -0.000010
104.235831  0.000001
104.255830  0.000001
104.275829  0.000001
104.295828  -0.000020
104.315827  0.000012
104.335827  0.000001
104.355826  0.000012
104.375825  0.000022
104.395824  -0.000010
104.415823  0.000001
104.435823  -0.000010
104.455822  0.000022
104.475821  0.000001
104.495820  0.000001
104.515819  0.000001
104.535819  0.000022
104.555818  -0.000010
104.575817  0.000001
104.595816  0.000022
104.615815  0.000012
104.635815  -0.000010
104.655814  -0.000020
104.675813  0.000001
104.695812  0.000022
104.715811  0.000012
104.735811  0.000001
104.755810  0.000022
104.775809  0.000022
104.795808  0.000022
104.815807  0.000033
104.835807  -0.000020
104.855806  0.000001
104.875805  -0.000010
104.895804  0.000022
104.915803  0.000012
104.935803  0.000022
104.955802  -0.000020
104.975801  -0.000010
104.995800  -0.000010
105.015799  0.000022
105.035799  -0.000020
105.055798  0.000022
105.075797  0.000012
105.095796  0.000022
105.115795  0.000001
105.135795  0.000054
105.155794  0.000012
105.175793  0.000033
105.195792  0.000001
105.215791  0.000001
105.235791  -0.000010
105.255790  -0.000010
105.275789  -0.000010
105.295788  0.000022
105.315787  -0.000010
105.335787  0.000012
105.355786  0.000022
105.375785  0.000012
105.395784  0.000001
105.415783  0.000022
105.435783  0.000001
105.455782  0.000001
105.475781  0.000001
105.495780  0.000022
105.515779  0.000001
105.535779  0.000001
105.555778  0.000001
105.575777  0.000001
105.595776  -0.000010
105.615775  0.000012
105.635775  0.000022
105.655774  0.000012
105.675773  0.000022
105.695772  0.000022
105.715771  0.000001
105.735771  0.000001
105.755770  -0.000010
105.775769  0.000001
105.795768  0.000001
105.815767  0.000022
105.835767  0.000022
105.855766  -0.000010
105.875765  0.000001
105.895764  0.000001
105.915763  0.000001
105.935763  -0.000010
105.955762  -0.000010
105.975761  -0.000031
105.995760  -0.000010
106.015759  0.000001
106.035759  -0.000010
106.055758  0.000001
106.075757  0.000012
106.095756  0.000012
106.115755  0.000001
106.135755  -0.000010
106.155754  0.000001
106.175753  0.000022
106.195752  0.000022
106.215751  -0.000020
106.235751  -0.000010
106.255750  -0.000010
106.275749  0.000001
106.295748  0.000001
106.315747  0.000001
106.335747  0.000001
106.355746  -0.000020
106.375745  0.000022
106.395744  -0.000020
106.415743  0.000001
106.435743  0.000022
106.455742  0.000012
106.475741  0.000044
106.495740  -0.000010
106.515739  0.000022
106.535739  -0.000020
106.555738  0.000012
106.575737  0.000001
106.595736  0.000012
106.615735  -0.000010
106.635735  0.000001
106.655734  -0.000010
106.675733  0.000001
106.695732  0.000001
106.715731  0.000022
106.735731  0.000012
106.755730  -0.000010
106.775729  0.000001
106.795728  0.000022
106.815727  0.000001
106.835727  0.000001
106.855726  -0.000031
106.875725  -0.000042
106.895724  0.000001
106.915723  0.000012
106.935723  -0.000010
106.955722  0.000001
106.975721  0.000001
106.995720  0.000012
107.015719  0.000001
107.035719  0.000022
107.055718  0.000012
107.075717  0.000022
107.095716  0.000022
107.115715  0.000001
107.135715  0.000001
107.155714  0.000012
107.175713  0.000022
107.195712  0.000001
107.215711  0.000001
107.235711  0.000012
107.255710  0.000001
107.275709  0.000022
107.295708  0.000022
107.315707  0.000022
107.335707  -0.000020
107.355706  0.000022
107.375705  0.000012
107.395704  0.000001
107.415703  0.000012
107.435703  -0.000010
107.455702  0.000001
107.475701  -0.000010
107.495700  0.000022
107.515699  0.000001
107.535699  0.000012
107.555698  0.000001
107.575697  0.000012
107.595696  0.000012
107.615695  0.000022
107.635695  0.000012
107.655694  0.000022
107.675693  0.000012
107.695692  0.000022
107.715691  0.000033
107.735691  -0.000010
107.755690  0.000044
107.775689  0.000001
107.795688  0.000001
107.815687  -0.000020
107.835687  0.000012
107.855686  -0.000010
107.875685  0.000022
107.895684  0.000001
107.915683  0.000022
107.935683  0.000012
107.955682  0.000022
107.975681  0.000001
107.995680  0.000001
108.015679  -0.000010
108.035679  0.000022
108.055678  0.000022
108.075677  -0.000020
108.095676  0.000033
108.115675  -0.000052
108.135675  -0.000010
108.155674  0.000012
108.175673  -0.000010
108.195672  0.000001
108.215671  0.000001
108.235671  0.000012
108.255670  0.000012
108.275669  0.000044
108.295668  0.000001
108.315667  0.000022
108.335667  -0.000020
108.355666  0.000001
108.375665  0.000012
108.395664  0.000044
108.415663  0.000022
108.435663  -0.000010
108.455662  0.000012
108.475661  -0.000031
108.495660  -0.000020
108.515659  0.000001
108.535659  -0.000020
108.555658  0.000001
108.575657  -0.000020
108.595656  -0.000010
108.615655  0.000001
108.635655  0.000012
108.655654  0.000001
108.675653  -0.000010
108.695652  0.000001
108.715651  -0.000010
108.735651  -0.000010
108.755650  0.000022
108.775649  0.000001
108.795648  0.000001
108.815647  -0.000020
108.835647  0.000022
108.855646  0.000001
108.875645  0.000001
108.895644  0.000012
108.915643  -0.000010
108.935643  0.000012
108.955642  -0.000010
108.975641  0.000001
108.995640  -0.000010
109.015639  -0.000010
109.035639  0.000012
109.055638  0.000012
109.075637  0.000001
109.095636  -0.000010
109.115635  0.000022
109.135635  0.000001
109.155634  0.000001
109.175633  0.000022
109.195632  0.000001
109.215631  0.000001
109.235631  0.000001
109.255630  0.000022
109.275629  -0.000010
109.295628  0.000022
109.315627  -0.000020
109.335627  0.000022
109.355626  0.000012
109.375625  0.000001
109.395624  0.000001
109.415623  0.000012
109.435623  -0.000020
109.455622  0.000012
109.475621  0.000001
109.495620  -0.000020
109.515619  0.000001
109.535619  0.000001
109.555618  0.000001
109.575617  -0.000010
109.595616  -0.000010
109.615615  -0.000010
109.635615  0.000012
109.655614  0.000001
109.675613  -0.000010
109.695612  0.000022
109.715611  0.000001
109.735611  0.000022
109.755610  0.000022
109.775609  0.000001
109.795608  -0.000010
109.815607  0.000001
109.835607  0.000001
109.855606  0.000001
109.875605  -0.000010
109.895604  0.000033
109.915603  0.000022
109.935603  -0.000010
109.955602  0.000001
109.975601  0.000012
109.995600  0.000012
110.015599  0.000033
110.035599  0.000001
110.055598  0.000022
110.075597  -0.000010
110.095596  0.000022
110.115595  -0.000020
110.135595  0.000001
110.155594  -0.000010
110.175593  0.000022
110.195592  -0.000010
110.215591  -0.000031
110.235591  0.000022
110.255590  0.000001
110.275589  0.000022
110.295588  0.000001
110.315587  0.000001
110.335587  -0.000010
110.355586  0.000022
110.375585  0.000012
110.395584  0.000012
110.415583  0.000001
110.435583  -0.000010
110.455582  -0.000010
110.475581  -0.000010
110.495580  0.000033
110.515579  -0.000031
110.535579  0.000012
110.555578  0.000022
110.575577  0.000001
110.595576  0.000022
110.615575  0.000022
110.635575  0.000044
110.655574  -0.000010
110.675573  -0.000020
110.695572  -0.000020
110.715571  -0.000010
110.735571  -0.000010
110.755570  0.000012
110.775569  0.000012
110.795568  0.000001
110.815567  0.000022
110.835567  0.000001
110.855566  0.000012
110.875565  0.000022
110.895564  0.000001
110.915563  0.000022
110.935563  0.000001
110.955562  0.000001
110.975561  0.000001
110.995560  0.000012
111.015559  0.000012
111.035559  0.000001
111.055558  0.000022
111.075557  0.000022
111.095556  0.000012
111.115555  0.000012
111.135555  0.000012
111.155554  -0.000010
111.175553  0.000012
111.195552  0.000001
111.215551  -0.000010
111.235551  -0.000010
111.255550  0.000022
111.275549  -0.000020
111.295548  0.000001
111.315547  -0.000010
111.335547  -0.000010
111.355546  0.000001
111.375545  0.000022
111.395544  0.000012
111.415543  -0.000010
111.435543  0.000001
111.455542  -0.000010
111.475541  0.000001
111.495540  -0.000020
111.515539  0.000022
111.535539  -0.000020
111.555538  0.000022
111.575537  0.000001
111.595536  0.000012
111.615535  0.000022
111.635535  0.000012
111.655534  0.000012
111.675533  -0.000020
111.695532  0.000012
111.715531  -0.000010
111.735531  -0.000031
111.755530  -0.000020
111.775529  -0.000010
111.795528  0.000001
111.815527  -0.000010
111.835527  0.000001
111.855526  0.000022
111.875525  0.000001
111.895524  0.000022
111.915523  0.000012
111.935523  0.000001
111.955522  -0.000010
111.975521  0.000001
111.995520  0.000022
112.015519  -0.000020
112.035519  0.000022
112.055518  -0.000020
112.075517  0.000012
112.095516  -0.000010
112.115515  -0.000010
112.135515  0.000012
112.155514  0.000033
112.175513  0.000001
112.195512  0.000001
112.215511  0.000012
112.235511  -0.000010
112.255510  0.000001
112.275509  0.000001
112.295508  0.000001
112.315507  0.000022
112.335507  0.000001
112.355506  0.000012
112.375505  0.000001
112.395504  -0.000010
112.415503  0.000012
112.435503  0.000001
112.455502  0.000012
112.475501  0.000001
112.495500  0.000001
112.515499  -0.000010
112.535499  0.000001
112.555498  0.000012
112.575497  0.000033
112.595496  0.000001
112.615495  -0.000010
112.635495  0.000001
112.655494  0.000001
112.675493  0.000001
112.695492  0.000012
112.715491  0.000001
112.735491  0.000001
112.755490  0.000012
112.775489  0.000001
112.795488  0.000001
112.815487  -0.000010
112.835487  0.000001
112.855486  0.000012
112.875485  0.000001
112.895484  0.000012
112.915483  0.000012
112.935483  -0.000010
112.955482  0.000022
112.975481  0.000001
112.995480  0.000022
113.015479  0.000001
113.035479  0.000001
113.055478  0.000001
113.075477  -0.000010
113.095476  0.000001
113.115475  0.000001
113.135475  -0.000031
113.155474  0.000012
113.175473  -0.000010
113.195472  0.000012
113.215471  0.000022
113.235471  0.000001
113.255470  0.000012
113.275469  0.000012
113.295468  0.000001
113.315467  0.000022
113.335467  0.000001
113.355466  -0.000020
113.375465  -0.000010
113.395464  0.000001
113.415463  -0.000010
113.435463  0.000001
113.455462  -0.000020
113.475461  -0.000020
113.495460  0.000001
113.515459  -0.000010
113.535459  0.000001
113.555458  0.000001
113.575457  0.000022
113.595456  0.000012
113.615455  0.000012
113.635455  -0.000010
113.655454  -0.000010
113.675453  0.000012
113.695452  -0.000031
113.715451  -0.000010
113.735451  -0.000010
113.755450  0.000001
113.775449  0.000012
113.795448  0.000033
113.815447  0.000001
113.835447  0.000044
113.855446  -0.000020
113.875445  0.000022
113.895444  0.000012
113.915443  0.000012
113.935443  0.000001
113.955442  0.000012
113.975441  0.000001
113.995440  0.000022
114.015439  0.000022
114.035439  0.000022
114.055438  0.000001
114.075437  0.000022
114.095436  -0.000020
114.115435  0.000022
114.135435  0.000001
114.155434  0.000012
114.175433  0.000001
114.195432  0.000012
114.215431  0.000033
114.235431  -0.000010
114.255430  -0.000010
114.275429  0.000001
114.295428  0.000001
114.315427  0.000012
114.335427  0.000001
114.355426  0.000001
114.375425  0.000001
114.395424  0.000001
114.415423  0.000022
114.435423  0.000022
114.455422  -0.000010
114.475421  0.000001
114.495420  0.000001
114.515419  0.000022
114.535419  -0.000020
114.555418  -0.000010
114.575417  0.000001
114.595416  -0.000010
114.615415  0.000001
114.635415  0.000022
114.655414  0.000001
114.675413  0.000001
114.695412  -0.000042
114.715411  0.000033
114.735411  0.000001
114.755410  -0.000010
114.775409  0.000012
114.795408  0.000001
114.815407  0.000001
114.835407  -0.000020
114.855406  0.000001
114.875405  -0.000031
114.895404  0.000022
114.915403  0.000001
114.935403  0.000012
114.955402  -0.000010
114.975401  0.000012
114.995400  -0.000010
115.015399  0.000001
115.035399  0.000012
115.055398  0.000012
115.075397  0.000001
115.095396  0.000012
115.115395  -0.000010
115.135395  0.000022
115.155394  -0.000010
115.175393  0.000044
115.195392  0.000022
115.215391  0.000022
115.235391  0.000001
115.255390  0.000001
115.275389  0.000001
115.295388  0.000022
115.315387  -0.000010
115.335387  0.000022
115.355386  0.000001
115.375385  -0.000010
115.395384  -0.000010
115.415383  -0.000020
115.435383  0.000022
115.455382  0.000001
115.475381  0.000012
115.495380  0.000001
115.515379  -0.000010
115.535379  0.000022
115.555378  0.000001
115.575377  0.000012
115.595376  -0.000031
115.615375  -0.000020
115.635375  0.000001
115.655374  -0.000010
115.675373  0.000001
115.695372  0.000022
115.715371  -0.000020
115.735371  0.000001
115.755370  0.000001
115.775369  -0.000010
115.795368  -0.000020
115.815367  0.000001
115.835367  0.000001
115.855366  -0.000020
115.875365  0.000044
115.895364  0.000022
115.915363  0.000022
115.935363  0.000022
115.955362  0.000012
115.975361  0.000022
115.995360  0.000054
116.015359  0.000012
116.035359  -0.000010
116.055358  -0.000010
116.075357  -0.000010
116.095356  -0.000020
116.115355  -0.000010
116.135355  0.000001
116.155354  0.000022
116.175353  -0.000010
116.195352  0.000022
116.215351  0.000001
116.235351  0.000012
116.255350  0.000012
116.275349  -0.000020
116.295348  0.000001
116.315347  0.000022
116.335347  -0.000042
116.355346  -0.000010
116.375345  -0.000010
116.395344  -0.000020
116.415343  -0.000010
116.435343  0.000012
116.455342  -0.000010
116.475341  -0.000010
116.495340  0.000001
116.515339  0.000001
116.535339  0.000022
116.555338  0.000001
116.575337  -0.000010
116.595336  -0.000010
116.615335  -0.000020
116.635335  -0.000031
116.655334  0.000001
116.675333  -0.000020
116.695332  0.000022
116.715331  0.000022
116.735331  0.000022
116.755330  0.000001
116.775329  0.000022
116.795328  0.000022
116.815327  -0.000010
116.835327  -0.000042
116.855326  0.000001
116.875325  -0.000010
116.895324  0.000001
116.915323  -0.000010
116.935323  0.000001
116.955322  -0.000010
116.975321  0.000012
116.995320  -0.000010
117.015319  0.000001
117.035319  -0.000010
117.055318  0.000022
117.075317  0.000001
117.095316  0.000012
117.115315  0.000001
117.135315  0.000033
117.155314  0.000012
117.175313  0.000022
117.195312  -0.000010
117.215311  0.000001
117.235311  -0.000020
117.255310  -0.000010
117.275309  -0.000020
117.295308  0.000001
117.315307  -0.000010
117.335307  -0.000010
117.355306  0.000012
117.375305  -0.000010
117.395304  -0.000020
117.415303  -0.000042
117.435303  0.000012
117.455302  -0.000010
117.475301  0.000022
117.495300  0.000033
117.515299  0.000001
117.535299  0.000033
117.555298  0.000012
117.575297  0.000001
117.595296  0.000001
117.615295  0.000012
117.635295  -0.000010
117.655294  0.000033
117.675293  0.000022
117.695292  0.000001
117.715291  -0.000010
117.735291  0.000001
117.755290  0.000001
117.775289  0.000001
117.795288  0.000001
117.815287  0.000012
117.835287  0.000012
117.855286  -0.000010
117.875285  0.000022
117.895284  0.000001
117.915283  0.000001
117.935283  -0.000010
117.955282  -0.000020
117.975281  0.000001
117.995280  0.000012
118.015279  0.000012
118.035279  0.000001
118.055278  -0.000020
118.075277  -0.000020
118.095276  0.000001
118.115275  -0.000010
118.135275  0.000001
118.155274  0.000012
118.175273  0.000012
118.195272  0.000001
118.215271  -0.000020
118.235271  0.000022
118.255270  0.000001
118.275269  -0.000020
118.295268  0.000012
118.315267  0.000001
118.335267  0.000001
118.355266  0.000022
118.375265  -0.000010
118.395264  -0.000010
118.415263  -0.000020
118.435263  0.000001
118.455262  -0.000010
118.475261  -0.000010
118.495260  -0.000010
118.515259  0.000012
118.535259  0.000022
118.555258  -0.000010
118.575257  -0.000010
118.595256  0.000001
118.615255  -0.000010
118.635255  0.000012
118.655254  0.000012
118.675253  0.000044
118.695252  0.000022
118.715251  -0.000010
118.735251  0.000012
118.755250  0.000022
118.775249  -0.000031
118.795248  0.000012
118.815247  0.000012
118.835247  0.000012
118.855246  0.000001
118.875245  0.000022
118.895244  0.000001
118.915243  0.000022
118.935243  0.000012
118.955242  0.000001
118.975241  -0.000010
118.995240  0.000022
119.015239  -0.000010
119.035239  -0.000010
119.055238  0.000001
119.075237  -0.000020
119.095236  -0.000010
119.115235  -0.000010
119.135235  0.000033
119.155234  0.000012
119.175233  0.000001
119.195232  0.000001
119.215231  0.000012
119.235231  -0.000010
119.255230  0.000001
119.275229  0.000001
119.295228  -0.000010
119.315227  0.000044
119.335227  0.000001
119.355226  0.000012
119.375225  -0.000020
119.395224  0.000022
119.415223  0.000001
119.435223  0.000012
119.455222  0.000012
119.475221  0.000033
119.495220  0.000012
119.515219  0.000022
119.535219  0.000012
119.555218  -0.000010
119.575217  0.000001
119.595216  0.000022
119.615215  -0.000031
119.635215  -0.000020
119.655214  0.000001
119.675213  0.000001
119.695212  0.000022
119.715211  0.000001
119.735211  0.000012
119.755210  0.000033
119.775209  0.000012
119.795208  -0.000010
119.815207  0.000012
119.835207  0.000022
119.855206  0.000022
119.875205  -0.000010
119.895204  -0.000010
119.915203  0.000001
119.935203  0.000022
119.955202  -0.000010
119.975201  0.000022
119.995200  0.000012
120.015199  0.000012
120.035199  0.000033
120.055198  0.000001
120.075197  0.000012
120.095196  0.000012
120.115195  -0.000010
120.135195  -0.000010
120.155194  -0.000010
120.175193  0.000001
120.195192  0.000001
120.215191  -0.000010
120.235191  0.000022
120.255190  0.000022
120.275189  0.000022
120.295188  0.000033
120.315187  0.000022
120.335187  0.000012
120.355186  0.000012
120.375185  -0.000020
120.395184  0.000001
120.415183  -0.000020
120.435183  0.000012
120.455182  -0.000010
120.475181  0.000012
120.495180  0.000001
120.515179  -0.000010
120.535179  -0.000010
120.555178  0.000001
120.575177  0.000022
120.595176  0.000001
120.615175  0.000001
120.635175  -0.000010
120.655174  0.000012
120.675173  0.000022
120.695172  0.000001
120.715171  0.000012
120.735171  -0.000010
120.755170  0.000012
120.775169  0.000001
120.795168  0.000022
120.815167  0.000012
120.835167  0.000022
120.855166  -0.000010
120.875165  0.000012
120.895164  0.000012
120.915163  -0.000020
120.935163  0.000022
120.955162  -0.000010
120.975161  -0.000010
120.995160  0.000022
121.015159  0.000001
121.035159  0.000001
121.055158  -0.000010
121.075157  0.000001
121.095156  0.000022
121.115155  -0.000010
121.135155  0.000001
121.155154  0.000012
121.175153  0.000022
121.195152  0.000001
121.215151  0.000022
121.235151  0.000001
121.255150  0.000012
121.275149  0.000012
121.295148  -0.000020
121.315147  -0.000031
121.335147  0.000012
121.355146  0.000022
121.375145  0.000001
121.395144  0.000001
121.415143  -0.000020
121.435143  -0.000020
121.455142  0.000001
121.475141  0.000012
121.495140  -0.000020
121.515139  0.000022
121.535139  0.000022
121.555138  -0.000020
121.575137  -0.000042
121.595136  0.000001
121.615135  -0.000020
121.635135  0.000001
121.655134  0.000012
121.675133  0.000001
121.695132  0.000001
121.715131  0.000001
121.735131  0.000001
121.755130  0.000001
121.775129  0.000001
121.795128  -0.000010
121.815127  0.000001
121.835127  -0.000010
121.855126  0.000022
121.875125  0.000012
121.895124  0.000001
121.915123  0.000012
121.935123  -0.000020
121.955122  -0.000010
121.975121  -0.000020
121.995120  0.000044
122.015119  0.000022
122.035119  -0.000010
122.055118  -0.000031
122.075117  0.000012
122.095116  -0.000010
122.115115  0.000001
122.135115  0.000001
122.155114  -0.000010
122.175113  0.000044
122.195112  0.000001
122.215111  0.000022
122.235111  -0.000042
122.255110  0.000033
122.275109  0.000001
122.295108  0.000001
122.315107  -0.000020
122.335107  -0.000010
122.355106  0.000012
122.375105  -0.000020
122.395104  -0.000031
122.415103  0.000022
122.435103  0.000001
122.455102  -0.000010
122.475101  -0.000010
122.495100  0.000001
122.515099  -0.000010
122.535099  0.000001
122.555098  0.000012
122.575097  -0.000010
122.595096  -0.000020
122.615095  0.000033
122.635095  0.000033
122.655094  0.000022
122.675093  0.000001
122.695092  0.000012
122.715091  0.000022
122.735091  0.000033
122.755090  -0.000010
122.775089  0.000012
122.795088  0.000022
122.815087  0.000001
122.835087  0.000001
122.855086  -0.000010
122.875085  -0.000020
122.895084  0.000012
122.915083  -0.000020
122.935083  -0.000010
122.955082  -0.000020
122.975081  0.000033
122.995080  0.000022
123.015079  0.000033
123.035079  0.000001
123.055078  0.000001
123.075077  -0.000010
123.095076  0.000012
123.115075  -0.000010
123.135075  -0.000010
123.155074  -0.000020
123.175073  -0.000010
123.195072  0.000001
123.215071  0.000012
123.235071  0.000001
123.255070  -0.000031
123.275069  -0.000010
123.295068  0.000022
123.315067  0.000001
123.335067  0.000012
123.355066  0.000012
123.375065  0.000001
123.395064  0.000001
123.415063  0.000012
123.435063  -0.000020
123.455062  0.000012
123.475061  -0.000020
123.495060  0.000022
123.515059  0.000001
123.535059  -0.000010
123.555058  0.000001
123.575057  0.000022
123.595056  0.000033
123.615055  -0.000010
123.635055  -0.000010
123.655054  0.000022
123.675053  -0.000010
123.695052  0.000022
123.715051  0.000012
123.735051  0.000001
123.755050  -0.000010
123.775049  -0.000010
123.795048  0.000001
123.815047  -0.000010
123.835047  0.000022
123.855046  -0.000010
123.875045  -0.000010
123.895044  -0.000010
123.915043  0.000001
123.935043  0.000001
123.955042  0.000022
123.975041  -0.000010
123.995040  0.000001
124.015039  -0.000010
124.035039  -0.000010
124.055038  0.000001
124.075037  0.000012
124.095036  0.000001
124.115035  -0.000010
124.135035  0.000022
124.155034  0.000001
124.175033  0.000001
124.195032  0.000012
124.215031  0.000001
124.235031  0.000012
124.255030  -0.000010
124.275029  0.000022
124.295028  -0.000020
124.315027  0.000001
124.335027  0.000001
124.355026  0.000012
124.375025  0.000001
124.395024  0.000033
124.415023  0.000001
124.435023  0.000001
124.455022  -0.000020
124.475021  -0.000020
124.495020  -0.000031
124.515019  0.000012
124.535019  0.000022
124.555018  0.000012
124.575017  0.000022
124.595016  0.000001
124.615015  0.000022
124.635015  -0.000010
124.655014  0.000012
124.675013  0.000012
124.695012  0.000044
124.715011  -0.000020
124.735011  0.000012
124.755010  0.000001
124.775009  0.000012
124.795008  0.000001
124.815007  0.000022
124.835007  0.000022
124.855006  -0.000010
124.875005  -0.000020
124.895004  0.000012
124.915003  0.000012
124.935003  0.000001
124.955002  0.000001
124.975001  0.000012
124.995000  0.000012
125.014999  0.000001
125.034999  -0.000010
125.054998  0.000001
125.074997  0.000001
125.094996  -0.000020
125.114995  -0.000010
125.134995  -0.000020
125.154994  0.000012
125.174993  0.000012
125.194992  -0.000010
125.214991  0.000012
125.234991  0.000012
125.254990  0.000012
125.274989  0.000001
125.294988  0.000012
125.314987  -0.000020
125.334987  -0.000010
125.354986  0.000001
125.374985  0.000033
125.394984  0.000001
125.414983  0.000001
125.434983  -0.000010
125.454982  -0.000010
125.474981  0.000012
125.494980  -0.000020
125.514979  0.000001
125.534979  0.000001
125.554978  0.000022
125.574977  0.000033
125.594976  0.000012
125.614975  0.000001
125.634975  -0.000010
125.654974  0.000001
125.674973  0.000001
125.694972  -0.000010
125.714971  0.000012
125.734971  0.000001
125.754970  0.000022
125.774969  0.000012
125.794968  0.000001
125.814967  0.000022
125.834967  -0.000031
125.854966  -0.000010
125.874965  0.000001
125.894964  -0.000020
125.914963  0.000001
125.934963  0.000001
125.954962  0.000001
125.974961  -0.000010
125.994960  0.000001
126.014959  -0.000010
126.034959  -0.000010
126.054958  0.000001
126.074957  0.000033
126.094956  0.000012
126.114955  0.000001
126.134955  0.000001
126.154954  0.000033
126.174953  -0.000010
126.194952  -0.000031
126.214951  0.000022
126.234951  0.000001
126.254950  -0.000010
126.274949  0.000012
126.294948  -0.000031
126.314947  0.000001
126.334947  -0.000010
126.354946  0.000012
126.374945  -0.000020
126.394944  -0.000010
126.414943  -0.000020
126.434943  -0.000010
126.454942  -0.000020
126.474941  0.000012
126.494940  0.000012
126.514939  -0.000010
126.534939  0.000022
126.554938  -0.000010
126.574937  0.000001
126.594936  0.000001
126.614935  0.000001
126.634935  0.000022
126.654934  0.000001
126.674933  0.000022
126.694932  -0.000010
126.714931  -0.000010
126.734931  -0.000020
126.754930  0.000012
126.774929  0.000022
126.794928  -0.000042
126.814927  0.000022
126.834927  0.000001
126.854926  0.000012
126.874925  0.000001
126.894924  0.000012
126.914923  0.000012
126.934923  0.000001
126.954922  0.000001
126.974921  0.000001
126.994920  -0.000010
127.014919  0.000001
127.034919  -0.000010
127.054918  0.000001
127.074917  -0.000010
127.094916  -0.000010
127.114915  0.000001
127.134915  0.000033
127.154914  0.000033
127.174913  0.000001
127.194912  0.000001
127.214911  0.000012
127.234911  -0.000031
127.254910  0.000022
127.274909  -0.000010
127.294908  0.000001
127.314907  0.000022
127.334907  0.000001
127.354906  -0.000010
127.374905  0.000012
127.394904  0.000001
127.414903  0.000022
127.434903  -0.000020
127.454902  0.000022
127.474901  -0.000010
127.494900  0.000022
127.514899  -0.000010
127.534899  0.000022
127.554898  0.000022
127.574897  0.000001
127.594896  0.000012
127.614895  0.000012
127.634895  0.000012
127.654894  0.000001
127.674893  0.000033
127.694892  -0.000010
127.714891  0.000001
127.734891  0.000012
127.754890  -0.000010
127.774889  0.000033
127.794888  0.000012
127.814887  -0.000010
127.834887  0.000001
127.854886  0.000022
127.874885  -0.000010
127.894884  0.000044
127.914883  0.000033
127.934883  0.000012
127.954882  0.000022
127.974881  0.000033
127.994880  -0.000020
128.014879  0.000022
128.034879  -0.000010
128.054878  0.000022
128.074877  -0.000010
128.094876  0.000022
128.114875  0.000001
128.134875  -0.000010
128.154874  0.000022
128.174873  0.000001
128.194872  0.000001
128.214871  0.000012
128.234871  0.000001
128.254870  -0.000010
128.274869  0.000001
128.294868  0.000001
128.314867  0.000001
128.334867  0.000012
128.354866  -0.000020
128.374865  0.000022
128.394864  0.000001
128.414863  0.000022
128.434863  0.000022
128.454862  0.000012
128.474861  0.000022
128.494860  0.000012
128.514859  0.000022
128.534859  -0.000010
128.554858  -0.000031
128.574857  -0.000020
128.594856  0.000001
128.614855  0.000001
128.634855  -0.000010
128.654854  0.000033
128.674853  0.000012
128.694852  0.000044
128.714851  0.000012
128.734851  -0.000020
128.754850  0.000012
128.774849  0.000012
128.794848  0.000001
128.814847  0.000012
128.834847  -0.000010
128.854846  0.000022
128.874845  -0.000010
128.894844  0.000033
128.914843  0.000001
128.934843  0.000001
128.954842  0.000012
128.974841  0.000012
128.994840  0.000012
129.014839  0.000001
129.034839  0.000012
129.054838  -0.000010
129.074837  0.000012
129.094836  -0.000020
129.114835  -0.000010
129.134835  0.000022
129.154834  -0.000010
129.174833  0.000001
129.194832  0.000001
129.214831  0.000001
129.234831  0.000033
129.254830  0.000012
129.274829  0.000001
129.294828  -0.000010
129.314827  0.000022
129.334827  0.000001
129.354826  0.000001
129.374825  -0.000020
129.394824  0.000001
129.414823  0.000012
129.434823  -0.000020
129.454822  0.000012
129.474821  0.000022
129.494820  -0.000010
129.514819  -0.000052
129.534819  0.000044
129.554818  -0.000010
129.574817  -0.000010
129.594816  0.000022
129.614815  0.000044
129.634815  0.000022
129.654814  -0.000010
129.674813  0.000022
129.694812  -0.000010
129.714811  -0.000020
129.734811  0.000001
129.754810  0.000001
129.774809  0.000022
129.794808  0.000001
129.814807  0.000012
129.834807  -0.000010
129.854806  0.000001
129.874805  -0.000010
129.894804  0.000012
129.914803  0.000022
129.934803  -0.000020
129.954802  -0.000010
129.974801  0.000001
129.994800  -0.000031
130.014799  0.000022
130.034799  0.000012
130.054798  0.000001
130.074797  -0.000010
130.094796  0.000033
130.114795  0.000001
130.134795  -0.000010
130.154794  0.000012
130.174793  0.000012
130.194792  0.000012
130.214791  0.000001
130.234791  0.000001
130.254790  0.000001
130.274789  -0.000010
130.294788  0.000001
130.314787  0.000001
130.334787  0.000001
130.354786  0.000022
130.374785  0.000001
130.394784  -0.000020
130.414783  -0.000042
130.434783  0.000001
130.454782  0.000012
130.474781  -0.000020
130.494780  0.000001
130.514779  -0.000010
130.534779  0.000012
130.554778  0.000012
130.574777  -0.000031
130.594776  -0.000031
130.614775  0.000001
130.634775  0.000001
130.654774  -0.000020
130.674773  0.000001
130.694772  0.000001
130.714771  -0.000010
130.734771  0.000033
130.754770  -0.000010
130.774769  -0.000010
130.794768  -0.000010
130.814767  0.000001
130.834767  0.000012
130.854766  0.000001
130.874765  -0.000010
130.894764  -0.000010
130.914763  0.000022
130.934763  0.000022
130.954762  -0.000010
130.974761  0.000012
130.994760  0.000022
131.014759  0.000001
131.034759  0.000001
131.054758  0.000033
131.074757  -0.000020
131.094756  0.000022
131.114755  -0.000010
131.134755  -0.000010
131.154754  0.000022
131.174753  0.000054
131.194752  0.000001
131.214751  0.000022
131.234751  -0.000010
131.254750  -0.000020
131.274749  0.000022
131.294748  0.000044
131.314747  0.000001
131.334747  0.000012
131.354746  0.000012
131.374745  0.000012
131.394744  -0.000010
131.414743  0.000022
131.434743  0.000001
131.454742  0.000001
131.474741  0.000012
131.494740  0.000022
131.514739  0.000022
131.534739  -0.000031
131.554738  0.000001
131.574737  0.000022
131.594736  -0.000010
131.614735  -0.000020
131.634735  0.000022
131.654734  -0.000010
131.674733  -0.000010
131.694732  -0.000010
131.714731  -0.000010
131.734731  -0.000010
131.754730  -0.000010
131.774729  0.000033
131.794728  0.000001
131.814727  0.000001
131.834727  0.000001
131.854726  0.000012
131.874725  0.000022
131.894724  0.000001
131.914723  -0.000010
131.934723  0.000001
131.954722  0.000012
131.974721  0.000001
131.994720  0.000022
132.014719  -0.000020
132.034719  0.000001
132.054718  0.000001
132.074717  0.000012
132.094716  -0.000031
132.114715  0.000022
132.134715  0.000001
132.154714  0.000012
132.174713  0.000022
132.194712  0.000022
132.214711  0.000001
132.234711  0.000012
132.254710  0.000022
132.274709  -0.000010
132.294708  0.000001
132.314707  0.000001
132.334707  0.000012
132.354706  -0.000031
132.374705  -0.000020
132.394704  -0.000020
132.414703  0.000001
132.434703  0.000001
132.454702  -0.000020
132.474701  0.000012
132.494700  0.000001
132.514699  0.000012
132.534699  0.000001
132.554698  -0.000010
132.574697  0.000022
132.594696  0.000033
132.614695  0.000012
132.634695  0.000012
132.654694  -0.000042
132.674693  0.000022
132.694692  0.000012
132.714691  0.000001
132.734691  0.000012
132.754690  0.000001
132.774689  0.000022
132.794688  0.000001
132.814687  0.000012
132.834687  0.000022
132.854686  0.000001
132.874685  0.000012
132.894684  -0.000010
132.914683  0.000001
132.934683  -0.000010
132.954682  -0.000031
132.974681  -0.000020
132.994680  -0.000010
133.014679  0.000022
133.034679  -0.000010
133.054678  0.000022
133.074677  0.000012
133.094676  0.000022
133.114675  0.000022
133.134675  0.000022
133.154674  0.000012
133.174673  -0.000010
133.194672  0.000012
133.214671  -0.000020
133.234671  0.000022
133.254670  -0.000020
133.274669  0.000001
133.294668  -0.000010
133.314667  -0.000020
133.334667  -0.000010
133.354666  -0.000010
133.374665  0.000001
133.394664  0.000012
133.414663  0.000001
133.434663  0.000001
133.454662  0.000001
133.474661  0.000001
133.494660  -0.000010
133.514659  0.000012
133.534659  -0.000020
133.554658  -0.000010
133.574657  0.000001
133.594656  0.000001
133.614655  0.000012
133.634655  0.000022
133.654654  0.000022
133.674653  0.000001
133.694652  0.000001
133.714651  0.000033
133.734651  0.000022
133.754650  -0.000010
133.774649  0.000001
133.794648  0.000001
133.814647  0.000012
133.834647  0.000022
133.854646  0.000012
133.874645  -0.000020
133.894644  0.000022
133.914643  0.000001
133.934643  0.000012
133.954642  0.000012
133.974641  0.000012
133.994640  0.000022
134.014639  -0.000010
134.034639  0.000001
134.054638  0.000001
134.074637  0.000033
134.094636  -0.000010
134.114635  -0.000010
134.134635  -0.000010
134.154634  0.000022
134.174633  0.000001
134.194632  0.000001
134.214631  0.000022
134.234631  0.000012
134.254630  0.000033
134.274629  -0.000010
134.294628  0.000022
134.314627  0.000022
134.334627  -0.000010
134.354626  -0.000010
134.374625  0.000001
134.394624  0.000022
134.414623  0.000022
134.434623  -0.000020
134.454622  0.000033
134.474621  0.000022
134.494620  0.000022
134.514619  0.000012
134.534619  0.000022
134.554618  0.000033
134.574617  -0.000010
134.594616  0.000012
134.614615  0.000001
134.634615  0.000012
134.654614  -0.000031
134.674613  0.000001
134.694612  0.000033
134.714611  0.000001
134.734611  0.000001
134.754610  0.000012
134.774609  -0.000020
134.794608  0.000065
134.814607  0.000022
134.834607  0.000001
134.854606  0.000012
134.874605  0.000001
134.894604  0.000001
134.914603  0.000012
134.934603  0.000044
134.954602  0.000001
134.974601  0.000033
134.994600  -0.000010
135.014599  -0.000010
135.034599  0.000022
135.054598  0.000001
135.074597  0.000012
135.094596  0.000001
135.114595  -0.000020
135.134595  0.000022
135.154594  0.000001
135.174593  0.000001
135.194592  -0.000010
135.214591  -0.000031
135.234591  -0.000010
135.254590  0.000012
135.274589  0.000033
135.294588  -0.000010
135.314587  0.000012
135.334587  0.000012
135.354586  0.000022
135.374585  0.000012
135.394584  0.000012
135.414583  0.000001
135.434583  0.000022
135.454582  0.000022
135.474581  0.000001
135.494580  0.000001
135.514579  0.000022
135.534579  0.000001
135.554578  -0.000020
135.574577  -0.000010
135.594576  -0.000020
135.614575  0.000012
135.634575  0.000001
135.654574  0.000012
135.674573  0.000012
135.694572  -0.000020
135.714571  0.000001
135.734571  0.000001
135.754570  0.000001
135.774569  0.000001
135.794568  0.000001
135.814567  -0.000010
135.834567  0.000022
135.854566  0.000022
135.874565  0.000012
135.894564  0.000022
135.914563  -0.000010
135.934563  0.000001
135.954562  0.000022
135.974561  0.000012
135.994560  -0.000020
136.014559  0.000001
136.034559  0.000001
136.054558  0.000001
136.074557  -0.000010
136.094556  0.000022
136.114555  0.000001
136.134555  0.000001
136.154554  -0.000010
136.174553  -0.000020
136.194552  -0.000010
136.214551  0.000012
136.234551  0.000012
136.254550  0.000012
136.274549  0.000012
136.294548  0.000022
136.314547  -0.000020
136.334547  -0.000010
136.354546  -0.000010
136.374545  0.000022
136.394544  -0.000020
136.414543  0.000022
136.434543  0.000001
136.454542  -0.000010
136.474541  -0.000010
136.494540  -0.000042
136.514539  0.000001
136.534539  0.000012
136.554538  -0.000010
136.574537  0.000001
136.594536  -0.000010
136.614535  0.000022
136.634535  0.000012
136.654534  0.000001
136.674533  0.000022
136.694532  -0.000031
136.714531  0.000022
136.734531  0.000001
136.754530  0.000001
136.774529  0.000012
136.794528  0.000022
136.814527  0.000012
136.834527  0.000022
136.854526  0.000033
136.874525  0.000001
136.894524  0.000022
136.914523  0.000001
136.934523  0.000001
136.954522  0.000001
136.974521  0.000022
136.994520  0.000012
137.014519  0.000001
137.034519  -0.000020
137.054518  0.000022
137.074517  -0.000010
137.094516  0.000012
137.114515  -0.000010
137.134515  0.000001
137.154514  0.000001
137.174513  0.000044
137.194512  -0.000010
137.214511  0.000022
137.234511  0.000001
137.254510  0.000022
137.274509  0.000012
137.294508  0.000022
137.314507  -0.000010
137.334507  0.000001
137.354506  -0.000010
137.374505  0.000012
137.394504  0.000022
137.414503  0.000001
137.434503  -0.000010
137.454502  0.000001
137.474501  0.000022
137.494500  0.000022
137.514499  0.000001
137.534499  0.000012
137.554498  0.000012
137.574497  0.000022
137.594496  0.000012
137.614495  0.000012
137.634495  0.000001
137.654494  -0.000010
137.674493  0.000012
137.694492  0.000033
137.714491  0.000001
137.734491  0.000012
137.754490  0.000001
137.774489  -0.000010
137.794488  -0.000020
137.814487  -0.000010
137.834487  -0.000010
137.854486  -0.000010
137.874485  -0.000010
137.894484  0.000001
137.914483  0.000001
137.934483  0.000001
137.954482  -0.000010
137.974481  0.000001
137.994480  0.000001
138.014479  0.000001
138.034479  0.000001
138.054478  0.000022
138.074477  -0.000010
138.094476  0.000022
138.114475  -0.000020
138.134475  0.000001
138.154474  0.000001
138.174473  -0.000010
138.194472  -0.000020
138.214471  0.000001
138.234471  -0.000020
138.254470  -0.000010
138.274469  -0.000010
138.294468  0.000022
138.314467  0.000022
138.334467  0.000001
138.354466  -0.000010
138.374465  -0.000010
138.394464  0.000044
138.414463  0.000001
138.434463  0.000012
138.454462  -0.000020
138.474461  -0.000020
138.494460  0.000012
138.514459  0.000022
138.534459  0.000044
138.554458  -0.000010
138.574457  -0.000010
138.594456  -0.000031
138.614455  -0.000010
138.634455  0.000012
138.654454  0.000012
138.674453  -0.000010
138.694452  0.000001
138.714451  -0.000010
138.734451  0.000033
138.754450  -0.000042
138.774449  0.000001
138.794448  0.000001
138.814447  0.000033
138.834447  0.000022
138.854446  0.000022
138.874445  0.000012
138.894444  0.000001
138.914443  -0.000031
138.934443  0.000022
138.954442  0.000022
138.974441  0.000001
138.994440  0.000012
139.014439  -0.000010
139.034439  0.000001
139.054438  -0.000010
139.074437  0.000012
139.094436  -0.000020
139.114435  -0.000010
139.134435  -0.000010
139.154434  0.000001
139.174433  0.000001
139.194432  -0.000010
139.214431  -0.000031
139.234431  0.000001
139.254430  -0.000010
139.274429  0.000001
139.294428  0.000012
139.314427  0.000001
139.334427  0.000022
139.354426  -0.000042
139.374425  0.000033
139.394424  0.000012
139.414423  0.000012
139.434423  0.000022
139.454422  0.000022
139.474421  -0.000010
139.494420  -0.000020
139.514419  0.000022
139.534419  0.000012
139.554418  0.000012
139.574417  -0.000020
139.594416  -0.000020
139.614415  -0.000020
139.634415  0.000012
139.654414  0.000022
139.674413  0.000001
139.694412  0.000001
139.714411  0.000033
139.734411  -0.000010
139.754410  0.000001
139.774409  0.000001
139.794408  -0.000020
139.814407  0.000022
139.834407  0.000022
139.854406  -0.000020
139.874405  0.000001
139.894404  0.000012
139.914403  0.000012
139.934403  0.000022
139.954402  0.000033
139.974401  0.000012
139.994400  0.000022
140.014399  -0.000031
140.034399  0.000022
140.054398  -0.000010
140.074397  -0.000010
140.094396  0.000022
140.114395  -0.000020
140.134395  0.000001
140.154394  0.000001
140.174393  0.000012
140.194392  0.000033
140.214391  0.000001
140.234391  0.000012
140.254390  -0.000010
140.274389  0.000012
140.294388  -0.000010
140.314387  0.000012
140.334387  -0.000020
140.354386  -0.000010
140.374385  0.000001
140.394384  -0.000010
140.414383  -0.000010
140.434383  0.000022
140.454382  0.000012
140.474381  0.000012
140.494380  -0.000010
140.514379  -0.000010
140.534379  0.000012
140.554378  -0.000042
140.574377  0.000001
140.594376  0.000012
140.614375  -0.000010
140.634375  -0.000010
140.654374  0.000001
140.674373  0.000022
140.694372  0.000001
140.714371  0.000001
140.734371  0.000044
140.754370  0.000001
140.774369  0.000022
140.794368  0.000001
140.814367  0.000022
140.834367  0.000033
140.854366  0.000022
140.874365  -0.000020
140.894364  0.000022
140.914363  0.000001
140.934363  -0.000010
140.954362  -0.000010
140.974361  -0.000010
140.994360  0.000022
141.014359  0.000001
141.034359  0.000001
141.054358  -0.000010
141.074357  -0.000020
141.094356  0.000012
141.114355  0.000012
141.134355  0.000001
141.154354  0.000012
141.174353  -0.000010
141.194352  -0.000010
141.214351  0.000001
141.234351  0.000001
141.254350  0.000022
141.274349  0.000001
141.294348  0.000044
141.314347  0.000001
141.334347  -0.000020
141.354346  0.000001
141.374345  0.000022
141.394344  0.000022
141.414343  -0.000010
141.434343  0.000022
141.454342  -0.000010
141.474341  0.000001
141.494340  0.000033
141.514339  -0.000010
141.534339  0.000001
141.554338  0.000001
141.574337  0.000001
141.594336  0.000001
141.614335  0.000001
141.634335  0.000001
141.654334  -0.000020
141.674333  0.000012
141.694332  -0.000010
141.714331  0.000001
141.734331  -0.000010
141.754330  0.000022
141.774329  0.000001
141.794328  -0.000010
141.814327  0.000022
141.834327  0.000001
141.854326  0.000001
141.874325  0.000012
141.894324  0.000001
141.914323  0.000001
141.934323  0.000012
141.954322  0.000001
141.974321  0.000001
141.994320  0.000001
142.014319  0.000022
142.034319  0.000001
142.054318  0.000022
142.074317  0.000001
142.094316  0.000001
142.114315  0.000012
142.134315  0.000001
142.154314  0.000012
142.174313  0.000001
142.194312  0.000044
142.214311  0.000001
142.234311  0.000001
142.254310  -0.000010
142.274309  0.000001
142.294308  -0.000020
142.314307  0.000022
142.334307  0.000012
142.354306  0.000001
142.374305  0.000001
142.394304  0.000012
142.414303  0.000022
142.434303  0.000001
142.454302  0.000001
142.474301  0.000001
142.494300  -0.000010
142.514299  -0.000020
142.534299  0.000001
142.554298  0.000001
142.574297  0.000012
142.594296  0.000022
142.614295  0.000001
142.634295  -0.000010
142.654294  0.000012
142.674293  0.000012
142.694292  -0.000010
142.714291  0.000033
142.734291  0.000001
142.754290  0.000033
142.774289  -0.000010
142.794288  0.000012
142.814287  0.000022
142.834287  -0.000020
142.854286  0.000001
142.874285  0.000012
142.894284  0.000012
142.914283  0.000001
142.934283  0.000001
142.954282  0.000012
142.974281  0.000022
142.994280  -0.000010
143.014279  -0.000010
143.034279  0.000012
143.054278  -0.000010
143.074277  0.000001
143.094276  -0.000010
143.114275  -0.000010
143.134275  0.000001
143.154274  -0.000042
143.174273  0.000012
143.194272  -0.000020
143.214271  0.000012
143.234271  0.000012
143.254270  0.000012
143.274269  0.000001
143.294268  -0.000020
143.314267  -0.000020
143.334267  0.000022
143.354266  -0.000010
143.374265  0.000001
143.394264  0.000001
143.414263  0.000001
143.434263  0.000033
143.454262  0.000022
143.474261  0.000001
143.494260  -0.000020
143.514259  0.000012
143.534259  0.000012
143.554258  -0.000031
143.574257  -0.000010
143.594256  0.000012
143.614255  -0.000010
143.634255  -0.000010
143.654254  -0.000010
143.674253  0.000022
143.694252  0.000001
143.714251  0.000012
143.734251  0.000022
143.754250  -0.000031
143.774249  0.000001
143.794248  0.000001
143.814247  0.000001
143.834247  0.000001
143.854246  -0.000010
143.874245  0.000001
143.894244  0.000012
143.914243  0.000001
143.934243  0.000044
143.954242  0.000033
143.974241  0.000012
143.994240  0.000022
144.014239  0.000033
144.034239  0.000022
144.054238  0.000012
144.074237  0.000022
144.094236  -0.000020
144.114235  -0.000010
144.134235  0.000012
144.154234  -0.000010
144.174233  0.000022
144.194232  -0.000020
144.214231  0.000012
144.234231  0.000012
144.254230  0.000001
144.274229  -0.000010
144.294228  0.000022
144.314227  0.000001
144.334227  0.000012
144.354226  0.000001
144.374225  0.000001
144.394224  -0.000020
144.414223  -0.000020
144.434223  0.000001
144.454222  0.000001
144.474221  0.000012
144.494220  0.000001
144.514219  0.000001
144.534219  0.000012
144.554218  0.000012
144.574217  -0.000010
144.594216  -0.000010
144.614215  0.000001
144.634215  0.000022
144.654214  0.000012
144.674213  -0.000020
144.694212  -0.000010
144.714211  0.000022
144.734211  0.000001
144.754210  0.000001
144.774209  -0.000010
144.794208  0.000001
144.814207  0.000001
144.834207  0.000012
144.854206  -0.000020
144.874205  0.000022
144.894204  0.000001
144.914203  0.000022
144.934203  0.000001
144.954202  -0.000010
144.974201  0.000001
144.994200  -0.000010
145.014199  0.000022
145.034199  0.000022
145.054198  0.000001
145.074197  0.000012
145.094196  0.000022
145.114195  0.000001
145.134195  0.000001
145.154194  0.000001
145.174193  0.000001
145.194192  0.000001
145.214191  0.000012
145.234191  0.000022
145.254190  0.000012
145.274189  0.000001
145.294188  -0.000010
145.314187  0.000022
145.334187  0.000001
145.354186  0.000001
145.374185  0.000033
145.394184  0.000033
145.414183  0.000012
145.434183  0.000001
145.454182  0.000001
145.474181  0.000012
145.494180  0.000022
145.514179  0.000012
145.534179  0.000012
145.554178  -0.000010
145.574177  -0.000010
145.594176  -0.000031
145.614175  0.000001
145.634175  -0.000010
145.654174  -0.000010
145.674173  0.000022
145.694172  0.000022
145.714171  -0.000010
145.734171  0.000001
145.754170  -0.000031
145.774169  -0.000020
145.794168  0.000001
145.814167  0.000033
145.834167  0.000001
145.854166  0.000001
145.874165  0.000001
145.894164  0.000001
145.914163  0.000001
145.934163  0.000022
145.954162  0.000012
145.974161  -0.000010
145.994160  0.000012
146.014159  0.000033
146.034159  0.000022
146.054158  0.000012
146.074157  0.000001
146.094156  0.000001
146.114155  -0.000010
146.134155  -0.000020
146.154154  0.000033
146.174153  0.000012
146.194152  0.000001
146.214151  0.000022
146.234151  -0.000031
146.254150  -0.000020
146.274149  0.000012
146.294148  0.000022
146.314147  -0.000010
146.334147  0.000001
146.354146  0.000001
146.374145  -0.000010
146.394144  -0.000010
146.414143  0.000022
146.434143  0.000022
146.454142  0.000012
146.474141  0.000001
146.494140  -0.000010
146.514139  0.000012
146.534139  0.000001
146.554138  -0.000010
146.574137  -0.000010
146.594136  0.000001
146.614135  -0.000010
146.634135  -0.000010
146.654134  0.000001
146.674133  0.000022
146.694132  0.000012
146.714131  0.000012
146.734131  0.000033
146.754130  0.000001
146.774129  0.000022
146.794128  0.000001
146.814127  0.000001
146.834127  -0.000031
146.854126  0.000001
146.874125  -0.000010
146.894124  -0.000020
146.914123  -0.000010
146.934123  0.000001
146.954122  0.000001
146.974121  0.000012
146.994120  0.000022
147.014119  0.000033
147.034119  0.000012
147.054118  -0.000010
147.074117  -0.000020
147.094116  -0.000020
147.114115  0.000001
147.134115  0.000001
147.154114  0.000001
147.174113  0.000012
147.194112  -0.000010
147.214111  0.000001
147.234111  -0.000020
147.254110  0.000012
147.274109  0.000001
147.294108  -0.000010
147.314107  0.000001
147.334107  0.000001
147.354106  -0.000020
147.374105  -0.000010
147.394104  -0.000010
147.414103  0.000001
147.434103  0.000012
147.454102  -0.000010
147.474101  0.000022
147.494100  -0.000010
147.514099  0.000033
147.534099  0.000022
147.554098  0.000044
147.574097  0.000022
147.594096  -0.000020
147.614095  0.000022
147.634095  0.000001
147.654094  -0.000020
147.674093  -0.000020
147.694092  0.000012
147.714091  -0.000020
147.734091  0.000001
147.754090  -0.000010
147.774089  0.000001
147.794088  0.000012
147.814087  0.000022
147.834087  0.000022
147.854086  -0.000020
147.874085  0.000022
147.894084  -0.000010
147.914083  0.000001
147.934083  -0.000010
147.954082  0.000012
147.974081  -0.000020
147.994080  0.000001
148.014079  0.000022
148.034079  0.000001
148.054078  -0.000020
148.074077  0.000022
148.094076  0.000012
148.114075  0.000022
148.134075  -0.000010
148.154074  -0.000010
148.174073  -0.000010
148.194072  0.000022
148.214071  -0.000010
148.234071  0.000022
148.254070  -0.000010
148.274069  0.000001
148.294068  0.000012
148.314067  0.000012
148.334067  -0.000020
148.354066  0.000012
148.374065  -0.000010
148.394064  0.000012
148.414063  0.000001
148.434063  -0.000020
148.454062  0.000022
148.474061  0.000012
148.494060  0.000022
148.514059  0.000001
148.534059  0.000022
148.554058  0.000012
148.574057  -0.000010
148.594056  -0.000010
148.614055  0.000001
148.634055  0.000001
148.654054  0.000012
148.674053  0.000001
148.694052  -0.000010
148.714051  -0.000010
148.734051  0.000022
148.754050  -0.000020
148.774049  0.000001
148.794048  0.000001
148.814047  0.000012
148.834047  0.000012
148.854046  0.000022
148.874045  -0.000010
148.894044  0.000022
148.914043  0.000012
148.934043  -0.000010
148.954042  0.000012
148.974041  -0.000020
148.994040  0.000022
149.014039  0.000022
149.034039  -0.000020
149.054038  0.000001
149.074037  0.000022
149.094036  -0.000020
149.114035  0.000012
149.134035  0.000022
149.154034  0.000012
149.174033  0.000022
149.194032  0.000022
149.214031  0.000001
149.234031  0.000001
149.254030  0.000001
149.274029  -0.000010
149.294028  0.000001
149.314027  -0.000020
149.334027  0.000012
149.354026  0.000001
149.374025  0.000022
149.394024  0.000012
149.414023  0.000001
149.434023  0.000001
149.454022  0.000001
149.474021  0.000001
149.494020  0.000012
149.514019  0.000001
149.534019  0.000022
149.554018  0.000012
149.574017  0.000022
149.594016  0.000022
149.614015  0.000012
149.634015  0.000001
149.654014  -0.000020
149.674013  -0.000020
149.694012  0.000001
149.714011  0.000012
149.734011  0.000001
149.754010  0.000022
149.774009  0.000001
149.794008  0.000022
149.814007  0.000033
149.834007  0.000012
149.854006  0.000001
149.874005  0.000001
149.894004  0.000001
149.914003  -0.000063
149.934003  -0.000010
149.954002  0.000001
149.974001  0.000001
149.994000  -0.000020
150.013999  0.000001
150.033999  0.000001
150.053998  -0.000020
150.073997  0.000022
150.093996  0.000012
150.113995  -0.000010
150.133995  0.000001
150.153994  -0.000010
150.173993  0.000022
150.193992  0.000001
150.213991  -0.000010
150.233991  -0.000010
150.253990  0.000022
150.273989  0.000022
150.293988  -0.000010
150.313987  -0.000010
150.333987  0.000033
150.353986  -0.000010
150.373985  -0.000010
150.393984  -0.000010
150.413983  0.000022
150.433983  0.000001
150.453982  0.000001
150.473981  0.000012
150.493980  0.000033
150.513979  -0.000020
150.533979  0.000001
150.553978  0.000001
150.573977  0.000001
150.593976  -0.000010
150.613975  0.000001
150.633975  -0.000020
150.653974  -0.000010
150.673973  0.000001
150.693972  0.000001
150.713971  0.000012
150.733971  0.000012
150.753970  0.000012
150.773969  0.000012
150.793968  0.000012
150.813967  0.000001
150.833967  -0.000020
150.853966  0.000022
150.873965  0.000012
150.893964  0.000001
150.913963  -0.000010
150.933963  0.000022
150.953962  -0.000010
150.973961  0.000022
150.993960  -0.000010
151.013959  -0.000010
151.033959  -0.000010
151.053958  0.000001
151.073957  -0.000020
151.093956  0.000022
151.113955  -0.000010
151.133955  0.000022
151.153954  -0.000010
151.173953  0.000022
151.193952  -0.000010
151.213951  -0.000010
151.233951  0.000012
151.253950  0.000001
151.273949  0.000001
151.293948  0.000022
151.313947  0.000001
151.333947  0.000001
151.353946  0.000001
151.373945  0.000033
151.393944  0.000012
151.413943  0.000012
151.433943  0.000001
151.453942  0.000022
151.473941  0.000022
151.493940  -0.000010
151.513939  0.000012
151.533939  0.000022
151.553938  0.000022
151.573937  0.000001
151.593936  -0.000010
151.613935  0.000044
151.633935  0.000012
151.653934  0.000022
151.673933  0.000012
151.693932  -0.000010
151.713931  -0.000020
151.733931  0.000001
151.753930  -0.000010
151.773929  0.000001
151.793928  0.000022
151.813927  0.000033
151.833927  0.000012
151.853926  0.000022
151.873925  0.000001
151.893924  0.000022
151.913923  0.000001
151.933923  0.000001
151.953922  0.000022
151.973921  -0.000010
151.993920  0.000012
152.013919  -0.000010
152.033919  -0.000010
152.053918  0.000001
152.073917  0.000001
152.093916  0.000001
152.113915  0.000022
152.133915  0.000001
152.153914  0.000022
152.173913  0.000022
152.193912  0.000012
152.213911  0.000012
152.233911  0.000001
152.253910  0.000012
152.273909  -0.000020
152.293908  0.000001
152.313907  0.000001
152.333907  0.000001
152.353906  -0.000020
152.373905  0.000022
152.393904  -0.000010
152.413903  0.000012
152.433903  -0.000010
152.453902  0.000012
152.473901  -0.000010
152.493900  0.000001
152.513899  -0.000031
152.533899  0.000022
152.553898  0.000001
152.573897  0.000001
152.593896  0.000001
152.613895  0.000012
152.633895  -0.000010
152.653894  0.000022
152.673893  0.000001
152.693892  -0.000020
152.713891  0.000001
152.733891  0.000022
152.753890  0.000001
152.773889  0.000001
152.793888  0.000012
152.813887  0.000001
152.833887  0.000001
152.853886  0.000012
152.873885  0.000012
152.893884  0.000022
152.913883  0.000001
152.933883  -0.000020
152.953882  0.000001
152.973881  0.000001
152.993880  0.000012
153.013879  0.000001
153.033879  0.000001
153.053878  0.000001
153.073877  0.000012
153.093876  -0.000010
153.113875  0.000012
153.133875  0.000012
153.153874  -0.000010
153.173873  0.000033
153.193872  0.000001
153.213871  0.000001
153.233871  -0.000042
153.253870  0.000012
153.273869  0.000022
153.293868  -0.000010
153.313867  0.000001
153.333867  0.000001
153.353866  0.000001
153.373865  -0.000031
153.393864  0.000022
153.413863  0.000001
153.433863  0.000001
153.453862  -0.000010
153.473861  -0.000020
153.493860  0.000001
153.513859  0.000001
153.533859  0.000033
153.553858  0.000012
153.573857  0.000001
153.593856  0.000012
153.613855  -0.000010
153.633855  0.000012
153.653854  -0.000020
153.673853  -0.000010
153.693852  0.000012
153.713851  0.000012
153.733851  0.000001
153.753850  -0.000010
153.773849  0.000001
153.793848  0.000022
153.813847  0.000022
153.833847  0.000022
153.853846  0.000033
153.873845  -0.000010
153.893844  0.000001
153.913843  -0.000020
153.933843  -0.000031
153.953842  -0.000020
153.973841  0.000022
153.993840  0.000012
154.013839  0.000001
154.033839  0.000012
154.053838  0.000001
154.073837  0.000022
154.093836  0.000001
154.113835  -0.000010
154.133835  0.000022
154.153834  0.000022
154.173833  0.000001
154.193832  0.000033
154.213831  0.000001
154.233831  0.000012
154.253830  -0.000010
154.273829  -0.000010
154.293828  0.000022
154.313827  0.000022
154.333827  0.000012
154.353826  0.000044
154.373825  -0.000010
154.393824  0.000001
154.413823  0.000022
154.433823  -0.000010
154.453822  0.000022
154.473821  0.000001
154.493820  0.000001
154.513819  0.000022
154.533819  0.000022
154.553818  0.000022
154.573817  0.000001
154.593816  0.000001
154.613815  0.000001
154.633815  0.000001
154.653814  0.000001
154.673813  0.000001
154.693812  -0.000020
154.713811  0.000001
154.733811  0.000012
154.753810  0.000001
154.773809  0.000022
154.793808  -0.000010
154.813807  0.000001
154.833807  0.000012
154.853806  0.000012
154.873805  0.000022
154.893804  0.000001
154.913803  0.000022
154.933803  0.000001
154.953802  0.000022
154.973801  -0.000020
154.993800  -0.000010
155.013799  -0.000020
155.033799  -0.000020
155.053798  0.000001
155.073797  0.000022
155.093796  0.000001
155.113795  0.000012
155.133795  0.000022
155.153794  0.000001
155.173793  -0.000010
155.193792  0.000022
155.213791  -0.000020
155.233791  0.000012
155.253790  0.000001
155.273789  -0.000031
155.293788  0.000022
155.313787  0.000001
155.333787  0.000012
155.353786  0.000022
155.373785  0.000022
155.393784  0.000012
155.413783  0.000001
155.433783  0.000022
155.453782  -0.000010
155.473781  0.000012
155.493780  0.000012
155.513779  0.000001
155.533779  0.000001
155.553778  0.000033
155.573777  -0.000020
155.593776  -0.000020
155.613775  -0.000010
155.633775  -0.000010
155.653774  0.000001
155.673773  -0.000010
155.693772  -0.000010
155.713771  0.000022
155.733771  -0.000020
155.753770  0.000001
155.773769  -0.000020
155.793768  -0.000010
155.813767  0.000001
155.833767  -0.000010
155.853766  0.000001
155.873765  0.000001
155.893764  -0.000020
155.913763  0.000001
155.933763  0.000022
155.953762  0.000012
155.973761  0.000012
155.993760  0.000012
156.013759  0.000001
156.033759  0.000022
156.053758  0.000012
156.073757  -0.000020
156.093756  0.000012
156.113755  0.000001
156.133755  -0.000020
156.153754  0.000022
156.173753  0.000022
156.193752  -0.000010
156.213751  -0.000010
156.233751  0.000001
156.253750  0.000022
156.273749  0.000012
156.293748  0.000012
156.313747  0.000012
156.333747  0.000022
156.353746  -0.000010
156.373745  -0.000010
156.393744  0.000022
156.413743  -0.000020
156.433743  0.000001
156.453742  0.000012
156.473741  -0.000010
156.493740  -0.000010
156.513739  0.000001
156.533739  0.000001
156.553738  -0.000010
156.573737  -0.000010
156.593736  -0.000010
156.613735  -0.000010
156.633735  0.000012
156.653734  0.000001
156.673733  0.000012
156.693732  -0.000010
156.713731  -0.000031
156.733731  0.000001
156.753730  0.000001
156.773729  0.000001
156.793728  0.000012
156.813727  -0.000010
156.833727  0.000022
156.853726  -0.000010
156.873725  -0.000010
156.893724  0.000022
156.913723  0.000022
156.933723  0.000022
156.953722  0.000001
156.973721  0.000001
156.993720  0.000001
157.013719  -0.000010
157.033719  0.000022
157.053718  0.000001
157.073717  -0.000010
157.093716  -0.000020
157.113715  0.000001
157.133715  0.000012
157.153714  0.000012
157.173713  -0.000010
157.193712  -0.000010
157.213711  -0.000010
157.233711  0.000012
157.253710  -0.000020
157.273709  0.000001
157.293708  -0.000010
157.313707  0.000001
157.333707  0.000001
157.353706  0.000012
157.373705  0.000001
157.393704  -0.000010
157.413703  0.000012
157.433703  0.000012
157.453702  0.000022
157.473701  0.000001
157.493700  0.000022
157.513699  0.000012
157.533699  0.000001
157.553698  0.000001
157.573697  0.000012
157.593696  0.000001
157.613695  0.000022
157.633695  -0.000010
157.653694  0.000012
157.673693  -0.000010
157.693692  0.000012
157.713691  0.000022
157.733691  -0.000010
157.753690  0.000022
157.773689  0.000001
157.793688  -0.000010
157.813687  0.000001
157.833687  -0.000042
157.853686  -0.000020
157.873685  -0.000020
157.893684  0.000001
157.913683  0.000012
157.933683  0.000001
157.953682  0.000001
157.973681  -0.000020
157.993680  0.000022
158.013679  -0.000010
158.033679  0.000001
158.053678  0.000001
158.073677  -0.000020
158.093676  0.000022
158.113675  -0.000020
158.133675  0.000001
158.153674  0.000022
158.173673  -0.000020
158.193672  -0.000020
158.213671  0.000012
158.233671  0.000001
158.253670  0.000022
158.273669  0.000001
158.293668  0.000001
158.313667  0.000001
158.333667  -0.000010
158.353666  -0.000020
158.373665  0.000001
158.393664  -0.000020
158.413663  -0.000010
158.433663  0.000012
158.453662  0.000001
158.473661  0.000022
158.493660  0.000001
158.513659  -0.000020
158.533659  -0.000031
158.553658  -0.000010
158.573657  0.000022
158.593656  0.000022
158.613655  0.000022
158.633655  0.000001
158.653654  0.000012
158.673653  0.000001
158.693652  0.000001
158.713651  0.000012
158.733651  0.000001
158.753650  0.000001
158.773649  0.000012
158.793648  0.000001
158.813647  0.000022
158.833647  -0.000042
158.853646  0.000001
158.873645  -0.000020
158.893644  0.000001
158.913643  -0.000020
158.933643  0.000001
158.953642  0.000001
158.973641  0.000012
158.993640  0.000022
159.013639  -0.000020
159.033639  0.000001
159.053638  -0.000010
159.073637  0.000001
159.093636  0.000001
159.113635  -0.000010
159.133635  -0.000020
159.153634  -0.000020
159.173633  0.000033
159.193632  -0.000010
159.213631  0.000012
159.233631  -0.000010
159.253630  0.000001
159.273629  0.000001
159.293628  0.000012
159.313627  0.000012
159.333627  0.000001
159.353626  0.000012
159.373625  0.000012
159.393624  -0.000010
159.413623  -0.000020
159.433623  0.000001
159.453622  -0.000010
159.473621  0.000001
159.493620  0.000012
159.513619  0.000012
159.533619  -0.000020
159.553618  0.000012
159.573617  -0.000010
159.593616  0.000022
159.613615  0.000012
159.633615  0.000001
159.653614  0.000001
159.673613  0.000012
159.693612  0.000022
159.713611  -0.000020
159.733611  0.000012
159.753610  -0.000010
159.773609  -0.000010
159.793608  0.000001
159.813607  0.000001
159.833607  -0.000010
159.853606  -0.000031
159.873605  -0.000010
159.893604  0.000001
159.913603  0.000012
159.933603  0.000001
159.953602  0.000001
159.973601  -0.000010
159.993600  -0.000020
160.013599  -0.000010
160.033599  -0.000031
160.053598  -0.000010
160.073597  0.000001
160.093596  -0.000010
160.113595  0.000012
160.133595  0.000001
160.153594  0.000001
160.173593  -0.000020
160.193592  0.000012
160.213591  -0.000020
160.233591  0.000044
160.253590  0.000022
160.273589  0.000001
160.293588  0.000012
160.313587  0.000022
160.333587  0.000033
160.353586  0.000022
160.373585  0.000022
160.393584  0.000001
160.413583  0.000001
160.433583  0.000012
160.453582  -0.000010
160.473581  0.000001
160.493580  0.000001
160.513579  -0.000010
160.533579  0.000001
160.553578  -0.000020
160.573577  0.000012
160.593576  -0.000010
160.613575  0.000001
160.633575  0.000012
160.653574  0.000022
160.673573  0.000022
160.693572  0.000012
160.713571  0.000022
160.733571  0.000001
160.753570  -0.000010
160.773569  0.000001
160.793568  -0.000010
160.813567  0.000001
160.833567  0.000001
160.853566  0.000001
160.873565  -0.000010
160.893564  0.000012
160.913563  -0.000010
160.933563  0.000022
160.953562  -0.000020
160.973561  0.000012
160.993560  0.000001
161.013559  -0.000020
161.033559  -0.000031
161.053558  -0.000031
161.073557  -0.000010
161.093556  -0.000010
161.113555  0.000022
161.133555  0.000012
161.153554  -0.000010
161.173553  -0.000031
161.193552  0.000001
161.213551  0.000001
161.233551  0.000001
161.253550  0.000022
161.273549  0.000001
161.293548  0.000022
161.313547  -0.000010
161.333547  0.000001
161.353546  0.000012
161.373545  0.000001
161.393544  0.000012
161.413543  -0.000010
161.433543  -0.000010
161.453542  0.000001
161.473541  -0.000020
161.493540  0.000012
161.513539  -0.000010
161.533539  -0.000010
161.553538  0.000012
161.573537  0.000001
161.593536  -0.000010
161.613535  -0.000010
161.633535  0.000012
161.653534  0.000022
161.673533  0.000012
161.693532  0.000054
161.713531  0.000033
161.733531  0.000001
161.753530  0.000001
161.773529  0.000012
161.793528  -0.000010
161.813527  0.000001
161.833527  -0.000010
161.853526  0.000001
161.873525  -0.000020
161.893524  0.000001
161.913523  0.000001
161.933523  0.000001
161.953522  0.000001
161.973521  -0.000010
161.993520  0.000022
162.013519  0.000012
162.033519  0.000001
162.053518  0.000012
162.073517  0.000022
162.093516  -0.000010
162.113515  0.000012
162.133515  0.000001
162.153514  -0.000010
162.173513  -0.000010
162.193512  0.000001
162.213511  -0.000010
162.233511  0.000001
162.253510  0.000033
162.273509  -0.000020
162.293508  -0.000010
162.313507  0.000001
162.333507  -0.000010
162.353506  0.000022
162.373505  0.000012
162.393504  0.000012
162.413503  0.000012
162.433503  0.000001
162.453502  0.000012
162.473501  -0.000020
162.493500  -0.000020
162.513499  0.000001
162.533499  0.000012
162.553498  0.000012
162.573497  0.000022
162.593496  0.000012
162.613495  0.000012
162.633495  0.000022
162.653494  0.000001
162.673493  0.000033
162.693492  0.000012
162.713491  0.000001
162.733491  0.000012
162.753490  0.000001
162.773489  -0.000010
162.793488  0.000022
162.813487  -0.000010
162.833487  0.000022
162.853486  0.000001
162.873485  -0.000010
162.893484  0.000001
162.913483  0.000012
162.933483  -0.000020
162.953482  -0.000031
162.973481  -0.000020
162.993480  0.000012
163.013479  -0.000020
163.033479  -0.000010
163.053478  0.000012
163.073477  0.000001
163.093476  0.000022
163.113475  0.000022
163.133475  0.000001
163.153474  0.000022
163.173473  0.000022
163.193472  -0.000010
163.213471  -0.000010
163.233471  0.000033
163.253470  0.000001
163.273469  0.000022
163.293468  0.000022
163.313467  -0.000010
163.333467  0.000001
163.353466  0.000033
163.373465  0.000022
163.393464  -0.000010
163.413463  0.000001
163.433463  -0.000010
163.453462  0.000001
163.473461  0.000022
163.493460  -0.000020
163.513459  0.000001
163.533459  0.000001
163.553458  0.000001
163.573457  0.000012
163.593456  0.000022
163.613455  0.000001
163.633455  0.000022
163.653454  -0.000010
163.673453  0.000022
163.693452  -0.000031
163.713451  0.000001
163.733451  0.000033
163.753450  0.000001
163.773449  0.000001
163.793448  0.000012
163.813447  -0.000010
163.833447  -0.000020
163.853446  -0.000010
163.873445  0.000033
163.893444  0.000001
163.913443  0.000022
163.933443  -0.000020
163.953442  -0.000010
163.973441  0.000022
163.993440  0.000022
164.013439  0.000012
164.033439  0.000022
164.053438  0.000001
164.073437  0.000001
164.093436  -0.000020
164.113435  0.000012
164.133435  0.000001
164.153434  0.000001
164.173433  -0.000010
164.193432  0.000022
164.213431  0.000022
164.233431  0.000033
164.253430  0.000001
164.273429  -0.000010
164.293428  0.000001
164.313427  0.000001
164.333427  0.000022
164.353426  0.000012
164.373425  0.000044
164.393424  -0.000010
164.413423  0.000001
164.433423  0.000022
164.453422  0.000054
164.473421  0.000022
164.493420  0.000022
164.513419  0.000012
164.533419  -0.000010
164.553418  -0.000010
164.573417  -0.000020
164.593416  0.000001
164.613415  -0.000020
164.633415  -0.000010
164.653414  -0.000010
164.673413  -0.000010
164.693412  0.000022
164.713411  0.000012
164.733411  0.000012
164.753410  0.000022
164.773409  -0.000010
164.793408  0.000022
164.813407  0.000033
164.833407  0.000001
164.853406  -0.000010
164.873405  0.000001
164.893404  0.000001
164.913403  -0.000020
164.933403  0.000001
164.953402  0.000001
164.973401  0.000001
164.993400  -0.000010
165.013399  0.000001
165.033399  0.000022
165.053398  0.000012
165.073397  -0.000010
165.093396  -0.000010
165.113395  0.000022
165.133395  0.000033
165.153394  0.000033
165.173393  -0.000010
165.193392  0.000022
165.213391  0.000001
165.233391  0.000001
165.253390  0.000001
165.273389  0.000001
165.293388  0.000012
165.313387  -0.000010
165.333387  0.000001
165.353386  0.000001
165.373385  0.000022
165.393384  0.000012
165.413383  0.000022
165.433383  0.000001
165.453382  -0.000031
165.473381  -0.000010
165.493380  -0.000010
165.513379  -0.000010
165.533379  0.000001
165.553378  0.000001
165.573377  0.000033
165.593376  0.000022
165.613375  -0.000010
165.633375  -0.000020
165.653374  0.000033
165.673373  0.000001
165.693372  0.000001
165.713371  0.000012
165.733371  0.000012
165.753370  0.000001
165.773369  -0.000010
165.793368  0.000012
165.813367  0.000001
165.833367  0.000001
165.853366  0.000001
165.873365  0.000044
165.893364  0.000012
165.913363  0.000012
165.933363  0.000001
165.953362  -0.000010
165.973361  0.000001
165.993360  0.000001
166.013359  0.000001
166.033359  0.000001
166.053358  0.000001
166.073357  0.000001
166.093356  0.000001
166.113355  0.000001
166.133355  0.000001
166.153354  0.000001
166.173353  0.000001
166.193352  -0.000031
166.213351  -0.000010
166.233351  0.000001
166.253350  0.000001
166.273349  0.000012
166.293348  -0.000042
166.313347  0.000001
166.333347  0.000033
166.353346  -0.000010
166.373345  0.000012
166.393344  -0.000020
166.413343  0.000022
166.433343  0.000001
166.453342  -0.000010
166.473341  0.000012
166.493340  0.000001
166.513339  0.000012
166.533339  0.000033
166.553338  0.000022
166.573337  0.000001
166.593336  0.000012
166.613335  -0.000010
166.633335  -0.000010
166.653334  0.000001
166.673333  0.000001
166.693332  -0.000010
166.713331  0.000033
166.733331  -0.000020
166.753330  -0.000031
166.773329  -0.000010
166.793328  0.000012
166.813327  0.000033
166.833327  0.000022
166.853326  0.000012
166.873325  0.000022
166.893324  0.000022
166.913323  0.000012
166.933323  0.000012
166.953322  0.000012
166.973321  -0.000031
166.993320  0.000012
167.013319  0.000022
167.033319  -0.000010
167.053318  0.000022
167.073317  0.000001
167.093316  0.000022
167.113315  0.000012
167.133315  0.000022
167.153314  0.000001
167.173313  0.000012
167.193312  0.000012
167.213311  0.000001
167.233311  0.000001
167.253310  0.000012
167.273309  0.000012
167.293308  0.000001
167.313307  -0.000020
167.333307  -0.000010
167.353306  -0.000020
167.373305  0.000022
167.393304  0.000012
167.413303  0.000012
167.433303  0.000012
167.453302  0.000022
167.473301  0.000033
167.493300  0.000012
167.513299  0.000012
167.533299  0.000001
167.553298  0.000012
167.573297  -0.000020
167.593296  0.000001
167.613295  0.000001
167.633295  -0.000010
167.653294  0.000001
167.673293  0.000012
167.693292  -0.000010
167.713291  -0.000031
167.733291  0.000022
167.753290  0.000001
167.773289  0.000001
167.793288  0.000012
167.813287  0.000022
167.833287  0.000022
167.853286  0.000001
167.873285  0.000001
167.893284  -0.000010
167.913283  0.000012
167.933283  -0.000010
167.953282  -0.000020
167.973281  0.000001
167.993280  0.000012
168.013279  0.000044
168.033279  0.000012
168.053278  0.000033
168.073277  -0.000020
168.093276  0.000022
168.113275  0.000022
168.133275  -0.000010
168.153274  -0.000020
168.173273  0.000012
168.193272  -0.000010
168.213271  0.000033
168.233271  0.000022
168.253270  -0.000010
168.273269  -0.000010
168.293268  0.000033
168.313267  0.000001
168.333267  0.000012
168.353266  0.000022
168.373265  0.000012
168.393264  0.000001
168.413263  -0.000020
168.433263  0.000012
168.453262  0.000022
168.473261  0.000001
168.493260  -0.000010
168.513259  -0.000042
168.533259  0.000012
168.553258  0.000022
168.573257  0.000012
168.593256  -0.000020
168.613255  -0.000010
168.633255  -0.000020
168.653254  -0.000010
168.673253  -0.000020
168.693252  -0.000010
168.713251  0.000001
168.733251  -0.000042
168.753250  0.000001
168.773249  0.000012
168.793248  -0.000010
168.813247  -0.000010
168.833247  0.000012
168.853246  0.000022
168.873245  0.000033
168.893244  0.000022
168.913243  -0.000010
168.933243  0.000022
168.953242  -0.000020
168.973241  0.000012
168.993240  0.000012
169.013239  0.000001
169.033239  0.000001
169.053238  0.000022
169.073237  0.000001
169.093236  0.000033
169.113235  -0.000010
169.133235  0.000001
169.153234  0.000001
169.173233  0.000012
169.193232  0.000022
169.213231  0.000012
169.233231  0.000001
169.253230  0.000012
169.273229  -0.000010
169.293228  0.000033
169.313227  0.000022
169.333227  -0.000010
169.353226  0.000001
169.373225  0.000033
169.393224  0.000001
169.413223  -0.000020
169.433223  0.000022
169.453222  0.000001
169.473221  0.000022
169.493220  0.000012
169.513219  0.000001
169.533219  -0.000010
169.553218  -0.000010
169.573217  0.000001
169.593216  -0.000010
169.613215  0.000001
169.633215  -0.000010
169.653214  0.000001
169.673213  0.000012
169.693212  -0.000020
169.713211  0.000022
169.733211  0.000012
169.753210  0.000022
169.773209  0.000033
169.793208  0.000001
169.813207  0.000001
169.833207  -0.000010
169.853206  -0.000010
169.873205  0.000012
169.893204  0.000012
169.913203  0.000022
169.933203  0.000001
169.953202  0.000022
169.973201  -0.000031
169.993200  -0.000010
170.013199  0.000012
170.033199  -0.000031
170.053198  -0.000010
170.073197  0.000022
170.093196  0.000033
170.113195  -0.000010
170.133195  0.000001
170.153194  0.000001
170.173193  0.000001
170.193192  0.000012
170.213191  0.000022
170.233191  0.000022
170.253190  -0.000010
170.273189  0.000022
170.293188  0.000001
170.313187  0.000022
170.333187  0.000001
170.353186  -0.000010
170.373185  -0.000010
170.393184  0.000022
170.413183  -0.000031
170.433183  0.000022
170.453182  0.000001
170.473181  0.000012
170.493180  0.000022
170.513179  0.000001
170.533179  0.000001
170.553178  0.000001
170.573177  -0.000031
170.593176  0.000012
170.613175  0.000012
170.633175  0.000012
170.653174  -0.000010
170.673173  0.000022
170.693172  -0.000010
170.713171  0.000012
170.733171  0.000022
170.753170  0.000001
170.773169  -0.000020
170.793168  0.000001
170.813167  0.000001
170.833167  -0.000020
170.853166  0.000012
170.873165  -0.000010
170.893164  -0.000010
170.913163  -0.000010
170.933163  0.000001
170.953162  0.000001
170.973161  0.000012
170.993160  0.000022
171.013159  -0.000010
171.033159  -0.000020
171.053158  0.000012
171.073157  0.000012
171.093156  -0.000010
171.113155  0.000001
171.133155  -0.000031
171.153154  0.000001
171.173153  -0.000010
171.193152  0.000012
171.213151  0.000022
171.233151  -0.000020
171.253150  0.000001
171.273149  0.000001
171.293148  0.000001
171.313147  0.000001
171.333147  0.000012
171.353146  0.000022
171.373145  -0.000010
171.393144  -0.000010
171.413143  -0.000020
171.433143  0.000001
171.453142  0.000001
171.473141  0.000022
171.493140  0.000001
171.513139  -0.000010
171.533139  -0.000010
171.553138  0.000001
171.573137  0.000033
171.593136  0.000012
171.613135  0.000012
171.633135  0.000033
171.653134  0.000001
171.673133  0.000001
171.693132  0.000022
171.713131  -0.000010
171.733131  0.000012
171.753130  -0.000020
171.773129  -0.000010
171.793128  0.000012
171.813127  0.000022
171.833127  0.000001
171.853126  0.000012
171.873125  0.000012
171.893124  0.000022
171.913123  0.000001
171.933123  0.000012
171.953122  0.000012
171.973121  -0.000031
171.993120  0.000033
172.013119  -0.000020
172.033119  0.000012
172.053118  0.000001
172.073117  0.000012
172.093116  0.000001
172.113115  0.000033
172.133115  -0.000010
172.153114  0.000001
172.173113  -0.000010
172.193112  0.000001
172.213111  0.000022
172.233111  0.000001
172.253110  0.000001
172.273109  0.000001
172.293108  0.000012
172.313107  0.000001
172.333107  0.000012
172.353106  0.000012
172.373105  0.000012
172.393104  0.000022
172.413103  0.000012
172.433103  0.000022
172.453102  0.000022
172.473101  0.000012
172.493100  -0.000010
172.513099  0.000022
172.533099  0.000001
172.553098  0.000022
172.573097  0.000001
172.593096  0.000022
172.613095  -0.000010
172.633095  -0.000020
172.653094  0.000012
172.673093  0.000001
172.693092  0.000012
172.713091  -0.000020
172.733091  -0.000010
172.753090  0.000022
172.773089  -0.000010
172.793088  0.000001
172.813087  0.000012
172.833087  -0.000010
172.853086  -0.000010
172.873085  -0.000010
172.893084  0.000001
172.913083  0.000001
172.933083  -0.000010
172.953082  0.000001
172.973081  0.000022
172.993080  0.000001
173.013079  -0.000010
173.033079  -0.000020
173.053078  0.000012
173.073077  -0.000010
173.093076  0.000001
173.113075  0.000001
173.133075  -0.000020
173.153074  0.000012
173.173073  0.000022
173.193072  0.000001
173.213071  0.000001
173.233071  -0.000010
173.253070  0.000012
173.273069  -0.000010
173.293068  0.000001
173.313067  0.000022
173.333067  0.000001
173.353066  -0.000010
173.373065  -0.000010
173.393064  0.000012
173.413063  -0.000010
173.433063  0.000033
173.453062  0.000033
173.473061  -0.000010
173.493060  0.000001
173.513059  0.000033
173.533059  0.000022
173.553058  -0.000010
173.573057  0.000001
173.593056  -0.000010
173.613055  -0.000010
173.633055  -0.000010
173.653054  0.000033
173.673053  0.000033
173.693052  0.000012
173.713051  0.000001
173.733051  0.000022
173.753050  -0.000010
173.773049  -0.000010
173.793048  0.000012
173.813047  0.000022
173.833047  -0.000010
173.853046  0.000012
173.873045  0.000001
173.893044  0.000022
173.913043  -0.000010
173.933043  0.000012
173.953042  -0.000010
173.973041  0.000012
173.993040  0.000022
174.013039  0.000022
174.033039  0.000001
174.053038  -0.000010
174.073037  -0.000010
174.093036  -0.000010
174.113035  -0.000010
174.133035  0.000001
174.153034  -0.000020
174.173033  0.000012
174.193032  0.000012
174.213031  0.000012
174.233031  0.000001
174.253030  0.000022
174.273029  0.000012
174.293028  -0.000020
174.313027  -0.000010
174.333027  0.000033
174.353026  0.000012
174.373025  0.000022
174.393024  -0.000020
174.413023  0.000001
174.433023  -0.000020
174.453022  0.000012
174.473021  -0.000010
174.493020  -0.000010
174.513019  -0.000010
174.533019  0.000001
174.553018  0.000001
174.573017  0.000022
174.593016  0.000022
174.613015  0.000012
174.633015  0.000001
174.653014  -0.000031
174.673013  -0.000031
174.693012  0.000022
174.713011  0.000022
174.733011  -0.000020
174.753010  0.000001
174.773009  0.000001
174.793008  0.000001
174.813007  0.000022
174.833007  0.000001
174.853006  0.000012
174.873005  0.000001
174.893004  0.000012
174.913003  0.000054
174.933003  0.000022
174.953002  -0.000020
174.973001  0.000022
174.993000  -0.000020
175.012999  0.000012
175.032999  0.000001
175.052998  -0.000010
175.072997  0.000001
175.092996  0.000012
175.112995  0.000033
175.132995  0.000012
175.152994  0.000022
175.172993  -0.000020
175.192992  0.000001
175.212991  0.000001
175.232991  0.000012
175.252990  0.000001
175.272989  0.000001
175.292988  -0.000010
175.312987  0.000012
175.332987  -0.000010
175.352986  0.000001
175.372985  0.000001
175.392984  -0.000010
175.412983  0.000012
175.432983  0.000012
175.452982  -0.000031
175.472981  0.000001
175.492980  0.000033
175.512979  -0.000010
175.532979  0.000044
175.552978  -0.000020
175.572977  -0.000010
175.592976  -0.000010
175.612975  0.000012
175.632975  0.000001
175.652974  -0.000010
175.672973  0.000001
175.692972  0.000001
175.712971  0.000012
175.732971  -0.000020
175.752970  -0.000010
175.772969  0.000022
175.792968  0.000012
175.812967  0.000022
175.832967  -0.000010
175.852966  0.000012
175.872965  0.000001
175.892964  -0.000020
175.912963  0.000012
175.932963  -0.000020
175.952962  0.000001
175.972961  0.000001
175.992960  0.000001
176.012959  -0.000031
176.032959  0.000012
176.052958  0.000001
176.072957  -0.000020
176.092956  0.000012
176.112955  0.000022
176.132955  -0.000020
176.152954  0.000001
176.172953  0.000012
176.192952  -0.000031
176.212951  0.000012
176.232951  0.000001
176.252950  0.000001
176.272949  0.000001
176.292948  -0.000010
176.312947  -0.000010
176.332947  0.000033
176.352946  -0.000010
176.372945  -0.000010
176.392944  0.000001
176.412943  0.000001
176.432943  0.000012
176.452942  -0.000020
176.472941  0.000022
176.492940  0.000033
176.512939  0.000001
176.532939  0.000001
176.552938  0.000001
176.572937  0.000022
176.592936  0.000001
176.612935  -0.000020
176.632935  -0.000031
176.652934  0.000001
176.672933  0.000001
176.692932  -0.000010
176.712931  0.000001
176.732931  -0.000010
176.752930  -0.000010
176.772929  0.000001
176.792928  -0.000010
176.812927  -0.000020
176.832927  0.000001
176.852926  -0.000031
176.872925  0.000022
176.892924  -0.000010
176.912923  -0.000010
176.932923  -0.000010
176.952922  0.000044
176.972921  -0.000010
176.992920  0.000001
177.012919  -0.000020
177.032919  0.000012
177.052918  -0.000020
177.072917  0.000022
177.092916  0.000001
177.112915  0.000012
177.132915  -0.000020
177.152914  -0.000010
177.172913  0.000001
177.192912  0.000001
177.212911  0.000022
177.232911  -0.000020
177.252910  0.000012
177.272909  0.000012
177.292908  -0.000020
177.312907  0.000022
177.332907  0.000012
177.352906  -0.000042
177.372905  -0.000010
177.392904  0.000001
177.412903  -0.000010
177.432903  0.000001
177.452902  0.000001
177.472901  0.000012
177.492900  0.000022
177.512899  0.000012
177.532899  0.000001
177.552898  0.000001
177.572897  0.000033
177.592896  -0.000010
177.612895  -0.000031
177.632895  -0.000020
177.652894  -0.000020
177.672893  -0.000020
177.692892  -0.000010
177.712891  0.000001
177.732891  0.000001
177.752890  0.000022
177.772889  0.000022
177.792888  0.000022
177.812887  0.000022
177.832887  -0.000020
177.852886  0.000022
177.872885  0.000012
177.892884  0.000001
177.912883  0.000001
177.932883  0.000001
177.952882  -0.000020
177.972881  -0.000010
177.992880  0.000012
178.012879  0.000001
178.032879  -0.000020
178.052878  0.000001
178.072877  0.000012
178.092876  0.000033
178.112875  -0.000020
178.132875  -0.000010
178.152874  0.000012
178.172873  0.000012
178.192872  0.000001
178.212871  0.000012
178.232871  0.000022
178.252870  -0.000010
178.272869  0.000012
178.292868  0.000001
178.312867  0.000001
178.332867  -0.000020
178.352866  0.000001
178.372865  0.000012
178.392864  0.000012
178.412863  0.000012
178.432863  0.000022
178.452862  0.000022
178.472861  0.000022
178.492860  -0.000020
178.512859  0.000001
178.532859  0.000001
178.552858  0.000001
178.572857  0.000001
178.592856  0.000001
178.612855  0.000022
178.632855  0.000022
178.652854  0.000022
178.672853  0.000001
178.692852  0.000012
178.712851  0.000001
178.732851  -0.000010
178.752850  0.000022
178.772849  -0.000010
178.792848  0.000022
178.812847  -0.000010
178.832847  0.000022
178.852846  -0.000031
178.872845  -0.000010
178.892844  -0.000020
178.912843  0.000022
178.932843  0.000001
178.952842  0.000001
178.972841  0.000001
178.992840  -0.000010
179.012839  0.000001
179.032839  -0.000010
179.052838  0.000012
179.072837  -0.000010
179.092836  -0.000010
179.112835  0.000001
179.132835  0.000012
179.152834  -0.000020
179.172833  0.000012
179.192832  0.000001
179.212831  0.000001
179.232831  0.000012
179.252830  0.000012
179.272829  -0.000031
179.292828  0.000033
179.312827  0.000001
179.332827  -0.000010
179.352826  0.000001
179.372825  0.000001
179.392824  0.000022
179.412823  0.000033
179.432823  0.000012
179.452822  0.000022
179.472821  0.000001
179.492820  0.000012
179.512819  -0.000010
179.532819  0.000001
179.552818  -0.000031
179.572817  -0.000020
179.592816  0.000001
179.612815  0.000001
179.632815  -0.000020
179.652814  0.000022
179.672813  -0.000010
179.692812  -0.000010
179.712811  0.000022
179.732811  0.000012
179.752810  -0.000020
179.772809  0.000022
179.792808  -0.000010
179.812807  -0.000010
179.832807  -0.000020
179.852806  0.000012
179.872805  0.000001
179.892804  -0.000010
179.912803  -0.000010
179.932803  -0.000020
179.952802  0.000001
179.972801  0.000022
179.992800  -0.000010
180.012799  0.000161
180.032799  -0.000266
180.052798  -0.000191
180.072797  -0.001035
180.092796  -0.000693
180.112795  -0.000576
180.132795  -0.001121
180.152794  -0.001195
180.172793  -0.001024
180.192792  -0.001227
180.212791  -0.001388
180.232791  -0.001462
180.252790  -0.001462
180.272789  -0.001494
180.292788  -0.001719
180.312787  -0.001729
180.332787  -0.001729
180.352786  -0.001826
180.372785  -0.001922
180.392784  -0.001964
180.412783  -0.002007
180.432783  -0.002114
180.452782  -0.002157
180.472781  -0.002221
180.492780  -0.002242
180.512779  -0.002328
180.532779  -0.002370
180.552778  -0.002434
180.572777  -0.002498
180.592776  -0.002584
180.612775  -0.002637
180.632775  -0.002691
180.652774  -0.002733
180.672773  -0.002819
180.692772  -0.002830
180.712771  -0.002915
180.732771  -0.002947
180.752770  -0.003001
180.772769  -0.003065
180.792768  -0.003118
180.812767  -0.003182
180.832767  -0.003246
180.852766  -0.003268
180.872765  -0.003374
180.892764  -0.003396
180.912763  -0.003471
180.932763  -0.003471
180.952762  -0.003556
180.972761  -0.003641
180.992760  -0.003663
181.012759  -0.003705
181.032759  -0.003770
181.052758  -0.003834
181.072757  -0.003855
181.092756  -0.003919
181.112755  -0.003994
181.132755  -0.004037
181.152754  -0.004069
181.172753  -0.004133
181.192752  -0.004208
181.212751  -0.004165
181.232751  -0.004282
181.252750  -0.004346
181.272749  -0.004357
181.292748  -0.004453
181.312747  -0.004475
181.332747  -0.004507
181.352746  -0.004560
181.372745  -0.004603
181.392744  -0.004624
181.412743  -0.004688
181.432743  -0.004784
181.452742  -0.004795
181.472741  -0.004848
181.492740  -0.004880
181.512739  -0.004955
181.532739  -0.005009
181.552738  -0.005009
181.572737  -0.005062
181.592736  -0.005137
181.612735  -0.005158
181.632735  -0.005190
181.652734  -0.005233
181.672733  -0.005254
181.692732  -0.005318
181.712731  -0.005340
181.732731  -0.005425
181.752730  -0.005457
181.772729  -0.005457
181.792728  -0.005511
181.812727  -0.005575
181.832727  -0.005585
181.852726  -0.005639
181.872725  -0.005682
181.892724  -0.005714
181.912723  -0.005746
181.932723  -0.005820
181.952722  -0.005820
181.972721  -0.005863
181.992720  -0.005906
182.012719  -0.005938
182.032719  -0.005970
182.052718  -0.006002
182.072717  -0.006055
182.092716  -0.006098
182.112715  -0.006120
182.132715  -0.006152
182.152714  -0.006173
182.172713  -0.006216
182.192712  -0.006269
182.212711  -0.006290
182.232711  -0.006312
182.252710  -0.006355
182.272709  -0.006387
182.292708  -0.006408
182.312707  -0.006461
182.332707  -0.006493
182.352706  -0.006472
182.372705  -0.006579
182.392704  -0.006589
182.412703  -0.006611
182.432703  -0.006643
182.452702  -0.006654
182.472701  -0.006739
182.492700  -0.006750
182.512699  -0.006792
182.532699  -0.006803
182.552698  -0.006846
182.572697  -0.006867
182.592696  -0.006889
182.612695  -0.006942
182.632695  -0.006953
182.652694  -0.006985
182.672693  -0.007027
182.692692  -0.007038
182.712691  -0.007070
182.732691  -0.007113
182.752690  -0.007145
182.772689  -0.007188
182.792688  -0.007188
182.812687  -0.007220
182.832687  -0.007262
182.852686  -0.007273
182.872685  -0.007273
182.892684  -0.007316
182.912683  -0.007337
182.932683  -0.007380
182.952682  -0.007401
182.972681  -0.007455
182.992680  -0.007465
183.012679  -0.007476
183.032679  -0.007519
183.052678  -0.007551
183.072677  -0.007562
183.092676  -0.007626
183.112675  -0.007615
183.132675  -0.007626
183.152674  -0.007679
183.172673  -0.007700
183.192672  -0.007711
183.212671  -0.007754
183.232671  -0.007754
183.252670  -0.007818
183.272669  -0.007807
183.292668  -0.007850
183.312667  -0.007839
183.332667  -0.007893
183.352666  -0.007925
183.372665  -0.007946
183.392664  -0.007967
183.412663  -0.008010
183.432663  -0.008053
183.452662  -0.008064
183.472661  -0.008053
183.492660  -0.008064
183.512659  -0.008106
183.532659  -0.008106
183.552658  -0.008138
183.572657  -0.008170
183.592656  -0.008213
183.612655  -0.008245
183.632655  -0.008234
183.652654  -0.008266
183.672653  -0.008299
183.692652  -0.008341
183.712651  -0.008352
183.732651  -0.008331
183.752650  -0.008395
183.772649  -0.008373
183.792648  -0.008405
183.812647  -0.008427
183.832647  -0.008448
183.852646  -0.008459
183.872645  -0.008512
183.892644  -0.008491
183.912643  -0.008534
183.932643  -0.008566
183.952642  -0.008587
183.972641  -0.008598
183.992640  -0.008608
184.012639  -0.008608
184.032639  -0.008662
184.052638  -0.008651
184.072637  -0.008704
184.092636  -0.008726
184.112635  -0.008736
184.132635  -0.008726
184.152634  -0.008790
184.172633  -0.008801
184.192632  -0.008833
184.212631  -0.008833
184.232631  -0.008833
184.252630  -0.008865
184.272629  -0.008886
184.292628  -0.008897
184.312627  -0.008918
184.332627  -0.008939
184.352626  -0.008950
184.372625  -0.009014
184.392624  -0.008993
184.412623  -0.009025
184.432623  -0.009025
184.452622  -0.009068
184.472621  -0.009089
184.492620  -0.009100
184.512619  -0.009121
184.532619  -0.009089
184.552618  -0.009121
184.572617  -0.009164
184.592616  -0.009174
184.612615  -0.009206
184.632615  -0.009206
184.652614  -0.009228
184.672613  -0.009281
184.692612  -0.009281
184.712611  -0.009313
184.732611  -0.009313
184.752610  -0.009420
184.772609  -0.009324
184.792608  -0.009356
184.812607  -0.009356
184.832607  -0.009409
184.852606  -0.009420
184.872605  -0.009431
184.892604  -0.009420
184.912603  -0.009474
184.932603  -0.009506
184.952602  -0.009495
184.972601  -0.009527
184.992600  -0.009527
185.012599  -0.009538
185.032599  -0.009591
185.052598  -0.009559
185.072597  -0.009591
185.092596  -0.009623
185.112595  -0.009623
185.132595  -0.009666
185.152594  -0.009698
185.172593  -0.009687
185.192592  -0.009719
185.212591  -0.009783
185.232591  -0.009751
185.252590  -0.009751
185.272589  -0.009783
185.292588  -0.009762
185.312587  -0.009751
185.332587  -0.009805
185.352586  -0.009837
185.372585  -0.009826
185.392584  -0.009847
185.412583  -0.009869
185.432583  -0.009890
185.452582  -0.009911
185.472581  -0.009933
185.492580  -0.009922
185.512579  -0.009943
185.532579  -0.009954
185.552578  -0.009965
185.572577  -0.009976
185.592576  -0.010018
185.612575  -0.010029
185.632575  -0.010050
185.652574  -0.010050
185.672573  -0.010082
185.692572  -0.010072
185.712571  -0.010093
185.732571  -0.010125
185.752570  -0.010136
185.772569  -0.010157
185.792568  -0.010157
185.812567  -0.010168
185.832567  -0.010189
185.852566  -0.010221
185.872565  -0.010243
185.892564  -0.010211
185.912563  -0.010264
185.932563  -0.010232
185.952562  -0.010296
185.972561  -0.010275
185.992560  -0.010285
186.012559  -0.010317
186.032559  -0.010328
186.052558  -0.010349
186.072557  -0.010403
186.092556  -0.010360
186.112555  -0.010403
186.132555  -0.010413
186.152554  -0.010435
186.172553  -0.010446
186.192552  -0.010424
186.212551  -0.010435
186.232551  -0.010499
186.252550  -0.010499
186.272549  -0.010510
186.292548  -0.010563
186.312547  -0.010531
186.332547  -0.010563
186.352546  -0.010595
186.372545  -0.010616
186.392544  -0.010595
186.412543  -0.010595
186.432543  -0.010627
186.452542  -0.010648
186.472541  -0.010638
186.492540  -0.010670
186.512539  -0.010659
186.532539  -0.010691
186.552538  -0.010723
186.572537  -0.010745
186.592536  -0.010734
186.612535  -0.010745
186.632535  -0.010787
186.652534  -0.010777
186.672533  -0.010819
186.692532  -0.010819
186.712531  -0.010819
186.732531  -0.010798
186.752530  -0.010851
186.772529  -0.010905
186.792528  -0.010873
186.812527  -0.010916
186.832527  -0.010926
186.852526  -0.010926
186.872525  -0.010937
186.892524  -0.010937
186.912523  -0.010958
186.932523  -0.010958
186.952522  -0.010980
186.972521  -0.011012
186.992520  -0.011044
187.012519  -0.011022
187.032519  -0.011033
187.052518  -0.011054
187.072517  -0.011097
187.092516  -0.011076
187.112515  -0.011108
187.132515  -0.011086
187.152514  -0.011118
187.172513  -0.011118
187.192512  -0.011140
187.212511  -0.011150
187.232511  -0.011129
187.252510  -0.011193
187.272509  -0.011193
187.292508  -0.011204
187.312507  -0.011236
187.332507  -0.011257
187.352506  -0.011268
187.372505  -0.011257
187.392504  -0.011268
187.412503  -0.011300
187.432503  -0.011311
187.452502  -0.011300
187.472501  -0.011311
187.492500  -0.011353
187.512500  -0.011353
187.532499  -0.011396
187.552498  -0.011396
187.572497  -0.011407
187.592496  -0.011428
187.612496  -0.011450
187.632495  -0.011460
187.652494  -0.011471
187.672493  -0.011471
187.692492  -0.011471
187.712492  -0.011482
187.732491  -0.011514
187.752490  -0.011524
187.772489  -0.011546
187.792488  -0.011535
187.812488  -0.011556
187.832487  -0.011578
187.852486  -0.011599
187.872485  -0.011610
187.892484  -0.011620
187.912484  -0.011620
187.932483  -0.011674
187.952482  -0.011653
187.972481  -0.011685
187.992480  -0.011685
188.012480  -0.011706
188.032479  -0.011695
188.052478  -0.011717
188.072477  -0.011695
188.092476  -0.011770
188.112476  -0.011749
188.132475  -0.011759
188.152474  -0.011770
188.172473  -0.011802
188.192472  -0.011802
188.212472  -0.011834
188.232471  -0.011813
188.252470  -0.011845
188.272469  -0.011877
188.292468  -0.011898
188.312468  -0.011877
188.332467  -0.011909
188.352466  -0.011888
188.372465  -0.011909
188.392464  -0.011941
188.412464  -0.011941
188.432463  -0.011962
188.452462  -0.011984
188.472461  -0.011994
188.492460  -0.012026
188.512460  -0.011984
188.532459  -0.012037
188.552458  -0.012026
188.572457  -0.012048
188.592456  -0.012058
188.612456  -0.012080
188.632455  -0.012069
188.652454  -0.012080
188.672453  -0.012133
188.692452  -0.012144
188.712452  -0.012144
188.732451  -0.012176
188.752450  -0.012155
188.772449  -0.012208
188.792448  -0.012219
188.812448  -0.012208
188.832447  -0.012240
188.852446  -0.012240
188.872445  -0.012229
188.892444  -0.012261
188.912444  -0.012272
188.932443  -0.012283
188.952442  -0.012283
188.972441  -0.012325
188.992440  -0.012325
189.012440  -0.012358
189.032439  -0.012358
189.052438  -0.012368
189.072437  -0.012390
189.092436  -0.012400
189.112436  -0.012411
189.132435  -0.012400
189.152434  -0.012400
189.172433  -0.012443
189.192432  -0.012464
189.212432  -0.012454
189.232431  -0.012464
189.252430  -0.012475
189.272429  -0.012496
189.292428  -0.012528
189.312428  -0.012528
189.332427  -0.012539
189.352426  -0.012550
189.372425  -0.012582
189.392424  -0.012582
189.412424  -0.012560
189.432423  -0.012582
189.452422  -0.012593
189.472421  -0.012614
189.492420  -0.012646
189.512420  -0.012635
189.532419  -0.012667
189.552418  -0.012689
189.572417  -0.012699
189.592416  -0.012678
189.612416  -0.012721
189.632415  -0.012721
189.652414  -0.012753
189.672413  -0.012753
189.692412  -0.012753
189.712412  -0.012785
189.732411  -0.012806
189.752410  -0.012795
189.772409  -0.012806
189.792408  -0.012806
189.812408  -0.012860
189.832407  -0.012838
189.852406  -0.012860
189.872405  -0.012881
189.892404  -0.012902
189.912404  -0.012902
189.932403  -0.012934
189.952402  -0.012924
189.972401  -0.012924
189.992400  -0.012945
190.012400  -0.012913
190.032399  -0.012977
190.052398  -0.012977
190.072397  -0.012988
190.092396  -0.012988
190.112396  -0.013009
190.132395  -0.013052
190.152394  -0.013084
190.172393  -0.013084
190.192392  -0.013052
190.212392  -0.013062
190.232391  -0.013105
190.252390  -0.013116
190.272389  -0.013127
190.292388  -0.013127
190.312388  -0.013148
190.332387  -0.013169
190.352386  -0.013169
190.372385  -0.013191
190.392384  -0.013201
190.412384  -0.013212
190.432383  -0.013244
190.452382  -0.013276
190.472381  -0.013255
190.492380  -0.013276
190.512380  -0.013244
190.532379  -0.013276
190.552378  -0.013308
190.572377  -0.013276
190.592376  -0.013330
190.612376  -0.013340
190.632375  -0.013340
190.652374  -0.013372
190.672373  -0.013383
190.692372  -0.013383
190.712372  -0.013383
190.732371  -0.013458
190.752370  -0.013394
190.772369  -0.013426
190.792368  -0.013447
190.812368  -0.013458
190.832367  -0.013479
190.852366  -0.013490
190.872365  -0.013511
190.892364  -0.013522
190.912364  -0.013522
190.932363  -0.013500
190.952362  -0.013554
190.972361  -0.013565
190.992360  -0.013543
191.012360  -0.013597
191.032359  -0.013597
191.052358  -0.013618
191.072357  -0.013639
191.092356  -0.013639
191.112356  -0.013639
191.132355  -0.013661
191.152354  -0.013671
191.172353  -0.013661
191.192352  -0.013682
191.212352  -0.013703
191.232351  -0.013735
191.252350  -0.013714
191.272349  -0.013767
191.292348  -0.013757
191.312348  -0.013789
191.332347  -0.013757
191.352346  -0.013757
191.372345  -0.013800
191.392344  -0.013821
191.412344  -0.013821
191.432343  -0.013874
191.452342  -0.013832
191.472341  -0.013853
191.492340  -0.013874
191.512340  -0.013864
191.532339  -0.013896
191.552338  -0.013917
191.572337  -0.013906
191.592336  -0.013928
191.612336  -0.013960
191.632335  -0.013938
191.652334  -0.013981
191.672333  -0.013981
191.692332  -0.014002
191.712332  -0.014035
191.732331  -0.014024
191.752330  -0.014035
191.772329  -0.014067
191.792328  -0.014067
191.812328  -0.014077
191.832327  -0.014067
191.852326  -0.014099
191.872325  -0.014088
191.892324  -0.014141
191.912324  -0.014120
191.932323  -0.014141
191.952322  -0.014152
191.972321  -0.014173
191.992320  -0.014205
192.012320  -0.014227
192.032319  -0.014195
192.052318  -0.014195
192.072317  -0.014248
192.092316  -0.014280
192.112316  -0.014259
192.132315  -0.014269
192.152314  -0.014259
192.172313  -0.014302
192.192312  -0.014323
192.212312  -0.014291
192.232311  -0.014323
192.252310  -0.014355
192.272309  -0.014344
192.292308  -0.014376
192.312308  -0.014419
192.332307  -0.014376
192.352306  -0.014387
192.372305  -0.014398
192.392304  -0.014440
192.412304  -0.014440
192.432303  -0.014472
192.452302  -0.014440
192.472301  -0.014483
192.492300  -0.014515
192.512300  -0.014515
192.532299  -0.014504
192.552298  -0.014537
192.572297  -0.014569
192.592296  -0.014590
192.612296  -0.014569
192.632295  -0.014569
192.652294  -0.014579
192.672293  -0.014590
192.692292  -0.014579
192.712292  -0.014622
192.732291  -0.014622
192.752290  -0.014633
192.772289  -0.014643
192.792288  -0.014654
192.812288  -0.014665
192.832287  -0.014718
192.852286  -0.014697
192.872285  -0.014750
192.892284  -0.014739
192.912284  -0.014750
192.932283  -0.014729
192.952282  -0.014761
192.972281  -0.014761
192.992280  -0.014825
193.012280  -0.014825
193.032279  -0.014814
193.052278  -0.014836
193.072277  -0.014814
193.092276  -0.014868
193.112276  -0.014889
193.132275  -0.014889
193.152274  -0.014900
193.172273  -0.014910
193.192272  -0.014900
193.212272  -0.014921
193.232271  -0.014932
193.252270  -0.014953
193.272269  -0.014974
193.292268  -0.014964
193.312268  -0.014985
193.332267  -0.015007
193.352266  -0.015017
193.372265  -0.015028
193.392264  -0.015039
193.412264  -0.015060
193.432263  -0.015060
193.452262  -0.015092
193.472261  -0.015071
193.492260  -0.015103
193.512260  -0.015145
193.532259  -0.015135
193.552258  -0.015135
193.572257  -0.015135
193.592256  -0.015145
193.612256  -0.015167
193.632255  -0.015199
193.652254  -0.015188
193.672253  -0.015177
193.692252  -0.015220
193.712252  -0.015242
193.732251  -0.015231
193.752250  -0.015231
193.772249  -0.015252
193.792248  -0.015274
193.812248  -0.015274
193.832247  -0.015316
193.852246  -0.015348
193.872245  -0.015348
193.892244  -0.015359
193.912244  -0.015359
193.932243  -0.015370
193.952242  -0.015380
193.972241  -0.015391
193.992240  -0.015391
194.012240  -0.015402
194.032239  -0.015423
194.052238  -0.015412
194.072237  -0.015434
194.092236  -0.015455
194.112236  -0.015498
194.132235  -0.015487
194.152234  -0.015519
194.172233  -0.015509
194.192232  -0.015530
194.212232  -0.015530
194.232231  -0.015530
194.252230  -0.015551
194.272229  -0.015583
194.292228  -0.015594
194.312228  -0.015583
194.332227  -0.015615
194.352226  -0.015605
194.372225  -0.015637
194.392224  -0.015647
194.412224  -0.015637
194.432223  -0.015690
194.452222  -0.015701
194.472221  -0.015690
194.492220  -0.015701
194.512220  -0.015722
194.532219  -0.015733
194.552218  -0.015733
194.572217  -0.015744
194.592216  -0.015744
194.612216  -0.015765
194.632215  -0.015765
194.652214  -0.015786
194.672213  -0.015808
194.692212  -0.015850
194.712212  -0.015850
194.732211  -0.015840
194.752210  -0.015861
194.772209  -0.015893
194.792208  -0.015904
194.812208  -0.015882
194.832207  -0.015925
194.852206  -0.015914
194.872205  -0.015925
194.892204  -0.015957
194.912204  -0.015946
194.932203  -0.015979
194.952202  -0.015968
194.972201  -0.016021
194.992200  -0.016011
195.012200  -0.016032
195.032199  -0.016021
195.052198  -0.016053
195.072197  -0.016043
195.092196  -0.016064
195.112196  -0.016043
195.132195  -0.016075
195.152194  -0.016096
195.172193  -0.016117
195.192192  -0.016128
195.212192  -0.016107
195.232191  -0.016160
195.252190  -0.016149
195.272189  -0.016171
195.292188  -0.016192
195.312188  -0.016171
195.332187  -0.016203
195.352186  -0.016235
195.372185  -0.016224
195.392184  -0.016214
195.412184  -0.016267
195.432183  -0.016235
195.452182  -0.016246
195.472181  -0.016278
195.492180  -0.016310
195.512180  -0.016320
195.532179  -0.016342
195.552178  -0.016342
195.572177  -0.016352
195.592176  -0.016384
195.612176  -0.016384
195.632175  -0.016395
195.652174  -0.016406
195.672173  -0.016406
195.692172  -0.016438
195.712172  -0.016416
195.732171  -0.016459
195.752170  -0.016449
195.772169  -0.016459
195.792168  -0.016470
195.812168  -0.016513
195.832167  -0.016491
195.852166  -0.016534
195.872165  -0.016545
195.892164  -0.016545
195.912164  -0.016555
195.932163  -0.016566
195.952162  -0.016587
195.972161  -0.016566
195.992160  -0.016619
196.012160  -0.016619
196.032159  -0.016609
196.052158  -0.016662
196.072157  -0.016651
196.092156  -0.016673
196.112156  -0.016673
196.132155  -0.016705
196.152154  -0.016694
196.172153  -0.016705
196.192152  -0.016705
196.212152  -0.016726
196.232151  -0.016726
196.252150  -0.016790
196.272149  -0.016769
196.292148  -0.016769
196.312148  -0.016769
196.332147  -0.016801
196.352146  -0.016801
196.372145  -0.016822
196.392144  -0.016844
196.412144  -0.016854
196.432143  -0.016865
196.452142  -0.016865
196.472141  -0.016886
196.492140  -0.016876
196.512140  -0.016886
196.532139  -0.016919
196.552138  -0.016929
196.572137  -0.016961
196.592136  -0.016961
196.612136  -0.017004
196.632135  -0.017015
196.652134  -0.016993
196.672133  -0.016983
196.692132  -0.017025
196.712132  -0.017036
196.732131  -0.017047
196.752130  -0.017068
196.772129  -0.017057
196.792128  -0.017100
196.812128  -0.017111
196.832127  -0.017143
196.852126  -0.017121
196.872125  -0.017143
196.892124  -0.017132
196.912124  -0.017132
196.932123  -0.017153
196.952122  -0.017164
196.972121  -0.017186
196.992120  -0.017218
197.012120  -0.017186
197.032119  -0.017228
197.052118  -0.017239
197.072117  -0.017228
197.092116  -0.017260
197.112116  -0.017282
197.132115  -0.017314
197.152114  -0.017314
197.172113  -0.017303
197.192112  -0.017314
197.212112  -0.017314
197.232111  -0.017324
197.252110  -0.017335
197.272109  -0.017346
197.292108  -0.017367
197.312108  -0.017399
197.332107  -0.017388
197.352106  -0.017421
197.372105  -0.017421
197.392104  -0.017453
197.412104  -0.017463
197.432103  -0.017485
197.452102  -0.017474
197.472101  -0.017474
197.492100  -0.017495
197.512100  -0.017495
197.532099  -0.017506
197.552098  -0.017538
197.572097  -0.017549
197.592096  -0.017549
197.612096  -0.017559
197.632095  -0.017570
197.652094  -0.017570
197.672093  -0.017602
197.692092  -0.017623
197.712092  -0.017656
197.732091  -0.017623
197.752090  -0.017656
197.772089  -0.017666
197.792088  -0.017656
197.812088  -0.017677
197.832087  -0.017709
197.852086  -0.017709
197.872085  -0.017688
197.892084  -0.017730
197.912084  -0.017730
197.932083  -0.017773
197.952082  -0.017784
197.972081  -0.017784
197.992080  -0.017805
198.012080  -0.017816
198.032079  -0.017816
198.052078  -0.017837
198.072077  -0.017837
198.092076  -0.017826
198.112076  -0.017858
198.132075  -0.017869
198.152074  -0.017880
198.172073  -0.017891
198.192072  -0.017901
198.212072  -0.017901
198.232071  -0.017944
198.252070  -0.017944
198.272069  -0.017976
198.292068  -0.017987
198.312068  -0.017987
198.332067  -0.018008
198.352066  -0.018008
198.372065  -0.018008
198.392064  -0.018019
198.412064  -0.018029
198.432063  -0.018061
198.452062  -0.018051
198.472061  -0.018072
198.492060  -0.018104
198.512060  -0.018115
198.532059  -0.018104
198.552058  -0.018126
198.572057  -0.018136
198.592056  -0.018168
198.612056  -0.018158
198.632055  -0.018179
198.652054  -0.018168
198.672053  -0.018200
198.692052  -0.018211
198.712052  -0.018200
198.732051  -0.018200
198.752050  -0.018243
198.772049  -0.018243
198.792048  -0.018286
198.812048  -0.018264
198.832047  -0.018286
198.852046  -0.018286
198.872045  -0.018296
198.892044  -0.018328
198.912044  -0.018339
198.932043  -0.018350
198.952042  -0.018350
198.972041  -0.018350
198.992040  -0.018371
199.012040  -0.018382
199.032039  -0.018403
199.052038  -0.018403
199.072037  -0.018446
199.092036  -0.018425
199.112036  -0.018457
199.132035  -0.018499
199.152034  -0.018467
199.172033  -0.018510
199.192032  -0.018499
199.212032  -0.018499
199.232031  -0.018510
199.252030  -0.018510
199.272029  -0.018574
199.292028  -0.018574
199.312028  -0.018606
199.332027  -0.018595
199.352026  -0.018617
199.372025  -0.018628
199.392024  -0.018638
199.412024  -0.018638
199.432023  -0.018649
199.452022  -0.018670
199.472021  -0.018692
199.492020  -0.018692
199.512020  -0.018713
199.532019  -0.018713
199.552018  -0.018745
199.572017  -0.018734
199.592016  -0.018756
199.612016  -0.018766
199.632015  -0.018766
199.652014  -0.018766
199.672013  -0.018830
199.692012  -0.018788
199.712012  -0.018809
199.732011  -0.018841
199.752010  -0.018830
199.772009  -0.018830
199.792008  -0.018863
199.812008  -0.018863
199.832007  -0.018863
199.852006  -0.018884
199.872005  -0.018895
199.892004  -0.018905
199.912004  -0.018916
199.932003  -0.018927
199.952002  -0.018948
199.972001  -0.018991
199.992000  -0.018948
200.012000  -0.018991
200.031999  -0.018991
200.051998  -0.019012
200.071997  -0.019023
200.091996  -0.019065
200.111996  -0.019023
200.131995  -0.019098
200.151994  -0.019076
200.171993  -0.019108
200.191992  -0.019119
200.211992  -0.019119
200.231991  -0.019119
200.251990  -0.019151
200.271989  -0.019151
200.291988  -0.019162
200.311988  -0.019183
200.331987  -0.019172
200.351986  -0.019194
200.371985  -0.019236
200.391984  -0.019236
200.411984  -0.019247
200.431983  -0.019236
200.451982  -0.019247
200.471981  -0.019268
200.491980  -0.019279
200.511980  -0.019290
200.531979  -0.019322
200.551978  -0.019311
200.571977  -0.019365
200.591976  -0.019322
200.611976  -0.019343
200.631975  -0.019354
200.651974  -0.019375
200.671973  -0.019375
200.691972  -0.019397
200.711972  -0.019407
200.731971  -0.019439
200.751970  -0.019418
200.771969  -0.019429
200.791968  -0.019450
200.811968  -0.019461
200.831967  -0.019461
200.851966  -0.019471
200.871965  -0.019546
200.891964  -0.019514
200.911964  -0.019525
200.931963  -0.019578
200.951962  -0.019535
200.971961  -0.019600
200.991960  -0.019578
201.011960  -0.019578
201.031959  -0.019589
201.051958  -0.019621
201.071957  -0.019578
201.091956  -0.019621
201.111956  -0.019621
201.131955  -0.019664
201.151954  -0.019674
201.171953  -0.019664
201.191952  -0.019674
201.211952  -0.019738
201.231951  -0.019728
201.251950  -0.019738
201.271949  -0.019760
201.291948  -0.019760
201.311948  -0.019770
201.331947  -0.019770
201.351946  -0.019760
201.371945  -0.019813
201.391944  -0.019781
201.411944  -0.019856
201.431943  -0.019835
201.451942  -0.019856
201.471941  -0.019835
201.491940  -0.019909
201.511940  -0.019867
201.531939  -0.019909
201.551938  -0.019877
201.571937  -0.019952
201.591936  -0.019909
201.611936  -0.019909
201.631935  -0.019941
201.651934  -0.019973
201.671933  -0.019963
201.691932  -0.020005
201.711932  -0.020005
201.731931  -0.019984
201.751930  -0.020027
201.771929  -0.020016
201.791928  -0.020059
201.811928  -0.020037
201.831927  -0.020091
201.851926  -0.020091
201.871925  -0.020091
201.891924  -0.020059
201.911924  -0.020112
201.931923  -0.020123
201.951922  -0.020123
201.971921  -0.020134
201.991920  -0.020134
202.011920  -0.020166
202.031919  -0.020187
202.051918  -0.020208
202.071917  -0.020208
202.091916  -0.020230
202.111916  -0.020230
202.131915  -0.020230
202.151914  -0.020294
202.171913  -0.020251
202.191912  -0.020283
202.211912  -0.020283
202.231911  -0.020337
202.251910  -0.020337
202.271909  -0.020347
202.291908  -0.020337
202.311908  -0.020369
202.331907  -0.020347
202.351906  -0.020379
202.371905  -0.020369
202.391904  -0.020390
202.411904  -0.020390
202.431903  -0.020422
202.451902  -0.020422
202.471901  -0.020433
202.491900  -0.020454
202.511900  -0.020486
202.531899  -0.020475
202.551898  -0.020507
202.571897  -0.020497
202.591896  -0.020507
202.611896  -0.020540
202.631895  -0.020550
202.651894  -0.020561
202.671893  -0.020540
202.691892  -0.020593
202.711892  -0.020572
202.731891  -0.020604
202.751890  -0.020625
202.771889  -0.020636
202.791888  -0.020614
202.811888  -0.020625
202.831887  -0.020614
202.851886  -0.020668
202.871885  -0.020668
202.891884  -0.020689
202.911884  -0.020700
202.931883  -0.020721
202.951882  -0.020742
202.971881  -0.020742
202.991880  -0.020732
203.011880  -0.020753
203.031879  -0.020764
203.051878  -0.020817
203.071877  -0.020785
203.091876  -0.020817
203.111876  -0.020807
203.131875  -0.020849
203.151874  -0.020860
203.171873  -0.020828
203.191872  -0.020881
203.211872  -0.020871
203.231871  -0.020903
203.251870  -0.020903
203.271869  -0.020913
203.291868  -0.020913
203.311868  -0.020903
203.331867  -0.020935
203.351866  -0.020924
203.371865  -0.020977
203.391864  -0.020977
203.411864  -0.020988
203.431863  -0.020988
203.451862  -0.020977
203.471861  -0.021020
203.491860  -0.021042
203.511860  -0.021031
203.531859  -0.021063
203.551858  -0.021031
203.571857  -0.021063
203.591856  -0.021074
203.611856  -0.021106
203.631855  -0.021116
203.651854  -0.021127
203.671853  -0.021116
203.691852  -0.021148
203.711852  -0.021148
203.731851  -0.021180
203.751850  -0.021170
203.771849  -0.021191
203.791848  -0.021212
203.811848  -0.021212
203.831847  -0.021212
203.851846  -0.021255
203.871845  -0.021255
203.891844  -0.021255
203.911844  -0.021255
203.931843  -0.021277
203.951842  -0.021309
203.971841  -0.021319
203.991840  -0.021330
204.011840  -0.021319
204.031839  -0.021330
204.051838  -0.021362
204.071837  -0.021373
204.091836  -0.021351
204.111836  -0.021383
204.131835  -0.021394
204.151834  -0.021415
204.171833  -0.021426
204.191832  -0.021426
204.211832  -0.021437
204.231831  -0.021458
204.251830  -0.021469
204.271829  -0.021501
204.291828  -0.021490
204.311828  -0.021501
204.331827  -0.021501
204.351826  -0.021533
204.371825  -0.021533
204.391824  -0.021554
204.411824  -0.021544
204.431823  -0.021576
204.451822  -0.021576
204.471821  -0.021597
204.491820  -0.021597
204.511820  -0.021629
204.531819  -0.021618
204.551818  -0.021682
204.571817  -0.021672
204.591816  -0.021693
204.611816  -0.021661
204.631815  -0.021714
204.651814  -0.021704
204.671813  -0.021714
204.691812  -0.021736
204.711812  -0.021714
204.731811  -0.021747
204.751810  -0.021768
204.771809  -0.021779
204.791808  -0.021821
204.811808  -0.021821
204.831807  -0.021843
204.851806  -0.021821
204.871805  -0.021843
204.891804  -0.021843
204.911804  -0.021853
204.931803  -0.021843
204.951802  -0.021885
204.971801  -0.021875
204.991800  -0.021885
205.011800  -0.021885
205.031799  -0.021896
205.051798  -0.021907
205.071797  -0.021939
205.091796  -0.021928
205.111796  -0.021939
205.131795  -0.021960
205.151794  -0.021971
205.171793  -0.021960
205.191792  -0.021982
205.211792  -0.022003
205.231791  -0.022046
205.251790  -0.022046
205.271789  -0.022046
205.291788  -0.022056
205.311788  -0.022088
205.331787  -0.022078
205.351786  -0.022067
205.371785  -0.022088
205.391784  -0.022110
205.411784  -0.022120
205.431783  -0.022110
205.451782  -0.022174
205.471781  -0.022195
205.491780  -0.022142
205.511780  -0.022217
205.531779  -0.022206
205.551778  -0.022195
205.571777  -0.022206
205.591776  -0.022206
205.611776  -0.022259
205.631775  -0.022270
205.651774  -0.022270
205.671773  -0.022249
205.691772  -0.022238
205.711772  -0.022302
205.731771  -0.022313
205.751770  -0.022313
205.771769  -0.022323
205.791768  -0.022323
205.811768  -0.022355
205.831767  -0.022323
205.851766  -0.022366
205.871765  -0.022387
205.891764  -0.022377
205.911764  -0.022409
205.931763  -0.022409
205.951762  -0.022398
205.971761  -0.022452
205.991760  -0.022462
206.011760  -0.022494
206.031759  -0.022473
206.051758  -0.022494
206.071757  -0.022494
206.091756  -0.022516
206.111756  -0.022526
206.131755  -0.022548
206.151754  -0.022537
206.171753  -0.022526
206.191752  -0.022569
206.211752  -0.022590
206.231751  -0.022590
206.251750  -0.022612
206.271749  -0.022612
206.291748  -0.022633
206.311748  -0.022644
206.331747  -0.022654
206.351746  -0.022644
206.371745  -0.022644
206.391744  -0.022665
206.411744  -0.022697
206.431743  -0.022697
206.451742  -0.022761
206.471741  -0.022729
206.491740  -0.022729
206.511740  -0.022740
206.531739  -0.022761
206.551738  -0.022772
206.571737  -0.022793
206.591736  -0.022793
206.611736  -0.022815
206.631735  -0.022804
206.651734  -0.022836
206.671733  -0.022847
206.691732  -0.022868
206.711732  -0.022868
206.731731  -0.022857
206.751730  -0.022868
206.771729  -0.022911
206.791728  -0.022889
206.811728  -0.022911
206.831727  -0.022932
206.851726  -0.022954
206.871725  -0.022975
206.891724  -0.022986
206.911724  -0.022986
206.931723  -0.022996
206.951722  -0.022986
206.971721  -0.023018
206.991720  -0.023018
207.011720  -0.023028
207.031719  -0.023028
207.051718  -0.023039
207.071717  -0.023039
207.091716  -0.023124
207.111716  -0.023050
207.131715  -0.023082
207.151714  -0.023103
207.171713  -0.023135
207.191712  -0.023124
207.211712  -0.023156
207.231711  -0.023167
207.251710  -0.023156
207.271709  -0.023178
207.291708  -0.023189
207.311708  -0.023178
207.331707  -0.023210
207.351706  -0.023221
207.371705  -0.023253
207.391704  -0.023253
207.411704  -0.023242
207.431703  -0.023295
207.451702  -0.023295
207.471701  -0.023295
207.491700  -0.023306
207.511700  -0.023306
207.531699  -0.023306
207.551698  -0.023349
207.571697  -0.023359
207.591696  -0.023359
207.611696  -0.023391
207.631695  -0.023349
207.651694  -0.023402
207.671693  -0.023413
207.691692  -0.023402
207.711692  -0.023413
207.731691  -0.023424
207.751690  -0.023445
207.771689  -0.023466
207.791688  -0.023466
207.811688  -0.023488
207.831687  -0.023466
207.851686  -0.023520
207.871685  -0.023509
207.891684  -0.023530
207.911684  -0.023541
207.931683  -0.023541
207.951682  -0.023541
207.971681  -0.023584
207.991680  -0.023584
208.011680  -0.023605
208.031679  -0.023616
208.051678  -0.023616
208.071677  -0.023626
208.091676  -0.023648
208.111676  -0.023680
208.131675  -0.023648
208.151674  -0.023659
208.171673  -0.023669
208.191672  -0.023691
208.211672  -0.023712
208.231671  -0.023723
208.251670  -0.023712
208.271669  -0.023755
208.291668  -0.023787
208.311668  -0.023733
208.331667  -0.023797
208.351666  -0.023808
208.371665  -0.023797
208.391664  -0.023808
208.411664  -0.023797
208.431663  -0.023808
208.451662  -0.023851
208.471661  -0.023872
208.491660  -0.023861
208.511660  -0.023883
208.531659  -0.023883
208.551658  -0.023904
208.571657  -0.023926
208.591656  -0.023936
208.611656  -0.023947
208.631655  -0.023979
208.651654  -0.023968
208.671653  -0.023968
208.691652  -0.023979
208.711652  -0.023990
208.731651  -0.024011
208.751650  -0.024022
208.771649  -0.024022
208.791648  -0.024022
208.811648  -0.024054
208.831647  -0.024032
208.851646  -0.024086
208.871645  -0.024096
208.891644  -0.024096
208.911644  -0.024118
208.931643  -0.024118
208.951642  -0.024096
208.971641  -0.024129
208.991640  -0.024139
209.011640  -0.024129
209.031639  -0.024193
209.051638  -0.024214
209.071637  -0.024193
209.091636  -0.024171
209.111636  -0.024203
209.131635  -0.024225
209.151634  -0.024225
209.171633  -0.024235
209.191632  -0.024246
209.211632  -0.024246
209.231631  -0.024299
209.251630  -0.024278
209.271629  -0.024299
209.291628  -0.024331
209.311628  -0.024331
209.331627  -0.024342
209.351626  -0.024363
209.371625  -0.024363
209.391624  -0.024353
209.411624  -0.024385
209.431623  -0.024385
209.451622  -0.024385
209.471621  -0.024406
209.491620  -0.024385
209.511620  -0.024428
209.531619  -0.024438
209.551618  -0.024481
209.571617  -0.024481
209.591616  -0.024513
209.611616  -0.024481
209.631615  -0.024524
209.651614  -0.024545
209.671613  -0.024502
209.691612  -0.024545
209.711612  -0.024566
209.731611  -0.024566
209.751610  -0.024577
209.771609  -0.024588
209.791608  -0.024588
209.811608  -0.024598
209.831607  -0.024609
209.851606  -0.024631
209.871605  -0.024631
209.891604  -0.024641
209.911604  -0.024673
209.931603  -0.024673
209.951602  -0.024673
209.971601  -0.024695
209.991600  -0.024705
210.011600  -0.024695
210.031599  -0.024716
210.051598  -0.024727
210.071597  -0.024748
210.091596  -0.024748
210.111596  -0.024812
210.131595  -0.024780
210.151594  -0.024823
210.171593  -0.024812
210.191592  -0.024812
210.211592  -0.024823
210.231591  -0.024844
210.251590  -0.024855
210.271589  -0.024844
210.291588  -0.024866
210.311588  -0.024855
210.331587  -0.024876
210.351586  -0.024908
210.371585  -0.024887
210.391584  -0.024919
210.411584  -0.024919
210.431583  -0.024930
210.451582  -0.024951
210.471581  -0.024994
210.491580  -0.024951
210.511580  -0.024994
210.531579  -0.025004
210.551578  -0.025015
210.571577  -0.024994
210.591576  -0.025026
210.611576  -0.025058
210.631575  -0.025047
210.651574  -0.025058
210.671573  -0.025058
210.691572  -0.025090
210.711572  -0.025058
210.731571  -0.025090
210.751570  -0.025133
210.771569  -0.025133
210.791568  -0.025122
210.811568  -0.025165
210.831567  -0.025175
210.851566  -0.025165
210.871565  -0.025175
210.891564  -0.025197
210.911564  -0.025207
210.931563  -0.025207
210.951562  -0.025207
210.971561  -0.025229
210.991560  -0.025229
211.011560  -0.025239
211.031559  -0.025271
211.051558  -0.025314
211.071557  -0.025282
211.091556  -0.025293
211.111556  -0.025303
211.131555  -0.025325
211.151554  -0.025368
211.171553  -0.025346
211.191552  -0.025357
211.211552  -0.025346
211.231551  -0.025389
211.251550  -0.025400
211.271549  -0.025410
211.291548  -0.025410
211.311548  -0.025432
211.331547  -0.025442
211.351546  -0.025432
211.371545  -0.025442
211.391544  -0.025474
211.411544  -0.025474
211.431543  -0.025464
211.451542  -0.025496
211.471541  -0.025496
211.491540  -0.025528
211.511540  -0.025496
211.531539  -0.025549
211.551538  -0.025528
211.571537  -0.025592
211.591536  -0.025592
211.611536  -0.025581
211.631535  -0.025592
211.651534  -0.025592
211.671533  -0.025592
211.691532  -0.025635
211.711532  -0.025667
211.731531  -0.025635
211.751530  -0.025656
211.771529  -0.025688
211.791528  -0.025677
211.811528  -0.025709
211.831527  -0.025720
211.851526  -0.025688
211.871525  -0.025731
211.891524  -0.025741
211.911524  -0.025741
211.931523  -0.025763
211.951522  -0.025784
211.971521  -0.025773
211.991520  -0.025784
212.011520  -0.025838
212.031519  -0.025816
212.051518  -0.025848
212.071517  -0.025848
212.091516  -0.025838
212.111516  -0.025870
212.131515  -0.025859
212.151514  -0.025870
212.171513  -0.025902
212.191512  -0.025902
212.211512  -0.025934
212.231511  -0.025912
212.251510  -0.025934
212.271509  -0.025934
212.291508  -0.025987
212.311508  -0.025966
212.331507  -0.025976
212.351506  -0.025976
212.371505  -0.026008
212.391504  -0.026019
212.411504  -0.025998
212.431503  -0.026040
212.451502  -0.026051
212.471501  -0.026051
212.491500  -0.026062
212.511500  -0.026062
212.531499  -0.026083
212.551498  -0.026115
212.571497  -0.026105
212.591496  -0.026094
212.611496  -0.026158
212.631495  -0.026158
212.651494  -0.026158
212.671493  -0.026137
212.691492  -0.026158
212.711492  -0.026201
212.731491  -0.026179
212.751490  -0.026190
212.771489  -0.026222
212.791488  -0.026233
212.811488  -0.026243
212.831487  -0.026265
212.851486  -0.026265
212.871485  -0.026243
212.891484  -0.026254
212.911484  -0.026308
212.931483  -0.026329
212.951482  -0.026318
212.971481  -0.026308
212.991480  -0.026329
213.011480  -0.026350
213.031479  -0.026340
213.051478  -0.026361
213.071477  -0.026404
213.091476  -0.026414
213.111476  -0.026372
213.131475  -0.026404
213.151474  -0.026404
213.171473  -0.026425
213.191472  -0.026457
213.211472  -0.026478
213.231471  -0.026478
213.251470  -0.026457
213.271469  -0.026489
213.291468  -0.026500
213.311468  -0.026532
213.331467  -0.026532
213.351466  -0.026543
213.371465  -0.026532
213.391464  -0.026553
213.411464  -0.026564
213.431463  -0.026575
213.451462  -0.026596
213.471461  -0.026596
213.491460  -0.026628
213.511460  -0.026639
213.531459  -0.026639
213.551458  -0.026628
213.571457  -0.026671
213.591456  -0.026649
213.611456  -0.026703
213.631455  -0.026671
213.651454  -0.026724
213.671453  -0.026703
213.691452  -0.026735
213.711452  -0.026724
213.731451  -0.026756
213.751450  -0.026756
213.771449  -0.026745
213.791448  -0.026788
213.811448  -0.026799
213.831447  -0.026799
213.851446  -0.026842
213.871445  -0.026831
213.891444  -0.026842
213.911444  -0.026831
213.931443  -0.026852
213.951442  -0.026863
213.971441  -0.026874
213.991440  -0.026884
214.011440  -0.026927
214.031439  -0.026916
214.051438  -0.026906
214.071437  -0.026927
214.091436  -0.026938
214.111436  -0.026938
214.131435  -0.026948
214.151434  -0.026970
214.171433  -0.026970
214.191432  -0.027002
214.211432  -0.027012
214.231431  -0.027023
214.251430  -0.027034
214.271429  -0.027023
214.291428  -0.027034
214.311428  -0.027045
214.331427  -0.027045
214.351426  -0.027066
214.371425  -0.027109
214.391424  -0.027098
214.411424  -0.027119
214.431423  -0.027151
214.451422  -0.027130
214.471421  -0.027130
214.491420  -0.027141
214.511420  -0.027130
214.531419  -0.027183
214.551418  -0.027194
214.571417  -0.027173
214.591416  -0.027194
214.611416  -0.027173
214.631415  -0.027215
214.651414  -0.027237
214.671413  -0.027258
214.691412  -0.027247
214.711412  -0.027269
214.731411  -0.027280
214.751410  -0.027301
214.771409  -0.027290
214.791408  -0.027312
214.811408  -0.027322
214.831407  -0.027322
214.851406  -0.027344
214.871405  -0.027354
214.891404  -0.027333
214.911404  -0.027386
214.931403  -0.027397
214.951402  -0.027397
214.971401  -0.027418
214.991400  -0.027450
215.011400  -0.027408
215.031399  -0.027450
215.051398  -0.027440
215.071397  -0.027450
215.091396  -0.027472
215.111396  -0.027472
215.131395  -0.027450
215.151394  -0.027493
215.171393  -0.027504
215.191392  -0.027515
215.211392  -0.027525
215.231391  -0.027525
215.251390  -0.027579
215.271389  -0.027568
215.291388  -0.027557
215.311388  -0.027589
215.331387  -0.027589
215.351386  -0.027589
215.371385  -0.027621
215.391384  -0.027621
215.411384  -0.027632
215.431383  -0.027653
215.451382  -0.027632
215.471381  -0.027675
215.491380  -0.027664
215.511380  -0.027675
215.531379  -0.027696
215.551378  -0.027717
215.571377  -0.027739
215.591376  -0.027760
215.611376  -0.027750
215.631375  -0.027782
215.651374  -0.027782
215.671373  -0.027824
215.691372  -0.027792
215.711372  -0.027814
215.731371  -0.027814
215.751370  -0.027803
215.771369  -0.027824
215.791368  -0.027867
215.811368  -0.027878
215.831367  -0.027824
215.851366  -0.027878
215.871365  -0.027878
215.891364  -0.027888
215.911364  -0.027920
215.931363  -0.027931
215.951362  -0.027942
215.971361  -0.027952
215.991360  -0.027952
216.011360  -0.027985
216.031359  -0.027974
216.051358  -0.027963
216.071357  -0.027995
216.091356  -0.027995
216.111356  -0.028027
216.131355  -0.028017
216.151354  -0.028049
216.171353  -0.028049
216.191352  -0.028059
216.211352  -0.028081
216.231351  -0.028113
216.251350  -0.028123
216.271349  -0.028091
216.291348  -0.028102
216.311348  -0.028134
216.331347  -0.028198
216.351346  -0.028166
216.371345  -0.028177
216.391344  -0.028166
216.411344  -0.028209
216.431343  -0.028198
216.451342  -0.028198
216.471341  -0.028198
216.491340  -0.028220
216.511340  -0.028230
216.531339  -0.028241
216.551338  -0.028262
216.571337  -0.028294
216.591336  -0.028305
216.611336  -0.028294
216.631335  -0.028294
216.651334  -0.028316
216.671333  -0.028337
216.691332  -0.028337
216.711332  -0.028326
216.731331  -0.028358
216.751330  -0.028369
216.771329  -0.028337
216.791328  -0.028390
216.811328  -0.028390
216.831327  -0.028390
216.851326  -0.028454
216.871325  -0.028412
216.891324  -0.028465
216.911324  -0.028444
216.931323  -0.028465
216.951322  -0.028465
216.971321  -0.028454
216.991320  -0.028476
217.011320  -0.028508
217.031319  -0.028497
217.051318  -0.028519
217.071317  -0.028465
217.091316  -0.028551
217.111316  -0.028583
217.131315  -0.028604
217.151314  -0.028551
217.171313  -0.028583
217.191312  -0.028561
217.211312  -0.028615
217.231311  -0.028615
217.251310  -0.028615
217.271309  -0.028625
217.291308  -0.028657
217.311308  -0.028647
217.331307  -0.028679
217.351306  -0.028668
217.371305  -0.028700
217.391304  -0.028722
217.411304  -0.028743
217.431303  -0.028732
217.451302  -0.028743
217.471301  -0.028743
217.491300  -0.028743
217.511300  -0.028764
217.531299  -0.028754
217.551298  -0.028775
217.571297  -0.028764
217.591296  -0.028796
217.611296  -0.028818
217.631295  -0.028818
217.651294  -0.028839
217.671293  -0.028828
217.691292  -0.028860
217.711292  -0.028892
217.731291  -0.028935
217.751290  -0.028914
217.771289  -0.028914
217.791288  -0.028914
217.811288  -0.028914
217.831287  -0.028935
217.851286  -0.028946
217.871285  -0.028967
217.891284  -0.028967
217.911284  -0.028946
217.931283  -0.028999
217.951282  -0.028999
217.971281  -0.029021
217.991280  -0.029031
218.011280  -0.029031
218.031279  -0.029053
218.051278  -0.029053
218.071277  -0.029010
218.091276  -0.029063
218.111276  -0.029063
218.131275  -0.029117
218.151274  -0.029095
218.171273  -0.029095
218.191272  -0.029106
218.211272  -0.029138
218.231271  -0.029149
218.251270  -0.029159
218.271269  -0.029181
218.291268  -0.029181
218.311268  -0.029170
218.331267  -0.029192
218.351266  -0.029224
218.371265  -0.029224
218.391264  -0.029224
218.411264  -0.029245
218.431263  -0.029245
218.451262  -0.029266
218.471261  -0.029234
218.491260  -0.029277
218.511260  -0.029277
218.531259  -0.029277
218.551258  -0.029309
218.571257  -0.029330
218.591256  -0.029341
218.611256  -0.029320
218.631255  -0.029362
218.651254  -0.029384
218.671253  -0.029362
218.691252  -0.029362
218.711252  -0.029384
218.731251  -0.029394
218.751250  -0.029416
218.771249  -0.029448
218.791248  -0.029437
218.811248  -0.029448
218.831247  -0.029480
218.851246  -0.029469
218.871245  -0.029469
218.891244  -0.029501
218.911244  -0.029491
218.931243  -0.029533
218.951242  -0.029533
218.971241  -0.029555
218.991240  -0.029565
219.011240  -0.029555
219.031239  -0.029544
219.051238  -0.029587
219.071237  -0.029587
219.091236  -0.029629
219.111236  -0.029608
219.131235  -0.029608
219.151234  -0.029619
219.171233  -0.029608
219.191232  -0.029651
219.211232  -0.029651
219.231231  -0.029683
219.251230  -0.029672
219.271229  -0.029704
219.291228  -0.029704
219.311228  -0.029726
219.331227  -0.029715
219.351226  -0.029726
219.371225  -0.029747
219.391224  -0.029768
219.411224  -0.029758
219.431223  -0.029768
219.451222  -0.029790
219.471221  -0.029800
219.491220  -0.029800
219.511220  -0.029800
219.531219  -0.029843
219.551218  -0.029854
219.571217  -0.029886
219.591216  -0.029875
219.611216  -0.029875
219.631215  -0.029875
219.651214  -0.029886
219.671213  -0.029907
219.691212  -0.029907
219.711212  -0.029939
219.731211  -0.029918
219.751210  -0.029929
219.771209  -0.029982
219.791208  -0.029950
219.811208  -0.029993
219.831207  -0.030003
219.851206  -0.029993
219.871205  -0.030057
219.891204  -0.030046
219.911204  -0.030035
219.931203  -0.030057
219.951202  -0.030089
219.971201  -0.030057
219.991200  -0.030089
220.011200  -0.030057
220.031199  -0.030089
220.051198  -0.030099
220.071197  -0.030153
220.091196  -0.030131
220.111196  -0.030164
220.131195  -0.030131
220.151194  -0.030196
220.171193  -0.030164
220.191192  -0.030164
220.211192  -0.030174
220.231191  -0.030174
220.251190  -0.030196
220.271189  -0.030217
220.291188  -0.030228
220.311188  -0.030249
220.331187  -0.030249
220.351186  -0.030260
220.371185  -0.030270
220.391184  -0.030270
220.411184  -0.030292
220.431183  -0.030324
220.451182  -0.030324
220.471181  -0.030313
220.491180  -0.030356
220.511180  -0.030345
220.531179  -0.030345
220.551178  -0.030313
220.571177  -0.030388
220.591176  -0.030377
220.611176  -0.030377
220.631175  -0.030399
220.651174  -0.030473
220.671173  -0.030431
220.691172  -0.030441
220.711172  -0.030463
220.731171  -0.030463
220.751170  -0.030463
220.771169  -0.030484
220.791168  -0.030527
220.811168  -0.030537
220.831167  -0.030527
220.851166  -0.030516
220.871165  -0.030527
220.891164  -0.030537
220.911164  -0.030548
220.931163  -0.030591
220.951162  -0.030548
220.971161  -0.030612
220.991160  -0.030601
221.011160  -0.030612
221.031159  -0.030623
221.051158  -0.030655
221.071157  -0.030634
221.091156  -0.030655
221.111156  -0.030655
221.131155  -0.030676
221.151154  -0.030698
221.171153  -0.030698
221.191152  -0.030719
221.211152  -0.030708
221.231151  -0.030698
221.251150  -0.030730
221.271149  -0.030751
221.291148  -0.030751
221.311148  -0.030762
221.331147  -0.030772
221.351146  -0.030772
221.371145  -0.030815
221.391144  -0.030826
221.411144  -0.030847
221.431143  -0.030815
221.451142  -0.030858
221.471141  -0.030836
221.491140  -0.030901
221.511140  -0.030869
221.531139  -0.030890
221.551138  -0.030922
221.571137  -0.030879
221.591136  -0.030901
221.611136  -0.030922
221.631135  -0.030933
221.651134  -0.030975
221.671133  -0.030965
221.691132  -0.030975
221.711132  -0.030986
221.731131  -0.030997
221.751130  -0.030997
221.771129  -0.031029
221.791128  -0.031007
221.811128  -0.031029
221.831127  -0.031018
221.851126  -0.031050
221.871125  -0.031050
221.891124  -0.031061
221.911124  -0.031018
221.931123  -0.031093
221.951122  -0.031103
221.971121  -0.031114
221.991120  -0.031125
222.011120  -0.031114
222.031119  -0.031114
222.051118  -0.031168
222.071117  -0.031178
222.091116  -0.031157
222.111116  -0.031189
222.131115  -0.031189
222.151114  -0.031168
222.171113  -0.031189
222.191112  -0.031221
222.211112  -0.031232
222.231111  -0.031253
222.251110  -0.031264
222.271109  -0.031264
222.291108  -0.031285
222.311108  -0.031296
222.331107  -0.031285
222.351106  -0.031306
222.371105  -0.031296
222.391104  -0.031317
222.411104  -0.031349
222.431103  -0.031360
222.451102  -0.031360
222.471101  -0.031360
222.491100  -0.031349
222.511100  -0.031424
222.531099  -0.031424
222.551098  -0.031403
222.571097  -0.031456
222.591096  -0.031424
222.611096  -0.031445
222.631095  -0.031477
222.651094  -0.031456
222.671093  -0.031467
222.691092  -0.031467
222.711092  -0.031488
222.731091  -0.031552
222.751090  -0.031509
222.771089  -0.031552
222.791088  -0.031541
222.811088  -0.031563
222.831087  -0.031552
222.851086  -0.031584
222.871085  -0.031563
222.891084  -0.031595
222.911084  -0.031584
222.931083  -0.031595
222.951082  -0.031584
222.971081  -0.031638
222.991080  -0.031627
223.011080  -0.031659
223.031079  -0.031648
223.051078  -0.031680
223.071077  -0.031659
223.091076  -0.031702
223.111076  -0.031670
223.131075  -0.031712
223.151074  -0.031744
223.171073  -0.031734
223.191072  -0.031744
223.211072  -0.031776
223.231071  -0.031755
223.251070  -0.031766
223.271069  -0.031776
223.291068  -0.031819
223.311068  -0.031819
223.331067  -0.031819
223.351066  -0.031808
223.371065  -0.031830
223.391064  -0.031841
223.411064  -0.031873
223.431063  -0.031851
223.451062  -0.031883
223.471061  -0.031894
223.491060  -0.031905
223.511060  -0.031883
223.531059  -0.031915
223.551058  -0.031905
223.571057  -0.031905
223.591056  -0.031937
223.611056  -0.031926
223.631055  -0.031979
223.651054  -0.031958
223.671053  -0.031979
223.691052  -0.031990
223.711052  -0.032011
223.731051  -0.032033
223.751050  -0.032043
223.771049  -0.032054
223.791048  -0.032065
223.811048  -0.032054
223.831047  -0.032065
223.851046  -0.032108
223.871045  -0.032076
223.891044  -0.032108
223.911044  -0.032129
223.931043  -0.032097
223.951042  -0.032140
223.971041  -0.032140
223.991040  -0.032150
224.011040  -0.032172
224.031039  -0.032150
224.051038  -0.032182
224.071037  -0.032172
224.091036  -0.032193
224.111036  -0.032225
224.131035  -0.032225
224.151034  -0.032214
224.171033  -0.032246
224.191032  -0.032246
224.211032  -0.032236
224.231031  -0.032268
224.251030  -0.032257
224.271029  -0.032311
224.291028  -0.032311
224.311028  -0.032321
224.331027  -0.032321
224.351026  -0.032343
224.371025  -0.032321
224.391024  -0.032353
224.411024  -0.032364
224.431023  -0.032353
224.451022  -0.032396
224.471021  -0.032375
224.491020  -0.032407
224.511020  -0.032407
224.531019  -0.032417
224.551018  -0.032439
224.571017  -0.032428
224.591016  -0.032439
224.611016  -0.032471
224.631015  -0.032460
224.651014  -0.032471
224.671013  -0.032513
224.691012  -0.032503
224.711012  -0.032535
224.731011  -0.032503
224.751010  -0.032535
224.771009  -0.032556
224.791008  -0.032535
224.811008  -0.032578
224.831007  -0.032578
224.851006  -0.032599
224.871005  -0.032610
224.891004  -0.032599
224.911004  -0.032588
224.931003  -0.032610
224.951002  -0.032652
224.971001  -0.032642
224.991000  -0.032674
225.011000  -0.032706
225.030999  -0.032684
225.050998  -0.032684
225.070997  -0.032716
225.090996  -0.032674
225.110996  -0.032738
225.130995  -0.032738
225.150994  -0.032727
225.170993  -0.032759
225.190992  -0.032770
225.210992  -0.032770
225.230991  -0.032780
225.250990  -0.032780
225.270989  -0.032802
225.290988  -0.032802
225.310988  -0.032823
225.330987  -0.032834
225.350986  -0.032834
225.370985  -0.032845
225.390984  -0.032866
225.410984  -0.032877
225.430983  -0.032877
225.450982  -0.032845
225.470981  -0.032877
225.490980  -0.032930
225.510980  -0.032909
225.530979  -0.032941
225.550978  -0.032962
225.570977  -0.032973
225.590976  -0.032962
225.610976  -0.032962
225.630975  -0.032973
225.650974  -0.032994
225.670973  -0.033005
225.690972  -0.032983
225.710972  -0.032994
225.730971  -0.033058
225.750970  -0.033037
225.770969  -0.033069
225.790968  -0.033069
225.810968  -0.033058
225.830967  -0.033080
225.850966  -0.033090
225.870965  -0.033101
225.890964  -0.033101
225.910964  -0.033144
225.930963  -0.033122
225.950962  -0.033154
225.970961  -0.033154
225.990960  -0.033154
226.010960  -0.033154
226.030959  -0.033165
226.050958  -0.033197
226.070957  -0.033208
226.090956  -0.033197
226.110956  -0.033250
226.130955  -0.033229
226.150954  -0.033240
226.170953  -0.033240
226.190952  -0.033283
226.210952  -0.033272
226.230951  -0.033293
226.250950  -0.033272
226.270949  -0.033283
226.290948  -0.033293
226.310948  -0.033336
226.330947  -0.033336
226.350946  -0.033347
226.370945  -0.033325
226.390944  -0.033411
226.410944  -0.033389
226.430943  -0.033389
226.450942  -0.033379
226.470941  -0.033411
226.490940  -0.033411
226.510940  -0.033400
226.530939  -0.033421
226.550938  -0.033453
226.570937  -0.033464
226.590936  -0.033475
226.610936  -0.033475
226.630935  -0.033475
226.650934  -0.033496
226.670933  -0.033518
226.690932  -0.033528
226.710932  -0.033539
226.730931  -0.033507
226.750930  -0.033550
226.770929  -0.033550
226.790928  -0.033592
226.810928  -0.033550
226.830927  -0.033592
226.850926  -0.033592
226.870925  -0.033635
226.890924  -0.033624
226.910924  -0.033624
226.930923  -0.033667
226.950922  -0.033635
226.970921  -0.033667
226.990920  -0.033667
227.010920  -0.033688
227.030919  -0.033688
227.050918  -0.033678
227.070917  -0.033688
227.090916  -0.033710
227.110916  -0.033710
227.130915  -0.033720
227.150914  -0.033710
227.170913  -0.033763
227.190912  -0.033763
227.210912  -0.033806
227.230911  -0.033785
227.250910  -0.033806
227.270909  -0.033817
227.290908  -0.033817
227.310908  -0.033827
227.330907  -0.033849
227.350906  -0.033859
227.370905  -0.033859
227.390904  -0.033859
227.410904  -0.033859
227.430903  -0.033849
227.450902  -0.033891
227.470901  -0.033859
227.490900  -0.033945
227.510900  -0.033913
227.530899  -0.033955
227.550898  -0.033923
227.570897  -0.033955
227.590896  -0.033977
227.610896  -0.033966
227.630895  -0.033977
227.650894  -0.034020
227.670893  -0.034009
227.690892  -0.034020
227.710892  -0.034009
227.730891  -0.034030
227.750890  -0.034062
227.770889  -0.034073
227.790888  -0.034073
227.810888  -0.034094
227.830887  -0.034084
227.850886  -0.034105
227.870885  -0.034094
227.890884  -0.034126
227.910884  -0.034158
227.930883  -0.034148
227.950882  -0.034148
227.970881  -0.034158
227.990880  -0.034190
228.010880  -0.034180
228.030879  -0.034169
228.050878  -0.034222
228.070877  -0.034212
228.090876  -0.034265
228.110876  -0.034222
228.130875  -0.034233
228.150874  -0.034244
228.170873  -0.034222
228.190872  -0.034276
228.210872  -0.034297
228.230871  -0.034308
228.250870  -0.034297
228.270869  -0.034287
228.290868  -0.034265
228.310868  -0.034329
228.330867  -0.034340
228.350866  -0.034319
228.370865  -0.034361
228.390864  -0.034361
228.410864  -0.034351
228.430863  -0.034383
228.450862  -0.034415
228.470861  -0.034393
228.490860  -0.034457
228.510860  -0.034415
228.530859  -0.034468
228.550858  -0.034447
228.570857  -0.034457
228.590856  -0.034447
228.610856  -0.034479
228.630855  -0.034490
228.650854  -0.034468
228.670853  -0.034479
228.690852  -0.034511
228.710852  -0.034511
228.730851  -0.034532
228.750850  -0.034543
228.770849  -0.034532
228.790848  -0.034575
228.810848  -0.034607
228.830847  -0.034564
228.850846  -0.034596
228.870845  -0.034607
228.890844  -0.034628
228.910844  -0.034618
228.930843  -0.034607
228.950842  -0.034650
228.970841  -0.034671
228.990840  -0.034671
229.010840  -0.034692
229.030839  -0.034682
229.050838  -0.034725
229.070837  -0.034725
229.090836  -0.034757
229.110836  -0.034703
229.130835  -0.034757
229.150834  -0.034767
229.170833  -0.034725
229.190832  -0.034735
229.210832  -0.034757
229.230831  -0.034757
229.250830  -0.034810
229.270829  -0.034821
229.290828  -0.034863
229.310828  -0.034842
229.330827  -0.034821
229.350826  -0.034831
229.370825  -0.034885
229.390824  -0.034885
229.410824  -0.034874
229.430823  -0.034895
229.450822  -0.034895
229.470821  -0.034895
229.490820  -0.034917
229.510820  -0.034906
229.530819  -0.034960
229.550818  -0.034992
229.570817  -0.034970
229.590816  -0.034960
229.610816  -0.034949
229.630815  -0.034981
229.650814  -0.034992
229.670813  -0.035002
229.690812  -0.035034
229.710812  -0.034992
229.730811  -0.035056
229.750810  -0.035024
229.770809  -0.035077
229.790808  -0.035056
229.810808  -0.035088
229.830807  -0.035098
229.850806  -0.035120
229.870805  -0.035120
229.890804  -0.035098
229.910804  -0.035141
229.930803  -0.035162
229.950802  -0.035130
229.970801  -0.035141
229.990800  -0.035152
230.010800  -0.035162
230.030799  -0.035184
230.050798  -0.035205
230.070797  -0.035227
230.090796  -0.035194
230.110796  -0.035227
230.130795  -0.035227
230.150794  -0.035248
230.170793  -0.035259
230.190792  -0.035280
230.210792  -0.035323
230.230791  -0.035291
230.250790  -0.035344
230.270789  -0.035301
230.290788  -0.035323
230.310788  -0.035344
230.330787  -0.035344
230.350786  -0.035344
230.370785  -0.035344
230.390784  -0.035376
230.410784  -0.035355
230.430783  -0.035408
230.450782  -0.035419
230.470781  -0.035408
230.490780  -0.035429
230.510780  -0.035419
230.530779  -0.035429
230.550778  -0.035451
230.570777  -0.035451
230.590776  -0.035451
230.610776  -0.035462
230.630775  -0.035483
230.650774  -0.035504
230.670773  -0.035472
230.690772  -0.035526
230.710772  -0.035451
230.730771  -0.035547
230.750770  -0.035600
230.770769  -0.035579
230.790768  -0.035558
230.810768  -0.035547
230.830767  -0.035558
230.850766  -0.035600
230.870765  -0.035590
230.890764  -0.035654
230.910764  -0.035611
230.930763  -0.035611
230.950762  -0.035632
230.970761  -0.035643
230.990760  -0.035643
231.010760  -0.035654
231.030759  -0.035664
231.050758  -0.035707
231.070757  -0.035697
231.090756  -0.035729
231.110756  -0.035729
231.130755  -0.035761
231.150754  -0.035707
231.170753  -0.035729
231.190752  -0.035771
231.210752  -0.035782
231.230751  -0.035761
231.250750  -0.035782
231.270749  -0.035803
231.290748  -0.035814
231.310748  -0.035803
231.330747  -0.035846
231.350746  -0.035825
231.370745  -0.035814
231.390744  -0.035835
231.410744  -0.035846
231.430743  -0.035835
231.450742  -0.035889
231.470741  -0.035910
231.490740  -0.035921
231.510740  -0.035889
231.530739  -0.035910
231.550738  -0.035932
231.570737  -0.035942
231.590736  -0.035953
231.610736  -0.035964
231.630735  -0.035974
231.650734  -0.035964
231.670733  -0.035974
231.690732  -0.036006
231.710732  -0.036006
231.730731  -0.036017
231.750730  -0.036070
231.770729  -0.036017
231.790728  -0.036049
231.810728  -0.036049
231.830727  -0.036081
231.850726  -0.036081
231.870725  -0.036102
231.890724  -0.036092
231.910724  -0.036113
231.930723  -0.036113
231.950722  -0.036124
231.970721  -0.036156
231.990720  -0.036134
232.010720  -0.036145
232.030719  -0.036124
232.050718  -0.036167
232.070717  -0.036177
232.090716  -0.036177
232.110716  -0.036209
232.130715  -0.036241
232.150714  -0.036209
232.170713  -0.036231
232.190712  -0.036241
232.210712  -0.036231
232.230711  -0.036252
232.250710  -0.036263
232.270709  -0.036284
232.290708  -0.036273
232.310708  -0.036327
232.330707  -0.036284
232.350706  -0.036348
232.370705  -0.036327
232.390704  -0.036337
232.410704  -0.036369
232.430703  -0.036369
232.450702  -0.036391
232.470701  -0.036401
232.490700  -0.036391
232.510700  -0.036412
232.530699  -0.036401
232.550698  -0.036434
232.570697  -0.036455
232.590696  -0.036466
232.610696  -0.036466
232.630695  -0.036455
232.650694  -0.036455
232.670693  -0.036487
232.690692  -0.036508
232.710692  -0.036487
232.730691  -0.036519
232.750690  -0.036530
232.770689  -0.036476
232.790688  -0.036540
232.810688  -0.036540
232.830687  -0.036551
232.850686  -0.036551
232.870685  -0.036562
232.890684  -0.036583
232.910684  -0.036615
232.930683  -0.036615
232.950682  -0.036594
232.970681  -0.036636
232.990680  -0.036636
233.010680  -0.036615
233.030679  -0.036636
233.050678  -0.036626
233.070677  -0.036690
233.090676  -0.036701
233.110676  -0.036711
233.130675  -0.036701
233.150674  -0.036722
233.170673  -0.036722
233.190672  -0.036733
233.210672  -0.036754
233.230671  -0.036765
233.250670  -0.036733
233.270669  -0.036743
233.290668  -0.036765
233.310668  -0.036797
233.330667  -0.036797
233.350666  -0.036786
233.370665  -0.036807
233.390664  -0.036839
233.410664  -0.036829
233.430663  -0.036829
233.450662  -0.036850
233.470661  -0.036882
233.490660  -0.036850
233.510660  -0.036882
233.530659  -0.036861
233.550658  -0.036893
233.570657  -0.036882
233.590656  -0.036914
233.610656  -0.036914
233.630655  -0.036936
233.650654  -0.036936
233.670653  -0.036957
233.690652  -0.036936
233.710652  -0.037000
233.730651  -0.037000
233.750650  -0.037000
233.770649  -0.037000
233.790648  -0.036978
233.810648  -0.037021
233.830647  -0.037032
233.850646  -0.037053
233.870645  -0.037053
233.890644  -0.037053
233.910644  -0.037085
233.930643  -0.037085
233.950642  -0.037064
233.970641  -0.037096
233.990640  -0.037106
234.010640  -0.037139
234.030639  -0.037149
234.050638  -0.037128
234.070637  -0.037149
234.090636  -0.037149
234.110636  -0.037181
234.130635  -0.037192
234.150634  -0.037171
234.170633  -0.037192
234.190632  -0.037235
234.210632  -0.037203
234.230631  -0.037224
234.250630  -0.037235
234.270629  -0.037256
234.290628  -0.037277
234.310628  -0.037256
234.330627  -0.037288
234.350626  -0.037288
234.370625  -0.037288
234.390624  -0.037299
234.410624  -0.037309
234.430623  -0.037309
234.450622  -0.037320
234.470621  -0.037341
234.490620  -0.037352
234.510620  -0.037352
234.530619  -0.037363
234.550618  -0.037384
234.570617  -0.037384
234.590616  -0.037427
234.610616  -0.037427
234.630615  -0.037416
234.650614  -0.037416
234.670613  -0.037427
234.690612  -0.037448
234.710612  -0.037470
234.730611  -0.037480
234.750610  -0.037491
234.770609  -0.037512
234.790608  -0.037491
234.810608  -0.037480
234.830607  -0.037523
234.850606  -0.037523
234.870605  -0.037534
234.890604  -0.037512
234.910604  -0.037544
234.930603  -0.037534
234.950602  -0.037598
234.970601  -0.037587
234.990600  -0.037566
235.010600  -0.037619
235.030599  -0.037619
235.050598  -0.037619
235.070597  -0.037630
235.090596  -0.037641
235.110596  -0.037641
235.130595  -0.037694
235.150594  -0.037651
235.170593  -0.037673
235.190592  -0.037651
235.210592  -0.037694
235.230591  -0.037715
235.250590  -0.037737
235.270589  -0.037705
235.290588  -0.037758
235.310588  -0.037726
235.330587  -0.037801
235.350586  -0.037737
235.370585  -0.037758
235.390584  -0.037801
235.410584  -0.037790
235.430583  -0.037801
235.450582  -0.037811
235.470581  -0.037801
235.490580  -0.037833
235.510580  -0.037854
235.530579  -0.037822
235.550578  -0.037865
235.570577  -0.037897
235.590576  -0.037865
235.610576  -0.037865
235.630575  -0.037876
235.650574  -0.037886
235.670573  -0.037940
235.690572  -0.037897
235.710572  -0.037918
235.730571  -0.037940
235.750570  -0.037929
235.770569  -0.037972
235.790568  -0.037961
235.810568  -0.037993
235.830567  -0.038046
235.850566  -0.038025
235.870565  -0.037993
235.890564  -0.038046
235.910564  -0.038036
235.930563  -0.038036
235.950562  -0.038036
235.970561  -0.038057
235.990560  -0.038046
236.010560  -0.038089
236.030559  -0.038057
236.050558  -0.038068
236.070557  -0.038100
236.090556  -0.038121
236.110556  -0.038164
236.130555  -0.038132
236.150554  -0.038143
236.170553  -0.038175
236.190552  -0.038175
236.210552  -0.038153
236.230551  -0.038196
236.250550  -0.038217
236.270549  -0.038228
236.290548  -0.038228
236.310548  -0.038196
236.330547  -0.038228
236.350546  -0.038228
236.370545  -0.038249
236.390544  -0.038249
236.410544  -0.038292
236.430543  -0.038281
236.450542  -0.038313
236.470541  -0.038281
236.490540  -0.038303
236.510540  -0.038324
236.530539  -0.038303
236.550538  -0.038292
236.570537  -0.038324
236.590536  -0.038335
236.610536  -0.038367
236.630535  -0.038367
236.650534  -0.038378
236.670533  -0.038378
236.690532  -0.038410
236.710532  -0.038378
236.730531  -0.038442
236.750530  -0.038420
236.770529  -0.038463
236.790528  -0.038474
236.810528  -0.038452
236.830527  -0.038452
236.850526  -0.038463
236.870525  -0.038484
236.890524  -0.038516
236.910524  -0.038495
236.930523  -0.038495
236.950522  -0.038495
236.970521  -0.038527
236.990520  -0.038495
237.010520  -0.038548
237.030519  -0.038581
237.050518  -0.038548
237.070517  -0.038581
237.090516  -0.038602
237.110516  -0.038570
237.130515  -0.038602
237.150514  -0.038655
237.170513  -0.038591
237.190512  -0.038623
237.210512  -0.038623
237.230511  -0.038645
237.250510  -0.038666
237.270509  -0.038666
237.290508  -0.038634
237.310508  -0.038698
237.330507  -0.038698
237.350506  -0.038751
237.370505  -0.038709
237.390504  -0.038730
237.410504  -0.038709
237.430503  -0.038751
237.450502  -0.038741
237.470501  -0.038773
237.490500  -0.038773
237.510500  -0.038794
237.530499  -0.038794
237.550498  -0.038805
237.570497  -0.038805
237.590496  -0.038816
237.610496  -0.038826
237.630495  -0.038848
237.650494  -0.038869
237.670493  -0.038880
237.690492  -0.038880
237.710492  -0.038890
237.730491  -0.038901
237.750490  -0.038890
237.770489  -0.038922
237.790488  -0.038922
237.810488  -0.038944
237.830487  -0.038922
237.850486  -0.038933
237.870485  -0.038976
237.890484  -0.038954
237.910484  -0.038976
237.930483  -0.038965
237.950482  -0.039029
237.970481  -0.038997
237.990480  -0.039040
238.010480  -0.039008
238.030479  -0.039018
238.050478  -0.039040
238.070477  -0.039061
238.090476  -0.039072
238.110476  -0.039050
238.130475  -0.039061
238.150474  -0.039072
238.170473  -0.039072
238.190472  -0.039093
238.210472  -0.039093
238.230471  -0.039115
238.250470  -0.039147
238.270469  -0.039136
238.290468  -0.039157
238.310468  -0.039168
238.330467  -0.039136
238.350466  -0.039147
238.370465  -0.039179
238.390464  -0.039221
238.410464  -0.039168
238.430463  -0.039232
238.450462  -0.039200
238.470461  -0.039232
238.490460  -0.039221
238.510460  -0.039275
238.530459  -0.039264
238.550458  -0.039264
238.570457  -0.039243
238.590456  -0.039307
238.610456  -0.039307
238.630455  -0.039318
238.650454  -0.039318
238.670453  -0.039318
238.690452  -0.039350
238.710452  -0.039360
238.730451  -0.039339
238.750450  -0.039339
238.770449  -0.039360
238.790448  -0.039403
238.810448  -0.039371
238.830447  -0.039424
238.850446  -0.039424
238.870445  -0.039446
238.890444  -0.039414
238.910444  -0.039456
238.930443  -0.039478
238.950442  -0.039456
238.970441  -0.039446
238.990440  -0.039446
239.010440  -0.039467
239.030439  -0.039467
239.050438  -0.039467
239.070437  -0.039510
239.090436  -0.039531
239.110436  -0.039563
239.130435  -0.039563
239.150434  -0.039553
239.170433  -0.039553
239.190432  -0.039595
239.210432  -0.039617
239.230431  -0.039574
239.250430  -0.039574
239.270429  -0.039574
239.290428  -0.039563
239.310428  -0.039638
239.330427  -0.039627
239.350426  -0.039649
239.370425  -0.039649
239.390424  -0.039638
239.410424  -0.039681
239.430423  -0.039681
239.450422  -0.039681
239.470421  -0.039702
239.490420  -0.039702
239.510420  -0.039713
239.530419  -0.039723
239.550418  -0.039734
239.570417  -0.039734
239.590416  -0.039755
239.610416  -0.039755
239.630415  -0.039777
239.650414  -0.039788
239.670413  -0.039830
239.690412  -0.039788
239.710412  -0.039798
239.730411  -0.039830
239.750410  -0.039809
239.770409  -0.039852
239.790408  -0.039862
239.810408  -0.039830
239.830407  -0.039862
239.850406  -0.039862
239.870405  -0.039852
239.890404  -0.039841
239.910404  -0.039937
239.930403  -0.039916
239.950402  -0.039916
239.970401  -0.039926
239.990400  -0.039958
240.010400  -0.039937
240.030399  -0.039948
240.050398  -0.039948
240.070397  -0.039958
240.090396  -0.039958
240.110396  -0.040001
240.130395  -0.040001
240.150394  -0.040023
240.170393  -0.040001
240.190392  -0.040023
240.210392  -0.040012
240.230391  -0.040033
240.250390  -0.040087
240.270389  -0.040076
240.290388  -0.040065
240.310388  -0.040076
240.330387  -0.040108
240.350386  -0.040076
240.370385  -0.040108
240.390384  -0.040097
240.410384  -0.040129
240.430383  -0.040140
240.450382  -0.040129
240.470381  -0.040172
240.490380  -0.040140
240.510380  -0.040172
240.530379  -0.040193
240.550378  -0.040193
240.570377  -0.040183
240.590376  -0.040204
240.610376  -0.040193
240.630375  -0.040225
240.650374  -0.040247
240.670373  -0.040236
240.690372  -0.040257
240.710372  -0.040279
240.730371  -0.040279
240.750370  -0.040300
240.770369  -0.040268
240.790368  -0.040311
240.810368  -0.040343
240.830367  -0.040311
240.850366  -0.040354
240.870365  -0.040343
240.890364  -0.040343
240.910364  -0.040354
240.930363  -0.040354
240.950362  -0.040386
240.970361  -0.040386
240.990360  -0.040418
241.010360  -0.040386
241.030359  -0.040418
241.050358  -0.040439
241.070357  -0.040407
241.090356  -0.040428
241.110356  -0.040439
241.130355  -0.040450
241.150354  -0.040428
241.170353  -0.040471
241.190352  -0.040482
241.210352  -0.040471
241.230351  -0.040514
241.250350  -0.040514
241.270349  -0.040514
241.290348  -0.040514
241.310348  -0.040525
241.330347  -0.040546
241.350346  -0.040557
241.370345  -0.040557
241.390344  -0.040557
241.410344  -0.040599
241.430343  -0.040578
241.450342  -0.040599
241.470341  -0.040610
241.490340  -0.040610
241.510340  -0.040621
241.530339  -0.040674
241.550338  -0.040642
241.570337  -0.040653
241.590336  -0.040653
241.610336  -0.040674
241.630335  -0.040663
241.650334  -0.040674
241.670333  -0.040695
241.690332  -0.040695
241.710332  -0.040706
241.730331  -0.040706
241.750330  -0.040727
241.770329  -0.040770
241.790328  -0.040760
241.810328  -0.040781
241.830327  -0.040792
241.850326  -0.040760
241.870325  -0.040813
241.890324  -0.040781
241.910324  -0.040770
241.930323  -0.040824
241.950322  -0.040845
241.970321  -0.040834
241.990320  -0.040845
242.010320  -0.040866
242.030319  -0.040866
242.050318  -0.040877
242.070317  -0.040898
242.090316  -0.040909
242.110316  -0.040888
242.130315  -0.040930
242.150314  -0.040898
242.170313  -0.040930
242.190312  -0.040941
242.210312  -0.040941
242.230311  -0.040952
242.250310  -0.040973
242.270309  -0.040941
242.290308  -0.040973
242.310308  -0.040952
242.330307  -0.040995
242.350306  -0.041005
242.370305  -0.041059
242.390304  -0.041027
242.410304  -0.041069
242.430303  -0.041048
242.450302  -0.041059
242.470301  -0.041080
242.490300  -0.041048
242.510300  -0.041059
242.530299  -0.041123
242.550298  -0.041069
242.570297  -0.041123
242.590296  -0.041112
242.610296  -0.041101
242.630295  -0.041155
242.650294  -0.041155
242.670293  -0.041187
242.690292  -0.041187
242.710292  -0.041187
242.730291  -0.041165
242.750290  -0.041219
242.770289  -0.041176
242.790288  -0.041187
242.810288  -0.041219
242.830287  -0.041208
242.850286  -0.041230
242.870285  -0.041283
242.890284  -0.041240
242.910284  -0.041272
242.930283  -0.041283
242.950282  -0.041272
242.970281  -0.041326
242.990280  -0.041294
243.010280  -0.041315
243.030279  -0.041294
243.050278  -0.041336
243.070277  -0.041283
243.090276  -0.041326
243.110276  -0.041336
243.130275  -0.041368
243.150274  -0.041358
243.170273  -0.041379
243.190272  -0.041368
243.210272  -0.041411
243.230271  -0.041411
243.250270  -0.041454
243.270269  -0.041443
243.290268  -0.041443
243.310268  -0.041432
243.330267  -0.041465
243.350266  -0.041422
243.370265  -0.041454
243.390264  -0.041465
243.410264  -0.041454
243.430263  -0.041497
243.450262  -0.041518
243.470261  -0.041497
243.490260  -0.041518
243.510260  -0.041507
243.530259  -0.041539
243.550258  -0.041550
243.570257  -0.041571
243.590256  -0.041561
243.610256  -0.041603
243.630255  -0.041603
243.650254  -0.041582
243.670253  -0.041571
243.690252  -0.041603
243.710252  -0.041625
243.730251  -0.041614
243.750250  -0.041646
243.770249  -0.041625
243.790248  -0.041657
243.810248  -0.041699
243.830247  -0.041689
243.850246  -0.041678
243.870245  -0.041667
243.890244  -0.041710
243.910244  -0.041699
243.930243  -0.041710
243.950242  -0.041753
243.970241  -0.041764
243.990240  -0.041742
244.010240  -0.041742
244.030239  -0.041753
244.050238  -0.041764
244.070237  -0.041785
244.090236  -0.041806
244.110236  -0.041828
244.130235  -0.041796
244.150234  -0.041796
244.170233  -0.041806
244.190232  -0.041806
244.210232  -0.041828
244.230231  -0.041881
244.250230  -0.041860
244.270229  -0.041881
244.290228  -0.041881
244.310228  -0.041913
244.330227  -0.041892
244.350226  -0.041892
244.370225  -0.041934
244.390224  -0.041924
244.410224  -0.041934
244.430223  -0.041934
244.450222  -0.041956
244.470221  -0.041967
244.490220  -0.041956
244.510220  -0.041977
244.530219  -0.041999
244.550218  -0.041977
244.570217  -0.041988
244.590216  -0.042041
244.610216  -0.042020
244.630215  -0.042009
244.650214  -0.042063
244.670213  -0.042041
244.690212  -0.042031
244.710212  -0.042041
244.730211  -0.042073
244.750210  -0.042095
244.770209  -0.042095
244.790208  -0.042105
244.810208  -0.042105
244.830207  -0.042105
244.850206  -0.042127
244.870205  -0.042137
244.890204  -0.042148
244.910204  -0.042169
244.930203  -0.042169
244.950202  -0.042169
244.970201  -0.042169
244.990200  -0.042212
245.010200  -0.042180
245.030199  -0.042202
245.050198  -0.042212
245.070197  -0.042266
245.090196  -0.042202
245.110196  -0.042212
245.130195  -0.042234
245.150194  -0.042234
245.170193  -0.042255
245.190192  -0.042287
245.210192  -0.042266
245.230191  -0.042266
245.250190  -0.042287
245.270189  -0.042308
245.290188  -0.042287
245.310188  -0.042340
245.330187  -0.042298
245.350186  -0.042330
245.370185  -0.042330
245.390184  -0.042362
245.410184  -0.042330
245.430183  -0.042340
245.450182  -0.042362
245.470181  -0.042404
245.490180  -0.042426
245.510180  -0.042372
245.530179  -0.042394
245.550178  -0.042394
245.570177  -0.042383
245.590176  -0.042415
245.610176  -0.042426
245.630175  -0.042447
245.650174  -0.042469
245.670173  -0.042479
245.690172  -0.042447
245.710172  -0.042447
245.730171  -0.042469
245.750170  -0.042469
245.770169  -0.042447
245.790168  -0.042479
245.810168  -0.042511
245.830167  -0.042522
245.850166  -0.042511
245.870165  -0.042565
245.890164  -0.042533
245.910164  -0.042597
245.930163  -0.042575
245.950162  -0.042586
245.970161  -0.042586
245.990160  -0.042607
246.010160  -0.042586
246.030159  -0.042575
246.050158  -0.042618
246.070157  -0.042607
246.090156  -0.042650
246.110156  -0.042639
246.130155  -0.042629
246.150154  -0.042650
246.170153  -0.042650
246.190152  -0.042682
246.210152  -0.042672
246.230151  -0.042693
246.250150  -0.042682
246.270149  -0.042746
246.290148  -0.042704
246.310148  -0.042736
246.330147  -0.042725
246.350146  -0.042757
246.370145  -0.042768
246.390144  -0.042746
246.410144  -0.042746
246.430143  -0.042768
246.450142  -0.042757
246.470141  -0.042789
246.490140  -0.042789
246.510140  -0.042842
246.530139  -0.042800
246.550138  -0.042853
246.570137  -0.042810
246.590136  -0.042832
246.610136  -0.042842
246.630135  -0.042842
246.650134  -0.042853
246.670133  -0.042864
246.690132  -0.042885
246.710132  -0.042917
246.730131  -0.042906
246.750130  -0.042917
246.770129  -0.042885
246.790128  -0.042960
246.810128  -0.042981
246.830127  -0.042960
246.850126  -0.042971
246.870125  -0.042971
246.890124  -0.042992
246.910124  -0.043003
246.930123  -0.043003
246.950122  -0.043024
246.970121  -0.043003
246.990120  -0.043013
247.010120  -0.043003
247.030119  -0.043045
247.050118  -0.043045
247.070117  -0.043088
247.090116  -0.043056
247.110116  -0.043056
247.130115  -0.043109
247.150114  -0.043099
247.170113  -0.043088
247.190112  -0.043120
247.210112  -0.043109
247.230111  -0.043131
247.250110  -0.043131
247.270109  -0.043120
247.290108  -0.043174
247.310108  -0.043174
247.330107  -0.043184
247.350106  -0.043195
247.370105  -0.043216
247.390104  -0.043195
247.410104  -0.043195
247.430103  -0.043227
247.450102  -0.043248
247.470101  -0.043238
247.490100  -0.043238
247.510100  -0.043248
247.530099  -0.043259
247.550098  -0.043291
247.570097  -0.043280
247.590096  -0.043302
247.610096  -0.043270
247.630095  -0.043334
247.650094  -0.043334
247.670093  -0.043334
247.690092  -0.043334
247.710092  -0.043355
247.730091  -0.043355
247.750090  -0.043355
247.770089  -0.043398
247.790088  -0.043344
247.810088  -0.043398
247.830087  -0.043441
247.850086  -0.043398
247.870085  -0.043398
247.890084  -0.043430
247.910084  -0.043430
247.930083  -0.043441
247.950082  -0.043430
247.970081  -0.043430
247.990080  -0.043473
248.010080  -0.043473
248.030079  -0.043494
248.050078  -0.043483
248.070077  -0.043494
248.090076  -0.043483
248.110076  -0.043547
248.130075  -0.043537
248.150074  -0.043515
248.170073  -0.043547
248.190072  -0.043579
248.210072  -0.043547
248.230071  -0.043590
248.250070  -0.043569
248.270069  -0.043601
248.290068  -0.043601
248.310068  -0.043601
248.330067  -0.043644
248.350066  -0.043611
248.370065  -0.043676
248.390064  -0.043633
248.410064  -0.043665
248.430063  -0.043665
248.450062  -0.043644
248.470061  -0.043665
248.490060  -0.043697
248.510060  -0.043676
248.530059  -0.043718
248.550058  -0.043729
248.570057  -0.043729
248.590056  -0.043740
248.610056  -0.043740
248.630055  -0.043740
248.650054  -0.043761
248.670053  -0.043729
248.690052  -0.043793
248.710052  -0.043782
248.730051  -0.043814
248.750050  -0.043782
248.770049  -0.043804
248.790048  -0.043825
248.810048  -0.043825
248.830047  -0.043825
248.850046  -0.043836
248.870045  -0.043868
248.890044  -0.043879
248.910044  -0.043889
248.930043  -0.043911
248.950042  -0.043889
248.970041  -0.043911
248.990040  -0.043911
249.010040  -0.043900
249.030039  -0.043921
249.050038  -0.043932
249.070037  -0.043932
249.090036  -0.043932
249.110036  -0.043943
249.130035  -0.043964
249.150034  -0.044017
249.170033  -0.044017
249.190032  -0.043996
249.210032  -0.044028
249.230031  -0.044060
249.250030  -0.044028
249.270029  -0.044007
249.290028  -0.044039
249.310028  -0.044007
249.330027  -0.044049
249.350026  -0.044039
249.370025  -0.044071
249.390024  -0.044060
249.410024  -0.044060
249.430023  -0.044081
249.450022  -0.044113
249.470021  -0.044113
249.490020  -0.044135
249.510020  -0.044135
249.530019  -0.044156
249.550018  -0.044156
249.570017  -0.044167
249.590016  -0.044156
249.610016  -0.044178
249.630015  -0.044210
249.650014  -0.044178
249.670013  -0.044210
249.690012  -0.044199
249.710012  -0.044220
249.730011  -0.044220
249.750010  -0.044242
249.770009  -0.044252
249.790008  -0.044274
249.810008  -0.044284
249.830007  -0.044284
249.850006  -0.044295
249.870005  -0.044284
249.890004  -0.044274
249.910004  -0.044295
249.930003  -0.044316
249.950002  -0.044327
249.970001  -0.044338
249.990000  -0.044348
250.010000  -0.044359
250.029999  -0.044359
250.049998  -0.044402
250.069997  -0.044402
250.089996  -0.044402
250.109996  -0.044381
250.129995  -0.044402
250.149994  -0.044413
250.169993  -0.044402
250.189992  -0.044434
250.209992  -0.044434
250.229991  -0.044413
250.249990  -0.044466
250.269989  -0.044445
250.289988  -0.044487
250.309988  -0.044466
250.329987  -0.044519
250.349986  -0.044509
250.369985  -0.044519
250.389984  -0.044530
250.409984  -0.044487
250.429983  -0.044519
250.449982  -0.044541
250.469981  -0.044551
250.489980  -0.044573
250.509980  -0.044551
250.529979  -0.044573
250.549978  -0.044562
250.569977  -0.044605
250.589976  -0.044605
250.609976  -0.044626
250.629975  -0.044616
250.649974  -0.044637
250.669973  -0.044626
250.689972  -0.044616
250.709972  -0.044637
250.729971  -0.044680
250.749970  -0.044658
250.769969  -0.044690
250.789968  -0.044690
250.809968  -0.044701
250.829967  -0.044701
250.849966  -0.044722
250.869965  -0.044712
250.889964  -0.044733
250.909964  -0.044712
250.929963  -0.044744
250.949962  -0.044786
250.969961  -0.044765
250.989960  -0.044765
251.009960  -0.044786
251.029959  -0.044818
251.049958  -0.044829
251.069957  -0.044808
251.089956  -0.044808
251.109956  -0.044829
251.129955  -0.044829
251.149954  -0.044851
251.169953  -0.044818
251.189952  -0.044861
251.209952  -0.044872
251.229951  -0.044872
251.249950  -0.044829
251.269949  -0.044861
251.289948  -0.044915
251.309948  -0.044947
251.329947  -0.044893
251.349946  -0.044947
251.369945  -0.044936
251.389944  -0.044947
251.409944  -0.044989
251.429943  -0.044968
251.449942  -0.044957
251.469941  -0.044968
251.489940  -0.044979
251.509940  -0.044979
251.529939  -0.045021
251.549938  -0.045043
251.569937  -0.045021
251.589936  -0.045075
251.609936  -0.045043
251.629935  -0.045043
251.649934  -0.045064
251.669933  -0.045053
251.689932  -0.045075
251.709932  -0.045075
251.729931  -0.045064
251.749930  -0.045118
251.769929  -0.045086
251.789928  -0.045128
251.809928  -0.045150
251.829927  -0.045139
251.849926  -0.045150
251.869925  -0.045150
251.889924  -0.045182
251.909924  -0.045182
251.929923  -0.045150
251.949922  -0.045203
251.969921  -0.045182
251.989920  -0.045182
252.009920  -0.045192
252.029919  -0.045214
252.049918  -0.045182
252.069917  -0.045203
252.089916  -0.045224
252.109916  -0.045224
252.129915  -0.045235
252.149914  -0.045288
252.169913  -0.045278
252.189912  -0.045310
252.209912  -0.045288
252.229911  -0.045299
252.249910  -0.045320
252.269909  -0.045320
252.289908  -0.045320
252.309908  -0.045320
252.329907  -0.045363
252.349906  -0.045353
252.369905  -0.045353
252.389904  -0.045331
252.409904  -0.045342
252.429903  -0.045417
252.449902  -0.045374
252.469901  -0.045438
252.489900  -0.045427
252.509900  -0.045417
252.529899  -0.045395
252.549898  -0.045449
252.569897  -0.045417
252.589896  -0.045449
252.609896  -0.045438
252.629895  -0.045481
252.649894  -0.045459
252.669893  -0.045481
252.689892  -0.045481
252.709892  -0.045502
252.729891  -0.045502
252.749890  -0.045523
252.769889  -0.045502
252.789888  -0.045513
252.809888  -0.045523
252.829887  -0.045555
252.849886  -0.045545
252.869885  -0.045534
252.889884  -0.045598
252.909884  -0.045566
252.929883  -0.045555
252.949882  -0.045577
252.969881  -0.045598
252.989880  -0.045641
253.009880  -0.045620
253.029879  -0.045630
253.049878  -0.045641
253.069877  -0.045684
253.089876  -0.045641
253.109876  -0.045652
253.129875  -0.045673
253.149874  -0.045662
253.169873  -0.045673
253.189872  -0.045694
253.209872  -0.045694
253.229871  -0.045737
253.249870  -0.045694
253.269869  -0.045684
253.289868  -0.045726
253.309868  -0.045758
253.329867  -0.045748
253.349866  -0.045737
253.369865  -0.045769
253.389864  -0.045758
253.409864  -0.045790
253.429863  -0.045769
253.449862  -0.045812
253.469861  -0.045801
253.489860  -0.045812
253.509860  -0.045844
253.529859  -0.045833
253.549858  -0.045876
253.569857  -0.045876
253.589856  -0.045855
253.609856  -0.045865
253.629855  -0.045897
253.649854  -0.045865
253.669853  -0.045887
253.689852  -0.045887
253.709852  -0.045940
253.729851  -0.045929
253.749850  -0.045929
253.769849  -0.045897
253.789848  -0.045951
253.809848  -0.045951
253.829847  -0.045940
253.849846  -0.045951
253.869845  -0.045961
253.889844  -0.045983
253.909844  -0.046025
253.929843  -0.045993
253.949842  -0.046015
253.969841  -0.046015
253.989840  -0.046015
254.009840  -0.046058
254.029839  -0.046047
254.049838  -0.046058
254.069837  -0.046047
254.089836  -0.046079
254.109836  -0.046068
254.129835  -0.046100
254.149834  -0.046111
254.169833  -0.046111
254.189832  -0.046090
254.209832  -0.046100
254.229831  -0.046122
254.249830  -0.046122
254.269829  -0.046100
254.289828  -0.046143
254.309828  -0.046175
254.329827  -0.046175
254.349826  -0.046175
254.369825  -0.046186
254.389824  -0.046207
254.409824  -0.046196
254.429823  -0.046186
254.449822  -0.046207
254.469821  -0.046228
254.489820  -0.046196
254.509820  -0.046239
254.529819  -0.046260
254.549818  -0.046250
254.569817  -0.046293
254.589816  -0.046260
254.609816  -0.046314
254.629815  -0.046314
254.649814  -0.046303
254.669813  -0.046314
254.689812  -0.046325
254.709812  -0.046293
254.729811  -0.046335
254.749810  -0.046293
254.769809  -0.046346
254.789808  -0.046367
254.809808  -0.046378
254.829807  -0.046399
254.849806  -0.046378
254.869805  -0.046399
254.889804  -0.046431
254.909804  -0.046399
254.929803  -0.046421
254.949802  -0.046410
254.969801  -0.046442
254.989800  -0.046442
255.009800  -0.046463
255.029799  -0.046453
255.049798  -0.046463
255.069797  -0.046485
255.089796  -0.046453
255.109796  -0.046485
255.129795  -0.046485
255.149794  -0.046506
255.169793  -0.046549
255.189792  -0.046506
255.209792  -0.046560
255.229791  -0.046549
255.249790  -0.046527
255.269789  -0.046549
255.289788  -0.046581
255.309788  -0.046538
255.329787  -0.046570
255.349786  -0.046592
255.369785  -0.046581
255.389784  -0.046570
255.409784  -0.046613
255.429783  -0.046602
255.449782  -0.046645
255.469781  -0.046624
255.489780  -0.046634
255.509780  -0.046666
255.529779  -0.046634
255.549778  -0.046677
255.569777  -0.046634
255.589776  -0.046666
255.609776  -0.046688
255.629775  -0.046698
255.649774  -0.046677
255.669773  -0.046720
255.689772  -0.046688
255.709772  -0.046741
255.729771  -0.046762
255.749770  -0.046698
255.769769  -0.046773
255.789768  -0.046784
255.809768  -0.046784
255.829767  -0.046762
255.849766  -0.046752
255.869765  -0.046784
255.889764  -0.046827
255.909764  -0.046805
255.929763  -0.046795
255.949762  -0.046816
255.969761  -0.046837
255.989760  -0.046859
256.009760  -0.046848
256.029759  -0.046869
256.049758  -0.046848
256.069757  -0.046880
256.089756  -0.046923
256.109756  -0.046912
256.129755  -0.046891
256.149754  -0.046891
256.169753  -0.046933
256.189752  -0.046901
256.209752  -0.046923
256.229751  -0.046976
256.249750  -0.046944
256.269749  -0.046976
256.289748  -0.046965
256.309748  -0.046997
256.329747  -0.046955
256.349746  -0.046997
256.369745  -0.047030
256.389744  -0.047019
256.409744  -0.047030
256.429743  -0.047030
256.449742  -0.047030
256.469741  -0.047008
256.489740  -0.047040
256.509740  -0.047062
256.529739  -0.047062
256.549738  -0.047072
256.569737  -0.047072
256.589736  -0.047083
256.609736  -0.047104
256.629735  -0.047126
256.649734  -0.047126
256.669733  -0.047104
256.689732  -0.047126
256.709732  -0.047126
256.729731  -0.047126
256.749730  -0.047168
256.769729  -0.047179
256.789728  -0.047190
256.809728  -0.047147
256.829727  -0.047190
256.849726  -0.047179
256.869725  -0.047222
256.889724  -0.047200
256.909724  -0.047211
256.929723  -0.047254
256.949722  -0.047200
256.969721  -0.047232
256.989720  -0.047254
257.009720  -0.047275
257.029719  -0.047286
257.049718  -0.047275
257.069717  -0.047297
257.089716  -0.047307
257.109716  -0.047286
257.129715  -0.047275
257.149714  -0.047307
257.169713  -0.047307
257.189712  -0.047339
257.209712  -0.047350
257.229711  -0.047361
257.249710  -0.047339
257.269709  -0.047382
257.289708  -0.047350
257.309708  -0.047382
257.329707  -0.047382
257.349706  -0.047371
257.369705  -0.047403
257.389704  -0.047425
257.409704  -0.047361
257.429703  -0.047425
257.449702  -0.047414
257.469701  -0.047435
257.489700  -0.047457
257.509700  -0.047446
257.529699  -0.047467
257.549698  -0.047467
257.569697  -0.047500
257.589696  -0.047510
257.609696  -0.047489
257.629695  -0.047521
257.649694  -0.047489
257.669693  -0.047542
257.689692  -0.047521
257.709692  -0.047542
257.729691  -0.047510
257.749690  -0.047553
257.769689  -0.047532
257.789688  -0.047585
257.809688  -0.047553
257.829687  -0.047606
257.849686  -0.047596
257.869685  -0.047606
257.889684  -0.047596
257.909684  -0.047628
257.929683  -0.047617
257.949682  -0.047638
257.969681  -0.047638
257.989680  -0.047649
258.009680  -0.047628
258.029679  -0.047681
258.049678  -0.047660
258.069677  -0.047670
258.089676  -0.047692
258.109676  -0.047724
258.129675  -0.047734
258.149674  -0.047734
258.169673  -0.047702
258.189672  -0.047745
258.209672  -0.047788
258.229671  -0.047745
258.249670  -0.047734
258.269669  -0.047767
258.289668  -0.047767
258.309668  -0.047767
258.329667  -0.047777
258.349666  -0.047788
258.369665  -0.047788
258.389664  -0.047820
258.409664  -0.047799
258.429663  -0.047852
258.449662  -0.047841
258.469661  -0.047841
258.489660  -0.047831
258.509660  -0.047873
258.529659  -0.047873
258.549658  -0.047841
258.569657  -0.047863
258.589656  -0.047884
258.609656  -0.047916
258.629655  -0.047884
258.649654  -0.047884
258.669653  -0.047905
258.689652  -0.047927
258.709652  -0.047969
258.729651  -0.047959
258.749650  -0.047980
258.769649  -0.047959
258.789648  -0.047991
258.809648  -0.047959
258.829647  -0.047959
258.849646  -0.047969
258.869645  -0.047980
258.889644  -0.047991
258.909644  -0.048034
258.929643  -0.048012
258.949642  -0.048055
258.969641  -0.048034
258.989640  -0.048044
259.009640  -0.048055
259.029639  -0.048055
259.049638  -0.048087
259.069637  -0.048087
259.089636  -0.048066
259.109636  -0.048087
259.129635  -0.048087
259.149634  -0.048119
259.169633  -0.048119
259.189632  -0.048140
259.209632  -0.048130
259.229631  -0.048098
259.249630  -0.048162
259.269629  -0.048194
259.289628  -0.048172
259.309628  -0.048172
259.329627  -0.048204
259.349626  -0.048172
259.369625  -0.048194
259.389624  -0.048215
259.409624  -0.048215
259.429623  -0.048237
259.449622  -0.048237
259.469621  -0.048237
259.489620  -0.048269
259.509620  -0.048247
259.529619  -0.048258
259.549618  -0.048258
259.569617  -0.048269
259.589616  -0.048290
259.609616  -0.048279
259.629615  -0.048333
259.649614  -0.048322
259.669613  -0.048311
259.689612  -0.048333
259.709612  -0.048365
259.729611  -0.048322
259.749610  -0.048375
259.769609  -0.048354
259.789608  -0.048375
259.809608  -0.048365
259.829607  -0.048386
259.849606  -0.048386
259.869605  -0.048418
259.889604  -0.048407
259.909604  -0.048407
259.929603  -0.048407
259.949602  -0.048418
259.969601  -0.048472
259.989600  -0.048472
260.009600  -0.048461
260.029599  -0.048493
260.049598  -0.048493
260.069597  -0.048493
260.089596  -0.048461
260.109596  -0.048493
260.129595  -0.048525
260.149594  -0.048482
260.169593  -0.048546
260.189592  -0.048546
260.209592  -0.048536
260.229591  -0.048536
260.249590  -0.048568
260.269589  -0.048578
260.289588  -0.048568
260.309588  -0.048600
260.329587  -0.048568
260.349586  -0.048578
260.369585  -0.048578
260.389584  -0.048546
260.409584  -0.048589
260.429583  -0.048600
260.449582  -0.048621
260.469581  -0.048632
260.489580  -0.048632
260.509580  -0.048664
260.529579  -0.048653
260.549578  -0.048664
260.569577  -0.048674
260.589576  -0.048685
260.609576  -0.048707
260.629575  -0.048674
260.649574  -0.048707
260.669573  -0.048707
260.689572  -0.048707
260.709572  -0.048717
260.729571  -0.048739
260.749570  -0.048739
260.769569  -0.048760
260.789568  -0.048760
260.809568  -0.048771
260.829567  -0.048781
260.849566  -0.048760
260.869565  -0.048792
260.889564  -0.048781
260.909564  -0.048803
260.929563  -0.048803
260.949562  -0.048835
260.969561  -0.048845
260.989560  -0.048835
261.009560  -0.048835
261.029559  -0.048824
261.049558  -0.048824
261.069557  -0.048835
261.089556  -0.048856
261.109556  -0.048877
261.129555  -0.048931
261.149554  -0.048877
261.169553  -0.048888
261.189552  -0.048909
261.209552  -0.048942
261.229551  -0.048920
261.249550  -0.048942
261.269549  -0.048909
261.289548  -0.048942
261.309548  -0.048931
261.329547  -0.048963
261.349546  -0.048963
261.369545  -0.048963
261.389544  -0.048995
261.409544  -0.049016
261.429543  -0.049027
261.449542  -0.049016
261.469541  -0.049027
261.489540  -0.049016
261.509540  -0.049006
261.529539  -0.049038
261.549538  -0.049016
261.569537  -0.049038
261.589536  -0.049027
261.609536  -0.049059
261.629535  -0.049070
261.649534  -0.049091
261.669533  -0.049091
261.689532  -0.049134
261.709532  -0.049091
261.729531  -0.049123
261.749530  -0.049144
261.769529  -0.049134
261.789528  -0.049144
261.809528  -0.049134
261.829527  -0.049176
261.849526  -0.049198
261.869525  -0.049155
261.889524  -0.049198
261.909524  -0.049187
261.929523  -0.049209
261.949522  -0.049176
261.969521  -0.049219
261.989520  -0.049219
262.009520  -0.049230
262.029519  -0.049230
262.049518  -0.049251
262.069517  -0.049230
262.089516  -0.049241
262.109516  -0.049230
262.129515  -0.049241
262.149514  -0.049230
262.169513  -0.049273
262.189512  -0.049283
262.209512  -0.049315
262.229511  -0.049305
262.249510  -0.049358
262.269509  -0.049347
262.289508  -0.049305
262.309508  -0.049337
262.329507  -0.049347
262.349506  -0.049337
262.369505  -0.049347
262.389504  -0.049347
262.409504  -0.049390
262.429503  -0.049369
262.449502  -0.049379
262.469501  -0.049358
262.489500  -0.049401
262.509500  -0.049422
262.529499  -0.049454
262.549498  -0.049422
262.569497  -0.049444
262.589496  -0.049401
262.609496  -0.049444
262.629495  -0.049444
262.649494  -0.049476
262.669493  -0.049444
262.689492  -0.049476
262.709492  -0.049465
262.729491  -0.049476
262.749490  -0.049486
262.769489  -0.049508
262.789488  -0.049497
262.809488  -0.049561
262.829487  -0.049561
262.849486  -0.049540
262.869485  -0.049540
262.889484  -0.049540
262.909484  -0.049561
262.929483  -0.049561
262.949482  -0.049572
262.969481  -0.049593
262.989480  -0.049572
263.009480  -0.049625
263.029479  -0.049614
263.049478  -0.049614
263.069477  -0.049625
263.089476  -0.049636
263.109476  -0.049636
263.129475  -0.049657
263.149474  -0.049625
263.169473  -0.049679
263.189472  -0.049679
263.209472  -0.049668
263.229471  -0.049625
263.249470  -0.049700
263.269469  -0.049700
263.289468  -0.049689
263.309468  -0.049700
263.329467  -0.049711
263.349466  -0.049753
263.369465  -0.049700
263.389464  -0.049753
263.409464  -0.049732
263.429463  -0.049743
263.449462  -0.049796
263.469461  -0.049785
263.489460  -0.049775
263.509460  -0.049796
263.529459  -0.049807
263.549458  -0.049775
263.569457  -0.049817
263.589456  -0.049817
263.609456  -0.049839
263.629455  -0.049807
263.649454  -0.049839
263.669453  -0.049839
263.689452  -0.049828
263.709452  -0.049892
263.729451  -0.049892
263.749450  -0.049881
263.769449  -0.049871
263.789448  -0.049924
263.809448  -0.049903
263.829447  -0.049903
263.849446  -0.049892
263.869445  -0.049914
263.889444  -0.049946
263.909444  -0.049956
263.929443  -0.049914
263.949442  -0.049946
263.969441  -0.049946
263.989440  -0.049946
264.009440  -0.049956
264.029439  -0.049988
264.049438  -0.049978
264.069437  -0.049999
264.089436  -0.050010
264.109436  -0.050063
264.129435  -0.050052
264.149434  -0.050042
264.169433  -0.050031
264.189432  -0.050052
264.209432  -0.050063
264.229431  -0.050074
264.249430  -0.050063
264.269429  -0.050063
264.289428  -0.050074
264.309428  -0.050084
264.329427  -0.050116
264.349426  -0.050127
264.369425  -0.050138
264.389424  -0.050127
264.409424  -0.050116
264.429423  -0.050138
264.449422  -0.050159
264.469421  -0.050170
264.489420  -0.050138
264.509420  -0.050170
264.529419  -0.050170
264.549418  -0.050127
264.569417  -0.050202
264.589416  -0.050202
264.609416  -0.050170
264.629415  -0.050255
264.649414  -0.050234
264.669413  -0.050234
264.689412  -0.050234
264.709412  -0.050266
264.729411  -0.050234
264.749410  -0.050277
264.769409  -0.050255
264.789408  -0.050277
264.809408  -0.050245
264.829407  -0.050287
264.849406  -0.050277
264.869405  -0.050287
264.889404  -0.050309
264.909404  -0.050298
264.929403  -0.050362
264.949402  -0.050362
264.969401  -0.050330
264.989400  -0.050319
265.009400  -0.050309
265.029399  -0.050351
265.049398  -0.050383
265.069397  -0.050383
265.089396  -0.050362
265.109396  -0.050383
265.129395  -0.050416
265.149394  -0.050394
265.169393  -0.050373
265.189392  -0.050437
265.209392  -0.050416
265.229391  -0.050501
265.249390  -0.050469
265.269389  -0.050469
265.289388  -0.050458
265.309388  -0.050448
265.329387  -0.050480
265.349386  -0.050490
265.369385  -0.050469
265.389384  -0.050501
265.409384  -0.050469
265.429383  -0.050490
265.449382  -0.050490
265.469381  -0.050544
265.489380  -0.050522
265.509380  -0.050554
265.529379  -0.050554
265.549378  -0.050597
265.569377  -0.050565
265.589376  -0.050544
265.609376  -0.050565
265.629375  -0.050576
265.649374  -0.050608
265.669373  -0.050597
265.689372  -0.050576
265.709372  -0.050640
265.729371  -0.050608
265.749370  -0.050597
265.769369  -0.050618
265.789368  -0.050651
265.809368  -0.050672
265.829367  -0.050651
265.849366  -0.050651
265.869365  -0.050651
265.889364  -0.050683
265.909364  -0.050661
265.929363  -0.050683
265.949362  -0.050715
265.969361  -0.050683
265.989360  -0.050715
266.009360  -0.050704
266.029359  -0.050757
266.049358  -0.050736
266.069357  -0.050757
266.089356  -0.050725
266.109356  -0.050768
266.129355  -0.050779
266.149354  -0.050779
266.169353  -0.050768
266.189352  -0.050779
266.209352  -0.050811
266.229351  -0.050757
266.249350  -0.050789
266.269349  -0.050800
266.289348  -0.050821
266.309348  -0.050853
266.329347  -0.050843
266.349346  -0.050843
266.369345  -0.050843
266.389344  -0.050886
266.409344  -0.050886
266.429343  -0.050864
266.449342  -0.050875
266.469341  -0.050918
266.489340  -0.050907
266.509340  -0.050918
266.529339  -0.050928
266.549338  -0.050886
266.569337  -0.050928
266.589336  -0.050960
266.609336  -0.050939
266.629335  -0.050971
266.649334  -0.050982
266.669333  -0.050971
266.689332  -0.050992
266.709332  -0.051003
266.729331  -0.050992
266.749330  -0.051035
266.769329  -0.051014
266.789328  -0.051035
266.809328  -0.050992
266.829327  -0.051014
266.849326  -0.051046
266.869325  -0.051046
266.889324  -0.051067
266.909324  -0.051046
266.929323  -0.051067
266.949322  -0.051088
266.969321  -0.051056
266.989320  -0.051078
267.009320  -0.051121
267.029319  -0.051131
267.049318  -0.051110
267.069317  -0.051088
267.089316  -0.051142
267.109316  -0.051131
267.129315  -0.051121
267.149314  -0.051121
267.169313  -0.051163
267.189312  -0.051153
267.209312  -0.051195
267.229311  -0.051163
267.249310  -0.051163
267.269309  -0.051195
267.289308  -0.051217
267.309308  -0.051206
267.329307  -0.051238
267.349306  -0.051238
267.369305  -0.051259
267.389304  -0.051259
267.409304  -0.051259
267.429303  -0.051195
267.449302  -0.051281
267.469301  -0.051238
267.489300  -0.051249
267.509300  -0.051270
267.529299  -0.051302
267.549298  -0.051281
267.569297  -0.051302
267.589296  -0.051291
267.609296  -0.051334
267.629295  -0.051313
267.649294  -0.051355
267.669293  -0.051345
267.689292  -0.051355
267.709292  -0.051355
267.729291  -0.051334
267.749290  -0.051366
267.769289  -0.051345
267.789288  -0.051334
267.809288  -0.051388
267.829287  -0.051398
267.849286  -0.051377
267.869285  -0.051420
267.889284  -0.051430
267.909284  -0.051441
267.929283  -0.051441
267.949282  -0.051462
267.969281  -0.051494
267.989280  -0.051441
268.009280  -0.051473
268.029279  -0.051452
268.049278  -0.051452
268.069277  -0.051452
268.089276  -0.051473
268.109276  -0.051494
268.129275  -0.051494
268.149274  -0.051526
268.169273  -0.051526
268.189272  -0.051526
268.209272  -0.051494
268.229271  -0.051537
268.249270  -0.051526
268.269269  -0.051590
268.289268  -0.051558
268.309268  -0.051558
268.329267  -0.051569
268.349266  -0.051558
268.369265  -0.051633
268.389264  -0.051580
268.409264  -0.051612
268.429263  -0.051633
268.449262  -0.051633
268.469261  -0.051633
268.489260  -0.051687
268.509260  -0.051655
268.529259  -0.051633
268.549258  -0.051676
268.569257  -0.051655
268.589256  -0.051665
268.609256  -0.051687
268.629255  -0.051655
268.649254  -0.051697
268.669253  -0.051665
268.689252  -0.051697
268.709252  -0.051719
268.729251  -0.051751
268.749250  -0.051740
268.769249  -0.051793
268.789248  -0.051761
268.809248  -0.051751
268.829247  -0.051751
268.849246  -0.051751
268.869245  -0.051751
268.889244  -0.051783
268.909244  -0.051729
268.929243  -0.051804
268.949242  -0.051751
268.969241  -0.051815
268.989240  -0.051793
269.009240  -0.051804
269.029239  -0.051825
269.049238  -0.051890
269.069237  -0.051858
269.089236  -0.051858
269.109236  -0.051836
269.129235  -0.051868
269.149234  -0.051836
269.169233  -0.051858
269.189232  -0.051911
269.209232  -0.051879
269.229231  -0.051900
269.249230  -0.051922
269.269229  -0.051900
269.289228  -0.051911
269.309228  -0.051911
269.329227  -0.051943
269.349226  -0.051943
269.369225  -0.051986
269.389224  -0.051943
269.409224  -0.051964
269.429223  -0.051964
269.449222  -0.051943
269.469221  -0.052007
269.489220  -0.052007
269.509220  -0.051986
269.529219  -0.052007
269.549218  -0.051996
269.569217  -0.051986
269.589216  -0.052039
269.609216  -0.052071
269.629215  -0.052060
269.649214  -0.052028
269.669213  -0.052028
269.689212  -0.052039
269.709212  -0.052060
269.729211  -0.052071
269.749210  -0.052082
269.769209  -0.052082
269.789208  -0.052103
269.809208  -0.052082
269.829207  -0.052114
269.849206  -0.052135
269.869205  -0.052146
269.889204  -0.052135
269.909204  -0.052135
269.929203  -0.052167
269.949202  -0.052178
269.969201  -0.052189
269.989200  -0.052125
270.009200  -0.052210
270.029199  -0.052199
270.049198  -0.052221
270.069197  -0.052221
270.089196  -0.052210
270.109196  -0.052242
270.129195  -0.052231
270.149194  -0.052231
270.169193  -0.052253
270.189192  -0.052274
270.209192  -0.052231
270.229191  -0.052263
270.249190  -0.052231
270.269189  -0.052242
270.289188  -0.052274
270.309188  -0.052274
270.329187  -0.052295
270.349186  -0.052317
270.369185  -0.052317
270.389184  -0.052370
270.409184  -0.052338
270.429183  -0.052328
270.449182  -0.052295
270.469181  -0.052328
270.489180  -0.052317
270.509180  -0.052360
270.529179  -0.052381
270.549178  -0.052370
270.569177  -0.052392
270.589176  -0.052381
270.609176  -0.052402
270.629175  -0.052392
270.649174  -0.052413
270.669173  -0.052392
270.689172  -0.052413
270.709172  -0.052434
270.729171  -0.052424
270.749170  -0.052424
270.769169  -0.052456
270.789168  -0.052466
270.809168  -0.052488
270.829167  -0.052466
270.849166  -0.052488
270.869165  -0.052488
270.889164  -0.052466
270.909164  -0.052509
270.929163  -0.052466
270.949162  -0.052530
270.969161  -0.052530
270.989160  -0.052498
271.009160  -0.052488
271.029159  -0.052520
271.049158  -0.052552
271.069157  -0.052552
271.089156  -0.052530
271.109156  -0.052562
271.129155  -0.052573
271.149154  -0.052573
271.169153  -0.052573
271.189152  -0.052616
271.209152  -0.052605
271.229151  -0.052616
271.249150  -0.052616
271.269149  -0.052605
271.289148  -0.052637
271.309148  -0.052648
271.329147  -0.052637
271.349146  -0.052648
271.369145  -0.052648
271.389144  -0.052669
271.409144  -0.052659
271.429143  -0.052680
271.449142  -0.052659
271.469141  -0.052723
271.489140  -0.052701
271.509140  -0.052744
271.529139  -0.052701
271.549138  -0.052680
271.569137  -0.052691
271.589136  -0.052744
271.609136  -0.052723
271.629135  -0.052765
271.649134  -0.052723
271.669133  -0.052765
271.689132  -0.052776
271.709132  -0.052808
271.729131  -0.052787
271.749130  -0.052787
271.769129  -0.052808
271.789128  -0.052797
271.809128  -0.052840
271.829127  -0.052808
271.849126  -0.052830
271.869125  -0.052830
271.889124  -0.052808
271.909124  -0.052851
271.929123  -0.052840
271.949122  -0.052851
271.969121  -0.052872
271.989120  -0.052840
272.009120  -0.052872
272.029119  -0.052894
272.049118  -0.052883
272.069117  -0.052915
272.089116  -0.052926
272.109116  -0.052904
272.129115  -0.052915
272.149114  -0.052904
272.169113  -0.052947
272.189112  -0.052947
272.209112  -0.052947
272.229111  -0.052936
272.249110  -0.052958
272.269109  -0.052958
272.289108  -0.052958
272.309108  -0.053022
272.329107  -0.052990
272.349106  -0.053032
272.369105  -0.053011
272.389104  -0.053032
272.409104  -0.053022
272.429103  -0.053032
272.449102  -0.053011
272.469101  -0.053075
272.489100  -0.053043
272.509100  -0.053043
272.529099  -0.053065
272.549098  -0.053097
272.569097  -0.053075
272.589096  -0.053086
272.609096  -0.053075
272.629095  -0.053097
272.649094  -0.053107
272.669093  -0.053118
272.689092  -0.053097
272.709092  -0.053107
272.729091  -0.053118
272.749090  -0.053129
272.769089  -0.053161
272.789088  -0.053150
272.809088  -0.053161
272.829087  -0.053161
272.849086  -0.053182
272.869085  -0.053203
272.889084  -0.053225
272.909084  -0.053182
272.929083  -0.053193
272.949082  -0.053214
272.969081  -0.053214
272.989080  -0.053225
273.009080  -0.053203
273.029079  -0.053246
273.049078  -0.053246
273.069077  -0.053225
273.089076  -0.053225
273.109076  -0.053278
273.129075  -0.053278
273.149074  -0.053310
273.169073  -0.053300
273.189072  -0.053310
273.209072  -0.053267
273.229071  -0.053278
273.249070  -0.053310
273.269069  -0.053321
273.289068  -0.053321
273.309068  -0.053332
273.329067  -0.053332
273.349066  -0.053364
273.369065  -0.053342
273.389064  -0.053342
273.409064  -0.053353
273.429063  -0.053353
273.449062  -0.053385
273.469061  -0.053396
273.489060  -0.053396
273.509060  -0.053417
273.529059  -0.053396
273.549058  -0.053449
273.569057  -0.053438
273.589056  -0.053428
273.609056  -0.053438
273.629055  -0.053438
273.649054  -0.053460
273.669053  -0.053460
273.689052  -0.053438
273.709052  -0.053470
273.729051  -0.053470
273.749050  -0.053502
273.769049  -0.053492
273.789048  -0.053481
273.809048  -0.053481
273.829047  -0.053492
273.849046  -0.053535
273.869045  -0.053535
273.889044  -0.053535
273.909044  -0.053545
273.929043  -0.053556
273.949042  -0.053556
273.969041  -0.053524
273.989040  -0.053567
274.009040  -0.053609
274.029039  -0.053577
274.049038  -0.053609
274.069037  -0.053609
274.089036  -0.053609
274.109036  -0.053599
274.129035  -0.053620
274.149034  -0.053599
274.169033  -0.053641
274.189032  -0.053684
274.209032  -0.053652
274.229031  -0.053631
274.249030  -0.053652
274.269029  -0.053663
274.289028  -0.053673
274.309028  -0.053673
274.329027  -0.053684
274.349026  -0.053716
274.369025  -0.053695
274.389024  -0.053727
274.409024  -0.053737
274.429023  -0.053737
274.449022  -0.053769
274.469021  -0.053759
274.489020  -0.053759
274.509020  -0.053748
274.529019  -0.053759
274.549018  -0.053759
274.569017  -0.053737
274.589016  -0.053748
274.609016  -0.053780
274.629015  -0.053791
274.649014  -0.053780
274.669013  -0.053812
274.689012  -0.053812
274.709012  -0.053802
274.729011  -0.053802
274.749010  -0.053802
274.769009  -0.053844
274.789008  -0.053844
274.809008  -0.053866
274.829007  -0.053844
274.849006  -0.053844
274.869005  -0.053855
274.889004  -0.053898
274.909004  -0.053876
274.929003  -0.053887
274.949002  -0.053887
274.969001  -0.053951
274.989000  -0.053930
275.009000  -0.053898
275.028999  -0.053930
275.048998  -0.053951
275.068997  -0.053983
275.088996  -0.053983
275.108996  -0.053919
275.128995  -0.053898
275.148994  -0.053972
275.168993  -0.053962
275.188992  -0.053983
275.208992  -0.053994
275.228991  -0.054026
275.248990  -0.054026
275.268989  -0.053983
275.288988  -0.054004
275.308988  -0.054037
275.328987  -0.054047
275.348986  -0.054037
275.368985  -0.054069
275.388984  -0.054015
275.408984  -0.054079
275.428983  -0.054026
275.448982  -0.054090
275.468981  -0.054047
275.488980  -0.054058
275.508980  -0.054133
275.528979  -0.054111
275.548978  -0.054133
275.568977  -0.054111
275.588976  -0.054111
275.608976  -0.054101
275.628975  -0.054133
275.648974  -0.054122
275.668973  -0.054133
275.688972  -0.054111
275.708972  -0.054154
275.728971  -0.054165
275.748970  -0.054154
275.768969  -0.054175
275.788968  -0.054175
275.808968  -0.054229
275.828967  -0.054218
275.848966  -0.054207
275.868965  -0.054197
275.888964  -0.054218
275.908964  -0.054207
275.928963  -0.054229
275.948962  -0.054229
275.968961  -0.054218
275.988960  -0.054218
276.008960  -0.054272
276.028959  -0.054229
276.048958  -0.054272
276.068957  -0.054272
276.088956  -0.054261
276.108956  -0.054325
276.128955  -0.054304
276.148954  -0.054282
276.168953  -0.054314
276.188952  -0.054325
276.208952  -0.054389
276.228951  -0.054325
276.248950  -0.054357
276.268949  -0.054325
276.288948  -0.054325
276.308948  -0.054325
276.328947  -0.054346
276.348946  -0.054368
276.368945  -0.054357
276.388944  -0.054378
276.408944  -0.054410
276.428943  -0.054389
276.448942  -0.054400
276.468941  -0.054400
276.488940  -0.054421
276.508940  -0.054410
276.528939  -0.054400
276.548938  -0.054453
276.568937  -0.054432
276.588936  -0.054432
276.608936  -0.054442
276.628935  -0.054442
276.648934  -0.054442
276.668933  -0.054453
276.688932  -0.054485
276.708932  -0.054485
276.728931  -0.054485
276.748930  -0.054528
276.768929  -0.054549
276.788928  -0.054474
276.808928  -0.054517
276.828927  -0.054539
276.848926  -0.054603
276.868925  -0.054517
276.888924  -0.054528
276.908924  -0.054528
276.928923  -0.054592
276.948922  -0.054549
276.968921  -0.054581
276.988920  -0.054603
277.008920  -0.054571
277.028919  -0.054581
277.048918  -0.054613
277.068917  -0.054613
277.088916  -0.054560
277.108916  -0.054624
277.128915  -0.054624
277.148914  -0.054635
277.168913  -0.054635
277.188912  -0.054603
277.208912  -0.054667
277.228911  -0.054645
277.248910  -0.054677
277.268909  -0.054688
277.288908  -0.054656
277.308908  -0.054677
277.328907  -0.054677
277.348906  -0.054677
277.368905  -0.054731
277.388904  -0.054731
277.408904  -0.054709
277.428903  -0.054720
277.448902  -0.054709
277.468901  -0.054731
277.488900  -0.054742
277.508900  -0.054731
277.528899  -0.054763
277.548898  -0.054752
277.568897  -0.054774
277.588896  -0.054763
277.608896  -0.054774
277.628895  -0.054784
277.648894  -0.054795
277.668893  -0.054806
277.688892  -0.054827
277.708892  -0.054827
277.728891  -0.054838
277.748890  -0.054827
277.768889  -0.054827
277.788888  -0.054870
277.808888  -0.054795
277.828887  -0.054870
277.848886  -0.054859
277.868885  -0.054870
277.888884  -0.054870
277.908884  -0.054891
277.928883  -0.054870
277.948882  -0.054891
277.968881  -0.054891
277.988880  -0.054912
278.008880  -0.054891
278.028879  -0.054966
278.048878  -0.054912
278.068877  -0.054912
278.088876  -0.054923
278.108876  -0.054923
278.128875  -0.054955
278.148874  -0.054987
278.168873  -0.054966
278.188872  -0.054966
278.208872  -0.054987
278.228871  -0.055009
278.248870  -0.055009
278.268869  -0.055030
278.288868  -0.054966
278.308868  -0.054998
278.328867  -0.055019
278.348866  -0.055019
278.368865  -0.055030
278.388864  -0.055041
278.408864  -0.055030
278.428863  -0.055062
278.448862  -0.055051
278.468861  -0.055062
278.488860  -0.055051
278.508860  -0.055073
278.528859  -0.055105
278.548858  -0.055094
278.568857  -0.055083
278.588856  -0.055094
278.608856  -0.055115
278.628855  -0.055147
278.648854  -0.055083
278.668853  -0.055137
278.688852  -0.055126
278.708852  -0.055158
278.728851  -0.055158
278.748850  -0.055211
278.768849  -0.055201
278.788848  -0.055158
278.808848  -0.055190
278.828847  -0.055244
278.848846  -0.055201
278.868845  -0.055244
278.888844  -0.055244
278.908844  -0.055190
278.928843  -0.055169
278.948842  -0.055244
278.968841  -0.055222
278.988840  -0.055222
279.008840  -0.055222
279.028839  -0.055276
279.048838  -0.055265
279.068837  -0.055254
279.088836  -0.055254
279.108836  -0.055297
279.128835  -0.055265
279.148834  -0.055318
279.168833  -0.055297
279.188832  -0.055286
279.208832  -0.055297
279.228831  -0.055329
279.248830  -0.055329
279.268829  -0.055340
279.288828  -0.055318
279.308828  -0.055361
279.328827  -0.055361
279.348826  -0.055372
279.368825  -0.055382
279.388824  -0.055404
279.408824  -0.055414
279.428823  -0.055404
279.448822  -0.055404
279.468821  -0.055436
279.488820  -0.055414
279.508820  -0.055425
279.528819  -0.055414
279.548818  -0.055393
279.568817  -0.055414
279.588816  -0.055436
279.608816  -0.055446
279.628815  -0.055511
279.648814  -0.055468
279.668813  -0.055457
279.688812  -0.055468
279.708812  -0.055500
279.728811  -0.055468
279.748810  -0.055500
279.768809  -0.055479
279.788808  -0.055500
279.808808  -0.055521
279.828807  -0.055532
279.848806  -0.055489
279.868805  -0.055543
279.888804  -0.055479
279.908804  -0.055553
279.928803  -0.055564
279.948802  -0.055532
279.968801  -0.055553
279.988800  -0.055575
280.008800  -0.055617
280.028799  -0.055553
280.048798  -0.055511
280.068797  -0.055511
280.088796  -0.055575
280.108796  -0.055532
280.128795  -0.055500
280.148794  -0.055500
280.168793  -0.055511
280.188792  -0.055489
280.208792  -0.055479
280.228791  -0.055500
280.248790  -0.055457
280.268789  -0.055479
280.288788  -0.055489
280.308788  -0.055500
280.328787  -0.055500
280.348786  -0.055500
280.368785  -0.055500
280.388784  -0.055479
280.408784  -0.055479
280.428783  -0.055446
280.448782  -0.055489
280.468781  -0.055500
280.488780  -0.055521
280.508780  -0.055521
280.528779  -0.055532
280.548778  -0.055543
280.568777  -0.055500
280.588776  -0.055511
280.608776  -0.055468
280.628775  -0.055489
280.648774  -0.055543
280.668773  -0.055489
280.688772  -0.055532
280.708772  -0.055521
280.728771  -0.055521
280.748770  -0.055543
280.768769  -0.055521
280.788768  -0.055532
280.808768  -0.055553
280.828767  -0.055521
280.848766  -0.055543
280.868765  -0.055553
280.888764  -0.055553
280.908764  -0.055564
280.928763  -0.055543
280.948762  -0.055607
280.968761  -0.055564
280.988760  -0.055564
281.008760  -0.055575
281.028759  -0.055617
281.048758  -0.055617
281.068757  -0.055564
281.088756  -0.055607
281.108756  -0.055596
281.128755  -0.055617
281.148754  -0.055596
281.168753  -0.055639
281.188752  -0.055628
281.208752  -0.055681
281.228751  -0.055660
281.248750  -0.055660
281.268749  -0.055639
281.288748  -0.055649
281.308748  -0.055681
281.328747  -0.055681
281.348746  -0.055671
281.368745  -0.055660
281.388744  -0.055692
281.408744  -0.055692
281.428743  -0.055671
281.448742  -0.055681
281.468741  -0.055714
281.488740  -0.055714
281.508740  -0.055756
281.528739  -0.055756
281.548738  -0.055746
281.568737  -0.055746
281.588736  -0.055714
281.608736  -0.055746
281.628735  -0.055724
281.648734  -0.055724
281.668733  -0.055714
281.688732  -0.055810
281.708732  -0.055799
281.728731  -0.055788
281.748730  -0.055799
281.768729  -0.055799
281.788728  -0.055820
281.808728  -0.055831
281.828727  -0.055820
281.848726  -0.055852
281.868725  -0.055820
281.888724  -0.055831
281.908724  -0.055820
281.928723  -0.055799
281.948722  -0.055810
281.968721  -0.055842
281.988720  -0.055852
282.008720  -0.055863
282.028719  -0.055863
282.048718  -0.055895
282.068717  -0.055884
282.088716  -0.055916
282.108716  -0.055874
282.128715  -0.055895
282.148714  -0.055895
282.168713  -0.055874
282.188712  -0.055948
282.208712  -0.055906
282.228711  -0.055906
282.248710  -0.055948
282.268709  -0.055938
282.288708  -0.055906
282.308708  -0.055938
282.328707  -0.055959
282.348706  -0.055970
282.368705  -0.056013
282.388704  -0.055991
282.408704  -0.055981
282.428703  -0.056013
282.448702  -0.056002
282.468701  -0.055991
282.488700  -0.055970
282.508700  -0.056023
282.528699  -0.056013
282.548698  -0.056023
282.568697  -0.056013
282.588696  -0.056013
282.608696  -0.056066
282.628695  -0.056034
282.648694  -0.056066
282.668693  -0.056055
282.688692  -0.056087
282.708692  -0.056034
282.728691  -0.056066
282.748690  -0.056055
282.768689  -0.056066
282.788688  -0.056087
282.808688  -0.056077
282.828687  -0.056098
282.848686  -0.056130
282.868685  -0.056119
282.888684  -0.056109
282.908684  -0.056141
282.928683  -0.056130
282.948682  -0.056141
282.968681  -0.056151
282.988680  -0.056151
283.008680  -0.056151
283.028679  -0.056130
283.048678  -0.056205
283.068677  -0.056183
283.088676  -0.056162
283.108676  -0.056151
283.128675  -0.056194
283.148674  -0.056205
283.168673  -0.056226
283.188672  -0.056194
283.208672  -0.056205
283.228671  -0.056226
283.248670  -0.056237
283.268669  -0.056258
283.288668  -0.056226
283.308668  -0.056280
283.328667  -0.056258
283.348666  -0.056280
283.368665  -0.056269
283.388664  -0.056258
283.408664  -0.056258
283.428663  -0.056301
283.448662  -0.056301
283.468661  -0.056280
283.488660  -0.056322
283.508660  -0.056322
283.528659  -0.056322
283.548658  -0.056354
283.568657  -0.056322
283.588656  -0.056333
283.608656  -0.056354
283.628655  -0.056354
283.648654  -0.056344
283.668653  -0.056365
283.688652  -0.056397
283.708652  -0.056365
283.728651  -0.056386
283.748650  -0.056408
283.768649  -0.056365
283.788648  -0.056418
283.808648  -0.056376
283.828647  -0.056429
283.848646  -0.056418
283.868645  -0.056408
283.888644  -0.056440
283.908644  -0.056440
283.928643  -0.056408
283.948642  -0.056429
283.968641  -0.056440
283.988640  -0.056451
284.008640  -0.056472
284.028639  -0.056451
284.048638  -0.056493
284.068637  -0.056493
284.088636  -0.056451
284.108636  -0.056504
284.128635  -0.056504
284.148634  -0.056515
284.168633  -0.056525
284.188632  -0.056504
284.208632  -0.056525
284.228631  -0.056547
284.248630  -0.056547
284.268629  -0.056579
284.288628  -0.056557
284.308628  -0.056547
284.328627  -0.056579
284.348626  -0.056568
284.368625  -0.056557
284.388624  -0.056579
284.408624  -0.056611
284.428623  -0.056611
284.448622  -0.056600
284.468621  -0.056664
284.488620  -0.056632
284.508620  -0.056611
284.528619  -0.056632
284.548618  -0.056632
284.568617  -0.056653
284.588616  -0.056632
284.608616  -0.056632
284.628615  -0.056621
284.648614  -0.056621
284.668613  -0.056653
284.688612  -0.056696
284.708612  -0.056675
284.728611  -0.056675
284.748610  -0.056696
284.768609  -0.056707
284.788608  -0.056739
284.808608  -0.056696
284.828607  -0.056750
284.848606  -0.056750
284.868605  -0.056750
284.888604  -0.056696
284.908604  -0.056750
284.928603  -0.056739
284.948602  -0.056771
284.968601  -0.056750
284.988600  -0.056782
285.008600  -0.056739
285.028599  -0.056803
285.048598  -0.056750
285.068597  -0.056824
285.088596  -0.056803
285.108596  -0.056782
285.128595  -0.056824
285.148594  -0.056835
285.168593  -0.056803
285.188592  -0.056814
285.208592  -0.056792
285.228591  -0.056835
285.248590  -0.056846
285.268589  -0.056878
285.288588  -0.056878
285.308588  -0.056888
285.328587  -0.056888
285.348586  -0.056910
285.368585  -0.056867
285.388584  -0.056910
285.408584  -0.056910
285.428583  -0.056942
285.448582  -0.056931
285.468581  -0.056910
285.488580  -0.056899
285.508580  -0.056953
285.528579  -0.056942
285.548578  -0.056942
285.568577  -0.056953
285.588576  -0.056942
285.608576  -0.056963
285.628575  -0.056974
285.648574  -0.056953
285.668573  -0.057006
285.688572  -0.056953
285.708572  -0.057006
285.728571  -0.056974
285.748570  -0.056995
285.768569  -0.057006
285.788568  -0.057006
285.808568  -0.056974
285.828567  -0.057017
285.848566  -0.057049
285.868565  -0.057070
285.888564  -0.057027
285.908564  -0.057070
285.928563  -0.057059
285.948562  -0.057070
285.968561  -0.057059
285.988560  -0.057102
286.008560  -0.057091
286.028559  -0.057070
286.048558  -0.057081
286.068557  -0.057091
286.088556  -0.057113
286.108556  -0.057134
286.128555  -0.057134
286.148554  -0.057134
286.168553  -0.057113
286.188552  -0.057166
286.208552  -0.057177
286.228551  -0.057177
286.248550  -0.057145
286.268549  -0.057155
286.288548  -0.057177
286.308548  -0.057166
286.328547  -0.057198
286.348546  -0.057177
286.368545  -0.057134
286.388544  -0.057198
286.408544  -0.057209
286.428543  -0.057209
286.448542  -0.057198
286.468541  -0.057230
286.488540  -0.057209
286.508540  -0.057220
286.528539  -0.057252
286.548538  -0.057241
286.568537  -0.057252
286.588536  -0.057262
286.608536  -0.057262
286.628535  -0.057241
286.648534  -0.057220
286.668533  -0.057252
286.688532  -0.057305
286.708532  -0.057316
286.728531  -0.057284
286.748530  -0.057305
286.768529  -0.057305
286.788528  -0.057305
286.808528  -0.057337
286.828527  -0.057358
286.848526  -0.057316
286.868525  -0.057369
286.888524  -0.057358
286.908524  -0.057369
286.928523  -0.057337
286.948522  -0.057358
286.968521  -0.057358
286.988520  -0.057358
287.008520  -0.057369
287.028519  -0.057433
287.048518  -0.057423
287.068517  -0.057401
287.088516  -0.057401
287.108516  -0.057412
287.128515  -0.057412
287.148514  -0.057444
287.168513  -0.057423
287.188512  -0.057444
287.208512  -0.057444
287.228511  -0.057465
287.248510  -0.057444
287.268509  -0.057455
287.288508  -0.057444
287.308508  -0.057476
287.328507  -0.057487
287.348506  -0.057455
287.368505  -0.057476
287.388504  -0.057487
287.408504  -0.057529
287.428503  -0.057508
287.448502  -0.057508
287.468501  -0.057519
287.488500  -0.057465
287.508500  -0.057540
287.528499  -0.057551
287.548498  -0.057551
287.568497  -0.057551
287.588496  -0.057593
287.608496  -0.057604
287.628495  -0.057561
287.648494  -0.057551
287.668493  -0.057593
287.688492  -0.057583
287.708492  -0.057593
287.728491  -0.057572
287.748490  -0.057625
287.768489  -0.057593
287.788488  -0.057615
287.808488  -0.057625
287.828487  -0.057636
287.848486  -0.057615
287.868485  -0.057615
287.888484  -0.057636
287.908484  -0.057658
287.928483  -0.057647
287.948482  -0.057679
287.968481  -0.057647
287.988480  -0.057722
288.008480  -0.057700
288.028479  -0.057690
288.048478  -0.057679
288.068477  -0.057690
288.088476  -0.057732
288.108476  -0.057722
288.128475  -0.057711
288.148474  -0.057732
288.168473  -0.057722
288.188472  -0.057764
288.208472  -0.057754
288.228471  -0.057732
288.248470  -0.057754
288.268469  -0.057775
288.288468  -0.057775
288.308468  -0.057786
288.328467  -0.057818
288.348466  -0.057775
288.368465  -0.057807
288.388464  -0.057786
288.408464  -0.057807
288.428463  -0.057775
288.448462  -0.057786
288.468461  -0.057796
288.488460  -0.057807
288.508460  -0.057850
288.528459  -0.057860
288.548458  -0.057850
288.568457  -0.057903
288.588456  -0.057839
288.608456  -0.057882
288.628455  -0.057850
288.648454  -0.057850
288.668453  -0.057893
288.688452  -0.057871
288.708452  -0.057871
288.728451  -0.057903
288.748450  -0.057860
288.768449  -0.057893
288.788448  -0.057893
288.808448  -0.057914
288.828447  -0.057914
288.848446  -0.057935
288.868445  -0.057925
288.888444  -0.057946
288.908444  -0.057935
288.928443  -0.057957
288.948442  -0.057946
288.968441  -0.057935
288.988440  -0.057935
289.008440  -0.058021
289.028439  -0.057978
289.048438  -0.057999
289.068437  -0.057989
289.088436  -0.057989
289.108436  -0.058021
289.128435  -0.058021
289.148434  -0.058031
289.168433  -0.058042
289.188432  -0.058042
289.208432  -0.058063
289.228431  -0.058031
289.248430  -0.058053
289.268429  -0.058031
289.288428  -0.058042
289.308428  -0.058063
289.328427  -0.058106
289.348426  -0.058074
289.368425  -0.058095
289.388424  -0.058053
289.408424  -0.058117
289.428423  -0.058106
289.448422  -0.058117
289.468421  -0.058128
289.488420  -0.058117
289.508420  -0.058106
289.528419  -0.058149
289.548418  -0.058106
289.568417  -0.058117
289.588416  -0.058149
289.608416  -0.058138
289.628415  -0.058160
289.648414  -0.058160
289.668413  -0.058213
289.688412  -0.058213
289.708412  -0.058202
289.728411  -0.058160
289.748410  -0.058192
289.768409  -0.058213
289.788408  -0.058192
289.808408  -0.058224
289.828407  -0.058202
289.848406  -0.058224
289.868405  -0.058245
289.888404  -0.058245
289.908404  -0.058202
289.928403  -0.058245
289.948402  -0.058224
289.968401  -0.058266
289.988400  -0.058245
290.008400  -0.058266
290.028399  -0.058330
290.048398  -0.058277
290.068397  -0.058277
290.088396  -0.058288
290.108396  -0.058309
290.128395  -0.058330
290.148394  -0.058309
290.168393  -0.058362
290.188392  -0.058298
290.208392  -0.058330
290.228391  -0.058320
290.248390  -0.058362
290.268389  -0.058352
290.288388  -0.058384
290.308388  -0.058405
290.328387  -0.058384
290.348386  -0.058373
290.368385  -0.058362
290.388384  -0.058362
290.408384  -0.058395
290.428383  -0.058352
290.448382  -0.058405
290.468381  -0.058373
290.488380  -0.058427
290.508380  -0.058427
290.528379  -0.058427
290.548378  -0.058405
290.568377  -0.058427
290.588376  -0.058437
290.608376  -0.058480
290.628375  -0.058469
290.648374  -0.058501
290.668373  -0.058469
290.688372  -0.058448
290.708372  -0.058501
290.728371  -0.058459
290.748370  -0.058480
290.768369  -0.058491
290.788368  -0.058469
290.808368  -0.058491
290.828367  -0.058512
290.848366  -0.058555
290.868365  -0.058544
290.888364  -0.058491
290.908364  -0.058555
290.928363  -0.058576
290.948362  -0.058501
290.968361  -0.058544
290.988360  -0.058544
291.008360  -0.058565
291.028359  -0.058555
291.048358  -0.058619
291.068357  -0.058576
291.088356  -0.058619
291.108356  -0.058576
291.128355  -0.058640
291.148354  -0.058608
291.168353  -0.058597
291.188352  -0.058630
291.208352  -0.058619
291.228351  -0.058672
291.248350  -0.058662
291.268349  -0.058608
291.288348  -0.058619
291.308348  -0.058651
291.328347  -0.058619
291.348346  -0.058672
291.368345  -0.058694
291.388344  -0.058715
291.408344  -0.058715
291.428343  -0.058715
291.448342  -0.058694
291.468341  -0.058704
291.488340  -0.058736
291.508340  -0.058736
291.528339  -0.058768
291.548338  -0.058747
291.568337  -0.058715
291.588336  -0.058715
291.608336  -0.058747
291.628335  -0.058768
291.648334  -0.058747
291.668333  -0.058768
291.688332  -0.058736
291.708332  -0.058768
291.728331  -0.058790
291.748330  -0.058768
291.768329  -0.058768
291.788328  -0.058843
291.808328  -0.058800
291.828327  -0.058779
291.848326  -0.058822
291.868325  -0.058811
291.888324  -0.058800
291.908324  -0.058822
291.928323  -0.058832
291.948322  -0.058854
291.968321  -0.058854
291.988320  -0.058854
292.008320  -0.058875
292.028319  -0.058907
292.048318  -0.058875
292.068317  -0.058875
292.088316  -0.058886
292.108316  -0.058875
292.128315  -0.058875
292.148314  -0.058897
292.168313  -0.058886
292.188312  -0.058907
292.208312  -0.058961
292.228311  -0.058897
292.248310  -0.058907
292.268309  -0.058918
292.288308  -0.058939
292.308308  -0.058907
292.328307  -0.058950
292.348306  -0.058982
292.368305  -0.058961
292.388304  -0.058982
292.408304  -0.058993
292.428303  -0.058982
292.448302  -0.058982
292.468301  -0.059014
292.488300  -0.059003
292.508300  -0.058971
292.528299  -0.058993
292.548298  -0.059035
292.568297  -0.059003
292.588296  -0.059046
292.608296  -0.059025
292.628295  -0.059057
292.648294  -0.059067
292.668293  -0.059035
292.688292  -0.059067
292.708292  -0.059057
292.728291  -0.059078
292.748290  -0.059057
292.768289  -0.059089
292.788288  -0.059078
292.808288  -0.059078
292.828287  -0.059100
292.848286  -0.059100
292.868285  -0.059132
292.888284  -0.059110
292.908284  -0.059100
292.928283  -0.059100
292.948282  -0.059153
292.968281  -0.059132
292.988280  -0.059132
293.008280  -0.059153
293.028279  -0.059142
293.048278  -0.059153
293.068277  -0.059174
293.088276  -0.059153
293.108276  -0.059121
293.128275  -0.059174
293.148274  -0.059206
293.168273  -0.059206
293.188272  -0.059185
293.208272  -0.059196
293.228271  -0.059238
293.248270  -0.059228
293.268269  -0.059228
293.288268  -0.059238
293.308268  -0.059228
293.328267  -0.059260
293.348266  -0.059238
293.368265  -0.059270
293.388264  -0.059260
293.408264  -0.059249
293.428263  -0.059228
293.448262  -0.059270
293.468261  -0.059313
293.488260  -0.059270
293.508260  -0.059270
293.528259  -0.059302
293.548258  -0.059302
293.568257  -0.059281
293.588256  -0.059313
293.608256  -0.059302
293.628255  -0.059270
293.648254  -0.059313
293.668253  -0.059302
293.688252  -0.059313
293.708252  -0.059356
293.728251  -0.059313
293.748250  -0.059345
293.768249  -0.059356
293.788248  -0.059356
293.808248  -0.059377
293.828247  -0.059409
293.848246  -0.059399
293.868245  -0.059399
293.888244  -0.059399
293.908244  -0.059388
293.928243  -0.059367
293.948242  -0.059420
293.968241  -0.059399
293.988240  -0.059452
294.008240  -0.059399
294.028239  -0.059431
294.048238  -0.059452
294.068237  -0.059473
294.088236  -0.059463
294.108236  -0.059495
294.128235  -0.059484
294.148234  -0.059484
294.168233  -0.059452
294.188232  -0.059505
294.208232  -0.059431
294.228231  -0.059452
294.248230  -0.059516
294.268229  -0.059505
294.288228  -0.059484
294.308228  -0.059505
294.328227  -0.059516
294.348226  -0.059569
294.368225  -0.059569
294.388224  -0.059591
294.408224  -0.059569
294.428223  -0.059602
294.448222  -0.059559
294.468221  -0.059580
294.488220  -0.059559
294.508220  -0.059559
294.528219  -0.059580
294.548218  -0.059559
294.568217  -0.059569
294.588216  -0.059591
294.608216  -0.059569
294.628215  -0.059602
294.648214  -0.059591
294.668213  -0.059644
294.688212  -0.059623
294.708212  -0.059655
294.728211  -0.059644
294.748210  -0.059655
294.768209  -0.059602
294.788208  -0.059655
294.808208  -0.059612
294.828207  -0.059655
294.848206  -0.059666
294.868205  -0.059666
294.888204  -0.059676
294.908204  -0.059655
294.928203  -0.059708
294.948202  -0.059719
294.968201  -0.059698
294.988200  -0.059740
295.008200  -0.059719
295.028199  -0.059698
295.048198  -0.059687
295.068197  -0.059698
295.088196  -0.059708
295.108196  -0.059730
295.128195  -0.059730
295.148194  -0.059719
295.168193  -0.059740
295.188192  -0.059772
295.208192  -0.059740
295.228191  -0.059751
295.248190  -0.059762
295.268189  -0.059772
295.288188  -0.059804
295.308188  -0.059794
295.328187  -0.059772
295.348186  -0.059804
295.368185  -0.059847
295.388184  -0.059804
295.408184  -0.059804
295.428183  -0.059826
295.448182  -0.059826
295.468181  -0.059858
295.488180  -0.059837
295.508180  -0.059858
295.528179  -0.059890
295.548178  -0.059890
295.568177  -0.059837
295.588176  -0.059869
295.608176  -0.059879
295.628175  -0.059869
295.648174  -0.059911
295.668173  -0.059858
295.688172  -0.059879
295.708172  -0.059933
295.728171  -0.059901
295.748170  -0.059901
295.768169  -0.059922
295.788168  -0.059922
295.808168  -0.059911
295.828167  -0.059911
295.848166  -0.059922
295.868165  -0.059922
295.888164  -0.059943
295.908164  -0.059954
295.928163  -0.059997
295.948162  -0.059933
295.968161  -0.059954
295.988160  -0.059965
296.008160  -0.059986
296.028159  -0.060007
296.048158  -0.060007
296.068157  -0.060007
296.088156  -0.060007
296.108156  -0.059954
296.128155  -0.059997
296.148154  -0.060029
296.168153  -0.060018
296.188152  -0.060050
296.208152  -0.060061
296.228151  -0.060029
296.248150  -0.059997
296.268149  -0.060029
296.288148  -0.060082
296.308148  -0.060029
296.328147  -0.060050
296.348146  -0.060050
296.368145  -0.060082
296.388144  -0.060029
296.408144  -0.060061
296.428143  -0.060072
296.448142  -0.060136
296.468141  -0.060082
296.488140  -0.060093
296.508140  -0.060093
296.528139  -0.060104
296.548138  -0.060093
296.568137  -0.060114
296.588136  -0.060104
296.608136  -0.060157
296.628135  -0.060157
296.648134  -0.060114
296.668133  -0.060136
296.688132  -0.060157
296.708132  -0.060178
296.728131  -0.060178
296.748130  -0.060146
296.768129  -0.060178
296.788128  -0.060168
296.808128  -0.060200
296.828127  -0.060189
296.848126  -0.060210
296.868125  -0.060189
296.888124  -0.060210
296.908124  -0.060189
296.928123  -0.060221
296.948122  -0.060168
296.968121  -0.060210
296.988120  -0.060232
297.008120  -0.060242
297.028119  -0.060242
297.048118  -0.060264
297.068117  -0.060274
297.088116  -0.060274
297.108116  -0.060274
297.128115  -0.060242
297.148114  -0.060296
297.168113  -0.060274
297.188112  -0.060253
297.208112  -0.060264
297.228111  -0.060253
297.248110  -0.060317
297.268109  -0.060349
297.288108  -0.060296
297.308108  -0.060307
297.328107  -0.060349
297.348106  -0.060349
297.368105  -0.060360
297.388104  -0.060349
297.408104  -0.060381
297.428103  -0.060360
297.448102  -0.060360
297.468101  -0.060349
297.488100  -0.060339
297.508100  -0.060360
297.528099  -0.060381
297.548098  -0.060371
297.568097  -0.060381
297.588096  -0.060371
297.608096  -0.060392
297.628095  -0.060392
297.648094  -0.060456
297.668093  -0.060360
297.688092  -0.060435
297.708092  -0.060413
297.728091  -0.060424
297.748090  -0.060445
297.768089  -0.060424
297.788088  -0.060467
297.808088  -0.060445
297.828087  -0.060435
297.848086  -0.060435
297.868085  -0.060467
297.888084  -0.060477
297.908084  -0.060488
297.928083  -0.060499
297.948082  -0.060477
297.968081  -0.060499
297.988080  -0.060509
298.008080  -0.060541
298.028079  -0.060509
298.048078  -0.060520
298.068077  -0.060509
298.088076  -0.060509
298.108076  -0.060477
298.128075  -0.060552
298.148074  -0.060541
298.168073  -0.060552
298.188072  -0.060552
298.208072  -0.060541
298.228071  -0.060552
298.248070  -0.060574
298.268069  -0.060606
298.288068  -0.060584
298.308068  -0.060574
298.328067  -0.060584
298.348066  -0.060627
298.368065  -0.060616
298.388064  -0.060574
298.408064  -0.060584
298.428063  -0.060616
298.448062  -0.060638
298.468061  -0.060648
298.488060  -0.060627
298.508060  -0.060638
298.528059  -0.060659
298.548058  -0.060691
298.568057  -0.060638
298.588056  -0.060616
298.608056  -0.060680
298.628055  -0.060670
298.648054  -0.060680
298.668053  -0.060659
298.688052  -0.060744
298.708052  -0.060691
298.728051  -0.060723
298.748050  -0.060680
298.768049  -0.060723
298.788048  -0.060744
298.808048  -0.060744
298.828047  -0.060744
298.848046  -0.060723
298.868045  -0.060702
298.888044  -0.060734
298.908044  -0.060734
298.928043  -0.060734
298.948042  -0.060776
298.968041  -0.060776
298.988040  -0.060766
299.008040  -0.060766
299.028039  -0.060766
299.048038  -0.060744
299.068037  -0.060787
299.088036  -0.060809
299.108036  -0.060798
299.128035  -0.060776
299.148034  -0.060809
299.168033  -0.060819
299.188032  -0.060830
299.208032  -0.060776
299.228031  -0.060798
299.248030  -0.060841
299.268029  -0.060819
299.288028  -0.060862
299.308028  -0.060841
299.328027  -0.060862
299.348026  -0.060873
299.368025  -0.060862
299.388024  -0.060851
299.408024  -0.060883
299.428023  -0.060873
299.448022  -0.060894
299.468021  -0.060915
299.488020  -0.060873
299.508020  -0.060905
299.528019  -0.060905
299.548018  -0.060937
299.568017  -0.060937
299.588016  -0.060915
299.608016  -0.060905
299.628015  -0.060915
299.648014  -0.060947
299.668013  -0.060926
299.688012  -0.060926
299.708012  -0.060937
299.728011  -0.060979
299.748010  -0.060990
299.768009  -0.060969
299.788008  -0.060937
299.808008  -0.060990
299.828007  -0.060979
299.848006  -0.061001
299.868005  -0.061011
299.888004  -0.060969
299.908004  -0.061011
299.928003  -0.061033
299.948002  -0.060958
299.968001  -0.061011
299.988000  -0.061001
300.008000  -0.061022
300.027999  -0.061065
300.047998  -0.061022
300.067997  -0.061044
300.087996  -0.061076
300.107996  -0.061044
300.127995  -0.061044
300.147994  -0.061044
300.167993  -0.061065
300.187992  -0.061108
300.207992  -0.061076
300.227991  -0.061054
300.247990  -0.061129
300.267989  -0.061108
300.287988  -0.061118
300.307988  -0.061140
300.327987  -0.061129
300.347986  -0.061118
300.367985  -0.061118
300.387984  -0.061140
300.407984  -0.061108
300.427983  -0.061150
300.447982  -0.061108
300.467981  -0.061140
300.487980  -0.061108
300.507980  -0.061150
300.527979  -0.061161
300.547978  -0.061193
300.567977  -0.061150
300.587976  -0.061182
300.607976  -0.061161
300.627975  -0.061204
300.647974  -0.061172
300.667973  -0.061193
300.687972  -0.061172
300.707972  -0.061214
300.727971  -0.061193
300.747970  -0.061214
300.767969  -0.061193
300.787968  -0.061246
300.807968  -0.061214
300.827967  -0.061225
300.847966  -0.061225
300.867965  -0.061268
300.887964  -0.061225
300.907964  -0.061257
300.927963  -0.061268
300.947962  -0.061289
300.967961  -0.061268
300.987960  -0.061300
301.007960  -0.061246
301.027959  -0.061289
301.047958  -0.061268
301.067957  -0.061300
301.087956  -0.061311
301.107956  -0.061332
301.127955  -0.061300
301.147954  -0.061343
301.167953  -0.061321
301.187952  -0.061353
301.207952  -0.061321
301.227951  -0.061353
301.247950  -0.061321
301.267949  -0.061311
301.287948  -0.061321
301.307948  -0.061343
301.327947  -0.061332
301.347946  -0.061364
301.367945  -0.061353
301.387944  -0.061385
301.407944  -0.061385
301.427943  -0.061396
301.447942  -0.061428
301.467941  -0.061396
301.487940  -0.061396
301.507940  -0.061396
301.527939  -0.061385
301.547938  -0.061449
301.567937  -0.061396
301.587936  -0.061407
301.607936  -0.061407
301.627935  -0.061439
301.647934  -0.061417
301.667933  -0.061449
301.687932  -0.061449
301.707932  -0.061460
301.727931  -0.061471
301.747930  -0.061556
301.767929  -0.061471
301.787928  -0.061492
301.807928  -0.061535
301.827927  -0.061481
301.847926  -0.061471
301.867925  -0.061481
301.887924  -0.061481
301.907924  -0.061535
301.927923  -0.061492
301.947922  -0.061535
301.967921  -0.061524
301.987920  -0.061556
302.007920  -0.061535
302.027919  -0.061535
302.047918  -0.061546
302.067917  -0.061535
302.087916  -0.061588
302.107916  -0.061556
302.127915  -0.061546
302.147914  -0.061556
302.167913  -0.061578
302.187912  -0.061578
302.207912  -0.061578
302.227911  -0.061578
302.247910  -0.061588
302.267909  -0.061588
302.287908  -0.061535
302.307908  -0.061631
302.327907  -0.061599
302.347906  -0.061610
302.367905  -0.061652
302.387904  -0.061642
302.407904  -0.061652
302.427903  -0.061642
302.447902  -0.061642
302.467901  -0.061642
302.487900  -0.061610
302.507900  -0.061642
302.527899  -0.061642
302.547898  -0.061631
302.567897  -0.061663
302.587896  -0.061684
302.607896  -0.061706
302.627895  -0.061695
302.647894  -0.061727
302.667893  -0.061695
302.687892  -0.061695
302.707892  -0.061674
302.727891  -0.061727
302.747890  -0.061695
302.767889  -0.061706
302.787888  -0.061706
302.807888  -0.061706
302.827887  -0.061759
302.847886  -0.061748
302.867885  -0.061716
302.887884  -0.061770
302.907884  -0.061748
302.927883  -0.061748
302.947882  -0.061748
302.967881  -0.061781
302.987880  -0.061781
303.007880  -0.061834
303.027879  -0.061781
303.047878  -0.061781
303.067877  -0.061781
303.087876  -0.061813
303.107876  -0.061770
303.127875  -0.061781
303.147874  -0.061802
303.167873  -0.061791
303.187872  -0.061791
303.207872  -0.061813
303.227871  -0.061855
303.247870  -0.061845
303.267869  -0.061855
303.287868  -0.061877
303.307868  -0.061887
303.327867  -0.061866
303.347866  -0.061866
303.367865  -0.061855
303.387864  -0.061898
303.407864  -0.061887
303.427863  -0.061877
303.447862  -0.061887
303.467861  -0.061909
303.487860  -0.061887
303.507860  -0.061909
303.527859  -0.061919
303.547858  -0.061930
303.567857  -0.061962
303.587856  -0.061930
303.607856  -0.061951
303.627855  -0.061919
303.647854  -0.061973
303.667853  -0.061951
303.687852  -0.061962
303.707852  -0.061962
303.727851  -0.061951
303.747850  -0.061973
303.767849  -0.061962
303.787848  -0.061983
303.807848  -0.061994
303.827847  -0.061962
303.847846  -0.062005
303.867845  -0.062005
303.887844  -0.061994
303.907844  -0.061983
303.927843  -0.062026
303.947842  -0.062016
303.967841  -0.062005
303.987840  -0.062016
304.007840  -0.062069
304.027839  -0.062016
304.047838  -0.062112
304.067837  -0.062048
304.087836  -0.062048
304.107836  -0.062026
304.127835  -0.062069
304.147834  -0.062069
304.167833  -0.062080
304.187832  -0.062080
304.207832  -0.062069
304.227831  -0.062080
304.247830  -0.062090
304.267829  -0.062080
304.287828  -0.062090
304.307828  -0.062090
304.327827  -0.062122
304.347826  -0.062101
304.367825  -0.062133
304.387824  -0.062112
304.407824  -0.062133
304.427823  -0.062154
304.447822  -0.062144
304.467821  -0.062154
304.487820  -0.062154
304.507820  -0.062154
304.527819  -0.062144
304.547818  -0.062154
304.567817  -0.062176
304.587816  -0.062165
304.607816  -0.062165
304.627815  -0.062165
304.647814  -0.062208
304.667813  -0.062197
304.687812  -0.062154
304.707812  -0.062186
304.727811  -0.062229
304.747810  -0.062229
304.767809  -0.062218
304.787808  -0.062240
304.807808  -0.062197
304.827807  -0.062229
304.847806  -0.062261
304.867805  -0.062251
304.887804  -0.062272
304.907804  -0.062229
304.927803  -0.062229
304.947802  -0.062251
304.967801  -0.062251
304.987800  -0.062304
305.007800  -0.062283
305.027799  -0.062272
305.047798  -0.062293
305.067797  -0.062283
305.087796  -0.062272
305.107796  -0.062272
305.127795  -0.062304
305.147794  -0.062325
305.167793  -0.062336
305.187792  -0.062325
305.207792  -0.062293
305.227791  -0.062304
305.247790  -0.062315
305.267789  -0.062304
305.287788  -0.062336
305.307788  -0.062357
305.327787  -0.062357
305.347786  -0.062357
305.367785  -0.062411
305.387784  -0.062379
305.407784  -0.062347
305.427783  -0.062347
305.447782  -0.062336
305.467781  -0.062379
305.487780  -0.062400
305.507780  -0.062400
305.527779  -0.062379
305.547778  -0.062411
305.567777  -0.062411
305.587776  -0.062421
305.607776  -0.062411
305.627775  -0.062432
305.647774  -0.062464
305.667773  -0.062432
305.687772  -0.062443
305.707772  -0.062411
305.727771  -0.062432
305.747770  -0.062443
305.767769  -0.062432
305.787768  -0.062443
305.807768  -0.062421
305.827767  -0.062486
305.847766  -0.062496
305.867765  -0.062475
305.887764  -0.062475
305.907764  -0.062496
305.927763  -0.062496
305.947762  -0.062475
305.967761  -0.062518
305.987760  -0.062518
306.007760  -0.062550
306.027759  -0.062507
306.047758  -0.062539
306.067757  -0.062518
306.087756  -0.062528
306.107756  -0.062539
306.127755  -0.062528
306.147754  -0.062571
306.167753  -0.062528
306.187752  -0.062550
306.207752  -0.062539
306.227751  -0.062560
306.247750  -0.062550
306.267749  -0.062603
306.287748  -0.062560
306.307748  -0.062624
306.327747  -0.062603
306.347746  -0.062624
306.367745  -0.062635
306.387744  -0.062624
306.407744  -0.062614
306.427743  -0.062560
306.447742  -0.062603
306.467741  -0.062646
306.487740  -0.062571
306.507740  -0.062656
306.527739  -0.062656
306.547738  -0.062646
306.567737  -0.062656
306.587736  -0.062667
306.607736  -0.062678
306.627735  -0.062667
306.647734  -0.062646
306.667733  -0.062667
306.687732  -0.062667
306.707732  -0.062667
306.727731  -0.062667
306.747730  -0.062678
306.767729  -0.062688
306.787728  -0.062720
306.807728  -0.062688
306.827727  -0.062688
306.847726  -0.062720
306.867725  -0.062742
306.887724  -0.062699
306.907724  -0.062785
306.927723  -0.062731
306.947722  -0.062753
306.967721  -0.062720
306.987720  -0.062720
307.007720  -0.062742
307.027719  -0.062742
307.047718  -0.062742
307.067717  -0.062774
307.087716  -0.062742
307.107716  -0.062785
307.127715  -0.062774
307.147714  -0.062785
307.167713  -0.062827
307.187712  -0.062795
307.207712  -0.062806
307.227711  -0.062849
307.247710  -0.062795
307.267709  -0.062785
307.287708  -0.062827
307.307708  -0.062849
307.327707  -0.062817
307.347706  -0.062827
307.367705  -0.062849
307.387704  -0.062870
307.407704  -0.062859
307.427703  -0.062881
307.447702  -0.062859
307.467701  -0.062881
307.487700  -0.062849
307.507700  -0.062881
307.527699  -0.062827
307.547698  -0.062849
307.567697  -0.062881
307.587696  -0.062881
307.607696  -0.062859
307.627695  -0.062913
307.647694  -0.062913
307.667693  -0.062945
307.687692  -0.062891
307.707692  -0.062945
307.727691  -0.062945
307.747690  -0.062977
307.767689  -0.062955
307.787688  -0.062977
307.807688  -0.062934
307.827687  -0.062934
307.847686  -0.062934
307.867685  -0.062988
307.887684  -0.062934
307.907684  -0.062955
307.927683  -0.062988
307.947682  -0.062966
307.967681  -0.062977
307.987680  -0.062998
308.007680  -0.062977
308.027679  -0.062988
308.047678  -0.063009
308.067677  -0.062998
308.087676  -0.063020
308.107676  -0.063009
308.127675  -0.063009
308.147674  -0.063030
308.167673  -0.063020
308.187672  -0.063030
308.207672  -0.063052
308.227671  -0.063052
308.247670  -0.063094
308.267669  -0.063062
308.287668  -0.063073
308.307668  -0.063073
308.327667  -0.063084
308.347666  -0.063041
308.367665  -0.063094
308.387664  -0.063062
308.407664  -0.063084
308.427663  -0.063094
308.447662  -0.063073
308.467661  -0.063084
308.487660  -0.063094
308.507660  -0.063094
308.527659  -0.063126
308.547658  -0.063084
308.567657  -0.063116
308.587656  -0.063148
308.607656  -0.063116
308.627655  -0.063105
308.647654  -0.063148
308.667653  -0.063148
308.687652  -0.063148
308.707652  -0.063137
308.727651  -0.063126
308.747650  -0.063169
308.767649  -0.063158
308.787648  -0.063158
308.807648  -0.063169
308.827647  -0.063212
308.847646  -0.063212
308.867645  -0.063212
308.887644  -0.063169
308.907644  -0.063201
308.927643  -0.063190
308.947642  -0.063223
308.967641  -0.063212
308.987640  -0.063201
309.007640  -0.063244
309.027639  -0.063233
309.047638  -0.063212
309.067637  -0.063223
309.087636  -0.063233
309.107636  -0.063244
309.127635  -0.063255
309.147634  -0.063201
309.167633  -0.063233
309.187632  -0.063276
309.207632  -0.063265
309.227631  -0.063244
309.247630  -0.063244
309.267629  -0.063265
309.287628  -0.063287
309.307628  -0.063297
309.327627  -0.063287
309.347626  -0.063297
309.367625  -0.063329
309.387624  -0.063287
309.407624  -0.063329
309.427623  -0.063287
309.447622  -0.063297
309.467621  -0.063308
309.487620  -0.063319
309.507620  -0.063329
309.527619  -0.063361
309.547618  -0.063351
309.567617  -0.063372
309.587616  -0.063351
309.607616  -0.063340
309.627615  -0.063340
309.647614  -0.063372
309.667613  -0.063393
309.687612  -0.063404
309.707612  -0.063372
309.727611  -0.063393
309.747610  -0.063383
309.767609  -0.063415
309.787608  -0.063393
309.807608  -0.063415
309.827607  -0.063383
309.847606  -0.063436
309.867605  -0.063393
309.887604  -0.063447
309.907604  -0.063436
309.927603  -0.063404
309.947602  -0.063404
309.967601  -0.063436
309.987600  -0.063436
310.007600  -0.063447
310.027599  -0.063458
310.047598  -0.063436
310.067597  -0.063458
310.087596  -0.063468
310.107596  -0.063436
310.127595  -0.063479
310.147594  -0.063479
310.167593  -0.063490
310.187592  -0.063468
310.207592  -0.063479
310.227591  -0.063490
310.247590  -0.063511
310.267589  -0.063490
310.287588  -0.063532
310.307588  -0.063522
310.327587  -0.063479
310.347586  -0.063532
310.367585  -0.063532
310.387584  -0.063543
310.407584  -0.063586
310.427583  -0.063543
310.447582  -0.063575
310.467581  -0.063554
310.487580  -0.063586
310.507580  -0.063532
310.527579  -0.063554
310.547578  -0.063543
310.567577  -0.063586
310.587576  -0.063596
310.607576  -0.063564
310.627575  -0.063618
310.647574  -0.063596
310.667573  -0.063596
310.687572  -0.063628
310.707572  -0.063586
310.727571  -0.063618
310.747570  -0.063607
310.767569  -0.063618
310.787568  -0.063650
310.807568  -0.063660
310.827567  -0.063607
310.847566  -0.063650
310.867565  -0.063596
310.887564  -0.063650
310.907564  -0.063660
310.927563  -0.063660
310.947562  -0.063682
310.967561  -0.063703
310.987560  -0.063660
311.007560  -0.063692
311.027559  -0.063714
311.047558  -0.063692
311.067557  -0.063703
311.087556  -0.063703
311.107556  -0.063692
311.127555  -0.063703
311.147554  -0.063725
311.167553  -0.063703
311.187552  -0.063714
311.207552  -0.063692
311.227551  -0.063725
311.247550  -0.063789
311.267549  -0.063735
311.287548  -0.063757
311.307548  -0.063746
311.327547  -0.063767
311.347546  -0.063725
311.367545  -0.063778
311.387544  -0.063778
311.407544  -0.063757
311.427543  -0.063757
311.447542  -0.063789
311.467541  -0.063767
311.487540  -0.063778
311.507540  -0.063746
311.527539  -0.063789
311.547538  -0.063799
311.567537  -0.063821
311.587536  -0.063789
311.607536  -0.063810
311.627535  -0.063831
311.647534  -0.063799
311.667533  -0.063831
311.687532  -0.063810
311.707532  -0.063810
311.727531  -0.063831
311.747530  -0.063853
311.767529  -0.063885
311.787528  -0.063842
311.807528  -0.063874
311.827527  -0.063853
311.847526  -0.063853
311.867525  -0.063853
311.887524  -0.063874
311.907524  -0.063831
311.927523  -0.063885
311.947522  -0.063895
311.967521  -0.063895
311.987520  -0.063906
312.007520  -0.063885
312.027519  -0.063895
312.047518  -0.063927
312.067517  -0.063895
312.087516  -0.063927
312.107516  -0.063938
312.127515  -0.063917
312.147514  -0.063917
312.167513  -0.063949
312.187512  -0.063949
312.207512  -0.063927
312.227511  -0.063981
312.247510  -0.063981
312.267509  -0.063970
312.287508  -0.063938
312.307508  -0.063938
312.327507  -0.063992
312.347506  -0.063960
312.367505  -0.063960
312.387504  -0.063992
312.407504  -0.063992
312.427503  -0.063992
312.447502  -0.064056
312.467501  -0.064002
312.487500  -0.064034
312.507500  -0.064045
312.527499  -0.064013
312.547498  -0.064013
312.567497  -0.064024
312.587497  -0.064034
312.607496  -0.064024
312.627495  -0.064024
312.647494  -0.063981
312.667493  -0.064056
312.687493  -0.064024
312.707492  -0.064066
312.727491  -0.064034
312.747490  -0.064045
312.767489  -0.064056
312.787489  -0.064088
312.807488  -0.064034
312.827487  -0.064088
312.847486  -0.064109
312.867485  -0.064088
312.887485  -0.064120
312.907484  -0.064098
312.927483  -0.064109
312.947482  -0.064152
312.967481  -0.064088
312.987481  -0.064120
313.007480  -0.064130
313.027479  -0.064109
313.047478  -0.064130
313.067477  -0.064152
313.087477  -0.064109
313.107476  -0.064130
313.127475  -0.064120
313.147474  -0.064184
313.167473  -0.064141
313.187473  -0.064152
313.207472  -0.064162
313.227471  -0.064184
313.247470  -0.064184
313.267469  -0.064173
313.287469  -0.064162
313.307468  -0.064227
313.327467  -0.064195
313.347466  -0.064205
313.367465  -0.064184
313.387465  -0.064237
313.407464  -0.064205
313.427463  -0.064237
313.447462  -0.064227
313.467461  -0.064227
313.487461  -0.064184
313.507460  -0.064248
313.527459  -0.064216
313.547458  -0.064237
313.567457  -0.064227
313.587457  -0.064269
313.607456  -0.064227
313.627455  -0.064291
313.647454  -0.064269
313.667453  -0.064301
313.687453  -0.064323
313.707452  -0.064280
313.727451  -0.064280
313.747450  -0.064301
313.767449  -0.064323
313.787449  -0.064312
313.807448  -0.064291
313.827447  -0.064301
313.847446  -0.064269
313.867445  -0.064312
313.887445  -0.064344
313.907444  -0.064323
313.927443  -0.064333
313.947442  -0.064355
313.967441  -0.064365
313.987441  -0.064323
314.007440  -0.064344
314.027439  -0.064365
314.047438  -0.064365
314.067437  -0.064387
314.087437  -0.064355
314.107436  -0.064355
314.127435  -0.064355
314.147434  -0.064387
314.167433  -0.064397
314.187433  -0.064355
314.207432  -0.064419
314.227431  -0.064397
314.247430  -0.064397
314.267429  -0.064430
314.287429  -0.064408
314.307428  -0.064408
314.327427  -0.064408
314.347426  -0.064419
314.367425  -0.064408
314.387425  -0.064397
314.407424  -0.064419
314.427423  -0.064440
314.447422  -0.064440
314.467421  -0.064451
314.487421  -0.064430
314.507420  -0.064483
314.527419  -0.064430
314.547418  -0.064440
314.567417  -0.064451
314.587417  -0.064430
314.607416  -0.064462
314.627415  -0.064483
314.647414  -0.064483
314.667413  -0.064515
314.687413  -0.064515
314.707412  -0.064515
314.727411  -0.064483
314.747410  -0.064472
314.767409  -0.064526
314.787409  -0.064558
314.807408  -0.064526
314.827407  -0.064526
314.847406  -0.064526
314.867405  -0.064526
314.887405  -0.064526
314.907404  -0.064547
314.927403  -0.064526
314.947402  -0.064558
314.967401  -0.064558
314.987401  -0.064568
315.007400  -0.064547
315.027399  -0.064611
315.047398  -0.064579
315.067397  -0.064600
315.087397  -0.064558
315.107396  -0.064590
315.127395  -0.064600
315.147394  -0.064600
315.167393  -0.064579
315.187393  -0.064611
315.207392  -0.064579
315.227391  -0.064590
315.247390  -0.064611
315.267389  -0.064611
315.287389  -0.064622
315.307388  -0.064622
315.327387  -0.064622
315.347386  -0.064654
315.367385  -0.064643
315.387385  -0.064622
315.407384  -0.064643
315.427383  -0.064654
315.447382  -0.064665
315.467381  -0.064654
315.487381  -0.064654
315.507380  -0.064632
315.527379  -0.064665
315.547378  -0.064654
315.567377  -0.064654
315.587377  -0.064665
315.607376  -0.064632
315.627375  -0.064718
315.647374  -0.064697
315.667373  -0.064697
315.687373  -0.064739
315.707372  -0.064729
315.727371  -0.064707
315.747370  -0.064729
315.767369  -0.064739
315.787369  -0.064707
315.807368  -0.064718
315.827367  -0.064707
315.847366  -0.064750
315.867365  -0.064739
315.887365  -0.064729
315.907364  -0.064771
315.927363  -0.064771
315.947362  -0.064761
315.967361  -0.064825
315.987361  -0.064793
316.007360  -0.064803
316.027359  -0.064782
316.047358  -0.064793
316.067357  -0.064803
316.087357  -0.064793
316.107356  -0.064782
316.127355  -0.064814
316.147354  -0.064825
316.167353  -0.064782
316.187353  -0.064814
316.207352  -0.064825
316.227351  -0.064782
316.247350  -0.064835
316.267349  -0.064825
316.287349  -0.064835
316.307348  -0.064867
316.327347  -0.064825
316.347346  -0.064878
316.367345  -0.064857
316.387345  -0.064825
316.407344  -0.064889
316.427343  -0.064899
316.447342  -0.064867
316.467341  -0.064846
316.487341  -0.064889
316.507340  -0.064867
316.527339  -0.064857
316.547338  -0.064889
316.567337  -0.064921
316.587337  -0.064899
316.607336  -0.064899
316.627335  -0.064910
316.647334  -0.064899
316.667333  -0.064899
316.687333  -0.064942
316.707332  -0.064932
316.727331  -0.064942
316.747330  -0.064942
316.767329  -0.064942
316.787329  -0.064932
316.807328  -0.064953
316.827327  -0.064921
316.847326  -0.064953
316.867325  -0.064964
316.887325  -0.064974
316.907324  -0.064964
316.927323  -0.064953
316.947322  -0.065006
316.967321  -0.064996
316.987321  -0.064996
317.007320  -0.064985
317.027319  -0.064985
317.047318  -0.065006
317.067317  -0.065006
317.087317  -0.065006
317.107316  -0.064996
317.127315  -0.064996
317.147314  -0.065017
317.167313  -0.065049
317.187313  -0.065028
317.207312  -0.065006
317.227311  -0.065006
317.247310  -0.065060
317.267309  -0.065049
317.287309  -0.065038
317.307308  -0.065028
317.327307  -0.065049
317.347306  -0.065017
317.367305  -0.065060
317.387305  -0.065038
317.407304  -0.065081
317.427303  -0.065102
317.447302  -0.065102
317.467301  -0.065102
317.487301  -0.065081
317.507300  -0.065092
317.527299  -0.065134
317.547298  -0.065081
317.567297  -0.065145
317.587297  -0.065070
317.607296  -0.065113
317.627295  -0.065092
317.647294  -0.065134
317.667293  -0.065124
317.687293  -0.065124
317.707292  -0.065113
317.727291  -0.065145
317.747290  -0.065167
317.767289  -0.065188
317.787289  -0.065156
317.807288  -0.065156
317.827287  -0.065188
317.847286  -0.065167
317.867285  -0.065156
317.887285  -0.065177
317.907284  -0.065145
317.927283  -0.065134
317.947282  -0.065156
317.967281  -0.065177
317.987281  -0.065188
318.007280  -0.065241
318.027279  -0.065220
318.047278  -0.065220
318.067277  -0.065209
318.087277  -0.065199
318.107276  -0.065231
318.127275  -0.065220
318.147274  -0.065209
318.167273  -0.065220
318.187273  -0.065231
318.207272  -0.065263
318.227271  -0.065252
318.247270  -0.065241
318.267269  -0.065252
318.287269  -0.065263
318.307268  -0.065284
318.327267  -0.065284
318.347266  -0.065273
318.367265  -0.065295
318.387265  -0.065284
318.407264  -0.065305
318.427263  -0.065316
318.447262  -0.065305
318.467261  -0.065295
318.487261  -0.065295
318.507260  -0.065284
318.527259  -0.065295
318.547258  -0.065327
318.567257  -0.065327
318.587257  -0.065359
318.607256  -0.065391
318.627255  -0.065348
318.647254  -0.065391
318.667253  -0.065391
318.687253  -0.065391
318.707252  -0.065327
318.727251  -0.065380
318.747250  -0.065359
318.767249  -0.065380
318.787249  -0.065337
318.807248  -0.065380
318.827247  -0.065337
318.847246  -0.065380
318.867245  -0.065391
318.887245  -0.065391
318.907244  -0.065402
318.927243  -0.065412
318.947242  -0.065423
318.967241  -0.065412
318.987241  -0.065412
319.007240  -0.065391
319.027239  -0.065423
319.047238  -0.065380
319.067237  -0.065444
319.087237  -0.065455
319.107236  -0.065455
319.127235  -0.065444
319.147234  -0.065444
319.167233  -0.065455
319.187233  -0.065423
319.207232  -0.065455
319.227231  -0.065466
319.247230  -0.065498
319.267229  -0.065455
319.287229  -0.065476
319.307228  -0.065487
319.327227  -0.065455
319.347226  -0.065476
319.367225  -0.065508
319.387225  -0.065498
319.407224  -0.065466
319.427223  -0.065498
319.447222  -0.065519
319.467221  -0.065530
319.487221  -0.065498
319.507220  -0.065498
319.527219  -0.065540
319.547218  -0.065519
319.567217  -0.065562
319.587217  -0.065572
319.607216  -0.065551
319.627215  -0.065540
319.647214  -0.065604
319.667213  -0.065551
319.687213  -0.065530
319.707212  -0.065519
319.727211  -0.065562
319.747210  -0.065562
319.767209  -0.065551
319.787209  -0.065572
319.807208  -0.065604
319.827207  -0.065583
319.847206  -0.065583
319.867205  -0.065583
319.887205  -0.065562
319.907204  -0.065594
319.927203  -0.065594
319.947202  -0.065583
319.967201  -0.065604
319.987201  -0.065604
320.007200  -0.065604
320.027199  -0.065604
320.047198  -0.065604
320.067197  -0.065637
320.087197  -0.065637
320.107196  -0.065626
320.127195  -0.065594
320.147194  -0.065658
320.167193  -0.065615
320.187193  -0.065658
320.207192  -0.065669
320.227191  -0.065637
320.247190  -0.065679
320.267189  -0.065679
320.287189  -0.065679
320.307188  -0.065679
320.327187  -0.065637
320.347186  -0.065658
320.367185  -0.065690
320.387185  -0.065722
320.407184  -0.065669
320.427183  -0.065733
320.447182  -0.065690
320.467181  -0.065722
320.487181  -0.065701
320.507180  -0.065679
320.527179  -0.065690
320.547178  -0.065722
320.567177  -0.065711
320.587177  -0.065733
320.607176  -0.065743
320.627175  -0.065722
320.647174  -0.065743
320.667173  -0.065754
320.687173  -0.065733
320.707172  -0.065743
320.727171  -0.065765
320.747170  -0.065786
320.767169  -0.065754
320.787169  -0.065775
320.807168  -0.065797
320.827167  -0.065775
320.847166  -0.065754
320.867165  -0.065754
320.887165  -0.065786
320.907164  -0.065765
320.927163  -0.065775
320.947162  -0.065765
320.967161  -0.065786
320.987161  -0.065797
321.007160  -0.065797
321.027159  -0.065807
321.047158  -0.065797
321.067157  -0.065850
321.087157  -0.065850
321.107156  -0.065839
321.127155  -0.065839
321.147154  -0.065850
321.167153  -0.065807
321.187153  -0.065861
321.207152  -0.065839
321.227151  -0.065861
321.247150  -0.065797
321.267149  -0.065882
321.287149  -0.065882
321.307148  -0.065882
321.327147  -0.065839
321.347146  -0.065904
321.367145  -0.065882
321.387145  -0.065914
321.407144  -0.065904
321.427143  -0.065914
321.447142  -0.065893
321.467141  -0.065904
321.487141  -0.065882
321.507140  -0.065861
321.527139  -0.065904
321.547138  -0.065904
321.567137  -0.065925
321.587137  -0.065946
321.607136  -0.065904
321.627135  -0.065914
321.647134  -0.065968
321.667133  -0.065978
321.687133  -0.065957
321.707132  -0.065936
321.727131  -0.065914
321.747130  -0.065936
321.767129  -0.065936
321.787129  -0.065968
321.807128  -0.065957
321.827127  -0.066000
321.847126  -0.065968
321.867125  -0.066010
321.887125  -0.065978
321.907124  -0.066010
321.927123  -0.065989
321.947122  -0.066010
321.967121  -0.065978
321.987121  -0.066010
322.007120  -0.066010
322.027119  -0.065989
322.047118  -0.066021
322.067117  -0.066010
322.087117  -0.066010
322.107116  -0.066021
322.127115  -0.066074
322.147114  -0.066064
322.167113  -0.066074
322.187113  -0.066032
322.207112  -0.066096
322.227111  -0.066085
322.247110  -0.066064
322.267109  -0.066074
322.287109  -0.066042
322.307108  -0.066064
322.327107  -0.066085
322.347106  -0.066085
322.367105  -0.066074
322.387105  -0.066064
322.407104  -0.066064
322.427103  -0.066117
322.447102  -0.066096
322.467101  -0.066106
322.487101  -0.066096
322.507100  -0.066106
322.527099  -0.066085
322.547098  -0.066117
322.567097  -0.066160
322.587097  -0.066128
322.607096  -0.066117
322.627095  -0.066139
322.647094  -0.066128
322.667093  -0.066160
322.687093  -0.066128
322.707092  -0.066139
322.727091  -0.066149
322.747090  -0.066181
322.767089  -0.066149
322.787089  -0.066149
322.807088  -0.066203
322.827087  -0.066149
322.847086  -0.066192
322.867085  -0.066203
322.887085  -0.066192
322.907084  -0.066171
322.927083  -0.066203
322.947082  -0.066181
322.967081  -0.066181
322.987081  -0.066192
323.007080  -0.066203
323.027079  -0.066224
323.047078  -0.066256
323.067077  -0.066256
323.087077  -0.066224
323.107076  -0.066224
323.127075  -0.066267
323.147074  -0.066245
323.167073  -0.066224
323.187073  -0.066224
323.207072  -0.066235
323.227071  -0.066267
323.247070  -0.066267
323.267069  -0.066256
323.287069  -0.066235
323.307068  -0.066245
323.327067  -0.066256
323.347066  -0.066267
323.367065  -0.066256
323.387065  -0.066277
323.407064  -0.066267
323.427063  -0.066267
323.447062  -0.066256
323.467061  -0.066299
323.487061  -0.066331
323.507060  -0.066267
323.527059  -0.066320
323.547058  -0.066320
323.567057  -0.066299
323.587057  -0.066320
323.607056  -0.066288
323.627055  -0.066320
323.647054  -0.066320
323.667053  -0.066309
323.687053  -0.066331
323.707052  -0.066320
323.727051  -0.066331
323.747050  -0.066352
323.767049  -0.066352
323.787049  -0.066341
323.807048  -0.066363
323.827047  -0.066341
323.847046  -0.066374
323.867045  -0.066352
323.887045  -0.066352
323.907044  -0.066384
323.927043  -0.066406
323.947042  -0.066395
323.967041  -0.066395
323.987041  -0.066416
324.007040  -0.066374
324.027039  -0.066427
324.047038  -0.066416
324.067037  -0.066406
324.087037  -0.066416
324.107036  -0.066395
324.127035  -0.066406
324.147034  -0.066416
324.167033  -0.066416
324.187033  -0.066427
324.207032  -0.066416
324.227031  -0.066448
324.247030  -0.066480
324.267029  -0.066448
324.287029  -0.066470
324.307028  -0.066448
324.327027  -0.066480
324.347026  -0.066480
324.367025  -0.066459
324.387025  -0.066427
324.407024  -0.066480
324.427023  -0.066470
324.447022  -0.066459
324.467021  -0.066459
324.487021  -0.066491
324.507020  -0.066470
324.527019  -0.066491
324.547018  -0.066512
324.567017  -0.066491
324.587017  -0.066502
324.607016  -0.066502
324.627015  -0.066491
324.647014  -0.066502
324.667013  -0.066470
324.687013  -0.066512
324.707012  -0.066502
324.727011  -0.066544
324.747010  -0.066491
324.767009  -0.066523
324.787009  -0.066523
324.807008  -0.066523
324.827007  -0.066555
324.847006  -0.066566
324.867005  -0.066534
324.887005  -0.066587
324.907004  -0.066544
324.927003  -0.066587
324.947002  -0.066555
324.967001  -0.066534
324.987001  -0.066576
325.007000  -0.066566
325.026999  -0.066566
325.046998  -0.066566
325.066997  -0.066555
325.086997  -0.066598
325.106996  -0.066576
325.126995  -0.066609
325.146994  -0.066609
325.166993  -0.066609
325.186993  -0.066630
325.206992  -0.066598
325.226991  -0.066619
325.246990  -0.066619
325.266989  -0.066598
325.286989  -0.066609
325.306988  -0.066598
325.326987  -0.066630
325.346986  -0.066651
325.366985  -0.066619
325.386985  -0.066641
325.406984  -0.066673
325.426983  -0.066651
325.446982  -0.066651
325.466981  -0.066619
325.486981  -0.066683
325.506980  -0.066651
325.526979  -0.066662
325.546978  -0.066683
325.566977  -0.066641
325.586977  -0.066662
325.606976  -0.066705
325.626975  -0.066715
325.646974  -0.066705
325.666973  -0.066758
325.686973  -0.066705
325.706972  -0.066705
325.726971  -0.066683
325.746970  -0.066726
325.766969  -0.066715
325.786969  -0.066726
325.806968  -0.066705
325.826967  -0.066705
325.846966  -0.066726
325.866965  -0.066726
325.886965  -0.066747
325.906964  -0.066705
325.926963  -0.066737
325.946962  -0.066758
325.966961  -0.066779
325.986961  -0.066747
326.006960  -0.066737
326.026959  -0.066758
326.046958  -0.066769
326.066957  -0.066758
326.086957  -0.066769
326.106956  -0.066790
326.126955  -0.066769
326.146954  -0.066758
326.166953  -0.066769
326.186953  -0.066790
326.206952  -0.066758
326.226951  -0.066801
326.246950  -0.066854
326.266949  -0.066822
326.286949  -0.066779
326.306948  -0.066822
326.326947  -0.066811
326.346946  -0.066801
326.366945  -0.066854
326.386945  -0.066811
326.406944  -0.066822
326.426943  -0.066822
326.446942  -0.066844
326.466941  -0.066854
326.486941  -0.066865
326.506940  -0.066854
326.526939  -0.066844
326.546938  -0.066844
326.566937  -0.066854
326.586937  -0.066833
326.606936  -0.066865
326.626935  -0.066854
326.646934  -0.066886
326.666933  -0.066908
326.686933  -0.066908
326.706932  -0.066908
326.726931  -0.066865
326.746930  -0.066865
326.766929  -0.066886
326.786929  -0.066854
326.806928  -0.066940
326.826927  -0.066886
326.846926  -0.066886
326.866925  -0.066918
326.886925  -0.066897
326.906924  -0.066929
326.926923  -0.066929
326.946922  -0.066908
326.966921  -0.066940
326.986921  -0.066918
327.006920  -0.066918
327.026919  -0.066961
327.046918  -0.066908
327.066917  -0.066982
327.086917  -0.066972
327.106916  -0.066972
327.126915  -0.066940
327.146914  -0.066972
327.166913  -0.066940
327.186913  -0.067014
327.206912  -0.066972
327.226911  -0.067004
327.246910  -0.066950
327.266909  -0.066982
327.286909  -0.066972
327.306908  -0.066993
327.326907  -0.066972
327.346906  -0.067046
327.366905  -0.066972
327.386905  -0.066993
327.406904  -0.066961
327.426903  -0.067025
327.446902  -0.066961
327.466901  -0.067036
327.486901  -0.067014
327.506900  -0.067025
327.526899  -0.067014
327.546898  -0.067068
327.566897  -0.067004
327.586897  -0.067036
327.606896  -0.067036
327.626895  -0.067057
327.646894  -0.067014
327.666893  -0.067014
327.686893  -0.067025
327.706892  -0.067036
327.726891  -0.067089
327.746890  -0.067036
327.766889  -0.067078
327.786889  -0.067046
327.806888  -0.067100
327.826887  -0.067100
327.846886  -0.067121
327.866885  -0.067089
327.886885  -0.067078
327.906884  -0.067078
327.926883  -0.067100
327.946882  -0.067100
327.966881  -0.067089
327.986881  -0.067100
328.006880  -0.067121
328.026879  -0.067121
328.046878  -0.067111
328.066877  -0.067132
328.086877  -0.067164
328.106876  -0.067132
328.126875  -0.067132
328.146874  -0.067132
328.166873  -0.067111
328.186873  -0.067132
328.206872  -0.067143
328.226871  -0.067143
328.246870  -0.067111
328.266869  -0.067153
328.286869  -0.067164
328.306868  -0.067153
328.326867  -0.067143
328.346866  -0.067164
328.366865  -0.067217
328.386865  -0.067207
328.406864  -0.067207
328.426863  -0.067228
328.446862  -0.067175
328.466861  -0.067153
328.486861  -0.067175
328.506860  -0.067185
328.526859  -0.067175
328.546858  -0.067207
328.566857  -0.067175
328.586857  -0.067185
328.606856  -0.067196
328.626855  -0.067196
328.646854  -0.067207
328.666853  -0.067249
328.686853  -0.067217
328.706852  -0.067207
328.726851  -0.067228
328.746850  -0.067239
328.766849  -0.067207
328.786849  -0.067249
328.806848  -0.067239
328.826847  -0.067271
328.846846  -0.067217
328.866845  -0.067249
328.886845  -0.067228
328.906844  -0.067292
328.926843  -0.067292
328.946842  -0.067292
328.966841  -0.067228
328.986841  -0.067260
329.006840  -0.067303
329.026839  -0.067292
329.046838  -0.067303
329.066837  -0.067303
329.086837  -0.067281
329.106836  -0.067313
329.126835  -0.067271
329.146834  -0.067271
329.166833  -0.067324
329.186833  -0.067292
329.206832  -0.067324
329.226831  -0.067346
329.246830  -0.067292
329.266829  -0.067324
329.286829  -0.067313
329.306828  -0.067313
329.326827  -0.067303
329.346826  -0.067335
329.366825  -0.067388
329.386825  -0.067367
329.406824  -0.067356
329.426823  -0.067356
329.446822  -0.067346
329.466821  -0.067388
329.486821  -0.067378
329.506820  -0.067399
329.526819  -0.067356
329.546818  -0.067356
329.566817  -0.067388
329.586817  -0.067431
329.606816  -0.067399
329.626815  -0.067420
329.646814  -0.067399
329.666813  -0.067388
329.686813  -0.067388
329.706812  -0.067378
329.726811  -0.067388
329.746810  -0.067442
329.766809  -0.067410
329.786809  -0.067431
329.806808  -0.067431
329.826807  -0.067388
329.846806  -0.067410
329.866805  -0.067474
329.886805  -0.067442
329.906804  -0.067420
329.926803  -0.067463
329.946802  -0.067452
329.966801  -0.067431
329.986801  -0.067420
330.006800  -0.067410
330.026799  -0.067474
330.046798  -0.067463
330.066797  -0.067484
330.086797  -0.067474
330.106796  -0.067484
330.126795  -0.067516
330.146794  -0.067474
330.166793  -0.067484
330.186793  -0.067474
330.206792  -0.067527
330.226791  -0.067484
330.246790  -0.067506
330.266789  -0.067506
330.286789  -0.067506
330.306788  -0.067506
330.326787  -0.067538
330.346786  -0.067538
330.366785  -0.067527
330.386785  -0.067548
330.406784  -0.067538
330.426783  -0.067527
330.446782  -0.067538
330.466781  -0.067538
330.486781  -0.067538
330.506780  -0.067548
330.526779  -0.067559
330.546778  -0.067538
330.566777  -0.067581
330.586777  -0.067591
330.606776  -0.067559
330.626775  -0.067559
330.646774  -0.067538
330.666773  -0.067538
330.686773  -0.067570
330.706772  -0.067591
330.726771  -0.067602
330.746770  -0.067602
330.766769  -0.067602
330.786769  -0.067570
330.806768  -0.067591
330.826767  -0.067591
330.846766  -0.067613
330.866765  -0.067645
330.886765  -0.067591
330.906764  -0.067570
330.926763  -0.067613
330.946762  -0.067591
330.966761  -0.067602
330.986761  -0.067623
331.006760  -0.067613
331.026759  -0.067602
331.046758  -0.067613
331.066757  -0.067634
331.086757  -0.067677
331.106756  -0.067645
331.126755  -0.067655
331.146754  -0.067645
331.166753  -0.067655
331.186753  -0.067613
331.206752  -0.067634
331.226751  -0.067645
331.246750  -0.067666
331.266749  -0.067634
331.286749  -0.067666
331.306748  -0.067677
331.326747  -0.067698
331.346746  -0.067666
331.366745  -0.067677
331.386745  -0.067677
331.406744  -0.067719
331.426743  -0.067687
331.446742  -0.067698
331.466741  -0.067655
331.486741  -0.067719
331.506740  -0.067666
331.526739  -0.067719
331.546738  -0.067709
331.566737  -0.067719
331.586737  -0.067719
331.606736  -0.067687
331.626735  -0.067719
331.646734  -0.067730
331.666733  -0.067730
331.686733  -0.067741
331.706732  -0.067719
331.726731  -0.067751
331.746730  -0.067730
331.766729  -0.067751
331.786729  -0.067741
331.806728  -0.067762
331.826727  -0.067741
331.846726  -0.067741
331.866725  -0.067741
331.886725  -0.067783
331.906724  -0.067773
331.926723  -0.067805
331.946722  -0.067826
331.966721  -0.067794
331.986721  -0.067773
332.006720  -0.067794
332.026719  -0.067816
332.046718  -0.067890
332.066717  -0.067869
332.086717  -0.067848
332.106716  -0.067912
332.126715  -0.067954
332.146714  -0.067922
332.166713  -0.067976
332.186713  -0.067986
332.206712  -0.068040
332.226711  -0.068018
332.246710  -0.068072
332.266709  -0.068083
332.286709  -0.068093
332.306708  -0.068072
332.326707  -0.068050
332.346706  -0.068115
332.366705  -0.068136
332.386705  -0.068168
332.406704  -0.068157
332.426703  -0.068157
332.446702  -0.068168
332.466701  -0.068168
332.486701  -0.068157
332.506700  -0.068168
332.526699  -0.068243
332.546698  -0.068243
332.566697  -0.068221
332.586697  -0.068253
332.606696  -0.068232
332.626695  -0.068243
332.646694  -0.068253
332.666693  -0.068221
332.686693  -0.068253
332.706692  -0.068264
332.726691  -0.068275
332.746690  -0.068264
332.766689  -0.068318
332.786689  -0.068264
332.806688  -0.068307
332.826687  -0.068307
332.846686  -0.068328
332.866685  -0.068296
332.886685  -0.068360
332.906684  -0.068371
332.926683  -0.068360
332.946682  -0.068350
332.966681  -0.068371
332.986681  -0.068371
333.006680  -0.068360
333.026679  -0.068382
333.046678  -0.068446
333.066677  -0.068488
333.086677  -0.068467
333.106676  -0.068499
333.126675  -0.068574
333.146674  -0.068574
333.166673  -0.068627
333.186673  -0.068638
333.206672  -0.068681
333.226671  -0.068670
333.246670  -0.068681
333.266669  -0.068766
333.286669  -0.068745
333.306668  -0.068745
333.326667  -0.068766
333.346666  -0.068777
333.366665  -0.068798
333.386665  -0.068798
333.406664  -0.068798
333.426663  -0.068798
333.446662  -0.068841
333.466661  -0.068852
333.486661  -0.068894
333.506660  -0.068841
333.526659  -0.068905
333.546658  -0.068873
333.566657  -0.068873
333.586657  -0.068916
333.606656  -0.068884
333.626655  -0.068884
333.646654  -0.068916
333.666653  -0.068926
333.686653  -0.068937
333.706652  -0.068948
333.726651  -0.068969
333.746650  -0.069001
333.766649  -0.068990
333.786649  -0.068990
333.806648  -0.068980
333.826647  -0.069012
333.846646  -0.069012
333.866645  -0.069033
333.886645  -0.068980
333.906644  -0.068990
333.926643  -0.069044
333.946642  -0.069022
333.966641  -0.069044
333.986641  -0.069065
334.006640  -0.069012
334.026639  -0.069087
334.046638  -0.069065
334.066637  -0.069087
334.086637  -0.069055
334.106636  -0.069097
334.126635  -0.069065
334.146634  -0.069076
334.166633  -0.069097
334.186633  -0.069065
334.206632  -0.069108
334.226631  -0.069108
334.246630  -0.069087
334.266629  -0.069097
334.286629  -0.069108
334.306628  -0.069119
334.326627  -0.069108
334.346626  -0.069140
334.366625  -0.069108
334.386625  -0.069129
334.406624  -0.069151
334.426623  -0.069129
334.446622  -0.069129
334.466621  -0.069140
334.486621  -0.069129
334.506620  -0.069140
334.526619  -0.069129
334.546618  -0.069183
334.566617  -0.069140
334.586617  -0.069151
334.606616  -0.069151
334.626615  -0.069204
334.646614  -0.069172
334.666613  -0.069161
334.686613  -0.069183
334.706612  -0.069172
334.726611  -0.069151
334.746610  -0.069193
334.766609  -0.069161
334.786609  -0.069172
334.806608  -0.069183
334.826607  -0.069172
334.846606  -0.069204
334.866605  -0.069204
334.886605  -0.069215
334.906604  -0.069236
334.926603  -0.069215
334.946602  -0.069204
334.966601  -0.069225
334.986601  -0.069225
335.006600  -0.069225
335.026599  -0.069257
335.046598  -0.069225
335.066597  -0.069215
335.086597  -0.069204
335.106596  -0.069257
335.126595  -0.069268
335.146594  -0.069257
335.166593  -0.069236
335.186593  -0.069311
335.206592  -0.069247
335.226591  -0.069268
335.246590  -0.069290
335.266589  -0.069247
335.286589  -0.069290
335.306588  -0.069247
335.326587  -0.069247
335.346586  -0.069236
335.366585  -0.069268
335.386585  -0.069300
335.406584  -0.069279
335.426583  -0.069300
335.446582  -0.069322
335.466581  -0.069343
335.486581  -0.069311
335.506580  -0.069279
335.526579  -0.069279
335.546578  -0.069375
335.566577  -0.069332
335.586577  -0.069300
335.606576  -0.069290
335.626575  -0.069354
335.646574  -0.069322
335.666573  -0.069311
335.686573  -0.069300
335.706572  -0.069343
335.726571  -0.069386
335.746570  -0.069354
335.766569  -0.069300
335.786569  -0.069290
335.806568  -0.069364
335.826567  -0.069407
335.846566  -0.069322
335.866565  -0.069322
335.886565  -0.069311
335.906564  -0.069418
335.926563  -0.069396
335.946562  -0.069332
335.966561  -0.069279
335.986561  -0.069396
336.006560  -0.069450
336.026559  -0.069407
336.046558  -0.069343
336.066557  -0.069322
336.086557  -0.069407
336.106556  -0.069428
336.126555  -0.069354
336.146554  -0.069332
336.166553  -0.069407
336.186553  -0.069439
336.206552  -0.069418
336.226551  -0.069354
336.246550  -0.069354
336.266549  -0.069407
336.286549  -0.069418
336.306548  -0.069407
336.326547  -0.069396
336.346546  -0.069428
336.366545  -0.069439
336.386545  -0.069492
336.406544  -0.069386
336.426543  -0.069386
336.446542  -0.069439
336.466541  -0.069450
336.486541  -0.069460
336.506540  -0.069418
336.526539  -0.069386
336.546538  -0.069460
336.566537  -0.069428
336.586537  -0.069439
336.606536  -0.069428
336.626535  -0.069450
336.646534  -0.069503
336.666533  -0.069439
336.686533  -0.069396
336.706532  -0.069428
336.726531  -0.069460
336.746530  -0.069460
336.766529  -0.069396
336.786529  -0.069418
336.806528  -0.069503
336.826527  -0.069482
336.846526  -0.069503
336.866525  -0.069471
336.886525  -0.069428
336.906524  -0.069482
336.926523  -0.069503
336.946522  -0.069471
336.966521  -0.069460
336.986521  -0.069482
337.006520  -0.069514
337.026519  -0.069482
337.046518  -0.069439
337.066517  -0.069450
337.086517  -0.069492
337.106516  -0.069525
337.126515  -0.069471
337.146514  -0.069503
337.166513  -0.069482
337.186513  -0.069514
337.206512  -0.069492
337.226511  -0.069471
337.246510  -0.069503
337.266509  -0.069514
337.286509  -0.069557
337.306508  -0.069503
337.326507  -0.069460
337.346506  -0.069482
337.366505  -0.069557
337.386505  -0.069557
337.406504  -0.069482
337.426503  -0.069471
337.446502  -0.069557
337.466501  -0.069546
337.486501  -0.069546
337.506500  -0.069514
337.526499  -0.069492
337.546498  -0.069567
337.566497  -0.069599
337.586497  -0.069535
337.606496  -0.069514
337.626495  -0.069546
337.646494  -0.069546
337.666493  -0.069557
337.686493  -0.069503
337.706492  -0.069503
337.726491  -0.069610
337.746490  -0.069578
337.766489  -0.069525
337.786489  -0.069514
337.806488  -0.069557
337.826487  -0.069599
337.846486  -0.069621
337.866485  -0.069557
337.886485  -0.069578
337.906484  -0.069578
337.926483  -0.069599
337.946482  -0.069567
337.966481  -0.069535
337.986481  -0.069546
338.006480  -0.069610
338.026479  -0.069578
338.046478  -0.069535
338.066477  -0.069567
338.086477  -0.069578
338.106476  -0.069621
338.126475  -0.069567
338.146474  -0.069578
338.166473  -0.069589
338.186473  -0.069674
338.206472  -0.069631
338.226471  -0.069557
338.246470  -0.069589
338.266469  -0.069610
338.286469  -0.069663
338.306468  -0.069567
338.326467  -0.069589
338.346466  -0.069631
338.366465  -0.069621
338.386465  -0.069653
338.406464  -0.069631
338.426463  -0.069578
338.446462  -0.069621
338.466461  -0.069695
338.486461  -0.069674
338.506460  -0.069589
338.526459  -0.069589
338.546458  -0.069631
338.566457  -0.069685
338.586457  -0.069589
338.606456  -0.069599
338.626455  -0.069674
338.646454  -0.069695
338.666453  -0.069706
338.686453  -0.069653
338.706452  -0.069631
338.726451  -0.069695
338.746450  -0.069695
338.766449  -0.069663
338.786449  -0.069674
338.806448  -0.069663
338.826447  -0.069631
338.846446  -0.069706
338.866445  -0.069621
338.886445  -0.069621
338.906444  -0.069674
338.926443  -0.069663
338.946442  -0.069674
338.966441  -0.069663
338.986441  -0.069685
339.006440  -0.069760
339.026439  -0.069695
339.046438  -0.069674
339.066437  -0.069685
339.086437  -0.069695
339.106436  -0.069695
339.126435  -0.069674
339.146434  -0.069631
339.166433  -0.069706
339.186433  -0.069695
339.206432  -0.069695
339.226431  -0.069685
339.246430  -0.069770
339.266429  -0.069695
339.286429  -0.069760
339.306428  -0.069738
339.326427  -0.069695
339.346426  -0.069695
339.366425  -0.069717
339.386425  -0.069727
339.406424  -0.069685
339.426423  -0.069653
339.446422  -0.069727
339.466421  -0.069706
339.486421  -0.069749
339.506420  -0.069695
339.526419  -0.069727
339.546418  -0.069738
339.566417  -0.069738
339.586417  -0.069749
339.606416  -0.069674
339.626415  -0.069727
339.646414  -0.069792
339.666413  -0.069738
339.686413  -0.069727
339.706412  -0.069738
339.726411  -0.069738
339.746410  -0.069760
339.766409  -0.069770
339.786409  -0.069685
339.806408  -0.069760
339.826407  -0.069792
339.846406  -0.069792
339.866405  -0.069717
339.886405  -0.069760
339.906404  -0.069760
339.926403  -0.069770
339.946402  -0.069760
339.966401  -0.069695
339.986401  -0.069727
340.006400  -0.069792
340.026399  -0.069770
340.046398  -0.069738
340.066397  -0.069727
340.086397  -0.069760
340.106396  -0.069760
340.126395  -0.069781
340.146394  -0.069749
340.166393  -0.069749
340.186393  -0.069770
340.206392  -0.069824
340.226391  -0.069749
340.246390  -0.069781
340.266389  -0.069749
340.286389  -0.069760
340.306388  -0.069824
340.326387  -0.069792
340.346386  -0.069770
340.366385  -0.069792
340.386385  -0.069824
340.406384  -0.069770
340.426383  -0.069760
340.446382  -0.069770
340.466381  -0.069760
340.486381  -0.069834
340.506380  -0.069760
340.526379  -0.069792
340.546378  -0.069824
340.566377  -0.069781
340.586377  -0.069749
340.606376  -0.069781
340.626375  -0.069792
340.646374  -0.069802
340.666373  -0.069824
340.686373  -0.069802
340.706372  -0.069781
340.726371  -0.069792
340.746370  -0.069845
340.766369  -0.069834
340.786369  -0.069813
340.806368  -0.069824
340.826367  -0.069877
340.846366  -0.069856
340.866365  -0.069813
340.886365  -0.069781
340.906364  -0.069824
340.926363  -0.069824
340.946362  -0.069856
340.966361  -0.069813
340.986361  -0.069792
341.006360  -0.069813
341.026359  -0.069813
341.046358  -0.069856
341.066357  -0.069781
341.086357  -0.069781
341.106356  -0.069877
341.126355  -0.069856
341.146354  -0.069802
341.166353  -0.069824
341.186353  -0.069834
341.206352  -0.069845
341.226351  -0.069824
341.246350  -0.069792
341.266349  -0.069813
341.286349  -0.069824
341.306348  -0.069856
341.326347  -0.069834
341.346346  -0.069813
341.366345  -0.069866
341.386345  -0.069856
341.406344  -0.069877
341.426343  -0.069781
341.446342  -0.069845
341.466341  -0.069909
341.486341  -0.069877
341.506340  -0.069824
341.526339  -0.069824
341.546338  -0.069866
341.566337  -0.069877
341.586337  -0.069834
341.606336  -0.069845
341.626335  -0.069834
341.646334  -0.069866
341.666333  -0.069866
341.686333  -0.069845
341.706332  -0.069834
341.726331  -0.069856
341.746330  -0.069877
341.766329  -0.069877
341.786329  -0.069834
341.806328  -0.069834
341.826327  -0.069866
341.846326  -0.069824
341.866325  -0.069866
341.886325  -0.069824
341.906324  -0.069845
341.926323  -0.069898
341.946322  -0.069898
341.966321  -0.069813
341.986321  -0.069845
342.006320  -0.069813
342.026319  -0.069898
342.046318  -0.069898
342.066317  -0.069834
342.086317  -0.069824
342.106316  -0.069866
342.126315  -0.069834
342.146314  -0.069866
342.166313  -0.069856
342.186313  -0.069888
342.206312  -0.069877
342.226311  -0.069856
342.246310  -0.069856
342.266309  -0.069909
342.286309  -0.069866
342.306308  -0.069909
342.326307  -0.069856
342.346306  -0.069866
342.366305  -0.069866
342.386305  -0.069877
342.406304  -0.069845
342.426303  -0.069845
342.446302  -0.069845
342.466301  -0.069898
342.486301  -0.069888
342.506300  -0.069834
342.526299  -0.069845
342.546298  -0.069888
342.566297  -0.069909
342.586297  -0.069909
342.606296  -0.069898
342.626295  -0.069898
342.646294  -0.069898
342.666293  -0.069920
342.686293  -0.069920
342.706292  -0.069845
342.726291  -0.069866
342.746290  -0.069888
342.766289  -0.069909
342.786289  -0.069866
342.806288  -0.069888
342.826287  -0.069898
342.846286  -0.069920
342.866285  -0.069952
342.886285  -0.069909
342.906284  -0.069856
342.926283  -0.069920
342.946282  -0.069877
342.966281  -0.069898
342.986281  -0.069877
343.006280  -0.069920
343.026279  -0.069930
343.046278  -0.069898
343.066277  -0.069909
343.086277  -0.069877
343.106276  -0.069930
343.126275  -0.069920
343.146274  -0.069898
343.166273  -0.069920
343.186273  -0.069877
343.206272  -0.069930
343.226271  -0.069909
343.246270  -0.069898
343.266269  -0.069888
343.286269  -0.069888
343.306268  -0.069930
343.326267  -0.069888
343.346266  -0.069856
343.366265  -0.069877
343.386265  -0.069952
343.406264  -0.069930
343.426263  -0.069898
343.446262  -0.069866
343.466261  -0.069920
343.486261  -0.069930
343.506260  -0.069941
343.526259  -0.069898
343.546258  -0.069909
343.566257  -0.069909
343.586257  -0.069941
343.606256  -0.069909
343.626255  -0.069920
343.646254  -0.069920
343.666253  -0.069888
343.686253  -0.069930
343.706252  -0.069930
343.726251  -0.069930
343.746250  -0.069941
343.766249  -0.069930
343.786249  -0.069920
343.806248  -0.069941
343.826247  -0.069952
343.846246  -0.069909
343.866245  -0.069962
343.886245  -0.069877
343.906244  -0.069930
343.926243  -0.069962
343.946242  -0.069962
343.966241  -0.069930
343.986241  -0.069930
344.006240  -0.069909
344.026239  -0.069930
344.046238  -0.069984
344.066237  -0.069930
344.086237  -0.069962
344.106236  -0.069962
344.126235  -0.069909
344.146234  -0.069952
344.166233  -0.069962
344.186233  -0.069973
344.206232  -0.069941
344.226231  -0.069952
344.246230  -0.069952
344.266229  -0.069930
344.286229  -0.069984
344.306228  -0.069952
344.326227  -0.069962
344.346226  -0.069930
344.366225  -0.069984
344.386225  -0.069984
344.406224  -0.069984
344.426223  -0.069973
344.446222  -0.069952
344.466221  -0.069952
344.486221  -0.069952
344.506220  -0.069941
344.526219  -0.069920
344.546218  -0.069930
344.566217  -0.069984
344.586217  -0.069973
344.606216  -0.069952
344.626215  -0.069984
344.646214  -0.070005
344.666213  -0.069962
344.686213  -0.069984
344.706212  -0.069962
344.726211  -0.069995
344.746210  -0.069984
344.766209  -0.069941
344.786209  -0.069952
344.806208  -0.069995
344.826207  -0.069984
344.846206  -0.069952
344.866205  -0.069962
344.886205  -0.069984
344.906204  -0.070027
344.926203  -0.069984
344.946202  -0.069984
344.966201  -0.070016
344.986201  -0.069962
345.006200  -0.069984
345.026199  -0.069995
345.046198  -0.069962
345.066197  -0.069930
345.086197  -0.069984
345.106196  -0.069952
345.126195  -0.069941
345.146194  -0.069995
345.166193  -0.070037
345.186193  -0.070005
345.206192  -0.070005
345.226191  -0.069984
345.246190  -0.070005
345.266189  -0.070016
345.286189  -0.070027
345.306188  -0.070005
345.326187  -0.070027
345.346186  -0.069962
345.366185  -0.070027
345.386185  -0.069941
345.406184  -0.070005
345.426183  -0.069984
345.446182  -0.069995
345.466181  -0.069995
345.486181  -0.070048
345.506180  -0.070005
345.526179  -0.070037
345.546178  -0.069995
345.566177  -0.070037
345.586177  -0.069995
345.606176  -0.069984
345.626175  -0.070016
345.646174  -0.070027
345.666173  -0.069984
345.686173  -0.069995
345.706172  -0.069962
345.726171  -0.070005
345.746170  -0.069995
345.766169  -0.070027
345.786169  -0.070059
345.806168  -0.070080
345.826167  -0.070037
345.846166  -0.070037
345.866165  -0.070048
345.886165  -0.070027
345.906164  -0.070048
345.926163  -0.070005
345.946162  -0.069973
345.966161  -0.070027
345.986161  -0.070059
346.006160  -0.070027
346.026159  -0.070048
346.046158  -0.070080
346.066157  -0.070027
346.086157  -0.070059
346.106156  -0.070016
346.126155  -0.070080
346.146154  -0.070048
346.166153  -0.070016
346.186153  -0.070037
346.206152  -0.070037
346.226151  -0.070027
346.246150  -0.070037
346.266149  -0.070048
346.286149  -0.070080
346.306148  -0.070048
346.326147  -0.070027
346.346146  -0.070016
346.366145  -0.070048
346.386145  -0.070069
346.406144  -0.070027
346.426143  -0.070048
346.446142  -0.070101
346.466141  -0.070059
346.486141  -0.070101
346.506140  -0.070240
346.526139  -0.070069
346.546138  -0.070048
346.566137  -0.070080
346.586137  -0.070080
346.606136  -0.070080
346.626135  -0.070080
346.646134  -0.070101
346.666133  -0.070048
346.686133  -0.070069
346.706132  -0.070059
346.726131  -0.070112
346.746130  -0.070123
346.766129  -0.070091
346.786129  -0.070091
346.806128  -0.070123
346.826127  -0.070069
346.846126  -0.070091
346.866125  -0.070101
346.886125  -0.070091
346.906124  -0.070101
346.926123  -0.070155
346.946122  -0.070123
346.966121  -0.070101
346.986121  -0.070059
347.006120  -0.070187
347.026119  -0.070133
347.046118  -0.070123
347.066117  -0.070133
347.086117  -0.070112
347.106116  -0.070144
347.126115  -0.070101
347.146114  -0.070155
347.166113  -0.070133
347.186113  -0.070133
347.206112  -0.070133
347.226111  -0.070165
347.246110  -0.070123
347.266109  -0.070155
347.286109  -0.070165
347.306108  -0.070112
347.326107  -0.070155
347.346106  -0.070240
347.366105  -0.070155
347.386105  -0.070144
347.406104  -0.070197
347.426103  -0.070155
347.446102  -0.070155
347.466101  -0.070133
347.486101  -0.070144
347.506100  -0.070155
347.526099  -0.070165
347.546098  -0.070187
347.566097  -0.070144
347.586097  -0.070187
347.606096  -0.070176
347.626095  -0.070208
347.646094  -0.070176
347.666093  -0.070197
347.686093  -0.070197
347.706092  -0.070208
347.726091  -0.070165
347.746090  -0.070187
347.766089  -0.070165
347.786089  -0.070187
347.806088  -0.070165
347.826087  -0.070229
347.846086  -0.070208
347.866085  -0.070208
347.886085  -0.070187
347.906084  -0.070251
347.926083  -0.070208
347.946082  -0.070251
347.966081  -0.070187
347.986081  -0.070229
348.006080  -0.070208
348.026079  -0.070208
348.046078  -0.070187
348.066077  -0.070229
348.086077  -0.070219
348.106076  -0.070208
348.126075  -0.070208
348.146074  -0.070251
348.166073  -0.070187
348.186073  -0.070240
348.206072  -0.070240
348.226071  -0.070262
348.246070  -0.070219
348.266069  -0.070240
348.286069  -0.070262
348.306068  -0.070251
348.326067  -0.070208
348.346066  -0.070219
348.366065  -0.070219
348.386065  -0.070251
348.406064  -0.070229
348.426063  -0.070240
348.446062  -0.070262
348.466061  -0.070283
348.486061  -0.070240
348.506060  -0.070294
348.526059  -0.070240
348.546058  -0.070283
348.566057  -0.070262
348.586057  -0.070251
348.606056  -0.070272
348.626055  -0.070272
348.646054  -0.070229
348.666053  -0.070272
348.686053  -0.070251
348.706052  -0.070272
348.726051  -0.070315
348.746050  -0.070283
348.766049  -0.070294
348.786049  -0.070294
348.806048  -0.070294
348.826047  -0.070336
348.846046  -0.070315
348.866045  -0.070283
348.886045  -0.070294
348.906044  -0.070315
348.926043  -0.070283
348.946042  -0.070304
348.966041  -0.070304
348.986041  -0.070283
349.006040  -0.070304
349.026039  -0.070315
349.046038  -0.070326
349.066037  -0.070347
349.086037  -0.070315
349.106036  -0.070304
349.126035  -0.070336
349.146034  -0.070336
349.166033  -0.070336
349.186033  -0.070304
349.206032  -0.070326
349.226031  -0.070347
349.246030  -0.070262
349.266029  -0.070326
349.286029  -0.070336
349.306028  -0.070347
349.326027  -0.070358
349.346026  -0.070358
349.366025  -0.070326
349.386025  -0.070336
349.406024  -0.070336
349.426023  -0.070336
349.446022  -0.070326
349.466021  -0.070326
349.486021  -0.070390
349.506020  -0.070358
349.526019  -0.070411
349.546018  -0.070358
349.566017  -0.070368
349.586017  -0.070379
349.606016  -0.070358
349.626015  -0.070432
349.646014  -0.070347
349.666013  -0.070379
349.686013  -0.070368
349.706012  -0.070368
349.726011  -0.070379
349.746010  -0.070390
349.766009  -0.070411
349.786009  -0.070411
349.806008  -0.070347
349.826007  -0.070379
349.846006  -0.070379
349.866005  -0.070368
349.886005  -0.070390
349.906004  -0.070379
349.926003  -0.070368
349.946002  -0.070390
349.966001  -0.070422
349.986001  -0.070368
350.006000  -0.070390
350.025999  -0.070422
350.045998  -0.070422
350.065997  -0.070422
350.085997  -0.070411
350.105996  -0.070443
350.125995  -0.070422
350.145994  -0.070464
350.165993  -0.070486
350.185993  -0.070454
350.205992  -0.070464
350.225991  -0.070475
350.245990  -0.070475
350.265989  -0.070507
350.285989  -0.070475
350.305988  -0.070497
350.325987  -0.070518
350.345986  -0.070486
350.365985  -0.070475
350.385985  -0.070507
350.405984  -0.070539
350.425983  -0.070518
350.445982  -0.070497
350.465981  -0.070539
350.485981  -0.070550
350.505980  -0.070518
350.525979  -0.070539
350.545978  -0.070603
350.565977  -0.070539
350.585977  -0.070539
350.605976  -0.070550
350.625975  -0.070561
350.645974  -0.070518
350.665973  -0.070550
350.685973  -0.070539
350.705972  -0.070582
350.725971  -0.070550
350.745970  -0.070518
350.765969  -0.070550
350.785969  -0.070539
350.805968  -0.070529
350.825967  -0.070550
350.845966  -0.070539
350.865965  -0.070582
350.885965  -0.070561
350.905964  -0.070529
350.925963  -0.070550
350.945962  -0.070550
350.965961  -0.070571
350.985961  -0.070539
351.005960  -0.070539
351.025959  -0.070561
351.045958  -0.070507
351.065957  -0.070550
351.085957  -0.070550
351.105956  -0.070571
351.125955  -0.070571
351.145954  -0.070561
351.165953  -0.070582
351.185953  -0.070582
351.205952  -0.070561
351.225951  -0.070561
351.245950  -0.070582
351.265949  -0.070603
351.285949  -0.070571
351.305948  -0.070561
351.325947  -0.070571
351.345946  -0.070582
351.365945  -0.070603
351.385945  -0.070603
351.405944  -0.070593
351.425943  -0.070582
351.445942  -0.070625
351.465941  -0.070593
351.485941  -0.070614
351.505940  -0.070603
351.525939  -0.070614
351.545938  -0.070593
351.565937  -0.070571
351.585937  -0.070582
351.605936  -0.070593
351.625935  -0.070571
351.645934  -0.070593
351.665933  -0.070614
351.685933  -0.070593
351.705932  -0.070593
351.725931  -0.070635
351.745930  -0.070614
351.765929  -0.070635
351.785929  -0.070603
351.805928  -0.070603
351.825927  -0.070614
351.845926  -0.070603
351.865925  -0.070603
351.885925  -0.070603
351.905924  -0.070603
351.925923  -0.070635
351.945922  -0.070603
351.965921  -0.070657
351.985921  -0.070635
352.005920  -0.070625
352.025919  -0.070646
352.045918  -0.070625
352.065917  -0.070657
352.085917  -0.070657
352.105916  -0.070614
352.125915  -0.070635
352.145914  -0.070614
352.165913  -0.070635
352.185913  -0.070571
352.205912  -0.070625
352.225911  -0.070614
352.245910  -0.070635
352.265909  -0.070603
352.285909  -0.070625
352.305908  -0.070635
352.325907  -0.070657
352.345906  -0.070657
352.365905  -0.070667
352.385905  -0.070678
352.405904  -0.070678
352.425903  -0.070635
352.445902  -0.070678
352.465901  -0.070678
352.485901  -0.070667
352.505900  -0.070635
352.525899  -0.070635
352.545898  -0.070657
352.565897  -0.070646
352.585897  -0.070721
352.605896  -0.070710
352.625895  -0.070678
352.645894  -0.070667
352.665893  -0.070667
352.685893  -0.070678
352.705892  -0.070678
352.725891  -0.070678
352.745890  -0.070667
352.765889  -0.070667
352.785889  -0.070678
352.805888  -0.070699
352.825887  -0.070699
352.845886  -0.070678
352.865885  -0.070689
352.885885  -0.070710
352.905884  -0.070678
352.925883  -0.070710
352.945882  -0.070721
352.965881  -0.070646
352.985881  -0.070689
353.005880  -0.070732
353.025879  -0.070635
353.045878  -0.070635
353.065877  -0.070625
353.085877  -0.070667
353.105876  -0.070625
353.125875  -0.070635
353.145874  -0.070614
353.165873  -0.070635
353.185873  -0.070614
353.205872  -0.070603
353.225871  -0.070635
353.245870  -0.070614
353.265869  -0.070603
353.285869  -0.070603
353.305868  -0.070593
353.325867  -0.070593
353.345866  -0.070561
353.365865  -0.070603
353.385865  -0.070561
353.405864  -0.070571
353.425863  -0.070550
353.445862  -0.070550
353.465861  -0.070561
353.485861  -0.070582
353.505860  -0.070550
353.525859  -0.070593
353.545858  -0.070539
353.565857  -0.070625
353.585857  -0.070550
353.605856  -0.070529
353.625855  -0.070550
353.645854  -0.070539
353.665853  -0.070571
353.685853  -0.070561
353.705852  -0.070550
353.725851  -0.070571
353.745850  -0.070571
353.765849  -0.070550
353.785849  -0.070582
353.805848  -0.070593
353.825847  -0.070561
353.845846  -0.070550
353.865845  -0.070561
353.885845  -0.070561
353.905844  -0.070561
353.925843  -0.070550
353.945842  -0.070571
353.965841  -0.070529
353.985841  -0.070571
354.005840  -0.070550
354.025839  -0.070593
354.045838  -0.070582
354.065837  -0.070593
354.085837  -0.070561
354.105836  -0.070550
354.125835  -0.070582
354.145834  -0.070561
354.165833  -0.070571
354.185833  -0.070539
354.205832  -0.070582
354.225831  -0.070593
354.245830  -0.070571
354.265829  -0.070582
354.285829  -0.070561
354.305828  -0.070582
354.325827  -0.070550
354.345826  -0.070582
354.365825  -0.070571
354.385825  -0.070550
354.405824  -0.070571
354.425823  -0.070582
354.445822  -0.070614
354.465821  -0.070614
354.485821  -0.070550
354.505820  -0.070582
354.525819  -0.070593
354.545818  -0.070603
354.565817  -0.070593
354.585817  -0.070561
354.605816  -0.070561
354.625815  -0.070593
354.645814  -0.070571
354.665813  -0.070625
354.685813  -0.070603
354.705812  -0.070603
354.725811  -0.070635
354.745810  -0.070614
354.765809  -0.070646
354.785809  -0.070550
354.805808  -0.070625
354.825807  -0.070625
354.845806  -0.070582
354.865805  -0.070603
354.885805  -0.070593
354.905804  -0.070603
354.925803  -0.070603
354.945802  -0.070635
354.965801  -0.070614
354.985801  -0.070625
355.005800  -0.070635
355.025799  -0.070667
355.045798  -0.070614
355.065797  -0.070614
355.085797  -0.070614
355.105796  -0.070625
355.125795  -0.070603
355.145794  -0.070635
355.165793  -0.070603
355.185793  -0.070614
355.205792  -0.070625
355.225791  -0.070635
355.245790  -0.070603
355.265789  -0.070625
355.285789  -0.070625
355.305788  -0.070667
355.325787  -0.070625
355.345786  -0.070667
355.365785  -0.070678
355.385785  -0.070657
355.405784  -0.070603
355.425783  -0.070625
355.445782  -0.070635
355.465781  -0.070667
355.485781  -0.070667
355.505780  -0.070635
355.525779  -0.070635
355.545778  -0.070657
355.565777  -0.070667
355.585777  -0.070710
355.605776  -0.070646
355.625775  -0.070699
355.645774  -0.070657
355.665773  -0.070635
355.685773  -0.070657
355.705772  -0.070625
355.725771  -0.070689
355.745770  -0.070689
355.765769  -0.070667
355.785769  -0.070667
355.805768  -0.070646
355.825767  -0.070689
355.845766  -0.070667
355.865765  -0.070678
355.885765  -0.070689
355.905764  -0.070710
355.925763  -0.070689
355.945762  -0.070646
355.965761  -0.070678
355.985761  -0.070699
356.005760  -0.070635
356.025759  -0.070646
356.045758  -0.070689
356.065757  -0.070721
356.085757  -0.070678
356.105756  -0.070689
356.125755  -0.070678
356.145754  -0.070678
356.165753  -0.070689
356.185753  -0.070721
356.205752  -0.070678
356.225751  -0.070646
356.245750  -0.070689
356.265749  -0.070678
356.285749  -0.070699
356.305748  -0.070646
356.325747  -0.070657
356.345746  -0.070699
356.365745  -0.070689
356.385745  -0.070732
356.405744  -0.070721
356.425743  -0.070699
356.445742  -0.070732
356.465741  -0.070710
356.485741  -0.070689
356.505740  -0.070689
356.525739  -0.070721
356.545738  -0.070699
356.565737  -0.070689
356.585737  -0.070721
356.605736  -0.070753
356.625735  -0.070678
356.645734  -0.070710
356.665733  -0.070678
356.685733  -0.070699
356.705732  -0.070710
356.725731  -0.070678
356.745730  -0.070732
356.765729  -0.070721
356.785729  -0.070742
356.805728  -0.070699
356.825727  -0.070689
356.845726  -0.070699
356.865725  -0.070721
356.885725  -0.070678
356.905724  -0.070710
356.925723  -0.070689
356.945722  -0.070721
356.965721  -0.070732
356.985721  -0.070710
357.005720  -0.070721
357.025719  -0.070710
357.045718  -0.070732
357.065717  -0.070742
357.085717  -0.070721
357.105716  -0.070721
357.125715  -0.070732
357.145714  -0.070732
357.165713  -0.070710
357.185713  -0.070732
357.205712  -0.070710
357.225711  -0.070699
357.245710  -0.070732
357.265709  -0.070753
357.285709  -0.070721
357.305708  -0.070699
357.325707  -0.070710
357.345706  -0.070753
357.365705  -0.070710
357.385705  -0.070753
357.405704  -0.070753
357.425703  -0.070742
357.445702  -0.070774
357.465701  -0.070721
357.485701  -0.070732
357.505700  -0.070764
357.525699  -0.070742
357.545698  -0.070742
357.565697  -0.070774
357.585697  -0.070753
357.605696  -0.070710
357.625695  -0.070764
357.645694  -0.070764
357.665693  -0.070721
357.685693  -0.070764
357.705692  -0.070764
357.725691  -0.070742
357.745690  -0.070742
357.765689  -0.070774
357.785689  -0.070742
357.805688  -0.070721
357.825687  -0.070710
357.845686  -0.070753
357.865685  -0.070732
357.885685  -0.070838
357.905684  -0.070764
357.925683  -0.070764
357.945682  -0.070753
357.965681  -0.070785
357.985681  -0.070764
358.005680  -0.070732
358.025679  -0.070774
358.045678  -0.070785
358.065677  -0.070764
358.085677  -0.070753
358.105676  -0.070753
358.125675  -0.070753
358.145674  -0.070774
358.165673  -0.070753
358.185673  -0.070753
358.205672  -0.070764
358.225671  -0.070742
358.245670  -0.070753
358.265669  -0.070796
358.285669  -0.070806
358.305668  -0.070785
358.325667  -0.070838
358.345666  -0.070806
358.365665  -0.070764
358.385665  -0.070817
358.405664  -0.070785
358.425663  -0.070753
358.445662  -0.070785
358.465661  -0.070785
358.485661  -0.070796
358.505660  -0.070764
358.525659  -0.070806
358.545658  -0.070764
358.565657  -0.070796
358.585657  -0.070796
358.605656  -0.070806
358.625655  -0.070764
358.645654  -0.070732
358.665653  -0.070753
358.685653  -0.070817
358.705652  -0.070774
358.725651  -0.070774
358.745650  -0.070764
358.765649  -0.070753
358.785649  -0.070796
358.805648  -0.070806
358.825647  -0.070785
358.845646  -0.070774
358.865645  -0.070785
358.885645  -0.070806
358.905644  -0.070774
358.925643  -0.070764
358.945642  -0.070732
358.965641  -0.070764
358.985641  -0.070742
359.005640  -0.070753
359.025639  -0.070764
359.045638  -0.070785
359.065637  -0.070753
359.085637  -0.070796
359.105636  -0.070796
359.125635  -0.070785
359.145634  -0.070742
359.165633  -0.070796
359.185633  -0.070774
359.205632  -0.070785
359.225631  -0.070785
359.245630  -0.070774
359.265629  -0.070764
359.285629  -0.070774
359.305628  -0.070764
359.325627  -0.070721
359.345626  -0.070764
359.365625  -0.070785
359.385625  -0.070764
359.405624  -0.070806
359.425623  -0.070774
359.445622  -0.070774
359.465621  -0.070796
359.485621  -0.070774
359.505620  -0.070753
359.525619  -0.070742
359.545618  -0.070774
359.565617  -0.070817
359.585617  -0.070785
359.605616  -0.070764
359.625615  -0.070774
359.645614  -0.070785
359.665613  -0.070774
359.685613  -0.070796
359.705612  -0.070753
359.725611  -0.070764
359.745610  -0.070785
359.765609  -0.070774
359.785609  -0.070764
359.805608  -0.070806
359.825607  -0.070742
359.845606  -0.070774
359.865605  -0.070710
359.885605  -0.070774
359.905604  -0.070753
359.925603  -0.070806
359.945602  -0.070785
359.965601  -0.070806
359.985601  -0.070764
360.005600  -0.070785
360.025599  -0.070764
360.045598  -0.070774
360.065597  -0.070753
360.085597  -0.070796
360.105596  -0.070764
360.125595  -0.070774
360.145594  -0.070753
360.165593  -0.070785
360.185593  -0.070764
360.205592  -0.070753
360.225591  -0.070721
360.245590  -0.070774
360.265589  -0.070753
360.285589  -0.070764
360.305588  -0.070774
360.325587  -0.070785
360.345586  -0.070796
360.365585  -0.070732
360.385585  -0.070753
360.405584  -0.070753
360.425583  -0.070764
360.445582  -0.070753
360.465581  -0.070753
360.485581  -0.070732
360.505580  -0.070785
360.525579  -0.070753
360.545578  -0.070742
360.565577  -0.070796
360.585577  -0.070764
360.605576  -0.070764
360.625575  -0.070721
360.645574  -0.070753
360.665573  -0.070796
360.685573  -0.070774
360.705572  -0.070732
360.725571  -0.070774
360.745570  -0.070774
360.765569  -0.070753
360.785569  -0.070785
360.805568  -0.070774
360.825567  -0.070742
360.845566  -0.070774
360.865565  -0.070774
360.885565  -0.070785
360.905564  -0.070764
360.925563  -0.070806
360.945562  -0.070774
360.965561  -0.070764
360.985561  -0.070774
361.005560  -0.070753
361.025559  -0.070764
361.045558  -0.070764
361.065557  -0.070806
361.085557  -0.070764
361.105556  -0.070753
361.125555  -0.070742
361.145554  -0.070774
361.165553  -0.070774
361.185553  -0.070828
361.205552  -0.070785
361.225551  -0.070806
361.245550  -0.070785
361.265549  -0.070796
361.285549  -0.070796
361.305548  -0.070796
361.325547  -0.070774
361.345546  -0.070796
361.365545  -0.070785
361.385545  -0.070796
361.405544  -0.070764
361.425543  -0.070806
361.445542  -0.070796
361.465541  -0.070806
361.485541  -0.070806
361.505540  -0.070806
361.525539  -0.070817
361.545538  -0.070785
361.565537  -0.070774
361.585537  -0.070806
361.605536  -0.070817
361.625535  -0.070806
361.645534  -0.070753
361.665533  -0.070785
361.685533  -0.070796
361.705532  -0.070796
361.725531  -0.070849
361.745530  -0.070860
361.765529  -0.070838
361.785529  -0.070838
361.805528  -0.070838
361.825527  -0.070838
361.845526  -0.070828
361.865525  -0.070860
361.885525  -0.070849
361.905524  -0.070860
361.925523  -0.070849
361.945522  -0.070881
361.965521  -0.070828
361.985521  -0.070860
362.005520  -0.070860
362.025519  -0.070892
362.045518  -0.070870
362.065517  -0.070860
362.085517  -0.070881
362.105516  -0.070892
362.125515  -0.070870
362.145514  -0.070870
362.165513  -0.070860
362.185513  -0.070870
362.205512  -0.070860
362.225511  -0.070860
362.245510  -0.070849
362.265509  -0.070902
362.285509  -0.070892
362.305508  -0.070892
362.325507  -0.070881
362.345506  -0.070945
362.365505  -0.070892
362.385505  -0.070913
362.405504  -0.070892
362.425503  -0.070924
362.445502  -0.070924
362.465501  -0.070924
362.485501  -0.070924
362.505500  -0.070902
362.525499  -0.070913
362.545498  -0.070902
362.565497  -0.070902
362.585497  -0.070892
362.605496  -0.070945
362.625495  -0.070977
362.645494  -0.070913
362.665493  -0.070934
362.685493  -0.070924
362.705492  -0.070956
362.725491  -0.070956
362.745490  -0.070956
362.765489  -0.070956
362.785489  -0.070945
362.805488  -0.070934
362.825487  -0.070977
362.845486  -0.070934
362.865485  -0.070967
362.885485  -0.070977
362.905484  -0.070999
362.925483  -0.070967
362.945482  -0.071009
362.965481  -0.070977
362.985481  -0.070988
363.005480  -0.070977
363.025479  -0.071020
363.045478  -0.070977
363.065477  -0.071009
363.085477  -0.070988
363.105476  -0.071009
363.125475  -0.070988
363.145474  -0.071031
363.165473  -0.071009
363.185473  -0.070967
363.205472  -0.070999
363.225471  -0.071041
363.245470  -0.070977
363.265469  -0.071020
363.285469  -0.070977
363.305468  -0.071020
363.325467  -0.071009
363.345466  -0.070988
363.365465  -0.071031
363.385465  -0.070999
363.405464  -0.071020
363.425463  -0.071031
363.445462  -0.071041
363.465461  -0.071031
363.485461  -0.071031
363.505460  -0.071073
363.525459  -0.071063
363.545458  -0.071052
363.565457  -0.071041
363.585457  -0.071031
363.605456  -0.071052
363.625455  -0.071052
363.645454  -0.071052
363.665453  -0.071020
363.685453  -0.071041
363.705452  -0.071084
363.725451  -0.071073
363.745450  -0.071073
363.765449  -0.071105
363.785449  -0.071084
363.805448  -0.071073
363.825447  -0.071095
363.845446  -0.071052
363.865445  -0.071073
363.885445  -0.071095
363.905444  -0.071073
363.925443  -0.071127
363.945442  -0.071073
363.965441  -0.071105
363.985441  -0.071095
364.005440  -0.071073
364.025439  -0.071116
364.045438  -0.071095
364.065437  -0.071095
364.085437  -0.071105
364.105436  -0.071095
364.125435  -0.071095
364.145434  -0.071105
364.165433  -0.071116
364.185433  -0.071116
364.205432  -0.071095
364.225431  -0.071095
364.245430  -0.071095
364.265429  -0.071116
364.285429  -0.071095
364.305428  -0.071095
364.325427  -0.071095
364.345426  -0.071137
364.365425  -0.071116
364.385425  -0.071137
364.405424  -0.071127
364.425423  -0.071127
364.445422  -0.071116
364.465421  -0.071159
364.485421  -0.071116
364.505420  -0.071116
364.525419  -0.071148
364.545418  -0.071137
364.565417  -0.071159
364.585417  -0.071127
364.605416  -0.071116
364.625415  -0.071127
364.645414  -0.071105
364.665413  -0.071191
364.685413  -0.071127
364.705412  -0.071127
364.725411  -0.071159
364.745410  -0.071148
364.765409  -0.071137
364.785409  -0.071148
364.805408  -0.071137
364.825407  -0.071127
364.845406  -0.071148
364.865405  -0.071180
364.885405  -0.071127
364.905404  -0.071137
364.925403  -0.071127
364.945402  -0.071148
364.965401  -0.071159
364.985401  -0.071169
365.005400  -0.071137
365.025399  -0.071137
365.045398  -0.071180
365.065397  -0.071137
365.085397  -0.071127
365.105396  -0.071159
365.125395  -0.071137
365.145394  -0.071116
365.165393  -0.071148
365.185393  -0.071148
365.205392  -0.071137
365.225391  -0.071105
365.245390  -0.071148
365.265389  -0.071137
365.285389  -0.071137
365.305388  -0.071116
365.325387  -0.071159
365.345386  -0.071159
365.365385  -0.071159
365.385385  -0.071137
365.405384  -0.071191
365.425383  -0.071137
365.445382  -0.071137
365.465381  -0.071137
365.485381  -0.071159
365.505380  -0.071137
365.525379  -0.071169
365.545378  -0.071159
365.565377  -0.071137
365.585377  -0.071137
365.605376  -0.071159
365.625375  -0.071137
365.645374  -0.071159
365.665373  -0.071137
365.685373  -0.071159
365.705372  -0.071095
365.725371  -0.071148
365.745370  -0.071116
365.765369  -0.071159
365.785369  -0.071127
365.805368  -0.071169
365.825367  -0.071127
365.845366  -0.071148
365.865365  -0.071127
365.885365  -0.071148
365.905364  -0.071137
365.925363  -0.071148
365.945362  -0.071127
365.965361  -0.071148
365.985361  -0.071159
366.005360  -0.071127
366.025359  -0.071105
366.045358  -0.071137
366.065357  -0.071116
366.085357  -0.071169
366.105356  -0.071148
366.125355  -0.071127
366.145354  -0.071116
366.165353  -0.071095
366.185353  -0.071159
366.205352  -0.071137
366.225351  -0.071127
366.245350  -0.071137
366.265349  -0.071116
366.285349  -0.071137
366.305348  -0.071116
366.325347  -0.071148
366.345346  -0.071137
366.365345  -0.071137
366.385345  -0.071116
366.405344  -0.071159
366.425343  -0.071127
366.445342  -0.071159
366.465341  -0.071137
366.485341  -0.071148
366.505340  -0.071127
366.525339  -0.071137
366.545338  -0.071148
366.565337  -0.071159
366.585337  -0.071127
366.605336  -0.071148
366.625335  -0.071127
366.645334  -0.071137
366.665333  -0.071127
366.685333  -0.071095
366.705332  -0.071127
366.725331  -0.071116
366.745330  -0.071127
366.765329  -0.071169
366.785329  -0.071137
366.805328  -0.071127
366.825327  -0.071116
366.845326  -0.071148
366.865325  -0.071095
366.885325  -0.071127
366.905324  -0.071137
366.925323  -0.071148
366.945322  -0.071148
366.965321  -0.071137
366.985321  -0.071105
367.005320  -0.071137
367.025319  -0.071127
367.045318  -0.071127
367.065317  -0.071148
367.085317  -0.071148
367.105316  -0.071159
367.125315  -0.071180
367.145314  -0.071169
367.165313  -0.071159
367.185313  -0.071191
367.205312  -0.071137
367.225311  -0.071116
367.245310  -0.071148
367.265309  -0.071180
367.285309  -0.071169
367.305308  -0.071159
367.325307  -0.071169
367.345306  -0.071159
367.365305  -0.071148
367.385305  -0.071148
367.405304  -0.071169
367.425303  -0.071201
367.445302  -0.071148
367.465301  -0.071159
367.485301  -0.071191
367.505300  -0.071137
367.525299  -0.071148
367.545298  -0.071116
367.565297  -0.071127
367.585297  -0.071180
367.605296  -0.071159
367.625295  -0.071127
367.645294  -0.071201
367.665293  -0.071223
367.685293  -0.071191
367.705292  -0.071191
367.725291  -0.071159
367.745290  -0.071169
367.765289  -0.071212
367.785289  -0.071137
367.805288  -0.071137
367.825287  -0.071159
367.845286  -0.071127
367.865285  -0.071180
367.885285  -0.071191
367.905284  -0.071191
367.925283  -0.071169
367.945282  -0.071159
367.965281  -0.071180
367.985281  -0.071169
368.005280  -0.071201
368.025279  -0.071212
368.045278  -0.071201
368.065277  -0.071159
368.085277  -0.071191
368.105276  -0.071180
368.125275  -0.071212
368.145274  -0.071180
368.165273  -0.071212
368.185273  -0.071212
368.205272  -0.071169
368.225271  -0.071201
368.245270  -0.071223
368.265269  -0.071201
368.285269  -0.071212
368.305268  -0.071212
368.325267  -0.071191
368.345266  -0.071201
368.365265  -0.071212
368.385265  -0.071180
368.405264  -0.071244
368.425263  -0.071201
368.445262  -0.071169
368.465261  -0.071212
368.485261  -0.071201
368.505260  -0.071212
368.525259  -0.071201
368.545258  -0.071201
368.565257  -0.071244
368.585257  -0.071244
368.605256  -0.071201
368.625255  -0.071234
368.645254  -0.071223
368.665253  -0.071244
368.685253  -0.071234
368.705252  -0.071255
368.725251  -0.071191
368.745250  -0.071191
368.765249  -0.071201
368.785249  -0.071223
368.805248  -0.071234
368.825247  -0.071255
368.845246  -0.071234
368.865245  -0.071255
368.885245  -0.071201
368.905244  -0.071255
368.925243  -0.071234
368.945242  -0.071244
368.965241  -0.071234
368.985241  -0.071234
369.005240  -0.071212
369.025239  -0.071234
369.045238  -0.071244
369.065237  -0.071255
369.085237  -0.071223
369.105236  -0.071276
369.125235  -0.071266
369.145234  -0.071266
369.165233  -0.071266
369.185233  -0.071276
369.205232  -0.071255
369.225231  -0.071244
369.245230  -0.071223
369.265229  -0.071266
369.285229  -0.071234
369.305228  -0.071244
369.325227  -0.071298
369.345226  -0.071266
369.365225  -0.071234
369.385225  -0.071276
369.405224  -0.071287
369.425223  -0.071298
369.445222  -0.071298
369.465221  -0.071298
369.485221  -0.071266
369.505220  -0.071308
369.525219  -0.071255
369.545218  -0.071287
369.565217  -0.071319
369.585217  -0.071287
369.605216  -0.071287
369.625215  -0.071308
369.645214  -0.071287
369.665213  -0.071351
369.685213  -0.071319
369.705212  -0.071276
369.725211  -0.071308
369.745210  -0.071319
369.765209  -0.071319
369.785209  -0.071287
369.805208  -0.071308
369.825207  -0.071298
369.845206  -0.071276
369.865205  -0.071298
369.885205  -0.071298
369.905204  -0.071308
369.925203  -0.071266
369.945202  -0.071298
369.965201  -0.071298
369.985201  -0.071298
370.005200  -0.071319
370.025199  -0.071319
370.045198  -0.071276
370.065197  -0.071308
370.085197  -0.071330
370.105196  -0.071340
370.125195  -0.071276
370.145194  -0.071287
370.165193  -0.071308
370.185193  -0.071308
370.205192  -0.071276
370.225191  -0.071298
370.245190  -0.071287
370.265189  -0.071330
370.285189  -0.071308
370.305188  -0.071340
370.325187  -0.071319
370.345186  -0.071298
370.365185  -0.071298
370.385185  -0.071287
370.405184  -0.071298
370.425183  -0.071287
370.445182  -0.071298
370.465181  -0.071330
370.485181  -0.071298
370.505180  -0.071340
370.525179  -0.071308
370.545178  -0.071298
370.565177  -0.071298
370.585177  -0.071330
370.605176  -0.071276
370.625175  -0.071340
370.645174  -0.071298
370.665173  -0.071340
370.685173  -0.071308
370.705172  -0.071276
370.725171  -0.071330
370.745170  -0.071340
370.765169  -0.071308
370.785169  -0.071287
370.805168  -0.071308
370.825167  -0.071308
370.845166  -0.071319
370.865165  -0.071330
370.885165  -0.071319
370.905164  -0.071266
370.925163  -0.071330
370.945162  -0.071276
370.965161  -0.071308
370.985161  -0.071266
371.005160  -0.071330
371.025159  -0.071308
371.045158  -0.071330
371.065157  -0.071330
371.085157  -0.071308
371.105156  -0.071298
371.125155  -0.071330
371.145154  -0.071319
371.165153  -0.071308
371.185153  -0.071308
371.205152  -0.071287
371.225151  -0.071308
371.245150  -0.071298
371.265149  -0.071298
371.285149  -0.071330
371.305148  -0.071266
371.325147  -0.071319
371.345146  -0.071266
371.365145  -0.071319
371.385145  -0.071319
371.405144  -0.071276
371.425143  -0.071276
371.445142  -0.071308
371.465141  -0.071255
371.485141  -0.071308
371.505140  -0.071287
371.525139  -0.071244
371.545138  -0.071287
371.565137  -0.071298
371.585137  -0.071308
371.605136  -0.071298
371.625135  -0.071308
371.645134  -0.071266
371.665133  -0.071266
371.685133  -0.071298
371.705132  -0.071276
371.725131  -0.071298
371.745130  -0.071298
371.765129  -0.071266
371.785129  -0.071266
371.805128  -0.071298
371.825127  -0.071287
371.845126  -0.071298
371.865125  -0.071308
371.885125  -0.071298
371.905124  -0.071255
371.925123  -0.071308
371.945122  -0.071276
371.965121  -0.071319
371.985121  -0.071223
372.005120  -0.071276
372.025119  -0.071266
372.045118  -0.071287
372.065117  -0.071308
372.085117  -0.071266
372.105116  -0.071287
372.125115  -0.071319
372.145114  -0.071244
372.165113  -0.071276
372.185113  -0.071266
372.205112  -0.071298
372.225111  -0.071266
372.245110  -0.071266
372.265109  -0.071255
372.285109  -0.071266
372.305108  -0.071276
372.325107  -0.071244
372.345106  -0.071234
372.365105  -0.071276
372.385105  -0.071287
372.405104  -0.071266
372.425103  -0.071276
372.445102  -0.071276
372.465101  -0.071266
372.485101  -0.071266
372.505100  -0.071266
372.525099  -0.071234
372.545098  -0.071266
372.565097  -0.071276
372.585097  -0.071255
372.605096  -0.071255
372.625095  -0.071234
372.645094  -0.071287
372.665093  -0.071244
372.685093  -0.071298
372.705092  -0.071244
372.725091  -0.071266
372.745090  -0.071244
372.765089  -0.071244
372.785089  -0.071255
372.805088  -0.071276
372.825087  -0.071287
372.845086  -0.071276
372.865085  -0.071234
372.885085  -0.071244
372.905084  -0.071255
372.925083  -0.071255
372.945082  -0.071255
372.965081  -0.071266
372.985081  -0.071244
373.005080  -0.071298
373.025079  -0.071234
373.045078  -0.071276
373.065077  -0.071255
373.085077  -0.071244
373.105076  -0.071255
373.125075  -0.071244
373.145074  -0.071234
373.165073  -0.071212
373.185073  -0.071266
373.205072  -0.071276
373.225071  -0.071234
373.245070  -0.071276
373.265069  -0.071266
373.285069  -0.071255
373.305068  -0.071266
373.325067  -0.071223
373.345066  -0.071276
373.365065  -0.071266
373.385065  -0.071266
373.405064  -0.071266
373.425063  -0.071287
373.445062  -0.071266
373.465061  -0.071276
373.485061  -0.071244
373.505060  -0.071244
373.525059  -0.071276
373.545058  -0.071244
373.565057  -0.071244
373.585057  -0.071276
373.605056  -0.071255
373.625055  -0.071276
373.645054  -0.071255
373.665053  -0.071266
373.685053  -0.071234
373.705052  -0.071276
373.725051  -0.071287
373.745050  -0.071266
373.765049  -0.071255
373.785049  -0.071287
373.805048  -0.071276
373.825047  -0.071276
373.845046  -0.071255
373.865045  -0.071287
373.885045  -0.071244
373.905044  -0.071298
373.925043  -0.071276
373.945042  -0.071266
373.965041  -0.071298
373.985041  -0.071308
374.005040  -0.071287
374.025039  -0.071255
374.045038  -0.071308
374.065037  -0.071276
374.085037  -0.071308
374.105036  -0.071308
374.125035  -0.071287
374.145034  -0.071276
374.165033  -0.071287
374.185033  -0.071298
374.205032  -0.071298
374.225031  -0.071298
374.245030  -0.071276
374.265029  -0.071319
374.285029  -0.071255
374.305028  -0.071298
374.325027  -0.071266
374.345026  -0.071319
374.365025  -0.071276
374.385025  -0.071298
374.405024  -0.071308
374.425023  -0.071276
374.445022  -0.071308
374.465021  -0.071308
374.485021  -0.071298
374.505020  -0.071298
374.525019  -0.071276
374.545018  -0.071319
374.565017  -0.071298
374.585017  -0.071330
374.605016  -0.071308
374.625015  -0.071330
374.645014  -0.071351
374.665013  -0.071287
374.685013  -0.071298
374.705012  -0.071287
374.725011  -0.071298
374.745010  -0.071298
374.765009  -0.071276
374.785009  -0.071308
374.805008  -0.071308
374.825007  -0.071308
374.845006  -0.071330
374.865005  -0.071330
374.885005  -0.071330
374.905004  -0.071362
374.925003  -0.071298
374.945002  -0.071351
374.965001  -0.071330
374.985001  -0.071330
375.005000  -0.071308
375.024999  -0.071351
375.044998  -0.071330
375.064997  -0.071330
375.084997  -0.071340
375.104996  -0.071340
375.124995  -0.071319
375.144994  -0.071372
375.164993  -0.071340
375.184993  -0.071362
375.204992  -0.071330
375.224991  -0.071351
375.244990  -0.071330
375.264989  -0.071351
375.284989  -0.071362
375.304988  -0.071298
375.324987  -0.071308
375.344986  -0.071340
375.364985  -0.071330
375.384985  -0.071319
375.404984  -0.071351
375.424983  -0.071372
375.444982  -0.071362
375.464981  -0.071351
375.484981  -0.071308
375.504980  -0.071340
375.524979  -0.071340
375.544978  -0.071362
375.564977  -0.071383
375.584977  -0.071330
375.604976  -0.071340
375.624975  -0.071383
375.644974  -0.071362
375.664973  -0.071351
375.684973  -0.071372
375.704972  -0.071372
375.724971  -0.071404
375.744970  -0.071351
375.764969  -0.071372
375.784969  -0.071372
375.804968  -0.071330
375.824967  -0.071362
375.844966  -0.071383
375.864965  -0.071351
375.884965  -0.071351
375.904964  -0.071362
375.924963  -0.071362
375.944962  -0.071362
375.964961  -0.071362
375.984961  -0.071383
376.004960  -0.071372
376.024959  -0.071404
376.044958  -0.071436
376.064957  -0.071362
376.084957  -0.071362
376.104956  -0.071340
376.124955  -0.071362
376.144954  -0.071383
376.164953  -0.071394
376.184953  -0.071362
376.204952  -0.071394
376.224951  -0.071330
376.244950  -0.071372
376.264949  -0.071362
376.284949  -0.071372
376.304948  -0.071362
376.324947  -0.071394
376.344946  -0.071415
376.364945  -0.071372
376.384945  -0.071362
376.404944  -0.071394
376.424943  -0.071362
376.444942  -0.071447
376.464941  -0.071404
376.484941  -0.071383
376.504940  -0.071383
376.524939  -0.071394
376.544938  -0.071383
376.564937  -0.071394
376.584937  -0.071362
376.604936  -0.071404
376.624935  -0.071404
376.644934  -0.071415
376.664933  -0.071447
376.684933  -0.071415
376.704932  -0.071426
376.724931  -0.071469
376.744930  -0.071404
376.764929  -0.071394
376.784929  -0.071394
376.804928  -0.071394
376.824927  -0.071351
376.844926  -0.071394
376.864925  -0.071372
376.884925  -0.071404
376.904924  -0.071383
376.924923  -0.071372
376.944922  -0.071394
376.964921  -0.071404
376.984921  -0.071383
377.004920  -0.071404
377.024919  -0.071372
377.044918  -0.071404
377.064917  -0.071415
377.084917  -0.071372
377.104916  -0.071372
377.124915  -0.071404
377.144914  -0.071394
377.164913  -0.071383
377.184913  -0.071394
377.204912  -0.071372
377.224911  -0.071404
377.244910  -0.071447
377.264909  -0.071394
377.284909  -0.071426
377.304908  -0.071426
377.324907  -0.071415
377.344906  -0.071394
377.364905  -0.071372
377.384905  -0.071415
377.404904  -0.071415
377.424903  -0.071372
377.444902  -0.071394
377.464901  -0.071362
377.484901  -0.071372
377.504900  -0.071372
377.524899  -0.071426
377.544898  -0.071383
377.564897  -0.071447
377.584897  -0.071372
377.604896  -0.071436
377.624895  -0.071383
377.644894  -0.071394
377.664893  -0.071404
377.684893  -0.071383
377.704892  -0.071394
377.724891  -0.071404
377.744890  -0.071383
377.764889  -0.071394
377.784889  -0.071362
377.804888  -0.071394
377.824887  -0.071404
377.844886  -0.071383
377.864885  -0.071351
377.884885  -0.071372
377.904884  -0.071404
377.924883  -0.071394
377.944882  -0.071372
377.964881  -0.071372
377.984881  -0.071426
378.004880  -0.071415
378.024879  -0.071362
378.044878  -0.071351
378.064877  -0.071394
378.084877  -0.071394
378.104876  -0.071436
378.124875  -0.071394
378.144874  -0.071362
378.164873  -0.071351
378.184873  -0.071383
378.204872  -0.071394
378.224871  -0.071362
378.244870  -0.071415
378.264869  -0.071404
378.284869  -0.071372
378.304868  -0.071372
378.324867  -0.071404
378.344866  -0.071351
378.364865  -0.071372
378.384865  -0.071362
378.404864  -0.071372
378.424863  -0.071372
378.444862  -0.071383
378.464861  -0.071394
378.484861  -0.071362
378.504860  -0.071394
378.524859  -0.071372
378.544858  -0.071394
378.564857  -0.071372
378.584857  -0.071383
378.604856  -0.071372
378.624855  -0.071394
378.644854  -0.071394
378.664853  -0.071372
378.684853  -0.071404
378.704852  -0.071308
378.724851  -0.071330
378.744850  -0.071319
378.764849  -0.071362
378.784849  -0.071372
378.804848  -0.071330
378.824847  -0.071394
378.844846  -0.071351
378.864845  -0.071362
378.884845  -0.071362
378.904844  -0.071372
378.924843  -0.071372
378.944842  -0.071298
378.964841  -0.071362
378.984841  -0.071372
379.004840  -0.071308
379.024839  -0.071330
379.044838  -0.071372
379.064837  -0.071351
379.084837  -0.071351
379.104836  -0.071351
379.124835  -0.071351
379.144834  -0.071394
379.164833  -0.071383
379.184833  -0.071383
379.204832  -0.071340
379.224831  -0.071340
379.244830  -0.071340
379.264829  -0.071362
379.284829  -0.071372
379.304828  -0.071362
379.324827  -0.071330
379.344826  -0.071351
379.364825  -0.071351
379.384825  -0.071362
379.404824  -0.071351
379.424823  -0.071362
379.444822  -0.071372
379.464821  -0.071383
379.484821  -0.071362
379.504820  -0.071330
379.524819  -0.071308
379.544818  -0.071362
379.564817  -0.071330
379.584817  -0.071351
379.604816  -0.071351
379.624815  -0.071319
379.644814  -0.071362
379.664813  -0.071383
379.684813  -0.071319
379.704812  -0.071394
379.724811  -0.071372
379.744810  -0.071383
379.764809  -0.071362
379.784809  -0.071340
379.804808  -0.071351
379.824807  -0.071404
379.844806  -0.071351
379.864805  -0.071362
379.884805  -0.071340
379.904804  -0.071319
379.924803  -0.071351
379.944802  -0.071330
379.964801  -0.071340
379.984801  -0.071351
380.004800  -0.071362
380.024799  -0.071372
380.044798  -0.071340
380.064797  -0.071383
380.084797  -0.071340
380.104796  -0.071351
380.124795  -0.071372
380.144794  -0.071351
380.164793  -0.071362
380.184793  -0.071383
380.204792  -0.071351
380.224791  -0.071362
380.244790  -0.071330
380.264789  -0.071351
380.284789  -0.071319
380.304788  -0.071362
380.324787  -0.071372
380.344786  -0.071383
380.364785  -0.071404
380.384785  -0.071362
380.404784  -0.071372
380.424783  -0.071372
380.444782  -0.071372
380.464781  -0.071372
380.484781  -0.071372
380.504780  -0.071351
380.524779  -0.071362
380.544778  -0.071404
380.564777  -0.071394
380.584777  -0.071372
380.604776  -0.071362
380.624775  -0.071383
380.644774  -0.071383
380.664773  -0.071362
380.684773  -0.071394
380.704772  -0.071404
380.724771  -0.071394
380.744770  -0.071372
380.764769  -0.071394
380.784769  -0.071394
380.804768  -0.071404
380.824767  -0.071383
380.844766  -0.071372
380.864765  -0.071383
380.884765  -0.071372
380.904764  -0.071394
380.924763  -0.071383
380.944762  -0.071372
380.964761  -0.071458
380.984761  -0.071415
381.004760  -0.071415
381.024759  -0.071394
381.044758  -0.071436
381.064757  -0.071415
381.084757  -0.071394
381.104756  -0.071383
381.124755  -0.071426
381.144754  -0.071394
381.164753  -0.071436
381.184753  -0.071415
381.204752  -0.071447
381.224751  -0.071447
381.244750  -0.071458
381.264749  -0.071469
381.284749  -0.071447
381.304748  -0.071458
381.324747  -0.071447
381.344746  -0.071447
381.364745  -0.071415
381.384745  -0.071447
381.404744  -0.071458
381.424743  -0.071447
381.444742  -0.071436
381.464741  -0.071447
381.484741  -0.071458
381.504740  -0.071458
381.524739  -0.071458
381.544738  -0.071436
381.564737  -0.071458
381.584737  -0.071458
381.604736  -0.071458
381.624735  -0.071447
381.644734  -0.071490
381.664733  -0.071458
381.684733  -0.071447
381.704732  -0.071469
381.724731  -0.071458
381.744730  -0.071479
381.764729  -0.071458
381.784729  -0.071436
381.804728  -0.071490
381.824727  -0.071458
381.844726  -0.071501
381.864725  -0.071469
381.884725  -0.071490
381.904724  -0.071479
381.924723  -0.071436
381.944722  -0.071522
381.964721  -0.071479
381.984721  -0.071447
382.004720  -0.071479
382.024719  -0.071447
382.044718  -0.071458
382.064717  -0.071490
382.084717  -0.071458
382.104716  -0.071436
382.124715  -0.071501
382.144714  -0.071469
382.164713  -0.071533
382.184713  -0.071501
382.204712  -0.071501
382.224711  -0.071501
382.244710  -0.071490
382.264709  -0.071469
382.284709  -0.071469
382.304708  -0.071458
382.324707  -0.071533
382.344706  -0.071479
382.364705  -0.071479
382.384705  -0.071501
382.404704  -0.071501
382.424703  -0.071490
382.444702  -0.071501
382.464701  -0.071490
382.484701  -0.071490
382.504700  -0.071522
382.524699  -0.071469
382.544698  -0.071490
382.564697  -0.071533
382.584697  -0.071469
382.604696  -0.071458
382.624695  -0.071490
382.644694  -0.071533
382.664693  -0.071469
382.684693  -0.071522
382.704692  -0.071533
382.724691  -0.071511
382.744690  -0.071469
382.764689  -0.071479
382.784689  -0.071501
382.804688  -0.071511
382.824687  -0.071490
382.844686  -0.071490
382.864685  -0.071490
382.884685  -0.071511
382.904684  -0.071511
382.924683  -0.071501
382.944682  -0.071511
382.964681  -0.071511
382.984681  -0.071479
383.004680  -0.071522
383.024679  -0.071458
383.044678  -0.071490
383.064677  -0.071479
383.084677  -0.071501
383.104676  -0.071533
383.124675  -0.071479
383.144674  -0.071458
383.164673  -0.071479
383.184673  -0.071490
383.204672  -0.071447
383.224671  -0.071511
383.244670  -0.071501
383.264669  -0.071522
383.284669  -0.071533
383.304668  -0.071469
383.324667  -0.071490
383.344666  -0.071469
383.364665  -0.071479
383.384665  -0.071501
383.404664  -0.071490
383.424663  -0.071479
383.444662  -0.071490
383.464661  -0.071469
383.484661  -0.071479
383.504660  -0.071447
383.524659  -0.071458
383.544658  -0.071469
383.564657  -0.071447
383.584657  -0.071469
383.604656  -0.071501
383.624655  -0.071469
383.644654  -0.071501
383.664653  -0.071479
383.684653  -0.071501
383.704652  -0.071469
383.724651  -0.071436
383.744650  -0.071458
383.764649  -0.071501
383.784649  -0.071447
383.804648  -0.071447
383.824647  -0.071469
383.844646  -0.071469
383.864645  -0.071479
383.884645  -0.071469
383.904644  -0.071447
383.924643  -0.071469
383.944642  -0.071458
383.964641  -0.071447
383.984641  -0.071447
384.004640  -0.071447
384.024639  -0.071490
384.044638  -0.071479
384.064637  -0.071511
384.084637  -0.071447
384.104636  -0.071447
384.124635  -0.071447
384.144634  -0.071447
384.164633  -0.071469
384.184633  -0.071458
384.204632  -0.071447
384.224631  -0.071458
384.244630  -0.071426
384.264629  -0.071458
384.284629  -0.071458
384.304628  -0.071490
384.324627  -0.071458
384.344626  -0.071469
384.364625  -0.071415
384.384625  -0.071415
384.404624  -0.071436
384.424623  -0.071415
384.444622  -0.071436
384.464621  -0.071436
384.484621  -0.071447
384.504620  -0.071479
384.524619  -0.071447
384.544618  -0.071479
384.564617  -0.071469
384.584617  -0.071404
384.604616  -0.071415
384.624615  -0.071436
384.644614  -0.071436
384.664613  -0.071415
384.684613  -0.071447
384.704612  -0.071436
384.724611  -0.071436
384.744610  -0.071404
384.764609  -0.071415
384.784609  -0.071479
384.804608  -0.071394
384.824607  -0.071436
384.844606  -0.071404
384.864605  -0.071436
384.884605  -0.071447
384.904604  -0.071404
384.924603  -0.071436
384.944602  -0.071436
384.964601  -0.071394
384.984601  -0.071426
385.004600  -0.071394
385.024599  -0.071415
385.044598  -0.071436
385.064597  -0.071426
385.084597  -0.071415
385.104596  -0.071415
385.124595  -0.071436
385.144594  -0.071426
385.164593  -0.071447
385.184593  -0.071447
385.204592  -0.071426
385.224591  -0.071426
385.244590  -0.071415
385.264589  -0.071394
385.284589  -0.071415
385.304588  -0.071447
385.324587  -0.071415
385.344586  -0.071415
385.364585  -0.071426
385.384585  -0.071458
385.404584  -0.071394
385.424583  -0.071436
385.444582  -0.071404
385.464581  -0.071436
385.484581  -0.071426
385.504580  -0.071469
385.524579  -0.071436
385.544578  -0.071415
385.564577  -0.071404
385.584577  -0.071415
385.604576  -0.071394
385.624575  -0.071458
385.644574  -0.071404
385.664573  -0.071447
385.684573  -0.071458
385.704572  -0.071436
385.724571  -0.071426
385.744570  -0.071447
385.764569  -0.071372
385.784569  -0.071404
385.804568  -0.071404
385.824567  -0.071415
385.844566  -0.071436
385.864565  -0.071404
385.884565  -0.071404
385.904564  -0.071372
385.924563  -0.071415
385.944562  -0.071436
385.964561  -0.071372
385.984561  -0.071447
386.004560  -0.071404
386.024559  -0.071458
386.044558  -0.071404
386.064557  -0.071404
386.084557  -0.071404
386.104556  -0.071426
386.124555  -0.071404
386.144554  -0.071404
386.164553  -0.071394
386.184553  -0.071394
386.204552  -0.071383
386.224551  -0.071436
386.244550  -0.071404
386.264549  -0.071404
386.284549  -0.071362
386.304548  -0.071415
386.324547  -0.071351
386.344546  -0.071415
386.364545  -0.071415
386.384545  -0.071394
386.404544  -0.071415
386.424543  -0.071404
386.444542  -0.071404
386.464541  -0.071383
386.484541  -0.071383
386.504540  -0.071394
386.524539  -0.071415
386.544538  -0.071394
386.564537  -0.071404
386.584537  -0.071394
386.604536  -0.071372
386.624535  -0.071372
386.644534  -0.071372
386.664533  -0.071372
386.684533  -0.071308
386.704532  -0.071372
386.724531  -0.071362
386.744530  -0.071383
386.764529  -0.071394
386.784529  -0.071372
386.804528  -0.071351
386.824527  -0.071362
386.844526  -0.071404
386.864525  -0.071383
386.884525  -0.071372
386.904524  -0.071362
386.924523  -0.071394
386.944522  -0.071404
386.964521  -0.071351
386.984521  -0.071362
387.004520  -0.071394
387.024519  -0.071319
387.044518  -0.071351
387.064517  -0.071372
387.084517  -0.071351
387.104516  -0.071362
387.124515  -0.071351
387.144514  -0.071383
387.164513  -0.071362
387.184513  -0.071383
387.204512  -0.071362
387.224511  -0.071351
387.244510  -0.071362
387.264509  -0.071362
387.284509  -0.071362
387.304508  -0.071394
387.324507  -0.071362
387.344506  -0.071340
387.364505  -0.071362
387.384505  -0.071372
387.404504  -0.071330
387.424503  -0.071383
387.444502  -0.071383
387.464501  -0.071340
387.484501  -0.071330
387.504500  -0.071340
387.524499  -0.071351
387.544498  -0.071340
387.564497  -0.071330
387.584497  -0.071319
387.604496  -0.071372
387.624495  -0.071319
387.644494  -0.071340
387.664493  -0.071319
387.684493  -0.071351
387.704492  -0.071394
387.724491  -0.071340
387.744490  -0.071308
387.764489  -0.071351
387.784489  -0.071319
387.804488  -0.071298
387.824487  -0.071340
387.844486  -0.071372
387.864485  -0.071340
387.884485  -0.071308
387.904484  -0.071351
387.924483  -0.071330
387.944482  -0.071340
387.964481  -0.071362
387.984481  -0.071330
388.004480  -0.071351
388.024479  -0.071330
388.044478  -0.071340
388.064477  -0.071330
388.084477  -0.071372
388.104476  -0.071287
388.124475  -0.071298
388.144474  -0.071319
388.164473  -0.071404
388.184473  -0.071319
388.204472  -0.071319
388.224471  -0.071308
388.244470  -0.071330
388.264469  -0.071340
388.284469  -0.071319
388.304468  -0.071340
388.324467  -0.071394
388.344466  -0.071340
388.364465  -0.071319
388.384465  -0.071351
388.404464  -0.071330
388.424463  -0.071351
388.444462  -0.071308
388.464461  -0.071308
388.484461  -0.071319
388.504460  -0.071298
388.524459  -0.071351
388.544458  -0.071340
388.564457  -0.071298
388.584457  -0.071351
388.604456  -0.071404
388.624455  -0.071319
388.644454  -0.071351
388.664453  -0.071372
388.684453  -0.071340
388.704452  -0.071383
388.724451  -0.071330
388.744450  -0.071330
388.764449  -0.071351
388.784449  -0.071319
388.804448  -0.071319
388.824447  -0.071351
388.844446  -0.071351
388.864445  -0.071372
388.884445  -0.071383
388.904444  -0.071330
388.924443  -0.071362
388.944442  -0.071330
388.964441  -0.071351
388.984441  -0.071351
389.004440  -0.071351
389.024439  -0.071308
389.044438  -0.071319
389.064437  -0.071351
389.084437  -0.071351
389.104436  -0.071319
389.124435  -0.071351
389.144434  -0.071362
389.164433  -0.071340
389.184433  -0.071362
389.204432  -0.071362
389.224431  -0.071362
389.244430  -0.071372
389.264429  -0.071362
389.284429  -0.071330
389.304428  -0.071372
389.324427  -0.071383
389.344426  -0.071340
389.364425  -0.071351
389.384425  -0.071340
389.404424  -0.071330
389.424423  -0.071394
389.444422  -0.071383
389.464421  -0.071340
389.484421  -0.071383
389.504420  -0.071362
389.524419  -0.071394
389.544418  -0.071394
389.564417  -0.071340
389.584417  -0.071362
389.604416  -0.071372
389.624415  -0.071362
389.644414  -0.071340
389.664413  -0.071340
389.684413  -0.071351
389.704412  -0.071383
389.724411  -0.071383
389.744410  -0.071362
389.764409  -0.071415
389.784409  -0.071372
389.804408  -0.071351
389.824407  -0.071362
389.844406  -0.071351
389.864405  -0.071319
389.884405  -0.071372
389.904404  -0.071319
389.924403  -0.071351
389.944402  -0.071362
389.964401  -0.071362
389.984401  -0.071362
390.004400  -0.071372
390.024399  -0.071340
390.044398  -0.071372
390.064397  -0.071372
390.084397  -0.071383
390.104396  -0.071362
390.124395  -0.071351
390.144394  -0.071362
390.164393  -0.071383
390.184393  -0.071351
390.204392  -0.071372
390.224391  -0.071340
390.244390  -0.071383
390.264389  -0.071362
390.284389  -0.071372
390.304388  -0.071351
390.324387  -0.071404
390.344386  -0.071362
390.364385  -0.071362
390.384385  -0.071404
390.404384  -0.071362
390.424383  -0.071319
390.444382  -0.071372
390.464381  -0.071362
390.484381  -0.071340
390.504380  -0.071351
390.524379  -0.071319
390.544378  -0.071362
390.564377  -0.071372
390.584377  -0.071351
390.604376  -0.071319
390.624375  -0.071340
390.644374  -0.071362
390.664373  -0.071383
390.684373  -0.071362
390.704372  -0.071319
390.724371  -0.071351
390.744370  -0.071351
390.764369  -0.071351
390.784369  -0.071319
390.804368  -0.071319
390.824367  -0.071308
390.844366  -0.071351
390.864365  -0.071319
390.884365  -0.071351
390.904364  -0.071319
390.924363  -0.071362
390.944362  -0.071330
390.964361  -0.071351
390.984361  -0.071308
391.004360  -0.071383
391.024359  -0.071298
391.044358  -0.071351
391.064357  -0.071319
391.084357  -0.071319
391.104356  -0.071308
391.124355  -0.071308
391.144354  -0.071319
391.164353  -0.071340
391.184353  -0.071319
391.204352  -0.071372
391.224351  -0.071351
391.244350  -0.071298
391.264349  -0.071330
391.284349  -0.071308
391.304348  -0.071330
391.324347  -0.071308
391.344346  -0.071308
391.364345  -0.071287
391.384345  -0.071287
391.404344  -0.071287
391.424343  -0.071287
391.444342  -0.071319
391.464341  -0.071298
391.484341  -0.071308
391.504340  -0.071298
391.524339  -0.071308
391.544338  -0.071266
391.564337  -0.071298
391.584337  -0.071330
391.604336  -0.071319
391.624335  -0.071266
391.644334  -0.071298
391.664333  -0.071319
391.684333  -0.071298
391.704332  -0.071308
391.724331  -0.071276
391.744330  -0.071266
391.764329  -0.071319
391.784329  -0.071276
391.804328  -0.071287
391.824327  -0.071298
391.844326  -0.071255
391.864325  -0.071276
391.884325  -0.071266
391.904324  -0.071276
391.924323  -0.071276
391.944322  -0.071287
391.964321  -0.071234
391.984321  -0.071266
392.004320  -0.071298
392.024319  -0.071287
392.044318  -0.071266
392.064317  -0.071276
392.084317  -0.071276
392.104316  -0.071276
392.124315  -0.071276
392.144314  -0.071276
392.164313  -0.071244
392.184313  -0.071244
392.204312  -0.071276
392.224311  -0.071244
392.244310  -0.071330
392.264309  -0.071234
392.284309  -0.071223
392.304308  -0.071276
392.324307  -0.071234
392.344306  -0.071287
392.364305  -0.071255
392.384305  -0.071223
392.404304  -0.071212
392.424303  -0.071276
392.444302  -0.071212
392.464301  -0.071255
392.484301  -0.071234
392.504300  -0.071266
392.524299  -0.071266
392.544298  -0.071276
392.564297  -0.071234
392.584297  -0.071255
392.604296  -0.071255
392.624295  -0.071234
392.644294  -0.071244
392.664293  -0.071255
392.684293  -0.071223
392.704292  -0.071287
392.724291  -0.071234
392.744290  -0.071244
392.764289  -0.071234
392.784289  -0.071255
392.804288  -0.071287
392.824287  -0.071234
392.844286  -0.071212
392.864285  -0.071234
392.884285  -0.071212
392.904284  -0.071212
392.924283  -0.071234
392.944282  -0.071234
392.964281  -0.071244
392.984281  -0.071234
393.004280  -0.071234
393.024279  -0.071223
393.044278  -0.071234
393.064277  -0.071244
393.084277  -0.071234
393.104276  -0.071276
393.124275  -0.071180
393.144274  -0.071191
393.164273  -0.071212
393.184273  -0.071201
393.204272  -0.071212
393.224271  -0.071212
393.244270  -0.071191
393.264269  -0.071212
393.284269  -0.071212
393.304268  -0.071234
393.324267  -0.071201
393.344266  -0.071212
393.364265  -0.071223
393.384265  -0.071212
393.404264  -0.071169
393.424263  -0.071169
393.444262  -0.071191
393.464261  -0.071234
393.484261  -0.071212
393.504260  -0.071201
393.524259  -0.071201
393.544258  -0.071212
393.564257  -0.071223
393.584257  -0.071255
393.604256  -0.071212
393.624255  -0.071212
393.644254  -0.071234
393.664253  -0.071212
393.684253  -0.071148
393.704252  -0.071244
393.724251  -0.071212
393.744250  -0.071191
393.764249  -0.071201
393.784249  -0.071180
393.804248  -0.071191
393.824247  -0.071180
393.844246  -0.071201
393.864245  -0.071212
393.884245  -0.071212
393.904244  -0.071201
393.924243  -0.071191
393.944242  -0.071201
393.964241  -0.071169
393.984241  -0.071244
394.004240  -0.071191
394.024239  -0.071201
394.044238  -0.071180
394.064237  -0.071180
394.084237  -0.071191
394.104236  -0.071180
394.124235  -0.071201
394.144234  -0.071201
394.164233  -0.071191
394.184233  -0.071201
394.204232  -0.071201
394.224231  -0.071180
394.244230  -0.071212
394.264229  -0.071191
394.284229  -0.071212
394.304228  -0.071201
394.324227  -0.071201
394.344226  -0.071169
394.364225  -0.071148
394.384225  -0.071191
394.404224  -0.071223
394.424223  -0.071223
394.444222  -0.071169
394.464221  -0.071201
394.484221  -0.071191
394.504220  -0.071191
394.524219  -0.071159
394.544218  -0.071201
394.564217  -0.071191
394.584217  -0.071201
394.604216  -0.071180
394.624215  -0.071169
394.644214  -0.071180
394.664213  -0.071137
394.684213  -0.071180
394.704212  -0.071180
394.724211  -0.071191
394.744210  -0.071191
394.764209  -0.071127
394.784209  -0.071159
394.804208  -0.071201
394.824207  -0.071191
394.844206  -0.071191
394.864205  -0.071180
394.884205  -0.071201
394.904204  -0.071169
394.924203  -0.071159
394.944202  -0.071201
394.964201  -0.071148
394.984201  -0.071180
395.004200  -0.071212
395.024199  -0.071148
395.044198  -0.071169
395.064197  -0.071159
395.084197  -0.071169
395.104196  -0.071148
395.124195  -0.071191
395.144194  -0.071191
395.164193  -0.071201
395.184193  -0.071148
395.204192  -0.071148
395.224191  -0.071137
395.244190  -0.071148
395.264189  -0.071137
395.284189  -0.071191
395.304188  -0.071116
395.324187  -0.071148
395.344186  -0.071137
395.364185  -0.071148
395.384185  -0.071169
395.404184  -0.071159
395.424183  -0.071127
395.444182  -0.071159
395.464181  -0.071127
395.484181  -0.071116
395.504180  -0.071148
395.524179  -0.071137
395.544178  -0.071137
395.564177  -0.071148
395.584177  -0.071127
395.604176  -0.071137
395.624175  -0.071159
395.644174  -0.071148
395.664173  -0.071105
395.684173  -0.071127
395.704172  -0.071127
395.724171  -0.071148
395.744170  -0.071116
395.764169  -0.071159
395.784169  -0.071105
395.804168  -0.071127
395.824167  -0.071137
395.844166  -0.071116
395.864165  -0.071137
395.884165  -0.071095
395.904164  -0.071127
395.924163  -0.071137
395.944162  -0.071127
395.964161  -0.071084
395.984161  -0.071116
396.004160  -0.071137
396.024159  -0.071084
396.044158  -0.071137
396.064157  -0.071105
396.084157  -0.071105
396.104156  -0.071095
396.124155  -0.071095
396.144154  -0.071116
396.164153  -0.071095
396.184153  -0.071073
396.204152  -0.071084
396.224151  -0.071105
396.244150  -0.071105
396.264149  -0.071084
396.284149  -0.071095
396.304148  -0.071073
396.324147  -0.071095
396.344146  -0.071105
396.364145  -0.071095
396.384145  -0.071084
396.404144  -0.071095
396.424143  -0.071084
396.444142  -0.071095
396.464141  -0.071116
396.484141  -0.071084
396.504140  -0.071073
396.524139  -0.071084
396.544138  -0.071073
396.564137  -0.071084
396.584137  -0.071105
396.604136  -0.071116
396.624135  -0.071084
396.644134  -0.071063
396.664133  -0.071105
396.684133  -0.071063
396.704132  -0.071095
396.724131  -0.071052
396.744130  -0.071073
396.764129  -0.071063
396.784129  -0.071073
396.804128  -0.071084
396.824127  -0.071084
396.844126  -0.071095
396.864125  -0.071095
396.884125  -0.071041
396.904124  -0.071084
396.924123  -0.071073
396.944122  -0.071073
396.964121  -0.071031
396.984121  -0.071084
397.004120  -0.071084
397.024119  -0.071052
397.044118  -0.071052
397.064117  -0.071063
397.084117  -0.071063
397.104116  -0.071063
397.124115  -0.071105
397.144114  -0.071063
397.164113  -0.071105
397.184113  -0.071095
397.204112  -0.071084
397.224111  -0.071041
397.244110  -0.071063
397.264109  -0.071052
397.284109  -0.071063
397.304108  -0.071020
397.324107  -0.071052
397.344106  -0.071063
397.364105  -0.071020
397.384105  -0.071052
397.404104  -0.071073
397.424103  -0.071052
397.444102  -0.071041
397.464101  -0.071052
397.484101  -0.071041
397.504100  -0.071041
397.524099  -0.071020
397.544098  -0.071063
397.564097  -0.071073
397.584097  -0.070988
397.604096  -0.071020
397.624095  -0.071041
397.644094  -0.071020
397.664093  -0.071052
397.684093  -0.071031
397.704092  -0.071020
397.724091  -0.070999
397.744090  -0.071052
397.764089  -0.071105
397.784089  -0.071052
397.804088  -0.071041
397.824087  -0.071063
397.844086  -0.071009
397.864085  -0.071041
397.884085  -0.071031
397.904084  -0.071009
397.924083  -0.071009
397.944082  -0.071009
397.964081  -0.071020
397.984081  -0.071020
398.004080  -0.071020
398.024079  -0.071009
398.044078  -0.070999
398.064077  -0.071031
398.084077  -0.071031
398.104076  -0.071031
398.124075  -0.070999
398.144074  -0.071020
398.164073  -0.071009
398.184073  -0.070999
398.204072  -0.070977
398.224071  -0.070988
398.244070  -0.070988
398.264069  -0.070999
398.284069  -0.071020
398.304068  -0.070988
398.324067  -0.071009
398.344066  -0.070967
398.364065  -0.070988
398.384065  -0.071009
398.404064  -0.070945
398.424063  -0.070977
398.444062  -0.070977
398.464061  -0.070988
398.484061  -0.070977
398.504060  -0.070956
398.524059  -0.070977
398.544058  -0.070945
398.564057  -0.071020
398.584057  -0.070988
398.604056  -0.071009
398.624055  -0.070977
398.644054  -0.070977
398.664053  -0.070956
398.684053  -0.070902
398.704052  -0.070945
398.724051  -0.070956
398.744050  -0.070977
398.764049  -0.070967
398.784049  -0.070977
398.804048  -0.070956
398.824047  -0.070967
398.844046  -0.070934
398.864045  -0.070967
398.884045  -0.070977
398.904044  -0.070967
398.924043  -0.070977
398.944042  -0.070956
398.964041  -0.070956
398.984041  -0.070956
399.004040  -0.070892
399.024039  -0.070934
399.044038  -0.070934
399.064037  -0.070934
399.084037  -0.070902
399.104036  -0.070934
399.124035  -0.070902
399.144034  -0.070945
399.164033  -0.070934
399.184033  -0.070956
399.204032  -0.070934
399.224031  -0.070945
399.244030  -0.070924
399.264029  -0.070956
399.284029  -0.070902
399.304028  -0.070902
399.324027  -0.070913
399.344026  -0.070902
399.364025  -0.070870
399.384025  -0.070902
399.404024  -0.070881
399.424023  -0.070956
399.444022  -0.070902
399.464021  -0.070913
399.484021  -0.070892
399.504020  -0.070913
399.524019  -0.070945
399.544018  -0.070956
399.564017  -0.070892
399.584017  -0.070881
399.604016  -0.070924
399.624015  -0.070860
399.644014  -0.070892
399.664013  -0.070881
399.684013  -0.070860
399.704012  -0.070902
399.724011  -0.070870
399.744010  -0.070860
399.764009  -0.070870
399.784009  -0.070902
399.804008  -0.070860
399.824007  -0.070881
399.844006  -0.070892
399.864005  -0.070892
399.884005  -0.070849
399.904004  -0.070892
399.924003  -0.070870
399.944002  -0.070870
399.964001  -0.070828
399.984001  -0.070849
400.004000  -0.070870
400.023999  -0.070849
400.043998  -0.070849
400.063997  -0.070860
400.083997  -0.070870
400.103996  -0.070881
400.123995  -0.070881
400.143994  -0.070817
400.163993  -0.070849
400.183993  -0.070870
400.203992  -0.070828
400.223991  -0.070860
400.243990  -0.070838
400.263989  -0.070817
400.283989  -0.070806
400.303988  -0.070849
400.323987  -0.070838
400.343986  -0.070828
400.363985  -0.070860
400.383985  -0.070860
400.403984  -0.070838
400.423983  -0.070849
400.443982  -0.070817
400.463981  -0.070838
400.483981  -0.070828
400.503980  -0.070796
400.523979  -0.070785
400.543978  -0.070870
400.563977  -0.070828
400.583977  -0.070860
400.603976  -0.070849
400.623975  -0.070817
400.643974  -0.070838
400.663973  -0.070796
400.683973  -0.070806
400.703972  -0.070849
400.723971  -0.070817
400.743970  -0.070828
400.763969  -0.070817
400.783969  -0.070849
400.803968  -0.070796
400.823967  -0.070796
400.843966  -0.070838
400.863965  -0.070796
400.883965  -0.070785
400.903964  -0.070785
400.923963  -0.070785
400.943962  -0.070796
400.963961  -0.070806
400.983961  -0.070764
401.003960  -0.070774
401.023959  -0.070817
401.043958  -0.070774
401.063957  -0.070774
401.083957  -0.070753
401.103956  -0.070806
401.123955  -0.070753
401.143954  -0.070806
401.163953  -0.070774
401.183953  -0.070785
401.203952  -0.070764
401.223951  -0.070774
401.243950  -0.070774
401.263949  -0.070753
401.283949  -0.070764
401.303948  -0.070774
401.323947  -0.070785
401.343946  -0.070764
401.363945  -0.070764
401.383945  -0.070753
401.403944  -0.070774
401.423943  -0.070774
401.443942  -0.070753
401.463941  -0.070785
401.483941  -0.070732
401.503940  -0.070732
401.523939  -0.070710
401.543938  -0.070753
401.563937  -0.070774
401.583937  -0.070732
401.603936  -0.070721
401.623935  -0.070732
401.643934  -0.070753
401.663933  -0.070764
401.683933  -0.070732
401.703932  -0.070764
401.723931  -0.070710
401.743930  -0.070753
401.763929  -0.070699
401.783929  -0.070699
401.803928  -0.070710
401.823927  -0.070753
401.843926  -0.070721
401.863925  -0.070732
401.883925  -0.070753
401.903924  -0.070732
401.923923  -0.070742
401.943922  -0.070742
401.963921  -0.070732
401.983921  -0.070732
402.003920  -0.070753
402.023919  -0.070742
402.043918  -0.070678
402.063917  -0.070678
402.083917  -0.070689
402.103916  -0.070699
402.123915  -0.070732
402.143914  -0.070678
402.163913  -0.070710
402.183913  -0.070699
402.203912  -0.070732
402.223911  -0.070753
402.243910  -0.070699
402.263909  -0.070678
402.283909  -0.070721
402.303908  -0.070689
402.323907  -0.070678
402.343906  -0.070699
402.363905  -0.070689
402.383905  -0.070657
402.403904  -0.070710
402.423903  -0.070678
402.443902  -0.070689
402.463901  -0.070678
402.483901  -0.070732
402.503900  -0.070710
402.523899  -0.070646
402.543898  -0.070667
402.563897  -0.070667
402.583897  -0.070667
402.603896  -0.070614
402.623895  -0.070646
402.643894  -0.070667
402.663893  -0.070593
402.683893  -0.070657
402.703892  -0.070635
402.723891  -0.070667
402.743890  -0.070635
402.763889  -0.070646
402.783889  -0.070678
402.803888  -0.070667
402.823887  -0.070635
402.843886  -0.070635
402.863885  -0.070625
402.883885  -0.070635
402.903884  -0.070603
402.923883  -0.070625
402.943882  -0.070635
402.963881  -0.070614
402.983881  -0.070625
403.003880  -0.070614
403.023879  -0.070614
403.043878  -0.070625
403.063877  -0.070635
403.083877  -0.070667
403.103876  -0.070603
403.123875  -0.070625
403.143874  -0.070593
403.163873  -0.070582
403.183873  -0.070603
403.203872  -0.070614
403.223871  -0.070582
403.243870  -0.070603
403.263869  -0.070571
403.283869  -0.070582
403.303868  -0.070593
403.323867  -0.070593
403.343866  -0.070593
403.363865  -0.070571
403.383865  -0.070571
403.403864  -0.070635
403.423863  -0.070561
403.443862  -0.070571
403.463861  -0.070582
403.483861  -0.070571
403.503860  -0.070561
403.523859  -0.070593
403.543858  -0.070582
403.563857  -0.070593
403.583857  -0.070561
403.603856  -0.070571
403.623855  -0.070582
403.643854  -0.070561
403.663853  -0.070593
403.683853  -0.070582
403.703852  -0.070561
403.723851  -0.070582
403.743850  -0.070518
403.763849  -0.070550
403.783849  -0.070550
403.803848  -0.070561
403.823847  -0.070518
403.843846  -0.070582
403.863845  -0.070518
403.883845  -0.070539
403.903844  -0.070550
403.923843  -0.070561
403.943842  -0.070518
403.963841  -0.070561
403.983841  -0.070507
404.003840  -0.070529
404.023839  -0.070539
404.043838  -0.070550
404.063837  -0.070529
404.083837  -0.070539
404.103836  -0.070486
404.123835  -0.070507
404.143834  -0.070539
404.163833  -0.070539
404.183833  -0.070464
404.203832  -0.070561
404.223831  -0.070497
404.243830  -0.070529
404.263829  -0.070550
404.283829  -0.070486
404.303828  -0.070518
404.323827  -0.070507
404.343826  -0.070497
404.363825  -0.070507
404.383825  -0.070529
404.403824  -0.070507
404.423823  -0.070497
404.443822  -0.070464
404.463821  -0.070518
404.483821  -0.070518
404.503820  -0.070507
404.523819  -0.070529
404.543818  -0.070497
404.563817  -0.070518
404.583817  -0.070486
404.603816  -0.070497
404.623815  -0.070507
404.643814  -0.070497
404.663813  -0.070454
404.683813  -0.070507
404.703812  -0.070464
404.723811  -0.070486
404.743810  -0.070464
404.763809  -0.070507
404.783809  -0.070486
404.803808  -0.070486
404.823807  -0.070464
404.843806  -0.070475
404.863805  -0.070443
404.883805  -0.070464
404.903804  -0.070486
404.923803  -0.070464
404.943802  -0.070475
404.963801  -0.070464
404.983801  -0.070464
405.003800  -0.070432
405.023799  -0.070443
405.043798  -0.070464
405.063797  -0.070454
405.083797  -0.070475
405.103796  -0.070486
405.123795  -0.070475
405.143794  -0.070422
405.163793  -0.070464
405.183793  -0.070464
405.203792  -0.070422
405.223791  -0.070432
405.243790  -0.070443
405.263789  -0.070454
405.283789  -0.070432
405.303788  -0.070379
405.323787  -0.070443
405.343786  -0.070411
405.363785  -0.070432
405.383785  -0.070432
405.403784  -0.070443
405.423783  -0.070422
405.443782  -0.070411
405.463781  -0.070422
405.483781  -0.070422
405.503780  -0.070422
405.523779  -0.070422
405.543778  -0.070390
405.563777  -0.070400
405.583777  -0.070422
405.603776  -0.070379
405.623775  -0.070379
405.643774  -0.070379
405.663773  -0.070390
405.683773  -0.070358
405.703772  -0.070422
405.723771  -0.070400
405.743770  -0.070432
405.763769  -0.070390
405.783769  -0.070368
405.803768  -0.070347
405.823767  -0.070390
405.843766  -0.070358
405.863765  -0.070379
405.883765  -0.070368
405.903764  -0.070379
405.923763  -0.070368
405.943762  -0.070390
405.963761  -0.070358
405.983761  -0.070336
406.003760  -0.070358
406.023759  -0.070379
406.043758  -0.070379
406.063757  -0.070368
406.083757  -0.070347
406.103756  -0.070358
406.123755  -0.070379
406.143754  -0.070358
406.163753  -0.070336
406.183753  -0.070347
406.203752  -0.070336
406.223751  -0.070368
406.243750  -0.070336
406.263749  -0.070336
406.283749  -0.070358
406.303748  -0.070326
406.323747  -0.070294
406.343746  -0.070347
406.363745  -0.070326
406.383745  -0.070326
406.403744  -0.070315
406.423743  -0.070326
406.443742  -0.070294
406.463741  -0.070315
406.483741  -0.070336
406.503740  -0.070294
406.523739  -0.070315
406.543738  -0.070283
406.563737  -0.070283
406.583737  -0.070326
406.603736  -0.070272
406.623735  -0.070294
406.643734  -0.070272
406.663733  -0.070294
406.683733  -0.070262
406.703732  -0.070304
406.723731  -0.070272
406.743730  -0.070251
406.763729  -0.070251
406.783729  -0.070294
406.803728  -0.070272
406.823727  -0.070283
406.843726  -0.070272
406.863725  -0.070304
406.883725  -0.070294
406.903724  -0.070304
406.923723  -0.070262
406.943722  -0.070272
406.963721  -0.070229
406.983721  -0.070240
407.003720  -0.070219
407.023719  -0.070262
407.043718  -0.070229
407.063717  -0.070283
407.083717  -0.070229
407.103716  -0.070262
407.123715  -0.070251
407.143714  -0.070240
407.163713  -0.070240
407.183713  -0.070240
407.203712  -0.070197
407.223711  -0.070240
407.243710  -0.070219
407.263709  -0.070176
407.283709  -0.070197
407.303708  -0.070272
407.323707  -0.070208
407.343706  -0.070197
407.363705  -0.070165
407.383705  -0.070208
407.403704  -0.070208
407.423703  -0.070165
407.443702  -0.070197
407.463701  -0.070197
407.483701  -0.070187
407.503700  -0.070187
407.523699  -0.070165
407.543698  -0.070219
407.563697  -0.070176
407.583697  -0.070165
407.603696  -0.070165
407.623695  -0.070197
407.643694  -0.070133
407.663693  -0.070144
407.683693  -0.070176
407.703692  -0.070155
407.723691  -0.070144
407.743690  -0.070165
407.763689  -0.070133
407.783689  -0.070197
407.803688  -0.070133
407.823687  -0.070176
407.843686  -0.070091
407.863685  -0.070165
407.883685  -0.070155
407.903684  -0.070133
407.923683  -0.070112
407.943682  -0.070133
407.963681  -0.070091
407.983681  -0.070080
408.003680  -0.070123
408.023679  -0.070123
408.043678  -0.070101
408.063677  -0.070123
408.083677  -0.070091
408.103676  -0.070123
408.123675  -0.070112
408.143674  -0.070091
408.163673  -0.070123
408.183673  -0.070123
408.203672  -0.070069
408.223671  -0.070101
408.243670  -0.070091
408.263669  -0.070069
408.283669  -0.070059
408.303668  -0.070133
408.323667  -0.070080
408.343666  -0.070080
408.363665  -0.070101
408.383665  -0.070059
408.403664  -0.070069
408.423663  -0.070069
408.443662  -0.070069
408.463661  -0.070080
408.483661  -0.070048
408.503660  -0.070080
408.523659  -0.070027
408.543658  -0.070048
408.563657  -0.070037
408.583657  -0.070027
408.603656  -0.070048
408.623655  -0.070069
408.643654  -0.070059
408.663653  -0.070027
408.683653  -0.070016
408.703652  -0.070016
408.723651  -0.070069
408.743650  -0.070005
408.763649  -0.069995
408.783649  -0.070037
408.803648  -0.070059
408.823647  -0.070037
408.843646  -0.069995
408.863645  -0.070016
408.883645  -0.070037
408.903644  -0.070037
408.923643  -0.069984
408.943642  -0.070016
408.963641  -0.070005
408.983641  -0.069995
409.003640  -0.070005
409.023639  -0.069995
409.043638  -0.070027
409.063637  -0.069995
409.083637  -0.069984
409.103636  -0.069952
409.123635  -0.069995
409.143634  -0.069995
409.163633  -0.069962
409.183633  -0.069952
409.203632  -0.069973
409.223631  -0.069962
409.243630  -0.069962
409.263629  -0.069962
409.283629  -0.069984
409.303628  -0.069941
409.323627  -0.069962
409.343626  -0.069941
409.363625  -0.069952
409.383625  -0.069952
409.403624  -0.069930
409.423623  -0.069909
409.443622  -0.069920
409.463621  -0.069877
409.483621  -0.069952
409.503620  -0.069909
409.523619  -0.069920
409.543618  -0.069898
409.563617  -0.069941
409.583617  -0.069941
409.603616  -0.069920
409.623615  -0.069909
409.643614  -0.069920
409.663613  -0.069888
409.683613  -0.069930
409.703612  -0.069877
409.723611  -0.069920
409.743610  -0.069856
409.763609  -0.069920
409.783609  -0.069888
409.803608  -0.069920
409.823607  -0.069856
409.843606  -0.069909
409.863605  -0.069909
409.883605  -0.069866
409.903604  -0.069898
409.923603  -0.069920
409.943602  -0.069898
409.963601  -0.069877
409.983601  -0.069888
410.003600  -0.069877
410.023599  -0.069845
410.043598  -0.069856
410.063597  -0.069866
410.083597  -0.069866
410.103596  -0.069856
410.123595  -0.069898
410.143594  -0.069877
410.163593  -0.069877
410.183593  -0.069834
410.203592  -0.069845
410.223591  -0.069856
410.243590  -0.069877
410.263589  -0.069824
410.283589  -0.069856
410.303588  -0.069845
410.323587  -0.069824
410.343586  -0.069792
410.363585  -0.069813
410.383585  -0.069845
410.403584  -0.069824
410.423583  -0.069813
410.443582  -0.069866
410.463581  -0.069834
410.483581  -0.069834
410.503580  -0.069824
410.523579  -0.069802
410.543578  -0.069824
410.563577  -0.069802
410.583577  -0.069802
410.603576  -0.069834
410.623575  -0.069813
410.643574  -0.069781
410.663573  -0.069813
410.683573  -0.069781
410.703572  -0.069781
410.723571  -0.069802
410.743570  -0.069770
410.763569  -0.069802
410.783569  -0.069813
410.803568  -0.069802
410.823567  -0.069813
410.843566  -0.069802
410.863565  -0.069781
410.883565  -0.069781
410.903564  -0.069760
410.923563  -0.069781
410.943562  -0.069738
410.963561  -0.069781
410.983561  -0.069792
411.003560  -0.069792
411.023559  -0.069749
411.043558  -0.069760
411.063557  -0.069781
411.083557  -0.069770
411.103556  -0.069760
411.123555  -0.069749
411.143554  -0.069727
411.163553  -0.069760
411.183553  -0.069727
411.203552  -0.069738
411.223551  -0.069760
411.243550  -0.069717
411.263549  -0.069727
411.283549  -0.069749
411.303548  -0.069738
411.323547  -0.069781
411.343546  -0.069738
411.363545  -0.069760
411.383545  -0.069738
411.403544  -0.069781
411.423543  -0.069727
411.443542  -0.069717
411.463541  -0.069727
411.483541  -0.069695
411.503540  -0.069706
411.523539  -0.069727
411.543538  -0.069695
411.563537  -0.069717
411.583537  -0.069717
411.603536  -0.069695
411.623535  -0.069727
411.643534  -0.069738
411.663533  -0.069706
411.683533  -0.069706
411.703532  -0.069749
411.723531  -0.069727
411.743530  -0.069717
411.763529  -0.069717
411.783529  -0.069706
411.803528  -0.069706
411.823527  -0.069727
411.843526  -0.069674
411.863525  -0.069706
411.883525  -0.069674
411.903524  -0.069706
411.923523  -0.069685
411.943522  -0.069685
411.963521  -0.069695
411.983521  -0.069685
412.003520  -0.069685
412.023519  -0.069727
412.043518  -0.069695
412.063517  -0.069706
412.083517  -0.069706
412.103516  -0.069674
412.123515  -0.069685
412.143514  -0.069695
412.163513  -0.069631
412.183513  -0.069653
412.203512  -0.069695
412.223511  -0.069621
412.243510  -0.069685
412.263509  -0.069674
412.283509  -0.069663
412.303508  -0.069695
412.323507  -0.069653
412.343506  -0.069663
412.363505  -0.069663
412.383505  -0.069663
412.403504  -0.069642
412.423503  -0.069642
412.443502  -0.069653
412.463501  -0.069642
412.483501  -0.069631
412.503500  -0.069642
412.523499  -0.069663
412.543498  -0.069663
412.563497  -0.069631
412.583497  -0.069631
412.603496  -0.069567
412.623495  -0.069653
412.643494  -0.069610
412.663493  -0.069663
412.683493  -0.069621
412.703492  -0.069621
412.723491  -0.069599
412.743490  -0.069610
412.763489  -0.069610
412.783489  -0.069642
412.803488  -0.069589
412.823487  -0.069589
412.843486  -0.069610
412.863485  -0.069653
412.883485  -0.069610
412.903484  -0.069621
412.923483  -0.069589
412.943482  -0.069621
412.963481  -0.069589
412.983481  -0.069610
413.003480  -0.069610
413.023479  -0.069589
413.043478  -0.069546
413.063477  -0.069621
413.083477  -0.069567
413.103476  -0.069610
413.123475  -0.069599
413.143474  -0.069589
413.163473  -0.069599
413.183473  -0.069557
413.203472  -0.069589
413.223471  -0.069589
413.243470  -0.069610
413.263469  -0.069589
413.283469  -0.069525
413.303468  -0.069546
413.323467  -0.069546
413.343466  -0.069599
413.363465  -0.069535
413.383465  -0.069567
413.403464  -0.069578
413.423463  -0.069567
413.443462  -0.069546
413.463461  -0.069578
413.483461  -0.069546
413.503460  -0.069578
413.523459  -0.069567
413.543458  -0.069557
413.563457  -0.069589
413.583457  -0.069567
413.603456  -0.069514
413.623455  -0.069514
413.643454  -0.069535
413.663453  -0.069535
413.683453  -0.069482
413.703452  -0.069535
413.723451  -0.069546
413.743450  -0.069514
413.763449  -0.069546
413.783449  -0.069514
413.803448  -0.069514
413.823447  -0.069514
413.843446  -0.069514
413.863445  -0.069514
413.883445  -0.069482
413.903444  -0.069503
413.923443  -0.069492
413.943442  -0.069503
413.963441  -0.069525
413.983441  -0.069525
414.003440  -0.069514
414.023439  -0.069492
414.043438  -0.069471
414.063437  -0.069492
414.083437  -0.069482
414.103436  -0.069460
414.123435  -0.069492
414.143434  -0.069503
414.163433  -0.069471
414.183433  -0.069492
414.203432  -0.069471
414.223431  -0.069482
414.243430  -0.069482
414.263429  -0.069450
414.283429  -0.069450
414.303428  -0.069482
414.323427  -0.069471
414.343426  -0.069450
414.363425  -0.069428
414.383425  -0.069492
414.403424  -0.069492
414.423423  -0.069460
414.443422  -0.069450
414.463421  -0.069471
414.483421  -0.069439
414.503420  -0.069439
414.523419  -0.069428
414.543418  -0.069450
414.563417  -0.069460
414.583417  -0.069428
414.603416  -0.069418
414.623415  -0.069460
414.643414  -0.069450
414.663413  -0.069396
414.683413  -0.069407
414.703412  -0.069439
414.723411  -0.069428
414.743410  -0.069375
414.763409  -0.069386
414.783409  -0.069407
414.803408  -0.069407
414.823407  -0.069396
414.843406  -0.069375
414.863405  -0.069386
414.883405  -0.069396
414.903404  -0.069375
414.923403  -0.069375
414.943402  -0.069354
414.963401  -0.069396
414.983401  -0.069386
415.003400  -0.069364
415.023399  -0.069354
415.043398  -0.069354
415.063397  -0.069343
415.083397  -0.069332
415.103396  -0.069332
415.123395  -0.069343
415.143394  -0.069332
415.163393  -0.069300
415.183393  -0.069322
415.203392  -0.069322
415.223391  -0.069322
415.243390  -0.069332
415.263389  -0.069354
415.283389  -0.069343
415.303388  -0.069300
415.323387  -0.069322
415.343386  -0.069311
415.363385  -0.069311
415.383385  -0.069257
415.403384  -0.069290
415.423383  -0.069290
415.443382  -0.069279
415.463381  -0.069290
415.483381  -0.069290
415.503380  -0.069268
415.523379  -0.069311
415.543378  -0.069300
415.563377  -0.069300
415.583377  -0.069236
415.603376  -0.069257
415.623375  -0.069300
415.643374  -0.069247
415.663373  -0.069247
415.683373  -0.069257
415.703372  -0.069225
415.723371  -0.069247
415.743370  -0.069247
415.763369  -0.069215
415.783369  -0.069290
415.803368  -0.069247
415.823367  -0.069236
415.843366  -0.069215
415.863365  -0.069215
415.883365  -0.069236
415.903364  -0.069215
415.923363  -0.069204
415.943362  -0.069183
415.963361  -0.069193
415.983361  -0.069183
416.003360  -0.069204
416.023359  -0.069151
416.043358  -0.069193
416.063357  -0.069183
416.083357  -0.069204
416.103356  -0.069183
416.123355  -0.069183
416.143354  -0.069183
416.163353  -0.069236
416.183353  -0.069183
416.203352  -0.069129
416.223351  -0.069140
416.243350  -0.069151
416.263349  -0.069108
416.283349  -0.069172
416.303348  -0.069151
416.323347  -0.069140
416.343346  -0.069097
416.363345  -0.069129
416.383345  -0.069151
416.403344  -0.069108
416.423343  -0.069129
416.443342  -0.069140
416.463341  -0.069140
416.483341  -0.069129
416.503340  -0.069108
416.523339  -0.069065
416.543338  -0.069108
416.563337  -0.069151
416.583337  -0.069129
416.603336  -0.069076
416.623335  -0.069097
416.643334  -0.069087
416.663333  -0.069097
416.683333  -0.069140
416.703332  -0.069076
416.723331  -0.069065
416.743330  -0.069055
416.763329  -0.069065
416.783329  -0.069065
416.803328  -0.069076
416.823327  -0.069065
416.843326  -0.069076
416.863325  -0.069065
416.883325  -0.069033
416.903324  -0.069044
416.923323  -0.069055
416.943322  -0.069012
416.963321  -0.069055
416.983321  -0.069065
417.003320  -0.069044
417.023319  -0.069012
417.043318  -0.069012
417.063317  -0.069022
417.083317  -0.069033
417.103316  -0.069022
417.123315  -0.069033
417.143314  -0.068990
417.163313  -0.069022
417.183313  -0.069022
417.203312  -0.069012
417.223311  -0.069033
417.243310  -0.069001
417.263309  -0.069022
417.283309  -0.068969
417.303308  -0.069001
417.323307  -0.068969
417.343306  -0.068969
417.363305  -0.068980
417.383305  -0.068958
417.403304  -0.068969
417.423303  -0.068937
417.443302  -0.068937
417.463301  -0.068958
417.483301  -0.068937
417.503300  -0.068937
417.523299  -0.068969
417.543298  -0.068958
417.563297  -0.068990
417.583297  -0.068969
417.603296  -0.068958
417.623295  -0.068958
417.643294  -0.068926
417.663293  -0.068948
417.683293  -0.069001
417.703292  -0.068926
417.723291  -0.068937
417.743290  -0.068948
417.763289  -0.068937
417.783289  -0.068969
417.803288  -0.068926
417.823287  -0.068884
417.843286  -0.068969
417.863285  -0.068937
417.883285  -0.068916
417.903284  -0.068926
417.923283  -0.068905
417.943282  -0.068905
417.963281  -0.068884
417.983281  -0.068873
418.003280  -0.068905
418.023279  -0.068894
418.043278  -0.068884
418.063277  -0.068873
418.083277  -0.068841
418.103276  -0.068873
418.123275  -0.068873
418.143274  -0.068884
418.163273  -0.068862
418.183273  -0.068862
418.203272  -0.068841
418.223271  -0.068862
418.243270  -0.068894
418.263269  -0.068841
418.283269  -0.068830
418.303268  -0.068841
418.323267  -0.068862
418.343266  -0.068894
418.363265  -0.068841
418.383265  -0.068841
418.403264  -0.068820
418.423263  -0.068798
418.443262  -0.068798
418.463261  -0.068798
418.483261  -0.068788
418.503260  -0.068830
418.523259  -0.068788
418.543258  -0.068830
418.563257  -0.068820
418.583257  -0.068809
418.603256  -0.068798
418.623255  -0.068788
418.643254  -0.068798
418.663253  -0.068798
418.683253  -0.068798
418.703252  -0.068798
418.723251  -0.068766
418.743250  -0.068809
418.763249  -0.068798
418.783249  -0.068820
418.803248  -0.068809
418.823247  -0.068788
418.843246  -0.068788
418.863245  -0.068734
418.883245  -0.068788
418.903244  -0.068788
418.923243  -0.068723
418.943242  -0.068788
418.963241  -0.068766
418.983241  -0.068723
419.003240  -0.068734
419.023239  -0.068734
419.043238  -0.068745
419.063237  -0.068766
419.083237  -0.068723
419.103236  -0.068766
419.123235  -0.068745
419.143234  -0.068734
419.163233  -0.068702
419.183233  -0.068745
419.203232  -0.068681
419.223231  -0.068702
419.243230  -0.068702
419.263229  -0.068723
419.283229  -0.068713
419.303228  -0.068777
419.323227  -0.068734
419.343226  -0.068723
419.363225  -0.068691
419.383225  -0.068734
419.403224  -0.068702
419.423223  -0.068691
419.443222  -0.068691
419.463221  -0.068713
419.483221  -0.068681
419.503220  -0.068691
419.523219  -0.068691
419.543218  -0.068691
419.563217  -0.068670
419.583217  -0.068691
419.603216  -0.068713
419.623215  -0.068713
419.643214  -0.068659
419.663213  -0.068691
419.683213  -0.068670
419.703212  -0.068702
419.723211  -0.068670
419.743210  -0.068670
419.763209  -0.068627
419.783209  -0.068659
419.803208  -0.068670
419.823207  -0.068638
419.843206  -0.068670
419.863205  -0.068649
419.883205  -0.068649
419.903204  -0.068649
419.923203  -0.068627
419.943202  -0.068638
419.963201  -0.068606
419.983201  -0.068627
420.003200  -0.068617
420.023199  -0.068617
420.043198  -0.068617
420.063197  -0.068627
420.083197  -0.068617
420.103196  -0.068638
420.123195  -0.068585
420.143194  -0.068627
420.163193  -0.068606
420.183193  -0.068659
420.203192  -0.068585
420.223191  -0.068638
420.243190  -0.068638
420.263189  -0.068617
420.283189  -0.068617
420.303188  -0.068617
420.323187  -0.068595
420.343186  -0.068595
420.363185  -0.068595
420.383185  -0.068627
420.403184  -0.068585
420.423183  -0.068595
420.443182  -0.068595
420.463181  -0.068606
420.483181  -0.068595
420.503180  -0.068595
420.523179  -0.068585
420.543178  -0.068627
420.563177  -0.068627
420.583177  -0.068542
420.603176  -0.068563
420.623175  -0.068574
420.643174  -0.068542
420.663173  -0.068553
420.683173  -0.068563
420.703172  -0.068563
420.723171  -0.068542
420.743170  -0.068574
420.763169  -0.068553
420.783169  -0.068585
420.803168  -0.068585
420.823167  -0.068542
420.843166  -0.068553
420.863165  -0.068542
420.883165  -0.068531
420.903164  -0.068553
420.923163  -0.068542
420.943162  -0.068531
420.963161  -0.068531
420.983161  -0.068553
421.003160  -0.068553
421.023159  -0.068520
421.043158  -0.068531
421.063157  -0.068563
421.083157  -0.068531
421.103156  -0.068520
421.123155  -0.068520
421.143154  -0.068531
421.163153  -0.068488
421.183153  -0.068520
421.203152  -0.068510
421.223151  -0.068488
421.243150  -0.068499
421.263149  -0.068488
421.283149  -0.068456
421.303148  -0.068520
421.323147  -0.068499
421.343146  -0.068499
421.363145  -0.068531
421.383145  -0.068510
421.403144  -0.068542
421.423143  -0.068467
421.443142  -0.068478
421.463141  -0.068499
421.483141  -0.068531
421.503140  -0.068520
421.523139  -0.068403
421.543138  -0.068456
421.563137  -0.068478
421.583137  -0.068456
421.603136  -0.068467
421.623135  -0.068478
421.643134  -0.068446
421.663133  -0.068456
421.683133  -0.068478
421.703132  -0.068456
421.723131  -0.068467
421.743130  -0.068478
421.763129  -0.068467
421.783129  -0.068446
421.803128  -0.068435
421.823127  -0.068446
421.843126  -0.068510
421.863125  -0.068467
421.883125  -0.068478
421.903124  -0.068478
421.923123  -0.068435
421.943122  -0.068446
421.963121  -0.068446
421.983121  -0.068467
422.003120  -0.068446
422.023119  -0.068456
422.043118  -0.068478
422.063117  -0.068456
422.083117  -0.068446
422.103116  -0.068414
422.123115  -0.068403
422.143114  -0.068446
422.163113  -0.068414
422.183113  -0.068392
422.203112  -0.068424
422.223111  -0.068403
422.243110  -0.068446
422.263109  -0.068403
422.283109  -0.068403
422.303108  -0.068392
422.323107  -0.068456
422.343106  -0.068424
422.363105  -0.068403
422.383105  -0.068414
422.403104  -0.068435
422.423103  -0.068424
422.443102  -0.068392
422.463101  -0.068350
422.483101  -0.068414
422.503100  -0.068371
422.523099  -0.068403
422.543098  -0.068392
422.563097  -0.068382
422.583097  -0.068403
422.603096  -0.068424
422.623095  -0.068392
422.643094  -0.068414
422.663093  -0.068403
422.683093  -0.068414
422.703092  -0.068392
422.723091  -0.068360
422.743090  -0.068350
422.763089  -0.068371
422.783089  -0.068382
422.803088  -0.068371
422.823087  -0.068382
422.843086  -0.068371
422.863085  -0.068371
422.883085  -0.068382
422.903084  -0.068371
422.923083  -0.068371
422.943082  -0.068350
422.963081  -0.068382
422.983081  -0.068360
423.003080  -0.068339
423.023079  -0.068318
423.043078  -0.068360
423.063077  -0.068382
423.083077  -0.068371
423.103076  -0.068328
423.123075  -0.068328
423.143074  -0.068360
423.163073  -0.068350
423.183073  -0.068360
423.203072  -0.068360
423.223071  -0.068339
423.243070  -0.068339
423.263069  -0.068350
423.283069  -0.068318
423.303068  -0.068318
423.323067  -0.068328
423.343066  -0.068328
423.363065  -0.068328
423.383065  -0.068307
423.403064  -0.068328
423.423063  -0.068307
423.443062  -0.068339
423.463061  -0.068296
423.483061  -0.068318
423.503060  -0.068307
423.523059  -0.068328
423.543058  -0.068253
423.563057  -0.068318
423.583057  -0.068318
423.603056  -0.068285
423.623055  -0.068307
423.643054  -0.068264
423.663053  -0.068275
423.683053  -0.068328
423.703052  -0.068307
423.723051  -0.068307
423.743050  -0.068285
423.763049  -0.068296
423.783049  -0.068307
423.803048  -0.068275
423.823047  -0.068253
423.843046  -0.068264
423.863045  -0.068243
423.883045  -0.068275
423.903044  -0.068264
423.923043  -0.068275
423.943042  -0.068243
423.963041  -0.068285
423.983041  -0.068307
424.003040  -0.068296
424.023039  -0.068243
424.043038  -0.068296
424.063037  -0.068296
424.083037  -0.068307
424.103036  -0.068253
424.123035  -0.068264
424.143034  -0.068253
424.163033  -0.068285
424.183033  -0.068221
424.203032  -0.068253
424.223031  -0.068232
424.243030  -0.068232
424.263029  -0.068232
424.283029  -0.068221
424.303028  -0.068232
424.323027  -0.068243
424.343026  -0.068232
424.363025  -0.068211
424.383025  -0.068275
424.403024  -0.068232
424.423023  -0.068211
424.443022  -0.068211
424.463021  -0.068200
424.483021  -0.068243
424.503020  -0.068211
424.523019  -0.068211
424.543018  -0.068211
424.563017  -0.068200
424.583017  -0.068179
424.603016  -0.068211
424.623015  -0.068168
424.643014  -0.068179
424.663013  -0.068211
424.683013  -0.068221
424.703012  -0.068211
424.723011  -0.068189
424.743010  -0.068179
424.763009  -0.068179
424.783009  -0.068200
424.803008  -0.068179
424.823007  -0.068189
424.843006  -0.068200
424.863005  -0.068168
424.883005  -0.068168
424.903004  -0.068200
424.923003  -0.068189
424.943002  -0.068157
424.963001  -0.068200
424.983001  -0.068189
425.003000  -0.068200
425.022999  -0.068211
425.042998  -0.068211
425.062997  -0.068157
425.082997  -0.068157
425.102996  -0.068200
425.122995  -0.068157
425.142994  -0.068168
425.162993  -0.068189
425.182993  -0.068189
425.202992  -0.068179
425.222991  -0.068168
425.242990  -0.068147
425.262989  -0.068115
425.282989  -0.068200
425.302988  -0.068157
425.322987  -0.068147
425.342986  -0.068136
425.362985  -0.068147
425.382985  -0.068189
425.402984  -0.068147
425.422983  -0.068157
425.442982  -0.068147
425.462981  -0.068147
425.482981  -0.068189
425.502980  -0.068125
425.522979  -0.068147
425.542978  -0.068147
425.562977  -0.068136
425.582977  -0.068168
425.602976  -0.068125
425.622975  -0.068115
425.642974  -0.068147
425.662973  -0.068125
425.682973  -0.068093
425.702972  -0.068104
425.722971  -0.068136
425.742970  -0.068115
425.762969  -0.068125
425.782969  -0.068115
425.802968  -0.068115
425.822967  -0.068104
425.842966  -0.068115
425.862965  -0.068136
425.882965  -0.068104
425.902964  -0.068125
425.922963  -0.068083
425.942962  -0.068072
425.962961  -0.068093
425.982961  -0.068061
426.002960  -0.068083
426.022959  -0.068115
426.042958  -0.068072
426.062957  -0.068093
426.082957  -0.068115
426.102956  -0.068072
426.122955  -0.068125
426.142954  -0.068061
426.162953  -0.068072
426.182953  -0.068115
426.202952  -0.068093
426.222951  -0.068104
426.242950  -0.068061
426.262949  -0.068093
426.282949  -0.068093
426.302948  -0.068061
426.322947  -0.068050
426.342946  -0.068083
426.362945  -0.068061
426.382945  -0.068083
426.402944  -0.068072
426.422943  -0.068061
426.442942  -0.068093
426.462941  -0.068072
426.482941  -0.068083
426.502940  -0.068050
426.522939  -0.068040
426.542938  -0.068061
426.562937  -0.068050
426.582937  -0.068061
426.602936  -0.068040
426.622935  -0.068083
426.642934  -0.068040
426.662933  -0.068050
426.682933  -0.068040
426.702932  -0.068093
426.722931  -0.068040
426.742930  -0.068050
426.762929  -0.068040
426.782929  -0.068029
426.802928  -0.068050
426.822927  -0.068029
426.842926  -0.068029
426.862925  -0.068040
426.882925  -0.068008
426.902924  -0.068061
426.922923  -0.068018
426.942922  -0.068018
426.962921  -0.068040
426.982921  -0.067997
427.002920  -0.068029
427.022919  -0.068072
427.042918  -0.068050
427.062917  -0.068018
427.082917  -0.068040
427.102916  -0.068093
427.122915  -0.068029
427.142914  -0.068040
427.162913  -0.068008
427.182913  -0.068008
427.202912  -0.068029
427.222911  -0.067997
427.242910  -0.068008
427.262909  -0.068029
427.282909  -0.068018
427.302908  -0.068050
427.322907  -0.067997
427.342906  -0.068029
427.362905  -0.068008
427.382905  -0.068029
427.402904  -0.067976
427.422903  -0.068029
427.442902  -0.067997
427.462901  -0.068008
427.482901  -0.067976
427.502900  -0.068008
427.522899  -0.068050
427.542898  -0.068040
427.562897  -0.067997
427.582897  -0.068072
427.602896  -0.067986
427.622895  -0.067986
427.642894  -0.067976
427.662893  -0.068018
427.682893  -0.068018
427.702892  -0.068008
427.722891  -0.068040
427.742890  -0.068018
427.762889  -0.068040
427.782889  -0.068018
427.802888  -0.067986
427.822887  -0.068050
427.842886  -0.067997
427.862885  -0.068050
427.882885  -0.068018
427.902884  -0.068061
427.922883  -0.067986
427.942882  -0.068040
427.962881  -0.067976
427.982881  -0.068029
428.002880  -0.067997
428.022879  -0.068050
428.042878  -0.067986
428.062877  -0.067997
428.082877  -0.067997
428.102876  -0.067976
428.122875  -0.068008
428.142874  -0.068018
428.162873  -0.067986
428.182873  -0.068008
428.202872  -0.068029
428.222871  -0.068008
428.242870  -0.067997
428.262869  -0.067986
428.282869  -0.067997
428.302868  -0.068029
428.322867  -0.067954
428.342866  -0.067976
428.362865  -0.067965
428.382865  -0.067986
428.402864  -0.067986
428.422863  -0.068008
428.442862  -0.067933
428.462861  -0.067986
428.482861  -0.068029
428.502860  -0.067976
428.522859  -0.067986
428.542858  -0.067997
428.562857  -0.067986
428.582857  -0.067986
428.602856  -0.067965
428.622855  -0.067954
428.642854  -0.067997
428.662853  -0.067965
428.682853  -0.067965
428.702852  -0.067986
428.722851  -0.067997
428.742850  -0.067986
428.762849  -0.067954
428.782849  -0.067986
428.802848  -0.067976
428.822847  -0.068008
428.842846  -0.068008
428.862845  -0.067986
428.882845  -0.067986
428.902844  -0.067976
428.922843  -0.067997
428.942842  -0.068040
428.962841  -0.068018
428.982841  -0.067997
429.002840  -0.068018
429.022839  -0.067986
429.042838  -0.067997
429.062837  -0.067976
429.082837  -0.067976
429.102836  -0.068008
429.122835  -0.068029
429.142834  -0.067944
429.162833  -0.067986
429.182833  -0.067944
429.202832  -0.067954
429.222831  -0.067976
429.242830  -0.067976
429.262829  -0.067986
429.282829  -0.068018
429.302828  -0.067933
429.322827  -0.068029
429.342826  -0.068018
429.362825  -0.068040
429.382825  -0.068029
429.402824  -0.067997
429.422823  -0.067997
429.442822  -0.067997
429.462821  -0.068008
429.482821  -0.068018
429.502820  -0.068029
429.522819  -0.067986
429.542818  -0.068008
429.562817  -0.068018
429.582817  -0.067986
429.602816  -0.068029
429.622815  -0.068029
429.642814  -0.068029
429.662813  -0.067976
429.682813  -0.068018
429.702812  -0.068029
429.722811  -0.068018
429.742810  -0.067986
429.762809  -0.067997
429.782809  -0.067976
429.802808  -0.067986
429.822807  -0.067997
429.842806  -0.067986
429.862805  -0.067997
429.882805  -0.067986
429.902804  -0.067997
429.922803  -0.068061
429.942802  -0.068029
429.962801  -0.068029
429.982801  -0.068050
430.002800  -0.067976
430.022799  -0.068018
430.042798  -0.068018
430.062797  -0.068008
430.082797  -0.068008
430.102796  -0.067986
430.122795  -0.067997
430.142794  -0.067986
430.162793  -0.068018
430.182793  -0.068008
430.202792  -0.067976
430.222791  -0.067997
430.242790  -0.067997
430.262789  -0.067976
430.282789  -0.068018
430.302788  -0.068018
430.322787  -0.068008
430.342786  -0.067997
430.362785  -0.067976
430.382785  -0.067976
430.402784  -0.068008
430.422783  -0.067965
430.442782  -0.067986
430.462781  -0.067997
430.482781  -0.067976
430.502780  -0.068018
430.522779  -0.068008
430.542778  -0.067954
430.562777  -0.067997
430.582777  -0.067976
430.602776  -0.068008
430.622775  -0.068029
430.642774  -0.067965
430.662773  -0.067954
430.682773  -0.067997
430.702772  -0.067986
430.722771  -0.067986
430.742770  -0.067954
430.762769  -0.067997
430.782769  -0.067954
430.802768  -0.067997
430.822767  -0.067944
430.842766  -0.067944
430.862765  -0.067954
430.882765  -0.067976
430.902764  -0.067976
430.922763  -0.067976
430.942762  -0.067944
430.962761  -0.067954
430.982761  -0.067944
431.002760  -0.067976
431.022759  -0.067965
431.042758  -0.067933
431.062757  -0.067986
431.082757  -0.067986
431.102756  -0.067944
431.122755  -0.067986
431.142754  -0.067976
431.162753  -0.067976
431.182753  -0.067912
431.202752  -0.067954
431.222751  -0.067922
431.242750  -0.067976
431.262749  -0.067901
431.282749  -0.067922
431.302748  -0.067954
431.322747  -0.067954
431.342746  -0.067986
431.362745  -0.067922
431.382745  -0.067954
431.402744  -0.067976
431.422743  -0.067954
431.442742  -0.067933
431.462741  -0.067880
431.482741  -0.067901
431.502740  -0.067965
431.522739  -0.067901
431.542738  -0.067901
431.562737  -0.067912
431.582737  -0.067858
431.602736  -0.067912
431.622735  -0.067890
431.642734  -0.067922
431.662733  -0.067922
431.682733  -0.067922
431.702732  -0.067912
431.722731  -0.067944
431.742730  -0.067880
431.762729  -0.067880
431.782729  -0.067869
431.802728  -0.067901
431.822727  -0.067869
431.842726  -0.067890
431.862725  -0.067880
431.882725  -0.067869
431.902724  -0.067858
431.922723  -0.067869
431.942722  -0.067912
431.962721  -0.067880
431.982721  -0.067848
432.002720  -0.067858
432.022719  -0.067858
432.042718  -0.067880
432.062717  -0.067848
432.082717  -0.067837
432.102716  -0.067816
432.122715  -0.067848
432.142714  -0.067816
432.162713  -0.067816
432.182713  -0.067837
432.202712  -0.067848
432.222711  -0.067826
432.242710  -0.067837
432.262709  -0.067837
432.282709  -0.067794
432.302708  -0.067848
432.322707  -0.067794
432.342706  -0.067794
432.362705  -0.067816
432.382705  -0.067783
432.402704  -0.067783
432.422703  -0.067762
432.442702  -0.067783
432.462701  -0.067773
432.482701  -0.067741
432.502700  -0.067730
432.522699  -0.067783
432.542698  -0.067783
432.562697  -0.067816
432.582697  -0.067762
432.602696  -0.067773
432.622695  -0.067741
432.642694  -0.067762
432.662693  -0.067751
432.682693  -0.067751
432.702692  -0.067730
432.722691  -0.067751
432.742690  -0.067730
432.762689  -0.067730
432.782689  -0.067709
432.802688  -0.067741
432.822687  -0.067773
432.842686  -0.067677
432.862685  -0.067741
432.882685  -0.067730
432.902684  -0.067698
432.922683  -0.067741
432.942682  -0.067719
432.962681  -0.067709
432.982681  -0.067687
433.002680  -0.067698
433.022679  -0.067666
433.042678  -0.067687
433.062677  -0.067677
433.082677  -0.067687
433.102676  -0.067655
433.122675  -0.067687
433.142674  -0.067655
433.162673  -0.067687
433.182673  -0.067655
433.202672  -0.067645
433.222671  -0.067687
433.242670  -0.067655
433.262669  -0.067677
433.282669  -0.067645
433.302668  -0.067613
433.322667  -0.067666
433.342666  -0.067634
433.362665  -0.067645
433.382665  -0.067613
433.402664  -0.067613
433.422663  -0.067623
433.442662  -0.067613
433.462661  -0.067645
433.482661  -0.067602
433.502660  -0.067591
433.522659  -0.067613
433.542658  -0.067591
433.562657  -0.067602
433.582657  -0.067602
433.602656  -0.067613
433.622655  -0.067613
433.642654  -0.067570
433.662653  -0.067613
433.682653  -0.067602
433.702652  -0.067591
433.722651  -0.067613
433.742650  -0.067613
433.762649  -0.067559
433.782649  -0.067591
433.802648  -0.067548
433.822647  -0.067548
433.842646  -0.067559
433.862645  -0.067570
433.882645  -0.067538
433.902644  -0.067559
433.922643  -0.067581
433.942642  -0.067559
433.962641  -0.067538
433.982641  -0.067559
434.002640  -0.067602
434.022639  -0.067527
434.042638  -0.067581
434.062637  -0.067548
434.082637  -0.067570
434.102636  -0.067559
434.122635  -0.067548
434.142634  -0.067516
434.162633  -0.067548
434.182633  -0.067516
434.202632  -0.067527
434.222631  -0.067548
434.242630  -0.067506
434.262629  -0.067527
434.282629  -0.067495
434.302628  -0.067516
434.322627  -0.067516
434.342626  -0.067559
434.362625  -0.067516
434.382625  -0.067506
434.402624  -0.067516
434.422623  -0.067527
434.442622  -0.067516
434.462621  -0.067495
434.482621  -0.067474
434.502620  -0.067452
434.522619  -0.067452
434.542618  -0.067516
434.562617  -0.067495
434.582617  -0.067474
434.602616  -0.067474
434.622615  -0.067506
434.642614  -0.067463
434.662613  -0.067495
434.682613  -0.067484
434.702612  -0.067474
434.722611  -0.067442
434.742610  -0.067484
434.762609  -0.067431
434.782609  -0.067463
434.802608  -0.067431
434.822607  -0.067484
434.842606  -0.067442
434.862605  -0.067420
434.882605  -0.067463
434.902604  -0.067431
434.922603  -0.067442
434.942602  -0.067452
434.962601  -0.067431
434.982601  -0.067452
435.002600  -0.067474
435.022599  -0.067431
435.042598  -0.067399
435.062597  -0.067431
435.082597  -0.067399
435.102596  -0.067399
435.122595  -0.067388
435.142594  -0.067431
435.162593  -0.067399
435.182593  -0.067463
435.202592  -0.067388
435.222591  -0.067399
435.242590  -0.067367
435.262589  -0.067388
435.282589  -0.067378
435.302588  -0.067410
435.322587  -0.067367
435.342586  -0.067399
435.362585  -0.067378
435.382585  -0.067388
435.402584  -0.067367
435.422583  -0.067367
435.442582  -0.067356
435.462581  -0.067388
435.482581  -0.067388
435.502580  -0.067399
435.522579  -0.067367
435.542578  -0.067356
435.562577  -0.067367
435.582577  -0.067335
435.602576  -0.067367
435.622575  -0.067335
435.642574  -0.067324
435.662573  -0.067367
435.682573  -0.067324
435.702572  -0.067335
435.722571  -0.067324
435.742570  -0.067346
435.762569  -0.067346
435.782569  -0.067346
435.802568  -0.067303
435.822567  -0.067313
435.842566  -0.067346
435.862565  -0.067303
435.882565  -0.067292
435.902564  -0.067313
435.922563  -0.067292
435.942562  -0.067324
435.962561  -0.067271
435.982561  -0.067313
436.002560  -0.067292
436.022559  -0.067249
436.042558  -0.067313
436.062557  -0.067292
436.082557  -0.067281
436.102556  -0.067271
436.122555  -0.067271
436.142554  -0.067281
436.162553  -0.067281
436.182553  -0.067281
436.202552  -0.067249
436.222551  -0.067249
436.242550  -0.067271
436.262549  -0.067239
436.282549  -0.067260
436.302548  -0.067260
436.322547  -0.067260
436.342546  -0.067239
436.362545  -0.067228
436.382545  -0.067228
436.402544  -0.067217
436.422543  -0.067217
436.442542  -0.067260
436.462541  -0.067249
436.482541  -0.067249
436.502540  -0.067239
436.522539  -0.067217
436.542538  -0.067175
436.562537  -0.067175
436.582537  -0.067207
436.602536  -0.067185
436.622535  -0.067207
436.642534  -0.067185
436.662533  -0.067185
436.682533  -0.067185
436.702532  -0.067196
436.722531  -0.067185
436.742530  -0.067196
436.762529  -0.067185
436.782529  -0.067164
436.802528  -0.067143
436.822527  -0.067164
436.842526  -0.067164
436.862525  -0.067132
436.882525  -0.067143
436.902524  -0.067185
436.922523  -0.067143
436.942522  -0.067143
436.962521  -0.067175
436.982521  -0.067164
437.002520  -0.067132
437.022519  -0.067153
437.042518  -0.067143
437.062517  -0.067100
437.082517  -0.067100
437.102516  -0.067121
437.122515  -0.067100
437.142514  -0.067068
437.162513  -0.067121
437.182513  -0.067078
437.202512  -0.067100
437.222511  -0.067100
437.242510  -0.067121
437.262509  -0.067057
437.282509  -0.067089
437.302508  -0.067057
437.322507  -0.067057
437.342506  -0.067089
437.362505  -0.067089
437.382505  -0.067068
437.402504  -0.067078
437.422503  -0.067036
437.442502  -0.067068
437.462501  -0.067025
437.482501  -0.067057
437.502500  -0.067025
437.522499  -0.067046
437.542498  -0.067025
437.562498  -0.067004
437.582497  -0.067036
437.602496  -0.067036
437.622495  -0.067036
437.642494  -0.067004
437.662494  -0.067025
437.682493  -0.067004
437.702492  -0.067004
437.722491  -0.066993
437.742490  -0.066950
437.762490  -0.066982
437.782489  -0.066972
437.802488  -0.066950
437.822487  -0.066940
437.842486  -0.066940
437.862486  -0.066993
437.882485  -0.066982
437.902484  -0.066993
437.922483  -0.067025
437.942482  -0.066961
437.962482  -0.066961
437.982481  -0.066940
438.002480  -0.066908
438.022479  -0.066929
438.042478  -0.066929
438.062478  -0.066897
438.082477  -0.066961
438.102476  -0.066940
438.122475  -0.066918
438.142474  -0.066918
438.162474  -0.066929
438.182473  -0.066950
438.202472  -0.066929
438.222471  -0.066865
438.242470  -0.066908
438.262470  -0.066908
438.282469  -0.066918
438.302468  -0.066854
438.322467  -0.066865
438.342466  -0.066886
438.362466  -0.066897
438.382465  -0.066811
438.402464  -0.066897
438.422463  -0.066865
438.442462  -0.066865
438.462462  -0.066876
438.482461  -0.066876
438.502460  -0.066854
438.522459  -0.066854
438.542458  -0.066790
438.562458  -0.066854
438.582457  -0.066779
438.602456  -0.066833
438.622455  -0.066790
438.642454  -0.066822
438.662454  -0.066822
438.682453  -0.066833
438.702452  -0.066790
438.722451  -0.066833
438.742450  -0.066779
438.762450  -0.066822
438.782449  -0.066801
438.802448  -0.066822
438.822447  -0.066779
438.842446  -0.066769
438.862446  -0.066769
438.882445  -0.066779
438.902444  -0.066790
438.922443  -0.066758
438.942442  -0.066758
438.962442  -0.066779
438.982441  -0.066758
439.002440  -0.066790
439.022439  -0.066758
439.042438  -0.066758
439.062438  -0.066747
439.082437  -0.066769
439.102436  -0.066737
439.122435  -0.066769
439.142434  -0.066683
439.162434  -0.066726
439.182433  -0.066705
439.202432  -0.066737
439.222431  -0.066673
439.242430  -0.066747
439.262430  -0.066715
439.282429  -0.066662
439.302428  -0.066715
439.322427  -0.066747
439.342426  -0.066715
439.362426  -0.066747
439.382425  -0.066705
439.402424  -0.066737
439.422423  -0.066694
439.442422  -0.066705
439.462422  -0.066705
439.482421  -0.066705
439.502420  -0.066694
439.522419  -0.066683
439.542418  -0.066673
439.562418  -0.066694
439.582417  -0.066683
439.602416  -0.066683
439.622415  -0.066673
439.642414  -0.066683
439.662414  -0.066641
439.682413  -0.066673
439.702412  -0.066662
439.722411  -0.066662
439.742410  -0.066651
439.762410  -0.066619
439.782409  -0.066598
439.802408  -0.066694
439.822407  -0.066609
439.842406  -0.066609
439.862406  -0.066641
439.882405  -0.066694
439.902404  -0.066630
439.922403  -0.066641
439.942402  -0.066609
439.962402  -0.066619
439.982401  -0.066630
440.002400  -0.066609
440.022399  -0.066609
440.042398  -0.066630
440.062398  -0.066587
440.082397  -0.066619
440.102396  -0.066619
440.122395  -0.066609
440.142394  -0.066587
440.162394  -0.066598
440.182393  -0.066609
440.202392  -0.066566
440.222391  -0.066566
440.242390  -0.066555
440.262390  -0.066576
440.282389  -0.066566
440.302388  -0.066598
440.322387  -0.066609
440.342386  -0.066598
440.362386  -0.066544
440.382385  -0.066534
440.402384  -0.066555
440.422383  -0.066502
440.442382  -0.066587
440.462382  -0.066534
440.482381  -0.066534
440.502380  -0.066555
440.522379  -0.066534
440.542378  -0.066534
440.562378  -0.066534
440.582377  -0.066555
440.602376  -0.066544
440.622375  -0.066512
440.642374  -0.066534
440.662374  -0.066512
440.682373  -0.066502
440.702372  -0.066534
440.722371  -0.066523
440.742370  -0.066502
440.762370  -0.066576
440.782369  -0.066480
440.802368  -0.066523
440.822367  -0.066502
440.842366  -0.066512
440.862366  -0.066502
440.882365  -0.066512
440.902364  -0.066502
440.922363  -0.066491
440.942362  -0.066502
440.962362  -0.066480
440.982361  -0.066470
441.002360  -0.066480
441.022359  -0.066491
441.042358  -0.066491
441.062358  -0.066502
441.082357  -0.066459
441.102356  -0.066480
441.122355  -0.066438
441.142354  -0.066523
441.162354  -0.066448
441.182353  -0.066491
441.202352  -0.066448
441.222351  -0.066459
441.242350  -0.066448
441.262350  -0.066427
441.282349  -0.066416
441.302348  -0.066406
441.322347  -0.066448
441.342346  -0.066459
441.362346  -0.066427
441.382345  -0.066427
441.402344  -0.066416
441.422343  -0.066480
441.442342  -0.066416
441.462342  -0.066448
441.482341  -0.066448
441.502340  -0.066427
441.522339  -0.066395
441.542338  -0.066427
441.562338  -0.066406
441.582337  -0.066416
441.602336  -0.066395
441.622335  -0.066395
441.642334  -0.066395
441.662334  -0.066406
441.682333  -0.066363
441.702332  -0.066416
441.722331  -0.066341
441.742330  -0.066406
441.762330  -0.066384
441.782329  -0.066406
441.802328  -0.066384
441.822327  -0.066352
441.842326  -0.066320
441.862326  -0.066363
441.882325  -0.066352
441.902324  -0.066341
441.922323  -0.066341
441.942322  -0.066309
441.962322  -0.066331
441.982321  -0.066341
442.002320  -0.066352
442.022319  -0.066341
442.042318  -0.066309
442.062318  -0.066299
442.082317  -0.066331
442.102316  -0.066331
442.122315  -0.066320
442.142314  -0.066341
442.162314  -0.066299
442.182313  -0.066309
442.202312  -0.066288
442.222311  -0.066288
442.242310  -0.066299
442.262310  -0.066320
442.282309  -0.066267
442.302308  -0.066299
442.322307  -0.066277
442.342306  -0.066256
442.362306  -0.066277
442.382305  -0.066267
442.402304  -0.066256
442.422303  -0.066235
442.442302  -0.066235
442.462302  -0.066256
442.482301  -0.066235
442.502300  -0.066277
442.522299  -0.066224
442.542298  -0.066235
442.562298  -0.066235
442.582297  -0.066245
442.602296  -0.066224
442.622295  -0.066203
442.642294  -0.066224
442.662294  -0.066203
442.682293  -0.066213
442.702292  -0.066224
442.722291  -0.066224
442.742290  -0.066181
442.762290  -0.066203
442.782289  -0.066181
442.802288  -0.066181
442.822287  -0.066203
442.842286  -0.066181
442.862286  -0.066203
442.882285  -0.066160
442.902284  -0.066149
442.922283  -0.066160
442.942282  -0.066171
442.962282  -0.066160
442.982281  -0.066181
443.002280  -0.066160
443.022279  -0.066117
443.042278  -0.066149
443.062278  -0.066160
443.082277  -0.066149
443.102276  -0.066149
443.122275  -0.066128
443.142274  -0.066074
443.162274  -0.066139
443.182273  -0.066117
443.202272  -0.066160
443.222271  -0.066128
443.242270  -0.066085
443.262270  -0.066074
443.282269  -0.066106
443.302268  -0.066096
443.322267  -0.066074
443.342266  -0.066085
443.362266  -0.066096
443.382265  -0.066074
443.402264  -0.066074
443.422263  -0.066085
443.442262  -0.066096
443.462262  -0.066085
443.482261  -0.066064
443.502260  -0.066032
443.522259  -0.066053
443.542258  -0.066032
443.562258  -0.066010
443.582257  -0.066074
443.602256  -0.066021
443.622255  -0.066032
443.642254  -0.066010
443.662254  -0.066032
443.682253  -0.066000
443.702252  -0.066000
443.722251  -0.066053
443.742250  -0.066021
443.762250  -0.066000
443.782249  -0.066000
443.802248  -0.065989
443.822247  -0.066021
443.842246  -0.065989
443.862246  -0.065989
443.882245  -0.065968
443.902244  -0.065968
443.922243  -0.065968
443.942242  -0.065968
443.962242  -0.065936
443.982241  -0.065968
444.002240  -0.065957
444.022239  -0.065946
444.042238  -0.065957
444.062238  -0.065968
444.082237  -0.065978
444.102236  -0.065968
444.122235  -0.065957
444.142234  -0.065925
444.162234  -0.065968
444.182233  -0.065946
444.202232  -0.065925
444.222231  -0.065914
444.242230  -0.065925
444.262230  -0.065904
444.282229  -0.065893
444.302228  -0.065893
444.322227  -0.065925
444.342226  -0.065936
444.362226  -0.065914
444.382225  -0.065925
444.402224  -0.065904
444.422223  -0.065904
444.442222  -0.065882
444.462222  -0.065925
444.482221  -0.065871
444.502220  -0.065925
444.522219  -0.065839
444.542218  -0.065861
444.562218  -0.065893
444.582217  -0.065871
444.602216  -0.065882
444.622215  -0.065861
444.642214  -0.065871
444.662214  -0.065850
444.682213  -0.065871
444.702212  -0.065829
444.722211  -0.065850
444.742210  -0.065818
444.762210  -0.065818
444.782209  -0.065871
444.802208  -0.065850
444.822207  -0.065839
444.842206  -0.065797
444.862206  -0.065829
444.882205  -0.065861
444.902204  -0.065818
444.922203  -0.065829
444.942202  -0.065807
444.962202  -0.065797
444.982201  -0.065786
445.002200  -0.065818
445.022199  -0.065797
445.042198  -0.065775
445.062198  -0.065807
445.082197  -0.065818
445.102196  -0.065765
445.122195  -0.065807
445.142194  -0.065754
445.162194  -0.065754
445.182193  -0.065775
445.202192  -0.065765
445.222191  -0.065786
445.242190  -0.065765
445.262190  -0.065743
445.282189  -0.065765
445.302188  -0.065733
445.322187  -0.065722
445.342186  -0.065711
445.362186  -0.065722
445.382185  -0.065701
445.402184  -0.065711
445.422183  -0.065701
445.442182  -0.065743
445.462182  -0.065711
445.482181  -0.065701
445.502180  -0.065722
445.522179  -0.065722
445.542178  -0.065733
445.562178  -0.065722
445.582177  -0.065701
445.602176  -0.065733
445.622175  -0.065690
445.642174  -0.065679
445.662174  -0.065690
445.682173  -0.065701
445.702172  -0.065669
445.722171  -0.065701
445.742170  -0.065701
445.762170  -0.065722
445.782169  -0.065679
445.802168  -0.065658
445.822167  -0.065658
445.842166  -0.065733
445.862166  -0.065669
445.882165  -0.065647
445.902164  -0.065647
445.922163  -0.065647
445.942162  -0.065615
445.962162  -0.065626
445.982161  -0.065647
446.002160  -0.065615
446.022159  -0.065637
446.042158  -0.065669
446.062158  -0.065626
446.082157  -0.065637
446.102156  -0.065615
446.122155  -0.065669
446.142154  -0.065637
446.162154  -0.065615
446.182153  -0.065658
446.202152  -0.065626
446.222151  -0.065583
446.242150  -0.065626
446.262150  -0.065583
446.282149  -0.065594
446.302148  -0.065562
446.322147  -0.065594
446.342146  -0.065551
446.362146  -0.065572
446.382145  -0.065572
446.402144  -0.065604
446.422143  -0.065572
446.442142  -0.065572
446.462142  -0.065562
446.482141  -0.065583
446.502140  -0.065562
446.522139  -0.065540
446.542138  -0.065519
446.562138  -0.065604
446.582137  -0.065519
446.602136  -0.065540
446.622135  -0.065551
446.642134  -0.065519
446.662134  -0.065498
446.682133  -0.065583
446.702132  -0.065519
446.722131  -0.065572
446.742130  -0.065519
446.762130  -0.065519
446.782129  -0.065519
446.802128  -0.065508
446.822127  -0.065540
446.842126  -0.065508
446.862126  -0.065466
446.882125  -0.065487
446.902124  -0.065498
446.922123  -0.065519
446.942122  -0.065466
446.962122  -0.065498
446.982121  -0.065498
447.002120  -0.065455
447.022119  -0.065444
447.042118  -0.065444
447.062118  -0.065476
447.082117  -0.065466
447.102116  -0.065466
447.122115  -0.065476
447.142114  -0.065412
447.162114  -0.065423
447.182113  -0.065402
447.202112  -0.065455
447.222111  -0.065434
447.242110  -0.065455
447.262110  -0.065455
447.282109  -0.065434
447.302108  -0.065444
447.322107  -0.065434
447.342106  -0.065369
447.362106  -0.065402
447.382105  -0.065423
447.402104  -0.065434
447.422103  -0.065391
447.442102  -0.065402
447.462102  -0.065412
447.482101  -0.065423
447.502100  -0.065348
447.522099  -0.065359
447.542098  -0.065359
447.562098  -0.065380
447.582097  -0.065380
447.602096  -0.065369
447.622095  -0.065359
447.642094  -0.065380
447.662094  -0.065348
447.682093  -0.065337
447.702092  -0.065359
447.722091  -0.065359
447.742090  -0.065337
447.762090  -0.065380
447.782089  -0.065337
447.802088  -0.065337
447.822087  -0.065337
447.842086  -0.065337
447.862086  -0.065327
447.882085  -0.065337
447.902084  -0.065337
447.922083  -0.065327
447.942082  -0.065305
447.962082  -0.065337
447.982081  -0.065316
448.002080  -0.065327
448.022079  -0.065305
448.042078  -0.065316
448.062078  -0.065284
448.082077  -0.065305
448.102076  -0.065305
448.122075  -0.065252
448.142074  -0.065263
448.162074  -0.065295
448.182073  -0.065295
448.202072  -0.065284
448.222071  -0.065284
448.242070  -0.065284
448.262070  -0.065241
448.282069  -0.065252
448.302068  -0.065241
448.322067  -0.065231
448.342066  -0.065220
448.362066  -0.065220
448.382065  -0.065273
448.402064  -0.065241
448.422063  -0.065241
448.442062  -0.065220
448.462062  -0.065231
448.482061  -0.065252
448.502060  -0.065241
448.522059  -0.065220
448.542058  -0.065241
448.562058  -0.065209
448.582057  -0.065241
448.602056  -0.065220
448.622055  -0.065231
448.642054  -0.065199
448.662054  -0.065199
448.682053  -0.065188
448.702052  -0.065177
448.722051  -0.065188
448.742050  -0.065167
448.762050  -0.065209
448.782049  -0.065209
448.802048  -0.065209
448.822047  -0.065188
448.842046  -0.065134
448.862046  -0.065177
448.882045  -0.065167
448.902044  -0.065167
448.922043  -0.065102
448.942042  -0.065145
448.962042  -0.065167
448.982041  -0.065124
449.002040  -0.065145
449.022039  -0.065124
449.042038  -0.065145
449.062038  -0.065167
449.082037  -0.065134
449.102036  -0.065145
449.122035  -0.065124
449.142034  -0.065156
449.162034  -0.065134
449.182033  -0.065124
449.202032  -0.065124
449.222031  -0.065092
449.242030  -0.065060
449.262030  -0.065006
449.282029  -0.065070
449.302028  -0.065124
449.322027  -0.065092
449.342026  -0.065092
449.362026  -0.065102
449.382025  -0.065113
449.402024  -0.065081
449.422023  -0.065092
449.442022  -0.065070
449.462022  -0.065081
449.482021  -0.065060
449.502020  -0.065070
449.522019  -0.065049
449.542018  -0.065081
449.562018  -0.065060
449.582017  -0.065070
449.602016  -0.065060
449.622015  -0.065081
449.642014  -0.065006
449.662014  -0.065081
449.682013  -0.065038
449.702012  -0.065038
449.722011  -0.065028
449.742010  -0.065028
449.762010  -0.064996
449.782009  -0.065006
449.802008  -0.064996
449.822007  -0.065006
449.842006  -0.065028
449.862006  -0.064996
449.882005  -0.064974
449.902004  -0.065028
449.922003  -0.064974
449.942002  -0.065006
449.962002  -0.064996
449.982001  -0.064985
450.002000  -0.064985
450.021999  -0.064953
450.041998  -0.065006
450.061998  -0.064985
450.081997  -0.064964
450.101996  -0.064953
450.121995  -0.064921
450.141994  -0.064953
450.161994  -0.064964
450.181993  -0.064942
450.201992  -0.064953
450.221991  -0.064942
450.241990  -0.064953
450.261990  -0.064942
450.281989  -0.064921
450.301988  -0.064964
450.321987  -0.064921
450.341986  -0.064910
450.361986  -0.064921
450.381985  -0.064910
450.401984  -0.064910
450.421983  -0.064910
450.441982  -0.064899
450.461982  -0.064889
450.481981  -0.064857
450.501980  -0.064942
450.521979  -0.064899
450.541978  -0.064899
450.561978  -0.064878
450.581977  -0.064889
450.601976  -0.064878
450.621975  -0.064878
450.641974  -0.064899
450.661974  -0.064857
450.681973  -0.064835
450.701972  -0.064857
450.721971  -0.064857
450.741970  -0.064857
450.761970  -0.064846
450.781969  -0.064857
450.801968  -0.064857
450.821967  -0.064825
450.841966  -0.064825
450.861966  -0.064835
450.881965  -0.064835
450.901964  -0.064867
450.921963  -0.064825
450.941962  -0.064793
450.961962  -0.064814
450.981961  -0.064825
451.001960  -0.064803
451.021959  -0.064803
451.041958  -0.064793
451.061958  -0.064782
451.081957  -0.064761
451.101956  -0.064771
451.121955  -0.064782
451.141954  -0.064771
451.161954  -0.064793
451.181953  -0.064750
451.201952  -0.064803
451.221951  -0.064782
451.241950  -0.064782
451.261950  -0.064761
451.281949  -0.064761
451.301948  -0.064729
451.321947  -0.064750
451.341946  -0.064750
451.361946  -0.064750
451.381945  -0.064718
451.401944  -0.064761
451.421943  -0.064739
451.441942  -0.064782
451.461942  -0.064750
451.481941  -0.064739
451.501940  -0.064707
451.521939  -0.064729
451.541938  -0.064718
451.561938  -0.064697
451.581937  -0.064707
451.601936  -0.064729
451.621935  -0.064665
451.641934  -0.064697
451.661934  -0.064686
451.681933  -0.064675
451.701932  -0.064665
451.721931  -0.064686
451.741930  -0.064643
451.761930  -0.064686
451.781929  -0.064665
451.801928  -0.064654
451.821927  -0.064707
451.841926  -0.064643
451.861926  -0.064654
451.881925  -0.064654
451.901924  -0.064611
451.921923  -0.064632
451.941922  -0.064600
451.961922  -0.064643
451.981921  -0.064622
452.001920  -0.064632
452.021919  -0.064622
452.041918  -0.064622
452.061918  -0.064611
452.081917  -0.064654
452.101916  -0.064600
452.121915  -0.064632
452.141914  -0.064600
452.161914  -0.064611
452.181913  -0.064590
452.201912  -0.064611
452.221911  -0.064536
452.241910  -0.064568
452.261910  -0.064568
452.281909  -0.064526
452.301908  -0.064611
452.321907  -0.064568
452.341906  -0.064558
452.361906  -0.064611
452.381905  -0.064558
452.401904  -0.064558
452.421903  -0.064547
452.441902  -0.064547
452.461902  -0.064526
452.481901  -0.064547
452.501900  -0.064526
452.521899  -0.064504
452.541898  -0.064483
452.561898  -0.064526
452.581897  -0.064494
452.601896  -0.064526
452.621895  -0.064504
452.641894  -0.064526
452.661894  -0.064504
452.681893  -0.064504
452.701892  -0.064494
452.721891  -0.064526
452.741890  -0.064515
452.761890  -0.064472
452.781889  -0.064494
452.801888  -0.064483
452.821887  -0.064504
452.841886  -0.064483
452.861886  -0.064494
452.881885  -0.064536
452.901884  -0.064462
452.921883  -0.064536
452.941882  -0.064462
452.961882  -0.064504
452.981881  -0.064440
453.001880  -0.064472
453.021879  -0.064440
453.041878  -0.064451
453.061878  -0.064430
453.081877  -0.064451
453.101876  -0.064430
453.121875  -0.064451
453.141874  -0.064397
453.161874  -0.064408
453.181873  -0.064430
453.201872  -0.064451
453.221871  -0.064430
453.241870  -0.064408
453.261870  -0.064387
453.281869  -0.064397
453.301868  -0.064365
453.321867  -0.064397
453.341866  -0.064397
453.361866  -0.064376
453.381865  -0.064344
453.401864  -0.064387
453.421863  -0.064355
453.441862  -0.064376
453.461862  -0.064344
453.481861  -0.064408
453.501860  -0.064376
453.521859  -0.064355
453.541858  -0.064344
453.561858  -0.064365
453.581857  -0.064333
453.601856  -0.064365
453.621855  -0.064333
453.641854  -0.064280
453.661854  -0.064323
453.681853  -0.064365
453.701852  -0.064312
453.721851  -0.064312
453.741850  -0.064333
453.761850  -0.064312
453.781849  -0.064323
453.801848  -0.064280
453.821847  -0.064291
453.841846  -0.064344
453.861846  -0.064291
453.881845  -0.064323
453.901844  -0.064323
453.921843  -0.064291
453.941842  -0.064323
453.961842  -0.064291
453.981841  -0.064291
454.001840  -0.064269
454.021839  -0.064269
454.041838  -0.064227
454.061838  -0.064259
454.081837  -0.064237
454.101836  -0.064259
454.121835  -0.064259
454.141834  -0.064248
454.161834  -0.064237
454.181833  -0.064259
454.201832  -0.064237
454.221831  -0.064259
454.241830  -0.064227
454.261830  -0.064237
454.281829  -0.064227
454.301828  -0.064237
454.321827  -0.064195
454.341826  -0.064248
454.361826  -0.064205
454.381825  -0.064227
454.401824  -0.064195
454.421823  -0.064216
454.441822  -0.064205
454.461822  -0.064216
454.481821  -0.064195
454.501820  -0.064173
454.521819  -0.064173
454.541818  -0.064205
454.561818  -0.064162
454.581817  -0.064173
454.601816  -0.064152
454.621815  -0.064152
454.641814  -0.064098
454.661814  -0.064120
454.681813  -0.064152
454.701812  -0.064173
454.721811  -0.064141
454.741810  -0.064184
454.761810  -0.064162
454.781809  -0.064141
454.801808  -0.064141
454.821807  -0.064162
454.841806  -0.064130
454.861806  -0.064152
454.881805  -0.064109
454.901804  -0.064130
454.921803  -0.064109
454.941802  -0.064098
454.961802  -0.064098
454.981801  -0.064109
455.001800  -0.064066
455.021799  -0.064109
455.041798  -0.064098
455.061798  -0.064098
455.081797  -0.064066
455.101796  -0.064130
455.121795  -0.064088
455.141794  -0.064066
455.161794  -0.064066
455.181793  -0.064024
455.201792  -0.064034
455.221791  -0.064098
455.241790  -0.064045
455.261790  -0.064056
455.281789  -0.064034
455.301788  -0.064077
455.321787  -0.064034
455.341786  -0.064077
455.361786  -0.064013
455.381785  -0.064056
455.401784  -0.064045
455.421783  -0.064002
455.441782  -0.063992
455.461782  -0.063981
455.481781  -0.063981
455.501780  -0.064024
455.521779  -0.063981
455.541778  -0.064002
455.561778  -0.063970
455.581777  -0.063992
455.601776  -0.063970
455.621775  -0.063970
455.641774  -0.063960
455.661774  -0.063981
455.681773  -0.063981
455.701772  -0.063981
455.721771  -0.063960
455.741770  -0.063938
455.761770  -0.063970
455.781769  -0.063970
455.801768  -0.063927
455.821767  -0.063917
455.841766  -0.063949
455.861766  -0.063917
455.881765  -0.063970
455.901764  -0.063949
455.921763  -0.063938
455.941762  -0.063938
455.961762  -0.063927
455.981761  -0.063906
456.001760  -0.063895
456.021759  -0.063970
456.041758  -0.063895
456.061758  -0.063938
456.081757  -0.063863
456.101756  -0.063874
456.121755  -0.063874
456.141754  -0.063863
456.161754  -0.063874
456.181753  -0.063895
456.201752  -0.063853
456.221751  -0.063863
456.241750  -0.063874
456.261750  -0.063895
456.281749  -0.063863
456.301748  -0.063885
456.321747  -0.063853
456.341746  -0.063831
456.361746  -0.063831
456.381745  -0.063863
456.401744  -0.063831
456.421743  -0.063831
456.441742  -0.063821
456.461742  -0.063810
456.481741  -0.063831
456.501740  -0.063799
456.521739  -0.063842
456.541738  -0.063810
456.561738  -0.063799
456.581737  -0.063810
456.601736  -0.063778
456.621735  -0.063799
456.641734  -0.063789
456.661734  -0.063789
456.681733  -0.063778
456.701732  -0.063789
456.721731  -0.063767
456.741730  -0.063767
456.761730  -0.063778
456.781729  -0.063767
456.801728  -0.063767
456.821727  -0.063757
456.841726  -0.063746
456.861726  -0.063757
456.881725  -0.063767
456.901724  -0.063757
456.921723  -0.063757
456.941722  -0.063725
456.961722  -0.063714
456.981721  -0.063714
457.001720  -0.063692
457.021719  -0.063735
457.041718  -0.063714
457.061718  -0.063703
457.081717  -0.063692
457.101716  -0.063692
457.121715  -0.063703
457.141714  -0.063682
457.161714  -0.063725
457.181713  -0.063714
457.201712  -0.063682
457.221711  -0.063714
457.241710  -0.063682
457.261710  -0.063682
457.281709  -0.063650
457.301708  -0.063618
457.321707  -0.063671
457.341706  -0.063639
457.361706  -0.063692
457.381705  -0.063660
457.401704  -0.063639
457.421703  -0.063660
457.441702  -0.063660
457.461702  -0.063639
457.481701  -0.063607
457.501700  -0.063618
457.521699  -0.063639
457.541698  -0.063639
457.561698  -0.063618
457.581697  -0.063618
457.601696  -0.063586
457.621695  -0.063628
457.641694  -0.063586
457.661694  -0.063607
457.681693  -0.063596
457.701692  -0.063596
457.721691  -0.063607
457.741690  -0.063586
457.761690  -0.063596
457.781689  -0.063596
457.801688  -0.063586
457.821687  -0.063596
457.841686  -0.063543
457.861686  -0.063554
457.881685  -0.063554
457.901684  -0.063564
457.921683  -0.063543
457.941682  -0.063543
457.961682  -0.063554
457.981681  -0.063522
458.001680  -0.063543
458.021679  -0.063543
458.041678  -0.063554
458.061678  -0.063522
458.081677  -0.063532
458.101676  -0.063522
458.121675  -0.063522
458.141674  -0.063479
458.161674  -0.063490
458.181673  -0.063490
458.201672  -0.063500
458.221671  -0.063490
458.241670  -0.063500
458.261670  -0.063490
458.281669  -0.063511
458.301668  -0.063468
458.321667  -0.063490
458.341666  -0.063458
458.361666  -0.063468
458.381665  -0.063458
458.401664  -0.063458
458.421663  -0.063479
458.441662  -0.063425
458.461662  -0.063415
458.481661  -0.063447
458.501660  -0.063404
458.521659  -0.063425
458.541658  -0.063425
458.561658  -0.063436
458.581657  -0.063425
458.601656  -0.063415
458.621655  -0.063425
458.641654  -0.063415
458.661654  -0.063425
458.681653  -0.063383
458.701652  -0.063393
458.721651  -0.063447
458.741650  -0.063415
458.761650  -0.063383
458.781649  -0.063372
458.801648  -0.063383
458.821647  -0.063415
458.841646  -0.063436
458.861646  -0.063361
458.881645  -0.063361
458.901644  -0.063383
458.921643  -0.063361
458.941642  -0.063351
458.961642  -0.063361
458.981641  -0.063319
459.001640  -0.063383
459.021639  -0.063361
459.041638  -0.063308
459.061638  -0.063351
459.081637  -0.063340
459.101636  -0.063329
459.121635  -0.063308
459.141634  -0.063372
459.161634  -0.063329
459.181633  -0.063351
459.201632  -0.063329
459.221631  -0.063276
459.241630  -0.063308
459.261630  -0.063308
459.281629  -0.063287
459.301628  -0.063287
459.321627  -0.063255
459.341626  -0.063276
459.361626  -0.063276
459.381625  -0.063265
459.401624  -0.063276
459.421623  -0.063287
459.441622  -0.063255
459.461622  -0.063287
459.481621  -0.063276
459.501620  -0.063255
459.521619  -0.063244
459.541618  -0.063276
459.561618  -0.063255
459.581617  -0.063233
459.601616  -0.063223
459.621615  -0.063212
459.641614  -0.063223
459.661614  -0.063223
459.681613  -0.063201
459.701612  -0.063201
459.721611  -0.063265
459.741610  -0.063212
459.761610  -0.063212
459.781609  -0.063190
459.801608  -0.063201
459.821607  -0.063212
459.841606  -0.063223
459.861606  -0.063233
459.881605  -0.063158
459.901604  -0.063137
459.921603  -0.063158
459.941602  -0.063148
459.961602  -0.063158
459.981601  -0.063158
460.001600  -0.063148
460.021599  -0.063158
460.041598  -0.063137
460.061598  -0.063148
460.081597  -0.063158
460.101596  -0.063137
460.121595  -0.063126
460.141594  -0.063137
460.161594  -0.063116
460.181593  -0.063126
460.201592  -0.063126
460.221591  -0.063052
460.241590  -0.063084
460.261590  -0.063073
460.281589  -0.063084
460.301588  -0.063084
460.321587  -0.063094
460.341586  -0.063094
460.361586  -0.063105
460.381585  -0.063073
460.401584  -0.063062
460.421583  -0.063105
460.441582  -0.063062
460.461582  -0.063073
460.481581  -0.063052
460.501580  -0.063052
460.521579  -0.063052
460.541578  -0.063052
460.561578  -0.063030
460.581577  -0.063020
460.601576  -0.063020
460.621575  -0.063052
460.641574  -0.063020
460.661574  -0.063009
460.681573  -0.063030
460.701572  -0.063041
460.721571  -0.062988
460.741570  -0.063009
460.761570  -0.063009
460.781569  -0.062998
460.801568  -0.062998
460.821567  -0.062998
460.841566  -0.062977
460.861566  -0.062988
460.881565  -0.062945
460.901564  -0.062934
460.921563  -0.062977
460.941562  -0.062966
460.961562  -0.062977
460.981561  -0.062998
461.001560  -0.062966
461.021559  -0.062955
461.041558  -0.062977
461.061558  -0.062955
461.081557  -0.062923
461.101556  -0.062923
461.121555  -0.062945
461.141554  -0.062913
461.161554  -0.062913
461.181553  -0.062902
461.201552  -0.062923
461.221551  -0.062891
461.241550  -0.062891
461.261550  -0.062902
461.281549  -0.062870
461.301548  -0.062891
461.321547  -0.062891
461.341546  -0.062881
461.361546  -0.062870
461.381545  -0.062849
461.401544  -0.062891
461.421543  -0.062859
461.441542  -0.062859
461.461542  -0.062870
461.481541  -0.062870
461.501540  -0.062859
461.521539  -0.062838
461.541538  -0.062838
461.561538  -0.062849
461.581537  -0.062849
461.601536  -0.062827
461.621535  -0.062817
461.641534  -0.062795
461.661534  -0.062817
461.681533  -0.062785
461.701532  -0.062838
461.721531  -0.062785
461.741530  -0.062806
461.761530  -0.062785
461.781529  -0.062817
461.801528  -0.062785
461.821527  -0.062806
461.841526  -0.062806
461.861526  -0.062817
461.881525  -0.062753
461.901524  -0.062774
461.921523  -0.062742
461.941522  -0.062785
461.961522  -0.062785
461.981521  -0.062774
462.001520  -0.062753
462.021519  -0.062720
462.041518  -0.062720
462.061518  -0.062742
462.081517  -0.062720
462.101516  -0.062731
462.121515  -0.062742
462.141514  -0.062731
462.161514  -0.062699
462.181513  -0.062710
462.201512  -0.062699
462.221511  -0.062753
462.241510  -0.062688
462.261510  -0.062731
462.281509  -0.062731
462.301508  -0.062688
462.321507  -0.062667
462.341506  -0.062678
462.361506  -0.062688
462.381505  -0.062646
462.401504  -0.062667
462.421503  -0.062667
462.441502  -0.062678
462.461502  -0.062656
462.481501  -0.062624
462.501500  -0.062688
462.521499  -0.062646
462.541498  -0.062656
462.561498  -0.062656
462.581497  -0.062635
462.601496  -0.062656
462.621495  -0.062635
462.641494  -0.062571
462.661494  -0.062592
462.681493  -0.062646
462.701492  -0.062614
462.721491  -0.062614
462.741490  -0.062582
462.761490  -0.062582
462.781489  -0.062614
462.801488  -0.062603
462.821487  -0.062592
462.841486  -0.062603
462.861486  -0.062582
462.881485  -0.062550
462.901484  -0.062582
462.921483  -0.062560
462.941482  -0.062560
462.961482  -0.062582
462.981481  -0.062582
463.001480  -0.062528
463.021479  -0.062571
463.041478  -0.062528
463.061478  -0.062528
463.081477  -0.062518
463.101476  -0.062496
463.121475  -0.062528
463.141474  -0.062507
463.161474  -0.062518
463.181473  -0.062486
463.201472  -0.062475
463.221471  -0.062486
463.241470  -0.062475
463.261470  -0.062464
463.281469  -0.062496
463.301468  -0.062496
463.321467  -0.062464
463.341466  -0.062464
463.361466  -0.062496
463.381465  -0.062464
463.401464  -0.062518
463.421463  -0.062464
463.441462  -0.062475
463.461462  -0.062453
463.481461  -0.062464
463.501460  -0.062453
463.521459  -0.062443
463.541458  -0.062453
463.561458  -0.062464
463.581457  -0.062432
463.601456  -0.062400
463.621455  -0.062411
463.641454  -0.062432
463.661454  -0.062411
463.681453  -0.062443
463.701452  -0.062411
463.721451  -0.062400
463.741450  -0.062400
463.761450  -0.062400
463.781449  -0.062400
463.801448  -0.062389
463.821447  -0.062357
463.841446  -0.062379
463.861446  -0.062400
463.881445  -0.062368
463.901444  -0.062347
463.921443  -0.062379
463.941442  -0.062357
463.961442  -0.062389
463.981441  -0.062336
464.001440  -0.062357
464.021439  -0.062325
464.041438  -0.062379
464.061438  -0.062336
464.081437  -0.062368
464.101436  -0.062293
464.121435  -0.062336
464.141434  -0.062283
464.161434  -0.062315
464.181433  -0.062304
464.201432  -0.062272
464.221431  -0.062272
464.241430  -0.062315
464.261430  -0.062283
464.281429  -0.062315
464.301428  -0.062293
464.321427  -0.062272
464.341426  -0.062283
464.361426  -0.062251
464.381425  -0.062272
464.401424  -0.062261
464.421423  -0.062251
464.441422  -0.062251
464.461422  -0.062251
464.481421  -0.062218
464.501420  -0.062261
464.521419  -0.062272
464.541418  -0.062229
464.561418  -0.062272
464.581417  -0.062229
464.601416  -0.062218
464.621415  -0.062197
464.641414  -0.062229
464.661414  -0.062165
464.681413  -0.062208
464.701412  -0.062197
464.721411  -0.062208
464.741410  -0.062144
464.761410  -0.062176
464.781409  -0.062197
464.801408  -0.062165
464.821407  -0.062165
464.841406  -0.062208
464.861406  -0.062176
464.881405  -0.062186
464.901404  -0.062144
464.921403  -0.062165
464.941402  -0.062122
464.961402  -0.062165
464.981401  -0.062154
465.001400  -0.062122
465.021399  -0.062037
465.041398  -0.062101
465.061398  -0.062122
465.081397  -0.062090
465.101396  -0.062090
465.121395  -0.062133
465.141394  -0.062122
465.161394  -0.062112
465.181393  -0.062058
465.201392  -0.062080
465.221391  -0.062080
465.241390  -0.062090
465.261390  -0.062069
465.281389  -0.062101
465.301388  -0.062058
465.321387  -0.062026
465.341386  -0.062048
465.361386  -0.062048
465.381385  -0.062058
465.401384  -0.062048
465.421383  -0.062026
465.441382  -0.062037
465.461382  -0.062026
465.481381  -0.062037
465.501380  -0.062026
465.521379  -0.062026
465.541378  -0.062016
465.561378  -0.062037
465.581377  -0.062016
465.601376  -0.062016
465.621375  -0.061994
465.641374  -0.061994
465.661374  -0.061973
465.681373  -0.061973
465.701372  -0.061994
465.721371  -0.061983
465.741370  -0.061973
465.761370  -0.061983
465.781369  -0.061951
465.801368  -0.061951
465.821367  -0.061951
465.841366  -0.061962
465.861366  -0.061962
465.881365  -0.061973
465.901364  -0.061930
465.921363  -0.061941
465.941362  -0.061941
465.961362  -0.061919
465.981361  -0.061909
466.001360  -0.061909
466.021359  -0.061887
466.041358  -0.061877
466.061358  -0.061887
466.081357  -0.061919
466.101356  -0.061898
466.121355  -0.061877
466.141354  -0.061909
466.161354  -0.061877
466.181353  -0.061909
466.201352  -0.061887
466.221351  -0.061866
466.241350  -0.061866
466.261350  -0.061887
466.281349  -0.061834
466.301348  -0.061813
466.321347  -0.061866
466.341346  -0.061866
466.361346  -0.061823
466.381345  -0.061855
466.401344  -0.061834
466.421343  -0.061845
466.441342  -0.061791
466.461342  -0.061845
466.481341  -0.061845
466.501340  -0.061823
466.521339  -0.061802
466.541338  -0.061813
466.561338  -0.061791
466.581337  -0.061813
466.601336  -0.061834
466.621335  -0.061781
466.641334  -0.061802
466.661334  -0.061791
466.681333  -0.061770
466.701332  -0.061781
466.721331  -0.061770
466.741330  -0.061791
466.761330  -0.061759
466.781329  -0.061727
466.801328  -0.061727
466.821327  -0.061738
466.841326  -0.061727
466.861326  -0.061748
466.881325  -0.061738
466.901324  -0.061738
466.921323  -0.061706
466.941322  -0.061727
466.961322  -0.061727
466.981321  -0.061727
467.001320  -0.061706
467.021319  -0.061706
467.041318  -0.061706
467.061318  -0.061695
467.081317  -0.061684
467.101316  -0.061674
467.121315  -0.061684
467.141314  -0.061695
467.161314  -0.061652
467.181313  -0.061695
467.201312  -0.061652
467.221311  -0.061674
467.241310  -0.061706
467.261310  -0.061695
467.281309  -0.061652
467.301308  -0.061663
467.321307  -0.061620
467.341306  -0.061610
467.361306  -0.061620
467.381305  -0.061695
467.401304  -0.061642
467.421303  -0.061663
467.441302  -0.061631
467.461302  -0.061588
467.481301  -0.061599
467.501300  -0.061631
467.521299  -0.061620
467.541298  -0.061631
467.561298  -0.061567
467.581297  -0.061610
467.601296  -0.061567
467.621295  -0.061578
467.641294  -0.061567
467.661294  -0.061578
467.681293  -0.061567
467.701292  -0.061546
467.721291  -0.061556
467.741290  -0.061578
467.761290  -0.061546
467.781289  -0.061556
467.801288  -0.061535
467.821287  -0.061567
467.841286  -0.061535
467.861286  -0.061503
467.881285  -0.061578
467.901284  -0.061524
467.921283  -0.061524
467.941282  -0.061503
467.961282  -0.061524
467.981281  -0.061535
468.001280  -0.061546
468.021279  -0.061503
468.041278  -0.061503
468.061278  -0.061513
468.081277  -0.061524
468.101276  -0.061492
468.121275  -0.061492
468.141274  -0.061481
468.161274  -0.061460
468.181273  -0.061460
468.201272  -0.061439
468.221271  -0.061449
468.241270  -0.061407
468.261270  -0.061492
468.281269  -0.061407
468.301268  -0.061460
468.321267  -0.061449
468.341266  -0.061428
468.361266  -0.061407
468.381265  -0.061471
468.401264  -0.061439
468.421263  -0.061407
468.441262  -0.061417
468.461262  -0.061396
468.481261  -0.061364
468.501260  -0.061385
468.521259  -0.061396
468.541258  -0.061385
468.561258  -0.061396
468.581257  -0.061375
468.601256  -0.061385
468.621255  -0.061385
468.641254  -0.061364
468.661254  -0.061364
468.681253  -0.061332
468.701252  -0.061321
468.721251  -0.061332
468.741250  -0.061353
468.761250  -0.061321
468.781249  -0.061353
468.801248  -0.061343
468.821247  -0.061311
468.841246  -0.061353
468.861246  -0.061289
468.881245  -0.061332
468.901244  -0.061321
468.921243  -0.061279
468.941242  -0.061311
468.961242  -0.061332
468.981241  -0.061279
469.001240  -0.061289
469.021239  -0.061279
469.041238  -0.061268
469.061238  -0.061300
469.081237  -0.061257
469.101236  -0.061279
469.121235  -0.061257
469.141234  -0.061236
469.161234  -0.061236
469.181233  -0.061246
469.201232  -0.061246
469.221231  -0.061246
469.241230  -0.061246
469.261230  -0.061246
469.281229  -0.061225
469.301228  -0.061225
469.321227  -0.061214
469.341226  -0.061204
469.361226  -0.061225
469.381225  -0.061214
469.401224  -0.061193
469.421223  -0.061172
469.441222  -0.061214
469.461222  -0.061193
469.481221  -0.061182
469.501220  -0.061118
469.521219  -0.061193
469.541218  -0.061140
469.561218  -0.061182
469.581217  -0.061182
469.601216  -0.061108
469.621215  -0.061140
469.641214  -0.061161
469.661214  -0.061140
469.681213  -0.061161
469.701212  -0.061118
469.721211  -0.061172
469.741210  -0.061172
469.761210  -0.061118
469.781209  -0.061108
469.801208  -0.061097
469.821207  -0.061076
469.841206  -0.061086
469.861206  -0.061076
469.881205  -0.061076
469.901204  -0.061076
469.921203  -0.061118
469.941202  -0.061076
469.961202  -0.061076
469.981201  -0.061065
470.001200  -0.061054
470.021199  -0.061065
470.041198  -0.061076
470.061198  -0.061054
470.081197  -0.061044
470.101196  -0.060990
470.121195  -0.060990
470.141194  -0.060990
470.161194  -0.061022
470.181193  -0.061011
470.201192  -0.061033
470.221191  -0.060990
470.241190  -0.061033
470.261190  -0.061011
470.281189  -0.060969
470.301188  -0.060990
470.321187  -0.060990
470.341186  -0.060926
470.361186  -0.060958
470.381185  -0.060958
470.401184  -0.060979
470.421183  -0.060947
470.441182  -0.060979
470.461182  -0.060947
470.481181  -0.060969
470.501180  -0.060979
470.521179  -0.060979
470.541178  -0.060937
470.561178  -0.060937
470.581177  -0.060915
470.601176  -0.060915
470.621175  -0.060894
470.641174  -0.060915
470.661174  -0.060915
470.681173  -0.060905
470.701172  -0.060905
470.721171  -0.060915
470.741170  -0.060883
470.761170  -0.060926
470.781169  -0.060851
470.801168  -0.060926
470.821167  -0.060841
470.841166  -0.060851
470.861166  -0.060894
470.881165  -0.060841
470.901164  -0.060851
470.921163  -0.060883
470.941162  -0.060851
470.961162  -0.060851
470.981161  -0.060787
471.001160  -0.060798
471.021159  -0.060809
471.041158  -0.060841
471.061158  -0.060830
471.081157  -0.060830
471.101156  -0.060787
471.121155  -0.060809
471.141154  -0.060798
471.161154  -0.060809
471.181153  -0.060787
471.201152  -0.060798
471.221151  -0.060766
471.241150  -0.060776
471.261150  -0.060744
471.281149  -0.060744
471.301148  -0.060787
471.321147  -0.060776
471.341146  -0.060723
471.361146  -0.060776
471.381145  -0.060744
471.401144  -0.060755
471.421143  -0.060755
471.441142  -0.060723
471.461142  -0.060691
471.481141  -0.060734
471.501140  -0.060734
471.521139  -0.060723
471.541138  -0.060712
471.561138  -0.060712
471.581137  -0.060723
471.601136  -0.060702
471.621135  -0.060702
471.641134  -0.060691
471.661134  -0.060702
471.681133  -0.060680
471.701132  -0.060702
471.721131  -0.060702
471.741130  -0.060670
471.761130  -0.060670
471.781129  -0.060680
471.801128  -0.060648
471.821127  -0.060691
471.841126  -0.060648
471.861126  -0.060627
471.881125  -0.060638
471.901124  -0.060648
471.921123  -0.060616
471.941122  -0.060638
471.961122  -0.060584
471.981121  -0.060616
472.001120  -0.060627
472.021119  -0.060616
472.041118  -0.060606
472.061118  -0.060606
472.081117  -0.060563
472.101116  -0.060606
472.121115  -0.060563
472.141114  -0.060627
472.161114  -0.060552
472.181113  -0.060552
472.201112  -0.060552
472.221111  -0.060574
472.241110  -0.060563
472.261110  -0.060531
472.281109  -0.060552
472.301108  -0.060574
472.321107  -0.060563
472.341106  -0.060541
472.361106  -0.060531
472.381105  -0.060574
472.401104  -0.060520
472.421103  -0.060574
472.441102  -0.060584
472.461102  -0.060520
472.481101  -0.060499
472.501100  -0.060531
472.521099  -0.060477
472.541098  -0.060499
472.561098  -0.060477
472.581097  -0.060520
472.601096  -0.060499
472.621095  -0.060488
472.641094  -0.060467
472.661094  -0.060509
472.681093  -0.060445
472.701092  -0.060499
472.721091  -0.060456
472.741090  -0.060477
472.761090  -0.060467
472.781089  -0.060445
472.801088  -0.060445
472.821087  -0.060424
472.841086  -0.060424
472.861086  -0.060477
472.881085  -0.060467
472.901084  -0.060435
472.921083  -0.060435
472.941082  -0.060435
472.961082  -0.060456
472.981081  -0.060435
473.001080  -0.060445
473.021079  -0.060435
473.041078  -0.060381
473.061078  -0.060339
473.081077  -0.060339
473.101076  -0.060381
473.121075  -0.060371
473.141074  -0.060392
473.161074  -0.060360
473.181073  -0.060381
473.201072  -0.060371
473.221071  -0.060403
473.241070  -0.060349
473.261070  -0.060371
473.281069  -0.060349
473.301068  -0.060328
473.321067  -0.060328
473.341066  -0.060349
473.361066  -0.060317
473.381065  -0.060339
473.401064  -0.060339
473.421063  -0.060296
473.441062  -0.060317
473.461062  -0.060296
473.481061  -0.060285
473.501060  -0.060307
473.521059  -0.060317
473.541058  -0.060296
473.561058  -0.060242
473.581057  -0.060264
473.601056  -0.060285
473.621055  -0.060285
473.641054  -0.060253
473.661054  -0.060242
473.681053  -0.060242
473.701052  -0.060253
473.721051  -0.060242
473.741050  -0.060253
473.761050  -0.060253
473.781049  -0.060264
473.801048  -0.060232
473.821047  -0.060221
473.841046  -0.060285
473.861046  -0.060242
473.881045  -0.060242
473.901044  -0.060221
473.921043  -0.060200
473.941042  -0.060189
473.961042  -0.060168
473.981041  -0.060200
474.001040  -0.060168
474.021039  -0.060178
474.041038  -0.060178
474.061038  -0.060157
474.081037  -0.060189
474.101036  -0.060157
474.121035  -0.060168
474.141034  -0.060168
474.161034  -0.060136
474.181033  -0.060125
474.201032  -0.060157
474.221031  -0.060168
474.241030  -0.060136
474.261030  -0.060136
474.281029  -0.060093
474.301028  -0.060114
474.321027  -0.060104
474.341026  -0.060125
474.361026  -0.060104
474.381025  -0.060114
474.401024  -0.060114
474.421023  -0.060104
474.441022  -0.060104
474.461022  -0.060125
474.481021  -0.060082
474.501020  -0.060082
474.521019  -0.060050
474.541018  -0.060082
474.561018  -0.060050
474.581017  -0.060018
474.601016  -0.060050
474.621015  -0.060029
474.641014  -0.060050
474.661014  -0.060007
474.681013  -0.060050
474.701012  -0.060029
474.721011  -0.060039
474.741010  -0.059986
474.761010  -0.060029
474.781009  -0.060039
474.801008  -0.059986
474.821007  -0.059975
474.841006  -0.059975
474.861006  -0.060007
474.881005  -0.059975
474.901004  -0.059954
474.921003  -0.059986
474.941002  -0.059922
474.961002  -0.059975
474.981001  -0.059954
475.001000  -0.059954
475.020999  -0.059975
475.040998  -0.059975
475.060998  -0.059975
475.080997  -0.059954
475.100996  -0.059954
475.120995  -0.059922
475.140994  -0.059933
475.160994  -0.059911
475.180993  -0.059869
475.200992  -0.059911
475.220991  -0.059911
475.240990  -0.059901
475.260990  -0.059922
475.280989  -0.059901
475.300988  -0.059954
475.320987  -0.059890
475.340986  -0.059901
475.360986  -0.059890
475.380985  -0.059869
475.400984  -0.059869
475.420983  -0.059858
475.440982  -0.059858
475.460982  -0.059815
475.480981  -0.059858
475.500980  -0.059794
475.520979  -0.059837
475.540978  -0.059847
475.560978  -0.059826
475.580977  -0.059815
475.600976  -0.059815
475.620975  -0.059815
475.640974  -0.059804
475.660974  -0.059783
475.680973  -0.059815
475.700972  -0.059815
475.720971  -0.059783
475.740970  -0.059762
475.760970  -0.059772
475.780969  -0.059762
475.800968  -0.059783
475.820967  -0.059772
475.840966  -0.059783
475.860966  -0.059783
475.880965  -0.059730
475.900964  -0.059772
475.920963  -0.059762
475.940962  -0.059708
475.960962  -0.059762
475.980961  -0.059740
476.000960  -0.059772
476.020959  -0.059719
476.040958  -0.059719
476.060958  -0.059708
476.080957  -0.059719
476.100956  -0.059708
476.120955  -0.059719
476.140954  -0.059698
476.160954  -0.059719
476.180953  -0.059698
476.200952  -0.059719
476.220951  -0.059676
476.240950  -0.059698
476.260950  -0.059655
476.280949  -0.059655
476.300948  -0.059634
476.320947  -0.059687
476.340946  -0.059623
476.360946  -0.059634
476.380945  -0.059612
476.400944  -0.059655
476.420943  -0.059644
476.440942  -0.059655
476.460942  -0.059591
476.480941  -0.059655
476.500940  -0.059666
476.520939  -0.059591
476.540938  -0.059602
476.560938  -0.059612
476.580937  -0.059591
476.600936  -0.059591
476.620935  -0.059559
476.640934  -0.059612
476.660934  -0.059559
476.680933  -0.059580
476.700932  -0.059548
476.720931  -0.059548
476.740930  -0.059516
476.760930  -0.059527
476.780929  -0.059505
476.800928  -0.059537
476.820927  -0.059548
476.840926  -0.059559
476.860926  -0.059527
476.880925  -0.059495
476.900924  -0.059559
476.920923  -0.059505
476.940922  -0.059463
476.960922  -0.059484
476.980921  -0.059505
477.000920  -0.059484
477.020919  -0.059452
477.040918  -0.059505
477.060918  -0.059527
477.080917  -0.059441
477.100916  -0.059473
477.120915  -0.059484
477.140914  -0.059441
477.160914  -0.059473
477.180913  -0.059441
477.200912  -0.059452
477.220911  -0.059441
477.240910  -0.059473
477.260910  -0.059452
477.280909  -0.059473
477.300908  -0.059409
477.320907  -0.059441
477.340906  -0.059420
477.360906  -0.059441
477.380905  -0.059420
477.400904  -0.059420
477.420903  -0.059399
477.440902  -0.059431
477.460902  -0.059377
477.480901  -0.059367
477.500900  -0.059377
477.520899  -0.059388
477.540898  -0.059367
477.560898  -0.059356
477.580897  -0.059367
477.600896  -0.059313
477.620895  -0.059367
477.640894  -0.059334
477.660894  -0.059345
477.680893  -0.059345
477.700892  -0.059356
477.720891  -0.059292
477.740890  -0.059313
477.760890  -0.059313
477.780889  -0.059302
477.800888  -0.059281
477.820887  -0.059292
477.840886  -0.059313
477.860886  -0.059334
477.880885  -0.059260
477.900884  -0.059260
477.920883  -0.059260
477.940882  -0.059260
477.960882  -0.059302
477.980881  -0.059292
478.000880  -0.059292
478.020879  -0.059238
478.040878  -0.059238
478.060878  -0.059217
478.080877  -0.059260
478.100876  -0.059206
478.120875  -0.059185
478.140874  -0.059196
478.160874  -0.059217
478.180873  -0.059196
478.200872  -0.059185
478.220871  -0.059185
478.240870  -0.059185
478.260870  -0.059185
478.280869  -0.059185
478.300868  -0.059185
478.320867  -0.059174
478.340866  -0.059174
478.360866  -0.059142
478.380865  -0.059153
478.400864  -0.059164
478.420863  -0.059132
478.440862  -0.059132
478.460862  -0.059121
478.480861  -0.059100
478.500860  -0.059110
478.520859  -0.059100
478.540858  -0.059142
478.560858  -0.059142
478.580857  -0.059132
478.600856  -0.059132
478.620855  -0.059110
478.640854  -0.059089
478.660854  -0.059100
478.680853  -0.059100
478.700852  -0.059078
478.720851  -0.059078
478.740850  -0.059121
478.760850  -0.059057
478.780849  -0.059078
478.800848  -0.059046
478.820847  -0.059035
478.840846  -0.059025
478.860846  -0.059078
478.880845  -0.059035
478.900844  -0.059067
478.920843  -0.059025
478.940842  -0.059046
478.960842  -0.059014
478.980841  -0.058982
479.000840  -0.058993
479.020839  -0.059014
479.040838  -0.058929
479.060838  -0.058971
479.080837  -0.058971
479.100836  -0.058993
479.120835  -0.058982
479.140834  -0.058971
479.160834  -0.058971
479.180833  -0.058993
479.200832  -0.058993
479.220831  -0.058982
479.240830  -0.058939
479.260830  -0.058929
479.280829  -0.058929
479.300828  -0.058929
479.320827  -0.058907
479.340826  -0.058939
479.360826  -0.058854
479.380825  -0.058907
479.400824  -0.058929
479.420823  -0.058897
479.440822  -0.058907
479.460822  -0.058907
479.480821  -0.058865
479.500820  -0.058897
479.520819  -0.058875
479.540818  -0.058907
479.560818  -0.058843
479.580817  -0.058875
479.600816  -0.058865
479.620815  -0.058843
479.640814  -0.058811
479.660814  -0.058843
479.680813  -0.058811
479.700812  -0.058843
479.720811  -0.058843
479.740810  -0.058843
479.760810  -0.058811
479.780809  -0.058822
479.800808  -0.058811
479.820807  -0.058822
479.840806  -0.058790
479.860806  -0.058768
479.880805  -0.058822
479.900804  -0.058790
479.920803  -0.058779
479.940802  -0.058758
479.960802  -0.058779
479.980801  -0.058768
480.000800  -0.058758
480.020799  -0.058779
480.040798  -0.058758
480.060798  -0.058726
480.080797  -0.058747
480.100796  -0.058736
480.120795  -0.058747
480.140794  -0.058694
480.160794  -0.058747
480.180793  -0.058726
480.200792  -0.058726
480.220791  -0.058715
480.240790  -0.058683
480.260790  -0.058704
480.280789  -0.058736
480.300788  -0.058694
480.320787  -0.058683
480.340786  -0.058715
480.360786  -0.058683
480.380785  -0.058651
480.400784  -0.058662
480.420783  -0.058651
480.440782  -0.058672
480.460782  -0.058662
480.480781  -0.058662
480.500780  -0.058662
480.520779  -0.058651
480.540778  -0.058619
480.560778  -0.058651
480.580777  -0.058587
480.600776  -0.058651
480.620775  -0.058587
480.640774  -0.058640
480.660774  -0.058597
480.680773  -0.058576
480.700772  -0.058576
480.720771  -0.058597
480.740770  -0.058576
480.760770  -0.058555
480.780769  -0.058587
480.800768  -0.058576
480.820767  -0.058576
480.840766  -0.058565
480.860766  -0.058544
480.880765  -0.058565
480.900764  -0.058544
480.920763  -0.058523
480.940762  -0.058544
480.960762  -0.058533
480.980761  -0.058512
481.000760  -0.058533
481.020759  -0.058512
481.040758  -0.058501
481.060758  -0.058459
481.080757  -0.058501
481.100756  -0.058469
481.120755  -0.058501
481.140754  -0.058469
481.160754  -0.058501
481.180753  -0.058448
481.200752  -0.058459
481.220751  -0.058501
481.240750  -0.058448
481.260750  -0.058459
481.280749  -0.058491
481.300748  -0.058459
481.320747  -0.058469
481.340746  -0.058448
481.360746  -0.058437
481.380745  -0.058427
481.400744  -0.058437
481.420743  -0.058416
481.440742  -0.058395
481.460742  -0.058384
481.480741  -0.058427
481.500740  -0.058384
481.520739  -0.058395
481.540738  -0.058384
481.560738  -0.058395
481.580737  -0.058395
481.600736  -0.058362
481.620735  -0.058362
481.640734  -0.058362
481.660734  -0.058373
481.680733  -0.058352
481.700732  -0.058341
481.720731  -0.058341
481.740730  -0.058320
481.760730  -0.058341
481.780729  -0.058309
481.800728  -0.058298
481.820727  -0.058330
481.840726  -0.058330
481.860726  -0.058330
481.880725  -0.058362
481.900724  -0.058309
481.920723  -0.058245
481.940722  -0.058288
481.960722  -0.058277
481.980721  -0.058298
482.000720  -0.058256
482.020719  -0.058266
482.040718  -0.058234
482.060718  -0.058266
482.080717  -0.058245
482.100716  -0.058245
482.120715  -0.058245
482.140714  -0.058266
482.160714  -0.058288
482.180713  -0.058245
482.200712  -0.058202
482.220711  -0.058234
482.240710  -0.058202
482.260710  -0.058224
482.280709  -0.058224
482.300708  -0.058192
482.320707  -0.058256
482.340706  -0.058160
482.360706  -0.058213
482.380705  -0.058213
482.400704  -0.058181
482.420703  -0.058170
482.440702  -0.058170
482.460702  -0.058160
482.480701  -0.058192
482.500700  -0.058128
482.520699  -0.058170
482.540698  -0.058160
482.560698  -0.058149
482.580697  -0.058149
482.600696  -0.058149
482.620695  -0.058128
482.640694  -0.058170
482.660694  -0.058085
482.680693  -0.058117
482.700692  -0.058095
482.720691  -0.058192
482.740690  -0.058106
482.760690  -0.058128
482.780689  -0.058095
482.800688  -0.058085
482.820687  -0.058095
482.840686  -0.058095
482.860686  -0.058074
482.880685  -0.058074
482.900684  -0.058053
482.920683  -0.058053
482.940682  -0.058063
482.960682  -0.058042
482.980681  -0.058085
483.000680  -0.058074
483.020679  -0.058053
483.040678  -0.058031
483.060678  -0.058021
483.080677  -0.058074
483.100676  -0.057999
483.120675  -0.058031
483.140674  -0.057989
483.160674  -0.057967
483.180673  -0.057978
483.200672  -0.057999
483.220671  -0.057999
483.240670  -0.058031
483.260670  -0.057978
483.280669  -0.057967
483.300668  -0.058010
483.320667  -0.057989
483.340666  -0.057946
483.360666  -0.057935
483.380665  -0.057914
483.400664  -0.057946
483.420663  -0.057967
483.440662  -0.057935
483.460662  -0.057935
483.480661  -0.057903
483.500660  -0.057903
483.520659  -0.057946
483.540658  -0.057925
483.560658  -0.057914
483.580657  -0.057903
483.600656  -0.057903
483.620655  -0.057893
483.640654  -0.057893
483.660654  -0.057893
483.680653  -0.057893
483.700652  -0.057914
483.720651  -0.057860
483.740650  -0.057860
483.760650  -0.057860
483.780649  -0.057882
483.800648  -0.057860
483.820647  -0.057818
483.840646  -0.057818
483.860646  -0.057807
483.880645  -0.057818
483.900644  -0.057828
483.920643  -0.057828
483.940642  -0.057818
483.960642  -0.057818
483.980641  -0.057850
484.000640  -0.057807
484.020639  -0.057807
484.040638  -0.057818
484.060638  -0.057807
484.080637  -0.057818
484.100636  -0.057807
484.120635  -0.057754
484.140634  -0.057764
484.160634  -0.057754
484.180633  -0.057775
484.200632  -0.057743
484.220631  -0.057743
484.240630  -0.057754
484.260630  -0.057764
484.280629  -0.057743
484.300628  -0.057743
484.320627  -0.057732
484.340626  -0.057732
484.360626  -0.057711
484.380625  -0.057732
484.400624  -0.057679
484.420623  -0.057679
484.440622  -0.057679
484.460622  -0.057743
484.480621  -0.057679
484.500620  -0.057700
484.520619  -0.057690
484.540618  -0.057690
484.560618  -0.057658
484.580617  -0.057690
484.600616  -0.057647
484.620615  -0.057647
484.640614  -0.057647
484.660614  -0.057658
484.680613  -0.057615
484.700612  -0.057593
484.720611  -0.057625
484.740610  -0.057625
484.760610  -0.057636
484.780609  -0.057593
484.800608  -0.057625
484.820607  -0.057636
484.840606  -0.057593
484.860606  -0.057615
484.880605  -0.057572
484.900604  -0.057604
484.920603  -0.057593
484.940602  -0.057625
484.960602  -0.057561
484.980601  -0.057551
485.000600  -0.057540
485.020599  -0.057551
485.040598  -0.057540
485.060598  -0.057572
485.080597  -0.057540
485.100596  -0.057551
485.120595  -0.057487
485.140594  -0.057529
485.160594  -0.057519
485.180593  -0.057508
485.200592  -0.057519
485.220591  -0.057497
485.240590  -0.057476
485.260590  -0.057465
485.280589  -0.057444
485.300588  -0.057465
485.320587  -0.057455
485.340586  -0.057487
485.360586  -0.057476
485.380585  -0.057465
485.400584  -0.057444
485.420583  -0.057476
485.440582  -0.057455
485.460582  -0.057476
485.480581  -0.057444
485.500580  -0.057412
485.520579  -0.057401
485.540578  -0.057401
485.560578  -0.057412
485.580577  -0.057390
485.600576  -0.057412
485.620575  -0.057401
485.640574  -0.057390
485.660574  -0.057423
485.680573  -0.057369
485.700572  -0.057433
485.720571  -0.057380
485.740570  -0.057390
485.760570  -0.057390
485.780569  -0.057390
485.800568  -0.057358
485.820567  -0.057348
485.840566  -0.057337
485.860566  -0.057369
485.880565  -0.057348
485.900564  -0.057348
485.920563  -0.057337
485.940562  -0.057337
485.960562  -0.057316
485.980561  -0.057358
486.000560  -0.057305
486.020559  -0.057305
486.040558  -0.057294
486.060558  -0.057305
486.080557  -0.057305
486.100556  -0.057284
486.120555  -0.057252
486.140554  -0.057284
486.160554  -0.057252
486.180553  -0.057294
486.200552  -0.057262
486.220551  -0.057252
486.240550  -0.057262
486.260550  -0.057284
486.280549  -0.057230
486.300548  -0.057273
486.320547  -0.057252
486.340546  -0.057262
486.360546  -0.057220
486.380545  -0.057198
486.400544  -0.057220
486.420543  -0.057188
486.440542  -0.057209
486.460542  -0.057252
486.480541  -0.057198
486.500540  -0.057198
486.520539  -0.057145
486.540538  -0.057209
486.560538  -0.057155
486.580537  -0.057166
486.600536  -0.057198
486.620535  -0.057177
486.640534  -0.057145
486.660534  -0.057134
486.680533  -0.057134
486.700532  -0.057198
486.720531  -0.057134
486.740530  -0.057177
486.760530  -0.057155
486.780529  -0.057145
486.800528  -0.057123
486.820527  -0.057123
486.840526  -0.057123
486.860526  -0.057123
486.880525  -0.057123
486.900524  -0.057059
486.920523  -0.057102
486.940522  -0.057113
486.960522  -0.057145
486.980521  -0.057091
487.000520  -0.057081
487.020519  -0.057070
487.040518  -0.057091
487.060518  -0.057059
487.080517  -0.057049
487.100516  -0.057049
487.120515  -0.057059
487.140514  -0.057059
487.160514  -0.057038
487.180513  -0.057070
487.200512  -0.057027
487.220511  -0.057027
487.240510  -0.057070
487.260510  -0.057006
487.280509  -0.057027
487.300508  -0.057006
487.320507  -0.057027
487.340506  -0.056974
487.360506  -0.057006
487.380505  -0.056985
487.400504  -0.056985
487.420503  -0.056995
487.440502  -0.056985
487.460502  -0.056963
487.480501  -0.057017
487.500500  -0.056974
487.520499  -0.056995
487.540498  -0.056963
487.560498  -0.056995
487.580497  -0.056931
487.600496  -0.056942
487.620495  -0.056953
487.640494  -0.056942
487.660494  -0.056921
487.680493  -0.056942
487.700492  -0.056931
487.720491  -0.056910
487.740490  -0.056910
487.760490  -0.056921
487.780489  -0.056921
487.800488  -0.056888
487.820487  -0.056910
487.840486  -0.056921
487.860486  -0.056899
487.880485  -0.056899
487.900484  -0.056910
487.920483  -0.056910
487.940482  -0.056867
487.960482  -0.056878
487.980481  -0.056921
488.000480  -0.056878
488.020479  -0.056878
488.040478  -0.056856
488.060478  -0.056867
488.080477  -0.056846
488.100476  -0.056835
488.120475  -0.056867
488.140474  -0.056814
488.160474  -0.056824
488.180473  -0.056846
488.200472  -0.056835
488.220471  -0.056814
488.240470  -0.056824
488.260470  -0.056782
488.280469  -0.056803
488.300468  -0.056824
488.320467  -0.056760
488.340466  -0.056792
488.360466  -0.056771
488.380465  -0.056760
488.400464  -0.056824
488.420463  -0.056792
488.440462  -0.056792
488.460462  -0.056771
488.480461  -0.056760
488.500460  -0.056750
488.520459  -0.056771
488.540458  -0.056728
488.560458  -0.056739
488.580457  -0.056739
488.600456  -0.056739
488.620455  -0.056739
488.640454  -0.056686
488.660454  -0.056707
488.680453  -0.056739
488.700452  -0.056696
488.720451  -0.056707
488.740450  -0.056686
488.760450  -0.056707
488.780449  -0.056707
488.800448  -0.056696
488.820447  -0.056675
488.840446  -0.056696
488.860446  -0.056664
488.880445  -0.056696
488.900444  -0.056664
488.920443  -0.056664
488.940442  -0.056664
488.960442  -0.056675
488.980441  -0.056653
489.000440  -0.056643
489.020439  -0.056589
489.040438  -0.056632
489.060438  -0.056621
489.080437  -0.056632
489.100436  -0.056621
489.120435  -0.056653
489.140434  -0.056600
489.160434  -0.056600
489.180433  -0.056611
489.200432  -0.056600
489.220431  -0.056621
489.240430  -0.056621
489.260430  -0.056611
489.280429  -0.056568
489.300428  -0.056579
489.320427  -0.056600
489.340426  -0.056611
489.360426  -0.056579
489.380425  -0.056589
489.400424  -0.056547
489.420423  -0.056568
489.440422  -0.056568
489.460422  -0.056536
489.480421  -0.056536
489.500420  -0.056547
489.520419  -0.056579
489.540418  -0.056536
489.560418  -0.056525
489.580417  -0.056515
489.600416  -0.056525
489.620415  -0.056536
489.640414  -0.056525
489.660414  -0.056525
489.680413  -0.056504
489.700412  -0.056493
489.720411  -0.056515
489.740410  -0.056536
489.760410  -0.056472
489.780409  -0.056515
489.800408  -0.056461
489.820407  -0.056451
489.840406  -0.056461
489.860406  -0.056440
489.880405  -0.056472
489.900404  -0.056483
489.920403  -0.056451
489.940402  -0.056483
489.960402  -0.056429
489.980401  -0.056451
490.000400  -0.056440
490.020399  -0.056418
490.040398  -0.056440
490.060398  -0.056429
490.080397  -0.056440
490.100396  -0.056429
490.120395  -0.056429
490.140394  -0.056408
490.160394  -0.056397
490.180393  -0.056408
490.200392  -0.056429
490.220391  -0.056408
490.240390  -0.056376
490.260390  -0.056408
490.280389  -0.056376
490.300388  -0.056386
490.320387  -0.056386
490.340386  -0.056376
490.360386  -0.056322
490.380385  -0.056365
490.400384  -0.056344
490.420383  -0.056376
490.440382  -0.056365
490.460382  -0.056354
490.480381  -0.056333
490.500380  -0.056397
490.520379  -0.056290
490.540378  -0.056312
490.560378  -0.056312
490.580377  -0.056333
490.600376  -0.056312
490.620375  -0.056312
490.640374  -0.056301
490.660374  -0.056322
490.680373  -0.056269
490.700372  -0.056301
490.720371  -0.056290
490.740370  -0.056269
490.760370  -0.056290
490.780369  -0.056258
490.800368  -0.056258
490.820367  -0.056290
490.840366  -0.056312
490.860366  -0.056258
490.880365  -0.056248
490.900364  -0.056269
490.920363  -0.056248
490.940362  -0.056269
490.960362  -0.056269
490.980361  -0.056237
491.000360  -0.056216
491.020359  -0.056226
491.040358  -0.056205
491.060358  -0.056237
491.080357  -0.056226
491.100356  -0.056248
491.120355  -0.056216
491.140354  -0.056226
491.160354  -0.056183
491.180353  -0.056194
491.200352  -0.056151
491.220351  -0.056194
491.240350  -0.056151
491.260350  -0.056141
491.280349  -0.056162
491.300348  -0.056173
491.320347  -0.056119
491.340346  -0.056162
491.360346  -0.056141
491.380345  -0.056183
491.400344  -0.056119
491.420343  -0.056162
491.440342  -0.056141
491.460342  -0.056141
491.480341  -0.056130
491.500340  -0.056151
491.520339  -0.056141
491.540338  -0.056119
491.560338  -0.056066
491.580337  -0.056109
491.600336  -0.056098
491.620335  -0.056119
491.640334  -0.056087
491.660334  -0.056087
491.680333  -0.056098
491.700332  -0.056077
491.720331  -0.056109
491.740330  -0.056077
491.760330  -0.056077
491.780329  -0.056066
491.800328  -0.056055
491.820327  -0.056034
491.840326  -0.056023
491.860326  -0.056055
491.880325  -0.056034
491.900324  -0.056045
491.920323  -0.056045
491.940322  -0.056087
491.960322  -0.056034
491.980321  -0.056034
492.000320  -0.056023
492.020319  -0.056002
492.040318  -0.056013
492.060318  -0.056045
492.080317  -0.056023
492.100316  -0.056023
492.120315  -0.055991
492.140314  -0.056002
492.160314  -0.056002
492.180313  -0.056002
492.200312  -0.055991
492.220311  -0.055959
492.240310  -0.055959
492.260310  -0.055981
492.280309  -0.055970
492.300308  -0.055948
492.320307  -0.055927
492.340306  -0.055959
492.360306  -0.055959
492.380305  -0.055970
492.400304  -0.055927
492.420303  -0.055927
492.440302  -0.055884
492.460302  -0.055906
492.480301  -0.055927
492.500300  -0.055938
492.520299  -0.055927
492.540298  -0.055906
492.560298  -0.055938
492.580297  -0.055884
492.600296  -0.055895
492.620295  -0.055863
492.640294  -0.055852
492.660294  -0.055884
492.680293  -0.055906
492.700292  -0.055884
492.720291  -0.055863
492.740290  -0.055874
492.760290  -0.055863
492.780289  -0.055852
492.800288  -0.055863
492.820287  -0.055874
492.840286  -0.055799
492.860286  -0.055820
492.880285  -0.055831
492.900284  -0.055820
492.920283  -0.055852
492.940282  -0.055842
492.960282  -0.055820
492.980281  -0.055842
493.000280  -0.055788
493.020279  -0.055778
493.040278  -0.055810
493.060278  -0.055788
493.080277  -0.055778
493.100276  -0.055788
493.120275  -0.055767
493.140274  -0.055788
493.160274  -0.055799
493.180273  -0.055799
493.200272  -0.055788
493.220271  -0.055735
493.240270  -0.055756
493.260270  -0.055746
493.280269  -0.055746
493.300268  -0.055735
493.320267  -0.055724
493.340266  -0.055724
493.360266  -0.055714
493.380265  -0.055714
493.400264  -0.055714
493.420263  -0.055724
493.440262  -0.055692
493.460262  -0.055746
493.480261  -0.055735
493.500260  -0.055714
493.520259  -0.055703
493.540258  -0.055756
493.560258  -0.055735
493.580257  -0.055714
493.600256  -0.055692
493.620255  -0.055660
493.640254  -0.055692
493.660254  -0.055671
493.680253  -0.055681
493.700252  -0.055681
493.720251  -0.055681
493.740250  -0.055660
493.760250  -0.055724
493.780249  -0.055660
493.800248  -0.055671
493.820247  -0.055660
493.840246  -0.055639
493.860246  -0.055649
493.880245  -0.055660
493.900244  -0.055649
493.920243  -0.055671
493.940242  -0.055628
493.960242  -0.055628
493.980241  -0.055607
494.000240  -0.055585
494.020239  -0.055617
494.040238  -0.055617
494.060238  -0.055585
494.080237  -0.055607
494.100236  -0.055585
494.120235  -0.055585
494.140234  -0.055607
494.160234  -0.055575
494.180233  -0.055543
494.200232  -0.055553
494.220231  -0.055564
494.240230  -0.055521
494.260230  -0.055564
494.280229  -0.055564
494.300228  -0.055575
494.320227  -0.055553
494.340226  -0.055511
494.360226  -0.055543
494.380225  -0.055511
494.400224  -0.055543
494.420223  -0.055564
494.440222  -0.055511
494.460222  -0.055511
494.480221  -0.055511
494.500220  -0.055479
494.520219  -0.055511
494.540218  -0.055479
494.560218  -0.055500
494.580217  -0.055457
494.600216  -0.055521
494.620215  -0.055468
494.640214  -0.055479
494.660214  -0.055479
494.680213  -0.055489
494.700212  -0.055468
494.720211  -0.055457
494.740210  -0.055425
494.760210  -0.055457
494.780209  -0.055425
494.800208  -0.055436
494.820207  -0.055436
494.840206  -0.055436
494.860206  -0.055425
494.880205  -0.055404
494.900204  -0.055425
494.920203  -0.055404
494.940202  -0.055382
494.960202  -0.055404
494.980201  -0.055404
495.000200  -0.055382
495.020199  -0.055382
495.040198  -0.055393
495.060198  -0.055372
495.080197  -0.055372
495.100196  -0.055382
495.120195  -0.055350
495.140194  -0.055382
495.160194  -0.055361
495.180193  -0.055340
495.200192  -0.055372
495.220191  -0.055329
495.240190  -0.055350
495.260190  -0.055318
495.280189  -0.055350
495.300188  -0.055318
495.320187  -0.055382
495.340186  -0.055318
495.360186  -0.055297
495.380185  -0.055286
495.400184  -0.055308
495.420183  -0.055297
495.440182  -0.055297
495.460182  -0.055297
495.480181  -0.055308
495.500180  -0.055297
495.520179  -0.055276
495.540178  -0.055265
495.560178  -0.055276
495.580177  -0.055276
495.600176  -0.055308
495.620175  -0.055244
495.640174  -0.055244
495.660174  -0.055211
495.680173  -0.055276
495.700172  -0.055244
495.720171  -0.055233
495.740170  -0.055265
495.760170  -0.055254
495.780169  -0.055244
495.800168  -0.055222
495.820167  -0.055211
495.840166  -0.055233
495.860166  -0.055201
495.880165  -0.055201
495.900164  -0.055190
495.920163  -0.055211
495.940162  -0.055211
495.960162  -0.055222
495.980161  -0.055190
496.000160  -0.055190
496.020159  -0.055169
496.040158  -0.055190
496.060158  -0.055179
496.080157  -0.055169
496.100156  -0.055169
496.120155  -0.055158
496.140154  -0.055126
496.160154  -0.055169
496.180153  -0.055169
496.200152  -0.055169
496.220151  -0.055126
496.240150  -0.055115
496.260150  -0.055147
496.280149  -0.055115
496.300148  -0.055126
496.320147  -0.055126
496.340146  -0.055115
496.360146  -0.055083
496.380145  -0.055105
496.400144  -0.055115
496.420143  -0.055073
496.440142  -0.055041
496.460142  -0.055094
496.480141  -0.055094
496.500140  -0.055083
496.520139  -0.055062
496.540138  -0.055062
496.560138  -0.055051
496.580137  -0.055062
496.600136  -0.055073
496.620135  -0.055073
496.640134  -0.055041
496.660134  -0.055062
496.680133  -0.055073
496.700132  -0.055030
496.720131  -0.055009
496.740130  -0.055051
496.760130  -0.055051
496.780129  -0.055051
496.800128  -0.055041
496.820127  -0.055051
496.840126  -0.055009
496.860126  -0.054998
496.880125  -0.054976
496.900124  -0.054998
496.920123  -0.054976
496.940122  -0.055030
496.960122  -0.054955
496.980121  -0.054987
497.000120  -0.054976
497.020119  -0.054998
497.040118  -0.054998
497.060118  -0.054955
497.080117  -0.054966
497.100116  -0.055030
497.120115  -0.054998
497.140114  -0.054955
497.160114  -0.054966
497.180113  -0.054966
497.200112  -0.054891
497.220111  -0.054934
497.240110  -0.054976
497.260110  -0.054912
497.280109  -0.054923
497.300108  -0.054912
497.320107  -0.054934
497.340106  -0.054902
497.360106  -0.054902
497.380105  -0.054902
497.400104  -0.054902
497.420103  -0.054891
497.440102  -0.054859
497.460102  -0.054859
497.480101  -0.054870
497.500100  -0.054870
497.520099  -0.054848
497.540098  -0.054816
497.560098  -0.054859
497.580097  -0.054891
497.600096  -0.054870
497.620095  -0.054859
497.640094  -0.054880
497.660094  -0.054848
497.680093  -0.054848
497.700092  -0.054848
497.720091  -0.054848
497.740090  -0.054806
497.760090  -0.054806
497.780089  -0.054784
497.800088  -0.054816
497.820087  -0.054827
497.840086  -0.054838
497.860086  -0.054784
497.880085  -0.054742
497.900084  -0.054848
497.920083  -0.054806
497.940082  -0.054784
497.960082  -0.054742
497.980081  -0.054784
498.000080  -0.054774
498.020079  -0.054784
498.040078  -0.054774
498.060078  -0.054752
498.080077  -0.054774
498.100076  -0.054784
498.120075  -0.054720
498.140074  -0.054752
498.160074  -0.054720
498.180073  -0.054774
498.200072  -0.054774
498.220071  -0.054774
498.240070  -0.054720
498.260070  -0.054720
498.280069  -0.054731
498.300068  -0.054720
498.320067  -0.054699
498.340066  -0.054720
498.360066  -0.054688
498.380065  -0.054677
498.400064  -0.054720
498.420063  -0.054699
498.440062  -0.054667
498.460062  -0.054709
498.480061  -0.054656
498.500060  -0.054667
498.520059  -0.054667
498.540058  -0.054624
498.560058  -0.054624
498.580057  -0.054667
498.600056  -0.054645
498.620055  -0.054656
498.640054  -0.054635
498.660054  -0.054645
498.680053  -0.054645
498.700052  -0.054613
498.720051  -0.054635
498.740050  -0.054645
498.760050  -0.054603
498.780049  -0.054645
498.800048  -0.054624
498.820047  -0.054613
498.840046  -0.054603
498.860046  -0.054581
498.880045  -0.054603
498.900044  -0.054581
498.920043  -0.054560
498.940042  -0.054581
498.960042  -0.054581
498.980041  -0.054592
499.000040  -0.054560
499.020039  -0.054560
499.040038  -0.054560
499.060038  -0.054539
499.080037  -0.054581
499.100036  -0.054560
499.120035  -0.054581
499.140034  -0.054560
499.160034  -0.054539
499.180033  -0.054539
499.200032  -0.054539
499.220031  -0.054549
499.240030  -0.054507
499.260030  -0.054517
499.280029  -0.054528
499.300028  -0.054528
499.320027  -0.054528
499.340026  -0.054507
499.360026  -0.054496
499.380025  -0.054496
499.400024  -0.054453
499.420023  -0.054539
499.440022  -0.054496
499.460022  -0.054474
499.480021  -0.054464
499.500020  -0.054432
499.520019  -0.054432
499.540018  -0.054464
499.560018  -0.054453
499.580017  -0.054432
499.600016  -0.054453
499.620015  -0.054432
499.640014  -0.054442
499.660014  -0.054442
499.680013  -0.054453
499.700012  -0.054378
499.720011  -0.054410
499.740010  -0.054421
499.760010  -0.054432
499.780009  -0.054410
499.800008  -0.054410
499.820007  -0.054410
499.840006  -0.054389
499.860006  -0.054346
499.880005  -0.054400
499.900004  -0.054346
499.920003  -0.054346
499.940002  -0.054368
499.960002  -0.054346
