DataBase = TT1
ShotNo = 3590
SignalName = F0
SignalUnit = Wb
TriggerTime = 0.000000 ms
Period = 0.019999 ms
CreateTime = 2026/01/08 15:10:41
Samples = 25000
0.000000  0.000203
0.019999  0.000203
0.039998  -0.000197
0.059998  0.000203
0.079997  0.000069
0.099996  0.000069
0.119995  0.000003
0.139994  0.000003
0.159994  0.000136
0.179993  0.000003
0.199992  -0.000331
0.219991  0.000069
0.239990  -0.000064
0.259990  0.000003
0.279989  0.000069
0.299988  -0.000064
0.319987  -0.000264
0.339986  0.000069
0.359986  -0.000131
0.379985  0.000069
0.399984  -0.000064
0.419983  -0.000064
0.439982  -0.000264
0.459982  -0.000064
0.479981  -0.000064
0.499980  0.000069
0.519979  0.000003
0.539978  0.000136
0.559978  0.000003
0.579977  -0.000064
0.599976  -0.000064
0.619975  0.000003
0.639974  -0.000064
0.659974  0.000003
0.679973  0.000136
0.699972  0.000003
0.719971  -0.000064
0.739970  -0.000131
0.759970  -0.000064
0.779969  -0.000064
0.799968  0.000003
0.819967  0.000003
0.839966  0.000003
0.859966  0.000069
0.879965  -0.000064
0.899964  0.000069
0.919963  -0.000064
0.939962  -0.000264
0.959962  0.000069
0.979961  0.000003
0.999960  0.000003
1.019959  -0.000064
1.039958  0.000003
1.059958  -0.000064
1.079957  0.000003
1.099956  -0.000264
1.119955  -0.000131
1.139954  -0.000131
1.159954  0.000003
1.179953  0.000069
1.199952  -0.000064
1.219951  -0.000264
1.239950  0.000069
1.259950  0.000003
1.279949  0.000003
1.299948  -0.000064
1.319947  0.000003
1.339946  0.000003
1.359946  -0.000131
1.379945  -0.000064
1.399944  0.000003
1.419943  0.000069
1.439942  0.000003
1.459942  0.000069
1.479941  0.000069
1.499940  -0.000131
1.519939  0.000136
1.539938  0.000003
1.559938  -0.000064
1.579937  -0.000064
1.599936  -0.000197
1.619935  -0.000131
1.639934  -0.000064
1.659934  0.000203
1.679933  0.000003
1.699932  0.000003
1.719931  0.000136
1.739930  0.000003
1.759930  0.000003
1.779929  0.000136
1.799928  0.000003
1.819927  0.000003
1.839926  0.000003
1.859926  -0.000131
1.879925  -0.000064
1.899924  0.000270
1.919923  0.000003
1.939922  0.000003
1.959922  0.000003
1.979921  -0.000131
1.999920  0.000136
2.019919  0.000069
2.039918  0.000003
2.059918  0.000069
2.079917  0.000003
2.099916  -0.000197
2.119915  -0.000064
2.139914  -0.000197
2.159914  -0.000131
2.179913  -0.000064
2.199912  0.000069
2.219911  0.000003
2.239910  0.000003
2.259910  -0.000064
2.279909  0.000069
2.299908  -0.000064
2.319907  -0.000064
2.339906  -0.000064
2.359906  -0.000064
2.379905  0.000003
2.399904  -0.000064
2.419903  -0.000197
2.439902  0.000003
2.459902  -0.000064
2.479901  -0.000064
2.499900  -0.000064
2.519899  -0.000064
2.539898  0.000069
2.559898  0.000003
2.579897  -0.000197
2.599896  0.000069
2.619895  0.000069
2.639894  0.000003
2.659894  0.000069
2.679893  0.000136
2.699892  0.000069
2.719891  0.000069
2.739890  -0.000064
2.759890  -0.000064
2.779889  -0.000064
2.799888  -0.000064
2.819887  0.000069
2.839886  -0.000131
2.859886  0.000136
2.879885  -0.000064
2.899884  -0.000064
2.919883  0.000003
2.939882  0.000203
2.959882  0.000003
2.979881  0.000069
2.999880  0.000203
3.019879  0.000136
3.039878  -0.000197
3.059878  -0.000197
3.079877  -0.000131
3.099876  0.000003
3.119875  0.000203
3.139874  0.000003
3.159874  -0.000131
3.179873  0.000003
3.199872  -0.000131
3.219871  0.000203
3.239870  0.000069
3.259870  -0.000064
3.279869  -0.000131
3.299868  -0.000197
3.319867  0.000003
3.339866  0.000003
3.359866  0.000069
3.379865  -0.000064
3.399864  -0.000064
3.419863  -0.000064
3.439862  0.000003
3.459862  0.000003
3.479861  0.000003
3.499860  -0.000131
3.519859  0.000069
3.539858  -0.000064
3.559858  0.000003
3.579857  -0.000131
3.599856  -0.000064
3.619855  -0.000131
3.639854  0.000136
3.659854  0.000069
3.679853  -0.000064
3.699852  0.000003
3.719851  -0.000064
3.739850  0.000003
3.759850  0.000003
3.779849  -0.000064
3.799848  0.000069
3.819847  -0.000064
3.839846  -0.000064
3.859846  -0.000331
3.879845  -0.000064
3.899844  -0.000064
3.919843  -0.000264
3.939842  -0.000197
3.959842  0.000003
3.979841  0.000003
3.999840  -0.000064
4.019839  0.000136
4.039838  -0.000131
4.059838  0.000003
4.079837  0.000069
4.099836  -0.000064
4.119835  0.000003
4.139834  0.000003
4.159834  0.000003
4.179833  0.000003
4.199832  0.000003
4.219831  -0.000131
4.239830  0.000069
4.259830  -0.000197
4.279829  -0.000064
4.299828  -0.000064
4.319827  0.000003
4.339826  0.000003
4.359826  -0.000131
4.379825  0.000003
4.399824  0.000003
4.419823  0.000003
4.439822  0.000003
4.459822  0.000069
4.479821  -0.000131
4.499820  0.000003
4.519819  -0.000131
4.539818  0.000003
4.559818  -0.000131
4.579817  -0.000331
4.599816  -0.000064
4.619815  0.000136
4.639814  -0.000464
4.659814  -0.000064
4.679813  0.000203
4.699812  0.000003
4.719811  -0.000064
4.739810  -0.000064
4.759810  0.000003
4.779809  0.000069
4.799808  -0.000064
4.819807  -0.000064
4.839806  0.000270
4.859806  -0.000064
4.879805  0.000003
4.899804  0.000003
4.919803  -0.000131
4.939802  0.000069
4.959802  0.000136
4.979801  0.000069
4.999800  0.000003
5.019799  0.000069
5.039798  -0.000331
5.059798  0.000003
5.079797  0.000069
5.099796  -0.000064
5.119795  -0.000064
5.139794  0.000069
5.159794  0.000003
5.179793  -0.000064
5.199792  -0.000064
5.219791  -0.000131
5.239790  0.000069
5.259790  0.000069
5.279789  0.000069
5.299788  -0.000197
5.319787  0.000003
5.339786  0.000003
5.359786  -0.000131
5.379785  -0.000064
5.399784  0.000069
5.419783  -0.000064
5.439782  0.000203
5.459782  -0.000197
5.479781  -0.000197
5.499780  -0.000064
5.519779  0.000069
5.539778  -0.000064
5.559778  0.000136
5.579777  0.000003
5.599776  0.000136
5.619775  -0.000064
5.639774  0.000003
5.659774  -0.000131
5.679773  -0.000064
5.699772  -0.000064
5.719771  0.000003
5.739770  -0.000064
5.759770  0.000003
5.779769  0.000003
5.799768  -0.000064
5.819767  0.000136
5.839766  0.000003
5.859766  0.000003
5.879765  0.000003
5.899764  0.000003
5.919763  0.000003
5.939762  0.000069
5.959762  -0.000131
5.979761  0.000003
5.999760  -0.000197
6.019759  0.000003
6.039758  -0.000264
6.059758  0.000203
6.079757  0.000069
6.099756  0.000136
6.119755  0.000069
6.139754  0.000203
6.159754  0.000003
6.179753  0.000003
6.199752  0.000136
6.219751  0.000003
6.239750  0.000069
6.259750  0.000003
6.279749  0.000003
6.299748  -0.000064
6.319747  -0.000064
6.339746  0.000069
6.359746  0.000003
6.379745  -0.000064
6.399744  0.000003
6.419743  0.000003
6.439742  -0.000064
6.459742  0.000003
6.479741  0.000069
6.499740  -0.000197
6.519739  0.000003
6.539738  -0.000064
6.559738  -0.000064
6.579737  -0.000064
6.599736  0.000003
6.619735  0.000136
6.639734  0.000003
6.659734  -0.000131
6.679733  0.000069
6.699732  -0.000064
6.719731  -0.000197
6.739730  -0.000131
6.759730  0.000003
6.779729  -0.000064
6.799728  0.000003
6.819727  -0.000064
6.839726  0.000003
6.859726  -0.000064
6.879725  -0.000131
6.899724  0.000069
6.919723  -0.000197
6.939722  0.000003
6.959722  0.000136
6.979721  0.000003
6.999720  -0.000064
7.019719  -0.000131
7.039718  0.000069
7.059718  0.000003
7.079717  0.000003
7.099716  -0.000064
7.119715  0.000069
7.139714  -0.000064
7.159714  -0.000131
7.179713  0.000069
7.199712  0.000069
7.219711  0.000003
7.239710  0.000003
7.259710  -0.000197
7.279709  -0.000197
7.299708  -0.000064
7.319707  -0.000064
7.339706  -0.000264
7.359706  -0.000064
7.379705  -0.000197
7.399704  -0.000131
7.419703  -0.000131
7.439702  0.000003
7.459702  0.000003
7.479701  -0.000131
7.499700  0.000069
7.519699  -0.000064
7.539698  0.000003
7.559698  0.000003
7.579697  0.000003
7.599696  -0.000064
7.619695  0.000003
7.639694  0.000069
7.659694  -0.000131
7.679693  0.000069
7.699692  0.000003
7.719691  0.000003
7.739690  -0.000197
7.759690  -0.000197
7.779689  -0.000131
7.799688  0.000136
7.819687  0.000003
7.839686  0.000069
7.859686  0.000003
7.879685  -0.000064
7.899684  -0.000131
7.919683  0.000136
7.939682  0.000003
7.959682  -0.000131
7.979681  0.000069
7.999680  0.000003
8.019679  0.000003
8.039678  0.000136
8.059678  -0.000197
8.079677  0.000003
8.099676  0.000003
8.119675  -0.000197
8.139674  -0.000064
8.159674  -0.000264
8.179673  -0.000064
8.199672  0.000003
8.219671  0.000003
8.239670  -0.000131
8.259670  0.000003
8.279669  -0.000064
8.299668  0.000003
8.319667  0.000136
8.339666  -0.000064
8.359666  -0.000064
8.379665  0.000136
8.399664  0.000003
8.419663  0.000069
8.439662  -0.000197
8.459662  -0.000197
8.479661  -0.000131
8.499660  0.000069
8.519659  -0.000131
8.539658  0.000003
8.559658  0.000069
8.579657  0.000069
8.599656  -0.000398
8.619655  0.000069
8.639654  0.000003
8.659654  -0.000131
8.679653  0.000069
8.699652  0.000136
8.719651  0.000069
8.739650  0.000003
8.759650  -0.000064
8.779649  0.000069
8.799648  0.000003
8.819647  -0.000064
8.839646  -0.000197
8.859646  0.000136
8.879645  0.000069
8.899644  0.000069
8.919643  -0.000131
8.939642  -0.000064
8.959642  0.000003
8.979641  0.000069
8.999640  -0.000264
9.019639  -0.000064
9.039638  -0.000131
9.059638  0.000336
9.079637  0.000069
9.099636  0.000003
9.119635  0.000136
9.139634  0.000069
9.159634  0.000136
9.179633  0.000003
9.199632  -0.000064
9.219631  -0.000264
9.239630  0.000003
9.259630  -0.000064
9.279629  0.000203
9.299628  0.000003
9.319627  0.000003
9.339626  0.000069
9.359626  -0.000064
9.379625  0.000003
9.399624  -0.000064
9.419623  -0.000064
9.439622  -0.000064
9.459622  -0.000131
9.479621  -0.000197
9.499620  -0.000197
9.519619  0.000069
9.539618  0.000003
9.559618  0.000203
9.579617  -0.000064
9.599616  0.000003
9.619615  -0.000064
9.639614  -0.000064
9.659614  0.000069
9.679613  -0.000131
9.699612  -0.000131
9.719611  0.000003
9.739610  -0.000064
9.759610  0.000003
9.779609  0.000003
9.799608  -0.000197
9.819607  0.000003
9.839606  0.000003
9.859606  0.000003
9.879605  -0.000064
9.899604  -0.000197
9.919603  -0.000064
9.939602  0.000270
9.959602  -0.000264
9.979601  0.000003
9.999600  -0.000064
10.019599  0.000003
10.039598  -0.000064
10.059598  -0.000064
10.079597  -0.000264
10.099596  0.000203
10.119595  0.000003
10.139594  -0.000064
10.159594  0.000003
10.179593  -0.000064
10.199592  0.000003
10.219591  0.000069
10.239590  0.000270
10.259590  -0.000064
10.279589  0.000069
10.299588  0.000136
10.319587  0.000136
10.339586  -0.000064
10.359586  -0.000331
10.379585  -0.000064
10.399584  0.000136
10.419583  0.000136
10.439582  -0.000131
10.459582  -0.000197
10.479581  0.000069
10.499580  0.000003
10.519579  -0.000064
10.539578  0.000003
10.559578  0.000203
10.579577  0.000003
10.599576  -0.000064
10.619575  -0.000131
10.639574  -0.000197
10.659574  -0.000131
10.679573  0.000003
10.699572  0.000003
10.719571  -0.000064
10.739570  -0.000064
10.759570  0.000069
10.779569  0.000069
10.799568  0.000003
10.819567  0.000069
10.839566  0.000003
10.859566  0.000069
10.879565  -0.000064
10.899564  -0.000064
10.919563  -0.000064
10.939562  -0.000064
10.959562  -0.000064
10.979561  -0.000197
10.999560  -0.000331
11.019559  0.000003
11.039558  -0.000131
11.059558  -0.000064
11.079557  -0.000131
11.099556  -0.000131
11.119555  -0.000197
11.139554  -0.000064
11.159554  -0.000197
11.179553  -0.000064
11.199552  -0.000064
11.219551  -0.000064
11.239550  -0.000131
11.259550  -0.000197
11.279549  0.000003
11.299548  0.000136
11.319547  -0.000064
11.339546  -0.000064
11.359546  0.000069
11.379545  -0.000131
11.399544  -0.000064
11.419543  -0.000064
11.439542  0.000003
11.459542  0.000003
11.479541  0.000069
11.499540  -0.000197
11.519539  0.000136
11.539538  0.000003
11.559538  0.000003
11.579537  -0.000064
11.599536  0.000003
11.619535  -0.000197
11.639534  -0.000064
11.659534  0.000069
11.679533  0.000069
11.699532  -0.000064
11.719531  0.000003
11.739530  -0.000064
11.759530  0.000003
11.779529  0.000003
11.799528  -0.000131
11.819527  -0.000197
11.839526  0.000069
11.859526  0.000003
11.879525  0.000136
11.899524  -0.000064
11.919523  0.000003
11.939522  -0.000064
11.959522  0.000069
11.979521  -0.000064
11.999520  0.000069
12.019519  0.000003
12.039518  0.000069
12.059518  -0.000064
12.079517  0.000003
12.099516  0.000069
12.119515  -0.000064
12.139514  -0.000064
12.159514  0.000003
12.179513  0.000003
12.199512  -0.000131
12.219511  -0.000197
12.239510  -0.000131
12.259510  -0.000131
12.279509  -0.000064
12.299508  -0.000464
12.319507  -0.000197
12.339506  0.000069
12.359506  -0.000064
12.379505  0.000003
12.399504  -0.000064
12.419503  -0.000064
12.439502  -0.000064
12.459502  -0.000131
12.479501  -0.000064
12.499500  0.000136
12.519499  0.000003
12.539498  -0.000064
12.559498  0.000069
12.579497  -0.000064
12.599496  0.000003
12.619495  -0.000131
12.639494  0.000003
12.659494  -0.000064
12.679493  -0.000131
12.699492  0.000003
12.719491  -0.000064
12.739490  -0.000064
12.759490  0.000003
12.779489  0.000003
12.799488  -0.000197
12.819487  -0.000331
12.839486  0.000069
12.859486  -0.000064
12.879485  0.000003
12.899484  -0.000064
12.919483  0.000003
12.939482  0.000003
12.959482  -0.000064
12.979481  0.000003
12.999480  0.000003
13.019479  -0.000197
13.039478  0.000069
13.059478  0.000069
13.079477  0.000069
13.099476  0.000069
13.119475  0.000069
13.139474  0.000069
13.159474  -0.000064
13.179473  -0.000131
13.199472  0.000136
13.219471  0.000003
13.239470  0.000270
13.259470  -0.000131
13.279469  0.000069
13.299468  -0.000064
13.319467  0.000003
13.339466  -0.000264
13.359466  0.000003
13.379465  0.000136
13.399464  0.000003
13.419463  -0.000064
13.439462  -0.000064
13.459462  -0.000064
13.479461  0.000203
13.499460  -0.000064
13.519459  -0.000131
13.539458  0.000003
13.559458  0.000003
13.579457  0.000003
13.599456  -0.000064
13.619455  0.000069
13.639454  -0.000197
13.659454  0.000003
13.679453  0.000136
13.699452  -0.000064
13.719451  -0.000197
13.739450  0.000136
13.759450  0.000003
13.779449  -0.000064
13.799448  0.000003
13.819447  -0.000197
13.839446  0.000069
13.859446  0.000069
13.879445  0.000003
13.899444  0.000003
13.919443  -0.000264
13.939442  -0.000131
13.959442  -0.000131
13.979441  0.000136
13.999440  -0.000197
14.019439  -0.000064
14.039438  0.000003
14.059438  0.000069
14.079437  -0.000064
14.099436  -0.000064
14.119435  0.000069
14.139434  0.000136
14.159434  0.000003
14.179433  -0.000064
14.199432  -0.000064
14.219431  0.000003
14.239430  0.000003
14.259430  -0.000064
14.279429  0.000003
14.299428  -0.000131
14.319427  -0.000531
14.339426  -0.000064
14.359426  0.000069
14.379425  -0.000064
14.399424  0.000136
14.419423  -0.000064
14.439422  -0.000064
14.459422  -0.000064
14.479421  0.000203
14.499420  0.000069
14.519419  -0.000131
14.539418  -0.000064
14.559418  0.000003
14.579417  -0.000131
14.599416  -0.000064
14.619415  0.000136
14.639414  -0.000131
14.659414  -0.000131
14.679413  0.000270
14.699412  -0.000064
14.719411  0.000003
14.739410  -0.000064
14.759410  -0.000064
14.779409  0.000270
14.799408  -0.000064
14.819407  0.000003
14.839406  -0.000064
14.859406  -0.000131
14.879405  0.000069
14.899404  0.000069
14.919403  -0.000064
14.939402  -0.000131
14.959402  0.000069
14.979401  0.000203
14.999400  0.000136
15.019399  0.000003
15.039398  -0.000197
15.059398  0.000003
15.079397  0.000069
15.099396  0.000003
15.119395  0.000003
15.139394  -0.000064
15.159394  0.000069
15.179393  -0.000064
15.199392  -0.000131
15.219391  0.000136
15.239390  -0.000331
15.259390  0.000069
15.279389  0.000003
15.299388  0.000069
15.319387  -0.000064
15.339386  -0.000064
15.359386  0.000069
15.379385  -0.000064
15.399384  -0.000064
15.419383  0.000003
15.439382  -0.000131
15.459382  0.000003
15.479381  0.000203
15.499380  0.000270
15.519379  -0.000131
15.539378  0.000003
15.559378  0.000003
15.579377  0.000136
15.599376  0.000203
15.619375  -0.000064
15.639374  0.000203
15.659374  -0.000064
15.679373  -0.000064
15.699372  -0.000064
15.719371  0.000003
15.739370  0.000003
15.759370  -0.000131
15.779369  -0.000064
15.799368  -0.000131
15.819367  0.000270
15.839366  -0.000064
15.859366  -0.000064
15.879365  -0.000064
15.899364  -0.000064
15.919363  0.000203
15.939362  0.000069
15.959362  0.000003
15.979361  0.000069
15.999360  0.000003
16.019359  -0.000197
16.039358  0.000003
16.059358  -0.000197
16.079357  -0.000064
16.099356  0.000003
16.119355  -0.000197
16.139354  0.000069
16.159354  0.000003
16.179353  -0.000064
16.199352  0.000003
16.219351  0.000003
16.239350  0.000069
16.259350  0.000003
16.279349  -0.000131
16.299348  0.000003
16.319347  -0.000064
16.339346  0.000203
16.359346  0.000003
16.379345  -0.000331
16.399344  0.000136
16.419343  0.000003
16.439342  0.000069
16.459342  0.000069
16.479341  -0.000064
16.499340  -0.000064
16.519339  0.000203
16.539338  0.000069
16.559338  -0.000131
16.579337  -0.000064
16.599336  -0.000064
16.619335  0.000136
16.639334  0.000003
16.659334  -0.000064
16.679333  -0.000131
16.699332  0.000069
16.719331  0.000003
16.739330  -0.000064
16.759330  -0.000131
16.779329  -0.000064
16.799328  -0.000131
16.819327  -0.000064
16.839326  0.000003
16.859326  -0.000131
16.879325  -0.000064
16.899324  0.000069
16.919323  0.000069
16.939322  0.000069
16.959322  -0.000064
16.979321  -0.000064
16.999320  0.000203
17.019319  -0.000064
17.039318  -0.000264
17.059318  -0.000131
17.079317  0.000069
17.099316  0.000270
17.119315  0.000136
17.139314  -0.000197
17.159314  0.000069
17.179313  0.000003
17.199312  0.000003
17.219311  0.000003
17.239310  -0.000131
17.259310  0.000069
17.279309  0.000069
17.299308  0.000003
17.319307  0.000069
17.339306  -0.000197
17.359306  -0.000197
17.379305  0.000003
17.399304  0.000203
17.419303  -0.000131
17.439302  -0.000131
17.459302  -0.000197
17.479301  -0.000064
17.499300  0.000069
17.519299  -0.000131
17.539298  -0.000131
17.559298  0.000136
17.579297  0.000003
17.599296  -0.000064
17.619295  -0.000131
17.639294  -0.000064
17.659294  0.000003
17.679293  0.000136
17.699292  0.000003
17.719291  0.000003
17.739290  -0.000131
17.759290  0.000003
17.779289  0.000136
17.799288  -0.000131
17.819287  -0.000131
17.839286  -0.000064
17.859286  0.000003
17.879285  -0.000064
17.899284  -0.000064
17.919283  -0.000264
17.939282  0.000003
17.959282  0.000003
17.979281  -0.000064
17.999280  -0.000064
18.019279  0.000069
18.039278  0.000069
18.059278  0.000003
18.079277  0.000003
18.099276  -0.000131
18.119275  -0.000131
18.139274  0.000203
18.159274  0.000003
18.179273  0.000069
18.199272  -0.000064
18.219271  -0.000064
18.239270  0.000069
18.259270  0.000136
18.279269  0.000069
18.299268  0.000003
18.319267  -0.000264
18.339266  0.000069
18.359266  -0.000064
18.379265  -0.000464
18.399264  -0.000264
18.419263  -0.000064
18.439262  0.000203
18.459262  -0.000064
18.479261  0.000003
18.499260  -0.000064
18.519259  0.000003
18.539258  0.000069
18.559258  0.000003
18.579257  -0.000264
18.599256  -0.000064
18.619255  -0.000064
18.639254  0.000069
18.659254  -0.000197
18.679253  -0.000064
18.699252  0.000069
18.719251  -0.000064
18.739250  -0.000197
18.759250  -0.000197
18.779249  -0.000197
18.799248  0.000136
18.819247  0.000136
18.839246  0.000003
18.859246  0.000003
18.879245  -0.000131
18.899244  0.000003
18.919243  0.000136
18.939242  -0.000064
18.959242  -0.000131
18.979241  0.000136
18.999240  0.000003
19.019239  0.000136
19.039238  -0.000197
19.059238  -0.000064
19.079237  -0.000131
19.099236  0.000136
19.119235  0.000203
19.139234  0.000069
19.159234  -0.000264
19.179233  0.000003
19.199232  0.000069
19.219231  0.000003
19.239230  -0.000064
19.259230  -0.000064
19.279229  -0.000064
19.299228  0.000136
19.319227  -0.000197
19.339226  -0.000131
19.359226  0.000069
19.379225  0.000003
19.399224  0.000003
19.419223  -0.000064
19.439222  -0.000064
19.459222  -0.000064
19.479221  -0.000264
19.499220  0.000069
19.519219  -0.000064
19.539218  -0.000064
19.559218  -0.000131
19.579217  0.000003
19.599216  0.000069
19.619215  0.000003
19.639214  0.000003
19.659214  -0.000197
19.679213  0.000069
19.699212  -0.000197
19.719211  0.000003
19.739210  -0.000131
19.759210  -0.000064
19.779209  0.000069
19.799208  0.000003
19.819207  -0.000064
19.839206  0.000270
19.859206  0.000003
19.879205  0.000003
19.899204  -0.000064
19.919203  -0.000131
19.939202  0.000003
19.959202  0.000003
19.979201  -0.000264
19.999200  0.000003
20.019199  -0.000064
20.039198  0.000069
20.059198  0.000003
20.079197  -0.000064
20.099196  0.000136
20.119195  0.000003
20.139194  0.000003
20.159194  -0.000064
20.179193  0.000069
20.199192  0.000136
20.219191  0.000003
20.239190  0.000003
20.259190  0.000136
20.279189  0.000003
20.299188  0.000069
20.319187  -0.000064
20.339186  -0.000131
20.359186  0.000003
20.379185  0.000003
20.399184  -0.000064
20.419183  0.000003
20.439182  -0.000064
20.459182  0.000136
20.479181  0.000003
20.499180  -0.000197
20.519179  -0.000197
20.539178  0.000003
20.559178  0.000203
20.579177  -0.000197
20.599176  0.000069
20.619175  -0.000064
20.639174  0.000069
20.659174  0.000136
20.679173  -0.000064
20.699172  0.000003
20.719171  0.000136
20.739170  0.000003
20.759170  0.000003
20.779169  -0.000131
20.799168  0.000069
20.819167  -0.000064
20.839166  -0.000064
20.859166  0.000003
20.879165  -0.000064
20.899164  -0.000197
20.919163  0.000069
20.939162  0.000003
20.959162  -0.000064
20.979161  -0.000064
20.999160  -0.000131
21.019159  0.000003
21.039158  -0.000064
21.059158  0.000069
21.079157  0.000136
21.099156  0.000069
21.119155  -0.000064
21.139154  0.000003
21.159154  -0.000197
21.179153  -0.000131
21.199152  0.000069
21.219151  -0.000064
21.239150  -0.000131
21.259150  0.000069
21.279149  -0.000064
21.299148  0.000003
21.319147  0.000069
21.339146  -0.000064
21.359146  0.000003
21.379145  0.000003
21.399144  0.000003
21.419143  -0.000064
21.439142  -0.000264
21.459142  0.000003
21.479141  0.000069
21.499140  -0.000197
21.519139  0.000003
21.539138  -0.000064
21.559138  -0.000064
21.579137  0.000003
21.599136  -0.000064
21.619135  0.000069
21.639134  0.000069
21.659134  -0.000064
21.679133  0.000003
21.699132  0.000069
21.719131  -0.000264
21.739130  -0.000131
21.759130  -0.000064
21.779129  0.000003
21.799128  -0.000064
21.819127  -0.000197
21.839126  -0.000064
21.859126  0.000069
21.879125  -0.000131
21.899124  0.000203
21.919123  0.000003
21.939122  0.000003
21.959122  0.000003
21.979121  0.000203
21.999120  0.000203
22.019119  0.000136
22.039118  -0.000131
22.059118  0.000069
22.079117  -0.000131
22.099116  0.000203
22.119115  0.000003
22.139114  0.000136
22.159114  -0.000131
22.179113  0.000203
22.199112  0.000003
22.219111  0.000069
22.239110  0.000069
22.259110  -0.000131
22.279109  0.000069
22.299108  -0.000064
22.319107  0.000069
22.339106  0.000003
22.359106  0.000069
22.379105  0.000069
22.399104  0.000003
22.419103  0.000003
22.439102  0.000003
22.459102  0.000136
22.479101  0.000003
22.499100  0.000003
22.519099  0.000136
22.539098  -0.000064
22.559098  0.000069
22.579097  -0.000197
22.599096  -0.000264
22.619095  -0.000064
22.639094  0.000003
22.659094  -0.000064
22.679093  0.000003
22.699092  -0.000064
22.719091  -0.000131
22.739090  -0.000197
22.759090  0.000003
22.779089  0.000069
22.799088  -0.000197
22.819087  -0.000197
22.839086  -0.000064
22.859086  0.000069
22.879085  -0.000197
22.899084  -0.000064
22.919083  -0.000064
22.939082  -0.000264
22.959082  0.000003
22.979081  0.000069
22.999080  0.000069
23.019079  0.000069
23.039078  0.000136
23.059078  0.000003
23.079077  -0.000197
23.099076  0.000069
23.119075  0.000003
23.139074  -0.000197
23.159074  -0.000131
23.179073  -0.000064
23.199072  0.000136
23.219071  0.000069
23.239070  -0.000197
23.259070  0.000069
23.279069  0.000069
23.299068  -0.000064
23.319067  0.000003
23.339066  -0.000064
23.359066  -0.000064
23.379065  -0.000064
23.399064  0.000069
23.419063  0.000003
23.439062  0.000003
23.459062  0.000003
23.479061  -0.000064
23.499060  -0.000131
23.519059  0.000003
23.539058  0.000136
23.559058  -0.000064
23.579057  0.000003
23.599056  -0.000064
23.619055  -0.000064
23.639054  0.000270
23.659054  -0.000064
23.679053  -0.000064
23.699052  0.000003
23.719051  0.000003
23.739050  -0.000064
23.759050  0.000069
23.779049  -0.000131
23.799048  0.000136
23.819047  0.000003
23.839046  0.000003
23.859046  0.000003
23.879045  -0.000064
23.899044  -0.000064
23.919043  -0.000064
23.939042  -0.000131
23.959042  -0.000064
23.979041  0.000069
23.999040  -0.000131
24.019039  -0.000064
24.039038  0.000003
24.059038  0.000203
24.079037  -0.000197
24.099036  0.000069
24.119035  0.000003
24.139034  0.000069
24.159034  0.000003
24.179033  0.000003
24.199032  0.000069
24.219031  0.000003
24.239030  -0.000197
24.259030  0.000203
24.279029  0.000003
24.299028  0.000003
24.319027  -0.000064
24.339026  0.000136
24.359026  0.000003
24.379025  0.000069
24.399024  0.000003
24.419023  -0.000064
24.439022  0.000003
24.459022  0.000003
24.479021  -0.000064
24.499020  0.000003
24.519019  -0.000064
24.539018  0.000003
24.559018  -0.000064
24.579017  0.000003
24.599016  0.000003
24.619015  0.000203
24.639014  -0.000264
24.659014  0.000136
24.679013  0.000003
24.699012  0.000003
24.719011  -0.000064
24.739010  0.000003
24.759010  0.000136
24.779009  -0.000131
24.799008  -0.000064
24.819007  0.000003
24.839006  0.000069
24.859006  -0.000131
24.879005  -0.000064
24.899004  0.000069
24.919003  -0.000197
24.939002  -0.000131
24.959002  0.000069
24.979001  -0.000064
24.999000  -0.000064
25.018999  0.000069
25.038998  -0.000131
25.058998  0.000003
25.078997  0.000069
25.098996  -0.000064
25.118995  0.000003
25.138994  -0.000197
25.158994  0.000003
25.178993  -0.000064
25.198992  -0.000197
25.218991  0.000069
25.238990  -0.000064
25.258990  -0.000064
25.278989  0.000069
25.298988  -0.000131
25.318987  -0.000064
25.338986  -0.000064
25.358986  0.000069
25.378985  -0.000264
25.398984  -0.000064
25.418983  -0.000197
25.438982  -0.000197
25.458982  -0.000064
25.478981  0.000003
25.498980  0.000069
25.518979  -0.000197
25.538978  0.000069
25.558978  -0.000064
25.578977  0.000003
25.598976  -0.000197
25.618975  -0.000064
25.638974  -0.000064
25.658974  -0.000064
25.678973  -0.000064
25.698972  0.000069
25.718971  0.000069
25.738970  0.000003
25.758970  0.000069
25.778969  -0.000064
25.798968  -0.000064
25.818967  0.000003
25.838966  -0.000064
25.858966  -0.000064
25.878965  0.000003
25.898964  0.000069
25.918963  0.000069
25.938962  0.000069
25.958962  -0.000064
25.978961  -0.000064
25.998960  0.000069
26.018959  -0.000064
26.038958  0.000003
26.058958  -0.000064
26.078957  -0.000197
26.098956  -0.000064
26.118955  -0.000197
26.138954  -0.000197
26.158954  0.000069
26.178953  -0.000197
26.198952  0.000003
26.218951  -0.000131
26.238950  0.000003
26.258950  0.000003
26.278949  -0.000064
26.298948  -0.000197
26.318947  -0.000064
26.338946  0.000003
26.358946  0.000203
26.378945  -0.000131
26.398944  0.000003
26.418943  -0.000064
26.438942  -0.000064
26.458942  0.000003
26.478941  -0.000197
26.498940  -0.000131
26.518939  -0.000264
26.538938  0.000069
26.558938  -0.000064
26.578937  0.000136
26.598936  -0.000064
26.618935  -0.000064
26.638934  -0.000131
26.658934  0.000069
26.678933  0.000003
26.698932  0.000069
26.718931  -0.000131
26.738930  0.000003
26.758930  -0.000197
26.778929  -0.000064
26.798928  -0.000131
26.818927  0.000003
26.838926  0.000069
26.858926  0.000069
26.878925  -0.000197
26.898924  -0.000197
26.918923  0.000003
26.938922  -0.000064
26.958922  -0.000131
26.978921  -0.000197
26.998920  0.000003
27.018919  -0.000064
27.038918  0.000003
27.058918  0.000069
27.078917  -0.000131
27.098916  -0.000064
27.118915  0.000069
27.138914  -0.000064
27.158914  -0.000131
27.178913  -0.000064
27.198912  -0.000131
27.218911  -0.000064
27.238910  0.000003
27.258910  -0.000064
27.278909  -0.000064
27.298908  0.000003
27.318907  0.000069
27.338906  0.000003
27.358906  -0.000064
27.378905  0.000069
27.398904  0.000003
27.418903  0.000003
27.438902  0.000003
27.458902  0.000003
27.478901  -0.000064
27.498900  0.000003
27.518899  0.000069
27.538898  -0.000064
27.558898  -0.000064
27.578897  -0.000064
27.598896  0.000136
27.618895  0.000069
27.638894  -0.000064
27.658894  -0.000131
27.678893  0.000003
27.698892  -0.000131
27.718891  0.000003
27.738890  -0.000131
27.758890  -0.000131
27.778889  0.000069
27.798888  0.000069
27.818887  -0.000197
27.838886  -0.000064
27.858886  0.000069
27.878885  0.000069
27.898884  0.000069
27.918883  0.000136
27.938882  0.000003
27.958882  -0.000064
27.978881  0.000003
27.998880  0.000069
28.018879  -0.000197
28.038878  0.000003
28.058878  -0.000064
28.078877  0.000136
28.098876  0.000069
28.118875  0.000003
28.138874  0.000069
28.158874  0.000069
28.178873  -0.000064
28.198872  -0.000131
28.218871  -0.000197
28.238870  -0.000264
28.258870  0.000069
28.278869  0.000069
28.298868  0.000003
28.318867  0.000003
28.338866  -0.000064
28.358866  0.000136
28.378865  0.000003
28.398864  -0.000197
28.418863  -0.000064
28.438862  -0.000064
28.458862  0.000003
28.478861  0.000069
28.498860  -0.000264
28.518859  -0.000197
28.538858  0.000003
28.558858  -0.000331
28.578857  0.000003
28.598856  -0.000131
28.618855  -0.000064
28.638854  0.000069
28.658854  -0.000197
28.678853  0.000136
28.698852  -0.000131
28.718851  -0.000064
28.738850  0.000003
28.758850  0.000069
28.778849  0.000003
28.798848  -0.000064
28.818847  0.000003
28.838846  0.000069
28.858846  0.000069
28.878845  -0.000064
28.898844  0.000003
28.918843  0.000203
28.938842  0.000003
28.958842  0.000069
28.978841  -0.000197
28.998840  0.000003
29.018839  0.000136
29.038838  0.000003
29.058838  -0.000064
29.078837  0.000136
29.098836  0.000003
29.118835  0.000003
29.138834  0.000069
29.158834  0.000003
29.178833  0.000003
29.198832  -0.000064
29.218831  -0.000064
29.238830  0.000003
29.258830  0.000069
29.278829  -0.000131
29.298828  0.000003
29.318827  0.000136
29.338826  -0.000131
29.358826  0.000003
29.378825  -0.000064
29.398824  0.000003
29.418823  0.000136
29.438822  0.000069
29.458822  0.000069
29.478821  -0.000464
29.498820  0.000136
29.518819  -0.000064
29.538818  0.000003
29.558818  0.000003
29.578817  -0.000064
29.598816  0.000069
29.618815  0.000003
29.638814  -0.000197
29.658814  -0.000131
29.678813  0.000003
29.698812  0.000069
29.718811  0.000003
29.738810  -0.000197
29.758810  -0.000064
29.778809  0.000003
29.798808  0.000003
29.818807  -0.000064
29.838806  -0.000064
29.858806  -0.000131
29.878805  -0.000064
29.898804  0.000136
29.918803  -0.000197
29.938802  -0.000064
29.958802  0.000003
29.978801  0.000136
29.998800  -0.000064
30.018799  -0.000064
30.038798  0.000069
30.058798  0.000069
30.078797  0.000003
30.098796  -0.000064
30.118795  0.000003
30.138794  -0.000064
30.158794  0.000069
30.178793  0.000003
30.198792  0.000003
30.218791  -0.000131
30.238790  -0.000064
30.258790  -0.000064
30.278789  0.000069
30.298788  -0.000131
30.318787  -0.000197
30.338786  -0.000064
30.358786  0.000069
30.378785  -0.000064
30.398784  -0.000264
30.418783  -0.000064
30.438782  0.000003
30.458782  -0.000064
30.478781  -0.000064
30.498780  0.000003
30.518779  -0.000064
30.538778  -0.000197
30.558778  0.000003
30.578777  0.000003
30.598776  -0.000064
30.618775  -0.000264
30.638774  -0.000064
30.658774  0.000003
30.678773  -0.000264
30.698772  -0.000064
30.718771  0.000003
30.738770  0.000069
30.758770  0.000003
30.778769  0.000136
30.798768  0.000069
30.818767  -0.000064
30.838766  0.000003
30.858766  0.000136
30.878765  0.000003
30.898764  0.000003
30.918763  0.000069
30.938762  -0.000197
30.958762  -0.000064
30.978761  -0.000131
30.998760  -0.000131
31.018759  -0.000197
31.038758  0.000069
31.058758  0.000136
31.078757  0.000136
31.098756  0.000003
31.118755  -0.000064
31.138754  0.000003
31.158754  -0.000131
31.178753  0.000003
31.198752  -0.000064
31.218751  -0.000064
31.238750  0.000069
31.258750  -0.000064
31.278749  -0.000131
31.298748  0.000003
31.318747  0.000003
31.338746  0.000069
31.358746  0.000003
31.378745  -0.000264
31.398744  0.000003
31.418743  -0.000131
31.438742  -0.000064
31.458742  0.000003
31.478741  -0.000131
31.498740  0.000003
31.518739  0.000003
31.538738  -0.000331
31.558738  -0.000131
31.578737  0.000003
31.598736  0.000203
31.618735  -0.000064
31.638734  0.000003
31.658734  -0.000131
31.678733  0.000069
31.698732  -0.000131
31.718731  0.000136
31.738730  0.000003
31.758730  -0.000197
31.778729  0.000069
31.798728  0.000003
31.818727  0.000069
31.838726  -0.000064
31.858726  -0.000064
31.878725  0.000003
31.898724  0.000003
31.918723  0.000203
31.938722  0.000069
31.958722  -0.000064
31.978721  0.000003
31.998720  0.000069
32.018719  0.000003
32.038718  0.000003
32.058718  0.000003
32.078717  -0.000064
32.098716  -0.000064
32.118715  -0.000131
32.138714  0.000003
32.158714  -0.000264
32.178713  -0.000064
32.198712  -0.000197
32.218711  -0.000064
32.238710  -0.000131
32.258710  0.000069
32.278709  0.000003
32.298708  -0.000064
32.318707  0.000003
32.338706  0.000003
32.358706  -0.000131
32.378705  -0.000064
32.398704  0.000003
32.418703  -0.000064
32.438702  0.000003
32.458702  0.000069
32.478701  0.000069
32.498700  0.000136
32.518699  0.000003
32.538698  0.000003
32.558698  -0.000064
32.578697  0.000003
32.598696  -0.000398
32.618695  -0.000131
32.638694  0.000003
32.658694  -0.000064
32.678693  -0.000064
32.698692  -0.000064
32.718691  0.000069
32.738690  -0.000064
32.758690  0.000203
32.778689  -0.000064
32.798688  -0.000064
32.818687  0.000069
32.838686  0.000069
32.858686  0.000003
32.878685  0.000003
32.898684  -0.000064
32.918683  -0.000064
32.938682  0.000003
32.958682  0.000069
32.978681  -0.000064
32.998680  0.000003
33.018679  -0.000197
33.038678  -0.000064
33.058678  0.000003
33.078677  -0.000064
33.098676  -0.000131
33.118675  0.000003
33.138674  0.000003
33.158674  0.000069
33.178673  0.000003
33.198672  -0.000131
33.218671  -0.000197
33.238670  -0.000064
33.258670  0.000069
33.278669  0.000003
33.298668  0.000136
33.318667  0.000003
33.338666  -0.000064
33.358666  -0.000131
33.378665  0.000003
33.398664  -0.000197
33.418663  0.000003
33.438662  -0.000131
33.458662  0.000003
33.478661  -0.000264
33.498660  -0.000064
33.518659  0.000069
33.538658  0.000003
33.558658  0.000003
33.578657  0.000003
33.598656  0.000069
33.618655  -0.000064
33.638654  -0.000064
33.658654  -0.000131
33.678653  -0.000131
33.698652  0.000203
33.718651  0.000069
33.738650  -0.000131
33.758650  -0.000064
33.778649  -0.000064
33.798648  -0.000197
33.818647  0.000069
33.838646  -0.000064
33.858646  -0.000197
33.878645  0.000003
33.898644  0.000069
33.918643  -0.000064
33.938642  -0.000064
33.958642  0.000003
33.978641  -0.000197
33.998640  -0.000131
34.018639  -0.000197
34.038638  0.000003
34.058638  0.000003
34.078637  -0.000264
34.098636  0.000003
34.118635  0.000003
34.138634  0.000069
34.158634  0.000003
34.178633  -0.000064
34.198632  0.000003
34.218631  0.000003
34.238630  -0.000064
34.258630  -0.000064
34.278629  0.000003
34.298628  0.000003
34.318627  -0.000064
34.338626  -0.000064
34.358626  0.000003
34.378625  0.000136
34.398624  -0.000064
34.418623  0.000003
34.438622  -0.000131
34.458622  0.000069
34.478621  0.000069
34.498620  0.000003
34.518619  -0.000064
34.538618  -0.000064
34.558618  0.000003
34.578617  0.000136
34.598616  0.000003
34.618615  -0.000197
34.638614  -0.000064
34.658614  0.000203
34.678613  0.000003
34.698612  0.000136
34.718611  0.000003
34.738610  0.000003
34.758610  -0.000064
34.778609  0.000003
34.798608  -0.000064
34.818607  0.000003
34.838606  -0.000064
34.858606  0.000003
34.878605  -0.000064
34.898604  -0.000264
34.918603  0.000003
34.938602  -0.000064
34.958602  -0.000131
34.978601  0.000003
34.998600  -0.000064
35.018599  -0.000064
35.038598  0.000136
35.058598  -0.000064
35.078597  0.000069
35.098596  0.000003
35.118595  -0.000197
35.138594  -0.000064
35.158594  0.000069
35.178593  0.000003
35.198592  0.000069
35.218591  0.000003
35.238590  -0.000064
35.258590  -0.000064
35.278589  -0.000064
35.298588  -0.000131
35.318587  0.000003
35.338586  -0.000064
35.358586  0.000003
35.378585  0.000136
35.398584  -0.000131
35.418583  0.000003
35.438582  -0.000064
35.458582  0.000003
35.478581  -0.000131
35.498580  -0.000197
35.518579  0.000003
35.538578  -0.000064
35.558578  0.000069
35.578577  -0.000331
35.598576  -0.000131
35.618575  0.000069
35.638574  -0.000131
35.658574  0.000069
35.678573  0.000003
35.698572  -0.000064
35.718571  -0.000197
35.738570  -0.000064
35.758570  0.000003
35.778569  -0.000064
35.798568  -0.000131
35.818567  -0.000131
35.838566  0.000069
35.858566  0.000069
35.878565  -0.000131
35.898564  0.000003
35.918563  0.000003
35.938562  0.000003
35.958562  0.000003
35.978561  -0.000064
35.998560  -0.000131
36.018559  0.000069
36.038558  -0.000197
36.058558  0.000003
36.078557  0.000069
36.098556  0.000003
36.118555  0.000203
36.138554  0.000136
36.158554  -0.000131
36.178553  -0.000197
36.198552  0.000003
36.218551  -0.000197
36.238550  0.000069
36.258550  -0.000197
36.278549  0.000136
36.298548  0.000003
36.318547  0.000003
36.338546  -0.000131
36.358546  -0.000197
36.378545  0.000203
36.398544  0.000003
36.418543  -0.000064
36.438542  -0.000064
36.458542  -0.000131
36.478541  -0.000131
36.498540  0.000003
36.518539  0.000003
36.538538  -0.000264
36.558538  0.000136
36.578537  0.000003
36.598536  0.000069
36.618535  -0.000064
36.638534  -0.000197
36.658534  -0.000064
36.678533  0.000003
36.698532  0.000069
36.718531  -0.000064
36.738530  0.000003
36.758530  0.000069
36.778529  -0.000064
36.798528  0.000069
36.818527  -0.000197
36.838526  -0.000197
36.858526  0.000069
36.878525  -0.000064
36.898524  0.000003
36.918523  0.000203
36.938522  -0.000131
36.958522  0.000136
36.978521  0.000003
36.998520  0.000003
37.018519  -0.000064
37.038518  -0.000064
37.058518  0.000003
37.078517  0.000136
37.098516  -0.000131
37.118515  -0.000064
37.138514  -0.000131
37.158514  0.000069
37.178513  -0.000398
37.198512  -0.000197
37.218511  -0.000064
37.238510  0.000003
37.258510  0.000136
37.278509  -0.000064
37.298508  -0.000064
37.318507  0.000003
37.338506  -0.000131
37.358506  -0.000064
37.378505  -0.000064
37.398504  -0.000197
37.418503  0.000069
37.438502  0.000069
37.458502  0.000136
37.478501  0.000069
37.498500  -0.000197
37.518499  -0.000331
37.538498  0.000003
37.558498  0.000003
37.578497  -0.000197
37.598496  0.000003
37.618495  -0.000064
37.638494  -0.000064
37.658494  0.000069
37.678493  -0.000064
37.698492  0.000003
37.718491  0.000003
37.738490  0.000136
37.758490  0.000069
37.778489  -0.000331
37.798488  -0.000331
37.818487  0.000003
37.838486  0.000069
37.858486  -0.000131
37.878485  0.000003
37.898484  -0.000131
37.918483  0.000003
37.938482  0.000003
37.958482  0.000003
37.978481  -0.000131
37.998480  0.000069
38.018479  -0.000131
38.038478  0.000136
38.058478  -0.000064
38.078477  -0.000197
38.098476  0.000003
38.118475  0.000069
38.138474  -0.000064
38.158474  -0.000131
38.178473  0.000069
38.198472  -0.000064
38.218471  -0.000064
38.238470  0.000003
38.258470  -0.000131
38.278469  -0.000064
38.298468  0.000136
38.318467  0.000003
38.338466  0.000003
38.358466  -0.000131
38.378465  -0.000131
38.398464  -0.000064
38.418463  0.000003
38.438462  -0.000064
38.458462  0.000069
38.478461  0.000069
38.498460  0.000003
38.518459  -0.000064
38.538458  -0.000197
38.558458  0.000003
38.578457  0.000203
38.598456  0.000069
38.618455  -0.000064
38.638454  -0.000264
38.658454  -0.000131
38.678453  0.000003
38.698452  0.000003
38.718451  0.000003
38.738450  0.000069
38.758450  0.000003
38.778449  0.000003
38.798448  0.000069
38.818447  0.000003
38.838446  -0.000197
38.858446  -0.000064
38.878445  0.000003
38.898444  0.000003
38.918443  -0.000064
38.938442  -0.000197
38.958442  -0.000197
38.978441  -0.000064
38.998440  0.000136
39.018439  -0.000197
39.038438  0.000003
39.058438  -0.000064
39.078437  0.000069
39.098436  -0.000064
39.118435  -0.000064
39.138434  -0.000331
39.158434  0.000003
39.178433  0.000203
39.198432  -0.000064
39.218431  -0.000064
39.238430  -0.000264
39.258430  0.000003
39.278429  0.000136
39.298428  -0.000064
39.318427  -0.000264
39.338426  -0.000197
39.358426  0.000069
39.378425  0.000069
39.398424  0.000003
39.418423  -0.000264
39.438422  -0.000197
39.458422  0.000003
39.478421  0.000003
39.498420  -0.000131
39.518419  -0.000197
39.538418  0.000003
39.558418  0.000069
39.578417  -0.000064
39.598416  0.000069
39.618415  -0.000064
39.638414  0.000003
39.658414  0.000069
39.678413  0.000069
39.698412  -0.000197
39.718411  -0.000197
39.738410  0.000069
39.758410  0.000069
39.778409  0.000069
39.798408  -0.000264
39.818407  0.000069
39.838406  -0.000197
39.858406  0.000203
39.878405  -0.000131
39.898404  -0.000064
39.918403  0.000069
39.938402  0.000069
39.958402  0.000136
39.978401  0.000003
39.998400  -0.000131
40.018399  -0.000064
40.038398  0.000003
40.058398  -0.000064
40.078397  -0.000264
40.098396  -0.000197
40.118395  -0.000064
40.138394  0.000203
40.158394  0.000136
40.178393  -0.000064
40.198392  -0.000064
40.218391  0.000136
40.238390  0.000003
40.258390  0.000069
40.278389  0.000003
40.298388  -0.000064
40.318387  0.000003
40.338386  -0.000131
40.358386  -0.000331
40.378385  -0.000064
40.398384  -0.000064
40.418383  0.000069
40.438382  -0.000064
40.458382  0.000003
40.478381  0.000069
40.498380  -0.000064
40.518379  0.000203
40.538378  -0.000131
40.558378  0.000069
40.578377  -0.000064
40.598376  0.000069
40.618375  -0.000131
40.638374  0.000003
40.658374  -0.000064
40.678373  -0.000064
40.698372  -0.000197
40.718371  0.000003
40.738370  0.000003
40.758370  -0.000131
40.778369  -0.000197
40.798368  -0.000064
40.818367  0.000069
40.838366  0.000003
40.858366  -0.000064
40.878365  -0.000197
40.898364  0.000003
40.918363  0.000069
40.938362  0.000003
40.958362  -0.000064
40.978361  0.000136
40.998360  -0.000064
41.018359  0.000069
41.038358  -0.000398
41.058358  0.000069
41.078357  0.000003
41.098356  -0.000264
41.118355  0.000003
41.138354  0.000003
41.158354  -0.000064
41.178353  0.000069
41.198352  0.000069
41.218351  0.000003
41.238350  -0.000064
41.258350  0.000003
41.278349  0.000136
41.298348  -0.000264
41.318347  0.000003
41.338346  -0.000197
41.358346  0.000003
41.378345  0.000203
41.398344  0.000003
41.418343  -0.000064
41.438342  0.000136
41.458342  0.000003
41.478341  0.000069
41.498340  0.000003
41.518339  0.000069
41.538338  -0.000131
41.558338  0.000003
41.578337  0.000069
41.598336  0.000003
41.618335  0.000136
41.638334  -0.000064
41.658334  0.000069
41.678333  0.000003
41.698332  -0.000131
41.718331  -0.000064
41.738330  0.000003
41.758330  -0.000331
41.778329  0.000069
41.798328  -0.000064
41.818327  -0.000398
41.838326  -0.000064
41.858326  -0.000064
41.878325  0.000003
41.898324  0.000069
41.918323  -0.000064
41.938322  -0.000064
41.958322  -0.000197
41.978321  0.000003
41.998320  -0.000064
42.018319  0.000003
42.038318  0.000003
42.058318  0.000003
42.078317  0.000003
42.098316  0.000003
42.118315  -0.000064
42.138314  0.000069
42.158314  -0.000197
42.178313  -0.000398
42.198312  -0.000064
42.218311  0.000069
42.238310  -0.000064
42.258310  0.000003
42.278309  -0.000064
42.298308  0.000069
42.318307  0.000069
42.338306  0.000003
42.358306  -0.000064
42.378305  0.000136
42.398304  0.000003
42.418303  0.000069
42.438302  0.000069
42.458302  0.000069
42.478301  -0.000264
42.498300  -0.000064
42.518299  0.000069
42.538298  0.000069
42.558298  0.000136
42.578297  0.000069
42.598296  0.000069
42.618295  0.000003
42.638294  -0.000064
42.658294  0.000069
42.678293  -0.000197
42.698292  0.000003
42.718291  -0.000064
42.738290  -0.000064
42.758290  -0.000064
42.778289  -0.000131
42.798288  -0.000064
42.818287  -0.000064
42.838286  -0.000131
42.858286  0.000003
42.878285  -0.000197
42.898284  0.000003
42.918283  0.000069
42.938282  0.000003
42.958282  -0.000064
42.978281  -0.000064
42.998280  -0.000197
43.018279  0.000003
43.038278  0.000069
43.058278  -0.000264
43.078277  0.000003
43.098276  0.000003
43.118275  -0.000197
43.138274  0.000003
43.158274  0.000069
43.178273  0.000003
43.198272  -0.000064
43.218271  -0.000064
43.238270  -0.000064
43.258270  -0.000131
43.278269  0.000069
43.298268  0.000069
43.318267  -0.000064
43.338266  0.000003
43.358266  0.000003
43.378265  0.000003
43.398264  0.000069
43.418263  0.000069
43.438262  0.000069
43.458262  -0.000064
43.478261  0.000069
43.498260  -0.000064
43.518259  0.000003
43.538258  0.000003
43.558258  0.000003
43.578257  -0.000197
43.598256  -0.000064
43.618255  0.000136
43.638254  -0.000264
43.658254  0.000003
43.678253  0.000003
43.698252  -0.000064
43.718251  -0.000131
43.738250  0.000003
43.758250  -0.000131
43.778249  -0.000064
43.798248  -0.000064
43.818247  0.000003
43.838246  -0.000064
43.858246  0.000003
43.878245  -0.000131
43.898244  0.000136
43.918243  -0.000064
43.938242  -0.000131
43.958242  0.000136
43.978241  0.000003
43.998240  0.000069
44.018239  0.000003
44.038238  -0.000197
44.058238  -0.000064
44.078237  -0.000064
44.098236  -0.000064
44.118235  0.000069
44.138234  -0.000064
44.158234  -0.000131
44.178233  -0.000264
44.198232  -0.000064
44.218231  -0.000064
44.238230  -0.000064
44.258230  -0.000197
44.278229  -0.000064
44.298228  -0.000331
44.318227  0.000203
44.338226  -0.000064
44.358226  0.000003
44.378225  0.000003
44.398224  0.000003
44.418223  -0.000064
44.438222  -0.000131
44.458222  0.000003
44.478221  0.000136
44.498220  -0.000197
44.518219  -0.000064
44.538218  0.000003
44.558218  0.000203
44.578217  -0.000064
44.598216  -0.000064
44.618215  0.000003
44.638214  -0.000064
44.658214  0.000270
44.678213  0.000003
44.698212  0.000003
44.718211  -0.000064
44.738210  -0.000064
44.758210  0.000069
44.778209  0.000069
44.798208  0.000003
44.818207  0.000003
44.838206  0.000203
44.858206  0.000136
44.878205  0.000069
44.898204  -0.000197
44.918203  0.000003
44.938202  0.000003
44.958202  0.000069
44.978201  0.000069
44.998200  -0.000197
45.018199  0.000003
45.038198  0.000069
45.058198  -0.000064
45.078197  0.000203
45.098196  0.000203
45.118195  -0.000064
45.138194  0.000069
45.158194  -0.000064
45.178193  -0.000131
45.198192  0.000003
45.218191  -0.000064
45.238190  -0.000398
45.258190  0.000003
45.278189  0.000003
45.298188  0.000003
45.318187  -0.000131
45.338186  -0.000131
45.358186  0.000203
45.378185  -0.000197
45.398184  0.000003
45.418183  -0.000064
45.438182  -0.000064
45.458182  0.000069
45.478181  0.000003
45.498180  -0.000197
45.518179  0.000136
45.538178  0.000003
45.558178  -0.000264
45.578177  -0.000064
45.598176  -0.000064
45.618175  -0.000197
45.638174  0.000069
45.658174  -0.000064
45.678173  -0.000131
45.698172  -0.000064
45.718171  0.000003
45.738170  0.000136
45.758170  0.000003
45.778169  -0.000331
45.798168  0.000203
45.818167  -0.000064
45.838166  0.000069
45.858166  -0.000131
45.878165  -0.000064
45.898164  -0.000064
45.918163  0.000003
45.938162  0.000069
45.958162  -0.000064
45.978161  0.000003
45.998160  -0.000131
46.018159  0.000003
46.038158  0.000069
46.058158  0.000136
46.078157  0.000069
46.098156  -0.000064
46.118155  -0.000064
46.138154  -0.000064
46.158154  0.000003
46.178153  -0.000064
46.198152  -0.000197
46.218151  0.000003
46.238150  0.000069
46.258150  0.000069
46.278149  0.000003
46.298148  0.000003
46.318147  -0.000131
46.338146  0.000069
46.358146  -0.000064
46.378145  0.000069
46.398144  -0.000131
46.418143  -0.000064
46.438142  -0.000064
46.458142  -0.000064
46.478141  -0.000064
46.498140  0.000136
46.518139  0.000003
46.538138  0.000069
46.558138  0.000003
46.578137  -0.000064
46.598136  0.000003
46.618135  0.000069
46.638134  -0.000064
46.658134  -0.000064
46.678133  -0.000064
46.698132  0.000003
46.718131  0.000003
46.738130  0.000069
46.758130  -0.000064
46.778129  0.000003
46.798128  0.000203
46.818127  0.000270
46.838126  -0.000064
46.858126  -0.000064
46.878125  0.000003
46.898124  0.000003
46.918123  0.000003
46.938122  -0.000064
46.958122  -0.000197
46.978121  -0.000131
46.998120  0.000069
47.018119  -0.000064
47.038118  -0.000064
47.058118  0.000136
47.078117  0.000136
47.098116  0.000069
47.118115  -0.000131
47.138114  -0.000064
47.158114  0.000003
47.178113  -0.000064
47.198112  0.000069
47.218111  -0.000064
47.238110  -0.000064
47.258110  -0.000064
47.278109  0.000069
47.298108  -0.000131
47.318107  -0.000064
47.338106  0.000003
47.358106  0.000069
47.378105  -0.000064
47.398104  -0.000131
47.418103  -0.000197
47.438102  -0.000197
47.458102  0.000136
47.478101  0.000069
47.498100  0.000069
47.518099  -0.000131
47.538098  0.000136
47.558098  0.000069
47.578097  0.000003
47.598096  -0.000131
47.618095  0.000003
47.638094  0.000069
47.658094  0.000003
47.678093  0.000069
47.698092  0.000069
47.718091  0.000003
47.738090  -0.000064
47.758090  0.000069
47.778089  0.000069
47.798088  -0.000197
47.818087  0.000069
47.838086  -0.000131
47.858086  -0.000064
47.878085  -0.000197
47.898084  0.000003
47.918083  -0.000131
47.938082  0.000003
47.958082  0.000003
47.978081  0.000069
47.998080  -0.000064
48.018079  0.000003
48.038078  0.000003
48.058078  0.000003
48.078077  0.000003
48.098076  -0.000131
48.118075  -0.000064
48.138074  0.000069
48.158074  0.000069
48.178073  0.000069
48.198072  -0.000197
48.218071  -0.000264
48.238070  0.000136
48.258070  0.000069
48.278069  0.000003
48.298068  -0.000131
48.318067  0.000336
48.338066  0.000203
48.358066  0.000003
48.378065  -0.000197
48.398064  0.000069
48.418063  -0.000264
48.438062  0.000136
48.458062  -0.000064
48.478061  -0.000131
48.498060  -0.000197
48.518059  0.000003
48.538058  0.000270
48.558058  0.000003
48.578057  -0.000131
48.598056  0.000069
48.618055  0.000069
48.638054  -0.000131
48.658054  0.000003
48.678053  -0.000064
48.698052  -0.000197
48.718051  0.000069
48.738050  -0.000197
48.758050  -0.000331
48.778049  0.000003
48.798048  0.000136
48.818047  -0.000064
48.838046  -0.000064
48.858046  0.000003
48.878045  0.000069
48.898044  0.000069
48.918043  -0.000064
48.938042  0.000069
48.958042  -0.000464
48.978041  -0.000064
48.998040  0.000136
49.018039  0.000003
49.038038  -0.000197
49.058038  0.000069
49.078037  -0.000064
49.098036  0.000136
49.118035  0.000003
49.138034  0.000003
49.158034  0.000003
49.178033  0.000003
49.198032  -0.000064
49.218031  0.000003
49.238030  0.000003
49.258030  0.000003
49.278029  0.000270
49.298028  0.000003
49.318027  -0.000197
49.338026  -0.000264
49.358026  -0.000064
49.378025  0.000203
49.398024  0.000203
49.418023  -0.000131
49.438022  -0.000197
49.458022  -0.000131
49.478021  0.000069
49.498020  -0.000131
49.518019  -0.000131
49.538018  -0.000197
49.558018  0.000069
49.578017  0.000003
49.598016  -0.000197
49.618015  -0.000131
49.638014  0.000003
49.658014  -0.000331
49.678013  0.000003
49.698012  0.000003
49.718011  -0.000064
49.738010  0.000203
49.758010  -0.000131
49.778009  -0.000197
49.798008  0.000003
49.818007  -0.000064
49.838006  -0.000064
49.858006  0.000003
49.878005  0.000069
49.898004  0.000003
49.918003  -0.000131
49.938002  0.000003
49.958002  -0.000197
49.978001  -0.000064
49.998000  -0.000131
50.017999  -0.000264
50.037998  -0.000131
50.057998  0.000003
50.077997  -0.000064
50.097996  -0.000064
50.117995  0.000069
50.137994  0.000069
50.157994  -0.000197
50.177993  0.000003
50.197992  -0.000064
50.217991  -0.000064
50.237990  0.000069
50.257990  0.000270
50.277989  -0.000197
50.297988  -0.000197
50.317987  0.000003
50.337986  0.000003
50.357986  0.000203
50.377985  0.000069
50.397984  0.000136
50.417983  0.000003
50.437982  -0.000064
50.457982  -0.000197
50.477981  -0.000131
50.497980  -0.000131
50.517979  -0.000131
50.537978  0.000003
50.557978  -0.000064
50.577977  -0.000064
50.597976  -0.000131
50.617975  0.000203
50.637974  0.000069
50.657974  -0.000064
50.677973  0.000069
50.697972  -0.000064
50.717971  -0.000131
50.737970  0.000003
50.757970  -0.000064
50.777969  -0.000197
50.797968  0.000069
50.817967  -0.000131
50.837966  0.000069
50.857966  0.000003
50.877965  0.000003
50.897964  0.000069
50.917963  0.000069
50.937962  0.000003
50.957962  0.000003
50.977961  -0.000064
50.997960  -0.000064
51.017959  -0.000064
51.037958  -0.000064
51.057958  -0.000064
51.077957  -0.000064
51.097956  -0.000064
51.117955  -0.000131
51.137954  0.000003
51.157954  0.000003
51.177953  0.000003
51.197952  -0.000131
51.217951  0.000203
51.237950  0.000069
51.257950  -0.000264
51.277949  -0.000064
51.297948  0.000136
51.317947  0.000069
51.337946  -0.000131
51.357946  -0.000197
51.377945  -0.000064
51.397944  -0.000131
51.417943  -0.000064
51.437942  0.000003
51.457942  -0.000064
51.477941  -0.000131
51.497940  0.000003
51.517939  0.000069
51.537938  -0.000064
51.557938  -0.000064
51.577937  -0.000064
51.597936  -0.000131
51.617935  0.000136
51.637934  0.000003
51.657934  -0.000064
51.677933  0.000069
51.697932  0.000003
51.717931  0.000069
51.737930  -0.000064
51.757930  0.000069
51.777929  -0.000064
51.797928  0.000069
51.817927  -0.000197
51.837926  0.000003
51.857926  -0.000264
51.877925  -0.000064
51.897924  -0.000064
51.917923  0.000203
51.937922  0.000069
51.957922  0.000069
51.977921  0.000003
51.997920  0.000003
52.017919  -0.000197
52.037918  0.000136
52.057918  0.000003
52.077917  -0.000197
52.097916  0.000136
52.117915  -0.000131
52.137914  -0.000197
52.157914  0.000136
52.177913  0.000136
52.197912  0.000003
52.217911  0.000003
52.237910  0.000203
52.257910  0.000069
52.277909  0.000136
52.297908  0.000069
52.317907  -0.000197
52.337906  0.000003
52.357906  0.000069
52.377905  0.000003
52.397904  -0.000064
52.417903  -0.000064
52.437902  -0.000064
52.457902  0.000003
52.477901  0.000003
52.497900  -0.000064
52.517899  0.000069
52.537898  0.000003
52.557898  0.000003
52.577897  0.000003
52.597896  0.000003
52.617895  0.000003
52.637894  0.000003
52.657894  0.000003
52.677893  0.000003
52.697892  0.000003
52.717891  0.000003
52.737890  -0.000064
52.757890  0.000003
52.777889  -0.000064
52.797888  -0.000197
52.817887  -0.000064
52.837886  -0.000064
52.857886  0.000003
52.877885  -0.000064
52.897884  -0.000064
52.917883  -0.000064
52.937882  -0.000064
52.957882  -0.000197
52.977881  0.000003
52.997880  0.000003
53.017879  0.000003
53.037878  0.000003
53.057878  -0.000131
53.077877  -0.000131
53.097876  0.000069
53.117875  -0.000064
53.137874  0.000003
53.157874  0.000069
53.177873  -0.000197
53.197872  -0.000131
53.217871  -0.000064
53.237870  0.000003
53.257870  -0.000197
53.277869  -0.000131
53.297868  0.000069
53.317867  0.000003
53.337866  0.000003
53.357866  -0.000197
53.377865  -0.000197
53.397864  0.000069
53.417863  0.000069
53.437862  0.000003
53.457862  0.000003
53.477861  0.000003
53.497860  -0.000064
53.517859  0.000069
53.537858  -0.000131
53.557858  -0.000131
53.577857  -0.000064
53.597856  0.000270
53.617855  0.000003
53.637854  -0.000131
53.657854  -0.000264
53.677853  -0.000197
53.697852  -0.000064
53.717851  -0.000264
53.737850  0.000003
53.757850  -0.000064
53.777849  0.000136
53.797848  0.000069
53.817847  -0.000197
53.837846  0.000003
53.857846  0.000069
53.877845  0.000003
53.897844  -0.000064
53.917843  -0.000064
53.937842  0.000069
53.957842  0.000003
53.977841  -0.000064
53.997840  -0.000131
54.017839  0.000136
54.037838  0.000069
54.057838  0.000069
54.077837  0.000003
54.097836  -0.000064
54.117835  -0.000197
54.137834  0.000136
54.157834  -0.000131
54.177833  0.000069
54.197832  0.000003
54.217831  -0.000064
54.237830  0.000069
54.257830  0.000136
54.277829  0.000136
54.297828  -0.000131
54.317827  -0.000064
54.337826  0.000069
54.357826  0.000003
54.377825  -0.000064
54.397824  0.000003
54.417823  0.000003
54.437822  0.000069
54.457822  0.000003
54.477821  -0.000064
54.497820  0.000203
54.517819  -0.000064
54.537818  -0.000064
54.557818  0.000069
54.577817  0.000069
54.597816  0.000003
54.617815  0.000003
54.637814  -0.000131
54.657814  -0.000197
54.677813  -0.000131
54.697812  0.000069
54.717811  0.000069
54.737810  0.000003
54.757810  0.000136
54.777809  -0.000064
54.797808  0.000136
54.817807  0.000003
54.837806  -0.000197
54.857806  0.000003
54.877805  0.000003
54.897804  -0.000064
54.917803  -0.000131
54.937802  0.000069
54.957802  -0.000197
54.977801  0.000003
54.997800  0.000069
55.017799  0.000069
55.037798  0.000069
55.057798  -0.000064
55.077797  -0.000197
55.097796  0.000003
55.117795  0.000003
55.137794  -0.000064
55.157794  0.000003
55.177793  -0.000064
55.197792  0.000003
55.217791  -0.000064
55.237790  -0.000064
55.257790  0.000003
55.277789  -0.000064
55.297788  0.000069
55.317787  -0.000064
55.337786  0.000003
55.357786  0.000003
55.377785  -0.000064
55.397784  -0.000064
55.417783  0.000003
55.437782  -0.000064
55.457782  -0.000064
55.477781  0.000003
55.497780  -0.000131
55.517779  0.000003
55.537778  0.000136
55.557778  -0.000197
55.577777  0.000136
55.597776  -0.000064
55.617775  0.000003
55.637774  0.000003
55.657774  -0.000064
55.677773  0.000203
55.697772  0.000069
55.717771  -0.000064
55.737770  -0.000197
55.757770  -0.000064
55.777769  0.000069
55.797768  -0.000064
55.817767  0.000003
55.837766  -0.000064
55.857766  -0.000064
55.877765  -0.000064
55.897764  0.000003
55.917763  0.000203
55.937762  0.000003
55.957762  -0.000131
55.977761  -0.000064
55.997760  -0.000064
56.017759  -0.000064
56.037758  -0.000064
56.057758  0.000003
56.077757  -0.000064
56.097756  0.000003
56.117755  0.000003
56.137754  -0.000064
56.157754  0.000003
56.177753  0.000136
56.197752  -0.000064
56.217751  -0.000064
56.237750  0.000069
56.257750  -0.000131
56.277749  0.000003
56.297748  -0.000197
56.317747  -0.000197
56.337746  0.000003
56.357746  0.000069
56.377745  0.000003
56.397744  0.000136
56.417743  -0.000064
56.437742  -0.000064
56.457742  -0.000064
56.477741  0.000136
56.497740  0.000069
56.517739  -0.000197
56.537738  -0.000197
56.557738  0.000069
56.577737  0.000270
56.597736  -0.000064
56.617735  -0.000331
56.637734  0.000069
56.657734  0.000136
56.677733  0.000069
56.697732  -0.000064
56.717731  -0.000064
56.737730  -0.000064
56.757730  -0.000197
56.777729  0.000203
56.797728  -0.000131
56.817727  -0.000197
56.837726  0.000136
56.857726  -0.000131
56.877725  0.000003
56.897724  -0.000064
56.917723  -0.000131
56.937722  0.000069
56.957722  0.000203
56.977721  0.000069
56.997720  -0.000197
57.017719  -0.000064
57.037718  0.000203
57.057718  0.000003
57.077717  -0.000131
57.097716  -0.000197
57.117715  -0.000131
57.137714  0.000136
57.157714  -0.000197
57.177713  -0.000264
57.197712  0.000003
57.217711  0.000069
57.237710  0.000069
57.257710  0.000003
57.277709  0.000003
57.297708  0.000136
57.317707  0.000136
57.337706  -0.000064
57.357706  -0.000264
57.377705  -0.000064
57.397704  -0.000064
57.417703  0.000069
57.437702  0.000069
57.457702  0.000003
57.477701  0.000003
57.497700  -0.000131
57.517699  -0.000064
57.537698  0.000003
57.557698  0.000003
57.577697  0.000003
57.597696  0.000069
57.617695  0.000003
57.637694  -0.000197
57.657694  -0.000197
57.677693  -0.000064
57.697692  -0.000064
57.717691  0.000003
57.737690  -0.000197
57.757690  -0.000331
57.777689  -0.000064
57.797688  0.000069
57.817687  -0.000197
57.837686  0.000003
57.857686  0.000069
57.877685  0.000003
57.897684  0.000003
57.917683  -0.000064
57.937682  -0.000398
57.957682  -0.000131
57.977681  -0.000064
57.997680  0.000003
58.017679  -0.000131
58.037678  -0.000264
58.057678  0.000003
58.077677  -0.000064
58.097676  -0.000064
58.117675  0.000003
58.137674  -0.000131
58.157674  0.000003
58.177673  0.000069
58.197672  0.000069
58.217671  -0.000197
58.237670  -0.000197
58.257670  0.000069
58.277669  0.000136
58.297668  0.000003
58.317667  -0.000064
58.337666  0.000003
58.357666  0.000203
58.377665  -0.000064
58.397664  0.000069
58.417663  -0.000064
58.437662  -0.000131
58.457662  0.000136
58.477661  0.000003
58.497660  -0.000064
58.517659  -0.000131
58.537658  -0.000197
58.557658  0.000069
58.577657  -0.000064
58.597656  -0.000264
58.617655  -0.000064
58.637654  0.000003
58.657654  0.000003
58.677653  0.000069
58.697652  -0.000064
58.717651  0.000003
58.737650  -0.000064
58.757650  0.000136
58.777649  0.000003
58.797648  0.000003
58.817647  0.000069
58.837646  -0.000064
58.857646  0.000003
58.877645  -0.000064
58.897644  -0.000131
58.917643  -0.000064
58.937642  0.000069
58.957642  0.000069
58.977641  -0.000064
58.997640  -0.000331
59.017639  -0.000197
59.037638  0.000069
59.057638  0.000069
59.077637  -0.000131
59.097636  -0.000131
59.117635  0.000003
59.137634  0.000069
59.157634  0.000069
59.177633  0.000003
59.197632  -0.000131
59.217631  0.000003
59.237630  0.000136
59.257630  -0.000131
59.277629  -0.000197
59.297628  0.000003
59.317627  -0.000197
59.337626  0.000003
59.357626  0.000003
59.377625  -0.000064
59.397624  -0.000064
59.417623  0.000069
59.437622  -0.000064
59.457622  -0.000064
59.477621  -0.000131
59.497620  -0.000197
59.517619  0.000003
59.537618  0.000003
59.557618  -0.000131
59.577617  0.000069
59.597616  0.000003
59.617615  0.000203
59.637614  0.000069
59.657614  -0.000064
59.677613  -0.000064
59.697612  0.000136
59.717611  0.000136
59.737610  -0.000131
59.757610  -0.000197
59.777609  0.000069
59.797608  -0.000064
59.817607  0.000270
59.837606  -0.000064
59.857606  -0.000064
59.877605  -0.000131
59.897604  -0.000064
59.917603  0.000069
59.937602  0.000003
59.957602  -0.000064
59.977601  0.000069
59.997600  0.000069
60.017599  0.000069
60.037598  0.000069
60.057598  -0.000064
60.077597  0.000003
60.097596  0.000270
60.117595  0.000069
60.137594  0.000003
60.157594  -0.000064
60.177593  -0.000131
60.197592  0.000069
60.217591  0.000003
60.237590  0.000003
60.257590  -0.000264
60.277589  0.000069
60.297588  -0.000064
60.317587  -0.000064
60.337586  -0.000197
60.357586  0.000069
60.377585  0.000003
60.397584  0.000069
60.417583  -0.000064
60.437582  0.000003
60.457582  0.000003
60.477581  -0.000131
60.497580  0.000203
60.517579  0.000003
60.537578  -0.000064
60.557578  -0.000197
60.577577  -0.000131
60.597576  0.000069
60.617575  0.000003
60.637574  -0.000064
60.657574  -0.000197
60.677573  0.000069
60.697572  0.000069
60.717571  0.000003
60.737570  0.000003
60.757570  0.000136
60.777569  0.000003
60.797568  0.000069
60.817567  -0.000064
60.837566  0.000003
60.857566  0.000069
60.877565  -0.000131
60.897564  -0.000064
60.917563  -0.000064
60.937562  0.000203
60.957562  -0.000064
60.977561  0.000136
60.997560  0.000003
61.017559  -0.000064
61.037558  -0.000131
61.057558  -0.000064
61.077557  0.000069
61.097556  -0.000064
61.117555  0.000003
61.137554  -0.000131
61.157554  -0.000064
61.177553  -0.000064
61.197552  -0.000064
61.217551  -0.000064
61.237550  0.000069
61.257550  -0.000064
61.277549  0.000069
61.297548  0.000003
61.317547  0.000069
61.337546  0.000003
61.357546  0.000069
61.377545  -0.000064
61.397544  0.000069
61.417543  0.000203
61.437542  0.000003
61.457542  -0.000064
61.477541  0.000069
61.497540  0.000003
61.517539  0.000270
61.537538  0.000069
61.557538  -0.000131
61.577537  0.000003
61.597536  -0.000064
61.617535  -0.000131
61.637534  -0.000064
61.657534  -0.000064
61.677533  0.000270
61.697532  0.000003
61.717531  0.000069
61.737530  0.000003
61.757530  0.000203
61.777529  -0.000064
61.797528  -0.000064
61.817527  -0.000064
61.837526  -0.000064
61.857526  0.000069
61.877525  0.000003
61.897524  0.000003
61.917523  -0.000197
61.937522  0.000003
61.957522  -0.000064
61.977521  -0.000064
61.997520  -0.000064
62.017519  0.000003
62.037518  -0.000064
62.057518  -0.000064
62.077517  -0.000064
62.097516  0.000003
62.117515  -0.000131
62.137514  -0.000064
62.157514  -0.000064
62.177513  -0.000264
62.197512  -0.000131
62.217511  0.000069
62.237510  -0.000064
62.257510  -0.000064
62.277509  -0.000131
62.297508  -0.000064
62.317507  0.000003
62.337506  -0.000131
62.357506  0.000003
62.377505  0.000069
62.397504  0.000003
62.417503  -0.000064
62.437502  -0.000197
62.457502  -0.000064
62.477501  -0.000197
62.497500  -0.000064
62.517499  0.000003
62.537499  0.000069
62.557498  0.000003
62.577497  0.000003
62.597496  0.000003
62.617495  -0.000131
62.637495  0.000003
62.657494  0.000136
62.677493  -0.000131
62.697492  0.000003
62.717491  0.000003
62.737491  0.000069
62.757490  0.000003
62.777489  -0.000131
62.797488  0.000069
62.817487  -0.000264
62.837487  -0.000064
62.857486  -0.000197
62.877485  -0.000064
62.897484  -0.000064
62.917483  0.000069
62.937483  -0.000131
62.957482  0.000069
62.977481  0.000003
62.997480  -0.000264
63.017479  -0.000064
63.037479  0.000069
63.057478  0.000003
63.077477  -0.000064
63.097476  0.000003
63.117475  -0.000064
63.137475  0.000069
63.157474  -0.000131
63.177473  -0.000064
63.197472  0.000203
63.217471  -0.000064
63.237471  -0.000064
63.257470  0.000003
63.277469  -0.000064
63.297468  0.000003
63.317467  0.000003
63.337467  0.000069
63.357466  0.000003
63.377465  0.000003
63.397464  0.000069
63.417463  0.000003
63.437463  -0.000264
63.457462  0.000069
63.477461  -0.000064
63.497460  0.000003
63.517459  -0.000064
63.537459  -0.000064
63.557458  0.000069
63.577457  0.000069
63.597456  -0.000197
63.617455  -0.000064
63.637455  0.000069
63.657454  0.000003
63.677453  0.000003
63.697452  0.000003
63.717451  -0.000131
63.737451  -0.000064
63.757450  -0.000264
63.777449  -0.000131
63.797448  0.000136
63.817447  0.000136
63.837447  -0.000064
63.857446  0.000136
63.877445  0.000003
63.897444  0.000336
63.917443  0.000003
63.937443  0.000069
63.957442  0.000069
63.977441  0.000003
63.997440  0.000003
64.017439  0.000069
64.037439  0.000003
64.057438  0.000003
64.077437  0.000069
64.097436  0.000136
64.117435  0.000069
64.137435  -0.000064
64.157434  -0.000131
64.177433  0.000003
64.197432  -0.000064
64.217431  -0.000064
64.237431  -0.000131
64.257430  0.000003
64.277429  0.000069
64.297428  0.000003
64.317427  0.000069
64.337427  -0.000197
64.357426  -0.000197
64.377425  -0.000064
64.397424  0.000069
64.417423  -0.000131
64.437423  -0.000064
64.457422  -0.000197
64.477421  0.000003
64.497420  -0.000064
64.517419  -0.000131
64.537419  -0.000131
64.557418  0.000003
64.577417  0.000003
64.597416  0.000136
64.617415  -0.000064
64.637415  -0.000064
64.657414  0.000136
64.677413  0.000003
64.697412  -0.000064
64.717411  -0.000064
64.737411  -0.000131
64.757410  -0.000131
64.777409  0.000003
64.797408  -0.000131
64.817407  0.000136
64.837407  -0.000064
64.857406  0.000003
64.877405  0.000069
64.897404  -0.000064
64.917403  0.000003
64.937403  0.000003
64.957402  -0.000197
64.977401  0.000136
64.997400  0.000203
65.017399  -0.000064
65.037399  0.000003
65.057398  -0.000064
65.077397  0.000069
65.097396  0.000069
65.117395  -0.000064
65.137395  0.000003
65.157394  -0.000131
65.177393  0.000003
65.197392  -0.000064
65.217391  0.000136
65.237391  0.000069
65.257390  0.000003
65.277389  -0.000064
65.297388  -0.000131
65.317387  0.000003
65.337387  -0.000131
65.357386  0.000069
65.377385  -0.000064
65.397384  0.000003
65.417383  -0.000064
65.437383  0.000069
65.457382  -0.000064
65.477381  0.000203
65.497380  0.000003
65.517379  0.000003
65.537379  0.000136
65.557378  -0.000064
65.577377  -0.000197
65.597376  -0.000264
65.617375  0.000003
65.637375  0.000069
65.657374  0.000203
65.677373  -0.000131
65.697372  0.000003
65.717371  0.000003
65.737371  -0.000064
65.757370  0.000069
65.777369  -0.000197
65.797368  0.000003
65.817367  0.000069
65.837367  -0.000131
65.857366  -0.000131
65.877365  -0.000197
65.897364  0.000003
65.917363  -0.000064
65.937363  -0.000197
65.957362  0.000003
65.977361  -0.000064
65.997360  -0.000064
66.017359  0.000069
66.037359  -0.000331
66.057358  -0.000064
66.077357  -0.000131
66.097356  -0.000064
66.117355  0.000136
66.137355  0.000003
66.157354  -0.000064
66.177353  0.000136
66.197352  -0.000064
66.217351  0.000003
66.237351  0.000003
66.257350  -0.000197
66.277349  0.000069
66.297348  0.000203
66.317347  0.000003
66.337347  -0.000064
66.357346  0.000136
66.377345  -0.000064
66.397344  0.000069
66.417343  -0.000064
66.437343  0.000003
66.457342  -0.000064
66.477341  -0.000264
66.497340  0.000136
66.517339  0.000136
66.537339  -0.000064
66.557338  -0.000064
66.577337  0.000069
66.597336  0.000069
66.617335  -0.000064
66.637335  -0.000197
66.657334  0.000003
66.677333  -0.000064
66.697332  0.000003
66.717331  0.000003
66.737331  0.000003
66.757330  -0.000064
66.777329  -0.000064
66.797328  -0.000197
66.817327  -0.000064
66.837327  0.000069
66.857326  -0.000064
66.877325  -0.000064
66.897324  -0.000131
66.917323  0.000069
66.937323  0.000003
66.957322  -0.000197
66.977321  0.000003
66.997320  0.000003
67.017319  0.000003
67.037319  0.000069
67.057318  0.000003
67.077317  -0.000131
67.097316  -0.000197
67.117315  0.000069
67.137315  -0.000064
67.157314  -0.000131
67.177313  -0.000064
67.197312  -0.000064
67.217311  0.000203
67.237311  0.000003
67.257310  0.000069
67.277309  0.000003
67.297308  -0.000064
67.317307  -0.000064
67.337307  0.000136
67.357306  -0.000064
67.377305  -0.000064
67.397304  -0.000264
67.417303  0.000003
67.437303  -0.000064
67.457302  0.000136
67.477301  -0.000064
67.497300  -0.000064
67.517299  -0.000064
67.537299  -0.000064
67.557298  0.000069
67.577297  -0.000131
67.597296  -0.000197
67.617295  -0.000064
67.637295  -0.000131
67.657294  0.000136
67.677293  -0.000064
67.697292  0.000069
67.717291  -0.000064
67.737291  0.000003
67.757290  0.000003
67.777289  -0.000064
67.797288  -0.000131
67.817287  0.000069
67.837287  0.000069
67.857286  0.000069
67.877285  -0.000131
67.897284  0.000069
67.917283  0.000136
67.937283  0.000003
67.957282  0.000003
67.977281  -0.000064
67.997280  -0.000264
68.017279  0.000003
68.037279  0.000003
68.057278  -0.000197
68.077277  0.000069
68.097276  -0.000264
68.117275  -0.000064
68.137275  0.000003
68.157274  -0.000197
68.177273  -0.000131
68.197272  0.000403
68.217271  -0.000064
68.237271  -0.000064
68.257270  -0.000064
68.277269  -0.000064
68.297268  0.000069
68.317267  0.000003
68.337267  0.000003
68.357266  -0.000131
68.377265  0.000003
68.397264  0.000003
68.417263  -0.000264
68.437263  -0.000197
68.457262  -0.000064
68.477261  0.000003
68.497260  -0.000264
68.517259  -0.000064
68.537259  -0.000064
68.557258  -0.000064
68.577257  0.000003
68.597256  0.000003
68.617255  0.000003
68.637255  0.000003
68.657254  0.000203
68.677253  0.000069
68.697252  0.000003
68.717251  -0.000131
68.737251  0.000069
68.757250  0.000069
68.777249  0.000003
68.797248  0.000069
68.817247  0.000003
68.837247  -0.000131
68.857246  0.000403
68.877245  0.000003
68.897244  0.000069
68.917243  -0.000264
68.937243  -0.000331
68.957242  0.000136
68.977241  -0.000064
68.997240  -0.000197
69.017239  0.000069
69.037239  -0.000197
69.057238  0.000003
69.077237  0.000069
69.097236  -0.000131
69.117235  0.000136
69.137235  -0.000064
69.157234  -0.000197
69.177233  0.000003
69.197232  0.000003
69.217231  -0.000064
69.237231  0.000069
69.257230  -0.000064
69.277229  0.000069
69.297228  -0.000064
69.317227  -0.000064
69.337227  0.000069
69.357226  0.000069
69.377225  0.000203
69.397224  -0.000197
69.417223  0.000003
69.437223  0.000136
69.457222  0.000270
69.477221  -0.000131
69.497220  -0.000131
69.517219  0.000003
69.537219  0.000003
69.557218  0.000003
69.577217  -0.000064
69.597216  -0.000064
69.617215  -0.000064
69.637215  0.000069
69.657214  0.000203
69.677213  0.000069
69.697212  0.000003
69.717211  0.000069
69.737211  0.000003
69.757210  -0.000064
69.777209  -0.000131
69.797208  -0.000131
69.817207  0.000069
69.837207  -0.000131
69.857206  -0.000064
69.877205  0.000069
69.897204  -0.000064
69.917203  0.000003
69.937203  0.000136
69.957202  -0.000131
69.977201  0.000136
69.997200  0.000136
70.017199  0.000136
70.037199  -0.000064
70.057198  -0.000264
70.077197  -0.000197
70.097196  0.000069
70.117195  0.000003
70.137195  0.000003
70.157194  -0.000131
70.177193  0.000270
70.197192  0.000069
70.217191  0.000069
70.237191  -0.000264
70.257190  -0.000064
70.277189  0.000003
70.297188  0.000003
70.317187  0.000136
70.337187  -0.000064
70.357186  -0.000064
70.377185  0.000069
70.397184  -0.000064
70.417183  -0.000064
70.437183  -0.000064
70.457182  -0.000064
70.477181  -0.000064
70.497180  0.000069
70.517179  -0.000064
70.537179  -0.000064
70.557178  -0.000131
70.577177  0.000003
70.597176  0.000069
70.617175  -0.000131
70.637175  0.000069
70.657174  -0.000131
70.677173  -0.000131
70.697172  -0.000131
70.717171  -0.000064
70.737171  -0.000064
70.757170  -0.000064
70.777169  -0.000064
70.797168  0.000003
70.817167  0.000069
70.837167  -0.000131
70.857166  0.000069
70.877165  0.000069
70.897164  -0.000064
70.917163  0.000003
70.937163  -0.000264
70.957162  -0.000064
70.977161  0.000003
70.997160  -0.000064
71.017159  0.000003
71.037159  0.000003
71.057158  0.000003
71.077157  0.000069
71.097156  -0.000131
71.117155  -0.000131
71.137155  -0.000064
71.157154  0.000069
71.177153  0.000003
71.197152  0.000136
71.217151  -0.000197
71.237151  -0.000064
71.257150  0.000069
71.277149  0.000069
71.297148  0.000003
71.317147  0.000003
71.337147  0.000136
71.357146  0.000003
71.377145  -0.000197
71.397144  -0.000197
71.417143  0.000003
71.437143  0.000270
71.457142  0.000003
71.477141  0.000003
71.497140  0.000003
71.517139  0.000203
71.537139  0.000069
71.557138  -0.000131
71.577137  -0.000131
71.597136  -0.000131
71.617135  0.000136
71.637135  -0.000064
71.657134  0.000203
71.677133  -0.000064
71.697132  0.000003
71.717131  0.000203
71.737131  0.000069
71.757130  0.000203
71.777129  -0.000131
71.797128  0.000069
71.817127  -0.000131
71.837127  0.000003
71.857126  -0.000197
71.877125  0.000069
71.897124  0.000003
71.917123  0.000069
71.937123  -0.000064
71.957122  -0.000064
71.977121  -0.000131
71.997120  -0.000064
72.017119  0.000003
72.037119  0.000003
72.057118  -0.000064
72.077117  -0.000064
72.097116  -0.000197
72.117115  0.000003
72.137115  -0.000197
72.157114  0.000003
72.177113  0.000136
72.197112  0.000003
72.217111  0.000003
72.237111  -0.000064
72.257110  0.000003
72.277109  0.000136
72.297108  -0.000064
72.317107  -0.000131
72.337107  -0.000064
72.357106  -0.000197
72.377105  0.000003
72.397104  0.000003
72.417103  -0.000064
72.437103  -0.000197
72.457102  0.000069
72.477101  -0.000064
72.497100  -0.000131
72.517099  0.000003
72.537099  0.000069
72.557098  -0.000064
72.577097  -0.000064
72.597096  0.000069
72.617095  0.000069
72.637095  0.000003
72.657094  -0.000064
72.677093  0.000003
72.697092  0.000069
72.717091  0.000003
72.737091  -0.000064
72.757090  -0.000197
72.777089  0.000069
72.797088  -0.000531
72.817087  -0.000064
72.837087  -0.000064
72.857086  -0.000064
72.877085  0.000069
72.897084  -0.000131
72.917083  0.000003
72.937083  -0.000131
72.957082  -0.000131
72.977081  0.000003
72.997080  0.000069
73.017079  0.000003
73.037079  -0.000131
73.057078  0.000136
73.077077  0.000069
73.097076  0.000136
73.117075  0.000069
73.137075  -0.000064
73.157074  0.000003
73.177073  -0.000064
73.197072  -0.000064
73.217071  -0.000197
73.237071  0.000136
73.257070  -0.000064
73.277069  0.000069
73.297068  -0.000064
73.317067  0.000003
73.337067  0.000003
73.357066  -0.000064
73.377065  -0.000197
73.397064  -0.000131
73.417063  -0.000131
73.437063  0.000069
73.457062  0.000203
73.477061  0.000003
73.497060  -0.000064
73.517059  0.000136
73.537059  -0.000197
73.557058  0.000069
73.577057  0.000069
73.597056  -0.000064
73.617055  -0.000064
73.637055  0.000003
73.657054  0.000003
73.677053  0.000003
73.697052  0.000003
73.717051  0.000069
73.737051  -0.000131
73.757050  0.000069
73.777049  -0.000064
73.797048  -0.000197
73.817047  -0.000064
73.837047  -0.000131
73.857046  -0.000064
73.877045  0.000003
73.897044  0.000003
73.917043  -0.000064
73.937043  0.000003
73.957042  0.000069
73.977041  -0.000064
73.997040  0.000003
74.017039  0.000069
74.037039  -0.000197
74.057038  -0.000064
74.077037  -0.000064
74.097036  0.000003
74.117035  0.000203
74.137035  0.000069
74.157034  0.000003
74.177033  0.000069
74.197032  -0.000064
74.217031  0.000136
74.237031  -0.000131
74.257030  0.000003
74.277029  0.000069
74.297028  -0.000064
74.317027  0.000003
74.337027  0.000003
74.357026  -0.000131
74.377025  0.000003
74.397024  -0.000064
74.417023  0.000136
74.437023  0.000003
74.457022  -0.000197
74.477021  0.000136
74.497020  -0.000197
74.517019  0.000069
74.537019  0.000069
74.557018  -0.000331
74.577017  -0.000197
74.597016  -0.000064
74.617015  0.000069
74.637015  0.000069
74.657014  -0.000197
74.677013  0.000203
74.697012  0.000069
74.717011  0.000136
74.737011  0.000069
74.757010  -0.000064
74.777009  0.000003
74.797008  0.000136
74.817007  -0.000331
74.837007  0.000270
74.857006  -0.000131
74.877005  0.000136
74.897004  -0.000197
74.917003  0.000003
74.937003  0.000003
74.957002  -0.000064
74.977001  0.000069
74.997000  -0.000064
75.016999  -0.000064
75.036999  -0.000197
75.056998  -0.000131
75.076997  -0.000064
75.096996  0.000336
75.116995  -0.000197
75.136995  -0.000197
75.156994  -0.000197
75.176993  0.000069
75.196992  -0.000197
75.216991  -0.000064
75.236991  -0.000064
75.256990  -0.000064
75.276989  0.000003
75.296988  0.000069
75.316987  -0.000064
75.336987  0.000003
75.356986  0.000069
75.376985  0.000003
75.396984  0.000069
75.416983  0.000136
75.436983  -0.000131
75.456982  -0.000131
75.476981  0.000069
75.496980  0.000003
75.516979  -0.000064
75.536979  0.000069
75.556978  -0.000064
75.576977  0.000003
75.596976  -0.000064
75.616975  -0.000264
75.636975  0.000003
75.656974  0.000003
75.676973  -0.000064
75.696972  0.000069
75.716971  -0.000131
75.736971  -0.000197
75.756970  0.000003
75.776969  0.000069
75.796968  0.000069
75.816967  -0.000064
75.836967  0.000069
75.856966  -0.000131
75.876965  0.000003
75.896964  -0.000064
75.916963  0.000003
75.936963  0.000069
75.956962  0.000136
75.976961  -0.000131
75.996960  -0.000064
76.016959  0.000136
76.036959  0.000003
76.056958  0.000069
76.076957  -0.000064
76.096956  0.000003
76.116955  -0.000131
76.136955  -0.000197
76.156954  -0.000064
76.176953  -0.000064
76.196952  0.000003
76.216951  0.000069
76.236951  0.000003
76.256950  0.000069
76.276949  -0.000197
76.296948  0.000003
76.316947  0.000069
76.336947  0.000069
76.356946  -0.000064
76.376945  0.000069
76.396944  0.000003
76.416943  0.000003
76.436943  0.000003
76.456942  -0.000264
76.476941  -0.000064
76.496940  0.000003
76.516939  -0.000131
76.536939  0.000003
76.556938  -0.000064
76.576937  -0.000131
76.596936  -0.000131
76.616935  0.000136
76.636935  -0.000197
76.656934  -0.000064
76.676933  -0.000064
76.696932  -0.000064
76.716931  -0.000064
76.736931  0.000136
76.756930  0.000003
76.776929  -0.000131
76.796928  -0.000064
76.816927  0.000069
76.836927  0.000069
76.856926  -0.000064
76.876925  -0.000064
76.896924  -0.000064
76.916923  -0.000131
76.936923  0.000003
76.956922  -0.000064
76.976921  -0.000131
76.996920  0.000136
77.016919  0.000003
77.036919  0.000003
77.056918  -0.000131
77.076917  0.000003
77.096916  0.000069
77.116915  0.000003
77.136915  -0.000131
77.156914  -0.000064
77.176913  0.000136
77.196912  0.000203
77.216911  0.000069
77.236911  -0.000131
77.256910  -0.000064
77.276909  0.000069
77.296908  -0.000064
77.316907  0.000003
77.336907  -0.000197
77.356906  0.000136
77.376905  0.000069
77.396904  0.000003
77.416903  -0.000064
77.436903  -0.000064
77.456902  -0.000197
77.476901  0.000003
77.496900  0.000136
77.516899  -0.000064
77.536899  -0.000064
77.556898  0.000003
77.576897  0.000136
77.596896  -0.000064
77.616895  -0.000064
77.636895  0.000136
77.656894  -0.000064
77.676893  0.000003
77.696892  0.000203
77.716891  -0.000131
77.736891  -0.000064
77.756890  0.000136
77.776889  -0.000064
77.796888  -0.000064
77.816887  -0.000264
77.836887  -0.000064
77.856886  0.000136
77.876885  0.000003
77.896884  -0.000197
77.916883  -0.000264
77.936883  0.000003
77.956882  0.000069
77.976881  0.000136
77.996880  -0.000197
78.016879  -0.000064
78.036879  -0.000064
78.056878  0.000270
78.076877  0.000069
78.096876  0.000003
78.116875  -0.000064
78.136875  0.000069
78.156874  0.000069
78.176873  -0.000197
78.196872  -0.000197
78.216871  -0.000331
78.236871  -0.000064
78.256870  0.000069
78.276869  -0.000064
78.296868  -0.000064
78.316867  0.000003
78.336867  -0.000064
78.356866  0.000136
78.376865  -0.000131
78.396864  -0.000064
78.416863  0.000003
78.436863  0.000003
78.456862  0.000003
78.476861  0.000069
78.496860  -0.000064
78.516859  -0.000064
78.536859  0.000069
78.556858  0.000069
78.576857  0.000069
78.596856  0.000003
78.616855  0.000003
78.636855  0.000203
78.656854  -0.000064
78.676853  -0.000131
78.696852  -0.000131
78.716851  0.000069
78.736851  0.000069
78.756850  -0.000197
78.776849  -0.000064
78.796848  0.000003
78.816847  0.000069
78.836847  0.000069
78.856846  -0.000064
78.876845  -0.000197
78.896844  -0.000064
78.916843  0.000003
78.936843  0.000136
78.956842  -0.000064
78.976841  -0.000131
78.996840  0.000003
79.016839  -0.000064
79.036839  -0.000064
79.056838  -0.000197
79.076837  -0.000264
79.096836  0.000003
79.116835  0.000203
79.136835  0.000003
79.156834  0.000003
79.176833  0.000003
79.196832  0.000069
79.216831  0.000069
79.236831  0.000003
79.256830  0.000069
79.276829  -0.000064
79.296828  0.000069
79.316827  0.000003
79.336827  0.000203
79.356826  -0.000131
79.376825  0.000069
79.396824  0.000069
79.416823  0.000003
79.436823  0.000003
79.456822  0.000203
79.476821  0.000003
79.496820  0.000003
79.516819  0.000003
79.536819  -0.000064
79.556818  -0.000064
79.576817  -0.000064
79.596816  0.000003
79.616815  0.000003
79.636815  -0.000064
79.656814  0.000003
79.676813  0.000003
79.696812  0.000003
79.716811  -0.000131
79.736811  -0.000064
79.756810  -0.000064
79.776809  0.000003
79.796808  0.000136
79.816807  0.000003
79.836807  0.000003
79.856806  -0.000064
79.876805  0.000003
79.896804  -0.000064
79.916803  -0.000131
79.936803  -0.000064
79.956802  0.000003
79.976801  0.000203
79.996800  0.000003
80.016799  -0.000064
80.036799  0.000003
80.056798  0.000270
80.076797  0.000069
80.096796  0.000069
80.116795  -0.000064
80.136795  -0.000064
80.156794  0.000069
80.176793  -0.000197
80.196792  0.000069
80.216791  -0.000197
80.236791  0.000003
80.256790  0.000069
80.276789  0.000203
80.296788  -0.000064
80.316787  -0.000131
80.336787  0.000069
80.356786  0.000069
80.376785  -0.000064
80.396784  -0.000197
80.416783  -0.000064
80.436783  -0.000197
80.456782  0.000270
80.476781  0.000003
80.496780  -0.000131
80.516779  0.000003
80.536779  0.000069
80.556778  -0.000064
80.576777  0.000136
80.596776  -0.000197
80.616775  -0.000064
80.636775  0.000069
80.656774  0.000003
80.676773  0.000003
80.696772  -0.000064
80.716771  -0.000197
80.736771  0.000203
80.756770  -0.000064
80.776769  -0.000064
80.796768  0.000003
80.816767  0.000003
80.836767  0.000003
80.856766  -0.000197
80.876765  -0.000064
80.896764  -0.000064
80.916763  -0.000064
80.936763  0.000069
80.956762  0.000069
80.976761  0.000136
80.996760  -0.000064
81.016759  0.000069
81.036759  -0.000064
81.056758  0.000003
81.076757  -0.000064
81.096756  -0.000064
81.116755  0.000003
81.136755  -0.000064
81.156754  0.000003
81.176753  -0.000064
81.196752  0.000003
81.216751  -0.000064
81.236751  0.000270
81.256750  -0.000064
81.276749  -0.000131
81.296748  -0.000064
81.316747  0.000003
81.336747  0.000003
81.356746  0.000069
81.376745  -0.000064
81.396744  -0.000064
81.416743  0.000136
81.436743  0.000003
81.456742  0.000003
81.476741  -0.000064
81.496740  -0.000131
81.516739  -0.000064
81.536739  -0.000197
81.556738  0.000003
81.576737  -0.000197
81.596736  -0.000131
81.616735  0.000069
81.636735  0.000069
81.656734  0.000136
81.676733  0.000270
81.696732  -0.000264
81.716731  -0.000064
81.736731  -0.000064
81.756730  -0.000131
81.776729  0.000270
81.796728  -0.000064
81.816727  -0.000131
81.836727  -0.000131
81.856726  0.000003
81.876725  0.000003
81.896724  0.000003
81.916723  -0.000131
81.936723  -0.000064
81.956722  0.000003
81.976721  0.000069
81.996720  -0.000064
82.016719  0.000003
82.036719  0.000003
82.056718  -0.000064
82.076717  -0.000197
82.096716  -0.000064
82.116715  -0.000264
82.136715  0.000069
82.156714  -0.000131
82.176713  -0.000464
82.196712  0.000069
82.216711  0.000003
82.236711  -0.000197
82.256710  0.000069
82.276709  -0.000064
82.296708  0.000003
82.316707  0.000069
82.336707  -0.000064
82.356706  0.000069
82.376705  -0.000064
82.396704  0.000003
82.416703  0.000270
82.436703  -0.000064
82.456702  0.000003
82.476701  0.000069
82.496700  0.000003
82.516699  -0.000131
82.536699  0.000203
82.556698  0.000003
82.576697  0.000003
82.596696  0.000003
82.616695  0.000136
82.636695  0.000003
82.656694  0.000003
82.676693  0.000003
82.696692  0.000003
82.716691  -0.000131
82.736691  0.000003
82.756690  -0.000064
82.776689  -0.000197
82.796688  -0.000064
82.816687  0.000069
82.836687  -0.000064
82.856686  0.000069
82.876685  -0.000064
82.896684  -0.000197
82.916683  0.000069
82.936683  0.000069
82.956682  0.000003
82.976681  0.000003
82.996680  0.000003
83.016679  -0.000064
83.036679  0.000069
83.056678  -0.000064
83.076677  -0.000064
83.096676  0.000203
83.116675  0.000270
83.136675  0.000069
83.156674  0.000003
83.176673  -0.000064
83.196672  -0.000064
83.216671  -0.000131
83.236671  -0.000064
83.256670  0.000003
83.276669  0.000069
83.296668  -0.000131
83.316667  -0.000131
83.336667  -0.000131
83.356666  0.000003
83.376665  -0.000064
83.396664  0.000003
83.416663  0.000003
83.436663  -0.000197
83.456662  -0.000197
83.476661  0.000003
83.496660  -0.000064
83.516659  -0.000131
83.536659  0.000136
83.556658  0.000069
83.576657  -0.000131
83.596656  -0.000131
83.616655  0.000136
83.636655  -0.000064
83.656654  -0.000064
83.676653  0.000003
83.696652  -0.000131
83.716651  0.000003
83.736651  0.000003
83.756650  0.000069
83.776649  0.000003
83.796648  0.000069
83.816647  -0.000197
83.836647  0.000136
83.856646  0.000003
83.876645  0.000069
83.896644  0.000069
83.916643  0.000003
83.936643  0.000069
83.956642  0.000003
83.976641  -0.000197
83.996640  -0.000064
84.016639  0.000136
84.036639  -0.000064
84.056638  -0.000064
84.076637  -0.000064
84.096636  0.000003
84.116635  -0.000064
84.136635  -0.000131
84.156634  0.000003
84.176633  -0.000197
84.196632  -0.000064
84.216631  0.000069
84.236631  0.000003
84.256630  0.000136
84.276629  -0.000064
84.296628  0.000069
84.316627  -0.000064
84.336627  0.000136
84.356626  -0.000131
84.376625  0.000003
84.396624  0.000069
84.416623  -0.000064
84.436623  0.000003
84.456622  -0.000131
84.476621  0.000003
84.496620  0.000136
84.516619  -0.000064
84.536619  -0.000197
84.556618  0.000069
84.576617  -0.000064
84.596616  -0.000064
84.616615  -0.000131
84.636615  -0.000064
84.656614  -0.000197
84.676613  0.000069
84.696612  0.000136
84.716611  0.000003
84.736611  -0.000064
84.756610  0.000069
84.776609  -0.000064
84.796608  0.000136
84.816607  -0.000064
84.836607  -0.000264
84.856606  0.000003
84.876605  -0.000131
84.896604  -0.000131
84.916603  0.000069
84.936603  0.000069
84.956602  0.000069
84.976601  0.000003
84.996600  0.000069
85.016599  -0.000064
85.036599  0.000136
85.056598  0.000003
85.076597  -0.000064
85.096596  -0.000064
85.116595  -0.000064
85.136595  0.000003
85.156594  -0.000064
85.176593  0.000069
85.196592  0.000069
85.216591  0.000003
85.236591  0.000069
85.256590  0.000003
85.276589  0.000003
85.296588  -0.000064
85.316587  -0.000064
85.336587  -0.000331
85.356586  -0.000064
85.376585  -0.000064
85.396584  -0.000131
85.416583  0.000003
85.436583  -0.000131
85.456582  -0.000064
85.476581  0.000136
85.496580  0.000003
85.516579  -0.000064
85.536579  -0.000197
85.556578  -0.000064
85.576577  0.000003
85.596576  -0.000064
85.616575  -0.000197
85.636575  0.000069
85.656574  -0.000197
85.676573  0.000069
85.696572  0.000069
85.716571  -0.000064
85.736571  0.000069
85.756570  0.000003
85.776569  -0.000064
85.796568  -0.000131
85.816567  0.000003
85.836567  -0.000064
85.856566  -0.000064
85.876565  -0.000131
85.896564  -0.000064
85.916563  0.000069
85.936563  0.000003
85.956562  -0.000064
85.976561  -0.000064
85.996560  -0.000064
86.016559  0.000003
86.036559  0.000003
86.056558  0.000069
86.076557  0.000136
86.096556  -0.000197
86.116555  0.000069
86.136555  0.000003
86.156554  0.000003
86.176553  0.000136
86.196552  -0.000197
86.216551  -0.000398
86.236551  0.000003
86.256550  0.000003
86.276549  0.000003
86.296548  0.000003
86.316547  -0.000064
86.336547  0.000203
86.356546  -0.000131
86.376545  0.000003
86.396544  0.000203
86.416543  -0.000064
86.436543  0.000003
86.456542  -0.000197
86.476541  -0.000197
86.496540  0.000003
86.516539  0.000069
86.536539  0.000136
86.556538  -0.000064
86.576537  0.000003
86.596536  0.000069
86.616535  -0.000064
86.636535  0.000003
86.656534  0.000069
86.676533  0.000136
86.696532  0.000069
86.716531  0.000069
86.736531  -0.000064
86.756530  0.000069
86.776529  0.000069
86.796528  0.000003
86.816527  0.000003
86.836527  0.000003
86.856526  -0.000331
86.876525  -0.000064
86.896524  -0.000064
86.916523  0.000003
86.936523  0.000069
86.956522  -0.000064
86.976521  -0.000064
86.996520  0.000003
87.016519  0.000003
87.036519  0.000003
87.056518  -0.000331
87.076517  -0.000331
87.096516  0.000069
87.116515  -0.000131
87.136515  0.000003
87.156514  -0.000131
87.176513  0.000003
87.196512  0.000136
87.216511  0.000203
87.236511  0.000003
87.256510  -0.000064
87.276509  -0.000064
87.296508  0.000003
87.316507  0.000003
87.336507  -0.000064
87.356506  -0.000064
87.376505  0.000003
87.396504  0.000136
87.416503  -0.000064
87.436503  -0.000064
87.456502  -0.000197
87.476501  -0.000131
87.496500  0.000203
87.516499  0.000003
87.536499  -0.000064
87.556498  -0.000064
87.576497  0.000069
87.596496  0.000203
87.616495  -0.000064
87.636495  0.000003
87.656494  -0.000197
87.676493  -0.000064
87.696492  0.000069
87.716491  -0.000064
87.736491  -0.000331
87.756490  0.000003
87.776489  -0.000131
87.796488  -0.000131
87.816487  -0.000064
87.836487  0.000203
87.856486  -0.000064
87.876485  -0.000064
87.896484  -0.000064
87.916483  -0.000064
87.936483  0.000003
87.956482  0.000003
87.976481  -0.000064
87.996480  0.000003
88.016479  0.000003
88.036479  0.000069
88.056478  0.000003
88.076477  0.000003
88.096476  0.000003
88.116475  -0.000131
88.136475  -0.000064
88.156474  -0.000064
88.176473  0.000003
88.196472  0.000003
88.216471  -0.000064
88.236471  0.000069
88.256470  0.000003
88.276469  -0.000064
88.296468  0.000069
88.316467  -0.000064
88.336467  0.000136
88.356466  0.000003
88.376465  0.000003
88.396464  -0.000197
88.416463  0.000069
88.436463  0.000003
88.456462  0.000136
88.476461  -0.000131
88.496460  0.000136
88.516459  -0.000064
88.536459  0.000003
88.556458  0.000003
88.576457  0.000203
88.596456  -0.000131
88.616455  0.000069
88.636455  0.000136
88.656454  0.000136
88.676453  0.000003
88.696452  -0.000064
88.716451  0.000069
88.736451  0.000003
88.756450  0.000003
88.776449  -0.000064
88.796448  -0.000131
88.816447  -0.000064
88.836447  0.000069
88.856446  -0.000064
88.876445  -0.000197
88.896444  -0.000197
88.916443  0.000003
88.936443  0.000336
88.956442  0.000069
88.976441  -0.000064
88.996440  0.000336
89.016439  0.000069
89.036439  0.000003
89.056438  -0.000131
89.076437  -0.000131
89.096436  -0.000064
89.116435  0.000136
89.136435  -0.000064
89.156434  0.000003
89.176433  -0.000197
89.196432  0.000003
89.216431  0.000136
89.236431  0.000003
89.256430  -0.000064
89.276429  0.000069
89.296428  0.000003
89.316427  -0.000064
89.336427  -0.000131
89.356426  -0.000064
89.376425  -0.000064
89.396424  0.000003
89.416423  -0.000064
89.436423  0.000003
89.456422  -0.000064
89.476421  -0.000131
89.496420  0.000069
89.516419  0.000003
89.536419  0.000069
89.556418  -0.000064
89.576417  -0.000064
89.596416  0.000069
89.616415  0.000003
89.636415  -0.000197
89.656414  -0.000064
89.676413  0.000136
89.696412  0.000003
89.716411  0.000003
89.736411  -0.000064
89.756410  0.000003
89.776409  -0.000197
89.796408  -0.000064
89.816407  0.000003
89.836407  0.000069
89.856406  -0.000197
89.876405  -0.000064
89.896404  0.000069
89.916403  0.000003
89.936403  0.000136
89.956402  0.000003
89.976401  -0.000064
89.996400  0.000003
90.016399  0.000003
90.036399  0.000203
90.056398  -0.000064
90.076397  0.000136
90.096396  -0.000064
90.116395  -0.000131
90.136395  -0.000264
90.156394  -0.000064
90.176393  0.000003
90.196392  0.000069
90.216391  -0.000131
90.236391  -0.000064
90.256390  0.000136
90.276389  0.000203
90.296388  0.000203
90.316387  0.000069
90.336387  -0.000064
90.356386  0.000069
90.376385  0.000069
90.396384  0.000003
90.416383  -0.000264
90.436383  0.000136
90.456382  0.000069
90.476381  0.000069
90.496380  -0.000264
90.516379  -0.000131
90.536379  0.000069
90.556378  -0.000064
90.576377  0.000003
90.596376  -0.000131
90.616375  -0.000064
90.636375  0.000003
90.656374  0.000003
90.676373  -0.000131
90.696372  -0.000064
90.716371  -0.000531
90.736371  -0.000131
90.756370  0.000003
90.776369  0.000003
90.796368  0.000003
90.816367  0.000069
90.836367  -0.000064
90.856366  0.000003
90.876365  -0.000064
90.896364  -0.000064
90.916363  0.000136
90.936363  0.000003
90.956362  -0.000197
90.976361  0.000069
90.996360  -0.000131
91.016359  -0.000064
91.036359  0.000003
91.056358  0.000136
91.076357  0.000003
91.096356  0.000003
91.116355  0.000003
91.136355  0.000069
91.156354  -0.000131
91.176353  -0.000064
91.196352  0.000003
91.216351  0.000003
91.236351  0.000003
91.256350  0.000003
91.276349  -0.000064
91.296348  0.000003
91.316347  -0.000131
91.336347  -0.000064
91.356346  0.000003
91.376345  0.000003
91.396344  -0.000064
91.416343  0.000069
91.436343  0.000003
91.456342  0.000003
91.476341  0.000069
91.496340  0.000136
91.516339  -0.000064
91.536339  -0.000131
91.556338  -0.000064
91.576337  -0.000064
91.596336  0.000069
91.616335  0.000069
91.636335  0.000069
91.656334  0.000003
91.676333  0.000069
91.696332  -0.000197
91.716331  -0.000064
91.736331  0.000136
91.756330  -0.000131
91.776329  0.000003
91.796328  0.000003
91.816327  -0.000197
91.836327  0.000003
91.856326  -0.000064
91.876325  0.000003
91.896324  0.000069
91.916323  -0.000331
91.936323  -0.000064
91.956322  0.000136
91.976321  -0.000197
91.996320  -0.000064
92.016319  -0.000064
92.036319  -0.000131
92.056318  0.000203
92.076317  -0.000131
92.096316  -0.000064
92.116315  0.000136
92.136315  0.000069
92.156314  -0.000064
92.176313  0.000003
92.196312  -0.000064
92.216311  0.000069
92.236311  -0.000131
92.256310  0.000069
92.276309  0.000003
92.296308  0.000136
92.316307  0.000136
92.336307  0.000003
92.356306  -0.000264
92.376305  0.000069
92.396304  -0.000131
92.416303  -0.000131
92.436303  -0.000131
92.456302  0.000003
92.476301  0.000003
92.496300  -0.000197
92.516299  0.000003
92.536299  -0.000131
92.556298  -0.000064
92.576297  0.000003
92.596296  0.000003
92.616295  -0.000064
92.636295  -0.000064
92.656294  -0.000197
92.676293  0.000003
92.696292  0.000003
92.716291  -0.000197
92.736291  -0.000064
92.756290  -0.000197
92.776289  0.000003
92.796288  0.000069
92.816287  0.000003
92.836287  -0.000131
92.856286  -0.000064
92.876285  0.000069
92.896284  -0.000064
92.916283  0.000069
92.936283  0.000003
92.956282  0.000003
92.976281  -0.000131
92.996280  0.000069
93.016279  0.000003
93.036279  0.000003
93.056278  -0.000064
93.076277  0.000069
93.096276  -0.000064
93.116275  0.000003
93.136275  0.000069
93.156274  -0.000064
93.176273  0.000003
93.196272  0.000136
93.216271  -0.000064
93.236271  -0.000131
93.256270  0.000003
93.276269  -0.000131
93.296268  0.000069
93.316267  -0.000131
93.336267  0.000003
93.356266  0.000003
93.376265  0.000003
93.396264  0.000069
93.416263  -0.000064
93.436263  -0.000197
93.456262  0.000069
93.476261  -0.000197
93.496260  -0.000064
93.516259  0.000003
93.536259  -0.000131
93.556258  -0.000131
93.576257  0.000003
93.596256  -0.000331
93.616255  0.000203
93.636255  0.000003
93.656254  0.000003
93.676253  -0.000064
93.696252  0.000003
93.716251  -0.000064
93.736251  -0.000064
93.756250  -0.000064
93.776249  -0.000131
93.796248  0.000003
93.816247  0.000069
93.836247  0.000003
93.856246  -0.000064
93.876245  0.000003
93.896244  0.000003
93.916243  0.000003
93.936243  -0.000064
93.956242  -0.000197
93.976241  0.000136
93.996240  -0.000197
94.016239  0.000136
94.036239  0.000003
94.056238  -0.000131
94.076237  0.000003
94.096236  -0.000064
94.116235  0.000069
94.136235  0.000003
94.156234  0.000069
94.176233  0.000270
94.196232  0.000270
94.216231  -0.000064
94.236231  0.000069
94.256230  0.000003
94.276229  0.000069
94.296228  -0.000064
94.316227  -0.000064
94.336227  -0.000197
94.356226  0.000003
94.376225  0.000003
94.396224  0.000003
94.416223  -0.000131
94.436223  0.000003
94.456222  -0.000064
94.476221  -0.000131
94.496220  0.000203
94.516219  -0.000197
94.536219  -0.000064
94.556218  0.000069
94.576217  -0.000064
94.596216  -0.000064
94.616215  -0.000064
94.636215  0.000003
94.656214  -0.000064
94.676213  -0.000197
94.696212  -0.000197
94.716211  -0.000197
94.736211  0.000069
94.756210  0.000136
94.776209  -0.000064
94.796208  0.000069
94.816207  -0.000064
94.836207  -0.000064
94.856206  0.000270
94.876205  0.000003
94.896204  -0.000064
94.916203  -0.000131
94.936203  0.000136
94.956202  -0.000064
94.976201  0.000069
94.996200  0.000003
95.016199  0.000003
95.036199  -0.000064
95.056198  -0.000264
95.076197  0.000003
95.096196  0.000003
95.116195  -0.000064
95.136195  0.000136
95.156194  0.000003
95.176193  0.000069
95.196192  0.000069
95.216191  -0.000064
95.236191  0.000003
95.256190  -0.000064
95.276189  -0.000064
95.296188  0.000069
95.316187  -0.000064
95.336187  -0.000331
95.356186  0.000003
95.376185  -0.000064
95.396184  0.000203
95.416183  0.000003
95.436183  -0.000064
95.456182  -0.000131
95.476181  0.000003
95.496180  -0.000197
95.516179  0.000069
95.536179  0.000069
95.556178  0.000069
95.576177  0.000003
95.596176  -0.000064
95.616175  0.000003
95.636175  0.000270
95.656174  0.000069
95.676173  0.000069
95.696172  -0.000064
95.716171  0.000003
95.736171  0.000336
95.756170  -0.000064
95.776169  0.000069
95.796168  -0.000131
95.816167  -0.000064
95.836167  0.000069
95.856166  0.000203
95.876165  -0.000131
95.896164  0.000069
95.916163  0.000003
95.936163  0.000003
95.956162  -0.000064
95.976161  -0.000064
95.996160  0.000003
96.016159  0.000003
96.036159  -0.000064
96.056158  0.000003
96.076157  -0.000064
96.096156  0.000003
96.116155  -0.000131
96.136155  -0.000064
96.156154  -0.000131
96.176153  0.000203
96.196152  0.000069
96.216151  0.000003
96.236151  0.000003
96.256150  -0.000064
96.276149  -0.000331
96.296148  -0.000131
96.316147  -0.000064
96.336147  -0.000064
96.356146  -0.000197
96.376145  0.000069
96.396144  0.000003
96.416143  -0.000064
96.436143  -0.000197
96.456142  -0.000064
96.476141  0.000069
96.496140  0.000069
96.516139  0.000003
96.536139  -0.000131
96.556138  -0.000064
96.576137  -0.000197
96.596136  0.000069
96.616135  -0.000064
96.636135  -0.000064
96.656134  0.000069
96.676133  -0.000131
96.696132  -0.000064
96.716131  0.000136
96.736131  -0.000131
96.756130  -0.000197
96.776129  0.000003
96.796128  -0.000064
96.816127  0.000069
96.836127  -0.000197
96.856126  0.000003
96.876125  0.000136
96.896124  0.000003
96.916123  0.000003
96.936123  0.000069
96.956122  -0.000064
96.976121  -0.000064
96.996120  -0.000197
97.016119  -0.000064
97.036119  0.000003
97.056118  0.000069
97.076117  -0.000064
97.096116  0.000003
97.116115  0.000003
97.136115  0.000003
97.156114  0.000069
97.176113  -0.000131
97.196112  -0.000064
97.216111  -0.000131
97.236111  -0.000064
97.256110  0.000136
97.276109  -0.000064
97.296108  -0.000064
97.316107  -0.000064
97.336107  0.000003
97.356106  0.000069
97.376105  0.000003
97.396104  0.000003
97.416103  0.000003
97.436103  0.000003
97.456102  0.000003
97.476101  0.000003
97.496100  -0.000197
97.516099  0.000003
97.536099  0.000003
97.556098  0.000136
97.576097  0.000003
97.596096  -0.000131
97.616095  0.000069
97.636095  0.000003
97.656094  0.000136
97.676093  0.000203
97.696092  0.000069
97.716091  -0.000064
97.736091  -0.000131
97.756090  -0.000064
97.776089  -0.000131
97.796088  0.000003
97.816087  0.000003
97.836087  0.000203
97.856086  -0.000131
97.876085  -0.000064
97.896084  0.000003
97.916083  0.000136
97.936083  0.000003
97.956082  -0.000064
97.976081  -0.000064
97.996080  0.000003
98.016079  -0.000131
98.036079  0.000136
98.056078  -0.000064
98.076077  0.000003
98.096076  -0.000064
98.116075  0.000136
98.136075  0.000003
98.156074  -0.000331
98.176073  0.000003
98.196072  0.000003
98.216071  -0.000064
98.236071  0.000003
98.256070  -0.000064
98.276069  0.000003
98.296068  0.000136
98.316067  -0.000131
98.336067  0.000003
98.356066  -0.000131
98.376065  0.000003
98.396064  -0.000131
98.416063  0.000069
98.436063  0.000003
98.456062  -0.000264
98.476061  -0.000197
98.496060  0.000069
98.516059  0.000003
98.536059  -0.000064
98.556058  -0.000131
98.576057  0.000003
98.596056  0.000003
98.616055  0.000069
98.636055  0.000003
98.656054  0.000069
98.676053  0.000069
98.696052  -0.000064
98.716051  -0.000064
98.736051  0.000069
98.756050  -0.000331
98.776049  0.000136
98.796048  0.000069
98.816047  -0.000197
98.836047  -0.000064
98.856046  0.000069
98.876045  0.000069
98.896044  0.000203
98.916043  -0.000197
98.936043  -0.000064
98.956042  -0.000064
98.976041  0.000069
98.996040  -0.000064
99.016039  0.000069
99.036039  -0.000131
99.056038  -0.000064
99.076037  0.000203
99.096036  0.000203
99.116035  -0.000064
99.136035  -0.000197
99.156034  0.000136
99.176033  0.000069
99.196032  0.000136
99.216031  0.000003
99.236031  -0.000131
99.256030  -0.000064
99.276029  0.000069
99.296028  0.000003
99.316027  -0.000131
99.336027  -0.000064
99.356026  0.000003
99.376025  0.000069
99.396024  0.000069
99.416023  -0.000064
99.436023  -0.000064
99.456022  -0.000064
99.476021  0.000069
99.496020  -0.000197
99.516019  -0.000064
99.536019  -0.000064
99.556018  -0.000064
99.576017  -0.000064
99.596016  -0.000131
99.616015  -0.000064
99.636015  0.000069
99.656014  0.000069
99.676013  -0.000064
99.696012  -0.000064
99.716011  -0.000197
99.736011  0.000069
99.756010  -0.000264
99.776009  -0.000197
99.796008  0.000069
99.816007  -0.000197
99.836007  0.000003
99.856006  0.000069
99.876005  -0.000064
99.896004  -0.000131
99.916003  0.000136
99.936003  0.000136
99.956002  0.000003
99.976001  0.000069
99.996000  -0.000131
100.015999  -0.000131
100.035999  0.000069
100.055998  0.000203
100.075997  -0.000064
100.095996  -0.000064
100.115995  -0.000131
100.135995  -0.000064
100.155994  0.000069
100.175993  -0.000131
100.195992  0.000069
100.215991  0.000069
100.235991  0.000003
100.255990  0.000203
100.275989  -0.000131
100.295988  -0.000064
100.315987  -0.000131
100.335987  -0.000064
100.355986  -0.000064
100.375985  -0.000197
100.395984  0.000003
100.415983  0.000069
100.435983  0.000069
100.455982  0.000069
100.475981  0.000003
100.495980  -0.000131
100.515979  0.000136
100.535979  -0.000064
100.555978  -0.000197
100.575977  -0.000131
100.595976  -0.000064
100.615975  -0.000064
100.635975  -0.000064
100.655974  -0.000264
100.675973  0.000069
100.695972  0.000003
100.715971  0.000003
100.735971  0.000003
100.755970  0.000003
100.775969  0.000069
100.795968  0.000203
100.815967  0.000003
100.835967  0.000270
100.855966  0.000270
100.875965  0.000069
100.895964  0.000069
100.915963  0.000069
100.935963  0.000069
100.955962  0.000003
100.975961  -0.000064
100.995960  -0.000064
101.015959  0.000003
101.035959  0.000203
101.055958  0.000069
101.075957  -0.000064
101.095956  -0.000064
101.115955  0.000003
101.135955  -0.000064
101.155954  0.000003
101.175953  0.000203
101.195952  0.000003
101.215951  0.000203
101.235951  0.000003
101.255950  -0.000197
101.275949  -0.000064
101.295948  -0.000131
101.315947  -0.000064
101.335947  0.000003
101.355946  -0.000197
101.375945  0.000069
101.395944  -0.000064
101.415943  -0.000131
101.435943  0.000136
101.455942  0.000003
101.475941  -0.000064
101.495940  0.000003
101.515939  -0.000064
101.535939  0.000069
101.555938  -0.000064
101.575937  -0.000064
101.595936  -0.000064
101.615935  0.000069
101.635935  -0.000264
101.655934  -0.000131
101.675933  -0.000131
101.695932  0.000069
101.715931  -0.000197
101.735931  0.000069
101.755930  0.000136
101.775929  -0.000131
101.795928  -0.000197
101.815927  0.000003
101.835927  0.000003
101.855926  -0.000131
101.875925  0.000069
101.895924  0.000203
101.915923  0.000069
101.935923  0.000003
101.955922  0.000003
101.975921  0.000003
101.995920  0.000069
102.015919  0.000003
102.035919  0.000003
102.055918  -0.000064
102.075917  0.000203
102.095916  -0.000064
102.115915  0.000069
102.135915  -0.000264
102.155914  0.000003
102.175913  0.000003
102.195912  -0.000064
102.215911  -0.000064
102.235911  0.000069
102.255910  -0.000131
102.275909  -0.000331
102.295908  -0.000131
102.315907  0.000003
102.335907  0.000069
102.355906  -0.000131
102.375905  0.000003
102.395904  -0.000064
102.415903  -0.000131
102.435903  0.000003
102.455902  0.000069
102.475901  -0.000264
102.495900  0.000003
102.515899  -0.000197
102.535899  0.000003
102.555898  -0.000064
102.575897  0.000069
102.595896  0.000069
102.615895  -0.000197
102.635895  0.000003
102.655894  -0.000064
102.675893  -0.000264
102.695892  0.000003
102.715891  0.000003
102.735891  -0.000131
102.755890  0.000003
102.775889  0.000203
102.795888  -0.000197
102.815887  -0.000131
102.835887  -0.000064
102.855886  0.000136
102.875885  -0.000197
102.895884  -0.000064
102.915883  0.000003
102.935883  0.000203
102.955882  0.000136
102.975881  -0.000131
102.995880  0.000069
103.015879  0.000069
103.035879  -0.000064
103.055878  0.000069
103.075877  -0.000131
103.095876  -0.000197
103.115875  0.000136
103.135875  -0.000064
103.155874  0.000203
103.175873  0.000003
103.195872  0.000069
103.215871  -0.000064
103.235871  -0.000064
103.255870  -0.000131
103.275869  -0.000064
103.295868  0.000003
103.315867  0.000203
103.335867  0.000003
103.355866  0.000003
103.375865  -0.000131
103.395864  -0.000131
103.415863  0.000003
103.435863  -0.000064
103.455862  -0.000064
103.475861  -0.000197
103.495860  -0.000064
103.515859  0.000336
103.535859  0.000003
103.555858  -0.000064
103.575857  -0.000131
103.595856  0.000003
103.615855  0.000069
103.635855  -0.000131
103.655854  -0.000131
103.675853  0.000003
103.695852  0.000003
103.715851  -0.000197
103.735851  -0.000064
103.755850  0.000069
103.775849  -0.000064
103.795848  0.000003
103.815847  -0.000131
103.835847  -0.000197
103.855846  -0.000131
103.875845  0.000069
103.895844  -0.000331
103.915843  -0.000064
103.935843  -0.000064
103.955842  0.000003
103.975841  0.000003
103.995840  0.000069
104.015839  0.000069
104.035839  0.000003
104.055838  0.000069
104.075837  -0.000264
104.095836  0.000003
104.115835  -0.000064
104.135835  -0.000064
104.155834  0.000003
104.175833  -0.000064
104.195832  0.000003
104.215831  0.000069
104.235831  -0.000064
104.255830  0.000069
104.275829  0.000003
104.295828  -0.000264
104.315827  0.000069
104.335827  0.000003
104.355826  -0.000131
104.375825  -0.000064
104.395824  0.000069
104.415823  -0.000064
104.435823  -0.000131
104.455822  0.000003
104.475821  0.000003
104.495820  -0.000064
104.515819  0.000003
104.535819  -0.000064
104.555818  0.000069
104.575817  -0.000131
104.595816  0.000069
104.615815  0.000003
104.635815  0.000069
104.655814  -0.000064
104.675813  -0.000197
104.695812  0.000003
104.715811  -0.000131
104.735811  -0.000131
104.755810  0.000003
104.775809  0.000136
104.795808  0.000136
104.815807  0.000003
104.835807  0.000069
104.855806  0.000003
104.875805  0.000136
104.895804  -0.000131
104.915803  0.000003
104.935803  0.000069
104.955802  0.000003
104.975801  -0.000197
104.995800  0.000136
105.015799  0.000336
105.035799  -0.000331
105.055798  -0.000064
105.075797  -0.000064
105.095796  -0.000064
105.115795  -0.000064
105.135795  0.000136
105.155794  -0.000131
105.175793  -0.000064
105.195792  -0.000064
105.215791  -0.000131
105.235791  0.000003
105.255790  -0.000197
105.275789  -0.000064
105.295788  0.000069
105.315787  -0.000197
105.335787  0.000069
105.355786  0.000069
105.375785  0.000003
105.395784  -0.000331
105.415783  -0.000064
105.435783  -0.000064
105.455782  0.000069
105.475781  -0.000064
105.495780  -0.000064
105.515779  -0.000131
105.535779  -0.000131
105.555778  -0.000064
105.575777  0.000069
105.595776  -0.000064
105.615775  -0.000064
105.635775  -0.000197
105.655774  0.000003
105.675773  0.000069
105.695772  0.000003
105.715771  0.000069
105.735771  0.000003
105.755770  0.000003
105.775769  0.000069
105.795768  0.000003
105.815767  0.000003
105.835767  0.000003
105.855766  0.000069
105.875765  -0.000064
105.895764  -0.000131
105.915763  0.000069
105.935763  0.000069
105.955762  -0.000064
105.975761  -0.000064
105.995760  -0.000064
106.015759  0.000003
106.035759  -0.000064
106.055758  0.000069
106.075757  -0.000131
106.095756  -0.000064
106.115755  0.000069
106.135755  0.000136
106.155754  -0.000064
106.175753  -0.000064
106.195752  0.000003
106.215751  -0.000264
106.235751  0.000069
106.255750  -0.000064
106.275749  -0.000197
106.295748  -0.000064
106.315747  -0.000064
106.335747  -0.000064
106.355746  -0.000131
106.375745  0.000003
106.395744  -0.000064
106.415743  -0.000331
106.435743  0.000003
106.455742  0.000003
106.475741  -0.000197
106.495740  -0.000064
106.515739  -0.000064
106.535739  0.000003
106.555738  0.000069
106.575737  -0.000131
106.595736  0.000003
106.615735  -0.000064
106.635735  -0.000064
106.655734  -0.000064
106.675733  -0.000264
106.695732  -0.000064
106.715731  -0.000064
106.735731  0.000136
106.755730  -0.000131
106.775729  0.000069
106.795728  0.000003
106.815727  0.000203
106.835727  0.000003
106.855726  0.000003
106.875725  -0.000064
106.895724  0.000069
106.915723  0.000203
106.935723  0.000003
106.955722  -0.000264
106.975721  0.000069
106.995720  -0.000064
107.015719  -0.000197
107.035719  -0.000064
107.055718  -0.000064
107.075717  0.000069
107.095716  -0.000064
107.115715  -0.000064
107.135715  0.000003
107.155714  0.000136
107.175713  -0.000064
107.195712  0.000003
107.215711  -0.000197
107.235711  0.000069
107.255710  0.000069
107.275709  -0.000064
107.295708  0.000069
107.315707  0.000003
107.335707  -0.000197
107.355706  0.000003
107.375705  0.000203
107.395704  -0.000064
107.415703  -0.000064
107.435703  -0.000064
107.455702  -0.000064
107.475701  0.000069
107.495700  0.000003
107.515699  0.000003
107.535699  0.000069
107.555698  0.000069
107.575697  0.000003
107.595696  -0.000131
107.615695  -0.000131
107.635695  -0.000064
107.655694  -0.000064
107.675693  0.000003
107.695692  0.000003
107.715691  -0.000064
107.735691  0.000069
107.755690  0.000203
107.775689  0.000003
107.795688  0.000003
107.815687  0.000069
107.835687  0.000136
107.855686  0.000003
107.875685  -0.000064
107.895684  -0.000131
107.915683  0.000003
107.935683  -0.000197
107.955682  0.000136
107.975681  0.000003
107.995680  -0.000264
108.015679  -0.000064
108.035679  0.000336
108.055678  0.000003
108.075677  -0.000064
108.095676  0.000003
108.115675  -0.000064
108.135675  0.000003
108.155674  -0.000064
108.175673  -0.000064
108.195672  0.000003
108.215671  0.000003
108.235671  0.000069
108.255670  -0.000197
108.275669  -0.000064
108.295668  -0.000064
108.315667  0.000003
108.335667  0.000136
108.355666  0.000069
108.375665  -0.000264
108.395664  -0.000064
108.415663  0.000003
108.435663  -0.000064
108.455662  -0.000131
108.475661  -0.000197
108.495660  0.000069
108.515659  0.000136
108.535659  -0.000064
108.555658  0.000003
108.575657  -0.000264
108.595656  -0.000064
108.615655  -0.000064
108.635655  -0.000064
108.655654  -0.000064
108.675653  0.000003
108.695652  -0.000064
108.715651  0.000069
108.735651  0.000069
108.755650  -0.000197
108.775649  -0.000064
108.795648  -0.000131
108.815647  0.000003
108.835647  0.000069
108.855646  -0.000131
108.875645  -0.000064
108.895644  0.000003
108.915643  0.000069
108.935643  0.000069
108.955642  -0.000064
108.975641  0.000136
108.995640  0.000003
109.015639  0.000069
109.035639  -0.000197
109.055638  -0.000064
109.075637  0.000003
109.095636  0.000203
109.115635  0.000270
109.135635  0.000003
109.155634  0.000003
109.175633  0.000003
109.195632  0.000069
109.215631  0.000069
109.235631  -0.000197
109.255630  -0.000064
109.275629  -0.000064
109.295628  0.000203
109.315627  0.000003
109.335627  -0.000064
109.355626  -0.000197
109.375625  -0.000064
109.395624  -0.000131
109.415623  -0.000064
109.435623  -0.000331
109.455622  0.000069
109.475621  0.000069
109.495620  0.000203
109.515619  -0.000064
109.535619  -0.000064
109.555618  -0.000064
109.575617  0.000003
109.595616  -0.000064
109.615615  -0.000197
109.635615  0.000003
109.655614  0.000069
109.675613  -0.000064
109.695612  -0.000331
109.715611  0.000003
109.735611  0.000003
109.755610  0.000003
109.775609  0.000069
109.795608  0.000069
109.815607  -0.000064
109.835607  0.000003
109.855606  0.000003
109.875605  -0.000064
109.895604  0.000069
109.915603  -0.000064
109.935603  -0.000064
109.955602  -0.000197
109.975601  -0.000064
109.995600  -0.000064
110.015599  0.000003
110.035599  0.000003
110.055598  0.000069
110.075597  -0.000131
110.095596  0.000069
110.115595  -0.000064
110.135595  0.000003
110.155594  0.000069
110.175593  0.000003
110.195592  -0.000197
110.215591  0.000069
110.235591  -0.000197
110.255590  -0.000064
110.275589  -0.000131
110.295588  0.000003
110.315587  0.000203
110.335587  0.000069
110.355586  -0.000131
110.375585  0.000069
110.395584  0.000069
110.415583  0.000003
110.435583  0.000136
110.455582  0.000069
110.475581  -0.000131
110.495580  -0.000264
110.515579  -0.000064
110.535579  0.000003
110.555578  -0.000131
110.575577  0.000136
110.595576  -0.000064
110.615575  -0.000064
110.635575  -0.000064
110.655574  0.000069
110.675573  0.000136
110.695572  0.000003
110.715571  0.000003
110.735571  0.000203
110.755570  -0.000064
110.775569  -0.000131
110.795568  0.000003
110.815567  0.000069
110.835567  -0.000131
110.855566  0.000003
110.875565  -0.000197
110.895564  0.000069
110.915563  0.000003
110.935563  0.000003
110.955562  -0.000197
110.975561  -0.000131
110.995560  0.000003
111.015559  -0.000064
111.035559  0.000203
111.055558  -0.000064
111.075557  -0.000064
111.095556  -0.000064
111.115555  0.000003
111.135555  -0.000197
111.155554  0.000003
111.175553  0.000003
111.195552  -0.000131
111.215551  -0.000064
111.235551  0.000003
111.255550  -0.000064
111.275549  -0.000131
111.295548  0.000069
111.315547  0.000003
111.335547  -0.000064
111.355546  0.000003
111.375545  0.000003
111.395544  0.000069
111.415543  -0.000131
111.435543  0.000003
111.455542  -0.000064
111.475541  -0.000064
111.495540  0.000136
111.515539  -0.000131
111.535539  -0.000064
111.555538  -0.000064
111.575537  0.000003
111.595536  -0.000131
111.615535  0.000069
111.635535  -0.000064
111.655534  0.000003
111.675533  -0.000131
111.695532  0.000003
111.715531  -0.000197
111.735531  -0.000264
111.755530  0.000003
111.775529  -0.000064
111.795528  -0.000197
111.815527  0.000003
111.835527  -0.000064
111.855526  -0.000064
111.875525  -0.000064
111.895524  0.000003
111.915523  0.000003
111.935523  -0.000064
111.955522  -0.000064
111.975521  0.000003
111.995520  -0.000197
112.015519  0.000003
112.035519  0.000136
112.055518  -0.000398
112.075517  -0.000131
112.095516  -0.000264
112.115515  -0.000264
112.135515  0.000003
112.155514  -0.000064
112.175513  0.000069
112.195512  0.000069
112.215511  -0.000064
112.235511  0.000069
112.255510  0.000069
112.275509  0.000003
112.295508  -0.000064
112.315507  -0.000064
112.335507  0.000003
112.355506  0.000203
112.375505  0.000069
112.395504  -0.000064
112.415503  -0.000197
112.435503  -0.000064
112.455502  0.000136
112.475501  0.000136
112.495500  -0.000197
112.515499  0.000003
112.535499  0.000136
112.555498  0.000069
112.575497  -0.000064
112.595496  -0.000064
112.615495  -0.000064
112.635495  -0.000131
112.655494  0.000069
112.675493  0.000069
112.695492  0.000069
112.715491  0.000069
112.735491  0.000069
112.755490  -0.000064
112.775489  0.000003
112.795488  0.000069
112.815487  0.000069
112.835487  -0.000064
112.855486  -0.000264
112.875485  -0.000064
112.895484  0.000069
112.915483  -0.000064
112.935483  0.000069
112.955482  0.000003
112.975481  0.000003
112.995480  0.000069
113.015479  0.000069
113.035479  -0.000064
113.055478  0.000003
113.075477  -0.000197
113.095476  0.000003
113.115475  0.000069
113.135475  0.000069
113.155474  0.000069
113.175473  0.000136
113.195472  0.000069
113.215471  0.000003
113.235471  0.000003
113.255470  0.000003
113.275469  -0.000197
113.295468  -0.000064
113.315467  -0.000064
113.335467  0.000069
113.355466  0.000003
113.375465  -0.000131
113.395464  -0.000131
113.415463  -0.000131
113.435463  -0.000064
113.455462  0.000003
113.475461  -0.000131
113.495460  -0.000064
113.515459  -0.000197
113.535459  -0.000064
113.555458  -0.000064
113.575457  0.000069
113.595456  0.000003
113.615455  -0.000064
113.635455  0.000003
113.655454  0.000069
113.675453  0.000003
113.695452  0.000069
113.715451  0.000136
113.735451  -0.000131
113.755450  0.000069
113.775449  -0.000264
113.795448  0.000003
113.815447  0.000003
113.835447  -0.000131
113.855446  0.000003
113.875445  -0.000197
113.895444  0.000069
113.915443  0.000069
113.935443  0.000003
113.955442  -0.000131
113.975441  0.000003
113.995440  -0.000131
114.015439  -0.000064
114.035439  0.000203
114.055438  0.000003
114.075437  0.000003
114.095436  -0.000064
114.115435  -0.000131
114.135435  -0.000064
114.155434  -0.000064
114.175433  -0.000064
114.195432  -0.000064
114.215431  0.000003
114.235431  0.000003
114.255430  -0.000131
114.275429  -0.000064
114.295428  -0.000131
114.315427  0.000003
114.335427  0.000003
114.355426  -0.000264
114.375425  0.000069
114.395424  -0.000197
114.415423  -0.000131
114.435423  0.000003
114.455422  -0.000131
114.475421  0.000136
114.495420  0.000136
114.515419  -0.000131
114.535419  0.000069
114.555418  -0.000197
114.575417  0.000069
114.595416  -0.000064
114.615415  -0.000131
114.635415  -0.000131
114.655414  0.000136
114.675413  0.000069
114.695412  0.000003
114.715411  0.000069
114.735411  0.000069
114.755410  0.000069
114.775409  0.000003
114.795408  0.000003
114.815407  0.000003
114.835407  -0.000064
114.855406  0.000003
114.875405  0.000003
114.895404  -0.000131
114.915403  0.000003
114.935403  0.000069
114.955402  -0.000064
114.975401  0.000069
114.995400  0.000003
115.015399  0.000003
115.035399  0.000069
115.055398  -0.000331
115.075397  0.000203
115.095396  -0.000131
115.115395  0.000003
115.135395  0.000136
115.155394  0.000003
115.175393  -0.000064
115.195392  0.000136
115.215391  0.000203
115.235391  0.000003
115.255390  -0.000131
115.275389  -0.000064
115.295388  0.000069
115.315387  0.000069
115.335387  0.000069
115.355386  0.000136
115.375385  0.000069
115.395384  0.000003
115.415383  -0.000064
115.435383  -0.000064
115.455382  -0.000131
115.475381  0.000069
115.495380  0.000069
115.515379  -0.000064
115.535379  -0.000331
115.555378  -0.000264
115.575377  -0.000064
115.595376  -0.000064
115.615375  -0.000064
115.635375  0.000136
115.655374  0.000003
115.675373  -0.000064
115.695372  0.000003
115.715371  -0.000064
115.735371  0.000069
115.755370  -0.000264
115.775369  0.000003
115.795368  -0.000064
115.815367  0.000069
115.835367  0.000069
115.855366  0.000069
115.875365  -0.000064
115.895364  -0.000131
115.915363  0.000003
115.935363  0.000069
115.955362  -0.000064
115.975361  -0.000131
115.995360  -0.000064
116.015359  0.000069
116.035359  -0.000064
116.055358  -0.000064
116.075357  0.000203
116.095356  -0.000131
116.115355  -0.000197
116.135355  -0.000264
116.155354  0.000136
116.175353  0.000136
116.195352  -0.000197
116.215351  -0.000197
116.235351  -0.000064
116.255350  -0.000131
116.275349  0.000136
116.295348  -0.000197
116.315347  0.000003
116.335347  -0.000264
116.355346  0.000003
116.375345  -0.000064
116.395344  0.000003
116.415343  -0.000064
116.435343  -0.000064
116.455342  -0.000131
116.475341  -0.000064
116.495340  0.000003
116.515339  0.000003
116.535339  -0.000131
116.555338  0.000136
116.575337  0.000003
116.595336  -0.000197
116.615335  -0.000197
116.635335  0.000069
116.655334  0.000069
116.675333  -0.000131
116.695332  -0.000064
116.715331  -0.000064
116.735331  0.000136
116.755330  0.000003
116.775329  0.000003
116.795328  -0.000131
116.815327  -0.000064
116.835327  -0.000131
116.855326  0.000069
116.875325  0.000003
116.895324  -0.000131
116.915323  -0.000131
116.935323  0.000003
116.955322  0.000003
116.975321  0.000003
116.995320  0.000003
117.015319  0.000003
117.035319  0.000069
117.055318  -0.000064
117.075317  -0.000064
117.095316  -0.000131
117.115315  -0.000197
117.135315  0.000003
117.155314  0.000069
117.175313  0.000003
117.195312  -0.000064
117.215311  0.000136
117.235311  -0.000064
117.255310  -0.000064
117.275309  0.000003
117.295308  0.000069
117.315307  0.000069
117.335307  0.000069
117.355306  -0.000197
117.375305  -0.000064
117.395304  -0.000064
117.415303  0.000069
117.435303  0.000069
117.455302  -0.000064
117.475301  -0.000264
117.495300  0.000003
117.515299  0.000069
117.535299  -0.000064
117.555298  0.000136
117.575297  -0.000064
117.595296  -0.000064
117.615295  0.000136
117.635295  0.000003
117.655294  0.000203
117.675293  0.000136
117.695292  -0.000064
117.715291  0.000003
117.735291  0.000003
117.755290  -0.000064
117.775289  -0.000197
117.795288  0.000136
117.815287  -0.000264
117.835287  -0.000197
117.855286  -0.000064
117.875285  -0.000064
117.895284  0.000069
117.915283  0.000136
117.935283  -0.000197
117.955282  -0.000131
117.975281  0.000069
117.995280  0.000003
118.015279  0.000136
118.035279  -0.000131
118.055278  0.000003
118.075277  0.000069
118.095276  0.000003
118.115275  0.000003
118.135275  -0.000064
118.155274  -0.000064
118.175273  -0.000064
118.195272  0.000003
118.215271  -0.000064
118.235271  -0.000197
118.255270  0.000003
118.275269  0.000136
118.295268  0.000069
118.315267  -0.000197
118.335267  0.000136
118.355266  0.000003
118.375265  0.000203
118.395264  0.000003
118.415263  -0.000264
118.435263  -0.000064
118.455262  0.000069
118.475261  0.000069
118.495260  0.000003
118.515259  -0.000131
118.535259  -0.000197
118.555258  0.000069
118.575257  0.000069
118.595256  -0.000197
118.615255  0.000203
118.635255  -0.000264
118.655254  0.000069
118.675253  0.000003
118.695252  -0.000131
118.715251  0.000003
118.735251  0.000069
118.755250  0.000003
118.775249  0.000203
118.795248  -0.000197
118.815247  -0.000197
118.835247  -0.000064
118.855246  0.000069
118.875245  0.000069
118.895244  -0.000331
118.915243  -0.000064
118.935243  -0.000064
118.955242  0.000203
118.975241  -0.000064
118.995240  0.000003
119.015239  0.000003
119.035239  0.000003
119.055238  0.000069
119.075237  -0.000131
119.095236  -0.000331
119.115235  -0.000064
119.135235  -0.000131
119.155234  -0.000131
119.175233  -0.000131
119.195232  -0.000197
119.215231  0.000069
119.235231  0.000136
119.255230  0.000136
119.275229  -0.000064
119.295228  0.000003
119.315227  0.000003
119.335227  0.000203
119.355226  -0.000064
119.375225  -0.000064
119.395224  -0.000064
119.415223  0.000003
119.435223  0.000069
119.455222  -0.000131
119.475221  0.000003
119.495220  -0.000197
119.515219  0.000069
119.535219  0.000069
119.555218  0.000003
119.575217  -0.000331
119.595216  -0.000064
119.615215  0.000003
119.635215  0.000069
119.655214  -0.000064
119.675213  -0.000197
119.695212  0.000003
119.715211  0.000270
119.735211  -0.000064
119.755210  0.000003
119.775209  0.000003
119.795208  -0.000064
119.815207  0.000069
119.835207  -0.000131
119.855206  -0.000264
119.875205  0.000203
119.895204  -0.000064
119.915203  -0.000064
119.935203  -0.000064
119.955202  -0.000131
119.975201  -0.000064
119.995200  -0.000131
120.015199  -0.000131
120.035199  -0.000131
120.055198  0.000003
120.075197  -0.000197
120.095196  0.000203
120.115195  -0.000131
120.135195  -0.000064
120.155194  0.000003
120.175193  -0.000064
120.195192  0.000203
120.215191  -0.000131
120.235191  0.000003
120.255190  -0.000064
120.275189  0.000003
120.295188  0.000003
120.315187  -0.000064
120.335187  -0.000131
120.355186  0.000136
120.375185  0.000003
120.395184  0.000270
120.415183  0.000003
120.435183  -0.000064
120.455182  0.000003
120.475181  0.000203
120.495180  -0.000131
120.515179  -0.000197
120.535179  0.000069
120.555178  0.000003
120.575177  0.000003
120.595176  0.000003
120.615175  0.000003
120.635175  0.000136
120.655174  -0.000131
120.675173  0.000069
120.695172  0.000069
120.715171  -0.000064
120.735171  -0.000064
120.755170  -0.000064
120.775169  -0.000264
120.795168  -0.000064
120.815167  0.000003
120.835167  -0.000197
120.855166  -0.000064
120.875165  0.000069
120.895164  0.000203
120.915163  0.000003
120.935163  0.000069
120.955162  0.000003
120.975161  0.000003
120.995160  -0.000064
121.015159  0.000003
121.035159  0.000003
121.055158  -0.000131
121.075157  -0.000064
121.095156  -0.000064
121.115155  0.000003
121.135155  0.000069
121.155154  -0.000064
121.175153  0.000203
121.195152  -0.000197
121.215151  0.000003
121.235151  -0.000064
121.255150  0.000069
121.275149  -0.000064
121.295148  0.000069
121.315147  0.000003
121.335147  0.000203
121.355146  0.000069
121.375145  0.000003
121.395144  -0.000131
121.415143  0.000003
121.435143  -0.000064
121.455142  0.000136
121.475141  0.000136
121.495140  -0.000064
121.515139  -0.000064
121.535139  -0.000197
121.555138  0.000003
121.575137  -0.000131
121.595136  0.000136
121.615135  -0.000064
121.635135  0.000069
121.655134  -0.000064
121.675133  0.000003
121.695132  0.000003
121.715131  0.000069
121.735131  -0.000131
121.755130  0.000003
121.775129  -0.000197
121.795128  -0.000131
121.815127  -0.000064
121.835127  0.000003
121.855126  0.000003
121.875125  -0.000064
121.895124  0.000003
121.915123  -0.000197
121.935123  -0.000197
121.955122  0.000003
121.975121  0.000003
121.995120  -0.000064
122.015119  -0.000064
122.035119  -0.000131
122.055118  0.000069
122.075117  0.000003
122.095116  0.000003
122.115115  -0.000197
122.135115  -0.000064
122.155114  -0.000064
122.175113  -0.000064
122.195112  -0.000064
122.215111  0.000069
122.235111  -0.000131
122.255110  -0.000131
122.275109  0.000003
122.295108  -0.000064
122.315107  0.000003
122.335107  0.000069
122.355106  0.000003
122.375105  0.000003
122.395104  -0.000064
122.415103  0.000069
122.435103  0.000003
122.455102  -0.000064
122.475101  0.000003
122.495100  0.000003
122.515099  0.000003
122.535099  0.000069
122.555098  -0.000064
122.575097  -0.000064
122.595096  0.000069
122.615095  -0.000064
122.635095  -0.000064
122.655094  -0.000131
122.675093  0.000003
122.695092  -0.000064
122.715091  0.000069
122.735091  0.000003
122.755090  -0.000064
122.775089  0.000003
122.795088  -0.000064
122.815087  -0.000197
122.835087  -0.000064
122.855086  -0.000064
122.875085  -0.000064
122.895084  0.000069
122.915083  0.000203
122.935083  -0.000064
122.955082  0.000203
122.975081  0.000069
122.995080  0.000069
123.015079  -0.000131
123.035079  0.000003
123.055078  0.000069
123.075077  0.000203
123.095076  -0.000064
123.115075  -0.000064
123.135075  0.000136
123.155074  0.000003
123.175073  0.000136
123.195072  -0.000197
123.215071  -0.000064
123.235071  0.000003
123.255070  0.000003
123.275069  -0.000398
123.295068  0.000003
123.315067  -0.000131
123.335067  0.000069
123.355066  0.000069
123.375065  -0.000331
123.395064  -0.000064
123.415063  0.000069
123.435063  0.000003
123.455062  -0.000131
123.475061  0.000003
123.495060  0.000003
123.515059  -0.000197
123.535059  -0.000064
123.555058  0.000069
123.575057  0.000069
123.595056  0.000003
123.615055  -0.000131
123.635055  -0.000197
123.655054  0.000136
123.675053  0.000003
123.695052  -0.000064
123.715051  0.000003
123.735051  -0.000131
123.755050  -0.000064
123.775049  -0.000064
123.795048  -0.000064
123.815047  -0.000064
123.835047  0.000003
123.855046  0.000003
123.875045  -0.000331
123.895044  0.000136
123.915043  -0.000064
123.935043  0.000069
123.955042  -0.000464
123.975041  0.000069
123.995040  0.000203
124.015039  0.000003
124.035039  0.000136
124.055038  0.000003
124.075037  -0.000131
124.095036  0.000003
124.115035  0.000003
124.135035  0.000069
124.155034  0.000003
124.175033  -0.000064
124.195032  -0.000197
124.215031  0.000003
124.235031  -0.000064
124.255030  -0.000197
124.275029  -0.000064
124.295028  -0.000064
124.315027  0.000003
124.335027  0.000069
124.355026  0.000003
124.375025  0.000003
124.395024  0.000003
124.415023  0.000203
124.435023  0.000270
124.455022  -0.000064
124.475021  -0.000064
124.495020  -0.000064
124.515019  -0.000197
124.535019  0.000003
124.555018  -0.000264
124.575017  -0.000131
124.595016  -0.000197
124.615015  0.000003
124.635015  0.000003
124.655014  0.000069
124.675013  -0.000064
124.695012  0.000069
124.715011  0.000003
124.735011  0.000069
124.755010  -0.000064
124.775009  -0.000064
124.795008  0.000069
124.815007  -0.000131
124.835007  0.000069
124.855006  0.000203
124.875005  0.000003
124.895004  0.000003
124.915003  -0.000064
124.935003  0.000069
124.955002  0.000003
124.975001  0.000069
124.995000  -0.000264
125.014999  0.000003
125.034999  0.000003
125.054998  0.000069
125.074997  -0.000131
125.094996  0.000003
125.114995  0.000069
125.134995  0.000069
125.154994  0.000136
125.174993  0.000003
125.194992  0.000003
125.214991  -0.000131
125.234991  0.000136
125.254990  0.000136
125.274989  0.000003
125.294988  0.000069
125.314987  0.000003
125.334987  0.000003
125.354986  0.000270
125.374985  0.000003
125.394984  0.000136
125.414983  0.000003
125.434983  -0.000264
125.454982  0.000136
125.474981  -0.000064
125.494980  -0.000197
125.514979  -0.000197
125.534979  0.000069
125.554978  0.000203
125.574977  -0.000197
125.594976  -0.000064
125.614975  -0.000064
125.634975  0.000003
125.654974  -0.000064
125.674973  0.000003
125.694972  -0.000064
125.714971  -0.000064
125.734971  0.000003
125.754970  -0.000064
125.774969  -0.000064
125.794968  0.000069
125.814967  -0.000064
125.834967  -0.000064
125.854966  -0.000064
125.874965  -0.000131
125.894964  -0.000264
125.914963  0.000003
125.934963  0.000003
125.954962  0.000003
125.974961  0.000003
125.994960  0.000136
126.014959  0.000003
126.034959  -0.000131
126.054958  0.000003
126.074957  0.000003
126.094956  -0.000131
126.114955  -0.000064
126.134955  -0.000131
126.154954  0.000003
126.174953  -0.000131
126.194952  0.000003
126.214951  0.000069
126.234951  0.000136
126.254950  0.000003
126.274949  -0.000064
126.294948  0.000069
126.314947  -0.000131
126.334947  0.000003
126.354946  -0.000197
126.374945  0.000003
126.394944  0.000003
126.414943  0.000003
126.434943  0.000203
126.454942  -0.000131
126.474941  -0.000197
126.494940  -0.000131
126.514939  -0.000131
126.534939  0.000003
126.554938  0.000069
126.574937  0.000003
126.594936  -0.000064
126.614935  0.000003
126.634935  -0.000131
126.654934  0.000069
126.674933  0.000069
126.694932  -0.000197
126.714931  0.000069
126.734931  -0.000064
126.754930  0.000003
126.774929  0.000136
126.794928  -0.000064
126.814927  0.000069
126.834927  0.000069
126.854926  0.000136
126.874925  0.000069
126.894924  -0.000197
126.914923  -0.000131
126.934923  0.000136
126.954922  0.000069
126.974921  -0.000131
126.994920  0.000003
127.014919  -0.000131
127.034919  0.000069
127.054918  0.000069
127.074917  -0.000064
127.094916  -0.000064
127.114915  0.000069
127.134915  0.000003
127.154914  0.000136
127.174913  0.000270
127.194912  -0.000131
127.214911  -0.000064
127.234911  -0.000064
127.254910  0.000069
127.274909  -0.000064
127.294908  -0.000197
127.314907  0.000003
127.334907  -0.000064
127.354906  0.000136
127.374905  0.000136
127.394904  -0.000064
127.414903  0.000003
127.434903  -0.000331
127.454902  -0.000064
127.474901  -0.000197
127.494900  0.000069
127.514899  0.000069
127.534899  0.000003
127.554898  -0.000064
127.574897  0.000069
127.594896  0.000003
127.614895  -0.000131
127.634895  0.000069
127.654894  -0.000064
127.674893  -0.000197
127.694892  -0.000064
127.714891  0.000069
127.734891  0.000003
127.754890  -0.000064
127.774889  -0.000064
127.794888  0.000203
127.814887  -0.000131
127.834887  -0.000131
127.854886  -0.000064
127.874885  -0.000064
127.894884  -0.000064
127.914883  0.000003
127.934883  -0.000064
127.954882  0.000003
127.974881  0.000003
127.994880  0.000003
128.014879  0.000069
128.034879  0.000069
128.054878  -0.000064
128.074877  0.000003
128.094876  -0.000064
128.114875  0.000069
128.134875  -0.000131
128.154874  -0.000197
128.174873  -0.000064
128.194872  0.000003
128.214871  0.000203
128.234871  0.000069
128.254870  -0.000064
128.274869  0.000069
128.294868  0.000003
128.314867  0.000003
128.334867  -0.000131
128.354866  0.000069
128.374865  -0.000064
128.394864  0.000203
128.414863  -0.000064
128.434863  0.000003
128.454862  0.000003
128.474861  0.000069
128.494860  0.000069
128.514859  -0.000064
128.534859  -0.000131
128.554858  -0.000331
128.574857  0.000136
128.594856  0.000003
128.614855  0.000136
128.634855  0.000003
128.654854  0.000003
128.674853  0.000470
128.694852  -0.000064
128.714851  0.000069
128.734851  -0.000131
128.754850  0.000136
128.774849  0.000003
128.794848  0.000003
128.814847  -0.000331
128.834847  0.000270
128.854846  0.000003
128.874845  -0.000197
128.894844  0.000003
128.914843  -0.000131
128.934843  0.000069
128.954842  -0.000064
128.974841  0.000069
128.994840  -0.000064
129.014839  0.000203
129.034839  0.000003
129.054838  -0.000064
129.074837  0.000069
129.094836  -0.000064
129.114835  0.000003
129.134835  -0.000197
129.154834  -0.000064
129.174833  0.000069
129.194832  -0.000131
129.214831  -0.000064
129.234831  0.000003
129.254830  -0.000064
129.274829  0.000069
129.294828  -0.000131
129.314827  0.000136
129.334827  0.000136
129.354826  -0.000197
129.374825  0.000203
129.394824  -0.000064
129.414823  -0.000064
129.434823  -0.000064
129.454822  0.000003
129.474821  0.000270
129.494820  0.000069
129.514819  -0.000064
129.534819  0.000003
129.554818  -0.000064
129.574817  0.000003
129.594816  0.000003
129.614815  -0.000064
129.634815  0.000069
129.654814  0.000069
129.674813  0.000003
129.694812  -0.000131
129.714811  0.000069
129.734811  -0.000064
129.754810  -0.000064
129.774809  0.000069
129.794808  -0.000064
129.814807  0.000003
129.834807  -0.000064
129.854806  -0.000197
129.874805  -0.000064
129.894804  0.000069
129.914803  0.000069
129.934803  -0.000064
129.954802  -0.000064
129.974801  -0.000064
129.994800  0.000003
130.014799  -0.000064
130.034799  0.000003
130.054798  -0.000064
130.074797  0.000136
130.094796  0.000003
130.114795  -0.000064
130.134795  0.000069
130.154794  -0.000131
130.174793  -0.000064
130.194792  0.000003
130.214791  -0.000197
130.234791  -0.000064
130.254790  -0.000197
130.274789  -0.000264
130.294788  0.000203
130.314787  0.000136
130.334787  -0.000131
130.354786  -0.000064
130.374785  0.000003
130.394784  -0.000131
130.414783  0.000003
130.434783  -0.000197
130.454782  -0.000064
130.474781  -0.000064
130.494780  -0.000064
130.514779  0.000136
130.534779  -0.000064
130.554778  -0.000131
130.574777  0.000003
130.594776  -0.000064
130.614775  0.000069
130.634775  -0.000131
130.654774  0.000003
130.674773  -0.000064
130.694772  0.000003
130.714771  0.000003
130.734771  0.000003
130.754770  -0.000064
130.774769  0.000003
130.794768  -0.000064
130.814767  -0.000064
130.834767  -0.000064
130.854766  -0.000064
130.874765  -0.000197
130.894764  -0.000064
130.914763  -0.000131
130.934763  0.000003
130.954762  0.000003
130.974761  -0.000197
130.994760  0.000069
131.014759  -0.000064
131.034759  -0.000131
131.054758  0.000003
131.074757  -0.000131
131.094756  0.000003
131.114755  0.000003
131.134755  0.000069
131.154754  0.000069
131.174753  0.000003
131.194752  0.000003
131.214751  0.000069
131.234751  -0.000197
131.254750  0.000003
131.274749  0.000069
131.294748  -0.000064
131.314747  0.000136
131.334747  -0.000131
131.354746  0.000003
131.374745  0.000003
131.394744  -0.000197
131.414743  0.000003
131.434743  0.000069
131.454742  -0.000197
131.474741  0.000003
131.494740  0.000069
131.514739  -0.000131
131.534739  -0.000064
131.554738  0.000003
131.574737  -0.000064
131.594736  -0.000197
131.614735  0.000003
131.634735  -0.000131
131.654734  0.000003
131.674733  0.000003
131.694732  0.000003
131.714731  0.000136
131.734731  0.000003
131.754730  -0.000131
131.774729  0.000069
131.794728  -0.000197
131.814727  0.000003
131.834727  0.000003
131.854726  0.000336
131.874725  -0.000064
131.894724  0.000069
131.914723  0.000003
131.934723  0.000069
131.954722  0.000136
131.974721  -0.000064
131.994720  0.000003
132.014719  -0.000064
132.034719  0.000136
132.054718  0.000136
132.074717  0.000069
132.094716  0.000069
132.114715  -0.000064
132.134715  -0.000131
132.154714  0.000069
132.174713  0.000003
132.194712  0.000069
132.214711  -0.000064
132.234711  0.000069
132.254710  0.000003
132.274709  0.000003
132.294708  -0.000064
132.314707  0.000069
132.334707  0.000069
132.354706  -0.000064
132.374705  -0.000131
132.394704  0.000003
132.414703  -0.000064
132.434703  -0.000131
132.454702  0.000003
132.474701  0.000069
132.494700  -0.000264
132.514699  -0.000131
132.534699  -0.000064
132.554698  -0.000064
132.574697  -0.000064
132.594696  0.000069
132.614695  -0.000131
132.634695  -0.000064
132.654694  0.000003
132.674693  0.000003
132.694692  -0.000131
132.714691  -0.000064
132.734691  -0.000064
132.754690  -0.000064
132.774689  -0.000064
132.794688  -0.000064
132.814687  -0.000064
132.834687  -0.000064
132.854686  -0.000064
132.874685  0.000069
132.894684  -0.000064
132.914683  -0.000264
132.934683  -0.000131
132.954682  0.000203
132.974681  0.000003
132.994680  -0.000064
133.014679  -0.000064
133.034679  -0.000064
133.054678  0.000069
133.074677  0.000136
133.094676  0.000069
133.114675  -0.000131
133.134675  0.000069
133.154674  -0.000064
133.174673  0.000069
133.194672  0.000003
133.214671  -0.000131
133.234671  0.000003
133.254670  0.000069
133.274669  0.000003
133.294668  -0.000064
133.314667  0.000003
133.334667  -0.000064
133.354666  0.000069
133.374665  -0.000064
133.394664  -0.000131
133.414663  0.000003
133.434663  0.000003
133.454662  0.000003
133.474661  -0.000264
133.494660  -0.000197
133.514659  -0.000064
133.534659  0.000003
133.554658  0.000003
133.574657  -0.000064
133.594656  0.000003
133.614655  0.000003
133.634655  0.000003
133.654654  0.000069
133.674653  0.000069
133.694652  -0.000197
133.714651  0.000069
133.734651  -0.000131
133.754650  0.000069
133.774649  0.000069
133.794648  -0.000131
133.814647  -0.000131
133.834647  0.000136
133.854646  -0.000131
133.874645  0.000003
133.894644  0.000003
133.914643  -0.000064
133.934643  -0.000064
133.954642  0.000003
133.974641  -0.000131
133.994640  0.000069
134.014639  -0.000131
134.034639  -0.000131
134.054638  0.000069
134.074637  0.000003
134.094636  0.000136
134.114635  -0.000131
134.134635  0.000003
134.154634  0.000003
134.174633  0.000136
134.194632  0.000003
134.214631  0.000003
134.234631  0.000003
134.254630  -0.000064
134.274629  0.000003
134.294628  0.000003
134.314627  0.000003
134.334627  -0.000197
134.354626  -0.000264
134.374625  0.000003
134.394624  0.000069
134.414623  0.000069
134.434623  0.000136
134.454622  -0.000064
134.474621  -0.000331
134.494620  -0.000264
134.514619  -0.000064
134.534619  0.000003
134.554618  0.000003
134.574617  -0.000064
134.594616  -0.000131
134.614615  -0.000064
134.634615  0.000003
134.654614  0.000003
134.674613  0.000069
134.694612  0.000003
134.714611  -0.000197
134.734611  0.000069
134.754610  0.000069
134.774609  0.000270
134.794608  0.000136
134.814607  -0.000064
134.834607  0.000003
134.854606  0.000003
134.874605  -0.000064
134.894604  -0.000131
134.914603  0.000003
134.934603  -0.000064
134.954602  0.000003
134.974601  0.000003
134.994600  0.000069
135.014599  -0.000064
135.034599  0.000136
135.054598  -0.000264
135.074597  0.000203
135.094596  -0.000064
135.114595  -0.000131
135.134595  -0.000064
135.154594  0.000003
135.174593  -0.000131
135.194592  0.000136
135.214591  0.000136
135.234591  -0.000064
135.254590  -0.000131
135.274589  0.000003
135.294588  -0.000064
135.314587  0.000069
135.334587  -0.000197
135.354586  -0.000064
135.374585  -0.000064
135.394584  0.000003
135.414583  0.000003
135.434583  0.000003
135.454582  0.000069
135.474581  0.000069
135.494580  -0.000131
135.514579  0.000003
135.534579  0.000003
135.554578  -0.000131
135.574577  0.000136
135.594576  -0.000131
135.614575  0.000003
135.634575  0.000003
135.654574  -0.000064
135.674573  0.000203
135.694572  0.000136
135.714571  -0.000064
135.734571  0.000003
135.754570  -0.000064
135.774569  0.000069
135.794568  -0.000264
135.814567  -0.000264
135.834567  -0.000131
135.854566  0.000003
135.874565  -0.000197
135.894564  0.000003
135.914563  -0.000064
135.934563  0.000136
135.954562  0.000003
135.974561  -0.000331
135.994560  0.000003
136.014559  0.000003
136.034559  -0.000064
136.054558  -0.000131
136.074557  0.000069
136.094556  -0.000064
136.114555  0.000069
136.134555  0.000069
136.154554  0.000069
136.174553  0.000003
136.194552  0.000003
136.214551  0.000003
136.234551  -0.000064
136.254550  -0.000197
136.274549  0.000069
136.294548  0.000003
136.314547  -0.000064
136.334547  0.000003
136.354546  -0.000131
136.374545  -0.000064
136.394544  0.000069
136.414543  -0.000064
136.434543  0.000069
136.454542  0.000003
136.474541  -0.000197
136.494540  0.000069
136.514539  0.000069
136.534539  0.000136
136.554538  -0.000131
136.574537  -0.000197
136.594536  -0.000064
136.614535  -0.000064
136.634535  -0.000064
136.654534  -0.000064
136.674533  -0.000131
136.694532  0.000136
136.714531  -0.000331
136.734531  0.000069
136.754530  0.000136
136.774529  0.000003
136.794528  -0.000131
136.814527  -0.000064
136.834527  0.000003
136.854526  -0.000398
136.874525  0.000003
136.894524  -0.000131
136.914523  -0.000064
136.934523  0.000069
136.954522  -0.000131
136.974521  0.000069
136.994520  -0.000131
137.014519  0.000003
137.034519  0.000003
137.054518  -0.000064
137.074517  -0.000131
137.094516  -0.000064
137.114515  0.000003
137.134515  -0.000064
137.154514  -0.000131
137.174513  -0.000064
137.194512  -0.000131
137.214511  0.000069
137.234511  -0.000064
137.254510  0.000069
137.274509  0.000136
137.294508  -0.000131
137.314507  0.000003
137.334507  -0.000197
137.354506  0.000069
137.374505  0.000136
137.394504  0.000003
137.414503  -0.000064
137.434503  -0.000131
137.454502  0.000069
137.474501  0.000003
137.494500  0.000003
137.514499  -0.000131
137.534499  -0.000197
137.554498  0.000069
137.574497  0.000069
137.594496  0.000069
137.614495  -0.000197
137.634495  0.000003
137.654494  0.000003
137.674493  0.000136
137.694492  0.000069
137.714491  -0.000064
137.734491  0.000069
137.754490  0.000003
137.774489  0.000136
137.794488  -0.000131
137.814487  -0.000131
137.834487  0.000069
137.854486  0.000069
137.874485  0.000003
137.894484  0.000003
137.914483  0.000003
137.934483  0.000003
137.954482  0.000203
137.974481  0.000136
137.994480  -0.000064
138.014479  -0.000131
138.034479  0.000003
138.054478  0.000003
138.074477  0.000069
138.094476  -0.000131
138.114475  0.000003
138.134475  0.000003
138.154474  -0.000131
138.174473  0.000003
138.194472  0.000003
138.214471  -0.000064
138.234471  0.000069
138.254470  0.000136
138.274469  0.000003
138.294468  -0.000064
138.314467  0.000003
138.334467  0.000003
138.354466  0.000136
138.374465  0.000069
138.394464  -0.000064
138.414463  0.000003
138.434463  0.000003
138.454462  0.000069
138.474461  -0.000197
138.494460  0.000003
138.514459  -0.000131
138.534459  -0.000131
138.554458  -0.000064
138.574457  -0.000064
138.594456  -0.000064
138.614455  0.000069
138.634455  -0.000064
138.654454  -0.000064
138.674453  -0.000197
138.694452  -0.000131
138.714451  0.000136
138.734451  0.000069
138.754450  -0.000064
138.774449  -0.000197
138.794448  0.000003
138.814447  0.000003
138.834447  0.000069
138.854446  -0.000064
138.874445  -0.000197
138.894444  -0.000197
138.914443  -0.000131
138.934443  -0.000064
138.954442  -0.000197
138.974441  -0.000331
138.994440  -0.000064
139.014439  0.000003
139.034439  0.000203
139.054438  0.000069
139.074437  -0.000197
139.094436  0.000136
139.114435  0.000136
139.134435  -0.000131
139.154434  -0.000064
139.174433  -0.000197
139.194432  0.000003
139.214431  0.000069
139.234431  -0.000197
139.254430  0.000003
139.274429  0.000069
139.294428  0.000069
139.314427  -0.000064
139.334427  -0.000197
139.354426  -0.000064
139.374425  0.000003
139.394424  0.000003
139.414423  0.000136
139.434423  -0.000064
139.454422  -0.000131
139.474421  0.000003
139.494420  0.000069
139.514419  -0.000064
139.534419  -0.000064
139.554418  0.000003
139.574417  0.000203
139.594416  0.000069
139.614415  -0.000064
139.634415  0.000069
139.654414  0.000003
139.674413  -0.000131
139.694412  0.000003
139.714411  -0.000064
139.734411  -0.000131
139.754410  -0.000064
139.774409  -0.000064
139.794408  0.000069
139.814407  -0.000064
139.834407  -0.000197
139.854406  0.000069
139.874405  0.000136
139.894404  0.000069
139.914403  -0.000131
139.934403  0.000003
139.954402  0.000003
139.974401  0.000136
139.994400  0.000003
140.014399  -0.000131
140.034399  -0.000064
140.054398  0.000003
140.074397  0.000136
140.094396  0.000003
140.114395  -0.000064
140.134395  -0.000131
140.154394  0.000069
140.174393  -0.000064
140.194392  0.000003
140.214391  -0.000264
140.234391  -0.000064
140.254390  0.000003
140.274389  -0.000131
140.294388  0.000003
140.314387  -0.000064
140.334387  -0.000131
140.354386  0.000003
140.374385  -0.000064
140.394384  0.000003
140.414383  -0.000064
140.434383  0.000069
140.454382  0.000003
140.474381  0.000003
140.494380  -0.000197
140.514379  0.000003
140.534379  -0.000064
140.554378  0.000069
140.574377  0.000003
140.594376  -0.000064
140.614375  -0.000064
140.634375  -0.000131
140.654374  0.000003
140.674373  0.000003
140.694372  -0.000064
140.714371  -0.000264
140.734371  0.000069
140.754370  0.000069
140.774369  0.000003
140.794368  0.000003
140.814367  0.000069
140.834367  0.000136
140.854366  0.000003
140.874365  -0.000197
140.894364  0.000003
140.914363  -0.000064
140.934363  -0.000131
140.954362  0.000003
140.974361  0.000069
140.994360  0.000003
141.014359  0.000203
141.034359  0.000003
141.054358  -0.000064
141.074357  0.000003
141.094356  0.000136
141.114355  -0.000064
141.134355  -0.000197
141.154354  0.000003
141.174353  0.000069
141.194352  0.000003
141.214351  0.000003
141.234351  0.000069
141.254350  -0.000064
141.274349  -0.000064
141.294348  -0.000064
141.314347  -0.000064
141.334347  0.000003
141.354346  -0.000064
141.374345  -0.000064
141.394344  0.000003
141.414343  -0.000064
141.434343  -0.000064
141.454342  0.000069
141.474341  0.000136
141.494340  -0.000131
141.514339  0.000003
141.534339  -0.000064
141.554338  0.000003
141.574337  -0.000131
141.594336  0.000069
141.614335  -0.000464
141.634335  -0.000064
141.654334  0.000069
141.674333  -0.000064
141.694332  -0.000131
141.714331  0.000003
141.734331  -0.000131
141.754330  0.000003
141.774329  -0.000064
141.794328  0.000003
141.814327  0.000136
141.834327  -0.000064
141.854326  -0.000131
141.874325  0.000069
141.894324  -0.000131
141.914323  -0.000064
141.934323  0.000003
141.954322  -0.000064
141.974321  0.000069
141.994320  0.000003
142.014319  0.000003
142.034319  0.000003
142.054318  -0.000131
142.074317  -0.000064
142.094316  0.000136
142.114315  -0.000131
142.134315  0.000069
142.154314  0.000069
142.174313  -0.000064
142.194312  -0.000064
142.214311  -0.000064
142.234311  -0.000197
142.254310  0.000136
142.274309  0.000003
142.294308  -0.000197
142.314307  0.000069
142.334307  -0.000064
142.354306  -0.000197
142.374305  0.000069
142.394304  -0.000064
142.414303  0.000003
142.434303  -0.000131
142.454302  -0.000064
142.474301  0.000069
142.494300  -0.000197
142.514299  0.000069
142.534299  -0.000064
142.554298  -0.000064
142.574297  0.000136
142.594296  -0.000064
142.614295  -0.000064
142.634295  -0.000064
142.654294  0.000003
142.674293  -0.000197
142.694292  -0.000331
142.714291  -0.000064
142.734291  0.000003
142.754290  0.000003
142.774289  0.000003
142.794288  -0.000064
142.814287  0.000069
142.834287  0.000003
142.854286  -0.000131
142.874285  -0.000064
142.894284  0.000003
142.914283  0.000003
142.934283  -0.000131
142.954282  -0.000197
142.974281  0.000136
142.994280  0.000069
143.014279  0.000003
143.034279  -0.000064
143.054278  -0.000197
143.074277  0.000069
143.094276  -0.000064
143.114275  0.000069
143.134275  0.000003
143.154274  0.000003
143.174273  -0.000064
143.194272  0.000069
143.214271  -0.000064
143.234271  -0.000131
143.254270  0.000136
143.274269  -0.000131
143.294268  -0.000264
143.314267  -0.000064
143.334267  -0.000064
143.354266  0.000003
143.374265  0.000003
143.394264  -0.000131
143.414263  -0.000064
143.434263  0.000003
143.454262  0.000136
143.474261  -0.000131
143.494260  0.000003
143.514259  -0.000064
143.534259  -0.000197
143.554258  0.000069
143.574257  0.000136
143.594256  0.000003
143.614255  0.000003
143.634255  0.000003
143.654254  0.000003
143.674253  -0.000197
143.694252  -0.000064
143.714251  -0.000131
143.734251  0.000136
143.754250  -0.000064
143.774249  -0.000064
143.794248  -0.000064
143.814247  0.000003
143.834247  0.000069
143.854246  -0.000131
143.874245  0.000069
143.894244  -0.000064
143.914243  -0.000131
143.934243  0.000003
143.954242  -0.000064
143.974241  -0.000064
143.994240  0.000403
144.014239  -0.000197
144.034239  -0.000064
144.054238  -0.000064
144.074237  0.000003
144.094236  0.000003
144.114235  -0.000064
144.134235  -0.000064
144.154234  -0.000131
144.174233  0.000003
144.194232  -0.000064
144.214231  -0.000064
144.234231  0.000003
144.254230  -0.000064
144.274229  0.000203
144.294228  -0.000064
144.314227  0.000136
144.334227  -0.000064
144.354226  -0.000064
144.374225  -0.000131
144.394224  0.000003
144.414223  -0.000197
144.434223  0.000003
144.454222  -0.000264
144.474221  -0.000131
144.494220  0.000136
144.514219  0.000003
144.534219  0.000003
144.554218  0.000136
144.574217  0.000136
144.594216  -0.000064
144.614215  -0.000197
144.634215  0.000136
144.654214  -0.000064
144.674213  -0.000131
144.694212  -0.000131
144.714211  -0.000064
144.734211  0.000003
144.754210  -0.000064
144.774209  -0.000064
144.794208  -0.000064
144.814207  0.000270
144.834207  -0.000064
144.854206  -0.000197
144.874205  -0.000131
144.894204  0.000003
144.914203  0.000069
144.934203  -0.000064
144.954202  -0.000197
144.974201  0.000003
144.994200  0.000003
145.014199  0.000069
145.034199  -0.000064
145.054198  0.000069
145.074197  -0.000064
145.094196  0.000069
145.114195  0.000003
145.134195  -0.000197
145.154194  0.000136
145.174193  0.000003
145.194192  -0.000131
145.214191  0.000003
145.234191  0.000203
145.254190  -0.000131
145.274189  0.000069
145.294188  0.000003
145.314187  0.000003
145.334187  -0.000064
145.354186  0.000003
145.374185  -0.000064
145.394184  -0.000064
145.414183  -0.000064
145.434183  0.000069
145.454182  -0.000131
145.474181  0.000003
145.494180  -0.000264
145.514179  -0.000064
145.534179  -0.000064
145.554178  0.000069
145.574177  -0.000064
145.594176  0.000069
145.614175  0.000069
145.634175  0.000003
145.654174  -0.000064
145.674173  0.000069
145.694172  -0.000064
145.714171  -0.000064
145.734171  0.000069
145.754170  0.000069
145.774169  -0.000264
145.794168  0.000069
145.814167  0.000069
145.834167  0.000003
145.854166  0.000403
145.874165  0.000003
145.894164  0.000136
145.914163  0.000069
145.934163  0.000203
145.954162  -0.000064
145.974161  0.000069
145.994160  -0.000398
146.014159  -0.000064
146.034159  -0.000064
146.054158  0.000069
146.074157  0.000003
146.094156  0.000003
146.114155  0.000003
146.134155  0.000069
146.154154  0.000003
146.174153  0.000003
146.194152  -0.000131
146.214151  -0.000064
146.234151  0.000203
146.254150  0.000003
146.274149  -0.000197
146.294148  0.000003
146.314147  0.000003
146.334147  -0.000064
146.354146  0.000270
146.374145  0.000069
146.394144  0.000003
146.414143  -0.000264
146.434143  -0.000064
146.454142  0.000003
146.474141  -0.000131
146.494140  0.000136
146.514139  0.000003
146.534139  -0.000064
146.554138  0.000003
146.574137  -0.000131
146.594136  -0.000064
146.614135  -0.000131
146.634135  -0.000131
146.654134  0.000069
146.674133  0.000003
146.694132  0.000069
146.714131  0.000003
146.734131  0.000069
146.754130  -0.000197
146.774129  0.000069
146.794128  -0.000064
146.814127  -0.000064
146.834127  0.000003
146.854126  0.000003
146.874125  -0.000064
146.894124  -0.000064
146.914123  -0.000064
146.934123  0.000003
146.954122  -0.000064
146.974121  0.000003
146.994120  0.000136
147.014119  -0.000131
147.034119  -0.000064
147.054118  -0.000131
147.074117  0.000069
147.094116  -0.000197
147.114115  -0.000064
147.134115  0.000069
147.154114  -0.000064
147.174113  0.000069
147.194112  -0.000264
147.214111  0.000069
147.234111  -0.000064
147.254110  0.000136
147.274109  -0.000131
147.294108  0.000069
147.314107  0.000003
147.334107  -0.000064
147.354106  -0.000064
147.374105  0.000003
147.394104  0.000003
147.414103  0.000069
147.434103  0.000003
147.454102  -0.000131
147.474101  -0.000064
147.494100  -0.000064
147.514099  0.000069
147.534099  0.000003
147.554098  0.000003
147.574097  0.000003
147.594096  0.000003
147.614095  0.000136
147.634095  0.000069
147.654094  0.000003
147.674093  0.000003
147.694092  0.000003
147.714091  -0.000064
147.734091  -0.000197
147.754090  -0.000197
147.774089  0.000069
147.794088  -0.000064
147.814087  -0.000131
147.834087  -0.000197
147.854086  0.000003
147.874085  0.000069
147.894084  0.000003
147.914083  0.000069
147.934083  -0.000131
147.954082  0.000069
147.974081  -0.000064
147.994080  0.000003
148.014079  -0.000197
148.034079  0.000003
148.054078  -0.000064
148.074077  0.000270
148.094076  0.000136
148.114075  -0.000197
148.134075  0.000336
148.154074  0.000069
148.174073  0.000069
148.194072  0.000069
148.214071  0.000003
148.234071  0.000069
148.254070  0.000069
148.274069  0.000003
148.294068  -0.000131
148.314067  -0.000197
148.334067  -0.000064
148.354066  0.000069
148.374065  -0.000064
148.394064  0.000136
148.414063  0.000136
148.434063  0.000003
148.454062  0.000136
148.474061  -0.000131
148.494060  -0.000064
148.514059  0.000136
148.534059  0.000069
148.554058  0.000003
148.574057  -0.000131
148.594056  -0.000064
148.614055  0.000069
148.634055  0.000003
148.654054  -0.000064
148.674053  0.000003
148.694052  -0.000197
148.714051  0.000003
148.734051  0.000069
148.754050  -0.000064
148.774049  -0.000197
148.794048  -0.000064
148.814047  0.000003
148.834047  0.000136
148.854046  0.000069
148.874045  0.000003
148.894044  0.000136
148.914043  -0.000131
148.934043  0.000069
148.954042  0.000136
148.974041  0.000069
148.994040  0.000003
149.014039  0.000069
149.034039  0.000069
149.054038  0.000069
149.074037  -0.000197
149.094036  -0.000064
149.114035  0.000069
149.134035  -0.000131
149.154034  -0.000064
149.174033  0.000003
149.194032  0.000203
149.214031  0.000136
149.234031  0.000069
149.254030  -0.000331
149.274029  -0.000131
149.294028  0.000069
149.314027  0.000069
149.334027  -0.000131
149.354026  0.000003
149.374025  -0.000264
149.394024  -0.000131
149.414023  0.000069
149.434023  -0.000131
149.454022  -0.000131
149.474021  -0.000197
149.494020  0.000003
149.514019  0.000003
149.534019  0.000003
149.554018  -0.000531
149.574017  -0.000131
149.594016  0.000003
149.614015  -0.000131
149.634015  0.000003
149.654014  -0.000197
149.674013  -0.000131
149.694012  -0.000131
149.714011  -0.000064
149.734011  -0.000197
149.754010  -0.000064
149.774009  0.000069
149.794008  0.000069
149.814007  -0.000064
149.834007  -0.000197
149.854006  0.000336
149.874005  0.000136
149.894004  0.000069
149.914003  -0.000064
149.934003  -0.000064
149.954002  -0.000064
149.974001  0.000069
149.994000  0.000069
150.013999  -0.000197
150.033999  -0.000064
150.053998  -0.000064
150.073997  0.000069
150.093996  -0.000064
150.113995  -0.000131
150.133995  -0.000264
150.153994  0.000003
150.173993  -0.000131
150.193992  -0.000131
150.213991  0.000003
150.233991  -0.000064
150.253990  0.000003
150.273989  -0.000064
150.293988  -0.000197
150.313987  0.000003
150.333987  0.000003
150.353986  -0.000197
150.373985  0.000069
150.393984  -0.000064
150.413983  0.000069
150.433983  -0.000131
150.453982  -0.000131
150.473981  0.000003
150.493980  0.000069
150.513979  0.000136
150.533979  0.000136
150.553978  0.000003
150.573977  0.000003
150.593976  -0.000131
150.613975  0.000136
150.633975  0.000003
150.653974  -0.000064
150.673973  0.000069
150.693972  0.000003
150.713971  -0.000197
150.733971  0.000270
150.753970  -0.000064
150.773969  0.000003
150.793968  0.000003
150.813967  -0.000064
150.833967  -0.000131
150.853966  0.000003
150.873965  0.000003
150.893964  -0.000064
150.913963  0.000069
150.933963  -0.000131
150.953962  0.000069
150.973961  -0.000064
150.993960  -0.000064
151.013959  0.000136
151.033959  -0.000064
151.053958  -0.000064
151.073957  0.000069
151.093956  -0.000064
151.113955  -0.000064
151.133955  -0.000197
151.153954  0.000069
151.173953  -0.000064
151.193952  0.000069
151.213951  0.000003
151.233951  0.000069
151.253950  0.000069
151.273949  -0.000064
151.293948  -0.000131
151.313947  -0.000064
151.333947  0.000203
151.353946  -0.000064
151.373945  0.000136
151.393944  -0.000131
151.413943  -0.000064
151.433943  -0.000064
151.453942  0.000003
151.473941  -0.000131
151.493940  -0.000064
151.513939  0.000136
151.533939  0.000003
151.553938  0.000003
151.573937  0.000003
151.593936  -0.000064
151.613935  -0.000064
151.633935  0.000003
151.653934  0.000136
151.673933  -0.000131
151.693932  -0.000064
151.713931  -0.000064
151.733931  -0.000131
151.753930  -0.000064
151.773929  -0.000197
151.793928  0.000003
151.813927  0.000003
151.833927  0.000069
151.853926  -0.000197
151.873925  -0.000064
151.893924  -0.000064
151.913923  -0.000398
151.933923  -0.000064
151.953922  0.000069
151.973921  0.000003
151.993920  -0.000064
152.013919  -0.000131
152.033919  0.000136
152.053918  -0.000131
152.073917  -0.000064
152.093916  -0.000064
152.113915  -0.000064
152.133915  -0.000197
152.153914  0.000069
152.173913  -0.000131
152.193912  0.000003
152.213911  0.000003
152.233911  -0.000064
152.253910  -0.000064
152.273909  0.000003
152.293908  -0.000131
152.313907  0.000069
152.333907  -0.000064
152.353906  0.000203
152.373905  0.000003
152.393904  0.000069
152.413903  -0.000064
152.433903  0.000003
152.453902  -0.000264
152.473901  0.000003
152.493900  0.000003
152.513899  -0.000064
152.533899  0.000136
152.553898  0.000069
152.573897  -0.000064
152.593896  -0.000064
152.613895  0.000069
152.633895  -0.000131
152.653894  0.000069
152.673893  0.000069
152.693892  0.000069
152.713891  -0.000064
152.733891  0.000003
152.753890  -0.000064
152.773889  -0.000197
152.793888  -0.000131
152.813887  0.000069
152.833887  -0.000197
152.853886  0.000069
152.873885  0.000003
152.893884  0.000003
152.913883  -0.000131
152.933883  0.000003
152.953882  -0.000064
152.973881  0.000003
152.993880  -0.000064
153.013879  -0.000064
153.033879  -0.000197
153.053878  0.000270
153.073877  0.000136
153.093876  0.000069
153.113875  -0.000064
153.133875  -0.000131
153.153874  0.000003
153.173873  0.000069
153.193872  -0.000398
153.213871  0.000069
153.233871  0.000003
153.253870  -0.000131
153.273869  0.000069
153.293868  -0.000197
153.313867  -0.000197
153.333867  -0.000064
153.353866  -0.000131
153.373865  0.000003
153.393864  0.000270
153.413863  0.000069
153.433863  0.000003
153.453862  0.000003
153.473861  0.000003
153.493860  -0.000131
153.513859  0.000003
153.533859  0.000003
153.553858  0.000003
153.573857  -0.000064
153.593856  -0.000264
153.613855  0.000003
153.633855  -0.000197
153.653854  0.000069
153.673853  0.000069
153.693852  0.000336
153.713851  0.000069
153.733851  0.000003
153.753850  0.000136
153.773849  0.000136
153.793848  -0.000064
153.813847  0.000003
153.833847  0.000069
153.853846  -0.000131
153.873845  0.000003
153.893844  -0.000197
153.913843  -0.000131
153.933843  0.000003
153.953842  -0.000064
153.973841  -0.000064
153.993840  -0.000064
154.013839  -0.000064
154.033839  -0.000064
154.053838  0.000003
154.073837  -0.000064
154.093836  0.000069
154.113835  0.000136
154.133835  0.000003
154.153834  0.000003
154.173833  0.000136
154.193832  0.000069
154.213831  0.000136
154.233831  -0.000064
154.253830  -0.000131
154.273829  -0.000064
154.293828  -0.000064
154.313827  0.000136
154.333827  0.000003
154.353826  -0.000064
154.373825  0.000003
154.393824  0.000003
154.413823  -0.000064
154.433823  -0.000264
154.453822  -0.000064
154.473821  -0.000131
154.493820  -0.000464
154.513819  -0.000131
154.533819  -0.000064
154.553818  0.000003
154.573817  -0.000064
154.593816  0.000003
154.613815  -0.000064
154.633815  0.000003
154.653814  0.000069
154.673813  0.000003
154.693812  -0.000398
154.713811  -0.000064
154.733811  0.000003
154.753810  0.000069
154.773809  0.000069
154.793808  0.000003
154.813807  0.000069
154.833807  -0.000064
154.853806  0.000003
154.873805  0.000069
154.893804  -0.000064
154.913803  -0.000064
154.933803  -0.000064
154.953802  0.000003
154.973801  0.000003
154.993800  0.000069
155.013799  -0.000264
155.033799  -0.000064
155.053798  0.000069
155.073797  -0.000064
155.093796  0.000136
155.113795  0.000003
155.133795  -0.000131
155.153794  -0.000064
155.173793  0.000003
155.193792  0.000069
155.213791  0.000136
155.233791  -0.000064
155.253790  0.000003
155.273789  0.000003
155.293788  0.000003
155.313787  -0.000064
155.333787  0.000003
155.353786  0.000069
155.373785  0.000003
155.393784  0.000003
155.413783  0.000069
155.433783  -0.000131
155.453782  0.000003
155.473781  0.000003
155.493780  -0.000064
155.513779  -0.000131
155.533779  0.000069
155.553778  -0.000064
155.573777  0.000203
155.593776  -0.000197
155.613775  -0.000131
155.633775  0.000003
155.653774  0.000003
155.673773  -0.000197
155.693772  0.000136
155.713771  -0.000064
155.733771  0.000136
155.753770  0.000003
155.773769  0.000003
155.793768  0.000003
155.813767  -0.000064
155.833767  0.000069
155.853766  -0.000064
155.873765  -0.000064
155.893764  0.000069
155.913763  0.000136
155.933763  -0.000064
155.953762  0.000003
155.973761  0.000069
155.993760  -0.000131
156.013759  -0.000064
156.033759  0.000003
156.053758  0.000069
156.073757  0.000003
156.093756  -0.000064
156.113755  0.000003
156.133755  0.000003
156.153754  -0.000064
156.173753  0.000069
156.193752  -0.000064
156.213751  0.000003
156.233751  0.000003
156.253750  -0.000264
156.273749  0.000136
156.293748  0.000136
156.313747  0.000003
156.333747  -0.000064
156.353746  -0.000064
156.373745  -0.000264
156.393744  0.000069
156.413743  0.000069
156.433743  -0.000197
156.453742  -0.000064
156.473741  -0.000064
156.493740  0.000270
156.513739  0.000003
156.533739  -0.000064
156.553738  -0.000064
156.573737  0.000003
156.593736  0.000003
156.613735  -0.000064
156.633735  -0.000331
156.653734  0.000069
156.673733  0.000003
156.693732  0.000003
156.713731  0.000069
156.733731  -0.000197
156.753730  0.000003
156.773729  0.000069
156.793728  0.000069
156.813727  -0.000064
156.833727  -0.000131
156.853726  -0.000197
156.873725  0.000069
156.893724  0.000003
156.913723  -0.000131
156.933723  0.000136
156.953722  0.000069
156.973721  0.000003
156.993720  0.000069
157.013719  0.000003
157.033719  0.000003
157.053718  0.000136
157.073717  0.000003
157.093716  0.000069
157.113715  -0.000131
157.133715  0.000003
157.153714  -0.000131
157.173713  -0.000064
157.193712  -0.000064
157.213711  0.000003
157.233711  0.000069
157.253710  0.000069
157.273709  0.000003
157.293708  0.000003
157.313707  -0.000064
157.333707  -0.000064
157.353706  -0.000064
157.373705  -0.000064
157.393704  -0.000264
157.413703  -0.000331
157.433703  -0.000131
157.453702  -0.000064
157.473701  0.000069
157.493700  -0.000064
157.513699  0.000003
157.533699  -0.000064
157.553698  0.000003
157.573697  -0.000064
157.593696  -0.000064
157.613695  0.000003
157.633695  -0.000064
157.653694  0.000136
157.673693  0.000069
157.693692  -0.000064
157.713691  0.000003
157.733691  0.000069
157.753690  0.000069
157.773689  0.000069
157.793688  -0.000064
157.813687  -0.000064
157.833687  0.000003
157.853686  0.000003
157.873685  -0.000064
157.893684  -0.000064
157.913683  0.000003
157.933683  0.000136
157.953682  -0.000131
157.973681  -0.000131
157.993680  -0.000131
158.013679  0.000136
158.033679  0.000270
158.053678  -0.000064
158.073677  -0.000064
158.093676  0.000069
158.113675  0.000003
158.133675  0.000069
158.153674  -0.000131
158.173673  -0.000064
158.193672  0.000069
158.213671  0.000003
158.233671  -0.000131
158.253670  -0.000064
158.273669  -0.000131
158.293668  0.000069
158.313667  0.000069
158.333667  -0.000131
158.353666  -0.000131
158.373665  0.000003
158.393664  -0.000264
158.413663  0.000069
158.433663  -0.000064
158.453662  -0.000197
158.473661  0.000003
158.493660  0.000136
158.513659  0.000203
158.533659  0.000003
158.553658  -0.000064
158.573657  0.000003
158.593656  0.000003
158.613655  0.000136
158.633655  -0.000131
158.653654  -0.000064
158.673653  0.000336
158.693652  0.000069
158.713651  0.000003
158.733651  -0.000064
158.753650  0.000003
158.773649  0.000069
158.793648  0.000003
158.813647  -0.000064
158.833647  -0.000064
158.853646  -0.000197
158.873645  0.000069
158.893644  -0.000131
158.913643  0.000003
158.933643  -0.000131
158.953642  -0.000131
158.973641  -0.000197
158.993640  0.000003
159.013639  -0.000131
159.033639  -0.000064
159.053638  -0.000197
159.073637  0.000136
159.093636  -0.000064
159.113635  0.000069
159.133635  0.000003
159.153634  0.000136
159.173633  0.000003
159.193632  0.000069
159.213631  0.000003
159.233631  0.000003
159.253630  0.000136
159.273629  0.000069
159.293628  -0.000064
159.313627  -0.000131
159.333627  -0.000131
159.353626  0.000136
159.373625  0.000203
159.393624  0.000003
159.413623  -0.000064
159.433623  0.000203
159.453622  0.000003
159.473621  0.000136
159.493620  -0.000131
159.513619  -0.000131
159.533619  0.000003
159.553618  -0.000064
159.573617  0.000003
159.593616  0.000003
159.613615  -0.000197
159.633615  0.000003
159.653614  0.000203
159.673613  -0.000131
159.693612  -0.000197
159.713611  0.000003
159.733611  -0.000064
159.753610  0.000069
159.773609  0.000069
159.793608  -0.000264
159.813607  -0.000064
159.833607  -0.000064
159.853606  0.000069
159.873605  -0.000131
159.893604  0.000003
159.913603  0.000069
159.933603  -0.000064
159.953602  -0.000064
159.973601  0.000003
159.993600  -0.000131
160.013599  0.006542
160.033599  0.007743
160.053598  0.000003
160.073597  -0.000197
160.093596  0.000203
160.113595  0.000069
160.133595  0.000136
160.153594  0.000136
160.173593  -0.000197
160.193592  0.000203
160.213591  0.000069
160.233591  0.000136
160.253590  -0.000064
160.273589  0.000069
160.293588  0.000203
160.313587  0.000203
160.333587  -0.000131
160.353586  -0.000064
160.373585  0.000136
160.393584  0.000270
160.413583  0.000270
160.433583  0.000069
160.453582  0.000003
160.473581  0.000069
160.493580  0.000069
160.513579  -0.000064
160.533579  0.000203
160.553578  0.000069
160.573577  0.000003
160.593576  0.000336
160.613575  0.000336
160.633575  0.000270
160.653574  0.000069
160.673573  0.000136
160.693572  0.000136
160.713571  0.000270
160.733571  0.000069
160.753570  0.000203
160.773569  0.000203
160.793568  0.000069
160.813567  0.000270
160.833567  0.000136
160.853566  0.000270
160.873565  0.000203
160.893564  0.000136
160.913563  0.000136
160.933563  0.000069
160.953562  0.000203
160.973561  0.000136
160.993560  0.000136
161.013559  0.000336
161.033559  0.000336
161.053558  0.000136
161.073557  0.000136
161.093556  0.000336
161.113555  0.000136
161.133555  0.000270
161.153554  0.000203
161.173553  0.000336
161.193552  0.000203
161.213551  0.000203
161.233551  0.000270
161.253550  0.000270
161.273549  0.000203
161.293548  0.000270
161.313547  0.000203
161.333547  0.000136
161.353546  0.000270
161.373545  0.000203
161.393544  0.000136
161.413543  0.000069
161.433543  0.000136
161.453542  0.000203
161.473541  0.000270
161.493540  0.000270
161.513539  0.000203
161.533539  0.000136
161.553538  0.000270
161.573537  0.000270
161.593536  0.000203
161.613535  0.000203
161.633535  0.000270
161.653534  0.000136
161.673533  0.000270
161.693532  0.000270
161.713531  0.000270
161.733531  0.000270
161.753530  0.000270
161.773529  0.000203
161.793528  0.000136
161.813527  0.000136
161.833527  0.000336
161.853526  0.000270
161.873525  0.000203
161.893524  0.000403
161.913523  0.000136
161.933523  0.000136
161.953522  0.000336
161.973521  0.000136
161.993520  0.000270
162.013519  0.000336
162.033519  0.000336
162.053518  0.000203
162.073517  0.000069
162.093516  0.000470
162.113515  0.000270
162.133515  0.000336
162.153514  0.000069
162.173513  -0.000064
162.193512  0.000203
162.213511  0.000270
162.233511  0.000136
162.253510  0.000336
162.273509  0.000203
162.293508  0.000136
162.313507  0.000203
162.333507  0.000270
162.353506  0.000069
162.373505  0.000136
162.393504  0.000270
162.413503  0.000336
162.433503  0.000537
162.453502  0.000270
162.473501  0.000270
162.493500  0.000403
162.513499  0.000203
162.533499  0.000270
162.553498  0.000470
162.573497  0.000270
162.593496  0.000270
162.613495  0.000270
162.633495  0.000336
162.653494  0.000336
162.673493  0.000403
162.693492  0.000203
162.713491  0.000270
162.733491  0.000203
162.753490  0.000336
162.773489  0.000470
162.793488  0.000270
162.813487  0.000470
162.833487  0.000203
162.853486  0.000336
162.873485  0.000537
162.893484  0.000270
162.913483  0.000603
162.933483  0.000336
162.953482  0.000270
162.973481  0.000336
162.993480  0.000336
163.013479  0.000069
163.033479  0.000403
163.053478  0.000203
163.073477  0.000336
163.093476  0.000336
163.113475  0.000270
163.133475  0.000336
163.153474  0.000336
163.173473  0.000270
163.193472  0.000537
163.213471  0.000270
163.233471  0.000470
163.253470  0.000403
163.273469  0.000470
163.293468  0.000336
163.313467  0.000069
163.333467  0.000336
163.353466  0.000470
163.373465  0.000336
163.393464  0.000403
163.413463  0.000336
163.433463  0.000270
163.453462  0.000403
163.473461  0.000403
163.493460  0.000470
163.513459  0.000270
163.533459  0.000603
163.553458  0.000336
163.573457  0.000403
163.593456  0.000336
163.613455  0.000270
163.633455  0.000336
163.653454  0.000537
163.673453  0.000403
163.693452  0.000537
163.713451  0.000203
163.733451  0.000537
163.753450  0.000470
163.773449  0.000470
163.793448  0.000403
163.813447  0.000336
163.833447  0.000336
163.853446  0.000336
163.873445  0.000336
163.893444  0.000403
163.913443  0.000336
163.933443  0.000336
163.953442  0.000270
163.973441  0.000203
163.993440  0.000403
164.013439  0.000403
164.033439  0.000336
164.053438  0.000336
164.073437  0.000403
164.093436  0.000270
164.113435  0.000470
164.133435  0.000537
164.153434  0.000403
164.173433  0.000336
164.193432  0.000270
164.213431  0.000403
164.233431  0.000470
164.253430  0.000270
164.273429  0.000470
164.293428  0.000470
164.313427  0.000470
164.333427  0.000603
164.353426  0.000336
164.373425  0.000403
164.393424  0.000537
164.413423  0.000270
164.433423  0.000537
164.453422  0.000603
164.473421  0.000403
164.493420  0.000069
164.513419  0.000537
164.533419  0.000403
164.553418  0.000470
164.573417  0.000470
164.593416  0.000470
164.613415  0.000336
164.633415  0.000470
164.653414  0.000270
164.673413  0.000470
164.693412  0.000403
164.713411  0.000603
164.733411  0.000470
164.753410  0.000537
164.773409  0.000470
164.793408  0.000537
164.813407  0.000603
164.833407  0.000336
164.853406  0.000470
164.873405  0.000537
164.893404  0.000403
164.913403  0.000603
164.933403  0.000537
164.953402  0.000470
164.973401  0.000603
164.993400  0.000470
165.013399  0.000470
165.033399  0.000537
165.053398  0.000537
165.073397  0.000470
165.093396  0.000603
165.113395  0.000470
165.133395  0.000470
165.153394  0.000537
165.173393  0.000603
165.193392  0.000537
165.213391  0.000470
165.233391  0.000403
165.253390  0.000603
165.273389  0.000603
165.293388  0.000470
165.313387  0.000336
165.333387  0.000537
165.353386  0.000470
165.373385  0.000537
165.393384  0.000470
165.413383  0.000336
165.433383  0.000537
165.453382  0.000336
165.473381  0.000470
165.493380  0.000470
165.513379  0.000470
165.533379  0.000270
165.553378  0.000403
165.573377  0.000537
165.593376  0.000603
165.613375  0.000470
165.633375  0.000537
165.653374  0.000603
165.673373  0.000537
165.693372  0.000670
165.713371  0.000603
165.733371  0.000603
165.753370  0.000537
165.773369  0.000537
165.793368  0.000603
165.813367  0.000537
165.833367  0.000603
165.853366  0.000403
165.873365  0.000537
165.893364  0.000670
165.913363  0.000603
165.933363  0.000603
165.953362  0.000537
165.973361  0.000537
165.993360  0.000537
166.013359  0.000737
166.033359  0.000670
166.053358  0.000537
166.073357  0.000603
166.093356  0.000470
166.113355  0.000537
166.133355  0.000603
166.153354  0.000537
166.173353  0.000737
166.193352  0.000603
166.213351  0.000737
166.233351  0.000603
166.253350  0.000603
166.273349  0.000537
166.293348  0.000670
166.313347  0.000470
166.333347  0.000670
166.353346  0.000603
166.373345  0.000470
166.393344  0.000670
166.413343  0.000737
166.433343  0.000537
166.453342  0.000603
166.473341  0.000537
166.493340  0.000670
166.513339  0.000537
166.533339  0.000537
166.553338  0.000603
166.573337  0.000537
166.593336  0.000603
166.613335  0.000603
166.633335  0.000603
166.653334  0.000603
166.673333  0.000603
166.693332  0.000603
166.713331  0.000870
166.733331  0.000737
166.753330  0.000603
166.773329  0.000537
166.793328  0.000670
166.813327  0.000737
166.833327  0.000603
166.853326  0.000670
166.873325  0.000737
166.893324  0.000603
166.913323  0.000537
166.933323  0.000737
166.953322  0.000737
166.973321  0.000670
166.993320  0.000803
167.013319  0.000537
167.033319  0.000670
167.053318  0.000737
167.073317  0.000603
167.093316  0.000603
167.113315  0.000737
167.133315  0.000537
167.153314  0.000670
167.173313  0.000803
167.193312  0.000603
167.213311  0.000670
167.233311  0.000603
167.253310  0.000603
167.273309  0.000803
167.293308  0.000670
167.313307  0.000670
167.333307  0.000737
167.353306  0.000803
167.373305  0.000670
167.393304  0.000737
167.413303  0.000403
167.433303  0.000537
167.453302  0.000670
167.473301  0.000737
167.493300  0.000670
167.513299  0.000603
167.533299  0.000670
167.553298  0.000803
167.573297  0.000603
167.593296  0.000537
167.613295  0.000603
167.633295  0.000670
167.653294  0.001004
167.673293  0.000470
167.693292  0.000803
167.713291  0.000803
167.733291  0.000737
167.753290  0.000803
167.773289  0.000737
167.793288  0.000603
167.813287  0.000870
167.833287  0.000870
167.853286  0.000670
167.873285  0.000737
167.893284  0.000603
167.913283  0.000803
167.933283  0.000803
167.953282  0.000870
167.973281  0.000603
167.993280  0.000670
168.013279  0.000737
168.033279  0.000737
168.053278  0.000737
168.073277  0.000670
168.093276  0.000937
168.113275  0.000937
168.133275  0.000870
168.153274  0.000737
168.173273  0.000870
168.193272  0.000737
168.213271  0.000803
168.233271  0.000803
168.253270  0.000870
168.273269  0.000737
168.293268  0.000670
168.313267  0.000803
168.333267  0.000870
168.353266  0.000737
168.373265  0.000670
168.393264  0.000670
168.413263  0.000937
168.433263  0.000803
168.453262  0.000803
168.473261  0.000737
168.493260  0.000603
168.513259  0.000803
168.533259  0.000603
168.553258  0.000737
168.573257  0.001004
168.593256  0.000737
168.613255  0.000737
168.633255  0.001004
168.653254  0.000803
168.673253  0.000803
168.693252  0.000870
168.713251  0.000870
168.733251  0.000803
168.753250  0.000803
168.773249  0.001004
168.793248  0.000870
168.813247  0.000737
168.833247  0.000803
168.853246  0.000803
168.873245  0.000803
168.893244  0.000803
168.913243  0.001137
168.933243  0.000803
168.953242  0.000870
168.973241  0.000737
168.993240  0.000737
169.013239  0.000937
169.033239  0.000870
169.053238  0.000670
169.073237  0.001137
169.093236  0.000737
169.113235  0.000870
169.133235  0.000670
169.153234  0.000670
169.173233  0.000937
169.193232  0.000803
169.213231  0.000937
169.233231  0.000737
169.253230  0.000670
169.273229  0.000870
169.293228  0.001004
169.313227  0.000737
169.333227  0.000937
169.353226  0.000937
169.373225  0.001070
169.393224  0.001004
169.413223  0.000803
169.433223  0.000737
169.453222  0.001004
169.473221  0.000870
169.493220  0.001004
169.513219  0.000803
169.533219  0.000937
169.553218  0.001070
169.573217  0.001004
169.593216  0.000937
169.613215  0.000937
169.633215  0.000870
169.653214  0.000870
169.673213  0.000803
169.693212  0.001070
169.713211  0.000803
169.733211  0.000870
169.753210  0.001004
169.773209  0.000937
169.793208  0.000737
169.813207  0.000670
169.833207  0.001070
169.853206  0.001004
169.873205  0.001004
169.893204  0.000870
169.913203  0.001004
169.933203  0.000937
169.953202  0.001004
169.973201  0.000537
169.993200  0.000870
170.013199  0.000803
170.033199  0.000870
170.053198  0.000737
170.073197  0.000870
170.093196  0.001004
170.113195  0.001271
170.133195  0.001070
170.153194  0.000870
170.173193  0.000937
170.193192  0.000870
170.213191  0.000803
170.233191  0.001137
170.253190  0.001070
170.273189  0.000603
170.293188  0.000870
170.313187  0.001004
170.333187  0.000937
170.353186  0.001004
170.373185  0.000803
170.393184  0.000870
170.413183  0.001137
170.433183  0.000937
170.453182  0.001004
170.473181  0.000870
170.493180  0.000803
170.513179  0.001004
170.533179  0.001204
170.553178  0.001204
170.573177  0.001070
170.593176  0.001004
170.613175  0.001070
170.633175  0.000937
170.653174  0.001070
170.673173  0.001004
170.693172  0.001137
170.713171  0.001004
170.733171  0.001070
170.753170  0.001004
170.773169  0.000937
170.793168  0.001137
170.813167  0.000937
170.833167  0.000870
170.853166  0.001204
170.873165  0.001137
170.893164  0.001004
170.913163  0.001137
170.933163  0.000870
170.953162  0.001004
170.973161  0.000937
170.993160  0.001137
171.013159  0.001004
171.033159  0.001004
171.053158  0.000937
171.073157  0.001070
171.093156  0.001070
171.113155  0.001070
171.133155  0.001137
171.153154  0.001070
171.173153  0.000937
171.193152  0.001070
171.213151  0.000803
171.233151  0.001004
171.253150  0.000937
171.273149  0.001070
171.293148  0.001004
171.313147  0.000870
171.333147  0.000937
171.353146  0.000870
171.373145  0.000937
171.393144  0.000870
171.413143  0.000937
171.433143  0.001137
171.453142  0.001004
171.473141  0.001004
171.493140  0.001070
171.513139  0.001070
171.533139  0.001070
171.553138  0.001070
171.573137  0.000937
171.593136  0.000937
171.613135  0.001204
171.633135  0.001070
171.653134  0.001004
171.673133  0.001004
171.693132  0.001004
171.713131  0.001070
171.733131  0.001137
171.753130  0.001271
171.773129  0.001137
171.793128  0.001070
171.813127  0.001070
171.833127  0.001137
171.853126  0.001137
171.873125  0.000937
171.893124  0.001137
171.913123  0.001137
171.933123  0.001204
171.953122  0.001070
171.973121  0.001404
171.993120  0.001004
172.013119  0.001137
172.033119  0.000937
172.053118  0.001004
172.073117  0.001204
172.093116  0.001204
172.113115  0.001070
172.133115  0.001070
172.153114  0.001137
172.173113  0.001271
172.193112  0.001070
172.213111  0.001137
172.233111  0.001204
172.253110  0.001004
172.273109  0.001004
172.293108  0.001137
172.313107  0.000870
172.333107  0.001137
172.353106  0.001004
172.373105  0.001137
172.393104  0.001204
172.413103  0.001004
172.433103  0.000870
172.453102  0.001204
172.473101  0.001070
172.493100  0.001471
172.513099  0.001204
172.533099  0.001004
172.553098  0.001137
172.573097  0.001004
172.593096  0.001204
172.613095  0.001070
172.633095  0.001137
172.653094  0.001204
172.673093  0.001471
172.693092  0.001070
172.713091  0.001004
172.733091  0.001204
172.753090  0.001137
172.773089  0.001070
172.793088  0.001070
172.813087  0.001204
172.833087  0.001204
172.853086  0.001204
172.873085  0.001070
172.893084  0.001204
172.913083  0.001271
172.933083  0.001204
172.953082  0.001204
172.973081  0.001271
172.993080  0.001204
173.013079  0.001004
173.033079  0.001204
173.053078  0.001204
173.073077  0.001070
173.093076  0.001204
173.113075  0.001004
173.133075  0.001271
173.153074  0.001137
173.173073  0.001204
173.193072  0.001204
173.213071  0.001070
173.233071  0.001070
173.253070  0.001204
173.273069  0.001204
173.293068  0.001137
173.313067  0.001070
173.333067  0.001271
173.353066  0.001204
173.373065  0.001137
173.393064  0.001137
173.413063  0.001271
173.433063  0.001204
173.453062  0.001204
173.473061  0.001137
173.493060  0.001070
173.513059  0.001337
173.533059  0.001204
173.553058  0.001137
173.573057  0.001137
173.593056  0.001337
173.613055  0.001271
173.633055  0.001271
173.653054  0.001070
173.673053  0.001271
173.693052  0.001204
173.713051  0.001271
173.733051  0.001337
173.753050  0.001271
173.773049  0.001070
173.793048  0.001538
173.813047  0.001070
173.833047  0.001204
173.853046  0.001204
173.873045  0.001404
173.893044  0.001271
173.913043  0.001337
173.933043  0.001204
173.953042  0.001337
173.973041  0.001337
173.993040  0.001204
174.013039  0.001204
174.033039  0.001337
174.053038  0.001337
174.073037  0.001337
174.093036  0.001204
174.113035  0.001271
174.133035  0.001337
174.153034  0.001070
174.173033  0.001337
174.193032  0.001137
174.213031  0.001137
174.233031  0.001271
174.253030  0.001204
174.273029  0.001271
174.293028  0.001271
174.313027  0.001070
174.333027  0.001271
174.353026  0.001337
174.373025  0.001404
174.393024  0.001204
174.413023  0.001337
174.433023  0.001271
174.453022  0.001271
174.473021  0.001337
174.493020  0.001271
174.513019  0.001337
174.533019  0.001137
174.553018  0.001271
174.573017  0.001271
174.593016  0.001204
174.613015  0.001604
174.633015  0.001404
174.653014  0.001204
174.673013  0.001204
174.693012  0.001204
174.713011  0.001271
174.733011  0.001337
174.753010  0.001271
174.773009  0.001337
174.793008  0.001271
174.813007  0.001271
174.833007  0.001204
174.853006  0.001204
174.873005  0.001471
174.893004  0.001404
174.913003  0.001404
174.933003  0.001271
174.953002  0.001337
174.973001  0.001271
174.993000  0.001271
175.012999  0.001337
175.032999  0.001404
175.052998  0.001337
175.072997  0.001404
175.092996  0.001404
175.112995  0.001271
175.132995  0.001271
175.152994  0.001404
175.172993  0.001404
175.192992  0.001337
175.212991  0.001204
175.232991  0.001404
175.252990  0.001471
175.272989  0.001404
175.292988  0.001337
175.312987  0.001204
175.332987  0.001337
175.352986  0.001271
175.372985  0.001404
175.392984  0.001271
175.412983  0.001337
175.432983  0.001404
175.452982  0.001671
175.472981  0.001471
175.492980  0.001404
175.512979  0.001404
175.532979  0.001604
175.552978  0.001404
175.572977  0.001404
175.592976  0.001337
175.612975  0.001404
175.632975  0.001337
175.652974  0.001404
175.672973  0.001271
175.692972  0.001538
175.712971  0.001404
175.732971  0.001271
175.752970  0.001471
175.772969  0.001404
175.792968  0.001404
175.812967  0.001604
175.832967  0.001204
175.852966  0.001404
175.872965  0.001404
175.892964  0.001204
175.912963  0.001337
175.932963  0.001404
175.952962  0.001337
175.972961  0.001404
175.992960  0.001471
176.012959  0.001404
176.032959  0.001404
176.052958  0.001404
176.072957  0.001337
176.092956  0.001604
176.112955  0.001204
176.132955  0.001471
176.152954  0.001471
176.172953  0.001337
176.192952  0.001604
176.212951  0.001337
176.232951  0.001204
176.252950  0.001538
176.272949  0.001404
176.292948  0.001471
176.312947  0.001404
176.332947  0.001337
176.352946  0.001538
176.372945  0.001471
176.392944  0.001671
176.412943  0.001471
176.432943  0.001337
176.452942  0.001538
176.472941  0.001538
176.492940  0.001337
176.512939  0.001538
176.532939  0.001604
176.552938  0.001538
176.572937  0.001471
176.592936  0.001271
176.612935  0.001337
176.632935  0.001538
176.652934  0.001337
176.672933  0.001404
176.692932  0.001471
176.712931  0.001404
176.732931  0.001404
176.752930  0.001471
176.772929  0.001337
176.792928  0.001538
176.812927  0.001271
176.832927  0.001538
176.852926  0.001471
176.872925  0.001404
176.892924  0.001404
176.912923  0.001604
176.932923  0.001404
176.952922  0.001404
176.972921  0.001538
176.992920  0.001404
177.012919  0.001538
177.032919  0.001404
177.052918  0.001404
177.072917  0.001471
177.092916  0.001471
177.112915  0.001604
177.132915  0.001604
177.152914  0.001404
177.172913  0.001538
177.192912  0.001538
177.212911  0.001604
177.232911  0.001337
177.252910  0.001471
177.272909  0.001471
177.292908  0.001471
177.312907  0.001604
177.332907  0.001538
177.352906  0.001404
177.372905  0.001471
177.392904  0.001538
177.412903  0.001538
177.432903  0.001471
177.452902  0.001671
177.472901  0.001538
177.492900  0.001538
177.512899  0.001604
177.532899  0.001538
177.552898  0.001404
177.572897  0.001538
177.592896  0.001671
177.612895  0.001604
177.632895  0.001404
177.652894  0.001471
177.672893  0.001471
177.692892  0.001538
177.712891  0.001671
177.732891  0.001271
177.752890  0.001471
177.772889  0.001604
177.792888  0.001671
177.812887  0.001471
177.832887  0.001538
177.852886  0.001337
177.872885  0.001671
177.892884  0.001538
177.912883  0.001604
177.932883  0.001538
177.952882  0.001604
177.972881  0.001604
177.992880  0.001738
178.012879  0.001538
178.032879  0.001538
178.052878  0.001604
178.072877  0.001671
178.092876  0.001604
178.112875  0.001337
178.132875  0.001471
178.152874  0.001604
178.172873  0.001671
178.192872  0.001604
178.212871  0.001604
178.232871  0.001604
178.252870  0.001604
178.272869  0.001671
178.292868  0.001471
178.312867  0.001337
178.332867  0.001738
178.352866  0.001604
178.372865  0.001671
178.392864  0.001804
178.412863  0.001604
178.432863  0.001538
178.452862  0.001738
178.472861  0.001671
178.492860  0.001404
178.512859  0.001404
178.532859  0.001471
178.552858  0.001471
178.572857  0.001604
178.592856  0.001471
178.612855  0.001538
178.632855  0.001671
178.652854  0.001738
178.672853  0.001604
178.692852  0.001604
178.712851  0.001604
178.732851  0.001738
178.752850  0.001671
178.772849  0.001604
178.792848  0.001604
178.812847  0.001604
178.832847  0.001604
178.852846  0.001804
178.872845  0.001804
178.892844  0.001604
178.912843  0.001804
178.932843  0.001538
178.952842  0.001671
178.972841  0.001604
178.992840  0.001538
179.012839  0.001604
179.032839  0.001671
179.052838  0.001604
179.072837  0.001604
179.092836  0.001604
179.112835  0.001804
179.132835  0.001738
179.152834  0.001671
179.172833  0.001404
179.192832  0.001538
179.212831  0.001604
179.232831  0.001804
179.252830  0.001671
179.272829  0.001471
179.292828  0.001738
179.312827  0.001671
179.332827  0.001671
179.352826  0.001804
179.372825  0.001471
179.392824  0.001604
179.412823  0.001604
179.432823  0.001671
179.452822  0.001538
179.472821  0.001538
179.492820  0.001604
179.512819  0.001671
179.532819  0.001671
179.552818  0.001671
179.572817  0.001604
179.592816  0.001671
179.612815  0.001804
179.632815  0.001604
179.652814  0.001404
179.672813  0.001604
179.692812  0.001871
179.712811  0.001671
179.732811  0.001671
179.752810  0.001538
179.772809  0.001604
179.792808  0.001738
179.812807  0.001804
179.832807  0.001738
179.852806  0.001604
179.872805  0.001538
179.892804  0.001671
179.912803  0.001804
179.932803  0.001738
179.952802  0.001738
179.972801  0.001604
179.992800  0.001804
180.012799  0.001671
180.032799  0.001538
180.052798  0.001871
180.072797  0.001671
180.092796  0.001804
180.112795  0.001604
180.132795  0.001671
180.152794  0.001604
180.172793  0.001738
180.192792  0.001671
180.212791  0.001671
180.232791  0.001804
180.252790  0.001804
180.272789  0.001671
180.292788  0.001804
180.312787  0.001738
180.332787  0.001804
180.352786  0.001738
180.372785  0.001538
180.392784  0.001738
180.412783  0.001871
180.432783  0.001871
180.452782  0.001671
180.472781  0.001738
180.492780  0.001738
180.512779  0.001738
180.532779  0.001738
180.552778  0.001738
180.572777  0.001671
180.592776  0.001804
180.612775  0.001804
180.632775  0.001671
180.652774  0.001671
180.672773  0.001804
180.692772  0.001738
180.712771  0.001804
180.732771  0.001404
180.752770  0.001871
180.772769  0.001804
180.792768  0.001871
180.812767  0.001671
180.832767  0.001738
180.852766  0.001738
180.872765  0.001938
180.892764  0.001671
180.912763  0.001738
180.932763  0.001538
180.952762  0.001738
180.972761  0.001738
180.992760  0.001738
181.012759  0.001804
181.032759  0.001804
181.052758  0.001804
181.072757  0.001871
181.092756  0.001604
181.112755  0.001671
181.132755  0.001871
181.152754  0.001804
181.172753  0.001871
181.192752  0.001804
181.212751  0.001804
181.232751  0.001738
181.252750  0.001938
181.272749  0.001871
181.292748  0.001804
181.312747  0.002005
181.332747  0.001871
181.352746  0.001804
181.372745  0.001804
181.392744  0.001671
181.412743  0.001871
181.432743  0.002005
181.452742  0.001871
181.472741  0.001871
181.492740  0.001671
181.512739  0.001938
181.532739  0.001938
181.552738  0.001738
181.572737  0.001871
181.592736  0.001804
181.612735  0.001871
181.632735  0.001871
181.652734  0.001738
181.672733  0.002005
181.692732  0.001804
181.712731  0.001538
181.732731  0.001804
181.752730  0.001938
181.772729  0.001738
181.792728  0.001804
181.812727  0.001871
181.832727  0.001871
181.852726  0.001671
181.872725  0.001871
181.892724  0.001871
181.912723  0.001871
181.932723  0.001738
181.952722  0.001938
181.972721  0.001404
181.992720  0.001804
182.012719  0.002005
182.032719  0.002138
182.052718  0.001738
182.072717  0.001871
182.092716  0.001804
182.112715  0.001938
182.132715  0.001871
182.152714  0.001804
182.172713  0.002138
182.192712  0.001871
182.212711  0.001938
182.232711  0.001738
182.252710  0.001738
182.272709  0.001938
182.292708  0.001938
182.312707  0.002071
182.332707  0.001938
182.352706  0.001871
182.372705  0.001738
182.392704  0.001804
182.412703  0.001804
182.432703  0.001804
182.452702  0.001938
182.472701  0.001804
182.492700  0.001938
182.512699  0.001871
182.532699  0.001804
182.552698  0.001938
182.572697  0.001871
182.592696  0.001804
182.612695  0.001938
182.632695  0.001871
182.652694  0.001938
182.672693  0.002071
182.692692  0.001938
182.712691  0.001938
182.732691  0.001871
182.752690  0.001938
182.772689  0.001938
182.792688  0.002071
182.812687  0.002071
182.832687  0.001938
182.852686  0.001871
182.872685  0.002005
182.892684  0.002005
182.912683  0.002071
182.932683  0.001871
182.952682  0.001871
182.972681  0.002138
182.992680  0.001738
183.012679  0.002005
183.032679  0.001938
183.052678  0.001804
183.072677  0.001938
183.092676  0.001871
183.112675  0.001938
183.132675  0.001871
183.152674  0.002005
183.172673  0.001871
183.192672  0.001938
183.212671  0.001871
183.232671  0.001938
183.252670  0.002071
183.272669  0.001938
183.292668  0.001871
183.312667  0.002005
183.332667  0.001938
183.352666  0.002005
183.372665  0.001938
183.392664  0.001604
183.412663  0.002071
183.432663  0.002138
183.452662  0.001804
183.472661  0.002005
183.492660  0.001938
183.512659  0.001804
183.532659  0.002071
183.552658  0.002005
183.572657  0.001938
183.592656  0.001938
183.612655  0.001871
183.632655  0.002071
183.652654  0.001938
183.672653  0.002272
183.692652  0.002005
183.712651  0.002071
183.732651  0.002005
183.752650  0.002005
183.772649  0.001938
183.792648  0.002071
183.812647  0.002005
183.832647  0.001871
183.852646  0.002071
183.872645  0.002005
183.892644  0.001938
183.912643  0.001871
183.932643  0.002071
183.952642  0.001938
183.972641  0.002272
183.992640  0.001938
184.012639  0.002071
184.032639  0.001871
184.052638  0.002005
184.072637  0.002005
184.092636  0.001938
184.112635  0.001938
184.132635  0.002071
184.152634  0.001804
184.172633  0.002005
184.192632  0.002138
184.212631  0.002005
184.232631  0.002071
184.252630  0.001938
184.272629  0.001938
184.292628  0.001871
184.312627  0.001938
184.332627  0.002071
184.352626  0.001938
184.372625  0.001871
184.392624  0.002071
184.412623  0.002205
184.432623  0.002005
184.452622  0.002138
184.472621  0.002138
184.492620  0.001938
184.512619  0.002005
184.532619  0.001871
184.552618  0.002005
184.572617  0.002138
184.592616  0.002005
184.612615  0.001871
184.632615  0.001938
184.652614  0.002071
184.672613  0.001938
184.692612  0.002138
184.712611  0.002071
184.732611  0.002138
184.752610  0.002272
184.772609  0.001938
184.792608  0.002138
184.812607  0.001871
184.832607  0.001871
184.852606  0.002071
184.872605  0.001871
184.892604  0.002005
184.912603  0.001938
184.932603  0.002005
184.952602  0.002205
184.972601  0.002138
184.992600  0.002005
185.012599  0.001938
185.032599  0.002071
185.052598  0.002272
185.072597  0.002071
185.092596  0.001871
185.112595  0.002071
185.132595  0.002205
185.152594  0.002138
185.172593  0.002071
185.192592  0.001938
185.212591  0.002338
185.232591  0.002205
185.252590  0.002005
185.272589  0.001938
185.292588  0.001871
185.312587  0.001938
185.332587  0.002205
185.352586  0.002071
185.372585  0.002272
185.392584  0.002205
185.412583  0.002138
185.432583  0.002071
185.452582  0.002272
185.472581  0.002205
185.492580  0.002071
185.512579  0.002205
185.532579  0.002205
185.552578  0.002205
185.572577  0.002138
185.592576  0.002138
185.612575  0.002205
185.632575  0.002205
185.652574  0.002205
185.672573  0.002005
185.692572  0.002205
185.712571  0.002272
185.732571  0.001938
185.752570  0.002138
185.772569  0.002205
185.792568  0.002272
185.812567  0.002138
185.832567  0.002005
185.852566  0.002138
185.872565  0.002205
185.892564  0.002138
185.912563  0.002138
185.932563  0.002071
185.952562  0.002205
185.972561  0.002071
185.992560  0.001938
186.012559  0.002071
186.032559  0.002272
186.052558  0.002005
186.072557  0.002138
186.092556  0.002205
186.112555  0.002138
186.132555  0.002005
186.152554  0.002205
186.172553  0.002272
186.192552  0.002272
186.212551  0.002272
186.232551  0.002272
186.252550  0.002205
186.272549  0.002272
186.292548  0.002272
186.312547  0.002138
186.332547  0.002138
186.352546  0.002138
186.372545  0.002338
186.392544  0.002338
186.412543  0.002138
186.432543  0.002005
186.452542  0.002071
186.472541  0.002272
186.492540  0.002338
186.512539  0.002272
186.532539  0.002138
186.552538  0.002405
186.572537  0.002405
186.592536  0.002138
186.612535  0.002071
186.632535  0.002138
186.652534  0.002138
186.672533  0.002138
186.692532  0.002472
186.712531  0.002138
186.732531  0.002071
186.752530  0.002538
186.772529  0.002272
186.792528  0.002205
186.812527  0.002405
186.832527  0.002138
186.852526  0.002272
186.872525  0.002138
186.892524  0.002272
186.912523  0.002138
186.932523  0.002338
186.952522  0.002338
186.972521  0.002272
186.992520  0.002205
187.012519  0.002138
187.032519  0.002272
187.052518  0.002272
187.072517  0.002272
187.092516  0.002205
187.112515  0.002205
187.132515  0.002205
187.152514  0.002272
187.172513  0.002205
187.192512  0.002205
187.212511  0.002205
187.232511  0.002405
187.252510  0.002205
187.272509  0.002338
187.292508  0.002272
187.312507  0.002138
187.332507  0.002138
187.352506  0.002338
187.372505  0.002138
187.392504  0.002338
187.412503  0.002338
187.432503  0.002405
187.452502  0.002272
187.472501  0.002205
187.492500  0.002272
187.512500  0.002205
187.532499  0.002138
187.552498  0.002205
187.572497  0.002272
187.592496  0.002272
187.612496  0.002205
187.632495  0.002205
187.652494  0.002138
187.672493  0.002205
187.692492  0.002405
187.712492  0.002472
187.732491  0.002272
187.752490  0.002205
187.772489  0.002338
187.792488  0.002338
187.812488  0.002405
187.832487  0.002272
187.852486  0.002272
187.872485  0.002205
187.892484  0.002338
187.912484  0.002205
187.932483  0.002472
187.952482  0.002338
187.972481  0.002138
187.992480  0.002338
188.012480  0.002071
188.032479  0.002205
188.052478  0.002205
188.072477  0.002205
188.092476  0.002272
188.112476  0.002472
188.132475  0.002205
188.152474  0.002272
188.172473  0.002272
188.192472  0.002338
188.212472  0.002405
188.232471  0.002071
188.252470  0.002472
188.272469  0.002405
188.292468  0.002138
188.312468  0.002205
188.332467  0.002272
188.352466  0.002138
188.372465  0.002338
188.392464  0.002472
188.412464  0.002405
188.432463  0.002205
188.452462  0.002338
188.472461  0.002338
188.492460  0.002272
188.512460  0.002338
188.532459  0.002138
188.552458  0.002472
188.572457  0.002205
188.592456  0.002272
188.612456  0.002205
188.632455  0.002405
188.652454  0.002272
188.672453  0.002338
188.692452  0.002605
188.712452  0.002205
188.732451  0.002205
188.752450  0.002338
188.772449  0.002272
188.792448  0.002338
188.812448  0.002338
188.832447  0.002472
188.852446  0.002272
188.872445  0.002472
188.892444  0.002338
188.912444  0.002472
188.932443  0.002338
188.952442  0.002338
188.972441  0.002538
188.992440  0.002472
189.012440  0.002338
189.032439  0.002405
189.052438  0.002338
189.072437  0.002472
189.092436  0.002538
189.112436  0.002472
189.132435  0.002472
189.152434  0.002405
189.172433  0.002405
189.192432  0.002405
189.212432  0.002405
189.232431  0.002338
189.252430  0.002205
189.272429  0.001004
189.292428  0.002605
189.312428  0.002272
189.332427  0.002338
189.352426  0.002472
189.372425  0.002338
189.392424  0.002405
189.412424  0.002405
189.432423  0.002405
189.452422  0.002205
189.472421  0.002338
189.492420  0.002472
189.512420  0.002405
189.532419  0.002405
189.552418  0.002405
189.572417  0.002272
189.592416  0.002405
189.612416  0.002472
189.632415  0.002472
189.652414  0.002405
189.672413  0.002472
189.692412  0.002538
189.712412  0.002472
189.732411  0.002472
189.752410  0.002472
189.772409  0.002338
189.792408  0.002472
189.812408  0.002338
189.832407  0.002605
189.852406  0.002538
189.872405  0.002272
189.892404  0.002405
189.912404  0.002405
189.932403  0.002405
189.952402  0.002405
189.972401  0.002338
189.992400  0.002472
190.012400  0.002538
190.032399  0.002405
190.052398  0.002472
190.072397  0.002472
190.092396  0.002405
190.112396  0.002472
190.132395  0.002472
190.152394  0.002338
190.172393  0.002405
190.192392  0.002472
190.212392  0.002472
190.232391  0.002672
190.252390  0.002405
190.272389  0.002472
190.292388  0.002472
190.312388  0.002472
190.332387  0.002538
190.352386  0.002538
190.372385  0.002405
190.392384  0.002472
190.412384  0.002538
190.432383  0.002538
190.452382  0.002472
190.472381  0.002805
190.492380  0.002538
190.512380  0.002472
190.532379  0.002338
190.552378  0.002472
190.572377  0.002605
190.592376  0.002538
190.612376  0.002472
190.632375  0.002272
190.652374  0.002538
190.672373  0.002472
190.692372  0.002538
190.712372  0.002605
190.732371  0.002405
190.752370  0.002538
190.772369  0.002405
190.792368  0.002338
190.812368  0.002605
190.832367  0.002472
190.852366  0.002472
190.872365  0.002405
190.892364  0.002672
190.912364  0.002405
190.932363  0.002538
190.952362  0.002472
190.972361  0.002405
190.992360  0.002472
191.012360  0.002405
191.032359  0.002605
191.052358  0.002605
191.072357  0.002338
191.092356  0.002472
191.112356  0.002472
191.132355  0.002672
191.152354  0.002605
191.172353  0.002472
191.192352  0.002472
191.212352  0.002605
191.232351  0.002605
191.252350  0.002605
191.272349  0.002538
191.292348  0.002472
191.312348  0.002672
191.332347  0.002338
191.352346  0.002538
191.372345  0.002672
191.392344  0.002472
191.412344  0.002605
191.432343  0.002672
191.452342  0.002205
191.472341  0.002605
191.492340  0.002538
191.512340  0.002605
191.532339  0.002605
191.552338  0.002538
191.572337  0.002538
191.592336  0.002672
191.612336  0.002605
191.632335  0.002405
191.652334  0.002605
191.672333  0.002605
191.692332  0.002538
191.712332  0.002472
191.732331  0.002605
191.752330  0.002538
191.772329  0.002605
191.792328  0.002605
191.812328  0.002605
191.832327  0.002472
191.852326  0.002605
191.872325  0.002538
191.892324  0.002405
191.912324  0.002739
191.932323  0.002605
191.952322  0.002672
191.972321  0.002538
191.992320  0.002605
192.012320  0.002805
192.032319  0.002672
192.052318  0.002672
192.072317  0.002605
192.092316  0.002605
192.112316  0.002872
192.132315  0.002672
192.152314  0.002538
192.172313  0.002405
192.192312  0.002672
192.212312  0.002605
192.232311  0.002605
192.252310  0.002605
192.272309  0.002672
192.292308  0.002872
192.312308  0.002739
192.332307  0.002538
192.352306  0.002672
192.372305  0.002472
192.392304  0.002405
192.412304  0.002605
192.432303  0.002672
192.452302  0.002605
192.472301  0.002672
192.492300  0.002472
192.512300  0.002739
192.532299  0.002538
192.552298  0.002672
192.572297  0.002672
192.592296  0.002472
192.612296  0.002605
192.632295  0.002805
192.652294  0.002605
192.672293  0.002538
192.692292  0.002939
192.712292  0.002672
192.732291  0.002739
192.752290  0.002605
192.772289  0.002739
192.792288  0.002672
192.812288  0.002538
192.832287  0.002472
192.852286  0.002672
192.872285  0.002605
192.892284  0.002538
192.912284  0.002538
192.932283  0.002605
192.952282  0.002739
192.972281  0.002672
192.992280  0.002605
193.012280  0.002672
193.032279  0.002672
193.052278  0.002739
193.072277  0.002605
193.092276  0.002739
193.112276  0.002472
193.132275  0.002739
193.152274  0.002672
193.172273  0.002538
193.192272  0.002805
193.212272  0.002805
193.232271  0.002672
193.252270  0.002538
193.272269  0.002805
193.292268  0.002605
193.312268  0.002739
193.332267  0.002538
193.352266  0.002672
193.372265  0.002739
193.392264  0.002538
193.412264  0.002739
193.432263  0.002672
193.452262  0.002405
193.472261  0.002605
193.492260  0.002739
193.512260  0.002605
193.532259  0.002605
193.552258  0.002739
193.572257  0.002739
193.592256  0.002739
193.612256  0.002472
193.632255  0.002605
193.652254  0.002739
193.672253  0.002872
193.692252  0.002672
193.712252  0.002805
193.732251  0.002872
193.752250  0.002872
193.772249  0.002739
193.792248  0.002805
193.812248  0.002739
193.832247  0.002672
193.852246  0.002672
193.872245  0.002739
193.892244  0.002672
193.912244  0.002805
193.932243  0.002739
193.952242  0.002872
193.972241  0.002872
193.992240  0.002405
194.012240  0.002672
194.032239  0.002805
194.052238  0.002538
194.072237  0.002672
194.092236  0.002739
194.112236  0.002672
194.132235  0.002739
194.152234  0.002538
194.172233  0.002739
194.192232  0.002805
194.212232  0.002739
194.232231  0.002605
194.252230  0.002538
194.272229  0.002872
194.292228  0.002739
194.312228  0.002805
194.332227  0.002672
194.352226  0.002872
194.372225  0.002739
194.392224  0.002739
194.412224  0.002739
194.432223  0.002472
194.452222  0.002805
194.472221  0.002739
194.492220  0.002872
194.512220  0.002739
194.532219  0.002672
194.552218  0.002739
194.572217  0.002805
194.592216  0.002805
194.612216  0.002605
194.632215  0.002672
194.652214  0.002805
194.672213  0.002739
194.692212  0.002805
194.712212  0.002739
194.732211  0.002872
194.752210  0.002805
194.772209  0.002605
194.792208  0.002805
194.812208  0.002805
194.832207  0.002939
194.852206  0.002939
194.872205  0.002739
194.892204  0.002872
194.912204  0.002672
194.932203  0.002872
194.952202  0.002805
194.972201  0.002872
194.992200  0.002538
195.012200  0.002739
195.032199  0.002605
195.052198  0.002739
195.072197  0.002805
195.092196  0.002872
195.112196  0.002939
195.132195  0.002872
195.152194  0.002872
195.172193  0.002872
195.192192  0.002805
195.212192  0.002872
195.232191  0.002872
195.252190  0.002739
195.272189  0.002872
195.292188  0.002672
195.312188  0.002739
195.332187  0.002939
195.352186  0.002872
195.372185  0.002805
195.392184  0.003072
195.412184  0.002805
195.432183  0.002872
195.452182  0.002739
195.472181  0.002872
195.492180  0.002805
195.512180  0.002739
195.532179  0.002805
195.552178  0.002805
195.572177  0.002939
195.592176  0.002939
195.612176  0.002805
195.632175  0.002805
195.652174  0.002939
195.672173  0.002939
195.692172  0.002672
195.712172  0.002805
195.732171  0.002939
195.752170  0.002872
195.772169  0.002805
195.792168  0.002605
195.812168  0.002872
195.832167  0.002872
195.852166  0.002939
195.872165  0.002872
195.892164  0.002739
195.912164  0.002805
195.932163  0.002872
195.952162  0.002872
195.972161  0.002872
195.992160  0.002939
196.012160  0.002872
196.032159  0.002939
196.052158  0.002939
196.072157  0.002739
196.092156  0.002805
196.112156  0.002872
196.132155  0.003072
196.152154  0.002872
196.172153  0.002805
196.192152  0.002872
196.212152  0.002939
196.232151  0.002739
196.252150  0.002805
196.272149  0.002739
196.292148  0.002805
196.312148  0.002872
196.332147  0.002939
196.352146  0.002805
196.372145  0.002805
196.392144  0.002872
196.412144  0.002939
196.432143  0.002939
196.452142  0.003006
196.472141  0.002805
196.492140  0.002872
196.512140  0.002872
196.532139  0.002872
196.552138  0.002739
196.572137  0.002872
196.592136  0.002872
196.612136  0.003006
196.632135  0.003072
196.652134  0.002805
196.672133  0.002739
196.692132  0.002872
196.712132  0.002872
196.732131  0.002805
196.752130  0.002939
196.772129  0.002672
196.792128  0.002872
196.812128  0.002939
196.832127  0.002872
196.852126  0.002805
196.872125  0.002872
196.892124  0.002872
196.912124  0.003006
196.932123  0.002805
196.952122  0.002872
196.972121  0.002939
196.992120  0.003072
197.012120  0.003006
197.032119  0.003006
197.052118  0.002672
197.072117  0.002872
197.092116  0.003072
197.112116  0.002872
197.132115  0.002805
197.152114  0.002872
197.172113  0.002939
197.192112  0.002939
197.212112  0.003006
197.232111  0.002872
197.252110  0.002939
197.272109  0.003006
197.292108  0.002739
197.312108  0.002939
197.332107  0.003072
197.352106  0.002872
197.372105  0.002939
197.392104  0.003072
197.412104  0.002805
197.432103  0.002739
197.452102  0.003139
197.472101  0.003072
197.492100  0.003006
197.512100  0.002872
197.532099  0.002805
197.552098  0.003006
197.572097  0.003072
197.592096  0.002739
197.612096  0.002739
197.632095  0.002939
197.652094  0.003006
197.672093  0.003006
197.692092  0.002872
197.712092  0.002805
197.732091  0.002872
197.752090  0.003006
197.772089  0.002939
197.792088  0.002939
197.812088  0.002872
197.832087  0.002872
197.852086  0.003139
197.872085  0.003006
197.892084  0.003006
197.912084  0.002872
197.932083  0.002939
197.952082  0.003006
197.972081  0.002872
197.992080  0.003006
198.012080  0.002939
198.032079  0.003139
198.052078  0.003006
198.072077  0.003072
198.092076  0.002939
198.112076  0.002939
198.132075  0.002872
198.152074  0.003139
198.172073  0.002939
198.192072  0.002872
198.212072  0.002939
198.232071  0.003006
198.252070  0.003072
198.272069  0.003006
198.292068  0.002939
198.312068  0.003206
198.332067  0.003139
198.352066  0.003139
198.372065  0.002739
198.392064  0.003072
198.412064  0.002939
198.432063  0.003206
198.452062  0.003072
198.472061  0.003006
198.492060  0.002939
198.512060  0.003206
198.532059  0.003273
198.552058  0.003072
198.572057  0.002872
198.592056  0.003072
198.612056  0.003006
198.632055  0.003072
198.652054  0.003006
198.672053  0.003072
198.692052  0.003006
198.712052  0.002872
198.732051  0.003139
198.752050  0.003072
198.772049  0.002939
198.792048  0.003006
198.812048  0.003139
198.832047  0.003139
198.852046  0.002805
198.872045  0.003273
198.892044  0.003139
198.912044  0.003139
198.932043  0.003006
198.952042  0.002872
198.972041  0.002939
198.992040  0.002872
199.012040  0.003206
199.032039  0.003006
199.052038  0.003072
199.072037  0.003072
199.092036  0.002872
199.112036  0.003206
199.132035  0.003006
199.152034  0.002805
199.172033  0.002872
199.192032  0.003139
199.212032  0.003072
199.232031  0.003072
199.252030  0.002939
199.272029  0.002872
199.292028  0.003273
199.312028  0.003139
199.332027  0.002872
199.352026  0.003072
199.372025  0.003139
199.392024  0.003339
199.412024  0.003072
199.432023  0.003139
199.452022  0.003072
199.472021  0.003206
199.492020  0.003139
199.512020  0.003206
199.532019  0.003206
199.552018  0.002939
199.572017  0.003006
199.592016  0.003273
199.612016  0.003072
199.632015  0.003006
199.652014  0.003072
199.672013  0.003273
199.692012  0.003206
199.712012  0.003006
199.732011  0.003006
199.752010  0.003206
199.772009  0.003006
199.792008  0.003006
199.812008  0.003139
199.832007  0.003273
199.852006  0.003139
199.872005  0.003139
199.892004  0.003139
199.912004  0.003273
199.932003  0.003273
199.952002  0.003206
199.972001  0.003206
199.992000  0.003139
200.012000  0.003139
200.031999  0.003139
200.051998  0.002805
200.071997  0.003206
200.091996  0.003006
200.111996  0.002939
200.131995  0.003072
200.151994  0.003072
200.171993  0.003139
200.191992  0.003006
200.211992  0.003072
200.231991  0.003139
200.251990  0.003072
200.271989  0.003072
200.291988  0.003139
200.311988  0.003072
200.331987  0.003072
200.351986  0.003339
200.371985  0.003273
200.391984  0.003072
200.411984  0.003273
200.431983  0.003139
200.451982  0.003206
200.471981  0.003206
200.491980  0.003139
200.511980  0.003006
200.531979  0.003206
200.551978  0.003273
200.571977  0.003139
200.591976  0.003273
200.611976  0.003072
200.631975  0.003273
200.651974  0.003139
200.671973  0.003339
200.691972  0.002805
200.711972  0.003273
200.731971  0.003206
200.751970  0.003006
200.771969  0.003139
200.791968  0.003206
200.811968  0.003072
200.831967  0.003206
200.851966  0.003072
200.871965  0.003339
200.891964  0.003206
200.911964  0.003206
200.931963  0.003206
200.951962  0.003273
200.971961  0.003273
200.991960  0.002939
201.011960  0.003139
201.031959  0.003273
201.051958  0.003273
201.071957  0.003139
201.091956  0.003339
201.111956  0.003339
201.131955  0.003273
201.151954  0.003072
201.171953  0.003339
201.191952  0.003273
201.211952  0.003406
201.231951  0.003273
201.251950  0.003273
201.271949  0.003206
201.291948  0.003273
201.311948  0.003139
201.331947  0.003273
201.351946  0.003339
201.371945  0.003206
201.391944  0.002872
201.411944  0.003406
201.431943  0.003273
201.451942  0.003273
201.471941  0.003139
201.491940  0.003339
201.511940  0.003139
201.531939  0.003206
201.551938  0.003206
201.571937  0.003406
201.591936  0.003339
201.611936  0.003273
201.631935  0.003273
201.651934  0.003473
201.671933  0.003339
201.691932  0.003339
201.711932  0.003206
201.731931  0.003206
201.751930  0.003273
201.771929  0.003539
201.791928  0.003206
201.811928  0.003473
201.831927  0.003339
201.851926  0.003273
201.871925  0.003206
201.891924  0.003339
201.911924  0.003339
201.931923  0.003139
201.951922  0.003273
201.971921  0.003206
201.991920  0.003473
202.011920  0.003206
202.031919  0.003206
202.051918  0.003206
202.071917  0.003339
202.091916  0.003406
202.111916  0.003273
202.131915  0.003406
202.151914  0.003139
202.171913  0.003206
202.191912  0.003473
202.211912  0.003273
202.231911  0.003139
202.251910  0.003339
202.271909  0.003339
202.291908  0.003273
202.311908  0.003206
202.331907  0.003206
202.351906  0.003406
202.371905  0.003206
202.391904  0.003273
202.411904  0.003273
202.431903  0.003339
202.451902  0.003339
202.471901  0.003273
202.491900  0.003339
202.511900  0.003406
202.531899  0.003339
202.551898  0.003339
202.571897  0.003273
202.591896  0.003206
202.611896  0.003339
202.631895  0.003473
202.651894  0.003339
202.671893  0.003339
202.691892  0.003273
202.711892  0.003339
202.731891  0.003273
202.751890  0.003406
202.771889  0.003273
202.791888  0.003273
202.811888  0.003539
202.831887  0.003473
202.851886  0.003206
202.871885  0.003139
202.891884  0.003406
202.911884  0.003273
202.931883  0.003273
202.951882  0.003339
202.971881  0.003273
202.991880  0.003139
203.011880  0.003273
203.031879  0.003406
203.051878  0.003339
203.071877  0.002939
203.091876  0.003339
203.111876  0.003339
203.131875  0.003406
203.151874  0.003206
203.171873  0.003406
203.191872  0.003339
203.211872  0.003206
203.231871  0.003273
203.251870  0.003406
203.271869  0.003406
203.291868  0.003273
203.311868  0.003406
203.331867  0.003406
203.351866  0.003473
203.371865  0.003339
203.391864  0.003406
203.411864  0.003339
203.431863  0.003606
203.451862  0.003273
203.471861  0.003206
203.491860  0.003339
203.511860  0.003406
203.531859  0.003339
203.551858  0.003139
203.571857  0.003339
203.591856  0.003473
203.611856  0.003339
203.631855  0.003339
203.651854  0.003406
203.671853  0.003473
203.691852  0.003273
203.711852  0.003273
203.731851  0.003406
203.751850  0.003339
203.771849  0.003273
203.791848  0.003406
203.811848  0.003206
203.831847  0.003339
203.851846  0.003339
203.871845  0.003406
203.891844  0.003339
203.911844  0.003339
203.931843  0.003339
203.951842  0.003406
203.971841  0.003473
203.991840  0.003339
204.011840  0.003273
204.031839  0.003206
204.051838  0.003473
204.071837  0.003339
204.091836  0.003406
204.111836  0.003139
204.131835  0.003606
204.151834  0.003339
204.171833  0.003339
204.191832  0.003473
204.211832  0.003339
204.231831  0.003406
204.251830  0.003206
204.271829  0.003406
204.291828  0.003473
204.311828  0.003473
204.331827  0.003406
204.351826  0.003473
204.371825  0.003673
204.391824  0.003406
204.411824  0.003539
204.431823  0.003406
204.451822  0.003606
204.471821  0.003406
204.491820  0.003406
204.511820  0.003406
204.531819  0.003339
204.551818  0.003339
204.571817  0.003473
204.591816  0.003206
204.611816  0.003406
204.631815  0.003539
204.651814  0.003406
204.671813  0.003473
204.691812  0.003206
204.711812  0.003473
204.731811  0.003673
204.751810  0.003339
204.771809  0.003339
204.791808  0.003473
204.811808  0.003539
204.831807  0.003473
204.851806  0.003473
204.871805  0.003673
204.891804  0.003473
204.911804  0.003473
204.931803  0.003473
204.951802  0.003339
204.971801  0.003673
204.991800  0.003606
205.011800  0.003806
205.031799  0.003339
205.051798  0.003473
205.071797  0.003539
205.091796  0.003473
205.111796  0.003473
205.131795  0.003406
205.151794  0.003473
205.171793  0.003473
205.191792  0.003339
205.211792  0.003406
205.231791  0.003406
205.251790  0.003473
205.271789  0.003539
205.291788  0.003473
205.311788  0.003406
205.331787  0.003740
205.351786  0.003473
205.371785  0.003406
205.391784  0.003406
205.411784  0.003339
205.431783  0.003473
205.451782  0.003606
205.471781  0.003539
205.491780  0.003473
205.511780  0.003406
205.531779  0.003673
205.551778  0.003539
205.571777  0.003406
205.591776  0.003339
205.611776  0.003406
205.631775  0.003406
205.651774  0.003473
205.671773  0.003473
205.691772  0.003473
205.711772  0.003673
205.731771  0.003539
205.751770  0.003673
205.771769  0.003539
205.791768  0.003740
205.811768  0.003406
205.831767  0.003539
205.851766  0.003406
205.871765  0.003673
205.891764  0.003473
205.911764  0.003473
205.931763  0.003539
205.951762  0.003539
205.971761  0.003606
205.991760  0.003606
206.011760  0.003473
206.031759  0.003473
206.051758  0.003539
206.071757  0.003673
206.091756  0.003673
206.111756  0.003406
206.131755  0.003406
206.151754  0.003673
206.171753  0.003539
206.191752  0.003673
206.211752  0.003339
206.231751  0.003339
206.251750  0.003606
206.271749  0.004007
206.291748  0.003406
206.311748  0.003539
206.331747  0.003606
206.351746  0.003606
206.371745  0.003740
206.391744  0.003673
206.411744  0.003473
206.431743  0.003473
206.451742  0.003606
206.471741  0.003539
206.491740  0.003539
206.511740  0.003673
206.531739  0.003673
206.551738  0.003606
206.571737  0.003673
206.591736  0.003406
206.611736  0.003539
206.631735  0.003740
206.651734  0.003406
206.671733  0.003339
206.691732  0.003473
206.711732  0.003673
206.731731  0.003539
206.751730  0.003539
206.771729  0.003673
206.791728  0.003473
206.811728  0.003673
206.831727  0.003539
206.851726  0.003606
206.871725  0.003473
206.891724  0.003406
206.911724  0.003673
206.931723  0.003473
206.951722  0.003539
206.971721  0.003539
206.991720  0.003406
207.011720  0.003606
207.031719  0.003539
207.051718  0.003539
207.071717  0.003606
207.091716  0.003539
207.111716  0.003473
207.131715  0.003539
207.151714  0.003406
207.171713  0.003473
207.191712  0.003673
207.211712  0.003473
207.231711  0.003806
207.251710  0.003606
207.271709  0.003673
207.291708  0.003673
207.311708  0.003740
207.331707  0.003673
207.351706  0.003606
207.371705  0.003539
207.391704  0.003740
207.411704  0.003673
207.431703  0.003473
207.451702  0.003673
207.471701  0.003673
207.491700  0.003740
207.511700  0.003673
207.531699  0.003539
207.551698  0.003539
207.571697  0.003673
207.591696  0.003606
207.611696  0.003806
207.631695  0.003673
207.651694  0.003539
207.671693  0.003406
207.691692  0.003606
207.711692  0.003740
207.731691  0.003740
207.751690  0.003539
207.771689  0.003473
207.791688  0.003873
207.811688  0.003673
207.831687  0.003406
207.851686  0.003606
207.871685  0.003606
207.891684  0.003806
207.911684  0.003606
207.931683  0.003473
207.951682  0.003806
207.971681  0.003539
207.991680  0.003539
208.011680  0.003473
208.031679  0.003673
208.051678  0.003806
208.071677  0.003539
208.091676  0.003539
208.111676  0.003473
208.131675  0.003539
208.151674  0.003673
208.171673  0.003806
208.191672  0.003606
208.211672  0.003473
208.231671  0.003740
208.251670  0.003673
208.271669  0.003673
208.291668  0.003806
208.311668  0.003673
208.331667  0.003539
208.351666  0.003673
208.371665  0.003806
208.391664  0.003673
208.411664  0.003740
208.431663  0.003673
208.451662  0.003673
208.471661  0.003673
208.491660  0.003606
208.511660  0.003606
208.531659  0.003673
208.551658  0.003673
208.571657  0.003406
208.591656  0.003673
208.611656  0.003673
208.631655  0.003740
208.651654  0.003740
208.671653  0.003673
208.691652  0.003606
208.711652  0.003673
208.731651  0.003806
208.751650  0.003806
208.771649  0.003539
208.791648  0.003606
208.811648  0.003606
208.831647  0.003740
208.851646  0.003673
208.871645  0.004007
208.891644  0.003806
208.911644  0.003740
208.931643  0.003806
208.951642  0.003673
208.971641  0.003740
208.991640  0.003740
209.011640  0.003740
209.031639  0.003873
209.051638  0.003673
209.071637  0.003740
209.091636  0.003673
209.111636  0.003740
209.131635  0.003606
209.151634  0.003673
209.171633  0.003673
209.191632  0.003873
209.211632  0.003873
209.231631  0.003873
209.251630  0.003606
209.271629  0.003740
209.291628  0.003806
209.311628  0.003806
209.331627  0.003673
209.351626  0.003806
209.371625  0.003673
209.391624  0.003940
209.411624  0.003673
209.431623  0.003806
209.451622  0.003673
209.471621  0.003539
209.491620  0.003806
209.511620  0.003873
209.531619  0.003740
209.551618  0.003539
209.571617  0.003806
209.591616  0.003940
209.611616  0.003740
209.631615  0.003673
209.651614  0.003740
209.671613  0.003673
209.691612  0.003740
209.711612  0.003740
209.731611  0.003673
209.751610  0.003740
209.771609  0.003740
209.791608  0.003873
209.811608  0.003806
209.831607  0.003740
209.851606  0.003740
209.871605  0.003873
209.891604  0.003740
209.911604  0.003740
209.931603  0.003740
209.951602  0.003473
209.971601  0.003940
209.991600  0.003873
210.011600  0.003673
210.031599  0.003673
210.051598  0.003806
210.071597  0.003873
210.091596  0.003539
210.111596  0.003873
210.131595  0.003740
210.151594  0.003740
210.171593  0.003873
210.191592  0.003806
210.211592  0.003806
210.231591  0.003740
210.251590  0.003873
210.271589  0.003806
210.291588  0.003873
210.311588  0.003673
210.331587  0.003873
210.351586  0.003873
210.371585  0.003940
210.391584  0.003806
210.411584  0.003806
210.431583  0.003940
210.451582  0.003940
210.471581  0.003740
210.491580  0.004007
210.511580  0.003806
210.531579  0.003806
210.551578  0.003873
210.571577  0.003806
210.591576  0.003806
210.611576  0.003940
210.631575  0.003673
210.651574  0.003740
210.671573  0.003873
210.691572  0.003806
210.711572  0.003806
210.731571  0.004007
210.751570  0.003673
210.771569  0.003873
210.791568  0.003673
210.811568  0.004007
210.831567  0.003806
210.851566  0.003873
210.871565  0.003940
210.891564  0.003806
210.911564  0.003673
210.931563  0.003873
210.951562  0.003940
210.971561  0.003806
210.991560  0.003873
211.011560  0.003806
211.031559  0.003873
211.051558  0.003873
211.071557  0.003806
211.091556  0.003940
211.111556  0.003806
211.131555  0.003806
211.151554  0.004007
211.171553  0.003873
211.191552  0.003806
211.211552  0.003806
211.231551  0.004007
211.251550  0.003873
211.271549  0.003873
211.291548  0.003873
211.311548  0.004007
211.331547  0.003740
211.351546  0.003940
211.371545  0.003873
211.391544  0.003740
211.411544  0.003806
211.431543  0.003940
211.451542  0.003873
211.471541  0.003806
211.491540  0.003873
211.511540  0.003873
211.531539  0.003873
211.551538  0.004007
211.571537  0.004073
211.591536  0.004073
211.611536  0.003873
211.631535  0.003873
211.651534  0.003873
211.671533  0.003873
211.691532  0.003940
211.711532  0.003940
211.731531  0.003873
211.751530  0.003940
211.771529  0.003873
211.791528  0.003940
211.811528  0.003940
211.831527  0.003940
211.851526  0.004007
211.871525  0.003873
211.891524  0.003806
211.911524  0.003940
211.931523  0.003940
211.951522  0.003806
211.971521  0.003873
211.991520  0.004140
212.011520  0.003940
212.031519  0.004207
212.051518  0.003940
212.071517  0.003940
212.091516  0.003940
212.111516  0.003940
212.131515  0.003940
212.151514  0.003940
212.171513  0.004007
212.191512  0.003940
212.211512  0.003806
212.231511  0.003873
212.251510  0.004007
212.271509  0.003873
212.291508  0.003873
212.311508  0.003940
212.331507  0.003873
212.351506  0.003806
212.371505  0.003873
212.391504  0.003873
212.411504  0.004007
212.431503  0.003940
212.451502  0.004007
212.471501  0.003873
212.491500  0.003806
212.511500  0.003940
212.531499  0.004007
212.551498  0.003940
212.571497  0.003806
212.591496  0.003940
212.611496  0.003740
212.631495  0.004007
212.651494  0.003873
212.671493  0.004007
212.691492  0.004007
212.711492  0.004073
212.731491  0.003940
212.751490  0.004073
212.771489  0.004207
212.791488  0.004007
212.811488  0.003940
212.831487  0.003940
212.851486  0.004073
212.871485  0.004073
212.891484  0.003940
212.911484  0.004007
212.931483  0.004073
212.951482  0.004007
212.971481  0.004007
212.991480  0.004073
213.011480  0.004007
213.031479  0.003806
213.051478  0.003940
213.071477  0.004007
213.091476  0.004007
213.111476  0.004273
213.131475  0.004007
213.151474  0.004073
213.171473  0.004007
213.191472  0.003940
213.211472  0.004007
213.231471  0.004073
213.251470  0.003873
213.271469  0.004007
213.291468  0.003940
213.311468  0.004007
213.331467  0.004073
213.351466  0.004007
213.371465  0.004007
213.391464  0.003940
213.411464  0.004007
213.431463  0.004140
213.451462  0.003940
213.471461  0.003740
213.491460  0.004207
213.511460  0.003940
213.531459  0.004007
213.551458  0.004073
213.571457  0.004207
213.591456  0.003940
213.611456  0.004073
213.631455  0.004007
213.651454  0.003940
213.671453  0.003940
213.691452  0.003806
213.711452  0.004073
213.731451  0.004073
213.751450  0.004140
213.771449  0.004140
213.791448  0.004007
213.811448  0.003940
213.831447  0.004140
213.851446  0.003873
213.871445  0.004007
213.891444  0.004007
213.911444  0.003873
213.931443  0.003806
213.951442  0.004007
213.971441  0.004073
213.991440  0.004007
214.011440  0.004073
214.031439  0.004140
214.051438  0.003940
214.071437  0.004007
214.091436  0.004207
214.111436  0.004207
214.131435  0.003940
214.151434  0.004140
214.171433  0.003873
214.191432  0.003806
214.211432  0.003940
214.231431  0.004140
214.251430  0.004007
214.271429  0.003940
214.291428  0.004073
214.311428  0.004207
214.331427  0.003940
214.351426  0.004007
214.371425  0.003806
214.391424  0.004073
214.411424  0.004007
214.431423  0.004073
214.451422  0.004007
214.471421  0.003806
214.491420  0.004207
214.511420  0.003940
214.531419  0.004007
214.551418  0.003940
214.571417  0.003940
214.591416  0.004007
214.611416  0.004007
214.631415  0.004073
214.651414  0.004207
214.671413  0.004140
214.691412  0.004273
214.711412  0.004207
214.731411  0.004007
214.751410  0.004073
214.771409  0.004140
214.791408  0.004207
214.811408  0.003940
214.831407  0.004007
214.851406  0.004207
214.871405  0.004140
214.891404  0.003940
214.911404  0.004140
214.931403  0.004073
214.951402  0.004273
214.971401  0.004207
214.991400  0.003873
215.011400  0.004140
215.031399  0.004140
215.051398  0.004073
215.071397  0.004007
215.091396  0.004007
215.111396  0.004073
215.131395  0.004207
215.151394  0.004073
215.171393  0.004140
215.191392  0.004140
215.211392  0.004207
215.231391  0.004407
215.251390  0.004007
215.271389  0.004073
215.291388  0.003940
215.311388  0.004207
215.331387  0.004140
215.351386  0.004207
215.371385  0.003940
215.391384  0.004207
215.411384  0.004073
215.431383  0.004007
215.451382  0.004073
215.471381  0.004140
215.491380  0.004340
215.511380  0.004273
215.531379  0.004073
215.551378  0.004407
215.571377  0.004073
215.591376  0.004140
215.611376  0.004273
215.631375  0.004140
215.651374  0.004207
215.671373  0.004207
215.691372  0.004007
215.711372  0.004207
215.731371  0.004207
215.751370  0.004273
215.771369  0.004073
215.791368  0.004273
215.811368  0.004007
215.831367  0.004073
215.851366  0.004073
215.871365  0.004140
215.891364  0.004340
215.911364  0.004073
215.931363  0.004207
215.951362  0.004007
215.971361  0.004140
215.991360  0.003940
216.011360  0.004207
216.031359  0.004007
216.051358  0.004073
216.071357  0.004207
216.091356  0.004007
216.111356  0.004207
216.131355  0.004207
216.151354  0.004273
216.171353  0.004273
216.191352  0.004073
216.211352  0.004407
216.231351  0.003873
216.251350  0.004007
216.271349  0.004207
216.291348  0.004207
216.311348  0.004340
216.331347  0.004207
216.351346  0.004207
216.371345  0.004073
216.391344  0.004273
216.411344  0.004140
216.431343  0.004073
216.451342  0.004073
216.471341  0.004140
216.491340  0.004207
216.511340  0.004007
216.531339  0.004007
216.551338  0.004207
216.571337  0.004207
216.591336  0.004340
216.611336  0.004273
216.631335  0.004207
216.651334  0.004140
216.671333  0.004007
216.691332  0.004474
216.711332  0.004207
216.731331  0.004540
216.751330  0.004340
216.771329  0.004273
216.791328  0.004140
216.811328  0.004273
216.831327  0.004073
216.851326  0.004273
216.871325  0.004140
216.891324  0.004273
216.911324  0.004207
216.931323  0.004273
216.951322  0.004273
216.971321  0.003940
216.991320  0.004207
217.011320  0.004207
217.031319  0.004340
217.051318  0.004407
217.071317  0.004474
217.091316  0.004140
217.111316  0.004207
217.131315  0.003940
217.151314  0.004407
217.171313  0.004207
217.191312  0.004073
217.211312  0.004207
217.231311  0.004207
217.251310  0.004340
217.271309  0.004140
217.291308  0.004207
217.311308  0.004073
217.331307  0.004207
217.351306  0.004273
217.371305  0.004073
217.391304  0.004140
217.411304  0.004073
217.431303  0.004273
217.451302  0.004407
217.471301  0.004140
217.491300  0.004073
217.511300  0.004340
217.531299  0.004207
217.551298  0.004273
217.571297  0.004474
217.591296  0.004140
217.611296  0.004340
217.631295  0.004273
217.651294  0.004273
217.671293  0.004073
217.691292  0.004340
217.711292  0.004273
217.731291  0.004140
217.751290  0.004474
217.771289  0.004207
217.791288  0.004273
217.811288  0.004340
217.831287  0.004407
217.851286  0.004340
217.871285  0.004207
217.891284  0.004207
217.911284  0.004340
217.931283  0.004407
217.951282  0.004273
217.971281  0.004207
217.991280  0.004073
218.011280  0.004340
218.031279  0.004207
218.051278  0.004340
218.071277  0.004207
218.091276  0.004340
218.111276  0.004340
218.131275  0.004407
218.151274  0.004207
218.171273  0.004273
218.191272  0.004273
218.211272  0.004540
218.231271  0.004474
218.251270  0.004073
218.271269  0.004207
218.291268  0.004407
218.311268  0.004407
218.331267  0.004407
218.351266  0.004140
218.371265  0.004340
218.391264  0.004340
218.411264  0.004340
218.431263  0.004273
218.451262  0.004273
218.471261  0.004207
218.491260  0.004474
218.511260  0.004474
218.531259  0.004073
218.551258  0.004207
218.571257  0.004207
218.591256  0.004407
218.611256  0.004474
218.631255  0.004207
218.651254  0.004340
218.671253  0.004407
218.691252  0.004407
218.711252  0.004340
218.731251  0.004207
218.751250  0.004474
218.771249  0.004540
218.791248  0.004607
218.811248  0.004407
218.831247  0.004273
218.851246  0.004207
218.871245  0.004340
218.891244  0.004407
218.911244  0.004207
218.931243  0.004340
218.951242  0.004273
218.971241  0.004540
218.991240  0.004340
219.011240  0.004273
219.031239  0.004273
219.051238  0.004407
219.071237  0.004407
219.091236  0.004407
219.111236  0.004407
219.131235  0.004140
219.151234  0.004607
219.171233  0.004407
219.191232  0.004407
219.211232  0.004273
219.231231  0.004273
219.251230  0.004207
219.271229  0.004540
219.291228  0.004407
219.311228  0.004007
219.331227  0.004207
219.351226  0.004540
219.371225  0.004474
219.391224  0.004407
219.411224  0.004207
219.431223  0.004407
219.451222  0.004340
219.471221  0.004474
219.491220  0.004273
219.511220  0.004474
219.531219  0.004540
219.551218  0.004474
219.571217  0.004474
219.591216  0.004540
219.611216  0.004207
219.631215  0.004407
219.651214  0.004607
219.671213  0.004474
219.691212  0.004207
219.711212  0.004207
219.731211  0.004340
219.751210  0.004407
219.771209  0.004607
219.791208  0.004340
219.811208  0.004207
219.831207  0.004407
219.851206  0.004474
219.871205  0.004540
219.891204  0.004407
219.911204  0.004340
219.931203  0.004340
219.951202  0.004474
219.971201  0.004540
219.991200  0.004340
220.011200  0.004273
220.031199  0.004407
220.051198  0.004340
220.071197  0.004407
220.091196  0.004140
220.111196  0.004340
220.131195  0.004474
220.151194  0.004474
220.171193  0.004407
220.191192  0.004474
220.211192  0.004474
220.231191  0.004340
220.251190  0.004474
220.271189  0.004407
220.291188  0.004474
220.311188  0.004340
220.331187  0.004474
220.351186  0.004474
220.371185  0.004540
220.391184  0.004407
220.411184  0.004407
220.431183  0.004407
220.451182  0.004340
220.471181  0.004273
220.491180  0.004474
220.511180  0.004741
220.531179  0.004407
220.551178  0.004340
220.571177  0.004407
220.591176  0.004474
220.611176  0.004540
220.631175  0.004474
220.651174  0.004474
220.671173  0.004407
220.691172  0.004474
220.711172  0.004407
220.731171  0.004540
220.751170  0.004407
220.771169  0.004474
220.791168  0.004540
220.811168  0.004540
220.831167  0.004474
220.851166  0.004474
220.871165  0.004607
220.891164  0.004474
220.911164  0.004474
220.931163  0.004474
220.951162  0.004540
220.971161  0.004340
220.991160  0.004474
221.011160  0.004474
221.031159  0.004474
221.051158  0.004407
221.071157  0.004273
221.091156  0.004407
221.111156  0.004474
221.131155  0.004407
221.151154  0.004474
221.171153  0.004674
221.191152  0.004407
221.211152  0.004474
221.231151  0.004407
221.251150  0.004273
221.271149  0.004407
221.291148  0.004407
221.311148  0.004407
221.331147  0.004540
221.351146  0.004407
221.371145  0.004407
221.391144  0.004407
221.411144  0.004340
221.431143  0.004540
221.451142  0.004474
221.471141  0.004474
221.491140  0.004607
221.511140  0.004340
221.531139  0.004474
221.551138  0.004340
221.571137  0.004340
221.591136  0.004273
221.611136  0.004340
221.631135  0.004407
221.651134  0.004540
221.671133  0.004407
221.691132  0.004474
221.711132  0.004474
221.731131  0.004474
221.751130  0.004474
221.771129  0.004540
221.791128  0.004607
221.811128  0.004340
221.831127  0.004407
221.851126  0.004807
221.871125  0.004607
221.891124  0.004407
221.911124  0.004474
221.931123  0.004741
221.951122  0.004607
221.971121  0.004540
221.991120  0.004540
222.011120  0.004474
222.031119  0.004407
222.051118  0.004407
222.071117  0.004540
222.091116  0.004540
222.111116  0.004607
222.131115  0.004540
222.151114  0.004407
222.171113  0.004540
222.191112  0.004540
222.211112  0.004474
222.231111  0.004607
222.251110  0.004607
222.271109  0.004474
222.291108  0.004540
222.311108  0.004674
222.331107  0.004741
222.351106  0.004474
222.371105  0.004540
222.391104  0.004607
222.411104  0.004607
222.431103  0.004607
222.451102  0.004607
222.471101  0.004540
222.491100  0.004474
222.511100  0.004540
222.531099  0.004474
222.551098  0.004407
222.571097  0.004674
222.591096  0.004540
222.611096  0.004607
222.631095  0.004540
222.651094  0.004540
222.671093  0.004474
222.691092  0.004474
222.711092  0.004474
222.731091  0.004674
222.751090  0.004407
222.771089  0.004674
222.791088  0.004474
222.811088  0.004674
222.831087  0.004474
222.851086  0.004741
222.871085  0.004474
222.891084  0.004607
222.911084  0.004674
222.931083  0.004607
222.951082  0.004540
222.971081  0.004607
222.991080  0.004607
223.011080  0.004674
223.031079  0.004474
223.051078  0.004674
223.071077  0.004807
223.091076  0.004273
223.111076  0.004607
223.131075  0.004540
223.151074  0.004607
223.171073  0.004474
223.191072  0.004674
223.211072  0.004474
223.231071  0.004741
223.251070  0.004540
223.271069  0.004741
223.291068  0.004474
223.311068  0.004540
223.331067  0.004741
223.351066  0.004607
223.371065  0.004540
223.391064  0.004540
223.411064  0.004407
223.431063  0.004340
223.451062  0.004474
223.471061  0.004474
223.491060  0.004540
223.511060  0.004674
223.531059  0.004674
223.551058  0.004540
223.571057  0.004474
223.591056  0.004474
223.611056  0.004607
223.631055  0.004674
223.651054  0.004540
223.671053  0.004807
223.691052  0.004741
223.711052  0.004674
223.731051  0.004607
223.751050  0.004607
223.771049  0.004607
223.791048  0.004607
223.811048  0.004741
223.831047  0.004540
223.851046  0.004741
223.871045  0.004607
223.891044  0.004674
223.911044  0.004607
223.931043  0.004741
223.951042  0.004674
223.971041  0.004540
223.991040  0.004607
224.011040  0.004741
224.031039  0.004807
224.051038  0.004674
224.071037  0.004407
224.091036  0.004741
224.111036  0.004607
224.131035  0.004674
224.151034  0.004741
224.171033  0.004741
224.191032  0.004607
224.211032  0.004807
224.231031  0.004407
224.251030  0.004741
224.271029  0.004540
224.291028  0.004741
224.311028  0.004474
224.331027  0.004474
224.351026  0.004540
224.371025  0.004674
224.391024  0.004607
224.411024  0.004540
224.431023  0.004607
224.451022  0.004607
224.471021  0.004874
224.491020  0.004607
224.511020  0.004807
224.531019  0.004607
224.551018  0.004741
224.571017  0.004807
224.591016  0.004607
224.611016  0.004540
224.631015  0.004807
224.651014  0.004340
224.671013  0.004741
224.691012  0.004674
224.711012  0.004741
224.731011  0.004540
224.751010  0.004941
224.771009  0.004607
224.791008  0.004807
224.811008  0.004540
224.831007  0.004540
224.851006  0.004807
224.871005  0.004874
224.891004  0.004540
224.911004  0.004741
224.931003  0.004741
224.951002  0.004674
224.971001  0.004674
224.991000  0.004540
225.011000  0.004607
225.030999  0.004807
225.050998  0.004607
225.070997  0.004674
225.090996  0.004807
225.110996  0.004807
225.130995  0.004874
225.150994  0.004674
225.170993  0.004607
225.190992  0.004741
225.210992  0.004474
225.230991  0.004741
225.250990  0.004674
225.270989  0.004540
225.290988  0.004607
225.310988  0.004674
225.330987  0.004607
225.350986  0.004941
225.370985  0.004674
225.390984  0.004741
225.410984  0.004807
225.430983  0.004941
225.450982  0.004807
225.470981  0.004807
225.490980  0.004674
225.510980  0.004874
225.530979  0.004607
225.550978  0.004607
225.570977  0.004807
225.590976  0.004540
225.610976  0.004741
225.630975  0.004807
225.650974  0.004607
225.670973  0.004807
225.690972  0.004674
225.710972  0.004607
225.730971  0.004607
225.750970  0.004807
225.770969  0.004807
225.790968  0.004807
225.810968  0.004674
225.830967  0.004741
225.850966  0.004741
225.870965  0.004807
225.890964  0.004941
225.910964  0.004674
225.930963  0.004874
225.950962  0.004941
225.970961  0.004540
225.990960  0.004807
226.010960  0.004674
226.030959  0.004874
226.050958  0.004741
226.070957  0.004807
226.090956  0.004807
226.110956  0.004807
226.130955  0.004607
226.150954  0.004874
226.170953  0.004607
226.190952  0.004674
226.210952  0.004741
226.230951  0.004741
226.250950  0.004741
226.270949  0.004741
226.290948  0.004741
226.310948  0.004941
226.330947  0.004874
226.350946  0.004674
226.370945  0.004941
226.390944  0.004741
226.410944  0.004807
226.430943  0.004741
226.450942  0.004474
226.470941  0.004874
226.490940  0.004807
226.510940  0.004807
226.530939  0.004741
226.550938  0.004674
226.570937  0.004607
226.590936  0.004674
226.610936  0.004807
226.630935  0.004807
226.650934  0.004807
226.670933  0.004674
226.690932  0.004741
226.710932  0.004874
226.730931  0.004807
226.750930  0.004741
226.770929  0.004807
226.790928  0.004807
226.810928  0.004941
226.830927  0.004741
226.850926  0.004874
226.870925  0.004874
226.890924  0.004941
226.910924  0.004741
226.930923  0.004807
226.950922  0.004741
226.970921  0.004807
226.990920  0.004807
227.010920  0.004941
227.030919  0.004741
227.050918  0.004807
227.070917  0.004874
227.090916  0.004741
227.110916  0.004807
227.130915  0.004741
227.150914  0.004874
227.170913  0.004807
227.190912  0.004807
227.210912  0.004741
227.230911  0.004674
227.250910  0.004807
227.270909  0.004874
227.290908  0.004741
227.310908  0.004674
227.330907  0.004674
227.350906  0.004941
227.370905  0.004874
227.390904  0.004874
227.410904  0.004807
227.430903  0.004807
227.450902  0.004941
227.470901  0.004874
227.490900  0.004941
227.510900  0.004741
227.530899  0.004807
227.550898  0.004807
227.570897  0.004607
227.590896  0.004874
227.610896  0.004741
227.630895  0.004741
227.650894  0.004941
227.670893  0.004874
227.690892  0.004941
227.710892  0.004874
227.730891  0.004874
227.750890  0.005008
227.770889  0.004807
227.790888  0.004807
227.810888  0.004941
227.830887  0.004807
227.850886  0.005008
227.870885  0.004540
227.890884  0.004874
227.910884  0.004674
227.930883  0.004807
227.950882  0.004874
227.970881  0.004941
227.990880  0.004807
228.010880  0.004807
228.030879  0.004674
228.050878  0.004941
228.070877  0.004807
228.090876  0.004941
228.110876  0.004807
228.130875  0.004941
228.150874  0.004807
228.170873  0.004941
228.190872  0.004807
228.210872  0.004874
228.230871  0.004874
228.250870  0.004941
228.270869  0.004874
228.290868  0.004874
228.310868  0.004807
228.330867  0.004807
228.350866  0.004874
228.370865  0.004741
228.390864  0.004741
228.410864  0.004807
228.430863  0.005008
228.450862  0.004807
228.470861  0.004607
228.490860  0.004874
228.510860  0.004807
228.530859  0.005008
228.550858  0.004874
228.570857  0.004807
228.590856  0.004874
228.610856  0.004874
228.630855  0.004941
228.650854  0.005074
228.670853  0.004941
228.690852  0.004874
228.710852  0.004941
228.730851  0.004741
228.750850  0.004874
228.770849  0.004874
228.790848  0.005008
228.810848  0.005008
228.830847  0.004807
228.850846  0.004941
228.870845  0.004874
228.890844  0.004874
228.910844  0.005074
228.930843  0.004874
228.950842  0.004474
228.970841  0.004807
228.990840  0.004874
229.010840  0.005274
229.030839  0.004807
229.050838  0.004807
229.070837  0.004874
229.090836  0.004941
229.110836  0.004874
229.130835  0.005008
229.150834  0.004807
229.170833  0.005008
229.190832  0.005074
229.210832  0.004807
229.230831  0.004941
229.250830  0.004941
229.270829  0.005008
229.290828  0.005141
229.310828  0.004874
229.330827  0.004807
229.350826  0.005008
229.370825  0.005074
229.390824  0.004674
229.410824  0.004874
229.430823  0.004874
229.450822  0.004874
229.470821  0.004874
229.490820  0.004807
229.510820  0.004941
229.530819  0.004874
229.550818  0.004874
229.570817  0.004874
229.590816  0.004807
229.610816  0.004807
229.630815  0.005008
229.650814  0.005008
229.670813  0.005008
229.690812  0.004807
229.710812  0.005008
229.730811  0.005074
229.750810  0.005008
229.770809  0.004874
229.790808  0.005008
229.810808  0.005008
229.830807  0.004941
229.850806  0.005008
229.870805  0.005008
229.890804  0.004941
229.910804  0.005074
229.930803  0.004807
229.950802  0.005008
229.970801  0.005008
229.990800  0.004941
230.010800  0.004941
230.030799  0.005074
230.050798  0.005074
230.070797  0.004941
230.090796  0.005008
230.110796  0.004941
230.130795  0.005008
230.150794  0.004941
230.170793  0.004941
230.190792  0.004874
230.210792  0.005008
230.230791  0.004941
230.250790  0.005208
230.270789  0.004941
230.290788  0.005008
230.310788  0.004874
230.330787  0.005008
230.350786  0.005008
230.370785  0.004874
230.390784  0.005008
230.410784  0.005208
230.430783  0.005141
230.450782  0.005074
230.470781  0.004741
230.490780  0.005008
230.510780  0.004874
230.530779  0.004941
230.550778  0.004874
230.570777  0.005008
230.590776  0.004874
230.610776  0.004941
230.630775  0.004941
230.650774  0.005008
230.670773  0.004941
230.690772  0.005008
230.710772  0.004941
230.730771  0.005008
230.750770  0.005141
230.770769  0.004874
230.790768  0.004941
230.810768  0.005141
230.830767  0.004941
230.850766  0.004874
230.870765  0.005008
230.890764  0.004807
230.910764  0.004941
230.930763  0.004874
230.950762  0.005008
230.970761  0.005141
230.990760  0.005074
231.010760  0.005074
231.030759  0.005074
231.050758  0.004941
231.070757  0.005074
231.090756  0.005008
231.110756  0.005141
231.130755  0.005008
231.150754  0.005008
231.170753  0.005074
231.190752  0.005074
231.210752  0.005008
231.230751  0.005008
231.250750  0.005074
231.270749  0.005008
231.290748  0.005008
231.310748  0.005008
231.330747  0.004874
231.350746  0.005074
231.370745  0.005141
231.390744  0.004874
231.410744  0.005141
231.430743  0.005074
231.450742  0.004874
231.470741  0.005074
231.490740  0.005074
231.510740  0.005208
231.530739  0.005141
231.550738  0.005341
231.570737  0.005074
231.590736  0.005008
231.610736  0.004941
231.630735  0.005141
231.650734  0.005074
231.670733  0.004741
231.690732  0.005141
231.710732  0.005074
231.730731  0.005008
231.750730  0.005008
231.770729  0.005074
231.790728  0.005008
231.810728  0.005074
231.830727  0.004941
231.850726  0.005074
231.870725  0.005074
231.890724  0.005074
231.910724  0.005008
231.930723  0.005208
231.950722  0.005141
231.970721  0.005008
231.990720  0.005208
232.010720  0.005074
232.030719  0.005141
232.050718  0.005141
232.070717  0.005074
232.090716  0.005141
232.110716  0.005008
232.130715  0.005074
232.150714  0.005141
232.170713  0.005141
232.190712  0.005141
232.210712  0.004941
232.230711  0.005008
232.250710  0.005074
232.270709  0.005074
232.290708  0.005008
232.310708  0.005341
232.330707  0.005008
232.350706  0.005141
232.370705  0.005074
232.390704  0.004874
232.410704  0.005074
232.430703  0.005208
232.450702  0.005141
232.470701  0.005074
232.490700  0.005074
232.510700  0.005074
232.530699  0.005141
232.550698  0.005074
232.570697  0.005208
232.590696  0.005141
232.610696  0.005074
232.630695  0.005141
232.650694  0.005074
232.670693  0.005074
232.690692  0.005074
232.710692  0.005141
232.730691  0.005008
232.750690  0.005141
232.770689  0.005141
232.790688  0.004741
232.810688  0.005074
232.830687  0.005074
232.850686  0.005008
232.870685  0.005008
232.890684  0.005208
232.910684  0.005008
232.930683  0.005074
232.950682  0.005141
232.970681  0.004941
232.990680  0.005074
233.010680  0.005141
233.030679  0.005008
233.050678  0.005208
233.070677  0.005074
233.090676  0.005208
233.110676  0.005074
233.130675  0.005141
233.150674  0.005074
233.170673  0.005274
233.190672  0.005074
233.210672  0.005074
233.230671  0.005074
233.250670  0.005141
233.270669  0.005141
233.290668  0.005008
233.310668  0.005208
233.330667  0.005141
233.350666  0.005141
233.370665  0.005141
233.390664  0.005274
233.410664  0.005008
233.430663  0.005208
233.450662  0.005141
233.470661  0.005141
233.490660  0.005074
233.510660  0.005274
233.530659  0.005274
233.550658  0.005208
233.570657  0.005141
233.590656  0.005208
233.610656  0.005141
233.630655  0.005141
233.650654  0.005274
233.670653  0.005074
233.690652  0.005141
233.710652  0.005141
233.730651  0.004941
233.750650  0.005141
233.770649  0.005208
233.790648  0.005274
233.810648  0.005274
233.830647  0.005475
233.850646  0.005208
233.870645  0.005274
233.890644  0.005141
233.910644  0.005141
233.930643  0.005274
233.950642  0.005208
233.970641  0.005074
233.990640  0.005341
234.010640  0.005141
234.030639  0.005008
234.050638  0.005274
234.070637  0.005274
234.090636  0.005274
234.110636  0.005008
234.130635  0.005408
234.150634  0.005274
234.170633  0.005141
234.190632  0.005074
234.210632  0.005208
234.230631  0.005274
234.250630  0.005274
234.270629  0.005008
234.290628  0.005141
234.310628  0.005274
234.330627  0.005274
234.350626  0.005008
234.370625  0.005274
234.390624  0.005341
234.410624  0.005274
234.430623  0.005208
234.450622  0.005274
234.470621  0.005208
234.490620  0.005341
234.510620  0.005208
234.530619  0.005341
234.550618  0.005274
234.570617  0.005141
234.590616  0.005208
234.610616  0.005141
234.630615  0.005274
234.650614  0.005141
234.670613  0.005141
234.690612  0.005208
234.710612  0.005141
234.730611  0.005074
234.750610  0.005208
234.770609  0.005141
234.790608  0.005274
234.810608  0.005341
234.830607  0.005341
234.850606  0.005408
234.870605  0.005141
234.890604  0.005274
234.910604  0.005341
234.930603  0.005208
234.950602  0.005341
234.970601  0.005274
234.990600  0.005008
235.010600  0.005341
235.030599  0.005141
235.050598  0.005274
235.070597  0.005341
235.090596  0.005141
235.110596  0.005274
235.130595  0.005141
235.150594  0.005274
235.170593  0.005141
235.190592  0.005208
235.210592  0.005274
235.230591  0.005341
235.250590  0.005274
235.270589  0.004941
235.290588  0.005408
235.310588  0.005274
235.330587  0.005141
235.350586  0.005341
235.370585  0.005141
235.390584  0.005274
235.410584  0.005408
235.430583  0.005274
235.450582  0.005274
235.470581  0.005274
235.490580  0.005341
235.510580  0.005274
235.530579  0.005208
235.550578  0.005208
235.570577  0.005141
235.590576  0.005208
235.610576  0.005341
235.630575  0.005141
235.650574  0.005074
235.670573  0.005208
235.690572  0.005274
235.710572  0.005341
235.730571  0.005274
235.750570  0.005208
235.770569  0.005408
235.790568  0.005341
235.810568  0.005341
235.830567  0.005274
235.850566  0.005208
235.870565  0.005208
235.890564  0.005274
235.910564  0.005341
235.930563  0.005408
235.950562  0.005341
235.970561  0.005341
235.990560  0.005274
236.010560  0.005341
236.030559  0.005341
236.050558  0.005208
236.070557  0.005475
236.090556  0.005408
236.110556  0.005208
236.130555  0.005341
236.150554  0.005274
236.170553  0.005208
236.190552  0.005341
236.210552  0.005274
236.230551  0.005074
236.250550  0.005274
236.270549  0.005408
236.290548  0.005408
236.310548  0.005274
236.330547  0.005274
236.350546  0.005274
236.370545  0.005408
236.390544  0.005341
236.410544  0.005274
236.430543  0.005208
236.450542  0.005341
236.470541  0.005475
236.490540  0.005341
236.510540  0.005341
236.530539  0.005341
236.550538  0.005475
236.570537  0.005274
236.590536  0.005008
236.610536  0.005274
236.630535  0.005274
236.650534  0.005408
236.670533  0.005408
236.690532  0.005274
236.710532  0.005341
236.730531  0.005408
236.750530  0.005341
236.770529  0.005208
236.790528  0.005208
236.810528  0.005341
236.830527  0.005408
236.850526  0.005408
236.870525  0.005208
236.890524  0.005274
236.910524  0.005541
236.930523  0.005475
236.950522  0.005341
236.970521  0.005274
236.990520  0.005274
237.010520  0.005208
237.030519  0.005408
237.050518  0.005408
237.070517  0.005208
237.090516  0.005408
237.110516  0.005341
237.130515  0.005408
237.150514  0.005341
237.170513  0.005341
237.190512  0.005274
237.210512  0.005341
237.230511  0.005341
237.250510  0.005341
237.270509  0.005274
237.290508  0.005675
237.310508  0.005341
237.330507  0.005408
237.350506  0.005341
237.370505  0.005341
237.390504  0.005341
237.410504  0.005408
237.430503  0.005408
237.450502  0.005274
237.470501  0.005341
237.490500  0.005341
237.510500  0.005475
237.530499  0.005475
237.550498  0.005274
237.570497  0.005408
237.590496  0.005341
237.610496  0.005408
237.630495  0.005408
237.650494  0.005141
237.670493  0.005475
237.690492  0.005475
237.710492  0.005341
237.730491  0.005274
237.750490  0.005341
237.770489  0.005274
237.790488  0.005408
237.810488  0.005208
237.830487  0.005341
237.850486  0.005274
237.870485  0.005408
237.890484  0.005541
237.910484  0.005408
237.930483  0.005274
237.950482  0.005541
237.970481  0.005475
237.990480  0.005408
238.010480  0.005208
238.030479  0.005475
238.050478  0.005341
238.070477  0.005475
238.090476  0.005475
238.110476  0.005274
238.130475  0.005274
238.150474  0.005541
238.170473  0.005475
238.190472  0.005341
238.210472  0.005475
238.230471  0.005274
238.250470  0.005341
238.270469  0.005608
238.290468  0.005008
238.310468  0.005341
238.330467  0.005475
238.350466  0.005408
238.370465  0.005408
238.390464  0.005408
238.410464  0.005208
238.430463  0.005408
238.450462  0.005475
238.470461  0.005408
238.490460  0.005475
238.510460  0.005341
238.530459  0.005141
238.550458  0.005608
238.570457  0.005475
238.590456  0.005341
238.610456  0.005341
238.630455  0.005274
238.650454  0.005341
238.670453  0.005408
238.690452  0.005541
238.710452  0.005274
238.730451  0.005475
238.750450  0.005408
238.770449  0.005475
238.790448  0.005341
238.810448  0.005408
238.830447  0.005541
238.850446  0.005408
238.870445  0.005475
238.890444  0.005408
238.910444  0.005408
238.930443  0.005608
238.950442  0.005608
238.970441  0.005341
238.990440  0.005341
239.010440  0.005341
239.030439  0.005675
239.050438  0.005341
239.070437  0.005475
239.090436  0.005475
239.110436  0.005541
239.130435  0.005475
239.150434  0.005675
239.170433  0.005274
239.190432  0.005475
239.210432  0.005408
239.230431  0.005608
239.250430  0.005608
239.270429  0.005341
239.290428  0.005341
239.310428  0.005475
239.330427  0.005541
239.350426  0.005475
239.370425  0.005341
239.390424  0.005475
239.410424  0.005541
239.430423  0.005408
239.450422  0.005341
239.470421  0.005341
239.490420  0.005541
239.510420  0.005475
239.530419  0.005475
239.550418  0.005341
239.570417  0.005475
239.590416  0.005541
239.610416  0.005475
239.630415  0.005541
239.650414  0.005341
239.670413  0.005475
239.690412  0.005608
239.710412  0.005475
239.730411  0.005475
239.750410  0.005541
239.770409  0.005408
239.790408  0.005475
239.810408  0.005408
239.830407  0.005408
239.850406  0.005541
239.870405  0.005475
239.890404  0.005675
239.910404  0.005608
239.930403  0.005541
239.950402  0.005408
239.970401  0.005475
239.990400  0.005541
240.010400  0.005541
240.030399  0.005541
240.050398  0.005408
240.070397  0.005408
240.090396  0.005608
240.110396  0.005475
240.130395  0.005475
240.150394  0.005475
240.170393  0.005541
240.190392  0.005608
240.210392  0.005541
240.230391  0.005341
240.250390  0.005408
240.270389  0.005408
240.290388  0.005541
240.310388  0.005341
240.330387  0.005475
240.350386  0.005541
240.370385  0.005341
240.390384  0.005608
240.410384  0.005608
240.430383  0.005541
240.450382  0.005608
240.470381  0.005541
240.490380  0.005541
240.510380  0.005675
240.530379  0.005341
240.550378  0.005475
240.570377  0.005475
240.590376  0.005541
240.610376  0.005408
240.630375  0.005608
240.650374  0.005541
240.670373  0.005408
240.690372  0.005608
240.710372  0.005541
240.730371  0.005675
240.750370  0.005541
240.770369  0.005541
240.790368  0.005475
240.810368  0.005608
240.830367  0.005541
240.850366  0.005541
240.870365  0.005541
240.890364  0.005475
240.910364  0.005408
240.930363  0.005475
240.950362  0.005608
240.970361  0.005541
240.990360  0.005608
241.010360  0.005541
241.030359  0.005541
241.050358  0.005742
241.070357  0.005541
241.090356  0.005608
241.110356  0.005608
241.130355  0.005475
241.150354  0.005608
241.170353  0.005408
241.190352  0.005608
241.210352  0.005475
241.230351  0.005475
241.250350  0.005608
241.270349  0.005541
241.290348  0.005608
241.310348  0.005608
241.330347  0.005541
241.350346  0.005475
241.370345  0.005608
241.390344  0.005475
241.410344  0.005608
241.430343  0.005541
241.450342  0.005608
241.470341  0.005541
241.490340  0.005541
241.510340  0.005541
241.530339  0.005541
241.550338  0.005808
241.570337  0.005475
241.590336  0.005608
241.610336  0.005475
241.630335  0.005541
241.650334  0.005475
241.670333  0.005541
241.690332  0.005541
241.710332  0.005541
241.730331  0.005475
241.750330  0.005608
241.770329  0.005541
241.790328  0.005608
241.810328  0.005742
241.830327  0.005608
241.850326  0.005475
241.870325  0.005675
241.890324  0.005475
241.910324  0.005541
241.930323  0.005341
241.950322  0.005608
241.970321  0.005675
241.990320  0.005742
242.010320  0.005608
242.030319  0.005608
242.050318  0.005608
242.070317  0.005742
242.090316  0.005675
242.110316  0.005608
242.130315  0.005608
242.150314  0.005608
242.170313  0.005608
242.190312  0.005408
242.210312  0.005541
242.230311  0.005608
242.250310  0.005808
242.270309  0.005341
242.290308  0.005742
242.310308  0.005675
242.330307  0.005742
242.350306  0.005742
242.370305  0.005675
242.390304  0.005675
242.410304  0.005541
242.430303  0.005541
242.450302  0.005608
242.470301  0.005475
242.490300  0.005608
242.510300  0.005541
242.530299  0.005675
242.550298  0.005942
242.570297  0.005675
242.590296  0.005541
242.610296  0.005541
242.630295  0.005675
242.650294  0.005675
242.670293  0.005742
242.690292  0.005608
242.710292  0.005541
242.730291  0.005608
242.750290  0.005475
242.770289  0.005742
242.790288  0.005875
242.810288  0.005541
242.830287  0.005608
242.850286  0.005875
242.870285  0.005742
242.890284  0.005608
242.910284  0.005608
242.930283  0.005541
242.950282  0.005541
242.970281  0.005408
242.990280  0.005541
243.010280  0.005608
243.030279  0.005541
243.050278  0.005875
243.070277  0.005475
243.090276  0.005541
243.110276  0.005742
243.130275  0.005608
243.150274  0.005808
243.170273  0.005675
243.190272  0.005475
243.210272  0.005608
243.230271  0.005675
243.250270  0.005942
243.270269  0.005608
243.290268  0.005608
243.310268  0.005675
243.330267  0.005608
243.350266  0.005541
243.370265  0.005808
243.390264  0.005608
243.410264  0.005608
243.430263  0.005541
243.450262  0.005675
243.470261  0.005675
243.490260  0.005808
243.510260  0.005408
243.530259  0.005675
243.550258  0.005742
243.570257  0.005541
243.590256  0.005742
243.610256  0.005742
243.630255  0.005608
243.650254  0.005875
243.670253  0.005742
243.690252  0.005675
243.710252  0.005742
243.730251  0.005808
243.750250  0.005675
243.770249  0.005675
243.790248  0.005675
243.810248  0.005675
243.830247  0.005742
243.850246  0.005608
243.870245  0.005675
243.890244  0.005475
243.910244  0.005675
243.930243  0.005675
243.950242  0.005742
243.970241  0.005608
243.990240  0.005675
244.010240  0.005608
244.030239  0.005675
244.050238  0.005608
244.070237  0.005675
244.090236  0.005675
244.110236  0.005675
244.130235  0.005742
244.150234  0.005675
244.170233  0.005675
244.190232  0.005808
244.210232  0.005742
244.230231  0.005742
244.250230  0.005742
244.270229  0.005675
244.290228  0.005742
244.310228  0.005808
244.330227  0.005808
244.350226  0.005742
244.370225  0.005608
244.390224  0.005742
244.410224  0.005541
244.430223  0.005742
244.450222  0.005608
244.470221  0.005742
244.490220  0.005808
244.510220  0.005742
244.530219  0.005608
244.550218  0.005608
244.570217  0.005608
244.590216  0.005875
244.610216  0.005675
244.630215  0.005541
244.650214  0.005875
244.670213  0.005675
244.690212  0.005808
244.710212  0.005742
244.730211  0.005808
244.750210  0.005875
244.770209  0.005742
244.790208  0.005675
244.810208  0.005742
244.830207  0.005675
244.850206  0.005742
244.870205  0.005742
244.890204  0.005608
244.910204  0.005808
244.930203  0.005675
244.950202  0.005808
244.970201  0.005808
244.990200  0.005808
245.010200  0.005675
245.030199  0.005808
245.050198  0.005541
245.070197  0.005808
245.090196  0.005675
245.110196  0.005608
245.130195  0.005742
245.150194  0.005608
245.170193  0.005608
245.190192  0.005808
245.210192  0.006008
245.230191  0.005608
245.250190  0.005608
245.270189  0.005675
245.290188  0.005808
245.310188  0.005675
245.330187  0.005875
245.350186  0.005675
245.370185  0.005742
245.390184  0.005742
245.410184  0.005942
245.430183  0.005808
245.450182  0.005742
245.470181  0.005808
245.490180  0.005608
245.510180  0.005808
245.530179  0.005675
245.550178  0.006075
245.570177  0.005541
245.590176  0.005742
245.610176  0.005608
245.630175  0.005808
245.650174  0.005608
245.670173  0.005942
245.690172  0.005808
245.710172  0.005742
245.730171  0.005742
245.750170  0.005808
245.770169  0.005875
245.790168  0.005742
245.810168  0.005742
245.830167  0.005808
245.850166  0.005742
245.870165  0.005742
245.890164  0.005875
245.910164  0.005808
245.930163  0.005875
245.950162  0.006075
245.970161  0.005742
245.990160  0.005808
246.010160  0.005608
246.030159  0.005675
246.050158  0.005808
246.070157  0.005875
246.090156  0.005942
246.110156  0.005742
246.130155  0.005808
246.150154  0.005875
246.170153  0.005742
246.190152  0.005875
246.210152  0.005608
246.230151  0.005608
246.250150  0.005875
246.270149  0.005608
246.290148  0.005942
246.310148  0.005875
246.330147  0.005541
246.350146  0.005808
246.370145  0.005808
246.390144  0.005808
246.410144  0.005742
246.430143  0.006008
246.450142  0.005875
246.470141  0.005808
246.490140  0.005942
246.510140  0.005808
246.530139  0.005742
246.550138  0.005742
246.570137  0.005942
246.590136  0.005875
246.610136  0.005942
246.630135  0.005742
246.650134  0.005808
246.670133  0.005942
246.690132  0.005808
246.710132  0.005808
246.730131  0.005875
246.750130  0.006075
246.770129  0.005942
246.790128  0.005808
246.810128  0.005808
246.830127  0.005808
246.850126  0.005875
246.870125  0.005942
246.890124  0.005875
246.910124  0.005942
246.930123  0.005408
246.950122  0.005742
246.970121  0.005808
246.990120  0.005875
247.010120  0.005742
247.030119  0.006008
247.050118  0.005808
247.070117  0.005808
247.090116  0.005808
247.110116  0.005742
247.130115  0.005942
247.150114  0.005875
247.170113  0.005742
247.190112  0.005875
247.210112  0.005808
247.230111  0.005808
247.250110  0.005875
247.270109  0.005875
247.290108  0.005875
247.310108  0.005808
247.330107  0.005875
247.350106  0.005875
247.370105  0.005808
247.390104  0.005808
247.410104  0.005875
247.430103  0.005808
247.450102  0.005875
247.470101  0.005742
247.490100  0.005875
247.510100  0.006008
247.530099  0.005942
247.550098  0.005875
247.570097  0.005942
247.590096  0.005875
247.610096  0.006008
247.630095  0.005875
247.650094  0.005808
247.670093  0.005675
247.690092  0.005808
247.710092  0.005942
247.730091  0.006008
247.750090  0.005942
247.770089  0.005808
247.790088  0.005875
247.810088  0.005808
247.830087  0.005875
247.850086  0.005942
247.870085  0.005808
247.890084  0.005875
247.910084  0.006008
247.930083  0.005942
247.950082  0.005675
247.970081  0.005808
247.990080  0.005808
248.010080  0.005875
248.030079  0.005875
248.050078  0.005808
248.070077  0.005875
248.090076  0.005875
248.110076  0.005875
248.130075  0.005875
248.150074  0.005808
248.170073  0.005675
248.190072  0.005942
248.210072  0.006075
248.230071  0.005875
248.250070  0.005942
248.270069  0.006008
248.290068  0.005742
248.310068  0.005875
248.330067  0.005942
248.350066  0.005808
248.370065  0.005608
248.390064  0.006209
248.410064  0.005808
248.430063  0.006142
248.450062  0.005942
248.470061  0.005875
248.490060  0.005742
248.510060  0.006008
248.530059  0.005808
248.550058  0.005742
248.570057  0.005675
248.590056  0.005742
248.610056  0.005675
248.630055  0.005742
248.650054  0.005942
248.670053  0.006008
248.690052  0.005675
248.710052  0.005742
248.730051  0.005942
248.750050  0.006209
248.770049  0.006008
248.790048  0.005742
248.810048  0.005875
248.830047  0.005808
248.850046  0.005875
248.870045  0.006075
248.890044  0.006008
248.910044  0.005942
248.930043  0.005875
248.950042  0.005875
248.970041  0.006075
248.990040  0.005942
249.010040  0.006008
249.030039  0.006075
249.050038  0.005942
249.070037  0.005675
249.090036  0.006008
249.110036  0.005875
249.130035  0.005942
249.150034  0.006008
249.170033  0.005875
249.190032  0.005808
249.210032  0.006008
249.230031  0.006008
249.250030  0.006008
249.270029  0.006075
249.290028  0.005808
249.310028  0.005875
249.330027  0.005875
249.350026  0.006075
249.370025  0.005808
249.390024  0.005875
249.410024  0.006008
249.430023  0.005942
249.450022  0.006008
249.470021  0.005875
249.490020  0.006008
249.510020  0.005942
249.530019  0.006075
249.550018  0.005675
249.570017  0.005675
249.590016  0.006075
249.610016  0.006075
249.630015  0.006142
249.650014  0.005875
249.670013  0.005942
249.690012  0.006008
249.710012  0.006209
249.730011  0.006075
249.750010  0.005875
249.770009  0.005808
249.790008  0.005942
249.810008  0.006075
249.830007  0.005808
249.850006  0.006142
249.870005  0.006008
249.890004  0.006008
249.910004  0.006008
249.930003  0.005942
249.950002  0.006008
249.970001  0.006008
249.990000  0.006075
250.010000  0.006075
250.029999  0.005875
250.049998  0.005875
250.069997  0.005942
250.089996  0.006008
250.109996  0.005942
250.129995  0.006008
250.149994  0.005875
250.169993  0.006008
250.189992  0.006209
250.209992  0.006075
250.229991  0.006008
250.249990  0.005875
250.269989  0.006008
250.289988  0.006008
250.309988  0.006008
250.329987  0.005942
250.349986  0.005942
250.369985  0.005942
250.389984  0.006142
250.409984  0.005942
250.429983  0.005742
250.449982  0.006075
250.469981  0.006075
250.489980  0.006008
250.509980  0.006008
250.529979  0.005942
250.549978  0.006075
250.569977  0.006075
250.589976  0.005875
250.609976  0.006142
250.629975  0.005875
250.649974  0.006008
250.669973  0.006075
250.689972  0.006075
250.709972  0.006075
250.729971  0.006075
250.749970  0.005875
250.769969  0.006008
250.789968  0.005942
250.809968  0.005875
250.829967  0.005942
250.849966  0.006008
250.869965  0.005942
250.889964  0.006142
250.909964  0.005875
250.929963  0.006142
250.949962  0.005742
250.969961  0.006075
250.989960  0.006008
251.009960  0.006008
251.029959  0.006008
251.049958  0.006008
251.069957  0.005808
251.089956  0.005942
251.109956  0.006075
251.129955  0.006075
251.149954  0.006008
251.169953  0.006008
251.189952  0.006142
251.209952  0.005808
251.229951  0.006008
251.249950  0.006075
251.269949  0.006075
251.289948  0.006075
251.309948  0.006008
251.329947  0.006275
251.349946  0.006142
251.369945  0.005875
251.389944  0.006075
251.409944  0.005942
251.429943  0.006142
251.449942  0.005942
251.469941  0.005942
251.489940  0.005875
251.509940  0.006008
251.529939  0.005942
251.549938  0.005942
251.569937  0.006075
251.589936  0.005942
251.609936  0.006142
251.629935  0.006008
251.649934  0.005942
251.669933  0.005942
251.689932  0.006008
251.709932  0.006008
251.729931  0.006008
251.749930  0.006008
251.769929  0.006075
251.789928  0.006008
251.809928  0.005942
251.829927  0.006142
251.849926  0.006142
251.869925  0.006075
251.889924  0.006075
251.909924  0.006008
251.929923  0.006075
251.949922  0.006008
251.969921  0.006142
251.989920  0.006075
252.009920  0.006142
252.029919  0.006008
252.049918  0.006075
252.069917  0.006275
252.089916  0.006075
252.109916  0.006008
252.129915  0.005942
252.149914  0.006075
252.169913  0.006142
252.189912  0.005942
252.209912  0.006209
252.229911  0.005942
252.249910  0.006142
252.269909  0.006075
252.289908  0.006142
252.309908  0.006075
252.329907  0.006075
252.349906  0.006142
252.369905  0.006075
252.389904  0.006075
252.409904  0.006008
252.429903  0.006008
252.449902  0.006142
252.469901  0.006075
252.489900  0.005942
252.509900  0.006209
252.529899  0.006075
252.549898  0.006209
252.569897  0.006142
252.589896  0.006209
252.609896  0.006142
252.629895  0.006142
252.649894  0.006142
252.669893  0.006075
252.689892  0.006075
252.709892  0.006008
252.729891  0.006075
252.749890  0.006142
252.769889  0.006075
252.789888  0.006075
252.809888  0.006142
252.829887  0.005942
252.849886  0.006142
252.869885  0.005942
252.889884  0.006075
252.909884  0.006075
252.929883  0.006075
252.949882  0.006142
252.969881  0.006075
252.989880  0.006142
253.009880  0.006142
253.029879  0.006008
253.049878  0.006209
253.069877  0.006142
253.089876  0.006075
253.109876  0.006142
253.129875  0.006075
253.149874  0.006075
253.169873  0.006209
253.189872  0.006142
253.209872  0.006075
253.229871  0.006142
253.249870  0.006209
253.269869  0.006142
253.289868  0.006342
253.309868  0.006008
253.329867  0.006142
253.349866  0.006075
253.369865  0.006008
253.389864  0.006142
253.409864  0.006142
253.429863  0.006008
253.449862  0.006142
253.469861  0.006142
253.489860  0.006008
253.509860  0.006209
253.529859  0.006075
253.549858  0.005875
253.569857  0.006075
253.589856  0.006342
253.609856  0.006142
253.629855  0.006008
253.649854  0.005942
253.669853  0.006075
253.689852  0.006209
253.709852  0.006209
253.729851  0.006209
253.749850  0.006209
253.769849  0.006342
253.789848  0.006075
253.809848  0.005942
253.829847  0.006209
253.849846  0.006142
253.869845  0.006008
253.889844  0.006075
253.909844  0.005942
253.929843  0.006142
253.949842  0.006008
253.969841  0.006275
253.989840  0.006275
254.009840  0.006142
254.029839  0.006142
254.049838  0.006142
254.069837  0.006142
254.089836  0.006008
254.109836  0.006209
254.129835  0.006209
254.149834  0.006209
254.169833  0.006142
254.189832  0.006275
254.209832  0.006209
254.229831  0.006209
254.249830  0.006075
254.269829  0.006275
254.289828  0.006209
254.309828  0.006209
254.329827  0.006209
254.349826  0.006209
254.369825  0.006142
254.389824  0.006075
254.409824  0.006275
254.429823  0.006142
254.449822  0.006209
254.469821  0.006142
254.489820  0.006342
254.509820  0.006075
254.529819  0.006209
254.549818  0.006275
254.569817  0.006209
254.589816  0.006142
254.609816  0.006275
254.629815  0.006142
254.649814  0.006209
254.669813  0.006075
254.689812  0.006209
254.709812  0.006209
254.729811  0.006209
254.749810  0.006209
254.769809  0.006008
254.789808  0.006142
254.809808  0.006275
254.829807  0.006142
254.849806  0.006275
254.869805  0.006275
254.889804  0.006275
254.909804  0.006209
254.929803  0.006142
254.949802  0.006209
254.969801  0.006209
254.989800  0.006142
255.009800  0.006142
255.029799  0.006008
255.049798  0.006142
255.069797  0.006342
255.089796  0.006142
255.109796  0.006209
255.129795  0.006209
255.149794  0.006409
255.169793  0.006209
255.189792  0.006142
255.209792  0.006008
255.229791  0.006209
255.249790  0.006142
255.269789  0.006075
255.289788  0.006142
255.309788  0.006142
255.329787  0.006209
255.349786  0.006342
255.369785  0.006342
255.389784  0.006275
255.409784  0.006275
255.429783  0.006142
255.449782  0.006275
255.469781  0.006275
255.489780  0.006075
255.509780  0.006075
255.529779  0.006275
255.549778  0.006142
255.569777  0.006142
255.589776  0.006342
255.609776  0.006275
255.629775  0.006209
255.649774  0.006209
255.669773  0.006075
255.689772  0.006075
255.709772  0.006142
255.729771  0.006075
255.749770  0.006209
255.769769  0.006209
255.789768  0.006409
255.809768  0.006142
255.829767  0.006409
255.849766  0.006275
255.869765  0.006209
255.889764  0.006209
255.909764  0.006209
255.929763  0.006275
255.949762  0.006342
255.969761  0.006275
255.989760  0.006142
256.009760  0.006075
256.029759  0.006209
256.049758  0.006409
256.069757  0.006275
256.089756  0.006342
256.109756  0.006209
256.129755  0.006342
256.149754  0.006209
256.169753  0.006209
256.189752  0.006209
256.209752  0.006342
256.229751  0.006209
256.249750  0.006142
256.269749  0.006209
256.289748  0.006275
256.309748  0.006342
256.329747  0.006275
256.349746  0.006275
256.369745  0.006409
256.389744  0.006142
256.409744  0.006209
256.429743  0.006409
256.449742  0.006342
256.469741  0.006142
256.489740  0.006209
256.509740  0.006209
256.529739  0.006275
256.549738  0.006275
256.569737  0.005942
256.589736  0.006476
256.609736  0.006209
256.629735  0.006209
256.649734  0.006275
256.669733  0.006142
256.689732  0.006209
256.709732  0.006542
256.729731  0.006275
256.749730  0.006209
256.769729  0.006142
256.789728  0.006342
256.809728  0.006342
256.829727  0.006275
256.849726  0.006075
256.869725  0.006209
256.889724  0.006209
256.909724  0.006142
256.929723  0.006209
256.949722  0.006142
256.969721  0.006409
256.989720  0.006209
257.009720  0.006342
257.029719  0.006409
257.049718  0.006209
257.069717  0.006142
257.089716  0.006476
257.109716  0.006209
257.129715  0.006409
257.149714  0.006342
257.169713  0.006275
257.189712  0.006209
257.209712  0.006142
257.229711  0.006142
257.249710  0.006409
257.269709  0.006476
257.289708  0.006476
257.309708  0.006209
257.329707  0.006342
257.349706  0.006142
257.369705  0.006409
257.389704  0.006342
257.409704  0.006409
257.429703  0.006342
257.449702  0.006342
257.469701  0.006409
257.489700  0.006275
257.509700  0.006142
257.529699  0.006409
257.549698  0.006209
257.569697  0.006542
257.589696  0.006275
257.609696  0.006008
257.629695  0.006142
257.649694  0.006342
257.669693  0.006409
257.689692  0.006275
257.709692  0.006142
257.729691  0.006275
257.749690  0.006342
257.769689  0.006476
257.789688  0.006542
257.809688  0.006209
257.829687  0.006142
257.849686  0.006342
257.869685  0.006342
257.889684  0.006008
257.909684  0.006209
257.929683  0.005942
257.949682  0.006476
257.969681  0.006342
257.989680  0.006209
258.009680  0.006142
258.029679  0.006275
258.049678  0.006275
258.069677  0.006409
258.089676  0.006209
258.109676  0.006275
258.129675  0.006542
258.149674  0.006409
258.169673  0.006342
258.189672  0.006342
258.209672  0.006409
258.229671  0.006342
258.249670  0.006342
258.269669  0.006142
258.289668  0.006476
258.309668  0.006209
258.329667  0.006409
258.349666  0.006542
258.369665  0.006342
258.389664  0.006142
258.409664  0.006409
258.429663  0.006409
258.449662  0.006209
258.469661  0.006342
258.489660  0.006342
258.509660  0.006609
258.529659  0.006409
258.549658  0.006342
258.569657  0.006409
258.589656  0.006209
258.609656  0.006342
258.629655  0.006209
258.649654  0.006275
258.669653  0.006209
258.689652  0.006209
258.709652  0.006409
258.729651  0.006409
258.749650  0.006142
258.769649  0.006209
258.789648  0.006209
258.809648  0.006542
258.829647  0.006409
258.849646  0.006275
258.869645  0.006209
258.889644  0.006542
258.909644  0.006476
258.929643  0.006275
258.949642  0.006342
258.969641  0.006275
258.989640  0.006275
259.009640  0.006476
259.029639  0.006209
259.049638  0.006209
259.069637  0.006409
259.089636  0.006342
259.109636  0.006476
259.129635  0.006275
259.149634  0.006342
259.169633  0.006542
259.189632  0.006542
259.209632  0.006542
259.229631  0.006275
259.249630  0.006275
259.269629  0.006275
259.289628  0.006275
259.309628  0.006342
259.329627  0.006409
259.349626  0.006342
259.369625  0.006342
259.389624  0.006275
259.409624  0.006409
259.429623  0.006342
259.449622  0.006209
259.469621  0.006342
259.489620  0.006542
259.509620  0.006342
259.529619  0.006409
259.549618  0.006476
259.569617  0.006275
259.589616  0.006476
259.609616  0.006476
259.629615  0.006275
259.649614  0.006142
259.669613  0.006542
259.689612  0.006409
259.709612  0.006342
259.729611  0.006275
259.749610  0.006342
259.769609  0.006476
259.789608  0.006476
259.809608  0.006409
259.829607  0.006275
259.849606  0.006476
259.869605  0.006409
259.889604  0.006476
259.909604  0.006409
259.929603  0.006342
259.949602  0.006542
259.969601  0.006609
259.989600  0.006342
260.009600  0.006409
260.029599  0.006409
260.049598  0.006409
260.069597  0.006209
260.089596  0.006476
260.109596  0.006209
260.129595  0.006542
260.149594  0.006342
260.169593  0.006476
260.189592  0.006075
260.209592  0.006409
260.229591  0.006409
260.249590  0.006476
260.269589  0.006476
260.289588  0.006409
260.309588  0.006275
260.329587  0.006409
260.349586  0.006542
260.369585  0.006476
260.389584  0.006542
260.409584  0.006342
260.429583  0.006542
260.449582  0.006476
260.469581  0.006476
260.489580  0.006209
260.509580  0.006542
260.529579  0.006409
260.549578  0.006609
260.569577  0.006342
260.589576  0.006409
260.609576  0.006409
260.629575  0.006542
260.649574  0.006476
260.669573  0.006275
260.689572  0.006476
260.709572  0.006476
260.729571  0.006542
260.749570  0.006476
260.769569  0.006542
260.789568  0.006409
260.809568  0.006542
260.829567  0.006542
260.849566  0.006542
260.869565  0.006542
260.889564  0.006476
260.909564  0.006409
260.929563  0.006409
260.949562  0.006542
260.969561  0.006275
260.989560  0.006476
261.009560  0.006676
261.029559  0.006542
261.049558  0.006342
261.069557  0.006476
261.089556  0.006542
261.109556  0.006476
261.129555  0.006342
261.149554  0.006609
261.169553  0.006476
261.189552  0.006209
261.209552  0.006275
261.229551  0.006609
261.249550  0.006275
261.269549  0.006409
261.289548  0.006542
261.309548  0.006476
261.329547  0.006609
261.349546  0.006476
261.369545  0.006409
261.389544  0.006409
261.409544  0.006476
261.429543  0.006409
261.449542  0.006409
261.469541  0.006409
261.489540  0.006409
261.509540  0.006542
261.529539  0.006476
261.549538  0.006542
261.569537  0.006542
261.589536  0.006409
261.609536  0.006409
261.629535  0.006743
261.649534  0.006542
261.669533  0.006342
261.689532  0.006409
261.709532  0.006609
261.729531  0.006476
261.749530  0.006676
261.769529  0.006609
261.789528  0.006542
261.809528  0.006476
261.829527  0.006542
261.849526  0.006409
261.869525  0.006542
261.889524  0.006542
261.909524  0.006676
261.929523  0.006542
261.949522  0.006476
261.969521  0.006542
261.989520  0.006542
262.009520  0.006476
262.029519  0.006409
262.049518  0.006542
262.069517  0.006476
262.089516  0.006476
262.109516  0.006542
262.129515  0.006476
262.149514  0.006542
262.169513  0.006609
262.189512  0.006409
262.209512  0.006409
262.229511  0.006609
262.249510  0.006609
262.269509  0.006476
262.289508  0.006476
262.309508  0.006609
262.329507  0.006409
262.349506  0.006609
262.369505  0.006542
262.389504  0.006542
262.409504  0.006476
262.429503  0.006542
262.449502  0.006676
262.469501  0.006676
262.489500  0.006542
262.509500  0.006542
262.529499  0.006542
262.549498  0.006476
262.569497  0.006542
262.589496  0.006476
262.609496  0.006409
262.629495  0.006542
262.649494  0.006409
262.669493  0.006409
262.689492  0.006609
262.709492  0.006542
262.729491  0.006476
262.749490  0.006609
262.769489  0.006676
262.789488  0.006609
262.809488  0.006676
262.829487  0.006409
262.849486  0.006609
262.869485  0.006542
262.889484  0.006476
262.909484  0.006542
262.929483  0.006609
262.949482  0.006609
262.969481  0.006676
262.989480  0.006609
263.009480  0.006542
263.029479  0.006476
263.049478  0.006476
263.069477  0.006609
263.089476  0.006476
263.109476  0.006542
263.129475  0.006609
263.149474  0.006409
263.169473  0.006409
263.189472  0.006542
263.209472  0.006476
263.229471  0.006743
263.249470  0.006542
263.269469  0.006542
263.289468  0.006542
263.309468  0.006542
263.329467  0.006542
263.349466  0.006676
263.369465  0.006476
263.389464  0.006542
263.409464  0.006609
263.429463  0.006609
263.449462  0.006609
263.469461  0.006542
263.489460  0.006542
263.509460  0.006609
263.529459  0.006676
263.549458  0.006409
263.569457  0.006542
263.589456  0.006609
263.609456  0.006609
263.629455  0.006743
263.649454  0.006542
263.669453  0.006609
263.689452  0.006542
263.709452  0.006476
263.729451  0.006542
263.749450  0.006943
263.769449  0.006676
263.789448  0.006609
263.809448  0.006542
263.829447  0.006609
263.849446  0.006609
263.869445  0.006409
263.889444  0.006609
263.909444  0.006542
263.929443  0.006609
263.949442  0.006542
263.969441  0.006476
263.989440  0.006542
264.009440  0.006542
264.029439  0.006476
264.049438  0.006809
264.069437  0.006676
264.089436  0.006609
264.109436  0.006676
264.129435  0.006476
264.149434  0.006609
264.169433  0.006542
264.189432  0.006609
264.209432  0.006609
264.229431  0.006609
264.249430  0.006743
264.269429  0.006676
264.289428  0.006609
264.309428  0.006609
264.329427  0.006476
264.349426  0.006409
264.369425  0.006609
264.389424  0.006542
264.409424  0.006409
264.429423  0.006542
264.449422  0.006676
264.469421  0.006476
264.489420  0.006676
264.509420  0.006676
264.529419  0.006676
264.549418  0.006676
264.569417  0.006542
264.589416  0.006809
264.609416  0.006676
264.629415  0.006542
264.649414  0.006476
264.669413  0.006609
264.689412  0.006743
264.709412  0.006609
264.729411  0.006609
264.749410  0.006609
264.769409  0.006609
264.789408  0.006542
264.809408  0.006542
264.829407  0.006943
264.849406  0.006676
264.869405  0.006676
264.889404  0.006943
264.909404  0.006743
264.929403  0.006676
264.949402  0.006609
264.969401  0.006609
264.989400  0.006676
265.009400  0.006743
265.029399  0.006609
265.049398  0.006609
265.069397  0.006676
265.089396  0.006676
265.109396  0.006542
265.129395  0.006676
265.149394  0.006609
265.169393  0.006609
265.189392  0.006542
265.209392  0.006676
265.229391  0.006542
265.249390  0.006943
265.269389  0.006409
265.289388  0.006676
265.309388  0.006676
265.329387  0.006743
265.349386  0.006542
265.369385  0.006476
265.389384  0.006542
265.409384  0.006876
265.429383  0.006609
265.449382  0.006676
265.469381  0.006743
265.489380  0.006542
265.509380  0.006876
265.529379  0.006676
265.549378  0.006743
265.569377  0.006743
265.589376  0.006809
265.609376  0.006609
265.629375  0.006809
265.649374  0.006542
265.669373  0.006809
265.689372  0.006609
265.709372  0.006542
265.729371  0.006542
265.749370  0.006609
265.769369  0.006676
265.789368  0.006876
265.809368  0.006609
265.829367  0.006609
265.849366  0.006542
265.869365  0.006542
265.889364  0.006676
265.909364  0.006542
265.929363  0.006609
265.949362  0.006609
265.969361  0.006809
265.989360  0.006743
266.009360  0.006409
266.029359  0.006743
266.049358  0.006676
266.069357  0.006809
266.089356  0.006676
266.109356  0.006609
266.129355  0.006609
266.149354  0.006743
266.169353  0.006676
266.189352  0.006609
266.209352  0.006676
266.229351  0.006743
266.249350  0.006743
266.269349  0.006676
266.289348  0.006676
266.309348  0.006476
266.329347  0.006676
266.349346  0.006676
266.369345  0.006542
266.389344  0.006676
266.409344  0.006676
266.429343  0.006676
266.449342  0.006542
266.469341  0.006476
266.489340  0.006743
266.509340  0.006743
266.529339  0.006743
266.549338  0.006409
266.569337  0.006743
266.589336  0.006676
266.609336  0.006676
266.629335  0.006609
266.649334  0.006609
266.669333  0.006609
266.689332  0.006676
266.709332  0.006676
266.729331  0.006676
266.749330  0.006676
266.769329  0.006743
266.789328  0.006609
266.809328  0.006676
266.829327  0.006743
266.849326  0.006743
266.869325  0.006743
266.889324  0.006676
266.909324  0.006609
266.929323  0.006676
266.949322  0.006743
266.969321  0.006676
266.989320  0.006676
267.009320  0.006609
267.029319  0.007009
267.049318  0.006609
267.069317  0.006542
267.089316  0.006676
267.109316  0.006809
267.129315  0.006542
267.149314  0.006743
267.169313  0.006542
267.189312  0.006809
267.209312  0.006676
267.229311  0.006609
267.249310  0.006542
267.269309  0.006943
267.289308  0.006676
267.309308  0.006676
267.329307  0.006676
267.349306  0.006676
267.369305  0.006743
267.389304  0.006743
267.409304  0.006676
267.429303  0.006876
267.449302  0.006609
267.469301  0.006809
267.489300  0.006743
267.509300  0.006542
267.529299  0.006542
267.549298  0.006676
267.569297  0.006943
267.589296  0.006743
267.609296  0.006943
267.629295  0.006609
267.649294  0.006743
267.669293  0.006542
267.689292  0.006609
267.709292  0.006609
267.729291  0.006743
267.749290  0.006609
267.769289  0.006676
267.789288  0.006809
267.809288  0.006743
267.829287  0.006676
267.849286  0.006876
267.869285  0.006809
267.889284  0.006809
267.909284  0.006609
267.929283  0.006676
267.949282  0.006676
267.969281  0.006876
267.989280  0.006609
268.009280  0.006743
268.029279  0.006609
268.049278  0.006743
268.069277  0.006676
268.089276  0.006743
268.109276  0.006676
268.129275  0.006943
268.149274  0.006676
268.169273  0.006943
268.189272  0.006743
268.209272  0.006743
268.229271  0.006876
268.249270  0.006743
268.269269  0.006943
268.289268  0.006809
268.309268  0.006809
268.329267  0.007009
268.349266  0.006743
268.369265  0.006676
268.389264  0.006743
268.409264  0.006743
268.429263  0.006876
268.449262  0.006743
268.469261  0.006676
268.489260  0.006809
268.509260  0.006876
268.529259  0.006676
268.549258  0.006809
268.569257  0.006743
268.589256  0.006876
268.609256  0.006743
268.629255  0.006743
268.649254  0.006743
268.669253  0.006743
268.689252  0.006609
268.709252  0.006676
268.729251  0.006876
268.749250  0.006809
268.769249  0.006676
268.789248  0.006743
268.809248  0.006542
268.829247  0.006876
268.849246  0.006809
268.869245  0.006342
268.889244  0.006809
268.909244  0.006676
268.929243  0.006876
268.949242  0.006876
268.969241  0.006743
268.989240  0.007143
269.009240  0.006743
269.029239  0.006743
269.049238  0.006876
269.069237  0.006542
269.089236  0.006676
269.109236  0.006943
269.129235  0.006743
269.149234  0.006676
269.169233  0.006676
269.189232  0.006876
269.209232  0.006809
269.229231  0.006876
269.249230  0.006743
269.269229  0.006676
269.289228  0.006809
269.309228  0.006876
269.329227  0.006809
269.349226  0.006542
269.369225  0.006676
269.389224  0.006809
269.409224  0.006876
269.429223  0.006809
269.449222  0.006876
269.469221  0.006676
269.489220  0.006743
269.509220  0.006809
269.529219  0.006809
269.549218  0.006609
269.569217  0.006809
269.589216  0.006876
269.609216  0.006409
269.629215  0.006943
269.649214  0.006809
269.669213  0.006743
269.689212  0.006743
269.709212  0.006809
269.729211  0.006743
269.749210  0.006876
269.769209  0.006876
269.789208  0.006743
269.809208  0.006943
269.829207  0.006676
269.849206  0.006943
269.869205  0.006876
269.889204  0.006609
269.909204  0.006476
269.929203  0.006743
269.949202  0.006809
269.969201  0.006943
269.989200  0.006743
270.009200  0.007009
270.029199  0.006809
270.049198  0.006943
270.069197  0.006876
270.089196  0.006943
270.109196  0.006809
270.129195  0.006809
270.149194  0.006609
270.169193  0.006809
270.189192  0.006809
270.209192  0.006876
270.229191  0.006876
270.249190  0.006809
270.269189  0.006809
270.289188  0.006876
270.309188  0.006809
270.329187  0.006743
270.349186  0.006809
270.369185  0.006743
270.389184  0.006876
270.409184  0.006943
270.429183  0.006743
270.449182  0.006809
270.469181  0.006876
270.489180  0.007076
270.509180  0.006743
270.529179  0.006743
270.549178  0.006943
270.569177  0.006943
270.589176  0.006876
270.609176  0.006943
270.629175  0.006876
270.649174  0.006876
270.669173  0.006876
270.689172  0.006943
270.709172  0.006876
270.729171  0.006943
270.749170  0.007009
270.769169  0.006743
270.789168  0.006876
270.809168  0.006743
270.829167  0.006943
270.849166  0.006943
270.869165  0.006876
270.889164  0.006809
270.909164  0.006809
270.929163  0.006943
270.949162  0.007009
270.969161  0.006809
270.989160  0.006943
271.009160  0.006676
271.029159  0.006943
271.049158  0.006743
271.069157  0.006542
271.089156  0.006876
271.109156  0.006943
271.129155  0.006876
271.149154  0.006876
271.169153  0.006876
271.189152  0.006743
271.209152  0.006876
271.229151  0.006943
271.249150  0.006876
271.269149  0.006676
271.289148  0.006809
271.309148  0.006943
271.329147  0.006676
271.349146  0.006876
271.369145  0.006943
271.389144  0.006809
271.409144  0.006809
271.429143  0.007009
271.449142  0.006943
271.469141  0.006876
271.489140  0.007009
271.509140  0.006676
271.529139  0.006809
271.549138  0.006943
271.569137  0.006609
271.589136  0.006876
271.609136  0.007076
271.629135  0.006809
271.649134  0.006943
271.669133  0.006876
271.689132  0.006943
271.709132  0.007009
271.729131  0.006876
271.749130  0.006876
271.769129  0.006876
271.789128  0.006876
271.809128  0.006943
271.829127  0.006809
271.849126  0.007076
271.869125  0.006943
271.889124  0.007009
271.909124  0.007076
271.929123  0.007076
271.949122  0.007076
271.969121  0.006876
271.989120  0.006676
272.009120  0.006876
272.029119  0.007076
272.049118  0.006943
272.069117  0.006876
272.089116  0.006943
272.109116  0.006876
272.129115  0.006876
272.149114  0.006876
272.169113  0.006943
272.189112  0.006943
272.209112  0.006876
272.229111  0.006876
272.249110  0.006943
272.269109  0.006943
272.289108  0.006943
272.309108  0.007143
272.329107  0.006743
272.349106  0.007076
272.369105  0.006743
272.389104  0.006943
272.409104  0.006809
272.429103  0.006876
272.449102  0.006876
272.469101  0.006943
272.489100  0.007009
272.509100  0.006943
272.529099  0.006943
272.549098  0.006743
272.569097  0.006943
272.589096  0.007009
272.609096  0.006943
272.629095  0.006876
272.649094  0.006876
272.669093  0.006943
272.689092  0.006876
272.709092  0.006943
272.729091  0.006876
272.749090  0.006943
272.769089  0.007009
272.789088  0.007009
272.809088  0.006876
272.829087  0.006943
272.849086  0.006943
272.869085  0.006943
272.889084  0.006876
272.909084  0.006876
272.929083  0.006876
272.949082  0.007009
272.969081  0.007009
272.989080  0.006876
273.009080  0.007009
273.029079  0.006876
273.049078  0.007009
273.069077  0.006809
273.089076  0.007009
273.109076  0.006876
273.129075  0.006943
273.149074  0.006743
273.169073  0.007009
273.189072  0.007009
273.209072  0.007009
273.229071  0.007009
273.249070  0.006876
273.269069  0.007009
273.289068  0.006943
273.309068  0.006876
273.329067  0.007076
273.349066  0.006743
273.369065  0.007143
273.389064  0.006943
273.409064  0.006809
273.429063  0.007009
273.449062  0.006876
273.469061  0.007009
273.489060  0.006876
273.509060  0.007076
273.529059  0.006809
273.549058  0.007076
273.569057  0.006943
273.589056  0.007076
273.609056  0.007076
273.629055  0.007009
273.649054  0.006876
273.669053  0.007143
273.689052  0.006876
273.709052  0.006943
273.729051  0.006943
273.749050  0.007143
273.769049  0.006876
273.789048  0.007076
273.809048  0.007076
273.829047  0.007076
273.849046  0.007009
273.869045  0.006943
273.889044  0.006743
273.909044  0.006943
273.929043  0.007076
273.949042  0.006876
273.969041  0.007009
273.989040  0.006876
274.009040  0.006876
274.029039  0.007009
274.049038  0.007009
274.069037  0.007009
274.089036  0.006943
274.109036  0.006943
274.129035  0.006943
274.149034  0.007009
274.169033  0.006943
274.189032  0.006876
274.209032  0.007076
274.229031  0.007009
274.249030  0.006809
274.269029  0.007009
274.289028  0.006943
274.309028  0.006876
274.329027  0.007009
274.349026  0.007009
274.369025  0.006943
274.389024  0.006876
274.409024  0.006876
274.429023  0.006943
274.449022  0.007009
274.469021  0.006943
274.489020  0.007009
274.509020  0.007009
274.529019  0.007076
274.549018  0.006943
274.569017  0.007009
274.589016  0.006943
274.609016  0.006876
274.629015  0.007076
274.649014  0.007009
274.669013  0.006876
274.689012  0.007076
274.709012  0.007009
274.729011  0.006943
274.749010  0.007143
274.769009  0.006743
274.789008  0.007009
274.809008  0.006943
274.829007  0.006943
274.849006  0.006943
274.869005  0.006943
274.889004  0.006943
274.909004  0.007009
274.929003  0.006876
274.949002  0.006943
274.969001  0.007076
274.989000  0.007076
275.009000  0.006676
275.028999  0.007076
275.048998  0.006943
275.068997  0.006943
275.088996  0.007009
275.108996  0.006943
275.128995  0.007076
275.148994  0.006876
275.168993  0.007143
275.188992  0.007076
275.208992  0.007076
275.228991  0.007076
275.248990  0.007076
275.268989  0.007009
275.288988  0.007009
275.308988  0.006943
275.328987  0.007076
275.348986  0.007009
275.368985  0.007143
275.388984  0.007009
275.408984  0.007009
275.428983  0.007076
275.448982  0.007143
275.468981  0.007009
275.488980  0.007076
275.508980  0.006943
275.528979  0.007076
275.548978  0.007009
275.568977  0.007076
275.588976  0.007076
275.608976  0.007009
275.628975  0.006809
275.648974  0.007076
275.668973  0.007076
275.688972  0.007009
275.708972  0.007076
275.728971  0.007009
275.748970  0.007009
275.768969  0.007076
275.788968  0.006943
275.808968  0.007076
275.828967  0.007143
275.848966  0.006943
275.868965  0.006876
275.888964  0.007276
275.908964  0.007076
275.928963  0.007009
275.948962  0.007143
275.968961  0.007076
275.988960  0.007210
276.008960  0.007009
276.028959  0.007076
276.048958  0.007143
276.068957  0.007076
276.088956  0.006943
276.108956  0.007143
276.128955  0.007076
276.148954  0.007009
276.168953  0.006943
276.188952  0.007009
276.208952  0.007076
276.228951  0.007076
276.248950  0.006943
276.268949  0.007009
276.288948  0.007276
276.308948  0.006943
276.328947  0.007076
276.348946  0.006743
276.368945  0.006943
276.388944  0.007276
276.408944  0.007143
276.428943  0.007009
276.448942  0.007143
276.468941  0.007009
276.488940  0.007076
276.508940  0.007009
276.528939  0.007009
276.548938  0.006876
276.568937  0.007076
276.588936  0.007210
276.608936  0.007009
276.628935  0.007009
276.648934  0.007143
276.668933  0.007143
276.688932  0.007276
276.708932  0.007143
276.728931  0.007210
276.748930  0.007143
276.768929  0.007009
276.788928  0.007009
276.808928  0.007143
276.828927  0.007076
276.848926  0.007076
276.868925  0.006943
276.888924  0.007009
276.908924  0.007009
276.928923  0.007210
276.948922  0.007009
276.968921  0.007076
276.988920  0.007343
277.008920  0.006809
277.028919  0.007076
277.048918  0.007076
277.068917  0.007009
277.088916  0.007009
277.108916  0.006943
277.128915  0.006943
277.148914  0.007143
277.168913  0.007076
277.188912  0.007143
277.208912  0.007076
277.228911  0.007076
277.248910  0.007343
277.268909  0.007143
277.288908  0.007009
277.308908  0.006609
277.328907  0.006943
277.348906  0.007143
277.368905  0.007276
277.388904  0.007009
277.408904  0.007009
277.428903  0.007143
277.448902  0.007009
277.468901  0.007076
277.488900  0.007143
277.508900  0.006876
277.528899  0.007076
277.548898  0.007143
277.568897  0.006743
277.588896  0.007009
277.608896  0.006876
277.628895  0.007210
277.648894  0.007143
277.668893  0.007009
277.688892  0.007009
277.708892  0.007210
277.728891  0.007076
277.748890  0.007076
277.768889  0.007009
277.788888  0.007009
277.808888  0.007143
277.828887  0.007276
277.848886  0.007143
277.868885  0.006943
277.888884  0.007143
277.908884  0.007143
277.928883  0.007143
277.948882  0.007343
277.968881  0.007143
277.988880  0.007076
278.008880  0.007210
278.028879  0.007076
278.048878  0.007009
278.068877  0.007076
278.088876  0.007143
278.108876  0.007210
278.128875  0.007076
278.148874  0.006943
278.168873  0.007076
278.188872  0.007143
278.208872  0.007276
278.228871  0.007210
278.248870  0.007210
278.268869  0.007009
278.288868  0.007210
278.308868  0.007009
278.328867  0.007276
278.348866  0.007210
278.368865  0.007009
278.388864  0.007276
278.408864  0.007210
278.428863  0.007210
278.448862  0.007143
278.468861  0.006943
278.488860  0.007076
278.508860  0.007210
278.528859  0.007210
278.548858  0.007210
278.568857  0.007076
278.588856  0.007210
278.608856  0.007210
278.628855  0.007210
278.648854  0.007210
278.668853  0.007143
278.688852  0.007276
278.708852  0.007477
278.728851  0.007210
278.748850  0.006943
278.768849  0.007076
278.788848  0.007143
278.808848  0.007076
278.828847  0.007009
278.848846  0.007143
278.868845  0.007143
278.888844  0.007276
278.908844  0.007210
278.928843  0.007009
278.948842  0.007076
278.968841  0.007143
278.988840  0.007343
279.008840  0.007009
279.028839  0.007009
279.048838  0.007143
279.068837  0.007143
279.088836  0.007009
279.108836  0.007210
279.128835  0.007009
279.148834  0.007143
279.168833  0.007410
279.188832  0.007210
279.208832  0.007143
279.228831  0.007009
279.248830  0.007210
279.268829  0.007143
279.288828  0.007076
279.308828  0.007210
279.328827  0.007076
279.348826  0.007143
279.368825  0.007276
279.388824  0.007076
279.408824  0.007076
279.428823  0.007143
279.448822  0.007143
279.468821  0.007343
279.488820  0.007210
279.508820  0.007143
279.528819  0.007276
279.548818  0.007343
279.568817  0.007143
279.588816  0.007143
279.608816  0.007143
279.628815  0.007143
279.648814  0.007276
279.668813  0.007143
279.688812  0.007076
279.708812  0.007210
279.728811  0.007210
279.748810  0.007276
279.768809  0.007143
279.788808  0.007009
279.808808  0.007276
279.828807  0.007210
279.848806  0.007276
279.868805  0.007210
279.888804  0.007076
279.908804  0.007276
279.928803  0.007143
279.948802  0.007276
279.968801  0.007143
279.988800  0.007143
280.008800  0.007076
280.028799  0.007276
280.048798  0.007610
280.068797  0.007743
280.088796  0.008010
280.108796  0.008144
280.128795  0.008277
280.148794  0.008411
280.168793  0.008544
280.188792  0.008744
280.208792  0.008811
280.228791  0.009212
280.248790  0.009278
280.268789  0.009145
280.288788  0.009412
280.308788  0.009745
280.328787  0.009879
280.348786  0.010079
280.368785  0.010213
280.388784  0.010346
280.408784  0.010479
280.428783  0.010680
280.448782  0.010880
280.468781  0.010947
280.488780  0.011213
280.508780  0.011347
280.528779  0.011614
280.548778  0.011681
280.568777  0.011681
280.588776  0.011948
280.608776  0.012214
280.628775  0.012348
280.648774  0.012415
280.668773  0.012615
280.688772  0.012548
280.708772  0.012882
280.728771  0.013149
280.748770  0.013282
280.768769  0.013482
280.788768  0.013549
280.808768  0.013883
280.828767  0.013816
280.848766  0.014083
280.868765  0.014150
280.888764  0.014483
280.908764  0.014617
280.928763  0.014683
280.948762  0.015017
280.968761  0.014950
280.988760  0.015351
281.008760  0.015551
281.028759  0.015618
281.048758  0.015684
281.068757  0.015751
281.088756  0.016085
281.108756  0.016218
281.128755  0.016285
281.148754  0.016619
281.168753  0.016685
281.188752  0.017019
281.208752  0.017019
281.228751  0.017219
281.248750  0.017419
281.268749  0.017419
281.288748  0.017486
281.308748  0.017887
281.328747  0.017820
281.348746  0.018153
281.368745  0.018287
281.388744  0.018487
281.408744  0.018754
281.428743  0.018887
281.448742  0.018887
281.468741  0.019088
281.488740  0.019288
281.508740  0.019421
281.528739  0.019555
281.548738  0.019822
281.568737  0.019755
281.588736  0.019955
281.608736  0.020022
281.628735  0.020489
281.648734  0.020556
281.668733  0.020556
281.688732  0.020956
281.708732  0.021023
281.728731  0.020956
281.748730  0.021223
281.768729  0.021623
281.788728  0.021557
281.808728  0.021824
281.828727  0.021957
281.848726  0.022291
281.868725  0.022357
281.888724  0.022491
281.908724  0.022624
281.928723  0.022891
281.948722  0.022758
281.968721  0.023092
281.988720  0.023225
282.008720  0.023559
282.028719  0.023625
282.048718  0.023692
282.068717  0.023826
282.088716  0.024159
282.108716  0.024092
282.128715  0.024293
282.148714  0.024560
282.168713  0.024626
282.188712  0.024760
282.208712  0.024827
282.228711  0.025093
282.248710  0.025360
282.268709  0.025427
282.288708  0.025627
282.308708  0.025827
282.328707  0.025961
282.348706  0.026094
282.368705  0.026428
282.388704  0.026361
282.408704  0.026562
282.428703  0.026695
282.448702  0.027162
282.468701  0.027095
282.488700  0.027095
282.508700  0.027296
282.528699  0.027362
282.548698  0.027629
282.568697  0.027896
282.588696  0.028030
282.608696  0.028163
282.628695  0.028297
282.648694  0.028230
282.668693  0.028497
282.688692  0.028764
282.708692  0.029031
282.728691  0.029097
282.748690  0.029297
282.768689  0.029498
282.788688  0.029564
282.808688  0.029765
282.828687  0.029965
282.848686  0.030165
282.868685  0.030165
282.888684  0.030499
282.908684  0.030499
282.928683  0.030632
282.948682  0.031032
282.968681  0.031032
282.988680  0.031233
283.008680  0.031166
283.028679  0.031366
283.048678  0.031700
283.068677  0.031766
283.088676  0.031633
283.108676  0.032033
283.128675  0.032300
283.148674  0.032300
283.168673  0.032567
283.188672  0.032300
283.208672  0.033301
283.228671  0.032901
283.248670  0.032367
283.268669  0.032901
283.288668  0.033435
283.308668  0.033568
283.328667  0.033835
283.348666  0.034035
283.368665  0.033835
283.388664  0.034035
283.408664  0.034169
283.428663  0.034169
283.448662  0.034302
283.468661  0.034836
283.488660  0.034903
283.508660  0.034970
283.528659  0.034970
283.548658  0.035303
283.568657  0.035303
283.588656  0.035437
283.608656  0.035303
283.628655  0.035503
283.648654  0.035837
283.668653  0.035837
283.688652  0.036104
283.708652  0.036037
283.728651  0.036304
283.748650  0.036371
283.768649  0.036438
283.788648  0.036705
283.808648  0.036771
283.828647  0.036171
283.848646  0.037906
283.868645  0.036838
283.888644  0.038373
283.908644  0.037839
283.928643  0.038039
283.948642  0.037372
283.968641  0.037772
283.988640  0.038440
284.008640  0.038640
284.028639  0.038573
284.048638  0.038373
284.068637  0.038640
284.088636  0.038973
284.108636  0.038640
284.128635  0.039174
284.148634  0.039574
284.168633  0.039774
284.188632  0.039707
284.208632  0.039641
284.228631  0.040375
284.248630  0.040508
284.268629  0.040175
284.288628  0.040508
284.308628  0.041176
284.328627  0.040642
284.348626  0.040909
284.368625  0.040575
284.388624  0.041042
284.408624  0.042043
284.428623  0.041643
284.448622  0.042110
284.468621  0.041976
284.488620  0.042377
284.508620  0.041776
284.528619  0.043311
284.548618  0.042977
284.568617  0.042577
284.588616  0.043311
284.608616  0.042844
284.628615  0.043244
284.648614  0.043778
284.668613  0.043378
284.688612  0.043911
284.708612  0.044045
284.728611  0.044245
284.748610  0.044579
284.768609  0.044579
284.788608  0.044912
284.808608  0.044712
284.828607  0.044178
284.848606  0.045046
284.868605  0.045179
284.888604  0.044779
284.908604  0.045246
284.928603  0.045179
284.948602  0.045847
284.968601  0.045713
284.988600  0.046447
285.008600  0.045646
285.028599  0.045847
285.048598  0.046848
285.068597  0.046848
285.088596  0.046380
285.108596  0.046180
285.128595  0.047315
285.148594  0.048049
285.168593  0.047782
285.188592  0.047448
285.208592  0.047849
285.228591  0.048182
285.248590  0.047849
285.268589  0.048115
285.288588  0.048449
285.308588  0.048182
285.328587  0.048649
285.348586  0.048850
285.368585  0.048983
285.388584  0.049183
285.408584  0.050117
285.428583  0.049917
285.448582  0.049850
285.468581  0.049717
285.488580  0.049784
285.508580  0.050718
285.528579  0.050785
285.548578  0.050585
285.568577  0.050651
285.588576  0.051052
285.608576  0.050318
285.628575  0.051719
285.648574  0.051452
285.668573  0.051585
285.688572  0.051719
285.708572  0.051786
285.728571  0.052520
285.748570  0.052186
285.768569  0.051519
285.788568  0.052453
285.808568  0.052853
285.828567  0.053320
285.848566  0.052787
285.868565  0.053387
285.888564  0.053521
285.908564  0.053721
285.928563  0.054388
285.948562  0.054188
285.968561  0.054522
285.988560  0.053788
286.008560  0.054188
286.028559  0.054455
286.048558  0.054455
286.068557  0.054989
286.088556  0.054922
286.108556  0.055389
286.128555  0.055389
286.148554  0.055523
286.168553  0.055789
286.188552  0.055589
286.208552  0.056257
286.228551  0.055990
286.248550  0.055990
286.268549  0.056390
286.288548  0.056056
286.308548  0.057324
286.328547  0.056924
286.348546  0.056657
286.368545  0.057725
286.388544  0.057658
286.408544  0.057324
286.428543  0.057925
286.448542  0.057791
286.468541  0.058192
286.488540  0.058058
286.508540  0.058392
286.528539  0.058525
286.548538  0.058592
286.568537  0.058459
286.588536  0.058726
286.608536  0.059460
286.628535  0.059793
286.648534  0.059526
286.668533  0.059593
286.688532  0.059526
286.708532  0.059927
286.728531  0.059793
286.748530  0.060127
286.768529  0.060861
286.788528  0.060394
286.808528  0.060661
286.828527  0.061061
286.848526  0.060728
286.868525  0.061528
286.888524  0.061328
286.908524  0.061795
286.928523  0.061595
286.948522  0.062062
286.968521  0.062262
286.988520  0.061929
287.008520  0.061995
287.028519  0.062262
287.048518  0.062796
287.068517  0.062796
287.088516  0.063197
287.108516  0.062796
287.128515  0.063530
287.148514  0.063263
287.168513  0.062996
287.188512  0.063997
287.208512  0.063864
287.228511  0.064131
287.248510  0.063664
287.268509  0.064731
287.288508  0.064731
287.308508  0.064798
287.328507  0.065199
287.348506  0.064531
287.368505  0.065599
287.388504  0.065599
287.408504  0.065999
287.428503  0.065866
287.448502  0.066266
287.468501  0.065532
287.488500  0.066466
287.508500  0.065866
287.528499  0.066466
287.548498  0.066199
287.568497  0.067067
287.588496  0.066333
287.608496  0.067267
287.628495  0.066733
287.648494  0.067668
287.668493  0.066867
287.688492  0.067000
287.708492  0.067534
287.728491  0.068068
287.748490  0.067734
287.768489  0.068935
287.788488  0.068135
287.808488  0.068402
287.828487  0.068602
287.848486  0.069269
287.868485  0.068802
287.888484  0.068402
287.908484  0.068535
287.928483  0.068869
287.948482  0.070070
287.968481  0.069669
287.988480  0.070003
288.008480  0.070137
288.028479  0.070604
288.048478  0.070537
288.068477  0.070604
288.088476  0.070804
288.108476  0.070937
288.128475  0.071404
288.148474  0.071138
288.168473  0.071271
288.188472  0.070670
288.208472  0.071805
288.228471  0.071471
288.248470  0.071938
288.268469  0.072472
288.288468  0.072672
288.308468  0.072138
288.328467  0.072606
288.348466  0.072806
288.368465  0.072739
288.388464  0.073073
288.408464  0.073006
288.428463  0.073406
288.448462  0.073406
288.468461  0.073473
288.488460  0.073139
288.508460  0.073873
288.528459  0.073873
288.548458  0.074274
288.568457  0.074741
288.588456  0.074207
288.608456  0.074140
288.628455  0.074541
288.648454  0.075008
288.668453  0.075141
288.688452  0.074674
288.708452  0.075008
288.728451  0.074674
288.748450  0.076409
288.768449  0.076142
288.788448  0.075809
288.808448  0.076476
288.828447  0.075742
288.848446  0.076276
288.868445  0.076609
288.888444  0.076876
288.908444  0.077343
288.928443  0.076476
288.948442  0.077210
288.968441  0.077210
288.988440  0.077677
289.008440  0.077610
289.028439  0.078011
289.048438  0.077677
289.068437  0.077477
289.088436  0.079345
289.108436  0.078478
289.128435  0.078678
289.148434  0.078144
289.168433  0.078611
289.188432  0.078945
289.208432  0.079812
289.228431  0.078945
289.248430  0.078745
289.268429  0.079812
289.288428  0.080213
289.308428  0.080480
289.328427  0.079879
289.348426  0.080146
289.368425  0.080213
289.388424  0.080079
289.408424  0.080213
289.428423  0.081014
289.448422  0.080747
289.468421  0.080947
289.488420  0.081214
289.508420  0.081614
289.528419  0.081814
289.548418  0.081080
289.568417  0.081881
289.588416  0.081681
289.608416  0.081681
289.628415  0.082415
289.648414  0.082415
289.668413  0.082215
289.688412  0.082615
289.708412  0.083282
289.728411  0.083082
289.748410  0.083683
289.768409  0.083483
289.788408  0.083483
289.808408  0.083883
289.828407  0.083483
289.848406  0.084283
289.868405  0.083616
289.888404  0.084283
289.908404  0.084283
289.928403  0.084951
289.948402  0.084817
289.968401  0.084884
289.988400  0.084884
290.008400  0.085351
290.028399  0.085218
290.048398  0.085551
290.068397  0.085818
290.088396  0.085818
290.108396  0.086486
290.128395  0.086018
290.148394  0.086085
290.168393  0.086486
290.188392  0.086686
290.208392  0.086219
290.228391  0.086752
290.248390  0.086352
290.268389  0.086819
290.288388  0.087353
290.308388  0.087687
290.328387  0.087153
290.348386  0.087753
290.368385  0.087820
290.388384  0.087820
290.408384  0.088221
290.428383  0.089088
290.448382  0.088821
290.468381  0.088554
290.488380  0.088621
290.508380  0.089155
290.528379  0.088621
290.548378  0.089088
290.568377  0.088955
290.588376  0.089689
290.608376  0.089822
290.628375  0.089956
290.648374  0.090156
290.668373  0.090089
290.688372  0.090289
290.708372  0.090289
290.728371  0.090289
290.748370  0.090823
290.768369  0.090956
290.788368  0.090890
290.808368  0.091357
290.828367  0.091624
290.848366  0.091957
290.868365  0.091691
290.888364  0.091891
290.908364  0.091691
290.928363  0.091957
290.948362  0.092091
290.968361  0.092358
290.988360  0.091957
291.008360  0.092091
291.028359  0.092625
291.048358  0.092958
291.068357  0.092625
291.088356  0.092892
291.108356  0.093359
291.128355  0.093426
291.148354  0.092958
291.168353  0.093692
291.188352  0.093759
291.208352  0.093759
291.228351  0.094160
291.248350  0.094627
291.268349  0.094894
291.288348  0.095027
291.308348  0.094627
291.328347  0.094827
291.348346  0.095361
291.368345  0.095227
291.388344  0.095427
291.408344  0.095761
291.428343  0.095694
291.448342  0.095494
291.468341  0.095494
291.488340  0.095694
291.508340  0.096161
291.528339  0.096428
291.548338  0.096695
291.568337  0.096762
291.588336  0.096695
291.608336  0.096695
291.628335  0.096962
291.648334  0.097162
291.668333  0.096962
291.688332  0.097696
291.708332  0.097630
291.728331  0.097963
291.748330  0.098097
291.768329  0.098097
291.788328  0.098430
291.808328  0.098230
291.828327  0.098697
291.848326  0.098497
291.868325  0.099098
291.888324  0.098630
291.908324  0.099031
291.928323  0.099365
291.948322  0.099631
291.968321  0.099365
291.988320  0.099431
292.008320  0.099965
292.028319  0.099898
292.048318  0.099965
292.068317  0.100499
292.088316  0.100365
292.108316  0.100299
292.128315  0.100299
292.148314  0.101100
292.168313  0.100833
292.188312  0.101033
292.208312  0.101567
292.228311  0.101433
292.248310  0.101700
292.268309  0.101366
292.288308  0.101834
292.308308  0.102234
292.328307  0.102100
292.348306  0.102434
292.368305  0.102434
292.388304  0.102568
292.408304  0.102835
292.428303  0.102968
292.448302  0.103168
292.468301  0.102434
292.488300  0.103302
292.508300  0.103435
292.528299  0.103435
292.548298  0.103769
292.568297  0.103969
292.588296  0.103969
292.608296  0.104169
292.628295  0.104770
292.648294  0.103902
292.668293  0.104770
292.688292  0.104503
292.708292  0.104369
292.728291  0.105170
292.748290  0.104970
292.768289  0.105504
292.788288  0.105304
292.808288  0.105704
292.828287  0.105971
292.848286  0.105771
292.868285  0.105704
292.888284  0.106038
292.908284  0.106171
292.928283  0.106304
292.948282  0.106505
292.968281  0.106371
292.988280  0.106972
293.008280  0.106905
293.028279  0.106772
293.048278  0.107239
293.068277  0.107706
293.088276  0.107773
293.108276  0.107372
293.128275  0.107973
293.148274  0.108106
293.168273  0.108039
293.188272  0.108173
293.208272  0.108173
293.228271  0.108373
293.248270  0.108440
293.268269  0.108640
293.288268  0.109241
293.308268  0.109107
293.328267  0.109040
293.348266  0.109241
293.368265  0.109040
293.388264  0.109574
293.408264  0.109975
293.428263  0.109641
293.448262  0.109975
293.468261  0.110108
293.488260  0.109908
293.508260  0.110308
293.528259  0.110375
293.548258  0.111176
293.568257  0.111309
293.588256  0.110976
293.608256  0.111309
293.628255  0.111042
293.648254  0.111376
293.668253  0.111710
293.688252  0.111509
293.708252  0.112177
293.728251  0.111576
293.748250  0.112510
293.768249  0.112711
293.788248  0.112577
293.808248  0.112510
293.828247  0.112911
293.848246  0.112577
293.868245  0.113111
293.888244  0.112911
293.908244  0.113378
293.928243  0.113244
293.948242  0.113578
293.968241  0.113445
293.988240  0.113712
294.008240  0.114045
294.028239  0.114446
294.048238  0.113845
294.068237  0.114446
294.088236  0.113978
294.108236  0.114779
294.128235  0.114913
294.148234  0.115180
294.168233  0.114913
294.188232  0.115713
294.208232  0.115380
294.228231  0.115313
294.248230  0.115914
294.268229  0.115780
294.288228  0.115647
294.308228  0.116448
294.328227  0.116047
294.348226  0.116314
294.368225  0.116314
294.388224  0.116915
294.408224  0.116581
294.428223  0.116514
294.448222  0.116915
294.468221  0.117182
294.488220  0.117649
294.508220  0.117382
294.528219  0.117515
294.548218  0.117849
294.568217  0.117916
294.588216  0.117982
294.608216  0.118049
294.628215  0.118249
294.648214  0.118917
294.668213  0.117982
294.688212  0.118716
294.708212  0.118850
294.728211  0.119317
294.748210  0.119384
294.768209  0.119050
294.788208  0.119450
294.808208  0.119450
294.828207  0.119717
294.848206  0.120118
294.868205  0.119918
294.888204  0.120118
294.908204  0.120051
294.928203  0.120385
294.948202  0.120118
294.968201  0.120451
294.988200  0.121319
295.008200  0.121185
295.028199  0.120585
295.048198  0.121252
295.068197  0.121519
295.088196  0.121052
295.108196  0.121452
295.128195  0.121586
295.148194  0.121986
295.168193  0.122520
295.188192  0.122387
295.208192  0.122720
295.228191  0.122520
295.248190  0.122720
295.268189  0.123121
295.288188  0.122587
295.308188  0.122653
295.328187  0.122720
295.348186  0.123321
295.368185  0.122920
295.388184  0.123521
295.408184  0.123588
295.428183  0.123588
295.448182  0.124255
295.468181  0.124055
295.488180  0.124522
295.508180  0.124322
295.528179  0.124655
295.548178  0.124856
295.568177  0.125389
295.588176  0.124856
295.608176  0.124789
295.628175  0.125189
295.648174  0.124989
295.668173  0.125590
295.688172  0.125656
295.708172  0.125723
295.728171  0.125923
295.748170  0.125923
295.768169  0.125923
295.788168  0.126123
295.808168  0.126657
295.828167  0.126524
295.848166  0.126591
295.868165  0.126724
295.888164  0.126991
295.908164  0.127058
295.928163  0.127191
295.948162  0.127325
295.968161  0.127391
295.988160  0.127525
296.008160  0.127525
296.028159  0.127858
296.048158  0.127858
296.068157  0.128192
296.088156  0.128859
296.108156  0.128392
296.128155  0.128459
296.148154  0.128793
296.168153  0.128592
296.188152  0.129060
296.208152  0.129193
296.228151  0.128926
296.248150  0.129126
296.268149  0.129660
296.288148  0.129727
296.308148  0.129527
296.328147  0.129660
296.348146  0.129927
296.368145  0.130061
296.388144  0.130194
296.408144  0.130261
296.428143  0.130594
296.448142  0.130594
296.468141  0.131061
296.488140  0.130928
296.508140  0.131395
296.528139  0.130928
296.548138  0.131862
296.568137  0.131529
296.588136  0.131662
296.608136  0.131595
296.628135  0.131862
296.648134  0.132396
296.668133  0.132062
296.688132  0.132463
296.708132  0.132329
296.728131  0.132329
296.748130  0.132863
296.768129  0.132663
296.788128  0.132730
296.808128  0.132863
296.828127  0.133330
296.848126  0.133731
296.868125  0.133531
296.888124  0.133731
296.908124  0.133797
296.928123  0.134198
296.948122  0.134064
296.968121  0.133998
296.988120  0.134131
297.008120  0.134265
297.028119  0.134465
297.048118  0.134732
297.068117  0.134531
297.088116  0.134665
297.108116  0.134531
297.128115  0.134999
297.148114  0.135399
297.168113  0.135532
297.188112  0.135532
297.208112  0.135599
297.228111  0.136333
297.248110  0.135933
297.268109  0.135866
297.288108  0.136133
297.308108  0.136467
297.328107  0.136734
297.348106  0.136667
297.368105  0.136533
297.388104  0.136600
297.408104  0.137134
297.428103  0.137201
297.448102  0.137067
297.468101  0.137401
297.488100  0.137267
297.508100  0.137534
297.528099  0.137935
297.548098  0.137868
297.568097  0.138135
297.588096  0.137935
297.608096  0.138402
297.628095  0.138402
297.648094  0.138268
297.668093  0.138869
297.688092  0.138936
297.708092  0.139336
297.728091  0.139269
297.748090  0.139203
297.768089  0.139470
297.788088  0.139937
297.808088  0.139336
297.828087  0.140137
297.848086  0.139670
297.868085  0.140003
297.888084  0.140003
297.908084  0.140204
297.928083  0.140070
297.948082  0.140337
297.968081  0.140671
297.988080  0.140537
298.008080  0.140871
298.028079  0.141071
298.048078  0.141138
298.068077  0.141939
298.088076  0.141805
298.108076  0.141338
298.128075  0.141471
298.148074  0.141872
298.168073  0.142139
298.188072  0.141939
298.208072  0.141939
298.228071  0.142406
298.248070  0.142539
298.268069  0.142873
298.288068  0.142806
298.308068  0.142806
298.328067  0.142806
298.348066  0.143273
298.368065  0.143140
298.388064  0.143273
298.408064  0.143273
298.428063  0.143607
298.448062  0.143874
298.468061  0.143874
298.488060  0.144207
298.508060  0.144007
298.528059  0.144608
298.548058  0.144608
298.568057  0.144941
298.588056  0.144408
298.608056  0.144608
298.628055  0.145075
298.648054  0.145542
298.668053  0.144875
298.688052  0.144941
298.708052  0.145208
298.728051  0.145542
298.748050  0.145809
298.768049  0.145609
298.788048  0.146009
298.808048  0.145742
298.828047  0.145876
298.848046  0.146409
298.868045  0.146009
298.888044  0.146610
298.908044  0.146343
298.928043  0.146543
298.948042  0.146943
298.968041  0.147277
298.988040  0.147144
299.008040  0.146943
299.028039  0.147410
299.048038  0.147344
299.068037  0.148011
299.088036  0.147811
299.108036  0.147677
299.128035  0.147878
299.148034  0.148345
299.168033  0.147811
299.188032  0.148078
299.208032  0.148345
299.228031  0.148278
299.248030  0.148945
299.268029  0.148945
299.288028  0.149145
299.308028  0.149346
299.328027  0.149679
299.348026  0.149212
299.368025  0.149879
299.388024  0.149946
299.408024  0.149813
299.428023  0.149946
299.448022  0.150080
299.468021  0.150547
299.488020  0.150480
299.508020  0.150413
299.528019  0.150680
299.548018  0.150814
299.568017  0.150947
299.588016  0.150880
299.608016  0.150880
299.628015  0.151348
299.648014  0.151014
299.668013  0.151281
299.688012  0.151815
299.708012  0.152015
299.728011  0.151881
299.748010  0.151681
299.768009  0.152282
299.788008  0.152148
299.808008  0.152549
299.828007  0.152415
299.848006  0.152682
299.868005  0.152816
299.888004  0.153149
299.908004  0.152749
299.928003  0.152949
299.948002  0.152949
299.968001  0.153416
299.988000  0.153483
300.008000  0.153750
300.027999  0.154017
300.047998  0.153750
300.067997  0.154017
300.087996  0.154017
300.107996  0.154017
300.127995  0.154350
300.147994  0.154484
300.167993  0.154684
300.187992  0.155218
300.207992  0.155084
300.227991  0.155151
300.247990  0.155151
300.267989  0.155151
300.287988  0.155351
300.307988  0.155685
300.327987  0.155285
300.347986  0.155485
300.367985  0.155952
300.387984  0.155952
300.407984  0.155952
300.427983  0.156352
300.447982  0.155885
300.467981  0.156552
300.487980  0.156886
300.507980  0.156552
300.527979  0.156819
300.547978  0.156819
300.567977  0.157220
300.587976  0.157420
300.607976  0.157220
300.627975  0.157287
300.647974  0.157487
300.667973  0.157820
300.687972  0.158021
300.707972  0.158087
300.727971  0.158021
300.747970  0.157687
300.767969  0.158354
300.787968  0.157887
300.807968  0.158888
300.827967  0.159022
300.847966  0.159288
300.867965  0.158554
300.887964  0.159022
300.907964  0.159088
300.927963  0.159155
300.947962  0.159222
300.967961  0.159689
300.987960  0.159489
301.007960  0.159822
301.027959  0.160289
301.047958  0.160022
301.067957  0.160289
301.087956  0.159889
301.107956  0.160223
301.127955  0.160623
301.147954  0.160623
301.167953  0.160757
301.187952  0.160957
301.207952  0.161023
301.227951  0.161224
301.247950  0.161491
301.267949  0.161357
301.287948  0.161290
301.307948  0.161557
301.327947  0.161491
301.347946  0.161824
301.367945  0.162024
301.387944  0.161891
301.407944  0.161824
301.427943  0.162425
301.447942  0.162492
301.467941  0.162625
301.487940  0.162425
301.507940  0.162959
301.527939  0.162892
301.547938  0.162758
301.567937  0.163025
301.587936  0.163226
301.607936  0.163159
301.627935  0.163759
301.647934  0.163159
301.667933  0.163759
301.687932  0.163893
301.707932  0.163492
301.727931  0.164160
301.747930  0.164560
301.767929  0.164226
301.787928  0.164493
301.807928  0.164493
301.827927  0.164760
301.847926  0.165094
301.867925  0.164827
301.887924  0.165227
301.907924  0.165428
301.927923  0.165094
301.947922  0.165227
301.967921  0.165494
301.987920  0.165494
302.007920  0.165761
302.027919  0.165828
302.047918  0.166228
302.067917  0.166228
302.087916  0.166162
302.107916  0.166629
302.127915  0.166362
302.147914  0.166762
302.167913  0.167029
302.187912  0.166962
302.207912  0.167296
302.227911  0.166896
302.247910  0.167296
302.267909  0.167563
302.287908  0.167563
302.307908  0.167696
302.327907  0.167430
302.347906  0.167830
302.367905  0.167763
302.387904  0.168364
302.407904  0.168164
302.427903  0.168097
302.447902  0.168564
302.467901  0.168164
302.487900  0.168631
302.507900  0.168364
302.527899  0.168564
302.547898  0.168764
302.567897  0.169231
302.587896  0.169165
302.607896  0.168831
302.627895  0.169698
302.647894  0.169565
302.667893  0.169765
302.687892  0.169832
302.707892  0.170032
302.727891  0.169832
302.747890  0.170232
302.767889  0.170366
302.787888  0.170566
302.807888  0.170366
302.827887  0.170833
302.847886  0.170566
302.867885  0.171166
302.887884  0.170699
302.907884  0.170900
302.927883  0.170900
302.947882  0.170900
302.967881  0.171100
302.987880  0.171300
303.007880  0.171700
303.027879  0.171300
303.047878  0.171367
303.067877  0.171767
303.087876  0.172301
303.107876  0.171900
303.127875  0.172368
303.147874  0.172635
303.167873  0.172568
303.187872  0.172501
303.207872  0.172635
303.227871  0.172768
303.247870  0.173035
303.267869  0.173102
303.287868  0.172968
303.307868  0.173635
303.327867  0.173569
303.347866  0.173502
303.367865  0.173969
303.387864  0.173635
303.407864  0.174103
303.427863  0.173836
303.447862  0.174103
303.467861  0.173969
303.487860  0.174436
303.507860  0.174303
303.527859  0.174703
303.547858  0.174369
303.567857  0.174837
303.587856  0.174770
303.607856  0.175170
303.627855  0.175237
303.647854  0.175170
303.667853  0.175304
303.687852  0.174970
303.707852  0.175437
303.727851  0.175771
303.747850  0.175304
303.767849  0.175771
303.787848  0.175904
303.807848  0.176705
303.827847  0.176371
303.847846  0.176572
303.867845  0.176438
303.887844  0.176772
303.907844  0.176705
303.927843  0.176505
303.947842  0.176839
303.967841  0.176772
303.987840  0.177306
304.007840  0.177306
304.027839  0.177372
304.047838  0.177573
304.067837  0.177639
304.087836  0.177773
304.107836  0.177773
304.127835  0.178240
304.147834  0.178106
304.167833  0.177839
304.187832  0.178373
304.207832  0.178307
304.227831  0.178440
304.247830  0.178373
304.267829  0.179107
304.287828  0.178774
304.307828  0.178974
304.327827  0.178974
304.347826  0.179041
304.367825  0.179308
304.387824  0.179374
304.407824  0.179374
304.427823  0.179641
304.447822  0.179708
304.467821  0.179775
304.487820  0.179841
304.507820  0.180242
304.527819  0.179841
304.547818  0.180309
304.567817  0.180242
304.587816  0.180375
304.607816  0.180776
304.627815  0.180776
304.647814  0.180642
304.667813  0.180642
304.687812  0.180909
304.707812  0.181109
304.727811  0.181176
304.747810  0.181510
304.767809  0.182110
304.787808  0.181643
304.807808  0.181576
304.827807  0.181910
304.847806  0.181910
304.867805  0.181843
304.887804  0.182177
304.907804  0.182110
304.927803  0.182177
304.947802  0.182310
304.967801  0.182577
304.987800  0.182310
305.007800  0.182577
305.027799  0.183044
305.047798  0.182911
305.067797  0.183044
305.087796  0.183044
305.107796  0.183578
305.127795  0.183512
305.147794  0.183311
305.167793  0.183645
305.187792  0.183445
305.207792  0.183845
305.227791  0.183979
305.247790  0.183845
305.267789  0.184446
305.287788  0.183979
305.307788  0.184379
305.327787  0.184379
305.347786  0.184913
305.367785  0.184713
305.387784  0.184846
305.407784  0.184913
305.427783  0.185180
305.447782  0.185046
305.467781  0.185380
305.487780  0.185313
305.507780  0.185447
305.527779  0.185780
305.547778  0.185580
305.567777  0.185780
305.587776  0.185714
305.607776  0.185981
305.627775  0.186381
305.647774  0.186581
305.667773  0.186114
305.687772  0.186514
305.707772  0.186781
305.727771  0.186781
305.747770  0.186848
305.767769  0.186648
305.787768  0.187182
305.807768  0.187315
305.827767  0.186982
305.847766  0.187449
305.867765  0.187515
305.887764  0.187182
305.907764  0.187649
305.927763  0.187782
305.947762  0.187582
305.967761  0.187916
305.987760  0.188183
306.007760  0.188249
306.027759  0.188183
306.047758  0.188249
306.067757  0.188183
306.087756  0.188650
306.107756  0.188717
306.127755  0.188783
306.147754  0.188783
306.167753  0.188783
306.187752  0.189184
306.207752  0.189384
306.227751  0.189117
306.247750  0.189651
306.267749  0.189317
306.287748  0.189584
306.307748  0.189651
306.327747  0.189784
306.347746  0.189517
306.367745  0.189851
306.387744  0.190318
306.407744  0.189918
306.427743  0.190585
306.447742  0.190585
306.467741  0.190452
306.487740  0.190718
306.507740  0.191052
306.527739  0.190852
306.547738  0.191052
306.567737  0.191252
306.587736  0.191186
306.607736  0.191119
306.627735  0.191452
306.647734  0.191186
306.667733  0.191586
306.687732  0.192053
306.707732  0.191653
306.727731  0.191653
306.747730  0.192120
306.767729  0.191986
306.787728  0.192253
306.807728  0.192187
306.827727  0.192253
306.847726  0.192387
306.867725  0.192587
306.887724  0.192720
306.907724  0.193054
306.927723  0.192921
306.947722  0.193121
306.967721  0.193254
306.987720  0.193388
307.007720  0.193187
307.027719  0.193388
307.047718  0.194055
307.067717  0.193721
307.087716  0.193321
307.107716  0.193988
307.127715  0.194188
307.147714  0.193855
307.167713  0.193988
307.187712  0.194322
307.207712  0.194322
307.227711  0.194589
307.247710  0.194455
307.267709  0.194589
307.287708  0.194589
307.307708  0.194789
307.327707  0.195123
307.347706  0.194856
307.367705  0.195189
307.387704  0.195123
307.407704  0.195523
307.427703  0.195323
307.447702  0.195523
307.467701  0.195723
307.487700  0.195723
307.507700  0.195857
307.527699  0.196057
307.547698  0.195857
307.567697  0.196257
307.587696  0.196190
307.607696  0.196657
307.627695  0.196457
307.647694  0.196324
307.667693  0.196524
307.687692  0.196924
307.707692  0.197058
307.727691  0.196657
307.747690  0.197125
307.767689  0.197325
307.787688  0.197258
307.807688  0.197258
307.827687  0.197525
307.847686  0.197525
307.867685  0.197592
307.887684  0.197725
307.907684  0.197925
307.927683  0.197859
307.947682  0.197992
307.967681  0.198192
307.987680  0.198192
308.007680  0.198326
308.027679  0.198593
308.047678  0.198593
308.067677  0.198926
308.087676  0.198659
308.107676  0.198926
308.127675  0.199060
308.147674  0.199260
308.167673  0.199126
308.187672  0.199393
308.207672  0.199193
308.227671  0.199660
308.247670  0.199393
308.267669  0.199727
308.287668  0.199994
308.307668  0.199727
308.327667  0.199727
308.347666  0.200261
308.367665  0.200194
308.387664  0.199860
308.407664  0.200728
308.427663  0.200328
308.447662  0.200194
308.467661  0.200461
308.487660  0.200728
308.507660  0.200528
308.527659  0.201062
308.547658  0.201128
308.567657  0.201195
308.587656  0.201329
308.607656  0.201128
308.627655  0.201195
308.647654  0.201729
308.667653  0.201395
308.687652  0.201929
308.707652  0.201595
308.727651  0.201862
308.747650  0.201929
308.767649  0.201996
308.787648  0.202263
308.807648  0.202196
308.827647  0.202596
308.847646  0.202463
308.867645  0.202263
308.887644  0.202530
308.907644  0.202997
308.927643  0.202663
308.947642  0.203064
308.967641  0.202997
308.987640  0.203330
309.007640  0.203197
309.027639  0.203597
309.047638  0.203264
309.067637  0.203464
309.087636  0.203664
309.107636  0.203798
309.127635  0.203864
309.147634  0.204065
309.167633  0.203664
309.187632  0.204065
309.207632  0.203798
309.227631  0.204131
309.247630  0.204465
309.267629  0.204465
309.287628  0.204465
309.307628  0.204999
309.327627  0.204598
309.347626  0.204665
309.367625  0.205132
309.387624  0.205199
309.407624  0.204999
309.427623  0.205266
309.447622  0.205199
309.467621  0.205199
309.487620  0.205666
309.507620  0.205533
309.527619  0.205866
309.547618  0.205933
309.567617  0.205733
309.587616  0.205866
309.607616  0.206133
309.627615  0.206333
309.647614  0.206333
309.667613  0.206400
309.687612  0.206400
309.707612  0.206600
309.727611  0.206734
309.747610  0.206867
309.767609  0.206800
309.787608  0.207201
309.807608  0.207001
309.827607  0.207134
309.847606  0.206934
309.867605  0.207201
309.887604  0.207334
309.907604  0.207601
309.927603  0.207468
309.947602  0.207601
309.967601  0.207735
309.987600  0.207735
310.007600  0.208068
310.027599  0.208002
310.047598  0.208002
310.067597  0.208202
310.087596  0.208135
310.107596  0.208469
310.127595  0.208202
310.147594  0.208936
310.167593  0.208936
310.187592  0.208936
310.207592  0.208802
310.227591  0.208936
310.247590  0.209003
310.267589  0.209136
310.287588  0.209403
310.307588  0.209269
310.327587  0.209470
310.347586  0.209470
310.367585  0.209536
310.387584  0.209803
310.407584  0.210070
310.427583  0.209803
310.447582  0.209937
310.467581  0.209803
310.487580  0.210003
310.507580  0.210270
310.527579  0.210404
310.547578  0.210471
310.567577  0.210604
310.587576  0.210404
310.607576  0.210604
310.627575  0.210738
310.647574  0.210871
310.667573  0.210871
310.687572  0.210938
310.707572  0.210871
310.727571  0.211271
310.747570  0.211605
310.767569  0.211205
310.787568  0.211605
310.807568  0.211472
310.827567  0.211405
310.847566  0.211605
310.867565  0.211738
310.887564  0.211872
310.907564  0.212339
310.927563  0.212139
310.947562  0.212206
310.967561  0.212406
310.987560  0.212472
311.007560  0.212406
311.027559  0.212806
311.047558  0.212739
311.067557  0.212806
311.087556  0.212673
311.107556  0.212806
311.127555  0.213006
311.147554  0.213073
311.167553  0.213207
311.187552  0.213273
311.207552  0.213273
311.227551  0.213273
311.247550  0.213540
311.267549  0.213607
311.287548  0.213340
311.307548  0.213807
311.327547  0.213674
311.347546  0.214007
311.367545  0.214007
311.387544  0.214074
311.407544  0.214208
311.427543  0.214274
311.447542  0.214274
311.467541  0.214341
311.487540  0.214408
311.507540  0.214541
311.527539  0.214608
311.547538  0.214875
311.567537  0.214875
311.587536  0.214675
311.607536  0.215142
311.627535  0.214808
311.647534  0.215008
311.667533  0.215409
311.687532  0.215342
311.707532  0.215275
311.727531  0.215475
311.747530  0.215609
311.767529  0.215676
311.787528  0.215475
311.807528  0.215809
311.827527  0.216009
311.847526  0.216009
311.867525  0.216410
311.887524  0.216276
311.907524  0.216410
311.927523  0.216410
311.947522  0.216476
311.967521  0.216877
311.987520  0.216677
312.007520  0.216743
312.027519  0.216543
312.047518  0.217077
312.067517  0.217210
312.087516  0.217344
312.107516  0.217144
312.127515  0.217144
312.147514  0.217277
312.167513  0.217611
312.187512  0.217411
312.207512  0.217544
312.227511  0.217811
312.247510  0.217811
312.267509  0.217878
312.287508  0.218011
312.307508  0.217878
312.327507  0.218078
312.347506  0.218078
312.367505  0.218078
312.387504  0.218412
312.407504  0.218211
312.427503  0.218345
312.447502  0.218478
312.467501  0.218812
312.487500  0.218812
312.507500  0.219079
312.527499  0.218745
312.547498  0.219079
312.567497  0.219146
312.587497  0.218879
312.607496  0.219212
312.627495  0.219412
312.647494  0.219479
312.667493  0.219479
312.687493  0.219746
312.707492  0.219546
312.727491  0.219679
312.747490  0.220013
312.767489  0.220347
312.787489  0.219813
312.807488  0.220347
312.827487  0.220280
312.847486  0.220013
312.867485  0.220280
312.887485  0.220547
312.907484  0.220480
312.927483  0.220814
312.947482  0.220614
312.967481  0.221081
312.987481  0.220881
313.007480  0.220814
313.027479  0.221214
313.047478  0.221281
313.067477  0.221214
313.087477  0.221481
313.107476  0.221081
313.127475  0.221348
313.147474  0.221281
313.167473  0.221548
313.187473  0.221615
313.207472  0.221481
313.227471  0.221815
313.247470  0.221881
313.267469  0.221681
313.287469  0.222015
313.307468  0.221948
313.327467  0.222082
313.347466  0.222549
313.367465  0.222349
313.387465  0.222549
313.407464  0.222482
313.427463  0.222616
313.447462  0.222616
313.467461  0.222949
313.487461  0.222949
313.507460  0.222882
313.527459  0.222682
313.547458  0.222816
313.567457  0.222949
313.587457  0.223149
313.607456  0.223283
313.627455  0.223283
313.647454  0.223550
313.667453  0.223683
313.687453  0.223483
313.707452  0.223616
313.727451  0.223750
313.747450  0.223750
313.767449  0.224150
313.787449  0.223883
313.807448  0.224017
313.827447  0.224284
313.847446  0.224350
313.867445  0.224417
313.887445  0.224217
313.907444  0.224551
313.927443  0.224484
313.947442  0.224684
313.967441  0.224751
313.987441  0.224818
314.007440  0.225018
314.027439  0.225085
314.047438  0.225085
314.067437  0.224884
314.087437  0.225351
314.107436  0.225351
314.127435  0.225151
314.147434  0.225418
314.167433  0.225552
314.187433  0.225351
314.207432  0.225618
314.227431  0.225552
314.247430  0.225752
314.267429  0.225819
314.287429  0.225952
314.307428  0.226219
314.327427  0.226019
314.347426  0.225952
314.367425  0.226352
314.387425  0.226286
314.407424  0.226753
314.427423  0.226419
314.447422  0.226486
314.467421  0.226686
314.487421  0.226619
314.507420  0.226820
314.527419  0.226886
314.547418  0.227086
314.567417  0.227020
314.587417  0.226886
314.607416  0.227086
314.627415  0.227420
314.647414  0.227287
314.667413  0.227020
314.687413  0.227487
314.707412  0.227353
314.727411  0.227620
314.747410  0.227887
314.767409  0.227620
314.787409  0.227820
314.807408  0.227887
314.827407  0.227754
314.847406  0.228087
314.867405  0.228154
314.887405  0.228087
314.907404  0.228288
314.927403  0.228087
314.947402  0.228488
314.967401  0.228821
314.987401  0.228955
315.007400  0.228888
315.027399  0.228621
315.047398  0.228688
315.067397  0.228821
315.087397  0.228821
315.107396  0.228821
315.127395  0.229289
315.147394  0.228955
315.167393  0.229355
315.187393  0.229489
315.207392  0.229289
315.227391  0.229422
315.247390  0.229355
315.267389  0.229289
315.287389  0.229489
315.307388  0.229622
315.327387  0.229889
315.347386  0.230089
315.367385  0.229555
315.387385  0.229756
315.407384  0.230156
315.427383  0.229889
315.447382  0.230023
315.467381  0.230223
315.487381  0.230356
315.507380  0.230490
315.527379  0.230356
315.547378  0.230423
315.567377  0.230823
315.587377  0.230623
315.607376  0.230957
315.627375  0.230890
315.647374  0.230957
315.667373  0.231090
315.687373  0.231157
315.707372  0.231424
315.727371  0.231424
315.747370  0.231357
315.767369  0.231491
315.787369  0.231224
315.807368  0.231557
315.827367  0.231624
315.847366  0.231557
315.867365  0.231424
315.887365  0.231824
315.907364  0.231691
315.927363  0.232158
315.947362  0.231824
315.967361  0.232158
315.987361  0.232291
316.007360  0.232158
316.027359  0.232358
316.047358  0.232425
316.067357  0.232291
316.087357  0.232625
316.107356  0.232558
316.127355  0.232558
316.147354  0.232692
316.167353  0.232759
316.187353  0.232892
316.207352  0.233092
316.227351  0.232959
316.247350  0.233025
316.267349  0.233092
316.287349  0.232825
316.307348  0.233359
316.327347  0.233426
316.347346  0.233493
316.367345  0.233626
316.387345  0.233426
316.407344  0.233626
316.427343  0.233893
316.447342  0.234026
316.467341  0.233626
316.487341  0.233759
316.507340  0.233826
316.527339  0.234160
316.547338  0.234026
316.567337  0.234427
316.587337  0.234227
316.607336  0.234160
316.627335  0.234427
316.647334  0.233426
316.667333  0.234093
316.687333  0.234627
316.707332  0.234694
316.727331  0.234827
316.747330  0.234493
316.767329  0.234827
316.787329  0.234961
316.807328  0.235027
316.827327  0.234961
316.847326  0.235027
316.867325  0.235161
316.887325  0.235094
316.907324  0.235561
316.927323  0.235361
316.947322  0.235494
316.967321  0.235428
316.987321  0.235428
317.007320  0.235494
317.027319  0.235628
317.047318  0.235761
317.067317  0.235895
317.087317  0.235895
317.107316  0.236028
317.127315  0.235895
317.147314  0.235962
317.167313  0.236162
317.187313  0.236228
317.207312  0.236162
317.227311  0.236362
317.247310  0.236429
317.267309  0.236629
317.287309  0.236228
317.307308  0.236696
317.327307  0.236629
317.347306  0.236829
317.367305  0.236962
317.387305  0.237096
317.407304  0.236829
317.427303  0.236962
317.447302  0.236829
317.467301  0.237229
317.487301  0.237296
317.507300  0.237229
317.527299  0.237229
317.547298  0.237496
317.567297  0.237563
317.587297  0.237363
317.607296  0.237697
317.627295  0.237430
317.647294  0.237630
317.667293  0.237897
317.687293  0.237763
317.707292  0.237697
317.727291  0.237763
317.747290  0.237830
317.767289  0.238164
317.787289  0.238297
317.807288  0.237963
317.827287  0.238431
317.847286  0.238564
317.867285  0.238431
317.887285  0.238431
317.907284  0.238364
317.927283  0.238564
317.947282  0.238631
317.967281  0.238698
317.987281  0.238698
318.007280  0.238564
318.027279  0.238898
318.047278  0.239165
318.067277  0.239031
318.087277  0.238898
318.107276  0.239365
318.127275  0.239365
318.147274  0.239365
318.167273  0.239432
318.187273  0.239165
318.207272  0.239498
318.227271  0.239498
318.247270  0.239632
318.267269  0.239565
318.287269  0.239698
318.307268  0.239565
318.327267  0.239965
318.347266  0.239965
318.367265  0.239965
318.387265  0.239965
318.407264  0.240099
318.427263  0.240232
318.447262  0.240232
318.467261  0.240166
318.487261  0.240166
318.507260  0.240299
318.527259  0.240499
318.547258  0.240633
318.567257  0.240299
318.587257  0.240433
318.607256  0.240566
318.627255  0.240966
318.647254  0.240766
318.667253  0.240766
318.687253  0.240433
318.707252  0.241167
318.727251  0.241033
318.747250  0.241033
318.767249  0.241233
318.787249  0.241233
318.807248  0.241233
318.827247  0.241433
318.847246  0.241567
318.867245  0.241300
318.887245  0.241433
318.907244  0.241500
318.927243  0.241700
318.947242  0.241233
318.967241  0.241700
318.987241  0.241834
319.007240  0.241834
319.027239  0.241901
319.047238  0.241834
319.067237  0.241901
319.087237  0.242434
319.107236  0.242101
319.127235  0.242301
319.147234  0.242101
319.167233  0.242101
319.187233  0.242368
319.207232  0.242568
319.227231  0.242368
319.247230  0.242301
319.267229  0.242434
319.287229  0.242701
319.307228  0.242635
319.327227  0.242635
319.347226  0.242701
319.367225  0.242701
319.387225  0.242835
319.407224  0.242835
319.427223  0.242835
319.447222  0.242968
319.467221  0.243168
319.487221  0.243502
319.507220  0.243102
319.527219  0.243235
319.547218  0.243435
319.567217  0.243168
319.587217  0.243502
319.607216  0.243502
319.627215  0.243502
319.647214  0.243502
319.667213  0.243636
319.687213  0.243836
319.707212  0.243702
319.727211  0.243702
319.747210  0.243969
319.767209  0.243969
319.787209  0.244036
319.807208  0.244370
319.827207  0.244036
319.847206  0.244169
319.867205  0.244303
319.887205  0.244370
319.907204  0.244370
319.927203  0.244570
319.947202  0.244636
319.967201  0.244570
319.987201  0.244303
320.007200  0.244503
320.027199  0.244636
320.047198  0.244636
320.067197  0.244837
320.087197  0.244837
320.107196  0.244837
320.127195  0.244970
320.147194  0.244903
320.167193  0.245237
320.187193  0.245104
320.207192  0.244970
320.227191  0.245237
320.247190  0.245037
320.267189  0.245304
320.287189  0.245371
320.307188  0.245371
320.327187  0.245504
320.347186  0.245571
320.367185  0.245704
320.387185  0.245437
320.407184  0.245571
320.427183  0.245904
320.447182  0.245771
320.467181  0.245704
320.487181  0.246105
320.507180  0.245904
320.527179  0.246105
320.547178  0.246038
320.567177  0.245904
320.587177  0.246105
320.607176  0.246305
320.627175  0.246171
320.647174  0.246305
320.667173  0.246505
320.687173  0.246371
320.707172  0.246572
320.727171  0.246572
320.747170  0.246705
320.767169  0.246638
320.787169  0.246438
320.807168  0.246772
320.827167  0.246972
320.847166  0.246638
320.867165  0.246772
320.887165  0.246638
320.907164  0.246972
320.927163  0.246839
320.947162  0.247172
320.967161  0.247172
320.987161  0.247306
321.007160  0.247106
321.027159  0.247439
321.047158  0.247439
321.067157  0.247306
321.087157  0.247439
321.107156  0.247639
321.127155  0.247706
321.147154  0.247840
321.167153  0.247706
321.187153  0.247573
321.207152  0.247706
321.227151  0.247773
321.247150  0.248040
321.267149  0.247773
321.287149  0.248240
321.307148  0.248040
321.327147  0.248040
321.347146  0.248106
321.367145  0.248373
321.387145  0.248173
321.407144  0.248240
321.427143  0.248440
321.447142  0.248173
321.467141  0.248574
321.487141  0.248440
321.507140  0.248373
321.527139  0.248574
321.547138  0.248507
321.567137  0.248574
321.587137  0.248707
321.607136  0.248707
321.627135  0.248774
321.647134  0.248774
321.667133  0.248840
321.687133  0.248907
321.707132  0.248974
321.727131  0.249041
321.747130  0.249107
321.767129  0.249107
321.787129  0.249107
321.807128  0.249174
321.827127  0.249441
321.847126  0.249107
321.867125  0.249374
321.887125  0.249308
321.907124  0.249308
321.927123  0.249641
321.947122  0.249441
321.967121  0.249775
321.987121  0.249374
322.007120  0.249641
322.027119  0.249708
322.047118  0.249841
322.067117  0.249575
322.087117  0.249975
322.107116  0.249975
322.127115  0.249975
322.147114  0.249975
322.167113  0.249975
322.187113  0.250108
322.207112  0.249975
322.227111  0.250175
322.247110  0.250375
322.267109  0.250175
322.287109  0.250042
322.307108  0.250242
322.327107  0.250309
322.347106  0.250642
322.367105  0.250375
322.387105  0.250509
322.407104  0.250642
322.427103  0.250509
322.447102  0.250709
322.467101  0.250709
322.487101  0.250842
322.507100  0.250842
322.527099  0.250976
322.547098  0.250842
322.567097  0.251109
322.587097  0.250976
322.607096  0.250909
322.627095  0.251043
322.647094  0.251376
322.667093  0.251176
322.687093  0.251243
322.707092  0.251443
322.727091  0.251310
322.747090  0.251310
322.767089  0.251510
322.787089  0.251443
322.807088  0.251510
322.827087  0.251576
322.847086  0.251510
322.867085  0.251576
322.887085  0.251710
322.907084  0.251576
322.927083  0.251910
322.947082  0.251710
322.967081  0.251777
322.987081  0.252044
323.007080  0.251910
323.027079  0.251843
323.047078  0.252044
323.067077  0.251977
323.087077  0.252110
323.107076  0.252177
323.127075  0.252177
323.147074  0.252310
323.167073  0.252244
323.187073  0.252310
323.207072  0.252310
323.227071  0.252511
323.247070  0.252711
323.267069  0.252511
323.287069  0.252444
323.307068  0.252577
323.327067  0.252644
323.347066  0.252577
323.367065  0.252711
323.387065  0.252844
323.407064  0.252778
323.427063  0.252844
323.447062  0.252911
323.467061  0.252911
323.487061  0.252978
323.507060  0.252911
323.527059  0.253044
323.547058  0.253111
323.567057  0.253044
323.587057  0.253044
323.607056  0.253044
323.627055  0.253178
323.647054  0.253111
323.667053  0.253245
323.687053  0.253311
323.707052  0.253311
323.727051  0.253378
323.747050  0.253578
323.767049  0.253311
323.787049  0.253445
323.807048  0.253311
323.827047  0.253645
323.847046  0.253712
323.867045  0.253779
323.887045  0.253512
323.907044  0.253512
323.927043  0.253845
323.947042  0.253845
323.967041  0.253845
323.987041  0.253712
324.007040  0.253912
324.027039  0.253845
324.047038  0.254112
324.067037  0.254045
324.087037  0.254246
324.107036  0.254112
324.127035  0.254179
324.147034  0.254312
324.167033  0.254179
324.187033  0.254179
324.207032  0.254179
324.227031  0.254713
324.247030  0.254446
324.267029  0.254246
324.287029  0.254446
324.307028  0.254446
324.327027  0.254446
324.347026  0.254846
324.367025  0.254646
324.387025  0.254579
324.407024  0.254980
324.427023  0.254779
324.447022  0.254713
324.467021  0.254779
324.487021  0.254713
324.507020  0.254846
324.527019  0.254913
324.547018  0.254779
324.567017  0.255113
324.587017  0.255113
324.607016  0.255046
324.627015  0.254913
324.647014  0.255180
324.667013  0.255380
324.687013  0.255180
324.707012  0.255247
324.727011  0.255380
324.747010  0.255447
324.767009  0.255046
324.787009  0.255046
324.807008  0.255180
324.827007  0.255447
324.847006  0.255514
324.867005  0.255313
324.887005  0.255580
324.907004  0.255514
324.927003  0.255847
324.947002  0.255714
324.967001  0.255647
324.987001  0.255914
325.007000  0.255580
325.026999  0.255714
325.046998  0.255847
325.066997  0.255780
325.086997  0.255847
325.106996  0.255914
325.126995  0.256047
325.146994  0.256114
325.166993  0.255914
325.186993  0.255914
325.206992  0.255981
325.226991  0.256314
325.246990  0.256047
325.266989  0.256047
325.286989  0.256181
325.306988  0.256514
325.326987  0.256314
325.346986  0.256381
325.366985  0.256514
325.386985  0.256448
325.406984  0.256448
325.426983  0.256381
325.446982  0.256581
325.466981  0.256381
325.486981  0.256648
325.506980  0.256581
325.526979  0.256715
325.546978  0.256781
325.566977  0.256781
325.586977  0.256781
325.606976  0.256648
325.626975  0.256715
325.646974  0.256848
325.666973  0.256715
325.686973  0.257048
325.706972  0.256982
325.726971  0.256915
325.746970  0.256848
325.766969  0.257115
325.786969  0.256915
325.806968  0.256848
325.826967  0.257182
325.846966  0.257248
325.866965  0.256982
325.886965  0.257115
325.906964  0.257248
325.926963  0.257182
325.946962  0.257449
325.966961  0.257182
325.986961  0.257315
326.006960  0.257582
326.026959  0.257515
326.046958  0.257582
326.066957  0.257382
326.086957  0.257582
326.106956  0.257582
326.126955  0.257582
326.146954  0.257582
326.166953  0.257582
326.186953  0.257716
326.206952  0.257782
326.226951  0.257782
326.246950  0.257716
326.266949  0.257916
326.286949  0.257849
326.306948  0.257983
326.326947  0.257983
326.346946  0.257983
326.366945  0.257983
326.386945  0.257849
326.406944  0.257916
326.426943  0.257849
326.446942  0.258049
326.466941  0.257916
326.486941  0.258116
326.506940  0.258049
326.526939  0.258116
326.546938  0.258116
326.566937  0.258316
326.586937  0.258183
326.606936  0.258116
326.626935  0.258316
326.646934  0.258383
326.666933  0.258383
326.686933  0.258583
326.706932  0.258383
326.726931  0.258583
326.746930  0.258583
326.766929  0.258383
326.786929  0.258383
326.806928  0.258583
326.826927  0.258650
326.846926  0.258583
326.866925  0.258583
326.886925  0.258650
326.906924  0.258583
326.926923  0.258917
326.946922  0.258717
326.966921  0.258850
326.986921  0.258850
327.006920  0.258850
327.026919  0.258650
327.046918  0.258917
327.066917  0.258850
327.086917  0.258917
327.106916  0.258917
327.126915  0.258850
327.146914  0.258917
327.166913  0.258983
327.186913  0.258917
327.206912  0.259117
327.226911  0.259250
327.246910  0.258983
327.266909  0.259250
327.286909  0.259250
327.306908  0.259250
327.326907  0.259317
327.346906  0.259250
327.366905  0.259517
327.386905  0.259384
327.406904  0.259384
327.426903  0.259517
327.446902  0.259517
327.466901  0.259451
327.486901  0.259451
327.506900  0.259451
327.526899  0.259317
327.546898  0.259584
327.566897  0.259651
327.586897  0.259517
327.606896  0.259651
327.626895  0.259584
327.646894  0.259517
327.666893  0.260051
327.686893  0.259584
327.706892  0.259517
327.726891  0.259651
327.746890  0.259718
327.766889  0.259784
327.786889  0.259851
327.806888  0.259784
327.826887  0.259584
327.846886  0.259718
327.866885  0.259918
327.886885  0.259784
327.906884  0.260051
327.926883  0.259984
327.946882  0.260051
327.966881  0.260051
327.986881  0.260051
328.006880  0.260185
328.026879  0.259918
328.046878  0.260118
328.066877  0.260051
328.086877  0.260185
328.106876  0.260185
328.126875  0.260118
328.146874  0.260185
328.166873  0.260385
328.186873  0.260118
328.206872  0.260452
328.226871  0.260251
328.246870  0.260185
328.266869  0.260585
328.286869  0.260385
328.306868  0.260318
328.326867  0.260518
328.346866  0.260318
328.366865  0.260318
328.386865  0.260518
328.406864  0.260518
328.426863  0.260652
328.446862  0.260452
328.466861  0.260652
328.486861  0.260585
328.506860  0.260652
328.526859  0.260718
328.546858  0.260585
328.566857  0.260785
328.586857  0.260518
328.606856  0.260585
328.626855  0.260718
328.646854  0.260919
328.666853  0.260718
328.686853  0.260585
328.706852  0.260985
328.726851  0.260585
328.746850  0.260852
328.766849  0.260785
328.786849  0.260852
328.806848  0.260919
328.826847  0.261186
328.846846  0.260785
328.866845  0.260985
328.886845  0.260785
328.906844  0.261052
328.926843  0.261052
328.946842  0.261052
328.966841  0.260985
328.986841  0.261052
329.006840  0.260985
329.026839  0.261052
329.046838  0.260985
329.066837  0.260985
329.086837  0.261186
329.106836  0.261319
329.126835  0.261586
329.146834  0.261319
329.166833  0.261052
329.186833  0.261386
329.206832  0.261319
329.226831  0.261186
329.246830  0.261186
329.266829  0.261319
329.286829  0.261519
329.306828  0.261519
329.326827  0.261386
329.346826  0.261052
329.366825  0.261252
329.386825  0.261519
329.406824  0.261452
329.426823  0.261319
329.446822  0.261586
329.466821  0.261519
329.486821  0.261519
329.506820  0.261519
329.526819  0.261252
329.546818  0.261386
329.566817  0.261519
329.586817  0.261586
329.606816  0.261586
329.626815  0.261653
329.646814  0.261653
329.666813  0.261586
329.686813  0.261653
329.706812  0.261786
329.726811  0.261653
329.746810  0.261653
329.766809  0.261786
329.786809  0.261853
329.806808  0.261853
329.826807  0.261653
329.846806  0.261853
329.866805  0.261786
329.886805  0.261786
329.906804  0.261920
329.926803  0.261920
329.946802  0.261853
329.966801  0.261586
329.986801  0.262120
330.006800  0.261986
330.026799  0.261786
330.046798  0.261853
330.066797  0.261853
330.086797  0.261920
330.106796  0.262053
330.126795  0.261853
330.146794  0.262053
330.166793  0.262120
330.186793  0.262053
330.206792  0.261853
330.226791  0.262053
330.246790  0.262053
330.266789  0.262320
330.286789  0.262053
330.306788  0.261853
330.326787  0.262120
330.346786  0.262187
330.366785  0.262187
330.386785  0.262120
330.406784  0.262053
330.426783  0.262053
330.446782  0.262120
330.466781  0.262187
330.486781  0.262320
330.506780  0.262187
330.526779  0.262253
330.546778  0.262253
330.566777  0.262320
330.586777  0.261986
330.606776  0.262253
330.626775  0.262253
330.646774  0.262320
330.666773  0.262253
330.686773  0.262320
330.706772  0.262253
330.726771  0.262320
330.746770  0.262253
330.766769  0.262453
330.786769  0.262253
330.806768  0.262453
330.826767  0.262453
330.846766  0.262320
330.866765  0.262453
330.886765  0.262387
330.906764  0.262520
330.926763  0.262587
330.946762  0.262453
330.966761  0.262387
330.986761  0.262587
331.006760  0.262520
331.026759  0.262654
331.046758  0.261786
331.066757  0.262053
331.086757  0.261586
331.106756  0.261386
331.126755  0.260785
331.146754  0.261119
331.166753  0.260051
331.186753  0.261052
331.206752  0.260318
331.226751  0.259517
331.246750  0.259784
331.266749  0.259517
331.286749  0.259651
331.306748  0.259517
331.326747  0.259317
331.346746  0.259050
331.366745  0.258917
331.386745  0.258450
331.406744  0.258316
331.426743  0.258450
331.446742  0.257649
331.466741  0.257582
331.486741  0.257182
331.506740  0.256715
331.526739  0.256715
331.546738  0.256581
331.566737  0.256648
331.586737  0.256514
331.606736  0.255780
331.626735  0.255714
331.646734  0.254913
331.666733  0.255780
331.686733  0.255580
331.706732  0.254980
331.726731  0.254779
331.746730  0.255046
331.766729  0.254379
331.786729  0.254179
331.806728  0.253245
331.826727  0.253578
331.846726  0.253445
331.866725  0.253445
331.886725  0.253111
331.906724  0.253578
331.926723  0.253578
331.946722  0.252644
331.966721  0.252511
331.986721  0.252778
332.006720  0.251977
332.026719  0.251977
332.046718  0.252244
332.066717  0.251443
332.086717  0.251376
332.106716  0.250842
332.126715  0.250776
332.146714  0.250642
332.166713  0.250709
332.186713  0.250175
332.206712  0.249908
332.226711  0.249575
332.246710  0.249708
332.266709  0.248974
332.286709  0.248974
332.306708  0.248373
332.326707  0.248774
332.346706  0.247973
332.366705  0.247973
332.386705  0.247439
332.406704  0.247239
332.426703  0.247172
332.446702  0.246638
332.466701  0.246171
332.486701  0.246839
332.506700  0.246772
332.526699  0.246438
332.546698  0.246572
332.566697  0.246105
332.586697  0.245771
332.606696  0.245304
332.626695  0.246238
332.646694  0.245704
332.666693  0.245170
332.686693  0.244236
332.706692  0.244236
332.726691  0.243902
332.746690  0.243369
332.766689  0.243369
332.786689  0.243902
332.806688  0.242568
332.826687  0.242434
332.846686  0.243102
332.866685  0.242635
332.886685  0.240833
332.906684  0.241634
332.926683  0.242635
332.946682  0.241834
332.966681  0.240966
332.986681  0.241834
333.006680  0.241767
333.026679  0.240366
333.046678  0.240433
333.066677  0.240366
333.086677  0.239832
333.106676  0.240032
333.126675  0.239098
333.146674  0.239165
333.166673  0.238564
333.186673  0.238497
333.206672  0.238564
333.226671  0.238497
333.246670  0.238698
333.266669  0.238297
333.286669  0.237697
333.306668  0.237763
333.326667  0.237563
333.346666  0.237029
333.366665  0.237029
333.386665  0.237029
333.406664  0.236696
333.426663  0.236162
333.446662  0.235962
333.466661  0.235695
333.486661  0.235761
333.506660  0.235228
333.526659  0.235094
333.546658  0.234894
333.566657  0.234894
333.586657  0.234293
333.606656  0.234293
333.626655  0.234227
333.646654  0.234360
333.666653  0.233493
333.686653  0.233426
333.706652  0.233025
333.726651  0.232825
333.746650  0.232692
333.766649  0.232492
333.786649  0.232091
333.806648  0.232158
333.826647  0.232425
333.846646  0.231758
333.866645  0.231691
333.886645  0.231157
333.906644  0.231024
333.926643  0.231157
333.946642  0.230690
333.966641  0.230423
333.986641  0.230423
334.006640  0.230223
334.026639  0.229822
334.046638  0.229756
334.066637  0.229555
334.086637  0.229689
334.106636  0.229155
334.126635  0.228888
334.146634  0.228755
334.166633  0.228221
334.186633  0.228421
334.206632  0.227954
334.226631  0.227687
334.246630  0.227554
334.266629  0.227220
334.286629  0.227153
334.306628  0.227086
334.326627  0.226619
334.346626  0.226553
334.366625  0.226419
334.386625  0.226085
334.406624  0.225685
334.426623  0.225819
334.446622  0.225351
334.466621  0.225485
334.486621  0.225085
334.506620  0.224951
334.526619  0.224751
334.546618  0.224551
334.566617  0.224217
334.586617  0.224150
334.606616  0.224084
334.626615  0.223950
334.646614  0.223483
334.666613  0.223216
334.686613  0.223149
334.706612  0.222882
334.726611  0.222749
334.746610  0.222282
334.766609  0.222215
334.786609  0.222082
334.806608  0.221815
334.826607  0.221481
334.846606  0.221548
334.866605  0.221081
334.886605  0.221081
334.906604  0.220680
334.926603  0.220547
334.946602  0.220413
334.966601  0.220280
334.986601  0.219880
335.006600  0.219946
335.026599  0.219613
335.046598  0.219479
335.066597  0.219346
335.086597  0.219412
335.106596  0.219146
335.126595  0.218945
335.146594  0.218879
335.166593  0.218879
335.186593  0.218612
335.206592  0.218612
335.226591  0.218345
335.246590  0.218278
335.266589  0.218145
335.286589  0.218145
335.306588  0.217811
335.326587  0.217744
335.346586  0.217611
335.366585  0.217411
335.386585  0.217344
335.406584  0.216877
335.426583  0.217010
335.446582  0.216943
335.466581  0.216677
335.486581  0.216743
335.506580  0.216343
335.526579  0.216410
335.546578  0.216209
335.566577  0.216209
335.586577  0.216209
335.606576  0.215676
335.626575  0.215942
335.646574  0.215742
335.666573  0.215609
335.686573  0.215208
335.706572  0.215208
335.726571  0.215142
335.746570  0.214675
335.766569  0.214741
335.786569  0.214741
335.806568  0.214541
335.826567  0.214541
335.846566  0.214274
335.866565  0.214007
335.886565  0.214208
335.906564  0.214007
335.926563  0.213740
335.946562  0.213674
335.966561  0.213540
335.986561  0.213340
336.006560  0.213273
336.026559  0.213340
336.046558  0.213006
336.066557  0.212873
336.086557  0.213006
336.106556  0.212406
336.126555  0.212406
336.146554  0.212272
336.166553  0.212139
336.186553  0.212139
336.206552  0.212072
336.226551  0.211738
336.246550  0.211672
336.266549  0.211672
336.286549  0.211605
336.306548  0.211071
336.326547  0.211271
336.346546  0.210938
336.366545  0.211071
336.386545  0.210871
336.406544  0.210604
336.426543  0.210404
336.446542  0.210337
336.466541  0.210204
336.486541  0.210137
336.506540  0.210070
336.526539  0.209870
336.546538  0.209803
336.566537  0.209670
336.586537  0.209670
336.606536  0.209937
336.626535  0.209269
336.646534  0.209136
336.666533  0.209003
336.686533  0.208936
336.706532  0.208869
336.726531  0.208202
336.746530  0.208268
336.766529  0.208335
336.786529  0.208669
336.806528  0.208135
336.826527  0.207935
336.846526  0.207801
336.866525  0.207801
336.886525  0.207668
336.906524  0.207601
336.926523  0.207134
336.946522  0.207067
336.966521  0.207134
336.986521  0.206734
337.006520  0.206867
337.026519  0.206600
337.046518  0.206467
337.066517  0.206667
337.086517  0.206400
337.106516  0.206066
337.126515  0.205799
337.146514  0.205866
337.166513  0.205866
337.186513  0.205533
337.206512  0.205466
337.226511  0.205466
337.246510  0.205199
337.266509  0.205199
337.286509  0.204999
337.306508  0.204932
337.326507  0.204799
337.346506  0.204799
337.366505  0.204732
337.386505  0.204465
337.406504  0.204265
337.426503  0.204131
337.446502  0.204131
337.466501  0.203931
337.486501  0.203798
337.506500  0.203931
337.526499  0.203264
337.546498  0.203531
337.566497  0.203330
337.586497  0.202930
337.606496  0.203064
337.626495  0.202863
337.646494  0.202730
337.666493  0.202530
337.686493  0.202396
337.706492  0.202530
337.726491  0.202530
337.746490  0.202063
337.766489  0.201996
337.786489  0.201996
337.806488  0.201929
337.826487  0.201595
337.846486  0.201462
337.866485  0.201529
337.886485  0.201062
337.906484  0.201128
337.926483  0.200995
337.946482  0.200995
337.966481  0.200795
337.986481  0.200528
338.006480  0.200661
338.026479  0.200728
338.046478  0.200194
338.066477  0.199927
338.086477  0.200127
338.106476  0.199860
338.126475  0.199794
338.146474  0.199660
338.166473  0.199594
338.186473  0.199527
338.206472  0.199327
338.226471  0.199193
338.246470  0.199126
338.266469  0.198926
338.286469  0.198526
338.306468  0.198793
338.326467  0.198659
338.346466  0.198259
338.366465  0.198125
338.386465  0.198259
338.406464  0.198059
338.426463  0.197792
338.446462  0.197592
338.466461  0.197458
338.486461  0.197525
338.506460  0.197458
338.526459  0.197325
338.546458  0.197191
338.566457  0.196991
338.586457  0.196924
338.606456  0.196791
338.626455  0.196457
338.646454  0.196524
338.666453  0.196324
338.686453  0.196391
338.706452  0.196257
338.726451  0.196057
338.746450  0.195990
338.766449  0.195857
338.786449  0.195656
338.806448  0.195656
338.826447  0.195390
338.846446  0.195189
338.866445  0.195189
338.886445  0.195123
338.906444  0.194856
338.926443  0.194656
338.946442  0.194589
338.966441  0.194722
338.986441  0.194455
339.006440  0.194322
339.026439  0.194188
339.046438  0.194122
339.066437  0.193921
339.086437  0.194055
339.106436  0.193655
339.126435  0.193454
339.146434  0.193454
339.166433  0.193388
339.186433  0.193254
339.206432  0.192987
339.226431  0.192987
339.246430  0.192987
339.266429  0.192854
339.286429  0.192854
339.306428  0.192320
339.326427  0.192253
339.346426  0.192453
339.366425  0.192053
339.386425  0.191920
339.406424  0.191653
339.426423  0.191786
339.446422  0.191653
339.466421  0.191719
339.486421  0.191452
339.506420  0.191386
339.526419  0.191252
339.546418  0.191319
339.566417  0.190785
339.586417  0.190718
339.606416  0.190518
339.626415  0.190718
339.646414  0.190518
339.666413  0.190385
339.686413  0.190185
339.706412  0.190051
339.726411  0.189984
339.746410  0.189784
339.766409  0.189651
339.786409  0.189451
339.806408  0.189517
339.826407  0.189317
339.846406  0.189250
339.866405  0.188850
339.886405  0.188983
339.906404  0.188850
339.926403  0.188717
339.946402  0.188650
339.966401  0.188650
339.986401  0.188516
340.006400  0.188383
340.026399  0.188049
340.046398  0.188183
340.066397  0.187916
340.086397  0.187582
340.106396  0.187649
340.126395  0.187582
340.146394  0.187515
340.166393  0.187382
340.186393  0.187382
340.206392  0.187115
340.226391  0.186982
340.246390  0.186848
340.266389  0.186648
340.286389  0.186648
340.306388  0.186514
340.326387  0.186114
340.346386  0.186381
340.366385  0.186047
340.386385  0.185914
340.406384  0.185780
340.426383  0.185847
340.446382  0.185780
340.466381  0.185513
340.486381  0.185313
340.506380  0.185247
340.526379  0.185046
340.546378  0.185046
340.566377  0.184779
340.586377  0.184980
340.606376  0.184846
340.626375  0.184513
340.646374  0.184579
340.666373  0.184112
340.686373  0.184179
340.706372  0.184246
340.726371  0.183845
340.746370  0.183845
340.766369  0.183712
340.786369  0.183645
340.806368  0.183578
340.826367  0.183445
340.846366  0.183311
340.866365  0.183111
340.886365  0.182911
340.906364  0.182978
340.926363  0.182978
340.946362  0.182644
340.966361  0.182444
340.986361  0.182577
341.006360  0.182244
341.026359  0.182110
341.046358  0.181843
341.066357  0.181843
341.086357  0.181843
341.106356  0.181777
341.126355  0.181843
341.146354  0.181576
341.166353  0.181443
341.186353  0.181243
341.206352  0.181109
341.226351  0.181176
341.246350  0.180976
341.266349  0.180642
341.286349  0.180709
341.306348  0.180642
341.326347  0.180442
341.346346  0.180375
341.366345  0.180309
341.386345  0.180042
341.406344  0.180175
341.426343  0.179975
341.446342  0.179908
341.466341  0.179708
341.486341  0.179574
341.506340  0.179107
341.526339  0.179308
341.546338  0.179241
341.566337  0.179107
341.586337  0.178907
341.606336  0.178840
341.626335  0.178774
341.646334  0.178507
341.666333  0.178507
341.686333  0.178440
341.706332  0.178373
341.726331  0.178106
341.746330  0.178040
341.766329  0.177839
341.786329  0.177773
341.806328  0.177773
341.826327  0.177573
341.846326  0.177506
341.866325  0.177372
341.886325  0.177306
341.906324  0.177172
341.926323  0.176972
341.946322  0.176972
341.966321  0.176572
341.986321  0.176772
342.006320  0.176572
342.026319  0.176438
342.046318  0.176371
342.066317  0.175971
342.086317  0.176171
342.106316  0.176105
342.126315  0.175704
342.146314  0.175838
342.166313  0.175704
342.186313  0.175504
342.206312  0.175437
342.226311  0.175304
342.246310  0.175304
342.266309  0.174903
342.286309  0.174970
342.306308  0.174837
342.326307  0.174703
342.346306  0.174636
342.366305  0.174636
342.386305  0.174503
342.406304  0.174236
342.426303  0.174236
342.446302  0.173836
342.466301  0.173836
342.486301  0.174036
342.506300  0.173836
342.526299  0.173635
342.546298  0.173502
342.566297  0.173435
342.586297  0.173035
342.606296  0.173435
342.626295  0.172835
342.646294  0.173035
342.666293  0.172968
342.686293  0.172501
342.706292  0.172635
342.726291  0.172501
342.746290  0.172368
342.766289  0.172101
342.786289  0.172034
342.806288  0.172101
342.826287  0.171967
342.846286  0.171834
342.866285  0.171834
342.886285  0.171567
342.906284  0.171300
342.926283  0.171367
342.946282  0.171300
342.966281  0.171166
342.986281  0.170966
343.006280  0.170966
343.026279  0.170900
343.046278  0.170633
343.066277  0.170566
343.086277  0.170232
343.106276  0.170499
343.126275  0.170099
343.146274  0.170165
343.166273  0.170032
343.186273  0.169965
343.206272  0.169765
343.226271  0.169632
343.246270  0.169565
343.266269  0.169698
343.286269  0.169298
343.306268  0.169431
343.326267  0.169165
343.346266  0.168898
343.366265  0.169031
343.386265  0.168898
343.406264  0.168697
343.426263  0.168764
343.446262  0.168364
343.466261  0.168364
343.486261  0.168230
343.506260  0.168431
343.526259  0.168297
343.546258  0.167830
343.566257  0.167830
343.586257  0.167830
343.606256  0.167696
343.626255  0.167430
343.646254  0.167363
343.666253  0.167229
343.686253  0.167163
343.706252  0.167163
343.726251  0.167096
343.746250  0.167029
343.766249  0.166696
343.786249  0.166696
343.806248  0.166429
343.826247  0.166362
343.846246  0.166362
343.866245  0.166362
343.886245  0.165828
343.906244  0.166095
343.926243  0.165761
343.946242  0.165628
343.966241  0.165695
343.986241  0.165361
344.006240  0.165494
344.026239  0.165361
344.046238  0.165227
344.066237  0.165227
344.086237  0.164894
344.106236  0.164760
344.126235  0.164894
344.146234  0.164894
344.166233  0.164627
344.186233  0.164493
344.206232  0.164360
344.226231  0.164093
344.246230  0.164093
344.266229  0.163893
344.286229  0.163893
344.306228  0.164093
344.326227  0.163826
344.346226  0.163559
344.366225  0.163359
344.386225  0.163359
344.406224  0.163292
344.426223  0.163159
344.446222  0.163159
344.466221  0.162892
344.486221  0.162825
344.506220  0.162758
344.526219  0.162758
344.546218  0.162692
344.566217  0.162158
344.586217  0.162425
344.606216  0.162625
344.626215  0.162091
344.646214  0.161958
344.666213  0.161891
344.686213  0.161824
344.706212  0.161757
344.726211  0.161624
344.746210  0.161557
344.766209  0.161290
344.786209  0.161424
344.806208  0.160957
344.826207  0.161090
344.846206  0.160890
344.866205  0.160757
344.886205  0.160890
344.906204  0.160690
344.926203  0.160623
344.946202  0.160356
344.966201  0.160356
344.986201  0.160223
345.006200  0.159956
345.026199  0.159889
345.046198  0.160022
345.066197  0.159956
345.086197  0.159822
345.106196  0.159756
345.126195  0.159622
345.146194  0.159889
345.166193  0.159622
345.186193  0.159489
345.206192  0.159288
345.226191  0.159222
345.246190  0.159155
345.266189  0.159088
345.286189  0.158955
345.306188  0.158821
345.326187  0.158821
345.346186  0.158688
345.366185  0.158688
345.386185  0.158621
345.406184  0.158488
345.426183  0.158488
345.446182  0.158488
345.466181  0.158087
345.486181  0.158154
345.506180  0.158021
345.526179  0.158154
345.546178  0.157754
345.566177  0.157754
345.586177  0.157754
345.606176  0.157754
345.626175  0.157420
345.646174  0.157687
345.666173  0.157287
345.686173  0.157353
345.706172  0.157420
345.726171  0.157086
345.746170  0.157287
345.766169  0.156953
345.786169  0.156819
345.806168  0.156953
345.826167  0.156686
345.846166  0.156619
345.866165  0.156286
345.886165  0.156419
345.906164  0.156352
345.926163  0.156286
345.946162  0.156219
345.966161  0.156219
345.986161  0.156152
346.006160  0.155885
346.026159  0.156152
346.046158  0.155818
346.066157  0.155685
346.086157  0.155818
346.106156  0.155685
346.126155  0.155685
346.146154  0.155485
346.166153  0.155151
346.186153  0.155084
346.206152  0.155151
346.226151  0.155151
346.246150  0.155018
346.266149  0.154551
346.286149  0.154684
346.306148  0.154684
346.326147  0.154684
346.346146  0.154684
346.366145  0.154484
346.386145  0.154617
346.406144  0.154284
346.426143  0.154484
346.446142  0.154150
346.466141  0.154217
346.486141  0.154150
346.506140  0.153950
346.526139  0.153817
346.546138  0.153683
346.566137  0.153817
346.586137  0.153416
346.606136  0.153416
346.626135  0.153550
346.646134  0.153349
346.666133  0.153216
346.686133  0.153216
346.706132  0.152949
346.726131  0.153149
346.746130  0.152882
346.766129  0.152682
346.786129  0.152615
346.806128  0.152749
346.826127  0.152482
346.846126  0.152682
346.866125  0.152415
346.886125  0.152348
346.906124  0.152348
346.926123  0.152282
346.946122  0.152015
346.966121  0.152148
346.986121  0.151948
347.006120  0.151681
347.026119  0.151748
347.046118  0.151548
347.066117  0.151748
347.086117  0.151748
347.106116  0.151481
347.126115  0.151348
347.146114  0.151348
347.166113  0.151281
347.186113  0.151147
347.206112  0.151014
347.226111  0.150947
347.246110  0.150880
347.266109  0.150747
347.286109  0.150614
347.306108  0.150614
347.326107  0.150614
347.346106  0.150680
347.366105  0.150347
347.386105  0.151881
347.406104  0.150080
347.426103  0.150080
347.446102  0.150146
347.466101  0.150146
347.486101  0.150080
347.506100  0.150013
347.526099  0.149813
347.546098  0.149746
347.566097  0.149946
347.586097  0.149479
347.606096  0.149412
347.626095  0.149212
347.646094  0.149145
347.666093  0.149145
347.686093  0.149012
347.706092  0.148945
347.726091  0.149212
347.746090  0.148878
347.766089  0.148812
347.786089  0.148945
347.806088  0.148411
347.826087  0.148345
347.846086  0.148411
347.866085  0.148278
347.886085  0.148144
347.906084  0.148078
347.926083  0.148078
347.946082  0.148078
347.966081  0.148078
347.986081  0.147677
348.006080  0.147677
348.026079  0.147477
348.046078  0.147944
348.066077  0.147277
348.086077  0.147410
348.106076  0.147544
348.126075  0.147277
348.146074  0.147077
348.166073  0.147144
348.186073  0.146810
348.206072  0.147077
348.226071  0.146877
348.246070  0.146877
348.266069  0.146743
348.286069  0.146610
348.306068  0.146409
348.326067  0.146543
348.346066  0.146409
348.366065  0.146143
348.386065  0.146143
348.406064  0.146009
348.426063  0.145942
348.446062  0.146009
348.466061  0.145809
348.486061  0.145742
348.506060  0.145742
348.526059  0.145675
348.546058  0.145342
348.566057  0.145475
348.586057  0.145475
348.606056  0.145208
348.626055  0.145142
348.646054  0.145008
348.666053  0.144941
348.686053  0.145008
348.706052  0.144741
348.726051  0.144875
348.746050  0.144875
348.766049  0.144674
348.786049  0.144608
348.806048  0.144541
348.826047  0.144074
348.846046  0.144274
348.866045  0.144207
348.886045  0.144007
348.906044  0.144074
348.926043  0.144007
348.946042  0.143674
348.966041  0.143807
348.986041  0.143740
349.006040  0.143607
349.026039  0.143473
349.046038  0.143540
349.066037  0.143540
349.086037  0.142939
349.106036  0.143206
349.126035  0.143140
349.146034  0.142939
349.166033  0.143006
349.186033  0.142806
349.206032  0.142873
349.226031  0.142673
349.246030  0.142673
349.266029  0.142472
349.286029  0.142673
349.306028  0.142406
349.326027  0.142272
349.346026  0.142005
349.366025  0.142139
349.386025  0.142139
349.406024  0.142005
349.426023  0.141805
349.446022  0.141805
349.466021  0.141872
349.486021  0.141605
349.506020  0.141672
349.526019  0.141471
349.546018  0.141405
349.566017  0.141471
349.586017  0.141405
349.606016  0.141271
349.626015  0.141004
349.646014  0.140871
349.666013  0.141004
349.686013  0.140938
349.706012  0.140671
349.726011  0.140671
349.746010  0.140671
349.766009  0.140671
349.786009  0.139937
349.806008  0.140204
349.826007  0.140204
349.846006  0.140204
349.866005  0.140204
349.886005  0.140137
349.906004  0.139937
349.926003  0.139937
349.946002  0.139803
349.966001  0.139870
349.986001  0.139603
350.006000  0.139403
350.025999  0.139269
350.045998  0.139403
350.065997  0.139336
350.085997  0.139136
350.105996  0.139203
350.125995  0.139136
350.145994  0.138802
350.165993  0.138936
350.185993  0.138735
350.205992  0.138602
350.225991  0.138669
350.245990  0.138402
350.265989  0.138402
350.285989  0.138335
350.305988  0.138268
350.325987  0.138202
350.345986  0.138202
350.365985  0.138001
350.385985  0.137735
350.405984  0.138001
350.425983  0.137801
350.445982  0.137868
350.465981  0.137401
350.485981  0.137601
350.505980  0.137267
350.525979  0.137334
350.545978  0.137001
350.565977  0.137067
350.585977  0.137067
350.605976  0.137067
350.625975  0.136800
350.645974  0.136934
350.665973  0.136867
350.685973  0.136800
350.705972  0.136667
350.725971  0.136667
350.745970  0.136400
350.765969  0.136333
350.785969  0.136266
350.805968  0.136333
350.825967  0.136133
350.845966  0.136066
350.865965  0.135933
350.885965  0.136133
350.905964  0.135733
350.925963  0.135866
350.945962  0.135532
350.965961  0.135532
350.985961  0.135332
351.005960  0.135466
351.025959  0.135265
351.045958  0.135466
351.065957  0.135332
351.085957  0.134999
351.105956  0.134999
351.125955  0.134865
351.145954  0.134932
351.165953  0.134732
351.185953  0.134798
351.205952  0.134531
351.225951  0.134465
351.245950  0.134398
351.265949  0.134398
351.285949  0.134331
351.305948  0.134265
351.325947  0.134198
351.345946  0.133864
351.365945  0.133931
351.385945  0.133731
351.405944  0.133797
351.425943  0.133731
351.445942  0.133597
351.465941  0.133597
351.485941  0.133330
351.505940  0.133464
351.525939  0.133264
351.545938  0.133197
351.565937  0.133130
351.585937  0.133063
351.605936  0.132863
351.625935  0.132863
351.645934  0.132596
351.665933  0.132663
351.685933  0.132663
351.705932  0.132396
351.725931  0.132263
351.745930  0.132129
351.765929  0.132263
351.785929  0.132129
351.805928  0.131862
351.825927  0.132062
351.845926  0.131929
351.865925  0.132329
351.885925  0.131796
351.905924  0.131662
351.925923  0.131729
351.945922  0.131395
351.965921  0.131462
351.985921  0.131395
352.005920  0.131462
352.025919  0.131061
352.045918  0.130861
352.065917  0.130995
352.085917  0.130995
352.105916  0.130795
352.125915  0.130995
352.145914  0.130661
352.165913  0.130795
352.185913  0.130461
352.205912  0.130394
352.225911  0.130261
352.245910  0.130394
352.265909  0.130061
352.285909  0.130194
352.305908  0.129927
352.325907  0.129994
352.345906  0.129860
352.365905  0.129727
352.385905  0.129860
352.405904  0.129660
352.425903  0.129527
352.445902  0.129527
352.465901  0.129126
352.485901  0.129193
352.505900  0.129193
352.525899  0.129126
352.545898  0.129126
352.565897  0.128926
352.585897  0.128592
352.605896  0.128859
352.625895  0.128793
352.645894  0.128459
352.665893  0.128526
352.685893  0.128459
352.705892  0.128459
352.725891  0.128392
352.745890  0.128326
352.765889  0.128125
352.785889  0.127992
352.805888  0.127858
352.825887  0.127925
352.845886  0.127792
352.865885  0.127591
352.885885  0.127658
352.905884  0.127591
352.925883  0.127458
352.945882  0.127391
352.965881  0.127191
352.985881  0.127124
353.005880  0.127058
353.025879  0.127058
353.045878  0.126924
353.065877  0.127058
353.085877  0.126791
353.105876  0.126657
353.125875  0.126657
353.145874  0.126591
353.165873  0.126657
353.185873  0.126324
353.205872  0.126324
353.225871  0.126190
353.245870  0.126057
353.265869  0.125923
353.285869  0.125857
353.305868  0.125923
353.325867  0.125923
353.345866  0.125456
353.365865  0.125790
353.385865  0.125456
353.405864  0.125590
353.425863  0.125256
353.445862  0.125323
353.465861  0.125256
353.485861  0.125256
353.505860  0.125056
353.525859  0.124989
353.545858  0.125056
353.565857  0.124856
353.585857  0.124722
353.605856  0.124655
353.625855  0.124455
353.645854  0.124388
353.665853  0.124455
353.685853  0.124589
353.705852  0.124322
353.725851  0.124188
353.745850  0.123988
353.765849  0.124055
353.785849  0.123855
353.805848  0.123788
353.825847  0.123588
353.845846  0.123521
353.865845  0.123721
353.885845  0.123788
353.905844  0.123387
353.925843  0.123187
353.945842  0.123187
353.965841  0.123187
353.985841  0.123121
354.005840  0.123054
354.025839  0.123054
354.045838  0.122787
354.065837  0.122787
354.085837  0.122787
354.105836  0.122653
354.125835  0.122520
354.145834  0.122520
354.165833  0.122320
354.185833  0.122253
354.205832  0.122320
354.225831  0.122053
354.245830  0.121986
354.265829  0.121919
354.285829  0.121786
354.305828  0.121786
354.325827  0.121652
354.345826  0.121719
354.365825  0.121519
354.385825  0.121452
354.405824  0.121319
354.425823  0.121252
354.445822  0.121252
354.465821  0.121252
354.485821  0.120985
354.505820  0.120918
354.525819  0.120852
354.545818  0.120718
354.565817  0.120852
354.585817  0.120652
354.605816  0.120585
354.625815  0.120518
354.645814  0.120451
354.665813  0.120051
354.685813  0.120251
354.705812  0.120118
354.725811  0.120318
354.745810  0.120051
354.765809  0.119984
354.785809  0.120118
354.805808  0.119784
354.825807  0.119450
354.845806  0.119517
354.865805  0.119450
354.885805  0.119317
354.905804  0.119250
354.925803  0.119317
354.945802  0.119183
354.965801  0.119050
354.985801  0.118983
355.005800  0.119117
355.025799  0.118983
355.045798  0.118850
355.065797  0.118716
355.085797  0.118516
355.105796  0.118583
355.125795  0.118583
355.145794  0.118249
355.165793  0.118183
355.185793  0.118183
355.205792  0.118049
355.225791  0.117916
355.245790  0.117916
355.265789  0.118049
355.285789  0.117782
355.305788  0.117649
355.325787  0.117649
355.345786  0.117649
355.365785  0.117248
355.385785  0.117448
355.405784  0.117315
355.425783  0.117115
355.445782  0.117182
355.465781  0.116981
355.485781  0.117115
355.505780  0.116915
355.525779  0.116781
355.545778  0.116714
355.565777  0.116648
355.585777  0.116514
355.605776  0.116514
355.625775  0.116381
355.645774  0.116247
355.665773  0.116247
355.685773  0.116114
355.705772  0.116114
355.725771  0.116047
355.745770  0.115914
355.765769  0.115380
355.785769  0.115780
355.805768  0.115780
355.825767  0.115447
355.845766  0.115313
355.865765  0.115447
355.885765  0.115246
355.905764  0.115246
355.925763  0.115046
355.945762  0.115246
355.965761  0.115046
355.985761  0.115046
356.005760  0.114713
356.025759  0.114512
356.045758  0.114713
356.065757  0.114379
356.085757  0.114512
356.105756  0.114245
356.125755  0.114512
356.145754  0.114312
356.165753  0.114245
356.185753  0.114245
356.205752  0.114112
356.225751  0.113845
356.245750  0.114045
356.265749  0.113845
356.285749  0.113645
356.305748  0.113511
356.325747  0.113578
356.345746  0.113511
356.365745  0.113578
356.385745  0.113378
356.405744  0.113244
356.425743  0.113378
356.445742  0.113111
356.465741  0.113111
356.485741  0.113111
356.505740  0.112711
356.525739  0.112711
356.545738  0.112777
356.565737  0.112577
356.585737  0.112577
356.605736  0.112510
356.625735  0.112177
356.645734  0.112444
356.665733  0.112243
356.685733  0.111910
356.705732  0.111910
356.725731  0.112043
356.745730  0.111910
356.765729  0.111643
356.785729  0.111710
356.805728  0.111576
356.825727  0.111576
356.845726  0.111509
356.865725  0.111443
356.885725  0.111309
356.905724  0.111309
356.925723  0.111243
356.945722  0.110909
356.965721  0.111042
356.985721  0.110775
357.005720  0.110842
357.025719  0.110909
357.045718  0.110642
357.065717  0.110442
357.085717  0.110375
357.105716  0.110509
357.125715  0.110442
357.145714  0.110175
357.165713  0.110108
357.185713  0.109908
357.205712  0.109975
357.225711  0.110041
357.245710  0.109774
357.265709  0.109307
357.285709  0.109508
357.305708  0.109641
357.325707  0.109641
357.345706  0.109241
357.365705  0.109241
357.385705  0.109307
357.405704  0.109307
357.425703  0.109107
357.445702  0.109107
357.465701  0.109107
357.485701  0.108974
357.505700  0.108707
357.525699  0.108840
357.545698  0.108640
357.565697  0.108640
357.585697  0.108440
357.605696  0.108440
357.625695  0.108306
357.645694  0.108306
357.665693  0.108173
357.685693  0.108106
357.705692  0.108039
357.725691  0.107906
357.745690  0.107639
357.765689  0.107906
357.785689  0.107639
357.805688  0.107773
357.825687  0.107506
357.845686  0.106972
357.865685  0.107439
357.885685  0.107439
357.905684  0.107172
357.925683  0.107105
357.945682  0.107105
357.965681  0.107105
357.985681  0.107039
358.005680  0.106772
358.025679  0.106705
358.045678  0.106505
358.065677  0.106772
358.085677  0.106638
358.105676  0.106438
358.125675  0.106304
358.145674  0.106171
358.165673  0.106304
358.185673  0.106171
358.205672  0.106104
358.225671  0.105837
358.245670  0.105837
358.265669  0.105904
358.285669  0.105771
358.305668  0.105570
358.325667  0.105437
358.345666  0.105437
358.365665  0.105637
358.385665  0.105370
358.405664  0.105170
358.425663  0.105103
358.445662  0.105103
358.465661  0.104970
358.485661  0.104903
358.505660  0.104770
358.525659  0.104770
358.545658  0.104770
358.565657  0.104636
358.585657  0.104569
358.605656  0.104303
358.625655  0.104236
358.645654  0.104236
358.665653  0.104303
358.685653  0.104236
358.705652  0.103902
358.725651  0.103969
358.745650  0.104036
358.765649  0.103635
358.785649  0.103569
358.805648  0.103769
358.825647  0.103502
358.845646  0.103635
358.865645  0.103368
358.885645  0.103168
358.905644  0.103235
358.925643  0.103235
358.945642  0.102835
358.965641  0.103101
358.985641  0.102968
359.005640  0.102968
359.025639  0.102901
359.045638  0.102901
359.065637  0.102634
359.085637  0.102768
359.105636  0.102301
359.125635  0.102367
359.145634  0.102501
359.165633  0.102234
359.185633  0.102034
359.205632  0.102301
359.225631  0.101967
359.245630  0.101900
359.265629  0.101900
359.285629  0.101633
359.305628  0.101500
359.325627  0.101767
359.345626  0.101500
359.365625  0.101433
359.385625  0.101366
359.405624  0.101567
359.425623  0.101366
359.445622  0.101100
359.465621  0.101033
359.485621  0.100899
359.505620  0.100833
359.525619  0.101033
359.545618  0.100899
359.565617  0.100766
359.585617  0.100632
359.605616  0.100499
359.625615  0.100499
359.645614  0.100499
359.665613  0.100232
359.685613  0.100165
359.705612  0.100032
359.725611  0.100232
359.745610  0.100099
359.765609  0.099698
359.785609  0.099832
359.805608  0.099832
359.825607  0.099765
359.845606  0.099565
359.865605  0.099365
359.885605  0.099631
359.905604  0.099565
359.925603  0.099298
359.945602  0.098964
359.965601  0.099031
359.985601  0.099098
360.005600  0.098897
360.025599  0.098764
360.045598  0.098764
360.065597  0.098764
360.085597  0.098764
360.105596  0.098497
360.125595  0.098430
360.145594  0.098163
360.165593  0.098430
360.185593  0.098230
360.205592  0.098297
360.225591  0.098030
360.245590  0.098030
360.265589  0.097896
360.285589  0.097963
360.305588  0.097830
360.325587  0.097696
360.345586  0.097563
360.365585  0.097696
360.385585  0.097496
360.405584  0.097429
360.425583  0.097162
360.445582  0.097229
360.465581  0.097096
360.485581  0.097096
360.505580  0.097029
360.525579  0.096829
360.545578  0.096762
360.565577  0.096895
360.585577  0.096762
360.605576  0.096495
360.625575  0.096428
360.645574  0.096695
360.665573  0.096362
360.685573  0.096295
360.705572  0.095895
360.725571  0.096095
360.745570  0.096095
360.765569  0.095895
360.785569  0.096095
360.805568  0.095628
360.825567  0.095895
360.845566  0.095694
360.865565  0.095561
360.885565  0.095561
360.905564  0.095427
360.925563  0.095427
360.945562  0.095361
360.965561  0.095227
360.985561  0.095160
361.005560  0.095027
361.025559  0.094960
361.045558  0.094960
361.065557  0.094827
361.085557  0.094760
361.105556  0.094760
361.125555  0.094760
361.145554  0.094560
361.165553  0.094560
361.185553  0.094293
361.205552  0.094226
361.225551  0.093959
361.245550  0.094226
361.265549  0.094026
361.285549  0.094026
361.305548  0.093959
361.325547  0.093893
361.345546  0.093626
361.365545  0.093759
361.385545  0.093692
361.405544  0.093626
361.425543  0.093492
361.445542  0.093492
361.465541  0.093359
361.485541  0.093292
361.505540  0.093025
361.525539  0.093225
361.545538  0.092892
361.565537  0.092892
361.585537  0.092691
361.605536  0.092825
361.625535  0.092691
361.645534  0.092625
361.665533  0.092358
361.685533  0.092425
361.705532  0.092291
361.725531  0.092291
361.745530  0.092291
361.765529  0.092158
361.785529  0.091957
361.805528  0.092091
361.825527  0.091957
361.845526  0.091957
361.865525  0.091891
361.885525  0.091757
361.905524  0.091557
361.925523  0.091624
361.945522  0.091490
361.965521  0.091557
361.985521  0.091490
362.005520  0.091023
362.025519  0.091223
362.045518  0.090756
362.065517  0.091557
362.085517  0.090956
362.105516  0.090756
362.125515  0.090823
362.145514  0.090690
362.165513  0.090489
362.185513  0.090489
362.205512  0.090289
362.225511  0.090289
362.245510  0.090156
362.265509  0.090089
362.285509  0.090156
362.305508  0.090222
362.325507  0.089889
362.345506  0.089956
362.365505  0.089822
362.385505  0.089689
362.405504  0.089622
362.425503  0.089488
362.445502  0.089422
362.465501  0.089622
362.485501  0.089221
362.505500  0.089155
362.525499  0.089155
362.545498  0.088955
362.565497  0.088955
362.585497  0.088888
362.605496  0.088888
362.625495  0.088688
362.645494  0.088554
362.665493  0.088421
362.685493  0.088487
362.705492  0.088421
362.725491  0.088087
362.745490  0.088287
362.765489  0.088154
362.785489  0.087887
362.805488  0.088020
362.825487  0.088020
362.845486  0.087887
362.865485  0.087620
362.885485  0.087753
362.905484  0.087687
362.925483  0.087353
362.945482  0.087286
362.965481  0.087086
362.985481  0.087220
363.005480  0.087220
363.025479  0.086953
363.045478  0.087086
363.065477  0.086953
363.085477  0.086819
363.105476  0.086752
363.125475  0.086686
363.145474  0.086486
363.165473  0.086552
363.185473  0.086285
363.205472  0.086352
363.225471  0.086285
363.245470  0.085952
363.265469  0.086018
363.285469  0.086085
363.305468  0.085952
363.325467  0.085751
363.345466  0.085885
363.365465  0.085818
363.385465  0.085618
363.405464  0.085485
363.425463  0.085485
363.445462  0.085351
363.465461  0.085151
363.485461  0.085151
363.505460  0.085017
363.525459  0.085017
363.545458  0.084951
363.565457  0.084817
363.585457  0.084684
363.605456  0.084884
363.625455  0.084550
363.645454  0.084484
363.665453  0.084684
363.685453  0.084417
363.705452  0.084283
363.725451  0.084283
363.745450  0.084150
363.765449  0.084484
363.785449  0.083883
363.805448  0.083750
363.825447  0.083483
363.845446  0.083750
363.865445  0.083549
363.885445  0.083683
363.905444  0.083483
363.925443  0.083549
363.945442  0.083282
363.965441  0.083282
363.985441  0.083149
364.005440  0.083149
364.025439  0.082949
364.045438  0.083016
364.065437  0.082882
364.085437  0.082615
364.105436  0.082815
364.125435  0.082615
364.145434  0.082682
364.165433  0.082482
364.185433  0.082482
364.205432  0.082215
364.225431  0.082282
364.245430  0.082148
364.265429  0.082148
364.285429  0.082015
364.305428  0.081881
364.325427  0.081681
364.345426  0.081681
364.365425  0.081814
364.385425  0.081681
364.405424  0.081681
364.425423  0.081347
364.445422  0.081281
364.465421  0.081347
364.485421  0.081147
364.505420  0.080947
364.525419  0.081080
364.545418  0.080947
364.565417  0.080880
364.585417  0.080880
364.605416  0.080680
364.625415  0.080480
364.645414  0.080747
364.665413  0.080480
364.685413  0.080213
364.705412  0.080547
364.725411  0.080346
364.745410  0.080213
364.765409  0.080213
364.785409  0.080013
364.805408  0.079546
364.825407  0.079946
364.845406  0.079879
364.865405  0.079679
364.885405  0.079679
364.905404  0.079679
364.925403  0.079479
364.945402  0.079145
364.965401  0.079546
364.985401  0.079279
365.005400  0.079212
365.025399  0.078945
365.045398  0.078878
365.065397  0.078678
365.085397  0.078812
365.105396  0.078878
365.125395  0.078611
365.145394  0.078678
365.165393  0.078411
365.185393  0.078545
365.205392  0.078478
365.225391  0.078278
365.245390  0.078411
365.265389  0.078211
365.285389  0.078077
365.305388  0.078011
365.325387  0.077811
365.345386  0.077744
365.365385  0.077744
365.385385  0.077677
365.405384  0.077544
365.425383  0.077544
365.445382  0.077677
365.465381  0.077410
365.485381  0.077210
365.505380  0.077210
365.525379  0.077210
365.545378  0.076943
365.565377  0.077010
365.585377  0.076810
365.605376  0.076876
365.625375  0.076676
365.645374  0.076543
365.665373  0.076409
365.685373  0.076609
365.705372  0.076409
365.725371  0.076409
365.745370  0.076009
365.765369  0.076142
365.785369  0.075942
365.805368  0.076076
365.825367  0.076076
365.845366  0.076076
365.865365  0.075742
365.885365  0.075875
365.905364  0.075475
365.925363  0.075342
365.945362  0.075408
365.965361  0.075408
365.985361  0.075275
366.005360  0.075275
366.025359  0.075208
366.045358  0.074941
366.065357  0.075008
366.085357  0.075075
366.105356  0.074941
366.125355  0.074741
366.145354  0.074741
366.165353  0.074741
366.185353  0.074674
366.205352  0.074541
366.225351  0.074474
366.245350  0.074274
366.265349  0.074407
366.285349  0.074074
366.305348  0.074207
366.325347  0.074341
366.345346  0.073873
366.365345  0.074207
366.385345  0.073940
366.405344  0.073607
366.425343  0.073673
366.445342  0.073673
366.465341  0.073473
366.485341  0.073340
366.505340  0.073340
366.525339  0.073473
366.545338  0.073206
366.565337  0.073206
366.585337  0.073073
366.605336  0.072873
366.625335  0.072939
366.645334  0.072606
366.665333  0.072739
366.685333  0.072672
366.705332  0.072539
366.725331  0.072472
366.745330  0.072472
366.765329  0.072472
366.785329  0.072205
366.805328  0.072205
366.825327  0.072072
366.845326  0.072072
366.865325  0.072072
366.885325  0.071938
366.905324  0.071872
366.925323  0.071738
366.945322  0.071538
366.965321  0.071605
366.985321  0.071538
367.005320  0.071404
367.025319  0.071338
367.045318  0.071271
367.065317  0.070937
367.085317  0.071271
367.105316  0.071071
367.125315  0.070937
367.145314  0.071004
367.165313  0.070804
367.185313  0.070537
367.205312  0.070670
367.225311  0.070670
367.245310  0.070737
367.265309  0.070403
367.285309  0.070403
367.305308  0.070337
367.325307  0.070403
367.345306  0.070203
367.365305  0.070070
367.385305  0.069936
367.405304  0.069669
367.425303  0.070003
367.445302  0.069870
367.465301  0.069870
367.485301  0.069603
367.505300  0.069603
367.525299  0.069736
367.545298  0.069536
367.565297  0.069403
367.585297  0.069202
367.605296  0.069202
367.625295  0.069269
367.645294  0.069069
367.665293  0.068935
367.685293  0.068802
367.705292  0.068869
367.725291  0.068668
367.745290  0.068735
367.765289  0.068402
367.785289  0.068335
367.805288  0.068468
367.825287  0.068402
367.845286  0.068402
367.865285  0.068468
367.885285  0.068135
367.905284  0.068135
367.925283  0.068201
367.945282  0.067868
367.965281  0.067801
367.985281  0.067801
368.005280  0.067801
368.025279  0.067534
368.045278  0.067668
368.065277  0.067467
368.085277  0.067267
368.105276  0.067401
368.125275  0.067467
368.145274  0.067000
368.165273  0.067067
368.185273  0.066933
368.205272  0.067134
368.225271  0.066933
368.245270  0.066800
368.265269  0.066667
368.285269  0.066667
368.305268  0.066733
368.325267  0.066333
368.345266  0.066400
368.365265  0.066600
368.385265  0.066600
368.405264  0.065999
368.425263  0.066133
368.445262  0.066066
368.465261  0.065999
368.485261  0.066199
368.505260  0.065799
368.525259  0.065933
368.545258  0.065732
368.565257  0.065866
368.585257  0.065532
368.605256  0.065465
368.625255  0.065332
368.645254  0.065332
368.665253  0.065532
368.685253  0.065199
368.705252  0.065132
368.725251  0.064865
368.745250  0.064865
368.765249  0.065199
368.785249  0.064731
368.805248  0.064865
368.825247  0.064665
368.845246  0.064598
368.865245  0.064798
368.885245  0.064464
368.905244  0.064398
368.925243  0.064398
368.945242  0.064198
368.965241  0.064264
368.985241  0.064264
369.005240  0.063931
369.025239  0.063797
369.045238  0.063931
369.065237  0.063997
369.085237  0.063797
369.105236  0.063597
369.125235  0.063530
369.145234  0.063530
369.165233  0.063464
369.185233  0.063530
369.205232  0.063197
369.225231  0.063197
369.245230  0.063130
369.265229  0.063130
369.285229  0.062996
369.305228  0.062863
369.325227  0.062996
369.345226  0.062996
369.365225  0.062796
369.385225  0.062463
369.405224  0.062663
369.425223  0.062529
369.445222  0.062596
369.465221  0.062463
369.485221  0.062062
369.505220  0.062129
369.525219  0.062329
369.545218  0.062196
369.565217  0.061929
369.585217  0.061862
369.605216  0.061862
369.625215  0.061862
369.645214  0.061862
369.665213  0.061662
369.685213  0.061729
369.705212  0.061528
369.725211  0.061462
369.745210  0.061528
369.765209  0.061195
369.785209  0.061128
369.805208  0.061395
369.825207  0.060994
369.845206  0.060994
369.865205  0.060794
369.885205  0.060794
369.905204  0.060861
369.925203  0.060794
369.945202  0.060794
369.965201  0.060728
369.985201  0.060527
370.005200  0.060594
370.025199  0.060461
370.045198  0.060327
370.065197  0.059994
370.085197  0.059994
370.105196  0.060194
370.125195  0.060327
370.145194  0.059860
370.165193  0.059860
370.185193  0.059994
370.205192  0.059927
370.225191  0.059727
370.245190  0.059460
370.265189  0.059460
370.285189  0.059526
370.305188  0.059526
370.325187  0.059393
370.345186  0.059059
370.365185  0.059126
370.385185  0.059193
370.405184  0.059059
370.425183  0.058926
370.445182  0.058993
370.465181  0.058926
370.485181  0.058792
370.505180  0.058726
370.525179  0.058659
370.545178  0.058525
370.565177  0.058659
370.585177  0.058459
370.605176  0.058392
370.625175  0.058192
370.645174  0.058058
370.665173  0.058125
370.685173  0.058325
370.705172  0.057992
370.725171  0.058125
370.745170  0.057858
370.765169  0.058058
370.785169  0.057858
370.805168  0.057725
370.825167  0.057658
370.845166  0.057391
370.865165  0.057458
370.885165  0.057458
370.905164  0.057324
370.925163  0.057391
370.945162  0.057258
370.965161  0.057124
370.985161  0.057191
371.005160  0.057124
371.025159  0.056857
371.045158  0.056790
371.065157  0.056724
371.085157  0.056524
371.105156  0.056590
371.125155  0.056657
371.145154  0.056524
371.165153  0.056590
371.185153  0.056123
371.205152  0.056323
371.225151  0.056390
371.245150  0.056257
371.265149  0.056123
371.285149  0.055990
371.305148  0.055856
371.325147  0.056056
371.345146  0.055856
371.365145  0.055456
371.385145  0.055656
371.405144  0.055589
371.425143  0.055656
371.445142  0.055389
371.465141  0.055589
371.485141  0.055189
371.505140  0.055256
371.525139  0.055256
371.545138  0.055055
371.565137  0.054922
371.585137  0.055189
371.605136  0.054989
371.625135  0.054922
371.645134  0.054789
371.665133  0.054855
371.685133  0.054722
371.705132  0.054588
371.725131  0.054522
371.745130  0.054789
371.765129  0.054388
371.785129  0.054255
371.805128  0.054188
371.825127  0.054121
371.845126  0.054188
371.865125  0.053988
371.885125  0.053988
371.905124  0.054054
371.925123  0.053654
371.945122  0.053721
371.965121  0.053788
371.985121  0.053854
372.005120  0.053454
372.025119  0.053654
372.045118  0.053521
372.065117  0.053587
372.085117  0.053320
372.105116  0.053187
372.125115  0.053454
372.145114  0.053120
372.165113  0.052987
372.185113  0.052987
372.205112  0.052920
372.225111  0.052787
372.245110  0.053054
372.265109  0.052653
372.285109  0.052720
372.305108  0.052520
372.325107  0.052586
372.345106  0.052586
372.365105  0.052386
372.385105  0.052053
372.405104  0.052119
372.425103  0.052186
372.445102  0.052053
372.465101  0.052186
372.485101  0.051986
372.505100  0.052320
372.525099  0.051852
372.545098  0.051719
372.565097  0.051585
372.585097  0.051585
372.605096  0.051519
372.625095  0.051452
372.645094  0.051319
372.665093  0.051452
372.685093  0.051252
372.705092  0.051185
372.725091  0.051185
372.745090  0.050985
372.765089  0.050985
372.785089  0.050985
372.805088  0.051052
372.825087  0.051052
372.845086  0.050718
372.865085  0.050585
372.885085  0.050518
372.905084  0.050451
372.925083  0.050451
372.945082  0.050451
372.965081  0.050318
372.985081  0.050318
373.005080  0.050318
373.025079  0.050051
373.045078  0.050184
373.065077  0.050184
373.085077  0.050051
373.105076  0.049917
373.125075  0.049850
373.145074  0.049717
373.165073  0.049784
373.185073  0.049717
373.205072  0.049717
373.225071  0.049450
373.245070  0.049383
373.265069  0.049450
373.285069  0.049450
373.305068  0.049183
373.325067  0.049250
373.345066  0.049183
373.365065  0.049250
373.385065  0.049250
373.405064  0.048850
373.425063  0.048916
373.445062  0.048916
373.465061  0.048649
373.485061  0.048583
373.505060  0.048583
373.525059  0.048516
373.545058  0.048516
373.565057  0.048583
373.585057  0.048316
373.605056  0.048516
373.625055  0.048115
373.645054  0.048182
373.665053  0.048049
373.685053  0.048049
373.705052  0.047982
373.725051  0.047982
373.745050  0.047915
373.765049  0.047849
373.785049  0.047782
373.805048  0.047715
373.825047  0.047648
373.845046  0.047582
373.865045  0.047515
373.885045  0.047248
373.905044  0.047248
373.925043  0.047315
373.945042  0.047181
373.965041  0.046981
373.985041  0.047048
374.005040  0.046981
374.025039  0.046981
374.045038  0.046914
374.065037  0.047048
374.085037  0.046647
374.105036  0.046781
374.125035  0.046581
374.145034  0.046514
374.165033  0.046380
374.185033  0.046447
374.205032  0.046380
374.225031  0.046314
374.245030  0.046180
374.265029  0.046180
374.285029  0.046114
374.305028  0.046114
374.325027  0.045980
374.345026  0.045913
374.365025  0.045913
374.385025  0.045646
374.405024  0.045513
374.425023  0.045646
374.445022  0.045580
374.465021  0.045446
374.485021  0.045513
374.505020  0.045380
374.525019  0.045113
374.545018  0.045246
374.565017  0.045380
374.585017  0.045313
374.605016  0.044979
374.625015  0.044846
374.645014  0.045046
374.665013  0.044779
374.685013  0.044912
374.705012  0.044579
374.725011  0.044579
374.745010  0.044579
374.765009  0.044512
374.785009  0.044579
374.805008  0.044579
374.825007  0.044445
374.845006  0.044312
374.865005  0.044312
374.885005  0.044178
374.905004  0.044045
374.925003  0.044045
374.945002  0.043978
374.965001  0.043978
374.985001  0.043845
375.005000  0.043845
375.024999  0.043778
375.044998  0.043778
375.064997  0.043578
375.084997  0.043578
375.104996  0.043378
375.124995  0.043444
375.144994  0.043378
375.164993  0.043244
375.184993  0.043244
375.204992  0.043177
375.224991  0.043311
375.244990  0.043177
375.264989  0.043044
375.284989  0.042844
375.304988  0.042977
375.324987  0.042777
375.344986  0.042844
375.364985  0.042510
375.384985  0.042644
375.404984  0.042510
375.424983  0.042377
375.444982  0.042443
375.464981  0.042310
375.484981  0.042310
375.504980  0.042377
375.524979  0.042243
375.544978  0.041976
375.564977  0.042176
375.584977  0.041976
375.604976  0.041843
375.624975  0.041709
375.644974  0.041910
375.664973  0.041910
375.684973  0.041709
375.704972  0.041643
375.724971  0.041376
375.744970  0.041376
375.764969  0.041442
375.784969  0.041376
375.804968  0.041242
375.824967  0.041309
375.844966  0.041176
375.864965  0.041242
375.884965  0.040909
375.904964  0.040975
375.924963  0.041042
375.944962  0.040708
375.964961  0.040909
375.984961  0.040708
376.004960  0.040775
376.024959  0.040508
376.044958  0.040375
376.064957  0.040441
376.084957  0.040508
376.104956  0.040375
376.124955  0.040375
376.144954  0.040575
376.164953  0.040241
376.184953  0.040175
376.204952  0.040308
376.224951  0.039974
376.244950  0.039974
376.264949  0.040041
376.284949  0.039841
376.304948  0.039507
376.324947  0.039908
376.344946  0.039574
376.364945  0.039507
376.384945  0.039374
376.404944  0.039574
376.424943  0.039107
376.444942  0.039307
376.464941  0.039307
376.484941  0.039240
376.504940  0.039307
376.524939  0.039040
376.544938  0.039174
376.564937  0.038973
376.584937  0.038973
376.604936  0.038907
376.624935  0.039040
376.644934  0.038973
376.664933  0.038773
376.684933  0.038506
376.704932  0.038640
376.724931  0.038506
376.744930  0.038573
376.764929  0.038373
376.784929  0.038373
376.804928  0.038239
376.824927  0.038373
376.844926  0.038239
376.864925  0.038173
376.884925  0.038039
376.904924  0.037906
376.924923  0.037906
376.944922  0.037706
376.964921  0.037839
376.984921  0.037706
377.004920  0.037772
377.024919  0.037839
377.044918  0.037439
377.064917  0.037505
377.084917  0.037572
377.104916  0.037372
377.124915  0.037372
377.144914  0.037172
377.164913  0.037305
377.184913  0.037238
377.204912  0.037038
377.224911  0.036838
377.244910  0.037105
377.264909  0.036905
377.284909  0.036905
377.304908  0.036771
377.324907  0.036771
377.344906  0.036438
377.364905  0.036705
377.384905  0.036638
377.404904  0.036571
377.424903  0.036171
377.444902  0.036304
377.464901  0.036371
377.484901  0.036237
377.504900  0.036237
377.524899  0.036037
377.544898  0.035971
377.564897  0.036104
377.584897  0.035971
377.604896  0.035704
377.624895  0.035971
377.644894  0.035837
377.664893  0.035837
377.684893  0.035704
377.704892  0.035704
377.724891  0.035637
377.744890  0.035637
377.764889  0.035503
377.784889  0.035503
377.804888  0.035303
377.824887  0.035303
377.844886  0.035170
377.864885  0.035236
377.884885  0.035036
377.904884  0.034836
377.924883  0.034903
377.944882  0.035036
377.964881  0.034836
377.984881  0.034636
378.004880  0.034703
378.024879  0.034769
378.044878  0.034769
378.064877  0.034836
378.084877  0.034636
378.104876  0.034436
378.124875  0.034369
378.144874  0.034236
378.164873  0.034302
378.184873  0.034169
378.204872  0.034236
378.224871  0.034369
378.244870  0.034169
378.264869  0.034035
378.284869  0.033969
378.304868  0.033902
378.324867  0.034035
378.344866  0.033768
378.364865  0.033768
378.384865  0.033568
378.404864  0.033568
378.424863  0.033702
378.444862  0.033435
378.464861  0.033435
378.484861  0.033368
378.504860  0.033235
378.524859  0.033235
378.544858  0.033435
378.564857  0.033101
378.584857  0.033034
378.604856  0.032901
378.624855  0.033034
378.644854  0.032901
378.664853  0.032901
378.684853  0.032701
378.704852  0.032767
378.724851  0.032767
378.744850  0.032634
378.764849  0.032501
378.784849  0.032567
378.804848  0.032501
378.824847  0.032234
378.844846  0.032367
378.864845  0.032300
378.884845  0.032100
378.904844  0.032300
378.924843  0.032300
378.944842  0.031967
378.964841  0.031967
378.984841  0.031967
379.004840  0.031833
379.024839  0.031833
379.044838  0.031566
379.064837  0.031633
379.084837  0.031700
379.104836  0.031633
379.124835  0.031233
379.144834  0.031433
379.164833  0.031366
379.184833  0.031433
379.204832  0.031166
379.224831  0.030966
379.244830  0.031233
379.264829  0.031099
379.284829  0.031032
379.304828  0.031032
379.324827  0.030899
379.344826  0.030899
379.364825  0.030766
379.384825  0.030899
379.404824  0.030699
379.424823  0.030632
379.444822  0.030499
379.464821  0.030632
379.484821  0.030565
379.504820  0.030632
379.524819  0.030499
379.544818  0.030565
379.564817  0.030365
379.584817  0.030298
379.604816  0.030232
379.624815  0.030098
379.644814  0.029898
379.664813  0.030165
379.684813  0.030031
379.704812  0.029898
379.724811  0.029898
379.744810  0.029698
379.764809  0.029965
379.784809  0.029765
379.804808  0.029564
379.824807  0.029498
379.844806  0.029498
379.864805  0.029297
379.884805  0.029431
379.904804  0.029297
379.924803  0.029231
379.944802  0.029431
379.964801  0.029364
379.984801  0.029097
380.004800  0.029231
380.024799  0.028964
380.044798  0.029164
380.064797  0.028964
380.084797  0.028897
380.104796  0.028764
380.124795  0.028830
380.144794  0.028697
380.164793  0.028697
380.184793  0.028563
380.204792  0.028363
380.224791  0.028497
380.244790  0.028297
380.264789  0.028563
380.284789  0.028297
380.304788  0.028096
380.324787  0.028163
380.344786  0.028096
380.364785  0.028030
380.384785  0.028096
380.404784  0.027963
380.424783  0.028030
380.444782  0.027829
380.464781  0.027896
380.484781  0.027562
380.504780  0.027763
380.524779  0.027562
380.544778  0.028163
380.564777  0.027496
380.584777  0.027429
380.604776  0.027362
380.624775  0.027296
380.644774  0.027362
380.664773  0.027229
380.684773  0.027095
380.704772  0.026895
380.724771  0.027095
380.744770  0.027229
380.764769  0.027029
380.784769  0.026895
380.804768  0.026828
380.824767  0.027029
380.844766  0.026695
380.864765  0.026628
380.884765  0.026628
380.904764  0.026495
380.924763  0.026628
380.944762  0.026628
380.964761  0.026295
380.984761  0.026361
381.004760  0.026361
381.024759  0.026228
381.044758  0.026228
381.064757  0.026228
381.084757  0.026094
381.104756  0.025894
381.124755  0.026028
381.144754  0.026028
381.164753  0.025961
381.184753  0.025761
381.204752  0.025827
381.224751  0.025827
381.244750  0.025761
381.264749  0.025561
381.284749  0.025627
381.304748  0.025561
381.324747  0.025160
381.344746  0.025360
381.364745  0.025694
381.384745  0.025093
381.404744  0.025294
381.424743  0.025160
381.444742  0.025093
381.464741  0.025027
381.484741  0.025294
381.504740  0.024893
381.524739  0.024960
381.544738  0.024960
381.564737  0.024960
381.584737  0.024760
381.604736  0.024760
381.624735  0.024760
381.644734  0.024626
381.664733  0.024693
381.684733  0.024626
381.704732  0.024293
381.724731  0.024293
381.744730  0.024560
381.764729  0.024493
381.784729  0.024226
381.804728  0.024226
381.824727  0.024159
381.844726  0.024226
381.864725  0.024159
381.884725  0.024026
381.904724  0.024026
381.924723  0.023959
381.944722  0.023826
381.964721  0.023759
381.984721  0.023759
382.004720  0.023625
382.024719  0.023692
382.044718  0.023559
382.064717  0.023559
382.084717  0.023559
382.104716  0.023425
382.124715  0.023425
382.144714  0.023292
382.164713  0.023225
382.184713  0.023225
382.204712  0.023092
382.224711  0.023025
382.244710  0.023025
382.264709  0.022958
382.284709  0.022958
382.304708  0.022958
382.324707  0.022691
382.344706  0.022891
382.364705  0.022624
382.384705  0.022624
382.404704  0.022691
382.424703  0.022691
382.444702  0.022758
382.464701  0.022624
382.484701  0.022291
382.504700  0.022424
382.524699  0.022558
382.544698  0.022491
382.564697  0.022424
382.584697  0.022157
382.604696  0.022091
382.624695  0.022091
382.644694  0.022157
382.664693  0.022024
382.684693  0.021957
382.704692  0.021690
382.724691  0.021890
382.744690  0.021824
382.764689  0.021890
382.784689  0.021757
382.804688  0.021623
382.824687  0.021557
382.844686  0.021690
382.864685  0.021490
382.884685  0.021690
382.904684  0.021423
382.924683  0.021223
382.944682  0.021156
382.964681  0.021156
382.984681  0.021223
383.004680  0.021156
383.024679  0.021090
383.044678  0.021023
383.064677  0.021156
383.084677  0.020889
383.104676  0.020956
383.124675  0.020489
383.144674  0.020889
383.164673  0.020823
383.184673  0.020823
383.204672  0.020689
383.224671  0.020422
383.244670  0.020356
383.264669  0.020489
383.284669  0.020356
383.304668  0.020489
383.324667  0.020422
383.344666  0.020089
383.364665  0.020155
383.384665  0.020155
383.404664  0.019888
383.424663  0.020022
383.444662  0.020089
383.464661  0.020022
383.484661  0.019955
383.504660  0.019888
383.524659  0.019822
383.544658  0.019822
383.564657  0.019555
383.584657  0.019822
383.604656  0.019555
383.624655  0.019421
383.644654  0.019488
383.664653  0.019421
383.684653  0.019488
383.704652  0.019488
383.724651  0.019088
383.744650  0.019221
383.764649  0.019221
383.784649  0.018954
383.804648  0.019021
383.824647  0.018954
383.844646  0.018887
383.864645  0.019021
383.884645  0.018954
383.904644  0.018887
383.924643  0.018954
383.944642  0.018687
383.964641  0.018687
383.984641  0.018687
384.004640  0.018621
384.024639  0.018420
384.044638  0.018420
384.064637  0.018420
384.084637  0.018420
384.104636  0.018487
384.124635  0.018287
384.144634  0.018220
384.164633  0.010012
384.184633  0.018153
384.204632  0.018020
384.224631  0.018020
384.244630  0.017887
384.264629  0.017953
384.284629  0.017820
384.304628  0.017753
384.324627  0.017620
384.344626  0.017620
384.364625  0.017486
384.384625  0.017753
384.404624  0.017486
384.424623  0.017419
384.444622  0.017419
384.464621  0.017419
384.484621  0.017219
384.504620  0.017486
384.524619  0.017219
384.544618  0.017353
384.564617  0.017152
384.584617  0.017086
384.604616  0.016752
384.624615  0.016886
384.644614  0.016952
384.664613  0.016952
384.684613  0.016886
384.704612  0.016819
384.724611  0.016819
384.744610  0.016552
384.764609  0.016552
384.784609  0.016485
384.804608  0.016685
384.824607  0.016485
384.844606  0.016552
384.864605  0.016352
384.884605  0.016418
384.904604  0.016418
384.924603  0.016485
384.944602  0.016285
384.964601  0.016218
384.984601  0.016152
385.004600  0.016018
385.024599  0.016018
385.044598  0.016018
385.064597  0.015818
385.084597  0.015885
385.104596  0.015885
385.124595  0.015684
385.144594  0.015551
385.164593  0.015684
385.184593  0.015751
385.204592  0.015618
385.224591  0.015618
385.244590  0.015284
385.264589  0.015484
385.284589  0.015551
385.304588  0.015484
385.324587  0.015351
385.344586  0.015484
385.364585  0.015217
385.384585  0.015151
385.404584  0.015017
385.424583  0.015017
385.444582  0.014950
385.464581  0.014950
385.484581  0.014817
385.504580  0.014884
385.524579  0.014817
385.544578  0.014750
385.564577  0.014683
385.584577  0.014683
385.604576  0.014617
385.624575  0.014550
385.644574  0.014417
385.664573  0.014283
385.684573  0.014350
385.704572  0.014216
385.724571  0.014083
385.744570  0.014216
385.764569  0.014216
385.784569  0.014150
385.804568  0.014150
385.824567  0.014083
385.844566  0.014016
385.864565  0.014150
385.884565  0.013816
385.904564  0.013883
385.924563  0.013816
385.944562  0.013616
385.964561  0.013749
385.984561  0.013549
386.004560  0.013683
386.024559  0.013616
386.044558  0.013549
386.064557  0.013616
386.084557  0.013149
386.104556  0.013349
386.124555  0.013215
386.144554  0.013282
386.164553  0.013149
386.184553  0.013149
386.204552  0.013282
386.224551  0.012948
386.244550  0.012948
386.264549  0.013015
386.284549  0.012882
386.304548  0.012815
386.324547  0.012548
386.344546  0.012815
386.364545  0.012748
386.384545  0.012615
386.404544  0.012682
386.424543  0.012682
386.444542  0.012615
386.464541  0.012481
386.484541  0.012481
386.504540  0.012415
386.524539  0.012481
386.544538  0.012214
386.564537  0.012214
386.584537  0.012081
386.604536  0.012014
386.624535  0.012148
386.644534  0.012214
386.664533  0.011814
386.684533  0.011881
386.704532  0.011881
386.724531  0.012014
386.744530  0.011881
386.764529  0.011814
386.784529  0.011747
386.804528  0.011681
386.824527  0.011814
386.844526  0.011547
386.864525  0.011414
386.884525  0.011347
386.904524  0.011414
386.924523  0.011414
386.944522  0.011213
386.964521  0.011414
386.984521  0.011147
387.004520  0.011147
387.024519  0.011080
387.044518  0.011013
387.064517  0.011147
387.084517  0.011013
387.104516  0.011013
387.124515  0.010947
387.144514  0.010613
387.164513  0.010613
387.184513  0.010680
387.204512  0.010680
387.224511  0.010680
387.244510  0.010680
387.264509  0.010613
387.284509  0.010479
387.304508  0.010613
387.324507  0.010346
387.344506  0.010346
387.364505  0.010012
387.384505  0.010279
387.404504  0.010146
387.424503  0.010213
387.444502  0.009879
387.464501  0.010079
387.484501  0.010012
387.504500  0.009946
387.524499  0.009879
387.544498  0.009679
387.564497  0.009812
387.584497  0.009745
387.604496  0.009545
387.624495  0.009679
387.644494  0.009478
387.664493  0.009545
387.684493  0.009412
387.704492  0.009412
387.724491  0.009412
387.744490  0.009345
387.764489  0.009478
387.784489  0.009345
387.804488  0.009212
387.824487  0.009212
387.844486  0.009212
387.864485  0.008744
387.884485  0.008945
387.904484  0.008811
387.924483  0.008878
387.944482  0.008878
387.964481  0.008878
387.984481  0.008678
388.004480  0.008811
388.024479  0.008411
388.044478  0.008611
388.064477  0.008611
388.084477  0.008544
388.104476  0.008277
388.124475  0.008478
388.144474  0.008344
388.164473  0.008478
388.184473  0.008211
388.204472  0.008010
388.224471  0.008211
388.244470  0.008211
388.264469  0.008077
388.284469  0.007944
388.304468  0.007743
388.324467  0.007877
388.344466  0.007944
388.364465  0.007810
388.384465  0.007743
388.404464  0.007610
388.424463  0.007677
388.444462  0.007610
388.464461  0.007677
388.484461  0.007477
388.504460  0.007410
388.524459  0.007410
388.544458  0.007477
388.564457  0.007410
388.584457  0.007143
388.604456  0.007009
388.624455  0.007210
388.644454  0.007009
388.664453  0.007143
388.684453  0.007009
388.704452  0.007076
388.724451  0.007009
388.744450  0.006876
388.764449  0.006943
388.784449  0.006876
388.804448  0.006743
388.824447  0.006676
388.844446  0.006676
388.864445  0.006609
388.884445  0.006542
388.904444  0.006676
388.924443  0.006476
388.944442  0.006409
388.964441  0.006275
388.984441  0.006142
389.004440  0.006275
389.024439  0.006142
389.044438  0.006209
389.064437  0.006209
389.084437  0.005942
389.104436  0.006142
389.124435  0.005808
389.144434  0.006075
389.164433  0.006008
389.184433  0.005875
389.204432  0.005808
389.224431  0.005742
389.244430  0.005942
389.264429  0.005608
389.284429  0.005541
389.304428  0.005541
389.324427  0.005408
389.344426  0.005475
389.364425  0.005341
389.384425  0.005408
389.404424  0.005408
389.424423  0.005341
389.444422  0.005141
389.464421  0.005208
389.484421  0.005141
389.504420  0.004941
389.524419  0.005008
389.544418  0.005141
389.564417  0.004741
389.584417  0.005008
389.604416  0.004807
389.624415  0.004741
389.644414  0.004807
389.664413  0.004741
389.684413  0.004741
389.704412  0.004874
389.724411  0.004540
389.744410  0.004407
389.764409  0.004407
389.784409  0.004540
389.804408  0.004140
389.824407  0.004273
389.844406  0.004273
389.864405  0.004140
389.884405  0.004140
389.904404  0.003806
389.924403  0.004073
389.944402  0.005074
389.964401  0.003740
389.984401  0.003940
390.004400  0.003940
390.024399  0.003740
390.044398  0.003740
390.064397  0.003873
390.084397  0.003806
390.104396  0.003473
390.124395  0.003406
390.144394  0.003539
390.164393  0.003673
390.184393  0.003473
390.204392  0.003339
390.224391  0.003339
390.244390  0.003339
390.264389  0.003339
390.284389  0.003339
390.304388  0.003006
390.324387  0.003273
390.344386  0.003139
390.364385  0.003072
390.384385  0.003206
390.404384  0.002805
390.424383  0.002805
390.444382  0.003006
390.464381  0.002672
390.484381  0.002872
390.504380  0.002605
390.524379  0.002405
390.544378  0.002605
390.564377  0.002472
390.584377  0.002405
390.604376  0.002405
390.624375  0.002472
390.644374  0.002338
390.664373  0.002272
390.684373  0.002205
390.704372  0.002272
390.724371  0.002272
390.744370  0.002071
390.764369  0.002071
390.784369  0.002138
390.804368  0.001938
390.824367  0.002005
390.844366  0.002071
390.864365  0.001938
390.884365  0.001804
390.904364  0.001671
390.924363  0.001738
390.944362  0.001671
390.964361  0.001604
390.984361  0.001604
391.004360  0.001404
391.024359  0.001404
391.044358  0.001137
391.064357  0.001604
391.084357  0.001404
391.104356  0.001204
391.124355  0.001137
391.144354  0.001271
391.164353  0.001204
391.184353  0.000870
391.204352  0.001004
391.224351  0.000937
391.244350  0.000737
391.264349  0.000870
391.284349  0.000803
391.304348  0.001004
391.324347  0.000737
391.344346  0.000670
391.364345  0.000803
391.384345  0.000603
391.404344  0.000670
391.424343  0.000403
391.444342  0.000336
391.464341  0.000403
391.484341  0.000270
391.504340  0.000403
391.524339  0.000270
391.544338  0.000270
391.564337  0.000203
391.584337  0.000069
391.604336  0.000203
391.624335  0.000069
391.644334  -0.000064
391.664333  -0.000131
391.684333  -0.000131
391.704332  -0.000197
391.724331  -0.000131
391.744330  -0.000331
391.764329  -0.000331
391.784329  -0.000464
391.804328  -0.000398
391.824327  -0.000464
391.844326  -0.000398
391.864325  -0.000665
391.884325  -0.000531
391.904324  -0.000531
391.924323  -0.000731
391.944322  -0.000798
391.964321  -0.000731
391.984321  -0.000865
392.004320  -0.000798
392.024319  -0.000798
392.044318  -0.000865
392.064317  -0.000932
392.084317  -0.000998
392.104316  -0.001132
392.124315  -0.001132
392.144314  -0.001265
392.164313  -0.001332
392.184313  -0.001265
392.204312  -0.001465
392.224311  -0.001465
392.244310  -0.001399
392.264309  -0.001399
392.284309  -0.001532
392.304308  -0.001799
392.324307  -0.001732
392.344306  -0.001732
392.364305  -0.001732
392.384305  -0.001599
392.404304  -0.001799
392.424303  -0.001732
392.444302  -0.001799
392.464301  -0.001866
392.484301  -0.002066
392.504300  -0.001932
392.524299  -0.002066
392.544298  -0.002066
392.564297  -0.002066
392.584297  -0.002066
392.604296  -0.002266
392.624295  -0.002199
392.644294  -0.002466
392.664293  -0.002333
392.684293  -0.002466
392.704292  -0.002466
392.724291  -0.002666
392.744290  -0.002400
392.764289  -0.002666
392.784289  -0.002533
392.804288  -0.002800
392.824287  -0.002666
392.844286  -0.002733
392.864285  -0.002733
392.884285  -0.002800
392.904284  -0.002933
392.924283  -0.003000
392.944282  -0.003067
392.964281  -0.003067
392.984281  -0.003000
393.004280  -0.003200
393.024279  -0.003200
393.044278  -0.003200
393.064277  -0.003267
393.084277  -0.003334
393.104276  -0.003334
393.124275  -0.003334
393.144274  -0.003601
393.164273  -0.003467
393.184273  -0.003801
393.204272  -0.003667
393.224271  -0.003667
393.244270  -0.003734
393.264269  -0.003667
393.284269  -0.003667
393.304268  -0.003934
393.324267  -0.003734
393.344266  -0.003801
393.364265  -0.004135
393.384265  -0.003934
393.404264  -0.004068
393.424263  -0.004135
393.444262  -0.004068
393.464261  -0.004335
393.484261  -0.004268
393.504260  -0.004268
393.524259  -0.004335
393.544258  -0.004401
393.564257  -0.004468
393.584257  -0.004602
393.604256  -0.004802
393.624255  -0.004602
393.644254  -0.004602
393.664253  -0.004602
393.684253  -0.004735
393.704252  -0.004668
393.724251  -0.004802
393.744250  -0.004668
393.764249  -0.004802
393.784249  -0.005069
393.804248  -0.004935
393.824247  -0.005002
393.844246  -0.005336
393.864245  -0.005069
393.884245  -0.005136
393.904244  -0.005069
393.924243  -0.005402
393.944242  -0.005336
393.964241  -0.005202
393.984241  -0.005336
394.004240  -0.005603
394.024239  -0.005536
394.044238  -0.005402
394.064237  -0.005669
394.084237  -0.006070
394.104236  -0.005736
394.124235  -0.005803
394.144234  -0.005736
394.164233  -0.005870
394.184233  -0.005803
394.204232  -0.005936
394.224231  -0.005870
394.244230  -0.005936
394.264229  -0.006070
394.284229  -0.006070
394.304228  -0.006337
394.324227  -0.005936
394.344226  -0.006203
394.364225  -0.006136
394.384225  -0.006270
394.404224  -0.006270
394.424223  -0.006403
394.444222  -0.006470
394.464221  -0.006337
394.484221  -0.006270
394.504220  -0.006604
394.524219  -0.006670
394.544218  -0.006737
394.564217  -0.006804
394.584217  -0.006804
394.604216  -0.006871
394.624215  -0.006804
394.644214  -0.006871
394.664213  -0.006670
394.684213  -0.006937
394.704212  -0.007004
394.724211  -0.007071
394.744210  -0.007004
394.764209  -0.007137
394.784209  -0.007204
394.804208  -0.007204
394.824207  -0.007338
394.844206  -0.007404
394.864205  -0.007338
394.884205  -0.007338
394.904204  -0.007538
394.924203  -0.007538
394.944202  -0.007471
394.964201  -0.007538
394.984201  -0.007738
395.004200  -0.007738
395.024199  -0.007871
395.044198  -0.007805
395.064197  -0.007671
395.084197  -0.007938
395.104196  -0.008072
395.124195  -0.007938
395.144194  -0.008072
395.164193  -0.008138
395.184193  -0.007938
395.204192  -0.008272
395.224191  -0.008138
395.244190  -0.008205
395.264189  -0.008339
395.284189  -0.008339
395.304188  -0.008539
395.324187  -0.008405
395.344186  -0.008272
395.364185  -0.008339
395.384185  -0.008672
395.404184  -0.008672
395.424183  -0.008606
395.444182  -0.008806
395.464181  -0.008672
395.484181  -0.008739
395.504180  -0.008606
395.524179  -0.008939
395.544178  -0.008939
395.564177  -0.008806
395.584177  -0.009006
395.604176  -0.008939
395.624175  -0.009073
395.644174  -0.009073
395.664173  -0.009139
395.684173  -0.009206
395.704172  -0.009139
395.724171  -0.009340
395.744170  -0.009406
395.764169  -0.009340
395.784169  -0.009406
395.804168  -0.009473
395.824167  -0.009473
395.844166  -0.009540
395.864165  -0.009807
395.884165  -0.009606
395.904164  -0.009807
395.924163  -0.009740
395.944162  -0.009740
395.964161  -0.009807
395.984161  -0.009873
396.004160  -0.010341
396.024159  -0.010007
396.044158  -0.009940
396.064157  -0.010074
396.084157  -0.010007
396.104156  -0.010074
396.124155  -0.010207
396.144154  -0.010140
396.164153  -0.010207
396.184153  -0.010274
396.204152  -0.010674
396.224151  -0.010407
396.244150  -0.010407
396.264149  -0.010541
396.284149  -0.010541
396.304148  -0.010607
396.324147  -0.010607
396.344146  -0.010741
396.364145  -0.010741
396.384145  -0.010674
396.404144  -0.010741
396.424143  -0.010874
396.444142  -0.010874
396.464141  -0.011075
396.484141  -0.010874
396.504140  -0.011008
396.524139  -0.011208
396.544138  -0.011141
396.564137  -0.011141
396.584137  -0.011008
396.604136  -0.011341
396.624135  -0.011208
396.644134  -0.011341
396.664133  -0.011341
396.684133  -0.011341
396.704132  -0.011141
396.724131  -0.011675
396.744130  -0.011675
396.764129  -0.011542
396.784129  -0.011809
396.804128  -0.011742
396.824127  -0.011742
396.844126  -0.011608
396.864125  -0.011809
396.884125  -0.011875
396.904124  -0.012009
396.924123  -0.011942
396.944122  -0.012076
396.964121  -0.012009
396.984121  -0.011942
397.004120  -0.012076
397.024119  -0.012076
397.044118  -0.012142
397.064117  -0.012209
397.084117  -0.012076
397.104116  -0.012342
397.124115  -0.012342
397.144114  -0.012409
397.164113  -0.012276
397.184113  -0.012409
397.204112  -0.012676
397.224111  -0.012810
397.244110  -0.012476
397.264109  -0.012810
397.284109  -0.012876
397.304108  -0.012810
397.324107  -0.013010
397.344106  -0.012810
397.364105  -0.012743
397.384105  -0.012810
397.404104  -0.012876
397.424103  -0.013076
397.444102  -0.013010
397.464101  -0.013143
397.484101  -0.013210
397.504100  -0.013277
397.524099  -0.013277
397.544098  -0.013210
397.564097  -0.013277
397.584097  -0.013410
397.604096  -0.013477
397.624095  -0.013277
397.644094  -0.013410
397.664093  -0.013610
397.684093  -0.013544
397.704092  -0.013677
397.724091  -0.013811
397.744090  -0.013677
397.764089  -0.013877
397.784089  -0.013744
397.804088  -0.013744
397.824087  -0.013877
397.844086  -0.013877
397.864085  -0.014077
397.884085  -0.014011
397.904084  -0.014077
397.924083  -0.013877
397.944082  -0.014278
397.964081  -0.014278
397.984081  -0.014278
398.004080  -0.014211
398.024079  -0.014278
398.044078  -0.014411
398.064077  -0.014478
398.084077  -0.014478
398.104076  -0.014478
398.124075  -0.014478
398.144074  -0.014678
398.164073  -0.014678
398.184073  -0.014678
398.204072  -0.014745
398.224071  -0.014811
398.244070  -0.014611
398.264069  -0.015012
398.284069  -0.014878
398.304068  -0.014811
398.324067  -0.014878
398.344066  -0.015212
398.364065  -0.015145
398.384065  -0.014945
398.404064  -0.015012
398.424063  -0.015145
398.444062  -0.015345
398.464061  -0.015412
398.484061  -0.015279
398.504060  -0.015279
398.524059  -0.015345
398.544058  -0.015412
398.564057  -0.015546
398.584057  -0.015412
398.604056  -0.015145
398.624055  -0.015746
398.644054  -0.015746
398.664053  -0.015746
398.684053  -0.015746
398.704052  -0.015812
398.724051  -0.015812
398.744050  -0.015812
398.764049  -0.015879
398.784049  -0.015812
398.804048  -0.015946
398.824047  -0.016013
398.844046  -0.016146
398.864045  -0.016146
398.884045  -0.016079
398.904044  -0.016079
398.924043  -0.016480
398.944042  -0.016346
398.964041  -0.016346
398.984041  -0.016280
399.004040  -0.016413
399.024039  -0.016413
399.044038  -0.016480
399.064037  -0.016346
399.084037  -0.016480
399.104036  -0.016880
399.124035  -0.016880
399.144034  -0.016613
399.164033  -0.016747
399.184033  -0.016747
399.204032  -0.016680
399.224031  -0.016947
399.244030  -0.016947
399.264029  -0.016947
399.284029  -0.017014
399.304028  -0.017080
399.324027  -0.017347
399.344026  -0.017080
399.364025  -0.017080
399.384025  -0.017281
399.404024  -0.017281
399.424023  -0.017147
399.444022  -0.017214
399.464021  -0.017214
399.484021  -0.017414
399.504020  -0.017347
399.524019  -0.017281
399.544018  -0.017547
399.564017  -0.017414
399.584017  -0.017681
399.604016  -0.017681
399.624015  -0.017814
399.644014  -0.017814
399.664013  -0.017748
399.684013  -0.017814
399.704012  -0.018015
399.724011  -0.017814
399.744010  -0.017681
399.764009  -0.018081
399.784009  -0.018081
399.804008  -0.018081
399.824007  -0.017881
399.844006  -0.017948
399.864005  -0.018281
399.884005  -0.018348
399.904004  -0.018015
399.924003  -0.018415
399.944002  -0.018682
399.964001  -0.018415
399.984001  -0.018749
400.004000  -0.018615
400.023999  -0.018482
400.043998  -0.018548
400.063997  -0.018615
400.083997  -0.018682
400.103996  -0.018215
400.123995  -0.018482
400.143994  -0.018682
400.163993  -0.018749
400.183993  -0.018949
400.203992  -0.018882
400.223991  -0.018815
400.243990  -0.018949
400.263989  -0.018949
400.283989  -0.019149
400.303988  -0.019016
400.323987  -0.018882
400.343986  -0.019216
400.363985  -0.019216
400.383985  -0.019082
400.403984  -0.019349
400.423983  -0.019149
400.443982  -0.019416
400.463981  -0.019416
400.483981  -0.019616
400.503980  -0.019483
400.523979  -0.019616
400.543978  -0.019616
400.563977  -0.019816
400.583977  -0.019549
400.603976  -0.019616
400.623975  -0.019883
400.643974  -0.019950
400.663973  -0.020016
400.683973  -0.019883
400.703972  -0.019883
400.723971  -0.019883
400.743970  -0.020016
400.763969  -0.020083
400.783969  -0.020217
400.803968  -0.019950
400.823967  -0.020217
400.843966  -0.020083
400.863965  -0.020283
400.883965  -0.020217
400.903964  -0.020417
400.923963  -0.020417
400.943962  -0.020417
400.963961  -0.020417
400.983961  -0.020417
401.003960  -0.020484
401.023959  -0.020550
401.043958  -0.020617
401.063957  -0.020684
401.083957  -0.020617
401.103956  -0.020817
401.123955  -0.020751
401.143954  -0.020884
401.163953  -0.020817
401.183953  -0.020751
401.203952  -0.020817
401.223951  -0.021017
401.243950  -0.020951
401.263949  -0.021017
401.283949  -0.021017
401.303948  -0.021351
401.323947  -0.021151
401.343946  -0.021284
401.363945  -0.021151
401.383945  -0.021418
401.403944  -0.021351
401.423943  -0.021351
401.443942  -0.021418
401.463941  -0.021418
401.483941  -0.021485
401.503940  -0.021551
401.523939  -0.021685
401.543938  -0.021618
401.563937  -0.021618
401.583937  -0.021551
401.603936  -0.021751
401.623935  -0.021751
401.643934  -0.021551
401.663933  -0.021818
401.683933  -0.021685
401.703932  -0.022018
401.723931  -0.022018
401.743930  -0.021751
401.763929  -0.022152
401.783929  -0.022219
401.803928  -0.022085
401.823927  -0.022018
401.843926  -0.022285
401.863925  -0.022085
401.883925  -0.022552
401.903924  -0.022552
401.923923  -0.022485
401.943922  -0.022352
401.963921  -0.022419
401.983921  -0.022686
402.003920  -0.022619
402.023919  -0.022485
402.043918  -0.022485
402.063917  -0.022619
402.083917  -0.022485
402.103916  -0.022752
402.123915  -0.022686
402.143914  -0.022686
402.163913  -0.022886
402.183913  -0.022953
402.203912  -0.022953
402.223911  -0.022886
402.243910  -0.023086
402.263909  -0.023086
402.283909  -0.023019
402.303908  -0.023220
402.323907  -0.023420
402.343906  -0.023086
402.363905  -0.023286
402.383905  -0.023353
402.403904  -0.023286
402.423903  -0.023486
402.443902  -0.023420
402.463901  -0.023553
402.483901  -0.023486
402.503900  -0.024087
402.523899  -0.023753
402.543898  -0.023620
402.563897  -0.023420
402.583897  -0.023753
402.603896  -0.023687
402.623895  -0.023687
402.643894  -0.023820
402.663893  -0.023820
402.683893  -0.023887
402.703892  -0.024020
402.723891  -0.023753
402.743890  -0.024154
402.763889  -0.024154
402.783889  -0.024087
402.803888  -0.023954
402.823887  -0.024220
402.843886  -0.024354
402.863885  -0.024287
402.883885  -0.024087
402.903884  -0.024354
402.923883  -0.024421
402.943882  -0.024487
402.963881  -0.024421
402.983881  -0.024487
403.003880  -0.024688
403.023879  -0.024554
403.043878  -0.024554
403.063877  -0.024621
403.083877  -0.024754
403.103876  -0.024821
403.123875  -0.024621
403.143874  -0.024754
403.163873  -0.024821
403.183873  -0.024754
403.203872  -0.025021
403.223871  -0.024821
403.243870  -0.025088
403.263869  -0.024888
403.283869  -0.024955
403.303868  -0.025021
403.323867  -0.025088
403.343866  -0.025155
403.363865  -0.025288
403.383865  -0.025021
403.403864  -0.025221
403.423863  -0.025422
403.443862  -0.025155
403.463861  -0.025288
403.483861  -0.025288
403.503860  -0.025555
403.523859  -0.025555
403.543858  -0.025555
403.563857  -0.025488
403.583857  -0.025622
403.603856  -0.025755
403.623855  -0.025755
403.643854  -0.025689
403.663853  -0.026089
403.683853  -0.025955
403.703852  -0.025822
403.723851  -0.025889
403.743850  -0.025755
403.763849  -0.025889
403.783849  -0.026089
403.803848  -0.025822
403.823847  -0.026089
403.843846  -0.026022
403.863845  -0.026089
403.883845  -0.026156
403.903844  -0.026356
403.923843  -0.026222
403.943842  -0.026156
403.963841  -0.026356
403.983841  -0.026556
404.003840  -0.026356
404.023839  -0.026556
404.043838  -0.026489
404.063837  -0.026756
404.083837  -0.026489
404.103836  -0.026556
404.123835  -0.026623
404.143834  -0.026623
404.163833  -0.026756
404.183833  -0.026956
404.203832  -0.026956
404.223831  -0.026756
404.243830  -0.026956
404.263829  -0.026890
404.283829  -0.027023
404.303828  -0.026756
404.323827  -0.026956
404.343826  -0.026956
404.363825  -0.027157
404.383825  -0.027157
404.403824  -0.027290
404.423823  -0.027223
404.443822  -0.027290
404.463821  -0.027157
404.483821  -0.027357
404.503820  -0.027557
404.523819  -0.027490
404.543818  -0.027357
404.563817  -0.027557
404.583817  -0.027557
404.603816  -0.027624
404.623815  -0.027757
404.643814  -0.027624
404.663813  -0.027757
404.683813  -0.027690
404.703812  -0.027757
404.723811  -0.027824
404.743810  -0.027824
404.763809  -0.027957
404.783809  -0.027624
404.803808  -0.027891
404.823807  -0.028024
404.843806  -0.027957
404.863805  -0.028024
404.883805  -0.028158
404.903804  -0.028091
404.923803  -0.028158
404.943802  -0.028291
404.963801  -0.028358
404.983801  -0.028491
405.003800  -0.028091
405.023799  -0.028625
405.043798  -0.028625
405.063797  -0.028491
405.083797  -0.028491
405.103796  -0.028625
405.123795  -0.028491
405.143794  -0.028558
405.163793  -0.028558
405.183793  -0.028558
405.203792  -0.028825
405.223791  -0.028691
405.243790  -0.028758
405.263789  -0.028958
405.283789  -0.028758
405.303788  -0.028892
405.323787  -0.028825
405.343786  -0.028958
405.363785  -0.029092
405.383785  -0.029025
405.403784  -0.029025
405.423783  -0.029225
405.443782  -0.029092
405.463781  -0.029092
405.483781  -0.029359
405.503780  -0.029292
405.523779  -0.029292
405.543778  -0.029359
405.563777  -0.029492
405.583777  -0.029626
405.603776  -0.029492
405.623775  -0.029492
405.643774  -0.029559
405.663773  -0.029626
405.683773  -0.029692
405.703772  -0.029759
405.723771  -0.029292
405.743770  -0.029893
405.763769  -0.029692
405.783769  -0.029826
405.803768  -0.029759
405.823767  -0.029826
405.843766  -0.029959
405.863765  -0.029826
405.883765  -0.029959
405.903764  -0.029893
405.923763  -0.030026
405.943762  -0.029893
405.963761  -0.030226
405.983761  -0.030226
406.003760  -0.030226
406.023759  -0.030093
406.043758  -0.030360
406.063757  -0.030226
406.083757  -0.030226
406.103756  -0.030493
406.123755  -0.030226
406.143754  -0.030360
406.163753  -0.030360
406.183753  -0.030627
406.203752  -0.030560
406.223751  -0.030760
406.243750  -0.030560
406.263749  -0.030627
406.283749  -0.030827
406.303748  -0.030627
406.323747  -0.030560
406.343746  -0.030827
406.363745  -0.030560
406.383745  -0.030894
406.403744  -0.031027
406.423743  -0.030827
406.443742  -0.030960
406.463741  -0.031094
406.483741  -0.030960
406.503740  -0.031160
406.523739  -0.030894
406.543738  -0.031094
406.563737  -0.031160
406.583737  -0.031294
406.603736  -0.031027
406.623735  -0.031294
406.643734  -0.031294
406.663733  -0.031294
406.683733  -0.031494
406.703732  -0.031427
406.723731  -0.031628
406.743730  -0.031427
406.763729  -0.031561
406.783729  -0.031694
406.803728  -0.031494
406.823727  -0.031427
406.843726  -0.031494
406.863725  -0.031761
406.883725  -0.031694
406.903724  -0.031694
406.923723  -0.031895
406.943722  -0.031895
406.963721  -0.031761
406.983721  -0.031895
407.003720  -0.031961
407.023719  -0.032095
407.043718  -0.032095
407.063717  -0.032161
407.083717  -0.032095
407.103716  -0.032095
407.123715  -0.032161
407.143714  -0.032228
407.163713  -0.032161
407.183713  -0.032228
407.203712  -0.032228
407.223711  -0.032428
407.243710  -0.032362
407.263709  -0.032428
407.283709  -0.032428
407.303708  -0.032362
407.323707  -0.032762
407.343706  -0.032562
407.363705  -0.032495
407.383705  -0.032629
407.403704  -0.032629
407.423703  -0.032762
407.443702  -0.032428
407.463701  -0.032629
407.483701  -0.032895
407.503700  -0.032895
407.523699  -0.032895
407.543698  -0.032695
407.563697  -0.032895
407.583697  -0.032962
407.603696  -0.033029
407.623695  -0.033029
407.643694  -0.033096
407.663693  -0.033029
407.683693  -0.033029
407.703692  -0.033229
407.723691  -0.033229
407.743690  -0.033096
407.763689  -0.033363
407.783689  -0.033429
407.803688  -0.033429
407.823687  -0.033363
407.843686  -0.033363
407.863685  -0.033429
407.883685  -0.033563
407.903684  -0.033630
407.923683  -0.033496
407.943682  -0.033563
407.963681  -0.033630
407.983681  -0.033630
408.003680  -0.033563
408.023679  -0.033763
408.043678  -0.033830
408.063677  -0.033830
408.083677  -0.034030
408.103676  -0.033496
408.123675  -0.033896
408.143674  -0.033896
408.163673  -0.034030
408.183673  -0.034163
408.203672  -0.034030
408.223671  -0.033963
408.243670  -0.034163
408.263669  -0.034297
408.283669  -0.034430
408.303668  -0.034230
408.323667  -0.034163
408.343666  -0.034163
408.363665  -0.034097
408.383665  -0.034097
408.403664  -0.034364
408.423663  -0.034230
408.443662  -0.034364
408.463661  -0.034430
408.483661  -0.034564
408.503660  -0.034564
408.523659  -0.034497
408.543658  -0.034630
408.563657  -0.034630
408.583657  -0.034630
408.603656  -0.034697
408.623655  -0.034697
408.643654  -0.034697
408.663653  -0.034764
408.683653  -0.034831
408.703652  -0.034831
408.723651  -0.034964
408.743650  -0.034897
408.763649  -0.034964
408.783649  -0.035098
408.803648  -0.035031
408.823647  -0.035098
408.843646  -0.035031
408.863645  -0.035031
408.883645  -0.035164
408.903644  -0.035498
408.923643  -0.035164
408.943642  -0.035431
408.963641  -0.035164
408.983641  -0.035298
409.003640  -0.035365
409.023639  -0.035498
409.043638  -0.035298
409.063637  -0.035365
409.083637  -0.035498
409.103636  -0.035431
409.123635  -0.035631
409.143634  -0.035698
409.163633  -0.035631
409.183633  -0.035565
409.203632  -0.035631
409.223631  -0.035765
409.243630  -0.035765
409.263629  -0.035832
409.283629  -0.035832
409.303628  -0.035898
409.323627  -0.035965
409.343626  -0.035832
409.363625  -0.035965
409.383625  -0.036032
409.403624  -0.035965
409.423623  -0.036032
409.443622  -0.036232
409.463621  -0.036099
409.483621  -0.036165
409.503620  -0.036165
409.523619  -0.036299
409.543618  -0.036299
409.563617  -0.036299
409.583617  -0.036299
409.603616  -0.036432
409.623615  -0.036365
409.643614  -0.036365
409.663613  -0.036365
409.683613  -0.036432
409.703612  -0.036632
409.723611  -0.036632
409.743610  -0.036299
409.763609  -0.036566
409.783609  -0.036566
409.803608  -0.036699
409.823607  -0.036766
409.843606  -0.036699
409.863605  -0.036833
409.883605  -0.036699
409.903604  -0.036833
409.923603  -0.037033
409.943602  -0.036833
409.963601  -0.036966
409.983601  -0.036966
410.003600  -0.037033
410.023599  -0.037100
410.043598  -0.036899
410.063597  -0.037033
410.083597  -0.037100
410.103596  -0.037233
410.123595  -0.037166
410.143594  -0.037300
410.163593  -0.037500
410.183593  -0.037166
410.203592  -0.037366
410.223591  -0.037433
410.243590  -0.037300
410.263589  -0.037366
410.283589  -0.037433
410.303588  -0.037700
410.323587  -0.037433
410.343586  -0.037633
410.363585  -0.037567
410.383585  -0.037767
410.403584  -0.037500
410.423583  -0.037567
410.443582  -0.037967
410.463581  -0.037834
410.483581  -0.037767
410.503580  -0.037767
410.523579  -0.037767
410.543578  -0.037834
410.563577  -0.037633
410.583577  -0.038100
410.603576  -0.037834
410.623575  -0.037900
410.643574  -0.037834
410.663573  -0.038167
410.683573  -0.038167
410.703572  -0.038034
410.723571  -0.038167
410.743570  -0.038367
410.763569  -0.038301
410.783569  -0.038167
410.803568  -0.038167
410.823567  -0.038234
410.843566  -0.038367
410.863565  -0.038301
410.883565  -0.038367
410.903564  -0.038568
410.923563  -0.038568
410.943562  -0.038501
410.963561  -0.038568
410.983561  -0.038501
411.003560  -0.038568
411.023559  -0.038768
411.043558  -0.038634
411.063557  -0.038768
411.083557  -0.038634
411.103556  -0.038835
411.123555  -0.038835
411.143554  -0.038901
411.163553  -0.038835
411.183553  -0.038901
411.203552  -0.038835
411.223551  -0.038968
411.243550  -0.038901
411.263549  -0.039101
411.283549  -0.038901
411.303548  -0.039101
411.323547  -0.039101
411.343546  -0.039368
411.363545  -0.039168
411.383545  -0.039101
411.403544  -0.039168
411.423543  -0.039235
411.443542  -0.039235
411.463541  -0.039302
411.483541  -0.039368
411.503540  -0.039368
411.523539  -0.039235
411.543538  -0.039435
411.563537  -0.039235
411.583537  -0.039435
411.603536  -0.039569
411.623535  -0.039502
411.643534  -0.039635
411.663533  -0.039635
411.683533  -0.039769
411.703532  -0.039769
411.723531  -0.039902
411.743530  -0.039769
411.763529  -0.039902
411.783529  -0.039702
411.803528  -0.039969
411.823527  -0.039902
411.843526  -0.040036
411.863525  -0.039969
411.883525  -0.039969
411.903524  -0.040236
411.923523  -0.040036
411.943522  -0.040169
411.963521  -0.040102
411.983521  -0.040102
412.003520  -0.040102
412.023519  -0.040102
412.043518  -0.040303
412.063517  -0.040169
412.083517  -0.040236
412.103516  -0.040503
412.123515  -0.040369
412.143514  -0.040369
412.163513  -0.040303
412.183513  -0.040303
412.203512  -0.040570
412.223511  -0.040369
412.243510  -0.040636
412.263509  -0.040636
412.283509  -0.040436
412.303508  -0.040570
412.323507  -0.040570
412.343506  -0.040903
412.363505  -0.040703
412.383505  -0.040770
412.403504  -0.040636
412.423503  -0.040970
412.443502  -0.040703
412.463501  -0.040836
412.483501  -0.040836
412.503500  -0.040836
412.523499  -0.040970
412.543498  -0.040970
412.563497  -0.041103
412.583497  -0.041037
412.603496  -0.040903
412.623495  -0.041103
412.643494  -0.041103
412.663493  -0.041170
412.683493  -0.041304
412.703492  -0.041304
412.723491  -0.041237
412.743490  -0.041237
412.763489  -0.041370
412.783489  -0.041304
412.803488  -0.041304
412.823487  -0.041437
412.843486  -0.041304
412.863485  -0.041637
412.883485  -0.041504
412.903484  -0.041370
412.923483  -0.041504
412.943482  -0.041570
412.963481  -0.041504
412.983481  -0.041837
413.003480  -0.041504
413.023479  -0.041837
413.043478  -0.041837
413.063477  -0.041570
413.083477  -0.041704
413.103476  -0.041771
413.123475  -0.041837
413.143474  -0.041971
413.163473  -0.041904
413.183473  -0.041904
413.203472  -0.041904
413.223471  -0.041971
413.243470  -0.042038
413.263469  -0.042038
413.283469  -0.042104
413.303468  -0.042171
413.323467  -0.042104
413.343466  -0.042238
413.363465  -0.042305
413.383465  -0.042305
413.403464  -0.042238
413.423463  -0.042238
413.443462  -0.042371
413.463461  -0.042238
413.483461  -0.042505
413.503460  -0.042371
413.523459  -0.042371
413.543458  -0.042438
413.563457  -0.042371
413.583457  -0.042505
413.603456  -0.042638
413.623455  -0.042438
413.643454  -0.042705
413.663453  -0.042705
413.683453  -0.042505
413.703452  -0.042972
413.723451  -0.042838
413.743450  -0.042705
413.763449  -0.042772
413.783449  -0.042772
413.803448  -0.042905
413.823447  -0.042772
413.843446  -0.042972
413.863445  -0.042905
413.883445  -0.042772
413.903444  -0.042972
413.923443  -0.043105
413.943442  -0.043105
413.963441  -0.042972
413.983441  -0.043172
414.003440  -0.043172
414.023439  -0.043039
414.043438  -0.043239
414.063437  -0.043239
414.083437  -0.043239
414.103436  -0.043239
414.123435  -0.043305
414.143434  -0.043372
414.163433  -0.043239
414.183433  -0.043305
414.203432  -0.043439
414.223431  -0.043439
414.243430  -0.043639
414.263429  -0.043439
414.283429  -0.043639
414.303428  -0.043572
414.323427  -0.043572
414.343426  -0.043572
414.363425  -0.043706
414.383425  -0.043706
414.403424  -0.043639
414.423423  -0.043639
414.443422  -0.043706
414.463421  -0.043773
414.483421  -0.043906
414.503420  -0.043706
414.523419  -0.043839
414.543418  -0.043839
414.563417  -0.043773
414.583417  -0.043906
414.603416  -0.043839
414.623415  -0.043839
414.643414  -0.044173
414.663413  -0.043973
414.683413  -0.044106
414.703412  -0.044106
414.723411  -0.044040
414.743410  -0.044106
414.763409  -0.044373
414.783409  -0.044373
414.803408  -0.044240
414.823407  -0.044240
414.843406  -0.044306
414.863405  -0.044373
414.883405  -0.044373
414.903404  -0.044507
414.923403  -0.044440
414.943402  -0.044507
414.963401  -0.044573
414.983401  -0.044507
415.003400  -0.044440
415.023399  -0.044440
415.043398  -0.044440
415.063397  -0.044573
415.083397  -0.044640
415.103396  -0.044707
415.123395  -0.044573
415.143394  -0.044974
415.163393  -0.044707
415.183393  -0.044774
415.203392  -0.045040
415.223391  -0.044774
415.243390  -0.044774
415.263389  -0.044707
415.283389  -0.044840
415.303388  -0.044907
415.323387  -0.044907
415.343386  -0.044840
415.363385  -0.044774
415.383385  -0.045107
415.403384  -0.045107
415.423383  -0.045174
415.443382  -0.045107
415.463381  -0.045174
415.483381  -0.045040
415.503380  -0.045174
415.523379  -0.045174
415.543378  -0.045574
415.563377  -0.045241
415.583377  -0.045241
415.603376  -0.045374
415.623375  -0.045374
415.643374  -0.045241
415.663373  -0.045374
415.683373  -0.045574
415.703372  -0.045374
415.723371  -0.045508
415.743370  -0.045641
415.763369  -0.045574
415.783369  -0.045574
415.803368  -0.045708
415.823367  -0.045775
415.843366  -0.045775
415.863365  -0.045574
415.883365  -0.045641
415.903364  -0.045708
415.923363  -0.045908
415.943362  -0.045708
415.963361  -0.045841
415.983361  -0.045641
416.003360  -0.045975
416.023359  -0.045908
416.043358  -0.045908
416.063357  -0.045841
416.083357  -0.045908
416.103356  -0.046108
416.123355  -0.045908
416.143354  -0.046175
416.163353  -0.046175
416.183353  -0.045975
416.203352  -0.046041
416.223351  -0.046242
416.243350  -0.045975
416.263349  -0.046175
416.283349  -0.046308
416.303348  -0.046308
416.323347  -0.046308
416.343346  -0.046308
416.363345  -0.046175
416.383345  -0.046375
416.403344  -0.046375
416.423343  -0.046442
416.443342  -0.046175
416.463341  -0.046375
416.483341  -0.046442
416.503340  -0.046642
416.523339  -0.046375
416.543338  -0.046509
416.563337  -0.046575
416.583337  -0.046375
416.603336  -0.046775
416.623335  -0.046308
416.643334  -0.046775
416.663333  -0.046709
416.683333  -0.046709
416.703332  -0.046909
416.723331  -0.046842
416.743330  -0.046775
416.763329  -0.046909
416.783329  -0.046976
416.803328  -0.046976
416.823327  -0.046909
416.843326  -0.046909
416.863325  -0.046842
416.883325  -0.047042
416.903324  -0.047176
416.923323  -0.047243
416.943322  -0.047109
416.963321  -0.047176
416.983321  -0.047309
417.003320  -0.047176
417.023319  -0.047243
417.043318  -0.047243
417.063317  -0.047243
417.083317  -0.047443
417.103316  -0.047176
417.123315  -0.047309
417.143314  -0.047309
417.163313  -0.047443
417.183313  -0.047243
417.203312  -0.047309
417.223311  -0.047376
417.243310  -0.047376
417.263309  -0.047576
417.283309  -0.047643
417.303308  -0.047576
417.323307  -0.047443
417.343306  -0.047710
417.363305  -0.047843
417.383305  -0.047710
417.403304  -0.047509
417.423303  -0.047576
417.443302  -0.047576
417.463301  -0.047643
417.483301  -0.047509
417.503300  -0.047977
417.523299  -0.047910
417.543298  -0.047910
417.563297  -0.048043
417.583297  -0.047710
417.603296  -0.047843
417.623295  -0.047910
417.643294  -0.048244
417.663293  -0.047977
417.683293  -0.048043
417.703292  -0.048043
417.723291  -0.048043
417.743290  -0.048244
417.763289  -0.047910
417.783289  -0.047977
417.803288  -0.048444
417.823287  -0.048244
417.843286  -0.048244
417.863285  -0.048377
417.883285  -0.048177
417.903284  -0.048510
417.923283  -0.048444
417.943282  -0.048444
417.963281  -0.048577
417.983281  -0.048377
418.003280  -0.048444
418.023279  -0.048377
418.043278  -0.048577
418.063277  -0.048577
418.083277  -0.048377
418.103276  -0.048310
418.123275  -0.048644
418.143274  -0.048577
418.163273  -0.048510
418.183273  -0.048444
418.203272  -0.048711
418.223271  -0.048711
418.243270  -0.048644
418.263269  -0.048577
418.283269  -0.048777
418.303268  -0.048644
418.323267  -0.048844
418.343266  -0.048978
418.363265  -0.048844
418.383265  -0.048777
418.403264  -0.049111
418.423263  -0.048978
418.443262  -0.048978
418.463261  -0.048777
418.483261  -0.049044
418.503260  -0.049178
418.523259  -0.049044
418.543258  -0.048978
418.563257  -0.049044
418.583257  -0.048978
418.603256  -0.049311
418.623255  -0.049244
418.643254  -0.049044
418.663253  -0.049378
418.683253  -0.049311
418.703252  -0.049445
418.723251  -0.049311
418.743250  -0.049445
418.763249  -0.049378
418.783249  -0.049378
418.803248  -0.049378
418.823247  -0.049378
418.843246  -0.049311
418.863245  -0.049511
418.883245  -0.049511
418.903244  -0.049712
418.923243  -0.049578
418.943242  -0.049378
418.963241  -0.049378
418.983241  -0.049578
419.003240  -0.049445
419.023239  -0.049578
419.043238  -0.049511
419.063237  -0.049712
419.083237  -0.049979
419.103236  -0.049712
419.123235  -0.049578
419.143234  -0.049511
419.163233  -0.049778
419.183233  -0.049845
419.203232  -0.049845
419.223231  -0.049511
419.243230  -0.049845
419.263229  -0.050045
419.283229  -0.049778
419.303228  -0.049645
419.323227  -0.049845
419.343226  -0.049979
419.363225  -0.050112
419.383225  -0.050112
419.403224  -0.050112
419.423223  -0.050112
419.443222  -0.049979
419.463221  -0.050112
419.483221  -0.050179
419.503220  -0.050179
419.523219  -0.050379
419.543218  -0.050179
419.563217  -0.050446
419.583217  -0.050245
419.603216  -0.050045
419.623215  -0.050512
419.643214  -0.050512
419.663213  -0.050245
419.683213  -0.050179
419.703212  -0.050245
419.723211  -0.050446
419.743210  -0.050512
419.763209  -0.050646
419.783209  -0.050579
419.803208  -0.050579
419.823207  -0.050446
419.843206  -0.050646
419.863205  -0.050512
419.883205  -0.050579
419.903204  -0.050579
419.923203  -0.050646
419.943202  -0.050646
419.963201  -0.050713
419.983201  -0.050713
420.003200  -0.050579
420.023199  -0.050846
420.043198  -0.050913
420.063197  -0.050713
420.083197  -0.050713
420.103196  -0.050913
420.123195  -0.050846
420.143194  -0.050846
420.163193  -0.050979
420.183193  -0.050913
420.203192  -0.050779
420.223191  -0.050913
420.243190  -0.050979
420.263189  -0.050979
420.283189  -0.050979
420.303188  -0.051113
420.323187  -0.051046
420.343186  -0.051113
420.363185  -0.051046
420.383185  -0.050979
420.403184  -0.051180
420.423183  -0.051313
420.443182  -0.051180
420.463181  -0.051180
420.483181  -0.051180
420.503180  -0.051246
420.523179  -0.051246
420.543178  -0.051313
420.563177  -0.051313
420.583177  -0.051246
420.603176  -0.051513
420.623175  -0.051447
420.643174  -0.051513
420.663173  -0.051513
420.683173  -0.051246
420.703172  -0.051580
420.723171  -0.051714
420.743170  -0.051447
420.763169  -0.051580
420.783169  -0.051447
420.803168  -0.051513
420.823167  -0.051580
420.843166  -0.051980
420.863165  -0.051647
420.883165  -0.051714
420.903164  -0.051580
420.923163  -0.051714
420.943162  -0.051714
420.963161  -0.051580
420.983161  -0.051780
421.003160  -0.051847
421.023159  -0.051980
421.043158  -0.051780
421.063157  -0.051914
421.083157  -0.051980
421.103156  -0.051980
421.123155  -0.051914
421.143154  -0.051780
421.163153  -0.052047
421.183153  -0.051980
421.203152  -0.052114
421.223151  -0.052047
421.243150  -0.051980
421.263149  -0.052114
421.283149  -0.052047
421.303148  -0.052181
421.323147  -0.052114
421.343146  -0.052114
421.363145  -0.051980
421.383145  -0.052114
421.403144  -0.052114
421.423143  -0.052381
421.443142  -0.052247
421.463141  -0.052247
421.483141  -0.052181
421.503140  -0.052381
421.523139  -0.052448
421.543138  -0.052448
421.563137  -0.052181
421.583137  -0.052314
421.603136  -0.052314
421.623135  -0.052448
421.643134  -0.052448
421.663133  -0.052581
421.683133  -0.052314
421.703132  -0.052514
421.723131  -0.052514
421.743130  -0.052581
421.763129  -0.052514
421.783129  -0.052581
421.803128  -0.052514
421.823127  -0.052448
421.843126  -0.052648
421.863125  -0.052915
421.883125  -0.052714
421.903124  -0.052648
421.923123  -0.052581
421.943122  -0.052714
421.963121  -0.052781
421.983121  -0.052848
422.003120  -0.052781
422.023119  -0.052648
422.043118  -0.052714
422.063117  -0.052981
422.083117  -0.053115
422.103116  -0.052714
422.123115  -0.052981
422.143114  -0.053048
422.163113  -0.052915
422.183113  -0.052915
422.203112  -0.053182
422.223111  -0.052848
422.243110  -0.053248
422.263109  -0.052981
422.283109  -0.053115
422.303108  -0.053115
422.323107  -0.053248
422.343106  -0.053182
422.363105  -0.053115
422.383105  -0.053182
422.403104  -0.053182
422.423103  -0.053248
422.443102  -0.053382
422.463101  -0.053382
422.483101  -0.053048
422.503100  -0.053248
422.523099  -0.053315
422.543098  -0.053182
422.563097  -0.053649
422.583097  -0.053315
422.603096  -0.053382
422.623095  -0.053582
422.643094  -0.053382
422.663093  -0.053449
422.683093  -0.053449
422.703092  -0.053515
422.723091  -0.053449
422.743090  -0.053715
422.763089  -0.053382
422.783089  -0.053582
422.803088  -0.053515
422.823087  -0.053715
422.843086  -0.053715
422.863085  -0.053449
422.883085  -0.053649
422.903084  -0.053849
422.923083  -0.053715
422.943082  -0.053849
422.963081  -0.053582
422.983081  -0.053849
423.003080  -0.053916
423.023079  -0.053649
423.043078  -0.053849
423.063077  -0.053715
423.083077  -0.053715
423.103076  -0.053916
423.123075  -0.053715
423.143074  -0.053849
423.163073  -0.053982
423.183073  -0.053916
423.203072  -0.054116
423.223071  -0.053916
423.243070  -0.053982
423.263069  -0.053916
423.283069  -0.054049
423.303068  -0.054116
423.323067  -0.054049
423.343066  -0.054049
423.363065  -0.054183
423.383065  -0.054116
423.403064  -0.053982
423.423063  -0.054183
423.443062  -0.054183
423.463061  -0.054116
423.483061  -0.054183
423.503060  -0.054383
423.523059  -0.054183
423.543058  -0.054316
423.563057  -0.054316
423.583057  -0.054383
423.603056  -0.054383
423.623055  -0.054383
423.643054  -0.054183
423.663053  -0.054449
423.683053  -0.054516
423.703052  -0.054383
423.723051  -0.054449
423.743050  -0.054650
423.763049  -0.054249
423.783049  -0.054449
423.803048  -0.054650
423.823047  -0.054516
423.843046  -0.054583
423.863045  -0.054583
423.883045  -0.054716
423.903044  -0.054516
423.923043  -0.054716
423.943042  -0.054783
423.963041  -0.054716
423.983041  -0.054783
424.003040  -0.054650
424.023039  -0.054516
424.043038  -0.054783
424.063037  -0.054850
424.083037  -0.054716
424.103036  -0.054850
424.123035  -0.054650
424.143034  -0.054983
424.163033  -0.055050
424.183033  -0.054650
424.203032  -0.054917
424.223031  -0.055117
424.243030  -0.054850
424.263029  -0.054983
424.283029  -0.054850
424.303028  -0.054983
424.323027  -0.055050
424.343026  -0.054783
424.363025  -0.055184
424.383025  -0.054783
424.403024  -0.055050
424.423023  -0.055050
424.443022  -0.055184
424.463021  -0.054983
424.483021  -0.055050
424.503020  -0.055050
424.523019  -0.055317
424.543018  -0.055117
424.563017  -0.055250
424.583017  -0.055184
424.603016  -0.055117
424.623015  -0.055250
424.643014  -0.055250
424.663013  -0.055250
424.683013  -0.055050
424.703012  -0.055250
424.723011  -0.055450
424.743010  -0.055450
424.763009  -0.055184
424.783009  -0.055317
424.803008  -0.055450
424.823007  -0.055384
424.843006  -0.055450
424.863005  -0.055384
424.883005  -0.055450
424.903004  -0.055384
424.923003  -0.055450
424.943002  -0.055317
424.963001  -0.055584
424.983001  -0.055517
425.003000  -0.055517
425.022999  -0.055517
425.042998  -0.055584
425.062997  -0.055651
425.082997  -0.055717
425.102996  -0.055517
425.122995  -0.055450
425.142994  -0.055584
425.162993  -0.055651
425.182993  -0.055717
425.202992  -0.055651
425.222991  -0.055584
425.242990  -0.055584
425.262989  -0.055851
425.282989  -0.055784
425.302988  -0.055717
425.322987  -0.055784
425.342986  -0.055918
425.362985  -0.055784
425.382985  -0.055784
425.402984  -0.055851
425.422983  -0.056184
425.442982  -0.055851
425.462981  -0.056118
425.482981  -0.055918
425.502980  -0.056051
425.522979  -0.055918
425.542978  -0.055984
425.562977  -0.056118
425.582977  -0.056051
425.602976  -0.056318
425.622975  -0.056051
425.642974  -0.056051
425.662973  -0.056118
425.682973  -0.056051
425.702972  -0.056118
425.722971  -0.056051
425.742970  -0.055984
425.762969  -0.056118
425.782969  -0.056385
425.802968  -0.056118
425.822967  -0.056051
425.842966  -0.056251
425.862965  -0.056118
425.882965  -0.056118
425.902964  -0.056118
425.922963  -0.056251
425.942962  -0.056251
425.962961  -0.056385
425.982961  -0.056251
426.002960  -0.056451
426.022959  -0.056184
426.042958  -0.056251
426.062957  -0.056251
426.082957  -0.056451
426.102956  -0.056585
426.122955  -0.056451
426.142954  -0.056385
426.162953  -0.056518
426.182953  -0.056385
426.202952  -0.056385
426.222951  -0.056385
426.242950  -0.056518
426.262949  -0.056652
426.282949  -0.056451
426.302948  -0.056518
426.322947  -0.056585
426.342946  -0.056785
426.362945  -0.056652
426.382945  -0.056451
426.402944  -0.056585
426.422943  -0.056585
426.442942  -0.056785
426.462941  -0.056652
426.482941  -0.056518
426.502940  -0.056585
426.522939  -0.056652
426.542938  -0.056652
426.562937  -0.056718
426.582937  -0.056919
426.602936  -0.056718
426.622935  -0.056852
426.642934  -0.056919
426.662933  -0.056718
426.682933  -0.056785
426.702932  -0.056852
426.722931  -0.056652
426.742930  -0.056852
426.762929  -0.056919
426.782929  -0.056985
426.802928  -0.056985
426.822927  -0.057052
426.842926  -0.056919
426.862925  -0.057052
426.882925  -0.057119
426.902924  -0.056919
426.922923  -0.056985
426.942922  -0.056985
426.962921  -0.056985
426.982921  -0.056985
427.002920  -0.057052
427.022919  -0.056985
427.042918  -0.057052
427.062917  -0.057052
427.082917  -0.057386
427.102916  -0.057119
427.122915  -0.057319
427.142914  -0.057252
427.162913  -0.057119
427.182913  -0.057052
427.202912  -0.057319
427.222911  -0.057319
427.242910  -0.057252
427.262909  -0.057252
427.282909  -0.057452
427.302908  -0.057386
427.322907  -0.057252
427.342906  -0.057119
427.362905  -0.057319
427.382905  -0.057319
427.402904  -0.057386
427.422903  -0.057185
427.442902  -0.057185
427.462901  -0.057452
427.482901  -0.057319
427.502900  -0.057252
427.522899  -0.057519
427.542898  -0.057519
427.562897  -0.057319
427.582897  -0.057519
427.602896  -0.057519
427.622895  -0.057519
427.642894  -0.057452
427.662893  -0.057319
427.682893  -0.057653
427.702892  -0.057386
427.722891  -0.057519
427.742890  -0.057519
427.762889  -0.057853
427.782889  -0.057586
427.802888  -0.057719
427.822887  -0.057586
427.842886  -0.057653
427.862885  -0.057452
427.882885  -0.057586
427.902884  -0.057519
427.922883  -0.057719
427.942882  -0.057653
427.962881  -0.057653
427.982881  -0.057653
428.002880  -0.057653
428.022879  -0.057653
428.042878  -0.057719
428.062877  -0.057919
428.082877  -0.057719
428.102876  -0.057786
428.122875  -0.057719
428.142874  -0.057853
428.162873  -0.057919
428.182873  -0.057653
428.202872  -0.057853
428.222871  -0.058053
428.242870  -0.057919
428.262869  -0.057986
428.282869  -0.057853
428.302868  -0.057853
428.322867  -0.057986
428.342866  -0.058120
428.362865  -0.057986
428.382865  -0.057919
428.402864  -0.057786
428.422863  -0.058053
428.442862  -0.058120
428.462861  -0.057919
428.482861  -0.057986
428.502860  -0.058120
428.522859  -0.058053
428.542858  -0.058320
428.562857  -0.058253
428.582857  -0.058053
428.602856  -0.058120
428.622855  -0.058120
428.642854  -0.058053
428.662853  -0.058120
428.682853  -0.058120
428.702852  -0.058253
428.722851  -0.058053
428.742850  -0.058120
428.762849  -0.057919
428.782849  -0.058120
428.802848  -0.058253
428.822847  -0.058320
428.842846  -0.058120
428.862845  -0.058053
428.882845  -0.058186
428.902844  -0.058453
428.922843  -0.058453
428.942842  -0.058253
428.962841  -0.058320
428.982841  -0.058387
429.002840  -0.058453
429.022839  -0.058186
429.042838  -0.058387
429.062837  -0.058387
429.082837  -0.058387
429.102836  -0.058387
429.122835  -0.058453
429.142834  -0.058186
429.162833  -0.058186
429.182833  -0.058387
429.202832  -0.058520
429.222831  -0.058387
429.242830  -0.058453
429.262829  -0.058520
429.282829  -0.058520
429.302828  -0.058720
429.322827  -0.058453
429.342826  -0.058520
429.362825  -0.058520
429.382825  -0.058720
429.402824  -0.058654
429.422823  -0.058720
429.442822  -0.058587
429.462821  -0.058654
429.482821  -0.058654
429.502820  -0.058720
429.522819  -0.058453
429.542818  -0.058787
429.562817  -0.058654
429.582817  -0.058854
429.602816  -0.058854
429.622815  -0.058453
429.642814  -0.058720
429.662813  -0.058854
429.682813  -0.058987
429.702812  -0.058654
429.722811  -0.058787
429.742810  -0.058787
429.762809  -0.058720
429.782809  -0.058720
429.802808  -0.058654
429.822807  -0.058787
429.842806  -0.058854
429.862805  -0.058920
429.882805  -0.058787
429.902804  -0.058787
429.922803  -0.058854
429.942802  -0.058787
429.962801  -0.058787
429.982801  -0.058787
430.002800  -0.058920
430.022799  -0.058920
430.042798  -0.058987
430.062797  -0.058987
430.082797  -0.058987
430.102796  -0.058920
430.122795  -0.058920
430.142794  -0.058920
430.162793  -0.059121
430.182793  -0.058987
430.202792  -0.058987
430.222791  -0.058920
430.242790  -0.059121
430.262789  -0.059054
430.282789  -0.058987
430.302788  -0.058920
430.322787  -0.059254
430.342786  -0.059121
430.362785  -0.058987
430.382785  -0.058920
430.402784  -0.059121
430.422783  -0.059054
430.442782  -0.059121
430.462781  -0.058787
430.482781  -0.059054
430.502780  -0.059054
430.522779  -0.059121
430.542778  -0.059054
430.562777  -0.059254
430.582777  -0.059054
430.602776  -0.059321
430.622775  -0.059187
430.642774  -0.059187
430.662773  -0.059187
430.682773  -0.059121
430.702772  -0.059187
430.722771  -0.059254
430.742770  -0.059321
430.762769  -0.059254
430.782769  -0.059254
430.802768  -0.059454
430.822767  -0.059454
430.842766  -0.059054
430.862765  -0.059187
430.882765  -0.059254
430.902764  -0.059588
430.922763  -0.059187
430.942762  -0.059388
430.962761  -0.059521
430.982761  -0.059321
431.002760  -0.059388
431.022759  -0.059388
431.042758  -0.059521
431.062757  -0.059521
431.082757  -0.059388
431.102756  -0.059454
431.122755  -0.059654
431.142754  -0.059521
431.162753  -0.059588
431.182753  -0.059321
431.202752  -0.059588
431.222751  -0.059521
431.242750  -0.059521
431.262749  -0.059588
431.282749  -0.059321
431.302748  -0.059521
431.322747  -0.059521
431.342746  -0.059521
431.362745  -0.059521
431.382745  -0.059721
431.402744  -0.059588
431.422743  -0.059788
431.442742  -0.059788
431.462741  -0.059521
431.482741  -0.059654
431.502740  -0.059588
431.522739  -0.059588
431.542738  -0.059654
431.562737  -0.059654
431.582737  -0.059721
431.602736  -0.059588
431.622735  -0.059588
431.642734  -0.059721
431.662733  -0.059721
431.682733  -0.059654
431.702732  -0.059454
431.722731  -0.059654
431.742730  -0.059721
431.762729  -0.059855
431.782729  -0.059654
431.802728  -0.059788
431.822727  -0.059721
431.842726  -0.059855
431.862725  -0.059788
431.882725  -0.059721
431.902724  -0.059855
431.922723  -0.059788
431.942722  -0.059788
431.962721  -0.059921
431.982721  -0.059855
432.002720  -0.059855
432.022719  -0.059988
432.042718  -0.059721
432.062717  -0.059988
432.082717  -0.059721
432.102716  -0.059988
432.122715  -0.059855
432.142714  -0.060055
432.162713  -0.059921
432.182713  -0.059855
432.202712  -0.059988
432.222711  -0.060055
432.242710  -0.059988
432.262709  -0.059788
432.282709  -0.059855
432.302708  -0.060122
432.322707  -0.060122
432.342706  -0.059855
432.362705  -0.059988
432.382705  -0.060055
432.402704  -0.059988
432.422703  -0.060122
432.442702  -0.060255
432.462701  -0.059921
432.482701  -0.060122
432.502700  -0.059988
432.522699  -0.059988
432.542698  -0.060055
432.562697  -0.060055
432.582697  -0.060389
432.602696  -0.060122
432.622695  -0.060055
432.642694  -0.060122
432.662693  -0.060055
432.682693  -0.060255
432.702692  -0.059921
432.722691  -0.060255
432.742690  -0.059988
432.762689  -0.060055
432.782689  -0.060122
432.802688  -0.060122
432.822687  -0.060122
432.842686  -0.060322
432.862685  -0.060255
432.882685  -0.060122
432.902684  -0.060188
432.922683  -0.060188
432.942682  -0.060122
432.962681  -0.060255
432.982681  -0.060055
433.002680  -0.060322
433.022679  -0.060255
433.042678  -0.060188
433.062677  -0.060188
433.082677  -0.060255
433.102676  -0.060188
433.122675  -0.060322
433.142674  -0.060255
433.162673  -0.060389
433.182673  -0.060188
433.202672  -0.060188
433.222671  -0.060322
433.242670  -0.060255
433.262669  -0.060255
433.282669  -0.060389
433.302668  -0.060322
433.322667  -0.060322
433.342666  -0.060389
433.362665  -0.060188
433.382665  -0.060522
433.402664  -0.060389
433.422663  -0.060655
433.442662  -0.060255
433.462661  -0.060389
433.482661  -0.060522
433.502660  -0.060389
433.522659  -0.060389
433.542658  -0.060522
433.562657  -0.060522
433.582657  -0.060655
433.602656  -0.060455
433.622655  -0.060389
433.642654  -0.060188
433.662653  -0.060389
433.682653  -0.060322
433.702652  -0.060455
433.722651  -0.060589
433.742650  -0.060389
433.762649  -0.060589
433.782649  -0.060389
433.802648  -0.060455
433.822647  -0.060389
433.842646  -0.060322
433.862645  -0.060655
433.882645  -0.060589
433.902644  -0.060322
433.922643  -0.060522
433.942642  -0.060322
433.962641  -0.060522
433.982641  -0.060522
434.002640  -0.060655
434.022639  -0.060322
434.042638  -0.060655
434.062637  -0.060455
434.082637  -0.060722
434.102636  -0.060522
434.122635  -0.060655
434.142634  -0.060655
434.162633  -0.060722
434.182633  -0.060655
434.202632  -0.060589
434.222631  -0.060789
434.242630  -0.060589
434.262629  -0.060722
434.282629  -0.060589
434.302628  -0.060722
434.322627  -0.060589
434.342626  -0.060589
434.362625  -0.060989
434.382625  -0.060722
434.402624  -0.060522
434.422623  -0.060522
434.442622  -0.060722
434.462621  -0.060722
434.482621  -0.060722
434.502620  -0.060789
434.522619  -0.060589
434.542618  -0.060789
434.562617  -0.060655
434.582617  -0.060789
434.602616  -0.060722
434.622615  -0.060789
434.642614  -0.060655
434.662613  -0.060655
434.682613  -0.060655
434.702612  -0.060789
434.722611  -0.060655
434.742610  -0.060789
434.762609  -0.060789
434.782609  -0.060789
434.802608  -0.060722
434.822607  -0.060789
434.842606  -0.060856
434.862605  -0.060856
434.882605  -0.060389
434.902604  -0.060655
434.922603  -0.060789
434.942602  -0.060722
434.962601  -0.060789
434.982601  -0.060789
435.002600  -0.060789
435.022599  -0.060989
435.042598  -0.060789
435.062597  -0.060856
435.082597  -0.060856
435.102596  -0.060655
435.122595  -0.061123
435.142594  -0.060789
435.162593  -0.060856
435.182593  -0.060789
435.202592  -0.060922
435.222591  -0.060922
435.242590  -0.061056
435.262589  -0.060722
435.282589  -0.061056
435.302588  -0.060922
435.322587  -0.060856
435.342586  -0.060922
435.362585  -0.060922
435.382585  -0.060856
435.402584  -0.060989
435.422583  -0.060922
435.442582  -0.060922
435.462581  -0.060922
435.482581  -0.060922
435.502580  -0.061056
435.522579  -0.060722
435.542578  -0.060856
435.562577  -0.060989
435.582577  -0.061056
435.602576  -0.061056
435.622575  -0.060922
435.642574  -0.060922
435.662573  -0.060989
435.682573  -0.061189
435.702572  -0.061123
435.722571  -0.060922
435.742570  -0.061056
435.762569  -0.060922
435.782569  -0.061123
435.802568  -0.060856
435.822567  -0.060989
435.842566  -0.060989
435.862565  -0.060922
435.882565  -0.061123
435.902564  -0.060989
435.922563  -0.060989
435.942562  -0.060989
435.962561  -0.060922
435.982561  -0.060856
436.002560  -0.061056
436.022559  -0.060989
436.042558  -0.061123
436.062557  -0.061189
436.082557  -0.061189
436.102556  -0.061123
436.122555  -0.061256
436.142554  -0.061123
436.162553  -0.060922
436.182553  -0.061123
436.202552  -0.061123
436.222551  -0.061189
436.242550  -0.061189
436.262549  -0.061056
436.282549  -0.061123
436.302548  -0.061323
436.322547  -0.061056
436.342546  -0.060856
436.362545  -0.061189
436.382545  -0.061256
436.402544  -0.061123
436.422543  -0.061123
436.442542  -0.061389
436.462541  -0.061123
436.482541  -0.061256
436.502540  -0.060989
436.522539  -0.061256
436.542538  -0.061123
436.562537  -0.061189
436.582537  -0.061056
436.602536  -0.061189
436.622535  -0.061256
436.642534  -0.061256
436.662533  -0.061123
436.682533  -0.061389
436.702532  -0.061123
436.722531  -0.061123
436.742530  -0.061256
436.762529  -0.061323
436.782529  -0.061189
436.802528  -0.061189
436.822527  -0.061056
436.842526  -0.061123
436.862525  -0.061323
436.882525  -0.061256
436.902524  -0.060989
436.922523  -0.061256
436.942522  -0.061389
436.962521  -0.061189
436.982521  -0.061123
437.002520  -0.061189
437.022519  -0.061189
437.042518  -0.061189
437.062517  -0.061256
437.082517  -0.061123
437.102516  -0.061189
437.122515  -0.061323
437.142514  -0.061256
437.162513  -0.061123
437.182513  -0.061389
437.202512  -0.061389
437.222511  -0.061189
437.242510  -0.061389
437.262509  -0.061189
437.282509  -0.061056
437.302508  -0.061323
437.322507  -0.061189
437.342506  -0.061256
437.362505  -0.061389
437.382505  -0.061056
437.402504  -0.061056
437.422503  -0.061323
437.442502  -0.061056
437.462501  -0.061189
437.482501  -0.061056
437.502500  -0.061256
437.522499  -0.061389
437.542498  -0.061590
437.562498  -0.061323
437.582497  -0.061189
437.602496  -0.061189
437.622495  -0.061590
437.642494  -0.061256
437.662494  -0.061256
437.682493  -0.061389
437.702492  -0.061189
437.722491  -0.061323
437.742490  -0.061189
437.762490  -0.061056
437.782489  -0.061189
437.802488  -0.061456
437.822487  -0.061456
437.842486  -0.061389
437.862486  -0.061189
437.882485  -0.061389
437.902484  -0.061456
437.922483  -0.061323
437.942482  -0.061389
437.962482  -0.061389
437.982481  -0.061256
438.002480  -0.061590
438.022479  -0.061590
438.042478  -0.061389
438.062478  -0.061123
438.082477  -0.061256
438.102476  -0.061590
438.122475  -0.061189
438.142474  -0.061256
438.162474  -0.061256
438.182473  -0.061456
438.202472  -0.061256
438.222471  -0.061256
438.242470  -0.061189
438.262470  -0.061389
438.282469  -0.061523
438.302468  -0.061389
438.322467  -0.061323
438.342466  -0.061323
438.362466  -0.061189
438.382465  -0.061523
438.402464  -0.061323
438.422463  -0.061323
438.442462  -0.061389
438.462462  -0.061056
438.482461  -0.061323
438.502460  -0.061389
438.522459  -0.061123
438.542458  -0.061323
438.562458  -0.061523
438.582457  -0.061456
438.602456  -0.061323
438.622455  -0.061456
438.642454  -0.061189
438.662454  -0.061523
438.682453  -0.061323
438.702452  -0.061256
438.722451  -0.061256
438.742450  -0.061256
438.762450  -0.061389
438.782449  -0.061389
438.802448  -0.061323
438.822447  -0.061389
438.842446  -0.061323
438.862446  -0.061389
438.882445  -0.061456
438.902444  -0.061189
438.922443  -0.061389
438.942442  -0.061456
438.962442  -0.061256
438.982441  -0.061323
439.002440  -0.061056
439.022439  -0.061389
439.042438  -0.061456
439.062438  -0.061323
439.082437  -0.061323
439.102436  -0.061189
439.122435  -0.061456
439.142434  -0.061590
439.162434  -0.061523
439.182433  -0.061323
439.202432  -0.061456
439.222431  -0.061323
439.242430  -0.061456
439.262430  -0.061389
439.282429  -0.061323
439.302428  -0.061123
439.322427  -0.061456
439.342426  -0.061256
439.362426  -0.061590
439.382425  -0.061456
439.402424  -0.061323
439.422423  -0.061389
439.442422  -0.061389
439.462422  -0.061389
439.482421  -0.061389
439.502420  -0.061189
439.522419  -0.061456
439.542418  -0.061523
439.562418  -0.061389
439.582417  -0.061323
439.602416  -0.061323
439.622415  -0.061389
439.642414  -0.061523
439.662414  -0.061323
439.682413  -0.061389
439.702412  -0.061123
439.722411  -0.061523
439.742410  -0.061523
439.762410  -0.061323
439.782409  -0.061256
439.802408  -0.061323
439.822407  -0.061590
439.842406  -0.061523
439.862406  -0.061189
439.882405  -0.061323
439.902404  -0.061456
439.922403  -0.061323
439.942402  -0.061256
439.962402  -0.061590
439.982401  -0.061389
440.002400  -0.061256
440.022399  -0.061323
440.042398  -0.061323
440.062398  -0.061256
440.082397  -0.061323
440.102396  -0.061256
440.122395  -0.061323
440.142394  -0.061389
440.162394  -0.061189
440.182393  -0.061389
440.202392  -0.061590
440.222391  -0.061456
440.242390  -0.061323
440.262390  -0.061256
440.282389  -0.061323
440.302388  -0.061323
440.322387  -0.061389
440.342386  -0.061256
440.362386  -0.061456
440.382385  -0.061389
440.402384  -0.061389
440.422383  -0.061256
440.442382  -0.061590
440.462382  -0.061323
440.482381  -0.061323
440.502380  -0.061389
440.522379  -0.061323
440.542378  -0.061389
440.562378  -0.061256
440.582377  -0.061256
440.602376  -0.061256
440.622375  -0.061323
440.642374  -0.061189
440.662374  -0.061523
440.682373  -0.061323
440.702372  -0.061189
440.722371  -0.061323
440.742370  -0.061523
440.762370  -0.061389
440.782369  -0.061323
440.802368  -0.061456
440.822367  -0.061323
440.842366  -0.061389
440.862366  -0.061389
440.882365  -0.061323
440.902364  -0.061123
440.922363  -0.061189
440.942362  -0.061389
440.962362  -0.061256
440.982361  -0.061323
441.002360  -0.061256
441.022359  -0.061323
441.042358  -0.061323
441.062358  -0.061256
441.082357  -0.061323
441.102356  -0.061456
441.122355  -0.061123
441.142354  -0.061189
441.162354  -0.061256
441.182353  -0.061256
441.202352  -0.061056
441.222351  -0.061189
441.242350  -0.061123
441.262350  -0.061323
441.282349  -0.061256
441.302348  -0.061189
441.322347  -0.061256
441.342346  -0.061256
441.362346  -0.061123
441.382345  -0.061456
441.402344  -0.061123
441.422343  -0.061123
441.442342  -0.061189
441.462342  -0.061189
441.482341  -0.061256
441.502340  -0.061389
441.522339  -0.061256
441.542338  -0.061123
441.562338  -0.061456
441.582337  -0.061189
441.602336  -0.061189
441.622335  -0.061189
441.642334  -0.061323
441.662334  -0.061123
441.682333  -0.061456
441.702332  -0.061256
441.722331  -0.061123
441.742330  -0.060922
441.762330  -0.061256
441.782329  -0.061256
441.802328  -0.061256
441.822327  -0.061189
441.842326  -0.061123
441.862326  -0.061189
441.882325  -0.061189
441.902324  -0.061189
441.922323  -0.061189
441.942322  -0.061056
441.962322  -0.061056
441.982321  -0.061056
442.002320  -0.061189
442.022319  -0.060989
442.042318  -0.061189
442.062318  -0.061189
442.082317  -0.061056
442.102316  -0.061123
442.122315  -0.061123
442.142314  -0.061123
442.162314  -0.061189
442.182313  -0.061256
442.202312  -0.061056
442.222311  -0.061189
442.242310  -0.061256
442.262310  -0.061056
442.282309  -0.061056
442.302308  -0.061189
442.322307  -0.061123
442.342306  -0.061189
442.362306  -0.061189
442.382305  -0.061323
442.402304  -0.060989
442.422303  -0.061189
442.442302  -0.061189
442.462302  -0.061189
442.482301  -0.060922
442.502300  -0.061056
442.522299  -0.061189
442.542298  -0.061056
442.562298  -0.061056
442.582297  -0.061056
442.602296  -0.061123
442.622295  -0.060922
442.642294  -0.060989
442.662294  -0.060989
442.682293  -0.061056
442.702292  -0.060989
442.722291  -0.060989
442.742290  -0.060856
442.762290  -0.061056
442.782289  -0.060856
442.802288  -0.060922
442.822287  -0.060989
442.842286  -0.060989
442.862286  -0.060789
442.882285  -0.060989
442.902284  -0.061056
442.922283  -0.060789
442.942282  -0.060989
442.962282  -0.061056
442.982281  -0.061123
443.002280  -0.061056
443.022279  -0.060922
443.042278  -0.061056
443.062278  -0.060789
443.082277  -0.060989
443.102276  -0.060856
443.122275  -0.061256
443.142274  -0.060922
443.162274  -0.060989
443.182273  -0.060922
443.202272  -0.060989
443.222271  -0.060922
443.242270  -0.060789
443.262270  -0.060856
443.282269  -0.060922
443.302268  -0.060922
443.322267  -0.060922
443.342266  -0.060789
443.362266  -0.060789
443.382265  -0.061189
443.402264  -0.060722
443.422263  -0.060922
443.442262  -0.060789
443.462262  -0.060922
443.482261  -0.060722
443.502260  -0.060856
443.522259  -0.060789
443.542258  -0.061056
443.562258  -0.060789
443.582257  -0.060856
443.602256  -0.061123
443.622255  -0.060789
443.642254  -0.060722
443.662254  -0.061056
443.682253  -0.060655
443.702252  -0.060722
443.722251  -0.060856
443.742250  -0.060722
443.762250  -0.060789
443.782249  -0.060856
443.802248  -0.060655
443.822247  -0.060789
443.842246  -0.060856
443.862246  -0.060589
443.882245  -0.060722
443.902244  -0.060789
443.922243  -0.060922
443.942242  -0.060789
443.962242  -0.060722
443.982241  -0.060722
444.002240  -0.060655
444.022239  -0.060655
444.042238  -0.060856
444.062238  -0.060856
444.082237  -0.060655
444.102236  -0.060522
444.122235  -0.060856
444.142234  -0.060789
444.162234  -0.060655
444.182233  -0.060522
444.202232  -0.060789
444.222231  -0.060722
444.242230  -0.060522
444.262230  -0.060722
444.282229  -0.060655
444.302228  -0.060922
444.322227  -0.060722
444.342226  -0.060522
444.362226  -0.060789
444.382225  -0.060522
444.402224  -0.060922
444.422223  -0.060655
444.442222  -0.060655
444.462222  -0.060655
444.482221  -0.060722
444.502220  -0.060589
444.522219  -0.060789
444.542218  -0.060522
444.562218  -0.060455
444.582217  -0.060522
444.602216  -0.060589
444.622215  -0.060589
444.642214  -0.060522
444.662214  -0.060722
444.682213  -0.060522
444.702212  -0.060522
444.722211  -0.060455
444.742210  -0.060255
444.762210  -0.060522
444.782209  -0.060389
444.802208  -0.060655
444.822207  -0.060589
444.842206  -0.060522
444.862206  -0.060589
444.882205  -0.060389
444.902204  -0.060589
444.922203  -0.060255
444.942202  -0.060389
444.962202  -0.060522
444.982201  -0.060455
445.002200  -0.060522
445.022199  -0.060655
445.042198  -0.060522
445.062198  -0.060589
445.082197  -0.060389
445.102196  -0.060389
445.122195  -0.060522
445.142194  -0.060255
445.162194  -0.060255
445.182193  -0.060255
445.202192  -0.060655
445.222191  -0.060389
445.242190  -0.060322
445.262190  -0.060255
445.282189  -0.060389
445.302188  -0.060188
445.322187  -0.060255
445.342186  -0.060455
445.362186  -0.060255
445.382185  -0.060255
445.402184  -0.060188
445.422183  -0.060455
445.442182  -0.060389
445.462182  -0.060055
445.482181  -0.060255
445.502180  -0.060122
445.522179  -0.059855
445.542178  -0.060255
445.562178  -0.060255
445.582177  -0.060122
445.602176  -0.060255
445.622175  -0.060255
445.642174  -0.060255
445.662174  -0.060255
445.682173  -0.060255
445.702172  -0.060188
445.722171  -0.060122
445.742170  -0.060255
445.762170  -0.060122
445.782169  -0.060055
445.802168  -0.060055
445.822167  -0.060122
445.842166  -0.060122
445.862166  -0.060188
445.882165  -0.060188
445.902164  -0.059921
445.922163  -0.060055
445.942162  -0.059988
445.962162  -0.060055
445.982161  -0.059988
446.002160  -0.059988
446.022159  -0.060188
446.042158  -0.060055
446.062158  -0.060122
446.082157  -0.060122
446.102156  -0.060188
446.122155  -0.060122
446.142154  -0.060055
446.162154  -0.059988
446.182153  -0.060122
446.202152  -0.059788
446.222151  -0.059988
446.242150  -0.060055
446.262150  -0.059988
446.282149  -0.059788
446.302148  -0.059988
446.322147  -0.060122
446.342146  -0.059788
446.362146  -0.059855
446.382145  -0.060055
446.402144  -0.059921
446.422143  -0.059855
446.442142  -0.059988
446.462142  -0.059654
446.482141  -0.059988
446.502140  -0.059988
446.522139  -0.059921
446.542138  -0.059788
446.562138  -0.059921
446.582137  -0.059788
446.602136  -0.059788
446.622135  -0.059855
446.642134  -0.059921
446.662134  -0.059788
446.682133  -0.059988
446.702132  -0.059855
446.722131  -0.059921
446.742130  -0.059721
446.762130  -0.059788
446.782129  -0.059855
446.802128  -0.059988
446.822127  -0.059855
446.842126  -0.059654
446.862126  -0.059788
446.882125  -0.059654
446.902124  -0.059721
446.922123  -0.059721
446.942122  -0.059788
446.962122  -0.059721
446.982121  -0.059855
447.002120  -0.059654
447.022119  -0.059654
447.042118  -0.059721
447.062118  -0.059654
447.082117  -0.059654
447.102116  -0.059588
447.122115  -0.059654
447.142114  -0.059654
447.162114  -0.059654
447.182113  -0.059855
447.202112  -0.059654
447.222111  -0.059454
447.242110  -0.059654
447.262110  -0.059654
447.282109  -0.059521
447.302108  -0.059521
447.322107  -0.059654
447.342106  -0.059654
447.362106  -0.059588
447.382105  -0.059454
447.402104  -0.059321
447.422103  -0.059588
447.442102  -0.059654
447.462102  -0.059521
447.482101  -0.059521
447.502100  -0.059321
447.522099  -0.059454
447.542098  -0.059321
447.562098  -0.059454
447.582097  -0.059254
447.602096  -0.059454
447.622095  -0.059521
447.642094  -0.059187
447.662094  -0.059454
447.682093  -0.059454
447.702092  -0.059454
447.722091  -0.059454
447.742090  -0.059321
447.762090  -0.059454
447.782089  -0.059454
447.802088  -0.059454
447.822087  -0.059388
447.842086  -0.059454
447.862086  -0.059388
447.882085  -0.059388
447.902084  -0.059054
447.922083  -0.059388
447.942082  -0.059254
447.962082  -0.059121
447.982081  -0.059321
448.002080  -0.059254
448.022079  -0.059321
448.042078  -0.059254
448.062078  -0.059054
448.082077  -0.059187
448.102076  -0.059121
448.122075  -0.059121
448.142074  -0.058987
448.162074  -0.059187
448.182073  -0.059054
448.202072  -0.059054
448.222071  -0.059187
448.242070  -0.059187
448.262070  -0.059187
448.282069  -0.059054
448.302068  -0.059187
448.322067  -0.059187
448.342066  -0.059054
448.362066  -0.058920
448.382065  -0.059054
448.402064  -0.059121
448.422063  -0.059054
448.442062  -0.058920
448.462062  -0.059121
448.482061  -0.059254
448.502060  -0.058987
448.522059  -0.058987
448.542058  -0.058920
448.562058  -0.058987
448.582057  -0.059054
448.602056  -0.058854
448.622055  -0.059121
448.642054  -0.058920
448.662054  -0.058787
448.682053  -0.058987
448.702052  -0.058854
448.722051  -0.058787
448.742050  -0.058787
448.762050  -0.058854
448.782049  -0.058920
448.802048  -0.058787
448.822047  -0.058787
448.842046  -0.058520
448.862046  -0.058854
448.882045  -0.059121
448.902044  -0.058854
448.922043  -0.058720
448.942042  -0.058654
448.962042  -0.058787
448.982041  -0.058854
449.002040  -0.059054
449.022039  -0.058654
449.042038  -0.058720
449.062038  -0.058854
449.082037  -0.058854
449.102036  -0.058587
449.122035  -0.058720
449.142034  -0.058787
449.162034  -0.058787
449.182033  -0.058520
449.202032  -0.058654
449.222031  -0.058520
449.242030  -0.058920
449.262030  -0.058987
449.282029  -0.058654
449.302028  -0.058654
449.322027  -0.058453
449.342026  -0.058520
449.362026  -0.058654
449.382025  -0.058453
449.402024  -0.058587
449.422023  -0.058587
449.442022  -0.058453
449.462022  -0.058520
449.482021  -0.058587
449.502020  -0.058587
449.522019  -0.058520
449.542018  -0.058520
449.562018  -0.058387
449.582017  -0.058320
449.602016  -0.058387
449.622015  -0.058453
449.642014  -0.058387
449.662014  -0.058587
449.682013  -0.058587
449.702012  -0.058453
449.722011  -0.058453
449.742010  -0.058387
449.762010  -0.058453
449.782009  -0.058453
449.802008  -0.058320
449.822007  -0.058453
449.842006  -0.058387
449.862006  -0.058253
449.882005  -0.058387
449.902004  -0.058387
449.922003  -0.058253
449.942002  -0.058253
449.962002  -0.058120
449.982001  -0.058320
450.002000  -0.058186
450.021999  -0.058253
450.041998  -0.058253
450.061998  -0.058186
450.081997  -0.058186
450.101996  -0.058120
450.121995  -0.058320
450.141994  -0.058186
450.161994  -0.058053
450.181993  -0.058186
450.201992  -0.058053
450.221991  -0.057986
450.241990  -0.058053
450.261990  -0.057853
450.281989  -0.058120
450.301988  -0.057986
450.321987  -0.058120
450.341986  -0.058053
450.361986  -0.058120
450.381985  -0.057853
450.401984  -0.057986
450.421983  -0.057986
450.441982  -0.058186
450.461982  -0.057853
450.481981  -0.058186
450.501980  -0.057986
450.521979  -0.057853
450.541978  -0.057853
450.561978  -0.057853
450.581977  -0.057919
450.601976  -0.057919
450.621975  -0.057786
450.641974  -0.057853
450.661974  -0.057719
450.681973  -0.057853
450.701972  -0.057786
450.721971  -0.057853
450.741970  -0.057719
450.761970  -0.057653
450.781969  -0.057853
450.801968  -0.057786
450.821967  -0.057919
450.841966  -0.057653
450.861966  -0.057786
450.881965  -0.057653
450.901964  -0.057853
450.921963  -0.057853
450.941962  -0.057519
450.961962  -0.057786
450.981961  -0.057853
451.001960  -0.057452
451.021959  -0.057586
451.041958  -0.057452
451.061958  -0.057586
451.081957  -0.057586
451.101956  -0.057452
451.121955  -0.057386
451.141954  -0.057586
451.161954  -0.057452
451.181953  -0.057386
451.201952  -0.057586
451.221951  -0.057586
451.241950  -0.057452
451.261950  -0.057586
451.281949  -0.057386
451.301948  -0.057452
451.321947  -0.057386
451.341946  -0.057386
451.361946  -0.057452
451.381945  -0.057319
451.401944  -0.057386
451.421943  -0.057386
451.441942  -0.057386
451.461942  -0.057386
451.481941  -0.057386
451.501940  -0.057319
451.521939  -0.057252
451.541938  -0.057252
451.561938  -0.057386
451.581937  -0.057185
451.601936  -0.057119
451.621935  -0.057252
451.641934  -0.057119
451.661934  -0.057252
451.681933  -0.057252
451.701932  -0.056919
451.721931  -0.057119
451.741930  -0.057319
451.761930  -0.057052
451.781929  -0.057052
451.801928  -0.057252
451.821927  -0.057052
451.841926  -0.057119
451.861926  -0.057052
451.881925  -0.057185
451.901924  -0.057052
451.921923  -0.056985
451.941922  -0.056985
451.961922  -0.057052
451.981921  -0.056852
452.001920  -0.057052
452.021919  -0.056718
452.041918  -0.057119
452.061918  -0.057185
452.081917  -0.056852
452.101916  -0.057052
452.121915  -0.056785
452.141914  -0.056852
452.161914  -0.056985
452.181913  -0.056852
452.201912  -0.056852
452.221911  -0.056985
452.241910  -0.056718
452.261910  -0.056852
452.281909  -0.056852
452.301908  -0.056718
452.321907  -0.056919
452.341906  -0.056785
452.361906  -0.056585
452.381905  -0.056652
452.401904  -0.056919
452.421903  -0.056852
452.441902  -0.056585
452.461902  -0.056785
452.481901  -0.056652
452.501900  -0.056652
452.521899  -0.056585
452.541898  -0.056518
452.561898  -0.056585
452.581897  -0.056652
452.601896  -0.056585
452.621895  -0.056451
452.641894  -0.056585
452.661894  -0.056451
452.681893  -0.056451
452.701892  -0.056451
452.721891  -0.056451
452.741890  -0.056718
452.761890  -0.056518
452.781889  -0.056385
452.801888  -0.056652
452.821887  -0.056318
452.841886  -0.056385
452.861886  -0.056385
452.881885  -0.056385
452.901884  -0.056251
452.921883  -0.056451
452.941882  -0.056385
452.961882  -0.056451
452.981881  -0.056318
453.001880  -0.056318
453.021879  -0.056318
453.041878  -0.056251
453.061878  -0.056051
453.081877  -0.056184
453.101876  -0.056118
453.121875  -0.056184
453.141874  -0.056118
453.161874  -0.056184
453.181873  -0.056184
453.201872  -0.056118
453.221871  -0.055851
453.241870  -0.055984
453.261870  -0.056118
453.281869  -0.056118
453.301868  -0.055984
453.321867  -0.056118
453.341866  -0.056051
453.361866  -0.056118
453.381865  -0.056251
453.401864  -0.055918
453.421863  -0.055984
453.441862  -0.055851
453.461862  -0.055984
453.481861  -0.055984
453.501860  -0.055918
453.521859  -0.055651
453.541858  -0.055851
453.561858  -0.055984
453.581857  -0.055918
453.601856  -0.055851
453.621855  -0.055918
453.641854  -0.055918
453.661854  -0.055784
453.681853  -0.055784
453.701852  -0.055651
453.721851  -0.055584
453.741850  -0.055918
453.761850  -0.055717
453.781849  -0.055651
453.801848  -0.055651
453.821847  -0.055450
453.841846  -0.055717
453.861846  -0.055651
453.881845  -0.055517
453.901844  -0.055717
453.921843  -0.055651
453.941842  -0.055384
453.961842  -0.055651
453.981841  -0.055450
454.001840  -0.055517
454.021839  -0.055517
454.041838  -0.055584
454.061838  -0.055450
454.081837  -0.055384
454.101836  -0.055450
454.121835  -0.055384
454.141834  -0.055384
454.161834  -0.055384
454.181833  -0.055317
454.201832  -0.055384
454.221831  -0.055117
454.241830  -0.055317
454.261830  -0.055184
454.281829  -0.055317
454.301828  -0.055184
454.321827  -0.055317
454.341826  -0.055250
454.361826  -0.055250
454.381825  -0.055250
454.401824  -0.055250
454.421823  -0.055117
454.441822  -0.055184
454.461822  -0.055250
454.481821  -0.055117
454.501820  -0.055250
454.521819  -0.055117
454.541818  -0.055050
454.561818  -0.055184
454.581817  -0.055050
454.601816  -0.055117
454.621815  -0.055117
454.641814  -0.054983
454.661814  -0.054983
454.681813  -0.054783
454.701812  -0.055184
454.721811  -0.054917
454.741810  -0.055117
454.761810  -0.054917
454.781809  -0.055117
454.801808  -0.054783
454.821807  -0.054716
454.841806  -0.054783
454.861806  -0.054850
454.881805  -0.054783
454.901804  -0.054850
454.921803  -0.054983
454.941802  -0.054850
454.961802  -0.054983
454.981801  -0.054716
455.001800  -0.054716
455.021799  -0.054716
455.041798  -0.054783
455.061798  -0.054650
455.081797  -0.054716
455.101796  -0.054716
455.121795  -0.054650
455.141794  -0.054516
455.161794  -0.054583
455.181793  -0.054650
455.201792  -0.054650
455.221791  -0.054516
455.241790  -0.054383
455.261790  -0.054650
455.281789  -0.054583
455.301788  -0.054383
455.321787  -0.054516
455.341786  -0.054449
455.361786  -0.054516
455.381785  -0.054516
455.401784  -0.054516
455.421783  -0.054383
455.441782  -0.054316
455.461782  -0.054383
455.481781  -0.054316
455.501780  -0.054383
455.521779  -0.054249
455.541778  -0.054383
455.561778  -0.054316
455.581777  -0.054183
455.601776  -0.054316
455.621775  -0.054116
455.641774  -0.054116
455.661774  -0.054316
455.681773  -0.054249
455.701772  -0.054249
455.721771  -0.054116
455.741770  -0.054049
455.761770  -0.054049
455.781769  -0.054049
455.801768  -0.053849
455.821767  -0.053916
455.841766  -0.054116
455.861766  -0.054049
455.881765  -0.054183
455.901764  -0.053982
455.921763  -0.053982
455.941762  -0.053982
455.961762  -0.053916
455.981761  -0.054049
456.001760  -0.053916
456.021759  -0.053916
456.041758  -0.053849
456.061758  -0.053916
456.081757  -0.053916
456.101756  -0.053849
456.121755  -0.053849
456.141754  -0.053916
456.161754  -0.053782
456.181753  -0.053782
456.201752  -0.053582
456.221751  -0.053849
456.241750  -0.053715
456.261750  -0.053715
456.281749  -0.053582
456.301748  -0.053649
456.321747  -0.053715
456.341746  -0.053849
456.361746  -0.053649
456.381745  -0.053582
456.401744  -0.053582
456.421743  -0.053715
456.441742  -0.053649
456.461742  -0.053582
456.481741  -0.053315
456.501740  -0.053515
456.521739  -0.053382
456.541738  -0.053582
456.561738  -0.053048
456.581737  -0.053315
456.601736  -0.053449
456.621735  -0.053715
456.641734  -0.053382
456.661734  -0.053248
456.681733  -0.053182
456.701732  -0.053315
456.721731  -0.053315
456.741730  -0.053115
456.761730  -0.053248
456.781729  -0.053248
456.801728  -0.053182
456.821727  -0.053048
456.841726  -0.053382
456.861726  -0.052915
456.881725  -0.052981
456.901724  -0.053315
456.921723  -0.052915
456.941722  -0.053048
456.961722  -0.052915
456.981721  -0.052848
457.001720  -0.053315
457.021719  -0.052915
457.041718  -0.052848
457.061718  -0.052915
457.081717  -0.053115
457.101716  -0.053248
457.121715  -0.052915
457.141714  -0.053115
457.161714  -0.052915
457.181713  -0.052915
457.201712  -0.052915
457.221711  -0.052848
457.241710  -0.052781
457.261710  -0.052648
457.281709  -0.052848
457.301708  -0.052781
457.321707  -0.052781
457.341706  -0.052581
457.361706  -0.052648
457.381705  -0.052915
457.401704  -0.052514
457.421703  -0.052781
457.441702  -0.052648
457.461702  -0.052714
457.481701  -0.052581
457.501700  -0.052581
457.521699  -0.052448
457.541698  -0.052648
457.561698  -0.052581
457.581697  -0.052514
457.601696  -0.052448
457.621695  -0.052448
457.641694  -0.052381
457.661694  -0.052514
457.681693  -0.052514
457.701692  -0.052114
457.721691  -0.052047
457.741690  -0.052314
457.761690  -0.052381
457.781689  -0.052381
457.801688  -0.052381
457.821687  -0.052247
457.841686  -0.052247
457.861686  -0.052381
457.881685  -0.052247
457.901684  -0.052181
457.921683  -0.052181
457.941682  -0.051980
457.961682  -0.052181
457.981681  -0.052648
458.001680  -0.052181
458.021679  -0.051980
458.041678  -0.052247
458.061678  -0.051980
458.081677  -0.052114
458.101676  -0.052047
458.121675  -0.051914
458.141674  -0.051980
458.161674  -0.052181
458.181673  -0.052047
458.201672  -0.051847
458.221671  -0.051847
458.241670  -0.051847
458.261670  -0.051980
458.281669  -0.052047
458.301668  -0.051914
458.321667  -0.051780
458.341666  -0.052114
458.361666  -0.051847
458.381665  -0.051847
458.401664  -0.051647
458.421663  -0.051647
458.441662  -0.051914
458.461662  -0.051714
458.481661  -0.051447
458.501660  -0.051513
458.521659  -0.051647
458.541658  -0.051647
458.561658  -0.051647
458.581657  -0.051780
458.601656  -0.051313
458.621655  -0.051647
458.641654  -0.051513
458.661654  -0.051447
458.681653  -0.051313
458.701652  -0.051380
458.721651  -0.051246
458.741650  -0.051513
458.761650  -0.051380
458.781649  -0.051447
458.801648  -0.051180
458.821647  -0.051313
458.841646  -0.051313
458.861646  -0.051313
458.881645  -0.051046
458.901644  -0.051313
458.921643  -0.051246
458.941642  -0.051246
458.961642  -0.051113
458.981641  -0.051113
459.001640  -0.051180
459.021639  -0.051180
459.041638  -0.051246
459.061638  -0.050779
459.081637  -0.050846
459.101636  -0.051180
459.121635  -0.051180
459.141634  -0.050913
459.161634  -0.050913
459.181633  -0.050979
459.201632  -0.051046
459.221631  -0.050979
459.241630  -0.050779
459.261630  -0.050779
459.281629  -0.050913
459.301628  -0.050846
459.321627  -0.050779
459.341626  -0.050779
459.361626  -0.050779
459.381625  -0.050646
459.401624  -0.050913
459.421623  -0.050713
459.441622  -0.050646
459.461622  -0.050579
459.481621  -0.050646
459.501620  -0.050779
459.521619  -0.050579
459.541618  -0.050379
459.561618  -0.050446
459.581617  -0.050713
459.601616  -0.050579
459.621615  -0.050512
459.641614  -0.050512
459.661614  -0.050512
459.681613  -0.050446
459.701612  -0.050512
459.721611  -0.050512
459.741610  -0.050379
459.761610  -0.050179
459.781609  -0.050446
459.801608  -0.050112
459.821607  -0.050312
459.841606  -0.050045
459.861606  -0.050112
459.881605  -0.050245
459.901604  -0.050312
459.921603  -0.050379
459.941602  -0.050179
459.961602  -0.050179
459.981601  -0.050312
460.001600  -0.050112
460.021599  -0.050112
460.041598  -0.050045
460.061598  -0.049979
460.081597  -0.049979
460.101596  -0.050112
460.121595  -0.050045
460.141594  -0.049912
460.161594  -0.049979
460.181593  -0.049979
460.201592  -0.049912
460.221591  -0.049912
460.241590  -0.049645
460.261590  -0.049979
460.281589  -0.049912
460.301588  -0.049645
460.321587  -0.049912
460.341586  -0.049845
460.361586  -0.049578
460.381585  -0.049778
460.401584  -0.049712
460.421583  -0.049778
460.441582  -0.049645
460.461582  -0.049578
460.481581  -0.049645
460.501580  -0.049511
460.521579  -0.049712
460.541578  -0.049578
460.561578  -0.049645
460.581577  -0.049445
460.601576  -0.049378
460.621575  -0.049511
460.641574  -0.049511
460.661574  -0.049378
460.681573  -0.049578
460.701572  -0.049378
460.721571  -0.049244
460.741570  -0.049445
460.761570  -0.049445
460.781569  -0.049311
460.801568  -0.049311
460.821567  -0.049244
460.841566  -0.049311
460.861566  -0.049178
460.881565  -0.049178
460.901564  -0.049111
460.921563  -0.049244
460.941562  -0.049178
460.961562  -0.049178
460.981561  -0.049111
461.001560  -0.048978
461.021559  -0.049044
461.041558  -0.049044
461.061558  -0.048911
461.081557  -0.048978
461.101556  -0.048978
461.121555  -0.049044
461.141554  -0.049044
461.161554  -0.048911
461.181553  -0.048844
461.201552  -0.048844
461.221551  -0.048777
461.241550  -0.048844
461.261550  -0.048777
461.281549  -0.048644
461.301548  -0.048844
461.321547  -0.048711
461.341546  -0.048777
461.361546  -0.048577
461.381545  -0.048644
461.401544  -0.048577
461.421543  -0.048644
461.441542  -0.048711
461.461542  -0.048644
461.481541  -0.048510
461.501540  -0.048577
461.521539  -0.048577
461.541538  -0.048577
461.561538  -0.048510
461.581537  -0.048377
461.601536  -0.048444
461.621535  -0.048510
461.641534  -0.048310
461.661534  -0.048310
461.681533  -0.048377
461.701532  -0.048377
461.721531  -0.048377
461.741530  -0.048043
461.761530  -0.048244
461.781529  -0.048043
461.801528  -0.048244
461.821527  -0.048244
461.841526  -0.048177
461.861526  -0.048110
461.881525  -0.048244
461.901524  -0.048110
461.921523  -0.047977
461.941522  -0.048244
461.961522  -0.047977
461.981521  -0.047977
462.001520  -0.048043
462.021519  -0.047843
462.041518  -0.047843
462.061518  -0.047977
462.081517  -0.047843
462.101516  -0.047710
462.121515  -0.047843
462.141514  -0.047776
462.161514  -0.047843
462.181513  -0.047710
462.201512  -0.047843
462.221511  -0.047643
462.241510  -0.047710
462.261510  -0.047710
462.281509  -0.047443
462.301508  -0.047643
462.321507  -0.047643
462.341506  -0.047643
462.361506  -0.047710
462.381505  -0.047710
462.401504  -0.047443
462.421503  -0.047576
462.441502  -0.047643
462.461502  -0.047509
462.481501  -0.047643
462.501500  -0.047509
462.521499  -0.047443
462.541498  -0.047576
462.561498  -0.047243
462.581497  -0.047243
462.601496  -0.047576
462.621495  -0.047309
462.641494  -0.047309
462.661494  -0.047176
462.681493  -0.047109
462.701492  -0.047309
462.721491  -0.047243
462.741490  -0.047042
462.761490  -0.047243
462.781489  -0.047109
462.801488  -0.047109
462.821487  -0.047042
462.841486  -0.047243
462.861486  -0.047042
462.881485  -0.047042
462.901484  -0.047109
462.921483  -0.047109
462.941482  -0.046909
462.961482  -0.047042
462.981481  -0.046842
463.001480  -0.046976
463.021479  -0.046909
463.041478  -0.046909
463.061478  -0.046909
463.081477  -0.046842
463.101476  -0.046709
463.121475  -0.046642
463.141474  -0.046775
463.161474  -0.046575
463.181473  -0.046709
463.201472  -0.046709
463.221471  -0.046575
463.241470  -0.046642
463.261470  -0.046642
463.281469  -0.046442
463.301468  -0.046442
463.321467  -0.046575
463.341466  -0.046509
463.361466  -0.046575
463.381465  -0.046375
463.401464  -0.046442
463.421463  -0.046242
463.441462  -0.046375
463.461462  -0.046175
463.481461  -0.046308
463.501460  -0.046175
463.521459  -0.046642
463.541458  -0.046175
463.561458  -0.046108
463.581457  -0.046242
463.601456  -0.046175
463.621455  -0.046175
463.641454  -0.046108
463.661454  -0.046108
463.681453  -0.046242
463.701452  -0.046041
463.721451  -0.045975
463.741450  -0.046108
463.761450  -0.045908
463.781449  -0.045975
463.801448  -0.046175
463.821447  -0.045841
463.841446  -0.046175
463.861446  -0.045708
463.881445  -0.045908
463.901444  -0.045975
463.921443  -0.045708
463.941442  -0.045708
463.961442  -0.045641
463.981441  -0.045775
464.001440  -0.045775
464.021439  -0.045574
464.041438  -0.045574
464.061438  -0.045641
464.081437  -0.045641
464.101436  -0.045641
464.121435  -0.045641
464.141434  -0.045441
464.161434  -0.045574
464.181433  -0.045441
464.201432  -0.045441
464.221431  -0.045374
464.241430  -0.045374
464.261430  -0.045441
464.281429  -0.045441
464.301428  -0.045241
464.321427  -0.045107
464.341426  -0.045241
464.361426  -0.045241
464.381425  -0.045374
464.401424  -0.045174
464.421423  -0.045107
464.441422  -0.045307
464.461422  -0.045241
464.481421  -0.045174
464.501420  -0.045241
464.521419  -0.045040
464.541418  -0.045107
464.561418  -0.045040
464.581417  -0.044774
464.601416  -0.045040
464.621415  -0.044840
464.641414  -0.045040
464.661414  -0.044840
464.681413  -0.044907
464.701412  -0.044840
464.721411  -0.044840
464.741410  -0.044840
464.761410  -0.044907
464.781409  -0.044840
464.801408  -0.044907
464.821407  -0.044707
464.841406  -0.044640
464.861406  -0.044840
464.881405  -0.044707
464.901404  -0.044707
464.921403  -0.044507
464.941402  -0.044573
464.961402  -0.044640
464.981401  -0.044507
465.001400  -0.044507
465.021399  -0.044507
465.041398  -0.044440
465.061398  -0.044373
465.081397  -0.044306
465.101396  -0.044573
465.121395  -0.044373
465.141394  -0.044507
465.161394  -0.044240
465.181393  -0.044106
465.201392  -0.044173
465.221391  -0.044306
465.241390  -0.044240
465.261390  -0.044173
465.281389  -0.044306
465.301388  -0.044173
465.321387  -0.044040
465.341386  -0.044106
465.361386  -0.044173
465.381385  -0.044040
465.401384  -0.044040
465.421383  -0.044173
465.441382  -0.043973
465.461382  -0.043906
465.481381  -0.043839
465.501380  -0.043906
465.521379  -0.043839
465.541378  -0.043639
465.561378  -0.043839
465.581377  -0.043706
465.601376  -0.043706
465.621375  -0.043773
465.641374  -0.043773
465.661374  -0.043706
465.681373  -0.043773
465.701372  -0.043572
465.721371  -0.043639
465.741370  -0.043506
465.761370  -0.043572
465.781369  -0.043506
465.801368  -0.043706
465.821367  -0.043439
465.841366  -0.043506
465.861366  -0.043305
465.881365  -0.043239
465.901364  -0.043439
465.921363  -0.043506
465.941362  -0.043305
465.961362  -0.043372
465.981361  -0.043439
466.001360  -0.043039
466.021359  -0.043305
466.041358  -0.043305
466.061358  -0.043172
466.081357  -0.043105
466.101356  -0.043039
466.121355  -0.043039
466.141354  -0.042972
466.161354  -0.043039
466.181353  -0.043039
466.201352  -0.043039
466.221351  -0.042972
466.241350  -0.042772
466.261350  -0.043039
466.281349  -0.042972
466.301348  -0.042772
466.321347  -0.042972
466.341346  -0.042972
466.361346  -0.042972
466.381345  -0.042972
466.401344  -0.042638
466.421343  -0.042838
466.441342  -0.042705
466.461342  -0.042705
466.481341  -0.042705
466.501340  -0.042638
466.521339  -0.042705
466.541338  -0.042571
466.561338  -0.042371
466.581337  -0.042571
466.601336  -0.042505
466.621335  -0.042438
466.641334  -0.042371
466.661334  -0.042371
466.681333  -0.042438
466.701332  -0.042171
466.721331  -0.042238
466.741330  -0.042238
466.761330  -0.042371
466.781329  -0.042238
466.801328  -0.042371
466.821327  -0.042171
466.841326  -0.042238
466.861326  -0.042238
466.881325  -0.042104
466.901324  -0.041971
466.921323  -0.042171
466.941322  -0.042238
466.961322  -0.041971
466.981321  -0.041837
467.001320  -0.042104
467.021319  -0.041971
467.041318  -0.041971
467.061318  -0.041837
467.081317  -0.041771
467.101316  -0.041771
467.121315  -0.041771
467.141314  -0.041837
467.161314  -0.041704
467.181313  -0.041771
467.201312  -0.041570
467.221311  -0.041504
467.241310  -0.041704
467.261310  -0.041570
467.281309  -0.041370
467.301308  -0.041504
467.321307  -0.041570
467.341306  -0.041570
467.361306  -0.041504
467.381305  -0.041437
467.401304  -0.041637
467.421303  -0.041637
467.441302  -0.041370
467.461302  -0.041370
467.481301  -0.041304
467.501300  -0.041304
467.521299  -0.041304
467.541298  -0.041370
467.561298  -0.041103
467.581297  -0.041370
467.601296  -0.041103
467.621295  -0.041170
467.641294  -0.040970
467.661294  -0.041037
467.681293  -0.040970
467.701292  -0.041037
467.721291  -0.040903
467.741290  -0.041170
467.761290  -0.040970
467.781289  -0.040970
467.801288  -0.040903
467.821287  -0.040636
467.841286  -0.040770
467.861286  -0.040836
467.881285  -0.040836
467.901284  -0.040836
467.921283  -0.040703
467.941282  -0.040703
467.961282  -0.040570
467.981281  -0.040570
468.001280  -0.040703
468.021279  -0.040636
468.041278  -0.040436
468.061278  -0.040570
468.081277  -0.040503
468.101276  -0.040503
468.121275  -0.040303
468.141274  -0.040169
468.161274  -0.040369
468.181273  -0.040436
468.201272  -0.040036
468.221271  -0.040303
468.241270  -0.040503
468.261270  -0.040169
468.281269  -0.040169
468.301268  -0.040102
468.321267  -0.040036
468.341266  -0.040036
468.361266  -0.040236
468.381265  -0.040036
468.401264  -0.040169
468.421263  -0.040036
468.441262  -0.039835
468.461262  -0.039902
468.481261  -0.039902
468.501260  -0.039969
468.521259  -0.039835
468.541258  -0.039835
468.561258  -0.039902
468.581257  -0.039702
468.601256  -0.039635
468.621255  -0.039769
468.641254  -0.039769
468.661254  -0.039702
468.681253  -0.039569
468.701252  -0.039702
468.721251  -0.039835
468.741250  -0.039502
468.761250  -0.039569
468.781249  -0.039769
468.801248  -0.039502
468.821247  -0.039569
468.841246  -0.039302
468.861246  -0.039435
468.881245  -0.039368
468.901244  -0.039302
468.921243  -0.039235
468.941242  -0.039368
468.961242  -0.039235
468.981241  -0.039101
469.001240  -0.039101
469.021239  -0.039235
469.041238  -0.039235
469.061238  -0.039035
469.081237  -0.039168
469.101236  -0.038835
469.121235  -0.039035
469.141234  -0.038901
469.161234  -0.038835
469.181233  -0.038835
469.201232  -0.038835
469.221231  -0.039101
469.241230  -0.038768
469.261230  -0.038701
469.281229  -0.038634
469.301228  -0.038634
469.321227  -0.039101
469.341226  -0.038701
469.361226  -0.038634
469.381225  -0.038701
469.401224  -0.038634
469.421223  -0.038835
469.441222  -0.038701
469.461222  -0.038367
469.481221  -0.038434
469.501220  -0.038367
469.521219  -0.038568
469.541218  -0.038501
469.561218  -0.038434
469.581217  -0.038234
469.601216  -0.038367
469.621215  -0.038434
469.641214  -0.038167
469.661214  -0.038234
469.681213  -0.038234
469.701212  -0.038301
469.721211  -0.038234
469.741210  -0.038367
469.761210  -0.038100
469.781209  -0.038301
469.801208  -0.037900
469.821207  -0.038167
469.841206  -0.037900
469.861206  -0.038034
469.881205  -0.037900
469.901204  -0.037900
469.921203  -0.038034
469.941202  -0.037700
469.961202  -0.037834
469.981201  -0.037834
470.001200  -0.037633
470.021199  -0.037834
470.041198  -0.037500
470.061198  -0.037700
470.081197  -0.037834
470.101196  -0.037567
470.121195  -0.037433
470.141194  -0.037700
470.161194  -0.037433
470.181193  -0.037366
470.201192  -0.037633
470.221191  -0.037433
470.241190  -0.037500
470.261190  -0.037433
470.281189  -0.037166
470.301188  -0.037300
470.321187  -0.037300
470.341186  -0.037166
470.361186  -0.037166
470.381185  -0.037166
470.401184  -0.037366
470.421183  -0.037100
470.441182  -0.037166
470.461182  -0.037033
470.481181  -0.037033
470.501180  -0.037033
470.521179  -0.037100
470.541178  -0.037100
470.561178  -0.037166
470.581177  -0.036833
470.601176  -0.036766
470.621175  -0.036966
470.641174  -0.036899
470.661174  -0.036766
470.681173  -0.036766
470.701172  -0.036632
470.721171  -0.036766
470.741170  -0.036766
470.761170  -0.036699
470.781169  -0.036766
470.801168  -0.036499
470.821167  -0.036699
470.841166  -0.036699
470.861166  -0.036499
470.881165  -0.036432
470.901164  -0.036432
470.921163  -0.036299
470.941162  -0.036299
470.961162  -0.036299
470.981161  -0.036099
471.001160  -0.036165
471.021159  -0.036099
471.041158  -0.036232
471.061158  -0.036032
471.081157  -0.036099
471.101156  -0.036099
471.121155  -0.036165
471.141154  -0.036032
471.161154  -0.035898
471.181153  -0.035965
471.201152  -0.036099
471.221151  -0.035965
471.241150  -0.036032
471.261150  -0.035898
471.281149  -0.035965
471.301148  -0.035698
471.321147  -0.035965
471.341146  -0.035965
471.361146  -0.035698
471.381145  -0.035832
471.401144  -0.035765
471.421143  -0.035765
471.441142  -0.035698
471.461142  -0.035631
471.481141  -0.035431
471.501140  -0.035231
471.521139  -0.035498
471.541138  -0.035498
471.561138  -0.035431
471.581137  -0.035298
471.601136  -0.035164
471.621135  -0.035298
471.641134  -0.035231
471.661134  -0.035298
471.681133  -0.035298
471.701132  -0.035365
471.721131  -0.035164
471.741130  -0.034964
471.761130  -0.035298
471.781129  -0.034964
471.801128  -0.035031
471.821127  -0.035098
471.841126  -0.035231
471.861126  -0.034897
471.881125  -0.035098
471.901124  -0.035098
471.921123  -0.034831
471.941122  -0.034897
471.961122  -0.034897
471.981121  -0.034697
472.001120  -0.034764
472.021119  -0.034697
472.041118  -0.034764
472.061118  -0.034564
472.081117  -0.034630
472.101116  -0.034697
472.121115  -0.034697
472.141114  -0.034564
472.161114  -0.034564
472.181113  -0.034364
472.201112  -0.034564
472.221111  -0.034230
472.241110  -0.034497
472.261110  -0.034297
472.281109  -0.034297
472.301108  -0.034364
472.321107  -0.034163
472.341106  -0.034364
472.361106  -0.034297
472.381105  -0.034297
472.401104  -0.034097
472.421103  -0.034163
472.441102  -0.034230
472.461102  -0.034097
472.481101  -0.034030
472.501100  -0.034030
472.521099  -0.034163
472.541098  -0.034030
472.561098  -0.034030
472.581097  -0.033763
472.601096  -0.033896
472.621095  -0.033696
472.641094  -0.034030
472.661094  -0.033896
472.681093  -0.033696
472.701092  -0.033763
472.721091  -0.033630
472.741090  -0.033896
472.761090  -0.033763
472.781089  -0.033696
472.801088  -0.033296
472.821087  -0.033630
472.841086  -0.033496
472.861086  -0.033363
472.881085  -0.033363
472.901084  -0.033496
472.921083  -0.033429
472.941082  -0.033429
472.961082  -0.033630
472.981081  -0.033429
473.001080  -0.033229
473.021079  -0.033363
473.041078  -0.033296
473.061078  -0.033229
473.081077  -0.033029
473.101076  -0.033029
473.121075  -0.033363
473.141074  -0.032962
473.161074  -0.033096
473.181073  -0.032762
473.201072  -0.032895
473.221071  -0.032895
473.241070  -0.032962
473.261070  -0.033029
473.281069  -0.032895
473.301068  -0.032762
473.321067  -0.032695
473.341066  -0.032895
473.361066  -0.032762
473.381065  -0.032562
473.401064  -0.032962
473.421063  -0.032495
473.441062  -0.032762
473.461062  -0.032695
473.481061  -0.032562
473.501060  -0.032562
473.521059  -0.032629
473.541058  -0.032428
473.561058  -0.032428
473.581057  -0.032362
473.601056  -0.032295
473.621055  -0.032428
473.641054  -0.032295
473.661054  -0.032095
473.681053  -0.032228
473.701052  -0.032228
473.721051  -0.032228
473.741050  -0.032295
473.761050  -0.031895
473.781049  -0.032095
473.801048  -0.032028
473.821047  -0.032028
473.841046  -0.031895
473.861046  -0.031895
473.881045  -0.031961
473.901044  -0.031961
473.921043  -0.031828
473.941042  -0.031828
473.961042  -0.031895
473.981041  -0.031828
474.001040  -0.031561
474.021039  -0.031761
474.041038  -0.031628
474.061038  -0.031628
474.081037  -0.031427
474.101036  -0.031628
474.121035  -0.031427
474.141034  -0.031361
474.161034  -0.031294
474.181033  -0.031694
474.201032  -0.031294
474.221031  -0.031227
474.241030  -0.031427
474.261030  -0.031227
474.281029  -0.031227
474.301028  -0.031361
474.321027  -0.031227
474.341026  -0.031094
474.361026  -0.031227
474.381025  -0.031227
474.401024  -0.031094
474.421023  -0.031094
474.441022  -0.030894
474.461022  -0.031160
474.481021  -0.030960
474.501020  -0.031094
474.521019  -0.030760
474.541018  -0.030760
474.561018  -0.030827
474.581017  -0.030827
474.601016  -0.030960
474.621015  -0.030894
474.641014  -0.030827
474.661014  -0.030693
474.681013  -0.030693
474.701012  -0.030760
474.721011  -0.030560
474.741010  -0.030493
474.761010  -0.030426
474.781009  -0.030627
474.801008  -0.030493
474.821007  -0.030426
474.841006  -0.030226
474.861006  -0.030493
474.881005  -0.030360
474.901004  -0.030360
474.921003  -0.030493
474.941002  -0.030226
474.961002  -0.030160
474.981001  -0.030293
475.001000  -0.030160
475.020999  -0.030160
475.040998  -0.030093
475.060998  -0.030293
475.080997  -0.030093
475.100996  -0.029959
475.120995  -0.029959
475.140994  -0.029959
475.160994  -0.029826
475.180993  -0.029893
475.200992  -0.029759
475.220991  -0.029759
475.240990  -0.029626
475.260990  -0.029692
475.280989  -0.029759
475.300988  -0.029759
475.320987  -0.029425
475.340986  -0.029759
475.360986  -0.029559
475.380985  -0.029559
475.400984  -0.029425
475.420983  -0.029359
475.440982  -0.029425
475.460982  -0.029492
475.480981  -0.029626
475.500980  -0.029159
475.520979  -0.029159
475.540978  -0.029225
475.560978  -0.029359
475.580977  -0.029292
475.600976  -0.029025
475.620975  -0.029092
475.640974  -0.029092
475.660974  -0.029159
475.680973  -0.029159
475.700972  -0.029025
475.720971  -0.029159
475.740970  -0.028892
475.760970  -0.028892
475.780969  -0.028892
475.800968  -0.028892
475.820967  -0.028825
475.840966  -0.028958
475.860966  -0.028825
475.880965  -0.028892
475.900964  -0.028758
475.920963  -0.028825
475.940962  -0.028892
475.960962  -0.028558
475.980961  -0.028291
476.000960  -0.028758
476.020959  -0.028491
476.040958  -0.028291
476.060958  -0.028158
476.080957  -0.028358
476.100956  -0.028425
476.120955  -0.028425
476.140954  -0.028491
476.160954  -0.028358
476.180953  -0.028224
476.200952  -0.028224
476.220951  -0.028224
476.240950  -0.028024
476.260950  -0.028158
476.280949  -0.028224
476.300948  -0.028158
476.320947  -0.028158
476.340946  -0.027957
476.360946  -0.027891
476.380945  -0.028224
476.400944  -0.027624
476.420943  -0.027891
476.440942  -0.027891
476.460942  -0.027690
476.480941  -0.027757
476.500940  -0.027757
476.520939  -0.027624
476.540938  -0.027690
476.560938  -0.027624
476.580937  -0.027557
476.600936  -0.027690
476.620935  -0.027557
476.640934  -0.027490
476.660934  -0.027490
476.680933  -0.027424
476.700932  -0.027624
476.720931  -0.027290
476.740930  -0.027557
476.760930  -0.027490
476.780929  -0.027290
476.800928  -0.027223
476.820927  -0.027223
476.840926  -0.027023
476.860926  -0.027357
476.880925  -0.027157
476.900924  -0.027090
476.920923  -0.027223
476.940922  -0.027023
476.960922  -0.027157
476.980921  -0.027023
477.000920  -0.026890
477.020919  -0.026956
477.040918  -0.027223
477.060918  -0.026890
477.080917  -0.027023
477.100916  -0.026690
477.120915  -0.026423
477.140914  -0.026623
477.160914  -0.026690
477.180913  -0.026489
477.200912  -0.026623
477.220911  -0.026556
477.240910  -0.026489
477.260910  -0.026556
477.280909  -0.026356
477.300908  -0.026690
477.320907  -0.026222
477.340906  -0.026423
477.360906  -0.026423
477.380905  -0.026356
477.400904  -0.026289
477.420903  -0.026089
477.440902  -0.026156
477.460902  -0.026289
477.480901  -0.026089
477.500900  -0.025955
477.520899  -0.026089
477.540898  -0.026156
477.560898  -0.026089
477.580897  -0.025955
477.600896  -0.025755
477.620895  -0.026089
477.640894  -0.026022
477.660894  -0.025822
477.680893  -0.025755
477.700892  -0.025689
477.720891  -0.025755
477.740890  -0.025955
477.760890  -0.025689
477.780889  -0.025488
477.800888  -0.025355
477.820887  -0.025555
477.840886  -0.025622
477.860886  -0.025555
477.880885  -0.025422
477.900884  -0.025355
477.920883  -0.025422
477.940882  -0.025422
477.960882  -0.025422
477.980881  -0.025288
478.000880  -0.025288
478.020879  -0.025155
478.040878  -0.025288
478.060878  -0.025221
478.080877  -0.025155
478.100876  -0.025021
478.120875  -0.025088
478.140874  -0.025088
478.160874  -0.024888
478.180873  -0.024754
478.200872  -0.024955
478.220871  -0.025021
478.240870  -0.024955
478.260870  -0.024688
478.280869  -0.024888
478.300868  -0.024888
478.320867  -0.025021
478.340866  -0.024554
478.360866  -0.024287
478.380865  -0.024688
478.400864  -0.024754
478.420863  -0.024754
478.440862  -0.024688
478.460862  -0.024421
478.480861  -0.024487
478.500860  -0.024487
478.520859  -0.024621
478.540858  -0.024554
478.560858  -0.024287
478.580857  -0.024220
478.600856  -0.024421
478.620855  -0.024354
478.640854  -0.023954
478.660854  -0.024154
478.680853  -0.024087
478.700852  -0.024220
478.720851  -0.024220
478.740850  -0.023887
478.760850  -0.024020
478.780849  -0.023820
478.800848  -0.023887
478.820847  -0.023954
478.840846  -0.023954
478.860846  -0.023820
478.880845  -0.023820
478.900844  -0.023954
478.920843  -0.023687
478.940842  -0.023486
478.960842  -0.023687
478.980841  -0.023753
479.000840  -0.023687
479.020839  -0.023753
479.040838  -0.023353
479.060838  -0.023620
479.080837  -0.023820
479.100836  -0.023353
479.120835  -0.023353
479.140834  -0.023286
479.160834  -0.023486
479.180833  -0.023420
479.200832  -0.023486
479.220831  -0.023220
479.240830  -0.023019
479.260830  -0.023220
479.280829  -0.023353
479.300828  -0.023086
479.320827  -0.022886
479.340826  -0.023153
479.360826  -0.023153
479.380825  -0.022953
479.400824  -0.023019
479.420823  -0.023019
479.440822  -0.023220
479.460822  -0.022953
479.480821  -0.022953
479.500820  -0.022619
479.520819  -0.022886
479.540818  -0.022953
479.560818  -0.022686
479.580817  -0.022752
479.600816  -0.022619
479.620815  -0.022485
479.640814  -0.022619
479.660814  -0.022686
479.680813  -0.022552
479.700812  -0.022419
479.720811  -0.022352
479.740810  -0.022552
479.760810  -0.022419
479.780809  -0.022152
479.800808  -0.022285
479.820807  -0.022686
479.840806  -0.022219
479.860806  -0.022152
479.880805  -0.022219
479.900804  -0.022085
479.920803  -0.022085
479.940802  -0.022219
479.960802  -0.022152
479.980801  -0.022018
480.000800  -0.022018
480.020799  -0.021818
480.040798  -0.021952
480.060798  -0.021952
480.080797  -0.021685
480.100796  -0.021885
480.120795  -0.021885
480.140794  -0.021618
480.160794  -0.021885
480.180793  -0.021751
480.200792  -0.021618
480.220791  -0.021685
480.240790  -0.021618
480.260790  -0.021618
480.280789  -0.021618
480.300788  -0.021418
480.320787  -0.021218
480.340786  -0.021485
480.360786  -0.021418
480.380785  -0.021351
480.400784  -0.021218
480.420783  -0.021351
480.440782  -0.021218
480.460782  -0.021151
480.480781  -0.021218
480.500780  -0.021284
480.520779  -0.021017
480.540778  -0.021084
480.560778  -0.021084
480.580777  -0.021017
480.600776  -0.020884
480.620775  -0.021017
480.640774  -0.020751
480.660774  -0.020884
480.680773  -0.020751
480.700772  -0.020817
480.720771  -0.020951
480.740770  -0.020550
480.760770  -0.020684
480.780769  -0.020817
480.800768  -0.020617
480.820767  -0.020751
480.840766  -0.020617
480.860766  -0.020350
480.880765  -0.013744
480.900764  -0.019149
480.920763  -0.020417
480.940762  -0.020484
480.960762  -0.020283
480.980761  -0.020283
481.000760  -0.020283
481.020759  -0.020283
481.040758  -0.020150
481.060758  -0.020217
481.080757  -0.020217
481.100756  -0.020083
481.120755  -0.020150
481.140754  -0.019950
481.160754  -0.020083
481.180753  -0.019883
481.200752  -0.020150
481.220751  -0.019950
481.240750  -0.019816
481.260750  -0.019950
481.280749  -0.019816
481.300748  -0.019750
481.320747  -0.019549
481.340746  -0.019816
481.360746  -0.019816
481.380745  -0.019616
481.400744  -0.019549
481.420743  -0.019616
481.440742  -0.019616
481.460742  -0.019483
481.480741  -0.019416
481.500740  -0.019349
481.520739  -0.019483
481.540738  -0.019349
481.560738  -0.019416
481.580737  -0.019416
481.600736  -0.019349
481.620735  -0.019349
481.640734  -0.019216
481.660734  -0.019149
481.680733  -0.019016
481.700732  -0.019149
481.720731  -0.019016
481.740730  -0.019149
481.760730  -0.019082
481.780729  -0.019016
481.800728  -0.019016
481.820727  -0.018882
481.840726  -0.018749
481.860726  -0.018749
481.880725  -0.018949
481.900724  -0.018682
481.920723  -0.018749
481.940722  -0.018548
481.960722  -0.018749
481.980721  -0.018548
482.000720  -0.018548
482.020719  -0.018682
482.040718  -0.018482
482.060718  -0.018548
482.080717  -0.018615
482.100716  -0.018281
482.120715  -0.018415
482.140714  -0.018415
482.160714  -0.018015
482.180713  -0.018415
482.200712  -0.018281
482.220711  -0.018148
482.240710  -0.018215
482.260710  -0.018215
482.280709  -0.018148
482.300708  -0.018081
482.320707  -0.018081
482.340706  -0.018281
482.360706  -0.017948
482.380705  -0.017948
482.400704  -0.018015
482.420703  -0.017881
482.440702  -0.017814
482.460702  -0.017748
482.480701  -0.017748
482.500700  -0.017681
482.520699  -0.017814
482.540698  -0.017681
482.560698  -0.017614
482.580697  -0.017748
482.600696  -0.017547
482.620695  -0.017614
482.640694  -0.017414
482.660694  -0.017481
482.680693  -0.017481
482.700692  -0.017347
482.720691  -0.017547
482.740690  -0.017414
482.760690  -0.017147
482.780689  -0.017414
482.800688  -0.017014
482.820687  -0.017014
482.840686  -0.017147
482.860686  -0.017281
482.880685  -0.017147
482.900684  -0.017080
482.920683  -0.016880
482.940682  -0.017080
482.960682  -0.017014
482.980681  -0.016880
483.000680  -0.017014
483.020679  -0.016880
483.040678  -0.016613
483.060678  -0.016880
483.080677  -0.016613
483.100676  -0.016546
483.120675  -0.016613
483.140674  -0.016613
483.160674  -0.016613
483.180673  -0.016480
483.200672  -0.016546
483.220671  -0.016480
483.240670  -0.016413
483.260670  -0.016546
483.280669  -0.016546
483.300668  -0.016346
483.320667  -0.016413
483.340666  -0.016413
483.360666  -0.016280
483.380665  -0.016213
483.400664  -0.016213
483.420663  -0.016146
483.440662  -0.016213
483.460662  -0.016013
483.480661  -0.016013
483.500660  -0.016213
483.520659  -0.015946
483.540658  -0.016346
483.560658  -0.016013
483.580657  -0.015946
483.600656  -0.015946
483.620655  -0.015812
483.640654  -0.015746
483.660654  -0.015746
483.680653  -0.015946
483.700652  -0.015879
483.720651  -0.015546
483.740650  -0.015679
483.760650  -0.015546
483.780649  -0.015679
483.800648  -0.015412
483.820647  -0.015479
483.840646  -0.015279
483.860646  -0.015412
483.880645  -0.015612
483.900644  -0.015212
483.920643  -0.015345
483.940642  -0.015479
483.960642  -0.015279
483.980641  -0.015212
484.000640  -0.015078
484.020639  -0.015012
484.040638  -0.015145
484.060638  -0.014945
484.080637  -0.015145
484.100636  -0.015145
484.120635  -0.014811
484.140634  -0.014945
484.160634  -0.014945
484.180633  -0.014878
484.200632  -0.014811
484.220631  -0.014745
484.240630  -0.014678
484.260630  -0.014878
484.280629  -0.014545
484.300628  -0.014611
484.320627  -0.014611
484.340626  -0.014611
484.360626  -0.014478
484.380625  -0.014745
484.400624  -0.014411
484.420623  -0.014478
484.440622  -0.014478
484.460622  -0.014278
484.480621  -0.014411
484.500620  -0.014611
484.520619  -0.014211
484.540618  -0.014144
484.560618  -0.013877
484.580617  -0.014144
484.600616  -0.014011
484.620615  -0.014411
484.640614  -0.014278
484.660614  -0.013944
484.680613  -0.014077
484.700612  -0.014077
484.720611  -0.013877
484.740610  -0.013877
484.760610  -0.013811
484.780609  -0.013944
484.800608  -0.013877
484.820607  -0.013544
484.840606  -0.013610
484.860606  -0.013677
484.880605  -0.013677
484.900604  -0.013477
484.920603  -0.013610
484.940602  -0.013610
484.960602  -0.013544
484.980601  -0.013410
485.000600  -0.013544
485.020599  -0.013410
485.040598  -0.013277
485.060598  -0.013343
485.080597  -0.013143
485.100596  -0.013210
485.120595  -0.013143
485.140594  -0.013076
485.160594  -0.013277
485.180593  -0.013210
485.200592  -0.013143
485.220591  -0.013143
485.240590  -0.013076
485.260590  -0.012943
485.280589  -0.013010
485.300588  -0.012943
485.320587  -0.012876
485.340586  -0.012676
485.360586  -0.012743
485.380585  -0.012743
485.400584  -0.012810
485.420583  -0.012609
485.440582  -0.012676
485.460582  -0.012810
485.480581  -0.012476
485.500580  -0.012676
485.520579  -0.012810
485.540578  -0.012609
485.560578  -0.012476
485.580577  -0.012342
485.600576  -0.012476
485.620575  -0.012476
485.640574  -0.012342
485.660574  -0.012142
485.680573  -0.012276
485.700572  -0.012209
485.720571  -0.012342
485.740570  -0.012076
485.760570  -0.012276
485.780569  -0.012009
485.800568  -0.012076
485.820567  -0.012009
485.840566  -0.012076
485.860566  -0.011742
485.880565  -0.012076
485.900564  -0.011809
485.920563  -0.011809
485.940562  -0.011875
485.960562  -0.011742
485.980561  -0.011942
486.000560  -0.011542
486.020559  -0.011542
486.040558  -0.011742
486.060558  -0.011675
486.080557  -0.011408
486.100556  -0.011475
486.120555  -0.011475
486.140554  -0.011608
486.160554  -0.011542
486.180553  -0.011408
486.200552  -0.011341
486.220551  -0.011275
486.240550  -0.011275
486.260550  -0.011208
486.280549  -0.011008
486.300548  -0.011208
486.320547  -0.011275
486.340546  -0.011141
486.360546  -0.011008
486.380545  -0.011075
486.400544  -0.011008
486.420543  -0.011075
486.440542  -0.010941
486.460542  -0.010874
486.480541  -0.010941
486.500540  -0.010607
486.520539  -0.010941
486.540538  -0.010874
486.560538  -0.010607
486.580537  -0.010607
486.600536  -0.010741
486.620535  -0.010741
486.640534  -0.010607
486.660534  -0.010607
486.680533  -0.010407
486.700532  -0.010541
486.720531  -0.010474
486.740530  -0.010541
486.760530  -0.010341
486.780529  -0.010341
486.800528  -0.010207
486.820527  -0.010407
486.840526  -0.010207
486.860526  -0.010274
486.880525  -0.010274
486.900524  -0.010207
486.920523  -0.010074
486.940522  -0.010007
486.960522  -0.010074
486.980521  -0.010074
487.000520  -0.010074
487.020519  -0.009673
487.040518  -0.009940
487.060518  -0.009807
487.080517  -0.009873
487.100516  -0.009673
487.120515  -0.009740
487.140514  -0.009606
487.160514  -0.009673
487.180513  -0.009740
487.200512  -0.009606
487.220511  -0.009473
487.240510  -0.009606
487.260510  -0.009473
487.280509  -0.009606
487.300508  -0.009540
487.320507  -0.009406
487.340506  -0.009340
487.360506  -0.009540
487.380505  -0.009273
487.400504  -0.009206
487.420503  -0.009406
487.440502  -0.009273
487.460502  -0.009273
487.480501  -0.009139
487.500500  -0.009006
487.520499  -0.009073
487.540498  -0.008806
487.560498  -0.009006
487.580497  -0.009006
487.600496  -0.008939
487.620495  -0.008872
487.640494  -0.008739
487.660494  -0.008872
487.680493  -0.009006
487.700492  -0.008806
487.720491  -0.008739
487.740490  -0.008539
487.760490  -0.008672
487.780489  -0.008739
487.800488  -0.008472
487.820487  -0.008606
487.840486  -0.008472
487.860486  -0.008405
487.880485  -0.008472
487.900484  -0.008405
487.920483  -0.008405
487.940482  -0.008405
487.960482  -0.008472
487.980481  -0.008272
488.000480  -0.008072
488.020479  -0.008138
488.040478  -0.008072
488.060478  -0.008138
488.080477  -0.007871
488.100476  -0.007871
488.120475  -0.008138
488.140474  -0.008005
488.160474  -0.008005
488.180473  -0.007805
488.200472  -0.007738
488.220471  -0.007871
488.240470  -0.007871
488.260470  -0.007738
488.280469  -0.007605
488.300468  -0.007738
488.320467  -0.007605
488.340466  -0.007605
488.360466  -0.007538
488.380465  -0.007605
488.400464  -0.007671
488.420463  -0.007538
488.440462  -0.007404
488.460462  -0.007338
488.480461  -0.007271
488.500460  -0.007338
488.520459  -0.007271
488.540458  -0.007271
488.560458  -0.007071
488.580457  -0.006937
488.600456  -0.007338
488.620455  -0.007204
488.640454  -0.007204
488.660454  -0.007071
488.680453  -0.007004
488.700452  -0.007004
488.720451  -0.006871
488.740450  -0.006804
488.760450  -0.006871
488.780449  -0.006737
488.800448  -0.006871
488.820447  -0.006804
488.840446  -0.006670
488.860446  -0.007071
488.880445  -0.006670
488.900444  -0.006737
488.920443  -0.006604
488.940442  -0.006604
488.960442  -0.006470
488.980441  -0.006537
489.000440  -0.006403
489.020439  -0.006403
489.040438  -0.006403
489.060438  -0.006337
489.080437  -0.006403
489.100436  -0.006537
489.120435  -0.006270
489.140434  -0.006203
489.160434  -0.005803
489.180433  -0.006136
489.200432  -0.006203
489.220431  -0.006003
489.240430  -0.005936
489.260430  -0.006136
489.280429  -0.006003
489.300428  -0.006136
489.320427  -0.005870
489.340426  -0.005870
489.360426  -0.005936
489.380425  -0.005870
489.400424  -0.005803
489.420423  -0.005669
489.440422  -0.005669
489.460422  -0.005736
489.480421  -0.005803
489.500420  -0.005536
489.520419  -0.005736
489.540418  -0.005469
489.560418  -0.005402
489.580417  -0.005603
489.600416  -0.005269
489.620415  -0.005269
489.640414  -0.005336
489.660414  -0.005336
489.680413  -0.005336
489.700412  -0.005069
489.720411  -0.005336
489.740410  -0.005202
489.760410  -0.005202
489.780409  -0.005202
489.800408  -0.005002
489.820407  -0.004935
489.840406  -0.005002
489.860406  -0.005002
489.880405  -0.005002
489.900404  -0.005002
489.920403  -0.004668
489.940402  -0.004869
489.960402  -0.004869
489.980401  -0.004668
490.000400  -0.004668
490.020399  -0.004602
490.040398  -0.004735
490.060398  -0.004869
490.080397  -0.004668
490.100396  -0.004535
490.120395  -0.004602
490.140394  -0.004468
490.160394  -0.004335
490.180393  -0.004468
490.200392  -0.004335
490.220391  -0.004268
490.240390  -0.004335
490.260390  -0.004268
490.280389  -0.004268
490.300388  -0.004201
490.320387  -0.004001
490.340386  -0.004201
490.360386  -0.004135
490.380385  -0.004135
490.400384  -0.004068
490.420383  -0.004068
490.440382  -0.004001
490.460382  -0.004001
490.480381  -0.003934
490.500380  -0.003934
490.520379  -0.003801
490.540378  -0.003801
490.560378  -0.003868
490.580377  -0.003734
490.600376  -0.003601
490.620375  -0.003667
490.640374  -0.003667
490.660374  -0.003667
490.680373  -0.003401
490.700372  -0.003534
490.720371  -0.003467
490.740370  -0.003267
490.760370  -0.003267
490.780369  -0.003401
490.800368  -0.003334
490.820367  -0.003401
490.840366  -0.003267
490.860366  -0.003134
490.880365  -0.003134
490.900364  -0.003134
490.920363  -0.003067
490.940362  -0.003200
490.960362  -0.003200
490.980361  -0.002733
491.000360  -0.002933
491.020359  -0.002800
491.040358  -0.003067
491.060358  -0.002733
491.080357  -0.003000
491.100356  -0.002867
491.120355  -0.002733
491.140354  -0.002666
491.160354  -0.002666
491.180353  -0.002600
491.200352  -0.002466
491.220351  -0.002600
491.240350  -0.002600
491.260350  -0.002666
491.280349  -0.002400
491.300348  -0.002600
491.320347  -0.002199
491.340346  -0.002333
491.360346  -0.002466
491.380345  -0.002333
491.400344  -0.002266
491.420343  -0.002133
491.440342  -0.002400
491.460342  -0.002066
491.480341  -0.002466
491.500340  -0.002133
491.520339  -0.001932
491.540338  -0.002066
491.560338  -0.001999
491.580337  -0.001999
491.600336  -0.001866
491.620335  -0.001866
491.640334  -0.001866
491.660334  -0.001666
491.680333  -0.001799
491.700332  -0.001666
491.720331  -0.001666
491.740330  -0.001666
491.760330  -0.001799
491.780329  -0.001399
491.800328  -0.001532
491.820327  -0.001465
491.840326  -0.001399
491.860326  -0.001332
491.880325  -0.001265
491.900324  -0.001399
491.920323  -0.001399
491.940322  -0.001465
491.960322  -0.001332
491.980321  -0.001132
492.000320  -0.000998
492.020319  -0.001265
492.040318  -0.001198
492.060318  -0.001265
492.080317  -0.001065
492.100316  -0.000998
492.120315  -0.001065
492.140314  -0.000932
492.160314  -0.000998
492.180313  -0.000865
492.200312  -0.000865
492.220311  -0.000598
492.240310  -0.000731
492.260310  -0.000865
492.280309  -0.000731
492.300308  -0.000731
492.320307  -0.000798
492.340306  -0.000531
492.360306  -0.000531
492.380305  -0.000598
492.400304  -0.000464
492.420303  -0.000531
492.440302  -0.000398
492.460302  -0.000398
492.480301  -0.000331
492.500300  -0.000531
492.520299  -0.000398
492.540298  -0.000264
492.560298  -0.000264
492.580297  -0.000197
492.600296  0.000003
492.620295  -0.000331
492.640294  -0.000064
492.660294  -0.000131
492.680293  0.000003
492.700292  -0.000131
492.720291  -0.000064
492.740290  0.000203
492.760290  0.000069
492.780289  0.000003
492.800288  0.000270
492.820287  0.000270
492.840286  0.000069
492.860286  0.000270
492.880285  0.000270
492.900284  0.000603
492.920283  0.000537
492.940282  0.000336
492.960282  0.000470
492.980281  0.000470
493.000280  0.000270
493.020279  0.000537
493.040278  0.000537
493.060278  0.000603
493.080277  0.000670
493.100276  0.000537
493.120275  0.000937
493.140274  0.000737
493.160274  0.000803
493.180273  0.000803
493.200272  0.000870
493.220271  0.000737
493.240270  0.001004
493.260270  0.000870
493.280269  0.001070
493.300268  0.001004
493.320267  0.001137
493.340266  0.001070
493.360266  0.001271
493.380265  0.001070
493.400264  0.001070
493.420263  0.001271
493.440262  0.001271
493.460262  0.001471
493.480261  0.001337
493.500260  0.001538
493.520259  0.001404
493.540258  0.001471
493.560258  0.001471
493.580257  0.001538
493.600256  0.001404
493.620255  0.001604
493.640254  0.001671
493.660254  0.001604
493.680253  0.001738
493.700252  0.001671
493.720251  0.001871
493.740250  0.001804
493.760250  0.001871
493.780249  0.001938
493.800248  0.002005
493.820247  0.002005
493.840246  0.002071
493.860246  0.001871
493.880245  0.002071
493.900244  0.002138
493.920243  0.002138
493.940242  0.002138
493.960242  0.002205
493.980241  0.002272
494.000240  0.002071
494.020239  0.002272
494.040238  0.002338
494.060238  0.002338
494.080237  0.002405
494.100236  0.002405
494.120235  0.002472
494.140234  0.002472
494.160234  0.002538
494.180233  0.002605
494.200232  0.002672
494.220231  0.002605
494.240230  0.002605
494.260230  0.002805
494.280229  0.002805
494.300228  0.002739
494.320227  0.002805
494.340226  0.002805
494.360226  0.002805
494.380225  0.003006
494.400224  0.002939
494.420223  0.002939
494.440222  0.003273
494.460222  0.002805
494.480221  0.003072
494.500220  0.002872
494.520219  0.003206
494.540218  0.003139
494.560218  0.003406
494.580217  0.003273
494.600216  0.003339
494.620215  0.003406
494.640214  0.003206
494.660214  0.003406
494.680213  0.003539
494.700212  0.003539
494.720211  0.003673
494.740210  0.003539
494.760210  0.003673
494.780209  0.003673
494.800208  0.003673
494.820207  0.003740
494.840206  0.003539
494.860206  0.003539
494.880205  0.003873
494.900204  0.003940
494.920203  0.003940
494.940202  0.003940
494.960202  0.004007
494.980201  0.004007
495.000200  0.003940
495.020199  0.004007
495.040198  0.004073
495.060198  0.004007
495.080197  0.003940
495.100196  0.004273
495.120195  0.004273
495.140194  0.004273
495.160194  0.004273
495.180193  0.004474
495.200192  0.004273
495.220191  0.004340
495.240190  0.004474
495.260190  0.004607
495.280189  0.004540
495.300188  0.004540
495.320187  0.004474
495.340186  0.004607
495.360186  0.004674
495.380185  0.004674
495.400184  0.004874
495.420183  0.004741
495.440182  0.004807
495.460182  0.004941
495.480181  0.004807
495.500180  0.004941
495.520179  0.005141
495.540178  0.004941
495.560178  0.005074
495.580177  0.004874
495.600176  0.005008
495.620175  0.005141
495.640174  0.005141
495.660174  0.005008
495.680173  0.005208
495.700172  0.005141
495.720171  0.005341
495.740170  0.005341
495.760170  0.005341
495.780169  0.005341
495.800168  0.005408
495.820167  0.005341
495.840166  0.005475
495.860166  0.005608
495.880165  0.005408
495.900164  0.005608
495.920163  0.005742
495.940162  0.005608
495.960162  0.005675
495.980161  0.005541
496.000160  0.005675
496.020159  0.005808
496.040158  0.005942
496.060158  0.005608
496.080157  0.005742
496.100156  0.005742
496.120155  0.006075
496.140154  0.005942
496.160154  0.005875
496.180153  0.006008
496.200152  0.006075
496.220151  0.006209
496.240150  0.006142
496.260150  0.006275
496.280149  0.006209
496.300148  0.006209
496.320147  0.006209
496.340146  0.006476
496.360146  0.006209
496.380145  0.006542
496.400144  0.006476
496.420143  0.006676
496.440142  0.006542
496.460142  0.006743
496.480141  0.006476
496.500140  0.006609
496.520139  0.006476
496.540138  0.006676
496.560138  0.006609
496.580137  0.006542
496.600136  0.006743
496.620135  0.007076
496.640134  0.006676
496.660134  0.006743
496.680133  0.007076
496.700132  0.006876
496.720131  0.006609
496.740130  0.007009
496.760130  0.006943
496.780129  0.007009
496.800128  0.007143
496.820127  0.007143
496.840126  0.007076
496.860126  0.007009
496.880125  0.007276
496.900124  0.007076
496.920123  0.007343
496.940122  0.007477
496.960122  0.007276
496.980121  0.007410
497.000120  0.007410
497.020119  0.007343
497.040118  0.007543
497.060118  0.007477
497.080117  0.007543
497.100116  0.007743
497.120115  0.007543
497.140114  0.007477
497.160114  0.007743
497.180113  0.007877
497.200112  0.007743
497.220111  0.007810
497.240110  0.007743
497.260110  0.008010
497.280109  0.008077
497.300108  0.008010
497.320107  0.008010
497.340106  0.008077
497.360106  0.008144
497.380105  0.008077
497.400104  0.008144
497.420103  0.008211
497.440102  0.008144
497.460102  0.008344
497.480101  0.008411
497.500100  0.008344
497.520099  0.008544
497.540098  0.008344
497.560098  0.008478
497.580097  0.008544
497.600096  0.008211
497.620095  0.008344
497.640094  0.008478
497.660094  0.008744
497.680093  0.008678
497.700092  0.008878
497.720091  0.008544
497.740090  0.008744
497.760090  0.008744
497.780089  0.008811
497.800088  0.008744
497.820087  0.008744
497.840086  0.008811
497.860086  0.009011
497.880085  0.008878
497.900084  0.009011
497.920083  0.009078
497.940082  0.009145
497.960082  0.009145
497.980081  0.009212
498.000080  0.009078
498.020079  0.009212
498.040078  0.009345
498.060078  0.009278
498.080077  0.009278
498.100076  0.009345
498.120075  0.009412
498.140074  0.009345
498.160074  0.009078
498.180073  0.009412
498.200072  0.009478
498.220071  0.009612
498.240070  0.009679
498.260070  0.009612
498.280069  0.009478
498.300068  0.009612
498.320067  0.009812
498.340066  0.009812
498.360066  0.009745
498.380065  0.009745
498.400064  0.009879
498.420063  0.009812
498.440062  0.009812
498.460062  0.009946
498.480061  0.009812
498.500060  0.009879
498.520059  0.010213
498.540058  0.010279
498.560058  0.010146
498.580057  0.010079
498.600056  0.010079
498.620055  0.010213
498.640054  0.010279
498.660054  0.010213
498.680053  0.010479
498.700052  0.010413
498.720051  0.010479
498.740050  0.010413
498.760050  0.010346
498.780049  0.010613
498.800048  0.010746
498.820047  0.010613
498.840046  0.010546
498.860046  0.010680
498.880045  0.010680
498.900044  0.010613
498.920043  0.010680
498.940042  0.010813
498.960042  0.010947
498.980041  0.010880
499.000040  0.010880
499.020039  0.010746
499.040038  0.010746
499.060038  0.010746
499.080037  0.011013
499.100036  0.011213
499.120035  0.011147
499.140034  0.010880
499.160034  0.011147
499.180033  0.011280
499.200032  0.011414
499.220031  0.011213
499.240030  0.011280
499.260030  0.011280
499.280029  0.011347
499.300028  0.011480
499.320027  0.011414
499.340026  0.011414
499.360026  0.011414
499.380025  0.011681
499.400024  0.011681
499.420023  0.011480
499.440022  0.011614
499.460022  0.011347
499.480021  0.011747
499.500020  0.011747
499.520019  0.011547
499.540018  0.011814
499.560018  0.011681
499.580017  0.011948
499.600016  0.011881
499.620015  0.011814
499.640014  0.011881
499.660014  0.012014
499.680013  0.012081
499.700012  0.012081
499.720011  0.012014
499.740010  0.012014
499.760010  0.012415
499.780009  0.012348
499.800008  0.012281
499.820007  0.012014
499.840006  0.012348
499.860006  0.012214
499.880005  0.012348
499.900004  0.012415
499.920003  0.012415
499.940002  0.012415
499.960002  0.012682
