DataBase = TT1
ShotNo = 4318
SignalName = GBP7T
SignalUnit = T
TriggerTime = 0.000000 ms
Period = 0.019999 ms
CreateTime = 2026/07/21 13:10:08
Samples = 25000
0.000000  0.000036
0.019999  0.000171
0.039998  -0.000259
0.059998  0.000012
0.079997  -0.000025
0.099996  -0.000062
0.119995  0.000061
0.139994  -0.000001
0.159994  -0.000025
0.179993  -0.000210
0.199992  -0.000074
0.219991  -0.000087
0.239990  -0.000025
0.259990  0.000012
0.279989  -0.000013
0.299988  -0.000025
0.319987  -0.000124
0.339986  0.000503
0.359986  -0.000037
0.379985  0.000024
0.399984  -0.000185
0.419983  -0.000087
0.439982  -0.000173
0.459982  -0.000210
0.479981  0.000147
0.499980  0.000049
0.519979  -0.000246
0.539978  -0.000160
0.559978  -0.000099
0.579977  0.000061
0.599976  0.000061
0.619975  -0.000111
0.639974  -0.000148
0.659974  0.000122
0.679973  0.000073
0.699972  -0.000025
0.719971  -0.000148
0.739970  0.000294
0.759970  -0.000148
0.779969  -0.000136
0.799968  -0.000369
0.819967  -0.000173
0.839966  0.000135
0.859966  0.000073
0.879965  -0.000062
0.899964  0.000012
0.919963  0.000012
0.939962  0.000307
0.959962  -0.000074
0.979961  0.000110
0.999960  -0.000074
1.019959  0.000098
1.039958  -0.000160
1.059958  -0.000013
1.079957  -0.000037
1.099956  0.000012
1.119955  -0.000173
1.139954  -0.000050
1.159954  0.000184
1.179953  0.000073
1.199952  0.000061
1.219951  -0.000185
1.239950  -0.000246
1.259950  -0.000013
1.279949  -0.000037
1.299948  -0.000246
1.319947  -0.000050
1.339946  0.000098
1.359946  -0.000074
1.379945  0.000073
1.399944  -0.000148
1.419943  -0.000087
1.439942  -0.000099
1.459942  -0.000136
1.479941  0.000049
1.499940  -0.000111
1.519939  0.000036
1.539938  -0.000013
1.559938  -0.000062
1.579937  0.000061
1.599936  -0.000001
1.619935  -0.000099
1.639934  0.000282
1.659934  -0.000001
1.679933  -0.000111
1.699932  0.000233
1.719931  -0.000173
1.739930  0.000135
1.759930  0.000233
1.779929  0.000270
1.799928  0.000073
1.819927  0.000073
1.839926  -0.000222
1.859926  0.000024
1.879925  -0.000037
1.899924  0.000024
1.919923  -0.000185
1.939922  0.000233
1.959922  0.000110
1.979921  -0.000332
1.999920  0.000208
2.019919  -0.000025
2.039918  0.000061
2.059918  0.000208
2.079917  -0.000148
2.099916  0.000331
2.119915  0.000024
2.139914  0.000270
2.159914  0.000061
2.179913  0.000049
2.199912  -0.000124
2.219911  0.000233
2.239910  -0.000074
2.259910  -0.000124
2.279909  -0.000062
2.299908  0.000024
2.319907  -0.000013
2.339906  -0.000173
2.359906  -0.000013
2.379905  -0.000037
2.399904  -0.000037
2.419903  0.000036
2.439902  -0.000283
2.459902  0.000085
2.479901  -0.000382
2.499900  -0.000050
2.519899  0.000073
2.539898  0.000196
2.559898  -0.000062
2.579897  0.000012
2.599896  -0.000037
2.619895  0.000171
2.639894  0.000049
2.659894  0.000147
2.679893  -0.000160
2.699892  0.000024
2.719891  0.000122
2.739890  -0.000087
2.759890  0.000024
2.779889  -0.000246
2.799888  -0.000062
2.819887  0.000159
2.839886  -0.000062
2.859886  -0.000013
2.879885  -0.000025
2.899884  -0.000013
2.919883  -0.000074
2.939882  0.000073
2.959882  0.000368
2.979881  0.000098
2.999880  0.000085
3.019879  0.000073
3.039878  0.000061
3.059878  -0.000259
3.079877  -0.000160
3.099876  0.000147
3.119875  0.000012
3.139874  0.000073
3.159874  -0.000160
3.179873  0.000036
3.199872  -0.000111
3.219871  0.000024
3.239870  -0.000136
3.259870  0.000061
3.279869  -0.000062
3.299868  -0.000025
3.319867  0.000147
3.339866  -0.000111
3.359866  0.000110
3.379865  0.000012
3.399864  0.000282
3.419863  -0.000062
3.439862  0.000098
3.459862  -0.000234
3.479861  0.000024
3.499860  0.000085
3.519859  0.000208
3.539858  -0.000013
3.559858  -0.000173
3.579857  0.000122
3.599856  0.000171
3.619855  0.000221
3.639854  -0.000087
3.659854  -0.000087
3.679853  0.000257
3.699852  -0.000013
3.719851  0.000282
3.739850  0.000147
3.759850  0.000085
3.779849  -0.000013
3.799848  -0.000074
3.819847  -0.000111
3.839846  -0.000111
3.859846  -0.000234
3.879845  0.000012
3.899844  -0.000345
3.919843  -0.000480
3.939842  -0.000234
3.959842  -0.000271
3.979841  0.000073
3.999840  0.000135
4.019839  0.000024
4.039838  -0.000259
4.059838  -0.000124
4.079837  -0.000062
4.099836  0.000110
4.119835  0.000257
4.139834  -0.000074
4.159834  0.000221
4.179833  -0.000013
4.199832  -0.000111
4.219831  0.000036
4.239830  0.000171
4.259830  -0.000173
4.279829  0.000049
4.299828  0.000036
4.319827  -0.000025
4.339826  -0.000124
4.359826  0.000159
4.379825  0.000147
4.399824  0.000061
4.419823  -0.000111
4.439822  0.000331
4.459822  0.000036
4.479821  0.000073
4.499820  -0.000050
4.519819  -0.000013
4.539818  -0.000099
4.559818  0.000270
4.579817  0.000110
4.599816  0.000012
4.619815  0.000024
4.639814  0.000184
4.659814  0.000110
4.679813  -0.000074
4.699812  -0.000369
4.719811  0.000036
4.739810  -0.000173
4.759810  -0.000234
4.779809  0.000024
4.799808  0.000184
4.819807  0.000270
4.839806  0.000073
4.859806  0.000208
4.879805  0.000171
4.899804  -0.000136
4.919803  -0.000087
4.939802  0.000012
4.959802  -0.000087
4.979801  -0.000345
4.999800  0.000368
5.019799  -0.000037
5.039798  -0.000001
5.059798  -0.000025
5.079797  -0.000222
5.099796  -0.000246
5.119795  -0.000001
5.139794  0.000417
5.159794  0.000073
5.179793  0.000085
5.199792  0.000135
5.219791  0.000221
5.239790  0.000135
5.259790  -0.000062
5.279789  0.000049
5.299788  0.000122
5.319787  0.000036
5.339786  0.000307
5.359786  0.000024
5.379785  0.000110
5.399784  -0.000013
5.419783  0.000184
5.439782  -0.000037
5.459782  -0.000160
5.479781  0.000061
5.499780  -0.000210
5.519779  -0.000025
5.539778  -0.000185
5.559778  -0.000087
5.579777  0.000012
5.599776  -0.000296
5.619775  -0.000222
5.639774  -0.000062
5.659774  -0.000074
5.679773  -0.000111
5.699772  -0.000136
5.719771  0.000221
5.739770  0.000036
5.759770  -0.000037
5.779769  0.000208
5.799768  0.000356
5.819767  -0.000099
5.839766  -0.000087
5.859766  -0.000320
5.879765  0.000024
5.899764  0.000024
5.919763  0.000221
5.939762  -0.000136
5.959762  0.000221
5.979761  0.000024
5.999760  0.000184
6.019759  -0.000099
6.039758  -0.000185
6.059758  -0.000001
6.079757  -0.000037
6.099756  0.000110
6.119755  -0.000099
6.139754  0.000085
6.159754  -0.000050
6.179753  0.000024
6.199752  0.000380
6.219751  0.000184
6.239750  -0.000124
6.259750  -0.000136
6.279749  0.000171
6.299748  0.000233
6.319747  -0.000037
6.339746  0.000085
6.359746  0.000135
6.379745  0.000122
6.399744  0.000122
6.419743  0.000061
6.439742  0.000012
6.459742  -0.000234
6.479741  -0.000013
6.499740  0.000110
6.519739  0.000012
6.539738  -0.000160
6.559738  -0.000099
6.579737  0.000196
6.599736  0.000221
6.619735  0.000073
6.639734  -0.000148
6.659734  0.000024
6.679733  -0.000099
6.699732  -0.000087
6.719731  -0.000111
6.739730  0.000085
6.759730  0.000319
6.779729  0.000061
6.799728  -0.000185
6.819727  0.000061
6.839726  -0.000013
6.859726  0.000012
6.879725  -0.000160
6.899724  -0.000025
6.919723  0.000073
6.939722  -0.000025
6.959722  0.000135
6.979721  0.000184
6.999720  0.000012
7.019719  -0.000087
7.039718  0.000061
7.059718  -0.000099
7.079717  -0.000124
7.099716  0.000024
7.119715  0.000012
7.139714  0.000085
7.159714  0.000257
7.179713  -0.000050
7.199712  -0.000013
7.219711  0.000049
7.239710  -0.000050
7.259710  0.000024
7.279709  -0.000148
7.299708  -0.000025
7.319707  0.000061
7.339706  -0.000210
7.359706  -0.000259
7.379705  -0.000037
7.399704  -0.000013
7.419703  0.000282
7.439702  -0.000013
7.459702  0.000233
7.479701  0.000233
7.499700  0.000245
7.519699  -0.000173
7.539698  -0.000148
7.559698  0.000049
7.579697  0.000073
7.599696  -0.000160
7.619695  0.000110
7.639694  0.000061
7.659694  -0.000173
7.679693  -0.000308
7.699692  0.000393
7.719691  0.000110
7.739690  0.000085
7.759690  0.000061
7.779689  0.000270
7.799688  -0.000173
7.819687  0.000110
7.839686  -0.000246
7.859686  -0.000013
7.879685  0.000208
7.899684  -0.000259
7.919683  0.000184
7.939682  0.000012
7.959682  0.000135
7.979681  -0.000222
7.999680  0.000036
8.019679  0.000049
8.039678  0.000159
8.059678  -0.000124
8.079677  -0.000308
8.099676  0.000085
8.119675  -0.000173
8.139674  0.000184
8.159674  0.000049
8.179673  -0.000001
8.199672  -0.000013
8.219671  0.000073
8.239670  -0.000025
8.259670  0.000122
8.279669  0.000171
8.299668  -0.000197
8.319667  0.000208
8.339666  0.000270
8.359666  0.000024
8.379665  0.000147
8.399664  -0.000037
8.419663  0.000049
8.439662  -0.000234
8.459662  -0.000111
8.479661  0.000368
8.499660  0.000012
8.519659  0.000073
8.539658  -0.000099
8.559658  -0.000136
8.579657  0.000085
8.599656  0.000122
8.619655  0.000061
8.639654  0.000012
8.659654  0.000307
8.679653  -0.000037
8.699652  0.000208
8.719651  -0.000013
8.739650  0.000049
8.759650  0.000098
8.779649  0.000110
8.799648  0.000036
8.819647  0.000036
8.839646  -0.000074
8.859646  -0.000185
8.879645  0.000147
8.899644  0.000012
8.919643  0.000122
8.939642  0.000171
8.959642  -0.000074
8.979641  0.000061
8.999640  0.000073
9.019639  0.000085
9.039638  0.000135
9.059638  0.000184
9.079637  0.000196
9.099636  0.000147
9.119635  0.000135
9.139634  0.000061
9.159634  -0.000050
9.179633  0.000073
9.199632  0.000012
9.219631  0.000159
9.239630  0.000036
9.259630  0.000049
9.279629  -0.000148
9.299628  -0.000173
9.319627  -0.000136
9.339626  0.000024
9.359626  -0.000148
9.379625  -0.000013
9.399624  0.000012
9.419623  0.000012
9.439622  0.000208
9.459622  0.000024
9.479621  0.000036
9.499620  -0.000210
9.519619  0.000024
9.539618  -0.000173
9.559618  0.000098
9.579617  0.000122
9.599616  0.000208
9.619615  -0.000050
9.639614  -0.000037
9.659614  0.000171
9.679613  0.000073
9.699612  0.000135
9.719611  -0.000037
9.739610  0.000393
9.759610  0.000073
9.779609  0.000110
9.799608  -0.000050
9.819607  -0.000124
9.839606  0.000061
9.859606  0.000110
9.879605  -0.000111
9.899604  0.000110
9.919603  0.000012
9.939602  0.000159
9.959602  0.000221
9.979601  0.000122
9.999600  -0.000001
10.019599  -0.000037
10.039598  -0.000013
10.059598  -0.000025
10.079597  0.000171
10.099596  0.000135
10.119595  0.000147
10.139594  0.000196
10.159594  0.000012
10.179593  -0.000136
10.199592  -0.000271
10.219591  0.000085
10.239590  0.000196
10.259590  0.000012
10.279589  -0.000406
10.299588  -0.000013
10.319587  -0.000124
10.339586  0.000024
10.359586  0.000036
10.379585  0.000245
10.399584  0.000639
10.419583  -0.000050
10.439582  -0.000001
10.459582  0.000085
10.479581  -0.000087
10.499580  -0.000013
10.519579  0.000061
10.539578  -0.000087
10.559578  0.000073
10.579577  -0.000332
10.599576  0.000036
10.619575  0.000024
10.639574  0.000061
10.659574  0.000135
10.679573  0.000110
10.699572  -0.000369
10.719571  0.000036
10.739570  -0.000050
10.759570  -0.000062
10.779569  -0.000173
10.799568  0.000024
10.819567  -0.000124
10.839566  -0.000148
10.859566  -0.000062
10.879565  0.000012
10.899564  0.000073
10.919563  -0.000050
10.939562  0.000159
10.959562  -0.000197
10.979561  0.000135
10.999560  -0.000124
11.019559  0.000061
11.039558  0.000122
11.059558  -0.000160
11.079557  -0.000197
11.099556  0.000012
11.119555  -0.000197
11.139554  -0.000001
11.159554  -0.000074
11.179553  0.000184
11.199552  0.000122
11.219551  -0.000222
11.239550  0.000122
11.259550  0.000085
11.279549  0.000233
11.299548  -0.000124
11.319547  -0.000111
11.339546  0.000257
11.359546  0.000110
11.379545  0.000270
11.399544  0.000061
11.419543  0.000147
11.439542  0.000049
11.459542  0.000073
11.479541  -0.000013
11.499540  0.000049
11.519539  -0.000136
11.539538  -0.000246
11.559538  -0.000136
11.579537  -0.000037
11.599536  0.000036
11.619535  -0.000062
11.639534  -0.000050
11.659534  0.000331
11.679533  0.000159
11.699532  0.000110
11.719531  -0.000025
11.739530  -0.000185
11.759530  -0.000001
11.779529  -0.000087
11.799528  -0.000111
11.819527  0.000098
11.839526  -0.000025
11.859526  0.000024
11.879525  0.000061
11.899524  0.000012
11.919523  -0.000013
11.939522  0.000098
11.959522  0.000221
11.979521  0.000073
11.999520  -0.000185
12.019519  0.000085
12.039518  0.000171
12.059518  -0.000087
12.079517  0.000257
12.099516  -0.000320
12.119515  -0.000332
12.139514  -0.000136
12.159514  -0.000148
12.179513  -0.000062
12.199512  -0.000111
12.219511  -0.000148
12.239510  0.000073
12.259510  -0.000210
12.279509  -0.000001
12.299508  0.000073
12.319507  -0.000074
12.339506  0.000012
12.359506  0.000184
12.379505  0.000171
12.399504  -0.000074
12.419503  0.000196
12.439502  0.000073
12.459502  0.000331
12.479501  0.000196
12.499500  0.000049
12.519499  0.000147
12.539498  -0.000136
12.559498  0.000049
12.579497  -0.000025
12.599496  -0.000283
12.619495  0.000171
12.639494  0.000061
12.659494  -0.000001
12.679493  0.000024
12.699492  0.000049
12.719491  0.000049
12.739490  0.000049
12.759490  0.000294
12.779489  -0.000025
12.799488  -0.000050
12.819487  0.000196
12.839486  0.000171
12.859486  -0.000037
12.879485  -0.000136
12.899484  0.000085
12.919483  0.000245
12.939482  0.000110
12.959482  -0.000419
12.979481  0.000208
12.999480  -0.000173
13.019479  -0.000124
13.039478  0.000110
13.059478  -0.000136
13.079477  -0.000050
13.099476  -0.000246
13.119475  -0.000197
13.139474  -0.000173
13.159474  0.000024
13.179473  -0.000062
13.199472  -0.000308
13.219471  0.000036
13.239470  -0.000136
13.259470  -0.000062
13.279469  0.000024
13.299468  0.000110
13.319467  -0.000099
13.339466  0.000049
13.359466  -0.000210
13.379465  0.000442
13.399464  -0.000087
13.419463  -0.000210
13.439462  0.000012
13.459462  0.000073
13.479461  0.000135
13.499460  0.000147
13.519459  0.000245
13.539458  0.000135
13.559458  -0.000148
13.579457  0.000098
13.599456  0.000147
13.619455  0.000049
13.639454  0.000344
13.659454  -0.000369
13.679453  -0.000124
13.699452  -0.000136
13.719451  -0.000062
13.739450  0.000098
13.759450  0.000024
13.779449  -0.000050
13.799448  0.000049
13.819447  -0.000025
13.839446  -0.000320
13.859446  -0.000050
13.879445  -0.000050
13.899444  0.000073
13.919443  -0.000025
13.939442  -0.000124
13.959442  -0.000013
13.979441  0.000184
13.999440  -0.000050
14.019439  0.000012
14.039438  0.000208
14.059438  0.000061
14.079437  -0.000001
14.099436  0.000049
14.119435  0.000147
14.139434  -0.000173
14.159434  -0.000111
14.179433  0.000245
14.199432  0.000085
14.219431  0.000159
14.239430  0.000184
14.259430  -0.000173
14.279429  -0.000025
14.299428  0.000245
14.319427  -0.000197
14.339426  0.000061
14.359426  -0.000001
14.379425  -0.000062
14.399424  -0.000332
14.419423  -0.000013
14.439422  -0.000246
14.459422  -0.000013
14.479421  -0.000074
14.499420  -0.000111
14.519419  -0.000062
14.539418  -0.000160
14.559418  0.000122
14.579417  0.000282
14.599416  -0.000062
14.619415  -0.000025
14.639414  0.000171
14.659414  -0.000013
14.679413  -0.000148
14.699412  0.000208
14.719411  0.000184
14.739410  -0.000013
14.759410  0.000073
14.779409  -0.000037
14.799408  -0.000308
14.819407  0.000196
14.839406  0.000122
14.859406  -0.000025
14.879405  0.000110
14.899404  -0.000099
14.919403  0.000110
14.939402  -0.000148
14.959402  0.000049
14.979401  0.000085
14.999400  -0.000013
15.019399  0.000012
15.039398  0.000196
15.059398  -0.000062
15.079397  0.000085
15.099396  0.000171
15.119395  0.000122
15.139394  0.000147
15.159394  -0.000025
15.179393  -0.000025
15.199392  0.000405
15.219391  -0.000320
15.239390  0.000073
15.259390  -0.000099
15.279389  -0.000111
15.299388  -0.000111
15.319387  0.000036
15.339386  -0.000025
15.359386  0.000049
15.379385  0.000061
15.399384  -0.000062
15.419383  -0.000111
15.439382  0.000221
15.459382  -0.000124
15.479381  0.000282
15.499380  0.000122
15.519379  -0.000111
15.539378  0.000331
15.559378  -0.000136
15.579377  0.000122
15.599376  0.000085
15.619375  0.000036
15.639374  -0.000050
15.659374  -0.000050
15.679373  0.000061
15.699372  -0.000050
15.719371  0.000221
15.739370  0.000257
15.759370  0.000073
15.779369  -0.000074
15.799368  0.000159
15.819367  0.000221
15.839366  -0.000062
15.859366  0.000012
15.879365  0.000085
15.899364  0.000147
15.919363  -0.000406
15.939362  0.000122
15.959362  0.000012
15.979361  -0.000124
15.999360  -0.000062
16.019359  0.000319
16.039358  -0.000025
16.059358  0.000098
16.079357  0.000061
16.099356  -0.000074
16.119355  -0.000308
16.139354  0.000085
16.159354  -0.000050
16.179353  0.000036
16.199352  -0.000062
16.219351  -0.000062
16.239350  0.000135
16.259350  0.000073
16.279349  0.000036
16.299348  0.000061
16.319347  0.000085
16.339346  -0.000099
16.359346  -0.000013
16.379345  0.000110
16.399344  -0.000210
16.419343  -0.000037
16.439342  -0.000111
16.459342  0.000405
16.479341  -0.000087
16.499340  0.000073
16.519339  -0.000025
16.539338  -0.000001
16.559338  -0.000025
16.579337  -0.000050
16.599336  0.000282
16.619335  0.000073
16.639334  -0.000062
16.659334  -0.000111
16.679333  0.000282
16.699332  0.000331
16.719331  0.000061
16.739330  -0.000050
16.759330  0.000024
16.779329  -0.000025
16.799328  -0.000345
16.819327  -0.000013
16.839326  -0.000025
16.859326  -0.000001
16.879325  -0.000037
16.899324  0.000049
16.919323  -0.000185
16.939322  0.000245
16.959322  -0.000001
16.979321  -0.000246
16.999320  -0.000185
17.019319  -0.000001
17.039318  0.000085
17.059318  -0.000062
17.079317  -0.000283
17.099316  0.000184
17.119315  -0.000111
17.139314  0.000196
17.159314  -0.000087
17.179313  0.000073
17.199312  -0.000234
17.219311  0.000098
17.239310  -0.000136
17.259310  0.000257
17.279309  -0.000037
17.299308  0.000036
17.319307  -0.000111
17.339306  -0.000124
17.359306  0.000135
17.379305  0.000049
17.399304  0.000085
17.419303  -0.000111
17.439302  -0.000185
17.459302  0.000024
17.479301  0.000085
17.499300  0.000122
17.519299  0.000380
17.539298  0.000257
17.559298  0.000122
17.579297  0.000159
17.599296  0.000073
17.619295  -0.000345
17.639294  0.000098
17.659294  -0.000124
17.679293  -0.000234
17.699292  -0.000050
17.719291  0.000061
17.739290  0.000122
17.759290  -0.000259
17.779289  0.000122
17.799288  0.000061
17.819287  -0.000111
17.839286  -0.000050
17.859286  0.000049
17.879285  0.000171
17.899284  -0.000308
17.919283  -0.000185
17.939282  -0.000087
17.959282  -0.000185
17.979281  0.000110
17.999280  0.000184
18.019279  0.000270
18.039278  -0.000001
18.059278  -0.000210
18.079277  0.000061
18.099276  -0.000001
18.119275  0.000147
18.139274  -0.000124
18.159274  0.000135
18.179273  -0.000320
18.199272  0.000196
18.219271  -0.000234
18.239270  0.000049
18.259270  -0.000148
18.279269  -0.000111
18.299268  0.000049
18.319267  -0.000013
18.339266  0.000061
18.359266  0.000012
18.379265  0.000061
18.399264  -0.000037
18.419263  0.000012
18.439262  -0.000099
18.459262  0.000024
18.479261  0.000122
18.499260  -0.000050
18.519259  0.000159
18.539258  0.000061
18.559258  -0.000050
18.579257  0.000135
18.599256  0.000147
18.619255  0.000257
18.639254  0.000085
18.659254  0.000208
18.679253  -0.000136
18.699252  -0.000013
18.719251  -0.000332
18.739250  -0.000037
18.759250  -0.000210
18.779249  -0.000124
18.799248  0.000036
18.819247  0.000049
18.839246  0.000061
18.859246  0.000036
18.879245  0.000221
18.899244  0.000036
18.919243  -0.000025
18.939242  -0.000087
18.959242  0.000073
18.979241  0.000270
18.999240  -0.000185
19.019239  0.000171
19.039238  -0.000025
19.059238  0.000085
19.079237  0.000110
19.099236  -0.000001
19.119235  -0.000099
19.139234  -0.000062
19.159234  0.000135
19.179233  0.000085
19.199232  -0.000037
19.219231  0.000061
19.239230  0.000085
19.259230  0.000233
19.279229  -0.000136
19.299228  0.000159
19.319227  -0.000111
19.339226  0.000012
19.359226  0.000184
19.379225  0.000085
19.399224  0.000356
19.419223  -0.000001
19.439222  -0.000050
19.459222  0.000049
19.479221  0.000085
19.499220  -0.000210
19.519219  -0.000050
19.539218  0.000024
19.559218  0.000110
19.579217  0.000122
19.599216  -0.000148
19.619215  0.000024
19.639214  0.000417
19.659214  -0.000111
19.679213  0.000245
19.699212  0.000184
19.719211  0.000147
19.739210  -0.000136
19.759210  0.000036
19.779209  -0.000173
19.799208  -0.000124
19.819207  0.000012
19.839206  0.000061
19.859206  -0.000087
19.879205  0.000159
19.899204  -0.000050
19.919203  0.000085
19.939202  -0.000124
19.959202  -0.000037
19.979201  -0.000160
19.999200  -0.000025
20.019199  0.000147
20.039198  0.000159
20.059198  0.000221
20.079197  -0.000173
20.099196  0.000159
20.119195  -0.000025
20.139194  -0.000136
20.159194  -0.000111
20.179193  0.000036
20.199192  0.000085
20.219191  0.000073
20.239190  -0.000332
20.259190  -0.000037
20.279189  0.000061
20.299188  0.000393
20.319187  0.000061
20.339186  -0.000062
20.359186  -0.000062
20.379185  -0.000050
20.399184  -0.000074
20.419183  -0.000148
20.439182  0.000208
20.459182  -0.000062
20.479181  0.000073
20.499180  -0.000210
20.519179  -0.000099
20.539178  -0.000001
20.559178  0.000208
20.579177  0.000122
20.599176  0.000061
20.619175  0.000012
20.639174  -0.000001
20.659174  0.000196
20.679173  0.000233
20.699172  -0.000222
20.719171  -0.000025
20.739170  -0.000357
20.759170  -0.000259
20.779169  0.000085
20.799168  -0.000124
20.819167  0.000012
20.839166  0.000184
20.859166  0.000012
20.879165  -0.000050
20.899164  -0.000087
20.919163  0.000147
20.939162  -0.000037
20.959162  0.000135
20.979161  0.000098
20.999160  -0.000062
21.019159  -0.000136
21.039158  -0.000050
21.059158  0.000012
21.079157  -0.000050
21.099156  -0.000025
21.119155  0.000135
21.139154  -0.000099
21.159154  0.000012
21.179153  -0.000124
21.199152  -0.000210
21.219151  0.000294
21.239150  0.000024
21.259150  0.000110
21.279149  -0.000136
21.299148  0.000012
21.319147  -0.000160
21.339146  0.000147
21.359146  0.000049
21.379145  0.000098
21.399144  0.000122
21.419143  -0.000037
21.439142  0.000036
21.459142  -0.000099
21.479141  -0.000111
21.499140  -0.000037
21.519139  0.000270
21.539138  0.000024
21.559138  -0.000074
21.579137  0.000196
21.599136  -0.000210
21.619135  -0.000013
21.639134  -0.000173
21.659134  0.000024
21.679133  0.000184
21.699132  0.000221
21.719131  0.000147
21.739130  0.000036
21.759130  -0.000160
21.779129  -0.000099
21.799128  0.000270
21.819127  -0.000185
21.839126  0.000024
21.859126  -0.000124
21.879125  0.000135
21.899124  -0.000074
21.919123  -0.000087
21.939122  0.000012
21.959122  -0.000050
21.979121  -0.000160
21.999120  0.000184
22.019119  -0.000222
22.039118  -0.000037
22.059118  -0.000099
22.079117  -0.000013
22.099116  -0.000124
22.119115  -0.000271
22.139114  -0.000160
22.159114  0.000233
22.179113  0.000184
22.199112  0.000073
22.219111  -0.000013
22.239110  -0.000210
22.259110  -0.000025
22.279109  -0.000025
22.299108  -0.000074
22.319107  0.000098
22.339106  0.000012
22.359106  0.000270
22.379105  -0.000382
22.399104  0.000012
22.419103  0.000012
22.439102  0.000085
22.459102  0.000061
22.479101  0.000196
22.499100  -0.000283
22.519099  -0.000037
22.539098  0.000085
22.559098  -0.000210
22.579097  -0.000320
22.599096  0.000073
22.619095  -0.000062
22.639094  -0.000136
22.659094  -0.000296
22.679093  -0.000037
22.699092  -0.000087
22.719091  -0.000124
22.739090  0.000110
22.759090  -0.000185
22.779089  0.000171
22.799088  0.000049
22.819087  0.000171
22.839086  -0.000087
22.859086  -0.000037
22.879085  0.000294
22.899084  0.000024
22.919083  0.000036
22.939082  0.000024
22.959082  0.000036
22.979081  -0.000320
22.999080  -0.000320
23.019079  -0.000037
23.039078  -0.000037
23.059078  -0.000074
23.079077  0.000344
23.099076  0.000073
23.119075  -0.000050
23.139074  0.000036
23.159074  -0.000332
23.179073  -0.000087
23.199072  -0.000283
23.219071  0.000098
23.239070  -0.000062
23.259070  0.000036
23.279069  -0.000148
23.299068  0.000184
23.319067  0.000073
23.339066  -0.000062
23.359066  0.000110
23.379065  -0.000074
23.399064  0.000098
23.419063  0.000122
23.439062  0.000196
23.459062  0.000147
23.479061  -0.000074
23.499060  -0.000173
23.519059  -0.000148
23.539058  0.000135
23.559058  0.000061
23.579057  0.000085
23.599056  -0.000173
23.619055  -0.000455
23.639054  -0.000185
23.659054  -0.000136
23.679053  -0.000148
23.699052  -0.000074
23.719051  -0.000062
23.739050  -0.000087
23.759050  -0.000087
23.779049  -0.000246
23.799048  -0.000037
23.819047  -0.000173
23.839046  -0.000013
23.859046  -0.000037
23.879045  0.000012
23.899044  0.000098
23.919043  0.000171
23.939042  -0.000124
23.959042  -0.000074
23.979041  0.000171
23.999040  0.000012
24.019039  -0.000148
24.039038  0.000012
24.059038  0.000098
24.079037  -0.000124
24.099036  -0.000062
24.119035  -0.000197
24.139034  -0.000025
24.159034  -0.000148
24.179033  -0.000541
24.199032  -0.000074
24.219031  0.000159
24.239030  0.000049
24.259030  -0.000025
24.279029  -0.000234
24.299028  0.000159
24.319027  0.000159
24.339026  -0.000136
24.359026  -0.000074
24.379025  -0.000394
24.399024  0.000073
24.419023  -0.000124
24.439022  0.000405
24.459022  0.000282
24.479021  0.000208
24.499020  0.000135
24.519019  0.000233
24.539018  -0.000111
24.559018  0.000282
24.579017  0.000110
24.599016  -0.000037
24.619015  -0.000025
24.639014  0.000442
24.659014  0.000110
24.679013  0.000073
24.699012  -0.000062
24.719011  -0.000222
24.739010  -0.000210
24.759010  0.000135
24.779009  -0.000345
24.799008  -0.000062
24.819007  -0.000369
24.839006  -0.000025
24.859006  -0.000160
24.879005  0.000012
24.899004  0.000049
24.919003  0.000012
24.939002  -0.000087
24.959002  0.000036
24.979001  0.000085
24.999000  -0.000087
25.018999  -0.000222
25.038998  -0.000087
25.058998  0.000257
25.078997  -0.000185
25.098996  -0.000013
25.118995  -0.000124
25.138994  0.000036
25.158994  -0.000111
25.178993  0.000012
25.198992  -0.000136
25.218991  0.000221
25.238990  0.000049
25.258990  -0.000185
25.278989  -0.000099
25.298988  -0.000013
25.318987  -0.000136
25.338986  0.000073
25.358986  0.000171
25.378985  0.000073
25.398984  0.000049
25.418983  -0.000136
25.438982  0.000159
25.458982  0.000282
25.478981  -0.000124
25.498980  -0.000259
25.518979  -0.000025
25.538978  -0.000087
25.558978  -0.000062
25.578977  0.000196
25.598976  0.000135
25.618975  0.000049
25.638974  -0.000136
25.658974  -0.000124
25.678973  -0.000062
25.698972  -0.000160
25.718971  0.000171
25.738970  0.000098
25.758970  -0.000136
25.778969  -0.000111
25.798968  0.000024
25.818967  -0.000050
25.838966  -0.000062
25.858966  -0.000099
25.878965  -0.000001
25.898964  -0.000111
25.918963  0.000147
25.938962  0.000012
25.958962  0.000184
25.978961  -0.000037
25.998960  0.000036
26.018959  -0.000013
26.038958  -0.000406
26.058958  -0.000037
26.078957  -0.000050
26.098956  -0.000160
26.118955  -0.000271
26.138954  0.000024
26.158954  0.000073
26.178953  -0.000099
26.198952  -0.000074
26.218951  -0.000185
26.238950  -0.000136
26.258950  0.000012
26.278949  -0.000062
26.298948  -0.000087
26.318947  -0.000062
26.338946  0.000061
26.358946  -0.000197
26.378945  -0.000160
26.398944  0.000073
26.418943  0.000024
26.438942  -0.000332
26.458942  -0.000124
26.478941  0.000012
26.498940  0.000159
26.518939  0.000307
26.538938  0.000024
26.558938  0.000049
26.578937  0.000110
26.598936  0.000012
26.618935  -0.000222
26.638934  -0.000037
26.658934  0.000233
26.678933  0.000085
26.698932  0.000171
26.718931  -0.000210
26.738930  0.000073
26.758930  0.000319
26.778929  0.000233
26.798928  -0.000541
26.818927  -0.000111
26.838926  -0.000025
26.858926  -0.000308
26.878925  -0.000062
26.898924  0.000085
26.918923  -0.000136
26.938922  0.000184
26.958922  0.000319
26.978921  -0.000001
26.998920  -0.000124
27.018919  0.000085
27.038918  0.000307
27.058918  -0.000124
27.078917  0.000135
27.098916  -0.000111
27.118915  -0.000210
27.138914  0.000122
27.158914  0.000122
27.178913  -0.000136
27.198912  0.000049
27.218911  -0.000013
27.238910  0.000122
27.258910  0.000024
27.278909  -0.000124
27.298908  0.000049
27.318907  -0.000013
27.338906  -0.000087
27.358906  0.000085
27.378905  0.000061
27.398904  0.000122
27.418903  -0.000062
27.438902  0.000208
27.458902  -0.000357
27.478901  0.000282
27.498900  0.000012
27.518899  -0.000025
27.538898  0.000528
27.558898  -0.000037
27.578897  0.000282
27.598896  0.000012
27.618895  -0.000111
27.638894  0.000430
27.658894  -0.000062
27.678893  0.000085
27.698892  0.000319
27.718891  0.000294
27.738890  -0.000050
27.758890  0.000122
27.778889  -0.000062
27.798888  0.000049
27.818887  0.000024
27.838886  -0.000062
27.858886  -0.000382
27.878885  0.000147
27.898884  -0.000037
27.918883  -0.000332
27.938882  0.000208
27.958882  -0.000197
27.978881  0.000110
27.998880  -0.000197
28.018879  -0.000062
28.038878  -0.000210
28.058878  0.000098
28.078877  -0.000025
28.098876  0.000233
28.118875  0.000270
28.138874  0.000270
28.158874  0.000012
28.178873  -0.000025
28.198872  -0.000148
28.218871  -0.000099
28.238870  -0.000050
28.258870  0.000085
28.278869  -0.000025
28.298868  0.000245
28.318867  0.000208
28.338866  -0.000124
28.358866  -0.000074
28.378865  -0.000050
28.398864  0.000098
28.418863  -0.000074
28.438862  0.000085
28.458862  -0.000013
28.478861  0.000049
28.498860  0.000073
28.518859  0.000135
28.538858  -0.000062
28.558858  -0.000173
28.578857  0.000159
28.598856  -0.000210
28.618855  0.000012
28.638854  0.000208
28.658854  -0.000025
28.678853  -0.000074
28.698852  0.000049
28.718851  0.000184
28.738850  -0.000271
28.758850  0.000098
28.778849  -0.000025
28.798848  -0.000443
28.818847  -0.000037
28.838846  0.000159
28.858846  -0.000087
28.878845  0.000049
28.898844  0.000085
28.918843  -0.000050
28.938842  0.000368
28.958842  0.000147
28.978841  0.000122
28.998840  -0.000148
29.018839  -0.000025
29.038838  -0.000074
29.058838  0.000061
29.078837  0.000049
29.098836  -0.000197
29.118835  -0.000185
29.138834  -0.000025
29.158834  0.000245
29.178833  -0.000087
29.198832  0.000159
29.218831  0.000221
29.238830  0.000036
29.258830  -0.000136
29.278829  -0.000001
29.298828  0.000049
29.318827  0.000049
29.338826  -0.000050
29.358826  -0.000160
29.378825  -0.000037
29.398824  0.000122
29.418823  0.000073
29.438822  -0.000111
29.458822  -0.000050
29.478821  -0.000357
29.498820  -0.000210
29.518819  0.000073
29.538818  0.000024
29.558818  -0.000271
29.578817  -0.000136
29.598816  -0.000173
29.618815  0.000024
29.638814  -0.000062
29.658814  0.000049
29.678813  0.000049
29.698812  -0.000074
29.718811  -0.000050
29.738810  0.000098
29.758810  -0.000222
29.778809  0.000184
29.798808  0.000012
29.818807  -0.000001
29.838806  -0.000124
29.858806  0.000012
29.878805  0.000098
29.898804  0.000221
29.918803  -0.000074
29.938802  0.000061
29.958802  0.000049
29.978801  -0.000074
29.998800  -0.000124
30.018799  0.000270
30.038798  0.000098
30.058798  0.000135
30.078797  -0.000013
30.098796  -0.000173
30.118795  -0.000074
30.138794  0.000196
30.158794  0.000135
30.178793  0.000012
30.198792  -0.000271
30.218791  0.000454
30.238790  -0.000160
30.258790  -0.000124
30.278789  -0.000210
30.298788  0.000245
30.318787  -0.000074
30.338786  -0.000443
30.358786  -0.000025
30.378785  -0.000173
30.398784  0.000221
30.418783  0.000135
30.438782  0.000049
30.458782  0.000012
30.478781  -0.000345
30.498780  0.000073
30.518779  -0.000124
30.538778  0.000049
30.558778  0.000024
30.578777  -0.000050
30.598776  -0.000025
30.618775  0.000331
30.638774  0.000085
30.658774  0.000012
30.678773  -0.000062
30.698772  0.000073
30.718771  -0.000726
30.738770  0.000110
30.758770  -0.000259
30.778769  0.000036
30.798768  0.000024
30.818767  -0.000062
30.838766  -0.000124
30.858766  -0.000259
30.878765  -0.000271
30.898764  0.000085
30.918763  -0.000111
30.938762  -0.000013
30.958762  -0.000062
30.978761  0.000012
30.998760  0.000110
31.018759  0.000171
31.038758  -0.000406
31.058758  0.000073
31.078757  -0.000124
31.098756  -0.000013
31.118755  -0.000025
31.138754  0.000012
31.158754  0.000073
31.178753  -0.000074
31.198752  -0.000001
31.218751  -0.000210
31.238750  -0.000111
31.258750  0.000245
31.278749  -0.000074
31.298748  -0.000283
31.318747  -0.000025
31.338746  -0.000124
31.358746  -0.000013
31.378745  0.000049
31.398744  -0.000271
31.418743  -0.000210
31.438742  0.000110
31.458742  0.000122
31.478741  0.000049
31.498740  0.000171
31.518739  -0.000087
31.538738  -0.000025
31.558738  0.000073
31.578737  -0.000013
31.598736  0.000245
31.618735  0.000245
31.638734  0.000270
31.658734  -0.000308
31.678733  0.000159
31.698732  -0.000173
31.718731  -0.000050
31.738730  0.000061
31.758730  -0.000640
31.778729  -0.000111
31.798728  -0.000111
31.818727  -0.000173
31.838726  -0.000025
31.858726  -0.000013
31.878725  -0.000148
31.898724  -0.000013
31.918723  -0.000037
31.938722  -0.000074
31.958722  -0.000332
31.978721  0.000135
31.998720  0.000024
32.018719  -0.000001
32.038718  0.000049
32.058718  0.000147
32.078717  0.000012
32.098716  -0.000222
32.118715  0.000073
32.138714  -0.000111
32.158714  0.000319
32.178713  -0.000197
32.198712  0.000147
32.218711  0.000331
32.238710  -0.000136
32.258710  -0.000087
32.278709  -0.000074
32.298708  -0.000001
32.318707  0.000036
32.338706  0.000147
32.358706  0.000036
32.378705  -0.000197
32.398704  -0.000148
32.418703  0.000061
32.438702  -0.000271
32.458702  0.000208
32.478701  -0.000185
32.498700  -0.000357
32.518699  -0.000037
32.538698  -0.000050
32.558698  0.000233
32.578697  -0.000222
32.598696  0.000233
32.618695  0.000184
32.638694  0.000282
32.658694  -0.000074
32.678693  0.000331
32.698692  0.000221
32.718691  0.000122
32.738690  -0.000050
32.758690  0.000036
32.778689  -0.000013
32.798688  0.000024
32.818687  -0.000087
32.838686  0.000184
32.858686  0.000110
32.878685  -0.000062
32.898684  0.000073
32.918683  0.000282
32.938682  0.000036
32.958682  -0.000001
32.978681  0.000036
32.998680  0.000036
33.018679  0.000049
33.038678  -0.000025
33.058678  -0.000173
33.078677  -0.000062
33.098676  0.000307
33.118675  0.000257
33.138674  -0.000246
33.158674  -0.000148
33.178673  0.000147
33.198672  -0.000025
33.218671  -0.000283
33.238670  0.000012
33.258670  -0.000222
33.278669  0.000270
33.298668  0.000061
33.318667  0.000024
33.338666  -0.000148
33.358666  0.000024
33.378665  0.000085
33.398664  0.000061
33.418663  -0.000050
33.438662  0.000012
33.458662  0.000085
33.478661  -0.000222
33.498660  0.000159
33.518659  -0.000124
33.538658  -0.000124
33.558658  -0.000025
33.578657  -0.000296
33.598656  -0.000013
33.618655  -0.000136
33.638654  0.000270
33.658654  0.000270
33.678653  -0.000296
33.698652  -0.000148
33.718651  0.000196
33.738650  0.000122
33.758650  0.000270
33.778649  -0.000124
33.798648  0.000061
33.818647  0.000036
33.838646  -0.000124
33.858646  -0.000025
33.878645  -0.000173
33.898644  0.000085
33.918643  0.000331
33.938642  -0.000185
33.958642  0.000061
33.978641  0.000257
33.998640  0.000147
34.018639  0.000073
34.038638  -0.000345
34.058638  0.000036
34.078637  -0.000087
34.098636  -0.000234
34.118635  -0.000062
34.138634  -0.000234
34.158634  0.000159
34.178633  0.000098
34.198632  0.000184
34.218631  -0.000087
34.238630  0.000073
34.258630  -0.000382
34.278629  0.000147
34.298628  0.000085
34.318627  0.000085
34.338626  0.000208
34.358626  0.000368
34.378625  -0.000062
34.398624  0.000122
34.418623  0.000294
34.438622  0.000417
34.458622  -0.000001
34.478621  0.000159
34.498620  0.000098
34.518619  -0.000124
34.538618  -0.000259
34.558618  0.000171
34.578617  -0.000197
34.598616  -0.000308
34.618615  -0.000357
34.638614  -0.000124
34.658614  -0.000234
34.678613  -0.000173
34.698612  -0.000222
34.718611  0.000073
34.738610  -0.000308
34.758610  0.000171
34.778609  -0.000037
34.798608  0.000344
34.818607  -0.000050
34.838606  0.000024
34.858606  -0.000025
34.878605  0.000085
34.898604  0.000602
34.918603  0.000036
34.938602  0.000184
34.958602  0.000012
34.978601  -0.000013
34.998600  0.000344
35.018599  -0.000173
35.038598  0.000049
35.058598  0.000208
35.078597  -0.000025
35.098596  0.000196
35.118595  -0.000148
35.138594  -0.000062
35.158594  0.000073
35.178593  -0.000148
35.198592  -0.000222
35.218591  -0.000074
35.238590  0.000061
35.258590  0.000135
35.278589  -0.000111
35.298588  -0.000050
35.318587  0.000061
35.338586  0.000061
35.358586  0.000184
35.378585  -0.000013
35.398584  0.000049
35.418583  0.000233
35.438582  -0.000124
35.458582  0.000061
35.478581  -0.000173
35.498580  -0.000148
35.518579  0.000184
35.538578  0.000085
35.558578  -0.000062
35.578577  -0.000013
35.598576  0.000159
35.618575  0.000098
35.638574  -0.000185
35.658574  -0.000148
35.678573  0.000073
35.698572  -0.000025
35.718571  0.000245
35.738570  -0.000062
35.758570  -0.000013
35.778569  0.000049
35.798568  -0.000124
35.818567  0.000196
35.838566  -0.000320
35.858566  0.000012
35.878565  -0.000025
35.898564  -0.000025
35.918563  -0.000160
35.938562  0.000159
35.958562  -0.000087
35.978561  -0.000025
35.998560  -0.000037
36.018559  -0.000001
36.038558  -0.000037
36.058558  -0.000087
36.078557  0.000061
36.098556  0.000085
36.118555  0.000159
36.138554  0.000110
36.158554  0.000171
36.178553  0.000135
36.198552  -0.000099
36.218551  0.000061
36.238550  -0.000136
36.258550  -0.000185
36.278549  -0.000037
36.298548  -0.000246
36.318547  0.000061
36.338546  -0.000013
36.358546  -0.000013
36.378545  0.000012
36.398544  0.000110
36.418543  0.000110
36.438542  0.000073
36.458542  0.000061
36.478541  -0.000062
36.498540  0.000245
36.518539  -0.000111
36.538538  -0.000087
36.558538  -0.000136
36.578537  -0.000037
36.598536  -0.000025
36.618535  -0.000074
36.638534  0.000073
36.658534  0.000196
36.678533  -0.000271
36.698532  -0.000087
36.718531  -0.000197
36.738530  -0.000124
36.758530  -0.000087
36.778529  -0.000124
36.798528  0.000122
36.818527  -0.000271
36.838526  -0.000074
36.858526  0.000073
36.878525  -0.000222
36.898524  -0.000160
36.918523  -0.000111
36.938522  -0.000111
36.958522  -0.000160
36.978521  -0.000160
36.998520  -0.000222
37.018519  -0.000062
37.038518  -0.000369
37.058518  0.000196
37.078517  -0.000050
37.098516  0.000049
37.118515  -0.000099
37.138514  -0.000013
37.158514  0.000171
37.178513  -0.000246
37.198512  -0.000037
37.218511  -0.000099
37.238510  0.000110
37.258510  -0.000320
37.278509  -0.000013
37.298508  0.000049
37.318507  -0.000148
37.338506  -0.000050
37.358506  -0.000197
37.378505  -0.000087
37.398504  -0.000062
37.418503  0.000073
37.438502  -0.000013
37.458502  -0.000382
37.478501  0.000159
37.498500  0.000147
37.518499  0.000270
37.538498  -0.000320
37.558498  -0.000037
37.578497  0.000257
37.598496  -0.000332
37.618495  0.000049
37.638494  -0.000050
37.658494  -0.000074
37.678493  0.000085
37.698492  0.000380
37.718491  0.000036
37.738490  -0.000037
37.758490  0.000110
37.778489  -0.000025
37.798488  0.000012
37.818487  0.000159
37.838486  0.000221
37.858486  -0.000173
37.878485  0.000012
37.898484  0.000061
37.918483  0.000380
37.938482  -0.000234
37.958482  -0.000357
37.978481  0.000331
37.998480  -0.000062
38.018479  -0.000529
38.038478  0.000257
38.058478  -0.000037
38.078477  -0.000062
38.098476  -0.000185
38.118475  -0.000037
38.138474  0.000036
38.158474  -0.000025
38.178473  0.000221
38.198472  -0.000013
38.218471  0.000049
38.238470  -0.000013
38.258470  0.000159
38.278469  -0.000197
38.298468  0.000012
38.318467  -0.000210
38.338466  0.000024
38.358466  0.000036
38.378465  0.000085
38.398464  -0.000074
38.418463  0.000036
38.438462  -0.000001
38.458462  -0.000111
38.478461  -0.000013
38.498460  -0.000074
38.518459  0.000110
38.538458  -0.000148
38.558458  -0.000173
38.578457  -0.000037
38.598456  0.000012
38.618455  0.000282
38.638454  -0.000136
38.658454  0.000171
38.678453  0.000122
38.698452  0.000147
38.718451  -0.000050
38.738450  0.000245
38.758450  0.000110
38.778449  0.000012
38.798448  0.000049
38.818447  0.000061
38.838446  -0.000062
38.858446  0.000159
38.878445  0.000024
38.898444  -0.000001
38.918443  0.000147
38.938442  0.000110
38.958442  -0.000037
38.978441  -0.000050
38.998440  0.000147
39.018439  -0.000099
39.038438  0.000012
39.058438  -0.000025
39.078437  0.000036
39.098436  -0.000087
39.118435  -0.000111
39.138434  0.000159
39.158434  0.000073
39.178433  -0.000025
39.198432  -0.000222
39.218431  0.000036
39.238430  0.000024
39.258430  0.000012
39.278429  -0.000025
39.298428  0.000036
39.318427  -0.000087
39.338426  0.000147
39.358426  -0.000025
39.378425  -0.000234
39.398424  -0.000050
39.418423  0.000024
39.438422  -0.000124
39.458422  -0.000222
39.478421  0.000085
39.498420  -0.000148
39.518419  -0.000013
39.538418  0.000356
39.558418  -0.000074
39.578417  -0.000308
39.598416  -0.000001
39.618415  -0.000124
39.638414  -0.000062
39.658414  -0.000001
39.678413  -0.000259
39.698412  -0.000074
39.718411  -0.000025
39.738410  -0.000001
39.758410  0.000098
39.778409  -0.000148
39.798408  -0.000160
39.818407  -0.000025
39.838406  -0.000074
39.858406  0.000098
39.878405  0.000012
39.898404  0.000110
39.918403  0.000012
39.938402  -0.000345
39.958402  -0.000025
39.978401  0.000085
39.998400  -0.000197
40.018399  -0.000013
40.038398  -0.000074
40.058398  -0.000074
40.078397  0.000085
40.098396  -0.000160
40.118395  0.000024
40.138394  -0.000197
40.158394  0.000196
40.178393  0.000221
40.198392  0.000024
40.218391  0.000196
40.238390  -0.000062
40.258390  0.000159
40.278389  -0.000197
40.298388  -0.000087
40.318387  -0.000013
40.338386  -0.000136
40.358386  -0.000013
40.378385  -0.000210
40.398384  -0.000222
40.418383  0.000049
40.438382  0.000208
40.458382  0.000049
40.478381  0.000171
40.498380  0.000036
40.518379  0.000024
40.538378  0.000184
40.558378  -0.000148
40.578377  0.000036
40.598376  -0.000062
40.618375  -0.000037
40.638374  -0.000037
40.658374  -0.000013
40.678373  0.000122
40.698372  -0.000173
40.718371  -0.000160
40.738370  0.000257
40.758370  0.000073
40.778369  -0.000025
40.798368  -0.000037
40.818367  0.000331
40.838366  0.000024
40.858366  -0.000025
40.878365  0.000208
40.898364  -0.000222
40.918363  -0.000001
40.938362  -0.000050
40.958362  0.000245
40.978361  0.000061
40.998360  0.000110
41.018359  -0.000148
41.038358  -0.000087
41.058358  0.000036
41.078357  -0.000037
41.098356  0.000036
41.118355  -0.000160
41.138354  -0.000037
41.158354  -0.000001
41.178353  -0.000074
41.198352  0.000085
41.218351  0.000147
41.238350  -0.000025
41.258350  0.000049
41.278349  -0.000148
41.298348  -0.000025
41.318347  -0.000099
41.338346  0.000049
41.358346  0.000319
41.378345  0.000036
41.398344  0.000171
41.418343  0.000098
41.438342  -0.000111
41.458342  0.000036
41.478341  0.000110
41.498340  0.000257
41.518339  -0.000111
41.538338  0.000024
41.558338  -0.000074
41.578337  -0.000074
41.598336  0.000024
41.618335  -0.000271
41.638334  0.000110
41.658334  -0.000037
41.678333  0.000122
41.698332  0.000196
41.718331  -0.000099
41.738330  -0.000160
41.758330  -0.000025
41.778329  -0.000013
41.798328  0.000135
41.818327  -0.000025
41.838326  0.000049
41.858326  -0.000013
41.878325  0.000049
41.898324  0.000405
41.918323  0.000135
41.938322  -0.000074
41.958322  -0.000173
41.978321  0.000012
41.998320  0.000098
42.018319  0.000085
42.038318  0.000233
42.058318  0.000135
42.078317  0.000135
42.098316  -0.000320
42.118315  0.000184
42.138314  0.000294
42.158314  0.000135
42.178313  -0.000074
42.198312  -0.000062
42.218311  0.000036
42.238310  -0.000087
42.258310  0.000196
42.278309  -0.000037
42.298308  0.000061
42.318307  -0.000025
42.338306  -0.000259
42.358306  -0.000197
42.378305  -0.000025
42.398304  0.000098
42.418303  -0.000087
42.438302  -0.000210
42.458302  -0.000087
42.478301  0.000024
42.498300  -0.000087
42.518299  -0.000037
42.538298  0.000159
42.558298  0.000085
42.578297  0.000122
42.598296  0.000049
42.618295  -0.000111
42.638294  -0.000013
42.658294  0.000135
42.678293  -0.000320
42.698292  -0.000099
42.718291  -0.000050
42.738290  0.000085
42.758290  0.000024
42.778289  0.000147
42.798288  -0.000124
42.818287  -0.000124
42.838286  -0.000197
42.858286  0.000085
42.878285  -0.000234
42.898284  -0.000197
42.918283  0.000024
42.938282  0.000135
42.958282  -0.000210
42.978281  -0.000013
42.998280  -0.000025
43.018279  -0.000099
43.038278  -0.000210
43.058278  0.000024
43.078277  0.000085
43.098276  0.000208
43.118275  0.000159
43.138274  0.000085
43.158274  0.000294
43.178273  0.000147
43.198272  0.000380
43.218271  -0.000037
43.238270  -0.000222
43.258270  -0.000087
43.278269  0.000171
43.298268  0.000061
43.318267  -0.000025
43.338266  0.000208
43.358266  0.000012
43.378265  -0.000037
43.398264  0.000036
43.418263  -0.000160
43.438262  -0.000185
43.458262  -0.000246
43.478261  -0.000087
43.498260  0.000184
43.518259  -0.000062
43.538258  -0.000087
43.558258  0.000122
43.578257  -0.000124
43.598256  -0.000160
43.618255  -0.000013
43.638254  -0.000013
43.658254  -0.000394
43.678253  -0.000099
43.698252  0.000036
43.718251  -0.000271
43.738250  -0.000185
43.758250  0.000012
43.778249  -0.000136
43.798248  -0.000111
43.818247  0.000356
43.838246  -0.000111
43.858246  -0.000087
43.878245  0.000085
43.898244  -0.000185
43.918243  -0.000050
43.938242  0.000024
43.958242  0.000171
43.978241  0.000380
43.998240  0.000171
44.018239  -0.000037
44.038238  -0.000037
44.058238  -0.000234
44.078237  -0.000136
44.098236  -0.000037
44.118235  -0.000013
44.138234  0.000012
44.158234  -0.000160
44.178233  0.000036
44.198232  0.000282
44.218231  0.000221
44.238230  0.000294
44.258230  0.000196
44.278229  0.000085
44.298228  0.000135
44.318227  0.000036
44.338226  -0.000025
44.358226  -0.000013
44.378225  -0.000136
44.398224  -0.000111
44.418223  0.000110
44.438222  0.000233
44.458222  -0.000185
44.478221  -0.000099
44.498220  0.000110
44.518219  0.000110
44.538218  0.000061
44.558218  -0.000037
44.578217  -0.000001
44.598216  0.000024
44.618215  -0.000037
44.638214  -0.000025
44.658214  -0.000419
44.678213  -0.000246
44.698212  -0.000013
44.718211  0.000270
44.738210  0.000208
44.758210  0.000184
44.778209  0.000147
44.798208  -0.000087
44.818207  0.000085
44.838206  0.000356
44.858206  -0.000062
44.878205  0.000024
44.898204  -0.000099
44.918203  0.000171
44.938202  -0.000001
44.958202  -0.000173
44.978201  0.000024
44.998200  0.000110
45.018199  -0.000173
45.038198  -0.000345
45.058198  -0.000345
45.078197  0.000049
45.098196  -0.000210
45.118195  -0.000050
45.138194  -0.000173
45.158194  -0.000037
45.178193  0.000147
45.198192  -0.000111
45.218191  -0.000124
45.238190  -0.000025
45.258190  0.000085
45.278189  0.000085
45.298188  0.000098
45.318187  0.000380
45.338186  0.000135
45.358186  -0.000136
45.378185  -0.000013
45.398184  0.000061
45.418183  0.000454
45.438182  0.000012
45.458182  -0.000062
45.478181  0.000196
45.498180  -0.000087
45.518179  -0.000222
45.538178  0.000171
45.558178  0.000012
45.578177  0.000159
45.598176  -0.000099
45.618175  0.000147
45.638174  -0.000173
45.658174  0.000061
45.678173  0.000122
45.698172  -0.000222
45.718171  0.000196
45.738170  -0.000173
45.758170  -0.000124
45.778169  0.000122
45.798168  0.000307
45.818167  -0.000124
45.838166  -0.000345
45.858166  -0.000283
45.878165  -0.000025
45.898164  0.000135
45.918163  -0.000246
45.938162  -0.000087
45.958162  -0.000074
45.978161  0.000085
45.998160  -0.000037
46.018159  0.000257
46.038158  0.000171
46.058158  0.000061
46.078157  -0.000148
46.098156  -0.000234
46.118155  -0.000087
46.138154  -0.000025
46.158154  0.000110
46.178153  0.000098
46.198152  -0.000025
46.218151  0.000417
46.238150  -0.000062
46.258150  0.000073
46.278149  -0.000050
46.298148  0.000061
46.318147  -0.000160
46.338146  -0.000001
46.358146  0.000110
46.378145  -0.000025
46.398144  0.000122
46.418143  0.000049
46.438142  -0.000136
46.458142  0.000085
46.478141  0.000061
46.498140  -0.000025
46.518139  0.000270
46.538138  0.000270
46.558138  0.000122
46.578137  0.000233
46.598136  0.000159
46.618135  0.000122
46.638134  0.000110
46.658134  -0.000148
46.678133  0.000393
46.698132  -0.000136
46.718131  -0.000087
46.738130  0.000036
46.758130  -0.000099
46.778129  0.000319
46.798128  0.000012
46.818127  0.000233
46.838126  -0.000124
46.858126  -0.000074
46.878125  0.000049
46.898124  -0.000013
46.918123  -0.000173
46.938122  0.000208
46.958122  -0.000062
46.978121  0.000208
46.998120  -0.000099
47.018119  0.000171
47.038118  -0.000259
47.058118  -0.000197
47.078117  0.000184
47.098116  0.000159
47.118115  0.000307
47.138114  -0.000148
47.158114  -0.000173
47.178113  -0.000074
47.198112  0.000024
47.218111  -0.000271
47.238110  0.000196
47.258110  -0.000013
47.278109  0.000257
47.298108  -0.000160
47.318107  0.000085
47.338106  0.000233
47.358106  0.000233
47.378105  0.000245
47.398104  -0.000025
47.418103  -0.000185
47.438102  -0.000148
47.458102  0.000171
47.478101  0.000049
47.498100  0.000024
47.518099  0.000294
47.538098  0.000184
47.558098  -0.000271
47.578097  -0.000074
47.598096  -0.000124
47.618095  0.000221
47.638094  -0.000173
47.658094  -0.000025
47.678093  -0.000222
47.698092  -0.000001
47.718091  0.000208
47.738090  0.000073
47.758090  0.000257
47.778089  -0.000074
47.798088  0.000085
47.818087  0.000282
47.838086  -0.000013
47.858086  -0.000001
47.878085  0.000221
47.898084  -0.000087
47.918083  0.000061
47.938082  -0.000025
47.958082  0.000257
47.978081  0.000036
47.998080  -0.000074
48.018079  0.000159
48.038078  0.000270
48.058078  0.000110
48.078077  0.000208
48.098076  -0.000296
48.118075  0.000135
48.138074  -0.000124
48.158074  0.000085
48.178073  -0.000087
48.198072  -0.000246
48.218071  0.000049
48.238070  -0.000148
48.258070  -0.000037
48.278069  -0.000062
48.298068  -0.000160
48.318067  -0.000087
48.338066  -0.000062
48.358066  -0.000124
48.378065  -0.000234
48.398064  -0.000025
48.418063  0.000061
48.438062  -0.000037
48.458062  0.000085
48.478061  -0.000185
48.498060  0.000110
48.518059  -0.000050
48.538058  -0.000160
48.558058  0.000110
48.578057  0.000024
48.598056  -0.000185
48.618055  -0.000124
48.638054  -0.000099
48.658054  -0.000099
48.678053  -0.000025
48.698052  -0.000185
48.718051  0.000012
48.738050  0.000073
48.758050  0.000245
48.778049  0.000024
48.798048  0.000270
48.818047  0.000257
48.838046  -0.000148
48.858046  -0.000173
48.878045  -0.000087
48.898044  -0.000197
48.918043  0.000159
48.938042  -0.000210
48.958042  0.000024
48.978041  0.000049
48.998040  -0.000173
49.018039  -0.000050
49.038038  -0.000013
49.058038  0.000331
49.078037  0.000257
49.098036  0.000208
49.118035  0.000073
49.138034  -0.000160
49.158034  0.000049
49.178033  -0.000160
49.198032  -0.000087
49.218031  0.000049
49.238030  0.000012
49.258030  0.000036
49.278029  -0.000062
49.298028  0.000257
49.318027  -0.000001
49.338026  -0.000148
49.358026  -0.000025
49.378025  -0.000050
49.398024  0.000159
49.418023  0.000380
49.438022  -0.000050
49.458022  0.000233
49.478021  -0.000050
49.498020  0.000147
49.518019  0.000012
49.538018  0.000159
49.558018  -0.000111
49.578017  0.000036
49.598016  0.000208
49.618015  0.000012
49.638014  -0.000173
49.658014  -0.000025
49.678013  -0.000111
49.698012  -0.000111
49.718011  0.000049
49.738010  -0.000037
49.758010  -0.000124
49.778009  -0.000037
49.798008  0.000024
49.818007  0.000012
49.838006  0.000098
49.858006  -0.000001
49.878005  0.000135
49.898004  -0.000037
49.918003  -0.000111
49.938002  0.000344
49.958002  0.000159
49.978001  0.000171
49.998000  0.000184
50.017999  0.000196
50.037998  0.000122
50.057998  0.000085
50.077997  -0.000148
50.097996  -0.000173
50.117995  0.000159
50.137994  0.000270
50.157994  0.000122
50.177993  -0.000062
50.197992  -0.000013
50.217991  0.000110
50.237990  0.000098
50.257990  0.000159
50.277989  -0.000087
50.297988  -0.000136
50.317987  -0.000136
50.337986  0.000024
50.357986  -0.000037
50.377985  -0.000111
50.397984  0.000085
50.417983  0.000257
50.437982  0.000049
50.457982  0.000208
50.477981  0.000171
50.497980  -0.000160
50.517979  -0.000013
50.537978  -0.000259
50.557978  0.000184
50.577977  0.000171
50.597976  -0.000025
50.617975  0.000049
50.637974  -0.000173
50.657974  0.000049
50.677973  0.000024
50.697972  -0.000308
50.717971  0.000012
50.737970  -0.000087
50.757970  0.000171
50.777969  0.000135
50.797968  0.000012
50.817967  0.000270
50.837966  0.000184
50.857966  0.000184
50.877965  -0.000148
50.897964  0.000233
50.917963  -0.000025
50.937962  -0.000296
50.957962  -0.000062
50.977961  0.000135
50.997960  -0.000283
51.017959  -0.000160
51.037958  0.000061
51.057958  0.000085
51.077957  -0.000025
51.097956  0.000196
51.117955  -0.000124
51.137954  -0.000173
51.157954  -0.000332
51.177953  0.000135
51.197952  -0.000074
51.217951  0.000073
51.237950  0.000147
51.257950  0.000036
51.277949  -0.000160
51.297948  0.000012
51.317947  0.000073
51.337946  -0.000111
51.357946  -0.000099
51.377945  -0.000062
51.397944  0.000036
51.417943  -0.000025
51.437942  0.000135
51.457942  -0.000185
51.477941  -0.000394
51.497940  -0.000013
51.517939  -0.000173
51.537938  -0.000074
51.557938  0.000184
51.577937  0.000110
51.597936  0.000282
51.617935  0.000221
51.637934  -0.000025
51.657934  0.000270
51.677933  -0.000050
51.697932  0.000380
51.717931  -0.000197
51.737930  0.000024
51.757930  -0.000431
51.777929  -0.000111
51.797928  -0.000050
51.817927  -0.000148
51.837926  -0.000246
51.857926  0.000036
51.877925  -0.000074
51.897924  -0.000013
51.917923  0.000135
51.937922  -0.000037
51.957922  0.000184
51.977921  -0.000025
51.997920  0.000122
52.017919  -0.000099
52.037918  -0.000025
52.057918  0.000061
52.077917  -0.000173
52.097916  -0.000062
52.117915  0.000356
52.137914  0.000085
52.157914  -0.000234
52.177913  0.000024
52.197912  0.000110
52.217911  0.000012
52.237910  0.000036
52.257910  -0.000062
52.277909  0.000024
52.297908  0.000036
52.317907  -0.000074
52.337906  0.000012
52.357906  0.000147
52.377905  -0.000050
52.397904  0.000036
52.417903  -0.000210
52.437902  -0.000037
52.457902  0.000233
52.477901  -0.000160
52.497900  -0.000087
52.517899  0.000147
52.537898  0.000147
52.557898  -0.000406
52.577897  -0.000136
52.597896  -0.000001
52.617895  -0.000025
52.637894  -0.000210
52.657894  -0.000099
52.677893  -0.000369
52.697892  -0.000210
52.717891  -0.000062
52.737890  -0.000087
52.757890  0.000196
52.777889  -0.000173
52.797888  0.000184
52.817887  -0.000136
52.837886  -0.000160
52.857886  0.000208
52.877885  0.000036
52.897884  0.000147
52.917883  -0.000111
52.937882  0.000479
52.957882  0.000245
52.977881  0.000270
52.997880  0.000319
53.017879  0.000233
53.037878  0.000147
53.057878  -0.000160
53.077877  0.000122
53.097876  0.000221
53.117875  -0.000050
53.137874  0.000196
53.157874  0.000135
53.177873  0.000073
53.197872  -0.000025
53.217871  0.000061
53.237870  -0.000210
53.257870  -0.000431
53.277869  0.000036
53.297868  -0.000074
53.317867  0.000147
53.337866  -0.000222
53.357866  -0.000050
53.377865  0.000196
53.397864  -0.000074
53.417863  -0.000210
53.437862  -0.000037
53.457862  -0.000050
53.477861  -0.000296
53.497860  0.000110
53.517859  0.000159
53.537858  -0.000185
53.557858  0.000147
53.577857  0.000073
53.597856  -0.000001
53.617855  0.000135
53.637854  0.000122
53.657854  0.000135
53.677853  0.000049
53.697852  0.000135
53.717851  0.000208
53.737850  -0.000320
53.757850  0.000159
53.777849  -0.000136
53.797848  0.000085
53.817847  0.000061
53.837846  -0.000308
53.857846  0.000061
53.877845  -0.000308
53.897844  0.000171
53.917843  0.000098
53.937842  0.000319
53.957842  -0.000099
53.977841  0.000257
53.997840  0.000159
54.017839  0.000049
54.037838  0.000061
54.057838  0.000024
54.077837  0.000024
54.097836  0.000024
54.117835  0.000135
54.137834  0.000159
54.157834  0.000110
54.177833  0.000061
54.197832  -0.000099
54.217831  0.000171
54.237830  -0.000173
54.257830  0.000454
54.277829  -0.000050
54.297828  0.000319
54.317827  0.000135
54.337826  0.000036
54.357826  -0.000234
54.377825  -0.000185
54.397824  0.000098
54.417823  0.000012
54.437822  0.000208
54.457822  0.000380
54.477821  -0.000087
54.497820  0.000135
54.517819  0.000282
54.537818  0.000061
54.557818  0.000061
54.577817  0.000012
54.597816  -0.000037
54.617815  0.000282
54.637814  0.000135
54.657814  0.000270
54.677813  -0.000160
54.697812  0.000503
54.717811  -0.000062
54.737810  -0.000074
54.757810  0.000466
54.777809  -0.000025
54.797808  -0.000037
54.817807  -0.000148
54.837806  -0.000025
54.857806  -0.000210
54.877805  -0.000234
54.897804  -0.000013
54.917803  -0.000111
54.937802  0.000061
54.957802  -0.000111
54.977801  0.000049
54.997800  -0.000222
55.017799  -0.000037
55.037798  0.000147
55.057798  -0.000136
55.077797  0.000122
55.097796  0.000049
55.117795  0.000024
55.137794  0.000221
55.157794  -0.000050
55.177793  0.000110
55.197792  0.000184
55.217791  0.000135
55.237790  0.000049
55.257790  0.000147
55.277789  0.000307
55.297788  0.000245
55.317787  0.000135
55.337786  -0.000111
55.357786  0.000208
55.377785  -0.000173
55.397784  -0.000050
55.417783  -0.000001
55.437782  0.000110
55.457782  -0.000332
55.477781  0.000098
55.497780  -0.000210
55.517779  0.000110
55.537778  0.000147
55.557778  -0.000197
55.577777  -0.000124
55.597776  -0.000124
55.617775  0.000110
55.637774  -0.000013
55.657774  0.000036
55.677773  -0.000074
55.697772  0.000012
55.717771  -0.000124
55.737770  0.000049
55.757770  0.000282
55.777769  0.000294
55.797768  0.000245
55.817767  -0.000246
55.837766  0.000012
55.857766  0.000257
55.877765  0.000049
55.897764  -0.000037
55.917763  0.000073
55.937762  0.000049
55.957762  0.000110
55.977761  0.000171
55.997760  -0.000037
56.017759  0.000049
56.037758  -0.000136
56.057758  -0.000185
56.077757  0.000171
56.097756  -0.000037
56.117755  -0.000111
56.137754  -0.000013
56.157754  0.000024
56.177753  -0.000505
56.197752  -0.000124
56.217751  0.000036
56.237750  0.000012
56.257750  -0.000222
56.277749  0.000024
56.297748  0.000208
56.317747  0.000024
56.337746  -0.000136
56.357746  -0.000062
56.377745  -0.000259
56.397744  -0.000111
56.417743  -0.000099
56.437742  0.000147
56.457742  -0.000332
56.477741  -0.000013
56.497740  -0.000124
56.517739  0.000245
56.537738  0.000012
56.557738  0.000098
56.577737  -0.000271
56.597736  0.000110
56.617735  -0.000013
56.637734  -0.000222
56.657734  -0.000246
56.677733  -0.000025
56.697732  0.000147
56.717731  -0.000050
56.737730  0.000049
56.757730  0.000282
56.777729  0.000122
56.797728  0.000233
56.817727  0.000024
56.837726  0.000085
56.857726  -0.000222
56.877725  0.000098
56.897724  0.000036
56.917723  0.000061
56.937722  0.000221
56.957722  -0.000111
56.977721  -0.000074
56.997720  -0.000197
57.017719  0.000122
57.037718  0.000110
57.057718  -0.000111
57.077717  0.000012
57.097716  -0.000013
57.117715  -0.000074
57.137714  0.000208
57.157714  0.000184
57.177713  0.000012
57.197712  -0.000136
57.217711  0.000098
57.237710  -0.000197
57.257710  -0.000234
57.277709  0.000061
57.297708  0.000073
57.317707  0.000270
57.337706  0.000159
57.357706  0.000024
57.377705  0.000061
57.397704  0.000012
57.417703  0.000036
57.437702  -0.000013
57.457702  0.000270
57.477701  0.000159
57.497700  0.000024
57.517699  0.000061
57.537698  0.000012
57.557698  0.000257
57.577697  -0.000013
57.597696  -0.000541
57.617695  -0.000173
57.637694  -0.000124
57.657694  -0.000025
57.677693  -0.000271
57.697692  0.000233
57.717691  -0.000185
57.737690  -0.000160
57.757690  -0.000222
57.777689  -0.000124
57.797688  -0.000025
57.817687  -0.000037
57.837686  -0.000210
57.857686  0.000049
57.877685  0.000036
57.897684  -0.000111
57.917683  0.000135
57.937682  0.000110
57.957682  -0.000283
57.977681  -0.000087
57.997680  0.000049
58.017679  -0.000062
58.037678  -0.000111
58.057678  0.000159
58.077677  0.000061
58.097676  0.000024
58.117675  -0.000087
58.137674  0.000122
58.157674  0.000049
58.177673  0.000135
58.197672  0.000245
58.217671  -0.000025
58.237670  0.000036
58.257670  0.000122
58.277669  0.000122
58.297668  -0.000160
58.317667  0.000085
58.337666  0.000085
58.357666  0.000036
58.377665  -0.000037
58.397664  0.000282
58.417663  -0.000037
58.437662  0.000024
58.457662  0.000147
58.477661  -0.000173
58.497660  -0.000001
58.517659  -0.000001
58.537658  -0.000074
58.557658  0.000098
58.577657  0.000036
58.597656  0.000405
58.617655  -0.000062
58.637654  -0.000001
58.657654  0.000036
58.677653  0.000073
58.697652  -0.000050
58.717651  -0.000136
58.737650  0.000196
58.757650  0.000073
58.777649  -0.000037
58.797648  -0.000099
58.817647  -0.000025
58.837646  0.000098
58.857646  -0.000283
58.877645  0.000036
58.897644  0.000098
58.917643  0.000012
58.937642  0.000073
58.957642  -0.000001
58.977641  -0.000136
58.997640  -0.000099
59.017639  0.000085
59.037638  0.000024
59.057638  0.000208
59.077637  -0.000087
59.097636  -0.000210
59.117635  0.000049
59.137634  0.000024
59.157634  0.000061
59.177633  0.000098
59.197632  -0.000111
59.217631  -0.000050
59.237630  -0.000136
59.257630  -0.000062
59.277629  0.000012
59.297628  0.000012
59.317627  -0.000271
59.337626  -0.000124
59.357626  -0.000074
59.377625  0.000122
59.397624  0.000073
59.417623  0.000393
59.437622  -0.000013
59.457622  0.000135
59.477621  0.000233
59.497620  0.000073
59.517619  0.000147
59.537618  0.000171
59.557618  -0.000050
59.577617  -0.000160
59.597616  -0.000111
59.617615  0.000147
59.637614  -0.000087
59.657614  0.000049
59.677613  0.000110
59.697612  0.000036
59.717611  0.000085
59.737610  -0.000037
59.757610  -0.000025
59.777609  0.000233
59.797608  0.000061
59.817607  0.000073
59.837606  -0.000111
59.857606  0.000012
59.877605  0.000110
59.897604  0.000049
59.917603  -0.000001
59.937602  -0.000062
59.957602  0.000049
59.977601  -0.000037
59.997600  -0.000025
60.017599  -0.000148
60.037598  -0.000037
60.057598  0.000061
60.077597  -0.000136
60.097596  -0.000124
60.117595  -0.000185
60.137594  -0.000210
60.157594  -0.000345
60.177593  0.000049
60.197592  0.000135
60.217591  -0.000185
60.237590  -0.000111
60.257590  -0.000001
60.277589  -0.000001
60.297588  -0.000025
60.317587  -0.000013
60.337586  -0.000087
60.357586  -0.000111
60.377585  -0.000173
60.397584  -0.000111
60.417583  0.000012
60.437582  0.000245
60.457582  -0.000173
60.477581  -0.000062
60.497580  0.000159
60.517579  0.000430
60.537578  0.000012
60.557578  -0.000111
60.577577  0.000012
60.597576  -0.000037
60.617575  -0.000271
60.637574  0.000135
60.657574  -0.000160
60.677573  -0.000197
60.697572  0.000135
60.717571  -0.000357
60.737570  0.000073
60.757570  0.000159
60.777569  -0.000173
60.797568  0.000122
60.817567  -0.000111
60.837566  -0.000001
60.857566  0.000012
60.877565  -0.000160
60.897564  0.000061
60.917563  -0.000332
60.937562  0.000049
60.957562  0.000024
60.977561  0.000061
60.997560  -0.000025
61.017559  0.000417
61.037558  -0.000074
61.057558  -0.000197
61.077557  0.000061
61.097556  0.000184
61.117555  -0.000050
61.137554  -0.000074
61.157554  -0.000173
61.177553  0.000135
61.197552  -0.000283
61.217551  -0.000025
61.237550  0.000049
61.257550  0.000073
61.277549  0.000012
61.297548  -0.000296
61.317547  0.000380
61.337546  -0.000074
61.357546  0.000135
61.377545  -0.000074
61.397544  0.000012
61.417543  -0.000025
61.437542  0.000024
61.457542  0.000270
61.477541  -0.000320
61.497540  -0.000148
61.517539  -0.000037
61.537538  -0.000037
61.557538  -0.000185
61.577537  -0.000013
61.597536  -0.000222
61.617535  -0.000037
61.637534  -0.000013
61.657534  0.000098
61.677533  -0.000234
61.697532  0.000036
61.717531  -0.000111
61.737530  0.000098
61.757530  0.000098
61.777529  0.000098
61.797528  -0.000283
61.817527  0.000012
61.837526  0.000221
61.857526  0.000171
61.877525  0.000135
61.897524  -0.000160
61.917523  0.000024
61.937522  0.000257
61.957522  0.000049
61.977521  -0.000013
61.997520  0.000036
62.017519  -0.000111
62.037518  -0.000025
62.057518  0.000061
62.077517  0.000307
62.097516  0.000073
62.117515  0.000049
62.137514  -0.000025
62.157514  0.000073
62.177513  -0.000013
62.197512  -0.000173
62.217511  0.000036
62.237510  0.000085
62.257510  0.000307
62.277509  -0.000099
62.297508  -0.000013
62.317507  -0.000050
62.337506  -0.000087
62.357506  0.000049
62.377505  -0.000136
62.397504  -0.000087
62.417503  0.000122
62.437502  0.000012
62.457502  0.000147
62.477501  0.000184
62.497500  -0.000246
62.517499  -0.000124
62.537499  0.000073
62.557498  -0.000136
62.577497  0.000221
62.597496  -0.000050
62.617495  0.000012
62.637495  -0.000210
62.657494  0.000221
62.677493  -0.000025
62.697492  0.000319
62.717491  0.000012
62.737491  -0.000087
62.757490  -0.000037
62.777489  0.000110
62.797488  0.000479
62.817487  0.000110
62.837487  0.000085
62.857486  -0.000246
62.877485  -0.000099
62.897484  0.000073
62.917483  -0.000148
62.937483  0.000098
62.957482  0.000135
62.977481  -0.000136
62.997480  -0.000087
63.017479  0.000221
63.037479  -0.000124
63.057478  -0.000013
63.077477  0.000110
63.097476  -0.000013
63.117475  -0.000124
63.137475  -0.000013
63.157474  -0.000025
63.177473  0.000147
63.197472  -0.000234
63.217471  -0.000332
63.237471  -0.000001
63.257470  -0.000074
63.277469  -0.000111
63.297468  -0.000013
63.317467  -0.000025
63.337467  -0.000320
63.357466  -0.000246
63.377465  0.000257
63.397464  0.000184
63.417463  0.000319
63.437463  0.000331
63.457462  -0.000013
63.477461  0.000024
63.497460  0.000319
63.517459  0.000122
63.537459  -0.000160
63.557458  0.000405
63.577457  -0.000001
63.597456  0.000098
63.617455  -0.000222
63.637455  0.000122
63.657454  0.000098
63.677453  0.000221
63.697452  -0.000197
63.717451  -0.000025
63.737451  -0.000210
63.757450  -0.000308
63.777449  -0.000124
63.797448  -0.000136
63.817447  -0.000185
63.837447  0.000098
63.857446  -0.000050
63.877445  -0.000062
63.897444  -0.000173
63.917443  0.000073
63.937443  0.000098
63.957442  -0.000037
63.977441  -0.000160
63.997440  0.000036
64.017439  0.000098
64.037439  0.000036
64.057438  0.000098
64.077437  0.000073
64.097436  -0.000111
64.117435  0.000135
64.137435  0.000122
64.157434  0.000036
64.177433  -0.000148
64.197432  0.000024
64.217431  0.000085
64.237431  0.000049
64.257430  0.000245
64.277429  0.000061
64.297428  -0.000296
64.317427  -0.000124
64.337427  0.000159
64.357426  -0.000062
64.377425  0.000331
64.397424  0.000245
64.417423  0.000208
64.437423  0.000012
64.457422  0.000184
64.477421  -0.000013
64.497420  0.000331
64.517419  0.000012
64.537419  -0.000369
64.557418  -0.000013
64.577417  -0.000148
64.597416  -0.000308
64.617415  -0.000087
64.637415  -0.000136
64.657414  -0.000160
64.677413  0.000012
64.697412  0.000257
64.717411  -0.000037
64.737411  0.000208
64.757410  -0.000124
64.777409  0.000061
64.797408  0.000061
64.817407  0.000024
64.837407  0.000049
64.857406  -0.000136
64.877405  0.000098
64.897404  -0.000124
64.917403  -0.000001
64.937403  0.000110
64.957402  -0.000111
64.977401  -0.000210
64.997400  -0.000111
65.017399  0.000049
65.037399  0.000061
65.057398  -0.000222
65.077397  0.000135
65.097396  0.000307
65.117395  -0.000050
65.137395  0.000135
65.157394  0.000466
65.177393  -0.000013
65.197392  0.000171
65.217391  -0.000087
65.237391  0.000184
65.257390  0.000147
65.277389  -0.000222
65.297388  -0.000050
65.317387  -0.000050
65.337387  -0.000099
65.357386  -0.000173
65.377385  -0.000406
65.397384  -0.000074
65.417383  -0.000124
65.437383  -0.000296
65.457382  0.000012
65.477381  -0.000025
65.497380  0.000344
65.517379  -0.000099
65.537379  -0.000050
65.557378  -0.000173
65.577377  0.000171
65.597376  0.000282
65.617375  0.000024
65.637375  0.000147
65.657374  0.000135
65.677373  -0.000148
65.697372  0.000319
65.717371  0.000184
65.737371  -0.000062
65.757370  0.000061
65.777369  -0.000001
65.797368  -0.000062
65.817367  -0.000074
65.837367  0.000208
65.857366  -0.000050
65.877365  0.000036
65.897364  0.000331
65.917363  -0.000185
65.937363  0.000036
65.957362  -0.000074
65.977361  -0.000013
65.997360  0.000061
66.017359  0.000073
66.037359  -0.000062
66.057358  -0.000050
66.077357  0.000012
66.097356  -0.000124
66.117355  -0.000136
66.137355  -0.000210
66.157354  -0.000062
66.177353  -0.000025
66.197352  0.000344
66.217351  -0.000246
66.237351  0.000159
66.257350  -0.000124
66.277349  -0.000197
66.297348  0.000012
66.317347  -0.000074
66.337347  -0.000185
66.357346  -0.000099
66.377345  -0.000037
66.397344  0.000184
66.417343  0.000122
66.437343  -0.000271
66.457342  -0.000332
66.477341  0.000012
66.497340  0.000147
66.517339  -0.000050
66.537339  0.000171
66.557338  0.000036
66.577337  0.000098
66.597336  -0.000173
66.617335  -0.000037
66.637335  0.000110
66.657334  -0.000074
66.677333  0.000061
66.697332  0.000122
66.717331  0.000171
66.737331  -0.000037
66.757330  -0.000013
66.777329  0.000257
66.797328  -0.000394
66.817327  -0.000001
66.837327  0.000085
66.857326  -0.000074
66.877325  0.000196
66.897324  0.000147
66.917323  -0.000271
66.937323  -0.000160
66.957322  -0.000050
66.977321  -0.000406
66.997320  0.000049
67.017319  0.000098
67.037319  0.000024
67.057318  0.000171
67.077317  0.000073
67.097316  0.000171
67.117315  0.000221
67.137315  -0.000001
67.157314  -0.000013
67.177313  -0.000320
67.197312  -0.000136
67.217311  -0.000050
67.237311  0.000049
67.257310  -0.000124
67.277309  0.000036
67.297308  -0.000074
67.317307  -0.000148
67.337307  0.000294
67.357306  0.000085
67.377305  -0.000296
67.397304  0.000208
67.417303  -0.000025
67.437303  0.000098
67.457302  -0.000320
67.477301  0.000085
67.497300  0.000147
67.517299  -0.000246
67.537299  -0.000099
67.557298  -0.000037
67.577297  -0.000136
67.597296  -0.000074
67.617295  0.000061
67.637295  0.000184
67.657294  -0.000087
67.677293  -0.000234
67.697292  -0.000099
67.717291  -0.000087
67.737291  -0.000062
67.757290  0.000159
67.777289  0.000073
67.797288  -0.000074
67.817287  0.000122
67.837287  0.000245
67.857286  -0.000234
67.877285  0.000122
67.897284  -0.000025
67.917283  -0.000074
67.937283  -0.000062
67.957282  0.000221
67.977281  -0.000087
67.997280  0.000036
68.017279  0.000208
68.037279  0.000012
68.057278  -0.000111
68.077277  0.000122
68.097276  0.000012
68.117275  0.000171
68.137275  0.000061
68.157274  -0.000025
68.177273  -0.000013
68.197272  -0.000259
68.217271  0.000233
68.237271  0.000184
68.257270  -0.000074
68.277269  -0.000197
68.297268  -0.000074
68.317267  0.000159
68.337267  0.000085
68.357266  0.000171
68.377265  -0.000087
68.397264  0.000049
68.417263  0.000110
68.437263  -0.000308
68.457262  -0.000148
68.477261  0.000024
68.497260  0.000245
68.517259  0.000135
68.537259  0.000147
68.557258  0.000245
68.577257  -0.000136
68.597256  -0.000136
68.617255  -0.000468
68.637255  -0.000173
68.657254  -0.000136
68.677253  -0.000062
68.697252  0.000012
68.717251  -0.000074
68.737251  -0.000074
68.757250  0.000036
68.777249  -0.000050
68.797248  0.000061
68.817247  -0.000185
68.837247  0.000233
68.857246  0.000319
68.877245  0.000147
68.897244  0.000122
68.917243  0.000147
68.937243  0.000147
68.957242  0.000073
68.977241  0.000233
68.997240  -0.000037
69.017239  -0.000037
69.037239  -0.000136
69.057238  0.000073
69.077237  0.000159
69.097236  0.000135
69.117235  0.000098
69.137235  -0.000283
69.157234  -0.000025
69.177233  -0.000074
69.197232  -0.000160
69.217231  -0.000197
69.237231  -0.000013
69.257230  -0.000025
69.277229  -0.000173
69.297228  0.000024
69.317227  -0.000160
69.337227  -0.000124
69.357226  -0.000148
69.377225  -0.000087
69.397224  0.000233
69.417223  -0.000210
69.437223  0.000073
69.457222  0.000159
69.477221  0.000073
69.497220  -0.000222
69.517219  0.000135
69.537219  -0.000001
69.557218  0.000061
69.577217  -0.000050
69.597216  0.000147
69.617215  0.000036
69.637215  0.000110
69.657214  0.000012
69.677213  -0.000037
69.697212  0.000061
69.717211  0.000135
69.737211  0.000294
69.757210  -0.000037
69.777209  0.000294
69.797208  0.000073
69.817207  -0.000087
69.837207  -0.000160
69.857206  0.000073
69.877205  -0.000062
69.897204  -0.000013
69.917203  0.000147
69.937203  -0.000087
69.957202  -0.000124
69.977201  0.000049
69.997200  0.000073
70.017199  0.000049
70.037199  -0.000062
70.057198  0.000196
70.077197  -0.000136
70.097196  0.000245
70.117195  -0.000001
70.137195  0.000147
70.157194  -0.000111
70.177193  0.000061
70.197192  0.000085
70.217191  -0.000111
70.237191  -0.000001
70.257190  0.000110
70.277189  0.000356
70.297188  0.000036
70.317187  0.000122
70.337187  0.000061
70.357186  -0.000197
70.377185  -0.000271
70.397184  0.000233
70.417183  0.000098
70.437183  0.000085
70.457182  -0.000050
70.477181  -0.000050
70.497180  0.000135
70.517179  0.000221
70.537179  0.000257
70.557178  -0.000087
70.577177  0.000049
70.597176  0.000024
70.617175  0.000184
70.637175  -0.000246
70.657174  -0.000025
70.677173  0.000208
70.697172  0.000073
70.717171  0.000171
70.737171  -0.000025
70.757170  0.000184
70.777169  -0.000013
70.797168  -0.000173
70.817167  0.000012
70.837167  -0.000148
70.857166  -0.000124
70.877165  -0.000062
70.897164  -0.000037
70.917163  -0.000001
70.937163  0.000036
70.957162  -0.000111
70.977161  -0.000037
70.997160  0.000049
71.017159  0.000012
71.037159  0.000208
71.057158  -0.000074
71.077157  -0.000283
71.097156  0.000061
71.117155  0.000085
71.137155  0.000282
71.157154  -0.000062
71.177153  0.000061
71.197152  0.000221
71.217151  -0.000210
71.237151  -0.000111
71.257150  -0.000111
71.277149  -0.000013
71.297148  -0.000050
71.317147  -0.000025
71.337147  0.000122
71.357146  -0.000037
71.377145  -0.000037
71.397144  -0.000271
71.417143  0.000024
71.437143  0.000135
71.457142  0.000036
71.477141  0.000085
71.497140  0.000012
71.517139  0.000024
71.537139  -0.000025
71.557138  -0.000062
71.577137  0.000061
71.597136  0.000294
71.617135  0.000073
71.637135  -0.000013
71.657134  -0.000320
71.677133  -0.000111
71.697132  -0.000087
71.717131  0.000270
71.737131  0.000159
71.757130  0.000049
71.777129  0.000393
71.797128  0.000024
71.817127  0.000024
71.837127  0.000245
71.857126  0.000049
71.877125  -0.000124
71.897124  -0.000136
71.917123  -0.000087
71.937123  0.000184
71.957122  -0.000124
71.977121  -0.000087
71.997120  0.000245
72.017119  -0.000037
72.037119  -0.000062
72.057118  -0.000185
72.077117  -0.000001
72.097116  0.000245
72.117115  -0.000111
72.137115  0.000073
72.157114  -0.000037
72.177113  -0.000037
72.197112  0.000012
72.217111  0.000012
72.237111  0.000085
72.257110  -0.000234
72.277109  -0.000259
72.297108  -0.000050
72.317107  0.000073
72.337107  0.000184
72.357106  0.000024
72.377105  -0.000455
72.397104  -0.000001
72.417103  -0.000210
72.437103  -0.000025
72.457102  -0.000148
72.477101  -0.000136
72.497100  0.000110
72.517099  0.000221
72.537099  -0.000037
72.557098  -0.000210
72.577097  -0.000037
72.597096  -0.000259
72.617095  -0.000173
72.637095  0.000061
72.657094  -0.000111
72.677093  0.000221
72.697092  0.000061
72.717091  0.000085
72.737091  0.000049
72.757090  0.000012
72.777089  -0.000037
72.797088  -0.000111
72.817087  -0.000246
72.837087  -0.000013
72.857086  0.000085
72.877085  0.000061
72.897084  0.000098
72.917083  -0.000160
72.937083  0.000147
72.957082  0.000085
72.977081  -0.000136
72.997080  0.000012
73.017079  -0.000394
73.037079  -0.000074
73.057078  -0.000037
73.077077  0.000221
73.097076  -0.000074
73.117075  -0.000050
73.137075  0.000036
73.157074  -0.000074
73.177073  -0.000111
73.197072  -0.000111
73.217071  -0.000062
73.237071  0.000049
73.257070  0.000171
73.277069  -0.000234
73.297068  -0.000013
73.317067  0.000073
73.337067  -0.000087
73.357066  -0.000037
73.377065  0.000024
73.397064  0.000184
73.417063  -0.000111
73.437063  0.000171
73.457062  -0.000074
73.477061  -0.000136
73.497060  0.000061
73.517059  0.000208
73.537059  -0.000148
73.557058  0.000036
73.577057  -0.000062
73.597056  0.000245
73.617055  -0.000074
73.637055  0.000159
73.657054  0.000184
73.677053  -0.000308
73.697052  -0.000074
73.717051  0.000012
73.737051  -0.000185
73.757050  0.000122
73.777049  0.000061
73.797048  0.000208
73.817047  -0.000001
73.837047  0.000344
73.857046  -0.000173
73.877045  -0.000210
73.897044  -0.000037
73.917043  0.000024
73.937043  0.000270
73.957042  0.000196
73.977041  -0.000283
73.997040  -0.000062
74.017039  0.000503
74.037039  0.000122
74.057038  0.000085
74.077037  -0.000210
74.097036  0.000221
74.117035  0.000036
74.137035  -0.000050
74.157034  -0.000210
74.177033  -0.000160
74.197032  0.000147
74.217031  -0.000234
74.237031  -0.000431
74.257030  -0.000013
74.277029  -0.000037
74.297028  -0.000136
74.317027  -0.000087
74.337027  -0.000382
74.357026  -0.000013
74.377025  0.000159
74.397024  0.000135
74.417023  -0.000222
74.437023  -0.000087
74.457022  -0.000111
74.477021  -0.000357
74.497020  0.000245
74.517019  -0.000062
74.537019  0.000184
74.557018  0.000405
74.577017  -0.000062
74.597016  -0.000382
74.617015  0.000049
74.637015  -0.000025
74.657014  -0.000320
74.677013  -0.000074
74.697012  0.000122
74.717011  0.000221
74.737011  -0.000013
74.757010  0.000061
74.777009  -0.000099
74.797008  -0.000062
74.817007  -0.000185
74.837007  -0.000111
74.857006  0.000036
74.877005  -0.000210
74.897004  0.000208
74.917003  0.000061
74.937003  -0.000013
74.957002  0.000208
74.977001  -0.000037
74.997000  0.000307
75.016999  -0.000074
75.036999  -0.000099
75.056998  -0.000222
75.076997  -0.000087
75.096996  0.000159
75.116995  -0.000013
75.136995  -0.000074
75.156994  0.000344
75.176993  0.000024
75.196992  -0.000173
75.216991  -0.000210
75.236991  -0.000013
75.256990  -0.000136
75.276989  -0.000160
75.296988  -0.000050
75.316987  0.000061
75.336987  -0.000271
75.356986  -0.000050
75.376985  -0.000210
75.396984  -0.000062
75.416983  -0.000013
75.436983  -0.000332
75.456982  0.000147
75.476981  -0.000124
75.496980  0.000208
75.516979  -0.000050
75.536979  -0.000320
75.556978  -0.000074
75.576977  0.000098
75.596976  0.000208
75.616975  -0.000185
75.636975  -0.000062
75.656974  0.000344
75.676973  -0.000087
75.696972  -0.000062
75.716971  -0.000160
75.736971  -0.000308
75.756970  -0.000001
75.776969  -0.000136
75.796968  -0.000136
75.816967  0.000024
75.836967  -0.000037
75.856966  -0.000160
75.876965  0.000122
75.896964  -0.000050
75.916963  0.000012
75.936963  0.000036
75.956962  -0.000136
75.976961  -0.000074
75.996960  -0.000210
76.016959  -0.000136
76.036959  0.000085
76.056958  0.000024
76.076957  -0.000173
76.096956  -0.000111
76.116955  -0.000124
76.136955  0.000073
76.156954  0.000221
76.176953  0.000221
76.196952  -0.000124
76.216951  -0.000234
76.236951  0.000171
76.256950  -0.000197
76.276949  0.000024
76.296948  0.000049
76.316947  0.000024
76.336947  -0.000136
76.356946  0.000085
76.376945  0.000061
76.396944  -0.000136
76.416943  0.000024
76.436943  -0.000050
76.456942  -0.000037
76.476941  0.000171
76.496940  0.000036
76.516939  -0.000136
76.536939  0.000049
76.556938  0.000122
76.576937  0.000098
76.596936  -0.000124
76.616935  -0.000111
76.636935  -0.000271
76.656934  0.000135
76.676933  -0.000062
76.696932  0.000208
76.716931  -0.000050
76.736931  -0.000148
76.756930  -0.000136
76.776929  -0.000099
76.796928  -0.000013
76.816927  -0.000050
76.836927  -0.000037
76.856926  -0.000124
76.876925  -0.000001
76.896924  0.000147
76.916923  -0.000050
76.936923  -0.000037
76.956922  0.000184
76.976921  -0.000185
76.996920  -0.000001
77.016919  0.000233
77.036919  -0.000124
77.056918  -0.000136
77.076917  -0.000210
77.096916  -0.000173
77.116915  -0.000160
77.136915  -0.000087
77.156914  -0.000037
77.176913  0.000159
77.196912  0.000171
77.216911  0.000061
77.236911  0.000036
77.256910  -0.000173
77.276909  0.000049
77.296908  0.000270
77.316907  0.000405
77.336907  0.000270
77.356906  -0.000222
77.376905  0.000221
77.396904  -0.000037
77.416903  -0.000099
77.436903  0.000061
77.456902  -0.000124
77.476901  -0.000037
77.496900  -0.000124
77.516899  0.000122
77.536899  0.000135
77.556898  -0.000013
77.576897  0.000110
77.596896  0.000085
77.616895  0.000012
77.636895  0.000282
77.656894  0.000036
77.676893  -0.000013
77.696892  -0.000160
77.716891  -0.000259
77.736891  -0.000099
77.756890  -0.000025
77.776889  -0.000173
77.796888  -0.000197
77.816887  -0.000271
77.836887  -0.000074
77.856886  0.000036
77.876885  -0.000062
77.896884  0.000073
77.916883  0.000012
77.936883  0.000233
77.956882  -0.000173
77.976881  0.000049
77.996880  -0.000222
78.016879  0.000257
78.036879  -0.000025
78.056878  -0.000185
78.076877  0.000024
78.096876  -0.000062
78.116875  -0.000062
78.136875  -0.000013
78.156874  0.000122
78.176873  -0.000087
78.196872  -0.000037
78.216871  0.000036
78.236871  0.000061
78.256870  0.000012
78.276869  0.000049
78.296868  0.000012
78.316867  0.000049
78.336867  -0.000197
78.356866  -0.000074
78.376865  0.000061
78.396864  0.000122
78.416863  0.000110
78.436863  0.000036
78.456862  -0.000087
78.476861  0.000012
78.496860  0.000036
78.516859  -0.000308
78.536859  0.000024
78.556858  -0.000025
78.576857  -0.000087
78.596856  -0.000025
78.616855  0.000049
78.636855  -0.000148
78.656854  -0.000136
78.676853  0.000110
78.696852  -0.000001
78.716851  0.000307
78.736851  0.000208
78.756850  -0.000111
78.776849  0.000036
78.796848  0.000147
78.816847  0.000024
78.836847  0.000024
78.856846  -0.000037
78.876845  -0.000185
78.896844  -0.000062
78.916843  -0.000197
78.936843  0.000085
78.956842  0.000282
78.976841  -0.000050
78.996840  0.000085
79.016839  0.000147
79.036839  -0.000013
79.056838  -0.000345
79.076837  0.000085
79.096836  0.000073
79.116835  -0.000173
79.136835  -0.000087
79.156834  0.000135
79.176833  -0.000345
79.196832  0.000061
79.216831  0.000110
79.236831  0.000012
79.256830  0.000098
79.276829  0.000061
79.296828  0.000171
79.316827  0.000012
79.336827  0.000036
79.356826  -0.000001
79.376825  -0.000210
79.396824  0.000159
79.416823  -0.000271
79.436823  -0.000099
79.456822  -0.000173
79.476821  -0.000382
79.496820  -0.000111
79.516819  -0.000136
79.536819  -0.000271
79.556818  -0.000308
79.576817  0.000159
79.596816  0.000024
79.616815  0.000012
79.636815  0.000282
79.656814  -0.000013
79.676813  0.000036
79.696812  -0.000001
79.716811  0.000061
79.736811  0.000196
79.756810  -0.000074
79.776809  -0.000148
79.796808  -0.000406
79.816807  0.000024
79.836807  0.000184
79.856806  0.000036
79.876805  0.000294
79.896804  0.000098
79.916803  0.000024
79.936803  -0.000013
79.956802  -0.000283
79.976801  0.000208
79.996800  -0.000001
80.016799  -0.000025
80.036799  0.000147
80.056798  0.000024
80.076797  0.000049
80.096796  -0.000050
80.116795  -0.000050
80.136795  0.000098
80.156794  -0.000124
80.176793  -0.000001
80.196792  -0.000074
80.216791  -0.000074
80.236791  -0.000296
80.256790  -0.000074
80.276789  -0.000062
80.296788  -0.000087
80.316787  0.000221
80.336787  -0.000025
80.356786  0.000012
80.376785  -0.000111
80.396784  -0.000001
80.416783  -0.000037
80.436783  -0.000025
80.456782  -0.000050
80.476781  -0.000001
80.496780  -0.000013
80.516779  -0.000087
80.536779  0.000257
80.556778  -0.000037
80.576777  -0.000111
80.596776  -0.000148
80.616775  -0.000062
80.636775  0.000184
80.656774  -0.000062
80.676773  0.000073
80.696772  0.000147
80.716771  0.000073
80.736771  -0.000013
80.756770  0.000024
80.776769  -0.000062
80.796768  0.000393
80.816767  0.000110
80.836767  -0.000013
80.856766  -0.000382
80.876765  0.000184
80.896764  -0.000185
80.916763  -0.000111
80.936763  0.000036
80.956762  -0.000062
80.976761  0.000061
80.996760  0.000098
81.016759  0.000049
81.036759  -0.000037
81.056758  -0.000087
81.076757  0.000036
81.096756  -0.000197
81.116755  -0.000259
81.136755  -0.000099
81.156754  -0.000025
81.176753  0.000196
81.196752  -0.000296
81.216751  0.000024
81.236751  0.000270
81.256750  0.000024
81.276749  0.000147
81.296748  -0.000013
81.316747  -0.000234
81.336747  -0.000197
81.356746  -0.000074
81.376745  -0.000050
81.396744  -0.000099
81.416743  0.000135
81.436743  0.000061
81.456742  -0.000136
81.476741  0.000036
81.496740  0.000036
81.516739  -0.000013
81.536739  0.000417
81.556738  -0.000013
81.576737  0.000036
81.596736  0.000319
81.616735  0.000085
81.636735  0.000221
81.656734  -0.000013
81.676733  0.000061
81.696732  -0.000099
81.716731  0.000221
81.736731  -0.000210
81.756730  -0.000197
81.776729  0.000110
81.796728  -0.000185
81.816727  0.000036
81.836727  -0.000124
81.856726  0.000036
81.876725  -0.000111
81.896724  -0.000062
81.916723  -0.000025
81.936723  -0.000099
81.956722  -0.000160
81.976721  0.000085
81.996720  -0.000037
82.016719  -0.000025
82.036719  -0.000185
82.056718  0.000159
82.076717  0.000061
82.096716  0.000024
82.116715  -0.000087
82.136715  0.000073
82.156714  0.000049
82.176713  -0.000074
82.196712  -0.000320
82.216711  -0.000050
82.236711  0.000061
82.256710  -0.000074
82.276709  0.000159
82.296708  -0.000037
82.316707  -0.000136
82.336707  -0.000050
82.356706  -0.000099
82.376705  0.000159
82.396704  -0.000001
82.416703  -0.000087
82.436703  -0.000087
82.456702  -0.000111
82.476701  -0.000087
82.496700  -0.000001
82.516699  -0.000111
82.536699  -0.000050
82.556698  0.000024
82.576697  -0.000062
82.596696  -0.000136
82.616695  0.000049
82.636695  0.000122
82.656694  0.000196
82.676693  0.000356
82.696692  -0.000013
82.716691  -0.000001
82.736691  -0.000148
82.756690  0.000049
82.776689  0.000135
82.796688  -0.000087
82.816687  0.000024
82.836687  -0.000210
82.856686  -0.000013
82.876685  -0.000136
82.896684  0.000061
82.916683  0.000122
82.936683  -0.000111
82.956682  -0.000013
82.976681  -0.000345
82.996680  -0.000124
83.016679  -0.000037
83.036679  0.000024
83.056678  -0.000074
83.076677  0.000024
83.096676  -0.000148
83.116675  0.000122
83.136675  -0.000222
83.156674  0.000196
83.176673  0.000257
83.196672  0.000073
83.216671  0.000147
83.236671  -0.000111
83.256670  0.000380
83.276669  -0.000050
83.296668  -0.000087
83.316667  0.000331
83.336667  -0.000001
83.356666  0.000135
83.376665  0.000012
83.396664  -0.000136
83.416663  -0.000210
83.436663  -0.000099
83.456662  0.000110
83.476661  -0.000074
83.496660  0.000085
83.516659  -0.000173
83.536659  -0.000197
83.556658  0.000294
83.576657  0.000061
83.596656  0.000344
83.616655  -0.000111
83.636655  -0.000210
83.656654  -0.000087
83.676653  0.000024
83.696652  0.000282
83.716651  0.000073
83.736651  0.000257
83.756650  -0.000148
83.776649  0.000098
83.796648  -0.000025
83.816647  0.000122
83.836647  -0.000173
83.856646  0.000208
83.876645  0.000135
83.896644  -0.000185
83.916643  0.000270
83.936643  0.000159
83.956642  -0.000025
83.976641  0.000061
83.996640  -0.000013
84.016639  0.000024
84.036639  -0.000124
84.056638  -0.000050
84.076637  0.000012
84.096636  0.000036
84.116635  -0.000050
84.136635  -0.000025
84.156634  0.000221
84.176633  0.000024
84.196632  -0.000025
84.216631  0.000024
84.236631  -0.000173
84.256630  0.000221
84.276629  0.000110
84.296628  -0.000124
84.316627  0.000282
84.336627  -0.000222
84.356626  -0.000136
84.376625  0.000159
84.396624  0.000135
84.416623  -0.000099
84.436623  -0.000099
84.456622  0.000085
84.476621  -0.000210
84.496620  0.000122
84.516619  0.000110
84.536619  0.000024
84.556618  -0.000185
84.576617  -0.000173
84.596616  -0.000062
84.616615  0.000184
84.636615  0.000012
84.656614  0.000049
84.676613  -0.000099
84.696612  0.000073
84.716611  0.000147
84.736611  0.000061
84.756610  0.000208
84.776609  -0.000124
84.796608  0.000110
84.816607  -0.000173
84.836607  -0.000001
84.856606  -0.000074
84.876605  0.000135
84.896604  0.000159
84.916603  0.000479
84.936603  0.000282
84.956602  0.000073
84.976601  -0.000025
84.996600  -0.000087
85.016599  0.000122
85.036599  -0.000283
85.056598  -0.000111
85.076597  0.000110
85.096596  -0.000037
85.116595  0.000098
85.136595  -0.000037
85.156594  0.000159
85.176593  -0.000099
85.196592  0.000061
85.216591  0.000110
85.236591  -0.000111
85.256590  -0.000001
85.276589  -0.000222
85.296588  -0.000173
85.316587  0.000085
85.336587  -0.000369
85.356586  -0.000087
85.376585  -0.000013
85.396584  0.000196
85.416583  0.000073
85.436583  0.000024
85.456582  -0.000185
85.476581  -0.000296
85.496580  0.000061
85.516579  0.000245
85.536579  0.000012
85.556578  0.000061
85.576577  -0.000099
85.596576  -0.000296
85.616575  -0.000357
85.636575  -0.000013
85.656574  0.000171
85.676573  -0.000062
85.696572  -0.000062
85.716571  -0.000087
85.736571  -0.000148
85.756570  -0.000013
85.776569  0.000024
85.796568  -0.000111
85.816567  0.000024
85.836567  0.000171
85.856566  -0.000025
85.876565  0.000430
85.896564  0.000171
85.916563  -0.000025
85.936563  0.000122
85.956562  0.000159
85.976561  0.000208
85.996560  0.000184
86.016559  0.000245
86.036559  -0.000197
86.056558  -0.000025
86.076557  -0.000246
86.096556  0.000110
86.116555  -0.000062
86.136555  -0.000025
86.156554  -0.000185
86.176553  0.000122
86.196552  -0.000185
86.216551  -0.000037
86.236551  -0.000062
86.256550  -0.000087
86.276549  -0.000197
86.296548  -0.000074
86.316547  0.000159
86.336547  0.000049
86.356546  -0.000173
86.376545  -0.000259
86.396544  0.000122
86.416543  0.000073
86.436543  -0.000013
86.456542  0.000012
86.476541  -0.000025
86.496540  -0.000050
86.516539  0.000061
86.536539  0.000135
86.556538  0.000491
86.576537  -0.000062
86.596536  -0.000160
86.616535  0.000061
86.636535  -0.000050
86.656534  0.000012
86.676533  -0.000087
86.696532  0.000196
86.716531  -0.000025
86.736531  -0.000111
86.756530  0.000122
86.776529  -0.000025
86.796528  -0.000394
86.816527  -0.000062
86.836527  0.000049
86.856526  0.000098
86.876525  0.000049
86.896524  -0.000025
86.916523  0.000466
86.936523  -0.000062
86.956522  0.000036
86.976521  0.000257
86.996520  -0.000148
87.016519  -0.000074
87.036519  0.000073
87.056518  0.000073
87.076517  0.000012
87.096516  0.000036
87.116515  0.000061
87.136515  0.000196
87.156514  -0.000050
87.176513  0.000061
87.196512  -0.000062
87.216511  0.000319
87.236511  0.000122
87.256510  0.000147
87.276509  0.000171
87.296508  -0.000062
87.316507  0.000085
87.336507  0.000073
87.356506  0.000135
87.376505  -0.000160
87.396504  -0.000087
87.416503  -0.000148
87.436503  -0.000025
87.456502  0.000073
87.476501  -0.000246
87.496500  0.000184
87.516499  0.000061
87.536499  -0.000099
87.556498  0.000049
87.576497  -0.000111
87.596496  -0.000185
87.616495  0.000049
87.636495  0.000344
87.656494  0.000049
87.676493  -0.000050
87.696492  -0.000197
87.716491  -0.000050
87.736491  0.000233
87.756490  -0.000087
87.776489  -0.000087
87.796488  0.000159
87.816487  -0.000087
87.836487  -0.000332
87.856486  -0.000136
87.876485  -0.000050
87.896484  -0.000554
87.916483  -0.000173
87.936483  0.000221
87.956482  0.000159
87.976481  -0.000148
87.996480  0.000085
88.016479  0.000122
88.036479  -0.000001
88.056478  0.000135
88.076477  0.000159
88.096476  -0.000062
88.116475  0.000036
88.136475  -0.000050
88.156474  0.000307
88.176473  -0.000136
88.196472  -0.000124
88.216471  0.000184
88.236471  0.000135
88.256470  0.000012
88.276469  0.000061
88.296468  0.000012
88.316467  0.000049
88.336467  0.000110
88.356466  0.000233
88.376465  -0.000013
88.396464  -0.000050
88.416463  -0.000062
88.436463  -0.000345
88.456462  0.000135
88.476461  -0.000111
88.496460  -0.000001
88.516459  0.000085
88.536459  0.000024
88.556458  0.000024
88.576457  -0.000013
88.596456  -0.000222
88.616455  0.000405
88.636455  0.000393
88.656454  -0.000062
88.676453  0.000147
88.696452  -0.000037
88.716451  0.000085
88.736451  -0.000320
88.756450  -0.000050
88.776449  0.000171
88.796448  -0.000074
88.816447  -0.000124
88.836447  -0.000087
88.856446  0.000049
88.876445  0.000024
88.896444  -0.000013
88.916443  -0.000308
88.936443  -0.000099
88.956442  -0.000074
88.976441  0.000036
88.996440  -0.000271
89.016439  -0.000296
89.036439  -0.000037
89.056438  0.000245
89.076437  -0.000025
89.096436  -0.000111
89.116435  0.000135
89.136435  -0.000259
89.156434  0.000012
89.176433  -0.000037
89.196432  -0.000210
89.216431  -0.000050
89.236431  -0.000025
89.256430  0.000049
89.276429  0.000344
89.296428  -0.000050
89.316427  -0.000148
89.336427  -0.000111
89.356426  -0.000037
89.376425  0.000122
89.396424  0.000024
89.416423  -0.000087
89.436423  -0.000074
89.456422  0.000061
89.476421  -0.000074
89.496420  0.000171
89.516419  0.000036
89.536419  -0.000210
89.556418  -0.000062
89.576417  -0.000357
89.596416  0.000073
89.616415  0.000098
89.636415  -0.000136
89.656414  -0.000037
89.676413  0.000294
89.696412  -0.000037
89.716411  0.000245
89.736411  -0.000185
89.756410  -0.000025
89.776409  -0.000062
89.796408  -0.000160
89.816407  0.000012
89.836407  -0.000001
89.856406  -0.000050
89.876405  -0.000037
89.896404  0.000184
89.916403  -0.000001
89.936403  0.000098
89.956402  0.000098
89.976401  0.000368
89.996400  -0.000050
90.016399  0.000110
90.036399  -0.000062
90.056398  -0.000136
90.076397  0.000036
90.096396  0.000098
90.116395  0.000331
90.136395  0.000257
90.156394  0.000024
90.176393  -0.000037
90.196392  0.000171
90.216391  -0.000148
90.236391  -0.000013
90.256390  0.000024
90.276389  0.000110
90.296388  0.000012
90.316387  -0.000332
90.336387  0.000061
90.356386  0.000049
90.376385  -0.000136
90.396384  0.000147
90.416383  -0.000185
90.436383  0.000135
90.456382  0.000221
90.476381  0.000049
90.496380  -0.000185
90.516379  -0.000173
90.536379  0.000110
90.556378  0.000184
90.576377  0.000061
90.596376  -0.000013
90.616375  -0.000037
90.636375  -0.000124
90.656374  -0.000025
90.676373  -0.000136
90.696372  0.000085
90.716371  -0.000111
90.736371  0.000122
90.756370  -0.000296
90.776369  -0.000259
90.796368  -0.000050
90.816367  0.000085
90.836367  -0.000037
90.856366  -0.000111
90.876365  0.000159
90.896364  0.000024
90.916363  -0.000013
90.936363  0.000085
90.956362  -0.000246
90.976361  0.000171
90.996360  0.000147
91.016359  0.000245
91.036359  0.000012
91.056358  -0.000050
91.076357  0.000036
91.096356  0.000024
91.116355  0.000319
91.136355  -0.000013
91.156354  -0.000308
91.176353  0.000024
91.196352  -0.000136
91.216351  -0.000062
91.236351  -0.000062
91.256350  0.000184
91.276349  0.000061
91.296348  -0.000124
91.316347  0.000073
91.336347  0.000356
91.356346  0.000012
91.376345  0.000171
91.396344  0.000122
91.416343  0.000159
91.436343  0.000061
91.456342  0.000073
91.476341  -0.000074
91.496340  0.000012
91.516339  -0.000062
91.536339  0.000221
91.556338  0.000036
91.576337  0.000061
91.596336  0.000110
91.616335  -0.000050
91.636335  -0.000234
91.656334  -0.000001
91.676333  -0.000037
91.696332  0.000135
91.716331  -0.000124
91.736331  -0.000332
91.756330  -0.000074
91.776329  0.000012
91.796328  0.000085
91.816327  -0.000124
91.836327  0.000012
91.856326  0.000110
91.876325  0.000135
91.896324  0.000171
91.916323  0.000159
91.936323  0.000073
91.956322  0.000073
91.976321  -0.000037
91.996320  0.000036
92.016319  0.000024
92.036319  0.000061
92.056318  -0.000222
92.076317  -0.000185
92.096316  0.000221
92.116315  -0.000136
92.136315  -0.000062
92.156314  0.000184
92.176313  0.000049
92.196312  -0.000234
92.216311  -0.000160
92.236311  -0.000037
92.256310  0.000061
92.276309  -0.000160
92.296308  -0.000025
92.316307  0.000122
92.336307  -0.000136
92.356306  0.000196
92.376305  0.000270
92.396304  0.000036
92.416303  0.000036
92.436303  0.000245
92.456302  0.000061
92.476301  -0.000111
92.496300  -0.000246
92.516299  -0.000037
92.536299  0.000012
92.556298  -0.000283
92.576297  0.000061
92.596296  -0.000271
92.616295  0.000061
92.636295  0.000184
92.656294  -0.000382
92.676293  0.000135
92.696292  -0.000111
92.716291  0.000257
92.736291  -0.000050
92.756290  0.000245
92.776289  -0.000013
92.796288  -0.000124
92.816287  0.000122
92.836287  -0.000136
92.856286  0.000049
92.876285  0.000098
92.896284  0.000294
92.916283  0.000061
92.936283  -0.000001
92.956282  0.000159
92.976281  0.000049
92.996280  0.000331
93.016279  -0.000111
93.036279  -0.000332
93.056278  0.000036
93.076277  -0.000148
93.096276  -0.000050
93.116275  -0.000074
93.136275  -0.000050
93.156274  0.000393
93.176273  0.000135
93.196272  -0.000050
93.216271  0.000085
93.236271  -0.000074
93.256270  0.000208
93.276269  0.000393
93.296268  -0.000283
93.316267  -0.000050
93.336267  0.000049
93.356266  -0.000222
93.376265  -0.000136
93.396264  -0.000025
93.416263  0.000221
93.436263  -0.000001
93.456262  -0.000124
93.476261  -0.000185
93.496260  -0.000185
93.516259  0.000122
93.536259  0.000159
93.556258  0.000331
93.576257  0.000270
93.596256  0.000319
93.616255  -0.000013
93.636255  0.000110
93.656254  0.000061
93.676253  0.000257
93.696252  -0.000050
93.716251  0.000110
93.736251  0.000098
93.756250  0.000073
93.776249  -0.000062
93.796248  0.000393
93.816247  -0.000160
93.836247  0.000085
93.856246  -0.000185
93.876245  -0.000136
93.896244  0.000098
93.916243  -0.000037
93.936243  -0.000320
93.956242  -0.000050
93.976241  -0.000148
93.996240  -0.000013
94.016239  -0.000074
94.036239  0.000049
94.056238  -0.000062
94.076237  -0.000271
94.096236  -0.000222
94.116235  0.000331
94.136235  -0.000050
94.156234  0.000147
94.176233  0.000122
94.196232  0.000233
94.216231  0.000073
94.236231  0.000233
94.256230  0.000171
94.276229  -0.000062
94.296228  -0.000185
94.316227  0.000135
94.336227  0.000171
94.356226  -0.000173
94.376225  0.000049
94.396224  0.000110
94.416223  -0.000173
94.436223  -0.000050
94.456222  0.000036
94.476221  -0.000050
94.496220  -0.000037
94.516219  -0.000099
94.536219  -0.000062
94.556218  -0.000087
94.576217  -0.000013
94.596216  0.000147
94.616215  0.000024
94.636215  0.000331
94.656214  -0.000099
94.676213  -0.000173
94.696212  -0.000136
94.716211  0.000122
94.736211  -0.000283
94.756210  -0.000369
94.776209  0.000344
94.796208  0.000024
94.816207  0.000012
94.836207  -0.000173
94.856206  -0.000025
94.876205  -0.000332
94.896204  -0.000074
94.916203  -0.000148
94.936203  0.000147
94.956202  -0.000050
94.976201  -0.000001
94.996200  0.000257
95.016199  0.000184
95.036199  0.000085
95.056198  0.000110
95.076197  -0.000111
95.096196  0.000012
95.116195  0.000577
95.136195  -0.000185
95.156194  -0.000173
95.176193  0.000245
95.196192  0.000184
95.216191  0.000024
95.236191  0.000122
95.256190  -0.000283
95.276189  0.000098
95.296188  0.000073
95.316187  -0.000185
95.336187  0.000012
95.356186  -0.000111
95.376185  0.000282
95.396184  0.000012
95.416183  -0.000074
95.436183  0.000073
95.456182  -0.000210
95.476181  0.000012
95.496180  -0.000037
95.516179  -0.000222
95.536179  0.000012
95.556178  0.000085
95.576177  -0.000001
95.596176  -0.000185
95.616175  0.000049
95.636175  -0.000074
95.656174  -0.000296
95.676173  -0.000013
95.696172  -0.000037
95.716171  -0.000013
95.736171  0.000356
95.756170  -0.000160
95.776169  0.000073
95.796168  0.000024
95.816167  0.000430
95.836167  0.000122
95.856166  -0.000160
95.876165  -0.000320
95.896164  0.000073
95.916163  0.000098
95.936163  -0.000197
95.956162  0.000159
95.976161  -0.000173
95.996160  -0.000062
96.016159  0.000122
96.036159  0.000307
96.056158  -0.000111
96.076157  0.000110
96.096156  -0.000062
96.116155  0.000024
96.136155  0.000270
96.156154  0.000233
96.176153  -0.000087
96.196152  0.000061
96.216151  0.000110
96.236151  0.000098
96.256150  -0.000087
96.276149  -0.000283
96.296148  -0.000062
96.316147  0.000110
96.336147  0.000012
96.356146  0.000122
96.376145  -0.000087
96.396144  -0.000013
96.416143  0.000294
96.436143  -0.000234
96.456142  -0.000062
96.476141  -0.000037
96.496140  0.000196
96.516139  -0.000001
96.536139  -0.000124
96.556138  0.000393
96.576137  -0.000246
96.596136  0.000122
96.616135  -0.000025
96.636135  0.000184
96.656134  -0.000062
96.676133  -0.000050
96.696132  -0.000087
96.716131  -0.000111
96.736131  -0.000050
96.756130  0.000085
96.776129  0.000036
96.796128  0.000122
96.816127  0.000135
96.836127  0.000294
96.856126  -0.000001
96.876125  0.000196
96.896124  0.000110
96.916123  -0.000037
96.936123  0.000122
96.956122  -0.000025
96.976121  -0.000111
96.996120  0.000184
97.016119  0.000036
97.036119  -0.000087
97.056118  -0.000136
97.076117  -0.000037
97.096116  0.000098
97.116115  -0.000050
97.136115  0.000171
97.156114  -0.000025
97.176113  0.000307
97.196112  -0.000087
97.216111  -0.000074
97.236111  -0.000037
97.256110  -0.000222
97.276109  -0.000296
97.296108  0.000171
97.316107  -0.000050
97.336107  0.000233
97.356106  0.000110
97.376105  -0.000025
97.396104  -0.000210
97.416103  0.000098
97.436103  0.000122
97.456102  0.000061
97.476101  0.000135
97.496100  0.000049
97.516099  -0.000013
97.536099  0.000270
97.556098  -0.000111
97.576097  -0.000173
97.596096  -0.000222
97.616095  0.000049
97.636095  0.000110
97.656094  0.000036
97.676093  0.000257
97.696092  -0.000050
97.716091  0.000085
97.736091  -0.000124
97.756090  0.000061
97.776089  -0.000087
97.796088  -0.000062
97.816087  -0.000037
97.836087  0.000110
97.856086  0.000196
97.876085  -0.000111
97.896084  -0.000111
97.916083  -0.000074
97.936083  0.000110
97.956082  0.000147
97.976081  0.000282
97.996080  0.000171
98.016079  -0.000369
98.036079  -0.000037
98.056078  -0.000160
98.076077  -0.000013
98.096076  -0.000001
98.116075  -0.000087
98.136075  -0.000308
98.156074  -0.000037
98.176073  0.000135
98.196072  -0.000234
98.216071  -0.000001
98.236071  -0.000136
98.256070  0.000049
98.276069  -0.000062
98.296068  -0.000013
98.316067  0.000171
98.336067  0.000098
98.356066  0.000135
98.376065  0.000147
98.396064  0.000073
98.416063  -0.000050
98.436063  -0.000087
98.456062  0.000085
98.476061  0.000036
98.496060  -0.000124
98.516059  0.000024
98.536059  0.000294
98.556058  -0.000025
98.576057  -0.000197
98.596056  0.000098
98.616055  0.000196
98.636055  -0.000025
98.656054  0.000147
98.676053  -0.000148
98.696052  -0.000357
98.716051  -0.000259
98.736051  -0.000124
98.756050  -0.000025
98.776049  -0.000037
98.796048  -0.000185
98.816047  0.000012
98.836047  -0.000296
98.856046  0.000135
98.876045  -0.000050
98.896044  0.000036
98.916043  0.000307
98.936043  -0.000185
98.956042  0.000147
98.976041  -0.000087
98.996040  -0.000148
99.016039  -0.000050
99.036039  -0.000160
99.056038  -0.000074
99.076037  -0.000013
99.096036  0.000344
99.116035  0.000036
99.136035  -0.000173
99.156034  -0.000308
99.176033  0.000036
99.196032  0.000085
99.216031  0.000085
99.236031  0.000110
99.256030  0.000135
99.276029  -0.000074
99.296028  0.000282
99.316027  -0.000025
99.336027  0.000024
99.356026  -0.000062
99.376025  0.000049
99.396024  0.000319
99.416023  -0.000037
99.436023  0.000147
99.456022  -0.000025
99.476021  0.000073
99.496020  -0.000148
99.516019  0.000012
99.536019  0.000049
99.556018  -0.000074
99.576017  -0.000259
99.596016  -0.000185
99.616015  -0.000173
99.636015  -0.000222
99.656014  0.000085
99.676013  -0.000001
99.696012  0.000085
99.716011  -0.000234
99.736011  -0.000148
99.756010  -0.000111
99.776009  -0.000210
99.796008  -0.000124
99.816007  0.000245
99.836007  0.000344
99.856006  0.000184
99.876005  -0.000025
99.896004  0.000085
99.916003  0.000049
99.936003  -0.000001
99.956002  0.000208
99.976001  -0.000001
99.996000  -0.000197
100.015999  -0.000062
100.035999  -0.000124
100.055998  0.000368
100.075997  -0.000013
100.095996  -0.000062
100.115995  -0.000124
100.135995  -0.000013
100.155994  -0.000148
100.175993  -0.000013
100.195992  -0.000111
100.215991  0.000208
100.235991  -0.000037
100.255990  -0.000025
100.275989  0.000073
100.295988  0.000184
100.315987  -0.000037
100.335987  0.000049
100.355986  0.000049
100.375985  -0.000148
100.395984  -0.000246
100.415983  0.000135
100.435983  -0.000025
100.455982  -0.000111
100.475981  -0.000013
100.495980  -0.000160
100.515979  0.000073
100.535979  0.000171
100.555978  0.000184
100.575977  0.000012
100.595976  -0.000308
100.615975  -0.000283
100.635975  -0.000283
100.655974  -0.000087
100.675973  -0.000013
100.695972  -0.000111
100.715971  -0.000111
100.735971  -0.000087
100.755970  0.000233
100.775969  -0.000001
100.795968  0.000122
100.815967  -0.000087
100.835967  0.000245
100.855966  -0.000283
100.875965  0.000024
100.895964  0.000294
100.915963  0.000110
100.935963  0.000085
100.955962  -0.000025
100.975961  0.000085
100.995960  0.000036
101.015959  0.000061
101.035959  -0.000013
101.055958  0.000356
101.075957  -0.000087
101.095956  0.000061
101.115955  -0.000492
101.135955  -0.000111
101.155954  0.000147
101.175953  0.000380
101.195952  0.000171
101.215951  0.000159
101.235951  0.000049
101.255950  -0.000271
101.275949  0.000122
101.295948  0.000061
101.315947  0.000282
101.335947  0.000159
101.355946  0.000073
101.375945  0.000049
101.395944  -0.000099
101.415943  -0.000013
101.435943  0.000196
101.455942  -0.000074
101.475941  -0.000173
101.495940  0.000159
101.515939  -0.000124
101.535939  0.000061
101.555938  0.000049
101.575937  0.000196
101.595936  0.000135
101.615935  0.000036
101.635935  -0.000050
101.655934  -0.000025
101.675933  0.000110
101.695932  -0.000222
101.715931  0.000122
101.735931  -0.000025
101.755930  -0.000001
101.775929  0.000122
101.795928  0.000208
101.815927  0.000098
101.835927  0.000344
101.855926  0.000036
101.875925  0.000282
101.895924  0.000184
101.915923  0.000085
101.935923  0.000085
101.955922  -0.000062
101.975921  -0.000062
101.995920  -0.000173
102.015919  0.000171
102.035919  0.000024
102.055918  -0.000050
102.075917  -0.000185
102.095916  0.000073
102.115915  -0.000124
102.135915  0.000061
102.155914  0.000061
102.175913  -0.000099
102.195912  -0.000099
102.215911  -0.000001
102.235911  -0.000001
102.255910  -0.000173
102.275909  0.000344
102.295908  -0.000074
102.315907  -0.000111
102.335907  -0.000124
102.355906  0.000171
102.375905  0.000184
102.395904  0.000085
102.415903  -0.000025
102.435903  0.000233
102.455902  0.000036
102.475901  0.000061
102.495900  0.000085
102.515899  -0.000259
102.535899  -0.000062
102.555898  -0.000062
102.575897  0.000036
102.595896  -0.000025
102.615895  -0.000062
102.635895  0.000061
102.655894  -0.000050
102.675893  0.000159
102.695892  -0.000210
102.715891  0.000184
102.735891  0.000073
102.755890  0.000049
102.775889  0.000208
102.795888  0.000036
102.815887  -0.000099
102.835887  -0.000037
102.855886  0.000024
102.875885  -0.000074
102.895884  -0.000050
102.915883  0.000036
102.935883  0.000135
102.955882  -0.000062
102.975881  -0.000160
102.995880  -0.000283
103.015879  0.000073
103.035879  0.000331
103.055878  0.000270
103.075877  0.000036
103.095876  0.000085
103.115875  0.000110
103.135875  0.000282
103.155874  -0.000062
103.175873  0.000012
103.195872  -0.000062
103.215871  0.000036
103.235871  0.000036
103.255870  -0.000468
103.275869  0.000012
103.295868  -0.000001
103.315867  0.000073
103.335867  -0.000296
103.355866  0.000184
103.375865  -0.000148
103.395864  0.000307
103.415863  0.000122
103.435863  0.000147
103.455862  0.000196
103.475861  0.000049
103.495860  0.000331
103.515859  -0.000087
103.535859  0.000085
103.555858  -0.000173
103.575857  0.000073
103.595856  0.000049
103.615855  0.000085
103.635855  -0.000013
103.655854  0.000159
103.675853  -0.000050
103.695852  -0.000124
103.715851  0.000012
103.735851  0.000073
103.755850  -0.000111
103.775849  -0.000050
103.795848  -0.000160
103.815847  -0.000222
103.835847  -0.000136
103.855846  -0.000001
103.875845  -0.000320
103.895844  -0.000050
103.915843  -0.000443
103.935843  -0.000037
103.955842  -0.000111
103.975841  0.000135
103.995840  0.000184
104.015839  0.000184
104.035839  0.000282
104.055838  0.000184
104.075837  -0.000136
104.095836  0.000098
104.115835  -0.000001
104.135835  -0.000197
104.155834  0.000085
104.175833  0.000085
104.195832  0.000024
104.215831  -0.000566
104.235831  -0.000111
104.255830  -0.000468
104.275829  -0.000013
104.295828  0.000073
104.315827  -0.000197
104.335827  -0.000369
104.355826  -0.000308
104.375825  -0.000062
104.395824  0.000024
104.415823  -0.000259
104.435823  -0.000148
104.455822  -0.000025
104.475821  0.000098
104.495820  -0.000271
104.515819  -0.000160
104.535819  -0.000111
104.555818  0.000036
104.575817  -0.000037
104.595816  -0.000173
104.615815  -0.000259
104.635815  0.000098
104.655814  0.000184
104.675813  -0.000074
104.695812  0.000024
104.715811  0.000049
104.735811  0.000331
104.755810  0.000454
104.775809  -0.000001
104.795808  -0.000001
104.815807  0.000184
104.835807  0.000294
104.855806  -0.000025
104.875805  0.000024
104.895804  -0.000197
104.915803  -0.000111
104.935803  -0.000148
104.955802  -0.000148
104.975801  0.000135
104.995800  0.000159
105.015799  -0.000246
105.035799  0.000049
105.055798  0.000012
105.075797  0.000110
105.095796  -0.000148
105.115795  0.000061
105.135795  -0.000062
105.155794  -0.000074
105.175793  0.000036
105.195792  -0.000468
105.215791  -0.000296
105.235791  0.000012
105.255790  -0.000050
105.275789  0.000344
105.295788  0.000135
105.315787  -0.000111
105.335787  0.000122
105.355786  -0.000037
105.375785  0.000073
105.395784  -0.000210
105.415783  -0.000062
105.435783  0.000147
105.455782  0.000245
105.475781  0.000368
105.495780  -0.000001
105.515779  0.000012
105.535779  0.000036
105.555778  -0.000160
105.575777  -0.000013
105.595776  0.000135
105.615775  0.000024
105.635775  -0.000271
105.655774  -0.000013
105.675773  0.000221
105.695772  -0.000074
105.715771  -0.000160
105.735771  -0.000062
105.755770  -0.000136
105.775769  -0.000074
105.795768  -0.000025
105.815767  -0.000111
105.835767  0.000208
105.855766  0.000159
105.875765  -0.000222
105.895764  0.000110
105.915763  -0.000099
105.935763  -0.000099
105.955762  0.000061
105.975761  -0.000124
105.995760  0.000233
106.015759  -0.000111
106.035759  -0.000013
106.055758  -0.000037
106.075757  0.000098
106.095756  -0.000246
106.115755  -0.000037
106.135755  -0.000283
106.155754  0.000098
106.175753  0.000282
106.195752  -0.000001
106.215751  0.000073
106.235751  -0.000111
106.255750  -0.000001
106.275749  0.000196
106.295748  0.000061
106.315747  0.000049
106.335747  0.000049
106.355746  -0.000013
106.375745  -0.000222
106.395744  -0.000160
106.415743  0.000024
106.435743  0.000098
106.455742  -0.000124
106.475741  -0.000160
106.495740  -0.000074
106.515739  0.000049
106.535739  -0.000246
106.555738  0.000122
106.575737  0.000294
106.595736  -0.000074
106.615735  -0.000111
106.635735  0.000196
106.655734  -0.000296
106.675733  0.000012
106.695732  0.000184
106.715731  0.000036
106.735731  -0.000037
106.755730  -0.000001
106.775729  -0.000160
106.795728  0.000135
106.815727  0.000257
106.835727  0.000110
106.855726  0.000098
106.875725  0.000307
106.895724  0.000049
106.915723  0.000049
106.935723  -0.000382
106.955722  -0.000001
106.975721  0.000061
106.995720  -0.000025
107.015719  0.000049
107.035719  0.000085
107.055718  -0.000001
107.075717  0.000159
107.095716  0.000098
107.115715  0.000061
107.135715  0.000098
107.155714  0.000147
107.175713  -0.000062
107.195712  -0.000271
107.215711  0.000171
107.235711  -0.000025
107.255710  -0.000296
107.275709  -0.000160
107.295708  0.000061
107.315707  0.000049
107.335707  -0.000136
107.355706  0.000024
107.375705  -0.000111
107.395704  0.000257
107.415703  -0.000001
107.435703  -0.000160
107.455702  -0.000013
107.475701  0.000049
107.495700  0.000085
107.515699  0.000122
107.535699  0.000257
107.555698  0.000061
107.575697  -0.000013
107.595696  0.000036
107.615695  -0.000013
107.635695  -0.000222
107.655694  0.000036
107.675693  -0.000160
107.695692  -0.000074
107.715691  -0.000124
107.735691  -0.000148
107.755690  -0.000013
107.775689  0.000073
107.795688  -0.000013
107.815687  -0.000074
107.835687  -0.000025
107.855686  0.000085
107.875685  0.000073
107.895684  0.000024
107.915683  0.000171
107.935683  -0.000136
107.955682  -0.000025
107.975681  0.000159
107.995680  0.000098
108.015679  -0.000037
108.035679  0.000110
108.055678  -0.000037
108.075677  0.000221
108.095676  0.000110
108.115675  -0.000148
108.135675  0.000135
108.155674  -0.000124
108.175673  0.000061
108.195672  0.000122
108.215671  -0.000013
108.235671  -0.000234
108.255670  0.000073
108.275669  -0.000087
108.295668  -0.000173
108.315667  -0.000087
108.335667  0.000024
108.355666  0.000135
108.375665  0.000122
108.395664  0.000085
108.415663  -0.000037
108.435663  -0.000062
108.455662  0.000122
108.475661  -0.000025
108.495660  -0.000001
108.515659  0.000221
108.535659  0.000098
108.555658  -0.000320
108.575657  0.000294
108.595656  -0.000148
108.615655  0.000073
108.635655  0.000135
108.655654  0.000233
108.675653  0.000110
108.695652  0.000282
108.715651  0.000085
108.735651  -0.000246
108.755650  0.000245
108.775649  -0.000025
108.795648  -0.000271
108.815647  0.000282
108.835647  -0.000062
108.855646  0.000073
108.875645  0.000085
108.895644  -0.000025
108.915643  -0.000025
108.935643  -0.000074
108.955642  0.000110
108.975641  0.000307
108.995640  -0.000062
109.015639  -0.000074
109.035639  -0.000283
109.055638  -0.000124
109.075637  0.000073
109.095636  -0.000283
109.115635  -0.000160
109.135635  -0.000283
109.155634  0.000221
109.175633  0.000024
109.195632  0.000012
109.215631  -0.000246
109.235631  0.000147
109.255630  0.000184
109.275629  -0.000124
109.295628  -0.000283
109.315627  -0.000234
109.335627  -0.000234
109.355626  -0.000001
109.375625  0.000159
109.395624  0.000184
109.415623  -0.000160
109.435623  0.000012
109.455622  -0.000124
109.475621  0.000073
109.495620  0.000085
109.515619  -0.000013
109.535619  0.000196
109.555618  0.000024
109.575617  -0.000074
109.595616  0.000036
109.615615  -0.000050
109.635615  -0.000111
109.655614  -0.000062
109.675613  0.000085
109.695612  -0.000062
109.715611  0.000245
109.735611  0.000098
109.755610  0.000356
109.775609  -0.000013
109.795608  0.000024
109.815607  0.000122
109.835607  -0.000099
109.855606  0.000061
109.875605  -0.000160
109.895604  -0.000037
109.915603  0.000024
109.935603  -0.000160
109.955602  -0.000037
109.975601  0.000085
109.995600  -0.000001
110.015599  -0.000283
110.035599  0.000147
110.055598  0.000098
110.075597  -0.000222
110.095596  -0.000062
110.115595  0.000147
110.135595  -0.000234
110.155594  -0.000222
110.175593  -0.000259
110.195592  0.000159
110.215591  0.000147
110.235591  -0.000087
110.255590  0.000331
110.275589  -0.000087
110.295588  0.000171
110.315587  -0.000025
110.335587  -0.000259
110.355586  -0.000136
110.375585  0.000036
110.395584  -0.000234
110.415583  0.000135
110.435583  0.000245
110.455582  -0.000222
110.475581  -0.000037
110.495580  -0.000087
110.515579  0.000024
110.535579  0.000135
110.555578  0.000073
110.575577  -0.000357
110.595576  0.000061
110.615575  0.000073
110.635575  0.000012
110.655574  -0.000050
110.675573  -0.000087
110.695572  -0.000087
110.715571  0.000036
110.735571  -0.000087
110.755570  0.000208
110.775569  -0.000222
110.795568  -0.000087
110.815567  -0.000173
110.835567  -0.000271
110.855566  -0.000185
110.875565  0.000110
110.895564  -0.000160
110.915563  -0.000037
110.935563  0.000135
110.955562  0.000036
110.975561  -0.000259
110.995560  0.000024
111.015559  -0.000148
111.035559  0.000380
111.055558  -0.000062
111.075557  0.000073
111.095556  0.000122
111.115555  0.000122
111.135555  0.000085
111.155554  -0.000160
111.175553  -0.000246
111.195552  -0.000160
111.215551  0.000196
111.235551  0.000036
111.255550  0.000159
111.275549  0.000012
111.295548  0.000073
111.315547  -0.000037
111.335547  -0.000037
111.355546  -0.000234
111.375545  0.000196
111.395544  -0.000037
111.415543  0.000442
111.435543  0.000282
111.455542  -0.000025
111.475541  -0.000160
111.495540  -0.000074
111.515539  -0.000160
111.535539  0.000073
111.555538  0.000098
111.575537  0.000036
111.595536  -0.000185
111.615535  0.000073
111.635535  -0.000283
111.655534  0.000159
111.675533  -0.000271
111.695532  -0.000013
111.715531  -0.000050
111.735531  0.000098
111.755530  0.000135
111.775529  0.000036
111.795528  -0.000148
111.815527  0.000221
111.835527  0.000196
111.855526  -0.000185
111.875525  -0.000050
111.895524  -0.000124
111.915523  -0.000099
111.935523  -0.000259
111.955522  -0.000062
111.975521  -0.000050
111.995520  -0.000062
112.015519  0.000073
112.035519  -0.000074
112.055518  -0.000087
112.075517  -0.000124
112.095516  0.000024
112.115515  -0.000406
112.135515  0.000036
112.155514  0.000098
112.175513  0.000393
112.195512  -0.000111
112.215511  -0.000136
112.235511  0.000184
112.255510  0.000036
112.275509  0.000417
112.295508  0.000135
112.315507  0.000122
112.335507  0.000184
112.355506  0.000221
112.375505  -0.000087
112.395504  0.000245
112.415503  -0.000025
112.435503  -0.000013
112.455502  0.000012
112.475501  0.000073
112.495500  -0.000124
112.515499  -0.000234
112.535499  -0.000185
112.555498  -0.000296
112.575497  -0.000345
112.595496  -0.000148
112.615495  0.000221
112.635495  0.000135
112.655494  -0.000087
112.675493  -0.000234
112.695492  -0.000332
112.715491  -0.000160
112.735491  0.000110
112.755490  -0.000111
112.775489  -0.000124
112.795488  0.000049
112.815487  0.000098
112.835487  0.000049
112.855486  -0.000111
112.875485  0.000171
112.895484  -0.000074
112.915483  -0.000332
112.935483  0.000171
112.955482  -0.000308
112.975481  0.000135
112.995480  0.000073
113.015479  -0.000259
113.035479  0.000270
113.055478  0.000184
113.075477  -0.000136
113.095476  -0.000037
113.115475  0.000024
113.135475  0.000147
113.155474  -0.000013
113.175473  -0.000050
113.195472  0.000012
113.215471  -0.000283
113.235471  0.000159
113.255470  -0.000222
113.275469  0.000110
113.295468  -0.000185
113.315467  -0.000480
113.335467  0.000184
113.355466  0.000331
113.375465  0.000122
113.395464  0.000085
113.415463  0.000159
113.435463  -0.000013
113.455462  0.000110
113.475461  0.000122
113.495460  -0.000455
113.515459  0.000221
113.535459  -0.000234
113.555458  0.000245
113.575457  -0.000197
113.595456  -0.000320
113.615455  0.000135
113.635455  0.000110
113.655454  -0.000173
113.675453  0.000085
113.695452  -0.000074
113.715451  0.000098
113.735451  0.000344
113.755450  -0.000074
113.775449  0.000061
113.795448  -0.000037
113.815447  0.000085
113.835447  0.000098
113.855446  -0.000013
113.875445  0.000356
113.895444  0.000147
113.915443  0.000061
113.935443  0.000073
113.955442  0.000049
113.975441  0.000368
113.995440  0.000085
114.015439  -0.000136
114.035439  -0.000210
114.055438  -0.000062
114.075437  -0.000345
114.095436  0.000331
114.115435  0.000012
114.135435  -0.000271
114.155434  -0.000246
114.175433  -0.000148
114.195432  -0.000185
114.215431  -0.000074
114.235431  0.000012
114.255430  -0.000160
114.275429  0.000196
114.295428  -0.000124
114.315427  0.000135
114.335427  -0.000111
114.355426  -0.000074
114.375425  -0.000062
114.395424  0.000171
114.415423  0.000405
114.435423  0.000110
114.455422  0.000307
114.475421  0.000036
114.495420  0.000085
114.515419  -0.000124
114.535419  -0.000087
114.555418  0.000196
114.575417  0.000098
114.595416  0.000196
114.615415  -0.000074
114.635415  0.000049
114.655414  0.000061
114.675413  -0.000025
114.695412  0.000061
114.715411  -0.000246
114.735411  0.000098
114.755410  -0.000259
114.775409  0.000036
114.795408  0.000147
114.815407  0.000135
114.835407  -0.000037
114.855406  -0.000062
114.875405  0.000073
114.895404  0.000147
114.915403  -0.000087
114.935403  0.000073
114.955402  0.000135
114.975401  -0.000050
114.995400  0.000024
115.015399  -0.000025
115.035399  -0.000173
115.055398  0.000073
115.075397  0.000257
115.095396  0.000024
115.115395  -0.000074
115.135395  0.000122
115.155394  0.000012
115.175393  0.000012
115.195392  -0.000197
115.215391  -0.000111
115.235391  -0.000025
115.255390  0.000085
115.275389  0.000356
115.295388  -0.000320
115.315387  0.000257
115.335387  -0.000246
115.355386  -0.000148
115.375385  -0.000025
115.395384  -0.000099
115.415383  -0.000124
115.435383  0.000135
115.455382  0.000184
115.475381  0.000085
115.495380  -0.000136
115.515379  0.000085
115.535379  -0.000455
115.555378  0.000208
115.575377  -0.000062
115.595376  -0.000136
115.615375  -0.000062
115.635375  -0.000025
115.655374  0.000245
115.675373  0.000159
115.695372  0.000233
115.715371  -0.000074
115.735371  -0.000025
115.755370  -0.000259
115.775369  0.000110
115.795368  -0.000124
115.815367  -0.000308
115.835367  0.000085
115.855366  0.000073
115.875365  -0.000062
115.895364  0.000196
115.915363  -0.000099
115.935363  0.000073
115.955362  -0.000037
115.975361  -0.000173
115.995360  -0.000013
116.015359  -0.000099
116.035359  -0.000210
116.055358  0.000073
116.075357  0.000085
116.095356  -0.000050
116.115355  0.000024
116.135355  -0.000025
116.155354  -0.000050
116.175353  0.000061
116.195352  0.000233
116.215351  -0.000173
116.235351  -0.000185
116.255350  -0.000124
116.275349  0.000196
116.295348  -0.000148
116.315347  -0.000050
116.335347  0.000110
116.355346  -0.000480
116.375345  -0.000037
116.395344  -0.000283
116.415343  -0.000111
116.435343  0.000024
116.455342  0.000085
116.475341  -0.000173
116.495340  0.000085
116.515339  0.000098
116.535339  -0.000148
116.555338  0.000122
116.575337  0.000171
116.595336  0.000208
116.615335  0.000331
116.635335  0.000085
116.655334  -0.000173
116.675333  -0.000013
116.695332  0.000110
116.715331  0.000024
116.735331  0.000036
116.755330  -0.000185
116.775329  0.000245
116.795328  0.000110
116.815327  -0.000037
116.835327  0.000184
116.855326  -0.000185
116.875325  0.000171
116.895324  -0.000185
116.915323  -0.000013
116.935323  0.000122
116.955322  -0.000259
116.975321  0.000098
116.995320  -0.000050
117.015319  0.000233
117.035319  -0.000197
117.055318  -0.000185
117.075317  0.000208
117.095316  -0.000124
117.115315  0.000331
117.135315  0.000122
117.155314  -0.000013
117.175313  0.000356
117.195312  -0.000050
117.215311  -0.000160
117.235311  -0.000160
117.255310  0.000036
117.275309  -0.000234
117.295308  0.000024
117.315307  -0.000148
117.335307  0.000061
117.355306  0.000282
117.375305  -0.000013
117.395304  0.000270
117.415303  0.000073
117.435303  0.000196
117.455302  0.000122
117.475301  0.000012
117.495300  -0.000074
117.515299  -0.000111
117.535299  0.000012
117.555298  -0.000259
117.575297  -0.000037
117.595296  0.000147
117.615295  0.000270
117.635295  -0.000136
117.655294  0.000122
117.675293  0.000368
117.695292  0.000147
117.715291  -0.000013
117.735291  -0.000099
117.755290  0.000135
117.775289  -0.000013
117.795288  -0.000087
117.815287  -0.000087
117.835287  0.000147
117.855286  0.000147
117.875285  0.000036
117.895284  -0.000037
117.915283  -0.000013
117.935283  -0.000173
117.955282  -0.000050
117.975281  0.000135
117.995280  -0.000013
118.015279  0.000085
118.035279  -0.000148
118.055278  0.000036
118.075277  0.000344
118.095276  0.000024
118.115275  0.000073
118.135275  0.000171
118.155274  -0.000037
118.175273  0.000012
118.195272  0.000012
118.215271  -0.000160
118.235271  -0.000271
118.255270  0.000049
118.275269  0.000085
118.295268  -0.000111
118.315267  0.000122
118.335267  0.000147
118.355266  0.000122
118.375265  -0.000074
118.395264  0.000147
118.415263  -0.000210
118.435263  -0.000087
118.455262  0.000135
118.475261  0.000257
118.495260  0.000036
118.515259  -0.000050
118.535259  -0.000013
118.555258  -0.000259
118.575257  -0.000001
118.595256  0.000012
118.615255  0.000073
118.635255  0.000135
118.655254  -0.000013
118.675253  0.000221
118.695252  0.000073
118.715251  -0.000271
118.735251  -0.000050
118.755250  -0.000025
118.775249  0.000036
118.795248  0.000049
118.815247  0.000036
118.835247  -0.000345
118.855246  0.000049
118.875245  -0.000025
118.895244  0.000024
118.915243  -0.000050
118.935243  -0.000037
118.955242  -0.000013
118.975241  -0.000062
118.995240  0.000098
119.015239  -0.000320
119.035239  -0.000025
119.055238  0.000135
119.075237  0.000257
119.095236  -0.000210
119.115235  -0.000074
119.135235  -0.000037
119.155234  0.000294
119.175233  -0.000087
119.195232  -0.000197
119.215231  -0.000259
119.235231  -0.000136
119.255230  0.000184
119.275229  -0.000148
119.295228  0.000147
119.315227  -0.000099
119.335227  -0.000136
119.355226  0.000073
119.375225  0.000135
119.395224  0.000049
119.415223  0.000085
119.435223  0.000073
119.455222  0.000098
119.475221  0.000135
119.495220  0.000012
119.515219  0.000221
119.535219  -0.000001
119.555218  -0.000037
119.575217  0.000061
119.595216  -0.000037
119.615215  -0.000283
119.635215  0.000110
119.655214  0.000036
119.675213  -0.000037
119.695212  -0.000197
119.715211  -0.000271
119.735211  -0.000050
119.755210  -0.000013
119.775209  0.000049
119.795208  0.000122
119.815207  0.000110
119.835207  -0.000308
119.855206  0.000122
119.875205  0.000245
119.895204  0.000147
119.915203  0.000012
119.935203  0.000098
119.955202  0.000110
119.975201  0.000061
119.995200  0.000061
120.015199  -0.000185
120.035199  0.000171
120.055198  0.000073
120.075197  0.000012
120.095196  0.000122
120.115195  -0.000062
120.135195  0.000171
120.155194  0.000110
120.175193  0.000110
120.195192  0.000098
120.215191  0.000122
120.235191  0.000122
120.255190  0.000122
120.275189  0.000110
120.295188  -0.000087
120.315187  -0.000025
120.335187  -0.000185
120.355186  -0.000037
120.375185  -0.000160
120.395184  -0.000111
120.415183  -0.000197
120.435183  -0.000271
120.455182  -0.000025
120.475181  0.000049
120.495180  -0.000050
120.515179  -0.000013
120.535179  0.000135
120.555178  0.000098
120.575177  0.000049
120.595176  0.000012
120.615175  -0.000210
120.635175  -0.000001
120.655174  -0.000320
120.675173  -0.000037
120.695172  0.000245
120.715171  -0.000246
120.735171  -0.000074
120.755170  0.000270
120.775169  -0.000050
120.795168  -0.000013
120.815167  0.000208
120.835167  -0.000087
120.855166  -0.000037
120.875165  0.000344
120.895164  0.000110
120.915163  0.000061
120.935163  -0.000332
120.955162  -0.000111
120.975161  -0.000037
120.995160  0.000024
121.015159  0.000061
121.035159  -0.000062
121.055158  0.000036
121.075157  -0.000185
121.095156  0.000147
121.115155  0.000270
121.135155  0.000049
121.155154  -0.000357
121.175153  -0.000099
121.195152  -0.000074
121.215151  -0.000037
121.235151  0.000049
121.255150  -0.000037
121.275149  0.000122
121.295148  0.000294
121.315147  0.000319
121.335147  0.000110
121.355146  0.000171
121.375145  -0.000259
121.395144  -0.000148
121.415143  0.000012
121.435143  -0.000185
121.455142  0.000073
121.475141  -0.000111
121.495140  -0.000062
121.515139  -0.000099
121.535139  0.000184
121.555138  0.000024
121.575137  0.000184
121.595136  -0.000136
121.615135  0.000159
121.635135  -0.000025
121.655134  -0.000197
121.675133  0.000024
121.695132  -0.000136
121.715131  -0.000185
121.735131  -0.000087
121.755130  0.000036
121.775129  0.000073
121.795128  -0.000050
121.815127  -0.000037
121.835127  -0.000185
121.855126  -0.000050
121.875125  -0.000025
121.895124  -0.000222
121.915123  0.000147
121.935123  -0.000025
121.955122  0.000085
121.975121  0.000036
121.995120  -0.000259
122.015119  0.000085
122.035119  -0.000025
122.055118  0.000135
122.075117  0.000184
122.095116  0.000221
122.115115  0.000257
122.135115  0.000208
122.155114  0.000049
122.175113  -0.000087
122.195112  0.000245
122.215111  0.000233
122.235111  -0.000111
122.255110  0.000122
122.275109  0.000245
122.295108  -0.000050
122.315107  -0.000050
122.335107  -0.000050
122.355106  0.000319
122.375105  -0.000210
122.395104  -0.000062
122.415103  0.000024
122.435103  0.000085
122.455102  -0.000160
122.475101  -0.000124
122.495100  0.000085
122.515099  0.000098
122.535099  -0.000308
122.555098  0.000073
122.575097  -0.000037
122.595096  -0.000025
122.615095  -0.000062
122.635095  0.000159
122.655094  0.000122
122.675093  0.000122
122.695092  0.000135
122.715091  -0.000062
122.735091  0.000208
122.755090  0.000233
122.775089  0.000024
122.795088  0.000393
122.815087  0.000147
122.835087  0.000061
122.855086  -0.000173
122.875085  -0.000025
122.895084  0.000135
122.915083  -0.000099
122.935083  -0.000197
122.955082  0.000061
122.975081  0.000036
122.995080  0.000061
123.015079  -0.000087
123.035079  -0.000124
123.055078  0.000171
123.075077  0.000049
123.095076  -0.000013
123.115075  -0.000013
123.135075  -0.000025
123.155074  0.000110
123.175073  -0.000062
123.195072  -0.000074
123.215071  0.000012
123.235071  -0.000037
123.255070  0.000257
123.275069  -0.000234
123.295068  -0.000136
123.315067  0.000135
123.335067  -0.000001
123.355066  -0.000074
123.375065  -0.000222
123.395064  0.000208
123.415063  -0.000037
123.435063  -0.000222
123.455062  -0.000099
123.475061  0.000147
123.495060  0.000036
123.515059  -0.000025
123.535059  -0.000197
123.555058  0.000061
123.575057  0.000245
123.595056  0.000147
123.615055  -0.000099
123.635055  -0.000087
123.655054  -0.000185
123.675053  0.000085
123.695052  0.000085
123.715051  -0.000210
123.735051  0.000122
123.755050  -0.000087
123.775049  -0.000185
123.795048  0.000196
123.815047  -0.000087
123.835047  0.000368
123.855046  0.000098
123.875045  -0.000185
123.895044  0.000085
123.915043  -0.000013
123.935043  0.000454
123.955042  -0.000124
123.975041  -0.000013
123.995040  0.000098
124.015039  0.000024
124.035039  -0.000124
124.055038  -0.000136
124.075037  -0.000136
124.095036  -0.000062
124.115035  -0.000234
124.135035  -0.000259
124.155034  -0.000111
124.175033  0.000147
124.195032  0.000307
124.215031  -0.000074
124.235031  0.000331
124.255030  0.000184
124.275029  0.000135
124.295028  0.000454
124.315027  0.000110
124.335027  0.000221
124.355026  -0.000099
124.375025  -0.000037
124.395024  0.000024
124.415023  0.000024
124.435023  -0.000037
124.455022  0.000049
124.475021  -0.000037
124.495020  -0.000013
124.515019  0.000024
124.535019  -0.000357
124.555018  -0.000050
124.575017  0.000135
124.595016  -0.000271
124.615015  -0.000136
124.635015  -0.000160
124.655014  -0.000087
124.675013  0.000159
124.695012  0.000171
124.715011  -0.000185
124.735011  -0.000087
124.755010  -0.000234
124.775009  0.000135
124.795008  0.000049
124.815007  0.000417
124.835007  0.000122
124.855006  0.000270
124.875005  0.000135
124.895004  0.000036
124.915003  -0.000160
124.935003  0.000196
124.955002  -0.000382
124.975001  0.000073
124.995000  0.000147
125.014999  0.000380
125.034999  -0.000111
125.054998  -0.000382
125.074997  0.000012
125.094996  0.000257
125.114995  -0.000013
125.134995  -0.000013
125.154994  -0.000087
125.174993  -0.000037
125.194992  -0.000001
125.214991  -0.000074
125.234991  -0.000001
125.254990  -0.000087
125.274989  0.000012
125.294988  0.000061
125.314987  -0.000124
125.334987  0.000147
125.354986  -0.000050
125.374985  0.000122
125.394984  0.000073
125.414983  -0.000013
125.434983  -0.000037
125.454982  -0.000087
125.474981  0.000049
125.494980  -0.000222
125.514979  0.000049
125.534979  -0.000087
125.554978  -0.000050
125.574977  -0.000037
125.594976  -0.000037
125.614975  0.000098
125.634975  -0.000037
125.654974  -0.000271
125.674973  0.000085
125.694972  -0.000148
125.714971  0.000085
125.734971  0.000012
125.754970  -0.000087
125.774969  -0.000062
125.794968  0.000196
125.814967  -0.000136
125.834967  -0.000074
125.854966  0.000417
125.874965  0.000331
125.894964  0.000098
125.914963  0.000085
125.934963  0.000073
125.954962  0.000024
125.974961  -0.000136
125.994960  0.000036
126.014959  0.000049
126.034959  0.000135
126.054958  0.000270
126.074957  -0.000148
126.094956  0.000221
126.114955  0.000147
126.134955  -0.000050
126.154954  -0.000148
126.174953  0.000024
126.194952  -0.000013
126.214951  -0.000074
126.234951  -0.000234
126.254950  0.000012
126.274949  0.000122
126.294948  0.000012
126.314947  -0.000037
126.334947  -0.000050
126.354946  -0.000173
126.374945  0.000012
126.394944  0.000073
126.414943  -0.000185
126.434943  0.000098
126.454942  0.000417
126.474941  0.000171
126.494940  -0.000001
126.514939  0.000061
126.534939  -0.000074
126.554938  -0.000124
126.574937  -0.000013
126.594936  0.000024
126.614935  0.000454
126.634935  0.000208
126.654934  0.000147
126.674933  0.000098
126.694932  0.000024
126.714931  0.000221
126.734931  -0.000148
126.754930  0.000024
126.774929  0.000135
126.794928  -0.000148
126.814927  -0.000148
126.834927  -0.000136
126.854926  -0.000074
126.874925  0.000257
126.894924  0.000110
126.914923  0.000024
126.934923  0.000024
126.954922  -0.000013
126.974921  -0.000283
126.994920  0.000036
127.014919  -0.000124
127.034919  -0.000025
127.054918  0.000257
127.074917  0.000036
127.094916  -0.000111
127.114915  0.000196
127.134915  -0.000025
127.154914  0.000257
127.174913  -0.000111
127.194912  -0.000050
127.214911  0.000085
127.234911  -0.000357
127.254910  0.000282
127.274909  -0.000124
127.294908  -0.000197
127.314907  -0.000173
127.334907  0.000024
127.354906  0.000159
127.374905  0.000147
127.394904  -0.000074
127.414903  0.000024
127.434903  0.000098
127.454902  0.000061
127.474901  0.000147
127.494900  -0.000246
127.514899  -0.000013
127.534899  0.000171
127.554898  0.000073
127.574897  -0.000013
127.594896  0.000245
127.614895  0.000221
127.634895  -0.000037
127.654894  -0.000001
127.674893  -0.000013
127.694892  0.000122
127.714891  -0.000234
127.734891  0.000012
127.754890  -0.000197
127.774889  -0.000197
127.794888  -0.000173
127.814887  0.000257
127.834887  0.000049
127.854886  0.000307
127.874885  0.000122
127.894884  -0.000197
127.914883  0.000098
127.934883  -0.000210
127.954882  0.000147
127.974881  -0.000062
127.994880  0.000098
128.014879  -0.000001
128.034879  -0.000234
128.054878  -0.000185
128.074877  -0.000062
128.094876  -0.000025
128.114875  -0.000259
128.134875  -0.000013
128.154874  -0.000124
128.174873  -0.000013
128.194872  -0.000025
128.214871  -0.000074
128.234871  -0.000087
128.254870  -0.000062
128.274869  0.000012
128.294868  0.000061
128.314867  0.000085
128.334867  -0.000136
128.354866  -0.000382
128.374865  -0.000111
128.394864  -0.000062
128.414863  0.000049
128.434863  -0.000087
128.454862  -0.000062
128.474861  -0.000136
128.494860  -0.000185
128.514859  -0.000025
128.534859  0.000110
128.554858  -0.000001
128.574857  0.000085
128.594856  -0.000099
128.614855  -0.000074
128.634855  0.000085
128.654854  0.000171
128.674853  -0.000025
128.694852  0.000184
128.714851  0.000122
128.734851  0.000159
128.754850  0.000012
128.774849  0.000098
128.794848  -0.000283
128.814847  -0.000025
128.834847  0.000233
128.854846  -0.000037
128.874845  -0.000160
128.894844  -0.000025
128.914843  -0.000111
128.934843  0.000024
128.954842  -0.000173
128.974841  0.000417
128.994840  -0.000037
129.014839  -0.000025
129.034839  -0.000210
129.054838  0.000184
129.074837  -0.000136
129.094836  -0.000062
129.114835  -0.000345
129.134835  0.000085
129.154834  0.000110
129.174833  0.000049
129.194832  -0.000111
129.214831  -0.000025
129.234831  -0.000050
129.254830  -0.000148
129.274829  -0.000087
129.294828  -0.000074
129.314827  -0.000136
129.334827  -0.000062
129.354826  -0.000099
129.374825  0.000135
129.394824  -0.000013
129.414823  0.000024
129.434823  -0.000099
129.454822  -0.000025
129.474821  -0.000136
129.494820  -0.000259
129.514819  0.000012
129.534819  -0.000148
129.554818  -0.000332
129.574817  0.000085
129.594816  -0.000062
129.614815  -0.000160
129.634815  0.000073
129.654814  -0.000025
129.674813  -0.000173
129.694812  0.000098
129.714811  -0.000025
129.734811  -0.000074
129.754810  0.000085
129.774809  0.000024
129.794808  -0.000037
129.814807  -0.000234
129.834807  -0.000050
129.854806  -0.000025
129.874805  -0.000210
129.894804  -0.000210
129.914803  0.000012
129.934803  -0.000259
129.954802  -0.000050
129.974801  0.000024
129.994800  0.000270
130.014799  0.000061
130.034799  -0.000037
130.054798  -0.000185
130.074797  -0.000074
130.094796  -0.000357
130.114795  0.000061
130.134795  -0.000074
130.154794  -0.000160
130.174793  0.000110
130.194792  0.000036
130.214791  -0.000185
130.234791  0.000147
130.254790  -0.000087
130.274789  0.000184
130.294788  -0.000037
130.314787  -0.000210
130.334787  0.000270
130.354786  0.000024
130.374785  0.000036
130.394784  -0.000124
130.414783  -0.000222
130.434783  -0.000013
130.454782  -0.000283
130.474781  0.000208
130.494780  -0.000124
130.514779  0.000233
130.534779  0.000122
130.554778  0.000184
130.574777  -0.000185
130.594776  0.000245
130.614775  -0.000013
130.634775  -0.000087
130.654774  -0.000173
130.674773  -0.000074
130.694772  -0.000074
130.714771  0.000049
130.734771  -0.000210
130.754770  0.000196
130.774769  0.000012
130.794768  -0.000087
130.814767  0.000024
130.834767  -0.000197
130.854766  0.000098
130.874765  0.000012
130.894764  -0.000111
130.914763  0.000110
130.934763  -0.000271
130.954762  -0.000124
130.974761  0.000073
130.994760  -0.000037
131.014759  -0.000124
131.034759  -0.000124
131.054758  0.000049
131.074757  -0.000111
131.094756  0.000061
131.114755  0.000085
131.134755  -0.000099
131.154754  -0.000136
131.174753  -0.000111
131.194752  -0.000210
131.214751  -0.000099
131.234751  -0.000074
131.254750  -0.000074
131.274749  -0.000050
131.294748  -0.000087
131.314747  0.000098
131.334747  0.000049
131.354746  -0.000246
131.374745  0.000024
131.394744  0.000024
131.414743  0.000221
131.434743  0.000049
131.454742  0.000110
131.474741  -0.000173
131.494740  -0.000025
131.514739  -0.000037
131.534739  -0.000062
131.554738  -0.000210
131.574737  0.000073
131.594736  0.000221
131.614735  0.000012
131.634735  -0.000074
131.654734  0.000098
131.674733  -0.000210
131.694732  -0.000148
131.714731  -0.000074
131.734731  0.000012
131.754730  -0.000124
131.774729  0.000036
131.794728  -0.000050
131.814727  -0.000124
131.834727  -0.000037
131.854726  -0.000210
131.874725  0.000073
131.894724  0.000147
131.914723  0.000049
131.934723  0.000282
131.954722  -0.000136
131.974721  -0.000050
131.994720  0.000147
132.014719  -0.000124
132.034719  -0.000308
132.054718  -0.000099
132.074717  0.000024
132.094716  -0.000013
132.114715  -0.000074
132.134715  0.000012
132.154714  0.000061
132.174713  -0.000148
132.194712  -0.000099
132.214711  -0.000148
132.234711  -0.000492
132.254710  -0.000037
132.274709  -0.000050
132.294708  -0.000148
132.314707  -0.000197
132.334707  -0.000234
132.354706  -0.000087
132.374705  0.000061
132.394704  -0.000050
132.414703  -0.000308
132.434703  0.000122
132.454702  0.000110
132.474701  -0.000001
132.494700  0.000135
132.514699  0.000331
132.534699  0.000208
132.554698  0.000184
132.574697  -0.000025
132.594696  -0.000087
132.614695  0.000073
132.634695  -0.000111
132.654694  -0.000001
132.674693  -0.000050
132.694692  -0.000025
132.714691  -0.000320
132.734691  -0.000013
132.754690  -0.000406
132.774689  -0.000124
132.794688  -0.000025
132.814687  -0.000087
132.834687  -0.000124
132.854686  -0.000037
132.874685  0.000073
132.894684  0.000049
132.914683  -0.000185
132.934683  0.000061
132.954682  0.000012
132.974681  -0.000099
132.994680  0.000073
133.014679  -0.000062
133.034679  -0.000087
133.054678  -0.000001
133.074677  0.000085
133.094676  -0.000001
133.114675  0.000061
133.134675  0.000171
133.154674  0.000565
133.174673  0.000061
133.194672  -0.000013
133.214671  0.000135
133.234671  0.000147
133.254670  0.000085
133.274669  0.000036
133.294668  0.000196
133.314667  -0.000062
133.334667  0.000307
133.354666  0.000159
133.374665  0.000135
133.394664  -0.000037
133.414663  -0.000099
133.434663  -0.000296
133.454662  0.000073
133.474661  -0.000136
133.494660  0.000270
133.514659  0.000085
133.534659  -0.000087
133.554658  0.000049
133.574657  0.000098
133.594656  -0.000074
133.614655  -0.000111
133.634655  0.000049
133.654654  0.000061
133.674653  -0.000173
133.694652  -0.000087
133.714651  0.000135
133.734651  0.000122
133.754650  -0.000111
133.774649  -0.000197
133.794648  -0.000173
133.814647  -0.000037
133.834647  -0.000013
133.854646  -0.000197
133.874645  -0.000087
133.894644  0.000049
133.914643  0.000147
133.934643  -0.000406
133.954642  -0.000087
133.974641  0.000147
133.994640  0.000245
134.014639  -0.000185
134.034639  -0.000111
134.054638  0.000122
134.074637  -0.000013
134.094636  0.000171
134.114635  -0.000173
134.134635  0.000024
134.154634  0.000061
134.174633  0.000233
134.194632  0.000159
134.214631  -0.000283
134.234631  0.000049
134.254630  -0.000234
134.274629  0.000073
134.294628  0.000122
134.314627  0.000073
134.334627  0.000012
134.354626  -0.000283
134.374625  0.000184
134.394624  -0.000062
134.414623  -0.000124
134.434623  -0.000087
134.454622  -0.000087
134.474621  -0.000246
134.494620  -0.000160
134.514619  -0.000025
134.534619  -0.000517
134.554618  -0.000050
134.574617  0.000049
134.594616  -0.000074
134.614615  0.000233
134.634615  0.000233
134.654614  0.000135
134.674613  0.000233
134.694612  0.000393
134.714611  0.000184
134.734611  0.000049
134.754610  0.000257
134.774609  0.000147
134.794608  0.000282
134.814607  0.000245
134.834607  0.000085
134.854606  -0.000111
134.874605  -0.000013
134.894604  0.000110
134.914603  -0.000099
134.934603  0.000085
134.954602  0.000159
134.974601  -0.000062
134.994600  -0.000210
135.014599  -0.000271
135.034599  0.000159
135.054598  -0.000124
135.074597  0.000184
135.094596  -0.000185
135.114595  0.000184
135.134595  0.000049
135.154594  -0.000062
135.174593  -0.000050
135.194592  0.000171
135.214591  -0.000074
135.234591  0.000024
135.254590  0.000049
135.274589  -0.000013
135.294588  0.000036
135.314587  0.000294
135.334587  -0.000037
135.354586  0.000098
135.374585  0.000270
135.394584  0.000110
135.414583  0.000233
135.434583  -0.000074
135.454582  -0.000210
135.474581  -0.000013
135.494580  0.000061
135.514579  -0.000074
135.534579  -0.000087
135.554578  0.000196
135.574577  0.000036
135.594576  -0.000013
135.614575  -0.000308
135.634575  0.000061
135.654574  0.000270
135.674573  -0.000136
135.694572  0.000036
135.714571  0.000085
135.734571  0.000110
135.754570  0.000208
135.774569  0.000208
135.794568  -0.000087
135.814567  -0.000050
135.834567  -0.000087
135.854566  0.000196
135.874565  -0.000037
135.894564  -0.000332
135.914563  -0.000074
135.934563  0.000012
135.954562  0.000049
135.974561  0.000012
135.994560  0.000257
136.014559  0.000147
136.034559  -0.000111
136.054558  0.000294
136.074557  -0.000111
136.094556  0.000135
136.114555  0.000147
136.134555  -0.000271
136.154554  -0.000013
136.174553  0.000110
136.194552  -0.000185
136.214551  -0.000087
136.234551  0.000012
136.254550  -0.000099
136.274549  0.000061
136.294548  0.000012
136.314547  -0.000074
136.334547  0.000196
136.354546  0.000233
136.374545  0.000171
136.394544  -0.000050
136.414543  0.000344
136.434543  0.000135
136.454542  0.000049
136.474541  0.000184
136.494540  0.000036
136.514539  -0.000062
136.534539  0.000024
136.554538  -0.000074
136.574537  -0.000173
136.594536  -0.000074
136.614535  0.000122
136.634535  0.000012
136.654534  0.000061
136.674533  0.000085
136.694532  0.000184
136.714531  0.000331
136.734531  -0.000050
136.754530  -0.000025
136.774529  0.000061
136.794528  -0.000185
136.814527  -0.000074
136.834527  -0.000271
136.854526  -0.000037
136.874525  -0.000013
136.894524  0.000196
136.914523  -0.000173
136.934523  0.000331
136.954522  -0.000062
136.974521  0.000073
136.994520  -0.000320
137.014519  -0.000037
137.034519  0.000073
137.054518  0.000171
137.074517  -0.000136
137.094516  -0.000050
137.114515  -0.000001
137.134515  0.000036
137.154514  0.000012
137.174513  -0.000013
137.194512  0.000171
137.214511  -0.000148
137.234511  0.000024
137.254510  -0.000210
137.274509  0.000049
137.294508  0.000061
137.314507  0.000098
137.334507  -0.000136
137.354506  0.000319
137.374505  0.000368
137.394504  0.000012
137.414503  -0.000099
137.434503  0.000036
137.454502  0.000122
137.474501  -0.000037
137.494500  0.000245
137.514499  0.000012
137.534499  -0.000013
137.554498  0.000380
137.574497  0.000196
137.594496  0.000073
137.614495  0.000171
137.634495  0.000036
137.654494  0.000159
137.674493  0.000024
137.694492  0.000024
137.714491  0.000245
137.734491  -0.000173
137.754490  0.000319
137.774489  0.000147
137.794488  0.000036
137.814487  -0.000160
137.834487  -0.000111
137.854486  -0.000124
137.874485  -0.000234
137.894484  -0.000050
137.914483  0.000012
137.934483  0.000135
137.954482  -0.000037
137.974481  0.000221
137.994480  -0.000160
138.014479  -0.000099
138.034479  -0.000148
138.054478  0.000085
138.074477  0.000331
138.094476  -0.000050
138.114475  0.000098
138.134475  0.000012
138.154474  0.000073
138.174473  0.000098
138.194472  0.000196
138.214471  -0.000099
138.234471  -0.000136
138.254470  -0.000185
138.274469  -0.000111
138.294468  0.000049
138.314467  0.000012
138.334467  -0.000148
138.354466  0.000110
138.374465  0.000024
138.394464  0.000049
138.414463  0.000319
138.434463  0.000208
138.454462  0.000024
138.474461  0.000036
138.494460  0.000049
138.514459  -0.000087
138.534459  -0.000001
138.554458  0.000430
138.574457  -0.000025
138.594456  0.000135
138.614455  -0.000111
138.634455  0.000159
138.654454  -0.000037
138.674453  0.000012
138.694452  0.000159
138.714451  -0.000001
138.734451  -0.000332
138.754450  0.000085
138.774449  -0.000308
138.794448  -0.000234
138.814447  0.000061
138.834447  0.000049
138.854446  0.000208
138.874445  0.000061
138.894444  -0.000246
138.914443  0.000110
138.934443  -0.000160
138.954442  0.000257
138.974441  -0.000025
138.994440  0.000196
139.014439  0.000147
139.034439  0.000184
139.054438  -0.000025
139.074437  0.000073
139.094436  0.000110
139.114435  0.000085
139.134435  0.000024
139.154434  -0.000148
139.174433  -0.000062
139.194432  0.000135
139.214431  0.000110
139.234431  -0.000111
139.254430  0.000270
139.274429  0.000184
139.294428  -0.000087
139.314427  -0.000062
139.334427  -0.000136
139.354426  -0.000025
139.374425  -0.000074
139.394424  -0.000025
139.414423  0.000073
139.434423  -0.000001
139.454422  -0.000025
139.474421  -0.000062
139.494420  0.000257
139.514419  -0.000148
139.534419  -0.000050
139.554418  0.000171
139.574417  -0.000087
139.594416  0.000257
139.614415  -0.000136
139.634415  0.000036
139.654414  0.000098
139.674413  -0.000087
139.694412  -0.000111
139.714411  0.000110
139.734411  0.000098
139.754410  0.000405
139.774409  0.000233
139.794408  -0.000111
139.814407  -0.000185
139.834407  -0.000062
139.854406  -0.000013
139.874405  -0.000062
139.894404  -0.000136
139.914403  0.000147
139.934403  0.000110
139.954402  -0.000001
139.974401  -0.000062
139.994400  0.000110
140.014399  0.000184
140.034399  -0.000074
140.054398  -0.000013
140.074397  0.000147
140.094396  0.000012
140.114395  -0.000037
140.134395  0.000245
140.154394  0.000110
140.174393  0.000147
140.194392  0.000110
140.214391  0.000122
140.234391  -0.000124
140.254390  0.000012
140.274389  -0.000332
140.294388  -0.000062
140.314387  0.000085
140.334387  -0.000087
140.354386  -0.000062
140.374385  0.000307
140.394384  -0.000099
140.414383  0.000085
140.434383  0.000171
140.454382  0.000110
140.474381  0.000049
140.494380  -0.000160
140.514379  -0.000124
140.534379  -0.000148
140.554378  -0.000210
140.574377  -0.000074
140.594376  -0.000197
140.614375  -0.000099
140.634375  -0.000074
140.654374  0.000196
140.674373  0.000036
140.694372  0.000012
140.714371  -0.000025
140.734371  -0.000124
140.754370  -0.000013
140.774369  0.000171
140.794368  0.000110
140.814367  0.000024
140.834367  -0.000087
140.854366  0.000012
140.874365  0.000159
140.894364  -0.000062
140.914363  0.000098
140.934363  -0.000197
140.954362  -0.000025
140.974361  -0.000050
140.994360  0.000036
141.014359  -0.000308
141.034359  0.000110
141.054358  0.000049
141.074357  0.000098
141.094356  0.000073
141.114355  0.000110
141.134355  0.000257
141.154354  0.000085
141.174353  -0.000037
141.194352  -0.000111
141.214351  0.000159
141.234351  -0.000025
141.254350  0.000024
141.274349  0.000012
141.294348  0.000012
141.314347  -0.000136
141.334347  0.000073
141.354346  0.000085
141.374345  0.000159
141.394344  -0.000037
141.414343  0.000024
141.434343  0.000012
141.454342  -0.000136
141.474341  0.000110
141.494340  -0.000185
141.514339  -0.000087
141.534339  -0.000037
141.554338  0.000135
141.574337  -0.000013
141.594336  -0.000124
141.614335  -0.000050
141.634335  0.000159
141.654334  -0.000136
141.674333  -0.000259
141.694332  0.000036
141.714331  0.000171
141.734331  -0.000025
141.754330  -0.000185
141.774329  0.000110
141.794328  -0.000222
141.814327  0.000307
141.834327  0.000147
141.854326  -0.000111
141.874325  0.000012
141.894324  0.000061
141.914323  -0.000357
141.934323  -0.000013
141.954322  0.000208
141.974321  -0.000210
141.994320  -0.000074
142.014319  -0.000136
142.034319  -0.000124
142.054318  0.000036
142.074317  -0.000124
142.094316  0.000122
142.114315  -0.000074
142.134315  -0.000074
142.154314  -0.000062
142.174313  -0.000246
142.194312  -0.000394
142.214311  -0.000136
142.234311  0.000135
142.254310  0.000221
142.274309  -0.000136
142.294308  -0.000025
142.314307  -0.000148
142.334307  -0.000037
142.354306  -0.000074
142.374305  -0.000320
142.394304  0.000270
142.414303  0.000085
142.434303  0.000085
142.454302  -0.000062
142.474301  0.000184
142.494300  -0.000111
142.514299  0.000221
142.534299  -0.000124
142.554298  -0.000013
142.574297  0.000098
142.594296  0.000159
142.614295  -0.000037
142.634295  -0.000246
142.654294  -0.000271
142.674293  -0.000087
142.694292  -0.000111
142.714291  -0.000037
142.734291  -0.000320
142.754290  -0.000013
142.774289  -0.000185
142.794288  -0.000234
142.814287  -0.000210
142.834287  -0.000148
142.854286  -0.000124
142.874285  0.000110
142.894284  -0.000148
142.914283  0.000331
142.934283  0.000085
142.954282  0.000110
142.974281  -0.000025
142.994280  -0.000001
143.014279  0.000184
143.034279  0.000036
143.054278  0.000135
143.074277  0.000393
143.094276  0.000012
143.114275  -0.000160
143.134275  -0.000173
143.154274  0.000208
143.174273  0.000012
143.194272  0.000147
143.214271  -0.000136
143.234271  -0.000197
143.254270  -0.000320
143.274269  -0.000099
143.294268  -0.000455
143.314267  0.000012
143.334267  -0.000308
143.354266  -0.000037
143.374265  -0.000160
143.394264  0.000147
143.414263  -0.000025
143.434263  -0.000062
143.454262  0.000479
143.474261  -0.000148
143.494260  -0.000062
143.514259  -0.000037
143.534259  -0.000148
143.554258  0.000073
143.574257  0.000049
143.594256  -0.000062
143.614255  -0.000124
143.634255  0.000245
143.654254  -0.000062
143.674253  0.000135
143.694252  0.000307
143.714251  -0.000037
143.734251  -0.000320
143.754250  0.000122
143.774249  0.000061
143.794248  -0.000074
143.814247  -0.000013
143.834247  0.000085
143.854246  -0.000111
143.874245  -0.000037
143.894244  -0.000160
143.914243  -0.000234
143.934243  -0.000296
143.954242  -0.000050
143.974241  0.000012
143.994240  0.000135
144.014239  -0.000210
144.034239  -0.000050
144.054238  0.000196
144.074237  0.000319
144.094236  -0.000050
144.114235  -0.000136
144.134235  -0.000185
144.154234  0.000098
144.174233  0.000110
144.194232  -0.000136
144.214231  0.000368
144.234231  0.000012
144.254230  -0.000062
144.274229  -0.000296
144.294228  0.000024
144.314227  -0.000099
144.334227  -0.000124
144.354226  0.000024
144.374225  0.000208
144.394224  0.000049
144.414223  -0.000025
144.434223  -0.000050
144.454222  -0.000050
144.474221  -0.000136
144.494220  -0.000320
144.514219  -0.000013
144.534219  0.000159
144.554218  -0.000173
144.574217  0.000024
144.594216  -0.000013
144.614215  0.000012
144.634215  0.000073
144.654214  0.000122
144.674213  0.000282
144.694212  0.000257
144.714211  -0.000210
144.734211  0.000049
144.754210  -0.000074
144.774209  -0.000087
144.794208  0.000085
144.814207  -0.000013
144.834207  0.000061
144.854206  -0.000001
144.874205  -0.000136
144.894204  -0.000210
144.914203  -0.000283
144.934203  -0.000025
144.954202  0.000073
144.974201  -0.000296
144.994200  -0.000160
145.014199  -0.000148
145.034199  -0.000111
145.054198  -0.000087
145.074197  0.000061
145.094196  0.000024
145.114195  -0.000124
145.134195  0.000245
145.154194  -0.000001
145.174193  -0.000062
145.194192  0.000307
145.214191  0.000049
145.234191  0.000122
145.254190  0.000098
145.274189  -0.000210
145.294188  0.000147
145.314187  0.000085
145.334187  0.000430
145.354186  -0.000037
145.374185  -0.000037
145.394184  0.000073
145.414183  0.000171
145.434183  0.000257
145.454182  -0.000136
145.474181  -0.000074
145.494180  -0.000037
145.514179  -0.000246
145.534179  0.000061
145.554178  -0.000160
145.574177  0.000147
145.594176  -0.000320
145.614175  0.000257
145.634175  -0.000185
145.654174  -0.000136
145.674173  -0.000013
145.694172  0.000319
145.714171  0.000049
145.734171  0.000073
145.754170  0.000012
145.774169  -0.000037
145.794168  -0.000148
145.814167  0.000122
145.834167  0.000135
145.854166  0.000049
145.874165  0.000098
145.894164  0.000184
145.914163  -0.000037
145.934163  -0.000234
145.954162  0.000257
145.974161  0.000036
145.994160  0.000024
146.014159  -0.000222
146.034159  -0.000382
146.054158  -0.000050
146.074157  0.000061
146.094156  -0.000074
146.114155  -0.000296
146.134155  0.000110
146.154154  0.000061
146.174153  0.000405
146.194152  -0.000025
146.214151  0.000073
146.234151  0.000012
146.254150  -0.000062
146.274149  0.000122
146.294148  0.000171
146.314147  -0.000074
146.334147  0.000098
146.354146  -0.000050
146.374145  0.000049
146.394144  -0.000062
146.414143  -0.000210
146.434143  -0.000160
146.454142  -0.000062
146.474141  -0.000062
146.494140  0.000049
146.514139  0.000110
146.534139  0.000135
146.554138  -0.000111
146.574137  0.000233
146.594136  -0.000160
146.614135  -0.000136
146.634135  -0.000210
146.654134  -0.000062
146.674133  0.000147
146.694132  0.000085
146.714131  -0.000001
146.734131  -0.000074
146.754130  0.000147
146.774129  0.000110
146.794128  0.000024
146.814127  0.000147
146.834127  0.000036
146.854126  -0.000013
146.874125  0.000221
146.894124  -0.000062
146.914123  0.000024
146.934123  0.000135
146.954122  -0.000013
146.974121  -0.000357
146.994120  -0.000148
147.014119  -0.000234
147.034119  -0.000025
147.054118  0.000196
147.074117  -0.000013
147.094116  0.000159
147.114115  0.000024
147.134115  -0.000160
147.154114  -0.000357
147.174113  0.000221
147.194112  -0.000074
147.214111  -0.000554
147.234111  -0.000087
147.254110  -0.000037
147.274109  0.000061
147.294108  -0.000013
147.314107  -0.000062
147.334107  0.000159
147.354106  0.000393
147.374105  -0.000062
147.394104  0.000147
147.414103  -0.000087
147.434103  0.000049
147.454102  -0.000320
147.474101  -0.000246
147.494100  0.000135
147.514099  0.000417
147.534099  -0.000185
147.554098  -0.000308
147.574097  0.000147
147.594096  0.000270
147.614095  -0.000087
147.634095  0.000098
147.654094  -0.000197
147.674093  -0.000160
147.694092  -0.000050
147.714091  0.000159
147.734091  -0.000001
147.754090  -0.000025
147.774089  -0.000087
147.794088  0.000344
147.814087  0.000012
147.834087  -0.000283
147.854086  -0.000173
147.874085  0.000171
147.894084  -0.000296
147.914083  0.000073
147.934083  -0.000037
147.954082  0.000135
147.974081  -0.000025
147.994080  -0.000222
148.014079  -0.000037
148.034079  0.000122
148.054078  -0.000074
148.074077  -0.000136
148.094076  0.000049
148.114075  -0.000173
148.134075  -0.000197
148.154074  -0.000087
148.174073  -0.000050
148.194072  0.000135
148.214071  0.000147
148.234071  0.000257
148.254070  0.000159
148.274069  -0.000001
148.294068  -0.000013
148.314067  -0.000431
148.334067  0.000049
148.354066  0.000024
148.374065  0.000307
148.394064  0.000024
148.414063  -0.000111
148.434063  -0.000111
148.454062  0.000147
148.474061  -0.000160
148.494060  0.000122
148.514059  -0.000025
148.534059  -0.000013
148.554058  0.000282
148.574057  -0.000062
148.594056  -0.000111
148.614055  0.000159
148.634055  -0.000148
148.654054  -0.000246
148.674053  -0.000173
148.694052  0.000061
148.714051  0.000110
148.734051  -0.000160
148.754050  0.000122
148.774049  0.000049
148.794048  -0.000148
148.814047  0.000147
148.834047  0.000085
148.854046  -0.000074
148.874045  0.000233
148.894044  0.000196
148.914043  -0.000148
148.934043  0.000270
148.954042  0.000184
148.974041  -0.000001
148.994040  -0.000001
149.014039  0.000184
149.034039  0.000049
149.054038  0.000085
149.074037  -0.000050
149.094036  0.000085
149.114035  0.000122
149.134035  -0.000087
149.154034  -0.000173
149.174033  -0.000037
149.194032  0.000159
149.214031  -0.000025
149.234031  0.000024
149.254030  0.000110
149.274029  -0.000246
149.294028  0.000135
149.314027  -0.000308
149.334027  -0.000099
149.354026  -0.000037
149.374025  0.000012
149.394024  -0.000222
149.414023  0.000073
149.434023  0.000110
149.454022  -0.000160
149.474021  -0.000124
149.494020  0.000049
149.514019  -0.000197
149.534019  -0.000111
149.554018  0.000073
149.574017  -0.000025
149.594016  0.000085
149.614015  -0.000087
149.634015  -0.000148
149.654014  -0.000025
149.674013  -0.000197
149.694012  0.000147
149.714011  -0.000148
149.734011  0.000049
149.754010  -0.000062
149.774009  -0.000099
149.794008  -0.000001
149.814007  0.000270
149.834007  0.000073
149.854006  -0.000124
149.874005  -0.000124
149.894004  0.000036
149.914003  -0.000001
149.934003  -0.000013
149.954002  -0.000173
149.974001  0.000073
149.994000  0.000208
150.013999  -0.000173
150.033999  -0.000124
150.053998  -0.000283
150.073997  0.000085
150.093996  0.000036
150.113995  0.000036
150.133995  0.000012
150.153994  0.000098
150.173993  -0.000234
150.193992  0.000110
150.213991  -0.000087
150.233991  -0.000062
150.253990  -0.000111
150.273989  0.000257
150.293988  -0.000246
150.313987  0.000208
150.333987  -0.000062
150.353986  -0.000357
150.373985  0.000036
150.393984  0.000110
150.413983  0.000122
150.433983  0.000024
150.453982  0.000098
150.473981  -0.000197
150.493980  -0.000050
150.513979  0.000257
150.533979  -0.000160
150.553978  -0.000210
150.573977  -0.000160
150.593976  0.000012
150.613975  0.000184
150.633975  -0.000013
150.653974  -0.000124
150.673973  -0.000087
150.693972  -0.000074
150.713971  0.000036
150.733971  0.000012
150.753970  0.000208
150.773969  0.000012
150.793968  0.000135
150.813967  0.000233
150.833967  -0.000037
150.853966  -0.000037
150.873965  0.000049
150.893964  -0.000259
150.913963  0.000061
150.933963  -0.000001
150.953962  -0.000013
150.973961  -0.000062
150.993960  -0.000013
151.013959  0.000221
151.033959  -0.000124
151.053958  0.000049
151.073957  -0.000234
151.093956  -0.000062
151.113955  -0.000173
151.133955  -0.000173
151.153954  -0.000111
151.173953  -0.000074
151.193952  0.000122
151.213951  -0.000160
151.233951  0.000147
151.253950  -0.000025
151.273949  0.000282
151.293948  0.000368
151.313947  0.000049
151.333947  0.000331
151.353946  0.000122
151.373945  0.000012
151.393944  -0.000210
151.413943  0.000012
151.433943  0.000036
151.453942  -0.000124
151.473941  -0.000087
151.493940  -0.000001
151.513939  0.000135
151.533939  -0.000234
151.553938  0.000036
151.573937  -0.000357
151.593936  -0.000124
151.613935  0.000061
151.633935  -0.000160
151.653934  0.000257
151.673933  0.000208
151.693932  0.000036
151.713931  -0.000308
151.733931  0.000012
151.753930  0.000307
151.773929  0.000024
151.793928  -0.000087
151.813927  0.000049
151.833927  0.000085
151.853926  -0.000037
151.873925  0.000331
151.893924  -0.000013
151.913923  -0.000037
151.933923  -0.000124
151.953922  0.000073
151.973921  0.000159
151.993920  -0.000308
152.013919  -0.000087
152.033919  -0.000210
152.053918  -0.000283
152.073917  -0.000013
152.093916  -0.000124
152.113915  0.000073
152.133915  -0.000185
152.153914  -0.000013
152.173913  0.000085
152.193912  0.000417
152.213911  0.000073
152.233911  0.000085
152.253910  -0.000001
152.273909  0.000049
152.293908  0.000110
152.313907  0.000036
152.333907  0.000356
152.353906  -0.000074
152.373905  0.000024
152.393904  0.000061
152.413903  0.000073
152.433903  -0.000050
152.453902  -0.000406
152.473901  -0.000197
152.493900  -0.000037
152.513899  -0.000087
152.533899  -0.000160
152.553898  -0.000197
152.573897  -0.000074
152.593896  -0.000037
152.613895  -0.000037
152.633895  -0.000111
152.653894  0.000135
152.673893  -0.000001
152.693892  -0.000185
152.713891  -0.000136
152.733891  0.000257
152.753890  -0.000001
152.773889  -0.000087
152.793888  0.000147
152.813887  0.000073
152.833887  0.000049
152.853886  0.000221
152.873885  0.000122
152.893884  0.000073
152.913883  0.000122
152.933883  0.000270
152.953882  0.000036
152.973881  0.000049
152.993880  0.000135
153.013879  -0.000160
153.033879  -0.000308
153.053878  -0.000136
153.073877  0.000159
153.093876  -0.000210
153.113875  -0.000050
153.133875  -0.000050
153.153874  -0.000246
153.173873  0.000110
153.193872  -0.000283
153.213871  0.000159
153.233871  -0.000124
153.253870  0.000122
153.273869  0.000024
153.293868  0.000257
153.313867  0.000073
153.333867  0.000073
153.353866  0.000049
153.373865  0.000171
153.393864  0.000233
153.413863  -0.000222
153.433863  0.000049
153.453862  0.000098
153.473861  -0.000050
153.493860  -0.000148
153.513859  0.000110
153.533859  -0.000259
153.553858  0.000085
153.573857  -0.000173
153.593856  -0.000173
153.613855  -0.000013
153.633855  0.000196
153.653854  -0.000124
153.673853  0.000073
153.693852  -0.000013
153.713851  -0.000210
153.733851  0.000171
153.753850  0.000061
153.773849  -0.000074
153.793848  -0.000185
153.813847  -0.000271
153.833847  -0.000050
153.853846  0.000024
153.873845  -0.000419
153.893844  0.000221
153.913843  0.000049
153.933843  -0.000160
153.953842  -0.000173
153.973841  -0.000062
153.993840  -0.000173
154.013839  -0.000025
154.033839  0.000110
154.053838  0.000073
154.073837  0.000528
154.093836  0.000061
154.113835  0.000122
154.133835  -0.000087
154.153834  -0.000074
154.173833  -0.000074
154.193832  0.000061
154.213831  -0.000074
154.233831  -0.000025
154.253830  0.000061
154.273829  0.000061
154.293828  0.000098
154.313827  -0.000062
154.333827  -0.000148
154.353826  0.000049
154.373825  0.000159
154.393824  0.000221
154.413823  0.000012
154.433823  -0.000160
154.453822  0.000356
154.473821  0.000147
154.493820  0.000122
154.513819  0.000085
154.533819  -0.000074
154.553818  -0.000173
154.573817  0.000208
154.593816  -0.000025
154.613815  0.000073
154.633815  -0.000013
154.653814  0.000245
154.673813  -0.000037
154.693812  -0.000062
154.713811  -0.000345
154.733811  -0.000025
154.753810  0.000208
154.773809  -0.000037
154.793808  0.000061
154.813807  0.000171
154.833807  -0.000271
154.853806  0.000122
154.873805  -0.000173
154.893804  -0.000062
154.913803  -0.000246
154.933803  -0.000050
154.953802  0.000098
154.973801  -0.000013
154.993800  0.000110
155.013799  0.000012
155.033799  0.000147
155.053798  -0.000037
155.073797  0.000184
155.093796  0.000110
155.113795  0.000171
155.133795  0.000073
155.153794  0.000221
155.173793  0.000184
155.193792  0.000196
155.213791  -0.000013
155.233791  0.000184
155.253790  -0.000050
155.273789  -0.000332
155.293788  -0.000222
155.313787  -0.000087
155.333787  -0.000136
155.353786  -0.000259
155.373785  -0.000234
155.393784  0.000171
155.413783  -0.000234
155.433783  0.000122
155.453782  -0.000062
155.473781  0.000073
155.493780  0.000270
155.513779  0.000049
155.533779  -0.000185
155.553778  -0.000037
155.573777  -0.000296
155.593776  0.000331
155.613775  -0.000001
155.633775  0.000196
155.653774  0.000049
155.673773  0.000135
155.693772  -0.000148
155.713771  -0.000013
155.733771  -0.000025
155.753770  -0.000025
155.773769  -0.000148
155.793768  0.000049
155.813767  -0.000332
155.833767  0.000073
155.853766  0.000147
155.873765  0.000282
155.893764  0.000122
155.913763  0.000233
155.933763  -0.000210
155.953762  0.000061
155.973761  0.000098
155.993760  0.000344
156.013759  -0.000222
156.033759  0.000159
156.053758  0.000110
156.073757  -0.000111
156.093756  0.000147
156.113755  -0.000013
156.133755  0.000036
156.153754  0.000061
156.173753  -0.000037
156.193752  0.000159
156.213751  -0.000160
156.233751  -0.000173
156.253750  -0.000087
156.273749  0.000147
156.293748  -0.000025
156.313747  -0.000062
156.333747  -0.000074
156.353746  -0.000062
156.373745  -0.000099
156.393744  0.000012
156.413743  0.000110
156.433743  -0.000124
156.453742  0.000270
156.473741  -0.000013
156.493740  0.000294
156.513739  -0.000173
156.533739  0.000036
156.553738  0.000036
156.573737  -0.000050
156.593736  0.000085
156.613735  0.000110
156.633735  0.000159
156.653734  -0.000124
156.673733  0.000196
156.693732  0.000159
156.713731  -0.000001
156.733731  0.000061
156.753730  0.000171
156.773729  0.000110
156.793728  -0.000062
156.813727  -0.000037
156.833727  0.000270
156.853726  0.000184
156.873725  0.000147
156.893724  0.000024
156.913723  0.000294
156.933723  0.000196
156.953722  0.000085
156.973721  -0.000111
156.993720  -0.000001
157.013719  0.000122
157.033719  0.000085
157.053718  0.000257
157.073717  0.000147
157.093716  -0.000037
157.113715  0.000393
157.133715  -0.000013
157.153714  0.000196
157.173713  -0.000050
157.193712  0.000073
157.213711  0.000147
157.233711  -0.000013
157.253710  0.000012
157.273709  -0.000234
157.293708  0.000049
157.313707  0.000061
157.333707  -0.000124
157.353706  -0.000087
157.373705  -0.000111
157.393704  0.000073
157.413703  0.000245
157.433703  0.000073
157.453702  0.000012
157.473701  -0.000050
157.493700  0.000073
157.513699  -0.000099
157.533699  0.000036
157.553698  -0.000210
157.573697  0.000135
157.593696  0.000073
157.613695  0.000208
157.633695  0.000036
157.653694  -0.000074
157.673693  0.000110
157.693692  -0.000234
157.713691  -0.000148
157.733691  -0.000050
157.753690  0.000024
157.773689  -0.000394
157.793688  0.000012
157.813687  0.000012
157.833687  0.000282
157.853686  0.000085
157.873685  -0.000013
157.893684  -0.000136
157.913683  0.000012
157.933683  0.000049
157.953682  -0.000148
157.973681  0.000245
157.993680  0.000196
158.013679  -0.000013
158.033679  0.000110
158.053678  -0.000087
158.073677  0.000098
158.093676  -0.000357
158.113675  -0.000013
158.133675  -0.000037
158.153674  0.000368
158.173673  0.000049
158.193672  0.000073
158.213671  -0.000062
158.233671  0.000061
158.253670  -0.000124
158.273669  0.000049
158.293668  0.000073
158.313667  -0.000148
158.333667  -0.000087
158.353666  0.000184
158.373665  0.000184
158.393664  -0.000099
158.413663  0.000012
158.433663  0.000257
158.453662  0.000270
158.473661  -0.000296
158.493660  -0.000013
158.513659  -0.000013
158.533659  -0.000099
158.553658  0.000257
158.573657  0.000036
158.593656  0.000159
158.613655  0.000073
158.633655  0.000208
158.653654  -0.000099
158.673653  -0.000210
158.693652  -0.000037
158.713651  0.000405
158.733651  0.000061
158.753650  0.000036
158.773649  0.000098
158.793648  -0.000062
158.813647  0.000159
158.833647  -0.000160
158.853646  0.000184
158.873645  0.000098
158.893644  0.000122
158.913643  -0.000025
158.933643  0.000208
158.953642  -0.000124
158.973641  0.000135
158.993640  -0.000001
159.013639  0.000012
159.033639  -0.000050
159.053638  -0.000160
159.073637  -0.000037
159.093636  0.000073
159.113635  -0.000001
159.133635  -0.000124
159.153634  -0.000271
159.173633  0.000012
159.193632  0.000061
159.213631  -0.000050
159.233631  0.000073
159.253630  -0.000173
159.273629  0.000147
159.293628  -0.000050
159.313627  -0.000173
159.333627  -0.000001
159.353626  0.000171
159.373625  0.000245
159.393624  0.000208
159.413623  0.000208
159.433623  -0.000246
159.453622  0.000122
159.473621  0.000049
159.493620  0.000012
159.513619  0.000171
159.533619  0.000147
159.553618  0.000061
159.573617  -0.000210
159.593616  -0.000025
159.613615  0.000012
159.633615  0.000344
159.653614  0.000159
159.673613  0.000049
159.693612  0.000208
159.713611  0.000282
159.733611  0.000110
159.753610  -0.000037
159.773609  -0.000419
159.793608  -0.000148
159.813607  0.000122
159.833607  0.000024
159.853606  0.000036
159.873605  0.000135
159.893604  0.000024
159.913603  0.000110
159.933603  -0.000271
159.953602  0.000171
159.973601  -0.000062
159.993600  -0.000087
160.013599  0.000036
160.033599  -0.000050
160.053598  0.000036
160.073597  0.000061
160.093596  -0.000062
160.113595  -0.000074
160.133595  -0.000320
160.153594  -0.000013
160.173593  -0.000087
160.193592  -0.000074
160.213591  -0.000050
160.233591  -0.000074
160.253590  0.000073
160.273589  -0.000185
160.293588  0.000171
160.313587  -0.000136
160.333587  0.000073
160.353586  -0.000074
160.373585  0.000049
160.393584  -0.000025
160.413583  -0.000111
160.433583  -0.000013
160.453582  0.000135
160.473581  -0.000013
160.493580  -0.000013
160.513579  0.000196
160.533579  0.000171
160.553578  0.000073
160.573577  -0.000099
160.593576  0.000196
160.613575  0.000085
160.633575  0.000270
160.653574  0.000049
160.673573  -0.000013
160.693572  0.000061
160.713571  0.000110
160.733571  0.000171
160.753570  -0.000197
160.773569  -0.000062
160.793568  -0.000222
160.813567  0.000135
160.833567  -0.000087
160.853566  0.000110
160.873565  0.000110
160.893564  -0.000308
160.913563  -0.000013
160.933563  0.000135
160.953562  -0.000160
160.973561  -0.000271
160.993560  0.000122
161.013559  0.000245
161.033559  -0.000246
161.053558  0.000061
161.073557  0.000221
161.093556  0.000221
161.113555  -0.000025
161.133555  0.000147
161.153554  0.000085
161.173553  -0.000074
161.193552  -0.000124
161.213551  -0.000173
161.233551  -0.000222
161.253550  -0.000025
161.273549  -0.000185
161.293548  -0.000013
161.313547  -0.000173
161.333547  -0.000074
161.353546  0.000049
161.373545  -0.000087
161.393544  0.000036
161.413543  0.000110
161.433543  -0.000050
161.453542  -0.000037
161.473541  -0.000001
161.493540  -0.000222
161.513539  0.000294
161.533539  0.000147
161.553538  0.000122
161.573537  -0.000124
161.593536  0.000061
161.613535  0.000098
161.633535  0.000036
161.653534  -0.000025
161.673533  -0.000099
161.693532  0.000012
161.713531  0.000368
161.733531  0.000024
161.753530  0.000073
161.773529  0.000331
161.793528  -0.000185
161.813527  -0.000148
161.833527  -0.000025
161.853526  0.000110
161.873525  0.000208
161.893524  -0.000025
161.913523  -0.000160
161.933523  -0.000185
161.953522  0.000098
161.973521  -0.000234
161.993520  -0.000025
162.013519  -0.000234
162.033519  -0.000013
162.053518  0.000049
162.073517  0.000036
162.093516  -0.000062
162.113515  0.000061
162.133515  -0.000173
162.153514  0.000073
162.173513  0.000147
162.193512  0.000122
162.213511  -0.000099
162.233511  -0.000074
162.253510  0.000073
162.273509  -0.000259
162.293508  -0.000074
162.313507  -0.000111
162.333507  -0.000013
162.353506  0.000184
162.373505  -0.000025
162.393504  -0.000124
162.413503  -0.000074
162.433503  0.000233
162.453502  -0.000136
162.473501  0.000085
162.493500  -0.000013
162.513499  -0.000050
162.533499  0.000012
162.553498  0.000012
162.573497  -0.000148
162.593496  -0.000013
162.613495  -0.000087
162.633495  -0.000124
162.653494  0.000528
162.673493  0.000036
162.693492  0.000147
162.713491  -0.000037
162.733491  0.000159
162.753490  -0.000001
162.773489  0.000110
162.793488  0.000233
162.813487  0.000073
162.833487  0.000073
162.853486  -0.000111
162.873485  -0.000087
162.893484  0.000061
162.913483  0.000147
162.933483  0.000036
162.953482  -0.000148
162.973481  -0.000062
162.993480  -0.000320
163.013479  -0.000099
163.033479  -0.000197
163.053478  -0.000111
163.073477  -0.000111
163.093476  0.000012
163.113475  0.000122
163.133475  0.000257
163.153474  -0.000099
163.173473  -0.000074
163.193472  -0.000308
163.213471  0.000122
163.233471  0.000122
163.253470  -0.000074
163.273469  -0.000013
163.293468  0.000098
163.313467  0.000012
163.333467  0.000122
163.353466  0.000282
163.373465  0.000184
163.393464  0.000221
163.413463  -0.000062
163.433463  -0.000074
163.453462  -0.000345
163.473461  0.000221
163.493460  -0.000148
163.513459  0.000024
163.533459  -0.000111
163.553458  -0.000001
163.573457  -0.000124
163.593456  -0.000136
163.613455  -0.000222
163.633455  0.000159
163.653454  -0.000148
163.673453  -0.000062
163.693452  -0.000136
163.713451  0.000208
163.733451  0.000012
163.753450  -0.000050
163.773449  0.000135
163.793448  -0.000074
163.813447  0.000085
163.833447  0.000516
163.853446  0.000024
163.873445  0.000036
163.893444  -0.000259
163.913443  0.000307
163.933443  0.000036
163.953442  -0.000246
163.973441  -0.000173
163.993440  0.000073
164.013439  -0.000210
164.033439  -0.000111
164.053438  0.000184
164.073437  -0.000124
164.093436  0.000282
164.113435  0.000208
164.133435  0.000061
164.153434  -0.000074
164.173433  0.000196
164.193432  0.000159
164.213431  -0.000136
164.233431  -0.000037
164.253430  -0.000037
164.273429  0.000012
164.293428  0.000073
164.313427  0.000122
164.333427  -0.000025
164.353426  -0.000087
164.373425  0.000110
164.393424  -0.000124
164.413423  -0.000222
164.433423  0.000135
164.453422  -0.000099
164.473421  0.000061
164.493420  0.000221
164.513419  0.000159
164.533419  -0.000037
164.553418  -0.000210
164.573417  0.000171
164.593416  -0.000037
164.613415  0.000159
164.633415  -0.000332
164.653414  -0.000013
164.673413  0.000208
164.693412  0.000073
164.713411  0.000012
164.733411  -0.000259
164.753410  -0.000099
164.773409  -0.000074
164.793408  0.000049
164.813407  0.000012
164.833407  -0.000062
164.853406  -0.000234
164.873405  -0.000050
164.893404  -0.000001
164.913403  0.000282
164.933403  0.000221
164.953402  0.000405
164.973401  0.000098
164.993400  -0.000160
165.013399  -0.000025
165.033399  -0.000062
165.053398  0.000503
165.073397  -0.000050
165.093396  0.000110
165.113395  -0.000074
165.133395  -0.000160
165.153394  -0.000443
165.173393  0.000098
165.193392  -0.000419
165.213391  -0.000037
165.233391  -0.000160
165.253390  -0.000197
165.273389  -0.000160
165.293388  -0.000062
165.313387  -0.000124
165.333387  -0.000382
165.353386  -0.000160
165.373385  0.000270
165.393384  0.000073
165.413383  0.000221
165.433383  0.000073
165.453382  0.000233
165.473381  0.000122
165.493380  0.000135
165.513379  0.000036
165.533379  -0.000062
165.553378  0.000233
165.573377  0.000085
165.593376  0.000368
165.613375  0.000110
165.633375  -0.000025
165.653374  0.000270
165.673373  0.000024
165.693372  -0.000099
165.713371  0.000319
165.733371  -0.000234
165.753370  -0.000074
165.773369  -0.000160
165.793368  -0.000074
165.813367  -0.000025
165.833367  0.000049
165.853366  -0.000074
165.873365  0.000098
165.893364  0.000233
165.913363  -0.000062
165.933363  0.000024
165.953362  -0.000013
165.973361  0.000024
165.993360  0.000073
166.013359  -0.000124
166.033359  0.000257
166.053358  0.000073
166.073357  0.000098
166.093356  -0.000210
166.113355  0.000024
166.133355  -0.000308
166.153354  0.000171
166.173353  -0.000246
166.193352  0.000024
166.213351  0.000110
166.233351  0.000012
166.253350  -0.000087
166.273349  -0.000136
166.293348  -0.000062
166.313347  0.000257
166.333347  -0.000001
166.353346  0.000110
166.373345  -0.000025
166.393344  -0.000148
166.413343  -0.000234
166.433343  0.000110
166.453342  0.000122
166.473341  0.000159
166.493340  -0.000013
166.513339  0.000073
166.533339  -0.000111
166.553338  0.000073
166.573337  0.000098
166.593336  0.000085
166.613335  -0.000148
166.633335  -0.000025
166.653334  0.000085
166.673333  0.000430
166.693332  -0.000087
166.713331  -0.000111
166.733331  0.000049
166.753330  -0.000025
166.773329  -0.000087
166.793328  -0.000197
166.813327  -0.000173
166.833327  0.000110
166.853326  0.000049
166.873325  0.000073
166.893324  -0.000160
166.913323  0.000098
166.933323  -0.000087
166.953322  -0.000124
166.973321  -0.000013
166.993320  0.000184
167.013319  -0.000197
167.033319  0.000012
167.053318  0.000049
167.073317  -0.000259
167.093316  0.000135
167.113315  0.000135
167.133315  0.000061
167.153314  0.000036
167.173313  -0.000160
167.193312  -0.000222
167.213311  -0.000197
167.233311  -0.000074
167.253310  -0.000136
167.273309  -0.000160
167.293308  0.000233
167.313307  0.000159
167.333307  0.000135
167.353306  0.000565
167.373305  -0.000087
167.393304  0.000159
167.413303  0.000208
167.433303  -0.000013
167.453302  0.000061
167.473301  0.000257
167.493300  0.000098
167.513299  -0.000050
167.533299  0.000196
167.553298  0.000257
167.573297  0.000085
167.593296  0.000122
167.613295  -0.000124
167.633295  -0.000062
167.653294  -0.000124
167.673293  0.000171
167.693292  0.000024
167.713291  0.000135
167.733291  0.000049
167.753290  -0.000283
167.773289  -0.000099
167.793288  -0.000099
167.813287  -0.000148
167.833287  -0.000099
167.853286  0.000036
167.873285  0.000024
167.893284  0.000049
167.913283  0.000184
167.933283  -0.000087
167.953282  -0.000013
167.973281  -0.000136
167.993280  0.000135
168.013279  -0.000197
168.033279  0.000012
168.053278  -0.000185
168.073277  0.000024
168.093276  -0.000037
168.113275  -0.000148
168.133275  0.000356
168.153274  0.000122
168.173273  0.000098
168.193272  0.000380
168.213271  0.000294
168.233271  -0.000037
168.253270  0.000012
168.273269  -0.000050
168.293268  0.000061
168.313267  -0.000087
168.333267  0.000073
168.353266  0.000098
168.373265  -0.000124
168.393264  -0.000087
168.413263  0.000036
168.433263  0.000184
168.453262  -0.000111
168.473261  0.000061
168.493260  0.000221
168.513259  -0.000124
168.533259  0.000233
168.553258  -0.000124
168.573257  0.000122
168.593256  0.000061
168.613255  0.000024
168.633255  -0.000185
168.653254  0.000184
168.673253  -0.000468
168.693252  0.000024
168.713251  -0.000062
168.733251  0.000073
168.753250  -0.000124
168.773249  -0.000111
168.793248  0.000171
168.813247  -0.000173
168.833247  0.000073
168.853246  -0.000037
168.873245  0.000073
168.893244  -0.000037
168.913243  -0.000001
168.933243  -0.000025
168.953242  0.000110
168.973241  -0.000271
168.993240  0.000012
169.013239  0.000061
169.033239  0.000245
169.053238  -0.000124
169.073237  -0.000111
169.093236  0.000098
169.113235  -0.000111
169.133235  0.000073
169.153234  0.000331
169.173233  -0.000210
169.193232  0.000012
169.213231  -0.000025
169.233231  -0.000099
169.253230  0.000036
169.273229  0.000110
169.293228  -0.000074
169.313227  -0.000037
169.333227  0.000073
169.353226  -0.000210
169.373225  0.000036
169.393224  0.000135
169.413223  -0.000050
169.433223  -0.000013
169.453222  0.000012
169.473221  0.000061
169.493220  -0.000074
169.513219  0.000073
169.533219  0.000184
169.553218  0.000049
169.573217  -0.000001
169.593216  -0.000124
169.613215  -0.000013
169.633215  0.000049
169.653214  0.000147
169.673213  -0.000062
169.693212  0.000135
169.713211  0.000049
169.733211  -0.000013
169.753210  -0.000308
169.773209  0.000036
169.793208  -0.000345
169.813207  -0.000025
169.833207  0.000122
169.853206  0.000221
169.873205  -0.000111
169.893204  0.000147
169.913203  0.000036
169.933203  0.000159
169.953202  0.000221
169.973201  0.000036
169.993200  -0.000087
170.013199  0.000196
170.033199  -0.000148
170.053198  0.000159
170.073197  -0.000308
170.093196  -0.000345
170.113195  -0.000320
170.133195  0.000036
170.153194  -0.000074
170.173193  -0.000050
170.193192  -0.000074
170.213191  -0.000283
170.233191  -0.000037
170.253190  -0.000259
170.273189  0.000221
170.293188  -0.000087
170.313187  -0.000037
170.333187  0.000085
170.353186  -0.000087
170.373185  -0.000025
170.393184  0.000098
170.413183  -0.000234
170.433183  -0.000062
170.453182  -0.000210
170.473181  -0.000087
170.493180  0.000049
170.513179  0.000012
170.533179  0.000036
170.553178  0.000159
170.573177  0.000024
170.593176  0.000221
170.613175  -0.000308
170.633175  -0.000234
170.653174  -0.000259
170.673173  -0.000246
170.693172  -0.000074
170.713171  -0.000296
170.733171  0.000073
170.753170  0.000098
170.773169  -0.000210
170.793168  -0.000025
170.813167  0.000270
170.833167  -0.000013
170.853166  0.000294
170.873165  0.000049
170.893164  -0.000468
170.913163  0.000159
170.933163  -0.000037
170.953162  0.000147
170.973161  -0.000013
170.993160  -0.000025
171.013159  0.000024
171.033159  -0.000087
171.053158  0.000098
171.073157  -0.000050
171.093156  0.000110
171.113155  -0.000050
171.133155  0.000061
171.153154  0.000012
171.173153  0.000257
171.193152  -0.000185
171.213151  0.000061
171.233151  -0.000283
171.253150  0.000147
171.273149  -0.000074
171.293148  -0.000394
171.313147  0.000061
171.333147  0.000049
171.353146  -0.000062
171.373145  0.000024
171.393144  0.000036
171.413143  -0.000234
171.433143  -0.000025
171.453142  0.000257
171.473141  -0.000099
171.493140  -0.000001
171.513139  0.000344
171.533139  -0.000013
171.553138  -0.000050
171.573137  0.000184
171.593136  -0.000111
171.613135  -0.000087
171.633135  0.000110
171.653134  -0.000074
171.673133  -0.000111
171.693132  -0.000062
171.713131  -0.000259
171.733131  -0.000320
171.753130  -0.000013
171.773129  -0.000246
171.793128  0.000024
171.813127  0.000085
171.833127  -0.000037
171.853126  0.000208
171.873125  -0.000124
171.893124  0.000282
171.913123  -0.000136
171.933123  -0.000222
171.953122  0.000012
171.973121  -0.000074
171.993120  -0.000062
172.013119  -0.000173
172.033119  -0.000050
172.053118  -0.000062
172.073117  0.000282
172.093116  -0.000320
172.113115  -0.000210
172.133115  0.000024
172.153114  -0.000124
172.173113  0.000122
172.193112  -0.000185
172.213111  -0.000173
172.233111  -0.000037
172.253110  0.000208
172.273109  -0.000173
172.293108  -0.000062
172.313107  -0.000087
172.333107  -0.000136
172.353106  0.000024
172.373105  -0.000050
172.393104  0.000012
172.413103  -0.000246
172.433103  -0.000074
172.453102  -0.000271
172.473101  0.000122
172.493100  -0.000062
172.513099  0.000049
172.533099  0.000049
172.553098  -0.000197
172.573097  -0.000025
172.593096  0.000061
172.613095  0.000110
172.633095  0.000073
172.653094  0.000147
172.673093  0.000085
172.693092  -0.000013
172.713091  -0.000160
172.733091  -0.000074
172.753090  -0.000050
172.773089  0.000122
172.793088  -0.000160
172.813087  0.000012
172.833087  -0.000111
172.853086  -0.000148
172.873085  -0.000136
172.893084  -0.000173
172.913083  -0.000210
172.933083  -0.000050
172.953082  -0.000173
172.973081  -0.000111
172.993080  0.000036
173.013079  -0.000062
173.033079  0.000135
173.053078  -0.000074
173.073077  0.000049
173.093076  0.000110
173.113075  0.000085
173.133075  0.000122
173.153074  0.000024
173.173073  0.000257
173.193072  -0.000037
173.213071  0.000049
173.233071  0.000233
173.253070  0.000036
173.273069  0.000122
173.293068  0.000417
173.313067  -0.000001
173.333067  -0.000173
173.353066  -0.000148
173.373065  -0.000013
173.393064  -0.000234
173.413063  0.000073
173.433063  -0.000074
173.453062  -0.000283
173.473061  -0.000136
173.493060  0.000159
173.513059  0.000110
173.533059  -0.000025
173.553058  0.000110
173.573057  0.000430
173.593056  -0.000148
173.613055  0.000036
173.633055  0.000061
173.653054  0.000294
173.673053  -0.000099
173.693052  -0.000431
173.713051  0.000073
173.733051  0.000036
173.753050  0.000024
173.773049  -0.000148
173.793048  0.000147
173.813047  0.000135
173.833047  0.000135
173.853046  -0.000001
173.873045  0.000012
173.893044  -0.000037
173.913043  0.000073
173.933043  0.000036
173.953042  -0.000136
173.973041  0.000245
173.993040  -0.000050
174.013039  0.000110
174.033039  0.000049
174.053038  -0.000124
174.073037  -0.000074
174.093036  0.000049
174.113035  0.000012
174.133035  0.000024
174.153034  0.000122
174.173033  0.000012
174.193032  -0.000050
174.213031  -0.000222
174.233031  -0.000087
174.253030  0.000012
174.273029  -0.000074
174.293028  -0.000173
174.313027  0.000208
174.333027  -0.000160
174.353026  0.000171
174.373025  0.000073
174.393024  0.000159
174.413023  -0.000136
174.433023  -0.000124
174.453022  0.000380
174.473021  -0.000013
174.493020  -0.000013
174.513019  -0.000062
174.533019  -0.000173
174.553018  -0.000025
174.573017  0.000049
174.593016  -0.000050
174.613015  -0.000234
174.633015  0.000098
174.653014  0.000270
174.673013  -0.000062
174.693012  -0.000074
174.713011  0.000036
174.733011  0.000331
174.753010  -0.000124
174.773009  0.000208
174.793008  0.000356
174.813007  0.000085
174.833007  -0.000210
174.853006  0.000184
174.873005  0.000049
174.893004  -0.000296
174.913003  0.000024
174.933003  -0.000025
174.953002  0.000073
174.973001  -0.000222
174.993000  -0.000099
175.012999  0.000012
175.032999  -0.000013
175.052998  -0.000222
175.072997  0.000012
175.092996  -0.000136
175.112995  -0.000234
175.132995  -0.000111
175.152994  -0.000148
175.172993  -0.000259
175.192992  -0.000062
175.212991  0.000171
175.232991  -0.000394
175.252990  -0.000160
175.272989  -0.000013
175.292988  -0.000173
175.312987  0.000061
175.332987  -0.000037
175.352986  -0.000074
175.372985  0.000036
175.392984  -0.000025
175.412983  0.000061
175.432983  -0.000087
175.452982  0.000233
175.472981  0.000159
175.492980  0.000196
175.512979  0.000245
175.532979  -0.000025
175.552978  -0.000222
175.572977  0.000184
175.592976  0.000061
175.612975  -0.000074
175.632975  0.000147
175.652974  -0.000136
175.672973  0.000171
175.692972  -0.000074
175.712971  -0.000160
175.732971  -0.000197
175.752970  0.000061
175.772969  0.000049
175.792968  -0.000037
175.812967  -0.000111
175.832967  0.000061
175.852966  -0.000074
175.872965  0.000307
175.892964  -0.000037
175.912963  0.000036
175.932963  -0.000013
175.952962  -0.000210
175.972961  0.000110
175.992960  0.000073
176.012959  0.000122
176.032959  0.000294
176.052958  -0.000185
176.072957  -0.000025
176.092956  0.000085
176.112955  -0.000148
176.132955  0.000221
176.152954  -0.000173
176.172953  0.000036
176.192952  -0.000037
176.212951  0.000208
176.232951  -0.000173
176.252950  -0.000062
176.272949  -0.000185
176.292948  -0.000062
176.312947  -0.000160
176.332947  -0.000369
176.352946  -0.000087
176.372945  -0.000406
176.392944  0.000110
176.412943  -0.000173
176.432943  0.000012
176.452942  0.000221
176.472941  0.000294
176.492940  -0.000136
176.512939  -0.000074
176.532939  -0.000345
176.552938  -0.000099
176.572937  0.000282
176.592936  -0.000025
176.612935  -0.000136
176.632935  -0.000271
176.652934  0.000036
176.672933  -0.000001
176.692932  -0.000050
176.712931  -0.000222
176.732931  -0.000271
176.752930  -0.000111
176.772929  -0.000332
176.792928  0.000282
176.812927  0.000122
176.832927  -0.000074
176.852926  -0.000332
176.872925  -0.000087
176.892924  0.000135
176.912923  -0.000111
176.932923  -0.000185
176.952922  0.000073
176.972921  0.000036
176.992920  -0.000074
177.012919  0.000184
177.032919  0.000233
177.052918  0.000196
177.072917  0.000344
177.092916  0.000159
177.112915  0.000344
177.132915  -0.000013
177.152914  0.000344
177.172913  -0.000124
177.192912  -0.000087
177.212911  0.000049
177.232911  -0.000001
177.252910  -0.000369
177.272909  0.000012
177.292908  -0.000037
177.312907  -0.000111
177.332907  0.000012
177.352906  -0.000246
177.372905  0.000147
177.392904  -0.000185
177.412903  0.000036
177.432903  0.000098
177.452902  0.000110
177.472901  0.000159
177.492900  0.000454
177.512899  -0.000050
177.532899  -0.000197
177.552898  -0.000025
177.572897  -0.000210
177.592896  0.000307
177.612895  0.000073
177.632895  -0.000148
177.652894  -0.000332
177.672893  -0.000197
177.692892  -0.000197
177.712891  0.000024
177.732891  0.000122
177.752890  -0.000124
177.772889  -0.000050
177.792888  0.000061
177.812887  0.000049
177.832887  0.000036
177.852886  -0.000062
177.872885  -0.000234
177.892884  0.000147
177.912883  -0.000124
177.932883  -0.000173
177.952882  -0.000197
177.972881  0.000024
177.992880  -0.000246
178.012879  -0.000283
178.032879  0.000135
178.052878  0.000122
178.072877  0.000184
178.092876  0.000098
178.112875  -0.000001
178.132875  0.000208
178.152874  0.000012
178.172873  -0.000050
178.192872  -0.000099
178.212871  0.000257
178.232871  0.000135
178.252870  0.000073
178.272869  -0.000246
178.292868  0.000012
178.312867  0.000147
178.332867  0.000245
178.352866  -0.000185
178.372865  -0.000099
178.392864  -0.000246
178.412863  0.000085
178.432863  0.000024
178.452862  -0.000173
178.472861  0.000319
178.492860  0.000147
178.512859  0.000110
178.532859  -0.000087
178.552858  -0.000345
178.572857  -0.000148
178.592856  -0.000185
178.612855  0.000184
178.632855  -0.000099
178.652854  0.000049
178.672853  -0.000037
178.692852  -0.000160
178.712851  -0.000136
178.732851  0.000073
178.752850  -0.000124
178.772849  0.000159
178.792848  0.000098
178.812847  -0.000160
178.832847  0.000012
178.852846  0.000110
178.872845  -0.000136
178.892844  -0.000087
178.912843  -0.000087
178.932843  0.000135
178.952842  -0.000259
178.972841  -0.000222
178.992840  -0.000124
179.012839  -0.000099
179.032839  -0.000320
179.052838  -0.000185
179.072837  -0.000037
179.092836  0.000110
179.112835  0.000061
179.132835  0.000208
179.152834  -0.000013
179.172833  -0.000025
179.192832  -0.000087
179.212831  0.000122
179.232831  0.000122
179.252830  -0.000148
179.272829  -0.000087
179.292828  0.000024
179.312827  -0.000210
179.332827  0.000171
179.352826  0.000012
179.372825  -0.000431
179.392824  -0.000050
179.412823  0.000012
179.432823  -0.000111
179.452822  -0.000308
179.472821  -0.000222
179.492820  -0.000037
179.512819  0.000245
179.532819  0.000307
179.552818  0.000036
179.572817  -0.000062
179.592816  -0.000013
179.612815  -0.000074
179.632815  -0.000062
179.652814  0.000221
179.672813  0.000085
179.692812  -0.000062
179.712811  0.000049
179.732811  -0.000185
179.752810  0.000405
179.772809  -0.000074
179.792808  -0.000001
179.812807  -0.000013
179.832807  0.000147
179.852806  0.000061
179.872805  0.000085
179.892804  0.000036
179.912803  0.000135
179.932803  -0.000136
179.952802  0.000147
179.972801  -0.000136
179.992800  0.000098
180.012799  -0.000001
180.032799  -0.000726
180.052798  0.000331
180.072797  0.000294
180.092796  0.000184
180.112795  0.000356
180.132795  0.000380
180.152794  0.000712
180.172793  0.000405
180.192792  0.000270
180.212791  0.000466
180.232791  0.000577
180.252790  0.000466
180.272789  0.000552
180.292788  0.000663
180.312787  0.000577
180.332787  0.000528
180.352786  -0.000013
180.372785  0.000479
180.392784  0.000577
180.412783  0.000737
180.432783  0.000909
180.452782  0.000565
180.472781  0.000884
180.492780  0.000503
180.512779  0.000700
180.532779  0.000651
180.552778  0.000725
180.572777  0.000639
180.592776  0.000700
180.612775  0.000626
180.632775  0.000712
180.652774  0.000786
180.672773  0.000675
180.692772  0.000749
180.712771  0.000454
180.732771  0.000847
180.752770  0.000651
180.772769  0.000651
180.792768  0.000737
180.812767  0.000589
180.832767  0.000651
180.852766  0.000884
180.872765  0.000663
180.892764  0.000811
180.912763  0.000798
180.932763  0.000577
180.952762  0.000946
180.972761  0.000761
180.992760  0.000737
181.012759  0.000639
181.032759  0.000811
181.052758  0.000589
181.072757  0.000835
181.092756  0.000749
181.112755  0.001044
181.132755  0.000700
181.152754  0.000639
181.172753  0.000872
181.192752  0.000749
181.212751  0.000786
181.232751  0.000663
181.252750  0.000749
181.272749  0.000798
181.292748  0.001130
181.312747  0.000958
181.332747  0.001007
181.352746  0.001032
181.372745  0.000884
181.392744  0.000675
181.412743  0.000970
181.432743  0.000700
181.452742  0.000847
181.472741  0.000737
181.492740  0.001020
181.512739  0.001069
181.532739  0.000884
181.552738  0.000798
181.572737  0.000909
181.592736  0.000921
181.612735  0.000897
181.632735  0.000639
181.652734  0.000786
181.672733  0.000860
181.692732  0.000798
181.712731  0.001118
181.732731  0.000798
181.752730  0.000934
181.772729  0.000835
181.792728  0.000614
181.812727  0.000884
181.832727  0.000983
181.852726  0.000983
181.872725  0.000970
181.892724  0.001044
181.912723  0.001007
181.932723  0.000995
181.952722  0.001056
181.972721  0.001032
181.992720  0.001056
182.012719  0.000946
182.032719  0.000921
182.052718  0.001253
182.072717  0.001069
182.092716  0.001106
182.112715  0.001118
182.132715  0.000983
182.152714  0.000860
182.172713  0.001130
182.192712  0.001192
182.212711  0.001044
182.232711  0.001265
182.252710  0.001069
182.272709  0.000995
182.292708  0.001007
182.312707  0.000811
182.332707  0.000970
182.352706  0.001081
182.372705  0.001044
182.392704  0.000970
182.412703  0.001155
182.432703  0.001044
182.452702  0.000958
182.472701  0.000934
182.492700  0.001302
182.512699  0.001069
182.532699  0.001155
182.552698  0.001290
182.572697  0.001204
182.592696  0.000958
182.612695  0.000725
182.632695  0.001241
182.652694  0.001032
182.672693  0.001142
182.692692  0.001118
182.712691  0.000995
182.732691  0.001056
182.752690  0.001216
182.772689  0.001192
182.792688  0.000983
182.812687  0.000995
182.832687  0.001142
182.852686  0.001155
182.872685  0.001179
182.892684  0.001106
182.912683  0.001069
182.932683  0.001351
182.952682  0.001278
182.972681  0.001302
182.992680  0.001020
183.012679  0.001290
183.032679  0.001339
183.052678  0.001315
183.072677  0.001167
183.092676  0.001044
183.112675  0.001167
183.132675  0.001487
183.152674  0.001216
183.172673  0.001056
183.192672  0.001302
183.212671  0.001487
183.232671  0.001081
183.252670  0.001216
183.272669  0.001192
183.292668  0.001118
183.312667  0.001118
183.332667  0.001056
183.352666  0.001253
183.372665  0.001413
183.392664  0.001167
183.412663  0.001020
183.432663  0.001179
183.452662  0.001290
183.472661  0.001179
183.492660  0.001253
183.512659  0.001290
183.532659  0.001425
183.552658  0.001364
183.572657  0.001327
183.592656  0.001437
183.612655  0.001351
183.632655  0.001548
183.652654  0.001290
183.672653  0.001007
183.692652  0.001351
183.712651  0.001364
183.732651  0.001462
183.752650  0.001315
183.772649  0.001413
183.792648  0.000909
183.812647  0.001560
183.832647  0.001229
183.852646  0.001155
183.872645  0.001167
183.892644  0.001167
183.912643  0.000872
183.932643  0.001315
183.952642  0.001253
183.972641  0.001118
183.992640  0.001278
184.012639  0.001167
184.032639  0.001401
184.052638  0.001524
184.072637  0.001339
184.092636  0.001302
184.112635  0.001880
184.132635  0.001450
184.152634  0.001388
184.172633  0.001388
184.192632  0.001302
184.212631  0.001413
184.232631  0.001450
184.252630  0.001351
184.272629  0.001462
184.292628  0.001462
184.312627  0.001278
184.332627  0.001351
184.352626  0.001511
184.372625  0.001413
184.392624  0.001401
184.412623  0.001585
184.432623  0.001315
184.452622  0.001388
184.472621  0.001364
184.492620  0.001302
184.512619  0.001253
184.532619  0.001241
184.552618  0.001610
184.572617  0.001634
184.592616  0.001462
184.612615  0.001253
184.632615  0.001573
184.652614  0.001351
184.672613  0.001364
184.692612  0.001425
184.712611  0.001425
184.732611  0.001437
184.752610  0.001241
184.772609  0.001696
184.792608  0.001511
184.812607  0.001560
184.832607  0.001536
184.852606  0.001327
184.872605  0.001401
184.892604  0.001511
184.912603  0.001560
184.932603  0.001536
184.952602  0.001560
184.972601  0.001462
184.992600  0.001450
185.012599  0.001388
185.032599  0.001462
185.052598  0.001315
185.072597  0.001511
185.092596  0.001437
185.112595  0.001302
185.132595  0.001573
185.152594  0.001683
185.172593  0.001597
185.192592  0.001646
185.212591  0.001524
185.232591  0.001683
185.252590  0.001511
185.272589  0.001401
185.292588  0.001634
185.312587  0.001597
185.332587  0.001671
185.352586  0.001536
185.372585  0.001450
185.392584  0.001388
185.412583  0.001413
185.432583  0.001560
185.452582  0.001524
185.472581  0.001474
185.492580  0.001020
185.512579  0.001573
185.532579  0.001622
185.552578  0.001585
185.572577  0.001548
185.592576  0.001413
185.612575  0.001548
185.632575  0.001388
185.652574  0.001573
185.672573  0.001536
185.692572  0.001401
185.712571  0.001646
185.732571  0.001696
185.752570  0.001610
185.772569  0.001782
185.792568  0.001597
185.812567  0.001622
185.832567  0.001757
185.852566  0.001511
185.872565  0.001646
185.892564  0.001401
185.912563  0.001585
185.932563  0.001757
185.952562  0.001524
185.972561  0.001683
185.992560  0.001708
186.012559  0.001683
186.032559  0.001487
186.052558  0.001769
186.072557  0.001720
186.092556  0.001597
186.112555  0.001548
186.132555  0.001782
186.152554  0.001573
186.172553  0.001634
186.192552  0.001597
186.212551  0.001634
186.232551  0.001573
186.252550  0.001732
186.272549  0.001732
186.292548  0.001585
186.312547  0.001745
186.332547  0.001745
186.352546  0.001659
186.372545  0.001536
186.392544  0.001732
186.412543  0.001671
186.432543  0.001622
186.452542  0.001610
186.472541  0.001782
186.492540  0.001597
186.512539  0.001757
186.532539  0.001991
186.552538  0.001732
186.572537  0.001597
186.592536  0.001917
186.612535  0.001794
186.632535  0.001831
186.652534  0.001708
186.672533  0.001782
186.692532  0.001782
186.712531  0.001683
186.732531  0.001819
186.752530  0.001769
186.772529  0.001708
186.792528  0.001954
186.812527  0.001966
186.832527  0.001659
186.852526  0.001671
186.872525  0.001659
186.892524  0.001610
186.912523  0.001659
186.932523  0.001327
186.952522  0.001536
186.972521  0.002003
186.992520  0.001732
187.012519  0.001954
187.032519  0.001966
187.052518  0.001794
187.072517  0.001843
187.092516  0.001819
187.112515  0.001708
187.132515  0.001683
187.152514  0.001757
187.172513  0.001905
187.192512  0.001880
187.212511  0.001905
187.232511  0.001622
187.252510  0.001794
187.272509  0.001610
187.292508  0.001806
187.312507  0.001855
187.332507  0.001855
187.352506  0.001941
187.372505  0.001499
187.392504  0.001720
187.412503  0.001646
187.432503  0.001425
187.452502  0.001782
187.472501  0.001868
187.492500  0.001659
187.512500  0.001917
187.532499  0.001843
187.552498  0.001646
187.572497  0.001929
187.592496  0.001954
187.612496  0.002249
187.632495  0.001991
187.652494  0.001868
187.672493  0.001610
187.692492  0.001622
187.712492  0.001855
187.732491  0.001868
187.752490  0.001991
187.772489  0.001819
187.792488  0.001597
187.812488  0.001696
187.832487  0.001683
187.852486  0.001880
187.872485  0.002126
187.892484  0.001843
187.912484  0.001991
187.932483  0.001782
187.952482  0.001868
187.972481  0.001892
187.992480  0.002040
188.012480  0.002027
188.032479  0.002052
188.052478  0.002224
188.072477  0.001794
188.092476  0.001819
188.112476  0.001708
188.132475  0.001855
188.152474  0.001892
188.172473  0.001659
188.192472  0.002015
188.212472  0.001905
188.232471  0.002052
188.252470  0.001892
188.272469  0.001855
188.292468  0.001954
188.312468  0.001855
188.332467  0.001843
188.352466  0.001855
188.372465  0.001941
188.392464  0.001782
188.412464  0.001892
188.432463  0.001917
188.452462  0.001819
188.472461  0.001954
188.492460  0.001855
188.512460  0.002089
188.532459  0.001868
188.552458  0.001991
188.572457  0.002138
188.592456  0.001757
188.612456  0.002040
188.632455  0.001929
188.652454  0.002027
188.672453  0.002175
188.692452  0.002089
188.712452  0.001941
188.732451  0.002027
188.752450  0.002027
188.772449  0.001880
188.792448  0.002040
188.812448  0.001978
188.832447  0.002077
188.852446  0.002089
188.872445  0.001954
188.892444  0.001978
188.912444  0.001954
188.932443  0.002040
188.952442  0.002077
188.972441  0.002064
188.992440  0.001794
189.012440  0.002101
189.032439  0.002040
189.052438  0.002015
189.072437  0.001966
189.092436  0.002175
189.112436  0.001831
189.132435  0.002089
189.152434  0.001991
189.172433  0.002015
189.192432  0.002286
189.212432  0.001991
189.232431  0.002052
189.252430  0.001917
189.272429  0.001880
189.292428  0.002089
189.312428  0.002052
189.332427  0.001954
189.352426  0.002064
189.372425  0.001843
189.392424  0.001954
189.412424  0.002175
189.432423  0.002101
189.452422  0.002138
189.472421  0.002236
189.492420  0.002249
189.512420  0.002126
189.532419  0.002064
189.552418  0.002409
189.572417  0.002163
189.592416  0.002077
189.612416  0.001819
189.632415  0.002212
189.652414  0.002052
189.672413  0.002126
189.692412  0.002077
189.712412  0.002249
189.732411  0.002249
189.752410  0.002298
189.772409  0.002138
189.792408  0.002138
189.812408  0.002187
189.832407  0.002224
189.852406  0.002384
189.872405  0.002187
189.892404  0.002200
189.912404  0.002126
189.932403  0.002150
189.952402  0.002015
189.972401  0.002249
189.992400  0.002027
190.012400  0.002052
190.032399  0.002163
190.052398  0.002286
190.072397  0.002286
190.092396  0.002126
190.112396  0.002359
190.132395  0.002224
190.152394  0.002249
190.172393  0.002581
190.192392  0.002224
190.212392  0.002421
190.232391  0.002077
190.252390  0.002236
190.272389  0.002335
190.292388  0.002052
190.312388  0.002150
190.332387  0.002298
190.352386  0.002101
190.372385  0.002224
190.392384  0.002310
190.412384  0.002458
190.432383  0.002322
190.452382  0.002249
190.472381  0.002286
190.492380  0.002249
190.512380  0.002409
190.532379  0.002384
190.552378  0.002335
190.572377  0.002372
190.592376  0.002175
190.612376  0.002310
190.632375  0.002298
190.652374  0.002298
190.672373  0.002335
190.692372  0.002322
190.712372  0.002396
190.732371  0.002630
190.752370  0.002384
190.772369  0.002396
190.792368  0.002200
190.812368  0.002236
190.832367  0.002519
190.852366  0.002347
190.872365  0.002236
190.892364  0.002322
190.912364  0.002249
190.932363  0.002347
190.952362  0.002335
190.972361  0.002531
190.992360  0.002482
191.012360  0.002421
191.032359  0.002519
191.052358  0.002470
191.072357  0.002409
191.092356  0.002384
191.112356  0.002335
191.132355  0.002433
191.152354  0.002261
191.172353  0.002335
191.192352  0.002458
191.212352  0.002519
191.232351  0.002482
191.252350  0.002507
191.272349  0.002310
191.292348  0.002347
191.312348  0.002310
191.332347  0.002433
191.352346  0.002384
191.372345  0.002298
191.392344  0.002482
191.412344  0.002482
191.432343  0.002249
191.452342  0.002433
191.472341  0.002433
191.492340  0.002335
191.512340  0.002531
191.532339  0.002519
191.552338  0.002568
191.572337  0.002409
191.592336  0.002458
191.612336  0.002568
191.632335  0.002531
191.652334  0.002322
191.672333  0.002605
191.692332  0.002298
191.712332  0.002372
191.732331  0.002568
191.752330  0.002888
191.772329  0.002470
191.792328  0.002556
191.812328  0.002617
191.832327  0.002617
191.852326  0.002433
191.872325  0.002605
191.892324  0.002482
191.912324  0.002470
191.932323  0.002433
191.952322  0.002445
191.972321  0.002531
191.992320  0.002519
192.012320  0.002630
192.032319  0.002654
192.052318  0.002372
192.072317  0.002581
192.092316  0.002630
192.112316  0.002531
192.132315  0.002347
192.152314  0.002667
192.172313  0.002421
192.192312  0.002581
192.212312  0.002581
192.232311  0.002691
192.252310  0.002482
192.272309  0.002531
192.292308  0.002617
192.312308  0.002617
192.332307  0.002630
192.352306  0.002802
192.372305  0.002691
192.392304  0.002790
192.412304  0.002568
192.432303  0.002531
192.452302  0.002482
192.472301  0.002667
192.492300  0.002445
192.512300  0.002261
192.532299  0.002593
192.552298  0.002470
192.572297  0.002458
192.592296  0.002777
192.612296  0.002605
192.632295  0.002605
192.652294  0.002679
192.672293  0.002679
192.692292  0.002495
192.712292  0.002814
192.732291  0.002630
192.752290  0.002839
192.772289  0.002470
192.792288  0.002728
192.812288  0.002593
192.832287  0.002593
192.852286  0.002679
192.872285  0.002667
192.892284  0.002740
192.912284  0.002654
192.932283  0.002347
192.952282  0.002630
192.972281  0.002753
192.992280  0.002544
193.012280  0.002740
193.032279  0.002617
193.052278  0.002630
193.072277  0.002617
193.092276  0.002495
193.112276  0.002507
193.132275  0.002826
193.152274  0.002568
193.172273  0.002839
193.192272  0.002482
193.212272  0.002777
193.232271  0.002839
193.252270  0.002617
193.272269  0.002654
193.292268  0.002617
193.312268  0.002925
193.332267  0.002617
193.352266  0.002716
193.372265  0.002765
193.392264  0.002740
193.412264  0.002740
193.432263  0.002642
193.452262  0.002962
193.472261  0.002863
193.492260  0.002679
193.512260  0.002728
193.532259  0.003109
193.552258  0.002691
193.572257  0.003097
193.592256  0.002728
193.612256  0.002617
193.632255  0.002593
193.652254  0.002863
193.672253  0.002876
193.692252  0.002826
193.712252  0.002544
193.732251  0.002790
193.752250  0.002790
193.772249  0.002630
193.792248  0.002507
193.812248  0.002728
193.832247  0.002802
193.852246  0.002925
193.872245  0.002851
193.892244  0.002470
193.912244  0.002863
193.932243  0.002630
193.952242  0.002507
193.972241  0.002925
193.992240  0.002839
194.012240  0.003232
194.032239  0.002814
194.052238  0.003146
194.072237  0.002937
194.092236  0.003048
194.112236  0.002839
194.132235  0.002802
194.152234  0.003158
194.172233  0.002888
194.192232  0.002728
194.212232  0.002900
194.232231  0.002716
194.252230  0.002925
194.272229  0.002765
194.292228  0.002531
194.312228  0.002667
194.332227  0.002740
194.352226  0.003060
194.372225  0.002839
194.392224  0.002814
194.412224  0.002753
194.432223  0.002912
194.452222  0.002839
194.472221  0.003023
194.492220  0.002888
194.512220  0.002740
194.532219  0.002912
194.552218  0.002826
194.572217  0.003060
194.592216  0.003195
194.612216  0.002912
194.632215  0.002949
194.652214  0.002863
194.672213  0.002900
194.692212  0.002630
194.712212  0.002949
194.732211  0.003318
194.752210  0.002998
194.772209  0.003121
194.792208  0.003023
194.812208  0.002777
194.832207  0.002937
194.852206  0.002974
194.872205  0.003060
194.892204  0.002839
194.912204  0.002900
194.932203  0.003011
194.952202  0.002925
194.972201  0.002863
194.992200  0.003048
195.012200  0.003281
195.032199  0.002802
195.052198  0.002765
195.072197  0.003085
195.092196  0.003060
195.112196  0.002876
195.132195  0.002925
195.152194  0.002962
195.172193  0.003367
195.192192  0.003293
195.212192  0.002986
195.232191  0.002765
195.252190  0.003023
195.272189  0.002998
195.292188  0.002974
195.312188  0.002912
195.332187  0.002962
195.352186  0.003023
195.372185  0.003060
195.392184  0.002888
195.412184  0.003134
195.432183  0.002998
195.452182  0.003060
195.472181  0.002962
195.492180  0.003023
195.512180  0.003121
195.532179  0.003183
195.552178  0.003023
195.572177  0.002998
195.592176  0.003281
195.612176  0.002962
195.632175  0.002986
195.652174  0.002912
195.672173  0.002949
195.692172  0.003035
195.712172  0.003232
195.732171  0.003048
195.752170  0.003171
195.772169  0.002876
195.792168  0.003121
195.812168  0.003085
195.832167  0.003207
195.852166  0.003121
195.872165  0.003171
195.892164  0.002974
195.912164  0.002888
195.932163  0.002703
195.952162  0.003085
195.972161  0.002937
195.992160  0.002998
196.012160  0.003023
196.032159  0.003183
196.052158  0.003146
196.072157  0.003085
196.092156  0.002986
196.112156  0.003158
196.132155  0.003097
196.152154  0.003048
196.172153  0.003232
196.192152  0.003318
196.212152  0.003257
196.232151  0.003146
196.252150  0.003171
196.272149  0.003023
196.292148  0.003134
196.312148  0.003158
196.332147  0.003318
196.352146  0.003035
196.372145  0.003121
196.392144  0.003404
196.412144  0.003257
196.432143  0.003097
196.452142  0.003035
196.472141  0.002888
196.492140  0.003158
196.512140  0.003060
196.532139  0.003011
196.552138  0.002925
196.572137  0.003035
196.592136  0.003281
196.612136  0.002888
196.632135  0.003257
196.652134  0.002974
196.672133  0.002974
196.692132  0.003355
196.712132  0.003085
196.732131  0.003244
196.752130  0.003121
196.772129  0.003330
196.792128  0.003207
196.812128  0.003404
196.832127  0.003134
196.852126  0.003207
196.872125  0.003011
196.892124  0.003601
196.912124  0.003330
196.932123  0.003576
196.952122  0.003011
196.972121  0.003072
196.992120  0.003330
197.012120  0.003232
197.032119  0.003281
197.052118  0.003146
197.072117  0.003220
197.092116  0.003293
197.112116  0.003232
197.132115  0.003269
197.152114  0.003146
197.172113  0.003232
197.192112  0.003650
197.212112  0.003171
197.232111  0.003392
197.252110  0.003085
197.272109  0.003195
197.292108  0.003453
197.312108  0.003232
197.332107  0.003478
197.352106  0.003490
197.372105  0.003207
197.392104  0.003035
197.412104  0.003318
197.432103  0.003367
197.452102  0.003281
197.472101  0.003121
197.492100  0.003171
197.512100  0.003195
197.532099  0.003355
197.552098  0.003146
197.572097  0.003502
197.592096  0.003109
197.612096  0.003183
197.632095  0.003183
197.652094  0.003085
197.672093  0.003183
197.692092  0.003355
197.712092  0.003195
197.732091  0.003244
197.752090  0.003453
197.772089  0.003158
197.792088  0.003330
197.812088  0.003281
197.832087  0.003576
197.852086  0.003453
197.872085  0.003220
197.892084  0.003687
197.912084  0.003257
197.932083  0.003183
197.952082  0.003404
197.972081  0.003564
197.992080  0.003441
198.012080  0.003502
198.032079  0.003404
198.052078  0.003404
198.072077  0.003416
198.092076  0.003466
198.112076  0.003601
198.132075  0.003576
198.152074  0.003441
198.172073  0.003392
198.192072  0.003527
198.212072  0.003281
198.232071  0.003293
198.252070  0.003269
198.272069  0.003392
198.292068  0.003183
198.312068  0.003466
198.332067  0.003429
198.352066  0.003441
198.372065  0.003318
198.392064  0.003613
198.412064  0.003207
198.432063  0.003675
198.452062  0.003330
198.472061  0.003564
198.492060  0.003515
198.512060  0.003244
198.532059  0.003429
198.552058  0.003392
198.572057  0.003662
198.592056  0.003232
198.612056  0.003478
198.632055  0.003355
198.652054  0.003502
198.672053  0.003564
198.692052  0.003453
198.712052  0.003515
198.732051  0.003355
198.752050  0.003576
198.772049  0.003552
198.792048  0.003601
198.812048  0.003687
198.832047  0.003564
198.852046  0.003539
198.872045  0.003785
198.892044  0.003318
198.912044  0.003564
198.932043  0.003367
198.952042  0.003662
198.972041  0.003613
198.992040  0.003822
199.012040  0.003269
199.032039  0.003539
199.052038  0.003675
199.072037  0.003490
199.092036  0.003515
199.112036  0.003625
199.132035  0.003257
199.152034  0.003515
199.172033  0.003711
199.192032  0.003515
199.212032  0.003625
199.232031  0.003515
199.252030  0.003527
199.272029  0.003502
199.292028  0.003699
199.312028  0.003502
199.332027  0.003736
199.352026  0.003478
199.372025  0.003564
199.392024  0.003785
199.412024  0.003539
199.432023  0.003748
199.452022  0.003650
199.472021  0.003687
199.492020  0.003552
199.512020  0.004215
199.532019  0.003588
199.552018  0.003699
199.572017  0.004105
199.592016  0.003650
199.612016  0.003613
199.632015  0.003970
199.652014  0.003761
199.672013  0.003613
199.692012  0.003748
199.712012  0.003662
199.732011  0.003601
199.752010  0.003711
199.772009  0.003711
199.792008  0.003773
199.812008  0.003662
199.832007  0.003675
199.852006  0.003515
199.872005  0.003650
199.892004  0.003859
199.912004  0.003785
199.932003  0.003552
199.952002  0.003724
199.972001  0.003650
199.992000  0.003761
200.012000  0.003675
200.031999  0.003920
200.051998  0.003576
200.071997  0.003601
200.091996  0.003736
200.111996  0.003761
200.131995  0.003773
200.151994  0.003908
200.171993  0.003625
200.191992  0.003785
200.211992  0.003638
200.231991  0.003687
200.251990  0.003687
200.271989  0.003761
200.291988  0.003847
200.311988  0.003662
200.331987  0.003588
200.351986  0.003650
200.371985  0.003613
200.391984  0.003785
200.411984  0.003896
200.431983  0.003588
200.451982  0.003748
200.471981  0.003908
200.491980  0.003576
200.511980  0.003625
200.531979  0.003920
200.551978  0.003797
200.571977  0.003675
200.591976  0.003933
200.611976  0.003847
200.631975  0.003822
200.651974  0.003859
200.671973  0.003970
200.691972  0.003945
200.711972  0.003957
200.731971  0.003687
200.751970  0.003847
200.771969  0.003945
200.791968  0.003773
200.811968  0.003859
200.831967  0.003859
200.851966  0.003945
200.871965  0.003724
200.891964  0.003945
200.911964  0.003785
200.931963  0.003773
200.951962  0.003822
200.971961  0.003859
200.991960  0.003822
201.011960  0.003601
201.031959  0.003896
201.051958  0.003847
201.071957  0.003847
201.091956  0.003785
201.111956  0.003871
201.131955  0.003822
201.151954  0.003847
201.171953  0.003797
201.191952  0.003896
201.211952  0.003638
201.231951  0.004056
201.251950  0.003822
201.271949  0.003810
201.291948  0.003687
201.311948  0.003883
201.331947  0.003859
201.351946  0.003945
201.371945  0.003933
201.391944  0.003810
201.411944  0.003834
201.431943  0.003822
201.451942  0.003957
201.471941  0.003810
201.491940  0.003699
201.511940  0.003994
201.531939  0.003834
201.551938  0.004006
201.571937  0.003933
201.591936  0.003883
201.611936  0.003687
201.631935  0.004154
201.651934  0.004031
201.671933  0.004191
201.691932  0.004019
201.711932  0.003920
201.731931  0.004068
201.751930  0.004092
201.771929  0.004068
201.791928  0.003933
201.811928  0.004056
201.831927  0.003847
201.851926  0.004129
201.871925  0.003933
201.891924  0.003920
201.911924  0.004092
201.931923  0.003908
201.951922  0.003675
201.971921  0.004056
201.991920  0.004031
202.011920  0.003957
202.031919  0.004092
202.051918  0.003896
202.071917  0.004117
202.091916  0.003650
202.111916  0.003982
202.131915  0.003810
202.151914  0.003908
202.171913  0.003945
202.191912  0.004129
202.211912  0.004043
202.231911  0.004092
202.251910  0.004092
202.271909  0.004178
202.291908  0.004080
202.311908  0.004092
202.331907  0.004154
202.351906  0.004154
202.371905  0.004191
202.391904  0.003920
202.411904  0.004092
202.431903  0.003933
202.451902  0.003994
202.471901  0.004105
202.491900  0.004142
202.511900  0.004006
202.531899  0.003982
202.551898  0.003896
202.571897  0.004129
202.591896  0.003761
202.611896  0.004031
202.631895  0.004043
202.651894  0.004006
202.671893  0.004142
202.691892  0.004178
202.711892  0.004154
202.731891  0.004006
202.751890  0.004019
202.771889  0.004019
202.791888  0.004056
202.811888  0.004240
202.831887  0.004314
202.851886  0.004154
202.871885  0.004080
202.891884  0.003994
202.911884  0.004031
202.931883  0.004166
202.951882  0.004314
202.971881  0.004080
202.991880  0.004068
203.011880  0.004240
203.031879  0.004043
203.051878  0.004228
203.071877  0.004043
203.091876  0.003908
203.111876  0.004289
203.131875  0.004178
203.151874  0.003748
203.171873  0.004092
203.191872  0.004129
203.211872  0.004166
203.231871  0.004166
203.251870  0.004117
203.271869  0.004031
203.291868  0.004351
203.311868  0.004056
203.331867  0.004387
203.351866  0.004351
203.371865  0.004129
203.391864  0.003933
203.411864  0.004031
203.431863  0.004338
203.451862  0.004142
203.471861  0.004154
203.491860  0.004068
203.511860  0.004277
203.531859  0.004178
203.551858  0.004154
203.571857  0.004043
203.591856  0.003847
203.611856  0.004006
203.631855  0.004154
203.651854  0.004092
203.671853  0.004105
203.691852  0.004301
203.711852  0.004265
203.731851  0.004154
203.751850  0.003908
203.771849  0.004154
203.791848  0.004363
203.811848  0.004449
203.831847  0.004314
203.851846  0.004375
203.871845  0.004043
203.891844  0.004154
203.911844  0.004142
203.931843  0.004387
203.951842  0.004252
203.971841  0.004019
203.991840  0.004240
204.011840  0.004265
204.031839  0.004400
204.051838  0.004191
204.071837  0.004461
204.091836  0.004166
204.111836  0.004019
204.131835  0.004142
204.151834  0.004277
204.171833  0.004092
204.191832  0.004068
204.211832  0.004166
204.231831  0.004080
204.251830  0.003957
204.271829  0.003994
204.291828  0.004166
204.311828  0.004252
204.331827  0.004117
204.351826  0.004240
204.371825  0.004203
204.391824  0.004756
204.411824  0.004240
204.431823  0.004400
204.451822  0.004178
204.471821  0.004437
204.491820  0.004351
204.511820  0.004240
204.531819  0.004498
204.551818  0.004473
204.571817  0.004596
204.591816  0.004301
204.611816  0.004424
204.631815  0.004363
204.651814  0.004633
204.671813  0.004314
204.691812  0.004019
204.711812  0.004449
204.731811  0.004314
204.751810  0.004228
204.771809  0.004080
204.791808  0.004351
204.811808  0.004228
204.831807  0.004461
204.851806  0.004572
204.871805  0.004400
204.891804  0.004326
204.911804  0.004412
204.931803  0.004584
204.951802  0.004314
204.971801  0.004105
204.991800  0.004129
205.011800  0.004289
205.031799  0.004351
205.051798  0.004437
205.071797  0.004449
205.091796  0.004240
205.111796  0.004498
205.131795  0.004387
205.151794  0.004400
205.171793  0.004252
205.191792  0.004621
205.211792  0.004375
205.231791  0.004375
205.251790  0.004523
205.271789  0.004437
205.291788  0.004486
205.311788  0.004363
205.331787  0.004265
205.351786  0.004621
205.371785  0.004338
205.391784  0.004265
205.411784  0.004338
205.431783  0.004523
205.451782  0.004449
205.471781  0.004670
205.491780  0.004289
205.511780  0.004412
205.531779  0.004400
205.551778  0.004633
205.571777  0.004449
205.591776  0.004449
205.611776  0.004609
205.631775  0.004560
205.651774  0.004547
205.671773  0.004240
205.691772  0.004486
205.711772  0.004756
205.731771  0.004596
205.751770  0.004658
205.771769  0.004596
205.791768  0.004486
205.811768  0.004449
205.831767  0.004523
205.851766  0.004621
205.871765  0.004560
205.891764  0.004473
205.911764  0.004719
205.931763  0.004547
205.951762  0.004560
205.971761  0.004473
205.991760  0.004744
206.011760  0.004670
206.031759  0.004498
206.051758  0.004793
206.071757  0.004658
206.091756  0.004560
206.111756  0.004510
206.131755  0.004560
206.151754  0.004879
206.171753  0.004510
206.191752  0.004437
206.211752  0.004670
206.231751  0.004646
206.251750  0.004682
206.271749  0.004461
206.291748  0.004682
206.311748  0.004535
206.331747  0.004547
206.351746  0.004560
206.371745  0.004510
206.391744  0.004498
206.411744  0.004781
206.431743  0.004670
206.451742  0.004498
206.471741  0.004461
206.491740  0.004670
206.511740  0.004719
206.531739  0.004658
206.551738  0.004732
206.571737  0.004879
206.591736  0.004695
206.611736  0.004793
206.631735  0.004658
206.651734  0.004572
206.671733  0.004781
206.691732  0.004633
206.711732  0.004646
206.731731  0.004818
206.751730  0.004805
206.771729  0.004498
206.791728  0.004609
206.811728  0.004572
206.831727  0.004670
206.851726  0.004842
206.871725  0.004756
206.891724  0.004596
206.911724  0.004928
206.931723  0.004646
206.951722  0.004768
206.971721  0.004596
206.991720  0.004658
207.011720  0.004805
207.031719  0.004793
207.051718  0.004707
207.071717  0.004682
207.091716  0.004793
207.111716  0.004904
207.131715  0.004658
207.151714  0.004523
207.171713  0.004719
207.191712  0.004830
207.211712  0.004621
207.231711  0.004670
207.251710  0.004756
207.271709  0.004682
207.291708  0.004719
207.311708  0.004781
207.331707  0.004768
207.351706  0.004633
207.371705  0.004621
207.391704  0.004695
207.411704  0.004768
207.431703  0.004596
207.451702  0.004744
207.471701  0.004842
207.491700  0.004781
207.511700  0.004633
207.531699  0.004707
207.551698  0.004707
207.571697  0.004941
207.591696  0.004523
207.611696  0.004879
207.631695  0.004842
207.651694  0.004756
207.671693  0.004695
207.691692  0.004891
207.711692  0.004695
207.731691  0.004486
207.751690  0.004830
207.771689  0.004916
207.791688  0.004781
207.811688  0.004805
207.831687  0.004842
207.851686  0.005014
207.871685  0.004560
207.891684  0.004781
207.911684  0.004855
207.931683  0.004916
207.951682  0.004818
207.971681  0.004695
207.991680  0.004756
208.011680  0.004756
208.031679  0.004830
208.051678  0.004879
208.071677  0.004732
208.091676  0.004621
208.111676  0.004830
208.131675  0.004707
208.151674  0.004965
208.171673  0.004793
208.191672  0.004879
208.211672  0.004965
208.231671  0.004916
208.251670  0.004928
208.271669  0.004732
208.291668  0.004744
208.311668  0.004879
208.331667  0.004621
208.351666  0.005002
208.371665  0.004916
208.391664  0.004732
208.411664  0.004805
208.431663  0.004891
208.451662  0.004633
208.471661  0.004953
208.491660  0.004867
208.511660  0.004977
208.531659  0.005149
208.551658  0.004965
208.571657  0.004867
208.591656  0.004658
208.611656  0.004953
208.631655  0.004916
208.651654  0.004916
208.671653  0.004977
208.691652  0.005014
208.711652  0.004830
208.731651  0.004842
208.751650  0.005039
208.771649  0.004891
208.791648  0.004732
208.811648  0.004916
208.831647  0.004977
208.851646  0.005309
208.871645  0.004916
208.891644  0.004965
208.911644  0.004633
208.931643  0.004830
208.951642  0.005088
208.971641  0.005088
208.991640  0.004855
209.011640  0.004916
209.031639  0.005186
209.051638  0.004941
209.071637  0.004830
209.091636  0.004855
209.111636  0.004818
209.131635  0.004879
209.151634  0.004904
209.171633  0.005002
209.191632  0.004941
209.211632  0.004990
209.231631  0.005027
209.251630  0.004916
209.271629  0.005039
209.291628  0.005174
209.311628  0.005039
209.331627  0.005236
209.351626  0.004965
209.371625  0.004965
209.391624  0.004977
209.411624  0.004990
209.431623  0.004965
209.451622  0.005113
209.471621  0.005322
209.491620  0.005100
209.511620  0.004977
209.531619  0.005002
209.551618  0.005100
209.571617  0.004990
209.591616  0.005076
209.611616  0.005149
209.631615  0.005137
209.651614  0.004842
209.671613  0.004904
209.691612  0.005223
209.711612  0.005113
209.731611  0.005076
209.751610  0.005211
209.771609  0.004990
209.791608  0.005199
209.811608  0.004916
209.831607  0.005125
209.851606  0.004941
209.871605  0.005027
209.891604  0.005002
209.911604  0.005236
209.931603  0.005211
209.951602  0.005063
209.971601  0.005297
209.991600  0.005174
210.011600  0.004977
210.031599  0.005076
210.051598  0.005076
210.071597  0.005076
210.091596  0.005076
210.111596  0.005039
210.131595  0.005149
210.151594  0.005285
210.171593  0.005076
210.191592  0.005322
210.211592  0.005076
210.231591  0.005039
210.251590  0.005174
210.271589  0.005248
210.291588  0.005063
210.311588  0.005236
210.331587  0.005420
210.351586  0.005002
210.371585  0.005149
210.391584  0.005260
210.411584  0.005211
210.431583  0.005076
210.451582  0.005346
210.471581  0.004977
210.491580  0.005260
210.511580  0.005223
210.531579  0.005346
210.551578  0.005211
210.571577  0.005076
210.591576  0.005248
210.611576  0.005162
210.631575  0.005260
210.651574  0.005223
210.671573  0.005346
210.691572  0.004941
210.711572  0.005236
210.731571  0.005186
210.751570  0.005125
210.771569  0.005199
210.791568  0.005395
210.811568  0.005236
210.831567  0.005285
210.851566  0.005346
210.871565  0.005272
210.891564  0.005199
210.911564  0.005149
210.931563  0.005236
210.951562  0.005580
210.971561  0.005149
210.991560  0.005113
211.011560  0.005297
211.031559  0.005420
211.051558  0.005223
211.071557  0.005137
211.091556  0.005199
211.111556  0.005149
211.131555  0.005371
211.151554  0.005272
211.171553  0.005309
211.191552  0.005236
211.211552  0.005063
211.231551  0.005199
211.251550  0.005518
211.271549  0.005297
211.291548  0.005285
211.311548  0.005248
211.331547  0.005088
211.351546  0.005076
211.371545  0.005358
211.391544  0.005309
211.411544  0.005137
211.431543  0.005322
211.451542  0.005297
211.471541  0.005383
211.491540  0.005248
211.511540  0.005297
211.531539  0.005592
211.551538  0.005395
211.571537  0.005236
211.591536  0.005272
211.611536  0.005297
211.631535  0.005236
211.651534  0.005285
211.671533  0.005199
211.691532  0.005408
211.711532  0.005334
211.731531  0.005604
211.751530  0.005457
211.771529  0.005457
211.791528  0.005432
211.811528  0.005469
211.831527  0.005444
211.851526  0.005137
211.871525  0.005395
211.891524  0.005395
211.911524  0.005272
211.931523  0.005248
211.951522  0.005186
211.971521  0.005236
211.991520  0.005272
212.011520  0.005383
212.031519  0.005125
212.051518  0.005383
212.071517  0.005371
212.091516  0.005543
212.111516  0.005469
212.131515  0.005469
212.151514  0.005309
212.171513  0.005432
212.191512  0.005285
212.211512  0.005211
212.231511  0.005531
212.251510  0.005420
212.271509  0.005432
212.291508  0.005346
212.311508  0.005432
212.331507  0.005432
212.351506  0.005555
212.371505  0.005371
212.391504  0.005358
212.411504  0.005309
212.431503  0.005457
212.451502  0.005334
212.471501  0.005395
212.491500  0.005432
212.511500  0.005469
212.531499  0.005248
212.551498  0.005395
212.571497  0.005420
212.591496  0.005457
212.611496  0.005653
212.631495  0.005752
212.651494  0.005432
212.671493  0.005383
212.691492  0.005580
212.711492  0.005567
212.731491  0.005432
212.751490  0.005371
212.771489  0.005617
212.791488  0.005604
212.811488  0.005580
212.831487  0.005199
212.851486  0.005543
212.871485  0.005567
212.891484  0.005506
212.911484  0.005531
212.931483  0.005420
212.951482  0.005494
212.971481  0.005236
212.991480  0.005617
213.011480  0.005297
213.031479  0.005555
213.051478  0.005371
213.071477  0.005346
213.091476  0.005690
213.111476  0.005555
213.131475  0.005469
213.151474  0.005678
213.171473  0.005543
213.191472  0.005580
213.211472  0.005346
213.231471  0.005690
213.251470  0.005629
213.271469  0.005494
213.291468  0.005592
213.311468  0.005567
213.331467  0.005457
213.351466  0.005408
213.371465  0.005715
213.391464  0.005469
213.411464  0.005444
213.431463  0.005543
213.451462  0.005641
213.471461  0.005567
213.491460  0.005666
213.511460  0.005543
213.531459  0.005653
213.551458  0.005592
213.571457  0.005469
213.591456  0.005715
213.611456  0.005346
213.631455  0.005555
213.651454  0.005641
213.671453  0.005322
213.691452  0.005408
213.711452  0.005592
213.731451  0.005703
213.751450  0.005727
213.771449  0.005727
213.791448  0.005604
213.811448  0.005629
213.831447  0.005592
213.851446  0.005690
213.871445  0.005666
213.891444  0.005862
213.911444  0.005936
213.931443  0.005531
213.951442  0.005481
213.971441  0.005690
213.991440  0.005653
214.011440  0.005629
214.031439  0.005567
214.051438  0.005592
214.071437  0.005494
214.091436  0.005567
214.111436  0.005236
214.131435  0.005555
214.151434  0.005236
214.171433  0.005444
214.191432  0.005690
214.211432  0.005543
214.231431  0.005715
214.251430  0.005703
214.271429  0.005715
214.291428  0.006059
214.311428  0.005518
214.331427  0.005752
214.351426  0.005739
214.371425  0.005850
214.391424  0.005776
214.411424  0.005641
214.431423  0.005912
214.451422  0.005826
214.471421  0.005715
214.491420  0.005653
214.511420  0.005580
214.531419  0.005629
214.551418  0.005678
214.571417  0.005617
214.591416  0.005592
214.611416  0.005703
214.631415  0.005469
214.651414  0.005752
214.671413  0.005506
214.691412  0.005567
214.711412  0.005739
214.731411  0.005543
214.751410  0.005629
214.771409  0.005789
214.791408  0.005653
214.811408  0.005789
214.831407  0.005764
214.851406  0.005887
214.871405  0.005764
214.891404  0.005715
214.911404  0.005764
214.931403  0.005961
214.951402  0.005703
214.971401  0.005653
214.991400  0.005826
215.011400  0.005838
215.031399  0.005801
215.051398  0.005826
215.071397  0.005764
215.091396  0.005899
215.111396  0.005715
215.131395  0.005739
215.151394  0.005678
215.171393  0.005617
215.191392  0.005899
215.211392  0.005862
215.231391  0.005776
215.251390  0.005826
215.271389  0.005752
215.291388  0.005862
215.311388  0.005752
215.331387  0.005862
215.351386  0.005924
215.371385  0.005727
215.391384  0.006022
215.411384  0.005678
215.431383  0.005961
215.451382  0.005887
215.471381  0.005813
215.491380  0.005936
215.511380  0.005961
215.531379  0.005912
215.551378  0.005924
215.571377  0.005936
215.591376  0.005826
215.611376  0.005703
215.631375  0.005764
215.651374  0.005850
215.671373  0.005776
215.691372  0.005789
215.711372  0.005789
215.731371  0.005764
215.751370  0.005936
215.771369  0.005481
215.791368  0.005875
215.811368  0.005899
215.831367  0.006121
215.851366  0.005789
215.871365  0.005936
215.891364  0.005912
215.911364  0.005776
215.931363  0.005936
215.951362  0.005887
215.971361  0.005580
215.991360  0.005961
216.011360  0.006022
216.031359  0.005985
216.051358  0.006121
216.071357  0.005850
216.091356  0.005924
216.111356  0.006207
216.131355  0.005961
216.151354  0.005924
216.171353  0.005666
216.191352  0.005690
216.211352  0.005936
216.231351  0.005862
216.251350  0.006022
216.271349  0.005715
216.291348  0.005912
216.311348  0.005924
216.331347  0.005887
216.351346  0.005678
216.371345  0.005936
216.391344  0.005936
216.411344  0.005899
216.431343  0.005690
216.451342  0.005961
216.471341  0.005948
216.491340  0.006022
216.511340  0.006170
216.531339  0.005764
216.551338  0.005875
216.571337  0.006059
216.591336  0.005936
216.611336  0.006022
216.631335  0.006034
216.651334  0.005666
216.671333  0.006022
216.691332  0.006071
216.711332  0.006157
216.731331  0.005998
216.751330  0.006157
216.771329  0.006071
216.791328  0.006047
216.811328  0.006268
216.831327  0.006059
216.851326  0.005862
216.871325  0.006084
216.891324  0.005936
216.911324  0.005998
216.931323  0.005985
216.951322  0.005801
216.971321  0.006096
216.991320  0.006170
217.011320  0.005875
217.031319  0.006022
217.051318  0.006157
217.071317  0.006256
217.091316  0.006108
217.111316  0.006170
217.131315  0.006170
217.151314  0.006022
217.171313  0.006108
217.191312  0.006047
217.211312  0.006034
217.231311  0.006047
217.251310  0.005985
217.271309  0.006071
217.291308  0.006084
217.311308  0.006170
217.331307  0.006157
217.351306  0.005948
217.371305  0.006157
217.391304  0.006071
217.411304  0.005998
217.431303  0.006280
217.451302  0.005973
217.471301  0.006170
217.491300  0.006354
217.511300  0.006157
217.531299  0.006305
217.551298  0.006182
217.571297  0.006047
217.591296  0.005961
217.611296  0.006207
217.631295  0.006403
217.651294  0.006428
217.671293  0.006059
217.691292  0.006096
217.711292  0.005973
217.731291  0.005924
217.751290  0.006034
217.771289  0.005924
217.791288  0.006366
217.811288  0.006268
217.831287  0.006034
217.851286  0.006084
217.871285  0.006329
217.891284  0.006047
217.911284  0.005985
217.931283  0.006219
217.951282  0.006280
217.971281  0.006194
217.991280  0.006010
218.011280  0.006145
218.031279  0.006145
218.051278  0.006477
218.071277  0.006121
218.091276  0.006256
218.111276  0.006403
218.131275  0.006293
218.151274  0.006207
218.171273  0.006231
218.191272  0.006170
218.211272  0.006305
218.231271  0.006379
218.251270  0.005948
218.271269  0.006256
218.291268  0.006256
218.311268  0.006243
218.331267  0.006121
218.351266  0.006071
218.371265  0.006207
218.391264  0.006280
218.411264  0.006502
218.431263  0.006219
218.451262  0.006108
218.471261  0.006243
218.491260  0.006121
218.511260  0.006256
218.531259  0.006329
218.551258  0.006342
218.571257  0.006379
218.591256  0.006170
218.611256  0.006157
218.631255  0.006170
218.651254  0.006342
218.671253  0.005985
218.691252  0.006219
218.711252  0.006243
218.731251  0.006194
218.751250  0.006231
218.771249  0.006133
218.791248  0.006096
218.811248  0.006219
218.831247  0.006243
218.851246  0.006354
218.871245  0.006182
218.891244  0.006194
218.911244  0.006231
218.931243  0.006280
218.951242  0.006379
218.971241  0.006305
218.991240  0.006231
219.011240  0.006170
219.031239  0.006219
219.051238  0.006268
219.071237  0.006514
219.091236  0.006145
219.111236  0.006366
219.131235  0.006354
219.151234  0.006514
219.171233  0.006256
219.191232  0.006416
219.211232  0.006416
219.231231  0.006243
219.251230  0.006428
219.271229  0.006391
219.291228  0.006366
219.311228  0.006268
219.331227  0.006342
219.351226  0.006452
219.371225  0.006366
219.391224  0.006416
219.411224  0.006047
219.431223  0.006465
219.451222  0.006280
219.471221  0.006231
219.491220  0.006366
219.511220  0.006219
219.531219  0.006207
219.551218  0.006428
219.571217  0.006268
219.591216  0.006391
219.611216  0.006329
219.631215  0.006366
219.651214  0.006551
219.671213  0.006428
219.691212  0.006256
219.711212  0.006465
219.731211  0.006293
219.751210  0.006416
219.771209  0.006477
219.791208  0.006575
219.811208  0.006416
219.831207  0.006403
219.851206  0.006489
219.871205  0.006661
219.891204  0.006489
219.911204  0.006477
219.931203  0.006600
219.951202  0.006588
219.971201  0.006465
219.991200  0.006637
220.011200  0.006366
220.031199  0.006379
220.051198  0.006280
220.071197  0.006391
220.091196  0.006551
220.111196  0.006194
220.131195  0.006440
220.151194  0.006588
220.171193  0.006329
220.191192  0.006465
220.211192  0.006624
220.231191  0.006280
220.251190  0.006538
220.271189  0.006477
220.291188  0.006526
220.311188  0.006477
220.331187  0.006452
220.351186  0.006538
220.371185  0.006600
220.391184  0.006477
220.411184  0.006711
220.431183  0.006502
220.451182  0.006440
220.471181  0.006452
220.491180  0.006416
220.511180  0.006538
220.531179  0.006416
220.551178  0.006428
220.571177  0.006403
220.591176  0.006477
220.611176  0.006477
220.631175  0.006514
220.651174  0.006612
220.671173  0.006612
220.691172  0.006612
220.711172  0.006440
220.731171  0.006588
220.751170  0.006674
220.771169  0.006588
220.791168  0.006538
220.811168  0.006489
220.831167  0.006502
220.851166  0.006538
220.871165  0.006674
220.891164  0.006674
220.911164  0.006600
220.931163  0.006797
220.951162  0.006674
220.971161  0.006452
220.991160  0.006452
221.011160  0.006600
221.031159  0.006612
221.051158  0.006563
221.071157  0.006723
221.091156  0.006600
221.111156  0.006772
221.131155  0.006674
221.151154  0.006624
221.171153  0.006551
221.191152  0.006538
221.211152  0.006538
221.231151  0.006674
221.251150  0.006403
221.271149  0.006563
221.291148  0.006526
221.311148  0.006452
221.331147  0.006465
221.351146  0.006538
221.371145  0.006452
221.391144  0.006661
221.411144  0.006489
221.431143  0.006686
221.451142  0.006649
221.471141  0.006551
221.491140  0.006674
221.511140  0.006686
221.531139  0.006747
221.551138  0.006649
221.571137  0.006686
221.591136  0.006735
221.611136  0.006686
221.631135  0.006624
221.651134  0.006502
221.671133  0.006870
221.691132  0.006772
221.711132  0.006600
221.731131  0.006674
221.751130  0.006686
221.771129  0.006711
221.791128  0.006612
221.811128  0.006256
221.831127  0.006747
221.851126  0.006624
221.871125  0.006440
221.891124  0.006809
221.911124  0.006588
221.931123  0.006538
221.951122  0.006698
221.971121  0.006735
221.991120  0.007006
222.011120  0.006846
222.031119  0.006649
222.051118  0.006846
222.071117  0.006674
222.091116  0.006588
222.111116  0.007116
222.131115  0.006772
222.151114  0.006649
222.171113  0.006772
222.191112  0.006575
222.211112  0.006698
222.231111  0.006784
222.251110  0.006821
222.271109  0.006538
222.291108  0.006711
222.311108  0.006698
222.331107  0.006686
222.351106  0.006956
222.371105  0.006760
222.391104  0.006760
222.411104  0.006883
222.431103  0.006711
222.451102  0.006538
222.471101  0.006760
222.491100  0.006993
222.511100  0.006833
222.531099  0.006981
222.551098  0.006575
222.571097  0.007055
222.591096  0.006772
222.611096  0.006797
222.631095  0.006895
222.651094  0.006833
222.671093  0.006956
222.691092  0.006711
222.711092  0.006772
222.731091  0.006833
222.751090  0.006797
222.771089  0.006674
222.791088  0.006760
222.811088  0.006760
222.831087  0.006575
222.851086  0.007006
222.871085  0.006465
222.891084  0.006637
222.911084  0.006551
222.931083  0.006747
222.951082  0.006797
222.971081  0.006907
222.991080  0.006858
223.011080  0.006870
223.031079  0.006797
223.051078  0.006784
223.071077  0.006760
223.091076  0.007042
223.111076  0.006649
223.131075  0.006969
223.151074  0.006969
223.171073  0.006969
223.191072  0.006993
223.211072  0.006956
223.231071  0.007006
223.251070  0.006883
223.271069  0.006993
223.291068  0.006698
223.311068  0.006895
223.331067  0.006944
223.351066  0.007190
223.371065  0.006797
223.391064  0.006907
223.411064  0.006821
223.431063  0.006833
223.451062  0.006846
223.471061  0.006600
223.491060  0.006993
223.511060  0.006711
223.531059  0.006846
223.551058  0.006723
223.571057  0.006772
223.591056  0.006846
223.611056  0.006735
223.631055  0.006760
223.651054  0.006956
223.671053  0.006944
223.691052  0.006895
223.711052  0.006969
223.731051  0.006760
223.751050  0.006711
223.771049  0.007141
223.791048  0.006969
223.811048  0.007067
223.831047  0.006993
223.851046  0.006870
223.871045  0.006919
223.891044  0.007006
223.911044  0.006907
223.931043  0.007141
223.951042  0.006698
223.971041  0.006883
223.991040  0.007079
224.011040  0.007141
224.031039  0.006821
224.051038  0.006772
224.071037  0.007006
224.091036  0.007055
224.111036  0.006969
224.131035  0.007067
224.151034  0.007079
224.171033  0.006969
224.191032  0.007178
224.211032  0.006821
224.231031  0.006944
224.251030  0.007030
224.271029  0.007116
224.291028  0.007055
224.311028  0.007251
224.331027  0.006833
224.351026  0.006907
224.371025  0.007006
224.391024  0.007092
224.411024  0.007055
224.431023  0.007018
224.451022  0.006846
224.471021  0.006932
224.491020  0.006723
224.511020  0.006981
224.531019  0.007092
224.551018  0.007018
224.571017  0.006858
224.591016  0.006772
224.611016  0.006919
224.631015  0.006833
224.651014  0.007067
224.671013  0.007042
224.691012  0.006944
224.711012  0.007042
224.731011  0.007092
224.751010  0.007165
224.771009  0.007288
224.791008  0.007202
224.811008  0.007030
224.831007  0.007116
224.851006  0.007202
224.871005  0.006993
224.891004  0.007288
224.911004  0.006993
224.931003  0.006969
224.951002  0.007055
224.971001  0.007055
224.991000  0.006760
225.011000  0.006833
225.030999  0.006919
225.050998  0.006956
225.070997  0.006969
225.090996  0.006919
225.110996  0.007092
225.130995  0.007030
225.150994  0.007030
225.170993  0.007202
225.190992  0.007006
225.210992  0.007153
225.230991  0.007399
225.250990  0.007276
225.270989  0.007141
225.290988  0.007165
225.310988  0.007313
225.330987  0.007079
225.350986  0.007165
225.370985  0.007165
225.390984  0.007301
225.410984  0.007153
225.430983  0.006907
225.450982  0.007165
225.470981  0.007190
225.490980  0.007227
225.510980  0.007104
225.530979  0.007104
225.550978  0.007092
225.570977  0.007350
225.590976  0.007153
225.610976  0.007165
225.630975  0.006932
225.650974  0.007067
225.670973  0.007214
225.690972  0.007067
225.710972  0.007276
225.730971  0.007264
225.750970  0.007042
225.770969  0.007141
225.790968  0.007165
225.810968  0.007288
225.830967  0.007202
225.850966  0.007325
225.870965  0.007423
225.890964  0.007264
225.910964  0.007153
225.930963  0.007092
225.950962  0.007190
225.970961  0.007042
225.990960  0.007251
226.010960  0.007227
226.030959  0.007485
226.050958  0.007104
226.070957  0.007325
226.090956  0.007251
226.110956  0.007301
226.130955  0.007067
226.150954  0.007251
226.170953  0.007436
226.190952  0.007264
226.210952  0.007239
226.230951  0.007104
226.250950  0.007337
226.270949  0.007067
226.290948  0.007104
226.310948  0.007165
226.330947  0.007399
226.350946  0.007325
226.370945  0.007227
226.390944  0.007288
226.410944  0.007387
226.430943  0.007128
226.450942  0.007264
226.470941  0.007325
226.490940  0.007374
226.510940  0.007301
226.530939  0.007301
226.550938  0.007473
226.570937  0.007239
226.590936  0.007288
226.610936  0.007546
226.630935  0.007399
226.650934  0.007227
226.670933  0.007190
226.690932  0.007276
226.710932  0.007337
226.730931  0.007288
226.750930  0.007509
226.770929  0.007387
226.790928  0.007337
226.810928  0.007055
226.830927  0.007460
226.850926  0.007448
226.870925  0.007387
226.890924  0.007411
226.910924  0.007411
226.930923  0.007546
226.950922  0.007669
226.970921  0.007374
226.990920  0.007485
227.010920  0.007362
227.030919  0.007350
227.050918  0.007313
227.070917  0.007583
227.090916  0.007288
227.110916  0.007202
227.130915  0.007411
227.150914  0.007239
227.170913  0.007079
227.190912  0.007337
227.210912  0.007485
227.230911  0.007165
227.250910  0.007423
227.270909  0.007387
227.290908  0.007387
227.310908  0.007436
227.330907  0.007313
227.350906  0.007301
227.370905  0.007301
227.390904  0.007239
227.410904  0.007411
227.430903  0.007264
227.450902  0.007350
227.470901  0.007534
227.490900  0.007485
227.510900  0.007104
227.530899  0.007374
227.550898  0.007411
227.570897  0.007460
227.590896  0.007399
227.610896  0.007251
227.630895  0.007264
227.650894  0.007313
227.670893  0.007239
227.690892  0.007559
227.710892  0.007583
227.730891  0.007423
227.750890  0.007509
227.770889  0.007423
227.790888  0.007473
227.810888  0.007399
227.830887  0.007436
227.850886  0.007509
227.870885  0.007534
227.890884  0.007301
227.910884  0.007092
227.930883  0.007497
227.950882  0.007497
227.970881  0.007399
227.990880  0.007522
228.010880  0.007251
228.030879  0.007596
228.050878  0.007276
228.070877  0.007497
228.090876  0.007313
228.110876  0.007682
228.130875  0.007448
228.150874  0.007522
228.170873  0.007436
228.190872  0.007288
228.210872  0.007571
228.230871  0.007411
228.250870  0.007583
228.270869  0.007509
228.290868  0.007448
228.310868  0.007374
228.330867  0.007399
228.350866  0.007694
228.370865  0.007546
228.390864  0.007387
228.410864  0.007399
228.430863  0.007276
228.450862  0.007387
228.470861  0.007485
228.490860  0.007657
228.510860  0.007239
228.530859  0.007522
228.550858  0.007522
228.570857  0.007546
228.590856  0.007632
228.610856  0.007436
228.630855  0.007534
228.650854  0.007387
228.670853  0.007399
228.690852  0.007509
228.710852  0.007694
228.730851  0.007460
228.750850  0.007239
228.770849  0.007374
228.790848  0.007436
228.810848  0.007202
228.830847  0.007522
228.850846  0.007423
228.870845  0.007423
228.890844  0.007325
228.910844  0.007399
228.930843  0.007571
228.950842  0.007301
228.970841  0.007546
228.990840  0.007325
229.010840  0.007559
229.030839  0.007460
229.050838  0.007288
229.070837  0.007497
229.090836  0.007571
229.110836  0.007522
229.130835  0.007387
229.150834  0.007596
229.170833  0.007596
229.190832  0.007546
229.210832  0.007436
229.230831  0.007608
229.250830  0.007657
229.270829  0.007522
229.290828  0.007423
229.310828  0.007460
229.330827  0.007473
229.350826  0.007583
229.370825  0.007497
229.390824  0.007706
229.410824  0.007583
229.430823  0.007571
229.450822  0.007841
229.470821  0.007387
229.490820  0.007387
229.510820  0.007165
229.530819  0.007387
229.550818  0.007509
229.570817  0.007620
229.590816  0.007509
229.610816  0.007473
229.630815  0.007227
229.650814  0.007571
229.670813  0.007596
229.690812  0.007694
229.710812  0.007596
229.730811  0.007239
229.750810  0.007460
229.770809  0.007608
229.790808  0.007743
229.810808  0.007559
229.830807  0.007645
229.850806  0.007460
229.870805  0.007460
229.890804  0.007350
229.910804  0.007546
229.930803  0.007583
229.950802  0.007632
229.970801  0.007620
229.990800  0.007694
230.010800  0.007497
230.030799  0.007546
230.050798  0.007534
230.070797  0.007559
230.090796  0.007989
230.110796  0.007620
230.130795  0.007485
230.150794  0.007694
230.170793  0.007546
230.190792  0.007485
230.210792  0.007546
230.230791  0.007239
230.250790  0.007620
230.270789  0.007780
230.290788  0.007731
230.310788  0.007571
230.330787  0.007706
230.350786  0.007804
230.370785  0.007423
230.390784  0.007534
230.410784  0.007460
230.430783  0.007632
230.450782  0.007596
230.470781  0.007841
230.490780  0.007497
230.510780  0.007620
230.530779  0.007682
230.550778  0.007620
230.570777  0.007841
230.590776  0.007682
230.610776  0.007682
230.630775  0.007804
230.650774  0.007669
230.670773  0.007731
230.690772  0.007608
230.710772  0.007682
230.730771  0.007669
230.750770  0.007755
230.770769  0.007448
230.790768  0.007669
230.810768  0.007571
230.830767  0.007755
230.850766  0.007682
230.870765  0.007854
230.890764  0.007768
230.910764  0.007854
230.930763  0.007817
230.950762  0.007780
230.970761  0.007682
230.990760  0.007854
231.010760  0.007731
231.030759  0.007546
231.050758  0.007559
231.070757  0.007743
231.090756  0.007768
231.110756  0.007768
231.130755  0.007571
231.150754  0.007620
231.170753  0.007940
231.190752  0.007964
231.210752  0.007841
231.230751  0.007780
231.250750  0.007743
231.270749  0.007657
231.290748  0.007829
231.310748  0.007706
231.330747  0.007645
231.350746  0.007890
231.370745  0.007706
231.390744  0.007878
231.410744  0.007792
231.430743  0.007804
231.450742  0.007608
231.470741  0.007792
231.490740  0.007731
231.510740  0.007817
231.530739  0.007878
231.550738  0.007890
231.570737  0.007792
231.590736  0.007768
231.610736  0.007940
231.630735  0.007780
231.650734  0.007743
231.670733  0.007706
231.690732  0.007731
231.710732  0.007743
231.730731  0.007841
231.750730  0.007718
231.770729  0.007927
231.790728  0.007964
231.810728  0.007620
231.830727  0.007977
231.850726  0.007817
231.870725  0.007841
231.890724  0.007890
231.910724  0.007841
231.930723  0.007669
231.950722  0.007718
231.970721  0.007977
231.990720  0.007989
232.010720  0.007780
232.030719  0.007817
232.050718  0.007854
232.070717  0.007964
232.090716  0.007792
232.110716  0.007817
232.130715  0.007804
232.150714  0.007731
232.170713  0.007903
232.190712  0.007718
232.210712  0.007927
232.230711  0.008013
232.250710  0.007940
232.270709  0.007878
232.290708  0.007915
232.310708  0.007878
232.330707  0.007804
232.350706  0.007940
232.370705  0.007927
232.390704  0.008075
232.410704  0.008013
232.430703  0.008173
232.450702  0.008136
232.470701  0.008124
232.490700  0.008161
232.510700  0.007952
232.530699  0.008050
232.550698  0.007903
232.570697  0.008001
232.590696  0.008001
232.610696  0.008087
232.630695  0.008136
232.650694  0.007780
232.670693  0.007977
232.690692  0.007903
232.710692  0.007952
232.730691  0.008136
232.750690  0.007841
232.770689  0.007952
232.790688  0.007669
232.810688  0.007854
232.830687  0.007878
232.850686  0.008149
232.870685  0.008173
232.890684  0.007989
232.910684  0.007940
232.930683  0.007927
232.950682  0.008075
232.970681  0.008124
232.990680  0.008013
233.010680  0.008050
233.030679  0.008087
233.050678  0.008149
233.070677  0.008038
233.090676  0.008136
233.110676  0.008099
233.130675  0.008210
233.150674  0.008124
233.170673  0.008099
233.190672  0.007964
233.210672  0.008001
233.230671  0.007804
233.250670  0.007915
233.270669  0.007829
233.290668  0.007829
233.310668  0.008026
233.330667  0.008063
233.350666  0.008087
233.370665  0.007829
233.390664  0.007977
233.410664  0.007977
233.430663  0.008149
233.450662  0.007989
233.470661  0.008075
233.490660  0.008087
233.510660  0.008075
233.530659  0.008185
233.550658  0.008185
233.570657  0.008124
233.590656  0.008075
233.610656  0.008063
233.630655  0.008136
233.650654  0.008272
233.670653  0.008136
233.690652  0.008173
233.710652  0.008013
233.730651  0.008050
233.750650  0.008112
233.770649  0.008161
233.790648  0.008210
233.810648  0.008161
233.830647  0.008235
233.850646  0.008001
233.870645  0.008001
233.890644  0.008099
233.910644  0.007890
233.930643  0.008468
233.950642  0.008149
233.970641  0.007952
233.990640  0.008296
234.010640  0.008099
234.030639  0.008173
234.050638  0.008370
234.070637  0.008382
234.090636  0.008222
234.110636  0.008112
234.130635  0.008210
234.150634  0.008296
234.170633  0.008370
234.190632  0.008099
234.210632  0.008210
234.230631  0.008013
234.250630  0.008112
234.270629  0.008235
234.290628  0.008272
234.310628  0.008198
234.330627  0.008063
234.350626  0.008149
234.370625  0.008247
234.390624  0.008050
234.410624  0.008321
234.430623  0.008149
234.450622  0.008345
234.470621  0.008198
234.490620  0.007792
234.510620  0.008173
234.530619  0.008358
234.550618  0.008284
234.570617  0.008296
234.590616  0.008333
234.610616  0.008358
234.630615  0.008345
234.650614  0.008358
234.670613  0.008247
234.690612  0.008259
234.710612  0.008210
234.730611  0.008419
234.750610  0.008124
234.770609  0.008235
234.790608  0.008198
234.810608  0.008517
234.830607  0.008382
234.850606  0.008394
234.870605  0.008222
234.890604  0.008333
234.910604  0.008210
234.930603  0.008272
234.950602  0.008026
234.970601  0.008161
234.990600  0.008284
235.010600  0.007940
235.030599  0.008517
235.050598  0.008247
235.070597  0.008173
235.090596  0.008468
235.110596  0.008198
235.130595  0.008407
235.150594  0.008382
235.170593  0.008554
235.190592  0.008468
235.210592  0.008603
235.230591  0.008431
235.250590  0.008407
235.270589  0.008382
235.290588  0.008726
235.310588  0.008431
235.330587  0.008567
235.350586  0.008345
235.370585  0.008505
235.390584  0.008394
235.410584  0.008431
235.430583  0.008616
235.450582  0.008222
235.470581  0.008517
235.490580  0.008567
235.510580  0.008136
235.530579  0.008456
235.550578  0.008419
235.570577  0.008149
235.590576  0.008272
235.610576  0.008468
235.630575  0.008640
235.650574  0.008653
235.670573  0.008665
235.690572  0.008530
235.710572  0.008480
235.730571  0.008259
235.750570  0.008284
235.770569  0.008763
235.790568  0.008431
235.810568  0.008702
235.830567  0.008579
235.850566  0.008382
235.870565  0.008567
235.890564  0.008505
235.910564  0.008480
235.930563  0.008603
235.950562  0.008825
235.970561  0.008505
235.990560  0.008542
236.010560  0.008591
236.030559  0.008493
236.050558  0.008677
236.070557  0.008530
236.090556  0.008788
236.110556  0.008321
236.130555  0.008505
236.150554  0.008616
236.170553  0.008591
236.190552  0.008616
236.210552  0.008407
236.230551  0.008468
236.250550  0.008640
236.270549  0.008591
236.290548  0.008653
236.310548  0.008185
236.330547  0.008493
236.350546  0.008407
236.370545  0.008296
236.390544  0.008247
236.410544  0.008591
236.430543  0.008677
236.450542  0.008567
236.470541  0.008616
236.490540  0.008431
236.510540  0.008493
236.530539  0.008579
236.550538  0.008665
236.570537  0.008603
236.590536  0.008468
236.610536  0.008714
236.630535  0.008296
236.650534  0.008530
236.670533  0.008480
236.690532  0.008788
236.710532  0.008677
236.730531  0.008677
236.750530  0.008751
236.770529  0.009107
236.790528  0.008677
236.810528  0.008653
236.830527  0.008333
236.850526  0.008677
236.870525  0.008530
236.890524  0.008345
236.910524  0.008640
236.930523  0.008702
236.950522  0.008689
236.970521  0.008972
236.990520  0.008702
237.010520  0.008898
237.030519  0.008677
237.050518  0.008554
237.070517  0.008358
237.090516  0.008394
237.110516  0.008702
237.130515  0.008677
237.150514  0.008702
237.170513  0.008984
237.190512  0.008554
237.210512  0.008677
237.230511  0.008935
237.250510  0.008456
237.270509  0.008788
237.290508  0.008751
237.310508  0.008948
237.330507  0.008726
237.350506  0.008849
237.370505  0.008640
237.390504  0.008640
237.410504  0.008468
237.430503  0.008616
237.450502  0.008579
237.470501  0.008677
237.490500  0.008984
237.510500  0.008788
237.530499  0.008726
237.550498  0.008616
237.570497  0.008591
237.590496  0.008665
237.610496  0.008763
237.630495  0.008862
237.650494  0.008751
237.670493  0.008788
237.690492  0.008579
237.710492  0.008640
237.730491  0.008726
237.750490  0.008653
237.770489  0.008837
237.790488  0.008788
237.810488  0.008775
237.830487  0.009292
237.850486  0.008739
237.870485  0.008628
237.890484  0.009009
237.910484  0.008788
237.930483  0.008542
237.950482  0.008800
237.970481  0.008935
237.990480  0.008751
238.010480  0.008775
238.030479  0.008542
238.050478  0.009034
238.070477  0.008800
238.090476  0.009021
238.110476  0.008775
238.130475  0.008689
238.150474  0.008775
238.170473  0.008997
238.190472  0.009169
238.210472  0.008468
238.230471  0.008714
238.250470  0.008579
238.270469  0.008886
238.290468  0.008898
238.310468  0.008911
238.330467  0.008702
238.350466  0.008800
238.370465  0.008567
238.390464  0.008849
238.410464  0.008984
238.430463  0.008653
238.450462  0.008935
238.470461  0.008788
238.490460  0.008886
238.510460  0.009034
238.530459  0.008911
238.550458  0.008837
238.570457  0.008751
238.590456  0.008689
238.610456  0.008714
238.630455  0.008419
238.650454  0.008689
238.670453  0.008849
238.690452  0.008726
238.710452  0.008911
238.730451  0.008960
238.750450  0.008812
238.770449  0.009034
238.790448  0.008886
238.810448  0.008911
238.830447  0.008677
238.850446  0.008788
238.870445  0.008972
238.890444  0.009083
238.910444  0.009021
238.930443  0.008997
238.950442  0.009021
238.970441  0.008997
238.990440  0.008812
239.010440  0.009083
239.030439  0.009009
239.050438  0.008935
239.070437  0.008739
239.090436  0.008984
239.110436  0.008923
239.130435  0.008911
239.150434  0.008788
239.170433  0.008923
239.190432  0.008812
239.210432  0.008997
239.230431  0.008825
239.250430  0.008960
239.270429  0.008898
239.290428  0.009034
239.310428  0.008948
239.330427  0.009058
239.350426  0.008911
239.370425  0.008812
239.390424  0.008788
239.410424  0.008775
239.430423  0.008530
239.450422  0.008751
239.470421  0.008714
239.490420  0.008911
239.510420  0.008849
239.530419  0.008812
239.550418  0.008763
239.570417  0.008800
239.590416  0.008874
239.610416  0.009206
239.630415  0.008849
239.650414  0.009021
239.670413  0.008775
239.690412  0.008898
239.710412  0.008788
239.730411  0.008960
239.750410  0.009230
239.770409  0.008935
239.790408  0.008972
239.810408  0.008825
239.830407  0.008775
239.850406  0.009218
239.870405  0.008935
239.890404  0.008960
239.910404  0.008849
239.930403  0.008702
239.950402  0.008874
239.970401  0.008911
239.990400  0.008825
240.010400  0.009021
240.030399  0.008997
240.050398  0.008849
240.070397  0.009157
240.090396  0.009218
240.110396  0.008874
240.130395  0.009095
240.150394  0.009034
240.170393  0.008886
240.190392  0.008714
240.210392  0.008849
240.230391  0.008751
240.250390  0.008862
240.270389  0.008886
240.290388  0.009009
240.310388  0.008775
240.330387  0.008775
240.350386  0.008997
240.370385  0.008640
240.390384  0.008997
240.410384  0.009058
240.430383  0.009046
240.450382  0.008788
240.470381  0.008886
240.490380  0.008849
240.510380  0.008726
240.530379  0.008837
240.550378  0.009058
240.570377  0.009157
240.590376  0.009083
240.610376  0.008923
240.630375  0.009021
240.650374  0.009120
240.670373  0.008972
240.690372  0.008948
240.710372  0.008653
240.730371  0.009058
240.750370  0.008948
240.770369  0.009070
240.790368  0.009009
240.810368  0.008886
240.830367  0.009206
240.850366  0.009120
240.870365  0.008923
240.890364  0.008984
240.910364  0.008775
240.930363  0.009070
240.950362  0.008948
240.970361  0.009021
240.990360  0.008923
241.010360  0.009021
241.030359  0.008984
241.050358  0.008984
241.070357  0.009009
241.090356  0.009083
241.110356  0.008751
241.130355  0.009070
241.150354  0.008972
241.170353  0.009009
241.190352  0.008997
241.210352  0.009157
241.230351  0.009009
241.250350  0.008948
241.270349  0.009009
241.290348  0.009083
241.310348  0.008997
241.330347  0.008997
241.350346  0.008972
241.370345  0.008775
241.390344  0.009046
241.410344  0.009058
241.430343  0.009058
241.450342  0.009095
241.470341  0.008874
241.490340  0.008972
241.510340  0.008886
241.530339  0.008874
241.550338  0.009157
241.570337  0.008972
241.590336  0.008800
241.610336  0.008898
241.630335  0.008997
241.650334  0.009181
241.670333  0.009058
241.690332  0.008948
241.710332  0.009070
241.730331  0.009095
241.750330  0.008960
241.770329  0.008923
241.790328  0.009267
241.810328  0.008849
241.830327  0.008997
241.850326  0.009083
241.870325  0.009169
241.890324  0.009157
241.910324  0.008984
241.930323  0.008898
241.950322  0.009230
241.970321  0.009193
241.990320  0.008825
242.010320  0.009193
242.030319  0.009046
242.050318  0.009132
242.070317  0.009021
242.090316  0.009120
242.110316  0.009230
242.130315  0.009083
242.150314  0.008923
242.170313  0.009144
242.190312  0.009230
242.210312  0.008984
242.230311  0.009218
242.250310  0.009206
242.270309  0.008874
242.290308  0.009058
242.310308  0.008935
242.330307  0.008923
242.350306  0.009009
242.370305  0.008886
242.390304  0.009157
242.410304  0.009120
242.430303  0.009157
242.450302  0.009157
242.470301  0.009107
242.490300  0.009070
242.510300  0.009329
242.530299  0.009304
242.550298  0.009058
242.570297  0.009157
242.590296  0.008800
242.610296  0.009144
242.630295  0.009181
242.650294  0.009193
242.670293  0.008984
242.690292  0.009070
242.710292  0.009365
242.730291  0.008911
242.750290  0.009181
242.770289  0.009169
242.790288  0.009021
242.810288  0.008960
242.830287  0.009292
242.850286  0.009157
242.870285  0.009218
242.890284  0.009267
242.910284  0.009046
242.930283  0.009021
242.950282  0.009255
242.970281  0.009292
242.990280  0.009095
243.010280  0.009083
243.030279  0.009230
243.050278  0.009427
243.070277  0.009218
243.090276  0.009329
243.110276  0.009095
243.130275  0.008874
243.150274  0.008997
243.170273  0.009009
243.190272  0.008960
243.210272  0.009009
243.230271  0.008923
243.250270  0.009083
243.270269  0.009070
243.290268  0.009316
243.310268  0.009193
243.330267  0.009427
243.350266  0.009169
243.370265  0.009402
243.390264  0.009304
243.410264  0.009636
243.430263  0.009378
243.450262  0.009181
243.470261  0.009292
243.490260  0.009329
243.510260  0.009464
243.530259  0.009488
243.550258  0.009218
243.570257  0.009353
243.590256  0.009157
243.610256  0.009402
243.630255  0.009070
243.650254  0.009243
243.670253  0.009279
243.690252  0.009169
243.710252  0.009279
243.730251  0.009107
243.750250  0.009402
243.770249  0.009218
243.790248  0.009021
243.810248  0.009120
243.830247  0.009353
243.850246  0.009218
243.870245  0.009452
243.890244  0.009329
243.910244  0.009169
243.930243  0.009009
243.950242  0.009230
243.970241  0.009316
243.990240  0.009329
244.010240  0.009169
244.030239  0.009304
244.050238  0.009390
244.070237  0.009476
244.090236  0.009365
244.110236  0.009095
244.130235  0.009157
244.150234  0.009083
244.170233  0.009279
244.190232  0.009525
244.210232  0.009476
244.230231  0.009255
244.250230  0.009218
244.270229  0.009316
244.290228  0.009329
244.310228  0.009501
244.330227  0.009365
244.350226  0.009304
244.370225  0.009267
244.390224  0.009107
244.410224  0.009193
244.430223  0.009427
244.450222  0.009452
244.470221  0.009267
244.490220  0.009476
244.510220  0.009157
244.530219  0.009734
244.550218  0.009402
244.570217  0.009304
244.590216  0.009685
244.610216  0.009218
244.630215  0.009464
244.650214  0.009378
244.670213  0.009206
244.690212  0.009365
244.710212  0.009390
244.730211  0.009193
244.750210  0.009341
244.770209  0.009255
244.790208  0.009329
244.810208  0.009070
244.830207  0.009402
244.850206  0.009107
244.870205  0.009181
244.890204  0.009292
244.910204  0.009390
244.930203  0.009415
244.950202  0.009255
244.970201  0.009513
244.990200  0.009402
245.010200  0.009378
245.030199  0.009427
245.050198  0.009378
245.070197  0.009464
245.090196  0.009525
245.110196  0.009636
245.130195  0.009341
245.150194  0.009341
245.170193  0.009710
245.190192  0.009452
245.210192  0.009513
245.230191  0.009538
245.250190  0.009378
245.270189  0.009538
245.290188  0.009636
245.310188  0.009476
245.330187  0.009476
245.350186  0.009390
245.370185  0.009255
245.390184  0.009722
245.410184  0.009427
245.430183  0.009365
245.450182  0.009476
245.470181  0.009316
245.490180  0.009759
245.510180  0.009365
245.530179  0.009464
245.550178  0.009501
245.570177  0.009464
245.590176  0.009833
245.610176  0.009488
245.630175  0.009734
245.650174  0.009980
245.670173  0.009587
245.690172  0.009488
245.710172  0.009538
245.730171  0.009513
245.750170  0.009513
245.770169  0.009488
245.790168  0.009550
245.810168  0.009710
245.830167  0.009759
245.850166  0.009562
245.870165  0.009660
245.890164  0.009476
245.910164  0.009513
245.930163  0.009402
245.950162  0.009611
245.970161  0.009574
245.990160  0.009697
246.010160  0.009660
246.030159  0.009574
246.050158  0.009611
246.070157  0.009513
246.090156  0.009697
246.110156  0.009550
246.130155  0.009796
246.150154  0.009857
246.170153  0.009722
246.190152  0.009673
246.210152  0.009833
246.230151  0.009488
246.250150  0.009550
246.270149  0.009574
246.290148  0.009550
246.310148  0.009673
246.330147  0.009599
246.350146  0.009587
246.370145  0.009574
246.390144  0.009624
246.410144  0.009747
246.430143  0.009587
246.450142  0.009697
246.470141  0.009722
246.490140  0.009734
246.510140  0.009882
246.530139  0.009525
246.550138  0.009636
246.570137  0.009501
246.590136  0.009550
246.610136  0.009771
246.630135  0.009857
246.650134  0.009722
246.670133  0.009845
246.690132  0.009574
246.710132  0.009660
246.730131  0.009906
246.750130  0.009673
246.770129  0.009660
246.790128  0.009452
246.810128  0.009452
246.830127  0.009992
246.850126  0.009292
246.870125  0.009747
246.890124  0.009943
246.910124  0.009906
246.930123  0.009796
246.950122  0.009747
246.970121  0.009439
246.990120  0.010042
247.010120  0.009697
247.030119  0.009587
247.050118  0.009574
247.070117  0.009624
247.090116  0.009525
247.110116  0.009710
247.130115  0.009648
247.150114  0.009845
247.170113  0.009685
247.190112  0.009820
247.210112  0.009968
247.230111  0.009882
247.250110  0.009710
247.270109  0.009685
247.290108  0.009820
247.310108  0.009882
247.330107  0.009943
247.350106  0.009771
247.370105  0.009660
247.390104  0.009771
247.410104  0.009611
247.430103  0.009808
247.450102  0.009796
247.470101  0.009771
247.490100  0.009882
247.510100  0.009673
247.530099  0.009869
247.550098  0.009931
247.570097  0.009722
247.590096  0.009845
247.610096  0.009820
247.630095  0.009857
247.650094  0.009894
247.670093  0.009759
247.690092  0.009759
247.710092  0.009820
247.730091  0.009820
247.750090  0.009771
247.770089  0.009673
247.790088  0.009673
247.810088  0.009894
247.830087  0.009550
247.850086  0.009869
247.870085  0.009734
247.890084  0.009882
247.910084  0.009943
247.930083  0.009869
247.950082  0.009771
247.970081  0.009783
247.990080  0.009931
248.010080  0.009857
248.030079  0.009857
248.050078  0.009796
248.070077  0.010140
248.090076  0.009685
248.110076  0.009919
248.130075  0.009845
248.150074  0.009820
248.170073  0.010115
248.190072  0.009882
248.210072  0.009968
248.230071  0.010078
248.250070  0.009845
248.270069  0.009955
248.290068  0.009845
248.310068  0.009697
248.330067  0.010029
248.350066  0.009771
248.370065  0.009906
248.390064  0.009894
248.410064  0.009980
248.430063  0.009894
248.450062  0.009710
248.470061  0.009968
248.490060  0.010152
248.510060  0.009906
248.530059  0.010115
248.550058  0.010164
248.570057  0.010201
248.590056  0.009919
248.610056  0.009992
248.630055  0.009869
248.650054  0.009894
248.670053  0.010078
248.690052  0.010078
248.710052  0.009919
248.730051  0.009955
248.750050  0.009968
248.770049  0.009747
248.790048  0.010078
248.810048  0.010103
248.830047  0.010029
248.850046  0.010066
248.870045  0.009894
248.890044  0.010189
248.910044  0.010214
248.930043  0.009882
248.950042  0.009980
248.970041  0.010066
248.990040  0.009968
249.010040  0.010091
249.030039  0.010078
249.050038  0.009710
249.070037  0.010005
249.090036  0.009722
249.110036  0.010029
249.130035  0.009931
249.150034  0.009747
249.170033  0.009955
249.190032  0.009759
249.210032  0.010005
249.230031  0.010005
249.250030  0.009980
249.270029  0.009882
249.290028  0.010152
249.310028  0.010005
249.330027  0.009943
249.350026  0.010005
249.370025  0.010115
249.390024  0.010140
249.410024  0.009919
249.430023  0.010152
249.450022  0.009968
249.470021  0.010152
249.490020  0.010005
249.510020  0.010521
249.530019  0.010103
249.550018  0.010263
249.570017  0.010054
249.590016  0.009955
249.610016  0.010029
249.630015  0.009894
249.650014  0.010066
249.670013  0.010005
249.690012  0.009943
249.710012  0.010152
249.730011  0.010078
249.750010  0.010349
249.770009  0.009869
249.790008  0.010017
249.810008  0.009931
249.830007  0.009980
249.850006  0.010078
249.870005  0.010103
249.890004  0.010140
249.910004  0.010029
249.930003  0.010091
249.950002  0.010152
249.970001  0.009943
249.990000  0.010091
250.010000  0.010066
250.029999  0.009992
250.049998  0.010201
250.069997  0.010238
250.089996  0.010238
250.109996  0.010054
250.129995  0.010005
250.149994  0.010164
250.169993  0.010250
250.189992  0.010300
250.209992  0.010250
250.229991  0.010128
250.249990  0.010287
250.269989  0.010115
250.289988  0.010226
250.309988  0.010091
250.329987  0.010201
250.349986  0.010140
250.369985  0.009980
250.389984  0.010005
250.409984  0.010115
250.429983  0.010103
250.449982  0.010386
250.469981  0.010115
250.489980  0.010250
250.509980  0.010091
250.529979  0.010164
250.549978  0.009820
250.569977  0.010226
250.589976  0.010128
250.609976  0.010250
250.629975  0.010287
250.649974  0.009980
250.669973  0.010115
250.689972  0.010078
250.709972  0.010091
250.729971  0.010152
250.749970  0.010238
250.769969  0.009992
250.789968  0.010336
250.809968  0.009968
250.829967  0.010287
250.849966  0.010177
250.869965  0.010164
250.889964  0.010312
250.909964  0.010164
250.929963  0.009906
250.949962  0.009943
250.969961  0.010042
250.989960  0.010189
251.009960  0.009992
251.029959  0.010152
251.049958  0.010300
251.069957  0.010029
251.089956  0.010189
251.109956  0.010201
251.129955  0.010263
251.149954  0.010029
251.169953  0.009992
251.189952  0.010128
251.209952  0.010164
251.229951  0.010214
251.249950  0.010078
251.269949  0.010140
251.289948  0.010250
251.309948  0.010078
251.329947  0.010189
251.349946  0.010201
251.369945  0.010128
251.389944  0.010324
251.409944  0.010177
251.429943  0.010164
251.449942  0.010029
251.469941  0.010287
251.489940  0.010152
251.509940  0.010103
251.529939  0.010263
251.549938  0.010214
251.569937  0.009943
251.589936  0.010152
251.609936  0.010263
251.629935  0.010312
251.649934  0.010115
251.669933  0.010312
251.689932  0.010423
251.709932  0.010312
251.729931  0.010300
251.749930  0.010287
251.769929  0.010361
251.789928  0.010312
251.809928  0.010287
251.829927  0.010177
251.849926  0.010005
251.869925  0.010250
251.889924  0.009845
251.909924  0.010201
251.929923  0.010177
251.949922  0.010042
251.969921  0.010103
251.989920  0.010054
252.009920  0.010275
252.029919  0.010275
252.049918  0.010214
252.069917  0.010115
252.089916  0.010189
252.109916  0.010447
252.129915  0.010201
252.149914  0.010238
252.169913  0.010300
252.189912  0.010324
252.209912  0.009882
252.229911  0.010238
252.249910  0.010287
252.269909  0.010152
252.289908  0.010287
252.309908  0.010164
252.329907  0.010189
252.349906  0.010189
252.369905  0.010078
252.389904  0.010361
252.409904  0.010226
252.429903  0.010681
252.449902  0.010312
252.469901  0.010189
252.489900  0.010152
252.509900  0.010287
252.529899  0.010496
252.549898  0.010324
252.569897  0.010459
252.589896  0.010423
252.609896  0.010103
252.629895  0.010300
252.649894  0.010263
252.669893  0.010140
252.689892  0.010312
252.709892  0.010091
252.729891  0.010509
252.749890  0.010300
252.769889  0.010189
252.789888  0.010250
252.809888  0.010607
252.829887  0.010287
252.849886  0.010631
252.869885  0.010509
252.889884  0.010361
252.909884  0.010447
252.929883  0.010521
252.949882  0.010300
252.969881  0.010373
252.989880  0.010201
253.009880  0.010042
253.029879  0.010386
253.049878  0.010447
253.069877  0.010263
253.089876  0.010275
253.109876  0.010447
253.129875  0.010300
253.149874  0.010472
253.169873  0.010250
253.189872  0.010152
253.209872  0.010103
253.229871  0.010447
253.249870  0.010484
253.269869  0.010250
253.289868  0.010410
253.309868  0.010459
253.329867  0.010177
253.349866  0.010472
253.369865  0.010263
253.389864  0.010631
253.409864  0.010361
253.429863  0.010410
253.449862  0.010681
253.469861  0.010312
253.489860  0.010336
253.509860  0.010263
253.529859  0.010631
253.549858  0.010300
253.569857  0.010152
253.589856  0.010435
253.609856  0.010398
253.629855  0.010140
253.649854  0.010349
253.669853  0.010287
253.689852  0.010275
253.709852  0.010287
253.729851  0.010398
253.749850  0.010287
253.769849  0.010496
253.789848  0.010545
253.809848  0.010361
253.829847  0.010631
253.849846  0.010201
253.869845  0.010582
253.889844  0.010509
253.909844  0.010312
253.929843  0.010349
253.949842  0.010484
253.969841  0.010336
253.989840  0.010300
254.009840  0.010472
254.029839  0.010545
254.049838  0.010484
254.069837  0.010435
254.089836  0.010275
254.109836  0.010459
254.129835  0.010681
254.149834  0.010324
254.169833  0.010312
254.189832  0.010423
254.209832  0.010300
254.229831  0.010484
254.249830  0.010263
254.269829  0.010582
254.289828  0.010459
254.309828  0.010447
254.329827  0.010521
254.349826  0.010459
254.369825  0.010509
254.389824  0.010570
254.409824  0.010681
254.429823  0.010533
254.449822  0.010349
254.469821  0.010398
254.489820  0.010681
254.509820  0.010816
254.529819  0.010570
254.549818  0.010226
254.569817  0.010509
254.589816  0.010410
254.609816  0.010361
254.629815  0.010472
254.649814  0.010521
254.669813  0.010447
254.689812  0.010570
254.709812  0.010631
254.729811  0.010607
254.749810  0.010509
254.769809  0.010398
254.789808  0.010361
254.809808  0.010287
254.829807  0.010681
254.849806  0.010595
254.869805  0.010472
254.889804  0.010558
254.909804  0.010779
254.929803  0.010730
254.949802  0.010447
254.969801  0.010496
254.989800  0.010644
255.009800  0.010681
255.029799  0.010533
255.049798  0.010681
255.069797  0.010386
255.089796  0.010607
255.109796  0.010558
255.129795  0.010582
255.149794  0.010238
255.169793  0.010644
255.189792  0.010386
255.209792  0.010496
255.229791  0.010607
255.249790  0.010472
255.269789  0.010816
255.289788  0.010742
255.309788  0.010668
255.329787  0.010349
255.349786  0.010250
255.369785  0.010644
255.389784  0.010472
255.409784  0.010607
255.429783  0.010718
255.449782  0.010631
255.469781  0.010779
255.489780  0.010644
255.509780  0.010595
255.529779  0.010828
255.549778  0.010742
255.569777  0.010754
255.589776  0.010656
255.609776  0.010693
255.629775  0.010754
255.649774  0.010595
255.669773  0.010754
255.689772  0.010730
255.709772  0.010595
255.729771  0.010226
255.749770  0.010336
255.769769  0.010693
255.789768  0.010398
255.809768  0.010533
255.829767  0.010595
255.849766  0.010459
255.869765  0.010595
255.889764  0.010582
255.909764  0.010767
255.929763  0.010435
255.949762  0.010545
255.969761  0.010558
255.989760  0.010558
256.009760  0.010840
256.029759  0.010644
256.049758  0.010619
256.069757  0.010681
256.089756  0.010742
256.109756  0.010865
256.129755  0.010644
256.149754  0.010668
256.169753  0.010681
256.189752  0.010607
256.209752  0.010705
256.229751  0.010754
256.249750  0.010779
256.269749  0.010754
256.289748  0.010705
256.309748  0.010754
256.329747  0.010644
256.349746  0.010804
256.369745  0.010754
256.389744  0.010816
256.409744  0.010754
256.429743  0.010656
256.449742  0.010533
256.469741  0.010398
256.489740  0.010902
256.509740  0.010865
256.529739  0.010631
256.549738  0.010656
256.569737  0.010951
256.589736  0.010939
256.609736  0.010914
256.629735  0.010767
256.649734  0.010631
256.669733  0.010754
256.689732  0.010570
256.709732  0.010988
256.729731  0.010914
256.749730  0.010840
256.769729  0.010828
256.789728  0.010607
256.809728  0.010840
256.829727  0.010840
256.849726  0.010705
256.869725  0.010840
256.889724  0.010963
256.909724  0.010533
256.929723  0.011148
256.949722  0.010791
256.969721  0.010631
256.989720  0.010939
257.009720  0.010742
257.029719  0.010607
257.049718  0.010607
257.069717  0.010853
257.089716  0.010644
257.109716  0.010767
257.129715  0.010840
257.149714  0.011135
257.169713  0.010840
257.189712  0.010656
257.209712  0.011308
257.229711  0.010877
257.249710  0.010656
257.269709  0.010336
257.289708  0.010828
257.309708  0.010791
257.329707  0.010570
257.349706  0.010828
257.369705  0.010902
257.389704  0.010963
257.409704  0.011037
257.429703  0.010939
257.449702  0.010865
257.469701  0.010926
257.489700  0.010890
257.509700  0.010779
257.529699  0.010877
257.549698  0.010976
257.569697  0.010939
257.589696  0.010840
257.609696  0.010877
257.629695  0.011037
257.649694  0.010853
257.669693  0.010951
257.689692  0.010963
257.709692  0.010963
257.729691  0.010951
257.749690  0.010963
257.769689  0.010939
257.789688  0.010668
257.809688  0.011086
257.829687  0.010926
257.849686  0.010718
257.869685  0.010791
257.889684  0.010926
257.909684  0.010853
257.929683  0.010951
257.949682  0.010926
257.969681  0.010730
257.989680  0.011111
258.009680  0.010976
258.029679  0.011037
258.049678  0.010890
258.069677  0.010865
258.089676  0.010939
258.109676  0.010939
258.129675  0.010865
258.149674  0.010951
258.169673  0.011074
258.189672  0.011160
258.209672  0.011246
258.229671  0.010914
258.249670  0.011049
258.269669  0.011062
258.289668  0.010865
258.309668  0.010742
258.329667  0.010963
258.349666  0.010779
258.369665  0.011160
258.389664  0.010963
258.409664  0.011000
258.429663  0.010939
258.449662  0.011000
258.469661  0.010976
258.489660  0.011308
258.509660  0.010926
258.529659  0.010840
258.549658  0.010988
258.569657  0.010865
258.589656  0.011234
258.609656  0.011000
258.629655  0.011209
258.649654  0.010976
258.669653  0.010976
258.689652  0.010963
258.709652  0.011025
258.729651  0.011086
258.749650  0.011099
258.769649  0.011160
258.789648  0.010668
258.809648  0.011062
258.829647  0.011049
258.849646  0.010779
258.869645  0.011025
258.889644  0.011062
258.909644  0.010865
258.929643  0.010963
258.949642  0.010951
258.969641  0.010951
258.989640  0.010963
259.009640  0.010951
259.029639  0.011049
259.049638  0.010963
259.069637  0.011148
259.089636  0.010816
259.109636  0.011000
259.129635  0.011086
259.149634  0.011172
259.169633  0.011013
259.189632  0.011025
259.209632  0.010570
259.229631  0.011000
259.249630  0.011111
259.269629  0.011197
259.289628  0.011234
259.309628  0.011037
259.329627  0.010976
259.349626  0.011074
259.369625  0.011074
259.389624  0.010976
259.409624  0.011283
259.429623  0.011123
259.449622  0.011172
259.469621  0.011344
259.489620  0.010890
259.509620  0.011111
259.529619  0.011160
259.549618  0.011308
259.569617  0.010988
259.589616  0.011037
259.609616  0.011258
259.629615  0.011123
259.649614  0.011000
259.669613  0.010914
259.689612  0.011123
259.709612  0.011013
259.729611  0.010963
259.749610  0.010963
259.769609  0.011049
259.789608  0.011025
259.809608  0.011049
259.829607  0.011221
259.849606  0.011111
259.869605  0.011123
259.889604  0.011086
259.909604  0.011074
259.929603  0.011148
259.949602  0.011185
259.969601  0.011135
259.989600  0.011357
260.009600  0.011074
260.029599  0.011283
260.049598  0.011185
260.069597  0.010853
260.089596  0.011381
260.109596  0.011185
260.129595  0.011258
260.149594  0.011123
260.169593  0.011074
260.189592  0.010939
260.209592  0.011025
260.229591  0.010840
260.249590  0.011221
260.269589  0.011197
260.289588  0.011013
260.309588  0.011172
260.329587  0.011221
260.349586  0.011185
260.369585  0.011197
260.389584  0.011160
260.409584  0.011295
260.429583  0.011148
260.449582  0.011172
260.469581  0.011357
260.489580  0.011123
260.509580  0.011049
260.529579  0.011148
260.549578  0.011086
260.569577  0.011086
260.589576  0.011258
260.609576  0.010890
260.629575  0.011172
260.649574  0.011332
260.669573  0.011221
260.689572  0.011258
260.709572  0.011283
260.729571  0.011025
260.749570  0.011246
260.769569  0.011086
260.789568  0.011160
260.809568  0.011332
260.829567  0.011185
260.849566  0.011246
260.869565  0.011148
260.889564  0.011258
260.909564  0.011123
260.929563  0.011135
260.949562  0.011185
260.969561  0.011123
260.989560  0.011209
261.009560  0.011320
261.029559  0.011430
261.049558  0.011197
261.069557  0.011221
261.089556  0.011135
261.109556  0.011455
261.129555  0.011172
261.149554  0.011135
261.169553  0.011283
261.189552  0.011295
261.209552  0.011430
261.229551  0.011603
261.249550  0.011049
261.269549  0.011111
261.289548  0.011197
261.309548  0.011221
261.329547  0.011246
261.349546  0.011283
261.369545  0.011308
261.389544  0.011148
261.409544  0.011013
261.429543  0.011283
261.449542  0.011185
261.469541  0.011209
261.489540  0.011467
261.509540  0.011283
261.529539  0.011197
261.549538  0.011258
261.569537  0.011418
261.589536  0.011185
261.609536  0.011172
261.629535  0.011455
261.649534  0.011443
261.669533  0.011197
261.689532  0.011258
261.709532  0.011271
261.729531  0.011332
261.749530  0.011037
261.769529  0.011234
261.789528  0.011283
261.809528  0.011074
261.829527  0.011332
261.849526  0.011271
261.869525  0.011480
261.889524  0.011308
261.909524  0.011369
261.929523  0.011123
261.949522  0.011258
261.969521  0.011344
261.989520  0.011197
262.009520  0.011566
262.029519  0.011369
262.049518  0.011308
262.069517  0.011332
262.089516  0.011320
262.109516  0.011172
262.129515  0.011049
262.149514  0.010890
262.169513  0.011185
262.189512  0.011430
262.209512  0.011406
262.229511  0.011295
262.249510  0.011541
262.269509  0.011394
262.289508  0.011529
262.309508  0.011381
262.329507  0.011418
262.349506  0.011209
262.369505  0.011430
262.389504  0.011258
262.409504  0.011172
262.429503  0.011209
262.449502  0.011344
262.469501  0.011320
262.489500  0.011234
262.509500  0.011418
262.529499  0.011258
262.549498  0.011443
262.569497  0.011271
262.589496  0.011406
262.609496  0.011283
262.629495  0.011394
262.649494  0.011320
262.669493  0.011369
262.689492  0.011234
262.709492  0.011344
262.729491  0.011516
262.749490  0.011455
262.769489  0.011246
262.789488  0.011246
262.809488  0.011123
262.829487  0.011197
262.849486  0.011258
262.869485  0.011258
262.889484  0.011295
262.909484  0.011246
262.929483  0.011283
262.949482  0.011234
262.969481  0.011590
262.989480  0.011443
263.009480  0.011320
263.029479  0.011197
263.049478  0.011676
263.069477  0.011320
263.089476  0.011516
263.109476  0.011627
263.129475  0.011369
263.149474  0.011320
263.169473  0.011615
263.189472  0.011652
263.209472  0.011394
263.229471  0.011480
263.249470  0.011504
263.269469  0.011529
263.289468  0.011492
263.309468  0.011516
263.329467  0.011332
263.349466  0.011504
263.369465  0.011443
263.389464  0.011246
263.409464  0.011369
263.429463  0.011295
263.449462  0.011394
263.469461  0.011283
263.489460  0.011615
263.509460  0.011197
263.529459  0.011627
263.549458  0.011369
263.569457  0.011381
263.589456  0.011135
263.609456  0.011320
263.629455  0.011430
263.649454  0.011480
263.669453  0.011529
263.689452  0.011541
263.709452  0.011283
263.729451  0.011578
263.749450  0.011689
263.769449  0.011639
263.789448  0.011553
263.809448  0.011603
263.829447  0.011627
263.849446  0.011455
263.869445  0.011430
263.889444  0.011664
263.909444  0.011541
263.929443  0.011357
263.949442  0.011504
263.969441  0.011381
263.989440  0.011283
264.009440  0.011357
264.029439  0.011099
264.049438  0.011492
264.069437  0.011627
264.089436  0.011676
264.109436  0.011504
264.129435  0.011516
264.149434  0.011467
264.169433  0.011762
264.189432  0.011308
264.209432  0.011394
264.229431  0.011308
264.249430  0.011369
264.269429  0.011357
264.289428  0.011590
264.309428  0.011701
264.329427  0.011750
264.349426  0.011603
264.369425  0.011713
264.389424  0.011689
264.409424  0.011553
264.429423  0.011664
264.449422  0.011676
264.469421  0.011639
264.489420  0.011344
264.509420  0.011529
264.529419  0.011406
264.549418  0.011578
264.569417  0.011639
264.589416  0.011381
264.609416  0.011455
264.629415  0.011676
264.649414  0.011357
264.669413  0.011713
264.689412  0.011578
264.709412  0.011578
264.729411  0.011394
264.749410  0.011492
264.769409  0.011529
264.789408  0.011947
264.809408  0.011787
264.829407  0.011639
264.849406  0.012082
264.869405  0.011652
264.889404  0.011455
264.909404  0.011811
264.929403  0.011664
264.949402  0.011516
264.969401  0.011492
264.989400  0.011676
265.009400  0.011443
265.029399  0.011627
265.049398  0.011725
265.069397  0.011590
265.089396  0.011418
265.109396  0.011615
265.129395  0.011664
265.149394  0.011590
265.169393  0.011775
265.189392  0.011910
265.209392  0.011701
265.229391  0.011553
265.249390  0.011578
265.269389  0.011775
265.289388  0.011701
265.309388  0.011689
265.329387  0.011639
265.349386  0.011492
265.369385  0.011836
265.389384  0.011824
265.409384  0.011443
265.429383  0.011701
265.449382  0.011934
265.469381  0.011541
265.489380  0.011689
265.509380  0.011492
265.529379  0.011713
265.549378  0.011516
265.569377  0.011443
265.589376  0.011418
265.609376  0.011406
265.629375  0.011725
265.649374  0.011492
265.669373  0.011369
265.689372  0.011541
265.709372  0.011603
265.729371  0.011590
265.749370  0.011529
265.769369  0.011516
265.789368  0.011689
265.809368  0.011578
265.829367  0.011799
265.849366  0.011664
265.869365  0.011848
265.889364  0.011824
265.909364  0.011775
265.929363  0.011824
265.949362  0.012008
265.969361  0.011848
265.989360  0.011725
266.009360  0.011676
266.029359  0.011652
266.049358  0.011738
266.069357  0.011738
266.089356  0.011652
266.109356  0.011725
266.129355  0.011676
266.149354  0.011406
266.169353  0.011787
266.189352  0.011836
266.209352  0.011775
266.229351  0.011836
266.249350  0.011885
266.269349  0.011934
266.289348  0.011701
266.309348  0.011762
266.329347  0.011689
266.349346  0.011566
266.369345  0.011811
266.389344  0.011898
266.409344  0.011873
266.429343  0.011910
266.449342  0.011529
266.469341  0.011725
266.489340  0.011664
266.509340  0.011627
266.529339  0.011762
266.549338  0.011480
266.569337  0.012033
266.589336  0.012217
266.609336  0.011824
266.629335  0.011885
266.649334  0.011627
266.669333  0.011848
266.689332  0.012008
266.709332  0.011750
266.729331  0.011775
266.749330  0.011873
266.769329  0.011848
266.789328  0.011848
266.809328  0.012082
266.829327  0.012020
266.849326  0.011664
266.869325  0.011689
266.889324  0.011799
266.909324  0.011861
266.929323  0.011848
266.949322  0.011787
266.969321  0.011762
266.989320  0.011725
267.009320  0.011947
267.029319  0.011750
267.049318  0.011639
267.069317  0.011578
267.089316  0.011762
267.109316  0.011775
267.129315  0.011885
267.149314  0.011996
267.169313  0.011676
267.189312  0.011922
267.209312  0.011689
267.229311  0.011689
267.249310  0.011971
267.269309  0.012106
267.289308  0.011676
267.309308  0.011615
267.329307  0.011701
267.349306  0.011910
267.369305  0.011947
267.389304  0.011725
267.409304  0.011861
267.429303  0.011996
267.449302  0.011713
267.469301  0.011922
267.489300  0.011615
267.509300  0.011725
267.529299  0.011775
267.549298  0.011615
267.569297  0.011824
267.589296  0.011775
267.609296  0.011775
267.629295  0.011836
267.649294  0.011762
267.669293  0.011824
267.689292  0.011934
267.709292  0.011824
267.729291  0.011553
267.749290  0.011873
267.769289  0.011922
267.789288  0.011959
267.809288  0.011910
267.829287  0.011824
267.849286  0.011996
267.869285  0.011885
267.889284  0.011861
267.909284  0.011848
267.929283  0.012106
267.949282  0.011762
267.969281  0.011971
267.989280  0.011787
268.009280  0.011873
268.029279  0.011811
268.049278  0.011959
268.069277  0.012008
268.089276  0.011873
268.109276  0.011861
268.129275  0.011885
268.149274  0.011885
268.169273  0.011750
268.189272  0.011836
268.209272  0.012180
268.229271  0.011689
268.249270  0.012315
268.269269  0.011689
268.289268  0.012008
268.309268  0.011787
268.329267  0.011971
268.349266  0.011959
268.369265  0.011799
268.389264  0.011959
268.409264  0.012082
268.429263  0.012045
268.449262  0.011689
268.469261  0.011885
268.489260  0.011959
268.509260  0.012045
268.529259  0.012057
268.549258  0.012094
268.569257  0.011934
268.589256  0.012008
268.609256  0.011885
268.629255  0.011971
268.649254  0.011984
268.669253  0.011590
268.689252  0.011885
268.709252  0.012045
268.729251  0.011885
268.749250  0.011922
268.769249  0.011984
268.789248  0.011984
268.809248  0.011799
268.829247  0.011836
268.849246  0.011738
268.869245  0.011861
268.889244  0.011898
268.909244  0.011873
268.929243  0.011873
268.949242  0.011947
268.969241  0.011984
268.989240  0.011664
269.009240  0.011898
269.029239  0.011996
269.049238  0.012328
269.069237  0.011984
269.089236  0.011959
269.109236  0.012143
269.129235  0.012119
269.149234  0.012082
269.169233  0.012033
269.189232  0.011947
269.209232  0.011996
269.229231  0.011910
269.249230  0.012020
269.269229  0.011689
269.289228  0.011984
269.309228  0.011996
269.329227  0.011811
269.349226  0.012020
269.369225  0.011922
269.389224  0.011934
269.409224  0.011885
269.429223  0.012106
269.449222  0.011934
269.469221  0.012008
269.489220  0.011922
269.509220  0.012156
269.529219  0.011898
269.549218  0.011885
269.569217  0.012340
269.589216  0.011959
269.609216  0.011959
269.629215  0.012193
269.649214  0.012070
269.669213  0.012168
269.689212  0.012082
269.709212  0.011824
269.729211  0.011996
269.749210  0.011910
269.769209  0.011873
269.789208  0.012143
269.809208  0.012070
269.829207  0.012131
269.849206  0.012279
269.869205  0.011922
269.889204  0.012082
269.909204  0.012020
269.929203  0.012229
269.949202  0.011824
269.969201  0.012106
269.989200  0.012033
270.009200  0.011934
270.029199  0.011971
270.049198  0.012119
270.069197  0.012106
270.089196  0.011898
270.109196  0.012217
270.129195  0.012070
270.149194  0.011984
270.169193  0.012033
270.189192  0.012193
270.209192  0.012045
270.229191  0.012205
270.249190  0.012156
270.269189  0.011971
270.289188  0.012279
270.309188  0.012119
270.329187  0.012045
270.349186  0.012106
270.369185  0.012180
270.389184  0.011861
270.409184  0.012020
270.429183  0.012106
270.449182  0.012143
270.469181  0.012266
270.489180  0.012193
270.509180  0.012106
270.529179  0.012082
270.549178  0.012143
270.569177  0.012143
270.589176  0.012082
270.609176  0.011922
270.629175  0.012033
270.649174  0.012229
270.669173  0.012352
270.689172  0.012070
270.709172  0.011971
270.729171  0.011898
270.749170  0.012401
270.769169  0.012229
270.789168  0.012094
270.809168  0.012229
270.829167  0.012254
270.849166  0.012328
270.869165  0.012266
270.889164  0.012070
270.909164  0.012229
270.929163  0.012180
270.949162  0.012254
270.969161  0.011984
270.989160  0.012106
271.009160  0.012315
271.029159  0.012057
271.049158  0.012291
271.069157  0.011947
271.089156  0.011971
271.109156  0.012156
271.129155  0.012168
271.149154  0.012389
271.169153  0.012082
271.189152  0.012254
271.209152  0.012180
271.229151  0.012143
271.249150  0.012266
271.269149  0.012106
271.289148  0.012156
271.309148  0.012315
271.329147  0.012168
271.349146  0.012217
271.369145  0.012229
271.389144  0.012008
271.409144  0.012438
271.429143  0.012156
271.449142  0.011971
271.469141  0.012193
271.489140  0.012574
271.509140  0.012156
271.529139  0.012254
271.549138  0.012266
271.569137  0.012131
271.589136  0.012303
271.609136  0.012340
271.629135  0.012438
271.649134  0.012303
271.669133  0.011959
271.689132  0.012315
271.709132  0.012328
271.729131  0.012106
271.749130  0.012266
271.769129  0.012414
271.789128  0.012389
271.809128  0.012266
271.829127  0.012119
271.849126  0.012205
271.869125  0.012328
271.889124  0.012229
271.909124  0.012205
271.929123  0.012229
271.949122  0.012303
271.969121  0.012475
271.989120  0.012328
272.009120  0.012315
272.029119  0.012119
272.049118  0.012131
272.069117  0.012106
272.089116  0.012315
272.109116  0.012291
272.129115  0.012279
272.149114  0.012070
272.169113  0.012561
272.189112  0.012389
272.209112  0.012180
272.229111  0.012131
272.249110  0.012389
272.269109  0.012279
272.289108  0.012057
272.309108  0.012008
272.329107  0.012045
272.349106  0.012217
272.369105  0.012180
272.389104  0.012401
272.409104  0.012488
272.429103  0.012488
272.449102  0.012303
272.469101  0.012279
272.489100  0.012660
272.509100  0.012119
272.529099  0.012229
272.549098  0.011873
272.569097  0.012242
272.589096  0.012328
272.609096  0.012082
272.629095  0.012401
272.649094  0.012475
272.669093  0.012586
272.689092  0.012033
272.709092  0.012291
272.729091  0.012315
272.749090  0.012475
272.769089  0.012365
272.789088  0.012451
272.809088  0.012094
272.829087  0.012180
272.849086  0.012340
272.869085  0.012057
272.889084  0.012426
272.909084  0.012266
272.929083  0.012315
272.949082  0.012291
272.969081  0.012598
272.989080  0.012524
273.009080  0.012451
273.029079  0.012426
273.049078  0.012365
273.069077  0.012426
273.089076  0.012463
273.109076  0.012524
273.129075  0.012352
273.149074  0.012451
273.169073  0.012377
273.189072  0.012303
273.209072  0.012242
273.229071  0.012709
273.249070  0.012217
273.269069  0.012561
273.289068  0.012512
273.309068  0.012352
273.329067  0.012205
273.349066  0.012365
273.369065  0.012475
273.389064  0.012119
273.409064  0.012672
273.429063  0.012315
273.449062  0.012475
273.469061  0.012340
273.489060  0.012598
273.509060  0.012500
273.529059  0.012193
273.549058  0.012647
273.569057  0.012500
273.589056  0.012549
273.609056  0.012168
273.629055  0.012340
273.649054  0.012266
273.669053  0.012488
273.689052  0.012426
273.709052  0.012303
273.729051  0.012463
273.749050  0.012438
273.769049  0.012414
273.789048  0.012377
273.809048  0.012217
273.829047  0.012340
273.849046  0.012328
273.869045  0.012389
273.889044  0.012168
273.909044  0.012045
273.929043  0.012180
273.949042  0.012488
273.969041  0.012254
273.989040  0.012610
274.009040  0.012463
274.029039  0.012070
274.049038  0.012217
274.069037  0.012537
274.089036  0.012721
274.109036  0.012869
274.129035  0.012340
274.149034  0.012549
274.169033  0.012291
274.189032  0.012623
274.209032  0.012672
274.229031  0.012365
274.249030  0.012610
274.269029  0.012733
274.289028  0.012647
274.309028  0.012549
274.329027  0.012328
274.349026  0.012365
274.369025  0.012684
274.389024  0.012524
274.409024  0.012488
274.429023  0.012008
274.449022  0.012279
274.469021  0.012696
274.489020  0.012352
274.509020  0.012463
274.529019  0.012254
274.549018  0.012254
274.569017  0.012426
274.589016  0.012574
274.609016  0.012193
274.629015  0.012549
274.649014  0.012549
274.669013  0.012537
274.689012  0.012389
274.709012  0.012549
274.729011  0.012586
274.749010  0.012500
274.769009  0.012488
274.789008  0.012463
274.809008  0.012574
274.829007  0.012709
274.849006  0.012733
274.869005  0.012598
274.889004  0.012279
274.909004  0.012512
274.929003  0.012438
274.949002  0.012500
274.969001  0.012758
274.989000  0.012365
275.009000  0.012574
275.028999  0.012291
275.048998  0.012598
275.068997  0.012574
275.088996  0.012352
275.108996  0.012881
275.128995  0.012524
275.148994  0.012610
275.168993  0.012635
275.188992  0.012733
275.208992  0.012512
275.228991  0.012672
275.248990  0.012623
275.268989  0.012475
275.288988  0.012574
275.308988  0.012524
275.328987  0.012279
275.348986  0.012610
275.368985  0.012549
275.388984  0.012561
275.408984  0.012463
275.428983  0.013065
275.448982  0.012660
275.468981  0.012610
275.488980  0.012561
275.508980  0.012574
275.528979  0.012291
275.548978  0.012500
275.568977  0.012635
275.588976  0.012660
275.608976  0.012696
275.628975  0.012598
275.648974  0.012512
275.668973  0.012623
275.688972  0.012389
275.708972  0.012512
275.728971  0.012574
275.748970  0.012426
275.768969  0.012512
275.788968  0.012475
275.808968  0.012586
275.828967  0.012561
275.848966  0.012696
275.868965  0.012672
275.888964  0.012574
275.908964  0.012303
275.928963  0.012549
275.948962  0.012635
275.968961  0.012991
275.988960  0.012586
276.008960  0.012856
276.028959  0.012721
276.048958  0.012586
276.068957  0.012549
276.088956  0.012537
276.108956  0.012377
276.128955  0.012549
276.148954  0.012696
276.168953  0.012930
276.188952  0.012684
276.208952  0.012561
276.228951  0.012598
276.248950  0.012660
276.268949  0.012524
276.288948  0.012598
276.308948  0.012168
276.328947  0.012819
276.348946  0.012598
276.368945  0.012512
276.388944  0.012721
276.408944  0.012672
276.428943  0.012696
276.448942  0.012733
276.468941  0.012660
276.488940  0.012586
276.508940  0.012869
276.528939  0.012660
276.548938  0.012746
276.568937  0.012574
276.588936  0.012328
276.608936  0.012819
276.628935  0.012660
276.648934  0.012463
276.668933  0.012414
276.688932  0.012758
276.708932  0.012672
276.728931  0.012930
276.748930  0.012475
276.768929  0.012819
276.788928  0.012623
276.808928  0.012807
276.828927  0.012315
276.848926  0.012721
276.868925  0.012623
276.888924  0.012795
276.908924  0.012696
276.928923  0.012746
276.948922  0.012696
276.968921  0.012918
276.988920  0.012721
277.008920  0.012721
277.028919  0.012918
277.048918  0.012721
277.068917  0.012758
277.088916  0.012623
277.108916  0.012684
277.128915  0.012893
277.148914  0.012561
277.168913  0.013164
277.188912  0.012856
277.208912  0.012365
277.228911  0.012660
277.248910  0.012660
277.268909  0.012942
277.288908  0.012684
277.308908  0.012684
277.328907  0.012660
277.348906  0.012598
277.368905  0.012942
277.388904  0.012893
277.408904  0.012610
277.428903  0.012684
277.448902  0.012647
277.468901  0.012930
277.488900  0.012721
277.508900  0.012856
277.528899  0.012770
277.548898  0.012819
277.568897  0.012401
277.588896  0.012733
277.608896  0.012696
277.628895  0.012672
277.648894  0.012770
277.668893  0.012758
277.688892  0.012844
277.708892  0.012893
277.728891  0.012709
277.748890  0.012672
277.768889  0.012807
277.788888  0.012524
277.808888  0.012696
277.828887  0.012574
277.848886  0.013077
277.868885  0.012942
277.888884  0.012770
277.908884  0.012721
277.928883  0.013065
277.948882  0.012942
277.968881  0.012475
277.988880  0.012856
278.008880  0.012746
278.028879  0.012721
278.048878  0.012819
278.068877  0.012979
278.088876  0.012696
278.108876  0.012672
278.128875  0.012881
278.148874  0.012770
278.168873  0.012598
278.188872  0.012672
278.208872  0.012696
278.228871  0.012905
278.248870  0.012377
278.268869  0.012819
278.288868  0.012807
278.308868  0.012660
278.328867  0.012696
278.348866  0.012647
278.368865  0.012942
278.388864  0.013016
278.408864  0.012746
278.428863  0.012721
278.448862  0.012819
278.468861  0.012672
278.488860  0.012967
278.508860  0.012832
278.528859  0.012758
278.548858  0.013090
278.568857  0.012795
278.588856  0.012905
278.608856  0.012856
278.628855  0.013151
278.648854  0.012844
278.668853  0.012991
278.688852  0.012893
278.708852  0.012660
278.728851  0.012844
278.748850  0.012721
278.768849  0.012905
278.788848  0.012905
278.808848  0.012524
278.828847  0.012905
278.848846  0.012832
278.868845  0.012758
278.888844  0.012746
278.908844  0.013237
278.928843  0.012881
278.948842  0.012991
278.968841  0.012844
278.988840  0.012770
279.008840  0.013065
279.028839  0.012893
279.048838  0.012991
279.068837  0.012930
279.088836  0.012979
279.108836  0.012991
279.128835  0.012893
279.148834  0.013139
279.168833  0.012918
279.188832  0.012905
279.208832  0.012918
279.228831  0.012807
279.248830  0.013004
279.268829  0.012979
279.288828  0.012893
279.308828  0.013028
279.328827  0.013151
279.348826  0.013004
279.368825  0.012770
279.388824  0.013004
279.408824  0.013225
279.428823  0.012869
279.448822  0.012844
279.468821  0.012942
279.488820  0.013164
279.508820  0.013065
279.528819  0.012918
279.548818  0.012758
279.568817  0.012832
279.588816  0.013004
279.608816  0.012733
279.628815  0.012819
279.648814  0.012844
279.668813  0.012856
279.688812  0.013065
279.708812  0.012721
279.728811  0.012918
279.748810  0.012918
279.768809  0.012991
279.788808  0.013151
279.808808  0.013213
279.828807  0.012955
279.848806  0.013200
279.868805  0.012733
279.888804  0.012918
279.908804  0.013090
279.928803  0.013188
279.948802  0.012844
279.968801  0.012819
279.988800  0.012881
280.008800  0.012709
280.028799  0.012451
280.048798  0.012365
280.068797  0.012438
280.088796  0.012352
280.108796  0.012303
280.128795  0.012684
280.148794  0.012623
280.168793  0.012549
280.188792  0.012193
280.208792  0.012647
280.228791  0.012598
280.248790  0.012856
280.268789  0.012844
280.288788  0.012979
280.308788  0.012807
280.328787  0.012967
280.348786  0.013028
280.368785  0.012795
280.388784  0.013200
280.408784  0.013077
280.428783  0.013360
280.448782  0.013213
280.468781  0.013188
280.488780  0.013213
280.508780  0.012991
280.528779  0.013016
280.548778  0.013139
280.568777  0.013237
280.588776  0.013459
280.608776  0.013385
280.628775  0.013311
280.648774  0.013520
280.668773  0.013471
280.688772  0.013114
280.708772  0.013495
280.728771  0.013581
280.748770  0.013618
280.768769  0.013532
280.788768  0.013643
280.808768  0.013631
280.828767  0.013643
280.848766  0.013545
280.868765  0.013409
280.888764  0.013520
280.908764  0.013704
280.928763  0.013557
280.948762  0.013618
280.968761  0.013520
280.988760  0.013409
281.008760  0.013459
281.028759  0.013741
281.048758  0.013704
281.068757  0.013545
281.088756  0.013741
281.108756  0.013557
281.128755  0.013864
281.148754  0.013631
281.168753  0.013741
281.188752  0.013901
281.208752  0.013889
281.228751  0.013692
281.248750  0.013913
281.268749  0.013926
281.288748  0.014073
281.308748  0.013876
281.328747  0.013938
281.348746  0.013901
281.368745  0.013790
281.388744  0.013717
281.408744  0.013938
281.428743  0.013631
281.448742  0.013741
281.468741  0.013987
281.488740  0.013975
281.508740  0.014257
281.528739  0.013889
281.548738  0.014073
281.568737  0.014122
281.588736  0.014208
281.608736  0.014221
281.628735  0.013889
281.648734  0.014049
281.668733  0.014171
281.688732  0.014098
281.708732  0.013962
281.728731  0.014282
281.748730  0.014135
281.768729  0.013962
281.788728  0.014098
281.808728  0.014135
281.828727  0.014245
281.848726  0.014085
281.868725  0.013999
281.888724  0.014171
281.908724  0.014221
281.928723  0.014184
281.948722  0.014122
281.968721  0.014294
281.988720  0.014307
282.008720  0.014098
282.028719  0.014282
282.048718  0.014380
282.068717  0.014208
282.088716  0.014479
282.108716  0.014307
282.128715  0.014221
282.148714  0.014331
282.168713  0.014368
282.188712  0.014122
282.208712  0.014430
282.228711  0.014368
282.248710  0.014454
282.268709  0.014344
282.288708  0.014454
282.308708  0.014319
282.328707  0.014417
282.348706  0.014331
282.368705  0.014380
282.388704  0.014614
282.408704  0.014602
282.428703  0.014540
282.448702  0.014528
282.468701  0.014516
282.488700  0.014577
282.508700  0.014552
282.528699  0.014675
282.548698  0.014626
282.568697  0.014491
282.588696  0.014737
282.608696  0.014589
282.628695  0.014479
282.648694  0.014688
282.668693  0.014430
282.688692  0.014368
282.708692  0.014663
282.728691  0.014675
282.748690  0.014454
282.768689  0.014479
282.788688  0.014761
282.808688  0.014294
282.828687  0.014614
282.848686  0.014774
282.868685  0.014847
282.888684  0.014552
282.908684  0.014663
282.928683  0.014786
282.948682  0.014626
282.968681  0.014786
282.988680  0.014602
283.008680  0.014774
283.028679  0.014639
283.048678  0.014983
283.068677  0.014884
283.088676  0.015007
283.108676  0.014725
283.128675  0.014811
283.148674  0.014774
283.168673  0.014872
283.188672  0.014491
283.208672  0.014921
283.228671  0.014897
283.248670  0.014909
283.268669  0.014872
283.288668  0.014761
283.308668  0.014983
283.328667  0.014835
283.348666  0.014602
283.368665  0.014884
283.388664  0.015020
283.408664  0.014995
283.428663  0.014835
283.448662  0.014995
283.468661  0.014798
283.488660  0.014934
283.508660  0.014909
283.528659  0.014811
283.548658  0.015020
283.568657  0.015020
283.588656  0.014921
283.608656  0.015155
283.628655  0.015278
283.648654  0.015142
283.668653  0.015093
283.688652  0.014897
283.708652  0.015069
283.728651  0.015229
283.748650  0.014602
283.768649  0.014761
283.788648  0.014798
283.808648  0.014921
283.828647  0.014995
283.848646  0.015081
283.868645  0.014921
283.888644  0.015020
283.908644  0.014934
283.928643  0.015032
283.948642  0.015069
283.968641  0.015327
283.988640  0.015106
284.008640  0.015351
284.028639  0.015229
284.048638  0.015192
284.068637  0.015069
284.088636  0.015302
284.108636  0.015290
284.128635  0.015560
284.148634  0.015192
284.168633  0.015167
284.188632  0.015142
284.208632  0.015315
284.228631  0.015474
284.248630  0.015216
284.268629  0.015265
284.288628  0.015106
284.308628  0.015155
284.328627  0.015032
284.348626  0.015007
284.368625  0.015118
284.388624  0.015315
284.408624  0.015106
284.428623  0.015069
284.448622  0.015339
284.468621  0.015253
284.488620  0.015290
284.508620  0.015179
284.528619  0.015339
284.548618  0.015388
284.568617  0.015388
284.588616  0.015659
284.608616  0.015597
284.628615  0.015253
284.648614  0.015597
284.668613  0.015683
284.688612  0.015364
284.708612  0.015388
284.728611  0.015524
284.748610  0.015364
284.768609  0.015524
284.788608  0.015351
284.808608  0.015241
284.828607  0.015450
284.848606  0.015437
284.868605  0.015597
284.888604  0.015388
284.908604  0.015265
284.928603  0.015573
284.948602  0.015425
284.968601  0.015499
284.988600  0.015327
285.008600  0.015585
285.028599  0.015474
285.048598  0.015425
285.068597  0.015511
285.088596  0.015757
285.108596  0.015720
285.128595  0.015708
285.148594  0.015610
285.168593  0.015573
285.188592  0.015696
285.208592  0.015683
285.228591  0.015671
285.248590  0.015757
285.268589  0.015610
285.288588  0.015732
285.308588  0.015548
285.328587  0.015622
285.348586  0.015646
285.368585  0.015720
285.388584  0.015696
285.408584  0.015757
285.428583  0.015868
285.448582  0.015683
285.468581  0.015720
285.488580  0.015769
285.508580  0.015745
285.528579  0.015966
285.548578  0.015388
285.568577  0.015720
285.588576  0.016322
285.608576  0.015683
285.628575  0.015880
285.648574  0.015769
285.668573  0.015659
285.688572  0.016089
285.708572  0.015892
285.728571  0.015794
285.748570  0.015855
285.768569  0.015683
285.788568  0.015855
285.808568  0.015732
285.828567  0.015659
285.848566  0.015892
285.868565  0.015929
285.888564  0.015978
285.908564  0.015831
285.928563  0.015991
285.948562  0.015720
285.968561  0.015991
285.988560  0.015941
286.008560  0.015941
286.028559  0.015954
286.048558  0.015905
286.068557  0.015917
286.088556  0.016052
286.108556  0.016150
286.128555  0.016077
286.148554  0.015892
286.168553  0.016015
286.188552  0.016138
286.208552  0.016298
286.228551  0.016224
286.248550  0.016335
286.268549  0.015978
286.288548  0.016163
286.308548  0.016040
286.328547  0.016015
286.348546  0.016138
286.368545  0.016716
286.388544  0.016150
286.408544  0.015855
286.428543  0.016249
286.448542  0.016077
286.468541  0.016249
286.488540  0.016224
286.508540  0.016335
286.528539  0.016286
286.548538  0.015905
286.568537  0.016150
286.588536  0.016138
286.608536  0.016015
286.628535  0.015855
286.648534  0.016544
286.668533  0.016138
286.688532  0.016310
286.708532  0.016384
286.728531  0.016236
286.748530  0.016224
286.768529  0.016249
286.788528  0.016040
286.808528  0.016261
286.828527  0.016138
286.848526  0.016286
286.868525  0.016408
286.888524  0.016322
286.908524  0.016458
286.928523  0.016150
286.948522  0.016347
286.968521  0.016286
286.988520  0.016384
287.008520  0.016470
287.028519  0.016654
287.048518  0.016175
287.068517  0.016273
287.088516  0.016150
287.108516  0.016568
287.128515  0.016630
287.148514  0.016224
287.168513  0.016101
287.188512  0.016273
287.208512  0.016605
287.228511  0.016605
287.248510  0.016581
287.268509  0.016433
287.288508  0.016224
287.308508  0.016482
287.328507  0.016740
287.348506  0.016679
287.368505  0.016568
287.388504  0.016482
287.408504  0.016482
287.428503  0.016113
287.448502  0.016507
287.468501  0.016384
287.488500  0.016507
287.508500  0.016335
287.528499  0.016470
287.548498  0.016777
287.568497  0.016974
287.588496  0.016531
287.608496  0.016863
287.628495  0.017011
287.648494  0.016876
287.668493  0.016617
287.688492  0.016642
287.708492  0.016740
287.728491  0.016814
287.748490  0.016531
287.768489  0.016790
287.788488  0.016790
287.808488  0.016925
287.828487  0.016740
287.848486  0.016728
287.868485  0.016814
287.888484  0.016863
287.908484  0.016802
287.928483  0.016617
287.948482  0.016912
287.968481  0.016974
287.988480  0.016691
288.008480  0.016839
288.028479  0.016851
288.048478  0.016888
288.068477  0.017048
288.088476  0.017097
288.108476  0.016912
288.128475  0.016912
288.148474  0.016642
288.168473  0.016974
288.188472  0.016912
288.208472  0.017134
288.228471  0.017281
288.248470  0.017318
288.268469  0.017097
288.288468  0.016900
288.308468  0.017060
288.328467  0.017195
288.348466  0.017220
288.368465  0.017318
288.388464  0.017355
288.408464  0.017220
288.428463  0.016888
288.448462  0.017355
288.468461  0.017097
288.488460  0.017281
288.508460  0.017072
288.528459  0.017269
288.548458  0.017343
288.568457  0.017146
288.588456  0.017232
288.608456  0.017121
288.628455  0.017269
288.648454  0.017293
288.668453  0.017330
288.688452  0.017232
288.708452  0.017293
288.728451  0.017404
288.748450  0.017490
288.768449  0.017281
288.788448  0.017293
288.808448  0.017601
288.828447  0.017650
288.848446  0.017638
288.868445  0.017539
288.888444  0.017466
288.908444  0.017539
288.928443  0.017785
288.948442  0.017576
288.968441  0.017650
288.988440  0.017834
289.008440  0.017552
289.028439  0.017625
289.048438  0.017392
289.068437  0.017675
289.088436  0.017773
289.108436  0.017724
289.128435  0.017822
289.148434  0.017847
289.168433  0.017527
289.188432  0.017650
289.208432  0.017785
289.228431  0.017871
289.248430  0.017761
289.268429  0.017687
289.288428  0.017662
289.308428  0.017625
289.328427  0.017847
289.348426  0.017847
289.368425  0.017810
289.388424  0.017613
289.408424  0.017711
289.428423  0.017711
289.448422  0.018080
289.468421  0.017920
289.488420  0.018080
289.508420  0.018142
289.528419  0.017945
289.548418  0.017822
289.568417  0.017970
289.588416  0.017920
289.608416  0.018068
289.628415  0.018154
289.648414  0.018019
289.668413  0.017908
289.688412  0.018092
289.708412  0.018154
289.728411  0.018142
289.748410  0.018228
289.768409  0.017957
289.788408  0.018043
289.808408  0.018043
289.828407  0.018203
289.848406  0.017933
289.868405  0.018019
289.888404  0.018129
289.908404  0.018031
289.928403  0.018228
289.948402  0.018080
289.968401  0.018240
289.988400  0.018178
290.008400  0.018117
290.028399  0.018240
290.048398  0.018289
290.068397  0.018486
290.088396  0.018326
290.108396  0.018240
290.128395  0.018535
290.148394  0.018277
290.168393  0.018277
290.188392  0.018203
290.208392  0.018363
290.228391  0.018400
290.248390  0.018166
290.268389  0.018326
290.288388  0.018351
290.308388  0.018412
290.328387  0.018547
290.348386  0.018584
290.368385  0.018314
290.388384  0.018375
290.408384  0.018326
290.428383  0.018424
290.448382  0.018449
290.468381  0.018400
290.488380  0.018486
290.508380  0.018498
290.528379  0.018351
290.548378  0.018437
290.568377  0.018596
290.588376  0.018510
290.608376  0.018646
290.628375  0.018547
290.648374  0.018584
290.668373  0.018461
290.688372  0.018732
290.708372  0.018682
290.728371  0.018658
290.748370  0.018682
290.768369  0.018633
290.788368  0.018572
290.808368  0.018965
290.828367  0.018707
290.848366  0.018842
290.868365  0.018732
290.888364  0.018768
290.908364  0.018646
290.928363  0.018572
290.948362  0.018854
290.968361  0.018744
290.988360  0.018891
291.008360  0.018953
291.028359  0.018867
291.048358  0.019039
291.068357  0.018633
291.088356  0.018842
291.108356  0.018781
291.128355  0.018818
291.148354  0.018953
291.168353  0.018867
291.188352  0.018756
291.208352  0.018916
291.228351  0.018842
291.248350  0.018781
291.268349  0.018805
291.288348  0.019027
291.308348  0.018941
291.328347  0.019211
291.348346  0.019051
291.368345  0.018793
291.388344  0.019063
291.408344  0.018953
291.428343  0.018916
291.448342  0.018756
291.468341  0.019014
291.488340  0.018977
291.508340  0.019149
291.528339  0.019186
291.548338  0.019014
291.568337  0.019297
291.588336  0.019346
291.608336  0.019113
291.628335  0.019100
291.648334  0.019027
291.668333  0.019260
291.688332  0.019297
291.708332  0.019076
291.728331  0.019211
291.748330  0.019211
291.768329  0.019285
291.788328  0.019113
291.808328  0.019199
291.828327  0.019051
291.848326  0.019100
291.868325  0.019309
291.888324  0.019408
291.908324  0.019629
291.928323  0.019236
291.948322  0.019604
291.968321  0.019236
291.988320  0.019285
292.008320  0.019285
292.028319  0.019149
292.048318  0.019309
292.068317  0.019408
292.088316  0.019248
292.108316  0.019543
292.128315  0.019494
292.148314  0.019186
292.168313  0.019223
292.188312  0.019236
292.208312  0.019334
292.228311  0.019604
292.248310  0.019653
292.268309  0.019371
292.288308  0.019432
292.308308  0.019555
292.328307  0.019346
292.348306  0.019531
292.368305  0.019789
292.388304  0.019543
292.408304  0.019666
292.428303  0.019383
292.448302  0.019383
292.468301  0.019776
292.488300  0.019383
292.508300  0.019567
292.528299  0.019322
292.548298  0.019444
292.568297  0.019592
292.588296  0.019395
292.608296  0.019555
292.628295  0.019776
292.648294  0.019506
292.668293  0.019739
292.688292  0.019457
292.708292  0.019641
292.728291  0.019690
292.748290  0.019985
292.768289  0.019813
292.788288  0.019543
292.808288  0.019936
292.828287  0.019838
292.848286  0.019924
292.868285  0.020182
292.888284  0.019838
292.908284  0.019764
292.928283  0.020145
292.948282  0.019887
292.968281  0.019973
292.988280  0.020071
293.008280  0.019826
293.028279  0.019948
293.048278  0.019899
293.068277  0.019690
293.088276  0.019887
293.108276  0.019826
293.128275  0.020268
293.148274  0.019887
293.168273  0.020157
293.188272  0.019862
293.208272  0.019850
293.228271  0.019801
293.248270  0.019838
293.268269  0.020084
293.288268  0.020182
293.308268  0.020022
293.328267  0.019912
293.348266  0.020047
293.368265  0.019838
293.388264  0.019875
293.408264  0.020034
293.428263  0.020059
293.448262  0.020047
293.468261  0.020121
293.488260  0.020071
293.508260  0.019924
293.528259  0.020280
293.548258  0.020096
293.568257  0.020194
293.588256  0.019936
293.608256  0.020157
293.628255  0.020280
293.648254  0.020170
293.668253  0.020047
293.688252  0.020145
293.708252  0.020207
293.728251  0.019752
293.748250  0.020182
293.768249  0.019973
293.788248  0.020293
293.808248  0.020145
293.828247  0.020243
293.848246  0.020182
293.868245  0.020428
293.888244  0.020354
293.908244  0.020563
293.928243  0.020219
293.948242  0.020452
293.968241  0.020502
293.988240  0.020317
294.008240  0.020403
294.028239  0.020342
294.048238  0.020293
294.068237  0.020428
294.088236  0.020403
294.108236  0.020379
294.128235  0.020575
294.148234  0.020440
294.168233  0.020428
294.188232  0.020366
294.208232  0.020096
294.228231  0.020416
294.248230  0.020133
294.268229  0.020403
294.288228  0.020465
294.308228  0.020612
294.328227  0.020416
294.348226  0.020391
294.368225  0.020440
294.388224  0.020723
294.408224  0.020723
294.428223  0.020502
294.448222  0.020624
294.468221  0.020674
294.488220  0.020538
294.508220  0.020772
294.528219  0.020551
294.548218  0.020797
294.568217  0.020674
294.588216  0.020526
294.608216  0.020723
294.628215  0.020797
294.648214  0.020563
294.668213  0.020784
294.688212  0.020526
294.708212  0.020674
294.728211  0.020538
294.748210  0.020797
294.768209  0.020502
294.788208  0.020674
294.808208  0.020858
294.828207  0.020821
294.848206  0.020612
294.868205  0.020956
294.888204  0.020944
294.908204  0.020760
294.928203  0.020760
294.948202  0.020870
294.968201  0.020895
294.988200  0.020772
295.008200  0.021030
295.028199  0.021202
295.048198  0.020772
295.068197  0.020981
295.088196  0.020698
295.108196  0.020821
295.128195  0.021079
295.148194  0.021018
295.168193  0.020932
295.188192  0.021018
295.208192  0.020735
295.228191  0.020981
295.248190  0.021079
295.268189  0.020895
295.288188  0.020858
295.308188  0.021128
295.328187  0.021153
295.348186  0.020870
295.368185  0.020858
295.388184  0.021055
295.408184  0.020956
295.428183  0.021018
295.448182  0.021006
295.468181  0.021104
295.488180  0.020981
295.508180  0.021067
295.528179  0.021264
295.548178  0.020883
295.568177  0.021030
295.588176  0.021190
295.608176  0.021104
295.628175  0.021128
295.648174  0.021202
295.668173  0.021202
295.688172  0.021153
295.708172  0.021202
295.728171  0.021030
295.748170  0.021116
295.768169  0.021190
295.788168  0.021264
295.808168  0.020993
295.828167  0.020981
295.848166  0.021264
295.868165  0.021067
295.888164  0.021141
295.908164  0.021128
295.928163  0.021055
295.948162  0.021300
295.968161  0.021288
295.988160  0.021288
296.008160  0.021165
296.028159  0.021313
296.048158  0.021288
296.068157  0.021128
296.088156  0.021055
296.108156  0.021227
296.128155  0.021153
296.148154  0.021571
296.168153  0.021387
296.188152  0.021214
296.208152  0.021239
296.228151  0.021411
296.248150  0.021411
296.268149  0.021264
296.288148  0.021411
296.308148  0.021227
296.328147  0.021387
296.348146  0.021165
296.368145  0.021128
296.388144  0.021190
296.408144  0.021362
296.428143  0.021350
296.448142  0.021485
296.468141  0.021276
296.488140  0.021374
296.508140  0.021362
296.528139  0.021251
296.548138  0.021276
296.568137  0.021227
296.588136  0.021325
296.608136  0.021104
296.628135  0.021251
296.648134  0.021423
296.668133  0.021313
296.688132  0.021460
296.708132  0.021325
296.728131  0.021214
296.748130  0.021165
296.768129  0.021387
296.788128  0.021141
296.808128  0.021460
296.828127  0.021264
296.848126  0.021288
296.868125  0.021227
296.888124  0.021374
296.908124  0.021251
296.928123  0.021546
296.948122  0.021055
296.968121  0.021190
296.988120  0.021264
297.008120  0.021423
297.028119  0.021509
297.048118  0.021423
297.068117  0.021276
297.088116  0.021313
297.108116  0.021374
297.128115  0.021178
297.148114  0.021608
297.168113  0.021178
297.188112  0.021473
297.208112  0.021239
297.228111  0.021387
297.248110  0.021473
297.268109  0.021387
297.288108  0.021153
297.308108  0.021288
297.328107  0.021178
297.348106  0.021153
297.368105  0.021018
297.388104  0.021313
297.408104  0.021473
297.428103  0.021042
297.448102  0.021387
297.468101  0.021300
297.488100  0.021079
297.508100  0.021202
297.528099  0.021300
297.548098  0.021460
297.568097  0.021251
297.588096  0.021325
297.608096  0.021190
297.628095  0.021423
297.648094  0.021264
297.668093  0.021337
297.688092  0.021300
297.708092  0.021214
297.728091  0.021276
297.748090  0.021325
297.768089  0.021214
297.788088  0.021300
297.808088  0.021042
297.828087  0.021300
297.848086  0.021251
297.868085  0.021448
297.888084  0.021399
297.908084  0.021448
297.928083  0.021190
297.948082  0.021128
297.968081  0.021128
297.988080  0.021276
298.008080  0.021325
298.028079  0.021079
298.048078  0.021153
298.068077  0.021153
298.088076  0.020969
298.108076  0.021595
298.128075  0.020907
298.148074  0.021460
298.168073  0.021116
298.188072  0.021227
298.208072  0.021178
298.228071  0.021067
298.248070  0.021251
298.268069  0.021178
298.288068  0.021092
298.308068  0.021116
298.328067  0.021214
298.348066  0.021362
298.368065  0.021178
298.388064  0.021042
298.408064  0.021165
298.428063  0.021128
298.448062  0.021374
298.468061  0.021190
298.488060  0.021104
298.508060  0.021362
298.528059  0.021104
298.548058  0.021264
298.568057  0.021006
298.588056  0.021079
298.608056  0.021079
298.628055  0.021153
298.648054  0.021018
298.668053  0.021214
298.688052  0.021042
298.708052  0.021104
298.728051  0.021202
298.748050  0.021214
298.768049  0.021030
298.788048  0.021190
298.808048  0.021116
298.828047  0.021509
298.848046  0.021104
298.868045  0.021067
298.888044  0.021079
298.908044  0.021141
298.928043  0.021128
298.948042  0.021276
298.968041  0.021018
298.988040  0.021128
299.008040  0.021350
299.028039  0.021190
299.048038  0.021067
299.068037  0.021116
299.088036  0.021288
299.108036  0.021018
299.128035  0.021030
299.148034  0.021214
299.168033  0.021214
299.188032  0.021264
299.208032  0.021264
299.228031  0.021178
299.248030  0.021522
299.268029  0.020944
299.288028  0.021190
299.308028  0.021055
299.328027  0.021104
299.348026  0.021165
299.368025  0.021092
299.388024  0.021190
299.408024  0.020932
299.428023  0.021264
299.448022  0.021239
299.468021  0.021079
299.488020  0.021178
299.508020  0.021190
299.528019  0.021264
299.548018  0.021423
299.568017  0.021227
299.588016  0.021128
299.608016  0.021387
299.628015  0.021104
299.648014  0.021079
299.668013  0.021178
299.688012  0.021264
299.708012  0.021227
299.728011  0.021165
299.748010  0.021276
299.768009  0.021178
299.788008  0.021202
299.808008  0.021288
299.828007  0.021214
299.848006  0.021251
299.868005  0.021227
299.888004  0.021128
299.908004  0.021227
299.928003  0.021325
299.948002  0.021116
299.968001  0.020993
299.988000  0.021141
300.008000  0.021276
300.027999  0.021214
300.047998  0.021300
300.067997  0.021153
300.087996  0.021251
300.107996  0.021264
300.127995  0.021595
300.147994  0.021092
300.167993  0.021300
300.187992  0.021337
300.207992  0.021264
300.227991  0.021251
300.247990  0.021300
300.267989  0.021300
300.287988  0.021239
300.307988  0.021202
300.327987  0.021350
300.347986  0.021227
300.367985  0.021313
300.387984  0.021423
300.407984  0.021153
300.427983  0.021399
300.447982  0.021399
300.467981  0.021239
300.487980  0.021227
300.507980  0.021079
300.527979  0.021227
300.547978  0.021300
300.567977  0.021595
300.587976  0.021153
300.607976  0.021313
300.627975  0.021460
300.647974  0.021374
300.667973  0.021227
300.687972  0.021251
300.707972  0.021092
300.727971  0.021325
300.747970  0.021153
300.767969  0.021423
300.787968  0.021534
300.807968  0.021423
300.827967  0.021276
300.847966  0.021325
300.867965  0.021460
300.887964  0.021350
300.907964  0.021300
300.927963  0.021387
300.947962  0.021473
300.967961  0.021276
300.987960  0.021448
301.007960  0.021300
301.027959  0.021288
301.047958  0.021497
301.067957  0.021362
301.087956  0.021522
301.107956  0.021362
301.127955  0.021030
301.147954  0.021448
301.167953  0.021534
301.187952  0.021718
301.207952  0.021423
301.227951  0.021325
301.247950  0.021473
301.267949  0.021399
301.287948  0.021706
301.307948  0.021448
301.327947  0.021473
301.347946  0.021595
301.367945  0.021337
301.387944  0.021645
301.407944  0.021608
301.427943  0.021595
301.447942  0.021595
301.467941  0.021387
301.487940  0.021190
301.507940  0.021313
301.527939  0.021411
301.547938  0.021534
301.567937  0.021546
301.587936  0.021497
301.607936  0.021571
301.627935  0.021817
301.647934  0.021522
301.667933  0.021620
301.687932  0.021411
301.707932  0.021350
301.727931  0.021509
301.747930  0.021608
301.767929  0.021940
301.787928  0.021755
301.807928  0.021731
301.827927  0.021620
301.847926  0.021227
301.867925  0.021632
301.887924  0.021546
301.907924  0.021436
301.927923  0.021645
301.947922  0.021632
301.967921  0.021571
301.987920  0.021485
302.007920  0.021743
302.027919  0.021706
302.047918  0.021325
302.067917  0.021583
302.087916  0.021534
302.107916  0.021546
302.127915  0.021595
302.147914  0.021694
302.167913  0.021522
302.187912  0.021817
302.207912  0.021509
302.227911  0.021509
302.247910  0.021903
302.267909  0.021743
302.287908  0.021866
302.307908  0.021718
302.327907  0.021473
302.347906  0.021829
302.367905  0.021682
302.387904  0.021940
302.407904  0.021694
302.427903  0.021620
302.447902  0.021964
302.467901  0.021620
302.487900  0.021903
302.507900  0.021755
302.527899  0.021989
302.547898  0.021731
302.567897  0.021878
302.587896  0.021952
302.607896  0.021718
302.627895  0.021694
302.647894  0.021977
302.667893  0.021669
302.687892  0.021829
302.707892  0.021927
302.727891  0.021768
302.747890  0.021927
302.767889  0.021841
302.787888  0.021841
302.807888  0.021854
302.827887  0.021743
302.847886  0.021780
302.867885  0.021768
302.887884  0.021952
302.907884  0.021780
302.927883  0.021817
302.947882  0.022087
302.967881  0.021903
302.987880  0.021755
303.007880  0.021854
303.027879  0.021829
303.047878  0.021694
303.067877  0.021632
303.087876  0.021977
303.107876  0.021878
303.127875  0.021878
303.147874  0.021903
303.167873  0.021878
303.187872  0.021718
303.207872  0.022075
303.227871  0.021878
303.247870  0.021964
303.267869  0.022185
303.287868  0.021927
303.307868  0.022222
303.327867  0.022124
303.347866  0.022161
303.367865  0.022235
303.387864  0.021989
303.407864  0.021940
303.427863  0.022358
303.447862  0.022099
303.467861  0.021989
303.487860  0.022136
303.507860  0.021977
303.527859  0.022063
303.547858  0.022308
303.567857  0.021792
303.587856  0.021878
303.607856  0.022136
303.627855  0.021890
303.647854  0.021915
303.667853  0.021989
303.687852  0.022296
303.707852  0.022001
303.727851  0.021989
303.747850  0.022136
303.767849  0.021977
303.787848  0.022653
303.807848  0.022038
303.827847  0.022075
303.847846  0.022456
303.867845  0.022038
303.887844  0.022038
303.907844  0.022210
303.927843  0.022087
303.947842  0.022136
303.967841  0.021866
303.987840  0.022149
304.007840  0.022136
304.027839  0.022099
304.047838  0.022161
304.067837  0.022419
304.087836  0.022284
304.107836  0.022112
304.127835  0.022136
304.147834  0.022235
304.167833  0.022321
304.187832  0.022394
304.207832  0.022198
304.227831  0.022382
304.247830  0.022063
304.267829  0.022308
304.287828  0.022149
304.307828  0.022308
304.327827  0.022579
304.347826  0.022149
304.367825  0.022493
304.387824  0.022222
304.407824  0.022345
304.427823  0.022112
304.447822  0.022370
304.467821  0.022419
304.487820  0.022431
304.507820  0.022333
304.527819  0.022517
304.547818  0.022345
304.567817  0.022259
304.587816  0.022370
304.607816  0.022198
304.627815  0.022136
304.647814  0.022431
304.667813  0.022247
304.687812  0.022099
304.707812  0.022308
304.727811  0.022272
304.747810  0.022235
304.767809  0.022382
304.787808  0.022407
304.807808  0.022394
304.827807  0.022419
304.847806  0.022161
304.867805  0.022382
304.887804  0.022358
304.907804  0.022468
304.927803  0.022677
304.947802  0.022480
304.967801  0.022554
304.987800  0.022493
305.007800  0.022431
305.027799  0.022530
305.047798  0.023034
305.067797  0.022456
305.087796  0.022456
305.107796  0.022333
305.127795  0.022407
305.147794  0.022480
305.167793  0.022444
305.187792  0.022185
305.207792  0.022333
305.227791  0.022198
305.247790  0.022333
305.267789  0.022185
305.287788  0.022259
305.307788  0.022247
305.327787  0.022542
305.347786  0.022444
305.367785  0.022640
305.387784  0.022210
305.407784  0.022689
305.427783  0.022567
305.447782  0.022468
305.467781  0.022542
305.487780  0.022874
305.507780  0.022702
305.527779  0.022677
305.547778  0.022517
305.567777  0.022775
305.587776  0.022653
305.607776  0.022542
305.627775  0.022788
305.647774  0.022603
305.667773  0.023034
305.687772  0.022591
305.707772  0.022726
305.727771  0.022788
305.747770  0.022554
305.767769  0.022493
305.787768  0.022726
305.807768  0.022763
305.827767  0.022775
305.847766  0.022530
305.867765  0.022591
305.887764  0.022775
305.907764  0.022554
305.927763  0.022812
305.947762  0.022653
305.967761  0.022702
305.987760  0.022677
306.007760  0.022542
306.027759  0.022591
306.047758  0.022763
306.067757  0.022874
306.087756  0.022567
306.107756  0.022775
306.127755  0.022677
306.147754  0.022923
306.167753  0.022677
306.187752  0.022751
306.207752  0.022849
306.227751  0.022825
306.247750  0.022726
306.267749  0.022616
306.287748  0.022788
306.307748  0.022628
306.327747  0.022640
306.347746  0.022702
306.367745  0.022640
306.387744  0.022775
306.407744  0.023083
306.427743  0.022849
306.447742  0.022997
306.467741  0.022640
306.487740  0.022862
306.507740  0.022825
306.527739  0.022800
306.547738  0.022837
306.567737  0.022825
306.587736  0.022800
306.607736  0.022800
306.627735  0.022726
306.647734  0.022689
306.667733  0.022775
306.687732  0.022849
306.707732  0.022997
306.727731  0.022849
306.747730  0.022677
306.767729  0.022653
306.787728  0.022862
306.807728  0.022653
306.827727  0.022616
306.847726  0.022800
306.867725  0.022542
306.887724  0.023021
306.907724  0.023070
306.927723  0.023107
306.947722  0.022763
306.967721  0.022800
306.987720  0.022788
307.007720  0.022763
307.027719  0.023132
307.047718  0.023021
307.067717  0.022862
307.087716  0.022849
307.107716  0.022972
307.127715  0.022960
307.147714  0.022837
307.167713  0.022874
307.187712  0.022935
307.207712  0.022886
307.227711  0.023058
307.247710  0.022898
307.267709  0.023132
307.287708  0.022849
307.307708  0.022997
307.327707  0.022849
307.347706  0.022886
307.367705  0.022702
307.387704  0.022935
307.407704  0.023070
307.427703  0.022984
307.447702  0.023058
307.467701  0.023034
307.487700  0.023058
307.507700  0.023046
307.527699  0.023181
307.547698  0.023181
307.567697  0.022812
307.587696  0.023157
307.607696  0.023132
307.627695  0.023341
307.647694  0.022898
307.667693  0.023132
307.687692  0.023378
307.707692  0.023316
307.727691  0.022984
307.747690  0.022837
307.767689  0.022972
307.787688  0.023218
307.807688  0.022886
307.827687  0.023169
307.847686  0.023243
307.867685  0.022984
307.887684  0.023267
307.907684  0.023107
307.927683  0.023070
307.947682  0.023058
307.967681  0.022984
307.987680  0.023083
308.007680  0.022874
308.027679  0.023132
308.047678  0.023070
308.067677  0.023181
308.087676  0.023034
308.107676  0.023034
308.127675  0.023058
308.147674  0.023107
308.167673  0.023169
308.187672  0.023157
308.207672  0.023267
308.227671  0.023267
308.247670  0.023267
308.267669  0.022972
308.287668  0.023206
308.307668  0.023046
308.327667  0.023132
308.347666  0.022800
308.367665  0.023230
308.387664  0.023611
308.407664  0.022788
308.427663  0.023021
308.447662  0.023353
308.467661  0.022935
308.487660  0.023243
308.507660  0.023230
308.527659  0.023562
308.547658  0.023157
308.567657  0.023402
308.587656  0.023046
308.607656  0.023058
308.627655  0.023206
308.647654  0.023230
308.667653  0.023206
308.687652  0.023292
308.707652  0.023341
308.727651  0.023353
308.747650  0.023218
308.767649  0.023365
308.787648  0.023341
308.807648  0.023157
308.827647  0.023107
308.847646  0.023107
308.867645  0.023378
308.887644  0.023365
308.907644  0.023267
308.927643  0.023243
308.947642  0.023046
308.967641  0.023353
308.987640  0.023218
309.007640  0.023390
309.027639  0.023378
309.047638  0.023120
309.067637  0.023169
309.087636  0.023144
309.107636  0.023193
309.127635  0.023525
309.147634  0.023452
309.167633  0.023255
309.187632  0.023181
309.207632  0.023378
309.227631  0.023574
309.247630  0.023267
309.267629  0.023193
309.287628  0.023476
309.307628  0.023353
309.327627  0.023562
309.347626  0.023402
309.367625  0.023230
309.387624  0.023439
309.407624  0.023218
309.427623  0.023279
309.447622  0.023316
309.467621  0.023378
309.487620  0.023538
309.507620  0.023439
309.527619  0.023562
309.547618  0.023378
309.567617  0.023476
309.587616  0.023550
309.607616  0.023464
309.627615  0.023415
309.647614  0.023279
309.667613  0.023341
309.687612  0.023611
309.707612  0.023636
309.727611  0.023378
309.747610  0.023427
309.767609  0.023562
309.787608  0.023439
309.807608  0.023365
309.827607  0.023796
309.847606  0.023365
309.867605  0.023525
309.887604  0.023193
309.907604  0.023304
309.927603  0.023452
309.947602  0.023513
309.967601  0.023378
309.987600  0.023390
310.007600  0.023439
310.027599  0.023243
310.047598  0.023562
310.067597  0.023587
310.087596  0.023243
310.107596  0.023574
310.127595  0.023341
310.147594  0.023452
310.167593  0.023783
310.187592  0.023488
310.207592  0.023464
310.227591  0.023292
310.247590  0.023710
310.267589  0.023488
310.287588  0.023009
310.307588  0.023562
310.327587  0.023722
310.347586  0.023329
310.367585  0.023574
310.387584  0.023513
310.407584  0.023476
310.427583  0.023587
310.447582  0.023624
310.467581  0.023378
310.487580  0.023562
310.507580  0.023648
310.527579  0.023783
310.547578  0.023574
310.567577  0.023660
310.587576  0.023660
310.607576  0.023439
310.627575  0.023550
310.647574  0.023648
310.667573  0.023660
310.687572  0.023550
310.707572  0.023771
310.727571  0.023611
310.747570  0.023648
310.767569  0.023685
310.787568  0.023722
310.807568  0.023501
310.827567  0.023673
310.847566  0.023673
310.867565  0.023660
310.887564  0.023747
310.907564  0.023710
310.927563  0.023562
310.947562  0.023685
310.967561  0.023525
310.987560  0.023882
311.007560  0.023722
311.027559  0.023624
311.047558  0.023599
311.067557  0.023734
311.087556  0.023660
311.107556  0.023955
311.127555  0.023734
311.147554  0.023452
311.167553  0.023771
311.187552  0.023882
311.207552  0.023710
311.227551  0.023919
311.247550  0.023476
311.267549  0.023685
311.287548  0.023636
311.307548  0.023796
311.327547  0.023722
311.347546  0.023747
311.367545  0.023992
311.387544  0.024017
311.407544  0.023747
311.427543  0.023660
311.447542  0.023845
311.467541  0.023820
311.487540  0.023833
311.507540  0.023955
311.527539  0.023857
311.547538  0.023771
311.567537  0.023869
311.587536  0.023857
311.607536  0.023771
311.627535  0.023808
311.647534  0.023955
311.667533  0.023771
311.687532  0.023783
311.707532  0.023992
311.727531  0.023660
311.747530  0.023968
311.767529  0.023759
311.787528  0.023968
311.807528  0.023906
311.827527  0.023660
311.847526  0.023697
311.867525  0.023710
311.887524  0.023771
311.907524  0.023955
311.927523  0.023857
311.947522  0.023697
311.967521  0.023833
311.987520  0.024005
312.007520  0.023833
312.027519  0.023820
312.047518  0.024361
312.067517  0.024029
312.087516  0.023833
312.107516  0.023538
312.127515  0.023869
312.147514  0.023759
312.167513  0.024078
312.187512  0.023882
312.207512  0.023919
312.227511  0.024078
312.247510  0.023943
312.267509  0.023980
312.287508  0.023660
312.307508  0.024091
312.327507  0.023980
312.347506  0.023660
312.367505  0.023992
312.387504  0.023906
312.407504  0.024005
312.427503  0.023882
312.447502  0.023931
312.467501  0.024066
312.487500  0.024066
312.507500  0.024005
312.527499  0.023882
312.547498  0.023980
312.567497  0.024091
312.587497  0.024152
312.607496  0.024005
312.627495  0.023869
312.647494  0.023869
312.667493  0.023980
312.687493  0.024152
312.707492  0.024152
312.727491  0.023980
312.747490  0.023501
312.767489  0.024017
312.787489  0.024177
312.807488  0.023882
312.827487  0.024078
312.847486  0.023968
312.867485  0.023857
312.887485  0.024029
312.907484  0.024041
312.927483  0.024091
312.947482  0.024214
312.967481  0.023955
312.987481  0.024103
313.007480  0.024005
313.027479  0.023992
313.047478  0.024128
313.067477  0.024066
313.087477  0.023845
313.107476  0.024177
313.127475  0.024201
313.147474  0.024152
313.167473  0.024386
313.187473  0.024214
313.207472  0.024349
313.227471  0.024287
313.247470  0.024201
313.267469  0.024226
313.287469  0.024078
313.307468  0.024164
313.327467  0.024164
313.347466  0.023906
313.367465  0.024226
313.387465  0.024398
313.407464  0.023955
313.427463  0.023955
313.447462  0.024103
313.467461  0.024078
313.487461  0.024041
313.507460  0.024066
313.527459  0.024177
313.547458  0.024041
313.567457  0.023980
313.587457  0.024201
313.607456  0.023906
313.627455  0.024275
313.647454  0.023968
313.667453  0.024029
313.687453  0.024189
313.707452  0.024152
313.727451  0.024152
313.747450  0.024140
313.767449  0.024287
313.787449  0.023931
313.807448  0.024361
313.827447  0.024140
313.847446  0.023943
313.867445  0.024250
313.887445  0.024312
313.907444  0.024164
313.927443  0.024250
313.947442  0.024103
313.967441  0.024140
313.987441  0.024091
314.007440  0.024238
314.027439  0.024226
314.047438  0.024177
314.067437  0.024164
314.087437  0.024300
314.107436  0.023808
314.127435  0.024177
314.147434  0.024484
314.167433  0.024214
314.187433  0.024164
314.207432  0.024336
314.227431  0.024361
314.247430  0.024140
314.267429  0.024263
314.287429  0.024238
314.307428  0.024128
314.327427  0.024041
314.347426  0.024275
314.367425  0.024423
314.387425  0.024164
314.407424  0.024373
314.427423  0.024214
314.447422  0.024250
314.467421  0.024140
314.487421  0.023943
314.507420  0.024164
314.527419  0.024152
314.547418  0.024238
314.567417  0.024177
314.587417  0.024226
314.607416  0.024349
314.627415  0.024459
314.647414  0.024336
314.667413  0.024177
314.687413  0.024164
314.707412  0.024349
314.727411  0.024435
314.747410  0.024312
314.767409  0.024447
314.787409  0.024423
314.807408  0.024668
314.827407  0.024349
314.847406  0.024386
314.867405  0.024312
314.887405  0.024521
314.907404  0.024201
314.927403  0.024398
314.947402  0.024398
314.967401  0.024336
314.987401  0.024312
315.007400  0.024300
315.027399  0.024250
315.047398  0.024226
315.067397  0.024312
315.087397  0.024361
315.107396  0.024066
315.127395  0.024250
315.147394  0.024435
315.167393  0.024423
315.187393  0.024214
315.207392  0.024275
315.227391  0.024386
315.247390  0.024595
315.267389  0.024386
315.287389  0.024275
315.307388  0.024398
315.327387  0.024361
315.347386  0.024472
315.367385  0.024435
315.387385  0.024349
315.407384  0.024619
315.427383  0.024533
315.447382  0.024545
315.467381  0.024447
315.487381  0.024386
315.507380  0.024484
315.527379  0.024595
315.547378  0.024386
315.567377  0.024668
315.587377  0.024644
315.607376  0.024447
315.627375  0.024349
315.647374  0.024435
315.667373  0.024324
315.687373  0.024361
315.707372  0.024324
315.727371  0.024619
315.747370  0.024398
315.767369  0.024496
315.787369  0.024386
315.807368  0.024373
315.827367  0.024410
315.847366  0.024386
315.867365  0.024521
315.887365  0.024570
315.907364  0.024398
315.927363  0.024619
315.947362  0.024484
315.967361  0.024521
315.987361  0.024595
316.007360  0.024558
316.027359  0.024459
316.047358  0.024459
316.067357  0.024349
316.087357  0.024472
316.107356  0.024238
316.127355  0.024447
316.147354  0.024718
316.167353  0.024214
316.187353  0.024459
316.207352  0.024607
316.227351  0.024619
316.247350  0.024533
316.267349  0.024509
316.287349  0.024607
316.307348  0.024533
316.327347  0.024509
316.347346  0.024681
316.367345  0.024681
316.387345  0.024509
316.407344  0.024656
316.427343  0.024644
316.447342  0.024545
316.467341  0.024656
316.487341  0.024742
316.507340  0.024754
316.527339  0.024582
316.547338  0.024668
316.567337  0.024410
316.587337  0.024300
316.607336  0.024509
316.627335  0.024791
316.647334  0.024484
316.667333  0.024681
316.687333  0.024509
316.707332  0.024521
316.727331  0.024718
316.747330  0.024595
316.767329  0.024361
316.787329  0.024668
316.807328  0.024693
316.827327  0.024767
316.847326  0.024607
316.867325  0.024361
316.887325  0.024668
316.907324  0.024349
316.927323  0.024705
316.947322  0.024804
316.967321  0.024693
316.987321  0.024804
317.007320  0.024791
317.027319  0.024570
317.047318  0.024693
317.067317  0.024816
317.087317  0.024804
317.107316  0.024521
317.127315  0.024521
317.147314  0.024472
317.167313  0.024681
317.187313  0.024595
317.207312  0.024545
317.227311  0.024619
317.247310  0.024644
317.267309  0.024791
317.287309  0.024631
317.307308  0.024767
317.327307  0.024730
317.347306  0.024545
317.367305  0.024791
317.387305  0.024619
317.407304  0.024509
317.427303  0.024828
317.447302  0.024619
317.467301  0.024791
317.487301  0.024644
317.507300  0.024730
317.527299  0.024840
317.547298  0.024496
317.567297  0.024668
317.587297  0.024521
317.607296  0.024459
317.627295  0.024631
317.647294  0.024828
317.667293  0.024767
317.687293  0.024509
317.707292  0.024619
317.727291  0.024644
317.747290  0.024533
317.767289  0.024718
317.787289  0.024779
317.807288  0.024718
317.827287  0.024754
317.847286  0.024890
317.867285  0.024631
317.887285  0.024742
317.907284  0.024631
317.927283  0.024951
317.947282  0.024644
317.967281  0.024619
317.987281  0.024816
318.007280  0.024631
318.027279  0.024804
318.047278  0.024644
318.067277  0.024730
318.087277  0.024681
318.107276  0.024705
318.127275  0.024705
318.147274  0.024631
318.167273  0.024902
318.187273  0.024521
318.207272  0.024656
318.227271  0.024742
318.247270  0.024828
318.267269  0.024742
318.287269  0.024816
318.307268  0.024816
318.327267  0.024693
318.347266  0.024582
318.367265  0.024865
318.387265  0.024828
318.407264  0.024668
318.427263  0.024754
318.447262  0.024865
318.467261  0.024644
318.487261  0.024742
318.507260  0.024718
318.527259  0.024804
318.547258  0.024853
318.567257  0.024791
318.587257  0.024754
318.607256  0.024951
318.627255  0.024816
318.647254  0.024779
318.667253  0.024914
318.687253  0.024840
318.707252  0.024840
318.727251  0.024619
318.747250  0.024865
318.767249  0.024656
318.787249  0.024963
318.807248  0.024840
318.827247  0.024877
318.847246  0.024902
318.867245  0.024410
318.887245  0.024890
318.907244  0.024939
318.927243  0.024976
318.947242  0.024840
318.967241  0.025000
318.987241  0.024840
319.007240  0.024607
319.027239  0.024890
319.047238  0.024718
319.067237  0.025099
319.087237  0.025099
319.107236  0.024840
319.127235  0.024963
319.147234  0.024914
319.167233  0.024914
319.187233  0.024890
319.207232  0.024840
319.227231  0.024890
319.247230  0.024926
319.267229  0.025099
319.287229  0.025258
319.307228  0.024963
319.327227  0.024951
319.347226  0.025185
319.367225  0.025013
319.387225  0.025062
319.407224  0.025160
319.427223  0.025221
319.447222  0.024988
319.467221  0.025013
319.487221  0.025000
319.507220  0.024914
319.527219  0.024914
319.547218  0.024791
319.567217  0.025049
319.587217  0.024951
319.607216  0.024890
319.627215  0.024988
319.647214  0.024951
319.667213  0.024963
319.687213  0.025062
319.707212  0.024902
319.727211  0.024939
319.747210  0.025013
319.767209  0.025086
319.787209  0.024976
319.807208  0.024877
319.827207  0.025013
319.847206  0.024865
319.867205  0.025025
319.887205  0.025037
319.907204  0.025111
319.927203  0.024926
319.947202  0.024754
319.967201  0.024853
319.987201  0.025000
320.007200  0.025160
320.027199  0.025049
320.047198  0.025037
320.067197  0.025099
320.087197  0.025135
320.107196  0.025000
320.127195  0.024963
320.147194  0.024693
320.167193  0.025209
320.187193  0.025111
320.207192  0.024988
320.227191  0.025037
320.247190  0.025197
320.267189  0.025160
320.287189  0.025049
320.307188  0.025037
320.327187  0.025000
320.347186  0.025123
320.367185  0.024939
320.387185  0.025148
320.407184  0.024779
320.427183  0.025123
320.447182  0.025111
320.467181  0.024926
320.487181  0.025025
320.507180  0.025025
320.527179  0.025099
320.547178  0.025135
320.567177  0.025013
320.587177  0.025025
320.607176  0.025000
320.627175  0.025062
320.647174  0.025049
320.667173  0.024914
320.687173  0.024914
320.707172  0.024902
320.727171  0.025111
320.747170  0.024988
320.767169  0.025111
320.787169  0.024853
320.807168  0.024890
320.827167  0.025135
320.847166  0.025185
320.867165  0.025258
320.887165  0.025295
320.907164  0.025258
320.927163  0.025037
320.947162  0.025135
320.967161  0.025148
320.987161  0.025037
321.007160  0.025271
321.027159  0.025185
321.047158  0.025062
321.067157  0.025135
321.087157  0.024902
321.107156  0.024988
321.127155  0.025160
321.147154  0.025049
321.167153  0.025086
321.187153  0.025209
321.207152  0.025086
321.227151  0.025221
321.247150  0.025111
321.267149  0.024963
321.287149  0.025135
321.307148  0.025099
321.327147  0.025025
321.347146  0.025234
321.367145  0.025590
321.387145  0.025209
321.407144  0.025172
321.427143  0.024779
321.447142  0.025209
321.467141  0.025062
321.487141  0.025394
321.507140  0.025062
321.527139  0.025148
321.547138  0.025148
321.567137  0.025148
321.587137  0.025258
321.607136  0.025099
321.627135  0.025221
321.647134  0.024902
321.667133  0.025062
321.687133  0.025000
321.707132  0.025160
321.727131  0.025283
321.747130  0.025295
321.767129  0.025111
321.787129  0.025283
321.807128  0.025197
321.827127  0.025234
321.847126  0.025430
321.867125  0.025135
321.887125  0.025271
321.907124  0.024951
321.927123  0.025234
321.947122  0.025271
321.967121  0.025320
321.987121  0.025148
322.007120  0.025123
322.027119  0.025123
322.047118  0.025357
322.067117  0.025271
322.087117  0.025320
322.107116  0.025221
322.127115  0.025172
322.147114  0.025406
322.167113  0.025135
322.187113  0.025480
322.207112  0.025160
322.227111  0.025123
322.247110  0.025430
322.267109  0.025209
322.287109  0.025283
322.307108  0.025025
322.327107  0.025160
322.347106  0.025123
322.367105  0.025209
322.387105  0.025271
322.407104  0.025185
322.427103  0.025332
322.447102  0.025283
322.467101  0.025283
322.487101  0.025172
322.507100  0.025258
322.527099  0.025086
322.547098  0.025099
322.567097  0.025172
322.587097  0.025344
322.607096  0.025049
322.627095  0.025062
322.647094  0.025455
322.667093  0.025320
322.687093  0.025357
322.707092  0.025308
322.727091  0.025221
322.747090  0.025320
322.767089  0.025209
322.787089  0.025492
322.807088  0.025258
322.827087  0.025246
322.847086  0.025271
322.867085  0.025455
322.887085  0.025209
322.907084  0.025332
322.927083  0.025111
322.947082  0.025123
322.967081  0.025234
322.987081  0.025209
323.007080  0.025099
323.027079  0.025516
323.047078  0.025221
323.067077  0.025185
323.087077  0.025246
323.107076  0.025197
323.127075  0.025369
323.147074  0.025357
323.167073  0.024976
323.187073  0.025160
323.207072  0.025197
323.227071  0.025295
323.247070  0.025209
323.267069  0.025160
323.287069  0.025332
323.307068  0.025246
323.327067  0.025221
323.347066  0.025320
323.367065  0.025037
323.387065  0.025111
323.407064  0.025185
323.427063  0.025172
323.447062  0.025062
323.467061  0.025013
323.487061  0.025197
323.507060  0.025246
323.527059  0.025369
323.547058  0.025480
323.567057  0.025160
323.587057  0.025381
323.607056  0.025676
323.627055  0.025664
323.647054  0.025467
323.667053  0.025295
323.687053  0.025344
323.707052  0.025627
323.727051  0.025418
323.747050  0.025455
323.767049  0.025394
323.787049  0.025099
323.807048  0.025234
323.827047  0.025553
323.847046  0.025185
323.867045  0.024902
323.887045  0.025197
323.907044  0.025344
323.927043  0.025418
323.947042  0.025221
323.967041  0.025135
323.987041  0.025295
324.007040  0.025283
324.027039  0.025185
324.047038  0.025332
324.067037  0.025455
324.087037  0.025209
324.107036  0.025332
324.127035  0.025480
324.147034  0.025283
324.167033  0.025295
324.187033  0.025332
324.207032  0.025135
324.227031  0.025394
324.247030  0.025148
324.267029  0.025148
324.287029  0.025246
324.307028  0.025394
324.327027  0.025320
324.347026  0.025295
324.367025  0.025394
324.387025  0.025332
324.407024  0.025344
324.427023  0.025295
324.447022  0.025553
324.467021  0.025394
324.487021  0.025246
324.507020  0.025381
324.527019  0.025295
324.547018  0.025160
324.567017  0.025516
324.587017  0.025234
324.607016  0.024865
324.627015  0.025320
324.647014  0.025394
324.667013  0.025566
324.687013  0.025443
324.707012  0.025295
324.727011  0.025443
324.747010  0.025074
324.767009  0.025209
324.787009  0.025541
324.807008  0.025037
324.827007  0.025246
324.847006  0.025455
324.867005  0.025381
324.887005  0.025516
324.907004  0.025344
324.927003  0.025197
324.947002  0.025135
324.967001  0.025258
324.987001  0.025369
325.007000  0.025344
325.026999  0.025271
325.046998  0.025271
325.066997  0.025271
325.086997  0.025369
325.106996  0.025308
325.126995  0.025148
325.146994  0.025221
325.166993  0.025332
325.186993  0.025344
325.206992  0.025541
325.226991  0.025344
325.246990  0.025246
325.266989  0.025480
325.286989  0.025406
325.306988  0.024988
325.326987  0.025430
325.346986  0.025492
325.366985  0.025283
325.386985  0.025246
325.406984  0.025308
325.426983  0.025160
325.446982  0.025246
325.466981  0.025332
325.486981  0.025271
325.506980  0.025197
325.526979  0.025246
325.546978  0.025111
325.566977  0.025209
325.586977  0.025160
325.606976  0.025430
325.626975  0.025344
325.646974  0.025344
325.666973  0.025209
325.686973  0.025369
325.706972  0.025369
325.726971  0.025430
325.746970  0.025381
325.766969  0.025516
325.786969  0.025394
325.806968  0.025258
325.826967  0.025394
325.846966  0.025590
325.866965  0.025590
325.886965  0.025394
325.906964  0.025111
325.926963  0.025283
325.946962  0.025541
325.966961  0.025332
325.986961  0.025332
326.006960  0.025480
326.026959  0.025455
326.046958  0.025455
326.066957  0.025234
326.086957  0.025430
326.106956  0.025320
326.126955  0.025480
326.146954  0.025234
326.166953  0.025492
326.186953  0.025258
326.206952  0.025271
326.226951  0.025221
326.246950  0.025406
326.266949  0.025566
326.286949  0.025271
326.306948  0.025406
326.326947  0.025418
326.346946  0.025713
326.366945  0.025406
326.386945  0.025553
326.406944  0.025295
326.426943  0.025148
326.446942  0.025271
326.466941  0.025480
326.486941  0.025541
326.506940  0.025209
326.526939  0.025308
326.546938  0.025332
326.566937  0.024939
326.586937  0.025246
326.606936  0.025062
326.626935  0.025467
326.646934  0.025283
326.666933  0.025221
326.686933  0.025160
326.706932  0.025504
326.726931  0.025664
326.746930  0.025406
326.766929  0.025615
326.786929  0.025185
326.806928  0.025332
326.826927  0.025529
326.846926  0.025369
326.866925  0.025394
326.886925  0.025357
326.906924  0.025406
326.926923  0.025553
326.946922  0.025271
326.966921  0.025467
326.986921  0.025529
327.006920  0.025787
327.026919  0.025443
327.046918  0.025504
327.066917  0.025578
327.086917  0.025394
327.106916  0.025418
327.126915  0.025062
327.146914  0.025172
327.166913  0.025430
327.186913  0.025394
327.206912  0.025308
327.226911  0.025590
327.246910  0.025541
327.266909  0.025320
327.286909  0.025750
327.306908  0.025086
327.326907  0.025381
327.346906  0.025283
327.366905  0.025209
327.386905  0.025295
327.406904  0.025357
327.426903  0.025246
327.446902  0.025394
327.466901  0.025283
327.486901  0.025406
327.506900  0.025430
327.526899  0.025308
327.546898  0.025443
327.566897  0.025234
327.586897  0.025332
327.606896  0.025258
327.626895  0.025639
327.646894  0.025221
327.666893  0.025172
327.686893  0.025308
327.706892  0.025357
327.726891  0.025639
327.746890  0.025713
327.766889  0.025332
327.786889  0.025590
327.806888  0.025185
327.826887  0.025344
327.846886  0.025295
327.866885  0.025787
327.886885  0.025455
327.906884  0.025443
327.926883  0.025701
327.946882  0.025332
327.966881  0.025738
327.986881  0.025590
328.006880  0.025639
328.026879  0.025160
328.046878  0.025381
328.066877  0.025271
328.086877  0.025320
328.106876  0.025074
328.126875  0.025357
328.146874  0.025443
328.166873  0.025455
328.186873  0.025381
328.206872  0.025455
328.226871  0.025258
328.246870  0.025394
328.266869  0.025172
328.286869  0.025394
328.306868  0.025160
328.326867  0.025271
328.346866  0.025480
328.366865  0.025394
328.386865  0.025344
328.406864  0.025443
328.426863  0.025283
328.446862  0.025160
328.466861  0.025541
328.486861  0.025357
328.506860  0.025516
328.526859  0.025332
328.546858  0.025271
328.566857  0.025394
328.586857  0.025578
328.606856  0.025467
328.626855  0.025344
328.646854  0.025627
328.666853  0.025123
328.686853  0.025443
328.706852  0.025271
328.726851  0.024951
328.746850  0.025344
328.766849  0.025418
328.786849  0.025320
328.806848  0.025455
328.826847  0.025492
328.846846  0.025430
328.866845  0.025480
328.886845  0.025529
328.906844  0.025271
328.926843  0.025529
328.946842  0.025271
328.966841  0.025320
328.986841  0.025308
329.006840  0.025234
329.026839  0.025418
329.046838  0.025430
329.066837  0.025320
329.086837  0.025406
329.106836  0.025344
329.126835  0.025639
329.146834  0.025308
329.166833  0.025258
329.186833  0.025221
329.206832  0.025308
329.226831  0.025418
329.246830  0.025123
329.266829  0.025394
329.286829  0.025480
329.306828  0.025541
329.326827  0.025480
329.346826  0.025295
329.366825  0.025418
329.386825  0.025369
329.406824  0.025271
329.426823  0.025160
329.446822  0.025160
329.466821  0.025283
329.486821  0.025320
329.506820  0.025603
329.526819  0.025553
329.546818  0.025332
329.566817  0.025369
329.586817  0.025455
329.606816  0.025443
329.626815  0.025566
329.646814  0.025369
329.666813  0.025492
329.686813  0.025406
329.706812  0.025185
329.726811  0.025221
329.746810  0.025516
329.766809  0.025430
329.786809  0.025492
329.806808  0.025283
329.826807  0.025406
329.846806  0.025197
329.866805  0.025578
329.886805  0.025701
329.906804  0.025295
329.926803  0.025430
329.946802  0.025394
329.966801  0.025295
329.986801  0.025258
330.006800  0.025406
330.026799  0.025258
330.046798  0.025394
330.066797  0.025516
330.086797  0.025455
330.106796  0.025381
330.126795  0.025320
330.146794  0.025295
330.166793  0.025492
330.186793  0.025529
330.206792  0.025320
330.226791  0.025430
330.246790  0.025332
330.266789  0.025320
330.286789  0.025344
330.306788  0.025221
330.326787  0.025074
330.346786  0.025283
330.366785  0.025357
330.386785  0.025246
330.406784  0.025455
330.426783  0.025295
330.446782  0.025221
330.466781  0.025344
330.486781  0.025246
330.506780  0.025394
330.526779  0.025467
330.546778  0.025074
330.566777  0.025320
330.586777  0.025308
330.606776  0.025025
330.626775  0.025381
330.646774  0.025492
330.666773  0.025516
330.686773  0.025443
330.706772  0.025221
330.726771  0.025578
330.746770  0.025344
330.766769  0.025455
330.786769  0.025320
330.806768  0.025283
330.826767  0.025394
330.846766  0.025418
330.866765  0.025344
330.886765  0.025430
330.906764  0.025332
330.926763  0.025295
330.946762  0.025172
330.966761  0.025308
330.986761  0.025332
331.006760  0.025541
331.026759  0.025455
331.046758  0.025455
331.066757  0.025062
331.086757  0.025406
331.106756  0.025578
331.126755  0.025197
331.146754  0.025246
331.166753  0.025406
331.186753  0.025516
331.206752  0.025541
331.226751  0.025086
331.246750  0.025332
331.266749  0.025283
331.286749  0.025369
331.306748  0.025381
331.326747  0.025295
331.346746  0.025381
331.366745  0.025492
331.386745  0.025467
331.406744  0.025455
331.426743  0.025615
331.446742  0.025455
331.466741  0.025369
331.486741  0.025836
331.506740  0.025590
331.526739  0.025308
331.546738  0.025406
331.566737  0.025480
331.586737  0.025234
331.606736  0.025283
331.626735  0.025652
331.646734  0.025381
331.666733  0.025590
331.686733  0.025443
331.706732  0.025234
331.726731  0.025381
331.746730  0.025467
331.766729  0.025861
331.786729  0.025701
331.806728  0.025430
331.826727  0.025381
331.846726  0.025455
331.866725  0.025357
331.886725  0.025344
331.906724  0.025590
331.926723  0.025480
331.946722  0.025332
331.966721  0.025615
331.986721  0.025516
332.006720  0.025787
332.026719  0.025701
332.046718  0.025824
332.066717  0.025713
332.086717  0.025787
332.106716  0.025529
332.126715  0.025357
332.146714  0.025504
332.166713  0.025394
332.186713  0.025394
332.206712  0.024988
332.226711  0.025074
332.246710  0.024754
332.266709  0.024705
332.286709  0.024742
332.306708  0.024705
332.326707  0.024545
332.346706  0.024656
332.366705  0.024373
332.386705  0.024324
332.406704  0.024226
332.426703  0.023845
332.446702  0.024054
332.466701  0.024041
332.486701  0.023562
332.506700  0.023980
332.526699  0.023857
332.546698  0.023808
332.566697  0.023710
332.586697  0.023452
332.606696  0.023402
332.626695  0.023734
332.646694  0.023365
332.666693  0.023353
332.686693  0.023157
332.706692  0.023120
332.726691  0.023464
332.746690  0.023378
332.766689  0.023279
332.786689  0.023107
332.806688  0.023083
332.826687  0.023157
332.846686  0.023157
332.866685  0.023009
332.886685  0.022935
332.906684  0.022948
332.926683  0.023083
332.946682  0.023009
332.966681  0.022862
332.986681  0.022837
333.006680  0.022984
333.026679  0.022837
333.046678  0.022972
333.066677  0.022948
333.086677  0.023070
333.106676  0.022567
333.126675  0.022960
333.146674  0.023353
333.166673  0.023070
333.186673  0.023415
333.206672  0.023230
333.226671  0.023193
333.246670  0.023316
333.266669  0.023525
333.286669  0.023402
333.306668  0.023599
333.326667  0.023734
333.346666  0.023919
333.366665  0.023710
333.386665  0.023820
333.406664  0.024017
333.426663  0.024214
333.446662  0.024423
333.466661  0.024472
333.486661  0.024263
333.506660  0.024595
333.526659  0.024693
333.546658  0.024607
333.566657  0.024902
333.586657  0.024730
333.606656  0.024853
333.626655  0.024754
333.646654  0.024853
333.666653  0.025357
333.686653  0.024939
333.706652  0.025480
333.726651  0.025430
333.746650  0.025430
333.766649  0.025689
333.786649  0.025443
333.806648  0.025590
333.826647  0.025676
333.846646  0.025984
333.866645  0.025762
333.886645  0.025898
333.906644  0.025836
333.926643  0.026119
333.946642  0.026610
333.966641  0.026414
333.986641  0.026696
334.006640  0.026930
334.026639  0.027028
334.046638  0.026918
334.066637  0.026881
334.086637  0.027102
334.106636  0.027151
334.126635  0.026758
334.146634  0.026365
334.166633  0.026475
334.186633  0.025873
334.206632  0.025320
334.226631  0.024976
334.246630  0.024804
334.266629  0.024656
334.286629  0.024201
334.306628  0.023980
334.326627  0.023673
334.346626  0.023525
334.366625  0.022997
334.386625  0.022825
334.406624  0.022517
334.426623  0.021952
334.446622  0.021915
334.466621  0.021755
334.486621  0.021264
334.506620  0.020723
334.526619  0.020526
334.546618  0.020563
334.566617  0.020391
334.586617  0.019690
334.606616  0.019395
334.626615  0.019211
334.646614  0.018928
334.666613  0.018523
334.686613  0.018228
334.706612  0.018092
334.726611  0.017847
334.746610  0.017343
334.766609  0.017121
334.786609  0.016949
334.806608  0.016753
334.826607  0.016384
334.846606  0.016015
334.866605  0.015954
334.886605  0.015548
334.906604  0.015376
334.926603  0.015265
334.946602  0.014811
334.966601  0.014700
334.986601  0.014036
335.006600  0.014196
335.026599  0.014221
335.046598  0.013692
335.066597  0.013483
335.086597  0.013495
335.106596  0.013213
335.126595  0.013127
335.146594  0.012856
335.166593  0.012414
335.186593  0.012377
335.206592  0.012143
335.226591  0.011861
335.246590  0.011443
335.266589  0.011566
335.286589  0.011099
335.306588  0.010853
335.326587  0.010582
335.346586  0.010570
335.366585  0.010103
335.386585  0.010103
335.406584  0.009783
335.426583  0.009624
335.446582  0.009427
335.466581  0.009513
335.486581  0.009095
335.506580  0.008567
335.526579  0.008370
335.546578  0.008198
335.566577  0.008210
335.586577  0.008124
335.606576  0.008063
335.626575  0.007780
335.646574  0.007423
335.666573  0.007448
335.686573  0.007190
335.706572  0.007178
335.726571  0.006563
335.746570  0.006661
335.766569  0.006170
335.786569  0.005555
335.806568  0.005567
335.826567  0.005297
335.846566  0.005518
335.866565  0.005715
335.886565  0.005617
335.906564  0.005063
335.926563  0.004768
335.946562  0.004560
335.966561  0.004277
335.986561  0.003711
336.006560  0.003207
336.026559  0.003453
336.046558  0.003060
336.066557  0.003601
336.086557  0.003404
336.106556  0.003293
336.126555  0.002986
336.146554  0.002372
336.166553  0.002163
336.186553  0.001646
336.206552  0.001597
336.226551  0.001610
336.246550  0.001573
336.266549  0.001253
336.286549  0.000921
336.306548  0.001265
336.326547  0.000970
336.346546  0.000798
336.366545  0.000860
336.386545  0.000688
336.406544  0.000651
336.426543  0.000257
336.446542  -0.000517
336.466541  -0.000443
336.486541  -0.000701
336.506540  -0.001070
336.526539  -0.001439
336.546538  -0.001316
336.566537  -0.001549
336.586537  -0.001783
336.606536  -0.001980
336.626535  -0.002053
336.646534  -0.002717
336.666533  -0.002901
336.686533  -0.002901
336.706532  -0.002975
336.726531  -0.002975
336.746530  -0.003061
336.766529  -0.003282
336.786529  -0.003516
336.806528  -0.004008
336.826527  -0.004327
336.846526  -0.004401
336.866525  -0.005114
336.886525  -0.005003
336.906524  -0.004917
336.926523  -0.004893
336.946522  -0.005188
336.966521  -0.005888
336.986521  -0.005741
337.006520  -0.005925
337.026519  -0.006073
337.046518  -0.005999
337.066517  -0.006085
337.086517  -0.006478
337.106516  -0.006343
337.126515  -0.006503
337.146514  -0.006638
337.166513  -0.007044
337.186513  -0.007007
337.206512  -0.006933
337.226511  -0.007228
337.246510  -0.007535
337.266509  -0.007830
337.286509  -0.007855
337.306508  -0.008285
337.326507  -0.008457
337.346506  -0.008728
337.366505  -0.008814
337.386505  -0.009084
337.406504  -0.009797
337.426503  -0.010252
337.446502  -0.010080
337.466501  -0.010043
337.486501  -0.010436
337.506500  -0.010547
337.526499  -0.011051
337.546498  -0.010989
337.566497  -0.010952
337.586497  -0.010879
337.606496  -0.010682
337.626495  -0.010879
337.646494  -0.011075
337.666493  -0.011296
337.686493  -0.011358
337.706492  -0.011911
337.726491  -0.011936
337.746490  -0.010768
337.766489  -0.012218
337.786489  -0.012489
337.806488  -0.012317
337.826487  -0.012857
337.846486  -0.012661
337.866485  -0.012980
337.886485  -0.013066
337.906484  -0.013484
337.926483  -0.013288
337.946482  -0.013509
337.966481  -0.013988
337.986481  -0.014160
338.006480  -0.014320
338.026479  -0.014283
338.046478  -0.014959
338.066477  -0.014787
338.086477  -0.015390
338.106476  -0.015562
338.126475  -0.015476
338.146474  -0.015881
338.166473  -0.015980
338.186473  -0.016410
338.206472  -0.016410
338.226471  -0.016311
338.246470  -0.016631
338.266469  -0.016987
338.286469  -0.016938
338.306468  -0.017221
338.326467  -0.017332
338.346466  -0.017565
338.366465  -0.019655
338.386465  -0.017749
338.406464  -0.017700
338.426463  -0.017516
338.446462  -0.017848
338.466461  -0.017676
338.486461  -0.018438
338.506460  -0.018757
338.526459  -0.018745
338.546458  -0.018819
338.566457  -0.019028
338.586457  -0.019421
338.606456  -0.018708
338.626455  -0.019433
338.646454  -0.020675
338.666453  -0.019753
338.686453  -0.019630
338.706452  -0.021044
338.726451  -0.019827
338.746450  -0.020441
338.766449  -0.020724
338.786449  -0.020515
338.806448  -0.019839
338.826447  -0.021117
338.846446  -0.020564
338.866445  -0.021855
338.886445  -0.021339
338.906444  -0.021806
338.926443  -0.022310
338.946442  -0.022568
338.966441  -0.021818
338.986441  -0.022187
339.006440  -0.022838
339.026439  -0.022285
339.046438  -0.022838
339.066437  -0.022973
339.086437  -0.023330
339.106436  -0.023723
339.126435  -0.023772
339.146434  -0.024203
339.166433  -0.024719
339.186433  -0.023821
339.206432  -0.024989
339.226431  -0.024018
339.246430  -0.024879
339.266429  -0.023969
339.286429  -0.024989
339.306428  -0.025309
339.326427  -0.025333
339.346426  -0.025739
339.366425  -0.026513
339.386425  -0.025837
339.406424  -0.026108
339.426423  -0.026747
339.446422  -0.026440
339.466421  -0.028529
339.486421  -0.026526
339.506420  -0.026452
339.526419  -0.027226
339.546418  -0.027005
339.566417  -0.027607
339.586417  -0.027804
339.606416  -0.027792
339.626415  -0.027411
339.646414  -0.027521
339.666413  -0.027890
339.686413  -0.027939
339.706412  -0.027865
339.726411  -0.027915
339.746410  -0.028492
339.766409  -0.028210
339.786409  -0.028652
339.806408  -0.028726
339.826407  -0.028615
339.846406  -0.028873
339.866405  -0.029340
339.886405  -0.029217
339.906404  -0.029439
339.926403  -0.029242
339.946402  -0.029353
339.966401  -0.029193
339.986401  -0.029377
340.006400  -0.029353
340.026399  -0.029893
340.046398  -0.030078
340.066397  -0.030152
340.086397  -0.030115
340.106396  -0.030348
340.126395  -0.030348
340.146394  -0.030668
340.166393  -0.030963
340.186393  -0.030815
340.206392  -0.030754
340.226391  -0.031012
340.246390  -0.031209
340.266389  -0.031258
340.286389  -0.031553
340.306388  -0.031405
340.326387  -0.031405
340.346386  -0.031725
340.366385  -0.032032
340.386385  -0.032143
340.406384  -0.032229
340.426383  -0.032339
340.446382  -0.032339
340.466381  -0.032450
340.486381  -0.032708
340.506380  -0.033212
340.526379  -0.032966
340.546378  -0.033102
340.566377  -0.033286
340.586377  -0.033028
340.606376  -0.033519
340.626375  -0.033642
340.646374  -0.033802
340.666373  -0.033827
340.686373  -0.033900
340.706372  -0.034146
340.726371  -0.034281
340.746370  -0.034515
340.766369  -0.034761
340.786369  -0.034699
340.806368  -0.034798
340.826367  -0.035093
340.846366  -0.035166
340.866365  -0.035449
340.886365  -0.035535
340.906364  -0.035842
340.926363  -0.036051
340.946362  -0.035953
340.966361  -0.036519
340.986361  -0.035978
341.006360  -0.036297
341.026359  -0.036408
341.046358  -0.036789
341.066357  -0.036924
341.086357  -0.036445
341.106356  -0.037047
341.126355  -0.037121
341.146354  -0.036973
341.166353  -0.037416
341.186353  -0.037440
341.206352  -0.037649
341.226351  -0.038043
341.246350  -0.038104
341.266349  -0.037785
341.286349  -0.037907
341.306348  -0.038067
341.326347  -0.038313
341.346346  -0.038510
341.366345  -0.038485
341.386345  -0.038952
341.406344  -0.038891
341.426343  -0.038928
341.446342  -0.038866
341.466341  -0.039063
341.486341  -0.039235
341.506340  -0.039468
341.526339  -0.039346
341.546338  -0.039579
341.566337  -0.039665
341.586337  -0.039702
341.606336  -0.040071
341.626335  -0.039972
341.646334  -0.039948
341.666333  -0.040132
341.686333  -0.040083
341.706332  -0.040612
341.726331  -0.040636
341.746330  -0.040759
341.766329  -0.040698
341.786329  -0.041079
341.806328  -0.041251
341.826327  -0.040968
341.846326  -0.041054
341.866325  -0.041337
341.886325  -0.041189
341.906324  -0.041238
341.926323  -0.041509
341.946322  -0.041706
341.966321  -0.041632
341.986321  -0.041706
342.006320  -0.041644
342.026319  -0.042099
342.046318  -0.042234
342.066317  -0.041927
342.086317  -0.042062
342.106316  -0.042320
342.126315  -0.042087
342.146314  -0.041964
342.166313  -0.042640
342.186313  -0.042566
342.206312  -0.042197
342.226311  -0.042443
342.246310  -0.042492
342.266309  -0.043144
342.286309  -0.042836
342.306308  -0.042787
342.326307  -0.042738
342.346306  -0.043193
342.366305  -0.043328
342.386305  -0.043107
342.406304  -0.043254
342.426303  -0.043586
342.446302  -0.043684
342.466301  -0.043611
342.486301  -0.043082
342.506300  -0.043672
342.526299  -0.043930
342.546298  -0.043586
342.566297  -0.043770
342.586297  -0.044225
342.606296  -0.044151
342.626295  -0.044238
342.646294  -0.043943
342.666293  -0.043869
342.686293  -0.044336
342.706292  -0.044065
342.726291  -0.044188
342.746290  -0.043979
342.766289  -0.044016
342.786289  -0.044471
342.806288  -0.044483
342.826287  -0.044520
342.846286  -0.044533
342.866285  -0.044434
342.886285  -0.044668
342.906284  -0.044729
342.926283  -0.044729
342.946282  -0.044901
342.966281  -0.045061
342.986281  -0.045098
343.006280  -0.044938
343.026279  -0.044668
343.046278  -0.044950
343.066277  -0.045098
343.086277  -0.045233
343.106276  -0.044963
343.126275  -0.045245
343.146274  -0.045381
343.166273  -0.045700
343.186273  -0.045528
343.206272  -0.045258
343.226271  -0.045909
343.246270  -0.045491
343.266269  -0.045479
343.286269  -0.045590
343.306268  -0.045442
343.326267  -0.045713
343.346266  -0.045848
343.366265  -0.045762
343.386265  -0.045418
343.406264  -0.045774
343.426263  -0.046192
343.446262  -0.046008
343.466261  -0.045676
343.486261  -0.045823
343.506260  -0.045713
343.526259  -0.046143
343.546258  -0.045983
343.566257  -0.045860
343.586257  -0.046389
343.606256  -0.046278
343.626255  -0.046130
343.646254  -0.046389
343.666253  -0.046167
343.686253  -0.046487
343.706252  -0.046278
343.726251  -0.046585
343.746250  -0.046708
343.766249  -0.046216
343.786249  -0.046487
343.806248  -0.046634
343.826247  -0.046819
343.846246  -0.046647
343.866245  -0.046130
343.886245  -0.046339
343.906244  -0.046647
343.926243  -0.046524
343.946242  -0.046499
343.966241  -0.046253
343.986241  -0.046573
344.006240  -0.046929
344.026239  -0.047089
344.046238  -0.046905
344.066237  -0.046585
344.086237  -0.046610
344.106236  -0.046929
344.126235  -0.046671
344.146234  -0.046917
344.166233  -0.046868
344.186233  -0.047200
344.206232  -0.047065
344.226231  -0.047077
344.246230  -0.046991
344.266229  -0.046831
344.286229  -0.047015
344.306228  -0.047286
344.326227  -0.047212
344.346226  -0.047028
344.366225  -0.047015
344.386225  -0.047151
344.406224  -0.047126
344.426223  -0.046856
344.446222  -0.046942
344.466221  -0.047089
344.486221  -0.047323
344.506220  -0.047310
344.526219  -0.047163
344.546218  -0.047028
344.566217  -0.047347
344.586217  -0.047114
344.606216  -0.047298
344.626215  -0.047224
344.646214  -0.047163
344.666213  -0.047286
344.686213  -0.047384
344.706212  -0.047495
344.726211  -0.047187
344.746210  -0.047274
344.766209  -0.047249
344.786209  -0.047470
344.806208  -0.047470
344.826207  -0.047605
344.846206  -0.047507
344.866205  -0.047507
344.886205  -0.047433
344.906204  -0.047458
344.926203  -0.047556
344.946202  -0.047409
344.966201  -0.047532
344.986201  -0.047556
345.006200  -0.047593
345.026199  -0.047556
345.046198  -0.047323
345.066197  -0.047532
345.086197  -0.047741
345.106196  -0.047581
345.126195  -0.047569
345.146194  -0.047532
345.166193  -0.047507
345.186193  -0.047569
345.206192  -0.047937
345.226191  -0.047790
345.246190  -0.047507
345.266189  -0.047409
345.286189  -0.047765
345.306188  -0.047728
345.326187  -0.047716
345.346186  -0.047544
345.366185  -0.047482
345.386185  -0.047655
345.406184  -0.047864
345.426183  -0.047851
345.446182  -0.047605
345.466181  -0.047372
345.486181  -0.047802
345.506180  -0.047937
345.526179  -0.047593
345.546178  -0.047532
345.566177  -0.047605
345.586177  -0.047667
345.606176  -0.047999
345.626175  -0.048208
345.646174  -0.047667
345.666173  -0.047704
345.686173  -0.047765
345.706172  -0.047913
345.726171  -0.047777
345.746170  -0.047900
345.766169  -0.047642
345.786169  -0.047839
345.806168  -0.047741
345.826167  -0.047999
345.846166  -0.047765
345.866165  -0.047544
345.886165  -0.047716
345.906164  -0.047864
345.926163  -0.047667
345.946162  -0.047704
345.966161  -0.047519
345.986161  -0.047679
346.006160  -0.047814
346.026159  -0.047655
346.046158  -0.047691
346.066157  -0.047519
346.086157  -0.047372
346.106156  -0.047814
346.126155  -0.047655
346.146154  -0.047384
346.166153  -0.047470
346.186153  -0.047605
346.206152  -0.047741
346.226151  -0.047839
346.246150  -0.047716
346.266149  -0.047532
346.286149  -0.047581
346.306148  -0.047569
346.326147  -0.047728
346.346146  -0.047519
346.366145  -0.047777
346.386145  -0.047655
346.406144  -0.047876
346.426143  -0.047704
346.446142  -0.047532
346.466141  -0.047458
346.486141  -0.047360
346.506140  -0.047360
346.526139  -0.047569
346.546138  -0.047519
346.566137  -0.047396
346.586137  -0.047446
346.606136  -0.047704
346.626135  -0.047630
346.646134  -0.047396
346.666133  -0.047347
346.686133  -0.047593
346.706132  -0.047532
346.726131  -0.047667
346.746130  -0.047237
346.766129  -0.047347
346.786129  -0.047163
346.806128  -0.047446
346.826127  -0.047556
346.846126  -0.047163
346.866125  -0.047237
346.886125  -0.047003
346.906124  -0.047323
346.926123  -0.047716
346.946122  -0.047286
346.966121  -0.046991
346.986121  -0.047200
347.006120  -0.047433
347.026119  -0.047310
347.046118  -0.046979
347.066117  -0.046671
347.086117  -0.046708
347.106116  -0.047310
347.126115  -0.047114
347.146114  -0.047187
347.166113  -0.047028
347.186113  -0.046917
347.206112  -0.047151
347.226111  -0.047187
347.246110  -0.046880
347.266109  -0.047003
347.286109  -0.046733
347.306108  -0.046905
347.326107  -0.047347
347.346106  -0.046770
347.366105  -0.046561
347.386105  -0.046647
347.406104  -0.047052
347.426103  -0.047089
347.446102  -0.046548
347.466101  -0.046524
347.486101  -0.046450
347.506100  -0.046548
347.526099  -0.046917
347.546098  -0.046671
347.566097  -0.046610
347.586097  -0.046438
347.606096  -0.046450
347.626095  -0.046647
347.646094  -0.046315
347.666093  -0.046438
347.686093  -0.046376
347.706092  -0.046278
347.726091  -0.046487
347.746090  -0.045872
347.766089  -0.046032
347.786089  -0.046106
347.806088  -0.046192
347.826087  -0.046241
347.846086  -0.046302
347.866085  -0.045909
347.886085  -0.046167
347.906084  -0.046143
347.926083  -0.046118
347.946082  -0.045983
347.966081  -0.045958
347.986081  -0.045811
348.006080  -0.046143
348.026079  -0.046192
348.046078  -0.045590
348.066077  -0.045553
348.086077  -0.045590
348.106076  -0.045565
348.126075  -0.045295
348.146074  -0.045012
348.166073  -0.045086
348.186073  -0.045123
348.206072  -0.044901
348.226071  -0.044852
348.246070  -0.044631
348.266069  -0.044520
348.286069  -0.044311
348.306068  -0.044631
348.326067  -0.044201
348.346066  -0.044102
348.366065  -0.044016
348.386065  -0.044410
348.406064  -0.044065
348.426063  -0.043598
348.446062  -0.043598
348.466061  -0.043598
348.486061  -0.043586
348.506060  -0.043746
348.526059  -0.043648
348.546058  -0.043168
348.566057  -0.043316
348.586057  -0.043267
348.606056  -0.043205
348.626055  -0.043021
348.646054  -0.042935
348.666053  -0.042787
348.686053  -0.042824
348.706052  -0.042652
348.726051  -0.042517
348.746050  -0.042345
348.766049  -0.042627
348.786049  -0.042394
348.806048  -0.042099
348.826047  -0.042099
348.846046  -0.042148
348.866045  -0.041964
348.886045  -0.041841
348.906044  -0.041853
348.926043  -0.041730
348.946042  -0.041595
348.966041  -0.041828
348.986041  -0.041656
349.006040  -0.041435
349.026039  -0.041029
349.046038  -0.041116
349.066037  -0.041189
349.086037  -0.041128
349.106036  -0.040882
349.126035  -0.040919
349.146034  -0.040599
349.166033  -0.040636
349.186033  -0.040759
349.206032  -0.040427
349.226031  -0.040329
349.246030  -0.040280
349.266029  -0.040427
349.286029  -0.040329
349.306028  -0.040009
349.326027  -0.040009
349.346026  -0.039677
349.366025  -0.039677
349.386025  -0.039604
349.406024  -0.039456
349.426023  -0.039493
349.446022  -0.039641
349.466021  -0.039432
349.486021  -0.039604
349.506020  -0.039124
349.526019  -0.039542
349.546018  -0.039100
349.566017  -0.039087
349.586017  -0.038940
349.606016  -0.038768
349.626015  -0.038928
349.646014  -0.038965
349.666013  -0.038817
349.686013  -0.038805
349.706012  -0.038338
349.726011  -0.038522
349.746010  -0.038190
349.766009  -0.038202
349.786009  -0.038043
349.806008  -0.038092
349.826007  -0.037871
349.846006  -0.037981
349.866005  -0.037895
349.886005  -0.037797
349.906004  -0.037883
349.926003  -0.037637
349.946002  -0.037514
349.966001  -0.037490
349.986001  -0.037551
350.006000  -0.037416
350.025999  -0.037502
350.045998  -0.037539
350.065997  -0.037317
350.085997  -0.037182
350.105996  -0.037281
350.125995  -0.037244
350.145994  -0.036986
350.165993  -0.036961
350.185993  -0.037035
350.205992  -0.036838
350.225991  -0.036863
350.245990  -0.036715
350.265989  -0.036740
350.285989  -0.036850
350.305988  -0.036519
350.325987  -0.036740
350.345986  -0.036678
350.365985  -0.036494
350.385985  -0.036371
350.405984  -0.036691
350.425983  -0.036359
350.445982  -0.036187
350.465981  -0.036113
350.485981  -0.036051
350.505980  -0.036297
350.525979  -0.036125
350.545978  -0.036359
350.565977  -0.036027
350.585977  -0.035867
350.605976  -0.035941
350.625975  -0.035916
350.645974  -0.035658
350.665973  -0.035781
350.685973  -0.035486
350.705972  -0.035621
350.725971  -0.035695
350.745970  -0.035584
350.765969  -0.035634
350.785969  -0.035658
350.805968  -0.035511
350.825967  -0.035314
350.845966  -0.035511
350.865965  -0.035289
350.885965  -0.035289
350.905964  -0.035253
350.925963  -0.035130
350.945962  -0.035031
350.965961  -0.035314
350.985961  -0.035191
351.005960  -0.035130
351.025959  -0.035277
351.045958  -0.035117
351.065957  -0.034982
351.085957  -0.034835
351.105956  -0.035179
351.125955  -0.035031
351.145954  -0.034958
351.165953  -0.034847
351.185953  -0.034761
351.205952  -0.034908
351.225951  -0.034896
351.245950  -0.034650
351.265949  -0.034687
351.285949  -0.034687
351.305948  -0.034503
351.325947  -0.034404
351.345946  -0.034589
351.365945  -0.034626
351.385945  -0.034343
351.405944  -0.034368
351.425943  -0.034171
351.445942  -0.034306
351.465941  -0.034257
351.485941  -0.034195
351.505940  -0.034294
351.525939  -0.034343
351.545938  -0.034048
351.565937  -0.034048
351.585937  -0.034122
351.605936  -0.033876
351.625935  -0.034097
351.645934  -0.033802
351.665933  -0.033974
351.685933  -0.033937
351.705932  -0.033790
351.725931  -0.033790
351.745930  -0.033667
351.765929  -0.033421
351.785929  -0.033790
351.805928  -0.033986
351.825927  -0.033937
351.845926  -0.033778
351.865925  -0.033544
351.885925  -0.033900
351.905924  -0.033470
351.925923  -0.033507
351.945922  -0.033335
351.965921  -0.033409
351.985921  -0.033581
352.005920  -0.033347
352.025919  -0.033274
352.045918  -0.032966
352.065917  -0.033224
352.085917  -0.033421
352.105916  -0.033188
352.125915  -0.033175
352.145914  -0.033126
352.165913  -0.033089
352.185913  -0.033015
352.205912  -0.033212
352.225911  -0.032929
352.245910  -0.033040
352.265909  -0.033102
352.285909  -0.032696
352.305908  -0.032979
352.325907  -0.032831
352.345906  -0.032831
352.365905  -0.032942
352.385905  -0.033003
352.405904  -0.032622
352.425903  -0.032807
352.445902  -0.032696
352.465901  -0.032512
352.485901  -0.032782
352.505900  -0.032413
352.525899  -0.032610
352.545898  -0.032487
352.565897  -0.032462
352.585897  -0.032536
352.605896  -0.032499
352.625895  -0.032745
352.645894  -0.032585
352.665893  -0.032745
352.685893  -0.032389
352.705892  -0.032561
352.725891  -0.032733
352.745890  -0.032327
352.765889  -0.032290
352.785889  -0.032204
352.805888  -0.032389
352.825887  -0.032032
352.845886  -0.032364
352.865885  -0.032192
352.885885  -0.032303
352.905884  -0.032130
352.925883  -0.032094
352.945882  -0.032462
352.965881  -0.032192
352.985881  -0.031971
353.005880  -0.032352
353.025879  -0.032069
353.045878  -0.031971
353.065877  -0.032020
353.085877  -0.031553
353.105876  -0.031590
353.125875  -0.031799
353.145874  -0.031786
353.165873  -0.031922
353.185873  -0.031835
353.205872  -0.032069
353.225871  -0.031799
353.245870  -0.031737
353.265869  -0.031713
353.285869  -0.031799
353.305868  -0.031909
353.325867  -0.031467
353.345866  -0.031368
353.365865  -0.031737
353.385865  -0.031627
353.405864  -0.031504
353.425863  -0.031454
353.445862  -0.031319
353.465861  -0.031627
353.485861  -0.031627
353.505860  -0.031110
353.525859  -0.031282
353.545858  -0.031221
353.565857  -0.031184
353.585857  -0.031749
353.605856  -0.031356
353.625855  -0.031258
353.645854  -0.031073
353.665853  -0.031209
353.685853  -0.030889
353.705852  -0.031307
353.725851  -0.031221
353.745850  -0.030975
353.765849  -0.030840
353.785849  -0.030828
353.805848  -0.030828
353.825847  -0.030656
353.845846  -0.030668
353.865845  -0.030889
353.885845  -0.030717
353.905844  -0.030717
353.925843  -0.030766
353.945842  -0.030299
353.965841  -0.030508
353.985841  -0.030324
354.005840  -0.030213
354.025839  -0.029844
354.045838  -0.030213
354.065837  -0.030324
354.085837  -0.030520
354.105836  -0.030078
354.125835  -0.029979
354.145834  -0.029918
354.165833  -0.029906
354.185833  -0.029967
354.205832  -0.030188
354.225831  -0.029832
354.245830  -0.029967
354.265829  -0.030127
354.285829  -0.029672
354.305828  -0.029758
354.325827  -0.029389
354.345826  -0.029562
354.365825  -0.029316
354.385825  -0.029279
354.405824  -0.029267
354.425823  -0.029230
354.445822  -0.028922
354.465821  -0.028812
354.485821  -0.028566
354.505820  -0.028468
354.525819  -0.028664
354.545818  -0.028332
354.565817  -0.028394
354.585817  -0.028468
354.605816  -0.028455
354.625815  -0.028603
354.645814  -0.028812
354.665813  -0.028591
354.685813  -0.028812
354.705812  -0.028750
354.725811  -0.029045
354.745810  -0.028849
354.765809  -0.028812
354.785809  -0.029426
354.805808  -0.030176
354.825807  -0.035621
354.845806  -0.052362
354.865805  -0.047310
354.885805  -0.042652
354.905804  -0.040390
354.925803  -0.039014
354.945802  -0.037686
354.965801  -0.037354
354.985801  -0.036408
355.005800  -0.035191
355.025799  -0.034785
355.045798  -0.034208
355.065797  -0.033556
355.085797  -0.033175
355.105796  -0.031221
355.125795  -0.029992
355.145794  -0.029328
355.165793  -0.028836
355.185793  -0.027976
355.205792  -0.027558
355.225791  -0.027030
355.245790  -0.026354
355.265789  -0.026231
355.285789  -0.025641
355.305788  -0.025456
355.325787  -0.025530
355.345786  -0.025776
355.365785  -0.025395
355.385785  -0.025137
355.405784  -0.024805
355.425783  -0.024805
355.445782  -0.024584
355.465781  -0.024080
355.485781  -0.024178
355.505780  -0.024227
355.525779  -0.023920
355.545778  -0.023625
355.565777  -0.023354
355.585777  -0.023281
355.605776  -0.023121
355.625775  -0.023170
355.645774  -0.022838
355.665773  -0.022506
355.685773  -0.022187
355.705772  -0.022101
355.725771  -0.021965
355.745770  -0.022162
355.765769  -0.021646
355.785769  -0.021179
355.805768  -0.021179
355.825767  -0.020970
355.845766  -0.020355
355.865765  -0.020613
355.885765  -0.019839
355.905764  -0.019851
355.925763  -0.019876
355.945762  -0.019507
355.965761  -0.019532
355.985761  -0.019507
356.005760  -0.019495
356.025759  -0.019778
356.045758  -0.019716
356.065757  -0.019483
356.085757  -0.019483
356.105756  -0.019372
356.125755  -0.019311
356.145754  -0.019040
356.165753  -0.018905
356.185753  -0.018634
356.205752  -0.018561
356.225751  -0.018180
356.245750  -0.018069
356.265749  -0.017971
356.285749  -0.017713
356.305748  -0.017491
356.325747  -0.017516
356.345746  -0.017012
356.365745  -0.016742
356.385745  -0.016348
356.405744  -0.016422
356.425743  -0.016041
356.445742  -0.016238
356.465741  -0.016176
356.485741  -0.016262
356.505740  -0.016397
356.525739  -0.017233
356.545738  -0.017430
356.565737  -0.017971
356.585737  -0.018303
356.605736  -0.018167
356.625735  -0.018671
356.645734  -0.019237
356.665733  -0.018966
356.685733  -0.019052
356.705732  -0.019028
356.725731  -0.018991
356.745730  -0.019028
356.765729  -0.018942
356.785729  -0.018917
356.805728  -0.018819
356.825727  -0.018524
356.845726  -0.018708
356.865725  -0.018462
356.885725  -0.018044
356.905724  -0.018106
356.925723  -0.018020
356.945722  -0.018057
356.965721  -0.017897
356.985721  -0.017836
357.005720  -0.017676
357.025719  -0.017454
357.045718  -0.017258
357.065717  -0.017258
357.085717  -0.017110
357.105716  -0.016889
357.125715  -0.016901
357.145714  -0.016680
357.165713  -0.016778
357.185713  -0.016594
357.205712  -0.016410
357.225711  -0.016225
357.245710  -0.016336
357.265709  -0.016385
357.285709  -0.016705
357.305708  -0.017061
357.325707  -0.016901
357.345706  -0.017037
357.365705  -0.016901
357.385705  -0.017639
357.405704  -0.017983
357.425703  -0.017811
357.445702  -0.017983
357.465701  -0.017860
357.485701  -0.018155
357.505700  -0.018069
357.525699  -0.017762
357.545698  -0.018253
357.565697  -0.018450
357.585697  -0.018339
357.605696  -0.018290
357.625695  -0.018450
357.645694  -0.018389
357.665693  -0.018376
357.685693  -0.018573
357.705692  -0.018217
357.725691  -0.018376
357.745690  -0.018389
357.765689  -0.018155
357.785689  -0.018303
357.805688  -0.018217
357.825687  -0.018253
357.845686  -0.017971
357.865685  -0.018266
357.885685  -0.018131
357.905684  -0.018376
357.925683  -0.018020
357.945682  -0.018081
357.965681  -0.018118
357.985681  -0.018352
358.005680  -0.018979
358.025679  -0.019679
358.045678  -0.025813
358.065677  -0.026034
358.085677  -0.027865
358.105676  -0.029181
358.125675  -0.028873
358.145674  -0.028947
358.165673  -0.028308
358.185673  -0.028087
358.205672  -0.027570
358.225671  -0.027030
358.245670  -0.026415
358.265669  -0.025837
358.285669  -0.025788
358.305668  -0.025395
358.325667  -0.025321
358.345666  -0.025112
358.365665  -0.024915
358.385665  -0.024854
358.405664  -0.025321
358.425663  -0.025321
358.445662  -0.025284
358.465661  -0.024965
358.485661  -0.024411
358.505660  -0.024547
358.525659  -0.024510
358.545658  -0.024436
358.565657  -0.024387
358.585657  -0.024067
358.605656  -0.024264
358.625655  -0.024030
358.645654  -0.023895
358.665653  -0.023797
358.685653  -0.023809
358.705652  -0.024104
358.725651  -0.023600
358.745650  -0.023723
358.765649  -0.023576
358.785649  -0.023760
358.805648  -0.023588
358.825647  -0.023539
358.845646  -0.023318
358.865645  -0.023477
358.885645  -0.023268
358.905644  -0.022887
358.925643  -0.022936
358.945642  -0.023023
358.965641  -0.023109
358.985641  -0.023133
359.005640  -0.023268
359.025639  -0.022875
359.045638  -0.022949
359.065637  -0.022555
359.085637  -0.023072
359.105636  -0.023416
359.125635  -0.023883
359.145634  -0.024313
359.165633  -0.024829
359.185633  -0.024596
359.205632  -0.024436
359.225631  -0.024891
359.245630  -0.024670
359.265629  -0.024731
359.285629  -0.024596
359.305628  -0.024719
359.325627  -0.024780
359.345626  -0.024584
359.365625  -0.024559
359.385625  -0.024805
359.405624  -0.024780
359.425623  -0.024780
359.445622  -0.024694
359.465621  -0.024719
359.485621  -0.024682
359.505620  -0.024547
359.525619  -0.024510
359.545618  -0.024264
359.565617  -0.024141
359.585617  -0.024129
359.605616  -0.024424
359.625615  -0.024264
359.645614  -0.023834
359.665613  -0.023981
359.685613  -0.023981
359.705612  -0.023723
359.725611  -0.023809
359.745610  -0.023711
359.765609  -0.023760
359.785609  -0.023674
359.805608  -0.023539
359.825607  -0.023453
359.845606  -0.023170
359.865605  -0.023453
359.885605  -0.023490
359.905604  -0.023330
359.925603  -0.023195
359.945602  -0.023121
359.965601  -0.023096
359.985601  -0.023084
360.005600  -0.022986
360.025599  -0.023121
360.045598  -0.022838
360.065597  -0.022654
360.085597  -0.022752
360.105596  -0.022912
360.125595  -0.022715
360.145594  -0.022531
360.165593  -0.022691
360.185593  -0.022752
360.205592  -0.022555
360.225591  -0.023133
360.245590  -0.023711
360.265589  -0.023846
360.285589  -0.024092
360.305588  -0.024104
360.325587  -0.024203
360.345586  -0.024116
360.365585  -0.024116
360.385585  -0.024239
360.405584  -0.024239
360.425583  -0.024116
360.445582  -0.024006
360.465581  -0.023821
360.485581  -0.023871
360.505580  -0.023944
360.525579  -0.023944
360.545578  -0.023613
360.565577  -0.023674
360.585577  -0.023785
360.605576  -0.023404
360.625575  -0.023367
360.645574  -0.023637
360.665573  -0.022973
360.685573  -0.023219
360.705572  -0.023207
360.725571  -0.023035
360.745570  -0.022912
360.765569  -0.022801
360.785569  -0.022936
360.805568  -0.022555
360.825567  -0.022506
360.845566  -0.022433
360.865565  -0.022236
360.885565  -0.022199
360.905564  -0.022125
360.925563  -0.021929
360.945562  -0.021978
360.965561  -0.021978
360.985561  -0.021584
361.005560  -0.021670
361.025559  -0.021720
361.045558  -0.021400
361.065557  -0.021277
361.085557  -0.021511
361.105556  -0.021400
361.125555  -0.021228
361.145554  -0.021228
361.165553  -0.020994
361.185553  -0.021117
361.205552  -0.020908
361.225551  -0.021191
361.245550  -0.021105
361.265549  -0.021117
361.285549  -0.021572
361.305548  -0.021400
361.325547  -0.021031
361.345546  -0.022482
361.365545  -0.027288
361.385545  -0.027398
361.405544  -0.030410
361.425543  -0.031159
361.445542  -0.031491
361.465541  -0.031922
361.485541  -0.031995
361.505540  -0.031565
361.525539  -0.030692
361.545538  -0.030053
361.565537  -0.029648
361.585537  -0.029660
361.605536  -0.029365
361.625535  -0.028984
361.645534  -0.028652
361.665533  -0.028664
361.685533  -0.028640
361.705532  -0.028689
361.725531  -0.027939
361.745530  -0.028873
361.765529  -0.029217
361.785529  -0.029709
361.805528  -0.029783
361.825527  -0.028886
361.845526  -0.028849
361.865525  -0.029008
361.885525  -0.029193
361.905524  -0.028812
361.925523  -0.028332
361.945522  -0.027939
361.965521  -0.027792
361.985521  -0.027546
362.005520  -0.027718
362.025519  -0.027742
362.045518  -0.027792
362.065517  -0.027472
362.085517  -0.027263
362.105516  -0.026968
362.125515  -0.027472
362.145514  -0.028394
362.165513  -0.028541
362.185513  -0.029254
362.205512  -0.029648
362.225511  -0.030262
362.245510  -0.031811
362.265509  -0.033446
362.285509  -0.031393
362.305508  -0.030606
362.325507  -0.030631
362.345506  -0.030250
362.365505  -0.030385
362.385505  -0.030422
362.405504  -0.030164
362.425503  -0.029389
362.445502  -0.028996
362.465501  -0.028996
362.485501  -0.029389
362.505500  -0.029586
362.525499  -0.029242
362.545498  -0.028787
362.565497  -0.028713
362.585497  -0.030078
362.605496  -0.031393
362.625495  -0.028849
362.645494  -0.028578
362.665493  -0.031295
362.685493  -0.031393
362.705492  -0.030692
362.725491  -0.029832
362.745490  -0.029168
362.765489  -0.028959
362.785489  -0.029230
362.805488  -0.029254
362.825487  -0.029476
362.845486  -0.028726
362.865485  -0.028726
362.885485  -0.028308
362.905484  -0.028406
362.925483  -0.028726
362.945482  -0.028308
362.965481  -0.028578
362.985481  -0.028861
363.005480  -0.029549
363.025479  -0.029021
363.045478  -0.028787
363.065477  -0.028468
363.085477  -0.028468
363.105476  -0.028984
363.125475  -0.029279
363.145474  -0.029119
363.165473  -0.028689
363.185473  -0.028382
363.205472  -0.028701
363.225471  -0.028259
363.245470  -0.027816
363.265469  -0.027742
363.285469  -0.027890
363.305468  -0.027804
363.325467  -0.027411
363.345466  -0.027312
363.365465  -0.027152
363.385465  -0.026956
363.405464  -0.026710
363.425463  -0.026821
363.445462  -0.027411
363.465461  -0.026870
363.485461  -0.027644
363.505460  -0.030815
363.525459  -0.018364
363.545458  -0.025149
363.565457  -0.026403
363.585457  -0.027312
363.605456  -0.031528
363.625455  -0.030705
363.645454  -0.022125
363.665453  -0.025899
363.685453  -0.030238
363.705452  -0.013767
363.725451  -0.021978
363.745450  -0.028935
363.765449  -0.019876
363.785449  -0.013804
363.805448  -0.029070
363.825447  -0.016299
363.845446  -0.011985
363.865445  -0.017135
363.885445  -0.022174
363.905444  -0.020577
363.925443  -0.015611
363.945442  -0.018020
363.965441  -0.012427
363.985441  -0.028898
364.005440  -0.012464
364.025439  -0.010633
364.045438  -0.009133
364.065437  -0.007732
364.085437  -0.004561
364.105436  -0.003737
364.125435  -0.001537
364.145434  0.003478
364.165433  0.007657
364.185433  0.010189
364.205432  0.014589
364.225431  0.018928
364.245430  0.022185
364.265429  0.025639
364.285429  0.028761
364.305428  0.032191
364.325427  0.034538
364.345426  0.036370
364.365425  0.038164
364.385425  0.039762
364.405424  0.040807
364.425423  0.041692
364.445422  0.042221
364.465421  0.042442
364.485421  0.043327
364.505420  0.043671
364.525419  0.043917
364.545418  0.044163
364.565417  0.044064
364.585417  0.044679
364.605416  0.044495
364.625415  0.045023
364.645414  0.044998
364.665413  0.045220
364.685413  0.045306
364.705412  0.045539
364.725411  0.045576
364.745410  0.045908
364.765409  0.045908
364.785409  0.045994
364.805408  0.045970
364.825407  0.046264
364.845406  0.046437
364.865405  0.046572
364.885405  0.046437
364.905404  0.046498
364.925403  0.046400
364.945402  0.046695
364.965401  0.046584
364.985401  0.047088
365.005400  0.046842
365.025399  0.047137
365.045398  0.047125
365.065397  0.047039
365.085397  0.047063
365.105396  0.046867
365.125395  0.047162
365.145394  0.047113
365.165393  0.046977
365.185393  0.047076
365.205392  0.047174
365.225391  0.047248
365.245390  0.047223
365.265389  0.047199
365.285389  0.047113
365.305388  0.047358
365.325387  0.047285
365.345386  0.047211
365.365385  0.047211
365.385385  0.047432
365.405384  0.047371
365.425383  0.047383
365.445382  0.047223
365.465381  0.047223
365.485381  0.047248
365.505380  0.047395
365.525379  0.047285
365.545378  0.047334
365.565377  0.046941
365.585377  0.047371
365.605376  0.047285
365.625375  0.047088
365.645374  0.047272
365.665373  0.047395
365.685373  0.047014
365.705372  0.047186
365.725371  0.047506
365.745370  0.047322
365.765369  0.047309
365.785369  0.047309
365.805368  0.047555
365.825367  0.047395
365.845366  0.047469
365.865365  0.046965
365.885365  0.047444
365.905364  0.047199
365.925363  0.047567
365.945362  0.047260
365.965361  0.047334
365.985361  0.047408
366.005360  0.047199
366.025359  0.047371
366.045358  0.047211
366.065357  0.047186
366.085357  0.047149
366.105356  0.047113
366.125355  0.047236
366.145354  0.047383
366.165353  0.047051
366.185353  0.047346
366.205352  0.047432
366.225351  0.047260
366.245350  0.047408
366.265349  0.047432
366.285349  0.047322
366.305348  0.047371
366.325347  0.047211
366.345346  0.047297
366.365345  0.047395
366.385345  0.047518
366.405344  0.047371
366.425343  0.047567
366.445342  0.047358
366.465341  0.047383
366.485341  0.047739
366.505340  0.047420
366.525339  0.047211
366.545338  0.047272
366.565337  0.047260
366.585337  0.047272
366.605336  0.047174
366.625335  0.047149
366.645334  0.047285
366.665333  0.047002
366.685333  0.047149
366.705332  0.047100
366.725331  0.047236
366.745330  0.047371
366.765329  0.047076
366.785329  0.047039
366.805328  0.046965
366.825327  0.047174
366.845326  0.047174
366.865325  0.047346
366.885325  0.047149
366.905324  0.047408
366.925323  0.047162
366.945322  0.047199
366.965321  0.046953
366.985321  0.047027
367.005320  0.047346
367.025319  0.047100
367.045318  0.047113
367.065317  0.047027
367.085317  0.047014
367.105316  0.047211
367.125315  0.047063
367.145314  0.047125
367.165313  0.047125
367.185313  0.047272
367.205312  0.047236
367.225311  0.047223
367.245310  0.047162
367.265309  0.047211
367.285309  0.047358
367.305308  0.046928
367.325307  0.046953
367.345306  0.046916
367.365305  0.046977
367.385305  0.047174
367.405304  0.046867
367.425303  0.047137
367.445302  0.047174
367.465301  0.046928
367.485301  0.047199
367.505300  0.047174
367.525299  0.046879
367.545298  0.046830
367.565297  0.046928
367.585297  0.046965
367.605296  0.047027
367.625295  0.047039
367.645294  0.046867
367.665293  0.047014
367.685293  0.046953
367.705292  0.046830
367.725291  0.046781
367.745290  0.047002
367.765289  0.047014
367.785289  0.046854
367.805288  0.047027
367.825287  0.046830
367.845286  0.046928
367.865285  0.046793
367.885285  0.046535
367.905284  0.046928
367.925283  0.046891
367.945282  0.047014
367.965281  0.047063
367.985281  0.047014
368.005280  0.046965
368.025279  0.046756
368.045278  0.046498
368.065277  0.046904
368.085277  0.047076
368.105276  0.046670
368.125275  0.046793
368.145274  0.046670
368.165273  0.046941
368.185273  0.046805
368.205272  0.046793
368.225271  0.046768
368.245270  0.046756
368.265269  0.046732
368.285269  0.046633
368.305268  0.047002
368.325267  0.046523
368.345266  0.046695
368.365265  0.046707
368.385265  0.046559
368.405264  0.046707
368.425263  0.046953
368.445262  0.046670
368.465261  0.046658
368.485261  0.046621
368.505260  0.046916
368.525259  0.046572
368.545258  0.046756
368.565257  0.046523
368.585257  0.046867
368.605256  0.046719
368.625255  0.046523
368.645254  0.046695
368.665253  0.046732
368.685253  0.046682
368.705252  0.046596
368.725251  0.046363
368.745250  0.046547
368.765249  0.046547
368.785249  0.046351
368.805248  0.046646
368.825247  0.046596
368.845246  0.046363
368.865245  0.046473
368.885245  0.046375
368.905244  0.046572
368.925243  0.046449
368.945242  0.046633
368.965241  0.046633
368.985241  0.046559
369.005240  0.046387
369.025239  0.046510
369.045238  0.046621
369.065237  0.046646
369.085237  0.046375
369.105236  0.046338
369.125235  0.046498
369.145234  0.046646
369.165233  0.046584
369.185233  0.046043
369.205232  0.046559
369.225231  0.046252
369.245230  0.046449
369.265229  0.046621
369.285229  0.046215
369.305228  0.046240
369.325227  0.046793
369.345226  0.046375
369.365225  0.046596
369.385225  0.046486
369.405224  0.046154
369.425223  0.046314
369.445222  0.046178
369.465221  0.046646
369.485221  0.046486
369.505220  0.046437
369.525219  0.046375
369.545218  0.046375
369.565217  0.046596
369.585217  0.046424
369.605216  0.046473
369.625215  0.046621
369.645214  0.046301
369.665213  0.046228
369.685213  0.046252
369.705212  0.046154
369.725211  0.046559
369.745210  0.046228
369.765209  0.046510
369.785209  0.046363
369.805208  0.046351
369.825207  0.046228
369.845206  0.046277
369.865205  0.046400
369.885205  0.046203
369.905204  0.046424
369.925203  0.046301
369.945202  0.046240
369.965201  0.046658
369.985201  0.046437
370.005200  0.046142
370.025199  0.046166
370.045198  0.046461
370.065197  0.046547
370.085197  0.046142
370.105196  0.046252
370.125195  0.046338
370.145194  0.046326
370.165193  0.046203
370.185193  0.046068
370.205192  0.046351
370.225191  0.046203
370.245190  0.046523
370.265189  0.046351
370.285189  0.046510
370.305188  0.046338
370.325187  0.046301
370.345186  0.046043
370.365185  0.046129
370.385185  0.046264
370.405184  0.046166
370.425183  0.046203
370.445182  0.046178
370.465181  0.046621
370.485181  0.046351
370.505180  0.046191
370.525179  0.046240
370.545178  0.046326
370.565177  0.046289
370.585177  0.046351
370.605176  0.046498
370.625175  0.046264
370.645174  0.046191
370.665173  0.046252
370.685173  0.046461
370.705172  0.046338
370.725171  0.046142
370.745170  0.046154
370.765169  0.046117
370.785169  0.046437
370.805168  0.046375
370.825167  0.046228
370.845166  0.046400
370.865165  0.046375
370.885165  0.046203
370.905164  0.046301
370.925163  0.046461
370.945162  0.046351
370.965161  0.046166
370.985161  0.046277
371.005160  0.046338
371.025159  0.046289
371.045158  0.046092
371.065157  0.045994
371.085157  0.046154
371.105156  0.046535
371.125155  0.046301
371.145154  0.046326
371.165153  0.046351
371.185153  0.046314
371.205152  0.046277
371.225151  0.046375
371.245150  0.045920
371.265149  0.046129
371.285149  0.046363
371.305148  0.046400
371.325147  0.046449
371.345146  0.046375
371.365145  0.046547
371.385145  0.046547
371.405144  0.046191
371.425143  0.046166
371.445142  0.046523
371.465141  0.046351
371.485141  0.046129
371.505140  0.046473
371.525139  0.046498
371.545138  0.046461
371.565137  0.046326
371.585137  0.046363
371.605136  0.046473
371.625135  0.046596
371.645134  0.046670
371.665133  0.046621
371.685133  0.046412
371.705132  0.046547
371.725131  0.046547
371.745130  0.046215
371.765129  0.046461
371.785129  0.046338
371.805128  0.046375
371.825127  0.046264
371.845126  0.046400
371.865125  0.046498
371.885125  0.046486
371.905124  0.046633
371.925123  0.046486
371.945122  0.046424
371.965121  0.046326
371.985121  0.046191
372.005120  0.046486
372.025119  0.046375
372.045118  0.046264
372.065117  0.046301
372.085117  0.046400
372.105116  0.046461
372.125115  0.046338
372.145114  0.046633
372.165113  0.046437
372.185113  0.046449
372.205112  0.046646
372.225111  0.046375
372.245110  0.046744
372.265109  0.046510
372.285109  0.046461
372.305108  0.046351
372.325107  0.046695
372.345106  0.046596
372.365105  0.046805
372.385105  0.046559
372.405104  0.046559
372.425103  0.046781
372.445102  0.046658
372.465101  0.046707
372.485101  0.046670
372.505100  0.046596
372.525099  0.046535
372.545098  0.047027
372.565097  0.046609
372.585097  0.046596
372.605096  0.046498
372.625095  0.046559
372.645094  0.046818
372.665093  0.046584
372.685093  0.046351
372.705092  0.046400
372.725091  0.046547
372.745090  0.046756
372.765089  0.046646
372.785089  0.046486
372.805088  0.046449
372.825087  0.046535
372.845086  0.046682
372.865085  0.046535
372.885085  0.046793
372.905084  0.046584
372.925083  0.046572
372.945082  0.046793
372.965081  0.046461
372.985081  0.046756
373.005080  0.046658
373.025079  0.046523
373.045078  0.046805
373.065077  0.046867
373.085077  0.046424
373.105076  0.046387
373.125075  0.046498
373.145074  0.046486
373.165073  0.046437
373.185073  0.046547
373.205072  0.046621
373.225071  0.046732
373.245070  0.046633
373.265069  0.046498
373.285069  0.046252
373.305068  0.046658
373.325067  0.046584
373.345066  0.046633
373.365065  0.046473
373.385065  0.046523
373.405064  0.046596
373.425063  0.046682
373.445062  0.046658
373.465061  0.046646
373.485061  0.046523
373.505060  0.046658
373.525059  0.047051
373.545058  0.046732
373.565057  0.046498
373.585057  0.046510
373.605056  0.046584
373.625055  0.046818
373.645054  0.046719
373.665053  0.046498
373.685053  0.046596
373.705052  0.046510
373.725051  0.046719
373.745050  0.046818
373.765049  0.046596
373.785049  0.046830
373.805048  0.046473
373.825047  0.046559
373.845046  0.046621
373.865045  0.046695
373.885045  0.046633
373.905044  0.046658
373.925043  0.046473
373.945042  0.046596
373.965041  0.046596
373.985041  0.046523
374.005040  0.046916
374.025039  0.046842
374.045038  0.046842
374.065037  0.046584
374.085037  0.046830
374.105036  0.046547
374.125035  0.046916
374.145034  0.046695
374.165033  0.046682
374.185033  0.046584
374.205032  0.046928
374.225031  0.046658
374.245030  0.046854
374.265029  0.046928
374.285029  0.046498
374.305028  0.046535
374.325027  0.046670
374.345026  0.046768
374.365025  0.046793
374.385025  0.046596
374.405024  0.046695
374.425023  0.046756
374.445022  0.046756
374.465021  0.046547
374.485021  0.046572
374.505020  0.046646
374.525019  0.046682
374.545018  0.046818
374.565017  0.047014
374.585017  0.046658
374.605016  0.047014
374.625015  0.046547
374.645014  0.046941
374.665013  0.046744
374.685013  0.046732
374.705012  0.046682
374.725011  0.046314
374.745010  0.046658
374.765009  0.046756
374.785009  0.046473
374.805008  0.046768
374.825007  0.046928
374.845006  0.046781
374.865005  0.047014
374.885005  0.046732
374.905004  0.046670
374.925003  0.046719
374.945002  0.046695
374.965001  0.046215
374.985001  0.046670
375.005000  0.046400
375.024999  0.046682
375.044998  0.046695
375.064997  0.046658
375.084997  0.046535
375.104996  0.046387
375.124995  0.046646
375.144994  0.046178
375.164993  0.046277
375.184993  0.046523
375.204992  0.046301
375.224991  0.046461
375.244990  0.046338
375.264989  0.046351
375.284989  0.046338
375.304988  0.046805
375.324987  0.046326
375.344986  0.046240
375.364985  0.046473
375.384985  0.046375
375.404984  0.046400
375.424983  0.046363
375.444982  0.046424
375.464981  0.046105
375.484981  0.046178
375.504980  0.046191
375.524979  0.046129
375.544978  0.045970
375.564977  0.046228
375.584977  0.046228
375.604976  0.045933
375.624975  0.046314
375.644974  0.045970
375.664973  0.045957
375.684973  0.045871
375.704972  0.045957
375.724971  0.046154
375.744970  0.045945
375.764969  0.045945
375.784969  0.045871
375.804968  0.045797
375.824967  0.045847
375.844966  0.045896
375.864965  0.045711
375.884965  0.045859
375.904964  0.045736
375.924963  0.045552
375.944962  0.045699
375.964961  0.045441
375.984961  0.045466
376.004960  0.045638
376.024959  0.045453
376.044958  0.045453
376.064957  0.045220
376.084957  0.045466
376.104956  0.045527
376.124955  0.045527
376.144954  0.045502
376.164953  0.045416
376.184953  0.045478
376.204952  0.045490
376.224951  0.045441
376.244950  0.045380
376.264949  0.045355
376.284949  0.045257
376.304948  0.045478
376.324947  0.045232
376.344946  0.044949
376.364945  0.044839
376.384945  0.045306
376.404944  0.044814
376.424943  0.045048
376.444942  0.044998
376.464941  0.044839
376.484941  0.044765
376.504940  0.044790
376.524939  0.044998
376.544938  0.044986
376.564937  0.044716
376.584937  0.044790
376.604936  0.044445
376.624935  0.044679
376.644934  0.044654
376.664933  0.044790
376.684933  0.044654
376.704932  0.044556
376.724931  0.044544
376.744930  0.044949
376.764929  0.044691
376.784929  0.044802
376.804928  0.044556
376.824927  0.044593
376.844926  0.044495
376.864925  0.044408
376.884925  0.044040
376.904924  0.044396
376.924923  0.044654
376.944922  0.044113
376.964921  0.044372
376.984921  0.044113
377.004920  0.044470
377.024919  0.044163
377.044918  0.043880
377.064917  0.044163
377.084917  0.044187
377.104916  0.044212
377.124915  0.043880
377.144914  0.043831
377.164913  0.044027
377.184913  0.044347
377.204912  0.043892
377.224911  0.043880
377.244910  0.044040
377.264909  0.043782
377.284909  0.043782
377.304908  0.043905
377.324907  0.043757
377.344906  0.043573
377.364905  0.043413
377.384905  0.043560
377.404904  0.043622
377.424903  0.043376
377.444902  0.043597
377.464901  0.043523
377.484901  0.043376
377.504900  0.043597
377.524899  0.043364
377.544898  0.043499
377.564897  0.043167
377.584897  0.043523
377.604896  0.043671
377.624895  0.043437
377.644894  0.043278
377.664893  0.043315
377.684893  0.042688
377.704892  0.043511
377.724891  0.043093
377.744890  0.043327
377.764889  0.043290
377.784889  0.043044
377.804888  0.043216
377.824887  0.042970
377.844886  0.042983
377.864885  0.042983
377.884885  0.043265
377.904884  0.042884
377.924883  0.043032
377.944882  0.042897
377.964881  0.042995
377.984881  0.042983
378.004880  0.042774
378.024879  0.042798
378.044878  0.042811
378.064877  0.043130
378.084877  0.042872
378.104876  0.042958
378.124875  0.042946
378.144874  0.042749
378.164873  0.042688
378.184873  0.042688
378.204872  0.042688
378.224871  0.042614
378.244870  0.042860
378.264869  0.042639
378.284869  0.042393
378.304868  0.042552
378.324867  0.042688
378.344866  0.042516
378.364865  0.042786
378.384865  0.042368
378.404864  0.042737
378.424863  0.042344
378.444862  0.042688
378.464861  0.042565
378.484861  0.042688
378.504860  0.042589
378.524859  0.042405
378.544858  0.042614
378.564857  0.042614
378.584857  0.042688
378.604856  0.042675
378.624855  0.042614
378.644854  0.042503
378.664853  0.042380
378.684853  0.042725
378.704852  0.042651
378.724851  0.042552
378.744850  0.042393
378.764849  0.042430
378.784849  0.042417
378.804848  0.042528
378.824847  0.042540
378.844846  0.042307
378.864845  0.042257
378.884845  0.042184
378.904844  0.042307
378.924843  0.042257
378.944842  0.042380
378.964841  0.042393
378.984841  0.042565
379.004840  0.042282
379.024839  0.042257
379.044838  0.042442
379.064837  0.042417
379.084837  0.042466
379.104836  0.042454
379.124835  0.042380
379.144834  0.042257
379.164833  0.042356
379.184833  0.042454
379.204832  0.042417
379.224831  0.042405
379.244830  0.042147
379.264829  0.042368
379.284829  0.042221
379.304828  0.042319
379.324827  0.042135
379.344826  0.042356
379.364825  0.042085
379.384825  0.042073
379.404824  0.042319
379.424823  0.042331
379.444822  0.042270
379.464821  0.042331
379.484821  0.042454
379.504820  0.042466
379.524819  0.042307
379.544818  0.042307
379.564817  0.042294
379.584817  0.042221
379.604816  0.042245
379.624815  0.042221
379.644814  0.042196
379.664813  0.042282
379.684813  0.042651
379.704812  0.042135
379.724811  0.042442
379.744810  0.042196
379.764809  0.042208
379.784809  0.042159
379.804808  0.042221
379.824807  0.042196
379.844806  0.042257
379.864805  0.042270
379.884805  0.042147
379.904804  0.042147
379.924803  0.042184
379.944802  0.042331
379.964801  0.042380
379.984801  0.042491
380.004800  0.042184
380.024799  0.042380
380.044798  0.042208
380.064797  0.042208
380.084797  0.042307
380.104796  0.042184
380.124795  0.042491
380.144794  0.042368
380.164793  0.042405
380.184793  0.042294
380.204792  0.042221
380.224791  0.042454
380.244790  0.042405
380.264789  0.042208
380.284789  0.042393
380.304788  0.042024
380.324787  0.042282
380.344786  0.042331
380.364785  0.042368
380.384785  0.042344
380.404784  0.042098
380.424783  0.042380
380.444782  0.042356
380.464781  0.042528
380.484781  0.042417
380.504780  0.042368
380.524779  0.042479
380.544778  0.042749
380.564777  0.042454
380.584777  0.042725
380.604776  0.042528
380.624775  0.042491
380.644774  0.042417
380.664773  0.042344
380.684773  0.042245
380.704772  0.042466
380.724771  0.042380
380.744770  0.042491
380.764769  0.042466
380.784769  0.042725
380.804768  0.042663
380.824767  0.042516
380.844766  0.042565
380.864765  0.042466
380.884765  0.042798
380.904764  0.042454
380.924763  0.042565
380.944762  0.042626
380.964761  0.042860
380.984761  0.042847
381.004760  0.042651
381.024759  0.042872
381.044758  0.042823
381.064757  0.042897
381.084757  0.042823
381.104756  0.042503
381.124755  0.042663
381.144754  0.042995
381.164753  0.042540
381.184753  0.042835
381.204752  0.042626
381.224751  0.043118
381.244750  0.042983
381.264749  0.042688
381.284749  0.042946
381.304748  0.042835
381.324747  0.042897
381.344746  0.043020
381.364745  0.042516
381.384745  0.042798
381.404744  0.042798
381.424743  0.042823
381.444742  0.043192
381.464741  0.043056
381.484741  0.043290
381.504740  0.042811
381.524739  0.043093
381.544738  0.043241
381.564737  0.042884
381.584737  0.043142
381.604736  0.043229
381.624735  0.043130
381.644734  0.043167
381.664733  0.043192
381.684733  0.043290
381.704732  0.043253
381.724731  0.043265
381.744730  0.043278
381.764729  0.043167
381.784729  0.043253
381.804728  0.043388
381.824727  0.043241
381.844726  0.043179
381.864725  0.043523
381.884725  0.043437
381.904724  0.043474
381.924723  0.043413
381.944722  0.043474
381.964721  0.043462
381.984721  0.043585
382.004720  0.043339
382.024719  0.043536
382.044718  0.043523
382.064717  0.043511
382.084717  0.043696
382.104716  0.043511
382.124715  0.043708
382.144714  0.043610
382.164713  0.043437
382.184713  0.043917
382.204712  0.043769
382.224711  0.043880
382.244710  0.043622
382.264709  0.043892
382.284709  0.043991
382.304708  0.043880
382.324707  0.044236
382.344706  0.043929
382.364705  0.043622
382.384705  0.043782
382.404704  0.043855
382.424703  0.044052
382.444702  0.043880
382.464701  0.043573
382.484701  0.043757
382.504700  0.043782
382.524699  0.043929
382.544698  0.043782
382.564697  0.043794
382.584697  0.043794
382.604696  0.044249
382.624695  0.043892
382.644694  0.044224
382.664693  0.044015
382.684693  0.043978
382.704692  0.043794
382.724691  0.044052
382.744690  0.044003
382.764689  0.043683
382.784689  0.044077
382.804688  0.044372
382.824687  0.044027
382.844686  0.044113
382.864685  0.044138
382.884685  0.044175
382.904684  0.044236
382.924683  0.044113
382.944682  0.043782
382.964681  0.044200
382.984681  0.044286
383.004680  0.044359
383.024679  0.044126
383.044678  0.044064
383.064677  0.044200
383.084677  0.044101
383.104676  0.044077
383.124675  0.044310
383.144674  0.044126
383.164673  0.044187
383.184673  0.044040
383.204672  0.044077
383.224671  0.043794
383.244670  0.044040
383.264669  0.043929
383.284669  0.044027
383.304668  0.044138
383.324667  0.044310
383.344666  0.044150
383.364665  0.044126
383.384665  0.044347
383.404664  0.044089
383.424663  0.044113
383.444662  0.043732
383.464661  0.044015
383.484661  0.044126
383.504660  0.044372
383.524659  0.044027
383.544658  0.044089
383.564657  0.044101
383.584657  0.044040
383.604656  0.044064
383.624655  0.043818
383.644654  0.044077
383.664653  0.044015
383.684653  0.044310
383.704652  0.043991
383.724651  0.044077
383.744650  0.044052
383.764649  0.043880
383.784649  0.043634
383.804648  0.044040
383.824647  0.043720
383.844646  0.043978
383.864645  0.043954
383.884645  0.043905
383.904644  0.043818
383.924643  0.043732
383.944642  0.043757
383.964641  0.043782
383.984641  0.043646
384.004640  0.043991
384.024639  0.043671
384.044638  0.043720
384.064637  0.043511
384.084637  0.043745
384.104636  0.043474
384.124635  0.043806
384.144634  0.043597
384.164633  0.043892
384.184633  0.043462
384.204632  0.043413
384.224631  0.043511
384.244630  0.043585
384.264629  0.043634
384.284629  0.043511
384.304628  0.043536
384.324627  0.043474
384.344626  0.043720
384.364625  0.043536
384.384625  0.043671
384.404624  0.043573
384.424623  0.043278
384.444622  0.043523
384.464621  0.043437
384.484621  0.043142
384.504620  0.043462
384.524619  0.043401
384.544618  0.043536
384.564617  0.043265
384.584617  0.043351
384.604616  0.043315
384.624615  0.043253
384.644614  0.043093
384.664613  0.043167
384.684613  0.043290
384.704612  0.043032
384.724611  0.042897
384.744610  0.042958
384.764609  0.042761
384.784609  0.042995
384.804608  0.042614
384.824607  0.042774
384.844606  0.042786
384.864605  0.042565
384.884605  0.042552
384.904604  0.042737
384.924603  0.042565
384.944602  0.042675
384.964601  0.042725
384.984601  0.043069
385.004600  0.042430
385.024599  0.042761
385.044598  0.042294
385.064597  0.042651
385.084597  0.042589
385.104596  0.042700
385.124595  0.042602
385.144594  0.042651
385.164593  0.042417
385.184593  0.042565
385.204592  0.042516
385.224591  0.042430
385.244590  0.042491
385.264589  0.042270
385.284589  0.042356
385.304588  0.042245
385.324587  0.042663
385.344586  0.042184
385.364585  0.042159
385.384585  0.042282
385.404584  0.042073
385.424583  0.042073
385.444582  0.041987
385.464581  0.042049
385.484581  0.041840
385.504580  0.042282
385.524579  0.041876
385.544578  0.041754
385.564577  0.041581
385.584577  0.041643
385.604576  0.041766
385.624575  0.041852
385.644574  0.041766
385.664573  0.041852
385.684573  0.041569
385.704572  0.041741
385.724571  0.041643
385.744570  0.041557
385.764569  0.041545
385.784569  0.041520
385.804568  0.041704
385.824567  0.041692
385.844566  0.041520
385.864565  0.041581
385.884565  0.041667
385.904564  0.041643
385.924563  0.041372
385.944562  0.041225
385.964561  0.041483
385.984561  0.041446
386.004560  0.041336
386.024559  0.041286
386.044558  0.041250
386.064557  0.041274
386.084557  0.041065
386.104556  0.041286
386.124555  0.041237
386.144554  0.041336
386.164553  0.041348
386.184553  0.041102
386.204552  0.041102
386.224551  0.041360
386.244550  0.041213
386.264549  0.041028
386.284549  0.041372
386.304548  0.041041
386.324547  0.041188
386.344546  0.041065
386.364545  0.040782
386.384545  0.041127
386.404544  0.041041
386.424543  0.041090
386.444542  0.041065
386.464541  0.040918
386.484541  0.040979
386.504540  0.041028
386.524539  0.040844
386.544538  0.041016
386.564537  0.040991
386.584537  0.040991
386.604536  0.040893
386.624535  0.040807
386.644534  0.040905
386.664533  0.041077
386.684533  0.040979
386.704532  0.040832
386.724531  0.040832
386.744530  0.040819
386.764529  0.040856
386.784529  0.040832
386.804528  0.040684
386.824527  0.040881
386.844526  0.040758
386.864525  0.040721
386.884525  0.040795
386.904524  0.040746
386.924523  0.040537
386.944522  0.040782
386.964521  0.040893
386.984521  0.040328
387.004520  0.040893
387.024519  0.040696
387.044518  0.040782
387.064517  0.040770
387.084517  0.040537
387.104516  0.040672
387.124515  0.041077
387.144514  0.040733
387.164513  0.040770
387.184513  0.040881
387.204512  0.040733
387.224511  0.040561
387.244510  0.040881
387.264509  0.039984
387.284509  0.040696
387.304508  0.040537
387.324507  0.040463
387.344506  0.040340
387.364505  0.040635
387.384505  0.040586
387.404504  0.040770
387.424503  0.040623
387.444502  0.040770
387.464501  0.040746
387.484501  0.040586
387.504500  0.040782
387.524499  0.040709
387.544498  0.040561
387.564497  0.040340
387.584497  0.040365
387.604496  0.040475
387.624495  0.040389
387.644494  0.040500
387.664493  0.040451
387.684493  0.040315
387.704492  0.040561
387.724491  0.040328
387.744490  0.040426
387.764489  0.040328
387.784489  0.040463
387.804488  0.040598
387.824487  0.040340
387.844486  0.040389
387.864485  0.040549
387.884485  0.040205
387.904484  0.040463
387.924483  0.040401
387.944482  0.040696
387.964481  0.040647
387.984481  0.040475
388.004480  0.040045
388.024479  0.040672
388.044478  0.040070
388.064477  0.040475
388.084477  0.040512
388.104476  0.040463
388.124475  0.040549
388.144474  0.040143
388.164473  0.040598
388.184473  0.040561
388.204472  0.040488
388.224471  0.040438
388.244470  0.040438
388.264469  0.040414
388.284469  0.040537
388.304468  0.040524
388.324467  0.040401
388.344466  0.040500
388.364465  0.040365
388.384465  0.040303
388.404464  0.040623
388.424463  0.040389
388.444462  0.040635
388.464461  0.040561
388.484461  0.040377
388.504460  0.040770
388.524459  0.040574
388.544458  0.040574
388.564457  0.040549
388.584457  0.040660
388.604456  0.040561
388.624455  0.040451
388.644454  0.040303
388.664453  0.040623
388.684453  0.040549
388.704452  0.040377
388.724451  0.040561
388.744450  0.040488
388.764449  0.040352
388.784449  0.040549
388.804448  0.040795
388.824447  0.040869
388.844446  0.040586
388.864445  0.040770
388.884445  0.040647
388.904444  0.040623
388.924443  0.040524
388.944442  0.040352
388.964441  0.040586
388.984441  0.040488
389.004440  0.040340
389.024439  0.040807
389.044438  0.040574
389.064437  0.040709
389.084437  0.040672
389.104436  0.040696
389.124435  0.040635
389.144434  0.040586
389.164433  0.040561
389.184433  0.040647
389.204432  0.040955
389.224431  0.040623
389.244430  0.040721
389.264429  0.040414
389.284429  0.040537
389.304428  0.040721
389.324427  0.040635
389.344426  0.040709
389.364425  0.040684
389.384425  0.040635
389.404424  0.040586
389.424423  0.040524
389.444422  0.040696
389.464421  0.040672
389.484421  0.040758
389.504420  0.040574
389.524419  0.040770
389.544418  0.040869
389.564417  0.040758
389.584417  0.040733
389.604416  0.040733
389.624415  0.040549
389.644414  0.040979
389.664413  0.040586
389.684413  0.040746
389.704412  0.040893
389.724411  0.040635
389.744410  0.040537
389.764409  0.040696
389.784409  0.040365
389.804408  0.040623
389.824407  0.040647
389.844406  0.040881
389.864405  0.040721
389.884405  0.040930
389.904404  0.040733
389.924403  0.040586
389.944402  0.040660
389.964401  0.040832
389.984401  0.040623
390.004400  0.040782
390.024399  0.040696
390.044398  0.040782
390.064397  0.040561
390.084397  0.040623
390.104396  0.040979
390.124395  0.040844
390.144394  0.040819
390.164393  0.040770
390.184393  0.040672
390.204392  0.040660
390.224391  0.040488
390.244390  0.040979
390.264389  0.040770
390.284389  0.040635
390.304388  0.040709
390.324387  0.040574
390.344386  0.040672
390.364385  0.040610
390.384385  0.040733
390.404384  0.040574
390.424383  0.040721
390.444382  0.040684
390.464381  0.040574
390.484381  0.041200
390.504380  0.040770
390.524379  0.040819
390.544378  0.040451
390.564377  0.040684
390.584377  0.040610
390.604376  0.040770
390.624375  0.040561
390.644374  0.040930
390.664373  0.040660
390.684373  0.040352
390.704372  0.040475
390.724371  0.040684
390.744370  0.040488
390.764369  0.040598
390.784369  0.040696
390.804368  0.040721
390.824367  0.040623
390.844366  0.040549
390.864365  0.040574
390.884365  0.040881
390.904364  0.040389
390.924363  0.040549
390.944362  0.040377
390.964361  0.040647
390.984361  0.040758
391.004360  0.040537
391.024359  0.040844
391.044358  0.040598
391.064357  0.040610
391.084357  0.040438
391.104356  0.040623
391.124355  0.040623
391.144354  0.040782
391.164353  0.040475
391.184353  0.040586
391.204352  0.040500
391.224351  0.040463
391.244350  0.040524
391.264349  0.040488
391.284349  0.040721
391.304348  0.040463
391.324347  0.040500
391.344346  0.040561
391.364345  0.040537
391.384345  0.040574
391.404344  0.040426
391.424343  0.040340
391.444342  0.040463
391.464341  0.040254
391.484341  0.040401
391.504340  0.040328
391.524339  0.040463
391.544338  0.040488
391.564337  0.040537
391.584337  0.040488
391.604336  0.040328
391.624335  0.040512
391.644334  0.040414
391.664333  0.040524
391.684333  0.040377
391.704332  0.040537
391.724331  0.040266
391.744330  0.040438
391.764329  0.040401
391.784329  0.040229
391.804328  0.040574
391.824327  0.040193
391.844326  0.040193
391.864325  0.040488
391.884325  0.040106
391.904324  0.040401
391.924323  0.040254
391.944322  0.040500
391.964321  0.040254
391.984321  0.040352
392.004320  0.040205
392.024319  0.040242
392.044318  0.040180
392.064317  0.040193
392.084317  0.040217
392.104316  0.040205
392.124315  0.040156
392.144314  0.040328
392.164313  0.040070
392.184313  0.040426
392.204312  0.040131
392.224311  0.040094
392.244310  0.040156
392.264309  0.040057
392.284309  0.039910
392.304308  0.039984
392.324307  0.040168
392.344306  0.040303
392.364305  0.039811
392.384305  0.040057
392.404304  0.040008
392.424303  0.040131
392.444302  0.039996
392.464301  0.039947
392.484301  0.040131
392.504300  0.040119
392.524299  0.040082
392.544298  0.040463
392.564297  0.040070
392.584297  0.039922
392.604296  0.040057
392.624295  0.040168
392.644294  0.040082
392.664293  0.040143
392.684293  0.040389
392.704292  0.040143
392.724291  0.040070
392.744290  0.040094
392.764289  0.040143
392.784289  0.040106
392.804288  0.040094
392.824287  0.040008
392.844286  0.039787
392.864285  0.040045
392.884285  0.040266
392.904284  0.040205
392.924283  0.039701
392.944282  0.039603
392.964281  0.039467
392.984281  0.039947
393.004280  0.039689
393.024279  0.039725
393.044278  0.039824
393.064277  0.039775
393.084277  0.039775
393.104276  0.039713
393.124275  0.039553
393.144274  0.039910
393.164273  0.039922
393.184273  0.039787
393.204272  0.039652
393.224271  0.039910
393.244270  0.039885
393.264269  0.039848
393.284269  0.039984
393.304268  0.039566
393.324267  0.039824
393.344266  0.039922
393.364265  0.039775
393.384265  0.039910
393.404264  0.039762
393.424263  0.039590
393.444262  0.039406
393.464261  0.039504
393.484261  0.039873
393.504260  0.039898
393.524259  0.039898
393.544258  0.039541
393.564257  0.039750
393.584257  0.039676
393.604256  0.039750
393.624255  0.039664
393.644254  0.039738
393.664253  0.039836
393.684253  0.039738
393.704252  0.039676
393.724251  0.040340
393.744250  0.039701
393.764249  0.039861
393.784249  0.039529
393.804248  0.039898
393.824247  0.039689
393.844246  0.039873
393.864245  0.039836
393.884245  0.039799
393.904244  0.039701
393.924243  0.039824
393.944242  0.039799
393.964241  0.039258
393.984241  0.039775
394.004240  0.039689
394.024239  0.039590
394.044238  0.039787
394.064237  0.039639
394.084237  0.039664
394.104236  0.039947
394.124235  0.039701
394.144234  0.039664
394.164233  0.039578
394.184233  0.039848
394.204232  0.039504
394.224231  0.039898
394.244230  0.039701
394.264229  0.039848
394.284229  0.039639
394.304228  0.039603
394.324227  0.039541
394.344226  0.039664
394.364225  0.039578
394.384225  0.039848
394.404224  0.039676
394.424223  0.039295
394.444222  0.039775
394.464221  0.039627
394.484221  0.039664
394.504220  0.039713
394.524219  0.039615
394.544218  0.039430
394.564217  0.039332
394.584217  0.039603
394.604216  0.039381
394.624215  0.039775
394.644214  0.039516
394.664213  0.039381
394.684213  0.039418
394.704212  0.039516
394.724211  0.039516
394.744210  0.039455
394.764209  0.039676
394.784209  0.039689
394.804208  0.039492
394.824207  0.039775
394.844206  0.039725
394.864205  0.039516
394.884205  0.039418
394.904204  0.039590
394.924203  0.039492
394.944202  0.039566
394.964201  0.039566
394.984201  0.039504
395.004200  0.039492
395.024199  0.039455
395.044198  0.039172
395.064197  0.039172
395.084197  0.039467
395.104196  0.039369
395.124195  0.039430
395.144194  0.039492
395.164193  0.039443
395.184193  0.039172
395.204192  0.039492
395.224191  0.038988
395.244190  0.039086
395.264189  0.039160
395.284189  0.039209
395.304188  0.039357
395.324187  0.039283
395.344186  0.039344
395.364185  0.039283
395.384185  0.039258
395.404184  0.039258
395.424183  0.038963
395.444182  0.039197
395.464181  0.039295
395.484181  0.039467
395.504180  0.039258
395.524179  0.039443
395.544178  0.039160
395.564177  0.039160
395.584177  0.039381
395.604176  0.038718
395.624175  0.039135
395.644174  0.039099
395.664173  0.039086
395.684173  0.039123
395.704172  0.039062
395.724171  0.039246
395.744170  0.039381
395.764169  0.039013
395.784169  0.039025
395.804168  0.039013
395.824167  0.038951
395.844166  0.039025
395.864165  0.038779
395.884165  0.038853
395.904164  0.038988
395.924163  0.038840
395.944162  0.038718
395.964161  0.039000
395.984161  0.039074
396.004160  0.038853
396.024159  0.038779
396.044158  0.038877
396.064157  0.038373
396.084157  0.038779
396.104156  0.038693
396.124155  0.038926
396.144154  0.038779
396.164153  0.038447
396.184153  0.038509
396.204152  0.038496
396.224151  0.038607
396.244150  0.039049
396.264149  0.038668
396.284149  0.038582
396.304148  0.038902
396.324147  0.038545
396.344146  0.038435
396.364145  0.038742
396.384145  0.038582
396.404144  0.038324
396.424143  0.038496
396.444142  0.038558
396.464141  0.038595
396.484141  0.038238
396.504140  0.038128
396.524139  0.038140
396.544138  0.038349
396.564137  0.038275
396.584137  0.038459
396.604136  0.038275
396.624135  0.038336
396.644134  0.038029
396.664133  0.038164
396.684133  0.038226
396.704132  0.037931
396.724131  0.038472
396.744130  0.038410
396.764129  0.038275
396.784129  0.037980
396.804128  0.038005
396.824127  0.037882
396.844126  0.037906
396.864125  0.038091
396.884125  0.037869
396.904124  0.038373
396.924123  0.037955
396.944122  0.038066
396.964121  0.038324
396.984121  0.037894
397.004120  0.037968
397.024119  0.037869
397.044118  0.037857
397.064117  0.038041
397.084117  0.037906
397.104116  0.037882
397.124115  0.037747
397.144114  0.037919
397.164113  0.038041
397.184113  0.037882
397.204112  0.037747
397.224111  0.038066
397.244110  0.037894
397.264109  0.037624
397.284109  0.037783
397.304108  0.037833
397.324107  0.037525
397.344106  0.038029
397.364105  0.037611
397.384105  0.037488
397.404104  0.037906
397.424103  0.037685
397.444102  0.037538
397.464101  0.037550
397.484101  0.037685
397.504100  0.037648
397.524099  0.037562
397.544098  0.037710
397.564097  0.037525
397.584097  0.037624
397.604096  0.037685
397.624095  0.037550
397.644094  0.037538
397.664093  0.037046
397.684093  0.037439
397.704092  0.037685
397.724091  0.037365
397.744090  0.037562
397.764089  0.037193
397.784089  0.037415
397.804088  0.037525
397.824087  0.037574
397.844086  0.037538
397.864085  0.037157
397.884085  0.037304
397.904084  0.037402
397.924083  0.037292
397.944082  0.037341
397.964081  0.037169
397.984081  0.037009
398.004080  0.037243
398.024079  0.037120
398.044078  0.037083
398.064077  0.036984
398.084077  0.037255
398.104076  0.037206
398.124075  0.037255
398.144074  0.037120
398.164073  0.037206
398.184073  0.037021
398.204072  0.037316
398.224071  0.037083
398.244070  0.036800
398.264069  0.036665
398.284069  0.037107
398.304068  0.037243
398.324067  0.037009
398.344066  0.037009
398.364065  0.036997
398.384065  0.037648
398.404064  0.037132
398.424063  0.037046
398.444062  0.036984
398.464061  0.036911
398.484061  0.036825
398.504060  0.037046
398.524059  0.037107
398.544058  0.036616
398.564057  0.036800
398.584057  0.036935
398.604056  0.037120
398.624055  0.036837
398.644054  0.036689
398.664053  0.036862
398.684053  0.036862
398.704052  0.036935
398.724051  0.036739
398.744050  0.036886
398.764049  0.036812
398.784049  0.036849
398.804048  0.036677
398.824047  0.036837
398.844046  0.036849
398.864045  0.036296
398.884045  0.036862
398.904044  0.036775
398.924043  0.037181
398.944042  0.036714
398.964041  0.036702
398.984041  0.036554
399.004040  0.036739
399.024039  0.036358
399.044038  0.036567
399.064037  0.036616
399.084037  0.036370
399.104036  0.036591
399.124035  0.036702
399.144034  0.036530
399.164033  0.036603
399.184033  0.036616
399.204032  0.036640
399.224031  0.036321
399.244030  0.036431
399.264029  0.036653
399.284029  0.036517
399.304028  0.036517
399.324027  0.036542
399.344026  0.036689
399.364025  0.036444
399.384025  0.036628
399.404024  0.036358
399.424023  0.036358
399.444022  0.036480
399.464021  0.036296
399.484021  0.036628
399.504020  0.036493
399.524019  0.036382
399.544018  0.036554
399.564017  0.036272
399.584017  0.036222
399.604016  0.036210
399.624015  0.036407
399.644014  0.036124
399.664013  0.036345
399.684013  0.036112
399.704012  0.035768
399.724011  0.036296
399.744010  0.036210
399.764009  0.035989
399.784009  0.036063
399.804008  0.036370
399.824007  0.036087
399.844006  0.036272
399.864005  0.036272
399.884005  0.035989
399.904004  0.036259
399.924003  0.036149
399.944002  0.036272
399.964001  0.036063
399.984001  0.036050
400.004000  0.035915
400.023999  0.036149
400.043998  0.036013
400.063997  0.036038
400.083997  0.036112
400.103996  0.035804
400.123995  0.035952
400.143994  0.036063
400.163993  0.036050
400.183993  0.036308
400.203992  0.036161
400.223991  0.035780
400.243990  0.035841
400.263989  0.036038
400.283989  0.036038
400.303988  0.035829
400.323987  0.035755
400.343986  0.035940
400.363985  0.035841
400.383985  0.035854
400.403984  0.035927
400.423983  0.036026
400.443982  0.035977
400.463981  0.035952
400.483981  0.035940
400.503980  0.035964
400.523979  0.035768
400.543978  0.035940
400.563977  0.035854
400.583977  0.035829
400.603976  0.035792
400.623975  0.035694
400.643974  0.035718
400.663973  0.035780
400.683973  0.036013
400.703972  0.035768
400.723971  0.035694
400.743970  0.035854
400.763969  0.035718
400.783969  0.035509
400.803968  0.035595
400.823967  0.035682
400.843966  0.035608
400.863965  0.035657
400.883965  0.035608
400.903964  0.035804
400.923963  0.035645
400.943962  0.035473
400.963961  0.035768
400.983961  0.035829
401.003960  0.035387
401.023959  0.035423
401.043958  0.035669
401.063957  0.035559
401.083957  0.035497
401.103956  0.035460
401.123955  0.035706
401.143954  0.035436
401.163953  0.035645
401.183953  0.035706
401.203952  0.035460
401.223951  0.035522
401.243950  0.035387
401.263949  0.035473
401.283949  0.035214
401.303948  0.035546
401.323947  0.035620
401.343946  0.035300
401.363945  0.035473
401.383945  0.035485
401.403944  0.035534
401.423943  0.035583
401.443942  0.035374
401.463941  0.035399
401.483941  0.035276
401.503940  0.035337
401.523939  0.035657
401.543938  0.035325
401.563937  0.035337
401.583937  0.035104
401.603936  0.035387
401.623935  0.035141
401.643934  0.035092
401.663933  0.035239
401.683933  0.035092
401.703932  0.035460
401.723931  0.035239
401.743930  0.035337
401.763929  0.035264
401.783929  0.035165
401.803928  0.035337
401.823927  0.035313
401.843926  0.035288
401.863925  0.035509
401.883925  0.035079
401.903924  0.035190
401.923923  0.035436
401.943922  0.035165
401.963921  0.035313
401.983921  0.035214
402.003920  0.035374
402.023919  0.035239
402.043918  0.035239
402.063917  0.034919
402.083917  0.035055
402.103916  0.035030
402.123915  0.035239
402.143914  0.034711
402.163913  0.035214
402.183913  0.035128
402.203912  0.035534
402.223911  0.035141
402.243910  0.035214
402.263909  0.035460
402.283909  0.035030
402.303908  0.034870
402.323907  0.034772
402.343906  0.035030
402.363905  0.034883
402.383905  0.035018
402.403904  0.035067
402.423903  0.035141
402.443902  0.035067
402.463901  0.035128
402.483901  0.035042
402.503900  0.035079
402.523899  0.034969
402.543898  0.034747
402.563897  0.035227
402.583897  0.034883
402.603896  0.034969
402.623895  0.034772
402.643894  0.034797
402.663893  0.034870
402.683893  0.034514
402.703892  0.034698
402.723891  0.034797
402.743890  0.034674
402.763889  0.034760
402.783889  0.034919
402.803888  0.034772
402.823887  0.034797
402.843886  0.034637
402.863885  0.034686
402.883885  0.034551
402.903884  0.034477
402.923883  0.034440
402.943882  0.034686
402.963881  0.034575
402.983881  0.034797
403.003880  0.034698
403.023879  0.034698
403.043878  0.034624
403.063877  0.034329
403.083877  0.034674
403.103876  0.034993
403.123875  0.034735
403.143874  0.034674
403.163873  0.034772
403.183873  0.034735
403.203872  0.034846
403.223871  0.034563
403.243870  0.034661
403.263869  0.034575
403.283869  0.034575
403.303868  0.034416
403.323867  0.034526
403.343866  0.034575
403.363865  0.034563
403.383865  0.034465
403.403864  0.034133
403.423863  0.034403
403.443862  0.034588
403.463861  0.034502
403.483861  0.034538
403.503860  0.034268
403.523859  0.034366
403.543858  0.034391
403.563857  0.034538
403.583857  0.034305
403.603856  0.034440
403.623855  0.034551
403.643854  0.034428
403.663853  0.034317
403.683853  0.034317
403.703852  0.034354
403.723851  0.034440
403.743850  0.033985
403.763849  0.034391
403.783849  0.034489
403.803848  0.034465
403.823847  0.034280
403.843846  0.034391
403.863845  0.034391
403.883845  0.034600
403.903844  0.034342
403.923843  0.034280
403.943842  0.034538
403.963841  0.034403
403.983841  0.034428
404.003840  0.033764
404.023839  0.034391
404.043838  0.034243
404.063837  0.034207
404.083837  0.034071
404.103836  0.034256
404.123835  0.034133
404.143834  0.034379
404.163833  0.034194
404.183833  0.034145
404.203832  0.034526
404.223831  0.034231
404.243830  0.034403
404.263829  0.034268
404.283829  0.034157
404.303828  0.034231
404.323827  0.033973
404.343826  0.034329
404.363825  0.034379
404.383825  0.034391
404.403824  0.034194
404.423823  0.034047
404.443822  0.034084
404.463821  0.034157
404.483821  0.034047
404.503820  0.033961
404.523819  0.034207
404.543818  0.034280
404.563817  0.034170
404.583817  0.034170
404.603816  0.034096
404.623815  0.034047
404.643814  0.034268
404.663813  0.033985
404.683813  0.034071
404.703812  0.033961
404.723811  0.034059
404.743810  0.034108
404.763809  0.034133
404.783809  0.034059
404.803808  0.034403
404.823807  0.034342
404.843806  0.034354
404.863805  0.033998
404.883805  0.033973
404.903804  0.034034
404.923803  0.034096
404.943802  0.034170
404.963801  0.034084
404.983801  0.034010
405.003800  0.033801
405.023799  0.033985
405.043798  0.034305
405.063797  0.033948
405.083797  0.034108
405.103796  0.034010
405.123795  0.033764
405.143794  0.033838
405.163793  0.033912
405.183793  0.034084
405.203792  0.033813
405.223791  0.033912
405.243790  0.033936
405.263789  0.033899
405.283789  0.033936
405.303788  0.034342
405.323787  0.034047
405.343786  0.034231
405.363785  0.034059
405.383785  0.033899
405.403784  0.034010
405.423783  0.033998
405.443782  0.033703
405.463781  0.034034
405.483781  0.033985
405.503780  0.033641
405.523779  0.033838
405.543778  0.033850
405.563777  0.034157
405.583777  0.033604
405.603776  0.033752
405.623775  0.033629
405.643774  0.033629
405.663773  0.033567
405.683773  0.033703
405.703772  0.033850
405.723771  0.033776
405.743770  0.033924
405.763769  0.033457
405.783769  0.033801
405.803768  0.033813
405.823767  0.034059
405.843766  0.033739
405.863765  0.033752
405.883765  0.033604
405.903764  0.033703
405.923763  0.033592
405.943762  0.033776
405.963761  0.033776
405.983761  0.033739
406.003760  0.033690
406.023759  0.033506
406.043758  0.033727
406.063757  0.033543
406.083757  0.033875
406.103756  0.033481
406.123755  0.033739
406.143754  0.033506
406.163753  0.033580
406.183753  0.033813
406.203752  0.033457
406.223751  0.033850
406.243750  0.033420
406.263749  0.033494
406.283749  0.033666
406.303748  0.033555
406.323747  0.033764
406.343746  0.033653
406.363745  0.033690
406.383745  0.033494
406.403744  0.033444
406.423743  0.033801
406.443742  0.033617
406.463741  0.033518
406.483741  0.033481
406.503740  0.033444
406.523739  0.033420
406.543738  0.033408
406.563737  0.033580
406.583737  0.033297
406.603736  0.033408
406.623735  0.033543
406.643734  0.033408
406.663733  0.033322
406.683733  0.033567
406.703732  0.033617
406.723731  0.033826
406.743730  0.033592
406.763729  0.033260
406.783729  0.033444
406.803728  0.033506
406.823727  0.033383
406.843726  0.033408
406.863725  0.033076
406.883725  0.033297
406.903724  0.033408
406.923723  0.033199
406.943722  0.033211
406.963721  0.033420
406.983721  0.033211
407.003720  0.033125
407.023719  0.033297
407.043718  0.033100
407.063717  0.033248
407.083717  0.033420
407.103716  0.032953
407.123715  0.033051
407.143714  0.033162
407.163713  0.033272
407.183713  0.032953
407.203712  0.032990
407.223711  0.033309
407.243710  0.033027
407.263709  0.032891
407.283709  0.033174
407.303708  0.033285
407.323707  0.033014
407.343706  0.033371
407.363705  0.033260
407.383705  0.032879
407.403704  0.033371
407.423703  0.032904
407.443702  0.033162
407.463701  0.032928
407.483701  0.033014
407.503700  0.032781
407.523699  0.032953
407.543698  0.033002
407.563697  0.032977
407.583697  0.032793
407.603696  0.033076
407.623695  0.033063
407.643694  0.032768
407.663693  0.033014
407.683693  0.032756
407.703692  0.032965
407.723691  0.032977
407.743690  0.033014
407.763689  0.033063
407.783689  0.032891
407.803688  0.032830
407.823687  0.033113
407.843686  0.032805
407.863685  0.032891
407.883685  0.032879
407.903684  0.032879
407.923683  0.032633
407.943682  0.032744
407.963681  0.032867
407.983681  0.032572
408.003680  0.032879
408.023679  0.032572
408.043678  0.032781
408.063677  0.032732
408.083677  0.032695
408.103676  0.032621
408.123675  0.032953
408.143674  0.032449
408.163673  0.032633
408.183673  0.032498
408.203672  0.032830
408.223671  0.032805
408.243670  0.032842
408.263669  0.032547
408.283669  0.032473
408.303668  0.032461
408.323667  0.032670
408.343666  0.032510
408.363665  0.032461
408.383665  0.032646
408.403664  0.032609
408.423663  0.032535
408.443662  0.032437
408.463661  0.032559
408.483661  0.032387
408.503660  0.032707
408.523659  0.032596
408.543658  0.032535
408.563657  0.032658
408.583657  0.032781
408.603656  0.032486
408.623655  0.032424
408.643654  0.032400
408.663653  0.032461
408.683653  0.032510
408.703652  0.032559
408.723651  0.032682
408.743650  0.032338
408.763649  0.032228
408.783649  0.032596
408.803648  0.032424
408.823647  0.032387
408.843646  0.032387
408.863645  0.032461
408.883645  0.032461
408.903644  0.032326
408.923643  0.032019
408.943642  0.032437
408.963641  0.032203
408.983641  0.032572
409.003640  0.032166
409.023639  0.032252
409.043638  0.032240
409.063637  0.032203
409.083637  0.032387
409.103636  0.032031
409.123635  0.031908
409.143634  0.032338
409.163633  0.031859
409.183633  0.032203
409.203632  0.032080
409.223631  0.032178
409.243630  0.032019
409.263629  0.031994
409.283629  0.031797
409.303628  0.032056
409.323627  0.032117
409.343626  0.032154
409.363625  0.032006
409.383625  0.032019
409.403624  0.032080
409.423623  0.032178
409.443622  0.032240
409.463621  0.031908
409.483621  0.031810
409.503620  0.031834
409.523619  0.031736
409.543618  0.032080
409.563617  0.032154
409.583617  0.031970
409.603616  0.031896
409.623615  0.032117
409.643614  0.031957
409.663613  0.031834
409.683613  0.031871
409.703612  0.031847
409.723611  0.031810
409.743610  0.031847
409.763609  0.031847
409.783609  0.031576
409.803608  0.031896
409.823607  0.031908
409.843606  0.031773
409.863605  0.031773
409.883605  0.031613
409.903604  0.032043
409.923603  0.031650
409.943602  0.031478
409.963601  0.031859
409.983601  0.031785
410.003600  0.031466
410.023599  0.031601
410.043598  0.031588
410.063597  0.031675
410.083597  0.031699
410.103596  0.031662
410.123595  0.031453
410.143594  0.031539
410.163593  0.031638
410.183593  0.031527
410.203592  0.031675
410.223591  0.031515
410.243590  0.031478
410.263589  0.031441
410.283589  0.031687
410.303588  0.031527
410.323587  0.031220
410.343586  0.031515
410.363585  0.031441
410.383585  0.031355
410.403584  0.031527
410.423583  0.031478
410.443582  0.031466
410.463581  0.031281
410.483581  0.030962
410.503580  0.031392
410.523579  0.031441
410.543578  0.031466
410.563577  0.031392
410.583577  0.031564
410.603576  0.031220
410.623575  0.031416
410.643574  0.031416
410.663573  0.031355
410.683573  0.031232
410.703572  0.031195
410.723571  0.031244
410.743570  0.031490
410.763569  0.031625
410.783569  0.031232
410.803568  0.031416
410.823567  0.031171
410.843566  0.031244
410.863565  0.031330
410.883565  0.031269
410.903564  0.031220
410.923563  0.031257
410.943562  0.031220
410.963561  0.031171
410.983561  0.031355
411.003560  0.031293
411.023559  0.031158
411.043558  0.031121
411.063557  0.031220
411.083557  0.031109
411.103556  0.031011
411.123555  0.031367
411.143554  0.031121
411.163553  0.031244
411.183553  0.030974
411.203552  0.031035
411.223551  0.031121
411.243550  0.031244
411.263549  0.031121
411.283549  0.031134
411.303548  0.031011
411.323547  0.031220
411.343546  0.031011
411.363545  0.031035
411.383545  0.030790
411.403544  0.031109
411.423543  0.030912
411.443542  0.031060
411.463541  0.031183
411.483541  0.031220
411.503540  0.031048
411.523539  0.031121
411.543538  0.030974
411.563537  0.031195
411.583537  0.030814
411.603536  0.031011
411.623535  0.031220
411.643534  0.030900
411.663533  0.031023
411.683533  0.031023
411.703532  0.031121
411.723531  0.030777
411.743530  0.031060
411.763529  0.030949
411.783529  0.031293
411.803528  0.031048
411.823527  0.030753
411.843526  0.031121
411.863525  0.030949
411.883525  0.031146
411.903524  0.031171
411.923523  0.030937
411.943522  0.030777
411.963521  0.030925
411.983521  0.030974
412.003520  0.030630
412.023519  0.030998
412.043518  0.031023
412.063517  0.031171
412.083517  0.031060
412.103516  0.030925
412.123515  0.030863
412.143514  0.030949
412.163513  0.030962
412.183513  0.030974
412.203512  0.030814
412.223511  0.031134
412.243510  0.030974
412.263509  0.030728
412.283509  0.030949
412.303508  0.030814
412.323507  0.030912
412.343506  0.030888
412.363505  0.030753
412.383505  0.030986
412.403504  0.030839
412.423503  0.030949
412.443502  0.030998
412.463501  0.031085
412.483501  0.031183
412.503500  0.031121
412.523499  0.030925
412.543498  0.031109
412.563497  0.030949
412.583497  0.031343
412.603496  0.031306
412.623495  0.031281
412.643494  0.030949
412.663493  0.031072
412.683493  0.031355
412.703492  0.030851
412.723491  0.031035
412.743490  0.031023
412.763489  0.030986
412.783489  0.030998
412.803488  0.031023
412.823487  0.031023
412.843486  0.031072
412.863485  0.030986
412.883485  0.031085
412.903484  0.031072
412.923483  0.030949
412.943482  0.030876
412.963481  0.030998
412.983481  0.031011
413.003480  0.030863
413.023479  0.030839
413.043478  0.030876
413.063477  0.031220
413.083477  0.031097
413.103476  0.030949
413.123475  0.031195
413.143474  0.030863
413.163473  0.031146
413.183473  0.031293
413.203472  0.031183
413.223471  0.030802
413.243470  0.030900
413.263469  0.030937
413.283469  0.030728
413.303468  0.030814
413.323467  0.031220
413.343466  0.031281
413.363465  0.030937
413.383465  0.031048
413.403464  0.031478
413.423463  0.031035
413.443462  0.030839
413.463461  0.031060
413.483461  0.030802
413.503460  0.031035
413.523459  0.031564
413.543458  0.031134
413.563457  0.031097
413.583457  0.031121
413.603456  0.031466
413.623455  0.031097
413.643454  0.031158
413.663453  0.031257
413.683453  0.031146
413.703452  0.031023
413.723451  0.031269
413.743450  0.031097
413.763449  0.030974
413.783449  0.031035
413.803448  0.031023
413.823447  0.030888
413.843446  0.030888
413.863445  0.031146
413.883445  0.031048
413.903444  0.030876
413.923443  0.031097
413.943442  0.030876
413.963441  0.031035
413.983441  0.030986
414.003440  0.031244
414.023439  0.031232
414.043438  0.031318
414.063437  0.031318
414.083437  0.031048
414.103436  0.030888
414.123435  0.030839
414.143434  0.031035
414.163433  0.031035
414.183433  0.030863
414.203432  0.031171
414.223431  0.031195
414.243430  0.031121
414.263429  0.031134
414.283429  0.030507
414.303428  0.030839
414.323427  0.031023
414.343426  0.030949
414.363425  0.031060
414.383425  0.030949
414.403424  0.030851
414.423423  0.031158
414.443422  0.030863
414.463421  0.031134
414.483421  0.030974
414.503420  0.030839
414.523419  0.030974
414.543418  0.031121
414.563417  0.031269
414.583417  0.031158
414.603416  0.031060
414.623415  0.030912
414.643414  0.031146
414.663413  0.031367
414.683413  0.031060
414.703412  0.030962
414.723411  0.031392
414.743410  0.031109
414.763409  0.030949
414.783409  0.031134
414.803408  0.031048
414.823407  0.031466
414.843406  0.030888
414.863405  0.031097
414.883405  0.030998
414.903404  0.030863
414.923403  0.030839
414.943402  0.030986
414.963401  0.030986
414.983401  0.030876
415.003400  0.030814
415.023399  0.030986
415.043398  0.031109
415.063397  0.031121
415.083397  0.030876
415.103396  0.031207
415.123395  0.030630
415.143394  0.030937
415.163393  0.031011
415.183393  0.031257
415.203392  0.031134
415.223391  0.030998
415.243390  0.030888
415.263389  0.030888
415.283389  0.031072
415.303388  0.031220
415.323387  0.030888
415.343386  0.031195
415.363385  0.030925
415.383385  0.030900
415.403384  0.031109
415.423383  0.031109
415.443382  0.031085
415.463381  0.031072
415.483381  0.031048
415.503380  0.030839
415.523379  0.030888
415.543378  0.030544
415.563377  0.031023
415.583377  0.030777
415.603376  0.030790
415.623375  0.030753
415.643374  0.031121
415.663373  0.030667
415.683373  0.030826
415.703372  0.030937
415.723371  0.030974
415.743370  0.030900
415.763369  0.031207
415.783369  0.031011
415.803368  0.030839
415.823367  0.030765
415.843366  0.030912
415.863365  0.030962
415.883365  0.030949
415.903364  0.030912
415.923363  0.030888
415.943362  0.030728
415.963361  0.030777
415.983361  0.030765
416.003360  0.030863
416.023359  0.030814
416.043358  0.030888
416.063357  0.030691
416.083357  0.030937
416.103356  0.030949
416.123355  0.030814
416.143354  0.030900
416.163353  0.030753
416.183353  0.030654
416.203352  0.030925
416.223351  0.030790
416.243350  0.030863
416.263349  0.030863
416.283349  0.030421
416.303348  0.030716
416.323347  0.030863
416.343346  0.030433
416.363345  0.030679
416.383345  0.030581
416.403344  0.030495
416.423343  0.030728
416.443342  0.030495
416.463341  0.030605
416.483341  0.030703
416.503340  0.030531
416.523339  0.030667
416.543338  0.030544
416.563337  0.030642
416.583337  0.030642
416.603336  0.030495
416.623335  0.030372
416.643334  0.030433
416.663333  0.030568
416.683333  0.030433
416.703332  0.030347
416.723331  0.030654
416.743330  0.030605
416.763329  0.030667
416.783329  0.030654
416.803328  0.030544
416.823327  0.030396
416.843326  0.030458
416.863325  0.030556
416.883325  0.030347
416.903324  0.030568
416.923323  0.030507
416.943322  0.030273
416.963321  0.030200
416.983321  0.030556
417.003320  0.030826
417.023319  0.030249
417.043318  0.030495
417.063317  0.030396
417.083317  0.030359
417.103316  0.030040
417.123315  0.030716
417.143314  0.030372
417.163313  0.030163
417.183313  0.030568
417.203312  0.030261
417.223311  0.030482
417.243310  0.030372
417.263309  0.030445
417.283309  0.030027
417.303308  0.030298
417.323307  0.030273
417.343306  0.030556
417.363305  0.030273
417.383305  0.030445
417.403304  0.030716
417.423303  0.030335
417.443302  0.030445
417.463301  0.030445
417.483301  0.030224
417.503300  0.030236
417.523299  0.029954
417.543298  0.030384
417.563297  0.030212
417.583297  0.030200
417.603296  0.030445
417.623295  0.030187
417.643294  0.030212
417.663293  0.030187
417.683293  0.030236
417.703292  0.030150
417.723291  0.030359
417.743290  0.030347
417.763289  0.030175
417.783289  0.030224
417.803288  0.030224
417.823287  0.030015
417.843286  0.030187
417.863285  0.030273
417.883285  0.030003
417.903284  0.030187
417.923283  0.030445
417.943282  0.030322
417.963281  0.030089
417.983281  0.030273
418.003280  0.030175
418.023279  0.030200
418.043278  0.030556
418.063277  0.030249
418.083277  0.030064
418.103276  0.030200
418.123275  0.030064
418.143274  0.030027
418.163273  0.030015
418.183273  0.030064
418.203272  0.030163
418.223271  0.030163
418.243270  0.030064
418.263269  0.030089
418.283269  0.030249
418.303268  0.030163
418.323267  0.029708
418.343266  0.030187
418.363265  0.030101
418.383265  0.030310
418.403264  0.030052
418.423263  0.029991
418.443262  0.030138
418.463261  0.029978
418.483261  0.030150
418.503260  0.030224
418.523259  0.029941
418.543258  0.030187
418.563257  0.030077
418.583257  0.029929
418.603256  0.030163
418.623255  0.030175
418.643254  0.030200
418.663253  0.030126
418.683253  0.029966
418.703252  0.030064
418.723251  0.030089
418.743250  0.030249
418.763249  0.030015
418.783249  0.030003
418.803248  0.029991
418.823247  0.030003
418.843246  0.030163
418.863245  0.030249
418.883245  0.030113
418.903244  0.030040
418.923243  0.030113
418.943242  0.029991
418.963241  0.030458
418.983241  0.030212
419.003240  0.030101
419.023239  0.030077
419.043238  0.030150
419.063237  0.030040
419.083237  0.030077
419.103236  0.030052
419.123235  0.030003
419.143234  0.029978
419.163233  0.030027
419.183233  0.030113
419.203232  0.030101
419.223231  0.029978
419.243230  0.030126
419.263229  0.030163
419.283229  0.030310
419.303228  0.030003
419.323227  0.029868
419.343226  0.030052
419.363225  0.030150
419.383225  0.030298
419.403224  0.030113
419.423223  0.030200
419.443222  0.030286
419.463221  0.030113
419.483221  0.030113
419.503220  0.030101
419.523219  0.030150
419.543218  0.030224
419.563217  0.030052
419.583217  0.030163
419.603216  0.030077
419.623215  0.029917
419.643214  0.030249
419.663213  0.030126
419.683213  0.030335
419.703212  0.030077
419.723211  0.030200
419.743210  0.030249
419.763209  0.030150
419.783209  0.030200
419.803208  0.030064
419.823207  0.030175
419.843206  0.030113
419.863205  0.030322
419.883205  0.030286
419.903204  0.030163
419.923203  0.030052
419.943202  0.030224
419.963201  0.029831
419.983201  0.030200
420.003200  0.030384
420.023199  0.030101
420.043198  0.030224
420.063197  0.030249
420.083197  0.030249
420.103196  0.030273
420.123195  0.030310
420.143194  0.030064
420.163193  0.030175
420.183193  0.030200
420.203192  0.030273
420.223191  0.030212
420.243190  0.030359
420.263189  0.030433
420.283189  0.030175
420.303188  0.029954
420.323187  0.030212
420.343186  0.030273
420.363185  0.030433
420.383185  0.030322
420.403184  0.030064
420.423183  0.030286
420.443182  0.030286
420.463181  0.030408
420.483181  0.030372
420.503180  0.030359
420.523179  0.030175
420.543178  0.030298
420.563177  0.030113
420.583177  0.030654
420.603176  0.030359
420.623175  0.030335
420.643174  0.030581
420.663173  0.030322
420.683173  0.030236
420.703172  0.030322
420.723171  0.030359
420.743170  0.030298
420.763169  0.029978
420.783169  0.030470
420.803168  0.030224
420.823167  0.030372
420.843166  0.030433
420.863165  0.030372
420.883165  0.030507
420.903164  0.030347
420.923163  0.030347
420.943162  0.030052
420.963161  0.030261
420.983161  0.030433
421.003160  0.030372
421.023159  0.030310
421.043158  0.030544
421.063157  0.030286
421.083157  0.030322
421.103156  0.030322
421.123155  0.030359
421.143154  0.030458
421.163153  0.030101
421.183153  0.030286
421.203152  0.030150
421.223151  0.030040
421.243150  0.030396
421.263149  0.030261
421.283149  0.030556
421.303148  0.030175
421.323147  0.030433
421.343146  0.030101
421.363145  0.030150
421.383145  0.030310
421.403144  0.030384
421.423143  0.030372
421.443142  0.030273
421.463141  0.030347
421.483141  0.030249
421.503140  0.030101
421.523139  0.030335
421.543138  0.030298
421.563137  0.030101
421.583137  0.030224
421.603136  0.030052
421.623135  0.030101
421.643134  0.030335
421.663133  0.030433
421.683133  0.030077
421.703132  0.030113
421.723131  0.030273
421.743130  0.029966
421.763129  0.030359
421.783129  0.030261
421.803128  0.029880
421.823127  0.030310
421.843126  0.030126
421.863125  0.030224
421.883125  0.030433
421.903124  0.030138
421.923123  0.030212
421.943122  0.030163
421.963121  0.030236
421.983121  0.030347
422.003120  0.030298
422.023119  0.029978
422.043118  0.030224
422.063117  0.030224
422.083117  0.030175
422.103116  0.030113
422.123115  0.029892
422.143114  0.030322
422.163113  0.030372
422.183113  0.030372
422.203112  0.029966
422.223111  0.030015
422.243110  0.029954
422.263109  0.030064
422.283109  0.030064
422.303108  0.029954
422.323107  0.030027
422.343106  0.030236
422.363105  0.030052
422.383105  0.029929
422.403104  0.029610
422.423103  0.029954
422.443102  0.030175
422.463101  0.029855
422.483101  0.029843
422.503100  0.029917
422.523099  0.029978
422.543098  0.029831
422.563097  0.029941
422.583097  0.030113
422.603096  0.029954
422.623095  0.029880
422.643094  0.029720
422.663093  0.029917
422.683093  0.029978
422.703092  0.030298
422.723091  0.029806
422.743090  0.029917
422.763089  0.029880
422.783089  0.029597
422.803088  0.029892
422.823087  0.029843
422.843086  0.029622
422.863085  0.029634
422.883085  0.029659
422.903084  0.029905
422.923083  0.029696
422.943082  0.029855
422.963081  0.029831
422.983081  0.029843
423.003080  0.029708
423.023079  0.029683
423.043078  0.029548
423.063077  0.029868
423.083077  0.029905
423.103076  0.029769
423.123075  0.029610
423.143074  0.029708
423.163073  0.029966
423.183073  0.029573
423.203072  0.029732
423.223071  0.029671
423.243070  0.029573
423.263069  0.029610
423.283069  0.029782
423.303068  0.029560
423.323067  0.029450
423.343066  0.029450
423.363065  0.029659
423.383065  0.029425
423.403064  0.029511
423.423063  0.029634
423.443062  0.029782
423.463061  0.029646
423.483061  0.029388
423.503060  0.029622
423.523059  0.029610
423.543058  0.029610
423.563057  0.029511
423.583057  0.029241
423.603056  0.029610
423.623055  0.029376
423.643054  0.029229
423.663053  0.029720
423.683053  0.029474
423.703052  0.029425
423.723051  0.029769
423.743050  0.029388
423.763049  0.029401
423.783049  0.029351
423.803048  0.029560
423.823047  0.029351
423.843046  0.029388
423.863045  0.029204
423.883045  0.029548
423.903044  0.029523
423.923043  0.029413
423.943042  0.029646
423.963041  0.029216
423.983041  0.029437
424.003040  0.029142
424.023039  0.029351
424.043038  0.029364
424.063037  0.029401
424.083037  0.029401
424.103036  0.029474
424.123035  0.029253
424.143034  0.029142
424.163033  0.029536
424.183033  0.029290
424.203032  0.029376
424.223031  0.029450
424.243030  0.029253
424.263029  0.029315
424.283029  0.029450
424.303028  0.029241
424.323027  0.029142
424.343026  0.028835
424.363025  0.029142
424.383025  0.029204
424.403024  0.029474
424.423023  0.029376
424.443022  0.029376
424.463021  0.029487
424.483021  0.029351
424.503020  0.029253
424.523019  0.029376
424.543018  0.029204
424.563017  0.029327
424.583017  0.029536
424.603016  0.029351
424.623015  0.029032
424.643014  0.029253
424.663013  0.029278
424.683013  0.029253
424.703012  0.029315
424.723011  0.029487
424.743010  0.029106
424.763009  0.029229
424.783009  0.029081
424.803008  0.028934
424.823007  0.029056
424.843006  0.028958
424.863005  0.029302
424.883005  0.029069
424.903004  0.029179
424.923003  0.029229
424.943002  0.029020
424.963001  0.029192
424.983001  0.029118
425.003000  0.029253
425.022999  0.028909
425.042998  0.029437
425.062997  0.029413
425.082997  0.029204
425.102996  0.029474
425.122995  0.028995
425.142994  0.029290
425.162993  0.029081
425.182993  0.029032
425.202992  0.029229
425.222991  0.029093
425.242990  0.029192
425.262989  0.029155
425.282989  0.029192
425.302988  0.029118
425.322987  0.029020
425.342986  0.029032
425.362985  0.028798
425.382985  0.029118
425.402984  0.029020
425.422983  0.029093
425.442982  0.029265
425.462981  0.029155
425.482981  0.029081
425.502980  0.029093
425.522979  0.029069
425.542978  0.029265
425.562977  0.029229
425.582977  0.029241
425.602976  0.029192
425.622975  0.029253
425.642974  0.028995
425.662973  0.029020
425.682973  0.029413
425.702972  0.029192
425.722971  0.029130
425.742970  0.028897
425.762969  0.029265
425.782969  0.028958
425.802968  0.029093
425.822967  0.029364
425.842966  0.029130
425.862965  0.029167
425.882965  0.028970
425.902964  0.029056
425.922963  0.029081
425.942962  0.029069
425.962961  0.029179
425.982961  0.028995
426.002960  0.029069
426.022959  0.028958
426.042958  0.029229
426.062957  0.029192
426.082957  0.029204
426.102956  0.029265
426.122955  0.028946
426.142954  0.029106
426.162953  0.029278
426.182953  0.029081
426.202952  0.029155
426.222951  0.028909
426.242950  0.029130
426.262949  0.029044
426.282949  0.028995
426.302948  0.029315
426.322947  0.029118
426.342946  0.029020
426.362945  0.029081
426.382945  0.029032
426.402944  0.029056
426.422943  0.029265
426.442942  0.029401
426.462941  0.029253
426.482941  0.028909
426.502940  0.028983
426.522939  0.029155
426.542938  0.029192
426.562937  0.028995
426.582937  0.029069
426.602936  0.028823
426.622935  0.028847
426.642934  0.029142
426.662933  0.029511
426.682933  0.029106
426.702932  0.028761
426.722931  0.029204
426.742930  0.029179
426.762929  0.029020
426.782929  0.028983
426.802928  0.029118
426.822927  0.029265
426.842926  0.029044
426.862925  0.029118
426.882925  0.029081
426.902924  0.029216
426.922923  0.029056
426.942922  0.029069
426.962921  0.029032
426.982921  0.029069
427.002920  0.029044
427.022919  0.029020
427.042918  0.029118
427.062917  0.028884
427.082917  0.028897
427.102916  0.028983
427.122915  0.028909
427.142914  0.029044
427.162913  0.029020
427.182913  0.028725
427.202912  0.028725
427.222911  0.029044
427.242910  0.028774
427.262909  0.029093
427.282909  0.028909
427.302908  0.028934
427.322907  0.028970
427.342906  0.028958
427.362905  0.028909
427.382905  0.028565
427.402904  0.029020
427.422903  0.028970
427.442902  0.029315
427.462901  0.028921
427.482901  0.029155
427.502900  0.028798
427.522899  0.028897
427.542898  0.029106
427.562897  0.029069
427.582897  0.028823
427.602896  0.028946
427.622895  0.028897
427.642894  0.029130
427.662893  0.028589
427.682893  0.028884
427.702892  0.028811
427.722891  0.028823
427.742890  0.028884
427.762889  0.028688
427.782889  0.028983
427.802888  0.028639
427.822887  0.028835
427.842886  0.028860
427.862885  0.028725
427.882885  0.028847
427.902884  0.028602
427.922883  0.028823
427.942882  0.028872
427.962881  0.028700
427.982881  0.028651
428.002880  0.028774
428.022879  0.028688
428.042878  0.028688
428.062877  0.028798
428.082877  0.028823
428.102876  0.028700
428.122875  0.028639
428.142874  0.028282
428.162873  0.028798
428.182873  0.028503
428.202872  0.028774
428.222871  0.028749
428.242870  0.028577
428.262869  0.028712
428.282869  0.028700
428.302868  0.028712
428.322867  0.028749
428.342866  0.028872
428.362865  0.028380
428.382865  0.028774
428.402864  0.028700
428.422863  0.028540
428.442862  0.028393
428.462861  0.028466
428.482861  0.028319
428.502860  0.028393
428.522859  0.028614
428.542858  0.028921
428.562857  0.028380
428.582857  0.028577
428.602856  0.028528
428.622855  0.028614
428.642854  0.028282
428.662853  0.028516
428.682853  0.028442
428.702852  0.028688
428.722851  0.028491
428.742850  0.028368
428.762849  0.028577
428.782849  0.028540
428.802848  0.028528
428.822847  0.028454
428.842846  0.028257
428.862845  0.028552
428.882845  0.028577
428.902844  0.028368
428.922843  0.028442
428.942842  0.028368
428.962841  0.028085
428.982841  0.028417
429.002840  0.028393
429.022839  0.028368
429.042838  0.028282
429.062837  0.028331
429.082837  0.028356
429.102836  0.028491
429.122835  0.028491
429.142834  0.028430
429.162833  0.028036
429.182833  0.028184
429.202832  0.028208
429.222831  0.028196
429.242830  0.028380
429.262829  0.027754
429.282829  0.028122
429.302828  0.028135
429.322827  0.028282
429.342826  0.028319
429.362825  0.028331
429.382825  0.028208
429.402824  0.027975
429.422823  0.028454
429.442822  0.028479
429.462821  0.028208
429.482821  0.028036
429.502820  0.028061
429.522819  0.028135
429.542818  0.028233
429.562817  0.028356
429.582817  0.027864
429.602816  0.027938
429.622815  0.028110
429.642814  0.027913
429.662813  0.028098
429.682813  0.028208
429.702812  0.028061
429.722811  0.027999
429.742810  0.028282
429.762809  0.028061
429.782809  0.028147
429.802808  0.028061
429.822807  0.028061
429.842806  0.028098
429.862805  0.027790
429.882805  0.027938
429.902804  0.027790
429.922803  0.027938
429.942802  0.027926
429.962801  0.028012
429.982801  0.027876
430.002800  0.028049
430.022799  0.027975
430.042798  0.028012
430.062797  0.027864
430.082797  0.027741
430.102796  0.027901
430.122795  0.027975
430.142794  0.028135
430.162793  0.028135
430.182793  0.027827
430.202792  0.028061
430.222791  0.028147
430.242790  0.027913
430.262789  0.027975
430.282789  0.028159
430.302788  0.027876
430.322787  0.028073
430.342786  0.027901
430.362785  0.027962
430.382785  0.027790
430.402784  0.027803
430.422783  0.028036
430.442782  0.027864
430.462781  0.027655
430.482781  0.028208
430.502780  0.027926
430.522779  0.027864
430.542778  0.027950
430.562777  0.027864
430.582777  0.027692
430.602776  0.027766
430.622775  0.027741
430.642774  0.027643
430.662773  0.027852
430.682773  0.027532
430.702772  0.027704
430.722771  0.027655
430.742770  0.027606
430.762769  0.027717
430.782769  0.027655
430.802768  0.027667
430.822767  0.027803
430.842766  0.027569
430.862765  0.027655
430.882765  0.027532
430.902764  0.027680
430.922763  0.027803
430.942762  0.027692
430.962761  0.027704
430.982761  0.027667
431.002760  0.027717
431.022759  0.027655
431.042758  0.027741
431.062757  0.027680
431.082757  0.027704
431.102756  0.027667
431.122755  0.027569
431.142754  0.027852
431.162753  0.027852
431.182753  0.027385
431.202752  0.027520
431.222751  0.027459
431.242750  0.027409
431.262749  0.027643
431.282749  0.027508
431.302748  0.027766
431.322747  0.027864
431.342746  0.027704
431.362745  0.027655
431.382745  0.027569
431.402744  0.027495
431.422743  0.027692
431.442742  0.027434
431.462741  0.027483
431.482741  0.027557
431.502740  0.027606
431.522739  0.027397
431.542738  0.027459
431.562737  0.027446
431.582737  0.027348
431.602736  0.027581
431.622735  0.027286
431.642734  0.027409
431.662733  0.027557
431.682733  0.027717
431.702732  0.027348
431.722731  0.027323
431.742730  0.027372
431.762729  0.027545
431.782729  0.027016
431.802728  0.027409
431.822727  0.027422
431.842726  0.027225
431.862725  0.027274
431.882725  0.027459
431.902724  0.027299
431.922723  0.027028
431.942722  0.027409
431.962721  0.027545
431.982721  0.027299
432.002720  0.027385
432.022719  0.026942
432.042718  0.027164
432.062717  0.027446
432.082717  0.027360
432.102716  0.027348
432.122715  0.027274
432.142714  0.027508
432.162713  0.027618
432.182713  0.027397
432.202712  0.027397
432.222711  0.027372
432.242710  0.027274
432.262709  0.027262
432.282709  0.027225
432.302708  0.027508
432.322707  0.027225
432.342706  0.027262
432.362705  0.027569
432.382705  0.027213
432.402704  0.027114
432.422703  0.027225
432.442702  0.027299
432.462701  0.027102
432.482701  0.027532
432.502700  0.027323
432.522699  0.027065
432.542698  0.026991
432.562697  0.027053
432.582697  0.027336
432.602696  0.026733
432.622695  0.026979
432.642694  0.027225
432.662693  0.027237
432.682693  0.027348
432.702692  0.027114
432.722691  0.027176
432.742690  0.027139
432.762689  0.027090
432.782689  0.027250
432.802688  0.027065
432.822687  0.026733
432.842686  0.027114
432.862685  0.027077
432.882685  0.027237
432.902684  0.027127
432.922683  0.026930
432.942682  0.027151
432.962681  0.027250
432.982681  0.027151
433.002680  0.027114
433.022679  0.027250
433.042678  0.026807
433.062677  0.026782
433.082677  0.027213
433.102676  0.027176
433.122675  0.026991
433.142674  0.027053
433.162673  0.026918
433.182673  0.027176
433.202672  0.027372
433.222671  0.027225
433.242670  0.027459
433.262669  0.027409
433.282669  0.026918
433.302668  0.027127
433.322667  0.026918
433.342666  0.026930
433.362665  0.027077
433.382665  0.027286
433.402664  0.027041
433.422663  0.027016
433.442662  0.026930
433.462661  0.026856
433.482661  0.027151
433.502660  0.027028
433.522659  0.026979
433.542658  0.026893
433.562657  0.026770
433.582657  0.026819
433.602656  0.026979
433.622655  0.026832
433.642654  0.026856
433.662653  0.026660
433.682653  0.026733
433.702652  0.026807
433.722651  0.026746
433.742650  0.026991
433.762649  0.026807
433.782649  0.026524
433.802648  0.026930
433.822647  0.027041
433.842646  0.027041
433.862645  0.026905
433.882645  0.026807
433.902644  0.026549
433.922643  0.026610
433.942642  0.026918
433.962641  0.026819
433.982641  0.026807
434.002640  0.026770
434.022639  0.026893
434.042638  0.027065
434.062637  0.026832
434.082637  0.026869
434.102636  0.026819
434.122635  0.026795
434.142634  0.027041
434.162633  0.026623
434.182633  0.026819
434.202632  0.026721
434.222631  0.026696
434.242630  0.026893
434.262629  0.026635
434.282629  0.026647
434.302628  0.026881
434.322627  0.026549
434.342626  0.026574
434.362625  0.027004
434.382625  0.026561
434.402624  0.026758
434.422623  0.026438
434.442622  0.026401
434.462621  0.026352
434.482621  0.026451
434.502620  0.026647
434.522619  0.026610
434.542618  0.026512
434.562617  0.026586
434.582617  0.026414
434.602616  0.026696
434.622615  0.026475
434.642614  0.026610
434.662613  0.026500
434.682613  0.026488
434.702612  0.026315
434.722611  0.026500
434.742610  0.026623
434.762609  0.026488
434.782609  0.026463
434.802608  0.026229
434.822607  0.026451
434.842606  0.026672
434.862605  0.026426
434.882605  0.026365
434.902604  0.026635
434.922603  0.026426
434.942602  0.026082
434.962601  0.026328
434.982601  0.026733
435.002600  0.026352
435.022599  0.026401
435.042598  0.026303
435.062597  0.026193
435.082597  0.026598
435.102596  0.026475
435.122595  0.026647
435.142594  0.026414
435.162593  0.026205
435.182593  0.026352
435.202592  0.026377
435.222591  0.025959
435.242590  0.026389
435.262589  0.026205
435.282589  0.026168
435.302588  0.026229
435.322587  0.026610
435.342586  0.026328
435.362585  0.026229
435.382585  0.026205
435.402584  0.025947
435.422583  0.025713
435.442582  0.026242
435.462581  0.026217
435.482581  0.026205
435.502580  0.026156
435.522579  0.026168
435.542578  0.026106
435.562577  0.026180
435.582577  0.026143
435.602576  0.025824
435.622575  0.026008
435.642574  0.026180
435.662573  0.025922
435.682573  0.026082
435.702572  0.026119
435.722571  0.026279
435.742570  0.025787
435.762569  0.026266
435.782569  0.025873
435.802568  0.026168
435.822567  0.025959
435.842566  0.025639
435.862565  0.025775
435.882565  0.025971
435.902564  0.026033
435.922563  0.025738
435.942562  0.026057
435.962561  0.026008
435.982561  0.026389
436.002560  0.026057
436.022559  0.025885
436.042558  0.026254
436.062557  0.026082
436.082557  0.026180
436.102556  0.026180
436.122555  0.025430
436.142554  0.026008
436.162553  0.026020
436.182553  0.025824
436.202552  0.026033
436.222551  0.025898
436.242550  0.025898
436.262549  0.025799
436.282549  0.025689
436.302548  0.025898
436.322547  0.025910
436.342546  0.025701
436.362545  0.025787
436.382545  0.025664
436.402544  0.025934
436.422543  0.025664
436.442542  0.025689
436.462541  0.025787
436.482541  0.025885
436.502540  0.025922
436.522539  0.025467
436.542538  0.025725
436.562537  0.025848
436.582537  0.025516
436.602536  0.025701
436.622535  0.025799
436.642534  0.025590
436.662533  0.025418
436.682533  0.025578
436.702532  0.025701
436.722531  0.025848
436.742530  0.025775
436.762529  0.025689
436.782529  0.025652
436.802528  0.025750
436.822527  0.025603
436.842526  0.025799
436.862525  0.025234
436.882525  0.025713
436.902524  0.025787
436.922523  0.025566
436.942522  0.025676
436.962521  0.025553
436.982521  0.025603
437.002520  0.025529
437.022519  0.025603
437.042518  0.025738
437.062517  0.025799
437.082517  0.025676
437.102516  0.025627
437.122515  0.025344
437.142514  0.025504
437.162513  0.025516
437.182513  0.025652
437.202512  0.025848
437.222511  0.025578
437.242510  0.025492
437.262509  0.025725
437.282509  0.025209
437.302508  0.025418
437.322507  0.025516
437.342506  0.025578
437.362505  0.025516
437.382505  0.025406
437.402504  0.025357
437.422503  0.025676
437.442502  0.025541
437.462501  0.025504
437.482501  0.025369
437.502500  0.025344
437.522499  0.025246
437.542498  0.025467
437.562498  0.025615
437.582497  0.025652
437.602496  0.025443
437.622495  0.025750
437.642494  0.025455
437.662494  0.025553
437.682493  0.025234
437.702492  0.025455
437.722491  0.025590
437.742490  0.025295
437.762490  0.025566
437.782489  0.025430
437.802488  0.025344
437.822487  0.025529
437.842486  0.025332
437.862486  0.025271
437.882485  0.025443
437.902484  0.025406
437.922483  0.025443
437.942482  0.025406
437.962482  0.025541
437.982481  0.025455
438.002480  0.025172
438.022479  0.025332
438.042478  0.025234
438.062478  0.025406
438.082477  0.025308
438.102476  0.025344
438.122475  0.025185
438.142474  0.025455
438.162474  0.025357
438.182473  0.025664
438.202472  0.025320
438.222471  0.025455
438.242470  0.025418
438.262470  0.025049
438.282469  0.025197
438.302468  0.025172
438.322467  0.025221
438.342466  0.025590
438.362466  0.025025
438.382465  0.025394
438.402464  0.025099
438.422463  0.025430
438.442462  0.025344
438.462462  0.025086
438.482461  0.025197
438.502460  0.024890
438.522459  0.025123
438.542458  0.025099
438.562458  0.025099
438.582457  0.025111
438.602456  0.025049
438.622455  0.025197
438.642454  0.025123
438.662454  0.025135
438.682453  0.025111
438.702452  0.025258
438.722451  0.025332
438.742450  0.024742
438.762450  0.025099
438.782449  0.024951
438.802448  0.025135
438.822447  0.025086
438.842446  0.025197
438.862446  0.025148
438.882445  0.024976
438.902444  0.025148
438.922443  0.025123
438.942442  0.025246
438.962442  0.024988
438.982441  0.025025
439.002440  0.025172
439.022439  0.025123
439.042438  0.025037
439.062438  0.024939
439.082437  0.025086
439.102436  0.024976
439.122435  0.024939
439.142434  0.025111
439.162434  0.025099
439.182433  0.025123
439.202432  0.025049
439.222431  0.025013
439.242430  0.024988
439.262430  0.025160
439.282429  0.024951
439.302428  0.024939
439.322427  0.024976
439.342426  0.025135
439.362426  0.024951
439.382425  0.024890
439.402424  0.025123
439.422423  0.024890
439.442422  0.024914
439.462422  0.024816
439.482421  0.025049
439.502420  0.024681
439.522419  0.024902
439.542418  0.025148
439.562418  0.024939
439.582417  0.024779
439.602416  0.025123
439.622415  0.024742
439.642414  0.024840
439.662414  0.024840
439.682413  0.024828
439.702412  0.024926
439.722411  0.024705
439.742410  0.024644
439.762410  0.024902
439.782409  0.024656
439.802408  0.024828
439.822407  0.024705
439.842406  0.025013
439.862406  0.024644
439.882405  0.024804
439.902404  0.024619
439.922403  0.024853
439.942402  0.024853
439.962402  0.024545
439.982401  0.024656
440.002400  0.024324
440.022399  0.024644
440.042398  0.024607
440.062398  0.024631
440.082397  0.024631
440.102396  0.024644
440.122395  0.024570
440.142394  0.024509
440.162394  0.024582
440.182393  0.024423
440.202392  0.024865
440.222391  0.024742
440.242390  0.024521
440.262390  0.024570
440.282389  0.024509
440.302388  0.024533
440.322387  0.024840
440.342386  0.024509
440.362386  0.024459
440.382385  0.024324
440.402384  0.024619
440.422383  0.024312
440.442382  0.024226
440.462382  0.024447
440.482381  0.024509
440.502380  0.024336
440.522379  0.024423
440.542378  0.024300
440.562378  0.024214
440.582377  0.024336
440.602376  0.024447
440.622375  0.024226
440.642374  0.024484
440.662374  0.024128
440.682373  0.024447
440.702372  0.024459
440.722371  0.024275
440.742370  0.024336
440.762370  0.024115
440.782369  0.024312
440.802368  0.024312
440.822367  0.024177
440.842366  0.024349
440.862366  0.024423
440.882365  0.024263
440.902364  0.024570
440.922363  0.024423
440.942362  0.024275
440.962362  0.024275
440.982361  0.024275
441.002360  0.023980
441.022359  0.024189
441.042358  0.024115
441.062358  0.024287
441.082357  0.024164
441.102356  0.024029
441.122355  0.024041
441.142354  0.024226
441.162354  0.024029
441.182353  0.024054
441.202352  0.024152
441.222351  0.023771
441.242350  0.023980
441.262350  0.024066
441.282349  0.024373
441.302348  0.024140
441.322347  0.024189
441.342346  0.023673
441.362346  0.024091
441.382345  0.024115
441.402344  0.024066
441.422343  0.024054
441.442342  0.023747
441.462342  0.024078
441.482341  0.024177
441.502340  0.024103
441.522339  0.024238
441.542338  0.023783
441.562338  0.023955
441.582337  0.023882
441.602336  0.023833
441.622335  0.023660
441.642334  0.023796
441.662334  0.023894
441.682333  0.024214
441.702332  0.023796
441.722331  0.023648
441.742330  0.023820
441.762330  0.023747
441.782329  0.023673
441.802328  0.023857
441.822327  0.023747
441.842326  0.023710
441.862326  0.023599
441.882325  0.023771
441.902324  0.023660
441.922323  0.023587
441.942322  0.023722
441.962322  0.023808
441.982321  0.023722
442.002320  0.023685
442.022319  0.023906
442.042318  0.023796
442.062318  0.023747
442.082317  0.023992
442.102316  0.023574
442.122315  0.023538
442.142314  0.023636
442.162314  0.023648
442.182313  0.023722
442.202312  0.023771
442.222311  0.023550
442.242310  0.023464
442.262310  0.023587
442.282309  0.023562
442.302308  0.023710
442.322307  0.023513
442.342306  0.023636
442.362306  0.023255
442.382305  0.023390
442.402304  0.023206
442.422303  0.023365
442.442302  0.023464
442.462302  0.023587
442.482301  0.023513
442.502300  0.023427
442.522299  0.023488
442.542298  0.023329
442.562298  0.023574
442.582297  0.023611
442.602296  0.023365
442.622295  0.023378
442.642294  0.023230
442.662294  0.023279
442.682293  0.023181
442.702292  0.023316
442.722291  0.023341
442.742290  0.023402
442.762290  0.023181
442.782289  0.023562
442.802288  0.023316
442.822287  0.023095
442.842286  0.023267
442.862286  0.023279
442.882285  0.023452
442.902284  0.023206
442.922283  0.023353
442.942282  0.023193
442.962282  0.023181
442.982281  0.023157
443.002280  0.023476
443.022279  0.023304
443.042278  0.023415
443.062278  0.023206
443.082277  0.023120
443.102276  0.023513
443.122275  0.023243
443.142274  0.023132
443.162274  0.023132
443.182273  0.023316
443.202272  0.023157
443.222271  0.023243
443.242270  0.023365
443.262270  0.023095
443.282269  0.022948
443.302268  0.023021
443.322267  0.023304
443.342266  0.023132
443.362266  0.023021
443.382265  0.023218
443.402264  0.023046
443.422263  0.022849
443.442262  0.023021
443.462262  0.022898
443.482261  0.022886
443.502260  0.022726
443.522259  0.023009
443.542258  0.023034
443.562258  0.022837
443.582257  0.022812
443.602256  0.022788
443.622255  0.022788
443.642254  0.022812
443.662254  0.022935
443.682253  0.023107
443.702252  0.023009
443.722251  0.023144
443.742250  0.023034
443.762250  0.022948
443.782249  0.023021
443.802248  0.023193
443.822247  0.022812
443.842246  0.022886
443.862246  0.023329
443.882245  0.022972
443.902244  0.022923
443.922243  0.022800
443.942242  0.022530
443.962242  0.022874
443.982241  0.022480
444.002240  0.022751
444.022239  0.022456
444.042238  0.022874
444.062238  0.022480
444.082237  0.022382
444.102236  0.022603
444.122235  0.022726
444.142234  0.022751
444.162234  0.022480
444.182233  0.022923
444.202232  0.022886
444.222231  0.022739
444.242230  0.022616
444.262230  0.022628
444.282229  0.023034
444.302228  0.022665
444.322227  0.022837
444.342226  0.022763
444.362226  0.022800
444.382225  0.022775
444.402224  0.022775
444.422223  0.022825
444.442222  0.022726
444.462222  0.022419
444.482221  0.022567
444.502220  0.022407
444.522219  0.022689
444.542218  0.022345
444.562218  0.022714
444.582217  0.022567
444.602216  0.022763
444.622215  0.022628
444.642214  0.022444
444.662214  0.022530
444.682213  0.022751
444.702212  0.022984
444.722211  0.022480
444.742210  0.022591
444.762210  0.022726
444.782209  0.022702
444.802208  0.022677
444.822207  0.022530
444.842206  0.022591
444.862206  0.022665
444.882205  0.022444
444.902204  0.022554
444.922203  0.022013
444.942202  0.022370
444.962202  0.022579
444.982201  0.022407
445.002200  0.022431
445.022199  0.022530
445.042198  0.022247
445.062198  0.022272
445.082197  0.022431
445.102196  0.022616
445.122195  0.022431
445.142194  0.022370
445.162194  0.022800
445.182193  0.022554
445.202192  0.022407
445.222191  0.022726
445.242190  0.022247
445.262190  0.022370
445.282189  0.022394
445.302188  0.022640
445.322187  0.022456
445.342186  0.022517
445.362186  0.022112
445.382185  0.022456
445.402184  0.022480
445.422183  0.022456
445.442182  0.022308
445.462182  0.022284
445.482181  0.022456
445.502180  0.022431
445.522179  0.022407
445.542178  0.022370
445.562178  0.022222
445.582177  0.022444
445.602176  0.022284
445.622175  0.022603
445.642174  0.022468
445.662174  0.022222
445.682173  0.022099
445.702172  0.022530
445.722171  0.022259
445.742170  0.022075
445.762170  0.022222
445.782169  0.022370
445.802168  0.022702
445.822167  0.022370
445.842166  0.022333
445.862166  0.022173
445.882165  0.022333
445.902164  0.022112
445.922163  0.022456
445.942162  0.022358
445.962162  0.022259
445.982161  0.022272
446.002160  0.022112
446.022159  0.022358
446.042158  0.022431
446.062158  0.022013
446.082157  0.022198
446.102156  0.022345
446.122155  0.022272
446.142154  0.022259
446.162154  0.022284
446.182153  0.022063
446.202152  0.022222
446.222151  0.022136
446.242150  0.022161
446.262150  0.022173
446.282149  0.022099
446.302148  0.022284
446.322147  0.022210
446.342146  0.022259
446.362146  0.021854
446.382145  0.022235
446.402144  0.022185
446.422143  0.022198
446.442142  0.022394
446.462142  0.022063
446.482141  0.021977
446.502140  0.022542
446.522139  0.021977
446.542138  0.022382
446.562138  0.022247
446.582137  0.021977
446.602136  0.022185
446.622135  0.022333
446.642134  0.021977
446.662134  0.022038
446.682133  0.022136
446.702132  0.022099
446.722131  0.021952
446.742130  0.022185
446.762130  0.022013
446.782129  0.022185
446.802128  0.022112
446.822127  0.021903
446.842126  0.022112
446.862126  0.021792
446.882125  0.022087
446.902124  0.021915
446.922123  0.022173
446.942122  0.022099
446.962122  0.022149
446.982121  0.021878
447.002120  0.021878
447.022119  0.022099
447.042118  0.021841
447.062118  0.021964
447.082117  0.021522
447.102116  0.021804
447.122115  0.022063
447.142114  0.022112
447.162114  0.021989
447.182113  0.022038
447.202112  0.021903
447.222111  0.022001
447.242110  0.022480
447.262110  0.022087
447.282109  0.022198
447.302108  0.021989
447.322107  0.021841
447.342106  0.021915
447.362106  0.022099
447.382105  0.022038
447.402104  0.021915
447.422103  0.021743
447.442102  0.022407
447.462102  0.021804
447.482101  0.021755
447.502100  0.021854
447.522099  0.022038
447.542098  0.022136
447.562098  0.022063
447.582097  0.021731
447.602096  0.021866
447.622095  0.021743
447.642094  0.021768
447.662094  0.022050
447.682093  0.022099
447.702092  0.021841
447.722091  0.021829
447.742090  0.022112
447.762090  0.021743
447.782089  0.022296
447.802088  0.022075
447.822087  0.022136
447.842086  0.021768
447.862086  0.021854
447.882085  0.021399
447.902084  0.021718
447.922083  0.021694
447.942082  0.021854
447.962082  0.021841
447.982081  0.022001
448.002080  0.021841
448.022079  0.021718
448.042078  0.021964
448.062078  0.021706
448.082077  0.021473
448.102076  0.021522
448.122075  0.021915
448.142074  0.021669
448.162074  0.021780
448.182073  0.021657
448.202072  0.021768
448.222071  0.021485
448.242070  0.021792
448.262070  0.021890
448.282069  0.021878
448.302068  0.021411
448.322067  0.021878
448.342066  0.021841
448.362066  0.021768
448.382065  0.021583
448.402064  0.021829
448.422063  0.021559
448.442062  0.021682
448.462062  0.021374
448.482061  0.021755
448.502060  0.021657
448.522059  0.021509
448.542058  0.021669
448.562058  0.021682
448.582057  0.021792
448.602056  0.021595
448.622055  0.021509
448.642054  0.021534
448.662054  0.021755
448.682053  0.021682
448.702052  0.021669
448.722051  0.021473
448.742050  0.021411
448.762050  0.021534
448.782049  0.021460
448.802048  0.021534
448.822047  0.021387
448.842046  0.021473
448.862046  0.021509
448.882045  0.021423
448.902044  0.021399
448.922043  0.021325
448.942042  0.021534
448.962042  0.021657
448.982041  0.021178
449.002040  0.021559
449.022039  0.021497
449.042038  0.021755
449.062038  0.021608
449.082037  0.021411
449.102036  0.021534
449.122035  0.021620
449.142034  0.021509
449.162034  0.021546
449.182033  0.021190
449.202032  0.021608
449.222031  0.021387
449.242030  0.021460
449.262030  0.021473
449.282029  0.021202
449.302028  0.021460
449.322027  0.021608
449.342026  0.021337
449.362026  0.021337
449.382025  0.021153
449.402024  0.021423
449.422023  0.021300
449.442022  0.021534
449.462022  0.021264
449.482021  0.021387
449.502020  0.021387
449.522019  0.021485
449.542018  0.021264
449.562018  0.021350
449.582017  0.021214
449.602016  0.021264
449.622015  0.021276
449.642014  0.021178
449.662014  0.021092
449.682013  0.020919
449.702012  0.021214
449.722011  0.021325
449.742010  0.021116
449.762010  0.021079
449.782009  0.021153
449.802008  0.021178
449.822007  0.021227
449.842006  0.021190
449.862006  0.021092
449.882005  0.021067
449.902004  0.021264
449.922003  0.021214
449.942002  0.021251
449.962002  0.020907
449.982001  0.021251
450.002000  0.021092
450.021999  0.021006
450.041998  0.021202
450.061998  0.020919
450.081997  0.021104
450.101996  0.021128
450.121995  0.021153
450.141994  0.020858
450.161994  0.021030
450.181993  0.020919
450.201992  0.021067
450.221991  0.021018
450.241990  0.021116
450.261990  0.020981
450.281989  0.021006
450.301988  0.021018
450.321987  0.021030
450.341986  0.020858
450.361986  0.021042
450.381985  0.021006
450.401984  0.020772
450.421983  0.021006
450.441982  0.020747
450.461982  0.020772
450.481981  0.020883
450.501980  0.020698
450.521979  0.020821
450.541978  0.020735
450.561978  0.021042
450.581977  0.020919
450.601976  0.020600
450.621975  0.020833
450.641974  0.020784
450.661974  0.020907
450.681973  0.020858
450.701972  0.020919
450.721971  0.020870
450.741970  0.020661
450.761970  0.020895
450.781969  0.020919
450.801968  0.020797
450.821967  0.020944
450.841966  0.020624
450.861966  0.020919
450.881965  0.020833
450.901964  0.020686
450.921963  0.020735
450.941962  0.020465
450.961962  0.020797
450.981961  0.020821
451.001960  0.020526
451.021959  0.020870
451.041958  0.020797
451.061958  0.020686
451.081957  0.020772
451.101956  0.020637
451.121955  0.020784
451.141954  0.020698
451.161954  0.020686
451.181953  0.020674
451.201952  0.020723
451.221951  0.020661
451.241950  0.020661
451.261950  0.020637
451.281949  0.020526
451.301948  0.020465
451.321947  0.020612
451.341946  0.020649
451.361946  0.020624
451.381945  0.020661
451.401944  0.020661
451.421943  0.020772
451.441942  0.020637
451.461942  0.020416
451.481941  0.020846
451.501940  0.020526
451.521939  0.020526
451.541938  0.020391
451.561938  0.020612
451.581937  0.020489
451.601936  0.020588
451.621935  0.020477
451.641934  0.020711
451.661934  0.020514
451.681933  0.020489
451.701932  0.020489
451.721931  0.020624
451.741930  0.020182
451.761930  0.020379
451.781929  0.020293
451.801928  0.020329
451.821927  0.020514
451.841926  0.020502
451.861926  0.020661
451.881925  0.019973
451.901924  0.020317
451.921923  0.020600
451.941922  0.020440
451.961922  0.020563
451.981921  0.020416
452.001920  0.020428
452.021919  0.020121
452.041918  0.020329
452.061918  0.020194
452.081917  0.020403
452.101916  0.020329
452.121915  0.020391
452.141914  0.020452
452.161914  0.020231
452.181913  0.020280
452.201912  0.019518
452.221911  0.020182
452.241910  0.020121
452.261910  0.020342
452.281909  0.020293
452.301908  0.020219
452.321907  0.020317
452.341906  0.020121
452.361906  0.020342
452.381905  0.020145
452.401904  0.020243
452.421903  0.020366
452.441902  0.020477
452.461902  0.020403
452.481901  0.020034
452.501900  0.020207
452.521899  0.020477
452.541898  0.020354
452.561898  0.020403
452.581897  0.020465
452.601896  0.020514
452.621895  0.020231
452.641894  0.020268
452.661894  0.020551
452.681893  0.020059
452.701892  0.020096
452.721891  0.020293
452.741890  0.020231
452.761890  0.020305
452.781889  0.020219
452.801888  0.019862
452.821887  0.020256
452.841886  0.020280
452.861886  0.020108
452.881885  0.020121
452.901884  0.019899
452.921883  0.020243
452.941882  0.020243
452.961882  0.020133
452.981881  0.020305
453.001880  0.020256
453.021879  0.020207
453.041878  0.020194
453.061878  0.020133
453.081877  0.020096
453.101876  0.020096
453.121875  0.019887
453.141874  0.019875
453.161874  0.019924
453.181873  0.019998
453.201872  0.020207
453.221871  0.020207
453.241870  0.019875
453.261870  0.020022
453.281869  0.019973
453.301868  0.020243
453.321867  0.020096
453.341866  0.019850
453.361866  0.020157
453.381865  0.020071
453.401864  0.019617
453.421863  0.020121
453.441862  0.019875
453.461862  0.019567
453.481861  0.019973
453.501860  0.020133
453.521859  0.020207
453.541858  0.020096
453.561858  0.019912
453.581857  0.019912
453.601856  0.020084
453.621855  0.019715
453.641854  0.020293
453.661854  0.020121
453.681853  0.019887
453.701852  0.019875
453.721851  0.019801
453.741850  0.019776
453.761850  0.020010
453.781849  0.019912
453.801848  0.020280
453.821847  0.019924
453.841846  0.019813
453.861846  0.019789
453.881845  0.019850
453.901844  0.019715
453.921843  0.019690
453.941842  0.019481
453.961842  0.019592
453.981841  0.019739
454.001840  0.019813
454.021839  0.019776
454.041838  0.019629
454.061838  0.019850
454.081837  0.019715
454.101836  0.020034
454.121835  0.019703
454.141834  0.019875
454.161834  0.019776
454.181833  0.019948
454.201832  0.019727
454.221831  0.019998
454.241830  0.019752
454.261830  0.019862
454.281829  0.019985
454.301828  0.019739
454.321827  0.019752
454.341826  0.019801
454.361826  0.019789
454.381825  0.019690
454.401824  0.019653
454.421823  0.019715
454.441822  0.019604
454.461822  0.019617
454.481821  0.019690
454.501820  0.019629
454.521819  0.019531
454.541818  0.019875
454.561818  0.019395
454.581817  0.019444
454.601816  0.019494
454.621815  0.019727
454.641814  0.019223
454.661814  0.019543
454.681813  0.019322
454.701812  0.019543
454.721811  0.019617
454.741810  0.019936
454.761810  0.019678
454.781809  0.019481
454.801808  0.019617
454.821807  0.019653
454.841806  0.019432
454.861806  0.019518
454.881805  0.019444
454.901804  0.019469
454.921803  0.019567
454.941802  0.019444
454.961802  0.019617
454.981801  0.019420
455.001800  0.019395
455.021799  0.019395
455.041798  0.019629
455.061798  0.019678
455.081797  0.019420
455.101796  0.019543
455.121795  0.019137
455.141794  0.019531
455.161794  0.019408
455.181793  0.019457
455.201792  0.019432
455.221791  0.019371
455.241790  0.019494
455.261790  0.019776
455.281789  0.019531
455.301788  0.019518
455.321787  0.019371
455.341786  0.019371
455.361786  0.019469
455.381785  0.019199
455.401784  0.019395
455.421783  0.019408
455.441782  0.019248
455.461782  0.019334
455.481781  0.019469
455.501780  0.019408
455.521779  0.019420
455.541778  0.019469
455.561778  0.019322
455.581777  0.019088
455.601776  0.019309
455.621775  0.019309
455.641774  0.019408
455.661774  0.019211
455.681773  0.019113
455.701772  0.019149
455.721771  0.019149
455.741770  0.019137
455.761770  0.019346
455.781769  0.019223
455.801768  0.019432
455.821767  0.019223
455.841766  0.019322
455.861766  0.019506
455.881765  0.019162
455.901764  0.019100
455.921763  0.019383
455.941762  0.019162
455.961762  0.019027
455.981761  0.019149
456.001760  0.019162
456.021759  0.019444
456.041758  0.019014
456.061758  0.019260
456.081757  0.019002
456.101756  0.019137
456.121755  0.019162
456.141754  0.019002
456.161754  0.019334
456.181753  0.018891
456.201752  0.019088
456.221751  0.019174
456.241750  0.019149
456.261750  0.019088
456.281749  0.018928
456.301748  0.019100
456.321747  0.019309
456.341746  0.019014
456.361746  0.019236
456.381745  0.018941
456.401744  0.019051
456.421743  0.019260
456.441742  0.019039
456.461742  0.018941
456.481741  0.019236
456.501740  0.019076
456.521739  0.018719
456.541738  0.019002
456.561738  0.018928
456.581737  0.019063
456.601736  0.018682
456.621735  0.019469
456.641734  0.018916
456.661734  0.018977
456.681733  0.019100
456.701732  0.018867
456.721731  0.018818
456.741730  0.018818
456.761730  0.018941
456.781729  0.019100
456.801728  0.018842
456.821727  0.018904
456.841726  0.018842
456.861726  0.018854
456.881725  0.018904
456.901724  0.018854
456.921723  0.018793
456.941722  0.019100
456.961722  0.018941
456.981721  0.018818
457.001720  0.018400
457.021719  0.018879
457.041718  0.018732
457.061718  0.018818
457.081717  0.019039
457.101716  0.018891
457.121715  0.018707
457.141714  0.018891
457.161714  0.018953
457.181713  0.018744
457.201712  0.018584
457.221711  0.018351
457.241710  0.018744
457.261710  0.018756
457.281709  0.018781
457.301708  0.018768
457.321707  0.018559
457.341706  0.018805
457.361706  0.018842
457.381705  0.018719
457.401704  0.018596
457.421703  0.018547
457.441702  0.018719
457.461702  0.018535
457.481701  0.018621
457.501700  0.018695
457.521699  0.018719
457.541698  0.018584
457.561698  0.018842
457.581697  0.018584
457.601696  0.018572
457.621695  0.018633
457.641694  0.018449
457.661694  0.018559
457.681693  0.018707
457.701692  0.018498
457.721691  0.018535
457.741690  0.018781
457.761690  0.018609
457.781689  0.018486
457.801688  0.018486
457.821687  0.018596
457.841686  0.018572
457.861686  0.018461
457.881685  0.018498
457.901684  0.018424
457.921683  0.018461
457.941682  0.018437
457.961682  0.018191
457.981681  0.018461
458.001680  0.018523
458.021679  0.018449
458.041678  0.018056
458.061678  0.018695
458.081677  0.018363
458.101676  0.018375
458.121675  0.018400
458.141674  0.018461
458.161674  0.018338
458.181673  0.018178
458.201672  0.018228
458.221671  0.018314
458.241670  0.018461
458.261670  0.018129
458.281669  0.018252
458.301668  0.018498
458.321667  0.018203
458.341666  0.018203
458.361666  0.018215
458.381665  0.018056
458.401664  0.018277
458.421663  0.018265
458.441662  0.018154
458.461662  0.018473
458.481661  0.018068
458.501660  0.018154
458.521659  0.018314
458.541658  0.018203
458.561658  0.018080
458.581657  0.018154
458.601656  0.018166
458.621655  0.018068
458.641654  0.018252
458.661654  0.018191
458.681653  0.018142
458.701652  0.017871
458.721651  0.018277
458.741650  0.018289
458.761650  0.018178
458.781649  0.017871
458.801648  0.017920
458.821647  0.018203
458.841646  0.017908
458.861646  0.017822
458.881645  0.018142
458.901644  0.017945
458.921643  0.017785
458.941642  0.017982
458.961642  0.017945
458.981641  0.018215
459.001640  0.018252
459.021639  0.017970
459.041638  0.017785
459.061638  0.017933
459.081637  0.017994
459.101636  0.017945
459.121635  0.017896
459.141634  0.017982
459.161634  0.017933
459.181633  0.017883
459.201632  0.017834
459.221631  0.017847
459.241630  0.017970
459.261630  0.017920
459.281629  0.017748
459.301628  0.017416
459.321627  0.017736
459.341626  0.017650
459.361626  0.017724
459.381625  0.017748
459.401624  0.017822
459.421623  0.017613
459.441622  0.017564
459.461622  0.017638
459.481621  0.018080
459.501620  0.017638
459.521619  0.017588
459.541618  0.017576
459.561618  0.017724
459.581617  0.017601
459.601616  0.017687
459.621615  0.017638
459.641614  0.017601
459.661614  0.017662
459.681613  0.017675
459.701612  0.017601
459.721611  0.017601
459.741610  0.017699
459.761610  0.017576
459.781609  0.017588
459.801608  0.017638
459.821607  0.017539
459.841606  0.017539
459.861606  0.017601
459.881605  0.017232
459.901604  0.017601
459.921603  0.017429
459.941602  0.017552
459.961602  0.017478
459.981601  0.017564
460.001600  0.017552
460.021599  0.017392
460.041598  0.017613
460.061598  0.017380
460.081597  0.017478
460.101596  0.017564
460.121595  0.017466
460.141594  0.017441
460.161594  0.017380
460.181593  0.017244
460.201592  0.017171
460.221591  0.017269
460.241590  0.017355
460.261590  0.017466
460.281589  0.017330
460.301588  0.017146
460.321587  0.017158
460.341586  0.017183
460.361586  0.017306
460.381585  0.017085
460.401584  0.017355
460.421583  0.017134
460.441582  0.017011
460.461582  0.017355
460.481581  0.017097
460.501580  0.017244
460.521579  0.017355
460.541578  0.017171
460.561578  0.017232
460.581577  0.017158
460.601576  0.017380
460.621575  0.017207
460.641574  0.017343
460.661574  0.017244
460.681573  0.017060
460.701572  0.017183
460.721571  0.017269
460.741570  0.017146
460.761570  0.017330
460.781569  0.017232
460.801568  0.017048
460.821567  0.016962
460.841566  0.017207
460.861566  0.016998
460.881565  0.016949
460.901564  0.017048
460.921563  0.017183
460.941562  0.016863
460.961562  0.017121
460.981561  0.016986
461.001560  0.017109
461.021559  0.017072
461.041558  0.017060
461.061558  0.016986
461.081557  0.017048
461.101556  0.017035
461.121555  0.016593
461.141554  0.016556
461.161554  0.017035
461.181553  0.016900
461.201552  0.017035
461.221551  0.016876
461.241550  0.016765
461.261550  0.017085
461.281549  0.016790
461.301548  0.016925
461.321547  0.016839
461.341546  0.016777
461.361546  0.017183
461.381545  0.016974
461.401544  0.016876
461.421543  0.016851
461.441542  0.016962
461.461542  0.016740
461.481541  0.016802
461.501540  0.016802
461.521539  0.016790
461.541538  0.016703
461.561538  0.016814
461.581537  0.016876
461.601536  0.016408
461.621535  0.016777
461.641534  0.016851
461.661534  0.016777
461.681533  0.016790
461.701532  0.016667
461.721531  0.016593
461.741530  0.016495
461.761530  0.016568
461.781529  0.016765
461.801528  0.016679
461.821527  0.016716
461.841526  0.016753
461.861526  0.016679
461.881525  0.016962
461.901524  0.016679
461.921523  0.016482
461.941522  0.016581
461.961522  0.016740
461.981521  0.016777
462.001520  0.016630
462.021519  0.016630
462.041518  0.016777
462.061518  0.016544
462.081517  0.016470
462.101516  0.016470
462.121515  0.016335
462.141514  0.016617
462.161514  0.016519
462.181513  0.016642
462.201512  0.016581
462.221511  0.016507
462.241510  0.016654
462.261510  0.016372
462.281509  0.016630
462.301508  0.016433
462.321507  0.016286
462.341506  0.016605
462.361506  0.016507
462.381505  0.016593
462.401504  0.016605
462.421503  0.016703
462.441502  0.016519
462.461502  0.016581
462.481501  0.016790
462.501500  0.016495
462.521499  0.016790
462.541498  0.016531
462.561498  0.016408
462.581497  0.016408
462.601496  0.016605
462.621495  0.016470
462.641494  0.016519
462.661494  0.016482
462.681493  0.016384
462.701492  0.016408
462.721491  0.016249
462.741490  0.016224
462.761490  0.016359
462.781489  0.016482
462.801488  0.016605
462.821487  0.016396
462.841486  0.016322
462.861486  0.016359
462.881485  0.016372
462.901484  0.016593
462.921483  0.016224
462.941482  0.016347
462.961482  0.016458
462.981481  0.016384
463.001480  0.016261
463.021479  0.016531
463.041478  0.016372
463.061478  0.016261
463.081477  0.016482
463.101476  0.016175
463.121475  0.016408
463.141474  0.016617
463.161474  0.016249
463.181473  0.016359
463.201472  0.016273
463.221471  0.016396
463.241470  0.016408
463.261470  0.016335
463.281469  0.016089
463.301468  0.016286
463.321467  0.016470
463.341466  0.016150
463.361466  0.016298
463.381465  0.016581
463.401464  0.016372
463.421463  0.016175
463.441462  0.016187
463.461462  0.016150
463.481461  0.016310
463.501460  0.016150
463.521459  0.016372
463.541458  0.016298
463.561458  0.016372
463.581457  0.016138
463.601456  0.016150
463.621455  0.016163
463.641454  0.016212
463.661454  0.016372
463.681453  0.016396
463.701452  0.016384
463.721451  0.016163
463.741450  0.016212
463.761450  0.016359
463.781449  0.015991
463.801448  0.015782
463.821447  0.016089
463.841446  0.016187
463.861446  0.016187
463.881445  0.016322
463.901444  0.016322
463.921443  0.016040
463.941442  0.016138
463.961442  0.016027
463.981441  0.016372
464.001440  0.016040
464.021439  0.016089
464.041438  0.016408
464.061438  0.016236
464.081437  0.016261
464.101436  0.016126
464.121435  0.016322
464.141434  0.016126
464.161434  0.016052
464.181433  0.016113
464.201432  0.016052
464.221431  0.016249
464.241430  0.016126
464.261430  0.015720
464.281429  0.016077
464.301428  0.015659
464.321427  0.016003
464.341426  0.016040
464.361426  0.015978
464.381425  0.016126
464.401424  0.016126
464.421423  0.015991
464.441422  0.015991
464.461422  0.015954
464.481421  0.016322
464.501420  0.016064
464.521419  0.016200
464.541418  0.016015
464.561418  0.016482
464.581417  0.016003
464.601416  0.016298
464.621415  0.016200
464.641414  0.016187
464.661414  0.016101
464.681413  0.016335
464.701412  0.015782
464.721411  0.016261
464.741410  0.016077
464.761410  0.016187
464.781409  0.015782
464.801408  0.016187
464.821407  0.016126
464.841406  0.015966
464.861406  0.015855
464.881405  0.016003
464.901404  0.015978
464.921403  0.015929
464.941402  0.015966
464.961402  0.015892
464.981401  0.015831
465.001400  0.016089
465.021399  0.016200
465.041398  0.015929
465.061398  0.015991
465.081397  0.015868
465.101396  0.016101
465.121395  0.016113
465.141394  0.016040
465.161394  0.015585
465.181393  0.016015
465.201392  0.015573
465.221391  0.015954
465.241390  0.015929
465.261390  0.015991
465.281389  0.015941
465.301388  0.015634
465.321387  0.015978
465.341386  0.016101
465.361386  0.015769
465.381385  0.015941
465.401384  0.015708
465.421383  0.015954
465.441382  0.015905
465.461382  0.015720
465.481381  0.015905
465.501380  0.015941
465.521379  0.015782
465.541378  0.015585
465.561378  0.015806
465.581377  0.015745
465.601376  0.015966
465.621375  0.016003
465.641374  0.015929
465.661374  0.015880
465.681373  0.015524
465.701372  0.015769
465.721371  0.015818
465.741370  0.015646
465.761370  0.015818
465.781369  0.015782
465.801368  0.015499
465.821367  0.015708
465.841366  0.015806
465.861366  0.015634
465.881365  0.015401
465.901364  0.015671
465.921363  0.015671
465.941362  0.015573
465.961362  0.015683
465.981361  0.015732
466.001360  0.015659
466.021359  0.015782
466.041358  0.015622
466.061358  0.015659
466.081357  0.015437
466.101356  0.015720
466.121355  0.015659
466.141354  0.015364
466.161354  0.015634
466.181353  0.015671
466.201352  0.015818
466.221351  0.015462
466.241350  0.015597
466.261350  0.015806
466.281349  0.015978
466.301348  0.015683
466.321347  0.015487
466.341346  0.015610
466.361346  0.015487
466.381345  0.015487
466.401344  0.015511
466.421343  0.015659
466.441342  0.015708
466.461342  0.015511
466.481341  0.015524
466.501340  0.015818
466.521339  0.015437
466.541338  0.015315
466.561338  0.015560
466.581337  0.015388
466.601336  0.015597
466.621335  0.015462
466.641334  0.015413
466.661334  0.015204
466.681333  0.015462
466.701332  0.015253
466.721331  0.015339
466.741330  0.015241
466.761330  0.015265
466.781329  0.015474
466.801328  0.015437
466.821327  0.015302
466.841326  0.015450
466.861326  0.015388
466.881325  0.015253
466.901324  0.015265
466.921323  0.015278
466.941322  0.015597
466.961322  0.015265
466.981321  0.015179
467.001320  0.015351
467.021319  0.015302
467.041318  0.015069
467.061318  0.015241
467.081317  0.015093
467.101316  0.015155
467.121315  0.015229
467.141314  0.015278
467.161314  0.015192
467.181313  0.015106
467.201312  0.015216
467.221311  0.015167
467.241310  0.014958
467.261310  0.015093
467.281309  0.015106
467.301308  0.015093
467.321307  0.015093
467.341306  0.015081
467.361306  0.015241
467.381305  0.015020
467.401304  0.014946
467.421303  0.014934
467.441302  0.015007
467.461302  0.015106
467.481301  0.014958
467.501300  0.015106
467.521299  0.014970
467.541298  0.014946
467.561298  0.014823
467.581297  0.014983
467.601296  0.014983
467.621295  0.014442
467.641294  0.015044
467.661294  0.014909
467.681293  0.014884
467.701292  0.014774
467.721291  0.015069
467.741290  0.014995
467.761290  0.014946
467.781289  0.014958
467.801288  0.014737
467.821287  0.014774
467.841286  0.014737
467.861286  0.014847
467.881285  0.014602
467.901284  0.014847
467.921283  0.014614
467.941282  0.014737
467.961282  0.014811
467.981281  0.014737
468.001280  0.014860
468.021279  0.014675
468.041278  0.014823
468.061278  0.014614
468.081277  0.014897
468.101276  0.014774
468.121275  0.014675
468.141274  0.014368
468.161274  0.014602
468.181273  0.014503
468.201272  0.014491
468.221271  0.014614
468.241270  0.014626
468.261270  0.014725
468.281269  0.014552
468.301268  0.014675
468.321267  0.014565
468.341266  0.014380
468.361266  0.014282
468.381265  0.014491
468.401264  0.014466
468.421263  0.014626
468.441262  0.014602
468.461262  0.014479
468.481261  0.014528
468.501260  0.014466
468.521259  0.014270
468.541258  0.014344
468.561258  0.014442
468.581257  0.014417
468.601256  0.014380
468.621255  0.014430
468.641254  0.014417
468.661254  0.014135
468.681253  0.014073
468.701252  0.014245
468.721251  0.014417
468.741250  0.014417
468.761250  0.014221
468.781249  0.014294
468.801248  0.014307
468.821247  0.014602
468.841246  0.014135
468.861246  0.014368
468.881245  0.014368
468.901244  0.014208
468.921243  0.014319
468.941242  0.014221
468.961242  0.014331
468.981241  0.014294
469.001240  0.014171
469.021239  0.014208
469.041238  0.014221
469.061238  0.014294
469.081237  0.014393
469.101236  0.014036
469.121235  0.014135
469.141234  0.014073
469.161234  0.014405
469.181233  0.014135
469.201232  0.014049
469.221231  0.014061
469.241230  0.013975
469.261230  0.014171
469.281229  0.013962
469.301228  0.013999
469.321227  0.014147
469.341226  0.014085
469.361226  0.013913
469.381225  0.013864
469.401224  0.014024
469.421223  0.013864
469.441222  0.014061
469.461222  0.013876
469.481221  0.014110
469.501220  0.013827
469.521219  0.013987
469.541218  0.013987
469.561218  0.014147
469.581217  0.013778
469.601216  0.013790
469.621215  0.013889
469.641214  0.013680
469.661214  0.013827
469.681213  0.013643
469.701212  0.013618
469.721211  0.013618
469.741210  0.013803
469.761210  0.013434
469.781209  0.013631
469.801208  0.013815
469.821207  0.013790
469.841206  0.013852
469.861206  0.013741
469.881205  0.013741
469.901204  0.013815
469.921203  0.013803
469.941202  0.013667
469.961202  0.013680
469.981201  0.013729
470.001200  0.013483
470.021199  0.013409
470.041198  0.013778
470.061198  0.013643
470.081197  0.013471
470.101196  0.013594
470.121195  0.013790
470.141194  0.013729
470.161194  0.013655
470.181193  0.013704
470.201192  0.013557
470.221191  0.013606
470.241190  0.013409
470.261190  0.013545
470.281189  0.013557
470.301188  0.013520
470.321187  0.013459
470.341186  0.013471
470.361186  0.013176
470.381185  0.013385
470.401184  0.013311
470.421183  0.013237
470.441182  0.013409
470.461182  0.013385
470.481181  0.013483
470.501180  0.013385
470.521179  0.013471
470.541178  0.013422
470.561178  0.012955
470.581177  0.013151
470.601176  0.013299
470.621175  0.013360
470.641174  0.013164
470.661174  0.013483
470.681173  0.013336
470.701172  0.013581
470.721171  0.013372
470.741170  0.013422
470.761170  0.013360
470.781169  0.013213
470.801168  0.013077
470.821167  0.013213
470.841166  0.013188
470.861166  0.013262
470.881165  0.013016
470.901164  0.012967
470.921163  0.013311
470.941162  0.013139
470.961162  0.013323
470.981161  0.012918
471.001160  0.012955
471.021159  0.013176
471.041158  0.013213
471.061158  0.012832
471.081157  0.012918
471.101156  0.013041
471.121155  0.012991
471.141154  0.013237
471.161154  0.012893
471.181153  0.013151
471.201152  0.013372
471.221151  0.013102
471.241150  0.013127
471.261150  0.012955
471.281149  0.013102
471.301148  0.012991
471.321147  0.012979
471.341146  0.012905
471.361146  0.013090
471.381145  0.012869
471.401144  0.013065
471.421143  0.012979
471.441142  0.012905
471.461142  0.013114
471.481141  0.013053
471.501140  0.012955
471.521139  0.013053
471.541138  0.013151
471.561138  0.013139
471.581137  0.012955
471.601136  0.013090
471.621135  0.012905
471.641134  0.012783
471.661134  0.012746
471.681133  0.013053
471.701132  0.012709
471.721131  0.012832
471.741130  0.013028
471.761130  0.012918
471.781129  0.012967
471.801128  0.013041
471.821127  0.012942
471.841126  0.012647
471.861126  0.013053
471.881125  0.012819
471.901124  0.012709
471.921123  0.012930
471.941122  0.012844
471.961122  0.012869
471.981121  0.012844
472.001120  0.012819
472.021119  0.013065
472.041118  0.012942
472.061118  0.013053
472.081117  0.012955
472.101116  0.013041
472.121115  0.012942
472.141114  0.012991
472.161114  0.012832
472.181113  0.012635
472.201112  0.013077
472.221111  0.012881
472.241110  0.012819
472.261110  0.013016
472.281109  0.012881
472.301108  0.012893
472.321107  0.013053
472.341106  0.012586
472.361106  0.013065
472.381105  0.012942
472.401104  0.012869
472.421103  0.013176
472.441102  0.012795
472.461102  0.012758
472.481101  0.012660
472.501100  0.012746
472.521099  0.012770
472.541098  0.013077
472.561098  0.012856
472.581097  0.013016
472.601096  0.012721
472.621095  0.012856
472.641094  0.012918
472.661094  0.013139
472.681093  0.012905
472.701092  0.012893
472.721091  0.013065
472.741090  0.012746
472.761090  0.012905
472.781089  0.013213
472.801088  0.013164
472.821087  0.012930
472.841086  0.013188
472.861086  0.012881
472.881085  0.013016
472.901084  0.013016
472.921083  0.012844
472.941082  0.012856
472.961082  0.013360
472.981081  0.012881
473.001080  0.012991
473.021079  0.012942
473.041078  0.012967
473.061078  0.012942
473.081077  0.013176
473.101076  0.013016
473.121075  0.012783
473.141074  0.012942
473.161074  0.012918
473.181073  0.012893
473.201072  0.012721
473.221071  0.013016
473.241070  0.012770
473.261070  0.012709
473.281069  0.013041
473.301068  0.013053
473.321067  0.013016
473.341066  0.012696
473.361066  0.012955
473.381065  0.012586
473.401064  0.013090
473.421063  0.013053
473.441062  0.013151
473.461062  0.012807
473.481061  0.012881
473.501060  0.012758
473.521059  0.012955
473.541058  0.012881
473.561058  0.012733
473.581057  0.012930
473.601056  0.012758
473.621055  0.013016
473.641054  0.012783
473.661054  0.012807
473.681053  0.013225
473.701052  0.013188
473.721051  0.013077
473.741050  0.013016
473.761050  0.013065
473.781049  0.012856
473.801048  0.013164
473.821047  0.012967
473.841046  0.012844
473.861046  0.013053
473.881045  0.013016
473.901044  0.013286
473.921043  0.013065
473.941042  0.013028
473.961042  0.013348
473.981041  0.013102
474.001040  0.013102
474.021039  0.013102
474.041038  0.013139
474.061038  0.012598
474.081037  0.013188
474.101036  0.012869
474.121035  0.012881
474.141034  0.013336
474.161034  0.012967
474.181033  0.013286
474.201032  0.013127
474.221031  0.012770
474.241030  0.012905
474.261030  0.012905
474.281029  0.013102
474.301028  0.013028
474.321027  0.012819
474.341026  0.013065
474.361026  0.012991
474.381025  0.013188
474.401024  0.012955
474.421023  0.013299
474.441022  0.013213
474.461022  0.013520
474.481021  0.013237
474.501020  0.013434
474.521019  0.013360
474.541018  0.013372
474.561018  0.013139
474.581017  0.013041
474.601016  0.013200
474.621015  0.013151
474.641014  0.012905
474.661014  0.013176
474.681013  0.013262
474.701012  0.013028
474.721011  0.013127
474.741010  0.013016
474.761010  0.012955
474.781009  0.013090
474.801008  0.013127
474.821007  0.013114
474.841006  0.013065
474.861006  0.013053
474.881005  0.013102
474.901004  0.013213
474.921003  0.013139
474.941002  0.013250
474.961002  0.013188
474.981001  0.013200
475.001000  0.013336
475.020999  0.013680
475.040998  0.013164
475.060998  0.013286
475.080997  0.013274
475.100996  0.013250
475.120995  0.013250
475.140994  0.013409
475.160994  0.013299
475.180993  0.013299
475.200992  0.013139
475.220991  0.013372
475.240990  0.013299
475.260990  0.013053
475.280989  0.013422
475.300988  0.013409
475.320987  0.013274
475.340986  0.013225
475.360986  0.013237
475.380985  0.013090
475.400984  0.013250
475.420983  0.013139
475.440982  0.013372
475.460982  0.013090
475.480981  0.013225
475.500980  0.013299
475.520979  0.013213
475.540978  0.013090
475.560978  0.013225
475.580977  0.013336
475.600976  0.013102
475.620975  0.012991
475.640974  0.013237
475.660974  0.013053
475.680973  0.013348
475.700972  0.013348
475.720971  0.013250
475.740970  0.013250
475.760970  0.013323
475.780969  0.013495
475.800968  0.013422
475.820967  0.013114
475.840966  0.013385
475.860966  0.013360
475.880965  0.013348
475.900964  0.013323
475.920963  0.013237
475.940962  0.013704
475.960962  0.013471
475.980961  0.013311
476.000960  0.013053
476.020959  0.013372
476.040958  0.013508
476.060958  0.013372
476.080957  0.013385
476.100956  0.013200
476.120955  0.013237
476.140954  0.013520
476.160954  0.013299
476.180953  0.013483
476.200952  0.013434
476.220951  0.013434
476.240950  0.013483
476.260950  0.013250
476.280949  0.013594
476.300948  0.013336
476.320947  0.013114
476.340946  0.013409
476.360946  0.013360
476.380945  0.013372
476.400944  0.013581
476.420943  0.013090
476.440942  0.013336
476.460942  0.013409
476.480941  0.013704
476.500940  0.013348
476.520939  0.013508
476.540938  0.013434
476.560938  0.013729
476.580937  0.013422
476.600936  0.013385
476.620935  0.013311
476.640934  0.013459
476.660934  0.013557
476.680933  0.013557
476.700932  0.013434
476.720931  0.013151
476.740930  0.013495
476.760930  0.013299
476.780929  0.013471
476.800928  0.013459
476.820927  0.013508
476.840926  0.013557
476.860926  0.013323
476.880925  0.013557
476.900924  0.013385
476.920923  0.013495
476.940922  0.013827
476.960922  0.013508
476.980921  0.013385
477.000920  0.013594
477.020919  0.013483
477.040918  0.013471
477.060918  0.013299
477.080917  0.013434
477.100916  0.013532
477.120915  0.013545
477.140914  0.013311
477.160914  0.013336
477.180913  0.013446
477.200912  0.013422
477.220911  0.013286
477.240910  0.013606
477.260910  0.013299
477.280909  0.013213
477.300908  0.013372
477.320907  0.013631
477.340906  0.013594
477.360906  0.013422
477.380905  0.013360
477.400904  0.013397
477.420903  0.013385
477.440902  0.013434
477.460902  0.013569
477.480901  0.013262
477.500900  0.013581
477.520899  0.013545
477.540898  0.013754
477.560898  0.013397
477.580897  0.013717
477.600896  0.013483
477.620895  0.013459
477.640894  0.013446
477.660894  0.013520
477.680893  0.013213
477.700892  0.013876
477.720891  0.013508
477.740890  0.013532
477.760890  0.013606
477.780889  0.013680
477.800888  0.013409
477.820887  0.013581
477.840886  0.013557
477.860886  0.013754
477.880885  0.013323
477.900884  0.013643
477.920883  0.013643
477.940882  0.013495
477.960882  0.013188
477.980881  0.013680
478.000880  0.013311
478.020879  0.013372
478.040878  0.013250
478.060878  0.013532
478.080877  0.013606
478.100876  0.013495
478.120875  0.013667
478.140874  0.013434
478.160874  0.013618
478.180873  0.013360
478.200872  0.013397
478.220871  0.013336
478.240870  0.013397
478.260870  0.013446
478.280869  0.013495
478.300868  0.013889
478.320867  0.013360
478.340866  0.013557
478.360866  0.013459
478.380865  0.013434
478.400864  0.013336
478.420863  0.013680
478.440862  0.013483
478.460862  0.013311
478.480861  0.013520
478.500860  0.013581
478.520859  0.013360
478.540858  0.013213
478.560858  0.013545
478.580857  0.013434
478.600856  0.013434
478.620855  0.013385
478.640854  0.013323
478.660854  0.013655
478.680853  0.013446
478.700852  0.013729
478.720851  0.013200
478.740850  0.013397
478.760850  0.013323
478.780849  0.013360
478.800848  0.013336
478.820847  0.013631
478.840846  0.013483
478.860846  0.013581
478.880845  0.013311
478.900844  0.013446
478.920843  0.013385
478.940842  0.013274
478.960842  0.013422
478.980841  0.013446
479.000840  0.013151
479.020839  0.013262
479.040838  0.013237
479.060838  0.013372
479.080837  0.013237
479.100836  0.013459
479.120835  0.013348
479.140834  0.013618
479.160834  0.013520
479.180833  0.013557
479.200832  0.013311
479.220831  0.013164
479.240830  0.013508
479.260830  0.013360
479.280829  0.013655
479.300828  0.013532
479.320827  0.013311
479.340826  0.013569
479.360826  0.013323
479.380825  0.013594
479.400824  0.013311
479.420823  0.013483
479.440822  0.013250
479.460822  0.013545
479.480821  0.013483
479.500820  0.013360
479.520819  0.012955
479.540818  0.013385
479.560818  0.013360
479.580817  0.012991
479.600816  0.013495
479.620815  0.013336
479.640814  0.013102
479.660814  0.013299
479.680813  0.013372
479.700812  0.013434
479.720811  0.013164
479.740810  0.013323
479.760810  0.013434
479.780809  0.013299
479.800808  0.013213
479.820807  0.013409
479.840806  0.013348
479.860806  0.013471
479.880805  0.013164
479.900804  0.013114
479.920803  0.013434
479.940802  0.013471
479.960802  0.013299
479.980801  0.013237
480.000800  0.013299
480.020799  0.013262
480.040798  0.013311
480.060798  0.013323
480.080797  0.013483
480.100796  0.013299
480.120795  0.013336
480.140794  0.013127
480.160794  0.013213
480.180793  0.013336
480.200792  0.013323
480.220791  0.013422
480.240790  0.013446
480.260790  0.013311
480.280789  0.013606
480.300788  0.013299
480.320787  0.013200
480.340786  0.013286
480.360786  0.013348
480.380785  0.013508
480.400784  0.013262
480.420783  0.013508
480.440782  0.013286
480.460782  0.013385
480.480781  0.013508
480.500780  0.013323
480.520779  0.013188
480.540778  0.013680
480.560778  0.013385
480.580777  0.013188
480.600776  0.013311
480.620775  0.013397
480.640774  0.013581
480.660774  0.013372
480.680773  0.013459
480.700772  0.013188
480.720771  0.013237
480.740770  0.013323
480.760770  0.013631
480.780769  0.013299
480.800768  0.013139
480.820767  0.013323
480.840766  0.013397
480.860766  0.013348
480.880765  0.013213
480.900764  0.013348
480.920763  0.013250
480.940762  0.013397
480.960762  0.013360
480.980761  0.013471
481.000760  0.013397
481.020759  0.013041
481.040758  0.013397
481.060758  0.013164
481.080757  0.013557
481.100756  0.013299
481.120755  0.013213
481.140754  0.013200
481.160754  0.013311
481.180753  0.013237
481.200752  0.013188
481.220751  0.013090
481.240750  0.013508
481.260750  0.013336
481.280749  0.012991
481.300748  0.013323
481.320747  0.013299
481.340746  0.013188
481.360746  0.013176
481.380745  0.013495
481.400744  0.013434
481.420743  0.013065
481.440742  0.013274
481.460742  0.013446
481.480741  0.013274
481.500740  0.013311
481.520739  0.013237
481.540738  0.013372
481.560738  0.013274
481.580737  0.013225
481.600736  0.013262
481.620735  0.013077
481.640734  0.013237
481.660734  0.013323
481.680733  0.013311
481.700732  0.013250
481.720731  0.013139
481.740730  0.013176
481.760730  0.013372
481.780729  0.013385
481.800728  0.013200
481.820727  0.013127
481.840726  0.013225
481.860726  0.013262
481.880725  0.013090
481.900724  0.013508
481.920723  0.013569
481.940722  0.013323
481.960722  0.012979
481.980721  0.013385
482.000720  0.013397
482.020719  0.013041
482.040718  0.013299
482.060718  0.013225
482.080717  0.013139
482.100716  0.013065
482.120715  0.013336
482.140714  0.013262
482.160714  0.013188
482.180713  0.013360
482.200712  0.013495
482.220711  0.013397
482.240710  0.013348
482.260710  0.013336
482.280709  0.013225
482.300708  0.013102
482.320707  0.013409
482.340706  0.013262
482.360706  0.013311
482.380705  0.013114
482.400704  0.013151
482.420703  0.013311
482.440702  0.013114
482.460702  0.013372
482.480701  0.013274
482.500700  0.013286
482.520699  0.013151
482.540698  0.013385
482.560698  0.013225
482.580697  0.013176
482.600696  0.013250
482.620695  0.013065
482.640694  0.013348
482.660694  0.013262
482.680693  0.013397
482.700692  0.013250
482.720691  0.013213
482.740690  0.013225
482.760690  0.013385
482.780689  0.013250
482.800688  0.013237
482.820687  0.013446
482.840686  0.013164
482.860686  0.013127
482.880685  0.013200
482.900684  0.012869
482.920683  0.013065
482.940682  0.013053
482.960682  0.013200
482.980681  0.013102
483.000680  0.013102
483.020679  0.013311
483.040678  0.012807
483.060678  0.013200
483.080677  0.012918
483.100676  0.013151
483.120675  0.013348
483.140674  0.013262
483.160674  0.013557
483.180673  0.013225
483.200672  0.013176
483.220671  0.013200
483.240670  0.013250
483.260670  0.013643
483.280669  0.013483
483.300668  0.013336
483.320667  0.013139
483.340666  0.013409
483.360666  0.013274
483.380665  0.013311
483.400664  0.013372
483.420663  0.013176
483.440662  0.013299
483.460662  0.013348
483.480661  0.012955
483.500660  0.013459
483.520659  0.013151
483.540658  0.013299
483.560658  0.013176
483.580657  0.013200
483.600656  0.013139
483.620655  0.013151
483.640654  0.013188
483.660654  0.013360
483.680653  0.013188
483.700652  0.013028
483.720651  0.012967
483.740650  0.013176
483.760650  0.013151
483.780649  0.013127
483.800648  0.013409
483.820647  0.013348
483.840646  0.013372
483.860646  0.013090
483.880645  0.013102
483.900644  0.013053
483.920643  0.013348
483.940642  0.013114
483.960642  0.013459
483.980641  0.013213
484.000640  0.013102
484.020639  0.012930
484.040638  0.013114
484.060638  0.013225
484.080637  0.013164
484.100636  0.013090
484.120635  0.013422
484.140634  0.013262
484.160634  0.013360
484.180633  0.013016
484.200632  0.013336
484.220631  0.013041
484.240630  0.013114
484.260630  0.013299
484.280629  0.013348
484.300628  0.013139
484.320627  0.013311
484.340626  0.013422
484.360626  0.013446
484.380625  0.013372
484.400624  0.013385
484.420623  0.013053
484.440622  0.013348
484.460622  0.013286
484.480621  0.013323
484.500620  0.013213
484.520619  0.013323
484.540618  0.013028
484.560618  0.013213
484.580617  0.013250
484.600616  0.013237
484.620615  0.013323
484.640614  0.013065
484.660614  0.013176
484.680613  0.013016
484.700612  0.013385
484.720611  0.013385
484.740610  0.013274
484.760610  0.013299
484.780609  0.013090
484.800608  0.013176
484.820607  0.013385
484.840606  0.013041
484.860606  0.013225
484.880605  0.013336
484.900604  0.013606
484.920603  0.013532
484.940602  0.013299
484.960602  0.013532
484.980601  0.013237
485.000600  0.013434
485.020599  0.013422
485.040598  0.013618
485.060598  0.013372
485.080597  0.013397
485.100596  0.013164
485.120595  0.013262
485.140594  0.013200
485.160594  0.013360
485.180593  0.013114
485.200592  0.013028
485.220591  0.013225
485.240590  0.013409
485.260590  0.013127
485.280589  0.013323
485.300588  0.013311
485.320587  0.013495
485.340586  0.012967
485.360586  0.013237
485.380585  0.013299
485.400584  0.013446
485.420583  0.013237
485.440582  0.013299
485.460582  0.013151
485.480581  0.013213
485.500580  0.013237
485.520579  0.013692
485.540578  0.013336
485.560578  0.013520
485.580577  0.013409
485.600576  0.013409
485.620575  0.013225
485.640574  0.013188
485.660574  0.013422
485.680573  0.013274
485.700572  0.013385
485.720571  0.013114
485.740570  0.013360
485.760570  0.013348
485.780569  0.013213
485.800568  0.013348
485.820567  0.013348
485.840566  0.013188
485.860566  0.013286
485.880565  0.013250
485.900564  0.013446
485.920563  0.013594
485.940562  0.013360
485.960562  0.013385
485.980561  0.013397
486.000560  0.013262
486.020559  0.013385
486.040558  0.013594
486.060558  0.013631
486.080557  0.013360
486.100556  0.013532
486.120555  0.013336
486.140554  0.013606
486.160554  0.013360
486.180553  0.013483
486.200552  0.013508
486.220551  0.013360
486.240550  0.013532
486.260550  0.013311
486.280549  0.013545
486.300548  0.013495
486.320547  0.013262
486.340546  0.013459
486.360546  0.013434
486.380545  0.013213
486.400544  0.013348
486.420543  0.013704
486.440542  0.013385
486.460542  0.013729
486.480541  0.013286
486.500540  0.013569
486.520539  0.013594
486.540538  0.013446
486.560538  0.013434
486.580537  0.013754
486.600536  0.013471
486.620535  0.013557
486.640534  0.013667
486.660534  0.013397
486.680533  0.013483
486.700532  0.013483
486.720531  0.013311
486.740530  0.013606
486.760530  0.013557
486.780529  0.013299
486.800528  0.013643
486.820527  0.013581
486.840526  0.013520
486.860526  0.013299
486.880525  0.013532
486.900524  0.013483
486.920523  0.013409
486.940522  0.013286
486.960522  0.013397
486.980521  0.013532
487.000520  0.013151
487.020519  0.013655
487.040518  0.013643
487.060518  0.013520
487.080517  0.013655
487.100516  0.013495
487.120515  0.013618
487.140514  0.013840
487.160514  0.013594
487.180513  0.013631
487.200512  0.013840
487.220511  0.013483
487.240510  0.013360
487.260510  0.013569
487.280509  0.013434
487.300508  0.013631
487.320507  0.013545
487.340506  0.013840
487.360506  0.013409
487.380505  0.013557
487.400504  0.013581
487.420503  0.013557
487.440502  0.013532
487.460502  0.013692
487.480501  0.013581
487.500500  0.013717
487.520499  0.013692
487.540498  0.013803
487.560498  0.013286
487.580497  0.013508
487.600496  0.013520
487.620495  0.013569
487.640494  0.013483
487.660494  0.013581
487.680493  0.013717
487.700492  0.013508
487.720491  0.013631
487.740490  0.013545
487.760490  0.013323
487.780489  0.013594
487.800488  0.013790
487.820487  0.013532
487.840486  0.013200
487.860486  0.013631
487.880485  0.013680
487.900484  0.013926
487.920483  0.013876
487.940482  0.013889
487.960482  0.013557
487.980481  0.013471
488.000480  0.013569
488.020479  0.013409
488.040478  0.013741
488.060478  0.013655
488.080477  0.013495
488.100476  0.013532
488.120475  0.013618
488.140474  0.013606
488.160474  0.013643
488.180473  0.013741
488.200472  0.013311
488.220471  0.013655
488.240470  0.013643
488.260470  0.013667
488.280469  0.013581
488.300468  0.013557
488.320467  0.013372
488.340466  0.013901
488.360466  0.013508
488.380465  0.013471
488.400464  0.013803
488.420463  0.013581
488.440462  0.013594
488.460462  0.013606
488.480461  0.013594
488.500460  0.013741
488.520459  0.013840
488.540458  0.013483
488.560458  0.013704
488.580457  0.013667
488.600456  0.013250
488.620455  0.013778
488.640454  0.013508
488.660454  0.013717
488.680453  0.013483
488.700452  0.013459
488.720451  0.013901
488.740450  0.013397
488.760450  0.013631
488.780449  0.013557
488.800448  0.013606
488.820447  0.013446
488.840446  0.013483
488.860446  0.013520
488.880445  0.013459
488.900444  0.013704
488.920443  0.013840
488.940442  0.013459
488.960442  0.013520
488.980441  0.013532
489.000440  0.013692
489.020439  0.013815
489.040438  0.013532
489.060438  0.013594
489.080437  0.013569
489.100436  0.013385
489.120435  0.013409
489.140434  0.013581
489.160434  0.013483
489.180433  0.013741
489.200432  0.013434
489.220431  0.013606
489.240430  0.013372
489.260430  0.013581
489.280429  0.013631
489.300428  0.013606
489.320427  0.013409
489.340426  0.013594
489.360426  0.013618
489.380425  0.013274
489.400424  0.013471
489.420423  0.013520
489.440422  0.013606
489.460422  0.013348
489.480421  0.013397
489.500420  0.013532
489.520419  0.013311
489.540418  0.013545
489.560418  0.013889
489.580417  0.013581
489.600416  0.013471
489.620415  0.013508
489.640414  0.013434
489.660414  0.013102
489.680413  0.013508
489.700412  0.013397
489.720411  0.013495
489.740410  0.013446
489.760410  0.014024
489.780409  0.013545
489.800408  0.013446
489.820407  0.013594
489.840406  0.013459
489.860406  0.013545
489.880405  0.013680
489.900404  0.013483
489.920403  0.013446
489.940402  0.013569
489.960402  0.013606
489.980401  0.013483
490.000400  0.013557
490.020399  0.013508
490.040398  0.013483
490.060398  0.013594
490.080397  0.013508
490.100396  0.013385
490.120395  0.013545
490.140394  0.013754
490.160394  0.013532
490.180393  0.013422
490.200392  0.013176
490.220391  0.013557
490.240390  0.013581
490.260390  0.013385
490.280389  0.013483
490.300388  0.013409
490.320387  0.013348
490.340386  0.013680
490.360386  0.013446
490.380385  0.013422
490.400384  0.013311
490.420383  0.013520
490.440382  0.013667
490.460382  0.013495
490.480381  0.013348
490.500380  0.013385
490.520379  0.013459
490.540378  0.013508
490.560378  0.013422
490.580377  0.013545
490.600376  0.013655
490.620375  0.013508
490.640374  0.013274
490.660374  0.013520
490.680373  0.013274
490.700372  0.013372
490.720371  0.013397
490.740370  0.013385
490.760370  0.013409
490.780369  0.013471
490.800368  0.013581
490.820367  0.013323
490.840366  0.013311
490.860366  0.013372
490.880365  0.013508
490.900364  0.013581
490.920363  0.013336
490.940362  0.013471
490.960362  0.013643
490.980361  0.013446
491.000360  0.013459
491.020359  0.013569
491.040358  0.013483
491.060358  0.013545
491.080357  0.013434
491.100356  0.013422
491.120355  0.013434
491.140354  0.013385
491.160354  0.013385
491.180353  0.013532
491.200352  0.013729
491.220351  0.013606
491.240350  0.013532
491.260350  0.013422
491.280349  0.013286
491.300348  0.013286
491.320347  0.013348
491.340346  0.013372
491.360346  0.013409
491.380345  0.013372
491.400344  0.013311
491.420343  0.013397
491.440342  0.013250
491.460342  0.013434
491.480341  0.013495
491.500340  0.013495
491.520339  0.013532
491.540338  0.013741
491.560338  0.013323
491.580337  0.013188
491.600336  0.013200
491.620335  0.013483
491.640334  0.013508
491.660334  0.013311
491.680333  0.013483
491.700332  0.013299
491.720331  0.013323
491.740330  0.013459
491.760330  0.013422
491.780329  0.013471
491.800328  0.013299
491.820327  0.013323
491.840326  0.013606
491.860326  0.013409
491.880325  0.013495
491.900324  0.013151
491.920323  0.013495
491.940322  0.013495
491.960322  0.013225
491.980321  0.013348
492.000320  0.013483
492.020319  0.013237
492.040318  0.013459
492.060318  0.013311
492.080317  0.013557
492.100316  0.013446
492.120315  0.013471
492.140314  0.013581
492.160314  0.013397
492.180313  0.013483
492.200312  0.013311
492.220311  0.013446
492.240310  0.013262
492.260310  0.013545
492.280309  0.013704
492.300308  0.013434
492.320307  0.013372
492.340306  0.013397
492.360306  0.013446
492.380305  0.013409
492.400304  0.013459
492.420303  0.013090
492.440302  0.013397
492.460302  0.013250
492.480301  0.013200
492.500300  0.013532
492.520299  0.013680
492.540298  0.013102
492.560298  0.013422
492.580297  0.013434
492.600296  0.013790
492.620295  0.013434
492.640294  0.013409
492.660294  0.013434
492.680293  0.013323
492.700292  0.013286
492.720291  0.013631
492.740290  0.013262
492.760290  0.013545
492.780289  0.013680
492.800288  0.013348
492.820287  0.013459
492.840286  0.013508
492.860286  0.013360
492.880285  0.013200
492.900284  0.013495
492.920283  0.013311
492.940282  0.013225
492.960282  0.013409
492.980281  0.013237
493.000280  0.013581
493.020279  0.013422
493.040278  0.013471
493.060278  0.013274
493.080277  0.013631
493.100276  0.013680
493.120275  0.013606
493.140274  0.013778
493.160274  0.013495
493.180273  0.013631
493.200272  0.013594
493.220271  0.013360
493.240270  0.013692
493.260270  0.013397
493.280269  0.013778
493.300268  0.013569
493.320267  0.013090
493.340266  0.013348
493.360266  0.013434
493.380265  0.013618
493.400264  0.013323
493.420263  0.013704
493.440262  0.013483
493.460262  0.013323
493.480261  0.013200
493.500260  0.013409
493.520259  0.013397
493.540258  0.013397
493.560258  0.013680
493.580257  0.013520
493.600256  0.013631
493.620255  0.013508
493.640254  0.013495
493.660254  0.013422
493.680253  0.013311
493.700252  0.013459
493.720251  0.013508
493.740250  0.013557
493.760250  0.013618
493.780249  0.013237
493.800248  0.013495
493.820247  0.013606
493.840246  0.013336
493.860246  0.013483
493.880245  0.013569
493.900244  0.013336
493.920243  0.013581
493.940242  0.013692
493.960242  0.013422
493.980241  0.013348
494.000240  0.013569
494.020239  0.013754
494.040238  0.013483
494.060238  0.013348
494.080237  0.013729
494.100236  0.013372
494.120235  0.013532
494.140234  0.013557
494.160234  0.013704
494.180233  0.013446
494.200232  0.013459
494.220231  0.013127
494.240230  0.013508
494.260230  0.013508
494.280229  0.013545
494.300228  0.013188
494.320227  0.013459
494.340226  0.013360
494.360226  0.013336
494.380225  0.013606
494.400224  0.013545
494.420223  0.013250
494.440222  0.013532
494.460222  0.013459
494.480221  0.013803
494.500220  0.013741
494.520219  0.013360
494.540218  0.013495
494.560218  0.013311
494.580217  0.013348
494.600216  0.013545
494.620215  0.013225
494.640214  0.013459
494.660214  0.013508
494.680213  0.013483
494.700212  0.013729
494.720211  0.013360
494.740210  0.013471
494.760210  0.013200
494.780209  0.013803
494.800208  0.013545
494.820207  0.013643
494.840206  0.013557
494.860206  0.013508
494.880205  0.013692
494.900204  0.013483
494.920203  0.013004
494.940202  0.013569
494.960202  0.013508
494.980201  0.013704
495.000200  0.013532
495.020199  0.013569
495.040198  0.013323
495.060198  0.013717
495.080197  0.013422
495.100196  0.013643
495.120195  0.013409
495.140194  0.013434
495.160194  0.013545
495.180193  0.013434
495.200192  0.013041
495.220191  0.013618
495.240190  0.013311
495.260190  0.013397
495.280189  0.013569
495.300188  0.013864
495.320187  0.013459
495.340186  0.013618
495.360186  0.013643
495.380185  0.013581
495.400184  0.013532
495.420183  0.013606
495.440182  0.013692
495.460182  0.013545
495.480181  0.013459
495.500180  0.013729
495.520179  0.013434
495.540178  0.013360
495.560178  0.013508
495.580177  0.013594
495.600176  0.013459
495.620175  0.013372
495.640174  0.013495
495.660174  0.013016
495.680173  0.013459
495.700172  0.013643
495.720171  0.013409
495.740170  0.013545
495.760170  0.013643
495.780169  0.013188
495.800168  0.013594
495.820167  0.013557
495.840166  0.013692
495.860166  0.013557
495.880165  0.013704
495.900164  0.013717
495.920163  0.013790
495.940162  0.013274
495.960162  0.013840
495.980161  0.013618
496.000160  0.013643
496.020159  0.013397
496.040158  0.013532
496.060158  0.013606
496.080157  0.013495
496.100156  0.013372
496.120155  0.013446
496.140154  0.013520
496.160154  0.013471
496.180153  0.013422
496.200152  0.013495
496.220151  0.013434
496.240150  0.013286
496.260150  0.013557
496.280149  0.013422
496.300148  0.013348
496.320147  0.013545
496.340146  0.013372
496.360146  0.013754
496.380145  0.013360
496.400144  0.013569
496.420143  0.013372
496.440142  0.013508
496.460142  0.013581
496.480141  0.013557
496.500140  0.013581
496.520139  0.013336
496.540138  0.013139
496.560138  0.013446
496.580137  0.013557
496.600136  0.013827
496.620135  0.013569
496.640134  0.013348
496.660134  0.013409
496.680133  0.013520
496.700132  0.013200
496.720131  0.013323
496.740130  0.013520
496.760130  0.013717
496.780129  0.013618
496.800128  0.013631
496.820127  0.013545
496.840126  0.013348
496.860126  0.013409
496.880125  0.013569
496.900124  0.013754
496.920123  0.013729
496.940122  0.013741
496.960122  0.013532
496.980121  0.013004
497.000120  0.013594
497.020119  0.013434
497.040118  0.013545
497.060118  0.013655
497.080117  0.013348
497.100116  0.013692
497.120115  0.013643
497.140114  0.013557
497.160114  0.013606
497.180113  0.013680
497.200112  0.013754
497.220111  0.013090
497.240110  0.013631
497.260110  0.013667
497.280109  0.013471
497.300108  0.013557
497.320107  0.013434
497.340106  0.013397
497.360106  0.013360
497.380105  0.013557
497.400104  0.013655
497.420103  0.013606
497.440102  0.013520
497.460102  0.013606
497.480101  0.013655
497.500100  0.013385
497.520099  0.013643
497.540098  0.013237
497.560098  0.013508
497.580097  0.013557
497.600096  0.013643
497.620095  0.013643
497.640094  0.013434
497.660094  0.013520
497.680093  0.013692
497.700092  0.013643
497.720091  0.013569
497.740090  0.013618
497.760090  0.013569
497.780089  0.013754
497.800088  0.013250
497.820087  0.013483
497.840086  0.013631
497.860086  0.013495
497.880085  0.013581
497.900084  0.013532
497.920083  0.013790
497.940082  0.013557
497.960082  0.013704
497.980081  0.013680
498.000080  0.013815
498.020079  0.013495
498.040078  0.013790
498.060078  0.013532
498.080077  0.013520
498.100076  0.013717
498.120075  0.013594
498.140074  0.013754
498.160074  0.013545
498.180073  0.013987
498.200072  0.013815
498.220071  0.013532
498.240070  0.013459
498.260070  0.013631
498.280069  0.013655
498.300068  0.013459
498.320067  0.013938
498.340066  0.013508
498.360066  0.013459
498.380065  0.013631
498.400064  0.013348
498.420063  0.013655
498.440062  0.013618
498.460062  0.013643
498.480061  0.013631
498.500060  0.013520
498.520059  0.013790
498.540058  0.013532
498.560058  0.013704
498.580057  0.013508
498.600056  0.013508
498.620055  0.013557
498.640054  0.013754
498.660054  0.013606
498.680053  0.013557
498.700052  0.013741
498.720051  0.013913
498.740050  0.013655
498.760050  0.013618
498.780049  0.013741
498.800048  0.013655
498.820047  0.013508
498.840046  0.013422
498.860046  0.013926
498.880045  0.013569
498.900044  0.013532
498.920043  0.013766
498.940042  0.013508
498.960042  0.013446
498.980041  0.013680
499.000040  0.013704
499.020039  0.013778
499.040038  0.013692
499.060038  0.013692
499.080037  0.013704
499.100036  0.013594
499.120035  0.013704
499.140034  0.013606
499.160034  0.013545
499.180033  0.013631
499.200032  0.013495
499.220031  0.013729
499.240030  0.013790
499.260030  0.013717
499.280029  0.013692
499.300028  0.013495
499.320027  0.013618
499.340026  0.013766
499.360026  0.013667
499.380025  0.013311
499.400024  0.013532
499.420023  0.013581
499.440022  0.013520
499.460022  0.013483
499.480021  0.013422
499.500020  0.013532
499.520019  0.013729
499.540018  0.013741
499.560018  0.013680
499.580017  0.013471
499.600016  0.013434
499.620015  0.013667
499.640014  0.013385
499.660014  0.013594
499.680013  0.013471
499.700012  0.013606
499.720011  0.013594
499.740010  0.013606
499.760010  0.013422
499.780009  0.013889
499.800008  0.013618
499.820007  0.013471
499.840006  0.013655
499.860006  0.013704
499.880005  0.013569
499.900004  0.013483
499.920003  0.013434
499.940002  0.013569
499.960002  0.013631
