TIME,IP1,IV1,IV2
0.0,15.471616,0.33876932,-0.2739881
0.02,34.700745,1.3001705,-0.114105515
0.04,-32.6012,0.17853576,-0.114105515
0.06,5.857053,0.49900287,-0.114105515
0.08,-13.372073,-0.7828655,-0.2739881
0.099999994,25.08618,0.81947,-0.114105515
0.12,15.471616,0.33876932,-0.2739881
0.14,34.700745,0.9797035,0.045777034
0.16,10.664334,0.33876932,-0.114105515
0.17999999,15.471616,0.6592364,0.20565958
0.19999999,178.91919,5.145776,0.20565958
0.22,-18.179356,-0.9430991,0.5254247
0.24,34.700745,0.49900287,-0.114105515
0.26,1.049771,0.018302217,0.045777034
0.28,15.471616,2.1013381,-0.114105515
0.29999998,-18.179356,0.81947,-0.2739881
0.32,15.471616,0.018302217,0.20565958
0.34,-22.986637,0.018302217,-0.4338706
0.35999998,-42.215763,0.17853576,0.36554214
0.38,73.159,2.261572,-0.2739881
0.39999998,53.92987,1.6206378,-0.114105515
0.42,68.35171,2.4218054,0.20565958
0.44,97.195404,4.024141,-0.114105515
0.45999998,-37.40848,-0.14193134,-0.114105515
0.48,1.049771,0.17853576,-0.114105515
0.5,39.508022,0.33876932,0.045777034
0.52,20.278896,0.6592364,0.045777034
0.53999996,34.700745,2.1013381,0.045777034
0.56,5.857053,0.17853576,0.045777034
0.58,34.700745,0.81947,0.20565958
0.59999996,-32.6012,-0.14193134,0.045777034
0.62,53.92987,0.9797035,0.045777034
0.64,5.857053,0.17853576,0.045777034
0.65999997,-27.793919,-0.30216488,0.045777034
0.68,15.471616,0.6592364,-0.114105515
0.7,121.23181,2.261572,0.20565958
0.71999997,68.35171,2.7422726,-0.114105515
0.74,15.471616,0.6592364,0.045777034
0.76,29.893461,1.4604042,0.045777034
0.78,20.278896,3.2229733,0.20565958
0.79999995,-32.6012,0.49900287,-0.114105515
0.82,-32.6012,-0.9430991,0.045777034
0.84,-56.637608,-2.2249672,0.045777034
0.85999995,-215.2779,-4.948938,-0.114105515
0.88,10.664334,0.49900287,0.045777034
0.9,73.159,2.7422726,-0.114105515
0.91999996,-51.830326,-0.62263197,0.5254247
0.94,87.58084,3.0627398,0.045777034
0.96,-18.179356,-0.46239844,0.20565958
0.97999996,15.471616,1.139937,0.36554214
1.0,-13.372073,-0.30216488,0.045777034
1.02,-13.372073,-0.14193134,0.20565958
1.04,-27.793919,-0.14193134,-0.114105515
1.06,20.278896,0.81947,0.045777034
1.0799999,-51.830326,-1.1033326,-0.114105515
1.1,29.893461,1.4604042,0.045777034
1.12,102.002686,3.7036738,-0.114105515
1.14,-27.793919,0.018302217,-0.114105515
1.16,-51.830326,-0.7828655,-0.114105515
1.18,34.700745,2.1013381,-0.114105515
1.1999999,63.54443,0.49900287,0.20565958
1.22,-8.564792,-0.30216488,0.20565958
1.24,44.315308,1.6206378,-0.114105515
1.26,15.471616,0.81947,0.36554214
1.28,-13.372073,1.9411048,0.36554214
1.3,-51.830326,-0.46239844,-0.114105515
1.3199999,1.049771,0.33876932,-0.2739881
1.3399999,29.893461,1.7808713,0.36554214
1.36,-176.81964,-4.14777,0.045777034
1.38,-3.7575107,0.6592364,0.20565958
1.4,-66.25217,-2.385201,-0.114105515
1.42,39.508022,0.49900287,-0.114105515
1.4399999,92.38812,2.4218054,0.36554214
1.4599999,-18.179356,0.33876932,0.20565958
1.48,20.278896,1.6206378,0.36554214
1.5,-27.793919,0.17853576,-0.114105515
1.52,-8.564792,-0.30216488,-0.114105515
1.54,-27.793919,-0.62263197,-0.114105515
1.56,-8.564792,-0.7828655,-0.2739881
1.5799999,-42.215763,-1.1033326,-0.114105515
1.5999999,34.700745,0.9797035,-0.114105515
1.62,34.700745,0.9797035,-0.4338706
1.64,1.049771,0.33876932,-0.114105515
1.66,-47.023045,-1.5840333,-0.2739881
1.68,-32.6012,-0.62263197,-0.4338706
1.6999999,130.84637,3.0627398,-0.2739881
1.7199999,-42.215763,-0.46239844,-0.2739881
1.74,-18.179356,-0.30216488,-0.114105515
1.76,-13.372073,0.018302217,-0.4338706
1.78,-37.40848,-0.9430991,0.20565958
1.8,15.471616,0.6592364,-0.2739881
1.8199999,-3.7575107,0.81947,-0.114105515
1.8399999,-47.023045,-0.62263197,0.20565958
1.86,-239.31432,-5.2694044,0.045777034
1.88,-27.793919,-0.14193134,-0.114105515
1.9,-3.7575107,-0.30216488,-0.114105515
1.92,15.471616,1.3001705,-0.2739881
1.9399999,169.30463,4.6650753,0.045777034
1.9599999,49.122585,1.7808713,-0.114105515
1.9799999,-13.372073,0.33876932,0.20565958
2.0,-42.215763,-0.62263197,-0.114105515
2.02,-13.372073,-0.14193134,-0.114105515
2.04,39.508022,2.4218054,-0.2739881
2.06,34.700745,1.139937,-0.114105515
2.08,-47.023045,-0.7828655,0.20565958
2.1,-99.903145,-2.0647337,-0.114105515
2.12,5.857053,0.17853576,0.045777034
2.1399999,-3.7575107,0.17853576,0.20565958
2.1599998,49.122585,2.902506,-0.114105515
2.18,-8.564792,1.139937,0.36554214
2.2,-13.372073,-1.1033326,0.20565958
2.22,1.049771,-0.14193134,0.20565958
2.24,-18.179356,-0.46239844,0.045777034
2.26,-22.986637,-0.9430991,-0.4338706
2.28,-13.372073,0.49900287,0.5254247
2.3,-32.6012,-0.46239844,0.20565958
2.32,63.54443,2.7422726,0.20565958
2.34,-13.372073,0.018302217,-0.114105515
2.36,-152.78323,-4.948938,-0.114105515
2.3799999,-61.44489,-1.4237996,-0.2739881
2.3999999,15.471616,0.17853576,-0.114105515
2.4199998,-3.7575107,-0.30216488,-0.2739881
2.44,87.58084,2.7422726,0.5254247
2.46,-3.7575107,0.33876932,-0.114105515
2.48,-27.793919,-0.46239844,-0.114105515
2.5,87.58084,3.8639073,-0.2739881
2.52,-22.986637,0.33876932,-0.2739881
2.54,-13.372073,0.018302217,0.045777034
2.56,-42.215763,-0.46239844,-0.2739881
2.58,-61.44489,-0.7828655,-0.2739881
2.6,5.857053,-0.30216488,-0.4338706
2.62,25.08618,0.81947,0.20565958
2.6399999,39.508022,0.9797035,0.20565958
2.6599998,-8.564792,0.018302217,0.20565958
2.6799998,25.08618,0.9797035,-0.2739881
2.7,20.278896,-0.14193134,0.36554214
2.72,-27.793919,-0.30216488,-0.4338706
2.74,-3.7575107,0.33876932,0.045777034
2.76,39.508022,0.49900287,0.045777034
2.78,-22.986637,-0.62263197,0.68530726
2.8,-13.372073,-0.62263197,-0.114105515
2.82,15.471616,1.4604042,0.045777034
2.84,-13.372073,-0.14193134,-0.114105515
2.86,-71.05945,-2.7056682,-0.2739881
2.8799999,-8.564792,-0.30216488,0.045777034
2.8999999,1.049771,0.17853576,-0.114105515
2.9199998,-47.023045,-1.1033326,0.20565958
2.9399998,198.14832,4.024141,0.36554214
2.96,25.08618,0.33876932,0.045777034
2.98,25.08618,0.17853576,0.045777034
3.0,-56.637608,-1.2635663,0.045777034
3.02,10.664334,-0.14193134,-0.114105515
3.04,49.122585,2.261572,0.20565958
3.06,10.664334,0.49900287,-0.114105515
3.08,-22.986637,-0.30216488,0.5254247
3.1,-47.023045,-2.0647337,-0.2739881
3.12,-42.215763,0.018302217,0.20565958
3.1399999,-22.986637,-0.62263197,-0.2739881
3.1599998,25.08618,1.139937,0.20565958
3.1799998,29.893461,0.9797035,-0.114105515
3.1999998,-114.32499,-5.2694044,0.045777034
3.22,-18.179356,0.49900287,-0.114105515
3.24,44.315308,1.7808713,-0.114105515
3.26,1.049771,-0.62263197,-0.2739881
3.28,77.96628,3.0627398,0.20565958
3.3,53.92987,2.1013381,0.045777034
3.32,20.278896,1.3001705,-0.4338706
3.34,20.278896,0.33876932,0.045777034
3.36,15.471616,-0.62263197,-0.2739881
3.3799999,1.049771,0.17853576,0.045777034
3.3999999,-22.986637,-1.4237996,0.045777034
3.4199998,1.049771,0.9797035,0.045777034
3.4399998,150.0755,2.261572,0.5254247
3.46,44.315308,0.81947,-0.114105515
3.48,1.049771,0.17853576,-0.2739881
3.5,73.159,1.6206378,0.20565958
3.52,-22.986637,-0.46239844,0.045777034
3.54,44.315308,1.7808713,0.045777034
3.56,-47.023045,-1.5840333,-0.114105515
3.58,-47.023045,-0.46239844,0.20565958
3.6,39.508022,1.139937,-0.114105515
3.62,-37.40848,-0.7828655,0.045777034
3.6399999,-18.179356,-0.7828655,0.045777034
3.6599998,-22.986637,-0.9430991,0.20565958
3.6799998,58.737152,1.7808713,-0.114105515
3.6999998,-119.13227,-3.9875362,-0.2739881
3.72,-3.7575107,-0.14193134,-0.114105515
3.74,53.92987,1.7808713,-0.2739881
3.76,-32.6012,-1.1033326,0.20565958
3.78,34.700745,1.6206378,0.20565958
3.8,-8.564792,0.33876932,0.20565958
3.82,1.049771,0.018302217,-0.2739881
3.84,-18.179356,-0.62263197,-0.114105515
3.86,87.58084,0.49900287,-0.2739881
3.8799999,10.664334,0.49900287,-0.2739881
3.8999999,-13.372073,-0.46239844,-0.2739881
3.9199998,-22.986637,0.018302217,0.045777034
3.9399998,116.42453,0.6592364,0.20565958
3.9599998,29.893461,0.81947,0.045777034
3.98,49.122585,1.9411048,0.045777034
4.0,-3.7575107,0.018302217,-0.2739881
4.02,29.893461,1.6206378,0.045777034
4.04,1.049771,1.139937,0.20565958
4.06,-32.6012,-0.46239844,-0.2739881
4.08,-22.986637,-0.9430991,-0.4338706
4.1,10.664334,0.49900287,-0.4338706
4.12,10.664334,0.9797035,-0.114105515
4.14,-27.793919,-0.9430991,-0.114105515
4.16,-27.793919,0.018302217,0.045777034
4.18,-22.986637,0.018302217,-0.2739881
4.2,-143.16867,-3.3466022,-0.2739881
4.22,-66.25217,-1.5840333,0.045777034
4.24,15.471616,0.6592364,-0.4338706
4.2599998,1.049771,0.33876932,-0.114105515
4.2799997,82.77356,1.4604042,0.36554214
4.2999997,-18.179356,-0.7828655,0.045777034
4.3199997,-3.7575107,0.33876932,0.045777034
4.3399997,-13.372073,0.018302217,-0.4338706
4.36,111.61725,1.4604042,-0.7536357
4.38,-3.7575107,0.17853576,0.045777034
4.4,25.08618,0.33876932,-0.114105515
4.42,-13.372073,-0.62263197,-0.2739881
4.44,-13.372073,-3.026135,-0.2739881
4.46,5.857053,0.018302217,-0.2739881
4.48,20.278896,0.6592364,0.045777034
4.5,-47.023045,-0.7828655,0.045777034
4.52,-56.637608,-1.5840333,-0.2739881
4.54,49.122585,1.3001705,-0.2739881
4.56,-37.40848,-1.4237996,-0.114105515
4.58,1.049771,0.33876932,0.045777034
4.6,-18.179356,-0.9430991,-0.114105515
4.62,5.857053,1.6206378,0.36554214
4.64,-3.7575107,0.33876932,-0.114105515
4.66,5.857053,1.139937,0.045777034
4.68,-22.986637,-0.9430991,-0.4338706
4.7,-157.59052,-3.3466022,-0.59375316
4.72,-3.7575107,-0.14193134,-0.2739881
4.74,29.893461,1.6206378,-0.2739881
4.7599998,-42.215763,-0.7828655,0.045777034
4.7799997,63.54443,1.6206378,-0.2739881
4.7999997,1.049771,0.9797035,0.045777034
4.8199997,-13.372073,0.018302217,0.045777034
4.8399997,5.857053,0.6592364,-0.114105515
4.8599997,126.0391,1.7808713,-0.4338706
4.88,-3.7575107,-0.30216488,0.045777034
4.9,-13.372073,0.018302217,-0.2739881
4.92,5.857053,0.17853576,-0.2739881
4.94,-104.71042,-5.589872,0.20565958
4.96,-47.023045,-0.7828655,0.20565958
4.98,-32.6012,-1.2635663,-0.2739881
5.0,-8.564792,-0.46239844,-0.114105515
5.02,-22.986637,0.49900287,0.045777034
5.04,20.278896,0.018302217,0.045777034
5.06,29.893461,0.9797035,-0.114105515
5.08,29.893461,1.4604042,-0.114105515
5.1,-8.564792,-0.14193134,-0.2739881
5.12,-32.6012,-0.7828655,0.045777034
5.14,-22.986637,-0.9430991,0.20565958
5.16,-90.288574,-2.8659017,-0.114105515
5.18,-27.793919,-0.62263197,-0.114105515
5.2,-123.93955,-1.2635663,0.20565958
5.22,-18.179356,-0.62263197,-0.2739881
5.24,5.857053,-0.14193134,0.045777034
5.2599998,10.664334,0.81947,-0.114105515
5.2799997,49.122585,1.139937,-0.7536357
5.2999997,5.857053,0.018302217,-0.2739881
5.3199997,-3.7575107,-0.14193134,0.045777034
5.3399997,-18.179356,0.17853576,-0.2739881
5.3599997,135.65366,1.7808713,-1.2332834
5.38,-8.564792,-0.7828655,-0.114105515
5.4,15.471616,0.17853576,-0.114105515
5.42,29.893461,0.6592364,0.20565958
5.44,-172.01237,-4.7887044,0.045777034
5.46,-18.179356,0.81947,-0.2739881
5.48,44.315308,1.139937,-0.4338706
5.5,-42.215763,-2.0647337,0.045777034
5.52,-13.372073,-0.14193134,0.045777034
5.54,-32.6012,-0.46239844,-0.4338706
5.56,-18.179356,-0.30216488,-0.2739881
5.58,-13.372073,-0.9430991,-0.2739881
5.6,-3.7575107,0.17853576,-0.2739881
5.62,34.700745,0.81947,0.045777034
5.64,15.471616,0.49900287,-0.2739881
5.66,-47.023045,-0.7828655,-0.114105515
5.68,-32.6012,-1.4237996,-0.4338706
5.7,-37.40848,-0.14193134,-0.2739881
5.72,15.471616,0.33876932,0.045777034
5.74,-22.986637,-0.7828655,-0.4338706
5.7599998,-18.179356,-0.46239844,0.20565958
5.7799997,34.700745,0.018302217,-0.59375316
5.7999997,15.471616,0.49900287,-0.4338706
5.8199997,-32.6012,-1.2635663,0.20565958
5.8399997,10.664334,0.81947,-0.114105515
5.8599997,58.737152,0.81947,-0.2739881
5.8799996,-3.7575107,0.49900287,0.045777034
5.9,1.049771,0.018302217,0.045777034
5.92,-8.564792,-0.46239844,0.045777034
5.94,-99.903145,-2.8659017,0.20565958
5.96,5.857053,0.018302217,0.36554214
5.98,-32.6012,-1.7442669,-0.2739881
6.0,1.049771,0.17853576,-0.114105515
6.02,29.893461,0.49900287,0.20565958
6.04,-13.372073,-0.7828655,0.045777034
6.06,49.122585,1.7808713,0.20565958
6.08,10.664334,-0.46239844,0.045777034
6.1,10.664334,0.81947,0.045777034
6.12,34.700745,0.9797035,-0.114105515
6.14,-22.986637,-0.30216488,0.36554214
6.16,-3.7575107,0.33876932,0.20565958
6.18,-8.564792,-0.62263197,-0.114105515
6.2,-42.215763,0.49900287,0.20565958
6.22,5.857053,0.17853576,0.20565958
6.24,-3.7575107,-0.14193134,0.36554214
6.2599998,20.278896,0.9797035,0.20565958
6.2799997,-27.793919,-1.1033326,0.20565958
6.2999997,10.664334,0.49900287,0.36554214
6.3199997,5.857053,-0.14193134,0.20565958
6.3399997,25.08618,0.49900287,0.20565958
6.3599997,5.857053,0.49900287,0.20565958
6.3799996,29.893461,1.4604042,0.20565958
6.3999996,34.700745,0.9797035,0.5254247
6.42,1.049771,0.018302217,0.045777034
6.44,-32.6012,-0.62263197,0.045777034
6.46,-3.7575107,0.17853576,0.36554214
6.48,73.159,1.3001705,0.045777034
6.5,-8.564792,-0.14193134,0.5254247
6.52,5.857053,0.17853576,0.045777034
6.54,-32.6012,-1.7442669,0.045777034
6.56,-18.179356,-0.46239844,0.045777034
6.58,34.700745,1.4604042,0.045777034
6.6,-18.179356,-0.30216488,0.20565958
6.62,20.278896,0.6592364,0.5254247
6.64,25.08618,0.49900287,0.20565958
6.66,34.700745,1.4604042,0.20565958
6.68,25.08618,1.139937,0.045777034
6.7,44.315308,2.7422726,0.5254247
6.72,-22.986637,-0.62263197,0.20565958
6.74,5.857053,0.17853576,0.20565958
6.7599998,-8.564792,-0.46239844,0.045777034
6.7799997,20.278896,0.33876932,0.36554214
6.7999997,10.664334,0.33876932,0.045777034
6.8199997,-32.6012,-1.1033326,-0.114105515
6.8399997,63.54443,1.4604042,0.045777034
6.8599997,25.08618,0.49900287,0.045777034
6.8799996,82.77356,3.7036738,0.20565958
6.8999996,5.857053,0.49900287,0.045777034
6.92,-75.86674,-3.026135,0.045777034
6.94,-56.637608,-1.9045002,0.045777034
6.96,29.893461,0.9797035,0.36554214
6.98,5.857053,0.018302217,-0.114105515
7.0,29.893461,0.018302217,0.36554214
7.02,-22.986637,-0.46239844,-0.114105515
7.04,5.857053,0.17853576,-0.114105515
7.06,-8.564792,0.17853576,-0.4338706
7.08,-71.05945,-1.4237996,-0.2739881
7.1,-32.6012,-0.46239844,-0.114105515
7.12,-27.793919,-0.7828655,-0.4338706
7.14,-18.179356,-0.14193134,-0.114105515
7.16,15.471616,0.49900287,-0.114105515
7.18,-3.7575107,-0.46239844,0.045777034
7.2,20.278896,1.3001705,-0.114105515
7.22,-18.179356,0.018302217,0.045777034
7.24,10.664334,0.49900287,-0.114105515
7.2599998,-8.564792,-0.62263197,-0.114105515
7.2799997,-37.40848,-0.7828655,-0.2739881
7.2999997,-85.48129,-2.2249672,0.045777034
7.3199997,-3.7575107,-0.30216488,-0.4338706
7.3399997,15.471616,-0.14193134,0.045777034
7.3599997,20.278896,0.9797035,-0.114105515
7.3799996,29.893461,0.9797035,-0.2739881
7.3999996,5.857053,0.17853576,-0.4338706
7.4199996,10.664334,0.49900287,-0.114105515
7.44,-66.25217,-2.5454345,0.045777034
7.46,-22.986637,-0.46239844,-0.2739881
7.48,-18.179356,-1.2635663,-0.2739881
7.5,5.857053,0.018302217,0.045777034
7.52,-13.372073,0.17853576,-0.114105515
7.54,10.664334,0.17853576,-0.2739881
7.56,5.857053,0.33876932,-0.114105515
7.58,-37.40848,-0.7828655,-0.4338706
7.6,34.700745,1.139937,-0.114105515
7.62,10.664334,-0.30216488,-0.2739881
7.64,25.08618,1.4604042,-0.114105515
7.66,-18.179356,-0.46239844,-0.4338706
7.68,20.278896,-0.14193134,-0.59375316
7.7,-13.372073,0.17853576,-0.2739881
7.72,53.92987,0.9797035,-0.2739881
7.74,-42.215763,-1.1033326,0.20565958
7.7599998,-18.179356,-0.62263197,-0.114105515
7.7799997,-47.023045,-1.1033326,-0.114105515
7.7999997,-56.637608,-1.4237996,-0.2739881
7.8199997,-32.6012,-0.14193134,0.045777034
7.8399997,-8.564792,-0.46239844,-0.114105515
7.8599997,29.893461,1.6206378,-0.4338706
7.8799996,5.857053,-0.46239844,0.045777034
7.8999996,-13.372073,-0.14193134,0.045777034
7.9199996,-32.6012,-1.2635663,0.045777034
7.94,-66.25217,-1.5840333,0.045777034
7.96,-3.7575107,0.018302217,-0.114105515
7.98,-27.793919,-1.1033326,-0.114105515
8.0,1.049771,0.33876932,0.045777034
8.0199995,1.049771,-0.30216488,-0.4338706
8.04,-42.215763,-1.1033326,-0.114105515
8.059999,10.664334,0.6592364,-0.2739881
8.08,20.278896,0.17853576,0.045777034
8.099999,-22.986637,0.018302217,-0.2739881
8.12,-66.25217,-0.9430991,-0.114105515
8.139999,-13.372073,-0.30216488,0.045777034
8.16,-13.372073,-0.14193134,0.045777034
8.179999,-13.372073,-0.9430991,-0.114105515
8.2,5.857053,0.6592364,0.20565958
8.22,-3.7575107,0.018302217,-0.114105515
8.24,-22.986637,1.139937,0.045777034
8.26,1.049771,0.018302217,-0.114105515
8.28,15.471616,0.17853576,0.045777034
8.3,-13.372073,-0.46239844,-0.4338706
8.32,20.278896,0.49900287,-0.2739881
8.34,-42.215763,-1.1033326,-0.4338706
8.36,25.08618,0.33876932,-0.114105515
8.38,-3.7575107,-0.46239844,-0.2739881
8.4,-56.637608,-0.7828655,-0.114105515
8.42,-32.6012,-0.30216488,-0.114105515
8.44,-18.179356,-0.14193134,-0.114105515
8.46,-13.372073,0.17853576,-0.114105515
8.48,-18.179356,-0.7828655,-0.2739881
8.5,-18.179356,-0.30216488,-0.2739881
8.5199995,-42.215763,-1.1033326,-0.59375316
8.54,-22.986637,-1.4237996,0.045777034
8.559999,-42.215763,-1.5840333,0.045777034
8.58,-13.372073,-0.14193134,-0.114105515
8.599999,-18.179356,-0.7828655,-0.114105515
8.62,-8.564792,0.018302217,0.36554214
8.639999,15.471616,0.6592364,-0.59375316
8.66,5.857053,-0.62263197,-0.2739881
8.679999,-13.372073,0.018302217,-0.4338706
8.7,29.893461,-0.14193134,0.045777034
8.72,15.471616,0.33876932,-0.114105515
8.74,25.08618,1.4604042,-0.4338706
8.76,-3.7575107,-0.46239844,-0.59375316
8.78,-56.637608,-1.1033326,-0.2739881
8.8,-32.6012,-0.46239844,-0.114105515
8.82,-27.793919,-0.46239844,0.045777034
8.84,-3.7575107,0.6592364,0.045777034
8.86,5.857053,0.6592364,0.045777034
8.88,-18.179356,0.49900287,-0.114105515
8.9,-3.7575107,-0.30216488,-0.2739881
8.92,-22.986637,-0.62263197,-0.4338706
8.94,49.122585,1.9411048,-0.2739881
8.96,-8.564792,0.17853576,0.20565958
8.98,-22.986637,-0.7828655,-0.2739881
9.0,5.857053,0.33876932,0.20565958
9.0199995,-3.7575107,-0.30216488,-0.2739881
9.04,-47.023045,-1.5840333,-0.4338706
9.059999,-3.7575107,-0.14193134,0.045777034
9.08,5.857053,-0.7828655,-0.2739881
9.099999,-27.793919,-0.46239844,-0.114105515
9.12,-22.986637,-0.9430991,-0.2739881
9.139999,34.700745,1.139937,0.045777034
9.16,-27.793919,-0.46239844,0.045777034
9.179999,-27.793919,-0.62263197,-0.114105515
9.2,-32.6012,0.018302217,-0.114105515
9.22,-27.793919,-1.1033326,-0.2739881
9.24,1.049771,-0.46239844,-0.4338706
9.26,-47.023045,-0.9430991,-0.114105515
9.28,10.664334,1.139937,-0.114105515
9.3,1.049771,0.49900287,-0.4338706
9.32,-61.44489,-1.5840333,-0.2739881
9.34,20.278896,0.17853576,-0.114105515
9.36,-61.44489,-1.5840333,-0.114105515
9.38,-42.215763,-1.7442669,-0.114105515
9.4,10.664334,0.49900287,0.36554214
9.42,-3.7575107,-0.14193134,0.045777034
9.44,49.122585,1.139937,0.20565958
9.46,63.54443,1.7808713,0.045777034
9.48,5.857053,0.81947,0.36554214
9.5,5.857053,0.17853576,0.20565958
9.5199995,1.049771,-0.46239844,0.045777034
9.54,10.664334,0.17853576,0.045777034
9.559999,-3.7575107,-0.14193134,0.36554214
9.58,5.857053,-1.2635663,0.045777034
9.599999,1.049771,0.49900287,0.5254247
9.62,5.857053,-0.14193134,0.045777034
9.639999,34.700745,1.7808713,0.36554214
9.66,-8.564792,-0.62263197,0.045777034
9.679999,15.471616,0.81947,-0.114105515
9.7,10.664334,0.17853576,0.36554214
9.719999,49.122585,0.81947,-0.114105515
9.74,-32.6012,-0.62263197,0.20565958
9.76,5.857053,1.4604042,0.20565958
9.78,-18.179356,-0.30216488,-0.114105515
9.8,-8.564792,0.17853576,0.045777034
9.82,-22.986637,-0.30216488,0.20565958
9.84,1.049771,0.17853576,0.045777034
9.86,-8.564792,1.3001705,0.045777034
9.88,25.08618,0.018302217,-0.114105515
9.9,-3.7575107,-0.14193134,0.045777034
9.92,-13.372073,-0.30216488,0.045777034
9.94,34.700745,0.81947,-0.2739881
9.96,-3.7575107,-0.30216488,-0.2739881
9.98,-8.564792,-0.7828655,-0.114105515
10.0,-3.7575107,-0.14193134,0.20565958
10.0199995,49.122585,1.6206378,-0.4338706
10.04,25.08618,1.139937,0.045777034
10.059999,20.278896,0.49900287,0.045777034
10.08,29.893461,1.4604042,-0.114105515
10.099999,49.122585,0.6592364,-0.2739881
10.12,-13.372073,-0.30216488,-0.114105515
10.139999,20.278896,-0.14193134,-0.2739881
10.16,5.857053,0.33876932,0.20565958
10.179999,-42.215763,-1.7442669,-0.114105515
10.2,-3.7575107,-1.9045002,-0.114105515
10.219999,-3.7575107,0.33876932,0.045777034
10.24,5.857053,-0.14193134,0.045777034
10.26,-13.372073,0.17853576,0.045777034
10.28,-13.372073,-0.46239844,0.20565958
10.3,-66.25217,-2.2249672,-0.4338706
10.32,-22.986637,-0.46239844,-0.4338706
10.34,-3.7575107,-0.46239844,-0.2739881
10.36,-18.179356,0.9797035,0.20565958
10.38,-22.986637,-0.30216488,0.045777034
10.4,-32.6012,-0.46239844,-0.59375316
10.42,-22.986637,-0.62263197,-0.114105515
10.44,25.08618,1.139937,-0.2739881
10.46,29.893461,0.6592364,0.20565958
10.48,15.471616,0.81947,-0.114105515
10.5,5.857053,-0.14193134,-0.59375316
10.5199995,10.664334,-0.14193134,0.045777034
10.54,-18.179356,-0.30216488,-0.114105515
10.559999,25.08618,0.17853576,0.045777034
10.58,20.278896,1.139937,-0.2739881
10.599999,-51.830326,-1.1033326,-0.2739881
10.62,-18.179356,0.17853576,-0.114105515
10.639999,-37.40848,-1.7442669,-0.114105515
10.66,10.664334,0.17853576,-0.2739881
10.679999,15.471616,0.49900287,-0.114105515
10.7,-109.5177,-4.14777,-0.4338706
10.719999,-8.564792,0.49900287,0.20565958
10.74,-13.372073,0.49900287,0.045777034
10.76,-37.40848,-0.62263197,0.045777034
10.78,-13.372073,-0.30216488,-0.114105515
10.8,-32.6012,-1.1033326,-0.4338706
10.82,-37.40848,-0.14193134,-0.114105515
10.84,1.049771,0.17853576,-0.114105515
10.86,-143.16867,-3.026135,0.20565958
10.88,-61.44489,-2.2249672,-0.114105515
10.9,20.278896,0.6592364,-0.2739881
10.92,15.471616,0.81947,0.20565958
10.94,-13.372073,-0.30216488,0.045777034
10.96,5.857053,0.49900287,-0.2739881
10.98,-13.372073,-0.46239844,-0.4338706
11.0,29.893461,0.49900287,0.045777034
11.0199995,73.159,2.261572,-0.2739881
11.04,1.049771,0.49900287,-0.114105515
11.059999,10.664334,-0.30216488,-0.114105515
11.08,-22.986637,-0.46239844,-0.2739881
11.099999,-8.564792,-0.30216488,-0.114105515
11.12,-3.7575107,-0.46239844,-0.114105515
11.139999,-22.986637,0.49900287,0.20565958
11.16,5.857053,0.17853576,-0.114105515
11.179999,-18.179356,0.018302217,-0.114105515
11.2,-56.637608,-4.948938,-0.59375316
11.219999,-22.986637,0.33876932,0.045777034
11.24,-3.7575107,-0.14193134,-0.2739881
11.259999,29.893461,0.49900287,0.045777034
11.28,1.049771,0.33876932,0.20565958
11.3,-27.793919,-0.46239844,-0.114105515
11.32,-32.6012,-0.9430991,-0.2739881
11.34,-32.6012,-1.4237996,-0.2739881
11.36,-95.09586,-2.2249672,-0.114105515
11.38,49.122585,1.7808713,-0.114105515
11.4,34.700745,0.9797035,-0.114105515
11.42,1.049771,0.33876932,0.045777034
11.44,-42.215763,-0.46239844,-0.2739881
11.46,39.508022,1.6206378,-0.2739881
11.48,5.857053,0.018302217,-0.2739881
11.5,-3.7575107,-0.14193134,0.045777034
11.5199995,-3.7575107,-1.2635663,-0.59375316
11.54,63.54443,2.1013381,-0.4338706
11.559999,-18.179356,-0.30216488,0.20565958
11.58,29.893461,0.81947,0.20565958
11.599999,-18.179356,-0.14193134,-0.114105515
11.62,25.08618,1.6206378,-0.2739881
11.639999,-8.564792,-0.46239844,-0.114105515
11.66,-22.986637,-0.46239844,0.045777034
11.679999,20.278896,0.81947,-0.114105515
11.7,-61.44489,-2.2249672,-0.59375316
11.719999,15.471616,0.6592364,-0.114105515
11.74,5.857053,0.018302217,-0.114105515
11.759999,20.278896,0.9797035,-0.114105515
11.78,-66.25217,-1.7442669,0.045777034
11.8,-18.179356,-1.1033326,0.045777034
11.82,-37.40848,-0.7828655,0.20565958
11.84,-27.793919,-0.46239844,-0.2739881
11.86,-47.023045,0.6592364,-0.4338706
11.88,-3.7575107,-0.30216488,-0.2739881
11.9,29.893461,0.81947,-0.114105515
11.92,-13.372073,-1.4237996,-0.114105515
11.94,58.737152,3.2229733,0.045777034
11.96,39.508022,2.261572,-0.2739881
11.98,-18.179356,-0.9430991,-0.114105515
12.0,-3.7575107,0.018302217,-0.114105515
12.0199995,-3.7575107,-1.9045002,-0.59375316
12.04,20.278896,0.49900287,-0.2739881
12.059999,20.278896,1.6206378,0.045777034
12.08,-13.372073,-0.46239844,-0.114105515
12.099999,20.278896,1.139937,0.36554214
12.12,29.893461,1.139937,0.045777034
12.139999,-13.372073,-0.30216488,0.36554214
12.16,-37.40848,-0.9430991,-0.114105515
12.179999,10.664334,0.018302217,0.045777034
12.2,-13.372073,-0.62263197,-0.2739881
12.219999,1.049771,0.33876932,0.045777034
12.24,1.049771,0.018302217,0.045777034
12.259999,20.278896,0.49900287,0.045777034
12.28,-147.97597,-2.385201,0.36554214
12.3,5.857053,0.6592364,-0.114105515
12.32,-3.7575107,0.33876932,-0.2739881
12.34,-13.372073,-0.14193134,-0.114105515
12.36,-85.48129,-0.62263197,-0.2739881
12.38,63.54443,2.1013381,0.045777034
12.4,29.893461,0.81947,0.045777034
12.42,-42.215763,-0.7828655,0.045777034
12.44,169.30463,5.78671,-0.114105515
12.46,-3.7575107,0.17853576,0.20565958
12.48,39.508022,0.49900287,0.36554214
12.5,-18.179356,0.81947,-0.114105515
12.5199995,-71.05945,-3.5068357,-0.59375316
12.54,29.893461,0.33876932,-0.2739881
12.559999,-47.023045,-0.9430991,0.20565958
12.58,39.508022,0.81947,-0.114105515
12.599999,-51.830326,-1.1033326,-0.114105515
12.62,15.471616,0.17853576,-0.114105515
12.639999,-27.793919,-0.30216488,0.045777034
12.66,5.857053,0.81947,0.045777034
12.679999,44.315308,0.81947,-0.2739881
12.7,15.471616,-0.14193134,-0.114105515
12.719999,-66.25217,-1.5840333,-0.4338706
12.74,10.664334,0.17853576,-0.114105515
12.759999,-27.793919,-1.1033326,-0.114105515
12.78,29.893461,2.902506,0.5254247
12.799999,20.278896,0.49900287,-0.114105515
12.82,1.049771,-0.30216488,0.20565958
12.84,25.08618,0.33876932,0.36554214
12.86,-51.830326,-1.2635663,-0.2739881
12.88,5.857053,0.17853576,0.045777034
12.9,15.471616,0.33876932,-0.114105515
12.92,-18.179356,-0.30216488,-0.114105515
12.94,202.9556,5.3060093,0.20565958
12.96,25.08618,0.49900287,0.045777034
12.98,-22.986637,-0.46239844,-0.2739881
13.0,10.664334,0.81947,-0.114105515
13.0199995,-66.25217,-3.026135,0.045777034
13.04,-3.7575107,-0.14193134,-0.114105515
13.059999,10.664334,0.49900287,0.20565958
13.08,-22.986637,0.33876932,-0.2739881
13.099999,34.700745,1.3001705,0.20565958
13.12,-3.7575107,-0.46239844,0.045777034
13.139999,5.857053,0.49900287,0.20565958
13.16,-3.7575107,-0.14193134,0.36554214
13.179999,-3.7575107,0.17853576,0.20565958
13.2,1.049771,0.17853576,0.20565958
13.219999,-8.564792,-0.62263197,-0.2739881
13.24,5.857053,0.33876932,0.045777034
13.259999,1.049771,0.49900287,0.045777034
13.28,73.159,3.5434403,0.36554214
13.299999,-3.7575107,0.9797035,0.045777034
13.32,15.471616,0.33876932,0.045777034
13.34,-13.372073,0.17853576,0.045777034
13.36,-8.564792,0.018302217,-0.9135183
13.38,10.664334,0.49900287,0.045777034
13.4,1.049771,-0.14193134,0.36554214
13.42,1.049771,0.018302217,-0.2739881
13.44,241.41385,5.6264763,0.045777034
13.46,10.664334,0.49900287,-0.2739881
13.48,-32.6012,-0.62263197,0.36554214
13.5,-51.830326,-0.7828655,0.045777034
13.5199995,-152.78323,-5.910339,-0.59375316
13.54,39.508022,0.33876932,-0.2739881
13.559999,-22.986637,-0.14193134,0.045777034
13.58,-47.023045,-1.1033326,0.36554214
13.599999,5.857053,0.6592364,0.045777034
13.62,-3.7575107,-0.30216488,0.20565958
13.639999,15.471616,0.018302217,0.045777034
13.66,-18.179356,-0.62263197,0.045777034
13.679999,5.857053,-0.30216488,-0.114105515
13.7,58.737152,1.4604042,0.045777034
13.719999,20.278896,1.3001705,0.045777034
13.74,77.96628,2.4218054,0.045777034
13.759999,-13.372073,-0.7828655,-0.114105515
13.78,150.0755,4.3446083,0.20565958
13.799999,1.049771,0.17853576,0.045777034
13.82,5.857053,-0.14193134,-0.114105515
13.84,87.58084,2.4218054,0.36554214
13.86,29.893461,-0.14193134,-0.4338706
13.88,29.893461,0.17853576,0.045777034
13.9,20.278896,0.17853576,-0.114105515
13.92,-13.372073,-0.14193134,-0.2739881
13.94,135.65366,1.3001705,0.045777034
13.96,-13.372073,-0.62263197,0.045777034
13.98,1.049771,-0.9430991,-0.2739881
14.0,1.049771,0.33876932,0.045777034
14.0199995,-152.78323,-5.2694044,-0.2739881
14.04,-27.793919,-0.7828655,0.20565958
14.059999,-3.7575107,0.17853576,0.045777034
14.08,5.857053,0.49900287,0.045777034
14.099999,1.049771,0.33876932,0.045777034
14.12,-56.637608,-2.385201,-0.114105515
14.139999,5.857053,0.49900287,0.045777034
14.16,-3.7575107,-0.30216488,-0.2739881
14.179999,20.278896,0.81947,-0.2739881
14.2,53.92987,1.9411048,0.045777034
14.219999,-3.7575107,-0.14193134,-0.114105515
14.24,-32.6012,-0.9430991,-0.114105515
14.259999,-37.40848,-1.1033326,0.045777034
14.28,102.002686,2.1013381,-0.2739881
14.299999,25.08618,0.33876932,0.045777034
14.32,-51.830326,-1.5840333,0.045777034
14.34,-18.179356,-0.62263197,-0.4338706
14.36,34.700745,-0.7828655,-0.59375316
14.38,29.893461,0.49900287,0.20565958
14.4,-13.372073,-0.9430991,0.045777034
14.42,5.857053,0.49900287,0.36554214
14.44,68.35171,0.17853576,0.045777034
14.46,-18.179356,-0.14193134,-0.114105515
14.48,-22.986637,-1.4237996,0.20565958
14.5,34.700745,0.49900287,0.045777034
14.5199995,-104.71042,-3.1863687,-0.2739881
14.54,-27.793919,-0.46239844,-0.2739881
14.559999,-18.179356,0.018302217,-0.4338706
14.58,34.700745,1.6206378,-0.2739881
14.599999,-42.215763,-1.2635663,0.045777034
14.62,-27.793919,-0.46239844,-0.2739881
14.639999,-13.372073,0.17853576,-0.59375316
14.66,15.471616,0.9797035,-0.114105515
14.679999,-22.986637,-0.46239844,0.045777034
14.7,-3.7575107,0.33876932,0.045777034
14.719999,39.508022,1.3001705,-0.114105515
14.74,-13.372073,-0.62263197,-0.114105515
14.759999,-3.7575107,-0.7828655,-0.59375316
14.78,-8.564792,-0.9430991,0.20565958
14.799999,1.049771,-0.30216488,-0.114105515
14.82,10.664334,0.33876932,-0.4338706
14.839999,25.08618,0.49900287,-0.4338706
14.86,15.471616,-1.4237996,-1.0734009
14.88,-3.7575107,-0.14193134,-0.114105515
14.9,-8.564792,-0.7828655,-0.2739881
14.92,-8.564792,0.17853576,0.045777034
14.94,44.315308,0.9797035,0.5254247
14.96,-51.830326,-1.4237996,-0.4338706
14.98,-18.179356,-0.46239844,0.045777034
15.0,25.08618,0.81947,-0.59375316
15.0199995,-71.05945,-2.385201,0.045777034
15.04,-75.86674,-1.7442669,-0.4338706
15.059999,29.893461,1.3001705,-0.2739881
15.08,25.08618,1.139937,-0.4338706
15.099999,1.049771,0.17853576,-0.114105515
15.12,-3.7575107,0.81947,0.045777034
15.139999,49.122585,2.261572,-0.114105515
15.16,-42.215763,-1.1033326,0.045777034
15.179999,-18.179356,-0.46239844,-0.2739881
15.2,34.700745,1.3001705,-0.4338706
15.219999,15.471616,-0.14193134,-0.114105515
15.24,25.08618,0.49900287,-0.2739881
15.259999,-27.793919,-0.46239844,-0.4338706
15.28,-80.67402,-3.6670694,-0.4338706
15.299999,-3.7575107,0.81947,-0.114105515
15.32,-18.179356,-0.30216488,0.20565958
15.339999,20.278896,0.33876932,-0.59375316
15.36,82.77356,1.139937,-0.59375316
15.38,-27.793919,-0.9430991,-0.4338706
15.4,-8.564792,-0.46239844,-0.4338706
15.42,15.471616,0.81947,-0.2739881
15.44,-8.564792,-0.62263197,0.045777034
15.46,25.08618,1.6206378,-0.114105515
15.48,39.508022,0.81947,-0.2739881
15.5,-3.7575107,0.81947,-0.114105515
15.5199995,-75.86674,-2.385201,0.045777034
15.54,-27.793919,-0.30216488,0.045777034
15.559999,-47.023045,-1.4237996,-0.4338706
15.58,-8.564792,-0.30216488,-0.59375316
15.599999,5.857053,0.018302217,-0.114105515
15.62,29.893461,1.6206378,-0.4338706
15.639999,-18.179356,-0.9430991,-0.2739881
15.66,-32.6012,-1.2635663,-0.114105515
15.679999,-18.179356,-0.62263197,-0.2739881
15.7,39.508022,1.7808713,0.045777034
15.719999,-3.7575107,-0.30216488,-0.4338706
15.74,15.471616,0.49900287,-0.7536357
15.759999,-3.7575107,0.018302217,0.045777034
15.78,-99.903145,-3.3466022,-0.4338706
15.799999,-8.564792,0.33876932,-0.114105515
15.82,-22.986637,-0.7828655,-0.4338706
15.839999,-18.179356,-0.30216488,-0.114105515
15.86,-47.023045,-3.3466022,-0.9135183
15.88,15.471616,0.33876932,0.045777034
15.9,5.857053,0.17853576,-0.2739881
15.92,-37.40848,-0.7828655,0.36554214
15.94,-22.986637,-0.14193134,-0.114105515
15.96,20.278896,0.81947,-0.114105515
15.98,25.08618,0.17853576,-0.114105515
16.0,-3.7575107,-0.30216488,-0.2739881
16.02,-75.86674,-1.7442669,0.36554214
16.039999,1.049771,0.018302217,-0.114105515
16.06,-3.7575107,-0.14193134,-0.114105515
16.08,-8.564792,-0.14193134,-0.2739881
16.1,20.278896,1.4604042,-0.114105515
16.119999,25.08618,0.81947,0.20565958
16.14,15.471616,0.49900287,-0.2739881
16.16,-3.7575107,-0.14193134,0.045777034
16.18,5.857053,0.17853576,0.20565958
16.199999,-18.179356,-1.7442669,-0.2739881
16.22,5.857053,0.6592364,0.20565958
16.24,5.857053,0.6592364,0.20565958
16.26,-8.564792,0.17853576,0.045777034
16.279999,-152.78323,-4.3080034,-0.2739881
16.3,1.049771,0.17853576,0.045777034
16.32,-13.372073,-0.7828655,-0.114105515
16.34,-27.793919,-0.30216488,0.045777034
16.359999,29.893461,-0.14193134,-0.2739881
16.38,-13.372073,-0.14193134,0.20565958
16.4,25.08618,1.139937,-0.114105515
16.42,-8.564792,-0.62263197,0.20565958
16.44,10.664334,-0.14193134,-0.114105515
16.46,-42.215763,-1.1033326,-0.114105515
16.48,-18.179356,-0.62263197,-0.2739881
16.5,29.893461,1.3001705,0.045777034
16.52,-32.6012,-0.62263197,0.20565958
16.539999,-22.986637,0.17853576,-0.59375316
16.56,34.700745,0.81947,0.045777034
16.58,-18.179356,-0.30216488,0.045777034
16.6,25.08618,0.9797035,0.045777034
16.619999,-18.179356,-0.14193134,-0.114105515
16.64,5.857053,0.17853576,0.045777034
16.66,-3.7575107,-0.62263197,0.045777034
16.68,5.857053,0.33876932,0.045777034
16.699999,39.508022,0.81947,-0.114105515
16.72,39.508022,0.6592364,0.20565958
16.74,49.122585,2.1013381,-0.114105515
16.76,-13.372073,-0.62263197,-0.114105515
16.779999,-123.93955,-3.827303,-0.2739881
16.8,5.857053,0.49900287,0.36554214
16.82,20.278896,0.33876932,0.045777034
16.84,-18.179356,-0.9430991,0.045777034
16.859999,-8.564792,0.49900287,-0.114105515
16.88,1.049771,-0.30216488,0.045777034
16.9,-32.6012,0.018302217,0.20565958
16.92,-47.023045,-0.62263197,-0.2739881
16.94,-22.986637,-0.14193134,0.20565958
16.96,5.857053,-0.14193134,-0.2739881
16.98,-22.986637,-1.4237996,-0.2739881
17.0,1.049771,-0.30216488,-0.114105515
17.02,-18.179356,-0.30216488,-0.114105515
17.039999,-51.830326,-1.2635663,0.045777034
17.06,-37.40848,-1.1033326,-0.114105515
17.08,-37.40848,-2.385201,-0.7536357
17.1,-32.6012,-1.4237996,-0.2739881
17.119999,-13.372073,-1.1033326,-0.114105515
17.14,-51.830326,-2.385201,-0.4338706
17.16,-71.05945,-2.8659017,-0.4338706
17.18,20.278896,0.33876932,-0.2739881
17.199999,15.471616,-0.30216488,-0.2739881
17.22,-8.564792,-0.62263197,-0.2739881
17.24,-3.7575107,0.33876932,-0.114105515
17.26,-51.830326,-1.4237996,-0.114105515
17.279999,-71.05945,-2.2249672,-0.2739881
17.3,-71.05945,-3.026135,-0.59375316
17.32,-42.215763,-1.5840333,-0.4338706
17.34,-8.564792,-0.9430991,-0.2739881
17.359999,10.664334,-0.30216488,-0.2739881
17.38,1.049771,-0.14193134,-0.114105515
17.4,-8.564792,-0.9430991,-0.59375316
17.42,-104.71042,-3.9875362,-0.114105515
17.44,-3.7575107,-0.14193134,0.045777034
17.46,-13.372073,-0.46239844,-0.4338706
17.48,-47.023045,-0.9430991,-0.114105515
17.5,-66.25217,-2.2249672,-0.59375316
17.52,-13.372073,-1.1033326,-0.2739881
17.539999,-61.44489,-1.7442669,-0.2739881
17.56,-22.986637,-0.7828655,-0.59375316
17.58,-3.7575107,-0.46239844,0.045777034
17.6,29.893461,1.3001705,-0.4338706
17.619999,1.049771,0.49900287,-0.114105515
17.64,-71.05945,-2.0647337,-0.4338706
17.66,-8.564792,-1.5840333,-0.4338706
17.68,-22.986637,-1.7442669,-0.4338706
17.699999,1.049771,-0.9430991,-0.2739881
17.72,-32.6012,-0.7828655,-0.114105515
17.74,-8.564792,-0.30216488,-0.114105515
17.76,-42.215763,-0.9430991,-0.59375316
17.779999,-27.793919,-0.62263197,-0.4338706
17.8,-8.564792,-1.1033326,-0.2739881
17.82,5.857053,-0.9430991,-0.4338706
17.84,10.664334,0.018302217,0.045777034
17.859999,-51.830326,-2.0647337,-0.4338706
17.88,5.857053,0.018302217,-0.2739881
17.9,25.08618,0.018302217,-0.2739881
17.92,1.049771,0.018302217,-0.2739881
17.94,73.159,2.261572,-0.114105515
17.96,-66.25217,-2.0647337,-0.2739881
17.98,-61.44489,-2.2249672,-0.2739881
18.0,-47.023045,-2.0647337,-0.2739881
18.02,20.278896,0.17853576,-0.2739881
18.039999,10.664334,-0.14193134,-0.4338706
18.06,-42.215763,-1.1033326,-0.2739881
18.08,44.315308,0.6592364,-0.4338706
18.1,-27.793919,-1.1033326,-0.4338706
18.119999,-95.09586,-3.5068357,-0.2739881
18.14,-32.6012,-1.9045002,-0.2739881
18.16,-22.986637,-1.1033326,-0.114105515
18.18,1.049771,-0.7828655,-0.4338706
18.199999,-61.44489,-2.0647337,0.045777034
18.22,-13.372073,-1.1033326,-0.2739881
18.24,-22.986637,-1.2635663,-0.59375316
18.26,1.049771,-0.14193134,-0.114105515
18.279999,25.08618,1.139937,-0.4338706
18.3,-42.215763,-1.9045002,-0.2739881
18.32,-104.71042,-3.3466022,-0.4338706
18.34,-80.67402,-2.5454345,0.045777034
18.359999,-42.215763,-2.2249672,-0.59375316
18.38,39.508022,0.9797035,-0.4338706
18.4,-22.986637,-1.9045002,-0.7536357
18.42,15.471616,0.33876932,-0.4338706
18.44,-37.40848,-0.7828655,-0.2739881
18.46,-13.372073,-0.14193134,-0.114105515
18.48,-18.179356,-0.46239844,-0.2739881
18.5,-27.793919,-1.5840333,-0.114105515
18.52,-18.179356,-1.7442669,-0.2739881
18.539999,-51.830326,-2.7056682,-0.59375316
18.56,-18.179356,-0.7828655,-0.2739881
18.58,-27.793919,-1.7442669,-0.4338706
18.6,25.08618,-0.9430991,-0.4338706
18.619999,5.857053,0.018302217,-0.2739881
18.64,-8.564792,-1.4237996,-0.2739881
18.66,-13.372073,-0.30216488,-0.2739881
18.68,-27.793919,-0.7828655,0.045777034
18.699999,-37.40848,-1.1033326,0.045777034
18.72,1.049771,-1.4237996,-0.4338706
18.74,-22.986637,-2.0647337,-0.2739881
18.76,-18.179356,-0.7828655,-0.4338706
18.779999,10.664334,-0.9430991,-0.4338706
18.8,-32.6012,-1.4237996,-0.114105515
18.82,-66.25217,-1.4237996,-0.114105515
18.84,-22.986637,-1.1033326,-0.4338706
18.859999,-66.25217,-3.026135,-0.59375316
18.88,-13.372073,-2.2249672,-0.4338706
18.9,-22.986637,-0.7828655,-0.114105515
18.92,-27.793919,-0.9430991,-0.59375316
18.939999,-27.793919,-1.9045002,0.045777034
18.96,1.049771,-0.7828655,-0.4338706
18.98,-37.40848,-0.62263197,-0.4338706
19.0,10.664334,0.17853576,-0.114105515
19.02,-32.6012,-1.2635663,-0.114105515
19.039999,-61.44489,-2.0647337,-0.59375316
19.06,-37.40848,-2.2249672,-0.2739881
19.08,5.857053,-0.30216488,0.045777034
19.1,15.471616,0.17853576,0.045777034
19.119999,-32.6012,-0.9430991,0.20565958
19.14,-3.7575107,-0.14193134,-0.114105515
19.16,-8.564792,-0.7828655,-0.2739881
19.18,-56.637608,-2.7056682,-0.2739881
19.199999,10.664334,-0.7828655,0.045777034
19.22,1.049771,-0.30216488,-0.4338706
19.24,-61.44489,-2.5454345,-0.114105515
19.26,-32.6012,-0.62263197,-0.114105515
19.279999,-32.6012,-1.4237996,-0.2739881
19.3,-18.179356,-1.4237996,-0.2739881
19.32,34.700745,0.81947,-0.4338706
19.34,-47.023045,-1.9045002,0.20565958
19.359999,-99.903145,-2.0647337,-0.4338706
19.38,-18.179356,-0.62263197,0.045777034
19.4,-27.793919,-0.7828655,0.045777034
19.42,10.664334,0.018302217,-0.114105515
19.439999,10.664334,0.17853576,-0.2739881
19.46,1.049771,0.33876932,0.045777034
19.48,10.664334,0.17853576,-0.2739881
19.5,39.508022,1.4604042,-0.2739881
19.52,39.508022,0.81947,0.5254247
19.539999,20.278896,0.81947,0.36554214
19.56,-32.6012,-0.7828655,-0.114105515
19.58,-18.179356,-0.62263197,-0.114105515
19.6,-22.986637,-0.9430991,0.20565958
19.619999,15.471616,0.17853576,-0.114105515
19.64,20.278896,0.49900287,0.045777034
19.66,-3.7575107,0.018302217,-0.114105515
19.68,-32.6012,-0.9430991,0.20565958
19.699999,5.857053,-0.14193134,-0.4338706
19.72,-8.564792,-0.30216488,0.20565958
19.74,53.92987,2.1013381,0.045777034
19.76,5.857053,0.9797035,0.36554214
19.779999,-27.793919,0.6592364,0.20565958
19.8,-66.25217,-2.385201,-0.114105515
19.82,5.857053,1.9411048,0.20565958
19.84,10.664334,0.49900287,-0.114105515
19.859999,-128.74683,-2.7056682,-0.2739881
19.88,-18.179356,-0.7828655,-0.114105515
19.9,10.664334,0.33876932,0.045777034
19.92,49.122585,1.6206378,-0.4338706
19.939999,10.664334,0.49900287,-0.2739881
19.96,-47.023045,-1.7442669,-0.114105515
19.98,92.38812,2.7422726,0.045777034
20.0,-8.564792,0.018302217,0.20565958
20.02,-22.986637,-2.0647337,0.045777034
20.039999,-3.7575107,-0.46239844,0.045777034
20.06,-3.7575107,-0.30216488,-0.114105515
20.08,-27.793919,-0.46239844,0.20565958
20.1,10.664334,0.81947,0.20565958
20.119999,-27.793919,-0.9430991,-0.114105515
20.14,-51.830326,-0.9430991,0.36554214
20.16,5.857053,0.17853576,-0.114105515
20.18,-42.215763,-1.1033326,-0.114105515
20.199999,34.700745,0.49900287,-0.114105515
20.22,-8.564792,-0.62263197,-0.2739881
20.24,-8.564792,-0.14193134,0.045777034
20.26,-18.179356,-0.30216488,0.045777034
20.279999,29.893461,1.6206378,-0.2739881
20.3,92.38812,1.7808713,-0.2739881
20.32,-27.793919,-0.9430991,-0.2739881
20.34,-32.6012,-2.2249672,-0.2739881
20.359999,-172.01237,-3.3466022,-0.114105515
20.38,5.857053,-1.2635663,-0.114105515
20.4,20.278896,0.81947,-0.114105515
20.42,-61.44489,-3.026135,-0.114105515
20.439999,-8.564792,-0.7828655,-0.4338706
20.46,-42.215763,-1.1033326,-0.2739881
20.48,82.77356,2.261572,-0.4338706
20.5,10.664334,0.018302217,-0.2739881
20.52,-32.6012,-1.4237996,-0.2739881
20.539999,-27.793919,-1.2635663,-0.114105515
20.56,-22.986637,-1.1033326,-0.2739881
20.58,-37.40848,-1.1033326,-0.2739881
20.6,5.857053,-0.46239844,-0.114105515
20.619999,25.08618,0.6592364,-0.114105515
20.64,-18.179356,-1.1033326,-0.4338706
20.66,-22.986637,-1.2635663,-0.2739881
20.68,-8.564792,-0.7828655,-0.4338706
20.699999,10.664334,-0.9430991,-0.4338706
20.72,5.857053,0.33876932,-0.59375316
20.74,10.664334,-0.30216488,0.045777034
20.76,25.08618,-0.9430991,-0.114105515
20.779999,1.049771,-0.7828655,-0.2739881
20.8,-61.44489,-2.385201,-0.59375316
20.82,-13.372073,-0.14193134,-0.114105515
20.84,10.664334,-1.2635663,-0.59375316
20.859999,39.508022,2.7422726,-0.4338706
20.88,20.278896,0.33876932,0.045777034
20.9,10.664334,0.33876932,-0.4338706
20.92,-8.564792,0.018302217,-0.4338706
20.939999,34.700745,1.4604042,0.045777034
20.96,-42.215763,-1.5840333,-0.114105515
20.98,-27.793919,-1.4237996,-0.4338706
21.0,-47.023045,-1.5840333,-0.2739881
21.02,-95.09586,-3.3466022,-0.114105515
21.039999,-8.564792,-1.2635663,-0.114105515
21.06,-3.7575107,-0.7828655,-0.2739881
21.08,-18.179356,-1.1033326,-0.4338706
21.1,-22.986637,-0.46239844,-0.4338706
21.119999,-18.179356,-1.9045002,0.045777034
21.14,-18.179356,-1.1033326,-0.59375316
21.16,-42.215763,-1.9045002,-0.2739881
21.18,-18.179356,-0.9430991,-0.114105515
21.199999,39.508022,0.6592364,-0.114105515
21.22,-56.637608,-1.2635663,0.045777034
21.24,1.049771,-0.14193134,-0.59375316
21.26,-71.05945,-2.385201,-0.2739881
21.279999,20.278896,0.9797035,-0.114105515
21.3,10.664334,0.018302217,-0.2739881
21.32,-27.793919,-1.4237996,-0.2739881
21.34,-8.564792,-1.1033326,-0.2739881
21.359999,135.65366,3.5434403,-0.59375316
21.38,15.471616,-0.46239844,-0.2739881
21.4,-32.6012,-1.9045002,-0.4338706
21.42,34.700745,1.139937,0.045777034
21.439999,1.049771,0.49900287,-0.4338706
21.46,20.278896,0.17853576,-0.2739881
21.48,-85.48129,-2.7056682,0.045777034
21.5,-18.179356,-0.46239844,-0.114105515
21.52,-133.55412,-3.5068357,-0.4338706
21.539999,20.278896,-0.46239844,-0.59375316
21.56,15.471616,1.139937,-0.114105515
21.58,-8.564792,-0.9430991,-0.114105515
21.6,-8.564792,0.33876932,0.045777034
21.619999,10.664334,-0.30216488,-0.4338706
21.64,-13.372073,-0.46239844,-0.59375316
21.66,-13.372073,-1.9045002,-0.2739881
21.68,-18.179356,-0.30216488,-0.2739881
21.699999,-3.7575107,-0.9430991,-0.59375316
21.72,-18.179356,-1.5840333,-0.4338706
21.74,10.664334,0.17853576,-0.59375316
21.76,39.508022,0.49900287,-0.114105515
21.779999,77.96628,2.1013381,0.045777034
21.8,-13.372073,-0.9430991,-0.2739881
21.82,-18.179356,-0.46239844,-0.2739881
21.84,-18.179356,-1.7442669,-0.114105515
21.859999,39.508022,-0.62263197,-0.114105515
21.88,-18.179356,-1.2635663,-0.2739881
21.9,58.737152,1.3001705,-0.114105515
21.92,-8.564792,-0.30216488,-0.4338706
21.939999,-18.179356,0.33876932,0.045777034
21.96,-22.986637,-1.1033326,-0.4338706
21.98,10.664334,0.018302217,-0.114105515
22.0,-27.793919,-0.9430991,-0.114105515
22.02,-167.20508,-4.468237,-0.114105515
22.039999,1.049771,-0.7828655,-0.4338706
22.06,-22.986637,-0.9430991,-0.114105515
22.08,1.049771,-1.2635663,-0.4338706
22.1,39.508022,0.33876932,0.045777034
22.119999,5.857053,0.33876932,-0.114105515
22.14,29.893461,0.6592364,-0.114105515
22.16,-56.637608,-1.7442669,-0.114105515
22.18,-56.637608,-1.4237996,-0.114105515
22.199999,5.857053,-0.9430991,-0.4338706
22.22,5.857053,-0.30216488,-0.114105515
22.24,25.08618,0.018302217,-0.59375316
22.26,10.664334,0.49900287,0.045777034
22.279999,87.58084,2.5820389,0.045777034
22.3,15.471616,1.6206378,0.68530726
22.32,15.471616,0.018302217,-0.4338706
22.34,-8.564792,-0.9430991,-0.2739881
22.359999,-205.66333,-6.230806,-0.114105515
22.38,-51.830326,-2.2249672,-0.2739881
22.4,44.315308,0.81947,-0.4338706
22.42,10.664334,-0.7828655,-0.4338706
22.439999,-13.372073,-0.9430991,-0.4338706
22.46,63.54443,0.49900287,-0.2739881
22.48,34.700745,0.81947,-0.114105515
22.5,5.857053,0.17853576,0.045777034
22.519999,-157.59052,-2.7056682,-0.59375316
22.539999,-18.179356,-1.4237996,-0.59375316
22.56,-32.6012,-2.2249672,0.045777034
22.58,-3.7575107,-0.62263197,0.045777034
22.6,97.195404,1.3001705,0.045777034
22.619999,25.08618,0.6592364,-0.114105515
22.64,39.508022,1.6206378,0.045777034
22.66,34.700745,0.6592364,-0.114105515
22.68,-18.179356,-0.30216488,-0.114105515
22.699999,20.278896,-0.62263197,-0.114105515
22.72,-3.7575107,-1.7442669,-0.4338706
22.74,-13.372073,-0.7828655,-0.4338706
22.76,-18.179356,-1.1033326,-0.2739881
22.779999,169.30463,4.6650753,-0.2739881
22.8,-3.7575107,0.17853576,-0.2739881
22.82,-13.372073,-1.1033326,-0.114105515
22.84,44.315308,1.9411048,-0.114105515
22.859999,-282.57983,-5.910339,0.045777034
22.88,10.664334,0.49900287,0.045777034
22.9,10.664334,0.33876932,-0.114105515
22.92,-13.372073,0.49900287,-0.114105515
22.939999,-181.62692,-3.026135,0.20565958
22.96,20.278896,0.6592364,0.20565958
22.98,-22.986637,-0.46239844,0.20565958
23.0,53.92987,2.1013381,0.045777034
23.019999,-123.93955,-0.7828655,-0.2739881
23.039999,20.278896,0.6592364,-0.2739881
23.06,-85.48129,-2.5454345,-0.114105515
23.08,15.471616,0.33876932,0.5254247
23.1,-3.7575107,-0.62263197,0.20565958
23.119999,-27.793919,-0.14193134,0.20565958
23.14,20.278896,0.33876932,0.20565958
23.16,-8.564792,0.17853576,-0.114105515
23.18,-8.564792,-0.30216488,-0.114105515
23.199999,20.278896,-0.30216488,0.045777034
23.22,25.08618,0.9797035,0.20565958
23.24,20.278896,0.6592364,0.045777034
23.26,15.471616,0.018302217,-0.114105515
23.279999,130.84637,3.5434403,0.045777034
23.3,-47.023045,-1.9045002,-0.114105515
23.32,1.049771,0.49900287,0.36554214
23.34,-22.986637,0.018302217,0.36554214
23.359999,-109.5177,0.17853576,0.20565958
23.38,-8.564792,-0.30216488,-0.2739881
23.4,39.508022,1.3001705,-0.2739881
23.42,5.857053,0.6592364,0.045777034
23.439999,-215.2779,-4.948938,-0.59375316
23.46,-13.372073,-1.2635663,-0.114105515
23.48,53.92987,1.7808713,-0.114105515
23.5,-37.40848,-1.4237996,0.36554214
23.519999,53.92987,3.0627398,-0.114105515
23.539999,-27.793919,0.33876932,-0.114105515
23.56,1.049771,-0.46239844,-0.114105515
23.58,63.54443,0.9797035,-0.2739881
23.6,29.893461,0.33876932,-0.114105515
23.619999,-3.7575107,-0.30216488,-0.2739881
23.64,44.315308,0.81947,-0.59375316
23.66,1.049771,-0.30216488,0.045777034
23.68,10.664334,0.33876932,-0.114105515
23.699999,-22.986637,-0.9430991,0.20565958
23.72,53.92987,1.139937,0.20565958
23.74,-37.40848,-1.4237996,-0.2739881
23.76,-27.793919,-0.7828655,-0.114105515
23.779999,106.80997,1.4604042,0.5254247
23.8,10.664334,0.33876932,-0.114105515
23.82,15.471616,1.139937,0.045777034
23.84,15.471616,0.49900287,-0.4338706
23.859999,73.159,3.7036738,0.20565958
23.88,-8.564792,0.018302217,-0.114105515
23.9,-13.372073,-0.30216488,0.045777034
23.92,1.049771,-0.30216488,-0.114105515
23.939999,-224.89246,-5.2694044,-0.4338706
23.96,15.471616,-0.30216488,0.045777034
23.98,-13.372073,-0.30216488,-0.114105515
24.0,5.857053,-0.30216488,-0.114105515
24.019999,58.737152,1.7808713,-0.2739881
24.039999,5.857053,0.6592364,-0.114105515
24.06,5.857053,0.17853576,-0.2739881
24.08,-22.986637,-0.30216488,-0.59375316
24.1,20.278896,0.49900287,-0.2739881
24.119999,1.049771,0.17853576,0.20565958
24.14,5.857053,0.33876932,-0.114105515
24.16,-3.7575107,-0.14193134,0.045777034
24.18,63.54443,2.261572,-0.114105515
24.199999,-42.215763,-0.7828655,-0.114105515
24.22,-18.179356,-0.30216488,0.045777034
24.24,-13.372073,-0.46239844,-0.114105515
24.26,-22.986637,-0.7828655,0.20565958
24.279999,73.159,0.33876932,0.045777034
24.3,-8.564792,-0.46239844,-0.114105515
24.32,20.278896,0.49900287,-0.4338706
24.34,20.278896,0.33876932,0.20565958
24.359999,222.18472,5.6264763,0.36554214
24.38,25.08618,0.6592364,0.045777034
24.4,-18.179356,-0.62263197,-0.114105515
24.42,-22.986637,-0.46239844,0.20565958
24.439999,-272.96527,-7.5126743,-0.4338706
24.46,25.08618,0.49900287,-0.4338706
24.48,39.508022,1.139937,-0.2739881
24.5,15.471616,0.17853576,0.20565958
24.519999,92.38812,2.4218054,0.36554214
24.539999,34.700745,0.9797035,-0.2739881
24.56,20.278896,0.9797035,0.20565958
24.58,-18.179356,-0.7828655,-0.114105515
24.6,-3.7575107,-0.62263197,0.045777034
24.619999,-8.564792,1.139937,0.20565958
24.64,20.278896,-0.30216488,0.045777034
24.66,1.049771,-0.14193134,-0.2739881
24.68,10.664334,1.3001705,0.20565958
24.699999,-22.986637,0.018302217,0.36554214
24.72,53.92987,1.9411048,-0.2739881
24.74,15.471616,0.17853576,-0.114105515
24.76,44.315308,1.6206378,0.045777034
24.779999,44.315308,0.81947,0.36554214
24.8,-13.372073,-0.46239844,0.045777034
24.82,-18.179356,-0.30216488,0.045777034
24.84,5.857053,-0.46239844,0.045777034
24.859999,140.46094,1.7808713,0.5254247
24.88,-3.7575107,-0.14193134,0.045777034
24.9,29.893461,0.6592364,0.20565958
24.92,-18.179356,-0.46239844,0.045777034
24.939999,-272.96527,-8.313842,-0.2739881
24.96,10.664334,0.49900287,-0.114105515
24.98,-13.372073,-0.7828655,-0.114105515
25.0,25.08618,0.81947,0.045777034
25.019999,63.54443,1.4604042,-0.114105515
25.039999,29.893461,0.17853576,-0.4338706
25.06,68.35171,2.261572,-0.114105515
25.08,10.664334,0.17853576,-0.114105515
25.1,-32.6012,-1.4237996,0.045777034
25.119999,-22.986637,-0.9430991,-0.114105515
25.14,-32.6012,-1.4237996,0.20565958
25.16,-3.7575107,-0.14193134,0.36554214
25.18,5.857053,0.49900287,0.36554214
25.199999,20.278896,0.6592364,0.20565958
25.22,20.278896,0.17853576,0.36554214
25.24,-3.7575107,-0.62263197,0.045777034
25.26,5.857053,0.17853576,0.045777034
25.279999,68.35171,0.33876932,-0.114105515
25.3,-13.372073,-0.14193134,-0.114105515
25.32,-8.564792,-0.30216488,0.20565958
25.34,29.893461,0.6592364,-0.114105515
25.359999,-147.97597,-3.6670694,0.20565958
25.38,15.471616,0.6592364,0.045777034
25.4,1.049771,0.018302217,0.20565958
25.42,29.893461,1.3001705,0.20565958
25.439999,-99.903145,-3.827303,0.045777034
25.46,-13.372073,-0.14193134,0.20565958
25.48,25.08618,0.9797035,-0.2739881
25.5,68.35171,1.6206378,-0.114105515
25.519999,15.471616,0.6592364,-0.114105515
25.539999,20.278896,0.17853576,-0.114105515
25.56,-22.986637,-0.62263197,0.045777034
25.58,15.471616,-0.14193134,0.045777034
25.599998,-18.179356,0.17853576,0.20565958
25.619999,82.77356,3.0627398,0.5254247
25.64,1.049771,-0.14193134,-0.2739881
25.66,-66.25217,-1.7442669,0.20565958
25.68,5.857053,-0.9430991,-0.2739881
25.699999,53.92987,0.9797035,-0.114105515
25.72,15.471616,0.6592364,-0.114105515
25.74,25.08618,0.49900287,-0.4338706
25.76,-3.7575107,0.49900287,-0.114105515
25.779999,-37.40848,-3.026135,-0.4338706
25.8,-37.40848,-0.9430991,0.045777034
25.82,25.08618,0.9797035,0.20565958
25.84,10.664334,-0.30216488,-0.114105515
25.859999,-66.25217,-2.0647337,-0.2739881
25.88,-8.564792,0.33876932,0.5254247
25.9,-13.372073,0.33876932,0.20565958
25.92,15.471616,0.9797035,0.68530726
25.939999,-18.179356,-1.4237996,0.045777034
25.96,-27.793919,-1.4237996,0.045777034
25.98,1.049771,-0.30216488,0.20565958
26.0,-22.986637,-0.62263197,0.20565958
26.019999,-32.6012,-1.1033326,0.045777034
26.039999,29.893461,0.33876932,0.045777034
26.06,-8.564792,-0.14193134,0.5254247
26.08,-32.6012,-1.4237996,-0.114105515
26.099998,-27.793919,-0.46239844,0.20565958
26.119999,-13.372073,0.17853576,0.20565958
26.14,-3.7575107,0.33876932,0.045777034
26.16,-51.830326,-0.7828655,-0.114105515
26.18,1.049771,0.018302217,0.045777034
26.199999,25.08618,1.4604042,0.20565958
26.22,-37.40848,0.17853576,0.36554214
26.24,-3.7575107,0.018302217,0.045777034
26.26,-8.564792,-0.9430991,0.045777034
26.279999,-123.93955,-3.9875362,-0.2739881
26.3,-32.6012,-0.62263197,0.20565958
26.32,-22.986637,-0.62263197,0.045777034
26.34,20.278896,0.6592364,-0.114105515
26.359999,5.857053,1.139937,0.045777034
26.38,10.664334,0.49900287,0.045777034
26.4,5.857053,-0.46239844,-0.114105515
26.42,-8.564792,-0.14193134,0.045777034
26.439999,-27.793919,-1.4237996,0.20565958
26.46,29.893461,0.6592364,-0.114105515
26.48,58.737152,1.6206378,0.20565958
26.5,-3.7575107,-0.62263197,0.045777034
26.519999,1.049771,-0.14193134,0.20565958
26.539999,-95.09586,-3.1863687,-0.2739881
26.56,-13.372073,-0.30216488,0.36554214
26.58,1.049771,0.17853576,0.045777034
26.599998,25.08618,1.3001705,0.045777034
26.619999,1.049771,0.49900287,0.20565958
26.64,1.049771,0.018302217,-0.114105515
26.66,-8.564792,-0.7828655,0.045777034
26.68,-13.372073,0.17853576,0.045777034
26.699999,-8.564792,0.33876932,0.045777034
26.72,5.857053,-0.9430991,-0.114105515
26.74,1.049771,0.018302217,0.20565958
26.76,-18.179356,0.018302217,-0.114105515
26.779999,-32.6012,-2.2249672,0.20565958
26.8,1.049771,-0.14193134,-0.2739881
26.82,10.664334,-0.14193134,-0.59375316
26.84,15.471616,0.33876932,-0.2739881
26.859999,1.049771,0.17853576,-0.114105515
26.88,10.664334,0.33876932,0.20565958
26.9,-27.793919,-0.30216488,0.20565958
26.92,-13.372073,-0.14193134,0.045777034
26.939999,10.664334,0.81947,-0.114105515
26.96,53.92987,1.6206378,0.045777034
26.98,44.315308,0.33876932,0.36554214
27.0,-22.986637,-0.62263197,0.20565958
27.019999,-8.564792,-0.30216488,-0.2739881
27.039999,29.893461,1.7808713,0.045777034
27.06,5.857053,-0.30216488,0.20565958
27.08,5.857053,0.49900287,-0.114105515
27.099998,39.508022,0.33876932,-0.2739881
27.119999,53.92987,0.9797035,-0.114105515
27.14,-8.564792,-0.46239844,-0.4338706
27.16,25.08618,1.139937,-0.114105515
27.18,-42.215763,-0.62263197,0.045777034
27.199999,-13.372073,0.018302217,-0.114105515
27.22,92.38812,2.5820389,-0.4338706
27.24,20.278896,0.49900287,0.045777034
27.26,-18.179356,-0.46239844,0.20565958
27.279999,-32.6012,-0.9430991,0.20565958
27.3,29.893461,0.81947,-0.2739881
27.32,-51.830326,-1.4237996,-0.2739881
27.34,20.278896,0.018302217,-0.4338706
27.359999,20.278896,0.018302217,0.045777034
27.38,20.278896,0.49900287,-0.4338706
27.4,-13.372073,-0.30216488,-0.114105515
27.42,5.857053,0.9797035,0.045777034
27.439999,34.700745,0.81947,0.045777034
27.46,25.08618,0.33876932,-0.114105515
27.48,10.664334,0.33876932,-0.114105515
27.5,68.35171,1.6206378,-0.114105515
27.519999,10.664334,-0.14193134,0.045777034
27.539999,25.08618,0.17853576,0.045777034
27.56,1.049771,-1.1033326,0.045777034
27.58,1.049771,0.018302217,-0.2739881
27.599998,-22.986637,-1.5840333,-0.59375316
27.619999,5.857053,-0.14193134,-0.114105515
27.64,5.857053,-0.14193134,-0.2739881
27.66,39.508022,0.6592364,-0.114105515
27.68,5.857053,0.018302217,-0.4338706
27.699999,-13.372073,-0.46239844,-0.2739881
27.72,49.122585,1.4604042,-0.114105515
27.74,25.08618,0.9797035,0.36554214
27.76,-8.564792,-0.14193134,-0.114105515
27.779999,-22.986637,-0.30216488,0.045777034
27.8,5.857053,0.49900287,0.20565958
27.82,15.471616,0.49900287,0.045777034
27.84,25.08618,-0.14193134,0.045777034
27.859999,-8.564792,-0.46239844,-0.2739881
27.88,1.049771,0.17853576,0.045777034
27.9,-3.7575107,-0.30216488,-0.114105515
27.92,1.049771,-0.14193134,-0.2739881
27.939999,-3.7575107,-0.30216488,-0.2739881
27.96,15.471616,0.49900287,0.045777034
27.98,-3.7575107,-0.62263197,0.20565958
28.0,20.278896,0.17853576,-0.2739881
28.019999,39.508022,0.9797035,-0.114105515
28.039999,-8.564792,-1.1033326,-0.2739881
28.06,15.471616,0.33876932,-0.114105515
28.08,1.049771,-0.30216488,0.045777034
28.099998,5.857053,-0.14193134,0.045777034
28.119999,-8.564792,-0.14193134,0.045777034
28.14,-13.372073,-0.7828655,-0.114105515
28.16,20.278896,0.6592364,0.045777034
28.18,10.664334,-0.30216488,0.20565958
28.199999,49.122585,0.6592364,-0.2739881
28.22,20.278896,0.33876932,0.045777034
28.24,20.278896,0.81947,-0.59375316
28.26,-51.830326,-0.7828655,-0.114105515
28.279999,10.664334,0.33876932,-0.2739881
28.3,-22.986637,-0.14193134,0.045777034
28.32,-27.793919,-0.30216488,0.045777034
28.34,34.700745,1.139937,0.20565958
28.359999,34.700745,0.49900287,0.045777034
28.38,39.508022,1.139937,-0.2739881
28.4,-8.564792,-0.46239844,-0.4338706
28.42,15.471616,1.139937,-0.2739881
28.439999,49.122585,1.4604042,-0.114105515
28.46,-8.564792,0.018302217,0.045777034
28.48,-18.179356,0.17853576,0.045777034
28.5,5.857053,0.33876932,-0.4338706
28.519999,20.278896,0.6592364,-0.2739881
28.539999,29.893461,0.9797035,-0.114105515
28.56,44.315308,1.139937,-0.2739881
28.58,34.700745,-0.30216488,0.045777034
28.599998,15.471616,0.17853576,-0.114105515
28.619999,15.471616,0.33876932,-0.114105515
28.64,15.471616,0.49900287,-0.2739881
28.66,29.893461,0.49900287,0.20565958
28.68,-27.793919,-0.9430991,-0.114105515
28.699999,20.278896,0.6592364,-0.4338706
28.72,-27.793919,-1.1033326,-0.114105515
28.74,-8.564792,-1.1033326,-0.114105515
28.76,-32.6012,-0.30216488,-0.114105515
28.779999,-3.7575107,0.17853576,-0.2739881
28.8,-18.179356,-0.30216488,-0.114105515
28.82,1.049771,-0.46239844,-0.114105515
28.84,1.049771,-0.14193134,-0.114105515
28.859999,10.664334,-0.62263197,-0.2739881
28.88,10.664334,0.17853576,0.045777034
28.9,58.737152,2.1013381,0.20565958
28.92,-13.372073,-1.1033326,0.045777034
28.939999,10.664334,0.17853576,-0.114105515
28.96,20.278896,1.3001705,-0.114105515
28.98,1.049771,0.018302217,-0.114105515
29.0,5.857053,-0.46239844,0.20565958
29.019999,-61.44489,-2.385201,-0.114105515
29.039999,1.049771,-0.30216488,-0.4338706
29.06,5.857053,-0.62263197,-0.114105515
29.08,39.508022,0.17853576,0.045777034
29.099998,49.122585,1.7808713,0.045777034
29.119999,82.77356,3.0627398,-0.2739881
29.14,29.893461,0.6592364,-0.2739881
29.16,-3.7575107,-0.14193134,-0.4338706
29.179998,10.664334,-0.14193134,0.045777034
29.199999,25.08618,-0.30216488,0.20565958
29.22,73.159,2.261572,-0.2739881
29.24,10.664334,0.17853576,-0.114105515
29.26,58.737152,1.6206378,-0.4338706
29.279999,-3.7575107,0.49900287,-0.4338706
29.3,5.857053,-0.14193134,-0.2739881
29.32,-22.986637,-0.9430991,-0.114105515
29.34,87.58084,2.5820389,-0.114105515
29.359999,-22.986637,-0.14193134,-0.2739881
29.38,1.049771,-0.30216488,0.045777034
29.4,29.893461,1.4604042,0.045777034
29.42,29.893461,0.81947,-0.114105515
29.439999,5.857053,0.17853576,0.045777034
29.46,34.700745,1.139937,0.20565958
29.48,-13.372073,-0.46239844,0.045777034
29.5,-3.7575107,0.49900287,-0.114105515
29.519999,29.893461,1.4604042,-0.114105515
29.539999,-32.6012,-0.62263197,0.20565958
29.56,25.08618,0.6592364,0.36554214
29.58,20.278896,0.33876932,-0.114105515
29.599998,-27.793919,-0.7828655,0.20565958
29.619999,1.049771,-0.9430991,-0.4338706
29.64,20.278896,0.6592364,0.20565958
29.66,-22.986637,-0.14193134,0.20565958
29.679998,-22.986637,-1.2635663,0.045777034
29.699999,25.08618,0.9797035,-0.114105515
29.72,-51.830326,-1.7442669,0.045777034
29.74,-51.830326,-1.1033326,0.045777034
29.76,-32.6012,-0.62263197,0.20565958
29.779999,10.664334,0.81947,-0.114105515
29.8,10.664334,0.33876932,-0.114105515
29.82,15.471616,0.49900287,0.20565958
29.84,1.049771,0.018302217,0.045777034
29.859999,15.471616,-0.14193134,0.045777034
29.88,-13.372073,-0.7828655,-0.114105515
29.9,-47.023045,-1.1033326,-0.114105515
29.92,-37.40848,-1.4237996,0.5254247
29.939999,140.46094,4.184375,0.045777034
29.96,20.278896,1.139937,-0.4338706
29.98,44.315308,1.3001705,-0.2739881
30.0,20.278896,0.49900287,0.045777034
30.019999,-37.40848,0.018302217,-0.114105515
30.039999,-47.023045,-1.4237996,-0.114105515
30.06,5.857053,-0.9430991,-0.114105515
30.08,-27.793919,-0.30216488,-0.114105515
30.099998,1.049771,0.6592364,0.20565958
30.119999,-18.179356,-0.9430991,-0.4338706
30.14,-8.564792,0.9797035,-0.114105515
30.16,68.35171,0.9797035,0.045777034
30.179998,39.508022,0.81947,0.045777034
30.199999,44.315308,0.9797035,0.045777034
30.22,1.049771,-0.46239844,-0.114105515
30.24,1.049771,0.49900287,0.045777034
30.26,63.54443,0.9797035,-0.59375316
30.279999,20.278896,0.81947,-0.114105515
30.3,-22.986637,-0.9430991,-0.2739881
30.32,92.38812,3.0627398,-0.114105515
30.34,25.08618,0.6592364,-0.114105515
30.359999,5.857053,0.17853576,-0.2739881
30.38,29.893461,0.81947,-0.4338706
30.4,25.08618,0.49900287,-0.2739881
30.42,15.471616,-0.14193134,-0.4338706
30.439999,188.53375,6.4276443,-0.4338706
30.46,-8.564792,0.81947,0.045777034
30.48,15.471616,0.17853576,0.20565958
30.5,20.278896,0.9797035,-0.114105515
30.519999,87.58084,2.1013381,-0.4338706
30.539999,25.08618,1.3001705,0.045777034
30.56,-8.564792,-0.14193134,-0.114105515
30.58,-61.44489,-1.4237996,-0.114105515
30.599998,-47.023045,-1.1033326,-0.4338706
30.619999,10.664334,0.17853576,0.045777034
30.64,29.893461,0.33876932,-0.4338706
30.66,-8.564792,-0.14193134,-0.114105515
30.679998,-3.7575107,0.018302217,-0.114105515
30.699999,-8.564792,-0.46239844,-0.2739881
30.72,5.857053,-0.14193134,-0.4338706
30.74,25.08618,0.81947,-0.114105515
30.76,68.35171,2.1013381,0.20565958
30.779999,1.049771,0.33876932,0.045777034
30.8,44.315308,0.81947,-0.114105515
30.82,49.122585,1.3001705,0.045777034
30.84,-3.7575107,-1.1033326,0.045777034
30.859999,34.700745,0.17853576,-0.2739881
30.88,5.857053,0.81947,-0.114105515
30.9,10.664334,0.6592364,-0.2739881
30.92,-3.7575107,0.17853576,0.045777034
30.939999,188.53375,7.0685787,-0.2739881
30.96,-18.179356,-0.7828655,0.20565958
30.98,1.049771,-0.46239844,-0.59375316
31.0,10.664334,-0.14193134,-0.114105515
31.019999,15.471616,-0.14193134,-0.59375316
31.039999,-8.564792,-0.14193134,0.045777034
31.06,10.664334,0.49900287,-0.114105515
31.08,-8.564792,0.17853576,-0.2739881
31.099998,-51.830326,-1.1033326,0.20565958
31.119999,44.315308,1.4604042,-0.114105515
31.14,-8.564792,-0.30216488,-0.114105515
31.16,29.893461,0.9797035,-0.4338706
31.179998,20.278896,0.17853576,-0.2739881
31.199999,-75.86674,-2.0647337,-0.2739881
31.22,-3.7575107,-0.46239844,-0.59375316
31.24,15.471616,1.139937,0.045777034
31.26,29.893461,0.49900287,-0.114105515
31.279999,-47.023045,-0.14193134,0.20565958
31.3,-32.6012,-0.30216488,-0.114105515
31.32,34.700745,0.33876932,-0.114105515
31.34,-8.564792,-0.30216488,0.045777034
31.359999,10.664334,-0.62263197,-0.59375316
31.38,10.664334,-0.46239844,0.20565958
31.4,5.857053,0.6592364,-0.2739881
31.42,15.471616,0.17853576,-0.4338706
31.439999,44.315308,3.3832066,-0.2739881
31.46,5.857053,0.17853576,-0.114105515
31.48,-8.564792,-0.30216488,-0.114105515
31.5,82.77356,2.4218054,0.045777034
31.519999,-18.179356,0.49900287,-0.2739881
31.539999,10.664334,0.018302217,-0.2739881
31.56,25.08618,0.81947,0.045777034
31.58,29.893461,0.81947,-0.2739881
31.599998,-99.903145,-2.5454345,0.36554214
31.619999,15.471616,0.6592364,-0.2739881
31.64,-32.6012,-1.4237996,-0.114105515
31.66,1.049771,0.17853576,-0.2739881
31.679998,58.737152,1.7808713,-0.2739881
31.699999,34.700745,0.81947,0.045777034
31.72,25.08618,0.9797035,-0.114105515
31.74,44.315308,0.9797035,0.20565958
31.76,-8.564792,0.17853576,-0.114105515
31.779999,68.35171,2.902506,0.045777034
31.8,63.54443,1.9411048,-0.2739881
31.82,29.893461,0.81947,0.045777034
31.84,-3.7575107,-0.46239844,-0.114105515
31.859999,20.278896,-1.1033326,-0.4338706
31.88,25.08618,0.81947,-0.114105515
31.9,20.278896,0.33876932,0.20565958
31.92,-18.179356,-0.7828655,-0.2739881
31.939999,15.471616,3.3832066,-0.114105515
31.96,-22.986637,-0.9430991,-0.2739881
31.98,-3.7575107,0.018302217,-0.114105515
32.0,25.08618,0.6592364,-0.4338706
32.02,-32.6012,-0.62263197,0.20565958
32.04,1.049771,-1.1033326,-0.114105515
32.059998,25.08618,0.33876932,-0.114105515
32.079998,20.278896,0.17853576,0.045777034
32.1,-90.288574,-1.4237996,0.36554214
32.12,1.049771,0.33876932,-0.114105515
32.14,44.315308,0.33876932,0.20565958
32.16,-3.7575107,-0.14193134,-0.114105515
32.18,10.664334,0.33876932,-0.114105515
32.2,-3.7575107,-0.14193134,-0.114105515
32.219997,20.278896,0.6592364,0.045777034
32.239998,53.92987,1.139937,-0.114105515
32.26,44.315308,1.3001705,-0.2739881
32.28,68.35171,1.6206378,0.045777034
32.3,-13.372073,-0.62263197,-0.2739881
32.32,15.471616,0.33876932,0.20565958
32.34,1.049771,0.33876932,-0.114105515
32.36,-47.023045,-1.4237996,-0.4338706
32.38,29.893461,-0.14193134,-0.114105515
32.399998,-13.372073,-0.62263197,-0.114105515
32.42,1.049771,0.6592364,0.045777034
32.44,-104.71042,-0.62263197,0.045777034
32.46,-8.564792,-0.7828655,-0.2739881
32.48,15.471616,-0.14193134,0.045777034
32.5,15.471616,0.49900287,0.045777034
32.52,106.80997,4.184375,0.20565958
32.54,20.278896,0.9797035,0.045777034
32.559998,10.664334,0.6592364,-0.114105515
32.579998,-3.7575107,-0.30216488,-0.114105515
32.6,-61.44489,-0.30216488,0.68530726
32.62,-32.6012,-0.46239844,0.20565958
32.64,73.159,1.7808713,-0.4338706
32.66,-13.372073,0.6592364,0.045777034
32.68,-47.023045,-1.1033326,-0.4338706
32.7,-13.372073,-1.9045002,0.045777034
32.719997,25.08618,0.33876932,-0.114105515
32.739998,44.315308,0.9797035,-0.2739881
32.76,-8.564792,-0.30216488,0.5254247
32.78,58.737152,0.81947,0.20565958
32.8,15.471616,0.17853576,0.045777034
32.82,-27.793919,-0.14193134,-0.2739881
32.84,-32.6012,-0.9430991,-0.2739881
32.86,-85.48129,-1.2635663,0.36554214
32.88,-56.637608,-1.5840333,0.36554214
32.899998,-13.372073,-0.30216488,-0.2739881
32.92,49.122585,1.3001705,-0.2739881
32.94,-172.01237,-2.7056682,0.5254247
32.96,-8.564792,-0.46239844,0.20565958
32.98,-18.179356,-0.14193134,0.36554214
33.0,58.737152,1.9411048,-0.114105515
33.02,130.84637,4.504842,0.5254247
33.04,-8.564792,-0.14193134,0.5254247
33.059998,-3.7575107,0.018302217,0.20565958
33.079998,-8.564792,-0.9430991,0.36554214
33.1,-85.48129,-0.14193134,0.68530726
33.12,1.049771,0.33876932,0.045777034
33.14,5.857053,0.17853576,0.36554214
33.16,5.857053,0.17853576,0.20565958
33.18,-32.6012,-1.2635663,0.045777034
33.2,5.857053,-0.14193134,-0.114105515
33.219997,-32.6012,-1.9045002,0.36554214
33.239998,-13.372073,-0.30216488,0.045777034
33.26,1.049771,0.33876932,0.20565958
33.28,73.159,1.139937,-0.114105515
33.3,-8.564792,0.17853576,0.36554214
33.32,-27.793919,-0.62263197,0.36554214
33.34,25.08618,1.3001705,0.045777034
33.36,-56.637608,-0.9430991,0.045777034
33.38,25.08618,0.49900287,-0.114105515
33.399998,-27.793919,-0.9430991,-0.114105515
33.42,34.700745,0.6592364,0.20565958
33.44,-287.38712,-6.5512733,0.36554214
33.46,10.664334,0.17853576,0.36554214
33.48,10.664334,0.6592364,-0.114105515
33.5,-32.6012,-2.385201,0.20565958
33.52,265.45026,6.4276443,-0.114105515
33.54,-66.25217,-1.1033326,0.045777034
33.559998,34.700745,0.81947,0.045777034
33.579998,-61.44489,-1.7442669,-0.114105515
33.6,29.893461,2.7422726,0.8451898
33.62,10.664334,2.1013381,0.36554214
33.64,1.049771,0.17853576,0.20565958
33.66,-8.564792,-0.46239844,0.20565958
33.68,-27.793919,-0.46239844,-0.114105515
33.7,20.278896,0.6592364,0.045777034
33.719997,-3.7575107,0.018302217,-0.114105515
33.739998,-61.44489,-2.0647337,-0.4338706
33.76,39.508022,0.9797035,-0.114105515
33.78,20.278896,-0.14193134,0.045777034
33.8,25.08618,0.17853576,0.20565958
33.82,-3.7575107,0.018302217,-0.2739881
33.84,-32.6012,-0.30216488,0.36554214
33.86,-8.564792,1.139937,0.045777034
33.88,-32.6012,-0.62263197,-0.114105515
33.899998,-18.179356,-0.62263197,0.20565958
33.92,10.664334,-0.46239844,-0.4338706
33.94,-234.50702,-4.7887044,0.5254247
33.96,5.857053,-0.62263197,-0.2739881
33.98,25.08618,0.49900287,-0.2739881
34.0,-22.986637,-0.7828655,0.045777034
34.02,159.69006,1.4604042,-0.59375316
34.04,-8.564792,0.17853576,-0.114105515
34.059998,1.049771,-0.46239844,0.045777034
34.079998,-61.44489,-2.2249672,-0.114105515
34.1,-18.179356,0.9797035,-0.114105515
34.12,-3.7575107,0.17853576,-0.59375316
34.14,25.08618,0.018302217,-0.114105515
34.16,15.471616,0.49900287,0.045777034
34.18,10.664334,0.6592364,0.045777034
34.2,25.08618,0.6592364,0.045777034
34.219997,-3.7575107,-0.46239844,-0.2739881
34.239998,-51.830326,-0.9430991,0.045777034
34.26,58.737152,1.7808713,0.20565958
34.28,20.278896,-0.7828655,-0.2739881
34.3,-22.986637,-0.14193134,-0.4338706
34.32,10.664334,0.018302217,-0.114105515
34.34,49.122585,1.139937,-0.114105515
34.36,10.664334,0.17853576,-0.2739881
34.38,-18.179356,-0.30216488,-0.114105515
34.399998,10.664334,0.17853576,-0.114105515
34.42,-32.6012,-0.62263197,0.20565958
34.44,-282.57983,-7.833141,0.68530726
34.46,-13.372073,-0.7828655,-0.2739881
34.48,25.08618,1.4604042,-0.59375316
34.5,-8.564792,-0.62263197,-0.2739881
34.52,-80.67402,-3.9875362,-0.2739881
34.54,1.049771,-0.7828655,0.045777034
34.559998,10.664334,0.33876932,-0.4338706
34.579998,-8.564792,-0.14193134,-0.114105515
34.6,25.08618,1.3001705,0.36554214
34.62,-66.25217,-1.5840333,0.045777034
34.64,-42.215763,-1.5840333,0.045777034
34.66,-37.40848,-1.2635663,-0.2739881
34.68,-27.793919,-1.4237996,-0.4338706
34.7,-3.7575107,-0.7828655,-0.114105515
34.719997,-3.7575107,-0.14193134,-0.114105515
34.739998,1.049771,0.17853576,-0.114105515
34.76,-37.40848,-1.4237996,-0.2739881
34.78,25.08618,-0.62263197,-0.2739881
34.8,-27.793919,-0.30216488,-0.114105515
34.82,58.737152,2.4218054,0.045777034
34.84,25.08618,0.81947,-0.2739881
34.86,25.08618,1.139937,-0.114105515
34.88,-22.986637,-1.1033326,-0.2739881
34.899998,-18.179356,0.018302217,0.045777034
34.92,-22.986637,-0.30216488,-0.114105515
34.94,-215.2779,-6.230806,0.20565958
34.96,5.857053,-0.30216488,0.045777034
34.98,5.857053,-0.30216488,-0.114105515
35.0,-18.179356,-1.5840333,-0.2739881
35.02,-239.31432,-6.0705724,0.045777034
35.04,34.700745,0.6592364,-0.2739881
35.059998,44.315308,0.9797035,-0.2739881
35.079998,-22.986637,-0.9430991,0.045777034
35.1,73.159,1.7808713,0.045777034
35.12,10.664334,0.81947,-0.114105515
35.14,-27.793919,-1.1033326,-0.4338706
35.16,-8.564792,-1.1033326,-0.2739881
35.18,-3.7575107,-0.14193134,-0.114105515
35.2,29.893461,0.81947,0.045777034
35.219997,-32.6012,-1.4237996,-0.114105515
35.239998,20.278896,0.33876932,-0.114105515
35.26,-47.023045,-2.0647337,-0.2739881
35.28,-13.372073,-1.1033326,-0.114105515
35.3,-32.6012,-0.46239844,-0.114105515
35.32,10.664334,-0.62263197,-0.2739881
35.34,15.471616,0.49900287,-0.114105515
35.36,-8.564792,-0.14193134,-0.4338706
35.38,-22.986637,-0.7828655,-0.114105515
35.399998,5.857053,-0.30216488,-0.4338706
35.42,1.049771,0.49900287,0.045777034
35.44,-186.4342,-6.8717403,0.36554214
35.46,34.700745,1.139937,0.20565958
35.48,10.664334,0.17853576,0.045777034
35.5,-13.372073,-0.9430991,-0.59375316
35.52,-114.32499,-1.5840333,0.5254247
35.54,-18.179356,-0.9430991,-0.2739881
35.559998,-3.7575107,-0.62263197,-0.114105515
35.579998,-32.6012,-0.62263197,-0.2739881
35.6,34.700745,1.139937,0.045777034
35.62,-3.7575107,-0.30216488,-0.114105515
35.64,-75.86674,-2.0647337,0.36554214
35.66,-3.7575107,-0.14193134,-0.2739881
35.68,10.664334,0.17853576,0.20565958
35.7,10.664334,0.018302217,-0.2739881
35.719997,-37.40848,-0.9430991,0.045777034
35.739998,1.049771,-0.30216488,-0.114105515
35.76,-3.7575107,-0.30216488,0.045777034
35.78,29.893461,-0.46239844,-0.4338706
35.8,-32.6012,-0.30216488,0.045777034
35.82,-8.564792,-0.14193134,-0.114105515
35.84,-8.564792,0.018302217,-0.114105515
35.86,-13.372073,0.018302217,-0.2739881
35.88,49.122585,0.81947,-0.2739881
35.899998,-22.986637,-0.30216488,0.20565958
35.92,-8.564792,-0.62263197,-0.114105515
35.94,-75.86674,-2.2249672,-0.114105515
35.96,29.893461,1.3001705,-0.2739881
35.98,10.664334,0.018302217,0.20565958
36.0,-13.372073,-1.1033326,-0.2739881
36.02,-22.986637,-0.30216488,0.045777034
36.04,-8.564792,-0.7828655,0.045777034
36.059998,25.08618,1.139937,-0.114105515
36.079998,68.35171,1.6206378,0.045777034
36.1,44.315308,1.3001705,0.20565958
36.12,10.664334,0.018302217,0.045777034
36.14,10.664334,0.33876932,-0.4338706
36.16,1.049771,0.018302217,-0.114105515
36.18,-3.7575107,-0.30216488,-0.114105515
36.2,20.278896,1.139937,0.68530726
36.219997,5.857053,-0.46239844,-0.114105515
36.239998,20.278896,0.9797035,0.045777034
36.26,-18.179356,-1.1033326,0.36554214
36.28,-22.986637,-1.5840333,-0.4338706
36.3,39.508022,1.7808713,0.045777034
36.32,1.049771,-0.14193134,-0.2739881
36.34,5.857053,-0.46239844,-0.2739881
36.36,92.38812,1.9411048,-0.114105515
36.38,-8.564792,-0.30216488,-0.114105515
36.399998,10.664334,1.139937,-0.114105515
36.42,-13.372073,0.17853576,-0.114105515
36.44,-27.793919,-0.14193134,-0.114105515
36.46,-27.793919,-1.4237996,-0.114105515
36.48,-18.179356,-1.2635663,-0.114105515
36.5,10.664334,0.6592364,-0.114105515
36.52,1.049771,-0.46239844,0.045777034
36.54,-42.215763,-1.4237996,0.045777034
36.559998,1.049771,-0.14193134,0.045777034
36.579998,25.08618,0.9797035,0.20565958
36.6,44.315308,0.6592364,0.045777034
36.62,25.08618,0.81947,0.045777034
36.64,-3.7575107,0.81947,0.5254247
36.66,-32.6012,-0.30216488,0.36554214
36.68,53.92987,1.139937,-0.114105515
36.7,-8.564792,0.33876932,0.045777034
36.719997,34.700745,0.6592364,0.20565958
36.739998,-37.40848,-1.4237996,0.20565958
36.76,-22.986637,-0.7828655,0.045777034
36.78,20.278896,0.018302217,-0.114105515
36.8,-32.6012,-1.9045002,0.045777034
36.82,-13.372073,-0.7828655,-0.2739881
36.84,-56.637608,-1.4237996,0.045777034
36.86,20.278896,0.17853576,-0.114105515
36.88,-51.830326,-2.0647337,0.045777034
36.899998,5.857053,-0.30216488,0.045777034
36.92,-32.6012,-0.62263197,0.045777034
36.94,1.049771,-0.46239844,0.045777034
36.96,1.049771,-0.14193134,0.20565958
36.98,10.664334,-0.14193134,0.045777034
37.0,1.049771,0.018302217,0.045777034
37.02,-42.215763,-2.385201,-0.114105515
37.04,-3.7575107,0.49900287,-0.2739881
37.059998,44.315308,0.6592364,-0.4338706
37.079998,25.08618,0.81947,-0.2739881
37.1,73.159,1.9411048,-0.114105515
37.12,73.159,2.261572,-0.114105515
37.14,5.857053,-0.30216488,-0.59375316
37.16,44.315308,1.4604042,-0.4338706
37.18,73.159,2.4218054,-0.2739881
37.2,20.278896,0.9797035,-0.4338706
37.219997,25.08618,1.6206378,-0.59375316
37.239998,15.471616,0.81947,-0.2739881
37.26,5.857053,0.49900287,-0.4338706
37.28,63.54443,1.3001705,-0.4338706
37.3,39.508022,1.9411048,-0.114105515
37.32,49.122585,1.7808713,-0.2739881
37.34,10.664334,0.6592364,0.20565958
37.36,15.471616,0.9797035,-0.114105515
37.38,44.315308,1.6206378,-0.114105515
37.399998,29.893461,0.81947,-0.2739881
37.42,-56.637608,-1.9045002,0.045777034
37.44,5.857053,0.9797035,-0.114105515
37.46,10.664334,0.6592364,0.045777034
37.48,39.508022,1.3001705,-0.59375316
37.5,77.96628,2.4218054,-0.114105515
37.52,-8.564792,-0.30216488,-0.4338706
37.54,29.893461,1.7808713,0.045777034
37.559998,1.049771,1.139937,0.045777034
37.579998,5.857053,0.81947,-0.114105515
37.6,-66.25217,-2.0647337,-0.4338706
37.62,49.122585,0.49900287,-0.59375316
37.64,25.08618,1.139937,-0.114105515
37.66,53.92987,1.4604042,-0.9135183
37.68,58.737152,2.261572,-0.7536357
37.7,34.700745,1.139937,-0.7536357
37.719997,-8.564792,0.6592364,-0.4338706
37.739998,39.508022,1.7808713,-0.114105515
37.76,25.08618,1.7808713,-0.114105515
37.78,15.471616,0.17853576,-0.4338706
37.8,1.049771,1.3001705,0.20565958
37.82,10.664334,0.17853576,-0.4338706
37.84,-3.7575107,0.018302217,-0.114105515
37.86,87.58084,2.902506,-0.2739881
37.879997,1.049771,0.018302217,-0.114105515
37.899998,49.122585,1.4604042,-0.4338706
37.92,-22.986637,0.17853576,-0.114105515
37.94,29.893461,0.9797035,-0.114105515
37.96,49.122585,1.7808713,-0.114105515
37.98,44.315308,0.81947,-0.114105515
38.0,77.96628,3.2229733,0.045777034
38.02,53.92987,1.9411048,0.045777034
38.04,15.471616,1.3001705,-0.2739881
38.059998,63.54443,2.261572,-0.114105515
38.079998,-18.179356,-0.30216488,-0.2739881
38.1,44.315308,0.81947,-0.114105515
38.12,34.700745,0.33876932,-0.4338706
38.14,-66.25217,-1.2635663,-0.4338706
38.16,25.08618,1.4604042,-0.4338706
38.18,34.700745,2.4218054,0.045777034
38.2,1.049771,-0.14193134,-0.114105515
38.219997,15.471616,0.49900287,-0.4338706
38.239998,1.049771,0.49900287,-0.114105515
38.26,-27.793919,0.17853576,-0.114105515
38.28,10.664334,0.33876932,-0.59375316
38.3,-27.793919,-0.62263197,-0.2739881
38.32,10.664334,0.81947,-0.4338706
38.34,15.471616,0.17853576,-0.2739881
38.36,15.471616,1.4604042,-0.4338706
38.379997,77.96628,2.902506,0.20565958
38.399998,-3.7575107,0.9797035,0.20565958
38.42,15.471616,0.9797035,-0.114105515
38.44,44.315308,1.139937,-0.2739881
38.46,-8.564792,0.6592364,-0.4338706
38.48,1.049771,-0.30216488,-0.2739881
38.5,5.857053,0.018302217,-0.114105515
38.52,-51.830326,-1.7442669,-0.2739881
38.54,-3.7575107,0.17853576,0.045777034
38.559998,49.122585,1.7808713,-0.2739881
38.579998,49.122585,1.6206378,-0.2739881
38.6,20.278896,0.81947,0.045777034
38.62,-8.564792,-0.14193134,0.20565958
38.64,10.664334,0.33876932,-0.114105515
38.66,-22.986637,0.018302217,-0.114105515
38.68,44.315308,1.4604042,-0.7536357
38.7,58.737152,1.7808713,-0.2739881
38.719997,49.122585,1.9411048,-0.114105515
38.739998,49.122585,1.9411048,0.045777034
38.76,34.700745,1.6206378,-0.114105515
38.78,-13.372073,-0.62263197,-0.59375316
38.8,25.08618,0.9797035,-0.114105515
38.82,-32.6012,-0.9430991,-0.2739881
38.84,-13.372073,0.018302217,-0.59375316
38.86,1.049771,0.018302217,-0.114105515
38.879997,29.893461,0.9797035,-0.4338706
38.899998,39.508022,1.4604042,-0.59375316
38.92,77.96628,2.4218054,-0.2739881
38.94,92.38812,1.9411048,-0.2739881
38.96,53.92987,2.5820389,0.045777034
38.98,25.08618,2.1013381,0.045777034
39.0,-13.372073,0.018302217,0.045777034
39.02,-3.7575107,0.17853576,-0.2739881
39.04,-27.793919,-0.7828655,0.045777034
39.059998,5.857053,0.33876932,-0.2739881
39.079998,20.278896,0.9797035,-0.4338706
39.1,58.737152,1.6206378,-0.59375316
39.12,53.92987,1.4604042,-0.114105515
39.14,15.471616,0.6592364,-0.4338706
39.16,34.700745,1.6206378,0.045777034
39.18,5.857053,1.7808713,-0.4338706
39.2,25.08618,1.3001705,-0.2739881
39.219997,-13.372073,0.49900287,0.045777034
39.239998,-8.564792,-0.30216488,-0.2739881
39.26,5.857053,-0.30216488,-0.4338706
39.28,-8.564792,0.9797035,-0.7536357
39.3,5.857053,1.3001705,0.045777034
39.32,15.471616,1.3001705,-0.4338706
39.34,-47.023045,-0.30216488,-0.2739881
39.36,-99.903145,-3.026135,-0.2739881
39.379997,58.737152,0.6592364,-0.4338706
39.399998,15.471616,0.9797035,0.20565958
39.42,-18.179356,0.018302217,-0.114105515
39.44,121.23181,2.7422726,-0.114105515
39.46,-8.564792,0.018302217,0.045777034
39.48,-90.288574,-2.5454345,-0.114105515
39.5,-8.564792,0.17853576,0.045777034
39.52,1.049771,-0.46239844,0.045777034
39.54,20.278896,0.81947,-0.114105515
39.559998,1.049771,-0.30216488,0.045777034
39.579998,10.664334,0.17853576,-0.114105515
39.6,15.471616,-0.14193134,0.045777034
39.62,-18.179356,-1.1033326,-0.114105515
39.64,-61.44489,-2.5454345,-0.2739881
39.66,-3.7575107,-0.62263197,0.20565958
39.68,1.049771,0.17853576,0.20565958
39.7,-8.564792,-0.14193134,-0.114105515
39.719997,25.08618,0.6592364,-0.114105515
39.739998,34.700745,0.17853576,-0.4338706
39.76,5.857053,0.33876932,0.20565958
39.78,-42.215763,-0.30216488,0.045777034
39.8,53.92987,1.6206378,-0.2739881
39.82,-8.564792,-0.46239844,-0.2739881
39.84,-3.7575107,-0.14193134,-0.2739881
39.86,-95.09586,-1.4237996,-0.114105515
39.879997,5.857053,0.49900287,-0.114105515
39.899998,-8.564792,-0.30216488,-0.114105515
39.92,5.857053,1.139937,0.20565958
39.94,145.26822,3.0627398,0.20565958
39.96,-8.564792,0.17853576,0.20565958
39.98,-42.215763,-1.4237996,0.045777034
40.0,-22.986637,-0.30216488,-0.114105515
40.02,111.61725,3.0627398,-0.114105515
40.04,15.471616,0.6592364,0.20565958
40.059998,-13.372073,-0.14193134,-0.114105515
40.079998,10.664334,0.018302217,0.045777034
40.1,-71.05945,-3.1863687,-0.114105515
40.12,10.664334,-0.14193134,0.20565958
40.14,15.471616,0.81947,-0.2739881
40.16,5.857053,-0.14193134,0.045777034
40.18,-3.7575107,-0.30216488,-0.2739881
40.2,49.122585,0.9797035,0.045777034
40.219997,121.23181,3.8639073,0.20565958
40.239998,68.35171,1.9411048,0.20565958
40.26,-8.564792,0.49900287,0.36554214
40.28,-3.7575107,0.018302217,-0.114105515
40.3,53.92987,1.9411048,0.045777034
40.32,63.54443,1.9411048,-0.114105515
40.34,49.122585,2.1013381,-0.2739881
40.36,29.893461,2.5820389,0.045777034
40.379997,-13.372073,0.49900287,-0.59375316
40.399998,-22.986637,-0.9430991,-0.2739881
40.42,1.049771,0.49900287,0.20565958
40.44,169.30463,3.2229733,-0.59375316
40.46,10.664334,0.17853576,-0.114105515
40.48,53.92987,1.4604042,-0.2739881
40.5,-18.179356,-0.30216488,-0.4338706
40.52,10.664334,-0.7828655,0.20565958
40.54,15.471616,0.9797035,-0.2739881
40.559998,29.893461,0.81947,-0.114105515
40.579998,10.664334,0.6592364,0.045777034
40.6,-66.25217,-0.9430991,-0.2739881
40.62,-18.179356,-0.14193134,-0.114105515
40.64,-8.564792,0.49900287,-0.2739881
40.66,68.35171,1.6206378,-0.2739881
40.68,25.08618,1.7808713,-0.2739881
40.7,-22.986637,-0.9430991,-0.2739881
40.719997,1.049771,0.9797035,0.20565958
40.739998,-13.372073,0.81947,-0.2739881
40.76,25.08618,1.4604042,0.045777034
40.78,-27.793919,-0.30216488,-0.114105515
40.8,10.664334,0.9797035,0.045777034
40.82,63.54443,1.6206378,-0.4338706
40.84,39.508022,1.7808713,0.045777034
40.86,111.61725,5.145776,0.045777034
40.879997,-18.179356,0.17853576,-0.114105515
40.899998,-8.564792,0.018302217,0.045777034
40.92,-66.25217,-1.4237996,-0.2739881
40.94,178.91919,4.9855423,0.20565958
40.96,-32.6012,0.49900287,-0.114105515
40.98,-56.637608,-0.46239844,-0.114105515
41.0,20.278896,0.9797035,-0.114105515
41.02,-66.25217,-2.385201,-0.4338706
41.04,15.471616,1.139937,-0.114105515
41.059998,-22.986637,-0.14193134,-0.114105515
41.079998,-42.215763,-0.62263197,-0.2739881
41.1,-104.71042,-2.0647337,-0.114105515
41.12,-8.564792,0.17853576,-0.114105515
41.14,29.893461,0.33876932,-0.2739881
41.16,34.700745,2.1013381,-0.114105515
41.18,29.893461,1.3001705,-0.4338706
41.2,29.893461,1.4604042,0.045777034
41.219997,5.857053,1.3001705,0.045777034
41.239998,15.471616,1.3001705,-0.114105515
41.26,-32.6012,0.018302217,-0.114105515
41.28,-22.986637,-0.46239844,-0.2739881
41.3,-8.564792,0.018302217,0.045777034
41.32,1.049771,0.49900287,0.045777034
41.34,-8.564792,0.17853576,-0.2739881
41.36,92.38812,2.902506,-0.114105515
41.379997,44.315308,1.7808713,-0.2739881
41.399998,68.35171,3.2229733,-0.4338706
41.42,15.471616,1.4604042,-0.114105515
41.44,-3.7575107,0.49900287,0.045777034
41.46,10.664334,0.17853576,-0.59375316
41.48,44.315308,1.6206378,-0.59375316
41.5,10.664334,-0.30216488,-0.2739881
41.52,-32.6012,-0.7828655,-0.4338706
41.54,-8.564792,0.6592364,-0.59375316
41.559998,-13.372073,-0.14193134,-0.7536357
41.579998,10.664334,-0.14193134,-0.2739881
41.6,-119.13227,-2.5454345,-0.114105515
41.62,-32.6012,-0.9430991,-0.114105515
41.64,1.049771,0.33876932,-0.4338706
41.66,-18.179356,-0.30216488,-0.4338706
41.68,25.08618,1.6206378,-0.7536357
41.7,-3.7575107,-0.14193134,-0.2739881
41.719997,-8.564792,-0.46239844,-0.114105515
41.739998,1.049771,0.6592364,-0.2739881
41.76,39.508022,1.9411048,-0.114105515
41.78,20.278896,0.33876932,-0.4338706
41.8,-51.830326,0.018302217,0.045777034
41.82,5.857053,-0.14193134,-0.4338706
41.84,-3.7575107,0.6592364,-0.4338706
41.86,92.38812,2.4218054,-0.7536357
41.879997,25.08618,0.49900287,-0.4338706
41.899998,58.737152,2.4218054,-0.114105515
41.92,10.664334,0.9797035,-0.2739881
41.94,-104.71042,-1.1033326,0.68530726
41.96,-95.09586,-1.9045002,-0.2739881
41.98,-18.179356,-0.46239844,-0.114105515
42.0,-51.830326,-0.9430991,-0.4338706
42.02,1.049771,0.9797035,-0.2739881
42.04,58.737152,1.6206378,-0.2739881
42.059998,34.700745,-0.14193134,0.045777034
42.079998,-32.6012,-0.30216488,-0.59375316
42.1,-133.55412,-1.1033326,-0.4338706
42.12,-13.372073,0.33876932,-0.4338706
42.14,-13.372073,0.33876932,0.045777034
42.16,-3.7575107,0.33876932,-0.114105515
42.18,58.737152,2.5820389,-0.2739881
42.2,-8.564792,-0.62263197,-0.2739881
42.219997,-47.023045,-0.7828655,-0.2739881
42.239998,15.471616,0.6592364,-0.2739881
42.26,10.664334,0.6592364,-0.114105515
42.28,34.700745,1.9411048,-0.59375316
42.3,20.278896,0.6592364,-0.114105515
42.32,-27.793919,-0.7828655,-0.2739881
42.34,1.049771,0.33876932,-0.2739881
42.36,44.315308,1.139937,-0.2739881
42.379997,53.92987,1.6206378,-0.59375316
42.399998,15.471616,0.33876932,-0.2739881
42.42,29.893461,1.139937,0.045777034
42.44,-205.66333,-3.1863687,0.5254247
42.46,-18.179356,0.9797035,0.045777034
42.48,-3.7575107,0.33876932,-0.2739881
42.5,-80.67402,-2.0647337,-0.2739881
42.52,-27.793919,0.018302217,0.20565958
42.54,1.049771,-0.30216488,-0.4338706
42.559998,25.08618,0.33876932,-0.114105515
42.579998,1.049771,-0.14193134,-0.114105515
42.6,-167.20508,-2.7056682,-0.114105515
42.62,-51.830326,-1.5840333,0.045777034
42.64,34.700745,1.9411048,-0.2739881
42.66,-13.372073,0.49900287,-0.4338706
42.68,58.737152,2.1013381,-0.59375316
42.7,15.471616,2.261572,-0.2739881
42.719997,-27.793919,-0.62263197,-0.2739881
42.739998,1.049771,1.139937,-0.4338706
42.76,39.508022,1.139937,-0.2739881
42.78,-18.179356,-1.2635663,-0.4338706
42.8,1.049771,-0.7828655,0.045777034
42.82,20.278896,0.6592364,0.20565958
42.84,-47.023045,-2.2249672,-0.2739881
42.86,97.195404,0.33876932,0.20565958
42.879997,-13.372073,0.17853576,0.20565958
42.899998,-13.372073,-1.1033326,0.045777034
42.92,5.857053,0.17853576,0.5254247
42.94,-268.158,-3.3466022,0.8451898
42.96,10.664334,0.49900287,0.20565958
42.98,68.35171,2.261572,0.045777034
43.0,20.278896,0.49900287,-0.2739881
43.02,82.77356,2.7422726,0.68530726
43.04,20.278896,0.33876932,0.045777034
43.059998,5.857053,-0.30216488,0.20565958
43.079998,-3.7575107,0.6592364,-0.114105515
43.1,-181.62692,-3.3466022,0.045777034
43.12,-22.986637,0.17853576,-0.114105515
43.14,1.049771,0.33876932,0.045777034
43.16,15.471616,0.17853576,0.20565958
43.18,-3.7575107,0.81947,-0.114105515
43.2,-22.986637,-0.62263197,0.045777034
43.219997,25.08618,0.018302217,-0.114105515
43.239998,15.471616,0.9797035,0.045777034
43.26,5.857053,0.6592364,0.20565958
43.28,20.278896,-0.30216488,-0.114105515
43.3,-32.6012,-0.46239844,0.5254247
43.32,39.508022,0.6592364,-0.114105515
43.34,5.857053,-0.14193134,0.045777034
43.36,-3.7575107,-1.4237996,0.045777034
43.379997,-8.564792,0.6592364,0.045777034
43.399998,1.049771,0.49900287,0.045777034
43.42,15.471616,0.6592364,0.045777034
43.44,-200.85605,-1.9045002,1.3248374
43.46,-22.986637,-0.30216488,-0.114105515
43.48,44.315308,0.9797035,-0.114105515
43.5,10.664334,0.17853576,0.20565958
43.52,29.893461,2.1013381,0.045777034
43.54,20.278896,0.33876932,-0.114105515
43.559998,-8.564792,0.17853576,0.20565958
43.579998,29.893461,0.6592364,-0.4338706
43.6,-133.55412,-2.385201,0.045777034
43.62,-51.830326,-0.46239844,-0.114105515
43.64,34.700745,0.33876932,-0.2739881
43.66,-8.564792,-0.14193134,-0.2739881
43.68,44.315308,0.9797035,-0.4338706
43.7,-27.793919,-0.46239844,-0.114105515
43.719997,-42.215763,-0.7828655,-0.4338706
43.739998,20.278896,0.9797035,0.045777034
43.76,-27.793919,-0.62263197,-0.114105515
43.78,-42.215763,-1.5840333,-0.114105515
43.8,-8.564792,0.018302217,-0.2739881
43.82,34.700745,1.139937,-0.2739881
43.84,1.049771,0.49900287,-0.4338706
43.86,-75.86674,-1.9045002,-0.4338706
43.879997,-3.7575107,-0.14193134,0.045777034
43.899998,-22.986637,-0.46239844,0.20565958
43.92,1.049771,0.018302217,0.045777034
43.94,-205.66333,-2.8659017,0.5254247
43.96,-8.564792,-0.46239844,-0.114105515
43.98,20.278896,1.6206378,-0.114105515
44.0,-32.6012,-1.7442669,-0.2739881
44.02,-37.40848,-1.7442669,-0.59375316
44.04,39.508022,0.81947,-0.114105515
44.059998,-61.44489,-0.9430991,-0.114105515
44.079998,5.857053,0.33876932,-0.114105515
44.1,-85.48129,-1.1033326,-0.4338706
44.12,-13.372073,-0.46239844,-0.114105515
44.14,-13.372073,-1.2635663,-0.4338706
44.16,20.278896,0.9797035,0.045777034
44.18,15.471616,0.33876932,-0.7536357
44.2,20.278896,0.6592364,0.045777034
44.219997,-13.372073,-1.7442669,-0.114105515
44.239998,-13.372073,-0.62263197,-0.4338706
44.26,1.049771,-0.62263197,0.045777034
44.28,-3.7575107,-0.14193134,0.20565958
44.3,20.278896,0.33876932,0.20565958
44.32,1.049771,-0.7828655,0.045777034
44.34,5.857053,0.018302217,-0.114105515
44.36,-61.44489,-1.7442669,-0.4338706
44.379997,-22.986637,0.018302217,0.045777034
44.399998,10.664334,0.49900287,-0.4338706
44.42,-13.372073,-0.9430991,-0.114105515
44.44,-128.74683,-1.4237996,0.5254247
44.46,1.049771,-0.14193134,-0.114105515
44.48,1.049771,0.49900287,-0.4338706
44.5,-8.564792,-0.30216488,-0.114105515
44.52,10.664334,0.33876932,0.045777034
44.539997,-47.023045,-1.7442669,0.045777034
44.559998,-18.179356,-0.14193134,0.045777034
44.579998,10.664334,0.018302217,-0.114105515
44.6,-71.05945,-0.62263197,-0.4338706
44.62,20.278896,0.81947,-0.114105515
44.64,-22.986637,-0.46239844,0.045777034
44.66,15.471616,0.018302217,0.045777034
44.68,1.049771,0.17853576,-0.2739881
44.7,1.049771,-0.46239844,-0.114105515
44.719997,15.471616,0.17853576,0.5254247
44.739998,-114.32499,-3.5068357,-0.2739881
44.76,-8.564792,-0.46239844,0.045777034
44.78,15.471616,0.6592364,-0.59375316
44.8,-75.86674,-1.9045002,-0.2739881
44.82,-3.7575107,-0.46239844,0.20565958
44.84,-42.215763,-1.4237996,0.045777034
44.86,-56.637608,-1.1033326,-0.4338706
44.879997,5.857053,0.49900287,-0.4338706
44.899998,15.471616,0.33876932,-0.2739881
44.92,-8.564792,-0.30216488,0.20565958
44.94,-71.05945,-0.7828655,0.20565958
44.96,1.049771,0.49900287,0.045777034
44.98,1.049771,0.33876932,-0.114105515
45.0,20.278896,-0.14193134,-0.114105515
45.02,-18.179356,-0.7828655,-0.2739881
45.039997,15.471616,0.9797035,-0.2739881
45.059998,-3.7575107,0.018302217,0.20565958
45.079998,20.278896,0.33876932,-0.114105515
45.1,5.857053,1.4604042,-0.114105515
45.12,5.857053,0.49900287,-0.114105515
45.14,1.049771,0.49900287,0.045777034
45.16,1.049771,0.018302217,0.20565958
45.18,-27.793919,-1.7442669,0.045777034
45.2,1.049771,-0.30216488,-0.114105515
45.219997,15.471616,0.49900287,0.20565958
45.239998,-8.564792,-0.46239844,-0.4338706
45.26,-13.372073,-0.14193134,0.045777034
45.28,20.278896,0.49900287,0.045777034
45.3,-47.023045,-1.5840333,0.045777034
45.32,-18.179356,-0.62263197,-0.2739881
45.34,111.61725,4.024141,0.045777034
45.36,-42.215763,-0.62263197,-0.114105515
45.379997,-27.793919,-0.46239844,0.36554214
45.399998,-8.564792,0.6592364,0.045777034
45.42,-18.179356,-0.62263197,-0.114105515
45.44,-51.830326,-0.7828655,-0.2739881
45.46,15.471616,0.17853576,-0.2739881
45.48,25.08618,0.9797035,-0.114105515
45.5,-3.7575107,0.17853576,-0.2739881
45.52,-3.7575107,-0.14193134,0.20565958
45.539997,10.664334,0.81947,0.045777034
45.559998,34.700745,1.4604042,0.045777034
45.579998,-47.023045,-0.7828655,0.045777034
45.6,-18.179356,0.9797035,0.045777034
45.62,82.77356,2.4218054,0.20565958
45.64,10.664334,0.17853576,0.045777034
45.66,-8.564792,-0.14193134,0.20565958
45.68,10.664334,0.17853576,0.045777034
45.7,-18.179356,-0.7828655,-0.114105515
45.719997,-8.564792,0.6592364,0.20565958
45.739998,-8.564792,0.018302217,0.20565958
45.76,-3.7575107,0.33876932,0.045777034
45.78,25.08618,-0.7828655,-0.2739881
45.8,-47.023045,-1.1033326,-0.2739881
45.82,-27.793919,-0.46239844,0.045777034
45.84,44.315308,2.1013381,0.045777034
45.86,15.471616,0.81947,-0.114105515
45.879997,-3.7575107,0.17853576,-0.4338706
45.899998,-8.564792,0.49900287,0.20565958
45.92,-13.372073,-1.5840333,0.20565958
45.94,-99.903145,-3.6670694,0.045777034
45.96,-66.25217,-1.9045002,0.045777034
45.98,-3.7575107,-0.62263197,0.20565958
46.0,-18.179356,-0.62263197,0.20565958
46.02,-22.986637,-0.14193134,0.36554214
46.039997,-18.179356,-0.46239844,-0.114105515
46.059998,34.700745,0.81947,0.045777034
46.079998,-8.564792,0.018302217,0.36554214
46.1,29.893461,1.4604042,0.20565958
46.12,-3.7575107,-0.46239844,0.20565958
46.14,-18.179356,-0.7828655,0.20565958
46.16,-37.40848,-0.9430991,0.20565958
46.18,-8.564792,-0.62263197,0.045777034
46.2,-27.793919,-0.9430991,-0.114105515
46.219997,-42.215763,-1.2635663,-0.114105515
46.239998,29.893461,0.9797035,0.045777034
46.26,-42.215763,-0.9430991,-0.114105515
46.28,73.159,1.139937,-0.4338706
46.3,-47.023045,-1.7442669,0.20565958
46.32,5.857053,0.018302217,0.045777034
46.34,-37.40848,-1.7442669,-0.2739881
46.36,15.471616,0.9797035,0.20565958
46.379997,-13.372073,-0.9430991,0.5254247
46.399998,44.315308,1.9411048,0.5254247
46.42,20.278896,0.81947,-0.114105515
46.44,-95.09586,-2.8659017,0.20565958
46.46,-3.7575107,-0.30216488,0.20565958
46.48,10.664334,-0.14193134,0.5254247
46.5,-42.215763,-0.9430991,0.20565958
46.52,29.893461,0.6592364,-0.114105515
46.539997,1.049771,-0.14193134,0.20565958
46.559998,73.159,1.9411048,0.20565958
46.579998,-22.986637,-0.62263197,0.20565958
46.6,39.508022,1.4604042,0.045777034
46.62,20.278896,1.139937,0.5254247
46.64,39.508022,0.9797035,-0.114105515
46.66,-18.179356,-0.30216488,0.20565958
46.68,39.508022,0.81947,-0.2739881
46.7,-27.793919,-0.30216488,0.045777034
46.719997,-8.564792,0.6592364,-0.114105515
46.739998,15.471616,0.49900287,0.045777034
46.76,44.315308,0.9797035,0.20565958
46.78,20.278896,0.6592364,0.045777034
46.8,-8.564792,0.33876932,-0.114105515
46.82,10.664334,0.49900287,0.20565958
46.84,10.664334,0.49900287,0.5254247
46.86,-18.179356,-0.7828655,0.36554214
46.879997,10.664334,0.49900287,-0.114105515
46.899998,44.315308,0.9797035,0.045777034
46.92,-13.372073,-0.14193134,0.045777034
46.94,-22.986637,-0.9430991,0.045777034
46.96,-32.6012,-1.5840333,-0.114105515
46.98,49.122585,0.81947,0.045777034
47.0,-13.372073,-0.30216488,0.045777034
47.02,20.278896,0.9797035,0.045777034
47.039997,20.278896,0.49900287,0.20565958
47.059998,-22.986637,-0.62263197,0.20565958
47.079998,-22.986637,-0.30216488,-0.114105515
47.1,53.92987,1.139937,-0.114105515
47.12,15.471616,-0.30216488,-0.114105515
47.14,-13.372073,-0.62263197,0.20565958
47.16,-42.215763,-0.9430991,-0.2739881
47.18,-37.40848,-0.9430991,-0.114105515
47.2,-8.564792,-1.1033326,-0.114105515
47.219997,10.664334,0.49900287,-0.114105515
47.239998,-27.793919,-1.4237996,-0.114105515
47.26,15.471616,0.6592364,0.045777034
47.28,29.893461,1.139937,-0.4338706
47.3,-32.6012,-0.14193134,-0.4338706
47.32,-13.372073,-0.30216488,0.20565958
47.34,-56.637608,-1.5840333,-0.59375316
47.36,-8.564792,0.49900287,0.045777034
47.379997,-27.793919,-0.14193134,0.045777034
47.399998,-22.986637,-0.30216488,0.045777034
47.42,-27.793919,-0.46239844,-0.2739881
47.44,-8.564792,0.018302217,-0.2739881
47.46,-18.179356,-0.62263197,0.045777034
47.48,5.857053,0.018302217,0.36554214
47.5,29.893461,1.9411048,0.36554214
47.52,49.122585,1.139937,0.20565958
47.539997,20.278896,1.4604042,-0.114105515
47.559998,-27.793919,-0.14193134,0.20565958
47.579998,5.857053,0.17853576,0.045777034
47.6,53.92987,0.81947,-0.114105515
47.62,-13.372073,-0.46239844,0.045777034
47.64,-18.179356,0.17853576,-0.114105515
47.66,-3.7575107,-0.7828655,-0.114105515
47.68,5.857053,0.17853576,-0.114105515
47.7,-22.986637,-0.30216488,0.20565958
47.719997,15.471616,1.139937,-0.2739881
47.739998,-85.48129,-2.385201,-0.114105515
47.76,1.049771,-0.30216488,-0.2739881
47.78,5.857053,0.33876932,0.045777034
47.8,-32.6012,-1.2635663,-0.114105515
47.82,-51.830326,-1.1033326,0.045777034
47.84,1.049771,0.018302217,0.20565958
47.86,5.857053,0.33876932,0.20565958
47.879997,1.049771,-0.46239844,-0.114105515
47.899998,15.471616,-0.14193134,0.045777034
47.92,-47.023045,-1.2635663,-0.2739881
47.94,15.471616,0.9797035,0.045777034
47.96,-37.40848,-0.9430991,-0.114105515
47.98,-56.637608,-1.4237996,-0.4338706
48.0,58.737152,2.4218054,0.045777034
48.02,25.08618,1.6206378,0.20565958
48.039997,10.664334,0.49900287,0.36554214
48.059998,-8.564792,-0.14193134,0.20565958
48.079998,-18.179356,-1.9045002,-0.4338706
48.1,25.08618,0.81947,-0.114105515
48.12,-13.372073,-0.30216488,-0.114105515
48.14,-13.372073,0.33876932,0.20565958
48.16,25.08618,0.6592364,-0.2739881
48.18,-3.7575107,-0.30216488,-0.2739881
48.2,20.278896,0.9797035,0.20565958
48.219997,1.049771,0.17853576,-0.114105515
48.239998,29.893461,1.139937,-0.114105515
48.26,20.278896,0.6592364,0.20565958
48.28,-47.023045,-0.62263197,0.045777034
48.3,-22.986637,-0.30216488,0.20565958
48.32,1.049771,-1.5840333,0.20565958
48.34,-32.6012,-1.4237996,0.045777034
48.36,-18.179356,0.33876932,0.20565958
48.379997,-37.40848,-1.1033326,0.20565958
48.399998,-71.05945,-1.9045002,0.045777034
48.42,-8.564792,-0.9430991,-0.114105515
48.44,-18.179356,0.018302217,0.20565958
48.46,-47.023045,-1.1033326,0.045777034
48.48,-22.986637,-0.9430991,0.045777034
48.5,-13.372073,-0.46239844,0.20565958
48.52,39.508022,1.3001705,-0.114105515
48.539997,-75.86674,-1.7442669,-0.114105515
48.559998,-22.986637,-0.30216488,-0.2739881
48.579998,-80.67402,-2.385201,0.045777034
48.6,-3.7575107,-0.46239844,0.045777034
48.62,-22.986637,-0.9430991,-0.2739881
48.64,25.08618,1.7808713,0.5254247
48.66,-22.986637,-0.62263197,-0.2739881
48.68,-47.023045,-1.9045002,0.36554214
48.7,15.471616,-0.14193134,0.20565958
48.719997,-8.564792,-0.62263197,-0.114105515
48.739998,25.08618,0.6592364,0.20565958
48.76,5.857053,0.33876932,-0.114105515
48.78,-42.215763,-1.7442669,0.045777034
48.8,-3.7575107,-0.9430991,0.20565958
48.82,-37.40848,-0.62263197,0.045777034
48.84,34.700745,0.9797035,-0.2739881
48.86,39.508022,0.9797035,0.045777034
48.879997,-13.372073,-0.14193134,-0.114105515
48.899998,1.049771,0.6592364,0.045777034
48.92,10.664334,0.17853576,-0.114105515
48.94,34.700745,1.4604042,0.5254247
48.96,-8.564792,-0.30216488,0.045777034
48.98,-85.48129,-2.8659017,0.045777034
49.0,15.471616,0.81947,-0.4338706
49.02,-37.40848,-1.4237996,-0.4338706
49.039997,20.278896,0.81947,-0.114105515
49.059998,-3.7575107,-0.62263197,0.20565958
49.079998,15.471616,1.139937,-0.114105515
49.1,5.857053,0.6592364,-0.114105515
49.12,1.049771,0.6592364,-0.114105515
49.14,-8.564792,-0.9430991,-0.114105515
49.16,5.857053,0.6592364,0.045777034
49.18,-22.986637,-0.9430991,-0.2739881
49.2,-22.986637,-0.46239844,-0.114105515
49.219997,20.278896,0.6592364,-0.2739881
49.239998,-27.793919,-0.62263197,0.20565958
49.26,1.049771,0.33876932,-0.2739881
49.28,29.893461,0.018302217,0.20565958
49.3,-42.215763,-1.1033326,-0.2739881
49.32,-32.6012,-0.7828655,-0.114105515
49.34,-47.023045,-1.4237996,0.045777034
49.36,53.92987,1.6206378,0.045777034
49.379997,25.08618,0.17853576,0.5254247
49.399998,-18.179356,-0.30216488,0.045777034
49.42,1.049771,0.33876932,0.045777034
49.44,68.35171,1.6206378,0.20565958
49.46,53.92987,2.1013381,-0.114105515
49.48,20.278896,0.49900287,0.20565958
49.5,-8.564792,-0.46239844,0.20565958
49.52,15.471616,-0.46239844,0.20565958
49.539997,15.471616,0.17853576,0.20565958
49.559998,20.278896,0.6592364,-0.2739881
49.579998,-8.564792,0.17853576,0.045777034
49.6,-42.215763,-1.4237996,0.045777034
49.62,-27.793919,-0.7828655,0.5254247
49.64,29.893461,0.81947,0.045777034
49.66,-56.637608,-1.7442669,0.045777034
49.68,29.893461,0.6592364,-0.114105515
49.7,-18.179356,-0.7828655,0.20565958
49.719997,-13.372073,-0.14193134,0.20565958
49.739998,-47.023045,-0.62263197,0.36554214
49.76,29.893461,1.139937,0.20565958
49.78,25.08618,0.81947,-0.114105515
49.8,-27.793919,-1.4237996,0.20565958
49.82,20.278896,1.6206378,-0.114105515
49.84,29.893461,0.9797035,-0.2739881
49.86,63.54443,1.4604042,0.045777034
49.879997,-8.564792,0.018302217,0.5254247
49.899998,1.049771,-0.14193134,-0.114105515
49.92,20.278896,1.139937,0.045777034
49.94,-8.564792,-0.46239844,0.045777034
49.96,25.08618,0.6592364,0.20565958
49.98,5.857053,0.17853576,-0.114105515
50.0,-51.830326,-0.9430991,0.20565958
50.02,-66.25217,-1.1033326,-0.2739881
50.039997,-8.564792,-0.7828655,-0.114105515
50.059998,-22.986637,-0.9430991,-0.2739881
50.079998,-47.023045,-1.7442669,-0.2739881
50.1,-47.023045,-1.4237996,-0.114105515
50.12,-22.986637,0.018302217,0.045777034
50.14,-13.372073,0.018302217,0.045777034
50.16,-27.793919,0.17853576,0.36554214
50.18,-3.7575107,0.6592364,0.20565958
50.2,49.122585,1.7808713,-0.114105515
50.219997,-27.793919,-0.46239844,-0.59375316
50.239998,-13.372073,-0.14193134,0.045777034
50.26,-18.179356,-0.14193134,-0.114105515
50.28,-51.830326,-0.62263197,0.045777034
50.3,-47.023045,-0.62263197,-0.2739881
50.32,-18.179356,-0.62263197,-0.2739881
50.34,-3.7575107,-0.62263197,0.5254247
50.36,10.664334,-0.30216488,-0.114105515
50.379997,-27.793919,-0.30216488,-0.4338706
50.399998,15.471616,0.9797035,-0.4338706
50.42,-8.564792,0.018302217,-0.4338706
50.44,-47.023045,-1.7442669,-0.114105515
50.46,1.049771,-0.46239844,0.045777034
50.48,10.664334,0.17853576,-0.114105515
50.5,-3.7575107,-0.14193134,0.045777034
50.52,-18.179356,0.17853576,-0.2739881
50.539997,20.278896,0.018302217,-0.2739881
50.559998,-27.793919,-0.62263197,-0.2739881
50.579998,-8.564792,-0.14193134,0.045777034
50.6,-42.215763,-1.4237996,-0.2739881
50.62,-22.986637,-0.9430991,-0.2739881
50.64,-56.637608,-2.2249672,0.045777034
50.66,-51.830326,-1.7442669,-0.4338706
50.68,25.08618,1.4604042,-0.59375316
50.7,-51.830326,-1.7442669,0.045777034
50.719997,-8.564792,0.33876932,-0.114105515
50.739998,-3.7575107,0.81947,0.045777034
50.76,10.664334,0.17853576,-0.114105515
50.78,-22.986637,-0.46239844,0.20565958
50.8,-22.986637,0.018302217,0.20565958
50.82,20.278896,0.49900287,-0.2739881
50.84,1.049771,0.33876932,-0.114105515
50.86,5.857053,-0.30216488,-0.4338706
50.879997,-47.023045,-0.62263197,-0.114105515
50.899998,-37.40848,-0.9430991,-0.114105515
50.92,-8.564792,-0.62263197,-0.4338706
50.94,-61.44489,-0.14193134,-0.2739881
50.96,34.700745,1.139937,-0.2739881
50.98,-13.372073,-0.46239844,0.20565958
51.0,-8.564792,0.17853576,-0.59375316
51.02,-22.986637,-0.14193134,0.045777034
51.039997,5.857053,-0.14193134,0.20565958
51.059998,-13.372073,-0.14193134,0.045777034
51.079998,-47.023045,-1.1033326,-0.114105515
51.1,-13.372073,0.49900287,-0.4338706
51.12,-71.05945,-1.7442669,-0.2739881
51.14,-18.179356,-0.7828655,-0.2739881
51.16,5.857053,-0.30216488,0.20565958
51.18,5.857053,0.49900287,-0.4338706
51.199997,10.664334,0.81947,-0.2739881
51.219997,-37.40848,-1.4237996,-0.2739881
51.239998,-32.6012,-0.9430991,0.045777034
51.26,-22.986637,-0.14193134,0.045777034
51.28,-42.215763,-0.7828655,0.20565958
51.3,53.92987,0.6592364,-0.59375316
51.32,-18.179356,-0.30216488,-0.114105515
51.34,-13.372073,-0.9430991,-0.2739881
51.36,15.471616,0.33876932,0.20565958
51.379997,-37.40848,0.018302217,0.20565958
51.399998,-22.986637,-0.14193134,-0.2739881
51.42,-13.372073,-0.46239844,-0.114105515
51.44,63.54443,3.3832066,0.045777034
51.46,-56.637608,-1.9045002,-0.2739881
51.48,5.857053,0.33876932,-0.4338706
51.5,-3.7575107,0.17853576,-0.4338706
51.52,5.857053,0.9797035,0.045777034
51.539997,15.471616,0.17853576,-0.2739881
51.559998,-42.215763,-1.1033326,-0.2739881
51.579998,-32.6012,-0.30216488,-0.4338706
51.6,15.471616,1.9411048,-0.2739881
51.62,-61.44489,-1.1033326,0.20565958
51.64,-8.564792,-0.46239844,-0.2739881
51.66,29.893461,0.6592364,-0.59375316
51.68,126.0391,3.7036738,-0.7536357
51.699997,-8.564792,0.33876932,0.045777034
51.719997,10.664334,0.33876932,-0.2739881
51.739998,-13.372073,-0.14193134,0.045777034
51.76,-3.7575107,-0.46239844,-0.114105515
51.78,-51.830326,-1.1033326,-0.114105515
51.8,1.049771,-0.62263197,-0.4338706
51.82,-22.986637,-1.2635663,0.045777034
51.84,1.049771,0.018302217,-0.114105515
51.86,-42.215763,-2.0647337,-0.59375316
51.879997,10.664334,0.33876932,-0.2739881
51.899998,-8.564792,-0.30216488,0.045777034
51.92,-27.793919,-0.9430991,-0.114105515
51.94,111.61725,3.2229733,-0.114105515
51.96,5.857053,0.018302217,-0.2739881
51.98,-13.372073,-0.9430991,-0.2739881
52.0,5.857053,0.6592364,-0.114105515
52.02,-47.023045,-1.1033326,-0.2739881
52.039997,-3.7575107,0.33876932,-0.114105515
52.059998,-47.023045,-0.7828655,0.045777034
52.079998,20.278896,0.49900287,0.045777034
52.1,5.857053,2.1013381,-0.2739881
52.12,-42.215763,-0.7828655,-0.2739881
52.14,-3.7575107,-0.46239844,-0.4338706
52.16,-27.793919,-0.9430991,-0.4338706
52.18,111.61725,2.1013381,-1.393166
52.199997,1.049771,0.17853576,-0.114105515
52.219997,-37.40848,-0.30216488,-0.4338706
52.239998,1.049771,-0.14193134,-0.4338706
52.26,-3.7575107,0.17853576,0.045777034
52.28,-27.793919,0.81947,0.045777034
52.3,15.471616,0.33876932,-0.114105515
52.32,20.278896,0.6592364,-0.2739881
52.34,-75.86674,-1.5840333,-0.4338706
52.36,-56.637608,-2.5454345,-0.2739881
52.379997,-8.564792,0.33876932,0.045777034
52.399998,25.08618,0.9797035,-0.2739881
52.42,15.471616,0.6592364,-0.59375316
52.44,58.737152,0.33876932,0.20565958
52.46,-13.372073,-0.62263197,-0.114105515
52.48,34.700745,1.3001705,-0.2739881
52.5,-18.179356,-0.30216488,0.045777034
52.52,-27.793919,-1.4237996,-0.4338706
52.539997,15.471616,0.17853576,-0.7536357
52.559998,-3.7575107,-0.30216488,-0.2739881
52.579998,34.700745,1.139937,-0.59375316
52.6,154.8828,6.1071773,-0.2739881
52.62,5.857053,0.018302217,-0.2739881
52.64,5.857053,0.17853576,0.045777034
52.66,5.857053,-0.30216488,0.045777034
52.68,63.54443,-1.1033326,-0.4338706
52.699997,-56.637608,-0.62263197,-0.4338706
52.719997,-8.564792,-0.30216488,-0.114105515
52.739998,-42.215763,-1.5840333,-0.114105515
52.76,-8.564792,-0.14193134,0.20565958
52.78,29.893461,1.139937,0.045777034
52.8,-42.215763,-1.4237996,0.045777034
52.82,29.893461,0.9797035,0.20565958
52.84,5.857053,0.49900287,0.045777034
52.86,-71.05945,-2.385201,-0.114105515
52.879997,5.857053,-0.14193134,0.045777034
52.899998,-3.7575107,-0.62263197,0.045777034
52.92,-37.40848,-0.62263197,0.20565958
52.94,-47.023045,-4.6284704,0.36554214
52.96,-42.215763,-0.7828655,0.045777034
52.98,10.664334,0.49900287,0.045777034
53.0,-13.372073,-0.62263197,0.20565958
53.02,-47.023045,-1.5840333,0.20565958
53.039997,20.278896,-0.14193134,-0.4338706
53.059998,5.857053,0.17853576,0.045777034
53.079998,25.08618,0.17853576,0.045777034
53.1,111.61725,3.0627398,-0.114105515
53.12,20.278896,0.33876932,0.20565958
53.14,-18.179356,-0.46239844,-0.114105515
53.16,1.049771,0.018302217,0.045777034
53.18,-8.564792,-1.7442669,-0.2739881
53.199997,49.122585,1.7808713,0.36554214
53.219997,15.471616,0.49900287,-0.114105515
53.239998,-13.372073,-0.14193134,0.20565958
53.26,-22.986637,-1.2635663,0.045777034
53.28,15.471616,0.9797035,0.045777034
53.3,5.857053,0.17853576,0.20565958
53.32,-3.7575107,0.17853576,0.36554214
53.34,-8.564792,-0.14193134,-0.2739881
53.36,1.049771,0.33876932,0.20565958
53.379997,-8.564792,0.49900287,0.045777034
53.399998,5.857053,0.9797035,0.20565958
53.42,1.049771,0.018302217,-0.114105515
53.44,-143.16867,-4.7887044,0.20565958
53.46,-8.564792,-0.7828655,0.20565958
53.48,29.893461,1.139937,0.045777034
53.5,10.664334,0.6592364,0.20565958
53.52,-22.986637,-0.46239844,0.045777034
53.539997,-3.7575107,-0.30216488,0.045777034
53.559998,-13.372073,-0.30216488,-0.114105515
53.579998,34.700745,0.81947,-0.114105515
53.6,140.46094,3.3832066,0.045777034
53.62,-32.6012,-0.46239844,0.045777034
53.64,-8.564792,-1.1033326,0.045777034
53.66,-56.637608,-1.1033326,0.045777034
53.68,-61.44489,-3.6670694,-0.114105515
53.699997,15.471616,0.81947,0.20565958
53.719997,25.08618,1.6206378,0.045777034
53.739998,-8.564792,-0.7828655,0.20565958
53.76,-3.7575107,-0.46239844,-0.114105515
53.78,58.737152,2.1013381,-0.114105515
53.8,-47.023045,-0.9430991,-0.4338706
53.82,15.471616,0.81947,-0.2739881
53.84,68.35171,2.1013381,-0.114105515
53.86,-95.09586,-3.026135,-0.4338706
53.879997,20.278896,0.81947,-0.114105515
53.899998,10.664334,-0.14193134,-0.2739881
53.92,-8.564792,-0.46239844,-0.114105515
53.94,-61.44489,-2.385201,0.5254247
53.96,20.278896,0.33876932,-0.59375316
53.98,5.857053,0.33876932,-0.114105515
54.0,-18.179356,-0.9430991,-0.4338706
54.02,-27.793919,-1.5840333,-0.59375316
54.039997,-18.179356,-0.14193134,0.045777034
54.059998,-8.564792,0.33876932,-0.2739881
54.079998,5.857053,0.17853576,-0.114105515
54.1,63.54443,0.9797035,0.20565958
54.12,1.049771,0.49900287,-0.114105515
54.14,-22.986637,-0.9430991,-0.114105515
54.16,-8.564792,-0.14193134,0.045777034
54.18,-152.78323,-4.14777,0.20565958
54.199997,34.700745,1.4604042,-0.114105515
54.219997,-51.830326,-2.7056682,-0.4338706
54.239998,10.664334,0.33876932,-0.59375316
54.26,-13.372073,-0.14193134,-0.4338706
54.28,-18.179356,-1.5840333,-0.4338706
54.3,15.471616,0.018302217,-0.2739881
54.32,44.315308,1.3001705,-0.114105515
54.34,-18.179356,-0.62263197,-0.2739881
54.36,-3.7575107,0.018302217,-0.2739881
54.379997,-42.215763,-1.1033326,-0.114105515
54.399998,-13.372073,0.018302217,-0.2739881
54.42,10.664334,0.6592364,0.045777034
54.44,-42.215763,-1.5840333,-0.114105515
54.46,5.857053,0.018302217,-0.4338706
54.48,-18.179356,-0.62263197,-0.4338706
54.5,-3.7575107,-0.62263197,-0.114105515
54.52,-47.023045,-2.5454345,-0.59375316
54.539997,-13.372073,-0.30216488,-0.2739881
54.559998,-13.372073,-0.9430991,-0.114105515
54.579998,1.049771,-0.30216488,-0.2739881
54.6,20.278896,-0.14193134,-0.2739881
54.62,-3.7575107,-0.30216488,-0.4338706
54.64,-37.40848,-2.0647337,-0.114105515
54.66,5.857053,-0.30216488,-0.4338706
54.68,-61.44489,-1.7442669,0.20565958
54.699997,29.893461,1.4604042,-0.114105515
54.719997,20.278896,0.81947,-0.2739881
54.739998,29.893461,0.9797035,-0.2739881
54.76,-51.830326,-2.8659017,-0.114105515
54.78,-22.986637,-1.5840333,-0.59375316
54.8,-18.179356,-0.30216488,-0.114105515
54.82,49.122585,1.9411048,-0.59375316
54.84,25.08618,0.81947,-0.114105515
54.86,-90.288574,-2.0647337,-0.2739881
54.879997,-8.564792,-0.30216488,-0.2739881
54.899998,-3.7575107,0.49900287,-0.59375316
54.92,-47.023045,-0.9430991,-0.4338706
54.94,-37.40848,0.17853576,0.20565958
54.96,-32.6012,-1.2635663,-0.4338706
54.98,1.049771,0.17853576,-0.2739881
55.0,1.049771,0.018302217,-0.59375316
55.02,-22.986637,-1.9045002,-0.59375316
55.039997,5.857053,0.018302217,-0.59375316
55.059998,1.049771,-0.14193134,-0.2739881
55.079998,5.857053,0.17853576,-0.2739881
55.1,10.664334,0.018302217,-0.2739881
55.12,20.278896,0.6592364,-0.4338706
55.14,-13.372073,-0.14193134,-0.114105515
55.16,1.049771,0.49900287,-0.59375316
55.18,-22.986637,-0.14193134,-0.59375316
55.199997,5.857053,-0.30216488,-0.59375316
55.219997,10.664334,0.17853576,-0.4338706
55.239998,-3.7575107,-0.62263197,-0.4338706
55.26,73.159,2.5820389,-0.4338706
55.28,-3.7575107,-0.7828655,-0.2739881
55.3,-18.179356,-0.14193134,-0.2739881
55.32,-3.7575107,0.018302217,-0.114105515
55.34,-37.40848,-1.2635663,-0.4338706
55.36,-37.40848,-0.9430991,-0.9135183
55.379997,-8.564792,0.33876932,-0.114105515
55.399998,20.278896,1.139937,-0.114105515
55.42,-71.05945,-1.7442669,-0.2739881
55.44,-42.215763,-0.14193134,-0.114105515
55.46,-27.793919,-0.46239844,-0.7536357
55.48,15.471616,-0.14193134,-0.2739881
55.5,10.664334,-0.14193134,-0.4338706
55.52,-47.023045,-1.4237996,-0.4338706
55.539997,1.049771,-0.14193134,-0.2739881
55.559998,-27.793919,-0.7828655,-0.59375316
55.579998,5.857053,0.6592364,-0.114105515
55.6,-3.7575107,0.018302217,-0.114105515
55.62,5.857053,0.17853576,-0.7536357
55.64,-27.793919,-0.7828655,-0.2739881
55.66,1.049771,-0.14193134,0.045777034
55.68,-32.6012,-0.46239844,-0.2739881
55.699997,-3.7575107,0.33876932,-0.2739881
55.719997,20.278896,1.139937,-0.2739881
55.739998,5.857053,0.018302217,-0.2739881
55.76,39.508022,1.4604042,-0.2739881
55.78,-22.986637,-0.9430991,-0.2739881
55.8,-27.793919,-0.7828655,-0.114105515
55.82,-32.6012,-1.1033326,-0.59375316
55.84,15.471616,1.139937,-0.114105515
55.86,-66.25217,-1.4237996,-0.2739881
55.879997,-13.372073,-0.46239844,-0.114105515
55.899998,5.857053,0.6592364,-0.114105515
55.92,-3.7575107,-0.14193134,0.045777034
55.94,-56.637608,-0.62263197,0.045777034
55.96,-8.564792,0.6592364,0.20565958
55.98,20.278896,1.139937,-0.114105515
56.0,-18.179356,-0.46239844,-0.114105515
56.02,-8.564792,-0.14193134,-0.4338706
56.039997,-32.6012,-0.7828655,0.20565958
56.059998,-13.372073,-1.5840333,0.5254247
56.079998,10.664334,0.9797035,0.045777034
56.1,-22.986637,-0.46239844,-0.2739881
56.12,58.737152,1.9411048,-0.114105515
56.14,1.049771,-0.62263197,-0.114105515
56.16,-8.564792,-0.30216488,0.045777034
56.18,-3.7575107,0.17853576,0.20565958
56.199997,20.278896,0.49900287,-0.114105515
56.219997,20.278896,0.9797035,0.20565958
56.239998,29.893461,0.9797035,0.045777034
56.26,1.049771,0.33876932,-0.114105515
56.28,-3.7575107,-0.14193134,-0.2739881
56.3,20.278896,0.9797035,-0.2739881
56.32,-27.793919,-0.7828655,0.36554214
56.34,5.857053,0.6592364,-0.114105515
56.36,-18.179356,-0.14193134,0.045777034
56.379997,-32.6012,-1.5840333,-0.114105515
56.399998,-3.7575107,0.018302217,-0.2739881
56.42,-22.986637,-1.1033326,0.20565958
56.44,1.049771,0.6592364,-0.114105515
56.46,5.857053,-0.14193134,-0.4338706
56.48,25.08618,0.9797035,-0.2739881
56.5,5.857053,0.6592364,0.045777034
56.52,20.278896,0.17853576,0.045777034
56.539997,-3.7575107,0.17853576,-0.2739881
56.559998,-13.372073,-0.46239844,-0.114105515
56.579998,-47.023045,-1.4237996,0.045777034
56.6,-37.40848,-1.2635663,0.20565958
56.62,-8.564792,-0.14193134,-0.114105515
56.64,-3.7575107,-0.46239844,0.045777034
56.66,10.664334,0.81947,0.20565958
56.68,25.08618,1.139937,-0.114105515
56.699997,-8.564792,-0.14193134,-0.114105515
56.719997,15.471616,1.3001705,0.20565958
56.739998,1.049771,-0.14193134,-0.4338706
56.76,5.857053,0.33876932,-0.114105515
56.78,34.700745,1.139937,-0.4338706
56.8,39.508022,0.49900287,-0.114105515
56.82,-3.7575107,0.17853576,0.045777034
56.84,29.893461,1.4604042,0.045777034
56.86,10.664334,0.9797035,0.045777034
56.879997,15.471616,0.49900287,0.20565958
56.899998,15.471616,0.33876932,0.045777034
56.92,-47.023045,-1.9045002,-0.59375316
56.94,-32.6012,-0.46239844,0.20565958
56.96,-42.215763,-1.2635663,-0.114105515
56.98,97.195404,2.902506,0.045777034
57.0,-8.564792,-0.30216488,0.045777034
57.02,-47.023045,-1.7442669,-0.114105515
57.039997,-85.48129,-1.9045002,0.045777034
57.059998,-8.564792,0.33876932,-0.114105515
57.079998,-27.793919,-1.9045002,0.045777034
57.1,-47.023045,-1.7442669,-0.114105515
57.12,15.471616,0.018302217,-0.114105515
57.14,-3.7575107,-0.62263197,-0.2739881
57.16,-3.7575107,-0.30216488,-0.4338706
57.18,1.049771,-0.30216488,-0.114105515
57.199997,-56.637608,-2.0647337,-0.2739881
57.219997,-51.830326,-2.2249672,-0.4338706
57.239998,-47.023045,-2.0647337,-0.2739881
57.26,-8.564792,-1.1033326,-0.114105515
57.28,20.278896,0.33876932,-0.114105515
57.3,-61.44489,-2.7056682,0.20565958
57.32,-27.793919,-1.4237996,-0.7536357
57.34,-42.215763,-1.9045002,0.20565958
57.36,29.893461,0.81947,0.20565958
57.379997,-51.830326,-1.9045002,0.045777034
57.399998,-32.6012,-1.7442669,-0.114105515
57.42,-71.05945,-3.3466022,-0.2739881
57.44,-51.830326,-2.8659017,-0.2739881
57.46,15.471616,0.17853576,-0.114105515
57.48,-3.7575107,-0.7828655,-0.2739881
57.5,1.049771,-1.1033326,-0.114105515
57.52,-18.179356,-0.46239844,0.045777034
57.539997,-27.793919,-1.4237996,-0.2739881
57.559998,-95.09586,-3.9875362,-0.2739881
57.579998,5.857053,-0.62263197,0.20565958
57.6,20.278896,0.17853576,-0.2739881
57.62,-13.372073,-0.62263197,0.20565958
57.64,-27.793919,-0.9430991,0.045777034
57.66,-90.288574,-2.7056682,-0.2739881
57.68,-3.7575107,-1.1033326,-0.2739881
57.699997,-47.023045,-1.9045002,0.045777034
57.719997,5.857053,-0.14193134,0.045777034
57.739998,-71.05945,-2.5454345,-0.2739881
57.76,-75.86674,-2.5454345,-0.2739881
57.78,-27.793919,-1.4237996,-0.2739881
57.8,-56.637608,-2.0647337,-0.114105515
57.82,39.508022,0.33876932,0.20565958
57.84,10.664334,0.17853576,-0.114105515
57.86,53.92987,1.7808713,-0.114105515
57.879997,5.857053,-0.14193134,0.045777034
57.899998,-37.40848,-0.46239844,-0.114105515
57.92,-47.023045,-1.7442669,-0.2739881
57.94,-32.6012,-1.7442669,-0.2739881
57.96,-71.05945,-2.385201,0.20565958
57.98,-32.6012,-1.4237996,-0.114105515
58.0,-22.986637,-0.30216488,-0.114105515
58.02,-42.215763,-1.9045002,-0.114105515
58.039997,5.857053,-0.30216488,0.045777034
58.059998,-13.372073,-0.7828655,-0.114105515
58.079998,25.08618,0.33876932,-0.114105515
58.1,15.471616,-0.14193134,-0.114105515
58.12,-47.023045,-1.9045002,0.5254247
58.14,10.664334,-0.7828655,-0.114105515
58.16,-8.564792,-1.4237996,-0.4338706
58.18,20.278896,-0.62263197,-0.2739881
58.199997,29.893461,0.018302217,-0.114105515
58.219997,-13.372073,-0.9430991,-0.4338706
58.239998,-66.25217,-2.385201,-0.2739881
58.26,-95.09586,-3.1863687,0.36554214
58.28,-8.564792,-0.7828655,-0.114105515
58.3,-27.793919,-1.7442669,-0.2739881
58.32,-8.564792,-0.46239844,-0.2739881
58.34,-27.793919,-1.1033326,-0.2739881
58.359997,-8.564792,-0.7828655,0.20565958
58.379997,15.471616,-0.7828655,0.045777034
58.399998,-27.793919,-1.1033326,0.045777034
58.42,5.857053,-0.46239844,-0.114105515
58.44,-61.44489,-1.1033326,0.045777034
58.46,-75.86674,-2.385201,-0.2739881
58.48,-51.830326,-1.5840333,0.045777034
58.5,-32.6012,-2.8659017,-0.114105515
58.52,-27.793919,-1.5840333,0.20565958
58.539997,-8.564792,0.49900287,-0.2739881
58.559998,1.049771,-0.14193134,-0.2739881
58.579998,-13.372073,-0.62263197,-0.2739881
58.6,-80.67402,-2.385201,-0.114105515
58.62,-8.564792,-1.1033326,0.045777034
58.64,-32.6012,-1.4237996,0.045777034
58.66,-32.6012,-1.4237996,0.20565958
58.68,-13.372073,-0.30216488,0.045777034
58.699997,5.857053,0.018302217,-0.114105515
58.719997,-8.564792,-1.4237996,0.045777034
58.739998,-3.7575107,-0.62263197,0.045777034
58.76,29.893461,0.6592364,-0.114105515
58.78,-47.023045,-0.9430991,-0.2739881
58.8,-42.215763,-0.62263197,-0.114105515
58.82,-61.44489,-2.0647337,-0.114105515
58.84,-8.564792,-1.2635663,-0.2739881
58.859997,25.08618,0.018302217,0.20565958
58.879997,-3.7575107,-0.46239844,-0.114105515
58.899998,10.664334,0.49900287,0.20565958
58.92,-61.44489,-2.0647337,0.045777034
58.94,1.049771,-0.30216488,-0.114105515
58.96,-47.023045,-1.4237996,-0.114105515
58.98,-8.564792,-0.7828655,0.045777034
59.0,-8.564792,-0.9430991,-0.114105515
59.02,92.38812,3.2229733,0.045777034
59.039997,-8.564792,-0.62263197,0.20565958
59.059998,15.471616,0.018302217,0.36554214
59.079998,-13.372073,-1.1033326,-0.2739881
59.1,-13.372073,-0.46239844,-0.2739881
59.12,-13.372073,-0.9430991,-0.114105515
59.14,-18.179356,-0.46239844,0.20565958
59.16,-32.6012,-0.62263197,0.20565958
59.18,-51.830326,-2.2249672,-0.114105515
59.199997,-13.372073,-0.9430991,-0.114105515
59.219997,-22.986637,-1.7442669,0.045777034
59.239998,-18.179356,-1.2635663,0.045777034
59.26,-18.179356,-0.14193134,0.20565958
59.28,-22.986637,-0.46239844,0.045777034
59.3,-75.86674,-1.4237996,-0.2739881
59.32,-8.564792,-0.9430991,-0.114105515
59.34,-37.40848,-1.2635663,0.045777034
59.359997,-66.25217,-0.7828655,0.20565958
59.379997,10.664334,-0.14193134,0.045777034
59.399998,-42.215763,-1.2635663,-0.114105515
59.42,53.92987,1.3001705,-0.114105515
59.44,-18.179356,0.018302217,0.20565958
59.46,-18.179356,-0.46239844,0.045777034
59.48,49.122585,1.6206378,-0.2739881
59.5,1.049771,0.6592364,0.36554214
59.52,5.857053,0.49900287,-0.114105515
59.539997,-13.372073,0.17853576,0.20565958
59.559998,25.08618,0.6592364,-0.114105515
59.579998,-22.986637,-0.7828655,0.20565958
59.6,-22.986637,-0.62263197,0.5254247
59.62,-22.986637,-0.30216488,0.20565958
59.64,5.857053,0.6592364,0.20565958
59.66,25.08618,0.9797035,0.20565958
59.68,39.508022,0.6592364,-0.114105515
59.699997,-22.986637,-0.14193134,-0.2739881
59.719997,5.857053,-0.14193134,0.20565958
59.739998,-3.7575107,-0.14193134,0.045777034
59.76,-32.6012,-1.2635663,-0.4338706
59.78,34.700745,1.4604042,0.045777034
59.8,-3.7575107,0.018302217,-0.2739881
59.82,29.893461,0.6592364,-0.2739881
59.84,20.278896,0.9797035,0.36554214
59.859997,15.471616,0.6592364,0.20565958
59.879997,-18.179356,0.33876932,0.20565958
59.899998,53.92987,0.81947,-0.2739881
59.92,44.315308,1.4604042,0.045777034
59.94,-22.986637,-0.62263197,0.045777034
59.96,-27.793919,-1.1033326,0.20565958
59.98,-3.7575107,0.49900287,0.045777034
60.0,39.508022,1.4604042,0.36554214
60.02,49.122585,2.261572,-0.114105515
60.039997,1.049771,-0.14193134,0.36554214
60.059998,15.471616,-0.14193134,-0.2739881
60.079998,10.664334,0.33876932,0.045777034
60.1,-13.372073,1.4604042,0.20565958
60.12,-27.793919,-1.2635663,-0.2739881
60.14,53.92987,1.3001705,-0.114105515
60.16,5.857053,-0.46239844,0.045777034
60.18,25.08618,-0.14193134,0.20565958
60.199997,10.664334,0.17853576,-0.114105515
60.219997,10.664334,-0.30216488,0.36554214
60.239998,-61.44489,-0.30216488,0.045777034
60.26,-42.215763,-1.9045002,0.20565958
60.28,-3.7575107,0.6592364,0.045777034
60.3,-8.564792,0.17853576,-0.114105515
60.32,-42.215763,-0.9430991,0.045777034
60.34,15.471616,-0.46239844,-0.114105515
60.359997,-22.986637,-0.62263197,-0.114105515
60.379997,-22.986637,-0.9430991,-0.114105515
60.399998,-13.372073,-0.62263197,-0.114105515
60.42,-37.40848,-1.7442669,0.045777034
60.44,1.049771,-0.9430991,-0.2739881
60.46,-27.793919,-0.7828655,0.20565958
60.48,5.857053,-0.30216488,-0.114105515
60.5,5.857053,-0.62263197,-0.4338706
60.52,10.664334,-0.14193134,-0.59375316
60.539997,-18.179356,-0.62263197,-0.114105515
60.559998,-18.179356,-1.7442669,0.045777034
60.579998,-22.986637,-0.14193134,0.20565958
60.6,130.84637,4.504842,0.36554214
60.62,20.278896,-0.46239844,-0.114105515
60.64,29.893461,1.4604042,0.36554214
60.66,25.08618,0.49900287,0.045777034
60.68,-66.25217,-2.0647337,-0.114105515
60.699997,-3.7575107,-0.14193134,-0.4338706
60.719997,-22.986637,-1.1033326,-0.114105515
60.739998,-47.023045,-2.0647337,-0.114105515
60.76,-18.179356,-1.5840333,0.045777034
60.78,5.857053,-0.14193134,-0.4338706
60.8,-37.40848,-1.5840333,0.20565958
60.82,63.54443,0.9797035,-0.114105515
60.84,1.049771,-0.46239844,0.045777034
60.859997,5.857053,-0.30216488,-0.114105515
60.879997,15.471616,0.17853576,0.045777034
60.899998,15.471616,-0.14193134,-0.2739881
60.92,-18.179356,-1.5840333,0.045777034
60.94,-22.986637,-0.46239844,-0.114105515
60.96,63.54443,0.49900287,-0.114105515
60.98,1.049771,-0.30216488,0.20565958
61.0,10.664334,0.81947,0.20565958
61.02,-32.6012,-2.0647337,-0.4338706
61.039997,-22.986637,-1.7442669,-0.114105515
61.059998,-8.564792,-0.14193134,-0.114105515
61.079998,5.857053,-0.46239844,-0.114105515
61.1,169.30463,3.2229733,0.045777034
61.12,29.893461,-0.14193134,-0.114105515
61.14,1.049771,-0.46239844,-0.2739881
61.16,5.857053,-0.9430991,-0.114105515
61.18,-90.288574,-4.6284704,0.045777034
61.199997,-18.179356,-1.1033326,-0.114105515
61.219997,10.664334,-0.14193134,0.045777034
61.239998,1.049771,-0.30216488,0.045777034
61.26,-42.215763,-0.9430991,0.045777034
61.28,-22.986637,-1.7442669,-0.114105515
61.3,-3.7575107,-0.9430991,-0.4338706
61.32,15.471616,0.33876932,-0.114105515
61.34,44.315308,0.9797035,0.045777034
61.359997,44.315308,0.17853576,-0.114105515
61.379997,1.049771,0.6592364,-0.4338706
61.399998,-37.40848,-1.4237996,0.5254247
61.42,-18.179356,0.018302217,-0.114105515
61.44,10.664334,0.33876932,0.045777034
61.46,20.278896,0.17853576,0.045777034
61.48,-61.44489,-2.2249672,-0.2739881
61.5,5.857053,-0.14193134,-0.114105515
61.52,-22.986637,-1.7442669,-1.393166
61.539997,34.700745,0.49900287,-0.114105515
61.559998,1.049771,0.33876932,-0.2739881
61.579998,-8.564792,-0.9430991,0.045777034
61.6,-22.986637,-2.2249672,0.36554214
61.62,-32.6012,-1.2635663,-0.2739881
61.64,-3.7575107,-0.14193134,0.045777034
61.66,20.278896,0.6592364,0.045777034
61.68,-128.74683,-4.14777,0.20565958
61.699997,-3.7575107,-1.2635663,0.20565958
61.719997,1.049771,0.33876932,-0.2739881
61.739998,1.049771,-0.62263197,0.045777034
61.76,39.508022,0.81947,0.045777034
61.78,10.664334,-0.30216488,-0.114105515
61.8,-27.793919,-1.7442669,-0.114105515
61.82,10.664334,0.49900287,0.045777034
61.84,-32.6012,-1.9045002,0.20565958
61.859997,44.315308,-0.30216488,-0.4338706
61.879997,82.77356,1.9411048,-0.4338706
61.899998,58.737152,1.7808713,0.045777034
61.92,29.893461,0.81947,0.20565958
61.94,34.700745,0.49900287,-0.114105515
61.96,-27.793919,-1.1033326,-0.114105515
61.98,-22.986637,-1.7442669,-0.4338706
62.0,-22.986637,-1.4237996,-0.114105515
62.02,-56.637608,-2.7056682,-0.59375316
62.039997,34.700745,0.33876932,0.045777034
62.059998,29.893461,0.6592364,-0.114105515
62.079998,-42.215763,-1.2635663,-0.2739881
62.1,-244.12158,-7.192207,0.045777034
62.12,-37.40848,-1.2635663,-0.114105515
62.14,-13.372073,0.17853576,0.045777034
62.16,5.857053,-0.14193134,-0.4338706
62.18,-239.31432,-6.5512733,-0.114105515
62.199997,-37.40848,-1.5840333,-0.114105515
62.219997,-37.40848,-1.7442669,0.045777034
62.239998,1.049771,-0.14193134,0.045777034
62.26,82.77356,1.9411048,0.36554214
62.28,1.049771,-0.30216488,-0.114105515
62.3,-13.372073,-0.30216488,0.045777034
62.32,-42.215763,-1.9045002,-0.2739881
62.34,39.508022,0.6592364,-0.2739881
62.359997,53.92987,1.3001705,-0.2739881
62.379997,34.700745,0.33876932,-0.2739881
62.399998,34.700745,1.139937,-0.114105515
62.42,10.664334,-0.30216488,-0.114105515
62.44,34.700745,0.17853576,-0.2739881
62.46,1.049771,-0.62263197,0.045777034
62.48,-32.6012,-1.1033326,0.045777034
62.5,-3.7575107,-1.2635663,0.045777034
62.52,-56.637608,-1.5840333,-0.59375316
62.539997,5.857053,0.33876932,0.20565958
62.559998,5.857053,-0.7828655,0.045777034
62.579998,10.664334,0.17853576,-0.2739881
62.6,-123.93955,-1.9045002,-0.114105515
62.62,5.857053,0.33876932,-0.114105515
62.64,-13.372073,0.018302217,-0.114105515
62.66,39.508022,0.81947,0.045777034
62.68,-229.69974,-6.5512733,-0.114105515
62.699997,-3.7575107,0.018302217,0.20565958
62.719997,-8.564792,-1.2635663,-0.114105515
62.739998,-42.215763,-1.1033326,0.045777034
62.76,5.857053,-0.14193134,0.20565958
62.78,82.77356,1.4604042,0.045777034
62.8,-22.986637,-0.30216488,0.045777034
62.82,-47.023045,-1.1033326,-0.114105515
62.84,20.278896,-0.62263197,-0.114105515
62.859997,58.737152,0.81947,-0.114105515
62.879997,20.278896,0.33876932,0.045777034
62.899998,-3.7575107,0.6592364,0.20565958
62.92,10.664334,0.6592364,0.5254247
62.94,-32.6012,-1.9045002,-0.114105515
62.96,10.664334,0.49900287,0.045777034
62.98,1.049771,0.018302217,-0.114105515
63.0,25.08618,0.9797035,-0.114105515
63.02,-229.69974,-6.230806,-0.4338706
63.039997,39.508022,1.6206378,0.045777034
63.059998,-3.7575107,0.018302217,-0.114105515
63.079998,-13.372073,-0.46239844,0.045777034
63.1,5.857053,2.261572,-0.114105515
63.12,5.857053,0.81947,0.20565958
63.14,-3.7575107,-0.30216488,-0.114105515
63.16,-3.7575107,-1.4237996,0.045777034
63.18,-253.73613,-4.6284704,-0.114105515
63.199997,-3.7575107,0.49900287,-0.114105515
63.219997,29.893461,1.4604042,0.045777034
63.239998,-3.7575107,-0.14193134,0.20565958
63.26,-51.830326,-2.5454345,0.36554214
63.28,53.92987,2.261572,0.045777034
63.3,10.664334,0.6592364,-0.2739881
63.32,-3.7575107,0.6592364,0.045777034
63.34,-3.7575107,0.81947,0.20565958
63.359997,58.737152,-0.14193134,-0.4338706
63.379997,-27.793919,-0.46239844,0.20565958
63.399998,-32.6012,-0.9430991,0.36554214
63.42,-66.25217,-1.4237996,-0.114105515
63.44,-71.05945,-1.9045002,-0.114105515
63.46,39.508022,1.3001705,0.045777034
63.48,15.471616,0.6592364,-0.2739881
63.5,15.471616,1.6206378,0.36554214
63.52,-186.4342,-5.7501054,-0.2739881
63.539997,1.049771,0.49900287,-0.114105515
63.559998,-22.986637,-0.14193134,0.20565958
63.579998,-3.7575107,0.17853576,0.36554214
63.6,212.57016,6.1071773,-0.2739881
63.62,-22.986637,-0.62263197,-0.114105515
63.64,58.737152,1.4604042,-0.114105515
63.66,15.471616,0.33876932,-0.114105515
63.68,-143.16867,-1.4237996,-0.114105515
63.699997,-18.179356,0.018302217,0.045777034
63.719997,-22.986637,-2.0647337,-0.2739881
63.739998,39.508022,0.49900287,-0.4338706
63.76,-13.372073,-0.46239844,0.20565958
63.78,82.77356,2.261572,0.20565958
63.8,44.315308,1.139937,-0.114105515
63.82,25.08618,0.81947,-0.4338706
63.84,58.737152,1.9411048,-0.114105515
63.859997,68.35171,1.7808713,-0.114105515
63.879997,5.857053,-0.14193134,-0.114105515
63.899998,29.893461,1.139937,0.045777034
63.92,10.664334,0.018302217,-0.2739881
63.94,-51.830326,-0.9430991,0.045777034
63.96,-8.564792,-1.1033326,0.20565958
63.98,-8.564792,-0.14193134,0.045777034
64.0,20.278896,0.9797035,-0.114105515
64.02,-181.62692,-5.429638,-0.4338706
64.04,-22.986637,0.018302217,-0.2739881
64.06,-13.372073,-0.7828655,-0.2739881
64.08,15.471616,0.33876932,-0.59375316
64.1,150.0755,2.5820389,0.045777034
64.119995,34.700745,0.17853576,-0.114105515
64.14,34.700745,1.7808713,0.045777034
64.159996,-3.7575107,0.17853576,-0.114105515
64.18,-47.023045,0.81947,-0.114105515
64.2,5.857053,-0.46239844,-0.114105515
64.22,5.857053,0.33876932,-0.2739881
64.24,-8.564792,0.33876932,-0.114105515
64.26,10.664334,0.018302217,-0.2739881
64.28,29.893461,0.81947,-0.4338706
64.299995,1.049771,-0.30216488,-0.2739881
64.32,44.315308,1.4604042,0.20565958
64.34,39.508022,1.7808713,0.045777034
64.36,25.08618,1.139937,0.045777034
64.38,-32.6012,-0.62263197,-0.4338706
64.4,29.893461,0.6592364,0.20565958
64.42,-47.023045,-1.1033326,-0.114105515
64.439995,73.159,2.4218054,0.20565958
64.46,20.278896,0.81947,-0.2739881
64.479996,39.508022,1.6206378,-0.114105515
64.5,29.893461,0.6592364,-0.2739881
64.52,-162.3978,-5.2694044,-0.2739881
64.54,20.278896,0.6592364,-0.4338706
64.56,-8.564792,-0.30216488,-0.2739881
64.58,-42.215763,-1.7442669,-0.114105515
64.6,-13.372073,-2.7056682,-0.2739881
64.619995,-3.7575107,-0.14193134,-0.114105515
64.64,-3.7575107,-0.14193134,-0.2739881
64.659996,39.508022,1.7808713,-0.2739881
64.68,49.122585,2.902506,-0.2739881
64.7,25.08618,-0.14193134,-0.114105515
64.72,5.857053,-0.14193134,-0.4338706
64.74,5.857053,0.49900287,-0.114105515
64.76,-13.372073,-0.46239844,0.045777034
64.78,1.049771,0.018302217,0.045777034
64.799995,63.54443,1.3001705,0.045777034
64.82,15.471616,0.17853576,-0.2739881
64.84,29.893461,0.9797035,-0.114105515
64.86,39.508022,1.4604042,-0.114105515
64.88,-8.564792,-0.30216488,-0.2739881
64.9,-27.793919,-1.5840333,0.045777034
64.92,5.857053,0.6592364,-0.114105515
64.939995,97.195404,1.9411048,0.045777034
64.96,25.08618,0.9797035,-0.2739881
64.979996,15.471616,0.9797035,-0.114105515
65.0,73.159,2.261572,-0.114105515
65.02,-42.215763,-2.0647337,-0.2739881
65.04,-8.564792,-0.30216488,0.5254247
65.06,49.122585,1.4604042,0.045777034
65.08,15.471616,0.6592364,-0.114105515
65.1,-181.62692,-5.2694044,-0.4338706
65.119995,63.54443,1.6206378,-0.114105515
65.14,-27.793919,-0.62263197,-0.2739881
65.159996,25.08618,0.81947,-0.2739881
65.18,44.315308,1.6206378,-0.114105515
65.2,44.315308,1.4604042,-0.2739881
65.22,29.893461,0.49900287,-0.4338706
65.24,10.664334,0.33876932,0.20565958
65.26,-37.40848,-0.9430991,-0.114105515
65.28,-18.179356,-0.14193134,-0.114105515
65.299995,-18.179356,-1.2635663,-0.4338706
65.32,-22.986637,-0.46239844,-0.114105515
65.34,25.08618,1.139937,-0.114105515
65.36,10.664334,0.33876932,0.045777034
65.38,49.122585,1.9411048,0.045777034
65.4,-3.7575107,0.49900287,-0.2739881
65.42,-37.40848,-0.14193134,-0.114105515
65.439995,-22.986637,-0.9430991,-0.2739881
65.46,-42.215763,-1.1033326,-0.4338706
65.479996,-8.564792,0.33876932,0.045777034
65.5,-13.372073,0.17853576,-0.2739881
65.52,1.049771,-0.9430991,0.5254247
65.54,29.893461,1.9411048,0.20565958
65.56,20.278896,1.139937,-0.2739881
65.58,20.278896,0.33876932,-0.4338706
65.6,-128.74683,-3.827303,-0.114105515
65.619995,29.893461,1.139937,-0.2739881
65.64,5.857053,-0.62263197,-0.114105515
65.659996,15.471616,0.33876932,-0.114105515
65.68,29.893461,1.6206378,0.20565958
65.7,20.278896,0.49900287,-0.4338706
65.72,63.54443,2.1013381,0.045777034
65.74,-8.564792,0.33876932,-0.4338706
65.76,5.857053,0.9797035,-0.2739881
65.78,49.122585,1.9411048,0.045777034
65.799995,-27.793919,-0.9430991,0.5254247
65.82,-13.372073,-0.46239844,0.045777034
65.84,-3.7575107,-0.30216488,-0.2739881
65.86,-13.372073,-0.30216488,0.045777034
65.88,-51.830326,-1.7442669,0.045777034
65.9,29.893461,1.139937,0.5254247
65.92,-32.6012,-1.1033326,-0.114105515
65.939995,-22.986637,-1.5840333,-0.2739881
65.96,-13.372073,-0.7828655,0.20565958
65.979996,5.857053,-0.14193134,-0.114105515
66.0,-13.372073,-0.9430991,-0.114105515
66.02,39.508022,1.9411048,0.20565958
66.04,10.664334,-0.30216488,0.045777034
66.06,-13.372073,-0.30216488,0.36554214
66.08,-13.372073,-0.7828655,-0.114105515
66.1,-3.7575107,0.018302217,0.36554214
66.119995,-47.023045,-0.9430991,-0.2739881
66.14,44.315308,0.81947,-0.114105515
66.159996,-27.793919,-1.4237996,0.20565958
66.18,5.857053,-0.30216488,-0.2739881
66.2,1.049771,0.17853576,0.045777034
66.22,15.471616,0.49900287,0.045777034
66.24,-22.986637,-0.7828655,0.68530726
66.26,-3.7575107,-0.14193134,0.045777034
66.28,39.508022,0.81947,0.20565958
66.299995,29.893461,0.6592364,0.20565958
66.32,10.664334,0.17853576,0.20565958
66.34,-3.7575107,-0.30216488,0.36554214
66.36,20.278896,0.81947,0.20565958
66.38,-8.564792,-0.30216488,-0.114105515
66.4,29.893461,0.17853576,0.20565958
66.42,10.664334,0.33876932,-0.114105515
66.439995,-95.09586,-1.4237996,0.045777034
66.46,1.049771,0.17853576,0.20565958
66.479996,29.893461,1.139937,0.5254247
66.5,53.92987,0.81947,0.5254247
66.52,5.857053,1.4604042,0.8451898
66.54,-13.372073,-0.46239844,0.36554214
66.56,15.471616,0.9797035,0.5254247
66.58,-47.023045,-0.7828655,0.045777034
66.6,15.471616,0.33876932,-0.114105515
66.619995,1.049771,0.018302217,0.045777034
66.64,39.508022,0.6592364,-0.114105515
66.659996,-13.372073,0.17853576,0.045777034
66.68,20.278896,0.9797035,0.68530726
66.7,5.857053,-0.46239844,0.045777034
66.72,29.893461,0.81947,0.045777034
66.74,-51.830326,-1.4237996,0.20565958
66.76,20.278896,0.6592364,0.20565958
66.78,73.159,1.9411048,0.045777034
66.799995,10.664334,0.17853576,0.045777034
66.82,10.664334,0.49900287,0.20565958
66.84,-22.986637,-0.62263197,-0.114105515
66.86,5.857053,-0.14193134,0.20565958
66.88,-18.179356,-1.1033326,0.045777034
66.9,29.893461,1.6206378,0.36554214
66.92,-32.6012,-1.1033326,0.20565958
66.939995,-47.023045,-0.9430991,-0.114105515
66.96,15.471616,0.9797035,0.20565958
66.979996,-18.179356,-0.46239844,0.36554214
67.0,10.664334,0.33876932,0.045777034
67.02,-13.372073,0.17853576,-0.114105515
67.04,-3.7575107,-0.46239844,-0.114105515
67.06,29.893461,1.4604042,-0.114105515
67.08,-51.830326,-1.7442669,-0.114105515
67.1,-22.986637,-0.46239844,0.045777034
67.119995,1.049771,-0.62263197,-0.2739881
67.14,44.315308,1.6206378,-0.114105515
67.159996,-8.564792,0.018302217,0.045777034
67.18,25.08618,0.33876932,0.045777034
67.2,1.049771,-0.62263197,0.045777034
67.22,-56.637608,-1.7442669,-0.114105515
67.24,73.159,2.261572,0.045777034
67.26,53.92987,1.139937,-0.114105515
67.28,5.857053,-0.30216488,-0.4338706
67.299995,-27.793919,-1.5840333,-0.4338706
67.32,39.508022,1.4604042,-0.4338706
67.34,10.664334,0.17853576,-0.114105515
67.36,1.049771,0.33876932,-0.2739881
67.38,5.857053,0.018302217,0.045777034
67.4,34.700745,0.81947,-0.2739881
67.42,63.54443,2.1013381,-0.114105515
67.439995,29.893461,0.17853576,-0.2739881
67.46,-3.7575107,0.17853576,0.045777034
67.479996,34.700745,1.139937,-0.2739881
67.5,5.857053,0.33876932,-0.2739881
67.52,63.54443,2.4218054,0.045777034
67.54,29.893461,0.9797035,0.20565958
67.56,-56.637608,-0.62263197,-0.2739881
67.58,-27.793919,-1.1033326,-0.114105515
67.6,34.700745,0.49900287,-0.114105515
67.619995,106.80997,2.902506,0.045777034
67.64,1.049771,1.139937,0.045777034
67.659996,34.700745,1.3001705,-0.4338706
67.68,49.122585,1.3001705,0.045777034
67.7,-61.44489,-1.1033326,-0.114105515
67.72,25.08618,0.33876932,0.045777034
67.74,34.700745,1.4604042,-0.114105515
67.76,1.049771,-0.7828655,-0.114105515
67.78,29.893461,0.33876932,-0.2739881
67.799995,15.471616,0.33876932,-0.114105515
67.82,34.700745,0.33876932,-0.4338706
67.84,20.278896,0.81947,-0.114105515
67.86,34.700745,0.9797035,-0.114105515
67.88,-3.7575107,-0.30216488,0.045777034
67.9,-18.179356,-0.62263197,0.045777034
67.92,-22.986637,-0.7828655,0.045777034
67.939995,49.122585,0.6592364,-0.114105515
67.96,73.159,2.7422726,-0.59375316
67.979996,5.857053,0.33876932,0.045777034
68.0,15.471616,0.6592364,-0.114105515
68.02,25.08618,0.9797035,-0.2739881
68.04,39.508022,0.49900287,-0.4338706
68.06,25.08618,0.9797035,-0.2739881
68.08,-3.7575107,1.3001705,0.20565958
68.1,-13.372073,-0.62263197,0.045777034
68.119995,-13.372073,-0.7828655,-0.114105515
68.14,10.664334,0.17853576,0.045777034
68.159996,34.700745,1.3001705,0.045777034
68.18,15.471616,-0.14193134,-0.114105515
68.2,20.278896,0.6592364,0.045777034
68.22,-13.372073,-0.14193134,-0.114105515
68.24,44.315308,1.6206378,-0.2739881
68.26,-13.372073,-0.62263197,0.20565958
68.28,5.857053,0.33876932,0.36554214
68.299995,15.471616,0.9797035,-0.114105515
68.32,15.471616,0.49900287,0.045777034
68.34,44.315308,0.9797035,0.36554214
68.36,5.857053,0.49900287,0.045777034
68.38,44.315308,1.9411048,0.20565958
68.4,-22.986637,0.018302217,-0.114105515
68.42,97.195404,2.4218054,-0.114105515
68.439995,-27.793919,-0.9430991,0.045777034
68.46,29.893461,0.9797035,-0.114105515
68.479996,29.893461,1.139937,-0.4338706
68.5,-8.564792,-0.14193134,-0.114105515
68.52,15.471616,0.17853576,-0.2739881
68.54,-3.7575107,-0.14193134,0.045777034
68.56,5.857053,0.018302217,0.045777034
68.58,15.471616,0.17853576,-0.4338706
68.6,-22.986637,-0.30216488,-0.114105515
68.619995,-3.7575107,-0.46239844,0.045777034
68.64,15.471616,0.17853576,-0.114105515
68.659996,5.857053,-0.30216488,-0.114105515
68.68,25.08618,0.6592364,-0.2739881
68.7,39.508022,1.139937,-0.114105515
68.72,34.700745,1.139937,-0.114105515
68.74,29.893461,1.3001705,0.20565958
68.76,-3.7575107,-1.1033326,-0.114105515
68.78,-3.7575107,0.49900287,0.045777034
68.799995,15.471616,0.33876932,-0.2739881
68.82,15.471616,0.33876932,0.045777034
68.84,-8.564792,0.018302217,0.045777034
68.86,-22.986637,-1.7442669,-0.59375316
68.88,-3.7575107,-0.14193134,-0.2739881
68.9,-13.372073,-0.9430991,-0.114105515
68.92,-8.564792,-0.62263197,0.045777034
68.939995,63.54443,0.6592364,-0.2739881
68.96,-51.830326,-2.5454345,0.045777034
68.979996,-18.179356,-0.46239844,0.20565958
69.0,49.122585,1.139937,0.045777034
69.02,73.159,2.5820389,-0.114105515
69.04,20.278896,0.81947,-0.114105515
69.06,25.08618,0.81947,-0.2739881
69.08,25.08618,1.4604042,0.20565958
69.1,58.737152,2.1013381,0.045777034
69.119995,29.893461,0.9797035,0.045777034
69.14,-18.179356,-0.46239844,-0.114105515
69.159996,5.857053,-0.46239844,-0.114105515
69.18,-42.215763,-0.62263197,0.045777034
69.2,73.159,2.5820389,-0.59375316
69.22,10.664334,0.018302217,0.045777034
69.24,-47.023045,-0.7828655,0.045777034
69.26,10.664334,0.33876932,0.20565958
69.28,10.664334,0.81947,0.045777034
69.299995,-47.023045,-1.9045002,-0.114105515
69.32,15.471616,0.81947,-0.114105515
69.34,15.471616,0.9797035,-0.114105515
69.36,-13.372073,-1.5840333,-0.4338706
69.38,53.92987,1.4604042,-0.114105515
69.4,20.278896,1.4604042,0.20565958
69.42,10.664334,-0.62263197,-0.114105515
69.439995,58.737152,1.6206378,0.36554214
69.46,-27.793919,-0.30216488,0.5254247
69.479996,-3.7575107,0.018302217,0.045777034
69.5,15.471616,0.81947,0.20565958
69.52,-22.986637,-1.4237996,-0.2739881
69.54,15.471616,0.49900287,0.045777034
69.56,20.278896,0.018302217,0.20565958
69.58,5.857053,-0.46239844,0.045777034
69.6,-71.05945,-1.4237996,0.36554214
69.619995,-22.986637,-0.62263197,0.045777034
69.64,-32.6012,-0.9430991,0.045777034
69.659996,10.664334,0.33876932,-0.114105515
69.68,15.471616,0.49900287,0.20565958
69.7,-3.7575107,0.018302217,-0.114105515
69.72,44.315308,1.4604042,-0.114105515
69.74,25.08618,0.33876932,-0.2739881
69.76,20.278896,0.018302217,0.045777034
69.78,-8.564792,1.139937,0.045777034
69.799995,-8.564792,-0.14193134,-0.114105515
69.82,-3.7575107,0.018302217,0.20565958
69.84,-22.986637,0.17853576,0.20565958
69.86,44.315308,0.81947,0.045777034
69.88,-18.179356,-0.46239844,0.20565958
69.9,-66.25217,-1.7442669,0.045777034
69.92,-18.179356,-0.62263197,0.045777034
69.939995,-18.179356,-2.2249672,-0.2739881
69.96,29.893461,0.33876932,-0.2739881
69.979996,-8.564792,-0.14193134,0.045777034
70.0,-8.564792,-1.1033326,0.68530726
70.02,-200.85605,-4.6284704,-0.114105515
70.04,-13.372073,0.018302217,0.20565958
70.06,73.159,1.7808713,-0.114105515
70.08,-8.564792,0.81947,0.36554214
70.1,-61.44489,-0.7828655,0.5254247
70.119995,-32.6012,-1.4237996,0.36554214
70.14,-22.986637,-0.7828655,0.045777034
70.159996,5.857053,0.33876932,0.045777034
70.18,10.664334,0.17853576,0.20565958
70.2,20.278896,0.9797035,-0.114105515
70.22,5.857053,-0.30216488,0.045777034
70.24,63.54443,1.3001705,0.20565958
70.26,49.122585,1.4604042,0.20565958
70.28,10.664334,0.6592364,0.36554214
70.299995,-13.372073,-0.14193134,0.36554214
70.32,-22.986637,0.018302217,-0.114105515
70.34,15.471616,0.6592364,-0.114105515
70.36,44.315308,0.81947,-0.114105515
70.38,25.08618,0.17853576,0.045777034
70.4,-3.7575107,-0.30216488,-0.114105515
70.42,20.278896,0.17853576,0.045777034
70.439995,-3.7575107,-0.46239844,0.20565958
70.46,39.508022,2.1013381,-0.114105515
70.479996,34.700745,0.6592364,0.36554214
70.5,29.893461,1.6206378,0.5254247
70.52,-340.2672,-7.192207,0.045777034
70.54,1.049771,0.17853576,0.36554214
70.56,-8.564792,-0.62263197,-0.114105515
70.58,5.857053,0.33876932,-0.114105515
70.6,29.893461,0.81947,0.20565958
70.619995,34.700745,1.3001705,0.20565958
70.64,1.049771,-0.46239844,0.20565958
70.659996,39.508022,1.3001705,0.045777034
70.68,10.664334,-0.14193134,0.045777034
70.7,-18.179356,-0.46239844,0.045777034
70.72,-13.372073,-0.46239844,-0.114105515
70.74,25.08618,0.17853576,-0.114105515
70.76,63.54443,0.9797035,0.36554214
70.78,5.857053,0.33876932,0.045777034
70.799995,20.278896,0.49900287,-0.114105515
70.82,53.92987,1.3001705,0.20565958
70.84,1.049771,0.33876932,0.045777034
70.86,49.122585,0.018302217,-0.114105515
70.88,-8.564792,-0.46239844,0.20565958
70.9,20.278896,1.139937,0.20565958
70.92,15.471616,0.49900287,0.20565958
70.939995,-47.023045,-1.9045002,0.36554214
70.96,25.08618,0.81947,0.045777034
70.979996,29.893461,0.81947,-0.114105515
71.0,-3.7575107,-0.30216488,0.045777034
71.02,-349.88177,-7.0319734,0.36554214
71.04,-51.830326,-1.4237996,0.045777034
71.06,-32.6012,-0.7828655,0.20565958
71.08,-18.179356,-0.30216488,0.20565958
71.1,-18.179356,-1.1033326,0.20565958
71.119995,25.08618,0.17853576,0.20565958
71.14,5.857053,0.018302217,0.20565958
71.159996,25.08618,0.49900287,0.045777034
71.18,-37.40848,-1.5840333,0.045777034
71.2,-18.179356,-0.30216488,0.20565958
71.22,20.278896,0.49900287,0.20565958
71.24,10.664334,0.17853576,-0.114105515
71.26,25.08618,1.4604042,0.5254247
71.28,-3.7575107,0.81947,0.045777034
71.299995,25.08618,0.33876932,0.045777034
71.32,34.700745,0.49900287,-0.114105515
71.34,-8.564792,-1.1033326,-0.114105515
71.36,34.700745,-0.14193134,0.20565958
71.38,20.278896,0.81947,0.20565958
71.4,-32.6012,-1.5840333,-0.114105515
71.42,25.08618,0.9797035,0.045777034
71.439995,-8.564792,-0.46239844,-0.2739881
71.46,-8.564792,-0.62263197,-0.114105515
71.479996,-32.6012,-0.7828655,-0.114105515
71.5,20.278896,0.9797035,0.20565958
71.52,-354.68906,-6.8717403,0.045777034
71.54,-8.564792,-0.30216488,-0.4338706
71.56,10.664334,0.49900287,0.20565958
71.58,34.700745,0.6592364,0.20565958
71.6,-8.564792,1.139937,-0.114105515
71.619995,-3.7575107,0.49900287,0.045777034
71.64,-8.564792,-0.14193134,-0.114105515
71.659996,34.700745,0.17853576,-0.4338706
71.68,-90.288574,-3.1863687,0.045777034
71.7,5.857053,0.49900287,0.045777034
71.72,34.700745,0.49900287,0.045777034
71.74,-8.564792,0.49900287,0.20565958
71.76,49.122585,1.7808713,0.8451898
71.78,10.664334,-0.62263197,0.20565958
71.799995,-8.564792,-0.46239844,0.20565958
71.82,63.54443,1.6206378,0.045777034
71.84,-13.372073,-0.7828655,0.36554214
71.86,39.508022,0.9797035,0.045777034
71.88,20.278896,0.81947,-0.114105515
71.9,10.664334,0.018302217,0.36554214
71.92,-22.986637,-0.30216488,0.045777034
71.939995,-3.7575107,0.018302217,0.045777034
71.96,15.471616,0.9797035,0.045777034
71.979996,5.857053,0.6592364,0.045777034
72.0,5.857053,0.49900287,0.045777034
72.02,-258.54343,-5.910339,0.045777034
72.04,34.700745,1.139937,0.045777034
72.06,34.700745,0.6592364,-0.114105515
72.08,15.471616,0.018302217,-0.2739881
72.1,25.08618,1.7808713,0.045777034
72.119995,5.857053,0.49900287,0.20565958
72.14,29.893461,0.9797035,0.5254247
72.159996,68.35171,1.9411048,0.20565958
72.18,-104.71042,-3.5068357,0.20565958
72.2,49.122585,1.139937,-0.114105515
72.22,44.315308,0.9797035,-0.114105515
72.24,15.471616,0.81947,-0.114105515
72.26,106.80997,2.261572,0.5254247
72.28,34.700745,1.139937,0.20565958
72.299995,29.893461,0.9797035,-0.4338706
72.32,-3.7575107,0.33876932,0.20565958
72.34,25.08618,0.81947,0.20565958
72.36,25.08618,0.6592364,0.36554214
72.38,-32.6012,-0.14193134,0.045777034
72.4,44.315308,1.4604042,0.20565958
72.42,15.471616,0.81947,0.20565958
72.439995,-27.793919,-0.46239844,0.36554214
72.46,34.700745,0.49900287,0.045777034
72.479996,5.857053,0.49900287,0.20565958
72.5,34.700745,0.9797035,0.20565958
72.52,-123.93955,-3.6670694,0.045777034
72.54,-56.637608,-1.2635663,0.20565958
72.56,-18.179356,-0.7828655,-0.114105515
72.58,1.049771,0.9797035,0.045777034
72.6,-18.179356,1.139937,0.36554214
72.619995,10.664334,0.33876932,0.20565958
72.64,25.08618,0.81947,0.045777034
72.659996,-3.7575107,0.018302217,0.20565958
72.68,-109.5177,-3.9875362,-0.114105515
72.7,44.315308,0.81947,-0.2739881
72.72,20.278896,0.33876932,0.045777034
72.74,49.122585,1.4604042,0.20565958
72.76,126.0391,1.4604042,0.20565958
72.78,39.508022,0.6592364,0.045777034
72.799995,-75.86674,-1.9045002,0.36554214
72.82,10.664334,0.17853576,0.36554214
72.84,-47.023045,-1.1033326,0.20565958
72.86,-27.793919,-0.7828655,0.045777034
72.88,-22.986637,-1.4237996,-0.2739881
72.9,-3.7575107,-0.30216488,-0.2739881
72.92,15.471616,0.9797035,-0.114105515
72.939995,111.61725,3.5434403,0.36554214
72.96,-13.372073,-0.62263197,0.20565958
72.979996,-3.7575107,-0.46239844,0.045777034
73.0,10.664334,-0.30216488,0.045777034
73.02,63.54443,0.81947,0.36554214
73.04,-18.179356,-0.62263197,0.20565958
73.06,49.122585,1.4604042,-0.2739881
73.08,5.857053,0.33876932,0.68530726
73.1,-22.986637,0.33876932,0.045777034
73.119995,1.049771,0.81947,0.045777034
73.14,53.92987,1.4604042,0.20565958
73.159996,-13.372073,0.17853576,0.045777034
73.18,-210.47061,-5.429638,0.045777034
73.2,15.471616,0.018302217,0.045777034
73.22,29.893461,1.4604042,-0.2739881
73.24,-32.6012,-0.62263197,-0.114105515
73.26,135.65366,0.018302217,-0.2739881
73.28,-22.986637,-0.9430991,0.36554214
73.299995,39.508022,0.17853576,0.045777034
73.32,1.049771,0.6592364,0.20565958
73.34,10.664334,0.17853576,0.045777034
73.36,1.049771,0.49900287,0.045777034
73.38,25.08618,0.81947,0.045777034
73.4,1.049771,-0.62263197,0.045777034
73.42,29.893461,-0.30216488,0.20565958
73.439995,15.471616,1.139937,0.5254247
73.46,-8.564792,-0.30216488,0.045777034
73.479996,-32.6012,-0.7828655,0.045777034
73.5,-18.179356,-0.62263197,0.36554214
73.52,164.49734,1.9411048,0.045777034
73.54,15.471616,0.6592364,0.045777034
73.56,-22.986637,-0.62263197,0.045777034
73.58,-22.986637,-0.9430991,0.20565958
73.6,39.508022,0.49900287,0.045777034
73.619995,-3.7575107,0.17853576,0.20565958
73.64,5.857053,0.17853576,-0.114105515
73.659996,-27.793919,-0.62263197,0.045777034
73.68,-157.59052,-4.7887044,0.045777034
73.7,-3.7575107,-0.14193134,0.045777034
73.72,-71.05945,-1.2635663,-0.114105515
73.74,-13.372073,0.49900287,-0.114105515
73.76,-8.564792,-2.8659017,-0.114105515
73.78,77.96628,2.261572,0.36554214
73.799995,29.893461,0.6592364,-0.2739881
73.82,10.664334,0.6592364,0.36554214
73.84,10.664334,0.33876932,0.5254247
73.86,-56.637608,0.49900287,0.68530726
73.88,15.471616,0.49900287,-0.2739881
73.9,58.737152,0.9797035,-0.114105515
73.92,44.315308,0.81947,-0.4338706
73.939995,-32.6012,-1.1033326,0.20565958
73.96,25.08618,0.33876932,0.20565958
73.979996,29.893461,0.17853576,-0.2739881
74.0,-3.7575107,0.17853576,0.045777034
74.02,169.30463,-0.46239844,-0.2739881
74.04,-22.986637,-0.9430991,-0.2739881
74.06,-3.7575107,-0.30216488,0.36554214
74.08,-32.6012,-0.7828655,0.045777034
74.1,63.54443,0.9797035,0.045777034
74.119995,29.893461,0.9797035,0.20565958
74.14,29.893461,1.3001705,-0.114105515
74.159996,34.700745,1.6206378,0.36554214
74.18,-80.67402,-1.9045002,-0.59375316
74.2,10.664334,-0.30216488,-0.114105515
74.22,-56.637608,-1.5840333,-0.114105515
74.24,-18.179356,-0.30216488,0.045777034
74.26,-3.7575107,-1.5840333,-0.114105515
74.28,-47.023045,-0.7828655,-0.114105515
74.299995,15.471616,0.9797035,0.045777034
74.32,29.893461,1.139937,0.045777034
74.34,1.049771,0.33876932,-0.114105515
74.36,-51.830326,0.6592364,0.20565958
74.38,-3.7575107,0.17853576,0.045777034
74.4,-18.179356,-0.30216488,-0.114105515
74.42,-22.986637,-1.1033326,-0.114105515
74.439995,15.471616,-0.30216488,-0.114105515
74.46,34.700745,0.018302217,-0.4338706
74.479996,1.049771,-0.30216488,-0.2739881
74.5,1.049771,0.33876932,0.20565958
74.52,130.84637,-1.9045002,0.045777034
74.54,1.049771,-0.14193134,-0.114105515
74.56,-18.179356,-0.30216488,-0.2739881
74.58,25.08618,0.81947,0.045777034
74.6,-13.372073,-0.46239844,0.20565958
74.619995,-3.7575107,-0.9430991,-0.4338706
74.64,1.049771,0.33876932,0.045777034
74.659996,-3.7575107,0.018302217,0.045777034
74.68,-47.023045,-1.1033326,-0.4338706
74.7,10.664334,-0.62263197,-0.114105515
74.72,15.471616,0.33876932,-0.2739881
74.74,34.700745,0.9797035,-0.114105515
74.76,44.315308,0.6592364,-0.4338706
74.78,-3.7575107,0.33876932,-0.114105515
74.799995,44.315308,0.81947,-0.4338706
74.82,25.08618,0.33876932,-0.4338706
74.84,77.96628,2.5820389,-0.2739881
74.86,10.664334,1.6206378,-0.114105515
74.88,-27.793919,-0.14193134,0.045777034
74.9,1.049771,1.139937,0.20565958
74.92,5.857053,0.33876932,0.20565958
74.939995,-13.372073,-0.7828655,0.045777034
74.96,-18.179356,-1.4237996,0.045777034
74.979996,1.049771,0.33876932,0.045777034
75.0,15.471616,0.6592364,0.045777034
75.02,164.49734,-1.5840333,-0.4338706
75.04,-47.023045,-2.385201,-0.114105515
75.06,20.278896,0.81947,0.045777034
75.08,-32.6012,-1.1033326,0.045777034
75.1,-3.7575107,0.49900287,0.045777034
75.119995,-32.6012,-0.62263197,-0.114105515
75.14,-18.179356,-0.62263197,0.36554214
75.159996,20.278896,0.6592364,0.20565958
75.18,-75.86674,-1.2635663,-0.2739881
75.2,5.857053,0.6592364,-0.114105515
75.22,29.893461,0.9797035,-0.114105515
75.24,49.122585,1.7808713,-0.2739881
75.259995,49.122585,0.9797035,0.045777034
75.28,49.122585,2.7422726,0.045777034
75.299995,-13.372073,-0.7828655,0.045777034
75.32,5.857053,0.49900287,-0.2739881
75.34,-8.564792,-0.14193134,0.045777034
75.36,20.278896,1.4604042,-0.114105515
75.38,-13.372073,-0.7828655,-0.114105515
75.4,1.049771,0.33876932,-0.2739881
75.42,10.664334,0.018302217,-0.2739881
75.439995,-18.179356,-1.7442669,0.045777034
75.46,-18.179356,-0.62263197,-0.4338706
75.479996,-22.986637,-0.7828655,-0.114105515
75.5,-22.986637,-1.2635663,0.045777034
75.52,198.14832,1.139937,-0.114105515
75.54,10.664334,0.6592364,0.045777034
75.56,-22.986637,-0.14193134,-0.114105515
75.58,25.08618,0.81947,0.045777034
75.6,-71.05945,-1.1033326,0.20565958
75.619995,-27.793919,-1.1033326,-0.4338706
75.64,29.893461,0.9797035,0.045777034
75.659996,44.315308,1.9411048,0.045777034
75.68,-13.372073,-0.46239844,-0.114105515
75.7,-13.372073,-0.7828655,0.20565958
75.72,-56.637608,-2.385201,-0.2739881
75.74,1.049771,0.17853576,-0.2739881
75.759995,92.38812,3.2229733,-0.114105515
75.78,20.278896,0.49900287,-0.2739881
75.799995,34.700745,1.4604042,0.20565958
75.82,-3.7575107,-0.14193134,0.36554214
75.84,5.857053,0.17853576,-0.2739881
75.86,1.049771,1.139937,0.20565958
75.88,5.857053,0.17853576,-0.2739881
75.9,5.857053,0.49900287,0.045777034
75.92,20.278896,0.6592364,0.20565958
75.939995,-22.986637,-0.46239844,-0.2739881
75.96,1.049771,0.17853576,0.045777034
75.979996,-37.40848,-0.9430991,-0.114105515
76.0,-22.986637,-0.46239844,-0.114105515
76.02,87.58084,-0.30216488,-0.4338706
76.04,29.893461,1.7808713,0.045777034
76.06,15.471616,0.81947,-0.114105515
76.08,34.700745,0.49900287,-0.114105515
76.1,-42.215763,-0.30216488,-0.114105515
76.119995,-22.986637,-0.14193134,0.20565958
76.14,-42.215763,-1.1033326,-0.4338706
76.159996,-3.7575107,-0.30216488,0.045777034
76.18,5.857053,0.33876932,0.045777034
76.2,-47.023045,-1.9045002,0.20565958
76.22,20.278896,-0.14193134,-0.114105515
76.24,20.278896,0.33876932,0.045777034
76.259995,15.471616,0.49900287,-0.114105515
76.28,-47.023045,-1.1033326,-0.114105515
76.299995,1.049771,0.6592364,-0.2739881
76.32,-22.986637,-0.62263197,0.045777034
76.34,-3.7575107,-0.30216488,-0.2739881
76.36,-3.7575107,0.33876932,0.20565958
76.38,-22.986637,-0.30216488,-0.114105515
76.4,-8.564792,0.17853576,-0.4338706
76.42,-8.564792,0.17853576,-0.114105515
76.439995,-22.986637,-1.9045002,-0.2739881
76.46,-13.372073,-0.14193134,-0.114105515
76.479996,29.893461,0.49900287,-0.2739881
76.5,-18.179356,-0.46239844,-0.4338706
76.52,58.737152,0.49900287,-0.2739881
76.54,-3.7575107,-1.1033326,0.20565958
76.56,10.664334,0.81947,0.20565958
76.58,-3.7575107,0.49900287,0.045777034
76.6,-56.637608,-1.4237996,0.045777034
76.619995,1.049771,-0.30216488,0.045777034
76.64,15.471616,0.9797035,0.20565958
76.659996,20.278896,0.49900287,-0.2739881
76.68,1.049771,0.6592364,-0.2739881
76.7,-3.7575107,-0.30216488,0.045777034
76.72,49.122585,1.3001705,0.68530726
76.74,-18.179356,-0.14193134,-0.114105515
76.759995,34.700745,0.33876932,-0.114105515
76.78,20.278896,0.33876932,0.20565958
76.799995,10.664334,0.49900287,0.045777034
76.82,20.278896,0.81947,-0.114105515
76.84,34.700745,0.9797035,-0.114105515
76.86,34.700745,0.6592364,0.045777034
76.88,5.857053,-0.30216488,0.045777034
76.9,25.08618,1.3001705,0.20565958
76.92,-37.40848,-2.385201,0.045777034
76.939995,-18.179356,-0.62263197,0.20565958
76.96,58.737152,0.81947,-0.114105515
76.979996,15.471616,0.81947,0.20565958
77.0,1.049771,-0.30216488,0.045777034
77.02,20.278896,0.6592364,0.045777034
77.04,-3.7575107,-0.14193134,0.045777034
77.06,39.508022,0.018302217,-0.4338706
77.08,-18.179356,-0.46239844,0.045777034
77.1,-32.6012,0.17853576,0.20565958
77.119995,97.195404,3.2229733,-0.114105515
77.14,1.049771,0.17853576,0.045777034
77.159996,20.278896,0.9797035,-0.114105515
77.18,53.92987,2.261572,0.20565958
77.2,68.35171,2.4218054,-0.114105515
77.22,-42.215763,0.49900287,0.045777034
77.24,-37.40848,-0.7828655,0.20565958
77.259995,1.049771,-0.14193134,0.36554214
77.28,10.664334,0.33876932,0.045777034
77.299995,15.471616,0.17853576,-0.2739881
77.32,34.700745,0.81947,-0.114105515
77.34,10.664334,1.3001705,0.20565958
77.36,-18.179356,-0.14193134,0.20565958
77.38,-27.793919,-0.30216488,0.045777034
77.4,10.664334,0.33876932,0.20565958
77.42,-18.179356,-0.62263197,-0.114105515
77.439995,-75.86674,-1.7442669,0.20565958
77.46,44.315308,1.3001705,0.20565958
77.479996,-37.40848,0.018302217,0.045777034
77.5,25.08618,1.139937,0.045777034
77.52,29.893461,0.9797035,0.045777034
77.54,39.508022,1.4604042,0.045777034
77.56,-22.986637,0.6592364,0.045777034
77.58,-27.793919,0.17853576,0.045777034
77.6,-47.023045,-0.62263197,-0.2739881
77.619995,73.159,2.1013381,0.045777034
77.64,20.278896,0.6592364,0.045777034
77.659996,63.54443,2.7422726,-0.114105515
77.68,20.278896,1.4604042,0.045777034
77.7,-42.215763,-0.30216488,0.20565958
77.72,5.857053,0.49900287,-0.2739881
77.74,49.122585,1.6206378,0.045777034
77.759995,-13.372073,1.6206378,-0.114105515
77.78,20.278896,1.139937,0.20565958
77.799995,-47.023045,-0.46239844,0.045777034
77.82,29.893461,0.9797035,0.045777034
77.84,1.049771,0.33876932,-0.114105515
77.86,34.700745,1.6206378,0.36554214
77.88,135.65366,4.6650753,0.045777034
77.9,-22.986637,0.17853576,0.36554214
77.92,5.857053,0.9797035,0.045777034
77.939995,-51.830326,-0.9430991,0.045777034
77.96,34.700745,1.139937,-0.59375316
77.979996,20.278896,0.6592364,0.045777034
78.0,53.92987,1.6206378,-0.114105515
78.02,39.508022,1.7808713,-0.114105515
78.04,29.893461,1.4604042,-0.114105515
78.06,-18.179356,0.018302217,-0.114105515
78.08,15.471616,0.9797035,0.20565958
78.1,49.122585,1.7808713,0.20565958
78.119995,-18.179356,-0.14193134,0.20565958
78.14,-32.6012,-0.62263197,0.5254247
78.159996,15.471616,0.6592364,-0.114105515
78.18,-3.7575107,0.018302217,0.045777034
78.2,-27.793919,-0.30216488,-0.2739881
78.22,25.08618,1.139937,0.20565958
78.24,-13.372073,-0.14193134,0.045777034
78.259995,-3.7575107,0.6592364,0.045777034
78.28,-61.44489,-1.1033326,0.20565958
78.299995,1.049771,0.33876932,-0.114105515
78.32,5.857053,0.33876932,-0.2739881
78.34,1.049771,-0.62263197,-0.114105515
78.36,58.737152,2.4218054,0.045777034
78.38,5.857053,0.17853576,0.045777034
78.4,-32.6012,-0.30216488,-0.4338706
78.42,-3.7575107,0.33876932,0.045777034
78.439995,-18.179356,-0.30216488,0.045777034
78.46,1.049771,-0.30216488,0.20565958
78.479996,1.049771,1.139937,0.045777034
78.5,1.049771,1.139937,0.045777034
78.52,5.857053,0.17853576,0.20565958
78.54,-27.793919,-0.14193134,0.045777034
78.56,97.195404,3.0627398,-0.2739881
78.58,25.08618,1.7808713,0.045777034
78.6,-18.179356,0.33876932,-0.114105515
78.619995,53.92987,1.7808713,-0.114105515
78.64,-27.793919,-0.7828655,-0.114105515
78.659996,-3.7575107,0.018302217,-0.114105515
78.68,10.664334,0.6592364,-0.2739881
78.7,39.508022,1.6206378,-0.114105515
78.72,-18.179356,-0.14193134,0.20565958
78.74,-3.7575107,-0.46239844,-0.2739881
78.759995,-18.179356,-0.14193134,0.045777034
78.78,-18.179356,-0.62263197,-0.114105515
78.799995,-13.372073,0.018302217,0.045777034
78.82,5.857053,0.9797035,0.045777034
78.84,-18.179356,0.17853576,0.20565958
78.86,29.893461,0.81947,0.045777034
78.88,-42.215763,-0.14193134,0.36554214
78.9,15.471616,0.33876932,-0.114105515
78.92,15.471616,1.139937,0.5254247
78.939995,25.08618,1.3001705,-0.114105515
78.96,10.664334,1.3001705,0.20565958
78.979996,-22.986637,0.33876932,-0.114105515
79.0,15.471616,0.33876932,0.045777034
79.02,-85.48129,-3.827303,-0.114105515
79.04,25.08618,0.018302217,-0.2739881
79.06,1.049771,-0.62263197,-0.4338706
79.08,1.049771,0.9797035,-0.114105515
79.1,-3.7575107,1.3001705,0.20565958
79.119995,15.471616,1.139937,-0.2739881
79.14,10.664334,0.33876932,0.20565958
79.159996,49.122585,1.6206378,0.045777034
79.18,-8.564792,0.81947,-0.2739881
79.2,1.049771,0.018302217,0.20565958
79.22,1.049771,-0.30216488,0.045777034
79.24,-18.179356,0.17853576,-0.114105515
79.259995,5.857053,0.49900287,0.045777034
79.28,10.664334,1.7808713,0.20565958
79.299995,20.278896,1.6206378,0.045777034
79.32,15.471616,0.9797035,-0.114105515
79.34,-42.215763,-0.62263197,0.045777034
79.36,53.92987,2.1013381,0.045777034
79.38,-42.215763,-1.7442669,-0.114105515
79.4,20.278896,0.49900287,0.045777034
79.42,34.700745,0.17853576,-0.4338706
79.439995,1.049771,-0.30216488,-0.114105515
79.46,-18.179356,-1.2635663,0.045777034
79.479996,49.122585,1.139937,0.36554214
79.5,1.049771,-0.62263197,0.045777034
79.52,-157.59052,-6.230806,0.5254247
79.54,-61.44489,-0.46239844,0.36554214
79.56,1.049771,0.17853576,-0.114105515
79.58,15.471616,0.49900287,0.20565958
79.6,1.049771,0.9797035,0.5254247
79.619995,29.893461,0.018302217,-0.114105515
79.64,-3.7575107,-0.46239844,0.045777034
79.659996,-80.67402,-2.385201,0.045777034
79.68,-27.793919,-0.9430991,0.20565958
79.7,15.471616,0.33876932,0.045777034
79.72,-42.215763,-1.5840333,-0.114105515
79.74,20.278896,0.018302217,0.5254247
79.759995,5.857053,0.17853576,-0.114105515
79.78,10.664334,-0.62263197,0.045777034
79.799995,-13.372073,-0.62263197,0.045777034
79.82,25.08618,0.49900287,0.20565958
79.84,15.471616,0.6592364,0.045777034
79.86,29.893461,1.4604042,0.20565958
79.88,-3.7575107,0.33876932,-0.114105515
79.9,-3.7575107,0.17853576,0.045777034
79.92,-8.564792,-0.46239844,0.045777034
79.939995,-3.7575107,-0.30216488,-0.114105515
79.96,34.700745,1.139937,-0.114105515
79.979996,-3.7575107,0.17853576,0.045777034
80.0,-8.564792,-0.30216488,0.045777034
80.02,-248.92886,-7.5126743,0.5254247
80.04,15.471616,-0.30216488,-0.114105515
80.06,25.08618,-0.14193134,0.045777034
80.08,5.857053,0.17853576,0.045777034
80.1,20.278896,1.6206378,0.68530726
80.119995,58.737152,1.3001705,-0.2739881
80.14,15.471616,0.17853576,-0.114105515
80.159996,25.08618,0.17853576,-0.114105515
80.18,29.893461,0.6592364,0.20565958
80.2,-18.179356,-0.62263197,0.36554214
80.22,-13.372073,-1.1033326,0.20565958
80.24,53.92987,1.7808713,0.20565958
80.259995,44.315308,1.4604042,0.045777034
80.28,1.049771,-0.46239844,0.20565958
80.299995,15.471616,0.9797035,0.20565958
80.32,-27.793919,-0.14193134,-0.2739881
80.34,10.664334,0.9797035,0.20565958
80.36,53.92987,2.261572,0.045777034
80.38,-3.7575107,0.17853576,0.045777034
80.4,-37.40848,-0.62263197,0.20565958
80.42,-8.564792,-0.46239844,0.045777034
80.439995,-32.6012,-0.62263197,0.045777034
80.46,29.893461,1.139937,-0.114105515
80.479996,29.893461,1.4604042,0.20565958
80.5,-3.7575107,1.139937,0.20565958
80.52,-186.4342,-4.3080034,0.36554214
80.54,15.471616,0.49900287,0.045777034
80.56,-22.986637,-0.30216488,-0.114105515
80.58,15.471616,0.9797035,0.20565958
80.6,-27.793919,-0.14193134,0.68530726
80.619995,-37.40848,-1.7442669,0.20565958
80.64,25.08618,0.81947,0.20565958
80.659996,29.893461,1.4604042,0.20565958
80.68,29.893461,1.3001705,0.045777034
80.7,-13.372073,0.9797035,0.045777034
80.72,15.471616,1.4604042,0.045777034
80.74,-13.372073,0.33876932,0.045777034
80.759995,-56.637608,0.33876932,0.20565958
80.78,25.08618,0.33876932,-0.114105515
80.799995,20.278896,1.4604042,-0.114105515
80.82,1.049771,0.81947,-0.2739881
80.84,-3.7575107,0.6592364,-0.114105515
80.86,29.893461,2.261572,0.20565958
80.88,15.471616,1.139937,-0.114105515
80.9,-8.564792,0.6592364,0.20565958
80.92,-42.215763,-0.30216488,0.20565958
80.939995,-32.6012,-1.5840333,0.36554214
80.96,34.700745,0.9797035,-0.114105515
80.979996,-47.023045,-1.2635663,0.20565958
81.0,-18.179356,-0.30216488,0.20565958
81.02,-172.01237,-3.827303,0.36554214
81.04,15.471616,1.3001705,-0.2739881
81.06,-22.986637,0.6592364,-0.114105515
81.08,-27.793919,-0.46239844,-0.114105515
81.1,-37.40848,-0.46239844,0.36554214
81.119995,-42.215763,-0.7828655,0.36554214
81.14,-8.564792,-0.30216488,-0.2739881
81.159996,10.664334,1.139937,-0.2739881
81.18,1.049771,-0.46239844,-0.4338706
81.2,5.857053,0.6592364,0.045777034
81.22,-13.372073,-0.14193134,0.36554214
81.24,10.664334,0.33876932,0.20565958
81.259995,-42.215763,-0.30216488,0.36554214
81.28,5.857053,1.139937,0.20565958
81.299995,-27.793919,-0.30216488,0.045777034
81.32,-61.44489,-2.385201,-0.4338706
81.34,-32.6012,-1.1033326,-0.59375316
81.36,10.664334,1.3001705,0.045777034
81.38,-13.372073,0.018302217,0.045777034
81.4,34.700745,1.6206378,0.045777034
81.42,-56.637608,-0.62263197,0.045777034
81.439995,-90.288574,-1.9045002,0.5254247
81.46,-42.215763,-0.7828655,0.5254247
81.479996,-104.71042,-2.385201,0.20565958
81.5,29.893461,1.139937,-0.114105515
81.52,-244.12158,-5.7501054,-0.4338706
81.54,-3.7575107,0.17853576,-0.114105515
81.56,-22.986637,0.17853576,0.045777034
81.58,34.700745,1.139937,-0.114105515
81.6,63.54443,1.6206378,0.045777034
81.619995,-56.637608,-0.7828655,0.045777034
81.64,-22.986637,0.018302217,-0.4338706
81.659996,-22.986637,-0.46239844,0.045777034
81.68,-32.6012,-1.2635663,0.045777034
81.7,-47.023045,-0.9430991,-0.114105515
81.72,-18.179356,-0.9430991,-0.2739881
81.74,-22.986637,0.018302217,0.045777034
81.759995,-85.48129,0.33876932,0.36554214
81.78,15.471616,1.139937,0.5254247
81.799995,-80.67402,-1.7442669,0.8451898
81.82,-22.986637,-0.7828655,-0.2739881
81.84,-51.830326,-0.7828655,0.20565958
81.86,10.664334,0.33876932,0.36554214
81.88,1.049771,0.17853576,0.045777034
81.9,-32.6012,-0.14193134,0.045777034
81.92,-47.023045,-0.7828655,-0.2739881
81.939995,-61.44489,-0.9430991,0.045777034
81.96,-80.67402,-2.0647337,-0.114105515
81.979996,-18.179356,0.17853576,0.045777034
82.0,-8.564792,-0.46239844,0.045777034
82.02,-186.4342,-4.14777,-0.114105515
82.04,39.508022,1.3001705,-0.114105515
82.06,49.122585,1.4604042,0.20565958
82.08,5.857053,0.49900287,-0.4338706
82.1,102.002686,3.2229733,0.36554214
82.119995,-27.793919,0.17853576,0.045777034
82.14,-27.793919,-0.14193134,0.20565958
82.159996,-56.637608,-0.30216488,0.045777034
82.18,-37.40848,-1.5840333,-0.4338706
82.2,20.278896,0.49900287,0.045777034
82.22,-13.372073,0.018302217,0.36554214
82.24,-8.564792,0.9797035,0.045777034
82.259995,-27.793919,1.9411048,0.36554214
82.28,-42.215763,-1.1033326,0.045777034
82.299995,29.893461,1.3001705,0.045777034
82.32,-47.023045,-0.62263197,-0.2739881
82.34,-27.793919,-0.14193134,-0.4338706
82.36,25.08618,0.9797035,-0.114105515
82.38,15.471616,0.6592364,0.045777034
82.4,29.893461,0.17853576,-0.2739881
82.42,1.049771,0.49900287,0.045777034
82.439995,-80.67402,-0.9430991,0.045777034
82.46,-3.7575107,1.3001705,0.045777034
82.479996,-42.215763,-0.62263197,0.045777034
82.5,-42.215763,-0.7828655,0.68530726
82.52,-133.55412,-2.2249672,-0.59375316
82.54,-27.793919,-1.2635663,0.045777034
82.56,-18.179356,0.17853576,-0.114105515
82.58,20.278896,1.6206378,0.045777034
82.6,77.96628,1.6206378,0.36554214
82.619995,-3.7575107,0.17853576,-0.2739881
82.64,-32.6012,-0.9430991,0.045777034
82.659996,-3.7575107,-0.46239844,-0.4338706
82.68,-32.6012,0.33876932,0.045777034
82.7,-13.372073,-0.46239844,0.36554214
82.72,5.857053,0.17853576,-0.2739881
82.74,-51.830326,-0.9430991,0.045777034
82.759995,44.315308,2.261572,0.045777034
82.78,53.92987,0.49900287,-0.2739881
82.799995,-32.6012,-1.1033326,0.20565958
82.82,-13.372073,-0.7828655,-0.114105515
82.84,49.122585,2.261572,-0.7536357
82.86,63.54443,1.6206378,-0.114105515
82.88,5.857053,-0.14193134,0.20565958
82.9,-3.7575107,0.6592364,0.045777034
82.92,5.857053,-0.30216488,0.20565958
82.939995,25.08618,1.9411048,0.20565958
82.96,-8.564792,-0.7828655,0.045777034
82.979996,44.315308,0.9797035,-0.2739881
83.0,44.315308,1.6206378,-0.114105515
83.02,-128.74683,-2.0647337,-0.114105515
83.04,-27.793919,-1.7442669,-0.4338706
83.06,1.049771,0.17853576,-0.114105515
83.08,-27.793919,-1.4237996,-0.2739881
83.1,73.159,0.49900287,-0.2739881
83.119995,1.049771,0.17853576,0.20565958
83.14,10.664334,0.33876932,0.045777034
83.159996,5.857053,0.49900287,0.20565958
83.18,63.54443,2.4218054,0.045777034
83.2,-47.023045,-1.5840333,-0.114105515
83.22,20.278896,0.81947,0.36554214
83.24,5.857053,0.49900287,0.045777034
83.259995,87.58084,3.7036738,0.045777034
83.28,-18.179356,-0.62263197,0.20565958
83.299995,-22.986637,-1.1033326,-0.2739881
83.32,10.664334,0.49900287,0.20565958
83.34,87.58084,2.4218054,-0.2739881
83.36,10.664334,-0.14193134,0.045777034
83.38,10.664334,0.17853576,-0.2739881
83.4,-27.793919,-1.5840333,0.20565958
83.42,29.893461,1.139937,-0.2739881
83.439995,-75.86674,-0.7828655,0.045777034
83.46,29.893461,1.139937,0.20565958
83.479996,1.049771,0.33876932,0.20565958
83.5,-95.09586,-1.9045002,0.20565958
83.52,-104.71042,-0.30216488,0.20565958
83.54,-18.179356,-0.62263197,0.045777034
83.56,-8.564792,-0.30216488,0.20565958
83.58,5.857053,0.33876932,0.045777034
83.6,25.08618,-0.7828655,0.045777034
83.619995,-37.40848,-1.1033326,0.20565958
83.64,-47.023045,-1.4237996,0.045777034
83.659996,-3.7575107,0.33876932,0.36554214
83.68,20.278896,0.9797035,0.045777034
83.7,-18.179356,-0.14193134,0.20565958
83.72,-42.215763,-0.9430991,0.20565958
83.74,39.508022,0.17853576,0.20565958
83.759995,5.857053,0.6592364,0.20565958
83.78,-71.05945,-2.0647337,0.20565958
83.799995,15.471616,0.49900287,0.20565958
83.82,-13.372073,0.018302217,0.20565958
83.84,1.049771,0.6592364,-0.2739881
83.86,-37.40848,-2.2249672,-0.114105515
83.88,-56.637608,-1.5840333,0.045777034
83.9,-85.48129,-2.8659017,0.045777034
83.92,-32.6012,-1.1033326,-0.114105515
83.939995,-27.793919,0.17853576,0.20565958
83.96,-13.372073,0.018302217,0.5254247
83.979996,-37.40848,-0.46239844,0.68530726
84.0,1.049771,0.49900287,0.045777034
84.02,-27.793919,1.9411048,0.045777034
84.04,1.049771,-0.7828655,0.5254247
84.06,-3.7575107,-0.7828655,-0.114105515
84.08,-8.564792,-0.30216488,0.045777034
84.1,29.893461,-0.9430991,-0.2739881
84.119995,20.278896,0.17853576,0.36554214
84.14,-8.564792,0.17853576,0.20565958
84.159996,-22.986637,-0.9430991,0.5254247
84.18,-3.7575107,0.49900287,0.045777034
84.2,-8.564792,0.33876932,0.20565958
84.22,-3.7575107,0.018302217,0.36554214
84.24,-8.564792,0.018302217,0.5254247
84.259995,-47.023045,-1.5840333,0.5254247
84.28,10.664334,0.6592364,-0.114105515
84.299995,-3.7575107,0.6592364,0.20565958
84.32,39.508022,1.7808713,0.20565958
84.34,1.049771,-0.30216488,0.36554214
84.36,-42.215763,-1.4237996,0.20565958
84.38,-27.793919,-0.7828655,-0.2739881
84.4,1.049771,0.33876932,0.045777034
84.42,15.471616,0.33876932,0.5254247
84.439995,15.471616,1.6206378,0.36554214
84.46,-13.372073,-0.9430991,0.5254247
84.479996,10.664334,0.17853576,0.20565958
84.5,-3.7575107,0.33876932,0.5254247
84.52,-200.85605,-4.14777,-0.59375316
84.54,1.049771,0.33876932,-0.2739881
84.56,-13.372073,0.33876932,0.36554214
84.58,-13.372073,-0.62263197,0.5254247
84.6,15.471616,-1.1033326,-0.114105515
84.619995,-3.7575107,0.018302217,0.20565958
84.64,-22.986637,-0.7828655,0.20565958
84.659996,-51.830326,-1.1033326,0.045777034
84.68,-18.179356,-0.46239844,-0.2739881
84.7,-27.793919,-0.7828655,0.20565958
84.72,-8.564792,-0.46239844,0.045777034
84.74,20.278896,0.81947,-0.114105515
84.759995,-75.86674,-2.2249672,0.8451898
84.78,-18.179356,-0.7828655,0.20565958
84.799995,-42.215763,-2.0647337,0.045777034
84.82,-8.564792,-0.46239844,0.045777034
84.84,20.278896,-0.14193134,0.20565958
84.86,25.08618,0.6592364,0.36554214
84.88,25.08618,0.33876932,-0.114105515
84.9,15.471616,-0.14193134,-0.114105515
84.92,29.893461,0.6592364,0.36554214
84.939995,-13.372073,0.17853576,0.045777034
84.96,-3.7575107,-0.14193134,0.20565958
84.979996,15.471616,0.9797035,0.5254247
85.0,15.471616,0.81947,0.36554214
85.02,-205.66333,-3.6670694,0.045777034
85.04,20.278896,0.33876932,0.20565958
85.06,-22.986637,-0.30216488,0.36554214
85.08,-3.7575107,-0.14193134,0.8451898
85.1,53.92987,-0.14193134,0.045777034
85.119995,5.857053,0.49900287,0.045777034
85.14,20.278896,-0.14193134,-0.114105515
85.159996,20.278896,0.17853576,0.20565958
85.18,-95.09586,-2.0647337,0.20565958
85.2,5.857053,0.9797035,0.5254247
85.22,20.278896,0.81947,0.045777034
85.24,29.893461,1.3001705,0.20565958
85.259995,1.049771,0.6592364,0.5254247
85.28,-56.637608,-1.2635663,0.36554214
85.299995,-32.6012,-1.4237996,-0.2739881
85.32,10.664334,0.6592364,0.045777034
85.34,-8.564792,-0.46239844,-0.2739881
85.36,20.278896,1.3001705,0.20565958
85.38,25.08618,0.9797035,0.20565958
85.4,-42.215763,-0.46239844,0.68530726
85.42,10.664334,0.6592364,0.20565958
85.439995,25.08618,0.81947,0.36554214
85.46,25.08618,1.4604042,0.20565958
85.479996,15.471616,0.018302217,0.045777034
85.5,-22.986637,-0.14193134,0.36554214
85.52,-162.3978,-7.352441,0.68530726
85.54,-18.179356,-0.62263197,0.5254247
85.56,44.315308,1.9411048,0.20565958
85.58,-27.793919,-0.46239844,0.045777034
85.6,1.049771,-0.62263197,0.20565958
85.619995,-47.023045,-1.1033326,0.20565958
85.64,15.471616,0.33876932,0.20565958
85.659996,-27.793919,-1.1033326,0.045777034
85.68,15.471616,0.6592364,0.5254247
85.7,-8.564792,-0.9430991,0.5254247
85.72,39.508022,2.5820389,-0.114105515
85.74,10.664334,0.33876932,0.36554214
85.759995,29.893461,1.3001705,0.20565958
85.78,-37.40848,-0.62263197,0.68530726
85.799995,-22.986637,-0.46239844,0.36554214
85.82,25.08618,0.81947,0.20565958
85.84,-27.793919,-0.7828655,0.20565958
85.86,25.08618,1.4604042,0.20565958
85.88,20.278896,-0.30216488,0.36554214
85.9,1.049771,-0.7828655,0.36554214
85.92,-3.7575107,-1.5840333,-0.114105515
85.939995,53.92987,1.4604042,-0.2739881
85.96,68.35171,1.9411048,0.36554214
85.979996,1.049771,-0.30216488,-0.114105515
86.0,5.857053,0.018302217,0.20565958
86.02,29.893461,-3.3466022,-0.114105515
86.04,-8.564792,-0.7828655,0.045777034
86.06,15.471616,0.9797035,0.045777034
86.08,1.049771,0.018302217,0.68530726
86.1,-56.637608,-2.0647337,0.045777034
86.119995,25.08618,0.6592364,0.045777034
86.14,10.664334,0.49900287,0.045777034
86.159996,-32.6012,-0.7828655,0.045777034
86.18,49.122585,1.3001705,0.045777034
86.2,-8.564792,-0.62263197,0.045777034
86.22,10.664334,0.33876932,-0.114105515
86.24,15.471616,0.6592364,0.20565958
86.259995,-3.7575107,-0.62263197,0.36554214
86.28,20.278896,-0.62263197,0.36554214
86.299995,5.857053,0.33876932,-0.114105515
86.32,49.122585,1.4604042,0.045777034
86.34,-42.215763,-1.1033326,0.045777034
86.36,-42.215763,-0.62263197,0.20565958
86.38,34.700745,0.9797035,-0.114105515
86.4,49.122585,1.4604042,0.045777034
86.42,10.664334,0.6592364,0.045777034
86.439995,-8.564792,-0.30216488,0.045777034
86.46,20.278896,0.33876932,0.20565958
86.479996,-66.25217,-2.0647337,-0.114105515
86.5,1.049771,0.33876932,0.36554214
86.52,207.7629,4.9855423,0.20565958
86.54,10.664334,1.139937,0.20565958
86.56,-27.793919,-0.7828655,0.045777034
86.58,-22.986637,-0.46239844,0.68530726
86.6,15.471616,0.17853576,0.20565958
86.619995,10.664334,-0.14193134,-0.114105515
86.64,-13.372073,0.17853576,0.20565958
86.659996,49.122585,0.9797035,0.045777034
86.68,34.700745,1.139937,0.36554214
86.7,25.08618,0.6592364,0.045777034
86.72,-3.7575107,-0.30216488,0.045777034
86.74,-18.179356,-0.30216488,-0.114105515
86.759995,5.857053,0.17853576,0.045777034
86.78,-3.7575107,0.33876932,0.20565958
86.799995,-47.023045,-1.5840333,0.045777034
86.82,63.54443,1.3001705,-0.114105515
86.84,15.471616,0.49900287,0.045777034
86.86,-3.7575107,-0.62263197,0.20565958
86.88,44.315308,1.6206378,0.20565958
86.9,1.049771,-0.14193134,0.045777034
86.92,34.700745,1.4604042,0.20565958
86.939995,20.278896,0.9797035,0.20565958
86.96,5.857053,-0.46239844,0.20565958
86.979996,1.049771,0.33876932,0.68530726
87.0,-56.637608,-0.7828655,0.5254247
87.02,63.54443,2.902506,-0.114105515
87.04,-3.7575107,0.49900287,0.20565958
87.06,-32.6012,0.018302217,0.045777034
87.08,10.664334,0.33876932,0.20565958
87.1,-27.793919,0.17853576,-0.114105515
87.119995,-3.7575107,0.49900287,0.5254247
87.14,15.471616,-0.30216488,0.20565958
87.159996,15.471616,0.81947,0.20565958
87.18,1.049771,0.018302217,0.5254247
87.2,10.664334,0.49900287,0.5254247
87.22,25.08618,1.6206378,0.20565958
87.24,10.664334,0.17853576,0.36554214
87.259995,-32.6012,-0.30216488,0.045777034
87.28,-8.564792,-0.62263197,0.045777034
87.299995,25.08618,0.9797035,-0.114105515
87.32,-22.986637,-0.46239844,-0.114105515
87.34,-56.637608,-0.9430991,0.5254247
87.36,-13.372073,-0.7828655,0.36554214
87.38,-18.179356,-0.62263197,0.20565958
87.4,20.278896,0.9797035,0.045777034
87.42,15.471616,0.018302217,0.045777034
87.439995,-3.7575107,-0.14193134,0.045777034
87.46,44.315308,1.7808713,0.20565958
87.479996,10.664334,0.018302217,0.045777034
87.5,5.857053,-0.14193134,0.045777034
87.52,1.049771,0.33876932,0.36554214
87.54,1.049771,0.33876932,0.36554214
87.56,-47.023045,-1.1033326,0.36554214
87.58,-37.40848,-0.7828655,-0.114105515
87.6,-47.023045,-0.9430991,0.68530726
87.619995,-8.564792,-0.30216488,0.5254247
87.64,-3.7575107,-0.14193134,0.20565958
87.659996,29.893461,1.4604042,0.20565958
87.68,25.08618,0.81947,-0.114105515
87.7,-3.7575107,-0.30216488,0.045777034
87.72,-8.564792,-0.46239844,0.20565958
87.74,-27.793919,0.17853576,0.045777034
87.759995,44.315308,1.6206378,0.68530726
87.78,10.664334,0.17853576,0.20565958
87.799995,15.471616,0.33876932,0.20565958
87.82,34.700745,0.9797035,0.20565958
87.84,5.857053,0.17853576,0.20565958
87.86,10.664334,0.33876932,-0.114105515
87.88,1.049771,0.81947,0.20565958
87.9,5.857053,0.49900287,0.20565958
87.92,29.893461,1.139937,0.20565958
87.939995,-56.637608,-1.7442669,0.045777034
87.96,-18.179356,-1.1033326,0.20565958
87.979996,29.893461,0.6592364,0.36554214
88.0,34.700745,1.4604042,0.20565958
88.02,-8.564792,0.17853576,0.20565958
88.04,-8.564792,0.33876932,0.20565958
88.06,-13.372073,0.33876932,0.5254247
88.08,-3.7575107,0.49900287,0.20565958
88.1,-119.13227,-2.8659017,0.5254247
88.119995,10.664334,0.33876932,-0.2739881
88.14,-32.6012,-0.62263197,0.045777034
88.159996,1.049771,-0.14193134,0.20565958
88.18,-8.564792,0.33876932,0.045777034
88.2,-3.7575107,0.49900287,0.5254247
88.22,-3.7575107,0.17853576,0.045777034
88.24,10.664334,0.33876932,0.36554214
88.259995,-42.215763,-0.9430991,0.20565958
88.28,-56.637608,-1.7442669,0.20565958
88.299995,-27.793919,-1.1033326,0.36554214
88.32,1.049771,0.018302217,-0.114105515
88.34,-27.793919,-1.2635663,0.5254247
88.36,25.08618,0.6592364,0.5254247
88.38,-13.372073,-0.7828655,0.045777034
88.4,15.471616,1.4604042,0.36554214
88.42,5.857053,0.018302217,0.36554214
88.439995,-27.793919,-0.9430991,0.36554214
88.46,-13.372073,0.17853576,0.20565958
88.479996,10.664334,0.6592364,-0.2739881
88.5,39.508022,1.6206378,0.045777034
88.52,-8.564792,0.018302217,0.20565958
88.54,-47.023045,-1.1033326,0.20565958
88.56,-8.564792,-0.30216488,0.5254247
88.58,-42.215763,-0.30216488,0.20565958
88.6,15.471616,0.81947,0.36554214
88.619995,25.08618,0.9797035,0.5254247
88.64,-22.986637,-0.14193134,0.8451898
88.659996,-37.40848,-0.30216488,0.20565958
88.68,34.700745,0.6592364,-0.114105515
88.7,5.857053,-0.30216488,0.045777034
88.72,29.893461,0.81947,0.20565958
88.74,34.700745,1.6206378,0.8451898
88.759995,15.471616,0.9797035,0.045777034
88.78,1.049771,0.17853576,0.5254247
88.799995,-27.793919,-0.30216488,0.36554214
88.82,5.857053,-0.14193134,0.5254247
88.84,-42.215763,-1.1033326,0.20565958
88.86,49.122585,1.9411048,0.20565958
88.88,-3.7575107,0.17853576,0.5254247
88.9,-37.40848,-0.7828655,0.5254247
88.92,-3.7575107,0.6592364,0.20565958
88.939995,15.471616,0.49900287,0.045777034
88.96,15.471616,0.81947,0.20565958
88.979996,-8.564792,-0.30216488,0.5254247
89.0,-22.986637,-0.46239844,0.045777034
89.02,-109.5177,-2.2249672,0.045777034
89.04,-3.7575107,-0.30216488,0.36554214
89.06,1.049771,0.018302217,-0.114105515
89.079994,49.122585,3.0627398,0.68530726
89.1,-56.637608,-0.14193134,0.68530726
89.119995,-3.7575107,0.81947,0.68530726
89.14,-22.986637,0.17853576,-0.2739881
89.159996,-32.6012,-1.2635663,0.045777034
89.18,1.049771,-0.30216488,-0.114105515
89.2,1.049771,0.17853576,0.045777034
89.22,5.857053,0.49900287,-0.114105515
89.24,1.049771,0.17853576,-0.114105515
89.259995,-13.372073,-0.30216488,0.045777034
89.28,29.893461,1.6206378,0.20565958
89.299995,1.049771,-0.30216488,0.20565958
89.32,20.278896,1.139937,0.20565958
89.34,-71.05945,-1.1033326,-0.114105515
89.36,-3.7575107,0.33876932,0.20565958
89.38,-8.564792,-0.30216488,0.36554214
89.4,44.315308,1.6206378,-0.2739881
89.42,5.857053,0.6592364,0.20565958
89.439995,1.049771,0.018302217,0.045777034
89.46,20.278896,0.49900287,0.20565958
89.479996,5.857053,-0.14193134,-0.114105515
89.5,-22.986637,-0.46239844,0.045777034
89.52,39.508022,0.9797035,0.045777034
89.54,-3.7575107,0.81947,0.045777034
89.56,-8.564792,-0.7828655,-0.114105515
89.579994,20.278896,0.33876932,0.045777034
89.6,-22.986637,1.7808713,0.68530726
89.619995,-13.372073,-0.7828655,0.20565958
89.64,5.857053,0.17853576,0.36554214
89.659996,15.471616,-0.14193134,0.045777034
89.68,-3.7575107,-0.7828655,0.20565958
89.7,-8.564792,-1.1033326,0.20565958
89.72,5.857053,0.33876932,0.20565958
89.74,34.700745,1.3001705,0.045777034
89.759995,-32.6012,-1.4237996,0.36554214
89.78,5.857053,0.018302217,-0.4338706
89.799995,15.471616,1.3001705,0.20565958
89.82,25.08618,1.4604042,0.045777034
89.84,5.857053,0.81947,0.20565958
89.86,5.857053,0.49900287,-0.114105515
89.88,-3.7575107,0.9797035,-0.114105515
89.9,1.049771,-0.7828655,-0.114105515
89.92,-18.179356,-0.7828655,0.045777034
89.939995,5.857053,-0.46239844,-0.114105515
89.96,34.700745,0.9797035,0.045777034
89.979996,-13.372073,0.17853576,-0.114105515
90.0,44.315308,0.9797035,-0.114105515
90.02,-8.564792,0.17853576,0.045777034
90.04,-8.564792,0.49900287,0.045777034
90.06,10.664334,0.17853576,0.36554214
90.079994,5.857053,0.33876932,0.045777034
90.1,10.664334,2.1013381,0.8451898
90.119995,-8.564792,0.17853576,-0.2739881
90.14,-8.564792,0.17853576,0.20565958
90.159996,1.049771,-0.14193134,0.20565958
90.18,-47.023045,-2.385201,0.5254247
90.2,-13.372073,0.018302217,-0.114105515
90.22,-27.793919,-0.46239844,0.045777034
90.24,-32.6012,-0.9430991,-0.114105515
90.259995,-42.215763,-0.7828655,0.045777034
90.28,-32.6012,-0.62263197,0.5254247
90.299995,-18.179356,-0.9430991,0.045777034
90.32,-66.25217,-1.2635663,0.20565958
90.34,44.315308,1.139937,0.36554214
90.36,1.049771,0.33876932,0.36554214
90.38,-47.023045,-1.4237996,0.36554214
90.4,-18.179356,-0.14193134,0.36554214
90.42,-47.023045,-0.7828655,-0.114105515
90.439995,-13.372073,-0.30216488,0.20565958
90.46,-13.372073,0.018302217,0.20565958
90.479996,15.471616,0.018302217,0.045777034
90.5,-22.986637,-0.30216488,0.5254247
90.52,-3.7575107,0.49900287,0.20565958
90.54,-18.179356,-0.30216488,0.36554214
90.56,-22.986637,-0.30216488,0.36554214
90.579994,-51.830326,-1.1033326,0.20565958
90.6,49.122585,2.4218054,0.20565958
90.619995,-32.6012,-1.1033326,0.045777034
90.64,5.857053,-0.9430991,0.20565958
90.659996,-75.86674,-1.4237996,0.045777034
90.68,-196.04878,-4.948938,0.20565958
90.7,5.857053,0.17853576,-0.2739881
90.72,10.664334,0.49900287,0.20565958
90.74,-75.86674,-1.9045002,0.045777034
90.759995,-95.09586,-2.2249672,0.045777034
90.78,5.857053,0.81947,0.36554214
90.799995,5.857053,-0.62263197,0.36554214
90.82,15.471616,0.17853576,0.20565958
90.84,20.278896,0.9797035,0.20565958
90.86,-32.6012,-0.46239844,0.045777034
90.88,-3.7575107,-0.46239844,-0.2739881
90.9,1.049771,-0.30216488,0.20565958
90.92,-27.793919,-0.30216488,0.5254247
90.939995,-99.903145,-1.4237996,0.20565958
90.96,10.664334,0.17853576,0.36554214
90.979996,5.857053,0.33876932,0.045777034
91.0,-61.44489,-2.2249672,0.045777034
91.02,39.508022,0.17853576,0.20565958
91.04,-22.986637,-0.9430991,0.045777034
91.06,15.471616,-0.62263197,-0.4338706
91.079994,-3.7575107,0.33876932,0.20565958
91.1,150.0755,5.3060093,0.20565958
91.119995,5.857053,0.17853576,0.045777034
91.14,-13.372073,-0.62263197,0.20565958
91.159996,-18.179356,-0.7828655,0.045777034
91.18,-123.93955,-1.9045002,0.68530726
91.2,34.700745,1.6206378,0.5254247
91.22,-47.023045,-1.5840333,0.36554214
91.24,15.471616,0.81947,0.045777034
91.259995,-80.67402,-1.9045002,0.20565958
91.28,29.893461,0.33876932,0.68530726
91.299995,-22.986637,-0.7828655,0.20565958
91.32,-8.564792,0.17853576,0.20565958
91.34,145.26822,4.3446083,0.045777034
91.36,1.049771,0.018302217,0.20565958
91.38,1.049771,-0.30216488,0.36554214
91.4,20.278896,-0.46239844,0.20565958
91.42,-22.986637,-0.7828655,0.045777034
91.439995,-22.986637,0.33876932,0.20565958
91.46,-27.793919,-0.7828655,-0.114105515
91.479996,-32.6012,-0.46239844,0.20565958
91.5,-37.40848,-1.2635663,0.20565958
91.52,1.049771,-0.30216488,-0.114105515
91.54,25.08618,0.6592364,0.045777034
91.56,5.857053,0.17853576,0.20565958
91.579994,-32.6012,-0.14193134,0.5254247
91.6,116.42453,3.5434403,0.045777034
91.619995,-37.40848,-0.7828655,0.36554214
91.64,34.700745,1.3001705,0.20565958
91.659996,1.049771,0.49900287,0.20565958
91.68,49.122585,2.1013381,0.68530726
91.7,-27.793919,-0.30216488,0.20565958
91.72,-13.372073,0.018302217,0.5254247
91.74,5.857053,0.33876932,0.5254247
91.759995,-47.023045,0.6592364,0.045777034
91.78,-8.564792,0.018302217,0.045777034
91.799995,-3.7575107,0.17853576,0.045777034
91.82,63.54443,2.7422726,0.36554214
91.84,145.26822,3.7036738,-0.114105515
91.86,10.664334,0.17853576,0.045777034
91.88,-3.7575107,0.49900287,0.045777034
91.9,10.664334,0.6592364,0.045777034
91.92,-13.372073,-0.14193134,0.36554214
91.939995,-56.637608,-1.5840333,0.68530726
91.96,-13.372073,-0.30216488,0.36554214
91.979996,1.049771,0.49900287,0.20565958
92.0,34.700745,0.9797035,0.20565958
92.02,-42.215763,-2.0647337,0.5254247
92.04,-8.564792,-0.46239844,0.20565958
92.06,10.664334,0.9797035,0.20565958
92.079994,-3.7575107,0.33876932,0.5254247
92.1,193.34105,4.825309,-0.114105515
92.119995,-3.7575107,0.018302217,0.36554214
92.14,1.049771,0.6592364,0.36554214
92.159996,-51.830326,-2.0647337,0.20565958
92.18,92.38812,3.5434403,0.8451898
92.2,-27.793919,-0.62263197,0.20565958
92.22,15.471616,0.33876932,0.36554214
92.24,5.857053,-0.14193134,0.36554214
92.259995,-27.793919,0.9797035,0.36554214
92.28,-8.564792,0.018302217,0.36554214
92.299995,-22.986637,0.17853576,0.5254247
92.32,39.508022,0.81947,0.5254247
92.34,174.11191,3.7036738,-0.2739881
92.36,1.049771,0.17853576,0.5254247
92.38,-37.40848,-0.62263197,0.68530726
92.4,10.664334,0.81947,0.36554214
92.42,-8.564792,-0.7828655,0.20565958
92.439995,-18.179356,-0.62263197,0.20565958
92.46,-3.7575107,-0.62263197,0.20565958
92.479996,-8.564792,0.17853576,0.68530726
92.5,-3.7575107,-0.30216488,0.20565958
92.52,-56.637608,-1.1033326,0.36554214
92.54,-47.023045,-1.4237996,-0.114105515
92.56,34.700745,0.49900287,0.20565958
92.579994,1.049771,0.018302217,0.36554214
92.6,169.30463,2.261572,-0.114105515
92.619995,-13.372073,0.018302217,0.8451898
92.64,-22.986637,0.17853576,-0.114105515
92.659996,-8.564792,-0.30216488,0.68530726
92.68,15.471616,-0.62263197,0.8451898
92.7,5.857053,0.33876932,0.20565958
92.72,5.857053,0.49900287,0.5254247
92.74,-27.793919,0.018302217,0.36554214
92.759995,49.122585,2.902506,0.045777034
92.78,-3.7575107,-0.62263197,0.20565958
92.799995,20.278896,-0.30216488,-0.114105515
92.82,-8.564792,-0.30216488,-0.114105515
92.84,198.14832,4.024141,-0.4338706
92.86,-27.793919,-0.62263197,0.36554214
92.88,20.278896,0.81947,0.045777034
92.9,-47.023045,-1.4237996,0.045777034
92.92,20.278896,-0.14193134,-0.2739881
92.939995,53.92987,3.0627398,0.20565958
92.96,-8.564792,-0.14193134,0.20565958
92.979996,15.471616,0.018302217,-0.2739881
93.0,10.664334,0.018302217,0.20565958
93.02,-42.215763,-0.9430991,0.20565958
93.04,-3.7575107,0.33876932,0.36554214
93.06,-22.986637,-0.30216488,0.045777034
93.079994,-3.7575107,-0.62263197,-0.114105515
93.1,102.002686,-0.30216488,-0.2739881
93.119995,49.122585,2.1013381,0.36554214
93.14,-3.7575107,-0.14193134,0.20565958
93.159996,-8.564792,-0.30216488,-0.4338706
93.18,-123.93955,-2.5454345,0.20565958
93.2,5.857053,-0.30216488,0.045777034
93.22,-32.6012,-0.7828655,0.20565958
93.24,-8.564792,-0.14193134,0.045777034
93.259995,68.35171,3.3832066,-0.114105515
93.28,-8.564792,-0.7828655,-0.114105515
93.299995,-3.7575107,0.33876932,0.20565958
93.32,-27.793919,-1.4237996,-0.114105515
93.34,140.46094,2.261572,-0.59375316
93.36,49.122585,1.7808713,0.20565958
93.38,-42.215763,-1.2635663,0.20565958
93.4,63.54443,1.4604042,0.20565958
93.42,-3.7575107,0.81947,0.5254247
93.439995,-27.793919,0.49900287,0.20565958
93.46,25.08618,1.4604042,0.045777034
93.479996,-3.7575107,-0.46239844,0.045777034
93.5,15.471616,0.33876932,0.20565958
93.52,-13.372073,0.17853576,0.20565958
93.54,-13.372073,-0.46239844,-0.4338706
93.56,-3.7575107,-0.46239844,-0.114105515
93.579994,-22.986637,-0.9430991,0.045777034
93.6,-27.793919,-4.14777,-0.2739881
93.619995,44.315308,1.139937,-0.114105515
93.64,63.54443,1.139937,0.20565958
93.659996,15.471616,0.6592364,0.045777034
93.68,-80.67402,-1.5840333,0.20565958
93.7,20.278896,0.6592364,0.20565958
93.72,-32.6012,-1.1033326,0.045777034
93.74,5.857053,0.6592364,0.20565958
93.759995,77.96628,2.1013381,-0.114105515
93.78,1.049771,-0.14193134,0.045777034
93.799995,-3.7575107,0.018302217,0.20565958
93.82,-47.023045,-0.9430991,-0.2739881
93.84,58.737152,-1.1033326,-0.7536357
93.86,-8.564792,0.17853576,0.20565958
93.88,25.08618,1.7808713,0.045777034
93.9,10.664334,-0.30216488,0.045777034
93.92,-37.40848,-1.1033326,0.5254247
93.939995,-27.793919,-0.46239844,0.5254247
93.96,-13.372073,-0.7828655,0.20565958
93.979996,-18.179356,-0.7828655,0.045777034
94.0,-22.986637,-0.9430991,0.20565958
94.02,39.508022,1.6206378,0.20565958
94.04,25.08618,0.6592364,0.20565958
94.06,-32.6012,-0.7828655,0.5254247
94.079994,-13.372073,-0.46239844,0.36554214
94.1,-71.05945,-5.429638,0.68530726
94.119995,-47.023045,-1.4237996,0.36554214
94.14,-18.179356,0.33876932,0.5254247
94.159996,25.08618,0.49900287,0.20565958
94.18,10.664334,1.6206378,0.20565958
94.2,5.857053,-0.9430991,0.045777034
94.22,-18.179356,-0.46239844,0.5254247
94.24,39.508022,1.139937,0.36554214
94.259995,92.38812,2.5820389,0.045777034
94.28,-18.179356,-0.14193134,0.5254247
94.299995,-8.564792,-0.46239844,0.36554214
94.32,-3.7575107,-0.46239844,0.68530726
94.34,5.857053,-1.4237996,-0.2739881
94.36,5.857053,0.17853576,0.045777034
94.38,25.08618,0.9797035,0.36554214
94.4,-95.09586,-2.385201,0.68530726
94.42,5.857053,0.81947,0.045777034
94.439995,20.278896,0.49900287,0.045777034
94.46,49.122585,1.139937,-0.114105515
94.479996,-18.179356,-0.46239844,0.20565958
94.5,5.857053,0.33876932,0.20565958
94.52,-37.40848,-0.30216488,0.045777034
94.54,1.049771,-0.14193134,-0.114105515
94.56,-8.564792,-0.7828655,-0.114105515
94.579994,5.857053,0.33876932,0.20565958
94.6,-109.5177,-6.230806,0.5254247
94.619995,-71.05945,-2.2249672,0.36554214
94.64,-37.40848,-1.1033326,0.36554214
94.659996,-13.372073,-0.62263197,0.20565958
94.68,87.58084,2.902506,0.68530726
94.7,1.049771,-0.14193134,0.20565958
94.72,10.664334,-0.46239844,0.20565958
94.74,-13.372073,-0.46239844,0.36554214
94.759995,39.508022,1.6206378,0.5254247
94.78,1.049771,-0.46239844,0.5254247
94.799995,29.893461,0.9797035,0.045777034
94.82,1.049771,-0.14193134,0.36554214
94.84,-37.40848,-1.7442669,0.36554214
94.86,44.315308,0.9797035,0.045777034
94.88,-13.372073,-0.62263197,0.36554214
94.9,-13.372073,-0.14193134,0.045777034
94.92,25.08618,0.018302217,0.5254247
94.939995,10.664334,0.81947,-0.114105515
94.96,-27.793919,-0.62263197,0.36554214
94.979996,5.857053,0.33876932,0.5254247
95.0,-13.372073,-1.1033326,0.20565958
95.02,-42.215763,-1.2635663,0.20565958
95.04,-61.44489,-1.5840333,0.20565958
95.06,-3.7575107,0.018302217,0.20565958
95.079994,-22.986637,-0.14193134,0.68530726
95.1,-147.97597,-5.7501054,0.20565958
95.119995,-8.564792,0.17853576,0.5254247
95.14,-8.564792,-0.7828655,0.045777034
95.159996,25.08618,0.9797035,0.5254247
95.18,63.54443,1.7808713,0.20565958
95.2,5.857053,0.17853576,0.045777034
95.22,-18.179356,-0.30216488,0.5254247
95.24,-3.7575107,0.17853576,0.045777034
95.259995,20.278896,1.139937,0.36554214
95.28,-3.7575107,0.17853576,0.20565958
95.299995,10.664334,0.17853576,-0.114105515
95.32,58.737152,2.4218054,-0.114105515
95.34,-37.40848,-1.1033326,0.68530726
95.36,-27.793919,-1.1033326,-0.114105515
95.38,-8.564792,-0.30216488,0.045777034
95.4,-3.7575107,0.17853576,0.20565958
95.42,-32.6012,-1.2635663,0.68530726
95.439995,10.664334,0.49900287,0.20565958
95.46,-13.372073,-0.7828655,0.5254247
95.479996,10.664334,0.33876932,0.045777034
95.5,5.857053,0.9797035,0.36554214
95.52,-42.215763,-0.62263197,0.045777034
95.54,-13.372073,-0.14193134,0.045777034
95.56,-18.179356,-0.14193134,0.045777034
95.579994,-22.986637,-0.7828655,0.20565958
95.6,-196.04878,-5.2694044,1.0050724
95.619995,-3.7575107,0.018302217,0.5254247
95.64,-27.793919,-1.1033326,0.68530726
95.659996,1.049771,0.49900287,-0.114105515
95.68,10.664334,0.17853576,0.68530726
95.7,-3.7575107,-0.46239844,0.045777034
95.72,34.700745,1.3001705,0.20565958
95.74,-8.564792,0.17853576,0.36554214
95.759995,73.159,1.9411048,0.20565958
95.78,-13.372073,-1.1033326,0.36554214
95.799995,-22.986637,-0.7828655,0.045777034
95.82,-22.986637,-1.4237996,0.20565958
95.84,-42.215763,-1.1033326,0.36554214
95.86,-3.7575107,0.33876932,0.045777034
95.88,-18.179356,-0.46239844,-0.114105515
95.9,15.471616,0.9797035,0.045777034
95.92,-13.372073,-0.14193134,0.20565958
95.939995,44.315308,0.49900287,-0.114105515
95.96,5.857053,0.81947,0.045777034
95.979996,-37.40848,-0.7828655,-0.114105515
96.0,-27.793919,-1.1033326,0.20565958
96.02,5.857053,0.33876932,0.045777034
96.04,15.471616,0.6592364,0.36554214
96.06,25.08618,0.018302217,0.20565958
96.079994,-22.986637,0.17853576,0.045777034
96.1,-186.4342,-3.026135,0.36554214
96.119995,-27.793919,-0.9430991,-0.4338706
96.14,-13.372073,-0.9430991,0.5254247
96.159996,15.471616,-0.30216488,-0.114105515
96.18,10.664334,0.9797035,-0.114105515
96.2,25.08618,-0.14193134,0.20565958
96.22,10.664334,0.33876932,0.045777034
96.24,-3.7575107,-0.14193134,0.045777034
96.259995,44.315308,0.9797035,0.045777034
96.28,25.08618,0.49900287,-0.59375316
96.299995,39.508022,2.261572,0.045777034
96.32,1.049771,0.33876932,0.045777034
96.34,-61.44489,-1.9045002,-0.114105515
96.36,-8.564792,-0.14193134,-0.114105515
96.38,-3.7575107,-0.30216488,-0.114105515
96.4,1.049771,-0.30216488,0.20565958
96.42,-27.793919,-0.62263197,0.20565958
96.439995,25.08618,0.33876932,-0.2739881
96.46,34.700745,1.6206378,-0.114105515
96.479996,-47.023045,-0.46239844,-0.114105515
96.5,5.857053,0.6592364,0.20565958
96.52,20.278896,0.9797035,0.20565958
96.54,10.664334,0.018302217,-0.2739881
96.56,-71.05945,-2.8659017,-0.114105515
96.579994,-8.564792,-0.62263197,0.045777034
96.6,-167.20508,-2.385201,0.20565958
96.619995,1.049771,-0.14193134,0.045777034
96.64,20.278896,0.81947,-0.114105515
96.659996,-18.179356,0.17853576,-0.114105515
96.68,-3.7575107,-0.14193134,0.045777034
96.7,29.893461,0.49900287,0.045777034
96.72,-3.7575107,0.17853576,0.045777034
96.74,15.471616,0.9797035,0.20565958
96.759995,20.278896,0.17853576,-0.2739881
96.78,-27.793919,-0.30216488,0.045777034
96.799995,29.893461,1.139937,0.20565958
96.82,10.664334,0.49900287,-0.114105515
96.84,-51.830326,-0.9430991,0.36554214
96.86,15.471616,-0.14193134,-0.2739881
96.88,-51.830326,-1.5840333,0.5254247
96.9,49.122585,1.4604042,0.045777034
96.92,20.278896,0.81947,0.20565958
96.939995,5.857053,-0.14193134,0.36554214
96.96,1.049771,-0.46239844,0.045777034
96.979996,-71.05945,-1.9045002,0.20565958
97.0,-18.179356,-1.2635663,0.045777034
97.02,-3.7575107,-1.2635663,0.045777034
97.04,-95.09586,-1.7442669,0.5254247
97.06,-42.215763,-1.2635663,0.045777034
97.079994,-13.372073,-0.62263197,0.20565958
97.1,-95.09586,-2.7056682,-0.114105515
97.119995,-13.372073,-0.7828655,0.20565958
97.14,77.96628,1.9411048,0.20565958
97.159996,82.77356,1.7808713,0.20565958
97.18,20.278896,0.6592364,0.20565958
97.2,-47.023045,-0.9430991,0.045777034
97.22,-13.372073,-0.30216488,0.045777034
97.24,-27.793919,-1.5840333,0.045777034
97.259995,-27.793919,-1.9045002,0.20565958
97.28,25.08618,0.6592364,0.36554214
97.299995,-104.71042,-3.9875362,-0.114105515
97.32,-8.564792,-1.1033326,-0.114105515
97.34,-42.215763,-1.5840333,0.36554214
97.36,34.700745,1.3001705,0.045777034
97.38,-22.986637,-0.30216488,0.36554214
97.4,-47.023045,-1.7442669,-0.114105515
97.42,-47.023045,-2.2249672,0.36554214
97.439995,25.08618,-0.14193134,0.20565958
97.46,1.049771,-0.9430991,-0.4338706
97.479996,49.122585,0.9797035,-0.114105515
97.5,5.857053,-0.14193134,0.045777034
97.52,29.893461,1.3001705,0.36554214
97.54,39.508022,1.7808713,0.36554214
97.56,-27.793919,-1.5840333,0.045777034
97.579994,1.049771,-0.46239844,-0.114105515
97.6,-18.179356,-1.1033326,0.20565958
97.619995,-8.564792,-0.14193134,0.045777034
97.64,39.508022,1.4604042,0.36554214
97.659996,-13.372073,-0.62263197,0.045777034
97.68,39.508022,-0.14193134,-0.2739881
97.7,-27.793919,-0.9430991,0.20565958
97.72,-42.215763,-0.7828655,0.36554214
97.74,25.08618,0.6592364,0.5254247
97.759995,-56.637608,-1.2635663,0.20565958
97.78,-51.830326,-1.9045002,-0.2739881
97.799995,-47.023045,-1.9045002,0.36554214
97.82,-13.372073,-0.7828655,-0.2739881
97.84,-8.564792,-0.30216488,-0.2739881
97.86,63.54443,1.9411048,-0.114105515
97.88,-37.40848,-1.1033326,0.20565958
97.9,-8.564792,-0.14193134,0.20565958
97.92,10.664334,0.17853576,0.045777034
97.939995,-47.023045,-1.7442669,0.20565958
97.96,5.857053,-0.62263197,0.20565958
97.979996,-8.564792,-0.46239844,0.045777034
98.0,-8.564792,-1.1033326,0.20565958
98.02,-3.7575107,0.49900287,0.045777034
98.04,10.664334,0.17853576,-0.2739881
98.06,20.278896,-0.30216488,0.045777034
98.079994,-27.793919,-1.5840333,0.045777034
98.1,25.08618,0.6592364,-0.2739881
98.119995,-61.44489,-1.4237996,0.045777034
98.14,-27.793919,-1.2635663,0.36554214
98.159996,-8.564792,-1.1033326,-0.2739881
98.18,97.195404,2.7422726,0.5254247
98.2,10.664334,-0.30216488,-0.114105515
98.22,-22.986637,-1.1033326,0.20565958
98.24,-42.215763,-0.9430991,-0.114105515
98.259995,-3.7575107,0.33876932,-0.114105515
98.28,1.049771,-1.1033326,-0.114105515
98.299995,-51.830326,-2.2249672,0.045777034
98.32,15.471616,-0.14193134,0.045777034
98.34,-3.7575107,-1.2635663,-0.114105515
98.36,68.35171,1.4604042,0.20565958
98.38,-42.215763,-0.9430991,0.36554214
98.4,29.893461,-0.14193134,0.36554214
98.42,5.857053,-0.30216488,0.36554214
98.439995,-27.793919,-0.30216488,-0.114105515
98.46,-37.40848,-1.9045002,0.045777034
98.479996,20.278896,0.33876932,0.045777034
98.5,-27.793919,-2.5454345,0.5254247
98.52,-27.793919,-1.9045002,0.045777034
98.54,15.471616,-0.14193134,0.045777034
98.56,63.54443,0.33876932,-0.114105515
98.579994,29.893461,1.9411048,0.20565958
98.6,20.278896,0.81947,0.5254247
98.619995,5.857053,0.17853576,0.045777034
98.64,-51.830326,-1.9045002,-0.2739881
98.659996,-18.179356,-0.9430991,0.045777034
98.68,1.049771,0.17853576,-0.114105515
98.7,-18.179356,-0.46239844,0.045777034
98.72,5.857053,-0.14193134,-0.114105515
98.74,-13.372073,-1.1033326,-0.114105515
98.759995,20.278896,0.17853576,0.045777034
98.78,29.893461,1.139937,0.045777034
98.799995,-22.986637,-0.9430991,0.20565958
98.82,-27.793919,-0.9430991,0.20565958
98.84,-42.215763,-1.4237996,-0.114105515
98.86,34.700745,0.17853576,-0.2739881
98.88,10.664334,-0.30216488,0.045777034
98.9,44.315308,0.81947,-0.114105515
98.92,-18.179356,-2.7056682,0.045777034
98.939995,-3.7575107,0.49900287,0.20565958
98.96,-51.830326,-1.2635663,0.045777034
98.979996,-42.215763,-1.2635663,0.045777034
99.0,5.857053,-0.14193134,0.20565958
99.02,39.508022,0.49900287,0.20565958
99.04,10.664334,-0.62263197,0.20565958
99.06,-8.564792,-0.46239844,0.045777034
99.079994,-27.793919,-1.4237996,0.5254247
99.1,87.58084,2.4218054,0.045777034
99.119995,49.122585,0.9797035,0.20565958
99.14,1.049771,0.018302217,0.045777034
99.159996,-3.7575107,-0.14193134,-0.114105515
99.18,29.893461,0.81947,0.36554214
99.2,-18.179356,-1.7442669,-0.2739881
99.22,68.35171,1.4604042,0.20565958
99.24,15.471616,0.17853576,0.5254247
99.259995,73.159,1.6206378,0.20565958
99.28,5.857053,1.3001705,0.5254247
99.299995,25.08618,0.17853576,0.045777034
99.32,-3.7575107,-0.7828655,-0.114105515
99.34,-18.179356,-0.9430991,0.20565958
99.36,10.664334,0.17853576,0.045777034
99.38,-42.215763,-0.46239844,-0.114105515
99.4,29.893461,0.49900287,0.045777034
99.42,10.664334,-0.30216488,-0.114105515
99.439995,-3.7575107,0.17853576,0.5254247
99.46,-8.564792,0.33876932,0.36554214
99.479996,-32.6012,-0.9430991,-0.114105515
99.5,-71.05945,-2.2249672,0.045777034
99.52,-42.215763,-1.7442669,0.045777034
99.54,-3.7575107,0.018302217,0.20565958
99.56,-56.637608,-1.4237996,0.20565958
99.579994,1.049771,0.49900287,0.045777034
99.6,135.65366,2.7422726,0.045777034
99.619995,82.77356,2.902506,0.20565958
99.64,-8.564792,-0.14193134,0.5254247
99.659996,15.471616,1.3001705,0.045777034
99.68,10.664334,-0.14193134,-0.4338706
99.7,-37.40848,-0.7828655,-0.114105515
99.72,10.664334,0.33876932,0.20565958
99.74,58.737152,2.1013381,0.36554214
99.759995,-22.986637,-0.62263197,0.20565958
99.78,-22.986637,-0.7828655,-0.114105515
99.799995,10.664334,0.81947,-0.114105515
99.82,20.278896,0.6592364,-0.114105515
99.84,-85.48129,-1.9045002,-0.114105515
99.86,29.893461,0.81947,0.20565958
99.88,1.049771,-0.14193134,0.36554214
99.9,15.471616,0.49900287,0.045777034
99.92,10.664334,0.49900287,0.045777034
99.939995,5.857053,0.49900287,0.20565958
99.96,-8.564792,0.6592364,0.045777034
99.979996,1.049771,-0.14193134,0.045777034
100.0,25.08618,0.81947,0.20565958
100.02,-47.023045,-1.1033326,-0.114105515
100.04,20.278896,0.018302217,0.045777034
100.06,-13.372073,-0.30216488,-0.2739881
100.079994,-47.023045,-2.2249672,0.20565958
100.1,102.002686,-0.14193134,-0.2739881
100.119995,-3.7575107,-0.30216488,-0.114105515
100.14,25.08618,1.4604042,0.045777034
100.159996,29.893461,0.81947,0.36554214
100.18,10.664334,-0.14193134,-0.2739881
100.2,-27.793919,-0.9430991,-0.2739881
100.22,5.857053,0.81947,-0.4338706
100.24,-27.793919,-0.9430991,0.20565958
100.259995,-32.6012,-2.2249672,0.045777034
100.28,53.92987,1.6206378,0.68530726
100.299995,44.315308,0.81947,0.5254247
100.32,29.893461,0.6592364,0.045777034
100.34,-37.40848,0.49900287,0.5254247
100.36,25.08618,0.9797035,0.045777034
100.38,53.92987,0.9797035,0.5254247
100.4,34.700745,0.33876932,-0.114105515
100.42,15.471616,0.33876932,0.20565958
100.439995,34.700745,1.6206378,0.20565958
100.46,-8.564792,-0.7828655,0.045777034
100.479996,-13.372073,-1.4237996,0.5254247
100.5,29.893461,0.33876932,-0.114105515
100.52,20.278896,-0.7828655,0.20565958
100.54,49.122585,0.6592364,0.045777034
100.56,-37.40848,-1.5840333,-0.114105515
100.579994,20.278896,0.33876932,0.20565958
100.6,-119.13227,-5.589872,-0.2739881
100.619995,25.08618,-1.1033326,0.20565958
100.64,53.92987,0.81947,0.045777034
100.659996,5.857053,-0.30216488,0.045777034
100.68,-42.215763,-0.62263197,0.045777034
100.7,-18.179356,-0.46239844,0.20565958
100.72,-22.986637,-0.7828655,0.5254247
100.74,5.857053,-1.1033326,0.36554214
100.759995,29.893461,-0.62263197,0.045777034
100.78,15.471616,0.49900287,0.20565958
100.799995,25.08618,0.17853576,0.045777034
100.82,1.049771,-0.9430991,0.045777034
100.84,102.002686,3.3832066,-0.2739881
100.86,39.508022,-0.14193134,-0.114105515
100.88,10.664334,0.33876932,0.36554214
100.9,49.122585,1.4604042,0.045777034
100.92,-18.179356,-0.9430991,0.20565958
100.939995,25.08618,0.33876932,0.20565958
100.96,44.315308,0.33876932,0.20565958
100.979996,-3.7575107,-0.7828655,0.045777034
101.0,53.92987,1.139937,0.20565958
101.02,10.664334,-0.14193134,0.36554214
101.04,1.049771,0.018302217,-0.114105515
101.06,15.471616,0.33876932,0.20565958
101.079994,-61.44489,-2.7056682,-0.114105515
101.1,-147.97597,-5.7501054,-0.2739881
101.119995,39.508022,0.6592364,0.045777034
101.14,73.159,1.7808713,0.20565958
101.159996,5.857053,-0.46239844,-0.114105515
101.18,-27.793919,-0.62263197,0.045777034
101.2,49.122585,2.261572,0.20565958
101.22,44.315308,0.9797035,0.20565958
101.24,-61.44489,-1.5840333,-0.114105515
101.259995,-47.023045,-1.5840333,-0.114105515
101.28,25.08618,0.33876932,0.20565958
101.299995,-47.023045,-2.8659017,-0.2739881
101.32,53.92987,0.9797035,0.045777034
101.34,174.11191,4.504842,-0.2739881
101.36,29.893461,0.018302217,0.045777034
101.38,68.35171,1.9411048,0.20565958
101.4,-8.564792,0.6592364,0.045777034
101.42,5.857053,-0.14193134,0.20565958
101.439995,53.92987,1.139937,0.045777034
101.46,-56.637608,-2.385201,0.20565958
101.479996,29.893461,0.49900287,0.045777034
101.5,15.471616,0.17853576,-0.114105515
101.52,34.700745,0.9797035,-0.114105515
101.54,49.122585,0.33876932,0.5254247
101.56,1.049771,-0.46239844,0.5254247
101.579994,20.278896,-0.30216488,0.5254247
101.6,-167.20508,-4.7887044,0.045777034
101.619995,15.471616,0.81947,-0.114105515
101.64,-13.372073,-1.1033326,0.045777034
101.659996,1.049771,-0.62263197,-0.114105515
101.68,5.857053,-0.62263197,-0.2739881
101.7,1.049771,-0.46239844,0.20565958
101.72,58.737152,1.139937,0.20565958
101.74,15.471616,0.6592364,0.36554214
101.759995,-56.637608,-1.7442669,-0.114105515
101.78,20.278896,0.018302217,0.045777034
101.799995,1.049771,0.17853576,0.20565958
101.82,25.08618,0.9797035,0.045777034
101.84,154.8828,3.5434403,-0.4338706
101.86,25.08618,0.018302217,-0.114105515
101.88,5.857053,-0.14193134,0.045777034
101.9,73.159,2.261572,0.20565958
101.92,53.92987,1.139937,0.20565958
101.939995,15.471616,0.6592364,0.5254247
101.96,10.664334,-0.14193134,0.20565958
101.979996,25.08618,0.33876932,0.045777034
102.0,53.92987,1.9411048,0.045777034
102.02,-18.179356,-0.30216488,0.5254247
102.04,97.195404,1.9411048,-0.114105515
102.06,25.08618,0.33876932,0.045777034
102.079994,15.471616,0.49900287,0.045777034
102.1,-176.81964,-4.7887044,-0.114105515
102.119995,5.857053,0.33876932,0.20565958
102.14,10.664334,-0.62263197,0.045777034
102.159996,25.08618,0.6592364,0.20565958
102.18,15.471616,-0.30216488,0.045777034
102.2,34.700745,0.33876932,0.36554214
102.22,20.278896,-0.7828655,0.045777034
102.24,15.471616,0.33876932,-0.114105515
102.259995,5.857053,-0.7828655,-0.2739881
102.28,58.737152,1.6206378,0.5254247
102.299995,20.278896,0.17853576,0.5254247
102.32,10.664334,0.17853576,-0.4338706
102.34,10.664334,0.6592364,0.045777034
102.36,-18.179356,-2.2249672,0.045777034
102.38,34.700745,0.33876932,0.20565958
102.399994,-8.564792,-2.0647337,0.045777034
102.42,25.08618,0.49900287,0.045777034
102.439995,34.700745,1.6206378,0.20565958
102.46,-22.986637,-0.46239844,0.045777034
102.479996,-13.372073,-0.7828655,0.045777034
102.5,58.737152,1.4604042,-0.114105515
102.52,10.664334,0.49900287,0.20565958
102.54,49.122585,0.49900287,-0.4338706
102.56,-3.7575107,-0.46239844,0.36554214
102.579994,34.700745,0.81947,0.045777034
102.6,-200.85605,-6.5512733,-0.114105515
102.619995,15.471616,0.49900287,0.20565958
102.64,29.893461,0.6592364,0.20565958
102.659996,20.278896,0.9797035,0.20565958
102.68,-18.179356,-2.2249672,-0.2739881
102.7,-32.6012,-1.2635663,-0.2739881
102.72,5.857053,-0.62263197,0.045777034
102.74,-80.67402,-3.026135,-0.2739881
102.759995,-56.637608,-2.0647337,-0.4338706
102.78,-27.793919,-1.1033326,0.20565958
102.799995,-32.6012,-0.14193134,0.045777034
102.82,29.893461,0.33876932,0.36554214
102.84,135.65366,6.1071773,0.045777034
102.86,-22.986637,-0.7828655,0.045777034
102.88,20.278896,0.17853576,-0.114105515
102.899994,-56.637608,-1.9045002,-0.114105515
102.92,-3.7575107,-0.30216488,0.36554214
102.939995,15.471616,0.9797035,0.20565958
102.96,25.08618,0.018302217,-0.114105515
102.979996,-13.372073,-0.14193134,0.045777034
103.0,-13.372073,0.33876932,0.045777034
103.02,5.857053,-0.46239844,0.5254247
103.04,-3.7575107,0.33876932,-0.114105515
103.06,-8.564792,-0.7828655,-0.114105515
103.079994,25.08618,0.6592364,-0.114105515
103.1,-104.71042,-2.385201,-0.4338706
103.119995,-3.7575107,-0.30216488,0.045777034
103.14,-3.7575107,-0.62263197,0.20565958
103.159996,-3.7575107,0.33876932,-0.114105515
103.18,-90.288574,-2.7056682,-0.4338706
103.2,34.700745,0.6592364,0.045777034
103.22,25.08618,0.81947,-0.114105515
103.24,53.92987,1.3001705,0.045777034
103.259995,-42.215763,-0.7828655,0.045777034
103.28,-3.7575107,-0.14193134,0.20565958
103.299995,1.049771,-0.14193134,0.045777034
103.32,-13.372073,0.17853576,0.045777034
103.34,246.22115,8.190214,-0.4338706
103.36,1.049771,0.49900287,0.36554214
103.38,-66.25217,-1.9045002,0.045777034
103.399994,-42.215763,-2.0647337,-0.114105515
103.42,5.857053,0.018302217,-0.4338706
103.439995,25.08618,0.17853576,0.045777034
103.46,-3.7575107,-0.14193134,0.045777034
103.479996,10.664334,0.49900287,-0.114105515
103.5,-42.215763,-1.2635663,0.20565958
103.52,63.54443,1.3001705,-0.2739881
103.54,-8.564792,-0.7828655,0.20565958
103.56,63.54443,1.139937,0.045777034
103.579994,-37.40848,-0.9430991,0.36554214
103.6,68.35171,1.6206378,-0.2739881
103.619995,1.049771,0.17853576,0.045777034
103.64,-3.7575107,-0.30216488,0.045777034
103.659996,63.54443,2.261572,0.20565958
103.68,-104.71042,-1.2635663,0.20565958
103.7,15.471616,0.17853576,0.5254247
103.72,87.58084,2.7422726,0.045777034
103.74,20.278896,0.17853576,0.5254247
103.759995,-56.637608,-1.5840333,0.20565958
103.78,-13.372073,-1.1033326,0.045777034
103.799995,34.700745,1.139937,0.20565958
103.82,-18.179356,-0.62263197,0.20565958
103.84,409.66873,11.875586,0.36554214
103.86,5.857053,0.81947,0.5254247
103.88,-22.986637,-0.7828655,0.20565958
103.899994,5.857053,0.17853576,0.20565958
103.92,-22.986637,-0.7828655,0.20565958
103.939995,34.700745,2.1013381,0.5254247
103.96,-8.564792,-0.14193134,0.20565958
103.979996,29.893461,1.139937,0.20565958
104.0,-3.7575107,0.49900287,0.20565958
104.02,73.159,1.6206378,0.045777034
104.04,20.278896,0.6592364,0.5254247
104.06,-56.637608,-0.9430991,0.20565958
104.079994,-42.215763,-1.7442669,0.045777034
104.1,150.0755,2.261572,0.8451898
104.119995,5.857053,0.17853576,0.5254247
104.14,10.664334,0.81947,0.5254247
104.159996,34.700745,0.9797035,0.045777034
104.18,-104.71042,-1.5840333,-0.114105515
104.2,34.700745,1.6206378,0.20565958
104.22,15.471616,0.6592364,0.68530726
104.24,-8.564792,-0.9430991,0.20565958
104.259995,-66.25217,-1.7442669,0.20565958
104.28,1.049771,0.018302217,0.20565958
104.299995,10.664334,0.49900287,0.5254247
104.32,-8.564792,-0.46239844,0.20565958
104.34,356.7886,8.831148,0.045777034
104.36,20.278896,0.6592364,0.36554214
104.38,44.315308,1.7808713,0.5254247
104.399994,-32.6012,-0.7828655,0.36554214
104.42,-22.986637,-0.7828655,0.045777034
104.439995,-42.215763,-0.9430991,0.68530726
104.46,34.700745,0.6592364,0.20565958
104.479996,15.471616,0.6592364,0.5254247
104.5,-27.793919,-0.9430991,0.5254247
104.52,29.893461,-0.62263197,0.36554214
104.54,5.857053,0.81947,0.36554214
104.56,-27.793919,-1.1033326,0.68530726
104.579994,1.049771,-0.46239844,0.5254247
104.6,198.14832,3.7036738,1.0050724
104.619995,15.471616,0.17853576,0.20565958
104.64,10.664334,0.17853576,0.36554214
104.659996,53.92987,1.4604042,0.68530726
104.68,-104.71042,-0.7828655,0.8451898
104.7,5.857053,-0.14193134,0.5254247
104.72,53.92987,1.139937,0.36554214
104.74,1.049771,0.17853576,0.36554214
104.759995,-8.564792,0.33876932,0.5254247
104.78,-61.44489,-2.0647337,0.36554214
104.799995,53.92987,1.3001705,0.8451898
104.82,5.857053,-0.46239844,-0.2739881
104.84,222.18472,5.3060093,0.20565958
104.86,-13.372073,0.33876932,0.20565958
104.88,29.893461,0.9797035,0.36554214
104.899994,-37.40848,0.018302217,0.5254247
104.92,63.54443,2.4218054,0.8451898
104.939995,1.049771,0.17853576,0.5254247
104.96,20.278896,0.33876932,0.36554214
104.979996,44.315308,1.139937,0.36554214
105.0,20.278896,0.6592364,0.5254247
105.02,-8.564792,-0.9430991,0.045777034
105.04,10.664334,0.018302217,0.36554214
105.06,15.471616,-0.30216488,0.5254247
105.079994,63.54443,1.7808713,0.36554214
105.1,15.471616,-2.385201,0.5254247
105.119995,5.857053,0.33876932,0.68530726
105.14,29.893461,1.139937,0.68530726
105.159996,5.857053,-0.30216488,0.5254247
105.18,-56.637608,0.018302217,0.68530726
105.2,25.08618,1.6206378,0.36554214
105.22,25.08618,0.018302217,0.5254247
105.24,-47.023045,-1.1033326,0.8451898
105.259995,15.471616,0.49900287,0.36554214
105.28,15.471616,-0.46239844,0.5254247
105.299995,25.08618,0.6592364,0.5254247
105.32,-3.7575107,-0.30216488,0.5254247
105.34,49.122585,0.49900287,0.045777034
105.36,53.92987,0.9797035,0.20565958
105.38,25.08618,0.49900287,0.36554214
105.399994,53.92987,1.4604042,0.36554214
105.42,53.92987,1.4604042,1.0050724
105.439995,63.54443,2.902506,0.5254247
105.46,-3.7575107,0.49900287,0.045777034
105.479996,5.857053,0.018302217,0.5254247
105.5,1.049771,0.33876932,0.68530726
105.52,29.893461,-0.14193134,0.045777034
105.54,20.278896,0.81947,0.36554214
105.56,34.700745,0.9797035,0.5254247
105.579994,44.315308,1.6206378,0.68530726
105.6,-27.793919,-2.7056682,0.68530726
105.619995,25.08618,0.49900287,0.20565958
105.64,5.857053,0.6592364,0.045777034
105.659996,25.08618,0.49900287,0.68530726
105.68,-37.40848,0.49900287,0.8451898
105.7,29.893461,0.81947,0.68530726
105.72,77.96628,1.9411048,0.68530726
105.74,1.049771,-0.62263197,0.36554214
105.759995,10.664334,0.6592364,0.20565958
105.78,58.737152,1.7808713,0.68530726
105.799995,15.471616,0.81947,0.68530726
105.82,25.08618,0.81947,0.5254247
105.84,-47.023045,-1.1033326,0.20565958
105.86,15.471616,0.6592364,0.36554214
105.88,1.049771,0.17853576,0.045777034
105.899994,10.664334,0.33876932,-0.114105515
105.92,1.049771,-0.30216488,0.20565958
105.939995,15.471616,1.4604042,0.36554214
105.96,-8.564792,-0.62263197,0.20565958
105.979996,-13.372073,-0.14193134,0.045777034
106.0,-32.6012,-0.62263197,0.36554214
106.02,-8.564792,0.018302217,0.36554214
106.04,-37.40848,-1.1033326,0.36554214
106.06,15.471616,0.33876932,-0.2739881
106.079994,29.893461,0.49900287,-0.114105515
106.1,-99.903145,-4.6284704,0.045777034
106.119995,-27.793919,-0.14193134,0.20565958
106.14,1.049771,-0.30216488,0.045777034
106.159996,1.049771,0.6592364,-0.114105515
106.18,-47.023045,0.49900287,0.5254247
106.2,25.08618,0.81947,0.045777034
106.22,-27.793919,-1.1033326,0.20565958
106.24,-3.7575107,-0.14193134,-0.114105515
106.259995,34.700745,1.6206378,0.36554214
106.28,25.08618,0.49900287,0.045777034
106.299995,10.664334,0.33876932,0.20565958
106.32,-8.564792,0.33876932,0.20565958
106.34,-18.179356,-0.14193134,0.20565958
106.36,-3.7575107,-0.7828655,0.045777034
106.38,-22.986637,-0.46239844,0.045777034
106.399994,5.857053,0.49900287,0.20565958
106.42,-3.7575107,-0.62263197,0.20565958
106.439995,5.857053,0.33876932,-0.114105515
106.46,-47.023045,-1.1033326,0.045777034
106.479996,1.049771,-0.14193134,0.045777034
106.5,29.893461,1.139937,0.045777034
106.52,-8.564792,-0.30216488,0.36554214
106.54,5.857053,0.49900287,-0.114105515
106.56,25.08618,0.9797035,0.045777034
106.579994,-22.986637,-0.9430991,0.20565958
106.6,-56.637608,-2.0647337,0.36554214
106.619995,49.122585,1.6206378,0.36554214
106.64,-13.372073,0.018302217,0.36554214
106.659996,15.471616,0.33876932,0.36554214
106.68,-56.637608,-0.14193134,0.36554214
106.7,1.049771,0.81947,0.045777034
106.72,-18.179356,0.81947,0.36554214
106.74,-32.6012,-0.9430991,0.045777034
106.759995,15.471616,0.33876932,0.20565958
106.78,-32.6012,-0.9430991,0.20565958
106.799995,-3.7575107,0.018302217,0.20565958
106.82,-22.986637,-0.7828655,0.36554214
106.84,58.737152,2.4218054,0.045777034
106.86,29.893461,0.33876932,0.20565958
106.88,-8.564792,-0.14193134,0.36554214
106.899994,-22.986637,-0.46239844,0.20565958
106.92,-22.986637,-0.7828655,0.36554214
106.939995,-13.372073,-0.46239844,0.20565958
106.96,29.893461,1.9411048,0.36554214
106.979996,58.737152,1.139937,0.045777034
107.0,-22.986637,-0.9430991,0.5254247
107.02,53.92987,2.261572,0.68530726
107.04,-18.179356,-0.46239844,0.5254247
107.06,92.38812,2.4218054,0.20565958
107.079994,39.508022,1.139937,0.68530726
107.1,-22.986637,-1.5840333,0.5254247
107.119995,39.508022,1.3001705,0.20565958
107.14,5.857053,0.17853576,0.5254247
107.159996,-3.7575107,-0.30216488,0.68530726
107.18,49.122585,2.1013381,0.045777034
107.2,39.508022,0.9797035,0.68530726
107.22,-27.793919,-0.30216488,1.0050724
107.24,1.049771,-0.30216488,0.68530726
107.259995,25.08618,1.139937,0.5254247
107.28,20.278896,0.49900287,0.68530726
107.299995,34.700745,0.6592364,0.5254247
107.32,63.54443,1.6206378,0.36554214
107.34,-32.6012,-0.62263197,0.68530726
107.36,-8.564792,-0.14193134,0.20565958
107.38,-13.372073,-0.62263197,0.36554214
107.399994,5.857053,0.33876932,0.36554214
107.42,29.893461,0.6592364,0.5254247
107.439995,10.664334,0.33876932,0.20565958
107.46,20.278896,0.49900287,0.68530726
107.479996,34.700745,0.81947,0.36554214
107.5,29.893461,0.9797035,0.045777034
107.52,77.96628,2.7422726,0.68530726
107.54,49.122585,0.81947,0.5254247
107.56,39.508022,2.1013381,0.5254247
107.579994,-3.7575107,0.17853576,0.68530726
107.6,68.35171,2.5820389,0.68530726
107.619995,34.700745,0.6592364,0.5254247
107.64,-8.564792,-0.14193134,0.5254247
107.659996,63.54443,1.9411048,0.8451898
107.68,15.471616,0.81947,0.5254247
107.7,5.857053,0.6592364,0.68530726
107.72,34.700745,0.81947,0.5254247
107.74,49.122585,1.6206378,0.36554214
107.759995,-8.564792,0.49900287,0.36554214
107.78,25.08618,0.49900287,0.5254247
107.799995,-32.6012,-0.30216488,0.36554214
107.82,15.471616,0.81947,0.68530726
107.84,20.278896,0.6592364,0.5254247
107.86,25.08618,0.81947,0.36554214
107.88,15.471616,0.49900287,0.5254247
107.899994,20.278896,1.4604042,0.36554214
107.92,-80.67402,-1.7442669,0.68530726
107.939995,-13.372073,0.17853576,0.045777034
107.96,25.08618,0.17853576,0.36554214
107.979996,-13.372073,-0.7828655,0.36554214
108.0,20.278896,1.4604042,0.36554214
108.02,73.159,2.4218054,0.20565958
108.04,39.508022,1.139937,0.5254247
108.06,1.049771,0.018302217,0.5254247
108.079994,-32.6012,-0.9430991,0.5254247
108.1,-3.7575107,0.33876932,0.68530726
108.119995,-27.793919,-0.46239844,0.68530726
108.14,53.92987,1.6206378,0.36554214
108.159996,1.049771,0.81947,0.36554214
108.18,25.08618,0.33876932,0.20565958
108.2,82.77356,2.7422726,0.045777034
108.22,20.278896,0.81947,0.5254247
108.24,25.08618,0.49900287,0.68530726
108.259995,-18.179356,0.17853576,0.5254247
108.28,-18.179356,-0.46239844,0.36554214
108.299995,25.08618,0.81947,0.36554214
108.32,1.049771,0.17853576,0.20565958
108.34,39.508022,0.49900287,1.164955
108.36,15.471616,0.6592364,0.20565958
108.38,1.049771,0.33876932,0.68530726
108.399994,1.049771,-0.14193134,0.5254247
108.42,5.857053,1.139937,0.20565958
108.439995,39.508022,1.4604042,0.36554214
108.46,29.893461,0.81947,0.68530726
108.479996,39.508022,0.81947,0.5254247
108.5,5.857053,0.018302217,0.045777034
108.52,-27.793919,-0.62263197,0.68530726
108.54,58.737152,2.261572,0.36554214
108.56,53.92987,2.1013381,0.68530726
108.579994,1.049771,0.6592364,0.36554214
108.6,-18.179356,0.018302217,0.20565958
108.619995,-3.7575107,-0.30216488,0.20565958
108.64,-3.7575107,-0.30216488,0.5254247
108.659996,34.700745,1.7808713,0.5254247
108.68,-13.372073,0.33876932,1.0050724
108.7,34.700745,0.9797035,0.20565958
108.72,-13.372073,-0.30216488,0.36554214
108.74,15.471616,0.6592364,0.5254247
108.759995,68.35171,1.6206378,0.36554214
108.78,39.508022,0.9797035,0.045777034
108.799995,-22.986637,0.17853576,0.5254247
108.82,58.737152,2.1013381,0.5254247
108.84,5.857053,0.49900287,0.20565958
108.86,-3.7575107,0.49900287,0.36554214
108.88,34.700745,0.6592364,1.0050724
108.899994,29.893461,0.9797035,0.5254247
108.92,-47.023045,-0.9430991,0.5254247
108.939995,-8.564792,0.018302217,0.36554214
108.96,25.08618,0.49900287,0.5254247
108.979996,-47.023045,-2.2249672,0.5254247
109.0,1.049771,0.17853576,0.36554214
109.02,-8.564792,0.49900287,0.8451898
109.04,29.893461,1.139937,0.20565958
109.06,20.278896,1.139937,0.045777034
109.079994,10.664334,0.018302217,0.5254247
109.1,-13.372073,0.17853576,0.20565958
109.119995,-3.7575107,-0.30216488,0.68530726
109.14,58.737152,2.1013381,0.20565958
109.159996,5.857053,-0.14193134,0.5254247
109.18,73.159,3.0627398,0.8451898
109.2,20.278896,1.6206378,0.5254247
109.22,-3.7575107,-0.14193134,0.045777034
109.24,53.92987,1.4604042,0.20565958
109.259995,25.08618,0.81947,0.20565958
109.28,20.278896,1.9411048,0.20565958
109.299995,29.893461,0.9797035,0.36554214
109.32,34.700745,0.9797035,0.5254247
109.34,-8.564792,-0.14193134,0.5254247
109.36,-22.986637,-0.14193134,0.5254247
109.38,49.122585,2.261572,-0.114105515
109.399994,-27.793919,-1.1033326,-0.114105515
109.42,-51.830326,-1.2635663,0.045777034
109.439995,44.315308,0.9797035,-0.114105515
109.46,20.278896,0.81947,-0.114105515
109.479996,1.049771,0.17853576,-0.114105515
109.5,-42.215763,-1.1033326,0.045777034
109.52,-8.564792,0.018302217,0.045777034
109.54,34.700745,1.3001705,0.36554214
109.56,-18.179356,-0.14193134,-0.114105515
109.579994,5.857053,0.17853576,0.045777034
109.6,-191.24149,-4.7887044,-0.59375316
109.619995,-13.372073,0.33876932,0.20565958
109.64,29.893461,1.3001705,-0.2739881
109.659996,20.278896,0.81947,-0.2739881
109.68,97.195404,2.1013381,-0.2739881
109.7,1.049771,-0.30216488,-0.114105515
109.72,10.664334,0.018302217,-0.114105515
109.74,49.122585,1.3001705,0.5254247
109.759995,-27.793919,-0.7828655,0.045777034
109.78,10.664334,0.018302217,0.20565958
109.799995,-32.6012,-1.7442669,0.045777034
109.82,10.664334,0.49900287,-0.114105515
109.84,-61.44489,-1.5840333,0.045777034
109.86,-22.986637,-0.46239844,-0.114105515
109.88,-27.793919,-0.62263197,0.045777034
109.899994,-13.372073,0.17853576,0.20565958
109.92,-3.7575107,0.49900287,0.045777034
109.939995,49.122585,1.139937,-0.2739881
109.96,5.857053,0.6592364,-0.114105515
109.979996,1.049771,-1.1033326,0.045777034
110.0,10.664334,-0.62263197,0.20565958
110.02,25.08618,0.9797035,0.20565958
110.04,-13.372073,0.17853576,0.5254247
110.06,-27.793919,-0.7828655,0.045777034
110.079994,15.471616,0.81947,-0.2739881
110.1,-104.71042,-2.7056682,0.045777034
110.119995,39.508022,1.3001705,-0.2739881
110.14,20.278896,0.49900287,0.045777034
110.159996,20.278896,0.49900287,-0.114105515
110.18,169.30463,4.504842,-0.2739881
110.2,-13.372073,-0.14193134,0.045777034
110.22,1.049771,-0.14193134,0.20565958
110.24,-8.564792,-0.46239844,0.5254247
110.259995,39.508022,1.139937,0.68530726
110.28,44.315308,1.7808713,-0.114105515
110.299995,29.893461,0.6592364,0.36554214
110.32,-18.179356,-0.7828655,0.20565958
110.34,-128.74683,-4.6284704,0.045777034
110.36,-8.564792,-0.14193134,-0.114105515
110.38,15.471616,0.17853576,0.20565958
110.399994,-18.179356,-0.62263197,0.045777034
110.42,-42.215763,-0.9430991,0.8451898
110.439995,-37.40848,-1.7442669,0.045777034
110.46,15.471616,0.9797035,0.20565958
110.479996,-3.7575107,-0.14193134,-0.114105515
110.5,63.54443,1.4604042,-0.114105515
110.52,-18.179356,-0.30216488,0.68530726
110.54,5.857053,0.33876932,0.20565958
110.56,-18.179356,-0.14193134,0.5254247
110.579994,-27.793919,-0.14193134,0.045777034
110.6,-128.74683,-2.7056682,0.045777034
110.619995,-8.564792,-0.62263197,0.5254247
110.64,20.278896,1.139937,0.36554214
110.659996,-3.7575107,0.17853576,0.20565958
110.68,246.22115,4.184375,-0.4338706
110.7,-13.372073,-0.14193134,0.045777034
110.72,1.049771,0.33876932,0.20565958
110.74,25.08618,0.9797035,0.20565958
110.759995,92.38812,1.139937,0.20565958
110.78,5.857053,0.33876932,0.20565958
110.799995,20.278896,0.49900287,0.5254247
110.82,-18.179356,-0.7828655,0.36554214
110.84,-128.74683,-4.3080034,0.045777034
110.86,15.471616,0.018302217,-0.114105515
110.88,-13.372073,0.33876932,0.20565958
110.899994,5.857053,-0.46239844,0.045777034
110.92,15.471616,0.33876932,0.5254247
110.939995,5.857053,0.33876932,0.36554214
110.96,-61.44489,-2.0647337,0.20565958
110.979996,34.700745,0.6592364,0.045777034
111.0,25.08618,0.81947,0.68530726
111.02,20.278896,1.139937,0.5254247
111.04,-27.793919,-0.62263197,0.5254247
111.06,5.857053,0.6592364,0.045777034
111.079994,-47.023045,-0.46239844,0.68530726
111.1,-71.05945,-0.9430991,-0.114105515
111.119995,15.471616,1.139937,0.20565958
111.14,58.737152,1.7808713,0.20565958
111.159996,-3.7575107,-0.14193134,0.20565958
111.18,188.53375,3.8639073,-0.2739881
111.2,25.08618,0.33876932,0.36554214
111.22,-22.986637,-0.46239844,0.5254247
111.24,29.893461,0.49900287,0.045777034
111.259995,25.08618,-0.46239844,-0.4338706
111.28,49.122585,1.4604042,0.5254247
111.299995,25.08618,0.81947,0.5254247
111.32,-42.215763,-1.4237996,0.36554214
111.34,-71.05945,-4.7887044,-0.114105515
111.36,49.122585,1.3001705,0.045777034
111.38,77.96628,2.902506,0.20565958
111.399994,-27.793919,-0.62263197,0.045777034
111.42,25.08618,0.9797035,0.68530726
111.439995,-27.793919,-0.7828655,0.36554214
111.46,-37.40848,-1.1033326,0.5254247
111.479996,20.278896,0.17853576,0.20565958
111.5,10.664334,0.17853576,0.20565958
111.52,-47.023045,-0.9430991,0.5254247
111.54,-8.564792,-0.30216488,0.20565958
111.56,20.278896,0.49900287,0.36554214
111.579994,-3.7575107,0.33876932,0.20565958
111.6,53.92987,2.1013381,-0.114105515
111.619995,15.471616,0.6592364,0.5254247
111.64,-22.986637,0.17853576,0.20565958
111.659996,-3.7575107,-0.14193134,0.5254247
111.68,193.34105,4.024141,-0.2739881
111.7,1.049771,-0.46239844,0.20565958
111.72,29.893461,1.139937,0.36554214
111.74,1.049771,0.6592364,0.20565958
111.759995,-75.86674,-1.2635663,0.20565958
111.78,29.893461,0.9797035,0.045777034
111.799995,-22.986637,-0.7828655,0.20565958
111.82,1.049771,0.9797035,0.36554214
111.84,10.664334,-2.0647337,0.20565958
111.86,-3.7575107,0.17853576,0.5254247
111.88,15.471616,0.6592364,-0.114105515
111.899994,44.315308,1.139937,0.20565958
111.92,77.96628,2.5820389,0.68530726
111.939995,34.700745,1.4604042,0.20565958
111.96,-3.7575107,0.81947,0.20565958
111.979996,-3.7575107,-0.62263197,0.36554214
112.0,-18.179356,-0.46239844,0.20565958
112.02,15.471616,-0.14193134,0.5254247
112.04,15.471616,-0.14193134,0.20565958
112.06,15.471616,0.17853576,0.5254247
112.079994,1.049771,-0.46239844,0.36554214
112.1,111.61725,3.8639073,0.045777034
112.119995,-8.564792,-0.30216488,-0.114105515
112.14,15.471616,0.17853576,0.5254247
112.159996,20.278896,0.81947,0.20565958
112.18,126.0391,1.9411048,-0.4338706
112.2,10.664334,0.17853576,0.045777034
112.22,15.471616,0.018302217,0.20565958
112.24,10.664334,1.4604042,0.20565958
112.259995,-224.89246,-4.6284704,1.164955
112.28,1.049771,0.33876932,0.5254247
112.299995,10.664334,0.49900287,0.5254247
112.32,-13.372073,-0.9430991,-0.114105515
112.34,126.0391,0.9797035,-0.4338706
112.36,34.700745,1.139937,0.36554214
112.38,44.315308,1.3001705,0.5254247
112.399994,15.471616,0.33876932,0.045777034
112.42,145.26822,4.184375,0.5254247
112.439995,5.857053,1.139937,0.20565958
112.46,53.92987,1.6206378,0.20565958
112.479996,25.08618,1.139937,0.36554214
112.5,-27.793919,-0.30216488,0.045777034
112.52,-27.793919,-0.62263197,0.5254247
112.54,49.122585,1.6206378,0.36554214
112.56,-13.372073,-0.62263197,0.36554214
112.579994,1.049771,0.6592364,0.20565958
112.6,44.315308,1.139937,0.045777034
112.619995,5.857053,0.49900287,0.5254247
112.64,-8.564792,-0.14193134,0.5254247
112.659996,-3.7575107,0.17853576,0.36554214
112.68,10.664334,-0.30216488,-0.114105515
112.7,-47.023045,-2.2249672,0.20565958
112.72,-3.7575107,-0.46239844,0.20565958
112.74,-13.372073,0.018302217,0.20565958
112.759995,-90.288574,0.17853576,0.68530726
112.78,1.049771,0.018302217,0.045777034
112.799995,-3.7575107,-0.30216488,-0.2739881
112.82,-27.793919,-1.4237996,-0.114105515
112.84,111.61725,0.33876932,-0.2739881
112.86,5.857053,0.81947,0.20565958
112.88,-8.564792,-0.7828655,0.045777034
112.899994,-18.179356,-0.30216488,0.20565958
112.92,73.159,0.9797035,0.20565958
112.939995,44.315308,0.81947,0.20565958
112.96,-37.40848,-1.2635663,0.045777034
112.979996,-3.7575107,-0.30216488,0.20565958
113.0,-42.215763,-0.30216488,-0.114105515
113.02,39.508022,1.7808713,0.20565958
113.04,29.893461,0.33876932,0.045777034
113.06,5.857053,0.17853576,-0.114105515
113.079994,-8.564792,-1.1033326,0.045777034
113.1,-8.564792,1.4604042,0.045777034
113.119995,10.664334,0.17853576,0.045777034
113.14,-56.637608,-2.0647337,0.045777034
113.159996,20.278896,0.49900287,-0.114105515
113.18,-51.830326,-3.1863687,-0.2739881
113.2,1.049771,0.17853576,0.36554214
113.22,-32.6012,-0.9430991,0.20565958
113.24,25.08618,0.9797035,-0.114105515
113.259995,198.14832,7.0685787,-0.114105515
113.28,29.893461,1.7808713,-0.114105515
113.299995,1.049771,0.6592364,0.20565958
113.32,1.049771,-0.14193134,0.20565958
113.34,159.69006,2.1013381,-0.59375316
113.36,-18.179356,-0.7828655,0.36554214
113.38,5.857053,0.33876932,0.20565958
113.399994,-27.793919,-0.62263197,0.36554214
113.42,97.195404,0.81947,0.045777034
113.439995,-13.372073,0.17853576,0.20565958
113.46,29.893461,0.81947,0.045777034
113.479996,-32.6012,-1.4237996,0.20565958
113.5,10.664334,-0.14193134,0.045777034
113.52,34.700745,0.17853576,0.36554214
113.54,1.049771,0.33876932,0.20565958
113.56,-13.372073,-0.14193134,0.045777034
113.579994,-8.564792,0.6592364,0.20565958
113.6,77.96628,3.0627398,0.045777034
113.619995,-18.179356,-1.4237996,-0.2739881
113.64,-32.6012,-1.4237996,0.045777034
113.659996,-27.793919,-1.4237996,0.20565958
113.68,-51.830326,-2.2249672,0.045777034
113.7,1.049771,0.49900287,0.045777034
113.72,5.857053,-0.30216488,-0.114105515
113.74,-27.793919,0.33876932,0.045777034
113.759995,231.7993,4.9855423,-0.2739881
113.78,-22.986637,0.018302217,0.20565958
113.799995,5.857053,0.17853576,-0.114105515
113.82,58.737152,1.7808713,0.045777034
113.84,222.18472,4.825309,-0.114105515
113.86,-8.564792,-0.46239844,0.20565958
113.88,15.471616,0.81947,0.20565958
113.899994,-51.830326,-1.5840333,0.045777034
113.92,29.893461,-0.62263197,-0.2739881
113.939995,29.893461,1.139937,0.36554214
113.96,-27.793919,-0.9430991,0.20565958
113.979996,1.049771,-0.14193134,0.36554214
114.0,34.700745,1.7808713,-0.114105515
114.02,44.315308,0.9797035,0.045777034
114.04,-13.372073,-0.14193134,0.20565958
114.06,-27.793919,-0.9430991,-0.114105515
114.079994,-3.7575107,0.018302217,0.045777034
114.1,159.69006,4.504842,0.20565958
114.119995,10.664334,0.6592364,-0.114105515
114.14,39.508022,0.9797035,0.36554214
114.159996,53.92987,0.9797035,0.20565958
114.18,-176.81964,-4.6284704,0.68530726
114.2,29.893461,0.9797035,0.5254247
114.22,20.278896,1.4604042,0.20565958
114.24,-3.7575107,-0.62263197,0.36554214
114.259995,34.700745,-1.1033326,-0.2739881
114.28,-8.564792,-0.7828655,0.20565958
114.299995,25.08618,0.6592364,0.20565958
114.32,-8.564792,-0.46239844,-0.114105515
114.34,198.14832,5.466243,-0.4338706
114.36,44.315308,0.6592364,0.045777034
114.38,20.278896,0.018302217,0.20565958
114.399994,34.700745,0.81947,0.20565958
114.42,29.893461,0.33876932,-0.114105515
114.439995,-13.372073,0.018302217,0.5254247
114.46,1.049771,0.018302217,-0.114105515
114.479996,-51.830326,-1.7442669,0.20565958
114.5,1.049771,-0.14193134,0.5254247
114.52,34.700745,0.6592364,0.045777034
114.54,5.857053,0.81947,-0.114105515
114.56,5.857053,0.33876932,0.5254247
114.579994,39.508022,1.139937,0.045777034
114.6,121.23181,2.4218054,0.20565958
114.619995,5.857053,0.49900287,0.5254247
114.64,-8.564792,0.018302217,0.68530726
114.659996,20.278896,0.49900287,-0.114105515
114.68,-196.04878,-5.429638,0.20565958
114.7,10.664334,-0.30216488,-0.114105515
114.72,-8.564792,-1.4237996,-0.2739881
114.74,-8.564792,-0.30216488,0.20565958
114.759995,-215.2779,-6.711507,0.20565958
114.78,-3.7575107,-0.30216488,0.36554214
114.799995,-13.372073,-0.46239844,0.045777034
114.82,-8.564792,-0.30216488,0.045777034
114.84,222.18472,6.908345,0.20565958
114.86,10.664334,0.9797035,0.045777034
114.88,5.857053,-0.14193134,0.045777034
114.899994,29.893461,1.3001705,0.36554214
114.92,10.664334,-0.46239844,-0.2739881
114.939995,-8.564792,0.33876932,0.20565958
114.96,29.893461,1.6206378,0.36554214
114.979996,-37.40848,-0.14193134,0.045777034
115.0,-22.986637,-0.7828655,0.20565958
115.02,58.737152,0.9797035,0.045777034
115.04,25.08618,1.7808713,0.5254247
115.06,25.08618,0.81947,-0.114105515
115.079994,29.893461,1.139937,0.045777034
115.1,188.53375,4.825309,0.045777034
115.119995,15.471616,1.3001705,0.20565958
115.14,10.664334,0.9797035,0.045777034
115.159996,15.471616,-0.14193134,0.045777034
115.18,-200.85605,-5.429638,0.68530726
115.2,58.737152,1.4604042,0.36554214
115.22,29.893461,0.81947,0.20565958
115.24,1.049771,0.81947,0.20565958
115.259995,-205.66333,-4.468237,0.5254247
115.28,15.471616,0.49900287,0.36554214
115.299995,-56.637608,-1.1033326,0.045777034
115.32,-71.05945,-1.7442669,0.20565958
115.34,169.30463,5.6264763,0.36554214
115.36,-3.7575107,0.018302217,-0.2739881
115.38,-13.372073,-0.14193134,0.20565958
115.399994,5.857053,0.018302217,0.20565958
115.42,-32.6012,-1.5840333,0.20565958
115.439995,-22.986637,-0.30216488,0.20565958
115.46,-3.7575107,-0.14193134,0.68530726
115.479996,-3.7575107,0.17853576,0.20565958
115.5,-32.6012,-0.46239844,0.20565958
115.52,29.893461,0.49900287,-0.114105515
115.54,-32.6012,-0.7828655,0.20565958
115.56,1.049771,0.33876932,-0.114105515
115.579994,-51.830326,-1.5840333,0.20565958
115.6,102.002686,2.1013381,0.5254247
115.619995,20.278896,0.49900287,0.20565958
115.64,-27.793919,-0.9430991,0.36554214
115.659996,-22.986637,-0.7828655,-0.114105515
115.68,-258.54343,-6.230806,0.68530726
115.7,-8.564792,0.018302217,0.36554214
115.72,15.471616,0.81947,0.20565958
115.74,-18.179356,-0.7828655,0.36554214
115.759995,-71.05945,-0.7828655,0.045777034
115.78,34.700745,0.17853576,0.20565958
115.799995,15.471616,0.6592364,0.045777034
115.82,10.664334,0.49900287,0.20565958
115.84,25.08618,1.7808713,0.5254247
115.86,39.508022,1.139937,0.20565958
115.88,-3.7575107,-0.14193134,0.20565958
115.899994,20.278896,0.33876932,-0.114105515
115.92,-32.6012,-1.2635663,-0.2739881
115.939995,-51.830326,-0.9430991,-0.2739881
115.96,-3.7575107,-0.14193134,0.20565958
115.979996,5.857053,0.33876932,0.045777034
116.0,5.857053,0.33876932,0.045777034
116.02,-18.179356,-1.9045002,-0.114105515
116.04,-22.986637,-0.30216488,0.045777034
116.06,-3.7575107,-0.14193134,0.20565958
116.079994,5.857053,0.17853576,-0.114105515
116.1,111.61725,2.4218054,0.20565958
116.119995,-18.179356,-0.62263197,0.045777034
116.14,29.893461,0.81947,-0.114105515
116.159996,-3.7575107,-0.14193134,0.045777034
116.18,-191.24149,-3.1863687,0.68530726
116.2,-51.830326,-2.0647337,-0.2739881
116.21999,-32.6012,-0.7828655,0.045777034
116.24,-80.67402,-2.385201,0.045777034
116.259995,49.122585,1.4604042,0.045777034
116.28,15.471616,0.33876932,0.20565958
116.299995,5.857053,0.17853576,-0.114105515
116.32,44.315308,0.9797035,-0.4338706
116.34,-18.179356,-0.9430991,0.045777034
116.36,-18.179356,-0.30216488,-0.114105515
116.38,25.08618,0.9797035,0.045777034
116.399994,-13.372073,-0.46239844,0.20565958
116.42,-8.564792,0.018302217,0.36554214
116.439995,5.857053,0.17853576,0.045777034
116.46,44.315308,1.139937,0.045777034
116.479996,-22.986637,-0.62263197,-0.114105515
116.5,-61.44489,-1.9045002,0.045777034
116.52,29.893461,0.33876932,0.20565958
116.54,1.049771,0.17853576,0.20565958
116.56,15.471616,-0.14193134,-0.114105515
116.579994,-27.793919,-0.62263197,-0.114105515
116.6,34.700745,-0.62263197,-0.114105515
116.619995,-27.793919,-0.62263197,0.045777034
116.64,-32.6012,-1.1033326,-0.2739881
116.659996,-61.44489,-1.2635663,-0.2739881
116.68,-157.59052,-3.5068357,0.36554214
116.7,39.508022,0.33876932,0.045777034
116.71999,-18.179356,-0.7828655,-0.114105515
116.74,63.54443,2.4218054,-0.114105515
116.759995,29.893461,0.49900287,-0.2739881
116.78,-13.372073,-0.46239844,0.20565958
116.799995,25.08618,0.17853576,-0.2739881
116.82,-3.7575107,0.018302217,-0.114105515
116.84,-8.564792,-0.14193134,-0.2739881
116.86,-13.372073,-0.14193134,0.20565958
116.88,15.471616,0.81947,0.20565958
116.899994,-18.179356,-0.14193134,-0.114105515
116.92,-42.215763,-0.62263197,0.20565958
116.939995,15.471616,1.7808713,0.045777034
116.96,20.278896,0.9797035,0.045777034
116.979996,25.08618,0.33876932,0.20565958
117.0,-18.179356,0.81947,0.045777034
117.02,82.77356,1.7808713,0.045777034
117.04,1.049771,0.6592364,0.36554214
117.06,10.664334,1.139937,0.68530726
117.079994,-3.7575107,0.33876932,0.20565958
117.1,1.049771,0.6592364,0.20565958
117.119995,20.278896,0.9797035,0.20565958
117.14,-22.986637,0.49900287,0.5254247
117.159996,-3.7575107,0.17853576,0.20565958
117.18,1.049771,1.3001705,0.36554214
117.2,15.471616,0.9797035,0.36554214
117.21999,15.471616,0.6592364,0.20565958
117.24,53.92987,3.0627398,0.5254247
117.259995,1.049771,0.33876932,0.20565958
117.28,-27.793919,0.018302217,0.045777034
117.299995,1.049771,0.17853576,0.5254247
117.32,-18.179356,-0.30216488,0.36554214
117.34,68.35171,1.7808713,0.5254247
117.36,39.508022,1.6206378,0.5254247
117.38,-51.830326,-0.62263197,0.36554214
117.399994,15.471616,0.81947,0.5254247
117.42,-42.215763,-0.7828655,0.5254247
117.439995,-3.7575107,-0.14193134,0.045777034
117.46,1.049771,0.17853576,0.5254247
117.479996,39.508022,1.4604042,0.5254247
117.5,-3.7575107,0.33876932,0.36554214
117.52,-18.179356,0.018302217,0.5254247
117.54,25.08618,1.3001705,0.68530726
117.56,1.049771,0.6592364,0.36554214
117.579994,20.278896,1.4604042,0.68530726
117.6,20.278896,1.6206378,0.68530726
117.619995,-56.637608,0.17853576,0.8451898
117.64,-3.7575107,0.6592364,0.36554214
117.659996,20.278896,0.9797035,0.045777034
117.68,34.700745,1.139937,0.36554214
117.7,68.35171,2.4218054,0.045777034
117.71999,29.893461,0.81947,0.8451898
117.74,15.471616,0.81947,0.20565958
117.759995,1.049771,1.6206378,0.20565958
117.78,-22.986637,0.6592364,0.36554214
117.799995,73.159,2.261572,0.5254247
117.82,-32.6012,-1.2635663,0.20565958
117.84,-27.793919,-0.30216488,0.045777034
117.86,-13.372073,0.17853576,0.20565958
117.88,-22.986637,1.139937,0.045777034
117.899994,34.700745,1.139937,0.045777034
117.92,44.315308,1.6206378,0.5254247
117.939995,-56.637608,-0.14193134,0.68530726
117.96,-27.793919,0.17853576,0.5254247
117.979996,-3.7575107,-0.46239844,0.20565958
118.0,-8.564792,0.33876932,0.5254247
118.02,5.857053,0.17853576,0.36554214
118.04,73.159,2.4218054,0.20565958
118.06,73.159,2.902506,0.20565958
118.079994,5.857053,1.3001705,0.68530726
118.1,20.278896,1.3001705,0.20565958
118.119995,-8.564792,0.6592364,0.045777034
118.14,-3.7575107,0.49900287,0.36554214
118.159996,20.278896,1.4604042,0.68530726
118.18,-8.564792,0.81947,0.5254247
118.2,10.664334,0.49900287,0.5254247
118.21999,10.664334,1.139937,0.045777034
118.24,58.737152,1.7808713,0.20565958
118.259995,10.664334,0.9797035,0.20565958
118.28,20.278896,1.4604042,0.68530726
118.299995,-27.793919,-0.62263197,-0.2739881
118.32,-37.40848,-0.46239844,0.36554214
118.34,53.92987,3.0627398,0.20565958
118.36,-27.793919,0.17853576,0.20565958
118.38,15.471616,0.33876932,0.36554214
118.399994,53.92987,2.4218054,0.5254247
118.42,68.35171,3.2229733,0.5254247
118.439995,25.08618,1.4604042,0.20565958
118.46,1.049771,0.6592364,0.5254247
118.479996,29.893461,1.7808713,0.68530726
118.5,-8.564792,0.17853576,0.045777034
118.52,-22.986637,0.17853576,0.5254247
118.54,53.92987,2.1013381,0.20565958
118.56,15.471616,0.17853576,0.36554214
118.579994,25.08618,1.139937,0.5254247
118.6,1.049771,-0.46239844,-0.114105515
118.619995,-3.7575107,-0.30216488,0.20565958
118.64,25.08618,2.261572,0.045777034
118.659996,58.737152,3.0627398,0.36554214
118.68,-13.372073,-0.14193134,0.045777034
118.7,-37.40848,0.17853576,0.20565958
118.71999,5.857053,0.49900287,0.5254247
118.74,-3.7575107,0.81947,0.36554214
118.759995,15.471616,1.139937,0.045777034
118.78,1.049771,1.139937,0.36554214
118.799995,15.471616,0.49900287,0.5254247
118.82,10.664334,0.6592364,0.36554214
118.84,-22.986637,-0.30216488,0.5254247
118.86,1.049771,0.17853576,0.68530726
118.88,34.700745,1.6206378,0.20565958
118.899994,-37.40848,-0.62263197,0.045777034
118.92,39.508022,1.139937,0.20565958
118.939995,29.893461,0.9797035,0.045777034
118.96,5.857053,0.49900287,0.20565958
118.979996,-8.564792,1.3001705,0.68530726
119.0,44.315308,1.9411048,0.5254247
119.02,-18.179356,-0.30216488,0.36554214
119.04,-13.372073,0.018302217,0.36554214
119.06,-22.986637,0.018302217,0.36554214
119.079994,68.35171,1.9411048,0.36554214
119.1,58.737152,2.1013381,0.36554214
119.119995,44.315308,0.6592364,0.20565958
119.14,15.471616,0.9797035,-0.114105515
119.159996,1.049771,-0.14193134,0.045777034
119.18,130.84637,4.6650753,0.20565958
119.2,77.96628,2.4218054,0.20565958
119.21999,53.92987,3.8639073,0.5254247
119.24,-27.793919,-0.7828655,0.36554214
119.259995,-3.7575107,0.9797035,0.36554214
119.28,-27.793919,-0.7828655,0.20565958
119.299995,49.122585,1.139937,0.5254247
119.32,-22.986637,-0.30216488,0.045777034
119.34,-3.7575107,0.49900287,0.5254247
119.36,92.38812,3.5434403,0.20565958
119.38,-13.372073,-0.46239844,0.20565958
119.399994,10.664334,0.9797035,-0.114105515
119.42,1.049771,0.33876932,-0.114105515
119.439995,1.049771,0.33876932,0.20565958
119.46,15.471616,0.17853576,0.045777034
119.479996,34.700745,0.49900287,-0.114105515
119.5,5.857053,0.49900287,-0.4338706
119.52,-47.023045,-0.7828655,0.36554214
119.54,-42.215763,-1.2635663,-0.114105515
119.56,1.049771,0.17853576,-0.114105515
119.579994,1.049771,-0.30216488,0.045777034
119.6,-13.372073,-1.1033326,0.20565958
119.619995,15.471616,0.49900287,0.045777034
119.64,1.049771,0.6592364,0.20565958
119.659996,15.471616,0.6592364,-0.114105515
119.68,226.992,5.6264763,-0.114105515
119.7,-22.986637,-0.7828655,0.20565958
119.71999,20.278896,0.17853576,0.20565958
119.74,-13.372073,-0.9430991,-0.2739881
119.759995,-3.7575107,-0.9430991,0.5254247
119.78,10.664334,0.6592364,-0.2739881
119.799995,-8.564792,0.33876932,0.20565958
119.82,-13.372073,-0.14193134,0.36554214
119.84,-42.215763,-1.2635663,-0.114105515
119.86,15.471616,0.018302217,-0.114105515
119.88,-8.564792,-0.62263197,0.36554214
119.899994,5.857053,0.17853576,0.045777034
119.92,145.26822,4.184375,-0.114105515
119.939995,20.278896,0.33876932,-0.114105515
119.96,-3.7575107,0.17853576,0.20565958
119.979996,-27.793919,-1.5840333,-0.2739881
120.0,20.278896,0.33876932,0.20565958
120.02,-61.44489,-1.2635663,0.045777034
120.04,-8.564792,-0.14193134,0.045777034
120.06,10.664334,0.81947,0.20565958
120.079994,10.664334,-0.14193134,0.20565958
120.1,-13.372073,0.49900287,0.20565958
120.119995,29.893461,1.3001705,0.045777034
120.14,1.049771,0.17853576,0.045777034
120.159996,49.122585,0.81947,0.045777034
120.18,207.7629,4.024141,-0.4338706
120.2,-27.793919,-0.46239844,-0.114105515
120.21999,1.049771,0.81947,0.045777034
120.24,-27.793919,-1.2635663,0.36554214
120.259995,-13.372073,-0.30216488,0.045777034
120.28,5.857053,0.49900287,0.045777034
120.299995,20.278896,1.3001705,0.36554214
120.32,-3.7575107,0.6592364,0.20565958
120.34,-47.023045,-1.5840333,-0.114105515
120.36,25.08618,1.139937,0.36554214
120.38,29.893461,1.6206378,0.045777034
120.399994,-8.564792,0.49900287,0.20565958
120.42,92.38812,3.2229733,0.045777034
120.439995,-56.637608,-2.2249672,0.36554214
120.46,-13.372073,-0.7828655,0.5254247
120.479996,-3.7575107,0.17853576,0.5254247
120.5,1.049771,0.018302217,0.68530726
120.52,-51.830326,-0.14193134,0.5254247
120.54,25.08618,1.4604042,0.5254247
120.56,-42.215763,-0.62263197,0.20565958
120.579994,-8.564792,-0.30216488,0.36554214
120.6,-66.25217,-1.2635663,0.20565958
120.619995,-32.6012,-0.62263197,0.20565958
120.64,-18.179356,-0.14193134,0.36554214
120.659996,-8.564792,-0.46239844,0.20565958
120.68,188.53375,3.7036738,0.20565958
120.7,25.08618,1.139937,0.045777034
120.71999,10.664334,0.49900287,0.5254247
120.74,-3.7575107,0.9797035,0.5254247
120.759995,-8.564792,0.6592364,0.36554214
120.78,-27.793919,0.33876932,0.045777034
120.799995,15.471616,0.81947,0.68530726
120.82,-8.564792,-0.30216488,0.5254247
120.84,29.893461,0.49900287,-0.59375316
120.86,-8.564792,-0.14193134,0.36554214
120.88,-8.564792,0.9797035,0.36554214
120.899994,-47.023045,-0.46239844,-0.114105515
120.92,135.65366,3.3832066,0.36554214
120.939995,25.08618,1.139937,0.20565958
120.96,-27.793919,-0.30216488,0.20565958
120.979996,25.08618,1.9411048,0.5254247
121.0,-3.7575107,-0.62263197,0.20565958
121.02,-27.793919,-0.14193134,0.68530726
121.04,58.737152,2.1013381,0.20565958
121.06,29.893461,0.81947,0.20565958
121.079994,29.893461,1.6206378,0.36554214
121.1,-13.372073,0.018302217,0.5254247
121.119995,-13.372073,0.33876932,0.36554214
121.14,15.471616,1.6206378,0.20565958
121.159996,10.664334,1.6206378,0.5254247
121.18,126.0391,1.9411048,0.20565958
121.2,5.857053,0.6592364,0.045777034
121.21999,20.278896,1.7808713,0.045777034
121.24,-37.40848,-0.62263197,0.5254247
121.259995,5.857053,1.7808713,0.045777034
121.28,15.471616,0.6592364,0.20565958
121.299995,-47.023045,-0.46239844,0.20565958
121.32,10.664334,-0.30216488,0.20565958
121.34,39.508022,0.9797035,-0.114105515
121.36,-8.564792,-0.14193134,0.045777034
121.38,-32.6012,-0.62263197,0.20565958
121.399994,-3.7575107,0.33876932,0.5254247
121.42,135.65366,3.5434403,0.20565958
121.439995,44.315308,2.261572,0.36554214
121.46,-8.564792,0.6592364,0.20565958
121.479996,-18.179356,0.33876932,0.20565958
121.5,-18.179356,0.33876932,0.5254247
121.52,1.049771,0.6592364,0.5254247
121.54,-8.564792,0.33876932,0.5254247
121.56,15.471616,0.9797035,0.36554214
121.579994,-42.215763,-0.7828655,0.045777034
121.6,-3.7575107,-0.46239844,0.36554214
121.619995,-37.40848,-0.46239844,0.20565958
121.64,-13.372073,-1.2635663,0.20565958
121.659996,-3.7575107,0.33876932,0.045777034
121.68,49.122585,-0.30216488,0.36554214
121.7,1.049771,0.6592364,0.045777034
121.71999,-27.793919,-0.9430991,-0.114105515
121.74,44.315308,1.3001705,0.20565958
121.759995,29.893461,2.1013381,0.20565958
121.78,-8.564792,0.49900287,0.36554214
121.799995,5.857053,1.9411048,0.68530726
121.82,-22.986637,0.33876932,0.36554214
121.84,44.315308,0.17853576,0.20565958
121.86,-18.179356,-0.62263197,-0.114105515
121.88,15.471616,0.6592364,0.045777034
121.899994,15.471616,0.81947,0.045777034
121.92,92.38812,0.6592364,0.20565958
121.939995,-27.793919,-0.14193134,0.36554214
121.96,-37.40848,-0.46239844,0.20565958
121.979996,49.122585,2.1013381,0.045777034
122.0,15.471616,0.9797035,0.20565958
122.02,-18.179356,0.49900287,0.045777034
122.04,15.471616,0.81947,0.8451898
122.06,1.049771,0.018302217,0.20565958
122.079994,-51.830326,-0.30216488,0.045777034
122.1,15.471616,0.49900287,0.20565958
122.119995,5.857053,0.9797035,0.20565958
122.14,34.700745,0.9797035,0.045777034
122.159996,-51.830326,-0.46239844,0.68530726
122.18,-109.5177,-3.6670694,0.36554214
122.2,-71.05945,-1.2635663,0.5254247
122.21999,-13.372073,-0.30216488,0.20565958
122.24,58.737152,2.5820389,0.5254247
122.259995,1.049771,1.9411048,0.5254247
122.28,-18.179356,0.018302217,0.045777034
122.299995,-18.179356,0.33876932,0.5254247
122.32,-47.023045,-1.1033326,0.5254247
122.34,159.69006,3.5434403,0.36554214
122.36,-13.372073,0.17853576,0.36554214
122.38,-8.564792,0.33876932,0.20565958
122.399994,-42.215763,-1.1033326,0.5254247
122.42,68.35171,-0.62263197,0.5254247
122.439995,10.664334,0.6592364,0.20565958
122.46,1.049771,0.6592364,0.20565958
122.479996,15.471616,1.139937,0.045777034
122.5,20.278896,1.139937,0.68530726
122.52,-51.830326,0.018302217,0.20565958
122.54,-66.25217,-0.9430991,0.045777034
122.56,39.508022,1.6206378,0.36554214
122.579994,-42.215763,-1.4237996,0.36554214
122.6,5.857053,0.6592364,0.5254247
122.619995,-27.793919,0.17853576,0.68530726
122.64,-18.179356,0.018302217,0.20565958
122.659996,-3.7575107,0.6592364,0.68530726
122.68,-157.59052,-4.7887044,0.20565958
122.7,5.857053,0.49900287,0.20565958
122.71999,-47.023045,-0.7828655,0.045777034
122.74,5.857053,-0.7828655,-0.114105515
122.759995,49.122585,1.7808713,0.36554214
122.78,1.049771,0.17853576,0.045777034
122.799995,-32.6012,-0.7828655,0.20565958
122.82,5.857053,-0.14193134,0.20565958
122.84,121.23181,2.1013381,0.20565958
122.86,-3.7575107,-0.46239844,0.045777034
122.88,34.700745,0.9797035,-0.114105515
122.899994,-22.986637,-1.1033326,-0.114105515
122.92,-56.637608,-4.6284704,0.5254247
122.939995,-3.7575107,0.6592364,-0.114105515
122.96,-3.7575107,0.17853576,-0.114105515
122.979996,34.700745,0.49900287,0.045777034
123.0,-32.6012,-1.4237996,0.20565958
123.02,10.664334,0.33876932,0.20565958
123.04,25.08618,0.81947,-0.114105515
123.06,-13.372073,-0.14193134,0.045777034
123.079994,-13.372073,-0.62263197,-0.114105515
123.1,10.664334,0.9797035,0.045777034
123.119995,10.664334,0.33876932,0.36554214
123.14,20.278896,0.49900287,-0.2739881
123.159996,10.664334,0.6592364,-0.114105515
123.18,-167.20508,-3.827303,0.8451898
123.2,-3.7575107,-0.46239844,-0.2739881
123.21999,-13.372073,0.018302217,0.36554214
123.24,-8.564792,-0.62263197,0.20565958
123.259995,15.471616,-0.46239844,-0.114105515
123.28,-32.6012,-0.62263197,0.36554214
123.299995,-27.793919,-0.9430991,0.20565958
123.32,10.664334,0.33876932,0.20565958
123.34,87.58084,1.3001705,0.045777034
123.36,1.049771,-0.62263197,-0.2739881
123.38,-37.40848,-0.46239844,0.045777034
123.399994,1.049771,0.33876932,0.045777034
123.42,-210.47061,-8.794542,0.045777034
123.439995,1.049771,0.49900287,0.20565958
123.46,-18.179356,-0.30216488,0.045777034
123.479996,-27.793919,-0.30216488,0.20565958
123.5,-18.179356,0.17853576,0.045777034
123.52,25.08618,0.018302217,0.20565958
123.54,-22.986637,0.018302217,0.045777034
123.56,15.471616,0.6592364,0.045777034
123.579994,-22.986637,0.6592364,0.20565958
123.6,44.315308,2.4218054,0.68530726
123.619995,25.08618,0.81947,0.045777034
123.64,-8.564792,0.81947,0.045777034
123.659996,15.471616,0.33876932,0.5254247
123.68,-220.08519,-3.6670694,0.68530726
123.7,-22.986637,-0.46239844,0.36554214
123.71999,-8.564792,0.17853576,0.20565958
123.74,63.54443,2.7422726,-0.114105515
123.759995,29.893461,0.33876932,-0.114105515
123.78,-3.7575107,0.33876932,0.20565958
123.799995,-13.372073,0.018302217,0.045777034
123.82,-32.6012,-0.7828655,0.5254247
123.84,63.54443,0.6592364,0.20565958
123.86,44.315308,1.9411048,0.36554214
123.88,34.700745,0.6592364,0.20565958
123.899994,-22.986637,-0.14193134,0.20565958
123.92,-152.78323,-4.3080034,0.68530726
123.939995,-3.7575107,0.018302217,0.20565958
123.96,20.278896,0.6592364,0.20565958
123.979996,20.278896,0.33876932,0.36554214
124.0,-42.215763,-1.1033326,0.045777034
124.02,-3.7575107,-0.9430991,0.045777034
124.04,-13.372073,-0.30216488,0.20565958
124.06,-32.6012,-0.62263197,0.20565958
124.079994,29.893461,1.139937,0.5254247
124.1,1.049771,0.018302217,-0.114105515
124.119995,25.08618,1.3001705,0.5254247
124.14,-22.986637,0.018302217,0.36554214
124.159996,5.857053,0.17853576,0.20565958
124.18,-186.4342,-2.2249672,0.20565958
124.2,5.857053,0.33876932,-0.114105515
124.21999,1.049771,0.33876932,0.045777034
124.24,-18.179356,-0.14193134,0.20565958
124.259995,39.508022,0.6592364,-0.2739881
124.28,1.049771,-0.30216488,0.20565958
124.299995,34.700745,0.81947,0.36554214
124.32,-13.372073,-0.46239844,0.20565958
124.34,10.664334,0.9797035,0.045777034
124.36,29.893461,1.139937,0.68530726
124.38,-3.7575107,-0.62263197,0.045777034
124.399994,5.857053,1.3001705,0.36554214
124.42,-143.16867,-3.3466022,1.164955
124.439995,10.664334,0.49900287,0.045777034
124.46,-37.40848,-0.62263197,0.5254247
124.479996,-13.372073,-0.46239844,0.20565958
124.5,15.471616,0.17853576,0.5254247
124.52,20.278896,-0.46239844,0.20565958
124.54,-42.215763,-0.30216488,0.36554214
124.56,5.857053,0.17853576,0.36554214
124.579994,10.664334,0.6592364,0.045777034
124.6,-13.372073,-0.62263197,0.045777034
124.619995,-32.6012,-0.7828655,0.36554214
124.64,-27.793919,-1.2635663,0.20565958
124.659996,-13.372073,-1.1033326,0.20565958
124.68,-123.93955,-0.7828655,0.36554214
124.7,29.893461,0.49900287,0.36554214
124.71999,-3.7575107,0.9797035,0.68530726
124.74,1.049771,0.81947,0.36554214
124.759995,-13.372073,0.33876932,0.5254247
124.78,20.278896,-0.14193134,0.5254247
124.799995,25.08618,0.49900287,0.045777034
124.82,-3.7575107,-0.46239844,0.20565958
124.84,5.857053,0.17853576,0.5254247
124.86,58.737152,2.1013381,-0.114105515
124.88,-37.40848,-1.1033326,0.36554214
124.899994,-8.564792,-0.7828655,0.36554214
124.92,-22.986637,0.33876932,0.68530726
124.939995,-18.179356,-0.30216488,0.5254247
124.96,5.857053,0.49900287,0.045777034
124.979996,-18.179356,-0.46239844,0.36554214
125.0,-18.179356,-0.62263197,0.045777034
125.02,39.508022,0.17853576,-0.2739881
125.04,-13.372073,-0.62263197,0.68530726
125.06,-13.372073,-0.30216488,0.20565958
125.079994,1.049771,0.81947,0.36554214
125.1,15.471616,1.4604042,0.5254247
125.119995,-3.7575107,-0.14193134,0.36554214
125.14,-3.7575107,0.6592364,0.5254247
125.159996,-27.793919,-0.7828655,0.5254247
125.18,63.54443,4.6650753,0.5254247
125.2,-3.7575107,-0.14193134,0.5254247
125.21999,25.08618,0.9797035,0.20565958
125.24,1.049771,0.018302217,0.045777034
125.259995,15.471616,1.3001705,0.8451898
125.28,49.122585,0.81947,0.20565958
125.299995,15.471616,0.33876932,-0.114105515
125.32,-3.7575107,-0.9430991,0.20565958
125.34,5.857053,0.018302217,-0.114105515
125.36,29.893461,0.49900287,0.5254247
125.38,25.08618,0.81947,0.045777034
125.399994,-3.7575107,-0.62263197,0.045777034
125.42,-8.564792,-1.2635663,0.68530726
125.439995,-32.6012,-0.30216488,0.5254247
125.46,-42.215763,-0.14193134,0.36554214
125.479996,20.278896,0.49900287,0.20565958
125.5,53.92987,1.9411048,0.5254247
125.52,-18.179356,-0.46239844,0.36554214
125.54,-18.179356,-0.46239844,0.5254247
125.56,77.96628,2.4218054,0.68530726
125.579994,10.664334,0.018302217,0.5254247
125.6,-22.986637,-0.62263197,0.5254247
125.619995,-8.564792,-0.7828655,0.5254247
125.64,5.857053,0.6592364,0.20565958
125.659996,-8.564792,-0.30216488,0.045777034
125.68,44.315308,2.902506,0.045777034
125.7,1.049771,-0.30216488,0.36554214
125.71999,20.278896,0.6592364,0.20565958
125.74,5.857053,0.6592364,0.5254247
125.759995,34.700745,0.49900287,-0.114105515
125.78,-3.7575107,0.49900287,0.68530726
125.799995,-18.179356,-0.30216488,0.36554214
125.82,34.700745,1.3001705,0.5254247
125.84,-42.215763,-0.9430991,0.36554214
125.86,58.737152,1.4604042,0.20565958
125.88,-32.6012,-1.1033326,0.20565958
125.899994,5.857053,0.6592364,0.20565958
125.92,-56.637608,-0.7828655,0.20565958
125.939995,-8.564792,0.018302217,0.68530726
125.96,15.471616,0.9797035,0.045777034
125.979996,-13.372073,-0.46239844,0.20565958
126.0,-22.986637,-0.62263197,-0.114105515
126.02,-61.44489,-2.0647337,-0.114105515
126.04,-8.564792,0.49900287,0.20565958
126.06,25.08618,0.6592364,-0.114105515
126.079994,10.664334,0.33876932,0.045777034
126.1,5.857053,0.018302217,-0.114105515
126.119995,1.049771,0.33876932,0.045777034
126.14,-13.372073,-0.7828655,-0.114105515
126.159996,1.049771,0.018302217,0.20565958
126.18,135.65366,5.466243,-0.114105515
126.2,20.278896,0.33876932,0.045777034
126.21999,-51.830326,-2.0647337,0.20565958
126.24,-3.7575107,0.018302217,0.20565958
126.259995,20.278896,0.17853576,0.20565958
126.28,29.893461,0.6592364,0.045777034
126.299995,-18.179356,-0.30216488,0.045777034
126.32,10.664334,0.33876932,0.045777034
126.34,-13.372073,-0.14193134,0.045777034
126.36,15.471616,0.33876932,0.045777034
126.38,10.664334,0.6592364,0.045777034
126.399994,49.122585,2.1013381,0.20565958
126.42,-61.44489,-1.1033326,0.20565958
126.439995,1.049771,0.018302217,0.045777034
126.46,-42.215763,-0.9430991,0.20565958
126.479996,29.893461,0.9797035,0.20565958
126.5,5.857053,-0.30216488,-0.114105515
126.52,-3.7575107,-0.14193134,-0.114105515
126.54,1.049771,0.33876932,-0.114105515
126.56,29.893461,1.139937,-0.114105515
126.579994,20.278896,0.6592364,0.045777034
126.6,29.893461,1.4604042,0.045777034
126.619995,-13.372073,-1.4237996,0.5254247
126.64,-3.7575107,-0.30216488,0.045777034
126.659996,-13.372073,-1.4237996,0.045777034
126.68,121.23181,4.6650753,0.045777034
126.7,20.278896,0.6592364,0.20565958
126.71999,1.049771,-1.5840333,0.36554214
126.74,-18.179356,-0.7828655,0.045777034
126.759995,58.737152,1.139937,0.20565958
126.78,-3.7575107,-0.7828655,0.20565958
126.799995,10.664334,0.018302217,0.5254247
126.82,5.857053,-0.14193134,0.045777034
126.84,1.049771,-0.14193134,0.045777034
126.86,15.471616,-0.14193134,0.5254247
126.88,-3.7575107,-0.46239844,-0.114105515
126.899994,68.35171,2.261572,-0.114105515
126.92,-42.215763,-0.7828655,0.20565958
126.939995,-85.48129,-2.385201,-0.114105515
126.96,39.508022,1.3001705,0.20565958
126.979996,15.471616,0.81947,0.20565958
127.0,15.471616,-0.14193134,-0.114105515
127.02,15.471616,0.33876932,0.045777034
127.04,-18.179356,-1.1033326,0.36554214
127.06,-3.7575107,-0.14193134,0.5254247
127.079994,-56.637608,-0.9430991,0.5254247
127.1,10.664334,0.33876932,-0.114105515
127.119995,1.049771,-0.14193134,0.20565958
127.14,-47.023045,-1.5840333,0.5254247
127.159996,-3.7575107,-0.46239844,0.5254247
127.18,-8.564792,0.33876932,0.20565958
127.2,10.664334,0.6592364,0.20565958
127.21999,34.700745,0.49900287,0.20565958
127.24,15.471616,0.17853576,0.5254247
127.259995,-42.215763,-1.5840333,0.5254247
127.28,-42.215763,-1.1033326,0.20565958
127.299995,-27.793919,-1.2635663,0.045777034
127.32,5.857053,0.17853576,0.20565958
127.34,-8.564792,-0.7828655,0.36554214
127.36,-47.023045,-0.62263197,0.20565958
127.38,-18.179356,0.17853576,0.20565958
127.399994,49.122585,1.6206378,0.36554214
127.42,-47.023045,-0.7828655,0.20565958
127.439995,1.049771,-0.30216488,0.20565958
127.46,20.278896,0.33876932,0.5254247
127.479996,1.049771,-0.14193134,0.36554214
127.5,-13.372073,-0.14193134,0.20565958
127.52,-27.793919,-0.9430991,0.20565958
127.54,15.471616,0.9797035,0.36554214
127.56,-13.372073,-0.46239844,-0.114105515
127.579994,-71.05945,-2.7056682,0.045777034
127.6,29.893461,0.9797035,-0.4338706
127.619995,-8.564792,-0.46239844,0.5254247
127.64,5.857053,-0.30216488,0.36554214
127.659996,-22.986637,-0.46239844,0.36554214
127.68,-3.7575107,0.018302217,0.20565958
127.7,10.664334,1.3001705,-0.114105515
127.71999,-3.7575107,0.49900287,0.5254247
127.74,25.08618,1.139937,0.20565958
127.759995,1.049771,-0.46239844,0.20565958
127.78,-99.903145,-2.8659017,0.5254247
127.799995,10.664334,0.17853576,0.20565958
127.82,34.700745,0.6592364,0.36554214
127.84,58.737152,1.4604042,-0.114105515
127.86,15.471616,0.018302217,0.20565958
127.88,-32.6012,-1.7442669,0.5254247
127.899994,-8.564792,-0.14193134,0.36554214
127.92,-27.793919,-0.7828655,0.5254247
127.939995,10.664334,0.49900287,0.045777034
127.96,15.471616,0.33876932,0.045777034
127.979996,20.278896,0.9797035,0.36554214
128.0,-22.986637,-0.14193134,0.5254247
128.02,-3.7575107,-0.62263197,0.20565958
128.04,25.08618,1.6206378,0.5254247
128.06,5.857053,0.49900287,0.5254247
128.08,-22.986637,-0.30216488,0.68530726
128.09999,-3.7575107,0.018302217,0.5254247
128.12,-8.564792,-0.30216488,0.5254247
128.14,1.049771,-0.30216488,0.5254247
128.16,-8.564792,-0.14193134,0.36554214
128.18,-27.793919,-0.7828655,0.20565958
128.2,-3.7575107,-0.46239844,0.045777034
128.22,-18.179356,-0.14193134,0.20565958
128.23999,29.893461,0.81947,0.20565958
128.26,-42.215763,-1.2635663,0.20565958
128.28,1.049771,-0.30216488,0.045777034
128.3,-27.793919,-0.30216488,0.5254247
128.31999,1.049771,-0.14193134,0.045777034
128.34,1.049771,-0.30216488,0.20565958
128.36,-51.830326,-0.46239844,0.5254247
128.37999,-13.372073,-0.14193134,0.045777034
128.4,-3.7575107,-0.46239844,0.045777034
128.42,1.049771,0.17853576,-0.114105515
128.44,-66.25217,-1.2635663,0.045777034
128.45999,-13.372073,-0.14193134,0.68530726
128.48,-61.44489,-1.2635663,0.68530726
128.5,-27.793919,-0.30216488,0.36554214
128.52,-18.179356,-1.1033326,0.5254247
128.54,15.471616,-0.14193134,0.045777034
128.56,-13.372073,-0.9430991,0.68530726
128.58,15.471616,0.81947,0.36554214
128.59999,-27.793919,-0.14193134,0.36554214
128.62,5.857053,0.49900287,0.5254247
128.64,-22.986637,-0.62263197,0.20565958
128.66,-3.7575107,0.17853576,0.36554214
128.68,-37.40848,-1.5840333,0.5254247
128.7,5.857053,0.33876932,0.20565958
128.72,-18.179356,-0.62263197,0.36554214
128.73999,-3.7575107,-0.62263197,0.68530726
128.76,-32.6012,-0.62263197,0.20565958
128.78,44.315308,2.1013381,0.36554214
128.8,1.049771,0.17853576,0.36554214
128.81999,58.737152,1.4604042,0.5254247
128.84,-22.986637,-0.30216488,0.20565958
128.86,5.857053,-0.14193134,0.045777034
128.87999,25.08618,-0.14193134,-0.114105515
128.9,-47.023045,-0.9430991,0.36554214
128.92,-32.6012,-0.7828655,0.68530726
128.94,-42.215763,-0.9430991,0.045777034
128.95999,-13.372073,-1.1033326,0.36554214
128.98,-3.7575107,-0.30216488,0.045777034
129.0,-13.372073,-0.30216488,0.5254247
129.02,1.049771,0.81947,0.36554214
129.04,-8.564792,-0.46239844,0.20565958
129.06,-56.637608,-1.4237996,0.20565958
129.08,10.664334,0.33876932,0.36554214
129.09999,29.893461,0.49900287,0.5254247
129.12,29.893461,1.3001705,0.5254247
129.14,-32.6012,-0.46239844,0.5254247
129.16,25.08618,0.49900287,0.68530726
129.18,-99.903145,-3.026135,0.36554214
129.2,15.471616,0.018302217,0.20565958
129.22,-8.564792,-0.30216488,0.36554214
129.23999,-13.372073,-1.7442669,0.045777034
129.26,15.471616,0.9797035,0.5254247
129.28,-13.372073,0.49900287,0.5254247
129.3,1.049771,-0.7828655,0.20565958
129.31999,-27.793919,-1.4237996,0.045777034
129.34,15.471616,0.9797035,0.20565958
129.36,-3.7575107,-0.14193134,0.36554214
129.37999,15.471616,0.33876932,-0.114105515
129.4,10.664334,0.17853576,-0.4338706
129.42,1.049771,0.6592364,-0.114105515
129.44,-27.793919,-1.4237996,0.20565958
129.45999,-3.7575107,-0.62263197,0.045777034
129.48,1.049771,-0.7828655,0.045777034
129.5,-32.6012,-1.1033326,-0.114105515
129.52,-32.6012,-1.1033326,-0.2739881
129.54,-66.25217,-1.5840333,0.20565958
129.56,10.664334,0.33876932,0.36554214
129.58,10.664334,0.17853576,-0.114105515
129.59999,-8.564792,-0.14193134,0.045777034
129.62,10.664334,0.018302217,-0.2739881
129.64,1.049771,0.17853576,-0.2739881
129.66,5.857053,-0.14193134,0.36554214
129.68,-99.903145,-4.14777,-0.2739881
129.7,-32.6012,-1.5840333,0.20565958
129.72,-56.637608,-2.2249672,-0.2739881
129.73999,15.471616,0.17853576,-0.2739881
129.76,-42.215763,-0.9430991,0.045777034
129.78,1.049771,0.33876932,0.20565958
129.8,5.857053,-0.46239844,-0.114105515
129.81999,5.857053,0.6592364,0.045777034
129.84,1.049771,0.17853576,-0.114105515
129.86,44.315308,1.7808713,0.20565958
129.87999,-3.7575107,0.33876932,0.20565958
129.9,44.315308,0.81947,-0.114105515
129.92,34.700745,2.1013381,0.8451898
129.94,25.08618,0.81947,-0.4338706
129.95999,-3.7575107,-0.30216488,0.045777034
129.98,-8.564792,-0.46239844,0.045777034
130.0,-3.7575107,0.018302217,0.20565958
130.02,10.664334,0.81947,-0.114105515
130.04,-51.830326,-2.0647337,0.045777034
130.06,-37.40848,-1.1033326,-0.114105515
130.08,-32.6012,-0.9430991,0.36554214
130.09999,25.08618,1.139937,-0.114105515
130.12,10.664334,0.6592364,-0.114105515
130.14,25.08618,0.9797035,0.36554214
130.16,10.664334,-0.46239844,-0.114105515
130.18,-210.47061,-4.948938,0.36554214
130.2,-22.986637,-0.30216488,0.20565958
130.22,-13.372073,-0.9430991,-0.2739881
130.23999,-32.6012,-0.62263197,0.68530726
130.26,1.049771,-0.9430991,0.20565958
130.28,-8.564792,0.33876932,0.045777034
130.3,15.471616,0.17853576,0.20565958
130.31999,-18.179356,-0.30216488,0.045777034
130.34,-32.6012,-0.7828655,0.045777034
130.36,34.700745,1.4604042,0.5254247
130.37999,10.664334,0.33876932,0.36554214
130.4,-32.6012,-1.1033326,0.36554214
130.42,77.96628,3.0627398,0.045777034
130.44,-8.564792,-0.14193134,0.20565958
130.45999,-27.793919,-0.7828655,0.20565958
130.48,-8.564792,-0.9430991,0.20565958
130.5,-3.7575107,0.33876932,0.20565958
130.52,15.471616,0.17853576,0.20565958
130.54,5.857053,0.6592364,0.5254247
130.56,-42.215763,-0.7828655,0.5254247
130.58,-37.40848,-0.46239844,0.5254247
130.59999,-37.40848,-0.46239844,0.045777034
130.62,25.08618,0.33876932,0.045777034
130.64,20.278896,0.17853576,0.045777034
130.66,-3.7575107,0.17853576,0.36554214
130.68,-56.637608,-1.2635663,0.20565958
130.7,1.049771,0.17853576,0.20565958
130.72,5.857053,0.49900287,0.20565958
130.73999,10.664334,-0.14193134,0.36554214
130.76,-56.637608,-0.46239844,0.5254247
130.78,-13.372073,0.17853576,0.68530726
130.8,49.122585,1.7808713,0.5254247
130.81999,-27.793919,-1.1033326,0.20565958
130.84,-27.793919,-0.46239844,0.5254247
130.86,53.92987,1.7808713,0.045777034
130.87999,-32.6012,-0.7828655,0.36554214
130.9,34.700745,1.4604042,0.045777034
130.92,236.60657,8.02998,0.20565958
130.94,-22.986637,-0.14193134,0.68530726
130.95999,-71.05945,-1.4237996,0.045777034
130.98,-32.6012,-0.62263197,0.20565958
131.0,-56.637608,-1.1033326,0.36554214
131.02,-22.986637,-0.62263197,0.20565958
131.04,34.700745,2.261572,0.5254247
131.06,49.122585,1.7808713,0.36554214
131.08,1.049771,0.33876932,0.36554214
131.09999,-22.986637,0.17853576,0.20565958
131.12,-13.372073,0.33876932,0.5254247
131.14,-47.023045,-1.4237996,0.20565958
131.16,-32.6012,-0.7828655,0.045777034
131.18,-27.793919,-0.14193134,0.5254247
131.2,-13.372073,-1.1033326,0.5254247
131.22,-3.7575107,0.17853576,0.8451898
131.23999,-47.023045,-0.7828655,0.68530726
131.26,15.471616,0.33876932,0.68530726
131.28,-18.179356,-0.14193134,0.68530726
131.3,-8.564792,0.33876932,0.36554214
131.31999,10.664334,-0.30216488,0.5254247
131.34,34.700745,1.4604042,-0.2739881
131.36,-13.372073,-0.14193134,0.5254247
131.37999,-3.7575107,-0.46239844,0.20565958
131.4,29.893461,0.6592364,0.68530726
131.42,294.29395,8.190214,0.5254247
131.44,1.049771,-0.62263197,0.20565958
131.45999,-8.564792,0.17853576,0.5254247
131.48,20.278896,1.139937,0.68530726
131.5,-13.372073,0.17853576,0.20565958
131.52,-18.179356,-0.46239844,0.20565958
131.54,29.893461,0.6592364,0.36554214
131.56,39.508022,0.49900287,0.68530726
131.58,10.664334,0.6592364,0.36554214
131.59999,5.857053,-0.30216488,0.045777034
131.62,-42.215763,-1.1033326,0.045777034
131.64,1.049771,-0.14193134,0.5254247
131.66,-13.372073,-0.30216488,0.5254247
131.68,87.58084,3.0627398,0.36554214
131.7,15.471616,0.49900287,0.68530726
131.72,20.278896,0.33876932,0.68530726
131.73999,1.049771,0.81947,0.045777034
131.76,-56.637608,-1.7442669,1.164955
131.78,-3.7575107,-0.30216488,0.36554214
131.8,-8.564792,-0.14193134,0.045777034
131.81999,-42.215763,-1.4237996,0.5254247
131.84,-42.215763,-1.4237996,0.045777034
131.86,10.664334,0.17853576,0.5254247
131.87999,-13.372073,-0.7828655,-0.114105515
131.9,-37.40848,-2.0647337,0.20565958
131.92,236.60657,4.6650753,0.36554214
131.94,-13.372073,-0.14193134,0.045777034
131.95999,-18.179356,0.018302217,0.36554214
131.98,-32.6012,-0.30216488,0.20565958
132.0,-47.023045,-0.9430991,0.36554214
132.02,10.664334,0.33876932,0.36554214
132.04,1.049771,0.17853576,0.68530726
132.06,5.857053,0.6592364,0.20565958
132.08,-8.564792,0.17853576,0.20565958
132.09999,49.122585,1.9411048,0.5254247
132.12,15.471616,0.6592364,0.5254247
132.14,-22.986637,-0.7828655,0.68530726
132.16,20.278896,0.33876932,0.36554214
132.18,174.11191,4.825309,-0.114105515
132.2,-47.023045,-1.7442669,0.045777034
132.22,44.315308,1.4604042,0.36554214
132.23999,-47.023045,-1.9045002,0.20565958
132.26,-90.288574,-3.3466022,0.045777034
132.28,29.893461,0.6592364,-0.114105515
132.3,-13.372073,-0.30216488,0.20565958
132.31999,-18.179356,-0.30216488,0.20565958
132.34,-8.564792,0.6592364,0.045777034
132.36,29.893461,0.9797035,0.045777034
132.37999,-3.7575107,-0.30216488,0.36554214
132.4,15.471616,0.33876932,0.36554214
132.42,145.26822,2.261572,0.68530726
132.44,10.664334,0.33876932,0.20565958
132.45999,-8.564792,0.33876932,0.68530726
132.48,-3.7575107,0.33876932,0.36554214
132.5,25.08618,1.6206378,0.5254247
132.52,-3.7575107,-0.46239844,0.045777034
132.54,-18.179356,0.49900287,0.36554214
132.56,-13.372073,-0.7828655,0.20565958
132.58,-8.564792,0.018302217,0.045777034
132.59999,1.049771,-2.2249672,-0.114105515
132.62,-3.7575107,0.17853576,0.36554214
132.64,10.664334,0.49900287,0.20565958
132.66,10.664334,0.6592364,0.68530726
132.68,92.38812,3.5434403,0.8451898
132.7,-27.793919,-1.4237996,0.045777034
132.72,20.278896,0.17853576,0.20565958
132.73999,25.08618,0.33876932,0.5254247
132.76,-51.830326,-0.14193134,0.36554214
132.78,5.857053,0.018302217,-0.114105515
132.8,5.857053,0.49900287,0.045777034
132.81999,53.92987,1.6206378,0.20565958
132.84,-22.986637,-0.7828655,-0.114105515
132.86,-22.986637,-1.1033326,-0.114105515
132.87999,-3.7575107,0.49900287,0.045777034
132.9,25.08618,1.139937,0.045777034
132.92,49.122585,0.49900287,0.20565958
132.94,49.122585,0.81947,-0.114105515
132.95999,39.508022,0.9797035,0.20565958
132.98,25.08618,1.139937,0.20565958
133.0,53.92987,2.4218054,-0.114105515
133.02,-13.372073,0.17853576,0.20565958
133.04,29.893461,0.6592364,0.045777034
133.06,1.049771,1.139937,0.20565958
133.08,25.08618,0.33876932,0.20565958
133.09999,15.471616,0.81947,0.20565958
133.12,15.471616,-0.14193134,0.20565958
133.14,25.08618,0.9797035,0.045777034
133.16,1.049771,0.33876932,0.045777034
133.18,212.57016,3.7036738,0.20565958
133.2,-47.023045,-1.4237996,0.20565958
133.22,-3.7575107,0.6592364,0.5254247
133.23999,20.278896,0.17853576,0.20565958
133.26,-176.81964,-3.9875362,0.045777034
133.28,20.278896,1.139937,0.045777034
133.3,5.857053,0.81947,-0.114105515
133.31999,25.08618,0.17853576,-0.114105515
133.34,1.049771,0.49900287,0.5254247
133.36,25.08618,1.3001705,-0.2739881
133.37999,-3.7575107,0.018302217,0.20565958
133.4,10.664334,0.33876932,0.20565958
133.42,154.8828,3.8639073,0.36554214
133.44,-47.023045,-0.7828655,0.36554214
133.45999,-22.986637,-0.30216488,-0.114105515
133.48,-27.793919,-0.62263197,-0.114105515
133.5,68.35171,0.49900287,0.045777034
133.52,5.857053,0.49900287,-0.114105515
133.54,-3.7575107,0.9797035,0.045777034
133.56,25.08618,0.49900287,0.5254247
133.58,29.893461,1.6206378,0.045777034
133.59999,53.92987,0.6592364,-0.2739881
133.62,-3.7575107,-0.30216488,-0.114105515
133.64,10.664334,1.3001705,0.045777034
133.66,10.664334,0.018302217,0.045777034
133.68,207.7629,5.3060093,0.8451898
133.7,1.049771,0.33876932,0.045777034
133.72,-13.372073,-0.30216488,0.045777034
133.73999,-37.40848,-1.5840333,0.045777034
133.76,-8.564792,0.81947,0.045777034
133.78,-3.7575107,0.49900287,0.20565958
133.8,39.508022,0.81947,0.20565958
133.81999,20.278896,0.33876932,-0.2739881
133.84,-13.372073,0.6592364,0.20565958
133.86,49.122585,1.3001705,0.20565958
133.87999,25.08618,-0.62263197,0.045777034
133.9,5.857053,0.17853576,0.20565958
133.92,236.60657,5.466243,0.20565958
133.94,39.508022,1.7808713,0.045777034
133.95999,5.857053,-0.46239844,0.20565958
133.98,5.857053,0.018302217,0.045777034
134.0,49.122585,0.9797035,0.20565958
134.02,-42.215763,0.018302217,0.36554214
134.04,-8.564792,-0.62263197,0.20565958
134.06,10.664334,0.49900287,-0.114105515
134.08,-18.179356,-0.62263197,0.36554214
134.09999,49.122585,1.139937,0.36554214
134.12,34.700745,0.81947,-0.2739881
134.14,-8.564792,-0.62263197,0.045777034
134.16,49.122585,1.4604042,0.045777034
134.18,44.315308,0.49900287,0.20565958
134.2,15.471616,0.49900287,0.20565958
134.22,39.508022,1.6206378,0.045777034
134.23999,10.664334,0.33876932,0.20565958
134.26,-157.59052,-3.6670694,0.36554214
134.28,-8.564792,-0.46239844,-0.114105515
134.3,-18.179356,-1.2635663,-0.114105515
134.31999,-3.7575107,-0.30216488,0.20565958
134.34,77.96628,1.6206378,0.20565958
134.36,10.664334,0.33876932,0.20565958
134.37999,15.471616,0.17853576,0.045777034
134.4,-13.372073,-0.30216488,0.20565958
134.42,265.45026,7.709513,0.045777034
134.44,-18.179356,-0.7828655,0.045777034
134.45999,1.049771,-0.30216488,0.20565958
134.48,-3.7575107,-0.30216488,0.045777034
134.5,-8.564792,-0.14193134,-0.114105515
134.52,20.278896,0.81947,-0.114105515
134.54,-37.40848,-0.30216488,0.045777034
134.56,49.122585,1.4604042,0.20565958
134.58,-8.564792,-0.14193134,-0.114105515
134.59999,5.857053,0.33876932,0.20565958
134.62,-22.986637,-1.4237996,0.045777034
134.64,10.664334,0.17853576,-0.2739881
134.66,10.664334,0.17853576,-0.114105515
134.68,63.54443,0.6592364,0.045777034
134.7,34.700745,1.3001705,-0.114105515
134.72,53.92987,0.9797035,-0.114105515
134.73999,-8.564792,-0.62263197,-0.2739881
134.76,-71.05945,0.33876932,0.045777034
134.78,-51.830326,-2.0647337,-0.114105515
134.8,-18.179356,-0.46239844,0.20565958
134.81999,-3.7575107,0.17853576,-0.114105515
134.84,49.122585,1.4604042,-0.114105515
134.86,63.54443,1.3001705,-0.114105515
134.87999,-3.7575107,0.33876932,0.20565958
134.9,-3.7575107,-0.14193134,-0.2739881
134.92,265.45026,8.02998,-0.59375316
134.94,10.664334,0.17853576,0.36554214
134.95999,1.049771,0.49900287,0.20565958
134.98,10.664334,0.49900287,0.045777034
135.0,49.122585,1.139937,0.20565958
135.02,-32.6012,-1.5840333,-0.114105515
135.04,-3.7575107,-1.2635663,0.20565958
135.06,-8.564792,-0.7828655,0.36554214
135.08,-3.7575107,0.018302217,0.36554214
135.09999,68.35171,1.7808713,0.045777034
135.12,53.92987,1.4604042,-0.2739881
135.14,10.664334,-0.30216488,-0.2739881
135.16,5.857053,0.018302217,0.20565958
135.18,73.159,1.4604042,-0.2739881
135.2,-3.7575107,0.33876932,0.045777034
135.22,5.857053,-0.14193134,0.36554214
135.23999,-18.179356,-0.62263197,0.20565958
135.26,-119.13227,-3.5068357,0.5254247
135.28,-27.793919,-0.62263197,0.045777034
135.3,25.08618,0.81947,0.045777034
135.31999,-3.7575107,0.49900287,0.5254247
135.34,-13.372073,0.6592364,-0.114105515
135.36,-18.179356,-0.9430991,0.045777034
135.37999,-42.215763,-0.62263197,0.045777034
135.4,-13.372073,-0.62263197,-0.2739881
135.42,169.30463,5.6264763,0.045777034
135.44,-18.179356,0.018302217,0.045777034
135.45999,-13.372073,0.6592364,-0.2739881
135.48,10.664334,0.17853576,0.045777034
135.5,-27.793919,-1.4237996,0.045777034
135.52,-13.372073,-0.62263197,-0.114105515
135.54,-18.179356,-0.62263197,0.20565958
135.56,15.471616,0.17853576,0.045777034
135.58,-8.564792,-0.14193134,-0.114105515
135.59999,5.857053,0.33876932,-0.114105515
135.62,1.049771,0.018302217,0.20565958
135.64,68.35171,1.6206378,-0.114105515
135.66,-13.372073,0.33876932,0.20565958
135.68,82.77356,2.4218054,0.5254247
135.7,44.315308,1.139937,0.20565958
135.72,29.893461,1.4604042,-0.114105515
135.73999,-13.372073,-0.9430991,0.5254247
135.76,-119.13227,-2.7056682,0.20565958
135.78,29.893461,0.6592364,0.045777034
135.8,-3.7575107,0.17853576,0.36554214
135.81999,-27.793919,-1.1033326,-0.114105515
135.84,-27.793919,0.018302217,0.20565958
135.86,44.315308,1.139937,0.045777034
135.87999,-56.637608,-1.4237996,0.20565958
135.9,29.893461,1.4604042,-0.114105515
135.92,25.08618,0.33876932,0.20565958
135.94,-37.40848,-1.1033326,-0.114105515
135.95999,15.471616,0.6592364,0.20565958
135.98,-18.179356,-0.14193134,0.20565958
136.0,34.700745,1.3001705,0.20565958
136.02,-8.564792,0.33876932,-0.114105515
136.04,-61.44489,-2.2249672,0.36554214
136.06,10.664334,0.33876932,0.045777034
136.08,-32.6012,-0.9430991,0.20565958
136.09999,82.77356,2.1013381,0.045777034
136.12,-3.7575107,0.81947,0.045777034
136.14,53.92987,2.1013381,-0.2739881
136.16,10.664334,0.018302217,-0.114105515
136.18,49.122585,0.81947,0.5254247
136.2,15.471616,0.81947,-0.4338706
136.22,-8.564792,0.018302217,0.20565958
136.23999,-27.793919,-0.62263197,0.045777034
136.26,-133.55412,-3.6670694,0.36554214
136.28,29.893461,0.6592364,0.045777034
136.3,-3.7575107,-0.30216488,-0.2739881
136.31999,-22.986637,0.17853576,0.36554214
136.34,-42.215763,-0.9430991,0.20565958
136.36,5.857053,0.018302217,-0.114105515
136.37999,10.664334,0.9797035,0.045777034
136.4,29.893461,1.139937,-0.114105515
136.42,25.08618,1.139937,0.045777034
136.44,-42.215763,-1.7442669,0.20565958
136.45999,-3.7575107,-0.30216488,0.20565958
136.48,44.315308,1.6206378,0.20565958
136.5,34.700745,1.3001705,0.045777034
136.52,-8.564792,0.17853576,0.045777034
136.54,5.857053,-0.62263197,0.045777034
136.56,10.664334,0.49900287,-0.114105515
136.58,20.278896,0.81947,0.045777034
136.59999,44.315308,0.9797035,-0.114105515
136.62,5.857053,0.33876932,-0.114105515
136.64,15.471616,0.17853576,-0.114105515
136.66,-3.7575107,0.17853576,-0.114105515
136.68,20.278896,-0.14193134,0.20565958
136.7,44.315308,1.4604042,0.045777034
136.72,-13.372073,0.33876932,0.045777034
136.73999,-8.564792,0.018302217,0.5254247
136.76,-32.6012,-0.7828655,0.20565958
136.78,-27.793919,-1.1033326,0.20565958
136.8,10.664334,0.33876932,-0.114105515
136.81999,-3.7575107,0.018302217,-0.114105515
136.84,15.471616,0.49900287,-0.114105515
136.86,5.857053,-0.14193134,0.20565958
136.87999,5.857053,1.139937,0.045777034
136.9,15.471616,0.33876932,0.045777034
136.92,-22.986637,0.018302217,0.045777034
136.94,5.857053,0.6592364,0.20565958
136.95999,29.893461,0.49900287,0.045777034
136.98,-32.6012,-1.1033326,0.20565958
137.0,20.278896,0.81947,-0.114105515
137.02,1.049771,0.018302217,-0.114105515
137.04,-32.6012,-2.0647337,-0.114105515
137.06,-18.179356,-1.2635663,0.045777034
137.08,-37.40848,-0.9430991,0.5254247
137.09999,-42.215763,-1.5840333,0.20565958
137.12,-8.564792,-0.46239844,0.20565958
137.14,39.508022,0.33876932,0.045777034
137.16,15.471616,-0.62263197,0.68530726
137.18,20.278896,0.49900287,0.045777034
137.2,-22.986637,-0.46239844,0.36554214
137.22,-18.179356,-0.14193134,0.20565958
137.23999,-22.986637,-0.9430991,0.20565958
137.26,-47.023045,-1.5840333,0.20565958
137.28,-42.215763,-2.2249672,0.045777034
137.3,25.08618,-0.14193134,0.20565958
137.31999,10.664334,-0.30216488,0.5254247
137.34,-47.023045,-1.9045002,0.20565958
137.36,20.278896,-0.14193134,0.5254247
137.37999,49.122585,0.81947,0.20565958
137.4,-42.215763,-1.1033326,0.20565958
137.42,-22.986637,-0.46239844,0.20565958
137.44,-32.6012,-0.62263197,0.20565958
137.45999,20.278896,0.018302217,0.045777034
137.48,-3.7575107,-0.14193134,-0.114105515
137.5,-3.7575107,-1.4237996,-0.2739881
137.52,29.893461,-0.7828655,0.20565958
137.54,5.857053,-0.46239844,0.68530726
137.56,10.664334,0.33876932,0.36554214
137.58,-27.793919,-0.9430991,0.20565958
137.59999,-3.7575107,-1.2635663,0.36554214
137.62,-66.25217,-1.9045002,0.20565958
137.64,-3.7575107,-0.30216488,-0.114105515
137.66,-13.372073,-0.9430991,0.20565958
137.68,10.664334,-0.7828655,-0.2739881
137.7,-8.564792,-1.1033326,0.20565958
137.72,1.049771,-0.9430991,0.20565958
137.73999,-8.564792,-0.7828655,0.20565958
137.76,5.857053,0.33876932,-0.114105515
137.78,10.664334,0.49900287,0.20565958
137.8,1.049771,-0.30216488,0.20565958
137.81999,-85.48129,-2.385201,0.045777034
137.84,-22.986637,-1.2635663,-0.114105515
137.86,-3.7575107,-0.7828655,-0.114105515
137.87999,10.664334,0.9797035,0.045777034
137.9,25.08618,0.9797035,0.20565958
137.92,-22.986637,-1.1033326,-0.114105515
137.94,-18.179356,-1.2635663,0.36554214
137.95999,1.049771,-1.1033326,0.20565958
137.98,-18.179356,-0.62263197,0.5254247
138.0,-3.7575107,-0.7828655,0.36554214
138.02,34.700745,0.33876932,0.5254247
138.04,-47.023045,-1.5840333,0.20565958
138.06,1.049771,-0.9430991,-0.4338706
138.08,25.08618,-0.62263197,0.20565958
138.09999,87.58084,2.1013381,0.20565958
138.12,44.315308,0.6592364,0.5254247
138.14,1.049771,-0.14193134,0.20565958
138.16,-3.7575107,-0.62263197,0.20565958
138.18,-3.7575107,-0.7828655,0.5254247
138.2,29.893461,-0.46239844,0.045777034
138.22,5.857053,-0.7828655,0.20565958
138.23999,-8.564792,-0.7828655,0.5254247
138.26,1.049771,-0.14193134,0.20565958
138.28,20.278896,1.6206378,0.045777034
138.3,-18.179356,-1.7442669,0.045777034
138.31999,10.664334,0.018302217,0.20565958
138.34,-3.7575107,-0.62263197,0.36554214
138.36,-37.40848,-1.1033326,0.36554214
138.37999,10.664334,-0.7828655,0.36554214
138.4,1.049771,-1.2635663,0.20565958
138.42,-47.023045,-1.1033326,0.045777034
138.44,5.857053,0.17853576,0.20565958
138.45999,20.278896,0.018302217,0.36554214
138.48,-8.564792,-0.7828655,0.20565958
138.5,-13.372073,-0.62263197,-0.114105515
138.52,-80.67402,-2.385201,0.20565958
138.54,25.08618,-0.46239844,-0.114105515
138.56,-3.7575107,-0.14193134,0.36554214
138.58,44.315308,0.9797035,0.045777034
138.59999,15.471616,-0.30216488,0.68530726
138.62,25.08618,0.9797035,0.20565958
138.64,-61.44489,-1.7442669,0.5254247
138.66,-61.44489,-1.9045002,0.20565958
138.68,-22.986637,-1.4237996,-0.114105515
138.7,20.278896,0.33876932,0.045777034
138.72,-61.44489,-1.7442669,0.5254247
138.73999,-18.179356,-1.2635663,0.36554214
138.76,-27.793919,-1.1033326,0.5254247
138.78,-3.7575107,-0.46239844,0.20565958
138.8,25.08618,0.6592364,0.5254247
138.81999,1.049771,-0.62263197,0.5254247
138.84,-32.6012,-0.46239844,0.045777034
138.86,1.049771,-0.9430991,0.20565958
138.87999,1.049771,-0.62263197,-0.114105515
138.9,29.893461,0.49900287,0.045777034
138.92,-22.986637,-0.7828655,0.20565958
138.94,82.77356,2.4218054,0.36554214
138.95999,1.049771,-0.14193134,0.20565958
138.98,-32.6012,-0.9430991,0.36554214
139.0,-32.6012,-1.7442669,0.5254247
139.02,1.049771,0.018302217,0.36554214
139.04,-13.372073,-0.7828655,0.045777034
139.06,-47.023045,-0.7828655,0.20565958
139.08,20.278896,-0.30216488,0.20565958
139.09999,5.857053,-0.62263197,0.20565958
139.12,-32.6012,-1.7442669,-0.114105515
139.14,44.315308,0.81947,0.045777034
139.16,29.893461,0.49900287,0.8451898
139.18,39.508022,1.3001705,0.20565958
139.2,-71.05945,-1.7442669,0.68530726
139.22,10.664334,-0.30216488,0.045777034
139.23999,-42.215763,-2.0647337,0.20565958
139.26,-61.44489,-1.1033326,0.36554214
139.28,34.700745,0.33876932,0.20565958
139.3,44.315308,-0.46239844,0.20565958
139.31999,-3.7575107,0.33876932,0.20565958
139.34,15.471616,0.33876932,0.20565958
139.36,-32.6012,-0.62263197,0.20565958
139.37999,1.049771,-0.14193134,0.045777034
139.4,29.893461,0.33876932,0.36554214
139.42,1.049771,0.49900287,0.20565958
139.44,-13.372073,-0.30216488,-0.114105515
139.45999,15.471616,0.018302217,0.36554214
139.48,-75.86674,-2.7056682,-0.114105515
139.5,-13.372073,-1.1033326,-0.114105515
139.52,15.471616,1.4604042,-0.2739881
139.54,-13.372073,-0.46239844,-0.114105515
139.56,39.508022,1.4604042,0.20565958
139.58,5.857053,0.33876932,0.045777034
139.59999,-13.372073,-0.46239844,0.045777034
139.62,-27.793919,-1.1033326,-0.114105515
139.64,-3.7575107,-0.30216488,0.20565958
139.66,-27.793919,-0.62263197,0.045777034
139.68,-47.023045,-2.0647337,-0.114105515
139.7,-8.564792,-0.46239844,0.36554214
139.72,-3.7575107,-0.46239844,0.20565958
139.73999,29.893461,1.139937,0.045777034
139.76,44.315308,3.0627398,0.20565958
139.78,15.471616,-0.30216488,-0.2739881
139.8,-51.830326,-0.9430991,-0.2739881
139.81999,-18.179356,-1.2635663,0.36554214
139.84,106.80997,1.9411048,-0.2739881
139.86,15.471616,1.139937,0.045777034
139.87999,10.664334,1.139937,-0.114105515
139.9,15.471616,0.9797035,0.36554214
139.92,-123.93955,-2.7056682,0.5254247
139.94,5.857053,0.81947,0.5254247
139.95999,20.278896,1.139937,0.045777034
139.98,34.700745,0.6592364,-0.114105515
140.0,-85.48129,-3.026135,0.045777034
140.02,-3.7575107,0.6592364,0.045777034
140.04,-56.637608,-1.5840333,0.045777034
140.06,-8.564792,-0.30216488,0.20565958
140.08,15.471616,0.33876932,-0.114105515
140.09999,-32.6012,-0.62263197,0.36554214
140.12,-8.564792,-0.46239844,0.045777034
140.14,44.315308,2.1013381,-0.4338706
140.16,20.278896,0.9797035,0.20565958
140.18,-47.023045,-2.0647337,-0.114105515
140.2,15.471616,0.6592364,-0.114105515
140.22,15.471616,0.17853576,-0.114105515
140.23999,-3.7575107,-0.7828655,-0.114105515
140.26,73.159,2.5820389,-0.2739881
140.28,-61.44489,-2.0647337,0.5254247
140.3,15.471616,-0.46239844,0.5254247
140.31999,1.049771,-0.62263197,0.045777034
140.34,39.508022,-0.30216488,-0.2739881
140.36,-42.215763,-1.2635663,0.045777034
140.37999,44.315308,1.7808713,0.36554214
140.4,-18.179356,-1.5840333,0.20565958
140.42,-200.85605,-6.230806,0.20565958
140.44,-32.6012,-1.1033326,0.68530726
140.45999,1.049771,-1.1033326,0.20565958
140.48,-3.7575107,-0.62263197,0.20565958
140.5,-47.023045,-1.1033326,0.045777034
140.52,5.857053,-0.30216488,0.20565958
140.54,10.664334,-0.46239844,0.5254247
140.56,1.049771,-0.30216488,0.36554214
140.58,10.664334,-0.30216488,0.045777034
140.59999,-13.372073,-0.14193134,0.045777034
140.62,5.857053,0.018302217,0.045777034
140.64,15.471616,-0.30216488,0.20565958
140.66,53.92987,0.9797035,0.045777034
140.68,97.195404,1.4604042,-0.114105515
140.7,-8.564792,-0.46239844,0.20565958
140.72,1.049771,-0.14193134,0.20565958
140.73999,-13.372073,-0.14193134,0.36554214
140.76,178.91919,5.9469438,0.045777034
140.78,-42.215763,-2.0647337,0.045777034
140.8,29.893461,0.17853576,-0.114105515
140.81999,63.54443,1.139937,0.20565958
140.84,-162.3978,-5.429638,0.5254247
140.86,1.049771,-0.30216488,0.20565958
140.87999,-18.179356,-1.1033326,-0.114105515
140.9,49.122585,1.9411048,0.045777034
140.92,-196.04878,-6.5512733,0.8451898
140.94,10.664334,-0.62263197,0.68530726
140.95999,-32.6012,-1.1033326,0.5254247
140.98,5.857053,-0.30216488,0.20565958
141.0,-32.6012,-0.7828655,0.36554214
141.02,29.893461,1.139937,0.20565958
141.04,82.77356,1.6206378,0.20565958
141.06,1.049771,-0.30216488,0.20565958
141.08,-32.6012,-1.1033326,0.20565958
141.09999,-27.793919,-1.4237996,0.20565958
141.12,-8.564792,-1.5840333,0.5254247
141.14,10.664334,-0.14193134,0.68530726
141.16,25.08618,-0.14193134,0.20565958
141.18,-3.7575107,-1.9045002,-0.114105515
141.2,10.664334,-1.1033326,0.045777034
141.22,34.700745,0.33876932,0.20565958
141.23999,10.664334,-0.30216488,0.36554214
141.26,169.30463,5.6264763,0.045777034
141.28,-13.372073,-0.7828655,0.20565958
141.3,-32.6012,-0.7828655,0.20565958
141.31999,-13.372073,-1.7442669,0.045777034
141.34,-157.59052,-3.3466022,0.36554214
141.36,5.857053,-0.30216488,0.36554214
141.37999,49.122585,0.81947,0.20565958
141.4,5.857053,-0.14193134,0.20565958
141.42,-109.5177,-5.1091714,0.68530726
141.44,-22.986637,-0.7828655,0.20565958
141.45999,-22.986637,-1.4237996,0.045777034
141.48,-8.564792,0.17853576,0.36554214
141.5,5.857053,0.81947,-0.114105515
141.52,-3.7575107,-0.14193134,0.045777034
141.54,-37.40848,-0.9430991,0.5254247
141.56,1.049771,-0.14193134,0.20565958
141.58,34.700745,0.49900287,0.045777034
141.59999,29.893461,0.17853576,0.20565958
141.62,25.08618,-0.14193134,0.20565958
141.64,-42.215763,-2.0647337,-0.114105515
141.66,-18.179356,-0.46239844,0.045777034
141.68,-3.7575107,-2.0647337,0.045777034
141.7,15.471616,-0.46239844,0.045777034
141.72,-22.986637,-1.1033326,0.36554214
141.73999,102.002686,1.6206378,0.20565958
141.76,159.69006,4.6650753,0.20565958
141.78,-18.179356,0.17853576,0.20565958
141.8,25.08618,0.49900287,0.045777034
141.81999,-13.372073,-0.62263197,0.20565958
141.84,49.122585,3.2229733,-0.2739881
141.86,-3.7575107,-1.2635663,0.045777034
141.87999,-3.7575107,-0.62263197,-0.114105515
141.9,-27.793919,-1.1033326,0.045777034
141.92,-133.55412,-5.910339,0.20565958
141.94,49.122585,0.49900287,0.20565958
141.95999,10.664334,0.49900287,0.20565958
141.98,-3.7575107,-0.46239844,0.5254247
142.0,49.122585,2.7422726,-0.2739881
142.02,15.471616,0.17853576,0.045777034
142.04,15.471616,-0.14193134,0.36554214
142.06,10.664334,-0.46239844,0.20565958
142.08,-27.793919,-2.5454345,-0.114105515
142.09999,-3.7575107,-0.46239844,0.5254247
142.12,-8.564792,-0.7828655,0.045777034
142.14,15.471616,0.49900287,0.5254247
142.16,29.893461,0.81947,0.36554214
142.18,-32.6012,-2.7056682,0.045777034
142.2,10.664334,-0.30216488,0.20565958
142.22,39.508022,0.81947,0.20565958
142.23999,5.857053,0.018302217,0.5254247
142.26,130.84637,3.0627398,-0.2739881
142.28,1.049771,0.018302217,0.045777034
142.3,25.08618,0.33876932,0.045777034
142.31999,-3.7575107,0.33876932,0.20565958
142.34,126.0391,3.3832066,-0.2739881
142.36,-3.7575107,0.17853576,0.045777034
142.37999,-8.564792,-1.2635663,-0.2739881
142.4,5.857053,-0.62263197,0.36554214
142.42,-22.986637,-2.385201,0.20565958
142.44,68.35171,1.3001705,0.20565958
142.45999,29.893461,0.81947,0.045777034
142.48,-18.179356,-0.9430991,0.5254247
142.5,130.84637,4.024141,-0.114105515
142.52,-3.7575107,-1.1033326,-0.114105515
142.54,15.471616,-0.46239844,0.20565958
142.56,-3.7575107,-0.30216488,-0.114105515
142.58,15.471616,-0.30216488,0.20565958
142.59999,-3.7575107,-0.7828655,0.68530726
142.62,82.77356,1.6206378,0.045777034
142.64,87.58084,2.1013381,-0.114105515
142.66,68.35171,0.17853576,0.5254247
142.68,20.278896,0.49900287,0.045777034
142.7,-37.40848,-1.9045002,0.36554214
142.72,49.122585,1.9411048,0.045777034
142.73999,-22.986637,-0.9430991,0.045777034
142.76,145.26822,3.0627398,0.045777034
142.78,20.278896,0.81947,0.045777034
142.8,-13.372073,-0.62263197,0.045777034
142.81999,-27.793919,-0.46239844,-0.114105515
142.84,116.42453,1.4604042,-0.59375316
142.86,-3.7575107,0.49900287,-0.114105515
142.87999,5.857053,-0.14193134,0.045777034
142.9,-27.793919,-0.9430991,-0.114105515
142.92,15.471616,-2.2249672,0.045777034
142.94,-27.793919,-0.46239844,0.36554214
142.95999,20.278896,1.139937,0.36554214
142.98,-13.372073,-0.46239844,-0.114105515
143.0,217.37746,6.2674108,0.5254247
143.02,44.315308,0.9797035,0.045777034
143.04,-18.179356,-0.46239844,0.045777034
143.06,15.471616,1.7808713,0.045777034
143.08,15.471616,0.17853576,0.045777034
143.09999,10.664334,-0.46239844,0.20565958
143.12,-66.25217,-1.5840333,0.20565958
143.14,5.857053,-0.46239844,-0.114105515
143.16,-3.7575107,-0.46239844,0.5254247
143.18,10.664334,0.49900287,-0.2739881
143.2,25.08618,0.33876932,-0.2739881
143.22,15.471616,-0.14193134,0.20565958
143.23999,20.278896,0.33876932,0.8451898
143.26,63.54443,1.4604042,0.20565958
143.28,-51.830326,-1.9045002,-0.2739881
143.3,29.893461,0.33876932,0.36554214
143.31999,1.049771,0.17853576,0.20565958
143.34,-162.3978,-5.7501054,0.20565958
143.36,25.08618,0.018302217,-0.4338706
143.37999,-22.986637,-0.62263197,-0.114105515
143.4,-3.7575107,-0.62263197,0.045777034
143.42,82.77356,-0.7828655,0.045777034
143.44,34.700745,0.81947,0.045777034
143.45999,-3.7575107,-0.14193134,0.045777034
143.48,29.893461,0.81947,0.36554214
143.5,202.9556,4.504842,-0.114105515
143.52,5.857053,0.17853576,0.045777034
143.54,5.857053,-0.14193134,0.20565958
143.56,34.700745,-0.14193134,-0.114105515
143.58,49.122585,0.81947,0.5254247
143.59999,-22.986637,-0.14193134,0.36554214
143.62,53.92987,1.139937,0.045777034
143.64,-22.986637,-0.14193134,0.5254247
143.66,10.664334,0.49900287,0.20565958
143.68,150.0755,4.9855423,0.5254247
143.7,-3.7575107,0.49900287,0.20565958
143.72,34.700745,0.33876932,0.36554214
143.73999,-3.7575107,0.018302217,0.20565958
143.76,87.58084,1.139937,0.045777034
143.78,34.700745,0.49900287,0.045777034
143.8,34.700745,1.139937,0.36554214
143.81999,34.700745,1.3001705,0.20565958
143.84,-210.47061,-5.2694044,-0.114105515
143.86,1.049771,0.17853576,0.5254247
143.87999,-13.372073,-0.62263197,0.36554214
143.9,-18.179356,-0.9430991,0.045777034
143.92,183.72647,3.3832066,0.36554214
143.94,34.700745,1.3001705,0.5254247
143.95999,-8.564792,-0.9430991,0.045777034
143.98,10.664334,0.81947,0.36554214
144.0,183.72647,4.504842,0.045777034
144.02,49.122585,1.7808713,0.20565958
144.04,-8.564792,-0.30216488,0.20565958
144.06,10.664334,0.49900287,0.36554214
144.08,5.857053,0.33876932,0.045777034
144.09999,5.857053,0.17853576,0.5254247
144.12,-3.7575107,0.33876932,0.36554214
144.14,15.471616,0.17853576,0.045777034
144.16,10.664334,-0.30216488,0.20565958
144.18,29.893461,0.81947,-0.114105515
144.2,25.08618,-0.14193134,-0.114105515
144.22,-22.986637,-0.30216488,0.045777034
144.23999,5.857053,0.018302217,0.20565958
144.26,5.857053,-0.14193134,0.8451898
144.28,-18.179356,-0.62263197,0.20565958
144.3,5.857053,0.6592364,0.20565958
144.31999,-32.6012,-0.46239844,0.20565958
144.34,-85.48129,1.139937,0.045777034
144.36,73.159,2.4218054,0.68530726
144.37999,20.278896,0.49900287,0.045777034
144.4,25.08618,0.81947,0.5254247
144.42,265.45026,5.6264763,0.20565958
144.44,25.08618,0.6592364,0.045777034
144.45999,-3.7575107,-0.30216488,0.5254247
144.48,-32.6012,-1.4237996,-0.114105515
144.5,63.54443,0.6592364,0.20565958
144.52,1.049771,-0.62263197,0.20565958
144.54,-13.372073,-0.14193134,0.36554214
144.56,15.471616,0.6592364,0.36554214
144.58,-37.40848,-1.4237996,-0.114105515
144.59999,53.92987,2.1013381,0.68530726
144.62,34.700745,0.6592364,0.20565958
144.64,-22.986637,-0.9430991,0.045777034
144.66,-13.372073,-1.1033326,0.5254247
144.68,-22.986637,-1.7442669,0.68530726
144.7,25.08618,0.81947,0.5254247
144.72,34.700745,0.81947,0.36554214
144.73999,39.508022,1.139937,0.20565958
144.76,-47.023045,-1.9045002,0.68530726
144.78,29.893461,0.81947,0.36554214
144.8,-3.7575107,-0.14193134,0.36554214
144.81999,-32.6012,-1.9045002,0.045777034
144.84,140.46094,6.5878778,-0.4338706
144.86,5.857053,-0.62263197,0.045777034
144.87999,-75.86674,-2.0647337,-0.2739881
144.9,10.664334,0.81947,0.5254247
144.92,251.02841,5.3060093,-0.2739881
144.94,1.049771,0.17853576,0.36554214
144.95999,-13.372073,0.17853576,0.5254247
144.98,-13.372073,-0.9430991,0.045777034
145.0,10.664334,-0.30216488,0.5254247
145.02,10.664334,0.33876932,-0.114105515
145.04,39.508022,1.9411048,0.20565958
145.06,44.315308,0.81947,0.36554214
145.08,-42.215763,-0.30216488,0.5254247
145.09999,29.893461,0.9797035,0.68530726
145.12,20.278896,1.4604042,0.36554214
145.14,34.700745,1.4604042,0.20565958
145.16,-22.986637,-0.7828655,0.5254247
145.18,25.08618,0.6592364,0.20565958
145.2,10.664334,0.81947,0.36554214
145.22,15.471616,1.4604042,0.5254247
145.23999,39.508022,1.6206378,0.8451898
145.26,-133.55412,-4.468237,0.68530726
145.28,1.049771,0.17853576,0.20565958
145.3,10.664334,0.018302217,0.20565958
145.31999,29.893461,0.9797035,0.36554214
145.34,222.18472,6.5878778,0.20565958
145.36,1.049771,0.9797035,0.5254247
145.37999,-8.564792,-0.62263197,0.045777034
145.4,25.08618,0.81947,0.045777034
145.42,188.53375,4.9855423,0.36554214
145.44,1.049771,0.33876932,0.36554214
145.45999,44.315308,1.3001705,0.045777034
145.48,44.315308,1.139937,0.20565958
145.5,-8.564792,-1.7442669,0.20565958
145.52,39.508022,1.7808713,0.8451898
145.54,20.278896,0.49900287,0.36554214
145.56,29.893461,1.3001705,0.68530726
145.58,68.35171,1.6206378,0.5254247
145.59999,10.664334,0.9797035,0.36554214
145.62,-27.793919,-0.7828655,0.5254247
145.64,44.315308,1.4604042,0.5254247
145.66,-8.564792,0.018302217,0.045777034
145.68,-18.179356,0.018302217,0.68530726
145.7,49.122585,1.4604042,0.5254247
145.72,5.857053,0.17853576,0.5254247
145.73999,29.893461,1.3001705,0.5254247
145.76,-104.71042,-3.5068357,0.5254247
145.78,1.049771,0.17853576,0.5254247
145.8,20.278896,0.6592364,0.20565958
145.81999,-27.793919,-0.30216488,0.20565958
145.84,58.737152,1.9411048,0.045777034
145.86,15.471616,1.139937,-0.114105515
145.87999,-22.986637,-0.46239844,0.045777034
145.9,-22.986637,-0.14193134,0.045777034
145.92,97.195404,2.261572,-0.114105515
145.94,-27.793919,-0.7828655,0.045777034
145.95999,-8.564792,-0.14193134,0.36554214
145.98,10.664334,0.33876932,0.36554214
146.0,-61.44489,-1.4237996,0.36554214
146.02,-8.564792,-0.7828655,0.36554214
146.04,-8.564792,-0.14193134,-0.2739881
146.06,-18.179356,-0.46239844,-0.114105515
146.08,-13.372073,0.17853576,0.20565958
146.09999,20.278896,0.49900287,-0.114105515
146.12,1.049771,0.17853576,-0.114105515
146.14,-47.023045,-1.5840333,0.045777034
146.16,-27.793919,-0.7828655,0.045777034
146.18,29.893461,1.7808713,0.68530726
146.2,-66.25217,-1.7442669,-0.114105515
146.22,1.049771,0.33876932,0.045777034
146.23999,-3.7575107,0.018302217,0.20565958
146.26,-138.36139,-3.5068357,0.20565958
146.28,15.471616,0.6592364,0.045777034
146.3,25.08618,2.261572,-0.4338706
146.31999,15.471616,0.9797035,0.5254247
146.34,10.664334,-0.46239844,-0.114105515
146.36,34.700745,0.6592364,-0.114105515
146.37999,25.08618,1.3001705,0.20565958
146.4,-47.023045,-1.4237996,0.045777034
146.42,1.049771,0.6592364,0.20565958
146.44,10.664334,0.6592364,0.045777034
146.45999,-37.40848,-1.4237996,0.5254247
146.48,44.315308,1.3001705,-0.114105515
146.5,-27.793919,-1.7442669,0.20565958
146.52,-3.7575107,0.49900287,0.36554214
146.54,10.664334,0.81947,0.045777034
146.56,53.92987,2.4218054,0.5254247
146.58,-51.830326,-1.5840333,0.045777034
146.59999,25.08618,0.6592364,0.20565958
146.62,-8.564792,-0.62263197,0.36554214
146.64,39.508022,1.6206378,0.045777034
146.66,1.049771,-0.14193134,0.20565958
146.68,15.471616,1.139937,0.68530726
146.7,44.315308,1.4604042,0.20565958
146.72,-3.7575107,-0.30216488,0.36554214
146.73999,29.893461,0.6592364,-0.2739881
146.76,-27.793919,-1.2635663,-0.114105515
146.78,-3.7575107,-0.62263197,-0.114105515
146.8,5.857053,0.33876932,0.5254247
146.81999,1.049771,-0.14193134,0.20565958
146.84,-18.179356,-1.4237996,0.045777034
146.86,-8.564792,0.018302217,0.045777034
146.87999,15.471616,0.33876932,0.045777034
146.9,10.664334,0.018302217,0.36554214
146.92,-22.986637,-0.62263197,0.36554214
146.94,-27.793919,0.018302217,-0.114105515
146.95999,29.893461,1.139937,0.045777034
146.98,1.049771,0.49900287,0.20565958
147.0,-8.564792,0.17853576,0.36554214
147.02,29.893461,0.81947,0.5254247
147.04,5.857053,0.17853576,-0.114105515
147.06,1.049771,0.018302217,0.045777034
147.08,44.315308,0.49900287,0.36554214
147.09999,5.857053,-0.14193134,0.20565958
147.12,10.664334,0.6592364,0.20565958
147.14,25.08618,0.6592364,0.045777034
147.16,53.92987,1.4604042,0.045777034
147.18,-27.793919,-0.7828655,0.20565958
147.2,10.664334,0.33876932,0.20565958
147.22,-22.986637,-0.46239844,0.36554214
147.23999,-3.7575107,-0.14193134,0.5254247
147.26,-22.986637,-0.30216488,0.36554214
147.28,25.08618,1.139937,0.20565958
147.3,68.35171,1.7808713,0.36554214
147.31999,-18.179356,0.018302217,0.5254247
147.34,34.700745,0.9797035,0.20565958
147.36,5.857053,0.81947,0.045777034
147.37999,25.08618,0.81947,0.36554214
147.4,34.700745,0.9797035,0.20565958
147.42,25.08618,1.6206378,0.5254247
147.44,63.54443,1.9411048,0.5254247
147.45999,15.471616,0.49900287,0.20565958
147.48,-8.564792,-0.14193134,0.20565958
147.5,25.08618,0.9797035,-0.114105515
147.52,68.35171,1.6206378,-0.114105515
147.54,-32.6012,-1.1033326,0.045777034
147.56,34.700745,1.139937,0.20565958
147.58,58.737152,2.261572,0.20565958
147.59999,-3.7575107,-0.30216488,0.045777034
147.62,-13.372073,0.17853576,0.20565958
147.64,1.049771,-0.7828655,0.20565958
147.66,-42.215763,-0.62263197,0.20565958
147.68,49.122585,1.7808713,0.045777034
147.7,25.08618,1.6206378,0.36554214
147.72,29.893461,0.33876932,0.045777034
147.73999,39.508022,1.139937,0.36554214
147.76,10.664334,0.49900287,0.5254247
147.78,10.664334,0.33876932,-0.114105515
147.8,34.700745,0.49900287,0.20565958
147.81999,53.92987,1.6206378,0.36554214
147.84,53.92987,0.6592364,0.20565958
147.86,-22.986637,-0.14193134,0.20565958
147.87999,1.049771,-1.1033326,0.36554214
147.9,5.857053,0.81947,0.5254247
147.92,-13.372073,0.018302217,0.5254247
147.94,25.08618,0.81947,0.20565958
147.95999,-27.793919,-0.46239844,0.20565958
147.98,63.54443,0.6592364,0.36554214
148.0,5.857053,0.9797035,0.36554214
148.02,25.08618,0.6592364,0.5254247
148.04,29.893461,1.4604042,0.5254247
148.06,5.857053,0.81947,0.20565958
148.08,-18.179356,-0.7828655,0.36554214
148.09999,25.08618,1.139937,0.68530726
148.12,-32.6012,-0.7828655,0.045777034
148.14,-8.564792,-0.14193134,0.20565958
148.16,20.278896,0.6592364,-0.2739881
148.18,-3.7575107,-0.30216488,0.36554214
148.2,1.049771,-0.14193134,0.36554214
148.22,25.08618,0.81947,0.045777034
148.23999,29.893461,0.6592364,0.68530726
148.26,5.857053,-0.14193134,0.5254247
148.28,-18.179356,0.018302217,0.5254247
148.3,15.471616,0.49900287,0.68530726
148.31999,5.857053,-0.14193134,0.20565958
148.34,10.664334,0.49900287,0.045777034
148.36,49.122585,0.49900287,0.36554214
148.37999,58.737152,3.0627398,0.20565958
148.4,-8.564792,0.49900287,0.5254247
148.42,-18.179356,0.018302217,0.5254247
148.44,53.92987,1.9411048,0.5254247
148.45999,20.278896,0.33876932,0.5254247
148.48,-75.86674,-1.9045002,0.36554214
148.5,1.049771,0.33876932,0.36554214
148.52,20.278896,0.33876932,0.20565958
148.54,-27.793919,-0.7828655,0.5254247
148.56,34.700745,0.17853576,0.36554214
148.58,15.471616,0.81947,0.36554214
148.59999,87.58084,2.5820389,0.20565958
148.62,34.700745,0.6592364,0.20565958
148.64,1.049771,0.49900287,0.5254247
148.66,10.664334,-0.30216488,0.68530726
148.68,53.92987,1.3001705,0.045777034
148.7,5.857053,0.018302217,0.20565958
148.72,77.96628,1.6206378,0.5254247
148.73999,63.54443,1.3001705,0.68530726
148.76,-13.372073,-0.14193134,0.36554214
148.78,-18.179356,-0.14193134,0.20565958
148.8,1.049771,0.33876932,0.20565958
148.81999,15.471616,0.018302217,0.20565958
148.84,39.508022,0.018302217,-0.4338706
148.86,5.857053,0.33876932,0.20565958
148.87999,10.664334,-0.30216488,0.5254247
148.9,-13.372073,-0.9430991,0.20565958
148.92,-8.564792,0.018302217,0.68530726
148.94,25.08618,0.018302217,0.20565958
148.95999,34.700745,1.9411048,0.5254247
148.98,44.315308,1.7808713,0.045777034
149.0,-18.179356,-0.7828655,-0.114105515
149.02,-27.793919,-0.30216488,0.045777034
149.04,34.700745,0.17853576,0.36554214
149.06,34.700745,1.4604042,-0.114105515
149.08,82.77356,2.1013381,0.36554214
149.09999,5.857053,0.33876932,0.045777034
149.12,39.508022,1.139937,0.5254247
149.14,29.893461,1.7808713,0.5254247
149.16,1.049771,-0.14193134,0.045777034
149.18,25.08618,0.17853576,0.045777034
149.2,44.315308,1.139937,0.045777034
149.22,10.664334,0.49900287,0.20565958
149.23999,10.664334,0.6592364,-0.4338706
149.26,5.857053,1.4604042,0.36554214
149.28,25.08618,0.6592364,0.68530726
149.3,-13.372073,0.33876932,0.20565958
149.31999,15.471616,0.49900287,0.20565958
149.34,-47.023045,-1.4237996,-0.59375316
149.36,29.893461,0.9797035,0.045777034
149.37999,-8.564792,0.018302217,-0.114105515
149.4,-13.372073,-0.14193134,0.045777034
149.42,1.049771,0.33876932,0.20565958
149.44,-18.179356,-0.30216488,-0.4338706
149.45999,-18.179356,-0.30216488,0.5254247
149.48,-32.6012,-0.9430991,0.20565958
149.5,-22.986637,-0.14193134,-0.114105515
149.52,-22.986637,-0.7828655,0.045777034
149.54,1.049771,0.17853576,-0.114105515
149.56,-18.179356,-0.14193134,0.045777034
149.58,-61.44489,-2.5454345,0.36554214
149.59999,15.471616,0.9797035,-0.114105515
149.62,29.893461,0.81947,0.20565958
149.64,-3.7575107,-0.30216488,-0.114105515
149.66,34.700745,0.6592364,-0.114105515
149.68,39.508022,0.49900287,-0.2739881
149.7,-37.40848,-1.5840333,-0.114105515
149.72,25.08618,0.49900287,0.045777034
149.73999,5.857053,-0.30216488,-0.114105515
149.76,130.84637,4.3446083,0.20565958
149.78,5.857053,0.49900287,0.045777034
149.8,-22.986637,-0.7828655,-0.114105515
149.81999,34.700745,1.6206378,-0.2739881
149.84,-99.903145,-3.6670694,-0.7536357
149.86,49.122585,2.1013381,0.20565958
149.87999,-61.44489,-1.4237996,-0.114105515
149.9,1.049771,-0.14193134,0.045777034
149.92,-61.44489,-1.9045002,0.5254247
149.94,-42.215763,-1.1033326,0.045777034
149.95999,20.278896,0.81947,0.20565958
149.98,20.278896,0.81947,0.20565958
150.0,34.700745,0.9797035,0.045777034
150.02,-3.7575107,-0.7828655,0.045777034
150.04,5.857053,-0.14193134,0.20565958
150.06,29.893461,1.4604042,0.045777034
150.08,34.700745,1.4604042,0.20565958
150.09999,-3.7575107,-0.62263197,-0.114105515
150.12,87.58084,1.6206378,0.045777034
150.14,73.159,2.261572,0.045777034
150.16,73.159,2.7422726,0.20565958
150.18,44.315308,0.33876932,-0.114105515
150.2,-22.986637,0.018302217,0.5254247
150.22,10.664334,1.6206378,0.5254247
150.23999,-8.564792,-0.7828655,0.36554214
150.26,102.002686,3.3832066,0.045777034
150.28,29.893461,0.81947,0.5254247
150.3,10.664334,0.49900287,0.20565958
150.31999,-27.793919,-0.30216488,0.5254247
150.34,-109.5177,-3.5068357,-0.114105515
150.36,15.471616,0.018302217,0.045777034
150.37999,25.08618,0.49900287,0.20565958
150.4,1.049771,-0.30216488,0.68530726
150.42,-133.55412,-3.6670694,0.20565958
150.44,-13.372073,0.17853576,-0.114105515
150.45999,15.471616,-0.14193134,0.36554214
150.48,34.700745,0.33876932,0.20565958
150.5,63.54443,2.7422726,0.045777034
150.51999,25.08618,0.9797035,0.045777034
150.54,5.857053,-0.14193134,0.045777034
150.56,10.664334,1.139937,0.36554214
150.58,5.857053,0.17853576,0.68530726
150.59999,5.857053,-0.30216488,0.36554214
150.62,-47.023045,-1.4237996,0.36554214
150.64,25.08618,1.139937,0.36554214
150.66,-3.7575107,-0.14193134,0.5254247
150.68,63.54443,0.49900287,0.045777034
150.7,25.08618,0.6592364,0.20565958
150.72,15.471616,0.81947,-0.114105515
150.73999,15.471616,0.6592364,0.36554214
150.76,159.69006,4.184375,0.20565958
150.78,-22.986637,-0.14193134,0.68530726
150.8,-13.372073,-1.5840333,0.5254247
150.81999,87.58084,2.5820389,0.20565958
150.84,-56.637608,0.33876932,0.5254247
150.86,1.049771,0.018302217,0.5254247
150.87999,29.893461,0.018302217,0.045777034
150.9,20.278896,0.81947,0.36554214
150.92,-90.288574,-3.5068357,0.5254247
150.94,-47.023045,-2.0647337,0.20565958
150.95999,10.664334,0.33876932,0.36554214
150.98,5.857053,-0.30216488,0.20565958
151.0,92.38812,3.3832066,0.045777034
151.01999,44.315308,-0.14193134,0.36554214
151.04,53.92987,1.3001705,0.68530726
151.06,49.122585,1.139937,0.20565958
151.08,1.049771,0.17853576,0.68530726
151.09999,1.049771,0.49900287,0.20565958
151.12,-8.564792,-0.30216488,0.20565958
151.14,-37.40848,-1.2635663,0.20565958
151.16,39.508022,0.9797035,0.20565958
151.18,87.58084,0.6592364,0.045777034
151.2,34.700745,0.6592364,0.20565958
151.22,-22.986637,-1.5840333,0.5254247
151.23999,15.471616,0.33876932,0.20565958
151.26,116.42453,2.7422726,-0.114105515
151.28,15.471616,0.018302217,0.68530726
151.3,-8.564792,-0.14193134,0.5254247
151.31999,10.664334,0.49900287,0.5254247
151.34,-66.25217,-0.9430991,0.68530726
151.36,29.893461,0.33876932,0.36554214
151.37999,44.315308,1.139937,0.20565958
151.4,39.508022,0.33876932,0.36554214
151.42,-47.023045,-2.0647337,-0.114105515
151.44,5.857053,0.81947,0.36554214
151.45999,10.664334,0.17853576,0.045777034
151.48,15.471616,0.33876932,0.5254247
151.5,68.35171,1.139937,0.20565958
151.51999,44.315308,0.49900287,0.5254247
151.54,20.278896,0.6592364,0.5254247
151.56,15.471616,0.33876932,0.20565958
151.58,-13.372073,0.018302217,0.68530726
151.59999,-18.179356,-0.14193134,0.68530726
151.62,1.049771,-0.14193134,0.36554214
151.64,-3.7575107,0.17853576,0.68530726
151.66,10.664334,0.33876932,0.36554214
151.68,44.315308,1.4604042,0.5254247
151.7,-32.6012,-0.7828655,0.045777034
151.72,49.122585,1.139937,0.20565958
151.73999,-3.7575107,-0.46239844,0.36554214
151.76,92.38812,2.4218054,0.36554214
151.78,10.664334,0.81947,0.5254247
151.8,5.857053,0.17853576,0.20565958
151.81999,-13.372073,-1.5840333,0.20565958
151.84,-133.55412,-1.5840333,0.8451898
151.86,44.315308,1.6206378,0.20565958
151.87999,39.508022,0.9797035,0.5254247
151.9,-3.7575107,-0.7828655,0.20565958
151.92,25.08618,-0.46239844,-0.2739881
151.94,5.857053,0.81947,0.5254247
151.95999,44.315308,1.139937,0.5254247
151.98,-27.793919,-1.1033326,0.5254247
152.0,135.65366,2.261572,0.045777034
152.01999,10.664334,0.018302217,0.045777034
152.04,1.049771,-0.7828655,0.5254247
152.06,-18.179356,-1.2635663,0.20565958
152.08,10.664334,0.49900287,0.68530726
152.09999,53.92987,0.49900287,0.20565958
152.12,15.471616,0.81947,0.20565958
152.14,1.049771,0.49900287,0.36554214
152.16,20.278896,0.49900287,0.68530726
152.18,-13.372073,-0.30216488,0.045777034
152.2,-8.564792,-0.30216488,0.5254247
152.22,10.664334,0.49900287,0.36554214
152.23999,1.049771,-0.14193134,0.5254247
152.26,58.737152,1.6206378,0.20565958
152.28,20.278896,1.139937,0.68530726
152.3,10.664334,0.81947,0.5254247
152.31999,-56.637608,-2.385201,0.36554214
152.34,-37.40848,-0.30216488,0.8451898
152.36,10.664334,0.49900287,-0.114105515
152.37999,-56.637608,-1.7442669,0.36554214
152.4,15.471616,0.33876932,0.5254247
152.42,63.54443,-0.30216488,-0.114105515
152.44,44.315308,0.9797035,0.5254247
152.45999,20.278896,0.33876932,0.20565958
152.48,15.471616,0.9797035,0.36554214
152.5,49.122585,-0.9430991,0.5254247
152.51999,25.08618,0.49900287,0.5254247
152.54,-22.986637,-0.62263197,0.20565958
152.56,10.664334,0.49900287,-0.114105515
152.58,34.700745,1.3001705,0.5254247
152.59999,1.049771,0.17853576,0.5254247
152.62,-22.986637,-1.1033326,0.5254247
152.64,44.315308,2.4218054,0.20565958
152.66,1.049771,0.6592364,0.20565958
152.68,82.77356,2.4218054,0.68530726
152.7,5.857053,0.49900287,0.36554214
152.72,-8.564792,-0.7828655,0.36554214
152.73999,-37.40848,0.17853576,0.045777034
152.76,63.54443,1.139937,0.20565958
152.78,5.857053,1.139937,0.20565958
152.8,-32.6012,-0.7828655,0.045777034
152.81999,5.857053,0.33876932,0.045777034
152.84,10.664334,1.6206378,0.20565958
152.86,1.049771,0.17853576,0.045777034
152.87999,-22.986637,-0.7828655,-0.114105515
152.9,5.857053,0.33876932,-0.114105515
152.92,97.195404,0.6592364,0.045777034
152.94,10.664334,0.018302217,-0.114105515
152.95999,-32.6012,-0.7828655,0.36554214
152.98,25.08618,0.49900287,-0.114105515
153.0,-56.637608,-2.0647337,0.5254247
153.01999,20.278896,0.49900287,-0.114105515
153.04,-27.793919,-0.46239844,0.045777034
153.06,34.700745,1.139937,0.20565958
153.08,10.664334,0.17853576,-0.114105515
153.09999,-71.05945,-1.1033326,0.20565958
153.12,10.664334,0.9797035,0.045777034
153.14,-3.7575107,-0.30216488,0.20565958
153.16,49.122585,1.4604042,0.20565958
153.18,-71.05945,-0.9430991,0.36554214
153.2,20.278896,0.17853576,0.20565958
153.22,-8.564792,-0.14193134,0.045777034
153.23999,39.508022,0.81947,0.20565958
153.26,25.08618,-0.62263197,0.20565958
153.28,-32.6012,-0.30216488,0.045777034
153.3,-32.6012,-0.9430991,0.20565958
153.31999,-8.564792,-0.46239844,-0.2739881
153.34,135.65366,4.504842,0.20565958
153.36,-13.372073,-0.7828655,0.045777034
153.37999,-37.40848,-2.0647337,0.045777034
153.4,-13.372073,-0.62263197,0.20565958
153.42,140.46094,2.261572,0.20565958
153.44,20.278896,0.6592364,-0.2739881
153.45999,15.471616,0.33876932,-0.4338706
153.48,-27.793919,-0.30216488,-0.114105515
153.5,-3.7575107,-0.30216488,0.68530726
153.51999,-13.372073,-0.30216488,0.20565958
153.54,10.664334,-0.46239844,-0.2739881
153.56,-3.7575107,-0.30216488,-0.114105515
153.58,-18.179356,-1.2635663,0.20565958
153.59999,1.049771,0.33876932,0.20565958
153.62,34.700745,1.139937,0.045777034
153.64,29.893461,0.33876932,0.20565958
153.66,-56.637608,-1.4237996,0.045777034
153.68,20.278896,0.81947,0.20565958
153.7,-47.023045,-1.5840333,0.20565958
153.72,34.700745,0.17853576,-0.2739881
153.73999,20.278896,-0.30216488,0.20565958
153.76,-99.903145,-1.9045002,0.36554214
153.78,-18.179356,-0.7828655,0.36554214
153.8,49.122585,1.6206378,0.5254247
153.81999,-22.986637,-1.2635663,0.36554214
153.84,169.30463,4.825309,0.36554214
153.86,5.857053,0.6592364,0.20565958
153.87999,1.049771,-0.14193134,0.045777034
153.9,1.049771,-0.14193134,0.20565958
153.92,-13.372073,-3.6670694,0.045777034
153.94,-22.986637,-0.7828655,0.20565958
153.95999,25.08618,0.17853576,0.5254247
153.98,29.893461,1.3001705,0.5254247
154.0,102.002686,2.4218054,0.20565958
154.01999,-37.40848,-0.7828655,0.045777034
154.04,-13.372073,0.018302217,-0.114105515
154.06,15.471616,0.9797035,0.5254247
154.08,5.857053,0.33876932,0.68530726
154.09999,15.471616,0.018302217,0.045777034
154.12,-27.793919,-0.9430991,0.20565958
154.14,-18.179356,-0.9430991,0.5254247
154.16,-13.372073,0.17853576,0.20565958
154.18,-8.564792,0.018302217,1.0050724
154.2,-3.7575107,-0.14193134,0.20565958
154.22,-8.564792,-0.62263197,0.20565958
154.23999,1.049771,0.17853576,0.68530726
154.26,-71.05945,-1.4237996,0.20565958
154.28,49.122585,1.6206378,0.5254247
154.3,-18.179356,-0.7828655,0.20565958
154.31999,5.857053,0.81947,0.20565958
154.34,198.14832,5.6264763,0.5254247
154.36,-22.986637,-0.46239844,0.20565958
154.37999,44.315308,1.3001705,0.20565958
154.4,5.857053,0.17853576,0.36554214
154.42,73.159,0.33876932,0.5254247
154.44,-47.023045,-1.2635663,0.36554214
154.45999,1.049771,0.9797035,0.36554214
154.48,1.049771,-0.14193134,0.20565958
154.5,82.77356,0.33876932,-0.114105515
154.51999,-37.40848,-0.7828655,0.20565958
154.54,10.664334,-0.14193134,0.5254247
154.56,15.471616,-0.30216488,0.20565958
154.58,5.857053,0.17853576,0.5254247
154.59999,-8.564792,-0.30216488,0.68530726
154.62,10.664334,-0.62263197,0.5254247
154.64,-8.564792,0.17853576,0.20565958
154.66,-18.179356,-0.46239844,0.5254247
154.68,-18.179356,-1.1033326,0.045777034
154.7,34.700745,0.81947,0.20565958
154.72,5.857053,0.49900287,0.36554214
154.73999,-22.986637,0.17853576,0.5254247
154.76,-90.288574,-2.0647337,0.5254247
154.78,20.278896,0.81947,0.5254247
154.8,-66.25217,-2.385201,0.36554214
154.81999,-51.830326,-1.1033326,0.36554214
154.84,140.46094,2.7422726,-0.2739881
154.86,-13.372073,-0.14193134,0.36554214
154.87999,-18.179356,-0.46239844,0.5254247
154.9,5.857053,-0.14193134,0.20565958
154.92,87.58084,1.139937,0.5254247
154.94,-8.564792,-0.14193134,0.36554214
154.95999,-51.830326,-1.4237996,0.5254247
154.98,29.893461,0.17853576,0.5254247
155.0,10.664334,-2.5454345,-0.7536357
155.01999,10.664334,-0.46239844,0.5254247
155.04,10.664334,0.17853576,0.045777034
155.06,-18.179356,-1.4237996,0.20565958
155.08,39.508022,1.7808713,0.5254247
155.09999,20.278896,0.17853576,0.20565958
155.12,-47.023045,-1.4237996,0.20565958
155.14,-22.986637,0.17853576,0.20565958
155.16,-18.179356,-1.1033326,0.20565958
155.18,-42.215763,-0.30216488,0.36554214
155.2,-3.7575107,0.018302217,0.20565958
155.22,-18.179356,0.17853576,0.36554214
155.23999,-27.793919,-0.7828655,0.36554214
155.26,-13.372073,0.81947,0.68530726
155.28,-61.44489,-1.1033326,0.36554214
155.3,-8.564792,-0.30216488,0.045777034
155.31999,-80.67402,-2.385201,0.20565958
155.34,77.96628,0.49900287,-0.4338706
155.36,53.92987,1.4604042,0.5254247
155.37999,-3.7575107,0.018302217,0.045777034
155.4,1.049771,-0.14193134,0.20565958
155.42,82.77356,2.7422726,0.68530726
155.44,-27.793919,-1.1033326,0.5254247
155.45999,-47.023045,-1.5840333,0.20565958
155.48,-51.830326,-1.7442669,0.20565958
155.5,-32.6012,-2.5454345,-0.114105515
155.51999,-32.6012,-0.9430991,0.5254247
155.54,20.278896,0.49900287,0.20565958
155.56,-51.830326,-2.7056682,0.045777034
155.58,20.278896,0.81947,0.20565958
155.59999,25.08618,0.49900287,0.36554214
155.62,25.08618,0.9797035,0.8451898
155.64,-32.6012,-0.9430991,0.68530726
155.66,-13.372073,0.018302217,0.20565958
155.68,-75.86674,-1.9045002,0.045777034
155.7,1.049771,0.33876932,0.36554214
155.72,-37.40848,-0.7828655,0.5254247
155.73999,20.278896,0.81947,0.045777034
155.76,-37.40848,-0.7828655,0.045777034
155.78,-8.564792,0.33876932,0.36554214
155.8,29.893461,1.139937,0.045777034
155.81999,20.278896,0.49900287,0.20565958
155.84,29.893461,-0.46239844,-0.114105515
155.86,-51.830326,-1.1033326,-0.2739881
155.87999,1.049771,0.33876932,0.20565958
155.9,-8.564792,-0.62263197,0.045777034
155.92,-8.564792,-0.46239844,0.68530726
155.94,5.857053,0.018302217,0.36554214
155.95999,39.508022,1.9411048,0.045777034
155.98,-13.372073,-0.46239844,-0.2739881
156.0,-61.44489,-1.4237996,-0.114105515
156.01999,10.664334,0.6592364,-0.2739881
156.04,-18.179356,-0.7828655,0.20565958
156.06,39.508022,1.6206378,0.045777034
156.08,5.857053,0.6592364,0.20565958
156.09999,25.08618,0.81947,-0.2739881
156.12,5.857053,0.018302217,0.045777034
156.14,10.664334,0.49900287,0.045777034
156.16,1.049771,-0.30216488,0.045777034
156.18,20.278896,0.6592364,0.045777034
156.2,-3.7575107,-0.30216488,-0.4338706
156.22,-22.986637,-1.1033326,-0.114105515
156.23999,20.278896,1.3001705,0.20565958
156.26,20.278896,0.9797035,-0.4338706
156.28,-32.6012,-0.14193134,0.20565958
156.3,1.049771,-0.14193134,-0.114105515
156.31999,-27.793919,-0.14193134,0.20565958
156.34,-32.6012,-2.0647337,0.045777034
156.36,-13.372073,-0.62263197,-0.114105515
156.37999,5.857053,0.33876932,0.20565958
156.4,-32.6012,-1.1033326,-0.114105515
156.42,20.278896,0.6592364,0.045777034
156.44,-22.986637,-0.62263197,-0.114105515
156.45999,1.049771,0.17853576,0.045777034
156.48,-32.6012,-0.14193134,-0.114105515
156.5,-42.215763,-1.5840333,0.045777034
156.51999,25.08618,0.33876932,0.5254247
156.54,-3.7575107,-0.46239844,-0.114105515
156.56,5.857053,0.17853576,0.045777034
156.58,15.471616,0.6592364,0.045777034
156.59999,-13.372073,-0.9430991,0.20565958
156.62,1.049771,-0.7828655,0.20565958
156.64,15.471616,0.6592364,0.20565958
156.66,44.315308,0.49900287,-0.4338706
156.68,25.08618,-0.14193134,0.045777034
156.7,-8.564792,-0.46239844,0.20565958
156.72,1.049771,-0.46239844,0.20565958
156.73999,-13.372073,-0.46239844,0.20565958
156.76,34.700745,1.4604042,0.36554214
156.78,-18.179356,-0.46239844,-0.114105515
156.8,20.278896,-0.62263197,-0.2739881
156.81999,-3.7575107,-0.30216488,0.045777034
156.84,-32.6012,-1.1033326,-0.2739881
156.86,34.700745,1.4604042,0.20565958
156.87999,-13.372073,-0.62263197,-0.2739881
156.9,-32.6012,-0.7828655,0.045777034
156.92,-13.372073,-0.30216488,0.20565958
156.94,20.278896,0.9797035,0.20565958
156.95999,-22.986637,-0.7828655,-0.114105515
156.98,-22.986637,-0.30216488,0.36554214
157.0,-47.023045,-0.46239844,0.045777034
157.01999,5.857053,0.49900287,0.20565958
157.04,15.471616,0.81947,-0.114105515
157.06,87.58084,3.8639073,0.5254247
157.08,15.471616,0.17853576,-0.114105515
157.09999,-22.986637,-0.7828655,-0.114105515
157.12,-27.793919,-1.2635663,-0.114105515
157.14,53.92987,1.4604042,0.5254247
157.16,5.857053,0.6592364,0.20565958
157.18,-32.6012,-0.7828655,0.5254247
157.2,-32.6012,-1.1033326,0.045777034
157.22,5.857053,1.4604042,0.045777034
157.23999,44.315308,2.1013381,-0.114105515
157.26,-8.564792,0.018302217,0.36554214
157.28,-13.372073,-0.14193134,-0.114105515
157.3,-47.023045,-2.0647337,0.045777034
157.31999,-47.023045,-0.30216488,0.20565958
157.34,25.08618,0.9797035,-0.114105515
157.36,49.122585,1.6206378,0.5254247
157.37999,15.471616,0.81947,0.20565958
157.4,39.508022,2.7422726,0.36554214
157.42,1.049771,0.6592364,-0.114105515
157.44,-3.7575107,-0.14193134,-0.114105515
157.45999,15.471616,0.6592364,0.045777034
157.48,10.664334,0.49900287,0.20565958
157.5,49.122585,1.3001705,-0.114105515
157.51999,63.54443,1.6206378,0.36554214
157.54,15.471616,1.3001705,-0.2739881
157.56,29.893461,1.139937,0.36554214
157.58,-8.564792,0.17853576,0.20565958
157.59999,1.049771,1.3001705,0.045777034
157.62,-22.986637,1.139937,0.20565958
157.64,1.049771,0.49900287,0.045777034
157.66,-13.372073,0.018302217,0.045777034
157.68,1.049771,0.6592364,-0.2739881
157.7,58.737152,2.4218054,0.20565958
157.72,25.08618,1.4604042,-0.114105515
157.73999,10.664334,0.33876932,-0.114105515
157.76,25.08618,2.5820389,-0.114105515
157.78,15.471616,1.9411048,0.045777034
157.8,-18.179356,-0.7828655,-0.114105515
157.81999,5.857053,1.3001705,0.36554214
157.84,-3.7575107,0.17853576,0.20565958
157.86,-3.7575107,-0.30216488,0.20565958
157.87999,20.278896,1.139937,-0.114105515
157.9,34.700745,1.6206378,0.045777034
157.92,20.278896,1.3001705,0.20565958
157.94,-13.372073,0.018302217,0.045777034
157.95999,-13.372073,-0.46239844,-0.114105515
157.98,49.122585,2.261572,0.045777034
158.0,-8.564792,0.17853576,0.045777034
158.01999,-8.564792,-0.9430991,-0.114105515
158.04,1.049771,-0.14193134,0.045777034
158.06,25.08618,1.6206378,-0.114105515
158.08,87.58084,3.0627398,-0.114105515
158.09999,63.54443,2.7422726,0.20565958
158.12,-8.564792,0.49900287,0.20565958
158.14,29.893461,1.4604042,0.20565958
158.16,-42.215763,-1.1033326,0.20565958
158.18,-22.986637,-0.46239844,0.045777034
158.2,53.92987,1.4604042,0.36554214
158.22,-8.564792,0.6592364,0.20565958
158.23999,-18.179356,0.17853576,0.20565958
158.26,-18.179356,0.17853576,-0.2739881
158.28,49.122585,2.4218054,0.045777034
158.3,-3.7575107,0.81947,0.045777034
158.31999,15.471616,0.49900287,-0.114105515
158.34,-56.637608,-1.2635663,0.045777034
158.36,5.857053,0.018302217,0.20565958
158.37999,-27.793919,-0.14193134,0.045777034
158.4,29.893461,1.4604042,0.045777034
158.42,20.278896,0.81947,0.045777034
158.44,10.664334,0.81947,0.045777034
158.45999,10.664334,2.1013381,0.20565958
158.48,-13.372073,0.17853576,0.20565958
158.5,-8.564792,0.33876932,-0.114105515
158.51999,-18.179356,-0.7828655,-0.114105515
158.54,25.08618,0.49900287,-0.2739881
158.56,29.893461,1.3001705,0.20565958
158.58,49.122585,2.7422726,0.36554214
158.59999,10.664334,0.6592364,0.20565958
158.62,-22.986637,-0.14193134,0.20565958
158.64,-37.40848,-0.7828655,-0.114105515
158.66,44.315308,1.4604042,0.20565958
158.68,1.049771,0.49900287,0.045777034
158.7,-18.179356,-0.14193134,-0.114105515
158.72,-8.564792,-0.30216488,0.36554214
158.73999,20.278896,0.81947,0.20565958
158.76,15.471616,0.9797035,0.20565958
158.78,15.471616,0.81947,-0.2739881
158.8,5.857053,1.3001705,0.20565958
158.81999,15.471616,0.9797035,-0.4338706
158.84,15.471616,1.6206378,0.36554214
158.86,-8.564792,-0.30216488,0.20565958
158.87999,10.664334,0.6592364,-0.114105515
158.9,68.35171,1.9411048,-0.114105515
158.92,-8.564792,0.6592364,0.20565958
158.94,15.471616,0.9797035,0.045777034
158.95999,5.857053,0.49900287,-0.114105515
158.98,29.893461,1.3001705,0.68530726
159.0,20.278896,0.81947,0.045777034
159.01999,-8.564792,-0.14193134,0.20565958
159.04,5.857053,0.6592364,0.36554214
159.06,-3.7575107,-0.30216488,0.045777034
159.08,53.92987,3.0627398,0.045777034
159.09999,58.737152,1.7808713,0.045777034
159.12,10.664334,0.17853576,-0.114105515
159.14,49.122585,1.6206378,0.20565958
159.16,53.92987,1.6206378,0.045777034
159.18,10.664334,1.6206378,0.045777034
159.2,49.122585,2.261572,0.045777034
159.22,29.893461,0.9797035,0.045777034
159.23999,-42.215763,-1.1033326,-0.114105515
159.26,10.664334,1.6206378,0.045777034
159.28,-18.179356,-0.30216488,0.5254247
159.3,-32.6012,-0.46239844,0.20565958
159.31999,5.857053,0.33876932,0.045777034
159.34,68.35171,3.2229733,-0.2739881
159.36,1.049771,0.49900287,0.20565958
159.37999,1.049771,0.49900287,-0.114105515
159.4,-18.179356,-0.46239844,0.045777034
159.42,-22.986637,-0.9430991,0.20565958
159.44,25.08618,0.49900287,-0.114105515
159.45999,10.664334,-0.46239844,-0.114105515
159.48,44.315308,1.3001705,0.20565958
159.5,-27.793919,0.33876932,0.36554214
159.51999,-8.564792,0.018302217,-0.114105515
159.54,-32.6012,-1.5840333,-0.114105515
159.56,5.857053,0.33876932,0.20565958
159.58,-37.40848,-0.9430991,-0.4338706
159.59999,34.700745,0.9797035,0.20565958
159.62,-22.986637,-0.9430991,-0.2739881
159.64,15.471616,-0.30216488,0.045777034
159.66,-22.986637,-0.62263197,0.20565958
159.68,-13.372073,0.018302217,-0.114105515
159.7,-51.830326,-1.2635663,0.045777034
159.72,-18.179356,-0.46239844,0.20565958
159.73999,-27.793919,-1.5840333,-0.114105515
159.76,-8.564792,-1.1033326,0.045777034
159.78,-22.986637,-1.1033326,-0.114105515
159.8,1.049771,0.6592364,0.20565958
159.81999,20.278896,0.81947,0.20565958
159.84,154.8828,4.3446083,0.045777034
159.86,-18.179356,-0.30216488,0.045777034
159.87999,10.664334,-0.30216488,0.20565958
159.9,-13.372073,-0.46239844,0.045777034
159.92,44.315308,1.6206378,0.36554214
159.94,-13.372073,-0.62263197,-0.2739881
159.95999,-3.7575107,-0.46239844,0.045777034
159.98,-3.7575107,0.17853576,-0.114105515
160.0,20.278896,2.261572,0.045777034
160.01999,-268.158,-20.331356,0.36554214
160.04,193.34105,9.792548,3.8829584
160.06,-234.50702,-4.948938,0.36554214
160.08,-104.71042,-5.1091714,-0.4338706
160.09999,-27.793919,0.6592364,0.5254247
160.12,-8.564792,0.6592364,0.36554214
160.14,-18.179356,0.49900287,0.20565958
160.16,-27.793919,-0.30216488,0.36554214
160.18,-22.986637,-0.14193134,0.5254247
160.2,5.857053,1.139937,0.68530726
160.22,-22.986637,1.4604042,0.5254247
160.23999,-71.05945,-1.7442669,0.20565958
160.26,-32.6012,-1.1033326,0.045777034
160.28,-42.215763,-0.46239844,0.20565958
160.3,44.315308,1.4604042,0.5254247
160.31999,10.664334,1.3001705,0.5254247
160.34,49.122585,2.1013381,0.20565958
160.36,-51.830326,-0.46239844,0.20565958
160.37999,-8.564792,0.9797035,0.5254247
160.4,-3.7575107,1.9411048,0.68530726
160.42,-42.215763,1.139937,0.8451898
160.44,-22.986637,-0.46239844,0.36554214
160.45999,-51.830326,0.6592364,0.5254247
160.48,-51.830326,-0.7828655,0.68530726
160.5,77.96628,2.1013381,0.8451898
160.51999,10.664334,1.9411048,0.68530726
160.54,20.278896,2.7422726,0.5254247
160.56,-66.25217,0.6592364,0.8451898
160.58,-42.215763,1.139937,0.68530726
160.59999,-56.637608,0.9797035,0.68530726
160.62,-32.6012,0.17853576,0.36554214
160.64,-22.986637,0.018302217,0.5254247
160.66,-42.215763,0.17853576,0.68530726
160.68,-32.6012,2.5820389,0.8451898
160.7,-13.372073,1.139937,0.68530726
160.72,1.049771,1.6206378,0.68530726
160.73999,-56.637608,-0.62263197,0.5254247
160.76,-8.564792,-0.14193134,0.20565958
160.78,44.315308,3.3832066,1.0050724
160.8,-42.215763,0.81947,0.36554214
160.81999,-42.215763,1.139937,0.68530726
160.84,25.08618,2.1013381,0.5254247
160.86,-18.179356,1.139937,0.68530726
160.87999,-27.793919,1.6206378,0.68530726
160.9,-27.793919,2.7422726,1.164955
160.92,-13.372073,2.5820389,0.8451898
160.94,-66.25217,0.81947,1.0050724
160.95999,-47.023045,1.139937,0.5254247
160.98,-47.023045,0.17853576,0.5254247
161.0,29.893461,1.6206378,0.68530726
161.01999,-3.7575107,2.261572,0.68530726
161.04,-8.564792,2.4218054,0.68530726
161.06,-61.44489,-0.14193134,0.8451898
161.08,-22.986637,1.6206378,0.68530726
161.09999,-42.215763,1.6206378,0.8451898
161.12,-51.830326,0.17853576,1.164955
161.14,-56.637608,0.49900287,1.3248374
161.16,-80.67402,-0.9430991,0.68530726
161.18,-22.986637,1.139937,0.68530726
161.2,-32.6012,0.49900287,0.68530726
161.22,-32.6012,0.9797035,0.68530726
161.23999,-42.215763,0.81947,0.68530726
161.26,29.893461,2.261572,0.5254247
161.28,-133.55412,-1.1033326,0.68530726
161.3,-75.86674,0.018302217,0.36554214
161.31999,-61.44489,0.17853576,1.0050724
161.34,-42.215763,-1.4237996,0.20565958
161.36,-37.40848,0.9797035,0.5254247
161.37999,-47.023045,0.6592364,0.68530726
161.4,-27.793919,2.261572,0.8451898
161.42,-104.71042,0.33876932,1.48472
161.44,-56.637608,0.33876932,0.5254247
161.45999,-37.40848,1.6206378,0.8451898
161.48,-61.44489,0.9797035,0.8451898
161.5,-85.48129,0.018302217,0.68530726
161.51999,-128.74683,-1.1033326,0.68530726
161.54,-85.48129,0.33876932,0.8451898
161.56,-18.179356,0.6592364,0.5254247
161.58,-85.48129,0.17853576,0.8451898
161.59999,20.278896,3.5434403,0.68530726
161.62,-90.288574,0.81947,0.8451898
161.64,-95.09586,0.33876932,0.8451898
161.66,-18.179356,2.4218054,0.5254247
161.68,-123.93955,-1.4237996,0.68530726
161.7,-104.71042,-1.2635663,0.68530726
161.72,-18.179356,1.9411048,1.164955
161.73999,-99.903145,-0.62263197,0.68530726
161.76,1.049771,1.139937,0.68530726
161.78,-27.793919,1.9411048,0.68530726
161.8,-3.7575107,3.5434403,0.68530726
161.81999,-66.25217,1.139937,0.68530726
161.84,-61.44489,0.81947,0.5254247
161.86,-99.903145,0.018302217,0.68530726
161.87999,-75.86674,0.81947,0.5254247
161.9,-95.09586,-0.30216488,0.5254247
161.92,-90.288574,0.49900287,2.1242502
161.94,-85.48129,0.17853576,0.68530726
161.95999,-71.05945,0.9797035,0.8451898
161.98,-123.93955,-0.62263197,0.8451898
162.0,-191.24149,-2.385201,0.8451898
162.01999,-90.288574,0.49900287,1.0050724
162.04,-71.05945,0.6592364,0.5254247
162.06,-71.05945,1.139937,0.68530726
162.08,-71.05945,0.49900287,1.0050724
162.09999,-114.32499,-0.46239844,0.8451898
162.12,-119.13227,-0.7828655,0.8451898
162.14,-95.09586,-0.46239844,0.5254247
162.16,-172.01237,-1.5840333,0.5254247
162.18,-85.48129,0.49900287,0.8451898
162.2,-37.40848,2.5820389,1.0050724
162.22,-172.01237,-2.7056682,0.68530726
162.23999,-119.13227,-0.7828655,0.68530726
162.26,-22.986637,0.9797035,0.36554214
162.28,-85.48129,0.49900287,0.5254247
162.3,-61.44489,2.1013381,0.8451898
162.31999,-104.71042,1.4604042,1.0050724
162.34,-90.288574,0.49900287,0.68530726
162.36,-80.67402,0.018302217,0.36554214
162.37999,-200.85605,-3.6670694,0.8451898
162.4,-85.48129,-0.14193134,0.68530726
162.42,-162.3978,-0.46239844,1.8044851
162.44,-75.86674,1.4604042,0.5254247
162.45999,-133.55412,-0.30216488,0.8451898
162.48,-66.25217,1.6206378,0.20565958
162.5,-133.55412,1.139937,0.68530726
162.51999,-56.637608,1.7808713,0.5254247
162.54,-61.44489,2.261572,0.68530726
162.56,-109.5177,-0.7828655,0.68530726
162.58,-181.62692,-2.5454345,0.68530726
162.59999,-80.67402,0.49900287,0.8451898
162.62,-66.25217,0.81947,0.8451898
162.64,-80.67402,1.139937,0.68530726
162.66,-61.44489,2.4218054,0.68530726
162.68,-99.903145,1.6206378,0.8451898
162.7,-109.5177,0.17853576,0.68530726
162.72,-114.32499,-0.14193134,0.36554214
162.73999,-75.86674,0.33876932,0.5254247
162.76,-167.20508,-2.5454345,0.8451898
162.78,-109.5177,0.018302217,0.8451898
162.8,-109.5177,0.81947,0.68530726
162.81999,-80.67402,0.33876932,1.0050724
162.84,-66.25217,0.6592364,0.68530726
162.86,-143.16867,-1.1033326,0.68530726
162.87999,-80.67402,0.17853576,1.0050724
162.9,-109.5177,-0.46239844,0.8451898
162.92,-18.179356,2.7422726,1.48472
162.94,-42.215763,2.1013381,0.5254247
162.95999,-99.903145,-0.46239844,0.8451898
162.98,-75.86674,0.49900287,0.8451898
163.0,49.122585,5.3060093,0.8451898
163.01999,-42.215763,2.1013381,0.68530726
163.04,-104.71042,-0.14193134,0.68530726
163.06,-8.564792,4.024141,0.68530726
163.08,-66.25217,1.3001705,1.0050724
163.09999,-104.71042,0.6592364,0.8451898
163.12,-13.372073,3.7036738,0.68530726
163.14,-119.13227,-0.46239844,0.68530726
163.16,-104.71042,0.17853576,0.68530726
163.18,-90.288574,1.139937,0.68530726
163.2,-99.903145,0.9797035,0.8451898
163.22,-75.86674,1.139937,1.0050724
163.23999,-71.05945,0.9797035,0.8451898
163.26,-99.903145,0.33876932,1.0050724
163.28,-133.55412,-0.14193134,0.8451898
163.3,-56.637608,2.261572,0.68530726
163.31999,-80.67402,1.139937,0.68530726
163.34,-95.09586,0.33876932,0.8451898
163.36,-99.903145,0.9797035,0.8451898
163.37999,-71.05945,1.6206378,0.68530726
163.4,-99.903145,0.49900287,0.68530726
163.42,1.049771,1.9411048,1.8044851
163.44,-157.59052,-0.9430991,1.0050724
163.45999,-109.5177,0.33876932,1.0050724
163.48,-138.36139,-1.2635663,0.8451898
163.5,92.38812,6.5878778,0.8451898
163.51999,-181.62692,-2.0647337,0.8451898
163.54,-123.93955,-0.14193134,0.5254247
163.56,-123.93955,0.17853576,0.8451898
163.58,-109.5177,0.6592364,1.3248374
163.59999,-123.93955,0.33876932,1.164955
163.62,-167.20508,-1.1033326,1.164955
163.64,-123.93955,0.018302217,0.8451898
163.66,-71.05945,2.1013381,1.0050724
163.68,-167.20508,-1.5840333,0.5254247
163.7,-104.71042,1.9411048,1.164955
163.72,-152.78323,-0.7828655,1.164955
163.73999,-109.5177,0.17853576,1.164955
163.76,-114.32499,1.6206378,1.0050724
163.78,-90.288574,1.139937,1.0050724
163.8,-95.09586,1.139937,1.0050724
163.81999,-138.36139,-0.46239844,1.0050724
163.84,-210.47061,-2.385201,0.8451898
163.86,-128.74683,0.49900287,1.164955
163.87999,-119.13227,0.81947,1.0050724
163.9,-133.55412,-0.14193134,1.164955
163.92,5.857053,3.8639073,1.3248374
163.94,-119.13227,1.139937,0.8451898
163.95999,-109.5177,0.6592364,1.0050724
163.98,-109.5177,1.3001705,0.68530726
164.0,73.159,5.9469438,1.164955
164.01999,-138.36139,-0.14193134,0.68530726
164.04,-75.86674,1.9411048,0.68530726
164.06,-114.32499,0.81947,0.8451898
164.08,-152.78323,-1.1033326,1.6446027
164.09999,-114.32499,0.6592364,1.0050724
164.12,-90.288574,1.3001705,0.8451898
164.14,-123.93955,1.4604042,0.8451898
164.16,-85.48129,1.9411048,1.48472
164.18,-56.637608,2.5820389,1.164955
164.2,-157.59052,-0.30216488,0.68530726
164.22,-176.81964,-1.7442669,0.68530726
164.23999,-143.16867,0.018302217,1.164955
164.26,-119.13227,1.6206378,1.48472
164.28,-143.16867,0.018302217,1.3248374
164.3,-133.55412,0.49900287,1.0050724
164.31999,-95.09586,0.6592364,1.164955
164.34,-147.97597,-0.46239844,1.164955
164.36,-104.71042,0.81947,1.0050724
164.37999,-99.903145,0.81947,0.5254247
164.4,-104.71042,1.4604042,0.8451898
164.42,-80.67402,0.81947,1.3248374
164.44,-128.74683,0.6592364,1.3248374
164.45999,-152.78323,-0.14193134,1.164955
164.48,-128.74683,0.33876932,1.3248374
164.5,34.700745,5.9469438,1.3248374
164.51999,-119.13227,1.139937,0.8451898
164.54,-90.288574,2.1013381,1.0050724
164.56,-172.01237,0.17853576,0.8451898
164.58,-162.3978,-0.30216488,1.164955
164.59999,-138.36139,0.49900287,1.164955
164.62,-147.97597,0.81947,1.3248374
164.64,-90.288574,2.261572,1.48472
164.66,-157.59052,-1.1033326,1.3248374
164.68,-176.81964,-0.62263197,0.8451898
164.7,-128.74683,0.81947,1.0050724
164.72,-152.78323,-0.30216488,1.164955
164.73999,-75.86674,1.9411048,1.164955
164.76,-157.59052,0.17853576,0.8451898
164.78,-109.5177,0.9797035,1.48472
164.8,-205.66333,-1.9045002,1.3248374
164.81999,-157.59052,0.49900287,1.164955
164.84,-234.50702,-2.0647337,1.0050724
164.86,-90.288574,1.9411048,1.164955
164.87999,-186.4342,-0.62263197,1.3248374
164.9,-176.81964,-0.9430991,1.164955
164.92,-157.59052,-2.5454345,1.0050724
164.94,-200.85605,-1.2635663,1.0050724
164.95999,-157.59052,-0.30216488,1.164955
164.98,-123.93955,1.3001705,0.8451898
165.0,-95.09586,1.7808713,1.0050724
165.01999,-119.13227,0.9797035,1.164955
165.04,-133.55412,0.49900287,1.0050724
165.06,-114.32499,1.139937,1.164955
165.08,-157.59052,-0.30216488,1.164955
165.09999,-157.59052,0.81947,1.3248374
165.12,-205.66333,-1.7442669,1.164955
165.14,-162.3978,0.17853576,1.0050724
165.16,-133.55412,0.33876932,1.164955
165.18,-167.20508,-1.1033326,1.0050724
165.2,-143.16867,0.6592364,1.48472
165.22,-128.74683,0.9797035,0.68530726
165.23999,-109.5177,1.6206378,1.0050724
165.26,-200.85605,-1.9045002,0.68530726
165.28,-147.97597,0.49900287,1.0050724
165.3,-128.74683,0.81947,1.48472
165.31999,-167.20508,0.33876932,0.68530726
165.34,-176.81964,0.17853576,1.0050724
165.36,-109.5177,1.7808713,1.164955
165.37999,-138.36139,0.81947,1.0050724
165.4,-138.36139,0.49900287,1.0050724
165.42,-282.57983,-4.6284704,1.3248374
165.44,-128.74683,0.9797035,1.3248374
165.45999,-157.59052,0.17853576,1.164955
165.48,-176.81964,-0.46239844,0.8451898
165.5,-152.78323,0.6592364,1.3248374
165.51999,-157.59052,-0.14193134,1.164955
165.54,-186.4342,-0.46239844,1.164955
165.56,-152.78323,0.6592364,1.0050724
165.58,-172.01237,-0.62263197,1.3248374
165.59999,-133.55412,1.9411048,1.0050724
165.62,-138.36139,0.9797035,1.3248374
165.64,-200.85605,-1.7442669,0.8451898
165.66,-186.4342,0.33876932,1.0050724
165.68,-147.97597,0.6592364,0.8451898
165.7,-147.97597,0.018302217,1.0050724
165.72,-157.59052,0.6592364,1.0050724
165.73999,-167.20508,0.49900287,1.3248374
165.76,-167.20508,-0.30216488,1.48472
165.78,-138.36139,0.81947,1.0050724
165.8,-133.55412,1.6206378,1.48472
165.81999,-172.01237,-0.46239844,1.0050724
165.84,-200.85605,-0.14193134,1.164955
165.86,-114.32499,1.3001705,0.68530726
165.87999,-210.47061,-0.46239844,0.8451898
165.9,-119.13227,1.6206378,0.8451898
165.92,-215.2779,-2.8659017,1.6446027
165.94,-181.62692,0.018302217,1.164955
165.95999,-157.59052,0.49900287,0.68530726
165.98,-138.36139,1.139937,0.8451898
166.0,-157.59052,0.9797035,1.0050724
166.01999,-172.01237,0.6592364,1.0050724
166.04,-172.01237,0.49900287,1.164955
166.06,-196.04878,-0.46239844,0.8451898
166.08,-147.97597,1.3001705,1.0050724
166.09999,-191.24149,0.49900287,1.0050724
166.12,-133.55412,1.4604042,0.68530726
166.14,-167.20508,0.17853576,1.164955
166.16,-162.3978,1.4604042,0.8451898
166.18,-172.01237,0.018302217,1.0050724
166.2,-95.09586,2.902506,1.0050724
166.22,-162.3978,0.9797035,1.3248374
166.23999,-152.78323,0.81947,0.8451898
166.26,-196.04878,-0.62263197,0.8451898
166.28,-167.20508,0.33876932,0.8451898
166.3,-119.13227,1.7808713,0.8451898
166.31999,-186.4342,0.018302217,1.0050724
166.34,-215.2779,-0.30216488,0.68530726
166.36,-128.74683,2.261572,1.0050724
166.37999,-138.36139,1.9411048,1.0050724
166.4,-200.85605,-0.9430991,0.8451898
166.42,-186.4342,0.33876932,1.3248374
166.44,-157.59052,1.139937,1.164955
166.45999,-123.93955,1.9411048,0.8451898
166.48,-119.13227,2.5820389,1.0050724
166.5,-186.4342,-0.14193134,0.8451898
166.51999,-176.81964,1.4604042,0.8451898
166.54,-152.78323,0.81947,0.5254247
166.56,-167.20508,0.6592364,1.0050724
166.58,-186.4342,0.33876932,1.164955
166.59999,-147.97597,2.1013381,1.0050724
166.62,-147.97597,1.4604042,1.164955
166.64,-147.97597,1.7808713,0.8451898
166.66,-176.81964,0.49900287,0.8451898
166.68,-133.55412,1.4604042,0.68530726
166.7,-162.3978,1.3001705,0.8451898
166.72,-210.47061,0.17853576,0.5254247
166.73999,-138.36139,1.4604042,1.164955
166.76,-186.4342,-0.14193134,0.68530726
166.78,-162.3978,1.7808713,0.68530726
166.8,-133.55412,2.4218054,0.68530726
166.81999,-200.85605,-0.30216488,0.8451898
166.84,-253.73613,-1.9045002,0.5254247
166.86,-128.74683,1.7808713,0.68530726
166.87999,-157.59052,1.3001705,0.68530726
166.9,-176.81964,0.49900287,0.8451898
166.92,-186.4342,0.018302217,1.0050724
166.94,-200.85605,-0.30216488,0.68530726
166.95999,-196.04878,-0.14193134,0.68530726
166.98,-172.01237,0.9797035,1.164955
167.0,-181.62692,0.17853576,0.8451898
167.01999,-162.3978,2.1013381,0.68530726
167.04,-200.85605,-0.62263197,1.0050724
167.06,-244.12158,-1.4237996,0.8451898
167.08,-181.62692,1.7808713,1.0050724
167.09999,-200.85605,0.49900287,0.8451898
167.12,-224.89246,-0.14193134,1.48472
167.14,-172.01237,1.3001705,1.0050724
167.16,-172.01237,1.3001705,0.8451898
167.18,-220.08519,0.018302217,1.0050724
167.2,-162.3978,1.139937,1.164955
167.22,-181.62692,0.49900287,1.164955
167.23999,-186.4342,1.139937,1.3248374
167.26,-210.47061,-1.2635663,1.164955
167.28,-181.62692,1.139937,1.48472
167.3,-167.20508,1.7808713,0.68530726
167.31999,-210.47061,-0.14193134,1.0050724
167.34,-181.62692,1.139937,0.68530726
167.36,-181.62692,0.9797035,1.164955
167.37999,-196.04878,0.81947,1.164955
167.4,-152.78323,2.4218054,1.3248374
167.42,-244.12158,-1.1033326,1.0050724
167.44,-200.85605,0.6592364,1.164955
167.45999,-147.97597,2.7422726,1.0050724
167.48,-186.4342,0.9797035,1.0050724
167.5,-191.24149,0.49900287,1.164955
167.51999,-196.04878,0.17853576,0.5254247
167.54,-224.89246,-0.62263197,1.0050724
167.56,-205.66333,-0.14193134,1.3248374
167.58,-200.85605,0.33876932,1.0050724
167.59999,-220.08519,-0.14193134,1.3248374
167.62,-172.01237,0.81947,1.0050724
167.64,-181.62692,0.6592364,1.0050724
167.66,-200.85605,1.139937,1.3248374
167.68,-196.04878,0.33876932,0.68530726
167.7,-234.50702,-0.14193134,1.48472
167.72,-224.89246,-0.30216488,0.68530726
167.73999,-205.66333,0.33876932,1.164955
167.76,-248.92886,-0.7828655,0.8451898
167.78,-229.69974,-0.14193134,0.8451898
167.8,-234.50702,-0.62263197,1.0050724
167.81999,-297.00168,-2.2249672,1.6446027
167.84,-215.2779,0.33876932,1.164955
167.86,-162.3978,1.7808713,1.0050724
167.87999,-239.31432,-0.7828655,0.5254247
167.9,-229.69974,0.33876932,1.164955
167.92,-229.69974,-0.30216488,1.0050724
167.94,-215.2779,0.17853576,1.3248374
167.95999,-215.2779,-0.7828655,1.3248374
167.98,-172.01237,1.3001705,0.8451898
168.0,-200.85605,0.33876932,1.0050724
168.01999,-205.66333,0.81947,1.164955
168.04,-205.66333,1.3001705,1.164955
168.06,-215.2779,0.6592364,1.0050724
168.08,-229.69974,0.018302217,1.164955
168.09999,-186.4342,0.6592364,1.3248374
168.12,-220.08519,-0.46239844,1.3248374
168.14,-224.89246,-0.30216488,1.164955
168.16,-282.57983,-2.5454345,0.8451898
168.18,-220.08519,0.49900287,1.164955
168.2,-244.12158,-0.7828655,0.8451898
168.22,-186.4342,0.17853576,1.0050724
168.23999,-205.66333,0.33876932,1.0050724
168.26,-220.08519,-0.30216488,0.8451898
168.28,-239.31432,-1.2635663,1.164955
168.3,-224.89246,-0.14193134,1.164955
168.31999,-220.08519,-0.30216488,1.0050724
168.34,-244.12158,-0.62263197,1.0050724
168.36,-181.62692,1.4604042,1.0050724
168.37999,-167.20508,1.4604042,1.3248374
168.4,-200.85605,0.81947,1.0050724
168.42,-253.73613,-0.62263197,1.0050724
168.44,-205.66333,-0.14193134,1.0050724
168.45999,-244.12158,-0.62263197,0.68530726
168.48,-186.4342,1.139937,1.164955
168.5,-220.08519,1.139937,1.0050724
168.51999,-253.73613,-0.14193134,0.8451898
168.54,-224.89246,0.018302217,1.0050724
168.56,-147.97597,3.2229733,1.0050724
168.58,-172.01237,1.139937,1.3248374
168.59999,-172.01237,1.6206378,0.8451898
168.62,-234.50702,0.33876932,0.5254247
168.64,-205.66333,0.6592364,1.164955
168.66,-157.59052,2.4218054,1.164955
168.68,-258.54343,-0.30216488,1.0050724
168.7,-239.31432,0.6592364,1.0050724
168.72,-239.31432,0.6592364,0.8451898
168.73999,-220.08519,0.81947,0.8451898
168.76,-244.12158,-0.30216488,0.8451898
168.78,-215.2779,0.49900287,0.8451898
168.8,-253.73613,-1.2635663,1.0050724
168.81999,-239.31432,0.6592364,1.164955
168.84,-253.73613,0.018302217,1.164955
168.86,-239.31432,-0.30216488,1.0050724
168.87999,-287.38712,-1.5840333,1.0050724
168.9,-234.50702,0.49900287,0.8451898
168.92,-234.50702,0.6592364,1.3248374
168.94,-205.66333,0.9797035,1.0050724
168.95999,-200.85605,1.139937,0.8451898
168.98,-277.77255,-0.30216488,1.0050724
169.0,-258.54343,-0.7828655,0.8451898
169.01999,-234.50702,0.17853576,1.3248374
169.04,-234.50702,0.49900287,1.164955
169.06,-215.2779,0.49900287,0.8451898
169.08,-215.2779,0.49900287,1.48472
169.09999,-234.50702,0.9797035,1.3248374
169.12,-239.31432,0.6592364,1.164955
169.14,-186.4342,0.9797035,1.164955
169.16,-239.31432,-0.14193134,0.8451898
169.18,-263.3507,-0.14193134,0.68530726
169.2,-234.50702,0.6592364,0.5254247
169.22,-220.08519,1.3001705,1.0050724
169.23999,-229.69974,0.49900287,1.0050724
169.26,-248.92886,-0.62263197,0.68530726
169.28,-234.50702,0.17853576,1.3248374
169.3,-210.47061,0.6592364,1.0050724
169.31999,-277.77255,-0.9430991,0.8451898
169.34,-234.50702,0.6592364,1.0050724
169.36,-239.31432,0.9797035,0.68530726
169.37999,-215.2779,1.4604042,0.68530726
169.4,-234.50702,0.6592364,1.0050724
169.42,-244.12158,2.5820389,1.0050724
169.44,-210.47061,1.3001705,0.5254247
169.45999,-258.54343,0.81947,0.68530726
169.48,-239.31432,0.81947,1.164955
169.5,-239.31432,1.3001705,1.0050724
169.51999,-234.50702,0.9797035,1.0050724
169.54,-253.73613,0.018302217,0.68530726
169.56,-239.31432,0.6592364,1.164955
169.58,-210.47061,0.9797035,1.0050724
169.59999,-200.85605,2.1013381,0.8451898
169.62,-220.08519,1.4604042,0.68530726
169.64,-215.2779,0.6592364,0.68530726
169.66,-210.47061,0.9797035,0.68530726
169.68,-282.57983,-0.9430991,0.68530726
169.7,-239.31432,0.33876932,1.0050724
169.72,-215.2779,0.81947,1.164955
169.73999,-244.12158,0.6592364,1.0050724
169.76,-224.89246,1.7808713,0.8451898
169.78,-220.08519,0.9797035,0.68530726
169.8,-224.89246,1.3001705,0.68530726
169.81999,-248.92886,1.4604042,1.0050724
169.84,-210.47061,2.1013381,0.8451898
169.86,-244.12158,0.6592364,0.8451898
169.87999,-244.12158,0.81947,0.68530726
169.9,-282.57983,-0.30216488,0.8451898
169.92,-224.89246,2.902506,0.8451898
169.94,-263.3507,0.018302217,0.8451898
169.95999,-282.57983,-0.62263197,0.68530726
169.98,-215.2779,0.6592364,0.8451898
170.0,-272.96527,0.17853576,0.68530726
170.01999,-210.47061,1.6206378,1.164955
170.04,-220.08519,1.3001705,1.0050724
170.06,-253.73613,0.33876932,0.5254247
170.08,-248.92886,0.17853576,0.68530726
170.09999,-248.92886,0.81947,0.68530726
170.12,-244.12158,1.139937,1.0050724
170.14,-263.3507,0.018302217,1.0050724
170.16,-220.08519,0.81947,1.164955
170.18,-234.50702,1.139937,1.0050724
170.2,-301.80896,-0.46239844,0.8451898
170.22,-253.73613,0.9797035,0.8451898
170.23999,-311.42352,-0.7828655,0.8451898
170.26,-321.0381,-2.5454345,0.8451898
170.28,-292.1944,-0.46239844,0.5254247
170.3,-272.96527,0.6592364,0.5254247
170.31999,-268.158,0.17853576,0.20565958
170.34,-215.2779,1.7808713,0.8451898
170.36,-258.54343,0.81947,0.8451898
170.37999,-311.42352,-0.62263197,0.68530726
170.4,-253.73613,0.33876932,1.164955
170.42,-119.13227,5.6264763,0.5254247
170.44,-297.00168,-0.46239844,0.68530726
170.45999,-253.73613,2.1013381,0.68530726
170.48,-248.92886,0.9797035,1.0050724
170.5,-393.1473,-4.3080034,0.8451898
170.51999,-297.00168,-0.14193134,0.8451898
170.54,-287.38712,-0.14193134,0.8451898
170.56,-239.31432,1.9411048,0.8451898
170.58,-253.73613,0.9797035,1.0050724
170.59999,-263.3507,0.81947,1.3248374
170.62,-335.45993,-1.4237996,0.68530726
170.64,-268.158,0.17853576,0.68530726
170.66,-282.57983,-1.4237996,0.5254247
170.68,-287.38712,-0.30216488,1.164955
170.7,-268.158,0.018302217,0.68530726
170.72,-220.08519,1.6206378,0.5254247
170.73999,-297.00168,0.17853576,0.5254247
170.76,-277.77255,0.81947,1.164955
170.78,-272.96527,-0.46239844,1.0050724
170.8,-292.1944,0.018302217,0.8451898
170.81999,-306.61624,-0.14193134,1.0050724
170.84,-335.45993,-2.385201,0.68530726
170.86,-287.38712,-0.14193134,0.5254247
170.87999,-297.00168,-0.46239844,0.5254247
170.9,-258.54343,1.139937,0.68530726
170.92,-239.31432,0.9797035,1.0050724
170.94,-287.38712,0.33876932,0.68530726
170.95999,-210.47061,2.261572,1.0050724
170.98,-263.3507,0.018302217,0.8451898
171.0,-431.60556,-4.7887044,0.8451898
171.01999,-292.1944,-0.14193134,0.68530726
171.04,-239.31432,1.4604042,1.0050724
171.06,-292.1944,-0.14193134,0.5254247
171.08,-220.08519,0.81947,0.5254247
171.09999,-239.31432,1.4604042,0.8451898
171.12,-306.61624,-0.46239844,0.8451898
171.14,-268.158,1.4604042,1.164955
171.16,-244.12158,1.6206378,0.8451898
171.18,-340.2672,-1.4237996,0.8451898
171.2,-325.84537,-0.9430991,0.8451898
171.22,-306.61624,-0.30216488,1.0050724
171.23999,-287.38712,-0.14193134,1.0050724
171.26,-282.57983,0.018302217,1.164955
171.28,-272.96527,1.4604042,0.68530726
171.3,-397.95456,-3.6670694,1.0050724
171.31999,-292.1944,-0.30216488,0.5254247
171.34,-316.2308,-0.9430991,0.8451898
171.36,-272.96527,0.17853576,1.164955
171.37999,-311.42352,0.49900287,1.164955
171.4,-301.80896,0.17853576,0.68530726
171.42,-397.95456,-2.7056682,1.48472
171.44,-297.00168,0.9797035,0.8451898
171.45999,-297.00168,-0.14193134,0.8451898
171.48,-287.38712,0.17853576,0.8451898
171.5,-345.0745,-1.7442669,0.8451898
171.51999,-287.38712,-0.14193134,1.0050724
171.54,-301.80896,-0.14193134,1.164955
171.56,-301.80896,-0.14193134,0.5254247
171.58,-301.80896,-1.1033326,0.20565958
171.59999,-244.12158,1.139937,1.0050724
171.62,-297.00168,0.33876932,1.164955
171.64,-330.65265,0.018302217,0.8451898
171.66,-325.84537,-0.62263197,0.8451898
171.68,-297.00168,0.6592364,1.3248374
171.7,-330.65265,-2.2249672,0.8451898
171.72,-292.1944,0.81947,0.8451898
171.73999,-306.61624,-0.62263197,0.5254247
171.76,-292.1944,1.3001705,0.8451898
171.78,-335.45993,0.33876932,0.8451898
171.8,-287.38712,0.33876932,0.8451898
171.81999,-311.42352,-0.62263197,0.8451898
171.84,-311.42352,0.33876932,1.0050724
171.86,-248.92886,1.9411048,0.68530726
171.87999,-311.42352,0.33876932,1.164955
171.9,-330.65265,-0.14193134,0.8451898
171.92,-349.88177,-1.2635663,1.3248374
171.94,-287.38712,0.81947,0.68530726
171.95999,-282.57983,0.9797035,0.5254247
171.98,-301.80896,0.17853576,0.68530726
172.0,-431.60556,-5.2694044,0.8451898
172.01999,-340.2672,-0.46239844,0.8451898
172.04,-321.0381,0.17853576,0.8451898
172.06,-297.00168,0.33876932,1.164955
172.08,-364.30362,-2.7056682,0.5254247
172.09999,-297.00168,0.018302217,0.8451898
172.12,-325.84537,0.33876932,0.68530726
172.14,-277.77255,1.6206378,1.164955
172.16,-345.0745,-2.0647337,0.5254247
172.18,-311.42352,-0.46239844,0.8451898
172.2,-297.00168,0.33876932,0.68530726
172.22,-297.00168,1.4604042,0.8451898
172.23999,-340.2672,-0.7828655,0.8451898
172.26,-335.45993,0.018302217,1.164955
172.28,-272.96527,0.9797035,0.5254247
172.3,-297.00168,0.81947,0.5254247
172.31999,-316.2308,-0.14193134,0.8451898
172.34,-402.76187,-1.7442669,0.8451898
172.36,-325.84537,-0.14193134,0.68530726
172.37999,-325.84537,-0.14193134,0.68530726
172.4,-345.0745,-1.1033326,0.8451898
172.42,-253.73613,2.5820389,0.8451898
172.44,-321.0381,0.49900287,1.164955
172.45999,-325.84537,-0.14193134,0.8451898
172.48,-316.2308,0.33876932,0.68530726
172.5,-248.92886,0.9797035,0.5254247
172.51999,-349.88177,-0.46239844,1.0050724
172.54,-277.77255,2.7422726,0.8451898
172.56,-306.61624,0.33876932,0.68530726
172.58,-522.9439,-5.589872,0.8451898
172.59999,-321.0381,-0.14193134,0.68530726
172.62,-287.38712,1.4604042,0.8451898
172.64,-340.2672,-0.62263197,0.68530726
172.66,-340.2672,-0.9430991,0.5254247
172.68,-330.65265,-0.46239844,0.8451898
172.7,-335.45993,-0.30216488,0.68530726
172.72,-330.65265,-0.30216488,0.8451898
172.73999,-292.1944,0.9797035,0.8451898
172.76,-349.88177,0.81947,0.68530726
172.78,-335.45993,0.81947,1.0050724
172.8,-311.42352,0.49900287,0.68530726
172.81999,-311.42352,0.17853576,0.8451898
172.84,-335.45993,0.49900287,0.68530726
172.86,-306.61624,0.81947,0.8451898
172.87999,-272.96527,2.261572,0.5254247
172.9,-297.00168,1.139937,1.0050724
172.92,-85.48129,7.3890457,0.8451898
172.94,-330.65265,0.018302217,1.0050724
172.95999,-282.57983,1.6206378,0.68530726
172.98,-330.65265,0.33876932,0.8451898
173.0,-301.80896,-1.5840333,0.68530726
173.01999,-306.61624,0.9797035,0.36554214
173.04,-340.2672,0.33876932,0.68530726
173.06,-248.92886,3.2229733,0.8451898
173.08,-522.9439,-4.14777,1.48472
173.09999,-292.1944,1.139937,0.8451898
173.12,-311.42352,2.261572,1.0050724
173.14,-282.57983,1.139937,0.68530726
173.16,-436.41284,-3.9875362,0.68530726
173.18,-248.92886,2.5820389,0.68530726
173.2,-292.1944,1.139937,1.0050724
173.22,-330.65265,0.33876932,0.8451898
173.23999,-325.84537,1.139937,0.5254247
173.26,-359.49634,1.3001705,0.8451898
173.28,-268.158,2.1013381,0.68530726
173.3,-325.84537,-0.14193134,0.36554214
173.31999,-335.45993,-0.14193134,0.5254247
173.34,-306.61624,1.6206378,0.68530726
173.36,-282.57983,1.7808713,0.5254247
173.37999,-292.1944,0.81947,0.68530726
173.4,-388.34003,-0.46239844,0.68530726
173.42,-13.372073,9.311849,0.8451898
173.44,-354.68906,-0.9430991,0.68530726
173.45999,-325.84537,0.33876932,0.68530726
173.48,-277.77255,2.5820389,0.68530726
173.5,-239.31432,0.6592364,0.68530726
173.51999,-325.84537,0.17853576,0.8451898
173.54,-301.80896,1.4604042,0.8451898
173.56,-397.95456,-1.4237996,0.5254247
173.58,-513.32935,-3.026135,1.164955
173.59999,-316.2308,0.018302217,0.68530726
173.62,-364.30362,-0.14193134,0.8451898
173.64,-272.96527,2.261572,0.68530726
173.66,-373.91818,-0.7828655,0.20565958
173.68,-340.2672,0.49900287,0.36554214
173.7,-359.49634,-0.14193134,0.5254247
173.72,-335.45993,0.33876932,0.5254247
173.73999,-349.88177,0.018302217,1.0050724
173.76,-378.72546,0.17853576,0.68530726
173.78,-345.0745,0.6592364,0.8451898
173.8,-349.88177,0.17853576,0.68530726
173.81999,-345.0745,0.49900287,0.68530726
173.84,-378.72546,0.17853576,0.68530726
173.86,-282.57983,2.5820389,0.5254247
173.87999,-393.1473,-1.4237996,0.36554214
173.9,-335.45993,0.81947,0.8451898
173.92,-196.04878,2.261572,0.8451898
173.94,-330.65265,0.49900287,0.8451898
173.95999,-359.49634,-0.30216488,0.5254247
173.98,-345.0745,0.81947,0.8451898
174.0,-196.04878,2.4218054,0.68530726
174.01999,-325.84537,0.6592364,0.5254247
174.04,-354.68906,0.6592364,0.5254247
174.06,-316.2308,0.33876932,0.68530726
174.08,-402.76187,0.9797035,1.3248374
174.09999,-321.0381,1.6206378,0.5254247
174.12,-311.42352,1.6206378,0.8451898
174.14,-412.37643,-1.7442669,0.5254247
174.16,-441.22012,-2.2249672,0.5254247
174.18,-340.2672,0.33876932,0.68530726
174.2,-388.34003,-0.7828655,1.0050724
174.22,-325.84537,0.81947,0.68530726
174.23999,-364.30362,0.018302217,0.36554214
174.26,-417.18372,-0.46239844,0.68530726
174.28,-340.2672,-0.14193134,0.36554214
174.3,-325.84537,0.9797035,0.20565958
174.31999,-272.96527,2.902506,0.68530726
174.34,-373.91818,-0.14193134,0.68530726
174.36,-402.76187,-0.46239844,0.68530726
174.37999,-354.68906,-1.2635663,0.5254247
174.4,-340.2672,0.9797035,0.5254247
174.42,-311.42352,-0.30216488,0.68530726
174.44,-364.30362,-0.14193134,0.5254247
174.45999,-388.34003,0.018302217,0.5254247
174.48,-402.76187,-1.5840333,0.36554214
174.5,-210.47061,3.3832066,0.045777034
174.51999,-364.30362,-0.14193134,0.68530726
174.54,-311.42352,2.4218054,0.8451898
174.56,-407.56915,-1.2635663,0.68530726
174.58,-417.18372,0.17853576,0.68530726
174.59999,-364.30362,0.49900287,0.68530726
174.62,-354.68906,0.018302217,0.68530726
174.64,-359.49634,0.33876932,0.68530726
174.66,-359.49634,1.139937,0.5254247
174.68,-364.30362,-0.14193134,0.36554214
174.7,-354.68906,-0.7828655,0.5254247
174.72,-388.34003,-0.46239844,0.5254247
174.73999,-431.60556,-2.0647337,0.5254247
174.76,-369.1109,0.6592364,0.36554214
174.78,-354.68906,0.81947,0.20565958
174.8,-383.53275,-0.30216488,0.8451898
174.81999,-393.1473,-0.62263197,0.5254247
174.84,-378.72546,1.139937,0.5254247
174.86,-426.79828,-1.5840333,0.5254247
174.87999,-373.91818,0.33876932,0.20565958
174.9,-388.34003,-0.30216488,0.68530726
174.92,-354.68906,-0.9430991,0.20565958
174.94,-417.18372,-1.4237996,0.20565958
174.95999,-369.1109,0.17853576,0.5254247
174.98,-412.37643,-0.30216488,0.68530726
175.0,-123.93955,6.5878778,0.8451898
175.01999,-369.1109,0.17853576,0.5254247
175.04,-393.1473,-0.46239844,0.5254247
175.06,-383.53275,-0.46239844,0.36554214
175.08,-359.49634,0.6592364,0.68530726
175.09999,-426.79828,-1.4237996,0.5254247
175.12,-369.1109,0.9797035,0.5254247
175.14,-388.34003,0.17853576,0.36554214
175.16,-397.95456,0.81947,0.5254247
175.18,-373.91818,0.018302217,0.5254247
175.2,-378.72546,-0.9430991,0.68530726
175.22,-369.1109,-0.14193134,0.20565958
175.23999,-378.72546,0.49900287,0.5254247
175.26,-378.72546,1.3001705,0.36554214
175.28,-407.56915,-0.30216488,0.20565958
175.3,-369.1109,0.33876932,0.5254247
175.31999,-412.37643,-0.62263197,0.20565958
175.34,-369.1109,0.49900287,0.68530726
175.36,-450.8347,-1.2635663,0.20565958
175.37999,-393.1473,-0.46239844,0.68530726
175.4,-397.95456,0.33876932,0.8451898
175.42,-311.42352,0.6592364,0.20565958
175.44,-388.34003,-0.14193134,0.20565958
175.45999,-373.91818,-0.30216488,0.20565958
175.48,-349.88177,1.4604042,0.8451898
175.5,-263.3507,3.0627398,0.20565958
175.51999,-417.18372,0.17853576,0.36554214
175.54,-383.53275,0.018302217,0.5254247
175.56,-393.1473,-0.62263197,0.5254247
175.58,-373.91818,-0.14193134,0.045777034
175.59999,-349.88177,0.49900287,0.20565958
175.62,-407.56915,0.33876932,0.8451898
175.64,-349.88177,1.4604042,0.68530726
175.66,-359.49634,0.49900287,0.5254247
175.68,-325.84537,1.4604042,0.20565958
175.7,-388.34003,-0.14193134,0.68530726
175.72,-417.18372,-1.7442669,0.36554214
175.73999,-402.76187,-0.46239844,0.5254247
175.76,-402.76187,0.49900287,0.5254247
175.78,-388.34003,0.17853576,0.68530726
175.8,-364.30362,0.17853576,0.36554214
175.81999,-417.18372,-0.7828655,0.36554214
175.84,-388.34003,1.4604042,0.68530726
175.86,-417.18372,-0.9430991,0.20565958
175.87999,-417.18372,-0.46239844,0.045777034
175.9,-436.41284,-0.7828655,0.20565958
175.92,-369.1109,-0.62263197,0.20565958
175.94,-393.1473,0.49900287,0.36554214
175.95999,-412.37643,-0.14193134,0.20565958
175.98,-393.1473,0.17853576,0.5254247
176.0,-335.45993,2.4218054,0.20565958
176.01999,-373.91818,0.17853576,0.36554214
176.04,-426.79828,-1.2635663,0.20565958
176.06,-397.95456,0.49900287,0.045777034
176.08,-417.18372,-1.4237996,0.5254247
176.09999,-364.30362,0.9797035,0.5254247
176.12,-412.37643,-0.14193134,0.5254247
176.14,-393.1473,0.33876932,0.36554214
176.16,-354.68906,0.81947,-0.114105515
176.18,-369.1109,0.49900287,0.5254247
176.2,-426.79828,-0.7828655,0.20565958
176.22,-393.1473,0.17853576,0.5254247
176.23999,-359.49634,1.3001705,0.20565958
176.26,-383.53275,0.17853576,0.20565958
176.28,-407.56915,0.33876932,0.5254247
176.3,-417.18372,0.17853576,0.5254247
176.31999,-373.91818,0.9797035,0.36554214
176.34,-412.37643,0.17853576,0.045777034
176.36,-388.34003,0.17853576,0.20565958
176.37999,-397.95456,0.9797035,0.20565958
176.4,-373.91818,1.139937,0.045777034
176.42,-373.91818,0.018302217,-0.114105515
176.44,-369.1109,1.4604042,0.20565958
176.45999,-393.1473,0.49900287,0.5254247
176.48,-441.22012,-0.46239844,0.20565958
176.5,-388.34003,1.6206378,0.045777034
176.51999,-397.95456,0.33876932,0.045777034
176.54,-397.95456,0.49900287,-0.114105515
176.56,-412.37643,-0.14193134,0.36554214
176.58,-455.64197,-0.7828655,0.045777034
176.59999,-455.64197,-1.5840333,0.20565958
176.62,-455.64197,-0.62263197,0.045777034
176.64,-402.76187,0.33876932,0.68530726
176.66,-388.34003,-0.14193134,0.5254247
176.68,-402.76187,0.81947,0.20565958
176.7,-397.95456,0.6592364,0.5254247
176.72,-388.34003,0.49900287,0.20565958
176.73999,-412.37643,0.49900287,0.20565958
176.76,-388.34003,1.139937,0.5254247
176.78,-455.64197,-1.1033326,0.045777034
176.8,-407.56915,0.81947,0.36554214
176.81999,-393.1473,0.6592364,0.20565958
176.84,-402.76187,-0.30216488,0.36554214
176.86,-388.34003,0.81947,0.5254247
176.87999,-412.37643,0.49900287,0.20565958
176.9,-349.88177,2.1013381,0.20565958
176.92,-465.25653,-1.9045002,-0.114105515
176.94,-383.53275,0.17853576,-0.114105515
176.95999,-407.56915,0.49900287,0.36554214
176.98,-402.76187,0.6592364,0.36554214
177.0,-388.34003,0.49900287,0.20565958
177.01999,-345.0745,2.5820389,0.5254247
177.04,-436.41284,-1.1033326,0.20565958
177.06,-421.991,-0.7828655,0.68530726
177.08,-402.76187,0.33876932,0.20565958
177.09999,-450.8347,-0.30216488,0.5254247
177.12,-426.79828,-0.14193134,0.20565958
177.14,-450.8347,-2.385201,0.20565958
177.16,-450.8347,-1.5840333,0.045777034
177.18,-397.95456,-0.46239844,-0.114105515
177.2,-359.49634,0.6592364,0.36554214
177.22,-402.76187,0.33876932,0.20565958
177.23999,-373.91818,0.81947,-0.2739881
177.26,-441.22012,-0.30216488,-0.2739881
177.28,-388.34003,-0.14193134,0.045777034
177.3,-465.25653,-1.5840333,0.045777034
177.31999,-450.8347,-1.2635663,0.045777034
177.34,-397.95456,0.81947,0.20565958
177.36,-455.64197,-1.2635663,0.5254247
177.37999,-470.06378,-0.9430991,0.5254247
177.4,-421.991,0.17853576,0.36554214
177.42,-426.79828,-0.46239844,0.045777034
177.44,-426.79828,0.17853576,0.045777034
177.45999,-397.95456,0.81947,0.68530726
177.48,-479.67838,-1.2635663,0.20565958
177.5,-421.991,0.33876932,0.20565958
177.51999,-431.60556,-0.14193134,0.36554214
177.54,-383.53275,1.6206378,-0.114105515
177.56,-388.34003,-0.14193134,0.5254247
177.58,-383.53275,0.9797035,0.045777034
177.59999,-465.25653,-0.46239844,0.045777034
177.62,-441.22012,-0.7828655,0.045777034
177.64,-431.60556,-0.62263197,0.5254247
177.65999,-465.25653,-1.7442669,0.5254247
177.68,-436.41284,0.17853576,0.045777034
177.7,-455.64197,-2.2249672,0.045777034
177.72,-465.25653,-0.9430991,0.20565958
177.73999,-378.72546,1.9411048,0.8451898
177.76,-436.41284,-0.9430991,0.36554214
177.78,-373.91818,1.4604042,-0.114105515
177.8,-446.02737,-0.46239844,0.36554214
177.81999,-455.64197,0.17853576,-0.114105515
177.84,-474.8711,-0.9430991,0.045777034
177.86,-441.22012,-0.62263197,0.20565958
177.87999,-431.60556,-1.1033326,-0.2739881
177.9,-426.79828,-0.30216488,0.20565958
177.92,-402.76187,0.49900287,0.045777034
177.94,-402.76187,0.17853576,0.5254247
177.95999,-407.56915,0.81947,0.36554214
177.98,-421.991,0.33876932,0.045777034
178.0,-470.06378,-1.7442669,0.045777034
178.01999,-417.18372,0.49900287,0.20565958
178.04,-421.991,1.3001705,0.20565958
178.06,-417.18372,0.17853576,0.5254247
178.08,-446.02737,-0.30216488,0.36554214
178.09999,-426.79828,-0.14193134,0.20565958
178.12,-393.1473,1.139937,0.5254247
178.14,-436.41284,0.17853576,0.20565958
178.15999,-402.76187,0.018302217,0.045777034
178.18,-426.79828,0.9797035,0.20565958
178.2,-479.67838,-1.4237996,0.36554214
178.22,-450.8347,-1.5840333,0.36554214
178.23999,-465.25653,-0.46239844,0.045777034
178.26,-417.18372,-0.14193134,-0.2739881
178.28,-397.95456,0.9797035,0.36554214
178.3,-465.25653,-0.30216488,0.5254247
178.31999,-474.8711,-0.14193134,0.5254247
178.34,-446.02737,-0.62263197,0.20565958
178.36,-518.1366,-2.2249672,0.045777034
178.37999,-436.41284,-0.46239844,0.5254247
178.4,-450.8347,-0.46239844,0.045777034
178.42,-470.06378,-1.4237996,0.20565958
178.44,-378.72546,2.1013381,0.36554214
178.45999,-498.90747,-2.2249672,-0.2739881
178.48,-446.02737,-0.30216488,0.20565958
178.5,-450.8347,-0.30216488,0.36554214
178.51999,-470.06378,-1.5840333,0.045777034
178.54,-460.44922,-0.46239844,0.045777034
178.56,-455.64197,0.018302217,0.36554214
178.58,-455.64197,0.17853576,0.5254247
178.59999,-426.79828,0.17853576,0.045777034
178.62,-465.25653,-0.30216488,0.36554214
178.64,-426.79828,-0.7828655,0.20565958
178.65999,-465.25653,-0.14193134,0.36554214
178.68,-537.3658,-3.026135,0.20565958
178.7,-522.9439,-2.385201,0.20565958
178.72,-470.06378,-1.1033326,0.20565958
178.73999,-436.41284,-0.30216488,0.36554214
178.76,-407.56915,1.3001705,0.20565958
178.78,-489.29294,-2.0647337,0.20565958
178.8,-455.64197,-1.1033326,0.045777034
178.81999,-441.22012,0.018302217,-0.2739881
178.84,-450.8347,-1.1033326,-0.2739881
178.86,-455.64197,-0.9430991,0.20565958
178.87999,-470.06378,-0.46239844,0.20565958
178.9,-470.06378,-0.30216488,0.045777034
178.92,-571.0167,-4.14777,0.045777034
178.94,-465.25653,-0.62263197,-0.114105515
178.95999,-474.8711,-1.4237996,0.045777034
178.98,-446.02737,-0.46239844,0.5254247
179.0,-489.29294,-0.62263197,0.045777034
179.01999,-388.34003,2.902506,0.36554214
179.04,-470.06378,-0.62263197,0.36554214
179.06,-450.8347,-0.46239844,0.045777034
179.08,-484.48563,-1.2635663,0.045777034
179.09999,-450.8347,0.49900287,-0.114105515
179.12,-484.48563,-1.4237996,0.36554214
179.14,-542.17303,-2.0647337,0.20565958
179.15999,-513.32935,-1.9045002,-0.114105515
179.18,-441.22012,0.33876932,-0.114105515
179.2,-455.64197,0.49900287,0.20565958
179.22,-489.29294,-1.5840333,0.20565958
179.23999,-455.64197,0.6592364,0.5254247
179.26,-465.25653,-1.4237996,0.045777034
179.28,-431.60556,-0.14193134,-0.114105515
179.3,-431.60556,0.49900287,0.20565958
179.31999,-470.06378,-0.7828655,0.045777034
179.34,-494.10022,-0.7828655,0.36554214
179.36,-455.64197,0.33876932,0.20565958
179.37999,-431.60556,0.9797035,-0.114105515
179.4,-426.79828,0.81947,0.045777034
179.42,-628.7041,-2.8659017,0.68530726
179.44,-446.02737,1.139937,0.045777034
179.45999,-513.32935,-1.2635663,0.36554214
179.48,-455.64197,-0.14193134,0.045777034
179.5,-465.25653,0.17853576,0.045777034
179.51999,-446.02737,0.6592364,0.045777034
179.54,-479.67838,0.33876932,-0.114105515
179.56,-489.29294,-0.14193134,0.045777034
179.58,-474.8711,0.17853576,0.045777034
179.59999,-455.64197,0.49900287,0.20565958
179.62,-441.22012,1.4604042,-0.114105515
179.64,-498.90747,-0.14193134,0.20565958
179.65999,-460.44922,0.81947,0.045777034
179.68,-527.75116,-1.9045002,0.20565958
179.7,-474.8711,-0.46239844,0.20565958
179.72,-474.8711,-0.14193134,-0.114105515
179.73999,-474.8711,0.6592364,-0.114105515
179.76,-479.67838,-0.7828655,-0.114105515
179.78,-513.32935,-1.4237996,-0.2739881
179.8,-498.90747,-0.30216488,0.20565958
179.81999,-446.02737,0.49900287,-0.114105515
179.84,-393.1473,2.261572,0.20565958
179.86,-489.29294,-0.46239844,0.045777034
179.87999,-474.8711,0.018302217,-0.114105515
179.9,-494.10022,-0.9430991,0.045777034
179.92,-619.0895,-2.385201,0.045777034
179.94,-484.48563,0.17853576,-0.114105515
179.95999,-450.8347,0.33876932,0.045777034
179.98,-503.71478,-1.2635663,-0.2739881
180.0,-571.0167,-1.9045002,0.20565958
180.01999,-450.8347,1.6206378,0.20565958
180.04,-465.25653,1.3001705,-0.114105515
180.06,-518.1366,-0.7828655,0.045777034
180.08,-378.72546,1.7808713,-0.114105515
180.09999,-460.44922,1.139937,-0.114105515
180.12,-503.71478,-0.14193134,-0.114105515
180.14,-489.29294,-0.46239844,-0.2739881
180.15999,-455.64197,1.139937,-0.2739881
180.18,-546.9803,-1.7442669,0.045777034
180.2,-474.8711,0.81947,-0.114105515
180.22,-494.10022,-0.14193134,-0.114105515
180.23999,-470.06378,-0.46239844,-0.114105515
180.26,-494.10022,-0.30216488,-0.114105515
180.28,-465.25653,0.81947,0.045777034
180.3,-489.29294,-0.30216488,0.20565958
180.31999,-561.40216,-1.1033326,0.20565958
180.34,-455.64197,0.17853576,0.045777034
180.36,-441.22012,0.49900287,0.045777034
180.37999,-479.67838,-0.30216488,0.36554214
180.4,-494.10022,-0.9430991,0.045777034
180.42,-527.75116,0.81947,0.36554214
180.44,-537.3658,-2.385201,0.20565958
180.45999,-575.82404,-3.026135,-0.114105515
180.48,-450.8347,0.33876932,-0.114105515
180.5,-633.51135,-4.7887044,-0.59375316
180.51999,-436.41284,2.1013381,-0.114105515
180.54,-508.52206,-1.2635663,-0.114105515
180.56,-470.06378,0.49900287,-0.4338706
180.58,-546.9803,-2.7056682,0.045777034
180.59999,-489.29294,-0.30216488,-0.4338706
180.62,-522.9439,-1.5840333,0.045777034
180.64,-484.48563,-0.46239844,-0.2739881
180.65999,-489.29294,-0.46239844,0.20565958
180.68,-522.9439,-1.5840333,-0.114105515
180.7,-426.79828,0.81947,-0.2739881
180.72,-417.18372,0.81947,-0.2739881
180.73999,-542.17303,-1.5840333,0.045777034
180.76,-503.71478,-0.46239844,-0.114105515
180.78,-474.8711,0.33876932,0.20565958
180.8,-527.75116,-2.7056682,-0.114105515
180.81999,-518.1366,-1.5840333,-0.114105515
180.84,-460.44922,0.9797035,0.20565958
180.86,-474.8711,-0.30216488,-0.114105515
180.87999,-494.10022,-0.14193134,0.045777034
180.9,-470.06378,0.33876932,-0.114105515
180.92,-412.37643,3.0627398,0.045777034
180.94,-494.10022,-0.62263197,-0.114105515
180.95999,-484.48563,0.018302217,-0.114105515
180.98,-527.75116,-1.1033326,-0.114105515
181.0,-667.16235,-5.2694044,-0.59375316
181.01999,-489.29294,-0.30216488,0.045777034
181.04,-489.29294,-0.7828655,-0.2739881
181.06,-460.44922,0.33876932,-0.2739881
181.08,-619.0895,-3.026135,0.36554214
181.09999,-446.02737,1.6206378,-0.114105515
181.12,-470.06378,0.49900287,0.20565958
181.14,-503.71478,-0.9430991,-0.2739881
181.15999,-494.10022,-0.30216488,-0.2739881
181.18,-503.71478,-0.30216488,0.045777034
181.2,-474.8711,-0.14193134,-0.4338706
181.22,-513.32935,0.17853576,0.045777034
181.23999,-441.22012,1.7808713,-0.114105515
181.26,-566.2094,-2.0647337,0.045777034
181.28,-494.10022,-0.7828655,-0.2739881
181.3,-484.48563,0.17853576,-0.114105515
181.31999,-465.25653,0.49900287,-0.2739881
181.34,-494.10022,-0.46239844,-0.4338706
181.36,-532.5585,-1.1033326,-0.2739881
181.37999,-470.06378,-0.46239844,-0.4338706
181.4,-484.48563,0.49900287,-0.114105515
181.42,-388.34003,2.902506,-0.4338706
181.44,-489.29294,0.6592364,-0.114105515
181.45999,-508.52206,0.33876932,0.045777034
181.48,-498.90747,0.018302217,-0.2739881
181.5,-667.16235,-5.429638,0.045777034
181.51999,-503.71478,-0.9430991,-0.4338706
181.54,-527.75116,-0.9430991,-0.114105515
181.56,-450.8347,1.139937,-0.114105515
181.58,-513.32935,0.6592364,0.045777034
181.59999,-455.64197,0.6592364,0.045777034
181.62,-479.67838,0.6592364,-0.59375316
181.64,-522.9439,-0.46239844,0.045777034
181.65999,-474.8711,0.9797035,-0.4338706
181.68,-494.10022,0.81947,0.045777034
181.7,-508.52206,-0.30216488,-0.2739881
181.72,-479.67838,-0.62263197,0.045777034
181.73999,-503.71478,-1.1033326,-0.4338706
181.76,-518.1366,-0.46239844,0.045777034
181.78,-470.06378,0.49900287,-0.2739881
181.8,-455.64197,1.7808713,0.045777034
181.81999,-498.90747,1.139937,-0.114105515
181.84,-479.67838,-0.14193134,-0.2739881
181.86,-513.32935,-1.1033326,0.045777034
181.87999,-494.10022,0.17853576,-0.114105515
181.9,-474.8711,-0.14193134,0.045777034
181.92,-426.79828,2.5820389,0.20565958
181.94,-527.75116,-0.46239844,-0.114105515
181.95999,-508.52206,0.49900287,-0.114105515
181.98,-527.75116,-0.7828655,0.045777034
182.0,-657.5478,-5.2694044,0.36554214
182.01999,-508.52206,0.018302217,0.20565958
182.04,-551.78754,-0.9430991,-0.114105515
182.06,-498.90747,0.33876932,0.045777034
182.08,-431.60556,1.4604042,0.20565958
182.09999,-460.44922,1.4604042,0.045777034
182.12,-431.60556,1.7808713,-0.2739881
182.14,-518.1366,0.81947,-0.114105515
182.15999,-513.32935,-0.46239844,-0.2739881
182.18,-518.1366,0.17853576,0.045777034
182.2,-518.1366,-0.7828655,0.20565958
182.22,-518.1366,-0.7828655,-0.2739881
182.23999,-498.90747,0.33876932,-0.114105515
182.26,-542.17303,-1.1033326,-0.114105515
182.28,-513.32935,0.81947,0.20565958
182.3,-470.06378,0.9797035,0.045777034
182.31999,-484.48563,0.9797035,0.045777034
182.34,-494.10022,0.17853576,-0.2739881
182.36,-479.67838,1.6206378,0.045777034
182.37999,-518.1366,0.018302217,0.045777034
182.4,-513.32935,0.33876932,-0.114105515
182.42,-364.30362,5.145776,-0.4338706
182.44,-522.9439,-0.14193134,-0.114105515
182.45999,-498.90747,-0.14193134,0.045777034
182.48,-498.90747,0.33876932,0.045777034
182.5,-585.43854,-3.1863687,0.36554214
182.51999,-518.1366,0.81947,-0.114105515
182.54,-460.44922,1.7808713,0.20565958
182.56,-575.82404,-1.9045002,0.045777034
182.58,-455.64197,-0.14193134,-0.4338706
182.59999,-489.29294,0.81947,-0.114105515
182.62,-494.10022,0.9797035,-0.4338706
182.64,-522.9439,0.018302217,0.20565958
182.65999,-532.5585,-0.46239844,-0.4338706
182.68,-527.75116,0.33876932,-0.2739881
182.7,-522.9439,-0.46239844,-0.2739881
182.72,-590.24585,-1.4237996,0.20565958
182.73999,-527.75116,0.6592364,0.045777034
182.76,-580.6312,-1.2635663,0.36554214
182.78,-571.0167,-1.1033326,0.045777034
182.8,-537.3658,0.17853576,-0.2739881
182.81999,-527.75116,0.17853576,-0.114105515
182.84,-647.93317,-3.026135,-0.114105515
182.86,-522.9439,0.6592364,-0.2739881
182.87999,-546.9803,0.17853576,0.20565958
182.9,-513.32935,0.81947,0.045777034
182.92,-426.79828,3.5434403,-0.114105515
182.94,-551.78754,-0.14193134,-0.114105515
182.95999,-508.52206,0.6592364,0.20565958
182.98,-551.78754,0.018302217,0.20565958
183.0,-599.8604,-3.9875362,0.20565958
183.01999,-532.5585,0.018302217,0.045777034
183.04,-595.0531,-1.5840333,0.045777034
183.06,-619.0895,-2.2249672,0.045777034
183.08,-628.7041,-6.0705724,0.045777034
183.09999,-566.2094,-0.14193134,0.045777034
183.12,-590.24585,-0.30216488,0.20565958
183.14,-542.17303,0.33876932,-0.2739881
183.15999,-551.78754,-1.2635663,0.20565958
183.18,-532.5585,0.33876932,0.36554214
183.2,-542.17303,0.018302217,-0.114105515
183.22,-537.3658,-0.14193134,0.20565958
183.23999,-498.90747,1.6206378,0.20565958
183.26,-585.43854,-0.62263197,0.36554214
183.28,-542.17303,0.81947,0.36554214
183.3,-561.40216,0.018302217,0.5254247
183.31999,-518.1366,0.49900287,-0.2739881
183.34,-575.82404,-1.4237996,-0.2739881
183.36,-623.8968,-2.2249672,-0.114105515
183.37999,-503.71478,1.139937,0.045777034
183.4,-633.51135,-2.7056682,-0.114105515
183.42,-426.79828,2.1013381,0.20565958
183.44,-599.8604,-1.4237996,-0.59375316
183.45999,-585.43854,-1.2635663,-0.114105515
183.48,-546.9803,0.33876932,0.36554214
183.5,-522.9439,-1.7442669,-0.2739881
183.51999,-551.78754,-0.9430991,-0.114105515
183.54,-566.2094,-1.1033326,-0.114105515
183.56,-532.5585,0.81947,-0.114105515
183.58,-787.34436,-8.153608,-0.2739881
183.59999,-503.71478,1.6206378,0.045777034
183.62,-561.40216,0.33876932,-0.114105515
183.64,-494.10022,1.9411048,0.20565958
183.65999,-551.78754,-1.2635663,0.045777034
183.68,-546.9803,0.17853576,-0.4338706
183.7,-503.71478,0.49900287,-0.2739881
183.72,-518.1366,0.81947,0.045777034
183.73999,-566.2094,-0.14193134,-0.4338706
183.76,-551.78754,0.6592364,0.045777034
183.78,-571.0167,0.018302217,-0.4338706
183.8,-527.75116,0.81947,-0.114105515
183.81999,-556.59485,-0.30216488,0.045777034
183.84,-580.6312,0.17853576,0.045777034
183.86,-513.32935,2.1013381,-0.114105515
183.87999,-556.59485,-0.30216488,-0.2739881
183.9,-518.1366,0.9797035,-0.114105515
183.92,-436.41284,2.4218054,-0.2739881
183.94,-546.9803,0.33876932,0.045777034
183.95999,-585.43854,-0.30216488,0.045777034
183.98,-537.3658,0.33876932,-0.114105515
184.0,-446.02737,1.4604042,-0.4338706
184.01999,-537.3658,0.6592364,0.045777034
184.04,-489.29294,1.7808713,-0.2739881
184.06,-551.78754,0.6592364,-0.2739881
184.08,-806.5735,-5.2694044,-0.4338706
184.09999,-628.7041,-2.0647337,-0.2739881
184.12,-580.6312,-0.14193134,-0.2739881
184.14,-546.9803,0.17853576,-0.4338706
184.15999,-513.32935,0.17853576,0.045777034
184.18,-556.59485,-0.30216488,-0.114105515
184.2,-566.2094,-0.30216488,0.045777034
184.22,-561.40216,0.33876932,-0.114105515
184.23999,-590.24585,-0.62263197,0.045777034
184.26,-585.43854,0.17853576,-0.2739881
184.28,-561.40216,0.49900287,-0.2739881
184.3,-546.9803,-0.14193134,-0.2739881
184.31999,-556.59485,0.17853576,-0.114105515
184.34,-571.0167,0.6592364,-0.114105515
184.36,-580.6312,-0.46239844,-0.2739881
184.37999,-604.6677,-0.9430991,0.20565958
184.4,-566.2094,0.6592364,0.045777034
184.42,-585.43854,-2.8659017,-0.114105515
184.44,-571.0167,0.9797035,-0.114105515
184.45999,-532.5585,1.6206378,-0.114105515
184.48,-604.6677,-1.5840333,0.045777034
184.5,-373.91818,2.902506,-0.2739881
184.51999,-580.6312,-0.7828655,-0.2739881
184.54,-551.78754,0.018302217,-0.2739881
184.56,-503.71478,1.139937,0.045777034
184.58,-590.24585,1.6206378,-0.114105515
184.59999,-580.6312,0.018302217,0.045777034
184.62,-551.78754,-0.30216488,-0.2739881
184.64,-556.59485,0.33876932,0.045777034
184.65999,-571.0167,-0.46239844,-0.2739881
184.68,-508.52206,1.6206378,0.045777034
184.7,-546.9803,0.81947,0.045777034
184.72,-580.6312,-1.1033326,-0.4338706
184.73999,-585.43854,-0.46239844,-0.114105515
184.76,-542.17303,1.139937,-0.114105515
184.78,-527.75116,0.9797035,0.20565958
184.8,-580.6312,0.17853576,0.20565958
184.81999,-556.59485,0.81947,-0.114105515
184.84,-633.51135,-0.14193134,-0.2739881
184.86,-532.5585,0.81947,-0.114105515
184.87999,-551.78754,0.33876932,-0.114105515
184.9,-551.78754,1.139937,-0.4338706
184.92,-619.0895,-1.7442669,-0.114105515
184.94,-580.6312,0.17853576,0.045777034
184.95999,-537.3658,0.9797035,-0.114105515
184.98,-556.59485,0.33876932,-0.114105515
185.0,-412.37643,2.902506,-0.7536357
185.01999,-561.40216,0.17853576,0.20565958
185.04,-595.0531,-0.30216488,0.36554214
185.06,-532.5585,0.81947,-0.114105515
185.08,-527.75116,2.5820389,-0.114105515
185.09999,-542.17303,0.018302217,0.045777034
185.12,-537.3658,1.139937,-0.114105515
185.14,-595.0531,-0.62263197,-0.114105515
185.15999,-652.7405,-1.5840333,-0.2739881
185.18,-571.0167,0.17853576,-0.2739881
185.2,-623.8968,-1.4237996,-0.114105515
185.22,-595.0531,-0.7828655,0.045777034
185.23999,-575.82404,-0.14193134,-0.114105515
185.26,-551.78754,1.139937,0.20565958
185.28,-527.75116,2.261572,0.20565958
185.3,-566.2094,0.6592364,0.20565958
185.31999,-609.475,-0.30216488,-0.114105515
185.34,-609.475,-0.14193134,0.20565958
185.36,-585.43854,-1.1033326,-0.114105515
185.37999,-537.3658,1.7808713,-0.114105515
185.4,-599.8604,-0.14193134,0.20565958
185.42,-643.1259,-1.7442669,-0.114105515
185.44,-595.0531,-0.14193134,0.045777034
185.45999,-575.82404,0.6592364,-0.114105515
185.48,-599.8604,-0.7828655,-0.114105515
185.5,-441.22012,4.825309,-0.2739881
185.51999,-561.40216,-0.14193134,-0.4338706
185.54,-590.24585,-0.30216488,-0.114105515
185.56,-585.43854,-0.14193134,0.045777034
185.58,-484.48563,3.3832066,-0.114105515
185.59999,-585.43854,0.33876932,-0.114105515
185.62,-609.475,-1.1033326,-0.114105515
185.64,-590.24585,-0.14193134,-0.114105515
185.65999,-590.24585,0.17853576,-0.2739881
185.68,-551.78754,0.81947,0.20565958
185.7,-575.82404,0.33876932,0.045777034
185.72,-580.6312,0.6592364,-0.114105515
185.73999,-537.3658,2.261572,-0.114105515
185.76,-599.8604,-0.14193134,-0.114105515
185.78,-580.6312,0.49900287,-0.114105515
185.8,-580.6312,1.4604042,0.5254247
185.81999,-638.31866,-1.2635663,0.20565958
185.84,-532.5585,3.2229733,0.36554214
185.86,-623.8968,-0.9430991,0.36554214
185.87999,-580.6312,0.81947,0.045777034
185.9,-633.51135,-0.7828655,0.045777034
185.92,-638.31866,-0.9430991,0.20565958
185.94,-599.8604,0.018302217,0.36554214
185.95999,-585.43854,0.018302217,0.045777034
185.98,-628.7041,-0.46239844,-0.114105515
186.0,-518.1366,2.4218054,-0.4338706
186.01999,-604.6677,0.49900287,0.045777034
186.04,-599.8604,0.33876932,-0.114105515
186.06,-628.7041,-0.30216488,0.20565958
186.08,-633.51135,-0.62263197,-0.114105515
186.09999,-628.7041,-0.7828655,0.045777034
186.12,-551.78754,1.7808713,0.20565958
186.14,-633.51135,-0.30216488,0.5254247
186.15999,-647.93317,-0.30216488,0.045777034
186.18,-595.0531,0.49900287,-0.114105515
186.2,-619.0895,-0.14193134,0.20565958
186.22,-604.6677,0.17853576,0.20565958
186.23999,-590.24585,0.6592364,0.20565958
186.26,-604.6677,-0.14193134,0.20565958
186.28,-628.7041,-0.62263197,-0.2739881
186.3,-585.43854,0.81947,0.045777034
186.31999,-571.0167,2.261572,0.045777034
186.34,-585.43854,1.7808713,0.20565958
186.36,-619.0895,-0.30216488,0.045777034
186.37999,-609.475,0.49900287,-0.2739881
186.4,-623.8968,-0.46239844,-0.114105515
186.42,-609.475,0.17853576,0.045777034
186.44,-667.16235,-1.4237996,0.20565958
186.45999,-676.77686,-1.7442669,0.045777034
186.48,-609.475,0.6592364,0.20565958
186.5,-585.43854,0.9797035,0.5254247
186.51999,-599.8604,0.81947,0.045777034
186.54,-599.8604,0.81947,0.20565958
186.56,-599.8604,0.33876932,0.36554214
186.58,-652.7405,-1.5840333,0.36554214
186.59999,-604.6677,0.33876932,0.045777034
186.62,-681.58417,-1.9045002,0.20565958
186.64,-585.43854,0.17853576,-0.114105515
186.65999,-647.93317,-0.9430991,-0.114105515
186.68,-662.35504,-2.0647337,-0.114105515
186.7,-623.8968,-0.14193134,0.045777034
186.72,-623.8968,-0.62263197,0.045777034
186.73999,-585.43854,0.17853576,0.36554214
186.76,-647.93317,-0.7828655,0.045777034
186.78,-657.5478,-1.2635663,0.20565958
186.8,-633.51135,-0.7828655,0.045777034
186.81999,-595.0531,0.9797035,-0.114105515
186.84,-681.58417,-1.1033326,0.045777034
186.86,-633.51135,0.018302217,0.20565958
186.87999,-633.51135,-0.46239844,0.045777034
186.9,-667.16235,-0.9430991,0.045777034
186.92,-681.58417,-1.7442669,0.20565958
186.94,-619.0895,0.018302217,0.045777034
186.95999,-662.35504,-1.4237996,0.045777034
186.98,-633.51135,0.17853576,0.20565958
187.0,-580.6312,1.139937,-0.2739881
187.01999,-595.0531,0.49900287,-0.2739881
187.04,-585.43854,1.3001705,-0.114105515
187.06,-619.0895,0.17853576,0.20565958
187.08,-633.51135,-0.46239844,0.045777034
187.09999,-609.475,0.6592364,-0.2739881
187.12,-623.8968,0.33876932,-0.114105515
187.14,-619.0895,0.6592364,0.045777034
187.15999,-643.1259,-0.7828655,-0.114105515
187.18,-643.1259,0.17853576,0.20565958
187.2,-633.51135,0.018302217,-0.4338706
187.22,-633.51135,-0.14193134,0.045777034
187.23999,-585.43854,1.9411048,0.20565958
187.26,-696.00604,-2.0647337,0.045777034
187.28,-609.475,0.17853576,0.045777034
187.3,-595.0531,0.17853576,-0.2739881
187.31999,-647.93317,-1.4237996,0.045777034
187.34,-585.43854,0.17853576,0.045777034
187.36,-604.6677,0.17853576,-0.114105515
187.37999,-561.40216,1.7808713,-0.2739881
187.4,-595.0531,0.6592364,-0.114105515
187.42,-599.8604,-0.46239844,-0.114105515
187.44,-623.8968,0.33876932,-0.114105515
187.45999,-628.7041,-0.46239844,-0.59375316
187.48,-619.0895,0.17853576,0.045777034
187.5,-595.0531,1.3001705,-0.114105515
187.51999,-590.24585,1.139937,-0.114105515
187.54,-643.1259,0.018302217,0.20565958
187.56,-638.31866,-0.14193134,0.045777034
187.58,-566.2094,1.7808713,-0.4338706
187.59999,-633.51135,0.49900287,0.20565958
187.62,-609.475,0.17853576,-0.4338706
187.64,-662.35504,-0.62263197,-0.114105515
187.65999,-643.1259,-0.14193134,-0.2739881
187.68,-575.82404,1.139937,-0.114105515
187.7,-628.7041,-0.30216488,0.20565958
187.72,-619.0895,-0.46239844,0.20565958
187.73999,-590.24585,0.81947,-0.114105515
187.76,-599.8604,1.3001705,0.36554214
187.78,-633.51135,0.018302217,0.20565958
187.8,-619.0895,0.17853576,0.045777034
187.81999,-599.8604,0.6592364,-0.4338706
187.84,-614.2822,1.6206378,-0.2739881
187.86,-619.0895,0.49900287,0.045777034
187.87999,-585.43854,0.018302217,-0.2739881
187.9,-595.0531,0.9797035,-0.114105515
187.92,-628.7041,0.17853576,-0.114105515
187.94,-609.475,0.49900287,-0.2739881
187.95999,-633.51135,1.139937,0.045777034
187.98,-652.7405,0.018302217,-0.114105515
188.0,-638.31866,0.018302217,-0.114105515
188.01999,-614.2822,0.49900287,-0.114105515
188.04,-599.8604,0.9797035,-0.4338706
188.06,-643.1259,-0.14193134,-0.2739881
188.08,-628.7041,-0.62263197,-0.114105515
188.09999,-619.0895,0.81947,-0.2739881
188.12,-604.6677,0.6592364,-0.114105515
188.14,-628.7041,0.33876932,0.045777034
188.15999,-662.35504,0.6592364,0.20565958
188.18,-599.8604,0.6592364,0.20565958
188.2,-623.8968,0.81947,-0.114105515
188.22,-590.24585,0.81947,0.045777034
188.23999,-609.475,0.81947,-0.114105515
188.26,-643.1259,-0.14193134,-0.114105515
188.28,-647.93317,1.139937,0.045777034
188.3,-686.3914,-1.1033326,0.045777034
188.31999,-623.8968,0.33876932,0.20565958
188.34,-667.16235,-1.2635663,0.045777034
188.36,-647.93317,0.17853576,0.045777034
188.37999,-590.24585,0.6592364,-0.4338706
188.4,-652.7405,-0.9430991,-0.4338706
188.42,-604.6677,0.6592364,-0.114105515
188.44,-623.8968,0.6592364,0.20565958
188.45999,-705.62054,-1.1033326,-0.114105515
188.48,-657.5478,-0.14193134,-0.114105515
188.5,-585.43854,1.6206378,-0.4338706
188.51999,-623.8968,1.3001705,0.20565958
188.54,-681.58417,-1.1033326,-0.114105515
188.56,-623.8968,0.33876932,-0.2739881
188.58,-652.7405,0.17853576,0.045777034
188.59999,-590.24585,1.4604042,-0.114105515
188.62,-633.51135,0.33876932,0.20565958
188.64,-667.16235,-0.9430991,-0.114105515
188.65999,-647.93317,1.139937,0.045777034
188.68,-667.16235,-0.46239844,-0.114105515
188.7,-657.5478,0.17853576,0.045777034
188.72,-662.35504,0.018302217,0.045777034
188.73999,-686.3914,-1.2635663,-0.4338706
188.76,-614.2822,1.139937,-0.114105515
188.78,-566.2094,3.0627398,-0.114105515
188.8,-633.51135,0.6592364,0.045777034
188.81999,-696.00604,-0.62263197,-0.114105515
188.84,-681.58417,-0.46239844,0.045777034
188.86,-633.51135,0.49900287,-0.2739881
188.87999,-623.8968,0.49900287,-0.2739881
188.9,-676.77686,-0.7828655,-0.2739881
188.92,-623.8968,0.9797035,0.36554214
188.94,-657.5478,0.33876932,0.045777034
188.95999,-657.5478,0.6592364,0.045777034
188.98,-662.35504,0.33876932,0.20565958
189.0,-623.8968,0.33876932,-0.59375316
189.01999,-657.5478,0.17853576,-0.114105515
189.04,-643.1259,0.81947,-0.114105515
189.06,-691.1987,-1.1033326,-0.4338706
189.08,-623.8968,0.49900287,-0.114105515
189.09999,-667.16235,0.33876932,-0.2739881
189.12,-633.51135,1.6206378,0.045777034
189.14,-662.35504,0.33876932,-0.114105515
189.15999,-710.42786,-0.30216488,0.045777034
189.18,-671.9696,0.018302217,0.36554214
189.2,-599.8604,2.4218054,-0.2739881
189.22,-657.5478,-0.46239844,0.20565958
189.23999,-633.51135,0.33876932,-0.2739881
189.26,-652.7405,0.33876932,-0.2739881
189.28,-638.31866,0.9797035,0.20565958
189.3,-667.16235,-0.14193134,-0.114105515
189.31999,-647.93317,0.6592364,0.045777034
189.34,-657.5478,-0.30216488,-0.2739881
189.36,-671.9696,0.33876932,-0.114105515
189.37999,-681.58417,0.49900287,0.20565958
189.4,-662.35504,1.139937,0.20565958
189.42,-691.1987,-1.1033326,0.045777034
189.44,-686.3914,0.17853576,0.20565958
189.45999,-647.93317,0.018302217,-0.114105515
189.48,-710.42786,-0.9430991,0.045777034
189.5,-753.69336,-2.2249672,-0.4338706
189.51999,-739.27155,-2.5454345,0.20565958
189.54,-652.7405,1.139937,0.20565958
189.56,-647.93317,0.17853576,0.20565958
189.58,-720.0424,-0.14193134,-0.114105515
189.59999,-681.58417,-0.46239844,-0.114105515
189.62,-715.2351,-0.46239844,0.20565958
189.64,-724.84973,-1.1033326,0.045777034
189.65999,-710.42786,-0.46239844,0.5254247
189.68,-705.62054,-0.14193134,-0.114105515
189.7,-676.77686,0.6592364,-0.114105515
189.72,-662.35504,0.33876932,0.045777034
189.73999,-715.2351,-1.1033326,0.045777034
189.76,-667.16235,-0.7828655,-0.114105515
189.78,-691.1987,-0.14193134,0.045777034
189.8,-681.58417,0.33876932,0.045777034
189.81999,-671.9696,0.17853576,0.045777034
189.84,-628.7041,0.49900287,-0.4338706
189.86,-676.77686,0.17853576,0.045777034
189.87999,-715.2351,-0.9430991,0.20565958
189.9,-705.62054,-0.30216488,0.20565958
189.92,-647.93317,0.6592364,-0.2739881
189.94,-647.93317,0.6592364,0.20565958
189.95999,-744.0788,-0.9430991,0.045777034
189.98,-696.00604,-0.14193134,-0.114105515
190.0,-820.9953,-2.7056682,0.20565958
190.01999,-691.1987,-0.14193134,-0.114105515
190.04,-633.51135,0.81947,0.045777034
190.06,-744.0788,-1.5840333,0.045777034
190.08,-676.77686,0.49900287,-0.114105515
190.09999,-700.8133,-0.62263197,0.045777034
190.12,-705.62054,-0.30216488,0.045777034
190.14,-671.9696,0.33876932,-0.2739881
190.15999,-498.90747,4.9855423,-0.2739881
190.18,-628.7041,0.81947,-0.2739881
190.2,-686.3914,0.49900287,0.045777034
190.22,-753.69336,-1.1033326,0.045777034
190.23999,-705.62054,-0.9430991,-0.114105515
190.26,-667.16235,1.6206378,-0.114105515
190.28,-710.42786,-0.46239844,-0.114105515
190.3,-710.42786,-1.4237996,-0.4338706
190.31999,-696.00604,-0.46239844,-0.59375316
190.34,-643.1259,-0.30216488,-0.4338706
190.36,-715.2351,-1.2635663,-0.2739881
190.37999,-657.5478,1.139937,-0.114105515
190.4,-643.1259,1.139937,-0.114105515
190.42,-676.77686,0.6592364,0.20565958
190.44,-662.35504,1.139937,-0.114105515
190.45999,-710.42786,-0.7828655,0.36554214
190.48,-720.0424,-1.1033326,-0.2739881
190.5,-912.3337,-3.3466022,0.20565958
190.51999,-652.7405,1.139937,-0.114105515
190.54,-696.00604,0.17853576,0.045777034
190.56,-724.84973,-0.9430991,-0.114105515
190.58,-700.8133,-0.46239844,-0.7536357
190.59999,-667.16235,0.81947,-0.2739881
190.62,-638.31866,1.139937,-0.4338706
190.64,-705.62054,-0.7828655,-0.2739881
190.65999,-691.1987,-0.7828655,-0.2739881
190.68,-662.35504,0.9797035,-0.59375316
190.7,-647.93317,1.6206378,0.045777034
190.72,-720.0424,-0.46239844,0.36554214
190.73999,-638.31866,1.6206378,-0.4338706
190.76,-691.1987,0.33876932,-0.2739881
190.78,-710.42786,-0.46239844,-0.2739881
190.8,-720.0424,-0.46239844,0.045777034
190.81999,-676.77686,0.33876932,-0.114105515
190.84,-667.16235,0.17853576,-0.114105515
190.86,-662.35504,0.33876932,-0.2739881
190.87999,-662.35504,0.6592364,-0.114105515
190.9,-652.7405,1.7808713,-0.4338706
190.92,-662.35504,0.81947,0.045777034
190.94,-705.62054,-0.62263197,-0.114105515
190.95999,-652.7405,1.7808713,-0.2739881
190.98,-715.2351,-0.62263197,-0.2739881
191.0,-941.1773,-4.468237,0.36554214
191.01999,-710.42786,0.33876932,-0.114105515
191.04,-715.2351,-0.46239844,-0.59375316
191.06,-671.9696,1.4604042,-0.114105515
191.08,-667.16235,0.81947,0.045777034
191.09999,-671.9696,0.6592364,0.045777034
191.12,-667.16235,0.81947,-0.114105515
191.14,-662.35504,1.7808713,-0.4338706
191.15999,-782.53705,-2.8659017,-0.114105515
191.18,-720.0424,-1.4237996,0.045777034
191.2,-729.657,-2.0647337,-0.114105515
191.22,-667.16235,0.81947,-0.2739881
191.23999,-604.6677,2.902506,-0.114105515
191.26,-623.8968,2.7422726,0.045777034
191.28,-710.42786,-0.14193134,-0.114105515
191.3,-691.1987,0.6592364,0.045777034
191.31999,-700.8133,0.17853576,-0.4338706
191.34,-662.35504,0.6592364,-0.114105515
191.36,-710.42786,0.17853576,-0.4338706
191.37999,-705.62054,-0.46239844,-0.2739881
191.4,-763.308,-1.4237996,-0.2739881
191.42,-744.0788,-1.4237996,-0.4338706
191.44,-696.00604,0.49900287,-0.114105515
191.45999,-739.27155,-1.5840333,-0.4338706
191.48,-686.3914,0.81947,0.36554214
191.5,-873.8754,-2.0647337,0.5254247
191.51999,-700.8133,-0.7828655,-0.4338706
191.54,-691.1987,0.33876932,-0.114105515
191.56,-681.58417,0.49900287,0.045777034
191.58,-571.0167,4.3446083,0.5254247
191.59999,-643.1259,2.902506,-0.2739881
191.62,-744.0788,-0.7828655,-0.114105515
191.64,-734.4643,-0.30216488,0.045777034
191.65999,-825.8026,-4.7887044,-0.2739881
191.68,-681.58417,0.9797035,-0.4338706
191.7,-710.42786,-0.62263197,-0.2739881
191.72,-652.7405,1.9411048,-0.59375316
191.73999,-667.16235,1.3001705,0.20565958
191.76,-696.00604,0.49900287,-0.114105515
191.78,-662.35504,1.4604042,0.045777034
191.8,-657.5478,2.261572,0.045777034
191.81999,-715.2351,0.33876932,0.045777034
191.84,-691.1987,0.49900287,-0.114105515
191.86,-623.8968,3.3832066,0.045777034
191.87999,-705.62054,0.018302217,-0.114105515
191.9,-700.8133,0.33876932,0.045777034
191.92,-696.00604,1.3001705,-0.114105515
191.94,-686.3914,0.9797035,0.36554214
191.95999,-715.2351,-0.30216488,-0.2739881
191.98,-763.308,-0.9430991,-0.4338706
192.0,-744.0788,0.018302217,-0.2739881
192.01999,-734.4643,-0.7828655,0.045777034
192.04,-700.8133,0.17853576,-0.2739881
192.06,-724.84973,0.33876932,-0.114105515
192.08,-628.7041,4.184375,0.045777034
192.09999,-720.0424,-0.14193134,-0.114105515
192.12,-676.77686,1.139937,-0.114105515
192.14,-671.9696,0.6592364,0.045777034
192.15999,-883.49,-5.589872,0.20565958
192.18,-753.69336,-0.46239844,0.045777034
192.2,-734.4643,0.17853576,-0.114105515
192.22,-700.8133,0.33876932,-0.2739881
192.23999,-691.1987,0.81947,0.5254247
192.26,-696.00604,0.33876932,-0.4338706
192.28,-753.69336,-1.1033326,-0.2739881
192.3,-744.0788,-0.46239844,-0.2739881
192.31999,-720.0424,0.6592364,-0.114105515
192.34,-710.42786,0.81947,-0.114105515
192.36,-758.5007,-0.7828655,-0.2739881
192.37999,-744.0788,-0.46239844,0.045777034
192.4,-724.84973,-0.46239844,-0.114105515
192.42,-604.6677,3.0627398,-0.114105515
192.44,-676.77686,0.81947,-0.2739881
192.45999,-734.4643,0.33876932,0.045777034
192.48,-696.00604,-0.14193134,0.045777034
192.5,-686.3914,1.7808713,-0.4338706
192.51999,-671.9696,1.7808713,-0.2739881
192.54,-671.9696,1.9411048,-0.114105515
192.56,-739.27155,0.17853576,-0.2739881
192.58,-686.3914,0.6592364,0.20565958
192.59999,-652.7405,2.1013381,-0.59375316
192.62,-739.27155,0.49900287,-0.2739881
192.64,-676.77686,1.139937,-0.114105515
192.65999,-941.1773,-5.429638,0.045777034
192.68,-715.2351,0.17853576,0.045777034
192.7,-729.657,-0.30216488,-0.2739881
192.72,-696.00604,1.139937,-0.2739881
192.73999,-705.62054,0.9797035,0.36554214
192.76,-758.5007,0.17853576,0.045777034
192.78,-758.5007,-0.14193134,0.20565958
192.8,-758.5007,-0.9430991,0.20565958
192.81999,-768.1152,-0.9430991,0.5254247
192.84,-720.0424,0.17853576,0.36554214
192.86,-744.0788,-0.7828655,0.045777034
192.87999,-748.8861,-0.62263197,0.045777034
192.9,-739.27155,0.018302217,-0.2739881
192.92,-671.9696,0.6592364,-0.114105515
192.94,-859.4536,-3.6670694,-0.2739881
192.95999,-734.4643,-0.46239844,-0.114105515
192.98,-748.8861,-0.14193134,0.045777034
193.0,-590.24585,1.9411048,-0.9135183
193.01999,-744.0788,0.6592364,0.20565958
193.04,-748.8861,-0.14193134,-0.4338706
193.06,-729.657,0.17853576,0.20565958
193.08,-739.27155,0.9797035,-0.114105515
193.09999,-724.84973,0.49900287,0.045777034
193.12,-744.0788,0.49900287,0.045777034
193.14,-734.4643,0.17853576,-0.114105515
193.15999,-984.44293,-6.5512733,0.20565958
193.18,-715.2351,1.6206378,0.045777034
193.2,-744.0788,-0.46239844,0.045777034
193.22,-724.84973,0.49900287,0.045777034
193.23999,-700.8133,1.7808713,0.20565958
193.26,-758.5007,0.49900287,0.045777034
193.28,-748.8861,-0.46239844,-0.4338706
193.3,-744.0788,0.33876932,-0.114105515
193.31999,-729.657,0.81947,0.045777034
193.34,-715.2351,1.3001705,0.20565958
193.36,-777.7298,-0.30216488,-0.114105515
193.37999,-768.1152,-0.7828655,-0.114105515
193.4,-710.42786,1.4604042,0.36554214
193.42,-724.84973,0.6592364,0.20565958
193.44,-724.84973,0.018302217,0.20565958
193.45999,-772.9225,-0.46239844,0.20565958
193.48,-758.5007,-0.30216488,0.045777034
193.5,-657.5478,-0.7828655,-1.0734009
193.51999,-825.8026,-1.2635663,0.20565958
193.54,-763.308,-0.46239844,-0.114105515
193.56,-768.1152,-0.46239844,0.20565958
193.58,-763.308,-0.46239844,0.36554214
193.59999,-753.69336,-0.14193134,0.20565958
193.62,-796.9589,-1.2635663,-0.114105515
193.64,-782.53705,-0.7828655,0.045777034
193.65999,-1013.2866,-7.192207,0.20565958
193.68,-772.9225,-0.9430991,0.20565958
193.7,-748.8861,0.33876932,-0.114105515
193.72,-739.27155,0.33876932,-0.4338706
193.73999,-720.0424,-0.14193134,0.68530726
193.76,-777.7298,-0.46239844,-0.2739881
193.78,-854.6463,-2.7056682,-0.114105515
193.8,-758.5007,-0.30216488,-0.114105515
193.81999,-720.0424,1.4604042,-0.2739881
193.84,-686.3914,1.7808713,-0.2739881
193.86,-734.4643,0.33876932,0.20565958
193.87999,-724.84973,0.6592364,-0.114105515
193.9,-734.4643,1.3001705,-0.114105515
193.92,-796.9589,-1.7442669,-0.4338706
193.94,-806.5735,-1.4237996,-0.2739881
193.95999,-748.8861,0.018302217,-0.4338706
193.98,-729.657,0.33876932,0.045777034
194.0,-744.0788,-4.14777,-0.7536357
194.01999,-777.7298,-0.46239844,-0.4338706
194.04,-744.0788,0.9797035,0.045777034
194.06,-763.308,-1.4237996,-0.114105515
194.08,-758.5007,0.6592364,-0.114105515
194.09999,-777.7298,-0.62263197,-0.4338706
194.12,-768.1152,0.33876932,-0.2739881
194.14,-763.308,-0.14193134,-0.114105515
194.15999,-965.2137,-4.468237,-0.59375316
194.18,-811.38074,-1.9045002,-0.4338706
194.2,-724.84973,2.4218054,-0.2739881
194.22,-772.9225,0.17853576,-0.114105515
194.23999,-729.657,0.81947,0.5254247
194.26,-734.4643,1.139937,0.045777034
194.28,-763.308,-0.14193134,-0.4338706
194.3,-772.9225,-0.14193134,-0.4338706
194.31999,-739.27155,0.9797035,-0.2739881
194.34,-662.35504,1.139937,-0.2739881
194.36,-782.53705,0.018302217,-0.2739881
194.37999,-777.7298,-0.14193134,-0.4338706
194.4,-744.0788,0.81947,-0.4338706
194.42,-840.2244,-2.2249672,-0.114105515
194.44,-744.0788,1.139937,-0.4338706
194.45999,-734.4643,1.4604042,0.045777034
194.48,-768.1152,0.33876932,-0.114105515
194.5,-902.71906,-6.8717403,-1.2332834
194.51999,-748.8861,0.81947,-0.2739881
194.54,-768.1152,0.17853576,-0.4338706
194.56,-801.7662,-0.46239844,-0.4338706
194.58,-729.657,0.9797035,-0.4338706
194.59999,-748.8861,0.6592364,-0.114105515
194.62,-753.69336,-0.14193134,-0.9135183
194.64,-820.9953,-1.4237996,-0.59375316
194.65999,-825.8026,-1.4237996,-0.59375316
194.68,-777.7298,-0.62263197,-0.2739881
194.7,-772.9225,-0.14193134,-0.2739881
194.72,-734.4643,0.9797035,-0.4338706
194.73999,-676.77686,1.6206378,-0.114105515
194.76,-768.1152,0.17853576,-0.59375316
194.78,-758.5007,0.49900287,-0.114105515
194.8,-724.84973,2.261572,-0.114105515
194.81999,-753.69336,0.49900287,-0.59375316
194.84,-720.0424,1.3001705,-0.4338706
194.86,-777.7298,0.6592364,-0.4338706
194.87999,-748.8861,1.4604042,-0.2739881
194.9,-753.69336,0.33876932,-0.4338706
194.92,-825.8026,-1.4237996,-0.4338706
194.94,-763.308,0.81947,-0.59375316
194.95999,-710.42786,1.4604042,0.045777034
194.98,-748.8861,1.139937,-0.2739881
195.0,-941.1773,-6.711507,-1.2332834
195.01999,-758.5007,0.17853576,-0.4338706
195.04,-724.84973,0.9797035,-0.59375316
195.06,-768.1152,-0.14193134,-0.2739881
195.08,-676.77686,2.902506,-0.2739881
195.09999,-772.9225,0.9797035,-0.59375316
195.12,-710.42786,1.4604042,-0.2739881
195.14,-772.9225,0.6592364,-0.59375316
195.15999,-787.34436,0.33876932,-0.4338706
195.18,-777.7298,0.49900287,-0.59375316
195.2,-816.18805,-0.62263197,-0.59375316
195.22,-782.53705,-0.14193134,-0.4338706
195.23999,-768.1152,0.33876932,0.045777034
195.26,-796.9589,-0.62263197,-0.2739881
195.28,-763.308,0.6592364,-0.4338706
195.3,-796.9589,-0.14193134,-0.59375316
195.31999,-796.9589,0.49900287,-0.2739881
195.34,-753.69336,-0.30216488,-0.4338706
195.36,-792.1517,-1.9045002,-0.4338706
195.37999,-782.53705,0.33876932,-0.2739881
195.4,-758.5007,1.139937,-0.4338706
195.42,-811.38074,-0.7828655,-0.59375316
195.44,-772.9225,0.81947,0.045777034
195.45999,-801.7662,-0.46239844,-0.2739881
195.48,-782.53705,0.17853576,-0.59375316
195.5,-902.71906,-3.9875362,-0.7536357
195.51999,-787.34436,0.17853576,-0.4338706
195.54,-768.1152,0.018302217,-0.59375316
195.56,-811.38074,-0.9430991,-0.2739881
195.58,-816.18805,-1.4237996,-0.2739881
195.59999,-777.7298,-0.30216488,-0.59375316
195.62,-758.5007,0.6592364,-0.59375316
195.64,-758.5007,1.3001705,-0.7536357
195.65999,-806.5735,0.17853576,-0.2739881
195.68,-811.38074,0.018302217,0.045777034
195.7,-811.38074,-0.46239844,-0.2739881
195.72,-758.5007,0.33876932,-0.7536357
195.73999,-748.8861,0.9797035,-0.4338706
195.76,-758.5007,0.49900287,-0.59375316
195.78,-768.1152,0.49900287,-0.114105515
195.8,-772.9225,1.6206378,-0.2739881
195.81999,-792.1517,0.17853576,-0.4338706
195.84,-753.69336,0.33876932,-0.4338706
195.86,-763.308,1.139937,0.045777034
195.87999,-777.7298,0.17853576,0.20565958
195.9,-796.9589,-0.14193134,-0.114105515
195.92,-864.2608,-0.9430991,-0.114105515
195.94,-835.4171,-0.9430991,-0.4338706
195.95999,-763.308,1.139937,-0.114105515
195.98,-811.38074,-0.30216488,-0.114105515
196.0,-859.4536,-3.1863687,-0.59375316
196.01999,-820.9953,-1.4237996,-0.114105515
196.04,-811.38074,0.018302217,-0.114105515
196.06,-878.6827,-2.385201,0.045777034
196.08,-816.18805,-0.62263197,-0.114105515
196.09999,-825.8026,-0.46239844,0.045777034
196.12,-792.1517,0.018302217,-0.114105515
196.14,-820.9953,0.018302217,0.045777034
196.15999,-811.38074,0.018302217,-0.114105515
196.18,-801.7662,0.018302217,-0.114105515
196.2,-854.6463,-1.9045002,-0.114105515
196.22,-840.2244,-1.4237996,-0.114105515
196.23999,-782.53705,-0.30216488,-0.114105515
196.26,-777.7298,0.6592364,-0.2739881
196.28,-801.7662,0.018302217,-0.4338706
196.3,-792.1517,0.33876932,0.045777034
196.31999,-777.7298,0.81947,-0.2739881
196.34,-787.34436,0.49900287,0.045777034
196.36,-820.9953,-0.46239844,0.5254247
196.37999,-787.34436,0.49900287,-0.2739881
196.4,-840.2244,-1.2635663,-0.114105515
196.42,-840.2244,-0.7828655,0.045777034
196.44,-820.9953,-0.62263197,0.045777034
196.45999,-811.38074,0.33876932,0.045777034
196.48,-782.53705,0.81947,-0.4338706
196.5,-816.18805,-0.9430991,-0.2739881
196.51999,-796.9589,-0.14193134,0.045777034
196.54,-792.1517,0.17853576,-0.2739881
196.56,-854.6463,-1.9045002,0.20565958
196.58,-792.1517,0.49900287,-0.2739881
196.59999,-845.03174,-1.5840333,0.36554214
196.62,-840.2244,-0.62263197,-0.4338706
196.64,-830.60986,-0.30216488,0.045777034
196.65999,-792.1517,0.81947,0.045777034
196.68,-820.9953,-0.62263197,-0.114105515
196.7,-835.4171,-0.9430991,0.36554214
196.72,-835.4171,-0.9430991,0.045777034
196.73999,-835.4171,-0.14193134,-0.2739881
196.76,-845.03174,-0.62263197,-0.114105515
196.78,-782.53705,1.7808713,0.045777034
196.8,-820.9953,-0.30216488,0.36554214
196.81999,-830.60986,0.018302217,0.20565958
196.84,-830.60986,0.17853576,0.20565958
196.86,-825.8026,-0.46239844,0.045777034
196.87999,-811.38074,0.33876932,-0.114105515
196.9,-893.10455,-2.385201,-0.114105515
196.92,-820.9953,0.6592364,0.045777034
196.94,-811.38074,0.33876932,0.045777034
196.95999,-873.8754,-0.9430991,0.36554214
196.98,-830.60986,-0.46239844,0.045777034
197.0,-811.38074,-0.7828655,-0.2739881
197.01999,-845.03174,-0.30216488,-0.2739881
197.04,-758.5007,2.261572,0.20565958
197.06,-720.0424,4.3446083,-0.114105515
197.08,-801.7662,0.81947,0.36554214
197.09999,-840.2244,0.49900287,0.045777034
197.12,-806.5735,0.17853576,-0.7536357
197.14,-811.38074,0.6592364,-0.114105515
197.15999,-792.1517,0.81947,-0.114105515
197.18,-811.38074,-0.62263197,0.045777034
197.2,-777.7298,1.6206378,0.20565958
197.22,-796.9589,1.7808713,-0.114105515
197.23999,-825.8026,0.9797035,0.20565958
197.26,-792.1517,1.4604042,-0.114105515
197.28,-777.7298,0.9797035,-0.2739881
197.3,-816.18805,0.6592364,0.045777034
197.31999,-811.38074,0.6592364,-0.114105515
197.34,-830.60986,0.9797035,-0.2739881
197.36,-830.60986,-1.1033326,-0.2739881
197.37999,-801.7662,1.7808713,0.045777034
197.4,-801.7662,0.9797035,-0.4338706
197.42,-811.38074,1.4604042,0.20565958
197.44,-859.4536,-0.30216488,0.045777034
197.45999,-787.34436,1.6206378,-0.2739881
197.48,-845.03174,-0.7828655,-0.114105515
197.5,-801.7662,0.6592364,-0.4338706
197.51999,-787.34436,1.9411048,-0.2739881
197.54,-787.34436,1.7808713,-0.114105515
197.56,-820.9953,0.17853576,-0.2739881
197.58,-796.9589,1.139937,0.045777034
197.59999,-830.60986,0.33876932,-0.114105515
197.62,-801.7662,1.139937,-0.2739881
197.64,-739.27155,3.0627398,-0.114105515
197.65999,-825.8026,0.6592364,-0.114105515
197.68,-811.38074,0.9797035,-0.2739881
197.7,-859.4536,-0.14193134,-0.2739881
197.72,-777.7298,1.9411048,-0.4338706
197.73999,-768.1152,1.9411048,-0.114105515
197.76,-792.1517,2.1013381,0.045777034
197.78,-724.84973,4.3446083,0.045777034
197.8,-864.2608,0.49900287,-0.114105515
197.81999,-845.03174,-0.30216488,-0.114105515
197.84,-854.6463,-0.9430991,-0.114105515
197.86,-820.9953,0.018302217,-0.4338706
197.87999,-816.18805,0.6592364,0.20565958
197.9,-825.8026,0.81947,-0.2739881
197.92,-816.18805,0.49900287,0.045777034
197.94,-820.9953,1.3001705,-0.114105515
197.95999,-864.2608,-0.9430991,-0.114105515
197.98,-768.1152,2.7422726,-0.2739881
198.0,-820.9953,-0.14193134,0.36554214
198.01999,-835.4171,0.49900287,0.045777034
198.04,-825.8026,0.33876932,-0.2739881
198.06,-840.2244,-0.46239844,-0.114105515
198.08,-820.9953,0.17853576,-0.114105515
198.09999,-787.34436,2.1013381,-0.114105515
198.12,-811.38074,1.9411048,0.045777034
198.14,-835.4171,1.4604042,-0.114105515
198.15999,-825.8026,0.9797035,-0.7536357
198.18,-849.839,-0.30216488,-0.2739881
198.2,-902.71906,-1.1033326,-0.4338706
198.22,-825.8026,0.81947,-0.114105515
198.23999,-835.4171,0.17853576,-0.114105515
198.26,-782.53705,2.902506,-0.114105515
198.28,-830.60986,-0.14193134,-0.114105515
198.3,-888.29724,-0.14193134,-0.2739881
198.31999,-883.49,-1.1033326,-0.114105515
198.34,-777.7298,2.1013381,-0.2739881
198.36,-811.38074,1.6206378,-0.4338706
198.37999,-840.2244,0.6592364,-0.4338706
198.4,-873.8754,-1.5840333,-0.2739881
198.42,-835.4171,0.33876932,-0.59375316
198.44,-825.8026,1.139937,0.045777034
198.45999,-835.4171,1.3001705,-0.114105515
198.48,-811.38074,1.7808713,0.045777034
198.5,-897.9118,-0.7828655,-0.114105515
198.51999,-883.49,-0.9430991,-0.2739881
198.54,-811.38074,1.3001705,-0.114105515
198.56,-811.38074,1.139937,-0.4338706
198.58,-772.9225,2.4218054,-0.114105515
198.59999,-840.2244,0.6592364,0.045777034
198.62,-840.2244,0.81947,-0.114105515
198.64,-835.4171,0.49900287,-0.2739881
198.65999,-849.839,0.33876932,-0.2739881
198.68,-796.9589,1.139937,-0.2739881
198.7,-912.3337,-0.9430991,-0.114105515
198.72,-869.0681,0.33876932,-0.2739881
198.73999,-859.4536,0.49900287,-0.114105515
198.76,-801.7662,0.33876932,-0.2739881
198.78,-796.9589,1.7808713,-0.2739881
198.8,-845.03174,0.17853576,-0.114105515
198.81999,-849.839,1.3001705,0.045777034
198.84,-878.6827,-1.5840333,-0.4338706
198.86,-830.60986,0.9797035,-0.2739881
198.87999,-878.6827,-0.30216488,-0.2739881
198.9,-854.6463,0.81947,0.36554214
198.92,-854.6463,-0.14193134,-0.4338706
198.94,-835.4171,0.81947,-0.114105515
198.95999,-835.4171,0.6592364,0.045777034
198.98,-835.4171,0.81947,-0.2739881
199.0,-864.2608,0.49900287,0.20565958
199.01999,-873.8754,0.018302217,-0.114105515
199.04,-777.7298,2.4218054,-0.2739881
199.06,-907.52637,-0.30216488,-0.114105515
199.08,-888.29724,0.018302217,-0.114105515
199.09999,-854.6463,-0.14193134,-0.4338706
199.12,-835.4171,0.33876932,0.045777034
199.14,-820.9953,0.9797035,0.045777034
199.15999,-835.4171,2.1013381,-0.4338706
199.18,-849.839,0.81947,-0.114105515
199.2,-893.10455,0.6592364,-0.2739881
199.22,-854.6463,0.81947,-0.59375316
199.23999,-873.8754,0.17853576,0.20565958
199.26,-830.60986,0.17853576,-0.114105515
199.28,-835.4171,0.81947,0.20565958
199.3,-825.8026,1.6206378,0.045777034
199.31999,-811.38074,2.1013381,-0.114105515
199.34,-845.03174,-0.30216488,-0.2739881
199.36,-878.6827,-0.46239844,0.045777034
199.37999,-845.03174,0.49900287,-0.114105515
199.4,-854.6463,-0.62263197,0.045777034
199.42,-854.6463,1.4604042,-0.114105515
199.44,-883.49,-0.62263197,0.20565958
199.45999,-864.2608,-0.14193134,-0.2739881
199.48,-921.94824,-1.4237996,0.045777034
199.5,-989.2501,-2.0647337,0.045777034
199.51999,-869.0681,-0.46239844,0.045777034
199.54,-926.7555,-0.62263197,0.68530726
199.56,-902.71906,-1.1033326,-0.114105515
199.58,-864.2608,-0.62263197,-0.114105515
199.59999,-873.8754,-0.9430991,0.045777034
199.62,-864.2608,0.17853576,0.045777034
199.64,-835.4171,0.9797035,0.045777034
199.65999,-888.29724,-0.30216488,0.20565958
199.68,-902.71906,-0.7828655,-0.114105515
199.7,-888.29724,-0.7828655,0.20565958
199.72,-917.1409,-1.5840333,-0.114105515
199.73999,-888.29724,-0.46239844,0.045777034
199.76,-864.2608,-0.30216488,-0.114105515
199.78,-796.9589,2.5820389,-0.114105515
199.8,-854.6463,1.139937,-0.4338706
199.81999,-869.0681,-0.46239844,0.20565958
199.84,-859.4536,0.018302217,-0.114105515
199.86,-854.6463,0.9797035,-0.114105515
199.87999,-878.6827,-0.14193134,0.20565958
199.9,-907.52637,-1.4237996,-0.114105515
199.92,-816.18805,2.1013381,0.045777034
199.94,-936.37006,-1.7442669,-0.114105515
199.95999,-859.4536,0.49900287,-0.114105515
199.98,-897.9118,-1.1033326,0.045777034
200.0,-1018.0938,-2.385201,0.045777034
200.01999,-869.0681,-0.30216488,-0.114105515
200.04,-878.6827,-0.30216488,-0.4338706
200.06,-893.10455,-0.30216488,0.045777034
200.08,-864.2608,0.9797035,0.045777034
200.09999,-873.8754,0.81947,0.045777034
200.12,-893.10455,-0.14193134,0.20565958
200.14,-921.94824,-2.7056682,-0.114105515
200.15999,-897.9118,0.018302217,-0.114105515
200.18,-897.9118,-0.7828655,-0.2739881
200.2,-859.4536,0.17853576,0.20565958
200.22,-854.6463,1.6206378,-0.114105515
200.23999,-820.9953,2.4218054,0.045777034
200.26,-902.71906,-0.7828655,-0.2739881
200.28,-854.6463,1.9411048,0.045777034
200.3,-902.71906,0.33876932,-0.114105515
200.31999,-907.52637,-1.1033326,-0.114105515
200.34,-931.56274,-1.4237996,0.045777034
200.36,-825.8026,2.1013381,-0.114105515
200.37999,-869.0681,0.81947,0.045777034
200.4,-864.2608,1.4604042,0.045777034
200.42,-936.37006,-0.30216488,-0.4338706
200.44,-893.10455,0.6592364,-0.2739881
200.45999,-902.71906,0.33876932,-0.59375316
200.48,-897.9118,0.018302217,0.045777034
200.5,-970.021,-1.5840333,-0.114105515
200.51999,-869.0681,-0.30216488,-0.114105515
200.54,-912.3337,-0.14193134,-0.114105515
200.56,-873.8754,0.49900287,0.045777034
200.58,-849.839,1.4604042,0.20565958
200.59999,-878.6827,1.139937,0.045777034
200.62,-936.37006,-0.30216488,0.045777034
200.64,-936.37006,-0.14193134,-0.114105515
200.65999,-941.1773,-1.7442669,-0.2739881
200.68,-897.9118,-0.30216488,0.045777034
200.7,-926.7555,-1.2635663,-0.2739881
200.72,-845.03174,1.9411048,0.045777034
200.73999,-864.2608,1.4604042,0.20565958
200.76,-897.9118,-0.9430991,-0.4338706
200.78,-796.9589,3.0627398,0.20565958
200.8,-902.71906,-0.14193134,-0.114105515
200.81999,-859.4536,2.1013381,-0.114105515
200.84,-912.3337,0.33876932,-0.114105515
200.86,-917.1409,-0.30216488,0.045777034
200.87999,-917.1409,-0.62263197,-0.2739881
200.9,-840.2244,1.9411048,-0.2739881
200.92,-888.29724,0.33876932,-0.114105515
200.94,-897.9118,0.17853576,0.36554214
200.95999,-897.9118,0.49900287,-0.114105515
200.98,-950.79193,-0.7828655,-0.114105515
201.0,-1032.5157,-2.5454345,-0.114105515
201.01999,-941.1773,-1.9045002,-0.4338706
201.04,-888.29724,1.4604042,-0.2739881
201.06,-897.9118,0.33876932,-0.2739881
201.08,-849.839,0.6592364,-0.7536357
201.09999,-840.2244,1.7808713,-0.114105515
201.12,-912.3337,0.018302217,-0.4338706
201.14,-864.2608,1.139937,0.36554214
201.15999,-921.94824,0.6592364,0.045777034
201.18,-936.37006,-0.30216488,-0.4338706
201.2,-873.8754,0.9797035,0.045777034
201.22,-893.10455,0.17853576,-0.2739881
201.23999,-878.6827,0.9797035,0.36554214
201.26,-945.9846,-0.9430991,-0.114105515
201.28,-845.03174,2.5820389,0.36554214
201.3,-926.7555,-0.62263197,-0.114105515
201.31999,-888.29724,1.139937,-0.4338706
201.34,-994.0574,-3.3466022,-0.2739881
201.36,-897.9118,0.33876932,-0.4338706
201.37999,-897.9118,-0.46239844,-0.4338706
201.4,-893.10455,-0.30216488,-0.114105515
201.42,-907.52637,0.6592364,0.20565958
201.44,-941.1773,-0.7828655,0.045777034
201.45999,-859.4536,0.9797035,-0.4338706
201.48,-840.2244,3.0627398,-0.114105515
201.5,-907.52637,1.9411048,-0.59375316
201.51999,-888.29724,0.33876932,-0.2739881
201.54,-912.3337,0.6592364,0.045777034
201.56,-869.0681,0.33876932,-0.4338706
201.58,-907.52637,0.17853576,-0.114105515
201.59999,-917.1409,-0.30216488,0.20565958
201.62,-893.10455,0.33876932,-0.114105515
201.64,-864.2608,1.4604042,0.045777034
201.65999,-945.9846,0.018302217,-0.2739881
201.68,-945.9846,-0.14193134,-0.2739881
201.7,-893.10455,0.33876932,-0.2739881
201.72,-926.7555,-0.30216488,-0.4338706
201.73999,-883.49,0.6592364,-0.114105515
201.76,-936.37006,1.139937,-0.114105515
201.78,-893.10455,0.018302217,-0.4338706
201.8,-926.7555,-0.46239844,0.045777034
201.81999,-931.56274,-0.62263197,-0.2739881
201.84,-921.94824,-0.62263197,-0.2739881
201.86,-931.56274,-0.14193134,-0.4338706
201.87999,-878.6827,1.7808713,0.045777034
201.9,-926.7555,0.17853576,-0.2739881
201.92,-941.1773,-0.14193134,0.045777034
201.94,-902.71906,0.17853576,-0.114105515
201.95999,-921.94824,0.17853576,0.045777034
201.98,-893.10455,1.3001705,-0.114105515
202.0,-873.8754,4.6650753,-0.4338706
202.01999,-936.37006,-0.46239844,-0.2739881
202.04,-926.7555,0.49900287,0.20565958
202.06,-902.71906,-0.14193134,-0.4338706
202.08,-936.37006,-0.46239844,0.045777034
202.09999,-883.49,1.139937,-0.59375316
202.12,-931.56274,0.6592364,-0.2739881
202.14,-897.9118,0.49900287,-0.59375316
202.15999,-897.9118,0.6592364,-0.4338706
202.18,-926.7555,0.6592364,-0.2739881
202.2,-941.1773,-0.7828655,-0.114105515
202.22,-936.37006,-0.46239844,-0.2739881
202.23999,-931.56274,-0.30216488,-0.114105515
202.26,-907.52637,0.49900287,0.045777034
202.28,-926.7555,-0.62263197,-0.114105515
202.3,-897.9118,0.33876932,-0.2739881
202.31999,-912.3337,0.9797035,0.045777034
202.34,-926.7555,-0.14193134,-0.114105515
202.36,-974.8283,-0.30216488,-0.114105515
202.37999,-921.94824,0.81947,-0.2739881
202.4,-897.9118,0.6592364,0.045777034
202.42,-936.37006,0.33876932,-0.114105515
202.44,-926.7555,0.17853576,-0.2739881
202.45999,-945.9846,-0.46239844,-0.4338706
202.48,-917.1409,0.17853576,-0.114105515
202.5,-796.9589,6.7481112,-0.2739881
202.51999,-926.7555,0.33876932,-0.4338706
202.54,-897.9118,0.9797035,-0.114105515
202.56,-974.8283,-0.14193134,-0.4338706
202.58,-931.56274,-0.46239844,-0.59375316
202.59999,-902.71906,0.81947,-0.2739881
202.62,-945.9846,-1.1033326,-0.4338706
202.64,-902.71906,0.17853576,-0.114105515
202.65999,-931.56274,0.6592364,-0.114105515
202.68,-917.1409,0.49900287,-0.4338706
202.7,-965.2137,-0.9430991,-0.2739881
202.72,-893.10455,1.4604042,-0.114105515
202.73999,-941.1773,-0.14193134,0.20565958
202.76,-941.1773,0.018302217,0.36554214
202.78,-931.56274,0.018302217,-0.4338706
202.8,-931.56274,-0.14193134,-0.114105515
202.81999,-955.5992,-1.2635663,0.045777034
202.84,-883.49,-0.9430991,0.20565958
202.86,-974.8283,-1.2635663,0.36554214
202.87999,-955.5992,-0.9430991,-0.114105515
202.9,-941.1773,-0.30216488,0.045777034
202.92,-830.60986,1.4604042,-0.114105515
202.94,-936.37006,0.018302217,0.045777034
202.95999,-878.6827,0.9797035,-0.114105515
202.98,-888.29724,1.4604042,-0.114105515
203.0,-1066.1666,-3.5068357,0.20565958
203.01999,-936.37006,-0.7828655,0.045777034
203.04,-902.71906,1.6206378,0.045777034
203.06,-931.56274,-0.14193134,0.20565958
203.08,-979.6356,-1.7442669,0.045777034
203.09999,-1022.90106,-2.385201,-0.114105515
203.12,-941.1773,-0.7828655,-0.114105515
203.14,-955.5992,-0.14193134,-0.114105515
203.15999,-835.4171,3.0627398,0.20565958
203.18,-912.3337,0.9797035,0.045777034
203.2,-955.5992,-0.14193134,-0.2739881
203.22,-931.56274,0.17853576,-0.2739881
203.23999,-936.37006,-0.9430991,0.045777034
203.26,-1003.672,-1.4237996,0.045777034
203.28,-936.37006,-0.30216488,-0.2739881
203.3,-1022.90106,-1.9045002,-0.114105515
203.31999,-907.52637,0.81947,0.20565958
203.34,-926.7555,0.018302217,0.045777034
203.36,-936.37006,0.17853576,-0.2739881
203.37999,-912.3337,0.49900287,-0.59375316
203.4,-931.56274,0.33876932,0.045777034
203.42,-941.1773,-0.30216488,-0.114105515
203.44,-902.71906,1.139937,-0.4338706
203.45999,-931.56274,0.17853576,-0.114105515
203.48,-897.9118,1.7808713,0.36554214
203.5,-912.3337,-2.385201,-0.2739881
203.51999,-989.2501,-0.62263197,0.045777034
203.54,-950.79193,0.018302217,-0.114105515
203.56,-945.9846,-0.46239844,-0.4338706
203.58,-1042.1301,-3.1863687,-0.4338706
203.59999,-926.7555,-0.14193134,0.20565958
203.62,-965.2137,0.49900287,-0.2739881
203.64,-970.021,-0.9430991,-0.114105515
203.65999,-883.49,0.9797035,-0.114105515
203.68,-912.3337,0.9797035,-0.2739881
203.7,-955.5992,0.17853576,0.5254247
203.72,-974.8283,0.018302217,-0.4338706
203.73999,-955.5992,-0.46239844,-0.114105515
203.76,-1027.7084,-1.4237996,-0.114105515
203.78,-955.5992,0.17853576,-0.4338706
203.8,-912.3337,1.6206378,-0.114105515
203.81999,-974.8283,-0.46239844,-0.59375316
203.84,-921.94824,0.49900287,-0.2739881
203.86,-945.9846,0.81947,0.045777034
203.87999,-926.7555,0.018302217,-0.4338706
203.9,-989.2501,-0.46239844,0.045777034
203.92,-941.1773,-0.46239844,-0.4338706
203.94,-960.4065,0.33876932,0.045777034
203.95999,-936.37006,1.3001705,-0.2739881
203.98,-912.3337,1.6206378,-0.114105515
204.0,-1119.0468,-4.3080034,-0.4338706
204.01999,-945.9846,-0.62263197,-0.4338706
204.04,-931.56274,-0.46239844,-0.9135183
204.06,-970.021,-0.30216488,-0.2739881
204.08,-1104.6249,-4.948938,0.045777034
204.09999,-965.2137,-1.7442669,-0.114105515
204.12,-960.4065,0.33876932,-0.114105515
204.14,-950.79193,-0.62263197,-0.114105515
204.15999,-921.94824,0.49900287,-0.114105515
204.18,-926.7555,0.17853576,-0.4338706
204.2,-955.5992,0.018302217,-0.114105515
204.22,-941.1773,0.17853576,-0.114105515
204.23999,-970.021,-0.46239844,0.045777034
204.26,-955.5992,0.49900287,-0.2739881
204.28,-945.9846,1.3001705,0.045777034
204.3,-960.4065,0.17853576,-0.4338706
204.31999,-941.1773,0.6592364,0.20565958
204.34,-878.6827,1.7808713,-0.59375316
204.36,-974.8283,0.17853576,-0.2739881
204.37999,-979.6356,-1.1033326,-0.2739881
204.4,-950.79193,0.49900287,-0.2739881
204.42,-941.1773,0.33876932,-0.114105515
204.44,-960.4065,0.6592364,-0.2739881
204.45999,-945.9846,0.49900287,-0.59375316
204.48,-979.6356,-0.7828655,-0.4338706
204.5,-1037.323,-1.5840333,-1.0734009
204.51999,-965.2137,0.018302217,0.045777034
204.54,-1027.7084,-2.0647337,-0.2739881
204.56,-931.56274,0.81947,-0.4338706
204.58,-1075.7811,-4.468237,0.20565958
204.59999,-945.9846,-0.46239844,-0.4338706
204.62,-960.4065,0.018302217,0.20565958
204.64,-1003.672,-0.9430991,-0.114105515
204.65999,-945.9846,0.81947,-0.59375316
204.68,-979.6356,-0.14193134,-0.4338706
204.7,-955.5992,0.33876932,-0.2739881
204.72,-912.3337,0.9797035,-0.114105515
204.73999,-864.2608,3.0627398,-0.2739881
204.76,-994.0574,-0.62263197,0.045777034
204.78,-945.9846,0.9797035,-0.4338706
204.79999,-936.37006,0.49900287,-0.59375316
204.81999,-960.4065,0.49900287,-0.2739881
204.84,-989.2501,-1.4237996,-0.2739881
204.86,-970.021,-0.46239844,-0.2739881
204.87999,-945.9846,-0.30216488,-0.2739881
204.9,-984.44293,-0.62263197,0.045777034
204.92,-974.8283,-0.46239844,-0.7536357
204.94,-926.7555,0.81947,-0.2739881
204.95999,-984.44293,-0.46239844,-0.2739881
204.98,-945.9846,0.33876932,0.045777034
205.0,-984.44293,1.139937,-0.59375316
205.01999,-984.44293,0.018302217,-0.4338706
205.04,-974.8283,0.17853576,-0.59375316
205.06,-974.8283,0.17853576,0.045777034
205.08,-1085.3958,-4.468237,-0.114105515
205.09999,-921.94824,2.1013381,-0.2739881
205.12,-998.8647,-0.7828655,-0.4338706
205.14,-950.79193,0.49900287,-0.59375316
205.15999,-984.44293,-0.14193134,-0.59375316
205.18,-1056.5521,-2.5454345,-0.2739881
205.2,-926.7555,1.139937,-0.114105515
205.22,-1003.672,-0.46239844,-0.114105515
205.23999,-936.37006,1.4604042,-0.2739881
205.26,-1027.7084,-0.46239844,-0.114105515
205.28,-979.6356,0.17853576,-0.2739881
205.29999,-989.2501,-0.46239844,-0.114105515
205.31999,-1003.672,-1.1033326,-0.114105515
205.34,-979.6356,-0.9430991,-0.4338706
205.36,-970.021,0.6592364,-0.4338706
205.37999,-936.37006,1.139937,-0.4338706
205.4,-1008.4793,-1.1033326,-0.2739881
205.42,-974.8283,-0.7828655,-0.4338706
205.44,-945.9846,0.81947,-0.114105515
205.45999,-950.79193,0.81947,-0.4338706
205.48,-950.79193,1.6206378,-0.4338706
205.5,-965.2137,1.139937,-0.2739881
205.51999,-998.8647,-0.14193134,-0.2739881
205.54,-989.2501,-0.30216488,-0.4338706
205.56,-974.8283,0.018302217,-0.2739881
205.58,-1046.9375,-2.5454345,-0.114105515
205.59999,-950.79193,-0.14193134,0.045777034
205.62,-1018.0938,-1.2635663,-0.2739881
205.64,-979.6356,0.6592364,-0.114105515
205.65999,-979.6356,0.49900287,-0.59375316
205.68,-945.9846,1.3001705,-0.2739881
205.7,-998.8647,-0.7828655,-0.7536357
205.72,-1003.672,-0.46239844,-0.2739881
205.73999,-979.6356,0.49900287,-0.4338706
205.76,-945.9846,1.4604042,-0.2739881
205.78,-970.021,0.17853576,-0.114105515
205.79999,-1022.90106,-1.2635663,-0.2739881
205.81999,-1022.90106,-0.9430991,0.045777034
205.84,-921.94824,1.3001705,-0.2739881
205.86,-970.021,0.33876932,0.20565958
205.87999,-1013.2866,0.17853576,0.045777034
205.9,-994.0574,-0.62263197,0.045777034
205.92,-1003.672,-0.7828655,0.045777034
205.94,-950.79193,1.4604042,0.045777034
205.95999,-1027.7084,-0.9430991,0.045777034
205.98,-960.4065,1.139937,-0.114105515
206.0,-1027.7084,-0.14193134,-0.114105515
206.01999,-970.021,0.81947,0.045777034
206.04,-989.2501,0.17853576,-0.114105515
206.06,-998.8647,-0.46239844,0.045777034
206.08,-994.0574,-0.46239844,0.045777034
206.09999,-970.021,0.018302217,0.20565958
206.12,-974.8283,0.33876932,-0.114105515
206.14,-974.8283,-0.14193134,0.045777034
206.15999,-989.2501,-0.46239844,-0.2739881
206.18,-979.6356,0.33876932,0.5254247
206.2,-998.8647,-0.30216488,0.045777034
206.22,-1013.2866,-0.9430991,0.36554214
206.23999,-917.1409,1.6206378,0.20565958
206.26,-984.44293,0.17853576,0.045777034
206.28,-1003.672,-0.14193134,0.045777034
206.29999,-989.2501,0.17853576,0.045777034
206.31999,-965.2137,0.9797035,-0.2739881
206.34,-955.5992,0.17853576,-0.2739881
206.36,-1008.4793,-0.46239844,0.20565958
206.37999,-974.8283,0.17853576,0.20565958
206.4,-1032.5157,-0.46239844,0.36554214
206.42,-1003.672,-0.9430991,-0.4338706
206.44,-1032.5157,-0.46239844,0.20565958
206.45999,-1085.3958,-2.7056682,0.20565958
206.48,-989.2501,0.81947,-0.2739881
206.5,-998.8647,-0.7828655,-0.114105515
206.51999,-989.2501,0.49900287,0.045777034
206.54,-970.021,0.33876932,0.045777034
206.56,-970.021,0.49900287,0.045777034
206.58,-1032.5157,-0.62263197,0.5254247
206.59999,-1008.4793,-0.14193134,-0.114105515
206.62,-965.2137,0.49900287,0.045777034
206.64,-994.0574,-0.30216488,0.36554214
206.65999,-1013.2866,-0.46239844,-0.2739881
206.68,-970.021,1.9411048,-0.2739881
206.7,-1003.672,-0.14193134,-0.114105515
206.72,-960.4065,0.9797035,0.20565958
206.73999,-955.5992,0.9797035,0.20565958
206.76,-955.5992,1.4604042,0.045777034
206.78,-1003.672,-0.30216488,-0.114105515
206.79999,-998.8647,0.6592364,0.36554214
206.81999,-998.8647,-0.30216488,0.20565958
206.84,-1008.4793,-0.62263197,-0.2739881
206.86,-1018.0938,0.018302217,0.36554214
206.87999,-955.5992,1.4604042,-0.114105515
206.9,-984.44293,0.49900287,0.20565958
206.92,-974.8283,0.6592364,0.20565958
206.94,-965.2137,1.4604042,0.045777034
206.95999,-1008.4793,0.17853576,-0.114105515
206.98,-1003.672,-0.46239844,-0.4338706
207.0,-989.2501,0.9797035,-0.2739881
207.01999,-984.44293,1.139937,-0.114105515
207.04,-994.0574,0.81947,-0.4338706
207.06,-998.8647,0.018302217,-0.59375316
207.08,-989.2501,0.33876932,-0.59375316
207.09999,-1075.7811,-2.0647337,-0.2739881
207.12,-984.44293,1.6206378,-0.4338706
207.14,-1022.90106,-0.46239844,-0.59375316
207.15999,-1037.323,-0.9430991,-0.4338706
207.18,-979.6356,0.33876932,-0.114105515
207.2,-989.2501,0.6592364,-0.9135183
207.22,-1022.90106,-0.46239844,-0.2739881
207.23999,-1008.4793,-0.30216488,-0.2739881
207.26,-1013.2866,-0.30216488,0.045777034
207.28,-1027.7084,-0.30216488,-0.114105515
207.29999,-1022.90106,0.17853576,-0.114105515
207.31999,-1032.5157,-1.1033326,-0.59375316
207.34,-1008.4793,0.17853576,-0.4338706
207.36,-1056.5521,-0.7828655,-0.59375316
207.37999,-1032.5157,0.17853576,-0.4338706
207.4,-979.6356,1.4604042,-0.114105515
207.42,-1013.2866,-0.14193134,-0.4338706
207.44,-1032.5157,-0.46239844,-0.2739881
207.45999,-1037.323,-0.30216488,-0.114105515
207.48,-994.0574,0.6592364,-0.4338706
207.5,-1032.5157,-0.9430991,-0.2739881
207.51999,-1003.672,0.17853576,-0.2739881
207.54,-998.8647,0.49900287,-0.4338706
207.56,-1008.4793,0.81947,-0.114105515
207.58,-1051.7448,-0.62263197,0.045777034
207.59999,-1022.90106,0.49900287,-0.2739881
207.62,-1032.5157,-0.62263197,-0.4338706
207.64,-1061.3594,-0.62263197,-0.114105515
207.65999,-1051.7448,-0.14193134,-0.2739881
207.68,-984.44293,0.49900287,0.045777034
207.7,-994.0574,0.81947,0.20565958
207.72,-1022.90106,-0.46239844,-0.4338706
207.73999,-1032.5157,-1.1033326,0.045777034
207.76,-1013.2866,0.17853576,-0.114105515
207.78,-1008.4793,0.81947,-0.59375316
207.79999,-1022.90106,-0.62263197,-0.2739881
207.81999,-1013.2866,0.49900287,-0.4338706
207.84,-1075.7811,-0.9430991,0.045777034
207.86,-1037.323,-1.5840333,-0.4338706
207.87999,-1018.0938,0.018302217,-0.4338706
207.9,-1027.7084,0.17853576,-0.2739881
207.92,-1027.7084,0.018302217,0.045777034
207.94,-1013.2866,0.81947,0.045777034
207.95999,-1051.7448,-0.46239844,-0.2739881
207.98,-1061.3594,-1.7442669,-0.59375316
208.0,-1018.0938,-0.9430991,-0.114105515
208.01999,-1037.323,-0.7828655,-0.114105515
208.04,-1032.5157,-0.30216488,0.045777034
208.06,-1013.2866,0.81947,-0.114105515
208.08,-1022.90106,0.33876932,-0.114105515
208.09999,-1051.7448,-0.9430991,-0.114105515
208.12,-1003.672,-0.14193134,-0.59375316
208.14,-1013.2866,0.17853576,-0.2739881
208.15999,-1099.8176,-1.7442669,-0.2739881
208.18,-1042.1301,-0.46239844,0.045777034
208.2,-1027.7084,-0.14193134,-0.4338706
208.22,-1046.9375,-1.5840333,0.045777034
208.23999,-1051.7448,-1.5840333,-0.2739881
208.26,-1095.0103,-1.9045002,-0.114105515
208.28,-1032.5157,-0.46239844,-0.4338706
208.29999,-1061.3594,-0.46239844,-0.114105515
208.31999,-1022.90106,0.49900287,-0.59375316
208.34,-1051.7448,-0.46239844,-0.114105515
208.36,-1056.5521,-0.62263197,-0.2739881
208.37999,-1051.7448,-1.1033326,-0.2739881
208.4,-1032.5157,0.49900287,-0.114105515
208.42,-1022.90106,-0.14193134,-0.2739881
208.44,-1013.2866,-0.30216488,0.045777034
208.45999,-1070.9739,-1.4237996,-0.2739881
208.48,-1013.2866,0.81947,0.045777034
208.5,-1032.5157,0.49900287,-0.4338706
208.51999,-1027.7084,0.81947,-0.4338706
208.54,-1037.323,0.17853576,-0.4338706
208.56,-1027.7084,-0.14193134,-0.2739881
208.58,-1013.2866,0.9797035,-0.2739881
208.59999,-1046.9375,-0.62263197,-0.4338706
208.62,-1085.3958,-1.5840333,-0.59375316
208.64,-1027.7084,0.17853576,-0.4338706
208.65999,-1027.7084,-0.46239844,-0.4338706
208.68,-1085.3958,-0.9430991,-0.2739881
208.7,-1056.5521,-0.30216488,0.045777034
208.72,-1070.9739,-0.9430991,-0.4338706
208.73999,-1095.0103,-1.7442669,-0.2739881
208.76,-1018.0938,-0.14193134,-0.114105515
208.78,-1080.5885,-1.9045002,-0.4338706
208.79999,-1032.5157,-0.30216488,-0.2739881
208.81999,-1027.7084,0.33876932,-0.4338706
208.84,-984.44293,1.9411048,-0.114105515
208.86,-1056.5521,-0.62263197,-0.2739881
208.87999,-1046.9375,-0.30216488,-0.114105515
208.9,-1037.323,-0.46239844,-0.59375316
208.92,-1070.9739,-0.7828655,-0.2739881
208.94,-1056.5521,-0.7828655,-0.2739881
208.95999,-994.0574,1.9411048,-0.2739881
208.98,-1042.1301,0.17853576,-0.114105515
209.0,-1042.1301,-0.14193134,-0.4338706
209.01999,-1037.323,0.81947,-0.2739881
209.04,-1046.9375,0.17853576,-0.114105515
209.06,-1080.5885,-1.2635663,-0.4338706
209.08,-984.44293,2.4218054,0.20565958
209.09999,-1042.1301,-0.14193134,-0.4338706
209.12,-1051.7448,-0.7828655,-0.2739881
209.14,-1075.7811,-0.7828655,-0.114105515
209.15999,-1042.1301,0.17853576,-0.59375316
209.18,-1018.0938,1.7808713,-0.114105515
209.2,-1066.1666,-1.1033326,-0.2739881
209.22,-1066.1666,0.018302217,0.045777034
209.23999,-1109.4321,-1.7442669,0.20565958
209.26,-1123.854,-2.8659017,-0.2739881
209.28,-1099.8176,-2.0647337,-0.4338706
209.29999,-1080.5885,-0.9430991,-0.114105515
209.31999,-1099.8176,-0.9430991,-0.114105515
209.34,-1027.7084,1.139937,0.20565958
209.36,-1046.9375,0.49900287,-0.114105515
209.37999,-1051.7448,-0.14193134,0.20565958
209.4,-1046.9375,0.49900287,0.045777034
209.42,-1205.5778,-3.3466022,0.20565958
209.44,-1061.3594,-0.9430991,0.045777034
209.45999,-1042.1301,0.018302217,-0.114105515
209.48,-1008.4793,1.4604042,-0.2739881
209.5,-1042.1301,0.33876932,-0.114105515
209.51999,-1018.0938,0.49900287,-0.2739881
209.54,-1027.7084,0.6592364,-0.114105515
209.56,-1046.9375,0.49900287,0.045777034
209.58,-907.52637,4.024141,0.5254247
209.59999,-1070.9739,-0.30216488,0.20565958
209.62,-1046.9375,0.17853576,0.20565958
209.64,-1046.9375,0.49900287,-0.4338706
209.65999,-1027.7084,-0.46239844,-0.2739881
209.68,-1066.1666,-0.30216488,0.20565958
209.7,-1066.1666,-0.30216488,0.045777034
209.72,-1051.7448,-0.14193134,0.045777034
209.73999,-1157.505,-1.9045002,0.045777034
209.76,-1027.7084,0.81947,0.045777034
209.78,-1061.3594,-0.14193134,-0.114105515
209.79999,-1018.0938,0.17853576,-0.114105515
209.81999,-1080.5885,-1.2635663,-0.4338706
209.84,-1099.8176,-0.7828655,0.20565958
209.86,-1022.90106,0.49900287,-0.114105515
209.87999,-1099.8176,-1.5840333,0.045777034
209.9,-1061.3594,-0.14193134,0.045777034
209.92,-1075.7811,0.33876932,0.20565958
209.94,-1066.1666,-0.7828655,0.20565958
209.95999,-1061.3594,-0.14193134,0.5254247
209.98,-1066.1666,0.17853576,-0.4338706
210.0,-965.2137,2.5820389,-0.2739881
210.01999,-1042.1301,0.17853576,-0.2739881
210.04,-1080.5885,-0.62263197,0.20565958
210.06,-1027.7084,1.6206378,-0.114105515
210.08,-970.021,3.2229733,0.045777034
210.09999,-1114.2395,-0.46239844,0.045777034
210.12,-1085.3958,-0.9430991,-0.114105515
210.14,-1066.1666,-0.14193134,0.045777034
210.15999,-1186.3486,-4.6284704,-0.2739881
210.18,-1070.9739,-0.14193134,-0.114105515
210.2,-1032.5157,0.49900287,-0.4338706
210.22,-1051.7448,0.33876932,-0.2739881
210.23999,-1080.5885,0.6592364,-0.114105515
210.26,-1143.0831,-2.2249672,-0.59375316
210.28,-1066.1666,0.018302217,-0.114105515
210.29999,-1070.9739,-0.30216488,-0.114105515
210.31999,-1018.0938,2.1013381,-0.114105515
210.34,-1070.9739,-0.62263197,-0.4338706
210.36,-1104.6249,-0.7828655,-0.4338706
210.37999,-1123.854,-1.4237996,-0.4338706
210.4,-1080.5885,0.018302217,0.20565958
210.42,-1056.5521,0.9797035,-0.4338706
210.44,-1066.1666,0.17853576,-0.59375316
210.45999,-1022.90106,0.81947,-0.59375316
210.48,-1080.5885,-0.14193134,0.20565958
210.5,-1008.4793,0.6592364,-0.4338706
210.51999,-1056.5521,0.6592364,-0.4338706
210.54,-1090.2031,-0.46239844,-0.114105515
210.56,-1042.1301,0.6592364,-0.4338706
210.58,-965.2137,2.5820389,-0.2739881
210.59999,-1070.9739,0.018302217,0.045777034
210.62,-1070.9739,-0.30216488,-0.2739881
210.64,-1099.8176,-0.9430991,-0.4338706
210.65999,-1325.7598,-5.2694044,0.045777034
210.68,-1090.2031,-0.9430991,-0.114105515
210.7,-1056.5521,0.17853576,-0.114105515
210.72,-1042.1301,0.49900287,0.045777034
210.73999,-1119.0468,-0.30216488,-0.2739881
210.76,-1070.9739,0.17853576,-0.2739881
210.78,-1109.4321,-0.7828655,-0.114105515
210.79999,-1080.5885,0.17853576,-0.114105515
210.81999,-1061.3594,0.6592364,-0.2739881
210.84,-1080.5885,0.33876932,-0.114105515
210.86,-1080.5885,0.33876932,0.36554214
210.87999,-1061.3594,0.9797035,-0.4338706
210.9,-1080.5885,-0.14193134,-0.114105515
210.92,-1061.3594,0.33876932,-0.2739881
210.94,-1104.6249,-0.9430991,-0.2739881
210.95999,-1070.9739,0.6592364,-0.114105515
210.98,-1090.2031,-0.9430991,0.20565958
211.0,-1061.3594,-1.2635663,-0.4338706
211.01999,-1095.0103,-0.62263197,0.20565958
211.04,-1109.4321,-2.2249672,-0.2739881
211.06,-1070.9739,0.018302217,-0.2739881
211.08,-950.79193,3.8639073,-0.59375316
211.09999,-1095.0103,-0.30216488,-0.4338706
211.12,-1085.3958,0.49900287,-0.2739881
211.14,-1104.6249,-1.4237996,0.045777034
211.15999,-1157.505,0.9797035,0.36554214
211.18,-1075.7811,0.6592364,-0.114105515
211.2,-1042.1301,1.7808713,-0.2739881
211.22,-1080.5885,0.17853576,-0.2739881
211.23999,-1138.2759,-0.7828655,-0.114105515
211.26,-1128.6613,-1.4237996,-0.114105515
211.28,-1099.8176,-0.62263197,-0.114105515
211.29999,-1070.9739,0.17853576,-0.2739881
211.31999,-1066.1666,0.018302217,-0.4338706
211.34,-1147.8904,-2.0647337,-0.114105515
211.36,-1090.2031,-0.14193134,-0.4338706
211.37999,-1061.3594,0.33876932,0.045777034
211.4,-1090.2031,0.018302217,-0.59375316
211.42,-1080.5885,0.33876932,-0.114105515
211.44,-1080.5885,-0.14193134,-0.2739881
211.45999,-1070.9739,0.6592364,-0.2739881
211.48,-1070.9739,0.49900287,-0.114105515
211.5,-1147.8904,-2.385201,-0.114105515
211.51999,-1070.9739,0.49900287,-0.2739881
211.54,-1075.7811,0.17853576,0.045777034
211.56,-1080.5885,0.33876932,-0.2739881
211.58,-1061.3594,0.6592364,-0.2739881
211.59999,-1061.3594,0.49900287,-0.2739881
211.62,-1080.5885,-0.46239844,-0.114105515
211.64,-1027.7084,2.1013381,-0.2739881
211.65999,-936.37006,6.4276443,0.20565958
211.68,-1061.3594,-0.30216488,-0.2739881
211.7,-1080.5885,0.81947,-0.114105515
211.72,-1123.854,-1.4237996,-0.59375316
211.73999,-1090.2031,1.7808713,-0.4338706
211.76,-1085.3958,-0.14193134,-0.114105515
211.78,-1042.1301,1.7808713,-0.114105515
211.79999,-1032.5157,1.9411048,-0.114105515
211.81999,-1099.8176,-0.7828655,-0.114105515
211.84,-1085.3958,0.49900287,-0.114105515
211.86,-1109.4321,-0.30216488,-0.114105515
211.87999,-1138.2759,-0.9430991,-0.114105515
211.9,-1090.2031,0.33876932,-0.114105515
211.92,-1090.2031,0.018302217,0.20565958
211.94,-1104.6249,0.17853576,-0.114105515
211.95999,-1090.2031,0.17853576,-0.2739881
211.98,-1114.2395,-1.2635663,-0.114105515
212.0,-1119.0468,-0.7828655,-0.114105515
212.01999,-1051.7448,0.81947,-0.2739881
212.04,-1119.0468,-0.62263197,-0.2739881
212.06,-1114.2395,-0.46239844,0.045777034
212.08,-1191.156,-3.9875362,-0.7536357
212.09999,-1027.7084,1.6206378,-0.2739881
212.12,-1114.2395,-0.7828655,-0.4338706
212.14,-1070.9739,0.49900287,-0.2739881
212.15999,-796.9589,8.510681,0.045777034
212.18,-1095.0103,-0.14193134,-0.2739881
212.2,-1119.0468,-0.62263197,-0.114105515
212.22,-1056.5521,0.9797035,-0.2739881
212.23999,-1022.90106,3.3832066,-0.114105515
212.26,-1080.5885,0.33876932,0.20565958
212.28,-1133.4685,-0.7828655,-0.114105515
212.29999,-1114.2395,0.018302217,-0.2739881
212.31999,-1075.7811,-0.30216488,-0.2739881
212.34,-1051.7448,0.9797035,-0.2739881
212.36,-1104.6249,-0.30216488,-0.2739881
212.37999,-1123.854,-0.9430991,-0.2739881
212.4,-1138.2759,-0.7828655,-0.4338706
212.42,-1104.6249,0.33876932,-0.59375316
212.44,-1090.2031,0.49900287,0.20565958
212.45999,-1104.6249,0.17853576,-0.114105515
212.48,-1080.5885,0.49900287,-0.2739881
212.5,-1162.3123,-0.9430991,-0.114105515
212.51999,-1123.854,-0.9430991,-0.2739881
212.54,-1090.2031,0.17853576,-0.2739881
212.56,-1143.0831,-0.62263197,0.045777034
212.58,-1316.1453,-5.7501054,-0.9135183
212.59999,-1109.4321,0.33876932,0.045777034
212.62,-1123.854,0.17853576,-0.2739881
212.64,-1090.2031,0.17853576,-0.2739881
212.65999,-1061.3594,-1.1033326,-0.2739881
212.68,-1042.1301,1.6206378,-0.2739881
212.7,-1119.0468,0.17853576,0.045777034
212.72,-1119.0468,-0.14193134,-0.2739881
212.73999,-950.79193,4.825309,-0.114105515
212.76,-1143.0831,-0.62263197,-0.114105515
212.78,-1099.8176,0.17853576,0.045777034
212.79999,-1090.2031,0.6592364,-0.2739881
212.81999,-1051.7448,0.6592364,0.045777034
212.84,-1114.2395,0.018302217,0.045777034
212.86,-1104.6249,0.33876932,0.20565958
212.87999,-1114.2395,0.17853576,0.045777034
212.9,-1070.9739,1.139937,0.20565958
212.92,-1070.9739,1.7808713,0.20565958
212.94,-1147.8904,-0.62263197,0.20565958
212.95999,-1090.2031,0.6592364,0.045777034
212.98,-1090.2031,0.33876932,0.36554214
213.0,-1138.2759,-0.30216488,-0.114105515
213.01999,-1066.1666,0.17853576,0.045777034
213.04,-1133.4685,-0.30216488,0.045777034
213.06,-1104.6249,0.9797035,0.36554214
213.08,-1407.4836,-8.313842,-0.9135183
213.09999,-1104.6249,-0.14193134,-0.2739881
213.12,-1095.0103,0.49900287,0.045777034
213.14,-1104.6249,0.6592364,-0.114105515
213.15999,-1244.036,-3.026135,0.20565958
213.18,-1095.0103,0.17853576,0.045777034
213.2,-1104.6249,0.33876932,0.045777034
213.22,-1056.5521,1.6206378,0.20565958
213.23999,-989.2501,4.6650753,0.045777034
213.26,-1157.505,-0.46239844,0.20565958
213.28,-1143.0831,-0.62263197,-0.114105515
213.29999,-1181.5414,-1.9045002,0.5254247
213.31999,-1080.5885,-0.30216488,-0.4338706
213.34,-1128.6613,0.49900287,0.5254247
213.36,-1095.0103,0.49900287,0.20565958
213.37999,-1075.7811,1.4604042,-0.114105515
213.4,-1128.6613,-0.30216488,-0.2739881
213.42,-1027.7084,1.7808713,-0.114105515
213.44,-1128.6613,-0.30216488,0.045777034
213.45999,-1109.4321,0.33876932,-0.114105515
213.48,-1147.8904,-1.1033326,0.20565958
213.5,-1205.5778,-2.5454345,-0.114105515
213.51999,-1128.6613,-0.30216488,-0.114105515
213.54,-1138.2759,-0.46239844,0.20565958
213.56,-1085.3958,1.139937,0.20565958
213.58,-1474.7855,-9.275244,-0.2739881
213.59999,-1138.2759,-0.46239844,-0.114105515
213.62,-1104.6249,1.3001705,0.045777034
213.64,-1095.0103,0.6592364,0.20565958
213.65999,-1296.9161,-3.1863687,-0.4338706
213.68,-1109.4321,0.33876932,0.36554214
213.7,-1114.2395,0.17853576,0.20565958
213.72,-1114.2395,0.6592364,0.20565958
213.73999,-941.1773,5.466243,-0.114105515
213.76,-1123.854,-0.46239844,0.045777034
213.78,-1099.8176,0.49900287,-0.2739881
213.79999,-1143.0831,-0.7828655,-0.114105515
213.81999,-1075.7811,0.81947,-0.4338706
213.84,-1114.2395,0.33876932,-0.114105515
213.86,-1119.0468,0.018302217,-0.114105515
213.87999,-1143.0831,-0.30216488,0.045777034
213.9,-1133.4685,-0.14193134,-0.4338706
213.92,-1066.1666,0.9797035,-0.4338706
213.94,-1152.6976,-0.30216488,-0.114105515
213.95999,-1123.854,0.018302217,-0.114105515
213.98,-1167.1195,-1.9045002,0.045777034
214.0,-1147.8904,-0.62263197,0.045777034
214.01999,-1133.4685,-0.30216488,-0.114105515
214.04,-1157.505,-0.62263197,-0.4338706
214.06,-1109.4321,0.33876932,-0.114105515
214.08,-1469.9781,-10.877579,-0.2739881
214.09999,-1162.3123,-0.62263197,-0.4338706
214.12,-1114.2395,0.81947,-0.2739881
214.14,-1143.0831,-0.14193134,-0.2739881
214.15999,-1210.385,1.139937,-0.4338706
214.18,-1152.6976,-1.1033326,-0.2739881
214.2,-1090.2031,0.9797035,0.045777034
214.22,-1123.854,-0.14193134,-0.2739881
214.23999,-1042.1301,2.5820389,-0.114105515
214.26,-1147.8904,-0.46239844,-0.2739881
214.28,-1119.0468,0.6592364,-0.114105515
214.29999,-1104.6249,0.6592364,-0.59375316
214.31999,-1167.1195,-1.4237996,-0.7536357
214.34,-1123.854,0.49900287,-0.4338706
214.36,-1186.3486,-1.2635663,0.045777034
214.37999,-1128.6613,-0.14193134,-0.114105515
214.4,-1143.0831,-0.62263197,0.20565958
214.42,-1133.4685,-0.14193134,-1.0734009
214.44,-1109.4321,0.33876932,-0.114105515
214.45999,-1119.0468,0.9797035,-0.114105515
214.48,-1143.0831,-0.46239844,-0.2739881
214.5,-1128.6613,0.33876932,-0.4338706
214.51999,-1157.505,-0.30216488,0.045777034
214.54,-1133.4685,-0.62263197,-0.2739881
214.56,-1123.854,0.49900287,-0.114105515
214.58,-1460.3636,-9.275244,0.36554214
214.59999,-1123.854,0.49900287,-0.2739881
214.62,-1114.2395,0.6592364,0.045777034
214.64,-1152.6976,-0.46239844,-0.2739881
214.65999,-974.8283,5.145776,-0.2739881
214.68,-1191.156,-1.4237996,-0.9135183
214.7,-1128.6613,0.17853576,-0.59375316
214.72,-1133.4685,-0.30216488,-0.2739881
214.73999,-1075.7811,1.7808713,-0.4338706
214.76,-1128.6613,0.49900287,-0.2739881
214.78,-1133.4685,0.6592364,-0.2739881
214.79999,-1133.4685,0.018302217,-0.114105515
214.81999,-1195.9633,-1.7442669,-0.114105515
214.84,-1176.734,-0.7828655,-0.4338706
214.86,-1147.8904,-0.7828655,-0.114105515
214.87999,-1075.7811,2.261572,-0.2739881
214.9,-1133.4685,0.33876932,-0.2739881
214.92,-1104.6249,0.6592364,-0.59375316
214.94,-1143.0831,-0.30216488,-0.4338706
214.95999,-1128.6613,0.17853576,-0.4338706
214.98,-1143.0831,-0.62263197,-0.2739881
215.0,-1167.1195,0.018302217,-0.2739881
215.01999,-1157.505,0.17853576,-0.4338706
215.04,-1157.505,-0.9430991,-0.59375316
215.06,-1147.8904,0.33876932,-0.4338706
215.08,-1349.7963,-6.3910394,0.36554214
215.09999,-1162.3123,-0.46239844,-0.4338706
215.12,-1128.6613,0.018302217,-0.4338706
215.14,-1099.8176,0.6592364,-0.4338706
215.15999,-970.021,4.3446083,-0.114105515
215.18,-1119.0468,1.6206378,-0.114105515
215.2,-1157.505,0.33876932,-0.114105515
215.22,-1195.9633,-0.46239844,-0.114105515
215.23999,-1114.2395,-0.30216488,-0.59375316
215.26,-1171.9269,-0.30216488,-0.59375316
215.28,-1138.2759,-0.14193134,-0.59375316
215.29999,-1123.854,0.49900287,-0.4338706
215.31999,-1205.5778,-1.4237996,-0.4338706
215.34,-1128.6613,0.49900287,-0.4338706
215.36,-1104.6249,1.4604042,-0.2739881
215.37999,-1186.3486,-0.9430991,-0.59375316
215.4,-1176.734,-0.7828655,-0.114105515
215.42,-1176.734,-1.1033326,-0.59375316
215.44,-1171.9269,-0.46239844,-0.4338706
215.45999,-1157.505,0.17853576,-0.114105515
215.48,-1157.505,0.018302217,-0.4338706
215.5,-1128.6613,0.6592364,-0.114105515
215.51999,-1205.5778,-0.7828655,-0.2739881
215.54,-1167.1195,0.17853576,-0.59375316
215.56,-1133.4685,0.33876932,-0.114105515
215.58,-1287.3015,-2.8659017,0.5254247
215.59999,-1147.8904,0.17853576,-0.4338706
215.62,-1095.0103,1.6206378,-0.114105515
215.64,-1171.9269,-0.46239844,-0.2739881
215.65999,-1075.7811,0.6592364,-0.2739881
215.68,-1157.505,0.81947,-0.2739881
215.7,-1123.854,1.3001705,-0.4338706
215.72,-1133.4685,-0.30216488,-0.59375316
215.73999,-1114.2395,0.81947,-0.2739881
215.76,-1061.3594,3.8639073,-0.2739881
215.78,-1176.734,-0.14193134,-0.114105515
215.79999,-1162.3123,-0.14193134,-0.59375316
215.81999,-1162.3123,-0.46239844,-0.2739881
215.84,-1143.0831,0.33876932,0.045777034
215.86,-1128.6613,1.7808713,-0.114105515
215.87999,-1176.734,-1.1033326,-0.114105515
215.9,-1128.6613,1.139937,-0.4338706
215.92,-1171.9269,-0.7828655,0.045777034
215.94,-1167.1195,-0.30216488,0.045777034
215.95999,-1162.3123,-0.46239844,-0.2739881
215.98,-1152.6976,0.33876932,0.20565958
216.0,-1147.8904,-0.46239844,-0.4338706
216.01999,-1157.505,0.17853576,0.20565958
216.04,-1167.1195,-0.62263197,-0.114105515
216.06,-1195.9633,-1.1033326,-0.114105515
216.08,-1186.3486,0.9797035,0.5254247
216.09999,-1167.1195,0.33876932,0.20565958
216.12,-1171.9269,0.17853576,-0.114105515
216.14,-1152.6976,0.49900287,-0.114105515
216.15999,-1176.734,-0.9430991,-0.114105515
216.18,-1114.2395,1.6206378,-0.114105515
216.2,-1171.9269,-0.46239844,0.045777034
216.22,-1171.9269,-0.30216488,0.36554214
216.23999,-1143.0831,0.018302217,-0.114105515
216.26,-1176.734,-0.9430991,0.20565958
216.28,-1176.734,-0.30216488,-0.114105515
216.29999,-1176.734,-0.14193134,0.045777034
216.31999,-1167.1195,0.81947,0.20565958
216.34,-1162.3123,0.018302217,-0.114105515
216.36,-1147.8904,0.9797035,0.045777034
216.37999,-1176.734,-0.30216488,-0.114105515
216.4,-1138.2759,0.49900287,0.045777034
216.42,-1186.3486,-0.46239844,0.20565958
216.44,-1157.505,0.49900287,0.20565958
216.45999,-1167.1195,0.17853576,-0.114105515
216.48,-1104.6249,2.261572,-0.114105515
216.5,-1119.0468,0.49900287,0.20565958
216.51999,-1167.1195,0.33876932,0.045777034
216.54,-1200.7704,-0.9430991,-0.114105515
216.56,-1157.505,0.49900287,-0.114105515
216.58,-1186.3486,0.6592364,0.5254247
216.59999,-1181.5414,-0.14193134,-0.114105515
216.62,-1176.734,-0.14193134,0.045777034
216.64,-1176.734,0.81947,0.045777034
216.65999,-1186.3486,0.018302217,0.36554214
216.68,-1191.156,0.018302217,0.36554214
216.7,-1171.9269,0.018302217,-0.114105515
216.72,-1162.3123,0.17853576,-0.2739881
216.73999,-1171.9269,-0.9430991,0.045777034
216.76,-1171.9269,-0.30216488,0.20565958
216.78,-1186.3486,-0.30216488,0.20565958
216.79999,-1181.5414,0.17853576,-0.2739881
216.81999,-1162.3123,0.17853576,-0.114105515
216.84,-1152.6976,0.6592364,0.045777034
216.86,-1181.5414,0.018302217,0.20565958
216.87999,-1167.1195,0.018302217,-0.114105515
216.9,-1205.5778,-1.1033326,0.045777034
216.92,-1195.9633,-0.62263197,-0.114105515
216.94,-1186.3486,-0.46239844,0.20565958
216.95999,-1191.156,-0.46239844,-0.4338706
216.98,-1200.7704,-0.30216488,-0.2739881
217.0,-1215.1924,-1.1033326,-0.4338706
217.01999,-1133.4685,1.4604042,-0.2739881
217.04,-1215.1924,-0.9430991,-0.2739881
217.06,-1157.505,0.17853576,-0.7536357
217.08,-1200.7704,-0.14193134,-0.114105515
217.09999,-1219.9996,-2.0647337,-0.2739881
217.12,-1195.9633,-0.7828655,-0.4338706
217.14,-1200.7704,-1.1033326,-0.7536357
217.15999,-1224.8069,-1.4237996,-0.2739881
217.18,-1205.5778,-1.2635663,-0.7536357
217.2,-1143.0831,0.9797035,-0.2739881
217.22,-1191.156,-0.30216488,-0.114105515
217.23999,-1181.5414,-1.5840333,-0.4338706
217.26,-1133.4685,0.6592364,-0.114105515
217.28,-1210.385,-0.30216488,-0.4338706
217.29999,-1219.9996,-0.30216488,0.045777034
217.31999,-1253.6505,-2.0647337,-0.114105515
217.34,-1234.4214,-2.7056682,0.045777034
217.36,-1244.036,-2.8659017,-0.59375316
217.37999,-1205.5778,-1.5840333,0.045777034
217.4,-1215.1924,-0.7828655,-0.4338706
217.42,-1205.5778,-0.7828655,-0.2739881
217.44,-1171.9269,-0.62263197,-0.4338706
217.45999,-1152.6976,0.81947,-0.114105515
217.48,-1191.156,-0.46239844,-0.114105515
217.5,-1176.734,-0.62263197,-0.2739881
217.51999,-1200.7704,-0.62263197,-0.4338706
217.54,-1224.8069,-1.9045002,-0.4338706
217.56,-1234.4214,-2.8659017,-0.59375316
217.58,-1200.7704,-0.14193134,-0.59375316
217.59999,-1229.6141,-1.9045002,-0.4338706
217.62,-1258.4578,-2.0647337,-0.59375316
217.64,-1205.5778,-0.7828655,-0.114105515
217.65999,-1244.036,-1.5840333,-0.114105515
217.68,-1215.1924,-1.2635663,-0.114105515
217.7,-1215.1924,-1.5840333,-0.59375316
217.72,-1219.9996,-1.7442669,-0.4338706
217.73999,-1195.9633,-1.1033326,-0.2739881
217.76,-1229.6141,-1.4237996,-0.4338706
217.78,-1191.156,-0.46239844,-0.114105515
217.79999,-1205.5778,-1.1033326,-0.2739881
217.81999,-1282.4943,-2.5454345,-0.2739881
217.84,-1195.9633,-0.46239844,-0.2739881
217.86,-1210.385,-0.7828655,-0.59375316
217.87999,-1224.8069,-1.4237996,-0.2739881
217.9,-1191.156,-1.2635663,-0.4338706
217.92,-1215.1924,-1.7442669,-0.7536357
217.94,-1191.156,-0.7828655,-0.59375316
217.95999,-1171.9269,0.49900287,-0.59375316
217.98,-1186.3486,0.6592364,-0.2739881
218.0,-1195.9633,-0.14193134,-0.2739881
218.01999,-1176.734,0.81947,-0.114105515
218.04,-1287.3015,-3.026135,-0.59375316
218.06,-1200.7704,-0.46239844,-0.4338706
218.08,-1162.3123,0.17853576,-0.4338706
218.09999,-1195.9633,-0.14193134,-0.59375316
218.12,-1219.9996,-1.4237996,-0.59375316
218.14,-1162.3123,1.139937,-0.114105515
218.15999,-1176.734,0.33876932,-0.2739881
218.18,-1248.8434,-1.5840333,-0.4338706
218.2,-1200.7704,0.33876932,-0.59375316
218.22,-1229.6141,-0.30216488,-0.2739881
218.23999,-1277.687,-2.0647337,-0.114105515
218.26,-1186.3486,-0.62263197,-0.7536357
218.28,-1234.4214,-1.5840333,-0.4338706
218.29999,-1152.6976,0.6592364,-0.4338706
218.31999,-1239.2288,-0.62263197,-0.2739881
218.34,-1200.7704,0.018302217,-0.114105515
218.36,-1219.9996,-1.2635663,-0.2739881
218.37999,-1239.2288,-1.4237996,-0.114105515
218.4,-1268.0724,-1.4237996,-0.2739881
218.42,-1186.3486,-0.14193134,-0.114105515
218.44,-1181.5414,0.17853576,-0.4338706
218.45999,-1258.4578,-2.5454345,-0.59375316
218.48,-1205.5778,-0.30216488,-0.2739881
218.5,-1215.1924,-0.46239844,0.20565958
218.51999,-1239.2288,0.6592364,-0.2739881
218.54,-1229.6141,-1.4237996,-0.114105515
218.56,-1263.2651,-2.5454345,-0.7536357
218.58,-1191.156,-0.14193134,-0.2739881
218.59999,-1272.8798,-2.2249672,-0.59375316
218.62,-1229.6141,-1.1033326,-0.59375316
218.64,-1167.1195,-0.14193134,-0.4338706
218.65999,-1143.0831,0.33876932,-0.4338706
218.68,-1282.4943,-2.5454345,-0.59375316
218.7,-1239.2288,-0.46239844,-0.114105515
218.72,-1263.2651,-2.385201,-0.114105515
218.73999,-1296.9161,-3.827303,-0.2739881
218.76,-1157.505,0.6592364,-0.2739881
218.78,-1167.1195,0.6592364,-0.2739881
218.79999,-1215.1924,-0.14193134,-0.59375316
218.81999,-1248.8434,-0.46239844,-0.114105515
218.84,-1248.8434,-1.9045002,-0.59375316
218.86,-1229.6141,-1.7442669,-0.4338706
218.87999,-1229.6141,-0.7828655,-0.114105515
218.9,-1195.9633,0.81947,-0.4338706
218.92,-1244.036,-1.1033326,-0.2739881
218.94,-1258.4578,-1.1033326,-0.4338706
218.95999,-1239.2288,-2.8659017,-0.114105515
218.98,-1219.9996,-1.2635663,-0.2739881
219.0,-1239.2288,-1.4237996,-0.59375316
219.01999,-1195.9633,0.49900287,-0.59375316
219.04,-1195.9633,-0.14193134,-0.114105515
219.06,-1282.4943,-2.385201,-0.2739881
219.08,-1109.4321,1.4604042,-0.4338706
219.09999,-1224.8069,-1.1033326,-0.9135183
219.12,-1219.9996,-0.7828655,-0.7536357
219.14,-1191.156,0.17853576,-0.4338706
219.15999,-1224.8069,-0.30216488,-0.2739881
219.18,-1200.7704,0.81947,-0.4338706
219.2,-1263.2651,-2.385201,-0.4338706
219.22,-1234.4214,-1.9045002,-0.2739881
219.23999,-1244.036,-1.5840333,-0.114105515
219.26,-1248.8434,-0.46239844,-0.2739881
219.28,-1244.036,-1.1033326,-0.4338706
219.29999,-1244.036,-1.4237996,-0.59375316
219.31999,-1219.9996,-1.1033326,-0.2739881
219.34,-1171.9269,0.49900287,-0.114105515
219.36,-1244.036,-1.5840333,0.045777034
219.37999,-1224.8069,-0.62263197,-0.114105515
219.4,-1181.5414,0.9797035,-0.2739881
219.42,-1268.0724,-0.9430991,0.20565958
219.44,-1210.385,0.49900287,-0.114105515
219.45999,-1272.8798,-0.7828655,0.045777034
219.48,-1210.385,0.33876932,-0.2739881
219.5,-1219.9996,0.17853576,0.045777034
219.51999,-1176.734,1.9411048,-0.114105515
219.54,-1195.9633,1.3001705,0.045777034
219.56,-1181.5414,1.6206378,-0.114105515
219.58,-1128.6613,1.139937,0.045777034
219.59999,-1219.9996,-0.30216488,-0.114105515
219.62,-1200.7704,0.81947,0.20565958
219.64,-1272.8798,-1.1033326,-0.114105515
219.65999,-1244.036,-0.62263197,0.36554214
219.68,-1200.7704,1.139937,-0.114105515
219.7,-1219.9996,-0.30216488,-0.4338706
219.72,-1224.8069,-0.14193134,0.045777034
219.73999,-1330.567,-2.8659017,-0.114105515
219.76,-1229.6141,-0.46239844,-0.4338706
219.78,-1219.9996,0.17853576,-0.2739881
219.79999,-1229.6141,0.17853576,0.045777034
219.81999,-1282.4943,-1.1033326,0.045777034
219.84,-1244.036,-0.62263197,0.045777034
219.86,-1186.3486,1.139937,-0.2739881
219.87999,-1210.385,0.81947,-0.2739881
219.9,-1239.2288,0.018302217,0.045777034
219.92,-1186.3486,1.4604042,-0.4338706
219.94,-1239.2288,0.17853576,0.36554214
219.95999,-1234.4214,0.49900287,0.045777034
219.98,-1224.8069,-0.30216488,0.045777034
220.0,-1167.1195,2.4218054,0.045777034
220.01999,-1287.3015,-1.2635663,0.045777034
220.04,-1282.4943,-2.0647337,-0.2739881
220.06,-1248.8434,-0.14193134,-0.114105515
220.08,-1340.1816,-3.3466022,-0.4338706
220.09999,-1277.687,-1.4237996,0.36554214
220.12,-1234.4214,-0.30216488,-0.2739881
220.14,-1234.4214,0.018302217,0.045777034
220.15999,-1239.2288,0.17853576,-0.4338706
220.18,-1205.5778,0.49900287,0.045777034
220.2,-1215.1924,-0.30216488,-0.2739881
220.22,-1224.8069,0.6592364,-0.2739881
220.23999,-1287.3015,-1.7442669,-0.2739881
220.26,-1292.1088,-1.9045002,0.045777034
220.28,-1219.9996,-0.14193134,-0.2739881
220.29999,-1224.8069,-0.46239844,-0.4338706
220.31999,-1277.687,-0.30216488,-0.4338706
220.34,-1244.036,-1.2635663,-0.114105515
220.36,-1277.687,-1.9045002,-0.2739881
220.37999,-1253.6505,-0.9430991,-0.2739881
220.4,-1224.8069,-1.1033326,-0.59375316
220.42,-1205.5778,-0.14193134,-0.59375316
220.44,-1248.8434,0.17853576,-0.4338706
220.45999,-1186.3486,1.139937,-0.4338706
220.48,-1253.6505,-0.46239844,-0.2739881
220.5,-1210.385,0.17853576,-0.4338706
220.51999,-1229.6141,0.33876932,-0.4338706
220.54,-1215.1924,-0.14193134,-0.59375316
220.56,-1229.6141,0.018302217,-0.59375316
220.58,-1426.7126,-4.3080034,-0.2739881
220.59999,-1229.6141,-0.14193134,-0.114105515
220.62,-1210.385,0.49900287,-0.114105515
220.64,-1287.3015,-1.7442669,0.045777034
220.65999,-1234.4214,0.17853576,-0.2739881
220.68,-1258.4578,-1.7442669,-0.114105515
220.7,-1306.5306,-2.0647337,-0.2739881
220.72,-1277.687,-2.0647337,-0.59375316
220.73999,-1253.6505,-0.30216488,-0.7536357
220.76,-1200.7704,0.49900287,-0.9135183
220.78,-1248.8434,-0.62263197,-0.4338706
220.79999,-1306.5306,-1.5840333,-0.4338706
220.81999,-1248.8434,-0.7828655,-0.114105515
220.84,-1301.7234,-2.5454345,-0.2739881
220.86,-1277.687,-1.4237996,-0.2739881
220.87999,-1234.4214,-0.7828655,0.045777034
220.9,-1234.4214,-0.14193134,-0.2739881
220.92,-1181.5414,-0.46239844,-0.2739881
220.94,-1239.2288,-0.30216488,-0.2739881
220.95999,-1282.4943,-1.5840333,-0.4338706
220.98,-1263.2651,-0.62263197,0.045777034
221.0,-1234.4214,-0.30216488,-0.114105515
221.01999,-1258.4578,-0.30216488,-0.2739881
221.04,-1292.1088,-1.9045002,-0.2739881
221.06,-1287.3015,-1.5840333,-0.4338706
221.08,-1436.3271,-2.385201,-0.114105515
221.09999,-1200.7704,0.018302217,-0.114105515
221.12,-1229.6141,1.139937,-0.114105515
221.14,-1239.2288,0.018302217,-0.4338706
221.15999,-1306.5306,-0.9430991,-0.114105515
221.18,-1306.5306,-2.2249672,-0.2739881
221.2,-1258.4578,-0.46239844,-0.2739881
221.22,-1277.687,-1.2635663,-0.2739881
221.23999,-1277.687,-1.7442669,-0.59375316
221.26,-1277.687,-1.2635663,-0.114105515
221.28,-1277.687,-1.7442669,-0.2739881
221.29999,-1268.0724,-1.9045002,-0.7536357
221.31999,-1128.6613,3.0627398,-0.4338706
221.34,-1253.6505,-0.30216488,-0.114105515
221.36,-1219.9996,0.81947,-0.4338706
221.37999,-1239.2288,-0.30216488,-0.59375316
221.4,-1296.9161,-2.0647337,-0.59375316
221.42,-1239.2288,-1.4237996,-0.2739881
221.44,-1229.6141,-0.14193134,-0.4338706
221.45999,-1253.6505,-0.62263197,-0.2739881
221.48,-1277.687,-0.30216488,0.20565958
221.5,-1282.4943,-1.1033326,-0.2739881
221.51999,-1258.4578,-1.2635663,-0.114105515
221.54,-1349.7963,-2.8659017,-0.2739881
221.56,-1253.6505,-0.62263197,-0.114105515
221.58,-1445.9418,-1.1033326,-0.59375316
221.59999,-1219.9996,0.81947,-0.2739881
221.62,-1244.036,-0.30216488,-0.59375316
221.64,-1215.1924,0.9797035,-0.2739881
221.65999,-1258.4578,0.17853576,-0.114105515
221.68,-1272.8798,-1.2635663,-0.4338706
221.7,-1248.8434,-0.30216488,-0.114105515
221.72,-1277.687,-0.46239844,-0.114105515
221.73999,-1335.3743,-1.9045002,-0.4338706
221.76,-1292.1088,-1.7442669,-0.59375316
221.78,-1224.8069,0.17853576,-0.2739881
221.79999,-1200.7704,-0.46239844,-0.2739881
221.81999,-1095.0103,4.024141,-0.59375316
221.84,-1263.2651,-0.46239844,-0.2739881
221.86,-1253.6505,0.17853576,-0.114105515
221.87999,-1248.8434,0.018302217,-0.2739881
221.9,-1306.5306,-1.9045002,0.20565958
221.92,-1229.6141,-0.7828655,-0.4338706
221.94,-1272.8798,-0.30216488,-0.114105515
221.95999,-1277.687,-1.1033326,-0.114105515
221.98,-1234.4214,0.17853576,-0.114105515
222.0,-1272.8798,-1.4237996,-0.2739881
222.01999,-1239.2288,0.49900287,-0.59375316
222.04,-1263.2651,0.33876932,-0.4338706
222.06,-1234.4214,1.6206378,-0.4338706
222.08,-1479.5928,-1.5840333,-0.2739881
222.09999,-1244.036,0.49900287,-0.2739881
222.12,-1316.1453,-2.385201,-0.2739881
222.14,-1253.6505,-0.7828655,-0.4338706
222.15999,-1229.6141,0.17853576,-0.114105515
222.18,-1272.8798,-0.14193134,-0.114105515
222.2,-1277.687,-0.46239844,-0.114105515
222.22,-1248.8434,0.17853576,0.045777034
222.23999,-1320.9525,-1.2635663,-0.2739881
222.26,-1248.8434,0.018302217,-0.114105515
222.28,-1248.8434,0.018302217,-0.114105515
222.29999,-1253.6505,0.17853576,-0.4338706
222.31999,-1119.0468,3.0627398,-1.0734009
222.34,-1301.7234,-1.7442669,-0.59375316
222.36,-1219.9996,1.139937,-0.2739881
222.37999,-1268.0724,-0.30216488,-0.4338706
222.4,-1205.5778,1.6206378,-0.59375316
222.42,-1229.6141,-0.46239844,-0.59375316
222.44,-1325.7598,-1.9045002,-0.4338706
222.45999,-1258.4578,-0.14193134,-0.114105515
222.48,-1277.687,-0.62263197,-0.2739881
222.5,-1229.6141,0.6592364,-0.114105515
222.51999,-1268.0724,0.33876932,-0.4338706
222.54,-1306.5306,-1.4237996,-0.114105515
222.56,-1311.3379,-1.5840333,-0.114105515
222.58,-1407.4836,-0.46239844,-0.4338706
222.59999,-1282.4943,-1.5840333,-0.4338706
222.62,-1268.0724,-0.30216488,-0.59375316
222.64,-1234.4214,0.6592364,-0.2739881
222.65999,-1301.7234,-0.9430991,-0.114105515
222.68,-1248.8434,0.9797035,-0.4338706
222.7,-1224.8069,0.018302217,-0.4338706
222.72,-1292.1088,0.018302217,-0.2739881
222.73999,-1340.1816,-0.9430991,-0.2739881
222.76,-1258.4578,1.6206378,0.045777034
222.78,-1258.4578,1.3001705,0.20565958
222.79999,-1253.6505,1.139937,0.20565958
222.81999,-1191.156,1.9411048,-0.7536357
222.84,-1282.4943,-0.30216488,0.36554214
222.86,-1306.5306,-0.62263197,-0.2739881
222.87999,-1373.8326,-2.8659017,-0.2739881
222.9,-1272.8798,-1.1033326,0.045777034
222.92,-1263.2651,-0.46239844,0.20565958
222.94,-1301.7234,-0.9430991,0.36554214
222.95999,-1316.1453,-1.2635663,0.045777034
222.98,-1272.8798,0.17853576,0.045777034
223.0,-1320.9525,-1.2635663,-0.2739881
223.01999,-1296.9161,-0.7828655,0.045777034
223.04,-1292.1088,-1.2635663,-0.4338706
223.06,-1301.7234,-0.62263197,-0.4338706
223.08,-1407.4836,-0.62263197,-0.2739881
223.09999,-1282.4943,-0.46239844,-0.2739881
223.12,-1272.8798,0.018302217,-0.2739881
223.14,-1282.4943,0.33876932,-0.114105515
223.15999,-1330.567,-0.7828655,0.045777034
223.18,-1287.3015,-0.46239844,0.045777034
223.2,-1287.3015,-0.30216488,-0.2739881
223.22,-1301.7234,-0.7828655,-0.114105515
223.23999,-1311.3379,1.3001705,-0.114105515
223.26,-1325.7598,-1.7442669,-0.4338706
223.28,-1268.0724,-0.30216488,0.20565958
223.29999,-1253.6505,0.81947,-0.114105515
223.31999,-1167.1195,3.3832066,-0.4338706
223.34,-1253.6505,0.33876932,-0.2739881
223.36,-1296.9161,-0.62263197,-0.114105515
223.37999,-1263.2651,-0.30216488,0.20565958
223.4,-1263.2651,0.018302217,0.045777034
223.42,-1258.4578,0.33876932,-0.114105515
223.44,-1320.9525,-1.1033326,-0.114105515
223.45999,-1268.0724,0.17853576,-0.114105515
223.48,-1258.4578,0.81947,0.045777034
223.5,-1335.3743,-1.4237996,-0.4338706
223.51999,-1301.7234,0.9797035,-0.114105515
223.54,-1292.1088,-0.9430991,-0.114105515
223.56,-1244.036,0.49900287,0.5254247
223.58,-1426.7126,-2.2249672,-0.114105515
223.59999,-1272.8798,0.49900287,-0.114105515
223.62,-1311.3379,-1.2635663,-0.114105515
223.64,-1234.4214,0.9797035,-0.2739881
223.65999,-1311.3379,-0.7828655,0.045777034
223.68,-1296.9161,0.018302217,-0.2739881
223.7,-1282.4943,-0.30216488,-0.114105515
223.72,-1292.1088,-0.30216488,-0.114105515
223.73999,-1239.2288,1.9411048,-0.2739881
223.76,-1244.036,0.33876932,-0.114105515
223.78,-1301.7234,0.17853576,-0.114105515
223.79999,-1277.687,0.81947,-0.4338706
223.81999,-1051.7448,5.78671,-0.7536357
223.84,-1292.1088,0.49900287,0.045777034
223.86,-1272.8798,-0.30216488,-0.114105515
223.87999,-1287.3015,-0.46239844,-0.114105515
223.9,-1287.3015,0.49900287,-0.114105515
223.92,-1354.6035,-1.9045002,-0.4338706
223.94,-1282.4943,0.33876932,-0.114105515
223.95999,-1292.1088,-0.30216488,-0.4338706
223.98,-1349.7963,-1.7442669,-0.114105515
224.0,-1354.6035,-2.0647337,-0.2739881
224.01999,-1296.9161,-0.14193134,-0.2739881
224.04,-1210.385,2.5820389,-0.114105515
224.06,-1253.6505,1.139937,0.045777034
224.08,-1349.7963,-3.3466022,-0.114105515
224.09999,-1296.9161,-0.14193134,0.20565958
224.12,-1224.8069,2.261572,0.045777034
224.14,-1292.1088,-0.14193134,-0.114105515
224.15999,-1311.3379,0.33876932,-0.2739881
224.18,-1306.5306,-0.7828655,-0.114105515
224.2,-1258.4578,1.3001705,-0.114105515
224.22,-1282.4943,0.17853576,0.045777034
224.23999,-1229.6141,2.5820389,-0.114105515
224.26,-1320.9525,-1.1033326,0.045777034
224.28,-1292.1088,0.018302217,0.045777034
224.29999,-1301.7234,-0.14193134,-0.114105515
224.31999,-1051.7448,4.825309,-0.4338706
224.34,-1277.687,0.018302217,-0.114105515
224.36,-1268.0724,0.81947,-0.2739881
224.37999,-1258.4578,0.81947,-0.2739881
224.4,-1277.687,0.018302217,0.20565958
224.42,-1248.8434,1.6206378,-0.2739881
224.44,-1258.4578,0.9797035,-0.114105515
224.45999,-1248.8434,1.6206378,-0.114105515
224.48,-1292.1088,0.49900287,-0.2739881
224.5,-1320.9525,0.33876932,0.20565958
224.51999,-1248.8434,0.9797035,-0.114105515
224.54,-1292.1088,0.9797035,-0.114105515
224.56,-1282.4943,0.49900287,-0.2739881
224.58,-1373.8326,-4.6284704,0.5254247
224.59999,-1244.036,0.33876932,-0.2739881
224.62,-1277.687,0.81947,0.045777034
224.64,-1306.5306,-0.62263197,-0.59375316
224.65999,-1296.9161,0.33876932,0.045777034
224.68,-1311.3379,-0.30216488,0.045777034
224.7,-1292.1088,0.6592364,-0.114105515
224.72,-1268.0724,0.81947,-0.114105515
224.73999,-1268.0724,0.81947,-0.114105515
224.76,-1335.3743,-1.2635663,-0.2739881
224.78,-1248.8434,1.4604042,0.045777034
224.79999,-1258.4578,0.81947,-0.2739881
224.81999,-1152.6976,2.5820389,-0.7536357
224.84,-1296.9161,-0.30216488,0.045777034
224.86,-1282.4943,0.17853576,0.20565958
224.87999,-1325.7598,-0.9430991,-0.114105515
224.9,-1277.687,0.33876932,-0.2739881
224.92,-1210.385,2.4218054,-0.114105515
224.94,-1301.7234,-0.62263197,-0.114105515
224.95999,-1330.567,-1.2635663,0.045777034
224.98,-1311.3379,-0.14193134,0.045777034
225.0,-1306.5306,0.17853576,0.045777034
225.01999,-1320.9525,-0.14193134,-0.114105515
225.04,-1287.3015,0.33876932,-0.114105515
225.06,-1292.1088,0.018302217,-0.2739881
225.08,-1494.0145,-8.153608,0.20565958
225.09999,-1311.3379,-0.62263197,-0.114105515
225.12,-1330.567,-0.46239844,0.20565958
225.14,-1311.3379,0.17853576,-0.114105515
225.15999,-1316.1453,0.33876932,-0.4338706
225.18,-1205.5778,3.0627398,-0.114105515
225.2,-1320.9525,-0.14193134,0.20565958
225.22,-1330.567,-0.14193134,0.045777034
225.23999,-1200.7704,3.5434403,-0.114105515
225.26,-1364.218,-1.5840333,-0.114105515
225.28,-1277.687,1.4604042,0.045777034
225.29999,-1320.9525,-0.62263197,-0.114105515
225.31999,-1200.7704,1.6206378,-0.7536357
225.34,-1296.9161,0.17853576,-0.114105515
225.36,-1292.1088,0.17853576,-0.114105515
225.37999,-1292.1088,0.17853576,-0.4338706
225.4,-1330.567,-0.46239844,0.045777034
225.42,-1239.2288,2.261572,-0.4338706
225.44,-1320.9525,-0.30216488,0.045777034
225.45999,-1330.567,0.17853576,0.20565958
225.48,-1296.9161,-0.7828655,0.36554214
225.5,-1335.3743,0.17853576,-0.114105515
225.51999,-1306.5306,0.17853576,0.045777034
225.54,-1354.6035,-1.4237996,-0.114105515
225.56,-1320.9525,0.17853576,-0.2739881
225.58,-1527.6655,-8.313842,-0.114105515
225.59999,-1258.4578,1.4604042,-0.114105515
225.62,-1320.9525,-1.1033326,-0.4338706
225.64,-1301.7234,-0.14193134,-0.114105515
225.65999,-1272.8798,0.9797035,-0.4338706
225.68,-1292.1088,0.81947,-0.114105515
225.7,-1320.9525,0.6592364,-0.114105515
225.72,-1316.1453,-0.14193134,0.045777034
225.73999,-1229.6141,2.1013381,0.045777034
225.76,-1320.9525,0.33876932,0.20565958
225.78,-1316.1453,0.17853576,0.045777034
225.79999,-1320.9525,0.17853576,-0.114105515
225.81999,-1258.4578,1.6206378,-0.4338706
225.84,-1311.3379,-0.62263197,-0.114105515
225.86,-1349.7963,-0.62263197,0.20565958
225.87999,-1311.3379,0.81947,0.045777034
225.9,-1369.0253,-1.7442669,0.20565958
225.92,-1344.9889,0.33876932,0.045777034
225.94,-1311.3379,0.018302217,0.20565958
225.95999,-1335.3743,-0.46239844,-0.114105515
225.98,-1340.1816,-0.30216488,-0.114105515
226.0,-1296.9161,1.7808713,0.045777034
226.01999,-1330.567,0.17853576,0.045777034
226.04,-1301.7234,1.139937,0.20565958
226.06,-1344.9889,-1.5840333,-0.114105515
226.08,-1143.0831,3.2229733,-0.4338706
226.09999,-1359.4106,-1.2635663,0.045777034
226.12,-1344.9889,-0.14193134,0.20565958
226.14,-1340.1816,-0.46239844,0.20565958
226.15999,-1320.9525,0.17853576,-0.2739881
226.18,-1311.3379,0.6592364,0.20565958
226.2,-1320.9525,0.17853576,0.36554214
226.22,-1340.1816,0.17853576,0.045777034
226.23999,-1287.3015,0.17853576,-0.114105515
226.26,-1320.9525,0.018302217,-0.114105515
226.28,-1359.4106,-1.2635663,0.36554214
226.29999,-1316.1453,-0.30216488,0.20565958
226.31999,-1282.4943,1.3001705,0.045777034
226.34,-1311.3379,-0.14193134,0.045777034
226.36,-1369.0253,-1.1033326,-0.2739881
226.37999,-1340.1816,-0.30216488,0.36554214
226.4,-1349.7963,-0.62263197,-0.114105515
226.42,-1364.218,-0.7828655,0.20565958
226.44,-1344.9889,0.49900287,-0.114105515
226.45999,-1335.3743,0.17853576,0.20565958
226.48,-1311.3379,0.17853576,0.5254247
226.5,-1301.7234,1.3001705,0.045777034
226.51999,-1349.7963,-0.14193134,-0.114105515
226.54,-1373.8326,-0.7828655,-0.114105515
226.56,-1306.5306,1.3001705,0.045777034
226.58,-1354.6035,1.3001705,0.68530726
226.59999,-1340.1816,-0.46239844,-0.114105515
226.62,-1369.0253,-1.5840333,-0.4338706
226.64,-1344.9889,-0.14193134,-0.114105515
226.65999,-1349.7963,0.33876932,0.045777034
226.68,-1330.567,0.33876932,0.045777034
226.7,-1349.7963,-1.1033326,0.045777034
226.72,-1335.3743,0.018302217,-0.4338706
226.73999,-1296.9161,0.9797035,-0.114105515
226.76,-1306.5306,1.6206378,0.36554214
226.78,-1335.3743,0.33876932,0.20565958
226.79999,-1306.5306,1.3001705,0.045777034
226.81999,-1287.3015,1.9411048,0.20565958
226.84,-1330.567,-0.14193134,0.045777034
226.86,-1330.567,0.6592364,-0.2739881
226.87999,-1330.567,0.81947,0.045777034
226.9,-1340.1816,0.17853576,-0.114105515
226.92,-1349.7963,-0.30216488,-0.114105515
226.94,-1335.3743,0.17853576,0.20565958
226.95999,-1330.567,0.6592364,0.045777034
226.98,-1412.2908,-1.5840333,0.36554214
227.0,-1316.1453,0.81947,0.045777034
227.01999,-1330.567,0.018302217,-0.114105515
227.04,-1359.4106,-0.9430991,0.045777034
227.06,-1301.7234,0.9797035,-0.4338706
227.08,-1378.6399,-0.46239844,0.045777034
227.09999,-1364.218,-0.7828655,0.045777034
227.12,-1330.567,0.17853576,-0.114105515
227.14,-1335.3743,-0.30216488,-0.114105515
227.15999,-1344.9889,-0.14193134,-0.2739881
227.18,-1316.1453,0.9797035,-0.2739881
227.2,-1330.567,0.018302217,-0.114105515
227.22,-1316.1453,0.81947,-0.2739881
227.23999,-1311.3379,0.81947,-0.2739881
227.26,-1335.3743,0.33876932,-0.4338706
227.28,-1354.6035,-0.30216488,-0.4338706
227.29999,-1344.9889,0.49900287,0.045777034
227.31999,-1364.218,0.018302217,0.20565958
227.34,-1383.4471,-0.14193134,-0.4338706
227.36,-1325.7598,0.33876932,0.36554214
227.37999,-1340.1816,0.018302217,-0.114105515
227.4,-1316.1453,0.6592364,0.045777034
227.42,-1320.9525,-0.30216488,-0.2739881
227.44,-1296.9161,0.9797035,0.045777034
227.45999,-1344.9889,-0.14193134,-0.4338706
227.48,-1359.4106,-0.30216488,-0.4338706
227.5,-1364.218,-1.1033326,-0.114105515
227.51999,-1340.1816,-0.30216488,0.045777034
227.54,-1359.4106,0.018302217,-0.4338706
227.56,-1320.9525,1.139937,0.045777034
227.58,-1340.1816,-1.1033326,0.045777034
227.59999,-1316.1453,0.9797035,-0.114105515
227.62,-1349.7963,-0.30216488,-0.114105515
227.64,-1388.2544,-0.7828655,0.20565958
227.65999,-1344.9889,-0.14193134,0.045777034
227.68,-1349.7963,0.33876932,-0.114105515
227.7,-1325.7598,0.49900287,-0.4338706
227.72,-1359.4106,-0.46239844,-0.4338706
227.73999,-1349.7963,-0.62263197,-0.114105515
227.76,-1282.4943,1.7808713,-0.2739881
227.78,-1354.6035,-0.30216488,0.045777034
227.79999,-1364.218,-1.2635663,0.045777034
227.81999,-1349.7963,0.6592364,-0.114105515
227.84,-1335.3743,0.33876932,-0.2739881
227.86,-1292.1088,0.9797035,-0.114105515
227.87999,-1388.2544,-0.62263197,-0.114105515
227.9,-1301.7234,0.9797035,-0.2739881
227.92,-1354.6035,0.33876932,-0.4338706
227.94,-1320.9525,0.49900287,-0.2739881
227.95999,-1325.7598,0.33876932,0.045777034
227.98,-1325.7598,0.9797035,-0.2739881
228.0,-1340.1816,0.33876932,-0.114105515
228.01999,-1349.7963,0.6592364,-0.114105515
228.04,-1369.0253,0.17853576,0.045777034
228.06,-1373.8326,-0.7828655,-0.114105515
228.08,-1316.1453,0.9797035,0.20565958
228.09999,-1349.7963,0.17853576,-0.114105515
228.12,-1349.7963,0.33876932,-0.2739881
228.14,-1330.567,0.49900287,-0.114105515
228.15999,-1340.1816,0.018302217,-0.114105515
228.18,-1378.6399,-0.7828655,-0.114105515
228.2,-1359.4106,0.018302217,0.045777034
228.22,-1296.9161,0.81947,-0.114105515
228.23999,-1378.6399,-1.7442669,0.045777034
228.26,-1320.9525,0.6592364,-0.2739881
228.28,-1335.3743,0.33876932,-0.114105515
228.29999,-1364.218,0.018302217,-0.2739881
228.31999,-1311.3379,2.1013381,-0.114105515
228.34,-1296.9161,1.6206378,-0.114105515
228.36,-1354.6035,0.81947,-0.2739881
228.37999,-1378.6399,-0.14193134,0.045777034
228.4,-1325.7598,0.6592364,-0.114105515
228.42,-1344.9889,0.17853576,-0.114105515
228.44,-1301.7234,1.6206378,0.20565958
228.45999,-1325.7598,1.9411048,-0.114105515
228.48,-1383.4471,-1.5840333,-0.2739881
228.5,-1359.4106,-0.46239844,0.20565958
228.51999,-1359.4106,-0.30216488,-0.114105515
228.54,-1364.218,0.018302217,-0.2739881
228.56,-1349.7963,0.33876932,-0.2739881
228.58,-1388.2544,-2.0647337,-0.2739881
228.59999,-1354.6035,-0.46239844,-0.2739881
228.62,-1330.567,0.9797035,0.045777034
228.64,-1388.2544,-0.46239844,-0.114105515
228.65999,-1364.218,0.018302217,-0.2739881
228.68,-1340.1816,1.139937,-0.2739881
228.7,-1359.4106,0.33876932,-0.114105515
228.72,-1359.4106,0.33876932,0.045777034
228.73999,-1335.3743,0.81947,0.20565958
228.76,-1349.7963,0.33876932,0.045777034
228.78,-1330.567,0.33876932,-0.114105515
228.79999,-1325.7598,1.4604042,0.20565958
228.81999,-1320.9525,1.4604042,-0.4338706
228.84,-1397.869,-0.46239844,-0.2739881
228.86,-1364.218,-0.14193134,-0.114105515
228.87999,-1340.1816,0.81947,-0.114105515
228.9,-1282.4943,2.7422726,-0.2739881
228.92,-1330.567,1.7808713,-0.2739881
228.94,-1354.6035,0.17853576,-0.59375316
228.95999,-1378.6399,-0.30216488,-0.114105515
228.98,-1320.9525,0.9797035,0.045777034
229.0,-1417.098,-1.5840333,-0.59375316
229.01999,-1316.1453,1.6206378,-0.2739881
229.04,-1340.1816,1.139937,-0.114105515
229.06,-1354.6035,-0.14193134,-0.2739881
229.08,-1311.3379,0.6592364,-0.114105515
229.09999,-1359.4106,0.49900287,0.045777034
229.12,-1340.1816,-0.30216488,0.045777034
229.14,-1359.4106,0.49900287,0.20565958
229.15999,-1296.9161,1.9411048,-0.114105515
229.18,-1330.567,0.9797035,0.045777034
229.2,-1349.7963,0.6592364,-0.59375316
229.22,-1388.2544,-0.7828655,-0.4338706
229.23999,-1364.218,0.49900287,-0.114105515
229.26,-1359.4106,0.33876932,-0.114105515
229.28,-1383.4471,0.17853576,-0.114105515
229.29999,-1344.9889,0.49900287,-0.2739881
229.31999,-1340.1816,1.139937,-0.4338706
229.34,-1397.869,-0.62263197,-0.114105515
229.36,-1412.2908,-0.9430991,0.20565958
229.37999,-1364.218,0.6592364,-0.114105515
229.4,-1349.7963,0.6592364,0.045777034
229.42,-1402.6763,0.49900287,0.20565958
229.44,-1402.6763,0.17853576,-0.114105515
229.45999,-1388.2544,-0.14193134,-0.114105515
229.48,-1397.869,-0.14193134,-0.114105515
229.5,-1359.4106,1.7808713,0.36554214
229.51999,-1344.9889,1.3001705,0.045777034
229.54,-1378.6399,-0.46239844,-0.114105515
229.56,-1344.9889,1.139937,0.20565958
229.58,-1325.7598,-1.4237996,-0.2739881
229.59999,-1349.7963,0.33876932,0.20565958
229.62,-1431.52,-1.7442669,0.20565958
229.64,-1407.4836,-0.46239844,-0.114105515
229.65999,-1373.8326,-0.9430991,-0.114105515
229.68,-1417.098,-0.7828655,0.20565958
229.7,-1407.4836,-0.9430991,0.20565958
229.72,-1388.2544,-0.14193134,0.045777034
229.73999,-1354.6035,1.139937,0.20565958
229.76,-1397.869,-0.7828655,-0.114105515
229.78,-1359.4106,0.17853576,0.045777034
229.79999,-1445.9418,-1.1033326,0.20565958
229.81999,-1364.218,-0.30216488,0.36554214
229.84,-1421.9054,-0.30216488,0.045777034
229.86,-1373.8326,0.018302217,0.045777034
229.87999,-1349.7963,1.3001705,-0.114105515
229.9,-1402.6763,-0.7828655,-0.114105515
229.92,-1369.0253,1.3001705,0.20565958
229.94,-1335.3743,1.3001705,0.20565958
229.95999,-1402.6763,-0.14193134,-0.114105515
229.98,-1373.8326,0.49900287,0.045777034
230.0,-1354.6035,0.49900287,0.045777034
230.01999,-1402.6763,-0.30216488,-0.2739881
230.04,-1373.8326,0.33876932,-0.114105515
230.06,-1426.7126,-0.9430991,-0.2739881
230.08,-1268.0724,1.4604042,-0.4338706
230.09999,-1421.9054,-0.9430991,-0.114105515
230.12,-1393.0616,0.17853576,-0.114105515
230.14,-1373.8326,-0.14193134,0.045777034
230.15999,-1316.1453,0.81947,-0.2739881
230.18,-1369.0253,0.6592364,0.045777034
230.2,-1306.5306,2.4218054,-0.114105515
230.22,-1330.567,0.6592364,-0.4338706
230.23999,-1369.0253,0.9797035,-0.2739881
230.26,-1373.8326,1.4604042,-0.114105515
230.28,-1393.0616,0.9797035,-0.4338706
230.29999,-1340.1816,1.3001705,-0.2739881
230.31999,-1445.9418,-0.62263197,-0.114105515
230.34,-1320.9525,2.7422726,-0.59375316
230.36,-1364.218,0.17853576,-0.114105515
230.37999,-1359.4106,1.139937,-0.114105515
230.4,-1388.2544,-0.7828655,-0.4338706
230.42,-1364.218,0.81947,-0.2739881
230.44,-1441.1345,-2.385201,-0.2739881
230.45999,-1402.6763,-0.46239844,-0.2739881
230.48,-1364.218,1.139937,0.045777034
230.5,-1340.1816,1.4604042,-0.114105515
230.51999,-1378.6399,0.17853576,0.045777034
230.54,-1388.2544,-0.46239844,-0.2739881
230.56,-1349.7963,0.9797035,-0.114105515
230.58,-1316.1453,1.3001705,-0.59375316
230.59999,-1359.4106,1.4604042,0.045777034
230.62,-1421.9054,-0.46239844,-0.2739881
230.64,-1417.098,-0.46239844,0.045777034
230.65999,-1436.3271,-2.385201,-0.7536357
230.68,-1378.6399,0.49900287,-0.2739881
230.7,-1373.8326,0.49900287,-0.4338706
230.72,-1364.218,0.49900287,-0.4338706
230.73999,-1349.7963,0.6592364,-0.114105515
230.76,-1402.6763,-0.14193134,-0.4338706
230.78,-1344.9889,1.3001705,-0.4338706
230.79999,-1412.2908,-0.62263197,-0.114105515
230.81999,-1436.3271,-0.30216488,0.045777034
230.84,-1373.8326,0.9797035,-0.2739881
230.86,-1412.2908,-0.62263197,-0.2739881
230.87999,-1373.8326,0.17853576,-0.4338706
230.9,-1383.4471,0.33876932,-0.4338706
230.92,-1359.4106,1.139937,-0.4338706
230.94,-1359.4106,1.6206378,-0.114105515
230.95999,-1426.7126,-0.9430991,-0.2739881
230.98,-1383.4471,0.17853576,0.045777034
231.0,-1330.567,1.139937,-0.114105515
231.01999,-1373.8326,0.49900287,-0.114105515
231.04,-1397.869,-0.14193134,0.045777034
231.06,-1412.2908,-0.62263197,-0.4338706
231.08,-1369.0253,0.49900287,-0.114105515
231.09999,-1393.0616,-0.30216488,-0.114105515
231.12,-1373.8326,0.33876932,-0.2739881
231.14,-1397.869,-0.14193134,-0.4338706
231.15999,-1460.3636,-2.0647337,-0.4338706
231.18,-1388.2544,-0.30216488,0.20565958
231.2,-1445.9418,-1.2635663,-0.2739881
231.22,-1378.6399,0.6592364,0.045777034
231.23999,-1340.1816,1.6206378,-0.4338706
231.26,-1359.4106,0.49900287,-0.4338706
231.28,-1359.4106,1.6206378,-0.114105515
231.29999,-1378.6399,-0.14193134,-0.2739881
231.31999,-1498.8219,-3.6670694,0.045777034
231.34,-1388.2544,0.9797035,-0.59375316
231.36,-1436.3271,-1.4237996,-0.2739881
231.37999,-1407.4836,-0.62263197,-0.114105515
231.4,-1383.4471,0.17853576,-0.7536357
231.42,-1388.2544,0.49900287,-0.2739881
231.44,-1407.4836,-0.14193134,-0.4338706
231.45999,-1320.9525,2.4218054,0.20565958
231.48,-1340.1816,1.7808713,-0.2739881
231.5,-1373.8326,0.17853576,-0.2739881
231.51999,-1378.6399,1.3001705,-0.2739881
231.54,-1349.7963,2.1013381,-0.114105515
231.56,-1407.4836,-0.46239844,-0.2739881
231.58,-1412.2908,-0.7828655,-0.4338706
231.59999,-1412.2908,-0.30216488,-0.114105515
231.62,-1378.6399,1.139937,-0.114105515
231.64,-1373.8326,1.3001705,0.045777034
231.65999,-1417.098,0.17853576,-0.59375316
231.68,-1421.9054,-0.14193134,-0.4338706
231.7,-1397.869,0.17853576,-0.2739881
231.72,-1378.6399,1.4604042,-0.4338706
231.73999,-1397.869,0.17853576,0.20565958
231.76,-1388.2544,0.6592364,-0.114105515
231.78,-1402.6763,0.018302217,0.045777034
231.79999,-1426.7126,-0.7828655,0.20565958
231.81999,-1575.7383,-6.230806,0.045777034
231.84,-1393.0616,0.33876932,0.045777034
231.86,-1412.2908,0.81947,-0.4338706
231.87999,-1393.0616,-0.30216488,-0.4338706
231.9,-1397.869,0.018302217,-0.114105515
231.92,-1431.52,-0.7828655,-0.2739881
231.94,-1402.6763,0.33876932,-0.114105515
231.95999,-1431.52,-0.46239844,0.045777034
231.98,-1445.9418,-1.5840333,-0.2739881
232.0,-1378.6399,0.9797035,0.045777034
232.01999,-1369.0253,1.3001705,-0.114105515
232.04,-1330.567,2.902506,0.045777034
232.06,-1431.52,-0.14193134,-0.114105515
232.08,-1465.1709,-2.5454345,-0.4338706
232.09999,-1388.2544,0.49900287,-0.114105515
232.12,-1383.4471,0.6592364,-0.2739881
232.14,-1397.869,0.49900287,-0.2739881
232.15999,-1441.1345,-2.2249672,-0.7536357
232.18,-1407.4836,0.49900287,0.045777034
232.2,-1412.2908,0.17853576,-0.114105515
232.22,-1450.749,-0.9430991,-0.2739881
232.23999,-1421.9054,1.139937,0.5254247
232.26,-1455.5564,-1.9045002,-0.114105515
232.28,-1383.4471,0.81947,-0.2739881
232.29999,-1388.2544,0.49900287,-0.2739881
232.31999,-1715.1495,-9.59571,-0.4338706
232.34,-1402.6763,0.9797035,-0.4338706
232.36,-1369.0253,1.7808713,-0.2739881
232.37999,-1378.6399,0.81947,-0.114105515
232.4,-1364.218,1.4604042,0.045777034
232.42,-1407.4836,0.33876932,-0.4338706
232.43999,-1402.6763,0.17853576,0.045777034
232.45999,-1316.1453,2.7422726,0.045777034
232.48,-1397.869,0.33876932,-0.114105515
232.5,-1431.52,-0.46239844,-0.4338706
232.51999,-1402.6763,0.81947,-0.2739881
232.54,-1417.098,0.33876932,-0.4338706
232.56,-1417.098,0.81947,-0.2739881
232.58,-1508.4365,-2.5454345,-0.114105515
232.59999,-1460.3636,-1.1033326,0.36554214
232.62,-1436.3271,-0.7828655,-0.2739881
232.64,-1393.0616,0.33876932,-0.2739881
232.65999,-1441.1345,0.17853576,-1.0734009
232.68,-1441.1345,0.018302217,-0.114105515
232.7,-1445.9418,-0.7828655,0.20565958
232.72,-1426.7126,-0.14193134,-0.114105515
232.73999,-1373.8326,2.1013381,0.5254247
232.76,-1412.2908,0.018302217,0.045777034
232.78,-1445.9418,-0.14193134,0.045777034
232.79999,-1417.098,0.33876932,0.20565958
232.81999,-1753.6077,-9.115009,-0.114105515
232.84,-1417.098,-0.14193134,0.20565958
232.86,-1426.7126,-0.62263197,0.045777034
232.87999,-1503.6292,-2.0647337,0.045777034
232.9,-1393.0616,1.139937,0.5254247
232.92,-1421.9054,0.17853576,-0.2739881
232.93999,-1393.0616,1.4604042,-0.114105515
232.95999,-1388.2544,0.49900287,0.045777034
232.98,-1426.7126,0.018302217,-0.114105515
233.0,-1450.749,-0.62263197,-0.2739881
233.01999,-1465.1709,0.018302217,0.20565958
233.04,-1412.2908,0.6592364,0.045777034
233.06,-1441.1345,0.018302217,0.20565958
233.08,-1551.7019,-4.3080034,0.20565958
233.09999,-1426.7126,0.6592364,0.045777034
233.12,-1460.3636,-0.46239844,0.20565958
233.14,-1402.6763,1.139937,-0.114105515
233.15999,-1489.2073,-1.4237996,-0.7536357
233.18,-1441.1345,-0.7828655,0.045777034
233.2,-1450.749,-0.30216488,-0.114105515
233.22,-1397.869,0.49900287,-0.4338706
233.23999,-1349.7963,2.902506,0.8451898
233.26,-1465.1709,-0.30216488,-0.114105515
233.28,-1421.9054,-0.30216488,0.20565958
233.29999,-1402.6763,0.17853576,-0.2739881
233.31999,-1777.644,-8.153608,-0.59375316
233.34,-1450.749,-0.62263197,-0.114105515
233.36,-1445.9418,0.81947,0.20565958
233.37999,-1436.3271,0.018302217,-0.114105515
233.4,-1455.5564,-0.9430991,0.20565958
233.42,-1412.2908,-0.30216488,-0.114105515
233.43999,-1484.4,-1.2635663,0.045777034
233.45999,-1503.6292,-1.7442669,-0.2739881
233.48,-1450.749,-0.30216488,0.20565958
233.5,-1455.5564,-0.9430991,0.045777034
233.51999,-1460.3636,-0.46239844,-0.2739881
233.54,-1479.5928,-1.4237996,0.20565958
233.56,-1431.52,0.49900287,0.045777034
233.58,-1542.0874,-1.7442669,0.36554214
233.59999,-1460.3636,-0.7828655,-0.4338706
233.62,-1465.1709,-0.46239844,0.045777034
233.64,-1445.9418,-0.14193134,0.20565958
233.65999,-1474.7855,-0.62263197,0.045777034
233.68,-1441.1345,-0.14193134,-0.114105515
233.7,-1455.5564,-0.62263197,0.045777034
233.72,-1441.1345,-0.7828655,-0.114105515
233.73999,-1253.6505,4.504842,0.20565958
233.76,-1378.6399,1.3001705,-0.2739881
233.78,-1431.52,0.018302217,-0.114105515
233.79999,-1465.1709,-0.46239844,-0.59375316
233.81999,-1604.582,-3.6670694,-0.59375316
233.84,-1465.1709,-1.4237996,-0.59375316
233.86,-1445.9418,0.17853576,-0.2739881
233.87999,-1460.3636,-1.1033326,-0.2739881
233.9,-1445.9418,-1.2635663,-0.2739881
233.92,-1445.9418,-0.9430991,-0.114105515
233.93999,-1445.9418,-0.62263197,-0.2739881
233.95999,-1450.749,0.17853576,0.045777034
233.98,-1431.52,0.9797035,-0.2739881
234.0,-1503.6292,-2.2249672,-0.2739881
234.01999,-1445.9418,0.49900287,-0.2739881
234.04,-1460.3636,0.17853576,0.045777034
234.06,-1465.1709,-0.46239844,-0.59375316
234.08,-1551.7019,-1.7442669,0.045777034
234.09999,-1465.1709,-0.62263197,-0.114105515
234.12,-1436.3271,-0.14193134,0.20565958
234.14,-1436.3271,0.81947,-0.114105515
234.15999,-1551.7019,-2.2249672,-0.2739881
234.18,-1465.1709,-0.62263197,-0.2739881
234.2,-1450.749,0.17853576,-0.7536357
234.22,-1489.2073,-0.9430991,0.045777034
234.23999,-1412.2908,-0.46239844,-0.7536357
234.26,-1455.5564,-0.46239844,-0.114105515
234.28,-1412.2908,0.6592364,-0.2739881
234.29999,-1494.0145,-1.7442669,-0.2739881
234.31999,-1484.4,-0.46239844,-0.9135183
234.34,-1455.5564,0.17853576,-0.114105515
234.36,-1484.4,-0.7828655,0.045777034
234.37999,-1393.0616,2.7422726,0.045777034
234.4,-1455.5564,-0.7828655,0.20565958
234.42,-1489.2073,-1.2635663,-0.4338706
234.43999,-1518.0509,-2.5454345,-0.4338706
234.45999,-1469.9781,-0.7828655,-0.114105515
234.48,-1455.5564,0.018302217,-0.114105515
234.5,-1513.2437,-1.4237996,-0.4338706
234.51999,-1479.5928,-1.1033326,-0.2739881
234.54,-1474.7855,-1.1033326,-0.2739881
234.56,-1474.7855,-0.46239844,-0.2739881
234.58,-1489.2073,-0.62263197,0.20565958
234.59999,-1469.9781,-1.4237996,-0.114105515
234.62,-1469.9781,-0.62263197,-0.114105515
234.64,-1460.3636,-0.14193134,0.045777034
234.65999,-1503.6292,-0.14193134,0.045777034
234.68,-1436.3271,0.6592364,0.20565958
234.7,-1479.5928,-0.62263197,0.045777034
234.72,-1489.2073,-0.62263197,0.045777034
234.73999,-1551.7019,-3.026135,-0.4338706
234.76,-1426.7126,0.49900287,-0.114105515
234.78,-1455.5564,-0.30216488,-0.4338706
234.79999,-1431.52,1.4604042,0.045777034
234.81999,-1407.4836,1.139937,-0.59375316
234.84,-1484.4,-0.46239844,-0.114105515
234.86,-1441.1345,0.17853576,-0.114105515
234.87999,-1436.3271,0.33876932,0.045777034
234.9,-1503.6292,-1.2635663,-0.114105515
234.92,-1441.1345,0.018302217,-0.114105515
234.93999,-1489.2073,-1.1033326,-0.2739881
234.95999,-1465.1709,-0.30216488,-0.2739881
234.98,-1465.1709,0.33876932,0.045777034
235.0,-1436.3271,0.49900287,-0.2739881
235.01999,-1441.1345,0.17853576,0.045777034
235.04,-1474.7855,0.33876932,-0.59375316
235.06,-1465.1709,0.018302217,0.045777034
235.08,-1494.0145,-0.7828655,0.045777034
235.09999,-1469.9781,-0.9430991,-0.59375316
235.12,-1431.52,0.17853576,-0.114105515
235.14,-1484.4,-1.7442669,-0.2739881
235.15999,-1513.2437,0.49900287,-0.114105515
235.18,-1508.4365,-0.7828655,-0.2739881
235.2,-1460.3636,0.9797035,0.045777034
235.22,-1450.749,-0.14193134,-0.114105515
235.23999,-1633.4258,-3.6670694,0.5254247
235.26,-1445.9418,1.139937,-0.114105515
235.28,-1474.7855,-0.62263197,-0.114105515
235.29999,-1494.0145,-1.1033326,-0.4338706
235.31999,-1388.2544,0.81947,-0.2739881
235.34,-1450.749,0.17853576,-0.114105515
235.36,-1498.8219,-0.62263197,-0.2739881
235.37999,-1498.8219,-0.7828655,-0.114105515
235.4,-1450.749,0.018302217,-0.114105515
235.42,-1474.7855,-0.30216488,-0.114105515
235.43999,-1445.9418,0.33876932,-0.2739881
235.45999,-1441.1345,0.6592364,-0.114105515
235.48,-1508.4365,-1.1033326,-0.2739881
235.5,-1417.098,0.9797035,-0.59375316
235.51999,-1479.5928,-0.7828655,-0.114105515
235.54,-1460.3636,-0.14193134,0.20565958
235.56,-1494.0145,-0.7828655,-0.4338706
235.58,-1508.4365,-0.46239844,0.36554214
235.59999,-1527.6655,-1.9045002,-0.2739881
235.62,-1445.9418,0.6592364,-0.114105515
235.64,-1498.8219,-0.62263197,0.045777034
235.65999,-1508.4365,0.9797035,0.045777034
235.68,-1460.3636,0.6592364,0.045777034
235.7,-1441.1345,1.3001705,-0.2739881
235.72,-1498.8219,-0.7828655,0.045777034
235.73999,-1513.2437,-0.7828655,0.045777034
235.76,-1431.52,1.3001705,-0.4338706
235.78,-1474.7855,-0.14193134,-0.2739881
235.79999,-1450.749,0.6592364,-0.2739881
235.81999,-1417.098,1.4604042,-0.2739881
235.84,-1426.7126,0.81947,0.045777034
235.86,-1479.5928,-1.7442669,-0.114105515
235.87999,-1460.3636,0.17853576,-0.114105515
235.9,-1489.2073,-0.62263197,0.045777034
235.92,-1441.1345,0.81947,-0.2739881
235.93999,-1489.2073,-0.14193134,0.045777034
235.95999,-1460.3636,0.49900287,-0.2739881
235.98,-1484.4,-0.46239844,-0.2739881
236.0,-1455.5564,0.49900287,-0.2739881
236.01999,-1546.8947,-2.385201,-0.114105515
236.04,-1445.9418,0.33876932,0.20565958
236.06,-1479.5928,-0.30216488,0.045777034
236.08,-1522.8583,-0.7828655,0.20565958
236.09999,-1494.0145,0.018302217,-0.114105515
236.12,-1455.5564,0.6592364,0.045777034
236.14,-1503.6292,-0.62263197,0.045777034
236.15999,-1489.2073,0.33876932,-0.114105515
236.18,-1469.9781,0.018302217,-0.114105515
236.2,-1479.5928,-0.14193134,0.045777034
236.22,-1474.7855,-0.14193134,0.20565958
236.23999,-1441.1345,1.3001705,0.045777034
236.26,-1494.0145,0.49900287,0.20565958
236.28,-1431.52,0.9797035,0.20565958
236.29999,-1460.3636,0.49900287,-0.2739881
236.31999,-1474.7855,0.33876932,0.045777034
236.34,-1489.2073,-0.9430991,-0.2739881
236.36,-1503.6292,-0.7828655,-0.2739881
236.37999,-1498.8219,-0.7828655,0.20565958
236.4,-1455.5564,0.6592364,0.045777034
236.42,-1474.7855,-0.14193134,0.36554214
236.43999,-1551.7019,-1.7442669,0.045777034
236.45999,-1474.7855,0.17853576,0.045777034
236.48,-1465.1709,0.49900287,-0.114105515
236.5,-1455.5564,1.139937,-0.4338706
236.51999,-1474.7855,-0.30216488,-0.114105515
236.54,-1503.6292,-0.62263197,-0.114105515
236.56,-1484.4,0.33876932,-0.114105515
236.58,-1460.3636,0.6592364,0.045777034
236.59999,-1417.098,2.5820389,0.045777034
236.62,-1522.8583,-2.0647337,0.045777034
236.64,-1489.2073,0.17853576,0.20565958
236.65999,-1556.5093,-1.9045002,0.045777034
236.68,-1503.6292,-1.4237996,0.045777034
236.7,-1494.0145,-0.30216488,-0.2739881
236.72,-1412.2908,2.7422726,-0.2739881
236.73999,-1431.52,0.9797035,-0.2739881
236.76,-1494.0145,-0.62263197,0.045777034
236.78,-1527.6655,-0.9430991,0.20565958
236.79999,-1474.7855,-0.46239844,-0.2739881
236.81999,-1479.5928,-1.1033326,-0.114105515
236.84,-1498.8219,-0.62263197,-0.114105515
236.86,-1460.3636,0.9797035,0.045777034
236.87999,-1436.3271,1.6206378,0.36554214
236.9,-1484.4,0.17853576,0.045777034
236.92,-1522.8583,-0.46239844,0.5254247
236.93999,-1455.5564,0.018302217,-0.114105515
236.95999,-1494.0145,-0.46239844,0.045777034
236.98,-1513.2437,-0.9430991,0.045777034
237.0,-1518.0509,-0.9430991,-0.114105515
237.01999,-1479.5928,-0.30216488,-0.114105515
237.04,-1503.6292,0.17853576,-0.4338706
237.06,-1431.52,1.6206378,-0.114105515
237.08,-1417.098,2.7422726,-0.114105515
237.09999,-1479.5928,0.9797035,-0.2739881
237.12,-1460.3636,1.7808713,-0.2739881
237.14,-1518.0509,0.17853576,-0.2739881
237.15999,-1513.2437,-0.62263197,-0.4338706
237.18,-1460.3636,1.4604042,-0.114105515
237.2,-1431.52,1.6206378,-0.4338706
237.22,-1441.1345,1.4604042,-0.2739881
237.23999,-1436.3271,1.9411048,-0.4338706
237.26,-1494.0145,-0.14193134,0.045777034
237.28,-1551.7019,-0.9430991,-0.4338706
237.29999,-1474.7855,1.4604042,-0.2739881
237.31999,-1445.9418,1.139937,0.045777034
237.34,-1474.7855,0.9797035,-0.2739881
237.36,-1556.5093,-1.9045002,-0.4338706
237.37999,-1436.3271,1.7808713,-0.2739881
237.4,-1431.52,2.261572,-0.2739881
237.42,-1465.1709,1.6206378,-0.114105515
237.43999,-1469.9781,1.4604042,-0.2739881
237.45999,-1469.9781,1.3001705,-0.2739881
237.48,-1460.3636,0.9797035,-0.4338706
237.5,-1532.4729,0.018302217,-0.2739881
237.51999,-1503.6292,0.17853576,-0.2739881
237.54,-1508.4365,-0.30216488,-0.114105515
237.56,-1474.7855,1.139937,-0.2739881
237.58,-1474.7855,0.9797035,0.045777034
237.59999,-1441.1345,2.5820389,-0.4338706
237.62,-1518.0509,-0.46239844,-0.2739881
237.64,-1489.2073,-0.30216488,-0.4338706
237.65999,-1474.7855,1.139937,-0.114105515
237.68,-1489.2073,1.4604042,-0.2739881
237.7,-1489.2073,1.139937,-0.59375316
237.72,-1498.8219,0.81947,0.045777034
237.73999,-1445.9418,2.1013381,-0.114105515
237.76,-1455.5564,1.7808713,-0.2739881
237.78,-1455.5564,2.1013381,-0.2739881
237.79999,-1450.749,1.7808713,-0.4338706
237.81999,-1489.2073,1.139937,-0.4338706
237.84,-1508.4365,0.018302217,0.045777034
237.86,-1455.5564,0.6592364,-0.2739881
237.87999,-1474.7855,1.9411048,0.045777034
237.9,-1479.5928,0.6592364,-0.4338706
237.92,-1460.3636,1.6206378,-0.2739881
237.93999,-1450.749,2.1013381,-0.2739881
237.95999,-1479.5928,0.81947,-0.114105515
237.98,-1469.9781,1.4604042,-0.2739881
238.0,-1484.4,0.33876932,-0.4338706
238.01999,-1484.4,-0.46239844,-0.59375316
238.04,-1532.4729,0.018302217,-0.59375316
238.06,-1436.3271,2.902506,-0.2739881
238.08,-1513.2437,-0.30216488,-0.4338706
238.09999,-1503.6292,0.018302217,-0.2739881
238.12,-1445.9418,1.6206378,-0.114105515
238.14,-1465.1709,2.902506,0.045777034
238.15999,-1450.749,2.261572,-0.2739881
238.18,-1532.4729,0.6592364,0.045777034
238.2,-1498.8219,1.139937,-0.4338706
238.22,-1551.7019,-0.7828655,-0.2739881
238.23999,-1503.6292,0.49900287,-0.4338706
238.26,-1465.1709,1.139937,-0.4338706
238.28,-1479.5928,1.3001705,-0.59375316
238.29999,-1527.6655,0.17853576,0.045777034
238.31999,-1537.2802,0.33876932,0.045777034
238.34,-1469.9781,3.0627398,0.20565958
238.36,-1508.4365,0.49900287,-0.2739881
238.37999,-1575.7383,-1.4237996,-0.2739881
238.4,-1474.7855,1.6206378,-0.2739881
238.42,-1498.8219,0.6592364,-0.2739881
238.43999,-1474.7855,1.139937,-0.2739881
238.45999,-1489.2073,1.4604042,-0.2739881
238.48,-1474.7855,0.6592364,-0.2739881
238.5,-1431.52,2.5820389,-0.2739881
238.51999,-1513.2437,0.6592364,0.045777034
238.54,-1498.8219,0.81947,0.045777034
238.56,-1518.0509,0.33876932,-0.7536357
238.58,-1484.4,1.4604042,-0.2739881
238.59999,-1494.0145,0.17853576,-0.114105515
238.62,-1441.1345,3.0627398,-0.114105515
238.64,-1474.7855,1.4604042,-0.2739881
238.65999,-1484.4,2.261572,-0.2739881
238.68,-1474.7855,2.261572,-0.114105515
238.7,-1503.6292,0.49900287,-0.2739881
238.72,-1508.4365,0.6592364,-0.114105515
238.73999,-1508.4365,0.81947,-0.4338706
238.76,-1489.2073,1.6206378,-0.114105515
238.78,-1542.0874,-0.46239844,-0.2739881
238.79999,-1570.931,-0.9430991,-0.4338706
238.81999,-1417.098,3.0627398,-0.59375316
238.84,-1494.0145,0.9797035,-0.2739881
238.86,-1518.0509,-0.62263197,-0.4338706
238.87999,-1513.2437,2.261572,-0.2739881
238.9,-1522.8583,0.49900287,-0.59375316
238.92,-1503.6292,1.139937,0.045777034
238.93999,-1566.1238,-0.7828655,-0.59375316
238.95999,-1508.4365,0.33876932,-0.4338706
238.98,-1484.4,1.9411048,0.36554214
239.0,-1542.0874,0.33876932,-0.2739881
239.01999,-1489.2073,1.7808713,-0.2739881
239.04,-1498.8219,1.3001705,-0.114105515
239.06,-1518.0509,0.33876932,0.045777034
239.08,-1551.7019,-2.0647337,-0.114105515
239.09999,-1527.6655,0.6592364,-0.2739881
239.12,-1498.8219,0.9797035,0.045777034
239.14,-1479.5928,1.139937,-0.4338706
239.15999,-1402.6763,2.5820389,-0.7536357
239.18,-1503.6292,0.9797035,-0.114105515
239.2,-1465.1709,2.1013381,-0.4338706
239.22,-1489.2073,2.4218054,0.045777034
239.23999,-1498.8219,1.7808713,0.045777034
239.26,-1532.4729,0.33876932,-0.4338706
239.28,-1474.7855,2.1013381,-0.114105515
239.29999,-1498.8219,1.139937,-0.114105515
239.31999,-1494.0145,0.6592364,-0.2739881
239.34,-1484.4,0.17853576,0.045777034
239.36,-1518.0509,0.6592364,0.5254247
239.37999,-1522.8583,0.49900287,-0.114105515
239.4,-1465.1709,1.3001705,0.045777034
239.42,-1518.0509,0.018302217,0.045777034
239.43999,-1551.7019,-1.4237996,0.045777034
239.45999,-1503.6292,0.49900287,0.045777034
239.48,-1527.6655,-0.14193134,0.045777034
239.5,-1542.0874,-0.46239844,-0.114105515
239.51999,-1518.0509,0.17853576,-0.114105515
239.54,-1556.5093,-1.4237996,-0.2739881
239.56,-1522.8583,0.17853576,0.045777034
239.58,-1619.0038,-2.2249672,-0.114105515
239.59999,-1522.8583,0.018302217,0.36554214
239.62,-1556.5093,-1.1033326,0.20565958
239.64,-1503.6292,0.6592364,0.20565958
239.65999,-1431.52,1.139937,-0.59375316
239.68,-1527.6655,0.81947,-0.2739881
239.7,-1518.0509,-0.46239844,-0.2739881
239.72,-1489.2073,1.139937,0.045777034
239.73999,-1445.9418,1.9411048,0.36554214
239.76,-1551.7019,-0.46239844,0.20565958
239.78,-1522.8583,0.6592364,0.20565958
239.79999,-1527.6655,-0.14193134,0.20565958
239.81999,-1647.8475,-4.3080034,-0.114105515
239.84,-1546.8947,-0.7828655,-0.114105515
239.86,-1551.7019,-0.14193134,-0.2739881
239.87999,-1527.6655,-0.46239844,0.20565958
239.9,-1489.2073,1.4604042,0.36554214
239.92,-1518.0509,-1.1033326,-0.4338706
239.93999,-1513.2437,0.49900287,0.045777034
239.95999,-1537.2802,-0.46239844,-0.4338706
239.98,-1585.3529,-2.2249672,-0.114105515
240.0,-1489.2073,0.81947,-0.114105515
240.01999,-1542.0874,-0.46239844,-0.4338706
240.04,-1513.2437,0.33876932,-0.114105515
240.06,-1546.8947,-0.62263197,0.20565958
240.08,-1594.9674,-1.4237996,0.5254247
240.09999,-1527.6655,0.17853576,0.20565958
240.12,-1527.6655,0.17853576,-0.2739881
240.14,-1594.9674,-1.9045002,0.045777034
240.15999,-1532.4729,-2.2249672,-0.59375316
240.18,-1556.5093,-0.46239844,-0.2739881
240.2,-1465.1709,1.7808713,-0.2739881
240.22,-1566.1238,-0.62263197,0.20565958
240.23999,-1522.8583,-0.7828655,-0.114105515
240.26,-1522.8583,0.17853576,-0.59375316
240.28,-1450.749,3.7036738,0.045777034
240.29999,-1527.6655,0.33876932,-0.114105515
240.31999,-1594.9674,-0.7828655,-0.114105515
240.34,-1513.2437,0.81947,-0.114105515
240.36,-1518.0509,1.139937,-0.2739881
240.37999,-1527.6655,0.6592364,-0.4338706
240.4,-1494.0145,1.4604042,-0.114105515
240.42,-1537.2802,0.6592364,-0.2739881
240.43999,-1580.5457,-1.1033326,-0.114105515
240.45999,-1561.3165,-0.46239844,-0.114105515
240.48,-1570.931,-0.30216488,-0.4338706
240.5,-1484.4,1.6206378,-0.59375316
240.51999,-1561.3165,-0.30216488,-0.2739881
240.54,-1513.2437,1.3001705,-0.2739881
240.56,-1474.7855,1.6206378,-0.2739881
240.58,-1551.7019,0.33876932,-0.59375316
240.59999,-1518.0509,1.7808713,-0.2739881
240.62,-1532.4729,1.4604042,-0.114105515
240.64,-1585.3529,-0.7828655,-0.114105515
240.65999,-1566.1238,-2.2249672,-0.2739881
240.68,-1508.4365,0.9797035,-0.4338706
240.7,-1532.4729,0.6592364,-0.2739881
240.72,-1513.2437,1.6206378,-0.2739881
240.73999,-1657.4622,-1.7442669,-0.2739881
240.76,-1590.1602,-0.30216488,-0.7536357
240.78,-1503.6292,1.4604042,-0.2739881
240.79999,-1561.3165,0.33876932,-0.114105515
240.81999,-1590.1602,-0.14193134,-0.2739881
240.84,-1513.2437,1.139937,-0.2739881
240.86,-1566.1238,0.018302217,-0.114105515
240.87999,-1522.8583,0.018302217,-0.59375316
240.9,-1522.8583,0.49900287,-0.114105515
240.92,-1522.8583,1.139937,0.045777034
240.93999,-1494.0145,2.261572,-0.114105515
240.95999,-1508.4365,2.5820389,-0.114105515
240.98,-1551.7019,0.6592364,-0.4338706
241.0,-1513.2437,2.7422726,0.045777034
241.01999,-1633.4258,-1.5840333,-0.7536357
241.04,-1537.2802,-0.30216488,-0.2739881
241.06,-1494.0145,0.9797035,-0.59375316
241.08,-1585.3529,-0.62263197,-0.4338706
241.09999,-1551.7019,0.81947,-0.2739881
241.12,-1604.582,-1.1033326,-0.114105515
241.14,-1594.9674,-0.7828655,-0.4338706
241.15999,-1638.233,-3.6670694,-0.4338706
241.18,-1570.931,0.17853576,-0.114105515
241.2,-1518.0509,0.6592364,-0.2739881
241.22,-1561.3165,-0.46239844,-0.59375316
241.23999,-1585.3529,0.018302217,-0.59375316
241.26,-1566.1238,-0.9430991,-0.2739881
241.28,-1518.0509,0.9797035,-0.2739881
241.29999,-1474.7855,2.7422726,-0.114105515
241.31999,-1599.7748,-0.30216488,-0.4338706
241.34,-1570.931,0.6592364,0.045777034
241.36,-1590.1602,-0.46239844,-0.2739881
241.37999,-1561.3165,0.17853576,-0.2739881
241.4,-1590.1602,-2.2249672,-0.59375316
241.42,-1546.8947,0.6592364,-0.2739881
241.43999,-1532.4729,1.139937,-0.114105515
241.45999,-1566.1238,-0.30216488,0.045777034
241.48,-1542.0874,0.33876932,-0.4338706
241.5,-1498.8219,1.6206378,-0.4338706
241.51999,-1570.931,0.33876932,-0.114105515
241.54,-1537.2802,1.139937,0.045777034
241.56,-1546.8947,0.81947,-0.114105515
241.58,-1537.2802,0.33876932,-0.2739881
241.59999,-1614.1967,-1.1033326,-0.2739881
241.62,-1566.1238,-0.46239844,-0.2739881
241.64,-1556.5093,0.33876932,0.045777034
241.65999,-1715.1495,-4.468237,-0.4338706
241.68,-1575.7383,0.9797035,-0.114105515
241.7,-1518.0509,1.9411048,-0.4338706
241.72,-1599.7748,-1.4237996,0.045777034
241.73999,-1537.2802,1.139937,-0.2739881
241.76,-1546.8947,0.17853576,-0.4338706
241.78,-1570.931,0.17853576,0.045777034
241.79999,-1527.6655,1.7808713,-0.2739881
241.81999,-1638.233,-1.7442669,-0.59375316
241.84,-1599.7748,-0.30216488,-0.114105515
241.86,-1566.1238,0.6592364,-0.4338706
241.87999,-1604.582,-0.7828655,0.045777034
241.9,-1570.931,-0.9430991,-0.2739881
241.92,-1566.1238,0.018302217,-0.114105515
241.93999,-1518.0509,1.7808713,-0.2739881
241.95999,-1542.0874,0.81947,-0.2739881
241.98,-1508.4365,1.7808713,-0.59375316
242.0,-1503.6292,1.4604042,-0.4338706
242.01999,-1561.3165,1.4604042,0.045777034
242.04,-1570.931,-0.30216488,0.20565958
242.06,-1561.3165,0.33876932,0.36554214
242.08,-1570.931,-0.14193134,-0.114105515
242.09999,-1532.4729,0.6592364,-0.114105515
242.12,-1575.7383,-0.30216488,-0.7536357
242.14,-1546.8947,1.4604042,-0.4338706
242.15999,-1743.9932,-3.9875362,-0.4338706
242.18,-1570.931,0.018302217,-0.2739881
242.2,-1566.1238,1.139937,-0.114105515
242.22,-1580.5457,0.17853576,-0.2739881
242.23999,-1465.1709,3.2229733,-0.114105515
242.26,-1556.5093,0.33876932,-0.114105515
242.28,-1590.1602,-0.9430991,-0.59375316
242.29999,-1580.5457,0.33876932,-0.4338706
242.31999,-1556.5093,1.6206378,0.045777034
242.34,-1594.9674,0.018302217,0.045777034
242.36,-1585.3529,0.9797035,-0.4338706
242.37999,-1551.7019,0.81947,-0.114105515
242.4,-1681.4985,-4.14777,-0.59375316
242.42,-1614.1967,-1.4237996,-0.4338706
242.43999,-1566.1238,0.33876932,-0.2739881
242.45999,-1532.4729,0.49900287,-0.2739881
242.48,-1542.0874,0.9797035,-0.114105515
242.5,-1566.1238,-0.62263197,-0.2739881
242.51999,-1566.1238,0.9797035,-0.114105515
242.54,-1585.3529,0.018302217,-0.114105515
242.56,-1619.0038,-0.46239844,0.20565958
242.58,-1503.6292,1.139937,-0.4338706
242.59999,-1561.3165,-0.62263197,-0.2739881
242.62,-1604.582,-0.62263197,-0.4338706
242.64,-1643.0402,-1.7442669,-0.4338706
242.65999,-1743.9932,-3.5068357,-0.114105515
242.68,-1542.0874,0.49900287,-0.4338706
242.7,-1546.8947,0.49900287,-0.4338706
242.72,-1590.1602,-1.1033326,-0.114105515
242.73999,-1537.2802,-0.9430991,0.045777034
242.76,-1556.5093,-0.14193134,-0.114105515
242.78,-1599.7748,-0.14193134,0.20565958
242.79999,-1561.3165,0.018302217,-0.114105515
242.81999,-1570.931,1.4604042,-0.114105515
242.84,-1570.931,0.17853576,0.045777034
242.86,-1566.1238,0.49900287,0.045777034
242.87999,-1566.1238,0.81947,-0.114105515
242.9,-1700.7277,-3.3466022,0.20565958
242.92,-1585.3529,-0.46239844,-0.114105515
242.93999,-1599.7748,-0.9430991,-0.2739881
242.95999,-1556.5093,0.49900287,-0.114105515
242.98,-1580.5457,-0.62263197,-0.114105515
243.0,-1508.4365,1.9411048,-0.114105515
243.01999,-1513.2437,1.7808713,0.5254247
243.04,-1604.582,-0.7828655,0.045777034
243.06,-1527.6655,0.6592364,-0.4338706
243.08,-1522.8583,2.5820389,0.045777034
243.09999,-1570.931,0.49900287,0.36554214
243.12,-1633.4258,-1.5840333,-0.114105515
243.14,-1546.8947,0.81947,0.045777034
243.15999,-1705.5349,-3.6670694,-0.114105515
243.18,-1537.2802,0.81947,-0.114105515
243.2,-1570.931,0.33876932,0.36554214
243.22,-1628.6184,-1.2635663,0.045777034
243.23999,-1638.233,-2.7056682,-0.114105515
243.26,-1619.0038,-0.62263197,0.20565958
243.28,-1542.0874,1.3001705,-0.114105515
243.29999,-1594.9674,-0.62263197,0.045777034
243.31999,-1561.3165,1.7808713,-0.4338706
243.34,-1580.5457,-0.46239844,-0.114105515
243.36,-1561.3165,0.33876932,-0.114105515
243.37999,-1537.2802,1.3001705,0.045777034
243.4,-1691.1132,-2.7056682,0.045777034
243.42,-1628.6184,-0.30216488,-0.2739881
243.43999,-1623.8112,-1.5840333,0.045777034
243.45999,-1609.3893,-1.5840333,-0.2739881
243.48,-1551.7019,1.139937,0.045777034
243.5,-1561.3165,0.9797035,0.045777034
243.51999,-1566.1238,0.33876932,-0.4338706
243.54,-1556.5093,0.81947,-0.2739881
243.56,-1619.0038,-1.1033326,0.045777034
243.58,-1546.8947,0.17853576,-0.114105515
243.59999,-1575.7383,0.49900287,-0.114105515
243.62,-1647.8475,-1.2635663,-0.4338706
243.64,-1594.9674,-0.30216488,0.045777034
243.65999,-1710.3422,-1.4237996,0.5254247
243.68,-1604.582,-0.46239844,0.045777034
243.7,-1594.9674,0.17853576,-0.114105515
243.72,-1566.1238,0.33876932,0.045777034
243.73999,-1695.9203,-3.1863687,-0.4338706
243.76,-1556.5093,0.9797035,-0.114105515
243.78,-1614.1967,-0.46239844,-0.2739881
243.79999,-1590.1602,0.17853576,0.045777034
243.81999,-1566.1238,1.7808713,-0.4338706
243.84,-1590.1602,-0.30216488,-0.2739881
243.86,-1609.3893,-0.7828655,-0.2739881
243.87999,-1599.7748,0.17853576,0.045777034
243.9,-1681.4985,-2.2249672,-0.2739881
243.92,-1585.3529,0.9797035,-0.2739881
243.93999,-1580.5457,0.81947,-0.4338706
243.95999,-1623.8112,-0.14193134,0.045777034
243.98,-1599.7748,-0.30216488,-0.4338706
244.0,-1643.0402,-1.1033326,-0.114105515
244.01999,-1594.9674,-0.14193134,0.045777034
244.04,-1599.7748,-1.2635663,-0.114105515
244.06,-1585.3529,0.33876932,-0.114105515
244.08,-1594.9674,-0.30216488,0.045777034
244.09999,-1619.0038,-0.46239844,-0.4338706
244.12,-1566.1238,1.139937,-0.114105515
244.14,-1585.3529,-0.62263197,-0.2739881
244.15999,-1604.582,1.7808713,0.045777034
244.18,-1599.7748,0.17853576,0.045777034
244.2,-1643.0402,-1.5840333,-0.114105515
244.22,-1580.5457,1.139937,0.045777034
244.23999,-1604.582,0.17853576,-0.2739881
244.26,-1604.582,-0.30216488,0.20565958
244.28,-1570.931,0.9797035,-0.2739881
244.29999,-1623.8112,-1.2635663,-0.114105515
244.31999,-1484.4,3.2229733,0.36554214
244.34,-1566.1238,0.33876932,-0.114105515
244.36,-1614.1967,-0.9430991,0.045777034
244.37999,-1585.3529,0.17853576,0.045777034
244.4,-1671.8839,-1.5840333,0.20565958
244.42,-1590.1602,0.17853576,0.045777034
244.43999,-1619.0038,-0.46239844,-0.114105515
244.45999,-1662.2694,-1.7442669,-0.114105515
244.48,-1580.5457,0.81947,-0.114105515
244.5,-1647.8475,-1.5840333,0.045777034
244.51999,-1585.3529,0.33876932,-0.4338706
244.54,-1580.5457,0.6592364,-0.2739881
244.56,-1638.233,-1.2635663,-0.2739881
244.58,-1633.4258,-1.2635663,-0.2739881
244.59999,-1623.8112,-0.7828655,-0.2739881
244.62,-1575.7383,0.17853576,-0.114105515
244.64,-1619.0038,0.17853576,0.045777034
244.65999,-1489.2073,4.9855423,0.045777034
244.68,-1628.6184,-1.1033326,0.045777034
244.7,-1585.3529,0.81947,-0.4338706
244.72,-1614.1967,-0.14193134,-0.114105515
244.73999,-1580.5457,1.9411048,0.045777034
244.76,-1580.5457,0.49900287,-0.114105515
244.78,-1580.5457,0.6592364,-0.114105515
244.79999,-1614.1967,0.49900287,-0.2739881
244.81999,-1546.8947,1.3001705,-0.114105515
244.84,-1609.3893,-0.62263197,0.20565958
244.86,-1628.6184,-1.1033326,-0.114105515
244.87999,-1594.9674,0.33876932,0.20565958
244.9,-1633.4258,-0.46239844,0.36554214
244.92,-1594.9674,-1.1033326,-0.4338706
244.93999,-1619.0038,0.17853576,-0.114105515
244.95999,-1623.8112,-0.14193134,-0.2739881
244.98,-1628.6184,-0.9430991,-0.2739881
245.0,-1652.6548,-1.4237996,0.5254247
245.01999,-1604.582,0.49900287,0.045777034
245.04,-1619.0038,-0.62263197,-0.114105515
245.06,-1700.7277,-2.385201,0.045777034
245.08,-1676.6912,-2.5454345,0.045777034
245.09999,-1614.1967,-0.30216488,0.045777034
245.12,-1585.3529,0.49900287,0.20565958
245.14,-1580.5457,1.139937,0.045777034
245.15999,-1378.6399,5.78671,-0.2739881
245.18,-1657.4622,-0.9430991,0.045777034
245.2,-1623.8112,-1.2635663,-0.114105515
245.22,-1619.0038,-0.62263197,0.36554214
245.23999,-1551.7019,1.6206378,-0.2739881
245.26,-1614.1967,-0.46239844,-0.2739881
245.28,-1676.6912,-2.5454345,-0.114105515
245.29999,-1647.8475,-0.9430991,0.20565958
245.31999,-1585.3529,0.9797035,0.045777034
245.34,-1614.1967,-0.14193134,-0.2739881
245.36,-1643.0402,-0.46239844,0.045777034
245.37999,-1590.1602,0.018302217,-0.114105515
245.4,-1662.2694,-0.7828655,0.5254247
245.42,-1590.1602,0.6592364,-0.114105515
245.43999,-1590.1602,-0.30216488,-0.114105515
245.45999,-1643.0402,-1.5840333,0.20565958
245.48,-1594.9674,0.49900287,-0.114105515
245.5,-1657.4622,-0.9430991,0.36554214
245.51999,-1585.3529,0.81947,0.045777034
245.54,-1623.8112,-0.30216488,0.20565958
245.56,-1671.8839,-2.2249672,0.045777034
245.58,-1590.1602,0.33876932,-0.2739881
245.59999,-1619.0038,0.018302217,0.20565958
245.62,-1638.233,-1.7442669,-0.2739881
245.64,-1619.0038,0.33876932,-0.114105515
245.65999,-1325.7598,8.02998,0.045777034
245.68,-1628.6184,-0.46239844,0.045777034
245.7,-1662.2694,-0.9430991,-0.4338706
245.72,-1643.0402,-0.46239844,-0.4338706
245.73999,-1590.1602,0.6592364,0.045777034
245.76,-1681.4985,-1.4237996,0.20565958
245.78,-1570.931,0.33876932,-0.114105515
245.79999,-1619.0038,-0.30216488,0.045777034
245.81999,-1590.1602,0.49900287,-0.2739881
245.84,-1570.931,1.4604042,0.20565958
245.86,-1633.4258,-0.7828655,0.36554214
245.87999,-1594.9674,0.17853576,0.36554214
245.9,-1638.233,0.018302217,0.5254247
245.92,-1609.3893,-1.4237996,0.5254247
245.93999,-1623.8112,-0.7828655,0.20565958
245.95999,-1575.7383,1.3001705,0.20565958
245.98,-1527.6655,2.261572,0.045777034
246.0,-1643.0402,-0.30216488,0.36554214
246.01999,-1614.1967,0.17853576,0.36554214
246.04,-1590.1602,-0.30216488,0.5254247
246.06,-1599.7748,0.49900287,0.20565958
246.08,-1594.9674,1.139937,0.5254247
246.09999,-1609.3893,-1.2635663,0.5254247
246.12,-1619.0038,-0.30216488,0.20565958
246.14,-1652.6548,-0.46239844,0.20565958
246.15999,-1397.869,5.466243,-0.2739881
246.18,-1594.9674,0.33876932,0.20565958
246.2,-1623.8112,0.33876932,0.045777034
246.22,-1590.1602,0.81947,0.5254247
246.23999,-1609.3893,-0.62263197,-0.114105515
246.26,-1590.1602,0.81947,-0.114105515
246.28,-1609.3893,0.6592364,0.045777034
246.29999,-1619.0038,0.17853576,-0.114105515
246.31999,-1594.9674,0.17853576,0.36554214
246.34,-1585.3529,1.6206378,0.36554214
246.36,-1633.4258,-0.62263197,0.20565958
246.37999,-1599.7748,0.49900287,-0.114105515
246.4,-1647.8475,-0.7828655,0.5254247
246.42,-1585.3529,1.4604042,0.20565958
246.43999,-1643.0402,-0.14193134,0.045777034
246.45999,-1619.0038,-0.46239844,0.045777034
246.48,-1609.3893,0.17853576,0.20565958
246.5,-1676.6912,-1.7442669,0.20565958
246.51999,-1604.582,0.17853576,0.20565958
246.54,-1609.3893,0.81947,0.36554214
246.56,-1662.2694,-1.4237996,0.20565958
246.58,-1599.7748,0.9797035,0.045777034
246.59999,-1623.8112,-0.14193134,0.5254247
246.62,-1546.8947,2.7422726,0.5254247
246.64,-1623.8112,-0.46239844,-0.114105515
246.65999,-1508.4365,3.5434403,-0.4338706
246.68,-1643.0402,-0.7828655,-0.2739881
246.7,-1633.4258,0.17853576,0.045777034
246.72,-1614.1967,0.33876932,0.045777034
246.73999,-1619.0038,-0.14193134,0.20565958
246.76,-1638.233,0.17853576,-0.114105515
246.78,-1619.0038,0.33876932,0.20565958
246.79999,-1590.1602,0.49900287,0.36554214
246.81999,-1594.9674,1.6206378,0.5254247
246.84,-1671.8839,-1.1033326,-0.114105515
246.86,-1590.1602,1.6206378,0.36554214
246.87999,-1580.5457,1.3001705,0.36554214
246.9,-1638.233,-0.14193134,0.045777034
246.92,-1628.6184,0.018302217,0.045777034
246.93999,-1638.233,0.018302217,0.5254247
246.95999,-1633.4258,-0.30216488,0.68530726
246.98,-1628.6184,-0.14193134,0.045777034
247.0,-1643.0402,0.018302217,0.20565958
247.01999,-1561.3165,1.9411048,-0.114105515
247.04,-1667.0768,-0.7828655,0.045777034
247.06,-1643.0402,0.17853576,0.045777034
247.08,-1628.6184,0.17853576,0.045777034
247.09999,-1647.8475,0.33876932,-0.114105515
247.12,-1647.8475,-0.9430991,0.045777034
247.14,-1643.0402,0.17853576,0.045777034
247.15999,-1638.233,-0.30216488,0.20565958
247.18,-1662.2694,-0.9430991,0.045777034
247.2,-1609.3893,1.7808713,0.045777034
247.22,-1633.4258,0.17853576,-0.114105515
247.23999,-1619.0038,0.6592364,-0.114105515
247.26,-1691.1132,-1.4237996,0.045777034
247.28,-1647.8475,0.33876932,-0.2739881
247.29999,-1657.4622,-0.7828655,0.20565958
247.31999,-1647.8475,-0.62263197,-0.114105515
247.34,-1662.2694,-0.7828655,0.045777034
247.36,-1633.4258,0.17853576,0.045777034
247.37999,-1647.8475,-0.46239844,0.045777034
247.4,-1566.1238,2.1013381,0.045777034
247.42,-1662.2694,-0.7828655,0.20565958
247.43999,-1609.3893,1.4604042,0.36554214
247.45999,-1652.6548,-0.62263197,-0.114105515
247.48,-1652.6548,-0.46239844,-0.2739881
247.5,-1715.1495,-2.0647337,0.20565958
247.51999,-1676.6912,-1.1033326,0.20565958
247.54,-1633.4258,0.49900287,0.045777034
247.56,-1633.4258,0.33876932,0.045777034
247.58,-1633.4258,-0.46239844,0.045777034
247.59999,-1676.6912,-0.7828655,0.045777034
247.62,-1671.8839,-0.62263197,0.20565958
247.64,-1667.0768,-0.30216488,0.36554214
247.65999,-1628.6184,0.33876932,0.045777034
247.68,-1628.6184,0.17853576,0.045777034
247.7,-1619.0038,0.33876932,0.045777034
247.72,-1619.0038,0.49900287,-0.114105515
247.73999,-1657.4622,-0.62263197,0.5254247
247.76,-1667.0768,-0.62263197,0.20565958
247.78,-1643.0402,-0.30216488,0.045777034
247.79999,-1671.8839,-0.62263197,0.045777034
247.81999,-1647.8475,-0.46239844,0.045777034
247.84,-1681.4985,-0.62263197,0.20565958
247.86,-1667.0768,-0.14193134,-0.2739881
247.87999,-1614.1967,0.17853576,0.045777034
247.9,-1638.233,-0.14193134,-0.114105515
247.92,-1662.2694,-0.7828655,-0.114105515
247.93999,-1662.2694,-0.7828655,0.045777034
247.95999,-1657.4622,-0.14193134,0.045777034
247.98,-1676.6912,-1.4237996,0.36554214
248.0,-1691.1132,-0.62263197,0.045777034
248.01999,-1643.0402,-0.14193134,0.20565958
248.04,-1638.233,0.81947,0.045777034
248.06,-1643.0402,0.33876932,0.36554214
248.08,-1695.9203,-1.7442669,0.045777034
248.09999,-1643.0402,0.17853576,-0.4338706
248.12,-1676.6912,-0.9430991,-0.114105515
248.14,-1609.3893,1.4604042,-0.114105515
248.15999,-1671.8839,-0.46239844,-0.114105515
248.18,-1676.6912,-0.9430991,-0.2739881
248.2,-1652.6548,0.17853576,0.045777034
248.22,-1657.4622,-0.46239844,-0.114105515
248.23999,-1652.6548,-0.7828655,0.20565958
248.26,-1676.6912,-0.62263197,-0.114105515
248.28,-1623.8112,0.33876932,0.045777034
248.29999,-1662.2694,-0.14193134,0.045777034
248.31999,-1638.233,0.49900287,-0.114105515
248.34,-1628.6184,0.33876932,0.20565958
248.36,-1715.1495,-2.385201,0.045777034
248.37999,-1643.0402,0.49900287,0.20565958
248.4,-1633.4258,0.17853576,0.045777034
248.42,-1657.4622,-0.30216488,0.20565958
248.43999,-1633.4258,1.139937,0.20565958
248.45999,-1662.2694,-1.4237996,-0.114105515
248.48,-1710.3422,-1.7442669,0.045777034
248.5,-1643.0402,-0.62263197,-0.4338706
248.51999,-1715.1495,-0.9430991,0.045777034
248.54,-1667.0768,-0.62263197,0.045777034
248.56,-1647.8475,-0.14193134,-0.2739881
248.58,-1676.6912,-0.46239844,0.045777034
248.59999,-1691.1132,-1.2635663,-0.114105515
248.62,-1662.2694,-0.30216488,0.20565958
248.64,-1652.6548,0.6592364,0.045777034
248.65999,-1638.233,0.9797035,-0.4338706
248.68,-1671.8839,0.17853576,0.045777034
248.7,-1667.0768,-0.46239844,-0.114105515
248.72,-1686.3058,-1.1033326,0.20565958
248.73999,-1671.8839,-0.14193134,0.045777034
248.76,-1633.4258,1.4604042,-0.114105515
248.78,-1662.2694,-0.14193134,-0.2739881
248.79999,-1638.233,0.9797035,-0.114105515
248.81999,-1662.2694,-0.7828655,-0.114105515
248.84,-1657.4622,0.33876932,0.20565958
248.86,-1691.1132,-0.62263197,0.045777034
248.87999,-1695.9203,-1.1033326,0.20565958
248.9,-1657.4622,0.17853576,-0.2739881
248.92,-1753.6077,-2.2249672,0.20565958
248.93999,-1681.4985,-0.9430991,-0.114105515
248.95999,-1676.6912,0.17853576,-0.2739881
248.98,-1671.8839,-2.0647337,-0.114105515
249.0,-1676.6912,-1.1033326,0.045777034
249.01999,-1643.0402,1.139937,0.20565958
249.04,-1686.3058,-0.62263197,-0.2739881
249.06,-1681.4985,-0.30216488,-0.114105515
249.08,-1700.7277,-1.1033326,0.045777034
249.09999,-1671.8839,0.33876932,-0.114105515
249.12,-1623.8112,0.6592364,-0.4338706
249.14,-1657.4622,0.49900287,-0.114105515
249.15999,-1768.0295,-3.1863687,-0.2739881
249.18,-1676.6912,-0.46239844,-0.114105515
249.2,-1676.6912,-0.46239844,0.20565958
249.22,-1700.7277,-0.7828655,0.045777034
249.23999,-1715.1495,-1.5840333,0.045777034
249.26,-1710.3422,-1.7442669,0.20565958
249.28,-1676.6912,-0.9430991,0.045777034
249.29999,-1681.4985,-0.14193134,-0.114105515
249.31999,-1614.1967,1.4604042,0.045777034
249.34,-1647.8475,-0.30216488,-0.4338706
249.36,-1710.3422,-1.2635663,-0.2739881
249.37999,-1614.1967,1.7808713,0.045777034
249.4,-1594.9674,1.3001705,-0.2739881
249.42,-1676.6912,0.17853576,0.36554214
249.43999,-1686.3058,-0.14193134,0.045777034
249.45999,-1676.6912,-1.1033326,0.20565958
249.48,-1628.6184,1.6206378,-0.2739881
249.5,-1623.8112,0.33876932,-0.114105515
249.51999,-1643.0402,-0.14193134,0.045777034
249.54,-1671.8839,0.17853576,0.20565958
249.56,-1662.2694,0.17853576,0.20565958
249.58,-1662.2694,0.33876932,-0.114105515
249.59999,-1671.8839,-0.46239844,-0.114105515
249.62,-1695.9203,-1.2635663,0.20565958
249.64,-1667.0768,0.17853576,0.36554214
249.65999,-1806.4878,-2.2249672,-0.2739881
249.68,-1647.8475,-0.14193134,-0.114105515
249.7,-1667.0768,-0.30216488,0.045777034
249.72,-1667.0768,-0.14193134,0.045777034
249.73999,-1691.1132,0.33876932,0.5254247
249.76,-1647.8475,0.81947,-0.114105515
249.78,-1662.2694,-0.30216488,0.20565958
249.79999,-1647.8475,1.3001705,-0.114105515
249.81999,-1638.233,0.81947,-0.114105515
249.84,-1667.0768,-0.46239844,-0.114105515
249.86,-1643.0402,0.9797035,-0.114105515
249.87999,-1614.1967,0.6592364,0.045777034
249.9,-1594.9674,1.9411048,-0.114105515
249.92,-1671.8839,0.33876932,0.20565958
249.93999,-1628.6184,0.6592364,0.045777034
249.95999,-1681.4985,-0.30216488,0.20565958
249.98,-1671.8839,-0.62263197,0.20565958
250.0,-1667.0768,0.6592364,0.045777034
250.01999,-1676.6912,0.018302217,-0.114105515
250.04,-1686.3058,-0.30216488,-0.2739881
250.06,-1628.6184,1.4604042,-0.2739881
250.08,-1647.8475,2.4218054,0.045777034
250.09999,-1705.5349,-0.46239844,0.045777034
250.12,-1724.764,-1.4237996,-0.4338706
250.14,-1671.8839,0.6592364,-0.2739881
250.15999,-1868.9824,-3.5068357,-0.114105515
250.18,-1643.0402,0.81947,-0.114105515
250.2,-1614.1967,1.7808713,0.5254247
250.22,-1662.2694,1.6206378,-0.114105515
250.23999,-1633.4258,2.5820389,-0.114105515
250.26,-1743.9932,-2.2249672,-0.7536357
250.28,-1691.1132,-0.30216488,-0.4338706
250.29999,-1671.8839,-0.14193134,-0.114105515
250.31999,-1710.3422,-1.1033326,-0.2739881
250.34,-1743.9932,-2.2249672,-0.114105515
250.36,-1748.8004,-2.385201,0.045777034
250.37999,-1662.2694,0.49900287,-0.114105515
250.4,-1652.6548,0.81947,0.045777034
250.42,-1671.8839,0.49900287,-0.4338706
250.43999,-1715.1495,-1.4237996,-0.114105515
250.45999,-1657.4622,0.49900287,-0.2739881
250.48,-1715.1495,-1.7442669,-0.4338706
250.5,-1681.4985,0.17853576,0.20565958
250.51999,-1643.0402,0.17853576,-0.114105515
250.54,-1695.9203,-0.14193134,-0.114105515
250.56,-1681.4985,-0.46239844,-0.114105515
250.58,-1686.3058,-0.46239844,-0.2739881
250.59999,-1695.9203,-0.30216488,-0.2739881
250.62,-1686.3058,-0.62263197,-0.2739881
250.64,-1671.8839,0.6592364,-0.114105515
250.65999,-1830.5242,-2.7056682,-0.114105515
250.68,-1676.6912,-0.62263197,-0.114105515
250.7,-1695.9203,-0.30216488,-0.114105515
250.72,-1681.4985,0.17853576,0.045777034
250.73999,-1643.0402,0.6592364,0.5254247
250.76,-1705.5349,-0.30216488,-0.114105515
250.78,-1710.3422,-0.62263197,-0.114105515
250.79999,-1686.3058,-0.46239844,-0.2739881
250.81999,-1695.9203,-0.62263197,-0.2739881
250.84,-1763.2223,-1.5840333,0.045777034
250.86,-1676.6912,0.49900287,-0.114105515
250.87999,-1705.5349,-0.14193134,-0.114105515
250.9,-1469.9781,4.6650753,-0.114105515
250.92,-1691.1132,0.17853576,-0.114105515
250.93999,-1652.6548,-0.14193134,-0.2739881
250.95999,-1695.9203,-0.7828655,-0.2739881
250.98,-1710.3422,-0.9430991,-0.59375316
251.0,-1681.4985,0.9797035,-0.114105515
251.01999,-1705.5349,-0.46239844,-0.2739881
251.04,-1710.3422,-1.4237996,-0.2739881
251.06,-1686.3058,-0.30216488,-0.59375316
251.08,-1657.4622,1.4604042,0.045777034
251.09999,-1667.0768,0.81947,-0.2739881
251.12,-1633.4258,2.261572,0.20565958
251.14,-1705.5349,-0.14193134,-0.114105515
251.15999,-1724.764,-1.1033326,0.045777034
251.18,-1753.6077,-1.7442669,0.045777034
251.2,-1705.5349,-0.46239844,-0.4338706
251.22,-1676.6912,0.33876932,0.045777034
251.23999,-1695.9203,0.17853576,0.045777034
251.26,-1671.8839,0.6592364,-0.114105515
251.28,-1667.0768,0.018302217,0.045777034
251.29999,-1700.7277,-0.62263197,-0.2739881
251.31999,-1806.4878,-4.948938,-0.4338706
251.34,-1695.9203,0.018302217,-0.2739881
251.36,-1691.1132,0.018302217,-0.114105515
251.37999,-1724.764,-1.5840333,-0.114105515
251.4,-1441.1345,3.7036738,-0.4338706
251.42,-1662.2694,0.6592364,-0.114105515
251.43999,-1643.0402,0.9797035,-0.114105515
251.45999,-1748.8004,-0.9430991,-0.2739881
251.48,-1681.4985,0.17853576,-0.2739881
251.5,-1686.3058,-0.14193134,-0.4338706
251.51999,-1705.5349,-0.14193134,0.045777034
251.54,-1748.8004,-1.7442669,-0.4338706
251.56,-1695.9203,0.49900287,-0.114105515
251.58,-1715.1495,-0.30216488,-0.2739881
251.59999,-1695.9203,0.49900287,-0.2739881
251.62,-1710.3422,-0.7828655,-0.114105515
251.64,-1643.0402,2.261572,-0.114105515
251.65999,-1633.4258,1.139937,-0.114105515
251.68,-1734.3785,-1.2635663,-0.2739881
251.7,-1691.1132,-0.46239844,-0.59375316
251.72,-1676.6912,0.33876932,-0.2739881
251.73999,-1681.4985,0.6592364,-0.114105515
251.76,-1700.7277,-0.46239844,0.20565958
251.78,-1676.6912,-0.14193134,-0.4338706
251.79999,-1705.5349,0.33876932,-0.114105515
251.81999,-1777.644,-3.1863687,-0.114105515
251.84,-1686.3058,0.018302217,-0.114105515
251.86,-1719.9567,-0.62263197,0.20565958
251.87999,-1768.0295,-2.5454345,0.045777034
251.9,-1628.6184,-1.7442669,-0.4338706
251.92,-1652.6548,1.4604042,-0.114105515
251.93999,-1671.8839,1.6206378,0.20565958
251.95999,-1715.1495,-0.7828655,-0.114105515
251.98,-1671.8839,0.49900287,-0.4338706
252.0,-1715.1495,-0.30216488,-0.114105515
252.01999,-1724.764,-0.9430991,-0.114105515
252.04,-1667.0768,0.6592364,-0.2739881
252.06,-1667.0768,1.7808713,0.20565958
252.08,-1777.644,-1.5840333,0.20565958
252.09999,-1758.415,-0.9430991,0.20565958
252.12,-1700.7277,-0.14193134,-0.4338706
252.14,-1700.7277,-0.30216488,-0.2739881
252.15999,-1590.1602,0.81947,0.20565958
252.18,-1739.1859,-0.7828655,-0.114105515
252.2,-1724.764,-0.46239844,0.045777034
252.22,-1743.9932,-0.46239844,-0.114105515
252.23999,-1604.582,1.4604042,-0.4338706
252.26,-1734.3785,-1.5840333,-0.114105515
252.28,-1700.7277,0.018302217,-0.114105515
252.29999,-1691.1132,0.6592364,-0.114105515
252.31999,-1729.5713,-0.9430991,-0.4338706
252.34,-1643.0402,1.3001705,-0.2739881
252.36,-1700.7277,0.33876932,-0.2739881
252.37999,-1628.6184,2.1013381,0.045777034
252.4,-1719.9567,-3.5068357,-0.2739881
252.42,-1710.3422,-0.14193134,0.045777034
252.43999,-1628.6184,2.1013381,-0.2739881
252.45999,-1758.415,-1.4237996,0.045777034
252.48,-1686.3058,0.17853576,-0.114105515
252.5,-1787.2587,-1.4237996,0.045777034
252.51999,-1743.9932,-0.62263197,-0.114105515
252.54,-1652.6548,1.4604042,-0.2739881
252.56,-1729.5713,-0.46239844,-0.2739881
252.58,-1715.1495,0.17853576,0.045777034
252.59999,-1681.4985,1.3001705,0.045777034
252.62,-1691.1132,0.018302217,0.20565958
252.64,-1743.9932,-1.5840333,-0.114105515
252.65999,-1599.7748,0.018302217,0.20565958
252.68,-1691.1132,0.33876932,-0.2739881
252.7,-1700.7277,0.018302217,0.045777034
252.72,-1676.6912,1.3001705,0.20565958
252.73999,-1614.1967,2.1013381,-0.2739881
252.76,-1681.4985,0.018302217,0.20565958
252.78,-1691.1132,1.139937,-0.2739881
252.79999,-1715.1495,-0.7828655,0.20565958
252.81999,-1695.9203,-0.62263197,-0.2739881
252.84,-1681.4985,0.49900287,0.045777034
252.86,-1715.1495,-0.62263197,0.20565958
252.87999,-1671.8839,0.81947,0.045777034
252.9,-1830.5242,-3.9875362,0.5254247
252.92,-1710.3422,-0.14193134,0.20565958
252.93999,-1681.4985,1.139937,-0.2739881
252.95999,-1705.5349,0.49900287,0.5254247
252.98,-1719.9567,-0.14193134,-0.2739881
253.0,-1739.1859,0.49900287,0.5254247
253.01999,-1657.4622,1.139937,0.20565958
253.04,-1734.3785,-1.2635663,0.045777034
253.06,-1724.764,-0.46239844,0.045777034
253.08,-1686.3058,0.33876932,-0.2739881
253.09999,-1715.1495,0.17853576,0.20565958
253.12,-1676.6912,0.6592364,0.20565958
253.14,-1671.8839,0.33876932,0.20565958
253.15999,-1681.4985,-2.0647337,-0.114105515
253.18,-1676.6912,1.139937,0.045777034
253.2,-1657.4622,1.7808713,0.045777034
253.22,-1715.1495,-0.46239844,-0.2739881
253.23999,-1667.0768,-0.9430991,-0.114105515
253.26,-1681.4985,0.17853576,-0.114105515
253.28,-1705.5349,0.49900287,0.20565958
253.29999,-1729.5713,-1.4237996,0.20565958
253.31999,-1763.2223,-1.9045002,-0.114105515
253.34,-1671.8839,0.81947,-0.114105515
253.36,-1691.1132,1.139937,-0.4338706
253.37999,-1715.1495,-0.46239844,0.045777034
253.4,-1830.5242,-4.14777,0.20565958
253.42,-1700.7277,-0.14193134,-0.4338706
253.43999,-1695.9203,1.4604042,0.045777034
253.45999,-1743.9932,-1.7442669,0.20565958
253.48,-1763.2223,-0.9430991,0.045777034
253.5,-1705.5349,0.018302217,0.20565958
253.51999,-1734.3785,-1.5840333,0.045777034
253.54,-1700.7277,0.49900287,0.20565958
253.56,-1719.9567,-0.30216488,0.045777034
253.58,-1695.9203,0.81947,0.045777034
253.59999,-1715.1495,0.018302217,0.20565958
253.62,-1758.415,-1.5840333,-0.2739881
253.64,-1763.2223,-0.46239844,-0.114105515
253.65999,-1667.0768,-1.1033326,0.5254247
253.68,-1691.1132,0.6592364,0.045777034
253.7,-1729.5713,0.018302217,-0.4338706
253.72,-1700.7277,0.81947,0.045777034
253.73999,-1830.5242,-2.8659017,-0.2739881
253.76,-1719.9567,0.17853576,-0.2739881
253.78,-1748.8004,-0.9430991,-0.2739881
253.79999,-1719.9567,-0.30216488,-0.59375316
253.81999,-1796.8732,-3.5068357,-0.4338706
253.84,-1715.1495,-0.30216488,-0.4338706
253.86,-1700.7277,0.49900287,0.045777034
253.87999,-1691.1132,0.49900287,-0.4338706
253.9,-1729.5713,-0.7828655,0.045777034
253.92,-1705.5349,0.018302217,-0.114105515
253.93999,-1724.764,-0.14193134,-0.114105515
253.95999,-1729.5713,-0.7828655,-0.114105515
253.98,-1724.764,0.33876932,-0.2739881
254.0,-1715.1495,0.6592364,-0.114105515
254.01999,-1710.3422,0.17853576,-0.4338706
254.04,-1715.1495,0.81947,-0.114105515
254.06,-1724.764,0.6592364,-0.59375316
254.08,-1691.1132,0.6592364,-0.4338706
254.09999,-1715.1495,-0.30216488,-0.114105515
254.12,-1734.3785,-0.30216488,-0.4338706
254.14,-1705.5349,0.49900287,-0.4338706
254.15999,-1719.9567,-2.8659017,-0.2739881
254.18,-1719.9567,1.3001705,-0.4338706
254.2,-1743.9932,-0.30216488,-0.4338706
254.22,-1691.1132,0.9797035,-0.114105515
254.23999,-1796.8732,-1.5840333,-0.2739881
254.26,-1700.7277,0.33876932,-0.4338706
254.28,-1806.4878,-2.385201,-0.4338706
254.29999,-1681.4985,0.81947,-0.4338706
254.31999,-1734.3785,-0.46239844,-0.4338706
254.34,-1715.1495,0.018302217,0.045777034
254.36,-1695.9203,0.6592364,-0.4338706
254.37999,-1691.1132,0.81947,-0.114105515
254.4,-1638.233,0.17853576,-0.4338706
254.42,-1700.7277,0.81947,-0.114105515
254.43999,-1715.1495,0.49900287,-0.59375316
254.45999,-1763.2223,-1.5840333,-0.2739881
254.48,-1719.9567,0.9797035,-0.4338706
254.5,-1777.644,-0.14193134,-0.2739881
254.51999,-1724.764,-0.14193134,-0.4338706
254.54,-1763.2223,-0.9430991,-0.59375316
254.56,-1710.3422,0.81947,-0.114105515
254.58,-1700.7277,-0.30216488,-0.2739881
254.59999,-1710.3422,0.018302217,-0.2739881
254.62,-1710.3422,0.33876932,-0.7536357
254.64,-1739.1859,-0.46239844,0.045777034
254.65999,-1792.066,-3.1863687,-0.4338706
254.68,-1739.1859,0.17853576,-0.59375316
254.7,-1758.415,-1.4237996,-0.4338706
254.72,-1715.1495,0.9797035,-0.4338706
254.73999,-1859.3679,-1.7442669,0.20565958
254.76,-1734.3785,-0.14193134,0.045777034
254.78,-1705.5349,0.9797035,-0.2739881
254.79999,-1777.644,-1.9045002,-0.114105515
254.81999,-1739.1859,0.6592364,-0.114105515
254.84,-1719.9567,0.81947,-0.114105515
254.86,-1710.3422,1.3001705,-0.114105515
254.87999,-1743.9932,0.17853576,-0.4338706
254.9,-1638.233,-0.14193134,-0.59375316
254.92,-1710.3422,0.17853576,-0.59375316
254.93999,-1705.5349,0.6592364,-0.4338706
254.95999,-1719.9567,0.6592364,-0.114105515
254.98,-1671.8839,2.261572,-1.0734009
255.0,-1700.7277,1.7808713,-0.114105515
255.01999,-1748.8004,-0.30216488,-0.4338706
255.04,-1700.7277,0.81947,-0.4338706
255.06,-1739.1859,-0.46239844,-0.2739881
255.08,-1743.9932,-1.1033326,-0.7536357
255.09999,-1729.5713,0.49900287,-0.4338706
255.12,-1743.9932,0.17853576,-0.114105515
255.14,-1734.3785,-0.62263197,0.045777034
255.15999,-1710.3422,0.17853576,-0.4338706
255.18,-1715.1495,2.1013381,-0.114105515
255.2,-1758.415,-0.62263197,0.045777034
255.22,-1724.764,0.49900287,-0.114105515
255.23999,-1960.3208,-4.3080034,0.045777034
255.26,-1700.7277,0.6592364,-0.59375316
255.28,-1748.8004,-0.46239844,-0.59375316
255.29999,-1768.0295,-1.9045002,-0.2739881
255.31999,-1734.3785,0.81947,-0.4338706
255.34,-1811.295,-1.2635663,-0.4338706
255.36,-1772.8368,-0.62263197,-0.4338706
255.37999,-1724.764,0.9797035,-0.4338706
255.4,-1667.0768,1.4604042,-0.114105515
255.42,-1743.9932,0.17853576,-0.114105515
255.43999,-1772.8368,-1.1033326,-0.7536357
255.45999,-1777.644,-0.9430991,-0.114105515
255.48,-1710.3422,0.9797035,-0.114105515
255.5,-1753.6077,0.33876932,-0.114105515
255.51999,-1667.0768,1.7808713,-0.4338706
255.54,-1724.764,0.81947,-0.2739881
255.56,-1739.1859,0.17853576,-0.2739881
255.58,-1715.1495,0.49900287,-0.59375316
255.59999,-1763.2223,-0.30216488,-0.114105515
255.62,-1729.5713,0.49900287,-0.2739881
255.64,-1768.0295,-0.9430991,-0.114105515
255.65999,-1681.4985,0.17853576,0.20565958
255.68,-1724.764,0.17853576,-0.2739881
255.7,-1763.2223,-0.46239844,-0.2739881
255.72,-1705.5349,0.81947,-0.2739881
255.73999,-1893.0188,-2.8659017,0.5254247
255.76,-1753.6077,-0.14193134,-0.2739881
255.78,-1748.8004,-1.1033326,-0.4338706
255.79999,-1763.2223,-0.46239844,0.045777034
255.81999,-1763.2223,0.33876932,-0.4338706
255.84,-1719.9567,0.018302217,0.045777034
255.86,-1686.3058,1.9411048,0.045777034
255.87999,-1772.8368,-0.30216488,0.045777034
255.9,-1724.764,0.33876932,-0.2739881
255.92,-1758.415,-0.14193134,-0.2739881
255.93999,-1743.9932,0.018302217,0.045777034
255.95999,-1743.9932,0.018302217,-0.114105515
255.98,-1700.7277,0.9797035,-0.114105515
256.0,-1782.4514,-1.1033326,-0.114105515
256.02,-1743.9932,-0.14193134,-0.114105515
256.04,-1782.4514,-1.4237996,0.20565958
256.06,-1748.8004,-1.1033326,0.045777034
256.08,-1748.8004,-0.30216488,-0.114105515
256.1,-1729.5713,0.6592364,-0.2739881
256.12,-1763.2223,-1.7442669,0.045777034
256.13998,-1777.644,-0.7828655,-0.114105515
256.16,-1700.7277,0.17853576,0.20565958
256.18,-1734.3785,0.33876932,-0.114105515
256.19998,-1748.8004,0.018302217,0.045777034
256.22,-1715.1495,1.139937,0.20565958
256.24,-1897.826,-2.7056682,0.68530726
256.25998,-1719.9567,0.6592364,0.36554214
256.28,-1719.9567,0.81947,0.045777034
256.3,-1734.3785,0.33876932,0.045777034
256.32,-1739.1859,-0.14193134,-0.2739881
256.34,-1820.9095,-2.385201,-0.2739881
256.36,-1739.1859,0.33876932,-0.114105515
256.38,-1739.1859,-0.14193134,0.045777034
256.4,-1739.1859,0.17853576,0.045777034
256.41998,-1739.1859,0.33876932,0.5254247
256.44,-1787.2587,-1.5840333,-0.2739881
256.46,-1748.8004,0.49900287,-0.114105515
256.47998,-1739.1859,-0.30216488,0.045777034
256.5,-1739.1859,1.139937,0.20565958
256.52,-1743.9932,0.33876932,-0.114105515
256.54,-1691.1132,1.139937,-0.2739881
256.56,-1748.8004,0.6592364,-0.4338706
256.58,-1729.5713,0.81947,-0.2739881
256.6,-1743.9932,0.018302217,0.045777034
256.62,-1748.8004,-0.14193134,-0.114105515
256.63998,-1768.0295,0.49900287,-0.114105515
256.66,-1763.2223,-0.7828655,0.20565958
256.68,-1691.1132,0.81947,0.045777034
256.69998,-1763.2223,0.018302217,0.045777034
256.72,-1796.8732,-1.2635663,0.045777034
256.74,-1840.1388,-1.4237996,0.36554214
256.75998,-1748.8004,0.9797035,0.20565958
256.78,-1772.8368,-0.30216488,0.20565958
256.8,-1739.1859,0.33876932,0.045777034
256.82,-1840.1388,-2.385201,0.68530726
256.84,-1753.6077,0.33876932,-0.114105515
256.86,-1739.1859,0.49900287,0.045777034
256.88,-1753.6077,-0.30216488,0.20565958
256.9,-1724.764,0.17853576,-0.4338706
256.91998,-1715.1495,2.5820389,-0.114105515
256.94,-1739.1859,1.3001705,-0.114105515
256.96,-1792.066,-0.9430991,-0.114105515
256.97998,-1777.644,-1.1033326,0.045777034
257.0,-1792.066,-0.62263197,-0.2739881
257.02,-1782.4514,0.49900287,0.045777034
257.04,-1782.4514,-1.9045002,-0.114105515
257.06,-1739.1859,0.33876932,0.20565958
257.08,-1830.5242,-2.2249672,-0.2739881
257.1,-1801.6804,-1.1033326,0.045777034
257.12,-1763.2223,-0.62263197,-0.114105515
257.13998,-1796.8732,-2.0647337,-0.114105515
257.16,-1758.415,-1.1033326,-0.114105515
257.18,-1748.8004,-0.30216488,-0.114105515
257.19998,-1763.2223,-0.62263197,-0.2739881
257.22,-1772.8368,-0.46239844,-0.114105515
257.24,-1758.415,-0.7828655,-0.114105515
257.25998,-1777.644,-0.7828655,-0.4338706
257.28,-1806.4878,-1.1033326,-0.114105515
257.3,-1734.3785,0.81947,0.20565958
257.32,-1787.2587,-0.7828655,0.045777034
257.34,-1811.295,-1.5840333,0.045777034
257.36,-1772.8368,-0.30216488,0.045777034
257.38,-1753.6077,-0.46239844,0.045777034
257.4,-1782.4514,-0.7828655,0.045777034
257.41998,-1739.1859,0.9797035,-0.2739881
257.44,-1830.5242,-2.0647337,-0.114105515
257.46,-1825.7169,-2.5454345,-0.2739881
257.47998,-1792.066,-1.9045002,0.045777034
257.5,-1830.5242,-1.9045002,0.20565958
257.52,-1734.3785,0.17853576,-0.114105515
257.54,-1796.8732,-2.0647337,0.20565958
257.56,-1792.066,-1.2635663,-0.2739881
257.58,-1787.2587,-1.7442669,-0.114105515
257.6,-1792.066,-1.1033326,0.045777034
257.62,-1768.0295,-0.46239844,-0.4338706
257.63998,-1753.6077,0.33876932,-0.114105515
257.66,-1835.3314,-2.385201,0.20565958
257.68,-1825.7169,-1.7442669,0.045777034
257.69998,-1816.1024,-1.9045002,-0.114105515
257.72,-1763.2223,-0.7828655,0.045777034
257.74,-1763.2223,-0.46239844,-0.114105515
257.75998,-1811.295,-1.5840333,0.045777034
257.78,-1792.066,-0.9430991,-0.2739881
257.8,-1811.295,-1.2635663,0.045777034
257.82,-1835.3314,-2.8659017,-0.114105515
257.84,-1763.2223,-1.1033326,-0.114105515
257.86,-1787.2587,-0.7828655,-0.114105515
257.88,-1758.415,-0.30216488,-0.114105515
257.9,-1864.1752,-2.5454345,-0.114105515
257.91998,-1768.0295,-0.46239844,-0.114105515
257.94,-1772.8368,-0.7828655,0.045777034
257.96,-1743.9932,0.018302217,-0.2739881
257.97998,-1782.4514,-0.46239844,-0.114105515
258.0,-1816.1024,-1.2635663,0.36554214
258.02,-1796.8732,-0.9430991,-0.114105515
258.04,-1816.1024,-2.0647337,0.045777034
258.06,-1787.2587,0.018302217,-0.114105515
258.08,-1715.1495,0.6592364,0.20565958
258.1,-1796.8732,-1.1033326,0.20565958
258.12,-1772.8368,-0.14193134,0.20565958
258.13998,-1792.066,-0.46239844,0.045777034
258.16,-1873.7897,-2.8659017,0.5254247
258.18,-1796.8732,-1.1033326,-0.2739881
258.19998,-1801.6804,-1.9045002,-0.4338706
258.22,-1792.066,-1.7442669,-0.59375316
258.24,-1816.1024,-2.0647337,-0.114105515
258.25998,-1763.2223,-0.14193134,0.045777034
258.28,-1849.7533,-2.385201,-0.114105515
258.3,-1801.6804,-1.5840333,-0.114105515
258.32,-1763.2223,0.81947,-0.2739881
258.34,-1806.4878,-2.2249672,0.045777034
258.36,-1763.2223,-0.14193134,-0.114105515
258.38,-1888.2114,-4.14777,-0.114105515
258.4,-1801.6804,-0.7828655,-0.114105515
258.41998,-1763.2223,-0.30216488,-0.2739881
258.44,-1739.1859,0.81947,-0.2739881
258.46,-1743.9932,0.6592364,-0.114105515
258.47998,-1763.2223,0.33876932,-0.4338706
258.5,-1830.5242,-1.5840333,0.045777034
258.52,-1816.1024,-1.5840333,0.045777034
258.54,-1849.7533,-2.2249672,0.045777034
258.56,-1777.644,-1.1033326,-0.2739881
258.58,-1811.295,-1.1033326,0.045777034
258.6,-1796.8732,-1.4237996,-0.114105515
258.62,-1763.2223,-0.14193134,0.045777034
258.63998,-1739.1859,1.4604042,0.045777034
258.66,-1763.2223,-0.62263197,-0.114105515
258.68,-1772.8368,-0.14193134,-0.2739881
258.69998,-1806.4878,-1.1033326,-0.2739881
258.72,-1820.9095,-1.9045002,-0.114105515
258.74,-1782.4514,-0.46239844,0.36554214
258.75998,-1748.8004,0.018302217,-0.114105515
258.78,-1743.9932,0.018302217,0.045777034
258.8,-1777.644,0.018302217,-0.114105515
258.82,-1787.2587,-0.14193134,-0.114105515
258.84,-1820.9095,-1.2635663,0.045777034
258.86,-1830.5242,-1.9045002,-0.114105515
258.88,-1830.5242,-2.0647337,0.045777034
258.9,-1796.8732,-1.5840333,-0.4338706
258.91998,-1796.8732,-0.7828655,-0.2739881
258.94,-1801.6804,-1.1033326,0.045777034
258.96,-1806.4878,-1.1033326,-0.2739881
258.97998,-1820.9095,-2.5454345,-0.2739881
259.0,-1777.644,0.17853576,-0.114105515
259.02,-1792.066,0.6592364,0.045777034
259.04,-1734.3785,0.33876932,0.045777034
259.06,-1830.5242,-1.4237996,0.20565958
259.08,-1835.3314,-2.385201,-0.114105515
259.1,-1801.6804,-0.9430991,0.20565958
259.12,-1796.8732,-2.385201,-0.114105515
259.13998,-1753.6077,-0.30216488,-0.2739881
259.16,-1873.7897,-3.1863687,0.36554214
259.18,-1820.9095,-0.7828655,0.045777034
259.19998,-1796.8732,-0.7828655,-0.114105515
259.22,-1830.5242,-1.1033326,0.045777034
259.24,-1772.8368,0.17853576,-0.114105515
259.25998,-1806.4878,-1.2635663,0.045777034
259.28,-1801.6804,-0.30216488,-0.114105515
259.3,-1782.4514,1.139937,0.045777034
259.32,-1811.295,-1.5840333,-0.114105515
259.34,-1782.4514,-0.9430991,0.045777034
259.36,-1734.3785,2.5820389,0.20565958
259.38,-1763.2223,0.6592364,0.045777034
259.4,-1792.066,0.49900287,0.045777034
259.41998,-1739.1859,1.6206378,0.045777034
259.44,-1806.4878,-0.7828655,-0.114105515
259.46,-1772.8368,-0.30216488,-0.114105515
259.47998,-1801.6804,-0.14193134,-0.114105515
259.5,-1777.644,-0.30216488,-0.114105515
259.52,-1768.0295,1.139937,0.36554214
259.54,-1787.2587,0.018302217,-0.114105515
259.56,-1806.4878,-1.5840333,0.045777034
259.58,-1763.2223,0.9797035,-0.2739881
259.6,-1801.6804,-0.14193134,0.20565958
259.62,-1758.415,0.17853576,-0.114105515
259.63998,-1782.4514,0.17853576,-0.114105515
259.66,-1907.4407,-2.5454345,0.20565958
259.68,-1777.644,0.33876932,-0.2739881
259.69998,-1758.415,0.49900287,0.045777034
259.72,-1806.4878,-0.62263197,0.36554214
259.74,-1686.3058,4.184375,0.045777034
259.75998,-1825.7169,-1.5840333,0.045777034
259.78,-1811.295,-0.46239844,0.20565958
259.8,-1830.5242,-0.14193134,0.045777034
259.82,-1772.8368,0.81947,0.045777034
259.84,-1758.415,0.81947,-0.114105515
259.86,-1796.8732,-0.30216488,-0.114105515
259.88,-1763.2223,1.3001705,-0.114105515
259.9,-1796.8732,-0.14193134,0.36554214
259.91998,-1782.4514,0.17853576,0.045777034
259.94,-1777.644,-0.14193134,-0.114105515
259.96,-1835.3314,-1.1033326,0.045777034
259.97998,-1816.1024,-0.30216488,-0.114105515
260.0,-1681.4985,3.7036738,0.20565958
260.02,-1816.1024,-0.62263197,0.045777034
260.04,-1763.2223,-0.14193134,-0.114105515
260.06,-1739.1859,2.902506,0.68530726
260.08,-1835.3314,-0.14193134,0.20565958
260.1,-1816.1024,-0.62263197,0.045777034
260.12,-1782.4514,0.49900287,0.045777034
260.13998,-1811.295,-0.30216488,-0.114105515
260.16,-2003.5862,-4.3080034,0.20565958
260.18,-1792.066,-0.30216488,-0.2739881
260.19998,-1796.8732,-0.30216488,-0.4338706
260.22,-1734.3785,4.024141,-0.2739881
260.24,-1734.3785,2.4218054,0.20565958
260.25998,-1835.3314,-2.0647337,0.20565958
260.28,-1816.1024,-1.1033326,-0.2739881
260.3,-1796.8732,-1.1033326,-0.2739881
260.32,-1873.7897,-2.8659017,-0.4338706
260.34,-1787.2587,-0.30216488,-0.114105515
260.36,-1782.4514,0.17853576,-0.2739881
260.38,-1801.6804,-0.46239844,-0.2739881
260.4,-1864.1752,-1.1033326,0.20565958
260.41998,-1715.1495,1.3001705,-0.2739881
260.44,-1792.066,-0.14193134,0.20565958
260.46,-1840.1388,-1.5840333,0.045777034
260.47998,-1787.2587,0.9797035,0.045777034
260.5,-1897.826,-3.6670694,-0.114105515
260.52,-1768.0295,-0.30216488,-0.114105515
260.54,-1811.295,-1.5840333,0.045777034
260.56,-1792.066,-0.46239844,-0.2739881
260.58,-1825.7169,-0.30216488,-0.114105515
260.6,-1825.7169,-0.30216488,0.20565958
260.62,-1835.3314,-1.2635663,0.045777034
260.63998,-1844.946,-2.2249672,-0.114105515
260.66,-1878.597,-3.1863687,-0.59375316
260.68,-1758.415,0.17853576,-0.114105515
260.69998,-1796.8732,-0.46239844,0.20565958
260.72,-1796.8732,-0.46239844,0.20565958
260.74,-1667.0768,3.3832066,0.045777034
260.75998,-1787.2587,-0.46239844,-0.114105515
260.78,-1792.066,-0.7828655,-0.4338706
260.8,-1806.4878,-0.30216488,0.045777034
260.82,-1873.7897,-1.7442669,0.045777034
260.84,-1830.5242,-0.46239844,-0.2739881
260.86,-1840.1388,-1.7442669,0.20565958
260.88,-1792.066,-1.4237996,-0.114105515
260.9,-1897.826,-1.9045002,0.68530726
260.91998,-1806.4878,0.018302217,-0.114105515
260.94,-1772.8368,0.17853576,0.36554214
260.96,-1864.1752,-1.9045002,-0.114105515
260.97998,-1792.066,0.49900287,0.20565958
261.0,-1792.066,-0.30216488,-0.2739881
261.02,-1796.8732,0.018302217,0.045777034
261.04,-1830.5242,-0.7828655,0.20565958
261.06,-1743.9932,1.139937,0.045777034
261.08,-1835.3314,-0.30216488,-0.114105515
261.1,-1777.644,0.81947,0.20565958
261.12,-1835.3314,-0.62263197,0.20565958
261.13998,-1811.295,0.6592364,0.045777034
261.16,-1835.3314,-1.4237996,0.045777034
261.18,-1849.7533,-1.9045002,-0.2739881
261.19998,-1840.1388,-1.4237996,-0.114105515
261.22,-1801.6804,-0.7828655,-0.114105515
261.24,-1542.0874,6.2674108,0.20565958
261.25998,-1724.764,1.7808713,0.20565958
261.28,-1739.1859,2.261572,0.20565958
261.3,-1816.1024,-0.14193134,-0.114105515
261.32,-1897.826,-1.9045002,0.20565958
261.34,-1859.3679,-2.5454345,0.045777034
261.36,-1758.415,0.33876932,0.045777034
261.38,-1825.7169,-1.4237996,0.045777034
261.4,-1989.1644,-4.7887044,0.36554214
261.41998,-1787.2587,-0.46239844,-0.2739881
261.44,-1849.7533,-2.0647337,-0.2739881
261.46,-1763.2223,0.6592364,-0.4338706
261.47998,-1691.1132,3.7036738,0.045777034
261.5,-1806.4878,-0.14193134,0.045777034
261.52,-1844.946,-1.4237996,-0.114105515
261.54,-1844.946,-0.9430991,0.045777034
261.56,-1782.4514,0.81947,-0.2739881
261.58,-1825.7169,-1.1033326,0.045777034
261.6,-1825.7169,-0.9430991,-0.2739881
261.62,-1806.4878,-0.14193134,0.20565958
261.63998,-1835.3314,-0.7828655,0.20565958
261.66,-1897.826,-1.7442669,0.20565958
261.68,-1840.1388,-1.4237996,-0.114105515
261.69998,-1816.1024,-0.7828655,0.045777034
261.72,-1806.4878,-0.46239844,0.045777034
261.74,-1561.3165,4.6650753,0.20565958
261.75998,-1830.5242,-1.1033326,-0.114105515
261.78,-1796.8732,-0.14193134,-0.2739881
261.8,-1724.764,2.1013381,-0.114105515
261.82,-1768.0295,0.9797035,0.045777034
261.84,-1787.2587,0.49900287,0.20565958
261.86,-1820.9095,-0.7828655,-0.4338706
261.88,-1801.6804,0.6592364,0.045777034
261.9,-1979.5498,-4.6284704,0.20565958
261.91998,-1801.6804,-0.62263197,0.045777034
261.94,-1748.8004,1.139937,0.20565958
261.96,-1806.4878,0.17853576,0.20565958
261.97998,-1628.6184,5.145776,-0.114105515
262.0,-1782.4514,0.49900287,-0.114105515
262.02,-1830.5242,-1.1033326,0.045777034
262.04,-1796.8732,0.018302217,0.045777034
262.06,-1777.644,0.49900287,-0.114105515
262.08,-1840.1388,-0.7828655,-0.114105515
262.1,-1806.4878,-0.14193134,-0.114105515
262.12,-1820.9095,-0.30216488,0.045777034
262.13998,-1748.8004,1.7808713,-0.114105515
262.16,-1820.9095,0.81947,0.045777034
262.18,-1782.4514,1.4604042,0.045777034
262.19998,-1816.1024,-0.62263197,-0.114105515
262.22,-1864.1752,-1.5840333,0.045777034
262.24,-1667.0768,1.4604042,-0.59375316
262.25998,-1840.1388,-1.9045002,0.045777034
262.28,-1811.295,-1.1033326,0.045777034
262.3,-1719.9567,1.7808713,-0.114105515
262.32,-1748.8004,1.4604042,-0.2739881
262.34,-1835.3314,-0.62263197,-0.114105515
262.36,-1868.9824,-1.4237996,0.20565958
262.38,-1835.3314,-0.7828655,0.20565958
262.4,-1950.7063,-4.3080034,0.5254247
262.41998,-1763.2223,0.49900287,-0.114105515
262.44,-1840.1388,-0.9430991,-0.2739881
262.46,-1844.946,-0.9430991,-0.2739881
262.47998,-1551.7019,6.7481112,-0.59375316
262.5,-1772.8368,0.018302217,-0.2739881
262.52,-1859.3679,-1.5840333,0.20565958
262.54,-1830.5242,-0.62263197,-0.114105515
262.56,-1811.295,-0.14193134,0.20565958
262.58,-1868.9824,-0.62263197,-0.2739881
262.6,-1864.1752,-1.9045002,0.045777034
262.62,-1748.8004,1.3001705,-0.2739881
262.63998,-1777.644,0.17853576,0.045777034
262.66,-1753.6077,1.139937,-0.2739881
262.68,-1801.6804,1.139937,0.20565958
262.69998,-1801.6804,0.81947,0.045777034
262.72,-1883.4043,-2.0647337,0.20565958
262.74,-1652.6548,1.7808713,-0.114105515
262.75998,-1820.9095,0.33876932,0.20565958
262.78,-1854.5605,-0.7828655,0.045777034
262.8,-1840.1388,-0.62263197,-0.2739881
262.82,-1859.3679,-2.0647337,0.045777034
262.84,-1825.7169,0.49900287,0.045777034
262.86,-1835.3314,0.6592364,-0.4338706
262.88,-1811.295,0.81947,0.045777034
262.9,-1921.8624,-3.026135,-0.114105515
262.91998,-1816.1024,-0.7828655,0.045777034
262.94,-1844.946,0.018302217,0.045777034
262.96,-1849.7533,-0.46239844,-0.114105515
262.97998,-1623.8112,4.024141,-0.9135183
263.0,-1912.2478,-2.385201,-0.114105515
263.02,-1840.1388,-0.9430991,-0.114105515
263.04,-1787.2587,1.139937,-0.2739881
263.06,-1849.7533,-0.62263197,-0.2739881
263.08,-1864.1752,0.33876932,-0.114105515
263.1,-1830.5242,-0.30216488,-0.114105515
263.12,-1816.1024,0.49900287,0.20565958
263.13998,-1864.1752,-1.2635663,0.045777034
263.16,-1859.3679,0.9797035,-0.114105515
263.18,-1840.1388,-0.62263197,0.045777034
263.19998,-1820.9095,1.3001705,0.20565958
263.22,-1835.3314,-0.30216488,-0.2739881
263.24,-1695.9203,0.49900287,-0.114105515
263.25998,-1840.1388,-0.30216488,-0.114105515
263.28,-1840.1388,0.018302217,0.20565958
263.3,-1811.295,0.17853576,-0.2739881
263.32,-2008.3937,-3.827303,0.36554214
263.34,-1849.7533,0.33876932,0.20565958
263.36,-1801.6804,0.81947,0.045777034
263.38,-1825.7169,0.81947,0.20565958
263.4,-1830.5242,-2.7056682,-0.114105515
263.41998,-1792.066,0.6592364,-0.2739881
263.44,-1859.3679,-0.46239844,-0.114105515
263.46,-1844.946,-1.2635663,-0.114105515
263.47998,-1667.0768,2.7422726,-0.7536357
263.5,-1825.7169,0.018302217,0.045777034
263.52,-1796.8732,0.81947,-0.2739881
263.54,-1796.8732,1.4604042,0.045777034
263.56,-1806.4878,-0.30216488,-0.114105515
263.58,-1873.7897,0.17853576,-0.114105515
263.6,-1801.6804,0.9797035,-0.114105515
263.62,-1796.8732,0.81947,0.20565958
263.63998,-1830.5242,-0.62263197,-0.2739881
263.66,-1931.477,-3.3466022,-0.114105515
263.68,-1830.5242,0.17853576,0.045777034
263.69998,-1825.7169,0.49900287,0.045777034
263.72,-1849.7533,-0.7828655,-0.2739881
263.74,-1792.066,-1.4237996,-0.2739881
263.75998,-1835.3314,0.33876932,-0.114105515
263.78,-1830.5242,0.33876932,-0.4338706
263.8,-1844.946,0.17853576,0.36554214
263.82,-1907.4407,-0.30216488,-0.114105515
263.84,-1868.9824,-1.4237996,-0.2739881
263.86,-1868.9824,-0.7828655,-0.2739881
263.88,-1825.7169,-1.1033326,0.20565958
263.9,-1734.3785,0.9797035,-0.2739881
263.91998,-1820.9095,0.49900287,0.045777034
263.94,-1806.4878,0.81947,-0.114105515
263.96,-1844.946,0.17853576,0.20565958
263.97998,-1768.0295,-0.9430991,-0.9135183
264.0,-1816.1024,0.17853576,-0.4338706
264.02,-1801.6804,0.81947,-0.4338706
264.04,-1840.1388,0.33876932,-0.114105515
264.06,-1806.4878,0.9797035,-0.2739881
264.08,-1849.7533,0.49900287,0.5254247
264.1,-1806.4878,1.9411048,0.045777034
264.12,-1844.946,0.17853576,-0.114105515
264.13998,-1873.7897,-0.14193134,0.045777034
264.16,-2046.8518,-6.5512733,-0.2739881
264.18,-1859.3679,-0.9430991,-0.4338706
264.19998,-1840.1388,0.6592364,-0.114105515
264.22,-1796.8732,1.139937,-0.2739881
264.24,-1888.2114,-3.3466022,-0.2739881
264.25998,-1830.5242,0.17853576,0.20565958
264.28,-1844.946,-0.46239844,-0.114105515
264.3,-1801.6804,0.6592364,0.20565958
264.32,-1743.9932,4.504842,-0.2739881
264.34,-1893.0188,-1.2635663,0.045777034
264.36,-1825.7169,1.4604042,-0.2739881
264.38,-1772.8368,1.6206378,0.045777034
264.4,-1777.644,0.018302217,-0.114105515
264.41998,-1840.1388,0.49900287,-0.2739881
264.44,-1830.5242,0.81947,0.045777034
264.46,-1859.3679,-0.14193134,0.045777034
264.47998,-1830.5242,-0.46239844,0.045777034
264.5,-1782.4514,2.5820389,-0.2739881
264.52,-1835.3314,0.33876932,-0.114105515
264.54,-1854.5605,-0.14193134,-0.114105515
264.56,-1830.5242,0.9797035,0.045777034
264.58,-1782.4514,0.9797035,0.045777034
264.6,-1816.1024,0.6592364,0.045777034
264.62,-1873.7897,-0.30216488,0.045777034
264.63998,-1820.9095,0.9797035,-0.2739881
264.66,-1782.4514,0.17853576,0.20565958
264.68,-1864.1752,-0.46239844,0.20565958
264.69998,-1844.946,0.49900287,0.045777034
264.72,-1840.1388,-0.46239844,0.045777034
264.74,-1965.128,-5.589872,-0.114105515
264.75998,-1844.946,0.49900287,-0.114105515
264.78,-1820.9095,0.49900287,-0.4338706
264.8,-1806.4878,0.9797035,-0.2739881
264.82,-1638.233,5.466243,-0.4338706
264.84,-1854.5605,0.49900287,0.045777034
264.86,-1820.9095,0.33876932,-0.114105515
264.88,-1811.295,0.9797035,-0.114105515
264.9,-1782.4514,0.17853576,0.045777034
264.91998,-1864.1752,-0.14193134,-0.114105515
264.94,-1825.7169,0.33876932,0.20565958
264.96,-1868.9824,-1.4237996,-0.114105515
264.97998,-1854.5605,-0.14193134,0.045777034
265.0,-1849.7533,0.17853576,-0.2739881
265.02,-1854.5605,0.17853576,0.045777034
265.04,-1849.7533,0.17853576,-0.114105515
265.06,-1816.1024,0.49900287,0.20565958
265.08,-1816.1024,-0.14193134,-0.4338706
265.1,-1859.3679,-0.7828655,-0.114105515
265.12,-1840.1388,0.81947,0.5254247
265.13998,-1830.5242,0.17853576,0.20565958
265.16,-1734.3785,3.0627398,0.20565958
265.18,-1878.597,-1.2635663,-0.59375316
265.19998,-1878.597,-1.7442669,0.045777034
265.22,-1859.3679,-0.9430991,-0.114105515
265.24,-2008.3937,-5.429638,0.68530726
265.25998,-1864.1752,0.33876932,0.045777034
265.28,-1830.5242,0.018302217,0.20565958
265.3,-1844.946,0.17853576,0.045777034
265.32,-1758.415,0.17853576,-0.114105515
265.34,-1811.295,1.139937,-0.114105515
265.36,-1864.1752,0.17853576,-0.114105515
265.38,-1844.946,0.49900287,0.045777034
265.4,-1782.4514,1.6206378,-0.114105515
265.41998,-1840.1388,0.81947,0.045777034
265.44,-1825.7169,0.81947,0.045777034
265.46,-1787.2587,1.7808713,-0.114105515
265.47998,-1864.1752,-0.62263197,0.20565958
265.5,-1888.2114,-0.62263197,0.045777034
265.52,-1830.5242,0.6592364,0.20565958
265.54,-1830.5242,0.17853576,-0.114105515
265.56,-1854.5605,-0.30216488,-0.2739881
265.58,-1854.5605,-1.2635663,-0.114105515
265.6,-1888.2114,-1.4237996,-0.2739881
265.62,-1816.1024,1.3001705,0.20565958
265.63998,-1844.946,-0.30216488,-0.2739881
265.66,-1739.1859,5.145776,-0.2739881
265.68,-1854.5605,0.33876932,-0.114105515
265.69998,-1796.8732,1.3001705,-0.4338706
265.72,-1825.7169,0.81947,-0.114105515
265.74,-2090.1172,-6.8717403,0.5254247
265.75998,-1811.295,0.17853576,-0.114105515
265.78,-1849.7533,-0.30216488,0.045777034
265.8,-1844.946,0.6592364,0.045777034
265.82,-1782.4514,1.4604042,-0.2739881
265.84,-1868.9824,0.17853576,0.20565958
265.86,-1844.946,1.4604042,0.20565958
265.88,-1859.3679,-0.46239844,0.20565958
265.9,-1825.7169,0.81947,0.045777034
265.91998,-1912.2478,-0.62263197,0.045777034
265.94,-1868.9824,-0.14193134,0.045777034
265.96,-1801.6804,1.4604042,0.045777034
265.97998,-1878.597,-0.7828655,0.36554214
266.0,-1897.826,-1.5840333,0.045777034
266.02,-1849.7533,1.139937,0.20565958
266.04,-1844.946,-0.46239844,-0.114105515
266.06,-1849.7533,0.49900287,0.20565958
266.08,-1792.066,0.81947,-0.2739881
266.1,-1883.4043,-0.46239844,0.045777034
266.12,-1893.0188,-0.62263197,0.20565958
266.13998,-1849.7533,0.49900287,0.20565958
266.16,-1772.8368,4.504842,-0.2739881
266.18,-1835.3314,0.81947,0.045777034
266.19998,-1893.0188,-0.7828655,0.045777034
266.22,-1883.4043,-0.62263197,0.20565958
266.24,-2085.31,-3.9875362,0.5254247
266.25998,-1897.826,-1.1033326,0.36554214
266.28,-1844.946,-0.14193134,-0.114105515
266.3,-1820.9095,1.139937,0.045777034
266.32,-1849.7533,0.018302217,0.045777034
266.34,-1864.1752,-0.46239844,0.20565958
266.36,-1878.597,-0.30216488,0.045777034
266.38,-1907.4407,-0.9430991,-0.114105515
266.4,-1816.1024,0.6592364,-0.114105515
266.41998,-1859.3679,0.17853576,0.045777034
266.44,-1893.0188,-1.4237996,0.045777034
266.46,-1854.5605,0.81947,-0.114105515
266.47998,-1902.6334,-0.7828655,0.20565958
266.5,-1849.7533,0.17853576,0.045777034
266.52,-1878.597,-0.7828655,-0.114105515
266.54,-1840.1388,0.49900287,0.045777034
266.56,-1873.7897,0.33876932,0.20565958
266.58,-1854.5605,0.49900287,0.20565958
266.6,-1864.1752,0.018302217,0.36554214
266.62,-1859.3679,-0.14193134,0.20565958
266.63998,-1859.3679,-0.14193134,0.045777034
266.66,-1917.0553,-1.2635663,0.045777034
266.68,-1873.7897,-0.62263197,0.045777034
266.69998,-1878.597,-0.62263197,0.20565958
266.72,-1873.7897,0.17853576,0.20565958
266.74,-2022.8154,-3.026135,0.8451898
266.75998,-1893.0188,-0.7828655,0.045777034
266.78,-1849.7533,0.6592364,0.20565958
266.8,-1897.826,0.17853576,0.36554214
266.82,-1849.7533,0.33876932,0.045777034
266.84,-1878.597,-1.1033326,-0.2739881
266.86,-1859.3679,-0.14193134,-0.2739881
266.88,-1868.9824,-0.46239844,0.20565958
266.9,-1864.1752,0.6592364,0.36554214
266.91998,-1835.3314,0.9797035,0.20565958
266.94,-1897.826,-0.14193134,0.36554214
266.96,-1849.7533,0.018302217,0.045777034
266.97998,-1921.8624,-1.5840333,0.36554214
267.0,-1849.7533,0.6592364,-0.114105515
267.02,-1873.7897,0.33876932,0.36554214
267.04,-1840.1388,0.9797035,0.20565958
267.06,-1883.4043,-0.9430991,-0.2739881
267.08,-1854.5605,0.6592364,-0.114105515
267.1,-1873.7897,0.17853576,-0.2739881
267.12,-1893.0188,-0.14193134,0.045777034
267.13998,-1859.3679,0.49900287,-0.114105515
267.16,-1878.597,0.17853576,0.045777034
267.18,-1873.7897,0.17853576,0.045777034
267.19998,-1844.946,0.33876932,-0.114105515
267.22,-1854.5605,0.6592364,0.20565958
267.24,-1893.0188,0.018302217,0.045777034
267.25998,-1868.9824,0.17853576,0.045777034
267.28,-1888.2114,-0.46239844,-0.114105515
267.3,-1864.1752,0.17853576,-0.4338706
267.32,-1825.7169,0.81947,-0.114105515
267.34,-1840.1388,1.4604042,0.20565958
267.36,-1859.3679,0.17853576,0.045777034
267.38,-1864.1752,0.33876932,-0.4338706
267.4,-1864.1752,0.81947,0.045777034
267.41998,-1907.4407,-0.30216488,0.20565958
267.44,-1835.3314,1.3001705,-0.114105515
267.46,-1854.5605,0.81947,0.045777034
267.47998,-1893.0188,0.49900287,0.045777034
267.5,-1878.597,0.33876932,-0.114105515
267.52,-1849.7533,0.33876932,-0.2739881
267.54,-1849.7533,0.33876932,-0.114105515
267.56,-1868.9824,0.17853576,-0.2739881
267.58,-1873.7897,0.81947,-0.114105515
267.6,-1864.1752,0.33876932,0.045777034
267.62,-1883.4043,-0.30216488,0.045777034
267.63998,-1849.7533,0.17853576,0.20565958
267.66,-1878.597,0.018302217,0.20565958
267.68,-1854.5605,0.49900287,-0.114105515
267.69998,-1859.3679,0.6592364,0.36554214
267.72,-1844.946,1.3001705,0.045777034
267.74,-1864.1752,0.81947,-0.114105515
267.75998,-1864.1752,-0.46239844,-0.2739881
267.78,-1849.7533,1.4604042,0.20565958
267.8,-1835.3314,1.3001705,-0.2739881
267.82,-1849.7533,0.6592364,0.20565958
267.84,-1921.8624,-0.46239844,0.20565958
267.86,-1864.1752,-0.14193134,-0.114105515
267.88,-1868.9824,-0.46239844,-0.2739881
267.9,-1893.0188,-0.7828655,-0.2739881
267.91998,-1835.3314,1.139937,-0.114105515
267.94,-1893.0188,-0.14193134,0.20565958
267.96,-1883.4043,0.6592364,-0.2739881
267.97998,-1917.0553,-0.7828655,0.20565958
268.0,-1873.7897,-0.30216488,0.045777034
268.02,-1878.597,0.33876932,0.045777034
268.04,-1907.4407,-0.7828655,0.045777034
268.06,-1873.7897,1.139937,0.045777034
268.08,-1840.1388,0.9797035,-0.114105515
268.1,-1873.7897,0.81947,-0.114105515
268.12,-1893.0188,0.17853576,-0.2739881
268.13998,-1864.1752,0.6592364,0.20565958
268.16,-1888.2114,-0.14193134,-0.114105515
268.18,-1912.2478,-0.14193134,-0.114105515
268.19998,-1883.4043,0.33876932,0.045777034
268.22,-1844.946,0.33876932,-0.114105515
268.24,-1849.7533,1.6206378,0.20565958
268.25998,-1849.7533,1.9411048,0.20565958
268.28,-1893.0188,0.6592364,-0.2739881
268.3,-1878.597,0.17853576,-0.114105515
268.32,-1907.4407,-0.7828655,0.045777034
268.34,-1840.1388,1.4604042,0.20565958
268.36,-1917.0553,-0.9430991,0.045777034
268.38,-1859.3679,1.139937,-0.2739881
268.4,-1859.3679,1.139937,0.045777034
268.41998,-1897.826,-0.14193134,0.045777034
268.44,-1835.3314,0.81947,0.20565958
268.46,-1883.4043,-0.30216488,-0.114105515
268.47998,-1844.946,1.6206378,0.20565958
268.5,-1888.2114,0.17853576,0.045777034
268.52,-1888.2114,-0.14193134,0.045777034
268.54,-1921.8624,-1.4237996,-0.2739881
268.56,-1849.7533,1.4604042,0.20565958
268.58,-1888.2114,-0.46239844,-0.114105515
268.6,-1907.4407,-0.62263197,0.36554214
268.62,-1878.597,0.17853576,0.36554214
268.63998,-1893.0188,0.6592364,0.045777034
268.66,-1897.826,-0.62263197,-0.4338706
268.68,-1868.9824,1.139937,-0.114105515
268.69998,-1883.4043,0.6592364,-0.114105515
268.72,-1864.1752,0.49900287,-0.2739881
268.74,-1849.7533,2.7422726,0.045777034
268.75998,-1883.4043,0.17853576,0.045777034
268.78,-1917.0553,-1.7442669,-0.2739881
268.8,-1902.6334,-0.30216488,0.045777034
268.82,-1907.4407,-0.30216488,0.20565958
268.84,-1907.4407,-0.9430991,-0.114105515
268.86,-1825.7169,2.4218054,-0.114105515
268.88,-1878.597,0.33876932,0.5254247
268.9,-1926.6698,-0.30216488,0.20565958
268.91998,-1844.946,1.3001705,0.36554214
268.94,-1859.3679,0.17853576,-0.114105515
268.96,-1878.597,0.17853576,0.045777034
268.97998,-1825.7169,1.4604042,-0.114105515
269.0,-1868.9824,1.6206378,0.045777034
269.02,-1907.4407,0.018302217,0.20565958
269.04,-1902.6334,-0.46239844,0.045777034
269.06,-1907.4407,-0.14193134,0.20565958
269.08,-1917.0553,-1.1033326,0.045777034
269.1,-1902.6334,-0.14193134,0.045777034
269.12,-1907.4407,0.33876932,-0.2739881
269.13998,-1859.3679,0.9797035,0.20565958
269.16,-1917.0553,-1.1033326,0.20565958
269.18,-1873.7897,0.6592364,-0.114105515
269.19998,-1893.0188,0.17853576,0.045777034
269.22,-1888.2114,0.49900287,0.20565958
269.24,-1787.2587,5.145776,-0.114105515
269.25998,-1873.7897,0.49900287,0.36554214
269.28,-1859.3679,0.9797035,0.045777034
269.3,-1897.826,-0.14193134,-0.114105515
269.32,-1931.477,-0.30216488,0.20565958
269.34,-1893.0188,0.018302217,0.045777034
269.36,-1917.0553,-0.14193134,0.045777034
269.38,-1897.826,0.6592364,0.20565958
269.4,-1897.826,-0.14193134,-0.2739881
269.41998,-1941.0917,-1.1033326,0.20565958
269.44,-1893.0188,-0.62263197,-0.114105515
269.46,-1926.6698,-0.7828655,0.36554214
269.47998,-1912.2478,-0.30216488,-0.2739881
269.5,-1902.6334,-0.30216488,-0.114105515
269.52,-1873.7897,0.49900287,0.20565958
269.54,-1936.2842,-2.0647337,0.20565958
269.56,-1931.477,-0.46239844,0.36554214
269.58,-1897.826,-0.62263197,-0.114105515
269.6,-1917.0553,-0.62263197,0.045777034
269.62,-1897.826,0.018302217,0.20565958
269.63998,-1917.0553,-0.46239844,0.045777034
269.66,-1926.6698,-0.14193134,0.045777034
269.68,-1883.4043,0.81947,-0.114105515
269.69998,-1897.826,-0.62263197,0.045777034
269.72,-1926.6698,-0.9430991,0.20565958
269.74,-1729.5713,5.145776,-0.114105515
269.75998,-1888.2114,0.9797035,0.36554214
269.78,-1873.7897,0.81947,0.36554214
269.8,-1878.597,0.17853576,0.045777034
269.82,-1912.2478,0.018302217,0.045777034
269.84,-1945.8988,-1.9045002,-0.114105515
269.86,-1902.6334,-0.14193134,0.20565958
269.88,-1921.8624,-0.46239844,-0.2739881
269.9,-1926.6698,-1.1033326,-0.114105515
269.91998,-1921.8624,-0.46239844,0.5254247
269.94,-1955.5134,-1.1033326,0.045777034
269.96,-1849.7533,1.6206378,0.20565958
269.97998,-1811.295,1.9411048,0.045777034
270.0,-1902.6334,-0.14193134,0.045777034
270.02,-1974.7427,-2.8659017,0.20565958
270.04,-1888.2114,1.139937,0.20565958
270.06,-1883.4043,0.33876932,-0.114105515
270.08,-1989.1644,-2.2249672,0.20565958
270.1,-1950.7063,-0.46239844,0.20565958
270.12,-1840.1388,1.9411048,0.045777034
270.13998,-1917.0553,-0.62263197,0.20565958
270.16,-1912.2478,0.17853576,0.36554214
270.18,-1878.597,0.81947,0.045777034
270.19998,-1873.7897,-0.14193134,-0.114105515
270.22,-1878.597,0.9797035,0.20565958
270.24,-1667.0768,6.7481112,-0.114105515
270.25998,-1936.2842,-0.30216488,0.20565958
270.28,-1921.8624,-0.7828655,0.045777034
270.3,-1912.2478,0.018302217,0.045777034
270.32,-1835.3314,2.7422726,0.045777034
270.34,-1926.6698,-0.9430991,-0.114105515
270.36,-1893.0188,0.6592364,0.045777034
270.38,-1893.0188,0.81947,0.5254247
270.4,-1883.4043,1.3001705,-0.114105515
270.41998,-1917.0553,0.33876932,-0.114105515
270.44,-1878.597,0.6592364,0.20565958
270.46,-1907.4407,-0.30216488,0.20565958
270.47998,-1835.3314,1.6206378,0.36554214
270.5,-1902.6334,-0.46239844,0.045777034
270.52,-1931.477,-0.62263197,0.045777034
270.54,-1854.5605,1.6206378,0.045777034
270.56,-1941.0917,-0.62263197,0.20565958
270.58,-1917.0553,-0.30216488,0.045777034
270.6,-1873.7897,0.81947,0.20565958
270.62,-1945.8988,-1.1033326,-0.114105515
270.63998,-1993.9716,-2.2249672,0.20565958
270.66,-1936.2842,-0.62263197,-0.2739881
270.68,-1835.3314,1.9411048,-0.114105515
270.69998,-1883.4043,1.139937,0.20565958
270.72,-1873.7897,0.9797035,0.20565958
270.74,-1691.1132,4.024141,0.5254247
270.75998,-1893.0188,1.4604042,0.36554214
270.78,-1902.6334,0.17853576,0.045777034
270.8,-1902.6334,0.6592364,0.68530726
270.82,-1878.597,0.6592364,0.36554214
270.84,-1945.8988,-0.46239844,-0.114105515
270.86,-1873.7897,1.6206378,-0.114105515
270.88,-1868.9824,1.139937,-0.114105515
270.9,-1969.9352,-1.1033326,0.20565958
270.91998,-1902.6334,-0.46239844,0.045777034
270.94,-1936.2842,-0.9430991,0.045777034
270.96,-1912.2478,0.6592364,0.20565958
270.97998,-1811.295,2.4218054,0.045777034
271.0,-1926.6698,0.17853576,0.20565958
271.02,-1888.2114,-0.14193134,0.045777034
271.04,-1921.8624,0.018302217,0.20565958
271.06,-1864.1752,1.4604042,-0.2739881
271.08,-1931.477,0.6592364,-0.114105515
271.1,-1936.2842,-0.14193134,0.20565958
271.12,-1926.6698,-0.46239844,0.045777034
271.13998,-1931.477,-0.62263197,0.5254247
271.16,-1931.477,0.17853576,0.20565958
271.18,-1878.597,0.49900287,0.20565958
271.19998,-1912.2478,0.81947,0.36554214
271.22,-1897.826,0.49900287,0.045777034
271.24,-1715.1495,2.4218054,0.045777034
271.25998,-1864.1752,1.7808713,-0.114105515
271.28,-1912.2478,0.33876932,0.045777034
271.3,-1907.4407,0.6592364,-0.114105515
271.32,-1936.2842,0.9797035,-0.114105515
271.34,-1902.6334,0.6592364,0.20565958
271.36,-1912.2478,0.17853576,0.20565958
271.38,-1912.2478,-0.14193134,0.20565958
271.4,-1912.2478,0.9797035,0.36554214
271.41998,-1840.1388,1.6206378,-0.2739881
271.44,-1902.6334,0.17853576,0.20565958
271.46,-1931.477,-0.14193134,-0.114105515
271.47998,-1753.6077,2.5820389,-0.114105515
271.5,-1888.2114,0.49900287,0.045777034
271.52,-1902.6334,0.17853576,-0.2739881
271.54,-1873.7897,1.139937,-0.114105515
271.56,-1893.0188,0.6592364,0.20565958
271.58,-1974.7427,-1.2635663,0.5254247
271.6,-1893.0188,0.33876932,0.045777034
271.62,-1864.1752,0.33876932,0.36554214
271.63998,-1883.4043,0.81947,-0.114105515
271.66,-1950.7063,-0.7828655,0.20565958
271.68,-1979.5498,-0.7828655,0.20565958
271.69998,-1902.6334,0.33876932,-0.2739881
271.72,-1893.0188,0.33876932,0.20565958
271.74,-1792.066,0.9797035,-0.114105515
271.75998,-1859.3679,2.1013381,0.5254247
271.78,-1883.4043,1.139937,0.20565958
271.8,-1883.4043,1.3001705,0.20565958
271.82,-1993.9716,-1.1033326,0.68530726
271.84,-1926.6698,-0.30216488,0.5254247
271.86,-1873.7897,1.6206378,0.20565958
271.88,-1936.2842,0.17853576,0.20565958
271.9,-1912.2478,0.33876932,0.5254247
271.91998,-1931.477,-0.30216488,0.5254247
271.94,-1883.4043,0.17853576,-0.4338706
271.96,-1912.2478,0.17853576,0.20565958
271.97998,-1806.4878,-0.14193134,-0.114105515
272.0,-1912.2478,0.6592364,-0.114105515
272.02,-1921.8624,0.81947,0.20565958
272.04,-1907.4407,0.17853576,0.20565958
272.06,-1926.6698,0.018302217,0.36554214
272.08,-1945.8988,-0.14193134,0.20565958
272.1,-1897.826,1.139937,0.20565958
272.12,-1917.0553,0.6592364,0.20565958
272.13998,-1907.4407,1.139937,0.36554214
272.16,-1893.0188,1.6206378,0.36554214
272.18,-1955.5134,-0.62263197,0.045777034
272.19998,-1917.0553,0.33876932,0.045777034
272.22,-1902.6334,0.17853576,0.36554214
272.24,-1936.2842,-3.3466022,0.20565958
272.25998,-1936.2842,0.33876932,0.20565958
272.28,-1888.2114,0.81947,-0.114105515
272.3,-1902.6334,0.17853576,0.20565958
272.32,-1965.128,-0.7828655,0.045777034
272.34,-1945.8988,0.33876932,0.20565958
272.36,-1931.477,0.17853576,0.045777034
272.38,-1868.9824,2.4218054,0.68530726
272.4,-1902.6334,0.33876932,0.68530726
272.41998,-1931.477,0.33876932,0.5254247
272.44,-1868.9824,2.4218054,-0.114105515
272.46,-1902.6334,0.17853576,0.20565958
272.47998,-1854.5605,-1.1033326,-0.114105515
272.5,-1926.6698,0.49900287,0.045777034
272.52,-1936.2842,0.33876932,0.36554214
272.54,-1945.8988,-0.30216488,-0.114105515
272.56,-1917.0553,-0.14193134,0.20565958
272.58,-1931.477,0.81947,0.36554214
272.6,-1926.6698,-0.14193134,-0.114105515
272.62,-1917.0553,0.81947,0.20565958
272.63998,-1921.8624,0.6592364,-0.114105515
272.66,-1907.4407,-0.14193134,0.20565958
272.68,-1950.7063,-0.14193134,0.20565958
272.69998,-1893.0188,1.7808713,-0.114105515
272.72,-1936.2842,0.018302217,0.045777034
272.74,-2037.2372,-4.948938,0.045777034
272.75998,-1888.2114,1.6206378,0.36554214
272.78,-1897.826,0.49900287,0.045777034
272.8,-1936.2842,-0.30216488,0.20565958
272.82,-1893.0188,1.7808713,0.045777034
272.84,-1969.9352,-1.7442669,0.20565958
272.86,-1936.2842,-0.30216488,0.20565958
272.88,-1917.0553,-0.30216488,0.045777034
272.9,-1912.2478,1.7808713,0.5254247
272.91998,-1941.0917,-0.30216488,-0.114105515
272.94,-1936.2842,-0.30216488,0.36554214
272.96,-1941.0917,-0.9430991,0.045777034
272.97998,-2003.5862,-5.910339,-0.4338706
273.0,-1936.2842,0.49900287,0.045777034
273.02,-1941.0917,0.17853576,0.36554214
273.04,-1921.8624,-1.1033326,-0.114105515
273.06,-1950.7063,-0.30216488,0.20565958
273.08,-1912.2478,0.49900287,0.36554214
273.1,-1931.477,0.6592364,0.36554214
273.12,-1941.0917,0.49900287,0.36554214
273.13998,-1950.7063,-0.9430991,-0.114105515
273.16,-1960.3208,-1.5840333,0.20565958
273.18,-1921.8624,0.6592364,0.045777034
273.19998,-1965.128,-1.4237996,0.36554214
273.22,-1969.9352,-0.62263197,0.20565958
273.24,-2147.8047,-7.352441,0.045777034
273.25998,-1907.4407,0.018302217,-0.114105515
273.28,-1926.6698,0.17853576,-0.114105515
273.3,-1969.9352,-0.9430991,0.20565958
273.32,-1936.2842,1.139937,0.045777034
273.34,-1941.0917,-0.62263197,0.045777034
273.36,-1950.7063,0.018302217,0.045777034
273.38,-1979.5498,-0.9430991,-0.114105515
273.4,-1825.7169,3.0627398,0.5254247
273.41998,-1917.0553,-0.46239844,0.045777034
273.44,-1965.128,-0.9430991,0.045777034
273.46,-1921.8624,1.139937,0.045777034
273.47998,-2123.768,-8.474075,0.20565958
273.5,-1931.477,0.17853576,0.36554214
273.52,-1931.477,1.139937,0.20565958
273.54,-1917.0553,0.6592364,0.045777034
273.56,-1941.0917,0.17853576,0.20565958
273.58,-1936.2842,-0.30216488,-0.114105515
273.6,-1945.8988,0.33876932,0.20565958
273.62,-1931.477,-0.30216488,-0.114105515
273.63998,-1965.128,-0.7828655,-0.114105515
273.66,-1974.7427,-0.62263197,0.20565958
273.68,-1936.2842,0.33876932,0.36554214
273.69998,-1955.5134,-0.9430991,-0.114105515
273.72,-1955.5134,-0.9430991,0.045777034
273.74,-2090.1172,-3.9875362,0.20565958
273.75998,-1907.4407,1.7808713,0.36554214
273.78,-1907.4407,1.3001705,0.20565958
273.8,-1931.477,0.81947,0.045777034
273.82,-1859.3679,2.7422726,-0.114105515
273.84,-1931.477,0.17853576,-0.114105515
273.86,-1921.8624,0.81947,-0.114105515
273.88,-1912.2478,0.33876932,0.20565958
273.9,-1873.7897,2.261572,0.36554214
273.91998,-2022.8154,-1.5840333,0.045777034
273.94,-1907.4407,0.9797035,-0.114105515
273.96,-1950.7063,-0.46239844,0.5254247
273.97998,-2123.768,-7.192207,0.045777034
274.0,-1955.5134,0.33876932,0.20565958
274.02,-1941.0917,0.49900287,0.5254247
274.04,-1936.2842,0.49900287,0.045777034
274.06,-1941.0917,-0.30216488,0.20565958
274.08,-1893.0188,1.4604042,-0.2739881
274.1,-1941.0917,0.9797035,0.045777034
274.12,-1950.7063,0.17853576,-0.114105515
274.13998,-1993.9716,-1.4237996,-0.2739881
274.16,-1941.0917,0.17853576,-0.114105515
274.18,-1941.0917,0.33876932,-0.114105515
274.19998,-1907.4407,0.81947,-0.2739881
274.22,-1965.128,-0.30216488,-0.114105515
274.24,-2066.0808,-2.2249672,-0.114105515
274.25998,-1969.9352,-0.14193134,-0.114105515
274.28,-1926.6698,0.49900287,0.045777034
274.3,-1950.7063,-0.46239844,-0.114105515
274.32,-1931.477,-0.14193134,-0.2739881
274.34,-1965.128,0.33876932,0.045777034
274.36,-1926.6698,0.33876932,-0.2739881
274.38,-1955.5134,0.018302217,-0.114105515
274.4,-1888.2114,2.7422726,0.5254247
274.41998,-1921.8624,0.9797035,-0.2739881
274.44,-1936.2842,0.49900287,0.045777034
274.46,-1912.2478,0.9797035,-0.114105515
274.47998,-2109.3464,-5.7501054,-0.4338706
274.5,-1941.0917,-0.14193134,-0.114105515
274.52,-1888.2114,1.6206378,0.045777034
274.54,-1950.7063,0.49900287,0.045777034
274.56,-1936.2842,0.6592364,-0.114105515
274.58,-1936.2842,-0.30216488,-0.114105515
274.6,-1974.7427,-0.9430991,-0.4338706
274.62,-1912.2478,1.4604042,0.045777034
274.63998,-1950.7063,0.17853576,0.045777034
274.66,-1893.0188,2.261572,-0.2739881
274.68,-1974.7427,-0.30216488,0.045777034
274.69998,-1984.3572,-1.2635663,0.045777034
274.72,-1950.7063,-0.9430991,0.20565958
274.74,-2070.8882,-1.9045002,-0.59375316
274.75998,-1931.477,0.6592364,0.045777034
274.78,-1965.128,0.81947,0.045777034
274.8,-1979.5498,-0.14193134,-0.114105515
274.82,-1897.826,0.81947,-0.4338706
274.84,-2003.5862,-0.9430991,-0.2739881
274.86,-1936.2842,0.33876932,-0.4338706
274.88,-1941.0917,0.17853576,0.20565958
274.9,-1921.8624,1.3001705,-0.114105515
274.91998,-1955.5134,0.33876932,-0.114105515
274.94,-1936.2842,0.9797035,0.045777034
274.96,-1955.5134,-0.30216488,0.045777034
274.97998,-2171.841,-5.2694044,-0.2739881
275.0,-1984.3572,-1.1033326,-0.2739881
275.02,-1965.128,-0.14193134,0.045777034
275.04,-1921.8624,1.3001705,0.20565958
275.06,-1984.3572,-0.62263197,0.20565958
275.08,-1912.2478,0.81947,-0.114105515
275.1,-1965.128,0.018302217,0.045777034
275.12,-1955.5134,0.17853576,-0.114105515
275.13998,-1955.5134,1.3001705,0.20565958
275.16,-1921.8624,1.139937,0.045777034
275.18,-1960.3208,0.49900287,-0.2739881
275.19998,-1993.9716,-0.62263197,0.045777034
275.22,-1941.0917,-0.14193134,0.20565958
275.24,-1969.9352,1.139937,-0.59375316
275.25998,-1912.2478,1.3001705,0.045777034
275.28,-1926.6698,1.139937,-0.4338706
275.3,-1941.0917,0.81947,-0.114105515
275.32,-1950.7063,-0.30216488,-0.2739881
275.34,-1993.9716,-1.9045002,-0.2739881
275.36,-1965.128,0.17853576,-0.114105515
275.38,-1955.5134,0.018302217,-0.114105515
275.4,-1979.5498,-0.46239844,0.20565958
275.41998,-1984.3572,-0.46239844,0.20565958
275.44,-1969.9352,-1.5840333,0.045777034
275.46,-1936.2842,-0.14193134,-0.114105515
275.47998,-2104.5393,-2.7056682,-0.2739881
275.5,-1969.9352,-0.30216488,0.045777034
275.52,-1936.2842,0.49900287,-0.114105515
275.54,-2027.6226,-1.7442669,0.20565958
275.56,-1969.9352,-0.14193134,0.045777034
275.58,-1926.6698,0.49900287,-0.114105515
275.6,-1960.3208,0.17853576,-0.114105515
275.62,-1941.0917,0.33876932,-0.2739881
275.63998,-1936.2842,1.139937,0.20565958
275.66,-1955.5134,1.139937,-0.2739881
275.68,-1926.6698,1.3001705,-0.114105515
275.69998,-1974.7427,-0.46239844,-0.114105515
275.72,-1955.5134,0.81947,-0.114105515
275.74,-1936.2842,2.261572,-0.4338706
275.75998,-2013.2008,-1.1033326,-0.2739881
275.78,-1912.2478,1.3001705,-0.114105515
275.8,-1950.7063,0.018302217,-0.114105515
275.82,-1969.9352,0.018302217,-0.59375316
275.84,-1945.8988,0.33876932,-0.4338706
275.86,-1974.7427,-0.62263197,-0.114105515
275.88,-1917.0553,0.9797035,-0.114105515
275.9,-1979.5498,0.018302217,0.045777034
275.91998,-1950.7063,0.81947,0.36554214
275.94,-2008.3937,-1.4237996,-0.4338706
275.96,-1979.5498,-1.4237996,-0.114105515
275.97998,-2046.8518,-2.385201,-0.2739881
276.0,-1931.477,0.81947,-0.114105515
276.02,-1989.1644,-0.46239844,-0.114105515
276.04,-1969.9352,-0.30216488,0.20565958
276.06,-1950.7063,-0.30216488,-0.114105515
276.08,-1969.9352,-0.62263197,-0.2739881
276.1,-2027.6226,-1.9045002,-0.2739881
276.12,-1950.7063,-0.14193134,-0.114105515
276.13998,-1960.3208,0.018302217,-0.4338706
276.16,-1974.7427,0.17853576,0.045777034
276.18,-1969.9352,-0.30216488,0.045777034
276.19998,-1969.9352,-0.7828655,0.20565958
276.22,-1974.7427,-0.62263197,0.045777034
276.24,-1859.3679,4.504842,0.045777034
276.25998,-1936.2842,0.49900287,0.20565958
276.28,-1936.2842,1.139937,0.20565958
276.3,-1974.7427,-0.9430991,-0.4338706
276.32,-1979.5498,-1.1033326,-0.114105515
276.34,-1907.4407,1.4604042,0.045777034
276.36,-1936.2842,0.9797035,0.045777034
276.38,-1984.3572,-0.30216488,0.045777034
276.4,-1965.128,0.17853576,0.36554214
276.41998,-1979.5498,-0.30216488,0.36554214
276.44,-1993.9716,-0.7828655,-0.114105515
276.46,-1955.5134,-0.14193134,0.045777034
276.47998,-2018.008,-1.1033326,-0.114105515
276.5,-1969.9352,0.17853576,0.045777034
276.52,-1931.477,0.9797035,0.36554214
276.54,-1989.1644,-1.1033326,0.045777034
276.56,-1945.8988,0.17853576,-0.114105515
276.58,-2003.5862,-1.4237996,-0.2739881
276.6,-2008.3937,-0.62263197,-0.2739881
276.62,-1950.7063,0.33876932,0.20565958
276.63998,-1955.5134,-0.30216488,0.045777034
276.66,-1993.9716,0.49900287,0.5254247
276.68,-1989.1644,-1.4237996,0.045777034
276.69998,-1974.7427,-0.14193134,0.36554214
276.72,-2003.5862,-1.1033326,-0.114105515
276.74,-1950.7063,0.9797035,0.045777034
276.75998,-1955.5134,0.9797035,0.20565958
276.78,-1950.7063,0.33876932,-0.2739881
276.8,-1984.3572,-0.46239844,0.36554214
276.82,-1969.9352,-0.46239844,0.045777034
276.84,-1921.8624,1.7808713,-0.114105515
276.86,-1931.477,0.9797035,-0.114105515
276.88,-1955.5134,-0.7828655,-0.114105515
276.9,-1902.6334,2.5820389,-0.2739881
276.91998,-1941.0917,1.139937,0.045777034
276.94,-1941.0917,0.49900287,-0.114105515
276.96,-1941.0917,1.139937,0.045777034
276.97998,-1950.7063,0.81947,0.045777034
277.0,-1926.6698,1.7808713,0.045777034
277.02,-1878.597,1.9411048,-0.114105515
277.04,-1979.5498,0.33876932,0.20565958
277.06,-1989.1644,0.17853576,0.5254247
277.08,-1974.7427,0.49900287,0.20565958
277.1,-1979.5498,0.018302217,0.045777034
277.12,-1936.2842,2.1013381,0.045777034
277.13998,-1979.5498,0.49900287,0.20565958
277.16,-2037.2372,-1.5840333,-0.2739881
277.18,-1950.7063,0.9797035,0.36554214
277.19998,-1974.7427,0.018302217,0.045777034
277.22,-1931.477,1.139937,0.045777034
277.24,-1902.6334,2.5820389,0.20565958
277.25998,-2027.6226,-0.30216488,0.045777034
277.28,-2008.3937,0.17853576,0.20565958
277.3,-1989.1644,0.9797035,0.20565958
277.32,-1936.2842,0.81947,0.045777034
277.34,-1979.5498,0.81947,0.045777034
277.36,-1941.0917,1.4604042,-0.114105515
277.38,-1945.8988,1.7808713,0.045777034
277.4,-1950.7063,2.1013381,0.045777034
277.41998,-1960.3208,1.139937,0.045777034
277.44,-2018.008,-0.46239844,-0.114105515
277.46,-1926.6698,2.7422726,0.20565958
277.47998,-1984.3572,0.49900287,0.20565958
277.5,-1955.5134,0.9797035,0.68530726
277.52,-1965.128,0.81947,-0.114105515
277.54,-2022.8154,-1.4237996,-0.4338706
277.56,-2008.3937,-0.62263197,0.20565958
277.58,-1945.8988,1.9411048,-0.114105515
277.6,-1984.3572,0.17853576,-0.114105515
277.62,-1941.0917,1.7808713,0.20565958
277.63998,-2032.43,-0.14193134,0.5254247
277.66,-2003.5862,-0.46239844,0.20565958
277.68,-2046.8518,-0.9430991,-0.114105515
277.69998,-2003.5862,-0.62263197,-0.114105515
277.72,-1955.5134,1.6206378,0.20565958
277.74,-1955.5134,1.139937,0.20565958
277.75998,-1969.9352,1.4604042,0.045777034
277.78,-2022.8154,-0.30216488,-0.114105515
277.8,-1974.7427,0.81947,0.045777034
277.82,-1984.3572,0.33876932,0.045777034
277.84,-1989.1644,0.81947,0.045777034
277.86,-1965.128,0.81947,-0.4338706
277.88,-1993.9716,-0.14193134,0.045777034
277.9,-1984.3572,0.49900287,0.045777034
277.91998,-1993.9716,-0.46239844,-0.114105515
277.94,-1974.7427,1.4604042,-0.114105515
277.96,-1969.9352,1.9411048,-0.114105515
277.97998,-1936.2842,2.7422726,0.045777034
278.0,-2022.8154,-0.7828655,0.20565958
278.02,-1993.9716,-0.46239844,-0.114105515
278.04,-1936.2842,0.81947,0.20565958
278.06,-2003.5862,0.17853576,0.36554214
278.08,-1993.9716,0.17853576,-0.114105515
278.1,-1974.7427,0.6592364,0.045777034
278.12,-2018.008,-0.30216488,0.045777034
278.13998,-2008.3937,-0.7828655,0.045777034
278.16,-2061.2737,-1.5840333,0.045777034
278.18,-2008.3937,0.018302217,0.045777034
278.19998,-1965.128,0.9797035,-0.114105515
278.22,-1969.9352,0.33876932,-0.2739881
278.24,-1941.0917,1.4604042,-0.114105515
278.25998,-2003.5862,0.018302217,0.045777034
278.28,-1950.7063,1.139937,0.36554214
278.3,-1965.128,0.9797035,0.36554214
278.32,-2003.5862,0.9797035,0.045777034
278.34,-2013.2008,0.81947,-0.114105515
278.36,-2056.4663,-1.7442669,0.20565958
278.38,-1993.9716,-0.14193134,0.20565958
278.4,-1936.2842,1.9411048,0.045777034
278.41998,-1950.7063,1.7808713,-0.2739881
278.44,-1993.9716,0.81947,0.20565958
278.46,-2013.2008,0.17853576,0.045777034
278.47998,-2032.43,0.49900287,0.045777034
278.5,-2013.2008,0.17853576,-0.114105515
278.52,-2013.2008,-0.7828655,0.20565958
278.54,-2003.5862,-0.30216488,0.045777034
278.56,-1989.1644,0.81947,0.20565958
278.58,-2018.008,0.49900287,0.045777034
278.6,-1965.128,1.139937,-0.114105515
278.62,-1907.4407,2.7422726,0.20565958
278.63998,-1989.1644,0.9797035,0.045777034
278.66,-1989.1644,0.81947,0.20565958
278.68,-2022.8154,-0.7828655,0.045777034
278.69998,-2022.8154,0.018302217,0.36554214
278.72,-1993.9716,0.17853576,0.20565958
278.74,-2051.659,-1.2635663,0.20565958
278.75998,-1965.128,0.81947,0.045777034
278.78,-1974.7427,0.81947,0.20565958
278.8,-2042.0444,-0.7828655,0.20565958
278.82,-2013.2008,0.49900287,-0.114105515
278.84,-2018.008,0.018302217,-0.114105515
278.86,-2032.43,-1.4237996,0.045777034
278.88,-2018.008,-0.30216488,0.20565958
278.9,-1998.779,0.018302217,0.5254247
278.91998,-2003.5862,0.9797035,0.36554214
278.94,-2008.3937,0.17853576,0.20565958
278.96,-2008.3937,0.018302217,0.045777034
278.97998,-1965.128,1.7808713,-0.114105515
279.0,-1936.2842,2.261572,0.20565958
279.02,-1965.128,1.4604042,0.045777034
279.04,-2027.6226,0.49900287,0.20565958
279.06,-1984.3572,1.139937,0.045777034
279.08,-2056.4663,-0.9430991,0.20565958
279.1,-1989.1644,-0.30216488,-0.114105515
279.12,-2042.0444,-1.1033326,0.20565958
279.13998,-1984.3572,0.9797035,0.20565958
279.16,-2022.8154,-0.7828655,0.20565958
279.18,-1998.779,0.9797035,0.20565958
279.19998,-1979.5498,0.9797035,0.045777034
279.22,-2046.8518,-0.9430991,0.045777034
279.24,-2027.6226,-0.9430991,-0.2739881
279.25998,-2042.0444,-0.7828655,0.045777034
279.28,-1950.7063,2.261572,0.20565958
279.3,-2013.2008,-0.14193134,0.36554214
279.32,-2046.8518,-1.1033326,0.36554214
279.34,-2013.2008,-0.7828655,-0.114105515
279.36,-2003.5862,-0.7828655,0.20565958
279.38,-1965.128,1.4604042,0.36554214
279.4,-2008.3937,-0.46239844,0.045777034
279.41998,-2003.5862,-0.7828655,-0.114105515
279.44,-2032.43,-0.7828655,-0.2739881
279.46,-2003.5862,-0.46239844,0.045777034
279.47998,-1979.5498,0.81947,-0.114105515
279.5,-1993.9716,0.33876932,-0.114105515
279.52,-2051.659,-1.5840333,0.20565958
279.54,-2018.008,-0.14193134,-0.114105515
279.56,-1984.3572,0.33876932,-0.114105515
279.58,-1984.3572,0.018302217,0.045777034
279.6,-1974.7427,1.139937,-0.114105515
279.62,-1993.9716,0.6592364,0.045777034
279.63998,-1974.7427,0.018302217,-0.114105515
279.66,-2037.2372,-1.2635663,0.36554214
279.68,-1965.128,0.81947,0.20565958
279.69998,-2008.3937,-0.14193134,-0.114105515
279.72,-1979.5498,0.6592364,0.045777034
279.74,-2066.0808,-2.2249672,0.045777034
279.75998,-2003.5862,-0.14193134,-0.114105515
279.78,-2008.3937,-0.62263197,0.045777034
279.8,-2018.008,-0.14193134,-0.114105515
279.82,-1921.8624,1.7808713,-0.2739881
279.84,-1998.779,-0.30216488,0.20565958
279.86,-2008.3937,-0.14193134,0.045777034
279.88,-1979.5498,0.018302217,-0.114105515
279.9,-1998.779,-0.30216488,0.20565958
279.91998,-1984.3572,0.49900287,0.36554214
279.94,-1998.779,-0.46239844,0.20565958
279.96,-2022.8154,-0.46239844,0.045777034
279.97998,-1931.477,1.4604042,-0.4338706
280.0,-1969.9352,0.49900287,-0.114105515
280.02,-2070.8882,-2.385201,0.36554214
280.04,-1974.7427,-2.0647337,5.162019
280.06,-1993.9716,-3.5068357,2.923663
280.08,-2018.008,-1.9045002,1.8044851
280.1,-2013.2008,0.6592364,-1.0734009
280.12,-1965.128,3.5434403,-2.9919913
280.13998,-2027.6226,3.2229733,-4.1111693
280.16,-2022.8154,3.3832066,-3.3117566
280.18,-1960.3208,3.0627398,-1.8728136
280.19998,-2056.4663,-2.0647337,0.36554214
280.22,-1974.7427,-0.30216488,1.3248374
280.24,-2027.6226,-1.9045002,1.164955
280.25998,-2094.9246,-1.5840333,1.164955
280.28,-2037.2372,1.139937,-0.4338706
280.3,-2066.0808,1.139937,-1.393166
280.32,-1893.0188,5.145776,-2.3524613
280.34,-2008.3937,2.261572,-1.712931
280.36,-2008.3937,2.1013381,-0.4338706
280.38,-1993.9716,0.9797035,0.68530726
280.4,-2013.2008,0.018302217,1.0050724
280.41998,-2013.2008,0.6592364,0.68530726
280.44,-2061.2737,-0.14193134,0.5254247
280.46,-2070.8882,-0.14193134,-0.114105515
280.47998,-2018.008,0.17853576,-0.7536357
280.5,-2008.3937,1.7808713,-1.0734009
280.52,-2032.43,1.3001705,-0.4338706
280.54,-2022.8154,1.139937,-0.114105515
280.56,-2032.43,1.4604042,1.0050724
280.58,-2046.8518,0.17853576,1.0050724
280.6,-2051.659,-1.2635663,1.0050724
280.62,-2080.503,-0.62263197,0.8451898
280.63998,-2027.6226,0.6592364,0.5254247
280.66,-2061.2737,1.139937,0.5254247
280.68,-2027.6226,2.1013381,-0.114105515
280.69998,-2051.659,0.81947,0.045777034
280.72,-2070.8882,-0.46239844,0.20565958
280.74,-1974.7427,1.9411048,0.20565958
280.75998,-1969.9352,2.261572,1.164955
280.78,-2080.503,-0.30216488,0.8451898
280.8,-2061.2737,-0.62263197,1.164955
280.82,-1960.3208,2.261572,0.36554214
280.84,-2018.008,0.9797035,0.5254247
280.86,-2003.5862,1.6206378,0.68530726
280.88,-2037.2372,0.49900287,0.20565958
280.9,-2003.5862,1.6206378,0.5254247
280.91998,-2046.8518,0.17853576,1.0050724
280.94,-2032.43,1.139937,1.0050724
280.96,-2085.31,-0.14193134,1.164955
280.97998,-2104.5393,-0.7828655,1.164955
281.0,-2042.0444,0.33876932,1.164955
281.02,-1998.779,1.6206378,1.0050724
281.04,-2022.8154,0.9797035,0.68530726
281.06,-2003.5862,2.1013381,0.8451898
281.08,-1960.3208,3.0627398,1.3248374
281.1,-2018.008,1.6206378,1.164955
281.12,-2008.3937,1.4604042,1.48472
281.13998,-2066.0808,0.33876932,1.48472
281.16,-2037.2372,0.49900287,1.3248374
281.18,-2061.2737,-0.30216488,1.0050724
281.19998,-2018.008,0.6592364,1.0050724
281.22,-2022.8154,-0.46239844,1.164955
281.24,-1993.9716,1.7808713,0.8451898
281.25998,-2022.8154,1.7808713,1.3248374
281.28,-2013.2008,2.1013381,1.3248374
281.3,-2037.2372,0.9797035,1.48472
281.32,-2027.6226,-0.14193134,1.48472
281.34,-1989.1644,3.2229733,1.3248374
281.36,-2027.6226,0.9797035,1.6446027
281.38,-1974.7427,2.1013381,1.6446027
281.4,-2022.8154,0.81947,1.48472
281.41998,-1984.3572,2.4218054,1.9643677
281.44,-2003.5862,1.9411048,1.8044851
281.46,-2013.2008,1.4604042,1.9643677
281.47998,-2003.5862,2.261572,1.6446027
281.5,-2042.0444,1.3001705,1.8044851
281.52,-2061.2737,-0.30216488,1.8044851
281.54,-1993.9716,1.6206378,1.3248374
281.56,-2013.2008,1.9411048,1.6446027
281.58,-1936.2842,3.8639073,1.9643677
281.6,-2018.008,1.139937,1.9643677
281.62,-2027.6226,0.81947,2.1242502
281.63998,-2042.0444,0.6592364,2.4440153
281.66,-2003.5862,1.7808713,1.9643677
281.68,-2032.43,0.9797035,2.284133
281.69998,-2027.6226,0.9797035,2.1242502
281.72,-2027.6226,1.139937,2.1242502
281.74,-2118.961,-2.2249672,1.8044851
281.75998,-2051.659,0.6592364,2.1242502
281.78,-2008.3937,1.4604042,2.284133
281.8,-2056.4663,0.49900287,1.9643677
281.82,-2118.961,-3.026135,2.1242502
281.84,-2090.1172,-0.14193134,2.1242502
281.86,-2037.2372,-0.14193134,2.4440153
281.88,-2066.0808,-0.62263197,2.284133
281.9,-2022.8154,0.17853576,2.1242502
281.91998,-1993.9716,1.3001705,2.7637806
281.94,-2018.008,1.139937,2.1242502
281.96,-2032.43,1.139937,2.6038978
281.97998,-1835.3314,6.4276443,2.4440153
282.0,-2018.008,1.3001705,2.4440153
282.02,-2027.6226,1.4604042,2.923663
282.04,-2042.0444,1.4604042,2.6038978
282.06,-2123.768,0.018302217,3.2434282
282.08,-2061.2737,-0.62263197,2.7637806
282.1,-2032.43,1.3001705,2.6038978
282.12,-1989.1644,2.1013381,2.923663
282.13998,-2008.3937,1.139937,3.0835457
282.16,-2008.3937,0.9797035,2.6038978
282.18,-2027.6226,0.81947,2.7637806
282.19998,-2080.503,-0.46239844,2.923663
282.22,-2056.4663,0.33876932,2.923663
282.24,-2027.6226,0.9797035,3.0835457
282.25998,-2066.0808,0.17853576,3.0835457
282.28,-2003.5862,2.1013381,3.0835457
282.3,-2013.2008,1.3001705,3.2434282
282.32,-2224.7212,-4.7887044,3.2434282
282.34,-2061.2737,-1.4237996,3.0835457
282.36,-2051.659,0.81947,3.0835457
282.38,-2027.6226,0.9797035,2.4440153
282.4,-2008.3937,0.81947,2.923663
282.41998,-2061.2737,0.9797035,3.7230759
282.44,-2051.659,0.49900287,3.4033108
282.46,-2051.659,-1.4237996,2.923663
282.47998,-1825.7169,6.7481112,3.8829584
282.5,-2032.43,1.139937,3.4033108
282.52,-2061.2737,-0.46239844,3.2434282
282.54,-2104.5393,-0.46239844,3.2434282
282.56,-2061.2737,0.81947,3.2434282
282.58,-2061.2737,0.17853576,3.5631933
282.6,-2056.4663,0.018302217,3.2434282
282.62,-2109.3464,-0.9430991,3.5631933
282.63998,-2042.0444,0.49900287,3.4033108
282.66,-2027.6226,0.81947,3.5631933
282.68,-2046.8518,1.4604042,3.4033108
282.69998,-2090.1172,-1.2635663,3.8829584
282.72,-2018.008,0.9797035,3.4033108
282.74,-1955.5134,2.5820389,3.8829584
282.75998,-1989.1644,0.6592364,3.5631933
282.78,-2046.8518,0.6592364,3.8829584
282.8,-2051.659,0.33876932,3.8829584
282.82,-2248.7576,-4.14777,4.042841
282.84,-2008.3937,0.6592364,4.042841
282.86,-2013.2008,0.81947,4.042841
282.88,-2037.2372,0.6592364,4.2027235
282.9,-2046.8518,0.33876932,4.2027235
282.91998,-2032.43,0.17853576,3.8829584
282.94,-1993.9716,0.81947,4.042841
282.96,-2022.8154,0.81947,4.5224886
282.97998,-1686.3058,8.350447,4.5224886
283.0,-2018.008,0.81947,4.5224886
283.02,-2056.4663,-0.62263197,3.8829584
283.04,-2018.008,1.139937,4.362606
283.06,-2037.2372,0.6592364,4.8422537
283.08,-2037.2372,0.33876932,4.5224886
283.1,-2022.8154,1.4604042,4.362606
283.12,-2042.0444,0.33876932,4.362606
283.13998,-2022.8154,0.9797035,5.002136
283.16,-1993.9716,0.9797035,4.6823716
283.18,-2003.5862,1.7808713,4.5224886
283.19998,-2018.008,0.9797035,4.5224886
283.22,-2022.8154,0.81947,4.5224886
283.24,-1993.9716,0.33876932,5.002136
283.25998,-1989.1644,2.261572,5.162019
283.28,-2046.8518,-0.14193134,4.8422537
283.3,-1989.1644,2.261572,4.8422537
283.32,-2171.841,-1.2635663,5.002136
283.34,-2013.2008,0.49900287,5.002136
283.36,-1974.7427,2.7422726,5.3219013
283.38,-2027.6226,0.6592364,4.6823716
283.4,-2013.2008,1.9411048,5.162019
283.41998,-2032.43,0.018302217,5.162019
283.44,-2003.5862,1.6206378,5.162019
283.46,-2085.31,-0.14193134,4.8422537
283.47998,-1796.8732,6.1071773,5.3219013
283.5,-2070.8882,0.17853576,5.3219013
283.52,-2003.5862,1.4604042,5.3219013
283.54,-2032.43,1.7808713,5.641667
283.56,-2075.6953,1.3001705,6.4410796
283.58,-2080.503,1.139937,5.4817843
283.6,-2061.2737,0.81947,5.801549
283.62,-2056.4663,0.018302217,5.641667
283.63998,-2022.8154,0.49900287,5.641667
283.66,-2003.5862,0.9797035,5.3219013
283.68,-2042.0444,1.139937,5.641667
283.69998,-2027.6226,1.6206378,5.641667
283.72,-2022.8154,1.7808713,5.4817843
283.74,-2061.2737,-1.7442669,6.121314
283.75998,-2022.8154,0.81947,5.801549
283.78,-2056.4663,0.6592364,5.4817843
283.8,-2042.0444,0.6592364,5.801549
283.82,-2171.841,0.018302217,6.4410796
283.84,-2032.43,0.6592364,6.121314
283.86,-2056.4663,0.49900287,5.9614315
283.88,-2003.5862,1.6206378,6.121314
283.9,-2051.659,0.6592364,6.4410796
283.91998,-2018.008,1.4604042,5.4817843
283.94,-2118.961,-0.7828655,6.281197
283.96,-2027.6226,0.81947,5.9614315
283.97998,-1854.5605,4.825309,6.4410796
284.0,-2013.2008,1.4604042,5.801549
284.02,-2022.8154,1.7808713,6.281197
284.04,-2003.5862,2.1013381,5.801549
284.06,-1979.5498,2.902506,6.920727
284.08,-2070.8882,0.17853576,6.121314
284.1,-2018.008,1.139937,6.121314
284.12,-1998.779,2.261572,6.4410796
284.13998,-2032.43,1.4604042,6.600962
284.16,-2046.8518,0.17853576,6.4410796
284.18,-1998.779,1.6206378,6.920727
284.19998,-2061.2737,0.17853576,6.4410796
284.22,-1984.3572,2.261572,7.0806093
284.24,-2080.503,-1.4237996,6.600962
284.25998,-2032.43,0.81947,6.920727
284.28,-1989.1644,1.9411048,6.7608447
284.3,-2085.31,-0.7828655,6.4410796
284.32,-2147.8047,-1.1033326,6.7608447
284.34,-2032.43,0.6592364,7.2404923
284.36,-2003.5862,1.9411048,6.920727
284.38,-2008.3937,1.9411048,6.7608447
284.4,-2056.4663,1.3001705,7.2404923
284.41998,-2085.31,-0.7828655,6.920727
284.44,-2056.4663,0.17853576,7.0806093
284.46,-2061.2737,0.49900287,6.920727
284.47998,-1868.9824,5.6264763,7.2404923
284.5,-2027.6226,1.6206378,7.0806093
284.52,-2046.8518,0.81947,7.2404923
284.54,-2022.8154,0.81947,7.2404923
284.56,-1931.477,3.7036738,7.400375
284.58,-2008.3937,1.7808713,7.5602574
284.6,-2013.2008,1.139937,7.2404923
284.62,-2080.503,-1.5840333,6.920727
284.63998,-2042.0444,1.139937,7.400375
284.66,-2046.8518,0.6592364,7.400375
284.68,-2070.8882,-0.30216488,7.400375
284.69998,-2032.43,1.6206378,7.400375
284.72,-2022.8154,1.6206378,7.400375
284.74,-2094.9246,-2.7056682,7.0806093
284.75998,-2037.2372,1.139937,7.2404923
284.78,-2090.1172,0.018302217,7.5602574
284.8,-2042.0444,1.139937,7.72014
284.82,-2085.31,2.4218054,7.72014
284.84,-2075.6953,0.17853576,7.72014
284.86,-2051.659,-0.14193134,7.72014
284.88,-2104.5393,-1.1033326,7.72014
284.9,-2056.4663,1.139937,7.8800225
284.91998,-2051.659,0.6592364,8.039905
284.94,-2018.008,1.4604042,7.8800225
284.96,-2008.3937,2.261572,7.8800225
284.97998,-1955.5134,4.024141,7.8800225
285.0,-2051.659,0.9797035,7.8800225
285.02,-1998.779,1.6206378,7.8800225
285.04,-2051.659,0.018302217,8.039905
285.06,-2003.5862,1.4604042,7.8800225
285.08,-2027.6226,1.4604042,8.359671
285.1,-1974.7427,2.902506,7.72014
285.12,-2032.43,0.17853576,8.199788
285.13998,-2080.503,-0.30216488,7.8800225
285.16,-2066.0808,-0.14193134,8.519552
285.18,-2042.0444,0.6592364,8.199788
285.19998,-2056.4663,-0.14193134,8.519552
285.22,-2027.6226,1.6206378,8.359671
285.24,-2152.612,-2.7056682,8.519552
285.25998,-2027.6226,1.4604042,8.199788
285.28,-2032.43,0.81947,8.199788
285.3,-2003.5862,2.5820389,8.359671
285.32,-2037.2372,2.902506,8.359671
285.34,-2061.2737,0.49900287,8.679436
285.36,-2022.8154,1.4604042,8.519552
285.38,-2051.659,-0.46239844,8.519552
285.4,-2085.31,0.49900287,8.839317
285.41998,-1993.9716,1.9411048,8.519552
285.44,-2032.43,1.139937,8.359671
285.46,-2027.6226,1.3001705,8.839317
285.47998,-2061.2737,1.139937,8.679436
285.5,-2032.43,1.139937,8.839317
285.52,-2046.8518,0.81947,9.159083
285.54,-2022.8154,1.3001705,8.999201
285.56,-2013.2008,1.7808713,8.679436
285.58,-2066.0808,-0.30216488,8.999201
285.6,-2061.2737,0.018302217,8.679436
285.62,-2018.008,1.6206378,9.159083
285.63998,-2008.3937,1.9411048,8.839317
285.66,-2061.2737,0.17853576,8.999201
285.68,-2070.8882,-0.14193134,8.999201
285.69998,-2070.8882,0.17853576,9.159083
285.72,-2027.6226,1.3001705,9.159083
285.74,-2142.9973,-1.9045002,8.999201
285.75998,-2046.8518,1.139937,8.839317
285.78,-2042.0444,1.4604042,9.63873
285.8,-2042.0444,0.9797035,9.478848
285.82,-1979.5498,4.024141,9.318966
285.84,-2066.0808,1.3001705,9.159083
285.86,-2027.6226,0.9797035,9.478848
285.88,-2061.2737,0.17853576,9.478848
285.9,-2090.1172,-0.30216488,9.63873
285.91998,-2022.8154,1.7808713,9.159083
285.94,-2032.43,0.9797035,9.478848
285.96,-2042.0444,0.81947,9.478848
285.97998,-2085.31,0.018302217,9.318966
286.0,-2032.43,0.81947,9.798614
286.02,-1998.779,2.261572,9.478848
286.04,-2080.503,-0.46239844,9.798614
286.06,-2032.43,1.3001705,9.478848
286.08,-2051.659,0.33876932,9.63873
286.1,-2075.6953,-0.46239844,9.478848
286.12,-2032.43,1.3001705,9.798614
286.13998,-2027.6226,0.81947,9.798614
286.16,-2094.9246,0.33876932,9.798614
286.18,-2070.8882,-0.62263197,9.798614
286.19998,-2032.43,0.6592364,9.798614
286.22,-2046.8518,0.9797035,9.798614
286.24,-2066.0808,0.49900287,9.798614
286.25998,-2027.6226,2.1013381,10.278261
286.28,-2075.6953,0.018302217,10.118379
286.3,-2037.2372,0.6592364,9.958496
286.32,-1955.5134,4.825309,9.958496
286.34,-2013.2008,1.7808713,10.598026
286.36,-2022.8154,0.6592364,10.118379
286.38,-2022.8154,1.139937,9.958496
286.4,-2027.6226,2.261572,9.958496
286.41998,-2003.5862,2.902506,10.757909
286.44,-2042.0444,0.81947,10.118379
286.46,-2056.4663,0.17853576,10.438144
286.47998,-2051.659,0.6592364,10.278261
286.5,-1974.7427,2.5820389,10.278261
286.52,-2042.0444,1.139937,10.278261
286.54,-2046.8518,0.81947,10.757909
286.56,-2003.5862,1.3001705,10.278261
286.58,-2037.2372,1.139937,10.438144
286.6,-2027.6226,0.81947,9.798614
286.62,-2042.0444,0.81947,10.598026
286.63998,-2013.2008,1.7808713,10.757909
286.66,-2056.4663,0.6592364,10.757909
286.68,-2027.6226,0.9797035,10.917791
286.69998,-2051.659,0.33876932,10.917791
286.72,-2090.1172,-0.62263197,10.917791
286.74,-2075.6953,0.018302217,10.438144
286.75998,-2056.4663,0.6592364,10.757909
286.78,-2061.2737,0.81947,10.598026
286.8,-2032.43,1.4604042,10.757909
286.82,-2027.6226,2.261572,11.077674
286.84,-2046.8518,0.49900287,10.917791
286.86,-2056.4663,0.33876932,10.917791
286.88,-2022.8154,1.6206378,10.757909
286.9,-2066.0808,0.018302217,10.917791
286.91998,-2056.4663,0.6592364,11.397439
286.94,-2066.0808,-0.14193134,11.237556
286.96,-2022.8154,1.4604042,11.077674
286.97998,-2032.43,1.9411048,11.397439
287.0,-2018.008,1.4604042,11.237556
287.02,-2013.2008,2.5820389,11.237556
287.04,-2042.0444,1.7808713,11.077674
287.06,-2094.9246,-0.14193134,11.237556
287.08,-2061.2737,1.139937,11.717204
287.1,-2085.31,0.49900287,11.877087
287.12,-2070.8882,0.33876932,11.237556
287.13998,-2075.6953,0.018302217,11.397439
287.16,-2032.43,1.4604042,11.397439
287.18,-2046.8518,1.6206378,11.717204
287.19998,-2075.6953,0.17853576,11.717204
287.22,-2085.31,0.33876932,11.717204
287.24,-2080.503,0.33876932,11.557322
287.25998,-2046.8518,1.4604042,11.397439
287.28,-2018.008,2.5820389,11.877087
287.3,-2099.7317,-0.62263197,11.557322
287.32,-2056.4663,0.49900287,11.557322
287.34,-2075.6953,-0.14193134,11.557322
287.36,-2075.6953,0.6592364,11.717204
287.38,-2046.8518,1.6206378,11.877087
287.4,-2104.5393,0.17853576,11.557322
287.41998,-2075.6953,0.49900287,11.397439
287.44,-2090.1172,1.3001705,11.717204
287.46,-2027.6226,2.1013381,12.356735
287.47998,-2094.9246,0.6592364,12.356735
287.5,-2070.8882,0.9797035,11.877087
287.52,-2109.3464,0.17853576,11.557322
287.54,-2070.8882,1.139937,12.196852
287.56,-2133.3828,0.018302217,12.676499
287.58,-2042.0444,1.7808713,12.036969
287.6,-2094.9246,0.17853576,12.036969
287.62,-2085.31,0.49900287,12.196852
287.63998,-2104.5393,0.6592364,12.676499
287.66,-2070.8882,1.6206378,12.196852
287.68,-2090.1172,0.49900287,12.356735
287.69998,-2085.31,0.81947,12.516617
287.72,-2085.31,1.6206378,12.356735
287.74,-2070.8882,1.139937,12.516617
287.75998,-2109.3464,0.6592364,12.516617
287.78,-2118.961,0.81947,12.676499
287.8,-2094.9246,0.9797035,12.356735
287.82,-2109.3464,0.9797035,12.676499
287.84,-2147.8047,-0.30216488,12.516617
287.86,-2099.7317,1.7808713,13.156148
287.88,-2118.961,0.9797035,12.676499
287.9,-2109.3464,1.6206378,12.516617
287.91998,-2157.4192,0.018302217,12.836382
287.94,-2162.2263,-0.14193134,12.836382
287.96,-2118.961,0.9797035,12.996264
287.97998,-2152.612,1.7808713,12.676499
288.0,-2142.9973,1.3001705,12.676499
288.02,-2191.07,-0.62263197,12.836382
288.04,-2128.5757,1.6206378,12.836382
288.06,-2210.2993,-0.46239844,12.836382
288.08,-2167.0337,0.6592364,12.836382
288.1,-2167.0337,0.33876932,13.156148
288.12,-2181.4556,-0.14193134,13.31603
288.13998,-2234.3357,-0.46239844,12.996264
288.16,-2195.8774,-0.9430991,13.31603
288.18,-2229.5283,-0.46239844,13.156148
288.19998,-2162.2263,0.9797035,13.475913
288.22,-2176.6484,1.7808713,13.475913
288.24,-2258.372,-0.7828655,13.31603
288.25998,-2200.6848,0.81947,12.836382
288.28,-2258.372,-2.0647337,12.996264
288.3,-2210.2993,0.9797035,13.31603
288.32,-2191.07,1.7808713,13.475913
288.34,-2258.372,0.49900287,13.475913
288.36,-2277.601,-0.46239844,13.475913
288.38,-2219.9138,1.139937,13.475913
288.4,-2210.2993,2.4218054,13.475913
288.41998,-2311.2522,-1.5840333,13.475913
288.44,-2267.9866,0.018302217,13.156148
288.46,-2229.5283,1.9411048,13.955561
288.47998,-2272.794,0.9797035,13.475913
288.5,-2282.4084,0.81947,13.635796
288.52,-2292.023,0.17853576,13.635796
288.54,-2234.3357,2.4218054,13.635796
288.56,-2378.5542,-2.2249672,13.635796
288.58,-2253.5647,0.81947,13.475913
288.6,-2272.794,1.3001705,13.795677
288.62,-2316.0593,0.81947,13.795677
288.63998,-2335.2886,-1.4237996,13.955561
288.66,-2292.023,0.9797035,13.955561
288.68,-2267.9866,1.4604042,13.795677
288.69998,-2354.5178,0.018302217,13.795677
288.72,-2378.5542,-0.30216488,13.955561
288.74,-2301.6375,1.4604042,13.635796
288.75998,-2330.4814,0.81947,14.115442
288.78,-2320.8667,0.9797035,13.955561
288.8,-2378.5542,-0.46239844,13.955561
288.82,-2311.2522,1.4604042,13.955561
288.84,-2364.132,0.17853576,14.115442
288.86,-2392.9758,-0.14193134,14.275326
288.88,-2383.3613,0.17853576,14.115442
288.9,-2344.903,1.7808713,13.955561
288.91998,-2373.7468,0.17853576,14.275326
288.94,-2368.9395,1.139937,14.435208
288.96,-2431.434,-0.14193134,13.955561
288.97998,-2407.3977,0.33876932,14.275326
289.0,-2354.5178,1.7808713,14.595091
289.02,-2412.2048,0.33876932,14.754973
289.04,-2417.0122,0.17853576,14.275326
289.06,-2421.8196,0.81947,14.595091
289.08,-2421.8196,0.17853576,14.435208
289.1,-2455.4705,-0.46239844,14.595091
289.12,-2388.1685,1.7808713,14.914855
289.13998,-2407.3977,0.81947,14.275326
289.16,-2431.434,0.9797035,14.914855
289.18,-2484.3142,0.49900287,14.754973
289.19998,-2489.1216,-1.7442669,14.754973
289.22,-2421.8196,1.7808713,14.914855
289.24,-2445.856,0.9797035,14.435208
289.25998,-2455.4705,0.6592364,14.435208
289.28,-2426.627,1.139937,14.435208
289.3,-2445.856,0.81947,14.914855
289.32,-2277.601,4.504842,14.914855
289.34,-2445.856,1.139937,14.754973
289.36,-2426.627,2.1013381,14.595091
289.38,-2460.2778,0.33876932,14.914855
289.4,-2450.6633,1.139937,15.0747385
289.41998,-2489.1216,0.33876932,15.0747385
289.44,-2445.856,1.7808713,14.914855
289.46,-2484.3142,0.33876932,14.754973
289.47998,-2489.1216,0.49900287,15.0747385
289.5,-2445.856,1.139937,15.0747385
289.52,-2498.736,0.17853576,14.914855
289.54,-2527.5796,-0.7828655,15.234621
289.56,-2489.1216,0.9797035,15.554386
289.58,-2474.6997,0.81947,14.914855
289.6,-2513.158,-0.7828655,14.754973
289.62,-2489.1216,1.139937,15.234621
289.63998,-2469.8923,1.3001705,15.234621
289.66,-2566.0378,-0.46239844,15.554386
289.68,-2460.2778,2.1013381,15.234621
289.69998,-2561.2307,-0.7828655,15.234621
289.72,-2517.965,0.6592364,15.394504
289.74,-2575.6523,0.018302217,15.234621
289.75998,-2503.5432,1.4604042,15.554386
289.78,-2527.5796,0.81947,15.554386
289.8,-2513.158,1.3001705,15.714269
289.82,-2311.2522,6.2674108,15.554386
289.84,-2551.616,0.33876932,15.714269
289.86,-2546.8088,0.6592364,15.874151
289.88,-2609.3035,-2.0647337,15.874151
289.9,-2513.158,-0.14193134,15.714269
289.91998,-2508.3506,1.4604042,15.554386
289.94,-2489.1216,2.5820389,15.554386
289.96,-2522.7725,1.6206378,15.714269
289.97998,-2609.3035,-2.8659017,15.714269
290.0,-2527.5796,1.4604042,16.3538
290.02,-2537.1943,0.81947,15.714269
290.04,-2609.3035,-0.62263197,16.034033
290.06,-2522.7725,2.261572,16.193916
290.08,-2585.267,0.018302217,16.3538
290.1,-2580.46,0.018302217,15.874151
290.12,-2546.8088,0.9797035,16.034033
290.13998,-2642.9543,-0.7828655,16.3538
290.16,-2623.7253,-0.7828655,16.833447
290.18,-2532.387,2.4218054,16.034033
290.19998,-2551.616,1.7808713,16.193916
290.22,-2580.46,1.139937,16.673565
290.24,-2580.46,1.139937,16.193916
290.25998,-2638.147,-0.30216488,16.513681
290.28,-2604.4963,-0.62263197,16.513681
290.3,-2623.7253,0.33876932,16.513681
290.32,-2431.434,3.5434403,16.673565
290.34,-2633.3398,-0.7828655,16.513681
290.36,-2604.4963,0.6592364,16.3538
290.38,-2561.2307,2.4218054,16.3538
290.4,-2791.98,-4.6284704,16.513681
290.41998,-2642.9543,-0.30216488,16.833447
290.44,-2652.569,-0.30216488,16.513681
290.46,-2642.9543,0.33876932,16.673565
290.47998,-2676.6055,-4.7887044,16.833447
290.5,-2628.5327,-0.14193134,16.833447
290.52,-2561.2307,2.5820389,16.513681
290.54,-2594.8816,0.9797035,16.673565
290.56,-2551.616,2.261572,16.3538
290.58,-2657.3762,-0.46239844,16.673565
290.6,-2623.7253,0.6592364,17.153214
290.62,-2686.2197,-1.4237996,16.673565
290.63998,-2666.9907,-1.4237996,16.673565
290.66,-2647.7617,0.33876932,16.993328
290.68,-2638.147,0.49900287,16.993328
290.69998,-2604.4963,0.9797035,16.833447
290.72,-2628.5327,0.81947,16.833447
290.74,-2594.8816,0.6592364,16.993328
290.75998,-2580.46,2.261572,17.472977
290.78,-2666.9907,0.33876932,16.833447
290.8,-2623.7253,0.6592364,16.833447
290.82,-2575.6523,0.018302217,16.993328
290.84,-2647.7617,0.17853576,17.153214
290.86,-2686.2197,-1.4237996,17.472977
290.88,-2686.2197,-0.62263197,17.313095
290.9,-2772.751,-0.7828655,17.472977
290.91998,-2604.4963,1.139937,17.153214
290.94,-2633.3398,0.9797035,17.632858
290.96,-2705.449,-2.0647337,17.632858
290.97998,-2609.3035,-2.385201,17.632858
291.0,-2681.4126,-0.7828655,17.313095
291.02,-2700.6418,-1.1033326,17.632858
291.04,-2666.9907,0.33876932,17.472977
291.06,-2580.46,1.139937,17.313095
291.08,-2681.4126,-0.62263197,17.472977
291.1,-2652.569,0.81947,17.952625
291.12,-2623.7253,1.4604042,17.792742
291.13998,-2676.6055,0.33876932,17.792742
291.16,-2705.449,0.17853576,17.952625
291.18,-2681.4126,0.9797035,17.632858
291.19998,-2662.1833,0.33876932,17.472977
291.22,-2666.9907,0.33876932,17.952625
291.24,-2671.798,0.17853576,17.952625
291.25998,-2652.569,0.17853576,17.792742
291.28,-2666.9907,0.6592364,17.952625
291.3,-2782.3655,-3.026135,17.952625
291.32,-2686.2197,-2.0647337,18.112507
291.34,-2686.2197,-0.46239844,18.112507
291.36,-2676.6055,0.9797035,17.792742
291.38,-2695.8345,-0.30216488,17.952625
291.4,-2686.2197,3.0627398,17.632858
291.41998,-2681.4126,0.49900287,18.112507
291.44,-2652.569,1.4604042,18.27239
291.46,-2724.6782,-0.62263197,18.27239
291.47998,-2604.4963,-1.1033326,18.112507
291.5,-2758.329,-0.46239844,18.432272
291.52,-2695.8345,0.81947,18.432272
291.54,-2666.9907,0.49900287,18.432272
291.56,-2556.4236,2.1013381,17.792742
291.58,-2681.4126,0.81947,18.432272
291.6,-2642.9543,0.81947,18.432272
291.62,-2715.0637,-0.14193134,18.432272
291.63998,-2734.2925,-0.46239844,18.27239
291.66,-2686.2197,1.3001705,18.752039
291.68,-2758.329,-2.2249672,18.432272
291.69998,-2719.8708,-0.9430991,18.91192
291.72,-2676.6055,0.49900287,18.592155
291.74,-2681.4126,0.9797035,18.752039
291.75998,-2686.2197,1.3001705,18.752039
291.78,-2700.6418,-0.30216488,18.592155
291.8,-2705.449,0.17853576,18.592155
291.82,-2844.86,-5.429638,18.752039
291.84,-2748.7146,-1.4237996,18.752039
291.86,-2729.4854,0.17853576,18.91192
291.88,-2758.329,-1.4237996,18.432272
291.9,-2484.3142,6.4276443,18.592155
291.91998,-2700.6418,0.6592364,18.592155
291.94,-2691.0273,-0.14193134,19.071802
291.96,-2700.6418,1.139937,19.071802
291.97998,-2460.2778,3.8639073,19.231686
292.0,-2710.256,0.49900287,19.231686
292.02,-2743.9072,-1.1033326,19.071802
292.04,-2705.449,0.49900287,19.231686
292.06,-2633.3398,-0.14193134,18.91192
292.08,-2710.256,0.6592364,19.071802
292.1,-2695.8345,1.6206378,19.39157
292.12,-2724.6782,0.17853576,19.071802
292.13998,-2739.1,0.17853576,18.91192
292.16,-2705.449,0.9797035,19.39157
292.18,-2753.5217,0.33876932,19.39157
292.19998,-2739.1,0.81947,19.071802
292.22,-2739.1,0.17853576,19.231686
292.24,-2739.1,0.17853576,19.39157
292.25998,-2743.9072,0.49900287,19.231686
292.28,-2705.449,0.6592364,19.39157
292.3,-2734.2925,0.17853576,19.55145
292.32,-2916.9692,-5.7501054,19.871216
292.34,-2753.5217,-0.14193134,19.231686
292.36,-2772.751,-0.46239844,19.39157
292.38,-2743.9072,0.17853576,19.39157
292.4,-2609.3035,2.1013381,19.711332
292.41998,-2739.1,0.81947,19.871216
292.44,-2715.0637,0.81947,19.55145
292.46,-2787.1729,-0.46239844,19.55145
292.47998,-2503.5432,5.466243,19.231686
292.5,-2695.8345,1.7808713,19.55145
292.52,-2729.4854,0.49900287,20.031097
292.54,-2796.7874,0.49900287,20.031097
292.56,-2705.449,-0.9430991,19.711332
292.58,-2787.1729,-0.9430991,19.711332
292.6,-2729.4854,0.6592364,20.19098
292.62,-2791.98,-0.9430991,19.871216
292.63998,-2782.3655,-0.46239844,19.871216
292.66,-2734.2925,0.33876932,20.19098
292.68,-2734.2925,2.1013381,19.871216
292.69998,-2758.329,-0.14193134,20.350864
292.72,-2748.7146,0.17853576,20.031097
292.74,-2695.8345,3.7036738,20.19098
292.75998,-2791.98,-0.9430991,19.871216
292.78,-2763.1365,-0.14193134,19.711332
292.8,-2743.9072,0.9797035,19.711332
292.82,-3013.115,-7.192207,20.350864
292.84,-2719.8708,2.1013381,20.031097
292.86,-2724.6782,2.1013381,20.350864
292.88,-2758.329,0.33876932,20.19098
292.9,-2830.4382,-3.3466022,20.350864
292.91998,-2782.3655,0.018302217,19.711332
292.94,-2729.4854,1.7808713,20.510746
292.96,-2729.4854,1.7808713,20.510746
292.97998,-2479.5068,7.228812,20.031097
293.0,-2782.3655,0.49900287,20.031097
293.02,-2777.558,0.17853576,20.350864
293.04,-2719.8708,2.261572,20.350864
293.06,-2873.7039,-4.6284704,20.19098
293.08,-2763.1365,0.33876932,20.19098
293.1,-2715.0637,3.0627398,20.510746
293.12,-2739.1,0.81947,20.19098
293.13998,-2796.7874,-0.14193134,20.350864
293.16,-2700.6418,2.7422726,20.19098
293.18,-2758.329,0.6592364,20.510746
293.19998,-2758.329,0.49900287,20.350864
293.22,-2772.751,0.33876932,20.510746
293.24,-2700.6418,2.7422726,20.990395
293.25998,-2791.98,0.17853576,20.510746
293.28,-2811.2092,-1.1033326,20.670628
293.3,-2787.1729,0.17853576,20.670628
293.32,-2998.6929,-5.1091714,20.670628
293.34,-2830.4382,-1.2635663,20.830513
293.36,-2801.5945,-0.62263197,20.990395
293.38,-2772.751,0.49900287,20.350864
293.4,-2945.813,-4.948938,20.830513
293.41998,-2791.98,0.49900287,20.990395
293.44,-2820.8237,-0.7828655,21.150276
293.46,-2825.6309,-0.7828655,20.830513
293.47998,-2460.2778,8.02998,20.510746
293.5,-2873.7039,-1.9045002,20.510746
293.52,-2767.9436,0.17853576,21.150276
293.54,-2801.5945,0.81947,21.150276
293.56,-3003.5002,-6.0705724,20.670628
293.58,-2796.7874,0.33876932,21.470041
293.6,-2811.2092,0.81947,20.990395
293.62,-2796.7874,-0.14193134,21.31016
293.63998,-2816.0164,-0.46239844,21.31016
293.66,-2772.751,0.33876932,21.150276
293.68,-2811.2092,-0.14193134,21.150276
293.69998,-2791.98,0.33876932,21.31016
293.72,-2801.5945,0.6592364,21.629925
293.74,-2782.3655,1.6206378,21.470041
293.75998,-2767.9436,1.139937,21.31016
293.78,-2864.089,-1.4237996,21.31016
293.8,-2816.0164,-0.30216488,21.31016
293.82,-3056.3804,-5.910339,22.429338
293.84,-2820.8237,-0.30216488,21.31016
293.86,-2816.0164,0.33876932,21.789808
293.88,-2820.8237,0.49900287,21.31016
293.9,-2849.6675,1.4604042,21.470041
293.91998,-2816.0164,0.81947,21.629925
293.94,-2782.3655,1.6206378,21.789808
293.96,-2849.6675,0.018302217,21.94969
293.97998,-2604.4963,7.0685787,21.629925
294.0,-2859.282,-0.46239844,21.789808
294.02,-2844.86,-0.46239844,21.629925
294.04,-2840.0527,-0.30216488,21.94969
294.06,-3013.115,-5.429638,21.94969
294.08,-2864.089,-0.62263197,22.429338
294.1,-2888.1255,-1.1033326,22.109571
294.12,-2835.2456,-0.14193134,21.94969
294.13998,-2897.7402,-1.7442669,21.629925
294.16,-2844.86,-0.46239844,21.629925
294.18,-2844.86,-0.7828655,21.94969
294.19998,-2859.282,-0.62263197,22.109571
294.22,-2811.2092,0.33876932,22.109571
294.24,-2859.282,-0.9430991,21.94969
294.25998,-2840.0527,0.33876932,22.269455
294.28,-2849.6675,0.33876932,22.58922
294.3,-2844.86,0.33876932,22.269455
294.32,-3152.526,-6.5512733,22.269455
294.34,-2849.6675,-0.14193134,22.109571
294.36,-2825.6309,0.33876932,22.269455
294.38,-2849.6675,-0.14193134,22.109571
294.4,-2715.0637,5.145776,22.58922
294.41998,-2864.089,-0.30216488,22.109571
294.44,-2888.1255,-1.1033326,22.749102
294.46,-2840.0527,-0.14193134,22.269455
294.47998,-2719.8708,5.3060093,22.269455
294.5,-2892.9329,-1.7442669,22.109571
294.52,-2825.6309,0.6592364,22.58922
294.54,-2873.7039,0.018302217,22.58922
294.56,-2974.6565,-2.8659017,22.429338
294.58,-2888.1255,-0.62263197,22.58922
294.6,-2883.3184,-0.14193134,22.58922
294.62,-2864.089,-0.62263197,22.908985
294.63998,-2878.511,-0.7828655,23.068867
294.66,-2859.282,0.9797035,22.749102
294.68,-2902.5474,-1.7442669,22.749102
294.69998,-2859.282,-0.30216488,22.749102
294.72,-2912.1619,-1.4237996,22.749102
294.74,-2873.7039,0.018302217,22.908985
294.75998,-2811.2092,1.6206378,22.908985
294.78,-2907.3547,-1.5840333,22.749102
294.8,-2912.1619,-1.1033326,23.068867
294.82,-3109.2605,-4.468237,22.908985
294.84,-2902.5474,-1.1033326,22.908985
294.86,-2830.4382,1.4604042,22.58922
294.88,-2868.8965,0.17853576,23.068867
294.9,-2700.6418,4.184375,23.22875
294.91998,-2897.7402,-0.62263197,22.908985
294.94,-2878.511,0.6592364,23.068867
294.96,-2864.089,0.9797035,23.22875
294.97998,-2854.4746,3.5434403,23.388634
295.0,-2859.282,0.81947,23.068867
295.02,-2926.5837,-0.62263197,23.548515
295.04,-2921.7766,-1.9045002,23.22875
295.06,-2984.2712,-2.5454345,23.388634
295.08,-2888.1255,0.33876932,23.388634
295.1,-2878.511,-0.14193134,23.548515
295.12,-2883.3184,-0.14193134,23.22875
295.13998,-2878.511,0.6592364,23.388634
295.16,-2849.6675,0.9797035,22.908985
295.18,-2936.1982,-1.4237996,23.22875
295.19998,-2926.5837,-1.7442669,23.22875
295.22,-2974.6565,-1.4237996,23.548515
295.24,-2902.5474,-0.62263197,23.708397
295.25998,-2868.8965,0.9797035,23.22875
295.28,-2916.9692,-0.9430991,23.548515
295.3,-2888.1255,-0.14193134,23.708397
295.32,-2993.8857,-0.62263197,23.548515
295.34,-2912.1619,0.17853576,23.548515
295.36,-2916.9692,-0.30216488,23.868282
295.38,-2902.5474,-0.30216488,23.388634
295.4,-2849.6675,0.018302217,24.347929
295.41998,-2926.5837,-0.9430991,23.548515
295.44,-2897.7402,-0.14193134,23.868282
295.46,-2931.391,-0.46239844,23.868282
295.47998,-3013.115,-1.4237996,24.188046
295.5,-2902.5474,0.018302217,23.868282
295.52,-2888.1255,0.33876932,23.708397
295.54,-2945.813,-0.14193134,23.708397
295.56,-2974.6565,-0.30216488,23.868282
295.58,-2931.391,-0.62263197,23.868282
295.6,-2950.62,-2.0647337,23.548515
295.62,-2931.391,-0.14193134,24.028164
295.63998,-2868.8965,0.81947,23.868282
295.66,-2907.3547,1.139937,24.028164
295.68,-2936.1982,-0.7828655,24.188046
295.69998,-2936.1982,-0.7828655,24.347929
295.72,-2902.5474,-0.46239844,24.50781
295.74,-2945.813,-0.30216488,24.50781
295.75998,-2974.6565,-1.7442669,24.347929
295.78,-2955.4275,-0.46239844,24.347929
295.8,-2859.282,1.4604042,24.347929
295.82,-3046.7656,-1.2635663,23.868282
295.84,-2921.7766,-1.1033326,24.347929
295.86,-2878.511,0.17853576,23.868282
295.88,-2921.7766,-0.9430991,24.188046
295.9,-2974.6565,-2.7056682,24.347929
295.91998,-2931.391,-0.30216488,24.188046
295.94,-2926.5837,-0.46239844,24.028164
295.96,-2926.5837,-0.62263197,24.188046
295.97998,-2941.0059,0.81947,24.667694
296.0,-2902.5474,0.6592364,24.50781
296.02,-2907.3547,0.17853576,24.667694
296.04,-2926.5837,0.17853576,24.50781
296.06,-2945.813,0.17853576,24.188046
296.08,-2941.0059,-0.9430991,24.50781
296.1,-2931.391,-0.14193134,24.347929
296.12,-2950.62,0.17853576,24.188046
296.13998,-2897.7402,0.49900287,24.347929
296.16,-2902.5474,0.018302217,24.50781
296.18,-2945.813,-0.46239844,24.98746
296.19998,-2941.0059,-0.30216488,24.50781
296.22,-2916.9692,0.17853576,24.50781
296.24,-2960.2346,-1.1033326,24.188046
296.25998,-2883.3184,1.6206378,24.827578
296.28,-2969.8494,-1.5840333,24.667694
296.3,-2941.0059,-0.14193134,24.827578
296.32,-2902.5474,2.902506,24.50781
296.34,-2979.4639,-0.62263197,24.667694
296.36,-2974.6565,-2.2249672,24.98746
296.38,-2912.1619,0.81947,24.827578
296.4,-3013.115,-2.7056682,25.14734
296.41998,-2979.4639,-1.9045002,24.827578
296.44,-2950.62,-0.62263197,24.667694
296.46,-2926.5837,0.9797035,24.98746
296.47998,-2965.0422,-0.30216488,25.14734
296.5,-2921.7766,0.018302217,24.667694
296.52,-2926.5837,-0.30216488,25.14734
296.54,-2965.0422,-0.46239844,25.307222
296.56,-2897.7402,2.4218054,25.307222
296.58,-2945.813,-0.46239844,25.14734
296.6,-2926.5837,-0.14193134,24.827578
296.62,-2955.4275,-0.46239844,24.98746
296.63998,-2969.8494,-1.1033326,25.14734
296.66,-2931.391,-0.14193134,25.307222
296.68,-2984.2712,-1.2635663,24.98746
296.69998,-2989.0786,-1.9045002,25.14734
296.72,-2883.3184,1.6206378,24.98746
296.74,-2936.1982,0.018302217,25.14734
296.75998,-2965.0422,-0.46239844,25.786871
296.78,-2979.4639,-1.1033326,25.307222
296.8,-2945.813,0.33876932,25.14734
296.82,-2955.4275,0.6592364,25.307222
296.84,-2989.0786,-1.4237996,25.62699
296.86,-2945.813,-0.46239844,25.467108
296.88,-2955.4275,-0.30216488,25.467108
296.9,-2965.0422,-0.9430991,25.307222
296.91998,-3037.1514,-2.385201,25.467108
296.94,-3027.5366,-2.8659017,25.467108
296.96,-3008.3076,-1.7442669,25.467108
296.97998,-3065.9949,-3.026135,25.62699
297.0,-2926.5837,1.139937,25.62699
297.02,-2969.8494,-0.7828655,25.62699
297.04,-2989.0786,-1.4237996,25.307222
297.06,-2945.813,-0.30216488,25.62699
297.08,-3027.5366,-3.026135,25.14734
297.1,-3008.3076,-1.4237996,25.786871
297.12,-2984.2712,-0.7828655,25.786871
297.13998,-2998.6929,-1.9045002,25.946754
297.16,-3003.5002,-1.9045002,25.467108
297.18,-2945.813,-0.30216488,25.946754
297.19998,-2950.62,-0.9430991,25.786871
297.22,-2984.2712,-1.1033326,25.62699
297.24,-2965.0422,0.33876932,26.106636
297.25998,-2998.6929,-1.7442669,25.786871
297.28,-2936.1982,0.49900287,26.26652
297.3,-2926.5837,-0.7828655,26.106636
297.32,-3008.3076,-2.385201,25.946754
297.34,-2965.0422,-0.7828655,25.786871
297.36,-2902.5474,0.6592364,25.62699
297.38,-2965.0422,-1.5840333,26.106636
297.4,-2926.5837,-0.62263197,25.946754
297.41998,-2931.391,-0.14193134,26.26652
297.44,-2945.813,-0.14193134,26.26652
297.46,-2998.6929,-1.2635663,26.106636
297.47998,-2998.6929,-1.7442669,26.106636
297.5,-2989.0786,-1.7442669,26.26652
297.52,-3013.115,-2.8659017,25.786871
297.54,-2950.62,-1.1033326,26.26652
297.56,-2960.2346,0.49900287,26.26652
297.58,-2984.2712,-1.5840333,26.426403
297.6,-2907.3547,0.6592364,26.426403
297.62,-2979.4639,-0.7828655,26.586285
297.63998,-2969.8494,-1.4237996,26.426403
297.66,-2974.6565,-0.7828655,26.426403
297.68,-3032.344,-2.7056682,26.106636
297.69998,-2974.6565,-1.1033326,26.26652
297.72,-3008.3076,-1.7442669,26.26652
297.74,-3003.5002,-2.0647337,26.746166
297.75998,-2907.3547,0.49900287,26.586285
297.78,-2969.8494,-1.1033326,26.746166
297.8,-2936.1982,0.49900287,26.586285
297.82,-2955.4275,0.49900287,26.426403
297.84,-2993.8857,-0.62263197,26.586285
297.86,-2979.4639,-1.1033326,26.906052
297.88,-3037.1514,-3.3466022,26.586285
297.9,-2950.62,-0.30216488,26.746166
297.91998,-2984.2712,-1.5840333,26.586285
297.94,-2936.1982,0.9797035,26.746166
297.96,-2993.8857,-0.7828655,27.065933
297.97998,-3017.922,-1.4237996,26.746166
298.0,-2974.6565,-1.2635663,27.225815
298.02,-2965.0422,-1.1033326,26.586285
298.04,-2941.0059,0.018302217,27.225815
298.06,-2979.4639,-1.1033326,27.225815
298.08,-2979.4639,-0.30216488,27.065933
298.1,-2974.6565,-1.4237996,26.906052
298.12,-2979.4639,-0.9430991,26.906052
298.13998,-2960.2346,-0.62263197,27.225815
298.16,-2974.6565,-0.14193134,26.746166
298.18,-2979.4639,-1.2635663,27.065933
298.19998,-3022.7292,-2.385201,27.065933
298.22,-2974.6565,-1.9045002,26.906052
298.24,-2912.1619,0.9797035,27.54558
298.25998,-2926.5837,0.17853576,27.225815
298.28,-2945.813,0.9797035,27.385698
298.3,-2989.0786,-1.4237996,27.385698
298.32,-2974.6565,-0.62263197,27.225815
298.34,-3051.573,-3.5068357,27.225815
298.36,-3003.5002,-2.2249672,27.065933
298.38,-2965.0422,-0.9430991,27.225815
298.4,-2979.4639,-0.7828655,27.225815
298.41998,-2979.4639,-1.2635663,27.54558
298.44,-3013.115,-3.1863687,27.225815
298.46,-2936.1982,-0.14193134,27.705463
298.47998,-2950.62,-0.14193134,27.54558
298.5,-2916.9692,1.4604042,27.705463
298.52,-3022.7292,-1.9045002,27.385698
298.54,-2979.4639,-0.9430991,27.54558
298.56,-3008.3076,-2.7056682,27.385698
298.58,-3037.1514,-2.7056682,27.705463
298.6,-2969.8494,-1.4237996,27.54558
298.62,-2945.813,-0.14193134,27.705463
298.63998,-2955.4275,0.17853576,27.705463
298.66,-2965.0422,-1.1033326,27.865347
298.68,-3008.3076,-1.5840333,27.865347
298.69998,-2965.0422,-1.2635663,27.865347
298.72,-2950.62,-0.14193134,27.865347
298.74,-2902.5474,0.81947,27.865347
298.75998,-2965.0422,-0.9430991,28.025229
298.78,-2892.9329,0.81947,28.025229
298.8,-2979.4639,-1.4237996,27.865347
298.82,-2840.0527,2.261572,28.18511
298.84,-2989.0786,-1.5840333,28.344994
298.86,-2960.2346,0.018302217,28.344994
298.88,-2969.8494,-1.1033326,28.18511
298.9,-3037.1514,-3.026135,28.18511
298.91998,-2950.62,-1.2635663,28.18511
298.94,-2974.6565,-1.7442669,28.18511
298.96,-2955.4275,-0.46239844,28.344994
298.97998,-2955.4275,-0.9430991,28.344994
299.0,-2945.813,-0.14193134,28.18511
299.02,-2984.2712,-1.5840333,27.865347
299.04,-2960.2346,-0.46239844,28.344994
299.06,-2936.1982,-0.7828655,28.344994
299.08,-2955.4275,-0.9430991,28.504877
299.1,-2969.8494,-1.5840333,28.504877
299.12,-2974.6565,-2.7056682,28.504877
299.13998,-2969.8494,-1.5840333,28.18511
299.16,-2960.2346,-0.9430991,28.824642
299.18,-2955.4275,-1.1033326,28.18511
299.19998,-2993.8857,-0.9430991,28.504877
299.22,-2969.8494,-0.30216488,28.664759
299.24,-3080.4167,-4.7887044,28.344994
299.25998,-3013.115,-3.1863687,28.824642
299.28,-2969.8494,-1.4237996,28.504877
299.3,-2907.3547,-0.46239844,28.344994
299.32,-2859.282,1.6206378,29.144405
299.34,-2979.4639,-1.1033326,28.824642
299.36,-2941.0059,-0.62263197,28.824642
299.38,-2960.2346,-0.62263197,28.504877
299.4,-2984.2712,-1.2635663,29.144405
299.41998,-2902.5474,-0.14193134,28.344994
299.44,-2945.813,0.17853576,28.664759
299.46,-2974.6565,-2.2249672,28.824642
299.47998,-2998.6929,-1.4237996,28.664759
299.5,-2931.391,-0.62263197,28.984524
299.52,-2984.2712,-1.9045002,28.824642
299.54,-2974.6565,-0.7828655,28.984524
299.56,-2945.813,-0.9430991,28.824642
299.58,-2960.2346,-1.4237996,28.984524
299.6,-3008.3076,-1.9045002,28.984524
299.62,-2974.6565,-1.2635663,29.144405
299.63998,-2921.7766,0.49900287,29.144405
299.66,-2950.62,-0.46239844,28.824642
299.68,-2960.2346,-0.9430991,29.304289
299.69998,-2931.391,-0.30216488,29.464172
299.72,-2945.813,-0.30216488,28.984524
299.74,-3022.7292,-3.1863687,29.144405
299.75998,-2965.0422,-1.4237996,29.144405
299.78,-2955.4275,-0.62263197,29.144405
299.8,-2902.5474,1.139937,28.984524
299.82,-2907.3547,-1.5840333,29.144405
299.84,-2955.4275,-1.1033326,29.304289
299.86,-2945.813,-0.62263197,29.144405
299.88,-2950.62,-0.7828655,29.464172
299.9,-2969.8494,-1.1033326,29.624054
299.91998,-2950.62,-0.9430991,29.464172
299.94,-2912.1619,0.17853576,29.304289
299.96,-2955.4275,-1.1033326,29.464172
299.97998,-2902.5474,-0.46239844,29.304289
300.0,-2931.391,0.33876932,29.624054
300.02,-2916.9692,-0.30216488,29.464172
300.04,-2960.2346,-2.2249672,29.783936
300.06,-2878.511,0.6592364,29.783936
300.08,-2897.7402,0.17853576,29.624054
300.1,-2926.5837,-1.2635663,29.624054
300.12,-2912.1619,-0.30216488,29.304289
300.13998,-2969.8494,-2.0647337,29.624054
300.16,-2902.5474,-0.62263197,29.304289
300.18,-2979.4639,-2.385201,29.464172
300.19998,-2945.813,-1.9045002,29.464172
300.22,-2979.4639,-2.385201,29.464172
300.24,-2960.2346,-1.2635663,29.783936
300.25998,-2926.5837,-1.2635663,29.94382
300.28,-2892.9329,-0.30216488,29.94382
300.3,-3027.5366,-3.827303,30.103703
300.32,-2936.1982,-1.7442669,30.263584
300.34,-2945.813,-2.5454345,29.94382
300.36,-2888.1255,0.17853576,29.783936
300.38,-2931.391,-1.7442669,29.94382
300.4,-2965.0422,-0.9430991,30.423468
300.41998,-2926.5837,-0.46239844,29.783936
300.44,-2921.7766,-0.7828655,29.94382
300.46,-2969.8494,-1.9045002,29.624054
300.47998,-2820.8237,-0.62263197,29.304289
300.5,-2941.0059,-0.9430991,29.624054
300.52,-2912.1619,-1.4237996,30.263584
300.53998,-2984.2712,-2.7056682,29.94382
300.56,-2825.6309,-0.30216488,29.94382
300.58,-2888.1255,-0.46239844,30.103703
300.6,-2960.2346,-1.4237996,30.103703
300.62,-2892.9329,-0.30216488,30.103703
300.63998,-2936.1982,-2.0647337,30.103703
300.66,-2989.0786,-3.6670694,29.783936
300.68,-2916.9692,-1.7442669,30.103703
300.69998,-2849.6675,-0.14193134,30.423468
300.72,-2955.4275,-1.1033326,30.743233
300.74,-2912.1619,-1.4237996,30.423468
300.75998,-2902.5474,-0.7828655,30.263584
300.78,-2916.9692,-0.9430991,30.423468
300.8,-2892.9329,-1.7442669,30.58335
300.82,-3027.5366,-3.9875362,30.743233
300.84,-2907.3547,-1.2635663,30.103703
300.86,-2840.0527,-0.14193134,30.423468
300.88,-2926.5837,-2.385201,30.263584
300.9,-2830.4382,1.9411048,30.743233
300.91998,-2873.7039,-0.46239844,30.423468
300.94,-2888.1255,-0.46239844,30.423468
300.96,-2916.9692,-1.2635663,30.58335
300.97998,-2782.3655,0.9797035,29.94382
301.0,-2888.1255,-1.1033326,30.903116
301.02,-2936.1982,-3.026135,30.58335
301.03998,-2849.6675,0.018302217,30.743233
301.06,-2840.0527,-1.5840333,30.423468
301.08,-2868.8965,-0.30216488,30.903116
301.1,-2912.1619,-1.2635663,30.58335
301.12,-2892.9329,-0.9430991,30.58335
301.13998,-2936.1982,-1.5840333,30.58335
301.16,-2873.7039,-0.62263197,30.743233
301.18,-2892.9329,-0.7828655,30.743233
301.19998,-2888.1255,-0.7828655,31.062998
301.22,-2902.5474,-2.0647337,30.903116
301.24,-2892.9329,-0.9430991,30.903116
301.25998,-2825.6309,-0.30216488,30.743233
301.28,-2897.7402,-1.2635663,31.062998
301.3,-2936.1982,-1.7442669,30.903116
301.32,-2984.2712,-4.6284704,30.903116
301.34,-2902.5474,-1.5840333,30.903116
301.36,-2907.3547,-2.2249672,31.062998
301.38,-2931.391,-2.5454345,31.22288
301.4,-2767.9436,1.6206378,30.903116
301.41998,-2844.86,-0.14193134,30.903116
301.44,-2854.4746,-0.62263197,31.22288
301.46,-2883.3184,-1.7442669,31.062998
301.47998,-2686.2197,2.261572,30.423468
301.5,-2864.089,-1.5840333,31.382761
301.52,-2878.511,-1.2635663,31.062998
301.53998,-2859.282,-1.1033326,31.70253
301.56,-3003.5002,-7.192207,31.22288
301.58,-2868.8965,-2.0647337,31.062998
301.6,-2835.2456,-1.1033326,30.903116
301.62,-2825.6309,-0.46239844,31.22288
301.63998,-2873.7039,-0.9430991,31.542645
301.66,-2883.3184,-1.7442669,31.382761
301.68,-2945.813,-3.5068357,31.062998
301.69998,-2878.511,-2.385201,31.542645
301.72,-2840.0527,-0.62263197,31.862411
301.74,-2864.089,-2.0647337,31.70253
301.75998,-2840.0527,-1.1033326,31.382761
301.78,-2844.86,-1.2635663,31.382761
301.8,-2859.282,-0.7828655,31.382761
301.82,-2993.8857,-3.026135,31.70253
301.84,-2907.3547,-3.1863687,31.70253
301.86,-2849.6675,-0.9430991,31.22288
301.88,-2878.511,-2.2249672,31.70253
301.9,-2719.8708,2.5820389,31.862411
301.91998,-2811.2092,-0.62263197,32.022293
301.94,-2854.4746,-2.0647337,32.022293
301.96,-2849.6675,-2.2249672,31.542645
301.97998,-2604.4963,5.3060093,31.382761
302.0,-2825.6309,-0.14193134,31.862411
302.02,-2892.9329,-2.2249672,32.342056
302.03998,-2878.511,-2.2249672,31.70253
302.06,-3085.224,-8.153608,31.862411
302.08,-2859.282,-1.9045002,31.862411
302.1,-2844.86,-1.4237996,31.862411
302.12,-2791.98,0.49900287,31.70253
302.13998,-2830.4382,-0.14193134,32.022293
302.16,-2772.751,0.6592364,32.022293
302.18,-2787.1729,0.9797035,32.182175
302.19998,-2864.089,-1.9045002,32.182175
302.22,-2835.2456,-1.1033326,31.862411
302.24,-2840.0527,-0.7828655,32.022293
302.25998,-2835.2456,-1.2635663,32.182175
302.28,-2753.5217,-0.14193134,32.022293
302.3,-2840.0527,-1.5840333,31.862411
302.32,-2950.62,-3.5068357,32.022293
302.34,-2772.751,1.139937,32.342056
302.36,-2864.089,-2.0647337,32.182175
302.38,-2907.3547,-3.6670694,32.182175
302.4,-2801.5945,-1.7442669,31.862411
302.41998,-2888.1255,-3.3466022,31.70253
302.44,-2782.3655,-0.62263197,32.342056
302.46,-2782.3655,-0.62263197,32.342056
302.47998,-2623.7253,3.8639073,32.182175
302.5,-2883.3184,-2.5454345,32.342056
302.52,-2830.4382,-1.7442669,32.661827
302.53998,-2772.751,-0.46239844,32.342056
302.56,-3027.5366,-5.589872,33.14147
302.58,-2830.4382,-1.5840333,32.342056
302.6,-2801.5945,-0.62263197,32.501938
302.62,-2820.8237,-1.7442669,32.342056
302.63998,-2830.4382,-1.2635663,32.501938
302.66,-2777.558,-1.7442669,32.182175
302.68,-2758.329,0.33876932,32.82171
302.69998,-2816.0164,-0.9430991,32.661827
302.72,-2801.5945,-1.1033326,32.82171
302.74,-2835.2456,-1.5840333,32.501938
302.75998,-2835.2456,-2.2249672,32.98159
302.78,-2825.6309,-1.5840333,32.661827
302.8,-2844.86,-1.9045002,32.82171
302.82,-2916.9692,-2.8659017,32.82171
302.84,-2820.8237,-2.2249672,32.661827
302.86,-2772.751,-0.46239844,32.501938
302.88,-2801.5945,-1.4237996,32.661827
302.9,-2782.3655,-1.2635663,32.501938
302.91998,-2791.98,-1.1033326,33.14147
302.94,-2801.5945,-0.46239844,32.82171
302.96,-2816.0164,-1.9045002,32.82171
302.97998,-2691.0273,1.4604042,32.98159
303.0,-2816.0164,-1.1033326,32.98159
303.02,-2873.7039,-4.468237,32.82171
303.03998,-2767.9436,-1.4237996,32.82171
303.06,-2907.3547,-2.8659017,33.14147
303.08,-2854.4746,-2.7056682,32.98159
303.1,-2791.98,-1.7442669,32.82171
303.12,-2820.8237,-1.5840333,33.14147
303.13998,-2787.1729,-1.7442669,32.82171
303.16,-2763.1365,-0.46239844,32.82171
303.18,-2763.1365,-0.9430991,33.14147
303.19998,-2748.7146,0.49900287,33.62112
303.22,-2806.4019,-1.5840333,33.461235
303.24,-2782.3655,-1.7442669,32.98159
303.25998,-2830.4382,-2.5454345,33.14147
303.28,-2801.5945,-1.7442669,33.301353
303.3,-2772.751,-0.14193134,33.461235
303.32,-2868.8965,-1.2635663,33.461235
303.34,-2820.8237,-2.8659017,33.301353
303.36,-2820.8237,-1.9045002,33.301353
303.38,-2763.1365,-0.46239844,33.301353
303.4,-2791.98,-1.1033326,32.98159
303.41998,-2700.6418,1.6206378,33.781002
303.44,-2796.7874,-2.0647337,33.62112
303.46,-2782.3655,-1.5840333,33.62112
303.47998,-2758.329,-0.30216488,33.940884
303.5,-2734.2925,0.018302217,33.461235
303.52,-2734.2925,-1.1033326,33.301353
303.53998,-2787.1729,-0.7828655,33.940884
303.56,-2801.5945,-2.2249672,33.14147
303.58,-2758.329,-0.62263197,33.461235
303.6,-2772.751,-2.0647337,33.461235
303.62,-2734.2925,-1.1033326,33.781002
303.63998,-2767.9436,-2.0647337,33.940884
303.66,-2724.6782,-1.2635663,34.26065
303.68,-2767.9436,-1.1033326,33.781002
303.69998,-2782.3655,-1.5840333,33.781002
303.72,-2715.0637,-0.30216488,33.781002
303.74,-2729.4854,-0.62263197,33.940884
303.75998,-2763.1365,-1.1033326,34.26065
303.78,-2782.3655,-1.9045002,33.461235
303.8,-2753.5217,-1.2635663,33.781002
303.82,-2787.1729,-1.4237996,33.940884
303.84,-2734.2925,-0.9430991,33.940884
303.86,-2715.0637,-0.46239844,33.940884
303.88,-2767.9436,-1.5840333,34.26065
303.9,-2816.0164,-4.6284704,33.781002
303.91998,-2772.751,-1.5840333,34.10077
303.94,-2715.0637,-0.9430991,33.940884
303.96,-2710.256,-0.62263197,34.26065
303.97998,-2772.751,-2.0647337,34.580418
304.0,-2719.8708,-0.46239844,33.940884
304.02,-2782.3655,-3.026135,34.10077
304.03998,-2796.7874,-2.2249672,34.10077
304.06,-2719.8708,-2.5454345,33.781002
304.08,-2710.256,0.018302217,34.10077
304.1,-2753.5217,-2.5454345,34.580418
304.12,-2748.7146,-1.4237996,34.420532
304.13998,-2734.2925,-1.5840333,34.580418
304.16,-2767.9436,-3.5068357,34.26065
304.18,-2686.2197,0.9797035,34.420532
304.19998,-2715.0637,0.17853576,34.26065
304.22,-2676.6055,0.018302217,34.580418
304.24,-2748.7146,-2.385201,34.420532
304.25998,-2700.6418,0.018302217,34.7403
304.28,-2686.2197,0.33876932,34.7403
304.3,-2734.2925,-0.9430991,34.580418
304.32,-2662.1833,0.33876932,34.420532
304.34,-2719.8708,-0.30216488,34.420532
304.36,-2695.8345,-1.2635663,34.420532
304.38,-2758.329,-2.7056682,34.420532
304.4,-2695.8345,-0.7828655,34.420532
304.41998,-2739.1,-2.0647337,34.420532
304.44,-2734.2925,-2.2249672,34.7403
304.46,-2763.1365,-2.2249672,34.90018
304.47998,-2791.98,-2.385201,35.859478
304.5,-2724.6782,-1.9045002,35.379826
304.52,-2763.1365,-2.8659017,34.90018
304.53998,-2715.0637,-2.0647337,34.580418
304.56,-2806.4019,-4.7887044,34.7403
304.58,-2724.6782,-1.9045002,34.90018
304.6,-2748.7146,-2.8659017,35.060062
304.62,-2719.8708,-1.9045002,34.580418
304.63998,-2710.256,-2.0647337,35.060062
304.66,-2748.7146,-2.8659017,35.060062
304.68,-2767.9436,-3.3466022,35.060062
304.69998,-2710.256,-1.4237996,34.7403
304.72,-2700.6418,-1.5840333,34.7403
304.74,-2705.449,-2.385201,35.060062
304.75998,-2724.6782,-1.2635663,35.379826
304.78,-2695.8345,-1.5840333,35.219944
304.8,-2700.6418,-0.9430991,34.7403
304.82,-2609.3035,1.3001705,35.219944
304.84,-2657.3762,0.018302217,35.379826
304.86,-2686.2197,-0.7828655,35.379826
304.88,-2691.0273,-0.9430991,35.379826
304.9,-2691.0273,-0.9430991,35.699596
304.91998,-2676.6055,-0.9430991,35.379826
304.94,-2715.0637,-1.7442669,35.379826
304.96,-2686.2197,-1.7442669,35.379826
304.97998,-2801.5945,-2.8659017,35.859478
305.0,-2676.6055,-1.2635663,35.219944
305.02,-2705.449,-1.9045002,35.379826
305.03998,-2739.1,-2.5454345,35.219944
305.06,-2878.511,-6.3910394,35.379826
305.08,-2748.7146,-3.827303,35.060062
305.1,-2623.7253,0.49900287,35.379826
305.12,-2710.256,-1.9045002,35.699596
305.13998,-2666.9907,-0.7828655,35.699596
305.16,-2734.2925,-2.5454345,35.379826
305.18,-2681.4126,-2.0647337,35.699596
305.19998,-2676.6055,-1.4237996,35.379826
305.22,-2681.4126,-1.2635663,35.699596
305.24,-2686.2197,-0.9430991,35.379826
305.25998,-2715.0637,-2.5454345,35.699596
305.28,-2681.4126,-2.0647337,35.379826
305.3,-2729.4854,-2.385201,35.699596
305.32,-2604.4963,-0.14193134,36.01936
305.34,-2652.569,-0.9430991,35.699596
305.36,-2681.4126,-0.62263197,35.53971
305.38,-2686.2197,-2.385201,35.859478
305.4,-2662.1833,-0.9430991,35.53971
305.41998,-2633.3398,-0.62263197,35.53971
305.44,-2657.3762,-1.5840333,35.53971
305.46,-2715.0637,-2.2249672,35.859478
305.47998,-2729.4854,-1.5840333,36.01936
305.5,-2739.1,-3.5068357,36.01936
305.52,-2681.4126,-1.7442669,35.859478
305.53998,-2676.6055,-1.4237996,35.859478
305.56,-2729.4854,-1.7442669,35.859478
305.58,-2657.3762,-1.2635663,35.859478
305.6,-2695.8345,-2.8659017,35.699596
305.62,-2657.3762,-1.1033326,35.699596
305.63998,-2681.4126,-0.9430991,35.859478
305.66,-2662.1833,0.018302217,36.01936
305.68,-2662.1833,-1.4237996,36.17924
305.69998,-2671.798,-1.5840333,36.01936
305.72,-2628.5327,-0.9430991,36.17924
305.74,-2614.1106,-0.46239844,36.01936
305.75998,-2628.5327,-1.5840333,35.859478
305.78,-2662.1833,-1.2635663,35.859478
305.8,-2642.9543,-1.4237996,36.01936
305.82,-2585.267,-0.14193134,35.859478
305.84,-2623.7253,-0.46239844,36.01936
305.86,-2686.2197,-3.026135,35.859478
305.88,-2623.7253,-1.2635663,36.339123
305.9,-2666.9907,-2.385201,35.859478
305.91998,-2657.3762,-1.9045002,36.01936
305.94,-2691.0273,-3.3466022,36.339123
305.96,-2657.3762,-2.5454345,36.17924
305.97998,-2676.6055,-1.7442669,36.339123
306.0,-2638.147,-0.7828655,36.17924
306.02,-2623.7253,-0.9430991,36.01936
306.03998,-2623.7253,-0.7828655,36.339123
306.06,-2642.9543,-1.7442669,36.17924
306.08,-2662.1833,-2.385201,36.01936
306.1,-2671.798,-2.7056682,36.339123
306.12,-2666.9907,-3.1863687,36.339123
306.13998,-2662.1833,-2.5454345,36.65889
306.16,-2686.2197,-1.7442669,36.339123
306.18,-2638.147,-1.5840333,36.17924
306.19998,-2604.4963,0.33876932,36.49901
306.22,-2647.7617,-2.0647337,36.339123
306.24,-2647.7617,-1.7442669,36.49901
306.25998,-2695.8345,-4.3080034,36.65889
306.28,-2652.569,-2.0647337,36.339123
306.3,-2628.5327,-1.4237996,36.49901
306.32,-2585.267,-0.7828655,36.65889
306.34,-2638.147,-2.2249672,36.978653
306.36,-2671.798,-2.2249672,36.49901
306.38,-2628.5327,-0.9430991,36.65889
306.4,-2652.569,-2.7056682,36.65889
306.41998,-2628.5327,-1.9045002,36.339123
306.44,-2642.9543,-2.7056682,36.339123
306.46,-2609.3035,-1.1033326,36.81877
306.47998,-2666.9907,-2.385201,36.65889
306.5,-2609.3035,-0.7828655,36.978653
306.52,-2618.918,-1.5840333,37.13854
306.53998,-2628.5327,-1.5840333,36.65889
306.56,-2657.3762,-2.5454345,36.978653
306.58,-2633.3398,-2.385201,36.49901
306.6,-2614.1106,-1.5840333,36.978653
306.62,-2633.3398,-1.5840333,36.81877
306.63998,-2618.918,-1.5840333,36.81877
306.66,-2618.918,-1.9045002,36.978653
306.68,-2691.0273,-3.9875362,36.81877
306.69998,-2647.7617,-2.385201,36.978653
306.72,-2652.569,-2.2249672,36.81877
306.74,-2633.3398,-2.385201,36.81877
306.75998,-2662.1833,-4.14777,36.65889
306.78,-2623.7253,-2.5454345,37.13854
306.8,-2604.4963,-2.0647337,36.49901
306.82,-2628.5327,-2.2249672,36.81877
306.84,-2633.3398,-2.2249672,36.81877
306.86,-2614.1106,-1.7442669,36.978653
306.88,-2580.46,-1.4237996,36.81877
306.9,-2623.7253,-2.0647337,37.29842
306.91998,-2604.4963,-1.7442669,37.29842
306.94,-2590.0742,-1.5840333,36.978653
306.96,-2638.147,-3.026135,37.29842
306.97998,-2662.1833,-3.827303,37.29842
307.0,-2570.8452,-1.4237996,37.458305
307.02,-2570.8452,-1.4237996,37.13854
307.03998,-2585.267,-0.7828655,37.618187
307.06,-2570.8452,-0.46239844,37.618187
307.08,-2585.267,-1.5840333,37.618187
307.1,-2599.689,-1.7442669,37.458305
307.12,-2633.3398,-2.7056682,37.618187
307.13998,-2590.0742,-0.30216488,37.618187
307.16,-2599.689,-1.9045002,37.458305
307.18,-2599.689,-2.2249672,37.29842
307.19998,-2532.387,0.49900287,37.618187
307.22,-2575.6523,-1.5840333,37.618187
307.24,-2585.267,-1.4237996,37.93795
307.25998,-2566.0378,-0.9430991,37.618187
307.28,-2585.267,-1.9045002,37.618187
307.3,-2618.918,-3.1863687,37.29842
307.32,-2590.0742,-1.7442669,37.618187
307.34,-2570.8452,-1.2635663,37.618187
307.36,-2532.387,0.018302217,37.77807
307.38,-2614.1106,-2.0647337,37.93795
307.4,-2590.0742,-1.4237996,37.93795
307.41998,-2590.0742,-2.0647337,37.618187
307.44,-2599.689,-2.385201,37.618187
307.46,-2580.46,-2.385201,37.618187
307.47998,-2542.0015,0.17853576,37.93795
307.5,-2575.6523,-1.5840333,37.77807
307.52,-2671.798,-4.948938,37.93795
307.53998,-2556.4236,-1.7442669,37.77807
307.56,-2561.2307,-1.7442669,37.77807
307.58,-2599.689,-3.6670694,38.09783
307.6,-2566.0378,-1.9045002,37.93795
307.62,-2618.918,-3.5068357,38.257713
307.63998,-2575.6523,-1.7442669,38.09783
307.66,-2590.0742,-2.0647337,37.93795
307.68,-2614.1106,-3.827303,37.93795
307.69998,-2585.267,-2.5454345,38.09783
307.72,-2570.8452,-1.2635663,38.57748
307.74,-2580.46,-2.0647337,37.93795
307.75998,-2585.267,-1.5840333,37.77807
307.78,-2546.8088,-1.5840333,37.93795
307.8,-2556.4236,-1.4237996,37.93795
307.82,-2575.6523,-1.4237996,38.09783
307.84,-2551.616,-1.2635663,38.09783
307.86,-2580.46,-2.2249672,37.93795
307.88,-2570.8452,-2.7056682,38.257713
307.9,-2580.46,-2.5454345,38.257713
307.91998,-2561.2307,-3.026135,38.257713
307.94,-2566.0378,-2.2249672,38.257713
307.96,-2590.0742,-1.9045002,38.417595
307.97998,-2590.0742,-2.0647337,38.57748
308.0,-2556.4236,-1.7442669,38.257713
308.02,-2542.0015,-0.7828655,38.257713
308.03998,-2517.965,-1.2635663,38.09783
308.06,-2503.5432,0.6592364,38.737366
308.08,-2561.2307,-1.9045002,38.417595
308.1,-2537.1943,-1.1033326,38.09783
308.12,-2517.965,-0.46239844,38.57748
308.13998,-2517.965,-1.5840333,38.737366
308.16,-2561.2307,-2.0647337,38.57748
308.18,-2546.8088,-1.9045002,38.257713
308.19998,-2556.4236,-2.7056682,38.57748
308.22,-2532.387,-0.9430991,38.737366
308.24,-2618.918,-3.827303,38.417595
308.25998,-2498.736,-0.46239844,38.57748
308.28,-2517.965,-1.7442669,38.737366
308.3,-2594.8816,-3.3466022,38.417595
308.32,-2575.6523,-2.7056682,38.257713
308.34,-2599.689,-3.5068357,38.57748
308.36,-2556.4236,-3.026135,38.737366
308.38,-2561.2307,-1.9045002,38.417595
308.4,-2527.5796,-1.7442669,38.257713
308.41998,-2532.387,-1.4237996,38.737366
308.44,-2513.158,0.33876932,38.897247
308.46,-2537.1943,-1.5840333,38.737366
308.47998,-2561.2307,-2.5454345,38.897247
308.5,-2570.8452,-3.026135,38.897247
308.52,-2542.0015,-2.0647337,39.05713
308.53998,-2450.6633,1.3001705,39.05713
308.56,-2542.0015,-1.9045002,38.897247
308.58,-2542.0015,-2.385201,39.05713
308.6,-2542.0015,-1.7442669,39.05713
308.62,-2508.3506,-1.1033326,39.05713
308.63998,-2551.616,-2.385201,38.737366
308.66,-2493.9287,-0.9430991,38.897247
308.68,-2532.387,-1.5840333,39.05713
308.69998,-2522.7725,-1.1033326,39.05713
308.72,-2556.4236,-2.2249672,39.05713
308.74,-2517.965,-3.3466022,38.57748
308.75998,-2508.3506,-1.4237996,38.897247
308.78,-2493.9287,-1.9045002,38.897247
308.8,-2551.616,-3.1863687,39.05713
308.82,-2508.3506,-0.62263197,39.05713
308.84,-2498.736,-1.4237996,39.21701
308.86,-2551.616,-1.5840333,38.897247
308.88,-2527.5796,-1.9045002,39.536777
308.9,-2503.5432,-1.2635663,39.21701
308.91998,-2498.736,-1.2635663,39.05713
308.94,-2551.616,-3.026135,39.05713
308.96,-2527.5796,-1.7442669,39.85654
308.97998,-2532.387,-2.8659017,38.737366
309.0,-2556.4236,-1.9045002,39.536777
309.02,-2522.7725,-2.8659017,39.05713
309.03998,-2489.1216,-0.9430991,39.376892
309.06,-2465.0852,0.17853576,39.69666
309.08,-2469.8923,-0.46239844,39.05713
309.1,-2522.7725,-1.9045002,39.21701
309.12,-2493.9287,-0.9430991,39.21701
309.13998,-2498.736,-1.5840333,39.536777
309.16,-2474.6997,-0.7828655,39.376892
309.18,-2532.387,-1.5840333,39.21701
309.19998,-2546.8088,-2.5454345,39.376892
309.22,-2542.0015,-2.7056682,39.21701
309.24,-2542.0015,-3.5068357,39.376892
309.25998,-2489.1216,-2.0647337,39.85654
309.28,-2527.5796,-3.5068357,39.69666
309.3,-2575.6523,-4.14777,39.69666
309.32,-2508.3506,-2.2249672,39.376892
309.34,-2594.8816,-5.2694044,39.376892
309.36,-2503.5432,-1.5840333,39.536777
309.38,-2489.1216,-1.2635663,39.376892
309.4,-2566.0378,-3.5068357,39.376892
309.41998,-2566.0378,-4.14777,39.21701
309.44,-2561.2307,-3.026135,39.69666
309.46,-2537.1943,-3.1863687,39.69666
309.47998,-2580.46,-4.6284704,39.05713
309.5,-2517.965,-2.0647337,39.69666
309.52,-2527.5796,-2.7056682,39.69666
309.53998,-2566.0378,-4.468237,39.376892
309.56,-2479.5068,-1.7442669,39.536777
309.58,-2522.7725,-3.026135,39.69666
309.6,-2513.158,-1.5840333,39.69666
309.62,-2527.5796,-2.7056682,40.016422
309.63998,-2542.0015,-3.1863687,39.69666
309.66,-2489.1216,-2.2249672,39.21701
309.68,-2508.3506,-1.7442669,39.536777
309.69998,-2532.387,-3.026135,39.536777
309.72,-2517.965,-2.0647337,39.69666
309.74,-2503.5432,-2.385201,39.69666
309.75998,-2561.2307,-3.827303,39.69666
309.78,-2580.46,-4.468237,39.536777
309.8,-2484.3142,-1.5840333,39.69666
309.82,-2551.616,-3.026135,40.016422
309.84,-2532.387,-2.8659017,39.85654
309.86,-2542.0015,-3.6670694,39.536777
309.88,-2513.158,-2.2249672,39.85654
309.9,-2542.0015,-3.6670694,40.016422
309.91998,-2546.8088,-4.3080034,39.85654
309.94,-2546.8088,-3.9875362,39.536777
309.96,-2537.1943,-3.3466022,39.85654
309.97998,-2542.0015,-3.827303,39.05713
310.0,-2460.2778,-0.46239844,39.85654
310.02,-2489.1216,-2.2249672,39.69666
310.03998,-2412.2048,1.6206378,39.85654
310.06,-2479.5068,-1.5840333,39.536777
310.08,-2527.5796,-3.026135,39.69666
310.1,-2537.1943,-3.026135,40.176308
310.12,-2508.3506,-2.7056682,40.176308
310.13998,-2561.2307,-4.14777,39.85654
310.16,-2542.0015,-4.468237,40.33619
310.18,-2503.5432,-3.3466022,40.016422
310.19998,-2527.5796,-3.026135,39.85654
310.22,-2465.0852,-1.4237996,40.176308
310.24,-2503.5432,-2.2249672,40.016422
310.25998,-2527.5796,-3.3466022,40.33619
310.28,-2527.5796,-2.5454345,40.33619
310.3,-2484.3142,-1.4237996,40.176308
310.32,-2489.1216,-2.2249672,40.016422
310.34,-2542.0015,-3.3466022,40.496075
310.36,-2474.6997,-1.5840333,40.496075
310.38,-2542.0015,-4.468237,40.016422
310.4,-2498.736,-2.8659017,40.33619
310.41998,-2513.158,-3.026135,40.176308
310.44,-2493.9287,-1.9045002,40.176308
310.46,-2508.3506,-2.5454345,40.176308
310.47998,-2484.3142,-2.7056682,40.016422
310.5,-2570.8452,-5.1091714,40.176308
310.52,-2503.5432,-3.026135,40.496075
310.53998,-2484.3142,-2.0647337,40.496075
310.56,-2417.0122,-0.62263197,40.815838
310.58,-2513.158,-3.5068357,40.176308
310.6,-2517.965,-2.7056682,40.33619
310.62,-2479.5068,-0.7828655,40.33619
310.63998,-2479.5068,-1.9045002,40.655956
310.66,-2527.5796,-3.6670694,40.496075
310.68,-2460.2778,-1.1033326,40.655956
310.69998,-2479.5068,-3.026135,40.97572
310.72,-2508.3506,-2.2249672,40.496075
310.74,-2489.1216,-0.7828655,40.815838
310.75998,-2522.7725,-3.5068357,40.815838
310.78,-2469.8923,-2.0647337,40.655956
310.8,-2580.46,-5.910339,40.33619
310.82,-2498.736,-1.7442669,41.1356
310.84,-2513.158,-3.026135,40.655956
310.86,-2479.5068,-2.5454345,40.815838
310.88,-2498.736,-2.7056682,40.655956
310.9,-2532.387,-3.6670694,41.1356
310.91998,-2469.8923,-1.2635663,40.815838
310.94,-2508.3506,-2.8659017,40.97572
310.96,-2508.3506,-3.3466022,40.655956
310.97998,-2551.616,-6.0705724,41.1356
311.0,-2493.9287,-2.8659017,40.655956
311.02,-2546.8088,-4.6284704,40.815838
311.03998,-2474.6997,-1.2635663,40.97572
311.06,-2392.9758,-0.62263197,40.655956
311.08,-2484.3142,-2.7056682,40.655956
311.1,-2527.5796,-4.3080034,40.815838
311.12,-2542.0015,-4.14777,40.815838
311.13998,-2561.2307,-3.9875362,40.815838
311.16,-2479.5068,-2.0647337,41.295483
311.18,-2455.4705,-1.2635663,41.295483
311.19998,-2484.3142,-2.7056682,41.295483
311.22,-2503.5432,-3.5068357,41.295483
311.24,-2474.6997,-2.5454345,41.1356
311.25998,-2522.7725,-3.6670694,40.815838
311.28,-2503.5432,-3.1863687,41.295483
311.3,-2513.158,-2.8659017,41.1356
311.32,-2508.3506,-2.0647337,41.455368
311.34,-2493.9287,-2.5454345,40.97572
311.36,-2469.8923,-2.0647337,40.97572
311.38,-2503.5432,-2.7056682,41.455368
311.4,-2561.2307,-5.2694044,41.1356
311.41998,-2479.5068,-2.5454345,41.1356
311.44,-2474.6997,-1.5840333,41.455368
311.46,-2508.3506,-1.9045002,41.455368
311.47998,-2469.8923,-4.14777,41.61525
311.5,-2484.3142,-2.0647337,41.61525
311.52,-2508.3506,-3.3466022,41.1356
311.53998,-2532.387,-3.9875362,41.455368
311.56,-2431.434,-1.5840333,41.61525
311.58,-2484.3142,-2.385201,41.1356
311.6,-2527.5796,-4.468237,41.455368
311.62,-2484.3142,-2.2249672,41.455368
311.63998,-2330.4814,1.6206378,41.61525
311.66,-2537.1943,-3.9875362,41.61525
311.68,-2522.7725,-3.3466022,41.455368
311.69998,-2460.2778,-2.0647337,41.455368
311.72,-2522.7725,-3.6670694,41.455368
311.74,-2465.0852,-2.5454345,41.61525
311.75998,-2460.2778,-1.9045002,41.455368
311.78,-2465.0852,-2.0647337,41.455368
311.8,-2489.1216,-2.385201,42.0949
311.82,-2479.5068,-1.9045002,42.414665
311.84,-2532.387,-4.3080034,41.935017
311.86,-2455.4705,-2.0647337,41.61525
311.88,-2537.1943,-4.14777,41.455368
311.9,-2455.4705,-0.7828655,41.61525
311.91998,-2527.5796,-3.9875362,41.775135
311.94,-2484.3142,-3.026135,41.455368
311.96,-2503.5432,-3.3466022,41.61525
311.97998,-2441.0486,-3.9875362,41.935017
312.0,-2503.5432,-3.026135,41.935017
312.02,-2474.6997,-2.385201,41.775135
312.03998,-2436.2412,-1.1033326,41.775135
312.06,-2397.7832,-1.5840333,42.0949
312.08,-2469.8923,-2.2249672,41.775135
312.1,-2493.9287,-3.3466022,41.935017
312.12,-2513.158,-3.1863687,42.0949
312.13998,-2465.0852,-1.2635663,41.935017
312.16,-2542.0015,-4.3080034,41.775135
312.18,-2498.736,-3.6670694,42.414665
312.19998,-2493.9287,-1.9045002,41.935017
312.22,-2513.158,-3.026135,42.25478
312.24,-2546.8088,-4.7887044,41.61525
312.25998,-2484.3142,-2.8659017,41.775135
312.28,-2522.7725,-4.6284704,41.935017
312.3,-2484.3142,-2.7056682,41.775135
312.32,-2445.856,-2.385201,42.25478
312.34,-2493.9287,-3.5068357,41.935017
312.36,-2484.3142,-2.7056682,42.0949
312.38,-2436.2412,-1.2635663,42.0949
312.4,-2522.7725,-3.3466022,41.935017
312.41998,-2503.5432,-3.026135,42.25478
312.44,-2493.9287,-3.1863687,41.935017
312.46,-2542.0015,-4.7887044,42.0949
312.47998,-2469.8923,-3.3466022,42.0949
312.5,-2460.2778,-1.7442669,42.0949
312.52,-2445.856,-1.4237996,42.25478
312.53998,-2522.7725,-3.9875362,42.414665
312.56,-2368.9395,-0.7828655,42.574547
312.58,-2450.6633,-2.0647337,42.0949
312.6,-2532.387,-4.7887044,42.0949
312.62,-2431.434,-0.46239844,42.414665
312.63998,-2465.0852,-3.6670694,41.61525
312.66,-2537.1943,-4.468237,42.574547
312.68,-2417.0122,0.33876932,42.414665
312.69998,-2460.2778,-2.385201,42.0949
312.72,-2450.6633,-2.8659017,41.775135
312.74,-2465.0852,-2.7056682,42.414665
312.75998,-2489.1216,-3.6670694,42.25478
312.78,-2484.3142,-2.8659017,42.0949
312.8,-2503.5432,-3.827303,42.0949
312.82,-2460.2778,-2.7056682,42.414665
312.84,-2527.5796,-3.9875362,42.574547
312.86,-2493.9287,-3.827303,42.574547
312.88,-2489.1216,-3.3466022,42.25478
312.9,-2508.3506,-2.7056682,42.414665
312.91998,-2517.965,-3.827303,41.935017
312.94,-2493.9287,-3.1863687,42.89431
312.96,-2465.0852,-3.1863687,42.25478
312.97998,-2570.8452,-6.230806,42.25478
313.0,-2537.1943,-4.468237,42.414665
313.02,-2489.1216,-3.3466022,42.0949
313.03998,-2542.0015,-5.2694044,42.0949
313.06,-2316.0593,0.81947,42.574547
313.08,-2527.5796,-3.5068357,42.574547
313.1,-2441.0486,-2.2249672,42.574547
313.12,-2489.1216,-3.026135,42.414665
313.13998,-2402.5906,-2.8659017,41.61525
313.16,-2546.8088,-4.14777,42.73443
313.18,-2474.6997,-2.8659017,42.414665
313.19998,-2489.1216,-2.7056682,42.73443
313.22,-2503.5432,-3.6670694,42.73443
313.24,-2489.1216,-3.9875362,42.414665
313.25998,-2484.3142,-3.6670694,42.73443
313.28,-2479.5068,-2.2249672,42.574547
313.3,-2484.3142,-3.3466022,42.73443
313.32,-2465.0852,-2.0647337,43.214077
313.34,-2522.7725,-4.7887044,42.414665
313.36,-2493.9287,-3.5068357,42.25478
313.38,-2513.158,-4.3080034,42.574547
313.4,-2628.5327,-6.5512733,42.73443
313.41998,-2517.965,-4.14777,42.89431
313.44,-2498.736,-3.1863687,42.73443
313.46,-2532.387,-4.7887044,42.574547
313.47998,-2513.158,-5.429638,43.05419
313.5,-2484.3142,-3.5068357,42.89431
313.52,-2513.158,-3.827303,43.05419
313.53998,-2469.8923,-2.8659017,43.214077
313.56,-2282.4084,1.9411048,42.73443
313.58,-2460.2778,-2.8659017,43.214077
313.6,-2493.9287,-3.5068357,42.89431
313.62,-2484.3142,-3.827303,42.574547
313.63998,-2710.256,-8.794542,43.373962
313.66,-2479.5068,-3.827303,42.574547
313.68,-2460.2778,-2.8659017,43.05419
313.69998,-2493.9287,-3.1863687,42.89431
313.72,-2465.0852,-3.5068357,43.214077
313.74,-2460.2778,-3.3466022,42.25478
313.75998,-2474.6997,-2.7056682,42.73443
313.78,-2489.1216,-3.5068357,42.89431
313.8,-2508.3506,-4.3080034,43.05419
313.82,-2498.736,-3.3466022,43.533844
313.84,-2503.5432,-4.6284704,43.214077
313.86,-2479.5068,-3.5068357,43.214077
313.88,-2489.1216,-3.6670694,43.05419
313.9,-2551.616,-4.14777,42.89431
313.91998,-2493.9287,-3.3466022,43.214077
313.94,-2489.1216,-3.3466022,43.214077
313.96,-2503.5432,-3.5068357,43.05419
313.97998,-2450.6633,-3.1863687,43.533844
314.0,-2503.5432,-3.5068357,43.05419
314.02,-2484.3142,-3.3466022,43.373962
314.03998,-2489.1216,-3.026135,43.05419
314.06,-2277.601,3.0627398,43.373962
314.08,-2517.965,-3.827303,43.214077
314.1,-2460.2778,-2.0647337,43.05419
314.12,-2441.0486,-1.2635663,43.373962
314.13998,-2566.0378,-4.3080034,43.373962
314.16,-2527.5796,-4.948938,43.373962
314.18,-2503.5432,-4.14777,43.214077
314.19998,-2479.5068,-2.5454345,43.214077
314.22,-2498.736,-4.468237,43.533844
314.24,-2479.5068,-3.9875362,43.533844
314.25998,-2469.8923,-2.8659017,43.214077
314.28,-2537.1943,-4.3080034,43.533844
314.3,-2484.3142,-3.3466022,43.214077
314.32,-2503.5432,-3.1863687,43.533844
314.34,-2503.5432,-4.3080034,43.214077
314.36,-2474.6997,-3.3466022,43.373962
314.38,-2517.965,-3.9875362,43.214077
314.4,-2657.3762,-7.993375,43.533844
314.41998,-2479.5068,-3.1863687,43.373962
314.44,-2493.9287,-4.468237,43.05419
314.46,-2508.3506,-5.2694044,43.373962
314.47998,-2364.132,-0.46239844,43.693726
314.5,-2503.5432,-3.3466022,43.533844
314.52,-2503.5432,-4.14777,43.693726
314.53998,-2517.965,-3.9875362,43.533844
314.56,-2316.0593,1.7808713,43.853607
314.58,-2474.6997,-3.5068357,43.533844
314.6,-2489.1216,-3.3466022,43.693726
314.62,-2566.0378,-5.910339,43.693726
314.63998,-2441.0486,-2.385201,43.533844
314.66,-2532.387,-4.7887044,43.693726
314.68,-2460.2778,-2.0647337,43.693726
314.69998,-2522.7725,-5.2694044,43.853607
314.72,-2474.6997,-3.827303,44.01349
314.74,-2484.3142,-3.9875362,43.533844
314.75998,-2493.9287,-4.3080034,43.693726
314.78,-2465.0852,-3.1863687,44.01349
314.8,-2527.5796,-4.6284704,44.01349
314.82,-2546.8088,-5.1091714,44.333256
314.84,-2498.736,-3.1863687,43.693726
314.86,-2474.6997,-3.026135,43.693726
314.88,-2484.3142,-4.468237,43.533844
314.9,-2628.5327,-6.8717403,43.693726
314.91998,-2493.9287,-4.468237,43.853607
314.94,-2503.5432,-3.9875362,43.853607
314.96,-2489.1216,-3.1863687,43.853607
314.97998,-2296.8303,-0.14193134,43.05419
315.0,-2489.1216,-3.1863687,44.01349
315.02,-2493.9287,-3.5068357,43.693726
315.03998,-2517.965,-4.7887044,43.693726
315.06,-2388.1685,0.17853576,44.17337
315.08,-2522.7725,-5.1091714,44.01349
315.1,-2542.0015,-5.7501054,44.01349
315.12,-2474.6997,-3.827303,43.693726
315.13998,-2397.7832,-1.1033326,44.17337
315.16,-2474.6997,-3.5068357,44.17337
315.18,-2493.9287,-3.827303,43.853607
315.19998,-2484.3142,-3.6670694,44.01349
315.22,-2503.5432,-5.1091714,44.01349
315.24,-2517.965,-5.2694044,44.01349
315.25998,-2493.9287,-3.6670694,43.693726
315.28,-2503.5432,-3.9875362,44.01349
315.3,-2469.8923,-3.1863687,44.01349
315.32,-2469.8923,-3.026135,44.17337
315.34,-2513.158,-4.468237,44.01349
315.36,-2542.0015,-6.0705724,44.01349
315.38,-2455.4705,-2.385201,44.17337
315.4,-2585.267,-5.910339,43.853607
315.41998,-2445.856,-3.026135,44.01349
315.44,-2508.3506,-3.827303,44.17337
315.46,-2479.5068,-3.6670694,44.01349
315.47998,-2368.9395,-3.5068357,43.373962
315.5,-2479.5068,-3.9875362,44.333256
315.52,-2436.2412,-1.9045002,44.17337
315.53998,-2465.0852,-3.1863687,44.333256
315.56,-2479.5068,-2.8659017,44.333256
315.58,-2465.0852,-2.7056682,44.333256
315.6,-2465.0852,-3.5068357,44.333256
315.62,-2503.5432,-5.2694044,44.01349
315.63998,-2421.8196,-3.5068357,44.493137
315.66,-2551.616,-5.589872,44.17337
315.68,-2489.1216,-3.827303,44.65302
315.69998,-2489.1216,-4.7887044,44.333256
315.72,-2484.3142,-3.9875362,44.493137
315.74,-2445.856,-2.7056682,44.17337
315.75998,-2431.434,-2.0647337,44.333256
315.78,-2436.2412,-3.026135,44.333256
315.8,-2489.1216,-4.14777,44.17337
315.82,-2517.965,-5.910339,44.333256
315.84,-2469.8923,-4.6284704,44.17337
315.86,-2513.158,-5.2694044,44.17337
315.88,-2513.158,-4.948938,44.333256
315.9,-2503.5432,-3.6670694,44.333256
315.91998,-2493.9287,-4.948938,44.333256
315.94,-2508.3506,-5.2694044,44.333256
315.96,-2469.8923,-4.3080034,44.333256
315.97998,-2445.856,-3.827303,44.17337
316.0,-2445.856,-3.026135,44.333256
316.02,-2489.1216,-5.1091714,44.333256
316.03998,-2513.158,-5.429638,44.65302
316.06,-2532.387,-6.230806,44.65302
316.08,-2513.158,-5.429638,44.333256
316.1,-2508.3506,-4.6284704,44.333256
316.12,-2503.5432,-5.1091714,44.333256
316.13998,-2479.5068,-4.6284704,44.333256
316.16,-2493.9287,-3.5068357,44.493137
316.18,-2474.6997,-4.468237,44.65302
316.19998,-2479.5068,-4.468237,44.65302
316.22,-2489.1216,-4.3080034,44.65302
316.24,-2513.158,-4.7887044,44.812904
316.25998,-2493.9287,-4.7887044,44.65302
316.28,-2479.5068,-4.948938,44.65302
316.3,-2484.3142,-4.3080034,44.333256
316.32,-2426.627,-2.385201,44.812904
316.34,-2474.6997,-3.6670694,44.65302
316.36,-2479.5068,-4.3080034,44.812904
316.38,-2469.8923,-3.827303,44.65302
316.4,-2474.6997,-2.7056682,44.65302
316.41998,-2503.5432,-4.468237,44.812904
316.44,-2441.0486,-2.5454345,44.812904
316.46,-2436.2412,-2.5454345,44.65302
316.47998,-2479.5068,-3.9875362,44.333256
316.5,-2455.4705,-2.8659017,44.812904
316.52,-2465.0852,-3.026135,44.493137
316.53998,-2493.9287,-4.468237,44.812904
316.56,-2489.1216,-4.14777,44.65302
316.58,-2513.158,-4.468237,45.132668
316.6,-2484.3142,-4.6284704,44.972786
316.62,-2513.158,-4.948938,45.292553
316.63998,-2513.158,-5.2694044,44.972786
316.66,-2498.736,-4.948938,44.812904
316.68,-2455.4705,-3.827303,44.812904
316.69998,-2498.736,-4.3080034,44.972786
316.72,-2484.3142,-4.6284704,44.65302
316.74,-2465.0852,-3.5068357,44.972786
316.75998,-2479.5068,-4.6284704,44.972786
316.78,-2498.736,-4.7887044,45.132668
316.8,-2465.0852,-2.8659017,45.132668
316.82,-2479.5068,-4.3080034,45.452435
316.84,-2479.5068,-4.6284704,44.972786
316.86,-2450.6633,-3.6670694,45.132668
316.88,-2460.2778,-4.468237,44.812904
316.9,-2455.4705,-3.3466022,45.132668
316.91998,-2460.2778,-3.5068357,44.972786
316.94,-2503.5432,-4.468237,44.972786
316.96,-2421.8196,-3.026135,45.132668
316.97998,-2493.9287,-4.948938,45.132668
317.0,-2532.387,-6.3910394,44.972786
317.02,-2474.6997,-3.5068357,44.972786
317.03998,-2431.434,-3.026135,45.132668
317.06,-2426.627,-1.9045002,45.452435
317.08,-2469.8923,-3.026135,45.452435
317.1,-2517.965,-4.7887044,45.452435
317.12,-2465.0852,-3.5068357,45.452435
317.13998,-2522.7725,-4.948938,45.452435
317.16,-2455.4705,-3.1863687,45.132668
317.18,-2489.1216,-3.9875362,45.612316
317.19998,-2460.2778,-2.7056682,45.292553
317.22,-2469.8923,-3.9875362,45.452435
317.24,-2455.4705,-3.5068357,45.292553
317.25998,-2465.0852,-2.8659017,46.09196
317.28,-2474.6997,-3.1863687,45.612316
317.3,-2436.2412,-2.5454345,45.292553
317.32,-2508.3506,-4.6284704,45.132668
317.34,-2489.1216,-3.3466022,45.772198
317.36,-2465.0852,-4.3080034,45.452435
317.38,-2450.6633,-3.5068357,45.292553
317.4,-2436.2412,-2.5454345,45.132668
317.41998,-2431.434,-1.5840333,45.772198
317.44,-2493.9287,-4.14777,45.612316
317.46,-2513.158,-4.7887044,45.772198
317.47998,-2489.1216,-3.6670694,45.452435
317.5,-2479.5068,-3.5068357,45.452435
317.52,-2522.7725,-5.589872,45.452435
317.53998,-2436.2412,-2.385201,45.612316
317.56,-2469.8923,-3.6670694,45.612316
317.58,-2474.6997,-4.14777,45.292553
317.6,-2465.0852,-3.6670694,45.772198
317.62,-2445.856,-2.8659017,45.612316
317.63998,-2450.6633,-2.2249672,46.09196
317.66,-2465.0852,-3.3466022,45.452435
317.68,-2489.1216,-4.468237,45.612316
317.69998,-2493.9287,-5.2694044,45.612316
317.72,-2479.5068,-5.2694044,45.612316
317.74,-2469.8923,-3.3466022,45.772198
317.75998,-2378.5542,-0.14193134,45.772198
317.78,-2421.8196,-2.385201,45.292553
317.8,-2517.965,-4.468237,45.93208
317.82,-2513.158,-4.468237,45.612316
317.84,-2546.8088,-7.0319734,45.772198
317.86,-2441.0486,-3.026135,46.25185
317.88,-2493.9287,-4.468237,45.772198
317.9,-2546.8088,-4.948938,45.612316
317.91998,-2460.2778,-3.5068357,45.772198
317.94,-2489.1216,-3.9875362,45.612316
317.96,-2450.6633,-3.6670694,45.612316
317.97998,-2465.0852,-2.7056682,45.772198
318.0,-2460.2778,-3.026135,45.772198
318.02,-2522.7725,-4.7887044,46.09196
318.03998,-2508.3506,-5.1091714,45.612316
318.06,-2513.158,-5.429638,45.452435
318.08,-2465.0852,-3.3466022,45.772198
318.1,-2508.3506,-3.9875362,46.09196
318.12,-2469.8923,-3.1863687,46.25185
318.13998,-2493.9287,-4.14777,45.93208
318.16,-2542.0015,-5.910339,45.612316
318.18,-2469.8923,-3.3466022,45.612316
318.19998,-2460.2778,-3.9875362,45.612316
318.22,-2455.4705,-3.827303,45.772198
318.24,-2489.1216,-3.6670694,45.612316
318.25998,-2474.6997,-4.3080034,45.93208
318.28,-2445.856,-3.026135,46.09196
318.3,-2546.8088,-7.352441,45.772198
318.32,-2474.6997,-3.1863687,46.25185
318.34,-2484.3142,-4.468237,46.09196
318.36,-2465.0852,-3.6670694,45.93208
318.38,-2484.3142,-3.3466022,46.09196
318.4,-2441.0486,-3.827303,45.452435
318.41998,-2498.736,-4.7887044,45.93208
318.44,-2426.627,-3.6670694,46.09196
318.46,-2479.5068,-3.5068357,46.09196
318.47998,-2474.6997,-3.827303,46.571613
318.5,-2450.6633,-2.2249672,46.571613
318.52,-2498.736,-4.6284704,46.09196
318.53998,-2513.158,-5.2694044,45.93208
318.56,-2489.1216,-3.6670694,46.09196
318.58,-2474.6997,-4.3080034,46.09196
318.6,-2474.6997,-4.6284704,45.772198
318.62,-2469.8923,-4.14777,46.25185
318.63998,-2484.3142,-4.14777,45.93208
318.66,-2426.627,-2.7056682,46.25185
318.68,-2474.6997,-3.3466022,46.09196
318.69998,-2417.0122,-2.2249672,46.41173
318.72,-2517.965,-5.1091714,46.25185
318.74,-2537.1943,-6.230806,45.93208
318.75998,-2508.3506,-5.7501054,46.09196
318.78,-2426.627,-3.1863687,46.25185
318.8,-2407.3977,-2.385201,45.612316
318.82,-2407.3977,-2.0647337,46.25185
318.84,-2489.1216,-3.1863687,46.571613
318.86,-2503.5432,-4.3080034,46.09196
318.88,-2436.2412,-2.8659017,46.41173
318.9,-2498.736,-3.9875362,46.09196
318.91998,-2503.5432,-5.589872,46.41173
318.94,-2508.3506,-5.7501054,46.41173
318.96,-2508.3506,-4.3080034,46.25185
318.97998,-2522.7725,-6.0705724,45.772198
319.0,-2450.6633,-3.3466022,46.09196
319.02,-2445.856,-4.468237,46.41173
319.03998,-2421.8196,-3.3466022,46.571613
319.06,-2503.5432,-4.14777,46.41173
319.08,-2508.3506,-4.468237,46.25185
319.1,-2493.9287,-4.948938,46.25185
319.12,-2445.856,-4.7887044,46.41173
319.13998,-2493.9287,-4.7887044,46.25185
319.16,-2455.4705,-3.5068357,46.891376
319.18,-2455.4705,-3.9875362,46.731495
319.19998,-2460.2778,-4.3080034,46.571613
319.22,-2489.1216,-4.948938,46.571613
319.24,-2465.0852,-4.7887044,46.25185
319.25998,-2450.6633,-3.026135,46.25185
319.28,-2460.2778,-3.9875362,46.731495
319.3,-2484.3142,-5.2694044,46.731495
319.32,-2479.5068,-5.910339,45.93208
319.34,-2465.0852,-5.2694044,46.09196
319.36,-2417.0122,-4.3080034,46.25185
319.38,-2493.9287,-5.2694044,46.571613
319.4,-2340.0957,-0.14193134,46.731495
319.41998,-2455.4705,-4.7887044,46.571613
319.44,-2479.5068,-4.7887044,46.25185
319.46,-2469.8923,-5.910339,46.25185
319.47998,-2594.8816,-8.474075,46.41173
319.5,-2484.3142,-5.589872,46.41173
319.52,-2474.6997,-4.948938,46.731495
319.53998,-2441.0486,-4.468237,46.571613
319.56,-2517.965,-6.3910394,46.731495
319.58,-2441.0486,-4.3080034,46.571613
319.6,-2465.0852,-4.14777,46.41173
319.62,-2455.4705,-4.7887044,46.25185
319.63998,-2431.434,-2.385201,46.731495
319.66,-2517.965,-5.7501054,46.731495
319.68,-2445.856,-4.14777,46.731495
319.69998,-2460.2778,-5.2694044,46.731495
319.72,-2450.6633,-4.6284704,46.731495
319.74,-2474.6997,-5.2694044,46.571613
319.75998,-2503.5432,-6.3910394,46.571613
319.78,-2460.2778,-4.948938,46.731495
319.8,-2441.0486,-3.9875362,46.731495
319.82,-2436.2412,-5.1091714,46.41173
319.84,-2417.0122,-3.827303,46.891376
319.86,-2517.965,-7.0319734,46.09196
319.88,-2441.0486,-4.468237,46.731495
319.9,-2335.2886,-0.62263197,46.891376
319.91998,-2469.8923,-4.948938,46.571613
319.94,-2465.0852,-5.429638,47.051258
319.96,-2397.7832,-3.3466022,46.891376
319.97998,-2628.5327,-7.833141,46.891376
320.0,-2421.8196,-3.6670694,46.731495
320.02,-2397.7832,-2.385201,46.891376
320.03998,-2455.4705,-4.468237,46.891376
320.06,-2556.4236,-9.275244,47.051258
320.08,-2484.3142,-6.0705724,46.25185
320.1,-2455.4705,-5.2694044,46.571613
320.12,-2450.6633,-3.827303,46.891376
320.13998,-2441.0486,-3.6670694,46.891376
320.16,-2412.2048,-2.5454345,47.051258
320.18,-2402.5906,-2.8659017,47.051258
320.19998,-2436.2412,-4.3080034,46.891376
320.22,-2441.0486,-3.5068357,46.731495
320.24,-2455.4705,-4.948938,46.891376
320.25998,-2493.9287,-4.948938,47.051258
320.28,-2517.965,-6.0705724,47.371025
320.3,-2445.856,-4.3080034,46.891376
320.32,-2402.5906,-4.948938,47.051258
320.34,-2465.0852,-5.910339,47.051258
320.36,-2460.2778,-3.9875362,47.051258
320.38,-2479.5068,-5.429638,47.211143
320.4,-2373.7468,-2.8659017,47.530907
320.41998,-2421.8196,-3.827303,47.371025
320.44,-2426.627,-3.026135,47.211143
320.46,-2474.6997,-4.948938,47.211143
320.47998,-2493.9287,-3.026135,47.211143
320.5,-2450.6633,-4.6284704,47.051258
320.52,-2407.3977,-3.3466022,47.051258
320.53998,-2469.8923,-4.7887044,47.211143
320.56,-2551.616,-7.833141,47.530907
320.58,-2426.627,-2.7056682,47.371025
320.6,-2532.387,-6.3910394,47.051258
320.62,-2450.6633,-4.468237,47.211143
320.63998,-2498.736,-5.589872,47.371025
320.66,-2479.5068,-5.1091714,47.371025
320.68,-2445.856,-4.7887044,46.891376
320.69998,-2417.0122,-3.1863687,47.051258
320.72,-2417.0122,-4.14777,47.211143
320.74,-2508.3506,-6.711507,47.211143
320.75998,-2436.2412,-3.5068357,47.530907
320.78,-2426.627,-3.6670694,47.211143
320.8,-2417.0122,-3.5068357,47.371025
320.82,-2465.0852,-5.910339,47.530907
320.84,-2489.1216,-5.1091714,47.69079
320.86,-2474.6997,-6.230806,47.211143
320.88,-2441.0486,-4.6284704,47.530907
320.9,-2378.5542,-2.7056682,47.371025
320.91998,-2445.856,-3.827303,47.371025
320.94,-2426.627,-3.3466022,47.371025
320.96,-2465.0852,-5.429638,47.530907
320.97998,-2465.0852,-3.3466022,47.850674
321.0,-2450.6633,-4.6284704,47.211143
321.02,-2450.6633,-4.3080034,47.371025
321.03998,-2388.1685,-2.8659017,47.530907
321.06,-2546.8088,-8.954777,47.530907
321.08,-2417.0122,-4.3080034,47.371025
321.1,-2441.0486,-4.6284704,47.371025
321.12,-2392.9758,-2.5454345,47.530907
321.13998,-2392.9758,-3.026135,47.69079
321.16,-2431.434,-3.3466022,47.051258
321.18,-2503.5432,-6.711507,47.530907
321.19998,-2522.7725,-6.8717403,47.69079
321.22,-2426.627,-5.429638,47.69079
321.24,-2407.3977,-3.6670694,47.530907
321.25998,-2436.2412,-4.7887044,47.530907
321.28,-2397.7832,-2.2249672,47.850674
321.3,-2436.2412,-3.9875362,47.530907
321.32,-2412.2048,-5.2694044,47.69079
321.34,-2431.434,-3.9875362,47.371025
321.36,-2469.8923,-5.589872,47.211143
321.38,-2460.2778,-5.1091714,47.371025
321.4,-2460.2778,-5.2694044,47.69079
321.41998,-2460.2778,-5.2694044,47.530907
321.44,-2431.434,-4.14777,47.371025
321.46,-2431.434,-4.948938,47.211143
321.47998,-2469.8923,-4.14777,48.01056
321.5,-2460.2778,-4.948938,47.850674
321.52,-2460.2778,-3.827303,47.69079
321.53998,-2503.5432,-6.5512733,47.371025
321.56,-2484.3142,-7.833141,48.01056
321.58,-2426.627,-4.7887044,47.850674
321.6,-2388.1685,-3.6670694,47.69079
321.62,-2455.4705,-5.7501054,47.371025
321.63998,-2407.3977,-4.3080034,47.69079
321.66,-2455.4705,-5.429638,47.69079
321.68,-2493.9287,-6.5512733,47.371025
321.69998,-2460.2778,-5.589872,47.530907
321.72,-2412.2048,-3.827303,47.371025
321.74,-2465.0852,-6.0705724,47.371025
321.75998,-2469.8923,-5.7501054,47.850674
321.78,-2445.856,-5.429638,47.69079
321.8,-2455.4705,-4.7887044,47.850674
321.82,-2397.7832,-3.5068357,48.17044
321.84,-2407.3977,-4.6284704,48.01056
321.86,-2493.9287,-6.5512733,47.69079
321.88,-2469.8923,-5.2694044,48.01056
321.9,-2441.0486,-5.429638,48.01056
321.91998,-2417.0122,-4.6284704,47.69079
321.94,-2426.627,-6.3910394,47.530907
321.96,-2373.7468,-3.1863687,47.850674
321.97998,-2604.4963,-7.833141,48.809967
322.0,-2450.6633,-4.3080034,48.01056
322.02,-2450.6633,-5.589872,47.850674
322.03998,-2474.6997,-6.3910394,47.850674
322.06,-2392.9758,-5.589872,48.17044
322.08,-2493.9287,-7.0319734,47.530907
322.1,-2436.2412,-5.589872,48.01056
322.12,-2445.856,-5.589872,47.69079
322.13998,-2320.8667,-2.2249672,48.17044
322.16,-2469.8923,-7.192207,47.530907
322.18,-2441.0486,-5.589872,47.850674
322.19998,-2417.0122,-4.468237,48.17044
322.22,-2489.1216,-6.3910394,48.17044
322.24,-2469.8923,-6.230806,48.330322
322.25998,-2469.8923,-6.711507,47.69079
322.28,-2388.1685,-4.468237,47.69079
322.3,-2441.0486,-5.589872,48.330322
322.32,-2421.8196,-5.1091714,48.490204
322.34,-2417.0122,-4.948938,47.850674
322.36,-2445.856,-4.948938,48.17044
322.38,-2431.434,-5.2694044,47.530907
322.4,-2455.4705,-6.230806,48.17044
322.41998,-2450.6633,-6.5512733,48.01056
322.44,-2450.6633,-5.910339,48.17044
322.46,-2417.0122,-4.468237,48.01056
322.47998,-2513.158,-6.5512733,48.490204
322.5,-2469.8923,-7.192207,47.850674
322.52,-2441.0486,-5.2694044,48.01056
322.53998,-2407.3977,-4.7887044,48.17044
322.56,-2368.9395,-4.6284704,48.490204
322.58,-2465.0852,-6.230806,48.01056
322.6,-2450.6633,-5.7501054,48.330322
322.62,-2417.0122,-4.948938,48.17044
322.63998,-2354.5178,-4.7887044,48.17044
322.66,-2388.1685,-4.6284704,48.17044
322.68,-2441.0486,-5.1091714,48.490204
322.69998,-2450.6633,-6.8717403,48.01056
322.72,-2407.3977,-5.1091714,48.01056
322.74,-2436.2412,-6.3910394,48.01056
322.75998,-2417.0122,-5.910339,47.850674
322.78,-2397.7832,-5.2694044,47.850674
322.8,-2373.7468,-3.9875362,48.17044
322.82,-2421.8196,-5.7501054,48.01056
322.84,-2412.2048,-5.589872,48.17044
322.86,-2421.8196,-6.711507,48.01056
322.88,-2417.0122,-5.2694044,48.490204
322.9,-2493.9287,-7.672908,48.01056
322.91998,-2392.9758,-5.589872,48.330322
322.94,-2450.6633,-6.8717403,48.17044
322.96,-2450.6633,-6.711507,48.330322
322.97998,-2417.0122,-2.8659017,48.490204
323.0,-2378.5542,-3.3466022,48.17044
323.02,-2378.5542,-4.3080034,48.330322
323.03998,-2368.9395,-4.6284704,48.330322
323.06,-2186.263,-1.4237996,48.490204
323.08,-2402.5906,-4.948938,48.17044
323.1,-2412.2048,-6.3910394,48.01056
323.12,-2445.856,-6.711507,48.17044
323.13998,-2373.7468,-6.711507,48.17044
323.16,-2417.0122,-5.2694044,47.850674
323.18,-2373.7468,-5.2694044,48.17044
323.19998,-2359.325,-3.6670694,47.850674
323.22,-2402.5906,-5.429638,48.330322
323.24,-2388.1685,-5.429638,48.330322
323.25998,-2436.2412,-6.230806,48.330322
323.28,-2402.5906,-5.2694044,48.330322
323.3,-2460.2778,-6.711507,48.330322
323.32,-2412.2048,-6.230806,48.490204
323.34,-2388.1685,-5.429638,48.330322
323.36,-2407.3977,-4.14777,48.490204
323.38,-2436.2412,-6.5512733,48.330322
323.4,-2493.9287,-7.993375,48.01056
323.41998,-2421.8196,-5.429638,48.330322
323.44,-2388.1685,-4.948938,48.330322
323.46,-2359.325,-4.468237,48.650085
323.47998,-2167.0337,2.261572,48.809967
323.5,-2460.2778,-6.5512733,48.330322
323.52,-2436.2412,-6.5512733,48.490204
323.53998,-2412.2048,-5.7501054,48.490204
323.56,-2210.2993,-0.9430991,48.490204
323.58,-2378.5542,-3.827303,48.330322
323.6,-2392.9758,-5.910339,48.330322
323.62,-2383.3613,-6.0705724,48.330322
323.63998,-2397.7832,-6.5512733,48.490204
323.66,-2388.1685,-5.2694044,48.650085
323.68,-2378.5542,-4.6284704,48.330322
323.69998,-2354.5178,-4.3080034,48.490204
323.72,-2364.132,-4.948938,48.490204
323.74,-2421.8196,-5.1091714,48.490204
323.75998,-2412.2048,-6.0705724,48.490204
323.78,-2378.5542,-5.2694044,48.490204
323.8,-2407.3977,-6.0705724,48.650085
323.82,-2484.3142,-8.313842,48.969852
323.84,-2421.8196,-6.0705724,48.490204
323.86,-2392.9758,-5.1091714,48.650085
323.88,-2412.2048,-6.230806,48.490204
323.9,-2498.736,-8.474075,48.809967
323.91998,-2397.7832,-5.910339,48.650085
323.94,-2320.8667,-3.3466022,48.490204
323.96,-2383.3613,-4.948938,48.650085
323.97998,-2118.961,2.261572,48.650085
324.0,-2397.7832,-5.589872,48.490204
324.02,-2383.3613,-5.1091714,48.650085
324.03998,-2383.3613,-6.0705724,48.490204
324.06,-2123.768,1.4604042,48.490204
324.08,-2426.627,-6.8717403,48.969852
324.1,-2368.9395,-5.429638,48.650085
324.12,-2402.5906,-5.7501054,48.650085
324.13998,-2431.434,-7.5126743,48.490204
324.16,-2373.7468,-5.7501054,48.650085
324.18,-2412.2048,-5.2694044,48.650085
324.19998,-2465.0852,-7.672908,48.490204
324.22,-2407.3977,-5.7501054,48.650085
324.24,-2340.0957,-3.9875362,48.809967
324.25998,-2383.3613,-5.589872,48.809967
324.28,-2402.5906,-5.589872,48.650085
324.3,-2412.2048,-6.5512733,48.650085
324.32,-2450.6633,-6.711507,48.969852
324.34,-2378.5542,-5.7501054,48.969852
324.36,-2392.9758,-6.8717403,48.969852
324.38,-2388.1685,-5.429638,48.490204
324.4,-2503.5432,-9.755944,48.490204
324.41998,-2359.325,-4.7887044,48.330322
324.44,-2445.856,-7.0319734,48.490204
324.46,-2354.5178,-4.3080034,48.969852
324.47998,-2176.6484,-0.14193134,48.330322
324.5,-2402.5906,-5.910339,48.650085
324.52,-2359.325,-4.3080034,48.809967
324.53998,-2388.1685,-5.429638,48.809967
324.56,-2167.0337,0.9797035,48.809967
324.58,-2368.9395,-5.910339,48.650085
324.6,-2378.5542,-6.0705724,48.809967
324.62,-2368.9395,-5.2694044,48.809967
324.63998,-2426.627,-7.352441,48.650085
324.66,-2407.3977,-6.230806,48.809967
324.68,-2402.5906,-6.3910394,48.650085
324.69998,-2412.2048,-6.711507,48.650085
324.72,-2397.7832,-7.0319734,48.650085
324.74,-2392.9758,-5.910339,49.129734
324.75998,-2383.3613,-6.230806,48.809967
324.78,-2373.7468,-4.948938,48.969852
324.8,-2407.3977,-6.8717403,48.650085
324.82,-2412.2048,-6.3910394,49.28962
324.84,-2359.325,-5.589872,48.809967
324.86,-2412.2048,-6.3910394,48.650085
324.88,-2373.7468,-5.7501054,48.809967
324.9,-2489.1216,-9.59571,48.650085
324.91998,-2378.5542,-6.230806,48.809967
324.94,-2316.0593,-3.3466022,48.809967
324.96,-2344.903,-4.468237,49.129734
324.97998,-2195.8774,-2.385201,48.01056
325.0,-2349.7102,-5.1091714,49.4495
325.02,-2373.7468,-5.429638,49.129734
325.03998,-2421.8196,-6.711507,48.809967
325.06,-2152.612,2.4218054,48.650085
325.08,-2364.132,-5.7501054,48.809967
325.1,-2364.132,-6.230806,48.809967
325.12,-2373.7468,-5.7501054,49.129734
325.13998,-2441.0486,-7.672908,48.969852
325.16,-2412.2048,-6.8717403,49.28962
325.18,-2349.7102,-5.2694044,49.129734
325.19998,-2368.9395,-5.2694044,48.809967
325.22,-2364.132,-5.429638,49.129734
325.24,-2388.1685,-5.910339,48.650085
325.25998,-2388.1685,-6.5512733,49.4495
325.28,-2349.7102,-5.7501054,49.129734
325.3,-2364.132,-5.910339,49.129734
325.32,-2378.5542,-4.948938,49.4495
325.34,-2349.7102,-4.7887044,48.969852
325.36,-2354.5178,-5.7501054,48.969852
325.38,-2397.7832,-6.5512733,49.28962
325.4,-2412.2048,-8.313842,48.969852
325.41998,-2359.325,-4.948938,49.129734
325.44,-2364.132,-5.910339,48.809967
325.46,-2301.6375,-4.3080034,49.28962
325.47998,-2210.2993,-3.1863687,48.490204
325.5,-2359.325,-5.589872,48.650085
325.52,-2340.0957,-5.2694044,49.129734
325.53998,-2368.9395,-5.910339,49.28962
325.56,-2287.2158,-2.0647337,49.28962
325.58,-2296.8303,-3.9875362,49.28962
325.6,-2378.5542,-6.0705724,48.969852
325.62,-2340.0957,-5.429638,49.129734
325.63998,-2445.856,-8.153608,48.809967
325.66,-2359.325,-5.910339,48.969852
325.68,-2388.1685,-6.711507,49.28962
325.69998,-2359.325,-5.7501054,49.28962
325.72,-2392.9758,-6.711507,49.4495
325.74,-2320.8667,-5.2694044,49.28962
325.75998,-2383.3613,-7.192207,49.129734
325.78,-2344.903,-4.7887044,49.28962
325.8,-2368.9395,-6.8717403,49.129734
325.82,-2296.8303,-3.1863687,49.28962
325.84,-2311.2522,-4.7887044,49.28962
325.86,-2368.9395,-6.3910394,49.129734
325.88,-2340.0957,-6.0705724,48.809967
325.9,-2407.3977,-7.833141,48.969852
325.91998,-2349.7102,-5.910339,49.4495
325.94,-2330.4814,-5.429638,49.4495
325.96,-2306.4448,-4.7887044,48.809967
325.97998,-2215.1064,-4.14777,48.650085
326.0,-2301.6375,-4.3080034,49.129734
326.02,-2378.5542,-6.711507,49.129734
326.03998,-2340.0957,-5.429638,49.28962
326.06,-2340.0957,-5.429638,49.129734
326.08,-2349.7102,-5.7501054,48.969852
326.1,-2311.2522,-4.6284704,48.650085
326.12,-2344.903,-6.3910394,49.129734
326.13998,-2397.7832,-7.0319734,49.129734
326.16,-2368.9395,-6.5512733,49.129734
326.18,-2359.325,-6.230806,48.650085
326.19998,-2344.903,-6.230806,49.28962
326.22,-2296.8303,-4.3080034,49.129734
326.24,-2325.6738,-5.589872,49.28962
326.25998,-2340.0957,-5.910339,49.28962
326.28,-2359.325,-7.0319734,49.609383
326.3,-2359.325,-6.5512733,49.129734
326.32,-2325.6738,-5.1091714,49.28962
326.34,-2306.4448,-4.948938,48.969852
326.36,-2349.7102,-6.3910394,49.129734
326.38,-2320.8667,-5.2694044,49.609383
326.4,-2340.0957,-6.0705724,49.28962
326.41998,-2320.8667,-5.429638,49.4495
326.44,-2368.9395,-6.711507,49.129734
326.46,-2311.2522,-5.2694044,49.28962
326.47998,-2243.9502,-5.589872,48.330322
326.5,-2325.6738,-5.429638,49.4495
326.52,-2306.4448,-4.468237,49.28962
326.53998,-2344.903,-6.3910394,49.129734
326.56,-2349.7102,-5.589872,49.28962
326.58,-2344.903,-5.429638,49.129734
326.6,-2325.6738,-6.230806,49.28962
326.62,-2311.2522,-6.0705724,49.4495
326.63998,-2349.7102,-6.230806,49.28962
326.66,-2349.7102,-6.0705724,49.4495
326.68,-2311.2522,-4.6284704,49.129734
326.69998,-2320.8667,-5.2694044,49.129734
326.72,-2296.8303,-4.948938,49.769264
326.74,-2306.4448,-5.1091714,49.4495
326.75998,-2325.6738,-5.429638,49.4495
326.78,-2359.325,-7.192207,49.28962
326.8,-2340.0957,-5.910339,49.769264
326.82,-2263.1794,-4.14777,49.28962
326.84,-2344.903,-6.3910394,49.769264
326.86,-2292.023,-4.948938,49.4495
326.88,-2431.434,-8.634309,49.28962
326.9,-2330.4814,-7.0319734,49.28962
326.91998,-2330.4814,-5.429638,49.4495
326.94,-2306.4448,-5.2694044,49.28962
326.96,-2364.132,-6.711507,49.609383
326.97998,-2340.0957,-7.192207,49.129734
327.0,-2325.6738,-5.7501054,49.609383
327.02,-2354.5178,-7.192207,49.609383
327.03998,-2344.903,-5.910339,49.92915
327.06,-2402.5906,-7.192207,49.4495
327.08,-2325.6738,-6.0705724,49.609383
327.1,-2354.5178,-6.711507,49.4495
327.12,-2359.325,-6.711507,49.4495
327.13998,-2392.9758,-7.833141,49.609383
327.16,-2354.5178,-6.8717403,49.609383
327.18,-2335.2886,-6.5512733,49.4495
327.19998,-2359.325,-7.352441,49.4495
327.22,-2344.903,-6.230806,49.4495
327.24,-2359.325,-6.8717403,49.28962
327.25998,-2402.5906,-8.474075,49.28962
327.28,-2359.325,-7.0319734,49.92915
327.3,-2344.903,-5.910339,49.609383
327.32,-2359.325,-6.5512733,49.609383
327.34,-2344.903,-6.711507,49.4495
327.36,-2330.4814,-6.0705724,49.4495
327.38,-2340.0957,-6.230806,49.769264
327.4,-2311.2522,-5.429638,49.92915
327.41998,-2320.8667,-5.910339,49.769264
327.44,-2340.0957,-5.910339,49.609383
327.46,-2349.7102,-7.192207,49.609383
327.47998,-2388.1685,-8.153608,49.769264
327.5,-2359.325,-7.0319734,49.92915
327.52,-2287.2158,-4.468237,49.92915
327.53998,-2354.5178,-7.352441,49.609383
327.56,-2364.132,-6.8717403,49.609383
327.58,-2364.132,-6.8717403,49.769264
327.6,-2383.3613,-8.153608,50.248913
327.62,-2368.9395,-6.8717403,49.769264
327.63998,-2340.0957,-6.3910394,49.609383
327.66,-2359.325,-6.711507,49.92915
327.68,-2364.132,-6.5512733,49.769264
327.69998,-2344.903,-6.3910394,49.769264
327.72,-2335.2886,-6.711507,49.609383
327.74,-2263.1794,-4.7887044,49.609383
327.75998,-2349.7102,-6.5512733,49.609383
327.78,-2335.2886,-6.0705724,49.609383
327.8,-2335.2886,-6.8717403,49.28962
327.82,-2272.794,-4.3080034,49.92915
327.84,-2359.325,-7.0319734,49.769264
327.86,-2364.132,-7.0319734,50.08903
327.88,-2311.2522,-5.429638,49.92915
327.9,-2330.4814,-6.3910394,49.769264
327.91998,-2373.7468,-8.794542,49.28962
327.94,-2330.4814,-5.910339,50.08903
327.96,-2340.0957,-7.192207,49.769264
327.97998,-2335.2886,-6.711507,49.4495
328.0,-2364.132,-7.0319734,49.28962
328.02,-2354.5178,-7.5126743,49.769264
328.03998,-2349.7102,-7.192207,49.4495
328.06,-2354.5178,-7.0319734,49.769264
328.08,-2282.4084,-4.948938,49.609383
328.1,-2335.2886,-6.5512733,49.92915
328.12,-2301.6375,-5.429638,49.769264
328.13998,-2330.4814,-6.230806,49.769264
328.16,-2325.6738,-5.910339,49.92915
328.18,-2316.0593,-6.5512733,49.769264
328.19998,-2359.325,-7.0319734,50.08903
328.22,-2378.5542,-8.153608,49.92915
328.24,-2340.0957,-7.192207,49.92915
328.25998,-2349.7102,-7.0319734,49.609383
328.28,-2325.6738,-6.0705724,49.92915
328.3,-2335.2886,-7.0319734,49.609383
328.32,-2320.8667,-6.711507,49.92915
328.34,-2349.7102,-6.5512733,49.769264
328.36,-2267.9866,-4.6284704,49.769264
328.38,-2344.903,-6.711507,49.609383
328.4,-2296.8303,-5.7501054,49.769264
328.41998,-2330.4814,-6.3910394,49.769264
328.44,-2316.0593,-6.8717403,49.4495
328.46,-2316.0593,-6.0705724,49.92915
328.47998,-2388.1685,-7.993375,49.769264
328.5,-2258.372,-4.14777,49.92915
328.52,-2316.0593,-5.7501054,50.08903
328.53998,-2364.132,-7.352441,49.92915
328.56,-2359.325,-6.711507,50.08903
328.58,-2306.4448,-6.0705724,50.08903
328.6,-2316.0593,-5.7501054,49.4495
328.62,-2330.4814,-6.230806,49.92915
328.63998,-2311.2522,-5.429638,49.92915
328.66,-2364.132,-7.833141,49.769264
328.68,-2368.9395,-8.474075,49.92915
328.69998,-2373.7468,-7.833141,49.769264
328.72,-2311.2522,-6.8717403,50.08903
328.74,-2364.132,-7.833141,49.92915
328.75998,-2354.5178,-7.352441,49.769264
328.78,-2287.2158,-6.0705724,49.92915
328.8,-2306.4448,-7.0319734,49.769264
328.82,-2320.8667,-6.8717403,49.4495
328.84,-2335.2886,-6.711507,50.408794
328.86,-2306.4448,-6.0705724,49.769264
328.88,-2311.2522,-5.7501054,50.248913
328.9,-2373.7468,-6.711507,49.4495
328.91998,-2301.6375,-5.7501054,50.08903
328.94,-2316.0593,-6.230806,49.769264
328.96,-2311.2522,-5.589872,49.92915
328.97998,-2441.0486,-9.115009,50.08903
329.0,-2359.325,-7.833141,50.08903
329.02,-2373.7468,-7.993375,49.609383
329.03998,-2344.903,-7.192207,49.92915
329.06,-2311.2522,-6.3910394,49.92915
329.08,-2306.4448,-7.352441,49.769264
329.1,-2320.8667,-7.192207,49.609383
329.12,-2320.8667,-6.8717403,49.769264
329.13998,-2292.023,-5.429638,50.248913
329.16,-2325.6738,-6.3910394,49.769264
329.18,-2311.2522,-5.910339,50.08903
329.19998,-2287.2158,-5.910339,49.769264
329.22,-2316.0593,-6.230806,50.248913
329.24,-2330.4814,-7.352441,49.609383
329.25998,-2349.7102,-7.5126743,49.769264
329.28,-2316.0593,-6.3910394,50.08903
329.3,-2364.132,-8.153608,50.248913
329.32,-2296.8303,-6.5512733,49.769264
329.34,-2296.8303,-5.7501054,49.609383
329.36,-2354.5178,-8.313842,49.609383
329.38,-2292.023,-5.2694044,49.92915
329.4,-2277.601,-5.2694044,49.92915
329.41998,-2349.7102,-7.993375,49.92915
329.44,-2311.2522,-6.0705724,49.609383
329.46,-2267.9866,-5.429638,49.609383
329.47998,-2532.387,-10.877579,50.248913
329.5,-2320.8667,-6.0705724,49.92915
329.52,-2292.023,-5.589872,50.08903
329.53998,-2311.2522,-5.7501054,49.4495
329.56,-2311.2522,-6.0705724,50.08903
329.58,-2330.4814,-6.711507,49.609383
329.6,-2320.8667,-6.8717403,49.609383
329.62,-2296.8303,-6.3910394,49.92915
329.63998,-2248.7576,-4.468237,49.769264
329.66,-2335.2886,-7.833141,49.4495
329.68,-2296.8303,-6.230806,49.92915
329.69998,-2267.9866,-4.14777,49.769264
329.72,-2330.4814,-7.5126743,49.609383
329.74,-2335.2886,-7.0319734,49.92915
329.75998,-2311.2522,-5.429638,50.08903
329.78,-2316.0593,-6.5512733,49.769264
329.8,-2311.2522,-6.230806,49.769264
329.82,-2282.4084,-5.429638,49.609383
329.84,-2282.4084,-5.7501054,49.769264
329.86,-2354.5178,-7.0319734,49.92915
329.88,-2301.6375,-5.7501054,49.92915
329.9,-2282.4084,-5.589872,50.08903
329.91998,-2316.0593,-5.910339,49.609383
329.94,-2311.2522,-6.8717403,49.769264
329.96,-2320.8667,-7.0319734,49.769264
329.97998,-2508.3506,-9.275244,50.568676
330.0,-2277.601,-6.0705724,49.609383
330.02,-2364.132,-8.634309,49.92915
330.03998,-2311.2522,-6.0705724,49.92915
330.06,-2388.1685,-9.115009,50.08903
330.08,-2340.0957,-7.5126743,49.92915
330.1,-2349.7102,-6.5512733,49.92915
330.12,-2330.4814,-7.5126743,50.08903
330.13998,-2142.9973,-2.385201,49.769264
330.16,-2330.4814,-6.230806,49.92915
330.18,-2316.0593,-6.711507,50.248913
330.19998,-2320.8667,-5.910339,50.248913
330.22,-2306.4448,-6.0705724,49.92915
330.24,-2359.325,-7.5126743,50.08903
330.25998,-2373.7468,-7.833141,50.08903
330.28,-2296.8303,-5.429638,50.408794
330.3,-2344.903,-6.3910394,50.08903
330.32,-2330.4814,-7.5126743,49.92915
330.34,-2316.0593,-6.711507,50.408794
330.36,-2296.8303,-6.5512733,50.248913
330.38,-2292.023,-5.2694044,49.92915
330.4,-2287.2158,-4.3080034,50.08903
330.41998,-2354.5178,-7.192207,50.08903
330.44,-2373.7468,-8.313842,50.248913
330.46,-2335.2886,-7.0319734,50.08903
330.47998,-2354.5178,-4.6284704,50.248913
330.5,-2354.5178,-7.0319734,50.08903
330.52,-2340.0957,-6.3910394,50.08903
330.53998,-2330.4814,-6.230806,50.408794
330.56,-2383.3613,-9.755944,50.408794
330.58,-2316.0593,-7.0319734,50.08903
330.6,-2349.7102,-7.672908,50.568676
330.62,-2277.601,-5.1091714,50.08903
330.63998,-2335.2886,-9.275244,50.08903
330.66,-2383.3613,-7.672908,50.08903
330.68,-2263.1794,-5.1091714,49.769264
330.69998,-2335.2886,-7.192207,49.769264
330.72,-2320.8667,-6.5512733,50.08903
330.74,-2340.0957,-6.711507,50.08903
330.75998,-2373.7468,-9.115009,50.248913
330.78,-2306.4448,-5.7501054,50.08903
330.8,-2330.4814,-7.833141,49.92915
330.82,-2320.8667,-5.7501054,50.08903
330.84,-2340.0957,-7.0319734,50.248913
330.86,-2335.2886,-7.5126743,49.92915
330.88,-2301.6375,-5.2694044,50.248913
330.9,-2287.2158,-5.910339,49.92915
330.91998,-2325.6738,-6.5512733,50.08903
330.94,-2340.0957,-7.192207,50.248913
330.96,-2253.5647,-5.429638,49.92915
330.97998,-2215.1064,-1.5840333,49.92915
331.0,-2335.2886,-6.711507,50.248913
331.02,-2287.2158,-5.589872,49.609383
331.03998,-2195.8774,-1.5840333,45.452435
331.06,-2195.8774,-5.2694044,44.65302
331.08,-2157.4192,-2.5454345,45.772198
331.1,-2171.841,-7.192207,49.28962
331.12,-2142.9973,-8.794542,52.00762
331.13998,-2335.2886,-16.645985,54.086098
331.16,-2066.0808,-10.396878,53.1268
331.18,-2085.31,-9.435476,51.84774
331.19998,-2013.2008,-6.0705724,48.809967
331.22,-2018.008,-5.2694044,47.371025
331.24,-1969.9352,-5.7501054,46.731495
331.25998,-1912.2478,-5.429638,47.530907
331.28,-1844.946,-6.0705724,49.28962
331.3,-1811.295,-7.5126743,50.72856
331.32,-1873.7897,-12.159447,51.527973
331.34,-1753.6077,-9.59571,51.20821
331.36,-1643.0402,-6.711507,50.08903
331.38,-1667.0768,-6.5512733,48.969852
331.4,-1604.582,-6.230806,47.530907
331.41998,-1556.5093,-6.230806,47.211143
331.44,-1537.2802,-6.230806,47.850674
331.46,-1469.9781,-6.8717403,49.28962
331.47998,-1277.687,-1.9045002,49.4495
331.5,-1373.8326,-8.153608,50.08903
331.52,-1296.9161,-7.0319734,49.92915
331.53998,-1234.4214,-5.429638,49.609383
331.56,-1224.8069,-9.755944,49.129734
331.58,-1186.3486,-6.711507,48.17044
331.6,-1210.385,-7.833141,47.69079
331.62,-1133.4685,-6.5512733,48.330322
331.63998,-1186.3486,-8.153608,49.129734
331.66,-1008.4793,-6.230806,48.809967
331.68,-1003.672,-7.993375,48.809967
331.69998,-1061.3594,-10.076411,48.809967
331.72,-926.7555,-8.634309,48.969852
331.74,-921.94824,-8.474075,48.17044
331.75998,-720.0424,-3.827303,47.69079
331.78,-816.18805,-6.8717403,47.850674
331.8,-744.0788,-8.153608,48.17044
331.82,-753.69336,-8.313842,48.17044
331.84,-739.27155,-7.672908,48.490204
331.86,-705.62054,-8.313842,48.809967
331.88,-647.93317,-6.711507,48.17044
331.9,-700.8133,-7.993375,48.17044
331.91998,-604.6677,-6.230806,47.530907
331.94,-623.8968,-7.5126743,47.371025
331.96,-638.31866,-6.8717403,47.051258
331.97998,-345.0745,0.9797035,48.330322
332.0,-595.0531,-7.352441,47.850674
332.02,-546.9803,-7.192207,47.69079
332.03998,-479.67838,-3.1863687,42.574547
332.06,-301.80896,5.6264763,34.580418
332.08,-441.22012,13.477921,26.586285
332.1,-393.1473,18.925863,20.670628
332.12,-373.91818,23.572638,16.513681
332.13998,-383.53275,26.45684,13.795677
332.16,-282.57983,30.622915,8.039905
332.18,-292.1944,36.23109,3.2434282
332.19998,-277.77255,40.397163,-2.832109
332.22,-272.96527,45.52464,-7.788468
332.24,-186.4342,53.05562,-12.584944
332.25998,-152.78323,58.183094,-16.422125
332.28,-186.4342,59.144497,-21.538366
332.3,-306.61624,63.631035,-26.33484
332.32,-109.5177,71.32226,-30.971432
332.34,-95.09586,76.770195,-36.407436
332.36,-186.4342,78.85323,-40.244617
332.38,-191.24149,79.6544,-44.081795
332.4,-172.01237,87.666084,-49.038155
332.41998,-133.55412,92.63333,-53.99451
332.44,-244.12158,94.235664,-58.311337
332.46,-143.16867,101.92688,-62.148514
332.47998,53.92987,110.25903,-67.58452
332.5,-172.01237,108.81693,-71.901344
332.52,-186.4342,112.02161,-76.8577
332.53998,-138.36139,118.27071,-81.334404
332.56,34.700745,124.840294,-84.851814
332.58,-248.92886,125.96193,-89.648285
332.6,-282.57983,129.32683,-93.80523
332.62,-191.24149,135.89642,-98.92146
332.63998,-143.16867,137.97946,-103.0784
332.66,-330.65265,142.14554,-107.23535
332.68,-248.92886,147.43326,-111.87193
332.69998,-263.3507,151.59933,-115.868996
332.72,-272.96527,154.804,-120.345695
332.74,-277.77255,158.32915,-125.30205
332.75998,-224.89246,165.21921,-128.97934
332.78,-253.73613,169.22504,-133.13629
332.8,-181.62692,174.19229,-138.25252
332.82,-268.158,177.39697,-142.56934
332.84,-253.73613,182.36421,-146.24663
332.86,-340.2672,185.08818,-151.0431
332.88,-234.50702,191.818,-155.20003
332.9,-479.67838,191.17706,-159.51686
332.91998,-345.0745,198.86829,-163.03426
332.94,-316.2308,205.27763,-167.19121
332.96,-446.02737,206.39928,-171.98767
332.97998,-239.31432,213.6098,-175.98473
333.0,-421.991,215.69284,-180.6213
333.02,-340.2672,220.82033,-185.098
333.03998,-455.64197,222.10219,-189.09506
333.06,-301.80896,230.91505,-193.57176
333.08,-566.2094,231.87645,-197.56882
333.1,-479.67838,237.3244,-201.56586
333.12,-455.64197,239.56767,-205.88269
333.13998,-460.44922,243.09282,-210.19951
333.16,-494.10022,248.06006,-214.35643
333.18,-494.10022,250.94429,-218.1936
333.19998,-436.41284,255.75128,-222.6703
333.22,-402.76187,259.59692,-226.50748
333.24,-330.65265,262.9618,-231.30394
333.25998,-239.31432,267.76883,-235.46088
333.28,-80.67402,272.09515,-239.29805
333.3,25.08618,276.2612,-243.61485
333.32,97.195404,279.4659,-248.09155
333.34,270.25754,284.91385,-252.40836
333.36,438.51242,289.8811,-256.88504
333.38,520.2362,292.44485,-260.72223
333.4,659.6474,296.9314,-264.71927
333.41998,900.0115,303.1805,-269.19598
333.44,996.1571,303.82144,-273.67267
333.46,1202.8702,309.91034,-277.66974
333.47998,1481.6927,314.5571,-281.98654
333.5,1515.3438,319.04367,-286.14346
333.52,1669.1768,322.08813,-290.4603
333.53998,1803.7806,324.4916,-294.4573
333.56,2265.2798,335.86823,-299.25378
333.58,2140.2905,334.58636,-303.09097
333.6,2308.5454,337.6308,-307.56763
333.62,2553.7168,343.55945,-311.5647
333.63998,2601.7898,341.79688,-315.56174
333.66,2803.6956,349.80856,-320.03842
333.68,2967.1433,352.05185,-324.03546
333.69998,3178.6638,359.2624,-328.19238
333.72,3380.5698,363.42847,-332.50922
333.74,3592.0903,368.55594,-336.9859
333.75998,3721.887,371.1197,-340.66318
333.78,3880.5276,375.76648,-344.97998
333.8,4058.3967,379.77234,-349.29678
333.82,4231.459,383.13724,-353.29382
333.84,4394.9067,388.1045,-357.2909
333.86,4539.125,391.4694,-361.28793
333.88,4760.2603,397.2378,-365.60474
333.9,4817.9478,399.0004,-370.08142
333.91998,5101.5776,405.40976,-374.07846
333.94,5202.531,407.4928,-378.0755
333.96,5385.2075,412.46005,-382.23242
333.97998,5639.9937,415.5045,-386.869
334.0,5760.176,421.59335,-390.86603
334.02,5909.2017,425.27875,-395.02295
334.03998,6058.227,428.48343,-398.86014
334.06,6423.581,437.777,-403.3368
334.08,6365.8936,436.97583,-407.01407
334.1,6587.029,442.4238,-410.85123
334.12,6678.367,444.02615,-415.16806
334.13998,6572.607,442.4238,-419.6447
334.16,6957.19,450.59573,-423.322
334.18,7173.5176,456.52438,-427.9586
334.19998,7351.387,461.97235,-432.27536
334.22,7490.799,465.33725,-435.95264
334.24,7654.2456,468.22147,-440.26944
334.25998,7875.3813,475.59222,-444.1066
334.28,7942.6836,476.07294,-448.10364
334.3,8134.9746,480.5595,-452.26056
334.32,8274.386,483.92438,-455.77795
334.34,8394.568,488.09048,-460.25464
334.36,8620.511,494.33963,-464.25168
334.38,8707.041,496.2624,-468.2487
334.4,8807.995,499.78757,-472.24573
334.41998,8957.0205,502.99228,-476.56253
334.44,9178.156,508.6004,-480.55957
334.46,9274.302,510.68347,-484.5566
334.47998,9351.219,510.68347,-488.074
334.5,9625.233,520.29755,-492.39078
334.52,9764.645,523.5022,-496.38782
334.53998,9918.479,527.6683,-500.8645
334.56,10274.217,537.6028,-504.22205
334.58,10202.108,534.8788,-508.37894
334.6,10331.905,539.20514,-511.8963
334.62,10432.857,542.40985,-516.69275
334.63998,10529.004,547.3771,-520.8497
334.66,10783.789,548.8192,-524.20715
334.68,10961.659,555.2285,-528.3641
334.69998,11067.419,558.27295,-532.20123
334.72,11283.747,564.3619,-536.0384
334.74,11399.122,566.12445,-540.0354
334.75998,11543.341,569.6496,-543.71265
334.78,11682.752,574.4566,-548.0295
334.8,11802.934,576.6999,-552.3463
334.82,11908.694,581.1864,-555.5439
334.84,12062.528,584.3911,-559.7008
334.86,12201.939,588.5572,-563.6978
334.88,12331.735,593.36426,-567.535
334.9,12437.496,597.0496,-571.2122
334.91998,12634.595,600.2543,-575.0494
334.94,12711.512,602.17706,-579.2063
334.96,12898.995,606.5034,-583.2033
334.97998,12932.646,608.266,-586.7207
335.0,13221.084,616.5982,-590.39795
335.02,13322.037,619.64264,-594.2351
335.03998,13394.146,621.5654,-597.5926
335.06,13572.016,630.218,-601.42975
335.08,13576.822,632.4613,-607.82495
335.1,13605.666,634.86487,-611.6622
335.12,13745.077,639.51166,-616.2987
335.13998,13874.874,647.5233,-619.6562
335.16,13821.994,645.2801,-623.4933
335.18,13903.719,651.6894,-627.8101
335.19998,14019.093,655.85547,-631.967
335.22,14086.395,659.8613,-636.2838
335.24,14211.384,663.86725,-640.2808
335.25998,14235.421,667.2321,-644.5976
335.28,14326.76,671.07776,-648.43475
335.3,14408.483,674.92334,-652.43176
335.32,14504.629,678.28827,-656.74854
335.34,14624.811,683.576,-660.74554
335.36,14706.535,690.46606,-664.7426
335.38,14740.187,691.2673,-668.5798
335.4,14764.223,694.7924,-672.257
335.41998,14836.332,698.4777,-676.4139
335.44,14975.743,702.16315,-680.5708
335.46,15009.394,705.3678,-684.8876
335.47998,15023.816,709.0532,-688.7247
335.5,15273.795,714.1807,-692.72174
335.52,15321.867,718.3468,-696.55884
335.53998,15451.664,722.9935,-700.8756
335.56,15648.762,729.5632,-704.2331
335.58,15600.689,730.84503,-708.5499
335.6,15615.111,731.9667,-712.54694
335.62,15773.753,737.0942,-716.38403
335.63998,15922.778,743.1831,-720.3811
335.66,15913.163,745.58655,-724.6978
335.68,15994.887,748.9515,-727.89545
335.69998,16081.418,753.2778,-732.0523
335.72,16148.721,755.68134,-736.529
335.74,16225.637,760.3281,-739.88654
335.75998,16345.82,764.17377,-743.5638
335.78,16437.158,768.9807,-746.92126
335.8,16494.846,771.224,-751.238
335.82,16643.871,776.99243,-755.23505
335.84,16744.824,779.87665,-759.0722
335.86,16821.74,783.5621,-763.22906
335.88,16869.812,786.6065,-767.06616
335.9,16913.078,788.6896,-770.42365
335.91998,17081.334,794.61816,-773.7812
335.94,17182.287,797.6626,-778.4177
335.96,17239.973,799.26495,-781.93506
335.97998,17369.771,806.3153,-785.6123
336.0,17499.566,810.8018,-789.6093
336.02,17538.025,810.4814,-793.28656
336.03998,17759.16,817.69183,-796.9638
336.06,17816.85,821.21704,-800.64105
336.08,17831.27,823.13983,-804.798
336.1,17917.8,827.3059,-808.795
336.12,17980.295,830.3504,-812.3123
336.13998,17965.875,832.7539,-815.98956
336.16,18129.32,839.16327,-819.6668
336.18,18162.973,841.5667,-823.0243
336.19998,18360.07,848.4568,-826.86145
336.22,18355.264,849.5784,-830.8584
336.24,18398.53,853.10364,-834.3758
336.25998,18417.758,855.50714,-838.05304
336.28,18552.363,859.83344,-841.7303
336.3,18624.47,863.51886,-845.5674
336.32,18720.617,867.36444,-848.92487
336.34,18840.8,870.7294,-852.44226
336.36,18874.451,872.49194,-856.27936
336.38,19047.512,876.81824,-859.477
336.4,19134.045,880.3434,-863.47394
336.41998,19239.803,886.1118,-866.5117
336.44,19283.07,887.23346,-870.6686
336.46,19384.021,891.23926,-874.1859
336.47998,19557.084,896.36676,-877.7033
336.5,19667.652,899.5715,-881.8601
336.52,19677.266,901.975,-884.8979
336.53998,19787.834,905.98083,-888.735
336.56,19936.86,908.2241,-891.77277
336.58,20018.582,912.39026,-895.7697
336.6,19994.547,913.83234,-899.1272
336.62,20109.922,917.99835,-902.32477
336.63998,20182.031,922.0042,-905.68225
336.66,20278.176,926.17035,-909.03973
336.68,20273.37,927.292,-912.3972
336.69998,20355.094,931.45807,-916.3942
336.72,20465.66,935.62415,-920.0715
336.74,20547.385,939.3095,-923.5888
336.75998,20619.494,942.83466,-926.30676
336.78,20701.217,946.6803,-929.66425
336.8,20758.904,948.9236,-933.50134
336.82,20831.014,951.0066,-937.0187
336.84,21018.498,957.41595,-940.2163
336.86,21042.533,959.65924,-943.5738
336.88,21037.729,961.2616,-947.0912
336.9,21042.533,962.0628,-950.9283
336.91998,21205.982,969.75397,-953.4863
336.94,21292.512,972.6382,-957.0037
336.96,21374.238,975.0417,-961.0007
336.97998,21475.191,979.36804,-964.518
337.0,21561.72,981.45105,-966.9162
337.02,21734.783,987.05927,-970.11383
337.03998,21826.121,989.1423,-973.7911
337.06,21931.88,993.14813,-976.9886
337.08,21922.266,993.30835,-980.506
337.1,22056.871,997.154,-983.86346
337.12,22138.594,1000.67914,-986.9012
337.13998,22302.043,1005.3259,-990.2586
337.16,22388.574,1005.8067,-993.9359
337.18,22446.262,1010.93414,-997.1334
337.19998,22585.672,1014.1388,-1000.1712
337.22,22672.203,1017.18317,-1003.20886
337.24,22835.65,1022.3107,-1006.5664
337.25998,22777.963,1022.9517,-1009.6041
337.28,22926.988,1026.6371,-1013.12134
337.3,22888.531,1027.919,-1015.83936
337.32,22965.447,1031.6042,-1020.63574
337.34,23051.977,1034.9692,-1022.7141
337.36,23056.785,1037.2125,-1025.7518
337.38,23172.16,1042.6605,-1028.9495
337.4,23273.113,1045.2242,-1032.3069
337.41998,23311.57,1047.4675,-1034.5453
337.44,23350.03,1051.1528,-1037.7428
337.46,23479.826,1053.5563,-1041.58
337.47998,23523.092,1056.2804,-1044.298
337.5,23628.85,1060.126,-1047.6554
337.52,23638.465,1061.7283,-1050.3733
337.53998,23739.418,1064.7727,-1054.0505
337.56,23883.637,1068.2979,-1056.7684
337.58,24018.24,1069.0991,-1060.126
337.6,24018.24,1074.0663,-1062.684
337.62,24128.807,1078.2324,-1065.8816
337.63998,24167.266,1081.4371,-1069.0791
337.66,24229.76,1082.3984,-1071.7971
337.68,24455.703,1088.968,-1074.3551
337.69998,24474.932,1089.1283,-1077.8726
337.72,24378.785,1090.7307,-1081.3899
337.74,24470.125,1095.8582,-1083.7881
337.75998,24551.85,1097.9412,-1086.8257
337.78,24667.223,1102.5879,-1089.5437
337.8,24696.068,1102.7482,-1092.5814
337.82,24806.633,1105.7926,-1095.9388
337.84,24955.658,1112.2019,-1098.337
337.86,24984.504,1111.7213,-1101.5345
337.88,25051.805,1112.8429,-1103.9329
337.9,25162.373,1117.6499,-1107.1304
337.91998,25296.975,1119.8932,-1110.328
337.94,25436.387,1124.7002,-1113.2058
337.96,25532.533,1128.2253,-1115.9237
337.97998,25580.605,1129.0265,-1118.8016
338.0,25652.715,1131.43,-1121.8392
338.02,25758.475,1133.9938,-1124.7172
338.03998,25869.043,1138.4803,-1126.9554
338.06,25878.656,1140.0828,-1129.993
338.08,25902.693,1142.6465,-1132.5511
338.1,25989.223,1144.5692,-1136.0685
338.12,26066.14,1148.7352,-1138.3068
338.13998,26186.322,1151.7798,-1140.8649
338.16,26229.588,1154.1832,-1143.9026
338.18,26325.732,1156.9072,-1146.9402
338.19998,26383.42,1158.5096,-1149.8181
338.22,26503.604,1162.195,-1152.536
338.24,26570.904,1162.8358,-1155.2539
338.25998,26652.629,1167.1622,-1157.812
338.28,26734.352,1169.4055,-1160.6898
338.3,26844.92,1173.7318,-1163.2478
338.32,26888.186,1174.0522,-1165.4862
338.34,27017.98,1179.1798,-1168.5239
338.36,27080.475,1180.9423,-1170.922
338.38,27224.693,1182.064,-1174.1196
338.4,27311.225,1184.6277,-1176.8375
338.41998,27373.719,1187.0311,-1178.916
338.44,27513.129,1192.1587,-1181.4741
338.46,27614.082,1194.2418,-1184.6716
338.47998,27633.312,1196.3247,-1187.2296
338.5,27710.229,1197.2861,-1189.6279
338.52,27849.639,1202.4137,-1192.026
338.53998,27955.398,1203.5353,-1194.5841
338.56,28037.121,1206.4194,-1197.302
338.58,28114.04,1208.3423,-1199.7002
338.6,28277.486,1211.2264,-1202.4182
338.62,28311.137,1213.9506,-1204.8163
338.63998,28431.318,1216.1938,-1208.0139
338.66,28580.344,1218.4371,-1210.2522
338.68,28561.115,1217.4757,-1212.3306
338.69998,28695.719,1221.3212,-1214.8887
338.72,28738.984,1222.603,-1217.4467
338.74,28897.625,1228.2113,-1220.1647
338.75998,29012.998,1231.2557,-1222.403
338.78,29118.758,1233.499,-1224.8011
338.8,29214.904,1235.9026,-1227.0394
338.82,29248.555,1237.0242,-1230.0771
338.84,29368.736,1241.8312,-1232.3154
338.86,29445.654,1241.671,-1234.5537
338.88,29887.922,1247.5996,-1238.8705
338.9,29623.521,1248.4008,-1239.1902
338.91998,29455.268,1249.5223,-1240.949
338.94,29455.268,1251.9259,-1243.6667
338.96,29445.654,1251.4452,-1245.5853
338.97998,29561.027,1253.2078,-1248.1434
339.0,29671.594,1258.0148,-1250.3817
339.02,29786.97,1260.0979,-1253.0996
339.03998,29854.27,1262.8218,-1255.6577
339.06,29892.73,1263.1422,-1257.5762
339.08,30008.104,1265.7059,-1259.6547
339.1,30104.248,1269.3914,-1261.893
339.12,30181.164,1270.5131,-1263.8115
339.13998,30325.385,1274.1984,-1266.6893
339.16,30464.795,1279.3258,-1268.288
339.18,30431.143,1276.1211,-1271.006
339.19998,30527.291,1280.1271,-1273.4042
339.22,30637.854,1282.851,-1275.4825
339.24,30695.543,1283.492,-1277.0814
339.25998,30796.494,1286.5364,-1279.9592
339.28,30815.725,1286.3761,-1282.3573
339.3,30892.639,1289.4207,-1284.2759
339.32,30988.787,1292.4651,-1286.3542
339.34,31084.932,1294.5481,-1288.4327
339.36,31142.617,1296.4708,-1290.0315
339.38,31416.633,1299.996,-1292.2698
339.4,31195.5,1301.4381,-1295.3075
339.41998,31373.365,1305.1234,-1297.066
339.44,31171.463,1306.0848,-1298.5051
339.46,31238.766,1306.8861,-1300.5835
339.47998,31296.451,1308.0077,-1302.8218
339.5,31407.02,1311.3727,-1305.2198
339.52,31527.2,1316.0194,-1307.1384
339.53998,31517.586,1315.058,-1308.8971
339.56,31431.055,1314.2568,-1310.9756
339.58,31671.416,1318.7434,-1313.054
339.6,31724.299,1318.7434,-1314.8125
339.62,31781.984,1320.506,-1317.0509
339.63998,31945.432,1324.672,-1318.8096
339.66,31993.504,1327.8767,-1321.0477
339.68,32051.193,1327.7164,-1323.2861
339.69998,32180.99,1331.4019,-1325.0448
339.72,32214.639,1332.0428,-1326.4838
339.74,32272.324,1334.927,-1328.4022
339.75998,32330.014,1334.927,-1330.1609
339.78,32469.424,1339.2533,-1332.0795
339.8,32551.148,1341.6569,-1333.5183
339.82,32536.727,1341.176,-1336.5559
339.84,32527.113,1343.0989,-1338.3147
339.86,32637.678,1347.5854,-1339.5936
339.88,32608.834,1345.0217,-1341.5122
339.9,32676.137,1347.265,-1343.9103
339.91998,32762.668,1350.6299,-1345.0294
339.94,32757.861,1349.1877,-1346.7882
339.96,32878.043,1353.514,-1348.227
339.97998,32930.92,1354.3153,-1350.3054
340.0,33017.453,1356.879,-1351.4247
340.02,33103.984,1359.4427,-1353.3431
340.03998,33267.43,1363.2883,-1355.1018
340.06,33113.598,1360.2439,-1357.1803
340.08,33363.574,1365.0509,-1358.779
340.1,33397.227,1365.8522,-1360.5376
340.12,33402.03,1365.6919,-1361.9766
340.13998,33377.996,1367.134,-1364.5347
340.16,33527.023,1371.7808,-1365.9735
340.18,33546.254,1371.2999,-1366.9327
340.19998,33632.78,1374.5046,-1368.8513
340.22,33676.047,1375.3059,-1370.4502
340.24,33762.58,1375.9468,-1372.3685
340.25998,33829.88,1377.8696,-1373.8075
340.28,33873.145,1379.1515,-1375.0865
340.3,33930.832,1382.0358,-1376.8452
340.32,33998.133,1382.9971,-1378.7637
340.34,34036.594,1382.3562,-1380.2026
340.36,34094.277,1384.1187,-1381.162
340.38,34200.04,1386.0415,-1382.7606
340.4,34320.22,1387.8042,-1384.6792
340.41998,34382.715,1388.7655,-1386.118
340.44,34445.21,1391.0088,-1387.7169
340.46,34512.508,1391.8099,-1388.9958
340.47998,34623.08,1395.0146,-1390.5947
340.5,34627.883,1393.7328,-1391.8737
340.52,34695.184,1393.7328,-1393.3126
340.53998,34820.176,1398.2192,-1394.7516
340.56,34776.91,1398.3795,-1395.8707
340.58,34954.777,1401.2637,-1397.1497
340.6,35022.08,1402.065,-1398.9083
340.62,35156.684,1406.872,-1400.5071
340.63998,35108.61,1404.4684,-1401.9459
340.66,35127.84,1404.3082,-1403.3849
340.68,35262.445,1407.1924,-1404.8237
340.69998,35382.625,1410.2368,-1406.5825
340.72,35421.086,1410.2368,-1407.062
340.74,35473.965,1410.3971,-1408.501
340.75998,35565.3,1412.3198,-1409.78
340.78,35608.566,1413.9222,-1411.2189
340.8,35704.71,1415.3643,-1412.338
340.82,35776.82,1416.8064,-1413.6171
340.84,35791.24,1416.1655,-1414.5763
340.86,35940.266,1419.5304,-1416.335
340.88,35988.34,1420.9724,-1417.4541
340.9,36074.87,1422.2543,-1418.4135
340.91998,36094.098,1423.0555,-1420.172
340.94,36195.05,1423.6964,-1421.1312
340.96,36204.664,1422.735,-1422.7301
340.97998,36358.5,1427.0613,-1423.6893
341.0,36396.953,1427.0613,-1424.8085
341.02,36478.68,1428.824,-1425.7678
341.03998,36512.33,1427.8625,-1427.0468
341.06,36584.44,1430.1058,-1428.4856
341.08,36680.586,1431.3877,-1429.285
341.1,36786.344,1433.1501,-1429.9246
341.12,36791.15,1432.0286,-1431.3634
341.13998,36930.56,1434.7526,-1432.8024
341.16,36935.37,1434.1116,-1434.4011
341.18,37036.32,1435.8743,-1435.3605
341.19998,37122.85,1437.9572,-1436.4796
341.22,37286.3,1440.6813,-1436.9591
341.24,37291.105,1439.88,-1437.9185
341.25998,37396.863,1443.0847,-1438.7179
341.28,37396.863,1441.9631,-1440.1567
341.3,37411.285,1442.604,-1441.116
341.32,37502.625,1444.2063,-1441.5956
341.34,37521.855,1443.8857,-1443.5142
341.36,37589.156,1445.1677,-1443.8339
341.38,37666.07,1447.4109,-1444.7931
341.4,37757.41,1447.8917,-1445.9122
341.41998,37776.64,1446.6099,-1446.7117
341.44,37882.4,1448.5326,-1447.6709
341.46,37978.543,1450.4554,-1448.4703
341.47998,38021.81,1450.7759,-1449.4297
341.5,38122.758,1452.218,-1450.2289
341.52,38209.29,1452.8589,-1451.1882
341.53998,38247.75,1454.301,-1452.1475
341.56,38387.16,1455.9034,-1453.2666
341.58,38406.387,1455.7432,-1454.226
341.6,38492.918,1456.5443,-1454.226
341.62,38613.098,1459.5887,-1455.5049
341.63998,38565.027,1455.9034,-1456.1444
341.66,38661.17,1457.8262,-1456.7839
341.68,38738.09,1458.7876,-1457.4235
341.69998,38834.234,1459.5887,-1458.7024
341.72,38959.223,1461.9923,-1459.1821
341.74,39002.49,1463.1139,-1459.9814
341.75998,38949.61,1459.749,-1461.1006
341.78,39137.09,1464.556,-1461.2605
341.8,39233.234,1464.8765,-1462.6995
341.82,39233.234,1464.0753,-1462.6995
341.84,39257.273,1463.7548,-1463.179
341.86,39286.113,1463.1139,-1463.9784
341.88,39382.26,1464.8765,-1464.6179
341.9,39483.21,1466.1583,-1465.0975
341.91998,39584.164,1468.0812,-1466.5364
341.94,39613.008,1467.7607,-1466.6964
341.96,39680.31,1468.2413,-1467.1759
341.97998,39771.645,1469.0425,-1468.295
342.0,39834.14,1469.5232,-1468.455
342.02,39843.758,1469.2028,-1469.2544
342.03998,39992.78,1471.9266,-1469.734
342.06,40050.465,1471.6062,-1470.6932
342.08,40117.77,1471.7665,-1470.5333
342.1,40136.996,1471.2858,-1471.0131
342.12,40223.53,1472.2472,-1471.9722
342.13998,40286.02,1472.8881,-1472.1322
342.16,40382.164,1473.6893,-1472.9315
342.18,40415.82,1474.3302,-1473.4113
342.19998,40511.965,1474.4905,-1473.731
342.22,40560.035,1474.1699,-1475.0099
342.24,40569.65,1474.6508,-1474.5304
342.25998,40646.562,1475.612,-1475.0099
342.28,40713.867,1476.253,-1475.9692
342.3,40805.203,1476.4132,-1475.6495
342.32,40829.24,1476.253,-1476.129
342.34,40891.734,1477.2145,-1476.6088
342.36,40920.58,1478.336,-1477.0884
342.38,41035.953,1478.8168,-1477.568
342.4,41050.375,1477.8553,-1477.7279
342.41998,41108.062,1478.4963,-1477.568
342.44,41136.902,1477.6951,-1478.0476
342.46,41184.977,1478.8168,-1478.6871
342.47998,41309.97,1479.9384,-1479.0068
342.5,41338.81,1479.4578,-1478.5272
342.52,41406.113,1479.7782,-1479.1667
342.53998,41444.566,1479.7782,-1479.1667
342.56,41502.258,1480.0986,-1480.7656
342.58,41559.94,1479.9384,-1480.126
342.6,41598.402,1480.0986,-1480.6056
342.62,41670.508,1480.8998,-1480.126
342.63998,41723.387,1481.2202,-1480.4458
342.66,41733.0,1480.0986,-1481.2451
342.68,41848.375,1480.7396,-1480.4458
342.69998,41901.254,1482.5021,-1481.0853
342.72,41925.29,1479.2975,-1481.5648
342.74,41978.17,1481.701,-1481.0853
342.75998,42069.508,1482.8226,-1481.405
342.78,42165.656,1483.4635,-1481.5648
342.8,42117.582,1478.1759,-1482.2045
342.82,42281.027,1483.7839,-1482.3643
342.84,42256.992,1481.06,-1482.3643
342.86,42353.137,1482.9829,-1481.8848
342.88,42401.207,1483.3033,-1481.7247
342.9,42502.164,1483.7839,-1482.2045
342.91998,42516.582,1482.1816,-1482.3643
342.94,42583.883,1484.4249,-1482.2045
342.96,42627.15,1483.3033,-1482.5242
342.97998,42670.414,1482.0215,-1482.3643
343.0,42699.258,1481.06,-1482.2045
343.02,42809.824,1483.7839,-1481.7247
343.03998,42848.28,1481.701,-1482.5242
343.06,42838.668,1480.7396,-1482.8439
343.08,42982.887,1483.7839,-1482.0446
343.1,43021.34,1483.6238,-1482.2045
343.12,43040.57,1482.1816,-1481.5648
343.13998,43088.645,1481.3805,-1481.2451
343.16,43213.633,1483.1431,-1481.5648
343.18,43199.21,1481.5406,-1481.2451
343.19998,43237.668,1480.7396,-1481.2451
343.22,43381.887,1482.0215,-1481.405
343.24,43372.27,1481.06,-1480.6056
343.25998,43458.8,1481.701,-1480.7656
343.28,43405.926,1478.9769,-1480.2859
343.3,43545.332,1480.0986,-1480.6056
343.32,43564.56,1479.4578,-1480.126
343.34,43665.51,1480.5793,-1479.9662
343.36,43684.742,1479.7782,-1479.6465
343.38,43660.707,1476.4132,-1479.0068
343.4,43814.54,1479.1372,-1479.6465
343.41998,43862.61,1478.4963,-1479.0068
343.44,43929.91,1479.1372,-1478.6871
343.46,43977.98,1479.1372,-1478.2075
343.47998,44011.633,1478.4963,-1477.8877
343.5,44074.125,1478.6565,-1477.568
343.52,44107.777,1477.5349,-1477.0884
343.53998,44146.234,1476.894,-1476.9285
343.56,44078.938,1473.3689,-1476.6088
343.58,44184.695,1474.0098,-1476.4489
343.6,44285.645,1476.0928,-1475.8093
343.62,44348.14,1475.2916,-1475.1698
343.63998,44396.215,1475.1313,-1475.4896
343.66,44473.13,1474.8109,-1475.1698
343.68,44482.742,1473.529,-1474.5304
343.69998,44540.43,1474.1699,-1473.571
343.72,44631.77,1474.9712,-1473.571
343.74,44660.61,1474.3302,-1473.0914
343.75998,44727.914,1473.3689,-1472.2921
343.78,44756.754,1472.7279,-1471.8124
343.8,44785.598,1470.1642,-1471.9722
343.82,44891.355,1473.529,-1471.0131
343.84,44915.39,1470.9653,-1470.3735
343.86,44963.465,1470.3243,-1469.734
343.88,45035.574,1470.4846,-1469.5741
343.9,45102.875,1469.5232,-1469.2544
343.91998,45102.875,1468.8823,-1468.295
343.94,45141.336,1468.2413,-1467.4957
343.96,45237.48,1468.722,-1466.8562
343.97998,45290.36,1468.2413,-1466.2167
344.0,45338.43,1467.6005,-1465.737
344.02,45362.465,1466.1583,-1465.2574
344.03998,45424.96,1465.0366,-1465.0975
344.06,45338.43,1463.4343,-1464.4581
344.08,45497.07,1463.4343,-1463.4988
344.1,45583.598,1463.9152,-1462.3796
344.12,45607.637,1463.1139,-1462.0598
344.13998,45650.902,1461.832,-1461.5803
344.16,45684.55,1461.5115,-1460.3013
344.18,45756.66,1460.7104,-1460.1415
344.19998,45785.504,1460.2296,-1459.0223
344.22,45761.47,1457.3455,-1458.8623
344.24,45862.418,1457.9863,-1458.063
344.25998,45968.176,1458.6273,-1457.1038
344.28,45958.562,1455.1022,-1456.3043
344.3,45997.02,1455.1022,-1455.3451
344.32,46016.25,1453.1793,-1454.7056
344.34,46107.586,1453.6602,-1453.1068
344.36,46194.117,1454.301,-1453.4265
344.38,46242.188,1453.9806,-1452.6272
344.4,46271.035,1452.218,-1451.1882
344.41998,46333.527,1452.8589,-1450.7086
344.44,46285.453,1448.2122,-1449.9092
344.46,46429.67,1451.2566,-1449.5895
344.47998,46448.902,1449.0133,-1448.6302
344.5,46511.395,1449.494,-1448.1505
344.52,46564.273,1448.5326,-1447.1914
344.53998,46617.152,1448.5326,-1445.9122
344.56,46573.887,1445.9689,-1445.7524
344.58,46621.96,1443.0847,-1444.7931
344.6,46751.754,1444.8472,-1444.1537
344.62,46795.02,1445.0074,-1443.3542
344.63998,46862.32,1445.4882,-1442.5548
344.66,46881.55,1443.4052,-1441.9154
344.68,46944.043,1442.2836,-1440.956
344.69998,46948.855,1441.4823,-1440.3165
344.72,46987.31,1440.2004,-1439.9968
344.74,47088.26,1440.521,-1439.3573
344.75998,47102.684,1438.9186,-1438.2382
344.78,47165.18,1438.7584,-1437.5988
344.8,47246.902,1440.0403,-1437.119
344.82,47237.285,1437.797,-1436.1598
344.84,47275.742,1436.1947,-1434.8807
344.86,47333.43,1435.5537,-1435.0406
344.88,47376.695,1435.073,-1433.9215
344.9,47453.61,1434.432,-1433.9215
344.91998,47448.805,1432.6696,-1432.3228
344.94,47520.91,1432.6696,-1431.843
344.96,47554.566,1431.3877,-1431.3634
344.97998,47607.44,1431.7081,-1430.4042
345.0,47669.934,1430.7467,-1429.7646
345.02,47713.2,1430.4263,-1429.285
345.03998,47780.504,1431.2274,-1430.5641
345.06,47766.08,1432.5093,-1432.0029
345.08,47842.996,1434.9128,-1432.6425
345.1,47857.418,1435.5537,-1433.9215
345.12,47881.453,1437.1561,-1434.8807
345.13998,47886.26,1435.7139,-1436.7993
345.16,47939.14,1438.2777,-1437.2788
345.18,47939.14,1438.1176,-1438.2382
345.19998,48020.863,1441.0017,-1439.3573
345.22,47987.21,1439.88,-1439.9968
345.24,48088.164,1442.604,-1441.2759
345.25998,48112.2,1443.0847,-1442.0752
345.28,48165.082,1444.0461,-1442.8746
345.3,48232.38,1446.6099,-1444.3135
345.32,48227.574,1447.8917,-1444.9531
345.34,48241.996,1447.2507,-1445.5925
345.36,48342.95,1449.494,-1446.5518
345.38,48342.95,1449.0133,-1447.1914
345.4,48362.176,1449.3337,-1448.4703
345.41998,48376.598,1449.8145,-1449.1097
345.44,48443.9,1451.4169,-1450.2289
345.46,48448.707,1451.2566,-1451.0283
345.47998,48530.43,1453.6602,-1451.9877
345.5,48559.273,1453.9806,-1453.1068
345.52,48612.152,1455.2625,-1453.7463
345.53998,48626.57,1455.4226,-1454.7056
345.56,48640.996,1454.7817,-1455.9846
345.58,48684.26,1456.2239,-1455.9846
345.6,48698.68,1456.8647,-1457.2635
345.62,48799.637,1458.6273,-1458.2229
345.63998,48852.516,1460.8706,-1458.7024
345.66,48905.395,1461.3513,-1459.8215
345.68,48842.9,1458.7876,-1460.621
345.69998,48929.43,1461.3513,-1461.1006
345.72,48982.31,1463.2742,-1462.2197
345.74,49035.188,1464.556,-1462.6995
345.75998,49078.453,1464.2356,-1463.9784
345.78,49116.91,1466.3186,-1464.6179
345.8,49136.137,1464.7162,-1465.4172
345.82,49179.402,1467.2799,-1465.897
345.84,49222.668,1466.9595,-1467.4957
345.86,49289.973,1469.2028,-1467.8156
345.88,49304.39,1468.2413,-1468.6149
345.9,49357.27,1469.0425,-1469.8939
345.91998,49362.08,1469.5232,-1470.0538
345.94,49414.957,1471.446,-1471.0131
345.96,49443.8,1471.446,-1471.6525
345.97998,49501.49,1472.7279,-1472.2921
346.0,49588.02,1474.6508,-1472.7716
346.02,49607.246,1475.1313,-1473.4113
346.03998,49588.02,1473.8495,-1474.5304
346.06,49496.68,1470.9653,-1475.3297
346.08,49674.547,1476.0928,-1475.8093
346.1,49727.426,1476.4132,-1476.7686
346.12,49799.535,1478.1759,-1477.7279
346.13998,49799.535,1478.336,-1478.5272
346.16,49833.188,1478.9769,-1478.847
346.18,49881.258,1478.9769,-1479.8063
346.19998,49967.79,1482.3419,-1480.6056
346.22,49977.4,1481.8612,-1480.9254
346.24,50011.055,1482.3419,-1481.8848
346.25998,50054.32,1482.9829,-1482.684
346.28,50107.2,1483.4635,-1483.0039
346.3,50212.957,1487.3091,-1483.1637
346.32,50193.727,1484.5852,-1485.0823
346.34,50236.992,1485.0658,-1485.402
346.36,50294.676,1486.1875,-1486.0414
346.38,50313.906,1486.8285,-1486.8408
346.4,50400.438,1488.1104,-1488.1199
346.41998,50357.17,1486.9886,-1488.1199
346.44,50530.23,1491.4752,-1488.7594
346.46,50443.7,1487.9501,-1489.3988
346.47998,50549.46,1491.1548,-1490.0385
346.5,50578.305,1491.1548,-1490.8378
346.52,50592.723,1490.9946,-1491.6372
346.53998,50693.676,1493.3981,-1491.9569
346.56,50568.688,1489.5524,-1493.076
346.58,50751.363,1494.6799,-1494.1952
346.6,50799.438,1494.8401,-1494.1952
346.62,50861.93,1496.2822,-1495.4742
346.63998,50857.12,1494.8401,-1495.634
346.66,50871.547,1495.0004,-1496.2737
346.68,50967.69,1497.0834,-1496.7532
346.69998,50972.496,1497.0834,-1497.8723
346.72,51068.64,1499.6471,-1497.7125
346.74,51073.45,1498.0448,-1498.6718
346.75998,51121.52,1498.846,-1499.6311
346.78,51131.133,1499.3267,-1500.1106
346.8,51241.7,1500.6085,-1501.07
346.82,51241.7,1500.4484,-1501.5496
346.84,51289.773,1501.57,-1501.5496
346.86,51309.0,1501.2494,-1502.8286
346.88,51414.76,1503.8131,-1503.468
346.9,51424.375,1503.1722,-1503.9478
346.91998,51462.832,1504.294,-1504.5872
346.94,51501.29,1504.9348,-1505.3866
346.96,51563.785,1506.2167,-1506.0261
346.97998,51611.855,1506.2167,-1506.5057
347.0,51626.277,1505.5758,-1507.3052
347.02,51683.96,1507.4987,-1507.6249
347.03998,51746.457,1507.9792,-1507.9446
347.06,51775.3,1509.101,-1508.4243
347.08,51780.105,1507.9792,-1509.2238
347.1,51905.094,1510.7032,-1509.8632
347.12,51866.637,1509.9021,-1510.3429
347.13998,51943.55,1511.9851,-1511.1421
347.16,51962.78,1511.184,-1511.9415
347.18,52039.695,1512.3057,-1512.9009
347.19998,52111.805,1514.2284,-1513.5403
347.22,52054.117,1511.8248,-1513.8601
347.24,52039.695,1510.543,-1514.4995
347.25998,52212.758,1514.7091,-1515.1392
347.28,52231.984,1514.549,-1514.9792
347.3,52217.562,1513.4272,-1515.299
347.32,52376.2,1517.7535,-1516.2583
347.34,52356.97,1516.9524,-1517.0576
347.36,52409.85,1516.1512,-1517.5372
347.38,52472.344,1517.5933,-1518.3367
347.4,52462.73,1516.9524,-1518.6564
347.41998,52539.65,1518.7148,-1519.1361
347.44,52578.1,1519.8365,-1519.9354
347.46,52587.72,1519.0354,-1520.0952
347.47998,52693.477,1521.1184,-1520.575
347.5,52712.707,1521.2786,-1521.5342
347.52,52722.32,1520.4775,-1521.6941
347.53998,52760.777,1521.4388,-1522.6533
347.56,52823.27,1522.5604,-1523.2927
347.58,52880.957,1523.6821,-1523.6127
347.6,52914.61,1523.6821,-1525.0515
347.62,52977.1,1524.6436,-1525.0515
347.63998,52986.72,1524.4833,-1524.8916
347.66,53020.367,1524.3231,-1525.851
347.68,53068.438,1524.8037,-1526.4904
347.69998,53174.195,1528.1687,-1526.97
347.72,53174.195,1526.8868,-1527.1299
347.74,53222.27,1527.688,-1527.9292
347.75998,53207.844,1527.047,-1528.249
347.78,53308.8,1528.1687,-1529.0485
347.8,53395.33,1530.2517,-1529.8478
347.82,53414.56,1530.0916,-1530.1676
347.84,53424.17,1529.1301,-1530.9669
347.86,53496.28,1530.7324,-1530.807
347.88,53505.895,1530.2517,-1531.2867
347.9,53587.617,1531.5336,-1532.4059
347.91998,53621.266,1532.0143,-1532.5657
347.94,53683.758,1532.6553,-1533.2052
347.96,53698.184,1532.3348,-1533.525
347.97998,53751.062,1533.4564,-1534.1644
348.0,53799.133,1533.9371,-1534.6442
348.02,53866.434,1534.578,-1535.4435
348.03998,53856.82,1533.1359,-1536.4027
348.06,53904.89,1535.219,-1536.083
348.08,54001.035,1536.3406,-1536.7224
348.1,54015.457,1536.5009,-1537.0422
348.12,54039.496,1535.86,-1537.5219
348.13998,54020.266,1535.0587,-1538.4811
348.16,54145.254,1537.9429,-1538.641
348.18,54207.746,1539.2247,-1539.6002
348.19998,54279.85,1539.8657,-1539.4404
348.22,54318.312,1539.7056,-1540.3997
348.24,54356.77,1540.9874,-1541.0391
348.25998,54347.156,1539.8657,-1541.0391
348.28,54424.07,1540.667,-1541.3589
348.3,54505.793,1542.7499,-1541.9984
348.32,54486.562,1540.9874,-1542.7979
348.34,54544.25,1541.6283,-1543.1176
348.36,54592.324,1543.3909,-1543.4373
348.38,54625.973,1542.4294,-1544.3965
348.4,54674.043,1543.5511,-1544.0768
348.41998,54731.73,1544.192,-1545.1959
348.44,54736.535,1543.8716,-1544.8762
348.46,54813.453,1545.1533,-1545.8354
348.47998,54856.72,1545.4739,-1545.8354
348.5,54856.72,1543.2307,-1546.475
348.52,54928.824,1545.6342,-1546.9546
348.53998,54981.703,1547.0762,-1547.2743
348.56,55029.777,1546.4352,-1547.4342
348.58,55092.27,1546.5956,-1548.3934
348.6,55121.113,1547.5569,-1549.0331
348.62,55173.996,1549.1593,-1549.5126
348.63998,55270.137,1550.7616,-1549.6725
348.66,55298.977,1549.8002,-1550.6317
348.68,55313.402,1549.8002,-1550.9515
348.69998,55313.402,1547.8774,-1551.1113
348.72,55419.16,1550.4412,-1551.5911
348.74,55399.93,1550.1207,-1551.5911
348.75998,55438.387,1548.999,-1552.3905
348.78,55548.953,1552.364,-1553.1897
348.8,55587.414,1553.3253,-1553.1897
348.82,55616.254,1552.2036,-1553.5096
348.84,55630.68,1552.5242,-1553.8293
348.86,55683.56,1553.4855,-1553.9891
348.88,55750.855,1554.1265,-1555.1083
348.9,55784.508,1554.2867,-1555.428
348.91998,55842.195,1554.2867,-1555.7479
348.94,55890.266,1555.5686,-1555.5879
348.96,55952.758,1556.8505,-1556.707
348.97998,55991.22,1556.6902,-1556.3873
349.0,56044.098,1557.171,-1557.0269
349.02,56077.746,1557.6516,-1557.8262
349.03998,56111.395,1557.0106,-1557.3466
349.06,56159.465,1557.972,-1557.9861
349.08,56173.89,1557.0106,-1559.1052
349.1,56236.383,1557.8119,-1559.1052
349.12,56270.035,1558.4529,-1560.0645
349.13998,56298.88,1557.972,-1560.0645
349.16,56361.367,1559.5745,-1560.3843
349.18,56457.51,1560.8563,-1560.8639
349.19998,56433.477,1558.613,-1561.0237
349.22,56500.78,1560.5358,-1561.6633
349.24,56577.695,1561.1768,-1562.3027
349.25998,56596.92,1561.978,-1562.6226
349.28,56654.61,1562.4586,-1562.7823
349.3,56649.805,1561.978,-1562.9423
349.32,56717.1,1562.2985,-1563.262
349.34,56745.945,1563.7405,-1564.0614
349.36,56789.21,1563.7405,-1564.3811
349.38,56870.93,1564.7019,-1564.7009
349.4,56923.81,1565.1826,-1565.3405
349.41998,56938.234,1564.7019,-1565.3405
349.44,56962.27,1564.2213,-1565.98
349.46,57015.15,1564.5417,-1565.98
349.47998,57068.027,1565.8236,-1566.4596
349.5,57034.38,1563.2599,-1567.0991
349.52,57140.137,1564.8622,-1567.5786
349.53998,57212.242,1566.3042,-1567.8984
349.56,57274.734,1567.7463,-1567.5786
349.58,57308.387,1567.1055,-1568.2183
349.6,57356.457,1567.2656,-1568.6978
349.62,57418.953,1567.9066,-1569.1775
349.63998,57385.3,1565.8236,-1569.0176
349.66,57481.445,1567.586,-1569.6571
349.68,57519.902,1567.9066,-1569.9768
349.69998,57558.36,1568.0669,-1570.2966
349.72,57606.434,1568.3873,-1571.096
349.74,57673.73,1569.6691,-1571.4158
349.75998,57745.84,1571.4318,-1571.2559
349.78,57683.348,1568.3873,-1571.7355
349.8,57779.492,1570.31,-1572.2151
349.82,57808.336,1570.4703,-1572.5349
349.84,57894.863,1571.9124,-1573.0145
349.86,57938.13,1572.5533,-1572.6948
349.88,57995.812,1573.1942,-1573.3342
349.9,58010.234,1572.5533,-1573.494
349.91998,58048.69,1572.5533,-1573.814
349.94,58115.996,1572.5533,-1574.6132
349.96,58140.03,1573.6749,-1574.6132
349.97998,58231.367,1574.7965,-1575.4126
350.0,58236.17,1573.1942,-1575.4126
350.02,58298.668,1574.3159,-1575.7323
350.03998,58327.51,1574.4761,-1575.7323
350.06,58457.305,1577.8411,-1576.0522
350.08,58399.617,1574.3159,-1576.8514
350.1,58442.883,1575.1171,-1577.1714
350.12,58490.953,1576.2388,-1576.8514
350.13998,58500.566,1575.9182,-1577.8108
350.16,58601.52,1577.6808,-1577.4911
350.18,58664.01,1578.0012,-1577.8108
350.19998,58673.625,1577.2001,-1578.2904
350.22,58664.01,1575.9182,-1578.4503
350.24,58774.58,1577.6808,-1579.0897
350.25998,58837.07,1578.0012,-1579.2496
350.28,58851.492,1577.6808,-1579.4095
350.3,58885.14,1578.6422,-1579.7294
350.32,58971.67,1578.6422,-1580.0491
350.34,58966.863,1577.6808,-1580.3688
350.36,59029.36,1578.0012,-1580.8485
350.38,59144.73,1581.3662,-1581.1682
350.4,59139.92,1579.7639,-1581.328
350.41998,59187.996,1579.7639,-1581.1682
350.44,59264.91,1582.0072,-1582.4471
350.46,59327.402,1582.3276,-1582.1274
350.47998,59332.21,1580.4048,-1582.607
350.5,59351.438,1581.0458,-1582.2874
350.52,59409.13,1582.0072,-1583.2466
350.53998,59471.617,1582.1674,-1583.5663
350.56,59639.867,1585.2118,-1583.5663
350.58,59562.953,1582.8082,-1583.5663
350.6,59620.645,1584.5709,-1583.5663
350.62,59635.062,1584.5709,-1584.2058
350.63998,59663.906,1583.7697,-1584.046
350.66,59697.56,1583.2891,-1585.0052
350.68,59750.438,1582.1674,-1585.325
350.69998,59784.086,1583.6095,-1585.325
350.72,59788.89,1583.2891,-1585.6448
350.74,59894.65,1584.5709,-1586.1244
350.75998,59933.11,1585.2118,-1586.2843
350.78,60048.48,1587.4551,-1586.1244
350.8,59995.6,1585.0515,-1586.2843
350.82,60048.48,1584.8914,-1587.2435
350.84,60086.938,1585.2118,-1587.2435
350.86,60125.39,1584.8914,-1587.2435
350.88,60183.086,1586.013,-1587.7231
350.9,60250.383,1587.4551,-1587.7231
350.91998,60250.383,1586.9744,-1588.8423
350.94,60327.293,1587.7755,-1588.6824
350.96,60370.56,1587.4551,-1588.8423
350.97998,60375.367,1586.013,-1589.0021
351.0,60481.125,1587.7755,-1589.0021
351.02,60524.39,1588.0961,-1589.8015
351.03998,60543.617,1588.0961,-1589.162
351.06,60721.484,1590.82,-1589.8015
351.08,60673.414,1589.5381,-1590.1212
351.1,60702.254,1589.2177,-1590.601
351.12,60716.68,1588.0961,-1590.441
351.13998,60702.254,1586.1732,-1591.0806
351.16,60860.895,1590.9802,-1591.0806
351.18,60865.703,1589.5381,-1591.2404
351.19998,60875.316,1588.5767,-1591.88
351.22,60908.96,1588.7369,-1591.4003
351.24,61024.34,1591.4608,-1591.4003
351.25998,61057.984,1590.82,-1592.1997
351.28,61091.637,1590.82,-1592.3595
351.3,61163.742,1591.4608,-1592.3595
351.32,61207.008,1591.1404,-1592.9991
351.34,61346.418,1594.986,-1593.1589
351.36,61283.926,1591.4608,-1593.6385
351.38,61346.418,1591.6212,-1593.6385
351.4,61331.992,1591.3007,-1593.6385
351.41998,61437.75,1593.7041,-1593.6385
351.44,61529.09,1594.6655,-1593.7983
351.46,61495.44,1592.5825,-1594.2781
351.47998,61548.32,1593.544,-1594.7577
351.5,61586.773,1592.9031,-1594.5978
351.52,61620.426,1593.3837,-1595.3972
351.53998,61658.887,1593.3837,-1595.0775
351.56,61860.78,1597.3894,-1595.8768
351.58,61846.36,1596.7485,-1596.0366
351.6,61827.137,1595.1462,-1595.5571
351.62,61894.434,1594.986,-1596.1967
351.63998,61860.78,1593.8644,-1596.5164
351.66,61937.7,1594.6655,-1596.1967
351.68,62004.996,1595.4667,-1596.3566
351.69998,62004.996,1594.0247,-1596.6763
351.72,61990.58,1593.2235,-1596.996
351.74,62163.633,1596.4281,-1597.3157
351.75998,62245.36,1596.9088,-1597.7954
351.78,62211.707,1595.9474,-1597.7954
351.8,62230.934,1594.6655,-1597.9552
351.82,62250.164,1594.0247,-1598.1151
351.84,62365.535,1596.9088,-1597.9552
351.86,62403.996,1596.4281,-1598.1151
351.88,62408.8,1596.4281,-1598.1151
351.9,62432.836,1596.268,-1598.7546
351.91998,62543.4,1597.71,-1598.4348
351.94,62538.594,1596.1075,-1599.0743
351.96,62615.51,1598.3508,-1599.2343
351.97998,62682.81,1599.1521,-1599.0743
352.0,62668.39,1597.2292,-1600.1935
352.02,62697.23,1597.069,-1599.554
352.03998,62740.496,1596.9088,-1600.3534
352.06,62927.977,1600.7544,-1600.5132
352.08,62870.285,1600.2737,-1600.0337
352.1,62966.43,1601.2351,-1599.8738
352.12,62913.55,1597.5498,-1600.3534
352.13998,63024.117,1599.9532,-1600.6731
352.16,63062.574,1600.5941,-1600.6731
352.18,63072.188,1599.6327,-1601.4725
352.19998,63115.453,1599.1521,-1601.7922
352.22,63173.14,1601.075,-1601.3126
352.24,63201.984,1599.9532,-1601.7922
352.25998,63240.438,1598.9918,-1601.7922
352.28,63283.703,1599.6327,-1601.6323
352.3,63317.355,1600.1135,-1602.272
352.32,63408.695,1600.2737,-1601.9521
352.34,63423.113,1599.793,-1602.112
352.36,63485.605,1601.2351,-1602.272
352.38,63538.484,1601.5555,-1603.2312
352.4,63524.066,1600.434,-1603.2312
352.41998,63610.59,1600.7544,-1603.2312
352.44,63687.508,1601.2351,-1603.5509
352.46,63687.508,1601.2351,-1603.391
352.47998,63677.895,1600.434,-1602.9114
352.5,63798.074,1602.517,-1603.7108
352.52,63783.652,1599.9532,-1603.8706
352.53998,63855.758,1600.9146,-1604.1904
352.56,64048.04,1605.5614,-1604.0305
352.58,63947.098,1601.876,-1604.1904
352.6,64004.78,1601.876,-1604.67
352.62,64009.586,1601.7158,-1603.8706
352.63998,64120.152,1603.4784,-1604.9897
352.66,64124.957,1602.3568,-1605.1497
352.68,64182.645,1603.4784,-1605.1497
352.69998,64197.062,1602.6772,-1605.1497
352.72,64326.86,1606.683,-1605.3096
352.74,64269.176,1603.3181,-1605.7892
352.75998,64283.594,1601.7158,-1605.6293
352.78,64384.547,1603.9591,-1605.9491
352.8,64370.12,1603.9591,-1605.4695
352.82,64499.918,1605.0807,-1606.4287
352.84,64480.69,1603.3181,-1606.4287
352.86,64562.41,1604.1193,-1606.5886
352.88,64581.637,1605.7216,-1606.5886
352.9,64615.29,1604.9205,-1605.9491
352.91998,64716.24,1606.2024,-1606.7484
352.94,64653.746,1603.3181,-1607.228
352.96,64754.7,1603.6387,-1607.0682
352.97998,64802.76,1605.882,-1606.5886
353.0,64812.383,1603.6387,-1607.388
353.02,64908.52,1605.7216,-1607.228
353.03998,64918.14,1605.4011,-1606.9083
353.06,65081.586,1606.3625,-1608.1874
353.08,64999.86,1604.6001,-1607.7078
353.1,65076.777,1605.5614,-1607.8676
353.12,65091.2,1605.0807,-1608.0275
353.13998,65230.6,1608.1251,-1607.8676
353.16,65067.156,1601.7158,-1608.1874
353.18,65225.793,1605.882,-1607.8676
353.19998,65254.64,1605.4011,-1608.0275
353.22,65437.31,1610.5286,-1608.3472
353.24,65350.785,1606.5228,-1608.5071
353.25998,65403.664,1606.683,-1608.5071
353.28,65408.47,1606.683,-1608.1874
353.3,65461.348,1605.882,-1609.4663
353.32,65494.996,1605.7216,-1608.5071
353.34,65543.07,1606.3625,-1608.8269
353.36,65557.484,1606.3625,-1608.8269
353.38,65682.48,1608.1251,-1609.1466
353.4,65696.9,1607.6444,-1609.1466
353.41998,65725.74,1608.6058,-1609.3064
353.44,65754.586,1606.8433,-1609.1466
353.46,65855.53,1608.2854,-1609.3064
353.47998,65821.88,1607.1638,-1610.1058
353.5,65879.57,1606.3625,-1609.6262
353.52,65942.055,1607.6444,-1609.6262
353.53998,65927.64,1606.3625,-1609.1466
353.56,65956.484,1603.9591,-1610.2657
353.58,66028.59,1607.324,-1609.4663
353.6,66105.5,1608.2854,-1610.4255
353.62,66168.0,1607.9648,-1610.1058
353.63998,66225.69,1608.7661,-1610.4255
353.66,66172.805,1605.882,-1610.2657
353.68,66235.3,1607.1638,-1609.946
353.69998,66288.18,1607.4843,-1610.4255
353.72,66365.086,1607.4843,-1610.5854
353.74,66365.086,1607.6444,-1610.2657
353.75998,66384.32,1606.5228,-1610.4255
353.78,66446.81,1608.2854,-1610.7454
353.8,66432.39,1606.683,-1611.0652
353.82,66542.95,1608.7661,-1610.4255
353.84,66586.22,1608.4457,-1610.7454
353.86,66629.484,1609.4071,-1610.5854
353.88,66663.13,1609.8877,-1610.2657
353.9,66696.78,1608.6058,-1610.9052
353.91998,66730.44,1608.4457,-1611.225
353.94,66759.27,1607.4843,-1611.3849
353.96,66792.93,1608.6058,-1611.0652
353.97998,66865.03,1609.4071,-1610.5854
354.0,66865.03,1608.1251,-1611.0652
354.02,66932.336,1608.6058,-1611.225
354.03998,66932.336,1607.9648,-1611.5447
354.06,67023.67,1607.9648,-1612.0243
354.08,66985.22,1607.0035,-1611.5447
354.1,67119.81,1609.7275,-1611.5447
354.12,67095.78,1608.2854,-1611.5447
354.13998,67206.34,1610.2081,-1611.3849
354.16,67191.914,1607.9648,-1611.3849
354.18,67191.914,1607.6444,-1611.225
354.19998,67278.45,1609.4071,-1611.8645
354.22,67278.45,1608.7661,-1611.3849
354.24,67374.59,1609.2467,-1611.8645
354.25998,67451.51,1610.048,-1611.3849
354.28,67398.625,1607.4843,-1612.3441
354.3,67504.38,1610.3684,-1612.0243
354.32,67504.38,1608.6058,-1611.8645
354.34,67542.84,1608.9263,-1612.1843
354.36,67629.37,1610.3684,-1611.7046
354.38,67634.17,1610.3684,-1612.1843
354.4,67682.25,1609.5673,-1612.0243
354.41998,67691.86,1609.2467,-1611.8645
354.44,67744.74,1610.2081,-1611.8645
354.46,67768.78,1610.689,-1612.1843
354.47998,67768.78,1609.2467,-1612.1843
354.5,67836.08,1609.2467,-1613.3035
354.52,67903.375,1610.5286,-1612.3441
354.53998,67927.414,1610.8491,-1612.0243
354.56,67869.73,1606.8433,-1612.0243
354.58,68028.36,1610.8491,-1612.6638
354.6,68057.2,1610.048,-1612.504
354.62,68086.05,1610.048,-1612.1843
354.63998,68119.695,1611.0094,-1612.504
354.66,68148.55,1609.4071,-1612.6638
354.68,68172.58,1610.5286,-1612.504
354.69998,68201.42,1609.0865,-1612.8237
354.72,68297.56,1611.8105,-1612.6638
354.74,68307.17,1610.2081,-1612.6638
354.75998,68283.14,1608.4457,-1612.6638
354.78,68350.44,1609.7275,-1612.9836
354.8,68403.32,1609.2467,-1612.6638
354.82,68412.93,1609.2467,-1612.9836
354.84,68427.36,1608.6058,-1612.3441
354.86,68499.46,1610.3684,-1612.3441
354.88,68585.984,1611.49,-1612.9836
354.9,68581.18,1609.8877,-1613.1434
354.91998,68605.22,1610.048,-1612.6638
354.94,68667.71,1610.5286,-1612.6638
354.96,68662.91,1609.4071,-1612.9836
354.97998,68706.17,1610.2081,-1612.9836
355.0,68787.89,1610.5286,-1613.3035
355.02,68768.664,1608.9263,-1612.9836
355.03998,68840.766,1610.048,-1612.504
355.06,68797.5,1607.6444,-1612.6638
355.08,68965.75,1610.689,-1613.1434
355.1,68951.336,1609.8877,-1613.4633
355.12,69004.21,1610.2081,-1613.1434
355.13998,69033.05,1610.2081,-1613.3035
355.16,69085.93,1609.7275,-1613.3035
355.18,69134.0,1610.5286,-1612.8237
355.19998,69143.62,1609.5673,-1612.504
355.22,69196.49,1608.9263,-1612.8237
355.24,69210.92,1609.8877,-1612.504
355.25998,69278.22,1609.4071,-1612.8237
355.28,69302.25,1609.8877,-1613.1434
355.3,69388.78,1611.8105,-1612.504
355.31998,69398.4,1610.8491,-1613.3035
355.34,69412.81,1609.0865,-1613.1434
355.36,69379.17,1607.324,-1612.504
355.38,69460.89,1609.5673,-1612.6638
355.4,69552.23,1610.048,-1612.9836
355.41998,69528.19,1608.7661,-1613.1434
355.44,69561.836,1609.4071,-1612.8237
355.46,69576.26,1608.7661,-1612.9836
355.47998,69682.016,1610.8491,-1612.9836
355.5,69691.63,1609.2467,-1612.3441
355.52,69734.9,1609.8877,-1613.3035
355.53998,69725.28,1609.5673,-1612.8237
355.56,69720.48,1609.5673,-1612.6638
355.58,69855.07,1610.8491,-1612.3441
355.6,69835.84,1609.0865,-1612.8237
355.62,69883.92,1610.8491,-1612.3441
355.63998,69903.15,1608.9263,-1612.8237
355.66,69941.6,1609.5673,-1612.6638
355.68,69946.414,1608.4457,-1612.3441
355.69998,70042.55,1610.3684,-1612.8237
355.72,70052.17,1609.0865,-1612.9836
355.74,70090.62,1610.2081,-1612.8237
355.75998,70143.5,1610.048,-1613.1434
355.78,70129.08,1608.6058,-1612.8237
355.8,70205.99,1611.9708,-1612.504
355.81998,70181.96,1609.2467,-1612.6638
355.84,70225.23,1609.4071,-1612.0243
355.86,70268.484,1610.3684,-1612.504
355.88,70282.91,1609.5673,-1612.3441
355.9,70355.016,1610.3684,-1612.8237
355.91998,70412.7,1610.8491,-1612.6638
355.94,70417.51,1609.5673,-1612.1843
355.96,70480.0,1610.2081,-1612.6638
355.97998,70451.16,1608.7661,-1612.504
356.0,70504.04,1609.0865,-1612.0243
356.02,70518.46,1607.9648,-1612.6638
356.03998,70638.63,1611.0094,-1611.3849
356.06,70508.84,1607.1638,-1612.0243
356.08,70643.445,1609.5673,-1611.7046
356.1,70677.09,1608.7661,-1612.0243
356.12,70691.516,1609.2467,-1612.0243
356.13998,70662.664,1606.0421,-1612.6638
356.16,70787.66,1609.5673,-1612.3441
356.18,70816.5,1609.7275,-1612.1843
356.19998,70845.34,1609.8877,-1612.1843
356.22,70864.57,1611.1696,-1611.225
356.24,70912.64,1609.5673,-1611.8645
356.25998,70850.15,1608.1251,-1611.8645
356.28,70955.91,1609.4071,-1611.7046
356.3,70989.555,1609.5673,-1612.1843
356.31998,70946.29,1607.1638,-1612.0243
356.34,71003.98,1608.1251,-1611.7046
356.36,70955.91,1607.1638,-1611.3849
356.38,70999.164,1607.4843,-1611.3849
356.4,70989.555,1608.9263,-1611.7046
356.41998,70287.72,1604.7603,-1611.5447
356.44,70619.41,1608.2854,-1611.0652
356.46,70561.73,1608.6058,-1610.5854
356.47998,70518.46,1606.3625,-1611.0652
356.5,70609.79,1607.4843,-1610.9052
356.52,70677.09,1608.1251,-1611.225
356.53998,70657.86,1606.0421,-1611.225
356.56,70643.445,1606.3625,-1610.7454
356.58,70773.234,1607.6444,-1610.7454
356.6,70840.54,1608.1251,-1610.9052
356.62,70782.85,1606.2024,-1611.0652
356.63998,70845.34,1607.4843,-1610.7454
356.66,70859.766,1607.6444,-1609.946
356.68,70888.6,1607.0035,-1610.4255
356.69998,70965.52,1608.1251,-1610.2657
356.72,70854.96,1605.4011,-1609.946
356.74,70854.96,1607.8047,-1610.5854
356.75998,70614.6,1606.2024,-1609.4663
356.78,70633.83,1606.0421,-1609.6262
356.8,70633.83,1605.241,-1610.2657
356.81998,70681.9,1605.4011,-1609.6262
356.84,70734.78,1605.7216,-1609.6262
356.86,70792.47,1607.0035,-1608.9867
356.88,70850.15,1607.1638,-1609.3064
356.9,70845.34,1606.2024,-1609.1466
356.91998,70826.11,1605.882,-1609.6262
356.94,70898.23,1607.324,-1609.1466
356.96,70566.53,1605.7216,-1608.9867
356.97998,70061.78,1599.793,-1605.9491
357.0,70004.09,1603.6387,-1608.6669
357.02,69816.61,1604.7603,-1608.8269
357.03998,69917.56,1602.8374,-1608.9867
357.06,70013.71,1605.882,-1608.1874
357.08,70028.125,1604.6001,-1608.3472
357.1,70047.36,1603.9591,-1608.0275
357.12,70167.54,1604.9205,-1608.3472
357.13998,70244.45,1607.4843,-1607.7078
357.16,70254.06,1605.882,-1607.7078
357.18,70239.64,1603.3181,-1608.1874
357.19998,70311.75,1604.7603,-1607.7078
357.22,70350.21,1604.6001,-1607.0682
357.24,70326.17,1602.8374,-1607.5479
357.25998,70369.44,1602.9977,-1607.0682
357.28,70388.664,1602.9977,-1607.228
357.3,70475.195,1604.7603,-1606.4287
357.31998,70460.77,1604.1193,-1606.9083
357.34,70446.35,1603.7988,-1606.2688
357.36,70220.42,1603.9591,-1607.0682
357.38,69999.29,1602.6772,-1607.0682
357.4,70114.664,1604.9205,-1605.9491
357.41998,70061.78,1602.9977,-1605.9491
357.44,70114.664,1603.9591,-1606.1089
357.46,70090.62,1601.2351,-1605.7892
357.47998,70085.81,1601.876,-1605.7892
357.5,70119.47,1601.876,-1605.3096
357.52,70148.305,1602.0363,-1605.1497
357.53998,70196.375,1602.8374,-1605.4695
357.56,70172.34,1601.7158,-1604.67
357.58,70263.68,1603.6387,-1604.3503
357.6,70205.99,1601.3954,-1604.67
357.62,70028.125,1601.2351,-1604.5101
357.63998,69778.164,1600.5941,-1604.0305
357.66,69758.93,1599.3123,-1605.1497
357.68,69768.55,1600.7544,-1604.1904
357.69998,69739.7,1602.0363,-1603.8706
357.72,69657.984,1602.1964,-1603.391
357.74,69657.984,1599.793,-1604.0305
357.75998,69667.59,1600.7544,-1603.5509
357.78,69667.59,1599.3123,-1603.8706
357.8,69691.63,1600.2737,-1603.0713
357.81998,69706.05,1600.7544,-1603.5509
357.84,69715.67,1599.793,-1602.7515
357.86,69754.125,1600.5941,-1602.5917
357.88,69768.55,1599.9532,-1602.7515
357.9,69787.77,1599.3123,-1602.5917
357.91998,69826.234,1599.4725,-1602.4318
357.94,69831.04,1598.1907,-1601.9521
357.96,69850.266,1597.5498,-1602.112
357.97998,69903.15,1598.3508,-1602.272
358.0,69912.76,1599.793,-1601.6323
358.02,69936.8,1598.0304,-1601.9521
358.03998,69956.02,1598.5111,-1601.4725
358.06,70056.98,1600.5941,-1601.3126
358.08,70056.98,1598.6714,-1601.3126
358.1,70042.55,1597.8702,-1601.1528
358.12,70124.27,1598.8317,-1600.9929
358.13998,70056.98,1597.069,-1600.1935
358.16,70129.08,1597.5498,-1600.833
358.18,70157.92,1599.1521,-1600.0337
358.19998,70124.27,1596.7485,-1600.3534
358.22,70201.19,1597.2292,-1600.6731
358.24,70210.8,1596.268,-1600.3534
358.25998,70268.484,1597.069,-1600.0337
358.28,70287.72,1596.9088,-1599.554
358.3,70273.3,1595.9474,-1599.394
358.31998,70287.72,1597.069,-1599.394
358.34,70321.36,1596.1075,-1599.554
358.36,70335.79,1595.1462,-1598.7546
358.38,70364.625,1595.627,-1599.394
358.4,70388.664,1595.3065,-1598.9146
358.41998,70460.77,1597.3894,-1599.2343
358.44,70465.58,1596.268,-1599.0743
358.46,70460.77,1595.9474,-1598.2749
358.47998,70504.04,1594.3451,-1598.5947
358.5,70499.234,1593.7041,-1597.7954
358.52,70552.1,1594.3451,-1598.4348
358.53998,70561.73,1594.986,-1598.2749
358.56,70547.3,1594.1848,-1597.4757
358.58,70614.6,1595.4667,-1597.6355
358.6,70667.48,1594.6655,-1597.3157
358.62,70729.98,1596.9088,-1597.3157
358.63998,70720.35,1594.3451,-1597.3157
358.66,70821.305,1596.9088,-1597.1558
358.68,70739.586,1594.0247,-1596.836
358.69998,70720.35,1593.2235,-1596.836
358.72,70763.62,1593.0632,-1596.836
358.74,70811.69,1593.544,-1596.3566
358.75998,70878.99,1594.986,-1596.5164
358.78,70864.57,1592.5825,-1595.8768
358.8,70907.836,1593.544,-1596.1967
358.81998,70946.29,1593.544,-1595.8768
358.84,70917.445,1592.9031,-1595.3972
358.86,70975.13,1593.544,-1595.5571
358.88,71018.4,1594.6655,-1595.7169
358.9,70960.71,1591.1404,-1595.2374
358.91998,71013.59,1591.1404,-1595.0775
358.94,70970.33,1588.8971,-1595.2374
358.96,71052.05,1591.7814,-1594.2781
358.97998,71100.12,1591.6212,-1594.2781
359.0,71148.19,1592.9031,-1593.6385
359.02,71128.96,1591.1404,-1594.2781
359.03998,71153.0,1591.7814,-1593.7983
359.06,71225.1,1593.3837,-1593.9584
359.08,71186.65,1591.4608,-1593.4786
359.1,71191.45,1591.1404,-1593.9584
359.12,71205.875,1590.0188,-1593.3188
359.13998,71268.37,1591.4608,-1593.4786
359.16,71330.86,1591.9417,-1592.6793
359.18,71321.25,1590.82,-1592.8392
359.19998,71277.984,1590.0188,-1592.6793
359.22,71393.35,1592.5825,-1592.3595
359.24,71311.63,1588.4165,-1592.5194
359.25998,71321.25,1588.2562,-1592.6793
359.28,71369.32,1588.7369,-1592.3595
359.3,71374.125,1588.4165,-1591.7201
359.31998,71345.28,1587.9357,-1591.4003
359.34,71388.55,1587.6152,-1591.2404
359.36,71398.16,1588.5767,-1591.2404
359.38,71393.35,1587.9357,-1591.2404
359.4,71374.125,1586.6538,-1591.2404
359.41998,71393.35,1586.9744,-1590.7609
359.44,71431.81,1587.2948,-1590.9207
359.46,71470.27,1589.6984,-1590.2811
359.47998,71465.45,1587.1346,-1590.9207
359.5,71422.195,1585.8528,-1590.1212
359.52,71427.01,1585.5322,-1589.9614
359.53998,71499.11,1587.2948,-1589.8015
359.56,71571.21,1588.7369,-1589.8015
359.58,71412.586,1583.2891,-1589.4818
359.6,71499.11,1586.1732,-1589.6417
359.62,71446.23,1583.9299,-1588.8423
359.63998,71479.88,1584.7311,-1589.3219
359.66,71537.57,1585.8528,-1589.0021
359.68,71479.88,1583.4492,-1588.6824
359.69998,71523.15,1583.9299,-1588.5226
359.72,71518.336,1583.4492,-1588.2028
359.74,71571.21,1584.0901,-1588.0428
359.75998,71561.6,1582.9685,-1588.5226
359.78,71590.445,1583.9299,-1587.5632
359.8,71657.74,1585.0515,-1587.4034
359.81998,71614.48,1584.2504,-1587.7231
359.84,71633.7,1583.2891,-1587.2435
359.86,71672.164,1584.8914,-1587.0836
359.88,71633.7,1582.4878,-1586.1244
359.9,71672.164,1583.6095,-1586.4441
359.91998,71672.164,1584.8914,-1586.2843
359.94,71628.9,1582.8082,-1586.4441
359.96,71657.74,1582.4878,-1585.9645
359.97998,71652.94,1582.0072,-1586.2843
360.0,71643.33,1582.3276,-1585.8046
360.02,71624.09,1581.5264,-1585.325
360.03998,71667.36,1583.6095,-1585.4849
360.06,71715.43,1583.4492,-1585.0052
360.08,71676.97,1581.5264,-1584.8453
360.1,71628.9,1580.0844,-1584.8453
360.12,71691.39,1580.0844,-1584.6854
360.13998,72922.016,1612.9323,-1571.8954
360.16,70379.05,1582.0072,-1584.046
360.18,70287.72,1580.7252,-1583.4065
360.19998,70220.42,1578.482,-1583.4065
360.22,70153.11,1578.9626,-1583.2466
360.24,70153.11,1578.8025,-1582.4471
360.25998,70186.766,1579.7639,-1582.767
360.28,70210.8,1579.7639,-1582.767
360.3,70133.88,1576.5592,-1582.1274
360.31998,70153.11,1578.3217,-1581.9677
360.34,70201.19,1578.9626,-1581.4879
360.36,70172.34,1576.8796,-1581.8077
360.38,70143.5,1574.9569,-1581.328
360.4,70172.34,1575.4375,-1581.1682
360.41998,70196.375,1577.0398,-1580.6886
360.44,70225.23,1579.7639,-1579.5695
360.46,70177.15,1575.9182,-1580.6886
360.47998,70234.836,1576.8796,-1579.7294
360.5,70157.92,1575.5978,-1578.9299
360.52,69898.336,1572.5533,-1579.0897
360.53998,69335.91,1573.6749,-1579.7294
360.56,69134.0,1576.3989,-1578.6102
360.58,68898.45,1574.9569,-1578.2904
360.6,68821.54,1576.7194,-1578.6102
360.62,68662.91,1574.6364,-1577.8108
360.63998,68518.69,1573.5146,-1577.6509
360.66,68528.305,1573.5146,-1577.0114
360.68,68513.88,1573.8352,-1577.1714
360.69998,68509.08,1573.9955,-1577.4911
360.72,68518.69,1574.4761,-1576.5317
360.74,68374.48,1572.5533,-1576.6917
360.75998,68321.6,1571.4318,-1576.6917
360.78,68297.56,1572.2328,-1575.5725
360.8,68283.14,1572.5533,-1574.6132
360.81998,68263.914,1569.0282,-1574.7732
360.84,68119.695,1570.7908,-1574.6132
360.86,68057.2,1569.6691,-1574.4534
360.88,68119.695,1572.2328,-1573.3342
360.9,68023.555,1569.1885,-1573.9738
360.91998,67985.1,1569.1885,-1573.494
360.94,67994.71,1569.6691,-1572.8546
360.96,67970.67,1569.0282,-1573.1743
360.97998,67898.57,1569.0282,-1572.5349
361.0,67826.46,1569.6691,-1572.2151
361.02,67739.93,1567.586,-1571.7355
361.03998,67735.125,1568.0669,-1571.8954
361.06,67677.44,1566.3042,-1571.096
361.08,67730.32,1569.0282,-1570.7762
361.1,67571.68,1564.7019,-1570.2966
361.12,67605.336,1566.3042,-1569.9768
361.13998,67590.914,1567.1055,-1570.4565
361.16,67576.49,1564.2213,-1569.8169
361.18,67475.54,1565.8236,-1569.0176
361.19998,67345.75,1562.4586,-1569.1775
361.22,67389.016,1565.3428,-1568.0583
361.24,67360.164,1565.5032,-1568.378
361.25998,67292.87,1562.6189,-1568.378
361.28,65845.92,1505.095,-1572.8546
361.3,70999.164,1557.171,-1569.3374
361.31998,68590.8,1562.2985,-1565.98
361.34,66951.56,1561.8176,-1565.98
361.36,66139.16,1561.4972,-1565.0206
361.38,65043.125,1556.53,-1564.2213
361.4,63899.023,1559.8949,-1563.4219
361.41998,63298.13,1559.2539,-1562.6226
361.44,62634.74,1557.4915,-1562.6226
361.46,62077.11,1553.4855,-1562.3027
361.47998,61822.33,1555.4083,-1561.983
361.5,61581.97,1553.9663,-1560.704
361.52,61432.94,1553.6459,-1560.3843
361.53998,61312.766,1551.5627,-1559.7448
361.56,61346.418,1552.6844,-1559.1052
361.58,61207.008,1550.2809,-1558.9453
361.6,61120.477,1551.4026,-1557.8262
361.62,61048.37,1550.9218,-1556.867
361.63998,60899.348,1548.999,-1556.0676
361.66,60937.81,1549.4797,-1555.5879
361.68,60865.703,1546.7557,-1555.1083
361.69998,60904.156,1550.4412,-1555.1083
361.72,60731.098,1542.2693,-1553.9891
361.74,60827.242,1546.5956,-1553.1897
361.75998,60808.016,1546.4352,-1552.3905
361.78,60793.59,1544.6727,-1552.2305
361.8,60875.316,1544.6727,-1552.3905
361.81998,60875.316,1545.6342,-1550.9515
361.84,60841.664,1544.8329,-1550.4719
361.86,60759.945,1542.2693,-1549.1929
361.88,60808.016,1542.109,-1549.3528
361.9,60832.05,1543.8716,-1548.2336
361.91998,60769.56,1542.7499,-1548.2336
361.94,60702.254,1541.468,-1547.9138
361.96,60769.56,1541.468,-1547.4342
361.97998,60755.137,1540.9874,-1547.1145
362.0,60721.484,1539.7056,-1545.9954
362.02,60774.363,1540.3464,-1545.9954
362.03998,60731.098,1540.9874,-1545.1959
362.06,60639.76,1537.302,-1544.7163
362.08,60586.883,1539.7056,-1543.917
362.1,60442.67,1535.5394,-1543.4373
362.12,60399.406,1536.5009,-1543.1176
362.13998,60288.84,1536.1804,-1541.9984
362.16,60336.914,1536.1804,-1541.5188
362.18,60250.383,1535.86,-1541.3589
362.19998,60207.117,1533.2961,-1540.7194
362.22,60197.504,1534.0973,-1540.5596
362.24,60159.043,1531.854,-1539.6002
362.25998,60091.746,1532.0143,-1538.9607
362.28,60058.094,1529.771,-1538.0016
362.3,60135.01,1530.5721,-1538.0016
362.31998,60101.36,1531.0529,-1537.3619
362.34,60067.707,1528.6493,-1536.4027
362.36,60173.465,1531.3734,-1536.083
362.38,60101.36,1529.9313,-1534.804
362.4,60125.39,1530.2517,-1534.804
362.41998,60101.36,1527.8483,-1534.9639
362.44,60082.133,1526.8868,-1534.4841
362.46,60125.39,1529.2903,-1533.525
362.47998,60067.707,1525.4447,-1532.8854
362.5,60154.24,1529.1301,-1532.086
362.52,60096.55,1525.9254,-1531.9261
362.53998,60110.973,1526.4061,-1531.1267
362.56,60072.51,1523.2014,-1530.9669
362.58,60130.207,1524.964,-1530.1676
362.6,60192.695,1525.9254,-1530.0076
362.62,60173.465,1522.881,-1529.6879
362.63998,60115.777,1522.24,-1528.5687
362.66,60187.89,1522.881,-1529.2083
362.68,60197.504,1521.1184,-1528.0891
362.69998,60216.73,1520.798,-1527.4496
362.72,60207.117,1520.4775,-1526.4904
362.74,60173.465,1516.7921,-1526.1707
362.75998,60221.535,1518.5547,-1525.531
362.78,60308.066,1520.157,-1525.851
362.8,60322.49,1517.5933,-1525.0515
362.81998,60312.875,1517.2728,-1524.5718
362.84,60298.453,1516.6318,-1523.9324
362.86,60360.945,1517.9137,-1523.9324
362.88,60394.598,1517.4331,-1522.6533
362.9,60409.02,1515.6704,-1522.973
362.91998,60317.68,1513.4272,-1522.0138
362.94,60365.754,1513.4272,-1521.2144
362.96,60418.633,1514.8694,-1521.0546
362.97998,60404.21,1513.267,-1520.0952
363.0,60413.824,1511.184,-1520.2552
363.02,60500.355,1514.3885,-1519.4558
363.03998,60442.67,1511.0238,-1518.6564
363.06,60466.703,1512.1453,-1518.8163
363.08,60514.777,1510.7032,-1517.6971
363.1,60553.234,1511.8248,-1517.3773
363.12,60534.004,1510.7032,-1516.4181
363.13998,60524.39,1508.46,-1515.7786
363.16,60558.043,1507.6588,-1515.9385
363.18,60630.15,1510.3828,-1515.299
363.19998,60591.688,1508.2997,-1515.4589
363.22,60639.76,1508.1395,-1514.9792
363.24,60586.883,1505.095,-1514.1798
363.25998,60658.992,1506.377,-1513.7002
363.28,60658.992,1506.8577,-1513.5403
363.3,60615.727,1503.3325,-1513.7002
363.31998,60658.992,1505.4155,-1512.741
363.34,60716.68,1504.9348,-1511.6218
363.36,60678.22,1502.3711,-1511.6218
363.38,60808.016,1507.1781,-1510.9823
363.4,60735.906,1503.0121,-1510.5027
363.41998,60759.945,1501.2494,-1509.7032
363.44,60779.17,1503.0121,-1509.7032
363.46,60788.785,1501.0892,-1509.2238
363.47998,60803.203,1501.4097,-1508.2644
363.5,60798.4,1499.4869,-1508.1046
363.52,60841.664,1499.4869,-1507.6249
363.53998,60904.156,1500.6085,-1507.1453
363.56,60812.824,1496.6027,-1506.3458
363.58,60875.316,1497.7242,-1505.5465
363.6,60961.84,1499.3267,-1505.8662
363.62,60976.266,1498.846,-1505.0669
363.63998,61101.25,1498.846,-1504.4274
363.66,61033.953,1496.7628,-1504.5872
363.68,61029.145,1496.4424,-1504.1075
363.69998,61125.29,1498.5255,-1503.6279
363.72,61158.938,1496.7628,-1503.3082
363.74,61106.06,1495.1605,-1502.0292
363.75998,61144.516,1495.6412,-1501.5496
363.78,61101.25,1492.5969,-1501.5496
363.8,61110.863,1489.7126,-1501.3896
363.81998,61255.082,1492.9174,-1500.7502
363.84,61283.926,1492.5969,-1499.7909
363.86,61293.54,1492.5969,-1499.4712
363.88,61336.805,1494.5197,-1498.8317
363.9,61346.418,1490.9946,-1498.6718
363.91998,61389.684,1490.5138,-1498.0322
363.94,61471.402,1492.1161,-1498.192
363.96,61442.562,1490.3536,-1496.9131
363.97998,61437.75,1488.9115,-1496.5934
364.0,61505.055,1488.9115,-1495.9539
364.02,61428.137,1486.508,-1495.634
364.03998,61495.44,1487.4695,-1495.3143
364.06,61524.28,1489.3922,-1494.5149
364.08,61586.773,1487.6296,-1494.8347
364.1,61639.652,1487.6296,-1494.3551
364.12,61692.53,1488.4308,-1493.3958
364.13998,61745.41,1487.9501,-1492.9163
364.16,61649.266,1484.5852,-1492.4365
364.18,61711.766,1486.0272,-1492.5964
364.19998,61730.992,1486.508,-1491.6372
364.22,61788.676,1486.0272,-1491.7971
364.24,61759.836,1483.6238,-1491.1575
364.25998,61807.902,1482.9829,-1490.518
364.28,61841.555,1483.3033,-1490.678
364.3,61755.023,1481.2202,-1489.8785
364.31998,61870.402,1482.8226,-1489.239
364.34,61889.63,1479.4578,-1489.5588
364.36,61889.63,1478.4963,-1488.1199
364.38,61932.895,1480.2588,-1487.8002
364.4,61961.73,1478.9769,-1487.6403
364.41998,61990.58,1479.6179,-1487.1605
364.44,62057.875,1478.8168,-1487.0007
364.46,62149.215,1480.8998,-1486.0414
364.47998,62110.754,1477.8553,-1486.2014
364.5,62115.562,1477.3746,-1485.402
364.52,62158.83,1478.6565,-1485.0823
364.53998,62259.777,1477.6951,-1484.6025
364.56,62235.746,1476.5735,-1484.123
364.58,62303.043,1476.7336,-1483.6433
364.6,62322.27,1476.0928,-1482.684
364.62,62293.434,1475.2916,-1482.3643
364.63998,62500.14,1475.9326,-1482.0446
364.66,62480.906,1476.253,-1482.0446
364.68,62423.223,1473.6893,-1481.5648
364.69998,62447.26,1473.529,-1481.0853
364.72,62418.414,1471.7665,-1480.9254
364.74,62557.824,1472.8881,-1480.4458
364.75998,62548.207,1471.6062,-1479.8063
364.78,62524.17,1468.8823,-1478.847
364.8,62581.86,1470.6448,-1478.6871
364.81998,62663.582,1470.4846,-1478.5272
364.84,62668.39,1469.8438,-1477.7279
364.86,62716.46,1470.0039,-1477.2482
364.88,62769.34,1470.6448,-1476.6088
364.9,62759.723,1468.0812,-1476.289
364.91998,62836.64,1468.5618,-1476.289
364.94,62822.22,1469.2028,-1475.8093
364.96,62846.254,1466.9595,-1475.4896
364.97998,62827.027,1465.197,-1474.5304
365.0,62923.164,1467.1198,-1473.8907
365.02,63096.227,1471.6062,-1473.8907
365.03998,63076.996,1468.4016,-1473.4113
365.06,63076.996,1466.639,-1473.571
365.08,63014.504,1464.3958,-1472.4519
365.1,63052.96,1464.3958,-1471.6525
365.12,63158.72,1464.8765,-1471.173
365.13998,63317.355,1465.6776,-1471.9722
365.16,63250.06,1464.8765,-1470.8531
365.18,63254.863,1463.4343,-1470.2136
365.19998,63240.438,1462.3127,-1470.3735
365.22,63283.703,1463.2742,-1469.8939
365.24,63326.97,1459.749,-1470.0538
365.25998,63355.816,1459.2683,-1468.6149
365.28,63365.43,1458.6273,-1467.4957
365.3,63456.758,1459.9092,-1467.9753
365.31998,63423.113,1459.749,-1467.3358
365.34,63456.758,1458.7876,-1466.8562
365.36,63533.68,1458.6273,-1467.8156
365.38,63552.902,1459.5887,-1465.897
365.4,63552.902,1458.1467,-1465.737
365.41998,63596.17,1457.6659,-1465.4172
365.44,63668.273,1457.025,-1464.9377
365.46,63668.273,1455.7432,-1465.4172
365.47998,63653.855,1455.1022,-1463.8186
365.5,63740.387,1456.5443,-1463.0192
365.52,63658.66,1446.4496,-1465.0975
365.53998,63865.37,1455.4226,-1463.0192
365.56,63961.516,1459.4286,-1459.9814
365.58,63884.598,1455.2625,-1462.3796
365.6,63884.598,1454.301,-1461.7401
365.62,63846.145,1454.1407,-1459.9814
365.63998,64096.113,1453.1793,-1461.4204
365.66,64048.04,1456.384,-1459.0223
365.68,63999.977,1453.0192,-1459.5018
365.69998,63999.977,1451.0964,-1459.1821
365.72,64028.812,1449.6542,-1459.1821
365.74,64076.887,1445.6484,-1458.3827
365.75998,64076.887,1448.0519,-1458.063
365.78,64153.797,1450.4554,-1457.2635
365.8,64115.344,1449.1736,-1457.5833
365.81998,64240.33,1447.0905,-1457.1038
365.84,64302.82,1450.135,-1454.8655
365.86,64312.434,1449.494,-1456.4641
365.88,64355.7,1449.3337,-1455.5049
365.9,64331.668,1448.2122,-1455.3451
365.91998,64437.426,1449.494,-1454.7056
365.94,64384.547,1446.77,-1455.3451
365.96,64403.773,1445.8086,-1454.5457
365.97998,64442.23,1445.9689,-1453.5864
366.0,64442.23,1445.8086,-1452.6272
366.02,64562.41,1443.8857,-1451.8278
366.03998,64557.6,1444.687,-1452.9469
366.06,64639.32,1444.687,-1451.8278
366.08,64615.29,1444.0461,-1451.8278
366.1,64600.867,1442.1233,-1451.508
366.12,64769.117,1445.0074,-1449.9092
366.13998,64687.395,1440.521,-1451.508
366.16,64754.7,1443.4052,-1450.8685
366.18,64745.08,1439.0789,-1449.5895
366.19998,64831.61,1442.2836,-1451.508
366.22,64754.7,1439.0789,-1448.3105
366.24,64821.996,1440.3607,-1448.1505
366.25998,64884.49,1439.0789,-1447.9906
366.28,64951.785,1441.4823,-1447.8308
366.3,64922.95,1438.5981,-1446.8715
366.31998,64932.562,1437.797,-1446.5518
366.34,64966.215,1438.9186,-1445.7524
366.36,65014.277,1438.5981,-1445.5925
366.38,65019.086,1439.239,-1444.6333
366.4,65033.51,1438.2777,-1444.7931
366.41998,65052.74,1436.6753,-1444.4734
366.44,65096.004,1436.5151,-1444.4734
366.46,65168.11,1436.6753,-1443.5142
366.47998,65192.15,1435.3934,-1443.5142
366.5,65182.535,1433.9514,-1443.1943
366.52,65225.793,1434.9128,-1442.0752
366.53998,65254.64,1433.9514,-1441.9154
366.56,65297.906,1434.2719,-1441.5956
366.58,65331.55,1434.5924,-1441.5956
366.6,65336.36,1432.8297,-1441.2759
366.62,65379.625,1435.3934,-1440.3165
366.63998,65317.133,1430.7467,-1441.116
366.66,65398.85,1432.1887,-1439.3573
366.68,65408.47,1432.3491,-1439.0376
366.69998,65461.348,1430.7467,-1438.558
366.72,65418.082,1429.1444,-1438.398
366.74,65490.188,1429.7853,-1438.0782
366.75998,65533.453,1430.5864,-1437.9185
366.78,65543.07,1429.4648,-1437.119
366.8,65538.26,1428.9841,-1436.3196
366.81998,65557.484,1427.2216,-1436.4796
366.84,65639.21,1428.3431,-1436.7993
366.86,65648.83,1429.9456,-1435.5203
366.88,65591.14,1426.4204,-1435.2004
366.9,65605.56,1425.9397,-1434.561
366.91998,65720.93,1427.0613,-1433.9215
366.94,65658.44,1424.0168,-1433.6017
366.96,65701.7,1424.818,-1432.9622
366.97998,65749.77,1424.9783,-1432.6425
367.0,65769.0,1424.0168,-1432.1628
367.02,65783.43,1421.4531,-1432.4825
367.03998,65850.73,1424.0168,-1431.843
367.06,65855.53,1423.5361,-1431.2036
367.08,65812.266,1420.652,-1430.8838
367.1,65942.055,1423.5361,-1430.7239
367.12,65927.64,1421.7737,-1429.9246
367.13998,65908.414,1420.9724,-1429.445
367.16,65946.875,1420.4917,-1429.285
367.18,65966.1,1420.3314,-1428.6455
367.19998,66009.37,1419.5304,-1428.1659
367.22,66038.2,1420.9724,-1428.1659
367.24,66057.44,1418.4087,-1427.6862
367.25998,66105.5,1421.2928,-1427.2067
367.28,66100.695,1419.5304,-1426.727
367.3,66091.086,1417.2871,-1426.4072
367.31998,66139.16,1418.2485,-1426.0875
367.34,66172.805,1417.4474,-1425.2881
367.36,66153.57,1416.1655,-1424.6487
367.38,66288.18,1418.4087,-1424.6487
367.4,66158.38,1414.2427,-1424.6487
367.41998,66288.18,1417.6075,-1423.5295
367.44,66259.33,1414.5631,-1423.6893
367.46,66312.21,1415.0438,-1423.0498
367.47998,66288.18,1412.9608,-1422.4104
367.5,66331.445,1413.2812,-1422.5702
367.52,66389.13,1414.8837,-1421.9307
367.53998,66350.67,1412.6404,-1420.4918
367.56,66345.87,1411.1982,-1422.8899
367.58,66369.9,1411.5187,-1420.8115
367.6,66518.92,1414.7234,-1419.8523
367.62,66408.35,1411.038,-1419.6924
367.63998,66456.43,1411.1982,-1419.0529
367.66,66408.35,1402.5455,-1418.893
367.68,66509.305,1409.7561,-1418.5732
367.69998,66490.08,1408.1538,-1418.0935
367.72,66518.92,1408.7947,-1417.614
367.74,66595.83,1409.4357,-1417.4541
367.75998,66605.45,1411.038,-1417.2943
367.78,66615.06,1409.2754,-1416.335
367.8,66658.33,1408.7947,-1415.8553
367.81998,66677.555,1407.9935,-1416.0153
367.84,66600.65,1404.1478,-1415.056
367.86,66653.516,1405.7502,-1414.8961
367.88,66691.98,1405.2695,-1414.8961
367.9,66677.555,1404.3082,-1413.7769
367.91998,66768.89,1406.7117,-1413.9369
367.94,66773.7,1405.7502,-1412.9775
367.96,66749.664,1403.8274,-1412.9775
367.97998,66759.27,1403.3468,-1412.0183
368.0,66792.93,1403.507,-1411.5386
368.02,66821.77,1402.866,-1411.2189
368.03998,66821.77,1401.2637,-1410.7393
368.06,66836.195,1402.5455,-1410.4194
368.08,66913.1,1403.6672,-1410.0997
368.1,66975.59,1403.507,-1409.6201
368.12,66917.914,1400.3022,-1409.4602
368.13998,66889.07,1400.6227,-1409.6201
368.16,66937.14,1400.4625,-1408.501
368.18,66922.72,1399.9818,-1407.5417
368.19998,67042.9,1401.2637,-1408.1812
368.22,66946.76,1399.0204,-1407.3817
368.24,66951.56,1397.0975,-1407.3817
368.25998,66985.22,1398.8602,-1406.7423
368.28,66898.69,1393.4122,-1405.1436
368.3,67076.55,1399.6614,-1405.7831
368.31998,67052.516,1396.9374,-1405.6232
368.34,67066.94,1397.8988,-1405.3035
368.36,67023.67,1395.8157,-1404.664
368.38,67095.78,1395.6555,-1404.9836
368.4,67139.04,1396.1362,-1404.3442
368.41998,67172.695,1396.9374,-1403.3849
368.44,67134.234,1394.2134,-1403.2251
368.46,67201.53,1396.9374,-1402.4257
368.47998,67158.27,1393.0918,-1402.5854
368.5,67191.914,1393.7328,-1402.2657
368.52,67307.29,1394.2134,-1400.667
368.53998,67167.88,1392.4508,-1400.8268
368.56,67119.81,1389.2462,-1400.667
368.58,67244.8,1393.7328,-1400.1874
368.6,67235.19,1392.7714,-1400.0275
368.62,67215.96,1389.8871,-1399.0682
368.63998,67278.45,1391.6498,-1399.5479
368.66,67360.164,1392.1304,-1398.109
368.68,67297.67,1389.8871,-1398.9083
368.69998,67331.33,1391.3293,-1397.9491
368.72,67316.91,1388.7655,-1397.7891
368.74,67321.72,1389.086,-1397.1497
368.75998,67360.164,1389.5667,-1396.9899
368.78,67288.06,1387.3234,-1395.8707
368.8,67326.52,1387.8042,-1395.7107
368.81998,67307.29,1387.6438,-1395.391
368.84,67278.45,1386.8428,-1394.9114
368.86,67336.13,1387.6438,-1394.9114
368.88,67326.52,1386.3619,-1394.1119
368.9,67331.33,1385.5609,-1393.6324
368.91998,67297.67,1384.2789,-1393.9521
368.94,67302.484,1384.5995,-1393.4724
368.96,67384.21,1386.5222,-1392.9928
368.97998,67321.72,1383.4778,-1392.3533
369.0,67316.91,1383.6381,-1391.554
369.02,67307.29,1382.3562,-1391.0743
369.03998,67398.625,1385.8813,-1391.394
369.06,67355.36,1382.5164,-1390.2749
369.08,67340.945,1381.5549,-1390.2749
369.1,67350.555,1381.8754,-1389.6355
369.12,67364.98,1381.5549,-1389.4756
369.13998,67288.06,1379.1515,-1389.4756
369.16,67413.05,1381.8754,-1388.3564
369.18,67364.98,1379.7925,-1388.0366
369.19998,67355.36,1379.3116,-1388.0366
369.22,67398.625,1377.2286,-1387.7169
369.24,67408.24,1379.7925,-1387.2373
369.25998,67408.24,1378.1901,-1386.2781
369.28,67393.82,1377.8696,-1386.118
369.3,67456.31,1377.8696,-1385.9583
369.31998,67393.82,1374.6649,-1385.6384
369.34,67499.58,1378.3502,-1385.1589
369.36,67461.12,1376.1069,-1384.6792
369.38,67437.086,1376.1069,-1384.1996
369.4,67475.54,1375.1456,-1384.5193
369.41998,67422.66,1373.5432,-1383.72
369.44,67451.51,1372.9023,-1383.0804
369.46,67470.734,1374.024,-1382.7606
369.47998,67451.51,1371.7808,-1382.9205
369.5,67523.61,1373.7035,-1381.8014
369.52,67494.77,1372.2614,-1381.8014
369.53998,67475.54,1370.0181,-1381.162
369.56,67475.54,1370.8193,-1381.0021
369.58,67614.945,1373.5432,-1380.5223
369.6,67485.16,1370.0181,-1379.7229
369.62,67566.875,1371.9409,-1379.7229
369.63998,67595.73,1373.0626,-1378.9237
369.66,67557.266,1371.1398,-1378.6038
369.68,67533.23,1368.8965,-1378.1243
369.69998,67547.65,1369.3772,-1377.8046
369.72,67576.49,1369.217,-1377.3248
369.74,67619.76,1369.3772,-1377.3248
369.75998,67629.37,1371.2999,-1376.8452
369.78,67605.336,1368.576,-1376.6854
369.8,67619.76,1367.7749,-1375.886
369.81998,67605.336,1367.6146,-1375.7261
369.84,67586.1,1366.6532,-1374.7668
369.86,67600.53,1366.1726,-1374.447
369.88,67590.914,1364.5703,-1374.1273
369.9,67634.17,1366.0123,-1373.8075
369.91998,67624.56,1365.2112,-1373.0082
369.94,67619.76,1364.7305,-1373.0082
369.96,67638.984,1364.2498,-1372.6884
369.97998,67648.6,1365.0509,-1371.889
370.0,67638.984,1363.6089,-1372.2087
370.02,67634.17,1360.8848,-1372.3685
370.03998,67682.25,1363.4486,-1371.889
370.06,67667.83,1362.0065,-1370.61
370.08,67658.21,1362.1667,-1370.4502
370.1,67682.25,1362.1667,-1369.9705
370.12,67667.83,1360.7246,-1369.331
370.13998,67672.63,1359.9235,-1368.3717
370.16,67711.09,1361.5258,-1368.8513
370.18,67691.86,1359.4427,-1368.0519
370.19998,67687.055,1358.0006,-1367.7322
370.22,67634.17,1358.321,-1366.4531
370.24,67720.7,1361.8462,-1366.9327
370.25998,67720.7,1358.962,-1366.613
370.28,67749.55,1358.8019,-1365.9735
370.3,67672.63,1355.1163,-1366.1334
370.31998,67807.234,1359.2825,-1365.9735
370.34,67691.86,1355.9176,-1365.334
370.36,67691.86,1356.238,-1364.5347
370.38,67744.74,1355.1163,-1364.3748
370.4,67831.27,1358.962,-1363.895
370.41998,67744.74,1354.6357,-1363.5753
370.44,67739.93,1354.9562,-1362.9358
370.46,67725.516,1353.3539,-1362.9358
370.47998,67749.55,1353.0334,-1362.2964
370.5,67711.09,1350.6299,-1361.497
370.52,67783.195,1352.072,-1361.337
370.53998,67807.234,1354.3153,-1361.497
370.56,67768.78,1352.7129,-1360.6975
370.58,67802.42,1351.9117,-1360.6975
370.6,67802.42,1352.3925,-1360.0581
370.62,67783.195,1350.9503,-1359.4185
370.63998,67845.69,1353.0334,-1359.4185
370.66,67792.81,1349.9889,-1358.939
370.68,67759.164,1348.8673,-1358.4592
370.69998,67759.164,1346.9445,-1358.2993
370.72,67836.08,1349.6685,-1357.6598
370.74,67788.01,1349.1877,-1357.5
370.75998,67812.05,1347.1047,-1357.6598
370.78,67840.88,1347.4252,-1356.221
370.8,67816.85,1346.9445,-1356.3809
370.81998,67826.46,1347.4252,-1355.2617
370.84,67821.66,1346.4637,-1356.0612
370.86,67860.11,1346.624,-1354.7821
370.88,67831.27,1344.8615,-1353.9827
370.9,67836.08,1345.3422,-1353.663
370.91998,67831.27,1344.3807,-1352.7037
370.94,67802.42,1343.2592,-1352.7037
370.96,67869.73,1345.5023,-1353.0234
370.97998,67864.914,1344.0603,-1352.3839
371.0,67831.27,1342.1375,-1352.224
371.02,67879.34,1343.0989,-1352.5438
371.03998,67845.69,1341.9773,-1350.945
371.06,67893.766,1341.817,-1350.4655
371.08,67884.15,1342.1375,-1350.4655
371.1,67893.766,1342.1375,-1349.666
371.12,67879.34,1339.8942,-1349.3463
371.13998,67917.8,1341.9773,-1349.3463
371.16,67932.22,1341.3364,-1348.7067
371.18,67898.57,1340.2147,-1349.0265
371.19998,67850.5,1338.7726,-1348.0671
371.22,67874.54,1338.6123,-1347.1079
371.24,67908.18,1341.4966,-1347.2678
371.25998,67888.95,1338.2919,-1346.6283
371.28,67831.27,1336.2089,-1346.3086
371.3,67855.305,1336.369,-1345.9888
371.31998,67927.414,1337.9714,-1345.8289
371.34,67946.64,1338.9329,-1344.8696
371.36,67898.57,1335.8884,-1344.5499
371.38,67932.22,1335.7281,-1344.39
371.4,67874.54,1335.568,-1343.7505
371.41998,67908.18,1334.6066,-1343.9103
371.44,67893.766,1334.927,-1343.1111
371.46,67951.445,1336.0486,-1343.4308
371.47998,67879.34,1333.6451,-1342.3116
371.5,67884.15,1333.1644,-1342.3116
371.52,67961.06,1335.568,-1341.8319
371.53998,67927.414,1334.4463,-1341.6721
371.56,67908.18,1333.9656,-1340.7128
371.58,67917.8,1332.6837,-1340.3931
371.6,67860.11,1328.8381,-1340.0734
371.62,67874.54,1331.2416,-1339.9135
371.63998,67826.46,1328.0369,-1339.7535
371.66,67869.73,1329.9597,-1338.9542
371.68,67975.484,1328.0369,-1339.114
371.69998,67917.8,1330.4404,-1337.8351
371.72,67884.15,1329.1586,-1337.8351
371.74,67845.69,1327.5563,-1336.7158
371.75998,67893.766,1329.6393,-1335.9165
371.78,67884.15,1327.396,-1336.5559
371.8,67864.914,1327.2358,-1336.3961
371.81998,67855.305,1327.0754,-1335.7567
371.84,67879.34,1327.0754,-1335.4368
371.86,67869.73,1326.2744,-1334.7974
371.88,67792.81,1322.1083,-1335.1171
371.9,67831.27,1325.6334,-1333.6782
371.91998,67884.15,1326.4346,-1334.1578
371.94,67860.11,1325.6334,-1332.8788
371.96,67860.11,1325.7936,-1332.719
371.97998,67850.5,1324.672,-1332.719
372.0,67812.05,1323.2299,-1332.0795
372.02,67898.57,1325.6334,-1331.5999
372.03998,67812.05,1322.589,-1331.5999
372.06,67788.01,1321.1469,-1331.1201
372.08,67816.85,1322.7493,-1330.8004
372.1,67792.81,1321.307,-1329.6813
372.12,67778.39,1320.506,-1329.6813
372.13998,67667.83,1315.8593,-1329.0417
372.16,67821.66,1321.7878,-1328.5621
372.18,67778.39,1319.865,-1328.4022
372.19998,67696.664,1317.4615,-1327.6029
372.22,67754.35,1320.0251,-1327.1232
372.24,67730.32,1318.7434,-1327.6029
372.25998,67735.125,1319.0638,-1326.6436
372.28,67725.516,1317.9423,-1326.3239
372.3,67711.09,1318.423,-1326.4838
372.31998,67653.41,1315.2183,-1325.5244
372.34,67735.125,1317.782,-1325.3646
372.36,67706.29,1317.6217,-1324.0854
372.38,67691.86,1314.8978,-1324.4053
372.4,67706.29,1317.1411,-1323.9257
372.41998,67610.14,1312.8147,-1323.7657
372.44,67638.984,1314.7375,-1323.2861
372.46,67648.6,1314.7375,-1323.2861
372.47998,67634.17,1314.2568,-1322.0071
372.5,67677.44,1314.7375,-1322.4868
372.52,67576.49,1311.0522,-1322.0071
372.53998,67586.1,1311.5328,-1321.0477
372.56,67614.945,1312.0135,-1321.2078
372.58,67566.875,1312.0135,-1320.0886
372.6,67682.25,1315.2183,-1320.0886
372.62,67533.23,1310.5714,-1319.7688
372.63998,67374.59,1304.6428,-1319.1294
372.66,67542.84,1309.61,-1319.2892
372.68,67566.875,1310.8918,-1318.6497
372.69998,67446.695,1306.8861,-1318.33
372.72,67480.35,1309.1294,-1317.2108
372.74,67475.54,1308.168,-1317.3706
372.75998,67494.77,1308.3281,-1316.891
372.78,67523.61,1310.5714,-1316.0917
372.8,67485.16,1309.61,-1315.7719
372.81998,67427.48,1306.5657,-1315.6119
372.84,67441.89,1307.5271,-1315.1323
372.86,67393.82,1307.0463,-1314.8125
372.88,67504.38,1307.6873,-1314.4928
372.9,67417.85,1307.2065,-1314.333
372.91998,67403.43,1306.0848,-1313.8534
372.94,67374.59,1305.6042,-1313.3737
372.96,67364.98,1304.1621,-1312.7341
372.97998,67340.945,1305.1234,-1312.5742
373.0,67321.72,1304.3224,-1312.2545
373.02,67302.484,1303.8416,-1311.615
373.03998,67239.99,1302.5597,-1311.1354
373.06,67211.15,1300.4767,-1310.4958
373.08,67187.11,1300.637,-1310.3359
373.1,67187.11,1302.0791,-1310.1761
373.12,67163.08,1301.7587,-1309.5366
373.13998,66961.18,1294.3878,-1309.057
373.16,67119.81,1298.3937,-1309.3767
373.18,67187.11,1298.8744,-1308.8971
373.19998,67062.125,1301.1177,-1307.9379
373.22,66913.1,1297.913,-1306.9786
373.24,66908.3,1299.3551,-1307.4581
373.25998,66725.625,1295.9902,-1306.9786
373.28,66672.75,1295.8298,-1306.8187
373.3,66586.22,1298.0731,-1305.6996
373.31998,66518.92,1296.4708,-1304.9001
373.34,66422.77,1296.4708,-1304.9001
373.36,66413.164,1296.4708,-1304.1007
373.38,66331.445,1295.8298,-1304.7404
373.4,66264.14,1294.2275,-1303.9409
373.41998,66187.23,1294.2275,-1303.1415
373.44,66201.65,1295.8298,-1303.1415
373.46,66153.57,1294.0674,-1302.5021
373.47998,66119.93,1293.2662,-1302.342
373.5,66124.734,1294.0674,-1302.5021
373.52,66091.086,1294.8685,-1301.3828
373.53998,66038.2,1293.2662,-1301.5427
373.56,65999.75,1292.3048,-1300.2637
373.58,65918.02,1290.3821,-1299.944
373.6,65961.29,1291.8241,-1299.4644
373.62,65903.61,1288.4592,-1299.1445
373.63998,65711.32,1285.8955,-1298.6649
373.66,65884.375,1289.4207,-1298.5051
373.68,65913.22,1287.8184,-1297.226
373.69998,65850.73,1290.5422,-1297.5458
373.72,65639.21,1287.3375,-1296.9062
373.74,65504.61,1286.0557,-1296.7463
373.75998,65422.89,1286.5364,-1296.1068
373.78,65317.133,1288.4592,-1295.6272
373.8,65240.223,1287.658,-1295.1476
373.81998,65091.2,1284.9341,-1294.8278
373.84,65038.32,1285.0942,-1294.668
373.86,64898.906,1284.2932,-1293.3889
373.88,64985.44,1286.5364,-1293.5488
373.9,64821.996,1283.6522,-1293.0691
373.91998,64797.957,1285.4147,-1293.0691
373.94,64648.94,1282.2101,-1292.2698
373.96,64663.36,1284.2932,-1291.6302
373.97998,64519.145,1280.9282,-1290.9907
374.0,64552.797,1283.3318,-1290.8308
374.02,64408.58,1278.8452,-1290.0315
374.03998,64384.547,1279.1656,-1289.7117
374.06,64365.312,1279.1656,-1289.392
374.08,64413.387,1283.0112,-1288.9124
374.1,64365.312,1280.6077,-1288.4327
374.12,64254.75,1278.3644,-1288.2728
374.13998,64245.137,1277.5634,-1287.953
374.16,64163.418,1276.1211,-1287.3136
374.18,64230.715,1277.8838,-1287.3136
374.19998,64230.715,1277.7235,-1286.3542
374.22,64091.305,1275.9609,-1286.0345
374.24,64100.918,1277.0825,-1284.7555
374.25998,63980.742,1275.4802,-1284.5956
374.28,63918.25,1274.1984,-1284.2759
374.3,63975.934,1275.9609,-1284.2759
374.31998,63870.176,1274.5188,-1283.6364
374.34,63947.098,1276.1211,-1283.3167
374.36,63889.41,1275.3201,-1283.4764
374.38,63822.105,1272.2755,-1282.3573
374.4,63788.46,1272.9165,-1281.7178
374.41998,63793.266,1272.596,-1281.2382
374.44,63764.418,1272.4358,-1280.7585
374.46,63774.03,1272.4358,-1279.9592
374.47998,63730.773,1269.5516,-1281.7178
374.5,63754.805,1270.5131,-1279.9592
374.52,63711.54,1268.9106,-1279.1598
374.53998,64389.35,1281.8895,-1281.3981
374.56,69585.875,1299.996,-1298.3452
374.58,65836.305,1273.2369,-1277.721
374.6,65629.6,1268.7505,-1275.9623
374.62,64298.016,1264.7446,-1275.9623
374.63998,63947.098,1263.623,-1275.9623
374.66,62653.965,1263.623,-1275.1628
374.68,61702.145,1263.4628,-1274.2035
374.69998,60697.445,1263.1422,-1272.6049
374.72,59803.316,1257.8546,-1271.8054
374.74,59240.875,1261.2195,-1271.8054
374.75998,58572.676,1260.258,-1271.3257
374.78,58130.414,1257.8546,-1271.006
374.8,58000.62,1258.9762,-1269.5671
374.81998,57741.03,1259.1365,-1270.2065
374.84,57726.61,1256.7329,-1268.7677
374.86,57202.63,1254.4896,-1267.8085
374.88,56491.164,1252.2463,-1268.1282
374.9,56342.14,1258.3352,-1267.3287
374.91998,56178.695,1254.3295,-1266.8491
374.94,56140.242,1255.2908,-1265.73
374.96,55928.723,1252.2463,-1264.9307
374.97998,55390.316,1252.5668,-1264.9307
375.0,54914.402,1252.4066,-1263.8115
375.02,54520.215,1249.8429,-1263.3319
375.03998,54255.816,1250.1633,-1262.8522
375.06,54020.266,1251.6053,-1261.893
375.08,53722.22,1248.7212,-1261.2534
375.1,53400.137,1248.4008,-1262.2126
375.12,53352.062,1244.2347,-1259.6547
375.13998,53433.79,1249.0416,-1259.6547
375.16,53284.766,1245.6768,-1258.2158
375.18,53174.195,1244.7153,-1258.0558
375.19998,52967.49,1244.3949,-1257.4164
375.22,52895.38,1247.92,-1257.0966
375.24,52645.406,1241.3505,-1256.2972
375.25998,52539.65,1241.9915,-1254.5386
375.28,52491.574,1242.7926,-1253.4194
375.3,52371.395,1241.3505,-1253.5792
375.31998,52308.902,1239.9083,-1251.9805
375.34,52169.492,1239.2675,-1251.5009
375.36,52039.695,1237.665,-1250.8613
375.38,52039.695,1246.1575,-1250.3817
375.4,51962.78,1238.306,-1250.062
375.41998,51837.793,1234.9412,-1249.1027
375.44,51789.723,1236.223,-1248.7828
375.46,51775.3,1234.6207,-1248.4631
375.47998,51861.832,1233.8195,-1247.6637
375.5,51924.324,1235.582,-1246.5446
375.52,51977.203,1236.0627,-1246.2249
375.53998,51799.336,1229.4932,-1245.905
375.56,51823.37,1230.775,-1244.7859
375.58,51741.65,1231.2557,-1243.8267
375.6,51683.96,1232.858,-1243.0273
375.62,51549.36,1236.223,-1242.068
375.63998,51433.99,1229.8136,-1242.8673
375.66,51429.18,1228.6919,-1241.2687
375.68,51486.867,1230.775,-1240.3093
375.69998,51409.95,1230.2943,-1240.3093
375.72,51217.664,1226.2885,-1239.6698
375.74,51424.375,1230.9352,-1238.7106
375.75998,51246.508,1227.41,-1238.3907
375.78,51198.434,1225.4873,-1237.7512
375.8,51159.977,1226.2885,-1237.7512
375.81998,51131.133,1227.2499,-1237.1118
375.84,51083.06,1224.8463,-1236.792
375.86,51073.45,1225.8077,-1235.6729
375.88,50948.46,1222.7633,-1236.4723
375.9,50895.582,1222.1224,-1234.0741
375.91998,50852.316,1221.9622,-1233.5944
375.94,50770.594,1220.8406,-1233.2747
375.96,50794.63,1220.8406,-1232.4753
375.97998,50809.05,1221.3212,-1231.6759
376.0,50727.33,1220.1996,-1231.3562
376.02,50674.45,1219.2382,-1230.8766
376.03998,50650.414,1217.4757,-1230.8766
376.06,50679.254,1218.2767,-1230.0771
376.08,50602.34,1217.3154,-1229.4376
376.1,50660.027,1217.4757,-1228.7981
376.12,50578.305,1216.8347,-1227.9988
376.13998,50458.125,1212.9891,-1227.8389
376.16,50568.688,1215.713,-1227.1993
376.18,50443.7,1211.8674,-1226.24
376.19998,50506.195,1214.1107,-1226.24
376.22,50496.582,1214.1107,-1225.4407
376.24,50472.547,1213.4697,-1224.6414
376.25998,50458.125,1212.8289,-1224.4813
376.28,50482.16,1213.1493,-1223.8419
376.3,50395.63,1211.3867,-1223.5221
376.31998,50438.895,1211.7073,-1223.0425
376.34,50410.05,1210.7458,-1222.0833
376.36,50381.207,1209.3037,-1221.7635
376.38,50419.664,1209.7844,-1221.6036
376.4,50414.86,1209.7844,-1220.8042
376.41998,50323.52,1206.5797,-1220.4844
376.44,50347.555,1207.3809,-1220.1647
376.46,50357.17,1207.2207,-1219.2053
376.47998,50333.137,1206.7399,-1218.7258
376.5,50361.98,1204.4967,-1217.7665
376.52,50357.17,1204.8171,-1217.6067
376.53998,50390.82,1205.9388,-1216.6473
376.56,50318.715,1204.8171,-1217.4467
376.58,50285.062,1203.0546,-1216.3275
376.6,50294.676,1203.5353,-1215.5282
376.62,50376.402,1203.3751,-1215.2084
376.63998,50328.33,1202.7341,-1214.7289
376.66,50357.17,1203.0546,-1213.9294
376.68,50357.17,1202.8943,-1213.7695
376.69998,50328.33,1201.292,-1213.13
376.72,50333.137,1201.7727,-1212.1708
376.74,50337.94,1200.1704,-1212.1708
376.75998,50318.715,1199.209,-1211.2114
376.78,50381.207,1201.1318,-1210.412
376.8,50256.223,1196.8054,-1210.8917
376.81998,50270.64,1197.4463,-1210.412
376.84,50251.414,1197.2861,-1210.412
376.86,50280.258,1196.8054,-1209.133
376.88,50275.45,1195.3634,-1209.2928
376.9,50256.223,1194.8827,-1208.6534
376.91998,50313.906,1197.1259,-1207.5343
376.94,50275.45,1196.3247,-1206.8948
376.96,50265.836,1194.2418,-1207.2145
376.97998,50241.797,1193.6008,-1206.0953
377.0,50265.836,1194.0814,-1206.0953
377.02,50251.414,1192.4791,-1205.2959
377.03998,50169.69,1190.5563,-1204.8163
377.06,50241.797,1191.8383,-1204.6565
377.08,50208.15,1190.2358,-1203.6973
377.1,50236.992,1191.3575,-1203.5374
377.12,50184.113,1189.7552,-1203.2175
377.13998,50203.344,1189.4347,-1202.8978
377.16,50150.46,1187.3517,-1202.2582
377.18,50222.57,1188.6335,-1201.139
377.19998,50227.38,1189.4347,-1201.299
377.22,50198.53,1189.2744,-1200.3397
377.24,50131.234,1185.7493,-1200.3397
377.25998,50174.496,1186.5505,-1199.5404
377.28,50164.883,1185.5891,-1199.2206
377.3,50184.113,1185.9095,-1198.9009
377.31998,50212.957,1187.3517,-1198.2612
377.34,50169.69,1183.9868,-1198.2612
377.36,50083.16,1182.3844,-1197.1421
377.38,50121.617,1182.8651,-1196.9823
377.4,50140.848,1182.8651,-1197.302
377.41998,50222.57,1184.6277,-1196.5027
377.44,50179.305,1182.705,-1195.7032
377.46,50116.812,1181.5833,-1195.2235
377.47998,50160.08,1183.1855,-1194.744
377.5,50131.234,1180.3014,-1194.9038
377.52,50217.76,1181.5833,-1194.5841
377.53998,50126.426,1179.9808,-1193.465
377.56,50112.004,1179.6604,-1192.9854
377.58,50131.234,1179.5002,-1192.5057
377.6,50174.496,1179.8207,-1192.3458
377.62,50068.74,1175.9751,-1191.5464
377.63998,50140.848,1177.8978,-1191.3866
377.66,50145.652,1176.9365,-1190.9069
377.68,50126.426,1176.616,-1190.7471
377.69998,50102.39,1176.4557,-1189.9476
377.72,50198.53,1177.8978,-1189.7877
377.74,50126.426,1175.0137,-1189.468
377.75998,50131.234,1175.4943,-1188.5088
377.78,50188.918,1174.2124,-1188.029
377.8,50193.727,1176.616,-1188.189
377.81998,50236.992,1176.4557,-1186.4303
377.84,50169.69,1174.3727,-1186.9099
377.86,50179.305,1174.8534,-1186.4303
377.88,50222.57,1172.7704,-1186.2704
377.9,50164.883,1170.6874,-1185.6309
377.91998,50256.223,1173.892,-1184.9913
377.94,50212.957,1171.6487,-1185.1512
377.96,50212.957,1171.3282,-1184.3519
377.97998,50270.64,1171.4885,-1184.3519
378.0,50241.797,1170.5271,-1183.5525
378.02,50294.676,1171.6487,-1183.2327
378.03998,50236.992,1169.2452,-1182.4333
378.06,50261.027,1169.0851,-1182.5933
378.08,50285.062,1168.2838,-1182.2734
378.1,50270.64,1166.5214,-1181.3142
378.12,50313.906,1167.9634,-1180.8345
378.13998,50270.64,1166.8418,-1180.5148
378.16,50381.207,1167.9634,-1180.0352
378.18,50289.87,1164.5985,-1179.7155
378.19998,50313.906,1164.5985,-1179.5555
378.22,50371.594,1165.7201,-1178.7561
378.24,50386.016,1164.1177,-1178.5963
378.25998,50337.94,1163.1564,-1177.637
378.28,50477.35,1167.3224,-1177.3173
378.3,50419.664,1164.7587,-1176.9974
378.31998,50347.555,1162.195,-1176.6777
378.34,50424.473,1162.0348,-1176.8375
378.36,50395.63,1161.3938,-1176.0381
378.38,50477.35,1162.9962,-1175.5586
378.4,50472.547,1161.7142,-1175.0789
378.41998,50453.316,1161.7142,-1174.5992
378.44,50429.28,1158.0288,-1174.1196
378.46,50535.04,1162.6757,-1173.7999
378.47998,50554.27,1161.554,-1173.0005
378.5,50477.35,1158.6698,-1172.6808
378.52,50520.617,1159.1505,-1172.5209
378.53998,50583.11,1159.7915,-1172.201
378.56,50539.844,1157.7084,-1171.2417
378.58,50563.883,1157.7084,-1171.0819
378.6,50592.723,1158.1891,-1170.922
378.62,50559.074,1156.1061,-1170.4425
378.63998,50607.15,1157.5482,-1169.6431
378.66,50602.34,1154.9845,-1169.6431
378.68,50583.11,1155.9458,-1169.6431
378.69998,50626.375,1154.8241,-1168.8436
378.72,50640.797,1154.9845,-1168.364
378.74,50693.676,1154.664,-1168.0442
378.75998,50712.906,1154.8241,-1167.4048
378.78,50650.414,1151.7798,-1167.5646
378.8,50775.402,1154.5037,-1167.085
378.81998,50756.17,1154.8241,-1166.4454
378.84,50693.676,1151.94,-1165.4862
378.86,50746.56,1151.6195,-1165.4862
378.88,50760.977,1151.7798,-1165.0065
378.9,50727.33,1149.6967,-1164.8467
378.91998,50794.63,1151.6195,-1164.2072
378.94,50804.242,1150.0171,-1163.7275
378.96,50876.35,1151.4592,-1163.5676
378.97998,50857.12,1150.4979,-1163.4078
379.0,50847.508,1150.0171,-1162.4485
379.02,50866.734,1148.8955,-1161.9689
379.03998,50885.965,1149.3762,-1161.649
379.06,50823.473,1146.492,-1161.4893
379.08,50929.23,1148.8955,-1161.0095
379.1,50828.277,1144.7295,-1161.0095
379.12,50914.81,1146.6522,-1160.2101
379.13998,50972.496,1148.0944,-1160.2101
379.16,50924.426,1145.8511,-1159.4109
379.18,50962.88,1145.5306,-1159.5707
379.19998,50977.305,1145.2102,-1158.2916
379.22,51044.605,1147.6136,-1157.6521
379.24,51020.57,1146.3318,-1157.3324
379.25998,50996.53,1144.5692,-1157.1725
379.28,51049.41,1144.0885,-1156.533
379.3,50972.496,1141.0441,-1156.2131
379.31998,51049.41,1144.0885,-1155.8934
379.34,51083.06,1144.2488,-1155.5737
379.36,51131.133,1141.3646,-1154.9342
379.38,51054.22,1141.2043,-1154.9342
379.4,51073.45,1141.0441,-1154.2946
379.41998,51083.06,1140.8838,-1155.4138
379.44,51241.7,1144.4089,-1153.6552
379.46,51126.33,1139.7622,-1153.8151
379.47998,51092.676,1138.4803,-1152.536
379.5,51159.977,1139.7622,-1152.3762
379.52,51232.086,1141.3646,-1152.536
379.53998,51126.33,1137.0382,-1152.3762
379.56,51198.434,1139.2815,-1151.7366
379.58,51208.047,1139.1213,-1150.9373
379.6,51212.855,1137.6792,-1150.9373
379.62,51289.773,1137.8395,-1150.2976
379.63998,51361.88,1140.5634,-1149.8181
379.66,51270.543,1136.0768,-1149.4983
379.68,51241.7,1134.3143,-1149.0187
379.69998,51270.543,1136.0768,-1148.3792
379.72,51395.53,1136.3972,-1148.2192
379.74,51309.0,1136.0768,-1148.3792
379.75998,51328.23,1134.3143,-1147.26
379.78,51323.42,1134.1539,-1147.26
379.8,51309.0,1132.3915,-1147.1001
379.81998,51328.23,1132.8721,-1146.6205
379.84,51323.42,1130.6288,-1145.981
379.86,51376.3,1132.7119,-1145.5013
379.88,51385.914,1132.2312,-1145.0217
379.9,51357.07,1129.6675,-1144.5421
379.91998,51429.18,1130.9493,-1144.3822
379.94,51357.07,1128.0651,-1143.9026
379.96,51433.99,1130.3083,-1143.9026
379.97998,51510.902,1131.5902,-1143.5828
380.0,51525.324,1132.071,-1142.7834
380.02,51506.094,1129.8278,-1142.7834
380.03998,51443.6,1128.3855,-1141.8241
380.06,51453.215,1128.2253,-1141.1846
380.08,51563.785,1128.8663,-1141.0247
380.1,51573.4,1129.8278,-1140.8649
380.12,51530.133,1126.3026,-1140.3851
380.13998,51592.625,1129.8278,-1140.0654
380.16,51549.36,1126.9435,-1140.2253
380.18,51611.855,1126.4628,-1139.7457
380.19998,51525.324,1124.2195,-1139.1062
380.22,51679.156,1127.9049,-1139.266
380.24,51597.434,1124.5399,-1138.3068
380.25998,51722.42,1128.2253,-1138.1469
380.28,51573.4,1122.2966,-1137.987
380.3,51587.82,1122.4569,-1137.0277
380.31998,51640.7,1123.0979,-1136.0685
380.34,51669.543,1123.4183,-1136.8679
380.36,51602.24,1118.4512,-1136.0685
380.38,51736.844,1125.8218,-1135.1091
380.4,51732.035,1122.6171,-1135.269
380.41998,51669.543,1121.4955,-1134.4697
380.44,51751.26,1122.1365,-1134.3098
380.46,51669.543,1119.2522,-1134.1499
380.47998,51722.42,1119.092,-1133.6703
380.5,51693.58,1118.9318,-1132.711
380.52,51746.457,1119.8932,-1132.5511
380.53998,51732.035,1118.4512,-1132.5511
380.56,51727.227,1118.1307,-1132.2313
380.58,51794.527,1118.4512,-1131.7518
380.6,51683.96,1115.8875,-1130.6327
380.62,51780.105,1116.6885,-1131.2721
380.63998,51832.984,1118.6113,-1130.6327
380.66,51828.18,1117.9703,-1129.8333
380.68,51837.793,1115.8875,-1130.3127
380.69998,51813.758,1115.0862,-1129.3535
380.72,51900.285,1117.009,-1129.0338
380.74,51857.02,1116.368,-1128.3943
380.75998,51804.14,1112.8429,-1128.0746
380.78,51905.094,1114.1248,-1127.2751
380.8,51881.06,1114.1248,-1128.3943
380.81998,51852.215,1113.3236,-1127.4349
380.84,51813.758,1111.2406,-1126.7955
380.86,51871.445,1111.2406,-1126.3158
380.88,51828.18,1111.561,-1125.9961
380.9,51909.902,1113.3236,-1125.6764
380.91998,51929.13,1109.9586,-1125.1967
380.94,51957.973,1112.3622,-1124.7172
380.96,51948.36,1112.0417,-1124.3972
380.97998,51900.285,1108.5166,-1124.3972
381.0,51933.938,1111.2406,-1123.598
381.02,51948.36,1108.9973,-1123.438
381.03998,51948.36,1111.0803,-1122.9584
381.06,51943.55,1106.9143,-1123.1183
381.08,51900.285,1107.7153,-1122.6387
381.1,52010.855,1110.92,-1122.3188
381.12,51996.43,1108.6768,-1121.5194
381.13998,52054.117,1108.9973,-1121.0399
381.16,52006.043,1107.7153,-1120.88
381.18,52054.117,1106.9143,-1121.0399
381.19998,51982.008,1104.9915,-1120.2405
381.22,52020.47,1106.4335,-1119.9208
381.24,52025.273,1105.6324,-1120.2405
381.25998,52063.734,1107.8757,-1119.1213
381.28,52087.77,1107.0745,-1118.162
381.3,52049.31,1104.8312,-1118.4818
381.31998,52116.613,1106.4335,-1117.2028
381.34,51953.164,1102.9083,-1116.7231
381.36,52030.082,1100.9856,-1117.2028
381.38,52078.152,1103.8698,-1116.5632
381.4,52054.117,1101.9469,-1115.9237
381.41998,52135.844,1103.8698,-1115.9237
381.44,52073.348,1103.2289,-1115.6039
381.46,52020.47,1104.1902,-1115.4441
381.47998,52140.65,1102.2675,-1114.6447
381.5,52092.574,1100.3446,-1114.6447
381.52,52102.188,1099.864,-1114.0052
381.53998,52174.297,1102.1073,-1113.3656
381.56,52102.188,1099.5435,-1113.3656
381.58,52131.03,1098.582,-1113.2058
381.6,52155.066,1099.0627,-1112.7262
381.62,52116.613,1097.6207,-1112.0867
381.63998,52236.793,1099.5435,-1111.9268
381.66,52193.527,1098.582,-1111.2872
381.68,52183.914,1097.7809,-1110.6477
381.69998,52135.844,1096.4991,-1110.8076
381.72,52145.453,1093.6149,-1110.4878
381.74,52131.03,1094.5763,-1110.0083
381.75998,52217.562,1095.5377,-1109.8484
381.78,52207.945,1095.6979,-1109.049
381.8,52169.492,1094.0956,-1108.7291
381.81998,52231.984,1095.8582,-1108.2495
381.84,52236.793,1095.5377,-1108.2495
381.86,52231.984,1094.8967,-1107.4501
381.88,52256.02,1097.3002,-1107.1304
381.9,52260.83,1093.9353,-1106.8107
381.91998,52318.516,1096.1786,-1106.8107
381.94,52251.21,1092.333,-1106.3309
381.96,52231.984,1091.3716,-1105.6914
381.97998,52207.945,1089.9294,-1105.2119
382.0,52284.867,1091.5317,-1105.052
382.02,52231.984,1090.0897,-1104.7322
382.03998,52241.598,1090.0897,-1103.9329
382.06,52260.83,1090.7307,-1104.0928
382.08,52212.758,1088.1669,-1103.613
382.1,52376.2,1090.0897,-1103.613
382.12,52323.32,1089.9294,-1103.1334
382.13998,52313.707,1089.4489,-1102.4939
382.16,52212.758,1086.2441,-1101.8544
382.18,52284.867,1087.2056,-1101.8544
382.19998,52294.477,1087.6862,-1101.5345
382.22,52328.13,1087.526,-1101.5345
382.24,52280.055,1086.885,-1100.8951
382.25998,52289.67,1086.2441,-1100.5753
382.28,52284.867,1084.8019,-1099.7759
382.3,52241.598,1083.0394,-1100.0957
382.31998,52366.586,1086.0839,-1099.4562
382.34,52304.09,1085.1224,-1098.8167
382.36,52337.746,1084.8019,-1098.497
382.38,52337.746,1084.6417,-1098.0173
382.4,52337.746,1084.4814,-1097.6975
382.41998,52275.25,1082.5587,-1096.8981
382.44,52381.008,1083.3599,-1097.5376
382.46,52328.13,1080.9563,-1096.7382
382.47998,52395.43,1084.6417,-1096.7382
382.5,52371.395,1082.2382,-1096.0988
382.52,52308.902,1080.7961,-1095.9388
382.53998,52395.43,1082.078,-1095.6191
382.56,52429.08,1083.3599,-1094.8197
382.58,52405.043,1080.7961,-1094.3401
382.6,52381.008,1080.9563,-1093.8604
382.62,52419.465,1080.7961,-1093.7006
382.63998,52520.418,1081.7576,-1094.1802
382.66,52347.355,1078.2324,-1092.7412
382.68,52405.043,1080.3154,-1092.5814
382.69998,52376.2,1078.8733,-1092.4215
382.72,52337.746,1075.9891,-1092.5814
382.74,52347.355,1075.9891,-1092.1018
382.75998,52405.043,1077.5914,-1091.782
382.78,52429.08,1078.5529,-1090.6628
382.8,52323.32,1075.8289,-1090.3431
382.81998,52361.78,1074.0663,-1089.3838
382.84,52438.695,1078.0721,-1089.7036
382.86,52409.85,1075.5083,-1089.224
382.88,52366.586,1074.7073,-1089.064
382.9,52352.164,1073.906,-1089.224
382.91998,52424.273,1073.7458,-1088.4246
382.94,52395.43,1073.7458,-1087.785
382.96,52405.043,1072.3037,-1087.785
382.97998,52443.5,1074.547,-1087.4653
383.0,52395.43,1073.5856,-1087.1455
383.02,52366.586,1071.0219,-1085.8665
383.03998,52419.465,1071.5026,-1086.3462
383.06,52352.164,1069.4196,-1086.0264
383.08,52448.31,1073.1049,-1085.227
383.1,52457.926,1072.464,-1085.067
383.12,52472.344,1072.9446,-1084.5874
383.13998,52457.926,1069.9001,-1084.2677
383.16,52457.926,1071.823,-1083.1484
383.18,52385.816,1067.9774,-1083.1484
383.19998,52448.31,1070.2207,-1082.669
383.22,52328.13,1065.574,-1083.3085
383.24,52453.113,1069.4196,-1082.509
383.25998,52462.73,1069.0991,-1082.1892
383.28,52510.805,1070.381,-1082.3491
383.3,52376.2,1066.0546,-1081.23
383.31998,52457.926,1068.9388,-1081.23
383.34,52443.5,1067.657,-1080.9102
383.36,52400.234,1066.0546,-1080.5905
383.38,52361.78,1062.8499,-1079.6312
383.4,52486.77,1066.375,-1079.6312
383.41998,52390.625,1064.7727,-1079.4713
383.44,52433.89,1065.4137,-1078.6719
383.46,52438.695,1062.6897,-1078.6719
383.47998,52395.43,1063.3307,-1078.0323
383.5,52433.89,1063.3307,-1078.0323
383.52,52366.586,1062.0488,-1077.2329
383.53998,52405.043,1063.0101,-1077.0731
383.56,52472.344,1063.9716,-1077.2329
383.58,52448.31,1063.4908,-1076.2737
383.6,52457.926,1061.568,-1076.1138
383.62,52472.344,1063.0101,-1075.7941
383.63998,52573.297,1065.574,-1075.1545
383.66,52448.31,1061.8884,-1074.9946
383.68,52443.5,1059.9657,-1074.8348
383.69998,52419.465,1059.9657,-1074.5151
383.72,52342.55,1056.6008,-1074.5151
383.74,52462.73,1061.2476,-1073.5558
383.75998,52448.31,1058.0428,-1073.7157
383.78,52457.926,1059.8055,-1073.0762
383.8,52433.89,1059.3247,-1071.957
383.81998,52530.03,1060.767,-1071.957
383.84,52496.38,1060.767,-1072.1168
383.86,52472.344,1058.8441,-1071.957
383.88,52390.625,1054.5177,-1070.5182
383.9,52457.926,1056.9213,-1071.1576
383.91998,52491.574,1059.6453,-1070.3582
383.94,52501.188,1058.2031,-1070.678
383.96,52438.695,1056.12,-1070.5182
383.97998,52462.73,1056.6008,-1069.239
384.0,52448.31,1056.12,-1069.7188
384.02,52486.77,1055.6394,-1068.7594
384.03998,52429.08,1054.3575,-1068.5996
384.06,52453.113,1054.1973,-1068.5996
384.08,52481.957,1055.9598,-1067.8002
384.1,52539.65,1056.2804,-1067.4803
384.12,52433.89,1052.7552,-1067.4803
384.13998,52544.453,1055.1587,-1067.1606
384.16,52467.54,1053.8768,-1066.841
384.18,52419.465,1051.6335,-1066.2013
384.19998,52510.805,1052.9154,-1065.8816
384.22,52381.008,1050.1914,-1065.7218
384.24,52477.152,1051.313,-1065.2421
384.25998,52477.152,1052.2744,-1064.6025
384.28,52453.113,1050.512,-1064.4426
384.3,52554.066,1052.7552,-1064.1229
384.31998,52405.043,1048.2687,-1064.2827
384.34,52467.54,1050.3516,-1063.8032
384.36,52481.957,1049.5505,-1063.963
384.38,52405.043,1046.9867,-1062.8439
384.4,52505.992,1050.0311,-1063.0038
384.41998,52438.695,1048.7493,-1062.3643
384.44,52462.73,1048.9095,-1062.0446
384.46,52515.61,1047.788,-1062.0446
384.47998,52390.625,1045.8652,-1061.0852
384.5,52443.5,1048.1084,-1060.9254
384.52,52525.223,1049.7107,-1060.6055
384.53998,52467.54,1046.6663,-1060.4457
384.56,52486.77,1046.3458,-1060.6055
384.58,52395.43,1043.7821,-1059.9661
384.6,52462.73,1045.7048,-1059.6462
384.62,52438.695,1044.2628,-1059.0068
384.63998,52515.61,1047.1471,-1058.8469
384.66,52433.89,1043.1411,-1058.3673
384.68,52448.31,1044.2628,-1058.0475
384.69998,52385.816,1042.8207,-1058.2074
384.72,52318.516,1040.5774,-1057.2482
384.74,52405.043,1040.5774,-1057.0883
384.75998,52381.008,1040.7377,-1057.0883
384.78,52534.84,1045.7048,-1056.7684
384.8,52549.258,1044.9038,-1056.9283
384.81998,52405.043,1042.5002,-1055.8091
384.84,52433.89,1042.0195,-1055.3296
384.86,52457.926,1041.3787,-1055.1697
384.88,52448.31,1041.6991,-1054.8499
384.9,52462.73,1042.981,-1055.0099
384.91998,52453.113,1041.3787,-1054.6901
384.94,52438.695,1041.6991,-1053.8906
384.96,52376.2,1038.8148,-1053.7307
384.97998,52381.008,1039.616,-1053.8906
385.0,52328.13,1036.5715,-1052.9313
385.02,52433.89,1038.6545,-1053.2511
385.03998,52405.043,1038.3341,-1052.7715
385.06,52462.73,1040.7377,-1052.4518
385.08,52400.234,1038.6545,-1052.2919
385.1,52429.08,1038.174,-1051.3326
385.12,52462.73,1038.975,-1051.8121
385.13998,52438.695,1038.4944,-1051.1727
385.16,52433.89,1037.6931,-1050.693
385.18,52409.85,1037.2125,-1050.3733
385.19998,52385.816,1035.9307,-1050.2135
385.22,52289.67,1033.0464,-1049.4141
385.24,52433.89,1038.0137,-1049.2542
385.25998,52328.13,1034.168,-1049.2542
385.28,52414.66,1035.9307,-1048.7745
385.3,52376.2,1032.726,-1049.0944
385.31998,52400.234,1033.6874,-1047.9751
385.34,52371.395,1033.367,-1048.135
385.36,52385.816,1034.0078,-1047.8152
385.38,52328.13,1033.0464,-1046.5363
385.4,52361.78,1032.726,-1047.3356
385.41998,52347.355,1032.5657,-1047.3356
385.44,52356.97,1032.4055,-1046.696
385.46,52385.816,1031.2838,-1046.696
385.47998,52366.586,1030.3224,-1046.696
385.5,52371.395,1032.5657,-1045.5769
385.52,52371.395,1032.2452,-1045.4171
385.53998,52376.2,1031.7645,-1045.2572
385.56,52347.355,1031.4441,-1045.0973
385.58,52318.516,1030.1622,-1044.6177
385.6,52352.164,1031.2838,-1043.9781
385.62,52332.938,1030.002,-1043.4985
385.63998,52337.746,1029.5212,-1043.4985
385.66,52366.586,1023.913,-1044.298
385.68,52376.2,1030.9634,-1043.0188
385.69998,52328.13,1029.0405,-1042.6991
385.72,52280.055,1028.8804,-1042.0596
385.74,52328.13,1028.8804,-1041.1002
385.75998,52164.684,1026.7972,-1042.859
385.78,52289.67,1027.4381,-1041.42
385.8,52217.562,1025.3552,-1041.2601
385.81998,52251.21,1025.3552,-1041.42
385.84,52294.477,1026.9575,-1040.9404
385.86,52270.44,1026.1562,-1039.9811
385.88,52265.637,1025.8358,-1039.8213
385.9,52270.44,1025.0347,-1039.8213
385.91998,52251.21,1023.913,-1039.0219
385.94,52270.44,1024.8744,-1038.8619
385.96,52280.055,1024.0732,-1039.0219
385.97998,52212.758,1022.7914,-1039.0219
386.0,52270.44,1023.4324,-1038.8619
386.02,52212.758,1024.3938,-1038.0626
386.03998,52313.707,1026.1562,-1037.9027
386.06,52212.758,1022.47095,-1038.0626
386.08,52270.44,1023.4324,-1036.7836
386.1,52313.707,1026.1562,-1037.2632
386.12,52289.67,1024.3938,-1036.144
386.13998,52212.758,1020.5481,-1036.6237
386.16,52251.21,1021.8301,-1035.8243
386.18,52212.758,1021.3493,-1035.8243
386.19998,52227.176,1021.8301,-1035.9841
386.22,52198.332,1021.1891,-1034.865
386.24,52217.562,1021.1891,-1035.0249
386.25998,52155.066,1019.42645,-1034.0656
386.28,52121.418,1018.62537,-1034.0656
386.3,52203.14,1021.0289,-1034.2255
386.31998,52227.176,1020.3879,-1033.9058
386.34,52246.406,1021.9903,-1033.9058
386.36,52169.492,1018.3048,-1033.586
386.38,52159.88,1018.3048,-1032.9464
386.4,52231.984,1020.06744,-1033.1063
386.41998,52188.72,1018.3048,-1032.6267
386.44,52188.72,1017.9844,-1032.9464
386.46,52198.332,1018.62537,-1032.1471
386.47998,52193.527,1017.9844,-1031.3477
386.5,52169.492,1017.82416,-1031.5074
386.52,52179.105,1017.02295,-1030.868
386.53998,52159.88,1016.5423,-1031.028
386.56,52121.418,1018.1446,-1030.868
386.58,52169.492,1017.3435,-1030.0686
386.6,52121.418,1015.9013,-1030.2285
386.62,52140.65,1016.3821,-1029.9088
386.63998,52155.066,1016.3821,-1029.7489
386.66,52131.03,1015.1002,-1028.7897
386.68,52174.297,1014.94,-1029.2692
386.69998,52097.383,1013.4978,-1028.6296
386.72,52116.613,1014.61945,-1028.3099
386.74,52145.453,1014.77966,-1028.15
386.75998,52116.613,1013.17737,-1028.15
386.78,52097.383,1012.6967,-1027.8303
386.8,52140.65,1014.299,-1027.3507
386.81998,52092.574,1013.17737,-1027.5105
386.84,52159.88,1014.4592,-1027.031
386.86,52106.996,1013.4978,-1026.3914
386.88,52054.117,1011.09436,-1026.3914
386.9,52106.996,1012.6967,-1026.2316
386.91998,52078.152,1011.8955,-1025.9119
386.94,52102.188,1012.37616,-1025.4321
386.96,52015.66,1008.2102,-1024.7926
386.97998,52073.348,1011.4148,-1025.5919
387.0,52001.24,1008.3704,-1024.4728
387.02,52039.695,1010.29315,-1024.7926
387.03998,52063.734,1010.29315,-1024.6327
387.06,51962.78,1007.08856,-1023.51355
387.08,52039.695,1009.49207,-1023.9932
387.1,52010.855,1008.2102,-1023.83325
387.12,51977.203,1007.2488,-1022.874
387.13998,52058.926,1010.4535,-1022.874
387.16,52001.24,1009.0113,-1023.19385
387.18,52044.504,1008.69086,-1022.7141
387.19998,51991.625,1010.29315,-1022.23456
387.22,51986.816,1007.2488,-1021.91473
387.24,52015.66,1007.72943,-1021.27527
387.25998,51996.43,1007.5692,-1021.7549
387.28,51972.395,1005.8067,-1022.55426
387.3,51967.59,1005.8067,-1021.1154
387.31998,51982.008,1006.768,-1020.316
387.34,52020.47,1007.2488,-1020.63574
387.36,51957.973,1006.6078,-1019.67645
387.38,51962.78,1005.48615,-1019.99615
387.4,51924.324,1004.2043,-1019.67645
387.41998,51924.324,1004.8453,-1019.03687
387.44,51919.516,1005.0055,-1018.877
387.46,51929.13,1005.3259,-1018.877
387.47998,51818.566,1001.961,-1018.2376
387.5,51962.78,1005.64636,-1018.71716
387.52,51885.867,1003.5634,-1018.2376
387.53998,51929.13,1004.8453,-1017.598
387.56,51929.13,1004.2043,-1017.2783
387.58,51895.48,1002.7622,-1016.79865
387.6,51900.285,1002.7622,-1016.79865
387.62,51866.637,1002.602,-1016.79865
387.63998,51832.984,1000.5189,-1016.4789
387.66,51847.406,1000.9996,-1016.63873
387.68,51914.71,1004.3645,-1015.6795
387.69998,51832.984,1000.5189,-1015.9992
387.72,51866.637,1001.961,-1015.6795
387.74,51842.6,1001.64056,-1015.19977
387.75998,51924.324,1003.72363,-1015.0399
387.78,51746.457,998.59607,-1014.56036
387.8,51813.758,999.5575,-1014.7202
387.81998,51799.336,1001.1598,-1014.0806
387.84,51804.14,999.7177,-1014.0806
387.86,51784.914,999.878,-1013.7609
387.88,51808.95,1000.03815,-1013.7609
387.9,51794.527,999.5575,-1013.4412
387.91998,51751.26,997.7949,-1013.12134
387.94,51751.26,997.95514,-1012.9615
387.96,51751.26,997.3142,-1012.80164
387.97998,51746.457,998.59607,-1012.3221
388.0,51727.227,997.154,-1012.1621
388.02,51717.613,996.35284,-1011.84235
388.03998,51664.734,995.3914,-1011.84235
388.06,51746.457,997.95514,-1011.52264
388.08,51674.348,995.71185,-1011.3628
388.1,51683.96,996.35284,-1010.8831
388.12,51650.312,994.7505,-1010.56335
388.13998,51659.926,995.87213,-1010.2435
388.16,51693.58,996.9938,-1009.764
388.18,51693.58,996.51306,-1009.6041
388.19998,51640.7,995.0709,-1009.764
388.22,51597.434,991.706,-1009.4442
388.24,51631.082,995.0709,-1008.64484
388.25998,51645.504,995.0709,-1008.8047
388.28,51659.926,995.71185,-1008.485
388.3,51664.734,995.3914,-1008.8047
388.31998,51597.434,994.10956,-1008.1651
388.34,51587.82,993.14813,-1008.485
388.36,51583.01,993.30835,-1008.00525
388.38,51530.133,992.6674,-1007.3657
388.4,51583.01,992.347,-1007.2059
388.41998,51525.324,991.5458,-1006.72626
388.44,51515.71,991.06506,-1006.72626
388.46,51525.324,992.0265,-1006.5664
388.47998,51539.746,991.706,-1006.40643
388.5,51486.867,990.1037,-1006.08673
388.52,51510.902,991.22534,-1005.9268
388.53998,51472.445,990.2639,-1005.44714
388.56,51458.023,990.90485,-1005.2873
388.58,51486.867,991.38556,-1005.6071
388.6,51458.023,990.1037,-1005.2873
388.62,51491.676,992.5072,-1004.48785
388.63998,51400.336,989.9434,-1004.48785
388.66,51515.71,991.706,-1003.6886
388.68,51333.035,986.41833,-1004.0083
388.69998,51381.11,988.0206,-1003.84845
388.72,51424.375,988.8218,-1003.84845
388.74,51400.336,990.1037,-1003.20886
388.75998,51357.07,988.50134,-1003.049
388.78,51352.266,989.1423,-1002.7293
388.8,51309.0,988.66156,-1002.2496
388.81998,51313.81,988.8218,-1001.77
388.84,51280.156,986.89905,-1002.4095
388.86,51246.508,986.41833,-1001.9299
388.88,51203.242,986.57855,-1001.4502
388.9,51227.277,986.41833,-1000.9706
388.91998,51184.01,985.9376,-1001.29034
388.94,51236.89,986.89905,-1000.65076
388.96,51208.047,986.2581,-1000.8107
388.97998,51203.242,987.70013,-1000.1712
389.0,51121.52,983.8546,-999.8514
389.02,51116.715,985.2967,-999.6915
389.03998,51107.098,982.733,-999.6915
389.06,51097.484,984.3353,-999.5316
389.08,51059.023,984.49554,-999.2119
389.1,51068.64,984.49554,-999.37177
389.12,51049.41,983.5341,-998.89215
389.13998,51039.793,983.5341,-998.0927
389.16,50972.496,983.2137,-997.93286
389.18,50982.11,983.69434,-997.6131
389.19998,50967.69,983.8546,-997.6131
389.22,51087.867,987.05927,-998.0927
389.24,50914.81,981.45105,-996.9736
389.25998,50929.23,983.69434,-997.1334
389.28,50890.77,982.09204,-996.9736
389.3,50765.785,977.60547,-996.9736
389.31998,50847.508,981.29083,-997.1334
389.34,50866.734,982.09204,-996.49396
389.36,50852.316,982.733,-995.85443
389.38,50876.35,984.3353,-996.3341
389.4,50770.594,980.1692,-995.53467
389.41998,50809.05,982.733,-995.055
389.44,50727.33,979.04755,-995.2149
389.46,50780.207,980.8101,-995.3748
389.47998,50717.71,979.52826,-994.4155
389.5,50775.402,980.8101,-994.5754
389.52,50722.523,979.2078,-994.4155
389.53998,50688.867,980.3294,-994.09576
389.56,50640.797,978.56683,-994.4155
389.58,50587.918,977.4452,-994.5754
389.6,50602.34,977.60547,-993.77594
389.62,50635.99,979.04755,-993.2963
389.63998,50482.16,974.561,-992.1772
389.66,50587.918,977.7657,-992.6568
389.68,50583.11,978.56683,-992.49695
389.69998,50568.688,976.4838,-992.1772
389.72,50578.305,976.32355,-992.33704
389.74,50501.39,976.0031,-991.37775
389.75998,50563.883,979.52826,-991.6976
389.78,50482.16,977.60547,-990.4185
389.8,50486.965,976.4838,-991.2179
389.81998,50511.004,976.80426,-991.2179
389.84,50491.773,975.5224,-989.61914
389.86,50789.82,981.1306,-989.93884
389.88,50486.965,978.4066,-990.4185
389.9,50386.016,975.0417,-989.93884
389.91998,50400.438,976.1633,-989.93884
389.94,50366.785,974.0803,-989.1395
389.96,50448.51,977.285,-989.61914
389.97998,50405.246,976.64404,-989.4592
390.0,50342.75,974.8815,-989.1395
390.02,50323.52,973.92004,-988.8197
390.03998,50289.87,971.67676,-987.54065
390.06,50294.676,973.2791,-988.3401
390.08,50313.906,975.0417,-987.8604
390.1,50299.49,973.2791,-987.54065
390.12,50232.184,972.9587,-987.22095
390.13998,50217.76,969.75397,-987.54065
390.16,50241.797,973.7598,-986.9012
390.18,50232.184,972.7984,-986.74133
390.19998,50203.344,971.83704,-986.9012
390.22,50155.27,968.6323,-985.4622
390.24,50188.918,971.67676,-986.4215
390.25998,50131.234,970.07446,-985.9419
390.28,50184.113,972.7984,-985.78204
390.3,50227.38,973.5996,-986.10175
390.31998,50059.125,968.1516,-984.66284
390.34,50059.125,968.9528,-985.30237
390.36,50044.703,968.6323,-984.82275
390.38,50102.39,971.51654,-984.82275
390.4,50092.773,969.27325,-985.4622
390.41998,50020.668,967.6709,-984.503
390.44,50011.055,969.27325,-984.18317
390.46,50054.32,968.6323,-983.86346
390.47998,50063.934,970.5551,-984.18317
390.5,50102.39,970.7154,-983.70355
390.52,50039.895,970.5551,-982.74426
390.53998,50020.668,969.11304,-982.9042
390.56,50011.055,969.11304,-983.70355
390.58,50039.895,968.9528,-983.064
390.6,49943.75,964.62646,-982.9042
390.62,49972.594,968.79254,-982.5844
390.63998,49871.645,966.86975,-982.1048
390.66,49905.297,968.3118,-981.94495
390.68,49886.066,969.27325,-981.1455
390.69998,49833.188,967.8312,-981.1455
390.72,49799.535,965.4276,-981.30536
390.74,49813.957,967.8312,-980.506
390.75998,49703.39,964.14575,-980.82574
390.78,49804.34,966.0686,-980.1862
390.8,49799.535,966.0686,-980.1862
390.81998,49679.35,962.54346,-979.7066
390.84,49698.582,964.14575,-980.02637
390.86,49761.08,965.1072,-980.02637
390.88,49775.496,966.2288,-979.54675
390.9,49713.008,964.94696,-979.0671
390.91998,49645.703,963.3446,-979.3868
390.94,49679.35,965.5879,-979.54675
390.96,49703.39,963.3446,-979.0671
390.97998,49621.668,961.4218,-979.0671
391.0,49612.055,962.70374,-978.2677
391.02,49655.316,963.5048,-978.2677
391.03998,49602.438,962.223,-978.42755
391.06,49640.9,962.223,-977.46826
391.08,49645.703,963.8253,-977.46826
391.1,49597.633,962.38324,-977.14856
391.12,49578.402,961.9025,-977.14856
391.13998,49559.17,960.3002,-976.9886
391.16,49568.79,962.0628,-976.6689
391.18,49539.945,961.9025,-976.3491
391.19998,49501.49,960.7809,-976.02936
391.22,49438.996,957.73645,-976.3491
391.24,49549.56,961.9025,-976.3491
391.25998,49506.293,961.2616,-975.38983
391.28,49467.836,960.13995,-975.5497
391.3,49352.465,956.775,-974.9102
391.31998,49467.836,960.62067,-974.75037
391.34,49405.344,959.3388,-974.5904
391.36,49419.766,959.499,-974.5904
391.38,49429.38,959.97974,-974.5904
391.4,49333.234,955.9739,-974.43054
391.41998,49371.69,957.73645,-974.2707
391.44,49390.92,959.1785,-973.63116
391.46,49362.08,957.25574,-973.7911
391.47998,49400.535,959.8195,-973.4713
391.5,49347.656,957.57623,-973.1515
391.52,49352.465,958.5376,-972.6719
391.53998,49280.355,956.9353,-972.8318
391.56,49304.39,957.25574,-972.512
391.58,49289.973,956.775,-972.3522
391.6,49232.28,954.2113,-971.55273
391.62,49265.934,956.9353,-972.3522
391.63998,49318.812,958.8581,-971.3929
391.66,49261.125,956.4546,-971.8725
391.68,49294.777,957.41595,-971.55273
391.69998,49169.79,953.7306,-971.233
391.72,49092.87,953.4101,-970.7533
391.74,49174.598,955.81366,-970.59344
391.75998,49203.44,956.6148,-971.0731
391.78,49112.1,953.2499,-970.4336
391.8,49088.066,953.08966,-970.11383
391.81998,49136.137,954.85223,-969.794
391.84,49174.598,955.49316,-970.11383
391.86,49136.137,954.0511,-969.794
391.88,49140.945,956.1341,-969.15454
391.9,49121.72,954.3715,-968.9947
391.91998,49116.91,954.692,-968.9947
391.94,49112.1,954.53174,-968.515
391.96,49030.38,950.36566,-968.8348
391.97998,49054.418,951.3271,-968.6749
392.0,49073.645,953.4101,-968.3551
392.02,49112.1,953.8908,-967.71564
392.03998,49116.91,955.17267,-968.0354
392.06,49059.223,952.12823,-967.71564
392.08,49006.344,952.28845,-967.5558
392.1,49011.152,952.12823,-967.5558
392.12,48943.848,951.4873,-967.0761
392.13998,49054.418,952.76917,-966.5965
392.16,49049.61,953.8908,-966.9162
392.18,48943.848,949.72473,-966.75635
392.19998,48943.848,952.76917,-966.27673
392.22,48847.703,950.0452,-967.0761
392.24,48972.695,955.81366,-966.27673
392.25998,48924.62,951.3271,-965.79706
392.28,48895.777,950.20544,-965.9569
392.3,48871.74,948.2826,-965.9569
392.31998,48924.62,950.68616,-965.79706
392.34,48977.5,954.692,-964.9976
392.36,48890.97,950.5259,-964.518
392.38,48910.2,951.1668,-964.35815
392.4,48828.477,949.0838,-964.518
392.41998,48967.887,954.53174,-963.7186
392.44,48876.55,949.40424,-964.83777
392.46,48770.79,947.16095,-964.518
392.47998,48924.62,950.68616,-964.1983
392.5,48866.934,949.0838,-964.1983
392.52,48790.02,947.96216,-963.5587
392.53998,48799.637,948.4429,-962.91925
392.56,48751.562,947.00073,-962.5994
392.58,48751.562,946.1996,-963.0791
392.6,48929.43,950.0452,-962.4396
392.62,48746.754,946.6803,-962.5994
392.63998,48761.176,947.48145,-962.4396
392.66,48741.945,946.6803,-961.6402
392.68,48838.09,949.88495,-961.1605
392.69998,48785.21,947.64166,-962.5994
392.72,48564.08,943.7961,-961.32043
392.74,48693.875,946.1996,-961.32043
392.75998,48650.61,943.4756,-960.8408
392.78,48650.61,943.4756,-960.8408
392.8,48818.86,948.9236,-960.8408
392.81998,48708.297,946.1996,-960.0414
392.84,48665.03,945.55865,-960.2013
392.86,48717.91,945.8791,-959.4019
392.88,48612.152,944.1165,-959.4019
392.9,48684.26,946.8405,-959.7216
392.91998,48602.535,944.437,-959.7216
392.94,48573.69,943.1551,-959.4019
392.96,48650.61,946.0393,-959.56177
392.97998,48573.69,942.83466,-958.7623
393.0,48588.117,943.7961,-958.12286
393.02,48568.887,942.83466,-958.12286
393.03998,48583.31,944.437,-957.6432
393.06,48592.92,943.9563,-957.963
393.08,48520.812,942.83466,-957.8031
393.1,48381.402,940.91187,-958.6025
393.12,48544.85,942.51416,-957.8031
393.13998,48496.777,942.9949,-957.3234
393.16,48458.324,939.7902,-957.3234
393.18,48477.547,942.03345,-956.8438
393.19998,48443.9,941.0721,-956.524
393.22,48328.523,940.43115,-956.68396
393.24,48347.754,937.2265,-957.0037
393.25998,48487.164,941.5528,-956.36414
393.28,48415.055,939.4697,-956.524
393.3,48506.395,941.713,-955.8845
393.31998,48328.523,936.10486,-955.7247
393.34,48410.25,941.0721,-955.7247
393.36,48410.25,940.2709,-955.7247
393.38,48443.9,940.7516,-954.92523
393.4,48366.984,939.14923,-954.28577
393.41998,48357.367,938.6686,-954.92523
393.44,48376.598,939.95044,-954.28577
393.46,48290.07,936.7458,-954.60547
393.47998,48328.523,938.6686,-953.8061
393.5,48386.215,938.989,-954.1258
393.52,48241.996,939.62994,-954.4456
393.53998,48285.258,936.5856,-953.6462
393.56,48338.14,938.1879,-953.8061
393.58,48371.79,937.3867,-953.4863
393.6,48160.273,933.8616,-953.0067
393.62,48270.84,936.5856,-952.8468
393.63998,48227.574,935.14343,-952.6869
393.66,48251.61,936.42535,-952.6869
393.68,48217.96,936.10486,-952.0474
393.69998,48208.344,937.7072,-952.3672
393.72,48131.43,935.14343,-952.2073
393.74,48160.273,934.823,-951.7276
393.75998,48208.344,935.94464,-951.4079
393.78,48198.73,935.62415,-951.4079
393.8,48165.082,936.2651,-950.7684
393.81998,48179.5,935.4639,-951.4079
393.84,48217.96,936.2651,-951.7276
393.86,48246.805,937.86743,-950.12885
393.88,48141.047,934.0218,-950.6085
393.9,48160.273,935.94464,-950.9283
393.91998,48136.234,934.823,-950.4486
393.94,48126.62,935.62415,-950.12885
393.96,47987.21,932.099,-950.4486
393.97998,48040.09,933.38086,-950.2887
394.0,48059.32,933.70135,-949.16956
394.02,48083.355,933.8616,-949.16956
394.03998,48016.055,932.4195,-948.8498
394.06,48044.902,932.099,-948.8498
394.08,48011.25,931.77856,-949.16956
394.1,48044.902,934.5025,-948.8498
394.12,48040.09,934.0218,-948.8498
394.13998,48049.707,934.18207,-948.5301
394.16,48016.055,932.099,-948.5301
394.18,47996.83,931.77856,-947.8905
394.19998,47992.02,932.7399,-948.2103
394.22,47934.332,932.2592,-948.0504
394.24,47857.418,927.9329,-947.4109
394.25998,47929.527,930.6569,-947.5708
394.28,47963.176,932.4195,-947.25104
394.3,47895.88,930.1762,-947.4109
394.31998,47929.527,930.1762,-946.29175
394.34,47770.887,929.8557,-947.5708
394.36,47876.65,930.81714,-946.9312
394.38,47881.453,931.6183,-945.81213
394.4,47852.613,930.3364,-946.4516
394.41998,47823.77,929.5353,-945.972
394.44,47828.574,929.8557,-945.972
394.46,47718.008,927.7727,-945.1726
394.47998,47785.31,929.5353,-945.6522
394.5,47770.887,928.57385,-944.85284
394.52,47794.92,930.81714,-945.81213
394.53998,47775.695,930.0159,-945.33246
394.56,47746.85,929.6955,-944.85284
394.58,47698.777,930.0159,-944.693
394.6,47669.934,928.41364,-944.85284
394.62,47804.54,932.2592,-944.2133
394.63998,47708.395,928.57385,-944.0534
394.66,47684.36,927.9329,-944.0534
394.68,47645.9,925.84985,-943.0941
394.69998,47655.516,926.9715,-943.7337
394.72,47703.59,930.0159,-943.89355
394.74,47602.633,926.4908,-943.0941
394.75998,47669.934,928.57385,-942.93427
394.78,47631.48,927.4522,-942.93427
394.8,47554.566,925.36914,-943.0941
394.81998,47549.754,924.7282,-942.2948
394.84,47573.79,926.33057,-942.2948
394.86,47501.684,925.0487,-941.975
394.88,47549.754,926.33057,-941.8151
394.9,47540.14,926.0101,-941.3355
394.91998,47516.105,924.568,-941.8151
394.94,47544.95,925.36914,-941.49536
394.96,47391.117,922.96564,-940.6959
394.97998,47448.805,924.8884,-941.8151
395.0,47458.418,923.7668,-940.6959
395.02,47419.96,924.0873,-941.01575
395.03998,47453.61,924.0873,-941.01575
395.06,47391.117,925.2089,-940.2163
395.08,47439.19,925.84985,-939.7367
395.1,47419.96,924.0873,-939.8966
395.12,47386.312,924.2475,-939.7367
395.13998,47328.62,922.6452,-939.4169
395.16,47328.62,923.12585,-939.257
395.18,47367.082,923.60657,-939.7367
395.19998,47285.355,923.12585,-938.61755
395.22,47357.465,925.84985,-939.09717
395.24,47131.527,920.0814,-938.61755
395.25998,47222.863,922.3247,-938.2977
395.28,47198.83,921.844,-937.8181
395.3,47208.44,922.8054,-938.1379
395.31998,47198.83,921.844,-938.2977
395.34,47198.83,923.60657,-937.97797
395.36,47155.562,921.04285,-937.49835
395.38,47097.88,920.72235,-937.3385
395.4,47064.223,921.04285,-937.0187
395.41998,47078.65,921.6838,-937.3385
395.44,47040.188,922.4849,-936.8588
395.46,46910.395,920.88257,-936.8588
395.47998,46823.863,919.6007,-936.8588
395.5,46742.14,918.79956,-935.10016
395.52,46722.91,922.3247,-935.7397
395.53998,46703.684,920.24164,-936.0594
395.56,46636.383,919.6007,-936.21936
395.58,46583.504,919.7609,-936.53906
395.6,46535.434,918.1586,-935.10016
395.62,46593.117,921.04285,-935.4199
395.63998,46540.24,919.4405,-935.2601
395.66,46477.742,917.1972,-934.9403
395.68,46511.395,919.7609,-934.3008
395.69998,46420.06,916.8767,-934.14087
395.72,46540.24,921.6838,-934.46063
395.74,46439.29,918.1586,-934.14087
395.75998,46285.453,915.11414,-933.6612
395.78,46607.54,919.7609,-932.5421
395.8,46328.72,917.6779,-933.82117
395.81998,46309.49,917.83813,-933.3415
395.84,46232.574,916.07556,-933.1816
395.86,46126.816,914.7937,-932.5421
395.88,46126.816,915.59485,-933.0217
395.9,46069.13,914.7937,-932.06244
395.91998,46045.094,916.07556,-932.06244
395.94,45972.984,915.59485,-931.9026
395.96,45929.723,916.5563,-930.9433
395.97998,45939.336,917.037,-931.5828
396.0,45847.996,913.6721,-931.9026
396.02,45934.527,917.5177,-931.7427
396.03998,45785.504,913.6721,-930.62354
396.06,45867.227,917.1972,-931.263
396.08,45775.887,914.6334,-930.62354
396.1,45737.434,913.1914,-929.984
396.12,45747.047,914.4732,-930.4637
396.13998,45723.008,914.1528,-929.8241
396.16,45761.47,913.99255,-929.66425
396.18,45655.707,912.5505,-929.8241
396.19998,45626.863,914.9539,-929.18463
396.22,45622.06,914.1528,-929.984
396.24,45593.215,914.7937,-928.8648
396.25998,45525.914,914.9539,-929.3445
396.28,45420.152,912.7107,-928.70496
396.3,45319.2,911.2686,-928.0655
396.31998,45256.707,910.7879,-927.7457
396.34,45199.02,911.58905,-927.4259
396.36,45150.95,909.66626,-927.5858
396.38,45146.14,912.23,-927.5858
396.4,45102.875,910.147,-927.7457
396.41998,45006.73,906.78204,-926.9463
396.44,45054.805,910.6276,-926.78644
396.46,45054.805,911.58905,-926.78644
396.47998,45045.19,911.10834,-926.9463
396.5,44973.082,909.8265,-926.14685
396.52,44944.24,908.70483,-925.987
396.53998,44934.62,909.66626,-925.5074
396.56,44953.85,910.4674,-925.5074
396.58,44963.465,911.10834,-925.34753
396.6,44900.973,908.5446,-925.5074
396.62,44795.21,905.8206,-924.86786
396.63998,44814.44,908.0639,-925.0277
396.66,44800.023,909.506,-925.0277
396.68,44761.562,908.70483,-924.22833
396.69998,44703.88,908.5446,-924.5481
396.72,44703.88,909.18555,-924.0685
396.74,44626.957,908.5446,-923.90857
396.75998,44574.08,907.9037,-923.74866
396.78,44593.31,909.506,-923.26904
396.8,44588.504,910.9481,-923.1092
396.81998,44526.008,907.5832,-923.26904
396.84,44487.55,906.30133,-922.94934
396.86,44492.36,906.62177,-923.5888
396.88,44425.055,905.8206,-923.26904
396.9,44506.777,907.423,-922.46967
396.91998,44482.742,906.46155,-922.1499
396.94,44497.164,908.0639,-922.30975
396.96,44405.83,905.3399,-921.6703
396.97998,44463.516,907.7434,-921.1906
397.0,44434.668,905.5001,-921.5104
397.02,44372.176,905.6604,-921.03076
397.03998,44348.14,904.699,-921.1906
397.06,44319.297,902.4557,-921.03076
397.08,44227.96,904.8592,-920.55115
397.1,44280.84,904.699,-920.87085
397.12,44285.645,906.62177,-920.2313
397.13998,44319.297,904.21826,-920.711
397.16,43285.742,837.2405,-946.1319
397.18,47020.96,899.41125,-926.6266
397.19998,46165.273,902.9364,-921.83014
397.22,45280.746,905.8206,-920.87085
397.24,44718.297,903.8978,-919.7517
397.25998,44208.73,904.37854,-917.8331
397.28,43742.43,904.05804,-916.8739
397.3,43314.586,902.6159,-917.51337
397.31998,43035.766,896.68726,-917.51337
397.34,42747.332,897.9691,-915.9146
397.36,42521.387,901.65454,-915.7547
397.38,42184.883,901.81476,-916.07446
397.4,41997.4,902.13525,-915.275
397.41998,41877.22,902.2955,-914.9553
397.44,41689.74,899.89197,-915.9146
397.46,41646.473,897.3282,-916.07446
397.47998,41329.19,899.89197,-914.31573
397.5,41040.758,899.5715,-914.1559
397.52,40901.348,898.2896,-914.9553
397.53998,40569.65,899.09076,-913.03674
397.56,40170.65,897.9691,-912.717
397.58,39915.867,897.9691,-912.23737
397.6,39752.418,898.1294,-911.7577
397.62,39656.273,899.25104,-911.2781
397.63998,39425.527,897.16797,-910.7984
397.66,39319.766,894.9247,-910.9583
397.68,39252.46,896.20654,-910.47864
397.69998,39199.582,895.5656,-910.15894
397.72,39132.28,896.52704,-910.15894
397.74,39064.98,895.4054,-909.03973
397.75998,38896.727,891.72,-909.03973
397.78,38978.453,894.9247,-908.72003
397.8,38983.258,895.7258,-908.4002
397.81998,38891.918,892.3609,-907.6008
397.84,38887.113,893.96326,-907.441
397.86,38824.617,892.6814,-907.12115
397.88,38752.508,893.0019,-907.12115
397.9,38738.09,893.6428,-906.1619
397.91998,38641.94,893.80304,-906.32184
397.94,38569.832,891.55975,-906.0021
397.96,38531.38,890.7586,-905.5224
397.97998,38536.184,891.88025,-905.3625
398.0,38435.234,889.47675,-904.4032
398.02,38372.74,889.1563,-904.0835
398.03998,38377.543,888.9961,-904.0835
398.06,38391.97,889.79724,-903.76373
398.08,38319.86,888.6756,-903.4439
398.1,38291.01,888.9961,-903.6039
398.12,38295.82,888.5154,-902.9643
398.13998,38295.82,885.9516,-903.28406
398.16,38319.86,888.03467,-902.9643
398.18,38358.312,887.7142,-901.5254
398.19998,38242.94,886.7528,-901.5254
398.22,38329.473,885.9516,-901.6853
398.24,38348.7,885.63116,-901.0457
398.25998,38199.676,882.74695,-901.2057
398.28,38247.75,884.99023,-900.40625
398.3,38266.977,886.4323,-900.0865
398.31998,38286.207,885.31067,-900.40625
398.34,38228.52,884.99023,-899.6068
398.36,38209.29,884.82996,-899.44696
398.38,38137.184,882.26624,-899.1272
398.4,38113.145,882.26624,-898.96735
398.41998,38151.605,883.3879,-898.96735
398.44,38161.22,882.42645,-898.00806
398.46,38127.57,882.90717,-898.1679
398.47998,38132.375,884.0288,-897.6883
398.5,38065.074,882.10596,-897.6883
398.52,38050.65,881.7855,-897.2086
398.53998,38050.65,881.1446,-896.56915
398.56,38007.383,879.86273,-896.88885
398.58,38031.42,880.9844,-896.56915
398.6,37930.47,877.61945,-896.2493
398.62,38007.383,880.9844,-895.60986
398.63998,37901.625,877.61945,-895.2901
398.66,37968.93,878.7411,-895.60986
398.68,37944.895,879.382,-894.9703
398.69998,37911.24,877.61945,-894.6506
398.72,37930.47,878.9013,-894.49066
398.74,37911.24,879.22174,-894.6506
398.75998,37887.203,876.97845,-894.01105
398.78,37877.59,877.45917,-893.85114
398.8,37858.36,876.81824,-893.3715
398.81998,37867.973,877.13873,-893.05176
398.84,37819.902,875.5364,-893.05176
398.86,37800.676,875.37616,-893.05176
398.88,37815.094,875.37616,-892.2524
398.9,37795.867,875.2159,-892.8919
398.91998,37771.83,874.7352,-891.9326
398.94,37815.094,876.4978,-891.45294
398.96,37781.445,875.2159,-892.2524
398.97998,37767.023,875.2159,-891.61285
399.0,37752.6,875.6966,-891.77277
399.02,37747.793,874.09424,-891.1332
399.03998,37762.215,875.2159,-890.4937
399.06,37767.023,874.89545,-890.01404
399.08,37800.676,875.05566,-890.1739
399.1,37709.336,873.4533,-889.6943
399.12,37709.336,872.49194,-889.6943
399.13998,37805.48,875.05566,-889.8541
399.16,37608.383,869.44745,-889.5344
399.18,37728.562,873.4533,-888.4152
399.19998,37699.723,872.8124,-888.4152
399.22,37603.58,870.8896,-888.4152
399.24,37747.793,874.2545,-888.0955
399.25998,37656.453,870.8896,-888.57513
399.28,37742.99,873.7738,-887.61584
399.3,37651.65,870.24866,-887.61584
399.31998,37613.19,869.28723,-887.9356
399.34,37642.035,870.7294,-887.2961
399.36,37618.0,870.24866,-887.1362
399.38,37593.965,869.92816,-886.49664
399.4,37579.54,868.96674,-886.81647
399.41998,37579.54,869.76794,-886.3368
399.44,37627.613,869.76794,-886.17694
399.46,37646.844,871.0498,-885.6973
399.47998,37574.734,869.28723,-885.5374
399.5,37569.926,869.28723,-885.3775
399.52,37565.12,868.96674,-885.21765
399.53998,37574.734,869.127,-885.6973
399.56,37545.89,868.3258,-884.73804
399.58,37512.24,867.6849,-885.21765
399.6,37459.36,865.28143,-885.05774
399.62,37416.094,863.51886,-884.4183
399.63998,37449.746,864.1598,-883.61884
399.66,37493.008,866.403,-883.9386
399.68,37468.973,866.0825,-883.9386
399.69998,37468.973,866.2428,-883.61884
399.72,37473.78,867.36444,-883.77875
399.74,37401.67,864.32,-883.1392
399.75998,37459.36,866.8837,-883.1392
399.78,37363.215,862.3972,-883.61884
399.8,37406.48,864.1598,-882.3398
399.81998,37425.71,865.28143,-882.0201
399.84,37488.203,867.04395,-882.3398
399.86,37406.48,864.32,-881.70026
399.88,37430.516,864.6405,-881.5404
399.9,37372.83,862.55743,-881.5404
399.91998,37348.793,862.55743,-881.0608
399.94,37411.285,863.35864,-881.0608
399.96,37497.82,865.28143,-880.741
399.97998,37387.25,861.7563,-881.0608
400.0,37420.9,863.35864,-880.5811
400.02,37459.36,864.1598,-879.78174
400.03998,37353.598,860.9551,-879.9416
400.06,37368.02,861.4358,-880.26135
400.08,37319.95,859.6732,-879.4619
400.1,37353.598,860.63464,-879.9416
400.12,37396.863,862.71765,-879.30206
400.13998,37382.445,861.2756,-878.9823
400.16,37392.06,862.237,-879.1422
400.18,37310.336,859.83344,-879.1422
400.19998,37300.72,858.39136,-878.82245
400.22,37406.48,863.51886,-878.9823
400.24,37305.527,859.83344,-878.34283
400.25998,37329.562,859.83344,-878.5027
400.28,37329.562,860.79486,-878.023
400.3,37276.684,858.07086,-877.86316
400.31998,37281.49,859.3528,-878.023
400.34,37305.527,859.83344,-877.5434
400.36,37339.18,860.31415,-878.023
400.38,37310.336,859.9937,-877.38354
400.4,37319.95,860.15393,-877.2237
400.41998,37416.094,863.8393,-876.9039
400.44,37324.754,860.63464,-876.744
400.46,37300.72,858.8721,-876.9039
400.47998,37262.26,858.23114,-876.5841
400.5,37243.035,858.39136,-876.1045
400.52,37257.453,858.5516,-876.1045
400.53998,37228.61,857.59015,-876.1045
400.56,37271.875,859.6732,-876.1045
400.58,37238.227,857.59015,-875.94464
400.6,37223.805,858.23114,-875.94464
400.62,37238.227,858.5516,-876.1045
400.63998,37257.453,858.23114,-875.46497
400.66,37233.418,858.23114,-875.46497
400.68,37291.105,860.15393,-874.98535
400.69998,37233.418,858.07086,-874.82544
400.72,37281.49,858.5516,-875.46497
400.74,37214.19,857.2697,-874.6656
400.75998,37223.805,857.91064,-874.1859
400.78,37223.805,857.91064,-874.34576
400.8,37156.504,855.8276,-874.98535
400.81998,37166.113,855.66736,-874.5057
400.84,37204.574,857.42993,-874.34576
400.86,37166.113,855.50714,-874.1859
400.88,37180.54,854.8662,-874.02606
400.9,37223.805,857.1095,-873.54645
400.91998,37146.89,854.8662,-873.3865
400.94,37132.465,855.18665,-873.0668
400.96,37118.043,853.9048,-873.3865
400.97998,37137.273,854.5457,-873.0668
401.0,37180.54,855.3469,-873.2266
401.02,37166.113,854.70593,-872.58716
401.03998,37180.54,854.70593,-872.90686
401.06,37161.31,855.3469,-872.1075
401.08,37142.08,854.3855,-872.2674
401.1,37214.19,855.8276,-872.2674
401.12,37132.465,854.3855,-872.42725
401.13998,37151.695,853.4241,-871.7877
401.16,37146.89,853.4241,-871.9476
401.18,37233.418,856.6288,-871.7877
401.19998,37185.344,854.5457,-872.1075
401.22,37218.996,856.1481,-872.1075
401.24,37170.926,854.065,-871.9476
401.25998,37175.73,853.74457,-871.46796
401.28,37185.344,854.3855,-870.8284
401.3,37118.043,851.8217,-871.46796
401.31998,37180.54,853.4241,-870.6686
401.34,37098.816,850.7001,-870.8284
401.36,37156.504,852.78314,-870.6686
401.38,37118.043,850.05914,-870.3488
401.4,37132.465,852.1422,-870.02905
401.41998,37161.31,851.8217,-870.18896
401.44,37137.273,852.1422,-870.18896
401.46,37190.152,854.065,-869.3895
401.47998,37175.73,852.1422,-870.02905
401.5,37142.08,852.1422,-869.5494
401.52,37098.816,851.1808,-869.3895
401.53998,37137.273,851.02057,-869.3895
401.56,37122.85,850.53986,-869.2296
401.58,37089.2,848.2966,-869.3895
401.6,37108.43,850.7001,-869.06976
401.62,37118.043,848.7773,-868.9099
401.63998,37170.926,851.8217,-869.2296
401.66,37166.113,851.6615,-869.06976
401.68,37118.043,850.2194,-868.2703
401.69998,37166.113,850.7001,-868.43024
401.72,37118.043,849.4182,-868.75
401.74,37118.043,850.2194,-868.1105
401.75998,37204.574,851.8217,-867.7907
401.78,37146.89,850.86035,-867.63086
401.8,37074.78,849.0978,-867.7907
401.81998,37132.465,849.7387,-867.63086
401.84,37122.85,849.4182,-867.63086
401.86,37089.2,848.4568,-866.8314
401.88,37142.08,849.4182,-867.471
401.9,37094.008,848.7773,-866.99133
401.91998,37094.008,848.4568,-866.6716
401.94,37127.66,849.5784,-866.6716
401.96,37146.89,849.0978,-866.5117
401.97998,37137.273,849.7387,-866.99133
402.0,37084.395,847.81586,-866.1919
402.02,37065.164,847.97614,-866.3518
402.03998,37079.586,847.0147,-866.3518
402.06,37094.008,847.0147,-866.3518
402.08,37118.043,847.81586,-866.1919
402.1,37079.586,847.1749,-866.1919
402.12,37098.816,848.2966,-865.5524
402.13998,37146.89,849.0978,-865.5524
402.16,37103.625,848.13635,-865.0728
402.18,37113.234,848.2966,-865.0728
402.19998,37045.934,846.534,-865.0728
402.22,37069.97,846.534,-865.7123
402.24,36983.44,844.6112,-865.3925
402.25998,37079.586,846.8545,-865.0728
402.28,37079.586,846.3738,-865.0728
402.3,37021.9,846.3738,-864.2734
402.31998,37103.625,847.0147,-864.59314
402.34,37084.395,847.4954,-863.9536
402.36,37055.55,846.3738,-864.4332
402.38,37079.586,847.97614,-863.9536
402.4,37045.934,845.89307,-863.47394
402.41998,37026.703,845.5726,-863.7937
402.44,37031.516,846.6942,-863.3141
402.46,37204.574,849.258,-863.63385
402.47998,36988.25,844.4509,-863.7937
402.5,37045.934,845.89307,-863.47394
402.52,37017.09,844.93164,-863.63385
402.53998,36993.055,844.1305,-863.3141
402.56,36988.25,845.89307,-862.67456
402.58,37021.9,845.0919,-863.15424
402.6,36978.633,844.1305,-862.3548
402.62,36863.258,840.4451,-862.1949
402.63998,37002.668,844.2907,-862.51465
402.66,36954.598,844.1305,-862.03503
402.68,36930.56,842.3679,-861.8752
402.69998,36930.56,842.3679,-861.8752
402.72,36858.453,841.08606,-861.3955
402.74,36930.56,842.68835,-861.7153
402.75998,36935.37,843.9703,-862.03503
402.78,36911.332,842.52814,-860.756
402.8,36906.523,843.81,-860.27637
402.81998,36944.984,844.2907,-861.07574
402.84,36872.875,842.52814,-861.3955
402.86,36911.332,843.00885,-860.9159
402.88,36896.91,843.00885,-860.5961
402.9,36872.875,841.727,-860.27637
402.91998,36906.523,843.6498,-860.5961
402.94,36829.61,841.08606,-860.27637
402.96,36993.055,843.00885,-859.9566
402.97998,36839.223,842.3679,-859.7967
403.0,36834.414,842.0474,-860.11646
403.02,36853.645,842.0474,-859.9566
403.03998,36848.84,841.8872,-859.7967
403.06,36810.38,842.3679,-859.7967
403.08,36815.188,841.5667,-858.9973
403.1,36776.73,841.727,-859.477
403.12,36757.5,840.2849,-859.3171
403.13998,36752.695,840.2849,-858.9973
403.16,36738.27,840.1247,-858.67755
403.18,36723.85,840.1247,-859.1572
403.19998,36685.39,838.84283,-858.67755
403.22,36627.703,838.68256,-858.3578
403.24,36723.85,841.2463,-858.3578
403.25998,36685.39,840.2849,-858.0381
403.28,36656.55,837.7212,-858.8374
403.3,36695.004,841.5667,-857.71826
403.31998,36680.586,840.1247,-857.71826
403.34,36646.934,839.48376,-857.71826
403.36,36618.09,838.84283,-857.8782
403.38,36670.97,841.2463,-857.3985
403.4,36579.63,838.84283,-857.23865
403.41998,36598.86,839.00305,-856.75903
403.44,36613.28,839.8042,-856.5991
403.46,36637.32,838.20184,-857.71826
403.47998,36584.44,839.00305,-856.9189
403.5,36574.824,838.84283,-856.75903
403.52,36521.945,838.3621,-856.5991
403.53998,36454.645,836.4393,-856.11945
403.56,36560.406,839.48376,-856.9189
403.58,36411.38,835.4779,-856.11945
403.6,36497.91,837.4007,-856.4392
403.62,36469.066,837.4007,-855.79974
403.63998,36382.535,835.6381,-855.63983
403.66,36449.836,836.75977,-855.16016
403.68,36435.414,838.3621,-854.84045
403.69998,36469.066,838.52234,-855.63983
403.72,36310.426,835.1574,-855.16016
403.74,36387.34,836.75977,-855.16016
403.75998,36416.184,836.59955,-854.84045
403.78,36372.918,837.4007,-854.84045
403.8,36469.066,840.6054,-854.5207
403.81998,36329.656,836.11884,-854.5207
403.84,36334.46,836.75977,-854.2009
403.86,36363.305,838.0416,-854.36084
403.88,36286.39,836.27905,-854.2009
403.9,36291.195,836.59955,-854.2009
403.91998,36276.773,836.11884,-853.88116
403.94,36199.86,833.55505,-854.2009
403.96,36334.46,836.27905,-853.5614
403.97998,36214.28,835.4779,-853.40155
404.0,36228.7,834.9972,-853.72125
404.02,36146.98,833.39484,-852.9219
404.03998,36204.664,835.1574,-853.40155
404.06,36204.664,836.11884,-852.76196
404.08,36113.33,833.87555,-852.76196
404.1,36146.98,834.9972,-853.0818
404.12,36079.676,833.55505,-852.44226
404.13998,36156.594,836.11884,-852.6021
404.16,36108.52,835.3176,-852.1225
404.18,36070.062,833.55505,-852.6021
404.19998,36041.22,832.9141,-851.96265
404.22,35916.23,832.113,-852.44226
404.24,36041.22,834.35626,-851.80273
404.25998,36007.57,833.07434,-851.4829
404.28,36012.375,833.55505,-851.6428
404.3,36060.45,835.3176,-851.80273
404.31998,36017.184,835.1574,-851.1632
404.34,35959.496,833.2346,-851.6428
404.36,35993.145,834.35626,-851.1632
404.38,35921.04,832.2732,-850.5236
404.4,35911.426,834.03577,-850.6836
404.41998,35877.77,831.31177,-850.5236
404.44,35868.16,832.5937,-850.3638
404.46,35901.81,831.63226,-850.044
404.47998,35834.504,831.47205,-850.2039
404.5,35824.89,831.15155,-850.2039
404.52,35796.05,830.67084,-850.044
404.53998,35848.93,833.55505,-849.5644
404.56,35796.05,831.31177,-849.7243
404.58,35786.434,831.47205,-849.88416
404.6,35752.785,831.31177,-849.2446
404.62,35709.52,830.3504,-849.0847
404.63998,35714.324,831.15155,-848.6051
404.66,35690.29,830.3504,-849.40454
404.68,35695.094,830.3504,-849.0847
404.69998,35680.676,831.15155,-848.1255
404.72,35622.99,831.15155,-848.765
404.74,35622.99,830.67084,-848.44525
404.75998,35603.758,829.22876,-848.6051
404.78,35598.95,829.5492,-848.765
404.8,35671.06,832.5937,-848.44525
404.81998,35594.145,830.3504,-847.48596
404.84,35565.3,829.0685,-848.1255
404.86,35546.07,829.389,-847.48596
404.88,35522.035,829.389,-847.00635
404.9,35526.844,828.90826,-847.1662
404.91998,35526.844,830.1901,-847.00635
404.94,35517.23,830.1901,-847.00635
404.96,35565.3,830.99133,-847.8057
404.97998,35464.348,828.5878,-846.84644
405.0,35469.156,830.3504,-846.6865
405.02,35401.855,828.42755,-846.84644
405.03998,35382.625,827.6264,-845.88715
405.06,35401.855,827.6264,-846.04706
405.08,35353.78,827.4662,-846.04706
405.1,35387.43,829.8697,-845.88715
405.12,35339.36,827.94684,-845.88715
405.13998,35315.324,827.4662,-845.7273
405.16,35281.67,827.4662,-845.7273
405.18,35262.445,827.1457,-845.5674
405.19998,35300.9,828.1071,-845.5674
405.22,35252.83,828.1071,-845.5674
405.24,35209.562,826.18427,-844.768
405.25998,35166.3,825.7036,-844.60815
405.28,35209.562,826.82526,-844.768
405.3,35262.445,828.26733,-844.92786
405.31998,35190.336,826.02405,-844.60815
405.34,35166.3,826.18427,-844.2883
405.36,35142.26,825.7036,-844.1285
405.38,35108.61,824.7422,-843.96857
405.4,35070.152,825.3831,-843.64886
405.41998,35127.84,825.86383,-843.96857
405.44,35012.465,823.4603,-843.48895
405.46,35108.61,825.7036,-843.48895
405.47998,34974.008,823.62054,-843.3291
405.5,35050.926,825.7036,-843.0093
405.52,35012.465,824.582,-843.3291
405.53998,34974.008,822.81934,-842.6896
405.56,34921.13,822.0182,-842.8494
405.58,34959.586,824.582,-842.52966
405.6,34925.934,823.941,-842.3698
405.62,34935.55,823.62054,-842.6896
405.63998,34892.285,822.1784,-842.05
405.66,34921.13,824.7422,-841.89014
405.68,34935.55,824.7422,-842.05
405.69998,34882.668,824.2615,-841.89014
405.72,34800.945,823.62054,-841.7303
405.74,34849.02,823.62054,-841.5704
405.75998,34820.176,822.6591,-840.9309
405.78,34839.406,824.2615,-841.09076
405.8,34844.21,822.9796,-841.7303
405.81998,34772.105,822.6591,-840.77094
405.84,34776.91,823.941,-840.6111
405.86,34748.066,822.1784,-840.77094
405.88,34767.293,824.4217,-840.1315
405.9,34666.344,820.2556,-840.2913
405.91998,34661.535,821.858,-839.8117
405.94,34666.344,821.21704,-839.6518
405.96,34709.61,822.4989,-839.9716
405.97998,34594.234,820.0954,-839.6518
406.0,34651.918,822.3387,-839.6518
406.02,34627.883,823.13983,-839.0123
406.03998,34555.773,819.6147,-839.1722
406.06,34594.234,820.89655,-839.0123
406.08,34570.2,821.05676,-838.8524
406.1,34541.355,821.5375,-838.5327
406.12,34584.62,822.4989,-838.37274
406.13998,34459.63,818.97375,-838.37274
406.16,34464.438,819.9351,-838.2129
406.18,34483.668,820.5761,-838.05304
406.19998,34430.79,818.97375,-838.37274
406.22,34435.594,821.05676,-838.2129
406.24,34440.402,819.9351,-838.2129
406.25998,34430.79,820.2556,-837.2536
406.28,34344.258,818.17255,-837.2536
406.3,34425.98,820.5761,-837.5734
406.31998,34387.523,821.05676,-837.2536
406.34,34358.68,819.134,-837.2536
406.36,34272.15,817.5316,-837.09375
406.38,34325.027,819.9351,-836.61414
406.4,34276.953,818.49304,-836.61414
406.41998,34296.184,820.41583,-836.4542
406.44,34228.883,818.17255,-836.4542
406.46,34248.11,818.97375,-836.2944
406.47998,34233.688,819.6147,-836.1345
406.5,34185.617,819.134,-835.6548
406.52,34156.773,816.5703,-835.8147
406.53998,34123.125,815.9293,-835.3351
406.56,34171.195,818.8135,-835.1752
406.58,34137.543,818.49304,-835.6548
406.6,34075.05,816.5703,-835.1752
406.62,34084.664,817.0509,-834.8554
406.63998,34022.168,815.7691,-835.1752
406.66,34031.785,815.44867,-835.3351
406.68,34046.207,818.3328,-835.0153
406.69998,34012.555,816.0896,-834.2159
406.72,33940.45,815.7691,-834.2159
406.74,33950.062,815.9293,-834.056
406.75998,33916.41,814.96796,-833.8962
406.78,33834.688,811.76324,-834.6955
406.8,33882.758,815.44867,-833.73627
406.81998,33877.953,815.2884,-833.73627
406.84,33853.914,816.0896,-834.056
406.86,33820.266,814.8077,-833.4165
406.88,33786.613,814.48724,-833.57635
406.9,33825.074,815.2884,-833.4165
406.91998,33752.965,814.00653,-832.777
406.94,33738.543,813.3656,-832.4572
406.96,33781.81,815.6089,-832.6171
406.97998,33704.89,813.2054,-832.6171
407.0,33642.4,813.0451,-831.9776
407.02,33685.664,813.2054,-832.6171
407.03998,33700.082,814.64746,-831.65784
407.06,33647.203,815.1282,-832.6171
407.08,33632.78,813.8463,-831.9776
407.1,33589.52,813.3656,-832.2973
407.12,33603.938,814.16675,-831.3381
407.13998,33555.867,812.4042,-831.498
407.16,33560.67,813.2054,-831.8177
407.18,33512.598,813.5258,-831.3381
407.19998,33474.145,812.4042,-831.3381
407.22,33426.066,811.1223,-831.17816
407.24,33464.527,813.3656,-831.0183
407.25998,33392.418,811.28253,-830.8584
407.28,33368.383,810.9621,-830.53864
407.3,33353.96,811.1223,-830.69855
407.31998,33353.96,812.24396,-830.21893
407.34,33281.85,810.8018,-830.53864
407.36,33267.43,811.603,-829.73926
407.38,33224.164,810.9621,-829.8991
407.4,33214.547,808.879,-830.3788
407.41998,33060.72,809.03925,-830.059
407.44,33099.176,811.603,-829.57935
407.46,32964.574,810.4814,-829.09973
407.47998,32897.273,810.6416,-828.77997
407.5,32786.703,809.03925,-829.09973
407.52,32685.75,807.2767,-828.9399
407.53998,32700.172,810.0007,-828.30035
407.56,32656.906,810.1609,-828.4602
407.58,32604.027,810.8018,-827.82074
407.6,32584.799,809.35974,-828.14044
407.62,32522.303,809.03925,-827.18115
407.63998,32546.34,810.0007,-827.82074
407.66,32498.268,809.35974,-827.5009
407.68,32430.965,808.7188,-827.6608
407.69998,32445.389,809.51996,-827.34106
407.72,32411.738,809.1995,-827.34106
407.74,32392.51,809.51996,-827.0213
407.75998,32330.014,808.3983,-826.86145
407.78,32238.676,805.9948,-826.062
407.8,32286.748,808.0779,-826.5417
407.81998,32267.518,808.55853,-826.22186
407.84,32238.676,809.35974,-825.9021
407.86,32128.107,807.2767,-825.5824
407.88,32099.266,807.9176,-825.74225
407.9,32099.266,808.879,-825.4225
407.91998,32007.926,807.7574,-825.1027
407.94,31974.277,807.11646,-825.26263
407.96,31916.588,805.8346,-824.9428
407.97998,31796.408,803.2708,-824.78296
408.0,31820.443,805.9948,-824.9428
408.02,31786.791,805.8346,-824.30334
408.03998,31705.07,805.19366,-823.9835
408.06,31757.95,807.7574,-824.1435
408.08,31738.719,807.2767,-823.9835
408.1,31642.574,806.63574,-824.1435
408.12,31565.658,804.71295,-823.34406
408.13998,31546.43,805.5141,-823.82367
408.16,31498.357,804.71295,-823.34406
408.18,31431.055,803.5913,-823.1842
408.19998,31445.479,805.9948,-822.86444
408.22,31407.02,804.072,-822.5446
408.24,31368.56,803.431,-822.5446
408.25998,31277.22,802.1492,-822.7045
408.28,31257.992,804.39246,-822.38477
408.3,31267.61,805.19366,-821.7453
408.31998,31219.535,804.87317,-822.2249
408.34,31195.5,803.1106,-822.2249
408.36,31089.738,801.98895,-822.065
408.38,31118.582,803.2708,-822.38477
408.4,30959.941,800.7071,-821.5853
408.41998,30974.365,802.6299,-821.1057
408.44,30863.797,801.1878,-821.26556
408.46,30844.566,802.46967,-820.78595
408.47998,30810.918,801.50824,-820.94586
408.5,30791.688,801.1878,-820.94586
408.52,30762.846,801.98895,-820.46625
408.53998,30796.494,802.1492,-820.78595
408.56,30738.809,801.50824,-820.1464
408.58,30714.773,800.7071,-819.9866
408.6,30719.58,801.98895,-819.50696
408.62,30681.121,799.4252,-819.50696
408.63998,30652.277,799.9059,-819.34705
408.66,30657.084,800.3866,-819.6668
408.68,30589.781,799.26495,-819.0273
408.69998,30647.47,801.98895,-819.0273
408.72,30642.664,802.46967,-818.7075
408.74,30580.17,800.06616,-819.18713
408.75998,30551.326,799.9059,-818.54767
408.78,30546.516,800.2264,-818.06805
408.8,30488.83,798.4638,-818.8674
408.81998,30479.215,799.10474,-818.54767
408.84,30402.299,800.06616,-818.06805
408.86,30383.07,799.58545,-818.06805
408.88,30282.12,799.58545,-817.42847
408.9,30190.78,798.624,-817.10876
408.91998,30181.164,798.3035,-817.10876
408.94,30109.055,797.6626,-817.42847
408.96,29128.373,773.30707,-817.2686
408.97998,32685.75,796.86145,-820.3063
409.0,31214.73,796.0603,-818.7075
409.02,30378.264,795.9,-817.2686
409.03998,30012.91,795.5796,-816.789
409.06,29536.992,795.0989,-815.5099
409.08,29171.639,795.4193,-815.35004
409.1,28931.275,795.9,-815.1901
409.12,28888.01,795.2591,-815.0303
409.13998,28397.668,796.54095,-815.1901
409.16,27753.494,790.61237,-818.38776
409.18,27599.66,798.3035,-814.8704
409.19998,27022.787,797.02167,-812.95184
409.22,26349.77,792.37494,-812.15247
409.24,26253.625,794.13745,-812.3123
409.25998,26114.213,794.13745,-813.2716
409.28,25845.006,791.734,-814.3908
409.3,25224.867,791.5738,-811.6728
409.31998,25080.648,793.65674,-810.39374
409.34,24744.14,791.8942,-810.7135
409.36,24599.922,792.6954,-810.7135
409.38,24345.137,792.0545,-809.59436
409.4,24128.807,791.5738,-809.43445
409.41998,23999.012,791.0931,-808.95483
409.44,23835.564,791.4135,-808.6351
409.46,23667.31,788.3691,-808.4752
409.47998,23662.502,790.45215,-808.795
409.5,23604.814,790.45215,-807.6758
409.52,23484.633,789.97144,-807.5159
409.53998,23436.559,789.8112,-807.03625
409.56,23378.873,789.4907,-807.356
409.58,23277.92,789.3305,-806.3967
409.59998,23225.041,788.8498,-806.2369
409.62,23056.785,785.16437,-805.59735
409.63998,23037.557,788.3691,-805.59735
409.66,22946.217,788.0486,-805.43744
409.68,22840.459,787.0872,-804.63806
409.69998,22777.963,786.7667,-804.47815
409.72,22590.479,782.11993,-804.3183
409.74,22672.203,786.7667,-803.8387
409.75998,22527.984,783.2416,-803.8387
409.78,22547.215,785.32465,-803.8387
409.8,22431.838,783.8825,-803.8387
409.81998,22441.453,785.6451,-803.1991
409.84,22393.38,784.84393,-802.7195
409.86,22388.574,787.0872,-802.2398
409.88,22297.234,783.8825,-801.7602
409.9,22345.309,787.40765,-801.2806
409.91998,22210.703,783.2416,-801.4405
409.94,22205.896,783.08136,-800.9608
409.96,22100.137,782.11993,-800.9608
409.97998,22138.594,782.11993,-800.9608
410.0,22148.209,783.4018,-800.8009
410.02,22042.45,781.1585,-800.16144
410.03998,22008.799,781.1585,-799.362
410.06,22023.219,781.6392,-799.20215
410.08,21960.727,781.479,-799.04224
410.09998,22013.605,783.7223,-799.20215
410.12,21888.615,779.0755,-799.04224
410.13998,21917.46,780.03687,-798.8824
410.16,21811.7,779.2357,-798.56256
410.18,21830.928,780.35736,-798.24286
410.19998,21696.324,777.3129,-797.76324
410.22,21648.252,776.031,-797.60333
410.24,21729.975,779.5562,-797.60333
410.25998,21648.252,776.5117,-797.12366
410.28,21580.95,776.99243,-796.32434
410.3,21499.227,774.4287,-796.9638
410.31998,21528.07,773.4673,-796.4842
410.34,21556.914,776.99243,-796.16437
410.36,21566.53,777.15265,-795.84467
410.38,21431.924,774.26843,-795.365
410.4,21412.695,773.948,-795.84467
410.41998,21470.383,775.22986,-794.5656
410.44,21465.576,776.672,-794.086
410.46,21292.512,773.948,-793.6063
410.47998,21460.768,775.3901,-794.086
410.5,21537.684,772.6661,-793.9261
410.52,21556.914,776.1913,-793.1267
410.53998,21556.914,774.74915,-793.1267
410.56,21494.418,771.3842,-792.1674
410.58,21441.54,771.3842,-792.3273
410.59998,21422.31,771.224,-791.368
410.62,21460.768,772.1854,-791.5279
410.63998,21494.418,772.1854,-791.368
410.66,21523.264,773.30707,-790.72845
410.68,21460.768,771.5445,-790.88837
410.69998,21479.996,772.50586,-790.40875
410.72,21311.742,768.8205,-789.6093
410.74,21446.346,770.7433,-789.44946
410.75998,21436.73,771.5445,-789.44946
410.78,21369.43,769.1409,-789.1297
410.8,21282.898,766.8977,-788.4902
410.81998,21427.117,770.2626,-788.1704
410.84,21407.889,769.1409,-787.69073
410.86,21306.936,765.13513,-787.0512
410.88,21278.092,766.5773,-786.4117
410.9,21398.273,768.9807,-786.25183
410.91998,21364.623,766.8977,-786.4117
410.94,21412.695,768.9807,-785.93207
410.96,21157.908,764.0135,-785.45245
410.97998,21345.393,767.2182,-785.6123
411.0,21278.092,762.41113,-785.6123
411.02,21355.008,765.77606,-784.9728
411.03998,21369.43,764.8147,-784.8129
411.06,21355.008,765.4556,-784.3333
411.08,21316.55,763.8533,-783.5339
411.09998,21302.127,763.69305,-782.73444
411.12,21330.973,764.17377,-782.8943
411.13998,21374.238,765.13513,-782.73444
411.16,21335.777,762.7316,-782.095
411.18,21407.889,764.17377,-781.6153
411.19998,21350.201,761.61,-781.4554
411.22,21258.861,759.04626,-781.29553
411.24,21388.658,761.61,-781.29553
411.25998,21306.936,759.04626,-780.1764
411.28,21369.43,760.48834,-779.8566
411.3,21340.586,759.3667,-779.53687
411.31998,21297.32,758.08484,-779.21704
411.34,21379.045,758.24506,-778.2578
411.36,21417.502,757.6041,-778.2578
411.38,21508.842,759.3667,-777.45844
411.4,21465.576,756.4825,-777.77814
411.41998,21494.418,758.08484,-777.45844
411.44,21542.492,758.4053,-776.81885
411.46,21215.598,752.63684,-776.81885
411.47998,21513.648,755.68134,-776.659
411.5,21604.986,757.2836,-776.33923
411.52,21566.53,756.4825,-775.6997
411.53998,21604.986,755.68134,-775.37994
411.56,21624.217,755.68134,-775.5398
411.58,21600.18,755.0404,-775.0602
411.59998,21609.795,754.8801,-774.42065
411.62,21677.094,756.4825,-774.7405
411.63998,21629.021,754.079,-774.1009
411.66,21629.021,753.43805,-774.1009
411.68,21638.637,753.7585,-773.6213
411.69998,21662.674,753.43805,-773.3015
411.72,21561.72,752.4766,-773.1416
411.74,21662.674,751.8357,-772.98175
411.75998,21681.902,752.1561,-772.02246
411.78,21667.482,751.8357,-772.3422
411.8,21542.492,749.4322,-771.86255
411.81998,21643.445,751.03455,-771.06323
411.84,21696.324,751.355,-771.54285
411.86,21657.867,748.15027,-771.06323
411.88,21888.615,754.7199,-770.7434
411.9,21715.555,749.7526,-770.58356
411.91998,21734.783,750.71405,-769.62427
411.94,21768.436,750.55383,-769.7842
411.96,21484.803,743.50354,-769.7842
411.97998,21705.94,747.82983,-768.98474
412.0,21749.205,748.15027,-768.8249
412.02,21811.7,748.79126,-769.1446
412.03998,21725.168,746.8684,-768.1853
412.06,21782.855,748.31055,-767.8656
412.08,21802.086,748.79126,-767.54584
412.09998,21806.893,747.3491,-767.54584
412.12,21845.35,747.1889,-767.386
412.13998,21821.314,747.3491,-767.06616
412.16,21792.47,745.10583,-766.7464
412.18,21811.7,744.4649,-766.4267
412.19998,21893.424,746.8684,-766.10693
412.22,21850.158,745.74677,-765.7871
412.24,21787.662,743.50354,-765.7871
412.25998,21850.158,745.26605,-764.8278
412.28,21874.193,743.6638,-764.98773
412.3,21859.773,745.10583,-764.02844
412.31998,21826.121,742.2217,-764.18835
412.34,21898.23,743.3433,-764.18835
412.36,21931.88,743.98425,-764.02844
412.38,22090.521,746.2275,-764.02844
412.4,21946.303,743.1831,-763.54877
412.41998,21879.0,741.74097,-763.06915
412.44,21989.568,743.6638,-762.9093
412.46,21787.662,738.85675,-763.06915
412.47998,21989.568,741.9012,-762.4296
412.5,22003.99,741.9012,-762.4296
412.52,21960.727,741.26025,-761.7901
412.53998,21907.846,738.5363,-762.10986
412.56,22061.68,741.58075,-761.4704
412.58,21999.184,740.2989,-760.8308
412.59998,21941.496,737.4147,-760.67096
412.62,22003.99,740.2989,-760.3512
412.63998,21999.184,738.69653,-760.3512
412.66,22128.98,741.42053,-760.3512
412.68,22003.99,738.2158,-760.19135
412.69998,22037.64,738.0556,-759.7117
412.72,22061.68,739.01697,-759.0722
412.74,22071.291,738.37604,-759.23206
412.75998,22138.594,741.26025,-758.27277
412.78,22056.871,737.4147,-758.59247
412.8,22109.752,738.69653,-758.4326
412.81998,22076.1,736.45325,-758.4326
412.84,22090.521,736.293,-758.11285
412.86,22128.98,737.4147,-757.79315
412.88,22037.64,734.6907,-757.79315
412.9,22119.365,735.3316,-757.4733
412.91998,22124.172,736.45325,-757.3135
412.94,22138.594,736.45325,-756.83386
412.96,22133.787,735.97253,-757.79315
412.97998,22210.703,738.2158,-756.9937
413.0,22167.438,735.6521,-756.1943
413.02,22153.018,734.04974,-755.8746
413.03998,22071.291,732.7678,-755.8746
413.06,22177.053,734.6907,-755.5548
413.08,22177.053,734.04974,-756.1943
413.09998,22191.475,734.04974,-755.23505
413.12,22215.51,734.6907,-755.07513
413.13998,22191.475,732.9281,-755.23505
413.16,22186.668,733.0883,-754.9152
413.18,22311.656,736.61346,-754.27576
413.19998,22220.318,733.56903,-753.95593
413.22,22297.234,734.6907,-754.27576
413.24,22225.125,730.84503,-753.95593
413.25998,22244.355,733.4088,-753.4763
413.28,22196.281,729.7234,-753.31647
413.3,22253.97,732.1269,-753.31647
413.31998,22244.355,731.32574,-753.31647
413.34,22302.043,733.24854,-752.517
413.36,22239.547,731.00525,-752.517
413.38,22119.365,727.8006,-752.517
413.4,22273.197,731.1655,-752.0374
413.41998,22292.428,730.84503,-752.0374
413.44,22273.197,730.0439,-751.87756
413.46,22350.115,730.2041,-752.1973
413.47998,22321.271,731.80646,-751.71765
413.5,22258.777,729.08246,-751.71765
413.52,22330.885,730.5246,-751.87756
413.53998,22148.209,726.35846,-751.0781
413.56,22273.197,728.4415,-750.75836
413.58,22316.463,729.8836,-750.11884
413.59998,22345.309,731.1655,-750.2787
413.62,22345.309,728.92224,-750.43866
413.63998,22306.85,728.60175,-749.6392
413.66,22354.924,728.92224,-749.7991
413.68,22388.574,729.7234,-749.6392
413.69998,22330.885,727.8006,-749.15955
413.72,22378.959,728.60175,-749.31946
413.74,22350.115,726.5187,-749.15955
413.75998,22364.535,727.6403,-748.8398
413.78,22369.344,728.2813,-748.9997
413.8,22427.031,729.2427,-748.67993
413.81998,22369.344,727.4801,-748.36017
413.84,22359.729,726.19824,-747.72064
413.86,22393.38,726.9994,-748.2003
413.88,22326.078,727.3199,-747.4009
413.9,22369.344,725.2368,-748.2003
413.91998,22388.574,726.9994,-747.4009
413.94,22388.574,725.7175,-747.4009
413.96,22446.262,724.5959,-747.5607
413.97998,22393.38,725.2368,-747.0811
414.0,22398.188,725.5573,-746.92126
414.02,22388.574,725.2368,-746.60144
414.03998,22335.693,725.2368,-745.4823
414.06,22393.38,725.2368,-746.1218
414.08,22412.61,724.27545,-745.962
414.09998,22364.535,722.6731,-745.8021
414.12,22407.8,724.27545,-745.4823
414.13998,22350.115,723.314,-745.16254
414.16,22455.875,725.3971,-745.6422
414.18,22441.453,724.27545,-744.8428
414.19998,22451.068,724.27545,-744.8428
414.22,22412.61,722.9935,-744.8428
414.24,22446.262,723.47424,-744.6829
414.25998,22340.5,720.75024,-744.5231
414.28,22407.8,722.8333,-744.0434
414.3,22518.37,725.2368,-743.72363
414.31998,22402.996,721.8719,-744.0434
414.34,22412.61,721.7117,-743.8835
414.36,22398.188,720.9105,-743.244
414.38,22479.912,723.79474,-743.4039
414.4,22431.838,721.23096,-742.9242
414.41998,22417.416,722.03217,-742.9242
414.44,22383.766,720.1093,-742.6045
414.46,22523.176,722.03217,-743.244
414.47998,22455.875,722.8333,-742.1248
414.5,22398.188,720.9105,-742.1248
414.52,22417.416,720.1093,-742.2847
414.53998,22427.031,720.59,-741.80505
414.56,22436.646,719.7889,-741.80505
414.58,22489.525,721.3912,-741.1655
414.59998,22407.8,719.148,-741.1655
414.62,22407.8,719.3082,-741.1655
414.63998,22378.959,719.46844,-740.526
414.66,22407.8,719.62866,-740.36615
414.68,22393.38,718.1866,-740.526
414.69998,22359.729,717.3854,-740.36615
414.72,22402.996,718.507,-740.20624
414.74,22402.996,718.6673,-739.7266
414.75998,22412.61,718.8275,-739.7266
414.78,22388.574,718.1866,-739.88654
414.8,22484.719,720.75024,-739.5668
414.81998,22431.838,719.62866,-739.5668
414.84,22374.15,717.22516,-739.24695
414.86,22306.85,714.9819,-738.76733
414.88,22523.176,720.59,-739.0871
414.9,22369.344,717.22516,-738.9272
414.91998,22378.959,717.22516,-738.6075
414.94,22378.959,715.7831,-738.6075
414.96,22422.225,716.1035,-739.0871
414.97998,22316.463,715.4626,-737.4883
415.0,22340.5,716.1035,-737.1686
415.02,22306.85,714.50116,-737.4883
415.03998,22350.115,716.1035,-736.84875
415.06,22177.053,710.3351,-736.529
415.08,22330.885,715.7831,-736.84875
415.09998,22311.656,714.66144,-736.84875
415.12,22330.885,715.9433,-736.84875
415.13998,22249.162,714.0205,-736.2093
415.16,22311.656,715.7831,-736.529
415.18,22278.006,714.66144,-736.529
415.19998,22258.777,714.0205,-735.88947
415.22,22278.006,715.4626,-735.40985
415.24,22258.777,713.5398,-735.5697
415.25998,22167.438,711.2965,-735.40985
415.28,22239.547,713.7,-735.40985
415.3,22330.885,716.74445,-734.6104
415.31998,22181.86,711.93744,-734.45056
415.34,22196.281,713.0591,-734.6104
415.36,22205.896,714.0205,-734.6104
415.38,22205.896,711.2965,-734.45056
415.4,22157.824,711.1362,-733.81104
415.41998,22157.824,712.57837,-733.6512
415.44,22148.209,711.4567,-734.1308
415.46,22239.547,714.50116,-733.97095
415.47998,22148.209,712.2579,-733.6512
415.5,22100.137,711.61694,-732.85175
415.52,22138.594,711.61694,-733.33136
415.53998,22124.172,711.61694,-732.6919
415.56,22095.33,710.3351,-732.85175
415.58,22085.715,710.3351,-732.85175
415.59998,22080.906,710.976,-732.532
415.62,22047.256,709.53394,-732.2122
415.63998,22037.64,710.3351,-731.89246
415.66,22008.799,709.8544,-731.41284
415.68,22028.027,710.17487,-731.5727
415.69998,21970.338,707.9316,-731.253
415.72,21989.568,707.77136,-731.41284
415.74,22008.799,709.53394,-730.93317
415.75998,22008.799,708.893,-731.253
415.78,21994.377,708.5725,-730.2937
415.8,22133.787,712.89886,-730.45355
415.81998,21960.727,707.9316,-730.2937
415.84,21951.111,708.7327,-729.814
415.86,21989.568,709.21344,-729.6541
415.88,21917.46,706.80994,-729.33435
415.9,21936.69,707.45087,-729.1745
415.91998,21830.928,704.40643,-729.1745
415.94,21883.809,706.80994,-728.85474
415.96,21936.69,707.9316,-728.6949
415.97998,21888.615,707.6111,-728.37506
416.0,21869.387,706.48944,-728.85474
416.02,21840.543,706.3292,-728.535
416.03998,21835.736,705.3678,-728.2152
416.06,21864.58,707.29065,-728.05536
416.08,21773.24,704.88715,-727.2559
416.09998,21758.82,703.2848,-727.57574
416.12,21802.086,705.8485,-727.57574
416.13998,21763.627,705.3678,-727.09607
416.16,21840.543,707.9316,-727.09607
416.18,21744.396,704.72687,-726.61646
416.19998,21749.205,705.04736,-726.93616
416.22,21749.205,704.88715,-726.1367
416.24,21754.012,705.2076,-726.2967
416.25998,21701.133,704.08594,-725.97687
416.28,21710.746,702.64386,-725.817
416.3,21850.158,706.80994,-725.6571
416.31998,21701.133,704.56665,-725.3374
416.34,21705.94,704.08594,-725.1775
416.36,21686.709,703.7655,-725.3374
416.38,21643.445,703.7655,-725.1775
416.4,21604.986,702.16315,-725.1775
416.41998,21633.83,703.1245,-724.05835
416.44,21585.756,702.4836,-724.53796
416.46,21585.756,702.64386,-724.3781
416.47998,21547.299,701.0415,-723.8985
416.5,21590.564,703.1245,-723.7385
416.52,21523.264,700.8812,-723.41876
416.53998,21576.143,702.64386,-723.5787
416.56,21508.842,702.64386,-723.09906
416.58,21532.877,701.5222,-723.2589
416.59998,21504.033,701.84265,-722.93915
416.62,21455.96,700.0801,-723.41876
416.63998,21441.54,699.91986,-722.7793
416.66,21431.924,699.59937,-722.6194
416.68,21427.117,699.43915,-722.1398
416.69998,21388.658,698.638,-722.1398
416.72,21393.465,700.0801,-721.50024
416.74,21355.008,697.8368,-721.50024
416.75998,21388.658,699.43915,-721.50024
416.78,21359.814,700.2403,-721.50024
416.8,21369.43,700.2403,-721.1805
416.81998,21355.008,699.91986,-721.34033
416.84,21359.814,700.2403,-720.70087
416.86,21302.127,698.638,-720.54095
416.88,21258.861,698.4777,-720.2212
416.9,21273.285,698.7982,-720.54095
416.91998,21234.826,697.6766,-719.9014
416.94,21230.02,699.11865,-720.0613
416.96,21215.598,698.7982,-719.7415
416.97998,21201.174,697.03564,-719.58167
417.0,21167.523,697.19586,-719.4218
417.02,21181.947,697.997,-719.58167
417.03998,21205.982,698.7982,-719.9014
417.06,21148.295,697.19586,-719.10205
417.08,21090.607,696.0742,-718.7822
417.09998,21037.729,693.6708,-719.2619
417.12,21066.57,695.4333,-718.3026
417.13998,21100.22,696.23444,-718.3026
417.16,21047.342,694.7924,-717.9829
417.18,21023.307,695.11285,-718.3026
417.19998,20965.617,694.95264,-717.823
417.22,20922.354,693.02985,-717.9829
417.24,20965.617,695.2731,-717.5032
417.25998,20898.314,694.3117,-717.3433
417.28,20927.16,696.0742,-717.3433
417.3,20840.629,692.86957,-717.1835
417.31998,20922.354,695.2731,-716.70386
417.34,20845.436,693.02985,-716.70386
417.36,20850.242,693.831,-716.2242
417.38,20811.785,692.86957,-716.2242
417.4,20816.592,693.02985,-716.2242
417.41998,20802.17,692.86957,-716.2242
417.44,20816.592,693.831,-715.58466
417.46,20715.639,691.4275,-715.58466
417.47998,20744.484,692.70935,-715.58466
417.5,20706.023,692.0684,-714.7853
417.52,20706.023,690.9468,-715.105
417.53998,20744.484,693.3503,-714.4655
417.56,20643.531,691.2673,-714.62537
417.58,20667.566,692.0684,-714.4655
417.59998,20648.338,692.54913,-713.6661
417.62,20585.844,690.6263,-713.98584
417.63998,20571.42,690.78656,-713.8259
417.66,20542.578,688.2228,-714.3056
417.68,20547.385,689.82513,-713.6661
417.69998,20542.578,690.46606,-713.3463
417.72,20528.156,691.107,-713.6661
417.74,20518.541,690.1456,-713.18646
417.75998,20494.506,690.1456,-712.7068
417.78,20470.467,688.5433,-712.54694
417.8,20504.12,691.107,-711.7475
417.81998,20460.854,689.6649,-712.54694
417.84,20427.203,689.1842,-712.0673
417.86,20374.322,687.58185,-711.9074
417.88,20369.516,689.5047,-711.42773
417.9,20374.322,688.5433,-711.5876
417.91998,20379.129,688.38306,-711.42773
417.94,20350.287,687.90234,-711.108
417.96,20326.25,688.38306,-710.78827
417.97998,20359.9,690.1456,-710.62836
418.0,20263.754,687.2614,-710.1487
418.02,20307.021,688.06256,-710.9481
418.03998,20249.334,686.7807,-710.46844
418.06,20244.525,686.9409,-709.98883
418.08,20234.912,687.42163,-709.5092
418.09998,20215.682,686.9409,-709.98883
418.12,20220.488,687.42163,-709.829
418.13998,20210.875,686.6204,-709.3493
418.16,20143.572,685.8193,-709.1894
418.18,20162.8,685.17834,-708.8697
418.19998,20129.15,684.5374,-709.02954
418.22,20148.38,686.4602,-708.39
418.24,20172.416,686.7807,-708.39
418.25998,20061.85,684.0567,-708.39
418.28,20119.535,685.65906,-708.23016
418.3,20100.309,685.4988,-707.91034
418.31998,20047.428,684.3772,-707.59064
418.34,20004.162,683.4158,-707.4307
418.36,20042.62,685.33856,-707.4307
418.38,20028.197,683.8965,-707.2709
418.4,20071.463,685.9795,-706.9511
418.41998,20013.777,684.5374,-706.7912
418.44,20023.39,684.69763,-706.63135
418.46,19965.703,682.93506,-706.47144
418.47998,19908.018,681.97363,-706.3116
418.5,19927.244,682.2941,-706.3116
418.52,19898.402,682.61456,-705.3523
418.53998,19970.51,684.2169,-705.832
418.56,19908.018,682.45435,-705.51215
418.58,19912.824,682.93506,-705.3523
418.59998,19874.365,682.1339,-705.03253
418.62,19826.291,681.8134,-704.71277
418.63998,19792.64,679.5701,-704.8727
418.66,19831.1,682.2941,-704.5529
418.68,19821.484,682.61456,-704.71277
418.69998,19734.953,679.73035,-704.393
418.72,19720.533,680.53156,-703.5936
418.74,19744.568,680.21106,-703.5936
418.75998,19787.834,683.25555,-703.7535
418.78,19739.762,681.01227,-703.11395
418.8,19701.303,679.73035,-703.2738
418.81998,19638.809,678.6087,-702.63434
418.84,19701.303,680.852,-703.2738
418.86,19662.846,679.8906,-702.7942
418.88,19715.725,681.3327,-702.4744
418.9,19585.928,679.0894,-702.4744
418.91998,19629.193,680.21106,-701.8349
418.94,19658.037,681.6532,-701.99475
418.96,19571.508,678.4485,-702.1547
418.97998,19566.7,677.9678,-701.8349
419.0,19504.205,677.80756,-700.8756
419.02,19494.59,678.28827,-700.8756
419.03998,19499.396,677.9678,-700.8756
419.06,19518.627,678.6087,-700.8756
419.08,19427.29,675.40405,-700.55585
419.09998,19475.361,676.6859,-700.396
419.12,19470.555,677.80756,-700.55585
419.13998,19494.59,678.28827,-700.2361
419.16,19441.709,677.64734,-699.4367
419.18,19345.564,674.7631,-699.9164
419.19998,19432.094,677.0064,-699.2768
419.22,19417.674,676.5257,-698.7972
419.24,19340.756,674.2824,-699.11694
419.25998,19398.443,677.1666,-698.3175
419.28,19412.867,678.4485,-698.4774
419.3,19268.648,673.8017,-698.3175
419.31998,19379.217,677.64734,-698.3175
419.34,19355.178,677.0064,-698.3175
419.36,19364.793,677.64734,-697.67804
419.38,19254.225,675.40405,-697.5181
419.4,19316.72,675.7245,-697.5181
419.41998,19302.299,676.5257,-697.03845
419.44,19230.19,674.7631,-696.399
419.46,19210.96,673.00055,-696.8786
419.47998,19278.264,676.3654,-696.8786
419.5,19210.96,674.60284,-696.0792
419.52,19220.574,675.08356,-696.0792
419.53998,19210.96,674.60284,-695.9193
419.56,19210.96,674.92334,-695.75946
419.58,19167.695,672.68005,-695.75946
419.59998,19148.465,673.321,-695.59955
419.62,19071.549,671.7186,-695.9193
419.63998,19095.584,672.0391,-694.64026
419.66,19076.357,671.7186,-694.8001
419.68,19100.393,672.8403,-695.27985
419.69998,19138.85,673.8017,-694.8001
419.72,19105.2,672.68005,-694.4804
419.74,19071.549,672.51984,-694.0008
419.75998,19013.861,670.9175,-693.5211
419.78,19047.512,671.8789,-694.0008
419.8,18874.451,668.35376,-693.3612
419.81998,18951.365,668.67426,-693.5211
419.84,19028.283,670.9175,-692.72174
419.86,18985.018,671.7186,-693.0415
419.88,18970.596,670.2766,-692.72174
419.9,18941.752,669.7959,-692.5619
419.91998,18965.79,671.5584,-692.5619
419.94,18936.945,670.11633,-692.4019
419.96,18874.451,670.59705,-692.5619
419.97998,18898.486,669.7959,-691.9223
420.0,18922.523,671.3982,-691.28284
420.02,18869.643,669.6357,-691.4427
420.03998,18826.377,667.7128,-691.28284
420.06,18826.377,669.15497,-691.28284
420.08,18840.8,668.99475,-691.28284
420.09998,18831.186,669.3152,-690.4834
420.12,18725.424,666.27075,-690.64325
420.13998,18744.654,666.43097,-690.16364
420.16,18763.883,668.0333,-690.0037
420.18,18807.148,669.4754,-689.8439
420.19998,18768.69,668.67426,-689.68396
420.22,18749.46,667.7128,-689.8439
420.24,18711.002,668.19354,-689.8439
420.25998,18696.582,666.27075,-689.20435
420.28,18658.121,665.46954,-688.8846
420.3,18561.977,664.6684,-689.0445
420.31998,18667.736,666.75146,-688.7247
420.34,18610.049,666.1105,-688.7247
420.36,18619.664,666.27075,-688.8846
420.38,18523.518,663.22626,-688.4049
420.4,18533.133,664.98883,-688.7247
420.41998,18537.941,664.98883,-687.9253
420.44,18485.06,664.3479,-687.6055
420.46,18369.686,662.9058,-687.6055
420.47998,18480.254,665.3093,-687.1259
420.5,18451.41,665.46954,-686.966
420.52,18403.338,661.9444,-686.966
420.53998,18403.338,664.5082,-686.64624
420.56,18369.686,663.86725,-686.4864
420.58,18360.07,663.06604,-686.3265
420.59998,18364.877,664.8286,-686.0067
420.62,18316.805,663.22626,-686.0067
420.63998,18340.842,664.8286,-685.36725
420.66,18273.54,662.7456,-685.5271
420.68,18268.732,662.4251,-685.20734
420.69998,18196.623,661.30347,-685.0474
420.72,18196.623,662.5853,-684.5678
420.74,18196.623,662.1046,-684.72766
420.75998,18134.129,660.1818,-684.24805
420.78,18124.514,662.1046,-684.5678
420.8,18052.406,661.30347,-684.40796
420.81998,18095.67,661.14325,-684.24805
420.84,18066.826,660.66254,-683.6085
420.86,18081.248,662.7456,-683.4486
420.88,18028.367,662.2649,-682.80914
420.9,18023.56,661.14325,-682.969
420.91998,17941.838,660.34204,-682.64923
420.94,17922.607,660.0216,-682.4893
420.96,17773.582,657.2976,-682.969
420.97998,17860.113,659.3807,-681.84985
421.0,17807.234,659.0602,-682.0097
421.02,17749.547,658.25903,-681.69
421.03998,17658.207,656.6567,-681.21027
421.06,17720.703,656.6567,-682.0097
421.08,17562.062,658.09875,-681.21027
421.09998,17610.135,659.2204,-680.251
421.12,17542.832,659.5409,-680.73065
421.13998,17451.494,657.1374,-680.41095
421.16,17470.725,658.57947,-680.251
421.18,17456.3,657.2976,-680.251
421.19998,17465.916,659.7011,-679.77136
421.22,17388.998,657.4578,-679.77136
421.24,17345.734,655.69525,-679.6115
421.25998,17369.771,657.4578,-679.6115
421.28,17302.469,656.49646,-679.13184
421.3,17288.045,656.6567,-679.13184
421.31998,17283.24,655.69525,-678.6522
421.34,17292.854,657.1374,-678.1726
421.36,17220.744,654.7338,-678.33246
421.38,17225.553,656.17596,-678.33246
421.4,17225.553,656.6567,-678.0127
421.41998,17158.25,654.0929,-677.8528
421.44,17163.057,654.0929,-678.0127
421.46,17042.875,652.6508,-677.69293
421.47998,17129.406,654.0929,-677.2133
421.5,17014.031,650.72797,-676.89355
421.52,17081.334,653.13153,-676.89355
421.53998,16951.537,651.36896,-675.93427
421.56,17119.791,655.3748,-676.254
421.58,17023.646,652.3303,-675.77435
421.59998,16989.996,652.0099,-675.6145
421.62,16999.61,653.13153,-676.0941
421.63998,16965.959,652.3303,-675.93427
421.66,16975.574,652.1701,-675.4546
421.68,16951.537,652.1701,-674.975
421.69998,16951.537,653.29175,-674.81506
421.72,16840.97,649.4461,-674.49536
421.74,16937.115,652.81104,-674.6552
421.75998,16961.15,652.97125,-674.33545
421.78,16802.51,649.7666,-674.0157
421.8,16812.125,654.0929,-673.6959
421.81998,16749.63,651.5292,-673.536
421.84,16740.018,652.0099,-672.8965
421.86,16715.98,651.8496,-673.05634
421.88,16744.824,651.5292,-672.5767
421.9,16706.365,652.1701,-673.05634
421.91998,16610.219,649.6063,-672.5767
421.94,16629.45,650.08704,-672.257
421.96,16499.652,647.68353,-672.257
421.97998,16533.303,649.2859,-671.4576
422.0,16576.568,650.08704,-671.77734
422.02,16542.918,649.7666,-671.61743
422.03998,16355.433,647.0426,-670.97797
422.06,16470.809,648.16425,-670.97797
422.08,16441.965,647.0426,-670.81805
422.09998,16446.773,647.3631,-670.3384
422.12,16494.846,650.2473,-670.65814
422.13998,16365.048,646.56195,-670.0187
422.16,16398.7,648.004,-670.0187
422.18,16369.856,647.5233,-669.85876
422.19998,16288.131,645.2801,-669.3791
422.22,16292.939,647.3631,-669.53906
422.24,16292.939,645.1199,-669.21924
422.25998,16283.324,646.56195,-669.0594
422.28,16336.205,646.72217,-669.0594
422.3,16355.433,648.16425,-668.8995
422.31998,16240.059,645.921,-668.10004
422.34,16230.443,646.2415,-668.10004
422.36,16148.721,644.15845,-667.6204
422.38,16254.4795,648.16425,-667.1408
422.4,16148.721,645.2801,-666.9809
422.41998,16100.648,643.9982,-667.1408
422.44,16038.152,641.75494,-666.9809
422.46,16086.225,643.3573,-667.78033
422.47998,16071.804,643.83795,-666.82104
422.5,16066.997,644.15845,-666.34143
422.52,16066.997,644.4789,-666.02167
422.53998,15865.091,643.197,-665.542
422.56,15946.814,642.3959,-665.3821
422.58,15946.814,643.0368,-665.3821
422.59998,16023.731,645.7608,-664.7426
422.62,16014.116,645.1199,-665.3821
422.63998,15879.513,643.197,-664.7426
422.66,15879.513,641.43445,-664.5827
422.68,15865.091,642.5561,-663.9432
422.69998,15807.404,641.91516,-664.1031
422.72,15802.596,641.43445,-663.9432
422.74,15701.643,641.43445,-663.7833
422.75998,15586.269,638.2298,-663.14374
422.78,15667.991,642.0754,-662.9839
422.8,15720.872,642.7163,-662.82404
422.81998,15634.341,642.8766,-662.6641
422.84,15595.883,640.473,-662.18445
422.86,15624.726,641.75494,-662.18445
422.88,15581.46,639.9924,-662.0246
422.9,15485.315,639.8321,-661.70483
422.91998,15480.507,640.3128,-661.2252
422.94,15456.471,640.473,-661.2252
422.96,15413.205,639.3514,-661.38513
422.97998,15393.978,639.19116,-660.9054
423.0,15288.216,636.78766,-660.74554
423.02,15341.097,638.71045,-660.4258
423.03998,15240.144,638.0695,-659.94617
423.06,15302.639,639.8321,-659.6264
423.08,15259.373,638.71045,-659.94617
423.09998,15182.456,636.62744,-659.6264
423.12,15249.759,639.19116,-659.4665
423.13998,15110.346,637.10815,-658.827
423.16,15052.659,636.78766,-658.5072
423.18,14884.404,636.78766,-658.34735
423.19998,14879.598,637.10815,-658.0276
423.22,14687.306,643.3573,-643.47845
423.24,12466.34,631.49994,-649.2342
423.25998,8159.0117,640.1526,-651.95215
423.28,6005.347,643.83795,-649.7138
423.3,4269.917,644.4789,-650.35333
423.31998,3010.4087,640.6333,-650.5132
423.34,2121.0613,638.0695,-651.6324
423.36,1409.5834,637.7491,-652.43176
423.38,866.36053,635.9865,-652.112
423.4,510.62164,635.0251,-652.27185
423.41998,265.45026,637.7491,-652.5917
423.44,-85.48129,633.1023,-652.91144
423.46,-215.2779,632.4613,-652.5917
423.47998,-450.8347,632.4613,-652.112
423.5,-633.51135,631.17944,-652.5917
423.52,-691.1987,631.8204,-652.112
423.53998,-869.0681,633.58295,-651.6324
423.56,-965.2137,629.5771,-651.79224
423.58,-1056.5521,628.93616,-651.6324
423.59998,-1099.8176,630.6987,-650.6731
423.62,-1114.2395,629.09644,-650.5132
423.63998,-1311.3379,627.4941,-649.7138
423.66,-1369.0253,628.135,-650.0335
423.68,-1340.1816,628.45544,-649.39404
423.69998,-1455.5564,627.8145,-649.2342
423.72,-1383.4471,628.45544,-649.5539
423.74,-1503.6292,626.53265,-649.0743
423.75998,-1590.1602,624.9303,-648.27484
423.78,-1604.582,625.0905,-648.27484
423.8,-1498.8219,627.3338,-647.47546
423.81998,-1667.0768,624.28937,-647.7952
423.84,-1695.9203,624.4496,-647.47546
423.86,-1768.0295,622.3666,-646.99585
423.88,-1739.1859,624.28937,-646.35626
423.9,-1734.3785,623.96893,-646.35626
423.91998,-1868.9824,622.3666,-646.35626
423.94,-1811.295,623.32794,-646.1964
423.96,-1753.6077,622.687,-644.91736
423.97998,-1796.8732,623.0075,-645.7168
424.0,-1864.1752,622.3666,-644.7575
424.02,-1888.2114,621.5654,-644.43774
424.03998,-1811.295,624.12915,-644.5976
424.06,-1893.0188,621.245,-644.2779
424.08,-1960.3208,620.7643,-644.43774
424.09998,-1902.6334,620.12335,-643.79816
424.12,-1931.477,618.521,-643.6383
424.13998,-1965.128,619.4824,-643.1587
424.16,-1965.128,619.4824,-642.99884
424.18,-1960.3208,619.80286,-642.679
424.19998,-1936.2842,619.4824,-642.679
424.22,-1984.3572,619.1619,-642.03955
424.24,-1989.1644,618.8415,-642.03955
424.25998,-1974.7427,618.3608,-641.5599
424.28,-2008.3937,618.0403,-641.5599
424.3,-1816.1024,618.2005,-640.92035
424.31998,-2013.2008,617.39935,-640.92035
424.34,-2003.5862,616.4379,-640.1209
424.36,-1960.3208,618.0403,-640.2808
424.38,-1960.3208,617.71985,-640.1209
424.4,-2037.2372,616.5982,-639.8012
424.41998,-2066.0808,615.47656,-639.6413
424.44,-2066.0808,614.99585,-638.84186
424.46,-1989.1644,615.15607,-638.84186
424.47998,-2070.8882,614.3549,-639.3216
424.5,-2099.7317,614.19464,-638.52216
424.52,-2022.8154,615.9572,-638.52216
424.53998,-2008.3937,616.7584,-639.3216
424.56,-2032.43,614.3549,-638.2024
424.58,-2056.4663,613.8742,-638.36224
424.59998,-2080.503,612.43207,-637.56287
424.62,-2037.2372,612.43207,-637.08325
424.63998,-2167.0337,611.6309,-636.7634
424.66,-2008.3937,614.19464,-637.08325
424.68,-2090.1172,611.79114,-636.7634
424.69998,-2080.503,611.4707,-636.6035
424.72,-2128.5757,612.11163,-636.1239
424.74,-2008.3937,613.8742,-635.4844
424.75998,-2080.503,611.79114,-636.1239
424.78,-2094.9246,610.8297,-635.96405
424.8,-1965.128,610.5093,-634.3652
424.81998,-2070.8882,611.3104,-635.1646
424.84,-2013.2008,611.79114,-634.685
424.86,-2070.8882,610.5093,-634.3652
424.88,-2008.3937,610.99,-634.0455
424.9,-2056.4663,610.5093,-633.88556
424.91998,-2099.7317,609.54785,-633.88556
424.94,-2080.503,610.99,-634.0455
424.96,-2051.659,609.38763,-633.40594
424.97998,-2099.7317,608.4262,-633.0862
425.0,-2104.5393,607.9455,-632.9263
425.02,-2070.8882,609.86835,-633.0862
425.03998,-2099.7317,609.06714,-632.7664
425.06,-2056.4663,609.38763,-632.44666
425.08,-2070.8882,609.70807,-631.967
425.09998,-2118.961,607.30457,-631.8071
425.12,-2094.9246,608.1058,-631.48737
425.13998,-2094.9246,608.5865,-631.3275
425.16,-2085.31,608.266,-630.8479
425.18,-2070.8882,608.7467,-631.00775
425.19998,-2104.5393,606.0227,-631.00775
425.22,-2032.43,608.7467,-630.04846
425.24,-2066.0808,607.46484,-630.5281
425.25998,-2066.0808,606.82385,-630.2083
425.28,-2104.5393,606.82385,-629.88855
425.3,-2018.008,604.5806,-629.5688
425.31998,-2085.31,606.0227,-629.4089
425.34,-2128.5757,603.6192,-629.7287
425.36,-2070.8882,604.5806,-628.92926
425.38,-2046.8518,604.26013,-628.60956
425.4,-2080.503,603.7794,-628.60956
425.41998,-2056.4663,605.542,-628.60956
425.44,-2099.7317,603.93964,-627.97
425.46,-2056.4663,604.42035,-627.49036
425.47998,-2138.19,602.49756,-627.3305
425.5,-2090.1172,603.7794,-627.0107
425.52,-2099.7317,603.2987,-626.6909
425.53998,-2070.8882,604.26013,-626.6909
425.56,-2094.9246,601.3759,-627.0107
425.58,-2075.6953,602.6578,-626.8508
425.59998,-2128.5757,602.49756,-626.3712
425.62,-2051.659,603.6192,-626.05145
425.63998,-2118.961,602.9783,-626.05145
425.66,-2133.3828,602.01685,-625.7316
425.68,-2104.5393,602.01685,-625.7316
425.69998,-2080.503,602.17706,-625.5718
425.72,-2042.0444,601.69635,-624.7724
425.74,-2070.8882,600.735,-624.6125
425.75998,-2142.9973,600.5747,-623.97296
425.78,-2114.1536,599.9338,-624.4526
425.8,-2104.5393,596.7292,-623.8131
425.81998,-2114.1536,599.61334,-623.97296
425.84,-2147.8047,598.3315,-623.8131
425.86,-2099.7317,600.2543,-623.0137
425.88,-2070.8882,599.4531,-623.0137
425.9,-2032.43,602.49756,-622.8538
425.91998,-2109.3464,598.9724,-622.3742
425.94,-2118.961,598.3315,-622.3742
425.96,-2104.5393,598.4917,-622.0544
425.97998,-2099.7317,597.53033,-622.3742
426.0,-2104.5393,597.69055,-621.89453
426.02,-2070.8882,598.17126,-621.4149
426.03998,-2085.31,598.81213,-621.4149
426.06,-2090.1172,597.2099,-621.0951
426.08,-2142.9973,594.4859,-620.6155
426.09998,-2142.9973,596.7292,-620.6155
426.12,-2171.841,594.80634,-620.45557
426.13998,-2080.503,598.011,-620.13586
426.16,-2114.1536,595.28705,-620.13586
426.18,-2085.31,596.2485,-619.6562
426.19998,-2109.3464,595.76776,-619.4963
426.22,-2037.2372,597.0496,-619.6562
426.24,-2085.31,595.44727,-619.1766
426.25998,-2099.7317,595.928,-618.8568
426.28,-2094.9246,596.4087,-618.2172
426.3,-2142.9973,592.56305,-618.2172
426.31998,-2104.5393,593.5245,-617.8975
426.34,-2080.503,595.28705,-617.8975
426.36,-2109.3464,594.0052,-618.0574
426.38,-2109.3464,593.04376,-617.25793
426.4,-2061.2737,594.4859,-617.41785
426.41998,-2109.3464,592.40283,-616.93823
426.44,-2109.3464,593.5245,-616.61847
426.46,-2152.612,591.2812,-616.4586
426.47998,-2118.961,592.88354,-616.2987
426.5,-2056.4663,592.88354,-616.4586
426.52,-2123.768,592.56305,-616.1388
426.53998,-2066.0808,591.6017,-615.49927
426.56,-2109.3464,591.121,-615.6592
426.58,-2075.6953,593.36426,-615.49927
426.59998,-2118.961,592.0824,-615.17957
426.62,-2070.8882,591.7619,-615.3394
426.63998,-2109.3464,591.121,-614.3801
426.66,-2104.5393,593.36426,-614.54
426.68,-2128.5757,590.15955,-614.54
426.69998,-2128.5757,590.64026,-613.74054
426.72,-2114.1536,590.15955,-613.74054
426.74,-2118.961,589.3584,-613.1011
426.75998,-2109.3464,590.31976,-613.74054
426.78,-2138.19,588.397,-613.2609
426.8,-2118.961,588.07654,-613.2609
426.81998,-2142.9973,587.2753,-612.46155
426.84,-2061.2737,591.4414,-611.98193
426.86,-2142.9973,586.9549,-612.46155
426.88,-2099.7317,587.91626,-612.1418
426.9,-2152.612,585.99347,-611.6622
426.91998,-2085.31,588.23676,-611.50226
426.94,-2114.1536,588.07654,-610.86273
426.96,-2123.768,587.5958,-611.34235
426.97998,-2061.2737,588.71747,-610.7029
427.0,-2090.1172,588.397,-610.3831
427.02,-2085.31,586.7946,-610.54297
427.03998,-2037.2372,586.7946,-610.86273
427.06,-2051.659,586.9549,-610.3831
427.08,-2075.6953,586.7946,-610.3831
427.09998,-2147.8047,585.03204,-609.90344
427.12,-2104.5393,584.55133,-609.10406
427.13998,-2090.1172,585.673,-609.2639
427.16,-2061.2737,586.1537,-609.10406
427.18,-2152.612,584.0707,-608.46454
427.19998,-2133.3828,583.4297,-608.78424
427.22,-2118.961,584.2309,-608.6244
427.24,-2027.6226,585.51276,-608.46454
427.25998,-2051.659,584.7116,-608.3046
427.28,-2080.503,583.7502,-607.34534
427.3,-2128.5757,582.30804,-607.82495
427.31998,-2066.0808,583.7502,-607.5052
427.34,-2066.0808,584.7116,-606.8657
427.36,-2018.008,585.35254,-607.0256
427.38,-2123.768,582.78876,-606.0663
427.4,-2080.503,583.10925,-606.0663
427.41998,-2104.5393,583.2695,-606.2262
427.44,-2118.961,582.1478,-606.0663
427.46,-2075.6953,581.8274,-605.5867
427.47998,-2099.7317,581.5069,-605.42676
427.5,-2109.3464,581.0262,-605.42676
427.52,-2066.0808,580.70575,-604.78723
427.53998,-2128.5757,579.90454,-604.4675
427.56,-2056.4663,581.6671,-604.3076
427.58,-2133.3828,581.5069,-604.1477
427.59998,-2090.1172,581.1864,-604.3076
427.62,-2032.43,581.8274,-603.82794
427.63998,-2099.7317,580.70575,-603.82794
427.66,-2118.961,580.38525,-603.1885
427.68,-2114.1536,578.6227,-603.50824
427.69998,-2099.7317,579.2636,-603.1885
427.72,-2123.768,577.50104,-602.86865
427.74,-2090.1172,579.2636,-602.5489
427.75998,-2133.3828,577.66125,-601.9094
427.78,-2104.5393,577.66125,-601.9094
427.8,-2109.3464,577.98175,-601.7495
427.81998,-2099.7317,577.66125,-601.5896
427.84,-2104.5393,576.5396,-601.2699
427.86,-2118.961,576.5396,-601.11
427.88,-2142.9973,577.66125,-600.95013
427.9,-2109.3464,577.18054,-600.31055
427.91998,-2099.7317,576.6999,-600.6304
427.94,-2114.1536,575.8987,-599.99084
427.96,-2094.9246,577.82153,-600.31055
427.97998,-2066.0808,576.5396,-599.99084
428.0,-2099.7317,576.5396,-599.35126
428.02,-2061.2737,576.8601,-599.1914
428.03998,-2056.4663,575.25775,-599.03156
428.06,-2066.0808,576.6999,-599.03156
428.08,-2104.5393,574.77704,-599.03156
428.09998,-2162.2263,573.0145,-598.5519
428.12,-2114.1536,573.8157,-598.392
428.13998,-2114.1536,572.6941,-598.5519
428.16,-2080.503,574.2963,-597.5926
428.18,-2070.8882,573.8157,-597.43274
428.19998,-2046.8518,577.3408,-596.7932
428.22,-2090.1172,573.335,-596.95306
428.24,-2070.8882,574.4566,-596.6333
428.25998,-2118.961,572.6941,-597.113
428.28,-2118.961,571.73267,-596.6333
428.3,-2085.31,573.17474,-596.1537
428.31998,-2133.3828,571.09174,-596.31354
428.34,-2118.961,573.65546,-595.99384
428.36,-2085.31,572.2134,-595.51416
428.38,-2094.9246,572.2134,-595.1944
428.4,-2094.9246,571.4122,-594.7148
428.41998,-2114.1536,572.0531,-595.1944
428.44,-2099.7317,572.8543,-594.7148
428.46,-2114.1536,570.4508,-594.2351
428.47998,-2123.768,570.1303,-593.91534
428.5,-2085.31,569.6496,-594.0752
428.52,-2056.4663,571.25195,-593.91534
428.53998,-2066.0808,571.25195,-594.0752
428.56,-2085.31,570.4508,-593.4357
428.58,-2104.5393,570.4508,-592.95605
428.59998,-2085.31,569.8099,-592.6363
428.62,-2128.5757,568.52795,-592.7962
428.63998,-2118.961,569.9701,-592.3165
428.66,-2094.9246,568.68823,-591.99677
428.68,-2104.5393,568.68823,-591.99677
428.69998,-2109.3464,568.2075,-591.99677
428.72,-2032.43,569.8099,-591.35724
428.74,-2075.6953,568.52795,-591.35724
428.75998,-2118.961,567.2461,-590.87756
428.78,-1993.9716,570.4508,-590.7177
428.8,-2114.1536,566.9256,-590.55786
428.81998,-2109.3464,566.44495,-590.39795
428.84,-2094.9246,566.9256,-590.0782
428.86,-2061.2737,568.2075,-590.0782
428.88,-2099.7317,567.2461,-589.5985
428.9,-2099.7317,566.28467,-589.2788
428.91998,-2056.4663,567.2461,-588.95905
428.94,-2118.961,565.4835,-588.4794
428.96,-2099.7317,565.3233,-589.1189
428.97998,-2114.1536,565.163,-588.95905
429.0,-2123.768,563.08,-588.1596
429.02,-2051.659,566.12445,-587.99976
429.03998,-2056.4663,565.3233,-587.3602
429.06,-2104.5393,562.2788,-587.83984
429.08,-2066.0808,564.3619,-587.83984
429.09998,-2070.8882,565.0028,-587.2003
429.12,-2099.7317,562.5993,-586.88055
429.13998,-2090.1172,564.5221,-586.88055
429.16,-2090.1172,563.24023,-586.7207
429.18,-2123.768,561.7981,-586.56085
429.19998,-2099.7317,563.08,-586.2411
429.22,-2075.6953,563.72095,-586.0812
429.24,-2118.961,561.15717,-585.1219
429.25998,-2085.31,562.2788,-585.1219
429.28,-2123.768,561.9584,-584.8021
429.3,-2123.768,560.83673,-584.48236
429.31998,-2133.3828,560.6765,-584.3225
429.34,-2104.5393,562.4391,-584.3225
429.36,-2109.3464,559.07416,-584.1626
429.38,-2123.768,562.2788,-583.36316
429.4,-2090.1172,561.6379,-583.683
429.41998,-2094.9246,561.15717,-583.2033
429.44,-2104.5393,560.6765,-583.36316
429.46,-2104.5393,559.5549,-583.04346
429.47998,-2066.0808,560.0355,-582.56384
429.5,-2138.19,558.11273,-581.92426
429.52,-2051.659,560.6765,-582.56384
429.53998,-2042.0444,561.15717,-581.7644
429.56,-2094.9246,559.07416,-581.92426
429.58,-2104.5393,558.11273,-581.1248
429.59998,-2123.768,558.75366,-581.44464
429.62,-2094.9246,559.5549,-581.44464
429.63998,-2099.7317,557.9525,-581.1248
429.66,-2075.6953,559.07416,-580.48535
429.68,-2118.961,557.9525,-580.3255
429.69998,-2109.3464,557.632,-580.0057
429.72,-2085.31,557.4718,-580.6452
429.74,-2123.768,556.67065,-579.36615
429.75998,-2128.5757,556.02966,-579.2063
429.78,-2094.9246,556.67065,-579.36615
429.8,-2027.6226,558.75366,-579.04645
429.81998,-2152.612,553.94666,-579.2063
429.84,-2114.1536,555.38873,-578.5668
429.86,-2123.768,554.7478,-578.247
429.88,-2075.6953,553.46594,-577.92725
429.9,-2075.6953,555.549,-577.92725
429.91998,-2090.1172,555.0683,-577.4476
429.94,-2114.1536,553.3057,-577.6075
429.96,-2109.3464,553.94666,-577.1278
429.97998,-2094.9246,554.7478,-576.8081
430.0,-2090.1172,553.3057,-576.8081
430.02,-2085.31,553.94666,-576.48834
430.03998,-2066.0808,552.66473,-576.3284
430.06,-2080.503,553.46594,-575.52905
430.08,-2128.5757,552.1841,-575.52905
430.09998,-2123.768,551.3829,-575.6889
430.12,-2104.5393,552.66473,-575.2093
430.13998,-2070.8882,553.46594,-575.0494
430.16,-2051.659,552.825,-574.88947
430.18,-2008.3937,554.908,-574.7296
430.19998,-2032.43,551.70337,-574.40985
430.22,-2200.6848,550.2612,-574.40985
430.24,-2090.1172,551.3829,-573.7703
430.25998,-2090.1172,551.3829,-574.25
430.28,-2046.8518,551.54315,-573.7703
430.3,-2027.6226,550.74194,-573.45056
430.31998,-2070.8882,550.2612,-572.97095
430.34,-2114.1536,549.6203,-573.1308
430.36,-2114.1536,549.7805,-572.97095
430.38,-1883.4043,553.62616,-572.97095
430.4,-2080.503,548.4987,-572.4913
430.41998,-2085.31,547.53735,-572.1715
430.44,-2104.5393,549.4601,-571.532
430.46,-2080.503,548.97943,-572.01166
430.47998,-2099.7317,547.05664,-571.3721
430.5,-2099.7317,548.8192,-570.7326
430.52,-2066.0808,548.4987,-570.7326
430.53998,-2094.9246,545.4543,-570.89246
430.56,-2123.768,547.3771,-570.41284
430.58,-2109.3464,546.4157,-570.2529
430.59998,-2085.31,548.3385,-569.93317
430.62,-2152.612,545.1338,-569.93317
430.63998,-2066.0808,545.7747,-569.93317
430.66,-2075.6953,546.73615,-569.45355
430.68,-2046.8518,547.05664,-569.1338
430.69998,-2094.9246,545.6145,-568.6541
430.72,-2128.5757,545.6145,-568.49426
430.74,-2118.961,544.1724,-568.3344
430.75998,-2099.7317,544.1724,-568.1745
430.78,-2066.0808,546.0952,-567.535
430.8,-2094.9246,543.211,-568.01465
430.81998,-2085.31,544.9736,-567.37506
430.84,-2109.3464,544.01215,-567.37506
430.86,-2123.768,543.53143,-566.7356
430.88,-1912.2478,546.5759,-566.5757
430.9,-2075.6953,544.49286,-566.4158
430.91998,-2123.768,543.6917,-565.7763
430.94,-2056.4663,544.33264,-565.6164
430.96,-2051.659,544.49286,-565.29663
430.97998,-2099.7317,542.40985,-565.4565
431.0,-2123.768,541.92914,-565.4565
431.02,-2046.8518,543.53143,-565.29663
431.03998,-2114.1536,540.487,-564.6571
431.06,-2099.7317,541.92914,-564.49725
431.08,-2176.6484,540.6472,-563.6978
431.09998,-2075.6953,540.9677,-563.6978
431.12,-2176.6484,540.8075,-563.85767
431.13998,-2094.9246,541.1279,-563.37805
431.16,-2094.9246,540.8075,-563.2182
431.18,-2104.5393,541.1279,-563.0583
431.19998,-2118.961,539.5256,-562.7385
431.22,-2080.503,541.92914,-562.5787
431.24,-2080.503,540.16656,-562.5787
431.25998,-2133.3828,538.7244,-562.09906
431.28,-2109.3464,539.84607,-562.09906
431.3,-2099.7317,537.44257,-561.93915
431.31998,-2080.503,538.5642,-561.6193
431.34,-2075.6953,539.5256,-560.97986
431.36,-2075.6953,539.36536,-560.82
431.38,-1993.9716,537.9233,-560.66003
431.4,-2090.1172,537.9233,-560.5002
431.41998,-2085.31,538.404,-560.1804
431.44,-2090.1172,538.0835,-560.02057
431.46,-2037.2372,538.5642,-560.02057
431.47998,-2094.9246,536.96185,-559.54095
431.5,-2094.9246,537.28235,-558.90137
431.52,-2085.31,536.64136,-558.90137
431.53998,-2253.5647,532.4753,-559.0613
431.56,-2118.961,535.8402,-558.26184
431.58,-2066.0808,536.3209,-558.42175
431.59998,-2090.1172,536.1607,-557.7822
431.62,-2167.0337,535.5197,-557.7822
431.63998,-2070.8882,536.3209,-557.6223
431.66,-2099.7317,533.9174,-557.3026
431.68,-2085.31,536.0004,-556.82294
431.69998,-2128.5757,533.1162,-556.82294
431.72,-2027.6226,535.5197,-556.82294
431.74,-2138.19,531.83435,-556.1834
431.75998,-2133.3828,532.7958,-555.86365
431.78,-2090.1172,533.1162,-555.86365
431.8,-2176.6484,530.232,-555.384
431.81998,-2090.1172,533.1162,-555.2241
431.84,-2109.3464,531.51385,-555.5439
431.86,-2099.7317,532.956,-555.5439
431.88,-2142.9973,528.95013,-555.0643
431.9,-2142.9973,530.3922,-554.4247
431.91998,-2171.841,530.3922,-554.4247
431.94,-2066.0808,532.4753,-554.26483
431.96,-2070.8882,531.1934,-553.6253
431.97998,-2042.0444,531.99457,-553.1456
432.0,-2094.9246,530.5525,-553.1456
432.02,-2099.7317,528.95013,-553.1456
432.03998,-2200.6848,527.6683,-552.9858
432.06,-2070.8882,530.3922,-552.50616
432.08,-2042.0444,531.1934,-552.3463
432.09998,-2090.1172,529.91156,-552.18634
432.12,-2195.8774,529.11035,-551.8666
432.13998,-2118.961,528.7899,-551.38696
432.16,-2066.0808,529.7513,-551.7067
432.18,-2075.6953,530.0718,-550.9073
432.19998,-2118.961,527.3478,-551.06726
432.22,-2032.43,529.11035,-550.4277
432.24,-2042.0444,528.95013,-550.2678
432.25998,-2123.768,527.9887,-549.78815
432.28,-2118.961,526.54663,-550.1079
432.3,-2109.3464,525.425,-549.62823
432.31998,-2056.4663,528.62964,-549.4684
432.34,-2070.8882,527.18756,-549.30853
432.36,-2123.768,527.02734,-548.9888
432.38,-2205.492,523.8227,-548.8289
432.4,-2080.503,525.9057,-548.5091
432.41998,-2070.8882,526.86707,-548.18933
432.44,-2070.8882,526.54663,-548.0295
432.46,-2109.3464,524.62384,-547.54987
432.47998,-2114.1536,524.62384,-547.86957
432.5,-2051.659,526.0659,-547.7097
432.52,-2090.1172,525.1045,-546.7504
432.53998,-2075.6953,523.18176,-546.9103
432.56,-2080.503,523.342,-546.2708
432.58,-2070.8882,525.1045,-546.2708
432.59998,-2056.4663,524.3034,-546.11084
432.62,-2157.4192,524.62384,-545.4714
432.63998,-2080.503,523.6625,-545.79114
432.66,-2118.961,522.22034,-545.1516
432.68,-2094.9246,522.86127,-544.99176
432.69998,-2075.6953,523.18176,-544.1923
432.72,-2037.2372,522.38055,-544.83185
432.74,-2118.961,521.4192,-544.1923
432.75998,-2114.1536,521.8999,-544.67194
432.78,-2094.9246,521.4192,-543.87256
432.8,-2162.2263,518.2145,-543.5528
432.81998,-2085.31,519.81683,-543.23303
432.84,-2133.3828,520.45776,-542.91327
432.86,-2085.31,520.618,-542.7534
432.88,-2292.023,517.25305,-542.11383
432.9,-2046.8518,521.0987,-541.954
432.91998,-2061.2737,521.5794,-542.11383
432.94,-2109.3464,519.1759,-541.47437
432.96,-2046.8518,520.77826,-542.11383
432.97998,-2099.7317,519.3361,-541.15454
433.0,-2090.1172,518.6952,-541.15454
433.02,-2099.7317,517.09283,-540.9947
433.03998,-2046.8518,516.9326,-540.35516
433.06,-2094.9246,518.8554,-539.8755
433.08,-2056.4663,518.8554,-540.1953
433.09998,-2128.5757,517.25305,-539.8755
433.12,-2171.841,519.0157,-538.75635
433.13998,-2051.659,517.73376,-539.71564
433.16,-2094.9246,517.09283,-538.91626
433.18,-2094.9246,516.9326,-538.75635
433.19998,-2032.43,519.0157,-538.59644
433.22,-2032.43,518.2145,-538.4366
433.24,-2080.503,515.17004,-537.63715
433.25998,-2104.5393,515.65076,-537.63715
433.28,-1993.9716,517.73376,-537.63715
433.3,-2085.31,514.68933,-537.31744
433.31998,-2094.9246,515.9712,-537.4773
433.34,-2085.31,514.84955,-536.51807
433.36,-2118.961,514.0484,-536.3581
433.38,-2311.2522,512.60626,-536.19824
433.4,-2061.2737,513.8882,-536.19824
433.41998,-2104.5393,513.8882,-535.8785
433.44,-2104.5393,512.44604,-535.0791
433.46,-2114.1536,513.087,-535.23895
433.47998,-2042.0444,513.4075,-535.23895
433.5,-2114.1536,511.96533,-534.5994
433.52,-2109.3464,512.2858,-534.5994
433.53998,-2032.43,509.4016,-534.9192
433.56,-2061.2737,513.4075,-533.9599
433.58,-2056.4663,512.92676,-534.4396
433.59998,-2085.31,512.92676,-533.4803
433.62,-2032.43,513.7279,-532.8407
433.63998,-2061.2737,512.12555,-533.1605
433.66,-2061.2737,511.3244,-532.8407
433.68,-2094.9246,510.52325,-532.20123
433.69998,-2085.31,510.52325,-532.20123
433.72,-2051.659,509.4016,-532.521
433.74,-2070.8882,510.20276,-531.8815
433.75998,-2046.8518,510.04254,-531.7216
433.78,-2099.7317,509.24133,-531.8815
433.8,-2080.503,507.95947,-531.24194
433.81998,-2075.6953,509.4016,-531.08203
433.84,-2070.8882,508.6004,-530.9222
433.86,-2123.768,508.1197,-530.12274
433.88,-2263.1794,508.76068,-529.9629
433.9,-2104.5393,506.83783,-529.80304
433.91998,-2109.3464,506.6776,-529.4833
433.94,-2070.8882,507.47876,-529.32336
433.96,-2200.6848,504.91507,-529.4833
433.97998,-2070.8882,505.71622,-529.0036
434.0,-2061.2737,506.9981,-528.8437
434.02,-2051.659,508.9209,-528.0444
434.03998,-2018.008,503.95364,-528.2042
434.06,-2070.8882,506.9981,-527.8844
434.08,-2027.6226,507.15833,-528.0444
434.09998,-2094.9246,505.71622,-527.24493
434.12,-1912.2478,509.88232,-526.76526
434.13998,-2094.9246,504.59457,-526.76526
434.16,-2099.7317,504.75485,-526.9252
434.18,-2094.9246,504.59457,-526.28564
434.19998,-2066.0808,504.75485,-526.28564
434.22,-2080.503,502.67178,-526.28564
434.24,-2056.4663,503.47293,-525.6461
434.25998,-2085.31,502.67178,-525.4862
434.28,-2066.0808,504.11386,-525.4862
434.3,-2104.5393,501.38992,-525.0066
434.31998,-2128.5757,500.4285,-524.367
434.34,-2099.7317,501.71036,-524.367
434.36,-2061.2737,502.99228,-524.20715
434.38,-2263.1794,501.55014,-523.72754
434.4,-2056.4663,502.51157,-523.2479
434.41998,-2094.9246,502.19107,-523.72754
434.44,-2046.8518,502.99228,-522.76825
434.46,-2075.6953,500.4285,-523.08795
434.47998,-2075.6953,500.4285,-522.76825
434.5,-2114.1536,498.66592,-522.28864
434.52,-2061.2737,500.108,-522.28864
434.53998,-2022.8154,497.86475,-521.3293
434.56,-2075.6953,499.78757,-521.9689
434.58,-2070.8882,499.94778,-521.16943
434.59998,-2085.31,498.9864,-521.16943
434.62,-1989.1644,501.06943,-520.8497
434.63998,-2118.961,498.1852,-520.8497
434.66,-2042.0444,499.78757,-520.05023
434.68,-2070.8882,498.025,-520.05023
434.69998,-2080.503,497.86475,-519.8904
434.72,-2042.0444,499.4671,-519.09094
434.74,-2066.0808,497.54428,-518.9311
434.75998,-2090.1172,496.5829,-519.25085
434.78,-2046.8518,498.1852,-519.09094
434.8,-2085.31,495.7817,-518.77124
434.81998,-2013.2008,497.54428,-518.2915
434.84,-2066.0808,496.42264,-518.6113
434.86,-2075.6953,496.90335,-518.2915
434.88,-2118.961,498.34546,-517.4922
434.9,-2070.8882,494.66006,-517.3323
434.91998,-2066.0808,495.94193,-516.69275
434.94,-2075.6953,496.90335,-516.373
434.96,-2056.4663,494.49985,-516.69275
434.97998,-2109.3464,494.01917,-516.21313
435.0,-2013.2008,496.10217,-516.21313
435.02,-2042.0444,494.98053,-515.8933
435.03998,-1993.9716,492.73727,-515.8933
435.06,-2114.1536,493.69867,-515.25385
435.08,-2037.2372,493.69867,-514.9341
435.09998,-2066.0808,492.57706,-514.61426
435.12,-2051.659,491.29517,-514.7742
435.13998,-2061.2737,493.05774,-514.2945
435.16,-2080.503,492.25656,-514.13464
435.18,-2090.1172,491.77588,-513.8149
435.19998,-2018.008,492.89752,-512.8556
435.22,-2056.4663,491.4554,-512.8556
435.24,-2090.1172,490.65424,-513.0155
435.25998,-2085.31,491.77588,-512.5358
435.28,-2099.7317,490.33377,-512.05615
435.3,-2123.768,489.5326,-512.05615
435.31998,-2008.3937,492.09634,-511.57654
435.34,-2099.7317,489.37234,-511.73645
435.36,-2061.2737,490.33377,-511.0969
435.38,-2224.7212,489.85306,-511.2568
435.4,-2070.8882,489.21213,-510.77713
435.41998,-2042.0444,489.6928,-510.93704
435.44,-2046.8518,489.37234,-510.61725
435.46,-2118.961,487.77002,-510.2975
435.47998,-2080.503,488.5712,-510.1376
435.5,-2070.8882,487.77002,-509.81784
435.52,-2027.6226,488.89166,-509.3382
435.53998,-2061.2737,487.60977,-509.4981
435.56,-2066.0808,487.93024,-508.5388
435.58,-2046.8518,487.77002,-508.85855
435.59998,-2099.7317,487.12906,-508.05914
435.62,-2037.2372,486.64838,-508.21906
435.63998,-2085.31,485.68695,-507.7394
435.66,-2051.659,486.8086,-507.8993
435.68,-2051.659,486.64838,-507.09985
435.69998,-2061.2737,484.56534,-507.09985
435.72,-2051.659,485.20627,-506.7801
435.74,-2094.9246,483.6039,-506.62024
435.75998,-2070.8882,484.72556,-506.30045
435.78,-2032.43,485.52673,-505.8208
435.8,-2075.6953,485.3665,-505.66095
435.81998,-2080.503,483.4437,-505.50104
435.84,-2056.4663,484.4051,-505.1813
435.86,-2066.0808,482.64252,-504.70166
435.88,-2118.961,486.00745,-505.0214
435.9,-2032.43,484.8858,-504.3819
435.91998,-2042.0444,483.28345,-504.22205
435.94,-2075.6953,482.16183,-503.74234
435.96,-2022.8154,483.76416,-503.5825
435.97998,-2056.4663,482.64252,-503.4226
436.0,-2070.8882,482.48227,-503.10284
436.02,-2051.659,483.28345,-502.14355
436.03998,-2003.5862,483.4437,-502.46335
436.06,-2080.503,481.36066,-502.30344
436.08,-2042.0444,482.48227,-502.78305
436.09998,-2032.43,480.71973,-501.8238
436.12,-2037.2372,481.20044,-501.98364
436.13998,-2042.0444,481.68112,-501.34415
436.16,-2046.8518,480.71973,-501.1843
436.18,-2061.2737,479.59808,-500.38486
436.19998,-2075.6953,477.99576,-500.38486
436.22,-2051.659,478.95715,-500.22495
436.24,-2018.008,480.71973,-500.0651
436.25998,-2056.4663,478.95715,-499.74533
436.28,-2042.0444,478.47644,-499.42557
436.3,-2094.9246,477.3548,-499.1058
436.31998,-2061.2737,477.8355,-498.62616
436.34,-2099.7317,476.23315,-498.62616
436.36,-2061.2737,477.51505,-498.1465
436.38,-2123.768,478.47644,-498.1465
436.4,-2027.6226,478.31622,-497.82675
436.41998,-2027.6226,477.03433,-497.50702
436.44,-2032.43,477.3548,-497.02734
436.46,-2051.659,476.55365,-496.38782
436.47998,-2022.8154,477.3548,-496.5477
436.5,-2037.2372,476.07294,-496.8675
436.52,-2051.659,475.1115,-496.70758
436.53998,-2090.1172,474.79105,-496.38782
436.56,-2056.4663,475.59222,-496.06805
436.58,-2022.8154,475.59222,-495.42853
436.59998,-2094.9246,473.34894,-494.94888
436.62,-2070.8882,473.18872,-495.26865
436.63998,-2061.2737,473.6694,-494.46927
436.66,-2003.5862,475.75247,-494.30936
436.68,-2066.0808,472.86826,-494.46927
436.69998,-2008.3937,474.79105,-493.8297
436.72,-2027.6226,473.5092,-493.8297
436.74,-2090.1172,470.62497,-493.3501
436.75998,-2046.8518,473.9899,-492.87042
436.78,-2042.0444,471.7466,-492.71057
436.8,-2066.0808,472.06708,-492.55066
436.81998,-2056.4663,471.90683,-492.23093
436.84,-2070.8882,471.2659,-492.23093
436.86,-2109.3464,469.82382,-491.75125
436.88,-2066.0808,471.7466,-491.11172
436.9,-2046.8518,470.1443,-491.75125
436.91998,-2046.8518,469.1829,-491.43152
436.94,-2056.4663,469.98407,-491.2716
436.96,-2003.5862,470.46472,-490.79196
436.97998,-1984.3572,470.1443,-489.99255
437.0,-2094.9246,467.42032,-489.8327
437.02,-2042.0444,469.98407,-489.8327
437.03998,-1984.3572,470.46472,-489.67282
437.06,-2008.3937,469.82382,-489.5129
437.08,-2027.6226,469.66357,-489.19318
437.09998,-1998.779,469.98407,-489.0333
437.12,-2013.2008,468.3817,-488.71353
437.13998,-2013.2008,468.3817,-488.39377
437.16,-1965.128,470.1443,-488.23386
437.18,-2022.8154,467.901,-487.59433
437.19998,-1989.1644,468.3817,-487.2746
437.22,-2008.3937,467.58054,-487.2746
437.24,-2070.8882,465.81796,-486.79495
437.25998,-1998.779,467.58054,-486.63507
437.28,-2022.8154,465.81796,-486.47516
437.3,-2008.3937,467.74078,-486.15543
437.31998,-1974.7427,466.61914,-485.99554
437.34,-2032.43,465.4975,-485.99554
437.36,-2046.8518,465.81796,-485.99554
437.38,-2046.8518,465.81796,-484.71646
437.4,-2008.3937,465.17703,-485.1961
437.41998,-2013.2008,464.85657,-484.71646
437.44,-2008.3937,464.85657,-484.23685
437.46,-1926.6698,465.33725,-484.23685
437.47998,-2090.1172,463.41446,-483.59732
437.5,-2037.2372,464.2156,-483.4374
437.52,-1998.779,463.89514,-483.27756
437.53998,-1941.0917,465.17703,-483.11768
437.56,-2056.4663,462.93375,-482.47815
437.58,-2018.008,463.57468,-482.1584
437.59998,-2056.4663,463.57468,-482.1584
437.62,-2037.2372,461.8121,-481.83862
437.63998,-2070.8882,459.72906,-481.51886
437.66,-1974.7427,463.09396,-481.1991
437.68,-1950.7063,463.09396,-480.55957
437.69998,-2061.2737,460.37,-480.87933
437.72,-1998.779,462.13257,-480.3997
437.74,-2018.008,461.17117,-480.2398
437.75998,-2022.8154,460.37,-480.07993
437.78,-2042.0444,459.56882,-479.92004
437.8,-2022.8154,459.24835,-479.76016
437.81998,-1998.779,460.04953,-479.28052
437.84,-2061.2737,458.9279,-479.28052
437.86,-2042.0444,459.56882,-478.4811
437.88,-1989.1644,459.56882,-478.32123
437.9,-2013.2008,459.72906,-478.00146
437.91998,-2022.8154,458.60742,-477.52182
437.94,-2066.0808,458.28696,-477.52182
437.96,-1989.1644,461.3314,-477.04218
437.97998,-2022.8154,457.4858,-477.36194
438.0,-2027.6226,457.16534,-476.8823
438.02,-1955.5134,457.4858,-476.56253
438.03998,-1998.779,457.80627,-476.40265
438.06,-2037.2372,456.36417,-475.923
438.08,-2022.8154,455.72324,-475.76312
438.09998,-2022.8154,456.0437,-475.28348
438.12,-2094.9246,453.96063,-475.28348
438.13998,-2003.5862,455.88345,-475.12363
438.16,-1950.7063,456.52438,-475.12363
438.18,-2032.43,455.40277,-474.64395
438.19998,-2070.8882,453.8004,-474.3242
438.22,-2018.008,455.88345,-473.84454
438.24,-2066.0808,452.99924,-473.36493
438.25998,-2037.2372,454.12088,-473.52478
438.28,-2090.1172,452.67877,-473.36493
438.3,-2046.8518,453.96063,-472.5655
438.31998,-2042.0444,450.9162,-472.5655
438.34,-2008.3937,452.99924,-472.24573
438.36,-1974.7427,455.08228,-472.08588
438.38,-1993.9716,453.64017,-472.08588
438.4,-2018.008,453.64017,-471.44635
438.41998,-2061.2737,451.55713,-470.8068
438.44,-2027.6226,451.55713,-471.12656
438.46,-2008.3937,451.8776,-470.6469
438.47998,-2056.4663,451.3969,-470.6469
438.5,-1965.128,452.83902,-469.52774
438.52,-1998.779,451.23666,-470.0074
438.53998,-1989.1644,450.9162,-469.36786
438.56,-1945.8988,451.71738,-470.0074
438.58,-2051.659,449.95477,-468.72833
438.59998,-2018.008,448.6729,-468.8882
438.62,-2037.2372,450.4355,-468.40857
438.63998,-2056.4663,448.6729,-468.40857
438.66,-2056.4663,447.55127,-467.28943
438.68,-2003.5862,448.51266,-467.44928
438.69998,-2022.8154,448.1922,-467.44928
438.72,-2022.8154,448.1922,-467.60916
438.74,-1974.7427,448.83316,-467.12952
438.75998,-2027.6226,447.71152,-466.80978
438.78,-2013.2008,447.71152,-466.17026
438.8,-2042.0444,447.2308,-466.3301
438.81998,-2027.6226,445.9489,-466.01038
438.84,-1989.1644,446.42963,-465.69058
438.86,-2003.5862,445.7887,-465.53073
438.88,-1974.7427,447.07056,-464.41156
438.9,-2056.4663,444.34662,-464.8912
438.91998,-2003.5862,445.62848,-464.09177
438.94,-1998.779,445.7887,-464.09177
438.96,-2042.0444,444.66708,-463.77203
438.97998,-2022.8154,445.62848,-463.45224
439.0,-2075.6953,443.54544,-462.97263
439.02,-2027.6226,443.8659,-463.45224
439.03998,-2013.2008,442.9045,-462.97263
439.06,-1984.3572,443.8659,-462.1732
439.08,-1989.1644,444.82733,-461.69354
439.09998,-2090.1172,442.10333,-462.01334
439.12,-1998.779,444.18637,-462.01334
439.13998,-2003.5862,442.26358,-461.05402
439.16,-2042.0444,441.30215,-461.21393
439.18,-2032.43,442.58405,-460.25464
439.19998,-2032.43,441.14194,-459.93488
439.22,-2037.2372,441.4624,-460.5744
439.24,-2003.5862,441.62262,-459.6151
439.25998,-2013.2008,440.1805,-459.77496
439.28,-2013.2008,440.0203,-459.29532
439.3,-2056.4663,439.69983,-458.9756
439.31998,-2051.659,437.45654,-458.6558
439.34,-2070.8882,438.5782,-458.01627
439.36,-2042.0444,438.7384,-458.01627
439.38,-1873.7897,440.1805,-457.53665
439.4,-2080.503,436.97583,-457.53665
439.41998,-2018.008,437.93726,-457.37674
439.44,-2003.5862,438.09747,-456.8971
439.46,-2046.8518,437.2963,-457.057
439.47998,-2075.6953,437.13608,-455.93784
439.5,-2018.008,436.97583,-456.09772
439.52,-2046.8518,435.3735,-455.93784
439.53998,-2046.8518,438.25772,-455.77795
439.56,-2018.008,436.97583,-455.4582
439.58,-2013.2008,436.3349,-455.13843
439.59998,-2022.8154,436.8156,-454.65878
439.62,-1984.3572,436.97583,-454.33902
439.63998,-1998.779,435.69397,-454.33902
439.66,-2042.0444,433.77115,-454.4989
439.68,-2042.0444,433.77115,-453.85934
439.69998,-2008.3937,435.21326,-453.37973
439.72,-2109.3464,432.4893,-453.37973
439.74,-2022.8154,433.6109,-453.05997
439.75998,-1984.3572,433.6109,-452.7402
439.78,-2027.6226,433.6109,-452.26056
439.8,-2018.008,435.21326,-451.9408
439.81998,-1989.1644,433.9314,-451.9408
439.84,-2128.5757,428.96414,-451.62103
439.86,-2056.4663,431.36768,-451.46115
439.88,-1840.1388,433.45068,-450.8216
439.9,-2051.659,431.04718,-450.66174
439.91998,-2018.008,431.5279,-450.1821
439.94,-2003.5862,432.0086,-450.34198
439.96,-2109.3464,430.5665,-449.3827
439.97998,-2008.3937,430.88696,-449.3827
440.0,-2056.4663,429.76532,-449.2228
440.02,-2022.8154,430.88696,-449.2228
440.03998,-2085.31,430.24603,-449.06293
440.06,-2022.8154,429.60507,-447.94376
440.08,-2013.2008,429.44485,-448.26352
440.09998,-2046.8518,428.48343,-447.78387
440.12,-1965.128,430.40625,-447.624
440.13998,-2008.3937,428.00275,-447.4641
440.16,-1989.1644,429.1244,-446.50482
440.18,-2042.0444,426.24017,-446.8246
440.19998,-1993.9716,429.1244,-446.18506
440.22,-2018.008,430.0858,-446.50482
440.24,-2066.0808,427.68228,-445.38565
440.25998,-1989.1644,428.3232,-446.02518
440.28,-2027.6226,427.68228,-445.38565
440.3,-2094.9246,425.5992,-445.7054
440.31998,-2032.43,426.24017,-444.42636
440.34,-2018.008,427.20157,-444.74612
440.36,-1993.9716,426.24017,-444.1066
440.38,-1883.4043,425.9197,-443.78683
440.4,-2080.503,424.63782,-444.1066
440.41998,-2008.3937,425.75946,-443.46707
440.44,-2022.8154,423.83664,-443.62695
440.46,-1868.9824,428.3232,-443.62695
440.47998,-2022.8154,424.31735,-442.82755
440.5,-2032.43,423.9969,-442.66766
440.52,-2042.0444,424.79807,-442.18802
440.53998,-2186.263,423.1957,-441.70837
440.56,-1998.779,422.715,-441.70837
440.58,-2061.2737,422.715,-441.22873
440.59998,-2022.8154,422.715,-441.06885
440.62,-1945.8988,423.35596,-441.06885
440.63998,-2013.2008,421.43314,-440.58923
440.66,-2018.008,421.43314,-440.26944
440.68,-2018.008,421.91385,-440.10956
440.69998,-2046.8518,420.95245,-439.94968
440.72,-2046.8518,421.59335,-439.7898
440.74,-2032.43,421.59335,-439.47003
440.75998,-2090.1172,418.86942,-438.8305
440.78,-2032.43,419.6706,-438.51074
440.8,-2085.31,419.18988,-437.87122
440.81998,-1965.128,421.43314,-438.35086
440.84,-1993.9716,420.47177,-437.87122
440.86,-2042.0444,418.70917,-437.39157
440.88,-1859.3679,419.35013,-436.91193
440.9,-2075.6953,418.2285,-436.59216
440.91998,-2027.6226,417.58752,-436.75204
440.94,-2018.008,417.90802,-436.2724
440.96,-1888.2114,419.02963,-436.43228
440.97998,-1998.779,418.2285,-435.473
441.0,-1979.5498,418.54895,-435.473
441.02,-1969.9352,418.86942,-434.99335
441.03998,-2205.492,415.5045,-434.67358
441.06,-2037.2372,416.4659,-434.67358
441.08,-2027.6226,416.4659,-434.35382
441.09998,-2027.6226,416.9466,-434.03406
441.12,-1921.8624,416.78638,-434.03406
441.13998,-1984.3572,414.38284,-433.87418
441.16,-2042.0444,414.7033,-433.23465
441.18,-1974.7427,415.34427,-432.9149
441.19998,-2032.43,412.46005,-432.59512
441.22,-2046.8518,414.06238,-432.43524
441.24,-2051.659,413.2612,-431.9556
441.25998,-1998.779,413.10098,-431.79572
441.28,-2008.3937,414.5431,-431.63583
441.3,-2032.43,411.65887,-430.99634
441.31998,-2032.43,412.13956,-431.31607
441.34,-2042.0444,412.46005,-430.67654
441.36,-2003.5862,412.94073,-430.3568
441.38,-1893.0188,411.65887,-430.1969
441.4,-2008.3937,412.2998,-429.2376
441.41998,-2022.8154,411.49863,-429.55737
441.44,-2046.8518,411.0179,-429.07776
441.46,-2061.2737,409.09512,-429.3975
441.47998,-2042.0444,409.5758,-428.75797
441.5,-1989.1644,411.17816,-428.75797
441.52,-1969.9352,410.69745,-428.27832
441.53998,-2181.4556,407.81326,-427.9586
441.56,-1931.477,412.2998,-427.6388
441.58,-2027.6226,409.4156,-427.31906
441.59998,-2013.2008,409.73605,-427.15915
441.62,-1816.1024,411.17816,-426.51962
441.63998,-2003.5862,409.4156,-426.04
441.66,-2046.8518,406.85187,-426.1999
441.68,-1993.9716,409.25534,-426.1999
441.69998,-2037.2372,407.33258,-425.40045
441.72,-2032.43,406.37115,-425.40045
441.74,-1960.3208,408.29398,-425.0807
441.75998,-2037.2372,407.17233,-424.92084
441.78,-2032.43,406.85187,-424.2813
441.8,-2066.0808,406.21094,-423.80164
441.81998,-2061.2737,404.92905,-423.80164
441.84,-2018.008,404.76883,-423.64178
441.86,-1974.7427,406.0507,-423.322
441.88,-1888.2114,404.60858,-422.3627
441.9,-2018.008,405.56998,-422.5226
441.91998,-2051.659,404.44836,-422.84235
441.94,-2070.8882,403.32672,-422.3627
441.96,-2219.9138,402.3653,-422.20282
441.97998,-2022.8154,403.16647,-421.5633
442.0,-2008.3937,404.60858,-421.4034
442.02,-2003.5862,403.8074,-421.24356
442.03998,-2195.8774,399.1606,-420.28424
442.06,-2008.3937,401.72437,-420.28424
442.08,-1998.779,402.20508,-420.1244
442.09998,-2003.5862,403.00626,-419.6447
442.12,-1936.2842,400.4425,-419.0052
442.13998,-2061.2737,401.8846,-419.32495
442.16,-2066.0808,400.4425,-418.84534
442.18,-2046.8518,398.6799,-419.16507
442.19998,-1945.8988,401.8846,-418.3657
442.22,-2066.0808,399.64133,-417.88602
442.24,-1955.5134,401.4039,-418.2058
442.25998,-2051.659,398.84015,-417.40637
442.28,-2003.5862,400.122,-416.92673
442.3,-2085.31,397.7185,-416.76685
442.31998,-2032.43,398.84015,-416.76685
442.34,-2070.8882,398.03897,-416.2872
442.36,-1984.3572,399.32086,-416.12732
442.38,-1993.9716,396.91736,-415.96744
442.4,-2018.008,397.87875,-415.96744
442.41998,-2027.6226,396.11618,-415.16806
442.44,-2022.8154,396.43668,-414.84827
442.46,-2085.31,399.80154,-414.84827
442.47998,-2003.5862,397.87875,-414.52853
442.5,-2066.0808,395.1548,-414.0489
442.52,-2032.43,396.11618,-413.88898
442.53998,-2167.0337,390.9887,-413.5692
442.56,-2051.659,395.1548,-413.5692
442.58,-1984.3572,396.27643,-412.9297
442.59998,-1984.3572,396.11618,-412.9297
442.62,-2142.9973,387.784,-411.81052
442.63998,-2061.2737,393.3922,-411.9704
442.66,-2056.4663,394.67407,-411.9704
442.68,-1989.1644,393.3922,-411.33087
442.69998,-2008.3937,393.23196,-411.171
442.72,-1998.779,393.71268,-410.69135
442.74,-2027.6226,391.9501,-410.69135
442.75998,-1917.0553,394.99457,-409.7321
442.78,-2042.0444,391.78986,-409.7321
442.8,-2003.5862,392.9115,-409.57217
442.81998,-1989.1644,391.9501,-409.25244
442.84,-1984.3572,392.27057,-409.09256
442.86,-2022.8154,391.14893,-408.6129
442.88,-2114.1536,386.3419,-408.6129
442.9,-1931.477,392.75128,-407.9734
442.91998,-2003.5862,390.34775,-408.13324
442.94,-1993.9716,390.508,-407.4937
442.96,-1931.477,393.71268,-407.81348
442.97998,-2018.008,389.0659,-407.17395
443.0,-2013.2008,388.90564,-406.85422
443.02,-2013.2008,389.0659,-406.2147
443.03998,-2070.8882,385.8612,-406.37454
443.06,-2013.2008,388.2647,-405.8949
443.08,-2003.5862,387.46353,-405.41525
443.09998,-2051.659,386.50214,-404.77573
443.12,-2205.492,379.77234,-404.93564
443.13998,-1998.779,385.8612,-404.77573
443.16,-1941.0917,387.3033,-404.77573
443.18,-2013.2008,385.3805,-404.2961
443.19998,-2013.2008,386.02142,-403.49667
443.22,-1965.128,386.66238,-403.6566
443.24,-2003.5862,385.8612,-402.85715
443.25998,-2032.43,383.93842,-403.01703
443.28,-1974.7427,386.8226,-402.3775
443.3,-2128.5757,382.97702,-402.21762
443.31998,-1989.1644,385.06003,-402.05774
443.34,-2018.008,383.13724,-402.21762
443.36,-2013.2008,383.13724,-401.73798
443.38,-2094.9246,380.41327,-401.5781
443.4,-2013.2008,383.61795,-400.77872
443.41998,-2046.8518,381.85538,-401.09845
443.44,-1945.8988,384.25888,-400.29904
443.46,-1835.3314,384.89978,-399.8194
443.47998,-1989.1644,382.65656,-399.65952
443.5,-1979.5498,385.06003,-399.17987
443.52,-2003.5862,381.0542,-399.49966
443.53998,-2032.43,379.6121,-398.54034
443.56,-2085.31,380.41327,-398.2206
443.58,-1960.3208,381.37466,-398.54034
443.59998,-2056.4663,379.93256,-397.90082
443.62,-2287.2158,372.40155,-397.74097
443.63998,-2003.5862,380.41327,-397.2613
443.66,-2042.0444,378.16998,-397.2613
443.68,-2022.8154,381.0542,-396.94153
443.69998,-2037.2372,378.3302,-396.94153
443.72,-1945.8988,379.93256,-396.4619
443.74,-2032.43,378.8109,-396.14212
443.75998,-2008.3937,378.6507,-395.66248
443.78,-1993.9716,377.68927,-395.5026
443.8,-2147.8047,375.28577,-395.8224
443.81998,-2070.8882,375.44598,-394.54333
443.84,-2022.8154,376.4074,-394.54333
443.86,-1984.3572,377.2086,-394.22354
443.88,-2181.4556,372.72202,-393.90378
443.9,-1974.7427,376.8881,-393.7439
443.91998,-1989.1644,375.76648,-393.26425
443.94,-1955.5134,376.08694,-392.78464
443.96,-1893.0188,375.12552,-392.78464
443.97998,-2008.3937,374.80505,-392.62473
444.0,-1969.9352,375.60623,-391.9852
444.02,-2027.6226,373.36295,-391.9852
444.03998,-1979.5498,371.44016,-391.50555
444.06,-1950.7063,375.76648,-391.82532
444.08,-1974.7427,374.4846,-390.86603
444.09998,-1965.128,374.80505,-390.86603
444.12,-2186.263,370.47876,-390.2265
444.13998,-1998.779,372.24133,-390.06662
444.16,-2013.2008,372.24133,-389.7469
444.18,-2008.3937,371.76065,-389.58698
444.19998,-2080.503,369.51736,-389.2672
444.22,-1974.7427,371.6004,-388.78757
444.24,-2013.2008,370.47876,-389.10736
444.25998,-2046.8518,370.79922,-388.6277
444.28,-1945.8988,373.20273,-388.30792
444.3,-2018.008,369.35712,-387.5085
444.31998,-1989.1644,370.79922,-387.6684
444.34,-1989.1644,370.31854,-386.70914
444.36,-1969.9352,370.79922,-387.18875
444.38,-2162.2263,368.55594,-386.70914
444.4,-2022.8154,368.7162,-385.9097
444.41998,-1989.1644,369.51736,-386.0696
444.44,-1974.7427,369.99805,-386.22946
444.46,-2070.8882,365.0308,-385.27017
444.47998,-1974.7427,368.07526,-385.1103
444.5,-1989.1644,367.59454,-384.63065
444.52,-2008.3937,366.9536,-384.47076
444.53998,-1878.597,366.9536,-384.79053
444.56,-1955.5134,369.1969,-383.99112
444.58,-2018.008,365.9922,-383.51147
444.59998,-2013.2008,365.9922,-383.1917
444.62,-2075.6953,364.0694,-383.3516
444.63998,-1965.128,367.59454,-382.87195
444.66,-2018.008,364.87057,-382.3923
444.68,-1984.3572,366.15244,-381.91266
444.69998,-2022.8154,364.87057,-382.07254
444.72,-1965.128,365.67172,-381.75278
444.74,-2037.2372,364.2296,-381.11325
444.75998,-2018.008,363.58868,-380.63364
444.78,-2008.3937,362.94775,-380.47372
444.8,-1965.128,362.46704,-380.47372
444.81998,-1941.0917,364.71033,-379.8342
444.84,-1989.1644,362.94775,-379.35455
444.86,-1989.1644,361.50565,-379.51443
444.88,-2118.961,362.30682,-378.8749
444.9,-1993.9716,361.8261,-378.8749
444.91998,-2042.0444,360.54422,-378.71503
444.94,-1998.779,361.98636,-378.23538
444.96,-2123.768,359.58286,-377.75574
444.97998,-1936.2842,362.46704,-377.75574
445.0,-2013.2008,359.42264,-377.1162
445.02,-1941.0917,361.3454,-376.63657
445.03998,-1844.946,361.50565,-376.95633
445.06,-1993.9716,359.58286,-376.47668
445.08,-1984.3572,359.7431,-375.99704
445.09998,-2013.2008,358.62146,-375.83716
445.12,-2018.008,360.22375,-375.5174
445.13998,-1965.128,359.2624,-375.03775
445.16,-2109.3464,354.1349,-375.03775
445.18,-1993.9716,357.66003,-374.718
445.19998,-2008.3937,356.8589,-374.39822
445.22,-1955.5134,357.17935,-374.07846
445.24,-1960.3208,357.33957,-373.43893
445.25998,-1965.128,356.53842,-373.43893
445.28,-2046.8518,354.29514,-373.11917
445.3,-1897.826,356.53842,-372.7994
445.31998,-1984.3572,355.41678,-372.31976
445.34,-1979.5498,355.577,-372.0
445.36,-2003.5862,355.41678,-371.84012
445.38,-2109.3464,357.17935,-372.15988
445.4,-1979.5498,354.6156,-371.0407
445.41998,-1936.2842,355.577,-371.0407
445.44,-1993.9716,353.81442,-371.2006
445.46,-2056.4663,354.29514,-370.72095
445.47998,-1969.9352,354.1349,-370.40118
445.5,-1950.7063,353.97467,-369.60178
445.52,-2051.659,351.25067,-369.76166
445.53998,-1912.2478,353.65417,-369.60178
445.56,-1936.2842,353.49396,-369.4419
445.58,-2032.43,350.28928,-368.4826
445.59998,-2013.2008,351.73138,-368.00296
445.62,-2003.5862,352.69278,-368.4826
445.63998,-2042.0444,349.80856,-367.6832
445.66,-1993.9716,350.28928,-367.6832
445.68,-1969.9352,351.41092,-367.20352
445.69998,-1945.8988,351.41092,-366.8838
445.72,-2022.8154,348.68692,-367.04367
445.74,-1984.3572,349.9688,-366.40414
445.75998,-1931.477,352.3723,-366.08438
445.78,-1979.5498,349.80856,-365.60474
445.8,-1902.6334,350.9302,-365.28497
445.81998,-1931.477,350.12903,-364.9652
445.84,-2022.8154,347.4051,-364.32568
445.86,-1960.3208,349.32785,-364.48557
445.88,-2085.31,348.84717,-364.48557
445.9,-1912.2478,349.16763,-363.3664
445.91998,-1960.3208,347.24484,-363.68616
445.94,-1989.1644,347.08463,-363.2065
445.96,-1941.0917,349.0074,-363.04663
445.97998,-1965.128,346.6039,-362.2472
446.0,-1950.7063,346.44366,-362.40707
446.02,-1989.1644,345.64252,-361.28793
446.03998,-1897.826,347.72556,-361.76755
446.06,-1955.5134,346.1232,-361.4478
446.08,-1984.3572,344.2004,-361.12802
446.09998,-1965.128,345.00156,-360.4885
446.12,-1979.5498,344.2004,-360.6484
446.13998,-1989.1644,343.07877,-360.00888
446.16,-1941.0917,344.6811,-359.84897
446.18,-1960.3208,343.55945,-359.36932
446.19998,-1969.9352,343.39923,-358.56992
446.22,-1969.9352,342.4378,-358.7298
446.24,-1989.1644,342.91852,-358.41006
446.25998,-2042.0444,340.19455,-358.56992
446.28,-1969.9352,341.95712,-357.61066
446.3,-1965.128,343.55945,-357.9304
446.31998,-1960.3208,342.11734,-357.2909
446.34,-2022.8154,339.87408,-356.9711
446.36,-1993.9716,340.83548,-356.81122
446.38,-1979.5498,342.4378,-356.65137
446.4,-1955.5134,341.15594,-356.01184
446.41998,-1989.1644,340.19455,-355.85196
446.44,-1974.7427,339.87408,-355.53217
446.46,-1960.3208,339.87408,-355.05252
446.47998,-1979.5498,338.27173,-355.05252
446.5,-1965.128,338.91266,-354.5729
446.52,-1950.7063,339.5536,-354.413
446.53998,-1993.9716,336.50916,-354.5729
446.56,-1965.128,338.27173,-354.2531
446.58,-1965.128,338.75244,-353.45374
446.59998,-1955.5134,338.5922,-353.13394
446.62,-2008.3937,336.3489,-352.6543
446.63998,-1974.7427,336.82962,-352.49442
446.66,-1969.9352,336.3489,-352.01477
446.68,-1993.9716,335.2273,-352.01477
446.69998,-1941.0917,336.82962,-351.8549
446.72,-1984.3572,334.58636,-351.69504
446.74,-1984.3572,334.90683,-351.21536
446.75998,-1989.1644,334.7466,-350.416
446.78,-1989.1644,334.10565,-350.416
446.8,-1960.3208,336.02844,-349.9363
446.81998,-1984.3572,333.46472,-349.9363
446.84,-1974.7427,334.10565,-349.45667
446.86,-1969.9352,334.2659,-349.29678
446.88,-1936.2842,335.38754,-348.97702
446.9,-1965.128,333.46472,-348.1776
446.91998,-1941.0917,334.10565,-348.3375
446.94,-1888.2114,334.58636,-348.3375
446.96,-1950.7063,332.34308,-347.5381
446.97998,-1979.5498,331.8624,-347.37823
447.0,-1926.6698,332.50333,-347.05844
447.02,-1974.7427,331.06122,-346.4189
447.03998,-1969.9352,331.8624,-346.5788
447.06,-1989.1644,331.38168,-346.09918
447.08,-1974.7427,330.26004,-346.09918
447.09998,-2003.5862,329.6191,-345.7794
447.12,-1955.5134,329.93958,-345.6195
447.13998,-1979.5498,330.09982,-345.29974
447.16,-1989.1644,328.177,-344.66022
447.18,-1945.8988,328.81793,-344.66022
447.19998,-1998.779,327.85654,-344.18057
447.22,-2008.3937,326.7349,-344.18057
447.24,-1969.9352,327.6963,-343.54105
447.25998,-1960.3208,328.01675,-343.06143
447.28,-1989.1644,326.25418,-342.90152
447.3,-1950.7063,327.6963,-342.262
447.31998,-1993.9716,324.81207,-342.74164
447.34,-1979.5498,327.21558,-341.78235
447.36,-1965.128,327.6963,-341.78235
447.38,-1965.128,325.93372,-341.62247
447.4,-1979.5498,325.61325,-340.82306
447.41998,-2013.2008,323.69043,-340.82306
447.44,-1979.5498,324.97232,-340.5033
447.46,-1960.3208,324.97232,-340.3434
447.47998,-1945.8988,325.77347,-339.544
447.5,-2003.5862,323.5302,-339.3841
447.52,-2051.659,322.72906,-338.74457
447.53998,-1984.3572,324.33136,-338.90448
447.56,-1989.1644,322.56882,-338.74457
447.58,-2008.3937,322.4086,-338.26495
447.59998,-1960.3208,322.72906,-338.10507
447.62,-1955.5134,323.20978,-337.62543
447.63998,-1926.6698,322.72906,-337.46555
447.66,-1965.128,321.76767,-336.82602
447.68,-2022.8154,320.1653,-336.82602
447.69998,-1984.3572,320.80624,-336.1865
447.72,-2022.8154,320.1653,-336.0266
447.74,-1979.5498,321.60742,-335.86673
447.75998,-1974.7427,320.00507,-335.54697
447.78,-1931.477,320.80624,-335.3871
447.8,-1926.6698,320.64603,-334.90744
447.81998,-1917.0553,321.60742,-334.58768
447.84,-2027.6226,318.40274,-334.2679
447.86,-2022.8154,318.08228,-333.94812
447.88,-2008.3937,317.12085,-333.78824
447.9,-1960.3208,318.7232,-333.3086
447.91998,-1955.5134,318.88342,-333.3086
447.94,-1960.3208,318.40274,-332.66907
447.96,-1989.1644,317.12085,-332.98886
447.97998,-1984.3572,317.4413,-332.34933
448.0,-1965.128,316.80038,-332.18945
448.02,-1998.779,315.9992,-331.7098
448.03998,-2032.43,314.8776,-331.8697
448.06,-1969.9352,315.9992,-331.23016
448.08,-1974.7427,315.9992,-330.59064
448.09998,-2003.5862,313.115,-329.79123
448.12,-1998.779,313.91617,-330.27084
448.13998,-2013.2008,314.23663,-329.79123
448.16,-1993.9716,312.6343,-328.9918
448.18,-1965.128,314.07642,-329.47144
448.19998,-2022.8154,312.6343,-329.1517
448.22,-1974.7427,313.4355,-328.35226
448.24,-1979.5498,312.79453,-328.67206
448.25998,-1993.9716,311.03198,-327.87262
448.28,-1993.9716,312.47406,-327.55286
448.3,-1989.1644,311.99338,-326.91333
448.31998,-1950.7063,312.6343,-326.91333
448.34,-1965.128,311.51266,-326.59357
448.36,-1960.3208,311.03198,-326.27383
448.38,-1931.477,312.47406,-326.11395
448.4,-1969.9352,311.03198,-325.95404
448.41998,-1989.1644,310.39105,-325.47443
448.44,-1979.5498,310.0706,-324.99478
448.46,-1979.5498,309.2694,-324.99478
448.47998,-1974.7427,309.91034,-324.675
448.5,-1965.128,309.1092,-324.19534
448.52,-1989.1644,308.62848,-323.71573
448.53998,-1950.7063,309.58987,-323.87558
448.56,-2013.2008,307.8273,-323.39594
448.58,-1955.5134,308.308,-322.7564
448.59998,-1955.5134,307.50684,-322.9163
448.62,-1965.128,307.02612,-322.27676
448.63998,-1950.7063,307.8273,-321.957
448.66,-1950.7063,307.66708,-321.79712
448.68,-1955.5134,306.70566,-321.47736
448.69998,-1974.7427,306.3852,-320.83783
448.72,-1979.5498,305.584,-320.83783
448.74,-1979.5498,304.94308,-320.83783
448.75998,-1979.5498,305.90448,-319.87854
448.78,-2042.0444,303.50098,-320.3582
448.8,-1960.3208,305.26355,-319.3989
448.81998,-1945.8988,304.78284,-319.3989
448.84,-1993.9716,304.46237,-318.91925
448.86,-1931.477,304.78284,-318.75937
448.88,-1902.6334,304.30215,-318.4396
448.9,-1984.3572,303.66122,-318.11984
448.91998,-1984.3572,302.05887,-317.95996
448.94,-1969.9352,303.02026,-317.32043
448.96,-1960.3208,302.53958,-317.16055
448.97998,-1936.2842,303.66122,-317.00067
449.0,-1989.1644,301.57816,-316.3611
449.02,-1945.8988,301.7384,-316.52103
449.03998,-2003.5862,300.2963,-316.3611
449.06,-1931.477,302.05887,-315.40186
449.08,-1979.5498,300.61676,-314.9222
449.09998,-1989.1644,298.8542,-314.76233
449.12,-1921.8624,301.7384,-314.44254
449.13998,-1993.9716,299.0144,-314.28268
449.16,-1965.128,299.81558,-313.803
449.18,-1955.5134,299.17465,-313.64316
449.19998,-2032.43,296.13022,-313.16348
449.22,-1945.8988,300.13605,-313.16348
449.24,-1993.9716,298.05304,-312.68384
449.25998,-1984.3572,298.05304,-312.3641
449.28,-1984.3572,297.57233,-311.88446
449.3,-1965.128,297.25186,-311.4048
449.31998,-1955.5134,298.2133,-311.08505
449.34,-1960.3208,296.29047,-310.92517
449.36,-1955.5134,296.9314,-310.44553
449.38,-1806.4878,297.57233,-310.2856
449.4,-1974.7427,296.61093,-309.96588
449.41998,-1969.9352,295.4893,-309.96588
449.44,-1917.0553,295.80975,-309.4862
449.46,-1960.3208,294.5279,-308.84668
449.47998,-1950.7063,295.4893,-309.16647
449.5,-1955.5134,294.04718,-308.52695
449.52,-1931.477,295.64954,-308.20715
449.53998,-2027.6226,291.96414,-307.56763
449.56,-1941.0917,294.20743,-307.40778
449.58,-1984.3572,293.246,-307.24786
449.59998,-1917.0553,294.6881,-306.76825
449.62,-1921.8624,293.40625,-306.9281
449.63998,-2013.2008,290.68225,-306.44846
449.66,-1941.0917,293.246,-305.4892
449.68,-1926.6698,292.76532,-306.28857
449.69998,-1907.4407,292.2846,-305.32928
449.72,-2003.5862,290.8425,-305.1694
449.74,-2022.8154,289.24014,-304.68976
449.75998,-1969.9352,290.04132,-304.68976
449.78,-1936.2842,290.8425,-304.05023
449.8,-1854.5605,293.0858,-303.73047
449.81998,-1955.5134,289.4004,-303.5706
449.84,-1945.8988,288.91968,-303.4107
449.86,-1936.2842,289.24014,-302.6113
449.88,-1844.946,289.07993,-302.45145
449.9,-1917.0553,289.4004,-302.29153
449.91998,-1955.5134,287.47757,-302.29153
449.94,-1974.7427,287.47757,-301.8119
449.96,-1907.4407,288.5992,-301.652
449.97998,-1998.779,285.0741,-300.69272
450.0,-1907.4407,287.95828,-300.69272
450.02,-1965.128,286.19574,-300.69272
450.03998,-2037.2372,284.59338,-299.73343
450.06,-2013.2008,285.0741,-300.0532
450.08,-1993.9716,286.35596,-299.41367
450.09998,-1984.3572,284.43317,-299.57355
450.12,-1950.7063,283.632,-299.41367
450.13998,-1912.2478,284.91385,-298.45438
450.16,-1984.3572,284.1127,-298.45438
450.18,-1945.8988,285.0741,-297.97473
450.19998,-1897.826,285.5548,-297.97473
450.22,-2037.2372,282.8308,-297.3352
450.24,-1984.3572,282.18988,-297.17532
450.25998,-1917.0553,284.1127,-297.17532
450.28,-1998.779,281.3887,-296.37592
450.3,-1950.7063,283.47174,-296.05615
450.31998,-1955.5134,282.51035,-296.216
450.34,-1902.6334,283.79224,-295.89627
450.36,-1974.7427,281.06824,-295.25674
450.38,-1931.477,280.26706,-294.4573
450.4,-1893.0188,282.99106,-294.7771
450.41998,-1993.9716,279.30566,-294.13757
450.44,-1950.7063,280.90802,-294.4573
450.46,-1926.6698,280.90802,-293.81778
450.47998,-1984.3572,279.62613,-293.49805
450.5,-1917.0553,279.30566,-293.33813
450.52,-1945.8988,279.78638,-293.17825
450.53998,-2186.263,273.85773,-292.53873
450.56,-2008.3937,277.86356,-292.219
450.58,-1993.9716,277.86356,-292.219
450.59998,-1926.6698,278.5045,-291.57947
450.62,-1969.9352,277.22263,-291.25967
450.63998,-1989.1644,276.5817,-290.62015
450.66,-1907.4407,278.0238,-290.78003
450.68,-1936.2842,277.5431,-290.4603
450.69998,-1950.7063,276.10098,-290.1405
450.72,-2008.3937,274.3384,-289.50098
450.74,-1965.128,275.46005,-289.02133
450.75998,-1969.9352,275.2998,-289.02133
450.78,-1936.2842,276.42145,-288.3818
450.8,-2003.5862,274.49863,-288.54172
450.81998,-1955.5134,274.3384,-288.06204
450.84,-1897.826,275.78052,-287.9022
450.86,-2003.5862,272.89633,-287.42252
450.88,-1965.128,270.33258,-287.10275
450.9,-1979.5498,273.85773,-286.94287
450.91998,-1926.6698,274.01797,-286.46323
450.94,-1969.9352,272.73608,-286.6231
450.96,-2003.5862,270.33258,-286.30334
450.97998,-1912.2478,272.73608,-285.18417
451.0,-2013.2008,271.29398,-285.18417
451.02,-1955.5134,271.61444,-285.0243
451.03998,-2066.0808,268.24954,-284.38477
451.06,-1984.3572,269.69165,-284.38477
451.08,-1955.5134,270.33258,-283.90512
451.09998,-1960.3208,270.8133,-283.58533
451.12,-2123.768,266.16647,-283.2656
451.13998,-1965.128,269.3712,-283.2656
451.16,-2022.8154,267.28812,-282.9458
451.18,-1945.8988,268.73022,-282.4662
451.19998,-1888.2114,270.8133,-281.82666
451.22,-2066.0808,265.52554,-281.66675
451.24,-1960.3208,268.0893,-281.34702
451.25998,-1960.3208,268.40976,-281.34702
451.28,-1969.9352,266.96765,-280.86737
451.3,-1945.8988,267.60858,-280.54758
451.31998,-1941.0917,266.80743,-280.54758
451.34,-1960.3208,266.6472,-280.22784
451.36,-1936.2842,266.80743,-279.58832
451.38,-1974.7427,264.56415,-279.26852
451.4,-1926.6698,265.6858,-278.9488
451.41998,-1989.1644,266.00626,-278.629
451.44,-1989.1644,263.60275,-278.30927
451.46,-1917.0553,266.80743,-277.66974
451.47998,-2013.2008,262.80157,-277.82962
451.5,-1945.8988,264.56415,-277.50983
451.52,-1945.8988,263.76297,-277.34995
451.53998,-2008.3937,261.5197,-277.34995
451.56,-1979.5498,262.9618,-276.71042
451.58,-1979.5498,262.32086,-276.0709
451.59998,-1941.0917,263.4425,-276.0709
451.62,-2018.008,260.23785,-275.43137
451.63998,-1965.128,261.84018,-275.43137
451.66,-1955.5134,261.03903,-274.632
451.68,-1878.597,263.76297,-274.632
451.69998,-1830.5242,264.8846,-273.83255
451.72,-1917.0553,262.16064,-273.99246
451.74,-2022.8154,257.99457,-273.5128
451.75998,-1984.3572,259.27646,-273.67267
451.78,-1931.477,260.71857,-273.03314
451.8,-1984.3572,258.47528,-273.03314
451.81998,-1917.0553,260.0776,-272.71338
451.84,-1936.2842,259.75714,-272.23373
451.86,-1965.128,257.83435,-271.5942
451.88,-1969.9352,257.1934,-271.91397
451.9,-1984.3572,257.03317,-271.27444
451.91998,-1907.4407,259.59692,-270.47504
451.94,-1945.8988,257.35364,-270.31516
451.96,-1974.7427,255.91153,-270.31516
451.97998,-1969.9352,256.232,-270.15527
452.0,-1950.7063,255.59106,-269.8355
452.02,-1888.2114,257.6741,-269.03607
452.03998,-1960.3208,255.59106,-269.19598
452.06,-1950.7063,254.78989,-268.87622
452.08,-1950.7063,255.2706,-268.55646
452.09998,-1989.1644,253.50803,-267.91693
452.12,-1974.7427,253.66824,-267.75702
452.13998,-1917.0553,255.2706,-267.59717
452.16,-1926.6698,254.78989,-266.95764
452.18,-1979.5498,252.86707,-266.79776
452.19998,-1844.946,255.11035,-266.3181
452.22,-1936.2842,253.98871,-265.83844
452.24,-1897.826,253.66824,-265.99832
452.25998,-1912.2478,254.14896,-265.03906
452.28,-1979.5498,252.54662,-264.87918
452.3,-1984.3572,251.58522,-264.39954
452.31998,-1950.7063,251.42497,-264.71927
452.34,-1960.3208,251.42497,-264.07974
452.36,-1907.4407,251.58522,-263.76
452.38,-2085.31,247.2589,-263.76
452.4,-1921.8624,251.26476,-263.28033
452.41998,-1883.4043,251.74544,-262.6408
452.44,-1945.8988,250.46358,-262.48096
452.46,-1979.5498,249.82265,-261.68152
452.47998,-1945.8988,248.54077,-261.68152
452.5,-1965.128,248.701,-261.36176
452.52,-1936.2842,249.50217,-261.042
452.53998,-1926.6698,248.06006,-260.8821
452.56,-1950.7063,247.89983,-260.72223
452.58,-1979.5498,245.65657,-260.24258
452.59998,-1969.9352,246.77818,-259.92282
452.62,-1984.3572,244.8554,-260.40247
452.63998,-1965.128,247.09866,-259.44318
452.66,-1878.597,248.22029,-258.96353
452.68,-1969.9352,244.53493,-258.324
452.69998,-1835.3314,246.93843,-258.324
452.72,-1859.3679,246.61795,-258.00424
452.74,-1921.8624,245.8168,-257.36472
452.75998,-1936.2842,244.53493,-257.04495
452.78,-1950.7063,244.21446,-256.88504
452.8,-1941.0917,244.69516,-256.2455
452.81998,-1921.8624,246.13727,-256.2455
452.84,-1902.6334,244.21446,-256.08566
452.86,-1955.5134,242.77235,-255.92578
452.88,-2051.659,242.61212,-254.80661
452.9,-1945.8988,243.25305,-254.80661
452.91998,-1926.6698,243.73375,-254.64671
452.94,-1945.8988,242.45187,-254.00719
452.96,-1873.7897,243.25305,-254.00719
452.97998,-1921.8624,242.61212,-253.36766
453.0,-1945.8988,240.52907,-253.52756
453.02,-1941.0917,241.00977,-253.20778
453.03998,-1864.1752,241.33025,-252.40836
453.06,-1936.2842,240.6893,-252.08861
453.08,-1926.6698,240.52907,-251.92871
453.09998,-1917.0553,239.88815,-252.24849
453.12,-2200.6848,231.87645,-251.76883
453.13998,-1984.3572,237.8051,-250.96944
453.16,-1902.6334,239.88815,-250.80956
453.18,-1936.2842,238.92674,-250.64966
453.19998,-1748.8004,240.84953,-250.48978
453.22,-1883.4043,239.08698,-250.01013
453.24,-1859.3679,239.56767,-249.3706
453.25998,-1912.2478,237.64487,-249.21072
453.28,-1931.477,237.48463,-248.5712
453.3,-1965.128,236.20276,-248.25143
453.31998,-1902.6334,237.00394,-247.77179
453.34,-1965.128,234.76065,-247.61191
453.36,-1878.597,237.00394,-247.45203
453.38,-1974.7427,235.72206,-247.29214
453.4,-1917.0553,235.56183,-246.97238
453.41998,-1883.4043,235.72206,-246.65262
453.44,-1955.5134,234.44019,-246.97238
453.46,-1816.1024,236.04253,-246.33286
453.47998,-1955.5134,233.15833,-245.8532
453.5,-1974.7427,232.35716,-245.53343
453.52,-1907.4407,233.63902,-245.21367
453.53998,-1835.3314,234.76065,-245.0538
453.56,-1888.2114,234.27995,-243.93462
453.58,-1960.3208,230.27411,-244.25438
453.59998,-1902.6334,232.9981,-244.09451
453.62,-2229.5283,226.10803,-243.77473
453.63998,-1854.5605,235.56183,-243.61485
453.66,-1897.826,232.19691,-242.81544
453.68,-1936.2842,230.11388,-242.81544
453.69998,-1816.1024,232.19691,-242.49568
453.72,-1921.8624,230.7548,-242.17592
453.74,-1989.1644,228.19107,-242.01604
453.75998,-1955.5134,229.15247,-241.21663
453.78,-1921.8624,228.832,-241.21663
453.8,-1931.477,229.47295,-241.21663
453.81998,-1926.6698,230.27411,-240.89687
453.84,-1917.0553,229.3127,-240.5771
453.86,-1945.8988,227.55014,-240.09744
453.88,-1979.5498,228.67177,-239.77768
453.9,-1897.826,228.03084,-239.77768
453.91998,-1907.4407,228.832,-239.13815
453.94,-1897.826,227.38991,-238.49863
453.96,-1830.5242,229.63318,-238.33876
453.97998,-1917.0553,227.22968,-238.17886
454.0,-1859.3679,227.22968,-237.8591
454.02,-1902.6334,226.58875,-237.8591
454.03998,-1835.3314,227.22968,-237.21957
454.06,-1974.7427,224.18523,-236.58005
454.08,-1945.8988,224.18523,-236.89981
454.09998,-1936.2842,224.18523,-235.94052
454.12,-2147.8047,222.90335,-235.78064
454.13998,-1883.4043,225.14664,-235.46088
454.16,-1941.0917,223.38405,-234.82135
454.18,-1941.0917,222.42265,-235.14111
454.19998,-1921.8624,222.26242,-234.82135
454.22,-1941.0917,221.62149,-234.66145
454.24,-1912.2478,223.22382,-233.86206
454.25998,-1907.4407,222.90335,-233.5423
454.28,-1931.477,220.6601,-233.70216
454.3,-1883.4043,223.06358,-232.58301
454.31998,-1921.8624,221.94196,-232.90277
454.34,-1917.0553,220.17938,-232.58301
454.36,-1921.8624,220.98056,-231.94347
454.38,-1888.2114,221.30103,-231.78358
454.4,-1979.5498,217.4554,-231.46382
454.41998,-1931.477,219.53845,-230.8243
454.44,-1936.2842,219.05775,-230.98418
454.46,-1868.9824,219.05775,-230.50453
454.47998,-1902.6334,218.73727,-230.66441
454.5,-1921.8624,218.8975,-229.865
454.52,-1926.6698,217.77588,-229.70512
454.53998,-1820.9095,218.73727,-228.74583
454.56,-1936.2842,217.13493,-228.74583
454.58,-1888.2114,219.21799,-228.42606
454.59998,-1907.4407,217.29517,-228.42606
454.62,-1883.4043,221.30103,-228.26617
454.63998,-1950.7063,215.05191,-227.147
454.66,-1936.2842,215.37238,-227.147
454.68,-1864.1752,216.81447,-227.147
454.69998,-1893.0188,216.65424,-226.66736
454.72,-1902.6334,215.21214,-226.18771
454.74,-1979.5498,213.77003,-226.02783
454.75998,-1936.2842,214.0905,-225.54817
454.78,-1907.4407,214.41096,-225.3883
454.8,-1864.1752,216.01329,-224.74878
454.81998,-1921.8624,213.28934,-225.06854
454.84,-1912.2478,213.44957,-224.42902
454.86,-1878.597,214.41096,-224.26912
454.88,-1888.2114,213.6098,-223.78949
454.9,-1893.0188,213.28934,-223.6296
454.91998,-1955.5134,211.20628,-223.6296
454.94,-1902.6334,212.32793,-222.99007
454.96,-1888.2114,212.00746,-222.6703
454.97998,-1926.6698,210.88582,-221.8709
455.0,-1907.4407,209.76418,-222.35054
455.02,-1897.826,211.04605,-221.55113
455.03998,-1792.066,212.64839,-220.75172
455.06,-1936.2842,210.72559,-220.75172
455.08,-1902.6334,210.08464,-220.43196
455.09998,-1912.2478,210.08464,-220.43196
455.12,-1787.2587,211.52675,-220.43196
455.13998,-1926.6698,208.64255,-219.47266
455.16,-1945.8988,206.87997,-219.47266
455.18,-1965.128,205.5981,-218.67326
455.19998,-1864.1752,209.60394,-218.51337
455.22,-1893.0188,208.64255,-218.03374
455.24,-1897.826,207.20045,-217.87384
455.25998,-1960.3208,205.27763,-217.87384
455.28,-1868.9824,206.87997,-217.3942
455.3,-1893.0188,206.23904,-216.75467
455.31998,-1917.0553,206.55951,-216.59479
455.34,-1926.6698,205.75835,-216.11514
455.36,-1945.8988,203.83553,-216.11514
455.38,-1849.7533,205.91858,-215.47562
455.4,-1902.6334,204.47647,-215.31573
455.41998,-1941.0917,203.19461,-215.15585
455.44,-1993.9716,201.59227,-214.83609
455.46,-1907.4407,204.15599,-214.19656
455.47998,-1878.597,203.6753,-214.19656
455.5,-1912.2478,202.39343,-213.8768
455.52,-1969.9352,200.79109,-213.55704
455.53998,-1787.2587,204.6367,-212.59773
455.56,-1926.6698,202.2332,-212.59773
455.58,-1840.1388,203.51506,-212.43785
455.59998,-1998.779,198.54782,-212.43785
455.62,-1854.5605,203.51506,-211.63844
455.63998,-1912.2478,201.2718,-211.47856
455.66,-1960.3208,199.50922,-211.47856
455.68,-1883.4043,201.7525,-210.83904
455.69998,-2003.5862,197.58641,-210.67914
455.72,-1945.8988,198.22734,-210.51927
455.74,-1868.9824,200.3104,-209.71985
455.75998,-1945.8988,197.42618,-209.40009
455.78,-1897.826,199.18875,-209.24022
455.8,-1921.8624,198.06711,-208.60068
455.81998,-1893.0188,198.38759,-208.12103
455.84,-1917.0553,197.42618,-208.12103
455.86,-1878.597,198.54782,-207.80127
455.88,-1830.5242,199.18875,-207.00186
455.9,-1912.2478,196.78526,-206.6821
455.91998,-1917.0553,196.62502,-206.6821
455.94,-1941.0917,195.1829,-206.6821
455.96,-1955.5134,195.02267,-206.04257
455.97998,-1912.2478,195.66362,-205.88269
456.0,-1907.4407,195.50339,-205.24315
456.02,-1878.597,195.34315,-205.08328
456.03998,-1912.2478,194.22151,-204.44376
456.06,-1893.0188,195.34315,-204.28386
456.08,-1883.4043,194.38174,-203.80423
456.09998,-1955.5134,192.45894,-203.80423
456.12,-1902.6334,193.42033,-203.48447
456.13998,-1936.2842,191.3373,-203.48447
456.16,-1897.826,193.42033,-202.68504
456.18,-1868.9824,193.09987,-202.52516
456.19998,-1921.8624,191.65776,-202.04552
456.22,-1907.4407,191.65776,-201.72575
456.24,-1912.2478,191.818,-201.56586
456.25998,-1897.826,190.53613,-201.08623
456.28,-1931.477,190.69637,-200.92633
456.3,-1897.826,190.05544,-200.60657
456.31998,-1893.0188,190.53613,-200.12694
456.34,-1907.4407,189.73497,-199.64728
456.36,-1883.4043,190.05544,-199.80716
456.38,-1820.9095,191.65776,-199.4874
456.4,-1868.9824,190.53613,-199.00775
456.41998,-1897.826,188.61333,-198.5281
456.44,-1888.2114,188.77356,-198.20834
456.46,-1965.128,186.37006,-197.88858
456.47998,-1840.1388,190.69637,-197.40894
456.5,-1888.2114,187.01099,-197.56882
456.52,-1859.3679,187.9724,-197.08917
456.53998,-1897.826,186.69052,-196.44963
456.56,-1897.826,187.01099,-196.44963
456.58,-1902.6334,186.20981,-195.65024
456.59998,-1864.1752,187.01099,-195.97
456.62,-1921.8624,186.37006,-195.17058
456.63998,-1888.2114,186.53029,-194.85081
456.66,-1859.3679,186.69052,-194.53105
456.68,-1897.826,184.76773,-194.53105
456.69998,-1926.6698,182.84491,-193.73164
456.72,-1912.2478,183.48586,-193.57176
456.74,-1936.2842,182.84491,-193.57176
456.75998,-1926.6698,182.68468,-192.93224
456.78,-1912.2478,183.32562,-193.0921
456.8,-1873.7897,183.48586,-192.29271
456.81998,-1926.6698,182.20398,-191.81305
456.84,-1921.8624,181.56303,-191.81305
456.86,-1888.2114,182.68468,-191.81305
456.88,-1998.779,179.64023,-190.69388
456.9,-1917.0553,181.24257,-190.85376
456.91998,-1960.3208,178.9993,-190.534
456.94,-1984.3572,178.35837,-190.37411
456.96,-1873.7897,181.4028,-189.89447
456.97998,-1950.7063,178.67883,-189.41483
457.0,-1926.6698,178.0379,-189.09506
457.02,-1868.9824,179.15953,-188.7753
457.03998,-1888.2114,178.5186,-188.61542
457.06,-1897.826,178.35837,-188.29565
457.08,-1907.4407,176.75603,-187.49625
457.09998,-1931.477,175.95486,-187.33635
457.12,-1902.6334,175.95486,-187.49625
457.13998,-1873.7897,177.07649,-186.85672
457.16,-1893.0188,177.07649,-187.01659
457.18,-1897.826,177.87767,-186.0573
457.19998,-1941.0917,175.6344,-186.0573
457.22,-1974.7427,173.87181,-186.0573
457.24,-1897.826,175.31392,-185.57765
457.25998,-1955.5134,172.58994,-184.77824
457.28,-1888.2114,175.15369,-184.61835
457.3,-1897.826,173.87181,-184.45848
457.31998,-1902.6334,174.67299,-183.65906
457.34,-1902.6334,174.19229,-183.65906
457.36,-1912.2478,172.75018,-183.49919
457.38,-1931.477,172.10925,-183.3393
457.4,-1902.6334,172.75018,-182.69977
457.41998,-1878.597,173.55135,-182.5399
457.44,-1921.8624,172.26949,-182.06024
457.46,-1816.1024,173.71158,-181.90036
457.47998,-1912.2478,170.18645,-181.26083
457.5,-1888.2114,172.42972,-181.10095
457.52,-1945.8988,170.98761,-180.78119
457.53998,-1921.8624,170.02621,-180.30154
457.56,-1917.0553,170.02621,-180.46143
457.58,-1893.0188,170.82738,-179.98178
457.59998,-1854.5605,171.30809,-179.66202
457.62,-1873.7897,170.02621,-179.34225
457.63998,-1864.1752,170.18645,-178.70273
457.66,-1950.7063,167.30223,-178.54283
457.68,-1893.0188,168.5841,-177.74342
457.69998,-1883.4043,169.86598,-177.58354
457.72,-1868.9824,167.6227,-177.58354
457.74,-1878.597,167.46246,-176.94402
457.75998,-1941.0917,165.6999,-177.1039
457.78,-1955.5134,166.50107,-176.46437
457.8,-1917.0553,166.50107,-176.30449
457.81998,-1873.7897,166.98177,-175.82483
457.84,-1883.4043,165.53967,-175.66496
457.86,-1868.9824,166.02037,-175.66496
457.88,-1854.5605,166.1806,-175.1853
457.9,-1921.8624,164.89873,-174.70567
457.91998,-1941.0917,163.29639,-174.54578
457.94,-1936.2842,163.29639,-173.90625
457.96,-1897.826,162.97592,-174.22601
457.97998,-1926.6698,163.29639,-173.26672
458.0,-1893.0188,164.2578,-173.10684
458.02,-1854.5605,163.93733,-172.46732
458.03998,-1902.6334,162.65546,-172.30743
458.06,-1888.2114,163.13615,-171.50801
458.08,-1878.597,162.17476,-171.66791
458.09998,-1960.3208,159.77126,-171.66791
458.12,-1873.7897,162.97592,-170.86848
458.13998,-1873.7897,161.05312,-170.54872
458.16,-1931.477,159.93149,-170.54872
458.18,-1950.7063,159.45079,-170.06908
458.19998,-1878.597,161.37358,-169.74931
458.22,-1878.597,160.25194,-169.42955
458.24,-1926.6698,159.45079,-169.42955
458.25998,-1969.9352,158.00868,-168.79002
458.28,-1969.9352,157.2075,-168.63014
458.3,-1868.9824,159.29056,-167.83073
458.31998,-1907.4407,158.32915,-168.31038
458.34,-1849.7533,159.45079,-167.83073
458.36,-1840.1388,160.25194,-167.19121
458.38,-1917.0553,157.04727,-166.39178
458.4,-1907.4407,157.36775,-166.87144
458.41998,-1931.477,156.40634,-166.07202
458.44,-1897.826,156.24611,-166.07202
458.46,-1878.597,156.56657,-165.59238
458.47998,-1878.597,156.56657,-165.4325
458.5,-1936.2842,154.3233,-164.79297
458.52,-1888.2114,155.92564,-164.63309
458.53998,-1888.2114,155.2847,-164.4732
458.56,-1816.1024,156.88704,-163.67378
458.58,-1902.6334,154.804,-163.83368
458.59998,-1902.6334,154.3233,-163.19415
458.62,-1883.4043,154.804,-163.19415
458.63998,-1955.5134,152.4005,-162.7145
458.66,-1888.2114,153.20168,-162.39473
458.68,-1859.3679,154.00282,-162.07497
458.69998,-1945.8988,151.11862,-161.7552
458.72,-1878.597,152.72098,-161.11568
458.74,-1883.4043,151.9198,-161.27556
458.75998,-1945.8988,149.67653,-160.63603
458.78,-1873.7897,151.9198,-160.63603
458.8,-1912.2478,151.75957,-160.15639
458.81998,-1912.2478,149.83676,-159.83662
458.84,-1931.477,148.71512,-159.35696
458.86,-1921.8624,148.87535,-159.1971
458.88,-1893.0188,149.03558,-159.35696
458.9,-1816.1024,151.4391,-158.71744
458.91998,-1816.1024,152.56073,-157.91803
458.94,-1912.2478,148.87535,-157.2785
458.96,-1792.066,150.15723,-157.11862
458.97998,-1897.826,148.39465,-157.2785
459.0,-1888.2114,147.91394,-156.95874
459.02,-1921.8624,146.31161,-156.31921
459.03998,-1801.6804,149.35605,-156.15933
459.06,-1859.3679,148.23442,-155.99945
459.08,-1888.2114,146.6321,-155.83957
459.09998,-1868.9824,147.75372,-155.20003
459.12,-1873.7897,146.79233,-154.88026
459.13998,-1868.9824,146.79233,-154.40062
459.16,-1868.9824,146.47185,-153.60121
459.18,-1888.2114,145.51045,-153.7611
459.19998,-1965.128,143.26717,-153.44133
459.22,-1859.3679,146.15138,-153.28145
459.24,-1830.5242,145.02975,-153.28145
459.25998,-1873.7897,143.42741,-152.8018
459.28,-1984.3572,141.18414,-152.48203
459.3,-1883.4043,144.22858,-152.0024
459.31998,-1902.6334,143.42741,-151.52274
459.34,-1816.1024,145.02975,-151.20297
459.36,-1878.597,142.14554,-151.0431
459.38,-1931.477,141.18414,-150.72334
459.4,-1844.946,143.26717,-149.76404
459.41998,-1888.2114,142.14554,-149.76404
459.44,-1907.4407,140.86368,-149.60416
459.46,-1782.4514,142.78647,-149.60416
459.47998,-1868.9824,141.82506,-148.3251
459.5,-1864.1752,140.86368,-148.64487
459.52,-1878.597,141.02391,-148.48497
459.53998,-1907.4407,140.86368,-148.00534
459.56,-1844.946,140.70345,-147.52568
459.58,-1849.7533,140.54321,-147.36581
459.59998,-1873.7897,139.26134,-147.20592
459.62,-1873.7897,138.1397,-146.72629
459.63998,-1849.7533,140.0625,-146.24663
459.66,-1864.1752,139.74203,-146.24663
459.68,-1820.9095,140.86368,-145.44722
459.69998,-1888.2114,138.94087,-145.12744
459.72,-1888.2114,135.89642,-145.28734
459.74,-1849.7533,137.81923,-144.64781
459.75998,-1792.066,139.42157,-144.64781
459.78,-1873.7897,136.69759,-143.84839
459.8,-1864.1752,137.01805,-143.52863
459.81998,-1917.0553,133.65315,-143.36874
459.84,-1825.7169,136.85782,-143.04898
459.86,-1864.1752,135.57594,-142.72922
459.88,-1897.826,134.45433,-142.56934
459.9,-1849.7533,135.2555,-142.40945
459.91998,-1878.597,134.61456,-141.45016
459.94,-1859.3679,134.7748,-141.29028
459.96,-1864.1752,132.05081,-140.97052
459.97998,-1840.1388,134.2941,-140.49086
460.0,-1883.4043,133.49292,-140.1711
460.02,-1864.1752,133.97362,-140.01122
460.03998,-1854.5605,133.65315,-139.37169
460.06,-1864.1752,133.01222,-139.2118
460.08,-1873.7897,131.73035,-139.2118
460.09998,-1864.1752,132.37128,-138.57228
460.12,-1868.9824,131.57011,-138.57228
460.13998,-1878.597,129.80754,-138.73216
460.16,-1859.3679,132.21104,-137.77287
460.18,-1883.4043,130.28824,-137.61298
460.19998,-1897.826,131.73035,-136.81358
460.22,-1868.9824,129.32683,-136.97345
460.24,-1873.7897,129.1666,-136.49382
460.25998,-1864.1752,127.88474,-136.65369
460.28,-1873.7897,127.40404,-136.17406
460.3,-1844.946,129.64731,-135.6944
460.31998,-1859.3679,127.88474,-135.21475
460.34,-1883.4043,128.04498,-135.05487
460.36,-1868.9824,127.243805,-134.57521
460.38,-1878.597,125.48123,-134.41534
460.4,-1897.826,124.840294,-133.77582
460.41998,-1840.1388,126.44264,-133.61592
460.44,-1849.7533,126.28241,-132.81653
460.46,-1969.9352,121.15493,-133.13629
460.47998,-1844.946,125.8017,-132.49677
460.5,-1897.826,124.19936,-132.33687
460.52,-1859.3679,125.000534,-131.85724
460.53998,-1868.9824,124.68006,-131.21768
460.56,-1893.0188,123.39819,-131.05782
460.58,-1840.1388,124.51983,-130.73805
460.59998,-1893.0188,122.75726,-130.89792
460.62,-1912.2478,122.43679,-130.57816
460.63998,-1816.1024,123.55843,-130.25839
460.66,-1859.3679,121.47539,-129.93863
460.68,-1816.1024,123.55843,-129.2991
460.69998,-1926.6698,121.63562,-129.13924
460.72,-1893.0188,120.99469,-128.33981
460.74,-1893.0188,120.51399,-128.65958
460.75998,-1820.9095,121.95609,-128.17993
460.78,-1873.7897,119.873055,-127.5404
460.8,-1763.2223,122.59702,-127.38052
460.81998,-1849.7533,120.51399,-126.90086
460.84,-1849.7533,120.35376,-126.74099
460.86,-1854.5605,119.55259,-126.26134
460.88,-1893.0188,118.11049,-126.42123
460.9,-1893.0188,117.46955,-125.941574
460.91998,-1868.9824,117.790016,-125.62181
460.94,-1893.0188,117.30932,-125.14217
460.96,-1955.5134,113.944405,-124.982285
460.97998,-1912.2478,115.70698,-124.34276
461.0,-1806.4878,117.790016,-124.34276
461.02,-1825.7169,117.790016,-123.863106
461.03998,-1868.9824,115.22627,-122.90382
461.06,-1897.826,115.54674,-123.22358
461.08,-1859.3679,116.34791,-123.0637
461.09998,-1936.2842,112.502304,-122.58405
461.12,-1758.415,118.11049,-122.10441
461.13998,-1840.1388,115.22627,-121.94453
461.16,-1825.7169,115.70698,-121.94453
461.18,-1840.1388,114.58534,-121.624756
461.19998,-1854.5605,116.66838,-120.50558
461.22,-1801.6804,116.50815,-120.50558
461.24,-1859.3679,112.66254,-120.185814
461.25998,-1835.3314,112.82277,-119.86605
461.28,-1888.2114,112.18183,-119.70617
461.3,-1868.9824,111.861374,-119.06664
461.31998,-1893.0188,110.0988,-119.06664
461.34,-1840.1388,112.02161,-118.74688
461.36,-1796.8732,113.143234,-118.26723
461.38,-1849.7533,112.502304,-118.26723
461.4,-1840.1388,112.82277,-117.62769
461.41998,-1830.5242,111.861374,-117.14805
461.44,-1893.0188,109.618095,-117.14805
461.46,-1989.1644,106.89413,-116.828285
461.47998,-1816.1024,110.5795,-116.18876
461.5,-1792.066,111.220436,-116.18876
461.52,-1806.4878,109.77833,-115.868996
461.53998,-1849.7533,106.41342,-115.22946
461.56,-1840.1388,109.45786,-115.54923
461.58,-1787.2587,110.419266,-115.06958
461.59998,-1849.7533,107.6953,-114.43005
461.62,-1840.1388,108.81693,-114.11029
461.63998,-1844.946,106.73389,-113.9504
461.66,-1811.295,107.374825,-113.9504
461.68,-1801.6804,108.33623,-113.310875
461.69998,-1873.7897,107.21459,-112.031815
461.72,-1825.7169,106.573654,-112.35158
461.74,-1868.9824,105.77249,-112.031815
461.75998,-1820.9095,106.89413,-111.87193
461.78,-1840.1388,104.97132,-111.55217
461.8,-1864.1752,104.49062,-111.39229
461.81998,-1864.1752,103.849686,-111.23241
461.84,-1768.0295,106.89413,-110.59288
461.86,-1816.1024,104.650856,-110.27311
461.88,-1859.3679,104.650856,-109.95335
461.9,-1816.1024,103.849686,-109.4737
461.91998,-1806.4878,104.650856,-109.31381
461.94,-1835.3314,103.36898,-108.99405
461.96,-1950.7063,101.92688,-108.674286
461.97998,-1830.5242,104.00992,-108.19464
462.0,-1840.1388,101.44618,-108.19464
462.02,-1868.9824,100.48478,-108.19464
462.03998,-1787.2587,100.96548,-107.39523
462.06,-1806.4878,101.92688,-107.07547
462.08,-1878.597,99.04268,-106.91559
462.09998,-1849.7533,100.32454,-106.435936
462.12,-1859.3679,100.16431,-105.63652
462.13998,-1854.5605,100.004074,-105.47664
462.16,-1840.1388,99.68361,-105.47664
462.18,-1796.8732,99.363144,-104.83711
462.19998,-1806.4878,100.96548,-104.83711
462.22,-1787.2587,99.84384,-104.51735
462.24,-1888.2114,98.24151,-104.037704
462.25998,-1854.5605,98.56197,-103.71794
462.28,-1854.5605,97.119865,-103.39817
462.3,-1840.1388,96.95963,-103.71794
462.31998,-1849.7533,96.95963,-102.75864
462.34,-1825.7169,97.280106,-102.43887
462.36,-1868.9824,96.15847,-102.27899
462.38,-1825.7169,97.7608,-101.79935
462.4,-1801.6804,96.7994,-101.79935
462.41998,-1820.9095,94.8766,-101.3197
462.44,-1835.3314,95.19707,-101.15982
462.46,-1950.7063,93.75496,-100.84006
462.47998,-1873.7897,93.27427,-100.20052
462.5,-1825.7169,94.07543,-100.20052
462.52,-1844.946,93.11403,-99.72087
462.53998,-1868.9824,90.069595,-99.40111
462.56,-1763.2223,94.8766,-99.24123
462.58,-1787.2587,95.19707,-98.6017
462.59998,-1830.5242,92.152626,-98.28194
462.62,-1825.7169,92.9538,-97.80229
462.63998,-1844.946,91.51169,-97.64241
462.66,-1796.8732,93.27427,-97.32264
462.68,-1888.2114,90.550285,-97.00288
462.69998,-1604.582,99.52338,-96.36335
462.72,-1878.597,91.03099,-96.20346
462.74,-1830.5242,92.63333,-96.36335
462.75998,-1835.3314,90.71052,-95.563934
462.78,-1849.7533,90.069595,-95.24417
462.8,-1806.4878,91.351456,-95.08429
462.81998,-1801.6804,90.069595,-94.76453
462.84,-1854.5605,89.909355,-94.444756
462.86,-1849.7533,88.78772,-94.12499
462.88,-1801.6804,89.74912,-93.96511
462.9,-1806.4878,89.108185,-93.485466
462.91998,-1792.066,89.268425,-93.00581
462.94,-1859.3679,87.82632,-92.84593
462.96,-1893.0188,88.94795,-92.68605
462.97998,-1816.1024,87.82632,-91.88664
463.0,-1772.8368,88.62749,-92.046524
463.02,-1859.3679,86.06375,-91.40699
463.03998,-2061.2737,79.97487,-90.60758
463.06,-1820.9095,86.70468,-91.24711
463.08,-1825.7169,86.06375,-90.4477
463.09998,-1840.1388,85.90351,-90.4477
463.12,-1758.415,85.90351,-89.4884
463.13998,-1859.3679,84.46141,-89.16864
463.16,-1806.4878,86.06375,-88.84888
463.18,-1792.066,85.90351,-89.00876
463.19998,-1580.5457,89.42866,-88.52911
463.22,-1830.5242,84.14094,-88.369225
463.24,-1796.8732,84.30117,-87.88958
463.25998,-1840.1388,83.01931,-87.56982
463.28,-1772.8368,84.14094,-87.409935
463.3,-1830.5242,81.41697,-87.25005
463.31998,-1844.946,82.538605,-86.45064
463.34,-1820.9095,81.25674,-86.130875
463.36,-1792.066,82.37837,-85.97099
463.38,-1811.295,80.61581,-85.97099
463.4,-1758.415,80.93627,-85.65123
463.41998,-1868.9824,80.1351,-84.69193
463.44,-1868.9824,78.85323,-84.851814
463.46,-1868.9824,80.93627,-84.37217
463.47998,-1825.7169,79.6544,-84.21229
463.5,-1825.7169,79.1737,-83.73264
463.52,-1854.5605,77.7316,-83.73264
463.53998,-2051.659,73.40529,-82.13381
463.56,-1854.5605,77.571365,-82.93323
463.58,-1777.644,79.33393,-82.613464
463.59998,-1830.5242,78.37253,-82.13381
463.62,-1763.2223,79.6544,-81.97393
463.63998,-1820.9095,77.41113,-81.97393
463.66,-1816.1024,77.571365,-81.494286
463.68,-1806.4878,77.571365,-81.334404
463.69998,-1566.1238,80.77604,-81.01464
463.72,-1787.2587,77.41113,-79.89546
463.74,-1897.826,73.72576,-80.375114
463.75998,-1811.295,76.12926,-79.73558
463.78,-1811.295,75.00762,-79.5757
463.8,-1825.7169,74.687164,-78.77628
463.81998,-1816.1024,75.32809,-78.77628
463.84,-1840.1388,73.56552,-78.45652
463.86,-1825.7169,73.72576,-78.13676
463.88,-1830.5242,73.72576,-78.13676
463.9,-1849.7533,72.60412,-77.81699
463.91998,-1816.1024,73.08482,-77.33735
463.94,-1801.6804,72.443886,-77.33735
463.96,-1758.415,75.969025,-76.05828
463.97998,-1816.1024,71.48249,-76.378044
464.0,-1888.2114,69.55968,-76.05828
464.02,-1816.1024,71.32226,-75.578636
464.03998,-1878.597,71.96318,-74.299576
464.06,-1897.826,67.63688,-75.09899
464.08,-1835.3314,70.04038,-74.93911
464.09998,-1854.5605,69.88015,-74.61935
464.12,-1623.8112,76.12926,-73.97981
464.13998,-1796.8732,69.88015,-73.66005
464.16,-1792.066,69.71992,-73.1804
464.18,-1777.644,71.001785,-72.860634
464.19998,-1777.644,67.47665,-72.70075
464.22,-1782.4514,69.07898,-72.38099
464.24,-1864.1752,66.675476,-71.74146
464.25998,-1816.1024,68.27782,-71.901344
464.28,-1782.4514,68.598274,-71.4217
464.3,-1806.4878,67.316414,-71.10193
464.31998,-1763.2223,67.95735,-70.94205
464.34,-1787.2587,67.316414,-70.30251
464.36,-1820.9095,65.874306,-70.14263
464.37997,-1835.3314,65.55384,-70.14263
464.4,-1782.4514,66.675476,-69.34322
464.41998,-1801.6804,64.75268,-68.86358
464.44,-1816.1024,65.07314,-68.543816
464.46,-1681.4985,69.23921,-68.38393
464.47998,-1864.1752,62.669636,-68.543816
464.5,-1792.066,65.55384,-67.7444
464.52,-1825.7169,63.631035,-67.7444
464.53998,-1647.8475,69.399445,-66.62522
464.56,-1873.7897,61.227535,-67.104866
464.58,-1840.1388,62.669636,-66.944984
464.59998,-1811.295,62.82987,-66.30546
464.62,-1633.4258,67.47665,-65.82581
464.63998,-1758.415,63.150337,-65.50604
464.66,-1763.2223,62.509403,-65.34616
464.68,-1792.066,61.547997,-64.546745
464.69998,-1820.9095,59.945663,-64.706635
464.72,-1792.066,60.907066,-63.747337
464.74,-1825.7169,60.426365,-64.22698
464.75998,-1782.4514,61.547997,-63.747337
464.78,-1816.1024,59.30473,-64.0671
464.8,-1825.7169,59.30473,-63.10781
464.81998,-1816.1024,58.98426,-62.62816
464.84,-1801.6804,58.663795,-62.148514
464.86,-1777.644,59.464962,-61.98863
464.87997,-1835.3314,56.901222,-61.508984
464.9,-1787.2587,58.663795,-61.349102
464.91998,-1782.4514,58.50356,-61.18922
464.94,-1787.2587,58.663795,-60.70957
464.96,-1676.6912,60.746834,-60.70957
464.97998,-1801.6804,56.901222,-60.07004
465.0,-1840.1388,53.696552,-59.91016
465.02,-1748.8004,57.22169,-59.75028
465.03998,-1604.582,60.907066,-59.590397
465.06,-1792.066,55.45912,-58.950863
465.08,-1777.644,55.619354,-58.151455
465.09998,-1743.9932,56.260292,-57.991573
465.12,-1734.3785,57.06146,-57.831684
465.13998,-1825.7169,53.376087,-57.51192
465.16,-1840.1388,53.21585,-57.032276
465.18,-1825.7169,52.73515,-56.872395
465.19998,-1849.7533,51.613518,-56.392746
465.22,-1796.8732,52.414684,-56.55263
465.24,-1811.295,53.376087,-55.593334
465.25998,-1830.5242,51.77375,-55.593334
465.28,-1782.4514,52.73515,-55.113686
465.3,-1796.8732,52.09422,-54.79392
465.31998,-1825.7169,50.33165,-54.474155
465.34,-1811.295,51.77375,-54.154392
465.36,-1801.6804,50.812347,-53.834625
465.37997,-1835.3314,49.53048,-53.834625
465.4,-1796.8732,50.171413,-53.35498
465.41998,-1844.946,47.607674,-52.71545
465.44,-1816.1024,49.049774,-52.71545
465.46,-1590.1602,55.77959,-52.07592
465.47998,-1816.1024,48.889545,-51.91604
465.5,-1782.4514,49.690712,-51.43639
465.52,-1734.3785,49.850945,-51.59627
465.53998,-1695.9203,50.171413,-51.27651
465.56,-1782.4514,49.21001,-50.95674
465.58,-1792.066,48.889545,-50.477097
465.59998,-1816.1024,46.646275,-50.31721
465.62,-1792.066,48.569077,-49.837566
465.63998,-1782.4514,47.126976,-49.357918
465.66,-1739.1859,48.889545,-49.038155
465.68,-1796.8732,45.364407,-48.718388
465.69998,-1960.3208,41.5188,-48.23874
465.72,-1796.8732,45.845108,-48.078857
465.74,-1796.8732,45.845108,-47.43933
465.75998,-1816.1024,44.24277,-47.43933
465.78,-1772.8368,45.364407,-47.11956
465.8,-1792.066,44.403,-46.480034
465.81998,-1787.2587,44.24277,-46.480034
465.84,-1820.9095,43.28137,-46.320152
465.86,-1772.8368,44.883705,-45.520737
465.87997,-1801.6804,42.800667,-46.00039
465.9,-1811.295,43.76207,-45.200974
465.91998,-1830.5242,41.5188,-44.88121
465.94,-1806.4878,41.9995,-44.561443
465.96,-1671.8839,45.364407,-43.76203
465.97998,-1792.066,41.038097,-44.081795
466.0,-1796.8732,41.358562,-43.76203
466.02,-1820.9095,40.397163,-42.96262
466.03998,-1806.4878,41.358562,-42.802734
466.06,-1772.8368,41.038097,-42.48297
466.08,-1801.6804,39.595997,-42.32309
466.09998,-1859.3679,38.153893,-41.363796
466.12,-1787.2587,40.557396,-41.363796
466.13998,-1816.1024,39.275528,-41.363796
466.16,-1787.2587,39.115295,-41.04403
466.18,-1844.946,37.51296,-40.4045
466.19998,-1893.0188,35.75039,-40.4045
466.22,-1811.295,37.51296,-40.244617
466.24,-1844.946,37.99366,-39.76497
466.25998,-1792.066,37.99366,-39.4452
466.28,-1801.6804,36.71179,-39.12544
466.3,-1859.3679,35.269688,-38.485912
466.31998,-1816.1024,35.75039,-38.326027
466.34,-1792.066,36.391323,-38.16614
466.36,-1825.7169,33.346886,-37.686497
466.37997,-1792.066,34.628754,-37.526615
466.4,-1796.8732,35.590153,-37.206852
466.41998,-1796.8732,34.628754,-36.887085
466.44,-1835.3314,33.186653,-36.407436
466.46,-1662.2694,37.67319,-36.087673
466.47998,-1844.946,32.545715,-35.92779
466.5,-1772.8368,35.10945,-35.76791
466.52,-1777.644,33.66735,-34.808613
466.53998,-1816.1024,33.186653,-34.968494
466.56,-1763.2223,33.50712,-34.48885
466.58,-1868.9824,30.142212,-33.84932
466.59998,-1830.5242,30.46268,-34.169083
466.62,-1811.295,31.584314,-33.529552
466.63998,-1796.8732,31.424084,-33.36967
466.66,-1816.1024,30.302446,-33.209785
466.68,-1854.5605,28.700111,-32.73014
466.69998,-1782.4514,31.263847,-32.09061
466.72,-1787.2587,29.661512,-32.250492
466.74,-1864.1752,27.578474,-31.45108
466.75998,-1772.8368,31.263847,-31.291199
466.78,-1796.8732,27.898943,-31.291199
466.8,-1816.1024,28.700111,-30.331902
466.81998,-1782.4514,29.821747,-30.17202
466.84,-1811.295,28.860344,-29.852257
466.86,-1777.644,29.020578,-29.692371
466.87997,-1811.295,26.777308,-29.53249
466.9,-1787.2587,28.21941,-28.89296
466.91998,-1801.6804,26.617075,-28.733078
466.94,-1840.1388,25.335205,-28.733078
466.96,-1753.6077,27.418243,-28.093548
466.97998,-1768.0295,26.777308,-28.093548
467.0,-1739.1859,28.21941,-27.294134
467.02,-1825.7169,25.335205,-27.134253
467.03998,-1811.295,24.854506,-27.134253
467.06,-1782.4514,24.854506,-26.974371
467.08,-1811.295,23.412403,-26.015076
467.09998,-1801.6804,24.213572,-26.015076
467.12,-1796.8732,24.053337,-26.015076
467.13998,-1792.066,22.611235,-25.535427
467.16,-1748.8004,24.534037,-24.895897
467.18,-1763.2223,24.534037,-24.895897
467.19998,-1864.1752,21.9703,-24.096485
467.22,-1782.4514,22.931702,-24.096485
467.24,-1768.0295,23.091934,-23.77672
467.25998,-1734.3785,23.091934,-23.456955
467.28,-1782.4514,22.130533,-23.297073
467.3,-1792.066,21.169132,-22.977308
467.31998,-1763.2223,21.329365,-22.817425
467.34,-1811.295,20.207731,-22.177895
467.36,-1806.4878,20.367966,-21.698248
467.37997,-1801.6804,20.207731,-21.698248
467.4,-1772.8368,20.047497,-21.2186
467.41998,-1787.2587,19.246328,-21.058718
467.44,-1787.2587,19.727032,-21.058718
467.46,-1758.415,19.727032,-20.099422
467.47998,-1816.1024,17.323528,-19.779657
467.5,-1763.2223,18.445162,-19.93954
467.52,-1782.4514,17.96446,-19.459892
467.53998,-1792.066,17.163294,-19.140127
467.56,-1787.2587,17.323528,-18.500597
467.58,-1758.415,17.483759,-18.340714
467.59998,-1734.3785,17.804228,-18.180832
467.62,-1777.644,16.20189,-17.861067
467.63998,-1768.0295,16.362125,-17.861067
467.66,-1700.7277,18.925863,-17.061655
467.68,-1753.6077,16.362125,-16.582006
467.69998,-1763.2223,16.52236,-16.422125
467.72,-1792.066,14.759789,-16.262243
467.74,-1758.415,15.080256,-16.102358
467.75998,-1743.9932,14.599556,-15.782595
467.78,-1748.8004,15.24049,-15.143064
467.8,-1748.8004,15.560958,-14.983182
467.81998,-1792.066,13.317687,-14.663417
467.84,-1748.8004,14.1188545,-13.864004
467.86,-1796.8732,12.51652,-14.023887
467.87997,-1782.4514,12.99722,-13.544239
467.9,-1796.8732,11.394884,-13.3843565
467.91998,-1796.8732,12.035819,-13.224474
467.94,-1763.2223,12.99722,-13.064591
467.96,-1719.9567,12.676753,-12.265179
467.97998,-1777.644,11.234652,-12.105296
468.0,-1772.8368,10.593717,-11.465767
468.02,-1811.295,10.75395,-10.986118
468.03998,-1753.6077,10.914185,-10.826236
468.06,-1743.9932,10.593717,-10.986118
468.08,-1758.415,9.952783,-10.826236
468.09998,-1796.8732,8.510681,-10.346589
468.12,-1792.066,8.190214,-9.707058
468.13998,-1840.1388,6.5878778,-9.547175
468.16,-1772.8368,8.670914,-9.227411
468.18,-1777.644,7.228812,-8.907646
468.19998,-1796.8732,7.709513,-8.427998
468.22,-1772.8368,7.228812,-8.427998
468.24,-1743.9932,7.8697467,-8.427998
468.25998,-1782.4514,7.0685787,-7.94835
468.28,-1787.2587,5.6264763,-7.1489377
468.3,-1777.644,6.5878778,-7.3088202
468.31998,-1768.0295,6.4276443,-6.66929
468.34,-1715.1495,7.3890457,-6.5094075
468.36,-1753.6077,6.2674108,-6.5094075
468.37997,-1835.3314,4.504842,-6.829172
468.4,-1768.0295,6.908345,-7.1489377
468.41998,-1758.415,5.9469438,-7.94835
468.44,-1729.5713,8.350447,-7.6285853
468.46,-1801.6804,6.4276443,-7.788468
468.47998,-1739.1859,7.8697467,-6.829172
468.5,-1748.8004,7.3890457,-6.9890547
468.52,-1753.6077,6.908345,-7.3088202
468.53998,-1787.2587,5.466243,-6.829172
468.56,-1796.8732,5.9469438,-6.9890547
468.58,-1763.2223,6.908345,-7.468703
468.59998,-1758.415,7.3890457,-7.788468
468.62,-1753.6077,7.228812,-7.468703
468.63998,-1763.2223,6.4276443,-7.1489377
468.66,-1743.9932,7.228812,-7.1489377
468.68,-1719.9567,8.670914,-6.829172
468.69998,-1705.5349,8.350447,-6.5094075
468.72,-1758.415,6.5878778,-7.1489377
468.74,-1748.8004,7.228812,-6.829172
468.75998,-1734.3785,7.549279,-6.829172
468.78,-1792.066,6.4276443,-7.3088202
468.8,-1787.2587,6.4276443,-7.1489377
468.81998,-1873.7897,4.3446083,-7.6285853
468.84,-1763.2223,6.2674108,-7.1489377
468.86,-1787.2587,7.228812,-6.66929
468.87997,-1796.8732,6.4276443,-6.829172
468.9,-1734.3785,7.549279,-6.829172
468.91998,-1782.4514,6.2674108,-6.349525
468.94,-1686.3058,8.831148,-6.9890547
468.96,-1724.764,6.908345,-6.9890547
468.97998,-1753.6077,7.228812,-7.6285853
469.0,-1811.295,6.2674108,-6.829172
469.02,-1748.8004,7.549279,-6.9890547
469.03998,-1758.415,8.190214,-6.829172
469.06,-1772.8368,7.3890457,-6.66929
469.08,-1753.6077,8.02998,-7.1489377
469.09998,-1782.4514,6.5878778,-6.9890547
469.12,-1787.2587,6.1071773,-6.829172
469.13998,-1739.1859,8.02998,-6.9890547
469.16,-1743.9932,7.709513,-6.66929
469.18,-1729.5713,7.549279,-6.9890547
469.19998,-1652.6548,9.792548,-7.1489377
469.22,-1777.644,6.2674108,-6.829172
469.24,-1782.4514,5.3060093,-6.9890547
469.25998,-1748.8004,7.228812,-6.9890547
469.28,-1753.6077,6.1071773,-7.1489377
469.3,-1758.415,8.02998,-6.66929
469.31998,-1782.4514,6.5878778,-6.9890547
469.34,-1854.5605,4.9855423,-6.66929
469.36,-1777.644,6.7481112,-6.66929
469.37997,-1734.3785,8.670914,-6.829172
469.4,-1792.066,6.4276443,-6.829172
469.41998,-1849.7533,4.024141,-6.829172
469.44,-1792.066,6.2674108,-6.829172
469.46,-1743.9932,5.145776,-6.66929
469.47998,-1768.0295,6.908345,-6.5094075
469.5,-1743.9932,7.228812,-6.5094075
469.52,-1796.8732,5.78671,-6.66929
469.53998,-1782.4514,7.228812,-6.1896424
469.56,-1715.1495,10.27325,-6.5094075
469.58,-1782.4514,6.5878778,-6.66929
469.59998,-1763.2223,6.908345,-6.66929
469.62,-1830.5242,3.5434403,-6.829172
469.63998,-1806.4878,5.78671,-6.829172
469.66,-1816.1024,4.825309,-7.1489377
469.68,-1734.3785,8.02998,-6.5094075
469.69998,-1686.3058,9.151615,-6.66929
469.72,-1710.3422,8.510681,-6.829172
469.74,-1782.4514,6.908345,-6.829172
469.75998,-1796.8732,5.6264763,-6.5094075
469.78,-1820.9095,4.9855423,-6.66929
469.8,-1758.415,7.8697467,-6.66929
469.81998,-1777.644,7.228812,-6.66929
469.84,-1743.9932,7.8697467,-6.9890547
469.86,-1758.415,6.7481112,-6.5094075
469.87997,-1772.8368,8.190214,-6.829172
469.9,-1796.8732,6.1071773,-6.66929
469.91998,-1806.4878,6.5878778,-6.66929
469.94,-1715.1495,9.792548,-6.66929
469.96,-1816.1024,4.184375,-6.5094075
469.97998,-1739.1859,7.549279,-6.5094075
470.0,-1758.415,6.908345,-6.9890547
470.02,-1734.3785,7.8697467,-6.66929
470.03998,-1768.0295,8.510681,-6.1896424
470.06,-1734.3785,8.350447,-6.349525
470.08,-1743.9932,6.7481112,-6.829172
470.09998,-1739.1859,7.3890457,-6.829172
470.12,-1772.8368,4.184375,-6.66929
470.13998,-1667.0768,9.792548,-6.349525
470.16,-1743.9932,7.549279,-6.66929
470.18,-1748.8004,7.709513,-6.5094075
470.19998,-1671.8839,8.991381,-6.5094075
470.22,-1753.6077,6.5878778,-6.349525
470.24,-1743.9932,7.709513,-6.66929
470.25998,-1734.3785,8.670914,-6.66929
470.28,-1777.644,6.1071773,-6.66929
470.3,-1734.3785,8.190214,-6.5094075
470.31998,-1743.9932,7.8697467,-6.66929
470.34,-1768.0295,7.3890457,-6.1896424
470.36,-1772.8368,6.908345,-6.66929
470.37997,-1820.9095,7.228812,-6.349525
470.4,-1796.8732,5.9469438,-6.5094075
470.41998,-1772.8368,6.4276443,-6.66929
470.44,-1758.415,7.709513,-6.5094075
470.46,-1782.4514,4.825309,-6.66929
470.47998,-1753.6077,7.228812,-6.349525
470.5,-1734.3785,8.350447,-6.349525
470.52,-1719.9567,8.991381,-6.66929
470.53998,-1546.8947,13.477921,-6.02976
470.56,-1734.3785,7.3890457,-6.349525
470.58,-1772.8368,6.4276443,-6.5094075
470.59998,-1758.415,7.3890457,-6.5094075
470.62,-1753.6077,4.6650753,-6.349525
470.63998,-1748.8004,8.02998,-6.66929
470.66,-1748.8004,6.7481112,-6.349525
470.68,-1811.295,5.9469438,-6.5094075
470.69998,-1715.1495,7.228812,-6.349525
470.72,-1729.5713,8.831148,-6.5094075
470.74,-1686.3058,10.113016,-6.1896424
470.75998,-1787.2587,6.5878778,-6.02976
470.78,-1796.8732,6.1071773,-6.1896424
470.8,-1686.3058,9.472081,-6.5094075
470.81998,-1719.9567,8.831148,-6.349525
470.84,-1719.9567,8.510681,-6.1896424
470.86,-1710.3422,9.151615,-6.349525
470.87997,-1792.066,7.709513,-6.1896424
470.9,-1758.415,6.908345,-6.66929
470.91998,-1777.644,6.908345,-6.5094075
470.94,-1705.5349,8.02998,-6.5094075
470.96,-1878.597,4.024141,-6.02976
470.97998,-1758.415,7.228812,-6.1896424
471.0,-1739.1859,8.190214,-6.02976
471.02,-1758.415,8.02998,-6.1896424
471.03998,-1551.7019,10.433483,-5.5501122
471.06,-1748.8004,8.190214,-6.1896424
471.08,-1739.1859,7.549279,-6.5094075
471.09998,-1792.066,5.9469438,-6.349525
471.12,-1681.4985,6.4276443,-5.869877
471.13998,-1710.3422,8.02998,-6.349525
471.16,-1753.6077,7.549279,-6.02976
471.18,-1748.8004,8.02998,-6.1896424
471.19998,-1782.4514,5.3060093,-6.5094075
471.22,-1772.8368,6.4276443,-6.1896424
471.24,-1787.2587,5.78671,-6.66929
471.25998,-1758.415,7.228812,-6.66929
471.28,-1734.3785,8.831148,-6.349525
471.3,-1724.764,7.8697467,-6.1896424
471.31998,-1715.1495,8.02998,-6.5094075
471.34,-1758.415,8.02998,-6.349525
471.36,-1782.4514,6.5878778,-6.1896424
471.37997,-1801.6804,7.3890457,-6.1896424
471.4,-1782.4514,6.7481112,-6.1896424
471.41998,-1691.1132,9.632316,-6.1896424
471.44,-1729.5713,8.02998,-6.349525
471.46,-1945.8988,2.4218054,-6.349525
471.47998,-1715.1495,8.190214,-6.5094075
471.5,-1734.3785,7.228812,-5.869877
471.52,-1763.2223,7.0685787,-6.02976
471.53998,-1638.233,8.190214,-6.1896424
471.56,-1739.1859,8.02998,-6.349525
471.58,-1739.1859,8.02998,-6.5094075
471.59998,-1777.644,6.908345,-6.1896424
471.62,-1619.0038,8.510681,-6.1896424
471.63998,-1686.3058,9.311849,-6.349525
471.66,-1700.7277,9.311849,-5.5501122
471.68,-1676.6912,10.113016,-5.709995
471.69998,-1811.295,4.184375,-6.02976
471.72,-1681.4985,9.311849,-6.1896424
471.74,-1758.415,7.3890457,-6.1896424
471.75998,-1743.9932,8.350447,-6.1896424
471.78,-1724.764,8.991381,-5.709995
471.8,-1796.8732,6.2674108,-6.02976
471.81998,-1743.9932,7.0685787,-6.02976
471.84,-1729.5713,7.549279,-5.709995
471.86,-1758.415,7.228812,-5.709995
471.87997,-1796.8732,7.0685787,-6.02976
471.9,-1633.4258,11.394884,-6.349525
471.91998,-1743.9932,7.3890457,-6.349525
471.94,-1748.8004,7.228812,-6.02976
471.96,-1893.0188,5.3060093,-6.1896424
471.97998,-1748.8004,7.228812,-5.869877
472.0,-1753.6077,7.3890457,-6.1896424
472.02,-1787.2587,6.7481112,-6.1896424
472.03998,-1739.1859,6.908345,-6.02976
472.06,-1710.3422,9.151615,-5.709995
472.08,-1743.9932,8.190214,-6.1896424
472.09998,-1743.9932,8.510681,-6.1896424
472.12,-1542.0874,11.234652,-6.1896424
472.13998,-1768.0295,7.3890457,-5.869877
472.16,-1719.9567,7.549279,-6.02976
472.18,-1715.1495,8.670914,-5.869877
472.19998,-1945.8988,0.81947,-6.02976
472.22,-1734.3785,8.510681,-5.869877
472.24,-1748.8004,7.8697467,-5.709995
472.25998,-1772.8368,6.2674108,-6.02976
472.28,-1743.9932,8.02998,-6.349525
472.3,-1667.0768,9.632316,-5.869877
472.31998,-1715.1495,8.350447,-6.1896424
472.34,-1700.7277,9.151615,-5.709995
472.36,-1753.6077,7.0685787,-5.709995
472.37997,-1715.1495,8.991381,-6.02976
472.4,-1753.6077,7.3890457,-5.869877
472.41998,-1715.1495,7.709513,-5.869877
472.44,-1772.8368,7.8697467,-5.3902297
472.46,-1873.7897,5.3060093,-5.709995
472.47998,-1715.1495,8.190214,-5.869877
472.5,-1782.4514,7.709513,-6.02976
472.52,-1719.9567,7.8697467,-5.869877
472.53998,-1681.4985,7.8697467,-5.709995
472.56,-1695.9203,9.311849,-6.1896424
472.58,-1700.7277,9.632316,-5.869877
472.59998,-1695.9203,10.27325,-5.709995
472.62,-1546.8947,12.035819,-5.230347
472.63998,-1768.0295,6.1071773,-5.869877
472.66,-1719.9567,9.151615,-5.5501122
472.68,-1748.8004,7.8697467,-5.869877
472.69998,-2027.6226,0.81947,-5.869877
472.72,-1758.415,8.190214,-5.869877
472.74,-1743.9932,7.549279,-5.709995
472.75998,-1772.8368,7.549279,-5.869877
472.78,-1787.2587,7.228812,-5.869877
472.8,-1719.9567,7.8697467,-5.869877
472.81998,-1739.1859,8.350447,-5.5501122
472.84,-1743.9932,7.709513,-6.02976
472.86,-1681.4985,9.472081,-5.5501122
472.87997,-1772.8368,7.3890457,-5.5501122
472.9,-1758.415,7.3890457,-5.869877
472.91998,-1787.2587,7.3890457,-5.5501122
472.94,-1734.3785,7.549279,-5.709995
472.96,-1868.9824,6.5878778,-5.869877
472.97998,-1758.415,7.8697467,-5.869877
473.0,-1715.1495,9.632316,-5.709995
473.02,-1724.764,9.311849,-5.709995
473.03998,-1619.0038,10.914185,-5.5501122
473.06,-1748.8004,7.709513,-5.709995
473.08,-1782.4514,7.0685787,-5.3902297
473.09998,-1772.8368,7.8697467,-5.230347
473.12,-1474.7855,14.599556,-5.5501122
473.13998,-1758.415,7.8697467,-5.5501122
473.16,-1796.8732,7.0685787,-5.5501122
473.18,-1739.1859,8.190214,-5.0704646
473.19998,-1921.8624,4.9855423,-6.1896424
473.22,-1729.5713,7.549279,-5.5501122
473.24,-1719.9567,8.510681,-5.5501122
473.25998,-1739.1859,8.02998,-5.5501122
473.28,-1734.3785,9.311849,-5.5501122
473.3,-1772.8368,6.4276443,-5.709995
473.31998,-1753.6077,7.8697467,-5.3902297
473.34,-1739.1859,7.8697467,-5.5501122
473.36,-1782.4514,6.908345,-5.5501122
473.37997,-1715.1495,9.311849,-5.5501122
473.4,-1753.6077,7.709513,-5.709995
473.41998,-1719.9567,7.549279,-5.709995
473.44,-1753.6077,7.549279,-5.3902297
473.46,-1921.8624,4.184375,-5.869877
473.47998,-1705.5349,8.510681,-5.5501122
473.5,-1768.0295,7.3890457,-5.5501122
473.52,-1787.2587,6.5878778,-5.3902297
473.53998,-1599.7748,10.433483,-5.709995
473.56,-1743.9932,8.350447,-5.5501122
473.58,-1748.8004,7.549279,-5.5501122
473.59998,-1787.2587,6.5878778,-5.709995
473.62,-1494.0145,15.400723,-5.709995
473.63998,-1748.8004,7.709513,-5.709995
473.66,-1710.3422,9.311849,-5.869877
473.68,-1719.9567,7.8697467,-5.709995
473.69998,-1859.3679,8.190214,-5.5501122
473.72,-1801.6804,6.5878778,-5.230347
473.74,-1715.1495,8.831148,-5.5501122
473.75998,-1753.6077,8.190214,-5.709995
473.78,-1777.644,6.5878778,-6.1896424
473.8,-1719.9567,7.8697467,-5.869877
473.81998,-1715.1495,8.510681,-5.5501122
473.84,-1743.9932,7.3890457,-6.1896424
473.86,-1743.9932,8.350447,-5.3902297
473.87997,-1710.3422,9.472081,-5.709995
473.9,-1840.1388,5.3060093,-5.3902297
473.91998,-1719.9567,9.472081,-5.5501122
473.94,-1739.1859,8.02998,-5.5501122
473.96,-1825.7169,7.549279,-5.3902297
473.97998,-1705.5349,9.952783,-5.3902297
474.0,-1724.764,9.151615,-5.230347
474.02,-1715.1495,8.350447,-5.709995
474.03998,-1686.3058,7.709513,-5.709995
474.06,-1801.6804,6.2674108,-5.230347
474.08,-1724.764,8.350447,-5.3902297
474.09998,-1772.8368,7.0685787,-5.230347
474.12,-1518.0509,17.323528,-5.5501122
474.13998,-1772.8368,7.3890457,-5.3902297
474.16,-1643.0402,10.75395,-5.5501122
474.18,-1748.8004,8.510681,-5.869877
474.19998,-1753.6077,9.311849,-5.3902297
474.22,-1734.3785,8.350447,-5.5501122
474.24,-1691.1132,10.593717,-5.3902297
474.25998,-1719.9567,8.510681,-5.230347
474.28,-1715.1495,8.991381,-5.709995
474.3,-1695.9203,8.991381,-5.5501122
474.31998,-1743.9932,8.02998,-5.3902297
474.34,-1753.6077,8.670914,-5.230347
474.36,-1777.644,7.228812,-5.230347
474.37997,-1715.1495,9.151615,-5.3902297
474.4,-1763.2223,7.8697467,-5.3902297
474.41998,-1676.6912,9.792548,-5.5501122
474.44,-1734.3785,8.510681,-5.5501122
474.46,-1772.8368,8.190214,-5.3902297
474.47998,-1748.8004,8.831148,-5.5501122
474.5,-1743.9932,8.350447,-5.3902297
474.52,-1657.4622,10.75395,-5.3902297
474.53998,-1806.4878,4.184375,-5.709995
474.56,-1748.8004,8.991381,-5.3902297
474.58,-1695.9203,9.311849,-5.869877
474.59998,-1753.6077,8.190214,-5.3902297
474.62,-1662.2694,14.439322,-5.5501122
474.63998,-1695.9203,9.472081,-5.3902297
474.66,-1710.3422,9.151615,-5.230347
474.68,-1700.7277,9.151615,-5.0704646
474.69998,-1758.415,8.350447,-4.4309344
474.72,-1763.2223,7.549279,-5.3902297
474.74,-1787.2587,7.3890457,-5.0704646
474.75998,-1787.2587,7.3890457,-5.3902297
474.78,-1657.4622,10.593717,-5.3902297
474.8,-1671.8839,9.792548,-5.5501122
474.81998,-1763.2223,7.228812,-5.5501122
474.84,-1724.764,9.792548,-5.3902297
474.86,-1719.9567,8.670914,-5.5501122
474.87997,-1691.1132,9.792548,-5.3902297
474.9,-1743.9932,8.190214,-5.0704646
474.91998,-1715.1495,9.311849,-5.0704646
474.94,-1748.8004,7.228812,-5.0704646
474.96,-1715.1495,9.952783,-5.230347
474.97998,-1719.9567,9.472081,-5.230347
475.0,-1705.5349,8.991381,-5.0704646
475.02,-1643.0402,11.875586,-5.0704646
475.03998,-1825.7169,4.9855423,-5.5501122
475.06,-1715.1495,9.311849,-5.3902297
475.08,-1724.764,8.190214,-5.3902297
475.09998,-1758.415,8.190214,-5.230347
475.12,-1657.4622,15.24049,-5.3902297
475.13998,-1729.5713,8.670914,-5.230347
475.16,-1700.7277,8.670914,-5.5501122
475.18,-1743.9932,8.350447,-4.910582
475.19998,-1777.644,9.311849,-5.0704646
475.22,-1681.4985,10.433483,-5.230347
475.24,-1787.2587,7.228812,-5.3902297
475.25998,-1729.5713,8.991381,-5.230347
475.28,-1686.3058,10.593717,-4.910582
475.3,-1758.415,8.350447,-5.230347
475.31998,-1695.9203,9.792548,-5.230347
475.34,-1705.5349,9.632316,-4.910582
475.36,-1671.8839,11.394884,-5.0704646
475.37997,-1643.0402,12.356286,-4.910582
475.4,-1739.1859,8.991381,-5.5501122
475.41998,-1719.9567,8.670914,-4.910582
475.44,-1758.415,8.190214,-5.3902297
475.46,-1633.4258,12.035819,-5.3902297
475.47998,-1758.415,8.670914,-5.0704646
475.5,-1724.764,8.510681,-5.5501122
475.52,-1705.5349,10.914185,-5.0704646
475.53998,-1854.5605,4.3446083,-5.230347
475.56,-1715.1495,9.311849,-5.3902297
475.58,-1686.3058,10.914185,-4.910582
475.59998,-1715.1495,9.151615,-5.0704646
475.62,-1868.9824,7.549279,-5.3902297
475.63998,-1686.3058,9.952783,-4.750699
475.66,-1734.3785,8.02998,-4.910582
475.68,-1729.5713,9.151615,-5.0704646
475.69998,-1676.6912,11.715352,-5.3902297
475.72,-1739.1859,9.472081,-4.590817
475.74,-1753.6077,8.670914,-4.910582
475.75998,-1705.5349,9.952783,-4.910582
475.78,-1715.1495,9.151615,-5.230347
475.8,-1724.764,8.510681,-4.750699
475.81998,-1739.1859,8.350447,-4.910582
475.84,-1743.9932,8.831148,-4.750699
475.86,-1724.764,8.831148,-5.0704646
475.87997,-1719.9567,9.472081,-4.910582
475.9,-1691.1132,10.75395,-4.590817
475.91998,-1715.1495,8.991381,-4.910582
475.94,-1739.1859,8.510681,-4.590817
475.96,-1657.4622,10.75395,-4.750699
475.97998,-1700.7277,10.113016,-4.750699
476.0,-1691.1132,9.632316,-4.590817
476.02,-1787.2587,7.549279,-4.910582
476.03998,-1931.477,3.7036738,-4.590817
476.06,-1782.4514,7.549279,-4.910582
476.08,-1748.8004,8.670914,-4.750699
476.09998,-1748.8004,8.510681,-4.910582
476.12,-1811.295,6.5878778,-4.910582
476.13998,-1715.1495,9.952783,-5.0704646
476.16,-1724.764,8.510681,-4.750699
476.18,-1763.2223,7.709513,-4.590817
476.19998,-1700.7277,11.074417,-4.4309344
476.22,-1734.3785,8.510681,-4.590817
476.24,-1748.8004,8.670914,-4.910582
476.25998,-1777.644,8.02998,-4.4309344
476.28,-1739.1859,8.350447,-4.750699
476.3,-1739.1859,8.350447,-4.4309344
476.31998,-1739.1859,8.991381,-4.590817
476.34,-1739.1859,8.991381,-4.910582
476.36,-1758.415,8.190214,-4.590817
476.37997,-1671.8839,10.75395,-4.750699
476.4,-1743.9932,9.472081,-4.910582
476.41998,-1719.9567,8.350447,-4.750699
476.44,-1724.764,9.311849,-4.910582
476.46,-1643.0402,11.234652,-4.4309344
476.47998,-1667.0768,10.593717,-4.750699
476.5,-1753.6077,8.350447,-4.910582
476.52,-1710.3422,9.632316,-5.230347
476.53998,-1859.3679,5.78671,-4.271052
476.56,-1715.1495,9.151615,-5.230347
476.58,-1787.2587,7.228812,-4.271052
476.59998,-1715.1495,8.831148,-4.590817
476.62,-1715.1495,9.632316,-4.590817
476.63998,-1719.9567,9.472081,-4.590817
476.66,-1734.3785,8.510681,-4.4309344
476.68,-1748.8004,8.02998,-4.750699
476.69998,-1662.2694,10.433483,-4.590817
476.72,-1743.9932,8.670914,-4.4309344
476.74,-1763.2223,7.8697467,-4.910582
476.75998,-1729.5713,9.472081,-4.271052
476.78,-1743.9932,8.510681,-4.590817
476.8,-1657.4622,10.914185,-4.750699
476.81998,-1705.5349,9.472081,-4.1111693
476.84,-1753.6077,8.02998,-4.4309344
476.86,-1710.3422,9.792548,-4.590817
476.87997,-1724.764,10.27325,-4.271052
476.9,-1647.8475,10.75395,-4.590817
476.91998,-1657.4622,10.433483,-4.590817
476.94,-1710.3422,9.472081,-4.750699
476.96,-1695.9203,9.151615,-4.750699
476.97998,-1662.2694,10.27325,-4.4309344
477.0,-1686.3058,11.074417,-4.750699
477.02,-1782.4514,8.831148,-4.271052
477.03998,-1753.6077,9.472081,-4.271052
477.06,-1743.9932,9.632316,-4.590817
477.08,-1710.3422,9.151615,-4.271052
477.09998,-1681.4985,9.792548,-4.590817
477.12,-1705.5349,9.952783,-4.271052
477.13998,-1686.3058,11.234652,-4.590817
477.16,-1739.1859,9.632316,-4.271052
477.18,-1715.1495,10.433483,-4.4309344
477.19998,-1700.7277,9.792548,-4.590817
477.22,-1748.8004,10.27325,-4.4309344
477.24,-1700.7277,10.75395,-4.4309344
477.25998,-1643.0402,11.234652,-4.590817
477.28,-1705.5349,10.914185,-4.271052
477.3,-1710.3422,9.952783,-4.271052
477.31998,-1671.8839,11.394884,-4.4309344
477.34,-1686.3058,11.234652,-4.271052
477.36,-1734.3785,8.670914,-4.590817
477.37997,-1715.1495,10.75395,-3.9512868
477.4,-1758.415,9.311849,-4.750699
477.41998,-1686.3058,10.75395,-3.9512868
477.44,-1743.9932,8.670914,-4.271052
477.46,-1671.8839,11.394884,-4.271052
477.47998,-1710.3422,10.113016,-4.1111693
477.5,-1700.7277,11.234652,-4.4309344
477.52,-1734.3785,8.831148,-4.271052
477.53998,-1710.3422,10.113016,-4.271052
477.56,-1743.9932,10.433483,-4.4309344
477.58,-1681.4985,11.074417,-4.1111693
477.59998,-1667.0768,12.035819,-4.4309344
477.62,-1710.3422,10.27325,-4.271052
477.63998,-1782.4514,7.8697467,-4.271052
477.66,-1729.5713,9.952783,-3.9512868
477.68,-1734.3785,9.472081,-4.271052
477.69998,-1724.764,9.952783,-4.4309344
477.72,-1695.9203,10.914185,-3.9512868
477.74,-1782.4514,7.8697467,-4.590817
477.75998,-1734.3785,9.792548,-4.4309344
477.78,-1691.1132,10.27325,-4.271052
477.8,-1647.8475,11.715352,-4.271052
477.81998,-1695.9203,10.27325,-4.590817
477.84,-1633.4258,13.157454,-4.271052
477.86,-1748.8004,9.952783,-4.271052
477.87997,-1734.3785,8.991381,-4.590817
477.9,-1710.3422,11.715352,-4.271052
477.91998,-1715.1495,10.113016,-3.9512868
477.94,-1719.9567,10.433483,-4.271052
477.96,-1695.9203,10.593717,-4.271052
477.97998,-1695.9203,10.75395,-4.271052
478.0,-1739.1859,10.113016,-4.1111693
478.02,-1753.6077,9.792548,-4.1111693
478.03998,-1763.2223,8.510681,-3.9512868
478.06,-1705.5349,10.593717,-4.4309344
478.08,-1763.2223,9.952783,-4.1111693
478.09998,-1743.9932,9.632316,-4.1111693
478.12,-1763.2223,8.350447,-3.9512868
478.13998,-1667.0768,11.234652,-4.271052
478.16,-1643.0402,12.51652,-4.271052
478.18,-1667.0768,11.234652,-4.1111693
478.19998,-1647.8475,12.676753,-3.9512868
478.22,-1739.1859,10.27325,-4.271052
478.24,-1777.644,8.991381,-4.1111693
478.25998,-1662.2694,12.196053,-3.9512868
478.28,-1724.764,9.632316,-3.9512868
478.3,-1676.6912,11.234652,-3.9512868
478.31998,-1691.1132,10.433483,-4.1111693
478.34,-1719.9567,10.27325,-4.1111693
478.36,-1647.8475,13.317687,-3.9512868
478.37997,-1686.3058,10.914185,-4.4309344
478.4,-1686.3058,10.75395,-4.271052
478.41998,-1763.2223,9.952783,-3.7914042
478.44,-1691.1132,11.715352,-4.271052
478.46,-1715.1495,11.234652,-3.7914042
478.47998,-1748.8004,9.472081,-4.4309344
478.5,-1686.3058,10.433483,-3.9512868
478.52,-1705.5349,9.792548,-4.1111693
478.53998,-1647.8475,12.676753,-3.9512868
478.56,-1768.0295,8.991381,-3.7914042
478.58,-1715.1495,9.151615,-4.271052
478.59998,-1729.5713,10.113016,-3.7914042
478.62,-1715.1495,9.151615,-4.271052
478.63998,-1748.8004,9.311849,-3.7914042
478.66,-1667.0768,12.196053,-4.1111693
478.68,-1724.764,9.792548,-3.7914042
478.69998,-1681.4985,12.51652,-3.6315217
478.72,-1686.3058,10.75395,-3.6315217
478.74,-1652.6548,11.555119,-4.1111693
478.75998,-1763.2223,9.632316,-3.471639
478.78,-1695.9203,10.593717,-4.1111693
478.8,-1763.2223,8.670914,-3.6315217
478.81998,-1695.9203,10.593717,-4.271052
478.84,-1695.9203,10.593717,-3.6315217
478.86,-1700.7277,10.27325,-4.1111693
478.87997,-1676.6912,11.234652,-3.9512868
478.9,-1715.1495,11.074417,-3.7914042
478.91998,-1777.644,9.311849,-3.471639
478.94,-1763.2223,9.472081,-3.9512868
478.96,-1729.5713,9.472081,-3.9512868
478.97998,-1724.764,9.311849,-3.3117566
479.0,-1705.5349,9.792548,-4.1111693
479.02,-1748.8004,9.632316,-3.9512868
479.03998,-1705.5349,10.914185,-3.3117566
479.06,-1700.7277,10.914185,-3.6315217
479.08,-1705.5349,10.914185,-4.1111693
479.09998,-1710.3422,10.914185,-3.7914042
479.12,-1743.9932,9.632316,-3.3117566
479.13998,-1782.4514,9.151615,-3.6315217
479.16,-1734.3785,8.831148,-3.7914042
479.18,-1734.3785,9.632316,-3.7914042
479.19998,-1647.8475,11.715352,-3.7914042
479.22,-1662.2694,11.394884,-3.6315217
479.24,-1700.7277,11.234652,-3.6315217
479.25998,-1719.9567,10.75395,-3.6315217
479.28,-1719.9567,10.113016,-3.6315217
479.3,-1705.5349,9.952783,-3.9512868
479.31998,-1686.3058,9.472081,-3.6315217
479.34,-1719.9567,9.792548,-3.9512868
479.36,-1657.4622,10.914185,-3.7914042
479.37997,-1724.764,9.151615,-2.9919913
479.4,-1734.3785,9.472081,-3.7914042
479.41998,-1676.6912,11.234652,-3.6315217
479.44,-1619.0038,12.196053,-3.7914042
479.46,-1743.9932,9.151615,-3.6315217
479.47998,-1710.3422,10.113016,-3.3117566
479.5,-1719.9567,8.670914,-3.6315217
479.52,-1734.3785,9.792548,-3.6315217
479.53998,-1614.1967,12.356286,-3.7914042
479.56,-1686.3058,10.113016,-3.3117566
479.58,-1657.4622,11.555119,-3.3117566
479.59998,-1715.1495,9.151615,-3.3117566
479.62,-1715.1495,8.350447,-3.6315217
479.63998,-1705.5349,8.991381,-3.3117566
479.66,-1695.9203,9.952783,-3.6315217
479.68,-1705.5349,9.311849,-3.3117566
479.69998,-1638.233,11.234652,-3.471639
479.72,-1710.3422,9.472081,-3.3117566
479.74,-1686.3058,10.113016,-3.9512868
479.75998,-1662.2694,11.875586,-3.471639
479.78,-1662.2694,10.914185,-3.471639
479.8,-1715.1495,9.952783,-3.471639
479.81998,-1691.1132,11.074417,-3.3117566
479.84,-1686.3058,10.113016,-3.6315217
479.86,-1676.6912,10.27325,-3.6315217
479.87997,-1739.1859,9.632316,-3.151874
479.9,-1691.1132,10.27325,-3.7914042
479.91998,-1695.9203,10.433483,-3.471639
479.94,-1715.1495,9.792548,-3.151874
479.96,-1801.6804,6.1071773,-3.471639
479.97998,-1681.4985,10.593717,-3.471639
480.0,-1671.8839,10.914185,-3.151874
480.02,-1681.4985,10.75395,-3.3117566
480.03998,-1662.2694,10.914185,-3.471639
480.06,-1633.4258,12.035819,-3.151874
480.08,-1710.3422,10.593717,-3.471639
480.09998,-1700.7277,9.472081,-3.7914042
480.12,-1556.5093,11.234652,-3.6315217
480.13998,-1700.7277,10.27325,-3.3117566
480.16,-1594.9674,14.439322,-2.9919913
480.18,-1695.9203,10.914185,-3.3117566
480.19998,-1643.0402,9.632316,-3.7914042
480.22,-1676.6912,12.035819,-3.151874
480.24,-1772.8368,8.350447,-3.471639
480.25998,-1657.4622,11.555119,-3.151874
480.28,-1681.4985,11.234652,-3.6315217
480.3,-1676.6912,12.99722,-3.471639
480.31998,-1695.9203,11.715352,-3.3117566
480.34,-1729.5713,10.113016,-3.151874
480.36,-1671.8839,11.715352,-3.6315217
480.37997,-1719.9567,10.593717,-3.3117566
480.4,-1739.1859,8.831148,-2.9919913
480.41998,-1681.4985,11.074417,-2.9919913
480.44,-1715.1495,10.75395,-2.6722264
480.46,-1719.9567,10.433483,-3.7914042
480.47998,-1662.2694,11.394884,-3.3117566
480.5,-1667.0768,12.196053,-2.9919913
480.52,-1724.764,11.074417,-3.151874
480.53998,-1561.3165,14.1188545,-3.6315217
480.56,-1792.066,8.831148,-3.471639
480.58,-1691.1132,10.113016,-3.151874
480.59998,-1652.6548,11.234652,-3.151874
480.62,-1479.5928,14.599556,-3.3117566
480.63998,-1671.8839,12.676753,-2.9919913
480.66,-1748.8004,10.27325,-2.9919913
480.68,-1614.1967,13.958622,-2.832109
480.69998,-1941.0917,4.024141,-2.6722264
480.72,-1753.6077,9.472081,-3.6315217
480.74,-1686.3058,11.875586,-3.471639
480.75998,-1710.3422,10.75395,-3.151874
480.78,-1710.3422,10.113016,-3.471639
480.8,-1700.7277,10.593717,-3.3117566
480.81998,-1729.5713,10.113016,-2.9919913
480.84,-1667.0768,12.035819,-3.151874
480.86,-1686.3058,11.875586,-3.151874
480.87997,-1787.2587,9.151615,-2.9919913
480.9,-1743.9932,8.831148,-2.832109
480.91998,-1676.6912,12.035819,-3.151874
480.94,-1705.5349,10.75395,-3.151874
480.96,-1667.0768,11.234652,-2.9919913
480.97998,-1734.3785,9.792548,-2.5123436
481.0,-1686.3058,11.715352,-3.151874
481.02,-1739.1859,10.914185,-2.832109
481.03998,-1638.233,11.875586,-3.151874
481.06,-1705.5349,10.433483,-2.832109
481.08,-1768.0295,8.991381,-2.9919913
481.09998,-1719.9567,10.113016,-3.151874
481.12,-1469.9781,14.920023,-3.3117566
481.13998,-1700.7277,11.715352,-2.9919913
481.16,-1700.7277,11.394884,-3.151874
481.18,-1657.4622,12.035819,-2.6722264
481.19998,-1825.7169,10.113016,-2.9919913
481.22,-1710.3422,10.593717,-2.832109
481.24,-1729.5713,10.27325,-2.832109
481.25998,-1739.1859,9.952783,-2.5123436
481.28,-1758.415,8.831148,-3.3117566
481.3,-1695.9203,11.074417,-2.9919913
481.31998,-1710.3422,10.433483,-3.3117566
481.34,-1662.2694,11.715352,-3.151874
481.36,-1695.9203,11.715352,-2.832109
481.37997,-1652.6548,12.676753,-2.832109
481.4,-1710.3422,10.433483,-2.832109
481.41998,-1729.5713,10.914185,-2.832109
481.44,-1729.5713,10.113016,-2.9919913
481.46,-1715.1495,10.433483,-2.832109
481.47998,-1719.9567,10.593717,-2.832109
481.5,-1667.0768,11.715352,-2.832109
481.52,-1681.4985,11.234652,-2.5123436
481.53998,-1715.1495,9.311849,-2.6722264
481.56,-1700.7277,11.394884,-2.9919913
481.58,-1753.6077,9.632316,-3.6315217
481.59998,-1739.1859,9.311849,-2.9919913
481.62,-1460.3636,16.682592,-3.471639
481.63998,-1695.9203,11.074417,-2.832109
481.66,-1739.1859,9.311849,-3.3117566
481.68,-1705.5349,10.27325,-2.9919913
481.69998,-1614.1967,15.24049,-3.3117566
481.72,-1715.1495,10.593717,-2.9919913
481.74,-1719.9567,10.593717,-2.832109
481.75998,-1715.1495,11.074417,-2.6722264
481.78,-1700.7277,10.593717,-3.3117566
481.8,-1667.0768,12.356286,-2.5123436
481.81998,-1734.3785,9.792548,-2.832109
481.84,-1681.4985,11.715352,-3.151874
481.86,-1700.7277,11.234652,-2.832109
481.87997,-1662.2694,12.035819,-2.832109
481.9,-1686.3058,11.715352,-2.5123436
481.91998,-1782.4514,9.952783,-2.832109
481.94,-1695.9203,12.035819,-2.832109
481.96,-1835.3314,8.02998,-3.3117566
481.97998,-1719.9567,9.632316,-2.9919913
482.0,-1715.1495,10.433483,-2.6722264
482.02,-1671.8839,11.234652,-2.832109
482.03998,-1753.6077,9.151615,-2.3524613
482.06,-1700.7277,11.715352,-2.6722264
482.08,-1743.9932,10.113016,-2.5123436
482.09998,-1715.1495,10.914185,-2.832109
482.12,-1397.869,19.727032,-3.3117566
482.13998,-1719.9567,10.75395,-2.3524613
482.16,-1691.1132,11.715352,-2.832109
482.18,-1724.764,9.632316,-2.9919913
482.19998,-1489.2073,17.00306,-3.151874
482.22,-1695.9203,11.715352,-2.832109
482.24,-1691.1132,11.715352,-2.5123436
482.25998,-1710.3422,11.715352,-2.832109
482.28,-1695.9203,11.555119,-3.151874
482.3,-1743.9932,8.350447,-2.9919913
482.31998,-1719.9567,10.75395,-2.832109
482.34,-1724.764,9.952783,-2.5123436
482.36,-1686.3058,11.394884,-2.832109
482.37997,-1652.6548,12.676753,-2.3524613
482.4,-1643.0402,12.676753,-2.6722264
482.41998,-1715.1495,11.394884,-2.832109
482.44,-1787.2587,8.831148,-2.5123436
482.46,-1753.6077,11.234652,-2.832109
482.47998,-1695.9203,11.074417,-2.3524613
482.5,-1681.4985,12.035819,-2.3524613
482.52,-1695.9203,12.035819,-2.6722264
482.53998,-1830.5242,7.8697467,-2.5123436
482.56,-1657.4622,13.157454,-2.5123436
482.58,-1643.0402,12.8369875,-2.832109
482.59998,-1710.3422,11.234652,-3.151874
482.62,-1445.9418,18.605394,-3.151874
482.63998,-1710.3422,12.035819,-2.3524613
482.66,-1811.295,7.0685787,-2.5123436
482.68,-1671.8839,11.555119,-2.3524613
482.69998,-1585.3529,11.875586,-2.9919913
482.72,-1676.6912,10.593717,-2.3524613
482.74,-1676.6912,11.394884,-2.6722264
482.75998,-1662.2694,12.356286,-2.3524613
482.78,-1763.2223,8.831148,-2.832109
482.8,-1695.9203,10.27325,-2.3524613
482.81998,-1662.2694,12.51652,-2.6722264
482.84,-1691.1132,11.074417,-2.5123436
482.86,-1614.1967,12.676753,-2.1925788
482.87997,-1662.2694,10.75395,-2.6722264
482.9,-1695.9203,11.074417,-2.032696
482.91998,-1628.6184,13.157454,-2.6722264
482.94,-1686.3058,11.555119,-2.6722264
482.96,-1715.1495,11.394884,-2.032696
482.97998,-1643.0402,11.715352,-2.6722264
483.0,-1691.1132,10.914185,-2.1925788
483.02,-1724.764,10.27325,-2.3524613
483.03998,-1787.2587,8.510681,-2.5123436
483.06,-1662.2694,12.356286,-2.6722264
483.08,-1662.2694,12.035819,-2.6722264
483.09998,-1647.8475,12.035819,-2.1925788
483.12,-1494.0145,18.284927,-2.832109
483.13998,-1580.5457,16.041658,-1.8728136
483.16,-1676.6912,11.234652,-2.6722264
483.18,-1695.9203,11.394884,-2.3524613
483.19998,-1907.4407,3.0627398,-2.832109
483.22,-1686.3058,11.234652,-2.032696
483.24,-1700.7277,10.27325,-2.5123436
483.25998,-1686.3058,11.074417,-2.3524613
483.28,-1739.1859,10.113016,-2.832109
483.3,-1676.6912,11.875586,-2.5123436
483.31998,-1647.8475,12.99722,-2.032696
483.34,-1662.2694,12.196053,-2.3524613
483.36,-1652.6548,11.875586,-2.1925788
483.37997,-1676.6912,11.715352,-2.3524613
483.4,-1619.0038,14.599556,-1.8728136
483.41998,-1686.3058,12.99722,-2.032696
483.44,-1686.3058,11.074417,-2.032696
483.46,-1686.3058,12.676753,-2.032696
483.47998,-1753.6077,9.792548,-2.032696
483.5,-1681.4985,11.394884,-2.1925788
483.52,-1686.3058,10.914185,-2.032696
483.53998,-1758.415,8.670914,-1.8728136
483.56,-1643.0402,12.356286,-2.032696
483.58,-1719.9567,10.914185,-1.712931
483.59998,-1667.0768,12.676753,-1.712931
483.62,-1532.4729,17.804228,-2.6722264
483.63998,-1695.9203,11.875586,-1.8728136
483.66,-1681.4985,11.555119,-1.8728136
483.68,-1700.7277,11.074417,-2.032696
483.69998,-1917.0553,7.0685787,-2.3524613
483.72,-1686.3058,11.074417,-2.1925788
483.74,-1700.7277,9.632316,-2.032696
483.75998,-1662.2694,12.356286,-1.8728136
483.78,-1763.2223,8.831148,-2.5123436
483.8,-1681.4985,11.234652,-2.1925788
483.81998,-1710.3422,10.914185,-1.8728136
483.84,-1633.4258,12.035819,-2.032696
483.86,-1681.4985,11.715352,-2.5123436
483.87997,-1691.1132,11.074417,-2.032696
483.9,-1662.2694,11.875586,-2.032696
483.91998,-1647.8475,12.51652,-1.8728136
483.94,-1700.7277,11.074417,-2.032696
483.96,-1667.0768,12.196053,-1.393166
483.97998,-1671.8839,12.196053,-1.712931
484.0,-1739.1859,10.27325,-1.712931
484.02,-1671.8839,12.196053,-2.032696
484.03998,-1676.6912,13.157454,-2.032696
484.06,-1628.6184,12.8369875,-2.3524613
484.08,-1671.8839,11.715352,-1.8728136
484.09998,-1662.2694,12.196053,-1.8728136
484.12,-1734.3785,11.875586,-2.032696
484.13998,-1657.4622,12.035819,-1.8728136
484.16,-1686.3058,11.234652,-1.8728136
484.18,-1719.9567,10.914185,-1.8728136
484.19998,-1715.1495,13.157454,-2.3524613
484.22,-1710.3422,11.234652,-1.8728136
484.24,-1676.6912,11.715352,-1.8728136
484.25998,-1686.3058,11.715352,-2.1925788
484.28,-1681.4985,11.234652,-1.712931
484.3,-1710.3422,10.914185,-1.712931
484.31998,-1657.4622,12.356286,-2.032696
484.34,-1667.0768,12.035819,-1.8728136
484.36,-1686.3058,11.715352,-1.712931
484.37997,-1657.4622,12.356286,-1.5530485
484.4,-1676.6912,11.394884,-2.1925788
484.41998,-1719.9567,10.75395,-1.5530485
484.44,-1686.3058,11.074417,-2.032696
484.46,-1657.4622,11.875586,-1.8728136
484.47998,-1667.0768,11.555119,-1.393166
484.5,-1652.6548,13.317687,-1.5530485
484.52,-1643.0402,12.51652,-1.712931
484.53998,-1739.1859,9.792548,-1.712931
484.56,-1667.0768,12.035819,-1.712931
484.58,-1671.8839,10.75395,-1.393166
484.59998,-1719.9567,9.632316,-1.712931
484.62,-1777.644,11.715352,-1.5530485
484.63998,-1681.4985,11.074417,-2.032696
484.66,-1686.3058,11.234652,-2.032696
484.68,-1652.6548,12.196053,-1.393166
484.69998,-1580.5457,16.041658,-1.8728136
484.72,-1667.0768,12.356286,-1.712931
484.74,-1700.7277,11.555119,-2.032696
484.75998,-1676.6912,11.555119,-1.712931
484.78,-1662.2694,13.317687,-1.393166
484.8,-1681.4985,11.555119,-1.712931
484.81998,-1662.2694,12.356286,-1.393166
484.84,-1691.1132,11.875586,-1.2332834
484.86,-1671.8839,11.394884,-1.712931
484.87997,-1686.3058,12.035819,-1.712931
484.9,-1671.8839,11.394884,-1.5530485
484.91998,-1695.9203,11.555119,-1.712931
484.94,-1657.4622,12.8369875,-1.2332834
484.96,-1671.8839,11.555119,-1.393166
484.97998,-1633.4258,13.477921,-1.2332834
485.0,-1647.8475,12.99722,-1.393166
485.02,-1657.4622,12.196053,-1.2332834
485.03998,-1724.764,11.074417,-1.712931
485.06,-1638.233,12.99722,-1.5530485
485.08,-1681.4985,11.875586,-1.712931
485.09998,-1662.2694,12.676753,-1.393166
485.12,-1902.6334,8.02998,-1.2332834
485.13998,-1676.6912,11.875586,-1.5530485
485.16,-1686.3058,12.51652,-1.5530485
485.18,-1662.2694,12.8369875,-1.393166
485.19998,-1527.6655,16.362125,-1.393166
485.22,-1652.6548,13.157454,-1.2332834
485.24,-1686.3058,11.074417,-1.5530485
485.25998,-1652.6548,12.356286,-1.5530485
485.28,-1619.0038,13.477921,-1.5530485
485.3,-1667.0768,12.99722,-1.393166
485.31998,-1705.5349,10.27325,-1.5530485
485.34,-1719.9567,10.75395,-1.5530485
485.36,-1667.0768,11.555119,-1.2332834
485.37997,-1681.4985,12.035819,-1.393166
485.4,-1681.4985,12.035819,-1.2332834
485.41998,-1667.0768,12.51652,-1.0734009
485.44,-1628.6184,13.477921,-1.393166
485.46,-1719.9567,8.991381,-1.0734009
485.47998,-1647.8475,12.356286,-1.712931
485.5,-1691.1132,11.715352,-1.393166
485.52,-1628.6184,13.317687,-1.5530485
485.53998,-1638.233,12.8369875,-1.393166
485.56,-1729.5713,9.472081,-1.5530485
485.58,-1715.1495,10.433483,-1.2332834
485.59998,-1647.8475,12.035819,-1.393166
485.62,-1758.415,10.433483,-1.2332834
485.63998,-1695.9203,10.75395,-0.9135183
485.66,-1623.8112,13.157454,-1.2332834
485.68,-1724.764,9.472081,-1.5530485
485.69998,-1643.0402,12.196053,-1.393166
485.72,-1647.8475,13.477921,-1.393166
485.74,-1681.4985,12.196053,-1.2332834
485.75998,-1686.3058,12.196053,-1.2332834
485.78,-1662.2694,12.356286,-1.393166
485.8,-1710.3422,10.914185,-1.0734009
485.81998,-1619.0038,12.8369875,-1.712931
485.84,-1671.8839,12.8369875,-1.0734009
485.86,-1628.6184,12.8369875,-1.0734009
485.87997,-1657.4622,12.196053,-1.712931
485.9,-1647.8475,13.157454,-1.5530485
485.91998,-1681.4985,11.394884,-1.712931
485.94,-1628.6184,12.99722,-1.2332834
485.96,-1599.7748,13.477921,-1.2332834
485.97998,-1619.0038,13.638155,-1.5530485
486.0,-1638.233,13.317687,-1.2332834
486.02,-1628.6184,13.958622,-1.393166
486.03998,-1643.0402,12.356286,-1.2332834
486.06,-1657.4622,12.356286,-1.2332834
486.08,-1609.3893,13.477921,-1.5530485
486.09998,-1638.233,13.157454,-1.393166
486.12,-1777.644,8.510681,-1.8728136
486.13998,-1619.0038,13.638155,-1.5530485
486.16,-1691.1132,10.75395,-1.5530485
486.18,-1695.9203,12.196053,-1.393166
486.19998,-1647.8475,12.676753,-1.393166
486.22,-1643.0402,12.51652,-1.0734009
486.24,-1691.1132,11.555119,-1.393166
486.25998,-1681.4985,11.074417,-1.2332834
486.28,-1667.0768,11.875586,-1.2332834
486.3,-1671.8839,11.875586,-1.2332834
486.31998,-1619.0038,13.317687,-1.393166
486.34,-1681.4985,12.196053,-0.7536357
486.36,-1633.4258,12.676753,-1.0734009
486.37997,-1671.8839,11.875586,-1.2332834
486.4,-1638.233,12.51652,-0.9135183
486.41998,-1638.233,12.676753,-1.0734009
486.44,-1691.1132,12.196053,-1.0734009
486.46,-1662.2694,11.875586,-1.2332834
486.47998,-1652.6548,13.477921,-1.393166
486.5,-1647.8475,12.035819,-1.0734009
486.52,-1604.582,13.477921,-1.0734009
486.53998,-1724.764,10.75395,-1.2332834
486.56,-1657.4622,12.356286,-1.2332834
486.58,-1575.7383,14.920023,-1.2332834
486.59998,-1643.0402,12.356286,-1.2332834
486.62,-1671.8839,11.715352,-1.5530485
486.63998,-1691.1132,11.394884,-0.7536357
486.66,-1628.6184,13.157454,-1.2332834
486.68,-1647.8475,12.51652,-0.7536357
486.69998,-1599.7748,13.157454,-0.7536357
486.72,-1628.6184,13.477921,-1.0734009
486.74,-1652.6548,12.51652,-0.7536357
486.75998,-1628.6184,13.798388,-1.2332834
486.78,-1662.2694,12.356286,-1.2332834
486.8,-1710.3422,10.914185,-0.9135183
486.81998,-1657.4622,12.676753,-1.0734009
486.84,-1647.8475,12.676753,-1.0734009
486.86,-1719.9567,11.394884,-0.7536357
486.87997,-1681.4985,12.676753,-0.59375316
486.9,-1667.0768,12.035819,-1.0734009
486.91998,-1657.4622,12.676753,-1.0734009
486.94,-1623.8112,14.599556,-1.2332834
486.96,-1647.8475,12.676753,-1.0734009
486.97998,-1691.1132,10.593717,-1.0734009
487.0,-1619.0038,13.317687,-0.9135183
487.02,-1657.4622,12.51652,-0.9135183
487.03998,-1619.0038,12.8369875,-1.2332834
487.06,-1647.8475,12.51652,-0.59375316
487.08,-1652.6548,12.99722,-0.59375316
487.09998,-1662.2694,12.356286,-1.2332834
487.12,-1638.233,13.157454,-1.2332834
487.13998,-1676.6912,12.035819,-0.2739881
487.16,-1652.6548,13.477921,-0.9135183
487.18,-1643.0402,13.317687,-0.4338706
487.19998,-1676.6912,12.196053,-1.0734009
487.22,-1681.4985,11.715352,-0.7536357
487.24,-1652.6548,12.196053,-1.2332834
487.25998,-1623.8112,13.477921,-1.0734009
487.28,-1619.0038,14.439322,-0.9135183
487.3,-1643.0402,13.157454,-1.0734009
487.31998,-1662.2694,12.99722,-0.59375316
487.34,-1647.8475,13.477921,-0.59375316
487.36,-1681.4985,12.676753,-0.9135183
487.37997,-1652.6548,12.8369875,-0.4338706
487.4,-1633.4258,12.8369875,-0.9135183
487.41998,-1623.8112,14.279089,-0.7536357
487.44,-1604.582,15.400723,-0.59375316
487.46,-1604.582,13.798388,-0.7536357
487.47998,-1695.9203,11.715352,-0.9135183
487.5,-1700.7277,11.234652,-0.7536357
487.52,-1633.4258,13.317687,-0.4338706
487.53998,-1647.8475,13.477921,-0.4338706
487.56,-1580.5457,14.759789,-0.7536357
487.58,-1638.233,12.99722,-0.9135183
487.59998,-1667.0768,12.035819,-0.7536357
487.62,-1691.1132,11.555119,-0.59375316
487.63998,-1623.8112,13.798388,-0.9135183
487.66,-1628.6184,13.638155,-0.59375316
487.68,-1657.4622,13.317687,-0.9135183
487.69998,-1671.8839,12.51652,-0.114105515
487.72,-1667.0768,12.196053,-0.7536357
487.74,-1638.233,13.798388,-0.4338706
487.75998,-1623.8112,13.798388,-0.7536357
487.78,-1647.8475,12.99722,-0.2739881
487.8,-1734.3785,10.75395,-0.2739881
487.81998,-1638.233,12.8369875,-0.4338706
487.84,-1739.1859,10.113016,-0.59375316
487.86,-1628.6184,13.477921,-0.2739881
487.87997,-1638.233,13.798388,-0.4338706
487.9,-1676.6912,13.157454,-0.59375316
487.91998,-1657.4622,12.356286,-0.59375316
487.94,-1686.3058,10.914185,-0.59375316
487.96,-1619.0038,13.958622,-0.2739881
487.97998,-1590.1602,14.599556,-0.59375316
488.0,-1681.4985,12.356286,-0.59375316
488.02,-1667.0768,12.51652,-0.4338706
488.03998,-1662.2694,11.875586,-0.4338706
488.06,-1705.5349,10.75395,-0.59375316
488.08,-1609.3893,13.477921,-0.2739881
488.09998,-1662.2694,12.99722,-0.2739881
488.12,-1691.1132,10.914185,-0.59375316
488.13998,-1643.0402,13.157454,-0.2739881
488.16,-1623.8112,13.798388,-0.114105515
488.18,-1575.7383,15.080256,-0.9135183
488.19998,-1643.0402,13.798388,-0.2739881
488.22,-1633.4258,13.798388,-0.7536357
488.24,-1633.4258,13.317687,-0.114105515
488.25998,-1676.6912,12.356286,-0.4338706
488.28,-1633.4258,13.317687,-0.59375316
488.3,-1647.8475,13.157454,-0.59375316
488.31998,-1628.6184,13.958622,-0.2739881
488.34,-1657.4622,12.51652,0.20565958
488.36,-1652.6548,12.676753,-0.59375316
488.37997,-1652.6548,12.51652,-0.59375316
488.4,-1652.6548,13.157454,-0.4338706
488.41998,-1676.6912,12.035819,-0.114105515
488.44,-1638.233,13.157454,-0.59375316
488.46,-1623.8112,14.599556,-0.2739881
488.47998,-1643.0402,12.676753,-0.4338706
488.5,-1652.6548,12.676753,-0.2739881
488.52,-1647.8475,13.798388,-0.2739881
488.53998,-1619.0038,13.477921,-0.2739881
488.56,-1609.3893,14.759789,-0.59375316
488.58,-1662.2694,12.51652,-0.4338706
488.59998,-1638.233,12.356286,-0.2739881
488.62,-1667.0768,12.8369875,-0.4338706
488.63998,-1662.2694,12.51652,-0.4338706
488.66,-1623.8112,12.99722,-0.59375316
488.68,-1671.8839,12.356286,-0.2739881
488.69998,-1638.233,13.477921,-0.2739881
488.72,-1633.4258,13.638155,-0.114105515
488.74,-1652.6548,12.99722,-0.114105515
488.75998,-1647.8475,12.676753,-0.2739881
488.78,-1585.3529,14.599556,-0.59375316
488.8,-1628.6184,13.798388,0.20565958
488.81998,-1647.8475,12.99722,-0.114105515
488.84,-1662.2694,13.317687,0.20565958
488.86,-1599.7748,14.439322,-0.114105515
488.87997,-1609.3893,14.920023,-0.114105515
488.9,-1643.0402,14.1188545,-0.2739881
488.91998,-1628.6184,13.317687,-0.59375316
488.94,-1614.1967,14.1188545,-0.59375316
488.96,-1681.4985,12.356286,0.045777034
488.97998,-1604.582,13.798388,-0.2739881
489.0,-1671.8839,12.8369875,-0.114105515
489.02,-1633.4258,12.99722,-0.114105515
489.03998,-1580.5457,14.1188545,-0.114105515
489.06,-1638.233,14.599556,0.045777034
489.08,-1619.0038,13.958622,0.20565958
489.09998,-1638.233,12.99722,-0.2739881
489.12,-1599.7748,15.24049,-0.114105515
489.13998,-1686.3058,11.715352,-0.114105515
489.16,-1590.1602,14.439322,-0.114105515
489.18,-1638.233,12.676753,-0.114105515
489.19998,-1619.0038,13.477921,-0.4338706
489.22,-1628.6184,13.157454,0.045777034
489.24,-1580.5457,15.24049,0.045777034
489.25998,-1676.6912,12.8369875,-0.114105515
489.28,-1609.3893,12.8369875,-0.4338706
489.3,-1652.6548,13.157454,-0.4338706
489.31998,-1619.0038,13.958622,-0.2739881
489.34,-1623.8112,13.798388,0.045777034
489.36,-1657.4622,12.676753,0.045777034
489.37997,-1623.8112,13.317687,-0.114105515
489.4,-1671.8839,12.196053,-0.4338706
489.41998,-1647.8475,13.477921,0.20565958
489.44,-1575.7383,15.560958,0.36554214
489.46,-1667.0768,12.51652,-0.4338706
489.47998,-1643.0402,12.8369875,-0.2739881
489.5,-1585.3529,14.279089,-0.59375316
489.52,-1662.2694,12.356286,0.045777034
489.53998,-1566.1238,15.080256,-0.2739881
489.56,-1590.1602,13.958622,0.045777034
489.58,-1647.8475,13.477921,0.045777034
489.59998,-1623.8112,13.317687,-0.114105515
489.62,-1494.0145,16.20189,-0.2739881
489.63998,-1609.3893,14.759789,0.045777034
489.66,-1604.582,13.638155,0.045777034
489.68,-1599.7748,15.080256,-0.114105515
489.69998,-1667.0768,12.356286,0.20565958
489.72,-1575.7383,15.24049,0.045777034
489.74,-1623.8112,12.99722,0.20565958
489.75998,-1570.931,15.560958,-0.2739881
489.78,-1628.6184,11.715352,0.20565958
489.8,-1643.0402,12.676753,0.045777034
489.81998,-1609.3893,13.798388,0.045777034
489.84,-1614.1967,13.798388,0.045777034
489.86,-1638.233,13.317687,0.20565958
489.87997,-1623.8112,13.638155,0.20565958
489.9,-1609.3893,13.798388,-0.114105515
489.91998,-1609.3893,14.599556,-0.2739881
489.94,-1633.4258,13.638155,0.045777034
489.96,-1681.4985,13.477921,-0.114105515
489.97998,-1614.1967,14.279089,-0.114105515
490.0,-1599.7748,14.279089,0.68530726
490.02,-1647.8475,12.99722,-0.114105515
490.03998,-1628.6184,12.356286,0.045777034
490.06,-1638.233,13.798388,0.36554214
490.08,-1609.3893,14.439322,0.20565958
490.09998,-1647.8475,14.599556,0.5254247
490.12,-1369.0253,17.96446,-1.2332834
490.13998,-1633.4258,13.317687,0.36554214
490.16,-1628.6184,13.477921,0.20565958
490.18,-1643.0402,13.317687,0.36554214
490.19998,-1594.9674,13.638155,0.5254247
490.22,-1657.4622,12.356286,0.20565958
490.24,-1652.6548,13.317687,0.20565958
490.25998,-1643.0402,12.676753,0.20565958
490.28,-1657.4622,12.8369875,-0.114105515
490.3,-1638.233,12.99722,0.68530726
490.31998,-1662.2694,12.99722,0.20565958
490.34,-1676.6912,11.715352,0.5254247
490.36,-1633.4258,12.99722,0.20565958
490.37997,-1647.8475,12.99722,0.68530726
490.4,-1556.5093,15.400723,0.36554214
490.41998,-1652.6548,13.157454,0.20565958
490.44,-1614.1967,14.599556,0.68530726
490.46,-1729.5713,11.234652,0.8451898
490.47998,-1623.8112,13.798388,0.5254247
490.5,-1647.8475,13.157454,0.20565958
490.52,-1614.1967,13.157454,0.20565958
490.53998,-1686.3058,10.914185,0.045777034
490.56,-1667.0768,12.356286,0.5254247
490.58,-1643.0402,13.958622,-0.114105515
490.59998,-1594.9674,14.279089,0.36554214
490.62,-1263.2651,18.765629,-0.7536357
490.63998,-1647.8475,12.99722,0.68530726
490.66,-1619.0038,14.599556,0.5254247
490.68,-1681.4985,12.196053,0.5254247
490.69998,-1638.233,13.798388,0.8451898
490.72,-1633.4258,13.477921,0.20565958
490.74,-1638.233,13.157454,0.36554214
490.75998,-1638.233,13.477921,0.36554214
490.78,-1676.6912,11.394884,0.20565958
490.8,-1662.2694,13.477921,0.68530726
490.81998,-1619.0038,13.798388,0.68530726
490.84,-1619.0038,13.958622,0.5254247
490.86,-1575.7383,14.920023,0.68530726
490.87997,-1619.0038,13.157454,0.68530726
490.9,-1628.6184,13.477921,0.68530726
490.91998,-1604.582,14.599556,0.8451898
490.94,-1647.8475,13.157454,0.68530726
490.96,-1647.8475,13.958622,0.8451898
490.97998,-1633.4258,13.157454,0.68530726
491.0,-1599.7748,14.1188545,0.8451898
491.02,-1614.1967,13.798388,0.36554214
491.03998,-1599.7748,14.439322,0.8451898
491.06,-1623.8112,13.477921,0.8451898
491.08,-1652.6548,12.035819,0.68530726
491.09998,-1643.0402,13.317687,1.164955
491.12,-1349.7963,17.00306,-0.7536357
491.13998,-1662.2694,12.51652,0.8451898
491.16,-1705.5349,11.234652,0.68530726
491.18,-1638.233,13.638155,0.8451898
491.19998,-1609.3893,14.279089,0.5254247
491.22,-1671.8839,11.715352,0.20565958
491.24,-1609.3893,14.439322,0.68530726
491.25998,-1575.7383,16.041658,1.0050724
491.28,-1768.0295,9.472081,0.8451898
491.3,-1604.582,14.599556,0.8451898
491.31998,-1619.0038,13.958622,0.68530726
491.34,-1643.0402,14.1188545,0.8451898
491.36,-1566.1238,16.20189,1.8044851
491.37997,-1628.6184,15.080256,1.0050724
491.4,-1633.4258,13.157454,1.0050724
491.41998,-1657.4622,12.51652,0.36554214
491.44,-1628.6184,13.638155,0.5254247
491.46,-1556.5093,16.20189,1.164955
491.47998,-1590.1602,14.759789,1.0050724
491.5,-1585.3529,15.24049,0.68530726
491.52,-1628.6184,13.638155,1.0050724
491.53998,-1657.4622,12.196053,0.8451898
491.56,-1628.6184,14.1188545,1.0050724
491.58,-1633.4258,13.638155,0.68530726
491.59998,-1609.3893,13.798388,0.68530726
491.62,-1561.3165,11.715352,-0.2739881
491.63998,-1638.233,13.157454,0.68530726
491.66,-1609.3893,14.759789,0.68530726
491.68,-1619.0038,13.638155,0.68530726
491.69998,-1628.6184,14.920023,1.164955
491.72,-1643.0402,12.356286,0.68530726
491.74,-1643.0402,13.317687,0.36554214
491.75998,-1628.6184,13.798388,0.36554214
491.78,-1724.764,13.157454,0.68530726
491.8,-1623.8112,13.798388,0.8451898
491.81998,-1585.3529,15.080256,1.3248374
491.84,-1604.582,14.439322,0.68530726
491.86,-1532.4729,16.362125,0.8451898
491.87997,-1604.582,15.080256,0.8451898
491.9,-1638.233,13.317687,1.0050724
491.91998,-1623.8112,13.477921,1.0050724
491.94,-1676.6912,12.196053,0.68530726
491.96,-1652.6548,12.8369875,1.3248374
491.97998,-1628.6184,12.99722,0.8451898
492.0,-1657.4622,13.157454,1.164955
492.02,-1614.1967,13.798388,0.68530726
492.03998,-1671.8839,12.196053,1.164955
492.06,-1643.0402,14.439322,1.0050724
492.08,-1686.3058,13.798388,1.0050724
492.09998,-1628.6184,13.477921,1.0050724
492.12,-1652.6548,11.074417,0.5254247
492.13998,-1609.3893,13.798388,0.8451898
492.16,-1590.1602,13.958622,1.0050724
492.18,-1585.3529,15.400723,1.0050724
492.19998,-1623.8112,14.920023,1.48472
492.22,-1676.6912,12.676753,0.8451898
492.24,-1686.3058,12.196053,0.8451898
492.25998,-1628.6184,14.279089,1.3248374
492.28,-1662.2694,15.881425,1.164955
492.3,-1647.8475,13.958622,1.164955
492.31998,-1599.7748,14.1188545,1.0050724
492.34,-1580.5457,14.920023,0.68530726
492.36,-1537.2802,15.400723,1.0050724
492.37997,-1619.0038,14.279089,1.0050724
492.4,-1585.3529,14.279089,1.164955
492.41998,-1590.1602,14.599556,1.164955
492.44,-1628.6184,13.798388,0.68530726
492.46,-1647.8475,13.317687,1.3248374
492.47998,-1633.4258,13.477921,1.0050724
492.5,-1643.0402,12.8369875,0.8451898
492.52,-1489.2073,18.124695,1.0050724
492.53998,-1676.6912,12.196053,0.8451898
492.56,-1614.1967,15.400723,1.6446027
492.58,-1585.3529,15.72119,1.0050724
492.59998,-1623.8112,13.958622,1.3248374
492.62,-1585.3529,15.080256,0.68530726
492.63998,-1647.8475,12.676753,1.164955
492.66,-1628.6184,14.1188545,1.164955
492.68,-1609.3893,14.1188545,0.8451898
492.69998,-1513.2437,17.643993,1.164955
492.72,-1623.8112,14.599556,1.48472
492.74,-1619.0038,13.798388,1.164955
492.75998,-1585.3529,15.24049,1.6446027
492.78,-1474.7855,19.086096,1.164955
492.8,-1623.8112,13.798388,0.8451898
492.81998,-1623.8112,14.599556,0.68530726
492.84,-1599.7748,15.560958,1.0050724
492.86,-1513.2437,16.20189,1.3248374
492.87997,-1619.0038,14.1188545,1.0050724
492.9,-1585.3529,14.920023,1.0050724
492.91998,-1594.9674,15.24049,1.0050724
492.94,-1662.2694,13.157454,1.164955
492.96,-1619.0038,14.599556,1.48472
492.97998,-1561.3165,16.52236,1.164955
493.0,-1590.1602,14.439322,1.3248374
493.02,-1599.7748,14.599556,1.0050724
493.03998,-1705.5349,11.394884,1.0050724
493.06,-1619.0038,14.279089,1.164955
493.08,-1599.7748,14.599556,0.68530726
493.09998,-1580.5457,15.24049,1.164955
493.12,-1393.0616,18.124695,0.68530726
493.13998,-1575.7383,16.362125,1.0050724
493.16,-1551.7019,16.842825,1.3248374
493.18,-1580.5457,14.1188545,0.8451898
493.19998,-1537.2802,16.682592,1.8044851
493.22,-1604.582,13.798388,1.164955
493.24,-1614.1967,14.439322,1.164955
493.25998,-1594.9674,15.400723,0.8451898
493.28,-1393.0616,20.68843,0.8451898
493.3,-1628.6184,13.317687,0.8451898
493.31998,-1585.3529,15.560958,1.48472
493.34,-1570.931,16.20189,1.3248374
493.36,-1513.2437,15.881425,1.164955
493.37997,-1561.3165,15.881425,1.164955
493.4,-1647.8475,13.477921,1.6446027
493.41998,-1580.5457,15.72119,1.48472
493.44,-1599.7748,15.400723,1.3248374
493.46,-1657.4622,14.1188545,1.48472
493.47998,-1527.6655,16.041658,1.48472
493.5,-1594.9674,14.759789,1.48472
493.52,-1599.7748,14.279089,0.8451898
493.53998,-1676.6912,12.8369875,1.164955
493.56,-1619.0038,14.599556,1.3248374
493.58,-1580.5457,14.599556,1.48472
493.59998,-1604.582,14.599556,1.164955
493.62,-1349.7963,17.483759,0.20565958
493.63998,-1590.1602,14.599556,1.48472
493.66,-1599.7748,15.400723,1.6446027
493.68,-1695.9203,12.035819,1.48472
493.69998,-1556.5093,16.52236,1.9643677
493.72,-1594.9674,14.1188545,1.164955
493.74,-1628.6184,13.638155,1.6446027
493.75998,-1619.0038,13.317687,1.48472
493.78,-1431.52,18.445162,1.6446027
493.8,-1604.582,14.920023,1.6446027
493.81998,-1638.233,13.477921,1.6446027
493.84,-1599.7748,13.958622,1.6446027
493.86,-1599.7748,13.798388,1.48472
493.87997,-1580.5457,14.439322,1.9643677
493.9,-1623.8112,13.317687,1.6446027
493.91998,-1570.931,15.72119,1.9643677
493.94,-1590.1602,15.080256,1.48472
493.96,-1570.931,16.20189,1.6446027
493.97998,-1638.233,13.638155,1.3248374
494.0,-1614.1967,13.958622,1.6446027
494.02,-1537.2802,15.881425,1.8044851
494.03998,-1643.0402,12.676753,1.48472
494.06,-1604.582,15.080256,1.48472
494.08,-1614.1967,13.798388,1.6446027
494.09998,-1594.9674,15.080256,1.48472
494.12,-1542.0874,9.792548,0.8451898
494.13998,-1570.931,16.20189,1.9643677
494.16,-1609.3893,15.400723,1.3248374
494.18,-1570.931,16.20189,1.8044851
494.19998,-1566.1238,17.00306,1.9643677
494.22,-1604.582,14.439322,1.6446027
494.24,-1575.7383,15.881425,1.9643677
494.25998,-1570.931,15.24049,1.9643677
494.28,-1556.5093,15.080256,1.8044851
494.3,-1638.233,14.279089,2.1242502
494.31998,-1594.9674,15.400723,1.8044851
494.34,-1628.6184,13.317687,1.3248374
494.36,-1619.0038,14.439322,1.9643677
494.37997,-1590.1602,14.920023,1.48472
494.4,-1614.1967,13.798388,2.1242502
494.41998,-1599.7748,15.080256,1.8044851
494.44,-1628.6184,13.477921,1.9643677
494.46,-1561.3165,16.682592,2.1242502
494.47998,-1580.5457,15.881425,1.9643677
494.5,-1556.5093,16.20189,2.1242502
494.52,-1542.0874,17.163294,2.1242502
494.53998,-1628.6184,14.439322,1.8044851
494.56,-1619.0038,13.798388,1.9643677
494.58,-1619.0038,13.638155,2.4440153
494.59998,-1671.8839,12.196053,1.6446027
494.62,-1849.7533,3.5434403,1.3248374
494.63998,-1590.1602,14.759789,2.1242502
494.66,-1604.582,14.759789,1.8044851
494.68,-1566.1238,15.560958,1.6446027
494.69998,-1546.8947,16.362125,1.9643677
494.72,-1590.1602,14.759789,1.6446027
494.74,-1638.233,13.317687,1.8044851
494.75998,-1599.7748,15.400723,1.9643677
494.78,-1566.1238,14.599556,1.9643677
494.8,-1643.0402,13.798388,1.6446027
494.81998,-1570.931,15.080256,1.8044851
494.84,-1604.582,14.920023,1.9643677
494.86,-1652.6548,13.317687,2.1242502
494.87997,-1522.8583,17.00306,1.8044851
494.9,-1614.1967,14.279089,1.9643677
494.91998,-1556.5093,15.560958,1.6446027
494.94,-1585.3529,15.24049,1.9643677
494.96,-1508.4365,17.163294,1.8044851
494.97998,-1633.4258,13.157454,2.1242502
495.0,-1609.3893,14.599556,1.9643677
495.02,-1590.1602,15.080256,1.9643677
495.03998,-1619.0038,13.958622,2.1242502
495.06,-1542.0874,15.72119,1.6446027
495.08,-1619.0038,14.439322,1.8044851
495.09998,-1599.7748,14.439322,1.9643677
495.12,-1897.826,4.6650753,1.9643677
495.13998,-1537.2802,17.163294,2.4440153
495.16,-1590.1602,14.759789,1.9643677
495.18,-1532.4729,16.52236,1.8044851
495.19998,-1575.7383,16.362125,2.284133
495.22,-1594.9674,15.24049,2.1242502
495.24,-1657.4622,13.477921,2.1242502
495.25998,-1566.1238,16.041658,1.9643677
495.28,-1633.4258,12.196053,2.284133
495.3,-1585.3529,15.560958,2.284133
495.31998,-1619.0038,14.439322,2.284133
495.34,-1609.3893,14.920023,2.4440153
495.36,-1628.6184,15.080256,2.284133
495.37997,-1585.3529,15.24049,2.1242502
495.4,-1570.931,15.24049,1.9643677
495.41998,-1594.9674,14.439322,1.9643677
495.44,-1575.7383,15.72119,1.6446027
495.46,-1494.0145,17.163294,1.8044851
495.47998,-1633.4258,13.317687,2.1242502
495.5,-1609.3893,15.400723,2.6038978
495.52,-1566.1238,15.72119,2.1242502
495.53998,-1623.8112,13.798388,2.4440153
495.56,-1599.7748,15.080256,2.4440153
495.58,-1575.7383,16.041658,2.1242502
495.59998,-1604.582,15.24049,1.9643677
495.62,-1873.7897,6.5878778,1.3248374
495.63998,-1580.5457,15.080256,1.6446027
495.66,-1633.4258,13.638155,2.4440153
495.68,-1575.7383,15.24049,2.4440153
495.69998,-1551.7019,15.72119,2.284133
495.72,-1575.7383,15.72119,2.1242502
495.74,-1599.7748,14.920023,2.4440153
495.75998,-1532.4729,16.52236,2.4440153
495.78,-1619.0038,14.599556,2.4440153
495.8,-1561.3165,15.72119,1.8044851
495.81998,-1590.1602,14.599556,1.9643677
495.84,-1614.1967,14.920023,2.4440153
495.86,-1561.3165,17.323528,2.1242502
495.87997,-1614.1967,14.439322,2.1242502
495.9,-1614.1967,14.1188545,1.6446027
495.91998,-1609.3893,14.439322,1.8044851
495.94,-1599.7748,14.279089,2.284133
495.96,-1527.6655,16.362125,1.8044851
495.97998,-1604.582,14.279089,1.9643677
496.0,-1599.7748,14.599556,2.6038978
496.02,-1609.3893,14.439322,1.9643677
496.03998,-1532.4729,17.163294,2.284133
496.06,-1542.0874,17.00306,2.4440153
496.08,-1609.3893,14.439322,2.1242502
496.09998,-1575.7383,15.24049,2.1242502
496.12,-1748.8004,9.151615,1.8044851
496.13998,-1614.1967,14.759789,2.1242502
496.16,-1585.3529,14.599556,1.8044851
496.18,-1556.5093,16.041658,2.1242502
496.19998,-1580.5457,15.560958,2.284133
496.22,-1580.5457,15.72119,2.4440153
496.24,-1681.4985,11.394884,1.9643677
496.25998,-1590.1602,15.24049,2.1242502
496.28,-1623.8112,14.279089,1.9643677
496.3,-1594.9674,14.599556,1.8044851
496.31998,-1594.9674,14.599556,2.4440153
496.34,-1551.7019,16.52236,1.8044851
496.36,-1619.0038,13.958622,2.284133
496.37997,-1580.5457,14.759789,2.1242502
496.4,-1570.931,15.24049,2.1242502
496.41998,-1585.3529,15.560958,2.1242502
496.44,-1498.8219,18.284927,1.9643677
496.46,-1513.2437,16.842825,2.1242502
496.47998,-1594.9674,15.560958,2.4440153
496.5,-1604.582,14.439322,2.284133
496.52,-1604.582,14.920023,2.284133
496.53998,-1532.4729,16.842825,2.1242502
496.56,-1594.9674,15.24049,2.284133
496.58,-1594.9674,15.24049,2.1242502
496.59998,-1580.5457,15.560958,2.4440153
496.62,-1647.8475,13.157454,2.284133
496.63998,-1570.931,15.24049,2.4440153
496.66,-1556.5093,15.72119,2.284133
496.68,-1570.931,15.24049,2.4440153
496.69998,-1551.7019,15.881425,2.1242502
496.72,-1580.5457,15.72119,2.1242502
496.74,-1566.1238,16.20189,2.7637806
496.75998,-1594.9674,15.72119,3.0835457
496.78,-1638.233,13.798388,2.6038978
496.8,-1556.5093,15.72119,2.4440153
496.81998,-1561.3165,15.72119,2.1242502
496.84,-1561.3165,16.52236,2.4440153
496.86,-1575.7383,16.20189,2.4440153
496.87997,-1594.9674,14.599556,2.4440153
496.9,-1619.0038,14.279089,2.923663
496.91998,-1590.1602,13.638155,2.1242502
496.94,-1623.8112,14.920023,2.284133
496.96,-1599.7748,15.72119,2.4440153
496.97998,-1585.3529,15.881425,3.0835457
497.0,-1686.3058,12.99722,2.7637806
497.02,-1614.1967,13.638155,2.4440153
497.03998,-1594.9674,14.599556,2.1242502
497.06,-1532.4729,16.20189,2.6038978
497.08,-1532.4729,16.041658,2.6038978
497.09998,-1532.4729,17.00306,2.284133
497.12,-1628.6184,14.1188545,2.7637806
497.13998,-1575.7383,17.00306,2.4440153
497.16,-1537.2802,17.163294,3.0835457
497.18,-1566.1238,15.400723,2.1242502
497.19998,-1580.5457,14.759789,2.6038978
497.22,-1546.8947,16.842825,2.7637806
497.24,-1575.7383,15.400723,2.4440153
497.25998,-1604.582,13.798388,2.7637806
497.28,-1599.7748,14.279089,2.4440153
497.3,-1527.6655,16.362125,1.9643677
497.31998,-1628.6184,14.759789,2.6038978
497.34,-1599.7748,15.24049,2.6038978
497.36,-1614.1967,14.439322,2.6038978
497.37997,-1575.7383,15.72119,2.6038978
497.4,-1546.8947,15.080256,2.4440153
497.41998,-1570.931,14.279089,2.923663
497.44,-1556.5093,15.080256,2.4440153
497.46,-1556.5093,16.041658,2.6038978
497.47998,-1619.0038,14.599556,2.6038978
497.5,-1546.8947,15.400723,2.6038978
497.52,-1585.3529,14.439322,2.284133
497.53998,-1580.5457,14.920023,2.7637806
497.56,-1623.8112,13.157454,2.6038978
497.58,-1599.7748,14.920023,3.0835457
497.59998,-1623.8112,12.676753,2.6038978
497.62,-1619.0038,14.1188545,2.923663
497.63998,-1542.0874,15.72119,2.7637806
497.66,-1561.3165,15.881425,3.0835457
497.68,-1585.3529,14.599556,2.6038978
497.69998,-1638.233,12.8369875,2.6038978
497.72,-1580.5457,14.279089,2.6038978
497.74,-1609.3893,12.99722,2.7637806
497.75998,-1570.931,14.920023,2.7637806
497.78,-1542.0874,16.842825,2.7637806
497.8,-1484.4,17.643993,2.6038978
497.81998,-1623.8112,13.798388,2.7637806
497.84,-1590.1602,15.24049,3.0835457
497.86,-1570.931,15.24049,3.0835457
497.87997,-1566.1238,14.599556,2.4440153
497.9,-1604.582,13.798388,2.7637806
497.91998,-1546.8947,16.52236,3.0835457
497.94,-1551.7019,16.20189,2.1242502
497.96,-1585.3529,14.920023,2.7637806
497.97998,-1537.2802,16.52236,2.6038978
498.0,-1537.2802,15.400723,2.4440153
498.02,-1609.3893,14.759789,2.923663
498.03998,-1585.3529,15.24049,3.0835457
498.06,-1643.0402,12.51652,2.7637806
498.08,-1580.5457,14.599556,3.0835457
498.09998,-1570.931,15.24049,2.7637806
498.12,-1561.3165,15.080256,2.4440153
498.13998,-1522.8583,15.560958,2.923663
498.16,-1546.8947,16.842825,2.6038978
498.18,-1556.5093,16.041658,3.0835457
498.19998,-1614.1967,14.279089,2.7637806
498.22,-1590.1602,15.080256,2.923663
498.24,-1633.4258,12.8369875,2.7637806
498.25998,-1556.5093,15.560958,3.4033108
498.28,-1580.5457,15.080256,2.923663
498.3,-1570.931,13.958622,3.0835457
498.31998,-1532.4729,17.483759,2.923663
498.34,-1537.2802,15.560958,2.7637806
498.36,-1513.2437,17.323528,3.2434282
498.37997,-1594.9674,15.080256,2.6038978
498.4,-1594.9674,14.920023,3.2434282
498.41998,-1575.7383,14.759789,3.2434282
498.44,-1551.7019,15.72119,3.0835457
498.46,-1570.931,14.599556,2.7637806
498.47998,-1527.6655,16.842825,3.2434282
498.5,-1522.8583,16.52236,3.2434282
498.52,-1590.1602,14.759789,3.4033108
498.53998,-1590.1602,15.400723,3.4033108
498.56,-1570.931,15.24049,3.0835457
498.58,-1561.3165,16.52236,2.7637806
498.59998,-1570.931,16.041658,2.7637806
498.62,-1609.3893,15.400723,3.5631933
498.63998,-1638.233,12.99722,2.7637806
498.66,-1556.5093,14.759789,3.2434282
498.68,-1460.3636,18.284927,2.923663
498.69998,-1542.0874,16.52236,3.0835457
498.72,-1566.1238,15.72119,3.2434282
498.74,-1566.1238,17.00306,3.0835457
498.75998,-1561.3165,16.362125,3.2434282
498.78,-1556.5093,15.080256,3.2434282
498.8,-1575.7383,14.920023,3.2434282
498.81998,-1474.7855,17.483759,2.923663
498.84,-1508.4365,17.483759,3.2434282
498.86,-1599.7748,14.1188545,3.4033108
498.87997,-1561.3165,16.041658,3.0835457
498.9,-1594.9674,14.759789,3.7230759
498.91998,-1542.0874,15.24049,2.923663
498.94,-1604.582,13.958622,3.7230759
498.96,-1542.0874,16.362125,3.4033108
498.97998,-1546.8947,16.842825,3.4033108
499.0,-1590.1602,13.798388,3.5631933
499.02,-1575.7383,15.560958,2.923663
499.03998,-1556.5093,15.881425,3.7230759
499.06,-1585.3529,16.041658,3.5631933
499.08,-1546.8947,16.682592,3.2434282
499.09998,-1566.1238,15.72119,3.2434282
499.12,-1739.1859,13.317687,3.0835457
499.13998,-1623.8112,13.317687,3.0835457
499.16,-1561.3165,15.24049,3.2434282
499.18,-1527.6655,16.842825,3.4033108
499.19998,-1537.2802,16.362125,3.4033108
499.22,-1580.5457,16.041658,3.2434282
499.24,-1570.931,16.20189,3.2434282
499.25998,-1522.8583,16.362125,3.4033108
499.28,-1546.8947,16.362125,3.4033108
499.3,-1580.5457,16.20189,3.2434282
499.31998,-1513.2437,18.124695,3.0835457
499.34,-1556.5093,16.362125,3.2434282
499.36,-1542.0874,16.52236,3.2434282
499.37997,-1561.3165,16.362125,3.0835457
499.4,-1580.5457,15.881425,3.4033108
499.41998,-1551.7019,16.041658,3.2434282
499.44,-1590.1602,13.958622,3.0835457
499.46,-1542.0874,16.20189,3.0835457
499.47998,-1546.8947,16.52236,3.2434282
499.5,-1532.4729,17.483759,3.5631933
499.52,-1551.7019,17.00306,3.2434282
499.53998,-1518.0509,17.483759,3.7230759
499.56,-1580.5457,15.881425,3.4033108
499.58,-1585.3529,14.920023,3.2434282
499.59998,-1594.9674,14.759789,3.2434282
499.62,-1614.1967,18.284927,3.2434282
499.63998,-1498.8219,17.163294,3.4033108
499.66,-1566.1238,16.041658,3.4033108
499.68,-1566.1238,16.52236,3.5631933
499.69998,-1580.5457,15.72119,3.5631933
499.72,-1546.8947,16.842825,3.8829584
499.74,-1542.0874,16.362125,3.4033108
499.75998,-1570.931,16.041658,3.5631933
499.78,-1513.2437,17.804228,3.8829584
499.8,-1542.0874,17.00306,3.4033108
499.81998,-1556.5093,16.041658,3.2434282
499.84,-1527.6655,16.52236,3.4033108
499.86,-1527.6655,16.842825,3.2434282
499.87997,-1585.3529,15.881425,3.7230759
499.9,-1561.3165,16.362125,3.4033108
499.91998,-1604.582,15.080256,3.4033108
499.94,-1513.2437,18.445162,3.4033108
499.96,-1580.5457,15.24049,3.4033108
499.97998,-1561.3165,17.483759,3.7230759
