TIME,IP1,IV1,IV2
0.0,-32.6012,-1.7442669,-0.4338706
0.02,159.69006,6.2674108,0.045777034
0.04,10.664334,2.1013381,0.045777034
0.06,10.664334,3.2229733,-0.114105515
0.08,-90.288574,-7.352441,-0.2739881
0.099999994,68.35171,2.902506,0.20565958
0.12,5.857053,-5.2694044,-0.114105515
0.14,34.700745,8.670914,0.20565958
0.16,77.96628,12.196053,0.045777034
0.17999999,-3.7575107,-4.468237,-0.2739881
0.19999999,-66.25217,2.7422726,-0.114105515
0.22,87.58084,24.373804,0.20565958
0.24,39.508022,7.228812,0.36554214
0.26,10.664334,-20.651823,-0.9135183
0.28,44.315308,8.991381,-0.4338706
0.29999998,-27.793919,-8.474075,-0.2739881
0.32,73.159,-1.4237996,-0.4338706
0.34,25.08618,1.9411048,-0.2739881
0.35999998,82.77356,12.676753,-0.59375316
0.38,10.664334,1.6206378,-0.114105515
0.39999998,-22.986637,-1.5840333,0.20565958
0.42,-32.6012,-1.1033326,0.045777034
0.44,-8.564792,-3.6670694,-0.2739881
0.45999998,39.508022,-0.7828655,-0.2739881
0.48,121.23181,7.3890457,0.20565958
0.5,5.857053,0.17853576,-0.2739881
0.52,49.122585,-4.468237,0.045777034
0.53999996,1.049771,6.4276443,0.20565958
0.56,-37.40848,3.7036738,0.045777034
0.58,-157.59052,-3.6670694,-0.4338706
0.59999996,5.857053,-2.2249672,-0.114105515
0.62,1.049771,5.78671,-0.2739881
0.64,-66.25217,-3.3466022,-0.59375316
0.65999997,-22.986637,-0.30216488,-0.4338706
0.68,-71.05945,0.6592364,-0.114105515
0.7,49.122585,-1.7442669,-0.4338706
0.71999997,-13.372073,-16.485752,-1.0734009
0.74,68.35171,-0.9430991,-0.2739881
0.76,-3.7575107,-2.2249672,-0.4338706
0.78,20.278896,-1.1033326,-0.114105515
0.79999995,-13.372073,1.7808713,-0.2739881
0.82,-13.372073,-4.3080034,-0.2739881
0.84,34.700745,0.17853576,-0.4338706
0.85999995,-8.564792,0.33876932,-0.4338706
0.88,-80.67402,-0.9430991,0.045777034
0.9,-56.637608,-14.402717,-0.2739881
0.91999996,-18.179356,-6.230806,-0.59375316
0.94,-27.793919,-4.948938,0.20565958
0.96,34.700745,7.0685787,-0.4338706
0.97999996,-51.830326,1.4604042,0.20565958
1.0,-56.637608,3.5434403,-0.4338706
1.02,15.471616,3.2229733,0.36554214
1.04,68.35171,-5.2694044,-0.114105515
1.06,-27.793919,-1.5840333,0.20565958
1.0799999,29.893461,-0.7828655,0.045777034
1.1,-66.25217,-15.04365,-0.114105515
1.12,87.58084,1.6206378,0.045777034
1.14,-3.7575107,4.184375,0.045777034
1.16,29.893461,0.81947,0.045777034
1.18,29.893461,-3.6670694,-0.2739881
1.1999999,-13.372073,-2.7056682,-0.114105515
1.22,87.58084,5.145776,0.045777034
1.24,-80.67402,-9.755944,0.20565958
1.26,-51.830326,3.3832066,-0.114105515
1.28,-13.372073,-1.9045002,0.36554214
1.3,25.08618,-5.910339,-0.4338706
1.3199999,-37.40848,-3.3466022,-0.2739881
1.3399999,68.35171,-0.7828655,0.045777034
1.36,44.315308,9.472081,0.20565958
1.38,53.92987,6.5878778,0.20565958
1.4,-32.6012,2.902506,0.045777034
1.42,10.664334,2.261572,0.045777034
1.4399999,73.159,0.9797035,0.5254247
1.4599999,1.049771,-7.5126743,-0.4338706
1.48,15.471616,3.3832066,0.20565958
1.5,63.54443,-3.026135,-0.2739881
1.52,-13.372073,-1.5840333,-0.114105515
1.54,-13.372073,0.018302217,0.20565958
1.56,-8.564792,-4.6284704,0.045777034
1.5799999,53.92987,-1.5840333,-0.114105515
1.5999999,-32.6012,3.5434403,0.045777034
1.62,-80.67402,0.6592364,0.045777034
1.64,49.122585,7.8697467,0.045777034
1.66,20.278896,0.81947,-0.114105515
1.68,-13.372073,-1.1033326,-0.114105515
1.6999999,25.08618,-4.3080034,-0.114105515
1.7199999,-61.44489,-6.3910394,0.045777034
1.74,5.857053,-8.474075,0.045777034
1.76,-3.7575107,-1.5840333,-0.114105515
1.78,10.664334,-0.46239844,0.20565958
1.8,130.84637,5.145776,-0.114105515
1.8199999,49.122585,2.902506,0.20565958
1.8399999,68.35171,8.190214,-0.114105515
1.86,-66.25217,3.0627398,0.045777034
1.88,15.471616,9.151615,0.5254247
1.9,-37.40848,-1.5840333,0.045777034
1.92,130.84637,16.682592,0.5254247
1.9399999,63.54443,-10.236644,-0.2739881
1.9599999,29.893461,2.261572,-0.114105515
1.9799999,-85.48129,-10.236644,0.045777034
2.0,-3.7575107,2.7422726,-0.114105515
2.02,116.42453,-2.7056682,-0.2739881
2.04,-32.6012,-4.3080034,-0.114105515
2.06,-42.215763,-1.7442669,0.20565958
2.08,5.857053,-0.62263197,0.36554214
2.1,15.471616,-3.026135,-0.114105515
2.12,10.664334,-1.1033326,0.20565958
2.1399999,1.049771,4.9855423,0.20565958
2.1599998,10.664334,-2.2249672,0.045777034
2.18,49.122585,-3.026135,0.045777034
2.2,87.58084,1.4604042,0.045777034
2.22,44.315308,7.3890457,0.20565958
2.24,49.122585,-1.1033326,-0.2739881
2.26,-32.6012,1.6206378,0.36554214
2.28,-8.564792,-1.5840333,0.20565958
2.3,-27.793919,-6.8717403,0.045777034
2.32,92.38812,7.709513,0.20565958
2.34,5.857053,0.6592364,0.36554214
2.36,25.08618,2.902506,0.36554214
2.3799999,44.315308,0.33876932,0.20565958
2.3999999,-61.44489,4.9855423,0.5254247
2.4199998,92.38812,6.2674108,0.5254247
2.44,-8.564792,0.6592364,0.045777034
2.46,-32.6012,-4.7887044,0.5254247
2.48,15.471616,-3.5068357,0.5254247
2.5,-13.372073,-0.14193134,0.045777034
2.52,-27.793919,-7.5126743,-0.114105515
2.54,-13.372073,2.4218054,0.20565958
2.56,-51.830326,-4.6284704,0.5254247
2.58,-167.20508,-3.6670694,0.36554214
2.6,49.122585,1.6206378,0.5254247
2.62,82.77356,9.792548,0.20565958
2.6399999,58.737152,11.715352,0.20565958
2.6599998,-47.023045,-6.5512733,0.045777034
2.6799998,25.08618,-8.313842,-0.114105515
2.7,10.664334,9.311849,0.5254247
2.72,-13.372073,-5.910339,-0.114105515
2.74,-8.564792,-2.2249672,0.20565958
2.76,49.122585,-5.2694044,0.045777034
2.78,58.737152,8.510681,0.5254247
2.8,-61.44489,-2.5454345,0.20565958
2.82,-22.986637,6.4276443,0.68530726
2.84,77.96628,4.504842,0.20565958
2.86,87.58084,12.676753,0.68530726
2.8799999,-18.179356,-5.7501054,0.5254247
2.8999999,44.315308,7.228812,0.5254247
2.9199998,82.77356,9.151615,0.68530726
2.9399998,15.471616,-4.468237,0.045777034
2.96,10.664334,1.6206378,0.5254247
2.98,-3.7575107,-7.993375,0.5254247
3.0,-22.986637,-3.1863687,-0.114105515
3.02,-13.372073,-2.0647337,0.36554214
3.04,-71.05945,-8.313842,0.36554214
3.06,116.42453,12.51652,0.5254247
3.08,-66.25217,-3.6670694,0.36554214
3.1,-56.637608,-3.3466022,0.68530726
3.12,68.35171,9.151615,0.045777034
3.1399999,-22.986637,3.8639073,0.8451898
3.1599998,34.700745,3.2229733,0.5254247
3.1799998,63.54443,2.902506,0.68530726
3.1999998,25.08618,9.472081,0.8451898
3.22,49.122585,3.8639073,0.8451898
3.24,15.471616,-4.7887044,0.5254247
3.26,-13.372073,-14.08225,0.20565958
3.28,-18.179356,-0.7828655,0.8451898
3.3,-22.986637,2.1013381,0.36554214
3.32,150.0755,28.21941,0.8451898
3.34,-32.6012,-2.8659017,0.5254247
3.36,25.08618,1.9411048,0.5254247
3.3799999,1.049771,-0.14193134,0.5254247
3.3999999,130.84637,6.5878778,0.68530726
3.4199998,1.049771,-3.9875362,0.045777034
3.4399998,15.471616,7.3890457,0.68530726
3.46,63.54443,4.024141,0.68530726
3.48,-3.7575107,-3.6670694,0.36554214
3.5,73.159,0.9797035,0.20565958
3.52,-27.793919,-2.0647337,0.5254247
3.54,29.893461,5.3060093,0.5254247
3.56,-3.7575107,-5.2694044,0.045777034
3.58,39.508022,7.0685787,0.5254247
3.6,53.92987,7.549279,0.36554214
3.62,20.278896,3.7036738,0.68530726
3.6399999,29.893461,-4.468237,0.20565958
3.6599998,1.049771,6.1071773,0.68530726
3.6799998,15.471616,-2.385201,0.68530726
3.6999998,20.278896,1.4604042,0.5254247
3.72,25.08618,3.3832066,0.8451898
3.74,15.471616,0.6592364,0.20565958
3.76,20.278896,-6.0705724,0.36554214
3.78,-27.793919,-0.46239844,0.5254247
3.8,-42.215763,-3.827303,0.5254247
3.82,-8.564792,-5.429638,0.20565958
3.84,-42.215763,3.5434403,0.36554214
3.86,121.23181,2.7422726,0.045777034
3.8799999,-56.637608,-8.153608,0.5254247
3.8999999,121.23181,20.367966,0.68530726
3.9199998,5.857053,5.3060093,0.68530726
3.9399998,63.54443,8.02998,0.20565958
3.9599998,-37.40848,0.33876932,0.045777034
3.98,-3.7575107,0.17853576,0.5254247
4.0,-90.288574,-7.833141,-0.114105515
4.02,-51.830326,-3.9875362,0.045777034
4.04,25.08618,-5.7501054,0.36554214
4.06,-167.20508,-9.59571,0.20565958
4.08,5.857053,-0.14193134,0.68530726
4.1,-13.372073,4.024141,0.5254247
4.12,53.92987,4.024141,0.68530726
4.14,34.700745,-1.2635663,0.8451898
4.16,-27.793919,-8.474075,0.68530726
4.18,145.26822,15.560958,0.5254247
4.2,102.002686,5.78671,0.68530726
4.22,34.700745,-3.026135,0.5254247
4.24,-8.564792,4.825309,0.68530726
4.2599998,39.508022,-10.076411,0.5254247
4.2799997,-51.830326,-4.14777,0.8451898
4.2999997,5.857053,-1.4237996,0.68530726
4.3199997,-32.6012,-9.275244,0.20565958
4.3399997,63.54443,-6.230806,0.20565958
4.36,-61.44489,-0.46239844,0.5254247
4.38,-13.372073,0.17853576,0.68530726
4.4,15.471616,1.139937,0.5254247
4.42,-176.81964,-13.761782,0.36554214
4.44,97.195404,5.9469438,0.36554214
4.46,-42.215763,6.7481112,0.68530726
4.48,-8.564792,5.6264763,0.68530726
4.5,121.23181,-3.5068357,0.68530726
4.52,34.700745,2.7422726,0.68530726
4.54,63.54443,-2.8659017,0.5254247
4.56,-104.71042,-18.248322,0.36554214
4.58,63.54443,1.6206378,0.68530726
4.6,97.195404,7.3890457,0.20565958
4.62,-66.25217,-10.717345,0.20565958
4.64,49.122585,0.81947,0.8451898
4.66,20.278896,-6.3910394,0.20565958
4.68,-3.7575107,13.477921,0.8451898
4.7,159.69006,16.20189,0.5254247
4.72,73.159,3.3832066,0.68530726
4.74,-66.25217,-16.966454,0.36554214
4.7599998,-3.7575107,-0.62263197,0.68530726
4.7799997,29.893461,-1.5840333,0.20565958
4.7999997,-71.05945,-18.248322,0.045777034
4.8199997,1.049771,-2.2249672,0.5254247
4.8399997,-32.6012,-0.62263197,0.68530726
4.8599997,5.857053,5.6264763,0.5254247
4.88,-32.6012,-5.7501054,0.36554214
4.9,5.857053,4.3446083,0.68530726
4.92,-8.564792,-0.30216488,0.5254247
4.94,-80.67402,-1.1033326,1.0050724
4.96,10.664334,-7.672908,0.20565958
4.98,87.58084,-0.30216488,0.20565958
5.0,20.278896,1.7808713,0.68530726
5.02,15.471616,-4.3080034,0.20565958
5.04,58.737152,2.4218054,0.5254247
5.06,15.471616,2.1013381,0.5254247
5.08,-56.637608,-3.6670694,0.68530726
5.1,29.893461,-11.037811,0.20565958
5.12,1.049771,-4.948938,0.045777034
5.14,-22.986637,-5.2694044,0.36554214
5.16,82.77356,-0.62263197,0.20565958
5.18,29.893461,0.17853576,0.68530726
5.2,-66.25217,-6.5512733,0.36554214
5.22,53.92987,8.190214,0.5254247
5.24,97.195404,0.6592364,0.20565958
5.2599998,5.857053,13.317687,0.68530726
5.2799997,92.38812,0.33876932,0.68530726
5.2999997,-3.7575107,8.02998,1.0050724
5.3199997,63.54443,2.1013381,0.20565958
5.3399997,1.049771,-3.1863687,0.5254247
5.3599997,-32.6012,1.7808713,0.68530726
5.38,-66.25217,-8.153608,0.36554214
5.4,73.159,1.9411048,0.5254247
5.42,-8.564792,3.2229733,0.36554214
5.44,102.002686,2.7422726,0.36554214
5.46,10.664334,7.549279,0.36554214
5.48,29.893461,2.261572,0.68530726
5.5,-56.637608,8.831148,1.0050724
5.52,5.857053,-3.6670694,0.36554214
5.54,164.49734,19.727032,0.8451898
5.56,5.857053,2.1013381,0.5254247
5.58,-27.793919,-6.3910394,0.68530726
5.6,73.159,-9.755944,0.045777034
5.62,29.893461,3.3832066,0.36554214
5.64,-27.793919,-5.910339,0.045777034
5.66,5.857053,3.5434403,0.5254247
5.68,-51.830326,7.8697467,0.8451898
5.7,-32.6012,-2.0647337,0.5254247
5.72,-13.372073,8.02998,1.0050724
5.74,58.737152,10.433483,0.68530726
5.7599998,25.08618,2.261572,0.8451898
5.7799997,15.471616,0.6592364,0.5254247
5.7999997,111.61725,0.17853576,-0.114105515
5.8199997,15.471616,-0.7828655,0.20565958
5.8399997,121.23181,16.20189,0.68530726
5.8599997,-18.179356,-2.385201,0.5254247
5.8799996,34.700745,10.433483,0.68530726
5.9,-56.637608,-9.59571,0.045777034
5.92,29.893461,9.311849,0.20565958
5.94,68.35171,-7.833141,-0.2739881
5.96,-3.7575107,4.3446083,0.36554214
5.98,10.664334,4.024141,0.5254247
6.0,-71.05945,-8.634309,0.045777034
6.02,10.664334,-18.248322,-0.2739881
6.04,-37.40848,9.311849,0.20565958
6.06,-3.7575107,-15.844818,0.36554214
6.08,-3.7575107,6.2674108,0.5254247
6.1,-80.67402,2.4218054,0.36554214
6.12,39.508022,17.323528,0.5254247
6.14,-32.6012,0.17853576,0.20565958
6.16,-3.7575107,7.3890457,0.5254247
6.18,5.857053,-4.948938,-0.114105515
6.2,73.159,-4.7887044,0.045777034
6.22,25.08618,-0.14193134,0.045777034
6.24,121.23181,11.875586,0.20565958
6.2599998,39.508022,1.3001705,0.20565958
6.2799997,63.54443,0.49900287,0.045777034
6.2999997,-51.830326,2.902506,0.045777034
6.3199997,5.857053,-6.5512733,0.045777034
6.3399997,-3.7575107,-2.385201,0.045777034
6.3599997,58.737152,-2.8659017,0.5254247
6.3799996,183.72647,7.549279,-0.2739881
6.3999996,10.664334,1.139937,0.36554214
6.42,-22.986637,-1.2635663,0.36554214
6.44,82.77356,6.2674108,0.20565958
6.46,-22.986637,-0.7828655,0.20565958
6.48,207.7629,7.3890457,0.045777034
6.5,-42.215763,1.9411048,0.045777034
6.52,63.54443,4.3446083,0.5254247
6.54,-47.023045,2.5820389,0.5254247
6.56,-51.830326,-6.230806,0.045777034
6.58,68.35171,0.49900287,-0.114105515
6.6,5.857053,10.27325,0.68530726
6.62,29.893461,7.0685787,0.20565958
6.64,-80.67402,7.3890457,0.5254247
6.66,-8.564792,1.6206378,0.20565958
6.68,44.315308,7.549279,0.5254247
6.7,-119.13227,-2.8659017,0.36554214
6.72,68.35171,-1.1033326,0.20565958
6.74,1.049771,-0.14193134,0.5254247
6.7599998,82.77356,16.041658,0.045777034
6.7799997,58.737152,-1.1033326,0.20565958
6.7999997,82.77356,4.184375,0.36554214
6.8199997,87.58084,-3.1863687,0.045777034
6.8399997,15.471616,12.99722,0.8451898
6.8599997,73.159,0.17853576,0.20565958
6.8799996,58.737152,4.9855423,0.045777034
6.8999996,15.471616,4.504842,-0.114105515
6.92,49.122585,2.7422726,0.5254247
6.94,-8.564792,-0.9430991,0.045777034
6.96,178.91919,20.68843,0.20565958
6.98,-32.6012,3.7036738,0.36554214
7.0,20.278896,-2.385201,0.5254247
7.02,68.35171,6.4276443,0.5254247
7.04,1.049771,7.0685787,0.68530726
7.06,15.471616,5.3060093,0.68530726
7.08,-32.6012,-3.026135,0.68530726
7.1,34.700745,-0.14193134,0.5254247
7.12,58.737152,-5.910339,0.20565958
7.14,10.664334,-1.9045002,0.68530726
7.16,10.664334,10.593717,0.68530726
7.18,-37.40848,-4.468237,0.5254247
7.2,5.857053,0.17853576,0.68530726
7.22,77.96628,17.804228,0.8451898
7.24,68.35171,4.825309,0.36554214
7.2599998,-66.25217,-7.672908,0.68530726
7.2799997,-95.09586,4.825309,0.68530726
7.2999997,-3.7575107,2.902506,0.5254247
7.3199997,63.54443,-0.9430991,0.5254247
7.3399997,1.049771,-0.30216488,0.68530726
7.3599997,-3.7575107,4.184375,0.68530726
7.3799996,34.700745,-2.8659017,0.36554214
7.3999996,-22.986637,-1.1033326,0.68530726
7.4199996,145.26822,4.6650753,0.5254247
7.44,44.315308,-7.5126743,0.68530726
7.46,-32.6012,-4.468237,0.36554214
7.48,58.737152,7.549279,0.8451898
7.5,-8.564792,-8.153608,-0.114105515
7.52,10.664334,5.3060093,0.68530726
7.54,-22.986637,-5.7501054,0.20565958
7.56,5.857053,3.0627398,0.68530726
7.58,-22.986637,-17.76762,0.045777034
7.6,-66.25217,-1.7442669,0.36554214
7.62,-37.40848,0.49900287,0.36554214
7.64,-3.7575107,6.4276443,0.68530726
7.66,-18.179356,3.7036738,0.68530726
7.68,44.315308,2.7422726,0.8451898
7.7,34.700745,-6.8717403,0.5254247
7.72,-27.793919,-6.711507,0.20565958
7.74,15.471616,-5.589872,0.20565958
7.7599998,10.664334,6.908345,0.36554214
7.7799997,-32.6012,-2.385201,0.68530726
7.7999997,92.38812,7.8697467,0.8451898
7.8199997,121.23181,0.49900287,0.5254247
7.8399997,25.08618,-1.4237996,0.68530726
7.8599997,77.96628,-3.3466022,0.36554214
7.8799996,49.122585,12.99722,0.5254247
7.8999996,135.65366,8.831148,0.36554214
7.9199996,-66.25217,-1.7442669,0.20565958
7.94,58.737152,-5.2694044,0.045777034
7.96,44.315308,-3.1863687,0.20565958
7.98,49.122585,-7.833141,0.20565958
8.0,-18.179356,-2.7056682,-0.114105515
8.0199995,-66.25217,-5.429638,0.045777034
8.04,-104.71042,-2.0647337,0.36554214
8.059999,68.35171,7.228812,0.68530726
8.08,-13.372073,9.632316,0.36554214
8.099999,-61.44489,-13.281082,-0.2739881
8.12,-3.7575107,5.3060093,0.36554214
8.139999,1.049771,-2.385201,0.20565958
8.16,198.14832,16.041658,0.20565958
8.179999,5.857053,2.261572,0.20565958
8.2,-205.66333,-11.999213,0.045777034
8.22,10.664334,-1.4237996,0.5254247
8.24,44.315308,8.190214,0.5254247
8.26,-80.67402,-6.8717403,0.20565958
8.28,25.08618,1.9411048,-0.2739881
8.3,68.35171,4.6650753,0.5254247
8.32,53.92987,-4.14777,0.20565958
8.34,-18.179356,7.549279,0.20565958
8.36,5.857053,8.350447,0.5254247
8.38,-75.86674,-0.46239844,0.045777034
8.4,-80.67402,-1.1033326,0.20565958
8.42,29.893461,-0.46239844,-0.114105515
8.44,15.471616,4.6650753,0.045777034
8.46,49.122585,2.7422726,0.36554214
8.48,-13.372073,4.024141,0.36554214
8.5,-18.179356,4.6650753,0.68530726
8.5199995,-13.372073,-13.761782,0.20565958
8.54,217.37746,17.804228,0.5254247
8.559999,-27.793919,-4.3080034,0.20565958
8.58,29.893461,-7.352441,0.20565958
8.599999,68.35171,5.9469438,0.8451898
8.62,58.737152,1.4604042,0.8451898
8.639999,15.471616,1.7808713,0.68530726
8.66,73.159,19.246328,0.68530726
8.679999,25.08618,-0.7828655,0.68530726
8.7,77.96628,4.024141,0.5254247
8.72,1.049771,-14.242482,0.68530726
8.74,29.893461,2.4218054,0.5254247
8.76,-3.7575107,7.8697467,1.0050724
8.78,-42.215763,-2.7056682,0.5254247
8.8,5.857053,-6.0705724,0.20565958
8.82,-66.25217,-11.037811,-0.114105515
8.84,-8.564792,0.018302217,0.68530726
8.86,29.893461,4.825309,0.36554214
8.88,-27.793919,1.4604042,0.20565958
8.9,34.700745,-2.0647337,0.5254247
8.92,58.737152,-0.9430991,0.045777034
8.94,-18.179356,1.4604042,0.68530726
8.96,5.857053,-4.7887044,0.36554214
8.98,5.857053,-3.5068357,0.68530726
9.0,29.893461,6.7481112,0.68530726
9.0199995,-22.986637,2.902506,0.68530726
9.04,130.84637,1.3001705,0.20565958
9.059999,20.278896,7.8697467,0.8451898
9.08,-13.372073,-2.385201,0.8451898
9.099999,-32.6012,-3.9875362,0.045777034
9.12,-27.793919,-5.2694044,0.5254247
9.139999,-8.564792,-0.46239844,0.5254247
9.16,77.96628,4.825309,0.8451898
9.179999,135.65366,4.024141,0.36554214
9.2,49.122585,6.2674108,0.045777034
9.22,87.58084,1.3001705,0.5254247
9.24,-85.48129,-5.7501054,0.20565958
9.26,178.91919,19.887262,0.5254247
9.28,44.315308,1.4604042,0.20565958
9.3,20.278896,2.4218054,0.20565958
9.32,15.471616,-3.026135,0.045777034
9.34,25.08618,1.9411048,0.5254247
9.36,10.664334,-9.916177,0.20565958
9.38,-47.023045,-3.026135,0.20565958
9.4,68.35171,-1.9045002,0.68530726
9.42,39.508022,9.151615,0.68530726
9.44,73.159,6.1071773,0.36554214
9.46,-13.372073,-1.1033326,0.5254247
9.48,49.122585,2.4218054,0.36554214
9.5,58.737152,7.3890457,0.36554214
9.5199995,-32.6012,-10.396878,0.68530726
9.54,5.857053,-0.9430991,0.5254247
9.559999,-27.793919,3.0627398,0.36554214
9.58,-162.3978,-10.076411,0.045777034
9.599999,-3.7575107,-8.954777,0.20565958
9.62,53.92987,1.9411048,0.68530726
9.639999,49.122585,4.6650753,0.8451898
9.66,10.664334,1.9411048,0.20565958
9.679999,25.08618,3.5434403,0.36554214
9.7,44.315308,-9.435476,0.045777034
9.719999,53.92987,1.139937,0.5254247
9.74,126.0391,16.362125,0.68530726
9.76,102.002686,-4.468237,0.36554214
9.78,-3.7575107,-1.7442669,0.68530726
9.8,20.278896,-4.948938,0.20565958
9.82,-104.71042,-2.2249672,0.5254247
9.84,-123.93955,-14.883417,-0.114105515
9.86,20.278896,8.991381,1.0050724
9.88,5.857053,-0.9430991,0.5254247
9.9,77.96628,0.33876932,0.5254247
9.92,-32.6012,-2.7056682,0.5254247
9.94,87.58084,-4.3080034,0.045777034
9.96,-95.09586,-9.59571,0.5254247
9.98,-37.40848,-1.2635663,0.68530726
10.0,77.96628,-5.1091714,0.045777034
10.0199995,82.77356,8.190214,0.045777034
10.04,-162.3978,-10.877579,0.20565958
10.059999,92.38812,0.17853576,0.36554214
10.08,1.049771,-3.9875362,0.20565958
10.099999,82.77356,5.3060093,0.8451898
10.12,-56.637608,-7.993375,0.045777034
10.139999,63.54443,4.3446083,0.5254247
10.16,-99.903145,-8.954777,0.20565958
10.179999,15.471616,-1.9045002,0.5254247
10.2,-66.25217,-6.5512733,0.36554214
10.219999,-27.793919,-3.3466022,0.36554214
10.24,29.893461,5.145776,0.5254247
10.26,-32.6012,3.5434403,0.5254247
10.28,102.002686,-3.3466022,0.045777034
10.3,68.35171,-0.9430991,0.5254247
10.32,10.664334,0.6592364,0.36554214
10.34,145.26822,15.72119,0.5254247
10.36,39.508022,2.902506,0.5254247
10.38,-3.7575107,6.7481112,0.68530726
10.4,25.08618,-15.524351,0.045777034
10.42,68.35171,2.261572,0.20565958
10.44,29.893461,-3.827303,0.36554214
10.46,68.35171,18.124695,0.5254247
10.48,5.857053,-4.6284704,0.5254247
10.5,39.508022,-0.30216488,0.36554214
10.5199995,-18.179356,-6.230806,0.5254247
10.54,58.737152,16.362125,0.5254247
10.559999,44.315308,0.17853576,0.20565958
10.58,29.893461,2.261572,0.8451898
10.599999,116.42453,11.555119,0.20565958
10.62,20.278896,9.472081,0.8451898
10.639999,82.77356,1.4604042,0.68530726
10.66,-13.372073,-1.7442669,0.68530726
10.679999,-66.25217,-13.441315,0.36554214
10.7,63.54443,-0.9430991,0.8451898
10.719999,39.508022,2.902506,0.68530726
10.74,-47.023045,-5.429638,0.68530726
10.76,39.508022,-0.46239844,0.8451898
10.78,-18.179356,6.1071773,0.8451898
10.8,-3.7575107,-9.916177,0.36554214
10.82,58.737152,2.5820389,0.36554214
10.84,10.664334,-1.5840333,0.36554214
10.86,73.159,12.676753,0.5254247
10.88,53.92987,-4.948938,0.5254247
10.9,29.893461,-4.468237,0.36554214
10.92,-133.55412,-17.286919,0.20565958
10.94,53.92987,1.6206378,0.5254247
10.96,-13.372073,-4.14777,0.36554214
10.98,-80.67402,-13.120848,0.5254247
11.0,10.664334,2.902506,0.20565958
11.0199995,53.92987,0.9797035,0.20565958
11.04,-51.830326,-3.9875362,0.20565958
11.059999,-8.564792,-4.6284704,0.20565958
11.08,-47.023045,-6.3910394,0.20565958
11.099999,1.049771,-0.7828655,-0.114105515
11.12,77.96628,6.1071773,0.68530726
11.139999,25.08618,4.9855423,0.5254247
11.16,-3.7575107,1.139937,0.045777034
11.179999,-3.7575107,2.4218054,0.36554214
11.2,-123.93955,0.33876932,0.36554214
11.219999,-8.564792,-3.6670694,0.045777034
11.24,-3.7575107,-4.948938,0.20565958
11.259999,1.049771,1.3001705,0.20565958
11.28,-27.793919,-5.1091714,0.045777034
11.3,5.857053,7.549279,0.5254247
11.32,-8.564792,-1.4237996,0.36554214
11.34,154.8828,10.113016,0.045777034
11.36,-99.903145,6.2674108,0.68530726
11.38,-3.7575107,-3.9875362,0.20565958
11.4,25.08618,13.157454,0.36554214
11.42,-13.372073,-2.7056682,0.20565958
11.44,49.122585,6.5878778,0.68530726
11.46,58.737152,-4.948938,0.20565958
11.48,111.61725,11.875586,-0.114105515
11.5,-3.7575107,-5.910339,0.20565958
11.5199995,58.737152,6.1071773,0.36554214
11.54,-90.288574,10.433483,1.0050724
11.559999,63.54443,11.875586,0.36554214
11.58,-32.6012,3.7036738,0.5254247
11.599999,-71.05945,-7.672908,0.045777034
11.62,1.049771,2.902506,0.045777034
11.639999,25.08618,-9.275244,-0.114105515
11.66,-27.793919,4.9855423,0.5254247
11.679999,29.893461,-6.0705724,0.20565958
11.7,1.049771,-1.4237996,0.20565958
11.719999,39.508022,9.472081,0.5254247
11.74,5.857053,2.7422726,0.36554214
11.759999,-75.86674,0.81947,0.20565958
11.78,-109.5177,-13.922015,0.045777034
11.8,-8.564792,0.33876932,0.5254247
11.82,-8.564792,-9.115009,0.045777034
11.84,15.471616,-6.5512733,-0.2739881
11.86,10.664334,1.9411048,0.36554214
11.88,-47.023045,-9.755944,-0.114105515
11.9,53.92987,6.2674108,0.5254247
11.92,5.857053,0.6592364,0.36554214
11.94,20.278896,0.17853576,0.20565958
11.96,-18.179356,0.9797035,0.045777034
11.98,-56.637608,-8.794542,0.045777034
12.0,-42.215763,-11.358279,0.20565958
12.0199995,25.08618,-4.468237,-0.114105515
12.04,68.35171,2.261572,0.20565958
12.059999,-95.09586,-11.037811,0.045777034
12.08,29.893461,0.6592364,0.20565958
12.099999,-80.67402,-10.717345,0.36554214
12.12,-27.793919,1.7808713,0.5254247
12.139999,92.38812,0.018302217,0.68530726
12.16,-37.40848,-19.049488,0.20565958
12.179999,-37.40848,1.6206378,0.20565958
12.2,-61.44489,-10.717345,-0.114105515
12.219999,73.159,-0.46239844,0.045777034
12.24,34.700745,2.5820389,0.36554214
12.259999,-80.67402,-5.910339,0.045777034
12.28,63.54443,6.2674108,-0.2739881
12.3,-42.215763,0.9797035,0.20565958
12.32,-18.179356,6.5878778,0.36554214
12.34,-114.32499,-4.948938,-0.114105515
12.36,-22.986637,3.0627398,0.20565958
12.38,92.38812,5.466243,0.045777034
12.4,-56.637608,-6.8717403,-0.2739881
12.42,1.049771,-4.14777,0.045777034
12.44,510.62164,14.279089,-0.4338706
12.46,-32.6012,-2.5454345,0.045777034
12.48,58.737152,3.2229733,0.20565958
12.5,-99.903145,0.49900287,0.5254247
12.5199995,5.857053,-2.5454345,0.20565958
12.54,25.08618,4.504842,0.20565958
12.559999,15.471616,-7.672908,0.045777034
12.58,58.737152,4.3446083,0.36554214
12.599999,-13.372073,3.5434403,0.045777034
12.62,-37.40848,-13.120848,-0.2739881
12.639999,15.471616,-1.1033326,0.045777034
12.66,34.700745,11.555119,0.36554214
12.679999,-8.564792,-0.46239844,-0.114105515
12.7,-37.40848,-3.827303,-0.114105515
12.719999,39.508022,-6.3910394,0.20565958
12.74,-47.023045,2.902506,0.045777034
12.759999,-3.7575107,-8.313842,-0.2739881
12.78,15.471616,4.504842,-0.2739881
12.799999,53.92987,0.6592364,-0.2739881
12.82,-37.40848,1.3001705,-0.114105515
12.84,20.278896,-2.8659017,-0.114105515
12.86,116.42453,3.7036738,-0.4338706
12.88,63.54443,11.555119,0.045777034
12.9,44.315308,0.33876932,0.5254247
12.92,87.58084,2.7422726,0.045777034
12.94,-13.372073,-8.794542,-0.4338706
12.96,87.58084,-2.8659017,-0.4338706
12.98,-114.32499,0.9797035,0.20565958
13.0,5.857053,3.2229733,0.045777034
13.0199995,15.471616,0.9797035,0.045777034
13.04,-61.44489,-2.0647337,-0.114105515
13.059999,15.471616,-6.0705724,-0.114105515
13.08,73.159,11.394884,0.36554214
13.099999,5.857053,2.1013381,0.045777034
13.12,39.508022,3.3832066,-0.114105515
13.139999,53.92987,1.6206378,-0.114105515
13.16,20.278896,0.81947,-0.2739881
13.179999,5.857053,-5.2694044,0.045777034
13.2,-104.71042,-4.7887044,-0.2739881
13.219999,10.664334,3.7036738,0.045777034
13.24,34.700745,-2.0647337,-0.2739881
13.259999,121.23181,5.6264763,-0.114105515
13.28,-71.05945,-18.889254,0.045777034
13.299999,15.471616,1.4604042,0.045777034
13.32,-3.7575107,-15.04365,-0.4338706
13.34,-42.215763,-1.4237996,0.045777034
13.36,-114.32499,-3.3466022,-0.4338706
13.38,-13.372073,1.7808713,-0.114105515
13.4,-22.986637,-3.026135,-0.114105515
13.42,-51.830326,-2.5454345,-0.4338706
13.44,-80.67402,-8.313842,-0.4338706
13.46,39.508022,5.3060093,-0.114105515
13.48,-47.023045,-4.948938,0.045777034
13.5,-95.09586,-3.827303,-0.114105515
13.5199995,10.664334,-7.192207,0.045777034
13.54,20.278896,-0.62263197,-0.114105515
13.559999,15.471616,10.27325,0.045777034
13.58,-66.25217,-13.441315,-0.114105515
13.599999,-42.215763,5.145776,0.36554214
13.62,102.002686,5.9469438,0.045777034
13.639999,-8.564792,-4.14777,-0.2739881
13.66,5.857053,12.196053,0.36554214
13.679999,29.893461,-1.1033326,-0.2739881
13.7,1.049771,2.4218054,0.045777034
13.719999,20.278896,-6.0705724,-0.2739881
13.74,49.122585,1.139937,-0.2739881
13.759999,-42.215763,5.78671,-0.4338706
13.78,-8.564792,-6.0705724,-0.4338706
13.799999,-8.564792,1.3001705,-0.4338706
13.82,-3.7575107,-7.352441,-0.4338706
13.84,10.664334,1.6206378,-0.114105515
13.86,-22.986637,-5.589872,0.045777034
13.88,73.159,7.0685787,0.20565958
13.9,-61.44489,-4.6284704,-0.114105515
13.92,-75.86674,-1.4237996,-0.114105515
13.94,-8.564792,-6.230806,-0.4338706
13.96,20.278896,-3.026135,-0.114105515
13.98,39.508022,-5.1091714,-0.4338706
14.0,-22.986637,12.035819,0.20565958
14.0199995,34.700745,6.7481112,0.045777034
14.04,-32.6012,1.4604042,-0.2739881
14.059999,-56.637608,4.504842,-0.114105515
14.08,15.471616,-0.62263197,-0.114105515
14.099999,29.893461,-5.589872,-0.114105515
14.12,-42.215763,-10.717345,-0.7536357
14.139999,53.92987,11.555119,-0.2739881
14.16,15.471616,2.261572,-0.114105515
14.179999,-85.48129,4.3446083,0.045777034
14.2,15.471616,3.7036738,-0.2739881
14.219999,5.857053,-3.026135,-0.2739881
14.24,-32.6012,-3.6670694,0.045777034
14.259999,25.08618,-9.916177,-0.4338706
14.28,-22.986637,-0.14193134,0.36554214
14.299999,-51.830326,-6.230806,-0.2739881
14.32,29.893461,8.02998,-0.114105515
14.34,-8.564792,-1.1033326,0.045777034
14.36,68.35171,1.7808713,-0.2739881
14.38,-47.023045,-1.5840333,0.045777034
14.4,-61.44489,1.139937,-0.4338706
14.42,1.049771,1.7808713,-0.114105515
14.44,53.92987,10.433483,-0.114105515
14.46,34.700745,13.958622,0.045777034
14.48,-42.215763,-2.0647337,-0.2739881
14.5,-47.023045,-1.1033326,-0.4338706
14.5199995,20.278896,-20.171124,-0.2739881
14.54,-61.44489,1.139937,-0.114105515
14.559999,1.049771,-1.5840333,-0.2739881
14.58,-27.793919,-6.0705724,-0.59375316
14.599999,5.857053,2.902506,0.045777034
14.62,20.278896,3.5434403,0.045777034
14.639999,-90.288574,-12.159447,-0.4338706
14.66,10.664334,-2.7056682,-0.2739881
14.679999,-37.40848,0.81947,-0.114105515
14.7,-32.6012,5.9469438,0.20565958
14.719999,-42.215763,-4.14777,-0.4338706
14.74,-51.830326,2.5820389,0.045777034
14.759999,15.471616,16.041658,0.045777034
14.78,10.664334,-0.30216488,0.045777034
14.799999,5.857053,-2.5454345,-0.2739881
14.82,-71.05945,4.3446083,0.20565958
14.839999,5.857053,-0.9430991,-0.2739881
14.86,49.122585,5.3060093,-0.114105515
14.88,-71.05945,-4.14777,-0.4338706
14.9,68.35171,-0.30216488,-0.59375316
14.92,-13.372073,-3.9875362,-0.4338706
14.94,-56.637608,-1.5840333,-0.114105515
14.96,34.700745,3.5434403,-0.2739881
14.98,-56.637608,4.3446083,0.045777034
15.0,-32.6012,-6.8717403,-0.59375316
15.0199995,20.278896,-5.2694044,-0.114105515
15.04,68.35171,-3.026135,-0.2739881
15.059999,-8.564792,2.1013381,0.20565958
15.08,10.664334,3.0627398,0.045777034
15.099999,-71.05945,-11.037811,-0.4338706
15.12,-61.44489,-13.281082,-0.59375316
15.139999,-8.564792,4.024141,-0.2739881
15.16,-37.40848,1.3001705,-0.2739881
15.179999,-8.564792,1.4604042,-0.4338706
15.2,-3.7575107,0.9797035,0.045777034
15.219999,-27.793919,-4.468237,-0.114105515
15.24,5.857053,-1.9045002,0.045777034
15.259999,-42.215763,-1.1033326,-0.114105515
15.28,63.54443,0.17853576,-0.4338706
15.299999,-61.44489,-9.755944,-0.4338706
15.32,25.08618,0.33876932,-0.2739881
15.339999,10.664334,6.908345,0.045777034
15.36,87.58084,-2.5454345,-0.2739881
15.38,-42.215763,-2.0647337,-0.2739881
15.4,20.278896,-9.755944,-0.7536357
15.42,25.08618,-4.948938,-0.2739881
15.44,-104.71042,-13.441315,-0.4338706
15.46,178.91919,0.33876932,0.045777034
15.48,-56.637608,0.33876932,-0.2739881
15.5,25.08618,6.1071773,-0.114105515
15.5199995,29.893461,2.7422726,-0.2739881
15.54,121.23181,0.17853576,-0.2739881
15.559999,-104.71042,-2.8659017,0.045777034
15.58,10.664334,-2.7056682,-0.114105515
15.599999,-47.023045,8.350447,0.20565958
15.62,-104.71042,-7.993375,-0.114105515
15.639999,-13.372073,-0.9430991,0.045777034
15.66,34.700745,20.207731,0.68530726
15.679999,-27.793919,-0.7828655,-0.2739881
15.7,63.54443,4.6650753,0.045777034
15.719999,-51.830326,-6.711507,-0.114105515
15.74,20.278896,2.7422726,-0.4338706
15.759999,-13.372073,4.504842,0.20565958
15.78,34.700745,5.78671,0.045777034
15.799999,-90.288574,-6.8717403,0.20565958
15.82,-13.372073,3.2229733,0.5254247
15.839999,-8.564792,-7.0319734,-0.114105515
15.86,-27.793919,-3.6670694,0.20565958
15.88,68.35171,-5.429638,-0.4338706
15.9,10.664334,6.2674108,0.20565958
15.92,102.002686,2.5820389,0.045777034
15.94,20.278896,-1.7442669,-0.2739881
15.96,25.08618,-1.7442669,-0.114105515
15.98,193.34105,11.074417,0.045777034
16.0,-66.25217,-4.6284704,-0.114105515
16.02,10.664334,2.1013381,0.20565958
16.039999,97.195404,4.504842,-0.59375316
16.06,53.92987,-1.7442669,0.20565958
16.08,25.08618,-6.3910394,-0.114105515
16.1,-143.16867,-1.9045002,0.36554214
16.119999,39.508022,1.139937,-0.2739881
16.14,5.857053,10.113016,-0.114105515
16.16,-8.564792,-9.115009,-0.114105515
16.18,5.857053,8.190214,0.5254247
16.199999,39.508022,0.17853576,-0.114105515
16.22,-18.179356,2.1013381,-0.114105515
16.24,15.471616,-8.794542,0.045777034
16.26,39.508022,0.9797035,-0.114105515
16.279999,-3.7575107,8.190214,0.36554214
16.3,73.159,4.184375,-0.114105515
16.32,29.893461,4.6650753,0.5254247
16.34,-22.986637,1.139937,0.045777034
16.359999,20.278896,-6.5512733,0.20565958
16.38,-18.179356,2.5820389,0.20565958
16.4,140.46094,17.00306,0.20565958
16.42,10.664334,-4.7887044,-0.4338706
16.44,-3.7575107,-5.429638,-0.114105515
16.46,34.700745,13.317687,0.045777034
16.48,34.700745,-6.0705724,0.045777034
16.5,53.92987,-5.429638,-0.114105515
16.52,121.23181,11.074417,0.36554214
16.539999,39.508022,5.466243,0.20565958
16.56,-90.288574,-0.7828655,-0.114105515
16.58,-27.793919,-13.601548,0.045777034
16.6,-13.372073,7.8697467,0.36554214
16.619999,97.195404,0.33876932,0.045777034
16.64,-80.67402,-11.198046,0.045777034
16.66,34.700745,5.145776,0.045777034
16.68,-22.986637,-1.5840333,0.045777034
16.699999,92.38812,-9.916177,-0.2739881
16.72,-128.74683,-15.684585,-0.2739881
16.74,25.08618,-0.46239844,-0.114105515
16.76,1.049771,-5.7501054,0.045777034
16.779999,44.315308,8.670914,0.36554214
16.8,-66.25217,-14.562949,0.045777034
16.82,-27.793919,-2.7056682,-0.114105515
16.84,-18.179356,-5.429638,-0.2739881
16.859999,29.893461,0.17853576,-0.114105515
16.88,10.664334,-1.4237996,0.045777034
16.9,130.84637,7.8697467,-0.114105515
16.92,-56.637608,4.024141,0.045777034
16.94,5.857053,-3.1863687,-0.2739881
16.96,92.38812,10.914185,0.045777034
16.98,1.049771,-5.589872,-0.2739881
17.0,-51.830326,-0.9430991,-0.2739881
17.02,-56.637608,-9.435476,-0.4338706
17.039999,-13.372073,-5.7501054,-0.2739881
17.06,-22.986637,1.9411048,0.20565958
17.08,106.80997,-1.4237996,-0.2739881
17.1,-61.44489,6.2674108,0.045777034
17.119999,10.664334,5.9469438,-0.114105515
17.14,-37.40848,0.17853576,0.045777034
17.16,-13.372073,-3.3466022,0.20565958
17.18,39.508022,4.6650753,-0.2739881
17.199999,183.72647,14.439322,-0.4338706
17.22,-3.7575107,-5.429638,-0.4338706
17.24,-18.179356,4.184375,-0.4338706
17.26,63.54443,3.8639073,-0.2739881
17.279999,154.8828,22.77147,0.045777034
17.3,-220.08519,-14.242482,-0.7536357
17.32,53.92987,1.6206378,-0.2739881
17.34,15.471616,2.1013381,-0.4338706
17.359999,20.278896,1.9411048,-0.114105515
17.38,44.315308,6.5878778,-0.114105515
17.4,-56.637608,-5.7501054,-0.2739881
17.42,1.049771,-2.7056682,-0.4338706
17.44,15.471616,-2.2249672,-0.4338706
17.46,-22.986637,1.6206378,-0.114105515
17.48,126.0391,7.0685787,-0.4338706
17.5,-224.89246,-9.59571,-0.4338706
17.52,-3.7575107,6.7481112,-0.114105515
17.539999,73.159,3.0627398,-0.4338706
17.56,-22.986637,2.261572,-0.4338706
17.58,97.195404,-2.0647337,-0.4338706
17.6,-22.986637,1.3001705,-0.2739881
17.619999,-8.564792,-5.589872,-0.114105515
17.64,-56.637608,-14.562949,-0.4338706
17.66,53.92987,5.145776,-0.59375316
17.68,-66.25217,3.8639073,-0.4338706
17.699999,-162.3978,-20.49159,-0.4338706
17.72,-13.372073,-5.2694044,-0.2739881
17.74,-13.372073,5.9469438,0.20565958
17.76,-61.44489,0.17853576,-0.2739881
17.779999,10.664334,4.024141,-0.114105515
17.8,29.893461,1.7808713,-0.2739881
17.82,193.34105,16.52236,-0.2739881
17.84,-18.179356,8.510681,-0.114105515
17.859999,-18.179356,2.1013381,-0.4338706
17.88,106.80997,9.151615,0.20565958
17.9,-95.09586,-1.7442669,0.36554214
17.92,-13.372073,3.5434403,0.20565958
17.94,106.80997,3.5434403,-0.4338706
17.96,-37.40848,4.825309,-0.2739881
17.98,-191.24149,-25.45883,-0.59375316
18.0,15.471616,1.9411048,-0.114105515
18.02,-27.793919,-11.198046,-0.4338706
18.039999,-95.09586,2.902506,0.045777034
18.06,-18.179356,4.9855423,0.045777034
18.08,-3.7575107,5.3060093,0.045777034
18.1,15.471616,-4.14777,-0.4338706
18.119999,-13.372073,-1.9045002,-0.59375316
18.14,10.664334,-0.62263197,-0.2739881
18.16,-3.7575107,-2.5454345,0.045777034
18.18,130.84637,17.643993,0.5254247
18.199999,-32.6012,5.466243,0.36554214
18.22,-66.25217,-6.5512733,-0.2739881
18.24,53.92987,1.139937,0.045777034
18.26,121.23181,-3.827303,-0.114105515
18.279999,-75.86674,-16.80622,-0.2739881
18.3,15.471616,-1.5840333,0.045777034
18.32,116.42453,12.99722,0.5254247
18.34,34.700745,-0.9430991,0.045777034
18.359999,-27.793919,5.78671,0.36554214
18.38,20.278896,-3.026135,0.20565958
18.4,15.471616,4.6650753,0.045777034
18.42,-42.215763,-15.524351,-0.2739881
18.44,198.14832,9.632316,-0.2739881
18.46,10.664334,-0.9430991,0.5254247
18.48,-61.44489,3.7036738,0.045777034
18.5,-61.44489,-1.4237996,0.045777034
18.52,145.26822,10.75395,-0.114105515
18.539999,87.58084,12.035819,0.045777034
18.56,-56.637608,-3.827303,-0.2739881
18.58,102.002686,17.483759,-0.114105515
18.6,-71.05945,-4.6284704,-0.2739881
18.619999,82.77356,-6.3910394,-0.4338706
18.64,-8.564792,-6.8717403,-0.4338706
18.66,-104.71042,1.9411048,-0.114105515
18.68,1.049771,2.7422726,0.20565958
18.699999,15.471616,-1.7442669,-0.2739881
18.72,20.278896,5.466243,-0.2739881
18.74,44.315308,-3.1863687,-0.114105515
18.76,15.471616,0.17853576,0.20565958
18.779999,-32.6012,1.4604042,-0.114105515
18.8,-32.6012,-2.385201,0.045777034
18.82,10.664334,-0.9430991,-0.114105515
18.84,-143.16867,-15.04365,0.045777034
18.859999,-61.44489,-4.468237,-0.114105515
18.88,25.08618,4.024141,-0.4338706
18.9,-3.7575107,-3.827303,-0.2739881
18.92,29.893461,-1.2635663,-0.2739881
18.939999,53.92987,-1.2635663,-0.59375316
18.96,5.857053,4.825309,0.045777034
18.98,-61.44489,-3.026135,0.045777034
19.0,15.471616,-2.2249672,-0.2739881
19.02,49.122585,-0.14193134,-0.7536357
19.039999,68.35171,0.81947,-0.7536357
19.06,-32.6012,-4.3080034,-0.59375316
19.08,-22.986637,9.311849,-0.2739881
19.1,-66.25217,-3.9875362,-0.2739881
19.119999,82.77356,15.560958,-0.114105515
19.14,-85.48129,-8.634309,-0.4338706
19.16,-95.09586,-14.242482,-0.7536357
19.18,-3.7575107,-7.5126743,-0.4338706
19.199999,-13.372073,2.4218054,-0.4338706
19.22,87.58084,-0.30216488,-0.2739881
19.24,-13.372073,0.17853576,-0.114105515
19.26,-42.215763,-5.1091714,-0.2739881
19.279999,-32.6012,4.3446083,-0.114105515
19.3,10.664334,9.792548,0.045777034
19.32,97.195404,-9.275244,-0.2739881
19.34,-3.7575107,3.8639073,0.045777034
19.359999,-196.04878,-7.192207,-0.114105515
19.38,-37.40848,-2.385201,-0.114105515
19.4,-51.830326,-15.203884,-0.59375316
19.42,-13.372073,-12.159447,-0.2739881
19.439999,106.80997,4.504842,-0.2739881
19.46,-8.564792,1.139937,-0.114105515
19.48,34.700745,-3.6670694,-0.2739881
19.5,-3.7575107,0.81947,-0.114105515
19.52,-32.6012,-2.2249672,-0.4338706
19.539999,-104.71042,-6.230806,-0.2739881
19.56,-8.564792,-7.672908,-0.2739881
19.58,44.315308,-5.2694044,-0.9135183
19.6,-71.05945,6.7481112,0.20565958
19.619999,1.049771,4.024141,-0.114105515
19.64,29.893461,7.228812,-0.4338706
19.66,-8.564792,-4.948938,0.045777034
19.68,-22.986637,-3.827303,-0.114105515
19.699999,-143.16867,-28.022566,-0.59375316
19.72,-8.564792,2.902506,0.045777034
19.74,-13.372073,-2.2249672,-0.2739881
19.76,-3.7575107,8.670914,0.045777034
19.779999,20.278896,7.8697467,0.20565958
19.8,-22.986637,-0.9430991,-0.114105515
19.82,-61.44489,-2.2249672,-0.114105515
19.84,82.77356,5.466243,-0.114105515
19.859999,53.92987,3.5434403,0.045777034
19.88,29.893461,-0.46239844,-0.114105515
19.9,-32.6012,-9.59571,-0.114105515
19.92,34.700745,2.902506,0.20565958
19.939999,44.315308,2.4218054,-0.114105515
19.96,-32.6012,-1.1033326,0.045777034
19.98,77.96628,8.02998,0.36554214
20.0,58.737152,6.1071773,0.20565958
20.02,1.049771,-1.1033326,-0.2739881
20.039999,87.58084,-4.3080034,-0.2739881
20.06,-18.179356,1.139937,-0.4338706
20.08,-22.986637,-2.5454345,-0.59375316
20.1,-18.179356,0.81947,0.20565958
20.119999,-215.2779,4.9855423,0.045777034
20.14,-95.09586,-3.9875362,-0.114105515
20.16,53.92987,1.6206378,-0.114105515
20.18,121.23181,-2.7056682,0.68530726
20.199999,-61.44489,-9.275244,-0.9135183
20.22,44.315308,10.113016,0.045777034
20.24,15.471616,3.2229733,-0.2739881
20.26,20.278896,1.139937,-0.4338706
20.279999,-42.215763,0.49900287,0.20565958
20.3,-51.830326,2.5820389,0.045777034
20.32,1.049771,-5.1091714,-0.4338706
20.34,25.08618,2.1013381,0.045777034
20.359999,53.92987,-1.1033326,0.045777034
20.38,-27.793919,1.4604042,-0.2739881
20.4,-51.830326,-7.192207,-0.7536357
20.42,-27.793919,-2.2249672,-0.114105515
20.439999,-56.637608,3.7036738,0.045777034
20.46,-61.44489,-15.844818,-0.4338706
20.48,1.049771,0.018302217,-0.114105515
20.5,-27.793919,-7.672908,-0.2739881
20.52,150.0755,17.483759,-0.114105515
20.539999,15.471616,0.018302217,0.36554214
20.56,-3.7575107,3.0627398,-0.114105515
20.58,1.049771,14.920023,0.20565958
20.6,-22.986637,-13.761782,-0.7536357
20.619999,-47.023045,10.75395,0.36554214
20.64,-22.986637,-1.7442669,-0.4338706
20.66,29.893461,3.3832066,-0.4338706
20.68,20.278896,9.952783,-0.114105515
20.699999,1.049771,2.5820389,-0.2739881
20.72,15.471616,7.0685787,-0.114105515
20.74,29.893461,2.261572,-0.114105515
20.76,20.278896,2.1013381,-0.2739881
20.779999,-3.7575107,4.3446083,-0.59375316
20.8,20.278896,-3.9875362,-0.59375316
20.82,145.26822,18.765629,0.045777034
20.84,5.857053,-2.2249672,0.045777034
20.859999,20.278896,2.5820389,-0.2739881
20.88,25.08618,4.3446083,-0.114105515
20.9,1.049771,8.831148,0.36554214
20.92,10.664334,-3.3466022,0.045777034
20.939999,-32.6012,0.81947,-0.2739881
20.96,-90.288574,-13.761782,-0.2739881
20.98,15.471616,2.7422726,0.20565958
21.0,-37.40848,-17.447153,-0.59375316
21.02,53.92987,2.1013381,0.045777034
21.039999,-85.48129,-4.7887044,-0.2739881
21.06,25.08618,6.908345,-0.2739881
21.08,-51.830326,0.9797035,0.20565958
21.1,-3.7575107,-10.236644,-0.114105515
21.119999,29.893461,2.261572,0.20565958
21.14,-114.32499,-17.607388,-0.2739881
21.16,-22.986637,-3.9875362,-0.114105515
21.18,68.35171,1.4604042,-0.114105515
21.199999,130.84637,13.798388,0.20565958
21.22,5.857053,-1.2635663,-0.114105515
21.24,53.92987,2.4218054,-0.114105515
21.26,-47.023045,-0.9430991,-0.2739881
21.279999,29.893461,-3.3466022,-0.4338706
21.3,-104.71042,-5.589872,0.20565958
21.32,53.92987,-1.5840333,0.045777034
21.34,25.08618,3.0627398,0.045777034
21.359999,135.65366,12.356286,0.045777034
21.38,-13.372073,6.908345,0.045777034
21.4,-66.25217,-3.6670694,-0.114105515
21.42,-22.986637,-4.948938,-0.4338706
21.439999,-22.986637,-2.385201,-0.114105515
21.46,20.278896,0.81947,0.20565958
21.48,1.049771,-8.474075,-0.2739881
21.5,15.471616,8.02998,0.20565958
21.52,20.278896,1.139937,-0.114105515
21.539999,-27.793919,5.6264763,0.20565958
21.56,-3.7575107,1.7808713,-0.114105515
21.58,25.08618,2.5820389,0.20565958
21.6,63.54443,-5.429638,-0.2739881
21.619999,63.54443,6.908345,0.20565958
21.64,15.471616,1.7808713,0.20565958
21.66,-66.25217,-9.755944,-0.114105515
21.68,102.002686,3.2229733,-0.114105515
21.699999,44.315308,5.6264763,-0.114105515
21.72,-8.564792,-11.198046,-0.4338706
21.74,53.92987,1.4604042,0.045777034
21.76,20.278896,9.792548,-0.114105515
21.779999,-32.6012,0.6592364,0.5254247
21.8,-13.372073,-13.120848,-0.4338706
21.82,121.23181,3.2229733,0.20565958
21.84,-13.372073,-3.6670694,-0.2739881
21.859999,116.42453,20.367966,0.36554214
21.88,-27.793919,-4.6284704,0.20565958
21.9,-61.44489,-1.7442669,0.045777034
21.92,-22.986637,-4.14777,0.20565958
21.939999,-61.44489,-12.800381,-0.114105515
21.96,15.471616,1.4604042,0.045777034
21.98,73.159,0.17853576,-0.114105515
22.0,-47.023045,-16.485752,-0.2739881
22.02,-61.44489,-4.468237,0.20565958
22.039999,29.893461,7.549279,0.36554214
22.06,164.49734,21.0089,0.5254247
22.08,25.08618,7.0685787,0.045777034
22.1,-8.564792,-1.1033326,-0.2739881
22.119999,140.46094,1.6206378,-0.59375316
22.14,-8.564792,-2.7056682,-0.114105515
22.16,15.471616,0.49900287,0.045777034
22.18,77.96628,7.549279,-0.2739881
22.199999,-51.830326,-3.9875362,0.20565958
22.22,-18.179356,4.024141,-0.114105515
22.24,82.77356,16.52236,0.20565958
22.26,15.471616,2.7422726,0.045777034
22.279999,-215.2779,-6.5512733,0.045777034
22.3,20.278896,-0.62263197,-0.114105515
22.32,29.893461,-3.026135,0.045777034
22.34,1.049771,-6.8717403,0.20565958
22.359999,-61.44489,2.7422726,0.36554214
22.38,-8.564792,-0.46239844,-0.114105515
22.4,53.92987,-0.46239844,0.045777034
22.42,-47.023045,-4.948938,0.045777034
22.439999,-80.67402,4.3446083,0.68530726
22.46,-22.986637,-16.325518,0.20565958
22.48,5.857053,9.792548,0.8451898
22.5,15.471616,4.6650753,0.20565958
22.519999,-3.7575107,1.4604042,0.5254247
22.539999,-8.564792,3.7036738,0.5254247
22.56,5.857053,-8.313842,0.045777034
22.58,-22.986637,3.0627398,0.20565958
22.6,10.664334,-0.62263197,-0.114105515
22.619999,53.92987,15.560958,0.68530726
22.64,-3.7575107,1.3001705,0.045777034
22.66,49.122585,9.151615,0.5254247
22.68,-51.830326,-1.7442669,0.045777034
22.699999,-22.986637,-3.827303,0.36554214
22.72,15.471616,-4.14777,-0.114105515
22.74,25.08618,-2.8659017,0.20565958
22.76,29.893461,-3.026135,0.36554214
22.779999,1.049771,-5.429638,0.20565958
22.8,-27.793919,-7.993375,0.20565958
22.82,-85.48129,-9.916177,0.20565958
22.84,5.857053,13.477921,0.5254247
22.859999,20.278896,1.6206378,0.36554214
22.88,20.278896,4.504842,0.8451898
22.9,-32.6012,0.9797035,0.68530726
22.92,-71.05945,-8.474075,0.20565958
22.939999,10.664334,-14.402717,0.045777034
22.96,34.700745,4.9855423,0.5254247
22.98,-95.09586,6.4276443,0.68530726
23.0,5.857053,-1.2635663,0.36554214
23.019999,49.122585,7.709513,0.5254247
23.039999,-56.637608,0.33876932,0.5254247
23.06,-47.023045,-0.7828655,0.5254247
23.08,-37.40848,-7.0319734,0.5254247
23.1,-32.6012,-3.5068357,0.36554214
23.119999,49.122585,0.9797035,0.045777034
23.14,92.38812,12.035819,0.36554214
23.16,34.700745,8.350447,0.68530726
23.18,-47.023045,2.261572,0.68530726
23.199999,44.315308,-2.0647337,0.5254247
23.22,-8.564792,1.139937,0.36554214
23.24,106.80997,2.902506,0.045777034
23.26,58.737152,-6.5512733,0.36554214
23.279999,-114.32499,-6.230806,0.20565958
23.3,77.96628,2.902506,0.045777034
23.32,-32.6012,-3.5068357,0.20565958
23.34,-18.179356,-3.026135,0.045777034
23.359999,106.80997,18.445162,1.0050724
23.38,73.159,7.709513,0.36554214
23.4,15.471616,-3.1863687,0.5254247
23.42,-27.793919,-9.916177,0.045777034
23.439999,-13.372073,3.3832066,0.68530726
23.46,10.664334,-3.5068357,0.68530726
23.48,87.58084,18.925863,0.68530726
23.5,-32.6012,-1.9045002,0.20565958
23.519999,10.664334,6.4276443,0.68530726
23.539999,140.46094,12.196053,0.5254247
23.56,-3.7575107,4.9855423,0.68530726
23.58,29.893461,-3.9875362,0.8451898
23.6,73.159,3.8639073,0.68530726
23.619999,-95.09586,-11.999213,0.36554214
23.64,-42.215763,2.1013381,0.5254247
23.66,25.08618,0.6592364,0.68530726
23.68,-42.215763,0.81947,0.8451898
23.699999,-47.023045,-2.7056682,0.68530726
23.72,-3.7575107,-3.5068357,0.36554214
23.74,-66.25217,-16.165285,0.36554214
23.76,53.92987,4.9855423,0.20565958
23.779999,-61.44489,-6.3910394,0.5254247
23.8,20.278896,-1.7442669,0.36554214
23.82,-37.40848,-2.5454345,0.20565958
23.84,92.38812,2.1013381,0.5254247
23.859999,15.471616,4.024141,0.36554214
23.88,20.278896,6.1071773,0.5254247
23.9,-56.637608,-0.62263197,0.045777034
23.92,-3.7575107,5.9469438,0.5254247
23.939999,-18.179356,-12.640147,-0.114105515
23.96,10.664334,-0.30216488,0.045777034
23.98,10.664334,0.17853576,0.20565958
24.0,20.278896,2.7422726,0.68530726
24.019999,-71.05945,-3.5068357,0.5254247
24.039999,15.471616,0.018302217,0.36554214
24.06,10.664334,0.9797035,0.36554214
24.08,-32.6012,-0.62263197,0.36554214
24.1,15.471616,3.3832066,0.68530726
24.119999,-18.179356,-2.2249672,0.20565958
24.14,29.893461,7.228812,0.5254247
24.16,102.002686,3.2229733,0.68530726
24.18,183.72647,12.196053,0.68530726
24.199999,-8.564792,2.261572,0.68530726
24.22,10.664334,-3.3466022,0.5254247
24.24,130.84637,11.715352,0.36554214
24.26,10.664334,4.024141,0.68530726
24.279999,25.08618,4.6650753,0.5254247
24.3,39.508022,7.709513,0.68530726
24.32,15.471616,-2.0647337,0.36554214
24.34,5.857053,4.504842,0.5254247
24.359999,53.92987,-2.5454345,0.5254247
24.38,44.315308,0.81947,0.68530726
24.4,-22.986637,-10.557112,0.5254247
24.42,15.471616,4.184375,0.5254247
24.439999,25.08618,5.466243,0.36554214
24.46,73.159,-0.9430991,0.5254247
24.48,10.664334,-5.1091714,0.5254247
24.5,5.857053,9.952783,0.68530726
24.519999,34.700745,-0.14193134,0.20565958
24.539999,-71.05945,-5.910339,0.5254247
24.56,49.122585,1.6206378,0.68530726
24.58,-47.023045,0.81947,0.68530726
24.6,-85.48129,-0.62263197,1.0050724
24.619999,-3.7575107,-1.9045002,0.68530726
24.64,-71.05945,-17.447153,0.045777034
24.66,-13.372073,-6.711507,0.045777034
24.68,-8.564792,3.5434403,0.36554214
24.699999,169.30463,4.825309,0.5254247
24.72,49.122585,8.02998,0.5254247
24.74,34.700745,-3.026135,0.20565958
24.76,25.08618,-0.14193134,0.20565958
24.779999,44.315308,4.024141,0.5254247
24.8,77.96628,2.1013381,0.20565958
24.82,-13.372073,3.0627398,0.36554214
24.84,-42.215763,-6.711507,0.20565958
24.859999,-3.7575107,4.3446083,0.68530726
24.88,20.278896,14.759789,0.8451898
24.9,63.54443,-1.7442669,0.5254247
24.92,68.35171,12.8369875,0.8451898
24.939999,-13.372073,-1.4237996,0.36554214
24.96,-22.986637,1.4604042,0.68530726
24.98,-8.564792,-3.026135,0.68530726
25.0,53.92987,-3.1863687,0.68530726
25.019999,-114.32499,-10.076411,0.5254247
25.039999,58.737152,-2.8659017,0.36554214
25.06,15.471616,-1.4237996,0.5254247
25.08,29.893461,5.78671,0.5254247
25.1,-13.372073,-1.4237996,0.36554214
25.119999,-47.023045,0.49900287,0.5254247
25.14,63.54443,14.920023,0.5254247
25.16,39.508022,-6.230806,0.045777034
25.18,53.92987,2.7422726,0.8451898
25.199999,-3.7575107,-11.037811,0.36554214
25.22,53.92987,-1.1033326,0.045777034
25.24,-75.86674,-19.530188,0.36554214
25.26,102.002686,6.2674108,0.68530726
25.279999,10.664334,-2.0647337,0.36554214
25.3,92.38812,13.798388,0.8451898
25.32,25.08618,1.139937,0.36554214
25.34,-42.215763,-7.352441,0.8451898
25.359999,-80.67402,-17.607388,0.68530726
25.38,1.049771,8.831148,1.0050724
25.4,-56.637608,-11.518513,0.20565958
25.42,1.049771,-0.14193134,0.5254247
25.439999,29.893461,-9.916177,0.045777034
25.46,1.049771,3.3832066,0.5254247
25.48,-123.93955,-10.557112,0.045777034
25.5,-42.215763,-7.192207,0.20565958
25.519999,-27.793919,0.17853576,0.36554214
25.539999,-42.215763,-0.7828655,0.5254247
25.56,5.857053,-6.0705724,0.20565958
25.58,159.69006,15.881425,0.8451898
25.599998,-61.44489,-3.6670694,0.36554214
25.619999,-37.40848,-2.2249672,0.5254247
25.64,77.96628,4.504842,0.68530726
25.66,20.278896,3.2229733,0.5254247
25.68,82.77356,1.139937,0.20565958
25.699999,92.38812,0.018302217,0.5254247
25.72,-13.372073,3.3832066,0.68530726
25.74,49.122585,-1.7442669,0.5254247
25.76,1.049771,-0.14193134,0.68530726
25.779999,92.38812,-5.429638,0.045777034
25.8,-75.86674,-2.7056682,0.68530726
25.82,20.278896,-0.46239844,0.36554214
25.84,29.893461,-6.230806,0.5254247
25.859999,68.35171,4.184375,0.36554214
25.88,77.96628,5.3060093,0.5254247
25.9,-32.6012,0.49900287,0.20565958
25.92,49.122585,3.0627398,0.5254247
25.939999,-3.7575107,-4.468237,-0.114105515
25.96,-42.215763,10.914185,0.5254247
25.98,-114.32499,0.17853576,0.36554214
26.0,-80.67402,-4.6284704,0.20565958
26.019999,106.80997,-2.0647337,-0.114105515
26.039999,73.159,13.958622,0.36554214
26.06,25.08618,-1.1033326,0.045777034
26.08,10.664334,4.024141,0.5254247
26.099998,1.049771,-0.62263197,0.36554214
26.119999,-22.986637,4.3446083,0.045777034
26.14,63.54443,4.024141,0.20565958
26.16,-51.830326,7.8697467,0.8451898
26.18,73.159,-0.62263197,0.20565958
26.199999,154.8828,8.02998,0.68530726
26.22,-3.7575107,-3.6670694,0.045777034
26.24,39.508022,-1.2635663,0.20565958
26.26,29.893461,-7.672908,-0.2739881
26.279999,44.315308,12.035819,0.36554214
26.3,-90.288574,-7.672908,-0.4338706
26.32,82.77356,3.8639073,0.045777034
26.34,53.92987,4.825309,0.20565958
26.359999,29.893461,11.394884,0.8451898
26.38,-42.215763,-5.1091714,-0.114105515
26.4,39.508022,2.1013381,0.36554214
26.42,49.122585,-4.14777,0.20565958
26.439999,-104.71042,-11.678746,0.045777034
26.46,-172.01237,-5.589872,0.36554214
26.48,-32.6012,-7.993375,-0.2739881
26.5,-61.44489,-2.8659017,0.045777034
26.519999,10.664334,8.350447,0.20565958
26.539999,-18.179356,3.0627398,0.68530726
26.56,-47.023045,-3.1863687,0.36554214
26.58,130.84637,2.4218054,0.20565958
26.599998,-13.372073,2.902506,0.68530726
26.619999,73.159,13.157454,0.5254247
26.64,-51.830326,-4.468237,0.20565958
26.66,68.35171,13.477921,0.8451898
26.68,73.159,2.4218054,0.20565958
26.699999,34.700745,-1.7442669,0.36554214
26.72,53.92987,2.1013381,0.5254247
26.74,-8.564792,-4.14777,-0.114105515
26.76,-143.16867,-10.877579,0.5254247
26.779999,1.049771,-4.948938,-0.114105515
26.8,77.96628,8.831148,-0.114105515
26.82,-32.6012,-3.3466022,0.20565958
26.84,-18.179356,-4.14777,-0.114105515
26.859999,92.38812,7.8697467,0.045777034
26.88,73.159,2.4218054,0.20565958
26.9,44.315308,7.0685787,0.8451898
26.92,-37.40848,11.394884,1.0050724
26.939999,34.700745,2.5820389,0.5254247
26.96,92.38812,9.311849,0.68530726
26.98,58.737152,3.2229733,0.5254247
27.0,73.159,14.279089,0.68530726
27.019999,-47.023045,-19.049488,0.36554214
27.039999,73.159,-3.6670694,-0.114105515
27.06,102.002686,4.825309,0.68530726
27.08,-22.986637,4.825309,0.36554214
27.099998,39.508022,7.709513,0.5254247
27.119999,-8.564792,3.3832066,0.68530726
27.14,-22.986637,-7.352441,0.045777034
27.16,15.471616,4.6650753,0.8451898
27.18,-37.40848,-5.2694044,1.0050724
27.199999,73.159,-3.9875362,0.5254247
27.22,-32.6012,0.33876932,0.5254247
27.24,1.049771,-6.0705724,0.20565958
27.26,-18.179356,-0.7828655,0.68530726
27.279999,25.08618,-1.5840333,0.5254247
27.3,-32.6012,-0.9430991,0.68530726
27.32,159.69006,10.914185,0.8451898
27.34,-3.7575107,9.632316,1.164955
27.359999,5.857053,-2.7056682,0.68530726
27.38,116.42453,-0.9430991,0.68530726
27.4,44.315308,-4.948938,0.5254247
27.42,226.992,12.99722,0.68530726
27.439999,5.857053,-4.3080034,0.5254247
27.46,25.08618,-3.827303,0.36554214
27.48,39.508022,12.035819,1.0050724
27.5,106.80997,4.184375,0.5254247
27.519999,121.23181,9.632316,0.8451898
27.539999,73.159,0.9797035,0.68530726
27.56,-18.179356,8.510681,0.8451898
27.58,-47.023045,-3.6670694,0.36554214
27.599998,77.96628,9.952783,0.8451898
27.619999,49.122585,2.902506,0.5254247
27.64,10.664334,-8.954777,0.5254247
27.66,34.700745,15.24049,1.0050724
27.68,-18.179356,8.831148,1.164955
27.699999,1.049771,0.018302217,0.68530726
27.72,29.893461,-10.236644,0.8451898
27.74,15.471616,-6.0705724,0.20565958
27.76,-22.986637,-3.026135,0.5254247
27.779999,10.664334,0.81947,0.68530726
27.8,68.35171,0.17853576,0.68530726
27.82,-37.40848,-4.7887044,0.36554214
27.84,53.92987,13.477921,0.5254247
27.859999,92.38812,9.952783,0.5254247
27.88,-22.986637,-0.46239844,0.5254247
27.9,111.61725,19.887262,0.68530726
27.92,1.049771,-2.8659017,0.20565958
27.939999,102.002686,6.4276443,0.8451898
27.96,-71.05945,-9.755944,0.045777034
27.98,-37.40848,-12.960614,0.20565958
28.0,97.195404,-1.7442669,0.5254247
28.019999,-22.986637,-7.192207,-0.4338706
28.039999,-3.7575107,-3.3466022,-0.114105515
28.06,39.508022,6.2674108,0.36554214
28.08,-42.215763,2.1013381,0.36554214
28.099998,-61.44489,0.6592364,0.36554214
28.119999,44.315308,12.99722,0.68530726
28.14,44.315308,3.5434403,0.68530726
28.16,5.857053,4.024141,0.5254247
28.18,-3.7575107,-7.672908,0.20565958
28.199999,10.664334,0.9797035,0.36554214
28.22,-109.5177,-18.729021,0.5254247
28.24,39.508022,4.504842,0.20565958
28.26,20.278896,6.2674108,0.5254247
28.279999,10.664334,-2.385201,0.20565958
28.3,15.471616,3.0627398,0.20565958
28.32,-71.05945,-2.7056682,0.5254247
28.34,-3.7575107,-3.827303,0.045777034
28.359999,34.700745,0.018302217,0.045777034
28.38,5.857053,-3.827303,0.20565958
28.4,15.471616,0.018302217,0.045777034
28.42,82.77356,-6.5512733,-0.114105515
28.439999,29.893461,3.8639073,0.36554214
28.46,87.58084,17.163294,0.68530726
28.48,34.700745,2.7422726,0.36554214
28.5,29.893461,3.5434403,-0.114105515
28.519999,34.700745,3.5434403,0.68530726
28.539999,-37.40848,2.261572,0.8451898
28.56,20.278896,-2.385201,0.36554214
28.58,-8.564792,1.139937,0.8451898
28.599998,68.35171,-2.385201,-0.114105515
28.619999,34.700745,8.510681,0.68530726
28.64,-109.5177,-13.441315,0.8451898
28.66,34.700745,4.9855423,0.68530726
28.68,20.278896,0.6592364,0.68530726
28.699999,82.77356,8.190214,0.68530726
28.72,25.08618,-3.026135,0.8451898
28.74,53.92987,10.27325,0.5254247
28.76,49.122585,-2.2249672,0.68530726
28.779999,-27.793919,-2.5454345,0.36554214
28.8,-133.55412,-7.993375,0.68530726
28.82,44.315308,-6.3910394,0.5254247
28.84,20.278896,5.466243,0.5254247
28.859999,49.122585,-4.948938,0.20565958
28.88,116.42453,4.825309,0.68530726
28.9,-3.7575107,-8.153608,-0.2739881
28.92,20.278896,2.902506,0.68530726
28.939999,-51.830326,-8.313842,0.20565958
28.96,49.122585,9.792548,0.68530726
28.98,-47.023045,-3.026135,0.045777034
29.0,20.278896,4.9855423,0.8451898
29.019999,126.0391,11.875586,0.8451898
29.039999,-37.40848,-3.5068357,0.68530726
29.06,49.122585,4.504842,0.68530726
29.08,130.84637,18.925863,0.8451898
29.099998,-95.09586,-5.2694044,0.8451898
29.119999,5.857053,1.6206378,0.68530726
29.14,63.54443,-2.5454345,0.20565958
29.16,73.159,0.6592364,0.36554214
29.179998,-71.05945,-9.115009,0.20565958
29.199999,44.315308,11.394884,0.8451898
29.22,1.049771,3.5434403,0.5254247
29.24,63.54443,1.6206378,0.36554214
29.26,44.315308,6.1071773,0.5254247
29.279999,-80.67402,-7.192207,0.20565958
29.3,-51.830326,0.6592364,0.8451898
29.32,-8.564792,7.3890457,0.045777034
29.34,5.857053,-3.3466022,0.8451898
29.359999,29.893461,-5.7501054,0.045777034
29.38,-8.564792,-8.954777,0.20565958
29.4,102.002686,10.433483,0.5254247
29.42,-66.25217,-4.7887044,0.36554214
29.439999,34.700745,0.49900287,0.5254247
29.46,-8.564792,0.49900287,0.36554214
29.48,130.84637,14.599556,0.5254247
29.5,-3.7575107,-1.7442669,0.5254247
29.519999,20.278896,4.9855423,0.5254247
29.539999,-32.6012,3.7036738,0.68530726
29.56,-18.179356,6.7481112,1.0050724
29.58,5.857053,4.3446083,0.68530726
29.599998,-18.179356,-0.9430991,0.36554214
29.619999,-22.986637,4.024141,0.68530726
29.64,58.737152,1.6206378,0.36554214
29.66,15.471616,7.228812,0.20565958
29.679998,5.857053,-7.192207,0.20565958
29.699999,-13.372073,-0.30216488,0.36554214
29.72,-22.986637,-3.5068357,0.20565958
29.74,-32.6012,2.4218054,0.5254247
29.76,-13.372073,-4.7887044,0.20565958
29.779999,25.08618,-8.313842,0.68530726
29.8,-119.13227,-6.5512733,0.5254247
29.82,-66.25217,-2.385201,0.5254247
29.84,-3.7575107,-0.7828655,0.8451898
29.859999,-8.564792,-7.192207,0.5254247
29.88,-186.4342,-7.672908,0.36554214
29.9,20.278896,-10.877579,0.20565958
29.92,77.96628,2.4218054,0.5254247
29.939999,44.315308,-0.30216488,0.5254247
29.96,102.002686,6.5878778,0.5254247
29.98,97.195404,13.157454,0.68530726
30.0,68.35171,7.3890457,0.5254247
30.019999,-3.7575107,1.4604042,0.5254247
30.039999,-61.44489,1.9411048,0.5254247
30.06,5.857053,-0.30216488,0.5254247
30.08,-56.637608,-0.62263197,0.20565958
30.099998,63.54443,1.3001705,-0.114105515
30.119999,-13.372073,1.6206378,0.20565958
30.14,25.08618,7.0685787,0.68530726
30.16,-85.48129,-7.833141,0.36554214
30.179998,-157.59052,-6.230806,0.36554214
30.199999,49.122585,13.317687,0.68530726
30.22,10.664334,2.902506,0.5254247
30.24,-42.215763,9.151615,1.0050724
30.26,-13.372073,0.33876932,0.68530726
30.279999,-42.215763,-7.192207,0.5254247
30.3,-8.564792,-1.7442669,0.5254247
30.32,34.700745,-3.9875362,0.045777034
30.34,97.195404,12.8369875,0.5254247
30.359999,121.23181,4.184375,0.5254247
30.38,87.58084,9.792548,0.20565958
30.4,49.122585,-2.5454345,0.20565958
30.42,-27.793919,-4.6284704,0.20565958
30.439999,-13.372073,3.5434403,0.68530726
30.46,29.893461,0.9797035,0.20565958
30.48,-220.08519,-29.464666,0.045777034
30.5,126.0391,1.4604042,0.68530726
30.519999,39.508022,7.8697467,0.8451898
30.539999,-37.40848,-3.9875362,0.20565958
30.56,10.664334,4.3446083,0.8451898
30.58,130.84637,12.51652,0.68530726
30.599998,10.664334,9.151615,0.8451898
30.619999,-51.830326,-0.46239844,0.8451898
30.64,49.122585,0.81947,0.20565958
30.66,49.122585,0.17853576,0.68530726
30.679998,15.471616,0.9797035,0.36554214
30.699999,44.315308,8.190214,0.68530726
30.72,68.35171,4.504842,0.68530726
30.74,58.737152,-5.589872,0.8451898
30.76,77.96628,4.3446083,0.68530726
30.779999,1.049771,1.7808713,0.8451898
30.8,275.06485,7.228812,0.5254247
30.82,-22.986637,4.3446083,1.0050724
30.84,63.54443,4.184375,0.5254247
30.859999,68.35171,7.549279,0.5254247
30.88,58.737152,-2.2249672,0.68530726
30.9,-42.215763,4.184375,0.68530726
30.92,58.737152,-2.0647337,0.045777034
30.939999,-42.215763,-13.120848,-0.2739881
30.96,-22.986637,1.4604042,0.8451898
30.98,44.315308,0.9797035,0.36554214
31.0,68.35171,-2.7056682,0.5254247
31.019999,25.08618,2.7422726,0.36554214
31.039999,-138.36139,-12.960614,0.20565958
31.06,-71.05945,-4.7887044,0.045777034
31.08,-56.637608,-6.8717403,0.20565958
31.099998,44.315308,11.555119,0.5254247
31.119999,-66.25217,-10.557112,0.20565958
31.14,29.893461,-0.30216488,0.20565958
31.16,126.0391,11.394884,0.8451898
31.179998,39.508022,9.472081,0.20565958
31.199999,44.315308,0.6592364,0.20565958
31.22,-37.40848,-0.9430991,0.045777034
31.24,44.315308,-4.6284704,-0.114105515
31.26,-37.40848,5.78671,0.36554214
31.279999,-61.44489,-5.7501054,-0.114105515
31.3,102.002686,9.311849,0.68530726
31.32,-56.637608,-8.153608,0.045777034
31.34,5.857053,-3.9875362,0.36554214
31.359999,10.664334,16.362125,0.68530726
31.38,-66.25217,-3.827303,0.68530726
31.4,39.508022,-2.385201,0.36554214
31.42,-22.986637,1.139937,0.36554214
31.439999,34.700745,4.3446083,0.36554214
31.46,10.664334,6.1071773,1.0050724
31.48,-32.6012,-0.9430991,0.36554214
31.5,251.02841,31.424084,0.68530726
31.519999,5.857053,-6.3910394,-0.114105515
31.539999,68.35171,1.9411048,0.20565958
31.56,-18.179356,-9.435476,0.20565958
31.58,25.08618,0.81947,0.045777034
31.599998,39.508022,3.8639073,0.68530726
31.619999,5.857053,11.074417,0.36554214
31.64,34.700745,-1.7442669,0.68530726
31.66,-22.986637,-1.9045002,0.36554214
31.679998,39.508022,4.504842,0.5254247
31.699999,-95.09586,-6.0705724,0.5254247
31.72,-75.86674,-2.8659017,0.20565958
31.74,82.77356,4.9855423,1.0050724
31.76,39.508022,-0.7828655,0.20565958
31.779999,-56.637608,-14.402717,0.20565958
31.8,44.315308,8.350447,0.5254247
31.82,-13.372073,3.7036738,0.5254247
31.84,-22.986637,-7.833141,0.5254247
31.859999,-22.986637,1.7808713,0.36554214
31.88,-123.93955,-6.230806,0.68530726
31.9,5.857053,-11.518513,-0.114105515
31.92,-42.215763,2.1013381,0.36554214
31.939999,73.159,2.261572,0.045777034
31.96,-75.86674,1.4604042,0.045777034
31.98,29.893461,-2.8659017,0.20565958
32.0,63.54443,5.6264763,0.5254247
32.02,5.857053,1.7808713,0.20565958
32.04,1.049771,-11.358279,0.20565958
32.059998,-32.6012,5.3060093,0.5254247
32.079998,29.893461,-0.46239844,0.045777034
32.1,15.471616,4.184375,0.8451898
32.12,-27.793919,1.139937,0.5254247
32.14,1.049771,13.798388,0.68530726
32.16,44.315308,3.3832066,-0.114105515
32.18,-8.564792,-7.672908,0.68530726
32.2,39.508022,-2.7056682,0.36554214
32.219997,68.35171,18.445162,0.5254247
32.239998,-32.6012,1.7808713,0.045777034
32.26,-8.564792,-1.7442669,0.045777034
32.28,29.893461,-8.313842,-0.2739881
32.3,-42.215763,3.2229733,0.5254247
32.32,10.664334,-12.159447,0.20565958
32.34,92.38812,18.925863,0.20565958
32.36,5.857053,0.6592364,0.045777034
32.38,15.471616,-2.5454345,-0.2739881
32.399998,10.664334,-1.4237996,0.36554214
32.42,25.08618,-7.192207,-0.114105515
32.44,20.278896,-12.640147,-0.59375316
32.46,20.278896,9.792548,0.045777034
32.48,102.002686,-3.9875362,-0.114105515
32.5,5.857053,-1.5840333,0.20565958
32.52,-18.179356,8.02998,0.5254247
32.54,-22.986637,-0.7828655,-0.114105515
32.559998,-32.6012,-2.2249672,0.20565958
32.579998,15.471616,-1.5840333,0.20565958
32.6,-128.74683,-12.159447,0.045777034
32.62,39.508022,2.261572,0.68530726
32.64,-157.59052,-12.960614,0.20565958
32.66,15.471616,2.261572,0.20565958
32.68,82.77356,17.163294,0.5254247
32.7,29.893461,-1.2635663,-0.114105515
32.719997,-37.40848,-7.0319734,-0.4338706
32.739998,-167.20508,-3.026135,0.5254247
32.76,29.893461,2.902506,0.5254247
32.78,-3.7575107,-3.3466022,0.045777034
32.8,5.857053,5.78671,0.20565958
32.82,-8.564792,2.4218054,0.5254247
32.84,-3.7575107,-3.026135,0.045777034
32.86,-37.40848,4.3446083,0.20565958
32.88,102.002686,0.17853576,0.045777034
32.899998,-8.564792,-1.4237996,-0.2739881
32.92,-3.7575107,11.234652,0.045777034
32.94,1.049771,0.81947,0.36554214
32.96,29.893461,4.024141,0.36554214
32.98,-13.372073,-5.589872,0.20565958
33.0,5.857053,-3.827303,0.045777034
33.02,25.08618,3.0627398,0.045777034
33.04,-56.637608,4.024141,-0.2739881
33.059998,-56.637608,4.184375,0.36554214
33.079998,1.049771,-1.5840333,-0.114105515
33.1,-51.830326,-3.6670694,0.045777034
33.12,135.65366,18.124695,0.045777034
33.14,20.278896,0.6592364,-0.4338706
33.16,-3.7575107,0.6592364,0.20565958
33.18,82.77356,9.632316,-0.2739881
33.2,-104.71042,-0.14193134,0.20565958
33.219997,-71.05945,-4.3080034,-0.114105515
33.239998,25.08618,1.4604042,0.36554214
33.26,-90.288574,-19.850657,-0.59375316
33.28,10.664334,-3.5068357,-0.114105515
33.3,-18.179356,0.018302217,-0.59375316
33.32,-22.986637,-9.755944,-0.114105515
33.34,49.122585,-1.7442669,-0.114105515
33.36,-75.86674,-2.7056682,-0.2739881
33.38,-95.09586,-6.711507,0.20565958
33.399998,10.664334,-3.026135,0.045777034
33.42,-37.40848,-1.5840333,0.045777034
33.44,5.857053,10.914185,0.20565958
33.46,58.737152,-10.717345,-0.59375316
33.48,15.471616,-2.385201,-0.2739881
33.5,-181.62692,-15.04365,-0.2739881
33.52,58.737152,0.6592364,0.20565958
33.54,-22.986637,-0.14193134,-0.114105515
33.559998,-3.7575107,-3.5068357,0.045777034
33.579998,-8.564792,6.5878778,-0.114105515
33.6,-13.372073,-2.2249672,0.045777034
33.62,-99.903145,3.5434403,0.68530726
33.64,44.315308,1.7808713,0.045777034
33.66,97.195404,2.5820389,0.045777034
33.68,-32.6012,-0.7828655,-0.114105515
33.7,-22.986637,2.261572,0.20565958
33.719997,-128.74683,-5.429638,0.045777034
33.739998,10.664334,0.33876932,-0.114105515
33.76,-22.986637,3.0627398,-0.114105515
33.78,34.700745,11.394884,-0.114105515
33.8,-42.215763,-11.678746,-0.114105515
33.82,34.700745,-9.275244,-0.2739881
33.84,-75.86674,4.024141,0.045777034
33.86,-42.215763,-3.5068357,-0.114105515
33.88,58.737152,4.825309,0.20565958
33.899998,53.92987,4.3446083,-0.114105515
33.92,20.278896,11.234652,0.20565958
33.94,34.700745,3.0627398,0.20565958
33.96,34.700745,1.4604042,-0.114105515
33.98,20.278896,-2.385201,-0.4338706
34.0,20.278896,-3.3466022,-0.114105515
34.02,-42.215763,-10.076411,0.045777034
34.04,-8.564792,-4.948938,-0.114105515
34.059998,-75.86674,-3.3466022,-0.4338706
34.079998,34.700745,5.145776,-0.114105515
34.1,29.893461,0.49900287,-0.2739881
34.12,-3.7575107,-9.59571,-0.59375316
34.14,10.664334,1.3001705,-0.114105515
34.16,92.38812,21.4896,0.36554214
34.18,-8.564792,3.0627398,0.045777034
34.2,-56.637608,-5.910339,-0.4338706
34.219997,-32.6012,-1.5840333,-0.59375316
34.239998,-3.7575107,2.5820389,-0.114105515
34.26,-22.986637,3.2229733,0.045777034
34.28,-27.793919,-3.026135,-0.4338706
34.3,106.80997,11.875586,0.045777034
34.32,-8.564792,-4.14777,-0.114105515
34.34,1.049771,-3.1863687,-0.114105515
34.36,29.893461,8.991381,0.045777034
34.38,1.049771,2.261572,-0.114105515
34.399998,87.58084,10.433483,-0.114105515
34.42,-119.13227,-8.794542,-0.4338706
34.44,10.664334,4.504842,-0.114105515
34.46,-61.44489,6.2674108,0.20565958
34.48,183.72647,12.196053,-0.114105515
34.5,25.08618,7.549279,-0.2739881
34.52,-22.986637,-8.153608,-0.4338706
34.54,25.08618,9.311849,0.045777034
34.559998,44.315308,4.9855423,-0.114105515
34.579998,10.664334,0.33876932,0.20565958
34.6,10.664334,-2.5454345,-0.114105515
34.62,-66.25217,-9.435476,0.045777034
34.64,82.77356,5.3060093,-0.114105515
34.66,-3.7575107,-1.1033326,-0.4338706
34.68,44.315308,11.875586,-0.59375316
34.7,-61.44489,-2.385201,-0.4338706
34.719997,58.737152,3.3832066,-0.2739881
34.739998,10.664334,11.074417,0.20565958
34.76,-8.564792,-1.9045002,-0.114105515
34.78,-61.44489,-3.5068357,-0.4338706
34.8,-51.830326,-5.910339,-0.2739881
34.82,87.58084,-2.0647337,-0.2739881
34.84,-3.7575107,-2.7056682,-0.2739881
34.86,5.857053,5.466243,0.045777034
34.88,111.61725,4.184375,-0.114105515
34.899998,73.159,16.842825,0.045777034
34.92,-8.564792,0.9797035,0.045777034
34.94,-32.6012,-8.313842,-0.2739881
34.96,25.08618,-1.4237996,-0.114105515
34.98,29.893461,2.5820389,0.045777034
35.0,-3.7575107,8.670914,-0.114105515
35.02,10.664334,-0.9430991,0.045777034
35.04,111.61725,2.902506,-0.4338706
35.059998,-3.7575107,-1.5840333,-0.114105515
35.079998,-157.59052,-9.275244,-0.4338706
35.1,29.893461,7.8697467,-0.2739881
35.12,-32.6012,-1.7442669,-0.2739881
35.14,58.737152,-1.2635663,-0.114105515
35.16,87.58084,3.0627398,0.045777034
35.18,-3.7575107,-5.429638,0.045777034
35.2,10.664334,3.3832066,0.5254247
35.219997,20.278896,1.9411048,0.045777034
35.239998,-22.986637,-1.7442669,-0.4338706
35.26,-42.215763,3.5434403,-0.114105515
35.28,92.38812,11.074417,0.045777034
35.3,-56.637608,-2.385201,-0.59375316
35.32,-47.023045,-0.46239844,0.045777034
35.34,25.08618,3.5434403,0.20565958
35.36,-85.48129,-3.6670694,-0.4338706
35.38,-13.372073,-3.1863687,-0.114105515
35.399998,106.80997,4.3446083,-0.114105515
35.42,-56.637608,0.81947,-0.114105515
35.44,34.700745,0.33876932,-0.4338706
35.46,-8.564792,-6.230806,-0.7536357
35.48,53.92987,8.190214,-0.114105515
35.5,-95.09586,-11.83898,-0.114105515
35.52,-22.986637,1.4604042,0.045777034
35.54,-138.36139,0.81947,-0.114105515
35.559998,-27.793919,-19.850657,-0.4338706
35.579998,15.471616,5.3060093,0.20565958
35.6,-95.09586,-11.358279,-0.114105515
35.62,-27.793919,-8.313842,0.045777034
35.64,5.857053,-4.14777,-0.114105515
35.66,1.049771,9.151615,0.20565958
35.68,-37.40848,-4.6284704,-0.2739881
35.7,29.893461,9.151615,0.20565958
35.719997,-42.215763,5.9469438,-0.114105515
35.739998,-71.05945,-6.711507,-0.2739881
35.76,-27.793919,13.638155,0.68530726
35.78,15.471616,-1.5840333,0.045777034
35.8,5.857053,2.261572,0.045777034
35.82,15.471616,7.3890457,-0.114105515
35.84,49.122585,0.9797035,-0.4338706
35.86,77.96628,15.72119,0.5254247
35.88,-27.793919,-2.7056682,0.5254247
35.899998,10.664334,1.7808713,0.36554214
35.92,20.278896,-1.7442669,0.20565958
35.94,25.08618,-1.4237996,0.045777034
35.96,-104.71042,-7.192207,0.20565958
35.98,-27.793919,-0.62263197,0.045777034
36.0,15.471616,11.234652,0.5254247
36.02,39.508022,2.4218054,0.045777034
36.04,20.278896,7.8697467,0.36554214
36.059998,-8.564792,-0.14193134,0.045777034
36.079998,34.700745,0.17853576,0.5254247
36.1,-47.023045,-2.385201,0.045777034
36.12,34.700745,4.184375,0.36554214
36.14,-32.6012,-5.2694044,0.20565958
36.16,5.857053,3.0627398,0.5254247
36.18,-47.023045,-4.14777,0.045777034
36.2,1.049771,-7.352441,-0.114105515
36.219997,-27.793919,-6.0705724,0.045777034
36.239998,34.700745,-4.3080034,0.5254247
36.26,-42.215763,1.9411048,0.36554214
36.28,25.08618,7.3890457,0.20565958
36.3,20.278896,0.17853576,0.045777034
36.32,53.92987,-0.62263197,-0.114105515
36.34,-56.637608,-4.7887044,-0.114105515
36.36,1.049771,0.17853576,0.045777034
36.38,10.664334,0.9797035,0.20565958
36.399998,-13.372073,-11.999213,-0.114105515
36.42,29.893461,-7.993375,-0.114105515
36.44,-13.372073,-6.230806,-0.2739881
36.46,97.195404,-3.5068357,-0.114105515
36.48,-47.023045,1.3001705,0.20565958
36.5,25.08618,9.952783,0.36554214
36.52,49.122585,-5.7501054,0.20565958
36.54,44.315308,6.1071773,0.20565958
36.559998,-8.564792,3.2229733,0.20565958
36.579998,44.315308,6.7481112,0.5254247
36.6,34.700745,-3.827303,-0.4338706
36.62,10.664334,5.466243,0.20565958
36.64,-47.023045,-2.5454345,0.36554214
36.66,15.471616,-0.46239844,0.20565958
36.68,5.857053,0.49900287,0.20565958
36.7,44.315308,7.549279,0.20565958
36.719997,44.315308,4.9855423,0.20565958
36.739998,29.893461,-2.2249672,0.20565958
36.76,-47.023045,-5.1091714,0.045777034
36.78,-3.7575107,-5.2694044,-0.114105515
36.8,-80.67402,1.4604042,0.20565958
36.82,-13.372073,-1.9045002,-0.114105515
36.84,39.508022,-0.14193134,0.20565958
36.86,-37.40848,-0.30216488,0.045777034
36.88,1.049771,2.5820389,-0.114105515
36.899998,-13.372073,0.17853576,0.20565958
36.92,5.857053,0.49900287,0.045777034
36.94,-27.793919,-3.026135,-0.114105515
36.96,-42.215763,-7.672908,-0.4338706
36.98,-128.74683,-4.468237,0.045777034
37.0,39.508022,-2.8659017,-0.2739881
37.02,-22.986637,-5.910339,-0.114105515
37.04,10.664334,7.8697467,-0.2739881
37.059998,1.049771,-2.2249672,-0.2739881
37.079998,-66.25217,-1.5840333,0.20565958
37.1,34.700745,-13.441315,-0.2739881
37.12,5.857053,3.5434403,-0.114105515
37.14,15.471616,-3.827303,-0.4338706
37.16,222.18472,-3.827303,-0.2739881
37.18,-71.05945,-3.3466022,-0.2739881
37.2,15.471616,-1.4237996,-0.2739881
37.219997,-22.986637,-22.254158,-0.7536357
37.239998,-114.32499,-4.6284704,-0.114105515
37.26,49.122585,8.190214,0.045777034
37.28,92.38812,23.572638,0.36554214
37.3,44.315308,2.7422726,-0.114105515
37.32,-71.05945,-3.827303,-0.114105515
37.34,-56.637608,12.51652,0.36554214
37.36,39.508022,-3.9875362,-0.59375316
37.38,1.049771,0.018302217,-0.114105515
37.399998,73.159,-4.14777,-0.2739881
37.42,-66.25217,-6.711507,-0.59375316
37.44,-66.25217,7.709513,0.045777034
37.46,-47.023045,-5.2694044,-0.4338706
37.48,-51.830326,-0.62263197,-0.4338706
37.5,-8.564792,6.5878778,-0.4338706
37.52,5.857053,11.234652,0.045777034
37.54,20.278896,-4.468237,-0.114105515
37.559998,106.80997,-5.2694044,-0.59375316
37.579998,1.049771,-0.30216488,-0.114105515
37.6,212.57016,26.296606,0.5254247
37.62,-27.793919,0.81947,-0.2739881
37.64,-75.86674,3.7036738,-0.2739881
37.66,-22.986637,3.8639073,-0.2739881
37.68,-27.793919,-8.313842,-0.2739881
37.7,116.42453,7.549279,-0.2739881
37.719997,5.857053,3.7036738,-0.114105515
37.739998,15.471616,0.33876932,-0.114105515
37.76,1.049771,-6.8717403,-0.59375316
37.78,178.91919,16.362125,-0.114105515
37.8,-128.74683,-17.76762,-0.7536357
37.82,5.857053,-7.0319734,-0.2739881
37.84,-27.793919,7.8697467,0.20565958
37.86,-80.67402,-10.076411,-0.59375316
37.879997,1.049771,-1.5840333,-0.4338706
37.899998,-3.7575107,1.139937,-0.2739881
37.92,-32.6012,1.9411048,-0.114105515
37.94,-13.372073,-8.794542,-0.114105515
37.96,-51.830326,3.7036738,0.045777034
37.98,-3.7575107,-9.115009,-0.2739881
38.0,-99.903145,-5.7501054,-0.2739881
38.02,-71.05945,2.4218054,-0.2739881
38.04,97.195404,0.6592364,-0.114105515
38.059998,44.315308,5.3060093,-0.114105515
38.079998,-80.67402,-15.364117,-0.2739881
38.1,10.664334,1.139937,-0.2739881
38.12,-8.564792,4.184375,0.36554214
38.14,15.471616,7.3890457,0.20565958
38.16,-51.830326,0.33876932,0.045777034
38.18,-99.903145,-9.275244,0.045777034
38.2,97.195404,-7.5126743,-0.4338706
38.219997,63.54443,-3.5068357,-0.2739881
38.239998,44.315308,5.9469438,0.5254247
38.26,20.278896,-1.5840333,0.045777034
38.28,-8.564792,9.311849,0.5254247
38.3,20.278896,5.3060093,0.36554214
38.32,29.893461,-2.2249672,0.045777034
38.34,92.38812,3.7036738,0.045777034
38.36,58.737152,1.139937,0.045777034
38.379997,-13.372073,-0.62263197,-0.4338706
38.399998,-75.86674,-1.9045002,0.5254247
38.42,5.857053,-2.2249672,-0.114105515
38.44,-13.372073,7.549279,0.36554214
38.46,-167.20508,-9.115009,-0.114105515
38.48,77.96628,1.3001705,0.20565958
38.5,-80.67402,3.0627398,0.20565958
38.52,-32.6012,-2.5454345,-0.114105515
38.54,29.893461,-0.7828655,0.045777034
38.559998,63.54443,7.549279,0.045777034
38.579998,-47.023045,-10.076411,-0.2739881
38.6,-42.215763,-4.14777,-0.2739881
38.62,-51.830326,-7.672908,-0.4338706
38.64,34.700745,4.6650753,-0.4338706
38.66,68.35171,0.018302217,-0.2739881
38.68,-3.7575107,0.6592364,-0.2739881
38.7,44.315308,11.715352,0.045777034
38.719997,-3.7575107,10.27325,-0.114105515
38.739998,1.049771,-1.5840333,-0.2739881
38.76,44.315308,-7.993375,-0.7536357
38.78,15.471616,-2.2249672,-0.114105515
38.8,68.35171,1.7808713,0.045777034
38.82,-18.179356,4.3446083,0.20565958
38.84,5.857053,2.7422726,0.20565958
38.86,58.737152,5.6264763,-0.114105515
38.879997,-3.7575107,-7.192207,-0.2739881
38.899998,1.049771,-2.8659017,-0.114105515
38.92,-27.793919,5.466243,-0.2739881
38.94,-8.564792,-3.6670694,-0.4338706
38.96,-22.986637,-3.026135,-0.2739881
38.98,15.471616,8.670914,0.045777034
39.0,5.857053,-4.3080034,-0.59375316
39.02,-42.215763,-6.0705724,-0.114105515
39.04,87.58084,16.52236,-0.2739881
39.059998,44.315308,-1.4237996,-0.114105515
39.079998,-8.564792,-1.4237996,-0.4338706
39.1,25.08618,9.792548,-0.114105515
39.12,-90.288574,-11.678746,-0.2739881
39.14,-8.564792,0.81947,-0.2739881
39.16,-37.40848,-3.1863687,-0.2739881
39.18,68.35171,5.466243,-0.2739881
39.2,-27.793919,-1.9045002,-0.114105515
39.219997,-8.564792,-11.518513,0.045777034
39.239998,-119.13227,3.5434403,0.045777034
39.26,-18.179356,-2.7056682,-0.2739881
39.28,-80.67402,-7.192207,-0.4338706
39.3,25.08618,4.184375,0.045777034
39.32,44.315308,5.145776,0.045777034
39.34,-47.023045,-5.429638,-0.114105515
39.36,29.893461,-0.46239844,0.045777034
39.379997,39.508022,1.6206378,0.045777034
39.399998,-32.6012,-4.14777,-0.4338706
39.42,5.857053,-0.30216488,-0.2739881
39.44,-3.7575107,4.825309,-0.114105515
39.46,-3.7575107,-13.281082,-0.2739881
39.48,53.92987,8.02998,-0.4338706
39.5,58.737152,3.8639073,0.045777034
39.52,-95.09586,-5.1091714,-0.4338706
39.54,15.471616,4.024141,-0.2739881
39.559998,-3.7575107,7.3890457,0.20565958
39.579998,-3.7575107,10.113016,-0.114105515
39.6,-75.86674,0.9797035,-0.114105515
39.62,10.664334,-3.3466022,-0.2739881
39.64,-3.7575107,-3.026135,-0.114105515
39.66,68.35171,4.825309,-0.2739881
39.68,53.92987,14.759789,0.20565958
39.7,-123.93955,-8.954777,-0.114105515
39.719997,-75.86674,-6.711507,-0.4338706
39.739998,-22.986637,4.825309,-0.4338706
39.76,73.159,16.52236,0.20565958
39.78,-32.6012,2.7422726,-0.114105515
39.8,-109.5177,-4.6284704,-0.2739881
39.82,-8.564792,-1.9045002,-0.114105515
39.84,-8.564792,-4.948938,-0.4338706
39.86,178.91919,9.952783,-0.114105515
39.879997,-66.25217,-2.0647337,-0.2739881
39.899998,-32.6012,-1.7442669,-0.2739881
39.92,-162.3978,-5.910339,0.20565958
39.94,10.664334,4.825309,0.045777034
39.96,135.65366,23.252169,0.36554214
39.98,77.96628,-0.30216488,-0.114105515
40.0,58.737152,-1.7442669,-0.114105515
40.02,-27.793919,2.902506,0.36554214
40.04,-27.793919,-8.474075,-0.2739881
40.059998,20.278896,1.9411048,-0.2739881
40.079998,-66.25217,-0.7828655,-0.114105515
40.1,20.278896,1.6206378,0.045777034
40.12,-90.288574,-9.59571,-0.2739881
40.14,-47.023045,-10.076411,-0.4338706
40.16,-42.215763,-2.5454345,-0.114105515
40.18,49.122585,-6.8717403,-0.2739881
40.2,1.049771,7.3890457,0.20565958
40.219997,29.893461,-4.468237,-0.7536357
40.239998,-13.372073,-7.993375,-0.59375316
40.26,-32.6012,-0.14193134,-0.114105515
40.28,-56.637608,-9.435476,0.045777034
40.3,-18.179356,4.184375,-0.4338706
40.32,1.049771,-0.46239844,-0.114105515
40.34,87.58084,13.958622,0.20565958
40.36,49.122585,2.4218054,-0.2739881
40.379997,-22.986637,-7.352441,-0.59375316
40.399998,29.893461,-2.385201,-0.114105515
40.42,63.54443,13.638155,0.045777034
40.44,-42.215763,-6.230806,-0.114105515
40.46,-32.6012,4.6650753,0.045777034
40.48,-18.179356,-3.827303,-0.114105515
40.5,-18.179356,2.1013381,-0.114105515
40.52,-32.6012,3.0627398,-0.114105515
40.54,15.471616,4.184375,-0.114105515
40.559998,15.471616,3.0627398,-0.114105515
40.579998,-3.7575107,-4.7887044,-0.59375316
40.6,-47.023045,-15.684585,-0.2739881
40.62,-22.986637,-1.9045002,-0.2739881
40.64,-18.179356,-5.1091714,-0.59375316
40.66,20.278896,8.510681,-0.4338706
40.68,-104.71042,-2.8659017,-0.59375316
40.7,20.278896,4.024141,-0.2739881
40.719997,-42.215763,0.6592364,-0.2739881
40.739998,-37.40848,-12.479914,-0.2739881
40.76,82.77356,8.991381,-0.2739881
40.78,5.857053,-6.3910394,-0.59375316
40.8,25.08618,4.9855423,-0.2739881
40.82,68.35171,17.96446,0.045777034
40.84,44.315308,0.018302217,-0.2739881
40.86,-56.637608,7.0685787,0.20565958
40.879997,-22.986637,-8.634309,-0.59375316
40.899998,5.857053,0.018302217,-0.114105515
40.92,49.122585,-1.2635663,-0.2739881
40.94,1.049771,-10.396878,-0.4338706
40.96,-18.179356,11.234652,0.20565958
40.98,5.857053,-3.9875362,-0.114105515
41.0,-22.986637,-0.46239844,0.045777034
41.02,1.049771,-5.2694044,-0.114105515
41.04,53.92987,3.7036738,0.045777034
41.059998,49.122585,-7.833141,-0.59375316
41.079998,-22.986637,6.5878778,0.045777034
41.1,20.278896,-4.468237,-0.114105515
41.12,34.700745,10.27325,0.20565958
41.14,-18.179356,-3.5068357,0.20565958
41.16,-8.564792,-3.5068357,-0.114105515
41.18,-152.78323,-13.761782,-0.114105515
41.2,-95.09586,-11.358279,-0.2739881
41.219997,-56.637608,5.6264763,0.045777034
41.239998,5.857053,-1.9045002,0.045777034
41.26,-114.32499,-8.954777,-0.114105515
41.28,-27.793919,3.8639073,0.36554214
41.3,34.700745,-1.1033326,-0.2739881
41.32,-90.288574,3.5434403,0.20565958
41.34,-95.09586,-10.396878,-0.114105515
41.36,-18.179356,-0.9430991,-0.114105515
41.379997,-13.372073,0.17853576,0.045777034
41.399998,-61.44489,1.139937,0.045777034
41.42,25.08618,8.670914,0.045777034
41.44,1.049771,2.1013381,0.045777034
41.46,-22.986637,1.6206378,0.045777034
41.48,-51.830326,-3.026135,0.20565958
41.5,-47.023045,3.7036738,0.045777034
41.52,-61.44489,6.1071773,0.5254247
41.54,-104.71042,-11.518513,-0.114105515
41.559998,-13.372073,-0.9430991,-0.2739881
41.579998,-18.179356,-6.5512733,-0.114105515
41.6,44.315308,-2.5454345,-0.114105515
41.62,-123.93955,6.1071773,0.68530726
41.64,25.08618,1.7808713,0.045777034
41.66,49.122585,-1.5840333,-0.114105515
41.68,-32.6012,9.311849,0.20565958
41.7,-42.215763,-11.999213,-0.4338706
41.719997,10.664334,7.3890457,0.20565958
41.739998,-61.44489,-6.0705724,0.045777034
41.76,-85.48129,-2.8659017,0.045777034
41.78,-56.637608,-3.3466022,0.045777034
41.8,-56.637608,2.1013381,0.5254247
41.82,-27.793919,-5.1091714,-0.114105515
41.84,68.35171,0.49900287,0.36554214
41.86,5.857053,-6.230806,0.20565958
41.879997,-47.023045,4.3446083,0.20565958
41.899998,-22.986637,5.78671,0.20565958
41.92,-22.986637,4.3446083,-0.114105515
41.94,58.737152,6.4276443,0.045777034
41.96,20.278896,2.4218054,0.045777034
41.98,-90.288574,-11.358279,0.045777034
42.0,29.893461,-3.5068357,-0.114105515
42.02,-27.793919,-0.62263197,-0.4338706
42.04,87.58084,15.080256,0.36554214
42.059998,53.92987,5.145776,0.045777034
42.079998,15.471616,3.5434403,0.36554214
42.1,10.664334,-5.910339,0.045777034
42.12,25.08618,-6.5512733,-0.2739881
42.14,5.857053,1.6206378,0.36554214
42.16,-13.372073,-2.5454345,0.045777034
42.18,53.92987,-1.2635663,0.20565958
42.2,-18.179356,6.5878778,0.36554214
42.219997,20.278896,-4.14777,-0.114105515
42.239998,44.315308,0.49900287,0.20565958
42.26,-3.7575107,2.902506,0.20565958
42.28,44.315308,0.49900287,-0.114105515
42.3,-18.179356,-1.7442669,-0.114105515
42.32,5.857053,2.5820389,0.045777034
42.34,68.35171,-1.5840333,0.045777034
42.36,63.54443,-0.30216488,-0.114105515
42.379997,44.315308,-0.46239844,0.045777034
42.399998,126.0391,11.234652,0.68530726
42.42,-85.48129,-10.717345,0.045777034
42.44,116.42453,5.6264763,0.045777034
42.46,-66.25217,-2.385201,0.20565958
42.48,-128.74683,-0.46239844,0.20565958
42.5,-37.40848,-9.916177,-0.114105515
42.52,1.049771,1.6206378,0.045777034
42.54,44.315308,-3.5068357,0.045777034
42.559998,-13.372073,14.439322,0.5254247
42.579998,25.08618,-3.026135,-0.4338706
42.6,135.65366,14.279089,0.36554214
42.62,-176.81964,-7.0319734,0.20565958
42.64,-22.986637,-6.3910394,-0.2739881
42.66,82.77356,6.5878778,0.20565958
42.68,-71.05945,-0.9430991,0.045777034
42.7,34.700745,-9.435476,-0.114105515
42.719997,-8.564792,0.49900287,0.5254247
42.739998,10.664334,-0.46239844,0.20565958
42.76,29.893461,5.466243,0.20565958
42.78,82.77356,-1.4237996,0.20565958
42.8,-18.179356,0.17853576,0.20565958
42.82,193.34105,11.715352,0.20565958
42.84,-37.40848,-3.1863687,0.36554214
42.86,-61.44489,-4.14777,0.5254247
42.879997,193.34105,13.477921,0.5254247
42.899998,-18.179356,4.024141,0.5254247
42.92,-22.986637,-2.2249672,0.36554214
42.94,-18.179356,16.362125,1.3248374
42.96,34.700745,1.4604042,0.36554214
42.98,10.664334,-6.230806,0.045777034
43.0,-133.55412,-10.076411,0.36554214
43.02,-51.830326,-0.62263197,0.5254247
43.04,73.159,6.2674108,0.68530726
43.059998,-32.6012,9.151615,0.5254247
43.079998,49.122585,3.8639073,0.5254247
43.1,-42.215763,-5.7501054,0.5254247
43.12,44.315308,-1.4237996,0.20565958
43.14,135.65366,9.311849,0.5254247
43.16,-71.05945,-9.435476,0.5254247
43.18,39.508022,1.6206378,0.5254247
43.2,-3.7575107,7.8697467,1.0050724
43.219997,-3.7575107,2.261572,0.68530726
43.239998,-42.215763,3.5434403,0.5254247
43.26,10.664334,-12.31968,0.20565958
43.28,116.42453,3.8639073,0.68530726
43.3,39.508022,2.7422726,0.68530726
43.32,-8.564792,3.5434403,0.5254247
43.34,73.159,5.9469438,0.36554214
43.36,-95.09586,-17.76762,0.20565958
43.379997,-104.71042,-5.429638,0.68530726
43.399998,-37.40848,-2.7056682,0.68530726
43.42,29.893461,0.9797035,0.045777034
43.44,63.54443,9.151615,0.20565958
43.46,-22.986637,-4.6284704,0.045777034
43.48,-13.372073,-2.2249672,0.20565958
43.5,-61.44489,-13.761782,-0.114105515
43.52,-47.023045,3.0627398,0.20565958
43.54,53.92987,1.9411048,0.5254247
43.559998,49.122585,-3.9875362,0.36554214
43.579998,-13.372073,-5.589872,0.20565958
43.6,-22.986637,0.9797035,0.20565958
43.62,34.700745,4.3446083,0.5254247
43.64,174.11191,7.3890457,0.20565958
43.66,-13.372073,0.018302217,0.20565958
43.68,-51.830326,-11.83898,0.045777034
43.7,-13.372073,0.81947,0.20565958
43.719997,49.122585,8.510681,0.5254247
43.739998,63.54443,0.33876932,0.36554214
43.76,1.049771,-1.4237996,0.5254247
43.78,1.049771,-4.948938,0.5254247
43.8,15.471616,3.5434403,0.5254247
43.82,10.664334,-8.474075,-0.114105515
43.84,-56.637608,-7.192207,0.5254247
43.86,1.049771,0.17853576,0.20565958
43.879997,53.92987,-0.9430991,0.20565958
43.899998,15.471616,4.184375,0.20565958
43.92,-3.7575107,2.902506,0.68530726
43.94,49.122585,10.914185,0.045777034
43.96,-95.09586,-9.115009,0.36554214
43.98,25.08618,6.2674108,0.68530726
44.0,174.11191,17.00306,0.20565958
44.02,20.278896,0.81947,0.5254247
44.04,49.122585,4.9855423,0.20565958
44.059998,5.857053,13.317687,0.68530726
44.079998,-13.372073,-3.6670694,0.5254247
44.1,-13.372073,-2.385201,0.20565958
44.12,-95.09586,-9.755944,0.20565958
44.14,140.46094,0.9797035,0.20565958
44.16,5.857053,0.81947,0.68530726
44.18,87.58084,21.169132,0.8451898
44.2,68.35171,1.6206378,0.5254247
44.219997,116.42453,10.75395,0.8451898
44.239998,34.700745,-6.711507,0.68530726
44.26,-32.6012,3.0627398,0.68530726
44.28,25.08618,-2.8659017,0.20565958
44.3,-114.32499,-2.0647337,0.8451898
44.32,15.471616,2.261572,0.5254247
44.34,44.315308,-0.14193134,0.68530726
44.36,15.471616,-4.14777,0.5254247
44.379997,159.69006,25.49544,1.164955
44.399998,92.38812,2.1013381,0.8451898
44.42,39.508022,-1.5840333,0.68530726
44.44,-66.25217,-10.717345,0.20565958
44.46,63.54443,14.599556,1.164955
44.48,-3.7575107,-4.948938,0.20565958
44.5,68.35171,0.9797035,0.5254247
44.52,58.737152,2.902506,0.5254247
44.539997,111.61725,1.9411048,0.36554214
44.559998,15.471616,4.825309,0.8451898
44.579998,154.8828,23.412403,1.0050724
44.6,-13.372073,-1.4237996,0.045777034
44.62,-66.25217,-8.794542,0.045777034
44.64,-18.179356,-13.922015,0.20565958
44.66,53.92987,-7.993375,0.045777034
44.68,53.92987,0.17853576,0.5254247
44.7,-123.93955,-11.358279,0.5254247
44.719997,73.159,13.477921,1.0050724
44.739998,29.893461,4.825309,0.36554214
44.76,-75.86674,-12.31968,0.68530726
44.78,63.54443,3.7036738,0.68530726
44.8,1.049771,-0.7828655,0.8451898
44.82,-51.830326,0.17853576,0.68530726
44.84,102.002686,5.9469438,0.68530726
44.86,-27.793919,0.9797035,0.68530726
44.879997,126.0391,5.466243,0.8451898
44.899998,-18.179356,1.4604042,0.36554214
44.92,39.508022,0.81947,0.68530726
44.94,-42.215763,-3.1863687,0.045777034
44.96,130.84637,16.842825,0.5254247
44.98,-22.986637,1.139937,0.68530726
45.0,39.508022,4.6650753,0.68530726
45.02,49.122585,10.914185,0.8451898
45.039997,87.58084,13.317687,0.68530726
45.059998,29.893461,-2.8659017,0.5254247
45.079998,-32.6012,-1.5840333,0.5254247
45.1,15.471616,-11.83898,0.20565958
45.12,97.195404,11.875586,0.5254247
45.14,1.049771,8.831148,0.5254247
45.16,-61.44489,1.3001705,0.5254247
45.18,10.664334,1.4604042,0.5254247
45.2,29.893461,6.908345,0.68530726
45.219997,25.08618,-12.159447,0.20565958
45.239998,-90.288574,-9.755944,0.045777034
45.26,68.35171,-2.5454345,0.68530726
45.28,15.471616,-7.352441,0.36554214
45.3,-13.372073,4.024141,0.5254247
45.32,34.700745,1.3001705,0.20565958
45.34,102.002686,-11.518513,-0.114105515
45.36,10.664334,12.196053,0.5254247
45.379997,20.278896,16.041658,0.68530726
45.399998,-8.564792,4.6650753,0.68530726
45.42,-22.986637,-11.678746,0.20565958
45.44,-3.7575107,-3.1863687,0.20565958
45.46,-42.215763,-8.153608,-0.114105515
45.48,44.315308,-4.948938,0.20565958
45.5,15.471616,15.400723,0.5254247
45.52,164.49734,14.439322,0.68530726
45.539997,20.278896,1.7808713,0.8451898
45.559998,25.08618,-3.3466022,0.5254247
45.579998,-61.44489,3.8639073,0.8451898
45.6,-66.25217,-11.198046,0.045777034
45.62,135.65366,6.4276443,0.5254247
45.64,-13.372073,4.024141,0.5254247
45.66,25.08618,-4.468237,0.36554214
45.68,20.278896,0.9797035,0.36554214
45.7,15.471616,-3.9875362,-0.114105515
45.719997,-13.372073,-9.916177,0.36554214
45.739998,-8.564792,0.33876932,0.68530726
45.76,20.278896,9.952783,0.68530726
45.78,-133.55412,-2.7056682,0.5254247
45.8,49.122585,-3.6670694,0.5254247
45.82,39.508022,5.6264763,0.8451898
45.84,44.315308,0.49900287,0.8451898
45.86,92.38812,6.5878778,0.5254247
45.879997,-167.20508,-6.230806,0.5254247
45.899998,-8.564792,-2.8659017,0.36554214
45.92,53.92987,1.4604042,0.045777034
45.94,44.315308,-4.6284704,0.36554214
45.96,5.857053,2.902506,0.5254247
45.98,29.893461,-5.910339,-0.114105515
46.0,-8.564792,13.958622,0.36554214
46.02,-8.564792,2.902506,0.68530726
46.039997,-80.67402,-1.5840333,0.20565958
46.059998,-22.986637,-14.723184,-0.2739881
46.079998,53.92987,6.1071773,0.5254247
46.1,-47.023045,-6.230806,0.5254247
46.12,-133.55412,-23.536026,0.20565958
46.14,-109.5177,-1.5840333,0.045777034
46.16,159.69006,8.350447,0.36554214
46.18,-176.81964,-0.62263197,0.20565958
46.2,53.92987,-3.5068357,0.045777034
46.219997,44.315308,-1.5840333,0.36554214
46.239998,53.92987,2.7422726,0.045777034
46.26,198.14832,7.228812,0.5254247
46.28,-104.71042,-7.192207,0.045777034
46.3,34.700745,3.8639073,0.5254247
46.32,73.159,3.8639073,0.20565958
46.34,-22.986637,6.4276443,0.5254247
46.36,-22.986637,-2.2249672,0.5254247
46.379997,-27.793919,-8.474075,0.045777034
46.399998,159.69006,22.290768,0.36554214
46.42,-42.215763,2.902506,0.68530726
46.44,126.0391,1.4604042,-0.114105515
46.46,44.315308,6.7481112,0.5254247
46.48,-56.637608,1.6206378,0.5254247
46.5,10.664334,-0.14193134,0.5254247
46.52,25.08618,6.4276443,0.20565958
46.539997,15.471616,-1.7442669,-0.114105515
46.559998,-22.986637,-4.14777,-0.114105515
46.579998,-8.564792,1.9411048,0.20565958
46.6,-47.023045,0.6592364,0.36554214
46.62,25.08618,2.7422726,0.20565958
46.64,34.700745,4.825309,0.045777034
46.66,-80.67402,-2.8659017,-0.114105515
46.68,29.893461,-0.9430991,0.20565958
46.7,-8.564792,-3.827303,0.045777034
46.719997,-143.16867,-6.711507,0.20565958
46.739998,39.508022,2.1013381,0.20565958
46.76,-109.5177,-13.441315,0.045777034
46.78,135.65366,-6.8717403,0.045777034
46.8,-56.637608,-0.46239844,0.045777034
46.82,-27.793919,-12.31968,0.20565958
46.84,-13.372073,-10.877579,0.20565958
46.86,15.471616,3.8639073,0.20565958
46.879997,5.857053,18.124695,0.8451898
46.899998,-22.986637,4.184375,0.5254247
46.92,44.315308,-6.0705724,0.20565958
46.94,29.893461,4.3446083,0.68530726
46.96,-13.372073,-5.429638,0.20565958
46.98,-71.05945,-26.740696,-0.2739881
47.0,53.92987,0.6592364,0.68530726
47.02,-42.215763,-3.6670694,0.20565958
47.039997,-123.93955,-11.678746,0.045777034
47.059998,-99.903145,2.1013381,0.20565958
47.079998,34.700745,0.17853576,0.36554214
47.1,-3.7575107,-0.30216488,0.68530726
47.12,106.80997,17.163294,0.5254247
47.14,1.049771,3.0627398,1.0050724
47.16,58.737152,-3.3466022,0.045777034
47.18,-99.903145,3.7036738,0.8451898
47.2,5.857053,0.49900287,0.36554214
47.219997,-18.179356,-6.5512733,0.5254247
47.239998,63.54443,0.9797035,0.5254247
47.26,169.30463,22.931702,1.3248374
47.28,-61.44489,-5.910339,0.20565958
47.3,-51.830326,-0.9430991,0.8451898
47.32,-22.986637,-3.9875362,0.20565958
47.34,29.893461,5.145776,1.0050724
47.36,-37.40848,-17.286919,0.20565958
47.379997,-61.44489,-8.954777,0.20565958
47.399998,-8.564792,6.908345,0.68530726
47.42,-61.44489,-10.076411,0.20565958
47.44,20.278896,4.9855423,0.8451898
47.46,102.002686,13.958622,0.8451898
47.48,-157.59052,7.8697467,0.8451898
47.5,-22.986637,-4.948938,0.5254247
47.52,1.049771,-2.8659017,0.5254247
47.539997,77.96628,-0.9430991,0.36554214
47.559998,29.893461,-7.352441,0.36554214
47.579998,-51.830326,-9.435476,-0.114105515
47.6,44.315308,6.1071773,0.20565958
47.62,44.315308,-0.9430991,0.20565958
47.64,-75.86674,-3.3466022,0.8451898
47.66,193.34105,20.848665,0.8451898
47.68,-27.793919,-5.1091714,0.5254247
47.7,34.700745,-1.5840333,0.68530726
47.719997,-22.986637,8.670914,1.164955
47.739998,140.46094,17.643993,0.68530726
47.76,5.857053,-1.2635663,0.36554214
47.78,-13.372073,-13.281082,-0.4338706
47.8,10.664334,10.433483,0.68530726
47.82,-61.44489,-6.5512733,0.68530726
47.84,29.893461,11.074417,0.5254247
47.86,44.315308,-3.3466022,0.5254247
47.879997,20.278896,13.157454,1.164955
47.899998,20.278896,1.139937,0.36554214
47.92,-99.903145,-7.5126743,0.68530726
47.94,77.96628,4.184375,0.36554214
47.96,34.700745,2.1013381,0.36554214
47.98,-95.09586,-9.435476,0.36554214
48.0,1.049771,1.3001705,0.5254247
48.02,68.35171,-10.877579,0.045777034
48.039997,63.54443,5.145776,0.5254247
48.059998,-32.6012,-1.1033326,0.5254247
48.079998,-85.48129,-10.396878,0.20565958
48.1,39.508022,-4.948938,0.36554214
48.12,-95.09586,-1.5840333,0.5254247
48.14,-109.5177,-20.331356,0.20565958
48.16,-27.793919,-11.037811,0.045777034
48.18,-75.86674,-13.601548,-0.114105515
48.2,5.857053,2.261572,0.5254247
48.219997,-186.4342,-10.076411,0.20565958
48.239998,53.92987,1.6206378,0.045777034
48.26,10.664334,8.510681,0.5254247
48.28,-47.023045,-12.800381,0.36554214
48.3,-13.372073,-8.794542,-0.114105515
48.32,-99.903145,-13.922015,0.045777034
48.34,-8.564792,1.139937,0.20565958
48.36,68.35171,-11.358279,-0.2739881
48.379997,44.315308,-3.5068357,-0.114105515
48.399998,25.08618,3.3832066,0.20565958
48.42,-80.67402,-2.5454345,0.045777034
48.44,73.159,-0.30216488,0.20565958
48.46,-18.179356,-4.14777,0.045777034
48.48,29.893461,-0.46239844,0.5254247
48.5,34.700745,-1.2635663,0.20565958
48.52,5.857053,6.7481112,0.5254247
48.539997,-51.830326,12.676753,0.68530726
48.559998,-22.986637,0.6592364,0.5254247
48.579998,1.049771,3.5434403,0.68530726
48.6,49.122585,-2.0647337,0.045777034
48.62,39.508022,1.4604042,0.5254247
48.64,-13.372073,-9.115009,0.36554214
48.66,-47.023045,-0.30216488,0.68530726
48.68,34.700745,3.0627398,0.68530726
48.7,97.195404,9.472081,0.20565958
48.719997,34.700745,2.902506,0.5254247
48.739998,15.471616,3.3832066,0.68530726
48.76,-51.830326,-9.435476,0.68530726
48.78,-3.7575107,6.2674108,0.5254247
48.8,-51.830326,-1.4237996,0.5254247
48.82,73.159,-2.2249672,0.5254247
48.84,25.08618,-2.0647337,0.045777034
48.86,-114.32499,-10.396878,0.20565958
48.879997,53.92987,-3.827303,0.5254247
48.899998,-13.372073,3.8639073,0.5254247
48.92,-18.179356,0.17853576,0.36554214
48.94,15.471616,1.139937,0.5254247
48.96,-22.986637,-3.5068357,0.20565958
48.98,10.664334,6.5878778,0.5254247
49.0,49.122585,-0.30216488,0.8451898
49.02,-18.179356,6.2674108,0.68530726
49.039997,92.38812,2.902506,0.8451898
49.059998,44.315308,-3.026135,0.68530726
49.079998,-8.564792,-2.385201,1.0050724
49.1,-61.44489,1.9411048,1.164955
49.12,-32.6012,2.1013381,0.68530726
49.14,106.80997,6.1071773,1.0050724
49.16,15.471616,-7.0319734,0.20565958
49.18,15.471616,2.261572,0.68530726
49.2,44.315308,11.234652,0.68530726
49.219997,25.08618,0.6592364,0.20565958
49.239998,29.893461,3.5434403,0.20565958
49.26,-47.023045,-6.0705724,0.20565958
49.28,1.049771,-1.1033326,0.68530726
49.3,-3.7575107,0.018302217,0.20565958
49.32,-51.830326,-7.5126743,0.045777034
49.34,20.278896,-1.4237996,0.5254247
49.36,92.38812,-8.634309,-0.114105515
49.379997,-27.793919,-3.026135,0.045777034
49.399998,-75.86674,-0.62263197,0.68530726
49.42,39.508022,4.9855423,0.5254247
49.44,102.002686,13.958622,0.5254247
49.46,5.857053,4.024141,0.68530726
49.48,58.737152,11.875586,0.8451898
49.5,-3.7575107,6.2674108,0.68530726
49.52,-37.40848,4.024141,0.5254247
49.539997,15.471616,-18.889254,0.045777034
49.559998,49.122585,-0.7828655,0.20565958
49.579998,-56.637608,-2.2249672,0.36554214
49.6,-229.69974,-7.993375,0.68530726
49.62,5.857053,-4.468237,0.045777034
49.64,-3.7575107,-1.1033326,0.20565958
49.66,97.195404,12.035819,0.68530726
49.68,1.049771,-4.6284704,0.20565958
49.7,25.08618,1.7808713,0.5254247
49.719997,-90.288574,9.472081,0.68530726
49.739998,77.96628,7.0685787,0.5254247
49.76,-37.40848,-2.5454345,0.68530726
49.78,-13.372073,1.7808713,0.5254247
49.8,39.508022,-1.4237996,0.20565958
49.82,20.278896,6.2674108,0.36554214
49.84,1.049771,-3.5068357,0.36554214
49.86,-123.93955,-3.9875362,0.5254247
49.879997,-8.564792,0.6592364,0.68530726
49.899998,92.38812,7.228812,0.5254247
49.92,-47.023045,7.709513,0.36554214
49.94,29.893461,-1.2635663,0.20565958
49.96,20.278896,23.893103,0.68530726
49.98,1.049771,1.3001705,0.5254247
50.0,29.893461,1.7808713,0.36554214
50.02,5.857053,-3.6670694,0.5254247
50.039997,-71.05945,12.356286,1.3248374
50.059998,34.700745,11.394884,1.0050724
50.079998,58.737152,4.504842,0.20565958
50.1,-61.44489,-8.153608,0.20565958
50.12,-8.564792,5.9469438,0.68530726
50.14,29.893461,4.184375,0.5254247
50.16,15.471616,-9.435476,0.5254247
50.18,-3.7575107,2.1013381,1.0050724
50.2,15.471616,-1.9045002,0.5254247
50.219997,20.278896,2.5820389,0.20565958
50.239998,44.315308,-4.3080034,0.68530726
50.26,53.92987,6.5878778,0.68530726
50.28,10.664334,-4.6284704,0.045777034
50.3,140.46094,10.75395,0.68530726
50.32,-32.6012,1.9411048,0.5254247
50.34,-104.71042,-8.153608,0.5254247
50.36,-27.793919,-1.2635663,0.68530726
50.379997,150.0755,-7.833141,0.045777034
50.399998,-56.637608,-5.1091714,0.36554214
50.42,-61.44489,-10.076411,0.045777034
50.44,130.84637,4.024141,0.5254247
50.46,-47.023045,2.5820389,0.36554214
50.48,58.737152,1.6206378,0.36554214
50.5,111.61725,14.759789,0.8451898
50.52,-8.564792,8.02998,0.68530726
50.539997,111.61725,10.593717,0.5254247
50.559998,15.471616,1.7808713,0.5254247
50.579998,20.278896,1.3001705,0.5254247
50.6,121.23181,1.9411048,0.68530726
50.62,49.122585,-2.5454345,0.36554214
50.64,154.8828,18.284927,1.0050724
50.66,130.84637,2.261572,0.5254247
50.68,82.77356,7.3890457,0.8451898
50.7,-22.986637,-18.889254,0.20565958
50.719997,-18.179356,0.018302217,0.68530726
50.739998,25.08618,-2.5454345,0.36554214
50.76,-27.793919,1.4604042,0.5254247
50.78,25.08618,2.4218054,0.68530726
50.8,121.23181,4.6650753,0.8451898
50.82,82.77356,-3.827303,0.68530726
50.84,5.857053,3.2229733,0.68530726
50.86,-13.372073,-4.948938,0.20565958
50.879997,-75.86674,0.018302217,0.5254247
50.899998,-3.7575107,-6.230806,0.68530726
50.92,10.664334,5.145776,0.5254247
50.94,25.08618,3.5434403,0.36554214
50.96,87.58084,8.510681,0.20565958
50.98,20.278896,-4.468237,0.045777034
51.0,-13.372073,-2.2249672,0.36554214
51.02,10.664334,-2.385201,0.5254247
51.039997,97.195404,-2.7056682,0.5254247
51.059998,5.857053,4.024141,0.5254247
51.079998,-75.86674,-17.126686,0.20565958
51.1,-22.986637,9.311849,1.0050724
51.12,20.278896,-4.14777,-0.114105515
51.14,53.92987,2.261572,0.20565958
51.16,-66.25217,-6.230806,0.045777034
51.18,-47.023045,6.4276443,0.68530726
51.199997,-80.67402,-7.192207,-0.114105515
51.219997,15.471616,12.99722,0.5254247
51.239998,-42.215763,-6.8717403,0.045777034
51.26,-13.372073,-2.8659017,0.20565958
51.28,15.471616,3.0627398,0.20565958
51.3,-61.44489,3.7036738,0.36554214
51.32,10.664334,-3.9875362,0.045777034
51.34,15.471616,-3.6670694,-0.114105515
51.36,-51.830326,-0.30216488,0.5254247
51.379997,15.471616,-10.557112,0.045777034
51.399998,49.122585,-0.7828655,0.5254247
51.42,-75.86674,-3.3466022,0.5254247
51.44,29.893461,2.4218054,0.045777034
51.46,58.737152,2.902506,-0.114105515
51.48,-80.67402,-7.192207,0.68530726
51.5,-18.179356,3.2229733,0.5254247
51.52,39.508022,0.9797035,0.20565958
51.539997,-85.48129,-0.9430991,0.68530726
51.559998,25.08618,0.6592364,0.36554214
51.579998,68.35171,-4.14777,0.045777034
51.6,-27.793919,7.0685787,0.045777034
51.62,68.35171,2.1013381,0.045777034
51.64,68.35171,10.433483,0.68530726
51.66,-32.6012,-10.717345,0.5254247
51.68,-27.793919,-0.7828655,0.36554214
51.699997,111.61725,11.394884,0.5254247
51.719997,87.58084,-1.5840333,-0.114105515
51.739998,44.315308,4.024141,-0.114105515
51.76,-32.6012,-7.192207,0.5254247
51.78,63.54443,0.81947,0.20565958
51.8,-75.86674,-2.0647337,0.045777034
51.82,-123.93955,-7.5126743,0.20565958
51.84,5.857053,-2.0647337,0.20565958
51.86,-18.179356,-1.4237996,0.5254247
51.879997,-13.372073,-1.5840333,0.5254247
51.899998,-66.25217,6.908345,0.20565958
51.92,97.195404,1.139937,-0.114105515
51.94,58.737152,-1.5840333,0.36554214
51.96,39.508022,10.75395,0.8451898
51.98,34.700745,-3.1863687,0.045777034
52.0,25.08618,5.145776,0.36554214
52.02,15.471616,-2.385201,0.5254247
52.039997,68.35171,9.311849,0.20565958
52.059998,10.664334,-3.6670694,0.36554214
52.079998,5.857053,-3.6670694,0.045777034
52.1,1.049771,8.831148,0.36554214
52.12,-123.93955,-12.960614,0.5254247
52.14,-8.564792,-10.877579,-0.114105515
52.16,34.700745,2.261572,0.36554214
52.18,20.278896,0.49900287,-0.114105515
52.199997,-8.564792,-9.59571,-0.114105515
52.219997,25.08618,-2.7056682,0.20565958
52.239998,10.664334,-2.0647337,0.20565958
52.26,-51.830326,6.2674108,0.68530726
52.28,-22.986637,-2.0647337,0.5254247
52.3,-13.372073,5.466243,0.68530726
52.32,20.278896,-8.794542,-0.2739881
52.34,10.664334,-13.281082,-0.2739881
52.36,15.471616,-4.6284704,-0.114105515
52.379997,25.08618,2.902506,-0.114105515
52.399998,-18.179356,-1.1033326,0.045777034
52.42,25.08618,9.151615,0.20565958
52.44,-85.48129,3.7036738,0.36554214
52.46,5.857053,0.6592364,0.20565958
52.48,44.315308,-3.5068357,-0.4338706
52.5,15.471616,2.7422726,0.20565958
52.52,-37.40848,-6.230806,0.045777034
52.539997,102.002686,12.035819,0.36554214
52.559998,-61.44489,-2.5454345,-0.114105515
52.579998,-61.44489,-13.761782,0.20565958
52.6,10.664334,-2.0647337,0.36554214
52.62,-27.793919,-0.46239844,0.045777034
52.64,-51.830326,-8.153608,0.045777034
52.66,-56.637608,-0.46239844,0.045777034
52.68,-27.793919,2.7422726,0.045777034
52.699997,10.664334,0.6592364,-0.114105515
52.719997,-22.986637,-0.46239844,0.20565958
52.739998,-8.564792,5.466243,0.045777034
52.76,-109.5177,-3.3466022,-0.114105515
52.78,-42.215763,-5.589872,-0.114105515
52.8,20.278896,-0.62263197,-0.114105515
52.82,63.54443,12.356286,0.20565958
52.84,-90.288574,-6.3910394,-0.114105515
52.86,29.893461,7.3890457,0.5254247
52.879997,-18.179356,9.632316,0.36554214
52.899998,5.857053,3.5434403,0.045777034
52.92,-123.93955,-15.524351,-0.114105515
52.94,-8.564792,1.9411048,0.045777034
52.96,5.857053,-0.7828655,0.20565958
52.98,97.195404,8.350447,0.20565958
53.0,-8.564792,3.2229733,0.20565958
53.02,53.92987,2.5820389,-0.2739881
53.039997,25.08618,0.49900287,-0.2739881
53.059998,-22.986637,-3.3466022,-0.2739881
53.079998,-42.215763,6.908345,0.36554214
53.1,1.049771,0.33876932,0.045777034
53.12,5.857053,5.78671,0.20565958
53.14,-61.44489,-5.429638,0.045777034
53.16,-13.372073,-6.230806,0.5254247
53.18,20.278896,-2.2249672,0.20565958
53.199997,-8.564792,0.33876932,-0.114105515
53.219997,29.893461,5.9469438,0.20565958
53.239998,34.700745,4.825309,0.045777034
53.26,-42.215763,2.902506,-0.114105515
53.28,-42.215763,2.261572,0.20565958
53.3,-8.564792,-1.7442669,-0.2739881
53.32,-56.637608,-7.192207,-0.114105515
53.34,-27.793919,-3.1863687,-0.114105515
53.36,29.893461,0.33876932,-0.4338706
53.379997,53.92987,4.6650753,-0.2739881
53.399998,-75.86674,2.4218054,0.045777034
53.42,-47.023045,-7.0319734,-0.114105515
53.44,34.700745,0.018302217,-0.114105515
53.46,1.049771,2.5820389,0.045777034
53.48,140.46094,11.074417,0.20565958
53.5,-51.830326,-6.711507,-0.114105515
53.52,73.159,5.3060093,-0.2739881
53.539997,49.122585,-0.9430991,0.045777034
53.559998,-138.36139,-8.954777,0.045777034
53.579998,-32.6012,-3.827303,-0.2739881
53.6,-8.564792,3.2229733,-0.2739881
53.62,150.0755,2.4218054,-0.2739881
53.64,-27.793919,-3.6670694,-0.114105515
53.66,-61.44489,-6.711507,-0.7536357
53.68,-51.830326,-0.7828655,-0.2739881
53.699997,111.61725,6.2674108,-0.114105515
53.719997,34.700745,3.7036738,-0.2739881
53.739998,-8.564792,-7.672908,0.045777034
53.76,39.508022,1.9411048,0.045777034
53.78,-47.023045,2.261572,0.045777034
53.8,-18.179356,1.3001705,-0.114105515
53.82,126.0391,13.477921,0.045777034
53.84,-13.372073,2.4218054,0.20565958
53.86,44.315308,-0.14193134,-0.114105515
53.879997,-18.179356,-1.1033326,0.5254247
53.899998,-3.7575107,-3.827303,0.20565958
53.92,-3.7575107,-1.4237996,0.045777034
53.94,-104.71042,-10.557112,0.20565958
53.96,-61.44489,-4.6284704,-0.2739881
53.98,-22.986637,0.49900287,-0.2739881
54.0,-114.32499,3.2229733,0.36554214
54.02,-56.637608,7.8697467,0.045777034
54.039997,20.278896,4.3446083,-0.114105515
54.059998,29.893461,-0.9430991,-0.2739881
54.079998,44.315308,1.9411048,-0.114105515
54.1,-8.564792,-2.0647337,-0.2739881
54.12,-37.40848,-2.385201,0.045777034
54.14,-51.830326,-17.607388,-0.59375316
54.16,-99.903145,-2.8659017,-0.114105515
54.18,82.77356,3.5434403,-0.4338706
54.199997,73.159,7.0685787,-0.2739881
54.219997,44.315308,6.7481112,0.045777034
54.239998,-22.986637,1.7808713,0.045777034
54.26,-27.793919,5.78671,0.20565958
54.28,-51.830326,-7.192207,-0.4338706
54.3,1.049771,1.9411048,-0.114105515
54.32,77.96628,-11.198046,-0.59375316
54.34,-8.564792,3.5434403,0.045777034
54.36,5.857053,-6.230806,-0.4338706
54.379997,29.893461,-1.9045002,-0.114105515
54.399998,-104.71042,-8.313842,-0.59375316
54.42,111.61725,15.72119,0.045777034
54.44,1.049771,6.1071773,-0.114105515
54.46,-13.372073,-6.5512733,-0.4338706
54.48,-42.215763,-7.0319734,-0.4338706
54.5,1.049771,2.261572,0.20565958
54.52,10.664334,6.5878778,-0.114105515
54.539997,-47.023045,0.49900287,-0.4338706
54.559998,29.893461,4.9855423,0.045777034
54.579998,63.54443,7.549279,0.045777034
54.6,5.857053,-1.7442669,-0.114105515
54.62,-13.372073,-7.352441,-0.2739881
54.64,-3.7575107,-0.46239844,-0.2739881
54.66,5.857053,1.9411048,0.045777034
54.68,-27.793919,1.6206378,0.20565958
54.699997,10.664334,-1.4237996,-0.2739881
54.719997,-13.372073,1.3001705,-0.114105515
54.739998,-51.830326,-3.6670694,-0.2739881
54.76,-66.25217,-1.4237996,-0.2739881
54.78,1.049771,-3.827303,-0.4338706
54.8,145.26822,7.0685787,0.20565958
54.82,68.35171,4.6650753,-0.59375316
54.84,-13.372073,-1.2635663,-0.2739881
54.86,-8.564792,-3.5068357,-0.114105515
54.879997,1.049771,7.549279,0.20565958
54.899998,150.0755,18.284927,-0.114105515
54.92,20.278896,-1.9045002,-0.2739881
54.94,25.08618,7.228812,0.045777034
54.96,97.195404,-5.1091714,-0.114105515
54.98,-51.830326,-0.30216488,-0.4338706
55.0,-32.6012,-1.2635663,-0.2739881
55.02,-27.793919,0.33876932,-0.114105515
55.039997,-18.179356,-3.827303,0.045777034
55.059998,29.893461,-2.2249672,-0.114105515
55.079998,5.857053,-1.4237996,-0.4338706
55.1,-80.67402,-13.441315,-0.2739881
55.12,92.38812,1.139937,-0.114105515
55.14,29.893461,3.3832066,0.045777034
55.16,-18.179356,-3.3466022,-0.4338706
55.18,34.700745,9.792548,0.045777034
55.199997,-80.67402,-13.601548,-0.59375316
55.219997,10.664334,-4.468237,0.045777034
55.239998,1.049771,2.4218054,0.045777034
55.26,-47.023045,-23.69626,-0.4338706
55.28,-13.372073,1.9411048,-0.114105515
55.3,-90.288574,-11.037811,-0.4338706
55.32,97.195404,11.074417,-0.2739881
55.34,68.35171,13.157454,0.20565958
55.36,10.664334,-3.3466022,-0.2739881
55.379997,-80.67402,-5.7501054,-0.2739881
55.399998,-32.6012,-3.1863687,-0.114105515
55.42,10.664334,6.2674108,0.20565958
55.44,-32.6012,-2.2249672,-0.4338706
55.46,44.315308,4.184375,-0.114105515
55.48,-51.830326,-3.1863687,-0.114105515
55.5,-75.86674,-14.883417,-0.2739881
55.52,-8.564792,-3.026135,-0.2739881
55.539997,-152.78323,-11.83898,-0.59375316
55.559998,106.80997,6.7481112,-0.59375316
55.579998,-61.44489,3.7036738,-0.114105515
55.6,102.002686,2.7422726,0.36554214
55.62,-42.215763,4.3446083,0.36554214
55.64,49.122585,-10.717345,-0.59375316
55.66,-32.6012,-1.2635663,0.20565958
55.68,-51.830326,0.6592364,-0.114105515
55.699997,34.700745,-5.429638,-0.114105515
55.719997,-85.48129,-2.8659017,0.20565958
55.739998,-119.13227,-4.948938,-0.114105515
55.76,29.893461,9.311849,-0.114105515
55.78,-61.44489,-8.153608,-0.7536357
55.8,-42.215763,2.902506,-0.114105515
55.82,-13.372073,0.33876932,-0.114105515
55.84,58.737152,11.394884,-0.114105515
55.86,20.278896,-4.948938,-0.2739881
55.879997,15.471616,1.7808713,-0.114105515
55.899998,39.508022,7.549279,0.045777034
55.92,34.700745,-4.14777,-0.2739881
55.94,-162.3978,-3.9875362,-0.2739881
55.96,68.35171,5.9469438,0.045777034
55.98,49.122585,2.1013381,0.045777034
56.0,5.857053,-3.9875362,0.045777034
56.02,-138.36139,-15.844818,-0.114105515
56.039997,116.42453,9.472081,0.20565958
56.059998,29.893461,1.4604042,0.045777034
56.079998,-66.25217,-4.948938,-0.114105515
56.1,68.35171,-0.9430991,0.20565958
56.12,25.08618,4.9855423,0.36554214
56.14,1.049771,1.9411048,-0.2739881
56.16,202.9556,6.1071773,0.045777034
56.18,-27.793919,-0.7828655,0.20565958
56.199997,-18.179356,-4.3080034,0.20565958
56.219997,-56.637608,0.33876932,-0.114105515
56.239998,-22.986637,2.261572,0.5254247
56.26,97.195404,-3.1863687,0.045777034
56.28,29.893461,2.7422726,0.045777034
56.3,111.61725,0.33876932,-0.4338706
56.32,58.737152,5.145776,0.045777034
56.34,236.60657,7.549279,0.045777034
56.36,-42.215763,-17.447153,0.20565958
56.379997,-18.179356,-0.9430991,0.20565958
56.399998,58.737152,0.33876932,0.36554214
56.42,73.159,2.7422726,0.20565958
56.44,63.54443,4.3446083,0.045777034
56.46,97.195404,-2.2249672,0.36554214
56.48,15.471616,-1.1033326,0.045777034
56.5,25.08618,0.9797035,-0.114105515
56.52,102.002686,16.20189,0.20565958
56.539997,34.700745,-6.3910394,-0.114105515
56.559998,-71.05945,5.145776,0.20565958
56.579998,-8.564792,-2.8659017,0.045777034
56.6,-119.13227,9.151615,0.045777034
56.62,-47.023045,-6.5512733,0.045777034
56.64,10.664334,1.9411048,0.36554214
56.66,15.471616,-4.468237,0.045777034
56.68,145.26822,14.599556,0.045777034
56.699997,58.737152,2.4218054,-0.114105515
56.719997,29.893461,9.632316,0.36554214
56.739998,1.049771,-10.717345,0.20565958
56.76,106.80997,8.831148,-0.114105515
56.78,58.737152,7.228812,-0.2739881
56.8,-8.564792,-2.2249672,0.36554214
56.82,140.46094,9.952783,0.20565958
56.84,-51.830326,-13.761782,-0.4338706
56.86,68.35171,-3.1863687,-0.114105515
56.879997,-90.288574,-10.076411,0.045777034
56.899998,10.664334,1.9411048,-0.114105515
56.92,-8.564792,-2.8659017,-0.4338706
56.94,20.278896,-6.0705724,-0.114105515
56.96,-66.25217,-6.8717403,-0.2739881
56.98,-138.36139,-7.0319734,0.20565958
57.0,-3.7575107,4.3446083,0.36554214
57.02,-32.6012,1.7808713,-0.114105515
57.039997,34.700745,-7.993375,-0.114105515
57.059998,63.54443,-5.7501054,-0.114105515
57.079998,20.278896,-3.3466022,-0.59375316
57.1,20.278896,9.151615,0.045777034
57.12,-27.793919,7.549279,0.36554214
57.14,-3.7575107,2.1013381,0.20565958
57.16,-42.215763,-4.14777,-0.114105515
57.18,-8.564792,-2.0647337,-0.114105515
57.199997,20.278896,8.991381,-0.114105515
57.219997,-18.179356,-10.877579,-0.7536357
57.239998,10.664334,5.78671,0.045777034
57.26,5.857053,-1.9045002,-0.4338706
57.28,58.737152,7.3890457,-0.114105515
57.3,-27.793919,-7.5126743,-0.4338706
57.32,15.471616,8.190214,0.20565958
57.34,10.664334,8.670914,0.20565958
57.36,63.54443,9.151615,-0.4338706
57.379997,20.278896,17.163294,0.045777034
57.399998,-47.023045,2.4218054,-0.4338706
57.42,39.508022,0.018302217,-0.2739881
57.44,-3.7575107,-5.1091714,-0.59375316
57.46,1.049771,-14.562949,-0.7536357
57.48,-85.48129,-5.910339,-0.59375316
57.5,-37.40848,1.6206378,-0.114105515
57.52,-99.903145,8.02998,-0.2739881
57.539997,-22.986637,-2.8659017,-0.4338706
57.559998,-13.372073,-1.9045002,-0.7536357
57.579998,-32.6012,-0.30216488,-0.2739881
57.6,-18.179356,-1.5840333,-0.4338706
57.62,1.049771,-2.385201,-0.4338706
57.64,68.35171,-0.46239844,-0.114105515
57.66,-27.793919,7.3890457,0.045777034
57.68,20.278896,-0.7828655,-0.4338706
57.699997,-8.564792,-2.385201,-0.2739881
57.719997,-66.25217,-13.922015,-0.4338706
57.739998,29.893461,-0.30216488,-0.114105515
57.76,140.46094,9.632316,0.20565958
57.78,39.508022,4.9855423,-0.4338706
57.8,58.737152,-0.9430991,0.045777034
57.82,5.857053,-4.948938,-0.4338706
57.84,-18.179356,-1.5840333,-0.4338706
57.86,-8.564792,7.549279,0.045777034
57.879997,-37.40848,-6.0705724,0.045777034
57.899998,20.278896,3.0627398,-0.114105515
57.92,53.92987,-0.14193134,-0.2739881
57.94,25.08618,9.632316,-0.4338706
57.96,1.049771,1.7808713,-0.114105515
57.98,-8.564792,-2.0647337,-0.114105515
58.0,150.0755,3.5434403,-0.2739881
58.02,-32.6012,-4.948938,-0.114105515
58.039997,-42.215763,-2.2249672,-0.114105515
58.059998,102.002686,9.311849,0.20565958
58.079998,58.737152,3.2229733,-0.2739881
58.1,178.91919,9.472081,0.045777034
58.12,-42.215763,13.958622,0.5254247
58.14,-61.44489,-6.8717403,-0.114105515
58.16,-37.40848,-5.2694044,0.20565958
58.18,-37.40848,-1.1033326,0.20565958
58.199997,44.315308,10.433483,0.045777034
58.219997,106.80997,5.3060093,-0.4338706
58.239998,53.92987,12.8369875,-0.2739881
58.26,1.049771,4.184375,0.5254247
58.28,-22.986637,1.4604042,0.045777034
58.3,-8.564792,13.798388,0.68530726
58.32,-128.74683,-5.2694044,-0.2739881
58.34,-71.05945,9.792548,0.8451898
58.359997,1.049771,-5.429638,-0.114105515
58.379997,-27.793919,-3.9875362,-0.2739881
58.399998,25.08618,1.6206378,0.20565958
58.42,-13.372073,4.6650753,0.20565958
58.44,-18.179356,-7.833141,0.045777034
58.46,10.664334,-3.9875362,0.045777034
58.48,-80.67402,-7.352441,0.045777034
58.5,73.159,3.8639073,0.045777034
58.52,20.278896,3.0627398,-0.114105515
58.539997,44.315308,-7.352441,-0.7536357
58.559998,-56.637608,6.7481112,-0.114105515
58.579998,-13.372073,-2.385201,-0.2739881
58.6,-27.793919,0.17853576,0.045777034
58.62,10.664334,2.7422726,-0.114105515
58.64,29.893461,-5.910339,-0.4338706
58.66,-27.793919,-0.7828655,-0.2739881
58.68,68.35171,3.2229733,-0.2739881
58.699997,34.700745,-2.8659017,-0.2739881
58.719997,111.61725,10.27325,-0.2739881
58.739998,-3.7575107,-2.7056682,0.045777034
58.76,5.857053,-2.5454345,-0.59375316
58.78,25.08618,0.018302217,-0.114105515
58.8,-3.7575107,-3.1863687,0.045777034
58.82,-3.7575107,0.6592364,0.045777034
58.84,-22.986637,4.3446083,0.36554214
58.859997,-8.564792,-2.385201,-0.2739881
58.879997,68.35171,-11.198046,-0.4338706
58.899998,29.893461,-2.7056682,-0.2739881
58.92,-71.05945,0.9797035,0.045777034
58.94,10.664334,0.33876932,-0.2739881
58.96,-18.179356,-1.4237996,-0.114105515
58.98,-22.986637,-6.711507,0.045777034
59.0,49.122585,3.2229733,0.045777034
59.02,-27.793919,1.139937,-0.114105515
59.039997,-80.67402,-13.441315,-0.2739881
59.059998,-8.564792,3.8639073,-0.4338706
59.079998,-42.215763,-5.429638,-0.4338706
59.1,126.0391,0.9797035,-1.0734009
59.12,-27.793919,-6.3910394,-0.4338706
59.14,29.893461,-2.8659017,-0.59375316
59.16,-109.5177,-6.3910394,-0.2739881
59.18,25.08618,8.670914,-0.114105515
59.199997,-61.44489,-7.352441,0.045777034
59.219997,-71.05945,-8.954777,-0.2739881
59.239998,20.278896,0.018302217,-0.2739881
59.26,-27.793919,-2.7056682,-0.2739881
59.28,63.54443,-7.833141,-0.4338706
59.3,-22.986637,-4.468237,-0.4338706
59.32,1.049771,-1.9045002,0.20565958
59.34,20.278896,10.433483,0.20565958
59.359997,-95.09586,-2.5454345,0.045777034
59.379997,-32.6012,4.024141,0.20565958
59.399998,111.61725,3.0627398,-0.114105515
59.42,-8.564792,-9.435476,-0.59375316
59.44,25.08618,2.261572,0.045777034
59.46,20.278896,-11.999213,-0.4338706
59.48,111.61725,2.261572,-0.4338706
59.5,63.54443,9.792548,0.045777034
59.52,63.54443,3.0627398,-0.4338706
59.539997,-3.7575107,-6.8717403,0.045777034
59.559998,-3.7575107,-1.4237996,-0.2739881
59.579998,-8.564792,4.825309,0.20565958
59.6,10.664334,6.2674108,-0.2739881
59.62,39.508022,15.72119,0.36554214
59.64,-18.179356,-1.4237996,0.045777034
59.66,121.23181,10.593717,-0.114105515
59.68,-85.48129,-10.557112,-0.2739881
59.699997,-32.6012,-6.230806,-0.4338706
59.719997,-27.793919,-5.429638,-0.7536357
59.739998,-90.288574,-1.1033326,-0.114105515
59.76,-42.215763,0.6592364,-0.114105515
59.78,39.508022,-0.7828655,-0.4338706
59.8,169.30463,20.207731,-0.114105515
59.82,-47.023045,-6.230806,-0.4338706
59.84,20.278896,-0.46239844,-0.114105515
59.859997,-42.215763,-4.14777,-0.2739881
59.879997,15.471616,-2.8659017,-0.2739881
59.899998,49.122585,4.024141,-0.4338706
59.92,-66.25217,5.145776,-0.2739881
59.94,-56.637608,-0.9430991,0.045777034
59.96,-42.215763,2.1013381,0.20565958
59.98,102.002686,-3.026135,-0.114105515
60.0,-119.13227,0.17853576,0.20565958
60.02,-119.13227,-10.396878,0.045777034
60.039997,-8.564792,4.825309,0.5254247
60.059998,39.508022,-9.115009,-0.59375316
60.079998,25.08618,-9.275244,-0.2739881
60.1,29.893461,-11.83898,-0.4338706
60.12,25.08618,7.228812,0.045777034
60.14,15.471616,6.2674108,0.045777034
60.16,87.58084,25.815907,0.36554214
60.18,-51.830326,-12.800381,-0.114105515
60.199997,-56.637608,-1.5840333,0.20565958
60.219997,25.08618,-3.6670694,0.045777034
60.239998,-42.215763,0.9797035,0.20565958
60.26,-27.793919,-4.6284704,0.045777034
60.28,25.08618,-7.192207,-0.2739881
60.3,-162.3978,-7.352441,0.045777034
60.32,-18.179356,4.9855423,-0.114105515
60.34,-8.564792,3.7036738,0.36554214
60.359997,77.96628,1.3001705,-0.59375316
60.379997,-42.215763,11.715352,0.5254247
60.399998,-51.830326,1.4604042,0.045777034
60.42,44.315308,-0.9430991,0.20565958
60.44,-128.74683,-7.352441,-0.2739881
60.46,-27.793919,-2.5454345,-0.4338706
60.48,-42.215763,-4.6284704,-0.4338706
60.5,-13.372073,-3.026135,0.045777034
60.52,5.857053,3.5434403,0.045777034
60.539997,63.54443,-3.026135,0.045777034
60.559998,-32.6012,16.041658,0.20565958
60.579998,-42.215763,-3.3466022,-0.4338706
60.6,-95.09586,0.49900287,-0.4338706
60.62,10.664334,3.5434403,-0.114105515
60.64,-37.40848,-6.5512733,-0.4338706
60.66,-176.81964,4.825309,0.045777034
60.68,-85.48129,0.17853576,-0.2739881
60.699997,-51.830326,-9.755944,-0.9135183
60.719997,-22.986637,0.9797035,-0.2739881
60.739998,-27.793919,7.0685787,-0.114105515
60.76,25.08618,8.350447,-0.59375316
60.78,10.664334,2.4218054,-0.4338706
60.8,-138.36139,-4.948938,0.20565958
60.82,-22.986637,-4.7887044,-0.4338706
60.84,39.508022,3.5434403,-0.2739881
60.859997,-27.793919,-5.7501054,-0.4338706
60.879997,5.857053,2.1013381,-0.4338706
60.899998,-32.6012,-6.711507,-0.7536357
60.92,121.23181,6.908345,0.045777034
60.94,-3.7575107,0.9797035,-0.114105515
60.96,10.664334,2.902506,0.045777034
60.98,-18.179356,6.908345,0.20565958
61.0,1.049771,-0.9430991,-0.114105515
61.02,1.049771,-3.9875362,-0.2739881
61.039997,-157.59052,-14.723184,0.045777034
61.059998,97.195404,1.7808713,0.20565958
61.079998,-32.6012,3.0627398,0.20565958
61.1,-133.55412,8.991381,0.20565958
61.12,97.195404,-0.9430991,0.045777034
61.14,-47.023045,-0.9430991,-0.2739881
61.16,236.60657,13.157454,0.045777034
61.18,53.92987,2.1013381,0.045777034
61.199997,-47.023045,-7.0319734,0.045777034
61.219997,-71.05945,-5.429638,0.045777034
61.239998,44.315308,6.1071773,-0.114105515
61.26,102.002686,11.875586,0.045777034
61.28,73.159,2.261572,0.045777034
61.3,-42.215763,-3.9875362,-0.4338706
61.32,-27.793919,8.02998,0.20565958
61.34,-18.179356,-9.115009,-0.2739881
61.359997,15.471616,-3.1863687,-0.2739881
61.379997,34.700745,6.4276443,0.045777034
61.399998,29.893461,-3.1863687,-0.2739881
61.42,20.278896,5.6264763,-0.114105515
61.44,63.54443,0.33876932,0.20565958
61.46,-90.288574,4.3446083,0.045777034
61.48,5.857053,-4.7887044,-0.2739881
61.5,-119.13227,-13.441315,-0.2739881
61.52,10.664334,-2.7056682,-0.114105515
61.539997,5.857053,-6.8717403,-0.114105515
61.559998,-61.44489,-17.126686,0.045777034
61.579998,-13.372073,-2.7056682,0.045777034
61.6,-71.05945,1.9411048,0.045777034
61.62,-27.793919,-10.076411,0.36554214
61.64,5.857053,10.433483,0.045777034
61.66,111.61725,-4.6284704,0.045777034
61.68,15.471616,-9.755944,-0.59375316
61.699997,-75.86674,2.7422726,0.045777034
61.719997,126.0391,-1.7442669,-0.114105515
61.739998,82.77356,7.549279,-0.114105515
61.76,39.508022,4.6650753,0.045777034
61.78,-22.986637,6.908345,0.045777034
61.8,29.893461,6.5878778,-0.114105515
61.82,-18.179356,4.024141,0.20565958
61.84,-8.564792,-6.5512733,-0.2739881
61.859997,-18.179356,8.831148,0.5254247
61.879997,25.08618,-2.0647337,-0.114105515
61.899998,-47.023045,-1.1033326,-0.2739881
61.92,25.08618,-3.3466022,0.045777034
61.94,135.65366,2.4218054,-0.4338706
61.96,5.857053,9.952783,0.045777034
61.98,63.54443,4.184375,0.20565958
62.0,10.664334,2.902506,0.36554214
62.02,-37.40848,-8.794542,0.045777034
62.039997,49.122585,-3.9875362,-0.2739881
62.059998,-22.986637,4.825309,0.045777034
62.079998,97.195404,1.139937,-0.114105515
62.1,-37.40848,-0.30216488,0.20565958
62.12,-152.78323,-25.45883,-0.4338706
62.14,5.857053,-0.30216488,-0.114105515
62.16,-51.830326,-1.2635663,0.045777034
62.18,1.049771,0.49900287,-0.2739881
62.199997,20.278896,2.902506,0.20565958
62.219997,44.315308,-0.7828655,0.045777034
62.239998,5.857053,-2.5454345,0.20565958
62.26,154.8828,-0.7828655,-0.114105515
62.28,10.664334,-2.7056682,-0.114105515
62.3,-47.023045,-0.30216488,-0.114105515
62.32,20.278896,-4.948938,-0.59375316
62.34,-8.564792,2.7422726,0.20565958
62.359997,5.857053,3.0627398,0.5254247
62.379997,-8.564792,-6.230806,0.20565958
62.399998,63.54443,12.035819,0.5254247
62.42,-13.372073,-1.1033326,0.20565958
62.44,53.92987,0.9797035,0.045777034
62.46,-56.637608,-8.794542,0.045777034
62.48,-37.40848,-3.026135,0.045777034
62.5,20.278896,3.2229733,-0.114105515
62.52,49.122585,-2.385201,0.045777034
62.539997,-18.179356,-0.62263197,0.36554214
62.559998,25.08618,-5.589872,-0.114105515
62.579998,-3.7575107,3.3832066,0.5254247
62.6,-47.023045,-8.954777,0.045777034
62.62,-27.793919,-4.14777,-0.114105515
62.64,-85.48129,-11.358279,-0.4338706
62.66,-22.986637,2.261572,0.045777034
62.68,130.84637,3.7036738,0.36554214
62.699997,-95.09586,-8.634309,-0.2739881
62.719997,-61.44489,1.7808713,0.045777034
62.739998,-47.023045,-2.385201,0.36554214
62.76,82.77356,4.184375,0.20565958
62.78,15.471616,-4.468237,0.36554214
62.8,92.38812,10.113016,-0.114105515
62.82,-8.564792,-7.833141,-0.114105515
62.84,87.58084,2.261572,0.045777034
62.859997,-3.7575107,-1.1033326,0.20565958
62.879997,-56.637608,11.234652,1.0050724
62.899998,-13.372073,2.4218054,0.68530726
62.92,82.77356,4.184375,0.36554214
62.94,34.700745,2.4218054,0.68530726
62.96,-42.215763,-10.396878,0.36554214
62.98,39.508022,-10.557112,0.045777034
63.0,68.35171,9.792548,0.68530726
63.02,-3.7575107,6.1071773,0.8451898
63.039997,-143.16867,-10.236644,0.8451898
63.059998,-85.48129,5.9469438,0.68530726
63.079998,49.122585,2.7422726,0.20565958
63.1,-85.48129,2.1013381,0.68530726
63.12,145.26822,10.593717,0.68530726
63.14,-27.793919,-9.275244,0.5254247
63.16,73.159,2.261572,0.5254247
63.18,-80.67402,-13.281082,0.36554214
63.199997,-13.372073,6.908345,0.5254247
63.219997,-32.6012,-6.0705724,0.5254247
63.239998,39.508022,4.825309,0.68530726
63.26,49.122585,-3.6670694,-0.2739881
63.28,5.857053,-3.827303,0.20565958
63.3,1.049771,-5.7501054,0.20565958
63.32,-22.986637,-17.927853,0.36554214
63.34,68.35171,3.0627398,0.5254247
63.359997,-71.05945,-12.640147,-0.114105515
63.379997,-27.793919,10.75395,0.8451898
63.399998,-119.13227,3.0627398,0.68530726
63.42,49.122585,0.17853576,0.5254247
63.44,-8.564792,5.466243,0.36554214
63.46,-66.25217,-7.833141,-0.114105515
63.48,-22.986637,-0.62263197,0.5254247
63.5,15.471616,5.9469438,0.36554214
63.52,135.65366,0.49900287,0.5254247
63.539997,-27.793919,1.139937,0.045777034
63.559998,-8.564792,-0.62263197,0.045777034
63.579998,68.35171,4.6650753,0.20565958
63.6,5.857053,0.6592364,0.5254247
63.62,-32.6012,-3.1863687,0.5254247
63.64,-47.023045,-15.364117,0.045777034
63.66,68.35171,0.33876932,-0.114105515
63.68,34.700745,-1.7442669,0.20565958
63.699997,-75.86674,0.17853576,0.5254247
63.719997,87.58084,0.33876932,0.20565958
63.739998,-22.986637,0.9797035,0.5254247
63.76,29.893461,-1.4237996,0.20565958
63.78,25.08618,8.02998,0.68530726
63.8,10.664334,9.952783,0.8451898
63.82,5.857053,-10.396878,0.36554214
63.84,5.857053,3.2229733,0.36554214
63.859997,34.700745,0.6592364,0.68530726
63.879997,34.700745,4.825309,0.5254247
63.899998,87.58084,10.593717,0.5254247
63.92,29.893461,7.709513,0.36554214
63.94,-3.7575107,3.7036738,0.68530726
63.96,63.54443,5.3060093,0.68530726
63.98,73.159,3.2229733,0.68530726
64.0,-3.7575107,6.908345,0.20565958
64.02,5.857053,1.7808713,0.36554214
64.04,53.92987,5.78671,0.68530726
64.06,20.278896,5.78671,0.5254247
64.08,53.92987,-2.8659017,0.36554214
64.1,44.315308,17.804228,1.3248374
64.119995,-51.830326,-6.0705724,0.36554214
64.14,-8.564792,0.49900287,0.20565958
64.159996,-18.179356,-2.0647337,0.5254247
64.18,-47.023045,-6.711507,0.68530726
64.2,5.857053,10.75395,1.0050724
64.22,-27.793919,-3.9875362,0.36554214
64.24,68.35171,-6.711507,0.20565958
64.26,49.122585,0.81947,0.36554214
64.28,-157.59052,-22.574625,0.5254247
64.299995,29.893461,2.7422726,0.5254247
64.32,140.46094,4.825309,0.68530726
64.34,29.893461,3.5434403,0.68530726
64.36,-71.05945,-5.429638,0.20565958
64.38,-61.44489,1.9411048,1.0050724
64.4,20.278896,-6.3910394,0.20565958
64.42,44.315308,8.510681,0.20565958
64.439995,25.08618,-3.6670694,0.5254247
64.46,-18.179356,-1.7442669,0.5254247
64.479996,-56.637608,-3.6670694,0.68530726
64.5,-80.67402,-1.1033326,0.5254247
64.52,-3.7575107,-2.5454345,0.5254247
64.54,29.893461,0.33876932,0.8451898
64.56,53.92987,2.1013381,0.5254247
64.58,77.96628,9.151615,0.5254247
64.6,-27.793919,1.7808713,0.20565958
64.619995,106.80997,1.6206378,0.36554214
64.64,-66.25217,5.3060093,0.8451898
64.659996,49.122585,-0.30216488,1.0050724
64.68,1.049771,-7.192207,0.5254247
64.7,-8.564792,-2.0647337,0.68530726
64.72,20.278896,-1.4237996,0.20565958
64.74,-56.637608,-5.910339,0.68530726
64.76,1.049771,-15.684585,-0.2739881
64.78,34.700745,9.151615,0.5254247
64.799995,10.664334,-7.192207,0.20565958
64.82,49.122585,12.356286,0.8451898
64.84,5.857053,-2.8659017,0.5254247
64.86,92.38812,5.78671,0.20565958
64.88,-61.44489,-10.076411,0.20565958
64.9,29.893461,7.549279,0.68530726
64.92,5.857053,7.0685787,0.8451898
64.939995,-3.7575107,-4.3080034,0.5254247
64.96,49.122585,8.190214,0.8451898
64.979996,-32.6012,-4.3080034,0.5254247
65.0,-66.25217,-19.369957,0.20565958
65.02,63.54443,0.49900287,0.36554214
65.04,-13.372073,8.831148,0.5254247
65.06,-61.44489,-2.2249672,0.8451898
65.08,-13.372073,-0.7828655,0.5254247
65.1,44.315308,1.6206378,0.36554214
65.119995,29.893461,1.9411048,0.8451898
65.14,15.471616,8.831148,0.5254247
65.159996,-37.40848,-1.1033326,0.20565958
65.18,53.92987,9.632316,0.68530726
65.2,39.508022,7.3890457,0.8451898
65.22,-51.830326,-7.993375,0.68530726
65.24,-8.564792,-4.468237,0.36554214
65.26,58.737152,1.7808713,0.5254247
65.28,20.278896,-6.0705724,0.20565958
65.299995,111.61725,16.52236,0.68530726
65.32,87.58084,4.825309,0.68530726
65.34,68.35171,9.632316,0.36554214
65.36,87.58084,6.2674108,0.36554214
65.38,-32.6012,-4.14777,0.5254247
65.4,29.893461,6.908345,0.20565958
65.42,44.315308,1.4604042,0.68530726
65.439995,-27.793919,0.018302217,0.20565958
65.46,44.315308,4.3446083,0.68530726
65.479996,-8.564792,0.81947,0.36554214
65.5,121.23181,10.433483,1.0050724
65.52,-13.372073,8.350447,0.20565958
65.54,77.96628,3.8639073,0.20565958
65.56,49.122585,4.3446083,0.20565958
65.58,-71.05945,3.0627398,0.68530726
65.6,-3.7575107,-3.3466022,0.5254247
65.619995,63.54443,1.7808713,0.68530726
65.64,-22.986637,8.190214,0.68530726
65.659996,49.122585,-4.7887044,0.045777034
65.68,-80.67402,-5.910339,0.5254247
65.7,68.35171,-10.396878,0.20565958
65.72,-157.59052,-3.827303,0.36554214
65.74,-85.48129,-11.83898,0.045777034
65.76,-42.215763,-2.0647337,0.8451898
65.78,-37.40848,-0.62263197,0.68530726
65.799995,-32.6012,4.9855423,0.68530726
65.82,49.122585,0.17853576,0.20565958
65.84,-147.97597,-19.049488,0.36554214
65.86,-8.564792,-2.385201,0.36554214
65.88,-32.6012,1.139937,0.36554214
65.9,15.471616,-2.8659017,0.36554214
65.92,-75.86674,-8.313842,0.045777034
65.939995,-3.7575107,-2.5454345,0.045777034
65.96,1.049771,7.0685787,0.20565958
65.979996,29.893461,-3.5068357,0.045777034
66.0,68.35171,8.350447,0.20565958
66.02,-75.86674,4.504842,0.68530726
66.04,-27.793919,-3.9875362,0.20565958
66.06,-47.023045,-8.634309,0.5254247
66.08,34.700745,-7.192207,0.045777034
66.1,-18.179356,-1.4237996,0.045777034
66.119995,53.92987,4.6650753,0.68530726
66.14,53.92987,0.81947,0.5254247
66.159996,150.0755,9.792548,0.5254247
66.18,49.122585,5.9469438,0.20565958
66.2,77.96628,4.504842,0.36554214
66.22,25.08618,-5.910339,0.045777034
66.24,102.002686,4.9855423,0.5254247
66.26,20.278896,-7.993375,0.045777034
66.28,-80.67402,-1.7442669,0.20565958
66.299995,82.77356,12.8369875,0.045777034
66.32,44.315308,5.145776,0.045777034
66.34,25.08618,-5.7501054,0.045777034
66.36,-8.564792,-3.1863687,0.20565958
66.38,-51.830326,-2.7056682,-0.114105515
66.4,5.857053,-0.14193134,0.045777034
66.42,-47.023045,-0.14193134,0.045777034
66.439995,-8.564792,-1.9045002,0.20565958
66.46,-13.372073,1.139937,0.5254247
66.479996,5.857053,1.6206378,0.20565958
66.5,92.38812,3.2229733,0.5254247
66.52,-147.97597,-2.385201,0.20565958
66.54,102.002686,4.9855423,0.36554214
66.56,-71.05945,-10.396878,-0.4338706
66.58,198.14832,14.439322,-0.114105515
66.6,15.471616,0.33876932,-0.114105515
66.619995,15.471616,1.3001705,0.045777034
66.64,-8.564792,11.875586,0.8451898
66.659996,34.700745,3.0627398,-0.114105515
66.68,-18.179356,-1.9045002,0.20565958
66.7,-66.25217,-8.474075,-0.114105515
66.72,29.893461,-4.7887044,-0.114105515
66.74,1.049771,-9.435476,0.045777034
66.76,15.471616,14.599556,0.20565958
66.78,-42.215763,-6.230806,0.20565958
66.799995,68.35171,2.902506,0.20565958
66.82,97.195404,10.914185,0.68530726
66.84,-51.830326,0.17853576,0.20565958
66.86,39.508022,-2.0647337,0.20565958
66.88,-119.13227,-5.2694044,0.68530726
66.9,20.278896,7.709513,0.68530726
66.92,10.664334,-0.30216488,0.36554214
66.939995,63.54443,0.6592364,0.36554214
66.96,-32.6012,16.682592,0.8451898
66.979996,20.278896,7.549279,0.68530726
67.0,-18.179356,-2.5454345,0.5254247
67.02,-32.6012,-10.076411,0.36554214
67.04,-8.564792,-6.230806,0.20565958
67.06,1.049771,-3.827303,-0.114105515
67.08,29.893461,2.1013381,0.5254247
67.1,68.35171,0.49900287,0.20565958
67.119995,-32.6012,-5.2694044,0.5254247
67.14,49.122585,5.466243,0.68530726
67.159996,116.42453,23.252169,1.164955
67.18,-32.6012,2.7422726,0.8451898
67.2,-18.179356,-9.59571,0.20565958
67.22,-71.05945,-3.026135,0.68530726
67.24,140.46094,-3.3466022,0.68530726
67.26,-18.179356,4.9855423,1.0050724
67.28,-162.3978,-22.895092,0.5254247
67.299995,-42.215763,0.17853576,0.68530726
67.32,-8.564792,2.5820389,0.68530726
67.34,-47.023045,-15.844818,0.20565958
67.36,53.92987,5.466243,0.68530726
67.38,29.893461,-12.479914,0.36554214
67.4,-66.25217,4.6650753,0.5254247
67.42,25.08618,1.9411048,0.68530726
67.439995,39.508022,0.9797035,0.68530726
67.46,-66.25217,-11.198046,0.68530726
67.479996,-27.793919,2.1013381,0.68530726
67.5,73.159,9.151615,0.5254247
67.52,20.278896,-7.672908,0.20565958
67.54,39.508022,-3.026135,0.68530726
67.56,145.26822,12.51652,0.8451898
67.58,-22.986637,4.184375,0.5254247
67.6,-56.637608,-4.468237,0.8451898
67.619995,-8.564792,-1.4237996,0.5254247
67.64,-37.40848,0.6592364,0.5254247
67.659996,116.42453,9.632316,0.8451898
67.68,-42.215763,-8.313842,0.20565958
67.7,-66.25217,-12.159447,0.20565958
67.72,-172.01237,-7.192207,0.5254247
67.74,-27.793919,-6.5512733,0.36554214
67.76,53.92987,5.466243,0.68530726
67.78,102.002686,3.5434403,0.20565958
67.799995,-56.637608,1.6206378,0.68530726
67.82,10.664334,-6.3910394,0.045777034
67.84,-8.564792,1.4604042,0.8451898
67.86,49.122585,0.6592364,0.8451898
67.88,-18.179356,-1.7442669,0.68530726
67.9,1.049771,-7.5126743,0.045777034
67.92,-8.564792,-17.927853,-0.114105515
67.939995,39.508022,4.3446083,0.5254247
67.96,53.92987,17.643993,0.68530726
67.979996,97.195404,8.670914,0.5254247
68.0,53.92987,-1.7442669,0.20565958
68.02,39.508022,11.074417,0.68530726
68.04,135.65366,4.504842,0.68530726
68.06,77.96628,-4.7887044,0.20565958
68.08,29.893461,9.472081,0.36554214
68.1,188.53375,15.24049,0.36554214
68.119995,82.77356,3.0627398,0.5254247
68.14,-3.7575107,1.6206378,0.20565958
68.159996,-119.13227,-12.640147,-0.114105515
68.18,25.08618,-2.7056682,0.36554214
68.2,183.72647,6.7481112,-0.114105515
68.22,130.84637,-0.46239844,0.045777034
68.24,10.664334,0.33876932,0.5254247
68.26,-27.793919,3.5434403,0.36554214
68.28,53.92987,4.504842,0.5254247
68.299995,-56.637608,-5.910339,0.045777034
68.32,-22.986637,0.6592364,0.045777034
68.34,25.08618,-6.8717403,0.045777034
68.36,-27.793919,2.902506,0.045777034
68.38,5.857053,-3.6670694,-0.114105515
68.4,-13.372073,5.466243,0.5254247
68.42,-22.986637,3.0627398,0.5254247
68.439995,-37.40848,1.4604042,0.20565958
68.46,-95.09586,-21.933691,0.045777034
68.479996,58.737152,6.7481112,0.36554214
68.5,-27.793919,-4.7887044,0.20565958
68.52,1.049771,-10.717345,0.20565958
68.54,-3.7575107,-1.9045002,0.20565958
68.56,15.471616,-0.62263197,0.20565958
68.58,44.315308,5.3060093,0.68530726
68.6,126.0391,3.3832066,0.36554214
68.619995,29.893461,6.4276443,0.5254247
68.64,-75.86674,-13.922015,0.5254247
68.659996,5.857053,5.466243,1.0050724
68.68,15.471616,-1.5840333,0.36554214
68.7,-3.7575107,-2.385201,0.20565958
68.72,39.508022,-9.916177,0.045777034
68.74,53.92987,9.472081,0.68530726
68.76,159.69006,10.113016,0.20565958
68.78,92.38812,3.8639073,0.68530726
68.799995,-3.7575107,4.504842,0.8451898
68.82,10.664334,-8.474075,0.36554214
68.84,1.049771,-7.672908,0.68530726
68.86,34.700745,4.825309,0.68530726
68.88,87.58084,-3.3466022,0.36554214
68.9,-3.7575107,-6.0705724,0.36554214
68.92,53.92987,0.9797035,0.045777034
68.939995,-22.986637,-5.429638,0.20565958
68.96,-42.215763,-9.435476,0.045777034
68.979996,183.72647,9.472081,0.8451898
69.0,-42.215763,-7.993375,0.20565958
69.02,15.471616,9.952783,1.164955
69.04,-99.903145,-14.242482,0.68530726
69.06,-71.05945,-3.5068357,0.20565958
69.08,82.77356,0.33876932,0.68530726
69.1,-61.44489,-3.3466022,0.68530726
69.119995,1.049771,-1.7442669,0.68530726
69.14,-32.6012,-1.4237996,0.5254247
69.159996,39.508022,0.018302217,1.0050724
69.18,140.46094,-1.4237996,0.5254247
69.2,1.049771,-1.9045002,0.20565958
69.22,39.508022,5.6264763,0.5254247
69.24,39.508022,10.593717,0.68530726
69.26,-47.023045,0.17853576,0.68530726
69.28,58.737152,8.831148,0.5254247
69.299995,53.92987,-5.7501054,0.045777034
69.32,-13.372073,-3.9875362,0.045777034
69.34,58.737152,0.17853576,-0.4338706
69.36,53.92987,1.6206378,0.36554214
69.38,-13.372073,-5.910339,0.20565958
69.4,-22.986637,5.6264763,0.5254247
69.42,87.58084,4.3446083,0.68530726
69.439995,10.664334,4.9855423,1.0050724
69.46,-8.564792,-1.1033326,0.20565958
69.479996,-42.215763,-1.1033326,0.36554214
69.5,-8.564792,0.9797035,0.045777034
69.52,-18.179356,-12.640147,0.045777034
69.54,20.278896,-0.9430991,0.68530726
69.56,63.54443,12.196053,0.5254247
69.58,140.46094,-2.7056682,0.20565958
69.6,-13.372073,-6.230806,0.20565958
69.619995,-22.986637,7.228812,0.68530726
69.64,29.893461,5.6264763,0.68530726
69.659996,121.23181,-2.5454345,0.68530726
69.68,53.92987,-0.14193134,0.36554214
69.7,-8.564792,-1.1033326,0.20565958
69.72,58.737152,-1.9045002,0.68530726
69.74,-90.288574,-4.14777,0.68530726
69.76,44.315308,-10.076411,0.045777034
69.78,39.508022,-3.5068357,0.36554214
69.799995,135.65366,12.356286,1.164955
69.82,-27.793919,4.184375,1.164955
69.84,-51.830326,-5.589872,0.045777034
69.86,77.96628,-4.3080034,0.045777034
69.88,77.96628,8.831148,0.045777034
69.9,10.664334,3.8639073,0.5254247
69.92,-8.564792,-3.6670694,0.68530726
69.939995,73.159,6.4276443,0.20565958
69.96,63.54443,4.825309,0.36554214
69.979996,10.664334,-5.2694044,-0.2739881
70.0,87.58084,3.7036738,0.20565958
70.02,-47.023045,-4.948938,0.68530726
70.04,15.471616,-1.4237996,0.5254247
70.06,-13.372073,-2.0647337,0.045777034
70.08,-22.986637,-1.7442669,0.20565958
70.1,44.315308,6.5878778,0.36554214
70.119995,34.700745,-3.6670694,0.20565958
70.14,-47.023045,4.825309,0.68530726
70.159996,-51.830326,-0.14193134,0.5254247
70.18,34.700745,-0.14193134,0.68530726
70.2,-32.6012,1.4604042,0.68530726
70.22,-18.179356,3.0627398,0.68530726
70.24,29.893461,-3.9875362,0.20565958
70.26,-22.986637,-4.468237,0.045777034
70.28,-18.179356,0.9797035,0.68530726
70.299995,-37.40848,-5.589872,-0.114105515
70.32,29.893461,1.4604042,0.36554214
70.34,-56.637608,-5.429638,0.5254247
70.36,111.61725,13.798388,0.36554214
70.38,39.508022,0.81947,0.36554214
70.4,102.002686,4.9855423,0.68530726
70.42,5.857053,-3.1863687,0.36554214
70.439995,-37.40848,0.018302217,0.045777034
70.46,-56.637608,-5.1091714,0.36554214
70.479996,1.049771,-3.5068357,0.20565958
70.5,-42.215763,2.7422726,-0.114105515
70.52,-18.179356,-10.717345,-0.2739881
70.54,106.80997,7.709513,0.5254247
70.56,-75.86674,-7.0319734,-0.114105515
70.58,-8.564792,2.1013381,1.0050724
70.6,63.54443,2.1013381,1.0050724
70.619995,145.26822,12.676753,1.0050724
70.64,-37.40848,-0.7828655,0.36554214
70.659996,-8.564792,-8.954777,0.68530726
70.68,44.315308,8.190214,0.8451898
70.7,5.857053,-3.827303,0.5254247
70.72,5.857053,2.4218054,1.0050724
70.74,10.664334,-17.447153,-0.114105515
70.76,-27.793919,6.7481112,0.68530726
70.78,77.96628,3.2229733,0.68530726
70.799995,63.54443,22.77147,0.8451898
70.82,-56.637608,-5.429638,0.20565958
70.84,20.278896,-2.2249672,0.36554214
70.86,44.315308,4.6650753,0.5254247
70.88,-3.7575107,1.7808713,0.8451898
70.9,15.471616,0.33876932,0.36554214
70.92,49.122585,0.17853576,0.36554214
70.939995,-51.830326,13.958622,0.68530726
70.96,10.664334,3.0627398,0.8451898
70.979996,-66.25217,-0.7828655,0.5254247
71.0,-13.372073,-1.5840333,0.36554214
71.02,73.159,1.7808713,0.68530726
71.04,102.002686,2.4218054,0.36554214
71.06,154.8828,9.311849,0.20565958
71.08,-66.25217,-2.5454345,0.5254247
71.1,-47.023045,-3.5068357,-0.114105515
71.119995,1.049771,-4.14777,0.20565958
71.14,-22.986637,-3.5068357,0.20565958
71.159996,111.61725,-2.5454345,0.20565958
71.18,-85.48129,5.466243,0.8451898
71.2,34.700745,1.3001705,0.20565958
71.22,-172.01237,-2.2249672,0.5254247
71.24,25.08618,1.4604042,0.20565958
71.26,-18.179356,3.7036738,0.20565958
71.28,-27.793919,-1.2635663,0.36554214
71.299995,-99.903145,-15.684585,0.045777034
71.32,-56.637608,-1.1033326,0.36554214
71.34,29.893461,9.792548,0.68530726
71.36,25.08618,-5.429638,0.045777034
71.38,25.08618,3.2229733,0.5254247
71.4,-47.023045,2.5820389,0.20565958
71.42,25.08618,1.6206378,0.5254247
71.439995,20.278896,-1.2635663,0.5254247
71.46,111.61725,5.6264763,0.045777034
71.479996,-22.986637,-1.5840333,0.20565958
71.5,-51.830326,-16.80622,0.045777034
71.52,-13.372073,0.17853576,0.20565958
71.54,-32.6012,-4.7887044,0.045777034
71.56,58.737152,-2.0647337,-0.114105515
71.58,-8.564792,5.466243,0.5254247
71.6,25.08618,8.831148,0.20565958
71.619995,63.54443,1.3001705,0.20565958
71.64,270.25754,22.77147,0.5254247
71.659996,1.049771,-3.6670694,0.045777034
71.68,29.893461,-6.3910394,-0.2739881
71.7,20.278896,-2.5454345,0.20565958
71.72,15.471616,-3.5068357,0.20565958
71.74,1.049771,8.670914,0.5254247
71.76,1.049771,-15.524351,0.20565958
71.78,-85.48129,-6.8717403,0.5254247
71.799995,29.893461,4.3446083,0.20565958
71.82,-32.6012,-1.9045002,0.20565958
71.84,-32.6012,-3.5068357,0.5254247
71.86,-18.179356,2.261572,0.5254247
71.88,44.315308,1.7808713,0.36554214
71.9,-22.986637,6.2674108,0.68530726
71.92,106.80997,11.234652,0.5254247
71.939995,-3.7575107,-3.1863687,0.36554214
71.96,20.278896,0.6592364,0.5254247
71.979996,-13.372073,0.9797035,0.8451898
72.0,-22.986637,2.261572,0.20565958
72.02,15.471616,-7.5126743,0.045777034
72.04,-104.71042,0.17853576,0.045777034
72.06,39.508022,-4.7887044,-0.114105515
72.08,34.700745,-0.46239844,0.045777034
72.1,-47.023045,1.139937,0.36554214
72.119995,15.471616,0.81947,0.5254247
72.14,-42.215763,-0.30216488,0.045777034
72.159996,68.35171,6.5878778,0.68530726
72.18,1.049771,-9.916177,0.045777034
72.2,5.857053,7.709513,0.5254247
72.22,25.08618,-0.30216488,-0.2739881
72.24,-157.59052,-15.524351,0.045777034
72.26,-3.7575107,1.3001705,-0.114105515
72.28,-18.179356,-0.46239844,0.20565958
72.299995,-128.74683,2.902506,1.0050724
72.32,102.002686,3.0627398,0.045777034
72.34,-66.25217,-3.026135,0.20565958
72.36,-66.25217,-6.3910394,0.045777034
72.38,-22.986637,-10.877579,0.045777034
72.4,20.278896,5.145776,0.20565958
72.42,111.61725,0.49900287,-0.2739881
72.439995,-42.215763,-3.1863687,-0.114105515
72.46,44.315308,0.17853576,0.20565958
72.479996,126.0391,-2.8659017,0.045777034
72.5,-22.986637,-3.9875362,0.045777034
72.52,-3.7575107,-3.3466022,-0.2739881
72.54,135.65366,13.958622,0.045777034
72.56,29.893461,4.825309,0.5254247
72.58,5.857053,4.3446083,-0.114105515
72.6,-80.67402,-7.352441,0.20565958
72.619995,-51.830326,9.151615,0.5254247
72.64,1.049771,1.6206378,0.5254247
72.659996,15.471616,0.17853576,0.5254247
72.68,-37.40848,-14.242482,0.045777034
72.7,-13.372073,2.5820389,0.20565958
72.72,15.471616,0.6592364,0.045777034
72.74,34.700745,-4.7887044,0.20565958
72.76,-56.637608,-10.557112,0.045777034
72.78,29.893461,14.439322,0.5254247
72.799995,73.159,2.4218054,-0.114105515
72.82,-18.179356,-15.684585,-0.114105515
72.84,-37.40848,-9.755944,-0.2739881
72.86,10.664334,5.9469438,-0.114105515
72.88,15.471616,2.261572,-0.4338706
72.9,5.857053,-0.46239844,0.20565958
72.92,25.08618,1.3001705,0.045777034
72.939995,-71.05945,-10.076411,-0.4338706
72.96,25.08618,0.81947,0.045777034
72.979996,44.315308,7.8697467,0.045777034
73.0,-147.97597,-13.281082,-0.114105515
73.02,68.35171,-3.1863687,-0.114105515
73.04,-3.7575107,-1.5840333,0.20565958
73.06,10.664334,-2.8659017,0.045777034
73.08,29.893461,-3.9875362,-0.4338706
73.1,-22.986637,-6.5512733,-0.2739881
73.119995,102.002686,4.184375,-0.4338706
73.14,-32.6012,-10.396878,-0.2739881
73.159996,-32.6012,-1.1033326,-0.2739881
73.18,-13.372073,8.190214,0.045777034
73.2,106.80997,5.466243,-0.2739881
73.22,34.700745,1.9411048,-0.114105515
73.24,-61.44489,0.018302217,-0.114105515
73.26,-80.67402,-11.358279,-0.2739881
73.28,-71.05945,-9.916177,-0.4338706
73.299995,58.737152,-0.62263197,-0.114105515
73.32,29.893461,-1.5840333,-0.114105515
73.34,-22.986637,1.9411048,-0.4338706
73.36,44.315308,1.139937,0.045777034
73.38,-13.372073,2.4218054,-0.59375316
73.4,-85.48129,-4.14777,-0.114105515
73.42,-104.71042,1.7808713,0.20565958
73.439995,-32.6012,4.504842,0.045777034
73.46,1.049771,0.9797035,-0.114105515
73.479996,-3.7575107,-7.352441,0.045777034
73.5,34.700745,-1.9045002,-0.2739881
73.52,-13.372073,-6.0705724,0.045777034
73.54,20.278896,-2.7056682,-0.4338706
73.56,-13.372073,-2.5454345,-0.2739881
73.58,10.664334,12.356286,0.36554214
73.6,5.857053,2.261572,0.20565958
73.619995,25.08618,-0.46239844,-0.114105515
73.64,-8.564792,-1.1033326,-0.114105515
73.659996,-56.637608,-2.5454345,-0.2739881
73.68,-37.40848,-1.4237996,-0.114105515
73.7,29.893461,-0.14193134,-0.114105515
73.72,-95.09586,-10.396878,0.045777034
73.74,-13.372073,-0.30216488,-0.114105515
73.76,-95.09586,-7.993375,0.045777034
73.78,-47.023045,-2.2249672,-0.114105515
73.799995,130.84637,6.5878778,-0.4338706
73.82,-66.25217,0.9797035,-0.2739881
73.84,-61.44489,-6.8717403,-0.2739881
73.86,-104.71042,-17.286919,-0.4338706
73.88,-18.179356,0.9797035,0.045777034
73.9,-61.44489,-10.557112,-0.114105515
73.92,-32.6012,0.018302217,0.045777034
73.939995,-61.44489,-3.026135,-0.114105515
73.96,87.58084,12.196053,-0.2739881
73.979996,5.857053,-1.1033326,0.045777034
74.0,10.664334,-2.2249672,-0.59375316
74.02,-3.7575107,4.184375,-0.2739881
74.04,-27.793919,-0.62263197,-0.114105515
74.06,44.315308,16.041658,0.5254247
74.08,-32.6012,0.49900287,0.045777034
74.1,-13.372073,2.261572,-0.2739881
74.119995,-99.903145,-20.812057,-0.59375316
74.14,29.893461,-4.948938,-0.2739881
74.159996,15.471616,2.902506,-0.2739881
74.18,-80.67402,-7.833141,-0.2739881
74.2,-22.986637,-6.0705724,-0.4338706
74.22,-80.67402,3.5434403,-0.114105515
74.24,-8.564792,-11.999213,-0.2739881
74.26,-37.40848,0.9797035,0.045777034
74.28,29.893461,2.4218054,0.045777034
74.299995,20.278896,7.228812,-0.4338706
74.32,106.80997,-2.7056682,-0.59375316
74.34,-8.564792,-0.7828655,-0.114105515
74.36,-18.179356,-1.9045002,0.045777034
74.38,-61.44489,-1.1033326,-0.114105515
74.4,10.664334,0.9797035,-0.2739881
74.42,10.664334,4.825309,-0.114105515
74.439995,-27.793919,-9.115009,-0.4338706
74.46,-37.40848,-3.026135,-0.59375316
74.479996,82.77356,8.831148,-0.114105515
74.5,1.049771,-10.076411,-0.114105515
74.52,87.58084,1.3001705,-0.2739881
74.54,15.471616,2.7422726,-0.2739881
74.56,-22.986637,4.184375,-0.2739881
74.58,10.664334,7.549279,-0.2739881
74.6,-32.6012,2.5820389,0.045777034
74.619995,-18.179356,-0.14193134,-0.114105515
74.64,73.159,10.113016,0.20565958
74.659996,20.278896,8.670914,0.045777034
74.68,5.857053,-5.429638,-0.114105515
74.7,44.315308,2.7422726,0.20565958
74.72,-51.830326,-4.6284704,-0.4338706
74.74,159.69006,18.765629,0.045777034
74.76,-22.986637,-5.589872,-0.59375316
74.78,10.664334,10.27325,0.20565958
74.799995,-123.93955,-3.3466022,0.20565958
74.82,5.857053,7.549279,0.045777034
74.84,49.122585,-3.9875362,-0.4338706
74.86,25.08618,-1.7442669,-0.4338706
74.88,5.857053,6.2674108,0.045777034
74.9,-18.179356,7.3890457,-0.114105515
74.92,-8.564792,-1.4237996,-0.114105515
74.939995,-3.7575107,-2.7056682,-0.2739881
74.96,-123.93955,4.024141,0.045777034
74.979996,77.96628,-3.827303,-0.114105515
75.0,-152.78323,-21.292757,-0.2739881
75.02,29.893461,-2.7056682,-0.2739881
75.04,-32.6012,2.902506,-0.114105515
75.06,-13.372073,-6.230806,-0.2739881
75.08,-32.6012,1.4604042,-0.114105515
75.1,-8.564792,-3.6670694,-0.4338706
75.119995,-8.564792,-2.8659017,-0.114105515
75.14,-8.564792,-1.5840333,-0.4338706
75.159996,44.315308,5.3060093,-0.114105515
75.18,-8.564792,-12.31968,-0.4338706
75.2,-22.986637,7.3890457,-0.2739881
75.22,87.58084,12.51652,0.045777034
75.24,82.77356,8.991381,-0.114105515
75.259995,44.315308,-4.14777,-0.2739881
75.28,-80.67402,-5.2694044,-0.2739881
75.299995,-37.40848,-8.313842,-0.114105515
75.32,49.122585,-13.281082,-0.59375316
75.34,-42.215763,4.9855423,-0.2739881
75.36,222.18472,7.3890457,-0.9135183
75.38,-8.564792,3.5434403,-0.4338706
75.4,10.664334,0.9797035,-0.2739881
75.42,-32.6012,6.908345,0.36554214
75.439995,25.08618,7.3890457,0.045777034
75.46,20.278896,-3.6670694,-0.114105515
75.479996,-61.44489,-3.9875362,-0.4338706
75.5,10.664334,4.184375,-0.2739881
75.52,49.122585,0.49900287,-0.4338706
75.54,44.315308,3.0627398,-0.114105515
75.56,1.049771,-8.474075,-0.2739881
75.58,-3.7575107,-1.1033326,-0.114105515
75.6,29.893461,2.7422726,0.045777034
75.619995,-75.86674,-5.589872,-0.4338706
75.64,73.159,5.145776,-0.114105515
75.659996,1.049771,0.49900287,-0.114105515
75.68,10.664334,-0.7828655,-0.4338706
75.7,-42.215763,-6.5512733,-0.4338706
75.72,92.38812,5.9469438,0.045777034
75.74,63.54443,5.9469438,-0.2739881
75.759995,-42.215763,-4.468237,-0.114105515
75.78,5.857053,-0.30216488,-0.59375316
75.799995,5.857053,8.510681,-0.2739881
75.82,87.58084,7.549279,0.045777034
75.84,-61.44489,-8.474075,0.20565958
75.86,25.08618,9.952783,0.20565958
75.88,68.35171,-4.6284704,-0.4338706
75.9,15.471616,2.902506,0.045777034
75.92,20.278896,0.49900287,0.36554214
75.939995,68.35171,-4.468237,-0.114105515
75.96,5.857053,6.5878778,0.36554214
75.979996,-99.903145,-13.601548,-0.4338706
76.0,34.700745,15.400723,0.045777034
76.02,-51.830326,-6.5512733,-0.114105515
76.04,1.049771,-6.5512733,0.045777034
76.06,15.471616,8.350447,0.20565958
76.08,-51.830326,2.4218054,-0.114105515
76.1,25.08618,3.0627398,-0.114105515
76.119995,-61.44489,-3.5068357,-0.7536357
76.14,-8.564792,7.0685787,0.5254247
76.159996,34.700745,-3.3466022,0.045777034
76.18,-32.6012,-4.6284704,-0.2739881
76.2,39.508022,-1.5840333,-0.114105515
76.22,-3.7575107,4.6650753,-0.114105515
76.24,-8.564792,-7.833141,0.045777034
76.259995,10.664334,3.8639073,0.20565958
76.28,82.77356,-6.230806,0.045777034
76.299995,15.471616,2.7422726,0.045777034
76.32,-200.85605,-16.80622,-0.114105515
76.34,68.35171,-4.6284704,0.20565958
76.36,5.857053,0.49900287,0.36554214
76.38,5.857053,1.7808713,-0.114105515
76.4,-85.48129,8.831148,0.68530726
76.42,39.508022,-3.9875362,0.20565958
76.439995,-66.25217,5.466243,0.68530726
76.46,-3.7575107,-0.7828655,0.36554214
76.479996,53.92987,0.33876932,-0.2739881
76.5,63.54443,0.17853576,0.045777034
76.52,49.122585,6.2674108,0.20565958
76.54,-42.215763,-0.62263197,-0.2739881
76.56,5.857053,-6.0705724,-0.114105515
76.58,-8.564792,-0.7828655,0.045777034
76.6,-18.179356,16.682592,0.5254247
76.619995,44.315308,2.7422726,0.20565958
76.64,-71.05945,-11.358279,-0.114105515
76.659996,111.61725,19.727032,0.5254247
76.68,-32.6012,-6.0705724,0.045777034
76.7,-22.986637,-0.7828655,0.20565958
76.72,49.122585,-7.0319734,-0.114105515
76.74,53.92987,-0.30216488,-0.114105515
76.759995,116.42453,4.3446083,0.045777034
76.78,-18.179356,9.311849,0.5254247
76.799995,49.122585,9.792548,0.20565958
76.82,20.278896,-0.14193134,0.20565958
76.84,1.049771,-0.30216488,0.36554214
76.86,92.38812,13.157454,0.045777034
76.88,-32.6012,2.261572,0.5254247
76.9,1.049771,1.4604042,0.20565958
76.92,140.46094,4.504842,-0.2739881
76.939995,-95.09586,-8.153608,-0.114105515
76.96,1.049771,-0.30216488,-0.2739881
76.979996,-42.215763,6.2674108,0.20565958
77.0,29.893461,-8.794542,-0.114105515
77.02,68.35171,3.0627398,0.20565958
77.04,-104.71042,-5.2694044,0.045777034
77.06,15.471616,-6.8717403,-0.2739881
77.08,20.278896,-1.7442669,0.045777034
77.1,111.61725,7.8697467,-0.114105515
77.119995,34.700745,4.6650753,-0.2739881
77.14,-32.6012,2.1013381,-0.59375316
77.159996,97.195404,-1.9045002,-0.4338706
77.18,5.857053,-1.7442669,-0.2739881
77.2,34.700745,-8.474075,0.045777034
77.22,77.96628,-1.4237996,-0.114105515
77.24,-8.564792,-0.14193134,-0.4338706
77.259995,53.92987,1.9411048,0.045777034
77.28,-99.903145,-1.2635663,0.045777034
77.299995,1.049771,-9.115009,-0.4338706
77.32,10.664334,-2.5454345,-0.2739881
77.34,193.34105,17.96446,0.045777034
77.36,73.159,-6.5512733,-0.4338706
77.38,-85.48129,-6.711507,-0.4338706
77.4,5.857053,-3.1863687,-0.7536357
77.42,-3.7575107,1.139937,0.045777034
77.439995,1.049771,0.81947,0.045777034
77.46,-90.288574,-7.5126743,-0.2739881
77.479996,-75.86674,-6.8717403,-0.114105515
77.5,87.58084,2.5820389,-0.2739881
77.52,29.893461,11.074417,-0.114105515
77.54,164.49734,5.78671,-0.114105515
77.56,-8.564792,4.024141,-0.114105515
77.58,-13.372073,4.6650753,0.20565958
77.6,-32.6012,-1.5840333,-0.4338706
77.619995,-32.6012,2.902506,0.045777034
77.64,15.471616,5.6264763,0.045777034
77.659996,53.92987,4.024141,-0.4338706
77.68,-123.93955,4.9855423,-0.114105515
77.7,-32.6012,3.5434403,-0.2739881
77.72,10.664334,-2.2249672,-0.2739881
77.74,116.42453,18.925863,-0.2739881
77.759995,-47.023045,-3.5068357,-0.2739881
77.78,29.893461,-0.62263197,-0.59375316
77.799995,10.664334,-2.8659017,-0.114105515
77.82,25.08618,-2.0647337,-0.114105515
77.84,-138.36139,-5.7501054,-0.114105515
77.86,63.54443,1.9411048,0.045777034
77.88,-3.7575107,0.018302217,-0.2739881
77.9,-56.637608,-8.634309,-0.7536357
77.92,97.195404,-0.14193134,-0.2739881
77.939995,68.35171,1.9411048,-0.59375316
77.96,-3.7575107,-8.313842,-0.114105515
77.979996,10.664334,-3.3466022,-0.114105515
78.0,10.664334,2.1013381,0.045777034
78.02,-3.7575107,3.2229733,0.20565958
78.04,-109.5177,-11.999213,0.045777034
78.06,29.893461,6.5878778,-0.114105515
78.08,-75.86674,-7.993375,-0.4338706
78.1,198.14832,6.4276443,-0.114105515
78.119995,-99.903145,-5.910339,-0.114105515
78.14,92.38812,20.367966,-0.2739881
78.159996,-47.023045,-8.313842,-0.59375316
78.18,10.664334,12.8369875,0.36554214
78.2,-66.25217,1.9411048,0.20565958
78.22,-56.637608,-11.037811,0.045777034
78.24,29.893461,6.5878778,0.5254247
78.259995,-22.986637,2.261572,-0.114105515
78.28,-229.69974,-8.954777,0.045777034
78.299995,49.122585,-1.1033326,-0.114105515
78.32,-3.7575107,6.2674108,-0.114105515
78.34,-27.793919,-2.8659017,0.20565958
78.36,15.471616,-7.993375,-0.2739881
78.38,10.664334,-0.30216488,0.045777034
78.4,-8.564792,-1.7442669,-0.114105515
78.42,39.508022,13.477921,0.68530726
78.439995,10.664334,4.024141,0.5254247
78.46,44.315308,7.709513,0.20565958
78.479996,97.195404,0.33876932,-0.114105515
78.5,-56.637608,0.6592364,0.20565958
78.52,-3.7575107,-6.8717403,-0.114105515
78.54,77.96628,19.566797,0.045777034
78.56,53.92987,-1.5840333,-0.114105515
78.58,-37.40848,1.7808713,0.20565958
78.6,126.0391,0.33876932,-0.114105515
78.619995,-22.986637,1.9411048,0.045777034
78.64,-56.637608,0.17853576,0.045777034
78.659996,111.61725,9.472081,-0.59375316
78.68,-56.637608,3.7036738,-0.114105515
78.7,25.08618,-0.62263197,-0.4338706
78.72,58.737152,-12.640147,-0.9135183
78.74,-95.09586,-4.948938,-0.4338706
78.759995,-47.023045,-2.8659017,-0.59375316
78.78,44.315308,10.914185,-0.114105515
78.799995,34.700745,-0.14193134,-0.114105515
78.82,-18.179356,-4.3080034,-0.4338706
78.84,-167.20508,1.4604042,0.36554214
78.86,1.049771,-6.5512733,-0.7536357
78.88,-80.67402,-9.275244,-0.114105515
78.9,29.893461,1.6206378,-0.2739881
78.92,-27.793919,7.228812,0.045777034
78.939995,-75.86674,-0.9430991,-0.114105515
78.96,-42.215763,6.1071773,0.20565958
78.979996,130.84637,8.350447,-0.2739881
79.0,58.737152,6.2674108,-0.2739881
79.02,-18.179356,-1.2635663,-0.4338706
79.04,-27.793919,6.7481112,-0.114105515
79.06,29.893461,-5.429638,-0.4338706
79.08,-42.215763,-0.14193134,-0.2739881
79.1,-47.023045,-7.0319734,-0.4338706
79.119995,-51.830326,-8.474075,-0.7536357
79.14,29.893461,-7.993375,-0.7536357
79.159996,39.508022,1.4604042,-0.114105515
79.18,-42.215763,-20.812057,-0.59375316
79.2,5.857053,3.5434403,-0.2739881
79.22,-42.215763,0.9797035,-0.2739881
79.24,-32.6012,9.151615,-0.114105515
79.259995,44.315308,-3.6670694,-0.4338706
79.28,-32.6012,-6.230806,0.045777034
79.299995,-3.7575107,-8.794542,-0.59375316
79.32,-51.830326,-3.1863687,-0.2739881
79.34,-32.6012,-4.948938,-0.114105515
79.36,-3.7575107,3.7036738,-0.2739881
79.38,39.508022,2.7422726,-0.2739881
79.4,-8.564792,0.018302217,-0.2739881
79.42,15.471616,9.472081,0.5254247
79.439995,5.857053,-0.62263197,0.045777034
79.46,135.65366,26.296606,-0.114105515
79.479996,-32.6012,2.1013381,0.045777034
79.5,-99.903145,-8.153608,0.045777034
79.52,-8.564792,6.2674108,0.045777034
79.54,20.278896,11.074417,-0.114105515
79.56,-114.32499,4.6650753,0.045777034
79.58,-42.215763,-2.2249672,-0.114105515
79.6,-22.986637,1.7808713,0.045777034
79.619995,1.049771,5.466243,0.045777034
79.64,-51.830326,-0.62263197,0.045777034
79.659996,39.508022,-2.385201,-0.2739881
79.68,-75.86674,-2.8659017,-0.4338706
79.7,-8.564792,0.6592364,0.20565958
79.72,-90.288574,0.33876932,0.045777034
79.74,49.122585,4.3446083,-0.2739881
79.759995,15.471616,3.2229733,-0.114105515
79.78,1.049771,-4.468237,0.045777034
79.799995,25.08618,0.9797035,-0.4338706
79.82,-3.7575107,7.709513,-0.114105515
79.84,-42.215763,-6.5512733,-0.4338706
79.86,-37.40848,-3.3466022,-0.2739881
79.88,58.737152,0.9797035,-0.2739881
79.9,-90.288574,-15.524351,-0.2739881
79.92,-18.179356,-4.7887044,-0.2739881
79.939995,39.508022,1.7808713,-0.4338706
79.96,-61.44489,-9.275244,0.045777034
79.979996,-181.62692,-16.485752,-0.4338706
80.0,-66.25217,7.0685787,0.045777034
80.02,44.315308,14.759789,0.045777034
80.04,25.08618,3.8639073,-0.114105515
80.06,-71.05945,-5.2694044,-0.4338706
80.08,5.857053,0.018302217,-0.114105515
80.1,44.315308,-1.4237996,0.045777034
80.119995,25.08618,4.504842,0.045777034
80.14,-22.986637,0.33876932,-0.2739881
80.159996,63.54443,-15.524351,-0.4338706
80.18,-13.372073,4.6650753,-0.114105515
80.2,15.471616,1.6206378,-0.2739881
80.22,-80.67402,-1.9045002,-0.114105515
80.24,10.664334,0.17853576,-0.4338706
80.259995,49.122585,-0.9430991,-0.114105515
80.28,-123.93955,-2.5454345,0.045777034
80.299995,92.38812,9.151615,-0.4338706
80.32,-27.793919,2.902506,-0.114105515
80.34,-51.830326,-2.385201,0.045777034
80.36,25.08618,6.4276443,-0.114105515
80.38,-37.40848,-0.30216488,-0.4338706
80.4,-37.40848,4.825309,0.20565958
80.42,-3.7575107,11.394884,-0.114105515
80.439995,164.49734,12.51652,-0.2739881
80.46,58.737152,0.81947,-0.2739881
80.479996,63.54443,2.261572,-0.114105515
80.5,-8.564792,3.5434403,0.045777034
80.52,-42.215763,-5.2694044,-0.4338706
80.54,106.80997,10.433483,-0.114105515
80.56,-22.986637,-0.30216488,-0.4338706
80.58,1.049771,0.33876932,-0.114105515
80.6,10.664334,4.3446083,-0.4338706
80.619995,-8.564792,10.27325,0.20565958
80.64,-32.6012,-4.3080034,-0.4338706
80.659996,39.508022,0.9797035,0.20565958
80.68,-239.31432,-9.275244,-0.2739881
80.7,44.315308,5.6264763,-0.4338706
80.72,-18.179356,0.17853576,-0.59375316
80.74,1.049771,-7.672908,-0.59375316
80.759995,-18.179356,-3.6670694,-0.59375316
80.78,-61.44489,-1.4237996,-0.114105515
80.799995,-3.7575107,4.6650753,-0.4338706
80.82,-37.40848,-6.711507,0.20565958
80.84,53.92987,-0.62263197,-0.59375316
80.86,-27.793919,0.9797035,-0.114105515
80.88,-27.793919,-5.7501054,-0.4338706
80.9,44.315308,6.4276443,-0.4338706
80.92,-99.903145,-13.281082,-0.114105515
80.939995,-18.179356,4.9855423,-0.4338706
80.96,-8.564792,-1.1033326,-0.2739881
80.979996,44.315308,-0.14193134,-0.59375316
81.0,-32.6012,-3.026135,-0.114105515
81.02,-104.71042,2.4218054,0.20565958
81.04,-13.372073,-0.14193134,-0.4338706
81.06,-47.023045,3.8639073,-0.2739881
81.08,63.54443,4.504842,-0.114105515
81.1,20.278896,-4.14777,-0.2739881
81.119995,-37.40848,0.81947,0.20565958
81.14,1.049771,-0.9430991,0.045777034
81.159996,-3.7575107,-5.589872,-0.4338706
81.18,-32.6012,1.7808713,-0.114105515
81.2,-85.48129,-13.120848,0.045777034
81.22,20.278896,3.2229733,0.20565958
81.24,97.195404,5.9469438,0.045777034
81.259995,34.700745,-0.7828655,0.045777034
81.28,-61.44489,-2.0647337,-0.114105515
81.299995,-42.215763,-8.153608,-0.4338706
81.32,-22.986637,8.670914,-0.114105515
81.34,39.508022,-3.6670694,0.045777034
81.36,-8.564792,0.49900287,-0.2739881
81.38,-51.830326,-8.313842,-0.114105515
81.4,-51.830326,1.6206378,0.045777034
81.42,1.049771,1.6206378,0.045777034
81.439995,-13.372073,-5.1091714,-0.4338706
81.46,-8.564792,-0.14193134,0.045777034
81.479996,39.508022,0.6592364,-0.114105515
81.5,39.508022,1.3001705,0.5254247
81.52,-47.023045,6.908345,0.5254247
81.54,-8.564792,1.6206378,0.20565958
81.56,-27.793919,4.9855423,0.045777034
81.58,-27.793919,-3.026135,0.20565958
81.6,111.61725,4.184375,0.20565958
81.619995,10.664334,1.7808713,0.045777034
81.64,53.92987,-4.6284704,-0.4338706
81.659996,102.002686,14.439322,-0.114105515
81.68,25.08618,2.4218054,0.045777034
81.7,-27.793919,-3.9875362,0.20565958
81.72,-90.288574,1.3001705,0.36554214
81.74,82.77356,17.163294,-0.114105515
81.759995,20.278896,-1.2635663,0.045777034
81.78,-71.05945,-0.46239844,0.045777034
81.799995,49.122585,7.0685787,-0.114105515
81.82,-3.7575107,-3.5068357,0.045777034
81.84,15.471616,1.7808713,0.045777034
81.86,-51.830326,6.1071773,0.20565958
81.88,-8.564792,6.4276443,0.20565958
81.9,-27.793919,0.49900287,0.36554214
81.92,63.54443,5.78671,-0.114105515
81.939995,-8.564792,-4.7887044,-0.2739881
81.96,15.471616,-1.1033326,-0.114105515
81.979996,159.69006,8.02998,-0.114105515
82.0,-18.179356,-5.1091714,-0.59375316
82.02,-47.023045,-11.037811,0.20565958
82.04,5.857053,-4.14777,0.20565958
82.06,-56.637608,-10.396878,0.045777034
82.08,-22.986637,-7.352441,0.20565958
82.1,1.049771,-4.468237,0.20565958
82.119995,20.278896,4.6650753,0.045777034
82.14,5.857053,0.9797035,0.045777034
82.159996,29.893461,9.311849,0.20565958
82.18,-56.637608,-15.524351,0.20565958
82.2,-56.637608,-6.0705724,-0.114105515
82.22,25.08618,-11.358279,-0.114105515
82.24,39.508022,2.1013381,0.20565958
82.259995,-8.564792,5.466243,0.36554214
82.28,10.664334,-2.0647337,0.36554214
82.299995,25.08618,3.7036738,0.36554214
82.32,15.471616,10.433483,0.5254247
82.34,-3.7575107,1.7808713,0.20565958
82.36,10.664334,-2.385201,0.045777034
82.38,-32.6012,7.0685787,0.5254247
82.4,10.664334,4.504842,0.20565958
82.42,-8.564792,0.6592364,0.5254247
82.439995,53.92987,-2.0647337,0.045777034
82.46,5.857053,-1.5840333,0.20565958
82.479996,53.92987,-3.1863687,-0.114105515
82.5,-18.179356,-2.7056682,-0.114105515
82.52,20.278896,6.7481112,0.20565958
82.54,20.278896,3.5434403,0.045777034
82.56,-22.986637,6.1071773,0.36554214
82.58,10.664334,1.7808713,-0.114105515
82.6,-3.7575107,-13.922015,0.20565958
82.619995,-47.023045,-4.6284704,-0.114105515
82.64,5.857053,2.902506,0.36554214
82.659996,-3.7575107,-1.5840333,0.045777034
82.68,-99.903145,0.81947,0.20565958
82.7,126.0391,9.472081,-0.114105515
82.72,20.278896,-1.5840333,0.045777034
82.74,5.857053,-9.755944,-0.114105515
82.759995,-71.05945,0.9797035,0.68530726
82.78,-3.7575107,-5.1091714,0.36554214
82.799995,-61.44489,-3.5068357,0.36554214
82.82,53.92987,-1.9045002,0.045777034
82.84,73.159,4.3446083,0.36554214
82.86,5.857053,6.908345,0.36554214
82.88,-37.40848,-2.2249672,0.20565958
82.9,102.002686,4.6650753,0.045777034
82.92,-90.288574,-7.352441,0.5254247
82.939995,-18.179356,-1.1033326,0.20565958
82.96,53.92987,11.715352,0.8451898
82.979996,-3.7575107,-5.7501054,-0.2739881
83.0,29.893461,-7.993375,-0.2739881
83.02,15.471616,0.33876932,0.36554214
83.04,25.08618,9.632316,0.5254247
83.06,25.08618,4.024141,0.5254247
83.08,77.96628,6.1071773,0.045777034
83.1,63.54443,6.5878778,0.5254247
83.119995,29.893461,-6.3910394,0.36554214
83.14,10.664334,-0.14193134,0.20565958
83.159996,-18.179356,-0.46239844,0.5254247
83.18,1.049771,-0.9430991,0.36554214
83.2,-114.32499,-2.7056682,0.68530726
83.22,-13.372073,4.6650753,0.8451898
83.24,53.92987,4.184375,0.8451898
83.259995,-18.179356,-7.5126743,0.5254247
83.28,15.471616,-6.0705724,0.68530726
83.299995,-56.637608,-1.2635663,0.68530726
83.32,5.857053,8.510681,0.68530726
83.34,82.77356,3.7036738,0.68530726
83.36,25.08618,1.3001705,0.68530726
83.38,-18.179356,-8.313842,0.045777034
83.4,34.700745,-3.9875362,0.36554214
83.42,-42.215763,-4.948938,0.36554214
83.439995,169.30463,17.483759,0.68530726
83.46,5.857053,2.902506,0.5254247
83.479996,63.54443,6.5878778,0.20565958
83.5,1.049771,3.5434403,0.5254247
83.52,-3.7575107,0.018302217,0.20565958
83.54,44.315308,8.991381,0.36554214
83.56,44.315308,7.549279,0.68530726
83.58,-22.986637,-0.7828655,0.5254247
83.6,-13.372073,-4.3080034,0.20565958
83.619995,25.08618,-4.6284704,0.045777034
83.64,-51.830326,-0.30216488,0.20565958
83.659996,-13.372073,-1.7442669,0.68530726
83.68,77.96628,14.759789,0.36554214
83.7,-66.25217,-4.948938,0.5254247
83.72,25.08618,8.831148,0.68530726
83.74,44.315308,9.311849,0.68530726
83.759995,178.91919,13.477921,0.68530726
83.78,58.737152,-7.352441,0.045777034
83.799995,-61.44489,-12.31968,0.20565958
83.82,-13.372073,-4.3080034,0.36554214
83.84,49.122585,4.024141,0.5254247
83.86,15.471616,14.1188545,0.68530726
83.88,-99.903145,-4.3080034,0.36554214
83.9,-8.564792,3.8639073,0.36554214
83.92,73.159,8.02998,0.5254247
83.939995,-56.637608,-3.6670694,0.20565958
83.96,169.30463,15.72119,0.68530726
83.979996,25.08618,3.0627398,0.36554214
84.0,25.08618,11.074417,0.5254247
84.02,-138.36139,-18.088087,0.045777034
84.04,29.893461,-4.6284704,0.045777034
84.06,135.65366,4.184375,0.5254247
84.08,10.664334,-10.236644,0.20565958
84.1,1.049771,6.5878778,0.8451898
84.119995,15.471616,-2.5454345,0.20565958
84.14,49.122585,2.4218054,0.5254247
84.159996,-47.023045,-9.916177,0.5254247
84.18,25.08618,0.9797035,0.68530726
84.2,53.92987,4.024141,0.68530726
84.22,-8.564792,5.78671,0.68530726
84.24,-3.7575107,-5.429638,0.5254247
84.259995,53.92987,-2.8659017,0.8451898
84.28,1.049771,3.5434403,0.20565958
84.299995,34.700745,5.6264763,0.68530726
84.32,106.80997,5.466243,0.5254247
84.34,-56.637608,-3.026135,0.5254247
84.36,5.857053,-10.396878,0.20565958
84.38,-90.288574,-8.634309,0.36554214
84.4,44.315308,3.2229733,0.68530726
84.42,111.61725,8.02998,1.164955
84.439995,-8.564792,5.466243,0.5254247
84.46,25.08618,6.1071773,0.68530726
84.479996,106.80997,3.2229733,0.045777034
84.5,68.35171,0.33876932,0.36554214
84.52,-18.179356,0.9797035,0.68530726
84.54,159.69006,10.593717,0.68530726
84.56,58.737152,-3.1863687,0.5254247
84.58,29.893461,1.139937,0.36554214
84.6,77.96628,0.018302217,0.5254247
84.619995,130.84637,8.190214,0.36554214
84.64,49.122585,12.196053,0.20565958
84.659996,63.54443,0.9797035,0.68530726
84.68,63.54443,9.311849,0.68530726
84.7,92.38812,-4.14777,0.045777034
84.72,25.08618,0.018302217,0.8451898
84.74,82.77356,19.566797,0.5254247
84.759995,145.26822,1.3001705,0.5254247
84.78,-3.7575107,0.81947,0.5254247
84.799995,44.315308,-0.30216488,0.68530726
84.82,-3.7575107,6.4276443,0.36554214
84.84,-119.13227,-1.4237996,0.045777034
84.86,49.122585,-1.9045002,0.36554214
84.88,-27.793919,-24.016727,0.20565958
84.9,68.35171,4.6650753,0.5254247
84.92,5.857053,1.7808713,0.36554214
84.939995,-61.44489,-1.1033326,0.36554214
84.96,-128.74683,-3.9875362,0.68530726
84.979996,-42.215763,5.3060093,1.164955
85.0,25.08618,-1.7442669,0.8451898
85.02,-18.179356,4.3446083,0.36554214
85.04,-3.7575107,-3.3466022,0.20565958
85.06,164.49734,12.676753,0.20565958
85.08,116.42453,6.7481112,0.68530726
85.1,5.857053,2.5820389,0.68530726
85.119995,-22.986637,-1.1033326,0.68530726
85.14,-47.023045,-1.7442669,0.20565958
85.159996,97.195404,-5.2694044,0.20565958
85.18,-47.023045,-12.960614,0.20565958
85.2,34.700745,4.024141,0.68530726
85.22,135.65366,1.4604042,0.045777034
85.24,5.857053,4.024141,0.8451898
85.259995,-8.564792,-2.2249672,1.164955
85.28,111.61725,6.1071773,0.5254247
85.299995,15.471616,3.7036738,0.68530726
85.32,-95.09586,-13.281082,0.36554214
85.34,68.35171,1.6206378,0.8451898
85.36,-32.6012,-6.230806,0.68530726
85.38,-18.179356,-12.640147,0.8451898
85.4,1.049771,4.184375,0.36554214
85.42,-8.564792,1.7808713,0.36554214
85.439995,49.122585,1.139937,0.36554214
85.46,39.508022,1.4604042,0.68530726
85.479996,5.857053,1.4604042,0.36554214
85.5,44.315308,0.9797035,0.5254247
85.52,20.278896,-10.877579,0.36554214
85.54,-22.986637,1.9411048,0.68530726
85.56,1.049771,12.51652,1.164955
85.58,-51.830326,-0.46239844,0.36554214
85.6,25.08618,0.6592364,0.36554214
85.619995,188.53375,26.45684,0.5254247
85.64,-32.6012,-1.2635663,0.5254247
85.659996,10.664334,2.4218054,0.68530726
85.68,-47.023045,-4.7887044,0.36554214
85.7,87.58084,1.4604042,0.68530726
85.72,10.664334,0.33876932,0.5254247
85.74,29.893461,4.825309,0.68530726
85.759995,-71.05945,-8.954777,0.36554214
85.78,49.122585,5.6264763,0.5254247
85.799995,15.471616,-0.7828655,0.5254247
85.82,39.508022,9.151615,0.5254247
85.84,-22.986637,-5.7501054,0.5254247
85.86,34.700745,4.024141,0.5254247
85.88,44.315308,4.024141,0.68530726
85.9,58.737152,8.190214,0.5254247
85.92,-22.986637,-7.352441,0.20565958
85.939995,25.08618,-0.62263197,0.5254247
85.96,15.471616,-13.601548,-0.114105515
85.979996,5.857053,-3.6670694,-0.114105515
86.0,63.54443,8.510681,0.8451898
86.02,126.0391,7.3890457,0.20565958
86.04,68.35171,7.0685787,0.5254247
86.06,53.92987,0.17853576,0.20565958
86.08,-37.40848,11.074417,0.8451898
86.1,49.122585,3.5434403,0.5254247
86.119995,-8.564792,0.018302217,0.045777034
86.14,-157.59052,-14.242482,0.8451898
86.159996,29.893461,-4.948938,0.36554214
86.18,-22.986637,-4.14777,0.045777034
86.2,39.508022,8.350447,0.36554214
86.22,-32.6012,0.9797035,0.20565958
86.24,-37.40848,3.8639073,0.5254247
86.259995,130.84637,-15.844818,-0.2739881
86.28,25.08618,1.139937,0.5254247
86.299995,-71.05945,-9.275244,-0.114105515
86.32,10.664334,-0.46239844,0.20565958
86.34,10.664334,-3.9875362,0.20565958
86.36,53.92987,8.831148,0.68530726
86.38,-56.637608,-18.729021,-0.4338706
86.4,97.195404,1.9411048,0.045777034
86.42,-95.09586,-3.3466022,0.20565958
86.439995,5.857053,-2.7056682,-0.114105515
86.46,49.122585,-2.385201,0.20565958
86.479996,53.92987,-3.5068357,-0.2739881
86.5,-13.372073,-3.6670694,0.045777034
86.52,53.92987,11.875586,0.20565958
86.54,10.664334,-2.5454345,0.36554214
86.56,-66.25217,-2.0647337,0.20565958
86.58,5.857053,2.4218054,0.20565958
86.6,10.664334,-1.9045002,0.045777034
86.619995,58.737152,10.593717,0.045777034
86.64,-8.564792,-4.948938,-0.2739881
86.659996,44.315308,4.9855423,0.68530726
86.68,25.08618,0.9797035,0.045777034
86.7,34.700745,1.4604042,0.5254247
86.72,29.893461,13.798388,0.68530726
86.74,-71.05945,0.9797035,0.045777034
86.759995,44.315308,-5.7501054,0.045777034
86.78,25.08618,4.6650753,0.36554214
86.799995,-42.215763,0.018302217,0.045777034
86.82,5.857053,5.466243,0.045777034
86.84,-143.16867,-9.755944,0.20565958
86.86,1.049771,3.8639073,0.5254247
86.88,-47.023045,-1.9045002,0.5254247
86.9,-80.67402,3.0627398,0.5254247
86.92,-47.023045,-1.5840333,-0.114105515
86.939995,63.54443,-5.2694044,0.045777034
86.96,82.77356,10.593717,0.8451898
86.979996,121.23181,11.875586,0.68530726
87.0,164.49734,21.649834,0.5254247
87.02,-22.986637,6.1071773,0.36554214
87.04,-8.564792,-3.026135,0.68530726
87.06,-8.564792,7.228812,0.8451898
87.08,-18.179356,12.035819,0.8451898
87.1,92.38812,3.2229733,0.36554214
87.119995,34.700745,-1.4237996,0.5254247
87.14,25.08618,-3.1863687,0.20565958
87.159996,20.278896,-0.62263197,0.5254247
87.18,82.77356,-3.9875362,0.36554214
87.2,-42.215763,-1.4237996,0.68530726
87.22,20.278896,2.4218054,0.8451898
87.24,135.65366,1.3001705,0.5254247
87.259995,-99.903145,-17.286919,0.68530726
87.28,10.664334,7.0685787,0.68530726
87.299995,29.893461,0.33876932,0.5254247
87.32,150.0755,16.52236,1.0050724
87.34,73.159,-5.1091714,0.5254247
87.36,34.700745,1.7808713,0.5254247
87.38,-42.215763,-6.0705724,0.36554214
87.4,63.54443,4.024141,0.5254247
87.42,39.508022,1.4604042,0.20565958
87.439995,20.278896,5.9469438,0.68530726
87.46,-3.7575107,-3.3466022,0.68530726
87.479996,34.700745,9.311849,0.68530726
87.5,29.893461,3.8639073,0.5254247
87.52,73.159,-0.14193134,0.68530726
87.54,92.38812,0.6592364,0.68530726
87.56,-42.215763,6.1071773,1.0050724
87.58,68.35171,-6.3910394,0.20565958
87.6,-8.564792,4.024141,0.68530726
87.619995,68.35171,3.2229733,0.68530726
87.64,29.893461,17.643993,1.3248374
87.659996,-56.637608,-0.9430991,0.68530726
87.68,116.42453,17.483759,1.0050724
87.7,-162.3978,-22.895092,0.20565958
87.72,150.0755,13.477921,0.8451898
87.74,5.857053,-4.3080034,0.20565958
87.759995,-27.793919,1.4604042,0.68530726
87.78,102.002686,13.157454,0.8451898
87.799995,97.195404,4.184375,0.8451898
87.82,34.700745,7.228812,1.0050724
87.84,-75.86674,-16.165285,0.20565958
87.86,92.38812,-5.1091714,0.5254247
87.88,111.61725,7.0685787,0.36554214
87.9,-3.7575107,0.33876932,0.68530726
87.92,-8.564792,1.3001705,0.5254247
87.939995,15.471616,-0.7828655,0.36554214
87.96,39.508022,4.024141,0.5254247
87.979996,-18.179356,-7.5126743,0.045777034
88.0,92.38812,5.466243,0.36554214
88.02,1.049771,12.356286,0.68530726
88.04,20.278896,-6.0705724,0.20565958
88.06,-61.44489,-0.7828655,0.20565958
88.08,29.893461,5.466243,0.5254247
88.1,39.508022,10.593717,0.8451898
88.119995,34.700745,1.9411048,0.5254247
88.14,73.159,7.8697467,0.20565958
88.159996,29.893461,-5.429638,0.045777034
88.18,15.471616,3.3832066,0.5254247
88.2,150.0755,16.041658,0.5254247
88.22,39.508022,2.261572,0.20565958
88.24,58.737152,-0.7828655,0.20565958
88.259995,-95.09586,-4.948938,0.36554214
88.28,82.77356,-3.3466022,0.36554214
88.299995,49.122585,1.9411048,0.36554214
88.32,-104.71042,-10.717345,0.20565958
88.34,39.508022,3.8639073,0.36554214
88.36,-133.55412,-17.126686,0.20565958
88.38,34.700745,1.6206378,0.36554214
88.4,-8.564792,6.908345,0.20565958
88.42,-42.215763,-8.313842,-0.114105515
88.439995,1.049771,0.49900287,0.5254247
88.46,-56.637608,-19.369957,0.20565958
88.479996,-51.830326,-5.429638,0.8451898
88.5,-61.44489,-13.441315,0.045777034
88.52,-18.179356,5.3060093,0.36554214
88.54,10.664334,2.7422726,0.20565958
88.56,58.737152,-5.589872,-0.114105515
88.58,25.08618,0.9797035,0.36554214
88.6,34.700745,4.184375,0.5254247
88.619995,-85.48129,-12.479914,0.5254247
88.64,-37.40848,-1.4237996,0.68530726
88.659996,53.92987,4.825309,1.3248374
88.68,-47.023045,0.17853576,0.5254247
88.7,111.61725,8.02998,0.5254247
88.72,15.471616,-3.1863687,0.20565958
88.74,130.84637,19.566797,0.68530726
88.759995,63.54443,8.02998,1.0050724
88.78,20.278896,1.4604042,0.68530726
88.799995,34.700745,-9.115009,0.20565958
88.82,68.35171,-6.5512733,0.36554214
88.84,-8.564792,-2.5454345,0.045777034
88.86,-42.215763,0.17853576,0.8451898
88.88,1.049771,-7.352441,0.20565958
88.9,20.278896,8.670914,0.5254247
88.92,-47.023045,4.504842,0.5254247
88.939995,-37.40848,-4.14777,0.20565958
88.96,39.508022,-6.8717403,0.20565958
88.979996,-90.288574,-1.5840333,0.5254247
89.0,-75.86674,-1.9045002,0.36554214
89.02,5.857053,-1.9045002,0.68530726
89.04,-13.372073,-2.8659017,0.5254247
89.06,-18.179356,9.792548,0.68530726
89.079994,82.77356,4.184375,0.68530726
89.1,-80.67402,-9.916177,0.5254247
89.119995,-22.986637,-6.0705724,1.0050724
89.14,-42.215763,-1.4237996,0.68530726
89.159996,44.315308,-2.8659017,0.68530726
89.18,-18.179356,-9.275244,0.20565958
89.2,1.049771,5.3060093,0.5254247
89.22,-3.7575107,1.6206378,0.68530726
89.24,44.315308,0.6592364,0.36554214
89.259995,-42.215763,5.466243,0.68530726
89.28,-47.023045,2.4218054,0.68530726
89.299995,-18.179356,3.7036738,0.68530726
89.32,53.92987,6.4276443,0.5254247
89.34,-109.5177,-1.5840333,0.5254247
89.36,-13.372073,-9.755944,0.045777034
89.38,29.893461,4.024141,0.36554214
89.4,-47.023045,6.5878778,0.68530726
89.42,-75.86674,-5.429638,0.36554214
89.439995,-32.6012,0.33876932,0.5254247
89.46,49.122585,9.952783,0.8451898
89.479996,20.278896,1.6206378,0.68530726
89.5,15.471616,1.3001705,0.20565958
89.52,-22.986637,-5.589872,0.20565958
89.54,207.7629,6.908345,0.36554214
89.56,-18.179356,-6.8717403,0.20565958
89.579994,-18.179356,1.7808713,0.5254247
89.6,102.002686,5.466243,0.68530726
89.619995,49.122585,-3.3466022,0.20565958
89.64,1.049771,-0.9430991,0.68530726
89.659996,97.195404,-14.562949,-0.114105515
89.68,58.737152,-2.7056682,0.36554214
89.7,10.664334,-3.5068357,0.36554214
89.72,-138.36139,-7.5126743,0.36554214
89.74,15.471616,7.3890457,0.68530726
89.759995,-13.372073,-3.1863687,0.36554214
89.78,25.08618,8.190214,0.68530726
89.799995,-104.71042,-15.203884,-0.114105515
89.82,-13.372073,-7.5126743,0.20565958
89.84,217.37746,7.549279,0.5254247
89.86,-8.564792,11.394884,0.5254247
89.88,73.159,-0.30216488,0.68530726
89.9,15.471616,1.4604042,0.36554214
89.92,-51.830326,10.113016,0.68530726
89.939995,164.49734,18.284927,1.0050724
89.96,10.664334,-0.30216488,0.36554214
89.979996,15.471616,-5.910339,0.20565958
90.0,10.664334,-3.9875362,0.20565958
90.02,39.508022,2.261572,0.68530726
90.04,-37.40848,0.33876932,0.5254247
90.06,5.857053,1.139937,0.20565958
90.079994,44.315308,4.9855423,0.5254247
90.1,-119.13227,0.9797035,0.68530726
90.119995,44.315308,4.184375,0.5254247
90.14,63.54443,12.99722,0.20565958
90.159996,-13.372073,-0.14193134,0.5254247
90.18,73.159,12.035819,0.68530726
90.2,29.893461,11.234652,1.164955
90.22,-32.6012,-4.6284704,0.20565958
90.24,77.96628,1.9411048,0.20565958
90.259995,53.92987,1.6206378,0.5254247
90.28,-22.986637,-6.230806,0.36554214
90.299995,-75.86674,-14.402717,0.36554214
90.32,-61.44489,-0.62263197,0.20565958
90.34,63.54443,5.78671,0.5254247
90.36,-42.215763,-4.14777,0.68530726
90.38,10.664334,-2.0647337,0.20565958
90.4,25.08618,-1.5840333,0.36554214
90.42,25.08618,4.6650753,0.36554214
90.439995,-3.7575107,-8.313842,0.20565958
90.46,63.54443,2.902506,0.68530726
90.479996,34.700745,3.2229733,0.68530726
90.5,20.278896,0.9797035,0.5254247
90.52,-27.793919,-5.2694044,0.36554214
90.54,-42.215763,-10.236644,0.045777034
90.56,49.122585,3.7036738,0.68530726
90.579994,106.80997,-3.026135,0.20565958
90.6,20.278896,1.4604042,0.68530726
90.619995,-51.830326,-16.325518,0.20565958
90.64,29.893461,1.3001705,0.68530726
90.659996,-3.7575107,2.902506,0.68530726
90.68,20.278896,0.49900287,0.36554214
90.7,5.857053,-1.5840333,0.5254247
90.72,-85.48129,-10.396878,1.0050724
90.74,-13.372073,-0.14193134,0.5254247
90.759995,29.893461,1.139937,0.36554214
90.78,-32.6012,3.5434403,1.0050724
90.799995,-80.67402,-6.5512733,0.5254247
90.82,-27.793919,-6.711507,0.5254247
90.84,-18.179356,-0.14193134,0.68530726
90.86,-13.372073,-4.7887044,0.5254247
90.88,226.992,5.6264763,0.20565958
90.9,-3.7575107,-5.2694044,0.36554214
90.92,82.77356,8.991381,0.5254247
90.939995,183.72647,5.6264763,0.20565958
90.96,-22.986637,0.49900287,0.68530726
90.979996,73.159,9.792548,0.5254247
91.0,34.700745,5.78671,0.68530726
91.02,20.278896,2.1013381,0.36554214
91.04,1.049771,6.7481112,0.8451898
91.06,97.195404,2.4218054,0.36554214
91.079994,102.002686,0.17853576,0.5254247
91.1,20.278896,10.27325,0.68530726
91.119995,-8.564792,4.9855423,0.20565958
91.14,-22.986637,-3.9875362,0.045777034
91.159996,-8.564792,-0.7828655,0.20565958
91.18,-27.793919,0.018302217,0.20565958
91.2,44.315308,6.4276443,0.68530726
91.22,10.664334,0.9797035,0.5254247
91.24,39.508022,-0.30216488,0.20565958
91.259995,-18.179356,5.3060093,0.5254247
91.28,10.664334,7.8697467,0.5254247
91.299995,-143.16867,-9.435476,0.20565958
91.32,-3.7575107,-0.30216488,-0.114105515
91.34,68.35171,-8.634309,0.20565958
91.36,97.195404,-4.468237,0.36554214
91.38,1.049771,-0.46239844,0.5254247
91.4,-18.179356,0.81947,0.5254247
91.42,1.049771,5.78671,0.68530726
91.439995,34.700745,6.2674108,0.36554214
91.46,15.471616,0.33876932,0.36554214
91.479996,10.664334,-14.08225,-0.2739881
91.5,-75.86674,-5.589872,0.36554214
91.52,15.471616,2.4218054,0.20565958
91.54,-51.830326,-1.1033326,0.36554214
91.56,-104.71042,8.02998,0.5254247
91.579994,-37.40848,-0.14193134,0.36554214
91.6,-42.215763,-3.026135,0.20565958
91.619995,106.80997,6.7481112,0.20565958
91.64,5.857053,1.4604042,0.36554214
91.659996,77.96628,-1.2635663,0.5254247
91.68,44.315308,0.49900287,0.20565958
91.7,-32.6012,-2.8659017,0.045777034
91.72,-13.372073,1.3001705,0.36554214
91.74,-90.288574,-16.005053,-0.114105515
91.759995,34.700745,1.6206378,0.20565958
91.78,-8.564792,-7.993375,0.20565958
91.799995,-75.86674,-12.800381,0.36554214
91.82,63.54443,6.908345,0.68530726
91.84,5.857053,0.17853576,0.20565958
91.86,25.08618,2.5820389,0.20565958
91.88,5.857053,-0.14193134,0.36554214
91.9,15.471616,-3.9875362,0.20565958
91.92,-13.372073,-10.396878,-0.114105515
91.939995,73.159,8.831148,0.36554214
91.96,77.96628,-1.1033326,0.20565958
91.979996,63.54443,-5.1091714,0.20565958
92.0,-123.93955,0.81947,0.5254247
92.02,-27.793919,-4.3080034,0.36554214
92.04,-138.36139,-4.3080034,0.68530726
92.06,20.278896,-3.5068357,0.36554214
92.079994,10.664334,-7.352441,0.68530726
92.1,29.893461,-0.7828655,0.36554214
92.119995,49.122585,1.9411048,0.20565958
92.14,5.857053,-4.468237,0.20565958
92.159996,39.508022,-0.62263197,0.045777034
92.18,29.893461,4.3446083,0.36554214
92.2,-47.023045,4.825309,0.5254247
92.22,49.122585,-0.7828655,0.5254247
92.24,106.80997,1.139937,-0.2739881
92.259995,102.002686,2.261572,0.045777034
92.28,111.61725,17.00306,0.20565958
92.299995,5.857053,6.2674108,0.36554214
92.32,25.08618,1.4604042,0.68530726
92.34,15.471616,5.78671,0.36554214
92.36,29.893461,-4.948938,-0.114105515
92.38,-27.793919,6.7481112,0.20565958
92.4,5.857053,1.7808713,0.20565958
92.42,58.737152,13.317687,0.5254247
92.439995,1.049771,-12.31968,-0.114105515
92.46,-27.793919,2.5820389,0.20565958
92.479996,-75.86674,1.3001705,0.045777034
92.5,1.049771,2.7422726,0.36554214
92.52,-22.986637,-0.62263197,0.20565958
92.54,-3.7575107,-0.7828655,0.20565958
92.56,121.23181,9.151615,0.20565958
92.579994,49.122585,6.908345,0.20565958
92.6,-3.7575107,0.9797035,0.5254247
92.619995,58.737152,7.0685787,0.68530726
92.64,-13.372073,-4.14777,-0.114105515
92.659996,1.049771,-17.447153,-0.114105515
92.68,-27.793919,1.7808713,0.045777034
92.7,-47.023045,0.018302217,0.5254247
92.72,-104.71042,-18.729021,0.20565958
92.74,-37.40848,1.4604042,0.045777034
92.759995,77.96628,9.952783,0.045777034
92.78,1.049771,-1.2635663,0.045777034
92.799995,20.278896,0.6592364,0.20565958
92.82,-61.44489,-5.429638,0.20565958
92.84,-51.830326,-3.6670694,-0.2739881
92.86,-22.986637,-4.3080034,-0.114105515
92.88,-8.564792,-0.30216488,0.20565958
92.9,-8.564792,-2.0647337,0.36554214
92.92,-109.5177,-14.883417,-0.114105515
92.939995,49.122585,-2.5454345,-0.4338706
92.96,10.664334,3.3832066,0.045777034
92.979996,-90.288574,-11.678746,0.20565958
93.0,25.08618,0.33876932,0.36554214
93.02,5.857053,-1.2635663,0.045777034
93.04,44.315308,0.17853576,0.045777034
93.06,39.508022,1.3001705,-0.114105515
93.079994,-18.179356,3.5434403,0.20565958
93.1,-13.372073,-4.7887044,-0.2739881
93.119995,-61.44489,-6.5512733,-0.114105515
93.14,-42.215763,-1.9045002,0.045777034
93.159996,87.58084,12.356286,-0.114105515
93.18,-32.6012,-0.30216488,0.20565958
93.2,29.893461,6.7481112,0.20565958
93.22,-22.986637,0.6592364,0.20565958
93.24,-3.7575107,3.7036738,0.045777034
93.259995,-42.215763,-3.1863687,0.045777034
93.28,20.278896,0.33876932,-0.2739881
93.299995,-56.637608,-20.171124,-0.59375316
93.32,87.58084,4.825309,-0.114105515
93.34,29.893461,-2.5454345,-0.114105515
93.36,25.08618,-1.1033326,-0.114105515
93.38,-90.288574,-19.530188,-0.9135183
93.4,15.471616,-1.4237996,-0.4338706
93.42,-13.372073,-0.30216488,0.045777034
93.439995,-27.793919,-15.04365,-0.4338706
93.46,44.315308,2.261572,-0.114105515
93.479996,-18.179356,0.17853576,0.045777034
93.5,-123.93955,-3.827303,-0.2739881
93.52,97.195404,-1.2635663,-0.2739881
93.54,10.664334,7.0685787,0.20565958
93.56,73.159,-1.7442669,0.20565958
93.579994,-32.6012,4.825309,0.5254247
93.6,34.700745,-1.5840333,0.20565958
93.619995,164.49734,4.6650753,-0.2739881
93.64,34.700745,-9.435476,-0.2739881
93.659996,25.08618,-16.80622,-0.4338706
93.68,25.08618,1.139937,0.045777034
93.7,-13.372073,-8.474075,-0.2739881
93.72,-61.44489,6.5878778,-0.114105515
93.74,-42.215763,-0.30216488,-0.114105515
93.759995,15.471616,-1.9045002,-0.114105515
93.78,-18.179356,6.908345,0.045777034
93.799995,53.92987,14.439322,-0.114105515
93.82,-71.05945,6.5878778,0.36554214
93.84,25.08618,-2.5454345,-0.114105515
93.86,130.84637,18.284927,0.20565958
93.88,-3.7575107,-0.62263197,-0.114105515
93.9,44.315308,0.33876932,-0.2739881
93.92,-8.564792,-4.3080034,-0.4338706
93.939995,5.857053,-1.1033326,0.20565958
93.96,82.77356,2.261572,-0.4338706
93.979996,63.54443,7.8697467,0.20565958
94.0,-37.40848,-3.1863687,0.045777034
94.02,92.38812,12.676753,0.20565958
94.04,44.315308,3.2229733,0.045777034
94.06,25.08618,-4.948938,-0.4338706
94.079994,135.65366,14.920023,0.36554214
94.1,-3.7575107,-2.8659017,0.20565958
94.119995,-32.6012,3.3832066,0.045777034
94.14,-51.830326,-10.877579,-0.4338706
94.159996,-42.215763,-16.485752,-0.4338706
94.18,-8.564792,2.1013381,0.045777034
94.2,121.23181,10.914185,-0.114105515
94.22,34.700745,-6.0705724,-0.59375316
94.24,-22.986637,0.9797035,0.045777034
94.259995,-37.40848,-3.1863687,-0.4338706
94.28,1.049771,-3.5068357,-0.114105515
94.299995,-99.903145,-10.557112,-0.2739881
94.32,-61.44489,1.139937,-0.2739881
94.34,25.08618,2.1013381,-0.2739881
94.36,-47.023045,-13.441315,-0.59375316
94.38,-22.986637,-1.4237996,0.045777034
94.4,97.195404,12.356286,-0.4338706
94.42,-66.25217,-1.5840333,-0.4338706
94.439995,-119.13227,-7.5126743,-0.2739881
94.46,73.159,5.78671,-0.114105515
94.479996,-22.986637,-0.9430991,-0.2739881
94.5,-13.372073,-8.153608,-0.2739881
94.52,207.7629,7.0685787,-0.4338706
94.54,-8.564792,-1.4237996,-0.4338706
94.56,39.508022,9.952783,-0.114105515
94.579994,34.700745,4.504842,0.045777034
94.6,63.54443,12.8369875,0.5254247
94.619995,-3.7575107,3.7036738,0.045777034
94.64,-167.20508,-18.568789,-0.2739881
94.659996,-61.44489,2.5820389,-0.114105515
94.68,15.471616,-0.7828655,-0.2739881
94.7,-56.637608,-10.076411,-0.4338706
94.72,25.08618,-1.5840333,-0.2739881
94.74,68.35171,6.2674108,-0.2739881
94.759995,34.700745,-9.275244,-0.2739881
94.78,-80.67402,2.5820389,-0.114105515
94.799995,-27.793919,4.024141,0.045777034
94.82,5.857053,6.908345,0.20565958
94.84,63.54443,2.261572,-0.114105515
94.86,5.857053,5.78671,0.045777034
94.88,-32.6012,-2.7056682,-0.2739881
94.9,-80.67402,-5.7501054,-0.2739881
94.92,82.77356,5.78671,-0.7536357
94.939995,-42.215763,4.825309,-0.114105515
94.96,-13.372073,-0.62263197,0.045777034
94.979996,53.92987,6.1071773,-0.114105515
95.0,-104.71042,-6.230806,-0.4338706
95.02,-8.564792,6.1071773,-0.114105515
95.04,68.35171,0.17853576,0.045777034
95.06,-66.25217,0.9797035,-0.114105515
95.079994,-18.179356,-1.4237996,-0.4338706
95.1,20.278896,4.184375,0.045777034
95.119995,58.737152,11.074417,-0.2739881
95.14,97.195404,8.190214,0.045777034
95.159996,-13.372073,-2.8659017,-0.2739881
95.18,29.893461,8.350447,-0.114105515
95.2,25.08618,1.139937,0.20565958
95.22,-3.7575107,1.4604042,-0.114105515
95.24,10.664334,-4.14777,-0.114105515
95.259995,-75.86674,-4.6284704,-0.114105515
95.28,-51.830326,-4.6284704,-0.4338706
95.299995,39.508022,5.3060093,-0.2739881
95.32,-66.25217,-4.7887044,-0.114105515
95.34,87.58084,4.184375,0.045777034
95.36,29.893461,0.17853576,-0.2739881
95.38,20.278896,-3.1863687,-0.4338706
95.4,1.049771,8.991381,0.20565958
95.42,-32.6012,3.8639073,0.045777034
95.439995,-186.4342,-11.198046,-0.114105515
95.46,-90.288574,-1.1033326,-0.4338706
95.479996,68.35171,3.3832066,-0.114105515
95.5,-18.179356,-0.7828655,-0.2739881
95.52,-104.71042,-8.794542,0.045777034
95.54,15.471616,-0.14193134,-0.2739881
95.56,82.77356,3.0627398,0.045777034
95.579994,-61.44489,-11.83898,-0.7536357
95.6,20.278896,1.139937,-0.114105515
95.619995,-32.6012,-5.1091714,0.045777034
95.64,-3.7575107,-3.9875362,0.20565958
95.659996,-32.6012,-3.3466022,-0.2739881
95.68,39.508022,-7.833141,-0.2739881
95.7,1.049771,2.1013381,-0.114105515
95.72,20.278896,7.228812,0.20565958
95.74,-56.637608,-2.385201,-0.114105515
95.759995,34.700745,1.139937,0.045777034
95.78,-99.903145,-7.352441,-0.2739881
95.799995,-47.023045,-9.755944,-0.2739881
95.82,-85.48129,-0.9430991,-0.2739881
95.84,-42.215763,-5.1091714,0.045777034
95.86,-3.7575107,-4.7887044,-0.114105515
95.88,15.471616,7.0685787,0.20565958
95.9,-27.793919,-9.275244,-0.114105515
95.92,92.38812,7.549279,0.045777034
95.939995,44.315308,-4.468237,-0.4338706
95.96,5.857053,21.0089,0.68530726
95.979996,34.700745,-0.14193134,0.045777034
96.0,20.278896,8.02998,-0.114105515
96.02,-42.215763,-11.198046,-0.114105515
96.04,49.122585,-0.14193134,0.045777034
96.06,15.471616,0.018302217,0.36554214
96.079994,29.893461,2.902506,0.68530726
96.1,-27.793919,-10.877579,-0.114105515
96.119995,-138.36139,0.9797035,-0.2739881
96.14,-13.372073,-7.0319734,-0.2739881
96.159996,-71.05945,-3.9875362,0.045777034
96.18,111.61725,7.709513,0.20565958
96.2,82.77356,-2.7056682,-0.114105515
96.22,15.471616,-6.3910394,-0.2739881
96.24,-18.179356,-1.5840333,-0.2739881
96.259995,10.664334,-2.8659017,0.045777034
96.28,-18.179356,-3.9875362,0.36554214
96.299995,49.122585,3.2229733,0.045777034
96.32,-8.564792,0.49900287,0.045777034
96.34,-22.986637,-1.7442669,-0.114105515
96.36,-18.179356,6.7481112,0.20565958
96.38,-66.25217,6.2674108,0.36554214
96.4,-3.7575107,-7.352441,-0.2739881
96.42,1.049771,-2.385201,0.20565958
96.439995,77.96628,-11.198046,-0.4338706
96.46,20.278896,15.881425,0.68530726
96.479996,20.278896,-8.954777,-0.2739881
96.5,44.315308,2.261572,0.20565958
96.52,44.315308,7.0685787,0.5254247
96.54,10.664334,2.4218054,-0.114105515
96.56,-99.903145,-8.954777,-0.114105515
96.579994,34.700745,6.4276443,0.045777034
96.6,-138.36139,-13.120848,-0.114105515
96.619995,-8.564792,-11.198046,-0.2739881
96.64,53.92987,3.8639073,0.045777034
96.659996,20.278896,-2.7056682,0.045777034
96.68,44.315308,2.902506,0.20565958
96.7,29.893461,-0.62263197,0.20565958
96.72,-27.793919,-3.9875362,0.20565958
96.74,1.049771,0.17853576,0.5254247
96.759995,87.58084,-18.568789,-0.59375316
96.78,-80.67402,3.0627398,0.36554214
96.799995,-56.637608,-12.31968,-0.2739881
96.82,135.65366,4.504842,0.36554214
96.84,-66.25217,0.81947,0.20565958
96.86,49.122585,6.7481112,0.20565958
96.88,73.159,8.991381,0.20565958
96.9,34.700745,1.7808713,0.20565958
96.92,-3.7575107,4.504842,0.045777034
96.939995,-27.793919,-4.14777,-0.4338706
96.96,34.700745,0.33876932,0.045777034
96.979996,49.122585,3.7036738,0.20565958
97.0,-13.372073,-14.402717,-0.2739881
97.02,-27.793919,-9.59571,-0.114105515
97.04,1.049771,4.504842,0.045777034
97.06,29.893461,3.5434403,-0.114105515
97.079994,44.315308,-12.31968,-0.4338706
97.1,-32.6012,-5.910339,0.20565958
97.119995,49.122585,-2.2249672,-0.7536357
97.14,53.92987,15.72119,-0.114105515
97.159996,111.61725,-1.7442669,-0.2739881
97.18,20.278896,-2.8659017,-0.59375316
97.2,-3.7575107,7.0685787,0.045777034
97.22,-37.40848,1.3001705,-0.114105515
97.24,-85.48129,-3.026135,-0.114105515
97.259995,-13.372073,-1.1033326,-0.4338706
97.28,135.65366,16.041658,-0.114105515
97.299995,-66.25217,-4.14777,-0.4338706
97.32,-3.7575107,3.0627398,-0.4338706
97.34,-210.47061,-27.38163,-0.4338706
97.36,-32.6012,5.145776,-0.2739881
97.38,25.08618,-10.877579,-0.7536357
97.4,44.315308,10.27325,-0.114105515
97.42,-18.179356,2.1013381,-0.114105515
97.439995,-27.793919,-6.5512733,-0.59375316
97.46,102.002686,12.8369875,-0.4338706
97.479996,-42.215763,-6.8717403,-0.4338706
97.5,-27.793919,8.510681,0.20565958
97.52,202.9556,17.163294,-0.2739881
97.54,-90.288574,-0.30216488,-0.2739881
97.56,-51.830326,-4.7887044,-0.4338706
97.579994,-75.86674,-8.313842,-0.59375316
97.6,25.08618,-8.474075,-0.9135183
97.619995,-37.40848,-5.589872,-0.7536357
97.64,92.38812,3.3832066,-0.4338706
97.659996,111.61725,-2.385201,-0.2739881
97.68,-147.97597,4.504842,0.045777034
97.7,87.58084,3.0627398,0.20565958
97.72,-128.74683,-4.7887044,-0.7536357
97.74,-27.793919,6.2674108,-0.2739881
97.759995,102.002686,13.317687,-0.4338706
97.78,-51.830326,1.6206378,0.20565958
97.799995,-32.6012,-3.6670694,-0.2739881
97.82,-51.830326,3.0627398,0.045777034
97.84,-13.372073,-17.286919,-0.59375316
97.86,-75.86674,-1.5840333,0.20565958
97.88,44.315308,-1.7442669,-0.114105515
97.9,-8.564792,0.17853576,-0.2739881
97.92,39.508022,8.831148,-0.4338706
97.939995,-51.830326,-2.385201,-0.114105515
97.96,-22.986637,-3.5068357,-0.4338706
97.979996,-8.564792,1.6206378,-0.2739881
98.0,-42.215763,6.1071773,0.20565958
98.02,-51.830326,0.33876932,0.045777034
98.04,53.92987,-2.8659017,0.20565958
98.06,-104.71042,-12.479914,-0.2739881
98.079994,-51.830326,3.7036738,-0.114105515
98.1,73.159,5.3060093,-0.114105515
98.119995,-99.903145,-9.115009,-0.2739881
98.14,-71.05945,-2.385201,-0.2739881
98.159996,106.80997,10.914185,-0.2739881
98.18,106.80997,-2.2249672,0.045777034
98.2,25.08618,-5.7501054,-0.114105515
98.22,-13.372073,0.49900287,-0.114105515
98.24,77.96628,2.4218054,0.045777034
98.259995,20.278896,2.1013381,0.36554214
98.28,-18.179356,0.81947,0.045777034
98.299995,68.35171,20.528198,0.36554214
98.32,25.08618,7.0685787,0.20565958
98.34,58.737152,1.3001705,0.045777034
98.36,-119.13227,4.184375,0.045777034
98.38,-3.7575107,0.81947,0.045777034
98.4,15.471616,0.49900287,0.045777034
98.42,1.049771,-19.049488,-0.4338706
98.439995,-56.637608,3.3832066,0.36554214
98.46,5.857053,-5.7501054,0.20565958
98.479996,-13.372073,4.504842,0.045777034
98.5,20.278896,-2.7056682,0.045777034
98.52,-138.36139,-7.993375,-0.114105515
98.54,77.96628,6.2674108,0.20565958
98.56,5.857053,-1.4237996,-0.114105515
98.579994,10.664334,-6.3910394,-0.7536357
98.6,-51.830326,0.17853576,0.045777034
98.619995,20.278896,-9.275244,-0.59375316
98.64,77.96628,10.113016,0.20565958
98.659996,44.315308,10.593717,-0.2739881
98.68,87.58084,4.6650753,0.045777034
98.7,-18.179356,-9.59571,-0.114105515
98.72,-56.637608,-2.385201,-0.2739881
98.74,63.54443,-1.1033326,-0.114105515
98.759995,44.315308,-11.999213,-0.114105515
98.78,-51.830326,0.33876932,-0.114105515
98.799995,-22.986637,4.825309,0.045777034
98.82,-99.903145,-8.313842,0.20565958
98.84,68.35171,-1.1033326,-0.114105515
98.86,-51.830326,-1.4237996,0.20565958
98.88,5.857053,3.3832066,0.045777034
98.9,1.049771,11.074417,0.36554214
98.92,-22.986637,-4.948938,-0.4338706
98.939995,-8.564792,2.902506,-0.114105515
98.96,-61.44489,-9.435476,-0.2739881
98.979996,20.278896,-1.5840333,-0.2739881
99.0,-3.7575107,-1.2635663,0.20565958
99.02,92.38812,2.4218054,-0.114105515
99.04,-3.7575107,-5.1091714,-0.59375316
99.06,-8.564792,-0.7828655,-0.114105515
99.079994,-47.023045,0.17853576,-0.114105515
99.1,145.26822,1.3001705,-0.2739881
99.119995,-18.179356,-2.385201,-0.7536357
99.14,1.049771,3.3832066,-0.2739881
99.159996,-71.05945,-14.08225,-0.114105515
99.18,39.508022,-6.0705724,-0.4338706
99.2,73.159,12.196053,0.045777034
99.22,135.65366,9.792548,-0.59375316
99.24,-22.986637,0.9797035,0.045777034
99.259995,49.122585,3.3832066,-0.114105515
99.28,-3.7575107,-6.711507,-0.2739881
99.299995,-22.986637,-5.589872,-0.114105515
99.32,1.049771,-1.7442669,-0.114105515
99.34,53.92987,-0.46239844,0.045777034
99.36,20.278896,-4.6284704,-0.114105515
99.38,-22.986637,-2.385201,-0.2739881
99.4,-90.288574,-8.634309,-0.114105515
99.42,25.08618,-7.5126743,0.045777034
99.439995,-27.793919,-3.5068357,-0.114105515
99.46,63.54443,1.4604042,-0.2739881
99.479996,5.857053,2.5820389,-0.114105515
99.5,20.278896,-0.30216488,-0.2739881
99.52,-143.16867,-11.037811,-0.59375316
99.54,39.508022,-2.0647337,-0.2739881
99.56,-109.5177,-10.076411,-0.2739881
99.579994,-42.215763,-1.1033326,0.045777034
99.6,53.92987,11.074417,0.045777034
99.619995,5.857053,-5.1091714,-0.114105515
99.64,1.049771,3.8639073,0.20565958
99.659996,-119.13227,-9.916177,-0.114105515
99.68,-8.564792,-4.14777,-0.4338706
99.7,-42.215763,5.466243,-0.114105515
99.72,-42.215763,3.7036738,-0.2739881
99.74,-32.6012,-3.026135,-0.4338706
99.759995,-85.48129,-12.640147,-0.7536357
99.78,-47.023045,4.9855423,-0.114105515
99.799995,135.65366,5.466243,-0.114105515
99.82,15.471616,8.510681,-0.114105515
99.84,-3.7575107,4.024141,0.045777034
99.86,1.049771,0.018302217,-0.114105515
99.88,-27.793919,-4.14777,0.045777034
99.9,39.508022,2.4218054,-0.2739881
99.92,-27.793919,5.9469438,0.20565958
99.939995,49.122585,-1.7442669,-0.114105515
99.96,73.159,5.3060093,-0.114105515
99.979996,-18.179356,-0.7828655,-0.2739881
100.0,102.002686,16.842825,0.20565958
100.02,-90.288574,-2.5454345,-0.114105515
100.04,1.049771,-0.30216488,-0.4338706
100.06,1.049771,4.825309,0.20565958
100.079994,34.700745,-2.7056682,-0.2739881
100.1,-32.6012,-9.59571,-0.114105515
100.119995,-71.05945,-3.827303,-0.114105515
100.14,10.664334,3.3832066,-0.114105515
100.159996,-61.44489,1.3001705,-0.2739881
100.18,-3.7575107,-0.30216488,-0.114105515
100.2,130.84637,4.3446083,-0.2739881
100.22,29.893461,4.3446083,-0.114105515
100.24,10.664334,4.9855423,0.045777034
100.259995,-13.372073,7.549279,0.20565958
100.28,10.664334,4.024141,-0.2739881
100.299995,126.0391,10.75395,-0.114105515
100.32,-66.25217,0.81947,-0.2739881
100.34,-13.372073,-1.4237996,-0.114105515
100.36,-119.13227,-13.922015,-0.4338706
100.38,29.893461,0.33876932,-0.114105515
100.4,34.700745,3.7036738,-0.114105515
100.42,-8.564792,-6.0705724,-0.114105515
100.439995,-90.288574,-13.601548,-0.4338706
100.46,1.049771,5.466243,0.045777034
100.479996,-66.25217,-4.6284704,-0.2739881
100.5,5.857053,7.8697467,0.5254247
100.52,-61.44489,-15.04365,0.045777034
100.54,20.278896,-1.4237996,-0.4338706
100.56,-18.179356,-3.026135,-0.114105515
100.579994,34.700745,6.2674108,0.045777034
100.6,-37.40848,3.3832066,0.045777034
100.619995,15.471616,-1.4237996,-0.114105515
100.64,-8.564792,4.504842,-0.4338706
100.659996,-18.179356,-8.153608,-0.59375316
100.68,29.893461,2.5820389,-0.2739881
100.7,-42.215763,-1.9045002,-0.4338706
100.72,-123.93955,-1.1033326,-0.59375316
100.74,49.122585,-2.385201,-0.2739881
100.759995,1.049771,3.0627398,-0.114105515
100.78,-13.372073,1.3001705,-0.59375316
100.799995,-13.372073,2.1013381,-0.114105515
100.82,5.857053,4.024141,-0.2739881
100.84,1.049771,2.902506,0.20565958
100.86,34.700745,3.5434403,-0.4338706
100.88,29.893461,0.9797035,-0.4338706
100.9,-37.40848,-10.076411,-0.59375316
100.92,39.508022,9.632316,-0.2739881
100.939995,-22.986637,-1.7442669,-0.2739881
100.96,-8.564792,2.4218054,-0.2739881
100.979996,-32.6012,4.184375,-0.114105515
101.0,34.700745,-0.14193134,-0.2739881
101.02,-3.7575107,-0.14193134,-0.4338706
101.04,15.471616,4.024141,-0.114105515
101.06,44.315308,8.510681,0.045777034
101.079994,-133.55412,-7.672908,-0.114105515
101.1,-104.71042,-3.6670694,0.20565958
101.119995,20.278896,10.914185,0.20565958
101.14,-32.6012,-4.3080034,0.045777034
101.159996,-42.215763,-6.230806,-0.114105515
101.18,-42.215763,-13.281082,-0.114105515
101.2,1.049771,-6.230806,-0.2739881
101.22,-71.05945,-5.7501054,-0.2739881
101.24,-56.637608,10.75395,0.36554214
101.259995,53.92987,0.6592364,0.045777034
101.28,-42.215763,-2.2249672,0.045777034
101.299995,34.700745,7.8697467,0.045777034
101.32,49.122585,-4.3080034,-0.2739881
101.34,-181.62692,-13.120848,0.045777034
101.36,44.315308,8.350447,-0.114105515
101.38,34.700745,3.7036738,0.045777034
101.4,49.122585,-1.2635663,-0.114105515
101.42,-13.372073,8.350447,0.045777034
101.439995,1.049771,6.1071773,0.20565958
101.46,-18.179356,1.6206378,0.045777034
101.479996,58.737152,-1.4237996,0.045777034
101.5,58.737152,1.6206378,0.045777034
101.52,-42.215763,-11.037811,0.045777034
101.54,10.664334,0.9797035,0.36554214
101.56,20.278896,6.4276443,0.20565958
101.579994,77.96628,3.5434403,0.5254247
101.6,25.08618,-0.14193134,0.36554214
101.619995,-18.179356,0.6592364,0.045777034
101.64,63.54443,3.2229733,0.36554214
101.659996,-90.288574,-21.773457,0.045777034
101.68,-3.7575107,4.024141,0.045777034
101.7,-32.6012,2.261572,0.5254247
101.72,15.471616,4.825309,0.20565958
101.74,-8.564792,-7.0319734,-0.114105515
101.759995,1.049771,13.477921,0.20565958
101.78,34.700745,-5.589872,-0.114105515
101.799995,-109.5177,-16.005053,-0.2739881
101.82,44.315308,1.6206378,0.045777034
101.84,97.195404,13.477921,0.20565958
101.86,20.278896,2.7422726,0.045777034
101.88,-3.7575107,-3.026135,-0.4338706
101.9,44.315308,0.17853576,-0.4338706
101.92,53.92987,8.02998,0.045777034
101.939995,-42.215763,-0.7828655,0.5254247
101.96,-138.36139,-8.954777,0.20565958
101.979996,-18.179356,-8.794542,0.045777034
102.0,5.857053,-2.7056682,0.045777034
102.02,-90.288574,-1.5840333,-0.114105515
102.04,5.857053,-3.6670694,-0.2739881
102.06,5.857053,0.81947,-0.2739881
102.079994,-32.6012,11.234652,0.20565958
102.1,-27.793919,-8.794542,-0.114105515
102.119995,20.278896,1.139937,0.045777034
102.14,-8.564792,-10.396878,-0.4338706
102.159996,29.893461,0.33876932,-0.114105515
102.18,-8.564792,1.139937,0.045777034
102.2,-75.86674,-6.0705724,0.20565958
102.22,10.664334,8.991381,0.36554214
102.24,-13.372073,-7.993375,0.045777034
102.259995,-56.637608,13.958622,0.20565958
102.28,53.92987,-5.589872,-0.2739881
102.299995,63.54443,1.139937,0.045777034
102.32,-51.830326,-6.8717403,-0.114105515
102.34,-3.7575107,-2.8659017,-0.2739881
102.36,-56.637608,2.7422726,0.045777034
102.38,-200.85605,-8.313842,0.5254247
102.399994,-27.793919,-4.14777,0.20565958
102.42,29.893461,-7.993375,-0.4338706
102.439995,15.471616,0.49900287,0.045777034
102.46,-109.5177,-7.672908,-0.114105515
102.479996,87.58084,-1.4237996,-0.114105515
102.5,-47.023045,1.139937,0.36554214
102.52,82.77356,14.920023,0.5254247
102.54,-3.7575107,2.4218054,0.20565958
102.56,1.049771,-3.3466022,0.20565958
102.579994,68.35171,-2.0647337,0.20565958
102.6,49.122585,-1.2635663,0.045777034
102.619995,-27.793919,-1.2635663,0.045777034
102.64,-22.986637,-3.026135,0.045777034
102.659996,82.77356,18.445162,0.20565958
102.68,49.122585,1.139937,0.045777034
102.7,-80.67402,4.184375,0.20565958
102.72,25.08618,-2.2249672,0.20565958
102.74,169.30463,9.311849,0.045777034
102.759995,-3.7575107,-8.474075,0.045777034
102.78,-47.023045,-2.7056682,-0.114105515
102.799995,53.92987,7.3890457,0.045777034
102.82,-13.372073,-1.9045002,0.20565958
102.84,-32.6012,2.261572,0.5254247
102.86,5.857053,0.49900287,0.20565958
102.88,20.278896,-3.9875362,0.36554214
102.899994,25.08618,-0.46239844,0.36554214
102.92,58.737152,-1.2635663,0.20565958
102.939995,-80.67402,-23.536026,0.045777034
102.96,15.471616,2.261572,0.36554214
102.979996,20.278896,-0.46239844,0.20565958
103.0,-99.903145,3.2229733,0.20565958
103.02,53.92987,6.4276443,0.36554214
103.04,-8.564792,1.4604042,0.5254247
103.06,-8.564792,-5.2694044,0.20565958
103.079994,20.278896,3.2229733,0.36554214
103.1,15.471616,2.902506,0.36554214
103.119995,5.857053,-4.3080034,-0.114105515
103.14,-32.6012,-2.8659017,0.68530726
103.159996,25.08618,5.466243,0.5254247
103.18,39.508022,5.3060093,0.5254247
103.2,5.857053,4.024141,0.20565958
103.22,25.08618,-0.46239844,0.36554214
103.24,-37.40848,11.234652,0.8451898
103.259995,44.315308,-9.435476,0.20565958
103.28,87.58084,6.1071773,0.5254247
103.299995,5.857053,3.5434403,0.68530726
103.32,10.664334,4.184375,0.68530726
103.34,-90.288574,-11.198046,0.36554214
103.36,-8.564792,0.49900287,0.36554214
103.38,1.049771,-3.827303,0.20565958
103.399994,-22.986637,-4.6284704,0.045777034
103.42,53.92987,3.0627398,0.20565958
103.439995,-51.830326,6.2674108,0.20565958
103.46,20.278896,1.3001705,0.5254247
103.479996,-18.179356,-4.3080034,0.36554214
103.5,5.857053,-5.429638,0.20565958
103.52,15.471616,0.81947,0.5254247
103.54,-75.86674,0.49900287,0.68530726
103.56,25.08618,-2.385201,0.20565958
103.579994,-8.564792,-1.7442669,0.20565958
103.6,34.700745,-1.9045002,0.5254247
103.619995,49.122585,4.825309,0.36554214
103.64,-13.372073,-14.402717,0.20565958
103.659996,25.08618,0.17853576,0.20565958
103.68,20.278896,6.5878778,0.5254247
103.7,-61.44489,-7.0319734,0.20565958
103.72,-3.7575107,-4.14777,0.36554214
103.74,25.08618,2.5820389,0.68530726
103.759995,34.700745,0.33876932,0.36554214
103.78,-123.93955,-13.922015,0.045777034
103.799995,-75.86674,-5.2694044,0.5254247
103.82,15.471616,-4.6284704,0.045777034
103.84,1.049771,3.2229733,0.20565958
103.86,34.700745,5.3060093,0.68530726
103.88,39.508022,3.7036738,0.68530726
103.899994,-114.32499,-5.1091714,0.5254247
103.92,77.96628,-0.62263197,0.68530726
103.939995,49.122585,-10.396878,-0.114105515
103.96,10.664334,3.0627398,0.36554214
103.979996,-3.7575107,-8.313842,0.20565958
104.0,-56.637608,2.5820389,0.36554214
104.02,20.278896,12.676753,0.8451898
104.04,-8.564792,0.9797035,0.20565958
104.06,82.77356,-1.4237996,0.20565958
104.079994,-27.793919,13.638155,1.0050724
104.1,-66.25217,-9.115009,0.20565958
104.119995,10.664334,-5.7501054,0.36554214
104.14,-22.986637,-0.46239844,0.36554214
104.159996,53.92987,-6.0705724,0.36554214
104.18,44.315308,9.311849,0.68530726
104.2,-51.830326,-0.62263197,0.68530726
104.22,-66.25217,3.7036738,0.20565958
104.24,15.471616,-9.115009,0.5254247
104.259995,49.122585,8.190214,0.36554214
104.28,106.80997,3.5434403,0.36554214
104.299995,130.84637,12.51652,0.045777034
104.32,-75.86674,-6.0705724,0.36554214
104.34,58.737152,0.9797035,0.5254247
104.36,183.72647,15.560958,0.5254247
104.38,53.92987,-2.385201,0.045777034
104.399994,39.508022,3.3832066,0.68530726
104.42,106.80997,4.504842,0.045777034
104.439995,15.471616,-3.5068357,0.36554214
104.46,-8.564792,-0.7828655,1.0050724
104.479996,-123.93955,-4.6284704,0.8451898
104.5,-18.179356,-14.242482,0.36554214
104.52,-61.44489,2.7422726,0.68530726
104.54,-8.564792,-8.474075,0.20565958
104.56,68.35171,4.825309,0.68530726
104.579994,87.58084,1.6206378,0.68530726
104.6,-8.564792,-1.9045002,0.045777034
104.619995,63.54443,9.632316,0.8451898
104.64,5.857053,4.184375,1.0050724
104.659996,25.08618,2.5820389,0.8451898
104.68,63.54443,4.3446083,0.5254247
104.7,44.315308,0.9797035,0.36554214
104.72,25.08618,-3.827303,0.5254247
104.74,-8.564792,7.709513,0.5254247
104.759995,188.53375,10.433483,0.68530726
104.78,5.857053,-4.948938,0.20565958
104.799995,29.893461,12.676753,0.68530726
104.82,-51.830326,-0.46239844,0.68530726
104.84,44.315308,9.311849,0.8451898
104.86,53.92987,3.0627398,0.5254247
104.88,-22.986637,2.1013381,0.68530726
104.899994,-51.830326,1.7808713,0.5254247
104.92,49.122585,1.7808713,0.68530726
104.939995,-8.564792,0.33876932,0.5254247
104.96,58.737152,-3.9875362,0.36554214
104.979996,29.893461,4.6650753,0.36554214
105.0,-18.179356,-8.794542,0.045777034
105.02,-75.86674,-2.385201,0.36554214
105.04,5.857053,0.33876932,0.5254247
105.06,-18.179356,-8.634309,0.68530726
105.079994,-13.372073,-3.6670694,0.5254247
105.1,44.315308,0.6592364,0.20565958
105.119995,82.77356,-2.2249672,0.5254247
105.14,1.049771,-6.0705724,0.045777034
105.159996,-13.372073,0.6592364,0.5254247
105.18,-51.830326,-0.30216488,0.36554214
105.2,1.049771,-2.2249672,0.5254247
105.22,-56.637608,1.4604042,0.68530726
105.24,39.508022,0.6592364,0.68530726
105.259995,-42.215763,-15.364117,0.045777034
105.28,15.471616,-1.5840333,0.045777034
105.299995,-22.986637,2.1013381,0.5254247
105.32,-32.6012,-1.7442669,0.8451898
105.34,82.77356,6.7481112,0.36554214
105.36,49.122585,0.81947,0.20565958
105.38,73.159,9.952783,0.8451898
105.399994,-61.44489,-4.468237,0.68530726
105.42,5.857053,2.261572,0.8451898
105.439995,10.664334,18.284927,0.8451898
105.46,39.508022,0.81947,0.20565958
105.479996,140.46094,12.99722,0.5254247
105.5,49.122585,-2.0647337,0.68530726
105.52,-37.40848,7.8697467,1.0050724
105.54,58.737152,-0.14193134,0.36554214
105.56,15.471616,-4.948938,-0.2739881
105.579994,-3.7575107,-6.0705724,0.36554214
105.6,5.857053,-1.9045002,0.36554214
105.619995,-66.25217,8.831148,0.36554214
105.64,15.471616,3.7036738,0.36554214
105.659996,82.77356,8.02998,0.045777034
105.68,1.049771,-0.9430991,0.68530726
105.7,20.278896,-1.4237996,0.68530726
105.72,-18.179356,4.6650753,0.68530726
105.74,44.315308,-4.7887044,0.045777034
105.759995,-61.44489,-13.761782,0.045777034
105.78,63.54443,2.4218054,0.36554214
105.799995,68.35171,10.914185,0.20565958
105.82,-13.372073,0.6592364,0.68530726
105.84,49.122585,0.33876932,0.36554214
105.86,-18.179356,-9.755944,-0.114105515
105.88,-13.372073,-7.833141,0.20565958
105.899994,-47.023045,0.81947,0.68530726
105.92,29.893461,0.33876932,0.36554214
105.939995,20.278896,-4.468237,-0.114105515
105.96,-71.05945,-11.358279,0.36554214
105.979996,25.08618,4.6650753,0.36554214
106.0,10.664334,4.9855423,0.045777034
106.02,-32.6012,5.466243,0.20565958
106.04,39.508022,11.875586,0.36554214
106.06,-56.637608,-5.429638,0.36554214
106.079994,92.38812,-5.589872,0.045777034
106.1,-22.986637,6.7481112,0.5254247
106.119995,39.508022,4.6650753,0.68530726
106.14,-51.830326,-6.711507,0.20565958
106.159996,-99.903145,1.139937,0.36554214
106.18,-71.05945,-4.3080034,0.5254247
106.2,-56.637608,-8.794542,0.20565958
106.22,49.122585,-0.46239844,0.36554214
106.24,-109.5177,-12.960614,0.68530726
106.259995,10.664334,2.7422726,0.8451898
106.28,-32.6012,0.17853576,0.5254247
106.299995,102.002686,22.451,1.0050724
106.32,-61.44489,8.190214,0.045777034
106.34,-104.71042,-10.717345,-0.114105515
106.36,29.893461,-1.5840333,0.045777034
106.38,-22.986637,-7.192207,0.045777034
106.399994,-18.179356,-2.8659017,0.20565958
106.42,39.508022,2.1013381,0.20565958
106.439995,154.8828,17.00306,0.20565958
106.46,-27.793919,-5.910339,-0.114105515
106.479996,49.122585,-6.711507,-0.2739881
106.5,-18.179356,4.184375,0.045777034
106.52,-90.288574,-5.2694044,0.045777034
106.54,-22.986637,3.2229733,0.20565958
106.56,-13.372073,1.139937,0.045777034
106.579994,92.38812,24.694271,0.20565958
106.6,-61.44489,-5.1091714,-0.114105515
106.619995,49.122585,3.3832066,0.20565958
106.64,-27.793919,-6.3910394,-0.4338706
106.659996,-3.7575107,-12.159447,0.045777034
106.68,49.122585,6.5878778,0.36554214
106.7,-56.637608,1.6206378,0.36554214
106.72,198.14832,-2.5454345,-0.114105515
106.74,-61.44489,-7.833141,0.20565958
106.759995,-42.215763,-2.2249672,-0.4338706
106.78,-32.6012,-7.833141,-0.2739881
106.799995,-27.793919,-10.236644,-0.114105515
106.82,20.278896,10.914185,0.68530726
106.84,-18.179356,-14.402717,-0.2739881
106.86,53.92987,11.234652,0.36554214
106.88,-56.637608,-9.59571,0.36554214
106.899994,-22.986637,8.670914,0.5254247
106.92,-56.637608,-7.5126743,-0.114105515
106.939995,-47.023045,-0.14193134,0.20565958
106.96,34.700745,-2.2249672,0.045777034
106.979996,1.049771,0.17853576,0.20565958
107.0,-51.830326,6.4276443,0.8451898
107.02,-32.6012,0.81947,0.8451898
107.04,-37.40848,1.7808713,0.36554214
107.06,92.38812,0.17853576,-0.2739881
107.079994,-8.564792,3.2229733,0.5254247
107.1,53.92987,5.145776,0.20565958
107.119995,-90.288574,7.0685787,0.36554214
107.14,5.857053,0.018302217,0.045777034
107.159996,116.42453,13.317687,0.8451898
107.18,-66.25217,0.17853576,0.5254247
107.2,5.857053,-1.7442669,0.36554214
107.22,29.893461,14.599556,0.20565958
107.24,-56.637608,-12.800381,0.36554214
107.259995,87.58084,0.33876932,0.5254247
107.28,-133.55412,-11.678746,0.20565958
107.299995,-90.288574,-2.7056682,0.68530726
107.32,-90.288574,8.670914,0.8451898
107.34,-47.023045,2.4218054,0.68530726
107.36,-95.09586,-7.672908,0.5254247
107.38,44.315308,-10.396878,0.045777034
107.399994,10.664334,3.7036738,0.5254247
107.42,49.122585,-5.7501054,0.36554214
107.439995,-22.986637,-7.993375,0.68530726
107.46,-47.023045,0.49900287,0.8451898
107.479996,87.58084,5.6264763,0.20565958
107.5,63.54443,1.3001705,0.8451898
107.52,164.49734,12.676753,0.68530726
107.54,10.664334,4.024141,0.8451898
107.56,53.92987,5.3060093,0.5254247
107.579994,-51.830326,-1.9045002,0.68530726
107.6,34.700745,-2.8659017,0.20565958
107.619995,116.42453,10.914185,0.36554214
107.64,92.38812,7.549279,0.5254247
107.659996,-27.793919,-0.9430991,0.36554214
107.68,-75.86674,-3.3466022,0.5254247
107.7,-37.40848,-13.441315,0.045777034
107.72,102.002686,1.4604042,0.045777034
107.74,87.58084,20.68843,0.8451898
107.759995,58.737152,-6.3910394,0.5254247
107.78,15.471616,-3.026135,0.5254247
107.799995,169.30463,4.184375,0.5254247
107.82,15.471616,-6.711507,0.36554214
107.84,20.278896,5.78671,0.8451898
107.86,-61.44489,14.759789,1.164955
107.88,-18.179356,-1.7442669,0.5254247
107.899994,1.049771,-3.9875362,0.8451898
107.92,-61.44489,0.17853576,0.36554214
107.939995,49.122585,-0.9430991,0.36554214
107.96,-90.288574,-8.474075,0.36554214
107.979996,-95.09586,-7.672908,0.20565958
108.0,34.700745,2.1013381,0.5254247
108.02,25.08618,-6.230806,-0.114105515
108.04,-42.215763,-1.1033326,0.8451898
108.06,10.664334,-12.800381,0.045777034
108.079994,53.92987,0.9797035,0.20565958
108.1,-3.7575107,7.709513,0.36554214
108.119995,10.664334,-2.7056682,0.20565958
108.14,82.77356,-5.1091714,0.045777034
108.159996,68.35171,3.5434403,-0.114105515
108.18,126.0391,4.3446083,0.5254247
108.2,-22.986637,-16.165285,-0.2739881
108.22,-13.372073,-9.916177,0.36554214
108.24,5.857053,-2.7056682,0.20565958
108.259995,140.46094,9.311849,0.68530726
108.28,68.35171,-4.3080034,-0.114105515
108.299995,5.857053,5.3060093,0.5254247
108.32,39.508022,-2.0647337,-0.4338706
108.34,-22.986637,17.96446,0.8451898
108.36,1.049771,-8.634309,-0.114105515
108.38,53.92987,0.49900287,0.36554214
108.399994,-51.830326,2.261572,0.5254247
108.42,-13.372073,1.4604042,0.20565958
108.439995,-22.986637,-3.5068357,0.045777034
108.46,53.92987,-3.827303,-0.2739881
108.479996,-22.986637,5.9469438,0.36554214
108.5,-27.793919,-7.0319734,0.20565958
108.52,20.278896,7.0685787,0.5254247
108.54,-3.7575107,-5.429638,0.20565958
108.56,-3.7575107,-4.948938,0.045777034
108.579994,121.23181,6.5878778,0.20565958
108.6,73.159,13.157454,0.68530726
108.619995,-18.179356,3.3832066,0.8451898
108.64,-51.830326,0.81947,0.5254247
108.659996,135.65366,15.72119,0.8451898
108.68,39.508022,-1.9045002,0.36554214
108.7,-13.372073,2.5820389,0.36554214
108.72,106.80997,4.6650753,0.68530726
108.74,5.857053,0.17853576,0.045777034
108.759995,-27.793919,-4.948938,0.68530726
108.78,15.471616,-10.236644,0.8451898
108.799995,53.92987,8.670914,1.0050724
108.82,-8.564792,0.33876932,0.5254247
108.84,20.278896,-7.192207,0.36554214
108.86,97.195404,-11.518513,0.045777034
108.88,-8.564792,-0.46239844,0.5254247
108.899994,92.38812,-1.4237996,0.36554214
108.92,-13.372073,6.7481112,0.5254247
108.939995,10.664334,9.311849,0.68530726
108.96,20.278896,0.33876932,0.5254247
108.979996,29.893461,0.33876932,0.8451898
109.0,-22.986637,-5.7501054,0.20565958
109.02,58.737152,-4.6284704,-0.114105515
109.04,39.508022,-0.30216488,0.20565958
109.06,49.122585,-4.3080034,0.36554214
109.079994,63.54443,-3.026135,0.5254247
109.1,106.80997,10.433483,0.5254247
109.119995,63.54443,2.5820389,0.5254247
109.14,25.08618,2.4218054,0.8451898
109.159996,1.049771,3.2229733,0.8451898
109.18,63.54443,-1.1033326,0.5254247
109.2,-18.179356,-0.7828655,0.36554214
109.22,92.38812,8.510681,1.0050724
109.24,-66.25217,-0.9430991,0.5254247
109.259995,58.737152,0.9797035,0.36554214
109.28,-13.372073,3.7036738,0.36554214
109.299995,5.857053,12.99722,0.68530726
109.32,-3.7575107,-2.2249672,0.20565958
109.34,-119.13227,-12.479914,0.36554214
109.36,44.315308,-0.7828655,0.5254247
109.38,-3.7575107,6.5878778,0.5254247
109.399994,44.315308,-7.192207,0.045777034
109.42,-8.564792,-2.8659017,0.5254247
109.439995,15.471616,6.7481112,0.5254247
109.46,87.58084,0.9797035,0.20565958
109.479996,140.46094,24.694271,0.68530726
109.5,39.508022,3.3832066,0.68530726
109.52,53.92987,3.2229733,0.5254247
109.54,-56.637608,-4.3080034,0.5254247
109.56,-3.7575107,0.17853576,0.36554214
109.579994,-143.16867,7.228812,0.68530726
109.6,20.278896,3.7036738,0.5254247
109.619995,-18.179356,-3.6670694,0.20565958
109.64,-66.25217,-9.435476,0.20565958
109.659996,15.471616,-2.2249672,0.20565958
109.68,82.77356,9.311849,0.68530726
109.7,-3.7575107,2.1013381,0.5254247
109.72,34.700745,8.510681,0.8451898
109.74,198.14832,5.3060093,0.5254247
109.759995,-32.6012,0.81947,0.36554214
109.78,10.664334,-0.9430991,0.20565958
109.799995,-75.86674,-7.192207,0.36554214
109.82,73.159,12.196053,0.68530726
109.84,29.893461,-10.076411,0.5254247
109.86,25.08618,-6.711507,0.5254247
109.88,-32.6012,2.261572,0.5254247
109.899994,-27.793919,0.33876932,0.5254247
109.92,15.471616,-5.429638,0.36554214
109.939995,-22.986637,-3.1863687,0.5254247
109.96,63.54443,7.549279,0.5254247
109.979996,49.122585,-0.7828655,-0.2739881
110.0,-90.288574,-11.518513,0.36554214
110.02,150.0755,23.252169,0.5254247
110.04,-13.372073,-0.9430991,0.20565958
110.06,34.700745,-0.62263197,-0.2739881
110.079994,25.08618,14.279089,0.5254247
110.1,-18.179356,4.825309,0.8451898
110.119995,-13.372073,-1.7442669,0.68530726
110.14,73.159,7.0685787,0.045777034
110.159996,5.857053,5.6264763,0.68530726
110.18,29.893461,3.2229733,0.5254247
110.2,49.122585,-7.352441,0.20565958
110.22,20.278896,-7.672908,0.36554214
110.24,39.508022,-7.833141,0.045777034
110.259995,73.159,0.81947,0.36554214
110.28,135.65366,14.279089,0.8451898
110.299995,-8.564792,-1.7442669,0.5254247
110.32,-61.44489,0.17853576,0.68530726
110.34,-47.023045,-3.9875362,0.68530726
110.36,-32.6012,0.49900287,0.5254247
110.38,1.049771,-4.948938,0.5254247
110.399994,29.893461,-0.7828655,0.5254247
110.42,-27.793919,-8.634309,0.20565958
110.439995,-37.40848,-7.0319734,0.20565958
110.46,53.92987,-2.0647337,0.5254247
110.479996,-85.48129,-19.690422,0.36554214
110.5,44.315308,5.9469438,1.164955
110.52,1.049771,1.139937,0.68530726
110.54,63.54443,13.317687,0.68530726
110.56,39.508022,2.902506,0.5254247
110.579994,68.35171,-1.5840333,0.36554214
110.6,82.77356,-6.5512733,0.36554214
110.619995,135.65366,16.20189,0.68530726
110.64,1.049771,-1.1033326,0.20565958
110.659996,25.08618,0.49900287,0.045777034
110.68,-167.20508,-7.0319734,0.68530726
110.7,34.700745,4.504842,0.5254247
110.72,-13.372073,12.8369875,0.5254247
110.74,145.26822,12.196053,0.8451898
110.759995,53.92987,2.7422726,0.68530726
110.78,121.23181,19.406563,0.5254247
110.799995,-13.372073,-4.14777,0.68530726
110.82,20.278896,1.4604042,0.5254247
110.84,87.58084,-2.5454345,0.36554214
110.86,34.700745,0.018302217,0.36554214
110.88,34.700745,-1.7442669,0.68530726
110.899994,-13.372073,1.3001705,0.68530726
110.92,-32.6012,3.8639073,0.68530726
110.939995,1.049771,-10.717345,0.68530726
110.96,102.002686,6.2674108,0.8451898
110.979996,-18.179356,-0.7828655,0.5254247
111.0,39.508022,-6.711507,0.5254247
111.02,92.38812,4.3446083,0.20565958
111.04,-27.793919,-8.634309,0.5254247
111.06,126.0391,0.9797035,0.36554214
111.079994,-8.564792,6.2674108,0.8451898
111.1,73.159,-1.9045002,0.5254247
111.119995,-22.986637,1.9411048,0.36554214
111.14,58.737152,-13.281082,-0.4338706
111.159996,1.049771,2.902506,0.36554214
111.18,44.315308,-7.192207,0.5254247
111.2,25.08618,-4.14777,0.36554214
111.22,73.159,-0.14193134,-0.114105515
111.24,-13.372073,-7.993375,-0.114105515
111.259995,-47.023045,-12.159447,-0.114105515
111.28,39.508022,5.466243,0.20565958
111.299995,82.77356,2.261572,0.5254247
111.32,25.08618,2.261572,0.20565958
111.34,-32.6012,1.3001705,0.5254247
111.36,-56.637608,-6.8717403,0.5254247
111.38,-3.7575107,4.3446083,0.20565958
111.399994,49.122585,-2.385201,0.20565958
111.42,102.002686,11.555119,0.20565958
111.439995,10.664334,0.6592364,0.20565958
111.46,92.38812,-5.1091714,0.045777034
111.479996,-8.564792,0.81947,0.045777034
111.5,-13.372073,-2.385201,0.20565958
111.52,73.159,2.7422726,-0.114105515
111.54,25.08618,-0.7828655,0.20565958
111.56,-80.67402,-20.651823,-0.59375316
111.579994,58.737152,1.4604042,0.045777034
111.6,1.049771,5.466243,0.20565958
111.619995,-61.44489,-13.120848,0.045777034
111.64,-3.7575107,3.7036738,0.36554214
111.659996,25.08618,0.33876932,0.20565958
111.68,102.002686,-7.672908,-0.2739881
111.7,-22.986637,-4.7887044,0.36554214
111.72,5.857053,3.2229733,0.68530726
111.74,-13.372073,0.9797035,0.20565958
111.759995,34.700745,-1.5840333,0.20565958
111.78,1.049771,-4.6284704,-0.7536357
111.799995,-37.40848,-4.468237,0.5254247
111.82,34.700745,-7.0319734,-0.114105515
111.84,29.893461,1.7808713,0.045777034
111.86,25.08618,-0.46239844,0.20565958
111.88,5.857053,7.549279,0.68530726
111.899994,-27.793919,-7.993375,0.5254247
111.92,-3.7575107,7.549279,0.36554214
111.939995,49.122585,4.024141,0.8451898
111.96,53.92987,-2.2249672,0.045777034
111.979996,-3.7575107,-3.5068357,0.045777034
112.0,20.278896,-0.14193134,0.5254247
112.02,-66.25217,-2.5454345,0.20565958
112.04,20.278896,4.504842,0.5254247
112.06,-71.05945,-6.5512733,0.20565958
112.079994,77.96628,-3.9875362,-0.114105515
112.1,34.700745,-6.711507,0.36554214
112.119995,-51.830326,4.9855423,0.68530726
112.14,29.893461,4.3446083,0.68530726
112.159996,-80.67402,-1.5840333,0.5254247
112.18,-27.793919,-9.59571,-0.2739881
112.2,29.893461,1.3001705,0.20565958
112.22,5.857053,-6.711507,-0.4338706
112.24,-66.25217,-17.76762,-0.114105515
112.259995,-42.215763,3.7036738,0.20565958
112.28,-18.179356,3.7036738,0.5254247
112.299995,-3.7575107,8.831148,0.36554214
112.32,-32.6012,10.914185,0.68530726
112.34,53.92987,-1.7442669,-0.114105515
112.36,39.508022,2.4218054,0.20565958
112.38,-3.7575107,-8.153608,-0.59375316
112.399994,-18.179356,-0.62263197,0.045777034
112.42,-27.793919,-1.1033326,0.20565958
112.439995,-61.44489,2.261572,-0.114105515
112.46,25.08618,7.8697467,0.5254247
112.479996,87.58084,-0.62263197,-0.114105515
112.5,-99.903145,-1.7442669,0.045777034
112.52,-61.44489,-7.833141,-0.4338706
112.54,5.857053,2.4218054,0.20565958
112.56,140.46094,1.7808713,0.045777034
112.579994,-47.023045,4.184375,0.20565958
112.6,-8.564792,-2.385201,-0.114105515
112.619995,34.700745,8.510681,0.36554214
112.64,-13.372073,-11.358279,-0.2739881
112.659996,-37.40848,-1.5840333,0.5254247
112.68,87.58084,0.17853576,0.20565958
112.7,20.278896,1.139937,0.20565958
112.72,92.38812,14.920023,0.045777034
112.74,116.42453,2.261572,0.20565958
112.759995,-8.564792,-10.717345,-0.4338706
112.78,53.92987,14.599556,0.36554214
112.799995,-61.44489,-2.7056682,-0.2739881
112.82,5.857053,8.510681,-0.114105515
112.84,20.278896,-1.7442669,-0.114105515
112.86,20.278896,-1.7442669,0.045777034
112.88,-18.179356,-1.4237996,-0.114105515
112.899994,-42.215763,-4.7887044,-0.2739881
112.92,5.857053,10.27325,-0.114105515
112.939995,-56.637608,-4.7887044,-0.2739881
112.96,-32.6012,8.670914,0.045777034
112.979996,-3.7575107,-3.1863687,-0.59375316
113.0,169.30463,18.605394,0.36554214
113.02,25.08618,-11.678746,0.045777034
113.04,25.08618,4.024141,0.20565958
113.06,97.195404,2.261572,-0.114105515
113.079994,15.471616,-0.7828655,-0.2739881
113.1,-37.40848,0.81947,-0.114105515
113.119995,15.471616,-3.5068357,0.045777034
113.14,-51.830326,-3.1863687,0.045777034
113.159996,-114.32499,-15.04365,-0.2739881
113.18,44.315308,3.3832066,-0.2739881
113.2,-104.71042,-6.230806,-0.2739881
113.22,-47.023045,1.6206378,-0.2739881
113.24,5.857053,1.6206378,-0.114105515
113.259995,39.508022,5.9469438,-0.114105515
113.28,58.737152,-0.30216488,0.045777034
113.299995,-143.16867,-14.883417,0.36554214
113.32,10.664334,-0.46239844,-0.114105515
113.34,-13.372073,0.6592364,-0.2739881
113.36,-3.7575107,-1.7442669,-0.2739881
113.38,102.002686,9.151615,0.20565958
113.399994,15.471616,-2.8659017,-0.59375316
113.42,63.54443,0.9797035,0.20565958
113.439995,-51.830326,-9.59571,-0.114105515
113.46,111.61725,7.3890457,-0.2739881
113.479996,-37.40848,-5.1091714,0.20565958
113.5,68.35171,15.080256,0.20565958
113.52,-8.564792,0.49900287,0.20565958
113.54,20.278896,2.902506,-0.114105515
113.56,135.65366,14.1188545,0.045777034
113.579994,44.315308,-1.4237996,0.045777034
113.6,5.857053,-0.7828655,-0.4338706
113.619995,-66.25217,-2.385201,-0.2739881
113.64,-18.179356,2.1013381,-0.114105515
113.659996,53.92987,-0.7828655,-0.114105515
113.68,63.54443,-2.8659017,-0.2739881
113.7,-85.48129,-0.14193134,-0.2739881
113.72,5.857053,-1.4237996,0.045777034
113.74,29.893461,6.2674108,0.045777034
113.759995,-8.564792,0.6592364,0.045777034
113.78,-3.7575107,-1.9045002,-0.114105515
113.799995,15.471616,-5.429638,0.045777034
113.82,-51.830326,-4.6284704,-0.114105515
113.84,-42.215763,1.6206378,-0.2739881
113.86,15.471616,-11.198046,-0.7536357
113.88,20.278896,-1.1033326,0.36554214
113.899994,-47.023045,4.504842,-0.114105515
113.92,1.049771,-19.690422,-0.2739881
113.939995,-27.793919,-0.9430991,-0.2739881
113.96,5.857053,2.902506,0.36554214
113.979996,10.664334,2.902506,0.36554214
114.0,-8.564792,-3.6670694,-0.59375316
114.02,-90.288574,-4.6284704,0.20565958
114.04,5.857053,8.02998,0.20565958
114.06,63.54443,9.472081,-0.114105515
114.079994,-18.179356,-6.8717403,-0.2739881
114.1,-71.05945,-11.037811,-0.2739881
114.119995,63.54443,8.991381,-0.114105515
114.14,-22.986637,-2.7056682,-0.4338706
114.159996,-18.179356,0.9797035,-0.114105515
114.18,-47.023045,6.4276443,0.20565958
114.2,-71.05945,-9.435476,-0.4338706
114.22,-37.40848,-4.6284704,-0.114105515
114.24,15.471616,0.33876932,-0.4338706
114.259995,116.42453,14.439322,0.045777034
114.28,49.122585,-3.6670694,-0.4338706
114.299995,25.08618,1.139937,-0.4338706
114.32,-3.7575107,-8.954777,-0.2739881
114.34,-66.25217,-1.7442669,-0.114105515
114.36,10.664334,2.7422726,-0.114105515
114.38,25.08618,-2.0647337,-0.114105515
114.399994,25.08618,4.184375,-0.4338706
114.42,-56.637608,-0.14193134,-0.114105515
114.439995,164.49734,10.27325,-0.4338706
114.46,-18.179356,-6.5512733,-0.2739881
114.479996,29.893461,-0.62263197,-0.59375316
114.5,-71.05945,-5.429638,-0.2739881
114.52,-42.215763,1.6206378,-0.114105515
114.54,1.049771,-0.30216488,-0.2739881
114.56,82.77356,0.6592364,-0.114105515
114.579994,-66.25217,1.3001705,-0.2739881
114.6,-143.16867,-15.04365,-0.114105515
114.619995,15.471616,-0.30216488,-0.114105515
114.64,10.664334,6.4276443,0.045777034
114.659996,-32.6012,-9.59571,-0.114105515
114.68,39.508022,-8.634309,-0.4338706
114.7,-13.372073,14.279089,0.045777034
114.72,-61.44489,3.5434403,0.045777034
114.74,1.049771,1.139937,0.045777034
114.759995,15.471616,-5.7501054,-0.2739881
114.78,-42.215763,0.81947,-0.4338706
114.799995,15.471616,-3.3466022,-0.4338706
114.82,25.08618,0.018302217,0.20565958
114.84,-99.903145,-11.83898,-0.114105515
114.86,49.122585,9.632316,0.20565958
114.88,-22.986637,-10.717345,-0.59375316
114.899994,-56.637608,5.78671,-0.114105515
114.92,-95.09586,-7.833141,-0.114105515
114.939995,-37.40848,6.1071773,-0.114105515
114.96,-3.7575107,5.466243,-0.2739881
114.979996,-18.179356,-7.192207,-0.114105515
115.0,-56.637608,-9.755944,-0.2739881
115.02,-8.564792,-1.5840333,-0.59375316
115.04,188.53375,18.605394,-0.2739881
115.06,-42.215763,-4.14777,-0.114105515
115.079994,44.315308,3.2229733,0.20565958
115.1,-18.179356,8.991381,0.045777034
115.119995,-13.372073,1.6206378,0.045777034
115.14,-61.44489,-7.833141,-0.4338706
115.159996,-27.793919,5.466243,-0.114105515
115.18,73.159,7.3890457,0.045777034
115.2,-22.986637,-7.0319734,-0.2739881
115.22,1.049771,0.81947,-0.114105515
115.24,-22.986637,-12.960614,-0.4338706
115.259995,-18.179356,-10.717345,-0.4338706
115.28,-47.023045,0.17853576,0.045777034
115.299995,34.700745,6.4276443,-0.4338706
115.32,-51.830326,-4.14777,-0.2739881
115.34,5.857053,9.151615,-0.114105515
115.36,-18.179356,3.2229733,0.045777034
115.38,-22.986637,0.018302217,-0.114105515
115.399994,-3.7575107,-2.0647337,-0.114105515
115.42,106.80997,-5.429638,-0.114105515
115.439995,-32.6012,-6.8717403,-0.59375316
115.46,1.049771,-2.7056682,-0.114105515
115.479996,-22.986637,3.7036738,0.045777034
115.5,25.08618,4.504842,0.045777034
115.52,-51.830326,-9.115009,-0.4338706
115.54,15.471616,1.139937,-0.2739881
115.56,-3.7575107,2.261572,-0.114105515
115.579994,-22.986637,4.184375,-0.114105515
115.6,53.92987,-3.6670694,-0.2739881
115.619995,-85.48129,-13.761782,-0.59375316
115.64,25.08618,-5.2694044,-0.4338706
115.659996,15.471616,6.1071773,0.20565958
115.68,82.77356,19.246328,0.5254247
115.7,-13.372073,1.4604042,-0.2739881
115.72,-51.830326,-1.2635663,-0.2739881
115.74,53.92987,11.875586,-0.2739881
115.759995,49.122585,2.261572,0.045777034
115.78,39.508022,-0.7828655,-0.4338706
115.799995,-18.179356,0.9797035,-0.2739881
115.82,-22.986637,8.510681,-0.2739881
115.84,-51.830326,-8.153608,-0.4338706
115.86,-61.44489,-0.46239844,0.045777034
115.88,-8.564792,3.0627398,0.20565958
115.899994,92.38812,13.798388,0.20565958
115.92,202.9556,6.908345,0.045777034
115.939995,-61.44489,-5.589872,0.20565958
115.96,130.84637,11.074417,0.5254247
115.979996,25.08618,3.8639073,0.20565958
116.0,82.77356,4.024141,0.045777034
116.02,-114.32499,-5.589872,0.045777034
116.04,15.471616,4.6650753,0.36554214
116.06,15.471616,-1.9045002,0.20565958
116.079994,25.08618,10.113016,0.5254247
116.1,15.471616,-2.0647337,0.045777034
116.119995,20.278896,3.8639073,0.36554214
116.14,-215.2779,-26.099764,-0.2739881
116.159996,25.08618,-5.429638,-0.4338706
116.18,-13.372073,0.9797035,-0.114105515
116.2,53.92987,5.6264763,0.20565958
116.21999,25.08618,-7.0319734,0.20565958
116.24,49.122585,4.6650753,0.20565958
116.259995,20.278896,0.33876932,-0.114105515
116.28,159.69006,1.6206378,-0.4338706
116.299995,97.195404,-6.711507,-0.2739881
116.32,-56.637608,-6.0705724,-0.4338706
116.34,92.38812,-0.46239844,0.045777034
116.36,-3.7575107,-8.474075,0.20565958
116.38,53.92987,11.234652,0.5254247
116.399994,5.857053,3.3832066,0.20565958
116.42,-13.372073,0.6592364,0.20565958
116.439995,20.278896,8.991381,0.20565958
116.46,68.35171,1.4604042,0.045777034
116.479996,58.737152,4.825309,0.045777034
116.5,116.42453,-0.30216488,-0.2739881
116.52,-61.44489,2.4218054,0.045777034
116.54,15.471616,0.9797035,-0.114105515
116.56,82.77356,0.9797035,-0.114105515
116.579994,82.77356,3.7036738,-0.114105515
116.6,-32.6012,-11.678746,-0.2739881
116.619995,-8.564792,-4.6284704,-0.2739881
116.64,102.002686,4.6650753,-0.4338706
116.659996,102.002686,-0.14193134,0.045777034
116.68,77.96628,5.9469438,0.20565958
116.7,-32.6012,8.991381,0.8451898
116.71999,-18.179356,-2.0647337,0.045777034
116.74,73.159,-0.14193134,0.045777034
116.759995,10.664334,1.6206378,0.045777034
116.78,34.700745,3.8639073,0.36554214
116.799995,-27.793919,-0.46239844,0.5254247
116.82,-13.372073,6.7481112,0.36554214
116.84,-66.25217,-21.933691,-0.4338706
116.86,-56.637608,-4.6284704,-0.114105515
116.88,44.315308,7.3890457,-0.114105515
116.899994,-13.372073,-5.2694044,-0.114105515
116.92,-22.986637,-0.46239844,-0.114105515
116.939995,58.737152,-8.634309,-0.2739881
116.96,-71.05945,-2.0647337,-0.114105515
116.979996,178.91919,0.49900287,-0.114105515
117.0,121.23181,16.842825,-0.114105515
117.02,1.049771,4.825309,-0.2739881
117.04,-3.7575107,2.4218054,0.045777034
117.06,49.122585,1.6206378,0.045777034
117.079994,121.23181,11.875586,0.045777034
117.1,-56.637608,-9.435476,-0.114105515
117.119995,126.0391,28.860344,0.5254247
117.14,-109.5177,6.2674108,0.045777034
117.159996,20.278896,-1.7442669,-0.114105515
117.18,-22.986637,-12.159447,-0.4338706
117.2,44.315308,-5.429638,-0.59375316
117.21999,-66.25217,-13.441315,-0.7536357
117.24,-32.6012,-0.9430991,-0.59375316
117.259995,10.664334,6.908345,-0.4338706
117.28,-85.48129,-0.9430991,0.045777034
117.299995,44.315308,2.7422726,-0.4338706
117.32,-47.023045,-4.468237,-0.4338706
117.34,1.049771,-5.589872,-0.114105515
117.36,77.96628,6.2674108,-0.4338706
117.38,1.049771,-0.46239844,-0.114105515
117.399994,-32.6012,-4.6284704,-0.2739881
117.42,-51.830326,-8.153608,-0.2739881
117.439995,-99.903145,-8.474075,-0.114105515
117.46,-3.7575107,-5.910339,-0.114105515
117.479996,-66.25217,1.6206378,0.045777034
117.5,111.61725,9.311849,-0.7536357
117.52,-27.793919,5.9469438,-0.2739881
117.54,-27.793919,-2.385201,-0.2739881
117.56,-61.44489,-4.6284704,-0.114105515
117.579994,-51.830326,4.3446083,0.045777034
117.6,-18.179356,-1.7442669,-0.2739881
117.619995,15.471616,-2.2249672,-0.114105515
117.64,-22.986637,-5.2694044,-0.59375316
117.659996,-18.179356,-3.6670694,-0.7536357
117.68,73.159,3.3832066,-0.4338706
117.7,-80.67402,-4.3080034,-0.2739881
117.71999,106.80997,10.75395,0.20565958
117.74,53.92987,2.5820389,0.20565958
117.759995,20.278896,12.356286,0.045777034
117.78,44.315308,-2.7056682,-0.2739881
117.799995,-42.215763,0.49900287,-0.2739881
117.82,77.96628,-6.230806,-0.114105515
117.84,-47.023045,5.78671,0.045777034
117.86,-3.7575107,4.024141,-0.114105515
117.88,121.23181,6.7481112,-0.59375316
117.899994,25.08618,9.151615,-0.2739881
117.92,82.77356,19.246328,0.20565958
117.939995,25.08618,6.5878778,0.045777034
117.96,10.664334,2.902506,0.20565958
117.979996,-13.372073,-3.3466022,-0.59375316
118.0,5.857053,-4.948938,-0.4338706
118.02,-47.023045,3.8639073,0.045777034
118.04,140.46094,-3.827303,-0.2739881
118.06,15.471616,3.0627398,0.20565958
118.079994,-27.793919,-8.153608,-0.59375316
118.1,130.84637,16.041658,0.5254247
118.119995,-47.023045,-3.5068357,-0.114105515
118.14,-71.05945,-7.833141,-0.114105515
118.159996,53.92987,-2.8659017,-0.2739881
118.18,-123.93955,-2.0647337,0.36554214
118.2,1.049771,-3.9875362,-0.114105515
118.21999,-99.903145,-9.275244,-0.114105515
118.24,5.857053,-3.5068357,-0.114105515
118.259995,-47.023045,0.17853576,-0.114105515
118.28,-56.637608,-3.3466022,-0.114105515
118.299995,-22.986637,3.3832066,0.36554214
118.32,-51.830326,-9.275244,0.045777034
118.34,-3.7575107,-0.62263197,0.20565958
118.36,25.08618,1.7808713,-0.114105515
118.38,-18.179356,-0.14193134,0.36554214
118.399994,-47.023045,-10.396878,-0.114105515
118.42,-8.564792,-9.755944,-0.4338706
118.439995,-3.7575107,7.549279,0.20565958
118.46,145.26822,9.952783,0.045777034
118.479996,-37.40848,-8.474075,0.20565958
118.5,68.35171,-3.3466022,0.045777034
118.52,87.58084,3.0627398,-0.2739881
118.54,5.857053,1.7808713,0.045777034
118.56,25.08618,1.3001705,0.20565958
118.579994,135.65366,21.0089,0.68530726
118.6,44.315308,7.228812,0.20565958
118.619995,-8.564792,-3.9875362,-0.2739881
118.64,-8.564792,-4.7887044,-0.2739881
118.659996,-47.023045,6.2674108,-0.114105515
118.68,-22.986637,4.9855423,0.045777034
118.7,-27.793919,4.9855423,-0.114105515
118.71999,5.857053,-5.2694044,-0.4338706
118.74,5.857053,3.2229733,0.20565958
118.759995,-42.215763,-6.711507,-0.2739881
118.78,-3.7575107,-2.2249672,0.045777034
118.799995,15.471616,-2.7056682,-0.4338706
118.82,25.08618,-5.7501054,-0.4338706
118.84,-22.986637,-0.7828655,-0.4338706
118.86,-104.71042,-18.568789,-0.2739881
118.88,-61.44489,0.33876932,0.20565958
118.899994,-47.023045,-1.7442669,0.36554214
118.92,-22.986637,-0.14193134,0.045777034
118.939995,-27.793919,-2.0647337,0.045777034
118.96,-123.93955,-2.2249672,0.20565958
118.979996,49.122585,5.9469438,-0.114105515
119.0,-22.986637,-7.993375,-0.59375316
119.02,-13.372073,0.6592364,-0.59375316
119.04,-56.637608,-8.794542,-0.2739881
119.06,-85.48129,-4.7887044,0.045777034
119.079994,15.471616,-4.6284704,-0.2739881
119.1,-61.44489,-3.9875362,-0.2739881
119.119995,-66.25217,-0.30216488,-0.4338706
119.14,-27.793919,-0.7828655,-0.2739881
119.159996,34.700745,9.151615,-0.4338706
119.18,-37.40848,-4.6284704,-0.4338706
119.2,73.159,-1.5840333,-0.59375316
119.21999,15.471616,9.151615,-0.2739881
119.24,-47.023045,-8.474075,-0.2739881
119.259995,-22.986637,-3.9875362,-0.2739881
119.28,97.195404,-0.62263197,-0.114105515
119.299995,-200.85605,-7.192207,-0.59375316
119.32,-13.372073,0.9797035,0.045777034
119.34,25.08618,8.831148,0.045777034
119.36,-8.564792,-1.5840333,-0.2739881
119.38,-3.7575107,0.9797035,0.20565958
119.399994,25.08618,-5.1091714,-0.7536357
119.42,44.315308,1.9411048,-0.2739881
119.439995,-56.637608,-7.352441,-0.4338706
119.46,73.159,11.875586,-0.4338706
119.479996,39.508022,-2.7056682,-0.114105515
119.5,-22.986637,-0.14193134,-0.2739881
119.52,-51.830326,-6.5512733,-0.114105515
119.54,-42.215763,5.466243,0.36554214
119.56,-80.67402,-1.7442669,0.045777034
119.579994,20.278896,-4.14777,-0.4338706
119.6,25.08618,-1.5840333,-0.114105515
119.619995,44.315308,-0.30216488,-0.2739881
119.64,-32.6012,1.139937,0.20565958
119.659996,34.700745,-0.46239844,-0.4338706
119.68,-47.023045,-3.6670694,-0.2739881
119.7,-3.7575107,1.139937,0.045777034
119.71999,-42.215763,-5.1091714,0.045777034
119.74,1.049771,-2.385201,-0.2739881
119.759995,-61.44489,-0.46239844,-0.4338706
119.78,5.857053,4.3446083,-0.2739881
119.799995,-32.6012,-8.634309,-0.7536357
119.82,1.049771,7.8697467,-0.4338706
119.84,-18.179356,0.17853576,-0.114105515
119.86,102.002686,-3.5068357,-0.4338706
119.88,-56.637608,-1.9045002,-0.2739881
119.899994,-32.6012,-3.9875362,-0.114105515
119.92,34.700745,0.81947,-0.114105515
119.939995,-109.5177,-6.230806,-0.2739881
119.96,1.049771,-0.9430991,-0.4338706
119.979996,15.471616,3.0627398,0.045777034
120.0,-3.7575107,3.0627398,-0.2739881
120.02,63.54443,0.9797035,-0.114105515
120.04,102.002686,22.451,0.20565958
120.06,-32.6012,0.17853576,0.045777034
120.079994,-32.6012,-3.6670694,-0.2739881
120.1,39.508022,-4.14777,-0.2739881
120.119995,-51.830326,-0.30216488,0.5254247
120.14,-66.25217,-1.7442669,0.045777034
120.159996,15.471616,5.9469438,0.045777034
120.18,-51.830326,-0.14193134,0.045777034
120.2,34.700745,0.49900287,-0.114105515
120.21999,-8.564792,1.9411048,-0.2739881
120.24,73.159,5.6264763,-0.114105515
120.259995,-85.48129,-11.037811,-0.59375316
120.28,-27.793919,1.3001705,-0.114105515
120.299995,-13.372073,0.17853576,0.045777034
120.32,1.049771,-1.5840333,-0.114105515
120.34,-172.01237,-16.005053,-0.59375316
120.36,-56.637608,4.6650753,0.20565958
120.38,63.54443,-5.429638,-0.2739881
120.399994,-27.793919,2.5820389,-0.114105515
120.42,-32.6012,0.49900287,-0.2739881
120.439995,10.664334,-0.30216488,-0.2739881
120.46,58.737152,2.5820389,-0.59375316
120.479996,-13.372073,6.7481112,0.045777034
120.5,34.700745,-0.62263197,-0.114105515
120.52,116.42453,-7.0319734,-1.2332834
120.54,-80.67402,-7.833141,-0.4338706
120.56,-95.09586,-13.761782,-0.114105515
120.579994,82.77356,-1.9045002,-0.4338706
120.6,20.278896,-0.7828655,-0.2739881
120.619995,-47.023045,-11.358279,0.045777034
120.64,58.737152,2.4218054,-0.2739881
120.659996,10.664334,-4.6284704,-0.59375316
120.68,154.8828,26.296606,0.5254247
120.7,34.700745,15.24049,0.20565958
120.71999,-27.793919,2.902506,-0.114105515
120.74,-22.986637,-4.3080034,0.045777034
120.759995,1.049771,-4.6284704,-0.4338706
120.78,44.315308,-2.5454345,-0.59375316
120.799995,-13.372073,-2.385201,-0.59375316
120.82,-27.793919,-3.026135,-0.114105515
120.84,-13.372073,-0.30216488,-0.114105515
120.86,-3.7575107,-0.9430991,-0.2739881
120.88,-66.25217,0.018302217,-0.114105515
120.899994,53.92987,-0.46239844,-0.4338706
120.92,39.508022,-3.3466022,-0.2739881
120.939995,-8.564792,-0.7828655,-0.114105515
120.96,-32.6012,2.4218054,-0.2739881
120.979996,15.471616,7.228812,-0.114105515
121.0,-47.023045,11.074417,-0.114105515
121.02,-18.179356,-3.9875362,-0.114105515
121.04,-27.793919,4.3446083,0.20565958
121.06,10.664334,-7.352441,-0.4338706
121.079994,5.857053,13.157454,0.20565958
121.1,-22.986637,-3.827303,-0.2739881
121.119995,5.857053,-0.62263197,0.045777034
121.14,-27.793919,-2.7056682,-0.2739881
121.159996,145.26822,13.638155,0.20565958
121.18,-8.564792,-6.0705724,-0.2739881
121.2,34.700745,3.3832066,-0.114105515
121.21999,10.664334,-3.827303,0.045777034
121.24,58.737152,8.831148,0.045777034
121.259995,-37.40848,-2.5454345,-0.2739881
121.28,-61.44489,2.5820389,0.20565958
121.299995,20.278896,3.3832066,0.045777034
121.32,5.857053,4.3446083,0.045777034
121.34,25.08618,-0.30216488,-0.114105515
121.36,-3.7575107,1.7808713,-0.114105515
121.38,-42.215763,-9.755944,-0.4338706
121.399994,25.08618,0.49900287,-0.2739881
121.42,-56.637608,-0.30216488,-0.114105515
121.439995,34.700745,7.549279,0.045777034
121.46,20.278896,1.4604042,0.045777034
121.479996,82.77356,-6.3910394,-0.4338706
121.5,5.857053,2.902506,-0.2739881
121.52,-8.564792,-11.358279,-0.4338706
121.54,-109.5177,-16.966454,0.045777034
121.56,34.700745,9.472081,-0.114105515
121.579994,-37.40848,-2.8659017,0.20565958
121.6,53.92987,9.311849,0.045777034
121.619995,58.737152,1.3001705,-0.2739881
121.64,10.664334,-0.9430991,-0.114105515
121.659996,-56.637608,-9.59571,-0.114105515
121.68,1.049771,11.875586,0.5254247
121.7,-27.793919,0.6592364,-0.114105515
121.71999,-66.25217,-7.352441,0.045777034
121.74,29.893461,4.6650753,-0.4338706
121.759995,63.54443,1.4604042,0.045777034
121.78,-27.793919,-3.3466022,-0.114105515
121.799995,-66.25217,-16.005053,-0.4338706
121.82,-47.023045,9.151615,0.045777034
121.84,10.664334,0.9797035,0.045777034
121.86,-3.7575107,8.02998,0.68530726
121.88,-42.215763,-2.385201,0.20565958
121.899994,29.893461,0.81947,0.20565958
121.92,58.737152,4.504842,-0.2739881
121.939995,34.700745,0.49900287,-0.2739881
121.96,25.08618,-0.14193134,-0.114105515
121.979996,5.857053,10.593717,0.045777034
122.0,25.08618,-4.948938,0.045777034
122.02,20.278896,2.7422726,-0.114105515
122.04,-18.179356,-13.601548,-0.2739881
122.06,-47.023045,-4.6284704,-0.114105515
122.079994,-22.986637,3.8639073,0.045777034
122.1,-8.564792,-8.313842,-0.4338706
122.119995,53.92987,6.1071773,0.045777034
122.14,-51.830326,1.6206378,-0.114105515
122.159996,25.08618,4.9855423,0.36554214
122.18,130.84637,-3.1863687,0.20565958
122.2,130.84637,18.925863,0.045777034
122.21999,1.049771,0.33876932,-0.114105515
122.24,53.92987,-3.3466022,-0.114105515
122.259995,39.508022,-6.711507,-0.2739881
122.28,-27.793919,4.3446083,0.36554214
122.299995,-27.793919,-3.827303,0.045777034
122.32,-71.05945,-12.31968,-0.4338706
122.34,-27.793919,-5.1091714,0.045777034
122.36,29.893461,-0.14193134,-0.2739881
122.38,73.159,1.6206378,-0.114105515
122.399994,126.0391,22.451,0.5254247
122.42,44.315308,0.81947,-0.114105515
122.439995,92.38812,-0.30216488,0.68530726
122.46,-3.7575107,-6.3910394,0.36554214
122.479996,-32.6012,4.3446083,0.20565958
122.5,10.664334,-13.761782,-0.114105515
122.52,-95.09586,6.4276443,0.8451898
122.54,102.002686,18.605394,0.5254247
122.56,145.26822,13.157454,0.20565958
122.579994,15.471616,-2.7056682,-0.2739881
122.6,-8.564792,3.7036738,-0.4338706
122.619995,-27.793919,0.6592364,0.20565958
122.64,-27.793919,1.139937,0.5254247
122.659996,1.049771,-0.30216488,0.5254247
122.68,39.508022,-11.83898,-0.2739881
122.7,97.195404,13.157454,0.5254247
122.71999,44.315308,-0.7828655,0.36554214
122.74,49.122585,1.6206378,0.045777034
122.759995,-22.986637,-8.153608,-0.114105515
122.78,10.664334,9.952783,0.68530726
122.799995,29.893461,-1.1033326,0.045777034
122.82,-22.986637,-11.518513,0.20565958
122.84,-27.793919,-14.08225,0.045777034
122.86,-27.793919,-1.7442669,0.36554214
122.88,10.664334,-2.8659017,0.20565958
122.899994,-27.793919,-4.948938,0.045777034
122.92,5.857053,-2.2249672,0.20565958
122.939995,1.049771,-3.5068357,0.5254247
122.96,-8.564792,-7.672908,0.045777034
122.979996,15.471616,10.914185,0.68530726
123.0,-3.7575107,-9.755944,0.045777034
123.02,106.80997,11.555119,0.5254247
123.04,97.195404,8.350447,0.36554214
123.06,-27.793919,7.549279,0.20565958
123.079994,-95.09586,-5.429638,0.5254247
123.1,97.195404,16.20189,0.36554214
123.119995,10.664334,-0.9430991,0.045777034
123.14,-22.986637,-1.4237996,0.20565958
123.159996,25.08618,0.018302217,0.20565958
123.18,77.96628,-3.9875362,0.20565958
123.2,5.857053,2.1013381,0.68530726
123.21999,-42.215763,-12.800381,0.36554214
123.24,-61.44489,0.9797035,0.36554214
123.259995,-32.6012,2.7422726,0.5254247
123.28,34.700745,3.7036738,1.164955
123.299995,-22.986637,-4.7887044,0.36554214
123.32,174.11191,8.670914,0.5254247
123.34,-3.7575107,-2.0647337,0.36554214
123.36,-18.179356,9.311849,0.8451898
123.38,-27.793919,-1.7442669,0.5254247
123.399994,-47.023045,1.139937,0.68530726
123.42,44.315308,19.406563,0.5254247
123.439995,-32.6012,-2.385201,0.36554214
123.46,44.315308,5.9469438,0.20565958
123.479996,15.471616,-1.4237996,0.5254247
123.5,-32.6012,0.81947,0.8451898
123.52,15.471616,3.2229733,0.20565958
123.54,20.278896,3.3832066,0.5254247
123.56,-3.7575107,-10.396878,0.045777034
123.579994,68.35171,3.3832066,0.36554214
123.6,-32.6012,-4.3080034,0.045777034
123.619995,-37.40848,-0.30216488,0.20565958
123.64,-18.179356,-4.948938,0.045777034
123.659996,-51.830326,0.018302217,0.5254247
123.68,68.35171,4.024141,0.68530726
123.7,44.315308,-0.30216488,0.68530726
123.71999,58.737152,-1.9045002,0.20565958
123.74,-3.7575107,6.1071773,0.5254247
123.759995,-3.7575107,3.2229733,0.8451898
123.78,63.54443,1.7808713,0.68530726
123.799995,-104.71042,-4.7887044,0.68530726
123.82,-22.986637,-7.5126743,0.36554214
123.84,20.278896,2.4218054,0.8451898
123.86,53.92987,-4.7887044,0.68530726
123.88,39.508022,4.504842,0.20565958
123.899994,29.893461,-10.076411,-0.2739881
123.92,87.58084,3.8639073,0.68530726
123.939995,-51.830326,-2.2249672,0.5254247
123.96,-27.793919,0.018302217,0.045777034
123.979996,68.35171,9.311849,0.68530726
124.0,-95.09586,1.139937,0.20565958
124.02,5.857053,-2.8659017,0.045777034
124.04,-18.179356,-6.711507,0.045777034
124.06,58.737152,-5.429638,0.20565958
124.079994,-147.97597,0.17853576,0.68530726
124.1,34.700745,2.5820389,0.20565958
124.119995,58.737152,4.825309,0.68530726
124.14,121.23181,1.7808713,0.68530726
124.159996,116.42453,0.17853576,0.20565958
124.18,58.737152,2.5820389,0.68530726
124.2,-13.372073,5.145776,0.68530726
124.21999,29.893461,-5.2694044,0.5254247
124.24,130.84637,19.727032,0.8451898
124.259995,-27.793919,-6.230806,0.36554214
124.28,34.700745,2.7422726,0.20565958
124.299995,150.0755,13.638155,0.68530726
124.32,44.315308,3.8639073,0.20565958
124.34,15.471616,-4.948938,0.20565958
124.36,53.92987,-8.794542,0.045777034
124.38,97.195404,11.715352,0.68530726
124.399994,-42.215763,-3.3466022,0.5254247
124.42,-119.13227,-15.844818,0.36554214
124.439995,10.664334,-6.8717403,0.36554214
124.46,-95.09586,-4.948938,0.20565958
124.479996,58.737152,-5.429638,0.20565958
124.5,1.049771,3.0627398,0.36554214
124.52,-37.40848,-14.883417,0.045777034
124.54,15.471616,9.151615,0.68530726
124.56,126.0391,13.477921,0.20565958
124.579994,-18.179356,1.7808713,0.68530726
124.6,-119.13227,2.5820389,0.68530726
124.619995,58.737152,-0.46239844,0.20565958
124.64,15.471616,-0.9430991,0.045777034
124.659996,-109.5177,-14.08225,0.20565958
124.68,1.049771,-2.0647337,0.5254247
124.7,25.08618,-4.468237,0.36554214
124.71999,20.278896,3.5434403,0.5254247
124.74,-47.023045,1.4604042,0.36554214
124.759995,29.893461,-4.948938,0.36554214
124.78,-90.288574,-0.14193134,0.8451898
124.799995,-27.793919,1.6206378,0.68530726
124.82,87.58084,7.8697467,0.5254247
124.84,-71.05945,-4.6284704,0.20565958
124.86,15.471616,10.113016,0.68530726
124.88,-61.44489,-3.026135,0.68530726
124.899994,-8.564792,-0.62263197,0.5254247
124.92,68.35171,-0.7828655,0.20565958
124.939995,135.65366,-10.717345,0.045777034
124.96,-3.7575107,2.4218054,0.68530726
124.979996,10.664334,5.9469438,0.68530726
125.0,49.122585,3.2229733,0.5254247
125.02,-42.215763,3.0627398,0.8451898
125.04,34.700745,9.472081,0.8451898
125.06,44.315308,5.6264763,0.68530726
125.079994,-95.09586,-13.281082,0.045777034
125.1,-18.179356,3.5434403,0.36554214
125.119995,53.92987,-4.948938,0.20565958
125.14,25.08618,7.709513,0.68530726
125.159996,77.96628,-5.910339,0.68530726
125.18,29.893461,11.394884,0.68530726
125.2,-42.215763,-2.8659017,0.36554214
125.21999,58.737152,6.2674108,0.5254247
125.24,-27.793919,-11.518513,0.20565958
125.259995,49.122585,-3.6670694,0.045777034
125.28,111.61725,7.3890457,0.5254247
125.299995,-27.793919,-0.30216488,0.5254247
125.32,25.08618,0.49900287,0.68530726
125.34,-3.7575107,-0.14193134,0.5254247
125.36,-27.793919,2.261572,1.0050724
125.38,15.471616,-7.833141,0.045777034
125.399994,25.08618,-6.0705724,0.36554214
125.42,-27.793919,-5.589872,-0.114105515
125.439995,25.08618,2.1013381,0.36554214
125.46,34.700745,9.632316,0.5254247
125.479996,29.893461,-4.14777,0.5254247
125.5,15.471616,4.024141,0.68530726
125.52,-8.564792,14.759789,0.8451898
125.54,15.471616,1.139937,0.36554214
125.56,1.049771,-4.3080034,0.68530726
125.579994,97.195404,21.329365,0.68530726
125.6,5.857053,1.3001705,0.68530726
125.619995,53.92987,-0.9430991,0.045777034
125.64,-80.67402,-21.292757,0.045777034
125.659996,-22.986637,-3.5068357,0.20565958
125.68,-18.179356,-1.9045002,0.045777034
125.7,29.893461,11.234652,0.8451898
125.71999,-51.830326,2.4218054,-0.114105515
125.74,34.700745,-3.3466022,0.20565958
125.759995,73.159,2.4218054,0.20565958
125.78,-119.13227,-10.236644,0.045777034
125.799995,-13.372073,3.8639073,0.68530726
125.82,-47.023045,-5.589872,0.20565958
125.84,-99.903145,-1.9045002,0.20565958
125.86,44.315308,-6.0705724,0.045777034
125.88,53.92987,-1.7442669,-0.114105515
125.899994,5.857053,3.7036738,0.68530726
125.92,106.80997,5.466243,0.20565958
125.939995,-37.40848,-2.7056682,0.20565958
125.96,58.737152,0.6592364,0.20565958
125.979996,97.195404,5.9469438,0.20565958
126.0,-47.023045,-4.7887044,0.045777034
126.02,-32.6012,-7.5126743,0.20565958
126.04,-13.372073,-3.026135,0.20565958
126.06,68.35171,4.825309,0.045777034
126.079994,-80.67402,5.3060093,0.5254247
126.1,-56.637608,-2.385201,0.045777034
126.119995,-51.830326,-0.46239844,0.5254247
126.14,1.049771,3.5434403,-0.114105515
126.159996,106.80997,1.139937,0.20565958
126.18,-119.13227,-2.7056682,0.5254247
126.2,5.857053,10.113016,0.5254247
126.21999,53.92987,16.52236,0.36554214
126.24,77.96628,6.7481112,0.36554214
126.259995,-32.6012,-15.203884,-0.114105515
126.28,20.278896,3.7036738,0.5254247
126.299995,63.54443,2.902506,0.5254247
126.32,44.315308,-0.46239844,-0.114105515
126.34,-13.372073,-0.9430991,-0.114105515
126.36,-13.372073,-7.672908,0.20565958
126.38,-51.830326,-0.46239844,0.045777034
126.399994,121.23181,18.124695,0.20565958
126.42,-22.986637,0.6592364,0.045777034
126.439995,-51.830326,-8.634309,0.045777034
126.46,10.664334,-6.3910394,-0.114105515
126.479996,-18.179356,-2.5454345,0.045777034
126.5,-181.62692,-24.17696,0.20565958
126.52,63.54443,9.151615,0.68530726
126.54,20.278896,-3.3466022,0.20565958
126.56,102.002686,-1.1033326,0.36554214
126.579994,-27.793919,0.17853576,0.20565958
126.6,-90.288574,-7.833141,0.5254247
126.619995,-51.830326,-9.59571,0.045777034
126.64,-66.25217,-1.5840333,0.045777034
126.659996,77.96628,-1.2635663,0.045777034
126.68,1.049771,-0.46239844,0.36554214
126.7,140.46094,7.549279,0.36554214
126.71999,-32.6012,1.139937,0.68530726
126.74,-3.7575107,1.9411048,-0.114105515
126.759995,15.471616,-1.7442669,0.36554214
126.78,-32.6012,3.0627398,0.20565958
126.799995,198.14832,11.875586,0.045777034
126.82,53.92987,7.8697467,0.20565958
126.84,53.92987,0.33876932,0.20565958
126.86,39.508022,-2.385201,0.20565958
126.88,63.54443,3.3832066,0.20565958
126.899994,29.893461,5.6264763,0.36554214
126.92,20.278896,6.1071773,0.20565958
126.939995,58.737152,-2.7056682,-0.114105515
126.96,58.737152,8.190214,0.68530726
126.979996,87.58084,-1.5840333,0.5254247
127.0,154.8828,21.649834,0.5254247
127.02,-99.903145,-6.230806,-0.114105515
127.04,140.46094,11.715352,0.20565958
127.06,-90.288574,-17.76762,0.20565958
127.079994,97.195404,1.9411048,0.045777034
127.1,97.195404,10.27325,0.20565958
127.119995,15.471616,1.7808713,0.36554214
127.14,44.315308,6.4276443,0.8451898
127.159996,-13.372073,-1.5840333,0.5254247
127.18,10.664334,3.7036738,0.5254247
127.2,106.80997,5.3060093,0.5254247
127.21999,10.664334,2.902506,0.20565958
127.24,25.08618,-4.3080034,0.36554214
127.259995,44.315308,4.9855423,0.68530726
127.28,53.92987,5.466243,0.5254247
127.299995,-80.67402,-9.916177,0.5254247
127.32,44.315308,6.908345,1.0050724
127.34,-8.564792,-10.717345,0.36554214
127.36,25.08618,-8.954777,0.5254247
127.38,92.38812,17.483759,0.8451898
127.399994,-27.793919,-12.159447,0.20565958
127.42,39.508022,1.3001705,0.68530726
127.439995,-22.986637,-11.358279,0.20565958
127.46,-75.86674,-8.794542,-0.114105515
127.479996,-56.637608,-4.7887044,0.5254247
127.5,53.92987,4.504842,0.36554214
127.52,34.700745,9.632316,1.0050724
127.54,5.857053,-4.6284704,0.36554214
127.56,82.77356,4.825309,0.68530726
127.579994,-85.48129,-10.076411,0.045777034
127.6,116.42453,8.670914,0.68530726
127.619995,20.278896,1.3001705,0.5254247
127.64,-27.793919,-9.59571,0.8451898
127.659996,-90.288574,-13.761782,0.20565958
127.68,1.049771,6.908345,0.5254247
127.7,-22.986637,-8.634309,0.5254247
127.71999,-71.05945,1.6206378,1.0050724
127.74,29.893461,3.2229733,0.68530726
127.759995,34.700745,4.184375,0.68530726
127.78,92.38812,9.792548,0.20565958
127.799995,5.857053,0.6592364,0.8451898
127.82,-80.67402,1.4604042,0.68530726
127.84,53.92987,-0.46239844,0.68530726
127.86,135.65366,9.151615,0.68530726
127.88,20.278896,4.9855423,0.5254247
127.899994,-99.903145,-11.358279,0.5254247
127.92,63.54443,-0.46239844,0.68530726
127.939995,49.122585,-0.46239844,0.68530726
127.96,87.58084,16.52236,0.68530726
127.979996,20.278896,5.9469438,0.8451898
128.0,5.857053,4.6650753,0.5254247
128.02,-8.564792,3.2229733,1.0050724
128.04,49.122585,1.9411048,0.045777034
128.06,-22.986637,-4.948938,0.20565958
128.08,10.664334,3.3832066,0.68530726
128.09999,-37.40848,1.7808713,0.36554214
128.12,-32.6012,-3.6670694,0.045777034
128.14,-3.7575107,-1.7442669,0.36554214
128.16,-3.7575107,-8.954777,0.045777034
128.18,34.700745,-1.5840333,0.36554214
128.2,68.35171,4.6650753,0.045777034
128.22,58.737152,6.1071773,0.045777034
128.23999,188.53375,21.169132,-0.114105515
128.26,25.08618,-1.7442669,0.045777034
128.28,-119.13227,-9.59571,0.68530726
128.3,-32.6012,-16.005053,0.045777034
128.31999,29.893461,-2.2249672,0.20565958
128.34,20.278896,12.356286,0.20565958
128.36,-27.793919,0.81947,0.045777034
128.37999,106.80997,14.439322,0.20565958
128.4,1.049771,4.024141,0.045777034
128.42,-13.372073,5.145776,0.36554214
128.44,102.002686,8.350447,0.20565958
128.45999,-56.637608,0.81947,0.5254247
128.48,116.42453,7.3890457,0.36554214
128.5,20.278896,-4.468237,0.20565958
128.52,82.77356,-0.7828655,0.045777034
128.54,58.737152,-2.2249672,0.20565958
128.56,121.23181,5.6264763,0.68530726
128.58,-13.372073,2.261572,0.68530726
128.59999,15.471616,-6.8717403,-0.114105515
128.62,10.664334,-1.7442669,0.68530726
128.64,5.857053,6.5878778,0.8451898
128.66,-114.32499,-6.230806,0.36554214
128.68,63.54443,1.4604042,0.68530726
128.7,-27.793919,-12.640147,0.5254247
128.72,73.159,-3.1863687,0.20565958
128.73999,34.700745,5.6264763,1.0050724
128.76,-32.6012,-4.468237,0.68530726
128.78,5.857053,4.504842,1.0050724
128.8,1.049771,4.184375,0.20565958
128.81999,-32.6012,-3.6670694,0.68530726
128.84,15.471616,-11.198046,0.68530726
128.86,-22.986637,-1.5840333,0.5254247
128.87999,-71.05945,-20.331356,-0.4338706
128.9,-61.44489,0.33876932,0.68530726
128.92,183.72647,4.9855423,0.5254247
128.94,-3.7575107,4.184375,0.5254247
128.95999,-18.179356,7.8697467,0.68530726
128.98,5.857053,1.4604042,0.20565958
129.0,-99.903145,-5.2694044,0.36554214
129.02,53.92987,-8.313842,0.36554214
129.04,10.664334,5.145776,0.5254247
129.06,68.35171,-3.827303,0.5254247
129.08,-32.6012,-3.6670694,0.045777034
129.09999,-22.986637,2.261572,1.0050724
129.12,53.92987,-4.6284704,0.045777034
129.14,-22.986637,1.139937,0.5254247
129.16,-13.372073,-8.153608,0.36554214
129.18,5.857053,-6.0705724,0.045777034
129.2,-37.40848,3.0627398,1.0050724
129.22,44.315308,16.682592,0.8451898
129.23999,44.315308,9.311849,1.0050724
129.26,-90.288574,-5.7501054,0.20565958
129.28,44.315308,4.6650753,0.5254247
129.3,15.471616,-4.948938,0.20565958
129.31999,154.8828,9.311849,0.20565958
129.34,-8.564792,-4.3080034,0.5254247
129.36,87.58084,6.7481112,0.20565958
129.37999,34.700745,3.7036738,0.20565958
129.4,15.471616,6.2674108,0.20565958
129.42,102.002686,17.00306,0.68530726
129.44,-3.7575107,-4.468237,0.5254247
129.45999,-32.6012,0.9797035,0.8451898
129.48,-8.564792,-6.0705724,0.20565958
129.5,-27.793919,-0.7828655,0.8451898
129.52,-32.6012,-3.1863687,0.5254247
129.54,87.58084,13.638155,0.5254247
129.56,58.737152,3.5434403,0.5254247
129.58,-85.48129,0.17853576,0.68530726
129.59999,25.08618,7.0685787,1.0050724
129.62,44.315308,4.184375,0.20565958
129.64,29.893461,11.555119,0.5254247
129.66,1.049771,-3.1863687,0.36554214
129.68,97.195404,0.49900287,0.045777034
129.7,53.92987,-1.5840333,0.20565958
129.72,-32.6012,-3.3466022,0.045777034
129.73999,-66.25217,-5.7501054,0.5254247
129.76,-61.44489,-3.9875362,0.36554214
129.78,1.049771,-5.7501054,0.20565958
129.8,-56.637608,-15.203884,0.20565958
129.81999,53.92987,-2.385201,0.36554214
129.84,-22.986637,-8.153608,0.20565958
129.86,188.53375,13.477921,0.8451898
129.87999,49.122585,2.1013381,0.5254247
129.9,-22.986637,-10.076411,0.045777034
129.92,92.38812,5.3060093,0.5254247
129.94,-27.793919,2.7422726,0.045777034
129.95999,102.002686,5.6264763,0.68530726
129.98,102.002686,6.908345,0.68530726
130.0,25.08618,9.311849,0.5254247
130.02,-37.40848,-3.3466022,0.36554214
130.04,20.278896,6.1071773,0.36554214
130.06,63.54443,5.3060093,0.5254247
130.08,-42.215763,-20.171124,0.36554214
130.09999,53.92987,-0.62263197,0.5254247
130.12,-32.6012,-3.9875362,0.20565958
130.14,-22.986637,5.6264763,0.36554214
130.16,29.893461,1.6206378,0.045777034
130.18,-13.372073,11.555119,0.5254247
130.2,102.002686,-2.0647337,-0.114105515
130.22,-22.986637,-13.922015,0.36554214
130.23999,39.508022,-0.14193134,0.8451898
130.26,-37.40848,-3.827303,0.5254247
130.28,25.08618,6.5878778,0.8451898
130.3,44.315308,6.5878778,0.36554214
130.31999,68.35171,-1.4237996,0.68530726
130.34,-42.215763,0.49900287,0.68530726
130.36,39.508022,2.5820389,0.36554214
130.37999,49.122585,17.96446,0.8451898
130.4,34.700745,1.3001705,0.68530726
130.42,-13.372073,-9.275244,0.36554214
130.44,-22.986637,0.17853576,0.68530726
130.45999,49.122585,5.9469438,0.5254247
130.48,102.002686,12.51652,0.5254247
130.5,39.508022,1.9411048,0.5254247
130.52,58.737152,3.2229733,0.68530726
130.54,-71.05945,0.81947,0.20565958
130.56,20.278896,5.9469438,0.36554214
130.58,-27.793919,-10.557112,0.045777034
130.59999,25.08618,7.549279,0.5254247
130.62,-37.40848,-0.62263197,0.68530726
130.64,-13.372073,-4.14777,0.5254247
130.66,-37.40848,-10.396878,0.36554214
130.68,-18.179356,-5.589872,0.045777034
130.7,97.195404,7.549279,0.8451898
130.72,29.893461,7.3890457,0.68530726
130.73999,25.08618,4.6650753,1.0050724
130.76,5.857053,7.228812,0.68530726
130.78,15.471616,5.466243,1.164955
130.8,106.80997,7.0685787,1.0050724
130.81999,-18.179356,13.798388,1.0050724
130.84,-3.7575107,-16.80622,0.36554214
130.86,-27.793919,-7.192207,0.36554214
130.87999,-143.16867,-9.435476,0.5254247
130.9,82.77356,16.682592,1.0050724
130.92,-47.023045,-11.037811,0.20565958
130.94,10.664334,3.8639073,0.68530726
130.95999,-56.637608,-5.429638,0.8451898
130.98,-66.25217,-9.115009,0.5254247
131.0,49.122585,4.9855423,0.20565958
131.02,97.195404,4.024141,0.8451898
131.04,68.35171,15.72119,0.68530726
131.06,-8.564792,-4.3080034,0.20565958
131.08,-18.179356,0.018302217,0.5254247
131.09999,25.08618,-2.8659017,0.20565958
131.12,34.700745,-4.7887044,0.36554214
131.14,198.14832,2.1013381,0.20565958
131.16,-42.215763,5.145776,0.20565958
131.18,29.893461,0.81947,0.045777034
131.2,-27.793919,-1.9045002,0.20565958
131.22,92.38812,0.9797035,0.20565958
131.23999,34.700745,-2.2249672,0.5254247
131.26,-27.793919,4.9855423,0.20565958
131.28,-27.793919,1.6206378,0.20565958
131.3,-47.023045,-11.678746,0.36554214
131.31999,-75.86674,-3.1863687,0.045777034
131.34,25.08618,4.024141,0.36554214
131.36,68.35171,4.9855423,-0.114105515
131.37999,-47.023045,-1.7442669,0.20565958
131.4,25.08618,0.17853576,0.5254247
131.42,-99.903145,3.8639073,0.68530726
131.44,63.54443,3.7036738,0.68530726
131.45999,-22.986637,-7.192207,0.20565958
131.48,34.700745,7.0685787,0.36554214
131.5,102.002686,13.157454,0.36554214
131.52,34.700745,8.991381,-0.114105515
131.54,63.54443,1.3001705,0.36554214
131.56,-85.48129,4.3446083,0.68530726
131.58,159.69006,18.124695,0.5254247
131.59999,53.92987,0.6592364,0.20565958
131.62,106.80997,6.2674108,0.36554214
131.64,-3.7575107,-6.0705724,0.045777034
131.66,87.58084,-2.8659017,0.20565958
131.68,-18.179356,-5.429638,0.045777034
131.7,-32.6012,-4.14777,0.045777034
131.72,20.278896,-5.589872,0.045777034
131.73999,-13.372073,-6.3910394,-0.2739881
131.76,-42.215763,-3.6670694,0.20565958
131.78,130.84637,12.51652,0.5254247
131.8,159.69006,4.825309,0.20565958
131.81999,-196.04878,-3.827303,0.36554214
131.84,-3.7575107,-1.5840333,0.5254247
131.86,-61.44489,-2.7056682,0.5254247
131.87999,44.315308,-2.385201,0.5254247
131.9,39.508022,-2.5454345,-0.4338706
131.92,135.65366,12.356286,0.68530726
131.94,25.08618,-0.14193134,0.5254247
131.95999,29.893461,9.311849,0.68530726
131.98,-3.7575107,0.33876932,0.20565958
132.0,20.278896,-0.46239844,-0.114105515
132.02,-220.08519,-5.910339,0.8451898
132.04,10.664334,2.1013381,0.5254247
132.06,58.737152,-4.948938,0.20565958
132.08,49.122585,4.504842,0.045777034
132.09999,39.508022,1.139937,0.20565958
132.12,-22.986637,-5.910339,0.20565958
132.14,-8.564792,3.8639073,0.68530726
132.16,-47.023045,-4.3080034,0.5254247
132.18,49.122585,4.024141,0.20565958
132.2,49.122585,4.825309,-0.114105515
132.22,-114.32499,-5.429638,0.36554214
132.23999,5.857053,-7.833141,-0.114105515
132.26,34.700745,-12.479914,-0.2739881
132.28,87.58084,8.190214,0.20565958
132.3,-42.215763,-4.6284704,0.5254247
132.31999,-75.86674,-8.313842,-0.114105515
132.34,63.54443,4.024141,0.045777034
132.36,5.857053,-4.14777,-0.2739881
132.37999,5.857053,8.670914,0.5254247
132.4,1.049771,4.184375,0.20565958
132.42,-75.86674,-0.7828655,0.20565958
132.44,1.049771,0.33876932,0.20565958
132.45999,20.278896,-0.46239844,-0.114105515
132.48,-42.215763,-20.812057,-0.114105515
132.5,15.471616,2.5820389,0.20565958
132.52,-32.6012,-3.026135,-0.2739881
132.54,53.92987,14.920023,0.20565958
132.56,-27.793919,-2.5454345,0.20565958
132.58,-13.372073,0.018302217,0.68530726
132.59999,15.471616,4.024141,0.68530726
132.62,97.195404,13.798388,0.5254247
132.64,-32.6012,2.4218054,0.20565958
132.66,126.0391,6.7481112,0.20565958
132.68,-27.793919,3.0627398,0.20565958
132.7,-75.86674,-5.7501054,0.36554214
132.72,-8.564792,8.670914,0.36554214
132.73999,49.122585,10.914185,0.68530726
132.76,10.664334,3.8639073,0.36554214
132.78,-42.215763,1.7808713,-0.2739881
132.8,44.315308,-3.5068357,0.045777034
132.81999,-18.179356,0.6592364,0.20565958
132.84,-47.023045,-10.877579,-0.2739881
132.86,20.278896,3.2229733,-0.114105515
132.87999,39.508022,-3.3466022,-0.114105515
132.9,-18.179356,6.908345,0.36554214
132.92,10.664334,-8.634309,-0.59375316
132.94,49.122585,-4.7887044,-0.114105515
132.95999,-71.05945,-5.2694044,-0.4338706
132.98,34.700745,-0.30216488,0.045777034
133.0,126.0391,20.047497,0.045777034
133.02,-47.023045,5.6264763,-0.114105515
133.04,5.857053,1.139937,0.045777034
133.06,-85.48129,-13.120848,0.045777034
133.08,63.54443,-9.755944,-0.114105515
133.09999,-71.05945,-3.9875362,-0.114105515
133.12,-51.830326,-8.153608,-0.4338706
133.14,-71.05945,-3.9875362,-0.4338706
133.16,34.700745,5.78671,0.045777034
133.18,121.23181,4.024141,-0.2739881
133.2,1.049771,2.4218054,0.36554214
133.22,-8.564792,0.33876932,0.20565958
133.23999,-37.40848,0.49900287,0.045777034
133.26,53.92987,-1.5840333,-0.114105515
133.28,25.08618,-8.634309,-0.2739881
133.3,87.58084,10.593717,-0.114105515
133.31999,-109.5177,-1.4237996,-0.114105515
133.34,5.857053,6.2674108,0.045777034
133.36,106.80997,1.9411048,-0.2739881
133.37999,-42.215763,-1.7442669,-0.114105515
133.4,-3.7575107,1.3001705,-0.2739881
133.42,-8.564792,5.9469438,-0.2739881
133.44,34.700745,0.81947,-0.2739881
133.45999,-147.97597,-11.358279,-0.4338706
133.48,34.700745,-0.9430991,-0.2739881
133.5,-8.564792,-3.5068357,0.045777034
133.52,-99.903145,10.75395,0.20565958
133.54,1.049771,-2.8659017,0.045777034
133.56,15.471616,0.81947,0.045777034
133.58,68.35171,-1.7442669,0.045777034
133.59999,-22.986637,0.17853576,-0.114105515
133.62,-42.215763,3.7036738,0.20565958
133.64,-27.793919,-1.1033326,-0.114105515
133.66,-47.023045,-3.6670694,-0.114105515
133.68,25.08618,2.5820389,-0.114105515
133.7,-42.215763,-0.14193134,-0.2739881
133.72,53.92987,2.261572,-0.59375316
133.73999,25.08618,7.228812,0.36554214
133.76,-85.48129,-13.281082,-0.114105515
133.78,25.08618,2.902506,-0.4338706
133.8,-32.6012,4.024141,0.20565958
133.81999,-18.179356,1.3001705,-0.4338706
133.84,15.471616,-8.153608,-0.2739881
133.86,-18.179356,-7.352441,0.045777034
133.87999,29.893461,0.17853576,-0.114105515
133.9,-51.830326,-2.5454345,-0.2739881
133.92,-42.215763,3.5434403,0.045777034
133.94,15.471616,-3.6670694,-0.114105515
133.95999,25.08618,2.7422726,-0.2739881
133.98,10.664334,2.7422726,0.045777034
134.0,-71.05945,-8.313842,-0.9135183
134.02,53.92987,-6.230806,-0.114105515
134.04,-32.6012,-18.088087,-0.4338706
134.06,-27.793919,-0.14193134,-0.4338706
134.08,1.049771,-1.9045002,-0.2739881
134.09999,-18.179356,-3.9875362,-0.4338706
134.12,102.002686,7.0685787,0.20565958
134.14,15.471616,11.875586,-0.2739881
134.16,15.471616,-3.3466022,-0.4338706
134.18,5.857053,0.9797035,-0.59375316
134.2,-85.48129,-2.7056682,0.045777034
134.22,-56.637608,-0.62263197,-0.2739881
134.23999,20.278896,-1.5840333,-0.2739881
134.26,130.84637,5.9469438,-0.2739881
134.28,10.664334,-3.3466022,-0.2739881
134.3,68.35171,0.49900287,-0.2739881
134.31999,10.664334,6.4276443,0.045777034
134.34,44.315308,0.81947,-0.2739881
134.36,-47.023045,4.3446083,0.045777034
134.37999,92.38812,8.190214,-0.114105515
134.4,-61.44489,-3.9875362,-0.2739881
134.42,5.857053,5.145776,-0.2739881
134.44,-8.564792,-2.7056682,-0.4338706
134.45999,-27.793919,-0.14193134,-0.4338706
134.48,87.58084,-3.1863687,-0.2739881
134.5,-22.986637,0.9797035,-0.2739881
134.52,-18.179356,-8.794542,-0.2739881
134.54,-56.637608,-14.402717,-0.4338706
134.56,-18.179356,-2.8659017,-0.2739881
134.58,29.893461,3.8639073,-0.2739881
134.59999,-27.793919,2.7422726,-0.2739881
134.62,-13.372073,2.7422726,-0.114105515
134.64,-3.7575107,1.4604042,-0.114105515
134.66,82.77356,6.4276443,-0.2739881
134.68,-18.179356,-12.479914,-0.2739881
134.7,-99.903145,-7.192207,-0.2739881
134.72,-75.86674,0.9797035,0.20565958
134.73999,-8.564792,2.7422726,0.20565958
134.76,10.664334,-19.530188,-0.7536357
134.78,-51.830326,0.17853576,-0.114105515
134.8,-56.637608,3.7036738,0.045777034
134.81999,-90.288574,-17.286919,-0.59375316
134.84,49.122585,4.024141,-0.114105515
134.86,10.664334,-0.9430991,-0.2739881
134.87999,63.54443,5.466243,-0.114105515
134.9,-18.179356,1.7808713,-0.114105515
134.92,44.315308,2.902506,0.045777034
134.94,-8.564792,-4.6284704,-0.4338706
134.95999,-18.179356,-3.827303,-0.2739881
134.98,25.08618,5.466243,-0.114105515
135.0,-32.6012,3.8639073,-0.114105515
135.02,58.737152,0.17853576,-0.7536357
135.04,-22.986637,4.504842,-0.114105515
135.06,102.002686,0.6592364,-0.114105515
135.08,111.61725,6.908345,0.045777034
135.09999,-66.25217,0.81947,-0.4338706
135.12,-119.13227,-9.59571,-0.4338706
135.14,-13.372073,-15.844818,-0.4338706
135.16,53.92987,-0.9430991,-0.4338706
135.18,1.049771,3.2229733,0.045777034
135.2,63.54443,-0.62263197,-0.59375316
135.22,25.08618,-5.910339,-0.4338706
135.23999,20.278896,-9.435476,-0.4338706
135.26,49.122585,2.902506,-0.114105515
135.28,87.58084,-5.589872,-0.4338706
135.3,-138.36139,7.3890457,-0.114105515
135.31999,39.508022,4.825309,0.20565958
135.34,-18.179356,-9.275244,-0.2739881
135.36,5.857053,9.472081,-0.114105515
135.37999,29.893461,6.2674108,0.20565958
135.4,25.08618,7.8697467,-0.4338706
135.42,5.857053,4.825309,0.045777034
135.44,5.857053,2.902506,-0.2739881
135.45999,25.08618,2.7422726,-0.114105515
135.48,106.80997,-0.9430991,-0.2739881
135.5,-18.179356,7.0685787,-0.2739881
135.52,-123.93955,-6.230806,0.045777034
135.54,44.315308,-1.7442669,-0.114105515
135.56,77.96628,2.902506,0.045777034
135.58,77.96628,9.632316,-0.114105515
135.59999,-27.793919,-1.9045002,-0.114105515
135.62,1.049771,2.7422726,0.045777034
135.64,-22.986637,3.7036738,-0.114105515
135.66,-3.7575107,-2.2249672,0.045777034
135.68,25.08618,-2.0647337,0.045777034
135.7,-133.55412,-10.236644,-0.114105515
135.72,34.700745,-1.4237996,0.045777034
135.73999,-13.372073,-10.076411,-1.0734009
135.76,49.122585,7.8697467,0.045777034
135.78,-80.67402,-12.479914,-0.114105515
135.8,34.700745,3.0627398,-0.114105515
135.81999,1.049771,-3.026135,0.045777034
135.84,-8.564792,-0.9430991,-0.114105515
135.86,39.508022,3.3832066,0.20565958
135.87999,-61.44489,-12.800381,-0.2739881
135.9,-3.7575107,-2.0647337,-0.114105515
135.92,82.77356,-3.9875362,-0.7536357
135.94,15.471616,4.024141,0.20565958
135.95999,-27.793919,-3.9875362,0.045777034
135.98,-138.36139,-3.026135,0.045777034
136.0,20.278896,-3.1863687,-0.114105515
136.02,20.278896,3.0627398,0.20565958
136.04,1.049771,-3.827303,-0.114105515
136.06,-119.13227,-7.672908,0.045777034
136.08,68.35171,5.466243,0.045777034
136.09999,-42.215763,1.6206378,0.20565958
136.12,25.08618,10.75395,0.20565958
136.14,-42.215763,-4.6284704,0.36554214
136.16,49.122585,2.7422726,0.20565958
136.18,20.278896,0.33876932,0.045777034
136.2,68.35171,10.27325,0.20565958
136.22,-80.67402,0.6592364,0.045777034
136.23999,58.737152,1.9411048,-0.114105515
136.26,25.08618,-2.385201,-0.114105515
136.28,34.700745,-1.2635663,0.20565958
136.3,1.049771,-8.313842,0.045777034
136.31999,-18.179356,4.9855423,0.36554214
136.34,-13.372073,3.7036738,0.045777034
136.36,10.664334,-3.827303,-0.2739881
136.37999,15.471616,-0.62263197,-0.114105515
136.4,-18.179356,-4.948938,0.045777034
136.42,82.77356,-8.153608,-0.4338706
136.44,44.315308,-2.7056682,-0.114105515
136.45999,29.893461,-10.877579,-0.4338706
136.48,-13.372073,-4.6284704,0.045777034
136.5,10.664334,2.261572,0.20565958
136.52,-61.44489,3.7036738,0.20565958
136.54,1.049771,2.4218054,-0.114105515
136.56,87.58084,4.6650753,0.045777034
136.58,-47.023045,4.024141,0.20565958
136.59999,29.893461,-1.7442669,0.045777034
136.62,-18.179356,-3.6670694,-0.114105515
136.64,-119.13227,-16.485752,-0.114105515
136.66,-3.7575107,-4.948938,-0.114105515
136.68,140.46094,13.958622,0.5254247
136.7,5.857053,10.593717,0.8451898
136.72,97.195404,17.643993,1.0050724
136.73999,39.508022,8.670914,0.20565958
136.76,-22.986637,0.9797035,0.20565958
136.78,164.49734,4.024141,0.045777034
136.8,-13.372073,-24.17696,-0.4338706
136.81999,-27.793919,-2.385201,-0.114105515
136.84,-104.71042,-11.037811,0.045777034
136.86,102.002686,-2.5454345,-0.114105515
136.87999,87.58084,1.7808713,0.045777034
136.9,-3.7575107,-4.7887044,0.045777034
136.92,39.508022,8.831148,0.045777034
136.94,-18.179356,6.1071773,-0.114105515
136.95999,-22.986637,-6.0705724,-0.4338706
136.98,-42.215763,0.9797035,-0.114105515
137.0,-95.09586,-17.927853,-0.114105515
137.02,-99.903145,-9.275244,-0.2739881
137.04,1.049771,-0.62263197,0.20565958
137.06,20.278896,1.7808713,-0.114105515
137.08,34.700745,-8.153608,-0.4338706
137.09999,-51.830326,2.1013381,0.045777034
137.12,34.700745,-0.46239844,-0.114105515
137.14,-152.78323,-12.640147,-0.59375316
137.16,77.96628,5.78671,-0.114105515
137.18,10.664334,3.0627398,-0.2739881
137.2,-42.215763,1.7808713,-0.4338706
137.22,15.471616,-6.5512733,-0.59375316
137.23999,39.508022,6.5878778,0.045777034
137.26,-18.179356,-15.203884,-0.4338706
137.28,-32.6012,-1.4237996,-0.114105515
137.3,92.38812,0.33876932,-0.114105515
137.31999,-167.20508,-4.948938,-0.114105515
137.34,25.08618,16.041658,0.045777034
137.36,68.35171,13.638155,-0.2739881
137.37999,1.049771,-1.9045002,-0.114105515
137.4,-27.793919,-13.120848,-0.4338706
137.42,-8.564792,-1.7442669,-0.2739881
137.44,-3.7575107,-0.7828655,-0.2739881
137.45999,34.700745,-9.59571,-0.7536357
137.48,20.278896,8.350447,-0.59375316
137.5,-32.6012,0.33876932,-0.2739881
137.52,58.737152,0.17853576,-0.4338706
137.54,-18.179356,2.261572,-0.114105515
137.56,5.857053,5.466243,-0.59375316
137.58,-47.023045,2.7422726,-0.4338706
137.59999,87.58084,4.6650753,-0.2739881
137.62,-32.6012,-12.479914,-0.114105515
137.64,-157.59052,-4.948938,-0.114105515
137.66,-18.179356,-4.7887044,-0.4338706
137.68,53.92987,7.3890457,-0.2739881
137.7,-56.637608,-9.115009,-0.4338706
137.72,1.049771,8.510681,0.045777034
137.73999,1.049771,-5.1091714,-0.59375316
137.76,106.80997,16.842825,-0.2739881
137.78,-133.55412,-0.30216488,-0.2739881
137.8,-3.7575107,-5.2694044,-0.2739881
137.81999,29.893461,-3.827303,-0.4338706
137.84,87.58084,3.2229733,-0.2739881
137.86,34.700745,-1.1033326,-0.4338706
137.87999,-47.023045,4.825309,-0.4338706
137.9,-66.25217,-4.6284704,-0.2739881
137.92,34.700745,6.2674108,-0.2739881
137.94,-22.986637,-2.385201,-0.4338706
137.95999,-37.40848,3.3832066,-0.4338706
137.98,-56.637608,-0.14193134,0.045777034
138.0,15.471616,-0.7828655,-0.114105515
138.02,-13.372073,-4.6284704,-0.2739881
138.04,-3.7575107,-5.910339,-0.4338706
138.06,20.278896,1.7808713,-0.2739881
138.08,-152.78323,-20.651823,0.045777034
138.09999,5.857053,7.549279,0.20565958
138.12,44.315308,-4.14777,-0.4338706
138.14,-80.67402,-5.7501054,-0.114105515
138.16,49.122585,-0.46239844,0.045777034
138.18,-27.793919,3.2229733,0.5254247
138.2,-196.04878,-2.0647337,0.20565958
138.22,49.122585,15.881425,0.36554214
138.23999,-27.793919,2.1013381,0.20565958
138.26,-90.288574,-12.479914,-0.114105515
138.28,44.315308,-2.7056682,-0.2739881
138.3,44.315308,0.81947,-0.114105515
138.31999,49.122585,-1.5840333,0.045777034
138.34,29.893461,2.261572,0.20565958
138.36,-22.986637,-3.9875362,-0.114105515
138.37999,-32.6012,11.715352,0.20565958
138.4,-42.215763,-0.46239844,0.36554214
138.42,49.122585,-1.5840333,-0.2739881
138.44,49.122585,-2.0647337,0.045777034
138.45999,29.893461,-2.2249672,0.36554214
138.48,58.737152,9.792548,0.20565958
138.5,20.278896,2.4218054,0.20565958
138.52,68.35171,6.7481112,0.045777034
138.54,29.893461,-0.7828655,0.045777034
138.56,25.08618,3.2229733,0.045777034
138.58,-13.372073,-0.9430991,-0.114105515
138.59999,77.96628,-3.6670694,-0.4338706
138.62,-8.564792,-4.14777,-0.2739881
138.64,25.08618,1.6206378,-0.4338706
138.66,-3.7575107,-8.954777,-0.4338706
138.68,-104.71042,0.17853576,-0.114105515
138.7,-13.372073,-2.385201,-0.2739881
138.72,-3.7575107,3.5434403,0.20565958
138.73999,145.26822,15.881425,0.045777034
138.76,-61.44489,4.024141,-0.114105515
138.78,53.92987,9.952783,-0.114105515
138.8,-13.372073,-7.352441,-0.2739881
138.81999,1.049771,-2.2249672,-0.114105515
138.84,-3.7575107,11.234652,0.045777034
138.86,-27.793919,-14.242482,-0.2739881
138.87999,34.700745,3.2229733,-0.2739881
138.9,15.471616,-1.5840333,0.045777034
138.92,-8.564792,-3.9875362,-0.2739881
138.94,44.315308,-1.7442669,-0.4338706
138.95999,1.049771,11.394884,-0.114105515
138.98,-51.830326,-0.62263197,0.045777034
139.0,-47.023045,6.2674108,0.045777034
139.02,-8.564792,7.8697467,0.5254247
139.04,63.54443,1.4604042,-0.114105515
139.06,34.700745,-4.7887044,-0.2739881
139.08,25.08618,-1.1033326,-0.2739881
139.09999,-47.023045,-11.198046,-0.2739881
139.12,10.664334,4.024141,-0.4338706
139.14,-51.830326,9.952783,-0.4338706
139.16,10.664334,5.145776,-0.2739881
139.18,-32.6012,5.3060093,0.045777034
139.2,34.700745,9.472081,-0.114105515
139.22,-66.25217,-13.281082,-0.4338706
139.23999,-90.288574,-9.916177,-0.59375316
139.26,-32.6012,0.49900287,-0.114105515
139.28,68.35171,8.190214,0.20565958
139.3,-3.7575107,-8.313842,-0.2739881
139.31999,-104.71042,-0.62263197,0.68530726
139.34,34.700745,4.504842,0.045777034
139.36,10.664334,0.81947,0.045777034
139.37999,-8.564792,-11.518513,-0.114105515
139.4,10.664334,4.6650753,-0.2739881
139.42,53.92987,1.9411048,-0.4338706
139.44,10.664334,-12.31968,-0.4338706
139.45999,-85.48129,-17.286919,-0.4338706
139.48,-3.7575107,-5.910339,-0.2739881
139.5,-119.13227,0.33876932,0.20565958
139.52,-13.372073,-2.2249672,-0.4338706
139.54,34.700745,3.2229733,-0.2739881
139.56,29.893461,-2.8659017,-0.2739881
139.58,-27.793919,0.81947,0.20565958
139.59999,-51.830326,-14.402717,-0.114105515
139.62,5.857053,1.3001705,0.045777034
139.64,106.80997,2.5820389,0.045777034
139.66,29.893461,0.49900287,-0.114105515
139.68,-27.793919,-0.7828655,-0.114105515
139.7,-61.44489,-0.30216488,0.045777034
139.72,44.315308,-2.5454345,-0.2739881
139.73999,1.049771,-0.14193134,-0.2739881
139.76,-80.67402,-1.1033326,0.045777034
139.78,-66.25217,1.7808713,0.20565958
139.8,-42.215763,-2.7056682,0.045777034
139.81999,5.857053,-1.5840333,-0.2739881
139.84,-42.215763,-12.960614,-0.4338706
139.86,-22.986637,-13.601548,-0.2739881
139.87999,-32.6012,-0.30216488,-0.114105515
139.9,-13.372073,-9.916177,-0.4338706
139.92,-104.71042,3.5434403,-0.114105515
139.94,10.664334,-5.910339,-0.4338706
139.95999,58.737152,17.00306,0.20565958
139.98,82.77356,2.4218054,-0.4338706
140.0,-47.023045,3.2229733,-0.114105515
140.02,39.508022,1.7808713,-0.114105515
140.04,44.315308,3.3832066,0.045777034
140.06,-47.023045,-3.5068357,-0.2739881
140.08,-8.564792,-8.794542,-0.2739881
140.09999,34.700745,-7.0319734,-0.59375316
140.12,10.664334,4.184375,-0.2739881
140.14,20.278896,17.00306,0.20565958
140.16,-99.903145,-4.7887044,0.045777034
140.18,-18.179356,1.139937,0.045777034
140.2,-176.81964,-5.7501054,-0.114105515
140.22,-66.25217,7.0685787,0.20565958
140.23999,73.159,3.0627398,-0.2739881
140.26,-47.023045,-7.5126743,-0.4338706
140.28,-22.986637,5.9469438,0.045777034
140.3,73.159,-4.468237,-0.2739881
140.31999,5.857053,-4.3080034,-0.114105515
140.34,102.002686,15.72119,-0.2739881
140.36,-66.25217,-2.0647337,-0.2739881
140.37999,10.664334,-1.4237996,-0.114105515
140.4,25.08618,3.3832066,-0.2739881
140.42,44.315308,10.914185,0.20565958
140.44,106.80997,6.5878778,-0.4338706
140.45999,-37.40848,-0.9430991,0.045777034
140.48,29.893461,-1.2635663,-0.4338706
140.5,-61.44489,-6.5512733,-0.114105515
140.52,-18.179356,-3.827303,-0.114105515
140.54,58.737152,17.643993,0.20565958
140.56,-157.59052,-10.717345,-0.2739881
140.58,53.92987,11.234652,-0.114105515
140.59999,49.122585,-1.4237996,-0.114105515
140.62,-75.86674,-3.026135,-0.2739881
140.64,-71.05945,0.33876932,-0.114105515
140.66,1.049771,-4.14777,-0.2739881
140.68,20.278896,8.510681,-0.114105515
140.7,63.54443,-1.9045002,-0.4338706
140.72,53.92987,0.33876932,-0.114105515
140.73999,1.049771,-5.2694044,-0.2739881
140.76,-56.637608,-10.717345,-0.2739881
140.78,-80.67402,5.3060093,-0.2739881
140.8,-61.44489,4.825309,0.045777034
140.81999,-37.40848,-3.3466022,-0.4338706
140.84,-3.7575107,-8.313842,-0.114105515
140.86,39.508022,0.9797035,-0.7536357
140.87999,-22.986637,0.9797035,-0.4338706
140.9,34.700745,-3.1863687,-0.2739881
140.92,20.278896,3.3832066,-0.59375316
140.94,-22.986637,-2.5454345,-0.2739881
140.95999,25.08618,4.6650753,-0.114105515
140.98,10.664334,2.1013381,-0.4338706
141.0,130.84637,5.78671,0.045777034
141.02,5.857053,3.3832066,-0.2739881
141.04,-27.793919,-2.5454345,-0.4338706
141.06,1.049771,-14.883417,-0.2739881
141.08,58.737152,4.6650753,0.20565958
141.09999,15.471616,-2.0647337,0.045777034
141.12,92.38812,-3.6670694,-0.114105515
141.14,10.664334,-3.5068357,-0.114105515
141.16,39.508022,14.279089,0.045777034
141.18,-8.564792,0.6592364,0.045777034
141.2,-42.215763,-0.46239844,-0.4338706
141.22,29.893461,0.81947,-0.114105515
141.23999,-90.288574,-11.678746,-0.114105515
141.26,92.38812,6.7481112,0.045777034
141.28,53.92987,2.261572,0.045777034
141.3,-114.32499,-17.927853,-0.4338706
141.31999,-8.564792,-5.2694044,-0.114105515
141.34,25.08618,-0.7828655,-0.2739881
141.36,20.278896,-0.14193134,-0.2739881
141.37999,29.893461,2.1013381,-0.114105515
141.4,-128.74683,-11.83898,-0.114105515
141.42,102.002686,-2.5454345,-0.114105515
141.44,-27.793919,-8.474075,-0.2739881
141.45999,-42.215763,-1.5840333,-0.4338706
141.48,58.737152,7.228812,-0.2739881
141.5,-42.215763,-5.2694044,-0.2739881
141.52,20.278896,0.17853576,0.045777034
141.54,1.049771,6.1071773,0.36554214
141.56,63.54443,6.4276443,0.20565958
141.58,39.508022,2.7422726,0.045777034
141.59999,-42.215763,3.7036738,0.045777034
141.62,34.700745,-0.62263197,-0.2739881
141.64,-99.903145,-11.037811,-0.4338706
141.66,-3.7575107,0.018302217,-0.114105515
141.68,53.92987,-3.5068357,-0.59375316
141.7,15.471616,3.3832066,0.20565958
141.72,10.664334,-4.6284704,-0.114105515
141.73999,53.92987,5.466243,-0.114105515
141.76,102.002686,9.151615,0.045777034
141.78,29.893461,1.6206378,-0.59375316
141.8,-56.637608,5.6264763,0.20565958
141.81999,1.049771,-3.1863687,0.045777034
141.84,-104.71042,-0.7828655,0.045777034
141.86,-61.44489,-21.292757,-0.59375316
141.87999,68.35171,-0.7828655,-0.2739881
141.9,-80.67402,1.6206378,0.045777034
141.92,-27.793919,-1.7442669,-0.2739881
141.94,-27.793919,-1.1033326,0.36554214
141.95999,20.278896,11.394884,-0.114105515
141.98,-3.7575107,0.49900287,0.045777034
142.0,25.08618,-7.833141,-0.2739881
142.02,15.471616,5.9469438,0.045777034
142.04,-13.372073,2.4218054,-0.114105515
142.06,5.857053,-0.14193134,-0.114105515
142.08,10.664334,-2.5454345,0.045777034
142.09999,58.737152,0.9797035,-0.114105515
142.12,-27.793919,-5.2694044,0.045777034
142.14,5.857053,3.0627398,-0.114105515
142.16,-8.564792,-9.59571,-0.114105515
142.18,1.049771,-2.2249672,-0.2739881
142.2,-71.05945,-6.5512733,-0.114105515
142.22,-66.25217,-5.2694044,0.36554214
142.23999,-18.179356,-0.62263197,-0.114105515
142.26,121.23181,8.831148,0.20565958
142.28,-47.023045,0.81947,0.20565958
142.3,82.77356,9.472081,0.045777034
142.31999,68.35171,-1.5840333,0.045777034
142.34,44.315308,6.908345,0.20565958
142.36,29.893461,13.638155,0.20565958
142.37999,53.92987,4.3446083,0.20565958
142.4,15.471616,-1.4237996,0.045777034
142.42,5.857053,1.7808713,0.68530726
142.44,63.54443,5.9469438,0.045777034
142.45999,44.315308,9.311849,0.5254247
142.48,44.315308,4.184375,0.20565958
142.5,-85.48129,-7.0319734,0.36554214
142.52,-3.7575107,1.4604042,0.68530726
142.54,-27.793919,-1.1033326,0.045777034
142.56,39.508022,6.1071773,0.36554214
142.58,-18.179356,-3.6670694,-0.114105515
142.59999,-37.40848,2.5820389,0.20565958
142.62,-32.6012,11.555119,0.5254247
142.64,63.54443,8.510681,0.045777034
142.66,-56.637608,-11.999213,0.20565958
142.68,-3.7575107,6.908345,0.36554214
142.7,34.700745,2.1013381,0.36554214
142.72,-32.6012,-4.7887044,0.045777034
142.73999,25.08618,-5.2694044,-0.2739881
142.76,68.35171,3.7036738,0.20565958
142.78,154.8828,8.670914,0.045777034
142.8,-133.55412,-5.7501054,0.045777034
142.81999,5.857053,0.17853576,0.36554214
142.84,-75.86674,-1.5840333,0.8451898
142.86,-8.564792,4.184375,0.5254247
142.87999,39.508022,5.6264763,0.68530726
142.9,20.278896,-1.4237996,-0.114105515
142.92,63.54443,-2.5454345,0.045777034
142.94,183.72647,17.96446,0.68530726
142.95999,-104.71042,-12.960614,0.5254247
142.98,-32.6012,-7.352441,0.36554214
143.0,-32.6012,2.261572,0.36554214
143.02,-3.7575107,-6.230806,0.045777034
143.04,-3.7575107,-10.236644,-0.2739881
143.06,5.857053,-1.9045002,0.20565958
143.08,-27.793919,3.5434403,0.5254247
143.09999,25.08618,-6.0705724,0.20565958
143.12,34.700745,0.81947,0.36554214
143.14,-128.74683,-15.203884,0.68530726
143.16,-61.44489,6.1071773,0.20565958
143.18,-75.86674,-0.7828655,0.20565958
143.2,-3.7575107,-10.717345,-0.114105515
143.22,-27.793919,-6.711507,0.20565958
143.23999,-18.179356,0.018302217,0.5254247
143.26,174.11191,7.549279,0.36554214
143.28,-8.564792,17.163294,1.164955
143.3,25.08618,0.49900287,0.5254247
143.31999,-37.40848,-4.948938,0.36554214
143.34,25.08618,-1.1033326,0.5254247
143.36,25.08618,1.3001705,0.5254247
143.37999,102.002686,15.24049,0.68530726
143.4,49.122585,1.3001705,0.20565958
143.42,-3.7575107,-3.3466022,0.8451898
143.44,5.857053,-3.5068357,0.8451898
143.45999,-27.793919,5.6264763,0.5254247
143.48,-215.2779,-15.684585,0.5254247
143.5,-22.986637,0.9797035,0.5254247
143.52,150.0755,12.356286,0.36554214
143.54,25.08618,8.190214,0.5254247
143.56,-18.179356,-3.026135,0.045777034
143.58,106.80997,10.113016,0.8451898
143.59999,29.893461,3.2229733,0.20565958
143.62,5.857053,-0.14193134,0.045777034
143.64,-3.7575107,-3.827303,0.36554214
143.66,-56.637608,-2.7056682,0.5254247
143.68,-8.564792,-3.026135,0.5254247
143.7,5.857053,-10.076411,-0.114105515
143.72,-13.372073,2.5820389,0.36554214
143.73999,-18.179356,8.190214,0.5254247
143.76,44.315308,-2.2249672,0.68530726
143.78,-47.023045,0.018302217,0.5254247
143.8,-22.986637,-5.429638,0.20565958
143.81999,34.700745,5.145776,0.5254247
143.84,-27.793919,-2.7056682,0.045777034
143.86,-8.564792,15.080256,1.164955
143.87999,-99.903145,-5.429638,0.20565958
143.9,20.278896,1.7808713,0.5254247
143.92,-22.986637,-0.46239844,0.36554214
143.94,25.08618,-0.7828655,0.20565958
143.95999,53.92987,7.228812,0.5254247
143.98,82.77356,20.047497,0.5254247
144.0,-32.6012,6.7481112,0.36554214
144.02,49.122585,1.4604042,0.20565958
144.04,-95.09586,0.49900287,0.8451898
144.06,-22.986637,-4.948938,0.20565958
144.08,-42.215763,-4.7887044,0.20565958
144.09999,-8.564792,1.9411048,0.5254247
144.12,-13.372073,-2.7056682,0.36554214
144.14,116.42453,12.356286,0.8451898
144.16,-22.986637,-9.435476,0.20565958
144.18,63.54443,14.599556,0.5254247
144.2,20.278896,6.908345,0.68530726
144.22,39.508022,1.7808713,0.36554214
144.23999,-51.830326,-2.0647337,0.5254247
144.26,25.08618,8.510681,0.8451898
144.28,-8.564792,-0.62263197,0.8451898
144.3,-27.793919,-11.678746,0.5254247
144.31999,126.0391,16.842825,0.5254247
144.34,188.53375,10.113016,0.5254247
144.36,-18.179356,0.81947,1.0050724
144.37999,10.664334,-0.9430991,0.68530726
144.4,-61.44489,15.24049,1.3248374
144.42,-8.564792,-0.62263197,0.36554214
144.44,68.35171,16.20189,0.8451898
144.45999,10.664334,-4.3080034,0.5254247
144.48,49.122585,2.4218054,0.8451898
144.5,-85.48129,-20.331356,0.36554214
144.52,49.122585,4.825309,0.8451898
144.54,-18.179356,-0.46239844,0.5254247
144.56,178.91919,22.130533,0.8451898
144.58,29.893461,4.504842,0.68530726
144.59999,49.122585,4.184375,0.5254247
144.62,-22.986637,3.8639073,0.36554214
144.64,-8.564792,9.151615,0.8451898
144.66,1.049771,0.9797035,0.68530726
144.68,97.195404,1.4604042,0.045777034
144.7,-56.637608,-5.910339,0.36554214
144.72,150.0755,6.1071773,0.20565958
144.73999,130.84637,8.831148,0.68530726
144.76,20.278896,0.17853576,0.36554214
144.78,-32.6012,-1.7442669,1.164955
144.8,126.0391,2.902506,0.5254247
144.81999,-51.830326,-6.0705724,0.5254247
144.84,-119.13227,-2.8659017,0.5254247
144.86,130.84637,-1.5840333,0.20565958
144.87999,73.159,6.7481112,0.68530726
144.9,-18.179356,-7.5126743,0.36554214
144.92,-37.40848,-0.9430991,0.68530726
144.94,-85.48129,-1.4237996,0.5254247
144.95999,58.737152,5.466243,0.5254247
144.98,-56.637608,-8.634309,0.20565958
145.0,5.857053,6.4276443,0.5254247
145.02,-85.48129,-8.794542,0.045777034
145.04,-22.986637,4.3446083,0.5254247
145.06,25.08618,-3.5068357,0.045777034
145.08,-18.179356,-2.8659017,0.5254247
145.09999,-3.7575107,1.3001705,0.5254247
145.12,25.08618,-5.1091714,0.045777034
145.14,-37.40848,-2.7056682,0.36554214
145.16,-32.6012,-1.5840333,0.8451898
145.18,111.61725,4.6650753,0.68530726
145.2,-85.48129,-10.076411,0.045777034
145.22,5.857053,-5.1091714,0.20565958
145.23999,15.471616,1.7808713,0.68530726
145.26,1.049771,2.7422726,0.68530726
145.28,1.049771,-0.9430991,0.5254247
145.3,10.664334,3.8639073,0.5254247
145.31999,-66.25217,-0.46239844,0.20565958
145.34,121.23181,-0.30216488,0.36554214
145.36,1.049771,0.6592364,0.20565958
145.37999,63.54443,2.4218054,0.5254247
145.4,-109.5177,-16.80622,0.36554214
145.42,5.857053,-0.7828655,0.68530726
145.44,-13.372073,-0.9430991,0.68530726
145.45999,63.54443,5.3060093,0.5254247
145.48,25.08618,-2.385201,0.8451898
145.5,29.893461,-1.7442669,0.68530726
145.52,-99.903145,-12.31968,0.36554214
145.54,5.857053,0.33876932,0.20565958
145.56,49.122585,11.715352,0.045777034
145.58,5.857053,7.8697467,0.8451898
145.59999,25.08618,-1.2635663,0.5254247
145.62,34.700745,-4.14777,0.5254247
145.64,5.857053,-6.0705724,0.20565958
145.66,-51.830326,-3.9875362,0.5254247
145.68,-42.215763,-10.236644,0.5254247
145.7,34.700745,0.33876932,0.20565958
145.72,5.857053,11.234652,0.8451898
145.73999,87.58084,-9.275244,0.20565958
145.76,-71.05945,4.6650753,0.68530726
145.78,-8.564792,-5.7501054,0.045777034
145.8,121.23181,16.52236,0.5254247
145.81999,-75.86674,-6.0705724,0.5254247
145.84,1.049771,4.825309,0.8451898
145.86,-157.59052,-7.833141,0.8451898
145.87999,-37.40848,5.6264763,0.8451898
145.9,87.58084,-0.9430991,0.5254247
145.92,44.315308,4.504842,0.5254247
145.94,39.508022,-16.485752,-0.114105515
145.95999,-32.6012,4.3446083,0.20565958
145.98,49.122585,-3.026135,0.36554214
146.0,-71.05945,-10.717345,0.20565958
146.02,15.471616,3.2229733,0.5254247
146.04,130.84637,3.7036738,0.20565958
146.06,34.700745,8.350447,0.5254247
146.08,87.58084,-4.6284704,-0.114105515
146.09999,-27.793919,3.8639073,0.36554214
146.12,1.049771,0.9797035,0.045777034
146.14,135.65366,29.98198,0.68530726
146.16,-99.903145,-3.1863687,0.20565958
146.18,-13.372073,-5.7501054,-0.114105515
146.2,-47.023045,2.1013381,0.5254247
146.22,-119.13227,-3.6670694,0.5254247
146.23999,-123.93955,-5.589872,0.20565958
146.26,63.54443,4.504842,0.5254247
146.28,29.893461,-0.62263197,0.045777034
146.3,106.80997,3.0627398,0.5254247
146.31999,-56.637608,-1.5840333,-0.114105515
146.34,58.737152,-1.4237996,0.045777034
146.36,-109.5177,-4.7887044,0.045777034
146.37999,-27.793919,2.5820389,0.20565958
146.4,25.08618,3.2229733,0.20565958
146.42,135.65366,6.5878778,-0.2739881
146.44,29.893461,0.81947,0.5254247
146.45999,68.35171,17.00306,0.5254247
146.48,-13.372073,-1.1033326,0.36554214
146.5,-27.793919,-5.1091714,0.5254247
146.52,-109.5177,-8.794542,0.045777034
146.54,77.96628,-2.5454345,0.20565958
146.56,1.049771,-14.883417,0.045777034
146.58,-8.564792,0.018302217,0.20565958
146.59999,5.857053,4.6650753,0.045777034
146.62,20.278896,5.466243,0.5254247
146.64,34.700745,-6.0705724,0.045777034
146.66,-61.44489,6.1071773,0.20565958
146.68,92.38812,1.6206378,0.20565958
146.7,-61.44489,-13.761782,-0.2739881
146.72,-32.6012,4.3446083,-0.114105515
146.73999,-18.179356,-5.2694044,-0.114105515
146.76,-56.637608,-2.8659017,-0.114105515
146.78,87.58084,1.9411048,0.045777034
146.8,-61.44489,0.018302217,0.045777034
146.81999,68.35171,-3.026135,0.20565958
146.84,-42.215763,-12.960614,0.20565958
146.86,58.737152,9.311849,0.045777034
146.87999,-22.986637,0.17853576,0.20565958
146.9,29.893461,-3.1863687,0.5254247
146.92,-8.564792,1.4604042,0.68530726
146.94,-3.7575107,1.4604042,0.36554214
146.95999,10.664334,1.6206378,0.20565958
146.98,102.002686,2.7422726,0.20565958
147.0,63.54443,19.086096,0.68530726
147.02,-8.564792,1.3001705,0.68530726
147.04,-3.7575107,-4.14777,0.045777034
147.06,34.700745,7.549279,0.36554214
147.08,49.122585,-0.62263197,0.20565958
147.09999,49.122585,8.190214,0.5254247
147.12,63.54443,0.018302217,0.36554214
147.14,29.893461,-8.794542,0.20565958
147.16,-18.179356,3.7036738,0.8451898
147.18,5.857053,1.6206378,0.36554214
147.2,-3.7575107,-0.14193134,0.5254247
147.22,-8.564792,-0.46239844,0.36554214
147.23999,188.53375,15.080256,0.5254247
147.26,130.84637,9.792548,0.68530726
147.28,-22.986637,-5.429638,0.5254247
147.3,92.38812,-8.634309,-0.4338706
147.31999,25.08618,1.7808713,0.5254247
147.34,53.92987,7.228812,0.8451898
147.36,116.42453,13.958622,1.0050724
147.37999,34.700745,2.4218054,1.0050724
147.4,130.84637,9.792548,0.8451898
147.42,-95.09586,0.49900287,0.8451898
147.44,20.278896,-0.46239844,0.68530726
147.45999,10.664334,4.024141,0.8451898
147.48,29.893461,0.018302217,0.68530726
147.5,20.278896,4.3446083,1.0050724
147.52,-37.40848,0.17853576,0.68530726
147.54,58.737152,-4.3080034,0.68530726
147.56,-37.40848,9.952783,1.48472
147.58,34.700745,-3.1863687,0.5254247
147.59999,49.122585,6.5878778,0.8451898
147.62,92.38812,11.875586,0.045777034
147.64,-32.6012,-4.3080034,0.5254247
147.66,135.65366,6.908345,0.5254247
147.68,20.278896,-2.385201,0.5254247
147.7,44.315308,3.8639073,1.0050724
147.72,-3.7575107,-10.076411,-0.114105515
147.73999,-37.40848,0.6592364,0.68530726
147.76,63.54443,-1.7442669,0.68530726
147.78,82.77356,0.17853576,0.68530726
147.8,49.122585,1.139937,0.5254247
147.81999,150.0755,24.534037,0.68530726
147.84,-109.5177,-11.037811,0.20565958
147.86,-18.179356,5.466243,0.68530726
147.87999,58.737152,3.0627398,0.5254247
147.9,49.122585,-3.827303,-0.114105515
147.92,-42.215763,0.33876932,0.36554214
147.94,87.58084,10.914185,0.36554214
147.95999,87.58084,17.804228,0.8451898
147.98,-56.637608,0.49900287,0.68530726
148.0,-18.179356,4.3446083,0.5254247
148.02,-13.372073,-1.9045002,-0.114105515
148.04,25.08618,2.7422726,0.045777034
148.06,15.471616,-2.385201,0.20565958
148.08,63.54443,-0.30216488,0.045777034
148.09999,1.049771,-6.5512733,0.045777034
148.12,5.857053,2.1013381,0.5254247
148.14,97.195404,8.02998,0.8451898
148.16,-80.67402,-4.948938,0.36554214
148.18,-37.40848,-5.1091714,0.20565958
148.2,-3.7575107,1.3001705,0.045777034
148.22,29.893461,3.5434403,0.20565958
148.23999,15.471616,9.472081,0.36554214
148.26,87.58084,1.7808713,0.20565958
148.28,-80.67402,-15.524351,-0.114105515
148.3,20.278896,4.825309,0.5254247
148.31999,58.737152,4.504842,0.20565958
148.34,39.508022,-3.026135,0.045777034
148.36,49.122585,6.4276443,0.36554214
148.37999,-47.023045,-0.9430991,0.045777034
148.4,15.471616,12.8369875,0.8451898
148.42,-8.564792,2.1013381,0.36554214
148.44,49.122585,13.638155,0.20565958
148.45999,68.35171,3.7036738,0.5254247
148.48,20.278896,-1.5840333,-0.114105515
148.5,44.315308,4.504842,0.5254247
148.52,-18.179356,-6.0705724,0.5254247
148.54,44.315308,10.27325,0.5254247
148.56,-71.05945,13.638155,0.8451898
148.58,10.664334,0.9797035,0.68530726
148.59999,-75.86674,-8.634309,0.20565958
148.62,-13.372073,-1.7442669,0.5254247
148.64,-3.7575107,-4.948938,0.20565958
148.66,5.857053,-7.993375,0.045777034
148.68,111.61725,5.9469438,0.5254247
148.7,126.0391,20.207731,0.8451898
148.72,63.54443,2.1013381,0.68530726
148.73999,73.159,5.78671,0.36554214
148.76,126.0391,3.8639073,0.20565958
148.78,-18.179356,-3.3466022,0.5254247
148.8,10.664334,-10.236644,0.20565958
148.81999,68.35171,-6.5512733,0.20565958
148.84,241.41385,22.451,0.5254247
148.86,-51.830326,7.709513,0.68530726
148.87999,-13.372073,-8.794542,0.68530726
148.9,1.049771,4.504842,0.36554214
148.92,10.664334,-9.275244,-0.4338706
148.94,44.315308,5.9469438,0.8451898
148.95999,10.664334,0.81947,0.5254247
148.98,130.84637,-1.5840333,0.5254247
149.0,-61.44489,-2.5454345,0.8451898
149.02,97.195404,9.151615,0.20565958
149.04,58.737152,9.472081,1.0050724
149.06,-27.793919,2.4218054,0.68530726
149.08,63.54443,21.0089,0.8451898
149.09999,-18.179356,4.6650753,0.68530726
149.12,-104.71042,-15.844818,0.5254247
149.14,121.23181,-4.948938,0.5254247
149.16,97.195404,7.549279,0.8451898
149.18,-80.67402,-6.8717403,0.68530726
149.2,-99.903145,-5.2694044,0.5254247
149.22,1.049771,2.902506,0.8451898
149.23999,34.700745,8.350447,0.5254247
149.26,-66.25217,-1.2635663,0.68530726
149.28,-37.40848,-13.441315,0.20565958
149.3,-13.372073,5.9469438,0.20565958
149.31999,-85.48129,-6.711507,0.20565958
149.34,-37.40848,-5.2694044,0.68530726
149.36,202.9556,9.472081,0.5254247
149.37999,25.08618,3.5434403,0.20565958
149.4,-22.986637,-4.948938,0.045777034
149.42,10.664334,1.3001705,0.8451898
149.44,1.049771,-5.589872,0.36554214
149.45999,20.278896,-14.723184,0.20565958
149.48,20.278896,-7.5126743,0.20565958
149.5,-27.793919,0.9797035,0.045777034
149.52,-32.6012,-7.833141,0.5254247
149.54,20.278896,-2.0647337,0.20565958
149.56,-22.986637,5.145776,1.0050724
149.58,-3.7575107,-11.83898,0.045777034
149.59999,-32.6012,-0.62263197,0.8451898
149.62,34.700745,6.1071773,0.5254247
149.64,140.46094,18.925863,0.36554214
149.66,-104.71042,-9.916177,0.20565958
149.68,10.664334,-0.62263197,0.20565958
149.7,-18.179356,7.0685787,0.5254247
149.72,-66.25217,-4.7887044,0.5254247
149.73999,39.508022,-0.30216488,0.5254247
149.76,102.002686,8.190214,1.0050724
149.78,-90.288574,-17.286919,0.20565958
149.8,44.315308,4.3446083,0.5254247
149.81999,-8.564792,-0.7828655,0.5254247
149.84,87.58084,14.599556,0.36554214
149.86,-32.6012,-7.192207,0.5254247
149.87999,-22.986637,-0.9430991,0.36554214
149.9,5.857053,-3.6670694,0.5254247
149.92,10.664334,7.8697467,1.0050724
149.94,97.195404,0.6592364,0.5254247
149.95999,-18.179356,5.9469438,0.68530726
149.98,92.38812,9.472081,0.36554214
150.0,-114.32499,-4.3080034,0.36554214
150.02,63.54443,3.5434403,0.5254247
150.04,44.315308,14.439322,0.8451898
150.06,44.315308,-2.8659017,0.045777034
150.08,73.159,-7.192207,0.20565958
150.09999,5.857053,-6.8717403,0.5254247
150.12,150.0755,4.184375,0.68530726
150.14,68.35171,13.638155,0.68530726
150.16,63.54443,10.75395,0.36554214
150.18,-3.7575107,1.9411048,0.68530726
150.2,-75.86674,-9.755944,0.5254247
150.22,130.84637,16.362125,0.5254247
150.23999,-8.564792,-4.14777,0.36554214
150.26,25.08618,-9.916177,0.045777034
150.28,-66.25217,6.5878778,0.68530726
150.3,20.278896,-3.9875362,0.20565958
150.31999,102.002686,12.356286,1.0050724
150.34,-138.36139,-7.5126743,0.68530726
150.36,-47.023045,3.5434403,0.68530726
150.37999,-51.830326,-8.153608,0.36554214
150.4,-27.793919,-3.827303,0.20565958
150.42,58.737152,2.4218054,0.5254247
150.44,34.700745,-7.833141,-0.114105515
150.45999,25.08618,-1.5840333,0.20565958
150.48,-22.986637,-3.827303,0.8451898
150.5,1.049771,-3.026135,0.5254247
150.51999,5.857053,2.7422726,0.5254247
150.54,-61.44489,-2.2249672,0.5254247
150.56,5.857053,2.902506,0.68530726
150.58,-99.903145,-21.933691,0.5254247
150.59999,63.54443,2.902506,0.36554214
150.62,77.96628,3.3832066,0.36554214
150.64,44.315308,10.75395,0.68530726
150.66,15.471616,-4.6284704,0.20565958
150.68,68.35171,0.49900287,0.20565958
150.7,20.278896,3.7036738,0.68530726
150.72,-37.40848,-10.717345,0.36554214
150.73999,1.049771,-0.9430991,0.20565958
150.76,49.122585,-1.9045002,0.36554214
150.78,-80.67402,-0.30216488,0.5254247
150.8,15.471616,-0.30216488,0.36554214
150.81999,5.857053,0.49900287,0.5254247
150.84,-32.6012,-8.313842,0.045777034
150.86,1.049771,-2.7056682,0.36554214
150.87999,97.195404,-0.9430991,0.20565958
150.9,29.893461,4.825309,0.68530726
150.92,58.737152,-4.6284704,0.68530726
150.94,29.893461,9.311849,1.0050724
150.95999,15.471616,-6.8717403,0.8451898
150.98,39.508022,3.3832066,0.5254247
151.0,-22.986637,2.7422726,0.68530726
151.01999,53.92987,-2.2249672,0.045777034
151.04,-47.023045,4.024141,0.5254247
151.06,34.700745,0.81947,0.68530726
151.08,-61.44489,-1.1033326,0.68530726
151.09999,15.471616,10.433483,0.68530726
151.12,10.664334,2.7422726,0.20565958
151.14,-13.372073,2.902506,0.36554214
151.16,-22.986637,-4.468237,0.36554214
151.18,-8.564792,5.9469438,0.5254247
151.2,5.857053,1.139937,0.36554214
151.22,5.857053,13.477921,0.8451898
151.23999,1.049771,-6.3910394,0.36554214
151.26,92.38812,0.9797035,0.5254247
151.28,34.700745,-3.3466022,0.5254247
151.3,-13.372073,7.8697467,0.20565958
151.31999,63.54443,3.0627398,0.5254247
151.34,73.159,19.566797,0.8451898
151.36,-37.40848,6.2674108,0.8451898
151.37999,34.700745,-2.8659017,0.045777034
151.4,154.8828,23.412403,0.5254247
151.42,25.08618,-7.5126743,0.045777034
151.44,-3.7575107,-0.7828655,0.20565958
151.45999,49.122585,8.190214,0.5254247
151.48,34.700745,-2.2249672,0.20565958
151.5,34.700745,1.9411048,0.20565958
151.51999,-56.637608,-9.275244,0.5254247
151.54,10.664334,-0.62263197,0.36554214
151.56,25.08618,-10.236644,-0.2739881
151.58,1.049771,-3.5068357,-0.114105515
151.59999,58.737152,2.902506,0.5254247
151.62,1.049771,1.9411048,0.68530726
151.64,25.08618,-7.833141,0.36554214
151.66,25.08618,7.549279,0.68530726
151.68,58.737152,-2.8659017,0.045777034
151.7,-8.564792,-9.115009,0.045777034
151.72,63.54443,3.3832066,0.36554214
151.73999,25.08618,8.02998,0.5254247
151.76,58.737152,0.9797035,0.36554214
151.78,63.54443,4.504842,-0.114105515
151.8,-80.67402,-8.313842,0.68530726
151.81999,29.893461,0.49900287,-0.114105515
151.84,-75.86674,-0.30216488,0.5254247
151.86,-119.13227,-15.524351,0.68530726
151.87999,-66.25217,-1.4237996,0.5254247
151.9,34.700745,3.0627398,0.20565958
151.92,-3.7575107,0.49900287,0.36554214
151.94,-51.830326,-5.7501054,0.36554214
151.95999,68.35171,6.1071773,0.045777034
151.98,5.857053,-1.7442669,0.20565958
152.0,5.857053,-0.9430991,0.36554214
152.01999,-32.6012,-0.9430991,0.20565958
152.04,-27.793919,0.49900287,0.36554214
152.06,44.315308,10.27325,0.5254247
152.08,73.159,2.1013381,0.5254247
152.09999,-47.023045,-10.396878,0.045777034
152.12,44.315308,1.139937,0.68530726
152.14,39.508022,12.035819,0.68530726
152.16,-13.372073,0.17853576,0.045777034
152.18,-51.830326,-3.827303,0.20565958
152.2,29.893461,-2.385201,0.20565958
152.22,53.92987,-5.910339,-0.114105515
152.23999,-3.7575107,-3.827303,0.20565958
152.26,5.857053,4.825309,0.36554214
152.28,82.77356,12.676753,0.68530726
152.3,34.700745,1.9411048,0.5254247
152.31999,44.315308,9.311849,0.36554214
152.34,-80.67402,-20.01089,-0.2739881
152.36,102.002686,2.1013381,0.045777034
152.37999,15.471616,4.9855423,0.045777034
152.4,82.77356,4.3446083,0.045777034
152.42,68.35171,10.914185,0.20565958
152.44,-56.637608,-6.8717403,0.045777034
152.45999,44.315308,7.228812,0.5254247
152.48,-85.48129,4.504842,0.5254247
152.5,5.857053,-5.910339,0.045777034
152.51999,126.0391,4.504842,0.20565958
152.54,-47.023045,-3.6670694,-0.114105515
152.56,-75.86674,3.0627398,0.5254247
152.58,-27.793919,-2.0647337,0.20565958
152.59999,44.315308,5.6264763,0.045777034
152.62,-13.372073,-0.46239844,0.20565958
152.64,82.77356,7.549279,0.20565958
152.66,-13.372073,3.3832066,0.5254247
152.68,-32.6012,0.018302217,0.36554214
152.7,-32.6012,11.715352,0.5254247
152.72,10.664334,-1.2635663,0.36554214
152.73999,-32.6012,-4.468237,0.045777034
152.76,58.737152,4.9855423,0.36554214
152.78,-13.372073,4.825309,0.36554214
152.8,-51.830326,-5.910339,-0.114105515
152.81999,-176.81964,-16.80622,-0.114105515
152.84,58.737152,11.555119,0.045777034
152.86,10.664334,4.6650753,0.20565958
152.87999,-71.05945,-5.429638,0.045777034
152.9,-27.793919,-8.634309,-0.114105515
152.92,44.315308,4.825309,-0.2739881
152.94,-42.215763,-0.9430991,-0.114105515
152.95999,29.893461,5.6264763,0.36554214
152.98,29.893461,-4.14777,-0.2739881
153.0,-32.6012,-0.46239844,0.20565958
153.01999,-47.023045,-3.026135,0.045777034
153.04,34.700745,4.9855423,0.045777034
153.06,-95.09586,-2.0647337,-0.114105515
153.08,49.122585,4.184375,0.045777034
153.09999,29.893461,-3.6670694,0.045777034
153.12,1.049771,-4.6284704,-0.2739881
153.14,-71.05945,0.17853576,0.36554214
153.16,-8.564792,-0.7828655,0.20565958
153.18,-51.830326,-6.711507,0.045777034
153.2,121.23181,4.6650753,-0.114105515
153.22,-66.25217,-8.313842,-0.2739881
153.23999,25.08618,3.8639073,0.20565958
153.26,-3.7575107,8.350447,0.36554214
153.28,-56.637608,-5.2694044,-0.114105515
153.3,63.54443,17.804228,0.20565958
153.31999,39.508022,-1.2635663,-0.2739881
153.34,102.002686,5.145776,-0.59375316
153.36,25.08618,8.831148,-0.114105515
153.37999,10.664334,-1.7442669,-0.2739881
153.4,68.35171,-3.5068357,-0.4338706
153.42,29.893461,8.350447,0.36554214
153.44,44.315308,8.02998,0.20565958
153.45999,29.893461,4.6650753,0.045777034
153.48,63.54443,-2.5454345,0.045777034
153.5,63.54443,1.4604042,-0.4338706
153.51999,10.664334,-2.5454345,-0.4338706
153.54,39.508022,5.78671,-0.114105515
153.56,-61.44489,8.190214,-0.114105515
153.58,-42.215763,-0.9430991,0.20565958
153.59999,58.737152,4.184375,0.20565958
153.62,-37.40848,-4.3080034,0.36554214
153.64,-22.986637,-2.7056682,-0.2739881
153.66,49.122585,6.908345,0.20565958
153.68,102.002686,4.504842,-0.4338706
153.7,-18.179356,2.4218054,-0.114105515
153.72,1.049771,-4.3080034,-0.114105515
153.73999,5.857053,2.7422726,-0.114105515
153.76,20.278896,-7.993375,-0.4338706
153.78,-66.25217,-3.1863687,0.20565958
153.8,5.857053,-4.6284704,-0.114105515
153.81999,-42.215763,-8.474075,-0.4338706
153.84,1.049771,5.9469438,-0.114105515
153.86,-66.25217,-8.474075,-0.114105515
153.87999,-119.13227,-12.159447,-0.114105515
153.9,-18.179356,-3.5068357,-0.114105515
153.92,-3.7575107,-3.3466022,-0.114105515
153.94,-66.25217,-0.62263197,-0.2739881
153.95999,44.315308,9.151615,-0.114105515
153.98,-27.793919,1.6206378,0.20565958
154.0,92.38812,6.7481112,0.20565958
154.01999,-71.05945,-0.30216488,-0.114105515
154.04,29.893461,4.9855423,0.36554214
154.06,29.893461,-6.5512733,0.045777034
154.08,-27.793919,3.8639073,0.045777034
154.09999,145.26822,9.952783,-0.114105515
154.12,10.664334,6.1071773,-0.114105515
154.14,-51.830326,-3.827303,-0.114105515
154.16,-80.67402,0.33876932,0.045777034
154.18,-123.93955,-7.352441,0.045777034
154.2,97.195404,11.394884,0.20565958
154.22,-22.986637,6.7481112,0.045777034
154.23999,5.857053,2.1013381,-0.114105515
154.26,49.122585,-3.6670694,-0.4338706
154.28,53.92987,0.018302217,-0.114105515
154.3,20.278896,3.8639073,-0.4338706
154.31999,29.893461,2.1013381,-0.2739881
154.34,-51.830326,-5.589872,-0.114105515
154.36,-32.6012,-6.5512733,-0.2739881
154.37999,-47.023045,-0.9430991,-0.59375316
154.4,-3.7575107,2.1013381,0.20565958
154.42,-13.372073,4.024141,-0.4338706
154.44,-13.372073,-3.026135,-0.4338706
154.45999,-51.830326,0.17853576,0.045777034
154.48,-3.7575107,-2.7056682,-0.2739881
154.5,-3.7575107,2.7422726,-0.114105515
154.51999,-138.36139,-5.589872,-0.4338706
154.54,-8.564792,-4.468237,-0.59375316
154.56,25.08618,0.81947,-0.114105515
154.58,34.700745,-2.7056682,-0.4338706
154.59999,20.278896,4.3446083,-0.114105515
154.62,-51.830326,-1.9045002,-0.59375316
154.64,-32.6012,3.0627398,0.20565958
154.66,1.049771,3.3832066,0.36554214
154.68,-75.86674,-11.678746,-0.4338706
154.7,15.471616,-6.0705724,-1.0734009
154.72,-75.86674,-0.14193134,-0.59375316
154.73999,29.893461,-2.7056682,-0.7536357
154.76,154.8828,11.234652,0.045777034
154.78,-119.13227,-9.115009,-0.114105515
154.8,53.92987,1.9411048,-0.4338706
154.81999,49.122585,6.4276443,0.045777034
154.84,-8.564792,5.466243,-0.114105515
154.86,-3.7575107,1.3001705,-0.114105515
154.87999,10.664334,-5.910339,-0.2739881
154.9,5.857053,-6.8717403,-0.59375316
154.92,-42.215763,0.81947,-0.114105515
154.94,-37.40848,3.2229733,0.045777034
154.95999,-37.40848,1.6206378,0.045777034
154.98,126.0391,0.6592364,-0.114105515
155.0,164.49734,19.727032,0.20565958
155.01999,25.08618,1.4604042,0.045777034
155.04,-47.023045,4.3446083,-0.2739881
155.06,-51.830326,6.5878778,0.20565958
155.08,73.159,2.4218054,0.20565958
155.09999,-13.372073,-0.9430991,-0.4338706
155.12,10.664334,-4.468237,-1.0734009
155.14,10.664334,-6.0705724,-0.114105515
155.16,-22.986637,0.49900287,-0.2739881
155.18,-8.564792,5.3060093,-0.114105515
155.2,44.315308,3.8639073,0.20565958
155.22,-56.637608,-2.385201,-0.114105515
155.23999,-66.25217,-1.5840333,0.045777034
155.26,20.278896,11.875586,-0.114105515
155.28,68.35171,-1.5840333,-0.4338706
155.3,5.857053,-7.5126743,-0.114105515
155.31999,5.857053,-6.5512733,-0.4338706
155.34,-27.793919,0.33876932,-0.114105515
155.36,-18.179356,-4.948938,0.045777034
155.37999,25.08618,6.4276443,-0.114105515
155.4,25.08618,3.5434403,0.045777034
155.42,-119.13227,-12.479914,-0.4338706
155.44,-18.179356,-14.883417,-0.2739881
155.45999,-56.637608,-3.827303,-0.114105515
155.48,10.664334,5.6264763,-0.2739881
155.5,53.92987,-3.9875362,-0.2739881
155.51999,1.049771,0.49900287,-0.4338706
155.54,-75.86674,-13.281082,-0.2739881
155.56,-61.44489,3.7036738,-0.114105515
155.58,-56.637608,-17.607388,-0.114105515
155.59999,-66.25217,2.4218054,0.045777034
155.62,-37.40848,2.261572,-0.114105515
155.64,-51.830326,-13.281082,0.045777034
155.66,-56.637608,2.7422726,0.045777034
155.68,49.122585,-6.8717403,-0.2739881
155.7,10.664334,-6.0705724,-0.114105515
155.72,-3.7575107,8.510681,0.045777034
155.73999,-13.372073,0.81947,-0.114105515
155.76,-22.986637,-7.672908,0.045777034
155.78,198.14832,8.190214,0.045777034
155.8,-22.986637,-6.230806,-0.2739881
155.81999,58.737152,3.8639073,-0.2739881
155.84,-114.32499,-9.755944,-0.114105515
155.86,10.664334,-0.7828655,-0.114105515
155.87999,34.700745,3.0627398,-0.114105515
155.9,20.278896,0.81947,-0.4338706
155.92,-22.986637,-4.14777,-0.114105515
155.94,-22.986637,5.9469438,-0.114105515
155.95999,20.278896,0.49900287,0.045777034
155.98,-176.81964,4.024141,0.20565958
156.0,-80.67402,-7.0319734,-0.114105515
156.01999,63.54443,5.78671,0.20565958
156.04,68.35171,8.190214,0.045777034
156.06,53.92987,3.0627398,0.36554214
156.08,-56.637608,3.8639073,0.36554214
156.09999,-22.986637,-3.3466022,0.20565958
156.12,-75.86674,-0.62263197,0.36554214
156.14,-3.7575107,-10.076411,0.045777034
156.16,34.700745,5.466243,0.36554214
156.18,39.508022,-0.62263197,0.20565958
156.2,34.700745,-5.2694044,-0.114105515
156.22,-71.05945,-16.005053,-0.2739881
156.23999,-3.7575107,-5.589872,0.045777034
156.26,10.664334,-3.5068357,0.20565958
156.28,-51.830326,-0.62263197,-0.114105515
156.3,-71.05945,-12.31968,0.045777034
156.31999,15.471616,-7.0319734,0.045777034
156.34,-123.93955,-16.966454,-0.114105515
156.36,-95.09586,2.4218054,-0.114105515
156.37999,34.700745,11.394884,0.36554214
156.4,25.08618,6.1071773,0.20565958
156.42,-66.25217,-3.5068357,0.045777034
156.44,-22.986637,-2.5454345,0.045777034
156.45999,10.664334,3.3832066,0.20565958
156.48,44.315308,-0.14193134,-0.2739881
156.5,53.92987,-5.2694044,-0.4338706
156.51999,-51.830326,-14.723184,0.045777034
156.54,29.893461,3.7036738,0.20565958
156.56,-27.793919,-7.672908,0.20565958
156.58,-18.179356,1.139937,0.20565958
156.59999,-13.372073,-3.9875362,0.20565958
156.62,-119.13227,-14.562949,0.20565958
156.64,-3.7575107,-4.468237,-0.114105515
156.66,-13.372073,-2.8659017,0.20565958
156.68,-42.215763,-6.3910394,0.045777034
156.7,63.54443,4.504842,0.20565958
156.72,-13.372073,12.035819,0.20565958
156.73999,-3.7575107,8.510681,0.36554214
156.76,-13.372073,1.9411048,0.045777034
156.78,-42.215763,6.4276443,0.20565958
156.8,-42.215763,-12.159447,-0.2739881
156.81999,15.471616,3.3832066,0.20565958
156.84,63.54443,14.920023,0.8451898
156.86,-37.40848,-1.5840333,0.36554214
156.87999,-85.48129,4.024141,0.5254247
156.9,-13.372073,-13.601548,-0.2739881
156.92,-47.023045,-1.2635663,-0.114105515
156.94,49.122585,9.952783,0.045777034
156.95999,-42.215763,-3.3466022,-0.2739881
156.98,-95.09586,-3.9875362,0.045777034
157.0,-56.637608,-12.159447,0.36554214
157.01999,-42.215763,0.81947,-0.114105515
157.04,1.049771,-7.192207,-0.2739881
157.06,5.857053,-2.7056682,0.045777034
157.08,25.08618,0.9797035,-0.114105515
157.09999,10.664334,11.394884,0.20565958
157.12,58.737152,-1.9045002,-0.2739881
157.14,29.893461,-7.0319734,-0.2739881
157.16,82.77356,-1.2635663,0.045777034
157.18,-27.793919,8.350447,0.20565958
157.2,-47.023045,-18.408554,-0.59375316
157.22,1.049771,2.261572,-0.2739881
157.23999,-56.637608,4.184375,0.045777034
157.26,49.122585,15.560958,0.045777034
157.28,-147.97597,-8.313842,-0.2739881
157.3,-13.372073,-5.589872,-0.59375316
157.31999,-71.05945,-15.04365,-0.2739881
157.34,20.278896,5.9469438,0.045777034
157.36,39.508022,-3.1863687,-0.4338706
157.37999,58.737152,9.472081,-0.114105515
157.4,-37.40848,15.560958,-0.114105515
157.42,-71.05945,-0.7828655,-0.2739881
157.44,-51.830326,-2.8659017,-0.114105515
157.45999,-61.44489,-3.827303,-0.2739881
157.48,5.857053,-17.447153,-0.59375316
157.5,10.664334,-3.9875362,-0.4338706
157.51999,-95.09586,-5.589872,-0.114105515
157.54,15.471616,8.831148,0.045777034
157.56,-42.215763,1.9411048,-0.2739881
157.58,29.893461,4.504842,-0.59375316
157.59999,-22.986637,-2.8659017,-0.4338706
157.62,1.049771,5.466243,-0.2739881
157.64,10.664334,7.228812,-0.114105515
157.66,29.893461,-1.2635663,-0.4338706
157.68,15.471616,-4.14777,-0.4338706
157.7,-99.903145,-4.7887044,-0.2739881
157.72,-18.179356,7.228812,0.20565958
157.73999,-3.7575107,2.7422726,0.045777034
157.76,-66.25217,-7.0319734,-0.7536357
157.78,49.122585,-2.385201,-0.4338706
157.8,25.08618,-6.0705724,-0.2739881
157.81999,53.92987,3.7036738,-0.4338706
157.84,-109.5177,-4.468237,-0.59375316
157.86,-18.179356,6.1071773,-0.114105515
157.87999,-13.372073,-12.960614,-0.59375316
157.9,1.049771,3.7036738,0.045777034
157.92,-32.6012,-6.0705724,-0.4338706
157.94,10.664334,-2.2249672,-0.114105515
157.95999,20.278896,5.9469438,0.045777034
157.98,-66.25217,-9.275244,0.20565958
158.0,44.315308,-5.589872,-0.4338706
158.01999,-61.44489,-5.7501054,-0.2739881
158.04,49.122585,-3.5068357,-0.2739881
158.06,73.159,-4.468237,-0.114105515
158.08,5.857053,-7.352441,0.20565958
158.09999,102.002686,10.27325,0.20565958
158.12,111.61725,7.0685787,0.20565958
158.14,-109.5177,2.261572,0.5254247
158.16,63.54443,-0.7828655,0.045777034
158.18,49.122585,14.1188545,0.20565958
158.2,-13.372073,-7.0319734,-0.114105515
158.22,-13.372073,8.670914,0.5254247
158.23999,-22.986637,1.139937,0.36554214
158.26,15.471616,-6.230806,0.20565958
158.28,5.857053,-9.59571,-0.2739881
158.3,159.69006,3.8639073,0.20565958
158.31999,5.857053,16.842825,0.5254247
158.34,29.893461,8.510681,0.36554214
158.36,15.471616,19.086096,0.68530726
158.37999,92.38812,2.261572,0.045777034
158.4,39.508022,0.6592364,0.20565958
158.42,-138.36139,-11.83898,0.20565958
158.44,-27.793919,0.33876932,-0.114105515
158.45999,-75.86674,1.6206378,0.20565958
158.48,106.80997,3.0627398,0.045777034
158.5,-27.793919,1.6206378,0.36554214
158.51999,5.857053,8.991381,0.20565958
158.54,-66.25217,1.4604042,0.045777034
158.56,-47.023045,0.018302217,0.20565958
158.58,-47.023045,-7.352441,-0.2739881
158.59999,-51.830326,0.018302217,0.045777034
158.62,-27.793919,3.8639073,0.36554214
158.64,10.664334,-0.46239844,-0.2739881
158.66,-114.32499,-21.452991,0.045777034
158.68,-80.67402,-0.14193134,-0.114105515
158.7,68.35171,2.7422726,-0.114105515
158.72,-61.44489,-9.275244,-0.59375316
158.73999,15.471616,-10.557112,-0.4338706
158.76,25.08618,8.670914,0.045777034
158.78,-8.564792,-2.385201,-0.4338706
158.8,-22.986637,3.8639073,-0.2739881
158.81999,-143.16867,-11.518513,-0.4338706
158.84,-42.215763,3.2229733,-0.114105515
158.86,25.08618,-4.14777,-0.2739881
158.87999,20.278896,4.504842,-0.114105515
158.9,-75.86674,-15.524351,-0.59375316
158.92,68.35171,3.0627398,0.045777034
158.94,-56.637608,1.139937,0.20565958
158.95999,5.857053,9.952783,0.20565958
158.98,-13.372073,0.018302217,-0.114105515
159.0,77.96628,7.8697467,-0.2739881
159.01999,49.122585,7.8697467,-0.114105515
159.04,-18.179356,-4.7887044,-0.2739881
159.06,-47.023045,-7.0319734,0.045777034
159.08,-71.05945,0.9797035,0.36554214
159.09999,10.664334,8.510681,0.045777034
159.12,5.857053,-0.14193134,-0.2739881
159.14,44.315308,-8.954777,-0.59375316
159.16,25.08618,-4.3080034,-0.4338706
159.18,-32.6012,-0.46239844,0.045777034
159.2,5.857053,0.33876932,-0.2739881
159.22,-181.62692,-10.076411,-0.2739881
159.23999,-18.179356,0.81947,-0.7536357
159.26,-22.986637,-0.62263197,-0.114105515
159.28,5.857053,-5.429638,-0.2739881
159.3,29.893461,-1.4237996,-0.2739881
159.31999,-13.372073,-2.8659017,0.045777034
159.34,-51.830326,3.5434403,0.20565958
159.36,1.049771,4.6650753,0.20565958
159.37999,49.122585,-6.230806,-0.2739881
159.4,5.857053,-4.468237,-0.114105515
159.42,10.664334,0.81947,-0.4338706
159.44,34.700745,-6.3910394,-0.4338706
159.45999,10.664334,1.7808713,0.045777034
159.48,-42.215763,11.875586,0.20565958
159.5,39.508022,-1.4237996,-0.114105515
159.51999,25.08618,1.7808713,-0.114105515
159.54,5.857053,7.3890457,-0.114105515
159.56,34.700745,-6.5512733,-0.114105515
159.58,53.92987,0.33876932,-0.2739881
159.59999,-80.67402,-5.589872,-0.4338706
159.62,63.54443,5.145776,0.045777034
159.64,-18.179356,5.9469438,0.68530726
159.66,39.508022,5.78671,0.36554214
159.68,1.049771,1.9411048,-0.114105515
159.7,92.38812,8.831148,0.045777034
159.72,-133.55412,-7.672908,-0.114105515
159.73999,-22.986637,-1.7442669,0.045777034
159.76,102.002686,12.035819,-0.114105515
159.78,-18.179356,10.113016,-0.2739881
159.8,15.471616,-4.14777,-0.4338706
159.81999,-215.2779,-1.4237996,0.20565958
159.84,-71.05945,-4.468237,0.045777034
159.86,29.893461,5.9469438,-0.114105515
159.87999,20.278896,2.5820389,-0.4338706
159.9,164.49734,7.8697467,-0.114105515
159.92,-66.25217,-3.3466022,0.045777034
159.94,-47.023045,-2.385201,-0.2739881
159.95999,58.737152,14.279089,0.045777034
159.98,-3.7575107,6.1071773,0.045777034
160.0,-8.564792,-3.6670694,-0.2739881
160.01999,68.35171,-3.827303,-0.59375316
160.04,102.002686,5.78671,-0.114105515
160.06,-22.986637,-1.1033326,-0.4338706
160.08,29.893461,5.78671,0.20565958
160.09999,53.92987,4.6650753,0.045777034
160.12,-13.372073,-1.5840333,0.045777034
160.14,-22.986637,1.4604042,0.20565958
160.16,10.664334,5.466243,-0.4338706
160.18,-56.637608,-2.2249672,-0.2739881
160.2,15.471616,-7.352441,-0.114105515
160.22,63.54443,-10.076411,-0.4338706
160.23999,-109.5177,-10.557112,-0.2739881
160.26,25.08618,-4.6284704,-0.2739881
160.28,-56.637608,11.234652,0.20565958
160.3,29.893461,6.908345,0.20565958
160.31999,-13.372073,-0.46239844,0.045777034
160.34,-22.986637,-7.833141,-0.114105515
160.36,-56.637608,0.17853576,0.045777034
160.37999,-56.637608,-2.2249672,-0.2739881
160.4,63.54443,4.9855423,0.045777034
160.42,-32.6012,-3.9875362,-0.114105515
160.44,-3.7575107,10.113016,-0.2739881
160.45999,1.049771,4.504842,0.20565958
160.48,25.08618,-8.313842,-0.2739881
160.5,-3.7575107,-7.833141,-0.4338706
160.51999,-47.023045,-7.352441,-0.4338706
160.54,-18.179356,-1.5840333,-0.114105515
160.56,15.471616,2.5820389,-0.2739881
160.58,97.195404,13.317687,0.20565958
160.59999,-80.67402,0.17853576,-0.4338706
160.62,-3.7575107,-0.7828655,-0.4338706
160.64,15.471616,2.5820389,-0.4338706
160.66,-114.32499,3.7036738,0.045777034
160.68,1.049771,5.3060093,0.20565958
160.7,-18.179356,7.3890457,0.20565958
160.72,-224.89246,0.9797035,0.045777034
160.73999,-80.67402,-6.230806,0.045777034
160.76,-47.023045,-4.948938,-0.2739881
160.78,-37.40848,3.7036738,-0.114105515
160.8,-37.40848,-4.948938,-0.4338706
160.81999,-47.023045,8.510681,0.045777034
160.84,-66.25217,-6.230806,-0.2739881
160.86,-3.7575107,12.51652,0.045777034
160.87999,-18.179356,-5.2694044,-0.4338706
160.9,25.08618,-10.076411,-0.114105515
160.92,-109.5177,-2.7056682,-0.4338706
160.94,-18.179356,-5.7501054,-0.7536357
160.95999,-80.67402,-20.812057,-0.4338706
160.98,53.92987,-2.0647337,-0.59375316
161.0,5.857053,2.261572,0.045777034
161.01999,-71.05945,-16.80622,-0.2739881
161.04,34.700745,8.510681,0.5254247
161.06,39.508022,-2.0647337,-0.2739881
161.08,-47.023045,-0.46239844,0.045777034
161.09999,10.664334,0.17853576,-0.4338706
161.12,-32.6012,6.4276443,-0.2739881
161.14,-13.372073,0.17853576,0.045777034
161.16,-47.023045,-3.026135,0.045777034
161.18,1.049771,1.3001705,0.5254247
161.2,44.315308,-0.7828655,-0.114105515
161.22,-109.5177,-8.474075,-0.114105515
161.23999,15.471616,6.2674108,0.20565958
161.26,49.122585,9.151615,0.20565958
161.28,-37.40848,-1.4237996,-0.2739881
161.3,111.61725,8.670914,-0.114105515
161.31999,-42.215763,-3.9875362,-0.114105515
161.34,39.508022,1.139937,-0.114105515
161.36,-138.36139,-17.126686,-0.114105515
161.37999,29.893461,-1.9045002,-0.2739881
161.4,58.737152,1.9411048,0.045777034
161.42,-128.74683,-22.254158,-0.114105515
161.44,20.278896,5.78671,0.045777034
161.45999,-3.7575107,-0.9430991,-0.2739881
161.48,63.54443,12.99722,-0.2739881
161.5,-27.793919,-1.2635663,0.20565958
161.51999,-42.215763,3.7036738,-0.2739881
161.54,44.315308,-11.037811,-0.2739881
161.56,77.96628,6.7481112,0.36554214
161.58,10.664334,-1.2635663,-0.2739881
161.59999,29.893461,-7.0319734,-0.114105515
161.62,-18.179356,-3.1863687,-0.114105515
161.64,-3.7575107,5.9469438,0.20565958
161.66,15.471616,9.151615,0.36554214
161.68,44.315308,-0.14193134,-0.114105515
161.7,68.35171,-2.385201,0.36554214
161.72,1.049771,7.3890457,0.20565958
161.73999,73.159,0.81947,-0.2739881
161.76,-18.179356,11.074417,0.68530726
161.78,102.002686,2.4218054,0.045777034
161.8,34.700745,2.261572,-0.114105515
161.81999,-27.793919,-0.9430991,-0.114105515
161.84,-37.40848,7.549279,0.045777034
161.86,-119.13227,-6.0705724,0.045777034
161.87999,34.700745,-0.62263197,0.045777034
161.9,121.23181,13.317687,0.045777034
161.92,44.315308,7.8697467,0.68530726
161.94,-37.40848,-3.5068357,0.045777034
161.95999,-56.637608,0.33876932,0.36554214
161.98,49.122585,-0.14193134,-0.2739881
162.0,49.122585,6.2674108,-0.114105515
162.01999,-90.288574,-1.9045002,0.045777034
162.04,82.77356,14.439322,0.36554214
162.06,-3.7575107,-0.30216488,0.36554214
162.08,-27.793919,9.311849,0.20565958
162.09999,25.08618,0.49900287,0.20565958
162.12,29.893461,0.9797035,-0.114105515
162.14,150.0755,6.908345,0.36554214
162.16,-71.05945,-1.4237996,0.20565958
162.18,49.122585,9.311849,0.20565958
162.2,97.195404,1.7808713,-0.114105515
162.22,77.96628,10.914185,-0.114105515
162.23999,92.38812,5.9469438,0.045777034
162.26,-85.48129,1.3001705,0.36554214
162.28,1.049771,-7.672908,-0.114105515
162.3,-32.6012,-0.30216488,0.20565958
162.31999,34.700745,1.7808713,0.5254247
162.34,49.122585,0.6592364,0.20565958
162.36,-47.023045,-1.5840333,0.20565958
162.37999,92.38812,8.510681,0.20565958
162.4,29.893461,-4.14777,-0.4338706
162.42,-27.793919,5.6264763,0.68530726
162.44,87.58084,9.792548,0.5254247
162.45999,-66.25217,-1.7442669,0.045777034
162.48,-75.86674,-12.640147,0.045777034
162.5,53.92987,-0.62263197,-0.114105515
162.51999,-3.7575107,0.33876932,0.36554214
162.54,10.664334,-5.589872,0.20565958
162.56,-13.372073,-1.2635663,0.5254247
162.58,-3.7575107,-2.8659017,-0.114105515
162.59999,-27.793919,-5.910339,0.20565958
162.62,-32.6012,-5.589872,-0.2739881
162.64,-18.179356,-9.275244,-0.2739881
162.66,29.893461,12.51652,0.5254247
162.68,87.58084,6.4276443,-0.114105515
162.7,-51.830326,0.6592364,0.36554214
162.72,10.664334,-4.7887044,0.36554214
162.73999,34.700745,3.0627398,0.5254247
162.76,-85.48129,-5.589872,0.36554214
162.78,-32.6012,-1.2635663,0.36554214
162.8,-128.74683,-11.999213,0.045777034
162.81999,63.54443,3.5434403,0.36554214
162.84,49.122585,8.510681,0.5254247
162.86,44.315308,4.024141,0.36554214
162.87999,-61.44489,-8.634309,0.36554214
162.9,92.38812,-0.14193134,0.045777034
162.92,-8.564792,-19.049488,-0.114105515
162.94,-66.25217,-2.0647337,0.5254247
162.95999,10.664334,-2.385201,0.36554214
162.98,-8.564792,3.7036738,1.0050724
163.0,44.315308,-16.485752,-0.4338706
163.01999,34.700745,4.3446083,0.36554214
163.04,-37.40848,-4.468237,0.045777034
163.06,29.893461,-2.2249672,0.36554214
163.08,63.54443,0.17853576,0.045777034
163.09999,-32.6012,-0.9430991,0.045777034
163.12,-61.44489,-14.883417,0.68530726
163.14,130.84637,-1.7442669,0.20565958
163.16,-123.93955,1.4604042,0.68530726
163.18,58.737152,-3.5068357,0.36554214
163.2,20.278896,-3.3466022,0.5254247
163.22,116.42453,8.831148,0.5254247
163.23999,10.664334,4.024141,0.36554214
163.26,-27.793919,-4.468237,0.045777034
163.28,29.893461,-3.026135,0.045777034
163.3,-3.7575107,-6.230806,0.20565958
163.31999,-3.7575107,0.33876932,0.8451898
163.34,-37.40848,-9.916177,0.36554214
163.36,1.049771,4.024141,0.8451898
163.37999,1.049771,-9.59571,0.20565958
163.4,15.471616,6.4276443,0.5254247
163.42,-51.830326,-0.7828655,0.20565958
163.44,63.54443,8.831148,0.36554214
163.45999,-85.48129,-3.5068357,0.36554214
163.48,87.58084,7.3890457,0.5254247
163.5,25.08618,-0.30216488,0.20565958
163.51999,5.857053,-3.1863687,-0.114105515
163.54,53.92987,0.17853576,0.36554214
163.56,5.857053,2.1013381,0.20565958
163.58,20.278896,-3.026135,0.045777034
163.59999,53.92987,-2.5454345,0.20565958
163.62,-71.05945,0.33876932,0.5254247
163.64,97.195404,16.52236,0.5254247
163.66,-95.09586,0.17853576,0.5254247
163.68,29.893461,-3.5068357,0.20565958
163.7,10.664334,16.52236,1.164955
163.72,53.92987,-4.7887044,0.5254247
163.73999,-133.55412,-14.883417,0.5254247
163.76,-47.023045,-10.877579,0.045777034
163.78,-99.903145,-3.9875362,0.68530726
163.8,-51.830326,-6.0705724,0.36554214
163.81999,29.893461,5.466243,0.20565958
163.84,-27.793919,-15.203884,-0.2739881
163.86,20.278896,6.7481112,0.8451898
163.87999,198.14832,12.196053,0.68530726
163.9,-37.40848,-3.1863687,0.5254247
163.92,-143.16867,-21.132523,-0.114105515
163.94,68.35171,11.234652,0.20565958
163.95999,-90.288574,-9.275244,0.5254247
163.98,20.278896,5.9469438,0.68530726
164.0,-32.6012,0.018302217,0.5254247
164.01999,34.700745,5.466243,0.20565958
164.04,-27.793919,-7.833141,-0.114105515
164.06,-47.023045,-12.960614,0.045777034
164.08,1.049771,6.1071773,0.8451898
164.09999,58.737152,1.7808713,0.36554214
164.12,-3.7575107,0.81947,0.20565958
164.14,97.195404,-1.7442669,0.20565958
164.16,5.857053,8.190214,0.68530726
164.18,39.508022,0.6592364,0.20565958
164.2,53.92987,-0.46239844,0.5254247
164.22,10.664334,0.9797035,0.36554214
164.23999,10.664334,2.1013381,0.5254247
164.26,5.857053,-11.83898,0.68530726
164.28,68.35171,13.157454,0.68530726
164.3,-51.830326,0.17853576,0.5254247
164.31999,-51.830326,-7.993375,0.68530726
164.34,73.159,-1.1033326,0.8451898
164.36,53.92987,3.3832066,0.8451898
164.37999,102.002686,0.018302217,0.5254247
164.4,-3.7575107,2.902506,0.045777034
164.42,-18.179356,-5.2694044,0.20565958
164.44,5.857053,-0.30216488,0.68530726
164.45999,34.700745,-5.589872,0.36554214
164.48,25.08618,3.0627398,0.68530726
164.5,-27.793919,6.2674108,0.68530726
164.51999,10.664334,0.018302217,1.0050724
164.54,53.92987,-4.948938,0.5254247
164.56,-51.830326,-0.62263197,0.68530726
164.58,25.08618,2.7422726,0.5254247
164.59999,193.34105,7.709513,0.36554214
164.62,5.857053,9.792548,0.5254247
164.64,68.35171,14.599556,0.68530726
164.66,58.737152,0.49900287,0.045777034
164.68,77.96628,8.991381,1.0050724
164.7,-22.986637,0.9797035,0.68530726
164.72,20.278896,-3.5068357,0.68530726
164.73999,106.80997,4.3446083,0.68530726
164.76,25.08618,-1.5840333,0.36554214
164.78,53.92987,12.196053,0.8451898
164.8,102.002686,5.466243,0.8451898
164.81999,-61.44489,-5.1091714,0.5254247
164.84,-85.48129,-3.827303,0.5254247
164.86,20.278896,0.49900287,0.68530726
164.87999,29.893461,10.113016,0.8451898
164.9,-27.793919,0.33876932,0.68530726
164.92,140.46094,4.3446083,0.20565958
164.94,15.471616,17.483759,0.8451898
164.95999,-8.564792,7.0685787,0.8451898
164.98,29.893461,3.2229733,0.8451898
165.0,49.122585,1.7808713,0.68530726
165.01999,-3.7575107,2.902506,0.5254247
165.04,-13.372073,-5.2694044,0.045777034
165.06,-51.830326,-0.14193134,0.68530726
165.08,-27.793919,-16.005053,-0.2739881
165.09999,58.737152,1.9411048,0.68530726
165.12,25.08618,-6.8717403,0.36554214
165.14,1.049771,13.477921,0.8451898
165.16,49.122585,4.825309,0.68530726
165.18,39.508022,4.504842,0.5254247
165.2,-61.44489,-4.948938,0.5254247
165.22,29.893461,6.908345,0.68530726
165.23999,-51.830326,-1.4237996,0.5254247
165.26,-13.372073,12.51652,1.0050724
165.28,-18.179356,8.350447,0.68530726
165.3,-3.7575107,-3.1863687,0.8451898
165.31999,20.278896,-4.6284704,0.20565958
165.34,20.278896,0.49900287,0.5254247
165.36,77.96628,0.17853576,0.20565958
165.37999,63.54443,-0.14193134,0.20565958
165.4,-32.6012,2.1013381,0.5254247
165.42,126.0391,26.136374,0.8451898
165.44,20.278896,2.261572,0.68530726
165.45999,-13.372073,2.4218054,0.8451898
165.48,34.700745,11.875586,1.164955
165.5,39.508022,2.7422726,0.68530726
165.51999,-61.44489,-6.5512733,0.20565958
165.54,-18.179356,-3.3466022,0.5254247
165.56,183.72647,1.6206378,0.36554214
165.58,77.96628,-4.6284704,-0.114105515
165.59999,73.159,-6.711507,0.20565958
165.62,39.508022,-5.2694044,-0.114105515
165.64,44.315308,2.902506,0.20565958
165.66,106.80997,9.311849,0.68530726
165.68,-56.637608,1.7808713,0.8451898
165.7,34.700745,-0.9430991,0.68530726
165.72,68.35171,16.362125,0.8451898
165.73999,20.278896,-2.2249672,0.5254247
165.76,58.737152,10.113016,0.5254247
165.78,111.61725,0.49900287,0.36554214
165.8,39.508022,-2.5454345,0.5254247
165.81999,-51.830326,-0.7828655,0.8451898
165.84,20.278896,2.5820389,0.8451898
165.86,-51.830326,-4.6284704,0.68530726
165.87999,25.08618,4.024141,0.20565958
165.9,63.54443,1.4604042,0.045777034
165.92,20.278896,1.7808713,0.045777034
165.94,73.159,4.024141,0.5254247
165.95999,49.122585,-3.5068357,0.20565958
165.98,15.471616,-0.14193134,0.045777034
166.0,82.77356,11.555119,0.36554214
166.01999,1.049771,-0.9430991,-0.114105515
166.04,-22.986637,-6.8717403,0.045777034
166.06,-8.564792,12.51652,0.68530726
166.08,58.737152,14.439322,0.5254247
166.09999,-8.564792,-11.518513,0.20565958
166.12,10.664334,-8.634309,0.20565958
166.14,-42.215763,-5.429638,0.20565958
166.16,68.35171,-0.9430991,0.36554214
166.18,-27.793919,-5.910339,-0.2739881
166.2,-56.637608,0.17853576,0.20565958
166.22,34.700745,-7.993375,0.045777034
166.23999,-75.86674,-4.7887044,0.20565958
166.26,178.91919,18.605394,0.5254247
166.28,97.195404,8.190214,0.045777034
166.3,-3.7575107,-1.1033326,0.20565958
166.31999,1.049771,2.4218054,0.045777034
166.34,25.08618,1.6206378,0.5254247
166.36,25.08618,-5.589872,0.20565958
166.37999,34.700745,3.3832066,0.5254247
166.4,1.049771,-2.385201,0.36554214
166.42,15.471616,10.593717,0.36554214
166.44,-109.5177,-12.800381,-0.2739881
166.45999,20.278896,-1.4237996,0.36554214
166.48,-22.986637,1.6206378,0.36554214
166.5,63.54443,-1.5840333,0.36554214
166.51999,-18.179356,-3.5068357,0.045777034
166.54,10.664334,-8.474075,0.20565958
166.56,-80.67402,-13.120848,-0.114105515
166.58,53.92987,2.1013381,0.20565958
166.59999,58.737152,4.6650753,0.20565958
166.62,5.857053,10.433483,0.68530726
166.64,-13.372073,2.1013381,0.20565958
166.66,-27.793919,1.9411048,0.5254247
166.68,53.92987,5.145776,0.045777034
166.7,5.857053,13.477921,0.68530726
166.72,29.893461,-0.46239844,0.5254247
166.73999,97.195404,3.7036738,-0.114105515
166.76,-27.793919,-14.883417,-0.2739881
166.78,1.049771,3.2229733,0.5254247
166.8,-3.7575107,-3.9875362,0.045777034
166.81999,39.508022,-0.9430991,0.36554214
166.84,121.23181,-10.877579,-0.4338706
166.86,-18.179356,5.6264763,0.36554214
166.87999,58.737152,5.9469438,0.20565958
166.9,-80.67402,-29.785133,-0.59375316
166.92,-22.986637,-4.14777,0.045777034
166.94,44.315308,2.4218054,0.5254247
166.95999,58.737152,24.694271,1.0050724
166.98,29.893461,-4.3080034,0.045777034
167.0,49.122585,0.33876932,0.5254247
167.01999,-42.215763,-11.678746,0.36554214
167.04,-3.7575107,6.4276443,0.5254247
167.06,106.80997,8.670914,0.68530726
167.08,20.278896,3.0627398,0.8451898
167.09999,29.893461,-2.385201,0.36554214
167.12,39.508022,-2.7056682,0.045777034
167.14,-119.13227,-19.209723,0.20565958
167.16,58.737152,-0.46239844,0.20565958
167.18,-8.564792,-2.7056682,0.36554214
167.2,-13.372073,10.593717,0.68530726
167.22,25.08618,6.908345,0.8451898
167.23999,44.315308,4.6650753,0.68530726
167.26,1.049771,7.709513,0.5254247
167.28,20.278896,0.6592364,0.5254247
167.3,29.893461,0.49900287,0.68530726
167.31999,20.278896,-0.14193134,0.68530726
167.34,10.664334,3.0627398,0.5254247
167.36,106.80997,-8.794542,0.68530726
167.37999,68.35171,-1.9045002,0.68530726
167.4,53.92987,6.5878778,1.0050724
167.42,-75.86674,4.504842,0.68530726
167.44,-90.288574,0.49900287,1.0050724
167.45999,154.8828,21.4896,0.8451898
167.48,-18.179356,-2.5454345,0.5254247
167.5,25.08618,3.5434403,0.68530726
167.51999,-13.372073,1.3001705,0.68530726
167.54,-61.44489,2.902506,0.8451898
167.56,-51.830326,-11.198046,0.5254247
167.58,-99.903145,-10.396878,0.20565958
167.59999,-47.023045,-9.59571,0.5254247
167.62,82.77356,2.261572,0.045777034
167.64,20.278896,0.9797035,0.8451898
167.66,-90.288574,2.261572,1.0050724
167.68,25.08618,-2.0647337,0.68530726
167.7,49.122585,-11.678746,0.045777034
167.72,-85.48129,-8.794542,0.68530726
167.73999,15.471616,11.234652,1.164955
167.76,58.737152,-4.7887044,0.5254247
167.78,20.278896,-15.844818,0.20565958
167.8,1.049771,-8.794542,0.20565958
167.81999,1.049771,3.2229733,0.68530726
167.84,-13.372073,5.9469438,1.164955
167.86,-3.7575107,0.49900287,0.68530726
167.87999,15.471616,11.394884,0.8451898
167.9,-85.48129,-4.14777,0.68530726
167.92,58.737152,-0.46239844,0.68530726
167.94,39.508022,-2.0647337,0.5254247
167.95999,10.664334,0.6592364,0.20565958
167.98,-80.67402,-10.076411,0.68530726
168.0,87.58084,9.952783,0.8451898
168.01999,-8.564792,0.33876932,0.5254247
168.04,68.35171,6.1071773,0.20565958
168.06,53.92987,5.6264763,0.8451898
168.08,15.471616,2.7422726,0.5254247
168.09999,-3.7575107,4.6650753,0.36554214
168.12,5.857053,-1.1033326,0.20565958
168.14,39.508022,15.560958,0.36554214
168.16,-133.55412,-7.833141,0.045777034
168.18,-42.215763,1.139937,0.36554214
168.2,-85.48129,-9.435476,0.36554214
168.22,15.471616,-0.62263197,0.20565958
168.23999,-8.564792,-1.5840333,0.045777034
168.26,-104.71042,-12.960614,0.045777034
168.28,-66.25217,-12.159447,0.045777034
168.3,5.857053,2.902506,0.36554214
168.31999,-80.67402,-10.076411,0.68530726
168.34,44.315308,-0.62263197,0.20565958
168.36,-3.7575107,0.81947,0.36554214
168.37999,77.96628,3.2229733,0.045777034
168.4,10.664334,0.018302217,0.36554214
168.42,-18.179356,0.17853576,0.36554214
168.44,-47.023045,-19.530188,0.20565958
168.45999,15.471616,0.49900287,0.5254247
168.48,44.315308,-3.3466022,0.36554214
168.5,-18.179356,-2.8659017,0.20565958
168.51999,-3.7575107,-5.589872,0.045777034
168.54,82.77356,6.7481112,0.5254247
168.56,-3.7575107,-0.9430991,0.36554214
168.58,-18.179356,-19.049488,0.20565958
168.59999,34.700745,3.7036738,1.0050724
168.62,-13.372073,-5.910339,0.045777034
168.64,-56.637608,8.190214,0.5254247
168.66,10.664334,-10.076411,0.36554214
168.68,34.700745,4.825309,1.0050724
168.7,20.278896,-2.0647337,0.68530726
168.72,58.737152,-4.468237,0.5254247
168.73999,-3.7575107,-3.5068357,0.5254247
168.76,44.315308,-3.827303,0.5254247
168.78,-123.93955,-12.960614,0.68530726
168.8,-3.7575107,2.4218054,0.68530726
168.81999,77.96628,2.5820389,0.5254247
168.84,15.471616,0.33876932,0.5254247
168.86,73.159,-0.14193134,0.8451898
168.87999,-13.372073,-4.14777,0.5254247
168.9,5.857053,-2.2249672,0.5254247
168.92,-22.986637,-0.30216488,0.20565958
168.94,193.34105,7.228812,0.5254247
168.95999,-8.564792,-1.5840333,0.5254247
168.98,25.08618,-3.5068357,-0.114105515
169.0,82.77356,-0.30216488,0.5254247
169.01999,-3.7575107,-2.0647337,0.20565958
169.04,49.122585,3.3832066,0.5254247
169.06,44.315308,-3.827303,0.8451898
169.08,1.049771,-5.429638,0.20565958
169.09999,-3.7575107,1.6206378,0.68530726
169.12,-37.40848,1.7808713,0.68530726
169.14,-80.67402,-5.429638,0.68530726
169.16,53.92987,0.018302217,0.68530726
169.18,92.38812,10.27325,1.0050724
169.2,1.049771,7.549279,0.8451898
169.22,-18.179356,-3.1863687,0.5254247
169.23999,-22.986637,-1.4237996,1.0050724
169.26,39.508022,4.3446083,0.8451898
169.28,-3.7575107,-11.83898,-0.114105515
169.3,-71.05945,-8.794542,0.045777034
169.31999,39.508022,7.228812,0.5254247
169.34,34.700745,0.6592364,-0.114105515
169.36,10.664334,2.1013381,0.36554214
169.37999,-3.7575107,-5.429638,0.36554214
169.4,-80.67402,0.018302217,0.045777034
169.42,-13.372073,-3.3466022,0.20565958
169.44,15.471616,2.261572,0.5254247
169.45999,-32.6012,4.9855423,0.68530726
169.48,49.122585,4.184375,0.68530726
169.5,5.857053,-0.7828655,0.5254247
169.51999,-138.36139,-7.352441,0.36554214
169.54,-47.023045,3.8639073,0.68530726
169.56,34.700745,-5.589872,-0.114105515
169.58,-18.179356,0.81947,0.5254247
169.59999,102.002686,3.8639073,0.68530726
169.62,15.471616,10.113016,1.0050724
169.64,-3.7575107,1.3001705,0.68530726
169.66,5.857053,1.6206378,0.5254247
169.68,102.002686,10.113016,0.5254247
169.7,97.195404,2.902506,0.5254247
169.72,-51.830326,-6.711507,0.36554214
169.73999,68.35171,5.3060093,0.68530726
169.76,-3.7575107,-3.6670694,0.36554214
169.78,-32.6012,0.018302217,0.68530726
169.8,-3.7575107,-3.827303,0.68530726
169.81999,135.65366,21.649834,1.164955
169.84,20.278896,1.9411048,0.68530726
169.86,-18.179356,4.504842,1.0050724
169.87999,25.08618,-3.6670694,0.36554214
169.9,73.159,2.5820389,0.68530726
169.92,77.96628,13.157454,0.5254247
169.94,25.08618,-2.7056682,0.68530726
169.95999,49.122585,8.350447,0.8451898
169.98,-3.7575107,-7.352441,0.68530726
170.0,-47.023045,-3.827303,0.5254247
170.01999,-8.564792,-5.589872,0.20565958
170.04,82.77356,-5.1091714,0.36554214
170.06,1.049771,0.9797035,0.68530726
170.08,92.38812,9.792548,0.5254247
170.09999,25.08618,0.6592364,0.20565958
170.12,49.122585,5.78671,0.36554214
170.14,39.508022,0.6592364,0.20565958
170.16,-18.179356,-3.9875362,0.20565958
170.18,44.315308,-2.385201,0.36554214
170.2,20.278896,3.5434403,0.8451898
170.22,-196.04878,-14.242482,0.20565958
170.23999,44.315308,1.7808713,0.5254247
170.26,34.700745,-6.8717403,0.20565958
170.28,73.159,-3.3466022,0.20565958
170.3,77.96628,8.831148,0.5254247
170.31999,44.315308,-2.0647337,0.5254247
170.34,-3.7575107,7.3890457,0.8451898
170.36,1.049771,1.7808713,0.5254247
170.37999,-3.7575107,4.3446083,0.8451898
170.4,49.122585,1.6206378,1.164955
170.42,-13.372073,-1.4237996,0.8451898
170.44,15.471616,6.2674108,0.5254247
170.45999,15.471616,-4.14777,0.5254247
170.48,-3.7575107,-3.6670694,0.36554214
170.5,-71.05945,-8.313842,0.20565958
170.51999,-128.74683,-7.0319734,0.68530726
170.54,77.96628,4.9855423,0.5254247
170.56,130.84637,4.825309,0.5254247
170.58,25.08618,2.261572,0.8451898
170.59999,92.38812,10.113016,0.36554214
170.62,-191.24149,-7.993375,0.5254247
170.64,5.857053,0.9797035,0.68530726
170.66,29.893461,-9.435476,0.5254247
170.68,97.195404,8.510681,0.8451898
170.7,10.664334,1.3001705,0.68530726
170.72,-22.986637,-2.2249672,0.36554214
170.73999,63.54443,11.715352,0.8451898
170.76,5.857053,1.4604042,1.0050724
170.78,174.11191,8.670914,0.68530726
170.8,73.159,-14.562949,0.20565958
170.81999,25.08618,-0.46239844,0.5254247
170.84,58.737152,-0.14193134,0.68530726
170.86,34.700745,5.6264763,0.68530726
170.87999,53.92987,-0.7828655,0.36554214
170.9,92.38812,4.3446083,0.36554214
170.92,-56.637608,4.184375,0.68530726
170.94,44.315308,0.81947,0.8451898
170.95999,15.471616,-1.9045002,0.68530726
170.98,102.002686,5.78671,0.68530726
171.0,5.857053,6.7481112,0.8451898
171.01999,-47.023045,-11.518513,0.20565958
171.04,39.508022,-0.9430991,0.20565958
171.06,10.664334,-2.5454345,0.20565958
171.08,77.96628,0.33876932,0.20565958
171.09999,44.315308,8.190214,0.68530726
171.12,34.700745,0.6592364,0.045777034
171.14,34.700745,-11.518513,-0.2739881
171.16,63.54443,1.9411048,0.5254247
171.18,39.508022,5.78671,0.20565958
171.2,25.08618,1.7808713,0.20565958
171.22,140.46094,7.228812,0.045777034
171.23999,58.737152,2.4218054,0.045777034
171.26,58.737152,-8.153608,-0.114105515
171.28,-42.215763,-10.877579,0.5254247
171.3,-22.986637,-0.14193134,0.5254247
171.31999,-42.215763,3.7036738,0.5254247
171.34,63.54443,1.3001705,0.68530726
171.36,-61.44489,-15.04365,0.045777034
171.37999,-37.40848,19.086096,0.5254247
171.4,-85.48129,-5.7501054,0.36554214
171.42,39.508022,-4.948938,0.20565958
171.44,-61.44489,0.49900287,0.5254247
171.45999,-32.6012,1.6206378,0.68530726
171.48,68.35171,2.261572,0.68530726
171.5,-13.372073,-4.3080034,0.20565958
171.51999,49.122585,-5.589872,0.20565958
171.54,49.122585,2.261572,0.5254247
171.56,135.65366,11.234652,0.5254247
171.58,58.737152,-0.46239844,0.5254247
171.59999,1.049771,3.2229733,0.5254247
171.62,87.58084,11.875586,0.20565958
171.64,44.315308,3.7036738,0.20565958
171.66,-61.44489,-13.601548,-0.114105515
171.68,-8.564792,3.7036738,0.5254247
171.7,-104.71042,-0.14193134,0.8451898
171.72,77.96628,0.49900287,0.36554214
171.73999,1.049771,-2.0647337,0.36554214
171.76,-27.793919,-3.6670694,0.045777034
171.78,145.26822,11.555119,0.5254247
171.8,10.664334,-0.9430991,0.36554214
171.81999,49.122585,-3.827303,-0.114105515
171.84,10.664334,0.33876932,0.20565958
171.86,-85.48129,-1.7442669,0.8451898
171.87999,44.315308,5.78671,0.68530726
171.9,1.049771,0.49900287,0.36554214
171.92,49.122585,-1.5840333,0.20565958
171.94,-27.793919,-7.352441,0.045777034
171.95999,20.278896,0.49900287,0.36554214
171.98,5.857053,9.472081,0.5254247
172.0,-66.25217,-3.1863687,0.5254247
172.01999,-13.372073,4.024141,0.5254247
172.04,-13.372073,1.9411048,0.36554214
172.06,63.54443,-2.7056682,0.045777034
172.08,10.664334,-4.14777,0.20565958
172.09999,-13.372073,-10.396878,-0.2739881
172.12,34.700745,0.81947,0.20565958
172.14,-42.215763,-5.1091714,0.36554214
172.16,25.08618,14.439322,0.5254247
172.18,82.77356,5.78671,0.20565958
172.2,-32.6012,2.1013381,0.20565958
172.22,53.92987,-2.385201,-0.114105515
172.23999,1.049771,-2.5454345,0.20565958
172.26,-244.12158,-10.877579,0.20565958
172.28,49.122585,2.5820389,0.045777034
172.3,-22.986637,4.504842,0.5254247
172.31999,39.508022,4.9855423,0.045777034
172.34,-3.7575107,-3.9875362,0.5254247
172.36,-85.48129,-5.589872,0.20565958
172.37999,-37.40848,-0.14193134,-0.114105515
172.4,-22.986637,-1.7442669,0.045777034
172.42,58.737152,7.8697467,-0.114105515
172.44,1.049771,8.831148,0.5254247
172.45999,25.08618,14.920023,0.5254247
172.48,34.700745,5.3060093,0.045777034
172.5,-56.637608,-16.325518,-0.2739881
172.51999,63.54443,3.7036738,0.20565958
172.54,63.54443,-3.9875362,-0.114105515
172.56,20.278896,-11.999213,-0.114105515
172.58,-27.793919,-0.62263197,0.045777034
172.59999,20.278896,-2.385201,0.045777034
172.62,-22.986637,-7.0319734,0.045777034
172.64,29.893461,-3.827303,0.20565958
172.66,29.893461,-13.922015,-0.114105515
172.68,1.049771,4.184375,0.36554214
172.7,49.122585,2.4218054,0.20565958
172.72,25.08618,6.1071773,0.36554214
172.73999,-47.023045,-6.0705724,-0.114105515
172.76,29.893461,8.190214,0.5254247
172.78,-90.288574,-9.115009,-0.2739881
172.8,5.857053,3.0627398,0.045777034
172.81999,44.315308,8.670914,-0.2739881
172.84,92.38812,4.825309,-0.114105515
172.86,-56.637608,1.7808713,0.045777034
172.87999,73.159,4.024141,0.045777034
172.9,-18.179356,-1.4237996,-0.114105515
172.92,-3.7575107,5.6264763,0.5254247
172.94,-47.023045,4.504842,-0.114105515
172.95999,44.315308,-7.833141,-0.2739881
172.98,1.049771,-3.9875362,-0.2739881
173.0,-3.7575107,-2.2249672,0.20565958
173.01999,20.278896,11.715352,0.36554214
173.04,39.508022,1.4604042,0.045777034
173.06,-66.25217,-10.877579,0.36554214
173.08,-104.71042,-3.827303,0.045777034
173.09999,1.049771,-3.5068357,-0.114105515
173.12,-3.7575107,-10.717345,-0.2739881
173.14,-18.179356,-4.14777,0.045777034
173.16,-47.023045,1.9411048,0.045777034
173.18,92.38812,-3.026135,-0.114105515
173.2,49.122585,11.715352,0.045777034
173.22,-66.25217,-9.916177,-0.4338706
173.23999,10.664334,-3.3466022,-0.4338706
173.26,-18.179356,-20.812057,-0.9135183
173.28,20.278896,0.018302217,0.045777034
173.3,92.38812,8.02998,0.5254247
173.31999,-47.023045,5.145776,0.20565958
173.34,-32.6012,2.7422726,0.20565958
173.36,44.315308,-8.153608,-0.59375316
173.37999,-32.6012,4.3446083,0.045777034
173.4,58.737152,7.3890457,-0.114105515
173.42,-109.5177,-7.993375,-0.2739881
173.44,-56.637608,-20.49159,-0.4338706
173.45999,-51.830326,-3.026135,-0.7536357
173.48,49.122585,5.9469438,0.36554214
173.5,1.049771,2.902506,0.045777034
173.51999,-8.564792,9.632316,0.20565958
173.54,-42.215763,-6.0705724,-0.2739881
173.56,15.471616,0.33876932,-0.2739881
173.58,-22.986637,-9.916177,0.045777034
173.59999,20.278896,16.362125,0.36554214
173.62,63.54443,-2.385201,-0.114105515
173.64,63.54443,4.184375,-0.114105515
173.66,-8.564792,-1.4237996,0.045777034
173.68,20.278896,5.145776,0.20565958
173.7,49.122585,3.8639073,-0.114105515
173.72,39.508022,-4.7887044,-0.2739881
173.73999,-32.6012,1.9411048,-0.114105515
173.76,29.893461,7.0685787,0.20565958
173.78,-3.7575107,-2.385201,-0.7536357
173.8,-3.7575107,3.8639073,-0.114105515
173.81999,10.664334,0.018302217,-0.114105515
173.84,-13.372073,1.3001705,-0.2739881
173.86,-99.903145,-4.3080034,0.20565958
173.87999,29.893461,-0.14193134,0.045777034
173.9,-32.6012,-3.3466022,-0.4338706
173.92,92.38812,14.599556,0.20565958
173.94,-47.023045,-3.6670694,-0.114105515
173.95999,1.049771,4.825309,0.045777034
173.98,29.893461,5.466243,0.045777034
174.0,159.69006,0.9797035,-0.4338706
174.01999,-18.179356,-2.2249672,0.045777034
174.04,5.857053,7.8697467,0.045777034
174.06,49.122585,3.7036738,-0.114105515
174.08,-109.5177,-3.827303,-0.114105515
174.09999,5.857053,6.7481112,-0.114105515
174.12,20.278896,-9.275244,-0.2739881
174.14,-51.830326,-0.46239844,-0.114105515
174.16,-61.44489,3.8639073,0.045777034
174.18,-61.44489,-5.2694044,-0.2739881
174.2,116.42453,8.190214,0.045777034
174.22,44.315308,0.33876932,-0.2739881
174.23999,87.58084,20.367966,0.045777034
174.26,-32.6012,-3.5068357,-0.114105515
174.28,44.315308,5.9469438,-0.114105515
174.3,-32.6012,0.018302217,-0.2739881
174.31999,-123.93955,-4.6284704,-0.2739881
174.34,58.737152,1.139937,0.045777034
174.36,-85.48129,-4.7887044,-0.2739881
174.37999,-42.215763,-7.833141,-0.114105515
174.4,-37.40848,-12.31968,-0.2739881
174.42,25.08618,4.184375,-0.114105515
174.44,-18.179356,-2.7056682,-0.2739881
174.45999,-80.67402,-5.910339,-0.4338706
174.48,-8.564792,-5.910339,-0.4338706
174.5,77.96628,3.7036738,-0.2739881
174.51999,97.195404,10.75395,0.045777034
174.54,-61.44489,1.9411048,-0.114105515
174.56,-47.023045,2.902506,-0.2739881
174.58,63.54443,5.145776,-0.59375316
174.59999,-56.637608,-2.5454345,-0.4338706
174.62,68.35171,2.1013381,0.20565958
174.64,-13.372073,-7.352441,-0.4338706
174.66,20.278896,-4.468237,-0.114105515
174.68,-66.25217,-2.0647337,0.045777034
174.7,-27.793919,-6.711507,-0.4338706
174.72,-42.215763,-0.14193134,0.045777034
174.73999,-61.44489,4.9855423,-0.2739881
174.76,63.54443,8.02998,-0.4338706
174.78,-99.903145,-7.192207,-0.4338706
174.8,-71.05945,-10.557112,-0.114105515
174.81999,25.08618,2.902506,-0.114105515
174.84,-85.48129,-9.916177,-0.59375316
174.86,15.471616,3.2229733,-0.4338706
174.87999,10.664334,-1.1033326,-0.59375316
174.9,25.08618,10.593717,-0.114105515
174.92,-27.793919,-7.993375,-0.4338706
174.94,10.664334,3.3832066,-0.114105515
174.95999,-47.023045,6.4276443,0.045777034
174.98,-95.09586,-2.7056682,-0.2739881
175.0,-66.25217,4.504842,-0.114105515
175.01999,44.315308,-2.385201,-0.7536357
175.04,87.58084,3.8639073,-0.4338706
175.06,20.278896,2.261572,0.045777034
175.08,29.893461,3.5434403,0.045777034
175.09999,-123.93955,-3.026135,0.045777034
175.12,-3.7575107,6.2674108,0.36554214
175.14,-32.6012,-1.9045002,-0.114105515
175.16,-13.372073,-3.827303,-0.114105515
175.18,-32.6012,1.3001705,0.20565958
175.2,-80.67402,-3.1863687,-0.59375316
175.22,49.122585,5.145776,0.045777034
175.23999,77.96628,12.196053,0.36554214
175.26,5.857053,-2.5454345,0.20565958
175.28,29.893461,3.0627398,0.045777034
175.3,-18.179356,-2.8659017,-0.114105515
175.31999,-205.66333,-7.5126743,-0.114105515
175.34,-22.986637,-1.9045002,-0.2739881
175.36,-71.05945,0.9797035,0.045777034
175.37999,106.80997,22.290768,0.20565958
175.4,49.122585,1.3001705,-0.114105515
175.42,-13.372073,1.139937,0.045777034
175.44,-109.5177,-10.557112,-0.4338706
175.45999,68.35171,-0.7828655,-0.2739881
175.48,34.700745,9.311849,-0.114105515
175.5,-42.215763,-5.2694044,0.045777034
175.51999,-13.372073,-2.385201,-0.2739881
175.54,77.96628,-2.385201,-0.2739881
175.56,53.92987,6.4276443,-0.2739881
175.58,5.857053,18.445162,0.045777034
175.59999,44.315308,4.504842,0.045777034
175.62,-18.179356,1.6206378,-0.2739881
175.64,-47.023045,-16.325518,-0.2739881
175.66,49.122585,2.902506,-0.114105515
175.68,-42.215763,-1.1033326,-0.114105515
175.7,34.700745,6.7481112,0.045777034
175.72,-85.48129,-4.3080034,-0.114105515
175.73999,34.700745,2.5820389,0.045777034
175.76,44.315308,5.3060093,0.045777034
175.78,-75.86674,-4.948938,-0.2739881
175.8,-8.564792,0.33876932,0.045777034
175.81999,82.77356,-4.948938,-0.59375316
175.84,20.278896,-3.6670694,-0.2739881
175.86,-22.986637,-7.993375,-0.4338706
175.87999,29.893461,-0.46239844,-0.2739881
175.9,-114.32499,-4.14777,-0.2739881
175.92,58.737152,10.75395,-0.114105515
175.94,58.737152,-4.7887044,-0.114105515
175.95999,-27.793919,-9.59571,-0.114105515
175.98,-18.179356,-0.30216488,0.5254247
176.0,63.54443,4.184375,0.5254247
176.01999,-22.986637,-8.153608,-0.2739881
176.04,34.700745,2.4218054,0.5254247
176.06,-61.44489,-13.441315,-0.114105515
176.08,10.664334,2.4218054,0.20565958
176.09999,5.857053,-4.468237,-0.114105515
176.12,-3.7575107,-0.14193134,0.20565958
176.14,44.315308,6.5878778,0.68530726
176.16,58.737152,-0.62263197,0.20565958
176.18,29.893461,-0.9430991,-0.114105515
176.2,-114.32499,-25.619062,0.045777034
176.22,-8.564792,2.4218054,0.20565958
176.23999,49.122585,4.825309,0.20565958
176.26,5.857053,-3.3466022,0.20565958
176.28,29.893461,11.875586,0.20565958
176.3,-8.564792,-1.7442669,0.20565958
176.31999,49.122585,13.157454,0.5254247
176.34,-3.7575107,5.9469438,0.20565958
176.36,44.315308,-4.7887044,-0.114105515
176.37999,-22.986637,-5.7501054,-0.114105515
176.4,-42.215763,0.33876932,0.36554214
176.42,-51.830326,-1.1033326,-0.114105515
176.44,-42.215763,2.7422726,0.36554214
176.45999,102.002686,16.362125,0.20565958
176.48,-18.179356,3.7036738,0.36554214
176.5,-47.023045,-0.30216488,0.5254247
176.51999,-32.6012,-3.827303,-0.114105515
176.54,5.857053,-0.46239844,0.20565958
176.56,-13.372073,-0.14193134,0.045777034
176.58,-37.40848,-1.9045002,0.36554214
176.59999,-3.7575107,2.5820389,0.5254247
176.62,25.08618,1.9411048,-0.114105515
176.64,-3.7575107,-4.7887044,-0.4338706
176.66,-18.179356,-3.3466022,-0.114105515
176.68,-138.36139,-9.435476,-0.114105515
176.7,-80.67402,0.17853576,0.68530726
176.72,-99.903145,-1.4237996,-0.114105515
176.73999,-3.7575107,-7.833141,0.045777034
176.76,34.700745,-0.62263197,0.045777034
176.78,-42.215763,-1.7442669,0.36554214
176.8,106.80997,8.670914,0.045777034
176.81999,29.893461,1.7808713,0.20565958
176.84,-3.7575107,-0.14193134,-0.114105515
176.86,-56.637608,4.825309,0.68530726
176.87999,-56.637608,-0.9430991,0.20565958
176.9,-22.986637,3.3832066,0.5254247
176.92,53.92987,4.6650753,-0.114105515
176.94,-22.986637,-14.562949,-0.2739881
176.95999,82.77356,-4.14777,-0.114105515
176.98,-32.6012,-0.46239844,0.20565958
177.0,44.315308,-1.4237996,0.20565958
177.01999,-61.44489,2.261572,-0.114105515
177.04,-13.372073,-1.9045002,0.045777034
177.06,25.08618,6.7481112,0.5254247
177.08,68.35171,1.9411048,0.36554214
177.09999,15.471616,2.902506,-0.114105515
177.12,-37.40848,3.0627398,0.045777034
177.14,-22.986637,-5.1091714,0.045777034
177.16,87.58084,-0.7828655,0.045777034
177.18,15.471616,-0.7828655,-0.2739881
177.2,121.23181,13.638155,0.20565958
177.22,-13.372073,17.323528,0.5254247
177.23999,-8.564792,0.018302217,-0.2739881
177.26,53.92987,1.7808713,-0.7536357
177.28,-99.903145,-11.358279,-0.2739881
177.3,15.471616,4.3446083,0.045777034
177.31999,-71.05945,11.074417,0.20565958
177.34,-114.32499,0.018302217,0.045777034
177.36,92.38812,-6.711507,-0.4338706
177.37999,-71.05945,-3.026135,-0.2739881
177.4,-61.44489,-3.026135,0.045777034
177.42,29.893461,10.914185,-0.4338706
177.44,10.664334,6.1071773,0.045777034
177.45999,29.893461,1.6206378,-0.2739881
177.48,15.471616,3.2229733,-0.114105515
177.5,53.92987,-0.14193134,-0.2739881
177.51999,-80.67402,-2.0647337,0.045777034
177.54,5.857053,-7.0319734,-0.59375316
177.56,-66.25217,-7.192207,-0.4338706
177.58,77.96628,4.024141,-0.114105515
177.59999,-143.16867,5.9469438,0.045777034
177.62,87.58084,13.798388,0.20565958
177.64,53.92987,4.504842,-0.4338706
177.65999,10.664334,-1.9045002,-0.2739881
177.68,87.58084,5.466243,-0.2739881
177.7,-128.74683,-0.62263197,-0.114105515
177.72,29.893461,7.228812,-0.114105515
177.73999,15.471616,-1.5840333,-0.4338706
177.76,-47.023045,8.831148,0.20565958
177.78,34.700745,-6.711507,-0.59375316
177.8,34.700745,0.018302217,-0.2739881
177.81999,207.7629,30.302446,0.20565958
177.84,-18.179356,1.7808713,-0.4338706
177.86,-66.25217,-3.026135,-0.59375316
177.87999,5.857053,3.8639073,-0.4338706
177.9,58.737152,0.33876932,-0.2739881
177.92,1.049771,-2.7056682,-0.4338706
177.94,20.278896,-1.7442669,-0.2739881
177.95999,102.002686,-3.9875362,-0.114105515
177.98,29.893461,2.4218054,-0.114105515
178.0,25.08618,0.9797035,-0.4338706
178.01999,-18.179356,5.9469438,-0.114105515
178.04,-37.40848,-2.0647337,0.20565958
178.06,58.737152,4.184375,0.045777034
178.08,-71.05945,-1.7442669,0.045777034
178.09999,126.0391,-3.026135,0.045777034
178.12,-22.986637,7.3890457,0.045777034
178.14,10.664334,1.4604042,0.045777034
178.15999,-32.6012,-7.993375,-0.114105515
178.18,-51.830326,-2.0647337,0.045777034
178.2,-13.372073,-4.7887044,0.20565958
178.22,-138.36139,-10.877579,-0.2739881
178.23999,77.96628,1.7808713,0.5254247
178.26,-42.215763,-4.14777,-0.114105515
178.28,-13.372073,-17.607388,-0.114105515
178.3,106.80997,8.670914,0.36554214
178.31999,1.049771,0.9797035,0.20565958
178.34,92.38812,-5.589872,-0.7536357
178.36,39.508022,8.350447,0.68530726
178.37999,34.700745,3.3832066,0.68530726
178.4,-18.179356,10.433483,0.5254247
178.42,68.35171,-3.6670694,-0.2739881
178.44,-42.215763,2.4218054,0.20565958
178.45999,-8.564792,-1.1033326,-0.114105515
178.48,-51.830326,0.81947,0.045777034
178.5,-13.372073,2.5820389,0.20565958
178.51999,25.08618,1.139937,0.20565958
178.54,63.54443,0.81947,0.20565958
178.56,126.0391,1.7808713,0.045777034
178.58,58.737152,4.6650753,0.045777034
178.59999,20.278896,2.1013381,-0.4338706
178.62,-90.288574,-2.7056682,-0.114105515
178.64,58.737152,10.914185,0.045777034
178.65999,1.049771,-5.429638,-0.2739881
178.68,34.700745,8.190214,0.5254247
178.7,-47.023045,-6.8717403,0.045777034
178.72,1.049771,-0.9430991,-0.4338706
178.73999,44.315308,-0.7828655,-0.2739881
178.76,68.35171,4.3446083,-0.2739881
178.78,-71.05945,-4.3080034,-0.114105515
178.8,-99.903145,-1.1033326,-0.2739881
178.81999,-75.86674,-12.640147,-0.2739881
178.84,-51.830326,-13.922015,-1.0734009
178.86,-51.830326,-8.634309,-0.4338706
178.87999,-37.40848,2.261572,-0.4338706
178.9,39.508022,8.350447,-0.114105515
178.92,-66.25217,-24.657661,-0.4338706
178.94,53.92987,-2.0647337,-0.2739881
178.95999,15.471616,7.0685787,0.045777034
178.98,82.77356,4.504842,-0.2739881
179.0,5.857053,2.7422726,-0.4338706
179.01999,-90.288574,-10.717345,-0.2739881
179.04,-75.86674,-5.589872,-0.4338706
179.06,-104.71042,-14.242482,-0.4338706
179.08,-61.44489,12.8369875,0.045777034
179.09999,-66.25217,-2.7056682,-0.2739881
179.12,49.122585,4.504842,-0.4338706
179.14,-3.7575107,-2.385201,0.045777034
179.15999,20.278896,-9.275244,-0.59375316
179.18,20.278896,11.074417,0.20565958
179.2,1.049771,-0.62263197,-0.59375316
179.22,-56.637608,0.17853576,-0.2739881
179.23999,-61.44489,3.3832066,-0.114105515
179.26,10.664334,4.6650753,-0.2739881
179.28,44.315308,0.81947,-0.2739881
179.3,58.737152,30.142212,0.68530726
179.31999,15.471616,-8.474075,-0.4338706
179.34,29.893461,3.7036738,-0.114105515
179.36,-66.25217,7.0685787,0.20565958
179.37999,-8.564792,-3.026135,-0.114105515
179.4,-22.986637,2.5820389,0.20565958
179.42,5.857053,8.350447,0.20565958
179.44,53.92987,-0.62263197,0.045777034
179.45999,29.893461,-0.30216488,-0.114105515
179.48,15.471616,-0.7828655,-0.2739881
179.5,-22.986637,-6.230806,-0.2739881
179.51999,-71.05945,-9.435476,-0.2739881
179.54,73.159,1.139937,-0.114105515
179.56,-3.7575107,-2.5454345,0.20565958
179.58,-80.67402,-13.281082,-0.4338706
179.59999,10.664334,2.5820389,0.20565958
179.62,-47.023045,6.1071773,-0.114105515
179.64,-13.372073,12.8369875,0.045777034
179.65999,-80.67402,-14.723184,-0.2739881
179.68,53.92987,-7.352441,-0.2739881
179.7,116.42453,4.3446083,-0.114105515
179.72,-22.986637,7.8697467,0.20565958
179.73999,44.315308,-0.7828655,-0.2739881
179.76,-42.215763,2.261572,-0.114105515
179.78,106.80997,-6.711507,-0.2739881
179.8,-8.564792,6.2674108,0.045777034
179.81999,-18.179356,-1.7442669,-0.59375316
179.84,126.0391,14.1188545,-0.2739881
179.86,-42.215763,-11.037811,0.045777034
179.87999,164.49734,13.958622,0.045777034
179.9,-22.986637,-5.589872,-0.2739881
179.92,10.664334,5.9469438,-0.114105515
179.94,-22.986637,-3.3466022,-0.59375316
179.95999,-22.986637,8.670914,-0.2739881
179.98,178.91919,16.842825,0.20565958
180.0,-47.023045,-10.076411,-0.114105515
180.01999,49.122585,95.19707,-0.4338706
180.04,-42.215763,-18.889254,-0.59375316
180.06,-128.74683,-16.645985,1.0050724
180.08,380.82504,9.632316,0.20565958
180.09999,121.23181,-3.5068357,1.9643677
180.12,63.54443,4.504842,2.7637806
180.14,-27.793919,-6.0705724,3.0835457
180.15999,-220.08519,37.352726,3.4033108
180.18,44.315308,11.875586,4.362606
180.2,10.664334,3.8639073,2.6038978
180.22,10.664334,-0.14193134,2.6038978
180.23999,-3.7575107,4.024141,3.0835457
180.26,10.664334,2.4218054,2.7637806
180.28,-27.793919,-2.8659017,2.7637806
180.3,63.54443,8.350447,2.7637806
180.31999,-22.986637,1.7808713,2.923663
180.34,-71.05945,-4.948938,2.923663
180.36,-85.48129,-6.8717403,2.7637806
180.37999,63.54443,5.78671,3.2434282
180.4,82.77356,5.6264763,2.6038978
180.42,97.195404,4.024141,3.0835457
180.44,39.508022,-2.0647337,2.6038978
180.45999,-8.564792,4.024141,3.2434282
180.48,169.30463,9.792548,3.0835457
180.5,-99.903145,-2.5454345,2.923663
180.51999,15.471616,8.190214,3.2434282
180.54,53.92987,11.234652,3.0835457
180.56,34.700745,8.991381,2.6038978
180.58,44.315308,2.5820389,2.7637806
180.59999,97.195404,6.5878778,2.4440153
180.62,121.23181,0.6592364,2.4440153
180.64,-42.215763,-3.9875362,2.4440153
180.65999,-3.7575107,6.1071773,2.6038978
180.68,-13.372073,13.477921,3.0835457
180.7,34.700745,4.504842,2.4440153
180.72,53.92987,-2.385201,2.7637806
180.73999,34.700745,-0.14193134,2.7637806
180.76,-3.7575107,-4.7887044,2.6038978
180.78,25.08618,11.394884,2.6038978
180.8,-32.6012,-5.1091714,2.6038978
180.81999,49.122585,-3.9875362,2.284133
180.84,20.278896,-0.46239844,2.4440153
180.86,-13.372073,3.2229733,2.6038978
180.87999,-56.637608,9.151615,2.7637806
180.9,-75.86674,-6.230806,2.4440153
180.92,-90.288574,-1.1033326,2.7637806
180.94,-109.5177,-7.833141,2.923663
180.95999,5.857053,-0.30216488,2.6038978
180.98,34.700745,-3.1863687,2.284133
181.0,1.049771,9.151615,3.2434282
181.01999,53.92987,3.0627398,2.7637806
181.04,44.315308,-6.711507,2.6038978
181.06,-90.288574,0.81947,2.7637806
181.08,20.278896,7.0685787,2.7637806
181.09999,-147.97597,-3.1863687,3.2434282
181.12,25.08618,-7.352441,2.923663
181.14,-42.215763,4.024141,3.0835457
181.15999,-42.215763,-3.026135,3.2434282
181.18,-22.986637,0.018302217,3.4033108
181.2,-37.40848,2.261572,3.0835457
181.22,-8.564792,6.2674108,3.0835457
181.23999,44.315308,9.952783,3.2434282
181.26,111.61725,9.472081,3.4033108
181.28,-66.25217,2.4218054,3.4033108
181.3,77.96628,17.00306,3.0835457
181.31999,-90.288574,3.0627398,2.923663
181.34,5.857053,-0.62263197,3.2434282
181.36,-13.372073,8.991381,3.0835457
181.37999,-27.793919,-0.9430991,3.0835457
181.4,-51.830326,2.902506,3.4033108
181.42,-22.986637,-3.026135,2.6038978
181.44,-143.16867,1.6206378,3.2434282
181.45999,-3.7575107,4.3446083,3.0835457
181.48,-22.986637,11.074417,3.5631933
181.5,-138.36139,-8.313842,2.7637806
181.51999,20.278896,4.9855423,3.4033108
181.54,73.159,0.33876932,2.923663
181.56,-80.67402,-9.275244,3.2434282
181.58,-32.6012,-3.6670694,3.2434282
181.59999,20.278896,0.9797035,2.923663
181.62,53.92987,7.709513,3.4033108
181.64,5.857053,4.6650753,3.0835457
181.65999,-248.92886,-25.93953,3.2434282
181.68,44.315308,9.792548,3.4033108
181.7,-109.5177,-4.3080034,3.4033108
181.72,-90.288574,-0.30216488,3.5631933
181.73999,-18.179356,-0.9430991,2.923663
181.76,-157.59052,5.466243,3.5631933
181.78,-80.67402,-4.948938,3.4033108
181.8,77.96628,15.881425,3.2434282
181.81999,-143.16867,2.261572,3.2434282
181.84,-13.372073,0.81947,2.923663
181.86,-71.05945,-0.46239844,3.8829584
181.87999,-61.44489,0.49900287,3.4033108
181.9,-32.6012,3.0627398,3.0835457
181.92,87.58084,5.466243,2.923663
181.94,-27.793919,-3.5068357,3.5631933
181.95999,68.35171,2.902506,3.5631933
181.98,-8.564792,6.1071773,3.5631933
182.0,-75.86674,10.27325,3.4033108
182.01999,-128.74683,1.7808713,3.5631933
182.04,25.08618,3.7036738,3.5631933
182.06,20.278896,0.49900287,3.2434282
182.08,-27.793919,0.49900287,3.2434282
182.09999,-42.215763,4.024141,4.042841
182.12,58.737152,4.184375,3.4033108
182.14,-8.564792,6.5878778,3.8829584
182.15999,5.857053,11.074417,3.7230759
182.18,49.122585,13.477921,3.4033108
182.2,-61.44489,2.7422726,3.7230759
182.22,-13.372073,3.5434403,3.7230759
182.23999,-61.44489,-0.30216488,3.7230759
182.26,5.857053,-0.30216488,3.2434282
182.28,178.91919,8.991381,3.7230759
182.3,-90.288574,-2.385201,3.2434282
182.31999,10.664334,7.3890457,3.2434282
182.34,-181.62692,-1.7442669,3.2434282
182.36,-13.372073,2.7422726,3.5631933
182.37999,5.857053,10.593717,3.7230759
182.4,-42.215763,-13.761782,3.5631933
182.42,-56.637608,6.2674108,3.7230759
182.44,-123.93955,-2.5454345,3.7230759
182.45999,-47.023045,6.7481112,3.7230759
182.48,-119.13227,0.49900287,3.5631933
182.5,-75.86674,0.49900287,3.5631933
182.51999,-71.05945,7.0685787,4.042841
182.54,-22.986637,1.3001705,3.5631933
182.56,-66.25217,-1.2635663,3.5631933
182.58,-47.023045,1.7808713,3.5631933
182.59999,-37.40848,12.676753,3.5631933
182.62,-22.986637,6.7481112,3.5631933
182.64,-3.7575107,-2.0647337,3.2434282
182.65999,-3.7575107,4.825309,3.5631933
182.68,-234.50702,5.3060093,3.4033108
182.7,-13.372073,5.466243,3.5631933
182.72,-95.09586,4.184375,3.8829584
182.73999,-133.55412,-2.5454345,3.8829584
182.76,-18.179356,-1.4237996,3.4033108
182.78,-8.564792,8.670914,3.4033108
182.8,-114.32499,-0.46239844,3.5631933
182.81999,-56.637608,1.7808713,4.042841
182.84,-95.09586,2.4218054,3.7230759
182.86,-51.830326,-1.1033326,3.4033108
182.87999,-66.25217,-1.2635663,3.5631933
182.9,-27.793919,1.139937,3.7230759
182.92,-71.05945,0.17853576,4.362606
182.94,-51.830326,1.9411048,3.7230759
182.95999,-109.5177,0.6592364,4.2027235
182.98,-167.20508,-1.5840333,3.7230759
183.0,-167.20508,6.7481112,4.2027235
183.01999,-42.215763,-6.711507,3.2434282
183.04,-99.903145,0.6592364,4.2027235
183.06,-42.215763,5.6264763,4.2027235
183.08,-32.6012,0.9797035,3.5631933
183.09999,-75.86674,8.510681,4.042841
183.12,15.471616,7.3890457,4.042841
183.14,-119.13227,5.145776,4.2027235
183.15999,-66.25217,5.9469438,4.042841
183.18,29.893461,13.477921,3.8829584
183.2,53.92987,7.8697467,4.042841
183.22,-32.6012,2.7422726,3.7230759
183.23999,-99.903145,8.02998,4.042841
183.26,-263.3507,-5.589872,3.8829584
183.28,-128.74683,-1.4237996,3.8829584
183.3,87.58084,19.086096,4.042841
183.31999,-61.44489,3.2229733,3.8829584
183.34,-104.71042,5.6264763,3.8829584
183.36,10.664334,4.024141,4.042841
183.37999,39.508022,2.7422726,4.362606
183.4,-32.6012,11.074417,4.362606
183.42,145.26822,17.163294,3.8829584
183.44,-18.179356,-1.1033326,3.8829584
183.45999,-75.86674,5.3060093,4.2027235
183.48,-3.7575107,-4.14777,3.8829584
183.5,-99.903145,0.33876932,4.2027235
183.51999,-138.36139,5.145776,4.042841
183.54,-47.023045,5.78671,4.2027235
183.56,-80.67402,0.81947,3.5631933
183.58,-71.05945,3.2229733,4.2027235
183.59999,-51.830326,0.9797035,4.042841
183.62,-71.05945,14.599556,4.042841
183.64,-95.09586,1.139937,4.042841
183.65999,34.700745,5.9469438,3.8829584
183.68,-47.023045,1.3001705,3.2434282
183.7,-27.793919,17.643993,3.8829584
183.72,29.893461,5.9469438,4.2027235
183.73999,-32.6012,4.825309,4.362606
183.76,-90.288574,10.593717,4.042841
183.78,-51.830326,0.33876932,4.042841
183.8,-47.023045,5.9469438,4.042841
183.81999,5.857053,2.261572,3.8829584
183.84,-123.93955,4.024141,4.362606
183.86,-42.215763,7.549279,4.2027235
183.87999,63.54443,9.792548,4.2027235
183.9,-66.25217,-0.46239844,3.7230759
183.92,-80.67402,1.139937,4.2027235
183.94,-119.13227,-1.7442669,3.8829584
183.95999,106.80997,13.638155,4.042841
183.98,-99.903145,10.27325,4.2027235
184.0,-47.023045,2.1013381,3.8829584
184.01999,-27.793919,12.99722,4.5224886
184.04,-42.215763,2.7422726,3.4033108
184.06,15.471616,20.848665,4.2027235
184.08,-123.93955,3.8639073,3.8829584
184.09999,-32.6012,6.2674108,4.362606
184.12,-205.66333,-14.562949,4.042841
184.14,-80.67402,3.3832066,4.2027235
184.15999,-71.05945,9.952783,3.8829584
184.18,-109.5177,-5.589872,4.362606
184.2,-109.5177,3.3832066,4.2027235
184.22,-109.5177,0.17853576,4.5224886
184.23999,10.664334,16.041658,4.6823716
184.26,-71.05945,9.792548,4.2027235
184.28,-306.61624,-18.088087,3.8829584
184.3,-18.179356,4.184375,4.5224886
184.31999,-104.71042,0.33876932,4.2027235
184.34,-176.81964,0.17853576,4.362606
184.36,-172.01237,-1.2635663,4.042841
184.37999,-61.44489,10.593717,4.5224886
184.4,-13.372073,3.8639073,4.2027235
184.42,-18.179356,4.6650753,3.8829584
184.44,-181.62692,-11.999213,3.8829584
184.45999,-71.05945,8.190214,3.8829584
184.48,-32.6012,11.555119,4.042841
184.5,-147.97597,3.5434403,4.042841
184.51999,-75.86674,4.184375,4.362606
184.54,-119.13227,6.5878778,4.2027235
184.56,-119.13227,-1.9045002,3.8829584
184.58,-147.97597,3.2229733,4.362606
184.59999,-157.59052,4.3446083,4.5224886
184.62,-71.05945,2.4218054,4.2027235
184.64,-109.5177,6.1071773,4.2027235
184.65999,-186.4342,0.6592364,4.2027235
184.68,-128.74683,1.139937,4.362606
184.7,-75.86674,0.33876932,4.042841
184.72,-176.81964,8.510681,4.362606
184.73999,-138.36139,0.81947,4.5224886
184.76,-205.66333,-3.5068357,4.042841
184.78,-191.24149,7.0685787,4.5224886
184.8,-71.05945,4.6650753,4.5224886
184.81999,-51.830326,-0.14193134,4.042841
184.84,-47.023045,9.311849,4.042841
184.86,-123.93955,6.908345,3.8829584
184.87999,-176.81964,-1.4237996,4.042841
184.9,-167.20508,5.3060093,4.362606
184.92,-143.16867,10.27325,4.362606
184.94,-85.48129,1.4604042,4.362606
184.95999,-297.00168,-2.7056682,4.2027235
184.98,-119.13227,8.510681,4.362606
185.0,-95.09586,10.75395,4.362606
185.01999,-172.01237,-6.5512733,3.8829584
185.04,-90.288574,5.6264763,4.042841
185.06,-8.564792,1.9411048,4.362606
185.08,-13.372073,3.7036738,4.042841
185.09999,-176.81964,0.17853576,3.8829584
185.12,-196.04878,0.9797035,3.7230759
185.14,-181.62692,2.4218054,4.5224886
185.15999,-104.71042,1.9411048,4.362606
185.18,-80.67402,18.124695,4.362606
185.2,-128.74683,7.549279,4.2027235
185.22,-109.5177,11.715352,4.5224886
185.23999,-176.81964,-9.755944,3.7230759
185.26,-172.01237,8.670914,3.8829584
185.28,-47.023045,4.184375,4.042841
185.3,-27.793919,14.599556,3.8829584
185.31999,-119.13227,2.902506,3.8829584
185.34,-32.6012,10.113016,4.2027235
185.36,-215.2779,-1.5840333,4.362606
185.37999,-71.05945,8.350447,3.7230759
185.4,-152.78323,5.9469438,4.362606
185.42,-167.20508,0.018302217,4.042841
185.44,-123.93955,11.074417,4.6823716
185.45999,-42.215763,5.3060093,4.2027235
185.48,-95.09586,4.504842,3.8829584
185.5,-220.08519,4.825309,4.042841
185.51999,-220.08519,1.9411048,4.5224886
185.54,-42.215763,7.3890457,4.042841
185.56,-123.93955,7.228812,3.8829584
185.58,-196.04878,-5.2694044,3.8829584
185.59999,-47.023045,8.190214,4.2027235
185.62,-51.830326,8.670914,4.042841
185.64,-200.85605,-1.7442669,4.042841
185.65999,-167.20508,5.466243,4.2027235
185.68,-152.78323,3.8639073,3.8829584
185.7,97.195404,11.875586,4.042841
185.72,-138.36139,4.825309,4.042841
185.73999,-133.55412,8.510681,3.8829584
185.76,-191.24149,4.825309,4.2027235
185.78,-172.01237,11.555119,4.5224886
185.8,-75.86674,14.279089,4.2027235
185.81999,-224.89246,2.261572,4.042841
185.84,-234.50702,-3.9875362,3.5631933
185.86,-51.830326,3.5434403,4.2027235
185.87999,-152.78323,-0.7828655,3.7230759
185.9,-162.3978,-6.230806,3.5631933
185.92,-157.59052,2.4218054,3.8829584
185.94,-162.3978,4.3446083,4.042841
185.95999,49.122585,1.7808713,3.5631933
185.98,-224.89246,6.908345,4.042841
186.0,-51.830326,13.317687,4.042841
186.01999,-181.62692,6.1071773,3.8829584
186.04,-128.74683,0.17853576,4.042841
186.06,-220.08519,18.605394,4.042841
186.08,-75.86674,6.908345,3.8829584
186.09999,-143.16867,-0.14193134,3.5631933
186.12,-272.96527,-7.833141,3.4033108
186.14,-32.6012,4.3446083,3.7230759
186.15999,-253.73613,-0.14193134,3.5631933
186.18,-99.903145,7.0685787,3.7230759
186.2,-90.288574,2.902506,3.5631933
186.22,-104.71042,6.7481112,3.8829584
186.23999,-215.2779,2.1013381,3.8829584
186.26,-277.77255,1.139937,3.7230759
186.28,-71.05945,3.8639073,3.7230759
186.3,-114.32499,1.9411048,3.7230759
186.31999,-143.16867,6.1071773,3.4033108
186.34,-99.903145,10.914185,3.7230759
186.36,-172.01237,0.33876932,3.7230759
186.37999,-196.04878,3.7036738,3.7230759
186.4,-196.04878,0.49900287,3.7230759
186.42,-239.31432,-5.2694044,3.5631933
186.44,-224.89246,4.024141,3.2434282
186.45999,-147.97597,-1.4237996,3.8829584
186.48,-176.81964,5.78671,3.5631933
186.5,-143.16867,1.7808713,3.5631933
186.51999,-147.97597,4.184375,3.7230759
186.54,-104.71042,1.139937,3.5631933
186.56,-138.36139,8.831148,3.7230759
186.58,-162.3978,1.7808713,3.7230759
186.59999,-85.48129,11.074417,4.2027235
186.62,1.049771,9.632316,3.7230759
186.64,-205.66333,6.5878778,4.042841
186.65999,-220.08519,2.5820389,3.8829584
186.68,-133.55412,1.4604042,3.7230759
186.7,-397.95456,-9.275244,3.5631933
186.72,-220.08519,5.466243,4.042841
186.73999,-172.01237,4.9855423,4.2027235
186.76,-8.564792,15.24049,4.042841
186.78,-157.59052,2.902506,3.7230759
186.8,-186.4342,4.6650753,3.7230759
186.81999,-162.3978,-1.2635663,3.5631933
186.84,-172.01237,1.6206378,3.8829584
186.86,-114.32499,7.549279,3.7230759
186.87999,-143.16867,6.1071773,3.4033108
186.9,-205.66333,12.035819,3.5631933
186.92,10.664334,10.593717,3.8829584
186.94,-133.55412,4.504842,3.8829584
186.95999,-157.59052,-4.6284704,3.7230759
186.98,-229.69974,4.9855423,3.8829584
187.0,-239.31432,1.9411048,3.7230759
187.01999,-138.36139,6.5878778,3.5631933
187.04,-210.47061,0.33876932,3.7230759
187.06,-196.04878,-0.9430991,4.042841
187.08,-167.20508,-9.435476,3.5631933
187.09999,-210.47061,7.228812,4.042841
187.12,-99.903145,4.024141,3.8829584
187.14,-123.93955,8.831148,3.7230759
187.15999,-335.45993,2.4218054,3.8829584
187.18,-162.3978,4.3446083,3.8829584
187.2,-200.85605,7.8697467,4.042841
187.22,-162.3978,10.27325,4.362606
187.23999,-162.3978,1.139937,3.8829584
187.26,-143.16867,7.228812,3.7230759
187.28,-321.0381,-4.3080034,3.7230759
187.3,-66.25217,9.472081,4.042841
187.31999,-123.93955,-2.0647337,3.7230759
187.34,-172.01237,-1.2635663,3.4033108
187.36,-224.89246,4.184375,4.042841
187.37999,-200.85605,4.3446083,4.042841
187.4,-123.93955,-1.1033326,4.362606
187.42,-123.93955,10.593717,4.362606
187.44,-311.42352,-7.993375,3.8829584
187.45999,-114.32499,16.20189,4.5224886
187.48,-104.71042,1.139937,4.042841
187.5,-263.3507,-0.14193134,3.7230759
187.51999,-143.16867,3.7036738,4.2027235
187.54,-172.01237,8.831148,4.362606
187.56,-191.24149,7.3890457,3.8829584
187.58,-234.50702,1.3001705,4.2027235
187.59999,-196.04878,19.406563,4.5224886
187.62,-133.55412,2.261572,4.042841
187.64,-162.3978,3.3832066,3.8829584
187.65999,-167.20508,1.3001705,4.362606
187.68,-272.96527,-2.8659017,3.8829584
187.7,-186.4342,0.17853576,4.2027235
187.72,-95.09586,20.528198,4.042841
187.73999,-239.31432,-6.711507,3.8829584
187.76,-176.81964,4.9855423,4.042841
187.78,-119.13227,12.356286,4.042841
187.8,-345.0745,-0.14193134,3.7230759
187.81999,-162.3978,2.1013381,4.042841
187.84,-239.31432,8.02998,4.042841
187.86,-47.023045,9.151615,4.362606
187.87999,-181.62692,8.190214,4.362606
187.9,-196.04878,0.018302217,4.042841
187.92,-196.04878,4.504842,3.7230759
187.94,-181.62692,3.8639073,4.042841
187.95999,-186.4342,1.7808713,3.8829584
187.98,-181.62692,-1.4237996,3.7230759
188.0,-162.3978,19.246328,4.6823716
188.01999,-172.01237,9.952783,4.042841
188.04,-268.158,-1.7442669,3.8829584
188.06,-229.69974,-3.6670694,3.5631933
188.08,-196.04878,0.9797035,3.8829584
188.09999,-224.89246,0.018302217,3.7230759
188.12,-66.25217,14.920023,4.042841
188.14,-301.80896,9.472081,4.042841
188.15999,-114.32499,2.7422726,3.7230759
188.18,-224.89246,0.17853576,3.8829584
188.2,-200.85605,4.024141,4.362606
188.22,-147.97597,-1.1033326,3.2434282
188.23999,-66.25217,4.825309,3.7230759
188.26,-287.38712,0.6592364,3.5631933
188.28,-147.97597,12.196053,3.8829584
188.3,-119.13227,5.6264763,3.4033108
188.31999,-138.36139,10.914185,3.8829584
188.34,-239.31432,0.17853576,3.8829584
188.36,-51.830326,8.510681,3.4033108
188.37999,-224.89246,2.4218054,3.7230759
188.4,-119.13227,10.593717,3.5631933
188.42,-234.50702,-5.1091714,3.5631933
188.44,-373.91818,-26.42023,3.5631933
188.45999,-147.97597,10.113016,4.2027235
188.48,-224.89246,8.831148,3.5631933
188.5,-147.97597,8.991381,3.8829584
188.51999,-272.96527,0.33876932,3.5631933
188.54,-143.16867,2.902506,3.4033108
188.56,-215.2779,1.3001705,3.5631933
188.58,-349.88177,-13.601548,3.5631933
188.59999,-248.92886,8.190214,3.8829584
188.62,-224.89246,1.6206378,3.7230759
188.64,-181.62692,11.555119,4.2027235
188.65999,-123.93955,10.75395,4.042841
188.68,-99.903145,14.599556,4.362606
188.7,-277.77255,4.825309,4.2027235
188.72,-224.89246,4.184375,4.042841
188.73999,-157.59052,7.8697467,4.362606
188.76,-191.24149,3.2229733,4.042841
188.78,-244.12158,7.0685787,3.8829584
188.8,-229.69974,0.9797035,3.8829584
188.81999,-147.97597,2.5820389,3.7230759
188.84,-316.2308,-21.933691,3.2434282
188.86,-71.05945,5.3060093,4.042841
188.87999,-200.85605,3.5434403,4.362606
188.9,-95.09586,17.00306,4.042841
188.92,-205.66333,8.510681,4.042841
188.94,-277.77255,1.139937,3.7230759
188.95999,-22.986637,23.732868,3.7230759
188.98,-282.57983,-1.1033326,3.0835457
189.0,-200.85605,3.5434403,3.7230759
189.01999,-268.158,5.78671,3.8829584
189.04,-345.0745,4.504842,4.042841
189.06,-186.4342,6.908345,3.8829584
189.08,-321.0381,-6.5512733,4.042841
189.09999,-292.1944,1.139937,4.042841
189.12,-335.45993,0.81947,4.2027235
189.14,-258.54343,4.6650753,4.042841
189.15999,-138.36139,8.190214,4.042841
189.18,-152.78323,5.466243,4.042841
189.2,-186.4342,5.9469438,4.2027235
189.22,-229.69974,8.510681,4.5224886
189.23999,-239.31432,1.9411048,3.8829584
189.26,-186.4342,0.9797035,4.042841
189.28,-37.40848,25.815907,4.042841
189.3,-215.2779,-1.4237996,4.042841
189.31999,-224.89246,10.113016,3.8829584
189.34,-369.1109,3.5434403,3.8829584
189.36,-200.85605,7.3890457,3.8829584
189.37999,-340.2672,-2.385201,3.5631933
189.4,-282.57983,0.81947,3.5631933
189.42,-287.38712,-10.396878,3.5631933
189.44,-325.84537,3.3832066,3.8829584
189.45999,-162.3978,3.5434403,3.7230759
189.48,-359.49634,3.7036738,4.042841
189.5,-152.78323,4.184375,3.7230759
189.51999,-263.3507,3.0627398,4.042841
189.54,-234.50702,6.1071773,4.362606
189.56,-224.89246,2.5820389,3.5631933
189.58,-234.50702,4.024141,3.8829584
189.59999,-244.12158,1.4604042,3.7230759
189.62,-306.61624,9.952783,4.2027235
189.64,-215.2779,4.825309,3.8829584
189.65999,-258.54343,8.02998,4.042841
189.68,-306.61624,3.3832066,4.042841
189.7,-234.50702,2.7422726,3.7230759
189.72,-186.4342,5.78671,3.5631933
189.73999,-268.158,0.9797035,3.7230759
189.76,-220.08519,0.6592364,4.042841
189.78,-200.85605,9.632316,4.042841
189.8,-306.61624,2.4218054,3.7230759
189.81999,-272.96527,-2.0647337,4.042841
189.84,-147.97597,11.394884,3.8829584
189.86,-239.31432,3.5434403,4.042841
189.87999,-244.12158,11.394884,4.2027235
189.9,-325.84537,-1.5840333,3.5631933
189.92,-248.92886,0.81947,3.7230759
189.94,-335.45993,-3.3466022,4.042841
189.95999,-200.85605,1.3001705,3.7230759
189.98,-316.2308,4.6650753,4.042841
190.0,-282.57983,0.9797035,3.7230759
190.01999,-282.57983,-0.9430991,3.5631933
190.04,-282.57983,7.3890457,4.042841
190.06,-263.3507,8.510681,3.8829584
190.08,-297.00168,5.78671,4.2027235
190.09999,-205.66333,11.234652,4.042841
190.12,-123.93955,12.8369875,3.5631933
190.14,-373.91818,-1.9045002,3.7230759
190.15999,-248.92886,0.81947,3.8829584
190.18,-253.73613,-2.385201,4.042841
190.2,-277.77255,-2.385201,3.5631933
190.22,-297.00168,1.6206378,3.8829584
190.23999,-181.62692,15.560958,4.042841
190.26,-181.62692,16.20189,4.042841
190.28,-325.84537,-8.954777,3.4033108
190.3,-229.69974,7.228812,3.7230759
190.31999,-119.13227,-6.5512733,3.8829584
190.34,-330.65265,3.5434403,3.7230759
190.36,-321.0381,1.6206378,3.7230759
190.37999,-229.69974,1.139937,4.042841
190.4,-287.38712,1.6206378,4.042841
190.42,-157.59052,16.52236,3.5631933
190.44,-277.77255,2.902506,4.042841
190.45999,-51.830326,16.20189,4.042841
190.48,-224.89246,-0.62263197,4.042841
190.5,-306.61624,2.902506,3.8829584
190.51999,-335.45993,-0.30216488,4.2027235
190.54,-205.66333,-0.14193134,3.5631933
190.56,-229.69974,2.5820389,3.7230759
190.58,-268.158,1.4604042,3.7230759
190.59999,-258.54343,4.024141,3.8829584
190.62,-316.2308,-13.281082,3.7230759
190.64,-176.81964,11.715352,3.8829584
190.65999,-282.57983,12.51652,4.2027235
190.68,-224.89246,9.472081,4.2027235
190.7,-282.57983,5.3060093,3.8829584
190.72,-306.61624,0.49900287,4.2027235
190.73999,-210.47061,7.3890457,4.362606
190.76,-282.57983,0.49900287,3.8829584
190.78,-268.158,5.9469438,3.8829584
190.8,-349.88177,9.311849,4.362606
190.81999,-191.24149,-0.46239844,3.7230759
190.84,-234.50702,7.3890457,3.7230759
190.86,-393.1473,0.81947,3.8829584
190.87999,-253.73613,3.7036738,4.2027235
190.9,-330.65265,-5.2694044,3.7230759
190.92,-345.0745,7.709513,4.2027235
190.94,-345.0745,2.4218054,3.8829584
190.95999,-297.00168,4.024141,4.042841
190.98,-287.38712,7.0685787,4.2027235
191.0,-224.89246,10.27325,3.8829584
191.01999,-345.0745,-0.14193134,3.7230759
191.04,-176.81964,-2.0647337,3.5631933
191.06,-224.89246,8.190214,3.7230759
191.08,-340.2672,4.024141,4.042841
191.09999,-378.72546,-12.31968,3.4033108
191.12,-393.1473,1.139937,3.7230759
191.14,-383.53275,-1.9045002,3.7230759
191.15999,-335.45993,-1.9045002,3.2434282
191.18,-220.08519,7.8697467,3.8829584
191.2,-393.1473,2.4218054,3.4033108
191.22,-316.2308,8.510681,3.5631933
191.23999,-354.68906,-12.159447,3.5631933
191.26,-340.2672,3.8639073,3.5631933
191.28,-325.84537,7.549279,3.7230759
191.3,-513.32935,-5.429638,4.362606
191.31999,-383.53275,4.6650753,3.5631933
191.34,-321.0381,-0.30216488,3.5631933
191.36,-349.88177,-3.827303,3.7230759
191.37999,-272.96527,5.78671,3.8829584
191.4,-340.2672,2.4218054,3.7230759
191.42,-277.77255,4.024141,3.8829584
191.44,-369.1109,-4.7887044,3.4033108
191.45999,-244.12158,10.27325,4.042841
191.48,-268.158,4.9855423,3.8829584
191.5,-383.53275,2.1013381,4.042841
191.51999,-311.42352,4.024141,3.7230759
191.54,-335.45993,-0.7828655,4.042841
191.56,-393.1473,0.018302217,3.7230759
191.58,-56.637608,10.593717,3.8829584
191.59999,-311.42352,2.5820389,3.5631933
191.62,-244.12158,2.1013381,3.7230759
191.64,-306.61624,0.33876932,3.7230759
191.65999,-292.1944,6.5878778,3.8829584
191.68,-369.1109,6.2674108,3.8829584
191.7,-441.22012,0.018302217,3.7230759
191.72,-311.42352,4.9855423,3.8829584
191.73999,-248.92886,5.6264763,3.7230759
191.76,-359.49634,-2.5454345,3.7230759
191.78,-325.84537,12.8369875,3.8829584
191.8,-354.68906,0.33876932,3.7230759
191.81999,-311.42352,6.5878778,3.7230759
191.84,-383.53275,1.4604042,4.042841
191.86,-369.1109,7.549279,3.8829584
191.87999,-393.1473,-6.230806,4.042841
191.9,-345.0745,2.261572,3.8829584
191.92,-263.3507,0.9797035,3.7230759
191.94,-369.1109,4.825309,3.7230759
191.95999,-340.2672,2.902506,3.2434282
191.98,-258.54343,4.024141,3.7230759
192.0,-272.96527,5.3060093,3.5631933
192.01999,-446.02737,2.7422726,3.5631933
192.04,-181.62692,11.555119,3.5631933
192.06,-378.72546,1.139937,3.4033108
192.08,-258.54343,12.51652,3.7230759
192.09999,-258.54343,10.593717,3.7230759
192.12,-239.31432,5.78671,3.8829584
192.14,-455.64197,0.6592364,3.7230759
192.15999,-402.76187,-0.62263197,3.5631933
192.18,-349.88177,-7.192207,3.2434282
192.2,-532.5585,-2.2249672,3.5631933
192.22,-316.2308,0.33876932,3.7230759
192.23999,-359.49634,4.825309,3.7230759
192.26,-354.68906,4.3446083,3.7230759
192.28,-321.0381,8.02998,3.5631933
192.3,-282.57983,7.709513,3.2434282
192.31999,-330.65265,9.792548,3.8829584
192.34,-287.38712,11.555119,3.5631933
192.36,-268.158,12.51652,3.8829584
192.37999,-321.0381,0.49900287,3.5631933
192.4,-426.79828,-9.59571,3.8829584
192.42,-253.73613,4.9855423,3.4033108
192.44,-397.95456,0.49900287,3.7230759
192.45999,-431.60556,3.5434403,3.8829584
192.48,-373.91818,4.3446083,3.4033108
192.5,-349.88177,9.632316,3.5631933
192.51999,-354.68906,5.3060093,4.042841
192.54,-282.57983,12.51652,3.5631933
192.56,-364.30362,3.3832066,3.4033108
192.58,-388.34003,3.7036738,3.5631933
192.59999,-359.49634,9.952783,3.8829584
192.62,-393.1473,-4.6284704,3.5631933
192.64,-321.0381,6.2674108,3.4033108
192.65999,-364.30362,2.261572,3.4033108
192.68,-321.0381,-8.153608,3.5631933
192.7,-402.76187,-5.429638,3.5631933
192.72,-369.1109,3.5434403,3.7230759
192.73999,-321.0381,2.261572,3.7230759
192.76,-191.24149,9.792548,3.7230759
192.78,-407.56915,3.5434403,3.4033108
192.8,-311.42352,1.9411048,3.4033108
192.81999,-220.08519,7.3890457,3.5631933
192.84,-349.88177,1.9411048,3.4033108
192.86,-397.95456,0.49900287,3.4033108
192.87999,-335.45993,-0.62263197,3.5631933
192.9,-277.77255,6.2674108,3.7230759
192.92,-191.24149,21.9703,3.5631933
192.94,-364.30362,0.33876932,3.0835457
192.95999,-397.95456,-2.5454345,3.4033108
192.98,-436.41284,-11.037811,3.7230759
193.0,-431.60556,0.81947,3.4033108
193.01999,-359.49634,2.261572,3.2434282
193.04,-345.0745,8.350447,3.4033108
193.06,-335.45993,2.4218054,3.0835457
193.08,-297.00168,1.139937,3.2434282
193.09999,-239.31432,14.1188545,3.2434282
193.12,-244.12158,8.510681,3.7230759
193.14,-292.1944,6.4276443,2.923663
193.15999,-301.80896,1.6206378,3.4033108
193.18,-297.00168,6.5878778,3.4033108
193.2,-349.88177,20.68843,3.5631933
193.22,-258.54343,8.350447,3.4033108
193.23999,-383.53275,6.5878778,3.0835457
193.26,-364.30362,10.914185,3.4033108
193.28,-450.8347,4.6650753,3.0835457
193.3,-383.53275,0.9797035,3.0835457
193.31999,-277.77255,14.439322,3.4033108
193.34,-431.60556,-7.833141,3.2434282
193.36,-412.37643,-3.1863687,3.4033108
193.37999,-378.72546,-3.6670694,2.923663
193.4,-373.91818,10.75395,3.0835457
193.42,-325.84537,5.9469438,3.2434282
193.44,-297.00168,14.1188545,3.5631933
193.45999,-436.41284,0.33876932,3.5631933
193.48,-446.02737,-3.3466022,3.2434282
193.5,-258.54343,17.96446,3.5631933
193.51999,-388.34003,0.018302217,3.2434282
193.54,-436.41284,3.7036738,3.5631933
193.56,-417.18372,-1.4237996,3.2434282
193.58,-316.2308,5.78671,3.4033108
193.59999,-426.79828,6.1071773,3.8829584
193.62,-378.72546,4.024141,3.7230759
193.64,-330.65265,3.7036738,3.4033108
193.65999,-484.48563,2.1013381,3.4033108
193.68,-546.9803,-7.352441,3.2434282
193.7,-330.65265,6.1071773,3.4033108
193.72,-446.02737,-3.5068357,3.2434282
193.73999,-359.49634,5.6264763,3.4033108
193.76,-330.65265,-0.30216488,3.2434282
193.78,-354.68906,-0.62263197,3.0835457
193.8,-378.72546,1.6206378,3.0835457
193.81999,-450.8347,-2.7056682,3.2434282
193.84,-402.76187,5.145776,3.5631933
193.86,-494.10022,-4.6284704,2.4440153
193.87999,-364.30362,-0.46239844,3.0835457
193.9,-465.25653,0.9797035,3.5631933
193.92,-349.88177,9.792548,3.4033108
193.94,-354.68906,10.433483,3.8829584
193.95999,-123.93955,20.367966,3.8829584
193.98,-378.72546,9.792548,3.5631933
194.0,-431.60556,-0.7828655,2.923663
194.01999,-402.76187,0.17853576,3.0835457
194.04,-450.8347,0.81947,3.5631933
194.06,-426.79828,0.49900287,3.5631933
194.08,-460.44922,-1.1033326,3.2434282
194.09999,-503.71478,-6.8717403,3.4033108
194.12,-383.53275,-1.7442669,3.4033108
194.14,-378.72546,13.157454,3.2434282
194.15999,-345.0745,4.825309,2.923663
194.18,-436.41284,7.228812,3.5631933
194.2,-354.68906,-3.1863687,3.0835457
194.22,-407.56915,8.190214,3.4033108
194.23999,-417.18372,-2.385201,3.2434282
194.26,-354.68906,9.952783,3.0835457
194.28,-431.60556,-5.2694044,2.7637806
194.3,-407.56915,-7.833141,2.923663
194.31999,-248.92886,5.466243,3.2434282
194.34,-465.25653,-4.948938,3.4033108
194.36,-479.67838,2.1013381,3.0835457
194.37999,-388.34003,10.914185,3.4033108
194.4,-465.25653,-6.8717403,2.7637806
194.42,-402.76187,-2.8659017,3.0835457
194.44,-311.42352,11.875586,3.0835457
194.45999,-340.2672,3.7036738,3.0835457
194.48,-546.9803,1.139937,3.7230759
194.5,-542.17303,-15.844818,3.2434282
194.51999,-527.75116,-4.468237,3.0835457
194.54,-421.991,1.4604042,3.0835457
194.56,-431.60556,4.3446083,3.2434282
194.58,-407.56915,0.17853576,3.0835457
194.59999,-359.49634,5.9469438,3.2434282
194.62,-465.25653,-3.3466022,3.4033108
194.64,-436.41284,10.593717,3.4033108
194.65999,-335.45993,1.4604042,3.2434282
194.68,-450.8347,-3.827303,3.5631933
194.7,-397.95456,4.9855423,3.2434282
194.72,-421.991,-0.46239844,3.0835457
194.73999,-388.34003,6.1071773,3.4033108
194.76,-397.95456,3.8639073,3.4033108
194.78,-282.57983,4.3446083,3.2434282
194.8,-446.02737,-0.62263197,2.923663
194.81999,-498.90747,1.3001705,3.4033108
194.84,-282.57983,12.196053,3.2434282
194.86,-431.60556,7.228812,3.4033108
194.87999,-446.02737,8.350447,3.2434282
194.9,-349.88177,3.5434403,3.2434282
194.92,-417.18372,4.024141,3.2434282
194.94,-436.41284,-2.2249672,3.7230759
194.95999,-407.56915,7.228812,3.2434282
194.98,-388.34003,4.9855423,3.0835457
195.0,-460.44922,4.504842,3.0835457
195.01999,-479.67838,16.20189,3.4033108
195.04,-383.53275,2.7422726,2.923663
195.06,-527.75116,-5.7501054,3.2434282
195.08,-479.67838,-12.31968,3.0835457
195.09999,-378.72546,5.3060093,3.2434282
195.12,-503.71478,-4.3080034,3.2434282
195.14,-393.1473,-6.8717403,2.4440153
195.15999,-397.95456,1.139937,2.7637806
195.18,-407.56915,2.261572,3.4033108
195.2,-446.02737,3.8639073,3.2434282
195.22,-474.8711,-6.711507,2.923663
195.23999,-465.25653,3.7036738,3.0835457
195.26,-397.95456,1.4604042,2.923663
195.28,-460.44922,-3.3466022,3.0835457
195.3,-349.88177,5.3060093,3.4033108
195.31999,-359.49634,11.234652,3.2434282
195.34,-489.29294,4.504842,3.4033108
195.36,-436.41284,-0.14193134,3.2434282
195.37999,-345.0745,8.02998,3.2434282
195.4,-513.32935,1.4604042,3.5631933
195.42,-537.3658,0.17853576,3.5631933
195.44,-388.34003,9.472081,3.2434282
195.45999,-335.45993,10.27325,3.4033108
195.48,-388.34003,3.7036738,3.2434282
195.5,-508.52206,1.4604042,3.4033108
195.51999,-402.76187,2.261572,3.2434282
195.54,-369.1109,4.504842,3.7230759
195.56,-513.32935,5.9469438,3.2434282
195.58,-446.02737,-2.2249672,3.4033108
195.59999,-311.42352,14.279089,3.4033108
195.62,-489.29294,1.3001705,3.2434282
195.64,-340.2672,5.466243,3.2434282
195.65999,-426.79828,11.074417,3.8829584
195.68,-393.1473,10.75395,3.2434282
195.7,-446.02737,-1.1033326,3.4033108
195.72,-450.8347,0.9797035,3.4033108
195.73999,-450.8347,2.261572,3.2434282
195.76,-426.79828,-0.62263197,3.2434282
195.78,-436.41284,5.78671,3.5631933
195.8,-421.991,-4.468237,3.5631933
195.81999,-364.30362,11.715352,3.7230759
195.84,-465.25653,-6.711507,3.0835457
195.86,-532.5585,-1.9045002,2.923663
195.87999,-407.56915,5.145776,3.4033108
195.9,-450.8347,6.908345,3.7230759
195.92,-494.10022,-1.4237996,3.0835457
195.94,-470.06378,4.825309,3.2434282
195.95999,-498.90747,10.75395,3.8829584
195.98,-498.90747,1.9411048,3.4033108
196.0,-431.60556,1.6206378,3.7230759
196.01999,-455.64197,4.6650753,3.4033108
196.04,-720.0424,-9.916177,3.5631933
196.06,-450.8347,-0.46239844,3.2434282
196.08,-407.56915,11.234652,3.8829584
196.09999,-441.22012,0.49900287,3.7230759
196.12,-446.02737,-1.7442669,3.4033108
196.14,-412.37643,2.4218054,3.7230759
196.15999,-450.8347,6.5878778,3.7230759
196.18,-450.8347,7.228812,3.5631933
196.2,-417.18372,3.3832066,3.4033108
196.22,-407.56915,4.6650753,3.4033108
196.23999,-388.34003,6.2674108,3.7230759
196.26,-417.18372,-2.8659017,3.5631933
196.28,-373.91818,14.599556,3.8829584
196.3,-345.0745,5.3060093,3.5631933
196.31999,-402.76187,5.6264763,3.7230759
196.34,-479.67838,-11.999213,3.5631933
196.36,-421.991,5.78671,3.7230759
196.37999,-465.25653,3.2229733,3.7230759
196.4,-450.8347,5.466243,3.5631933
196.42,-537.3658,2.1013381,3.8829584
196.44,-373.91818,6.1071773,3.8829584
196.45999,-508.52206,6.1071773,4.042841
196.48,-446.02737,5.6264763,3.5631933
196.5,-325.84537,17.96446,3.5631933
196.51999,-508.52206,-1.9045002,3.8829584
196.54,-397.95456,11.234652,3.7230759
196.56,-407.56915,14.759789,3.7230759
196.58,-455.64197,-5.1091714,3.2434282
196.59999,-739.27155,-11.198046,3.4033108
196.62,-532.5585,6.2674108,3.5631933
196.64,-546.9803,-9.59571,2.7637806
196.65999,-441.22012,2.7422726,3.4033108
196.68,-575.82404,-11.358279,3.2434282
196.7,-595.0531,3.0627398,3.7230759
196.72,-474.8711,3.5434403,3.8829584
196.73999,-470.06378,4.504842,3.5631933
196.76,-474.8711,-9.115009,2.923663
196.78,-450.8347,9.632316,3.4033108
196.8,-556.59485,-3.9875362,3.7230759
196.81999,-513.32935,3.7036738,3.5631933
196.84,-590.24585,-9.755944,2.923663
196.86,-412.37643,6.2674108,3.5631933
196.87999,-364.30362,7.709513,3.2434282
196.9,-484.48563,3.2229733,3.4033108
196.92,-470.06378,11.234652,3.8829584
196.94,-508.52206,4.024141,3.7230759
196.95999,-527.75116,-0.7828655,3.5631933
196.98,-479.67838,7.3890457,3.2434282
197.0,-561.40216,-3.9875362,3.2434282
197.01999,-532.5585,5.78671,3.4033108
197.04,-575.82404,3.3832066,4.042841
197.06,-393.1473,2.261572,3.2434282
197.08,-436.41284,4.6650753,3.4033108
197.09999,-518.1366,7.228812,3.7230759
197.12,-585.43854,-3.1863687,3.4033108
197.14,-455.64197,3.0627398,3.5631933
197.15999,-421.991,15.560958,3.2434282
197.18,-455.64197,4.3446083,3.4033108
197.2,-503.71478,-1.1033326,3.5631933
197.22,-585.43854,-10.877579,3.0835457
197.23999,-402.76187,6.908345,3.4033108
197.26,-364.30362,8.831148,3.0835457
197.28,-340.2672,11.074417,3.4033108
197.3,-503.71478,7.3890457,3.5631933
197.31999,-522.9439,4.024141,3.0835457
197.34,-518.1366,1.4604042,3.2434282
197.36,-546.9803,4.6650753,3.5631933
197.37999,-527.75116,-12.479914,3.2434282
197.4,-532.5585,12.676753,3.4033108
197.42,-585.43854,-2.5454345,3.4033108
197.44,-474.8711,-1.5840333,3.0835457
197.45999,-426.79828,0.17853576,2.923663
197.48,-532.5585,-0.14193134,3.4033108
197.5,-479.67838,5.78671,3.7230759
197.51999,-479.67838,4.6650753,3.2434282
197.54,-441.22012,0.81947,3.2434282
197.56,-571.0167,6.4276443,3.5631933
197.58,-460.44922,0.81947,3.0835457
197.59999,-566.2094,-0.14193134,3.2434282
197.62,-436.41284,5.145776,3.2434282
197.64,-585.43854,1.7808713,3.7230759
197.65999,-556.59485,6.2674108,3.0835457
197.68,-527.75116,-1.4237996,3.2434282
197.7,-474.8711,3.8639073,2.7637806
197.72,-508.52206,1.9411048,2.923663
197.73999,-599.8604,3.5434403,3.4033108
197.76,-513.32935,-1.5840333,3.0835457
197.78,-580.6312,-10.076411,2.923663
197.8,-551.78754,4.3446083,2.4440153
197.81999,-359.49634,8.510681,3.0835457
197.84,-580.6312,-1.5840333,3.0835457
197.86,-373.91818,16.52236,3.4033108
197.87999,-566.2094,9.952783,3.5631933
197.9,-513.32935,8.02998,3.0835457
197.92,-542.17303,4.504842,2.923663
197.94,-494.10022,2.902506,2.923663
197.95999,-474.8711,8.670914,3.0835457
197.98,-484.48563,2.5820389,2.7637806
198.0,-431.60556,3.3832066,3.4033108
198.01999,-455.64197,13.157454,3.4033108
198.04,-518.1366,3.5434403,3.0835457
198.06,-484.48563,14.279089,3.4033108
198.08,-484.48563,4.6650753,3.4033108
198.09999,-484.48563,9.792548,3.2434282
198.12,-532.5585,0.81947,3.0835457
198.14,-522.9439,7.8697467,3.2434282
198.15999,-522.9439,-5.910339,3.2434282
198.18,-484.48563,6.4276443,3.2434282
198.2,-465.25653,7.228812,3.4033108
198.22,-556.59485,-10.396878,3.2434282
198.23999,-633.51135,-3.1863687,3.5631933
198.26,-479.67838,3.3832066,3.4033108
198.28,-580.6312,-7.993375,3.5631933
198.3,-436.41284,12.51652,3.5631933
198.31999,-537.3658,2.902506,3.7230759
198.34,-518.1366,0.17853576,3.4033108
198.36,-407.56915,5.3060093,3.7230759
198.37999,-590.24585,1.3001705,3.4033108
198.4,-513.32935,2.4218054,3.8829584
198.42,-426.79828,8.350447,3.5631933
198.44,-599.8604,-3.827303,3.4033108
198.45999,-580.6312,0.17853576,3.7230759
198.48,-494.10022,3.3832066,3.7230759
198.5,-479.67838,19.566797,3.7230759
198.51999,-513.32935,12.035819,3.5631933
198.54,-566.2094,6.4276443,3.4033108
198.56,-633.51135,-0.14193134,3.2434282
198.58,-513.32935,10.433483,3.4033108
198.59999,-551.78754,5.9469438,3.5631933
198.62,-393.1473,4.9855423,3.2434282
198.64,-494.10022,1.4604042,3.4033108
198.65999,-460.44922,-2.0647337,2.6038978
198.68,-623.8968,5.6264763,3.4033108
198.7,-580.6312,-5.1091714,3.4033108
198.72,-441.22012,19.246328,3.0835457
198.73999,-566.2094,-6.0705724,2.923663
198.76,-628.7041,-1.7442669,3.0835457
198.78,-691.1987,-13.120848,2.7637806
198.8,-484.48563,5.3060093,2.923663
198.81999,-571.0167,2.1013381,3.4033108
198.84,-580.6312,2.1013381,3.2434282
198.86,-542.17303,10.75395,3.2434282
198.87999,-446.02737,10.433483,3.2434282
198.9,-527.75116,4.825309,3.0835457
198.92,-566.2094,-0.30216488,3.2434282
198.94,-652.7405,-2.0647337,3.2434282
198.95999,-546.9803,-4.6284704,3.0835457
198.98,-527.75116,-1.5840333,3.2434282
199.0,-551.78754,-4.3080034,3.2434282
199.01999,-489.29294,6.2674108,3.2434282
199.04,-537.3658,15.72119,3.2434282
199.06,-489.29294,-2.8659017,3.0835457
199.08,-599.8604,8.350447,3.5631933
199.09999,-532.5585,0.81947,3.2434282
199.12,-542.17303,2.902506,3.0835457
199.14,-671.9696,-5.2694044,3.2434282
199.15999,-345.0745,15.24049,2.7637806
199.18,-585.43854,4.504842,3.4033108
199.2,-556.59485,9.472081,3.2434282
199.22,-556.59485,4.6650753,3.0835457
199.23999,-542.17303,-0.30216488,2.923663
199.26,-590.24585,3.7036738,2.923663
199.28,-556.59485,8.02998,3.0835457
199.3,-522.9439,5.9469438,3.4033108
199.31999,-657.5478,-12.960614,2.6038978
199.34,-527.75116,4.504842,3.2434282
199.36,-498.90747,3.7036738,3.4033108
199.37999,-623.8968,0.17853576,3.4033108
199.4,-556.59485,10.593717,3.7230759
199.42,-503.71478,-2.385201,2.4440153
199.44,-513.32935,8.190214,3.4033108
199.45999,-700.8133,-4.6284704,3.4033108
199.48,-561.40216,12.196053,3.5631933
199.5,-542.17303,-0.9430991,2.7637806
199.51999,-787.34436,-14.242482,2.7637806
199.54,-575.82404,0.9797035,3.5631933
199.56,-556.59485,2.7422726,3.4033108
199.58,-628.7041,7.228812,3.7230759
199.59999,-503.71478,3.3832066,3.4033108
199.62,-691.1987,2.5820389,3.2434282
199.64,-508.52206,6.4276443,3.5631933
199.65999,-551.78754,-1.1033326,3.4033108
199.68,-542.17303,0.49900287,3.2434282
199.7,-503.71478,11.555119,3.4033108
199.72,-518.1366,4.3446083,3.2434282
199.73999,-508.52206,6.2674108,3.2434282
199.76,-532.5585,0.33876932,2.7637806
199.78,-503.71478,0.33876932,2.7637806
199.8,-484.48563,12.8369875,2.923663
199.81999,-652.7405,-1.5840333,3.2434282
199.84,-628.7041,0.17853576,3.0835457
199.86,-561.40216,4.9855423,2.923663
199.87999,-566.2094,11.555119,3.0835457
199.9,-412.37643,17.323528,2.6038978
199.92,-580.6312,4.9855423,3.2434282
199.94,-571.0167,7.0685787,3.0835457
199.95999,-590.24585,3.5434403,3.0835457
199.98,-546.9803,1.7808713,3.0835457
200.0,-571.0167,3.0627398,3.0835457
200.01999,-494.10022,-3.9875362,3.0835457
200.04,-614.2822,-0.30216488,2.7637806
200.06,-623.8968,-1.5840333,3.0835457
200.08,-628.7041,7.3890457,3.0835457
200.09999,-489.29294,4.3446083,3.4033108
200.12,-571.0167,12.035819,3.5631933
200.14,-590.24585,2.5820389,2.6038978
200.15999,-571.0167,-10.717345,2.284133
200.18,-417.18372,-6.230806,2.7637806
200.2,-546.9803,0.6592364,3.2434282
200.22,-590.24585,-3.9875362,3.2434282
200.23999,-527.75116,4.3446083,3.0835457
200.26,-604.6677,3.5434403,3.2434282
200.28,-527.75116,10.433483,2.6038978
200.3,-647.93317,-3.827303,2.7637806
200.31999,-561.40216,-5.2694044,2.923663
200.34,-503.71478,17.163294,3.2434282
200.36,-595.0531,0.49900287,3.0835457
200.37999,-537.3658,-1.1033326,2.7637806
200.4,-494.10022,21.169132,3.5631933
200.42,-489.29294,9.952783,3.4033108
200.44,-628.7041,2.902506,3.2434282
200.45999,-561.40216,6.4276443,3.0835457
200.48,-542.17303,9.151615,2.923663
200.5,-739.27155,-6.230806,2.7637806
200.51999,-604.6677,4.825309,3.0835457
200.54,-585.43854,1.4604042,3.2434282
200.56,-715.2351,-8.634309,3.0835457
200.58,-647.93317,1.139937,3.0835457
200.59999,-474.8711,3.7036738,2.923663
200.62,-532.5585,9.311849,3.4033108
200.64,-623.8968,0.9797035,2.7637806
200.65999,-633.51135,8.510681,3.2434282
200.68,-465.25653,4.184375,2.6038978
200.7,-532.5585,7.3890457,3.0835457
200.72,-546.9803,6.1071773,3.0835457
200.73999,-580.6312,2.5820389,2.923663
200.76,-494.10022,4.3446083,2.923663
200.78,-585.43854,-2.0647337,3.0835457
200.8,-619.0895,0.49900287,2.923663
200.81999,-604.6677,3.3832066,2.923663
200.84,-595.0531,0.9797035,2.7637806
200.86,-657.5478,7.0685787,3.2434282
200.87999,-652.7405,9.151615,3.2434282
200.9,-575.82404,2.7422726,2.7637806
200.92,-633.51135,-1.4237996,2.7637806
200.94,-633.51135,10.433483,3.0835457
200.95999,-720.0424,-7.833141,2.4440153
200.98,-566.2094,0.81947,3.0835457
201.0,-532.5585,1.4604042,2.7637806
201.01999,-599.8604,2.4218054,2.7637806
201.04,-556.59485,14.920023,2.6038978
201.06,-585.43854,5.9469438,3.2434282
201.08,-527.75116,7.3890457,3.2434282
201.09999,-561.40216,9.792548,2.7637806
201.12,-720.0424,-2.385201,3.0835457
201.14,-494.10022,2.7422726,2.923663
201.15999,-772.9225,-9.435476,3.2434282
201.18,-590.24585,2.7422726,3.5631933
201.2,-599.8604,7.0685787,3.2434282
201.22,-691.1987,-1.2635663,3.0835457
201.23999,-628.7041,1.4604042,3.4033108
201.26,-681.58417,-3.3466022,3.5631933
201.28,-628.7041,4.024141,3.4033108
201.3,-575.82404,5.9469438,3.0835457
201.31999,-527.75116,1.4604042,3.0835457
201.34,-571.0167,6.2674108,3.4033108
201.36,-633.51135,-3.1863687,3.2434282
201.37999,-571.0167,1.4604042,2.7637806
201.4,-720.0424,-2.385201,3.0835457
201.42,-705.62054,-2.385201,2.923663
201.44,-585.43854,5.9469438,3.0835457
201.45999,-782.53705,-16.325518,2.923663
201.48,-595.0531,0.81947,2.6038978
201.5,-643.1259,-8.313842,2.7637806
201.51999,-585.43854,-0.14193134,2.7637806
201.54,-585.43854,5.466243,3.5631933
201.56,-628.7041,-4.3080034,2.923663
201.58,-513.32935,0.9797035,3.0835457
201.59999,-724.84973,-0.14193134,3.0835457
201.62,-676.77686,0.33876932,3.2434282
201.64,-508.52206,17.00306,3.5631933
201.65999,-561.40216,6.5878778,3.2434282
201.68,-571.0167,7.0685787,2.923663
201.7,-739.27155,-6.5512733,2.923663
201.72,-705.62054,-0.9430991,3.2434282
201.73999,-527.75116,2.261572,2.923663
201.76,-705.62054,3.5434403,3.2434282
201.78,-436.41284,-1.4237996,2.4440153
201.8,-623.8968,5.3060093,3.4033108
201.81999,-575.82404,7.709513,3.0835457
201.84,-546.9803,3.3832066,3.0835457
201.86,-657.5478,4.3446083,3.2434282
201.87999,-566.2094,4.024141,3.2434282
201.9,-638.31866,-1.1033326,2.6038978
201.92,-619.0895,1.6206378,3.2434282
201.94,-561.40216,11.234652,3.4033108
201.95999,-652.7405,2.7422726,3.0835457
201.98,-551.78754,-1.4237996,3.0835457
202.0,-671.9696,1.139937,3.4033108
202.01999,-585.43854,5.78671,2.923663
202.04,-696.00604,6.1071773,3.2434282
202.06,-590.24585,13.317687,3.4033108
202.08,-628.7041,4.024141,3.0835457
202.09999,-700.8133,-1.7442669,2.7637806
202.12,-676.77686,3.2229733,2.923663
202.14,-595.0531,10.113016,3.2434282
202.15999,-633.51135,-2.385201,3.2434282
202.18,-681.58417,4.9855423,3.4033108
202.2,-595.0531,1.9411048,2.923663
202.22,-623.8968,2.902506,3.2434282
202.23999,-609.475,-1.7442669,2.284133
202.26,-465.25653,12.035819,3.4033108
202.28,-638.31866,3.7036738,3.4033108
202.3,-546.9803,2.4218054,3.0835457
202.31999,-628.7041,-2.385201,3.0835457
202.34,-571.0167,5.78671,3.0835457
202.36,-671.9696,-11.037811,2.923663
202.37999,-604.6677,6.1071773,2.7637806
202.4,-647.93317,2.7422726,3.0835457
202.42,-546.9803,15.881425,3.0835457
202.44,-623.8968,5.6264763,3.2434282
202.45999,-647.93317,6.7481112,2.923663
202.48,-671.9696,4.504842,2.923663
202.5,-772.9225,-6.3910394,3.0835457
202.51999,-696.00604,-2.2249672,2.7637806
202.54,-628.7041,3.3832066,3.0835457
202.56,-628.7041,9.151615,3.0835457
202.58,-734.4643,-4.14777,3.2434282
202.59999,-633.51135,4.504842,3.2434282
202.62,-599.8604,8.350447,3.0835457
202.64,-715.2351,-7.192207,3.2434282
202.65999,-667.16235,1.6206378,3.2434282
202.68,-671.9696,2.7422726,3.4033108
202.7,-657.5478,3.3832066,3.4033108
202.72,-657.5478,-2.8659017,3.0835457
202.73999,-667.16235,1.7808713,3.4033108
202.76,-724.84973,-13.601548,3.4033108
202.78,-623.8968,0.33876932,3.0835457
202.8,-792.1517,-10.396878,3.0835457
202.81999,-590.24585,-8.474075,2.7637806
202.84,-638.31866,11.394884,3.2434282
202.86,-623.8968,8.350447,3.4033108
202.87999,-729.657,-1.7442669,3.4033108
202.9,-614.2822,4.024141,3.4033108
202.92,-623.8968,8.831148,3.7230759
202.94,-700.8133,-5.2694044,3.0835457
202.95999,-705.62054,4.184375,3.4033108
202.98,-633.51135,-3.827303,3.2434282
203.0,-667.16235,0.17853576,3.4033108
203.01999,-638.31866,2.4218054,3.2434282
203.04,-744.0788,-7.5126743,3.4033108
203.06,-729.657,1.139937,3.5631933
203.08,-614.2822,6.7481112,3.4033108
203.09999,-647.93317,1.4604042,3.2434282
203.12,-739.27155,-0.30216488,3.2434282
203.14,-580.6312,1.4604042,3.0835457
203.15999,-623.8968,4.3446083,3.4033108
203.18,-614.2822,2.7422726,3.5631933
203.2,-657.5478,13.317687,3.5631933
203.22,-638.31866,0.6592364,3.4033108
203.23999,-619.0895,6.7481112,3.5631933
203.26,-686.3914,-2.0647337,2.923663
203.28,-638.31866,0.81947,3.2434282
203.3,-470.06378,8.02998,3.4033108
203.31999,-647.93317,5.6264763,3.7230759
203.34,-667.16235,10.75395,3.4033108
203.36,-700.8133,5.466243,3.4033108
203.37999,-710.42786,0.33876932,3.0835457
203.4,-628.7041,2.261572,3.5631933
203.42,-628.7041,4.024141,3.4033108
203.44,-696.00604,-1.4237996,3.2434282
203.45999,-696.00604,-1.5840333,3.2434282
203.48,-561.40216,6.908345,3.4033108
203.5,-638.31866,3.0627398,3.7230759
203.51999,-652.7405,8.670914,3.5631933
203.54,-638.31866,10.27325,3.4033108
203.56,-691.1987,6.2674108,3.2434282
203.58,-599.8604,9.472081,3.2434282
203.59999,-686.3914,10.75395,3.7230759
203.62,-633.51135,7.709513,3.0835457
203.64,-811.38074,0.81947,3.2434282
203.65999,-720.0424,1.139937,3.5631933
203.68,-638.31866,-0.9430991,2.923663
203.7,-609.475,-0.9430991,3.2434282
203.72,-700.8133,-5.2694044,3.0835457
203.73999,-715.2351,6.2674108,3.2434282
203.76,-691.1987,3.0627398,3.4033108
203.78,-705.62054,10.75395,4.042841
203.8,-647.93317,6.5878778,3.2434282
203.81999,-575.82404,1.139937,3.0835457
203.84,-777.7298,-5.589872,3.0835457
203.86,-561.40216,9.952783,3.5631933
203.87999,-652.7405,-0.30216488,3.0835457
203.9,-700.8133,0.33876932,3.2434282
203.92,-705.62054,8.02998,3.4033108
203.94,-643.1259,8.510681,3.5631933
203.95999,-705.62054,1.6206378,3.0835457
203.98,-700.8133,6.7481112,3.2434282
204.0,-782.53705,-0.14193134,3.2434282
204.01999,-696.00604,-0.9430991,3.0835457
204.04,-667.16235,0.49900287,3.4033108
204.06,-720.0424,1.9411048,3.0835457
204.08,-599.8604,5.6264763,3.4033108
204.09999,-667.16235,8.831148,3.4033108
204.12,-715.2351,6.7481112,3.4033108
204.14,-633.51135,9.952783,3.2434282
204.15999,-806.5735,-5.589872,2.923663
204.18,-532.5585,22.77147,3.4033108
204.2,-561.40216,9.632316,3.5631933
204.22,-537.3658,4.504842,3.2434282
204.23999,-768.1152,10.27325,3.4033108
204.26,-744.0788,3.2229733,3.2434282
204.28,-696.00604,2.4218054,3.2434282
204.3,-633.51135,-4.948938,3.0835457
204.31999,-691.1987,13.477921,3.7230759
204.34,-619.0895,-0.9430991,3.2434282
204.36,-623.8968,7.8697467,3.4033108
204.37999,-696.00604,-4.948938,2.923663
204.4,-758.5007,-1.4237996,3.2434282
204.42,-623.8968,1.139937,3.0835457
204.44,-657.5478,7.3890457,3.0835457
204.45999,-638.31866,5.9469438,3.5631933
204.48,-681.58417,2.1013381,3.4033108
204.5,-662.35504,4.184375,3.4033108
204.51999,-436.41284,26.136374,3.5631933
204.54,-772.9225,1.7808713,3.2434282
204.56,-753.69336,-0.62263197,3.2434282
204.58,-782.53705,-13.922015,2.923663
204.59999,-628.7041,3.3832066,3.2434282
204.62,-671.9696,0.17853576,3.2434282
204.64,-840.2244,-9.755944,3.7230759
204.65999,-696.00604,4.024141,3.4033108
204.68,-652.7405,13.317687,3.2434282
204.7,-816.18805,-11.678746,3.4033108
204.72,-710.42786,8.350447,2.923663
204.73999,-609.475,1.6206378,3.0835457
204.76,-796.9589,-3.9875362,3.0835457
204.78,-619.0895,-2.2249672,3.0835457
204.79999,-619.0895,4.024141,3.0835457
204.81999,-720.0424,6.5878778,3.5631933
204.84,-609.475,11.875586,3.2434282
204.86,-720.0424,3.7036738,3.2434282
204.87999,-686.3914,-3.9875362,2.6038978
204.9,-734.4643,5.3060093,3.2434282
204.92,-705.62054,0.17853576,3.0835457
204.94,-758.5007,1.4604042,3.4033108
204.95999,-657.5478,2.1013381,3.4033108
204.98,-479.67838,6.4276443,2.923663
205.0,-739.27155,-3.5068357,2.923663
205.01999,-720.0424,0.17853576,3.0835457
205.04,-652.7405,4.024141,2.6038978
205.06,-696.00604,0.9797035,3.0835457
205.08,-662.35504,7.549279,3.0835457
205.09999,-763.308,0.49900287,3.2434282
205.12,-628.7041,2.7422726,3.4033108
205.14,-729.657,0.9797035,3.0835457
205.15999,-705.62054,-0.7828655,2.4440153
205.18,-705.62054,10.75395,2.7637806
205.2,-647.93317,1.6206378,2.6038978
205.22,-720.0424,14.439322,3.4033108
205.23999,-720.0424,7.549279,3.0835457
205.26,-681.58417,8.02998,3.2434282
205.28,-724.84973,-4.7887044,2.7637806
205.29999,-599.8604,4.6650753,2.923663
205.31999,-720.0424,18.765629,3.0835457
205.34,-652.7405,7.0685787,2.923663
205.36,-647.93317,-2.5454345,1.9643677
205.37999,-739.27155,4.9855423,2.923663
205.4,-681.58417,5.145776,3.0835457
205.42,-590.24585,0.81947,2.6038978
205.44,-777.7298,-2.385201,2.923663
205.45999,-643.1259,12.99722,2.923663
205.48,-657.5478,8.350447,3.2434282
205.5,-691.1987,2.5820389,3.0835457
205.51999,-792.1517,-2.385201,3.0835457
205.54,-681.58417,3.5434403,2.923663
205.56,-845.03174,-10.717345,2.7637806
205.58,-628.7041,7.8697467,3.0835457
205.59999,-720.0424,5.3060093,2.7637806
205.62,-700.8133,5.466243,2.7637806
205.64,-753.69336,6.4276443,3.0835457
205.65999,-671.9696,15.72119,3.0835457
205.68,-671.9696,0.6592364,2.7637806
205.7,-739.27155,-2.8659017,2.7637806
205.72,-758.5007,3.7036738,3.0835457
205.73999,-777.7298,0.81947,3.0835457
205.76,-739.27155,2.7422726,3.0835457
205.78,-744.0788,-3.3466022,2.4440153
205.79999,-676.77686,7.3890457,2.4440153
205.81999,-729.657,1.9411048,2.284133
205.84,-724.84973,13.958622,3.2434282
205.86,-820.9953,-2.5454345,3.2434282
205.87999,-720.0424,5.9469438,3.0835457
205.9,-657.5478,8.510681,3.0835457
205.92,-782.53705,-0.7828655,2.4440153
205.94,-715.2351,-9.755944,2.4440153
205.95999,-696.00604,4.504842,2.7637806
205.98,-878.6827,1.3001705,2.7637806
206.0,-744.0788,15.560958,2.6038978
206.01999,-720.0424,0.6592364,2.6038978
206.04,-647.93317,-1.1033326,2.6038978
206.06,-782.53705,7.549279,2.6038978
206.08,-801.7662,-3.1863687,2.284133
206.09999,-941.1773,-9.435476,2.1242502
206.12,-854.6463,5.78671,2.6038978
206.14,-676.77686,9.632316,3.0835457
206.15999,-739.27155,4.504842,2.923663
206.18,-647.93317,1.139937,2.284133
206.2,-696.00604,1.139937,2.1242502
206.22,-691.1987,6.5878778,2.6038978
206.23999,-671.9696,8.02998,2.7637806
206.26,-854.6463,-1.1033326,2.6038978
206.28,-782.53705,-7.833141,2.284133
206.29999,-633.51135,16.20189,3.0835457
206.31999,-801.7662,-4.3080034,2.4440153
206.34,-835.4171,-15.364117,2.284133
206.36,-748.8861,-3.5068357,2.4440153
206.37999,-772.9225,3.3832066,2.4440153
206.4,-744.0788,10.27325,1.9643677
206.42,-729.657,4.825309,2.6038978
206.44,-715.2351,5.9469438,2.6038978
206.45999,-806.5735,2.261572,2.4440153
206.48,-787.34436,9.632316,3.0835457
206.5,-897.9118,-3.6670694,2.4440153
206.51999,-758.5007,3.5434403,2.7637806
206.54,-686.3914,-0.9430991,2.4440153
206.56,-710.42786,8.350447,2.6038978
206.58,-734.4643,8.350447,2.6038978
206.59999,-734.4643,-3.026135,2.4440153
206.62,-715.2351,4.3446083,2.923663
206.64,-696.00604,5.6264763,2.923663
206.65999,-768.1152,0.17853576,2.284133
206.68,-926.7555,-5.429638,2.6038978
206.7,-667.16235,6.2674108,2.6038978
206.72,-806.5735,-1.4237996,2.6038978
206.73999,-676.77686,3.3832066,2.4440153
206.76,-873.8754,-6.230806,2.284133
206.78,-825.8026,-1.1033326,2.4440153
206.79999,-753.69336,7.709513,2.6038978
206.81999,-888.29724,-4.948938,2.7637806
206.84,-748.8861,6.2674108,2.7637806
206.86,-734.4643,0.018302217,2.6038978
206.87999,-744.0788,8.190214,2.923663
206.9,-705.62054,4.6650753,2.6038978
206.92,-806.5735,3.2229733,3.2434282
206.94,-782.53705,6.2674108,2.1242502
206.95999,-720.0424,5.3060093,2.6038978
206.98,-696.00604,9.632316,2.4440153
207.0,-840.2244,-3.026135,2.284133
207.01999,-503.71478,29.661512,2.6038978
207.04,-676.77686,8.670914,2.6038978
207.06,-772.9225,6.2674108,2.6038978
207.08,-585.43854,9.792548,2.7637806
207.09999,-792.1517,4.9855423,2.284133
207.12,-792.1517,4.504842,2.4440153
207.14,-705.62054,-0.7828655,2.1242502
207.15999,-864.2608,-7.833141,2.7637806
207.18,-753.69336,2.902506,2.6038978
207.2,-696.00604,13.317687,3.4033108
207.22,-753.69336,7.709513,2.7637806
207.23999,-671.9696,14.759789,2.6038978
207.26,-787.34436,-11.358279,1.9643677
207.28,-710.42786,0.17853576,2.6038978
207.29999,-768.1152,-9.916177,2.7637806
207.31999,-796.9589,5.78671,2.7637806
207.34,-777.7298,4.6650753,3.0835457
207.36,-806.5735,-2.385201,2.923663
207.37999,-748.8861,12.196053,3.0835457
207.4,-835.4171,8.350447,2.7637806
207.42,-772.9225,6.5878778,2.7637806
207.44,-763.308,-4.948938,2.7637806
207.45999,-710.42786,6.5878778,3.0835457
207.48,-825.8026,-2.8659017,2.7637806
207.5,-696.00604,0.33876932,2.4440153
207.51999,-854.6463,4.3446083,2.7637806
207.54,-753.69336,1.3001705,2.7637806
207.56,-921.94824,-1.9045002,3.0835457
207.58,-758.5007,-1.1033326,2.923663
207.59999,-873.8754,-1.2635663,3.2434282
207.62,-825.8026,0.018302217,2.4440153
207.64,-763.308,6.1071773,3.0835457
207.65999,-748.8861,6.2674108,2.4440153
207.68,-748.8861,-5.429638,2.4440153
207.7,-921.94824,-4.948938,2.7637806
207.72,-825.8026,2.261572,2.7637806
207.73999,-729.657,9.311849,2.7637806
207.76,-734.4643,2.1013381,2.923663
207.78,-681.58417,15.400723,3.4033108
207.79999,-748.8861,-3.3466022,3.2434282
207.81999,-816.18805,2.902506,2.7637806
207.84,-970.021,-11.198046,2.4440153
207.86,-864.2608,7.3890457,2.7637806
207.87999,-753.69336,3.3832066,2.7637806
207.9,-768.1152,-0.9430991,2.4440153
207.92,-763.308,2.1013381,2.4440153
207.94,-623.8968,14.599556,2.6038978
207.95999,-820.9953,-0.14193134,2.6038978
207.98,-729.657,3.8639073,2.4440153
208.0,-739.27155,14.439322,2.7637806
208.01999,-691.1987,13.157454,2.7637806
208.04,-782.53705,3.5434403,3.0835457
208.06,-787.34436,5.78671,2.6038978
208.08,-820.9953,4.3446083,2.284133
208.09999,-825.8026,12.676753,2.7637806
208.12,-907.52637,-1.9045002,2.4440153
208.14,-835.4171,-0.14193134,2.284133
208.15999,-859.4536,-8.474075,2.6038978
208.18,-720.0424,7.8697467,2.7637806
208.2,-787.34436,-0.62263197,2.7637806
208.22,-873.8754,7.709513,2.4440153
208.23999,-710.42786,7.0685787,2.1242502
208.26,-801.7662,1.3001705,2.284133
208.28,-873.8754,0.81947,2.284133
208.29999,-657.5478,1.6206378,2.4440153
208.31999,-758.5007,6.7481112,2.4440153
208.34,-820.9953,-3.9875362,2.284133
208.36,-796.9589,27.097775,2.923663
208.37999,-724.84973,5.3060093,2.284133
208.4,-873.8754,5.6264763,2.7637806
208.42,-816.18805,-12.640147,2.1242502
208.44,-816.18805,10.433483,2.4440153
208.45999,-912.3337,-5.2694044,1.9643677
208.48,-772.9225,-5.589872,2.284133
208.5,-849.839,6.7481112,2.4440153
208.51999,-806.5735,-0.7828655,2.4440153
208.54,-888.29724,-0.7828655,2.6038978
208.56,-806.5735,4.6650753,2.4440153
208.58,-806.5735,1.4604042,2.4440153
208.59999,-811.38074,7.3890457,2.923663
208.62,-748.8861,5.466243,2.7637806
208.64,-811.38074,6.1071773,3.0835457
208.65999,-888.29724,6.2674108,2.7637806
208.68,-758.5007,6.1071773,2.6038978
208.7,-816.18805,8.350447,2.923663
208.72,-873.8754,-0.46239844,2.4440153
208.73999,-854.6463,-0.7828655,2.923663
208.76,-936.37006,-3.6670694,2.4440153
208.78,-811.38074,3.0627398,2.923663
208.79999,-782.53705,1.3001705,2.6038978
208.81999,-801.7662,-0.30216488,2.6038978
208.84,-917.1409,-6.0705724,2.6038978
208.86,-811.38074,5.145776,2.923663
208.87999,-772.9225,3.0627398,2.6038978
208.9,-820.9953,5.6264763,2.7637806
208.92,-782.53705,1.7808713,2.923663
208.94,-700.8133,12.356286,2.7637806
208.95999,-811.38074,3.3832066,2.6038978
208.98,-777.7298,5.6264763,2.6038978
209.0,-864.2608,-7.993375,2.4440153
209.01999,-926.7555,2.902506,2.7637806
209.04,-801.7662,0.81947,2.4440153
209.06,-801.7662,4.024141,2.7637806
209.08,-849.839,0.81947,2.6038978
209.09999,-859.4536,-0.9430991,2.7637806
209.12,-782.53705,2.4218054,2.7637806
209.14,-820.9953,16.842825,3.0835457
209.15999,-845.03174,5.466243,3.2434282
209.18,-801.7662,-5.589872,2.4440153
209.2,-869.0681,-2.0647337,2.284133
209.22,-897.9118,-5.1091714,2.7637806
209.23999,-782.53705,9.792548,3.0835457
209.26,-801.7662,1.4604042,2.6038978
209.28,-782.53705,7.709513,2.6038978
209.29999,-864.2608,-2.2249672,2.1242502
209.31999,-647.93317,7.3890457,2.7637806
209.34,-845.03174,-7.833141,2.4440153
209.36,-820.9953,3.8639073,2.7637806
209.37999,-945.9846,-8.634309,2.4440153
209.4,-753.69336,17.323528,2.4440153
209.42,-763.308,4.9855423,2.4440153
209.44,-907.52637,-2.5454345,2.284133
209.45999,-792.1517,2.902506,2.923663
209.48,-835.4171,6.4276443,2.4440153
209.5,-883.49,2.4218054,2.4440153
209.51999,-700.8133,8.510681,2.6038978
209.54,-840.2244,16.682592,2.923663
209.56,-796.9589,9.151615,2.7637806
209.58,-897.9118,-5.2694044,2.284133
209.59999,-888.29724,-2.8659017,2.7637806
209.62,-820.9953,0.6592364,2.4440153
209.64,-796.9589,0.49900287,2.284133
209.65999,-777.7298,-3.9875362,2.4440153
209.68,-960.4065,-9.275244,2.4440153
209.7,-849.839,4.6650753,2.4440153
209.72,-768.1152,0.81947,2.4440153
209.73999,-825.8026,2.261572,2.6038978
209.76,-777.7298,3.5434403,2.6038978
209.78,-667.16235,23.412403,2.284133
209.79999,-835.4171,3.0627398,2.4440153
209.81999,-806.5735,11.394884,3.0835457
209.84,-912.3337,-8.634309,2.4440153
209.86,-869.0681,-1.2635663,2.7637806
209.87999,-676.77686,6.908345,2.7637806
209.9,-820.9953,0.81947,2.7637806
209.92,-849.839,-2.385201,2.7637806
209.94,-840.2244,6.5878778,2.7637806
209.95999,-869.0681,-2.2249672,2.7637806
209.98,-893.10455,-11.358279,2.923663
210.0,-782.53705,3.8639073,2.7637806
210.01999,-835.4171,0.81947,2.923663
210.04,-888.29724,-2.0647337,3.0835457
210.06,-945.9846,-1.5840333,1.9643677
210.08,-854.6463,-2.5454345,1.9643677
210.09999,-878.6827,2.902506,2.4440153
210.12,-840.2244,7.709513,2.923663
210.14,-849.839,7.709513,2.7637806
210.15999,-787.34436,4.504842,3.0835457
210.18,-796.9589,4.6650753,2.7637806
210.2,-869.0681,7.0685787,2.6038978
210.22,-777.7298,5.3060093,2.6038978
210.23999,-888.29724,-9.275244,2.6038978
210.26,-936.37006,-0.30216488,2.6038978
210.28,-830.60986,2.1013381,2.6038978
210.29999,-806.5735,3.7036738,3.0835457
210.31999,-998.8647,2.261572,2.6038978
210.34,-864.2608,7.549279,2.7637806
210.36,-806.5735,9.632316,2.7637806
210.37999,-869.0681,5.3060093,3.0835457
210.4,-888.29724,3.3832066,2.7637806
210.42,-854.6463,13.157454,2.923663
210.44,-820.9953,0.33876932,2.7637806
210.45999,-825.8026,0.49900287,2.7637806
210.48,-936.37006,-12.159447,2.284133
210.5,-854.6463,0.17853576,2.6038978
210.51999,-801.7662,-1.7442669,2.4440153
210.54,-849.839,-0.9430991,2.4440153
210.56,-835.4171,0.81947,2.6038978
210.58,-921.94824,8.510681,3.0835457
210.59999,-926.7555,1.139937,2.923663
210.62,-845.03174,4.3446083,2.4440153
210.64,-796.9589,11.234652,2.7637806
210.65999,-869.0681,6.908345,3.2434282
210.68,-864.2608,-1.7442669,2.7637806
210.7,-787.34436,10.113016,2.7637806
210.72,-825.8026,9.792548,2.923663
210.73999,-926.7555,-6.230806,2.7637806
210.76,-893.10455,8.670914,2.923663
210.78,-859.4536,5.6264763,2.923663
210.79999,-840.2244,-0.62263197,2.4440153
210.81999,-883.49,5.3060093,2.7637806
210.84,-792.1517,6.7481112,2.6038978
210.86,-772.9225,9.792548,2.6038978
210.87999,-941.1773,1.4604042,2.6038978
210.9,-811.38074,12.99722,2.923663
210.92,-897.9118,-0.14193134,2.6038978
210.94,-897.9118,-4.948938,2.284133
210.95999,-926.7555,-1.5840333,3.2434282
210.98,-974.8283,-3.827303,2.7637806
211.0,-883.49,-0.14193134,2.4440153
211.01999,-825.8026,6.7481112,2.4440153
211.04,-917.1409,4.825309,2.6038978
211.06,-907.52637,1.139937,2.6038978
211.08,-970.021,0.49900287,2.7637806
211.09999,-941.1773,-2.0647337,2.284133
211.12,-796.9589,6.4276443,2.1242502
211.14,-739.27155,4.6650753,2.4440153
211.15999,-864.2608,9.311849,2.7637806
211.18,-825.8026,6.2674108,2.4440153
211.2,-878.6827,4.825309,2.1242502
211.22,-1008.4793,-3.3466022,2.1242502
211.23999,-845.03174,8.190214,2.1242502
211.26,-801.7662,0.6592364,2.284133
211.28,-1003.672,-4.468237,2.1242502
211.29999,-960.4065,-6.230806,2.4440153
211.31999,-811.38074,-4.6284704,2.6038978
211.34,-950.79193,-4.948938,1.9643677
211.36,-873.8754,7.8697467,2.4440153
211.37999,-820.9953,8.991381,2.4440153
211.4,-917.1409,0.33876932,2.4440153
211.42,-941.1773,-5.1091714,2.6038978
211.44,-864.2608,3.8639073,2.4440153
211.45999,-845.03174,-1.4237996,2.1242502
211.48,-960.4065,6.5878778,1.9643677
211.5,-859.4536,4.6650753,2.6038978
211.51999,-893.10455,5.6264763,2.4440153
211.54,-931.56274,12.51652,2.6038978
211.56,-878.6827,-2.7056682,2.284133
211.58,-792.1517,15.72119,2.4440153
211.59999,-811.38074,13.958622,2.7637806
211.62,-859.4536,4.3446083,2.4440153
211.64,-873.8754,5.78671,2.284133
211.65999,-984.44293,-11.999213,1.9643677
211.68,-984.44293,3.3832066,2.4440153
211.7,-912.3337,-2.7056682,2.6038978
211.72,-893.10455,6.5878778,2.6038978
211.73999,-974.8283,0.6592364,2.4440153
211.76,-897.9118,9.792548,2.6038978
211.78,-926.7555,5.6264763,2.7637806
211.79999,-873.8754,14.439322,2.7637806
211.81999,-998.8647,1.7808713,2.4440153
211.84,-849.839,6.2674108,1.9643677
211.86,-878.6827,9.151615,2.6038978
211.87999,-854.6463,-3.827303,2.4440153
211.9,-912.3337,-2.2249672,2.4440153
211.92,-878.6827,7.3890457,2.6038978
211.94,-979.6356,9.792548,2.7637806
211.95999,-720.0424,14.279089,2.6038978
211.98,-917.1409,8.831148,2.4440153
212.0,-917.1409,-0.9430991,1.9643677
212.01999,-1027.7084,5.466243,2.1242502
212.04,-970.021,-1.1033326,2.284133
212.06,-1013.2866,-3.5068357,2.284133
212.08,-782.53705,-7.833141,1.8044851
212.09999,-955.5992,2.7422726,2.284133
212.12,-864.2608,3.3832066,2.284133
212.14,-859.4536,5.9469438,2.4440153
212.15999,-902.71906,9.311849,2.4440153
212.18,-820.9953,12.035819,2.284133
212.2,-878.6827,10.433483,2.6038978
212.22,-926.7555,-1.4237996,1.9643677
212.23999,-1022.90106,-1.2635663,2.1242502
212.26,-921.94824,0.6592364,2.284133
212.28,-878.6827,-1.7442669,1.9643677
212.29999,-845.03174,11.555119,2.7637806
212.31999,-955.5992,6.2674108,2.1242502
212.34,-926.7555,5.9469438,2.6038978
212.36,-965.2137,3.2229733,2.7637806
212.37999,-1061.3594,4.825309,2.4440153
212.4,-965.2137,-2.7056682,2.1242502
212.42,-921.94824,-0.7828655,1.9643677
212.44,-921.94824,5.6264763,2.1242502
212.45999,-950.79193,0.33876932,2.4440153
212.48,-1080.5885,-13.601548,2.1242502
212.5,-849.839,0.33876932,1.9643677
212.51999,-955.5992,3.0627398,2.284133
212.54,-974.8283,-1.9045002,1.9643677
212.56,-840.2244,5.78671,2.284133
212.58,-801.7662,9.952783,1.8044851
212.59999,-878.6827,6.2674108,2.1242502
212.62,-893.10455,2.7422726,2.284133
212.64,-970.021,-0.14193134,2.1242502
212.65999,-965.2137,0.81947,2.4440153
212.68,-931.56274,-2.2249672,1.9643677
212.7,-869.0681,4.825309,2.4440153
212.72,-888.29724,5.145776,1.9643677
212.73999,-864.2608,9.472081,2.1242502
212.76,-936.37006,6.2674108,2.284133
212.78,-945.9846,4.9855423,1.8044851
212.79999,-926.7555,4.825309,2.1242502
212.81999,-849.839,1.9411048,1.9643677
212.84,-941.1773,3.3832066,1.9643677
212.86,-897.9118,13.317687,2.1242502
212.87999,-965.2137,4.9855423,2.1242502
212.9,-941.1773,4.9855423,2.4440153
212.92,-945.9846,4.504842,2.1242502
212.94,-950.79193,2.1013381,2.1242502
212.95999,-1046.9375,0.9797035,2.284133
212.98,-984.44293,-1.7442669,1.8044851
213.0,-1046.9375,-17.927853,1.48472
213.01999,-864.2608,4.9855423,1.8044851
213.04,-1032.5157,0.33876932,1.9643677
213.06,-931.56274,-3.9875362,1.8044851
213.08,-989.2501,-2.2249672,2.1242502
213.09999,-897.9118,17.804228,2.284133
213.12,-936.37006,2.1013381,1.8044851
213.14,-1008.4793,-7.0319734,1.8044851
213.15999,-970.021,3.0627398,1.8044851
213.18,-1013.2866,-1.9045002,1.9643677
213.2,-1056.5521,-7.5126743,1.8044851
213.22,-1008.4793,-0.30216488,1.8044851
213.23999,-1042.1301,1.7808713,1.9643677
213.26,-936.37006,7.709513,1.8044851
213.28,-974.8283,3.7036738,1.9643677
213.29999,-849.839,3.2229733,1.8044851
213.31999,-888.29724,3.5434403,1.8044851
213.34,-1046.9375,-3.3466022,1.8044851
213.36,-1061.3594,-5.429638,1.6446027
213.37999,-974.8283,3.8639073,1.9643677
213.4,-1056.5521,-7.5126743,1.8044851
213.42,-1013.2866,-2.7056682,1.8044851
213.44,-912.3337,1.9411048,1.8044851
213.45999,-979.6356,1.3001705,1.6446027
213.48,-883.49,2.7422726,1.9643677
213.5,-1037.323,6.4276443,2.1242502
213.51999,-965.2137,5.78671,1.9643677
213.54,-1056.5521,-6.711507,2.1242502
213.56,-1056.5521,7.709513,2.4440153
213.58,-945.9846,10.113016,2.1242502
213.59999,-984.44293,-0.30216488,2.1242502
213.62,-1090.2031,-18.088087,1.48472
213.64,-984.44293,3.0627398,1.8044851
213.65999,-931.56274,1.9411048,1.8044851
213.68,-902.71906,14.759789,1.9643677
213.7,-1018.0938,5.6264763,1.3248374
213.72,-849.839,4.024141,0.045777034
213.73999,-965.2137,4.6650753,-0.114105515
213.76,-1051.7448,0.17853576,0.20565958
213.78,-893.10455,4.024141,0.045777034
213.79999,-945.9846,-2.2249672,-0.4338706
213.81999,-936.37006,4.3446083,0.045777034
213.84,-989.2501,3.7036738,0.045777034
213.86,-970.021,-1.7442669,-0.114105515
213.87999,-965.2137,6.2674108,0.36554214
213.9,-921.94824,-12.479914,-0.2739881
213.92,-936.37006,3.0627398,0.20565958
213.94,-984.44293,-5.910339,0.045777034
213.95999,-1080.5885,-3.827303,0.20565958
213.98,-1070.9739,-2.385201,0.36554214
214.0,-1085.3958,4.3446083,-1.393166
214.01999,-1138.2759,-17.607388,-1.712931
214.04,-1061.3594,2.5820389,-1.2332834
214.06,-1018.0938,3.3832066,-1.393166
214.08,-974.8283,6.908345,-1.393166
214.09999,-921.94824,2.902506,-0.9135183
214.12,-994.0574,1.139937,-0.59375316
214.14,-1013.2866,-8.153608,-0.9135183
214.15999,-1080.5885,4.3446083,-1.0734009
214.18,-960.4065,0.81947,-0.9135183
214.2,-1066.1666,-7.192207,-1.0734009
214.22,-1133.4685,-4.6284704,-1.0734009
214.23999,-1018.0938,0.33876932,-0.7536357
214.26,-1080.5885,-4.948938,-0.9135183
214.28,-1162.3123,2.7422726,-0.7536357
214.29999,-989.2501,-0.46239844,-0.9135183
214.31999,-1042.1301,-3.9875362,-0.9135183
214.34,-1051.7448,-1.5840333,-0.7536357
214.36,-1046.9375,2.261572,-0.59375316
214.37999,-1061.3594,-0.14193134,-0.59375316
214.4,-960.4065,-0.7828655,-0.7536357
214.42,-1066.1666,5.466243,-0.4338706
214.44,-965.2137,0.018302217,-1.0734009
214.45999,-1008.4793,-5.910339,-1.393166
214.48,-1090.2031,-3.827303,-0.9135183
214.5,-1075.7811,9.311849,-0.4338706
214.51999,-1099.8176,6.5878778,-0.59375316
214.54,-1128.6613,-3.5068357,-0.7536357
214.56,-1095.0103,9.952783,-0.7536357
214.58,-970.021,-0.30216488,-0.7536357
214.59999,-1176.734,-4.468237,-0.4338706
214.62,-1061.3594,-2.385201,-0.59375316
214.64,-1061.3594,1.4604042,-0.4338706
214.65999,-1032.5157,-2.385201,-0.7536357
214.68,-1128.6613,-5.429638,-0.4338706
214.7,-979.6356,17.163294,0.045777034
214.72,-1070.9739,2.4218054,-0.59375316
214.73999,-1042.1301,4.3446083,-0.59375316
214.76,-1008.4793,11.555119,-0.7536357
214.78,-1123.854,1.9411048,-0.7536357
214.79999,-1167.1195,1.6206378,-0.59375316
214.81999,-1133.4685,-6.711507,-0.7536357
214.84,-926.7555,-3.1863687,-0.59375316
214.86,-1013.2866,4.6650753,-0.59375316
214.87999,-1123.854,-1.4237996,-0.2739881
214.9,-1051.7448,4.184375,-0.4338706
214.92,-1051.7448,-2.8659017,-0.59375316
214.94,-893.10455,15.080256,-0.7536357
214.95999,-1104.6249,1.4604042,-0.59375316
214.98,-926.7555,8.350447,-0.7536357
215.0,-1090.2031,-3.026135,-0.4338706
215.01999,-1008.4793,-1.5840333,-0.9135183
215.04,-970.021,14.439322,-0.59375316
215.06,-1119.0468,-5.1091714,-0.7536357
215.08,-1061.3594,4.825309,-0.2739881
215.09999,-1143.0831,-3.026135,-0.59375316
215.12,-1042.1301,6.2674108,-0.2739881
215.14,-1119.0468,-2.8659017,-0.4338706
215.15999,-1095.0103,4.184375,-0.59375316
215.18,-1157.505,-4.3080034,-0.4338706
215.2,-1018.0938,4.6650753,-0.9135183
215.22,-1013.2866,3.2229733,-0.59375316
215.23999,-1119.0468,-4.6284704,-0.9135183
215.26,-1085.3958,-9.59571,-0.4338706
215.28,-1080.5885,-0.14193134,-0.7536357
215.29999,-1143.0831,0.6592364,-0.2739881
215.31999,-1046.9375,1.139937,-0.4338706
215.34,-1099.8176,-1.7442669,-0.7536357
215.36,-1051.7448,8.831148,-0.4338706
215.37999,-1070.9739,-5.910339,-1.0734009
215.4,-1075.7811,-3.827303,-0.7536357
215.42,-1066.1666,0.33876932,-0.4338706
215.44,-1104.6249,-15.04365,-0.4338706
215.45999,-1013.2866,0.49900287,-0.2739881
215.48,-1042.1301,0.17853576,-0.59375316
215.5,-1099.8176,6.4276443,-0.59375316
215.51999,-1075.7811,0.81947,-0.4338706
215.54,-1123.854,-6.230806,-0.59375316
215.56,-1119.0468,-6.711507,-0.59375316
215.58,-1046.9375,-8.474075,-0.7536357
215.59999,-1013.2866,0.6592364,-0.59375316
215.62,-1123.854,2.7422726,-0.4338706
215.64,-1070.9739,-9.755944,-0.4338706
215.65999,-1095.0103,-1.2635663,-0.114105515
215.68,-1046.9375,-0.30216488,-0.114105515
215.7,-1152.6976,-3.5068357,-0.4338706
215.72,-1070.9739,-2.7056682,-0.2739881
215.73999,-1186.3486,-0.9430991,-0.2739881
215.76,-1095.0103,10.75395,-0.114105515
215.78,-1032.5157,7.3890457,-0.4338706
215.79999,-1095.0103,1.4604042,-0.59375316
215.81999,-1133.4685,-7.5126743,-0.2739881
215.84,-1128.6613,12.51652,-0.114105515
215.86,-1008.4793,4.184375,-0.114105515
215.87999,-1066.1666,3.7036738,-0.4338706
215.9,-1066.1666,8.670914,0.045777034
215.92,-1104.6249,-7.993375,-0.7536357
215.94,-1104.6249,3.7036738,-0.4338706
215.95999,-1018.0938,11.234652,-0.2739881
215.98,-1104.6249,-5.910339,-0.114105515
216.0,-1128.6613,-6.3910394,-0.2739881
216.01999,-1037.323,8.02998,0.5254247
216.04,-1075.7811,0.17853576,-0.114105515
216.06,-1181.5414,-13.281082,-0.4338706
216.08,-1282.4943,-0.46239844,-0.114105515
216.09999,-1027.7084,4.3446083,0.045777034
216.12,-1032.5157,3.5434403,-0.114105515
216.14,-1114.2395,6.5878778,0.045777034
216.15999,-1104.6249,0.81947,-0.2739881
216.18,-1181.5414,-5.7501054,-0.2739881
216.2,-994.0574,11.555119,-0.114105515
216.22,-1123.854,-3.3466022,-0.2739881
216.23999,-1099.8176,2.5820389,0.20565958
216.26,-1171.9269,0.81947,0.045777034
216.28,-1080.5885,-1.2635663,-0.4338706
216.29999,-1056.5521,-4.948938,0.045777034
216.31999,-1051.7448,2.7422726,0.045777034
216.34,-1176.734,-7.993375,-0.59375316
216.36,-1032.5157,-2.385201,0.045777034
216.37999,-1095.0103,3.3832066,-0.114105515
216.4,-1157.505,-10.236644,0.045777034
216.42,-1066.1666,4.9855423,-0.2739881
216.44,-1109.4321,-6.3910394,0.045777034
216.45999,-1176.734,-12.800381,0.045777034
216.48,-1114.2395,-0.9430991,0.045777034
216.5,-1195.9633,-1.9045002,0.36554214
216.51999,-1167.1195,-2.385201,0.045777034
216.54,-1171.9269,9.311849,-0.2739881
216.56,-1104.6249,7.709513,-0.114105515
216.58,-1147.8904,-5.2694044,0.045777034
216.59999,-1095.0103,-0.46239844,0.045777034
216.62,-974.8283,7.228812,0.045777034
216.64,-1162.3123,-14.562949,-0.7536357
216.65999,-1042.1301,3.0627398,-0.4338706
216.68,-1253.6505,-15.844818,-0.114105515
216.7,-1070.9739,3.8639073,0.045777034
216.72,-1095.0103,1.3001705,-0.114105515
216.73999,-1075.7811,2.1013381,0.36554214
216.76,-1244.036,-11.518513,-0.114105515
216.78,-1138.2759,-3.026135,-0.114105515
216.79999,-1109.4321,0.33876932,0.045777034
216.81999,-1200.7704,-9.755944,-0.4338706
216.84,-1042.1301,2.4218054,-0.2739881
216.86,-1046.9375,-1.7442669,-0.4338706
216.87999,-1296.9161,-15.04365,-0.2739881
216.9,-1095.0103,-1.7442669,-0.2739881
216.92,-1181.5414,1.139937,0.045777034
216.94,-1244.036,0.17853576,-0.114105515
216.95999,-1123.854,-0.62263197,0.045777034
216.98,-1119.0468,-6.8717403,-0.114105515
217.0,-1272.8798,-8.153608,-0.4338706
217.01999,-1138.2759,-0.46239844,-0.2739881
217.04,-1186.3486,7.8697467,0.045777034
217.06,-1152.6976,1.4604042,-0.114105515
217.08,-1181.5414,4.3446083,0.045777034
217.09999,-1066.1666,1.6206378,-0.59375316
217.12,-984.44293,6.908345,-0.4338706
217.14,-1123.854,4.184375,-0.4338706
217.15999,-1167.1195,-3.6670694,-0.4338706
217.18,-1046.9375,10.27325,0.045777034
217.2,-1191.156,-4.14777,-0.2739881
217.22,-1046.9375,-0.62263197,0.045777034
217.23999,-1119.0468,1.6206378,0.045777034
217.26,-1229.6141,-15.203884,-0.4338706
217.28,-1066.1666,7.0685787,-0.2739881
217.29999,-1003.672,-0.7828655,-0.2739881
217.31999,-1104.6249,-0.46239844,-0.2739881
217.34,-1244.036,7.228812,-0.2739881
217.36,-1095.0103,1.9411048,-0.4338706
217.37999,-1051.7448,6.7481112,-0.4338706
217.4,-984.44293,-9.755944,-0.9135183
217.42,-1027.7084,-0.7828655,-0.4338706
217.44,-1080.5885,0.33876932,-0.59375316
217.45999,-998.8647,21.169132,-0.4338706
217.48,-1147.8904,-5.910339,-0.59375316
217.5,-1090.2031,4.825309,0.045777034
217.51999,-1167.1195,-7.5126743,-0.7536357
217.54,-1133.4685,-3.1863687,-0.59375316
217.56,-998.8647,4.184375,-0.2739881
217.58,-1123.854,-0.14193134,-0.4338706
217.59999,-1027.7084,28.539877,0.045777034
217.62,-1157.505,-8.474075,-0.4338706
217.64,-1143.0831,-5.910339,-0.59375316
217.65999,-1171.9269,-11.518513,-0.7536357
217.68,-1051.7448,5.78671,-0.4338706
217.7,-1143.0831,-0.7828655,-0.4338706
217.72,-1027.7084,12.035819,-0.2739881
217.73999,-1123.854,0.49900287,-0.59375316
217.76,-1200.7704,-0.30216488,-0.59375316
217.78,-1066.1666,-0.30216488,-0.4338706
217.79999,-1210.385,-3.6670694,-0.7536357
217.81999,-1109.4321,-3.5068357,-0.59375316
217.84,-1143.0831,0.17853576,-0.2739881
217.86,-1431.52,-20.49159,-1.0734009
217.87999,-1070.9739,10.113016,-0.114105515
217.9,-1114.2395,1.9411048,-0.59375316
217.92,-1066.1666,5.6264763,-0.4338706
217.94,-1143.0831,1.9411048,-0.59375316
217.95999,-1152.6976,4.825309,-0.114105515
217.98,-1123.854,-3.1863687,-0.4338706
218.0,-1061.3594,3.2229733,0.045777034
218.01999,-1200.7704,0.6592364,-0.4338706
218.04,-1090.2031,-2.2249672,-0.59375316
218.06,-1157.505,-5.7501054,-0.4338706
218.08,-1239.2288,1.3001705,-0.2739881
218.09999,-1109.4321,5.9469438,-0.2739881
218.12,-1147.8904,-0.46239844,-0.59375316
218.14,-1119.0468,9.792548,0.045777034
218.15999,-1268.0724,-0.46239844,-0.2739881
218.18,-1210.385,-5.429638,0.36554214
218.2,-1104.6249,-0.62263197,-0.114105515
218.22,-1195.9633,-1.7442669,-0.114105515
218.23999,-1090.2031,9.151615,-0.2739881
218.26,-1128.6613,-1.4237996,-0.2739881
218.28,-1075.7811,-0.30216488,0.045777034
218.29999,-1119.0468,-8.313842,-0.2739881
218.31999,-1152.6976,-6.230806,-0.2739881
218.34,-1181.5414,2.4218054,-0.114105515
218.36,-1171.9269,-3.9875362,-0.114105515
218.37999,-1258.4578,-13.922015,0.20565958
218.4,-1205.5778,-3.1863687,-0.4338706
218.42,-1195.9633,-5.1091714,0.045777034
218.44,-1090.2031,-3.6670694,0.045777034
218.45999,-1128.6613,-0.30216488,0.045777034
218.48,-1229.6141,6.7481112,0.045777034
218.5,-1176.734,5.145776,-0.2739881
218.51999,-1171.9269,-5.429638,0.20565958
218.54,-1162.3123,0.9797035,-0.114105515
218.56,-1123.854,-6.230806,0.20565958
218.58,-1162.3123,-3.9875362,-0.114105515
218.59999,-1037.323,4.6650753,-0.114105515
218.62,-1119.0468,-3.3466022,-0.2739881
218.64,-1200.7704,-0.62263197,-0.114105515
218.65999,-1162.3123,8.02998,-0.4338706
218.68,-1152.6976,7.3890457,-0.114105515
218.7,-1114.2395,-0.9430991,-0.59375316
218.72,-1224.8069,-6.711507,-0.4338706
218.73999,-1109.4321,-2.385201,-0.4338706
218.76,-1167.1195,-0.9430991,-0.4338706
218.78,-1176.734,-4.7887044,-0.2739881
218.79999,-1176.734,0.49900287,-0.4338706
218.81999,-1239.2288,1.3001705,-0.2739881
218.84,-1195.9633,4.504842,-0.4338706
218.86,-1167.1195,3.5434403,-0.114105515
218.87999,-1316.1453,-6.711507,-0.2739881
218.9,-1234.4214,-11.518513,-0.4338706
218.92,-1104.6249,10.433483,-0.59375316
218.94,-1200.7704,7.549279,-0.2739881
218.95999,-1143.0831,-2.0647337,0.045777034
218.98,-1224.8069,2.261572,0.045777034
219.0,-1090.2031,2.261572,-0.114105515
219.01999,-1239.2288,-8.474075,-0.4338706
219.04,-1128.6613,7.228812,-0.114105515
219.06,-1104.6249,0.018302217,-0.114105515
219.08,-1272.8798,-4.948938,-0.4338706
219.09999,-1128.6613,-6.0705724,-0.59375316
219.12,-1296.9161,-5.910339,-0.4338706
219.14,-1162.3123,0.9797035,-0.2739881
219.15999,-1186.3486,-4.468237,-0.2739881
219.18,-1277.687,-2.385201,-0.59375316
219.2,-1268.0724,-6.5512733,-0.2739881
219.22,-1248.8434,-12.960614,-0.7536357
219.23999,-1234.4214,-17.126686,-0.59375316
219.26,-1167.1195,1.139937,-0.4338706
219.28,-1210.385,-7.352441,-0.59375316
219.29999,-1378.6399,-13.441315,-0.59375316
219.31999,-1325.7598,-1.2635663,0.045777034
219.34,-1104.6249,2.261572,-0.9135183
219.36,-1263.2651,2.7422726,-0.114105515
219.37999,-1229.6141,-7.352441,-0.4338706
219.4,-1128.6613,4.024141,-0.114105515
219.42,-1176.734,-8.153608,0.045777034
219.44,-1301.7234,-6.230806,-0.59375316
219.45999,-1215.1924,-3.6670694,-0.59375316
219.48,-1070.9739,11.234652,-0.2739881
219.5,-1239.2288,-0.46239844,-0.114105515
219.51999,-1167.1195,-0.14193134,-0.2739881
219.54,-1219.9996,0.6592364,0.20565958
219.56,-1210.385,2.1013381,-0.4338706
219.58,-1253.6505,0.17853576,0.045777034
219.59999,-1099.8176,7.549279,-0.4338706
219.62,-1061.3594,20.047497,-0.114105515
219.64,-1167.1195,-12.31968,-0.9135183
219.65999,-1109.4321,8.190214,-0.114105515
219.68,-1157.505,8.02998,-0.114105515
219.7,-1253.6505,-13.281082,-0.4338706
219.72,-1191.156,0.6592364,-0.114105515
219.73999,-1080.5885,12.356286,0.20565958
219.76,-1277.687,-4.6284704,-0.4338706
219.78,-1239.2288,-5.589872,-0.2739881
219.79999,-1320.9525,-20.49159,-0.4338706
219.81999,-1147.8904,-1.5840333,-0.59375316
219.84,-1224.8069,-2.7056682,-0.7536357
219.86,-1123.854,-3.1863687,-0.59375316
219.87999,-1330.567,3.0627398,-0.114105515
219.9,-1162.3123,0.9797035,-0.59375316
219.92,-1181.5414,-4.7887044,-0.2739881
219.94,-1186.3486,5.78671,-0.4338706
219.95999,-1219.9996,0.17853576,-0.114105515
219.98,-1210.385,6.908345,-0.2739881
220.0,-1244.036,0.018302217,-0.2739881
220.01999,-1244.036,-15.203884,-0.4338706
220.04,-1162.3123,-4.14777,-0.4338706
220.06,-1229.6141,-3.6670694,-0.4338706
220.08,-1027.7084,13.317687,-0.2739881
220.09999,-1147.8904,-1.1033326,-0.2739881
220.12,-1205.5778,7.3890457,-0.2739881
220.14,-1157.505,4.184375,-0.114105515
220.15999,-1234.4214,-4.948938,-0.2739881
220.18,-1167.1195,16.682592,0.045777034
220.2,-1224.8069,-4.468237,-0.4338706
220.22,-1099.8176,9.472081,-0.7536357
220.23999,-1229.6141,-3.1863687,-0.4338706
220.26,-1162.3123,6.908345,0.20565958
220.28,-1109.4321,2.902506,-0.2739881
220.29999,-1258.4578,-2.5454345,-0.4338706
220.31999,-1219.9996,9.151615,0.20565958
220.34,-1167.1195,-0.62263197,-0.59375316
220.36,-1263.2651,-10.557112,-0.114105515
220.37999,-1215.1924,-4.6284704,-0.59375316
220.4,-1191.156,2.1013381,-0.114105515
220.42,-1200.7704,-1.9045002,-0.2739881
220.44,-1186.3486,0.6592364,-0.4338706
220.45999,-1234.4214,-0.14193134,-0.2739881
220.48,-1138.2759,4.9855423,-0.59375316
220.5,-1099.8176,12.8369875,-0.59375316
220.51999,-1128.6613,7.228812,-0.4338706
220.54,-1123.854,3.8639073,0.045777034
220.56,-1244.036,-6.3910394,0.045777034
220.58,-1282.4943,-7.993375,-0.2739881
220.59999,-1181.5414,4.3446083,-0.4338706
220.62,-1176.734,2.261572,-0.2739881
220.64,-1244.036,-6.711507,-0.7536357
220.65999,-1219.9996,7.709513,-0.2739881
220.68,-1306.5306,0.9797035,-0.114105515
220.7,-1123.854,4.825309,-0.2739881
220.72,-1152.6976,1.9411048,0.045777034
220.73999,-1219.9996,5.145776,-0.4338706
220.76,-1171.9269,1.7808713,-0.4338706
220.78,-1234.4214,-5.910339,-0.4338706
220.79999,-1210.385,-8.474075,-0.4338706
220.81999,-1244.036,-5.2694044,-0.59375316
220.84,-1316.1453,-0.46239844,-0.4338706
220.86,-1282.4943,-8.474075,-0.59375316
220.87999,-1253.6505,-2.7056682,-0.59375316
220.9,-1282.4943,2.261572,-0.2739881
220.92,-1176.734,-3.026135,-0.114105515
220.94,-1138.2759,-2.7056682,-0.59375316
220.95999,-1306.5306,-12.960614,-0.7536357
220.98,-1171.9269,4.9855423,-0.59375316
221.0,-1244.036,0.9797035,-0.2739881
221.01999,-1133.4685,5.145776,-0.4338706
221.04,-1066.1666,18.605394,-0.4338706
221.06,-1344.9889,-9.115009,-0.59375316
221.08,-1138.2759,8.991381,-0.2739881
221.09999,-1195.9633,5.9469438,-0.114105515
221.12,-1296.9161,-6.8717403,-0.4338706
221.14,-1258.4578,-3.5068357,-0.2739881
221.15999,-1085.3958,2.5820389,-0.59375316
221.18,-1147.8904,3.0627398,0.045777034
221.2,-1051.7448,3.3832066,-0.114105515
221.22,-1176.734,6.4276443,0.045777034
221.23999,-1229.6141,-2.7056682,-0.4338706
221.26,-1147.8904,10.27325,0.045777034
221.28,-1143.0831,-0.9430991,-0.2739881
221.29999,-1195.9633,3.5434403,-0.4338706
221.31999,-1239.2288,1.3001705,0.045777034
221.34,-1219.9996,4.184375,-0.114105515
221.36,-1229.6141,-9.275244,0.045777034
221.37999,-1176.734,-1.2635663,-0.4338706
221.4,-984.44293,4.6650753,-0.114105515
221.42,-1171.9269,-2.0647337,-0.4338706
221.44,-1205.5778,-0.9430991,-0.2739881
221.45999,-1244.036,0.49900287,0.045777034
221.48,-1219.9996,7.3890457,0.045777034
221.5,-1431.52,-25.138361,-0.2739881
221.51999,-1219.9996,4.3446083,-0.114105515
221.54,-1234.4214,0.81947,-0.114105515
221.56,-1244.036,-1.2635663,-0.114105515
221.58,-1128.6613,1.4604042,-0.114105515
221.59999,-1263.2651,-2.385201,-0.114105515
221.62,-1162.3123,2.1013381,0.045777034
221.64,-1296.9161,2.1013381,0.20565958
221.65999,-1167.1195,4.184375,-0.114105515
221.68,-1248.8434,8.02998,-0.114105515
221.7,-1330.567,-11.678746,0.20565958
221.72,-1210.385,4.9855423,0.045777034
221.73999,-1200.7704,6.1071773,-0.2739881
221.76,-1162.3123,4.504842,-0.114105515
221.78,-1301.7234,-6.8717403,-0.2739881
221.79999,-1085.3958,21.0089,-0.114105515
221.81999,-1282.4943,-4.6284704,-0.114105515
221.84,-1186.3486,7.709513,-0.114105515
221.86,-1224.8069,-4.6284704,-0.114105515
221.87999,-1224.8069,0.33876932,-0.114105515
221.9,-1335.3743,-0.14193134,0.5254247
221.92,-1316.1453,-9.916177,-0.2739881
221.94,-1205.5778,4.024141,0.5254247
221.95999,-1287.3015,-17.447153,-0.2739881
221.98,-1070.9739,7.549279,0.045777034
222.0,-1224.8069,-1.2635663,-0.114105515
222.01999,-1268.0724,-4.3080034,-0.2739881
222.04,-1340.1816,-11.198046,-0.2739881
222.06,-1311.3379,-5.2694044,-0.114105515
222.08,-1210.385,1.6206378,0.045777034
222.09999,-1244.036,-2.0647337,-0.2739881
222.12,-1239.2288,0.49900287,0.20565958
222.14,-1325.7598,1.139937,-0.114105515
222.15999,-1248.8434,-9.435476,-0.59375316
222.18,-1244.036,-1.4237996,-0.2739881
222.2,-1306.5306,-7.5126743,-0.114105515
222.22,-1229.6141,-6.0705724,-0.114105515
222.23999,-1186.3486,2.7422726,0.045777034
222.26,-1258.4578,-4.3080034,-0.4338706
222.28,-1311.3379,-2.7056682,-0.2739881
222.29999,-1258.4578,5.6264763,0.045777034
222.31999,-1330.567,-5.1091714,0.045777034
222.34,-1219.9996,4.825309,0.045777034
222.36,-1330.567,-6.711507,0.045777034
222.37999,-1171.9269,0.81947,-0.2739881
222.4,-1277.687,-1.5840333,-0.2739881
222.42,-1224.8069,-0.7828655,0.045777034
222.44,-1181.5414,3.0627398,-0.2739881
222.45999,-1200.7704,1.9411048,-0.114105515
222.48,-1421.9054,-15.844818,-0.114105515
222.5,-1253.6505,-0.9430991,-0.114105515
222.51999,-1397.869,-8.153608,0.045777034
222.54,-1306.5306,-5.910339,0.045777034
222.56,-1195.9633,0.81947,-0.4338706
222.58,-1162.3123,9.472081,-0.114105515
222.59999,-1147.8904,1.3001705,-0.114105515
222.62,-1311.3379,-1.9045002,-0.2739881
222.64,-1210.385,11.875586,0.045777034
222.65999,-1248.8434,4.9855423,-0.114105515
222.68,-1205.5778,-0.9430991,-0.114105515
222.7,-1316.1453,7.549279,0.5254247
222.72,-1277.687,-5.2694044,0.045777034
222.73999,-1224.8069,3.0627398,-0.4338706
222.76,-1272.8798,-5.910339,-0.4338706
222.78,-1152.6976,2.261572,-0.114105515
222.79999,-1181.5414,8.02998,-0.114105515
222.81999,-1325.7598,-2.5454345,0.045777034
222.84,-1311.3379,3.0627398,0.5254247
222.86,-1421.9054,-15.524351,0.045777034
222.87999,-1320.9525,-0.46239844,0.20565958
222.9,-1277.687,-4.6284704,0.045777034
222.92,-1215.1924,-0.62263197,-0.4338706
222.94,-1287.3015,-1.4237996,0.045777034
222.95999,-1320.9525,0.6592364,0.20565958
222.98,-1147.8904,0.6592364,0.045777034
223.0,-1272.8798,-4.468237,0.045777034
223.01999,-1248.8434,0.33876932,0.045777034
223.04,-1263.2651,-0.7828655,-0.114105515
223.06,-1263.2651,1.3001705,0.045777034
223.08,-1277.687,-3.827303,0.20565958
223.09999,-1248.8434,3.3832066,0.20565958
223.12,-1248.8434,4.024141,0.20565958
223.14,-1219.9996,0.6592364,0.045777034
223.15999,-1215.1924,-1.1033326,0.20565958
223.18,-1325.7598,-1.7442669,0.20565958
223.2,-1181.5414,-7.672908,-0.114105515
223.22,-1119.0468,1.4604042,0.20565958
223.23999,-1263.2651,5.9469438,0.045777034
223.26,-1263.2651,4.9855423,0.045777034
223.28,-1104.6249,8.02998,0.36554214
223.29999,-1397.869,-15.364117,-0.2739881
223.31999,-1287.3015,-3.026135,0.20565958
223.34,-1320.9525,-0.62263197,0.36554214
223.36,-1195.9633,0.81947,0.20565958
223.37999,-1335.3743,-5.429638,0.36554214
223.4,-1181.5414,1.6206378,0.045777034
223.42,-1253.6505,6.1071773,0.20565958
223.44,-1268.0724,-2.8659017,0.5254247
223.45999,-1287.3015,-6.0705724,0.045777034
223.48,-1316.1453,-10.076411,0.045777034
223.5,-1215.1924,-3.6670694,-0.114105515
223.51999,-1301.7234,-5.910339,0.045777034
223.54,-1311.3379,4.825309,0.5254247
223.56,-1200.7704,-6.230806,0.5254247
223.58,-1239.2288,-3.1863687,0.045777034
223.59999,-1292.1088,-1.5840333,0.045777034
223.62,-1186.3486,3.5434403,0.045777034
223.64,-1292.1088,-7.192207,-0.114105515
223.65999,-1224.8069,3.3832066,0.045777034
223.68,-1349.7963,-3.3466022,-0.2739881
223.7,-1224.8069,-2.5454345,0.045777034
223.72,-1407.4836,-1.9045002,0.36554214
223.73999,-1162.3123,13.477921,0.5254247
223.76,-1349.7963,-3.9875362,0.045777034
223.78,-1229.6141,3.7036738,0.20565958
223.79999,-1200.7704,3.8639073,0.045777034
223.81999,-1171.9269,7.549279,0.20565958
223.84,-1320.9525,1.7808713,0.36554214
223.86,-1301.7234,0.6592364,0.045777034
223.87999,-1287.3015,0.81947,0.36554214
223.9,-1176.734,7.709513,0.20565958
223.92,-1359.4106,-2.7056682,0.045777034
223.94,-1354.6035,-4.6284704,0.20565958
223.95999,-1253.6505,-3.026135,-0.114105515
223.98,-1330.567,-1.2635663,-0.114105515
224.0,-1224.8069,6.908345,0.045777034
224.01999,-1268.0724,0.6592364,0.20565958
224.04,-1186.3486,18.284927,0.68530726
224.06,-1272.8798,4.9855423,0.20565958
224.08,-1244.036,4.504842,0.20565958
224.09999,-1239.2288,3.8639073,0.5254247
224.12,-1320.9525,-3.5068357,0.045777034
224.14,-1272.8798,-3.9875362,0.20565958
224.15999,-1239.2288,-2.8659017,-0.114105515
224.18,-1402.6763,-1.4237996,0.36554214
224.2,-1277.687,2.7422726,0.045777034
224.22,-1210.385,8.831148,-0.2739881
224.23999,-1224.8069,0.018302217,0.20565958
224.26,-1219.9996,7.8697467,0.36554214
224.28,-1258.4578,-1.9045002,0.36554214
224.29999,-1268.0724,-1.4237996,0.5254247
224.31999,-1272.8798,9.792548,0.045777034
224.34,-1253.6505,-0.46239844,-0.114105515
224.36,-1253.6505,5.9469438,0.5254247
224.37999,-1373.8326,-10.236644,0.20565958
224.4,-1296.9161,-6.0705724,0.20565958
224.42,-1181.5414,9.472081,0.045777034
224.44,-1296.9161,-2.5454345,0.045777034
224.45999,-1258.4578,2.7422726,0.36554214
224.48,-1316.1453,-4.468237,1.0050724
224.5,-1147.8904,8.350447,0.36554214
224.51999,-1402.6763,-7.192207,-0.4338706
224.54,-1287.3015,4.504842,0.68530726
224.56,-1277.687,-1.1033326,0.20565958
224.58,-1239.2288,-4.948938,0.5254247
224.59999,-1277.687,-0.62263197,0.36554214
224.62,-1263.2651,-0.9430991,-0.114105515
224.64,-1311.3379,-1.2635663,0.20565958
224.65999,-1239.2288,-3.9875362,0.5254247
224.68,-1219.9996,4.504842,0.68530726
224.7,-1335.3743,-2.7056682,0.20565958
224.72,-1306.5306,1.139937,0.36554214
224.73999,-1253.6505,0.17853576,0.20565958
224.76,-1277.687,4.6650753,0.20565958
224.78,-1335.3743,-6.711507,0.20565958
224.79999,-1195.9633,2.1013381,-0.2739881
224.81999,-1152.6976,2.902506,0.36554214
224.84,-1239.2288,0.49900287,0.20565958
224.86,-1296.9161,2.1013381,0.5254247
224.87999,-1272.8798,0.17853576,0.20565958
224.9,-1426.7126,-2.7056682,0.20565958
224.92,-1268.0724,-0.14193134,0.36554214
224.94,-1359.4106,-2.0647337,-0.114105515
224.95999,-1378.6399,-6.0705724,0.20565958
224.98,-1292.1088,2.7422726,0.045777034
225.0,-1330.567,-2.5454345,0.045777034
225.01999,-1320.9525,-6.8717403,-0.4338706
225.04,-1383.4471,4.184375,0.5254247
225.06,-1349.7963,3.0627398,0.5254247
225.08,-1258.4578,11.234652,0.5254247
225.09999,-1272.8798,1.139937,0.20565958
225.12,-1311.3379,0.018302217,0.20565958
225.14,-1229.6141,5.145776,0.20565958
225.15999,-1272.8798,-6.5512733,-0.114105515
225.18,-1320.9525,1.4604042,0.20565958
225.2,-1224.8069,4.6650753,0.045777034
225.22,-1378.6399,-2.2249672,0.20565958
225.23999,-1393.0616,-1.7442669,0.045777034
225.26,-1320.9525,-0.46239844,0.20565958
225.28,-1234.4214,3.3832066,0.36554214
225.29999,-1195.9633,-2.385201,0.36554214
225.31999,-1306.5306,0.9797035,0.045777034
225.34,-1210.385,6.908345,0.5254247
225.36,-1205.5778,5.9469438,-0.114105515
225.37999,-1316.1453,-4.948938,0.045777034
225.4,-1234.4214,12.8369875,0.20565958
225.42,-1205.5778,5.3060093,0.20565958
225.44,-1349.7963,3.0627398,0.20565958
225.45999,-1263.2651,5.145776,0.68530726
225.48,-1465.1709,-10.076411,0.20565958
225.5,-1397.869,-4.6284704,0.36554214
225.51999,-1296.9161,9.792548,0.68530726
225.54,-1258.4578,5.6264763,0.5254247
225.56,-1311.3379,-2.8659017,0.20565958
225.58,-1320.9525,3.8639073,0.5254247
225.59999,-1296.9161,2.7422726,0.68530726
225.62,-1316.1453,10.914185,0.20565958
225.64,-1272.8798,1.139937,0.20565958
225.65999,-1282.4943,5.466243,0.36554214
225.68,-1244.036,2.1013381,0.36554214
225.7,-1176.734,5.78671,0.36554214
225.72,-1296.9161,-0.62263197,0.20565958
225.73999,-1335.3743,-4.3080034,0.045777034
225.76,-1335.3743,2.261572,0.20565958
225.78,-1508.4365,-6.8717403,0.68530726
225.79999,-1296.9161,3.3832066,0.5254247
225.81999,-1349.7963,-6.0705724,0.20565958
225.84,-1364.218,2.261572,0.36554214
225.86,-1277.687,6.908345,0.68530726
225.87999,-1282.4943,-5.1091714,0.5254247
225.9,-1369.0253,-0.7828655,0.045777034
225.92,-1282.4943,-1.9045002,-0.114105515
225.94,-1301.7234,-6.5512733,-0.4338706
225.95999,-1344.9889,-5.910339,-0.2739881
225.98,-1340.1816,1.4604042,0.20565958
226.0,-1301.7234,0.9797035,0.20565958
226.01999,-1388.2544,-2.2249672,0.045777034
226.04,-1306.5306,-1.4237996,-0.114105515
226.06,-1325.7598,-4.7887044,-0.114105515
226.08,-1412.2908,0.33876932,0.20565958
226.09999,-1316.1453,1.4604042,0.20565958
226.12,-1335.3743,-3.5068357,-0.114105515
226.14,-1373.8326,-7.993375,-0.114105515
226.15999,-1316.1453,-1.1033326,0.045777034
226.18,-1287.3015,2.261572,0.045777034
226.2,-1426.7126,-15.04365,-0.59375316
226.22,-1272.8798,5.3060093,-0.114105515
226.23999,-1244.036,4.6650753,0.045777034
226.26,-1441.1345,-7.192207,0.045777034
226.28,-1412.2908,0.018302217,0.045777034
226.29999,-1282.4943,11.074417,-0.2739881
226.31999,-1369.0253,-4.3080034,-0.114105515
226.34,-1373.8326,1.3001705,0.20565958
226.36,-1287.3015,-7.833141,-0.2739881
226.37999,-1354.6035,-1.2635663,-0.2739881
226.4,-1306.5306,-2.8659017,-0.114105515
226.42,-1373.8326,6.908345,0.5254247
226.44,-1301.7234,2.1013381,0.045777034
226.45999,-1340.1816,7.228812,-0.114105515
226.48,-1335.3743,1.3001705,-0.114105515
226.5,-1335.3743,0.49900287,0.045777034
226.51999,-1354.6035,-7.0319734,0.045777034
226.54,-1320.9525,-4.948938,0.045777034
226.56,-1181.5414,9.952783,0.20565958
226.58,-1340.1816,-0.30216488,0.20565958
226.59999,-1316.1453,1.4604042,-0.114105515
226.62,-1349.7963,8.190214,0.20565958
226.64,-1296.9161,17.323528,0.36554214
226.65999,-1325.7598,-8.954777,-0.114105515
226.68,-1244.036,5.466243,-0.114105515
226.7,-1388.2544,-6.5512733,-0.2739881
226.72,-1465.1709,-3.3466022,0.20565958
226.73999,-1325.7598,0.17853576,-0.114105515
226.76,-1397.869,-8.153608,-0.2739881
226.78,-1248.8434,-1.1033326,-0.114105515
226.79999,-1393.0616,-2.7056682,0.045777034
226.81999,-1316.1453,2.5820389,0.20565958
226.84,-1402.6763,-6.711507,-0.114105515
226.86,-1277.687,-0.62263197,-0.2739881
226.87999,-1359.4106,-0.9430991,0.045777034
226.9,-1224.8069,7.549279,0.045777034
226.92,-1219.9996,-1.7442669,0.045777034
226.94,-1421.9054,-5.910339,-0.4338706
226.95999,-1219.9996,8.831148,0.045777034
226.98,-1311.3379,0.9797035,-0.114105515
227.0,-1287.3015,11.074417,0.36554214
227.01999,-1330.567,1.6206378,0.20565958
227.04,-1272.8798,14.1188545,0.045777034
227.06,-1364.218,-7.5126743,-0.114105515
227.08,-1258.4578,3.0627398,-0.114105515
227.09999,-1292.1088,-7.352441,0.20565958
227.12,-1349.7963,-4.14777,0.045777034
227.14,-1412.2908,-5.589872,-0.114105515
227.15999,-1239.2288,15.400723,0.045777034
227.18,-1402.6763,-0.46239844,0.045777034
227.2,-1426.7126,-4.3080034,0.20565958
227.22,-1292.1088,1.3001705,0.045777034
227.23999,-1388.2544,1.139937,0.20565958
227.26,-1388.2544,1.4604042,0.20565958
227.28,-1359.4106,0.33876932,0.20565958
227.29999,-1436.3271,7.549279,0.20565958
227.31999,-1335.3743,-9.275244,-0.114105515
227.34,-1219.9996,8.831148,0.045777034
227.36,-1412.2908,-1.1033326,0.20565958
227.37999,-1354.6035,3.3832066,0.36554214
227.4,-1421.9054,-13.120848,0.5254247
227.42,-1277.687,0.33876932,0.045777034
227.44,-1421.9054,4.825309,0.5254247
227.45999,-1359.4106,-7.993375,0.36554214
227.48,-1272.8798,5.466243,0.5254247
227.5,-1325.7598,0.33876932,0.20565958
227.51999,-1364.218,8.190214,0.20565958
227.54,-1436.3271,-5.1091714,0.20565958
227.56,-1489.2073,-16.645985,0.045777034
227.58,-1268.0724,-1.1033326,0.20565958
227.59999,-1282.4943,3.3832066,0.5254247
227.62,-1402.6763,-2.5454345,0.5254247
227.64,-1465.1709,3.5434403,0.5254247
227.65999,-1277.687,4.825309,0.36554214
227.68,-1258.4578,6.2674108,0.5254247
227.7,-1436.3271,-2.7056682,0.045777034
227.72,-1431.52,-8.313842,-0.2739881
227.73999,-1421.9054,-5.429638,-0.114105515
227.76,-1397.869,4.6650753,0.5254247
227.78,-1340.1816,-2.0647337,0.36554214
227.79999,-1330.567,3.3832066,0.5254247
227.81999,-1373.8326,6.1071773,0.68530726
227.84,-1407.4836,3.0627398,0.5254247
227.86,-1455.5564,-0.7828655,0.8451898
227.87999,-1349.7963,-1.1033326,0.045777034
227.9,-1465.1709,-4.6284704,0.045777034
227.92,-1397.869,-1.9045002,-0.114105515
227.94,-1426.7126,-2.7056682,0.20565958
227.95999,-1407.4836,0.17853576,0.68530726
227.98,-1465.1709,-7.352441,0.045777034
228.0,-1186.3486,13.477921,0.36554214
228.01999,-1426.7126,-3.1863687,0.045777034
228.04,-1417.098,-1.1033326,0.20565958
228.06,-1369.0253,0.9797035,0.20565958
228.08,-1335.3743,-2.0647337,0.36554214
228.09999,-1522.8583,-16.165285,-0.2739881
228.12,-1277.687,0.81947,0.20565958
228.14,-1450.749,-5.589872,0.20565958
228.15999,-1445.9418,5.145776,0.20565958
228.18,-1364.218,-5.7501054,-0.114105515
228.2,-1378.6399,7.709513,0.68530726
228.22,-1484.4,1.139937,0.045777034
228.23999,-1489.2073,-13.120848,0.20565958
228.26,-1373.8326,-6.3910394,0.045777034
228.28,-1397.869,-3.6670694,-0.4338706
228.29999,-1445.9418,-3.5068357,-0.114105515
228.31999,-1325.7598,3.0627398,-0.2739881
228.34,-1306.5306,-0.14193134,0.36554214
228.36,-1359.4106,-3.827303,-0.114105515
228.37999,-1518.0509,-3.1863687,0.045777034
228.4,-1426.7126,2.902506,-0.114105515
228.42,-1393.0616,2.261572,0.20565958
228.44,-1402.6763,0.49900287,-0.114105515
228.45999,-1489.2073,0.17853576,0.20565958
228.48,-1378.6399,1.139937,0.20565958
228.5,-1431.52,4.9855423,0.20565958
228.51999,-1450.749,-7.5126743,-0.59375316
228.54,-1359.4106,1.9411048,0.045777034
228.56,-1426.7126,-4.7887044,-0.2739881
228.58,-1301.7234,4.3446083,0.20565958
228.59999,-1489.2073,-8.313842,-0.114105515
228.62,-1460.3636,-0.30216488,0.045777034
228.64,-1393.0616,1.6206378,0.5254247
228.65999,-1253.6505,5.3060093,0.36554214
228.68,-1340.1816,0.9797035,0.20565958
228.7,-1393.0616,1.7808713,0.5254247
228.72,-1330.567,18.445162,0.5254247
228.73999,-1397.869,-1.7442669,0.5254247
228.76,-1335.3743,7.8697467,0.36554214
228.78,-1364.218,8.190214,0.36554214
228.79999,-1393.0616,1.9411048,0.8451898
228.81999,-1426.7126,-1.5840333,0.5254247
228.84,-1436.3271,6.1071773,0.36554214
228.86,-1522.8583,-6.230806,0.20565958
228.87999,-1474.7855,-0.9430991,0.20565958
228.9,-1460.3636,-5.2694044,0.20565958
228.92,-1320.9525,0.17853576,0.045777034
228.94,-1359.4106,2.1013381,0.5254247
228.95999,-1378.6399,0.018302217,0.36554214
228.98,-1484.4,4.3446083,0.36554214
229.0,-1489.2073,3.3832066,0.20565958
229.01999,-1421.9054,-1.1033326,0.20565958
229.04,-1498.8219,-12.31968,-0.114105515
229.06,-1455.5564,2.902506,0.045777034
229.08,-1316.1453,0.6592364,0.36554214
229.09999,-1296.9161,4.184375,0.36554214
229.12,-1431.52,-5.1091714,0.20565958
229.14,-1469.9781,-13.281082,0.045777034
229.15999,-1378.6399,1.9411048,0.68530726
229.18,-1431.52,-10.396878,0.68530726
229.2,-1378.6399,12.196053,0.8451898
229.22,-1445.9418,-3.026135,0.36554214
229.23999,-1441.1345,2.902506,0.68530726
229.26,-1282.4943,4.3446083,0.5254247
229.28,-1426.7126,-0.14193134,0.5254247
229.29999,-1431.52,2.1013381,0.20565958
229.31999,-1383.4471,1.9411048,0.045777034
229.34,-1503.6292,-17.126686,0.20565958
229.36,-1364.218,7.3890457,0.36554214
229.37999,-1349.7963,1.7808713,-0.114105515
229.4,-1378.6399,3.7036738,0.36554214
229.42,-1426.7126,-0.7828655,-0.114105515
229.44,-1359.4106,6.908345,0.5254247
229.45999,-1431.52,-0.30216488,0.20565958
229.48,-1292.1088,10.27325,0.045777034
229.5,-1460.3636,-2.7056682,0.36554214
229.51999,-1417.098,-1.4237996,0.20565958
229.54,-1330.567,4.6650753,0.36554214
229.56,-1239.2288,6.5878778,0.20565958
229.58,-1445.9418,-0.9430991,0.045777034
229.59999,-1441.1345,1.7808713,0.045777034
229.62,-1417.098,1.7808713,0.20565958
229.64,-1421.9054,-1.2635663,0.36554214
229.65999,-1397.869,-1.2635663,0.20565958
229.68,-1407.4836,-12.31968,-0.114105515
229.7,-1498.8219,0.81947,0.045777034
229.72,-1479.5928,-1.1033326,0.045777034
229.73999,-1417.098,-0.46239844,-0.114105515
229.76,-1417.098,-2.2249672,0.20565958
229.78,-1469.9781,2.4218054,0.20565958
229.79999,-1407.4836,-1.7442669,-0.114105515
229.81999,-1325.7598,4.3446083,0.36554214
229.84,-1397.869,-3.026135,-0.114105515
229.86,-1445.9418,-4.468237,0.045777034
229.87999,-1479.5928,-11.678746,-0.114105515
229.9,-1373.8326,-3.9875362,-0.2739881
229.92,-1412.2908,-0.62263197,0.20565958
229.94,-1369.0253,4.825309,0.20565958
229.95999,-1498.8219,-0.14193134,0.36554214
229.98,-1344.9889,3.0627398,0.20565958
230.0,-1354.6035,-0.7828655,-0.2739881
230.01999,-1369.0253,8.510681,0.5254247
230.04,-1465.1709,-1.4237996,0.20565958
230.06,-1330.567,4.024141,0.045777034
230.08,-1532.4729,-7.0319734,0.045777034
230.09999,-1349.7963,11.715352,0.36554214
230.12,-1417.098,-2.8659017,0.68530726
230.14,-1469.9781,-7.993375,0.045777034
230.15999,-1306.5306,-0.30216488,0.045777034
230.18,-1508.4365,-13.120848,0.045777034
230.2,-1373.8326,0.49900287,0.045777034
230.22,-1450.749,5.78671,0.36554214
230.23999,-1311.3379,9.952783,0.36554214
230.26,-1484.4,-2.385201,0.045777034
230.28,-1469.9781,0.49900287,0.36554214
230.29999,-1436.3271,-2.385201,0.36554214
230.31999,-1445.9418,-2.2249672,0.5254247
230.34,-1359.4106,2.1013381,0.5254247
230.36,-1441.1345,4.6650753,0.045777034
230.37999,-1412.2908,4.9855423,0.20565958
230.4,-1474.7855,-1.4237996,0.5254247
230.42,-1426.7126,2.261572,0.5254247
230.44,-1402.6763,-0.7828655,0.045777034
230.45999,-1417.098,7.3890457,0.68530726
230.48,-1513.2437,-10.717345,-0.2739881
230.5,-1369.0253,1.7808713,0.5254247
230.51999,-1364.218,-0.46239844,-0.2739881
230.54,-1431.52,-7.352441,0.20565958
230.56,-1494.0145,-8.634309,0.20565958
230.58,-1494.0145,2.1013381,0.36554214
230.59999,-1513.2437,5.3060093,0.20565958
230.62,-1325.7598,5.3060093,0.36554214
230.64,-1412.2908,4.024141,0.20565958
230.65999,-1450.749,-4.468237,0.20565958
230.68,-1320.9525,18.765629,0.8451898
230.7,-1484.4,-0.30216488,0.68530726
230.72,-1388.2544,4.9855423,0.5254247
230.73999,-1551.7019,-19.049488,0.045777034
230.76,-1306.5306,10.75395,0.36554214
230.78,-1354.6035,-0.9430991,0.045777034
230.79999,-1292.1088,2.1013381,0.20565958
230.81999,-1340.1816,-8.153608,-0.114105515
230.84,-1498.8219,1.9411048,0.36554214
230.86,-1445.9418,-0.62263197,0.36554214
230.87999,-1527.6655,-13.601548,0.045777034
230.9,-1373.8326,0.6592364,0.36554214
230.92,-1402.6763,0.81947,0.20565958
230.94,-1325.7598,10.433483,0.5254247
230.95999,-1378.6399,0.49900287,0.5254247
230.98,-1441.1345,-2.2249672,0.20565958
231.0,-1479.5928,-8.634309,0.5254247
231.01999,-1397.869,6.5878778,0.36554214
231.04,-1465.1709,-2.385201,0.36554214
231.06,-1455.5564,-9.755944,0.36554214
231.08,-1412.2908,0.018302217,0.5254247
231.09999,-1460.3636,-8.634309,-0.114105515
231.12,-1551.7019,-11.358279,-0.114105515
231.14,-1474.7855,0.6592364,0.045777034
231.15999,-1340.1816,3.0627398,0.045777034
231.18,-1532.4729,6.4276443,0.045777034
231.2,-1407.4836,-1.5840333,0.20565958
231.22,-1599.7748,-3.5068357,0.5254247
231.23999,-1388.2544,8.02998,0.5254247
231.26,-1585.3529,-4.6284704,0.5254247
231.28,-1445.9418,-4.6284704,-0.59375316
231.29999,-1407.4836,1.7808713,0.045777034
231.31999,-1522.8583,-6.230806,0.045777034
231.34,-1431.52,-6.0705724,0.20565958
231.36,-1450.749,5.3060093,0.5254247
231.37999,-1445.9418,2.1013381,0.20565958
231.4,-1431.52,1.4604042,0.045777034
231.42,-1469.9781,-2.8659017,0.20565958
231.44,-1349.7963,6.7481112,-0.114105515
231.45999,-1354.6035,-1.7442669,-0.114105515
231.48,-1494.0145,3.5434403,0.5254247
231.5,-1364.218,4.825309,0.045777034
231.51999,-1522.8583,-3.9875362,0.045777034
231.54,-1623.8112,-12.159447,-0.2739881
231.56,-1527.6655,7.3890457,0.045777034
231.58,-1503.6292,-2.5454345,-0.114105515
231.59999,-1465.1709,-4.3080034,-0.114105515
231.62,-1465.1709,2.7422726,0.36554214
231.64,-1450.749,2.902506,0.68530726
231.65999,-1450.749,1.3001705,0.5254247
231.68,-1455.5564,-2.8659017,-0.4338706
231.7,-1426.7126,-0.7828655,0.045777034
231.72,-1325.7598,6.908345,0.20565958
231.73999,-1527.6655,-6.0705724,0.20565958
231.76,-1479.5928,0.6592364,0.045777034
231.78,-1325.7598,3.5434403,0.20565958
231.79999,-1383.4471,0.9797035,0.20565958
231.81999,-1494.0145,7.228812,0.5254247
231.84,-1537.2802,-7.833141,-0.114105515
231.86,-1431.52,10.113016,0.045777034
231.87999,-1527.6655,0.17853576,0.045777034
231.9,-1566.1238,-11.518513,-0.2739881
231.92,-1436.3271,-4.948938,-0.114105515
231.94,-1503.6292,3.2229733,-0.4338706
231.95999,-1590.1602,-20.171124,-0.4338706
231.98,-1436.3271,1.3001705,-0.114105515
232.0,-1393.0616,2.5820389,-0.114105515
232.01999,-1426.7126,6.1071773,0.20565958
232.04,-1479.5928,-0.14193134,0.20565958
232.06,-1551.7019,-3.1863687,-0.114105515
232.08,-1465.1709,1.9411048,0.20565958
232.09999,-1412.2908,-0.7828655,-0.114105515
232.12,-1397.869,8.831148,0.045777034
232.14,-1494.0145,5.9469438,0.045777034
232.15999,-1479.5928,-2.0647337,0.20565958
232.18,-1378.6399,-5.7501054,-0.114105515
232.2,-1465.1709,9.632316,0.20565958
232.22,-1494.0145,0.17853576,0.045777034
232.23999,-1498.8219,-7.352441,0.5254247
232.26,-1522.8583,-0.9430991,0.36554214
232.28,-1402.6763,3.0627398,-0.114105515
232.29999,-1450.749,-11.037811,-0.114105515
232.31999,-1556.5093,-1.2635663,-0.2739881
232.34,-1465.1709,0.6592364,-0.114105515
232.36,-1320.9525,7.228812,-0.2739881
232.37999,-1436.3271,3.3832066,0.045777034
232.4,-1498.8219,-3.026135,0.20565958
232.42,-1594.9674,-3.827303,0.36554214
232.43999,-1527.6655,-2.7056682,0.045777034
232.45999,-1393.0616,7.228812,-0.2739881
232.48,-1474.7855,-0.30216488,-0.114105515
232.5,-1340.1816,-3.1863687,-0.59375316
232.51999,-1532.4729,-3.9875362,0.045777034
232.54,-1537.2802,-6.230806,-0.59375316
232.56,-1643.0402,-17.76762,-0.4338706
232.58,-1556.5093,3.3832066,0.045777034
232.59999,-1513.2437,-2.8659017,0.045777034
232.62,-1412.2908,1.9411048,-0.114105515
232.64,-1359.4106,4.3446083,0.045777034
232.65999,-1465.1709,1.139937,0.20565958
232.68,-1417.098,8.190214,0.20565958
232.7,-1407.4836,16.20189,0.045777034
232.72,-1671.8839,-8.794542,-0.2739881
232.73999,-1489.2073,1.6206378,0.20565958
232.76,-1527.6655,5.3060093,0.045777034
232.78,-1513.2437,1.9411048,0.045777034
232.79999,-1498.8219,-1.9045002,-0.4338706
232.81999,-1489.2073,2.261572,-0.2739881
232.84,-1383.4471,9.632316,0.045777034
232.86,-1551.7019,-4.468237,-0.114105515
232.87999,-1484.4,0.49900287,-0.2739881
232.9,-1532.4729,-7.352441,-0.4338706
232.92,-1479.5928,1.139937,-0.114105515
232.93999,-1397.869,-2.385201,0.045777034
232.95999,-1465.1709,-2.2249672,-0.2739881
232.98,-1662.2694,-10.396878,-0.7536357
233.0,-1465.1709,0.17853576,0.045777034
233.01999,-1484.4,5.78671,0.20565958
233.04,-1393.0616,4.024141,0.20565958
233.06,-1537.2802,-7.352441,-0.114105515
233.08,-1518.0509,-2.8659017,-0.59375316
233.09999,-1393.0616,9.311849,-0.114105515
233.12,-1522.8583,-9.755944,-0.114105515
233.14,-1474.7855,-1.1033326,0.045777034
233.15999,-1542.0874,-4.7887044,-0.2739881
233.18,-1426.7126,-2.0647337,-0.114105515
233.2,-1494.0145,2.5820389,-0.114105515
233.22,-1532.4729,16.682592,0.20565958
233.23999,-1450.749,0.17853576,-0.2739881
233.26,-1412.2908,8.190214,-0.4338706
233.28,-1647.8475,0.49900287,-0.2739881
233.29999,-1561.3165,-3.3466022,-0.4338706
233.31999,-1542.0874,-11.198046,-1.2332834
233.34,-1522.8583,-5.910339,-0.4338706
233.36,-1474.7855,-0.9430991,-0.59375316
233.37999,-1417.098,-3.6670694,-0.7536357
233.4,-1537.2802,-3.827303,-0.7536357
233.42,-1465.1709,10.27325,-0.2739881
233.43999,-1450.749,5.6264763,-0.2739881
233.45999,-1566.1238,0.6592364,-0.59375316
233.48,-1566.1238,2.902506,-0.4338706
233.5,-1479.5928,-2.7056682,-0.2739881
233.51999,-1518.0509,-3.9875362,-0.59375316
233.54,-1503.6292,-0.30216488,-0.59375316
233.56,-1388.2544,12.356286,-0.4338706
233.58,-1417.098,2.5820389,-0.4338706
233.59999,-1508.4365,4.024141,-0.2739881
233.62,-1450.749,-0.14193134,-0.114105515
233.64,-1489.2073,3.0627398,-0.114105515
233.65999,-1542.0874,8.190214,0.045777034
233.68,-1474.7855,1.9411048,-0.2739881
233.7,-1561.3165,-9.59571,0.045777034
233.72,-1469.9781,-0.46239844,-0.2739881
233.73999,-1417.098,-3.827303,-0.4338706
233.76,-1522.8583,-3.9875362,-0.4338706
233.78,-1513.2437,4.9855423,-0.4338706
233.79999,-1484.4,19.727032,0.045777034
233.81999,-1445.9418,6.1071773,-0.2739881
233.84,-1619.0038,1.3001705,-0.4338706
233.86,-1527.6655,-1.9045002,-0.59375316
233.87999,-1469.9781,-6.0705724,-0.2739881
233.9,-1450.749,12.51652,0.045777034
233.92,-1469.9781,-0.46239844,-0.2739881
233.93999,-1489.2073,2.5820389,-0.114105515
233.95999,-1484.4,-0.46239844,0.045777034
233.98,-1474.7855,1.139937,0.20565958
234.0,-1522.8583,0.49900287,0.045777034
234.01999,-1393.0616,5.6264763,-0.4338706
234.04,-1594.9674,-4.7887044,-0.114105515
234.06,-1503.6292,0.33876932,0.045777034
234.08,-1484.4,10.75395,0.045777034
234.09999,-1494.0145,0.33876932,-0.4338706
234.12,-1594.9674,-3.026135,-0.2739881
234.14,-1431.52,-0.46239844,-0.2739881
234.15999,-1469.9781,5.6264763,-0.114105515
234.18,-1830.5242,-18.729021,0.045777034
234.2,-1513.2437,2.261572,-0.4338706
234.22,-1474.7855,4.6650753,-0.2739881
234.23999,-1508.4365,3.7036738,-0.114105515
234.26,-1426.7126,3.3832066,-0.4338706
234.28,-1609.3893,-9.115009,-0.59375316
234.29999,-1561.3165,-5.2694044,-0.4338706
234.31999,-1633.4258,4.504842,-0.114105515
234.34,-1503.6292,0.33876932,-0.2739881
234.36,-1445.9418,4.504842,-0.2739881
234.37999,-1330.567,3.3832066,-0.4338706
234.4,-1518.0509,-4.468237,-0.4338706
234.42,-1484.4,2.261572,-0.114105515
234.43999,-1508.4365,0.17853576,-0.2739881
234.45999,-1484.4,-0.30216488,-0.59375316
234.48,-1542.0874,4.6650753,-0.4338706
234.5,-1551.7019,4.184375,-0.4338706
234.51999,-1426.7126,14.279089,0.045777034
234.54,-1580.5457,-2.8659017,-0.4338706
234.56,-1518.0509,-7.672908,-0.7536357
234.58,-1556.5093,5.9469438,-0.7536357
234.59999,-1667.0768,-2.2249672,-0.114105515
234.62,-1532.4729,4.504842,-0.2739881
234.64,-1546.8947,-4.14777,-0.2739881
234.65999,-1532.4729,8.02998,0.20565958
234.68,-1484.4,3.5434403,0.045777034
234.7,-1556.5093,0.81947,-0.59375316
234.72,-1537.2802,11.715352,-0.114105515
234.73999,-1585.3529,-0.30216488,-0.4338706
234.76,-1566.1238,-2.7056682,-0.4338706
234.78,-1494.0145,-11.678746,-0.7536357
234.79999,-1537.2802,0.81947,-0.2739881
234.81999,-1494.0145,-0.7828655,-0.114105515
234.84,-1508.4365,8.350447,-0.114105515
234.86,-1508.4365,-0.62263197,-0.4338706
234.87999,-1590.1602,3.3832066,-0.59375316
234.9,-1522.8583,11.555119,0.20565958
234.92,-1527.6655,0.49900287,-0.2739881
234.93999,-1513.2437,1.4604042,-0.59375316
234.95999,-1465.1709,-2.8659017,-0.7536357
234.98,-1494.0145,-1.7442669,-0.4338706
235.0,-1647.8475,-16.485752,-0.59375316
235.01999,-1484.4,6.5878778,0.045777034
235.04,-1580.5457,3.2229733,-0.59375316
235.06,-1715.1495,-16.165285,-0.114105515
235.08,-1494.0145,-0.30216488,-0.4338706
235.09999,-1551.7019,-0.9430991,-0.2739881
235.12,-1542.0874,-11.999213,-0.9135183
235.14,-1513.2437,4.504842,-0.4338706
235.15999,-1479.5928,0.81947,-0.59375316
235.18,-1609.3893,-4.7887044,-0.59375316
235.2,-1551.7019,-1.7442669,0.045777034
235.22,-1503.6292,-1.5840333,-0.4338706
235.23999,-1469.9781,6.7481112,0.20565958
235.26,-1652.6548,-2.8659017,0.20565958
235.28,-1546.8947,4.184375,-0.2739881
235.29999,-1522.8583,-1.7442669,-0.114105515
235.31999,-1527.6655,1.6206378,-0.114105515
235.34,-1551.7019,1.3001705,-0.114105515
235.36,-1551.7019,0.17853576,-0.2739881
235.37999,-1556.5093,1.139937,-0.114105515
235.4,-1657.4622,-13.601548,-0.114105515
235.42,-1522.8583,4.825309,-0.114105515
235.43999,-1518.0509,8.190214,-0.2739881
235.45999,-1518.0509,4.184375,-0.2739881
235.48,-1566.1238,1.9411048,-0.4338706
235.5,-1556.5093,-5.7501054,-0.7536357
235.51999,-1484.4,3.5434403,-0.2739881
235.54,-1494.0145,-3.827303,-0.4338706
235.56,-1594.9674,-2.385201,-0.114105515
235.58,-1546.8947,-0.7828655,-0.114105515
235.59999,-1609.3893,-3.827303,-0.4338706
235.62,-1417.098,7.228812,-0.4338706
235.64,-1647.8475,-1.2635663,-0.4338706
235.65999,-1599.7748,-7.0319734,-0.2739881
235.68,-1638.233,2.261572,0.045777034
235.7,-1566.1238,-5.7501054,-0.2739881
235.72,-1619.0038,-0.62263197,-0.114105515
235.73999,-1566.1238,-12.800381,-0.4338706
235.76,-1441.1345,-2.0647337,-0.2739881
235.78,-1633.4258,-2.7056682,-0.2739881
235.79999,-1441.1345,-1.1033326,-0.4338706
235.81999,-1518.0509,2.261572,-0.114105515
235.84,-1667.0768,-12.800381,-0.2739881
235.86,-1566.1238,7.3890457,0.045777034
235.87999,-1590.1602,-5.1091714,-0.2739881
235.9,-1590.1602,-11.198046,-0.114105515
235.92,-1542.0874,-1.4237996,-0.114105515
235.93999,-1633.4258,-5.589872,-0.4338706
235.95999,-1513.2437,8.991381,0.045777034
235.98,-1590.1602,5.3060093,0.045777034
236.0,-1527.6655,4.9855423,0.045777034
236.01999,-1542.0874,0.17853576,0.045777034
236.04,-1575.7383,-2.2249672,0.20565958
236.06,-1527.6655,5.145776,-0.114105515
236.08,-1676.6912,-11.83898,-0.4338706
236.09999,-1503.6292,-3.9875362,-0.114105515
236.12,-1494.0145,-5.589872,-0.114105515
236.14,-1609.3893,5.3060093,-0.2739881
236.15999,-1580.5457,-3.827303,-0.4338706
236.18,-1532.4729,8.02998,0.20565958
236.2,-1599.7748,2.4218054,-0.4338706
236.22,-1508.4365,7.709513,0.045777034
236.23999,-1527.6655,-1.7442669,0.045777034
236.26,-1657.4622,0.6592364,0.5254247
236.28,-1542.0874,-5.2694044,-0.4338706
236.29999,-1705.5349,-4.948938,-0.2739881
236.31999,-1570.931,-0.46239844,-0.114105515
236.34,-1474.7855,-5.429638,-0.59375316
236.36,-1657.4622,2.902506,0.045777034
236.37999,-1556.5093,-1.2635663,-0.114105515
236.4,-1628.6184,2.902506,0.045777034
236.42,-1599.7748,-7.5126743,-0.4338706
236.43999,-1671.8839,-1.1033326,-0.114105515
236.45999,-1575.7383,-3.9875362,0.045777034
236.48,-1671.8839,-5.589872,-0.114105515
236.5,-1532.4729,7.228812,-0.114105515
236.51999,-1575.7383,3.3832066,0.20565958
236.54,-1590.1602,0.33876932,-0.4338706
236.56,-1532.4729,-6.5512733,-0.4338706
236.58,-1570.931,2.902506,-0.114105515
236.59999,-1522.8583,12.356286,0.20565958
236.62,-1508.4365,-1.9045002,-0.2739881
236.64,-1633.4258,-4.468237,0.20565958
236.65999,-1681.4985,-13.601548,0.045777034
236.68,-1508.4365,7.228812,0.20565958
236.7,-1609.3893,-16.005053,-0.59375316
236.72,-1508.4365,13.477921,0.045777034
236.73999,-1604.582,-2.7056682,-0.114105515
236.76,-1561.3165,-1.4237996,-0.114105515
236.78,-1532.4729,12.676753,0.20565958
236.79999,-1619.0038,-3.3466022,0.045777034
236.81999,-1417.098,15.080256,-0.114105515
236.84,-1681.4985,-6.230806,-0.114105515
236.86,-1537.2802,5.78671,0.045777034
236.87999,-1594.9674,-2.2249672,0.045777034
236.9,-1614.1967,5.466243,0.20565958
236.92,-1556.5093,-2.7056682,-0.2739881
236.93999,-1441.1345,5.3060093,-0.4338706
236.95999,-1623.8112,-1.9045002,0.045777034
236.98,-1609.3893,10.75395,0.20565958
237.0,-1489.2073,3.5434403,-0.4338706
237.01999,-1537.2802,2.1013381,0.045777034
237.04,-1662.2694,-2.385201,-0.114105515
237.06,-1719.9567,-11.999213,-0.2739881
237.08,-1652.6548,-9.755944,-0.59375316
237.09999,-1619.0038,-13.922015,-0.114105515
237.12,-1590.1602,3.7036738,-0.2739881
237.14,-1527.6655,1.4604042,-0.4338706
237.15999,-1599.7748,-6.8717403,-0.4338706
237.18,-1623.8112,0.49900287,-0.2739881
237.2,-1484.4,6.1071773,-0.114105515
237.22,-1643.0402,3.3832066,-0.59375316
237.23999,-1585.3529,-2.2249672,-1.0734009
237.26,-1561.3165,7.3890457,0.045777034
237.28,-1551.7019,-4.14777,-0.2739881
237.29999,-1546.8947,2.261572,-0.2739881
237.31999,-1575.7383,-5.2694044,0.045777034
237.34,-1594.9674,-0.14193134,-0.7536357
237.36,-1542.0874,-2.2249672,-0.4338706
237.37999,-1662.2694,-17.126686,-0.4338706
237.4,-1508.4365,-4.468237,-0.4338706
237.42,-1594.9674,13.317687,-0.2739881
237.43999,-1527.6655,9.792548,-0.2739881
237.45999,-1614.1967,0.81947,-0.2739881
237.48,-1599.7748,-13.761782,-0.59375316
237.5,-1628.6184,-5.589872,-0.7536357
237.51999,-1527.6655,-4.3080034,-1.0734009
237.54,-1695.9203,2.1013381,-0.4338706
237.56,-1561.3165,-1.5840333,-0.59375316
237.58,-1494.0145,0.6592364,-0.59375316
237.59999,-1619.0038,-4.6284704,-0.9135183
237.62,-1681.4985,-9.275244,-0.59375316
237.64,-1604.582,-5.429638,-0.2739881
237.65999,-1623.8112,0.81947,-0.114105515
237.68,-1652.6548,-12.31968,-0.4338706
237.7,-1518.0509,6.908345,-0.114105515
237.72,-1575.7383,-3.1863687,-0.4338706
237.73999,-1590.1602,9.952783,0.045777034
237.76,-1667.0768,-2.7056682,-0.4338706
237.78,-1479.5928,8.510681,-0.2739881
237.79999,-1580.5457,2.5820389,-0.4338706
237.81999,-1619.0038,5.78671,-0.2739881
237.84,-1609.3893,-2.2249672,-0.2739881
237.86,-1671.8839,-13.281082,-0.4338706
237.87999,-1633.4258,-5.910339,-0.59375316
237.9,-1542.0874,-1.1033326,0.045777034
237.92,-1609.3893,1.3001705,-0.4338706
237.93999,-1652.6548,-2.2249672,-0.114105515
237.95999,-1551.7019,-10.076411,-0.2739881
237.98,-1604.582,3.7036738,-0.114105515
238.0,-1691.1132,-6.5512733,-0.59375316
238.01999,-1489.2073,12.356286,0.5254247
238.04,-1590.1602,3.0627398,0.045777034
238.06,-1647.8475,-4.3080034,-0.59375316
238.08,-1614.1967,1.7808713,-0.2739881
238.09999,-1546.8947,4.024141,-0.4338706
238.12,-1662.2694,2.261572,-0.114105515
238.14,-1609.3893,-6.230806,-0.2739881
238.15999,-1465.1709,23.091934,0.20565958
238.18,-1667.0768,-6.3910394,-0.2739881
238.2,-1647.8475,-0.62263197,0.20565958
238.22,-1763.2223,-14.723184,0.20565958
238.23999,-1643.0402,-1.9045002,-0.4338706
238.26,-1729.5713,-9.275244,-0.114105515
238.28,-1489.2073,3.3832066,-0.114105515
238.29999,-1551.7019,15.560958,0.045777034
238.31999,-1537.2802,-3.5068357,-0.114105515
238.34,-1561.3165,11.715352,0.36554214
238.36,-1590.1602,-3.3466022,-0.114105515
238.37999,-1570.931,1.4604042,0.045777034
238.4,-1590.1602,6.1071773,0.045777034
238.42,-1503.6292,3.5434403,0.045777034
238.43999,-1537.2802,-3.9875362,-0.4338706
238.45999,-1724.764,-8.153608,0.045777034
238.48,-1691.1132,-4.948938,0.045777034
238.5,-1561.3165,-4.948938,0.045777034
238.51999,-1758.415,-11.83898,-0.4338706
238.54,-1604.582,-2.0647337,-0.2739881
238.56,-1619.0038,-7.352441,-0.4338706
238.58,-1792.066,-11.358279,0.045777034
238.59999,-1638.233,-0.9430991,0.045777034
238.62,-1566.1238,12.356286,0.20565958
238.64,-1676.6912,-4.948938,-0.2739881
238.65999,-1657.4622,3.7036738,-0.2739881
238.68,-1619.0038,-2.7056682,-0.114105515
238.7,-1594.9674,-3.9875362,-0.7536357
238.72,-1787.2587,-3.5068357,-0.4338706
238.73999,-1647.8475,-4.948938,-0.59375316
238.76,-1599.7748,-5.429638,-0.59375316
238.78,-1436.3271,15.24049,-0.59375316
238.79999,-1614.1967,4.184375,0.045777034
238.81999,-1609.3893,-0.9430991,-0.4338706
238.84,-1614.1967,-0.9430991,-0.7536357
238.86,-1753.6077,-10.076411,-0.59375316
238.87999,-1681.4985,-9.59571,-0.114105515
238.9,-1638.233,-3.1863687,-0.114105515
238.92,-1662.2694,-3.5068357,-0.2739881
238.93999,-1657.4622,-6.5512733,-0.4338706
238.95999,-1594.9674,-0.62263197,0.045777034
238.98,-1676.6912,-5.589872,-0.59375316
239.0,-1590.1602,5.9469438,-0.2739881
239.01999,-1662.2694,-0.7828655,-0.2739881
239.04,-1556.5093,2.1013381,-0.59375316
239.06,-1667.0768,1.139937,0.045777034
239.08,-1681.4985,-1.4237996,-0.4338706
239.09999,-1570.931,8.190214,-0.114105515
239.12,-1681.4985,7.0685787,0.20565958
239.14,-1628.6184,-1.9045002,-0.4338706
239.15999,-1715.1495,0.018302217,-0.4338706
239.18,-1623.8112,9.311849,-0.7536357
239.2,-1518.0509,5.6264763,-0.7536357
239.22,-1681.4985,-15.203884,-0.4338706
239.23999,-1628.6184,-1.5840333,-0.114105515
239.26,-1840.1388,-16.80622,-0.4338706
239.28,-1633.4258,-6.5512733,-0.59375316
239.29999,-1599.7748,0.33876932,-0.59375316
239.31999,-1599.7748,7.709513,-0.4338706
239.34,-1585.3529,1.3001705,-0.2739881
239.36,-1657.4622,-7.192207,0.045777034
239.37999,-1604.582,6.7481112,0.5254247
239.4,-1609.3893,-4.3080034,-0.4338706
239.42,-1633.4258,4.504842,0.20565958
239.43999,-1599.7748,-0.30216488,0.045777034
239.45999,-1681.4985,-8.313842,-0.114105515
239.48,-1633.4258,1.7808713,-0.114105515
239.5,-1546.8947,8.02998,0.045777034
239.51999,-1551.7019,15.24049,0.36554214
239.54,-1614.1967,-1.5840333,-0.4338706
239.56,-1739.1859,-17.76762,-0.59375316
239.58,-1599.7748,-1.2635663,-0.2739881
239.59999,-1623.8112,-2.2249672,-0.2739881
239.62,-1474.7855,19.566797,0.045777034
239.64,-1705.5349,-0.14193134,-0.114105515
239.65999,-1643.0402,0.018302217,-0.4338706
239.68,-1691.1132,-10.877579,-0.4338706
239.7,-1667.0768,3.5434403,0.20565958
239.72,-1623.8112,-1.9045002,-0.2739881
239.73999,-1566.1238,3.2229733,-0.2739881
239.76,-1657.4622,2.4218054,-0.2739881
239.78,-1676.6912,-1.1033326,-0.4338706
239.79999,-1638.233,-3.6670694,-0.4338706
239.81999,-1628.6184,-1.2635663,-0.2739881
239.84,-1787.2587,2.1013381,-0.2739881
239.86,-1734.3785,5.9469438,-0.114105515
239.87999,-1638.233,-3.827303,-0.59375316
239.9,-1566.1238,6.7481112,-0.114105515
239.92,-1724.764,5.9469438,-0.2739881
239.93999,-1652.6548,3.5434403,-0.2739881
239.95999,-1633.4258,2.1013381,-0.4338706
239.98,-1585.3529,-5.589872,0.045777034
240.0,-1633.4258,1.139937,-0.4338706
240.01999,-1768.0295,1.7808713,0.20565958
240.04,-1782.4514,4.184375,0.20565958
240.06,-1638.233,0.6592364,-0.2739881
240.08,-1604.582,-2.0647337,-0.59375316
240.09999,-1590.1602,0.17853576,-0.114105515
240.12,-1724.764,-3.5068357,-0.114105515
240.14,-1585.3529,1.6206378,-0.2739881
240.15999,-1667.0768,2.5820389,-0.114105515
240.18,-1676.6912,7.3890457,-0.2739881
240.2,-1710.3422,-0.9430991,0.045777034
240.22,-1671.8839,-5.2694044,-0.7536357
240.23999,-1710.3422,-4.6284704,-0.2739881
240.26,-1676.6912,-3.827303,-0.59375316
240.28,-1599.7748,2.5820389,-0.114105515
240.29999,-1647.8475,-4.14777,-0.2739881
240.31999,-1609.3893,-2.0647337,-0.2739881
240.34,-1743.9932,-5.429638,-0.4338706
240.36,-1681.4985,2.1013381,-0.2739881
240.37999,-1590.1602,-5.429638,-0.114105515
240.4,-1883.4043,-12.159447,-0.114105515
240.42,-1719.9567,-0.9430991,0.045777034
240.43999,-1710.3422,-8.794542,-0.114105515
240.45999,-1695.9203,-6.5512733,-0.4338706
240.48,-1719.9567,5.6264763,-0.114105515
240.5,-1590.1602,10.113016,-0.114105515
240.51999,-1633.4258,2.5820389,-0.2739881
240.54,-1676.6912,-5.7501054,-0.59375316
240.56,-1729.5713,1.6206378,0.045777034
240.58,-1643.0402,5.9469438,-0.114105515
240.59999,-1782.4514,2.261572,-0.114105515
240.62,-1619.0038,9.311849,0.045777034
240.64,-1647.8475,5.6264763,-0.4338706
240.65999,-1609.3893,9.151615,0.045777034
240.68,-1657.4622,-0.7828655,-0.4338706
240.7,-1667.0768,-6.3910394,-0.2739881
240.72,-1556.5093,10.27325,-0.114105515
240.73999,-1681.4985,-2.0647337,-0.4338706
240.76,-1652.6548,2.4218054,-0.114105515
240.78,-1546.8947,9.792548,-0.2739881
240.79999,-1768.0295,0.49900287,-0.2739881
240.81999,-1719.9567,-8.313842,-0.59375316
240.84,-1753.6077,1.7808713,-0.2739881
240.86,-1566.1238,-3.1863687,-0.4338706
240.87999,-1686.3058,-7.993375,-0.2739881
240.9,-1532.4729,5.9469438,-0.4338706
240.92,-1676.6912,-1.2635663,-0.114105515
240.93999,-1657.4622,0.49900287,-0.2739881
240.95999,-1614.1967,5.3060093,-0.114105515
240.98,-1710.3422,-2.7056682,-0.4338706
241.0,-1734.3785,-3.026135,-0.114105515
241.01999,-1657.4622,-2.5454345,-0.2739881
241.04,-1614.1967,3.3832066,-0.4338706
241.06,-1643.0402,18.445162,0.20565958
241.08,-1638.233,-3.6670694,-0.2739881
241.09999,-1758.415,-4.14777,-0.2739881
241.12,-1724.764,-8.153608,-0.59375316
241.14,-1700.7277,-3.6670694,-0.114105515
241.15999,-1643.0402,-6.3910394,0.045777034
241.18,-1686.3058,0.33876932,-0.2739881
241.2,-1652.6548,-8.153608,-0.4338706
241.22,-1667.0768,1.4604042,0.36554214
241.23999,-1705.5349,0.018302217,0.20565958
241.26,-1662.2694,0.17853576,-0.2739881
241.28,-1710.3422,0.33876932,0.045777034
241.29999,-1965.128,-19.369957,-0.2739881
241.31999,-1647.8475,-4.6284704,-0.2739881
241.34,-1705.5349,-0.7828655,-0.2739881
241.36,-1676.6912,-3.026135,-0.4338706
241.37999,-1667.0768,-0.30216488,-0.59375316
241.4,-1575.7383,6.908345,-0.114105515
241.42,-1546.8947,8.831148,-0.114105515
241.43999,-1719.9567,-0.46239844,-0.4338706
241.45999,-1455.5564,16.041658,0.045777034
241.48,-1671.8839,4.6650753,0.045777034
241.5,-1604.582,0.9797035,0.20565958
241.51999,-1667.0768,8.831148,0.045777034
241.54,-1739.1859,-6.711507,-0.114105515
241.56,-1662.2694,8.02998,-0.2739881
241.58,-1700.7277,-4.7887044,-0.2739881
241.59999,-1734.3785,-1.4237996,-0.2739881
241.62,-1763.2223,11.394884,0.045777034
241.64,-1671.8839,3.3832066,-0.2739881
241.65999,-1753.6077,-4.3080034,-0.2739881
241.68,-1729.5713,-14.242482,0.045777034
241.7,-1681.4985,0.17853576,-0.114105515
241.72,-1700.7277,-1.7442669,-0.2739881
241.73999,-1705.5349,-4.3080034,-0.7536357
241.76,-1628.6184,0.6592364,-0.59375316
241.78,-1643.0402,-2.8659017,-0.2739881
241.79999,-1667.0768,2.4218054,-0.4338706
241.81999,-1647.8475,0.81947,-0.4338706
241.84,-1686.3058,2.902506,-0.114105515
241.86,-1753.6077,-18.408554,-0.4338706
241.87999,-1676.6912,-3.3466022,0.045777034
241.9,-1667.0768,0.81947,-0.2739881
241.92,-1662.2694,0.81947,-0.2739881
241.93999,-1792.066,7.549279,0.20565958
241.95999,-1710.3422,4.3446083,0.045777034
241.98,-1739.1859,-0.30216488,0.20565958
242.0,-1830.5242,-9.435476,0.045777034
242.01999,-1695.9203,7.8697467,0.045777034
242.04,-1705.5349,0.17853576,-0.114105515
242.06,-1700.7277,0.6592364,0.20565958
242.08,-1657.4622,12.356286,0.36554214
242.09999,-1719.9567,3.0627398,0.045777034
242.12,-1671.8839,-3.1863687,-0.2739881
242.14,-1724.764,-14.562949,0.20565958
242.15999,-1681.4985,-0.9430991,-0.2739881
242.18,-1743.9932,-1.5840333,0.045777034
242.2,-1768.0295,-9.115009,-0.114105515
242.22,-1820.9095,-2.7056682,-0.114105515
242.23999,-1686.3058,0.17853576,-0.2739881
242.26,-1743.9932,2.7422726,0.20565958
242.28,-1619.0038,12.196053,0.20565958
242.29999,-1667.0768,0.33876932,-0.114105515
242.31999,-1638.233,3.7036738,-0.2739881
242.34,-1801.6804,-7.993375,-0.114105515
242.36,-1643.0402,-2.0647337,-0.2739881
242.37999,-1604.582,12.8369875,-0.2739881
242.4,-1719.9567,8.831148,0.045777034
242.42,-1671.8839,3.7036738,0.045777034
242.43999,-1739.1859,1.3001705,0.20565958
242.45999,-1792.066,-1.4237996,0.045777034
242.48,-1715.1495,-2.8659017,0.045777034
242.5,-1604.582,3.0627398,-0.2739881
242.51999,-1619.0038,3.5434403,-0.114105515
242.54,-1710.3422,3.0627398,0.20565958
242.56,-1710.3422,-5.7501054,-0.114105515
242.58,-1676.6912,4.3446083,0.20565958
242.59999,-1715.1495,-3.1863687,0.20565958
242.62,-1667.0768,1.6206378,-0.2739881
242.64,-1662.2694,3.0627398,-0.114105515
242.65999,-1715.1495,-9.916177,0.045777034
242.68,-1734.3785,-3.6670694,-0.114105515
242.7,-1691.1132,-7.0319734,-0.4338706
242.72,-1623.8112,-1.2635663,-0.4338706
242.73999,-1715.1495,-2.385201,-0.114105515
242.76,-1667.0768,-14.402717,-0.2739881
242.78,-1681.4985,4.825309,0.045777034
242.79999,-1715.1495,0.49900287,0.045777034
242.81999,-1705.5349,0.81947,0.20565958
242.84,-1681.4985,-5.2694044,0.045777034
242.86,-1686.3058,-8.474075,-0.4338706
242.87999,-1705.5349,0.81947,0.045777034
242.9,-1628.6184,-8.954777,0.20565958
242.92,-1710.3422,-0.9430991,0.045777034
242.93999,-1676.6912,11.875586,0.20565958
242.95999,-1619.0038,2.261572,0.5254247
242.98,-1695.9203,3.0627398,0.36554214
243.0,-1604.582,-3.026135,0.20565958
243.01999,-1729.5713,4.504842,0.68530726
243.04,-1657.4622,6.2674108,0.5254247
243.06,-1724.764,0.33876932,0.20565958
243.08,-1729.5713,-3.3466022,-0.2739881
243.09999,-1643.0402,-3.9875362,0.045777034
243.12,-1676.6912,-2.7056682,-0.114105515
243.14,-1743.9932,-11.198046,-0.4338706
243.15999,-1734.3785,0.9797035,0.045777034
243.18,-1768.0295,0.6592364,0.045777034
243.2,-1695.9203,8.831148,0.36554214
243.22,-1662.2694,3.5434403,0.20565958
243.23999,-1715.1495,-9.59571,0.045777034
243.26,-1758.415,0.49900287,0.36554214
243.28,-1667.0768,5.145776,0.045777034
243.29999,-1691.1132,-10.076411,-0.114105515
243.31999,-1695.9203,-0.14193134,0.20565958
243.34,-1647.8475,17.483759,0.36554214
243.36,-1705.5349,1.6206378,0.20565958
243.37999,-1652.6548,5.466243,0.5254247
243.4,-1897.826,-7.352441,0.5254247
243.42,-1609.3893,3.3832066,0.20565958
243.43999,-1777.644,-0.9430991,0.045777034
243.45999,-1758.415,-3.3466022,-0.114105515
243.48,-1777.644,1.4604042,0.5254247
243.5,-1715.1495,4.825309,0.20565958
243.51999,-1830.5242,-7.5126743,-0.2739881
243.54,-1719.9567,2.261572,0.20565958
243.56,-1811.295,-16.966454,-0.2739881
243.58,-1801.6804,2.4218054,0.68530726
243.59999,-1763.2223,0.6592364,0.045777034
243.62,-1614.1967,5.3060093,-0.114105515
243.64,-1739.1859,-1.4237996,-0.114105515
243.65999,-1753.6077,1.6206378,0.045777034
243.68,-1753.6077,-3.5068357,0.36554214
243.7,-1657.4622,-8.794542,-0.114105515
243.72,-1758.415,-1.1033326,0.20565958
243.73999,-1719.9567,-0.14193134,0.045777034
243.76,-1840.1388,-17.76762,-0.2739881
243.78,-1743.9932,-5.910339,0.045777034
243.79999,-1604.582,10.593717,0.36554214
243.81999,-1667.0768,9.632316,0.36554214
243.84,-1686.3058,-1.1033326,0.045777034
243.86,-1676.6912,0.17853576,0.36554214
243.87999,-1705.5349,6.1071773,0.68530726
243.9,-1724.764,13.157454,0.68530726
243.92,-1657.4622,2.261572,0.36554214
243.93999,-1787.2587,-2.7056682,0.36554214
243.95999,-1594.9674,16.362125,0.36554214
243.98,-1638.233,0.49900287,0.045777034
244.0,-1671.8839,5.78671,0.20565958
244.01999,-1729.5713,0.81947,0.045777034
244.04,-1777.644,-8.153608,0.045777034
244.06,-1792.066,-1.7442669,0.20565958
244.08,-1700.7277,8.991381,0.045777034
244.09999,-1700.7277,6.5878778,0.20565958
244.12,-1724.764,-1.1033326,0.045777034
244.14,-1753.6077,0.49900287,0.20565958
244.15999,-1724.764,-1.4237996,0.5254247
244.18,-1820.9095,-2.7056682,0.5254247
244.2,-1748.8004,4.6650753,0.68530726
244.22,-1792.066,0.6592364,0.5254247
244.23999,-1719.9567,-0.9430991,0.36554214
244.26,-1748.8004,0.49900287,0.5254247
244.28,-1724.764,9.632316,0.20565958
244.29999,-1743.9932,-3.3466022,0.20565958
244.31999,-1681.4985,-6.8717403,-0.114105515
244.34,-1691.1132,3.3832066,0.36554214
244.36,-1705.5349,-1.5840333,0.20565958
244.37999,-1628.6184,13.638155,0.5254247
244.4,-1695.9203,5.6264763,0.5254247
244.42,-1753.6077,1.9411048,0.5254247
244.43999,-1902.6334,-8.634309,0.045777034
244.45999,-1787.2587,-2.2249672,0.045777034
244.48,-1700.7277,7.0685787,0.5254247
244.5,-1729.5713,-9.755944,0.20565958
244.51999,-1758.415,-2.8659017,0.20565958
244.54,-1724.764,-5.2694044,-0.114105515
244.56,-1743.9932,-5.589872,0.68530726
244.58,-1777.644,-2.385201,0.045777034
244.59999,-1734.3785,-4.6284704,0.20565958
244.62,-1830.5242,-5.589872,0.20565958
244.64,-1835.3314,-4.14777,0.045777034
244.65999,-1724.764,7.8697467,0.5254247
244.68,-1638.233,8.02998,-0.114105515
244.7,-1700.7277,-0.46239844,0.20565958
244.72,-1724.764,-7.5126743,0.045777034
244.73999,-1777.644,-8.634309,0.20565958
244.76,-1787.2587,-6.0705724,0.20565958
244.78,-1681.4985,2.4218054,0.36554214
244.79999,-1681.4985,0.9797035,0.68530726
244.81999,-1734.3785,-3.026135,0.045777034
244.84,-1820.9095,-8.794542,-0.114105515
244.86,-1681.4985,2.4218054,0.20565958
244.87999,-1662.2694,11.074417,0.5254247
244.9,-1854.5605,-7.5126743,0.20565958
244.92,-1806.4878,-3.026135,0.20565958
244.93999,-1743.9932,-5.7501054,0.20565958
244.95999,-1768.0295,1.9411048,0.5254247
244.98,-1719.9567,-3.5068357,0.045777034
245.0,-1748.8004,6.5878778,0.68530726
245.01999,-1768.0295,-8.634309,0.8451898
245.04,-1864.1752,-1.2635663,0.36554214
245.06,-1700.7277,0.81947,0.045777034
245.08,-1763.2223,8.831148,0.20565958
245.09999,-1719.9567,-1.7442669,0.68530726
245.12,-1787.2587,-11.198046,0.36554214
245.14,-1734.3785,3.0627398,0.5254247
245.15999,-1695.9203,-3.9875362,0.20565958
245.18,-1782.4514,-5.2694044,0.045777034
245.2,-1671.8839,2.261572,0.20565958
245.22,-1676.6912,12.676753,0.5254247
245.23999,-1772.8368,4.825309,0.045777034
245.26,-1739.1859,-1.4237996,-0.114105515
245.28,-1753.6077,5.6264763,0.20565958
245.29999,-1710.3422,0.33876932,-0.114105515
245.31999,-1715.1495,12.356286,0.68530726
245.34,-1724.764,12.196053,0.5254247
245.36,-1743.9932,-3.5068357,0.20565958
245.37999,-1700.7277,-0.46239844,0.045777034
245.4,-1753.6077,3.8639073,0.20565958
245.42,-1801.6804,6.5878778,0.20565958
245.43999,-1686.3058,2.902506,0.36554214
245.45999,-1787.2587,3.2229733,0.8451898
245.48,-1739.1859,0.49900287,0.5254247
245.5,-1792.066,-1.9045002,0.045777034
245.51999,-1859.3679,3.5434403,0.5254247
245.54,-1633.4258,4.3446083,0.045777034
245.56,-1724.764,5.78671,0.5254247
245.58,-1763.2223,1.6206378,-0.114105515
245.59999,-1840.1388,-7.352441,0.045777034
245.62,-1753.6077,-3.3466022,-0.2739881
245.64,-1719.9567,-2.7056682,0.20565958
245.65999,-1739.1859,-2.385201,0.045777034
245.68,-1753.6077,0.49900287,0.045777034
245.7,-1739.1859,-0.9430991,0.045777034
245.72,-1691.1132,14.279089,0.5254247
245.73999,-1811.295,-0.9430991,0.20565958
245.76,-1806.4878,-7.352441,0.20565958
245.78,-1719.9567,-1.4237996,-0.2739881
245.79999,-1657.4622,-0.46239844,0.36554214
245.81999,-1772.8368,-1.1033326,0.045777034
245.84,-1753.6077,3.0627398,0.045777034
245.86,-1782.4514,14.599556,0.8451898
245.87999,-1849.7533,-2.8659017,0.20565958
245.9,-1787.2587,-3.3466022,0.20565958
245.92,-1686.3058,15.72119,0.36554214
245.93999,-1835.3314,-1.7442669,0.045777034
245.95999,-1724.764,5.78671,0.045777034
245.98,-1657.4622,6.7481112,-0.2739881
246.0,-1782.4514,-6.230806,-0.4338706
246.01999,-1743.9932,-2.8659017,0.20565958
246.04,-1782.4514,-13.922015,-0.114105515
246.06,-1753.6077,3.7036738,0.045777034
246.08,-1926.6698,-7.0319734,0.36554214
246.09999,-1734.3785,-5.589872,-0.114105515
246.12,-1695.9203,8.350447,0.36554214
246.14,-1763.2223,4.3446083,0.045777034
246.15999,-1676.6912,9.151615,-0.2739881
246.18,-1777.644,0.17853576,0.36554214
246.2,-1873.7897,-2.2249672,0.20565958
246.22,-1816.1024,-13.922015,0.045777034
246.23999,-1681.4985,2.261572,0.20565958
246.26,-1734.3785,1.7808713,0.20565958
246.28,-1705.5349,-6.3910394,0.20565958
246.29999,-1830.5242,-6.0705724,0.045777034
246.31999,-1849.7533,2.1013381,0.36554214
246.34,-1777.644,-2.8659017,0.045777034
246.36,-1676.6912,10.433483,0.5254247
246.37999,-1719.9567,-1.4237996,0.5254247
246.4,-1753.6077,-10.717345,-0.4338706
246.42,-1777.644,-4.14777,-0.114105515
246.43999,-1734.3785,3.3832066,-0.114105515
246.45999,-1695.9203,1.6206378,-0.114105515
246.48,-1705.5349,3.2229733,0.045777034
246.5,-1772.8368,4.6650753,0.20565958
246.51999,-1840.1388,4.825309,0.20565958
246.54,-1743.9932,-2.7056682,-0.2739881
246.56,-1772.8368,1.9411048,0.20565958
246.58,-1594.9674,27.738708,-0.114105515
246.59999,-1763.2223,-2.8659017,0.045777034
246.62,-1719.9567,-1.1033326,0.20565958
246.64,-1830.5242,-1.4237996,-0.114105515
246.65999,-1811.295,2.7422726,0.045777034
246.68,-1715.1495,6.908345,0.36554214
246.7,-1724.764,3.5434403,-0.114105515
246.72,-1806.4878,-2.7056682,0.20565958
246.73999,-1719.9567,2.902506,-0.114105515
246.76,-1739.1859,4.3446083,-0.4338706
246.78,-1782.4514,-3.827303,-0.114105515
246.79999,-1763.2223,-8.474075,-0.2739881
246.81999,-1811.295,8.670914,0.5254247
246.84,-1912.2478,-5.7501054,0.045777034
246.86,-1768.0295,10.433483,0.5254247
246.87999,-1787.2587,0.33876932,0.045777034
246.9,-1825.7169,1.7808713,0.5254247
246.92,-1811.295,-13.761782,-0.114105515
246.93999,-1763.2223,-0.46239844,0.045777034
246.95999,-1792.066,-11.358279,-0.114105515
246.98,-1801.6804,-2.2249672,-0.114105515
247.0,-1782.4514,6.2674108,0.045777034
247.01999,-1830.5242,1.139937,-0.2739881
247.04,-1792.066,2.1013381,0.20565958
247.06,-1667.0768,27.418243,0.68530726
247.08,-1700.7277,4.9855423,0.045777034
247.09999,-1796.8732,-0.46239844,0.20565958
247.12,-1724.764,-3.6670694,0.045777034
247.14,-1787.2587,2.7422726,0.20565958
247.15999,-1772.8368,-2.0647337,0.20565958
247.18,-1792.066,-3.3466022,0.20565958
247.2,-1835.3314,-10.877579,0.045777034
247.22,-1753.6077,2.7422726,0.20565958
247.23999,-1811.295,0.49900287,0.5254247
247.26,-1705.5349,2.902506,0.68530726
247.28,-1830.5242,9.792548,0.5254247
247.29999,-1806.4878,3.5434403,0.36554214
247.31999,-1830.5242,-0.14193134,0.045777034
247.34,-1854.5605,-12.31968,0.045777034
247.36,-1830.5242,1.4604042,0.20565958
247.37999,-1724.764,1.7808713,0.20565958
247.4,-1782.4514,15.24049,0.5254247
247.42,-1748.8004,-3.827303,0.045777034
247.43999,-1792.066,2.1013381,0.36554214
247.45999,-1777.644,14.1188545,0.20565958
247.48,-1619.0038,12.196053,0.5254247
247.5,-1820.9095,1.3001705,0.5254247
247.51999,-1763.2223,3.8639073,0.20565958
247.54,-1796.8732,14.759789,0.8451898
247.56,-1743.9932,-3.6670694,0.20565958
247.58,-1743.9932,0.33876932,0.20565958
247.59999,-1768.0295,6.4276443,0.20565958
247.62,-1878.597,4.504842,0.20565958
247.64,-1840.1388,-4.7887044,0.20565958
247.65999,-1801.6804,6.4276443,0.36554214
247.68,-1792.066,-3.827303,0.045777034
247.7,-1888.2114,1.9411048,0.5254247
247.72,-1859.3679,1.9411048,0.5254247
247.73999,-1917.0553,-24.657661,-0.2739881
247.76,-1787.2587,3.3832066,0.36554214
247.78,-1768.0295,-2.7056682,-0.114105515
247.79999,-1522.8583,24.694271,0.68530726
247.81999,-1739.1859,7.0685787,0.5254247
247.84,-1772.8368,0.17853576,0.36554214
247.86,-1820.9095,2.261572,0.36554214
247.87999,-1830.5242,2.5820389,0.8451898
247.9,-1710.3422,-0.9430991,0.5254247
247.92,-1796.8732,1.6206378,0.5254247
247.93999,-1820.9095,-9.115009,0.20565958
247.95999,-1825.7169,-2.0647337,0.20565958
247.98,-1729.5713,1.139937,0.20565958
248.0,-1835.3314,-6.0705724,0.20565958
248.01999,-1974.7427,-11.678746,0.045777034
248.04,-1719.9567,3.7036738,0.20565958
248.06,-1868.9824,-0.46239844,0.5254247
248.08,-1768.0295,6.5878778,0.36554214
248.09999,-1893.0188,-3.6670694,0.5254247
248.12,-1796.8732,0.6592364,0.20565958
248.14,-1864.1752,-1.9045002,0.36554214
248.15999,-1705.5349,17.804228,0.36554214
248.18,-1859.3679,4.6650753,0.36554214
248.2,-1719.9567,1.139937,-0.2739881
248.22,-1796.8732,4.3446083,0.045777034
248.23999,-1806.4878,-3.1863687,-0.114105515
248.26,-1811.295,0.6592364,0.5254247
248.28,-2013.2008,-4.948938,0.045777034
248.29999,-1907.4407,-1.9045002,0.20565958
248.31999,-1840.1388,-10.236644,0.20565958
248.34,-1710.3422,14.279089,0.5254247
248.36,-1864.1752,-11.83898,-0.114105515
248.37999,-1825.7169,-2.385201,-0.2739881
248.4,-1830.5242,4.6650753,-0.2739881
248.42,-1695.9203,15.24049,0.045777034
248.43999,-1844.946,2.902506,0.045777034
248.45999,-1739.1859,-4.14777,-0.7536357
248.48,-1840.1388,-3.3466022,0.045777034
248.5,-1830.5242,-0.14193134,-0.2739881
248.51999,-1897.826,6.908345,0.20565958
248.54,-1844.946,-1.5840333,0.045777034
248.56,-1854.5605,-13.281082,0.045777034
248.58,-1907.4407,3.2229733,0.20565958
248.59999,-1811.295,11.074417,-0.114105515
248.62,-1859.3679,-6.711507,0.36554214
248.64,-1878.597,-4.948938,0.045777034
248.65999,-1864.1752,-2.2249672,0.20565958
248.68,-1835.3314,-7.993375,0.20565958
248.7,-1864.1752,-9.275244,0.20565958
248.72,-1825.7169,3.2229733,0.5254247
248.73999,-1753.6077,6.908345,0.36554214
248.76,-1907.4407,-9.275244,0.20565958
248.78,-1840.1388,-1.2635663,0.36554214
248.79999,-1816.1024,5.466243,0.20565958
248.81999,-1782.4514,8.991381,0.68530726
248.84,-1897.826,-7.993375,0.20565958
248.86,-1820.9095,4.3446083,0.68530726
248.87999,-1840.1388,5.78671,0.36554214
248.9,-1758.415,-6.711507,-0.114105515
248.92,-1893.0188,-6.0705724,0.20565958
248.93999,-1835.3314,6.1071773,-0.114105515
248.95999,-1763.2223,-1.5840333,0.20565958
248.98,-1719.9567,10.113016,0.045777034
249.0,-1729.5713,9.311849,-0.114105515
249.01999,-1748.8004,-0.7828655,0.20565958
249.04,-1878.597,-0.46239844,0.5254247
249.06,-1835.3314,7.549279,0.5254247
249.08,-1801.6804,3.7036738,0.36554214
249.09999,-1897.826,3.0627398,0.36554214
249.12,-1830.5242,0.018302217,0.36554214
249.14,-1854.5605,-6.5512733,-0.114105515
249.15999,-1782.4514,2.1013381,0.36554214
249.18,-1873.7897,-2.2249672,0.36554214
249.2,-1772.8368,1.7808713,0.36554214
249.22,-1681.4985,9.311849,0.36554214
249.23999,-1657.4622,10.27325,0.045777034
249.26,-1739.1859,8.350447,0.5254247
249.28,-1772.8368,-0.30216488,0.20565958
249.29999,-1878.597,-4.14777,0.20565958
249.31999,-1743.9932,1.9411048,0.20565958
249.34,-1849.7533,4.184375,0.36554214
249.36,-1830.5242,-8.313842,-0.114105515
249.37999,-1753.6077,6.7481112,0.045777034
249.4,-1801.6804,5.6264763,0.20565958
249.42,-1801.6804,3.7036738,0.36554214
249.43999,-1844.946,7.709513,0.20565958
249.45999,-1878.597,-0.30216488,0.045777034
249.48,-1945.8988,-18.729021,-0.114105515
249.5,-1897.826,-0.14193134,0.36554214
249.51999,-1859.3679,-1.5840333,0.20565958
249.54,-1854.5605,-7.993375,-0.2739881
249.56,-1806.4878,-3.5068357,0.045777034
249.58,-1883.4043,0.018302217,0.045777034
249.59999,-1893.0188,-3.6670694,-0.114105515
249.62,-2022.8154,-12.31968,0.5254247
249.64,-1926.6698,-1.5840333,0.36554214
249.65999,-1883.4043,-5.589872,0.20565958
249.68,-1816.1024,-6.5512733,0.045777034
249.7,-1840.1388,-7.672908,-0.2739881
249.72,-1888.2114,-7.5126743,0.045777034
249.73999,-1873.7897,-7.192207,-0.2739881
249.76,-1840.1388,7.228812,0.36554214
249.78,-1811.295,5.3060093,0.5254247
249.79999,-1796.8732,5.145776,0.20565958
249.81999,-1849.7533,-10.557112,-0.2739881
249.84,-1820.9095,9.151615,0.20565958
249.86,-1825.7169,2.7422726,0.5254247
249.87999,-1907.4407,4.024141,1.0050724
249.9,-1758.415,-2.2249672,0.20565958
249.92,-1883.4043,8.02998,0.36554214
249.93999,-1955.5134,-8.794542,0.045777034
249.95999,-1801.6804,-0.7828655,0.5254247
249.98,-1902.6334,-3.3466022,0.68530726
250.0,-1854.5605,6.1071773,0.20565958
250.01999,-1854.5605,4.6650753,0.36554214
250.04,-1792.066,2.5820389,0.20565958
250.06,-1926.6698,4.024141,0.8451898
250.08,-1998.779,-14.402717,0.36554214
250.09999,-1811.295,-11.198046,0.20565958
250.12,-1936.2842,-9.755944,-0.114105515
250.14,-1768.0295,8.350447,-0.114105515
250.15999,-1854.5605,-7.833141,-0.2739881
250.18,-1830.5242,-2.2249672,0.20565958
250.2,-1965.128,-2.0647337,0.20565958
250.22,-1782.4514,2.5820389,0.36554214
250.23999,-1936.2842,1.6206378,0.20565958
250.26,-1873.7897,13.798388,0.68530726
250.28,-1936.2842,-1.1033326,-0.114105515
250.29999,-1864.1752,5.145776,0.20565958
250.31999,-1868.9824,1.4604042,0.20565958
250.34,-1787.2587,-5.429638,0.045777034
250.36,-1883.4043,-11.037811,-0.114105515
250.37999,-1796.8732,7.8697467,0.5254247
250.4,-1945.8988,-15.524351,0.20565958
250.42,-1849.7533,-0.14193134,0.5254247
250.43999,-1926.6698,-4.3080034,0.68530726
250.45999,-1825.7169,1.9411048,0.20565958
250.48,-1820.9095,-1.4237996,-0.114105515
250.5,-1883.4043,4.184375,0.20565958
250.51999,-1854.5605,-3.3466022,0.20565958
250.54,-1763.2223,8.02998,0.68530726
250.56,-1893.0188,-0.14193134,0.20565958
250.58,-1950.7063,-8.474075,-0.114105515
250.59999,-1873.7897,-4.3080034,-0.114105515
250.62,-1816.1024,3.0627398,0.36554214
250.64,-1820.9095,3.8639073,0.5254247
250.65999,-1816.1024,-2.0647337,0.5254247
250.68,-1772.8368,0.018302217,0.36554214
250.7,-1782.4514,-0.30216488,0.20565958
250.72,-1883.4043,0.49900287,0.20565958
250.73999,-1955.5134,-8.153608,0.20565958
250.76,-1830.5242,-6.711507,-0.2739881
250.78,-1844.946,-3.827303,0.68530726
250.79999,-1801.6804,14.279089,1.0050724
250.81999,-1917.0553,-2.0647337,0.8451898
250.84,-1893.0188,5.6264763,0.5254247
250.86,-1840.1388,3.2229733,0.045777034
250.87999,-1777.644,13.638155,0.20565958
250.9,-1859.3679,1.9411048,0.68530726
250.92,-1955.5134,-9.275244,0.5254247
250.93999,-1854.5605,4.504842,0.5254247
250.95999,-1907.4407,2.4218054,-0.114105515
250.98,-1758.415,-2.0647337,0.36554214
251.0,-1888.2114,-1.1033326,0.36554214
251.01999,-1758.415,1.4604042,0.045777034
251.04,-1955.5134,3.8639073,0.5254247
251.06,-1917.0553,-12.159447,-0.2739881
251.08,-2013.2008,-9.916177,0.045777034
251.09999,-1888.2114,3.0627398,0.5254247
251.12,-1796.8732,-3.026135,0.36554214
251.14,-2022.8154,-10.396878,0.045777034
251.15999,-1835.3314,-0.62263197,0.20565958
251.18,-1902.6334,7.0685787,0.20565958
251.2,-1912.2478,-4.14777,-0.114105515
251.22,-1902.6334,0.6592364,0.045777034
251.23999,-1782.4514,3.7036738,0.20565958
251.26,-1816.1024,-3.3466022,-0.114105515
251.28,-1950.7063,-5.2694044,0.20565958
251.29999,-2046.8518,-23.21556,0.20565958
251.31999,-1820.9095,-2.7056682,-0.114105515
251.34,-1739.1859,8.670914,-0.114105515
251.36,-1820.9095,3.3832066,0.36554214
251.37999,-1931.477,-15.203884,-0.2739881
251.4,-1820.9095,8.190214,0.5254247
251.42,-1849.7533,-0.30216488,0.36554214
251.43999,-1873.7897,7.549279,0.20565958
251.45999,-1902.6334,-6.5512733,0.045777034
251.48,-1816.1024,-1.1033326,0.045777034
251.5,-1801.6804,8.670914,0.20565958
251.51999,-1883.4043,5.3060093,0.20565958
251.54,-1854.5605,2.5820389,0.045777034
251.56,-1873.7897,-2.0647337,0.20565958
251.58,-1868.9824,3.0627398,0.5254247
251.59999,-1936.2842,-4.6284704,-0.2739881
251.62,-1854.5605,2.1013381,-0.114105515
251.64,-1878.597,-11.358279,0.045777034
251.65999,-1883.4043,-1.4237996,0.045777034
251.68,-1926.6698,0.9797035,0.045777034
251.7,-1902.6334,0.17853576,0.20565958
251.72,-1830.5242,2.5820389,-0.114105515
251.73999,-1941.0917,-4.6284704,0.045777034
251.76,-1849.7533,12.99722,0.36554214
251.78,-1936.2842,-8.474075,-0.114105515
251.79999,-1936.2842,-0.14193134,0.20565958
251.81999,-1806.4878,4.024141,0.20565958
251.84,-2027.6226,-4.3080034,0.20565958
251.86,-1873.7897,1.9411048,0.20565958
251.87999,-1907.4407,-15.203884,0.20565958
251.9,-1825.7169,3.0627398,0.20565958
251.92,-1844.946,-1.9045002,-0.114105515
251.93999,-1888.2114,-0.14193134,-0.114105515
251.95999,-1931.477,-2.0647337,0.20565958
251.98,-2027.6226,-8.954777,-0.114105515
252.0,-1748.8004,5.78671,0.5254247
252.01999,-1936.2842,-0.46239844,0.045777034
252.04,-1840.1388,13.477921,0.5254247
252.06,-1945.8988,1.4604042,0.20565958
252.08,-1816.1024,1.9411048,-0.114105515
252.09999,-1830.5242,-3.026135,-0.7536357
252.12,-1998.779,-6.8717403,-0.114105515
252.14,-1974.7427,-4.3080034,0.045777034
252.15999,-1825.7169,-2.0647337,-0.114105515
252.18,-1768.0295,10.433483,0.36554214
252.2,-1907.4407,2.7422726,0.045777034
252.22,-1950.7063,-2.8659017,0.20565958
252.23999,-1974.7427,0.6592364,0.045777034
252.26,-1936.2842,-6.230806,0.045777034
252.28,-2032.43,-7.192207,0.045777034
252.29999,-2046.8518,4.024141,0.20565958
252.31999,-1926.6698,-11.999213,-0.2739881
252.34,-1955.5134,1.3001705,0.045777034
252.36,-1772.8368,0.6592364,0.045777034
252.37999,-1897.826,7.549279,0.045777034
252.4,-1883.4043,-3.9875362,-0.2739881
252.42,-1955.5134,8.670914,0.045777034
252.43999,-1955.5134,-0.14193134,0.20565958
252.45999,-1950.7063,-1.9045002,-0.114105515
252.48,-2032.43,-0.30216488,-0.114105515
252.5,-1883.4043,-0.9430991,0.045777034
252.51999,-2056.4663,-15.203884,-0.2739881
252.54,-1840.1388,-2.7056682,-0.4338706
252.56,-2037.2372,-18.729021,-0.59375316
252.58,-1917.0553,1.4604042,0.20565958
252.59999,-1859.3679,4.9855423,0.20565958
252.62,-2128.5757,-2.0647337,0.5254247
252.64,-1917.0553,-4.3080034,0.045777034
252.65999,-1926.6698,-1.7442669,-0.114105515
252.68,-1965.128,-2.385201,-0.114105515
252.7,-1888.2114,-6.0705724,0.045777034
252.72,-1743.9932,16.52236,0.20565958
252.73999,-1897.826,0.9797035,0.045777034
252.76,-1965.128,1.3001705,-0.114105515
252.78,-1782.4514,0.17853576,-0.114105515
252.79999,-1960.3208,-1.4237996,0.045777034
252.81999,-1955.5134,-4.3080034,-0.114105515
252.84,-1859.3679,5.466243,0.20565958
252.86,-1897.826,-5.429638,-0.2739881
252.87999,-1888.2114,10.75395,0.20565958
252.9,-1917.0553,-4.7887044,-0.4338706
252.92,-2022.8154,-4.948938,-0.4338706
252.93999,-1950.7063,-9.59571,-0.2739881
252.95999,-1917.0553,-2.5454345,0.045777034
252.98,-1993.9716,2.5820389,-0.114105515
253.0,-1902.6334,12.035819,-0.114105515
253.01999,-1897.826,5.466243,0.045777034
253.04,-1984.3572,-5.589872,-0.114105515
253.06,-2075.6953,-13.120848,-0.114105515
253.08,-2066.0808,-11.999213,-0.2739881
253.09999,-1936.2842,2.261572,0.20565958
253.12,-1931.477,3.5434403,-0.2739881
253.14,-2046.8518,1.3001705,0.5254247
253.15999,-1912.2478,-1.2635663,-0.2739881
253.18,-1931.477,5.3060093,0.045777034
253.2,-1931.477,6.2674108,0.045777034
253.22,-1859.3679,-2.5454345,-0.2739881
253.23999,-1917.0553,-3.3466022,-0.4338706
253.26,-1917.0553,2.261572,-0.4338706
253.28,-1868.9824,-6.8717403,-0.4338706
253.29999,-1830.5242,3.2229733,-0.4338706
253.31999,-2075.6953,-3.3466022,-0.2739881
253.34,-1912.2478,4.9855423,-0.2739881
253.36,-1912.2478,0.018302217,-0.2739881
253.37999,-1868.9824,11.394884,-0.2739881
253.4,-1955.5134,3.2229733,-0.59375316
253.42,-1955.5134,4.9855423,0.20565958
253.43999,-1974.7427,-8.153608,-0.4338706
253.45999,-2042.0444,9.311849,0.045777034
253.48,-1984.3572,-1.1033326,-0.4338706
253.5,-1878.597,0.81947,-0.4338706
253.51999,-1787.2587,8.831148,-0.114105515
253.54,-1907.4407,7.549279,-0.4338706
253.56,-1984.3572,1.7808713,-0.4338706
253.58,-1960.3208,-4.948938,-0.114105515
253.59999,-1893.0188,-7.5126743,-0.4338706
253.62,-2051.659,-3.9875362,-0.114105515
253.64,-1941.0917,3.0627398,-0.4338706
253.65999,-1873.7897,7.8697467,-0.114105515
253.68,-2061.2737,-3.9875362,-0.2739881
253.7,-1955.5134,-1.5840333,-0.4338706
253.72,-1974.7427,6.1071773,-0.2739881
253.73999,-1926.6698,-0.62263197,-0.2739881
253.76,-2094.9246,-9.916177,-0.2739881
253.78,-1893.0188,6.2674108,0.20565958
253.79999,-1931.477,-5.2694044,-0.2739881
253.81999,-1671.8839,9.952783,0.045777034
253.84,-1989.1644,-2.8659017,-0.7536357
253.86,-1926.6698,-2.0647337,-0.4338706
253.87999,-1844.946,-8.153608,-0.59375316
253.9,-1945.8988,1.3001705,-0.2739881
253.92,-1907.4407,4.184375,-0.4338706
253.93999,-1907.4407,-3.026135,-0.59375316
253.95999,-1840.1388,5.3060093,-0.114105515
253.98,-1941.0917,16.682592,0.045777034
254.0,-1917.0553,-3.026135,0.045777034
254.01999,-2046.8518,1.6206378,-0.114105515
254.04,-1907.4407,-1.5840333,-0.114105515
254.06,-1854.5605,5.3060093,-0.114105515
254.08,-2018.008,-16.485752,-0.9135183
254.09999,-1888.2114,-2.385201,-0.7536357
254.12,-1921.8624,0.9797035,-0.59375316
254.14,-2080.503,-0.46239844,-0.114105515
254.15999,-1893.0188,3.3832066,-0.114105515
254.18,-1897.826,10.113016,-0.114105515
254.2,-1878.597,4.9855423,0.20565958
254.22,-1993.9716,-7.5126743,-0.2739881
254.23999,-2008.3937,-3.827303,-0.2739881
254.26,-1893.0188,3.8639073,-0.9135183
254.28,-1945.8988,0.49900287,-0.114105515
254.29999,-1993.9716,-4.6284704,-0.2739881
254.31999,-1878.597,13.477921,-0.114105515
254.34,-1907.4407,1.139937,-0.4338706
254.36,-2008.3937,3.5434403,-0.114105515
254.37999,-2018.008,-4.14777,-0.2739881
254.4,-1912.2478,4.825309,-0.2739881
254.42,-1888.2114,1.3001705,-0.2739881
254.43999,-1965.128,-2.8659017,-0.59375316
254.45999,-2003.5862,-11.358279,-1.0734009
254.48,-1921.8624,-6.0705724,-0.59375316
254.5,-1912.2478,12.356286,-0.2739881
254.51999,-1945.8988,2.1013381,-0.4338706
254.54,-1917.0553,0.018302217,-0.4338706
254.56,-1945.8988,-0.7828655,-0.7536357
254.58,-1979.5498,1.9411048,-0.7536357
254.59999,-1902.6334,1.139937,-0.7536357
254.62,-1945.8988,-10.076411,-0.59375316
254.64,-1945.8988,0.6592364,-0.4338706
254.65999,-1844.946,13.477921,-0.4338706
254.68,-2022.8154,-0.7828655,-0.2739881
254.7,-1936.2842,-0.30216488,-0.114105515
254.72,-2022.8154,6.4276443,0.045777034
254.73999,-1917.0553,-4.468237,-0.2739881
254.76,-1897.826,-0.30216488,-0.114105515
254.78,-1945.8988,7.228812,-0.114105515
254.79999,-1960.3208,-3.1863687,0.045777034
254.81999,-1969.9352,6.1071773,0.20565958
254.84,-2046.8518,-2.5454345,-0.114105515
254.86,-1960.3208,2.261572,-0.2739881
254.87999,-1945.8988,1.7808713,-0.7536357
254.9,-1979.5498,-3.1863687,-0.59375316
254.92,-1912.2478,4.024141,-0.2739881
254.93999,-2046.8518,-3.1863687,-0.4338706
254.95999,-1974.7427,8.670914,0.20565958
254.98,-1950.7063,-3.1863687,-0.4338706
255.0,-1979.5498,-1.4237996,-0.59375316
255.01999,-2032.43,-10.396878,-1.0734009
255.04,-1945.8988,-1.7442669,-0.4338706
255.06,-1926.6698,-2.7056682,-0.2739881
255.08,-1893.0188,4.184375,-0.9135183
255.09999,-1926.6698,10.593717,-0.2739881
255.12,-2046.8518,-9.115009,-0.114105515
255.14,-2061.2737,-3.6670694,-0.114105515
255.15999,-1974.7427,3.0627398,-0.59375316
255.18,-2080.503,-6.3910394,-0.4338706
255.2,-1955.5134,-8.634309,-0.4338706
255.22,-2104.5393,-6.230806,-0.4338706
255.23999,-1974.7427,2.5820389,-0.114105515
255.26,-1897.826,3.8639073,-0.4338706
255.28,-1840.1388,5.6264763,-0.59375316
255.29999,-1969.9352,-7.352441,-1.0734009
255.31999,-1955.5134,-2.0647337,0.045777034
255.34,-1931.477,4.825309,-0.114105515
255.36,-2027.6226,-6.3910394,-0.59375316
255.37999,-1969.9352,3.3832066,0.045777034
255.4,-2018.008,-1.9045002,-0.114105515
255.42,-2061.2737,-18.408554,-0.4338706
255.43999,-1912.2478,-2.2249672,-0.7536357
255.45999,-1936.2842,0.81947,-0.114105515
255.48,-1816.1024,15.24049,-0.59375316
255.5,-2022.8154,-3.6670694,-0.4338706
255.51999,-2022.8154,1.7808713,0.045777034
255.54,-2022.8154,-15.203884,-0.59375316
255.56,-2090.1172,-8.153608,-0.7536357
255.58,-1907.4407,-0.62263197,-0.4338706
255.59999,-2061.2737,-9.275244,-0.59375316
255.62,-1897.826,4.504842,-0.4338706
255.64,-2046.8518,-0.30216488,-0.4338706
255.65999,-1998.779,2.1013381,-0.114105515
255.68,-2003.5862,0.9797035,-0.114105515
255.7,-2003.5862,6.7481112,-0.7536357
255.72,-1965.128,0.17853576,-0.2739881
255.73999,-2032.43,-3.026135,-0.2739881
255.76,-1849.7533,16.52236,-0.2739881
255.78,-1998.779,-1.5840333,-0.114105515
255.79999,-1897.826,4.184375,-0.114105515
255.81999,-1955.5134,4.825309,-0.114105515
255.84,-1974.7427,11.555119,-0.2739881
255.86,-1917.0553,-7.352441,-0.4338706
255.87999,-2051.659,1.9411048,-0.59375316
255.9,-1854.5605,11.715352,-0.114105515
255.92,-1917.0553,4.6650753,-0.2739881
255.93999,-1926.6698,0.018302217,-0.4338706
255.95999,-1931.477,3.8639073,-0.2739881
255.98,-2123.768,-8.794542,-0.114105515
256.0,-1993.9716,0.018302217,0.045777034
256.02,-1955.5134,-0.14193134,-0.114105515
256.04,-1945.8988,8.190214,-0.2739881
256.06,-1998.779,-3.5068357,-0.4338706
256.08,-2142.9973,-7.192207,0.045777034
256.1,-1979.5498,8.510681,0.045777034
256.12,-1950.7063,9.792548,0.20565958
256.13998,-1979.5498,1.3001705,0.36554214
256.16,-1965.128,6.7481112,0.20565958
256.18,-2056.4663,-4.468237,-0.4338706
256.19998,-1917.0553,14.279089,0.045777034
256.22,-1897.826,1.4604042,-0.2739881
256.24,-1912.2478,17.804228,0.045777034
256.25998,-1917.0553,9.792548,0.045777034
256.28,-1984.3572,3.0627398,0.36554214
256.3,-1931.477,12.196053,0.36554214
256.32,-2051.659,-9.435476,-0.114105515
256.34,-2056.4663,4.504842,0.045777034
256.36,-2061.2737,-1.1033326,0.20565958
256.38,-1989.1644,-8.634309,-0.2739881
256.4,-2008.3937,2.1013381,0.045777034
256.41998,-1965.128,2.902506,-0.114105515
256.44,-1989.1644,0.17853576,0.20565958
256.46,-2032.43,-0.30216488,-0.114105515
256.47998,-1974.7427,0.17853576,0.20565958
256.5,-2061.2737,-0.7828655,-0.114105515
256.52,-1998.779,-4.14777,-0.4338706
256.54,-2061.2737,-5.429638,-0.114105515
256.56,-1974.7427,-11.358279,-0.4338706
256.58,-2056.4663,0.6592364,0.045777034
256.6,-2037.2372,-13.441315,-0.2739881
256.62,-2090.1172,-6.8717403,-0.2739881
256.63998,-2022.8154,-2.5454345,-0.2739881
256.66,-1926.6698,-1.5840333,-0.2739881
256.68,-1902.6334,10.113016,-0.114105515
256.69998,-2032.43,3.3832066,0.20565958
256.72,-2051.659,-8.634309,0.20565958
256.74,-2080.503,0.49900287,0.20565958
256.75998,-1835.3314,9.311849,-0.114105515
256.78,-2032.43,-7.192207,-0.2739881
256.8,-1993.9716,-7.352441,-0.2739881
256.82,-1897.826,8.670914,0.045777034
256.84,-2027.6226,-11.037811,-0.114105515
256.86,-2056.4663,-5.429638,-0.2739881
256.88,-2003.5862,-0.7828655,0.045777034
256.9,-1902.6334,14.759789,0.20565958
256.91998,-2167.0337,-8.794542,0.5254247
256.94,-2061.2737,-8.153608,0.045777034
256.96,-2051.659,2.1013381,-0.114105515
256.97998,-1974.7427,-17.76762,-0.59375316
257.0,-1931.477,-2.0647337,-0.2739881
257.02,-1960.3208,1.9411048,0.045777034
257.04,-2032.43,-12.640147,-0.2739881
257.06,-1897.826,2.902506,-0.2739881
257.08,-2056.4663,4.024141,0.20565958
257.1,-1950.7063,3.2229733,0.36554214
257.12,-1897.826,-4.948938,-0.59375316
257.13998,-2018.008,4.9855423,-0.114105515
257.16,-1979.5498,-2.2249672,0.045777034
257.18,-2027.6226,3.5434403,-0.114105515
257.19998,-1955.5134,2.902506,-0.114105515
257.22,-1950.7063,3.2229733,-0.59375316
257.24,-2027.6226,4.825309,-0.4338706
257.25998,-1931.477,5.3060093,-0.4338706
257.28,-1893.0188,7.3890457,-0.59375316
257.3,-1979.5498,14.759789,-0.114105515
257.32,-1960.3208,-0.30216488,-0.2739881
257.34,-2008.3937,2.902506,-0.2739881
257.36,-2210.2993,-19.369957,-0.59375316
257.38,-1893.0188,11.394884,-0.2739881
257.4,-1965.128,1.9411048,-0.114105515
257.41998,-2013.2008,12.8369875,0.045777034
257.44,-2027.6226,-0.46239844,-0.2739881
257.46,-2018.008,-2.385201,-0.4338706
257.47998,-1912.2478,12.99722,-0.114105515
257.5,-2051.659,-1.5840333,-0.7536357
257.52,-2080.503,0.9797035,-0.4338706
257.54,-1907.4407,0.33876932,-0.59375316
257.56,-2032.43,1.6206378,-0.59375316
257.58,-2051.659,-3.026135,-0.4338706
257.6,-1965.128,13.157454,0.045777034
257.62,-1921.8624,-1.1033326,-0.59375316
257.63998,-2037.2372,-1.9045002,-1.0734009
257.66,-1926.6698,-2.8659017,-1.0734009
257.68,-1974.7427,5.6264763,-0.59375316
257.69998,-2042.0444,-6.5512733,-0.59375316
257.72,-2013.2008,0.9797035,-0.2739881
257.74,-2090.1172,-7.672908,-0.2739881
257.75998,-2099.7317,-8.794542,-0.59375316
257.78,-2085.31,-4.7887044,-0.59375316
257.8,-2085.31,-26.099764,-0.7536357
257.82,-1921.8624,3.3832066,-0.59375316
257.84,-1955.5134,0.6592364,-0.4338706
257.86,-1921.8624,-2.0647337,-0.59375316
257.88,-2070.8882,4.9855423,-0.114105515
257.9,-1960.3208,14.599556,0.20565958
257.91998,-2027.6226,4.184375,-0.2739881
257.94,-2066.0808,-0.9430991,-0.7536357
257.96,-1989.1644,-1.9045002,-0.2739881
257.97998,-2018.008,-4.948938,-0.4338706
258.0,-1888.2114,6.1071773,-0.4338706
258.02,-2027.6226,1.6206378,-0.114105515
258.04,-2032.43,-9.755944,-0.7536357
258.06,-1945.8988,7.709513,0.20565958
258.08,-2171.841,-21.292757,-0.4338706
258.1,-1984.3572,2.902506,-0.2739881
258.12,-1960.3208,-2.5454345,-0.59375316
258.13998,-1768.0295,16.682592,-0.114105515
258.16,-2022.8154,-3.827303,-0.59375316
258.18,-1993.9716,-7.5126743,-0.59375316
258.19998,-1897.826,3.5434403,-0.114105515
258.22,-2133.3828,-8.153608,-0.114105515
258.24,-2066.0808,-1.5840333,-0.114105515
258.25998,-2008.3937,-1.5840333,-0.114105515
258.28,-1950.7063,-3.026135,-0.4338706
258.3,-2056.4663,0.81947,-0.114105515
258.32,-2123.768,-10.717345,0.045777034
258.34,-2022.8154,2.7422726,0.36554214
258.36,-1965.128,1.9411048,0.045777034
258.38,-1873.7897,7.549279,0.045777034
258.4,-1835.3314,8.831148,0.20565958
258.41998,-2018.008,4.3446083,0.20565958
258.44,-1989.1644,7.709513,0.5254247
258.46,-1950.7063,5.466243,0.36554214
258.47998,-2051.659,4.825309,0.20565958
258.5,-1926.6698,1.7808713,0.20565958
258.52,-2008.3937,-3.5068357,-0.114105515
258.54,-1974.7427,12.99722,-0.114105515
258.56,-1945.8988,3.7036738,0.045777034
258.58,-1989.1644,-4.468237,-0.4338706
258.6,-2066.0808,1.3001705,-0.114105515
258.62,-2046.8518,0.6592364,-0.114105515
258.63998,-2090.1172,5.145776,0.36554214
258.66,-2042.0444,0.49900287,-0.114105515
258.68,-2003.5862,7.228812,-0.4338706
258.69998,-1945.8988,4.024141,-0.2739881
258.72,-2018.008,10.433483,0.045777034
258.74,-2032.43,-0.62263197,-0.4338706
258.75998,-2046.8518,-1.9045002,-0.59375316
258.78,-2046.8518,2.1013381,-0.114105515
258.8,-1989.1644,-5.7501054,-0.59375316
258.82,-2027.6226,-3.1863687,-0.4338706
258.84,-2066.0808,-4.3080034,-0.4338706
258.86,-2022.8154,8.510681,-0.2739881
258.88,-2147.8047,-7.672908,-0.4338706
258.9,-2008.3937,-0.62263197,-0.2739881
258.91998,-2114.1536,1.139937,0.045777034
258.94,-2066.0808,-0.62263197,-0.114105515
258.96,-2080.503,-5.589872,0.045777034
258.97998,-1998.779,1.6206378,-0.114105515
259.0,-2075.6953,2.4218054,0.045777034
259.02,-2018.008,6.1071773,-0.2739881
259.04,-2070.8882,-2.7056682,-0.2739881
259.06,-2114.1536,-13.761782,-0.59375316
259.08,-2027.6226,-10.076411,-0.4338706
259.1,-2109.3464,-5.589872,-0.114105515
259.12,-2080.503,-3.9875362,-0.4338706
259.13998,-2008.3937,-3.1863687,-1.0734009
259.16,-1989.1644,4.184375,-0.2739881
259.18,-2027.6226,-2.2249672,-0.9135183
259.19998,-2128.5757,0.33876932,-0.4338706
259.22,-2118.961,-4.7887044,-0.4338706
259.24,-1993.9716,4.6650753,-0.2739881
259.25998,-2109.3464,-4.14777,-0.4338706
259.28,-2138.19,1.139937,-0.2739881
259.3,-1998.779,4.3446083,-0.4338706
259.32,-1993.9716,4.825309,0.045777034
259.34,-2094.9246,-4.14777,-0.59375316
259.36,-1945.8988,0.9797035,-0.2739881
259.38,-2018.008,-0.14193134,-0.114105515
259.4,-1931.477,13.798388,-0.2739881
259.41998,-1974.7427,21.649834,0.045777034
259.44,-2022.8154,3.2229733,-0.114105515
259.46,-2027.6226,7.549279,-0.114105515
259.47998,-1907.4407,8.350447,-0.2739881
259.5,-2027.6226,-0.9430991,0.045777034
259.52,-2066.0808,-7.672908,-0.114105515
259.54,-2051.659,5.466243,-0.2739881
259.56,-2051.659,3.2229733,-0.2739881
259.58,-2032.43,11.715352,-0.114105515
259.6,-2051.659,1.139937,-0.59375316
259.62,-2066.0808,11.715352,0.045777034
259.63998,-2085.31,7.8697467,0.045777034
259.66,-2066.0808,0.49900287,0.045777034
259.68,-2142.9973,-0.30216488,0.20565958
259.69998,-1989.1644,0.49900287,-0.114105515
259.72,-2066.0808,-0.7828655,-0.2739881
259.74,-1849.7533,18.925863,0.045777034
259.75998,-2075.6953,-0.46239844,-0.2739881
259.78,-2123.768,-8.474075,-0.114105515
259.8,-2042.0444,1.4604042,0.045777034
259.82,-2042.0444,4.3446083,0.045777034
259.84,-2066.0808,-6.0705724,-0.114105515
259.86,-2070.8882,0.6592364,-0.2739881
259.88,-2109.3464,-0.62263197,-0.2739881
259.9,-1830.5242,9.632316,-0.2739881
259.91998,-1868.9824,7.8697467,-0.2739881
259.94,-2123.768,-0.7828655,-0.114105515
259.96,-2133.3828,3.3832066,-0.114105515
259.97998,-2109.3464,2.4218054,-0.114105515
260.0,-2056.4663,3.2229733,-0.2739881
260.02,-2061.2737,-7.833141,-0.59375316
260.04,-1936.2842,7.549279,0.045777034
260.06,-1984.3572,13.638155,-0.114105515
260.08,-2018.008,2.1013381,-0.114105515
260.1,-2032.43,-4.14777,-0.4338706
260.12,-2085.31,-2.7056682,-0.114105515
260.13998,-2027.6226,-4.6284704,-0.2739881
260.16,-1950.7063,13.958622,-0.4338706
260.18,-2061.2737,1.139937,0.045777034
260.19998,-2018.008,-1.1033326,0.045777034
260.22,-2042.0444,-0.30216488,-0.114105515
260.24,-1950.7063,7.0685787,-0.2739881
260.25998,-2099.7317,11.074417,0.36554214
260.28,-2032.43,0.81947,-0.114105515
260.3,-2094.9246,-5.7501054,-0.4338706
260.32,-2167.0337,-17.447153,-0.4338706
260.34,-1974.7427,3.5434403,-0.2739881
260.36,-2056.4663,2.1013381,-0.4338706
260.38,-2080.503,5.145776,0.045777034
260.4,-1969.9352,7.709513,0.045777034
260.41998,-2176.6484,-3.026135,-0.2739881
260.44,-2032.43,4.825309,-0.114105515
260.46,-2090.1172,-4.468237,-0.4338706
260.47998,-2008.3937,4.184375,-0.2739881
260.5,-2104.5393,-3.9875362,-0.4338706
260.52,-2046.8518,5.3060093,-0.59375316
260.54,-2046.8518,-1.5840333,-0.4338706
260.56,-2046.8518,-7.993375,-0.2739881
260.58,-2018.008,-3.6670694,-0.59375316
260.6,-2176.6484,-3.3466022,0.045777034
260.62,-1989.1644,-2.8659017,-0.114105515
260.63998,-2066.0808,3.8639073,0.045777034
260.66,-2066.0808,4.024141,-0.2739881
260.68,-2200.6848,-3.6670694,-0.2739881
260.69998,-2094.9246,-5.2694044,-0.4338706
260.72,-2104.5393,1.4604042,-0.114105515
260.74,-2099.7317,-8.634309,-0.4338706
260.75998,-2051.659,8.991381,-0.114105515
260.78,-2042.0444,-0.7828655,-0.4338706
260.8,-2118.961,-0.30216488,-0.2739881
260.82,-2022.8154,9.151615,-0.114105515
260.84,-2008.3937,1.139937,-0.4338706
260.86,-2123.768,-4.3080034,-0.2739881
260.88,-2075.6953,-9.115009,-0.59375316
260.9,-2123.768,3.2229733,-0.2739881
260.91998,-2022.8154,-1.4237996,-0.59375316
260.94,-2051.659,3.5434403,-0.2739881
260.96,-2075.6953,-4.468237,-0.7536357
260.97998,-2042.0444,0.018302217,-0.59375316
261.0,-2022.8154,4.825309,-0.2739881
261.02,-2133.3828,12.51652,0.20565958
261.04,-2075.6953,1.139937,-0.4338706
261.06,-2171.841,-8.474075,-0.59375316
261.08,-2066.0808,5.6264763,-0.59375316
261.1,-2099.7317,-4.6284704,-0.4338706
261.12,-2022.8154,0.81947,0.045777034
261.13998,-1921.8624,18.605394,0.045777034
261.16,-2157.4192,8.991381,-0.114105515
261.18,-2061.2737,-2.2249672,-0.59375316
261.19998,-2099.7317,-10.877579,-0.114105515
261.22,-2167.0337,-4.468237,-0.114105515
261.24,-2061.2737,-5.429638,-0.4338706
261.25998,-2152.612,2.4218054,-0.2739881
261.28,-2013.2008,-1.2635663,-0.2739881
261.3,-2070.8882,-0.62263197,-0.4338706
261.32,-1926.6698,3.0627398,-0.2739881
261.34,-2070.8882,1.9411048,-0.4338706
261.36,-2205.492,-15.844818,-0.7536357
261.38,-1960.3208,3.5434403,-0.2739881
261.4,-2171.841,-3.9875362,0.045777034
261.41998,-2042.0444,-9.435476,0.20565958
261.44,-2099.7317,0.018302217,-0.2739881
261.46,-2114.1536,0.81947,0.045777034
261.47998,-2008.3937,0.018302217,-0.2739881
261.5,-2090.1172,-8.153608,-0.59375316
261.52,-2128.5757,9.151615,-0.114105515
261.54,-2070.8882,-0.7828655,-0.2739881
261.56,-2051.659,5.466243,-0.2739881
261.58,-1950.7063,-3.1863687,-0.114105515
261.6,-2090.1172,5.9469438,0.20565958
261.62,-2003.5862,9.632316,0.20565958
261.63998,-2094.9246,1.6206378,0.045777034
261.66,-2109.3464,0.6592364,0.20565958
261.68,-2056.4663,3.5434403,0.045777034
261.69998,-2210.2993,1.6206378,0.5254247
261.72,-2080.503,7.228812,0.045777034
261.74,-1917.0553,6.7481112,-0.114105515
261.75998,-2296.8303,-23.21556,-0.114105515
261.78,-2080.503,-0.7828655,-0.2739881
261.8,-2013.2008,14.759789,0.20565958
261.82,-2104.5393,2.7422726,-0.4338706
261.84,-2138.19,1.6206378,-0.114105515
261.86,-2094.9246,4.6650753,0.5254247
261.88,-2070.8882,-6.0705724,0.045777034
261.9,-2147.8047,-2.2249672,-0.114105515
261.91998,-2080.503,2.902506,0.045777034
261.94,-1955.5134,18.605394,-0.2739881
261.96,-2167.0337,-6.230806,-0.114105515
261.97998,-2191.07,-1.7442669,0.20565958
262.0,-2046.8518,0.49900287,-0.114105515
262.02,-2205.492,-1.1033326,0.045777034
262.04,-2056.4663,8.02998,0.045777034
262.06,-2109.3464,-4.6284704,-0.114105515
262.08,-2027.6226,1.3001705,-0.2739881
262.1,-2094.9246,-7.833141,-0.2739881
262.12,-2003.5862,4.504842,0.045777034
262.13998,-2061.2737,-2.7056682,-0.2739881
262.16,-2142.9973,-2.7056682,-0.2739881
262.18,-2085.31,2.7422726,0.20565958
262.19998,-2191.07,-4.7887044,-0.114105515
262.22,-2094.9246,-4.468237,-0.2739881
262.24,-2123.768,1.6206378,0.045777034
262.25998,-2061.2737,2.4218054,-0.114105515
262.28,-2061.2737,4.024141,-0.2739881
262.3,-2147.8047,-4.7887044,-0.114105515
262.32,-2123.768,-12.960614,-0.114105515
262.34,-2042.0444,0.6592364,-0.114105515
262.36,-2056.4663,4.024141,-0.4338706
262.38,-2070.8882,14.759789,0.5254247
262.4,-2051.659,5.6264763,0.20565958
262.41998,-2066.0808,0.17853576,-0.114105515
262.44,-2181.4556,-4.7887044,0.20565958
262.46,-2138.19,-2.8659017,0.68530726
262.47998,-2109.3464,2.261572,-0.4338706
262.5,-1955.5134,1.9411048,0.5254247
262.52,-2085.31,-0.7828655,-0.114105515
262.54,-2277.601,-12.960614,-0.2739881
262.56,-2003.5862,14.599556,0.045777034
262.58,-2142.9973,2.5820389,0.5254247
262.6,-2195.8774,-0.7828655,0.045777034
262.62,-2099.7317,4.504842,0.20565958
262.63998,-2013.2008,-4.6284704,-0.2739881
262.66,-2147.8047,0.81947,0.20565958
262.68,-2042.0444,-1.4237996,0.045777034
262.69998,-1945.8988,13.477921,-0.114105515
262.72,-2032.43,-5.7501054,-0.4338706
262.74,-2075.6953,3.7036738,-0.114105515
262.75998,-2085.31,-1.5840333,0.045777034
262.78,-2104.5393,-4.7887044,0.045777034
262.8,-2022.8154,4.825309,0.045777034
262.82,-2056.4663,2.1013381,-0.114105515
262.84,-2051.659,14.439322,0.20565958
262.86,-2070.8882,2.7422726,0.20565958
262.88,-2085.31,-0.9430991,0.20565958
262.9,-2219.9138,2.902506,0.045777034
262.91998,-2099.7317,3.0627398,0.36554214
262.94,-2099.7317,-5.589872,0.20565958
262.96,-2085.31,-1.2635663,-0.59375316
262.97998,-2051.659,-3.5068357,-0.114105515
263.0,-2109.3464,3.0627398,0.045777034
263.02,-2027.6226,10.433483,0.20565958
263.04,-2080.503,0.6592364,0.36554214
263.06,-2090.1172,0.6592364,0.045777034
263.08,-2210.2993,-12.159447,0.045777034
263.1,-2051.659,-0.62263197,0.045777034
263.12,-2027.6226,-0.30216488,0.20565958
263.13998,-2080.503,1.139937,-0.114105515
263.16,-2070.8882,1.3001705,-0.114105515
263.18,-2037.2372,4.184375,0.045777034
263.19998,-2061.2737,0.81947,0.20565958
263.22,-1969.9352,6.7481112,0.5254247
263.24,-2152.612,-1.4237996,0.5254247
263.25998,-2109.3464,0.6592364,0.20565958
263.28,-2085.31,1.7808713,-0.114105515
263.3,-2215.1064,-19.049488,-0.2739881
263.32,-1974.7427,2.7422726,0.20565958
263.34,-2128.5757,0.9797035,0.20565958
263.36,-2032.43,17.483759,0.5254247
263.38,-2056.4663,0.9797035,0.36554214
263.4,-2123.768,-0.14193134,0.68530726
263.41998,-2070.8882,7.709513,0.8451898
263.44,-2118.961,-4.6284704,0.045777034
263.46,-2075.6953,9.151615,0.36554214
263.47998,-2171.841,-8.153608,0.5254247
263.5,-2094.9246,-2.5454345,-0.114105515
263.52,-1984.3572,-1.1033326,0.045777034
263.54,-2147.8047,0.33876932,-0.114105515
263.56,-2104.5393,9.472081,0.20565958
263.58,-2056.4663,2.7422726,0.36554214
263.6,-2066.0808,7.0685787,0.36554214
263.62,-2085.31,9.311849,0.5254247
263.63998,-2138.19,-4.14777,0.045777034
263.66,-2138.19,-5.1091714,-0.2739881
263.68,-2123.768,4.024141,0.20565958
263.69998,-2090.1172,0.17853576,-0.114105515
263.72,-2051.659,1.9411048,0.045777034
263.74,-2157.4192,-12.640147,0.045777034
263.75998,-2032.43,10.75395,0.5254247
263.78,-2051.659,5.9469438,0.5254247
263.8,-2104.5393,3.7036738,0.20565958
263.82,-2104.5393,8.350447,0.20565958
263.84,-2128.5757,6.1071773,0.36554214
263.86,-2051.659,-7.192207,0.045777034
263.88,-2138.19,9.792548,0.5254247
263.9,-2104.5393,-2.5454345,0.20565958
263.91998,-2191.07,-7.993375,0.045777034
263.94,-2080.503,12.51652,0.68530726
263.96,-2181.4556,3.2229733,0.20565958
263.97998,-2075.6953,7.3890457,0.5254247
264.0,-2118.961,4.024141,0.20565958
264.02,-2210.2993,-5.1091714,0.20565958
264.04,-2022.8154,9.311849,0.045777034
264.06,-2070.8882,0.33876932,0.045777034
264.08,-2080.503,4.825309,0.20565958
264.1,-2037.2372,2.7422726,-0.114105515
264.12,-2051.659,-0.14193134,0.045777034
264.13998,-2224.7212,-4.948938,0.045777034
264.16,-2152.612,-3.9875362,0.20565958
264.18,-2118.961,1.4604042,0.5254247
264.19998,-2162.2263,-4.468237,0.20565958
264.22,-2018.008,10.113016,0.5254247
264.24,-2090.1172,-0.30216488,0.36554214
264.25998,-2167.0337,3.2229733,0.5254247
264.28,-1979.5498,-3.827303,0.20565958
264.3,-2234.3357,0.018302217,0.045777034
264.32,-2027.6226,15.24049,0.20565958
264.34,-2114.1536,2.261572,0.5254247
264.36,-2133.3828,1.7808713,0.5254247
264.38,-2008.3937,10.75395,-0.2739881
264.4,-2147.8047,3.7036738,0.5254247
264.41998,-2099.7317,-0.30216488,0.045777034
264.44,-2042.0444,4.184375,0.20565958
264.46,-2061.2737,0.9797035,0.5254247
264.47998,-2109.3464,5.78671,0.68530726
264.5,-2138.19,-4.14777,0.68530726
264.52,-2133.3828,-0.62263197,0.5254247
264.54,-2094.9246,-0.30216488,0.68530726
264.56,-2061.2737,-1.1033326,-0.2739881
264.58,-2118.961,2.261572,0.5254247
264.6,-1926.6698,11.234652,0.68530726
264.62,-2138.19,4.184375,0.8451898
264.63998,-2104.5393,0.9797035,0.36554214
264.66,-2215.1064,-3.3466022,0.5254247
264.68,-2118.961,-2.5454345,-0.114105515
264.69998,-2118.961,3.5434403,0.5254247
264.72,-2181.4556,-8.153608,-0.59375316
264.74,-2186.263,0.018302217,0.20565958
264.75998,-2147.8047,4.9855423,0.36554214
264.78,-2138.19,-0.9430991,0.20565958
264.8,-2200.6848,3.0627398,0.5254247
264.82,-2109.3464,-5.1091714,0.36554214
264.84,-2128.5757,-0.62263197,0.20565958
264.86,-2032.43,17.483759,0.20565958
264.88,-2171.841,-6.3910394,-0.114105515
264.9,-2253.5647,-12.800381,0.20565958
264.91998,-2042.0444,5.466243,0.045777034
264.94,-2142.9973,0.81947,0.5254247
264.96,-2205.492,0.81947,0.045777034
264.97998,-2118.961,10.113016,0.5254247
265.0,-2176.6484,-3.827303,0.5254247
265.02,-2118.961,-1.5840333,0.5254247
265.04,-2118.961,0.17853576,0.36554214
265.06,-2138.19,-0.30216488,-0.2739881
265.08,-2075.6953,13.958622,0.20565958
265.1,-2080.503,1.4604042,0.045777034
265.12,-2104.5393,-0.46239844,0.36554214
265.13998,-2157.4192,2.261572,0.8451898
265.16,-2157.4192,-2.0647337,0.20565958
265.18,-2224.7212,-2.385201,0.20565958
265.19998,-2133.3828,3.5434403,0.20565958
265.22,-2118.961,0.6592364,-0.114105515
265.24,-2104.5393,3.0627398,0.045777034
265.25998,-2162.2263,-4.468237,0.045777034
265.28,-2138.19,-8.794542,0.045777034
265.3,-2075.6953,-7.0319734,-0.114105515
265.32,-2210.2993,0.018302217,0.20565958
265.34,-2205.492,-3.1863687,0.045777034
265.36,-2104.5393,0.17853576,0.36554214
265.38,-2147.8047,0.9797035,0.5254247
265.4,-2152.612,-2.385201,0.20565958
265.41998,-2152.612,-3.1863687,0.8451898
265.44,-2142.9973,-12.640147,0.20565958
265.46,-2046.8518,4.024141,0.68530726
265.47998,-2090.1172,-3.3466022,0.045777034
265.5,-2133.3828,-1.7442669,-0.114105515
265.52,-2133.3828,2.1013381,0.5254247
265.54,-2027.6226,6.4276443,0.20565958
265.56,-2219.9138,0.9797035,0.68530726
265.58,-2205.492,-5.589872,0.20565958
265.6,-2090.1172,4.024141,0.20565958
265.62,-2162.2263,-4.948938,0.20565958
265.63998,-2118.961,1.3001705,0.045777034
265.66,-2066.0808,1.139937,0.20565958
265.68,-2171.841,7.8697467,0.20565958
265.69998,-2181.4556,-1.7442669,0.68530726
265.72,-2239.143,-15.04365,0.045777034
265.74,-2147.8047,-4.3080034,0.045777034
265.75998,-2219.9138,1.3001705,0.8451898
265.78,-2205.492,1.139937,0.20565958
265.8,-2142.9973,-0.30216488,0.36554214
265.82,-2109.3464,6.7481112,0.20565958
265.84,-2070.8882,0.018302217,0.20565958
265.86,-2186.263,0.17853576,0.5254247
265.88,-1936.2842,3.7036738,0.045777034
265.9,-2075.6953,4.9855423,0.5254247
265.91998,-2191.07,4.024141,0.045777034
265.94,-2138.19,4.6650753,0.5254247
265.96,-2176.6484,0.018302217,0.36554214
265.97998,-1979.5498,17.323528,0.36554214
266.0,-2306.4448,-11.999213,0.20565958
266.02,-2138.19,-0.46239844,0.20565958
266.04,-2277.601,-2.0647337,0.045777034
266.06,-2133.3828,1.6206378,-0.114105515
266.08,-2157.4192,-4.7887044,-0.114105515
266.1,-2138.19,1.4604042,0.045777034
266.12,-2027.6226,11.715352,0.20565958
266.13998,-2157.4192,3.3832066,0.36554214
266.16,-2152.612,11.074417,0.5254247
266.18,-2162.2263,0.9797035,-0.114105515
266.19998,-2205.492,-8.153608,-0.114105515
266.22,-2090.1172,-8.153608,-0.114105515
266.24,-2128.5757,-0.30216488,-0.114105515
266.25998,-2171.841,-4.14777,-0.59375316
266.28,-2263.1794,-18.568789,-0.59375316
266.3,-2152.612,4.825309,0.20565958
266.32,-2167.0337,-1.2635663,0.045777034
266.34,-2224.7212,-15.04365,-0.114105515
266.36,-2118.961,-2.8659017,-0.114105515
266.38,-2061.2737,14.599556,-0.114105515
266.4,-2061.2737,-5.7501054,0.045777034
266.41998,-2191.07,-6.711507,-0.4338706
266.44,-2219.9138,-1.1033326,0.045777034
266.46,-2219.9138,0.9797035,0.20565958
266.47998,-2210.2993,3.5434403,-0.2739881
266.5,-2292.023,-3.1863687,-0.114105515
266.52,-2195.8774,3.3832066,0.045777034
266.54,-2133.3828,2.5820389,0.5254247
266.56,-2258.372,-0.7828655,0.20565958
266.58,-2200.6848,-3.3466022,0.045777034
266.6,-2263.1794,-5.2694044,0.5254247
266.62,-2349.7102,-13.441315,-0.2739881
266.63998,-2167.0337,-1.1033326,0.045777034
266.66,-2123.768,-0.9430991,-0.114105515
266.68,-2051.659,13.477921,-0.114105515
266.69998,-2219.9138,1.139937,0.045777034
266.72,-2080.503,-2.385201,-0.2739881
266.74,-2215.1064,2.4218054,-0.2739881
266.75998,-2210.2993,-0.7828655,0.045777034
266.78,-2104.5393,-3.3466022,-0.114105515
266.8,-2320.8667,-5.7501054,-0.59375316
266.82,-2349.7102,-2.8659017,0.36554214
266.84,-2239.143,-4.6284704,-0.4338706
266.86,-2013.2008,10.593717,0.20565958
266.88,-2272.794,-4.6284704,-0.114105515
266.9,-2152.612,1.4604042,-0.2739881
266.91998,-2176.6484,-4.14777,-0.2739881
266.94,-2109.3464,4.024141,0.045777034
266.96,-2200.6848,11.234652,0.20565958
266.97998,-2195.8774,-2.385201,0.045777034
267.0,-2234.3357,0.49900287,0.20565958
267.02,-2094.9246,-11.358279,-0.59375316
267.04,-2104.5393,-3.3466022,0.20565958
267.06,-2191.07,-3.1863687,0.045777034
267.08,-2243.9502,-10.717345,0.045777034
267.1,-2171.841,-1.9045002,-0.114105515
267.12,-2229.5283,6.1071773,0.36554214
267.13998,-2114.1536,12.196053,0.5254247
267.16,-2349.7102,-3.9875362,0.20565958
267.18,-2215.1064,-4.948938,0.5254247
267.19998,-2123.768,3.0627398,0.20565958
267.22,-2234.3357,-0.7828655,0.045777034
267.24,-2171.841,3.8639073,0.20565958
267.25998,-2219.9138,-3.3466022,0.20565958
267.28,-2104.5393,19.887262,0.5254247
267.3,-2051.659,0.6592364,-0.114105515
267.32,-2292.023,-13.120848,0.5254247
267.34,-2118.961,-6.8717403,0.36554214
267.36,-2013.2008,10.914185,0.5254247
267.38,-2205.492,-4.468237,0.36554214
267.4,-2128.5757,-4.948938,0.5254247
267.41998,-2234.3357,-13.601548,-0.114105515
267.44,-2267.9866,-8.954777,0.045777034
267.46,-2118.961,7.3890457,0.5254247
267.47998,-2176.6484,-0.62263197,0.36554214
267.5,-2263.1794,-1.9045002,0.36554214
267.52,-2239.143,1.3001705,0.5254247
267.54,-2181.4556,-1.1033326,0.8451898
267.56,-2277.601,-16.165285,-0.114105515
267.58,-2224.7212,1.4604042,0.5254247
267.6,-2085.31,0.17853576,0.045777034
267.62,-2147.8047,4.6650753,0.5254247
267.63998,-2234.3357,-2.7056682,0.20565958
267.66,-2066.0808,9.151615,0.5254247
267.68,-2306.4448,-2.385201,0.36554214
267.69998,-2171.841,-8.313842,0.20565958
267.72,-2066.0808,10.75395,0.5254247
267.74,-2162.2263,-5.589872,0.20565958
267.75998,-2157.4192,3.0627398,0.36554214
267.78,-2133.3828,3.0627398,0.5254247
267.8,-2142.9973,-2.7056682,0.8451898
267.82,-2167.0337,-4.468237,0.68530726
267.84,-2157.4192,-4.3080034,-0.114105515
267.86,-2147.8047,3.0627398,0.045777034
267.88,-2109.3464,6.2674108,0.045777034
267.9,-2133.3828,1.7808713,0.8451898
267.91998,-2114.1536,9.632316,0.68530726
267.94,-2243.9502,10.433483,0.5254247
267.96,-2243.9502,-8.794542,0.36554214
267.97998,-2018.008,17.483759,0.5254247
268.0,-2248.7576,-0.46239844,0.20565958
268.02,-2210.2993,0.17853576,0.36554214
268.04,-2181.4556,-10.396878,0.045777034
268.06,-2282.4084,-0.46239844,0.045777034
268.08,-2123.768,0.81947,0.045777034
268.1,-2123.768,17.804228,0.36554214
268.12,-2200.6848,-0.30216488,0.045777034
268.13998,-2167.0337,2.4218054,-0.114105515
268.16,-2239.143,-3.9875362,0.20565958
268.18,-2142.9973,0.17853576,0.20565958
268.19998,-2176.6484,-3.3466022,0.045777034
268.22,-2219.9138,-2.7056682,0.20565958
268.24,-2191.07,-6.0705724,-0.2739881
268.25998,-2219.9138,0.9797035,0.045777034
268.28,-2200.6848,-8.474075,0.36554214
268.3,-2205.492,12.356286,0.20565958
268.32,-2287.2158,-5.2694044,-0.114105515
268.34,-2267.9866,-7.0319734,-0.2739881
268.36,-2243.9502,-4.6284704,-0.4338706
268.38,-2282.4084,0.018302217,0.20565958
268.4,-2258.372,-1.4237996,0.36554214
268.41998,-2123.768,6.2674108,-0.114105515
268.44,-2109.3464,26.136374,0.20565958
268.46,-2272.794,0.018302217,-0.114105515
268.47998,-2181.4556,4.825309,0.045777034
268.5,-2147.8047,3.2229733,0.20565958
268.52,-2195.8774,2.4218054,0.5254247
268.54,-2138.19,1.4604042,0.045777034
268.56,-1969.9352,16.52236,0.045777034
268.58,-2272.794,-12.159447,-0.2739881
268.6,-2200.6848,1.4604042,0.045777034
268.62,-2234.3357,0.9797035,-0.114105515
268.63998,-2248.7576,0.17853576,0.5254247
268.66,-2224.7212,3.3832066,0.20565958
268.68,-2200.6848,3.0627398,0.20565958
268.69998,-2277.601,2.5820389,0.20565958
268.72,-2195.8774,-1.2635663,0.045777034
268.74,-2099.7317,7.549279,0.045777034
268.75998,-2104.5393,5.9469438,0.68530726
268.78,-2123.768,7.3890457,0.8451898
268.8,-2195.8774,-9.435476,0.20565958
268.82,-2176.6484,-0.9430991,0.36554214
268.84,-2128.5757,5.6264763,0.5254247
268.86,-2239.143,-12.479914,0.20565958
268.88,-2128.5757,3.2229733,0.20565958
268.9,-2330.4814,-3.026135,0.36554214
268.91998,-2215.1064,5.145776,0.045777034
268.94,-2205.492,-2.0647337,0.20565958
268.96,-2277.601,-13.601548,-0.114105515
268.97998,-2195.8774,5.3060093,0.68530726
269.0,-2195.8774,0.81947,-0.114105515
269.02,-2277.601,-4.948938,0.045777034
269.04,-2191.07,-1.4237996,-0.2739881
269.06,-2239.143,3.8639073,0.5254247
269.08,-2181.4556,-10.396878,-0.114105515
269.1,-2181.4556,2.5820389,0.5254247
269.12,-2162.2263,3.7036738,0.68530726
269.13998,-2205.492,-0.30216488,0.5254247
269.16,-2215.1064,5.6264763,0.20565958
269.18,-2181.4556,2.5820389,0.20565958
269.19998,-2128.5757,6.1071773,0.5254247
269.22,-2234.3357,-0.7828655,0.36554214
269.24,-2210.2993,-1.4237996,0.5254247
269.25998,-2282.4084,2.4218054,0.5254247
269.28,-2292.023,-9.916177,0.045777034
269.3,-2176.6484,6.7481112,0.5254247
269.32,-2248.7576,0.17853576,0.5254247
269.34,-2272.794,-2.385201,0.045777034
269.36,-2162.2263,-8.794542,-0.114105515
269.38,-2138.19,-0.14193134,0.20565958
269.4,-2186.263,2.902506,-0.114105515
269.41998,-2224.7212,10.914185,0.68530726
269.44,-2056.4663,15.24049,0.20565958
269.46,-2229.5283,2.7422726,0.36554214
269.47998,-2239.143,5.6264763,0.5254247
269.5,-2176.6484,-0.46239844,0.20565958
269.52,-2171.841,7.549279,0.36554214
269.54,-2316.0593,-14.562949,0.20565958
269.56,-2219.9138,4.9855423,0.36554214
269.58,-2263.1794,2.261572,0.68530726
269.6,-2219.9138,-7.993375,0.045777034
269.62,-2282.4084,-0.62263197,0.36554214
269.63998,-2138.19,11.875586,0.5254247
269.66,-2243.9502,-2.0647337,0.20565958
269.68,-2219.9138,-4.6284704,-0.114105515
269.69998,-2267.9866,1.139937,-0.114105515
269.72,-2306.4448,-8.634309,0.045777034
269.74,-2215.1064,0.33876932,0.36554214
269.75998,-2224.7212,0.49900287,-0.114105515
269.78,-2176.6484,-0.62263197,-0.2739881
269.8,-2219.9138,-1.4237996,-0.114105515
269.82,-2200.6848,1.9411048,0.20565958
269.84,-2171.841,0.33876932,0.5254247
269.86,-2306.4448,-8.153608,-0.2739881
269.88,-2147.8047,5.3060093,0.5254247
269.9,-2234.3357,-2.385201,0.20565958
269.91998,-2311.2522,-12.159447,0.36554214
269.94,-2224.7212,3.2229733,0.5254247
269.96,-2239.143,-1.4237996,0.5254247
269.97998,-2181.4556,0.81947,0.045777034
270.0,-2253.5647,-2.7056682,0.20565958
270.02,-2133.3828,1.6206378,0.20565958
270.04,-2248.7576,3.0627398,0.20565958
270.06,-2090.1172,-0.9430991,-0.2739881
270.08,-2195.8774,0.9797035,0.045777034
270.1,-2191.07,-0.30216488,-0.114105515
270.12,-2277.601,-3.3466022,0.36554214
270.13998,-2258.372,-4.468237,-0.114105515
270.16,-2243.9502,8.350447,0.20565958
270.18,-2282.4084,-9.755944,0.045777034
270.19998,-2234.3357,3.7036738,-0.114105515
270.22,-2200.6848,3.8639073,0.045777034
270.24,-2200.6848,3.0627398,0.36554214
270.25998,-2181.4556,-18.088087,-0.4338706
270.28,-2003.5862,16.842825,0.20565958
270.3,-2253.5647,-0.30216488,0.20565958
270.32,-2263.1794,-6.8717403,0.20565958
270.34,-2167.0337,-7.672908,0.045777034
270.36,-2167.0337,10.914185,0.36554214
270.38,-2114.1536,2.261572,0.045777034
270.4,-2239.143,-1.4237996,-0.114105515
270.41998,-2186.263,4.9855423,0.68530726
270.44,-2229.5283,2.1013381,0.68530726
270.46,-2311.2522,15.72119,1.0050724
270.47998,-2215.1064,0.6592364,0.5254247
270.5,-2267.9866,-2.8659017,0.36554214
270.52,-2224.7212,-6.8717403,0.20565958
270.54,-2205.492,0.81947,0.20565958
270.56,-2253.5647,3.3832066,0.045777034
270.58,-2253.5647,-4.468237,-0.2739881
270.6,-2099.7317,12.356286,0.5254247
270.62,-2171.841,6.2674108,0.5254247
270.63998,-2210.2993,-4.14777,0.045777034
270.66,-2301.6375,-5.1091714,0.5254247
270.68,-2219.9138,-0.30216488,0.20565958
270.69998,-2311.2522,-0.7828655,0.20565958
270.72,-2147.8047,-0.30216488,0.20565958
270.74,-2210.2993,12.51652,0.36554214
270.75998,-2234.3357,1.9411048,0.68530726
270.78,-2215.1064,-3.026135,0.36554214
270.8,-2306.4448,-14.562949,0.045777034
270.82,-2219.9138,0.49900287,0.68530726
270.84,-2200.6848,1.4604042,0.68530726
270.86,-2085.31,-1.7442669,0.20565958
270.88,-2277.601,1.6206378,0.5254247
270.9,-2200.6848,0.33876932,0.20565958
270.91998,-2229.5283,1.9411048,0.36554214
270.94,-2306.4448,-0.14193134,0.68530726
270.96,-2234.3357,12.035819,0.20565958
270.97998,-2248.7576,-0.7828655,-0.114105515
271.0,-2191.07,4.6650753,0.20565958
271.02,-2219.9138,4.9855423,0.5254247
271.04,-2243.9502,1.4604042,0.5254247
271.06,-2215.1064,-6.0705724,0.20565958
271.08,-2215.1064,-2.0647337,0.20565958
271.1,-2359.325,-9.275244,0.045777034
271.12,-2263.1794,-2.8659017,0.36554214
271.13998,-2301.6375,2.7422726,0.5254247
271.16,-2210.2993,1.6206378,0.045777034
271.18,-2248.7576,2.5820389,0.045777034
271.19998,-2292.023,-15.524351,0.20565958
271.22,-2287.2158,-2.385201,0.20565958
271.24,-2239.143,3.7036738,0.20565958
271.25998,-2215.1064,-1.5840333,-0.114105515
271.28,-2272.794,-2.8659017,0.20565958
271.3,-2234.3357,0.81947,0.20565958
271.32,-2229.5283,2.902506,0.20565958
271.34,-2282.4084,3.5434403,0.20565958
271.36,-2277.601,-4.6284704,0.045777034
271.38,-2335.2886,-5.589872,-0.114105515
271.4,-2277.601,-12.640147,-0.114105515
271.41998,-2224.7212,4.3446083,0.5254247
271.44,-2402.5906,-10.076411,0.045777034
271.46,-2181.4556,4.024141,0.36554214
271.47998,-2248.7576,4.024141,0.68530726
271.5,-2215.1064,13.638155,0.68530726
271.52,-2229.5283,3.5434403,0.20565958
271.54,-2258.372,3.0627398,0.045777034
271.56,-2224.7212,1.4604042,0.045777034
271.58,-2239.143,11.875586,0.20565958
271.6,-2267.9866,0.17853576,0.20565958
271.62,-2258.372,-2.385201,0.045777034
271.63998,-2253.5647,7.228812,0.20565958
271.66,-2301.6375,-7.0319734,-0.114105515
271.68,-2258.372,4.504842,0.045777034
271.69998,-2282.4084,3.7036738,0.36554214
271.72,-2215.1064,0.33876932,0.045777034
271.74,-2301.6375,-2.8659017,0.045777034
271.75998,-2344.903,-9.275244,-0.114105515
271.78,-2239.143,-3.827303,0.045777034
271.8,-2224.7212,2.4218054,0.045777034
271.82,-2176.6484,-1.1033326,0.045777034
271.84,-2263.1794,-1.2635663,0.20565958
271.86,-2277.601,-3.1863687,-0.114105515
271.88,-2186.263,12.676753,0.5254247
271.9,-2263.1794,-0.30216488,0.20565958
271.91998,-2133.3828,0.6592364,0.045777034
271.94,-2167.0337,5.466243,0.20565958
271.96,-2301.6375,-6.230806,0.045777034
271.97998,-2489.1216,-1.4237996,0.36554214
272.0,-2224.7212,-3.6670694,0.045777034
272.02,-2267.9866,-4.948938,-0.114105515
272.04,-2258.372,9.792548,0.36554214
272.06,-2306.4448,0.49900287,0.20565958
272.08,-2142.9973,-1.4237996,-0.114105515
272.1,-2243.9502,-5.2694044,-0.114105515
272.12,-2267.9866,-6.3910394,-0.114105515
272.13998,-2234.3357,12.035819,0.36554214
272.16,-2243.9502,-1.5840333,-0.2739881
272.18,-2292.023,-1.4237996,-0.114105515
272.19998,-2258.372,-2.5454345,0.045777034
272.22,-2263.1794,6.5878778,0.20565958
272.24,-2320.8667,4.3446083,0.045777034
272.25998,-2277.601,4.3446083,-0.114105515
272.28,-2503.5432,-6.711507,0.20565958
272.3,-2277.601,0.17853576,-0.114105515
272.32,-2306.4448,-2.2249672,-0.2739881
272.34,-2349.7102,-17.607388,-0.114105515
272.36,-2330.4814,-3.5068357,0.045777034
272.38,-2301.6375,-7.352441,0.20565958
272.4,-2070.8882,13.157454,0.5254247
272.41998,-2200.6848,2.261572,-0.114105515
272.44,-2263.1794,5.78671,0.045777034
272.46,-2195.8774,16.362125,0.36554214
272.47998,-2296.8303,0.9797035,-0.114105515
272.5,-2292.023,3.0627398,0.20565958
272.52,-2167.0337,15.560958,-0.2739881
272.54,-2277.601,3.7036738,0.045777034
272.56,-2272.794,-3.3466022,-0.4338706
272.58,-2311.2522,-14.723184,-0.4338706
272.6,-2219.9138,-0.14193134,-0.114105515
272.62,-2215.1064,4.184375,0.045777034
272.63998,-2195.8774,-3.5068357,0.045777034
272.66,-2277.601,1.139937,0.045777034
272.68,-2210.2993,8.991381,0.20565958
272.69998,-2171.841,6.5878778,0.36554214
272.72,-2311.2522,-6.8717403,0.20565958
272.74,-2445.856,0.81947,-0.114105515
272.75998,-2282.4084,-4.14777,-0.114105515
272.78,-2359.325,-4.468237,-0.114105515
272.8,-2243.9502,2.5820389,0.045777034
272.82,-2272.794,4.3446083,0.20565958
272.84,-2301.6375,-15.203884,-0.114105515
272.86,-2215.1064,2.261572,-0.114105515
272.88,-2378.5542,-3.6670694,0.045777034
272.9,-2205.492,-4.14777,-0.4338706
272.91998,-2311.2522,-5.910339,-0.114105515
272.94,-2282.4084,9.311849,0.045777034
272.96,-2263.1794,-0.46239844,0.045777034
272.97998,-2354.5178,0.81947,-0.2739881
273.0,-2296.8303,-0.62263197,-0.114105515
273.02,-2224.7212,4.504842,-0.2739881
273.04,-2253.5647,3.0627398,-0.114105515
273.06,-2282.4084,-0.46239844,-0.2739881
273.08,-2296.8303,14.599556,0.36554214
273.1,-2311.2522,0.17853576,-0.4338706
273.12,-2229.5283,-6.230806,-0.59375316
273.13998,-2267.9866,-0.9430991,0.045777034
273.16,-2335.2886,8.02998,-0.114105515
273.18,-2229.5283,4.9855423,0.045777034
273.19998,-2229.5283,0.6592364,-0.2739881
273.22,-2205.492,-5.1091714,-0.59375316
273.24,-2219.9138,5.3060093,-0.114105515
273.25998,-2205.492,0.018302217,-0.114105515
273.28,-2359.325,-4.3080034,-0.4338706
273.3,-2287.2158,-6.711507,-0.4338706
273.32,-2152.612,13.798388,-0.114105515
273.34,-2373.7468,-1.5840333,-0.114105515
273.36,-2368.9395,-1.7442669,-0.2739881
273.38,-2349.7102,5.3060093,-0.2739881
273.4,-2243.9502,4.6650753,-0.114105515
273.41998,-2431.434,-4.6284704,-0.4338706
273.44,-2277.601,1.9411048,-0.59375316
273.46,-2320.8667,-0.46239844,-0.2739881
273.47998,-2263.1794,-1.1033326,-0.2739881
273.5,-2344.903,1.3001705,-0.4338706
273.52,-2431.434,-17.607388,-0.4338706
273.54,-2219.9138,-4.6284704,-0.59375316
273.56,-2335.2886,-0.62263197,-0.114105515
273.58,-2292.023,6.908345,0.045777034
273.6,-2186.263,-0.62263197,-0.4338706
273.62,-2296.8303,6.4276443,-0.114105515
273.63998,-2147.8047,16.041658,-0.114105515
273.66,-2354.5178,4.504842,-0.114105515
273.68,-2277.601,-0.14193134,-0.114105515
273.69998,-2277.601,10.593717,0.045777034
273.72,-2282.4084,0.17853576,-0.114105515
273.74,-2359.325,-4.948938,-0.4338706
273.75998,-2316.0593,-14.08225,-0.2739881
273.78,-2253.5647,-0.62263197,-0.4338706
273.8,-2368.9395,-8.634309,-0.59375316
273.82,-2277.601,2.902506,-0.4338706
273.84,-2330.4814,-2.8659017,-0.114105515
273.86,-2292.023,-1.9045002,-0.4338706
273.88,-2258.372,5.3060093,-0.59375316
273.9,-2349.7102,2.902506,-0.4338706
273.91998,-2287.2158,-0.46239844,-0.2739881
273.94,-2301.6375,-3.1863687,0.045777034
273.96,-2090.1172,25.335205,0.20565958
273.97998,-2263.1794,7.0685787,0.045777034
274.0,-2383.3613,-5.7501054,0.045777034
274.02,-2335.2886,1.139937,0.045777034
274.04,-2301.6375,7.549279,0.045777034
274.06,-2320.8667,-3.6670694,-0.2739881
274.08,-2388.1685,-4.948938,-0.2739881
274.1,-2267.9866,-0.9430991,-0.2739881
274.12,-2330.4814,5.9469438,0.045777034
274.13998,-2306.4448,-7.192207,-0.114105515
274.16,-2253.5647,8.831148,0.045777034
274.18,-2320.8667,8.991381,0.045777034
274.19998,-2248.7576,3.8639073,-0.4338706
274.22,-2239.143,2.4218054,-0.114105515
274.24,-2263.1794,7.549279,-0.114105515
274.25998,-2263.1794,-2.0647337,-0.59375316
274.28,-2277.601,0.9797035,-0.4338706
274.3,-2383.3613,-0.7828655,-0.59375316
274.32,-2364.132,-4.3080034,-0.7536357
274.34,-2277.601,1.3001705,-0.59375316
274.36,-2301.6375,6.1071773,-0.114105515
274.38,-2296.8303,5.78671,-0.114105515
274.4,-2272.794,7.3890457,-0.4338706
274.41998,-2267.9866,12.356286,0.045777034
274.44,-2292.023,-1.5840333,0.20565958
274.46,-2388.1685,-6.5512733,-0.59375316
274.47998,-2306.4448,-2.5454345,-0.4338706
274.5,-2359.325,0.6592364,-0.114105515
274.52,-2330.4814,3.0627398,-0.2739881
274.54,-2311.2522,0.9797035,-0.4338706
274.56,-2152.612,11.394884,-0.114105515
274.58,-2306.4448,-1.1033326,-0.59375316
274.6,-2344.903,-0.9430991,-0.2739881
274.62,-2258.372,4.825309,-0.2739881
274.63998,-2205.492,-1.4237996,-0.9135183
274.66,-2359.325,-0.9430991,-0.59375316
274.68,-2373.7468,4.504842,-0.114105515
274.69998,-2402.5906,-2.8659017,-0.2739881
274.72,-2517.965,-20.331356,-0.2739881
274.74,-2277.601,-2.2249672,-0.4338706
274.75998,-2301.6375,1.4604042,-0.2739881
274.78,-2359.325,-17.76762,-1.2332834
274.8,-2373.7468,0.33876932,-0.2739881
274.82,-2277.601,4.504842,-0.59375316
274.84,-2176.6484,9.151615,-0.114105515
274.86,-2325.6738,-2.8659017,-0.114105515
274.88,-2320.8667,6.1071773,-0.2739881
274.9,-2354.5178,-4.468237,-0.59375316
274.91998,-2354.5178,-10.076411,-0.59375316
274.94,-2383.3613,-1.7442669,-0.59375316
274.96,-2210.2993,20.848665,-0.114105515
274.97998,-2344.903,-0.46239844,-0.114105515
275.0,-2282.4084,-5.910339,-1.0734009
275.02,-2258.372,6.908345,-0.4338706
275.04,-2219.9138,5.6264763,-0.4338706
275.06,-2296.8303,17.643993,0.20565958
275.08,-2325.6738,-1.5840333,-0.59375316
275.1,-2320.8667,-5.7501054,-0.114105515
275.12,-2224.7212,-5.589872,-0.4338706
275.13998,-2383.3613,-0.7828655,-0.2739881
275.16,-2277.601,3.5434403,-0.2739881
275.18,-2229.5283,9.632316,-0.2739881
275.19998,-2167.0337,16.682592,-0.2739881
275.22,-2263.1794,-5.2694044,-0.59375316
275.24,-2460.2778,-11.678746,-0.7536357
275.25998,-2364.132,-8.634309,-0.4338706
275.28,-2340.0957,-1.2635663,-0.59375316
275.3,-2258.372,-1.9045002,-0.4338706
275.32,-2364.132,-4.948938,-0.2739881
275.34,-2176.6484,9.151615,-0.114105515
275.36,-2301.6375,6.1071773,-0.4338706
275.38,-2239.143,-2.5454345,-0.2739881
275.4,-2320.8667,0.17853576,-0.2739881
275.41998,-2282.4084,0.49900287,-0.4338706
275.44,-2272.794,4.504842,-0.2739881
275.46,-2378.5542,-0.30216488,0.20565958
275.47998,-2325.6738,7.3890457,-0.114105515
275.5,-2253.5647,3.7036738,-0.4338706
275.52,-2311.2522,-2.0647337,0.045777034
275.54,-2383.3613,-3.5068357,-0.4338706
275.56,-2311.2522,0.49900287,-0.4338706
275.58,-2219.9138,12.676753,-0.4338706
275.6,-2263.1794,5.9469438,-0.59375316
275.62,-2325.6738,-6.5512733,-0.4338706
275.63998,-2181.4556,8.831148,-0.114105515
275.66,-2407.3977,-8.313842,-0.4338706
275.68,-2292.023,-1.1033326,-0.4338706
275.69998,-2397.7832,-3.6670694,-0.114105515
275.72,-2349.7102,3.5434403,0.045777034
275.74,-2263.1794,2.902506,-0.4338706
275.75998,-2215.1064,6.1071773,-0.4338706
275.78,-2186.263,18.445162,-0.2739881
275.8,-2450.6633,-3.1863687,-0.4338706
275.82,-2330.4814,2.1013381,-0.2739881
275.84,-2267.9866,10.75395,-0.114105515
275.86,-2441.0486,-18.568789,-0.9135183
275.88,-2407.3977,-0.7828655,-0.4338706
275.9,-2215.1064,-1.1033326,-0.59375316
275.91998,-2128.5757,17.00306,-0.114105515
275.94,-2320.8667,-7.192207,-0.2739881
275.96,-2205.492,5.78671,-0.2739881
275.97998,-2359.325,-3.6670694,-0.7536357
276.0,-2282.4084,4.825309,0.045777034
276.02,-2287.2158,-0.7828655,-0.114105515
276.04,-2311.2522,0.81947,0.045777034
276.06,-2162.2263,-0.46239844,-0.4338706
276.08,-2282.4084,4.6650753,-0.114105515
276.1,-2412.2048,-5.2694044,0.045777034
276.12,-2436.2412,-4.3080034,-0.114105515
276.13998,-2320.8667,4.825309,0.20565958
276.16,-2378.5542,-3.026135,-0.4338706
276.18,-2234.3357,14.920023,0.045777034
276.19998,-2292.023,2.7422726,-0.114105515
276.22,-2316.0593,-0.9430991,-0.2739881
276.24,-2316.0593,6.2674108,0.045777034
276.25998,-2373.7468,-3.9875362,-0.4338706
276.28,-2287.2158,-1.1033326,0.045777034
276.3,-2335.2886,-2.8659017,0.045777034
276.32,-2402.5906,1.7808713,-0.114105515
276.34,-2354.5178,-3.9875362,-0.114105515
276.36,-2320.8667,2.5820389,-0.114105515
276.38,-2431.434,-5.589872,-0.114105515
276.4,-2417.0122,5.145776,0.36554214
276.41998,-2373.7468,7.549279,0.20565958
276.44,-2282.4084,1.4604042,-0.4338706
276.46,-2417.0122,-10.717345,-0.114105515
276.47998,-2325.6738,-3.026135,0.20565958
276.5,-2325.6738,1.7808713,0.20565958
276.52,-2296.8303,-9.275244,-0.2739881
276.54,-2412.2048,3.5434403,0.5254247
276.56,-2320.8667,6.5878778,0.20565958
276.58,-2296.8303,7.228812,-0.114105515
276.6,-2263.1794,1.4604042,-0.114105515
276.62,-2316.0593,-8.634309,-0.114105515
276.63998,-2354.5178,4.9855423,0.045777034
276.66,-2253.5647,0.49900287,0.5254247
276.68,-2354.5178,-2.7056682,-0.114105515
276.69998,-2388.1685,-14.723184,0.045777034
276.72,-2373.7468,1.3001705,0.20565958
276.74,-2320.8667,-1.1033326,0.045777034
276.75998,-2378.5542,-1.5840333,0.045777034
276.78,-2316.0593,5.145776,-0.114105515
276.8,-2609.3035,-12.31968,0.20565958
276.82,-2402.5906,0.018302217,0.045777034
276.84,-2316.0593,-6.8717403,-0.59375316
276.86,-2373.7468,-3.3466022,-0.114105515
276.88,-2296.8303,1.6206378,-0.2739881
276.9,-2364.132,-10.076411,-0.4338706
276.91998,-2469.8923,-3.6670694,0.045777034
276.94,-2421.8196,-13.441315,0.045777034
276.96,-2368.9395,7.549279,0.045777034
276.97998,-2277.601,1.9411048,-0.114105515
277.0,-2407.3977,-3.9875362,-0.2739881
277.02,-2340.0957,-6.0705724,-0.4338706
277.04,-2407.3977,0.81947,-0.4338706
277.06,-2224.7212,4.184375,-0.2739881
277.08,-2335.2886,0.49900287,-0.2739881
277.1,-2465.0852,-16.485752,-0.2739881
277.12,-2436.2412,-1.1033326,-0.2739881
277.13998,-2316.0593,8.831148,0.045777034
277.16,-2316.0593,3.0627398,0.20565958
277.18,-2450.6633,5.78671,0.045777034
277.19998,-2306.4448,4.6650753,-0.2739881
277.22,-2340.0957,-2.8659017,-0.4338706
277.24,-2282.4084,10.113016,-0.114105515
277.25998,-2311.2522,3.0627398,0.045777034
277.28,-2301.6375,4.3446083,-0.2739881
277.3,-2138.19,18.605394,-0.59375316
277.32,-2426.627,-2.5454345,-0.2739881
277.34,-2109.3464,7.709513,-0.4338706
277.36,-2445.856,-6.230806,-0.59375316
277.38,-2436.2412,-1.1033326,-0.114105515
277.4,-2263.1794,4.3446083,-0.4338706
277.41998,-2407.3977,4.6650753,0.045777034
277.44,-2296.8303,3.2229733,-0.114105515
277.46,-2364.132,2.902506,-0.4338706
277.47998,-2397.7832,14.920023,0.045777034
277.5,-2388.1685,-1.7442669,-0.4338706
277.52,-2407.3977,-0.14193134,-0.2739881
277.54,-2426.627,9.792548,0.045777034
277.56,-2340.0957,0.9797035,-0.2739881
277.58,-2388.1685,-2.385201,-0.7536357
277.6,-2397.7832,-6.0705724,-0.4338706
277.62,-2388.1685,-9.275244,-0.4338706
277.63998,-2426.627,0.33876932,-0.114105515
277.66,-2354.5178,-7.833141,-1.0734009
277.68,-2344.903,8.670914,-0.114105515
277.69998,-2359.325,-0.9430991,-0.114105515
277.72,-2392.9758,-0.7828655,-0.59375316
277.74,-2234.3357,18.445162,0.20565958
277.75998,-2421.8196,-4.6284704,-0.59375316
277.78,-2465.0852,-1.4237996,-0.4338706
277.8,-2417.0122,-15.203884,-0.9135183
277.82,-2368.9395,4.9855423,-0.4338706
277.84,-2450.6633,-6.711507,-0.4338706
277.86,-2354.5178,1.7808713,-0.4338706
277.88,-2537.1943,-10.396878,-0.2739881
277.9,-2417.0122,5.9469438,-0.114105515
277.91998,-2359.325,5.145776,-0.59375316
277.94,-2330.4814,-1.5840333,-0.4338706
277.96,-2349.7102,-8.634309,-1.0734009
277.97998,-2445.856,-3.026135,-0.4338706
278.0,-2417.0122,-14.402717,-0.114105515
278.02,-2517.965,-0.7828655,-0.114105515
278.04,-2388.1685,0.49900287,-0.114105515
278.06,-2412.2048,11.234652,-0.2739881
278.08,-2340.0957,-2.0647337,-0.2739881
278.1,-2253.5647,3.2229733,0.20565958
278.12,-2431.434,-9.59571,-0.4338706
278.13998,-2417.0122,-2.385201,-0.2739881
278.16,-2445.856,-5.1091714,-0.2739881
278.18,-2368.9395,-7.993375,-0.114105515
278.19998,-2239.143,3.5434403,-0.4338706
278.22,-2378.5542,-1.7442669,-0.114105515
278.24,-2474.6997,-7.5126743,0.045777034
278.25998,-2354.5178,2.1013381,0.36554214
278.28,-2373.7468,3.2229733,0.5254247
278.3,-2397.7832,-1.1033326,0.045777034
278.32,-2359.325,1.139937,-0.2739881
278.34,-2392.9758,-3.9875362,-0.2739881
278.36,-2287.2158,9.952783,0.20565958
278.38,-2469.8923,-9.435476,-0.114105515
278.4,-2335.2886,3.2229733,0.045777034
278.41998,-2325.6738,-3.5068357,-0.114105515
278.44,-2373.7468,1.139937,0.36554214
278.46,-2417.0122,2.261572,0.36554214
278.47998,-2378.5542,4.6650753,0.045777034
278.5,-2292.023,18.124695,0.36554214
278.52,-2378.5542,-2.7056682,0.045777034
278.54,-2229.5283,8.350447,0.045777034
278.56,-2359.325,3.8639073,0.36554214
278.58,-2383.3613,-1.2635663,0.045777034
278.6,-2282.4084,0.33876932,-0.2739881
278.62,-2311.2522,3.5434403,0.045777034
278.63998,-2421.8196,-0.46239844,0.5254247
278.66,-2421.8196,-2.7056682,0.045777034
278.68,-2412.2048,8.350447,-0.114105515
278.69998,-2349.7102,1.9411048,-0.2739881
278.72,-2335.2886,5.6264763,-0.114105515
278.74,-2359.325,4.024141,-0.114105515
278.75998,-2474.6997,-4.6284704,-0.4338706
278.78,-2392.9758,5.3060093,-0.4338706
278.8,-2359.325,-0.9430991,-0.4338706
278.82,-2426.627,-7.833141,-0.4338706
278.84,-2436.2412,-3.827303,-0.4338706
278.86,-2373.7468,3.8639073,-0.2739881
278.88,-2368.9395,11.875586,0.045777034
278.9,-2378.5542,-1.4237996,-0.4338706
278.91998,-2378.5542,3.7036738,-0.114105515
278.94,-2383.3613,3.2229733,-0.59375316
278.96,-2335.2886,1.9411048,-0.4338706
278.97998,-2368.9395,3.7036738,-0.114105515
279.0,-2320.8667,0.17853576,-0.2739881
279.02,-2417.0122,4.6650753,-0.2739881
279.04,-2340.0957,4.6650753,0.045777034
279.06,-2258.372,6.908345,-0.114105515
279.08,-2402.5906,0.018302217,-0.114105515
279.1,-2378.5542,-2.2249672,-0.114105515
279.12,-2392.9758,0.33876932,-0.2739881
279.13998,-2364.132,-6.230806,-0.7536357
279.16,-2436.2412,-1.7442669,-0.7536357
279.18,-2349.7102,-1.7442669,-0.59375316
279.19998,-2335.2886,7.8697467,-0.114105515
279.22,-2460.2778,-1.9045002,-0.4338706
279.24,-2368.9395,-1.2635663,-0.4338706
279.25998,-2340.0957,-0.62263197,-0.59375316
279.28,-2397.7832,-3.9875362,-1.0734009
279.3,-2344.903,-5.589872,-0.2739881
279.32,-2450.6633,0.49900287,-0.4338706
279.34,-2301.6375,0.018302217,-0.4338706
279.36,-2407.3977,-1.9045002,-0.4338706
279.38,-2316.0593,4.024141,-0.114105515
279.4,-2378.5542,0.018302217,-0.2739881
279.41998,-2489.1216,-17.607388,-0.2739881
279.44,-2388.1685,3.3832066,0.045777034
279.46,-2431.434,-3.026135,-0.2739881
279.47998,-2450.6633,-1.5840333,0.045777034
279.5,-2484.3142,0.49900287,0.20565958
279.52,-2402.5906,-3.3466022,-0.4338706
279.54,-2388.1685,0.17853576,-0.2739881
279.56,-2465.0852,-16.966454,-0.7536357
279.58,-2397.7832,0.49900287,-0.4338706
279.6,-2282.4084,1.6206378,-0.2739881
279.62,-2426.627,-3.1863687,0.5254247
279.63998,-2330.4814,7.0685787,0.20565958
279.66,-2431.434,2.4218054,-0.114105515
279.68,-2325.6738,0.33876932,-0.2739881
279.69998,-2397.7832,-12.31968,-0.2739881
279.72,-2397.7832,-3.6670694,-0.2739881
279.74,-2325.6738,-1.7442669,-0.2739881
279.75998,-2306.4448,14.1188545,-0.2739881
279.78,-2354.5178,8.02998,-0.114105515
279.8,-2407.3977,-2.8659017,-0.114105515
279.82,-2301.6375,11.234652,-0.4338706
279.84,-2368.9395,0.9797035,-0.2739881
279.86,-2417.0122,-3.1863687,-0.2739881
279.88,-2354.5178,-4.7887044,-0.59375316
279.9,-2493.9287,-13.441315,-0.9135183
279.91998,-2388.1685,-2.0647337,-0.4338706
279.94,-2340.0957,1.4604042,-0.4338706
279.96,-2354.5178,4.3446083,-0.4338706
279.97998,-2479.5068,-4.14777,-0.114105515
280.0,-2436.2412,1.7808713,-0.2739881
280.02,-2421.8196,-2.5454345,-0.4338706
280.04,-2364.132,-0.30216488,5.002136
280.06,-2373.7468,0.018302217,5.002136
280.08,-2450.6633,0.81947,3.5631933
280.1,-2325.6738,6.5878778,0.045777034
280.12,-2373.7468,2.261572,-2.032696
280.13998,-2397.7832,-4.468237,-3.471639
280.16,-2296.8303,5.78671,-2.3524613
280.18,-2359.325,11.074417,-0.59375316
280.19998,-2306.4448,2.1013381,1.3248374
280.22,-2441.0486,1.139937,3.7230759
280.24,-2359.325,-3.026135,3.7230759
280.25998,-2397.7832,-3.9875362,2.7637806
280.28,-2292.023,-2.0647337,1.48472
280.3,-2450.6633,0.49900287,0.20565958
280.32,-2316.0593,9.952783,-0.59375316
280.34,-2344.903,-2.7056682,-0.2739881
280.36,-2335.2886,-1.4237996,0.8451898
280.38,-2359.325,-2.7056682,1.9643677
280.4,-2368.9395,3.2229733,3.0835457
280.41998,-2311.2522,2.902506,3.7230759
280.44,-2248.7576,0.018302217,3.2434282
280.46,-2373.7468,6.5878778,2.923663
280.47998,-2301.6375,8.190214,2.1242502
280.5,-2200.6848,18.124695,1.3248374
280.52,-2258.372,12.196053,1.48472
280.54,-2316.0593,3.5434403,1.9643677
280.56,-2364.132,0.9797035,3.0835457
280.58,-2335.2886,9.472081,4.042841
280.6,-2316.0593,2.4218054,3.8829584
280.62,-2465.0852,-5.2694044,4.042841
280.63998,-2205.492,9.632316,3.0835457
280.66,-2412.2048,-9.435476,2.6038978
280.68,-2292.023,2.7422726,2.4440153
280.69998,-2383.3613,-5.2694044,2.4440153
280.72,-2364.132,14.920023,3.5631933
280.74,-2320.8667,4.3446083,3.4033108
280.75998,-2272.794,-11.037811,3.4033108
280.78,-2335.2886,2.902506,4.042841
280.8,-2267.9866,-0.46239844,3.7230759
280.82,-2263.1794,10.113016,3.5631933
280.84,-2287.2158,-0.46239844,3.5631933
280.86,-2320.8667,8.02998,3.4033108
280.88,-2282.4084,4.504842,3.4033108
280.9,-2229.5283,3.5434403,3.4033108
280.91998,-2349.7102,9.151615,4.362606
280.94,-2320.8667,8.190214,4.5224886
280.96,-2484.3142,-10.076411,3.8829584
280.97998,-2277.601,8.831148,4.362606
281.0,-2325.6738,-0.14193134,3.8829584
281.02,-2181.4556,19.406563,4.362606
281.04,-2349.7102,-3.3466022,4.2027235
281.06,-2349.7102,3.0627398,4.2027235
281.08,-2392.9758,-6.5512733,4.042841
281.1,-2320.8667,-2.5454345,3.8829584
281.12,-2335.2886,2.902506,4.2027235
281.13998,-2205.492,12.035819,4.5224886
281.16,-2205.492,2.7422726,5.002136
281.18,-2388.1685,7.549279,5.162019
281.19998,-2335.2886,-0.7828655,4.5224886
281.22,-2253.5647,5.3060093,4.8422537
281.24,-2335.2886,-3.1863687,4.362606
281.25998,-2335.2886,11.394884,5.002136
281.28,-2417.0122,0.17853576,4.6823716
281.3,-2316.0593,-2.0647337,4.8422537
281.32,-2407.3977,4.3446083,5.002136
281.34,-2445.856,1.7808713,4.8422537
281.36,-2248.7576,-2.2249672,5.162019
281.38,-2407.3977,-11.358279,4.6823716
281.4,-2296.8303,3.0627398,4.6823716
281.41998,-2133.3828,11.234652,5.002136
281.44,-2234.3357,9.952783,4.8422537
281.46,-2267.9866,5.6264763,5.641667
281.47998,-2325.6738,4.9855423,5.3219013
281.5,-2320.8667,0.9797035,4.8422537
281.52,-2513.158,-11.358279,5.002136
281.54,-2263.1794,3.2229733,5.3219013
281.56,-2248.7576,4.184375,5.4817843
281.58,-2311.2522,11.394884,5.3219013
281.6,-2282.4084,10.593717,5.801549
281.62,-2219.9138,5.6264763,5.4817843
281.63998,-2335.2886,-2.5454345,5.3219013
281.66,-2364.132,-4.7887044,5.162019
281.68,-2388.1685,-4.3080034,5.4817843
281.69998,-2378.5542,-6.5512733,5.4817843
281.72,-2292.023,4.6650753,6.121314
281.74,-2229.5283,8.350447,5.9614315
281.75998,-2364.132,4.184375,5.9614315
281.78,-2292.023,14.279089,6.121314
281.8,-2359.325,7.709513,5.801549
281.82,-2272.794,5.78671,5.801549
281.84,-2282.4084,7.228812,5.9614315
281.86,-2229.5283,4.6650753,6.121314
281.88,-2272.794,4.504842,5.801549
281.9,-2455.4705,-2.8659017,6.281197
281.91998,-2354.5178,3.7036738,6.7608447
281.94,-2359.325,2.1013381,6.4410796
281.96,-2210.2993,-2.7056682,5.9614315
281.97998,-2436.2412,0.17853576,6.121314
282.0,-2349.7102,0.17853576,6.600962
282.02,-2282.4084,3.3832066,6.121314
282.04,-2104.5393,12.99722,6.4410796
282.06,-2263.1794,5.9469438,6.281197
282.08,-2292.023,3.8639073,6.4410796
282.1,-2195.8774,3.5434403,6.281197
282.12,-2407.3977,0.6592364,6.7608447
282.13998,-2378.5542,5.78671,6.7608447
282.16,-2272.794,5.3060093,6.920727
282.18,-2359.325,-1.4237996,6.600962
282.19998,-2287.2158,2.4218054,6.7608447
282.22,-2205.492,6.7481112,6.920727
282.24,-2340.0957,4.3446083,7.0806093
282.25998,-2316.0593,3.0627398,6.7608447
282.28,-2296.8303,3.7036738,6.7608447
282.3,-2388.1685,-2.5454345,6.920727
282.32,-2335.2886,6.7481112,7.400375
282.34,-2392.9758,-0.7828655,7.2404923
282.36,-2455.4705,-8.313842,7.0806093
282.38,-2354.5178,1.4604042,7.2404923
282.4,-2397.7832,5.78671,7.5602574
282.41998,-2205.492,6.1071773,7.0806093
282.44,-2316.0593,3.2229733,7.400375
282.46,-2392.9758,-11.037811,7.0806093
282.47998,-2373.7468,0.9797035,7.5602574
282.5,-2253.5647,10.914185,7.400375
282.52,-2301.6375,3.5434403,7.5602574
282.54,-2253.5647,0.33876932,7.72014
282.56,-2301.6375,5.466243,7.8800225
282.58,-2373.7468,0.81947,7.400375
282.6,-2474.6997,-1.4237996,7.5602574
282.62,-2306.4448,-0.62263197,7.72014
282.63998,-2354.5178,13.157454,7.2404923
282.66,-2316.0593,-1.2635663,7.2404923
282.68,-2316.0593,-2.0647337,7.72014
282.69998,-2272.794,0.49900287,7.72014
282.72,-2320.8667,1.9411048,7.8800225
282.74,-2359.325,17.96446,8.199788
282.75998,-2277.601,0.17853576,8.199788
282.78,-2349.7102,0.49900287,7.8800225
282.8,-2397.7832,3.0627398,8.039905
282.82,-2292.023,5.466243,7.8800225
282.84,-2301.6375,13.157454,8.359671
282.86,-2354.5178,2.5820389,8.039905
282.88,-2349.7102,3.3832066,8.359671
282.9,-2335.2886,-9.435476,8.199788
282.91998,-2258.372,-0.7828655,8.359671
282.94,-2368.9395,4.184375,8.679436
282.96,-2441.0486,-7.993375,8.519552
282.97998,-2368.9395,7.228812,8.839317
283.0,-2316.0593,1.4604042,8.359671
283.02,-2330.4814,-3.1863687,8.359671
283.04,-2296.8303,-1.1033326,8.679436
283.06,-2239.143,1.4604042,8.359671
283.08,-2392.9758,3.8639073,8.839317
283.1,-2277.601,3.0627398,8.679436
283.12,-2388.1685,-1.2635663,8.839317
283.13998,-2344.903,-0.30216488,8.839317
283.16,-2311.2522,3.0627398,8.999201
283.18,-2282.4084,3.3832066,8.679436
283.19998,-2243.9502,8.831148,8.839317
283.22,-2359.325,1.3001705,8.679436
283.24,-2368.9395,2.7422726,8.839317
283.25998,-2267.9866,12.035819,9.318966
283.28,-2316.0593,5.3060093,8.999201
283.3,-2359.325,-2.7056682,8.999201
283.32,-2474.6997,-3.1863687,9.159083
283.34,-2224.7212,-3.5068357,9.159083
283.36,-2316.0593,1.139937,8.839317
283.38,-2450.6633,-2.0647337,9.318966
283.4,-2253.5647,20.528198,9.159083
283.41998,-2306.4448,2.4218054,9.159083
283.44,-2219.9138,4.3446083,8.999201
283.46,-2277.601,12.035819,9.478848
283.47998,-2426.627,-7.833141,8.999201
283.5,-2368.9395,2.1013381,9.318966
283.52,-2349.7102,1.7808713,9.478848
283.54,-2436.2412,12.51652,9.63873
283.56,-2368.9395,1.139937,8.839317
283.58,-2417.0122,0.49900287,8.999201
283.6,-2388.1685,5.145776,9.159083
283.62,-2397.7832,2.261572,9.63873
283.63998,-2455.4705,-1.7442669,9.159083
283.66,-2469.8923,-0.14193134,9.159083
283.68,-2417.0122,-7.0319734,9.63873
283.69998,-2561.2307,3.0627398,9.478848
283.72,-2417.0122,11.715352,9.63873
283.74,-2469.8923,9.311849,9.798614
283.75998,-2455.4705,8.510681,9.958496
283.78,-2580.46,-2.0647337,9.798614
283.8,-2580.46,-3.3466022,9.63873
283.82,-2508.3506,1.9411048,10.118379
283.84,-2417.0122,12.356286,10.438144
283.86,-2566.0378,-0.7828655,9.798614
283.88,-2551.616,6.908345,10.278261
283.9,-2551.616,5.145776,9.798614
283.91998,-2628.5327,3.0627398,9.798614
283.94,-2671.798,0.9797035,9.798614
283.96,-2609.3035,3.7036738,9.798614
283.97998,-2604.4963,6.5878778,9.798614
284.0,-2710.256,-3.5068357,9.798614
284.02,-2830.4382,-0.9430991,10.118379
284.04,-2820.8237,-0.46239844,9.798614
284.06,-2594.8816,9.472081,9.798614
284.08,-2835.2456,-3.5068357,9.958496
284.1,-2777.558,-4.14777,9.63873
284.12,-2796.7874,1.139937,10.278261
284.13998,-2830.4382,2.7422726,10.118379
284.16,-2916.9692,4.184375,10.438144
284.18,-2888.1255,3.8639073,10.118379
284.19998,-2912.1619,3.5434403,10.278261
284.22,-2945.813,8.190214,10.278261
284.24,-2907.3547,10.433483,10.598026
284.25998,-2955.4275,5.145776,11.077674
284.28,-2931.391,8.991381,10.917791
284.3,-3099.646,-5.589872,10.757909
284.32,-3142.9114,-6.230806,10.598026
284.34,-3099.646,-9.435476,10.118379
284.36,-2979.4639,8.831148,10.757909
284.38,-3080.4167,0.9797035,10.757909
284.4,-3061.1877,1.9411048,10.438144
284.41998,-3157.3333,0.17853576,10.438144
284.44,-3123.6824,-1.7442669,10.598026
284.46,-3090.0312,4.504842,10.598026
284.47998,-3118.8748,14.279089,11.077674
284.5,-3272.7078,1.4604042,11.077674
284.52,-3200.5986,-5.2694044,10.917791
284.54,-3239.057,-3.026135,11.077674
284.56,-3205.406,7.228812,11.397439
284.58,-3133.2969,4.184375,10.917791
284.6,-3166.9478,4.504842,10.757909
284.62,-3320.7805,-6.230806,10.917791
284.63998,-3277.5151,2.261572,11.237556
284.66,-3282.3225,4.024141,11.397439
284.68,-3364.0461,-4.14777,11.237556
284.69998,-3311.166,3.0627398,11.237556
284.72,-3195.7915,6.4276443,11.077674
284.74,-3368.8535,-7.993375,11.077674
284.75998,-3325.5881,4.3446083,11.397439
284.78,-3416.9263,-0.30216488,11.077674
284.8,-3325.5881,-7.5126743,10.917791
284.82,-3354.4316,6.908345,11.557322
284.84,-3426.5408,2.4218054,10.917791
284.86,-3301.5518,4.504842,11.557322
284.88,-3474.6135,0.49900287,11.557322
284.9,-3474.6135,-9.275244,11.397439
284.91998,-3541.9153,-15.684585,11.397439
284.94,-3469.8064,-2.385201,11.557322
284.96,-3392.89,15.72119,11.717204
284.97998,-3474.6135,-2.385201,11.237556
285.0,-3489.0354,2.261572,11.877087
285.02,-3440.9626,11.875586,11.877087
285.04,-3412.119,5.145776,11.717204
285.06,-3412.119,2.902506,11.877087
285.08,-3489.0354,6.908345,12.036969
285.1,-3489.0354,11.074417,12.036969
285.12,-3580.3738,7.3890457,11.877087
285.13998,-3623.6392,2.5820389,11.877087
285.16,-3513.0718,10.75395,11.717204
285.18,-3575.5664,5.6264763,11.717204
285.19998,-3546.7227,3.5434403,12.036969
285.22,-3570.759,2.902506,12.196852
285.24,-3546.7227,1.7808713,12.036969
285.25998,-3585.181,-0.30216488,12.036969
285.28,-3556.3374,6.4276443,11.877087
285.3,-3618.832,4.184375,12.036969
285.32,-3628.4465,1.139937,12.356735
285.34,-3623.6392,4.825309,12.516617
285.36,-3580.3738,1.7808713,11.877087
285.38,-3700.5557,-0.46239844,12.036969
285.4,-3623.6392,-5.2694044,12.196852
285.41998,-3652.483,4.3446083,12.356735
285.44,-3623.6392,0.81947,12.196852
285.46,-3662.0974,1.4604042,12.516617
285.47998,-3719.7847,2.1013381,12.356735
285.5,-3835.1592,0.81947,12.836382
285.52,-3666.9048,4.9855423,12.356735
285.54,-3628.4465,8.510681,12.676499
285.56,-3662.0974,4.3446083,12.516617
285.58,-3714.9775,4.6650753,12.516617
285.6,-3705.3628,6.2674108,12.676499
285.62,-3739.014,11.394884,12.996264
285.63998,-3791.8938,0.6592364,12.356735
285.66,-3835.1592,-2.5454345,12.516617
285.68,-3859.1958,-6.3910394,12.516617
285.69998,-3729.3994,2.7422726,12.676499
285.72,-3763.0503,13.157454,12.676499
285.74,-3926.4978,-3.827303,12.676499
285.75998,-3767.8577,5.466243,12.676499
285.78,-3777.4722,11.875586,12.836382
285.8,-3916.883,-4.6284704,12.676499
285.82,-3878.425,3.2229733,13.156148
285.84,-4056.294,-14.242482,12.676499
285.86,-3912.0757,-3.827303,12.836382
285.88,-3878.425,-3.6670694,13.156148
285.9,-3888.0396,4.024141,12.996264
285.91998,-3864.003,-2.0647337,12.996264
285.94,-4032.2578,-6.8717403,12.836382
285.96,-3964.9558,4.3446083,12.836382
285.97998,-3921.6904,3.2229733,12.996264
286.0,-3916.883,-1.1033326,12.836382
286.02,-3955.3413,7.228812,13.31603
286.04,-4003.4143,-3.827303,13.475913
286.06,-3993.7993,-2.8659017,12.996264
286.08,-4089.945,-11.518513,13.31603
286.1,-4003.4143,2.4218054,13.156148
286.12,-3993.7993,-4.3080034,12.676499
286.13998,-4123.596,-8.474075,12.836382
286.16,-4138.0176,2.902506,13.31603
286.18,-4085.138,-5.429638,13.475913
286.19998,-4027.4504,-1.4237996,12.836382
286.22,-4027.4504,2.1013381,13.475913
286.24,-4104.3667,-3.6670694,13.475913
286.25998,-3988.9924,6.4276443,13.31603
286.28,-4003.4143,5.145776,13.475913
286.3,-4142.825,0.17853576,13.156148
286.32,-3916.883,6.5878778,13.31603
286.34,-4157.247,-9.435476,13.156148
286.36,-4113.9814,-1.7442669,13.475913
286.38,-4094.7524,9.151615,13.795677
286.4,-4166.8613,-3.026135,13.475913
286.41998,-4181.2837,-4.7887044,12.836382
286.44,-4099.5596,4.825309,13.475913
286.46,-4013.0286,1.3001705,13.31603
286.47998,-4147.633,-2.7056682,13.475913
286.5,-4176.476,-6.3910394,13.31603
286.52,-4214.934,2.5820389,13.635796
286.54,-4166.8613,0.6592364,13.475913
286.56,-4147.633,-1.4237996,13.955561
286.58,-4248.585,3.3832066,13.795677
286.6,-4166.8613,-6.5512733,13.955561
286.62,-4123.596,9.632316,13.795677
286.63998,-4253.3926,0.49900287,14.275326
286.66,-4224.549,7.8697467,14.115442
286.68,-4253.3926,-6.5512733,14.115442
286.69998,-4335.116,1.6206378,14.275326
286.72,-4335.116,-4.7887044,14.115442
286.74,-4325.5015,4.504842,14.115442
286.75998,-4219.7417,0.49900287,14.115442
286.78,-4267.8145,-1.7442669,14.115442
286.8,-4373.574,-5.429638,14.595091
286.82,-4234.163,1.6206378,14.435208
286.84,-4311.0796,-0.14193134,14.754973
286.86,-4267.8145,2.902506,14.275326
286.88,-4272.6216,2.5820389,14.435208
286.9,-4315.887,6.5878778,14.595091
286.91998,-4287.0435,0.33876932,14.435208
286.94,-4378.382,-10.076411,14.275326
286.96,-4335.116,9.151615,14.595091
286.97998,-4238.9707,-2.385201,14.435208
287.0,-4402.4185,-5.429638,14.914855
287.02,-4344.7305,-3.827303,14.595091
287.04,-4330.309,-4.468237,14.595091
287.06,-4436.069,4.504842,14.914855
287.08,-4354.3457,-1.7442669,15.0747385
287.1,-4359.1523,15.080256,15.0747385
287.12,-4455.298,1.3001705,15.394504
287.13998,-4354.3457,0.49900287,14.914855
287.16,-4445.6836,0.33876932,15.0747385
287.18,-4647.5894,-11.999213,14.914855
287.19998,-4599.5166,0.6592364,15.234621
287.22,-4551.444,-12.960614,14.914855
287.24,-4455.298,12.196053,15.394504
287.25998,-4508.178,-3.9875362,15.0747385
287.28,-4450.491,3.3832066,15.234621
287.3,-4541.829,-4.3080034,15.0747385
287.32,-4455.298,11.715352,15.554386
287.34,-4570.673,0.018302217,15.234621
287.36,-4402.4185,10.914185,15.394504
287.38,-4570.673,-2.0647337,15.394504
287.4,-4551.444,-5.1091714,15.554386
287.41998,-4493.7563,3.7036738,15.554386
287.44,-4556.251,-3.5068357,15.0747385
287.46,-4714.891,-2.0647337,15.554386
287.47998,-4666.8184,0.6592364,15.554386
287.5,-4647.5894,-10.076411,15.234621
287.52,-4633.1675,2.1013381,15.874151
287.54,-4642.7817,4.184375,15.714269
287.56,-4758.1567,-1.1033326,15.874151
287.58,-4618.7456,0.018302217,16.034033
287.6,-4681.24,1.9411048,15.874151
287.62,-4594.709,0.49900287,15.714269
287.63998,-4724.5054,4.504842,15.874151
287.66,-4705.2764,-3.3466022,15.874151
287.68,-4777.3857,-5.910339,15.874151
287.69998,-4767.771,2.4218054,16.3538
287.72,-4719.698,-8.153608,15.554386
287.74,-4796.6147,5.145776,16.193916
287.75998,-4849.4946,-10.076411,15.874151
287.78,-4767.771,-1.4237996,16.3538
287.8,-4777.3857,-4.7887044,16.3538
287.82,-4777.3857,1.139937,16.3538
287.84,-4887.953,1.4604042,16.513681
287.86,-4782.193,0.17853576,16.193916
287.88,-4878.3384,1.139937,16.193916
287.9,-4873.5312,5.9469438,16.193916
287.91998,-4835.0728,4.504842,16.513681
287.94,-4863.9165,-3.026135,16.513681
287.96,-4892.7603,0.6592364,16.513681
287.97998,-4849.4946,7.3890457,16.193916
288.0,-4897.5674,-2.2249672,16.3538
288.02,-4902.375,4.825309,16.034033
288.04,-4969.677,-3.026135,16.513681
288.06,-5075.437,-6.3910394,16.193916
288.08,-4940.833,-6.8717403,16.034033
288.1,-4969.677,3.2229733,16.193916
288.12,-4907.182,7.549279,16.3538
288.13998,-4964.8696,7.8697467,16.513681
288.16,-5085.0513,-6.8717403,16.513681
288.18,-4878.3384,8.190214,16.513681
288.19998,-5036.9785,8.670914,16.193916
288.22,-5003.3276,0.17853576,16.673565
288.24,-5012.9424,2.261572,16.513681
288.25998,-5017.7495,7.0685787,16.193916
288.28,-5061.015,0.49900287,16.513681
288.3,-5056.2075,10.914185,16.3538
288.32,-5109.088,5.6264763,16.513681
288.34,-5253.306,-2.2249672,16.3538
288.36,-5219.6553,-2.8659017,16.193916
288.38,-5104.2803,4.9855423,16.513681
288.4,-5243.6914,-12.479914,16.034033
288.41998,-5200.426,2.4218054,16.513681
288.44,-5186.0044,-6.230806,16.3538
288.46,-5310.993,4.9855423,16.673565
288.47998,-5267.728,-7.833141,16.034033
288.5,-5267.728,-2.385201,16.513681
288.52,-5291.764,-4.14777,16.3538
288.54,-5258.1133,-1.9045002,16.673565
288.56,-5416.7534,-8.634309,16.833447
288.58,-5411.946,-7.672908,16.513681
288.6,-5277.3423,2.902506,17.153214
288.62,-5493.6694,-14.08225,17.313095
288.63998,-5426.3677,-1.9045002,17.313095
288.66,-5378.2954,-4.468237,17.153214
288.68,-5435.9824,-1.1033326,17.472977
288.69998,-5349.451,0.6592364,17.472977
288.72,-5435.9824,4.3446083,18.112507
288.74,-5272.535,1.9411048,16.993328
288.75998,-5440.79,3.8639073,17.792742
288.78,-5522.513,-3.1863687,17.632858
288.8,-5479.248,-2.7056682,17.952625
288.82,-5397.524,3.7036738,17.472977
288.84,-5503.2847,-0.7828655,17.313095
288.86,-5416.7534,4.024141,17.792742
288.88,-5435.9824,6.7481112,17.472977
288.9,-5532.128,-0.30216488,17.632858
288.91998,-5551.357,6.7481112,17.632858
288.94,-5551.357,2.5820389,17.632858
288.96,-5536.935,7.228812,18.112507
288.97998,-5637.888,-16.005053,17.313095
289.0,-5565.7793,-7.0319734,17.632858
289.02,-5676.346,-4.7887044,17.952625
289.04,-5681.1533,-0.30216488,17.792742
289.06,-5647.5024,-0.9430991,17.792742
289.08,-5609.0444,-2.385201,17.792742
289.1,-5758.07,1.6206378,18.112507
289.12,-5604.237,1.6206378,17.792742
289.13998,-5657.117,-8.634309,17.952625
289.16,-5676.346,1.139937,18.27239
289.18,-5719.612,0.6592364,18.27239
289.19998,-5604.237,2.5820389,18.592155
289.22,-5758.07,4.024141,18.112507
289.24,-5810.95,-1.2635663,17.952625
289.25998,-5791.7207,-6.8717403,18.112507
289.28,-5878.252,-7.0319734,18.112507
289.3,-5695.575,7.549279,18.752039
289.32,-5974.397,-10.236644,18.432272
289.34,-5820.5645,-4.948938,18.112507
289.36,-6051.3135,-9.275244,18.432272
289.38,-5916.71,-2.0647337,18.112507
289.4,-5887.866,-2.7056682,18.112507
289.41998,-6065.736,-6.711507,18.432272
289.44,-5897.4805,-6.230806,18.112507
289.46,-5902.288,-1.2635663,18.432272
289.47998,-5911.9023,-5.910339,18.27239
289.5,-5839.7935,8.350447,17.952625
289.52,-5863.8296,1.139937,18.112507
289.54,-6017.663,-0.46239844,18.592155
289.56,-6051.3135,-3.1863687,18.91192
289.58,-6123.423,-3.9875362,18.752039
289.6,-6094.579,-7.672908,18.752039
289.62,-5998.4336,-2.0647337,18.91192
289.63998,-6084.9644,-1.4237996,18.752039
289.66,-6027.2773,3.2229733,18.752039
289.68,-6094.579,-7.192207,18.752039
289.69998,-5969.5903,2.1013381,18.752039
289.72,-5940.7466,11.394884,18.752039
289.74,-6060.928,5.466243,18.752039
289.75998,-6109.001,5.3060093,19.39157
289.78,-6133.037,-8.634309,18.752039
289.8,-6051.3135,-3.5068357,18.592155
289.82,-6012.8555,5.6264763,19.071802
289.84,-5988.819,-1.7442669,18.752039
289.86,-6147.459,-3.9875362,19.39157
289.88,-6166.688,-8.634309,18.91192
289.9,-6051.3135,4.024141,19.39157
289.91998,-5897.4805,2.1013381,19.231686
289.94,-6070.5425,-4.3080034,19.55145
289.96,-5993.6265,-3.6670694,19.071802
289.97998,-6012.8555,-5.429638,19.231686
290.0,-6046.5063,-2.2249672,19.711332
290.02,-6017.663,-5.910339,19.39157
290.04,-5969.5903,-0.9430991,19.071802
290.06,-6012.8555,-9.59571,18.91192
290.08,-5988.819,0.17853576,19.231686
290.1,-5974.397,-5.1091714,19.711332
290.12,-5940.7466,-0.30216488,19.55145
290.13998,-5796.5283,-4.468237,19.39157
290.16,-5753.2627,-0.7828655,19.55145
290.18,-5681.1533,2.902506,20.031097
290.19998,-5709.997,-1.5840333,20.031097
290.22,-5637.888,-5.910339,20.19098
290.24,-5445.5967,5.9469438,20.19098
290.25998,-5527.321,-5.7501054,19.871216
290.28,-5426.3677,-0.30216488,20.19098
290.3,-5335.0293,-3.3466022,19.871216
290.32,-5339.837,-3.9875362,20.670628
290.34,-5320.608,-8.313842,20.670628
290.36,-5190.8115,-1.2635663,20.350864
290.38,-5147.546,-11.999213,20.510746
290.4,-5061.015,-1.4237996,20.990395
290.41998,-5022.5566,-5.2694044,20.350864
290.44,-4936.026,-0.46239844,20.830513
290.46,-4873.5312,8.670914,20.830513
290.47998,-5041.7856,-4.7887044,20.510746
290.5,-4926.411,-3.6670694,20.990395
290.52,-4964.8696,-12.960614,20.510746
290.54,-4863.9165,3.2229733,20.830513
290.56,-4897.5674,-14.242482,20.670628
290.58,-4705.2764,4.6650753,20.990395
290.6,-4815.8438,-7.352441,20.670628
290.62,-4695.662,2.902506,20.990395
290.63998,-4604.3237,0.81947,20.670628
290.66,-4671.6255,-1.5840333,20.670628
290.68,-4734.1206,-9.59571,21.150276
290.69998,-4666.8184,-3.827303,21.31016
290.72,-4589.902,3.7036738,20.990395
290.74,-4734.1206,-8.634309,20.670628
290.75998,-4589.902,-3.1863687,20.670628
290.78,-4537.022,4.184375,21.31016
290.8,-4652.3965,-11.678746,20.830513
290.82,-4508.178,-2.2249672,20.990395
290.84,-4541.829,-5.1091714,20.670628
290.86,-4407.225,3.5434403,20.990395
290.88,-4527.407,-12.159447,21.150276
290.9,-4397.611,11.234652,21.150276
290.91998,-4551.444,-5.7501054,21.31016
290.94,-4609.131,-13.281082,20.670628
290.96,-4397.611,-3.5068357,20.990395
290.97998,-4431.2617,0.33876932,21.31016
291.0,-4363.96,4.6650753,20.670628
291.02,-4407.225,-5.2694044,21.150276
291.04,-4445.6836,-3.1863687,20.990395
291.06,-4450.491,-5.429638,21.150276
291.08,-4359.1523,-8.794542,20.830513
291.1,-4258.1997,-3.026135,20.830513
291.12,-4306.273,-1.5840333,21.150276
291.13998,-4450.491,-4.14777,21.629925
291.16,-4306.273,-0.14193134,21.31016
291.18,-4387.996,-3.3466022,20.990395
291.19998,-4162.054,-7.352441,20.670628
291.22,-4210.127,0.018302217,20.990395
291.24,-4277.4287,-11.037811,21.150276
291.25998,-4258.1997,1.3001705,20.990395
291.28,-4190.898,4.3446083,21.150276
291.3,-4263.007,1.4604042,21.150276
291.32,-4282.2363,-5.7501054,20.830513
291.34,-4123.596,-5.429638,20.990395
291.36,-4359.1523,-11.518513,21.31016
291.38,-4089.945,11.234652,21.31016
291.4,-4205.32,0.018302217,21.31016
291.41998,-4282.2363,-8.794542,21.31016
291.44,-4085.138,2.1013381,21.150276
291.46,-4263.007,-5.2694044,21.31016
291.47998,-4234.163,-3.6670694,21.31016
291.5,-4113.9814,6.4276443,21.629925
291.52,-4205.32,-5.589872,21.470041
291.54,-4248.585,-10.717345,21.629925
291.56,-4263.007,-9.275244,21.31016
291.58,-4118.7886,-0.62263197,21.789808
291.6,-3902.4612,12.99722,21.150276
291.62,-3974.5706,3.5434403,21.470041
291.63998,-4123.596,-3.3466022,21.31016
291.66,-4061.1013,-2.2249672,21.470041
291.68,-4138.0176,-1.4237996,21.789808
291.69998,-4061.1013,-9.275244,21.94969
291.72,-3955.3413,10.593717,21.629925
291.74,-4017.836,-2.8659017,21.470041
291.75998,-3964.9558,3.0627398,21.94969
291.78,-4008.2212,-2.385201,21.789808
291.8,-4003.4143,1.6206378,21.789808
291.82,-3974.5706,-3.026135,21.789808
291.84,-3787.0864,16.362125,21.789808
291.86,-3940.9197,-6.711507,21.629925
291.88,-3969.7632,-7.672908,21.470041
291.9,-3921.6904,1.9411048,22.429338
291.91998,-4041.872,-1.2635663,21.789808
291.94,-3931.305,2.261572,22.109571
291.96,-3940.9197,1.7808713,21.94969
291.97998,-3859.1958,8.991381,22.269455
292.0,-3912.0757,-10.717345,21.470041
292.02,-3835.1592,-0.9430991,21.31016
292.04,-3950.534,-1.7442669,21.470041
292.06,-3964.9558,-7.0319734,21.789808
292.08,-3916.883,-3.1863687,21.789808
292.1,-3988.9924,-3.1863687,22.269455
292.12,-3936.1123,5.145776,22.269455
292.13998,-3921.6904,-2.8659017,21.94969
292.16,-3960.1484,-9.916177,21.94969
292.18,-3940.9197,-1.7442669,21.94969
292.19998,-3984.185,-14.08225,21.789808
292.22,-3979.3777,-2.2249672,22.109571
292.24,-3926.4978,-2.7056682,21.789808
292.25998,-4051.487,2.261572,22.58922
292.28,-3897.6538,3.3832066,22.109571
292.3,-3998.6067,-2.5454345,21.94969
292.32,-3926.4978,-7.5126743,21.94969
292.34,-3974.5706,-4.948938,22.109571
292.36,-3883.232,-7.352441,21.94969
292.38,-3974.5706,-7.5126743,21.789808
292.4,-3873.6177,0.17853576,22.58922
292.41998,-4027.4504,-4.14777,22.109571
292.44,-3873.6177,-2.0647337,21.94969
292.46,-3854.3884,-6.711507,22.109571
292.47998,-3825.545,6.2674108,22.109571
292.5,-3940.9197,-0.62263197,22.109571
292.52,-3873.6177,-8.794542,21.629925
292.54,-3897.6538,-3.9875362,22.269455
292.56,-3868.8103,0.33876932,22.58922
292.58,-3916.883,1.139937,22.269455
292.6,-3844.7742,-8.474075,21.94969
292.62,-3931.305,-2.385201,22.109571
292.63998,-3897.6538,-14.723184,22.269455
292.66,-3772.6646,-1.4237996,22.749102
292.68,-3835.1592,-0.7828655,22.58922
292.69998,-3940.9197,-10.076411,22.58922
292.72,-3830.3523,-3.3466022,22.429338
292.74,-3912.0757,-8.794542,22.58922
292.75998,-3878.425,-5.429638,22.749102
292.78,-3868.8103,-12.31968,22.269455
292.8,-3864.003,-9.755944,22.429338
292.82,-3753.4355,-2.8659017,22.429338
292.84,-3724.592,10.914185,22.58922
292.86,-3782.2795,-7.0319734,22.269455
292.88,-3791.8938,-10.076411,22.269455
292.9,-3839.9666,-1.5840333,22.908985
292.91998,-3719.7847,2.7422726,22.749102
292.94,-3772.6646,-3.5068357,22.58922
292.96,-3758.243,-3.5068357,22.58922
292.97998,-3743.821,-3.026135,22.58922
293.0,-3714.9775,-3.1863687,22.429338
293.02,-3734.2065,-3.827303,22.58922
293.04,-3671.712,-5.429638,22.908985
293.06,-3710.1702,-11.518513,21.789808
293.08,-3729.3994,-0.14193134,23.068867
293.1,-3556.3374,8.02998,22.58922
293.12,-3690.9412,2.1013381,23.068867
293.13998,-3633.2537,-3.6670694,22.749102
293.16,-3599.6028,8.991381,22.908985
293.18,-3835.1592,-13.281082,22.58922
293.19998,-3489.0354,1.4604042,22.908985
293.22,-3614.0244,-0.9430991,22.908985
293.24,-3604.4102,-3.5068357,23.068867
293.25998,-3796.7012,-6.5512733,23.068867
293.28,-3570.759,-5.7501054,23.22875
293.3,-3719.7847,-2.8659017,23.068867
293.32,-3638.0608,-5.1091714,23.388634
293.34,-3714.9775,-7.0319734,22.58922
293.36,-3657.29,-1.5840333,23.068867
293.38,-3652.483,-12.960614,22.908985
293.4,-3700.5557,-6.5512733,23.068867
293.41998,-3618.832,-4.468237,23.068867
293.44,-3681.3264,-0.62263197,22.908985
293.46,-3724.592,-6.3910394,23.22875
293.47998,-3618.832,-2.2249672,23.388634
293.5,-3614.0244,3.2229733,23.708397
293.52,-3618.832,0.49900287,23.708397
293.54,-3686.1338,-14.562949,23.22875
293.56,-3657.29,-1.7442669,23.548515
293.58,-3541.9153,-4.7887044,23.068867
293.6,-3589.988,-3.827303,23.388634
293.62,-3609.2173,-8.153608,23.708397
293.63998,-3489.0354,9.311849,23.708397
293.66,-3589.988,-10.396878,23.388634
293.68,-3551.53,6.1071773,24.347929
293.69998,-3758.243,-14.242482,24.028164
293.72,-3570.759,-0.30216488,24.028164
293.74,-3657.29,-8.634309,23.548515
293.75998,-3508.2646,1.4604042,23.548515
293.78,-3633.2537,-15.203884,23.708397
293.8,-3570.759,-4.14777,23.868282
293.82,-3628.4465,-7.0319734,23.868282
293.84,-3589.988,-5.1091714,23.868282
293.86,-3594.7957,-16.645985,24.028164
293.88,-3565.9517,-12.159447,23.868282
293.9,-3628.4465,-8.634309,23.868282
293.91998,-3522.6863,-9.916177,23.868282
293.94,-3513.0718,-3.827303,24.188046
293.96,-3594.7957,-3.9875362,24.347929
293.97998,-3556.3374,0.9797035,24.188046
294.0,-3517.879,-3.9875362,24.188046
294.02,-3489.0354,-4.948938,23.868282
294.04,-3561.1445,-9.275244,24.347929
294.06,-3546.7227,-14.402717,24.50781
294.08,-3580.3738,-7.833141,24.347929
294.1,-3522.6863,-0.46239844,24.028164
294.12,-3599.6028,-7.993375,24.667694
294.13998,-3561.1445,-4.948938,24.50781
294.16,-3522.6863,-4.3080034,24.50781
294.18,-3311.166,-0.46239844,24.028164
294.19998,-3561.1445,-8.313842,24.188046
294.22,-3508.2646,5.466243,24.50781
294.24,-3580.3738,-11.037811,24.028164
294.25998,-3527.4937,-8.474075,24.50781
294.28,-3503.4573,-6.230806,24.347929
294.3,-3412.119,-3.3466022,24.347929
294.32,-3537.1082,-8.634309,24.50781
294.34,-3508.2646,-13.281082,24.188046
294.36,-3657.29,-1.1033326,24.667694
294.38,-3412.119,-7.192207,24.347929
294.4,-3426.5408,-1.4237996,24.347929
294.41998,-3397.6973,-3.9875362,24.028164
294.44,-3508.2646,-6.5512733,24.347929
294.46,-3464.999,-0.7828655,24.50781
294.47998,-3609.2173,-3.6670694,24.827578
294.5,-3349.6245,-5.2694044,24.188046
294.52,-3416.9263,-10.236644,24.50781
294.54,-3575.5664,-7.5126743,24.827578
294.56,-3354.4316,-3.5068357,24.50781
294.58,-3522.6863,-2.8659017,24.98746
294.6,-3618.832,-21.773457,24.188046
294.62,-3416.9263,-3.1863687,24.50781
294.63998,-3508.2646,-3.3466022,24.827578
294.66,-3484.2283,-19.369957,24.50781
294.68,-3575.5664,-5.2694044,24.98746
294.69998,-3364.0461,0.9797035,24.98746
294.72,-3412.119,-3.3466022,25.467108
294.74,-3416.9263,-11.999213,24.50781
294.75998,-3416.9263,-4.7887044,24.827578
294.78,-3383.2751,-4.948938,24.98746
294.8,-3464.999,-2.2249672,25.14734
294.82,-3426.5408,-4.3080034,25.14734
294.84,-3589.988,-10.717345,25.14734
294.86,-3402.5044,-3.6670694,25.14734
294.88,-3589.988,-10.557112,25.14734
294.9,-3474.6135,-5.589872,25.14734
294.91998,-3431.348,-15.203884,24.827578
294.94,-3503.4573,-10.557112,24.98746
294.96,-3368.8535,-2.2249672,25.307222
294.97998,-3556.3374,-17.607388,25.786871
295.0,-3460.192,-9.59571,25.14734
295.02,-3354.4316,-0.9430991,25.307222
295.04,-3474.6135,-6.8717403,25.62699
295.06,-3373.661,-4.6284704,25.467108
295.08,-3325.5881,-4.6284704,25.62699
295.1,-3412.119,-2.7056682,25.946754
295.12,-3378.468,3.5434403,25.467108
295.13998,-3412.119,-10.076411,25.14734
295.16,-3460.192,-16.80622,25.62699
295.18,-3474.6135,-15.524351,25.307222
295.19998,-3541.9153,-16.80622,25.467108
295.22,-3335.2024,-10.877579,25.62699
295.24,-3397.6973,-9.755944,25.786871
295.25998,-3330.3953,0.17853576,25.946754
295.28,-3291.937,4.024141,26.106636
295.3,-3364.0461,-1.9045002,25.946754
295.32,-3239.057,-7.192207,25.62699
295.34,-3364.0461,-3.026135,25.946754
295.36,-3392.89,-7.192207,25.786871
295.38,-3200.5986,7.709513,25.786871
295.4,-3479.4207,-21.292757,25.467108
295.41998,-3320.7805,-2.2249672,26.106636
295.44,-3359.2388,-8.313842,25.786871
295.46,-3272.7078,-5.910339,25.946754
295.47998,-3335.2024,-5.589872,26.26652
295.5,-3383.2751,-5.589872,26.106636
295.52,-3176.5623,7.228812,25.946754
295.54,-3344.817,-2.0647337,26.106636
295.56,-3364.0461,-3.827303,25.946754
295.58,-3344.817,-4.468237,26.586285
295.6,-3373.661,-13.120848,25.786871
295.62,-3368.8535,-5.7501054,26.26652
295.63998,-3421.7336,-10.877579,26.26652
295.66,-3277.5151,3.5434403,26.906052
295.68,-3412.119,-6.3910394,26.746166
295.69998,-3210.2134,4.6650753,26.426403
295.72,-3325.5881,-5.2694044,26.106636
295.74,-3325.5881,1.139937,26.426403
295.75998,-3349.6245,-0.46239844,26.906052
295.78,-3388.0825,-7.833141,26.586285
295.8,-3186.1768,-3.6670694,26.906052
295.82,-3349.6245,-7.833141,26.426403
295.84,-3373.661,-10.717345,26.426403
295.86,-3315.9734,-13.441315,26.746166
295.88,-3445.77,-4.3080034,26.746166
295.9,-3426.5408,-8.313842,26.746166
295.91998,-3397.6973,-9.435476,26.746166
295.94,-3296.7441,-6.230806,26.746166
295.96,-3364.0461,-8.794542,27.065933
295.97998,-3344.817,-6.5512733,26.906052
296.0,-3200.5986,2.1013381,26.906052
296.02,-3272.7078,-7.833141,26.426403
296.04,-3263.0933,-8.153608,27.065933
296.06,-3402.5044,-16.165285,26.746166
296.08,-3397.6973,0.17853576,27.385698
296.1,-3330.3953,-8.794542,27.225815
296.12,-3378.468,-11.198046,27.225815
296.13998,-3263.0933,-4.468237,27.065933
296.16,-3282.3225,-6.711507,27.385698
296.18,-3426.5408,-14.242482,26.906052
296.19998,-3176.5623,-1.5840333,27.065933
296.22,-3364.0461,-13.281082,27.385698
296.24,-3373.661,-10.236644,27.225815
296.25998,-3426.5408,-4.468237,27.705463
296.28,-3373.661,-16.485752,27.865347
296.3,-3287.1296,-3.3466022,27.385698
296.32,-3210.2134,-0.9430991,27.705463
296.34,-3296.7441,6.1071773,27.385698
296.36,-3287.1296,-9.755944,26.906052
296.38,-3335.2024,-9.115009,27.225815
296.4,-3123.6824,6.2674108,27.54558
296.41998,-3349.6245,-2.0647337,27.705463
296.44,-3325.5881,-9.59571,27.865347
296.46,-3373.661,-8.313842,27.865347
296.47998,-3412.119,-11.999213,27.705463
296.5,-3243.8643,-1.4237996,27.54558
296.52,-3392.89,-4.948938,27.54558
296.54,-3445.77,-16.005053,27.865347
296.56,-3335.2024,-6.711507,27.705463
296.58,-3388.0825,-8.954777,27.705463
296.6,-3388.0825,-19.369957,28.025229
296.62,-3229.4424,-3.827303,27.385698
296.63998,-3291.937,-8.634309,27.705463
296.66,-3335.2024,-4.14777,28.025229
296.68,-3311.166,11.074417,28.18511
296.69998,-3277.5151,-1.5840333,28.025229
296.72,-3450.5771,-10.557112,27.865347
296.74,-3263.0933,-7.833141,27.54558
296.75998,-3272.7078,1.6206378,28.025229
296.78,-3315.9734,-9.435476,27.865347
296.8,-3354.4316,-12.640147,28.025229
296.82,-3517.879,-9.59571,28.18511
296.84,-3181.3696,-3.1863687,28.025229
296.86,-3402.5044,-5.2694044,28.664759
296.88,-3426.5408,-14.723184,27.705463
296.9,-3243.8643,-1.4237996,28.18511
296.91998,-3291.937,-7.672908,27.865347
296.94,-3383.2751,3.3832066,28.025229
296.96,-3325.5881,-11.999213,28.025229
296.97998,-3311.166,0.9797035,28.344994
297.0,-3263.0933,-2.7056682,28.18511
297.02,-3340.0098,-7.0319734,28.18511
297.04,-3364.0461,-12.159447,28.025229
297.06,-3315.9734,-14.883417,27.385698
297.08,-3378.468,-5.910339,28.18511
297.1,-3484.2283,-22.73486,28.344994
297.12,-3215.0205,-4.14777,27.705463
297.13998,-3412.119,-10.557112,27.865347
297.16,-3455.3843,-12.159447,28.344994
297.18,-3272.7078,-7.5126743,28.344994
297.19998,-3315.9734,-0.9430991,28.664759
297.22,-3402.5044,-11.358279,28.18511
297.24,-3359.2388,-17.607388,28.504877
297.25998,-3210.2134,-5.910339,28.664759
297.28,-3397.6973,-9.755944,28.344994
297.3,-3397.6973,-16.485752,28.18511
297.32,-3330.3953,-2.0647337,28.344994
297.34,-3243.8643,-4.948938,28.664759
297.36,-3436.1553,-9.755944,28.504877
297.38,-3311.166,-5.2694044,28.504877
297.4,-3205.406,-3.5068357,28.504877
297.41998,-3402.5044,-7.352441,28.504877
297.44,-3282.3225,-7.833141,28.504877
297.46,-3282.3225,4.184375,28.984524
297.47998,-3354.4316,-6.0705724,28.344994
297.5,-3354.4316,-17.607388,28.664759
297.52,-3311.166,-7.833141,28.504877
297.54,-3407.3115,-8.153608,28.984524
297.56,-3392.89,-5.910339,28.824642
297.58,-3354.4316,-0.9430991,28.18511
297.6,-3388.0825,-6.8717403,28.664759
297.62,-3359.2388,-10.236644,28.824642
297.63998,-3330.3953,-9.916177,28.664759
297.66,-3392.89,-7.0319734,28.664759
297.68,-3402.5044,-17.447153,28.18511
297.69998,-3359.2388,-4.948938,28.504877
297.72,-3258.2861,-3.3466022,28.984524
297.74,-3335.2024,-13.120848,28.824642
297.75998,-3450.5771,-13.601548,28.664759
297.78,-3474.6135,-22.895092,28.18511
297.8,-3315.9734,-2.2249672,28.824642
297.82,-3368.8535,-14.723184,28.984524
297.84,-3440.9626,-13.281082,28.984524
297.86,-3354.4316,-5.429638,28.984524
297.88,-3325.5881,-9.435476,28.984524
297.9,-3517.879,-18.729021,28.984524
297.91998,-3287.1296,-7.352441,29.144405
297.94,-3464.999,-12.159447,28.824642
297.96,-3267.9006,-4.948938,28.344994
297.97998,-3392.89,-9.115009,29.144405
298.0,-3402.5044,-17.126686,29.624054
298.02,-3340.0098,-10.076411,29.624054
298.04,-3388.0825,-11.037811,29.144405
298.06,-3388.0825,-5.2694044,29.464172
298.08,-3306.359,-7.833141,28.824642
298.1,-3344.817,-8.794542,29.144405
298.12,-3330.3953,-11.999213,29.464172
298.13998,-3282.3225,-11.198046,29.464172
298.16,-3412.119,-4.3080034,29.624054
298.18,-3340.0098,-10.076411,29.624054
298.19998,-3469.8064,-10.076411,29.464172
298.22,-3258.2861,-6.5512733,29.624054
298.24,-3474.6135,-18.729021,29.464172
298.25998,-3604.4102,-19.850657,29.783936
298.28,-3354.4316,-9.435476,29.783936
298.3,-3335.2024,5.466243,29.624054
298.32,-3378.468,-5.589872,29.94382
298.34,-3359.2388,-11.358279,29.464172
298.36,-3541.9153,-23.375792,30.103703
298.38,-3421.7336,-19.850657,29.464172
298.4,-3340.0098,-5.7501054,30.263584
298.41998,-3315.9734,-7.192207,30.103703
298.44,-3503.4573,-11.198046,30.263584
298.46,-3484.2283,-5.429638,30.103703
298.47998,-3335.2024,-4.3080034,30.423468
298.5,-3460.192,-11.037811,30.423468
298.52,-3364.0461,-10.877579,29.94382
298.54,-3320.7805,-9.435476,29.94382
298.56,-3436.1553,-13.601548,30.103703
298.58,-3416.9263,-4.7887044,30.743233
298.6,-3407.3115,-0.62263197,30.263584
298.62,-3498.65,-7.993375,30.423468
298.63998,-3431.348,-3.026135,30.263584
298.66,-3416.9263,-3.6670694,30.103703
298.68,-3412.119,-14.242482,30.103703
298.69998,-3392.89,0.6592364,30.423468
298.72,-3330.3953,-4.7887044,29.624054
298.74,-3402.5044,-6.8717403,29.94382
298.75998,-3474.6135,-25.138361,29.94382
298.78,-3421.7336,-7.833141,30.103703
298.8,-3407.3115,-11.037811,29.783936
298.82,-3291.937,6.1071773,30.423468
298.84,-3455.3843,-12.640147,30.103703
298.86,-3407.3115,-5.910339,30.103703
298.88,-3359.2388,-5.7501054,29.94382
298.9,-3445.77,-6.230806,30.103703
298.91998,-3359.2388,-6.230806,30.423468
298.94,-3489.0354,-8.474075,30.423468
298.96,-3388.0825,-8.153608,30.58335
298.97998,-3373.661,-6.711507,30.743233
299.0,-3450.5771,-8.794542,30.423468
299.02,-3402.5044,-8.474075,30.58335
299.04,-3460.192,-1.9045002,30.58335
299.06,-3503.4573,-23.21556,30.103703
299.08,-3392.89,-3.3466022,30.58335
299.1,-3479.4207,-15.844818,30.423468
299.12,-3306.359,0.6592364,30.903116
299.13998,-3407.3115,-15.364117,30.423468
299.16,-3335.2024,-8.794542,30.58335
299.18,-3402.5044,-7.833141,30.423468
299.19998,-3565.9517,-21.933691,30.263584
299.22,-3440.9626,-13.761782,30.423468
299.24,-3291.937,-8.954777,29.783936
299.25998,-3455.3843,-15.203884,30.58335
299.28,-3364.0461,-11.358279,30.423468
299.3,-3383.2751,5.78671,30.743233
299.32,-3320.7805,-4.7887044,30.903116
299.34,-3301.5518,6.1071773,31.062998
299.36,-3181.3696,-6.3910394,30.903116
299.38,-3340.0098,-1.1033326,31.062998
299.4,-3392.89,-10.396878,30.903116
299.41998,-3416.9263,-12.159447,31.22288
299.44,-3412.119,-1.9045002,31.382761
299.46,-3479.4207,-11.198046,31.382761
299.47998,-3589.988,-18.889254,31.062998
299.5,-3421.7336,-7.5126743,31.542645
299.52,-3460.192,-19.530188,31.382761
299.54,-3440.9626,-6.711507,31.382761
299.56,-3421.7336,-3.3466022,31.22288
299.58,-3359.2388,1.7808713,31.22288
299.6,-3445.77,-13.281082,31.062998
299.62,-3421.7336,-4.948938,31.22288
299.63998,-3412.119,-3.9875362,31.382761
299.66,-3436.1553,-11.999213,30.903116
299.68,-3364.0461,0.81947,31.70253
299.69998,-3368.8535,-5.910339,31.542645
299.72,-3450.5771,0.33876932,31.542645
299.74,-3359.2388,-5.589872,31.70253
299.75998,-3445.77,-10.717345,31.542645
299.78,-3537.1082,-11.198046,31.542645
299.8,-3479.4207,-11.198046,31.22288
299.82,-3354.4316,-7.0319734,31.542645
299.84,-3474.6135,-16.325518,31.382761
299.86,-3330.3953,3.8639073,31.22288
299.88,-3383.2751,-1.1033326,31.22288
299.9,-3397.6973,-6.230806,31.382761
299.91998,-3546.7227,-19.369957,30.743233
299.94,-3440.9626,-9.59571,31.70253
299.96,-3426.5408,-4.6284704,31.862411
299.97998,-3445.77,-10.557112,31.382761
300.0,-3340.0098,3.5434403,31.70253
300.02,-3460.192,-15.04365,31.382761
300.04,-3388.0825,-12.159447,31.22288
300.06,-3373.661,-0.30216488,31.22288
300.08,-3383.2751,-7.352441,31.542645
300.1,-3503.4573,-12.31968,31.542645
300.12,-3359.2388,-7.833141,31.862411
300.13998,-3392.89,-13.441315,31.382761
300.16,-3364.0461,-6.0705724,32.022293
300.18,-3440.9626,-6.5512733,32.182175
300.19998,-3392.89,-12.960614,31.542645
300.22,-3445.77,-8.153608,31.70253
300.24,-3388.0825,-3.9875362,31.862411
300.25998,-3383.2751,-14.562949,31.70253
300.28,-3407.3115,-14.883417,31.862411
300.3,-3431.348,-13.922015,31.862411
300.32,-3291.937,13.157454,32.182175
300.34,-3570.759,-20.812057,31.70253
300.36,-3248.6714,-2.385201,32.182175
300.38,-3330.3953,-0.7828655,32.182175
300.4,-3522.6863,-13.120848,32.022293
300.41998,-3426.5408,-13.922015,32.182175
300.44,-3311.166,3.2229733,32.182175
300.46,-3440.9626,-18.088087,32.022293
300.47998,-3412.119,-15.524351,32.022293
300.5,-3460.192,-11.198046,31.862411
300.52,-3364.0461,-7.5126743,31.862411
300.53998,-3498.65,-0.46239844,32.82171
300.56,-3340.0098,-8.153608,32.182175
300.58,-3440.9626,-3.1863687,32.182175
300.6,-3407.3115,-3.1863687,32.82171
300.62,-3402.5044,-9.435476,32.501938
300.63998,-3440.9626,-13.761782,32.182175
300.66,-3311.166,-6.230806,32.182175
300.68,-3585.181,-12.31968,32.022293
300.69998,-3484.2283,-15.524351,32.501938
300.72,-3407.3115,-1.9045002,32.82171
300.74,-3392.89,-9.115009,32.501938
300.75998,-3388.0825,-7.993375,32.182175
300.78,-3469.8064,-7.833141,32.501938
300.8,-3493.8425,-10.877579,32.661827
300.82,-3388.0825,4.825309,32.98159
300.84,-3392.89,-5.7501054,32.342056
300.86,-3421.7336,-12.31968,32.182175
300.88,-3464.999,-22.093925,32.501938
300.9,-3402.5044,-7.833141,32.661827
300.91998,-3484.2283,-10.557112,32.82171
300.94,-3388.0825,-9.916177,32.661827
300.96,-3397.6973,-8.313842,32.501938
300.97998,-3359.2388,5.9469438,32.661827
301.0,-3450.5771,-11.83898,32.501938
301.02,-3388.0825,-7.993375,33.14147
301.03998,-3306.359,-0.46239844,32.82171
301.06,-3436.1553,-12.159447,32.501938
301.08,-3561.1445,-17.607388,32.82171
301.1,-3609.2173,-19.850657,32.82171
301.12,-3498.65,-12.800381,32.98159
301.13998,-3412.119,-2.5454345,32.98159
301.16,-3335.2024,0.81947,32.98159
301.18,-3277.5151,-4.14777,33.301353
301.19998,-3359.2388,-10.717345,32.98159
301.22,-3402.5044,-5.589872,33.14147
301.24,-3657.29,-23.536026,33.14147
301.25998,-3407.3115,-12.960614,32.82171
301.28,-3407.3115,-9.755944,33.14147
301.3,-3397.6973,-7.672908,33.62112
301.32,-3392.89,-7.0319734,33.301353
301.34,-3474.6135,-18.088087,33.14147
301.36,-3455.3843,-9.435476,33.14147
301.38,-3580.3738,-20.01089,33.14147
301.4,-3455.3843,-9.115009,33.301353
301.41998,-3392.89,-13.601548,33.301353
301.44,-3464.999,-11.358279,33.461235
301.46,-3392.89,-7.352441,33.14147
301.47998,-3320.7805,-8.954777,33.461235
301.5,-3368.8535,-12.640147,33.461235
301.52,-3455.3843,-17.126686,33.14147
301.53998,-3489.0354,-6.711507,33.461235
301.56,-3229.4424,10.914185,33.461235
301.58,-3416.9263,-13.120848,33.461235
301.6,-3599.6028,-18.248322,33.781002
301.62,-3412.119,-15.04365,33.461235
301.63998,-3397.6973,-10.877579,33.461235
301.66,-3565.9517,-13.281082,33.781002
301.68,-3373.661,4.504842,33.940884
301.69998,-3484.2283,-16.325518,33.781002
301.72,-3344.817,-10.396878,33.461235
301.74,-3344.817,-5.2694044,33.940884
301.75998,-3301.5518,-5.7501054,33.781002
301.78,-3498.65,-9.59571,33.62112
301.8,-3464.999,-16.005053,33.781002
301.82,-3349.6245,-2.5454345,33.781002
301.84,-3325.5881,-5.589872,33.781002
301.86,-3426.5408,-20.49159,33.62112
301.88,-3397.6973,-12.479914,33.940884
301.9,-3335.2024,-15.04365,33.781002
301.91998,-3445.77,-12.640147,33.940884
301.94,-3426.5408,-12.31968,33.62112
301.96,-3431.348,-10.877579,34.10077
301.97998,-3301.5518,-0.62263197,33.940884
302.0,-3402.5044,-6.5512733,34.10077
302.02,-3455.3843,-14.08225,34.580418
302.03998,-3464.999,-12.640147,34.7403
302.06,-3489.0354,-11.358279,34.420532
302.08,-3392.89,-18.889254,34.10077
302.1,-3359.2388,-11.037811,34.10077
302.12,-3359.2388,-13.922015,33.781002
302.13998,-3364.0461,-3.6670694,34.580418
302.16,-3349.6245,-3.827303,34.7403
302.18,-3388.0825,-11.999213,34.26065
302.19998,-3556.3374,-16.165285,33.940884
302.22,-3402.5044,-18.729021,33.940884
302.24,-3335.2024,-5.589872,34.26065
302.25998,-3565.9517,-13.922015,34.580418
302.28,-3315.9734,4.3446083,34.7403
302.3,-3320.7805,-4.14777,34.7403
302.32,-3349.6245,-13.281082,34.26065
302.34,-3311.166,-4.3080034,34.7403
302.36,-3311.166,-25.45883,34.10077
302.38,-3325.5881,-9.435476,34.580418
302.4,-3455.3843,-24.978128,34.10077
302.41998,-3402.5044,-1.1033326,34.7403
302.44,-3364.0461,-13.761782,34.420532
302.46,-3402.5044,-6.0705724,34.7403
302.47998,-3412.119,0.33876932,34.90018
302.5,-3291.937,-12.479914,34.420532
302.52,-3364.0461,-9.59571,34.90018
302.53998,-3359.2388,-11.678746,35.379826
302.56,-3388.0825,-8.794542,34.580418
302.58,-3392.89,-17.126686,34.580418
302.6,-3239.057,-6.5512733,34.90018
302.62,-3402.5044,-7.5126743,35.060062
302.63998,-3412.119,-18.568789,34.90018
302.66,-3272.7078,-12.960614,34.580418
302.68,-3359.2388,-8.954777,34.7403
302.69998,-3234.2498,-15.524351,34.7403
302.72,-3277.5151,-3.1863687,35.53971
302.74,-3282.3225,-4.14777,34.7403
302.75998,-3311.166,0.9797035,34.90018
302.78,-3282.3225,-9.435476,35.060062
302.8,-3340.0098,-5.910339,35.060062
302.82,-3243.8643,-3.9875362,35.060062
302.84,-3277.5151,-5.7501054,35.219944
302.86,-3508.2646,-20.49159,34.580418
302.88,-3359.2388,-14.723184,34.90018
302.9,-3306.359,-4.14777,35.379826
302.91998,-3291.937,-8.794542,35.379826
302.94,-3354.4316,-7.993375,35.379826
302.96,-3234.2498,0.9797035,35.219944
302.97998,-3340.0098,-16.165285,35.060062
303.0,-3546.7227,-9.916177,35.379826
303.02,-3253.4788,1.3001705,35.699596
303.03998,-3282.3225,-10.396878,35.699596
303.06,-3392.89,-12.800381,35.699596
303.08,-3412.119,-15.524351,35.379826
303.1,-3311.166,-7.833141,35.53971
303.12,-3272.7078,-11.518513,35.699596
303.13998,-3378.468,-10.557112,35.53971
303.16,-3210.2134,-2.0647337,35.219944
303.18,-3311.166,-8.634309,35.699596
303.19998,-3445.77,-22.093925,35.699596
303.22,-3301.5518,-6.3910394,35.699596
303.24,-3291.937,-11.999213,35.53971
303.25998,-3335.2024,-11.198046,36.01936
303.28,-3258.2861,-8.313842,35.859478
303.3,-3464.999,-15.684585,36.17924
303.32,-3359.2388,-15.844818,35.859478
303.34,-3234.2498,-1.1033326,35.699596
303.36,-3330.3953,-14.562949,35.699596
303.38,-3349.6245,-12.640147,35.699596
303.4,-3479.4207,-19.850657,35.859478
303.41998,-3388.0825,-15.844818,35.699596
303.44,-3330.3953,-11.358279,35.859478
303.46,-3315.9734,-11.358279,35.859478
303.47998,-3335.2024,-11.037811,36.49901
303.5,-3359.2388,-11.83898,35.699596
303.52,-3272.7078,-10.557112,36.01936
303.53998,-3421.7336,-17.126686,36.01936
303.56,-3248.6714,-0.9430991,36.17924
303.58,-3335.2024,-9.59571,36.01936
303.6,-3263.0933,-2.7056682,36.17924
303.62,-3258.2861,-4.6284704,36.339123
303.63998,-3383.2751,-17.126686,35.859478
303.66,-3368.8535,-18.408554,36.339123
303.68,-3416.9263,-17.447153,36.01936
303.69998,-3253.4788,-12.960614,35.53971
303.72,-3080.4167,6.2674108,35.859478
303.74,-3325.5881,-10.396878,36.17924
303.75998,-3320.7805,-6.8717403,36.339123
303.78,-3388.0825,-24.17696,36.01936
303.8,-3359.2388,-7.5126743,36.65889
303.82,-3253.4788,-10.076411,36.01936
303.84,-3243.8643,-7.5126743,36.339123
303.86,-3330.3953,-15.203884,36.01936
303.88,-3340.0098,-15.203884,36.339123
303.9,-3253.4788,-10.076411,36.01936
303.91998,-3296.7441,-8.634309,36.339123
303.94,-3359.2388,-6.711507,36.65889
303.96,-3378.468,-18.248322,35.699596
303.97998,-3344.817,-7.993375,36.339123
304.0,-3176.5623,-12.960614,36.49901
304.02,-3210.2134,-3.9875362,36.49901
304.03998,-3176.5623,0.17853576,36.81877
304.06,-3315.9734,-12.479914,36.65889
304.08,-3368.8535,-16.80622,36.49901
304.1,-3133.2969,-16.005053,36.339123
304.12,-3253.4788,-7.993375,36.81877
304.13998,-3315.9734,-13.120848,36.49901
304.16,-3287.1296,-7.352441,36.65889
304.18,-3234.2498,-4.7887044,36.49901
304.19998,-3373.661,-6.5512733,37.458305
304.22,-3301.5518,-5.1091714,36.65889
304.24,-3440.9626,-24.978128,36.978653
304.25998,-3340.0098,-16.80622,36.65889
304.28,-3325.5881,-11.037811,36.978653
304.3,-3287.1296,-23.21556,36.81877
304.32,-3277.5151,-9.755944,37.29842
304.34,-3287.1296,-8.794542,37.13854
304.36,-3239.057,-9.916177,36.49901
304.38,-3258.2861,-8.474075,36.81877
304.4,-3330.3953,-15.524351,36.81877
304.41998,-3162.1404,-7.5126743,36.81877
304.44,-3330.3953,-10.076411,37.29842
304.46,-3291.937,-11.678746,36.81877
304.47998,-3325.5881,-6.5512733,37.458305
304.5,-3162.1404,-3.5068357,37.29842
304.52,-3258.2861,-3.1863687,36.978653
304.53998,-3325.5881,-4.14777,36.978653
304.56,-3224.635,-7.833141,37.458305
304.58,-3215.0205,-10.877579,37.13854
304.6,-3138.104,-2.8659017,37.13854
304.62,-3335.2024,-12.640147,37.618187
304.63998,-3320.7805,-12.31968,36.978653
304.66,-3373.661,-11.358279,37.29842
304.68,-3440.9626,-14.242482,37.29842
304.69998,-3248.6714,-9.755944,37.458305
304.72,-3335.2024,-19.369957,37.13854
304.74,-3277.5151,-9.115009,37.29842
304.75998,-3344.817,-21.452991,37.618187
304.78,-3311.166,-25.138361,36.978653
304.8,-3388.0825,-16.485752,37.458305
304.82,-3200.5986,-4.468237,37.13854
304.84,-3277.5151,-6.8717403,37.618187
304.86,-3335.2024,-18.568789,37.618187
304.88,-3330.3953,-7.352441,37.618187
304.9,-3407.3115,-9.916177,37.618187
304.91998,-3229.4424,-16.80622,37.29842
304.94,-3359.2388,-20.49159,37.13854
304.96,-3340.0098,-21.773457,37.13854
304.97998,-3311.166,-12.960614,37.29842
305.0,-3320.7805,-19.209723,37.618187
305.02,-3239.057,-6.230806,37.618187
305.03998,-3186.1768,-10.557112,37.93795
305.06,-3186.1768,-2.0647337,37.29842
305.08,-3296.7441,-11.83898,37.93795
305.1,-3311.166,-16.485752,37.458305
305.12,-3272.7078,-11.999213,37.77807
305.13998,-3210.2134,-9.755944,37.618187
305.16,-3267.9006,-9.916177,37.618187
305.18,-3171.7551,-8.794542,37.458305
305.19998,-3258.2861,-13.601548,37.618187
305.22,-3224.635,-10.236644,37.618187
305.24,-3301.5518,-15.524351,37.77807
305.25998,-3239.057,-9.115009,37.93795
305.28,-3291.937,-11.83898,37.77807
305.3,-3392.89,-20.171124,37.93795
305.32,-3320.7805,-17.76762,37.618187
305.34,-3315.9734,-13.441315,37.77807
305.36,-3349.6245,-12.31968,37.77807
305.38,-3320.7805,-8.954777,37.29842
305.4,-3282.3225,-12.159447,37.77807
305.41998,-3368.8535,-17.607388,37.618187
305.44,-3138.104,-1.2635663,37.77807
305.46,-3195.7915,-11.198046,37.93795
305.47998,-3239.057,-9.435476,37.93795
305.5,-3287.1296,-13.441315,37.93795
305.52,-3412.119,-19.690422,38.09783
305.53998,-3267.9006,-12.640147,38.257713
305.56,-3224.635,-15.203884,37.93795
305.58,-3287.1296,-13.281082,37.93795
305.6,-3186.1768,-11.999213,38.57748
305.62,-3272.7078,-3.9875362,38.57748
305.63998,-3412.119,-21.452991,38.257713
305.66,-3306.359,-11.678746,37.93795
305.68,-3349.6245,-12.31968,38.57748
305.69998,-3263.0933,-7.5126743,38.257713
305.72,-3200.5986,-2.0647337,38.257713
305.74,-3258.2861,-13.441315,37.93795
305.75998,-3104.4531,3.0627398,38.417595
305.78,-3282.3225,-19.850657,37.77807
305.8,-3248.6714,-19.369957,38.09783
305.82,-3392.89,-16.80622,38.417595
305.84,-3128.4895,-6.8717403,38.09783
305.86,-3388.0825,-27.2214,38.09783
305.88,-3234.2498,-11.678746,38.417595
305.9,-3330.3953,-12.31968,38.257713
305.91998,-3205.406,-4.948938,38.57748
305.94,-3291.937,-13.120848,38.257713
305.96,-3248.6714,-6.0705724,38.257713
305.97998,-3311.166,-9.115009,38.257713
306.0,-3239.057,-14.08225,38.417595
306.02,-3277.5151,-15.844818,38.257713
306.03998,-3094.8384,-3.5068357,38.417595
306.06,-3118.8748,-3.827303,38.09783
306.08,-3248.6714,-6.0705724,38.257713
306.1,-3258.2861,-12.159447,38.09783
306.12,-3306.359,-8.153608,38.257713
306.13998,-3090.0312,-10.557112,37.93795
306.16,-3224.635,-8.153608,38.417595
306.18,-3190.9841,-15.524351,37.93795
306.19998,-3205.406,-4.6284704,38.897247
306.22,-3325.5881,-13.120848,38.417595
306.24,-3224.635,-10.396878,38.257713
306.25998,-3330.3953,-18.889254,38.257713
306.28,-3224.635,-13.601548,38.417595
306.3,-3359.2388,-18.248322,37.93795
306.32,-3272.7078,-15.524351,38.57748
306.34,-3200.5986,-3.3466022,38.737366
306.36,-3383.2751,-10.877579,38.57748
306.38,-3397.6973,-12.640147,37.93795
306.4,-3344.817,-18.889254,38.417595
306.41998,-3171.7551,-7.352441,38.57748
306.44,-3277.5151,-18.088087,37.93795
306.46,-3224.635,-13.441315,38.57748
306.47998,-3315.9734,-2.7056682,38.417595
306.5,-3282.3225,-21.132523,38.257713
306.52,-3234.2498,-9.435476,38.57748
306.53998,-3354.4316,-21.452991,38.897247
306.56,-3215.0205,-5.910339,38.737366
306.58,-3219.828,-13.281082,38.897247
306.6,-3243.8643,-17.286919,38.57748
306.62,-3340.0098,-8.313842,39.05713
306.63998,-3147.7188,-17.126686,38.57748
306.66,-3181.3696,-16.005053,38.737366
306.68,-3258.2861,-16.645985,38.737366
306.69998,-3301.5518,-18.248322,38.897247
306.72,-3368.8535,-13.761782,39.21701
306.74,-3147.7188,-6.711507,38.897247
306.75998,-3224.635,-9.435476,38.897247
306.78,-3277.5151,-10.557112,39.536777
306.8,-3147.7188,-11.999213,39.05713
306.82,-3340.0098,-17.126686,38.897247
306.84,-3234.2498,-24.337194,39.376892
306.86,-3138.104,-2.2249672,39.376892
306.88,-3277.5151,-9.275244,39.21701
306.9,-3219.828,-11.358279,39.05713
306.91998,-3315.9734,-18.248322,39.376892
306.94,-3272.7078,-13.281082,39.536777
306.96,-3234.2498,-14.562949,39.21701
306.97998,-3200.5986,-13.761782,39.21701
307.0,-3157.3333,-5.429638,39.376892
307.02,-3378.468,-28.503265,39.21701
307.03998,-3162.1404,-10.076411,39.05713
307.06,-3296.7441,-11.83898,39.21701
307.08,-3234.2498,-17.76762,39.05713
307.1,-3215.0205,-16.165285,38.737366
307.12,-3248.6714,-28.022566,39.536777
307.13998,-3075.6096,-4.468237,39.536777
307.16,-3277.5151,-17.76762,39.536777
307.18,-3118.8748,-5.910339,40.016422
307.19998,-3200.5986,-10.396878,39.85654
307.22,-3248.6714,-10.557112,39.536777
307.24,-3272.7078,-14.242482,39.536777
307.25998,-3277.5151,-10.396878,39.376892
307.28,-3142.9114,-18.729021,39.21701
307.3,-3296.7441,-18.248322,39.376892
307.32,-3200.5986,-14.723184,39.69666
307.34,-3166.9478,-4.14777,39.85654
307.36,-3340.0098,-14.08225,40.016422
307.38,-3128.4895,-8.474075,39.536777
307.4,-3296.7441,-13.281082,39.69666
307.41998,-3243.8643,-19.209723,39.85654
307.44,-3215.0205,-14.883417,39.69666
307.46,-3171.7551,-10.877579,40.016422
307.47998,-3311.166,-12.640147,39.536777
307.5,-3301.5518,-18.408554,39.85654
307.52,-3114.0676,-13.922015,39.85654
307.53998,-3282.3225,-13.601548,40.016422
307.56,-3301.5518,-10.236644,40.176308
307.58,-3340.0098,-15.203884,39.85654
307.6,-3301.5518,-16.165285,40.016422
307.62,-3291.937,-17.447153,40.33619
307.63998,-3224.635,-12.31968,40.496075
307.66,-3340.0098,-16.485752,40.176308
307.68,-3306.359,-21.132523,40.176308
307.69998,-3291.937,-18.568789,39.69666
307.72,-3215.0205,-8.474075,40.176308
307.74,-3344.817,-21.452991,40.33619
307.75998,-3166.9478,-6.3910394,40.33619
307.78,-3176.5623,-12.800381,40.33619
307.8,-3258.2861,-14.883417,40.655956
307.82,-3258.2861,-16.80622,40.33619
307.84,-3190.9841,-15.04365,40.655956
307.86,-3210.2134,-3.5068357,40.33619
307.88,-3200.5986,-7.352441,40.33619
307.9,-3215.0205,-14.723184,40.33619
307.91998,-3195.7915,-13.120848,40.496075
307.94,-3340.0098,-21.933691,40.016422
307.96,-3267.9006,-16.005053,40.176308
307.97998,-3344.817,-20.49159,40.33619
308.0,-3330.3953,-7.5126743,40.496075
308.02,-3224.635,-24.817896,40.655956
308.03998,-3065.9949,-4.468237,40.176308
308.06,-3176.5623,-19.369957,40.016422
308.08,-3239.057,-6.8717403,40.496075
308.1,-3239.057,-12.960614,40.496075
308.12,-3301.5518,-12.159447,40.655956
308.13998,-3267.9006,3.8639073,40.496075
308.16,-3142.9114,-15.203884,40.33619
308.18,-3215.0205,-16.005053,40.655956
308.19998,-3354.4316,-6.230806,40.815838
308.22,-3296.7441,-16.005053,40.655956
308.24,-3397.6973,-27.2214,40.176308
308.25998,-3320.7805,-17.447153,40.496075
308.28,-3272.7078,-12.800381,40.176308
308.3,-3157.3333,-16.165285,40.176308
308.32,-3315.9734,-17.447153,40.33619
308.34,-3311.166,-20.49159,40.496075
308.36,-3248.6714,-9.59571,40.655956
308.38,-3359.2388,-13.441315,40.33619
308.4,-3330.3953,-16.80622,40.496075
308.41998,-3200.5986,-11.83898,40.33619
308.44,-3474.6135,-35.874004,39.85654
308.46,-3311.166,-13.761782,40.496075
308.47998,-3330.3953,-18.889254,40.815838
308.5,-3397.6973,-21.933691,40.33619
308.52,-3229.4424,-16.966454,40.33619
308.53998,-3123.6824,-2.7056682,40.655956
308.56,-3224.635,-9.755944,40.496075
308.58,-3272.7078,-19.690422,40.655956
308.6,-3282.3225,-11.358279,40.815838
308.62,-3253.4788,-5.589872,40.97572
308.63998,-3239.057,-17.126686,40.97572
308.66,-3215.0205,-10.717345,40.655956
308.68,-3065.9949,-7.192207,41.1356
308.69998,-3229.4424,-17.447153,41.1356
308.72,-3315.9734,-16.966454,41.295483
308.74,-3243.8643,-11.999213,41.295483
308.75998,-3128.4895,-10.076411,41.1356
308.78,-3248.6714,-3.5068357,41.1356
308.8,-3296.7441,-17.447153,41.1356
308.82,-3195.7915,-18.248322,41.61525
308.84,-3253.4788,-19.209723,41.295483
308.86,-3239.057,-31.707935,40.655956
308.88,-3296.7441,-16.645985,40.815838
308.9,-3248.6714,-16.966454,40.655956
308.91998,-3243.8643,-17.76762,41.295483
308.94,-3263.0933,-11.999213,41.61525
308.96,-3263.0933,-17.447153,40.97572
308.97998,-3205.406,-13.601548,40.97572
309.0,-3061.1877,-13.441315,41.1356
309.02,-3282.3225,-11.358279,41.295483
309.03998,-3330.3953,-21.132523,41.455368
309.06,-3205.406,-10.236644,41.1356
309.08,-3282.3225,-11.198046,41.295483
309.1,-3219.828,-9.916177,41.455368
309.12,-3200.5986,-15.203884,41.455368
309.13998,-3162.1404,-8.474075,41.455368
309.16,-3291.937,-18.729021,41.61525
309.18,-3263.0933,-18.408554,41.295483
309.19998,-3243.8643,-12.800381,41.775135
309.22,-3412.119,-17.607388,41.61525
309.24,-3195.7915,-8.634309,42.0949
309.25998,-3282.3225,-17.447153,41.455368
309.28,-3234.2498,-7.833141,41.775135
309.3,-3181.3696,-14.08225,41.455368
309.32,-3291.937,-18.408554,41.61525
309.34,-3219.828,-18.088087,41.61525
309.36,-3239.057,-12.479914,41.455368
309.38,-3440.9626,-31.547703,41.295483
309.4,-3142.9114,-9.59571,41.775135
309.41998,-3166.9478,-8.794542,41.61525
309.44,-3176.5623,-8.954777,41.295483
309.46,-3253.4788,-13.120848,41.61525
309.47998,-3484.2283,-21.773457,41.455368
309.5,-3354.4316,-23.375792,41.455368
309.52,-3195.7915,-14.723184,41.61525
309.53998,-3272.7078,-19.690422,41.935017
309.56,-3162.1404,-13.441315,41.1356
309.58,-3373.661,-24.016727,41.775135
309.6,-3090.0312,-6.0705724,41.775135
309.62,-3229.4424,-18.088087,41.61525
309.63998,-3263.0933,-16.165285,41.61525
309.66,-3171.7551,-3.5068357,41.775135
309.68,-3210.2134,-11.678746,41.935017
309.69998,-3296.7441,-28.6635,41.775135
309.72,-3229.4424,-12.640147,41.61525
309.74,-3263.0933,-11.198046,41.61525
309.75998,-3234.2498,-13.281082,41.775135
309.78,-3229.4424,-14.883417,41.775135
309.8,-3133.2969,-13.922015,41.775135
309.82,-3176.5623,-5.589872,42.0949
309.84,-3258.2861,-19.369957,42.0949
309.86,-3229.4424,-14.562949,41.935017
309.88,-3195.7915,-4.7887044,41.935017
309.9,-3224.635,-18.568789,41.61525
309.91998,-3219.828,-13.120848,42.0949
309.94,-3138.104,-14.242482,42.414665
309.96,-3219.828,-15.524351,42.25478
309.97998,-3171.7551,-15.04365,42.0949
310.0,-3277.5151,-17.126686,41.775135
310.02,-3215.0205,-11.83898,41.935017
310.03998,-3138.104,-16.966454,42.0949
310.06,-3239.057,-3.9875362,42.574547
310.08,-3147.7188,-10.557112,41.935017
310.1,-3186.1768,-3.6670694,42.25478
310.12,-3282.3225,-16.966454,42.25478
310.13998,-3272.7078,-10.076411,42.414665
310.16,-3239.057,-21.452991,41.935017
310.18,-2960.2346,-6.8717403,41.935017
310.19998,-3181.3696,-7.352441,42.0949
310.22,-3340.0098,-10.557112,42.574547
310.24,-3301.5518,-18.408554,42.414665
310.25998,-3056.3804,9.151615,42.73443
310.28,-3287.1296,-14.242482,42.73443
310.3,-3253.4788,-14.402717,42.0949
310.32,-3219.828,-16.645985,42.574547
310.34,-3277.5151,-17.607388,42.414665
310.36,-3239.057,-14.562949,42.25478
310.38,-3287.1296,-16.325518,42.414665
310.4,-3243.8643,-11.678746,42.89431
310.41998,-3037.1514,-7.5126743,42.25478
310.44,-3166.9478,-16.325518,42.574547
310.46,-3171.7551,-14.402717,42.414665
310.47998,-3267.9006,-10.236644,42.574547
310.5,-3133.2969,-15.04365,42.414665
310.52,-3181.3696,-10.396878,42.574547
310.53998,-3157.3333,-11.83898,42.0949
310.56,-3325.5881,-16.966454,42.414665
310.58,-3272.7078,-23.21556,42.25478
310.6,-3186.1768,-9.916177,42.73443
310.62,-3291.937,-25.138361,42.25478
310.63998,-3037.1514,-16.645985,42.414665
310.66,-3128.4895,-9.916177,42.414665
310.68,-3378.468,-33.150036,42.574547
310.69998,-3248.6714,-18.248322,42.414665
310.72,-3138.104,-14.242482,43.05419
310.74,-3248.6714,-11.518513,42.414665
310.75998,-3171.7551,-12.479914,42.73443
310.78,-3243.8643,-11.678746,43.05419
310.8,-3118.8748,-5.429638,43.05419
310.82,-3258.2861,-20.651823,42.73443
310.84,-3104.4531,-0.9430991,42.73443
310.86,-3200.5986,-16.005053,43.05419
310.88,-3282.3225,-18.729021,42.574547
310.9,-3138.104,-13.922015,42.89431
310.91998,-3219.828,-6.711507,43.05419
310.94,-3263.0933,-15.364117,43.05419
310.96,-3219.828,-13.922015,42.574547
310.97998,-3248.6714,-15.04365,42.89431
311.0,-3277.5151,-15.364117,42.89431
311.02,-3229.4424,-12.479914,42.89431
311.03998,-3118.8748,-8.313842,42.73443
311.06,-3282.3225,-15.04365,43.05419
311.08,-3340.0098,-23.055326,43.05419
311.1,-3296.7441,-12.800381,43.05419
311.12,-3282.3225,-12.800381,43.05419
311.13998,-3258.2861,-12.479914,43.05419
311.16,-3291.937,-16.325518,43.214077
311.18,-3094.8384,-9.115009,43.214077
311.19998,-3239.057,-20.171124,42.89431
311.22,-3195.7915,-18.408554,42.414665
311.24,-3450.5771,-25.779295,42.73443
311.25998,-3263.0933,-11.678746,42.73443
311.28,-3215.0205,-26.259996,42.73443
311.3,-3147.7188,-11.999213,42.89431
311.32,-3210.2134,-15.203884,42.73443
311.34,-3224.635,-14.242482,43.05419
311.36,-3138.104,-14.402717,43.214077
311.38,-3248.6714,-6.8717403,43.05419
311.4,-3210.2134,-11.518513,43.373962
311.41998,-3263.0933,-14.08225,43.373962
311.44,-3243.8643,-27.2214,42.73443
311.46,-3219.828,-14.723184,43.373962
311.47998,-3224.635,-15.844818,43.533844
311.5,-3301.5518,-22.093925,42.89431
311.52,-3205.406,-19.850657,43.373962
311.53998,-3210.2134,-15.844818,43.373962
311.56,-3215.0205,-11.358279,43.373962
311.58,-3234.2498,-13.281082,43.373962
311.6,-3166.9478,-22.093925,42.89431
311.62,-3142.9114,-14.723184,43.373962
311.63998,-3315.9734,-22.093925,43.373962
311.66,-3123.6824,-1.4237996,43.533844
311.68,-3301.5518,-27.541864,43.05419
311.69998,-3373.661,-21.132523,43.373962
311.72,-3205.406,-12.479914,43.214077
311.74,-3210.2134,-11.198046,43.373962
311.75998,-3200.5986,-15.364117,43.214077
311.78,-3200.5986,-16.485752,43.373962
311.8,-3291.937,-13.922015,43.373962
311.82,-3282.3225,-26.740696,43.373962
311.84,-3133.2969,-7.833141,43.693726
311.86,-3239.057,-29.1442,43.05419
311.88,-3133.2969,-10.877579,43.05419
311.9,-3138.104,-11.999213,43.533844
311.91998,-3142.9114,-4.468237,43.533844
311.94,-3224.635,-16.80622,43.214077
311.96,-3243.8643,-17.447153,43.373962
311.97998,-3229.4424,-17.607388,43.373962
312.0,-3234.2498,-16.80622,43.05419
312.02,-3205.406,-14.883417,43.373962
312.03998,-3277.5151,-10.396878,43.533844
312.06,-3162.1404,-6.8717403,43.853607
312.08,-3215.0205,-19.530188,43.373962
312.1,-3205.406,-17.76762,43.693726
312.12,-3224.635,-12.800381,43.373962
312.13998,-3133.2969,-18.408554,43.214077
312.16,-3171.7551,-16.966454,43.373962
312.18,-3224.635,-14.402717,43.373962
312.19998,-3301.5518,-4.7887044,44.17337
312.22,-3181.3696,-9.435476,43.693726
312.24,-3272.7078,-14.08225,43.853607
312.25998,-3205.406,-16.485752,43.533844
312.28,-3243.8643,-22.895092,43.533844
312.3,-3296.7441,-15.844818,43.214077
312.32,-3099.646,-18.729021,43.533844
312.34,-3359.2388,-18.568789,43.853607
312.36,-3181.3696,-19.049488,43.533844
312.38,-3229.4424,-14.723184,43.853607
312.4,-3340.0098,-32.82957,43.693726
312.41998,-3133.2969,-11.999213,43.853607
312.44,-3282.3225,-17.607388,43.693726
312.46,-3335.2024,-19.049488,44.17337
312.47998,-3186.1768,-12.479914,43.853607
312.5,-3114.0676,-11.83898,44.17337
312.52,-3229.4424,-20.331356,43.533844
312.53998,-3205.406,-15.04365,43.373962
312.56,-3162.1404,-17.286919,43.533844
312.58,-3224.635,-11.198046,43.373962
312.6,-3215.0205,-13.601548,44.01349
312.62,-3200.5986,-13.922015,43.533844
312.63998,-3239.057,-19.850657,43.693726
312.66,-3243.8643,-14.723184,44.333256
312.68,-3147.7188,-3.5068357,44.17337
312.69998,-3176.5623,-13.120848,43.533844
312.72,-3263.0933,-18.568789,43.853607
312.74,-3138.104,-16.005053,44.01349
312.75998,-3248.6714,-21.292757,44.333256
312.78,-3118.8748,-10.877579,44.01349
312.8,-3104.4531,-13.281082,44.17337
312.82,-3243.8643,-25.138361,43.693726
312.84,-3147.7188,-3.3466022,44.17337
312.86,-3162.1404,-19.049488,43.693726
312.88,-3114.0676,-3.3466022,44.17337
312.9,-3248.6714,-16.485752,44.01349
312.91998,-3147.7188,-20.49159,43.533844
312.94,-3166.9478,-18.248322,44.17337
312.96,-3253.4788,-15.844818,44.17337
312.97998,-3133.2969,-11.678746,44.01349
313.0,-3162.1404,-11.999213,43.533844
313.02,-3147.7188,-13.601548,43.853607
313.03998,-3195.7915,-27.2214,43.533844
313.06,-3224.635,-18.088087,44.01349
313.08,-3118.8748,-13.120848,44.01349
313.1,-3046.7656,-7.192207,43.853607
313.12,-3234.2498,-17.286919,44.333256
313.13998,-3195.7915,-19.690422,44.01349
313.16,-3138.104,-0.62263197,44.333256
313.18,-3234.2498,-24.978128,43.693726
313.19998,-3075.6096,-11.999213,44.01349
313.22,-3282.3225,-13.120848,44.17337
313.24,-3171.7551,-11.198046,44.333256
313.25998,-3138.104,-27.541864,43.853607
313.28,-3138.104,-22.093925,44.17337
313.3,-3330.3953,-24.016727,43.853607
313.32,-3032.344,-12.31968,44.17337
313.34,-3080.4167,-3.026135,43.693726
313.36,-3157.3333,-19.049488,44.17337
313.38,-3243.8643,-15.203884,43.853607
313.4,-3267.9006,-18.088087,44.333256
313.41998,-3258.2861,-15.04365,44.17337
313.44,-2969.8494,-8.794542,44.01349
313.46,-3128.4895,-13.601548,44.17337
313.47998,-3138.104,-1.1033326,44.333256
313.5,-3243.8643,-24.817896,44.01349
313.52,-3128.4895,-15.524351,44.333256
313.53998,-3075.6096,-12.640147,44.17337
313.56,-3287.1296,-15.524351,44.333256
313.58,-3215.0205,-15.524351,44.01349
313.6,-3109.2605,-18.729021,44.333256
313.62,-3186.1768,-27.061165,44.17337
313.63998,-3109.2605,-20.171124,44.333256
313.66,-3200.5986,-19.690422,44.812904
313.68,-3176.5623,-11.198046,44.493137
313.69998,-3118.8748,-8.794542,44.812904
313.72,-3118.8748,-20.171124,44.493137
313.74,-3181.3696,-11.198046,44.972786
313.75998,-3152.526,-15.364117,44.65302
313.78,-3090.0312,-16.325518,44.65302
313.8,-2965.0422,-5.2694044,43.853607
313.82,-3099.646,-13.761782,44.812904
313.84,-3181.3696,-21.132523,44.65302
313.86,-3176.5623,-22.73486,44.17337
313.88,-3142.9114,-14.562949,44.17337
313.9,-3243.8643,-20.812057,44.812904
313.91998,-3320.7805,-20.171124,44.812904
313.94,-3065.9949,-8.474075,44.333256
313.96,-3099.646,-12.159447,44.493137
313.97998,-3008.3076,-1.5840333,44.972786
314.0,-3157.3333,-17.126686,44.65302
314.02,-3013.115,-16.80622,44.812904
314.03998,-3219.828,-22.73486,44.812904
314.06,-3277.5151,-25.298595,44.65302
314.08,-3157.3333,-16.645985,44.972786
314.1,-3104.4531,-24.657661,44.333256
314.12,-3195.7915,-18.408554,44.972786
314.13998,-3171.7551,-21.613226,44.972786
314.16,-3118.8748,-16.80622,44.65302
314.18,-3181.3696,-21.613226,44.493137
314.19998,-3104.4531,-9.59571,44.812904
314.22,-3109.2605,-18.408554,44.493137
314.24,-3133.2969,-27.38163,44.333256
314.25998,-3166.9478,-19.530188,44.65302
314.28,-3162.1404,-17.927853,44.972786
314.3,-3138.104,-12.960614,44.493137
314.32,-3061.1877,-16.966454,44.65302
314.34,-3176.5623,-21.132523,44.65302
314.36,-3123.6824,-21.292757,44.493137
314.38,-3157.3333,-20.972292,44.65302
314.4,-3099.646,-19.530188,44.493137
314.41998,-3046.7656,-15.524351,44.972786
314.44,-3104.4531,-20.972292,44.812904
314.46,-3041.9585,-13.120848,44.812904
314.47998,-3171.7551,-13.281082,45.132668
314.5,-3109.2605,-23.21556,44.812904
314.52,-3171.7551,-23.375792,44.812904
314.53998,-3176.5623,-21.613226,44.812904
314.56,-3118.8748,-9.59571,45.452435
314.58,-3157.3333,-24.016727,44.65302
314.6,-3032.344,-9.115009,45.132668
314.62,-3061.1877,-13.761782,45.132668
314.63998,-3080.4167,-20.331356,44.812904
314.66,-2945.813,-11.358279,44.812904
314.68,-2993.8857,-13.441315,44.972786
314.69998,-3147.7188,-22.414392,44.972786
314.72,-3142.9114,-15.844818,45.292553
314.74,-3070.802,-17.76762,45.132668
314.75998,-3065.9949,-14.562949,45.132668
314.78,-3123.6824,-18.088087,44.812904
314.8,-3090.0312,-11.999213,45.772198
314.82,-3123.6824,-14.883417,45.612316
314.84,-3070.802,-14.402717,45.452435
314.86,-3061.1877,-20.812057,45.292553
314.88,-3085.224,-20.972292,45.292553
314.9,-3176.5623,-20.651823,45.452435
314.91998,-3056.3804,-12.31968,45.292553
314.94,-3051.573,-18.568789,45.132668
314.96,-3013.115,-13.281082,45.132668
314.97998,-3147.7188,-10.396878,45.612316
315.0,-3109.2605,-11.198046,45.772198
315.02,-3239.057,-25.779295,45.452435
315.03998,-3094.8384,-16.966454,45.772198
315.06,-3099.646,-21.452991,45.292553
315.08,-3128.4895,-14.723184,45.452435
315.1,-3027.5366,-10.236644,45.452435
315.12,-3109.2605,-22.414392,44.972786
315.13998,-3070.802,-16.966454,45.772198
315.16,-3157.3333,-21.292757,44.972786
315.18,-3013.115,-19.690422,45.452435
315.19998,-3085.224,-16.165285,45.612316
315.22,-3118.8748,-20.651823,45.93208
315.24,-3003.5002,-16.485752,45.612316
315.25998,-3080.4167,-13.761782,45.452435
315.28,-2984.2712,-10.877579,45.612316
315.3,-3094.8384,-9.755944,45.772198
315.32,-3109.2605,-22.414392,44.972786
315.34,-3133.2969,-24.17696,45.292553
315.36,-3070.802,-11.358279,45.452435
315.38,-3104.4531,-21.773457,45.452435
315.4,-3056.3804,-14.402717,45.452435
315.41998,-3032.344,-11.518513,46.09196
315.44,-3147.7188,-11.999213,45.93208
315.46,-3147.7188,-15.203884,45.772198
315.47998,-3080.4167,-19.530188,45.292553
315.5,-3075.6096,-16.645985,45.452435
315.52,-3080.4167,-10.076411,45.772198
315.53998,-3032.344,-13.761782,45.772198
315.56,-3017.922,-21.452991,45.452435
315.58,-3051.573,-16.80622,45.612316
315.6,-3157.3333,-20.01089,45.93208
315.62,-3114.0676,-18.889254,45.93208
315.63998,-3176.5623,-16.645985,45.93208
315.66,-2926.5837,-6.230806,45.93208
315.68,-3051.573,-20.171124,46.09196
315.69998,-3123.6824,-25.619062,45.612316
315.72,-3176.5623,-18.889254,45.93208
315.74,-3171.7551,-23.536026,45.772198
315.75998,-2921.7766,-6.711507,45.93208
315.78,-3090.0312,-24.17696,45.772198
315.8,-3003.5002,-14.562949,46.09196
315.82,-3013.115,-15.04365,45.772198
315.84,-2969.8494,-11.358279,45.772198
315.86,-3003.5002,-15.844818,45.612316
315.88,-3061.1877,-15.203884,46.25185
315.9,-3075.6096,-19.209723,45.612316
315.91998,-3046.7656,-18.568789,45.772198
315.94,-3032.344,-15.684585,45.93208
315.96,-2998.6929,-10.877579,46.09196
315.97998,-3128.4895,-28.823734,45.93208
316.0,-3051.573,-19.369957,46.41173
316.02,-3032.344,-16.966454,45.93208
316.03998,-3080.4167,-14.08225,46.41173
316.06,-3046.7656,-20.49159,46.571613
316.08,-2936.1982,-12.159447,46.41173
316.1,-3061.1877,-19.690422,46.25185
316.12,-2984.2712,-19.369957,46.09196
316.13998,-3138.104,-27.702099,46.25185
316.16,-3051.573,-12.800381,46.571613
316.18,-3037.1514,-11.678746,46.25185
316.19998,-3022.7292,-16.645985,46.25185
316.22,-2950.62,-19.530188,45.772198
316.24,-3046.7656,-16.966454,46.571613
316.25998,-3051.573,-16.645985,46.09196
316.28,-3051.573,-15.844818,46.571613
316.3,-3003.5002,-25.779295,46.41173
316.32,-2969.8494,-10.396878,46.571613
316.34,-3109.2605,-11.678746,46.571613
316.36,-3013.115,-20.972292,46.09196
316.38,-3085.224,-16.645985,46.25185
316.4,-3104.4531,-18.568789,46.731495
316.41998,-3056.3804,-16.966454,46.41173
316.44,-3046.7656,-23.856495,46.571613
316.46,-3056.3804,-22.414392,46.41173
316.47998,-3205.406,-19.690422,45.93208
316.5,-3162.1404,-16.485752,46.731495
316.52,-3032.344,-12.800381,46.731495
316.53998,-2989.0786,-17.607388,46.731495
316.56,-2945.813,-13.922015,46.25185
316.58,-3027.5366,-15.684585,46.41173
316.6,-3094.8384,-9.435476,46.41173
316.62,-3090.0312,-22.254158,46.731495
316.63998,-3027.5366,-20.331356,46.731495
316.66,-3046.7656,-10.877579,46.731495
316.68,-3157.3333,-20.49159,46.41173
316.69998,-3056.3804,-19.209723,46.571613
316.72,-3186.1768,-19.209723,46.731495
316.74,-3070.802,-20.01089,46.571613
316.75998,-2950.62,-11.037811,46.571613
316.78,-3051.573,-22.254158,46.41173
316.8,-3022.7292,-14.562949,46.571613
316.82,-2974.6565,-9.275244,46.571613
316.84,-3065.9949,-22.254158,47.051258
316.86,-3075.6096,-15.364117,47.051258
316.88,-3061.1877,-13.761782,46.25185
316.9,-2888.1255,-18.088087,46.731495
316.91998,-3061.1877,-19.369957,47.051258
316.94,-3046.7656,-6.5512733,46.731495
316.96,-3051.573,-26.42023,46.731495
316.97998,-3133.2969,-11.358279,46.891376
317.0,-2931.391,-14.723184,46.731495
317.02,-3037.1514,-19.049488,46.571613
317.03998,-2984.2712,-21.132523,46.891376
317.06,-3041.9585,-7.993375,47.051258
317.08,-3046.7656,-14.562949,46.891376
317.1,-3291.937,-32.5091,46.731495
317.12,-3065.9949,-24.817896,46.731495
317.13998,-3022.7292,-16.645985,46.731495
317.16,-3070.802,-18.088087,46.891376
317.18,-3104.4531,-10.557112,47.211143
317.19998,-3032.344,-13.922015,47.211143
317.22,-3022.7292,-20.812057,46.41173
317.24,-3080.4167,-24.657661,46.25185
317.25998,-3070.802,-13.281082,47.051258
317.28,-2974.6565,-9.916177,47.051258
317.3,-3013.115,-18.408554,46.571613
317.32,-3090.0312,-18.248322,46.571613
317.34,-2993.8857,-7.833141,47.211143
317.36,-2907.3547,-12.159447,46.731495
317.38,-3109.2605,-25.779295,46.41173
317.4,-2700.6418,-10.877579,46.41173
317.41998,-2984.2712,-21.132523,46.891376
317.44,-3133.2969,-22.414392,46.891376
317.46,-3070.802,-26.42023,46.891376
317.47998,-3157.3333,-22.093925,46.731495
317.5,-3032.344,-20.651823,46.571613
317.52,-3056.3804,-33.310272,46.571613
317.53998,-3003.5002,-13.441315,46.731495
317.56,-2950.62,-17.927853,47.051258
317.58,-2897.7402,-2.8659017,46.891376
317.6,-2993.8857,-18.889254,46.731495
317.62,-3046.7656,-15.203884,46.571613
317.63998,-2989.0786,-26.259996,46.891376
317.66,-2897.7402,-14.883417,46.731495
317.68,-3022.7292,-19.850657,46.891376
317.69998,-3061.1877,-30.1056,46.571613
317.72,-2974.6565,-16.966454,46.731495
317.74,-3013.115,-16.966454,46.571613
317.75998,-3147.7188,-20.331356,46.571613
317.78,-3243.8643,-27.2214,47.051258
317.8,-2926.5837,-7.5126743,46.891376
317.82,-3008.3076,-13.761782,46.891376
317.84,-3046.7656,-15.203884,47.211143
317.86,-3104.4531,-27.862331,46.731495
317.88,-3080.4167,-19.049488,46.891376
317.9,-3008.3076,-20.651823,46.571613
317.91998,-3142.9114,-13.120848,46.891376
317.94,-3065.9949,-23.21556,46.571613
317.96,-2873.7039,-3.827303,46.571613
317.97998,-2969.8494,-12.960614,47.211143
318.0,-3065.9949,-13.441315,47.211143
318.02,-3128.4895,-18.729021,47.051258
318.03998,-3051.573,-22.574625,46.891376
318.06,-3109.2605,-12.960614,47.530907
318.08,-3118.8748,-22.895092,46.571613
318.1,-3056.3804,-19.049488,46.891376
318.12,-2835.2456,-10.236644,47.371025
318.13998,-3041.9585,-18.729021,47.530907
318.16,-3056.3804,-32.669334,47.051258
318.18,-3138.104,-19.530188,47.371025
318.19998,-2993.8857,-14.562949,47.530907
318.22,-2974.6565,-18.889254,47.051258
318.24,-2969.8494,-14.562949,47.371025
318.25998,-3041.9585,-9.115009,47.69079
318.28,-3195.7915,-23.536026,47.530907
318.3,-3190.9841,-24.978128,47.530907
318.32,-3123.6824,-17.76762,47.211143
318.34,-3171.7551,-34.111435,47.051258
318.36,-3070.802,-27.541864,47.051258
318.38,-3022.7292,-15.684585,47.69079
318.4,-3046.7656,-21.773457,48.01056
318.41998,-3056.3804,-16.80622,47.850674
318.44,-2835.2456,-5.910339,47.530907
318.46,-3003.5002,-14.242482,47.530907
318.47998,-3065.9949,-27.061165,47.530907
318.5,-2989.0786,-11.518513,47.850674
318.52,-2998.6929,-18.408554,47.850674
318.53998,-2864.089,-2.8659017,47.850674
318.56,-3041.9585,-13.281082,47.530907
318.58,-3085.224,-20.01089,47.69079
318.6,-3032.344,-13.601548,47.850674
318.62,-3041.9585,-13.441315,47.69079
318.63998,-2984.2712,-9.916177,47.530907
318.66,-3090.0312,-21.452991,47.530907
318.68,-3056.3804,-13.281082,47.530907
318.69998,-3061.1877,-1.4237996,47.850674
318.72,-3051.573,-16.485752,47.211143
318.74,-2936.1982,-17.927853,47.211143
318.75998,-3094.8384,-28.503265,47.371025
318.78,-3085.224,-18.088087,47.371025
318.8,-3003.5002,-21.292757,47.371025
318.82,-3080.4167,-8.153608,47.211143
318.84,-3051.573,-16.80622,47.530907
318.86,-2950.62,-9.115009,47.530907
318.88,-2936.1982,-10.877579,47.371025
318.9,-3022.7292,-20.651823,47.371025
318.91998,-3065.9949,-17.76762,47.371025
318.94,-3017.922,-29.624899,47.371025
318.96,-3027.5366,-19.530188,47.530907
318.97998,-3142.9114,-21.773457,47.850674
319.0,-3099.646,-23.69626,48.01056
319.02,-3041.9585,-12.640147,48.01056
319.03998,-3123.6824,-26.259996,47.530907
319.06,-2931.391,-16.80622,47.69079
319.08,-3046.7656,-22.574625,47.850674
319.1,-3017.922,-21.292757,48.01056
319.12,-3032.344,-14.562949,47.850674
319.13998,-3003.5002,-14.562949,47.530907
319.16,-2989.0786,-16.966454,47.850674
319.18,-3056.3804,-26.099764,47.211143
319.19998,-2993.8857,-16.165285,47.530907
319.22,-3104.4531,-37.47634,46.891376
319.24,-3017.922,-16.645985,47.371025
319.25998,-2936.1982,-19.530188,47.371025
319.28,-2912.1619,5.9469438,48.17044
319.3,-3041.9585,-20.49159,47.850674
319.32,-3075.6096,-22.895092,47.371025
319.34,-3017.922,-18.248322,48.01056
319.36,-2979.4639,-20.972292,47.850674
319.38,-3046.7656,-21.773457,48.01056
319.4,-2941.0059,-14.402717,48.17044
319.41998,-3085.224,-16.80622,47.371025
319.44,-2984.2712,-13.441315,48.01056
319.46,-3128.4895,-22.574625,48.01056
319.47998,-3056.3804,-19.690422,47.850674
319.5,-3022.7292,-13.601548,47.850674
319.52,-3013.115,-18.248322,48.01056
319.53998,-3013.115,-25.298595,47.850674
319.56,-2945.813,-15.364117,48.330322
319.58,-3099.646,-25.779295,48.01056
319.6,-3080.4167,-16.325518,48.01056
319.62,-3109.2605,-25.138361,48.01056
319.63998,-3008.3076,-27.862331,48.330322
319.66,-3061.1877,-20.331356,48.01056
319.68,-3008.3076,-13.922015,48.01056
319.69998,-2840.0527,-11.999213,48.17044
319.72,-3070.802,-19.850657,48.490204
319.74,-2979.4639,-19.209723,48.330322
319.75998,-2993.8857,-23.055326,48.17044
319.78,-3046.7656,-19.209723,48.17044
319.8,-3272.7078,-35.55354,48.490204
319.82,-2993.8857,-15.04365,48.330322
319.84,-3056.3804,-21.613226,48.01056
319.86,-2984.2712,-25.45883,47.850674
319.88,-2960.2346,-20.331356,48.01056
319.9,-2998.6929,-5.589872,48.17044
319.91998,-2998.6929,-16.80622,48.330322
319.94,-3133.2969,-21.613226,48.17044
319.96,-2965.0422,-20.49159,47.850674
319.97998,-3142.9114,-21.452991,48.01056
320.0,-3080.4167,-20.331356,48.01056
320.02,-2969.8494,-15.684585,47.850674
320.03998,-3017.922,-19.530188,48.17044
320.06,-3075.6096,-19.690422,47.850674
320.08,-3075.6096,-22.093925,47.850674
320.1,-3017.922,-15.684585,48.01056
320.12,-3032.344,-21.773457,48.330322
320.13998,-3090.0312,-20.01089,48.17044
320.16,-3022.7292,-16.165285,48.17044
320.18,-2945.813,-10.717345,48.17044
320.19998,-2902.5474,-10.236644,48.490204
320.22,-3022.7292,-17.76762,48.650085
320.24,-3051.573,-8.954777,48.330322
320.25998,-3017.922,-25.298595,48.01056
320.28,-3099.646,-24.978128,48.17044
320.3,-3114.0676,-20.331356,48.17044
320.32,-2926.5837,-15.524351,47.69079
320.34,-3013.115,-19.850657,48.650085
320.36,-3027.5366,-16.165285,48.330322
320.38,-3099.646,-26.740696,48.330322
320.4,-3114.0676,-25.45883,48.17044
320.41998,-3008.3076,-12.800381,48.330322
320.44,-3085.224,-19.209723,48.01056
320.46,-3099.646,-24.817896,48.490204
320.47998,-3056.3804,-28.022566,48.330322
320.5,-3070.802,-24.016727,48.490204
320.52,-2993.8857,-23.69626,48.17044
320.53998,-3142.9114,-27.38163,48.01056
320.56,-3003.5002,-13.281082,48.490204
320.58,-2965.0422,-16.165285,48.650085
320.6,-2955.4275,-23.375792,48.01056
320.62,-3046.7656,-17.126686,48.17044
320.63998,-3075.6096,-19.850657,48.330322
320.66,-3027.5366,-23.21556,48.330322
320.68,-2878.511,-17.126686,48.330322
320.69998,-2989.0786,-17.447153,48.17044
320.72,-3046.7656,-18.568789,48.490204
320.74,-3046.7656,-26.740696,48.330322
320.75998,-3008.3076,-19.690422,48.17044
320.78,-3065.9949,-21.452991,48.330322
320.8,-3022.7292,-14.883417,48.490204
320.82,-3022.7292,-15.684585,48.01056
320.84,-3099.646,-13.120848,48.809967
320.86,-2907.3547,-20.331356,48.330322
320.88,-3104.4531,-15.844818,48.490204
320.9,-2993.8857,-18.568789,48.330322
320.91998,-2974.6565,-22.254158,48.490204
320.94,-2969.8494,-17.447153,48.650085
320.96,-3003.5002,-17.286919,48.330322
320.97998,-2926.5837,-18.568789,48.330322
321.0,-3061.1877,-23.536026,48.330322
321.02,-3080.4167,-25.298595,48.650085
321.03998,-2984.2712,-11.999213,48.490204
321.06,-3099.646,-20.49159,48.650085
321.08,-3032.344,-16.005053,48.809967
321.1,-2931.391,-12.159447,48.969852
321.12,-2907.3547,-18.248322,48.809967
321.13998,-2974.6565,-21.132523,48.490204
321.16,-2984.2712,-17.447153,48.01056
321.18,-3142.9114,-23.21556,48.330322
321.19998,-3022.7292,-18.889254,48.490204
321.22,-3013.115,-19.530188,48.809967
321.24,-3027.5366,-28.6635,48.650085
321.25998,-3061.1877,-20.49159,48.809967
321.28,-3070.802,-23.69626,48.490204
321.3,-3070.802,-27.2214,48.330322
321.32,-2984.2712,-19.049488,48.330322
321.34,-2864.089,-9.435476,48.809967
321.36,-3017.922,-20.331356,48.809967
321.38,-2989.0786,-17.126686,48.809967
321.4,-3099.646,-30.5863,48.809967
321.41998,-3176.5623,-16.485752,49.28962
321.44,-3037.1514,-26.740696,48.650085
321.46,-3008.3076,-19.850657,48.650085
321.47998,-2960.2346,-13.441315,48.809967
321.5,-3027.5366,-23.69626,48.809967
321.52,-2993.8857,-18.408554,49.28962
321.53998,-2897.7402,-4.3080034,49.4495
321.56,-2883.3184,-13.441315,49.129734
321.58,-3008.3076,-8.794542,48.650085
321.6,-2950.62,-13.601548,48.490204
321.62,-2830.4382,-15.364117,48.809967
321.63998,-3080.4167,-22.73486,48.969852
321.66,-3003.5002,-20.972292,48.809967
321.68,-3008.3076,-16.80622,49.129734
321.69998,-2926.5837,-15.844818,48.969852
321.72,-3041.9585,-22.093925,48.809967
321.74,-2806.4019,-12.31968,48.650085
321.75998,-2950.62,-13.922015,48.969852
321.78,-3037.1514,-20.331356,49.129734
321.8,-3017.922,-20.49159,48.969852
321.82,-2931.391,-16.165285,48.969852
321.84,-3090.0312,-27.061165,48.650085
321.86,-2979.4639,-20.972292,48.809967
321.88,-3061.1877,-16.005053,49.129734
321.9,-3099.646,-22.895092,49.28962
321.91998,-3070.802,-28.823734,48.809967
321.94,-2984.2712,-20.49159,49.129734
321.96,-2969.8494,-20.331356,49.129734
321.97998,-3013.115,-8.634309,49.4495
322.0,-3037.1514,-23.69626,48.969852
322.02,-3061.1877,-22.093925,49.28962
322.03998,-2936.1982,-14.723184,49.4495
322.06,-3013.115,-22.414392,49.28962
322.08,-2864.089,-11.999213,49.609383
322.1,-2907.3547,-18.248322,49.28962
322.12,-3022.7292,-18.729021,48.969852
322.13998,-2965.0422,-18.088087,49.129734
322.16,-3056.3804,-30.265835,48.809967
322.18,-3017.922,-18.408554,48.809967
322.19998,-3080.4167,-24.657661,48.809967
322.22,-2955.4275,-13.922015,49.28962
322.24,-2993.8857,-19.369957,49.129734
322.25998,-3075.6096,-31.868172,49.28962
322.28,-3176.5623,-19.850657,49.4495
322.3,-2907.3547,-20.331356,49.28962
322.32,-3099.646,-19.049488,49.4495
322.34,-3109.2605,-26.099764,48.969852
322.36,-3065.9949,-26.740696,49.28962
322.38,-3022.7292,-20.171124,49.129734
322.4,-2998.6929,-17.927853,49.129734
322.41998,-3027.5366,-16.485752,49.4495
322.44,-3008.3076,-18.248322,49.28962
322.46,-3037.1514,-13.441315,49.129734
322.47998,-2989.0786,-19.369957,49.28962
322.5,-2945.813,-19.369957,49.129734
322.52,-3051.573,-23.375792,49.4495
322.53998,-2916.9692,-10.717345,49.769264
322.56,-3032.344,-25.298595,49.4495
322.58,-3051.573,-22.254158,49.129734
322.6,-2854.4746,-22.414392,48.969852
322.62,-3013.115,-21.613226,49.4495
322.63998,-3051.573,-23.375792,49.609383
322.66,-2993.8857,-4.3080034,49.609383
322.68,-3003.5002,-12.159447,49.129734
322.69998,-2936.1982,-20.651823,49.129734
322.72,-3099.646,-18.408554,49.4495
322.74,-2965.0422,-23.536026,49.129734
322.75998,-2984.2712,-20.171124,48.969852
322.78,-3041.9585,-24.337194,49.4495
322.8,-3056.3804,-22.73486,49.28962
322.82,-3013.115,-16.005053,49.769264
322.84,-3037.1514,-20.171124,49.609383
322.86,-3032.344,-21.452991,49.4495
322.88,-3027.5366,-16.966454,49.769264
322.9,-2902.5474,-18.889254,49.4495
322.91998,-3094.8384,-37.957043,49.28962
322.94,-2945.813,-16.325518,49.4495
322.96,-3041.9585,-21.933691,49.28962
322.97998,-2989.0786,-22.414392,49.609383
323.0,-2984.2712,-22.895092,49.4495
323.02,-2979.4639,-19.049488,49.769264
323.03998,-3013.115,-28.983965,49.609383
323.06,-3037.1514,-25.779295,49.609383
323.08,-2984.2712,-26.259996,49.4495
323.1,-2936.1982,-12.31968,49.769264
323.12,-2926.5837,-18.889254,50.248913
323.13998,-3065.9949,-29.304434,49.609383
323.16,-3051.573,-22.895092,49.4495
323.18,-3138.104,-32.82957,49.609383
323.19998,-2897.7402,-21.292757,49.769264
323.22,-2998.6929,-21.452991,49.769264
323.24,-2979.4639,-25.619062,49.4495
323.25998,-2912.1619,-17.286919,50.08903
323.28,-3013.115,-10.877579,50.08903
323.3,-2945.813,-17.126686,49.769264
323.32,-2974.6565,-11.83898,50.08903
323.34,-2984.2712,-20.651823,49.4495
323.36,-3061.1877,-24.817896,49.769264
323.38,-3041.9585,-28.343033,49.92915
323.4,-2979.4639,-22.895092,49.92915
323.41998,-2945.813,-14.883417,49.769264
323.44,-2816.0164,-18.248322,49.609383
323.46,-3017.922,-20.331356,49.92915
323.47998,-2960.2346,-25.619062,49.769264
323.5,-3051.573,-25.298595,49.92915
323.52,-2984.2712,-13.441315,50.08903
323.53998,-3027.5366,-21.452991,49.609383
323.56,-2979.4639,-15.203884,49.769264
323.58,-2897.7402,-19.049488,49.609383
323.6,-3075.6096,-21.292757,49.92915
323.62,-3037.1514,-24.497427,49.769264
323.63998,-3104.4531,-26.259996,49.769264
323.66,-3003.5002,-18.729021,49.92915
323.68,-2960.2346,-22.254158,49.609383
323.69998,-3008.3076,-23.536026,49.92915
323.72,-2965.0422,-25.93953,49.609383
323.74,-3210.2134,-28.343033,49.769264
323.75998,-2950.62,-20.651823,49.92915
323.78,-2989.0786,-16.966454,50.08903
323.8,-3008.3076,-10.396878,49.92915
323.82,-3027.5366,-26.099764,49.92915
323.84,-3027.5366,-24.016727,49.609383
323.86,-3056.3804,-10.557112,50.248913
323.88,-2950.62,-14.723184,50.08903
323.9,-3013.115,-19.530188,50.08903
323.91998,-3032.344,-33.310272,49.92915
323.94,-2950.62,-15.524351,50.248913
323.96,-2936.1982,-20.331356,49.769264
323.97998,-3046.7656,-24.817896,50.08903
324.0,-3017.922,-28.343033,49.769264
324.02,-2941.0059,-13.281082,50.08903
324.03998,-3017.922,-24.17696,50.08903
324.06,-3041.9585,-27.862331,49.769264
324.08,-3022.7292,-27.541864,49.769264
324.1,-3090.0312,-25.619062,49.92915
324.12,-3061.1877,-22.254158,49.769264
324.13998,-2926.5837,-20.972292,49.609383
324.16,-3046.7656,-20.49159,50.248913
324.18,-2945.813,-21.292757,49.609383
324.19998,-2926.5837,-8.954777,50.08903
324.22,-2974.6565,-23.856495,50.08903
324.24,-2993.8857,-18.889254,50.08903
324.25998,-3022.7292,-10.076411,50.568676
324.28,-3056.3804,-19.369957,50.08903
324.3,-3065.9949,-21.132523,50.408794
324.32,-2941.0059,-18.088087,50.408794
324.34,-2931.391,-19.369957,50.248913
324.36,-3080.4167,-27.702099,50.248913
324.38,-2965.0422,-19.209723,50.08903
324.4,-2989.0786,-20.331356,50.248913
324.41998,-2974.6565,-13.441315,50.248913
324.44,-2989.0786,-16.645985,50.248913
324.46,-2960.2346,-19.369957,50.248913
324.47998,-3051.573,-26.90093,50.568676
324.5,-3003.5002,-22.895092,49.92915
324.52,-3022.7292,-20.49159,50.408794
324.53998,-2941.0059,-15.524351,50.08903
324.56,-3003.5002,-21.452991,49.92915
324.58,-3051.573,-27.2214,50.08903
324.6,-2916.9692,-11.999213,50.248913
324.62,-2912.1619,-16.165285,50.568676
324.63998,-3027.5366,-20.01089,50.408794
324.66,-2820.8237,-17.126686,50.408794
324.68,-3008.3076,-26.42023,49.92915
324.69998,-3013.115,-20.651823,50.248913
324.72,-2897.7402,-16.165285,50.08903
324.74,-2868.8965,-6.5512733,50.408794
324.75998,-3056.3804,-24.17696,50.248913
324.78,-2950.62,-16.165285,50.248913
324.8,-3061.1877,-30.906769,49.769264
324.82,-2912.1619,-20.49159,50.248913
324.84,-3037.1514,-19.530188,50.568676
324.86,-3065.9949,-23.69626,50.248913
324.88,-2916.9692,-10.557112,50.408794
324.9,-3061.1877,-23.536026,50.08903
324.91998,-3027.5366,-18.568789,50.08903
324.94,-3032.344,-32.028404,50.408794
324.96,-3133.2969,-36.675175,49.769264
324.97998,-3065.9949,-20.49159,50.568676
325.0,-3022.7292,-26.580463,50.08903
325.02,-2974.6565,-11.358279,50.568676
325.03998,-3003.5002,-21.773457,49.92915
325.06,-2921.7766,-21.933691,49.769264
325.08,-3027.5366,-22.254158,50.568676
325.1,-2998.6929,-24.817896,50.568676
325.12,-3017.922,-16.165285,50.08903
325.13998,-2950.62,-17.927853,49.92915
325.16,-3085.224,-18.248322,50.248913
325.18,-3032.344,-21.933691,50.408794
325.19998,-3094.8384,-16.80622,50.248913
325.22,-2950.62,-21.613226,50.408794
325.24,-2955.4275,-14.242482,49.92915
325.25998,-3094.8384,-18.729021,50.568676
325.28,-3200.5986,-34.752373,50.08903
325.3,-3061.1877,-19.690422,50.08903
325.32,-2912.1619,-18.408554,50.08903
325.34,-2950.62,-18.408554,50.408794
325.36,-3051.573,-32.989803,50.08903
325.38,-2921.7766,-19.209723,50.248913
325.4,-3041.9585,-23.536026,50.248913
325.41998,-3022.7292,-22.254158,50.408794
325.44,-3008.3076,-15.364117,50.408794
325.46,-3075.6096,-39.23891,50.408794
325.47998,-3128.4895,-28.182798,49.92915
325.5,-3032.344,-21.613226,50.408794
325.52,-2950.62,-20.171124,50.408794
325.53998,-2950.62,-17.447153,50.248913
325.56,-3046.7656,-32.82957,50.568676
325.58,-2902.5474,-15.524351,50.248913
325.6,-2989.0786,-19.209723,50.72856
325.62,-2955.4275,-19.850657,50.568676
325.63998,-3061.1877,-22.093925,50.72856
325.66,-2969.8494,-27.2214,50.408794
325.68,-2998.6929,-21.773457,50.408794
325.69998,-2993.8857,-36.835407,49.769264
325.72,-3070.802,-20.972292,50.568676
325.74,-2974.6565,-20.49159,50.408794
325.75998,-3037.1514,-17.286919,50.568676
325.78,-3022.7292,-28.343033,50.408794
325.8,-3065.9949,-20.171124,50.248913
325.82,-2989.0786,-26.259996,50.408794
325.84,-2993.8857,-20.49159,50.888447
325.86,-2965.0422,-25.45883,50.08903
325.88,-2912.1619,-11.358279,50.568676
325.9,-3080.4167,-24.978128,50.248913
325.91998,-2931.391,-23.055326,50.408794
325.94,-3027.5366,-24.978128,50.568676
325.96,-2989.0786,-18.889254,50.248913
325.97998,-2840.0527,-5.2694044,50.08903
326.0,-3022.7292,-16.165285,50.248913
326.02,-2950.62,-19.850657,50.408794
326.03998,-3017.922,-20.171124,50.408794
326.06,-2979.4639,-24.978128,49.769264
326.08,-3013.115,-20.972292,50.408794
326.1,-3046.7656,-24.978128,50.248913
326.12,-2907.3547,-18.568789,50.568676
326.13998,-2945.813,-19.049488,50.08903
326.16,-3032.344,-9.755944,50.248913
326.18,-2993.8857,-17.607388,50.408794
326.19998,-2993.8857,-15.844818,50.568676
326.22,-2941.0059,-14.883417,50.08903
326.24,-2950.62,-20.171124,50.568676
326.25998,-3008.3076,-20.171124,50.568676
326.28,-3152.526,-36.835407,50.248913
326.3,-3013.115,-16.966454,50.08903
326.32,-2993.8857,-24.17696,49.92915
326.34,-2912.1619,-24.497427,50.08903
326.36,-2955.4275,-20.01089,50.408794
326.38,-2926.5837,-9.916177,50.408794
326.4,-2777.558,-8.474075,50.568676
326.41998,-2993.8857,-25.138361,50.248913
326.44,-2979.4639,-29.304434,49.609383
326.46,-3094.8384,-30.906769,49.92915
326.47998,-2984.2712,-17.607388,50.568676
326.5,-3061.1877,-34.752373,50.568676
326.52,-2974.6565,-23.21556,50.248913
326.53998,-3022.7292,-23.69626,49.769264
326.56,-3017.922,-32.188637,49.769264
326.58,-2955.4275,-19.209723,50.08903
326.6,-2960.2346,-23.69626,50.08903
326.62,-2926.5837,-12.960614,50.568676
326.63998,-2993.8857,-19.530188,50.568676
326.66,-2969.8494,-15.684585,50.568676
326.68,-3162.1404,-28.182798,50.08903
326.69998,-3008.3076,-20.171124,50.568676
326.72,-3085.224,-34.752373,50.08903
326.74,-2945.813,-23.69626,49.92915
326.75998,-2878.511,-5.1091714,50.72856
326.78,-3032.344,-20.812057,50.248913
326.8,-2878.511,-21.132523,49.92915
326.82,-2916.9692,-18.248322,50.408794
326.84,-2993.8857,-21.132523,50.408794
326.86,-3090.0312,-20.972292,50.408794
326.88,-2864.089,-6.0705724,50.72856
326.9,-2993.8857,-21.613226,50.248913
326.91998,-2854.4746,-15.364117,50.408794
326.94,-3027.5366,-25.93953,50.408794
326.96,-3013.115,-34.27167,50.08903
326.97998,-2998.6929,-28.6635,49.92915
327.0,-2912.1619,-10.236644,50.568676
327.02,-3142.9114,-35.233074,50.72856
327.03998,-3008.3076,-15.203884,50.568676
327.06,-2945.813,-20.49159,50.408794
327.08,-3171.7551,-24.657661,50.568676
327.1,-3099.646,-23.856495,51.04833
327.12,-3114.0676,-32.669334,50.888447
327.13998,-2989.0786,-21.773457,50.568676
327.16,-2960.2346,-23.536026,50.72856
327.18,-2950.62,-17.126686,50.408794
327.19998,-2965.0422,-24.016727,50.72856
327.22,-2945.813,-11.358279,50.888447
327.24,-3061.1877,-33.150036,50.72856
327.25998,-3061.1877,-23.21556,50.408794
327.28,-2998.6929,-18.729021,50.72856
327.3,-3032.344,-26.90093,50.08903
327.32,-3239.057,-28.823734,50.72856
327.34,-2941.0059,-22.73486,50.72856
327.36,-3027.5366,-20.972292,50.568676
327.38,-3008.3076,-23.856495,50.568676
327.4,-3008.3076,-15.04365,50.568676
327.41998,-3003.5002,-23.69626,50.408794
327.44,-3013.115,-24.497427,50.72856
327.46,-2950.62,-23.375792,50.888447
327.47998,-3094.8384,-24.337194,51.04833
327.5,-3003.5002,-11.83898,51.04833
327.52,-2984.2712,-22.254158,50.72856
327.53998,-2912.1619,-24.17696,50.72856
327.56,-2965.0422,-20.49159,50.72856
327.58,-3128.4895,-25.138361,51.04833
327.6,-3017.922,-18.408554,51.20821
327.62,-2931.391,-22.093925,50.72856
327.63998,-2989.0786,-24.497427,50.568676
327.66,-3080.4167,-20.49159,50.72856
327.68,-2811.2092,-4.6284704,50.888447
327.69998,-2998.6929,-20.972292,50.888447
327.72,-2941.0059,-9.435476,51.20821
327.74,-2955.4275,-19.690422,51.04833
327.75998,-3008.3076,-20.01089,50.72856
327.78,-2989.0786,-19.369957,50.888447
327.8,-2965.0422,-17.927853,51.04833
327.82,-2979.4639,-17.927853,50.888447
327.84,-2921.7766,-30.265835,50.72856
327.86,-3046.7656,-27.862331,50.568676
327.88,-3051.573,-21.132523,50.888447
327.9,-2974.6565,-21.292757,50.568676
327.91998,-2955.4275,-24.817896,50.72856
327.94,-2868.8965,-21.933691,50.888447
327.96,-3056.3804,-21.613226,50.888447
327.97998,-2979.4639,-17.607388,50.72856
328.0,-2974.6565,-27.061165,50.72856
328.02,-3027.5366,-21.613226,50.888447
328.03998,-3013.115,-26.580463,50.568676
328.06,-2945.813,-20.972292,50.888447
328.08,-3123.6824,-35.393307,50.72856
328.1,-2993.8857,-26.580463,50.408794
328.12,-2916.9692,-16.966454,50.568676
328.13998,-3022.7292,-19.049488,50.72856
328.16,-2955.4275,-19.690422,50.888447
328.18,-3123.6824,-33.790974,50.568676
328.19998,-3003.5002,-16.485752,51.36809
328.22,-2984.2712,-16.80622,51.04833
328.24,-3027.5366,-21.132523,50.888447
328.25998,-3065.9949,-31.547703,50.568676
328.28,-2950.62,-16.966454,50.568676
328.3,-3070.802,-19.690422,50.568676
328.32,-3017.922,-14.723184,51.04833
328.34,-2892.9329,-15.04365,50.568676
328.36,-3008.3076,-20.171124,50.72856
328.38,-2854.4746,-4.14777,50.888447
328.4,-2965.0422,-21.613226,50.408794
328.41998,-3008.3076,-18.568789,50.72856
328.44,-2907.3547,-16.645985,50.408794
328.46,-2941.0059,-9.435476,50.888447
328.47998,-2816.0164,-13.441315,50.248913
328.5,-3061.1877,-23.536026,50.08903
328.52,-2984.2712,-17.607388,50.72856
328.53998,-3003.5002,-17.927853,50.568676
328.56,-2945.813,-19.049488,50.408794
328.58,-2936.1982,-32.188637,49.92915
328.6,-2998.6929,-18.408554,50.568676
328.62,-2945.813,-28.022566,50.568676
328.63998,-2974.6565,-11.999213,50.888447
328.66,-2950.62,-14.242482,51.04833
328.68,-2960.2346,-22.895092,50.888447
328.69998,-2998.6929,-19.690422,50.568676
328.72,-2892.9329,-10.877579,50.72856
328.74,-2912.1619,-22.895092,51.04833
328.75998,-2941.0059,-24.657661,50.568676
328.78,-3090.0312,-32.028404,51.04833
328.8,-2974.6565,-16.80622,51.04833
328.82,-2931.391,-18.248322,51.04833
328.84,-3109.2605,-34.111435,51.04833
328.86,-3123.6824,-16.80622,51.20821
328.88,-2974.6565,-19.369957,50.72856
328.9,-3085.224,-40.040077,50.888447
328.91998,-2989.0786,-25.779295,50.72856
328.94,-3046.7656,-36.995644,50.888447
328.96,-2974.6565,-23.375792,51.04833
328.97998,-2926.5837,-15.684585,50.72856
329.0,-2969.8494,-19.209723,50.888447
329.02,-2883.3184,-15.844818,51.04833
329.03998,-2969.8494,-13.120848,50.888447
329.06,-2984.2712,-22.574625,50.408794
329.08,-2993.8857,-26.099764,50.568676
329.1,-3003.5002,-27.38163,50.72856
329.12,-2974.6565,-22.895092,50.568676
329.13998,-3003.5002,-20.331356,50.248913
329.16,-2960.2346,-20.01089,50.72856
329.18,-2950.62,-26.259996,50.888447
329.19998,-3032.344,-16.645985,51.20821
329.22,-3109.2605,-27.2214,51.20821
329.24,-2878.511,-11.037811,51.36809
329.25998,-2969.8494,-21.292757,51.04833
329.28,-2921.7766,-13.281082,50.888447
329.3,-3022.7292,-27.38163,50.888447
329.32,-2868.8965,-12.800381,50.888447
329.34,-2912.1619,-24.497427,50.72856
329.36,-2969.8494,-19.690422,50.888447
329.38,-3008.3076,-15.04365,51.04833
329.4,-3070.802,-17.927853,51.04833
329.41998,-2931.391,-24.17696,51.04833
329.44,-2974.6565,-22.895092,51.04833
329.46,-2974.6565,-21.132523,50.72856
329.47998,-2979.4639,-27.862331,50.568676
329.5,-2989.0786,-17.126686,51.20821
329.52,-2902.5474,-2.8659017,51.36809
329.53998,-2897.7402,-16.966454,51.04833
329.56,-3008.3076,-27.541864,50.568676
329.58,-2974.6565,-26.259996,50.72856
329.6,-2974.6565,-22.093925,50.72856
329.62,-3022.7292,-22.574625,50.72856
329.63998,-3022.7292,-20.972292,50.888447
329.66,-2820.8237,-1.5840333,51.20821
329.68,-2931.391,-24.497427,50.888447
329.69998,-2888.1255,-15.844818,51.04833
329.72,-2960.2346,-25.619062,50.72856
329.74,-3041.9585,-23.69626,50.568676
329.75998,-2907.3547,-28.343033,50.72856
329.78,-2936.1982,-23.21556,50.888447
329.8,-2993.8857,-19.369957,51.04833
329.82,-2998.6929,-20.972292,50.888447
329.84,-3027.5366,-15.684585,51.04833
329.86,-2907.3547,-12.800381,50.72856
329.88,-2950.62,-20.331356,51.04833
329.9,-2916.9692,-16.485752,50.888447
329.91998,-2984.2712,-21.292757,50.72856
329.94,-3022.7292,-19.209723,50.888447
329.96,-2840.0527,-16.005053,51.36809
329.97998,-2998.6929,-24.016727,50.888447
330.0,-2998.6929,-24.978128,50.408794
330.02,-3003.5002,-36.03424,49.92915
330.03998,-2979.4639,-17.447153,51.36809
330.06,-2974.6565,-24.657661,50.72856
330.08,-3075.6096,-20.01089,50.888447
330.1,-2912.1619,-17.76762,51.04833
330.12,-2989.0786,-17.286919,50.72856
330.13998,-2950.62,-24.978128,50.72856
330.16,-2864.089,-6.5512733,50.888447
330.18,-2936.1982,-22.254158,50.408794
330.19998,-3080.4167,-18.568789,50.72856
330.22,-3013.115,-35.55354,50.568676
330.24,-2926.5837,-16.485752,50.888447
330.25998,-3046.7656,-22.414392,50.72856
330.28,-3094.8384,-27.2214,50.568676
330.3,-2936.1982,-19.850657,50.888447
330.32,-3109.2605,-31.067003,50.72856
330.34,-2969.8494,-13.281082,51.527973
330.36,-2993.8857,-24.016727,51.04833
330.38,-2989.0786,-20.331356,50.888447
330.4,-2854.4746,-15.04365,50.568676
330.41998,-2878.511,-9.59571,51.36809
330.44,-3017.922,-20.651823,50.888447
330.46,-2989.0786,-16.645985,50.888447
330.47998,-2965.0422,-28.343033,50.72856
330.5,-2945.813,-16.966454,50.72856
330.52,-3065.9949,-25.298595,50.72856
330.53998,-2950.62,-31.227234,50.08903
330.56,-2921.7766,-10.396878,50.888447
330.58,-2950.62,-16.005053,51.04833
330.6,-2926.5837,-15.524351,50.408794
330.62,-2897.7402,-21.933691,51.04833
330.63998,-2993.8857,-21.132523,50.568676
330.66,-2945.813,-12.640147,50.72856
330.68,-2979.4639,-18.889254,50.888447
330.69998,-3022.7292,-28.983965,50.568676
330.72,-2777.558,-20.651823,50.568676
330.74,-2931.391,-22.73486,51.04833
330.75998,-2969.8494,-27.061165,50.72856
330.78,-3013.115,-22.414392,51.36809
330.8,-2950.62,-35.874004,50.72856
330.82,-3013.115,-13.761782,51.04833
330.84,-2965.0422,-21.933691,50.888447
330.86,-2926.5837,-19.850657,50.888447
330.88,-3099.646,-22.254158,51.36809
330.9,-2989.0786,-17.927853,51.527973
330.91998,-3022.7292,-14.08225,51.36809
330.94,-2989.0786,-22.254158,51.04833
330.96,-2931.391,-19.850657,50.72856
330.97998,-2979.4639,-21.613226,51.04833
331.0,-2816.0164,-19.530188,50.72856
331.02,-3051.573,-29.464666,50.888447
331.03998,-2955.4275,-19.049488,51.04833
331.06,-2931.391,-18.568789,51.04833
331.08,-3017.922,-18.889254,51.04833
331.1,-2974.6565,-30.1056,51.36809
331.12,-2989.0786,-30.5863,51.20821
331.13998,-2979.4639,-22.574625,50.568676
331.16,-2892.9329,-18.088087,51.04833
331.18,-2955.4275,-21.292757,51.04833
331.19998,-3032.344,-15.844818,50.888447
331.22,-2825.6309,-7.352441,51.36809
331.24,-2969.8494,-22.73486,50.568676
331.25998,-2993.8857,-20.171124,50.888447
331.28,-2993.8857,-24.657661,50.568676
331.3,-3013.115,-20.651823,50.568676
331.32,-3104.4531,-15.364117,51.20821
331.34,-2998.6929,-19.850657,50.888447
331.36,-3017.922,-29.624899,50.72856
331.38,-3008.3076,-16.80622,50.72856
331.4,-3075.6096,-22.254158,50.888447
331.41998,-2936.1982,-19.049488,50.72856
331.44,-2936.1982,-20.331356,50.888447
331.46,-2849.6675,-25.45883,50.568676
331.47998,-2974.6565,-12.960614,51.04833
331.5,-2998.6929,-33.790974,50.72856
331.52,-3075.6096,-24.016727,50.72856
331.53998,-2993.8857,-13.441315,51.04833
331.56,-3022.7292,-21.773457,51.04833
331.58,-3022.7292,-27.2214,50.568676
331.6,-3114.0676,-12.31968,51.04833
331.62,-2945.813,-15.203884,50.888447
331.63998,-3094.8384,-39.879845,50.408794
331.66,-2984.2712,-11.358279,50.888447
331.68,-3094.8384,-26.580463,50.408794
331.69998,-3104.4531,-37.155872,50.08903
331.72,-3090.0312,-31.547703,50.408794
331.74,-3022.7292,-20.972292,50.72856
331.75998,-3032.344,-27.2214,50.72856
331.78,-3099.646,-24.978128,50.72856
331.8,-2936.1982,-14.242482,50.72856
331.82,-3061.1877,-29.945368,50.408794
331.84,-3085.224,-21.933691,50.72856
331.86,-2955.4275,-4.7887044,50.72856
331.88,-2960.2346,-16.80622,50.72856
331.9,-3051.573,-23.375792,50.888447
331.91998,-3046.7656,-28.022566,50.408794
331.94,-2993.8857,-20.01089,50.888447
331.96,-2936.1982,-15.04365,51.04833
331.97998,-3181.3696,-27.702099,50.72856
332.0,-3070.802,-23.055326,50.568676
332.02,-3118.8748,-36.03424,50.08903
332.03998,-2993.8857,-18.568789,45.132668
332.06,-2912.1619,-16.005053,42.73443
332.08,-2965.0422,-24.497427,44.812904
332.1,-2897.7402,-24.978128,47.530907
332.12,-2907.3547,-23.055326,51.04833
332.13998,-2984.2712,-27.541864,52.96692
332.16,-3046.7656,-35.71377,52.647152
332.18,-2926.5837,-26.42023,50.408794
332.19998,-2806.4019,-17.927853,48.01056
332.22,-2993.8857,-21.933691,44.493137
332.24,-2941.0059,-12.960614,44.17337
332.25998,-2878.511,-25.45883,44.17337
332.28,-2969.8494,-25.138361,46.09196
332.3,-2873.7039,-15.844818,48.17044
332.32,-2926.5837,-23.69626,49.4495
332.34,-2830.4382,-30.265835,48.969852
332.36,-2950.62,-40.68101,47.530907
332.38,-2873.7039,-14.562949,46.731495
332.4,-3085.224,-34.59214,44.812904
332.41998,-2916.9692,-24.016727,44.01349
332.44,-2916.9692,-28.182798,43.533844
332.46,-2941.0059,-29.304434,44.972786
332.47998,-2888.1255,-22.254158,45.772198
332.5,-2878.511,-24.817896,46.731495
332.52,-2796.7874,-25.298595,46.731495
332.53998,-2820.8237,-28.182798,45.772198
332.56,-2676.6055,-15.684585,45.132668
332.58,-2642.9543,-16.966454,44.17337
332.6,-2729.4854,-22.093925,43.693726
332.62,-2864.089,-39.559376,43.693726
332.63998,-2816.0164,-24.978128,44.17337
332.66,-2623.7253,-27.862331,44.972786
332.68,-2811.2092,-37.31611,45.292553
332.69998,-2498.736,-27.862331,44.972786
332.72,-2628.5327,-28.182798,45.132668
332.74,-2618.918,-33.790974,44.01349
332.75998,-2484.3142,-25.45883,43.693726
332.78,-2532.387,-24.016727,43.853607
332.8,-2508.3506,-15.524351,44.333256
332.82,-2575.6523,-34.912605,43.533844
332.84,-2311.2522,-19.530188,44.493137
332.86,-2417.0122,-21.292757,44.65302
332.88,-2282.4084,-29.304434,44.493137
332.9,-2239.143,-19.209723,44.01349
332.91998,-2306.4448,-31.387466,43.373962
332.94,-2287.2158,-32.188637,43.693726
332.96,-2018.008,-33.790974,43.05419
332.97998,-2022.8154,-23.055326,43.533844
333.0,-1868.9824,-13.761782,43.693726
333.02,-1912.2478,-22.895092,43.373962
333.03998,-1830.5242,-30.5863,40.655956
333.06,-1912.2478,-24.17696,36.81877
333.08,-2056.4663,-27.2214,33.461235
333.1,-1647.8475,-9.435476,30.743233
333.12,-1691.1132,-6.8717403,29.624054
333.13998,-1647.8475,-17.447153,27.54558
333.16,-1599.7748,-13.761782,25.62699
333.18,-1518.0509,-7.192207,22.749102
333.19998,-1546.8947,-5.429638,20.350864
333.22,-1513.2437,-8.313842,18.27239
333.24,-1450.749,-4.6284704,16.513681
333.25998,-1090.2031,5.9469438,14.754973
333.28,-1277.687,-1.1033326,12.676499
333.3,-1253.6505,-0.7828655,10.438144
333.32,-1123.854,11.715352,8.679436
333.34,-1080.5885,0.17853576,6.600962
333.36,-1075.7811,9.632316,4.5224886
333.38,-897.9118,18.765629,2.6038978
333.4,-777.7298,11.074417,0.045777034
333.41998,-633.51135,14.920023,-1.712931
333.44,-633.51135,19.406563,-3.3117566
333.46,-609.475,12.676753,-5.5501122
333.47998,-489.29294,12.035819,-7.1489377
333.5,-417.18372,24.694271,-9.387293
333.52,-460.44922,20.367966,-10.826236
333.53998,-431.60556,19.566797,-12.584944
333.56,-224.89246,28.860344,-14.983182
333.58,-133.55412,43.76207,-16.901772
333.6,-268.158,22.77147,-18.820362
333.62,63.54443,37.833427,-20.259304
333.63998,29.893461,26.777308,-22.657543
333.66,102.002686,32.065014,-24.41625
333.68,347.17407,39.275528,-26.174957
333.69998,390.43958,40.717632,-27.933664
333.72,472.1634,45.20417,-29.852257
333.74,404.86142,20.528198,-32.09061
333.75998,645.2255,40.236927,-34.169083
333.78,712.52747,47.767906,-35.76791
333.8,760.60034,63.150337,-37.84638
333.82,895.2042,54.497723,-40.084736
333.84,986.5426,52.895386,-42.003323
333.86,1082.6882,63.31057,-43.921913
333.88,1101.9174,59.78543,-45.68062
333.9,1303.8232,58.183094,-47.279446
333.91998,1371.1252,62.669636,-49.357918
333.94,1390.3544,55.77959,-51.43639
333.96,1520.151,62.509403,-52.71545
333.97998,1548.9948,53.856785,-54.474155
334.0,1616.2966,66.35501,-56.55263
334.02,1688.4059,66.51524,-58.79098
334.03998,1962.421,77.2509,-60.549686
334.06,2063.374,74.04623,-61.828747
334.08,2034.5302,75.64856,-63.747337
334.1,2169.1343,73.885994,-65.82581
334.12,2308.5454,86.86492,-67.42463
334.13998,2327.7747,77.7316,-69.34322
334.16,2351.811,77.41113,-71.4217
334.18,2606.597,84.46141,-73.66005
334.19998,2606.597,85.26258,-75.418755
334.22,2669.0916,86.86492,-77.33735
334.24,2885.4194,86.70468,-79.25593
334.25998,2842.1538,87.98655,-81.01464
334.28,2947.9143,93.75496,-82.613464
334.3,3077.7107,93.59473,-84.69193
334.32,3212.3147,85.90351,-86.45064
334.34,3298.846,92.793564,-88.369225
334.36,3294.0386,97.60057,-90.12794
334.38,3495.9446,96.95963,-92.046524
334.4,3462.2935,100.16431,-93.64535
334.41998,3669.0066,110.25903,-95.563934
334.44,3760.3452,112.02161,-97.00288
334.46,3755.5378,107.374825,-99.40111
334.47998,3803.6106,110.5795,-100.99994
334.5,3967.058,114.905815,-102.75864
334.52,4005.5166,112.82277,-104.83711
334.53998,4217.037,120.51399,-106.27605
334.56,4236.266,115.70698,-108.35452
334.58,4303.5684,121.95609,-109.95335
334.6,4476.6304,122.917496,-112.031815
334.62,4558.3545,126.12216,-114.43005
334.63998,4832.3696,134.13387,-115.709114
334.66,4668.9224,120.674225,-117.30793
334.68,4870.828,135.09526,-119.386406
334.69998,4957.359,133.33269,-121.30499
334.72,5005.432,132.37128,-123.22358
334.74,4942.937,132.21104,-124.50264
334.75998,5115.9995,139.90227,-126.26134
334.78,5168.8794,139.1011,-128.4997
334.8,5164.0723,131.89058,-130.73805
334.82,5370.7856,139.26134,-131.85724
334.84,5423.666,138.94087,-133.45605
334.86,5524.6187,144.38881,-135.6944
334.88,5591.921,138.94087,-137.61298
334.9,5611.15,144.54904,-139.2118
334.91998,5817.863,148.39465,-140.97052
334.94,5707.2954,151.27887,-142.72922
334.96,5894.78,149.51628,-144.80768
334.97998,5904.394,150.15723,-146.40651
335.0,5957.2744,158.00868,-147.84544
335.02,6183.217,157.84845,-149.76404
335.03998,6082.2637,159.13033,-150.88321
335.06,6337.0503,163.45663,-153.60121
335.08,6351.4717,159.93149,-155.35992
335.1,6611.0654,175.15369,-157.2785
335.12,6495.6904,167.142,-158.71744
335.13998,6553.378,179.80046,-160.47615
335.16,6495.6904,168.74434,-162.07497
335.18,6625.4873,177.71744,-163.83368
335.19998,6567.8,167.78293,-166.23192
335.22,6673.56,170.02621,-167.83073
335.24,6726.4404,173.07065,-169.42955
335.25998,6837.0073,181.24257,-170.86848
335.28,6803.3564,179.31976,-172.78708
335.3,6981.2266,186.37006,-174.06615
335.32,7067.7573,179.31976,-176.46437
335.34,7154.288,184.76773,-177.74342
335.36,7144.674,186.69052,-179.34225
335.38,7173.5176,184.76773,-180.6213
335.4,7264.856,194.70221,-182.06024
335.41998,7274.4707,191.49753,-184.45848
335.44,7452.3403,195.1829,-185.89743
335.46,7485.991,191.65776,-187.81601
335.47998,7567.715,195.34315,-189.73459
335.5,7433.111,196.78526,-191.17352
335.52,7543.6787,187.81216,-193.57176
335.53998,7529.257,194.54198,-194.53105
335.56,7659.053,204.15599,-196.12987
335.58,7687.897,206.07881,-198.20834
335.6,7832.1157,204.95717,-200.12694
335.62,7990.757,216.33377,-201.56586
335.63998,8024.4077,215.69284,-203.48447
335.66,7995.563,202.07297,-205.72281
335.68,8101.3237,212.80862,-207.16174
335.69998,7961.912,210.72559,-209.08032
335.72,8062.865,213.1291,-209.87975
335.74,8336.881,239.08698,-212.59773
335.75998,8202.276,226.74898,-213.55704
335.78,8259.965,224.34546,-215.31573
335.8,8399.376,224.66592,-217.55408
335.82,8399.376,227.06944,-218.67326
335.84,8235.928,224.82616,-219.47266
335.86,8308.037,225.14664,-221.8709
335.88,8360.918,236.04253,-223.6296
335.9,8332.074,232.83786,-225.06854
335.91998,8452.256,237.3244,-226.82724
335.94,8649.3545,237.64487,-228.58594
335.96,8731.078,237.96533,-230.18477
335.97998,8649.3545,238.92674,-231.6237
336.0,8572.4375,234.27995,-233.06264
336.02,8726.271,242.29164,-235.14111
336.03998,8683.005,241.81094,-235.46088
336.06,8697.428,256.55246,-237.69922
336.08,8697.428,249.82265,-239.13815
336.1,8649.3545,247.89983,-241.05675
336.12,8889.719,248.06006,-242.3358
336.13998,8918.5625,245.49634,-244.09451
336.16,9005.094,254.78989,-246.49272
336.18,9173.349,255.2706,-247.61191
336.19998,9120.468,260.0776,-249.3706
336.22,9182.963,255.43082,-250.64966
336.24,9158.927,253.34778,-252.40836
336.25998,9269.494,250.14311,-254.16708
336.28,9370.447,256.87292,-256.08566
336.3,9370.447,252.22615,-257.20483
336.32,9543.51,265.846,-259.44318
336.34,9639.655,265.20508,-260.56235
336.36,9740.608,272.2554,-262.6408
336.38,9625.233,267.28812,-264.39954
336.4,9509.858,273.85773,-265.3588
336.41998,9211.808,280.90802,-264.71927
336.44,9404.099,274.1782,-268.55646
336.46,9384.87,269.69165,-270.15527
336.47998,9543.51,280.58752,-271.43433
336.5,9711.765,298.69397,-272.07385
336.52,9202.192,283.79224,-274.3122
336.53998,9096.432,273.2168,-276.55057
336.56,9115.661,284.59338,-278.30927
336.58,8683.005,305.26355,-277.98947
336.6,8447.448,286.9969,-279.58832
336.62,8490.714,308.308,-280.86737
336.63998,8404.183,291.00275,-282.62607
336.66,8582.053,295.97,-284.54465
336.68,8707.041,294.04718,-286.6231
336.69998,8687.8125,299.3349,-287.74228
336.72,8841.646,299.65536,-289.3411
336.74,8928.177,300.4565,-290.62015
336.75998,8870.49,300.93723,-292.37888
336.78,8923.37,293.5665,-293.6579
336.8,9014.708,303.34073,-295.25674
336.82,9082.01,307.8273,-297.01544
336.84,8769.537,292.44485,-298.13458
336.86,9082.01,308.94894,-299.8933
336.88,9231.036,309.58987,-301.97177
336.9,9144.505,302.6998,-303.25082
336.91998,9226.229,309.75012,-304.84964
336.94,9231.036,319.6846,-306.12872
336.96,9231.036,307.02612,-308.20715
336.97998,9288.724,319.20392,-309.16647
337.0,9341.604,318.7232,-310.76526
337.02,9380.0625,322.08813,-312.68384
337.03998,9038.745,308.94894,-313.16348
337.06,9336.797,323.04953,-315.7216
337.08,9312.76,327.05536,-316.6809
337.1,9591.582,266.80743,-318.91925
337.12,9110.8545,332.18286,-320.1983
337.13998,7346.58,66.99594,-328.19238
337.16,8615.703,313.115,-314.44254
337.18,5990.9253,318.40274,-323.55582
337.19998,4255.4956,323.5302,-321.957
337.22,2654.67,329.93958,-321.79712
337.24,1573.0311,328.97818,-322.7564
337.25998,241.41385,323.5302,-323.55582
337.28,-417.18372,322.08813,-325.15463
337.3,-787.34436,329.77933,-326.4337
337.32,-1090.2031,329.93958,-327.0732
337.34,-1248.8434,323.69043,-328.19238
337.36,-1494.0145,325.453,-329.31158
337.38,-1455.5564,331.06122,-329.9511
337.4,-1484.4,325.13254,-331.54993
337.41998,-1590.1602,335.2273,-332.18945
337.44,-1825.7169,318.2425,-333.6284
337.46,-1503.6292,347.88577,-334.42776
337.47998,-1513.2437,335.70798,-335.70682
337.5,-1647.8475,331.38168,-336.9859
337.52,-1426.7126,345.96298,-338.42484
337.53998,-1652.6548,337.6308,-338.90448
337.56,-1527.6655,345.80273,-340.3434
337.58,-1561.3165,334.10565,-341.14282
337.6,-1513.2437,332.34308,-342.58176
337.62,-1364.218,346.44366,-343.70093
337.63998,-1359.4106,340.515,-344.66022
337.66,-1407.4836,345.00156,-345.6195
337.68,-1325.7598,345.00156,-346.5788
337.69998,-1287.3015,353.3337,-348.01776
337.72,-1176.734,341.95712,-349.77646
337.74,-989.2501,360.86472,-350.25607
337.75998,-1070.9739,343.07877,-351.53516
337.78,-1013.2866,351.09045,-352.9741
337.8,-864.2608,359.42264,-354.09326
337.82,-753.69336,367.4343,-355.21243
337.84,-686.3914,359.42264,-356.4915
337.86,-604.6677,361.18518,-357.45074
337.88,-551.78754,353.3337,-359.20944
337.9,-244.12158,366.15244,-360.00888
337.91998,-99.903145,361.98636,-361.28793
337.94,-51.830326,371.92087,-362.567
337.96,15.471616,361.18518,-363.68616
337.97998,145.26822,374.00388,-364.9652
338.0,265.45026,361.66586,-366.40414
338.02,371.21045,361.18518,-367.6832
338.03998,481.77792,373.84366,-368.6425
338.06,683.6838,376.56763,-369.92154
338.08,698.10565,374.00388,-371.36047
338.1,837.51685,389.2261,-372.63953
338.12,1005.7717,376.72787,-373.59882
338.13998,952.89166,377.04834,-375.19763
338.16,1207.6776,391.14893,-376.47668
338.18,1121.1465,379.29163,-377.5959
338.19998,1284.594,381.21445,-378.55515
338.22,1294.2086,380.0928,-379.99408
338.24,1342.2815,381.85538,-381.11325
338.25998,1428.8126,385.06003,-382.3923
338.28,1452.849,380.41327,-384.151
338.3,1524.9583,385.3805,-384.47076
338.32,1524.9583,388.74542,-385.9097
338.34,1702.8276,396.11618,-387.02887
338.36,1717.2495,388.58517,-388.78757
338.38,1779.7443,390.02728,-389.4271
338.4,1943.1918,403.32672,-391.02594
338.41998,1885.5044,398.03897,-391.66544
338.44,1774.937,399.64133,-392.62473
338.46,1957.6138,392.59103,-394.54333
338.47998,1943.1918,401.4039,-395.18286
338.5,2063.374,403.16647,-396.62177
338.52,2034.5302,394.67407,-397.90082
338.53998,2149.905,407.4928,-398.86014
338.56,2255.6653,413.90216,-400.1392
338.58,2092.2175,394.3536,-401.4182
338.6,2298.9307,409.09512,-402.5374
338.62,2125.8687,403.16647,-403.97632
338.63998,2169.1343,401.72437,-405.25537
338.66,2332.5818,406.69162,-406.2147
338.68,2380.6548,405.56998,-407.17395
338.69998,2438.342,419.8308,-408.13324
338.72,2347.0037,401.4039,-409.7321
338.74,2322.9673,410.05652,-410.53146
338.75998,2529.6804,418.2285,-412.1303
338.78,2539.2952,418.06824,-412.60992
338.8,2524.873,414.7033,-413.88898
338.82,2553.7168,418.86942,-415.00815
338.84,2529.6804,425.11853,-416.2872
338.86,2630.6335,413.42145,-418.2058
338.88,2611.4043,417.26706,-418.52554
338.9,2837.3467,428.96414,-419.96448
338.91998,2635.4407,422.07407,-420.92377
338.94,2774.8518,430.40625,-421.4034
338.96,2726.779,429.44485,-422.5226
338.97998,2774.8518,429.1244,-423.64178
339.0,2726.779,428.96414,-425.24057
339.02,2741.201,429.2846,-425.8801
339.03998,2851.7686,439.37936,-426.51962
339.06,2861.383,440.1805,-428.4382
339.08,2856.576,435.69397,-428.91785
339.1,3149.82,435.69397,-430.67654
339.12,2880.6123,445.7887,-431.31607
339.13998,2899.8413,440.82147,-432.43524
339.16,2794.081,440.1805,-433.39456
339.18,2919.0703,438.5782,-434.83347
339.19998,2861.383,429.92557,-436.59216
339.22,2904.6487,436.01443,-436.91193
339.24,2856.576,441.9431,-438.191
339.25998,2866.1902,446.2694,-439.15027
339.28,2919.0703,443.22498,-439.94968
339.3,2909.4558,442.26358,-441.06885
339.32,3000.7942,453.1595,-441.70837
339.34,2991.1797,447.07056,-442.98743
339.36,2919.0703,449.15363,-443.78683
339.38,3005.6016,444.98755,-445.38565
339.4,2976.7578,448.35245,-446.6647
339.41998,2928.685,448.99338,-446.98447
339.44,2943.107,453.1595,-448.10364
339.46,2938.2996,459.72906,-449.54257
339.47998,2895.034,447.07056,-450.50186
339.5,2770.0447,453.64017,-451.30127
339.52,2746.0083,458.28696,-451.62103
339.53998,2846.9612,458.76764,-452.9001
339.56,2683.5134,461.49164,-453.5396
339.58,2616.2114,453.1595,-455.13843
339.6,2582.5605,461.8121,-455.93784
339.62,2798.8882,457.0051,-457.69653
339.63998,2529.6804,446.2694,-458.17618
339.66,2582.5605,460.69046,-459.13544
339.68,2577.7532,461.65186,-460.4145
339.69998,2486.4148,467.26007,-460.89417
339.72,2361.4255,465.9782,-461.69354
339.74,2399.8838,464.69632,-462.01334
339.75998,2270.0872,470.46472,-462.8127
339.78,2087.4104,472.86826,-464.25168
339.8,2082.603,464.85657,-465.53073
339.82,1770.1296,469.98407,-466.17026
339.84,1491.3074,455.24252,-467.76904
339.86,1467.2709,480.0788,-468.2487
339.88,818.2877,470.7852,-469.36786
339.9,428.89786,479.91855,-469.36786
339.91998,-263.3507,477.03433,-469.8475
339.94,-753.69336,468.70218,-470.6469
339.96,-1344.9889,472.708,-471.12656
339.97998,-1594.9674,477.67526,-472.24573
340.0,-1979.5498,476.55365,-472.5655
340.02,-2181.4556,474.31036,-473.84454
340.03998,-2215.1064,488.2507,-474.00443
340.06,-2642.9543,475.9127,-475.60324
340.08,-2542.0015,484.56534,-477.36194
340.1,-2912.1619,472.86826,-479.12064
340.12,-2859.282,479.43787,-480.3997
340.13998,-2883.3184,483.4437,-480.87933
340.16,-3017.922,486.3279,-481.51886
340.18,-2989.0786,483.28345,-482.63803
340.19998,-3037.1514,482.80273,-484.07693
340.22,-3099.646,482.16183,-485.83563
340.24,-3061.1877,496.42264,-486.79495
340.25998,-3263.0933,481.20044,-487.91412
340.28,-3166.9478,492.73727,-488.71353
340.3,-3190.9841,494.33963,-489.19318
340.32,-3104.4531,491.4554,-490.79196
340.34,-3142.9114,489.21213,-492.39078
340.36,-3176.5623,496.42264,-493.50995
340.38,-3224.635,489.21213,-494.789
340.4,-3157.3333,498.025,-495.42853
340.41998,-3075.6096,499.62732,-496.70758
340.44,-3147.7188,503.6332,-497.82675
340.46,-3162.1404,503.6332,-499.1058
340.47998,-3296.7441,501.38992,-499.58545
340.5,-3267.9006,494.33963,-501.02435
340.52,-3239.057,504.43436,-501.98364
340.53998,-3239.057,506.5174,-503.10284
340.56,-3118.8748,507.47876,-504.3819
340.58,-3311.166,501.38992,-505.3412
340.6,-3166.9478,508.4402,-506.62024
340.62,-3195.7915,509.08112,-507.5795
340.63998,-3065.9949,515.33026,-508.85855
340.66,-3195.7915,515.4905,-509.658
340.68,-3162.1404,511.00397,-510.93704
340.69998,-3229.4424,510.68347,-511.8963
340.72,-3200.5986,519.1759,-513.0155
340.74,-3128.4895,524.78406,-514.13464
340.75998,-3224.635,518.535,-515.4137
340.78,-3315.9734,519.81683,-516.69275
340.8,-3224.635,529.2706,-517.1724
340.82,-3210.2134,524.78406,-518.6113
340.84,-3186.1768,523.5022,-519.4107
340.86,-3239.057,524.78406,-520.68976
340.88,-3267.9006,515.811,-521.8089
340.9,-3166.9478,531.83435,-523.08795
340.91998,-3176.5623,535.5197,-523.5676
340.94,-3311.166,525.1045,-524.6868
340.96,-3253.4788,527.18756,-525.9659
340.97998,-3215.0205,532.7958,-526.4455
341.0,-3104.4531,533.75714,-527.8844
341.02,-3157.3333,531.99457,-529.4833
341.03998,-3162.1404,535.5197,-529.9629
341.06,-3267.9006,530.5525,-531.08203
341.08,-3128.4895,541.4484,-531.5617
341.1,-3311.166,534.8788,-532.68085
341.12,-3248.6714,535.3595,-533.80005
341.13998,-3239.057,540.8075,-535.0791
341.16,-3234.2498,541.60864,-535.7186
341.18,-3248.6714,521.5794,-536.9977
341.19998,-3195.7915,540.9677,-538.1168
341.22,-3171.7551,545.1338,-538.91626
341.24,-3147.7188,540.0063,-540.0354
341.25998,-3181.3696,548.8192,-540.35516
341.28,-3061.1877,552.66473,-541.31445
341.3,-3186.1768,541.92914,-543.23303
341.32,-3157.3333,552.5045,-543.87256
341.34,-3186.1768,549.29987,-544.5121
341.36,-3301.5518,547.53735,-545.79114
341.38,-3171.7551,554.42737,-546.7504
341.4,-3277.5151,550.2612,-547.7097
341.41998,-3176.5623,557.3116,-548.8289
341.44,-3190.9841,560.51624,-549.1486
341.46,-3258.2861,554.2671,-550.5876
341.47998,-3416.9263,554.2671,-551.2271
341.5,-3301.5518,551.54315,-552.8259
341.52,-3166.9478,556.18994,-552.9858
341.53998,-3248.6714,567.0859,-553.94507
341.56,-3229.4424,559.2344,-555.0643
341.58,-3190.9841,568.36774,-555.5439
341.6,-3311.166,554.7478,-556.5032
341.62,-3037.1514,562.7595,-557.7822
341.63998,-3219.828,567.4063,-558.42175
341.66,-3162.1404,567.2461,-559.381
341.68,-3142.9114,560.6765,-560.34033
341.69998,-3440.9626,562.4391,-561.4595
341.72,-3248.6714,568.04724,-561.77924
341.74,-3253.4788,566.60516,-562.7385
341.75998,-3219.828,570.77124,-563.37805
341.78,-3234.2498,580.86597,-564.49725
341.8,-3263.0933,574.6168,-565.4565
341.82,-3205.406,569.00867,-566.2559
341.84,-3426.5408,558.59344,-567.37506
341.86,-3215.0205,575.41797,-568.01465
341.88,-3234.2498,571.57245,-568.814
341.9,-3248.6714,577.0203,-569.45355
341.91998,-3176.5623,584.8718,-569.7733
341.94,-3311.166,562.2788,-571.3721
341.96,-3176.5623,582.1478,-571.85175
341.97998,-3277.5151,585.673,-572.4913
342.0,-3243.8643,573.65546,-573.45056
342.02,-3301.5518,579.4238,-574.40985
342.03998,-3258.2861,574.9373,-575.6889
342.06,-3291.937,569.1689,-576.00867
342.08,-3239.057,579.2636,-576.8081
342.1,-3320.7805,577.66125,-577.6075
342.12,-3133.2969,591.2812,-578.247
342.13998,-3176.5623,590.8005,-578.7266
342.16,-3219.828,581.6671,-579.84576
342.18,-3239.057,592.0824,-580.1656
342.19998,-3311.166,589.67883,-580.96497
342.22,-3171.7551,588.5572,-582.0841
342.24,-3200.5986,601.2157,-582.244
342.25998,-3166.9478,594.3257,-583.04346
342.28,-3402.5044,589.3584,-584.00275
342.3,-3277.5151,594.3257,-584.6422
342.32,-3267.9006,596.7292,-585.44165
342.34,-3335.2024,596.7292,-586.2411
342.36,-3267.9006,591.9221,-587.2003
342.38,-3287.1296,586.6344,-587.68
342.4,-3388.0825,590.31976,-588.31946
342.41998,-3272.7078,590.8005,-589.43866
342.44,-3291.937,585.83325,-589.91833
342.46,-3181.3696,598.3315,-590.55786
342.47998,-3219.828,600.4145,-591.1974
342.5,-3320.7805,599.9338,-591.83685
342.52,-3296.7441,595.28705,-592.47644
342.53998,-3210.2134,598.81213,-593.2758
342.56,-3272.7078,598.17126,-593.7555
342.58,-3224.635,611.1502,-594.87463
342.6,-3258.2861,603.459,-595.51416
342.62,-3234.2498,606.98413,-595.8339
342.63998,-3311.166,597.53033,-596.6333
342.66,-3229.4424,598.81213,-596.95306
342.68,-3186.1768,612.59235,-597.5926
342.69998,-3335.2024,604.0999,-598.392
342.72,-3186.1768,615.6368,-598.87164
342.74,-3335.2024,608.1058,-599.83093
342.75998,-3296.7441,609.54785,-600.47046
342.78,-3311.166,606.5034,-601.2699
342.8,-3291.937,611.4707,-601.7495
342.82,-3272.7078,604.90106,-601.9094
342.84,-3397.6973,614.19464,-602.38904
342.86,-3181.3696,607.62506,-603.50824
342.88,-3215.0205,614.3549,-603.3483
342.9,-3296.7441,614.99585,-603.82794
342.91998,-3291.937,615.6368,-604.78723
342.94,-3311.166,615.47656,-604.94714
342.96,-3186.1768,615.15607,-606.2262
342.97998,-3258.2861,618.6812,-606.2262
343.0,-3243.8643,614.8356,-607.0256
343.02,-3239.057,620.7643,-607.34534
343.03998,-3243.8643,614.0344,-607.6651
343.06,-3253.4788,622.687,-608.1448
343.08,-3368.8535,612.43207,-609.4238
343.1,-3272.7078,618.521,-609.5837
343.12,-3320.7805,612.11163,-609.7436
343.13998,-3267.9006,610.1888,-610.54297
343.16,-3282.3225,623.64844,-611.34235
343.18,-3224.635,615.3163,-611.98193
343.19998,-3282.3225,619.9631,-612.30164
343.22,-3311.166,622.8473,-612.6214
343.24,-3296.7441,618.521,-613.42084
343.25998,-3344.817,627.01337,-613.42084
343.28,-3282.3225,624.60986,-614.06036
343.3,-3407.3115,613.073,-614.6999
343.32,-3234.2498,630.5385,-615.17957
343.34,-3253.4788,622.8473,-615.81903
343.36,-3315.9734,629.4169,-615.9789
343.38,-3065.9949,635.0251,-616.7783
343.4,-3291.937,626.53265,-616.7783
343.41998,-3123.6824,635.82623,-617.57776
343.44,-3248.6714,630.218,-618.2172
343.46,-3258.2861,621.8859,-618.537
343.47998,-3263.0933,619.64264,-618.537
343.5,-3210.2134,626.6929,-619.01666
343.52,-3287.1296,625.5712,-619.97595
343.53998,-3234.2498,636.1467,-620.13586
343.56,-3253.4788,623.1677,-620.6155
343.58,-3330.3953,629.73737,-620.6155
343.6,-3219.828,633.4227,-621.0951
343.62,-3315.9734,621.8859,-621.89453
343.63998,-3229.4424,639.9924,-621.57477
343.66,-3210.2134,634.06366,-622.21423
343.68,-3239.057,628.6157,-622.6939
343.69998,-3171.7551,635.9865,-623.33344
343.72,-3248.6714,622.8473,-623.97296
343.74,-3277.5151,636.46716,-623.97296
343.75998,-3301.5518,623.96893,-624.1329
343.78,-3378.468,628.93616,-624.4526
343.8,-3157.3333,637.7491,-625.09216
343.82,-3364.0461,619.9631,-625.5718
343.84,-3296.7441,638.2298,-625.4119
343.86,-3315.9734,634.06366,-625.5718
343.88,-3340.0098,623.96893,-626.05145
343.9,-3320.7805,635.3455,-626.3712
343.91998,-3128.4895,638.71045,-626.6909
343.94,-3311.166,624.4496,-627.97
343.96,-3229.4424,641.114,-627.3305
343.97998,-3320.7805,635.3455,-627.8101
344.0,-3282.3225,651.36896,-627.97
344.02,-3368.8535,623.32794,-628.60956
344.03998,-3210.2134,634.06366,-629.0892
344.06,-3195.7915,646.56195,-628.60956
344.08,-3263.0933,641.91516,-629.4089
344.1,-3215.0205,630.6987,-629.88855
344.12,-3263.0933,644.4789,-629.7287
344.13998,-3282.3225,637.10815,-630.2083
344.16,-3133.2969,645.4403,-630.3682
344.18,-3277.5151,635.1853,-630.6879
344.19998,-3287.1296,635.666,-630.8479
344.22,-3378.468,635.0251,-630.8479
344.24,-3234.2498,647.3631,-630.8479
344.25998,-3205.406,642.8766,-631.3275
344.28,-3287.1296,638.2298,-631.967
344.3,-3325.5881,640.95374,-631.8071
344.32,-3330.3953,639.51166,-631.8071
344.34,-3210.2134,643.9982,-632.44666
344.36,-3282.3225,644.4789,-632.44666
344.38,-3364.0461,634.86487,-633.0862
344.4,-3205.406,643.67773,-632.7664
344.41998,-3325.5881,647.2028,-632.60657
344.44,-3248.6714,638.55023,-633.0862
344.46,-3239.057,642.5561,-633.56586
344.47998,-3340.0098,628.2952,-634.2053
344.5,-3243.8643,641.114,-633.7257
344.52,-3147.7188,637.5888,-634.3652
344.53998,-3219.828,650.40753,-633.88556
344.56,-3248.6714,656.9771,-634.2053
344.58,-3215.0205,641.43445,-634.52515
344.6,-3291.937,650.08704,-633.88556
344.62,-3253.4788,643.3573,-634.2053
344.63998,-3287.1296,636.1467,-634.685
344.66,-3330.3953,648.004,-634.8449
344.68,-3282.3225,643.83795,-635.00476
344.69998,-3301.5518,635.0251,-635.6443
344.72,-3301.5518,642.8766,-635.4844
344.74,-3219.828,642.8766,-635.6443
344.75998,-3229.4424,637.4286,-636.2838
344.78,-3277.5151,648.004,-635.3245
344.8,-3287.1296,631.98065,-635.8042
344.82,-3239.057,646.8824,-635.4844
344.84,-3200.5986,645.2801,-635.96405
344.86,-3253.4788,637.5888,-635.8042
344.88,-3138.104,648.32446,-635.96405
344.9,-3147.7188,661.62396,-635.8042
344.91998,-3282.3225,646.40173,-635.8042
344.94,-3181.3696,642.0754,-636.7634
344.96,-3200.5986,653.45197,-635.8042
344.97998,-3234.2498,647.0426,-636.2838
345.0,-3349.6245,643.0368,-635.96405
345.02,-3205.406,654.7338,-635.6443
345.03998,-3210.2134,648.9654,-637.56287
345.06,-3325.5881,647.0426,-638.84186
345.08,-3296.7441,645.921,-640.7605
345.1,-3320.7805,642.3959,-642.03955
345.12,-3186.1768,657.7783,-642.83887
345.13998,-3282.3225,649.7666,-644.91736
345.16,-3340.0098,646.56195,-645.87665
345.18,-3320.7805,644.4789,-647.1557
345.19998,-3219.828,654.0929,-647.7952
345.22,-3301.5518,664.6684,-648.91437
345.24,-3267.9006,661.62396,-650.1935
345.25998,-3397.6973,651.8496,-651.47253
345.28,-3311.166,660.1818,-652.112
345.3,-3272.7078,667.3924,-654.0306
345.32,-3330.3953,658.89996,-655.30963
345.34,-3373.661,664.3479,-656.2689
345.36,-3296.7441,671.5584,-656.74854
345.38,-3219.828,656.6567,-658.6672
345.4,-3436.1553,663.54675,-659.1468
345.41998,-3239.057,667.2321,-660.4258
345.44,-3253.4788,675.88477,-660.74554
345.46,-3277.5151,664.98883,-662.82404
345.47998,-3325.5881,669.4754,-663.30365
345.5,-3359.2388,671.2379,-664.5827
345.52,-3239.057,681.01227,-665.86176
345.53998,-3349.6245,674.1222,-666.9809
345.56,-3282.3225,673.6415,-668.10004
345.58,-3291.937,688.38306,-668.25995
345.6,-3253.4788,674.2824,-670.0187
345.62,-3114.0676,680.53156,-670.97797
345.63998,-3287.1296,684.5374,-672.5767
345.66,-3320.7805,676.6859,-672.8965
345.68,-3229.4424,684.0567,-674.0157
345.69998,-3551.53,677.32684,-674.33545
345.72,-3349.6245,687.42163,-675.1348
345.74,-3416.9263,683.576,-676.254
345.75998,-3373.661,685.8193,-677.0534
345.78,-3489.0354,692.3889,-677.2133
345.8,-3464.999,684.85785,-678.4923
345.82,-3474.6135,687.42163,-679.6115
345.84,-3412.119,683.0953,-679.77136
345.86,-3532.301,687.2614,-680.89056
345.88,-3517.879,679.5701,-681.84985
345.9,-3460.192,697.8368,-682.32947
345.91998,-3556.3374,686.9409,-682.64923
345.94,-3642.8684,686.9409,-683.4486
345.96,-3570.759,684.0567,-684.72766
345.97998,-3575.5664,689.6649,-685.20734
346.0,-3618.832,699.11865,-685.84686
346.02,-3556.3374,689.6649,-686.3265
346.03998,-3633.2537,682.1339,-687.28577
346.06,-3633.2537,684.85785,-687.6055
346.08,-3503.4573,693.02985,-688.5648
346.1,-3609.2173,693.19006,-688.8846
346.12,-3532.301,690.46606,-689.68396
346.13998,-3498.65,697.03564,-690.4834
346.16,-3753.4355,698.4777,-690.963
346.18,-3628.4465,699.11865,-691.12286
346.19998,-3623.6392,699.11865,-691.9223
346.22,-3517.879,688.38306,-693.3612
346.24,-3599.6028,698.4777,-693.20135
346.25998,-3753.4355,682.2941,-694.16064
346.28,-3623.6392,695.11285,-694.8001
346.3,-3642.8684,698.95844,-694.8001
346.32,-3686.1338,698.3175,-695.59955
346.34,-3614.0244,701.68243,-695.59955
346.36,-3551.53,699.75964,-696.23914
346.38,-3695.7483,700.721,-697.19836
346.4,-3561.1445,700.5608,-697.67804
346.41998,-3594.7957,709.37366,-698.3175
346.44,-3618.832,703.6052,-699.11694
346.46,-3599.6028,699.11865,-699.9164
346.47998,-3599.6028,706.169,-700.07623
346.5,-3618.832,706.48944,-701.19543
346.52,-3522.6863,707.6111,-702.1547
346.53998,-3575.5664,696.0742,-702.3146
346.56,-3604.4102,705.2076,-701.67505
346.58,-3570.759,714.0205,-702.1547
346.6,-3763.0503,695.7537,-703.4338
346.62,-3522.6863,697.6766,-704.2331
346.63998,-3474.6135,700.5608,-705.3523
346.66,-3383.2751,721.3912,-705.3523
346.68,-3460.192,710.01465,-705.832
346.69998,-3633.2537,716.74445,-705.672
346.72,-3618.832,707.29065,-706.7912
346.74,-3527.4937,713.0591,-706.9511
346.75998,-3440.9626,718.98773,-708.5499
346.78,-3565.9517,706.80994,-708.7098
346.8,-3431.348,708.893,-709.1894
346.82,-3551.53,707.9316,-709.98883
346.84,-3618.832,721.3912,-710.46844
346.86,-3416.9263,721.8719,-711.108
346.88,-3561.1445,715.7831,-711.7475
346.9,-3296.7441,729.08246,-712.86664
346.91998,-3541.9153,718.3468,-713.0266
346.94,-3388.0825,725.2368,-713.6661
346.96,-3287.1296,726.67896,-713.98584
346.97998,-3604.4102,712.41815,-715.105
347.0,-3210.2134,715.7831,-716.0643
347.02,-3407.3115,715.14215,-716.70386
347.03998,-3508.2646,719.3082,-716.38403
347.06,-3657.29,712.09766,-716.8637
347.08,-3445.77,735.1714,-715.9044
347.1,-3556.3374,719.62866,-718.7822
347.12,-3349.6245,730.3643,-718.7822
347.13998,-3436.1553,724.1152,-720.54095
347.16,-3469.8064,726.35846,-719.7415
347.18,-3263.0933,729.5632,-721.1805
347.19998,-3508.2646,712.09766,-721.50024
347.22,-3388.0825,732.9281,-721.82
347.24,-3527.4937,714.34094,-721.66016
347.25998,-3570.759,710.8158,-723.41876
347.28,-3210.2134,737.4147,-723.5787
347.3,-3436.1553,730.0439,-725.0176
347.32,-3455.3843,729.2427,-724.53796
347.34,-3642.8684,723.47424,-725.0176
347.36,-3162.1404,743.824,-724.8577
347.38,-3349.6245,729.7234,-726.1367
347.4,-3450.5771,731.6462,-726.45654
347.41998,-3267.9006,743.3433,-727.2559
347.44,-3388.0825,736.45325,-728.05536
347.46,-3522.6863,729.40295,-728.85474
347.47998,-3412.119,734.8509,-729.6541
347.5,-3412.119,730.2041,-729.814
347.52,-3450.5771,734.53046,-729.49426
347.53998,-3513.0718,731.32574,-731.41284
347.56,-3527.4937,727.4801,-730.93317
347.58,-3407.3115,743.1831,-732.37213
347.6,-3253.4788,750.55383,-732.6919
347.62,-3556.3374,743.98425,-733.01166
347.63998,-3215.0205,748.9515,-733.33136
347.66,-3436.1553,727.9608,-734.6104
347.68,-3426.5408,741.10004,-734.6104
347.69998,-3489.0354,735.6521,-735.24994
347.72,-3474.6135,738.85675,-735.40985
347.74,-3311.166,749.4322,-737.1686
347.75998,-3551.53,732.4474,-737.4883
347.78,-3412.119,742.2217,-738.76733
347.8,-3551.53,744.4649,-737.6482
347.82,-3479.4207,748.15027,-739.0871
347.84,-3662.0974,735.1714,-739.5668
347.86,-3267.9006,751.9959,-740.20624
347.88,-3239.057,755.68134,-739.7266
347.9,-3402.5044,746.8684,-740.0464
347.91998,-3359.2388,751.19476,-740.526
347.94,-3267.9006,733.88947,-741.96497
347.96,-3445.77,750.55383,-742.2847
347.97998,-3311.166,749.7526,-742.76434
348.0,-3315.9734,748.15027,-743.5638
348.02,-3431.348,749.2719,-744.36316
348.03998,-3383.2751,749.1117,-745.16254
348.06,-3205.406,759.3667,-745.0027
348.08,-3373.661,755.52106,-745.16254
348.1,-3373.661,753.59827,-745.962
348.12,-3234.2498,759.6872,-746.92126
348.13998,-3402.5044,752.63684,-747.0811
348.16,-3455.3843,736.93396,-748.2003
348.18,-3474.6135,756.0018,-747.72064
348.19998,-3402.5044,752.1561,-748.67993
348.22,-3445.77,753.59827,-749.31946
348.24,-3513.0718,739.4977,-750.5985
348.25998,-3277.5151,750.0731,-750.2787
348.28,-3508.2646,757.2836,-750.9183
348.3,-3690.9412,750.39355,-751.55774
348.32,-3354.4316,759.8474,-751.71765
348.34,-3176.5623,769.78186,-752.1973
348.36,-3412.119,757.1234,-752.83685
348.38,-3224.635,772.6661,-752.83685
348.4,-3368.8535,768.3398,-753.4763
348.41998,-3561.1445,754.3994,-754.7554
348.44,-3368.8535,765.61584,-755.23505
348.46,-3373.661,760.3281,-755.71466
348.47998,-3532.301,763.8533,-756.1943
348.5,-3373.661,762.41113,-756.3542
348.52,-3354.4316,746.548,-756.5141
348.53998,-3402.5044,761.7702,-756.5141
348.56,-3210.2134,767.2182,-757.6332
348.58,-3094.8384,770.42285,-758.11285
348.6,-3474.6135,756.4825,-758.7524
348.62,-3416.9263,745.26605,-760.03143
348.63998,-3359.2388,769.3012,-759.3919
348.66,-3570.759,765.61584,-759.3919
348.68,-3407.3115,774.5889,-760.03143
348.69998,-3349.6245,778.1141,-759.7117
348.72,-3383.2751,765.61584,-760.5111
348.74,-3464.999,764.9749,-761.95
348.75998,-3070.802,772.1854,-761.7901
348.78,-3147.7188,779.0755,-762.9093
348.8,-3200.5986,773.7877,-762.58954
348.82,-3450.5771,764.17377,-763.70874
348.84,-3335.2024,778.9152,-762.2698
348.86,-3464.999,771.7047,-763.8686
348.88,-3306.359,774.5889,-764.66797
348.9,-3248.6714,793.0158,-764.8278
348.91998,-3426.5408,773.948,-765.62726
348.94,-3359.2388,766.41705,-767.06616
348.96,-3493.8425,752.4766,-766.58655
348.97998,-3253.4788,782.60065,-766.2668
349.0,-3359.2388,780.35736,-766.58655
349.02,-3219.828,784.203,-767.226
349.03998,-3359.2388,770.58307,-768.665
349.06,-3397.6973,774.90936,-769.1446
349.08,-3330.3953,781.9597,-769.1446
349.1,-3272.7078,779.87665,-769.3045
349.12,-3407.3115,785.16437,-769.7842
349.13998,-3311.166,772.34564,-769.7842
349.16,-3335.2024,793.3363,-769.46436
349.18,-3445.77,785.6451,-769.7842
349.19998,-3335.2024,776.1913,-771.7027
349.22,-3513.0718,763.0521,-772.02246
349.24,-3440.9626,773.6275,-772.02246
349.25998,-3484.2283,775.55035,-772.1824
349.28,-3464.999,768.3398,-772.8219
349.3,-3565.9517,772.50586,-772.50214
349.32,-3436.1553,777.47314,-773.1416
349.34,-3325.5881,778.755,-774.2608
349.36,-3407.3115,773.30707,-774.9003
349.38,-3522.6863,781.7995,-775.5398
349.4,-3315.9734,775.3901,-776.81885
349.41998,-3291.937,791.4135,-775.8596
349.44,-3354.4316,790.13165,-775.6997
349.46,-3431.348,785.9656,-776.49915
349.47998,-3330.3953,778.9152,-776.9788
349.5,-3431.348,782.4404,-777.77814
349.52,-3171.7551,791.4135,-778.4177
349.53998,-3219.828,787.56793,-779.0572
349.56,-3397.6973,785.00415,-778.7374
349.58,-3171.7551,791.734,-780.0165
349.6,-3219.828,782.76086,-779.37695
349.62,-3215.0205,796.86145,-779.8566
349.63998,-3368.8535,788.6896,-780.0165
349.66,-3287.1296,780.19714,-781.4554
349.68,-3301.5518,792.53516,-780.97577
349.69998,-3412.119,792.53516,-781.6153
349.72,-3426.5408,794.61816,-782.095
349.74,-3340.0098,790.61237,-782.5746
349.75998,-3522.6863,776.031,-783.5339
349.78,-3306.359,791.2533,-783.5339
349.8,-3224.635,793.97723,-783.2141
349.82,-3484.2283,785.80536,-783.8536
349.84,-3412.119,785.80536,-785.1326
349.86,-3190.9841,796.54095,-785.1326
349.88,-3537.1082,792.37494,-785.45245
349.9,-3397.6973,795.5796,-785.1326
349.91998,-3311.166,796.38074,-785.6123
349.94,-3503.4573,787.40765,-785.1326
349.96,-3392.89,789.8112,-785.93207
349.97998,-3416.9263,798.1433,-785.45245
350.0,-3344.817,792.53516,-786.57153
350.02,-3397.6973,792.2147,-787.371
350.03998,-3181.3696,799.9059,-788.33026
350.06,-3340.0098,791.5738,-788.33026
350.08,-3114.0676,797.5024,-788.1704
350.1,-3474.6135,786.4463,-788.33026
350.12,-3311.166,794.45795,-789.1297
350.13998,-3469.8064,793.176,-789.6093
350.16,-3311.166,796.2205,-789.9291
350.18,-3464.999,793.0158,-791.0482
350.19998,-3234.2498,806.4755,-790.5686
350.22,-3397.6973,799.4252,-791.5279
350.24,-3383.2751,794.29767,-790.40875
350.25998,-3080.4167,810.4814,-791.20807
350.28,-3503.4573,797.6626,-791.20807
350.3,-3479.4207,800.5468,-792.64703
350.32,-3561.1445,789.01,-792.80695
350.34,-3402.5044,800.7071,-793.4464
350.36,-3354.4316,802.6299,-793.9261
350.38,-3368.8535,795.9,-794.4057
350.4,-3402.5044,795.2591,-793.6063
350.41998,-3282.3225,803.431,-793.7662
350.44,-3407.3115,804.072,-794.086
350.46,-3397.6973,798.9445,-794.086
350.47998,-3412.119,808.7188,-795.5249
350.5,-3642.8684,788.0486,-795.68475
350.52,-3426.5408,793.65674,-796.32434
350.53998,-3253.4788,804.87317,-796.32434
350.56,-3306.359,824.4217,-796.32434
350.58,-3306.359,798.78424,-795.84467
350.6,-3469.8064,805.9948,-797.28357
350.62,-3340.0098,818.3328,-796.4842
350.63998,-3392.89,801.66846,-797.9231
350.66,-3407.3115,800.8673,-798.24286
350.68,-3291.937,809.03925,-799.362
350.69998,-3344.817,804.23224,-798.56256
350.72,-3248.6714,808.3983,-798.56256
350.74,-3460.192,803.2708,-798.56256
350.75998,-3215.0205,813.0451,-798.72253
350.78,-3224.635,809.51996,-800.16144
350.8,-3388.0825,809.1995,-800.0016
350.82,-3340.0098,810.8018,-800.9608
350.84,-3436.1553,799.74567,-800.4812
350.86,-3561.1445,803.5913,-801.2806
350.88,-3330.3953,799.4252,-800.9608
350.9,-3200.5986,806.95624,-802.3998
350.91998,-3493.8425,803.1106,-800.9608
350.94,-3402.5044,805.5141,-802.3998
350.96,-3306.359,816.73047,-802.3998
350.97998,-3368.8535,798.1433,-804.47815
351.0,-3407.3115,808.3983,-802.55963
351.02,-3311.166,813.0451,-802.8794
351.03998,-3479.4207,802.6299,-802.7195
351.06,-3272.7078,818.49304,-802.8794
351.08,-3565.9517,813.5258,-803.359
351.1,-3315.9734,798.3035,-803.99854
351.12,-3575.5664,804.71295,-804.9578
351.13998,-3205.406,825.2229,-804.9578
351.16,-3426.5408,808.7188,-806.2369
351.18,-3335.2024,818.8135,-805.11774
351.19998,-3282.3225,814.96796,-805.59735
351.22,-3320.7805,815.7691,-804.47815
351.24,-3364.0461,818.65326,-806.2369
351.25998,-3503.4573,808.879,-805.11774
351.28,-3517.879,807.59717,-807.03625
351.3,-3474.6135,809.6802,-807.356
351.32,-3508.2646,799.58545,-808.3153
351.34,-3445.77,806.95624,-807.99554
351.36,-3383.2751,818.49304,-807.99554
351.38,-3450.5771,806.4755,-807.99554
351.4,-3364.0461,816.73047,-807.19617
351.41998,-3464.999,808.2381,-808.3153
351.44,-3296.7441,814.00653,-807.99554
351.46,-3397.6973,818.3328,-809.2746
351.47998,-3224.635,825.2229,-808.95483
351.5,-3681.3264,819.6147,-808.95483
351.52,-3388.0825,820.7363,-808.795
351.53998,-3426.5408,820.2556,-809.9141
351.56,-3315.9734,825.0626,-809.1147
351.58,-3335.2024,827.4662,-809.9141
351.6,-3138.104,825.2229,-811.1932
351.62,-3224.635,820.41583,-811.6728
351.63998,-3359.2388,826.9855,-811.1932
351.66,-3416.9263,820.0954,-811.353
351.68,-3392.89,814.327,-811.03326
351.69998,-3330.3953,815.9293,-811.353
351.72,-3546.7227,816.73047,-811.99255
351.74,-3416.9263,818.65326,-811.99255
351.75998,-3412.119,821.69775,-812.79193
351.78,-3205.406,830.3504,-812.79193
351.8,-3373.661,820.89655,-813.5914
351.82,-3272.7078,824.9024,-812.79193
351.84,-3489.0354,808.3983,-813.91113
351.86,-3392.89,818.8135,-812.15247
351.88,-3416.9263,818.17255,-813.5914
351.9,-3469.8064,815.7691,-812.95184
351.91998,-3407.3115,818.49304,-813.4315
351.94,-3215.0205,822.0182,-814.8704
351.96,-3234.2498,834.03577,-815.1901
351.97998,-3426.5408,827.4662,-814.7105
352.0,-3263.0933,828.42755,-814.23083
352.02,-3455.3843,819.9351,-814.8704
352.03998,-3210.2134,831.15155,-814.3908
352.06,-3008.3076,832.4334,-814.8704
352.08,-3133.2969,820.5761,-815.6698
352.1,-3330.3953,814.48724,-816.4692
352.12,-3455.3843,822.6591,-816.3093
352.13998,-3440.9626,812.4042,-817.42847
352.16,-3210.2134,831.7925,-815.8297
352.18,-3416.9263,826.665,-816.629
352.19998,-3330.3953,830.1901,-816.4692
352.22,-3330.3953,826.9855,-817.42847
352.24,-3118.8748,832.2732,-817.42847
352.25998,-3277.5151,821.37726,-818.38776
352.28,-3407.3115,823.62054,-817.9081
352.3,-3436.1553,826.50476,-817.7482
352.32,-3556.3374,820.5761,-817.42847
352.34,-3176.5623,831.63226,-817.5884
352.36,-3517.879,812.4042,-818.38776
352.38,-3364.0461,819.9351,-818.06805
352.4,-3431.348,821.37726,-819.50696
352.41998,-3032.344,828.26733,-819.0273
352.44,-3344.817,829.0685,-819.82666
352.46,-3484.2283,825.0626,-819.34705
352.47998,-3335.2024,826.9855,-819.50696
352.5,-3373.661,838.20184,-818.38776
352.52,-3234.2498,833.39484,-819.6668
352.53998,-3551.53,817.3714,-819.0273
352.56,-3263.0933,814.96796,-819.9866
352.58,-3392.89,830.3504,-820.46625
352.6,-3157.3333,840.6054,-821.4255
352.62,-3517.879,820.5761,-821.26556
352.63998,-3460.192,824.582,-820.6261
352.66,-3479.4207,823.78076,-820.46625
352.68,-3407.3115,822.3387,-821.26556
352.69998,-3440.9626,819.45447,-821.5853
352.72,-3128.4895,826.18427,-821.4255
352.74,-3383.2751,823.13983,-822.38477
352.75998,-3445.77,827.3059,-821.5853
352.78,-3484.2283,828.26733,-821.7453
352.8,-3484.2283,823.30005,-821.26556
352.82,-3503.4573,829.22876,-821.4255
352.84,-3325.5881,829.389,-821.90515
352.86,-3320.7805,833.39484,-822.5446
352.88,-3426.5408,827.4662,-823.0243
352.9,-3229.4424,830.0299,-823.6638
352.91998,-3431.348,826.665,-823.0243
352.94,-3147.7188,835.3176,-822.86444
352.96,-3243.8643,833.87555,-822.065
352.97998,-3335.2024,836.27905,-822.38477
353.0,-3440.9626,820.2556,-823.1842
353.02,-3311.166,826.50476,-823.82367
353.03998,-3354.4316,829.389,-824.30334
353.06,-3421.7336,835.4779,-824.4632
353.08,-3344.817,829.0685,-825.26263
353.1,-3306.359,832.113,-823.9835
353.12,-3301.5518,832.2732,-823.82367
353.13998,-3277.5151,838.52234,-823.6638
353.16,-3253.4788,835.9586,-824.30334
353.18,-3474.6135,821.05676,-824.30334
353.19998,-3388.0825,833.71533,-825.1027
353.22,-3354.4316,835.4779,-824.9428
353.24,-3503.4573,831.47205,-825.26263
353.25998,-3397.6973,822.3387,-825.1027
353.28,-3210.2134,841.5667,-825.4225
353.3,-3402.5044,823.62054,-825.26263
353.32,-3287.1296,849.0978,-825.5824
353.34,-3368.8535,836.27905,-826.062
353.36,-3065.9949,834.03577,-825.74225
353.38,-3340.0098,835.9586,-826.3818
353.4,-3368.8535,828.1071,-825.9021
353.41998,-3445.77,825.2229,-826.3818
353.44,-3215.0205,838.84283,-827.0213
353.46,-3657.29,838.0416,-828.14044
353.47998,-3450.5771,833.39484,-827.6608
353.5,-3431.348,837.2405,-828.77997
353.52,-3181.3696,846.8545,-829.57935
353.53998,-3373.661,832.7539,-830.8584
353.56,-3412.119,836.75977,-829.73926
353.58,-3378.468,837.7212,-830.059
353.6,-3330.3953,846.3738,-829.25964
353.62,-3157.3333,837.5609,-830.69855
353.63998,-3513.0718,834.03577,-830.3788
353.66,-3416.9263,837.4007,-831.17816
353.68,-3349.6245,834.9972,-832.4572
353.69998,-3306.359,835.1574,-833.4165
353.72,-3253.4788,839.00305,-834.056
353.74,-3306.359,839.48376,-833.2566
353.75998,-3359.2388,839.16327,-833.09674
353.78,-3440.9626,828.5878,-833.57635
353.8,-3628.4465,829.5492,-834.53564
353.82,-3421.7336,840.1247,-834.056
353.84,-3364.0461,843.3293,-835.0153
353.86,-3479.4207,836.75977,-835.97455
353.88,-3349.6245,846.534,-836.2944
353.9,-3311.166,846.8545,-836.1345
353.91998,-3234.2498,844.4509,-836.93384
353.94,-3421.7336,842.68835,-836.2944
353.96,-3277.5151,844.2907,-837.09375
353.97998,-3618.832,829.389,-837.8931
354.0,-3282.3225,839.48376,-838.5327
354.02,-3359.2388,839.3235,-838.37274
354.03998,-3364.0461,834.03577,-838.37274
354.06,-3320.7805,844.4509,-838.5327
354.08,-3258.2861,848.13635,-838.2129
354.1,-3195.7915,849.258,-839.33203
354.12,-3392.89,844.4509,-839.8117
354.13998,-3219.828,850.37964,-840.2913
354.16,-3205.406,852.3024,-841.09076
354.18,-3565.9517,828.74805,-841.89014
354.19998,-3383.2751,841.5667,-841.4105
354.22,-3493.8425,843.16907,-841.5704
354.24,-3311.166,850.86035,-842.05
354.25998,-3445.77,838.0416,-842.52966
354.28,-3388.0825,858.39136,-842.20996
354.3,-3455.3843,841.5667,-843.48895
354.32,-3392.89,841.5667,-844.1285
354.34,-3565.9517,840.2849,-844.60815
354.36,-3460.192,849.8989,-844.2883
354.38,-3315.9734,854.3855,-844.2883
354.4,-3392.89,846.534,-844.92786
354.41998,-3402.5044,846.3738,-845.4075
354.44,-3508.2646,844.6112,-845.88715
354.46,-3224.635,848.7773,-846.04706
354.47998,-3484.2283,845.41235,-846.04706
354.5,-3354.4316,851.6615,-846.84644
354.52,-3287.1296,848.13635,-847.00635
354.53998,-3243.8643,847.81586,-847.48596
354.56,-3267.9006,854.2253,-847.3261
354.58,-3464.999,850.86035,-848.1255
354.6,-3330.3953,855.50714,-847.8057
354.62,-3253.4788,875.05566,-849.2446
354.63998,-3320.7805,857.91064,-849.40454
354.66,-3474.6135,848.2966,-849.5644
354.68,-3402.5044,848.9375,-848.765
354.69998,-3397.6973,859.1925,-850.044
354.72,-3489.0354,843.81,-849.40454
354.74,-3224.635,871.5305,-850.2039
354.75998,-3585.181,860.79486,-850.3638
354.78,-3436.1553,858.5516,-851.1632
354.8,-3513.0718,847.3352,-851.80273
354.82,-3431.348,860.31415,-853.0818
354.84,-3493.8425,857.1095,-852.1225
354.86,-3412.119,855.66736,-852.44226
354.88,-3359.2388,869.6077,-853.0818
354.9,-3662.0974,843.48956,-853.0818
354.91998,-3392.89,853.26385,-853.5614
354.94,-3378.468,857.2697,-853.40155
354.96,-3354.4316,863.6791,-853.5614
354.97998,-3315.9734,852.6229,-854.041
355.0,-3484.2283,858.07086,-855.16016
355.02,-3541.9153,850.05914,-855.0003
355.03998,-3426.5408,862.8779,-855.79974
355.06,-3436.1553,857.59015,-855.63983
355.08,-3340.0098,869.92816,-857.07874
355.1,-3171.7551,868.6463,-856.27936
355.12,-3354.4316,856.9492,-856.4392
355.13998,-3392.89,858.5516,-856.4392
355.16,-3330.3953,865.28143,-857.23865
355.18,-3282.3225,856.1481,-857.07874
355.19998,-3474.6135,848.9375,-858.0381
355.22,-3498.65,869.92816,-858.0381
355.24,-3291.937,859.83344,-858.9973
355.25998,-3527.4937,863.35864,-859.1572
355.28,-3450.5771,858.39136,-859.3171
355.3,-3546.7227,856.1481,-860.27637
355.31998,-3186.1768,880.02295,-859.3171
355.34,-3479.4207,866.56323,-860.11646
355.36,-3330.3953,857.2697,-858.9973
355.38,-3383.2751,852.94336,-860.5961
355.4,-3364.0461,862.237,-860.5961
355.41998,-3426.5408,866.7235,-861.2356
355.44,-3287.1296,861.9165,-861.2356
355.46,-3301.5518,870.4089,-861.8752
355.47998,-3464.999,866.8837,-862.03503
355.5,-3397.6973,874.7352,-862.67456
355.52,-3373.661,858.39136,-863.3141
355.53998,-3258.2861,865.28143,-862.9943
355.56,-3397.6973,868.8065,-862.8345
355.58,-3431.348,870.0884,-863.3141
355.6,-3455.3843,864.96094,-863.47394
355.62,-3200.5986,864.32,-864.1135
355.63998,-3426.5408,863.19836,-864.59314
355.66,-3532.301,855.66736,-865.0728
355.68,-3402.5044,864.6405,-866.03204
355.69998,-3368.8535,871.3703,-864.4332
355.72,-3373.661,861.2756,-866.5117
355.74,-3277.5151,858.7118,-865.23267
355.75998,-3407.3115,874.09424,-866.1919
355.78,-3239.057,877.13873,-865.5524
355.8,-3359.2388,871.3703,-867.31104
355.81998,-3412.119,878.5808,-866.6716
355.84,-3517.879,868.6463,-867.1512
355.86,-3373.661,867.36444,-867.9506
355.88,-3402.5044,870.24866,-867.1512
355.9,-3508.2646,866.403,-867.63086
355.91998,-3450.5771,861.4358,-869.7093
355.94,-3431.348,875.37616,-868.9099
355.96,-3402.5044,871.3703,-869.06976
355.97998,-3503.4573,867.04395,-870.18896
356.0,-3248.6714,875.2159,-869.7093
356.02,-3421.7336,872.0112,-869.8692
356.03998,-3388.0825,874.89545,-869.3895
356.06,-3464.999,872.65216,-870.3488
356.08,-3450.5771,876.4978,-869.5494
356.1,-3464.999,883.0674,-871.3081
356.12,-3546.7227,867.6849,-870.18896
356.13998,-3287.1296,880.50366,-871.62787
356.16,-3546.7227,877.45917,-871.62787
356.18,-3181.3696,893.80304,-872.2674
356.19998,-3445.77,871.85095,-871.9476
356.22,-3513.0718,858.8721,-872.42725
356.24,-3460.192,873.934,-873.0668
356.25998,-3479.4207,874.57495,-873.3865
356.28,-3354.4316,883.8686,-873.54645
356.3,-3484.2283,873.934,-873.54645
356.31998,-3474.6135,873.934,-874.02606
356.34,-3330.3953,883.7083,-873.3865
356.36,-3580.3738,868.3258,-875.1452
356.38,-3277.5151,885.9516,-874.5057
356.4,-3373.661,877.45917,-875.6248
356.41998,-3440.9626,877.9399,-874.82544
356.44,-3277.5151,891.72,-876.744
356.46,-3205.406,888.1949,-875.30505
356.47998,-3354.4316,870.8896,-876.5841
356.5,-3383.2751,881.1446,-876.42426
356.52,-3527.4937,877.61945,-876.42426
356.53998,-3522.6863,879.0615,-876.1045
356.56,-3291.937,893.3223,-877.5434
356.58,-3421.7336,888.6756,-877.5434
356.6,-3407.3115,887.39374,-877.5434
356.62,-3489.0354,888.6756,-878.82245
356.63998,-3325.5881,893.0019,-878.5027
356.66,-3561.1445,875.5364,-878.9823
356.68,-3440.9626,883.2276,-878.5027
356.69998,-3517.879,868.6463,-879.30206
356.72,-3440.9626,873.1329,-879.30206
356.74,-3416.9263,884.0288,-880.4212
356.75998,-3517.879,875.6966,-880.4212
356.78,-3296.7441,892.8416,-880.9009
356.8,-3464.999,885.7914,-880.4212
356.81998,-3440.9626,878.9013,-881.22064
356.84,-3335.2024,884.99023,-880.9009
356.86,-3426.5408,878.4206,-881.5404
356.88,-3392.89,890.5983,-881.3805
356.9,-3426.5408,882.5867,-881.5404
356.91998,-3416.9263,889.9574,-882.0201
356.94,-3412.119,878.5808,-881.8601
356.96,-3513.0718,882.90717,-883.459
356.97998,-3320.7805,889.47675,-882.65955
357.0,-3589.988,864.1598,-883.9386
357.02,-3195.7915,895.4054,-883.1392
357.03998,-3460.192,887.87445,-883.9386
357.06,-3440.9626,889.47675,-883.61884
357.08,-3436.1553,888.5154,-885.5374
357.1,-3695.7483,880.18317,-884.4183
357.12,-3291.937,889.9574,-884.25836
357.13998,-3479.4207,885.9516,-885.21765
357.16,-3368.8535,896.68726,-884.8979
357.18,-3532.301,885.15045,-885.3775
357.19998,-3335.2024,889.79724,-886.65656
357.22,-3436.1553,885.9516,-886.65656
357.24,-3301.5518,891.23926,-886.3368
357.25998,-3604.4102,890.4381,-887.7757
357.28,-3522.6863,882.74695,-887.45593
357.3,-3301.5518,893.6428,-888.0955
357.31998,-3527.4937,888.3551,-886.9763
357.34,-3464.999,890.7586,-887.7757
357.36,-3397.6973,892.3609,-887.61584
357.38,-3614.0244,889.47675,-889.05475
357.4,-3565.9517,894.444,-888.0955
357.41998,-3416.9263,889.1563,-889.21466
357.44,-3561.1445,891.88025,-889.05475
357.46,-3594.7957,886.1118,-889.5344
357.47998,-3253.4788,900.2124,-889.5344
357.5,-3311.166,892.6814,-889.8541
357.52,-3450.5771,903.0966,-889.6943
357.53998,-3455.3843,901.65454,-890.01404
357.56,-3705.3628,878.4206,-891.45294
357.58,-3402.5044,885.9516,-890.3338
357.6,-3546.7227,888.8358,-892.09247
357.62,-3133.2969,907.26276,-890.9733
357.63998,-3513.0718,894.76447,-891.61285
357.66,-3489.0354,905.1797,-891.2931
357.68,-3354.4316,897.9691,-892.2524
357.69998,-3503.4573,896.36676,-891.77277
357.72,-3666.9048,883.0674,-892.8919
357.74,-3450.5771,894.444,-893.3715
357.75998,-3330.3953,888.5154,-893.5314
357.78,-3464.999,891.88025,-894.17096
357.8,-3517.879,893.96326,-893.3715
357.81998,-3758.243,874.57495,-894.17096
357.84,-3445.77,897.9691,-894.49066
357.86,-3469.8064,888.8358,-895.2901
357.88,-3388.0825,902.13525,-894.3308
357.9,-3426.5408,904.53876,-895.2901
357.91998,-3296.7441,909.8265,-895.1302
357.94,-3171.7551,904.21826,-895.92957
357.96,-3498.65,898.7703,-895.1302
357.97998,-3565.9517,891.88025,-895.92957
358.0,-3489.0354,882.42645,-895.60986
358.02,-3489.0354,886.2721,-897.5284
358.03998,-3489.0354,896.68726,-896.40924
358.06,-3537.1082,890.2779,-897.5284
358.08,-3484.2283,894.6042,-896.729
358.1,-3354.4316,908.0639,-897.2086
358.12,-3527.4937,909.18555,-897.2086
358.13998,-3416.9263,903.73755,-897.5284
358.16,-3517.879,908.70483,-897.5284
358.18,-3138.104,904.53876,-897.8482
358.19998,-3527.4937,902.9364,-898.6475
358.22,-3426.5408,901.49426,-898.3278
358.24,-3373.661,899.09076,-899.44696
358.25998,-3426.5408,899.89197,-898.6475
358.28,-3585.181,893.80304,-899.6068
358.3,-3527.4937,898.2896,-899.6068
358.31998,-3431.348,905.6604,-899.6068
358.34,-3460.192,900.2124,-898.96735
358.36,-3436.1553,905.98083,-900.726
358.38,-3695.7483,900.0522,-900.40625
358.4,-3200.5986,911.74927,-900.726
358.41998,-3436.1553,904.699,-900.88586
358.44,-3474.6135,907.7434,-900.2464
358.46,-3618.832,889.63696,-900.726
358.47998,-3388.0825,897.4884,-900.88586
358.5,-3503.4573,897.00775,-901.84515
358.52,-3349.6245,912.06976,-901.36554
358.53998,-3440.9626,905.1797,-903.1242
358.56,-3474.6135,906.78204,-902.32477
358.58,-3719.7847,895.5656,-902.4847
358.6,-3527.4937,891.07904,-903.76373
358.62,-3397.6973,915.75507,-902.9643
358.63998,-3335.2024,910.6276,-902.80444
358.66,-3407.3115,902.2955,-903.9236
358.68,-3527.4937,902.7762,-903.6039
358.69998,-3517.879,901.49426,-904.5631
358.72,-3517.879,902.9364,-904.24335
358.74,-3416.9263,900.3726,-904.8829
358.75998,-3585.181,908.0639,-904.8829
358.78,-3551.53,905.6604,-904.8829
358.8,-3580.3738,913.1914,-904.0835
358.81998,-3469.8064,907.423,-905.8421
358.84,-3373.661,913.99255,-906.32184
358.86,-3325.5881,928.41364,-905.0428
358.88,-3368.8535,917.037,-906.9613
358.9,-3416.9263,908.0639,-906.0021
358.91998,-3657.29,906.1411,-906.80145
358.94,-3594.7957,900.3726,-906.32184
358.96,-3383.2751,901.81476,-907.2811
358.97998,-3585.181,892.5212,-907.12115
359.0,-3445.77,911.90955,-908.08044
359.02,-3306.359,909.34576,-908.08044
359.03998,-3455.3843,911.74927,-907.9206
359.06,-3513.0718,909.0253,-908.5601
359.08,-3503.4573,913.3516,-907.76074
359.1,-3464.999,923.28613,-907.6008
359.12,-3301.5518,914.313,-908.4002
359.13998,-3474.6135,914.313,-908.8799
359.16,-3556.3374,895.4054,-909.19965
359.18,-3479.4207,909.66626,-910.63855
359.19998,-3445.77,915.91534,-909.999
359.22,-3580.3738,902.6159,-909.999
359.24,-3402.5044,915.59485,-909.3595
359.25998,-3450.5771,926.65106,-909.999
359.28,-3450.5771,903.2569,-910.15894
359.3,-3263.0933,923.28613,-910.63855
359.31998,-3522.6863,915.11414,-910.63855
359.34,-3503.4573,916.39606,-911.1182
359.36,-3407.3115,901.1738,-912.3972
359.38,-3373.661,913.5119,-911.7577
359.4,-3493.8425,900.3726,-911.91754
359.41998,-3604.4102,905.0195,-910.9583
359.44,-3445.77,917.3574,-911.4379
359.46,-3412.119,917.6779,-913.03674
359.47998,-3676.5193,902.9364,-913.1966
359.5,-3445.77,910.4674,-913.1966
359.52,-3373.661,922.4849,-912.5571
359.53998,-3301.5518,924.8884,-912.0775
359.56,-3513.0718,913.5119,-912.87683
359.58,-3287.1296,924.0873,-912.5571
359.6,-3397.6973,924.8884,-913.99603
359.62,-3498.65,910.4674,-913.8361
359.63998,-3407.3115,911.90955,-915.1152
359.66,-3599.6028,915.59485,-914.7954
359.68,-3450.5771,912.7107,-914.31573
359.69998,-3589.988,909.9867,-914.7954
359.72,-3440.9626,923.28613,-914.63556
359.74,-3628.4465,910.4674,-914.31573
359.75998,-3359.2388,920.72235,-914.7954
359.78,-3455.3843,911.10834,-915.7547
359.8,-3407.3115,918.31885,-915.7547
359.81998,-3440.9626,920.0814,-917.03375
359.84,-3219.828,939.62994,-916.2344
359.86,-3440.9626,907.1025,-916.5541
359.88,-3469.8064,919.2803,-916.07446
359.9,-3407.3115,914.313,-916.5541
359.91998,-3464.999,910.7879,-916.714
359.94,-3335.2024,936.906,-917.993
359.96,-3200.5986,919.4405,-917.8331
359.97998,-3340.0098,923.7668,-917.6733
360.0,-3522.6863,913.3516,-918.63257
360.02,-3335.2024,926.4908,-918.15295
360.03998,-3181.3696,934.3423,-917.8331
360.06,-3445.77,911.42883,-918.3128
360.08,-3330.3953,923.12585,-918.9523
360.1,-3383.2751,925.5294,-919.91156
360.12,-3344.817,917.6779,-919.91156
360.13998,-3397.6973,918.31885,-918.7924
360.16,-3489.0354,913.3516,-919.2721
360.18,-3368.8535,928.25336,-919.59186
360.19998,-3460.192,925.5294,-920.0715
360.22,-3445.77,925.68964,-919.59186
360.24,-3469.8064,925.36914,-919.1122
360.25998,-3484.2283,921.52356,-920.0715
360.28,-3359.2388,924.568,-921.03076
360.3,-3239.057,927.9329,-921.5104
360.31998,-3383.2751,916.07556,-921.6703
360.34,-3489.0354,909.506,-921.5104
360.36,-3522.6863,918.79956,-920.87085
360.38,-3489.0354,921.844,-921.1906
360.4,-3344.817,927.7727,-921.03076
360.41998,-3498.65,939.4697,-920.87085
360.44,-3373.661,932.7399,-921.03076
360.46,-3489.0354,924.7282,-923.1092
360.47998,-3642.8684,922.0042,-922.30975
360.5,-3171.7551,928.8943,-922.6295
360.52,-3421.7336,930.3364,-922.46967
360.53998,-3416.9263,912.23,-923.1092
360.56,-3311.166,930.6569,-921.83014
360.58,-3340.0098,925.68964,-923.1092
360.6,-3412.119,920.4019,-923.26904
360.62,-3464.999,913.0312,-923.90857
360.63998,-3392.89,929.375,-924.0685
360.66,-3253.4788,937.547,-923.42896
360.68,-3176.5623,949.40424,-923.5888
360.69998,-3320.7805,930.97736,-924.0685
360.72,-3532.301,919.9212,-924.5481
360.74,-3484.2283,928.57385,-924.0685
360.75998,-3561.1445,917.99835,-926.30676
360.78,-3416.9263,922.6452,-924.70795
360.8,-3450.5771,928.7341,-925.82715
360.81998,-3436.1553,928.57385,-925.18756
360.84,-3253.4788,929.2148,-925.66724
360.86,-3431.348,930.1762,-925.987
360.88,-3315.9734,940.2709,-925.34753
360.9,-3359.2388,928.57385,-925.82715
360.91998,-3397.6973,929.2148,-927.1062
360.94,-3628.4465,917.99835,-927.7457
360.96,-3253.4788,933.22064,-926.6266
360.97998,-3604.4102,914.7937,-927.1062
361.0,-3378.468,933.22064,-926.4666
361.02,-3503.4573,928.7341,-926.6266
361.03998,-3623.6392,910.3072,-926.78644
361.06,-3407.3115,929.8557,-927.4259
361.08,-3282.3225,936.5856,-927.26605
361.1,-3306.359,935.94464,-929.18463
361.12,-3556.3374,913.83234,-928.3852
361.13998,-3388.0825,936.10486,-928.3852
361.16,-3364.0461,929.2148,-928.70496
361.18,-3330.3953,941.713,-927.5858
361.19998,-3532.301,918.47906,-928.0655
361.22,-3354.4316,923.28613,-928.8648
361.24,-3306.359,930.49664,-929.0248
361.25998,-3383.2751,932.4195,-929.0248
361.28,-3436.1553,925.68964,-930.3038
361.3,-3186.1768,953.4101,-929.0248
361.31998,-3633.2537,932.5797,-929.984
361.34,-3388.0825,931.1376,-929.5044
361.36,-3517.879,927.292,-929.984
361.38,-3287.1296,930.49664,-929.3445
361.4,-3171.7551,935.3037,-930.9433
361.41998,-3397.6973,937.2265,-930.3038
361.44,-3287.1296,932.5797,-930.9433
361.46,-3426.5408,927.7727,-931.5828
361.47998,-3243.8643,946.52,-931.263
361.5,-3402.5044,937.547,-930.7834
361.52,-3436.1553,930.49664,-931.10315
361.53998,-3450.5771,929.6955,-930.9433
361.56,-3378.468,938.989,-930.9433
361.58,-3287.1296,954.0511,-931.7427
361.6,-3373.661,932.099,-931.7427
361.62,-3388.0825,934.18207,-932.70197
361.63998,-3397.6973,935.62415,-931.9026
361.66,-3565.9517,932.90015,-932.06244
361.68,-3436.1553,923.12585,-931.423
361.69998,-3455.3843,935.14343,-932.2223
361.72,-3498.65,932.4195,-932.3822
361.74,-3349.6245,940.5914,-933.1816
361.75998,-3657.29,916.07556,-933.50134
361.78,-3599.6028,924.4078,-932.70197
361.8,-3364.0461,935.62415,-933.82117
361.81998,-3287.1296,934.18207,-933.1816
361.84,-3455.3843,931.9388,-933.6612
361.86,-3287.1296,939.3095,-933.6612
361.88,-3349.6245,945.23816,-933.981
361.9,-3455.3843,930.49664,-934.7804
361.91998,-3484.2283,934.9832,-935.2601
361.94,-3580.3738,925.36914,-934.46063
361.96,-3364.0461,925.0487,-934.46063
361.97998,-3431.348,930.1762,-935.10016
362.0,-3320.7805,947.80194,-934.46063
362.02,-3354.4316,938.989,-934.7804
362.03998,-3306.359,941.8732,-935.4199
362.06,-3402.5044,936.7458,-935.7397
362.08,-3258.2861,936.906,-935.89954
362.1,-3493.8425,925.68964,-936.8588
362.12,-3311.166,930.6569,-936.0594
362.13998,-3210.2134,943.7961,-935.7397
362.16,-3359.2388,935.3037,-935.89954
362.18,-3392.89,947.00073,-936.21936
362.19998,-3469.8064,927.6124,-936.3792
362.22,-3484.2283,933.0604,-937.8181
362.24,-3210.2134,949.0838,-936.21936
362.25998,-3450.5771,938.8288,-937.1786
362.28,-3368.8535,941.0721,-937.1786
362.3,-3258.2861,948.9236,-936.8588
362.31998,-3378.468,941.713,-936.8588
362.34,-3378.468,929.5353,-937.3385
362.36,-3431.348,937.86743,-937.1786
362.38,-3359.2388,943.7961,-937.65826
362.4,-3359.2388,930.3364,-938.61755
362.41998,-3277.5151,932.4195,-938.2977
362.44,-3340.0098,944.1165,-938.4576
362.46,-3340.0098,946.1996,-937.97797
362.47998,-3522.6863,942.1937,-939.09717
362.5,-3368.8535,946.1996,-938.2977
362.52,-3349.6245,935.4639,-939.4169
362.53998,-3517.879,938.50836,-938.4576
362.56,-3320.7805,937.0663,-940.5361
362.58,-3330.3953,952.4487,-938.93726
362.6,-3061.1877,947.00073,-939.5768
362.62,-3349.6245,945.8791,-939.257
362.63998,-3330.3953,932.2592,-939.5768
362.66,-3469.8064,936.906,-939.4169
362.68,-3368.8535,943.9563,-939.5768
362.69998,-3431.348,933.38086,-940.3762
362.72,-3378.468,943.1551,-940.05646
362.74,-3460.192,942.03345,-941.3355
362.75998,-3474.6135,941.3925,-940.5361
362.78,-3436.1553,944.437,-941.1756
362.8,-3546.7227,927.4522,-940.6959
362.81998,-3402.5044,954.3715,-940.85583
362.84,-3263.0933,952.60895,-939.8966
362.86,-3402.5044,939.62994,-942.1349
362.88,-3455.3843,951.6475,-940.6959
362.9,-3253.4788,952.4487,-941.1756
362.91998,-3464.999,938.50836,-941.49536
362.94,-3272.7078,934.6628,-941.8151
362.96,-3440.9626,938.50836,-942.45465
362.97998,-3445.77,944.5972,-941.01575
363.0,-3383.2751,943.9563,-941.49536
363.02,-3330.3953,948.1224,-941.6552
363.03998,-3445.77,948.9236,-943.254
363.06,-3263.0933,944.9177,-942.45465
363.08,-3306.359,939.95044,-943.5738
363.1,-3392.89,953.5704,-942.1349
363.12,-3522.6863,942.83466,-943.0941
363.13998,-3469.8064,939.7902,-942.6145
363.16,-3330.3953,942.51416,-942.6145
363.18,-3383.2751,940.43115,-943.0941
363.19998,-3320.7805,947.48145,-943.41394
363.22,-3541.9153,938.50836,-943.254
363.24,-3349.6245,956.4546,-942.93427
363.25998,-3421.7336,948.9236,-944.0534
363.28,-3287.1296,945.07794,-943.41394
363.3,-3364.0461,955.49316,-943.89355
363.31998,-3330.3953,945.23816,-943.89355
363.34,-3306.359,953.7306,-943.89355
363.36,-3455.3843,947.3212,-943.5738
363.38,-3325.5881,955.17267,-945.0127
363.4,-3258.2861,953.5704,-944.2133
363.41998,-3450.5771,968.6323,-944.693
363.44,-3498.65,943.7961,-944.693
363.46,-3522.6863,945.3984,-944.533
363.47998,-3397.6973,950.0452,-944.37317
363.5,-3219.828,954.85223,-945.6522
363.52,-3407.3115,943.6358,-945.4923
363.53998,-3291.937,943.31537,-945.33246
363.56,-3469.8064,950.0452,-946.4516
363.58,-3147.7188,950.36566,-945.81213
363.6,-3503.4573,944.27673,-946.4516
363.62,-3436.1553,950.20544,-945.972
363.63998,-3464.999,946.52,-946.29175
363.66,-3186.1768,951.4873,-946.1319
363.68,-3426.5408,953.7306,-946.9312
363.69998,-3277.5151,947.16095,-946.77136
363.72,-3368.8535,957.57623,-947.25104
363.74,-3311.166,946.8405,-946.29175
363.75998,-3263.0933,952.92944,-947.0912
363.78,-3416.9263,942.03345,-946.9312
363.8,-3364.0461,949.40424,-946.77136
363.81998,-3489.0354,942.03345,-947.5708
363.84,-3248.6714,951.1668,-947.8905
363.86,-3253.4788,959.3388,-947.5708
363.88,-3210.2134,946.3598,-947.4109
363.9,-3426.5408,949.40424,-948.3702
363.91998,-3412.119,955.9739,-947.4109
363.94,-3647.6755,944.27673,-947.73065
363.96,-3421.7336,944.437,-948.0504
363.97998,-3340.0098,952.4487,-948.2103
364.0,-3460.192,952.4487,-947.73065
364.02,-3373.661,950.0452,-949.0097
364.03998,-3306.359,939.4697,-948.5301
364.06,-3469.8064,960.46045,-949.4894
364.08,-3272.7078,959.65924,-948.5301
364.1,-3498.65,957.0955,-948.8498
364.12,-3315.9734,961.2616,-948.68994
364.13998,-3416.9263,950.8464,-949.0097
364.16,-3436.1553,956.775,-948.8498
364.18,-3325.5881,963.3446,-949.16956
364.19998,-3527.4937,944.437,-950.4486
364.22,-3287.1296,965.9083,-949.4894
364.24,-3575.5664,953.08966,-949.8091
364.25998,-3378.468,950.20544,-949.64923
364.28,-3426.5408,956.4546,-949.969
364.3,-3311.166,943.9563,-949.8091
364.31998,-3335.2024,969.59375,-950.2887
364.34,-3301.5518,957.89667,-949.64923
364.36,-3383.2751,956.6148,-950.6085
364.38,-3469.8064,950.5259,-950.7684
364.4,-3479.4207,942.1937,-951.248
364.41998,-3556.3374,947.00073,-950.12885
364.44,-3354.4316,952.60895,-950.9283
364.46,-3623.6392,947.48145,-950.12885
364.47998,-3416.9263,954.3715,-951.4079
364.5,-3301.5518,950.20544,-951.4079
364.52,-3551.53,945.8791,-950.9283
364.53998,-3147.7188,965.4276,-951.56775
364.56,-3426.5408,950.8464,-950.9283
364.58,-3580.3738,942.1937,-952.6869
364.6,-3359.2388,953.2499,-951.248
364.62,-3474.6135,961.7423,-951.4079
364.63998,-3349.6245,961.7423,-951.08813
364.66,-3416.9263,955.01245,-952.2073
364.68,-3287.1296,964.7867,-951.248
364.69998,-3695.7483,949.0838,-951.7276
364.72,-3484.2283,949.0838,-952.3672
364.74,-3378.468,957.73645,-952.2073
364.75998,-3267.9006,958.5376,-952.0474
364.78,-3325.5881,953.5704,-953.0067
364.8,-3412.119,956.4546,-952.8468
364.81998,-3359.2388,954.692,-953.16656
364.84,-3383.2751,955.17267,-953.3265
364.86,-3142.9114,956.1341,-953.0067
364.88,-3575.5664,950.5259,-952.52704
364.9,-3426.5408,947.16095,-953.0067
364.91998,-3436.1553,941.0721,-953.3265
364.94,-3243.8643,960.46045,-952.3672
364.96,-3378.468,955.9739,-953.6462
364.97998,-3532.301,952.92944,-953.3265
365.0,-3464.999,954.692,-954.1258
365.02,-3373.661,957.73645,-953.4863
365.03998,-3551.53,951.3271,-954.1258
365.06,-3412.119,948.6031,-954.1258
365.08,-3397.6973,951.8078,-953.6462
365.1,-3527.4937,968.4721,-953.6462
365.12,-3397.6973,953.7306,-954.7654
365.13998,-3315.9734,961.5821,-954.92523
365.16,-3431.348,957.25574,-954.28577
365.18,-3325.5881,962.38324,-954.92523
365.19998,-3388.0825,954.2113,-954.60547
365.22,-3686.1338,936.2651,-954.7654
365.24,-3152.526,958.5376,-954.28577
365.25998,-3532.301,950.8464,-955.0851
365.28,-3440.9626,958.5376,-954.28577
365.3,-3489.0354,957.25574,-956.0444
365.31998,-3210.2134,969.4335,-954.4456
365.34,-3580.3738,949.0838,-955.56476
365.36,-3551.53,953.2499,-955.56476
365.38,-3436.1553,957.57623,-955.4049
365.4,-3589.988,965.9083,-954.7654
365.41998,-3320.7805,958.21716,-955.8845
365.44,-3421.7336,959.499,-955.7247
365.46,-3335.2024,957.41595,-955.8845
365.47998,-3498.65,955.9739,-956.524
365.5,-3315.9734,975.3622,-955.245
365.52,-3633.2537,954.0511,-955.8845
365.53998,-3388.0825,957.73645,-955.56476
365.56,-3291.937,957.41595,-956.524
365.58,-3301.5518,961.7423,-956.0444
365.6,-3532.301,941.2323,-957.1636
365.62,-3479.4207,959.1785,-955.8845
365.63998,-3541.9153,957.41595,-957.0037
365.66,-3479.4207,956.9353,-956.524
365.68,-3354.4316,955.9739,-957.1636
365.69998,-3493.8425,952.92944,-956.524
365.72,-3407.3115,961.9025,-956.524
365.74,-3469.8064,961.1014,-956.524
365.75998,-3306.359,963.5048,-957.0037
365.78,-3349.6245,962.70374,-957.8031
365.8,-3537.1082,955.33295,-957.3234
365.81998,-3546.7227,952.92944,-958.4426
365.84,-3368.8535,951.968,-957.6432
365.86,-3681.3264,959.499,-957.48334
365.88,-3219.828,972.6382,-957.3234
365.9,-3383.2751,960.13995,-957.8031
365.91998,-3498.65,959.8195,-957.3234
365.94,-3513.0718,962.0628,-958.4426
365.96,-3138.104,970.3949,-957.3234
365.97998,-3647.6755,951.6475,-958.6025
366.0,-3450.5771,951.8078,-958.4426
366.02,-3489.0354,968.9528,-957.963
366.03998,-3493.8425,961.4218,-957.963
366.06,-3325.5881,956.2943,-958.7623
366.08,-3474.6135,957.41595,-958.12286
366.1,-3402.5044,961.1014,-958.4426
366.12,-3532.301,955.81366,-959.88153
366.13998,-3215.0205,960.3002,-958.92224
366.16,-3556.3374,947.80194,-959.4019
366.18,-3440.9626,961.7423,-958.2827
366.19998,-3517.879,962.38324,-959.242
366.22,-3469.8064,963.98553,-958.6025
366.24,-3503.4573,953.4101,-960.3612
366.25998,-3388.0825,968.6323,-958.7623
366.28,-3392.89,964.14575,-959.4019
366.3,-3436.1553,959.499,-959.242
366.31998,-3455.3843,960.3002,-959.4019
366.34,-3503.4573,965.4276,-959.4019
366.36,-3340.0098,964.62646,-959.56177
366.38,-3589.988,966.2288,-958.92224
366.4,-3416.9263,963.8253,-960.52106
366.41998,-3229.4424,976.1633,-959.4019
366.44,-3527.4937,964.94696,-959.56177
366.46,-3503.4573,953.2499,-960.2013
366.47998,-3354.4316,961.7423,-959.08215
366.5,-3642.8684,947.80194,-959.4019
366.52,-3311.166,963.66504,-959.88153
366.53998,-3359.2388,972.6382,-959.7216
366.56,-3508.2646,961.9025,-959.56177
366.58,-3614.0244,945.55865,-961.8001
366.6,-3359.2388,963.1844,-960.6809
366.62,-3580.3738,963.98553,-961.1605
366.63998,-3392.89,966.38904,-960.52106
366.66,-3436.1553,966.2288,-960.2013
366.68,-3349.6245,963.8253,-959.7216
366.69998,-3445.77,968.79254,-961.32043
366.72,-3474.6135,964.30597,-960.6809
366.74,-3489.0354,956.4546,-961.32043
366.75998,-3589.988,950.68616,-961.48035
366.78,-3320.7805,956.775,-961.6402
366.8,-3676.5193,971.3563,-961.0007
366.81998,-3392.89,964.14575,-961.0007
366.84,-3705.3628,956.6148,-961.32043
366.86,-3344.817,970.2347,-961.6402
366.88,-3580.3738,958.3774,-962.4396
366.9,-3397.6973,962.38324,-961.1605
366.91998,-3445.77,964.46625,-962.2797
366.94,-3330.3953,965.7481,-961.32043
366.96,-3383.2751,968.79254,-961.95996
366.97998,-3604.4102,954.692,-961.95996
367.0,-3508.2646,964.46625,-961.8001
367.02,-3537.1082,968.9528,-961.32043
367.03998,-3484.2283,967.19025,-961.8001
367.06,-3532.301,966.38904,-961.95996
367.08,-3272.7078,965.1072,-962.2797
367.1,-3440.9626,958.05695,-962.4396
367.12,-3450.5771,967.02997,-961.1605
367.13998,-3282.3225,975.0417,-960.8408
367.16,-3503.4573,960.13995,-962.2797
367.18,-3412.119,973.92004,-962.1198
367.19998,-3589.988,966.2288,-961.8001
367.22,-3479.4207,956.6148,-963.5587
367.24,-3195.7915,966.54926,-962.5994
367.25998,-3090.0312,978.8873,-962.7594
367.28,-3570.759,955.49316,-962.2797
367.3,-3397.6973,972.7984,-961.95996
367.31998,-3445.77,966.54926,-961.48035
367.34,-3440.9626,960.62067,-963.239
367.36,-3455.3843,969.75397,-961.95996
367.38,-3402.5044,964.30597,-962.91925
367.4,-3503.4573,962.8639,-963.239
367.41998,-3354.4316,963.5048,-962.4396
367.44,-3460.192,968.1516,-962.5994
367.46,-3416.9263,963.98553,-962.7594
367.47998,-3484.2283,962.38324,-963.0791
367.5,-3450.5771,956.9353,-964.35815
367.52,-3705.3628,953.2499,-963.39886
367.53998,-3383.2751,960.46045,-962.91925
367.56,-3344.817,968.9528,-963.7186
367.58,-3436.1553,971.1961,-962.5994
367.6,-3551.53,970.07446,-963.7186
367.62,-3561.1445,965.4276,-962.5994
367.63998,-3440.9626,960.46045,-963.5587
367.66,-3464.999,969.9142,-963.7186
367.68,-3402.5044,966.0686,-963.39886
367.69998,-3205.406,972.3177,-962.91925
367.72,-3118.8748,976.4838,-963.39886
367.74,-3551.53,957.89667,-964.6779
367.75998,-3484.2283,967.6709,-963.239
367.78,-3450.5771,970.3949,-963.239
367.8,-3527.4937,959.1785,-963.239
367.81998,-3436.1553,963.5048,-963.7186
367.84,-3455.3843,955.81366,-963.7186
367.86,-3508.2646,963.0242,-964.83777
367.88,-3580.3738,961.9025,-963.7186
367.9,-3460.192,962.0628,-964.9976
367.91998,-3633.2537,961.2616,-963.7186
367.94,-3484.2283,962.0628,-964.1983
367.96,-3426.5408,959.3388,-963.39886
367.97998,-3585.181,956.775,-964.83777
368.0,-3460.192,964.62646,-964.0384
368.02,-3464.999,963.1844,-964.83777
368.03998,-3412.119,960.62067,-965.1576
368.06,-3594.7957,962.0628,-964.518
368.08,-3647.6755,967.6709,-964.35815
368.1,-3373.661,973.2791,-963.5587
368.12,-3474.6135,965.1072,-964.518
368.13998,-3364.0461,971.3563,-964.518
368.16,-3455.3843,964.14575,-965.6372
368.18,-3315.9734,972.47797,-964.83777
368.19998,-3532.301,966.0686,-965.4773
368.22,-3291.937,961.2616,-964.6779
368.24,-3729.3994,951.1668,-965.4773
368.25998,-3565.9517,964.14575,-964.83777
368.28,-3421.7336,970.3949,-964.83777
368.3,-3335.2024,977.7657,-964.518
368.31998,-3460.192,979.6885,-965.6372
368.34,-3195.7915,969.75397,-964.9976
368.36,-3272.7078,981.6113,-965.79706
368.38,-3397.6973,963.0242,-965.9569
368.4,-3388.0825,972.3177,-964.518
368.41998,-3412.119,965.1072,-965.31744
368.44,-3378.468,962.8639,-965.6372
368.46,-3277.5151,971.83704,-965.4773
368.47998,-3340.0098,979.04755,-965.31744
368.5,-3474.6135,963.0242,-966.4366
368.52,-3171.7551,978.56683,-965.6372
368.53998,-3320.7805,973.1189,-965.9569
368.56,-3517.879,964.7867,-965.1576
368.58,-3431.348,967.02997,-965.4773
368.6,-3455.3843,973.7598,-964.1983
368.62,-3431.348,962.8639,-966.27673
368.63998,-3445.77,951.968,-966.4366
368.66,-3330.3953,961.9025,-966.4366
368.68,-3503.4573,960.46045,-966.27673
368.69998,-3416.9263,972.7984,-965.6372
368.72,-3575.5664,964.30597,-965.79706
368.74,-3464.999,965.2674,-964.9976
368.75998,-3489.0354,970.5551,-965.31744
368.78,-3349.6245,971.67676,-965.31744
368.8,-3253.4788,963.1844,-966.1168
368.81998,-3421.7336,966.86975,-965.4773
368.84,-3517.879,965.9083,-966.4366
368.86,-3513.0718,966.2288,-965.1576
368.88,-3609.2173,972.1575,-965.79706
368.9,-3421.7336,970.7154,-965.6372
368.91998,-3359.2388,973.43933,-965.31744
368.94,-3484.2283,957.89667,-966.27673
368.96,-3330.3953,973.92004,-966.75635
368.97998,-3368.8535,973.92004,-966.27673
369.0,-3296.7441,982.733,-965.6372
369.02,-3455.3843,967.02997,-966.1168
369.03998,-3445.77,960.62067,-965.79706
369.06,-3556.3374,962.8639,-965.4773
369.08,-3277.5151,954.53174,-966.27673
369.1,-3532.301,963.66504,-965.6372
369.12,-3412.119,974.40076,-965.4773
369.13998,-3546.7227,968.6323,-966.9162
369.16,-3138.104,962.38324,-966.5965
369.18,-3739.014,959.8195,-966.75635
369.19998,-3460.192,973.2791,-965.4773
369.22,-3349.6245,965.5879,-967.23596
369.24,-3359.2388,967.8312,-965.1576
369.25998,-3359.2388,966.38904,-966.5965
369.28,-3335.2024,971.3563,-965.9569
369.3,-3412.119,969.11304,-966.9162
369.31998,-3407.3115,969.11304,-966.75635
369.34,-3325.5881,976.1633,-966.4366
369.36,-3532.301,975.6826,-966.1168
369.38,-3489.0354,963.3446,-966.1168
369.4,-3364.0461,976.4838,-966.4366
369.41998,-3426.5408,962.38324,-966.9162
369.44,-3258.2861,972.6382,-967.3958
369.46,-3267.9006,971.1961,-966.75635
369.47998,-3445.77,964.14575,-967.5558
369.5,-3469.8064,974.24054,-966.1168
369.52,-3681.3264,965.4276,-966.9162
369.53998,-3541.9153,950.8464,-966.27673
369.56,-3368.8535,971.99725,-967.0761
369.58,-3407.3115,965.7481,-966.1168
369.6,-3354.4316,965.2674,-967.8755
369.62,-3190.9841,978.0862,-967.0761
369.63998,-3215.0205,970.2347,-966.9162
369.66,-3325.5881,977.60547,-966.9162
369.68,-3373.661,967.6709,-966.9162
369.69998,-3532.301,965.1072,-966.27673
369.72,-3426.5408,961.4218,-966.9162
369.74,-3373.661,973.2791,-966.9162
369.75998,-3340.0098,966.86975,-966.75635
369.78,-3537.1082,962.8639,-967.0761
369.8,-3431.348,969.9142,-967.3958
369.81998,-3431.348,968.1516,-967.23596
369.84,-3392.89,966.2288,-966.27673
369.86,-3354.4316,964.30597,-967.3958
369.88,-3474.6135,964.46625,-966.5965
369.9,-3229.4424,968.3118,-967.5558
369.91998,-3344.817,976.32355,-966.9162
369.94,-3474.6135,967.6709,-967.23596
369.96,-3388.0825,967.35046,-966.5965
369.97998,-3205.406,987.8604,-967.23596
370.0,-3551.53,966.54926,-966.4366
370.02,-3431.348,970.7154,-966.27673
370.03998,-3479.4207,968.3118,-966.9162
370.06,-3287.1296,976.4838,-966.9162
370.08,-3412.119,967.19025,-968.0354
370.1,-3311.166,973.2791,-966.9162
370.12,-3503.4573,963.8253,-967.3958
370.13998,-3397.6973,971.3563,-966.27673
370.16,-3479.4207,975.8429,-967.0761
370.18,-3517.879,973.2791,-966.4366
370.19998,-3368.8535,966.38904,-968.0354
370.22,-3421.7336,966.86975,-967.0761
370.24,-3412.119,959.65924,-968.3551
370.25998,-3517.879,986.2581,-966.75635
370.28,-3311.166,973.1189,-967.5558
370.3,-3479.4207,964.46625,-967.71564
370.31998,-3508.2646,973.2791,-966.4366
370.34,-3455.3843,973.43933,-966.5965
370.36,-3263.0933,977.12476,-966.5965
370.38,-3402.5044,971.99725,-966.75635
370.4,-3416.9263,964.14575,-967.23596
370.41998,-3618.832,954.0511,-968.515
370.44,-3200.5986,981.93176,-967.0761
370.46,-3464.999,968.4721,-967.71564
370.47998,-3388.0825,968.4721,-967.23596
370.5,-3436.1553,972.6382,-967.0761
370.52,-3388.0825,963.5048,-966.5965
370.53998,-3325.5881,979.2078,-967.8755
370.56,-3205.406,971.3563,-967.23596
370.58,-3532.301,955.6534,-967.5558
370.6,-3392.89,967.9914,-967.3958
370.62,-3195.7915,979.84875,-967.71564
370.63998,-3724.592,950.5259,-967.8755
370.66,-3392.89,967.8312,-966.9162
370.68,-3532.301,968.4721,-967.23596
370.69998,-3224.635,983.0534,-967.3958
370.72,-3315.9734,969.59375,-968.6749
370.74,-3388.0825,979.6885,-967.0761
370.75998,-3392.89,965.9083,-968.19525
370.78,-3320.7805,982.4125,-966.9162
370.8,-3844.7742,963.66504,-966.9162
370.81998,-3537.1082,961.2616,-966.4366
370.84,-3397.6973,974.40076,-966.75635
370.86,-3397.6973,953.8908,-967.5558
370.88,-3436.1553,963.0242,-968.0354
370.9,-3219.828,980.009,-967.23596
370.91998,-3551.53,977.60547,-967.5558
370.94,-3402.5044,966.0686,-967.8755
370.96,-3479.4207,966.38904,-966.75635
370.97998,-3479.4207,965.5879,-966.4366
371.0,-3219.828,969.27325,-967.0761
371.02,-3517.879,951.968,-967.71564
371.03998,-3397.6973,968.6323,-967.0761
371.06,-3503.4573,963.1844,-968.515
371.08,-3565.9517,971.83704,-967.23596
371.1,-3604.4102,962.0628,-967.71564
371.12,-3445.77,971.51654,-966.9162
371.13998,-3484.2283,970.7154,-967.0761
371.16,-3440.9626,963.98553,-966.1168
371.18,-3392.89,960.94116,-967.8755
371.19998,-3383.2751,973.2791,-967.5558
371.22,-3412.119,968.1516,-967.5558
371.24,-3479.4207,968.1516,-967.8755
371.25998,-3330.3953,982.09204,-967.5558
371.28,-3594.7957,959.1785,-967.23596
371.3,-3431.348,967.8312,-967.0761
371.31998,-3474.6135,977.7657,-966.9162
371.34,-3263.0933,978.2464,-966.5965
371.36,-3513.0718,973.2791,-968.0354
371.38,-3489.0354,965.9083,-967.71564
371.4,-3397.6973,972.6382,-967.8755
371.41998,-3354.4316,967.02997,-967.23596
371.44,-3522.6863,956.6148,-967.8755
371.46,-3426.5408,968.4721,-967.23596
371.47998,-3306.359,978.0862,-967.71564
371.5,-3426.5408,966.0686,-966.9162
371.52,-3436.1553,973.2791,-968.19525
371.53998,-3657.29,951.3271,-967.8755
371.56,-3541.9153,969.75397,-966.9162
371.58,-3690.9412,955.01245,-967.8755
371.6,-3128.4895,984.3353,-967.5558
371.62,-3604.4102,961.5821,-967.23596
371.63998,-3181.3696,966.70953,-966.75635
371.66,-3493.8425,957.0955,-967.3958
371.68,-3388.0825,962.0628,-967.71564
371.69998,-3695.7483,955.17267,-968.0354
371.72,-3253.4788,977.60547,-967.23596
371.74,-3565.9517,953.2499,-967.3958
371.75998,-3392.89,975.20197,-966.9162
371.78,-3412.119,971.51654,-967.0761
371.8,-3335.2024,957.25574,-966.4366
371.81998,-3215.0205,971.51654,-968.19525
371.84,-3354.4316,968.9528,-967.23596
371.86,-3368.8535,965.1072,-967.5558
371.88,-3272.7078,967.9914,-967.8755
371.9,-3407.3115,967.35046,-967.23596
371.91998,-3565.9517,954.3715,-967.0761
371.94,-3489.0354,958.05695,-966.5965
371.96,-3445.77,961.5821,-967.23596
371.97998,-3359.2388,972.6382,-967.0761
372.0,-3407.3115,972.1575,-968.0354
372.02,-3368.8535,973.43933,-967.3958
372.03998,-3436.1553,969.59375,-967.5558
372.06,-3364.0461,965.5879,-967.3958
372.08,-3474.6135,958.21716,-966.75635
372.1,-3306.359,962.223,-966.75635
372.12,-3392.89,968.3118,-966.4366
372.13998,-3479.4207,968.9528,-966.4366
372.16,-3325.5881,968.1516,-967.3958
372.18,-3301.5518,983.2137,-967.0761
372.19998,-3436.1553,971.1961,-966.4366
372.22,-3412.119,970.3949,-967.8755
372.24,-3219.828,971.83704,-966.5965
372.25998,-3373.661,965.1072,-967.23596
372.28,-3311.166,962.0628,-966.9162
372.3,-3263.0933,973.7598,-967.0761
372.31998,-3493.8425,965.2674,-966.27673
372.34,-3464.999,967.02997,-967.71564
372.36,-3561.1445,973.7598,-965.9569
372.38,-3325.5881,963.5048,-966.75635
372.4,-3368.8535,969.9142,-966.27673
372.41998,-3291.937,975.20197,-966.75635
372.44,-3219.828,965.9083,-966.27673
372.46,-3373.661,970.2347,-967.23596
372.47998,-3445.77,965.7481,-966.27673
372.5,-3330.3953,971.83704,-966.75635
372.52,-3412.119,971.51654,-967.23596
372.53998,-3349.6245,963.8253,-966.4366
372.56,-3315.9734,967.9914,-966.5965
372.58,-3489.0354,962.70374,-966.4366
372.6,-3489.0354,963.8253,-966.5965
372.62,-3243.8643,973.92004,-965.9569
372.63998,-3373.661,971.3563,-967.3958
372.66,-3368.8535,971.0358,-965.9569
372.68,-3493.8425,968.1516,-966.75635
372.69998,-3402.5044,967.02997,-965.9569
372.72,-3330.3953,964.7867,-966.27673
372.74,-3421.7336,959.8195,-965.79706
372.75998,-3378.468,972.6382,-966.1168
372.78,-3354.4316,967.8312,-965.79706
372.8,-3349.6245,969.27325,-966.75635
372.81998,-3440.9626,970.3949,-966.9162
372.84,-3546.7227,964.46625,-966.27673
372.86,-3445.77,971.67676,-966.75635
372.88,-3407.3115,963.8253,-965.6372
372.9,-3426.5408,969.75397,-965.4773
372.91998,-3296.7441,974.8815,-965.31744
372.94,-3311.166,967.02997,-965.79706
372.96,-3397.6973,968.4721,-965.6372
372.97998,-3455.3843,966.54926,-967.23596
373.0,-3388.0825,967.5107,-966.4366
373.02,-3421.7336,961.7423,-966.1168
373.03998,-3493.8425,965.1072,-965.1576
373.06,-3378.468,962.8639,-965.4773
373.08,-3368.8535,967.6709,-965.1576
373.1,-3258.2861,971.51654,-966.27673
373.12,-3368.8535,967.8312,-965.1576
373.13998,-3392.89,965.7481,-965.79706
373.16,-3412.119,972.6382,-965.6372
373.18,-3291.937,977.4452,-964.9976
373.19998,-3426.5408,966.86975,-965.4773
373.22,-3469.8064,964.30597,-965.1576
373.24,-3412.119,961.7423,-965.4773
373.25998,-3344.817,964.62646,-964.9976
373.28,-3508.2646,967.6709,-966.1168
373.3,-3474.6135,968.3118,-964.9976
373.31998,-3445.77,972.7984,-966.27673
373.34,-3402.5044,973.1189,-965.4773
373.36,-3570.759,956.4546,-965.79706
373.38,-3239.057,972.1575,-965.1576
373.4,-3464.999,970.5551,-965.31744
373.41998,-3493.8425,959.499,-965.31744
373.44,-3335.2024,967.35046,-965.6372
373.46,-3662.0974,959.0183,-966.4366
373.47998,-3440.9626,971.51654,-964.9976
373.5,-3421.7336,965.7481,-965.6372
373.52,-3402.5044,974.24054,-964.0384
373.53998,-3493.8425,964.30597,-964.35815
373.56,-3205.406,974.8815,-964.35815
373.58,-3426.5408,967.8312,-964.6779
373.6,-3474.6135,964.46625,-964.83777
373.62,-3373.661,964.46625,-966.1168
373.63998,-3541.9153,956.6148,-964.6779
373.66,-3464.999,954.2113,-964.6779
373.68,-3421.7336,963.8253,-964.35815
373.69998,-3243.8643,983.3739,-964.1983
373.72,-3330.3953,964.30597,-963.7186
373.74,-3335.2024,976.0031,-964.6779
373.75998,-3378.468,969.9142,-964.518
373.78,-3364.0461,974.0803,-964.6779
373.8,-3455.3843,967.9914,-965.1576
373.81998,-3224.635,974.24054,-964.518
373.84,-3364.0461,956.6148,-964.83777
373.86,-3416.9263,963.3446,-963.7186
373.88,-3474.6135,965.4276,-964.1983
373.9,-3349.6245,970.2347,-963.7186
373.91998,-3604.4102,966.86975,-964.518
373.94,-3513.0718,961.4218,-963.5587
373.96,-3445.77,965.5879,-964.9976
373.97998,-3469.8064,967.5107,-963.7186
374.0,-3638.0608,957.25574,-964.518
374.02,-3402.5044,970.3949,-963.39886
374.03998,-3416.9263,970.3949,-963.39886
374.06,-3522.6863,968.1516,-963.39886
374.08,-3421.7336,952.12823,-964.83777
374.1,-3676.5193,967.5107,-963.7186
374.12,-3464.999,960.7809,-963.7186
374.13998,-3522.6863,962.0628,-963.87854
374.16,-3421.7336,963.0242,-963.39886
374.18,-3642.8684,959.0183,-962.5994
374.19998,-3243.8643,972.47797,-962.7594
374.22,-3378.468,964.30597,-963.5587
374.24,-3325.5881,965.4276,-963.5587
374.25998,-3508.2646,961.1014,-964.518
374.28,-3253.4788,977.7657,-963.39886
374.3,-3479.4207,963.8253,-964.0384
374.31998,-3416.9263,957.73645,-963.7186
374.34,-3335.2024,961.2616,-963.7186
374.36,-3340.0098,962.223,-962.4396
374.38,-3248.6714,968.6323,-963.7186
374.4,-3354.4316,966.38904,-963.239
374.41998,-3397.6973,966.86975,-963.239
374.44,-3508.2646,964.94696,-963.5587
374.46,-3258.2861,979.52826,-963.39886
374.47998,-3469.8064,950.68616,-962.4396
374.5,-3402.5044,958.5376,-962.5994
374.52,-3195.7915,972.3177,-962.5994
374.53998,-3416.9263,968.3118,-962.5994
374.56,-3460.192,956.4546,-964.35815
374.58,-3503.4573,961.7423,-962.7594
374.6,-3397.6973,974.24054,-963.39886
374.62,-3397.6973,961.1014,-962.7594
374.63998,-3421.7336,955.33295,-963.0791
374.66,-3354.4316,962.8639,-961.6402
374.68,-3354.4316,965.7481,-962.2797
374.69998,-3479.4207,951.1668,-962.1198
374.72,-3359.2388,963.66504,-963.0791
374.74,-3421.7336,970.07446,-962.1198
374.75998,-3431.348,957.57623,-962.7594
374.78,-3397.6973,970.3949,-963.0791
374.8,-3349.6245,968.9528,-962.2797
374.81998,-3484.2283,959.1785,-962.1198
374.84,-3114.0676,975.6826,-961.48035
374.86,-3291.937,957.89667,-962.1198
374.88,-3527.4937,954.53174,-961.8001
374.9,-3508.2646,955.81366,-963.0791
374.91998,-3686.1338,959.0183,-961.32043
374.94,-3383.2751,961.5821,-961.6402
374.96,-3421.7336,962.54346,-961.6402
374.97998,-3354.4316,976.96454,-961.48035
375.0,-3368.8535,958.3774,-960.6809
375.02,-3311.166,959.65924,-961.95996
375.03998,-3484.2283,950.36566,-961.8001
375.06,-3397.6973,963.66504,-961.95996
375.08,-3479.4207,958.8581,-961.95996
375.1,-3493.8425,960.3002,-960.6809
375.12,-3315.9734,963.0242,-961.0007
375.13998,-3412.119,950.5259,-961.0007
375.16,-3378.468,963.3446,-961.0007
375.18,-3315.9734,960.94116,-961.32043
375.19998,-3272.7078,980.6499,-961.6402
375.22,-3450.5771,954.85223,-961.0007
375.24,-3359.2388,957.0955,-961.6402
375.25998,-3335.2024,967.35046,-961.0007
375.28,-3532.301,949.72473,-961.1605
375.3,-3388.0825,959.65924,-960.0414
375.31998,-3412.119,955.49316,-960.3612
375.34,-3522.6863,960.3002,-960.6809
375.36,-3354.4316,967.19025,-961.48035
375.38,-3801.5083,941.8732,-960.6809
375.4,-3508.2646,948.7633,-960.6809
375.41998,-3460.192,957.0955,-961.1605
375.44,-3373.661,968.6323,-959.7216
375.46,-3460.192,951.968,-960.3612
375.47998,-3301.5518,966.70953,-959.08215
375.5,-3392.89,957.25574,-960.0414
375.52,-3479.4207,967.19025,-958.6025
375.53998,-3541.9153,956.4546,-960.8408
375.56,-3320.7805,968.1516,-960.2013
375.58,-3397.6973,960.3002,-960.3612
375.6,-3532.301,962.8639,-959.7216
375.62,-3412.119,962.0628,-959.242
375.63998,-3426.5408,956.2943,-958.92224
375.66,-3239.057,959.8195,-959.88153
375.68,-3392.89,955.49316,-958.92224
375.69998,-3373.661,964.62646,-958.92224
375.72,-3493.8425,947.00073,-959.4019
375.74,-3195.7915,955.6534,-960.0414
375.75998,-3517.879,953.4101,-958.6025
375.78,-3489.0354,948.7633,-958.7623
375.8,-3378.468,953.8908,-958.6025
375.81998,-3320.7805,956.4546,-958.92224
375.84,-3412.119,961.1014,-959.7216
375.86,-3431.348,958.8581,-958.92224
375.88,-3383.2751,956.1341,-959.7216
375.9,-3407.3115,965.9083,-958.4426
375.91998,-3686.1338,956.9353,-958.6025
375.94,-3388.0825,953.8908,-958.6025
375.96,-3340.0098,961.9025,-958.12286
375.97998,-3431.348,956.9353,-958.12286
376.0,-3354.4316,970.2347,-958.4426
376.02,-3205.406,960.62067,-959.242
376.03998,-3469.8064,953.5704,-958.7623
376.06,-3383.2751,952.28845,-958.4426
376.08,-3340.0098,975.8429,-957.1636
376.1,-3537.1082,954.2113,-957.48334
376.12,-3205.406,963.0242,-957.8031
376.13998,-3561.1445,958.8581,-957.8031
376.16,-3368.8535,967.6709,-956.68396
376.18,-3532.301,958.8581,-958.12286
376.19998,-3594.7957,954.692,-957.3234
376.22,-3556.3374,953.2499,-957.1636
376.24,-3455.3843,940.2709,-957.0037
376.25998,-3460.192,956.6148,-956.36414
376.28,-3123.6824,963.1844,-956.68396
376.3,-3368.8535,948.2826,-957.8031
376.31998,-3469.8064,948.1224,-957.8031
376.34,-3253.4788,978.7271,-956.68396
376.36,-3354.4316,955.01245,-957.3234
376.38,-3306.359,968.79254,-956.8438
376.4,-3364.0461,947.96216,-956.36414
376.41998,-3436.1553,963.3446,-955.4049
376.44,-3431.348,953.8908,-956.0444
376.46,-3234.2498,957.0955,-956.0444
376.47998,-3412.119,951.6475,-957.963
376.5,-3469.8064,941.2323,-956.2043
376.52,-3368.8535,964.30597,-956.2043
376.53998,-3388.0825,960.46045,-955.4049
376.56,-3421.7336,954.0511,-955.8845
376.58,-3330.3953,947.48145,-955.56476
376.6,-3392.89,953.5704,-955.7247
376.62,-3498.65,942.9949,-955.7247
376.63998,-3287.1296,959.3388,-956.524
376.66,-3532.301,959.0183,-956.524
376.68,-3532.301,952.28845,-955.56476
376.69998,-3248.6714,966.70953,-955.8845
376.72,-3277.5151,960.3002,-955.0851
376.74,-3484.2283,950.36566,-954.7654
376.75998,-3176.5623,954.3715,-954.92523
376.78,-3484.2283,954.2113,-954.92523
376.8,-3402.5044,955.6534,-954.4456
376.81998,-3474.6135,951.3271,-954.92523
376.84,-3402.5044,962.38324,-954.60547
376.86,-3272.7078,948.2826,-955.245
376.88,-3325.5881,962.223,-954.1258
376.9,-3320.7805,956.2943,-954.1258
376.91998,-3416.9263,942.1937,-953.96594
376.94,-3359.2388,956.4546,-954.92523
376.96,-3315.9734,955.81366,-954.28577
376.97998,-3450.5771,958.8581,-954.28577
377.0,-3440.9626,947.80194,-954.7654
377.02,-3392.89,947.00073,-954.4456
377.03998,-3349.6245,958.21716,-953.0067
377.06,-3464.999,962.38324,-953.0067
377.08,-3412.119,953.4101,-954.4456
377.1,-3325.5881,962.223,-953.4863
377.12,-3445.77,952.60895,-955.245
377.13998,-3412.119,962.0628,-954.1258
377.16,-3570.759,943.1551,-953.96594
377.18,-3287.1296,953.4101,-953.3265
377.19998,-3556.3374,946.8405,-953.4863
377.22,-3479.4207,953.7306,-952.2073
377.24,-3320.7805,952.4487,-952.8468
377.25998,-3282.3225,959.1785,-952.6869
377.28,-3431.348,951.0066,-953.4863
377.3,-3662.0974,947.3212,-953.0067
377.31998,-3421.7336,952.92944,-953.16656
377.34,-3344.817,946.6803,-954.28577
377.36,-3354.4316,953.2499,-952.3672
377.38,-3474.6135,948.7633,-952.3672
377.4,-3171.7551,944.75745,-951.8876
377.41998,-3460.192,960.46045,-951.8876
377.44,-3440.9626,955.01245,-952.0474
377.46,-3359.2388,954.3715,-953.96594
377.47998,-3844.7742,930.1762,-951.8876
377.5,-3604.4102,939.7902,-952.52704
377.52,-3412.119,947.16095,-952.52704
377.53998,-3561.1445,933.22064,-952.2073
377.56,-3359.2388,961.4218,-951.248
377.58,-3311.166,955.81366,-952.2073
377.6,-3416.9263,945.8791,-951.4079
377.62,-3320.7805,950.36566,-952.8468
377.63998,-3431.348,949.40424,-952.3672
377.66,-3450.5771,952.28845,-951.7276
377.68,-3296.7441,948.7633,-951.7276
377.69998,-3455.3843,952.76917,-951.08813
377.72,-3479.4207,957.73645,-951.08813
377.74,-3340.0098,938.8288,-951.7276
377.75998,-3580.3738,952.4487,-951.8876
377.78,-3373.661,952.4487,-950.7684
377.8,-3364.0461,954.0511,-951.248
377.81998,-3445.77,947.80194,-950.7684
377.84,-3392.89,947.3212,-950.7684
377.86,-3311.166,945.55865,-950.6085
377.88,-3335.2024,962.54346,-949.969
377.9,-3498.65,953.08966,-950.2887
377.91998,-3388.0825,943.9563,-951.248
377.94,-3710.1702,950.20544,-950.2887
377.96,-3392.89,937.547,-950.6085
377.97998,-3349.6245,953.2499,-950.9283
378.0,-3388.0825,948.1224,-949.64923
378.02,-3325.5881,964.46625,-949.4894
378.03998,-3325.5881,947.16095,-949.64923
378.06,-3359.2388,956.6148,-949.3294
378.08,-3311.166,954.692,-949.3294
378.1,-3306.359,944.9177,-950.7684
378.12,-3431.348,941.713,-949.3294
378.13998,-3253.4788,952.12823,-949.64923
378.16,-3580.3738,944.27673,-949.0097
378.18,-3522.6863,939.4697,-948.3702
378.19998,-3301.5518,953.5704,-948.3702
378.22,-3248.6714,945.23816,-948.5301
378.24,-3224.635,945.7189,-948.68994
378.25998,-3383.2751,947.48145,-948.8498
378.28,-3484.2283,944.9177,-949.0097
378.3,-3157.3333,947.48145,-947.8905
378.31998,-3118.8748,966.0686,-948.2103
378.34,-3263.0933,944.5972,-947.8905
378.36,-3484.2283,943.9563,-948.0504
378.38,-3301.5518,945.8791,-947.5708
378.4,-3484.2283,941.8732,-949.0097
378.41998,-3253.4788,946.1996,-947.0912
378.44,-3431.348,947.80194,-948.0504
378.46,-3378.468,941.2323,-947.73065
378.47998,-3215.0205,954.0511,-947.4109
378.5,-3484.2283,949.88495,-946.77136
378.52,-3378.468,950.68616,-946.6115
378.53998,-3498.65,950.0452,-946.4516
378.56,-3315.9734,955.17267,-946.9312
378.58,-3671.712,940.7516,-946.6115
378.6,-3330.3953,944.27673,-946.29175
378.62,-3344.817,954.2113,-947.0912
378.63998,-3383.2751,934.5025,-946.4516
378.66,-3412.119,943.9563,-946.29175
378.68,-3402.5044,949.72473,-946.29175
378.69998,-3378.468,953.5704,-946.4516
378.72,-3359.2388,948.9236,-945.1726
378.74,-3388.0825,947.96216,-946.9312
378.75998,-3229.4424,935.4639,-946.9312
378.78,-3080.4167,952.60895,-946.29175
378.8,-3421.7336,942.1937,-945.81213
378.81998,-3431.348,947.48145,-944.85284
378.84,-3541.9153,947.96216,-944.693
378.86,-3263.0933,961.2616,-944.693
378.88,-3378.468,946.8405,-945.4923
378.9,-3373.661,942.03345,-945.33246
378.91998,-3330.3953,955.17267,-946.29175
378.94,-3344.817,941.0721,-945.1726
378.96,-3450.5771,956.4546,-945.4923
378.97998,-3479.4207,935.3037,-944.533
379.0,-3431.348,940.43115,-944.693
379.02,-3325.5881,940.2709,-943.7337
379.03998,-3513.0718,941.2323,-944.85284
379.06,-3402.5044,947.80194,-944.37317
379.08,-3368.8535,947.96216,-944.37317
379.1,-3416.9263,950.68616,-943.7337
379.12,-3311.166,937.2265,-945.0127
379.13998,-3522.6863,943.1551,-944.0534
379.16,-3407.3115,946.6803,-943.0941
379.18,-3412.119,944.1165,-943.0941
379.19998,-3349.6245,942.03345,-943.7337
379.22,-3205.406,950.68616,-944.37317
379.24,-3445.77,939.4697,-943.5738
379.25998,-3493.8425,931.45807,-944.693
379.28,-3402.5044,943.1551,-943.7337
379.3,-3652.483,934.6628,-943.7337
379.31998,-3503.4573,936.10486,-942.45465
379.34,-3344.817,943.6358,-942.6145
379.36,-3378.468,945.8791,-942.6145
379.38,-3445.77,946.1996,-944.0534
379.4,-3335.2024,930.81714,-942.7744
379.41998,-3464.999,940.43115,-942.6145
379.44,-3402.5044,937.0663,-943.254
379.46,-3344.817,944.5972,-942.2948
379.47998,-3604.4102,935.3037,-941.6552
379.5,-3416.9263,935.94464,-941.6552
379.52,-3340.0098,942.03345,-942.2948
379.53998,-3364.0461,945.7189,-941.49536
379.56,-3181.3696,959.0183,-941.975
379.58,-3224.635,953.5704,-941.01575
379.6,-3565.9517,933.70135,-941.8151
379.62,-3373.661,934.9832,-941.01575
379.63998,-3407.3115,937.7072,-941.01575
379.66,-3277.5151,938.989,-940.3762
379.68,-3243.8643,941.8732,-942.2948
379.69998,-3412.119,934.0218,-940.85583
379.72,-3359.2388,942.83466,-940.85583
379.74,-3378.468,930.49664,-941.01575
379.75998,-3200.5986,949.88495,-940.05646
379.78,-3392.89,938.8288,-940.2163
379.8,-3287.1296,947.96216,-939.8966
379.81998,-3455.3843,929.8557,-940.5361
379.84,-3368.8535,946.1996,-939.7367
379.86,-3388.0825,937.3867,-941.6552
379.88,-3489.0354,935.14343,-939.8966
379.9,-3320.7805,943.4756,-941.01575
379.91998,-3431.348,939.3095,-939.4169
379.94,-3484.2283,932.7399,-939.8966
379.96,-3330.3953,951.4873,-938.61755
379.97998,-3335.2024,939.3095,-939.4169
380.0,-3373.661,936.5856,-939.4169
380.02,-3373.661,939.14923,-939.5768
380.03998,-3614.0244,936.42535,-939.4169
380.06,-3489.0354,933.8616,-938.93726
380.08,-3349.6245,937.7072,-938.93726
380.1,-3489.0354,933.70135,-938.2977
380.12,-3551.53,929.8557,-937.49835
380.13998,-3373.661,941.2323,-937.97797
380.16,-3368.8535,948.6031,-938.61755
380.18,-3296.7441,944.437,-937.3385
380.19998,-3397.6973,941.5528,-938.61755
380.22,-3234.2498,943.4756,-937.65826
380.24,-3340.0098,930.49664,-938.4576
380.25998,-3291.937,947.96216,-938.1379
380.28,-3315.9734,940.43115,-937.1786
380.3,-3287.1296,947.48145,-936.8588
380.31998,-3364.0461,939.3095,-937.65826
380.34,-3460.192,933.0604,-937.0187
380.36,-3464.999,941.2323,-936.699
380.38,-3464.999,933.70135,-937.3385
380.4,-3469.8064,939.3095,-936.53906
380.41998,-3248.6714,937.7072,-936.53906
380.44,-3493.8425,932.90015,-936.3792
380.46,-3436.1553,936.7458,-936.0594
380.47998,-3287.1296,939.14923,-936.21936
380.5,-3556.3374,927.6124,-937.0187
380.52,-3306.359,934.6628,-935.5798
380.53998,-3325.5881,948.7633,-936.3792
380.56,-3445.77,936.2651,-935.2601
380.58,-3436.1553,923.7668,-935.89954
380.6,-3397.6973,940.5914,-934.6205
380.62,-3354.4316,944.9177,-935.10016
380.63998,-3392.89,953.5704,-934.9403
380.66,-3373.661,929.8557,-936.21936
380.68,-3263.0933,934.0218,-935.7397
380.69998,-3440.9626,926.4908,-935.2601
380.72,-3378.468,935.14343,-935.2601
380.74,-3272.7078,938.6686,-933.981
380.75998,-3392.89,932.4195,-934.3008
380.78,-3392.89,943.1551,-933.1816
380.8,-3455.3843,936.7458,-933.82117
380.81998,-3527.4937,933.8616,-933.50134
380.84,-3551.53,926.9715,-935.2601
380.86,-3618.832,913.83234,-934.3008
380.88,-3296.7441,936.10486,-934.3008
380.9,-3469.8064,922.4849,-934.14087
380.91998,-3311.166,943.7961,-932.8619
380.94,-3373.661,931.29785,-932.70197
380.96,-3359.2388,933.70135,-933.1816
380.97998,-3364.0461,940.2709,-933.50134
381.0,-3392.89,938.1879,-933.3415
381.02,-3623.6392,918.31885,-933.82117
381.03998,-3426.5408,925.0487,-933.1816
381.06,-3243.8643,935.7844,-933.1816
381.08,-3426.5408,933.22064,-932.06244
381.1,-3484.2283,937.7072,-931.423
381.12,-3306.359,938.989,-931.10315
381.13998,-3628.4465,922.6452,-932.8619
381.16,-3450.5771,929.375,-931.5828
381.18,-3464.999,934.3423,-932.3822
381.19998,-3335.2024,931.1376,-931.5828
381.22,-3200.5986,932.90015,-931.7427
381.24,-3551.53,936.42535,-931.7427
381.25998,-3349.6245,932.90015,-930.1439
381.28,-3412.119,934.6628,-930.4637
381.3,-3450.5771,927.1317,-931.423
381.31998,-3710.1702,914.9539,-931.263
381.34,-3291.937,939.14923,-929.66425
381.36,-3460.192,929.2148,-931.10315
381.38,-3527.4937,926.0101,-930.4637
381.4,-3556.3374,928.25336,-929.8241
381.41998,-3503.4573,922.4849,-929.3445
381.44,-3522.6863,921.6838,-929.5044
381.46,-3416.9263,938.989,-929.18463
381.47998,-3412.119,931.6183,-930.4637
381.5,-3291.937,927.9329,-929.3445
381.52,-3474.6135,928.41364,-929.5044
381.53998,-3517.879,927.4522,-929.3445
381.56,-3344.817,935.94464,-928.8648
381.58,-3580.3738,928.09314,-928.3852
381.6,-3407.3115,922.96564,-928.70496
381.62,-3484.2283,932.5797,-927.9056
381.63998,-3335.2024,934.6628,-928.22534
381.66,-3460.192,926.4908,-928.22534
381.68,-3195.7915,938.6686,-927.7457
381.69998,-3609.2173,926.65106,-927.4259
381.72,-3311.166,938.989,-926.9463
381.74,-3484.2283,913.0312,-927.4259
381.75998,-3397.6973,931.9388,-926.78644
381.78,-3186.1768,932.90015,-928.22534
381.8,-3388.0825,919.6007,-927.26605
381.81998,-3407.3115,918.1586,-928.0655
381.84,-3397.6973,930.97736,-926.30676
381.86,-3210.2134,930.3364,-926.78644
381.88,-3541.9153,917.3574,-925.82715
381.9,-3407.3115,937.547,-925.66724
381.91998,-3445.77,926.33057,-925.66724
381.94,-3200.5986,932.5797,-926.6266
381.96,-3647.6755,916.8767,-926.30676
381.97998,-3474.6135,922.0042,-926.14685
382.0,-3517.879,932.90015,-925.66724
382.02,-3469.8064,917.99835,-925.5074
382.03998,-3503.4573,930.81714,-925.34753
382.06,-3445.77,915.75507,-924.38824
382.08,-3392.89,932.4195,-924.70795
382.1,-3263.0933,941.713,-925.0277
382.12,-3373.661,931.1376,-925.34753
382.13998,-3224.635,918.31885,-925.0277
382.16,-3445.77,919.2803,-924.86786
382.18,-3436.1553,919.4405,-924.38824
382.19998,-3412.119,921.844,-924.0685
382.22,-3565.9517,927.9329,-922.6295
382.24,-3311.166,919.7609,-924.38824
382.25998,-3489.0354,918.79956,-923.42896
382.28,-3440.9626,935.4639,-923.42896
382.3,-3445.77,929.8557,-923.42896
382.31998,-3311.166,928.09314,-923.42896
382.34,-3340.0098,929.6955,-922.94934
382.36,-3426.5408,927.1317,-922.46967
382.38,-3388.0825,922.3247,-922.1499
382.4,-3412.119,914.313,-922.46967
382.41998,-3263.0933,923.92706,-923.42896
382.44,-3489.0354,926.8113,-922.1499
382.46,-3383.2751,926.65106,-922.46967
382.47998,-3306.359,923.44635,-921.99005
382.5,-3133.2969,930.0159,-922.1499
382.52,-3359.2388,923.60657,-920.87085
382.53998,-3489.0354,918.47906,-921.5104
382.56,-3412.119,926.33057,-921.1906
382.58,-3267.9006,938.1879,-921.1906
382.6,-3306.359,925.36914,-921.5104
382.62,-3315.9734,918.63934,-920.87085
382.63998,-3493.8425,906.78204,-921.1906
382.66,-3335.2024,926.65106,-920.2313
382.68,-3565.9517,923.12585,-920.2313
382.69998,-3359.2388,922.1645,-919.59186
382.72,-3378.468,922.4849,-920.0715
382.74,-3431.348,921.844,-919.59186
382.75998,-3296.7441,919.2803,-921.35046
382.78,-3224.635,919.4405,-920.0715
382.8,-3344.817,919.4405,-920.0715
382.81998,-3460.192,927.6124,-918.9523
382.84,-3436.1553,918.1586,-919.1122
382.86,-3489.0354,913.6721,-918.63257
382.88,-3392.89,913.3516,-918.9523
382.9,-3335.2024,925.5294,-918.3128
382.91998,-3493.8425,918.9598,-918.3128
382.94,-3460.192,914.1528,-919.7517
382.96,-3493.8425,911.2686,-918.63257
382.97998,-3267.9006,918.79956,-918.7924
383.0,-3527.4937,923.7668,-917.03375
383.02,-3460.192,915.75507,-917.51337
383.03998,-3436.1553,913.83234,-917.03375
383.06,-3392.89,904.21826,-918.47266
383.08,-3364.0461,911.90955,-917.3535
383.1,-3253.4788,919.4405,-917.3535
383.12,-3397.6973,915.11414,-917.3535
383.13998,-3219.828,946.3598,-916.07446
383.16,-3315.9734,931.1376,-916.07446
383.18,-3397.6973,917.3574,-916.3942
383.19998,-3455.3843,909.9867,-915.9146
383.22,-3320.7805,916.8767,-915.9146
383.24,-3311.166,911.10834,-916.8739
383.25998,-3383.2751,919.6007,-916.2344
383.28,-3426.5408,916.39606,-916.2344
383.3,-3402.5044,918.9598,-915.275
383.31998,-3344.817,910.4674,-915.43494
383.34,-3537.1082,913.1914,-914.7954
383.36,-3335.2024,922.3247,-915.1152
383.38,-3364.0461,922.1645,-914.31573
383.4,-3248.6714,907.9037,-915.7547
383.41998,-3440.9626,922.4849,-914.63556
383.44,-3306.359,917.3574,-914.9553
383.46,-3277.5151,917.1972,-914.31573
383.47998,-3344.817,915.59485,-913.8361
383.5,-3440.9626,917.99835,-913.3565
383.52,-3412.119,918.31885,-913.6763
383.53998,-3272.7078,913.0312,-913.6763
383.56,-3340.0098,914.4732,-913.8361
383.58,-3460.192,919.4405,-913.1966
383.6,-3604.4102,914.4732,-913.03674
383.62,-3301.5518,921.844,-913.3565
383.63998,-3392.89,917.037,-912.717
383.66,-3239.057,918.47906,-912.87683
383.68,-3633.2537,912.5505,-911.4379
383.69998,-3335.2024,908.70483,-913.1966
383.72,-3364.0461,913.99255,-912.0775
383.74,-3407.3115,922.1645,-912.5571
383.75998,-3416.9263,912.5505,-912.23737
383.78,-3344.817,903.8978,-911.7577
383.8,-3570.759,913.5119,-912.0775
383.81998,-3498.65,916.07556,-910.7984
383.84,-3368.8535,912.7107,-911.2781
383.86,-3320.7805,919.2803,-910.7984
383.88,-3253.4788,911.74927,-911.7577
383.9,-3474.6135,906.1411,-910.7984
383.91998,-3354.4316,912.5505,-911.59784
383.94,-3287.1296,914.7937,-911.1182
383.96,-3464.999,903.2569,-911.1182
383.97998,-3503.4573,906.46155,-910.15894
384.0,-3368.8535,909.0253,-910.63855
384.02,-3426.5408,910.4674,-909.8392
384.03998,-3234.2498,914.313,-910.63855
384.06,-3609.2173,905.8206,-909.8392
384.08,-3469.8064,914.6334,-909.999
384.1,-3373.661,919.12,-909.8392
384.12,-3354.4316,913.1914,-910.15894
384.13998,-3436.1553,910.3072,-910.15894
384.16,-3426.5408,905.5001,-908.8799
384.18,-3315.9734,919.2803,-909.3595
384.19998,-3349.6245,916.39606,-908.4002
384.22,-3508.2646,903.4171,-909.6793
384.24,-3219.828,905.3399,-908.72003
384.25998,-3402.5044,907.423,-909.51935
384.28,-3330.3953,911.42883,-908.24036
384.3,-3277.5151,916.2358,-908.08044
384.31998,-3551.53,903.8978,-907.76074
384.34,-3277.5151,912.23,-908.4002
384.36,-3301.5518,905.3399,-908.24036
384.38,-3320.7805,913.6721,-908.08044
384.4,-3359.2388,913.0312,-907.9206
384.41998,-3133.2969,918.9598,-907.2811
384.44,-3234.2498,903.57733,-907.6008
384.46,-3392.89,906.62177,-907.441
384.47998,-3287.1296,914.313,-907.12115
384.5,-3325.5881,913.99255,-905.8421
384.52,-3359.2388,910.147,-907.2811
384.53998,-3311.166,915.59485,-905.5224
384.56,-3301.5518,907.5832,-907.12115
384.58,-3378.468,903.2569,-906.9613
384.6,-3378.468,913.5119,-906.64154
384.62,-3152.526,917.037,-905.3625
384.63998,-3436.1553,905.3399,-905.5224
384.66,-3354.4316,906.46155,-905.8421
384.68,-3460.192,906.62177,-905.68225
384.69998,-3440.9626,899.7317,-906.32184
384.72,-3392.89,899.89197,-905.68225
384.74,-3412.119,902.6159,-905.8421
384.75998,-3436.1553,909.18555,-904.72296
384.78,-3296.7441,901.49426,-905.3625
384.8,-3426.5408,909.8265,-904.4032
384.81998,-3344.817,906.46155,-904.24335
384.84,-3359.2388,907.5832,-904.5631
384.86,-3296.7441,907.1025,-905.0428
384.88,-3565.9517,895.0849,-905.0428
384.9,-3320.7805,899.25104,-905.0428
384.91998,-3359.2388,906.62177,-904.4032
384.94,-3397.6973,909.18555,-903.76373
384.96,-3440.9626,906.46155,-903.1242
384.97998,-3412.119,904.21826,-903.4439
385.0,-3455.3843,911.2686,-903.1242
385.02,-3392.89,890.4381,-903.4439
385.03998,-3272.7078,908.5446,-903.9236
385.06,-3628.4465,897.9691,-903.6039
385.08,-3181.3696,926.4908,-902.9643
385.1,-3340.0098,909.0253,-902.6446
385.12,-3296.7441,905.98083,-902.9643
385.13998,-3320.7805,898.7703,-902.6446
385.16,-3421.7336,888.03467,-902.9643
385.18,-3335.2024,900.3726,-902.4847
385.19998,-3349.6245,902.13525,-902.80444
385.22,-3402.5044,897.00775,-902.80444
385.24,-3426.5408,893.48254,-901.84515
385.25998,-3450.5771,906.1411,-901.6853
385.28,-3325.5881,904.21826,-901.2057
385.3,-3354.4316,912.5505,-900.88586
385.31998,-3315.9734,903.73755,-901.6853
385.34,-3373.661,880.8241,-902.9643
385.36,-3349.6245,901.49426,-901.36554
385.38,-3412.119,902.9364,-901.6853
385.4,-3210.2134,924.568,-900.88586
385.41998,-3258.2861,900.2124,-901.0457
385.44,-3642.8684,898.61005,-900.40625
385.46,-3407.3115,899.7317,-900.88586
385.47998,-3460.192,897.9691,-900.40625
385.5,-3186.1768,900.3726,-901.2057
385.52,-3575.5664,893.96326,-899.9266
385.53998,-3253.4788,904.699,-900.5661
385.56,-3464.999,899.89197,-900.2464
385.58,-3344.817,898.1294,-900.2464
385.6,-3436.1553,889.1563,-899.9266
385.62,-3450.5771,907.7434,-899.2871
385.63998,-3287.1296,902.2955,-899.44696
385.66,-3426.5408,902.6159,-899.6068
385.68,-3315.9734,897.4884,-900.5661
385.69998,-3585.181,888.3551,-899.44696
385.72,-3445.77,911.74927,-899.2871
385.74,-3205.406,903.57733,-899.44696
385.75998,-3311.166,902.2955,-898.96735
385.78,-3349.6245,893.96326,-898.6475
385.8,-3272.7078,901.33405,-898.96735
385.81998,-3416.9263,905.0195,-898.1679
385.84,-3412.119,908.5446,-898.6475
385.86,-3445.77,898.7703,-898.8075
385.88,-3109.2605,904.21826,-898.96735
385.9,-3522.6863,899.25104,-898.6475
385.91998,-3239.057,906.94226,-898.1679
385.94,-3407.3115,898.93054,-897.8482
385.96,-3349.6245,909.0253,-897.36847
385.97998,-3325.5881,907.423,-897.8482
386.0,-3368.8535,897.4884,-897.6883
386.02,-3320.7805,904.21826,-897.8482
386.03998,-3349.6245,896.68726,-898.00806
386.06,-3282.3225,901.975,-897.5284
386.08,-3527.4937,887.55396,-896.729
386.1,-3373.661,889.63696,-897.6883
386.12,-3474.6135,902.13525,-896.56915
386.13998,-3335.2024,892.6814,-897.8482
386.16,-3508.2646,894.12354,-897.6883
386.18,-3445.77,897.6487,-897.04877
386.19998,-3378.468,894.28375,-896.88885
386.22,-3272.7078,901.975,-895.92957
386.24,-3412.119,893.6428,-896.729
386.25998,-3479.4207,886.7528,-896.0895
386.28,-3253.4788,894.76447,-896.40924
386.3,-3503.4573,896.52704,-895.92957
386.31998,-3378.468,901.81476,-896.729
386.34,-3248.6714,910.3072,-895.44995
386.36,-3455.3843,888.3551,-895.92957
386.38,-3325.5881,901.49426,-895.1302
386.4,-3445.77,895.2452,-895.1302
386.41998,-3652.483,881.465,-894.3308
386.44,-3272.7078,895.7258,-895.60986
386.46,-3320.7805,896.36676,-894.6506
386.47998,-3402.5044,887.87445,-895.60986
386.5,-3397.6973,896.36676,-895.44995
386.52,-3157.3333,909.8265,-894.6506
386.53998,-3287.1296,897.16797,-894.8104
386.56,-3349.6245,893.96326,-894.6506
386.58,-3335.2024,889.9574,-894.6506
386.6,-3320.7805,896.8475,-893.6913
386.62,-3330.3953,900.2124,-895.1302
386.63998,-3436.1553,878.5808,-894.3308
386.66,-3296.7441,899.41125,-894.01105
386.68,-3474.6135,888.6756,-894.17096
386.69998,-3484.2283,879.70245,-894.6506
386.72,-3248.6714,905.0195,-892.732
386.74,-3267.9006,899.89197,-893.3715
386.75998,-3440.9626,889.63696,-893.5314
386.78,-3041.9585,906.94226,-893.5314
386.8,-3440.9626,891.88025,-894.17096
386.81998,-3388.0825,895.7258,-892.5721
386.84,-3383.2751,884.82996,-893.3715
386.86,-3546.7227,886.1118,-893.05176
386.88,-3407.3115,885.9516,-893.2117
386.9,-3349.6245,901.33405,-891.77277
386.91998,-3291.937,886.5925,-893.2117
386.94,-3364.0461,893.0019,-892.2524
386.96,-3301.5518,899.09076,-892.732
386.97998,-3450.5771,876.658,-892.2524
387.0,-3368.8535,884.82996,-893.05176
387.02,-3402.5044,887.87445,-892.732
387.03998,-3248.6714,908.5446,-891.77277
387.06,-3388.0825,896.68726,-890.8135
387.08,-3344.817,905.98083,-891.45294
387.1,-3349.6245,893.1621,-891.61285
387.12,-3392.89,886.7528,-891.61285
387.13998,-3431.348,897.00775,-891.77277
387.16,-3580.3738,878.1001,-890.8135
387.18,-3104.4531,906.1411,-890.9733
387.19998,-3436.1553,893.0019,-890.4937
387.22,-3253.4788,895.4054,-890.8135
387.24,-3041.9585,894.444,-891.2931
387.25998,-3392.89,885.15045,-890.8135
387.28,-3215.0205,894.444,-889.8541
387.3,-3489.0354,887.87445,-890.9733
387.31998,-3407.3115,886.5925,-890.4937
387.34,-3210.2134,879.86273,-890.65356
387.36,-3359.2388,897.00775,-889.8541
387.38,-3412.119,901.33405,-889.21466
387.4,-3503.4573,871.3703,-889.6943
387.41998,-3392.89,884.82996,-889.8541
387.44,-3503.4573,892.3609,-890.01404
387.46,-3311.166,894.28375,-889.5344
387.47998,-3253.4788,888.6756,-890.1739
387.5,-3330.3953,893.80304,-889.05475
387.52,-3219.828,897.00775,-889.21466
387.53998,-3489.0354,886.7528,-888.4152
387.56,-3320.7805,886.4323,-888.57513
387.58,-3388.0825,891.55975,-888.4152
387.6,-3373.661,896.0463,-888.735
387.62,-3589.988,887.55396,-888.0955
387.63998,-3335.2024,891.72,-888.4152
387.66,-3513.0718,884.99023,-888.57513
387.68,-3325.5881,891.72,-888.57513
387.69998,-3479.4207,895.0849,-888.0955
387.72,-3541.9153,885.4709,-887.45593
387.74,-3503.4573,891.39954,-887.61584
387.75998,-3431.348,877.77966,-887.7757
387.78,-3239.057,887.7142,-888.735
387.8,-3200.5986,913.6721,-886.17694
387.81998,-3565.9517,886.2721,-887.7757
387.84,-3431.348,884.99023,-887.1362
387.86,-3503.4573,895.7258,-886.65656
387.88,-3455.3843,880.8241,-886.65656
387.9,-3205.406,886.913,-886.9763
387.91998,-3340.0098,889.3165,-886.65656
387.94,-3349.6245,889.9574,-886.3368
387.96,-3330.3953,889.3165,-887.1362
387.97998,-3229.4424,885.9516,-886.9763
388.0,-3599.6028,884.189,-886.49664
388.02,-3277.5151,895.8861,-886.017
388.03998,-3296.7441,887.55396,-885.6973
388.06,-3378.468,883.3879,-886.017
388.08,-3378.468,893.96326,-886.65656
388.1,-3416.9263,885.31067,-885.21765
388.12,-3287.1296,882.26624,-886.65656
388.13998,-3359.2388,896.20654,-886.17694
388.16,-3017.922,901.0136,-886.017
388.18,-3335.2024,882.42645,-884.8979
388.19998,-3320.7805,881.465,-885.5374
388.22,-3412.119,886.4323,-885.3775
388.24,-3402.5044,880.9844,-885.5374
388.25998,-3340.0098,892.6814,-885.8572
388.28,-3291.937,884.99023,-885.21765
388.3,-3416.9263,882.42645,-885.6973
388.31998,-3335.2024,886.1118,-885.21765
388.34,-3513.0718,875.8569,-885.21765
388.36,-3479.4207,883.8686,-883.459
388.38,-3359.2388,884.34924,-884.73804
388.4,-3407.3115,888.9961,-883.9386
388.41998,-3248.6714,895.4054,-885.05774
388.44,-3541.9153,888.3551,-884.8979
388.46,-3479.4207,873.4533,-885.3775
388.47998,-3354.4316,876.81824,-885.05774
388.5,-3392.89,884.99023,-884.09845
388.52,-3517.879,884.0288,-883.9386
388.53998,-3301.5518,888.9961,-884.25836
388.56,-3320.7805,881.1446,-883.9386
388.58,-3296.7441,889.3165,-883.29913
388.6,-3464.999,893.6428,-883.77875
388.62,-3190.9841,884.82996,-883.9386
388.63998,-3301.5518,881.7855,-884.09845
388.66,-3296.7441,888.1949,-882.9793
388.68,-3426.5408,883.8686,-882.9793
388.69998,-3315.9734,884.0288,-882.81946
388.72,-3123.6824,887.39374,-884.09845
388.74,-3373.661,872.65216,-883.29913
388.75998,-3301.5518,877.29895,-883.77875
388.78,-3450.5771,885.9516,-882.4997
388.8,-3460.192,886.2721,-882.9793
388.81998,-3253.4788,880.18317,-882.3398
388.84,-3469.8064,879.382,-882.65955
388.86,-3484.2283,868.0054,-882.0201
388.88,-3253.4788,885.7914,-882.4997
388.9,-3349.6245,887.23346,-882.4997
388.91998,-3469.8064,879.22174,-881.70026
388.94,-3320.7805,879.86273,-882.4997
388.96,-3364.0461,884.34924,-881.70026
388.97998,-3508.2646,884.0288,-881.5404
389.0,-3349.6245,892.8416,-880.9009
389.02,-3388.0825,883.0674,-881.22064
389.03998,-3479.4207,873.1329,-880.9009
389.06,-3315.9734,897.9691,-881.5404
389.08,-3541.9153,880.18317,-881.70026
389.1,-3311.166,884.189,-881.70026
389.12,-3296.7441,885.9516,-881.70026
389.13998,-3450.5771,875.2159,-881.3805
389.16,-3416.9263,888.03467,-880.1015
389.18,-3311.166,900.2124,-880.26135
389.19998,-3397.6973,875.05566,-880.741
389.22,-3460.192,887.7142,-879.9416
389.24,-3450.5771,884.82996,-880.4212
389.25998,-3633.2537,874.09424,-879.9416
389.28,-3200.5986,871.21,-880.5811
389.3,-3431.348,881.6253,-879.78174
389.31998,-3320.7805,880.6639,-879.4619
389.34,-3224.635,906.94226,-878.6626
389.36,-3291.937,883.7083,-880.4212
389.38,-3344.817,885.31067,-878.9823
389.4,-3330.3953,874.89545,-880.4212
389.41998,-3479.4207,877.13873,-879.6219
389.44,-3383.2751,879.86273,-879.78174
389.46,-3354.4316,891.07904,-879.1422
389.47998,-3455.3843,875.6966,-878.82245
389.5,-3450.5771,873.6136,-878.6626
389.52,-3301.5518,878.9013,-878.5027
389.53998,-3489.0354,874.41473,-880.1015
389.56,-3489.0354,880.8241,-878.34283
389.58,-3431.348,870.0884,-879.30206
389.6,-3464.999,883.8686,-878.82245
389.62,-3248.6714,884.82996,-879.30206
389.63998,-3325.5881,895.0849,-878.023
389.66,-3392.89,881.94574,-878.5027
389.68,-3431.348,881.1446,-878.1829
389.69998,-3368.8535,881.1446,-878.82245
389.72,-3657.29,878.7411,-878.1829
389.74,-3464.999,874.89545,-878.34283
389.75998,-3301.5518,880.8241,-878.023
389.78,-3349.6245,875.05566,-877.86316
389.8,-3402.5044,877.29895,-877.38354
389.81998,-3503.4573,868.3258,-877.86316
389.84,-3320.7805,875.2159,-878.1829
389.86,-3388.0825,879.22174,-877.0637
389.88,-3239.057,889.79724,-877.86316
389.9,-3349.6245,871.85095,-876.744
389.91998,-3118.8748,899.7317,-877.5434
389.94,-3450.5771,875.2159,-876.9039
389.96,-3311.166,879.22174,-877.0637
389.97998,-3320.7805,888.9961,-876.1045
390.0,-3364.0461,874.41473,-877.7033
390.02,-3455.3843,882.26624,-876.42426
390.03998,-3368.8535,876.1773,-876.9039
390.06,-3397.6973,876.3375,-876.5841
390.08,-3359.2388,879.22174,-876.5841
390.1,-3340.0098,893.48254,-876.2644
390.12,-3412.119,874.09424,-876.5841
390.13998,-3402.5044,878.5808,-876.2644
390.16,-3195.7915,884.0288,-875.94464
390.18,-3407.3115,866.8837,-876.5841
390.19998,-3378.468,875.8569,-875.78467
390.22,-3335.2024,877.77966,-876.42426
390.24,-3498.65,866.8837,-875.94464
390.25998,-3277.5151,877.29895,-876.42426
390.28,-3594.7957,863.6791,-874.98535
390.3,-3388.0825,871.5305,-875.30505
390.31998,-3397.6973,874.57495,-874.98535
390.34,-3282.3225,867.6849,-875.94464
390.36,-3200.5986,886.2721,-875.78467
390.38,-3373.661,879.86273,-875.30505
390.4,-3368.8535,875.5364,-875.6248
390.41998,-3440.9626,863.6791,-874.98535
390.44,-3618.832,875.8569,-874.82544
390.46,-3440.9626,869.127,-874.1859
390.47998,-3301.5518,875.8569,-874.34576
390.5,-3464.999,874.89545,-874.1859
390.52,-3378.468,870.8896,-874.98535
390.53998,-3195.7915,883.0674,-874.82544
390.56,-3623.6392,873.2931,-874.98535
390.58,-3445.77,877.77966,-874.6656
390.6,-3349.6245,884.66974,-874.1859
390.62,-3561.1445,863.6791,-873.86615
390.63998,-3215.0205,873.7738,-874.34576
390.66,-3166.9478,886.5925,-873.2266
390.68,-3287.1296,891.72,-874.02606
390.69998,-3493.8425,876.658,-874.02606
390.72,-3128.4895,876.0171,-873.3865
390.74,-3464.999,865.44165,-874.02606
390.75998,-3412.119,871.0498,-873.3865
390.78,-3416.9263,860.63464,-874.02606
390.8,-3412.119,872.17145,-872.90686
390.81998,-3291.937,864.96094,-873.86615
390.84,-3364.0461,865.44165,-873.3865
390.86,-3263.0933,873.4533,-873.0668
390.88,-3498.65,879.382,-872.1075
390.9,-3267.9006,885.4709,-872.747
390.91998,-3609.2173,857.91064,-872.58716
390.94,-3359.2388,877.61945,-872.58716
390.96,-3445.77,869.6077,-872.42725
390.97998,-3200.5986,880.02295,-872.90686
391.0,-3258.2861,889.63696,-872.747
391.02,-3469.8064,875.37616,-872.58716
391.03998,-3392.89,873.6136,-872.2674
391.06,-3484.2283,875.2159,-871.7877
391.08,-3489.0354,866.2428,-872.1075
391.1,-3364.0461,881.3048,-871.14825
391.12,-3340.0098,874.41473,-871.7877
391.13998,-3479.4207,868.4861,-872.2674
391.16,-3272.7078,884.189,-872.58716
391.18,-3311.166,867.20416,-871.7877
391.19998,-3460.192,868.96674,-872.42725
391.22,-3426.5408,872.65216,-871.3081
391.24,-3344.817,877.45917,-871.3081
391.25998,-3392.89,876.81824,-870.9883
391.28,-3282.3225,868.4861,-871.9476
391.3,-3407.3115,869.76794,-871.46796
391.31998,-3359.2388,870.5691,-871.3081
391.34,-3489.0354,862.237,-871.7877
391.36,-3282.3225,882.26624,-871.3081
391.38,-3479.4207,852.78314,-871.9476
391.4,-3455.3843,870.0884,-870.6686
391.41998,-3364.0461,865.60187,-870.9883
391.44,-3157.3333,879.22174,-870.02905
391.46,-3267.9006,869.6077,-871.7877
391.47998,-3445.77,859.3528,-870.50867
391.5,-3373.661,874.41473,-870.50867
391.52,-3412.119,869.92816,-870.02905
391.53998,-3378.468,879.54224,-870.8284
391.56,-3277.5151,874.41473,-869.5494
391.58,-3378.468,869.44745,-869.8692
391.6,-3421.7336,867.6849,-870.02905
391.62,-3455.3843,867.8451,-869.7093
391.63998,-3340.0098,869.76794,-870.3488
391.66,-3291.937,867.04395,-869.8692
391.68,-3378.468,872.65216,-869.5494
391.69998,-3253.4788,868.96674,-869.5494
391.72,-3364.0461,871.0498,-869.5494
391.74,-3229.4424,876.97845,-868.9099
391.75998,-3373.661,869.28723,-868.9099
391.78,-3489.0354,871.3703,-869.06976
391.8,-3263.0933,880.9844,-870.18896
391.81998,-3421.7336,874.41473,-869.3895
391.84,-3416.9263,867.04395,-869.2296
391.86,-3200.5986,874.89545,-868.9099
391.88,-3296.7441,867.20416,-868.5901
391.9,-3493.8425,861.11536,-867.9506
391.91998,-3378.468,873.2931,-868.5901
391.94,-3378.468,875.2159,-868.1105
391.96,-3421.7336,863.19836,-867.9506
391.97998,-3392.89,870.5691,-869.2296
392.0,-3599.6028,863.8393,-867.63086
392.02,-3176.5623,870.8896,-868.5901
392.03998,-3344.817,869.6077,-868.1105
392.06,-3306.359,869.44745,-867.7907
392.08,-3368.8535,864.6405,-867.471
392.1,-3455.3843,858.5516,-868.2703
392.12,-3373.661,858.5516,-867.7907
392.13998,-3354.4316,867.52466,-867.63086
392.16,-3551.53,862.0767,-867.471
392.18,-3378.468,840.7656,-868.2703
392.19998,-3061.1877,877.61945,-867.31104
392.22,-3392.89,866.8837,-866.99133
392.24,-3421.7336,877.29895,-866.5117
392.25998,-3340.0098,875.05566,-866.3518
392.28,-3570.759,858.39136,-867.7907
392.3,-3585.181,852.3024,-866.5117
392.31998,-3349.6245,867.6849,-866.99133
392.34,-3378.468,868.1656,-866.6716
392.36,-3513.0718,850.86035,-867.471
392.38,-3416.9263,866.403,-866.5117
392.4,-3431.348,862.8779,-866.8314
392.41998,-3450.5771,862.237,-866.3518
392.44,-3349.6245,870.7294,-866.8314
392.46,-3614.0244,858.39136,-865.7123
392.47998,-3364.0461,863.51886,-867.1512
392.5,-3484.2283,866.56323,-866.1919
392.52,-3243.8643,862.8779,-866.3518
392.53998,-3416.9263,867.04395,-866.3518
392.56,-3311.166,874.09424,-866.03204
392.58,-3301.5518,868.8065,-865.3925
392.6,-3378.468,863.8393,-865.7123
392.62,-3412.119,861.7563,-866.1919
392.63998,-3517.879,868.3258,-865.0728
392.66,-3133.2969,871.69073,-865.5524
392.68,-3402.5044,863.6791,-865.3925
392.69998,-3315.9734,868.0054,-865.0728
392.72,-3570.759,861.4358,-864.4332
392.74,-3364.0461,871.21,-865.23267
392.75998,-3368.8535,869.76794,-864.91284
392.78,-3133.2969,865.60187,-865.5524
392.8,-3402.5044,863.19836,-865.0728
392.81998,-3344.817,860.31415,-864.91284
392.84,-3296.7441,875.6966,-863.47394
392.86,-3291.937,867.36444,-864.1135
392.88,-3460.192,865.60187,-863.9536
392.9,-3474.6135,859.3528,-864.2734
392.91998,-3623.6392,856.46857,-865.5524
392.94,-3416.9263,862.0767,-864.59314
392.96,-3287.1296,873.7738,-864.59314
392.97998,-3412.119,858.07086,-864.59314
393.0,-3311.166,863.51886,-864.59314
393.02,-3291.937,863.51886,-863.9536
393.03998,-3392.89,869.6077,-863.7937
393.06,-3493.8425,846.534,-863.63385
393.08,-3340.0098,869.92816,-864.4332
393.1,-3373.661,854.3855,-863.7937
393.12,-3455.3843,857.59015,-863.63385
393.13998,-3407.3115,861.11536,-864.1135
393.16,-3239.057,872.0112,-863.15424
393.18,-3594.7957,855.0264,-862.9943
393.19998,-3392.89,868.6463,-862.8345
393.22,-3311.166,855.0264,-862.8345
393.24,-3431.348,866.56323,-862.9943
393.25998,-3397.6973,863.6791,-862.8345
393.28,-3416.9263,860.4744,-862.51465
393.3,-3171.7551,869.92816,-863.3141
393.31998,-3330.3953,869.44745,-862.8345
393.34,-3277.5151,864.4803,-862.8345
393.36,-3484.2283,860.4744,-862.1949
393.38,-3388.0825,861.59607,-863.15424
393.4,-3373.661,866.56323,-862.3548
393.41998,-3368.8535,860.9551,-862.67456
393.44,-3340.0098,855.66736,-863.15424
393.46,-3392.89,849.4182,-862.03503
393.47998,-3330.3953,871.21,-862.3548
393.5,-3315.9734,865.9223,-861.8752
393.52,-3344.817,867.6849,-862.03503
393.53998,-3320.7805,860.63464,-862.03503
393.56,-3234.2498,864.1598,-863.15424
393.58,-3344.817,861.2756,-861.3955
393.6,-3388.0825,857.91064,-862.3548
393.62,-3349.6245,857.2697,-861.5554
393.63998,-3311.166,860.9551,-861.8752
393.66,-3489.0354,854.065,-861.07574
393.68,-4412.0327,842.2077,-859.1572
393.69998,-3320.7805,868.4861,-860.4363
393.72,-3388.0825,848.61707,-862.03503
393.74,-3532.301,843.9703,-862.1949
393.75998,-3311.166,860.31415,-861.3955
393.78,-3402.5044,853.74457,-861.3955
393.8,-3392.89,866.56323,-860.27637
393.81998,-3378.468,863.6791,-860.756
393.84,-3479.4207,855.8276,-860.4363
393.86,-3450.5771,855.98785,-860.756
393.88,-3412.119,861.11536,-860.11646
393.9,-3407.3115,847.1749,-861.5554
393.91998,-3229.4424,859.3528,-860.27637
393.94,-3224.635,871.85095,-861.07574
393.96,-3267.9006,863.6791,-860.9159
393.97998,-3301.5518,855.0264,-860.756
394.0,-3383.2751,856.46857,-859.63684
394.02,-3190.9841,857.42993,-860.11646
394.03998,-3263.0933,854.5457,-860.11646
394.06,-3479.4207,855.8276,-860.5961
394.08,-3392.89,867.36444,-859.63684
394.1,-3176.5623,863.19836,-859.63684
394.12,-3589.988,857.59015,-859.3171
394.13998,-3397.6973,858.7118,-859.3171
394.16,-3431.348,858.39136,-859.3171
394.18,-3340.0098,856.789,-858.67755
394.19998,-3277.5151,852.94336,-860.11646
394.22,-3388.0825,856.1481,-858.9973
394.24,-3190.9841,866.8837,-859.63684
394.25998,-3455.3843,844.93164,-859.7967
394.28,-3061.1877,868.96674,-859.477
394.3,-3589.988,863.19836,-858.5177
394.31998,-3412.119,856.9492,-858.5177
394.34,-3412.119,859.0323,-858.3578
394.36,-3272.7078,856.3083,-859.3171
394.38,-3205.406,864.32,-858.8374
394.4,-3388.0825,856.1481,-858.5177
394.41998,-3407.3115,858.23114,-858.3578
394.44,-3368.8535,857.59015,-858.67755
394.46,-3392.89,848.7773,-858.5177
394.47998,-3426.5408,846.534,-858.19794
394.5,-3412.119,854.3855,-858.19794
394.52,-3402.5044,859.0323,-858.0381
394.53998,-3412.119,838.52234,-859.7967
394.56,-3570.759,847.4954,-858.0381
394.58,-3436.1553,856.6288,-857.8782
394.6,-3431.348,844.6112,-858.3578
394.62,-3373.661,862.0767,-857.5584
394.63998,-3474.6135,848.7773,-857.07874
394.66,-3359.2388,846.8545,-857.8782
394.68,-3368.8535,849.5784,-857.71826
394.69998,-3412.119,862.237,-857.23865
394.72,-3426.5408,852.46265,-857.71826
394.74,-3171.7551,859.3528,-857.3985
394.75998,-3527.4937,854.70593,-857.3985
394.78,-3349.6245,866.403,-857.07874
394.8,-3431.348,852.1422,-856.9189
394.81998,-3325.5881,855.3469,-856.11945
394.84,-3109.2605,860.4744,-857.71826
394.86,-3325.5881,852.6229,-856.9189
394.88,-3373.661,855.8276,-856.9189
394.9,-3325.5881,854.2253,-856.9189
394.91998,-3243.8643,855.50714,-856.75903
394.94,-3503.4573,844.93164,-856.11945
394.96,-3503.4573,846.8545,-856.5991
394.97998,-3431.348,851.02057,-855.63983
395.0,-3263.0933,840.2849,-856.75903
395.02,-3282.3225,864.8007,-856.27936
395.03998,-3440.9626,850.86035,-856.27936
395.06,-3215.0205,859.3528,-856.75903
395.08,-3378.468,851.8217,-855.79974
395.1,-3373.661,863.9996,-855.63983
395.12,-3532.301,848.13635,-855.0003
395.13998,-3378.468,855.98785,-855.63983
395.16,-3594.7957,843.9703,-855.0003
395.18,-3330.3953,855.3469,-856.4392
395.19998,-3003.5002,882.26624,-855.63983
395.22,-3589.988,850.53986,-855.48
395.24,-3426.5408,850.86035,-855.48
395.25998,-3388.0825,855.8276,-855.32007
395.28,-3474.6135,851.982,-854.36084
395.3,-3133.2969,855.3469,-855.48
395.31998,-3330.3953,847.97614,-854.68054
395.34,-3330.3953,857.2697,-855.0003
395.36,-3392.89,855.0264,-855.0003
395.38,-3099.646,863.35864,-854.2009
395.4,-3445.77,856.1481,-854.5207
395.41998,-3445.77,858.23114,-854.041
395.44,-3383.2751,852.1422,-854.2009
395.46,-3402.5044,851.982,-853.24164
395.47998,-3267.9006,852.6229,-854.68054
395.5,-3378.468,855.8276,-853.72125
395.52,-3306.359,854.2253,-854.5207
395.53998,-3570.759,835.9586,-853.88116
395.56,-3142.9114,865.9223,-853.72125
395.58,-3522.6863,841.8872,-852.9219
395.6,-3426.5408,857.59015,-853.40155
395.62,-3489.0354,851.6615,-853.40155
395.63998,-3315.9734,854.065,-854.041
395.66,-3142.9114,860.79486,-853.5614
395.68,-3445.77,841.5667,-854.041
395.69998,-3508.2646,844.2907,-853.40155
395.72,-3229.4424,858.8721,-853.0818
395.74,-3373.661,868.8065,-851.96265
395.75998,-3551.53,840.4451,-852.44226
395.78,-3440.9626,847.97614,-853.24164
395.8,-3464.999,856.1481,-852.44226
395.81998,-3315.9734,852.78314,-853.5614
395.84,-3215.0205,862.237,-852.28235
395.86,-3455.3843,842.68835,-853.40155
395.88,-3340.0098,846.6942,-852.6021
395.9,-3243.8643,866.0825,-852.44226
395.91998,-3445.77,855.50714,-851.96265
395.94,-3253.4788,850.86035,-852.6021
395.96,-3416.9263,844.6112,-852.44226
395.97998,-3340.0098,860.15393,-851.32306
396.0,-3354.4316,851.5013,-852.1225
396.02,-3407.3115,859.0323,-851.80273
396.03998,-3508.2646,850.53986,-851.96265
396.06,-3392.89,842.3679,-852.44226
396.08,-3402.5044,843.3293,-851.0033
396.1,-3479.4207,850.53986,-850.5236
396.12,-3147.7188,857.42993,-851.80273
396.13998,-3412.119,857.59015,-850.5236
396.16,-3277.5151,855.50714,-851.32306
396.18,-3412.119,850.53986,-850.6836
396.19998,-3210.2134,857.7504,-851.0033
396.22,-3464.999,854.2253,-849.7243
396.24,-3219.828,859.3528,-850.3638
396.25998,-3330.3953,849.8989,-850.5236
396.28,-3239.057,861.9165,-850.84344
396.3,-3609.2173,836.27905,-851.1632
396.31998,-3397.6973,855.0264,-850.6836
396.34,-3248.6714,862.0767,-851.1632
396.36,-3349.6245,856.789,-849.5644
396.38,-3585.181,842.68835,-850.84344
396.4,-3431.348,845.73285,-849.5644
396.41998,-3426.5408,840.4451,-849.7243
396.44,-3373.661,850.05914,-849.5644
396.46,-3320.7805,845.5726,-850.5236
396.47998,-3017.922,863.8393,-850.5236
396.5,-3450.5771,857.2697,-849.5644
396.52,-3436.1553,853.4241,-849.7243
396.53998,-3474.6135,855.66736,-848.765
396.56,-3493.8425,847.81586,-848.2854
396.58,-3065.9949,854.065,-849.40454
396.6,-3267.9006,855.8276,-849.40454
396.62,-3306.359,855.98785,-849.2446
396.63998,-3373.661,850.53986,-849.5644
396.66,-3157.3333,847.97614,-850.2039
396.68,-3455.3843,852.78314,-848.765
396.69998,-3416.9263,842.2077,-848.6051
396.72,-3436.1553,840.92584,-848.92487
396.74,-3527.4937,843.9703,-848.2854
396.75998,-3272.7078,847.0147,-849.2446
396.78,-3215.0205,857.7504,-848.1255
396.8,-3455.3843,843.3293,-848.765
396.81998,-3378.468,846.8545,-848.2854
396.84,-3508.2646,846.534,-848.1255
396.86,-3484.2283,838.68256,-847.8057
396.88,-3445.77,848.13635,-847.9656
396.9,-3407.3115,862.8779,-847.48596
396.91998,-3354.4316,847.3352,-848.6051
396.94,-3570.759,837.2405,-847.9656
396.96,-3484.2283,842.0474,-847.8057
396.97998,-3474.6135,845.0919,-848.1255
397.0,-3431.348,836.59955,-847.6458
397.02,-3402.5044,849.258,-848.1255
397.03998,-3474.6135,844.1305,-847.3261
397.06,-3402.5044,847.65564,-847.8057
397.08,-3474.6135,846.534,-847.1662
397.1,-3306.359,857.7504,-847.3261
397.12,-3291.937,838.68256,-847.00635
397.13998,-3412.119,846.534,-846.84644
397.16,-3469.8064,847.3352,-847.3261
397.18,-3306.359,849.258,-847.48596
397.19998,-3440.9626,847.97614,-846.84644
397.22,-3301.5518,841.8872,-847.3261
397.24,-3354.4316,845.5726,-846.3668
397.25998,-3397.6973,844.2907,-846.84644
397.28,-3412.119,845.0919,-847.3261
397.3,-3296.7441,861.11536,-847.00635
397.31998,-3570.759,827.4662,-847.3261
397.34,-3546.7227,832.5937,-846.3668
397.36,-3373.661,843.16907,-846.84644
397.38,-3359.2388,843.9703,-846.2069
397.4,-3354.4316,836.11884,-847.48596
397.41998,-3383.2751,841.2463,-846.04706
397.44,-3416.9263,844.1305,-846.5267
397.46,-3315.9734,851.1808,-845.88715
397.47998,-3306.359,851.02057,-845.7273
397.5,-3585.181,832.9141,-845.5674
397.52,-3397.6973,844.1305,-846.04706
397.53998,-3431.348,841.2463,-845.4075
397.56,-3469.8064,842.52814,-846.04706
397.58,-3272.7078,858.5516,-845.7273
397.6,-3450.5771,843.16907,-845.5674
397.62,-3287.1296,837.4007,-846.04706
397.63998,-3522.6863,849.7387,-844.92786
397.66,-3344.817,840.2849,-845.5674
397.68,-3503.4573,838.20184,-844.4482
397.69998,-3464.999,850.37964,-844.768
397.72,-3397.6973,841.8872,-844.4482
397.74,-3359.2388,848.9375,-845.7273
397.75998,-3474.6135,850.37964,-844.60815
397.78,-3633.2537,819.6147,-846.04706
397.8,-3378.468,843.81,-844.4482
397.81998,-3503.4573,836.27905,-844.768
397.84,-3541.9153,817.5316,-845.4075
397.86,-3239.057,850.7001,-844.2883
397.88,-3301.5518,848.4568,-843.96857
397.9,-3421.7336,831.95276,-844.2883
397.91998,-3349.6245,844.2907,-844.4482
397.94,-3392.89,847.0147,-844.4482
397.96,-3508.2646,850.7001,-843.64886
397.97998,-3373.661,840.92584,-843.96857
398.0,-3392.89,849.4182,-843.48895
398.02,-3359.2388,845.89307,-843.64886
398.03998,-3282.3225,839.8042,-845.08777
398.06,-3378.468,833.55505,-843.48895
398.08,-3282.3225,850.86035,-843.8087
398.1,-3503.4573,841.8872,-842.8494
398.12,-3195.7915,848.13635,-843.64886
398.13998,-3532.301,826.50476,-843.3291
398.16,-3445.77,827.94684,-843.1692
398.18,-3359.2388,848.9375,-842.05
398.19998,-3234.2498,844.4509,-843.3291
398.22,-3325.5881,850.05914,-843.64886
398.24,-3426.5408,844.93164,-842.6896
398.25998,-3311.166,840.6054,-843.0093
398.28,-3397.6973,837.5609,-842.52966
398.3,-3378.468,862.237,-842.20996
398.31998,-3388.0825,849.258,-840.9309
398.34,-3335.2024,835.4779,-842.20996
398.36,-3392.89,835.1574,-841.7303
398.38,-3267.9006,848.4568,-842.52966
398.4,-3070.802,841.08606,-842.05
398.41998,-3537.1082,834.6767,-842.6896
398.44,-3330.3953,849.8989,-841.7303
398.46,-3388.0825,840.4451,-842.20996
398.47998,-3460.192,839.3235,-840.77094
398.5,-3219.828,835.3176,-841.89014
398.52,-3325.5881,842.68835,-841.4105
398.53998,-3335.2024,836.92,-841.4105
398.56,-3340.0098,843.9703,-841.4105
398.58,-3147.7188,860.4744,-840.6111
398.6,-3609.2173,840.1247,-841.4105
398.62,-3234.2498,847.97614,-841.09076
398.63998,-3253.4788,840.6054,-841.09076
398.66,-3397.6973,825.3831,-840.9309
398.68,-3200.5986,836.27905,-841.7303
398.69998,-3421.7336,841.2463,-840.45123
398.72,-3364.0461,844.7714,-841.09076
398.74,-3440.9626,832.5937,-841.09076
398.75998,-3195.7915,844.6112,-840.9309
398.78,-3392.89,829.8697,-840.6111
398.8,-3474.6135,847.1749,-840.45123
398.81998,-3354.4316,846.534,-840.6111
398.84,-3181.3696,840.92584,-840.77094
398.86,-3243.8643,845.41235,-840.9309
398.88,-3440.9626,832.4334,-840.1315
398.9,-3330.3953,835.79834,-840.6111
398.91998,-3364.0461,840.6054,-840.1315
398.94,-3436.1553,832.2732,-840.2913
398.96,-3479.4207,818.65326,-839.0123
398.97998,-3421.7336,841.5667,-840.1315
399.0,-3436.1553,837.2405,-839.49194
399.02,-3392.89,838.3621,-840.6111
399.03998,-3330.3953,845.89307,-839.6518
399.06,-3522.6863,836.59955,-839.8117
399.08,-3460.192,831.95276,-839.6518
399.1,-3388.0825,842.2077,-839.1722
399.12,-3455.3843,842.84863,-838.2129
399.13998,-3152.526,840.2849,-839.49194
399.16,-3373.661,843.16907,-838.8524
399.18,-3315.9734,841.4065,-839.33203
399.19998,-3359.2388,846.0533,-838.5327
399.22,-3152.526,833.39484,-839.0123
399.24,-3546.7227,827.7866,-839.33203
399.25998,-3186.1768,845.5726,-838.69257
399.28,-3426.5408,835.6381,-838.69257
399.3,-3344.817,826.34454,-838.5327
399.31998,-3450.5771,831.47205,-839.0123
399.34,-3315.9734,836.75977,-838.05304
399.36,-3359.2388,838.52234,-838.69257
399.38,-3349.6245,838.84283,-838.2129
399.4,-3344.817,856.789,-838.2129
399.41998,-3565.9517,831.7925,-837.7333
399.44,-3311.166,844.1305,-837.5734
399.46,-3296.7441,843.81,-837.8931
399.47998,-3287.1296,843.9703,-837.5734
399.5,-3690.9412,818.8135,-838.2129
399.52,-3234.2498,836.4393,-837.4135
399.53998,-3431.348,835.6381,-837.09375
399.56,-3344.817,841.727,-837.5734
399.58,-3517.879,831.95276,-837.09375
399.6,-3570.759,821.21704,-836.2944
399.62,-3162.1404,841.727,-837.5734
399.63998,-3416.9263,831.7925,-836.61414
399.66,-3291.937,837.7212,-837.5734
399.68,-3618.832,834.5165,-835.97455
399.69998,-3412.119,838.68256,-837.09375
399.72,-3364.0461,829.389,-836.61414
399.74,-3340.0098,840.92584,-836.4542
399.75998,-3436.1553,828.1071,-835.97455
399.78,-3267.9006,839.00305,-836.61414
399.8,-3412.119,842.0474,-836.1345
399.81998,-3335.2024,834.837,-836.61414
399.84,-3416.9263,832.7539,-836.61414
399.86,-3219.828,845.41235,-835.49493
399.88,-3565.9517,824.9024,-836.4542
399.9,-3373.661,833.71533,-835.6548
399.91998,-3392.89,826.34454,-836.2944
399.94,-3296.7441,832.7539,-835.8147
399.96,-3166.9478,838.84283,-836.2944
399.97998,-3330.3953,837.08026,-835.6548
400.0,-3282.3225,841.08606,-836.1345
400.02,-3484.2283,834.6767,-835.1752
400.03998,-3152.526,844.4509,-835.49493
400.06,-3431.348,832.9141,-834.2159
400.08,-3436.1553,830.3504,-835.1752
400.1,-3464.999,831.63226,-834.6955
400.12,-3359.2388,817.69183,-835.1752
400.13998,-3311.166,841.5667,-835.1752
400.16,-3469.8064,834.9972,-835.0153
400.18,-3484.2283,825.7036,-835.0153
400.19998,-3373.661,813.0451,-835.97455
400.22,-3436.1553,846.6942,-834.2159
400.24,-3537.1082,830.1901,-833.57635
400.25998,-3388.0825,841.8872,-834.2159
400.28,-3291.937,831.31177,-833.73627
400.3,-3392.89,831.15155,-835.1752
400.31998,-3181.3696,854.065,-833.8962
400.34,-3503.4573,836.11884,-833.8962
400.36,-3277.5151,834.35626,-833.8962
400.38,-3378.468,821.858,-834.2159
400.4,-3532.301,827.3059,-832.9369
400.41998,-3147.7188,830.67084,-834.2159
400.44,-3320.7805,830.5106,-833.8962
400.46,-3416.9263,838.68256,-832.9369
400.47998,-3388.0825,827.1457,-833.8962
400.5,-3200.5986,830.0299,-833.8962
400.52,-3450.5771,829.0685,-832.6171
400.53998,-3354.4316,834.196,-832.9369
400.56,-3354.4316,830.0299,-833.09674
400.58,-3215.0205,836.92,-831.9776
400.6,-3118.8748,841.727,-834.2159
400.62,-3335.2024,830.5106,-832.6171
400.63998,-3431.348,829.389,-832.9369
400.66,-3239.057,835.3176,-832.9369
400.68,-3258.2861,842.2077,-832.777
400.69998,-3440.9626,818.49304,-831.9776
400.72,-3464.999,830.3504,-831.8177
400.74,-3335.2024,827.7866,-832.13745
400.75998,-3315.9734,816.41003,-833.09674
400.78,-3195.7915,831.15155,-832.6171
400.8,-3431.348,826.02405,-832.6171
400.81998,-3340.0098,837.5609,-831.8177
400.84,-3325.5881,830.5106,-831.9776
400.86,-3368.8535,838.84283,-831.65784
400.88,-3359.2388,826.9855,-830.8584
400.9,-3335.2024,832.7539,-831.498
400.91998,-3575.5664,826.02405,-831.17816
400.94,-3335.2024,828.90826,-832.6171
400.96,-3378.468,840.4451,-831.498
400.97998,-3412.119,818.17255,-832.2973
401.0,-3306.359,837.7212,-831.3381
401.02,-3392.89,820.7363,-830.8584
401.03998,-3349.6245,820.7363,-831.0183
401.06,-3142.9114,834.03577,-830.8584
401.08,-3253.4788,827.6264,-831.17816
401.1,-3392.89,835.1574,-830.3788
401.12,-3330.3953,827.1457,-830.8584
401.13998,-3056.3804,846.21356,-831.17816
401.16,-3474.6135,826.18427,-830.3788
401.18,-3349.6245,821.05676,-830.53864
401.19998,-3368.8535,826.665,-830.21893
401.22,-3210.2134,835.79834,-829.25964
401.24,-3368.8535,819.134,-831.17816
401.25998,-3315.9734,827.1457,-829.4195
401.28,-3282.3225,827.94684,-830.53864
401.3,-3291.937,827.3059,-829.57935
401.31998,-3388.0825,826.18427,-830.059
401.34,-3469.8064,809.03925,-828.9399
401.36,-3253.4788,825.2229,-829.73926
401.38,-3383.2751,826.34454,-828.62006
401.4,-3392.89,834.6767,-829.25964
401.41998,-3190.9841,834.03577,-829.8991
401.44,-3296.7441,827.94684,-829.57935
401.46,-3325.5881,822.6591,-829.57935
401.47998,-3368.8535,835.9586,-828.30035
401.5,-3407.3115,826.82526,-828.62006
401.52,-3378.468,822.3387,-828.30035
401.53998,-3315.9734,830.1901,-828.4602
401.56,-3378.468,824.9024,-828.62006
401.58,-3219.828,830.1901,-829.09973
401.6,-3392.89,839.9645,-828.4602
401.62,-3657.29,810.1609,-828.62006
401.63998,-3402.5044,825.2229,-828.14044
401.66,-3282.3225,827.1457,-828.14044
401.68,-3464.999,820.89655,-827.5009
401.69998,-3229.4424,831.7925,-828.30035
401.72,-3436.1553,824.2615,-827.82074
401.74,-3301.5518,826.02405,-827.9806
401.75998,-3450.5771,832.9141,-827.6608
401.78,-3484.2283,827.3059,-827.6608
401.8,-3315.9734,831.47205,-827.6608
401.81998,-3311.166,835.3176,-827.0213
401.84,-3416.9263,826.18427,-827.18115
401.86,-3287.1296,826.34454,-826.70154
401.88,-3215.0205,829.0685,-828.14044
401.9,-3340.0098,826.665,-827.0213
401.91998,-3320.7805,825.86383,-827.5009
401.94,-3407.3115,804.39246,-827.0213
401.96,-3354.4316,826.34454,-826.86145
401.97998,-3210.2134,832.2732,-826.22186
402.0,-3407.3115,819.2942,-826.70154
402.02,-3301.5518,818.8135,-826.3818
402.03998,-3340.0098,833.71533,-826.062
402.06,-3378.468,822.3387,-826.86145
402.08,-3402.5044,826.665,-825.4225
402.1,-3368.8535,826.665,-826.3818
402.12,-3344.817,826.02405,-825.74225
402.13998,-3200.5986,832.9141,-826.22186
402.16,-3469.8064,832.7539,-825.1027
402.18,-3503.4573,813.3656,-826.062
402.19998,-3383.2751,837.4007,-825.26263
402.22,-3277.5151,822.0182,-826.22186
402.24,-3638.0608,817.5316,-825.4225
402.25998,-3522.6863,804.39246,-825.9021
402.28,-3373.661,826.18427,-825.26263
402.3,-3392.89,822.9796,-825.1027
402.31998,-3412.119,846.8545,-824.30334
402.34,-3359.2388,825.2229,-824.4632
402.36,-3239.057,828.90826,-824.6231
402.38,-3335.2024,843.16907,-824.1435
402.4,-3340.0098,828.42755,-824.9428
402.41998,-3565.9517,815.7691,-824.30334
402.44,-3075.6096,844.2907,-825.1027
402.46,-3311.166,822.81934,-824.1435
402.47998,-3431.348,826.665,-824.4632
402.5,-3123.6824,840.1247,-823.6638
402.52,-3234.2498,823.62054,-824.4632
402.53998,-3147.7188,829.0685,-823.6638
402.56,-3291.937,822.4989,-823.9835
402.58,-3340.0098,817.3714,-823.9835
402.6,-3224.635,826.50476,-823.82367
402.62,-3364.0461,829.8697,-823.34406
402.63998,-3368.8535,826.34454,-822.86444
402.66,-3402.5044,826.665,-823.0243
402.68,-3335.2024,822.6591,-823.1842
402.69998,-3426.5408,819.7749,-823.9835
402.72,-3306.359,822.6591,-823.34406
402.74,-3320.7805,820.7363,-823.6638
402.75998,-3315.9734,827.3059,-822.7045
402.78,-3171.7551,834.6767,-823.0243
402.8,-3416.9263,818.17255,-822.5446
402.81998,-3335.2024,820.7363,-823.0243
402.84,-3258.2861,825.2229,-821.90515
402.86,-3239.057,817.2112,-823.82367
402.88,-3561.1445,812.56445,-822.86444
402.9,-3282.3225,823.30005,-822.7045
402.91998,-3344.817,824.7422,-822.38477
402.94,-3325.5881,817.2112,-821.90515
402.96,-3440.9626,820.7363,-821.7453
402.97998,-3450.5771,821.37726,-820.78595
403.0,-3320.7805,824.4217,-821.90515
403.02,-3320.7805,830.5106,-821.7453
403.03998,-3301.5518,823.62054,-822.38477
403.06,-3537.1082,808.879,-821.5853
403.08,-3263.0933,828.26733,-821.90515
403.1,-3426.5408,809.1995,-821.4255
403.12,-3436.1553,812.08374,-821.4255
403.13998,-3503.4573,813.5258,-820.46625
403.16,-3239.057,814.327,-820.94586
403.18,-3210.2134,825.0626,-820.46625
403.19998,-3368.8535,818.17255,-820.94586
403.22,-3412.119,814.64746,-821.1057
403.24,-3123.6824,828.42755,-820.46625
403.25998,-3320.7805,826.18427,-820.78595
403.28,-3114.0676,838.3621,-820.3063
403.3,-3325.5881,823.78076,-819.9866
403.31998,-3330.3953,823.30005,-819.18713
403.34,-3436.1553,817.2112,-820.3063
403.36,-3267.9006,819.45447,-819.34705
403.38,-3315.9734,821.5375,-820.6261
403.4,-3349.6245,828.74805,-819.6668
403.41998,-3359.2388,816.89075,-819.34705
403.44,-3508.2646,820.2556,-819.18713
403.46,-3325.5881,821.5375,-819.34705
403.47998,-3402.5044,823.30005,-818.7075
403.5,-3354.4316,808.879,-819.9866
403.52,-3532.301,806.63574,-819.34705
403.53998,-3392.89,813.68604,-819.34705
403.56,-3210.2134,823.941,-818.7075
403.58,-3253.4788,824.10126,-818.38776
403.6,-3354.4316,824.4217,-818.7075
403.62,-3479.4207,820.2556,-818.2279
403.63998,-3282.3225,816.89075,-818.38776
403.66,-3335.2024,817.69183,-817.9081
403.68,-3397.6973,816.89075,-819.6668
403.69998,-3287.1296,807.9176,-819.0273
403.72,-3412.119,811.92346,-819.0273
403.74,-3368.8535,818.65326,-817.9081
403.75998,-3359.2388,812.24396,-817.9081
403.78,-3402.5044,809.1995,-817.9081
403.8,-3147.7188,814.327,-817.7482
403.81998,-3378.468,813.3656,-817.42847
403.84,-3450.5771,811.92346,-817.9081
403.86,-3431.348,814.48724,-818.06805
403.88,-3094.8384,833.39484,-817.10876
403.9,-3489.0354,809.35974,-817.2686
403.91998,-3407.3115,812.7247,-816.94885
403.94,-3359.2388,818.49304,-816.629
403.96,-3359.2388,806.63574,-816.4692
403.97998,-3138.104,818.97375,-817.7482
404.0,-3378.468,814.96796,-817.10876
404.02,-3392.89,805.8346,-816.789
404.03998,-3378.468,816.73047,-816.3093
404.06,-3287.1296,829.5492,-817.2686
404.08,-3368.8535,802.6299,-816.4692
404.1,-3301.5518,817.8521,-816.3093
404.12,-3397.6973,815.44867,-815.98956
404.13998,-3263.0933,815.9293,-816.789
404.16,-3061.1877,833.87555,-816.4692
404.18,-3594.7957,807.9176,-816.1494
404.19998,-3258.2861,815.6089,-816.629
404.22,-3484.2283,822.0182,-815.1901
404.24,-3498.65,811.92346,-815.98956
404.25998,-3243.8643,820.5761,-815.1901
404.28,-3421.7336,817.0509,-815.5099
404.3,-3320.7805,818.3328,-815.5099
404.31998,-3215.0205,831.95276,-815.8297
404.34,-3224.635,827.94684,-814.7105
404.36,-3282.3225,813.0451,-815.35004
404.38,-3373.661,807.9176,-814.3908
404.4,-3296.7441,817.5316,-814.55066
404.41998,-3565.9517,809.03925,-813.5914
404.44,-3171.7551,807.59717,-815.1901
404.46,-3263.0933,814.16675,-814.3908
404.47998,-3344.817,833.71533,-814.071
404.5,-3464.999,812.7247,-814.3908
404.52,-3589.988,796.70123,-814.23083
404.53998,-3412.119,805.6743,-813.91113
404.56,-3498.65,807.2767,-813.4315
404.58,-3397.6973,809.51996,-813.7512
404.6,-3421.7336,803.2708,-813.7512
404.62,-3210.2134,820.41583,-814.23083
404.63998,-3258.2861,811.1223,-813.5914
404.66,-3205.406,819.134,-813.4315
404.68,-3301.5518,820.41583,-813.4315
404.69998,-3243.8643,820.89655,-813.5914
404.72,-3287.1296,806.155,-813.4315
404.74,-3287.1296,816.2498,-812.79193
404.75998,-3445.77,809.1995,-812.79193
404.78,-3239.057,814.16675,-813.1117
404.8,-3397.6973,804.072,-813.4315
404.81998,-3378.468,811.4428,-813.2716
404.84,-3416.9263,811.1223,-812.95184
404.86,-3344.817,818.49304,-811.99255
404.88,-3306.359,809.35974,-812.47217
404.9,-3296.7441,808.879,-812.15247
404.91998,-3282.3225,808.55853,-812.3123
404.94,-3325.5881,807.9176,-811.6728
404.96,-3133.2969,818.8135,-812.79193
404.97998,-3325.5881,815.1282,-812.15247
405.0,-3364.0461,801.66846,-812.3123
405.02,-3421.7336,806.155,-812.3123
405.03998,-3397.6973,810.8018,-811.5129
405.06,-3368.8535,812.24396,-810.7135
405.08,-3335.2024,811.603,-811.1932
405.1,-3364.0461,798.9445,-811.6728
405.12,-3474.6135,816.2498,-810.8734
405.13998,-3315.9734,813.8463,-811.5129
405.16,-3354.4316,835.79834,-810.39374
405.18,-3157.3333,811.4428,-811.5129
405.19998,-3349.6245,810.32117,-811.03326
405.22,-3426.5408,804.5527,-810.5536
405.24,-3383.2751,804.39246,-810.39374
405.25998,-3349.6245,805.8346,-811.1932
405.28,-3340.0098,809.35974,-809.9141
405.3,-3306.359,816.0896,-810.2339
405.31998,-3378.468,808.0779,-810.074
405.34,-3445.77,789.65094,-810.7135
405.36,-3128.4895,814.8077,-810.39374
405.38,-3378.468,809.84045,-810.074
405.4,-3604.4102,808.879,-809.59436
405.41998,-3248.6714,811.1223,-809.9141
405.44,-3445.77,807.2767,-810.5536
405.46,-3402.5044,800.3866,-810.074
405.47998,-3296.7441,807.7574,-810.074
405.5,-3388.0825,809.1995,-809.1147
405.52,-3080.4167,828.90826,-808.95483
405.53998,-3493.8425,802.6299,-809.1147
405.56,-3306.359,813.8463,-809.1147
405.58,-3383.2751,818.17255,-808.4752
405.6,-3440.9626,804.072,-809.43445
405.62,-3537.1082,805.8346,-808.95483
405.63998,-3301.5518,797.6626,-809.1147
405.66,-3277.5151,806.4755,-809.1147
405.68,-3291.937,806.155,-808.95483
405.69998,-3489.0354,806.79596,-808.4752
405.72,-3570.759,806.79596,-807.19617
405.74,-3392.89,809.03925,-807.6758
405.75998,-3315.9734,813.2054,-807.83563
405.78,-3287.1296,791.4135,-809.59436
405.8,-3306.359,798.78424,-807.83563
405.81998,-3484.2283,809.51996,-808.3153
405.84,-3464.999,809.03925,-807.356
405.86,-3248.6714,810.8018,-807.19617
405.88,-3402.5044,806.155,-806.7165
405.9,-3123.6824,808.3983,-807.356
405.91998,-3445.77,799.58545,-806.7165
405.94,-3253.4788,806.95624,-807.19617
405.96,-3614.0244,790.45215,-807.5159
405.97998,-3229.4424,790.7726,-807.19617
406.0,-3565.9517,789.4907,-807.5159
406.02,-3195.7915,809.84045,-806.87634
406.03998,-3354.4316,803.431,-806.3967
406.06,-3416.9263,802.7901,-806.3967
406.08,-3368.8535,801.1878,-807.19617
406.1,-3364.0461,819.7749,-806.2369
406.12,-3364.0461,801.0275,-807.03625
406.13998,-3320.7805,802.6299,-806.3967
406.16,-3344.817,816.0896,-806.077
406.18,-3532.301,805.6743,-805.2776
406.19998,-3253.4788,805.3539,-805.7572
406.22,-3460.192,801.348,-806.2369
406.24,-3344.817,807.2767,-806.2369
406.25998,-3349.6245,805.3539,-806.077
406.28,-3311.166,807.43695,-805.2776
406.3,-3325.5881,796.86145,-806.3967
406.31998,-3517.879,811.1223,-804.798
406.34,-3364.0461,804.5527,-805.11774
406.36,-3440.9626,796.54095,-804.798
406.38,-3450.5771,800.7071,-804.9578
406.4,-3368.8535,798.3035,-804.798
406.41998,-3277.5151,797.9831,-805.59735
406.44,-3003.5002,811.1223,-804.15845
406.46,-3498.65,793.4965,-805.11774
406.47998,-3364.0461,801.1878,-803.99854
406.5,-3450.5771,794.45795,-803.99854
406.52,-3359.2388,804.23224,-803.8387
406.53998,-3123.6824,805.8346,-804.798
406.56,-3301.5518,817.0509,-803.6788
406.58,-3373.661,801.98895,-803.8387
406.6,-3407.3115,795.5796,-804.63806
406.62,-3315.9734,797.6626,-804.47815
406.63998,-3484.2283,800.3866,-803.8387
406.66,-3344.817,805.9948,-803.1991
406.68,-3440.9626,799.58545,-803.6788
406.69998,-3335.2024,805.9948,-802.7195
406.72,-3239.057,812.7247,-803.5189
406.74,-3320.7805,801.348,-803.5189
406.75998,-3344.817,797.34216,-803.8387
406.78,-3532.301,801.50824,-802.55963
406.8,-3186.1768,804.5527,-803.359
406.81998,-3493.8425,790.45215,-801.9201
406.84,-3258.2861,804.39246,-802.7195
406.86,-3315.9734,807.43695,-802.07996
406.88,-3344.817,814.327,-802.07996
406.9,-3450.5771,800.5468,-802.07996
406.91998,-3436.1553,796.38074,-802.3998
406.94,-3157.3333,789.97144,-803.1991
406.96,-3349.6245,795.4193,-802.07996
406.97998,-3397.6973,807.7574,-801.9201
407.0,-3412.119,801.348,-801.60034
407.02,-3315.9734,801.82874,-801.1207
407.03998,-3445.77,796.86145,-800.9608
407.06,-3239.057,795.0989,-802.3998
407.08,-3118.8748,805.5141,-801.4405
407.1,-3589.988,783.8825,-800.8009
407.12,-3186.1768,813.8463,-800.8009
407.13998,-3291.937,793.0158,-801.1207
407.16,-3354.4316,793.817,-800.16144
407.18,-3176.5623,811.603,-801.1207
407.19998,-3325.5881,790.61237,-800.4812
407.22,-3320.7805,801.348,-800.8009
407.24,-3344.817,794.45795,-800.9608
407.25998,-3267.9006,805.8346,-800.8009
407.28,-3546.7227,786.286,-800.3213
407.3,-3320.7805,787.40765,-800.0016
407.31998,-3349.6245,804.87317,-798.8824
407.34,-3359.2388,807.9176,-798.8824
407.36,-3200.5986,799.9059,-800.3213
407.38,-3248.6714,803.5913,-799.04224
407.4,-3147.7188,821.37726,-799.52185
407.41998,-3296.7441,799.9059,-798.8824
407.44,-3258.2861,800.8673,-799.52185
407.46,-3489.0354,810.9621,-797.9231
407.47998,-3320.7805,800.7071,-798.4027
407.5,-3368.8535,803.2708,-798.24286
407.52,-3267.9006,796.54095,-799.20215
407.53998,-3306.359,789.3305,-799.362
407.56,-3253.4788,789.97144,-798.8824
407.58,-3349.6245,798.3035,-798.72253
407.6,-3287.1296,810.32117,-798.24286
407.62,-3291.937,797.5024,-798.08295
407.63998,-3349.6245,787.40765,-797.28357
407.66,-3373.661,790.7726,-797.28357
407.68,-3311.166,789.97144,-797.60333
407.69998,-3243.8643,792.6954,-798.56256
407.72,-3195.7915,799.4252,-796.64404
407.74,-3493.8425,792.0545,-797.4434
407.75998,-3315.9734,795.2591,-797.60333
407.78,-3239.057,805.19366,-796.80396
407.8,-3445.77,785.80536,-796.32434
407.81998,-3080.4167,792.53516,-797.28357
407.84,-3243.8643,789.1702,-796.64404
407.86,-3359.2388,779.5562,-797.12366
407.88,-3335.2024,799.10474,-796.4842
407.9,-3138.104,803.91174,-795.84467
407.91998,-3378.468,782.4404,-796.80396
407.94,-3503.4573,785.32465,-795.84467
407.96,-3253.4788,791.4135,-795.84467
407.97998,-3392.89,798.4638,-795.5249
408.0,-3051.573,799.58545,-796.16437
408.02,-3239.057,797.8229,-795.5249
408.03998,-3176.5623,813.0451,-795.68475
408.06,-3282.3225,793.65674,-795.5249
408.08,-3104.4531,810.32117,-795.20514
408.1,-3460.192,789.1702,-794.24585
408.12,-3224.635,801.1878,-794.5656
408.13998,-3359.2388,797.5024,-794.8853
408.16,-3263.0933,789.01,-795.5249
408.18,-3349.6245,789.01,-795.0452
408.19998,-3364.0461,797.9831,-794.4057
408.22,-3253.4788,793.3363,-794.8853
408.24,-3335.2024,789.1702,-794.72546
408.25998,-3431.348,792.53516,-794.4057
408.28,-3412.119,783.4018,-793.4464
408.3,-3354.4316,792.37494,-794.24585
408.31998,-3325.5881,790.93286,-794.086
408.34,-3282.3225,784.203,-795.5249
408.36,-3195.7915,785.6451,-793.9261
408.38,-3513.0718,792.2147,-794.4057
408.4,-3354.4316,777.95386,-793.7662
408.41998,-3272.7078,793.65674,-793.4464
408.44,-3234.2498,802.7901,-792.4871
408.46,-3162.1404,797.8229,-793.28656
408.47998,-3412.119,783.08136,-793.28656
408.5,-3219.828,797.9831,-793.1267
408.52,-3436.1553,791.0931,-793.4464
408.53998,-3373.661,807.43695,-792.4871
408.56,-3354.4316,778.5948,-793.4464
408.58,-3416.9263,786.1258,-793.28656
408.6,-3335.2024,791.4135,-792.4871
408.62,-3263.0933,781.6392,-792.0075
408.63998,-3229.4424,798.9445,-792.80695
408.66,-3330.3953,791.2533,-792.3273
408.68,-3282.3225,798.624,-792.3273
408.69998,-3344.817,786.286,-792.1674
408.72,-3373.661,788.6896,-792.4871
408.74,-3315.9734,792.8556,-790.88837
408.75998,-3253.4788,787.88837,-792.3273
408.78,-3325.5881,789.8112,-790.40875
408.8,-3277.5151,794.61816,-791.0482
408.81998,-3493.8425,780.35736,-790.88837
408.84,-3440.9626,784.6837,-791.20807
408.86,-3296.7441,785.16437,-791.5279
408.88,-3320.7805,803.431,-790.24884
408.9,-3364.0461,801.50824,-790.24884
408.91998,-3277.5151,785.9656,-789.76917
408.94,-3344.817,794.61816,-789.9291
408.96,-3306.359,789.4907,-790.24884
408.97998,-3315.9734,790.2919,-790.40875
409.0,-3114.0676,802.30945,-789.28955
409.02,-3306.359,784.3632,-790.40875
409.03998,-3277.5151,790.13165,-789.76917
409.06,-3282.3225,790.7726,-789.76917
409.08,-3440.9626,783.4018,-788.9698
409.1,-3210.2134,795.2591,-789.28955
409.12,-3325.5881,792.53516,-788.65
409.13998,-3272.7078,787.24744,-789.44946
409.16,-3421.7336,777.47314,-789.76917
409.18,-3157.3333,801.82874,-788.33026
409.19998,-3368.8535,778.2743,-788.65
409.22,-3296.7441,792.6954,-788.1704
409.24,-3291.937,790.45215,-788.1704
409.25998,-3296.7441,784.52344,-787.5308
409.28,-3186.1768,789.97144,-788.9698
409.3,-3407.3115,783.8825,-787.85065
409.31998,-3239.057,786.7667,-788.4902
409.34,-3359.2388,786.4463,-788.1704
409.36,-3123.6824,794.29767,-788.1704
409.38,-2979.4639,799.74567,-787.5308
409.4,-3349.6245,785.6451,-787.371
409.41998,-3291.937,797.8229,-786.89136
409.44,-3282.3225,783.7223,-787.85065
409.46,-3455.3843,782.4404,-788.1704
409.47998,-3263.0933,780.9983,-787.0512
409.5,-3315.9734,782.28015,-787.2111
409.52,-3340.0098,776.8322,-787.0512
409.53998,-3234.2498,791.2533,-786.57153
409.56,-3104.4531,806.155,-786.0919
409.58,-3301.5518,780.67786,-787.371
409.59998,-3368.8535,780.35736,-786.4117
409.62,-3340.0098,772.82635,-787.0512
409.63998,-3580.3738,773.7877,-786.25183
409.66,-3205.406,796.70123,-785.45245
409.68,-3335.2024,782.28015,-786.0919
409.69998,-3330.3953,793.4965,-785.29254
409.72,-3388.0825,781.6392,-785.1326
409.74,-3287.1296,776.8322,-785.45245
409.75998,-3181.3696,786.6065,-785.6123
409.78,-3325.5881,784.84393,-784.8129
409.8,-3195.7915,775.7106,-785.93207
409.81998,-3263.0933,784.3632,-785.29254
409.84,-3118.8748,785.48486,-784.9728
409.86,-3296.7441,780.8381,-784.9728
409.88,-3272.7078,788.20886,-784.0135
409.9,-3277.5151,780.5176,-784.0135
409.91998,-3354.4316,780.03687,-784.8129
409.94,-3287.1296,784.203,-784.17334
409.96,-3296.7441,789.01,-783.8536
409.97998,-3291.937,781.9597,-784.3333
410.0,-3364.0461,778.755,-784.3333
410.02,-3138.104,787.40765,-783.2141
410.03998,-3243.8643,785.9656,-783.6937
410.06,-3364.0461,784.3632,-782.73444
410.08,-3234.2498,782.9211,-783.37396
410.09998,-3282.3225,780.19714,-784.17334
410.12,-3315.9734,784.203,-782.8943
410.13998,-3349.6245,760.96906,-784.0135
410.16,-3392.89,782.76086,-782.5746
410.18,-3556.3374,778.4346,-782.4147
410.19998,-3171.7551,787.56793,-782.095
410.22,-3450.5771,774.5889,-782.2548
410.24,-3436.1553,768.6602,-782.4147
410.25998,-3397.6973,781.1585,-783.05426
410.28,-3291.937,786.4463,-782.095
410.3,-3282.3225,791.5738,-782.095
410.31998,-3397.6973,783.7223,-781.6153
410.34,-3239.057,785.9656,-781.77515
410.36,-3383.2751,775.55035,-780.65607
410.38,-3349.6245,785.9656,-780.8159
410.4,-3315.9734,784.3632,-780.97577
410.41998,-3330.3953,774.5889,-780.97577
410.44,-3340.0098,780.19714,-781.4554
410.46,-3508.2646,776.8322,-780.65607
410.47998,-3210.2134,771.8649,-781.1357
410.5,-3272.7078,780.19714,-780.65607
410.52,-3291.937,782.76086,-780.8159
410.53998,-3258.2861,777.95386,-780.1764
410.56,-3253.4788,780.9983,-780.97577
410.58,-3349.6245,779.0755,-779.53687
410.59998,-3335.2024,775.3901,-780.33624
410.62,-3287.1296,774.26843,-780.8159
410.63998,-3253.4788,775.22986,-779.8566
410.66,-3094.8384,785.6451,-780.0165
410.68,-3402.5044,777.47314,-779.0572
410.69998,-3364.0461,784.3632,-778.7374
410.72,-3320.7805,778.755,-779.37695
410.74,-3195.7915,771.224,-780.1764
410.75998,-3349.6245,779.0755,-778.89734
410.78,-3330.3953,792.0545,-778.5776
410.8,-3224.635,772.34564,-778.7374
410.81998,-3162.1404,784.52344,-778.89734
410.84,-3388.0825,782.4404,-778.0979
410.86,-3272.7078,774.5889,-778.0979
410.88,-3455.3843,757.9246,-777.77814
410.9,-3301.5518,776.3515,-778.89734
410.91998,-3354.4316,782.4404,-778.2578
410.94,-3248.6714,786.7667,-777.6183
410.96,-3311.166,769.1409,-778.0979
410.97998,-3205.406,772.34564,-777.6183
411.0,-3373.661,773.7877,-777.1387
411.02,-3359.2388,776.1913,-777.45844
411.03998,-3325.5881,788.5293,-776.33923
411.06,-3315.9734,769.3012,-777.45844
411.08,-3378.468,759.2065,-777.93805
411.09998,-3282.3225,773.6275,-777.77814
411.12,-3056.3804,793.65674,-776.81885
411.13998,-3325.5881,780.5176,-776.1794
411.16,-3368.8535,767.3784,-776.49915
411.18,-3296.7441,783.08136,-775.2201
411.19998,-3296.7441,775.3901,-776.0195
411.22,-3272.7078,776.672,-775.6997
411.24,-3335.2024,782.11993,-776.659
411.25998,-3330.3953,772.50586,-776.1794
411.28,-3320.7805,766.2568,-776.0195
411.3,-3128.4895,785.16437,-775.6997
411.31998,-3330.3953,777.63336,-774.9003
411.34,-3267.9006,777.15265,-775.2201
411.36,-3277.5151,785.32465,-774.58057
411.38,-3354.4316,762.41113,-775.8596
411.4,-3325.5881,780.03687,-774.58057
411.41998,-3407.3115,782.4404,-774.42065
411.44,-3128.4895,772.82635,-774.58057
411.46,-3200.5986,782.4404,-774.2608
411.47998,-3421.7336,778.5948,-773.94104
411.5,-3315.9734,767.2182,-774.42065
411.52,-3436.1553,776.031,-773.1416
411.53998,-3176.5623,774.90936,-775.2201
411.56,-3349.6245,774.74915,-774.42065
411.58,-3291.937,758.24506,-774.2608
411.59998,-3344.817,767.53864,-774.1009
411.62,-3291.937,778.5948,-773.3015
411.63998,-3354.4316,765.93634,-772.98175
411.66,-3416.9263,769.94214,-773.3015
411.68,-3263.0933,771.224,-773.1416
411.69998,-3320.7805,778.1141,-772.662
411.72,-3388.0825,768.8205,-773.1416
411.74,-3541.9153,763.0521,-772.1824
411.75998,-3157.3333,768.3398,-772.98175
411.78,-3205.406,777.47314,-771.86255
411.8,-3340.0098,774.90936,-772.1824
411.81998,-3190.9841,778.5948,-770.90326
411.84,-3349.6245,766.09656,-772.3422
411.86,-3253.4788,766.09656,-772.02246
411.88,-3239.057,780.35736,-771.7027
411.9,-3359.2388,768.9807,-771.54285
411.91998,-3373.661,774.4287,-771.2231
411.94,-3118.8748,783.5621,-771.38293
411.96,-3205.406,770.9035,-770.90326
411.97998,-3282.3225,773.1468,-770.7434
412.0,-3359.2388,768.3398,-770.7434
412.02,-3426.5408,759.5269,-771.86255
412.03998,-3373.661,766.8977,-770.7434
412.06,-3291.937,772.50586,-770.58356
412.08,-3258.2861,773.30707,-770.2638
412.09998,-3061.1877,767.3784,-770.2638
412.12,-3445.77,770.9035,-769.3045
412.13998,-3354.4316,785.32465,-769.1446
412.16,-3383.2751,767.85913,-769.1446
412.18,-3306.359,760.96906,-770.42365
412.19998,-3532.301,763.37256,-769.1446
412.22,-3359.2388,780.67786,-769.1446
412.24,-3234.2498,772.02515,-769.46436
412.25998,-3219.828,769.4614,-769.3045
412.28,-3359.2388,760.96906,-768.8249
412.3,-3498.65,759.6872,-768.5051
412.31998,-3464.999,752.3164,-769.1446
412.34,-3253.4788,771.0638,-768.1853
412.36,-3296.7441,765.13513,-768.5051
412.38,-3508.2646,754.5597,-767.7057
412.4,-3239.057,777.7936,-768.5051
412.41998,-3325.5881,766.2568,-767.7057
412.44,-3291.937,760.48834,-767.8656
412.46,-3325.5881,769.1409,-767.226
412.47998,-3296.7441,757.1234,-767.7057
412.5,-3306.359,781.6392,-766.7464
412.52,-3267.9006,771.224,-767.7057
412.53998,-3325.5881,768.3398,-767.06616
412.56,-3253.4788,754.8801,-767.386
412.58,-3157.3333,771.8649,-766.9063
412.59998,-3464.999,753.91876,-766.58655
412.62,-3311.166,766.41705,-766.2668
412.63998,-3248.6714,766.2568,-766.9063
412.66,-3272.7078,769.4614,-766.9063
412.68,-3354.4316,761.9305,-766.2668
412.69998,-3349.6245,752.3164,-767.06616
412.72,-3234.2498,767.058,-765.62726
412.74,-3138.104,764.8147,-766.10693
412.75998,-3546.7227,747.99005,-765.3075
412.78,-3291.937,755.84155,-765.62726
412.8,-3392.89,756.9632,-765.46735
412.81998,-3272.7078,752.4766,-766.10693
412.84,-3513.0718,759.04626,-765.947
412.86,-3296.7441,756.6427,-765.14764
412.88,-3359.2388,749.4322,-764.8278
412.9,-3368.8535,762.5714,-764.8278
412.91998,-3349.6245,771.5445,-763.54877
412.94,-3315.9734,765.2954,-764.18835
412.96,-3239.057,765.61584,-764.3482
412.97998,-3243.8643,763.37256,-764.3482
413.0,-3445.77,752.95734,-764.66797
413.02,-3301.5518,758.4053,-764.02844
413.03998,-2993.8857,772.1854,-764.3482
413.06,-3272.7078,767.6989,-763.70874
413.08,-3291.937,771.8649,-763.54877
413.09998,-3296.7441,762.0907,-762.9093
413.12,-3190.9841,765.4556,-763.8686
413.13998,-3195.7915,760.1679,-762.4296
413.16,-3195.7915,768.3398,-763.54877
413.18,-3469.8064,755.84155,-762.74945
413.19998,-3267.9006,749.4322,-763.3889
413.22,-3373.661,761.9305,-762.74945
413.24,-3248.6714,755.36084,-762.4296
413.25998,-3551.53,762.89185,-761.4704
413.28,-3311.166,752.1561,-762.58954
413.3,-3335.2024,761.7702,-762.58954
413.31998,-3287.1296,766.2568,-761.4704
413.34,-3330.3953,752.95734,-762.58954
413.36,-3041.9585,781.479,-760.9907
413.38,-3142.9114,763.8533,-761.95
413.4,-3397.6973,757.76434,-761.1506
413.41998,-3364.0461,754.079,-761.1506
413.44,-3407.3115,759.04626,-760.5111
413.46,-3364.0461,755.0404,-761.3105
413.47998,-3311.166,767.2182,-761.1506
413.5,-3282.3225,758.08484,-760.9907
413.52,-3306.359,756.9632,-760.8308
413.53998,-3234.2498,752.4766,-761.1506
413.56,-3315.9734,760.3281,-759.7117
413.58,-3287.1296,765.4556,-759.5518
413.59998,-3205.406,765.77606,-759.5518
413.62,-3402.5044,757.9246,-759.7117
413.63998,-3330.3953,751.03455,-760.19135
413.66,-3378.468,764.17377,-759.3919
413.68,-3094.8384,766.41705,-759.7117
413.69998,-3287.1296,767.2182,-758.9123
413.72,-3354.4316,756.9632,-758.7524
413.74,-3186.1768,761.61,-758.11285
413.75998,-3219.828,759.6872,-759.23206
413.78,-3243.8643,750.23334,-758.4326
413.8,-3282.3225,758.886,-758.27277
413.81998,-3287.1296,753.2778,-758.59247
413.84,-3416.9263,758.886,-758.4326
413.86,-3142.9114,772.82635,-757.953
413.88,-3320.7805,747.1889,-757.953
413.9,-3330.3953,758.56555,-757.4733
413.91998,-3277.5151,760.1679,-757.6332
413.94,-3291.937,758.72577,-757.953
413.96,-3181.3696,757.76434,-757.3135
413.97998,-3315.9734,758.4053,-757.3135
414.0,-3263.0933,758.72577,-757.15356
414.02,-3114.0676,751.355,-757.4733
414.03998,-3416.9263,754.3994,-756.5141
414.06,-3344.817,750.71405,-756.3542
414.08,-3378.468,757.2836,-755.8746
414.09998,-3364.0461,750.23334,-755.8746
414.12,-3522.6863,750.55383,-756.67395
414.13998,-3215.0205,765.93634,-755.8746
414.16,-3364.0461,762.41113,-755.71466
414.18,-3306.359,756.0018,-755.71466
414.19998,-3118.8748,769.1409,-755.07513
414.22,-3330.3953,752.4766,-755.71466
414.24,-3311.166,747.0286,-755.23505
414.25998,-3335.2024,747.99005,-754.7554
414.28,-3320.7805,748.47076,-755.8746
414.3,-3474.6135,746.3877,-755.07513
414.31998,-2989.0786,756.32227,-755.71466
414.34,-3181.3696,771.8649,-753.95593
414.36,-3219.828,753.59827,-753.95593
414.38,-3330.3953,751.355,-753.6362
414.4,-3224.635,760.96906,-753.7961
414.41998,-3407.3115,760.0076,-753.4763
414.44,-3219.828,756.32227,-754.1159
414.46,-3267.9006,752.1561,-753.95593
414.47998,-3195.7915,755.68134,-753.31647
414.5,-3388.0825,746.8684,-753.6362
414.52,-3450.5771,752.3164,-752.67694
414.53998,-3272.7078,773.948,-752.0374
414.56,-3359.2388,747.50934,-753.1566
414.58,-3315.9734,753.43805,-753.31647
414.59998,-3267.9006,761.9305,-752.3572
414.62,-3354.4316,749.2719,-752.67694
414.63998,-3315.9734,744.9456,-752.517
414.66,-3056.3804,756.6427,-752.517
414.68,-3546.7227,739.9784,-751.71765
414.69998,-3263.0933,748.47076,-751.87756
414.72,-3392.89,742.06146,-751.238
414.74,-3200.5986,752.7971,-751.71765
414.75998,-3546.7227,742.06146,-751.55774
414.78,-3315.9734,745.10583,-751.238
414.8,-3301.5518,749.7526,-751.238
414.81998,-3383.2751,743.6638,-750.5985
414.84,-3364.0461,744.3047,-750.2787
414.86,-3508.2646,738.0556,-750.2787
414.88,-3215.0205,753.7585,-750.5985
414.9,-3392.89,748.631,-749.959
414.91998,-3234.2498,744.9456,-750.75836
414.94,-3354.4316,741.74097,-749.4794
414.96,-3272.7078,744.4649,-750.75836
414.97998,-3282.3225,747.50934,-749.6392
415.0,-3287.1296,754.079,-748.9997
415.02,-3243.8643,741.10004,-748.8398
415.03998,-3239.057,741.42053,-749.4794
415.06,-3287.1296,750.55383,-748.8398
415.08,-3315.9734,737.0942,-749.6392
415.09998,-3311.166,753.59827,-748.36017
415.12,-3407.3115,733.24854,-748.52
415.13998,-3349.6245,751.5152,-748.67993
415.16,-3349.6245,737.8953,-748.67993
415.18,-3431.348,743.3433,-747.72064
415.19998,-3200.5986,749.7526,-748.0404
415.22,-3431.348,729.5632,-748.36017
415.24,-3301.5518,742.5422,-747.5607
415.25998,-3263.0933,749.9129,-747.72064
415.28,-3349.6245,743.50354,-747.4009
415.3,-3166.9478,738.69653,-747.72064
415.31998,-3614.0244,734.53046,-746.4416
415.34,-3229.4424,746.2275,-746.60144
415.36,-3431.348,752.95734,-745.6422
415.38,-3330.3953,737.8953,-747.0811
415.4,-3633.2537,730.84503,-746.76135
415.41998,-3330.3953,743.50354,-746.4416
415.44,-3253.4788,742.06146,-746.28174
415.46,-3335.2024,745.90704,-745.8021
415.47998,-3368.8535,736.45325,-745.8021
415.5,-3508.2646,731.48596,-744.8428
415.52,-3282.3225,747.1889,-744.8428
415.53998,-3239.057,737.5749,-745.3224
415.56,-3291.937,737.8953,-746.1218
415.58,-3517.879,728.12103,-744.8428
415.59998,-3296.7441,752.7971,-745.3224
415.62,-3253.4788,740.1386,-745.0027
415.63998,-3455.3843,747.6696,-743.5638
415.66,-3215.0205,746.2275,-743.5638
415.68,-3085.224,738.69653,-744.0434
415.69998,-3296.7441,733.72925,-743.4039
415.72,-3176.5623,743.0228,-744.5231
415.74,-3311.166,745.58655,-744.0434
415.75998,-3263.0933,740.2989,-743.244
415.78,-3397.6973,738.0556,-743.4039
415.8,-3311.166,724.43567,-743.244
415.81998,-3335.2024,731.00525,-743.0841
415.84,-3320.7805,739.33746,-742.4446
415.86,-3171.7551,751.03455,-742.76434
415.88,-3412.119,735.3316,-742.1248
415.9,-3162.1404,750.55383,-742.76434
415.91998,-3383.2751,733.72925,-742.1248
415.94,-3099.646,749.4322,-742.2847
415.96,-3392.89,727.15967,-741.96497
415.97998,-3407.3115,735.8123,-741.96497
416.0,-3388.0825,734.04974,-741.1655
416.02,-3407.3115,741.74097,-741.32544
416.03998,-3291.937,719.3082,-741.64514
416.06,-3224.635,735.6521,-740.68585
416.08,-3176.5623,741.10004,-741.0057
416.09998,-3210.2134,735.4918,-740.526
416.12,-3287.1296,741.74097,-740.0464
416.13998,-3263.0933,736.7737,-739.7266
416.16,-3123.6824,751.9959,-740.0464
416.18,-3258.2861,737.7351,-738.9272
416.19998,-3210.2134,745.26605,-740.526
416.22,-3330.3953,732.6076,-739.40686
416.24,-3291.937,743.98425,-739.7266
416.25998,-3344.817,734.8509,-738.76733
416.28,-3282.3225,733.0883,-739.40686
416.3,-3469.8064,731.32574,-738.1278
416.31998,-3080.4167,732.1269,-738.9272
416.34,-3243.8643,738.85675,-738.6075
416.36,-3253.4788,735.8123,-738.6075
416.38,-3282.3225,716.74445,-739.24695
416.4,-3248.6714,745.74677,-737.4883
416.41998,-3277.5151,727.9608,-737.6482
416.44,-3335.2024,725.0766,-737.80804
416.46,-3258.2861,731.00525,-737.3284
416.47998,-3263.0933,739.01697,-736.529
416.5,-3224.635,744.4649,-737.3284
416.52,-3248.6714,741.26025,-736.529
416.53998,-3138.104,748.9515,-737.4883
416.56,-3330.3953,734.3702,-737.0086
416.58,-3046.7656,737.8953,-736.84875
416.59998,-3133.2969,730.84503,-736.36914
416.62,-3277.5151,736.7737,-735.88947
416.63998,-3388.0825,728.2813,-735.72955
416.66,-3186.1768,736.93396,-735.72955
416.68,-3431.348,722.3526,-736.36914
416.69998,-3166.9478,732.9281,-735.5697
416.72,-3282.3225,730.6848,-736.0494
416.74,-3311.166,729.7234,-734.7703
416.75998,-3407.3115,729.7234,-735.24994
416.78,-3186.1768,738.69653,-734.45056
416.8,-3239.057,730.2041,-735.0901
416.81998,-3392.89,727.8006,-734.45056
416.84,-3229.4424,723.314,-735.24994
416.86,-3181.3696,744.3047,-734.45056
416.88,-3123.6824,733.0883,-734.29065
416.9,-3287.1296,731.00525,-733.6512
416.91998,-3205.406,742.7024,-733.33136
416.94,-3373.661,730.0439,-733.01166
416.96,-3282.3225,731.00525,-733.4913
416.97998,-3267.9006,730.6848,-733.33136
417.0,-3239.057,740.9398,-732.6919
417.02,-3291.937,732.1269,-733.81104
417.03998,-3489.0354,722.1924,-733.01166
417.06,-2998.6929,737.4147,-733.01166
417.08,-3243.8643,732.9281,-731.7326
417.09998,-3291.937,737.2544,-732.0523
417.12,-3099.646,726.5187,-732.2122
417.13998,-3118.8748,739.01697,-732.6919
417.16,-3340.0098,729.5632,-731.5727
417.18,-3229.4424,722.8333,-732.0523
417.19998,-3392.89,720.9105,-731.5727
417.22,-3311.166,722.3526,-731.89246
417.24,-2902.5474,745.74677,-731.41284
417.25998,-3195.7915,734.8509,-730.93317
417.28,-3301.5518,725.3971,-730.6134
417.3,-3306.359,712.09766,-731.253
417.31998,-3219.828,726.35846,-731.0931
417.34,-3301.5518,726.67896,-730.45355
417.36,-3215.0205,731.1655,-730.45355
417.38,-3287.1296,716.9047,-730.6134
417.4,-3263.0933,725.2368,-730.1338
417.41998,-3200.5986,736.13275,-729.1745
417.44,-3157.3333,730.0439,-729.1745
417.46,-3320.7805,732.2872,-728.535
417.47998,-3301.5518,736.13275,-729.1745
417.5,-3195.7915,740.9398,-729.01465
417.52,-3152.526,725.87775,-729.814
417.53998,-3181.3696,729.8836,-729.01465
417.56,-3253.4788,729.5632,-728.85474
417.58,-3513.0718,707.29065,-728.37506
417.59998,-3181.3696,735.6521,-727.89545
417.62,-3287.1296,731.00525,-727.57574
417.63998,-3162.1404,732.4474,-727.7356
417.66,-3272.7078,727.4801,-727.89545
417.68,-3479.4207,729.8836,-727.4158
417.69998,-3157.3333,722.03217,-727.89545
417.72,-3306.359,712.89886,-727.89545
417.74,-3263.0933,724.27545,-727.09607
417.75998,-3181.3696,729.40295,-726.2967
417.78,-3166.9478,727.4801,-727.09607
417.8,-3287.1296,720.75024,-726.45654
417.81998,-3272.7078,719.7889,-726.93616
417.84,-3440.9626,722.1924,-726.1367
417.86,-3215.0205,726.8392,-726.61646
417.88,-3277.5151,714.9819,-726.45654
417.9,-3248.6714,722.1924,-725.6571
417.91998,-3282.3225,731.9667,-724.8577
417.94,-3306.359,730.84503,-724.6978
417.96,-3296.7441,734.20996,-725.6571
417.97998,-3368.8535,723.314,-724.8577
418.0,-3239.057,721.7117,-725.49725
418.02,-3080.4167,730.2041,-725.0176
418.03998,-3306.359,713.3795,-724.53796
418.06,-3349.6245,719.62866,-724.3781
418.08,-3176.5623,725.7175,-723.8985
418.09998,-3243.8643,725.3971,-723.7385
418.12,-3277.5151,715.14215,-724.53796
418.13998,-3522.6863,718.3468,-724.53796
418.16,-3335.2024,740.1386,-723.41876
418.18,-3219.828,729.2427,-723.5787
418.19998,-3354.4316,714.50116,-722.6194
418.22,-3301.5518,720.59,-722.7793
418.24,-3258.2861,718.6673,-722.93915
418.25998,-3200.5986,705.3678,-723.5787
418.28,-3224.635,721.3912,-722.1398
418.3,-3186.1768,723.63446,-722.4595
418.31998,-3253.4788,727.15967,-721.66016
418.34,-3436.1553,719.62866,-721.66016
418.36,-3181.3696,719.46844,-721.34033
418.38,-3195.7915,724.9164,-721.1805
418.4,-3195.7915,718.6673,-721.50024
418.41998,-3287.1296,714.9819,-720.70087
418.44,-3248.6714,726.038,-720.3811
418.46,-3267.9006,716.5842,-721.02057
418.47998,-3325.5881,705.2076,-720.54095
418.5,-3344.817,712.41815,-720.54095
418.52,-3662.0974,715.7831,-720.3811
418.53998,-3291.937,709.21344,-720.2212
418.56,-3210.2134,723.314,-719.58167
418.58,-3282.3225,719.148,-719.4218
418.59998,-3219.828,700.4006,-719.9014
418.62,-3335.2024,744.7854,-719.58167
418.63998,-3157.3333,715.30237,-719.58167
418.66,-3243.8643,723.79474,-719.4218
418.68,-3219.828,717.8661,-719.2619
418.69998,-3080.4167,718.8275,-719.10205
418.72,-3282.3225,708.7327,-719.4218
418.74,-3224.635,718.3468,-719.2619
418.75998,-3248.6714,712.89886,-719.10205
418.78,-3215.0205,718.8275,-718.3026
418.8,-3248.6714,711.2965,-718.3026
418.81998,-3253.4788,710.01465,-718.7822
418.84,-3195.7915,723.1538,-717.6631
418.86,-3282.3225,707.6111,-717.9829
418.88,-3296.7441,726.5187,-717.3433
418.9,-3215.0205,713.2193,-717.5032
418.91998,-3301.5518,715.30237,-717.9829
418.94,-3215.0205,713.2193,-717.9829
418.96,-3051.573,716.74445,-717.3433
418.97998,-3229.4424,718.8275,-717.1835
419.0,-3412.119,699.75964,-717.3433
419.02,-3267.9006,710.3351,-717.02356
419.03998,-3253.4788,719.148,-716.70386
419.06,-3190.9841,706.80994,-716.5439
419.08,-3301.5518,712.2579,-716.0643
419.09998,-3277.5151,704.88715,-716.5439
419.12,-3200.5986,717.7059,-716.0643
419.13998,-3219.828,707.77136,-716.5439
419.16,-3186.1768,712.57837,-715.9044
419.18,-3253.4788,706.0087,-715.74457
419.19998,-3142.9114,718.02637,-715.4248
419.22,-3210.2134,707.77136,-715.9044
419.24,-3166.9478,704.24615,-715.58466
419.25998,-3272.7078,709.0532,-715.2649
419.28,-3157.3333,715.30237,-714.9451
419.3,-3344.817,705.5281,-715.2649
419.31998,-3287.1296,712.57837,-714.9451
419.34,-3277.5151,708.5725,-714.7853
419.36,-3166.9478,726.19824,-713.98584
419.38,-3224.635,718.1866,-713.98584
419.4,-3215.0205,700.4006,-714.7853
419.41998,-3402.5044,696.3947,-713.6661
419.44,-3094.8384,714.66144,-713.98584
419.46,-3234.2498,711.61694,-713.5062
419.47998,-3176.5623,710.8158,-713.18646
419.5,-3287.1296,719.7889,-713.18646
419.52,-3301.5518,696.71515,-712.86664
419.53998,-3056.3804,708.893,-713.0266
419.56,-3243.8643,710.8158,-712.7068
419.58,-3388.0825,700.0801,-712.7068
419.59998,-3162.1404,707.29065,-712.2272
419.62,-3181.3696,714.82166,-711.7475
419.63998,-3224.635,710.6556,-712.2272
419.66,-3263.0933,699.43915,-712.2272
419.68,-3224.635,714.0205,-711.5876
419.69998,-3272.7078,710.17487,-710.9481
419.72,-3282.3225,696.71515,-711.7475
419.74,-3234.2498,712.89886,-710.9481
419.75998,-3205.406,716.9047,-710.62836
419.78,-3229.4424,710.4953,-710.9481
419.8,-3224.635,716.424,-710.78827
419.81998,-3210.2134,717.3854,-709.98883
419.84,-3181.3696,720.9105,-710.46844
419.86,-3359.2388,702.00287,-710.3086
419.88,-3263.0933,712.41815,-709.98883
419.9,-3157.3333,707.6111,-710.1487
419.91998,-3320.7805,703.1245,-709.66907
419.94,-3263.0933,714.34094,-709.66907
419.96,-3195.7915,706.6497,-710.1487
419.97998,-3210.2134,705.2076,-709.829
420.0,-3051.573,726.5187,-709.02954
420.02,-3267.9006,702.9643,-709.1894
420.03998,-3224.635,704.24615,-709.3493
420.06,-3272.7078,709.21344,-708.5499
420.08,-3176.5623,735.0111,-707.91034
420.09998,-3234.2498,708.7327,-707.91034
420.12,-3340.0098,710.6556,-708.23016
420.13998,-3099.646,711.1362,-708.39
420.16,-3114.0676,715.14215,-707.7505
420.18,-3215.0205,704.56665,-708.07025
420.19998,-3219.828,696.3947,-708.07025
420.22,-3109.2605,714.1807,-707.4307
420.24,-3263.0933,704.56665,-707.4307
420.25998,-3099.646,710.6556,-708.07025
420.28,-3200.5986,704.72687,-707.111
420.3,-3210.2134,699.27893,-707.111
420.31998,-3277.5151,713.5398,-706.3116
420.34,-3219.828,700.0801,-706.7912
420.36,-3215.0205,702.32336,-706.47144
420.38,-3215.0205,703.445,-706.15173
420.4,-3219.828,699.59937,-705.9918
420.41998,-3162.1404,704.56665,-706.15173
420.44,-3320.7805,707.1304,-705.672
420.46,-3070.802,710.3351,-705.9918
420.47998,-3190.9841,715.9433,-705.1924
420.5,-3287.1296,708.4123,-705.03253
420.52,-3287.1296,703.1245,-705.3523
420.53998,-3224.635,705.3678,-705.1924
420.56,-3248.6714,704.88715,-704.71277
420.58,-3239.057,705.3678,-704.5529
420.59998,-3118.8748,704.72687,-704.5529
420.62,-3234.2498,693.3503,-704.71277
420.63998,-3186.1768,700.2403,-704.2331
420.66,-3171.7551,709.37366,-703.4338
420.68,-3234.2498,695.914,-704.393
420.69998,-3118.8748,712.2579,-703.2738
420.72,-3243.8643,704.40643,-703.2738
420.74,-3099.646,699.11865,-703.5936
420.75998,-3171.7551,705.6883,-702.63434
420.78,-3291.937,699.59937,-703.11395
420.8,-3263.0933,699.43915,-702.63434
420.81998,-3253.4788,683.4158,-702.7942
420.84,-3253.4788,702.4836,-702.4744
420.86,-3340.0098,681.4929,-702.4744
420.88,-3138.104,699.43915,-702.4744
420.9,-3229.4424,706.3292,-701.99475
420.91998,-3325.5881,692.54913,-701.99475
420.94,-3272.7078,694.6322,-701.67505
420.96,-3114.0676,707.45087,-701.3553
420.97998,-3186.1768,706.80994,-700.8756
421.0,-3282.3225,691.2673,-701.3553
421.02,-3147.7188,696.87537,-701.19543
421.03998,-3239.057,704.40643,-700.396
421.06,-3277.5151,695.11285,-700.8756
421.08,-3291.937,695.914,-700.396
421.09998,-3397.6973,691.4275,-700.71576
421.12,-3176.5623,697.6766,-700.2361
421.13998,-3171.7551,699.59937,-700.07623
421.16,-3166.9478,710.01465,-699.7565
421.18,-3282.3225,698.4777,-699.59656
421.19998,-3219.828,697.997,-699.11694
421.22,-3272.7078,694.4719,-699.2768
421.24,-3253.4788,691.107,-699.4367
421.25998,-3200.5986,693.831,-699.11694
421.28,-3272.7078,698.95844,-698.9571
421.3,-3118.8748,702.00287,-698.6373
421.31998,-3195.7915,693.3503,-698.3175
421.34,-3291.937,692.70935,-697.9978
421.36,-3085.224,701.5222,-698.15765
421.38,-3118.8748,697.3561,-697.8379
421.4,-3200.5986,702.8041,-697.03845
421.41998,-3340.0098,689.6649,-697.3583
421.44,-3205.406,693.19006,-697.5181
421.46,-3224.635,679.2497,-697.8379
421.47998,-3181.3696,699.11865,-697.03845
421.5,-3219.828,696.3947,-696.23914
421.52,-3152.526,699.27893,-696.399
421.53998,-3229.4424,698.7982,-696.23914
421.56,-3243.8643,698.7982,-696.0792
421.58,-3210.2134,695.11285,-695.9193
421.59998,-3219.828,700.4006,-694.9601
421.62,-3104.4531,693.6708,-695.9193
421.63998,-3234.2498,694.6322,-695.27985
421.66,-3258.2861,694.1515,-695.75946
421.68,-3344.817,693.6708,-694.8001
421.69998,-3138.104,715.6228,-694.64026
421.72,-3171.7551,697.997,-694.8001
421.74,-3152.526,694.1515,-694.4804
421.75998,-3099.646,702.16315,-693.5211
421.78,-3200.5986,692.70935,-694.0008
421.8,-3219.828,696.55493,-693.681
421.81998,-3157.3333,705.2076,-693.3612
421.84,-3123.6824,691.4275,-693.681
421.86,-3186.1768,688.5433,-693.3612
421.88,-3190.9841,703.445,-692.72174
421.9,-3248.6714,702.32336,-692.24207
421.91998,-3219.828,696.23444,-692.4019
421.94,-3219.828,697.19586,-692.5619
421.96,-3176.5623,691.107,-692.5619
421.97998,-3181.3696,692.22864,-692.5619
422.0,-3263.0933,692.0684,-691.9223
422.02,-3195.7915,691.7479,-692.0822
422.03998,-3094.8384,715.7831,-691.76245
422.06,-3138.104,687.58185,-691.4427
422.08,-3099.646,692.54913,-691.4427
422.09998,-3109.2605,710.8158,-690.80316
422.12,-3243.8643,689.5047,-690.963
422.13998,-3234.2498,699.43915,-690.64325
422.16,-3248.6714,688.2228,-690.16364
422.18,-3239.057,689.5047,-690.32355
422.19998,-3205.406,707.45087,-689.5241
422.22,-3243.8643,690.30585,-689.8439
422.24,-3243.8643,683.7362,-690.64325
422.25998,-3219.828,672.68005,-690.4834
422.28,-3200.5986,690.78656,-689.68396
422.3,-3263.0933,689.1842,-689.5241
422.31998,-3215.0205,690.9468,-689.20435
422.34,-3190.9841,683.0953,-689.20435
422.36,-3133.2969,684.85785,-689.20435
422.38,-3085.224,703.6052,-688.7247
422.4,-3157.3333,681.6532,-688.8846
422.41998,-3200.5986,678.4485,-688.5648
422.44,-3186.1768,690.6263,-687.76544
422.46,-3142.9114,688.06256,-688.0852
422.47998,-3272.7078,683.576,-688.24506
422.5,-3243.8643,669.9561,-687.6055
422.52,-3104.4531,687.90234,-687.28577
422.53998,-3282.3225,677.9678,-686.80615
422.56,-3157.3333,683.7362,-686.966
422.58,-3272.7078,693.19006,-686.16656
422.59998,-3142.9114,688.7035,-685.68695
422.62,-3186.1768,685.65906,-686.16656
422.63998,-3061.1877,709.53394,-685.84686
422.66,-3195.7915,678.4485,-686.0067
422.68,-3272.7078,690.1456,-685.36725
422.69998,-2907.3547,707.29065,-685.5271
422.72,-3219.828,681.6532,-685.36725
422.74,-3200.5986,679.8906,-684.8876
422.75998,-3181.3696,687.74207,-684.5678
422.78,-3123.6824,676.5257,-685.36725
422.8,-3239.057,673.4812,-685.36725
422.81998,-3210.2134,678.9292,-684.72766
422.84,-3190.9841,678.12805,-684.5678
422.86,-3166.9478,689.1842,-684.24805
422.88,-3186.1768,681.01227,-683.6085
422.9,-3027.5366,678.4485,-684.0882
422.91998,-3263.0933,688.8637,-682.80914
422.94,-3162.1404,683.0953,-683.6085
422.96,-3166.9478,684.3772,-683.7684
422.97998,-3253.4788,673.4812,-683.4486
423.0,-3080.4167,679.5701,-682.969
423.02,-3239.057,673.9619,-682.80914
423.03998,-3181.3696,691.4275,-682.0097
423.06,-3219.828,678.9292,-682.32947
423.08,-3253.4788,665.6298,-682.32947
423.09998,-2945.813,690.6263,-681.0504
423.12,-3186.1768,680.21106,-681.0504
423.13998,-3224.635,674.2824,-681.0504
423.16,-3176.5623,684.0567,-680.73065
423.18,-3181.3696,680.05084,-681.0504
423.19998,-3186.1768,680.53156,-680.5708
423.22,-3253.4788,684.0567,-680.41095
423.24,-3229.4424,677.80756,-680.73065
423.25998,-3176.5623,683.8965,-680.0911
423.28,-3200.5986,675.08356,-680.0911
423.3,-3032.344,696.71515,-679.13184
423.31998,-2950.62,696.55493,-678.972
423.34,-3138.104,678.9292,-679.29175
423.36,-3176.5623,686.6204,-678.4923
423.38,-3219.828,673.00055,-679.13184
423.4,-3181.3696,687.74207,-678.4923
423.41998,-3219.828,676.2052,-678.6522
423.44,-3301.5518,672.68005,-678.8121
423.46,-3253.4788,678.9292,-677.8528
423.47998,-3267.9006,672.51984,-678.0127
423.5,-3133.2969,679.0894,-677.69293
423.52,-3287.1296,672.68005,-677.69293
423.53998,-3181.3696,664.1877,-677.533
423.56,-3239.057,677.9678,-677.0534
423.58,-3243.8643,671.8789,-676.5737
423.59998,-3320.7805,676.6859,-676.4139
423.62,-3123.6824,679.0894,-676.4139
423.63998,-3152.526,684.0567,-676.0941
423.66,-3147.7188,680.6918,-676.0941
423.68,-3051.573,688.38306,-675.77435
423.69998,-3215.0205,674.92334,-675.4546
423.72,-3287.1296,668.51404,-675.2947
423.74,-3118.8748,661.7842,-675.93427
423.75998,-3152.526,680.05084,-675.1348
423.78,-3171.7551,687.58185,-674.49536
423.8,-3219.828,667.7128,-675.2947
423.81998,-3325.5881,674.2824,-674.49536
423.84,-3109.2605,669.7959,-674.33545
423.86,-3190.9841,667.2321,-674.6552
423.88,-3094.8384,681.97363,-673.8558
423.9,-3176.5623,668.51404,-674.0157
423.91998,-3138.104,665.46954,-673.6959
423.94,-3138.104,673.9619,-673.05634
423.96,-3181.3696,675.7245,-672.8965
423.97998,-2993.8857,686.3,-672.73663
424.0,-3215.0205,666.5912,-673.2163
424.02,-3181.3696,672.0391,-672.73663
424.03998,-3195.7915,666.75146,-672.257
424.06,-3200.5986,677.32684,-671.77734
424.08,-3056.3804,672.0391,-672.5767
424.09998,-3166.9478,679.4099,-671.4576
424.12,-3128.4895,673.16077,-671.4576
424.13998,-3104.4531,666.75146,-671.77734
424.16,-3157.3333,679.5701,-670.65814
424.18,-3138.104,673.4812,-670.81805
424.19998,-3267.9006,686.9409,-670.65814
424.22,-3090.0312,674.92334,-670.65814
424.24,-3181.3696,674.7631,-670.3384
424.25998,-3118.8748,691.4275,-669.21924
424.28,-3152.526,668.35376,-670.0187
424.3,-3094.8384,672.51984,-669.53906
424.31998,-2965.0422,685.4988,-669.3791
424.34,-3267.9006,663.707,-669.3791
424.36,-3176.5623,669.6357,-668.8995
424.38,-3128.4895,674.60284,-668.7396
424.4,-3104.4531,662.5853,-669.21924
424.41998,-3162.1404,663.06604,-668.8995
424.44,-3253.4788,668.99475,-668.25995
424.46,-3123.6824,670.4368,-667.6204
424.47998,-3162.1404,670.4368,-667.78033
424.5,-3215.0205,668.99475,-667.3007
424.52,-3099.646,671.07776,-667.4606
424.53998,-3253.4788,653.9327,-667.6204
424.56,-3138.104,671.8789,-666.82104
424.58,-3248.6714,660.5023,-667.4606
424.59998,-3152.526,655.0543,-666.82104
424.62,-3118.8748,671.2379,-666.1815
424.63998,-3267.9006,660.82275,-666.5013
424.66,-3267.9006,651.8496,-666.02167
424.68,-3171.7551,659.8613,-666.02167
424.69998,-3166.9478,658.57947,-665.3821
424.72,-3147.7188,664.8286,-665.3821
424.74,-3239.057,670.2766,-664.5827
424.75998,-3190.9841,658.41925,-665.2222
424.78,-3142.9114,670.11633,-664.5827
424.8,-3090.0312,680.21106,-663.7833
424.81998,-3157.3333,661.4637,-664.90247
424.84,-3085.224,664.8286,-663.9432
424.86,-3215.0205,662.7456,-663.9432
424.88,-3152.526,664.5082,-663.6235
424.9,-3166.9478,662.1046,-663.46356
424.91998,-3085.224,661.4637,-663.30365
424.94,-3224.635,659.7011,-662.6641
424.96,-3181.3696,657.6181,-663.14374
424.97998,-3215.0205,658.57947,-663.30365
425.0,-3128.4895,664.8286,-662.6641
425.02,-3109.2605,662.2649,-662.82404
425.03998,-3277.5151,660.34204,-661.86475
425.06,-3152.526,666.75146,-661.86475
425.08,-3114.0676,660.82275,-661.38513
425.09998,-3210.2134,663.54675,-661.2252
425.12,-3128.4895,662.9058,-661.06537
425.13998,-3186.1768,651.6894,-661.2252
425.16,-3263.0933,663.06604,-660.4258
425.18,-3128.4895,660.5023,-661.06537
425.19998,-3090.0312,658.09875,-660.74554
425.22,-3219.828,657.2976,-660.74554
425.24,-3239.057,655.85547,-659.78625
425.25998,-3162.1404,658.25903,-659.94617
425.28,-3210.2134,658.57947,-659.1468
425.3,-3171.7551,660.1818,-658.827
425.31998,-3171.7551,654.4134,-658.9869
425.34,-3272.7078,661.7842,-658.5072
425.36,-3138.104,651.36896,-658.9869
425.38,-3181.3696,656.6567,-658.5072
425.4,-3109.2605,659.7011,-658.9869
425.41998,-3094.8384,654.5736,-658.18744
425.44,-3176.5623,659.2204,-657.7078
425.46,-3128.4895,655.53503,-657.7078
425.47998,-3147.7188,647.0426,-658.0276
425.5,-3166.9478,652.81104,-657.548
425.52,-3171.7551,675.5643,-656.109
425.53998,-3263.0933,649.1257,-656.74854
425.56,-3205.406,657.1374,-656.109
425.58,-3147.7188,666.1105,-656.109
425.59998,-3041.9585,661.30347,-656.109
425.62,-3142.9114,655.0543,-656.109
425.63998,-3142.9114,660.0216,-655.4695
425.66,-3090.0312,662.5853,-655.4695
425.68,-3186.1768,657.7783,-655.1498
425.69998,-3166.9478,649.7666,-654.82996
425.72,-3142.9114,651.8496,-655.4695
425.74,-3205.406,658.89996,-654.1905
425.75998,-3171.7551,657.93854,-654.35034
425.78,-3219.828,651.04846,-654.6701
425.8,-3215.0205,655.21454,-654.35034
425.81998,-3118.8748,641.59467,-654.6701
425.84,-3243.8643,653.77246,-653.23114
425.86,-3070.802,660.983,-653.7108
425.88,-3162.1404,653.9327,-653.0713
425.9,-3239.057,645.7608,-653.0713
425.91998,-3118.8748,646.2415,-652.91144
425.94,-3315.9734,648.48474,-652.5917
425.96,-3051.573,659.8613,-652.27185
425.97998,-3195.7915,659.0602,-651.79224
426.0,-3210.2134,645.7608,-651.95215
426.02,-3046.7656,646.40173,-652.112
426.03998,-3128.4895,646.40173,-651.95215
426.06,-3200.5986,650.08704,-651.31256
426.08,-3181.3696,651.2087,-651.31256
426.09998,-3200.5986,645.921,-651.31256
426.12,-3171.7551,649.9268,-650.83295
426.13998,-3070.802,654.7338,-650.5132
426.16,-3142.9114,632.14087,-650.9928
426.18,-3258.2861,652.3303,-649.5539
426.19998,-3109.2605,659.2204,-649.39404
426.22,-3248.6714,626.85315,-650.5132
426.24,-3263.0933,638.55023,-649.39404
426.25998,-3267.9006,641.114,-649.2342
426.28,-3133.2969,666.1105,-648.27484
426.3,-3166.9478,651.5292,-648.7545
426.31998,-3344.817,643.83795,-648.5946
426.34,-3176.5623,638.8707,-648.91437
426.36,-3181.3696,654.7338,-647.7952
426.38,-3258.2861,632.6216,-648.43475
426.4,-3195.7915,653.29175,-647.31555
426.41998,-3123.6824,651.5292,-647.6353
426.44,-3267.9006,635.3455,-647.6353
426.46,-3104.4531,643.197,-647.47546
426.47998,-3186.1768,650.2473,-646.99585
426.5,-3224.635,650.72797,-646.35626
426.52,-3147.7188,639.3514,-646.35626
426.53998,-3311.166,647.84375,-646.0365
426.56,-3181.3696,651.5292,-645.7168
426.58,-3166.9478,650.56775,-645.7168
426.59998,-3085.224,653.45197,-645.7168
426.62,-3123.6824,664.02747,-645.2371
426.63998,-3335.2024,637.2684,-645.2371
426.66,-3080.4167,643.83795,-644.7575
426.68,-3147.7188,644.9596,-644.43774
426.69998,-3157.3333,645.2801,-644.118
426.72,-3123.6824,637.4286,-644.43774
426.74,-3263.0933,643.67773,-644.5976
426.75998,-3138.104,635.666,-643.95807
426.78,-3349.6245,641.114,-643.1587
426.8,-3287.1296,634.38416,-643.31854
426.81998,-3186.1768,644.63916,-642.679
426.84,-3243.8643,634.22394,-643.1587
426.86,-3224.635,624.12915,-642.83887
426.88,-3166.9478,631.66016,-642.679
426.9,-3109.2605,646.2415,-642.1994
426.91998,-3215.0205,624.9303,-642.51917
426.94,-3277.5151,639.6719,-641.7198
426.96,-3128.4895,638.71045,-641.39996
426.97998,-3229.4424,635.666,-641.39996
427.0,-3138.104,641.75494,-641.0802
427.02,-3157.3333,643.83795,-640.6006
427.03998,-3253.4788,640.7935,-640.2808
427.06,-3171.7551,643.9982,-640.1209
427.08,-3248.6714,634.7046,-641.0802
427.09998,-3253.4788,636.1467,-639.96106
427.12,-3219.828,646.56195,-639.8012
427.13998,-3157.3333,634.5444,-639.96106
427.16,-3200.5986,634.5444,-639.1616
427.18,-3128.4895,636.9479,-639.1616
427.19998,-3138.104,637.5888,-638.682
427.22,-3186.1768,642.23566,-638.36224
427.24,-3243.8643,637.2684,-637.56287
427.25998,-3171.7551,639.19116,-638.0425
427.28,-3090.0312,635.1853,-638.0425
427.3,-3162.1404,641.43445,-637.40295
427.31998,-3142.9114,653.9327,-636.6035
427.34,-3008.3076,641.59467,-636.92334
427.36,-3272.7078,627.01337,-637.2431
427.38,-3152.526,633.1023,-636.44366
427.4,-3195.7915,644.31866,-635.4844
427.41998,-3166.9478,635.1853,-635.6443
427.44,-3128.4895,638.2298,-635.8042
427.46,-3123.6824,649.9268,-635.00476
427.47998,-3190.9841,642.23566,-635.00476
427.5,-3210.2134,629.09644,-635.4844
427.52,-3114.0676,636.78766,-634.8449
427.53998,-3205.406,636.1467,-634.0455
427.56,-3340.0098,626.6929,-634.52515
427.58,-3176.5623,634.7046,-634.0455
427.59998,-3085.224,633.4227,-633.7257
427.62,-2989.0786,635.5058,-633.56586
427.63998,-3176.5623,635.9865,-633.2461
427.66,-3205.406,638.39,-632.7664
427.68,-3142.9114,634.86487,-632.44666
427.69998,-3195.7915,621.245,-632.44666
427.72,-3205.406,628.45544,-632.60657
427.74,-3142.9114,634.38416,-632.2868
427.75998,-3070.802,633.90344,-632.2868
427.78,-3306.359,627.9748,-631.48737
427.8,-3041.9585,629.09644,-631.48737
427.81998,-3142.9114,627.6543,-631.48737
427.84,-3094.8384,638.39,-630.8479
427.86,-3215.0205,634.38416,-630.6879
427.88,-3128.4895,639.19116,-630.3682
427.9,-3200.5986,633.58295,-630.04846
427.91998,-3215.0205,610.5093,-630.8479
427.94,-3195.7915,632.942,-630.04846
427.96,-3138.104,633.58295,-629.4089
427.97998,-2989.0786,646.08124,-629.4089
428.0,-3080.4167,631.49994,-628.92926
428.02,-3200.5986,620.12335,-629.0892
428.03998,-3215.0205,624.4496,-629.0892
428.06,-3190.9841,633.58295,-628.44965
428.08,-3142.9114,621.0847,-628.92926
428.09998,-3186.1768,624.9303,-628.28973
428.12,-3142.9114,631.8204,-627.97
428.13998,-3190.9841,619.0017,-627.97
428.16,-3037.1514,637.4286,-626.6909
428.18,-3085.224,636.30695,-627.3305
428.19998,-3176.5623,625.0905,-626.8508
428.22,-3195.7915,621.4052,-626.8508
428.24,-3258.2861,619.80286,-626.53107
428.25998,-3013.115,628.135,-626.2113
428.28,-3157.3333,631.0192,-625.7316
428.3,-3215.0205,637.5888,-625.5718
428.31998,-3065.9949,620.9245,-625.89154
428.34,-3248.6714,624.60986,-625.252
428.36,-3138.104,626.37244,-625.252
428.38,-3234.2498,609.70807,-625.4119
428.4,-3181.3696,626.05194,-624.6125
428.41998,-3219.828,626.21216,-624.4526
428.44,-3104.4531,636.30695,-624.1329
428.46,-3094.8384,632.7818,-623.4933
428.47998,-3263.0933,622.20636,-623.65326
428.5,-3219.828,632.14087,-623.8131
428.52,-3181.3696,620.12335,-623.8131
428.53998,-3061.1877,627.3338,-622.8538
428.56,-3022.7292,626.37244,-623.1736
428.58,-3099.646,610.5093,-623.33344
428.59998,-3056.3804,626.53265,-622.21423
428.62,-3234.2498,617.88007,-622.53406
428.63998,-3109.2605,614.0344,-622.53406
428.66,-3205.406,621.245,-621.7346
428.68,-3118.8748,623.1677,-621.7346
428.69998,-3138.104,622.04614,-621.4149
428.72,-3147.7188,618.521,-620.6155
428.74,-3147.7188,617.07886,-620.13586
428.75998,-3065.9949,609.06714,-620.45557
428.78,-3085.224,626.05194,-620.2957
428.8,-3080.4167,606.98413,-619.81604
428.81998,-3176.5623,625.8917,-618.8568
428.84,-3037.1514,619.9631,-619.01666
428.86,-3142.9114,604.42035,-619.81604
428.88,-3114.0676,618.8415,-619.01666
428.9,-3224.635,615.47656,-618.537
428.91998,-3171.7551,613.8742,-618.6969
428.94,-3128.4895,615.9572,-617.57776
428.96,-3248.6714,614.19464,-617.41785
428.97998,-3157.3333,609.38763,-617.57776
429.0,-3123.6824,620.4438,-616.93823
429.02,-3104.4531,612.43207,-617.0981
429.03998,-3128.4895,620.4438,-616.7783
429.06,-3219.828,614.8356,-616.61847
429.08,-3085.224,619.64264,-615.9789
429.09998,-3109.2605,633.7432,-615.6592
429.12,-3219.828,617.88007,-615.49927
429.13998,-3248.6714,610.8297,-615.81903
429.16,-3282.3225,607.46484,-615.9789
429.18,-3181.3696,620.60406,-615.3394
429.19998,-3166.9478,620.12335,-614.85974
429.22,-3186.1768,606.98413,-614.6999
429.24,-3195.7915,612.11163,-614.54
429.25998,-3118.8748,612.27185,-614.2203
429.28,-3032.344,613.073,-614.06036
429.3,-3114.0676,630.5385,-612.9412
429.31998,-3157.3333,610.99,-613.5807
429.34,-3013.115,631.0192,-613.1011
429.36,-3224.635,620.28357,-611.98193
429.38,-3094.8384,613.073,-612.6214
429.4,-3080.4167,609.86835,-612.30164
429.41998,-3157.3333,617.23914,-611.822
429.44,-3138.104,613.8742,-611.6622
429.46,-3114.0676,616.5982,-611.1825
429.47998,-3176.5623,605.542,-611.1825
429.5,-3128.4895,606.5034,-611.50226
429.52,-3123.6824,609.70807,-611.34235
429.53998,-3138.104,609.38763,-611.34235
429.56,-3056.3804,619.32214,-610.0633
429.58,-3152.526,615.6368,-609.5837
429.59998,-3162.1404,606.0227,-610.0633
429.62,-3094.8384,606.1829,-610.7029
429.63998,-3056.3804,605.0613,-610.0633
429.66,-3152.526,607.62506,-609.5837
429.68,-3104.4531,608.7467,-608.78424
429.69998,-3186.1768,609.06714,-609.2639
429.72,-3147.7188,604.42035,-609.2639
429.74,-3147.7188,605.22156,-608.46454
429.75998,-3099.646,612.43207,-607.34534
429.78,-3109.2605,609.06714,-607.5052
429.8,-3181.3696,600.735,-607.82495
429.81998,-3195.7915,615.6368,-606.5459
429.84,-3253.4788,598.6519,-607.1855
429.86,-3133.2969,599.1326,-607.0256
429.88,-3138.104,613.5537,-606.2262
429.9,-3157.3333,606.66364,-606.0663
429.91998,-3234.2498,597.2099,-606.2262
429.94,-3147.7188,605.3818,-605.5867
429.96,-3118.8748,608.4262,-605.26685
429.97998,-3234.2498,591.2812,-605.26685
430.0,-3099.646,608.1058,-605.107
430.02,-3123.6824,600.5747,-604.78723
430.03998,-3085.224,600.4145,-604.78723
430.06,-3142.9114,606.1829,-604.1477
430.08,-3032.344,611.4707,-604.3076
430.09998,-3133.2969,606.82385,-603.98785
430.12,-3118.8748,609.86835,-603.6681
430.13998,-3176.5623,593.845,-603.50824
430.16,-3219.828,601.2157,-602.86865
430.18,-3037.1514,599.77356,-603.02856
430.19998,-3253.4788,591.7619,-602.5489
430.22,-3118.8748,599.77356,-602.0693
430.24,-3128.4895,596.2485,-602.38904
430.25998,-3128.4895,612.43207,-601.7495
430.28,-3176.5623,613.073,-600.95013
430.3,-3152.526,607.14435,-601.42975
430.31998,-3301.5518,595.28705,-600.95013
430.34,-3041.9585,602.01685,-601.2699
430.36,-3094.8384,594.6461,-600.47046
430.38,-3133.2969,598.011,-600.31055
430.4,-3166.9478,602.17706,-599.83093
430.41998,-3032.344,610.8297,-599.5112
430.44,-3181.3696,591.2812,-599.83093
430.46,-3200.5986,583.7502,-599.35126
430.47998,-3099.646,600.5747,-599.35126
430.5,-3195.7915,594.0052,-598.87164
430.52,-3205.406,580.38525,-598.392
430.53998,-3128.4895,595.60754,-598.0722
430.56,-3138.104,600.735,-598.0722
430.58,-3267.9006,595.12683,-597.43274
430.59998,-3210.2134,593.5245,-597.2729
430.62,-2993.8857,601.53613,-597.43274
430.63998,-3176.5623,588.5572,-596.95306
430.66,-3128.4895,599.77356,-596.31354
430.68,-3215.0205,596.8894,-596.47345
430.69998,-3224.635,590.15955,-596.31354
430.72,-3224.635,591.9221,-595.8339
430.74,-3219.828,588.71747,-595.8339
430.75998,-3234.2498,588.5572,-595.51416
430.78,-2974.6565,591.6017,-595.1944
430.8,-3186.1768,585.03204,-595.03455
430.81998,-3147.7188,601.8566,-594.0752
430.84,-3147.7188,596.4087,-594.2351
430.86,-3195.7915,597.2099,-593.5956
430.88,-2984.2712,596.08826,-593.7555
430.9,-3282.3225,586.3139,-593.4357
430.91998,-3114.0676,598.6519,-592.47644
430.94,-3109.2605,589.8391,-593.4357
430.96,-3171.7551,592.88354,-592.3165
430.97998,-3186.1768,591.7619,-592.1567
431.0,-3166.9478,603.6192,-591.51715
431.02,-3171.7551,593.04376,-591.99677
431.03998,-3118.8748,584.3911,-592.1567
431.06,-3205.406,585.1923,-592.3165
431.08,-3142.9114,590.96075,-591.03754
431.09998,-3027.5366,596.4087,-591.03754
431.12,-3099.646,589.8391,-590.7177
431.13998,-3085.224,583.9104,-591.03754
431.16,-3094.8384,587.43555,-590.2381
431.18,-2902.5474,621.0847,-589.43866
431.19998,-3181.3696,590.64026,-589.7585
431.22,-3181.3696,596.2485,-589.1189
431.24,-3041.9585,599.1326,-588.95905
431.25998,-3080.4167,592.88354,-589.1189
431.28,-3166.9478,582.1478,-589.5985
431.3,-3041.9585,588.23676,-588.7992
431.31998,-3099.646,591.9221,-588.7992
431.34,-3166.9478,595.44727,-587.52014
431.36,-3128.4895,589.67883,-587.52014
431.38,-3291.937,588.07654,-587.2003
431.4,-3085.224,595.44727,-587.2003
431.41998,-3272.7078,571.4122,-587.68
431.44,-3157.3333,590.8005,-586.7207
431.46,-3099.646,602.49756,-585.92126
431.47998,-3171.7551,588.71747,-586.40094
431.5,-3099.646,584.2309,-586.40094
431.52,-2993.8857,584.55133,-586.2411
431.53998,-3315.9734,577.98175,-585.7614
431.56,-3075.6096,580.86597,-584.96204
431.58,-3195.7915,572.2134,-585.44165
431.59998,-3099.646,588.71747,-584.8021
431.62,-3114.0676,576.5396,-585.2818
431.63998,-3109.2605,590.31976,-584.00275
431.66,-3080.4167,592.7233,-583.683
431.68,-3075.6096,579.90454,-584.1626
431.69998,-3171.7551,584.7116,-583.36316
431.72,-3118.8748,579.4238,-583.04346
431.74,-2998.6929,586.4742,-583.84283
431.75998,-3171.7551,575.25775,-583.04346
431.78,-3138.104,581.0262,-582.4039
431.8,-3017.922,586.6344,-582.4039
431.81998,-3147.7188,600.4145,-581.2848
431.84,-3080.4167,579.4238,-581.7644
431.86,-3239.057,572.8543,-581.2848
431.88,-3085.224,609.70807,-580.8051
431.9,-3243.8643,576.0589,-580.8051
431.91998,-3205.406,585.1923,-580.3255
431.94,-3157.3333,591.4414,-580.0057
431.96,-3046.7656,572.3736,-580.48535
431.97998,-3114.0676,577.66125,-579.84576
432.0,-3123.6824,576.6999,-579.84576
432.02,-3166.9478,588.5572,-578.247
432.03998,-3195.7915,572.5338,-578.88654
432.06,-3085.224,576.2192,-579.2063
432.08,-3210.2134,558.75366,-578.7266
432.09998,-3085.224,590.48004,-577.4476
432.12,-3229.4424,577.3408,-577.92725
432.13998,-3118.8748,584.7116,-577.4476
432.16,-3099.646,582.62854,-577.2877
432.18,-3118.8748,578.6227,-577.1278
432.19998,-3061.1877,575.09753,-576.96796
432.22,-3003.5002,599.77356,-576.1685
432.24,-3094.8384,575.8987,-576.3284
432.25998,-3301.5518,568.36774,-576.3284
432.28,-3210.2134,571.4122,-575.6889
432.3,-2945.813,567.4063,-576.00867
432.31998,-3152.526,576.6999,-575.36914
432.34,-3205.406,572.0531,-575.0494
432.36,-3118.8748,577.3408,-574.7296
432.38,-3061.1877,577.18054,-574.25
432.4,-3195.7915,562.5993,-574.56976
432.41998,-3200.5986,577.0203,-573.9302
432.44,-3080.4167,577.50104,-574.09015
432.46,-3205.406,575.25775,-573.6104
432.47998,-3128.4895,583.4297,-572.97095
432.5,-3152.526,572.8543,-573.1308
432.52,-3166.9478,567.4063,-572.6511
432.53998,-3056.3804,570.4508,-572.8111
432.56,-3133.2969,580.38525,-572.1715
432.58,-3210.2134,560.6765,-572.6511
432.59998,-3094.8384,573.9759,-571.85175
432.62,-3128.4895,574.2963,-571.6919
432.63998,-3123.6824,576.5396,-571.2122
432.66,-3215.0205,576.8601,-570.57275
432.68,-3133.2969,572.0531,-570.7326
432.69998,-3138.104,569.8099,-570.41284
432.72,-3061.1877,576.3794,-570.57275
432.74,-3142.9114,571.57245,-569.2937
432.75998,-3200.5986,564.8426,-569.6134
432.78,-3046.7656,576.3794,-569.2937
432.8,-3104.4531,563.24023,-569.2937
432.81998,-3133.2969,573.8157,-568.9739
432.84,-2998.6929,562.2788,-569.6134
432.86,-3090.0312,572.0531,-568.3344
432.88,-2989.0786,585.83325,-568.1745
432.9,-2993.8857,569.00867,-568.01465
432.91998,-3138.104,569.4894,-567.6948
432.94,-3138.104,578.3022,-566.5757
432.96,-3109.2605,560.6765,-567.2152
432.97998,-3085.224,573.9759,-566.4158
433.0,-3157.3333,581.6671,-565.93616
433.02,-3022.7292,578.6227,-566.09607
433.03998,-3142.9114,564.20166,-565.93616
433.06,-3090.0312,577.18054,-566.2559
433.08,-3070.802,560.51624,-565.4565
433.09998,-3138.104,566.28467,-565.4565
433.12,-3118.8748,574.2963,-564.6571
433.13998,-3094.8384,558.59344,-564.817
433.16,-3041.9585,580.70575,-564.0176
433.18,-3008.3076,562.1186,-564.1774
433.19998,-3061.1877,566.44495,-563.85767
433.22,-3094.8384,564.6824,-563.85767
433.24,-3200.5986,563.88116,-562.8984
433.25998,-3070.802,549.4601,-562.8984
433.28,-3061.1877,564.6824,-562.7385
433.3,-3109.2605,562.4391,-562.7385
433.31998,-3138.104,569.6496,-562.09906
433.34,-3109.2605,558.75366,-561.93915
433.36,-3061.1877,564.8426,-561.93915
433.38,-3128.4895,567.5666,-561.6193
433.4,-3017.922,571.25195,-561.4595
433.41998,-3166.9478,549.7805,-561.93915
433.44,-3104.4531,569.32916,-560.66003
433.46,-3171.7551,563.88116,-560.34033
433.47998,-3070.802,552.9852,-561.1397
433.5,-3090.0312,565.3233,-560.02057
433.52,-2989.0786,566.9256,-559.86066
433.53998,-3123.6824,563.24023,-559.0613
433.56,-3109.2605,558.59344,-559.2211
433.58,-3090.0312,566.9256,-558.90137
433.59998,-3027.5366,564.8426,-558.42175
433.62,-3133.2969,562.2788,-557.9421
433.63998,-3186.1768,545.29407,-558.26184
433.66,-3037.1514,569.6496,-557.6223
433.68,-3166.9478,564.3619,-556.9828
433.69998,-2984.2712,577.82153,-556.9828
433.72,-3046.7656,553.94666,-557.46246
433.74,-3090.0312,555.86945,-556.3433
433.75998,-3176.5623,566.12445,-555.5439
433.78,-3118.8748,559.8753,-556.3433
433.8,-3118.8748,557.3116,-555.86365
433.81998,-3181.3696,544.01215,-555.86365
433.84,-3142.9114,568.84845,-554.90436
433.86,-3051.573,563.24023,-554.90436
433.88,-3128.4895,563.72095,-554.5846
433.9,-3065.9949,558.27295,-554.4247
433.91998,-3176.5623,555.549,-553.94507
433.94,-3085.224,554.908,-554.26483
433.96,-3099.646,554.2671,-553.94507
433.97998,-3099.646,557.4718,-553.1456
434.0,-3080.4167,547.6976,-553.6253
434.02,-3162.1404,548.1783,-553.30554
434.03998,-3070.802,557.1513,-552.0265
434.06,-3114.0676,557.3116,-551.8666
434.08,-3070.802,549.7805,-552.0265
434.09998,-3219.828,547.8578,-551.06726
434.12,-3080.4167,566.7654,-551.2271
434.13998,-3190.9841,533.75714,-551.7067
434.16,-3224.635,549.6203,-550.9073
434.18,-3056.3804,551.3829,-550.9073
434.19998,-3205.406,545.29407,-550.2678
434.22,-3138.104,551.8636,-550.2678
434.24,-2989.0786,563.40045,-549.4684
434.25998,-2960.2346,560.0355,-549.78815
434.28,-3061.1877,554.2671,-549.30853
434.3,-3094.8384,547.6976,-548.9888
434.31998,-3171.7551,554.1069,-548.8289
434.34,-3080.4167,548.1783,-548.5091
434.36,-3056.3804,556.8309,-548.669
434.38,-3138.104,547.3771,-547.7097
434.4,-3157.3333,543.211,-548.18933
434.41998,-3099.646,534.71857,-548.18933
434.44,-3147.7188,546.73615,-547.23004
434.46,-3186.1768,529.91156,-547.0702
434.47998,-3142.9114,543.0508,-546.5906
434.5,-3022.7292,549.13965,-546.2708
434.52,-2965.0422,560.51624,-545.79114
434.53998,-3037.1514,548.97943,-545.1516
434.56,-3234.2498,544.01215,-545.4714
434.58,-3133.2969,554.7478,-544.67194
434.59998,-3138.104,548.8192,-544.99176
434.62,-3109.2605,544.1724,-544.5121
434.63998,-3181.3696,542.8905,-544.3522
434.66,-3162.1404,542.40985,-544.0325
434.68,-3008.3076,530.8729,-544.3522
434.69998,-3094.8384,545.1338,-543.71265
434.72,-3340.0098,517.73376,-543.71265
434.74,-3075.6096,549.4601,-542.91327
434.75998,-3118.8748,539.36536,-542.91327
434.78,-3046.7656,541.92914,-542.59357
434.8,-3138.104,536.96185,-542.4336
434.81998,-3190.9841,552.825,-541.6342
434.84,-3104.4531,535.68,-541.954
434.86,-3147.7188,545.935,-540.9947
434.88,-3075.6096,541.60864,-540.9947
434.9,-3061.1877,541.1279,-540.83484
434.91998,-3142.9114,541.60864,-540.1953
434.94,-3061.1877,545.7747,-540.0354
434.96,-3085.224,552.825,-539.236
434.97998,-3041.9585,538.7244,-539.236
435.0,-2979.4639,554.1069,-539.5558
435.02,-3157.3333,532.31506,-539.236
435.03998,-3152.526,532.6355,-538.91626
435.06,-3046.7656,532.15485,-538.75635
435.08,-3070.802,540.487,-538.27673
435.09998,-3090.0312,531.83435,-538.59644
435.12,-3157.3333,540.3268,-537.4773
435.13998,-3133.2969,535.68,-537.31744
435.16,-3123.6824,534.07764,-536.9977
435.18,-3065.9949,535.68,-537.31744
435.19998,-3118.8748,549.4601,-536.19824
435.22,-3171.7551,540.16656,-535.7186
435.24,-3085.224,540.3268,-535.8785
435.25998,-3109.2605,540.487,-535.7186
435.28,-3118.8748,536.0004,-535.5588
435.3,-3118.8748,519.6566,-535.39886
435.31998,-3032.344,532.6355,-534.9192
435.34,-3186.1768,530.7127,-534.75934
435.36,-3301.5518,512.44604,-534.5994
435.38,-3032.344,534.55835,-534.1198
435.4,-3128.4895,537.1221,-533.80005
435.41998,-3041.9585,541.2882,-533.32043
435.44,-2945.813,535.5197,-533.0007
435.46,-3128.4895,531.67413,-533.32043
435.47998,-3022.7292,532.15485,-532.8407
435.5,-3166.9478,529.7513,-532.20123
435.52,-3022.7292,536.64136,-531.8815
435.53998,-3118.8748,538.88464,-531.5617
435.56,-3104.4531,529.2706,-531.8815
435.58,-3104.4531,523.18176,-531.5617
435.59998,-3190.9841,519.97705,-531.08203
435.62,-3051.573,538.0835,-530.12274
435.63998,-3061.1877,535.3595,-529.80304
435.66,-3114.0676,544.1724,-529.16345
435.68,-3061.1877,525.1045,-529.80304
435.69998,-3046.7656,533.75714,-529.4833
435.72,-2989.0786,533.75714,-528.8437
435.74,-3186.1768,515.811,-529.4833
435.75998,-3190.9841,524.4636,-528.68384
435.78,-3065.9949,527.6683,-528.524
435.8,-3118.8748,518.535,-528.68384
435.81998,-3099.646,525.2648,-528.0444
435.84,-3065.9949,534.07764,-527.085
435.86,-3099.646,534.71857,-526.9252
435.88,-3157.3333,520.1373,-527.085
435.9,-3051.573,527.6683,-526.60535
435.91998,-3094.8384,526.0659,-526.4455
435.94,-2849.6675,548.1783,-525.9659
435.96,-3046.7656,522.38055,-526.12573
435.97998,-3171.7551,525.1045,-525.6461
436.0,-3090.0312,539.84607,-525.0066
436.02,-3152.526,525.425,-524.8467
436.03998,-3090.0312,523.6625,-524.527
436.06,-3080.4167,513.087,-524.20715
436.08,-3171.7551,525.425,-523.5676
436.09998,-3090.0312,530.5525,-523.2479
436.12,-3051.573,536.80164,-522.9281
436.13998,-3123.6824,524.78406,-523.08795
436.16,-3118.8748,521.2589,-522.9281
436.18,-3008.3076,531.67413,-522.1287
436.19998,-3200.5986,525.9057,-522.1287
436.22,-3142.9114,522.38055,-521.64905
436.24,-2974.6565,547.6976,-521.3293
436.25998,-3065.9949,524.4636,-521.16943
436.28,-3094.8384,522.54083,-520.8497
436.3,-3051.573,508.27997,-521.4892
436.31998,-3022.7292,532.4753,-520.5299
436.34,-3099.646,520.45776,-520.05023
436.36,-3118.8748,504.91507,-520.37
436.38,-3128.4895,521.8999,-519.7305
436.4,-3248.6714,518.535,-519.09094
436.41998,-2931.391,528.4694,-519.25085
436.44,-3104.4531,517.09283,-518.6113
436.46,-3003.5002,530.7127,-517.9718
436.47998,-3128.4895,521.5794,-517.65204
436.5,-3138.104,518.8554,-517.4922
436.52,-3032.344,523.02155,-517.65204
436.53998,-3051.573,521.4192,-517.0125
436.56,-3123.6824,495.94193,-517.0125
436.58,-3186.1768,515.811,-516.21313
436.59998,-3061.1877,517.4133,-516.53284
436.62,-3200.5986,510.52325,-515.73346
436.63998,-3061.1877,515.17004,-515.73346
436.66,-3123.6824,526.22614,-514.61426
436.68,-3008.3076,525.2648,-515.4137
436.69998,-3056.3804,520.1373,-515.25385
436.72,-3123.6824,516.2917,-514.2945
436.74,-3056.3804,516.4519,-514.13464
436.75998,-3037.1514,518.535,-513.655
436.78,-3070.802,513.2472,-513.4951
436.8,-3041.9585,524.94434,-513.17535
436.81998,-3104.4531,509.4016,-513.0155
436.84,-2835.2456,527.18756,-512.8556
436.86,-3022.7292,517.09283,-512.05615
436.88,-3147.7188,519.6566,-512.05615
436.9,-3080.4167,518.05426,-511.4167
436.91998,-3013.115,512.92676,-511.57654
436.94,-3085.224,505.2355,-511.8963
436.96,-3186.1768,515.811,-510.77713
436.97998,-3171.7551,498.34546,-511.4167
437.0,-3046.7656,519.49634,-510.77713
437.02,-3070.802,519.81683,-509.81784
437.03998,-3061.1877,519.81683,-509.97775
437.06,-3032.344,521.4192,-509.4981
437.08,-3056.3804,529.2706,-509.3382
437.09998,-3109.2605,516.1315,-509.17834
437.12,-3075.6096,507.79926,-509.01843
437.13998,-3142.9114,523.342,-507.7394
437.16,-3046.7656,515.17004,-508.05914
437.18,-3061.1877,518.3747,-507.5795
437.19998,-3046.7656,498.66592,-508.21906
437.22,-3090.0312,503.6332,-507.41965
437.24,-3090.0312,511.16418,-507.41965
437.25998,-3075.6096,509.88232,-506.7801
437.28,-3171.7551,505.71622,-506.30045
437.3,-2974.6565,518.05426,-505.98074
437.31998,-3215.0205,502.3513,-505.98074
437.34,-3176.5623,499.62732,-505.98074
437.36,-2974.6565,509.24133,-505.3412
437.38,-3099.646,509.56183,-504.86154
437.4,-3013.115,519.81683,-504.54175
437.41998,-3022.7292,525.9057,-504.22205
437.44,-3162.1404,500.26828,-504.54175
437.46,-3142.9114,503.95364,-504.22205
437.47998,-3008.3076,499.4671,-504.22205
437.5,-3070.802,503.6332,-503.4226
437.52,-3065.9949,501.55014,-503.2627
437.53998,-3128.4895,507.15833,-502.943
437.56,-3181.3696,508.9209,-502.6232
437.58,-2984.2712,505.39578,-502.30344
437.59998,-3157.3333,510.8437,-501.34415
437.62,-3041.9585,506.9981,-501.504
437.63998,-3008.3076,498.1852,-501.6639
437.66,-3109.2605,498.82614,-501.6639
437.68,-3027.5366,502.03085,-501.02435
437.69998,-3080.4167,500.4285,-500.70465
437.72,-3118.8748,491.13495,-500.54474
437.74,-2979.4639,496.42264,-500.38486
437.75998,-3118.8748,502.99228,-499.74533
437.78,-3008.3076,505.8765,-498.94592
437.8,-3008.3076,505.8765,-499.1058
437.81998,-2965.0422,523.342,-498.1465
437.84,-3041.9585,492.25656,-498.78604
437.86,-3022.7292,497.54428,-498.3064
437.88,-2998.6929,522.0601,-497.50702
437.9,-3147.7188,503.6332,-497.02734
437.91998,-3104.4531,498.34546,-497.3471
437.94,-3094.8384,497.86475,-497.18723
437.96,-3104.4531,506.35715,-496.06805
437.97998,-3099.646,493.218,-496.5477
438.0,-2950.62,501.06943,-496.22794
438.02,-3104.4531,486.48813,-496.5477
438.03998,-2998.6929,497.22382,-495.5884
438.06,-3046.7656,496.42264,-494.94888
438.08,-3109.2605,499.14664,-494.30936
438.09998,-3065.9949,489.05188,-495.42853
438.12,-3104.4531,496.10217,-494.46927
438.13998,-2965.0422,502.67178,-493.50995
438.16,-2979.4639,488.09048,-493.50995
438.18,-3061.1877,483.76416,-493.50995
438.19998,-2965.0422,494.17938,-493.3501
438.22,-3061.1877,483.92438,-493.0303
438.24,-3046.7656,480.39926,-492.55066
438.25998,-3056.3804,496.7431,-491.75125
438.28,-3200.5986,482.16183,-492.23093
438.3,-3013.115,495.62146,-491.43152
438.31998,-3027.5366,495.62146,-491.2716
438.34,-3022.7292,507.15833,-491.11172
438.36,-3114.0676,489.05188,-490.95187
438.38,-3080.4167,486.00745,-490.15244
438.4,-3041.9585,506.19693,-489.8327
438.41998,-3200.5986,488.7314,-489.35303
438.44,-3118.8748,477.99576,-489.8327
438.46,-3056.3804,488.2507,-489.0333
438.47998,-3051.573,491.77588,-489.19318
438.5,-3138.104,480.5595,-488.71353
438.52,-3171.7551,479.43787,-488.074
438.53998,-2979.4639,499.94778,-487.2746
438.56,-3205.406,495.301,-486.79495
438.58,-2960.2346,492.57706,-487.2746
438.59998,-3022.7292,505.556,-486.15543
438.62,-3032.344,485.52673,-486.3153
438.63998,-3162.1404,472.54776,-486.79495
438.66,-3099.646,487.77002,-485.83563
438.68,-2945.813,509.56183,-485.35602
438.69998,-3003.5002,481.84137,-485.5159
438.72,-3065.9949,486.64838,-485.5159
438.74,-3008.3076,492.09634,-484.5566
438.75998,-3065.9949,486.48813,-484.07693
438.78,-3041.9585,491.4554,-484.23685
438.8,-2926.5837,490.0133,-483.7572
438.81998,-3248.6714,474.31036,-483.7572
438.84,-3022.7292,486.64838,-483.91708
438.86,-3190.9841,483.6039,-483.4374
438.88,-3051.573,485.04602,-482.63803
438.9,-3027.5366,483.1232,-482.7979
438.91998,-2791.98,508.1197,-482.31824
438.94,-2936.1982,488.5712,-481.9985
438.96,-3070.802,485.20627,-481.83862
438.97998,-3008.3076,474.31036,-481.6787
439.0,-3032.344,480.0788,-481.35898
439.02,-3037.1514,495.94193,-480.71945
439.03998,-3065.9949,485.68695,-480.2398
439.06,-3190.9841,473.5092,-480.3997
439.08,-2945.813,486.3279,-480.07993
439.09998,-3056.3804,484.24484,-479.4404
439.12,-3046.7656,481.68112,-478.80087
439.13998,-2955.4275,476.3934,-479.4404
439.16,-3157.3333,479.91855,-478.80087
439.18,-3008.3076,482.00162,-478.4811
439.19998,-3099.646,473.9899,-477.84158
439.22,-3109.2605,475.1115,-478.16135
439.24,-3085.224,476.07294,-477.84158
439.25998,-3056.3804,475.1115,-477.52182
439.28,-3085.224,476.07294,-477.36194
439.3,-3022.7292,480.239,-476.56253
439.31998,-3104.4531,469.02264,-477.04218
439.34,-2974.6565,472.06708,-476.40265
439.36,-3114.0676,467.26007,-476.24277
439.38,-3046.7656,468.06125,-475.923
439.4,-3109.2605,471.10565,-475.60324
439.41998,-3013.115,474.47058,-474.9637
439.44,-3032.344,488.89166,-473.84454
439.46,-3027.5366,472.06708,-474.3242
439.47998,-2945.813,465.81796,-474.00443
439.5,-2984.2712,479.91855,-473.68466
439.52,-3065.9949,478.6367,-473.20502
439.53998,-2998.6929,476.8741,-473.04514
439.56,-2974.6565,477.3548,-472.24573
439.58,-3176.5623,465.4975,-471.92596
439.59998,-3340.0098,461.49164,-469.208
439.62,-2801.5945,508.27997,-472.4056
439.63998,-2926.5837,485.8472,-471.12656
439.66,-3032.344,464.85657,-471.28644
439.68,-2916.9692,472.38754,-470.6469
439.69998,-3017.922,484.8858,-470.48703
439.72,-3008.3076,476.07294,-470.0074
439.74,-3157.3333,472.708,-469.52774
439.75998,-3051.573,473.5092,-469.04813
439.78,-2989.0786,487.93024,-468.2487
439.8,-3017.922,477.8355,-468.72833
439.81998,-3085.224,477.67526,-468.56848
439.84,-3075.6096,479.75833,-468.40857
439.86,-3138.104,471.42615,-467.92896
439.88,-2998.6929,469.82382,-467.60916
439.9,-3017.922,458.9279,-467.92896
439.91998,-3104.4531,469.3431,-466.80978
439.94,-3090.0312,464.0554,-466.96964
439.96,-3056.3804,483.4437,-466.3301
439.97998,-2931.391,477.67526,-466.3301
440.0,-3099.646,467.74078,-466.17026
440.02,-3090.0312,476.23315,-465.37082
440.03998,-2897.7402,471.90683,-465.0511
440.06,-3056.3804,463.73492,-465.0511
440.08,-3056.3804,454.92206,-465.37082
440.09998,-3147.7188,464.53607,-464.8912
440.12,-3215.0205,446.7501,-464.7313
440.13998,-3138.104,466.29868,-463.61215
440.16,-3080.4167,461.8121,-463.45224
440.18,-2840.0527,473.18872,-463.29236
440.19998,-2989.0786,461.8121,-463.29236
440.22,-3070.802,464.85657,-462.49298
440.24,-3003.5002,456.68463,-462.49298
440.25998,-3017.922,465.9782,-462.01334
440.28,-3027.5366,460.8507,-461.85345
440.3,-2989.0786,461.65186,-461.69354
440.31998,-3085.224,460.04953,-461.69354
440.34,-3037.1514,467.09982,-460.25464
440.36,-2984.2712,457.16534,-460.89417
440.38,-3099.646,454.6016,-460.73428
440.4,-3114.0676,457.16534,-460.09476
440.41998,-3041.9585,461.01093,-460.09476
440.44,-3210.2134,453.1595,-459.29532
440.46,-3176.5623,456.52438,-458.9756
440.47998,-2998.6929,473.34894,-458.49594
440.5,-3046.7656,457.0051,-458.33606
440.52,-3017.922,461.17117,-458.17618
440.53998,-3157.3333,463.57468,-457.69653
440.56,-2984.2712,453.47995,-457.37674
440.58,-3032.344,470.94543,-456.8971
440.59998,-2969.8494,464.2156,-456.73724
440.62,-3061.1877,461.65186,-456.25757
440.63998,-3017.922,462.13257,-456.57736
440.66,-2888.1255,481.36066,-455.4582
440.68,-2907.3547,453.64017,-455.77795
440.69998,-3109.2605,452.3583,-454.97852
440.72,-3085.224,462.13257,-454.81866
440.74,-3046.7656,457.32556,-454.65878
440.75998,-3080.4167,447.55127,-454.17914
440.78,-3032.344,456.68463,-454.17914
440.8,-2965.0422,460.69046,-453.85934
440.81998,-3051.573,453.47995,-453.5396
440.84,-3013.115,461.17117,-453.21982
440.86,-3070.802,440.82147,-452.7402
440.88,-3090.0312,449.31384,-452.5803
440.9,-2998.6929,450.9162,-452.10068
440.91998,-3070.802,446.91034,-452.5803
440.94,-3118.8748,456.20392,-451.7809
440.96,-3253.4788,439.37936,-451.46115
440.97998,-3041.9585,452.67877,-451.30127
441.0,-3162.1404,446.10916,-450.8216
441.02,-3176.5623,434.57233,-450.50186
441.03998,-3128.4895,451.8776,-450.50186
441.06,-3080.4167,449.79456,-449.86234
441.08,-2998.6929,451.3969,-449.70245
441.09998,-3027.5366,446.91034,-449.2228
441.12,-3022.7292,448.03198,-448.90305
441.13998,-3037.1514,444.02615,-448.74316
441.16,-3234.2498,440.50098,-448.10364
441.18,-3080.4167,450.27527,-448.10364
441.19998,-3094.8384,441.30215,-447.78387
441.22,-3085.224,441.62262,-447.4641
441.24,-2979.4639,441.78287,-447.78387
441.25998,-3104.4531,434.41208,-446.98447
441.28,-3070.802,441.4624,-446.6647
441.3,-2969.8494,445.1478,-446.34494
441.31998,-2989.0786,459.56882,-445.22577
441.34,-3075.6096,443.06473,-445.0659
441.36,-2979.4639,441.9431,-445.0659
441.38,-2955.4275,450.59573,-444.42636
441.4,-3056.3804,431.04718,-445.22577
441.41998,-3041.9585,448.03198,-443.94672
441.44,-3022.7292,455.40277,-443.3072
441.46,-3017.922,428.80392,-443.62695
441.47998,-3109.2605,440.0203,-442.82755
441.5,-3027.5366,439.37936,-442.82755
441.52,-2998.6929,443.8659,-442.3479
441.53998,-2984.2712,423.67642,-442.98743
441.56,-3070.802,445.9489,-441.86826
441.58,-3109.2605,437.61676,-441.70837
441.59998,-3094.8384,454.92206,-440.26944
441.62,-2955.4275,443.06473,-440.74908
441.63998,-3099.646,444.02615,-440.58923
441.66,-3041.9585,449.6343,-439.7898
441.68,-3008.3076,443.38522,-439.6299
441.69998,-2902.5474,438.25772,-439.6299
441.72,-3166.9478,446.2694,-439.15027
441.74,-2945.813,438.41794,-438.9904
441.75998,-3003.5002,442.58405,-438.51074
441.78,-3258.2861,431.5279,-438.191
441.8,-3070.802,442.9045,-437.55148
441.81998,-3032.344,439.21912,-437.55148
441.84,-3123.6824,446.58987,-436.91193
441.86,-3003.5002,439.69983,-437.2317
441.88,-3186.1768,435.69397,-436.43228
441.9,-3090.0312,450.75595,-436.11252
441.91998,-3075.6096,436.01443,-436.43228
441.94,-3041.9585,437.93726,-436.2724
441.96,-2926.5837,436.49512,-435.7928
441.97998,-3022.7292,443.06473,-434.67358
442.0,-3061.1877,437.61676,-434.83347
442.02,-3070.802,434.8928,-434.83347
442.03998,-3152.526,430.24603,-434.51373
442.06,-2897.7402,437.13608,-434.67358
442.08,-2974.6565,430.88696,-433.87418
442.09998,-3037.1514,422.715,-433.7143
442.12,-3013.115,425.439,-432.59512
442.13998,-3041.9585,436.49512,-432.75504
442.16,-3176.5623,410.05652,-433.07477
442.18,-2840.0527,437.13608,-432.1155
442.19998,-2897.7402,441.14194,-431.47595
442.22,-3046.7656,418.3887,-431.47595
442.24,-3017.922,430.40625,-430.83643
442.25998,-3051.573,428.48343,-430.67654
442.28,-3171.7551,431.68814,-430.51666
442.3,-3075.6096,429.92557,-430.1969
442.31998,-2945.813,449.79456,-429.2376
442.34,-3080.4167,426.24017,-429.7173
442.36,-3022.7292,431.36768,-429.07776
442.38,-2907.3547,446.42963,-428.75797
442.4,-3027.5366,428.00275,-428.5981
442.41998,-3046.7656,428.80392,-428.11844
442.44,-3075.6096,428.80392,-427.9586
442.46,-2868.8965,424.31735,-427.9586
442.47998,-3022.7292,432.32907,-426.99927
442.5,-3138.104,396.5969,-427.4789
442.52,-2993.8857,430.88696,-426.51962
442.53998,-2969.8494,429.76532,-426.99927
442.56,-3065.9949,423.9969,-426.04
442.58,-2993.8857,427.36182,-425.7202
442.59998,-2969.8494,419.8308,-426.04
442.62,-3008.3076,425.439,-424.92084
442.63998,-3114.0676,417.90802,-424.60104
442.66,-2955.4275,433.45068,-424.1214
442.68,-3017.922,418.70917,-423.80164
442.69998,-3085.224,403.00626,-424.76093
442.72,-3051.573,429.76532,-423.48187
442.74,-3080.4167,412.94073,-423.322
442.75998,-3056.3804,429.92557,-422.5226
442.78,-2984.2712,432.0086,-422.3627
442.8,-3037.1514,423.51617,-422.68246
442.81998,-2979.4639,420.632,-422.20282
442.84,-2955.4275,427.8425,-421.5633
442.86,-2931.391,434.41208,-420.60403
442.88,-3118.8748,417.90802,-421.08365
442.9,-2936.1982,424.79807,-420.60403
442.91998,-3070.802,430.88696,-419.8046
442.94,-2979.4639,423.1957,-419.8046
442.96,-2921.7766,438.41794,-419.8046
442.97998,-3080.4167,422.715,-418.84534
443.0,-3041.9585,419.02963,-418.68542
443.02,-2984.2712,423.35596,-418.84534
443.03998,-2979.4639,432.64954,-417.56628
443.06,-3027.5366,417.4273,-417.88602
443.08,-2926.5837,419.51035,-417.40637
443.09998,-2960.2346,433.13025,-416.4471
443.12,-3065.9949,422.07407,-416.60696
443.13998,-3027.5366,430.88696,-416.2872
443.16,-2974.6565,426.72086,-415.96744
443.18,-2888.1255,415.66473,-416.2872
443.19998,-2907.3547,413.90216,-415.64767
443.22,-3037.1514,410.37698,-415.4878
443.24,-3070.802,414.7033,-414.84827
443.25998,-3104.4531,421.43314,-414.36862
443.28,-3090.0312,432.97,-414.20874
443.3,-3037.1514,411.17816,-414.36862
443.31998,-2950.62,412.2998,-413.88898
443.34,-3109.2605,410.8577,-413.24945
443.36,-3013.115,409.73605,-413.08957
443.38,-3085.224,411.3384,-412.9297
443.4,-2965.0422,417.10684,-412.2902
443.41998,-3003.5002,431.68814,-411.33087
443.44,-3017.922,413.58167,-411.49075
443.46,-2974.6565,414.22263,-411.01114
443.47998,-3070.802,408.45422,-411.171
443.5,-2974.6565,415.82495,-410.85123
443.52,-3027.5366,415.18402,-410.3716
443.53998,-2960.2346,412.46005,-410.2117
443.56,-3099.646,400.9232,-410.3716
443.58,-3075.6096,408.13373,-409.57217
443.59998,-2979.4639,412.13956,-408.93265
443.62,-3065.9949,406.85187,-408.93265
443.63998,-2936.1982,414.22263,-408.6129
443.66,-3032.344,411.17816,-408.29312
443.68,-2974.6565,398.84015,-408.6129
443.69998,-2936.1982,415.66473,-407.33386
443.72,-2979.4639,412.2998,-407.33386
443.74,-2902.5474,414.7033,-406.85422
443.75998,-3099.646,411.0179,-406.37454
443.78,-2998.6929,409.8963,-406.53442
443.8,-3061.1877,409.8963,-406.0548
443.81998,-2945.813,414.7033,-405.57516
443.84,-2974.6565,416.9466,-405.0955
443.86,-2950.62,409.25534,-405.41525
443.88,-2984.2712,399.64133,-405.41525
443.9,-2902.5474,422.55478,-404.1362
443.91998,-2989.0786,404.12787,-403.97632
443.94,-2916.9692,407.01212,-404.1362
443.96,-3008.3076,415.82495,-403.17694
443.97998,-3013.115,406.69162,-402.85715
444.0,-3061.1877,404.12787,-402.85715
444.02,-2974.6565,421.7536,-402.3775
444.03998,-3037.1514,411.3384,-401.8979
444.06,-2974.6565,410.05652,-401.8979
444.08,-3056.3804,405.56998,-401.5781
444.09998,-3065.9949,389.86707,-401.73798
444.12,-2936.1982,403.16647,-401.73798
444.13998,-2965.0422,399.64133,-401.09845
444.16,-2979.4639,396.43668,-400.61884
444.18,-3085.224,405.89047,-400.1392
444.19998,-3003.5002,400.28226,-399.65952
444.22,-2984.2712,400.9232,-399.33975
444.24,-3017.922,399.80154,-399.02
444.25998,-2892.9329,400.76297,-398.54034
444.28,-2854.4746,411.17816,-398.38046
444.3,-2945.813,415.66473,-397.2613
444.31998,-3051.573,397.07758,-397.90082
444.34,-3013.115,380.73373,-398.0607
444.36,-3032.344,400.76297,-396.78165
444.38,-3094.8384,386.18167,-396.78165
444.4,-3138.104,396.75714,-396.62177
444.41998,-3094.8384,387.784,-395.98224
444.44,-2936.1982,400.76297,-395.66248
444.46,-2969.8494,399.9618,-395.5026
444.47998,-3094.8384,393.23196,-395.18286
444.5,-2950.62,401.72437,-394.70322
444.52,-2916.9692,397.7185,-394.38342
444.53998,-2998.6929,399.64133,-393.7439
444.56,-3056.3804,394.99457,-392.9445
444.58,-2936.1982,395.31503,-393.26425
444.59998,-2950.62,390.02728,-393.10437
444.62,-3037.1514,401.08344,-392.62473
444.63998,-2993.8857,398.19922,-392.1451
444.66,-2926.5837,393.87292,-392.46484
444.68,-3152.526,383.77817,-391.50555
444.69998,-3003.5002,400.76297,-391.50555
444.72,-3003.5002,388.2647,-391.50555
444.74,-2878.511,406.5314,-391.02594
444.75998,-3065.9949,390.6682,-390.54626
444.78,-2868.8965,402.846,-390.54626
444.8,-3065.9949,392.9115,-390.06662
444.81998,-3022.7292,386.66238,-389.4271
444.84,-3013.115,397.39804,-389.10736
444.86,-3099.646,404.28812,-388.4678
444.88,-2974.6565,384.41913,-389.2672
444.9,-3061.1877,397.07758,-388.4678
444.91998,-2979.4639,383.93842,-388.4678
444.94,-3008.3076,387.3033,-387.82828
444.96,-2941.0059,398.6799,-387.18875
444.97998,-3027.5366,392.59103,-386.70914
445.0,-3085.224,389.0659,-386.54922
445.02,-2998.6929,391.4694,-386.22946
445.03998,-2979.4639,383.61795,-386.0696
445.06,-3003.5002,388.74542,-385.43005
445.08,-3090.0312,381.5349,-385.58994
445.09998,-3176.5623,355.577,-385.74982
445.12,-3051.573,387.94424,-385.27017
445.13998,-3013.115,387.62378,-384.79053
445.16,-2907.3547,403.48694,-383.99112
445.18,-3037.1514,376.8881,-384.3109
445.19998,-3003.5002,387.62378,-383.1917
445.22,-2998.6929,387.46353,-383.03186
445.24,-2965.0422,380.89395,-383.1917
445.25998,-3017.922,382.33606,-382.71207
445.28,-3046.7656,389.70682,-382.5522
445.3,-2960.2346,399.0004,-381.5929
445.31998,-2993.8857,387.3033,-381.27316
445.34,-3056.3804,378.6507,-381.5929
445.36,-3013.115,384.41913,-381.11325
445.38,-2974.6565,378.6507,-380.63364
445.4,-2878.511,385.8612,-380.15396
445.41998,-3099.646,384.09866,-379.8342
445.44,-2916.9692,382.0156,-379.67432
445.46,-3013.115,378.6507,-379.8342
445.47998,-2984.2712,383.2975,-379.0348
445.5,-2993.8857,386.66238,-378.39526
445.52,-3008.3076,382.81677,-378.0755
445.53998,-3061.1877,379.45184,-378.0755
445.56,-3032.344,378.8109,-377.5959
445.58,-3027.5366,381.5349,-376.95633
445.59998,-2883.3184,377.84952,-377.2761
445.62,-2888.1255,400.76297,-376.15692
445.63998,-3065.9949,373.20273,-376.3168
445.66,-2984.2712,382.65656,-376.15692
445.68,-3104.4531,368.55594,-375.99704
445.69998,-3061.1877,374.00388,-375.5174
445.72,-2801.5945,382.97702,-375.3575
445.74,-3065.9949,380.0928,-374.5581
445.75998,-3065.9949,364.71033,-374.5581
445.78,-2993.8857,387.94424,-374.07846
445.8,-2989.0786,372.08112,-373.59882
445.81998,-3085.224,365.35126,-373.59882
445.84,-2830.4382,401.72437,-372.7994
445.86,-2883.3184,378.00974,-372.7994
445.88,-2993.8857,374.9653,-372.47964
445.9,-3027.5366,364.71033,-372.47964
445.91998,-2965.0422,375.44598,-371.84012
445.94,-3017.922,375.76648,-371.84012
445.96,-2921.7766,382.97702,-371.36047
445.97998,-2974.6565,378.49045,-370.40118
446.0,-3037.1514,361.50565,-370.8808
446.02,-3065.9949,378.3302,-369.92154
446.03998,-2941.0059,379.77234,-369.76166
446.06,-3008.3076,365.35126,-370.08142
446.08,-3061.1877,377.84952,-368.80237
446.09998,-2969.8494,368.23547,-369.60178
446.12,-2950.62,365.9922,-368.80237
446.13998,-3090.0312,353.1735,-368.80237
446.16,-2955.4275,366.79337,-368.16284
446.18,-2801.5945,390.02728,-367.84305
446.19998,-3022.7292,361.50565,-367.6832
446.22,-3186.1768,355.577,-367.36343
446.24,-3037.1514,359.7431,-367.36343
446.25998,-3027.5366,365.19104,-366.40414
446.28,-2993.8857,374.4846,-365.60474
446.3,-2926.5837,361.18518,-366.24426
446.31998,-2936.1982,352.21207,-365.9245
446.34,-3027.5366,364.87057,-365.28497
446.36,-2936.1982,368.39572,-364.8053
446.38,-2974.6565,373.20273,-364.48557
446.4,-2960.2346,363.10797,-364.16577
446.41998,-2965.0422,349.0074,-364.48557
446.44,-3061.1877,365.67172,-363.68616
446.46,-2936.1982,364.87057,-362.88672
446.47998,-2830.4382,359.90332,-363.52625
446.5,-3114.0676,365.67172,-362.567
446.52,-3032.344,350.28928,-362.40707
446.53998,-2883.3184,361.18518,-362.2472
446.56,-3013.115,367.27408,-361.6077
446.58,-3013.115,355.577,-361.28793
446.59998,-3056.3804,357.0191,-360.96817
446.62,-2816.0164,374.9653,-360.6484
446.63998,-2989.0786,357.33957,-360.32864
446.66,-2969.8494,355.73724,-360.4885
446.68,-3017.922,366.79337,-359.52924
446.69998,-3017.922,356.37817,-359.68912
446.72,-2945.813,356.53842,-359.20944
446.74,-2969.8494,355.25653,-358.41006
446.75998,-2998.6929,369.67758,-358.25018
446.78,-2984.2712,364.55008,-358.09027
446.8,-2926.5837,356.21793,-358.41006
446.81998,-2897.7402,364.55008,-357.131
446.84,-2912.1619,345.64252,-357.2909
446.86,-3041.9585,340.0343,-357.131
446.88,-3051.573,353.65417,-356.1717
446.9,-2912.1619,363.42847,-356.01184
446.91998,-2974.6565,344.52087,-355.3723
446.94,-3041.9585,354.93607,-355.3723
446.96,-3032.344,361.50565,-354.413
446.97998,-3094.8384,346.92438,-354.09326
447.0,-3061.1877,353.97467,-354.2531
447.02,-2974.6565,356.0577,-354.09326
447.03998,-2945.813,359.90332,-353.29382
447.06,-2945.813,363.90915,-353.13394
447.08,-2902.5474,358.301,-352.9741
447.09998,-3166.9478,350.4495,-352.8142
447.12,-2960.2346,343.39923,-352.33456
447.13998,-3017.922,358.94193,-351.69504
447.16,-2892.9329,355.73724,-351.8549
447.18,-2989.0786,346.76416,-351.8549
447.19998,-2969.8494,364.0694,-350.416
447.22,-2941.0059,356.53842,-350.416
447.24,-3046.7656,354.1349,-350.25607
447.25998,-2955.4275,353.3337,-349.77646
447.28,-2936.1982,360.70447,-349.29678
447.3,-2998.6929,353.3337,-349.13693
447.31998,-2965.0422,359.58286,-348.81714
447.34,-2984.2712,363.26822,-347.85785
447.36,-2916.9692,354.1349,-348.1776
447.38,-2864.089,356.8589,-347.69797
447.4,-3070.802,345.32202,-347.5381
447.41998,-2945.813,359.7431,-346.7387
447.44,-3017.922,349.0074,-347.21832
447.46,-2974.6565,347.72556,-346.5788
447.47998,-3056.3804,350.4495,-345.93927
447.5,-3017.922,338.91266,-346.4189
447.52,-3075.6096,354.1349,-345.13986
447.53998,-3123.6824,328.81793,-345.29974
447.56,-3041.9585,327.6963,-345.29974
447.58,-2993.8857,343.55945,-344.50034
447.59998,-2950.62,347.5653,-344.0207
447.62,-3017.922,330.26004,-343.8608
447.63998,-2830.4382,344.04016,-343.54105
447.66,-3075.6096,349.0074,-342.90152
447.68,-2945.813,350.76996,-342.74164
447.69998,-3027.5366,342.11734,-342.42188
447.72,-2965.0422,345.48227,-342.262
447.74,-2931.391,343.07877,-341.4626
447.75998,-3051.573,334.2659,-341.3027
447.78,-2825.6309,358.62146,-340.66318
447.8,-2897.7402,345.80273,-340.5033
447.81998,-3099.646,346.28345,-340.5033
447.84,-3090.0312,338.91266,-340.18353
447.86,-3099.646,332.18286,-339.3841
447.88,-2840.0527,356.21793,-339.06436
447.9,-2931.391,340.67523,-339.06436
447.91998,-2902.5474,350.12903,-338.74457
447.94,-3003.5002,338.75244,-338.10507
447.96,-2950.62,342.7583,-338.42484
447.97998,-2960.2346,346.44366,-338.10507
448.0,-2950.62,334.7466,-338.10507
448.02,-2753.5217,365.19104,-336.82602
448.03998,-3003.5002,335.54776,-336.50626
448.06,-2931.391,335.06708,-336.50626
448.08,-2897.7402,339.71384,-336.82602
448.09998,-2897.7402,339.39337,-335.86673
448.12,-2931.391,346.28345,-334.90744
448.13998,-2936.1982,343.23898,-334.90744
448.16,-2989.0786,340.67523,-334.42776
448.18,-2878.511,332.98404,-334.58768
448.19998,-3022.7292,343.55945,-334.10803
448.22,-2916.9692,327.53607,-334.90744
448.24,-2777.558,350.76996,-332.98886
448.25998,-2950.62,346.44366,-332.50922
448.28,-2993.8857,335.2273,-332.82898
448.3,-2715.0637,341.63666,-332.66907
448.31998,-2936.1982,339.39337,-332.50922
448.34,-2931.391,333.7852,-331.8697
448.36,-2974.6565,326.57465,-332.02954
448.38,-3017.922,333.46472,-331.23016
448.4,-2993.8857,313.75595,-330.91037
448.41998,-2945.813,329.45886,-330.59064
448.44,-3013.115,335.86823,-330.43076
448.46,-2993.8857,314.39688,-329.79123
448.47998,-2984.2712,328.01675,-329.63132
448.5,-2969.8494,328.81793,-329.1517
448.52,-2926.5837,320.32556,-329.1517
448.53998,-2892.9329,327.21558,-328.8319
448.56,-3080.4167,325.93372,-328.35226
448.58,-3085.224,336.3489,-327.87262
448.59998,-2936.1982,330.4203,-327.393
448.62,-3051.573,321.9279,-327.71274
448.63998,-2907.3547,337.47055,-326.75348
448.66,-3013.115,322.88928,-326.91333
448.68,-2950.62,341.95712,-325.95404
448.69998,-2840.0527,326.7349,-326.11395
448.72,-3037.1514,322.88928,-325.95404
448.74,-3090.0312,324.33136,-324.675
448.75998,-2998.6929,330.74075,-324.675
448.78,-2993.8857,334.90683,-324.03546
448.8,-3032.344,313.75595,-324.35526
448.81998,-2916.9692,333.3045,-323.71573
448.84,-2969.8494,327.53607,-323.55582
448.86,-2902.5474,318.40274,-323.55582
448.88,-3099.646,319.36414,-322.59653
448.9,-2907.3547,332.18286,-322.11688
448.91998,-2791.98,330.90097,-321.957
448.94,-3056.3804,303.02026,-321.957
448.96,-2820.8237,323.85068,-321.63724
448.97998,-3090.0312,318.88342,-320.9977
449.0,-2960.2346,323.20978,-321.1576
449.02,-2835.2456,330.4203,-320.83783
449.03998,-2907.3547,322.56882,-320.1983
449.06,-2897.7402,326.57465,-319.71866
449.08,-3051.573,306.22495,-319.3989
449.09998,-2965.0422,315.51852,-318.91925
449.12,-2854.4746,323.69043,-318.5995
449.13998,-2965.0422,316.3197,-318.4396
449.16,-2979.4639,332.0226,-317.48032
449.18,-2816.0164,319.20392,-317.80008
449.19998,-2916.9692,322.56882,-317.6402
449.22,-2969.8494,304.62262,-317.32043
449.24,-2979.4639,322.08813,-316.3611
449.25998,-2984.2712,316.15945,-316.04138
449.28,-3008.3076,314.8776,-316.04138
449.3,-3003.5002,318.56296,-315.56174
449.31998,-2902.5474,320.00507,-314.9222
449.34,-2840.0527,323.85068,-315.24197
449.36,-2974.6565,314.23663,-314.60245
449.38,-2960.2346,315.67874,-313.803
449.4,-2989.0786,306.70566,-314.28268
449.41998,-2960.2346,318.88342,-313.96292
449.44,-2984.2712,314.23663,-313.48328
449.46,-2854.4746,321.60742,-313.16348
449.47998,-2907.3547,318.56296,-313.00363
449.5,-2955.4275,304.46237,-312.84375
449.52,-2902.5474,310.87177,-311.88446
449.53998,-3027.5366,306.54544,-311.72458
449.56,-2883.3184,327.53607,-311.5647
449.58,-2984.2712,311.35242,-311.08505
449.59998,-2868.8965,313.115,-311.24493
449.62,-2835.2456,324.81207,-310.12573
449.63998,-2921.7766,304.78284,-310.12573
449.66,-2989.0786,323.20978,-309.00656
449.68,-2849.6675,320.9665,-309.32635
449.69998,-2941.0059,310.39105,-309.32635
449.72,-3027.5366,325.13254,-308.20715
449.74,-2945.813,309.42966,-308.36703
449.75998,-2965.0422,317.2811,-308.0473
449.78,-3017.922,295.0086,-308.36703
449.8,-2960.2346,314.23663,-307.24786
449.81998,-3013.115,309.75012,-307.24786
449.84,-2849.6675,303.1805,-306.76825
449.86,-2816.0164,340.515,-305.64905
449.88,-2916.9692,305.90448,-306.12872
449.9,-2878.511,309.42966,-306.12872
449.91998,-2916.9692,314.5571,-305.00952
449.94,-2984.2712,303.34073,-305.00952
449.96,-2998.6929,310.0706,-304.52988
449.97998,-2801.5945,315.19806,-304.2101
450.0,-2979.4639,297.89282,-303.89035
450.02,-2989.0786,312.47406,-303.09097
450.03998,-3061.1877,303.9817,-302.6113
450.06,-2984.2712,309.75012,-302.93106
450.08,-2921.7766,303.50098,-302.6113
450.09998,-2936.1982,312.47406,-302.29153
450.12,-2921.7766,308.46823,-301.33224
450.13998,-2816.0164,319.6846,-301.17236
450.16,-2955.4275,302.37933,-301.33224
450.18,-2965.0422,304.78284,-300.69272
450.19998,-3013.115,294.6881,-300.8526
450.22,-2965.0422,286.83664,-300.69272
450.24,-2868.8965,321.28696,-299.57355
450.25998,-2921.7766,308.308,-298.93402
450.28,-2897.7402,302.86005,-299.0939
450.3,-2907.3547,310.5513,-298.45438
450.31998,-2921.7766,301.57816,-298.45438
450.34,-3075.6096,285.5548,-298.2945
450.36,-2941.0059,297.73257,-298.13458
450.38,-2984.2712,307.50684,-296.85553
450.4,-2989.0786,291.8039,-296.85553
450.41998,-2950.62,303.82144,-296.85553
450.44,-2796.7874,307.02612,-296.69568
450.46,-3061.1877,294.36765,-296.05615
450.47998,-2916.9692,303.9817,-295.41663
450.5,-2984.2712,292.60507,-295.73636
450.52,-2984.2712,302.05887,-294.7771
450.53998,-2989.0786,292.60507,-295.09683
450.56,-2950.62,295.4893,-294.29742
450.58,-2830.4382,301.41794,-293.9777
450.59998,-2950.62,291.8039,-293.9777
450.62,-3051.573,298.53375,-293.17825
450.63998,-3061.1877,303.9817,-292.37888
450.66,-2926.5837,296.13022,-292.85852
450.68,-2945.813,293.246,-292.05908
450.69998,-2916.9692,302.6998,-291.73935
450.72,-3003.5002,290.3618,-291.57947
450.74,-3046.7656,288.27875,-291.73935
450.75998,-2873.7039,309.1092,-290.78003
450.78,-2873.7039,300.2963,-290.62015
450.8,-3051.573,291.16296,-289.82077
450.81998,-3022.7292,293.7267,-289.66086
450.84,-2873.7039,296.4507,-289.50098
450.86,-2945.813,290.04132,-289.3411
450.88,-2873.7039,284.75363,-289.50098
450.9,-2969.8494,291.16296,-288.54172
450.91998,-2907.3547,289.07993,-288.06204
450.94,-2820.8237,292.1244,-287.9022
450.96,-2916.9692,291.00275,-287.5824
450.97998,-2888.1255,294.36765,-287.10275
451.0,-2941.0059,290.20157,-286.783
451.02,-2941.0059,290.68225,-286.46323
451.03998,-2945.813,302.05887,-285.18417
451.06,-2984.2712,289.8811,-285.50394
451.08,-2926.5837,295.64954,-285.50394
451.09998,-3056.3804,276.90216,-285.18417
451.12,-2921.7766,286.9969,-285.50394
451.13998,-2902.5474,290.20157,-284.38477
451.16,-2892.9329,296.77118,-283.74524
451.18,-3046.7656,285.39456,-283.90512
451.19998,-2974.6565,289.07993,-283.42548
451.22,-2840.0527,287.31735,-283.42548
451.24,-2989.0786,276.2612,-282.78595
451.25998,-2931.391,283.79224,-282.62607
451.28,-2998.6929,266.48697,-282.62607
451.3,-2974.6565,288.11853,-281.98654
451.31998,-2955.4275,282.6706,-281.5069
451.34,-2868.8965,290.8425,-281.1871
451.36,-2888.1255,285.39456,-280.7075
451.38,-2931.391,278.5045,-280.54758
451.4,-2979.4639,279.62613,-280.54758
451.41998,-3003.5002,281.54895,-279.90805
451.44,-2912.1619,283.31152,-279.10864
451.46,-3037.1514,285.5548,-278.9488
451.47998,-2945.813,275.94073,-278.78888
451.5,-3128.4895,291.16296,-278.629
451.52,-2892.9329,284.27292,-278.14935
451.53998,-2945.813,282.02963,-277.98947
451.56,-2984.2712,271.45422,-278.14935
451.58,-2921.7766,278.66473,-277.1901
451.59998,-2873.7039,292.76532,-276.8703
451.62,-2965.0422,280.58752,-276.0709
451.63998,-2873.7039,288.75946,-275.75113
451.66,-2902.5474,274.49863,-276.0709
451.68,-2854.4746,284.75363,-275.2715
451.69998,-3022.7292,272.73608,-275.43137
451.72,-2998.6929,272.89633,-274.79184
451.74,-2926.5837,286.0355,-274.1523
451.75998,-2993.8857,271.13376,-273.99246
451.78,-2921.7766,274.01797,-274.3122
451.8,-3094.8384,268.57,-273.5128
451.81998,-2830.4382,277.7033,-273.03314
451.84,-2873.7039,287.31735,-272.5535
451.86,-2916.9692,278.0238,-272.5535
451.88,-2916.9692,271.13376,-272.39362
451.9,-2989.0786,268.24954,-272.07385
451.91998,-2931.391,275.2998,-271.27444
451.94,-2897.7402,281.06824,-271.11456
451.96,-2955.4275,274.97934,-270.63492
451.97998,-2791.98,289.4004,-269.9954
452.0,-2878.511,286.0355,-269.8355
452.02,-3017.922,280.4273,-269.9954
452.03998,-2993.8857,262.32086,-269.51575
452.06,-2892.9329,270.9735,-269.03607
452.08,-2955.4275,266.80743,-268.87622
452.09998,-3008.3076,272.57587,-268.2367
452.12,-2941.0059,272.57587,-267.59717
452.13998,-2830.4382,269.69165,-267.59717
452.16,-2936.1982,277.06238,-267.4373
452.18,-2791.98,279.62613,-266.63785
452.19998,-2907.3547,277.06238,-265.83844
452.22,-2945.813,265.6858,-266.47797
452.24,-2883.3184,278.9852,-265.83844
452.25998,-3104.4531,260.39807,-265.6786
452.28,-2950.62,270.4928,-265.3588
452.3,-3008.3076,265.36533,-264.87918
452.31998,-2868.8965,270.65305,-264.71927
452.34,-2955.4275,264.56415,-264.07974
452.36,-2854.4746,270.17233,-264.07974
452.38,-2989.0786,266.96765,-262.96057
452.4,-2969.8494,262.16064,-262.8007
452.41998,-2941.0059,263.92322,-262.8007
452.44,-2965.0422,259.27646,-262.6408
452.46,-2878.511,265.04486,-262.16116
452.47998,-2950.62,264.8846,-262.16116
452.5,-2984.2712,264.8846,-261.36176
452.52,-2883.3184,263.60275,-261.042
452.53998,-2965.0422,257.35364,-260.56235
452.56,-2979.4639,260.0776,-261.042
452.58,-2888.1255,278.18402,-260.24258
452.59998,-2955.4275,259.43668,-259.76294
452.62,-2979.4639,262.16064,-259.92282
452.63998,-2902.5474,268.89047,-258.64377
452.66,-2941.0059,271.61444,-258.324
452.68,-2883.3184,264.4039,-258.4839
452.69998,-2921.7766,266.80743,-258.4839
452.72,-3017.922,248.38054,-258.1641
452.74,-3041.9585,255.59106,-257.36472
452.75998,-3109.2605,246.13727,-257.20483
452.78,-2892.9329,258.79575,-256.88504
452.8,-2955.4275,255.75128,-256.5653
452.81998,-2705.449,268.73022,-256.08566
452.84,-2902.5474,259.75714,-255.92578
452.86,-3008.3076,234.76065,-255.92578
452.88,-2902.5474,259.1162,-255.28624
452.9,-2892.9329,258.79575,-254.64671
452.91998,-2912.1619,266.32672,-254.64671
452.94,-2950.62,267.28812,-254.00719
452.96,-2825.6309,259.43668,-253.52756
452.97998,-2945.813,262.9618,-253.20778
453.0,-2902.5474,255.43082,-253.52756
453.02,-2936.1982,248.38054,-253.04788
453.03998,-3051.573,246.45773,-252.56824
453.06,-2907.3547,255.2706,-252.40836
453.08,-2912.1619,253.02731,-251.92871
453.09998,-2892.9329,252.22615,-251.92871
453.12,-2912.1619,249.02147,-251.44908
453.13998,-2984.2712,245.49634,-250.96944
453.16,-2950.62,251.74544,-250.48978
453.18,-2873.7039,256.7127,-250.17003
453.19998,-2801.5945,254.46942,-250.17003
453.22,-3032.344,245.65657,-249.53049
453.24,-2945.813,262.9618,-249.05084
453.25998,-2936.1982,244.8554,-248.73108
453.28,-2892.9329,249.82265,-248.25143
453.3,-2955.4275,260.55832,-247.29214
453.31998,-2892.9329,252.22615,-247.93167
453.34,-3013.115,246.45773,-247.29214
453.36,-2955.4275,241.49048,-247.13226
453.38,-2892.9329,249.6624,-246.49272
453.4,-2854.4746,244.3747,-246.33286
453.41998,-3017.922,245.65657,-246.01309
453.44,-3017.922,238.28581,-245.69333
453.46,-2892.9329,245.97704,-245.37357
453.47998,-2916.9692,248.38054,-245.37357
453.5,-2931.391,252.06593,-245.0538
453.52,-2849.6675,253.98871,-244.57414
453.53998,-2835.2456,263.92322,-243.77473
453.56,-2993.8857,247.2589,-243.77473
453.58,-3070.802,243.73375,-244.09451
453.59998,-2902.5474,250.62383,-243.13521
453.62,-2993.8857,242.45187,-242.81544
453.63998,-2801.5945,252.3864,-242.49568
453.66,-2950.62,238.60628,-242.3358
453.68,-2921.7766,223.38405,-241.85616
453.69998,-2868.8965,248.86124,-241.21663
453.72,-2806.4019,259.43668,-240.5771
453.74,-2859.282,241.97118,-240.89687
453.75998,-2816.0164,241.81094,-240.4172
453.78,-2820.8237,246.93843,-240.09744
453.8,-2888.1255,246.93843,-239.29805
453.81998,-2969.8494,233.9595,-239.13815
453.84,-2936.1982,250.94429,-238.49863
453.86,-2960.2346,256.55246,-238.17886
453.88,-2960.2346,235.24136,-238.17886
453.9,-2931.391,239.88815,-237.8591
453.91998,-2868.8965,251.58522,-237.37946
453.94,-2907.3547,234.44019,-237.69922
453.96,-3003.5002,239.24721,-237.0597
453.97998,-2969.8494,244.21446,-235.94052
454.0,-2854.4746,237.8051,-236.42017
454.02,-2912.1619,230.27411,-236.1004
454.03998,-3017.922,237.96533,-235.46088
454.06,-2796.7874,246.2975,-235.14111
454.08,-2873.7039,237.48463,-234.82135
454.09998,-2936.1982,244.69516,-234.34169
454.12,-2859.282,255.91153,-233.5423
454.13998,-2926.5837,237.48463,-233.5423
454.16,-2931.391,240.52907,-232.90277
454.18,-2974.6565,238.60628,-233.06264
454.19998,-2936.1982,236.36299,-232.58301
454.22,-2984.2712,228.3513,-232.26324
454.24,-2791.98,238.60628,-231.78358
454.25998,-2989.0786,231.71622,-231.94347
454.28,-2916.9692,233.15833,-231.14406
454.3,-3061.1877,233.63902,-230.66441
454.31998,-2902.5474,231.39575,-230.98418
454.34,-2926.5837,228.3513,-230.34465
454.36,-2835.2456,237.3244,-229.865
454.38,-2878.511,239.40744,-229.54524
454.4,-2878.511,240.52907,-229.22548
454.41998,-2878.511,225.30687,-229.54524
454.44,-2897.7402,236.8437,-228.42606
454.46,-2916.9692,235.8823,-228.26617
454.47998,-2921.7766,231.55598,-227.62665
454.5,-2902.5474,226.74898,-227.147
454.52,-3022.7292,225.9478,-227.46677
454.53998,-2868.8965,223.22382,-226.82724
454.56,-2902.5474,231.39575,-226.82724
454.58,-2979.4639,226.58875,-226.18771
454.59998,-2888.1255,220.6601,-226.3476
454.62,-3065.9949,232.03668,-225.22841
454.63998,-2892.9329,234.11974,-224.90865
454.66,-2950.62,228.19107,-225.22841
454.68,-2912.1619,215.05191,-224.74878
454.69998,-2916.9692,232.67763,-224.10925
454.72,-3013.115,215.69284,-224.10925
454.74,-2941.0059,217.29517,-222.99007
454.75998,-2941.0059,219.21799,-223.30983
454.78,-2777.558,230.91505,-222.83018
454.8,-2931.391,229.15247,-222.35054
454.81998,-2892.9329,213.44957,-222.35054
454.84,-2868.8965,220.6601,-221.71101
454.86,-2916.9692,221.62149,-221.71101
454.88,-2921.7766,237.64487,-220.59184
454.9,-2801.5945,226.42851,-220.59184
454.91998,-2888.1255,224.18523,-219.95232
454.94,-2969.8494,204.47647,-220.43196
454.96,-2844.86,229.15247,-219.79242
454.97998,-2979.4639,226.10803,-219.63255
455.0,-2965.0422,220.33961,-219.31279
455.02,-2719.8708,232.35716,-218.3535
455.03998,-2941.0059,214.25073,-218.67326
455.06,-3065.9949,200.47063,-218.51337
455.08,-2945.813,216.01329,-217.87384
455.09998,-2921.7766,220.33961,-217.23431
455.12,-2955.4275,231.23552,-216.59479
455.13998,-2926.5837,215.85306,-216.75467
455.16,-2878.511,221.62149,-216.11514
455.18,-2791.98,226.10803,-215.79538
455.19998,-2864.089,223.38405,-215.15585
455.22,-2950.62,208.32208,-215.31573
455.24,-3051.573,214.89168,-214.99597
455.25998,-2974.6565,213.6098,-214.51633
455.28,-2849.6675,205.75835,-214.67621
455.3,-3017.922,215.21214,-213.55704
455.31998,-3003.5002,208.96303,-213.7169
455.34,-2892.9329,216.9747,-213.07738
455.36,-2984.2712,205.1174,-212.9175
455.38,-2892.9329,219.85892,-212.43785
455.4,-2864.089,216.9747,-211.9582
455.41998,-2897.7402,219.69868,-211.79832
455.44,-3008.3076,220.82033,-211.47856
455.46,-2844.86,214.5712,-210.9989
455.47998,-2931.391,198.38759,-211.47856
455.5,-2892.9329,217.13493,-209.87975
455.52,-2974.6565,201.43204,-209.71985
455.53998,-2782.3655,217.13493,-209.71985
455.56,-2993.8857,213.77003,-208.92046
455.58,-2941.0059,211.20628,-209.08032
455.59998,-2844.86,214.0905,-208.4408
455.62,-2945.813,198.86829,-208.76056
455.63998,-3080.4167,206.87997,-208.12103
455.66,-2873.7039,217.61565,-207.4815
455.68,-2873.7039,208.48232,-207.4815
455.69998,-2965.0422,199.98993,-207.00186
455.72,-2993.8857,200.79109,-206.6821
455.74,-2993.8857,203.83553,-206.36234
455.75998,-2926.5837,217.13493,-205.40305
455.78,-2816.0164,207.20045,-205.56291
455.8,-2700.6418,213.28934,-205.08328
455.81998,-2916.9692,210.88582,-204.76352
455.84,-2960.2346,210.08464,-203.9641
455.86,-2772.751,202.55367,-204.28386
455.88,-2873.7039,209.76418,-203.64433
455.9,-2892.9329,194.06128,-203.48447
455.91998,-3017.922,210.56535,-202.68504
455.94,-2820.8237,208.96303,-202.36528
455.96,-2864.089,199.98993,-202.52516
455.97998,-2628.5327,221.30103,-201.88562
456.0,-2878.511,216.494,-202.04552
456.02,-2897.7402,208.48232,-201.08623
456.03998,-2772.751,209.60394,-200.2868
456.06,-2921.7766,211.36652,-199.96704
456.08,-2926.5837,206.87997,-199.96704
456.09998,-2878.511,203.19461,-199.80716
456.12,-2921.7766,194.54198,-199.64728
456.13998,-2849.6675,205.75835,-198.84787
456.16,-2912.1619,203.03438,-198.84787
456.18,-3017.922,192.93964,-198.68799
456.19998,-2960.2346,192.93964,-198.04846
456.22,-2907.3547,195.98409,-197.7287
456.24,-2883.3184,194.22151,-197.88858
456.25998,-2859.282,200.95132,-196.60953
456.28,-2835.2456,197.90688,-196.60953
456.3,-2912.1619,214.5712,-195.8101
456.31998,-2888.1255,203.6753,-195.49034
456.34,-2945.813,205.5981,-195.65024
456.36,-2926.5837,192.93964,-195.17058
456.38,-2936.1982,194.22151,-195.17058
456.4,-2840.0527,197.58641,-194.05142
456.41998,-3017.922,179.9607,-194.21129
456.44,-2892.9329,194.70221,-193.73164
456.46,-3003.5002,196.62502,-193.0921
456.47998,-2873.7039,191.818,-193.41187
456.5,-2907.3547,185.24841,-192.93224
456.52,-2902.5474,196.78526,-192.29271
456.53998,-2916.9692,191.97823,-191.97295
456.56,-2931.391,200.79109,-191.33342
456.58,-2878.511,194.06128,-191.65318
456.59998,-2902.5474,189.4145,-190.69388
456.62,-2960.2346,197.42618,-190.21423
456.63998,-2921.7766,190.69637,-190.85376
456.66,-2897.7402,199.02852,-189.73459
456.68,-2950.62,190.53613,-189.5747
456.69998,-2936.1982,181.4028,-189.09506
456.72,-2897.7402,184.76773,-188.93518
456.74,-2859.282,188.29286,-188.61542
456.75998,-2912.1619,191.97823,-188.29565
456.78,-2835.2456,190.3759,-188.13577
456.8,-2811.2092,191.17706,-187.17648
456.81998,-2878.511,184.44725,-187.33635
456.84,-2888.1255,193.42033,-186.53696
456.86,-2868.8965,187.65192,-186.2172
456.88,-2950.62,191.65776,-185.73753
456.9,-2844.86,190.69637,-185.73753
456.91998,-2806.4019,190.85661,-185.41777
456.94,-2945.813,178.9993,-184.93811
456.96,-2907.3547,182.84491,-184.93811
456.97998,-2883.3184,183.96655,-184.29858
457.0,-2787.1729,193.58057,-183.81895
457.02,-2849.6675,191.3373,-183.49919
457.03998,-2916.9692,183.96655,-183.3393
457.06,-2767.9436,195.34315,-182.5399
457.08,-2998.6929,189.4145,-182.06024
457.09998,-2878.511,187.81216,-182.06024
457.12,-2916.9692,186.69052,-181.90036
457.13998,-2916.9692,183.80632,-181.74048
457.16,-2868.8965,177.39697,-181.42072
457.18,-3003.5002,176.91626,-180.78119
457.19998,-2921.7766,182.84491,-180.78119
457.22,-2916.9692,182.20398,-180.14166
457.24,-2844.86,175.95486,-180.30154
457.25998,-2816.0164,191.3373,-179.66202
457.28,-3008.3076,176.1151,-179.34225
457.3,-2955.4275,174.19229,-178.8626
457.31998,-2864.089,192.7794,-178.38295
457.34,-2873.7039,185.08818,-178.38295
457.36,-2791.98,182.68468,-177.74342
457.38,-2868.8965,173.71158,-177.9033
457.4,-2974.6565,166.34082,-177.74342
457.41998,-2926.5837,180.12093,-177.1039
457.44,-2921.7766,173.71158,-176.94402
457.46,-2912.1619,188.77356,-175.50507
457.47998,-2830.4382,179.80046,-176.14459
457.5,-2772.751,171.94902,-175.98473
457.52,-2907.3547,172.42972,-175.3452
457.53998,-2931.391,190.05544,-174.54578
457.56,-2835.2456,178.19814,-174.54578
457.58,-2844.86,184.44725,-174.06615
457.59998,-2844.86,173.71158,-174.06615
457.62,-2796.7874,183.48586,-173.42662
457.63998,-3008.3076,166.34082,-173.26672
457.66,-2941.0059,175.15369,-172.94696
457.68,-2854.4746,182.36421,-172.94696
457.69998,-2782.3655,170.34668,-172.14755
457.72,-2868.8965,173.55135,-172.30743
457.74,-2969.8494,168.26364,-171.98767
457.75998,-2888.1255,167.6227,-171.18825
457.78,-2844.86,176.27533,-170.86848
457.8,-2825.6309,179.64023,-170.38885
457.81998,-2873.7039,171.62856,-170.38885
457.84,-2791.98,193.58057,-169.9092
457.86,-2873.7039,174.83322,-169.42955
457.88,-2878.511,175.47415,-169.26967
457.9,-2652.569,185.72911,-168.9499
457.91998,-2888.1255,170.34668,-168.31038
457.94,-2892.9329,173.55135,-168.31038
457.96,-2849.6675,171.62856,-167.83073
457.97998,-2864.089,170.82738,-167.35109
458.0,-2974.6565,161.37358,-167.19121
458.02,-2825.6309,172.26949,-166.71155
458.03998,-2854.4746,169.38527,-165.91214
458.06,-2993.8857,157.68822,-165.91214
458.08,-2830.4382,163.93733,-165.91214
458.09998,-2888.1255,167.46246,-165.4325
458.12,-2854.4746,161.21335,-165.27261
458.13998,-2864.089,172.26949,-163.99355
458.16,-2864.089,173.23088,-163.99355
458.18,-2806.4019,177.23674,-163.99355
458.19998,-2979.4639,165.86014,-163.51392
458.22,-2854.4746,156.56657,-163.19415
458.24,-2892.9329,166.50107,-162.55463
458.25998,-2873.7039,174.83322,-162.23486
458.28,-2950.62,164.09756,-162.23486
458.3,-2916.9692,166.82153,-161.27556
458.31998,-2912.1619,157.04727,-161.7552
458.34,-2859.282,165.21921,-160.9558
458.36,-2854.4746,164.57826,-160.63603
458.38,-2979.4639,150.31746,-159.99649
458.4,-2791.98,166.6613,-159.1971
458.41998,-2878.511,169.5455,-159.51686
458.44,-2873.7039,161.85428,-159.0372
458.46,-2811.2092,165.21921,-159.0372
458.47998,-2878.511,162.97592,-158.39767
458.5,-2825.6309,161.69405,-158.07791
458.52,-2849.6675,176.43556,-157.59827
458.53998,-2892.9329,160.09172,-157.2785
458.56,-2969.8494,161.21335,-156.95874
458.58,-2868.8965,158.00868,-156.15933
458.59998,-2791.98,164.89873,-156.31921
458.62,-2965.0422,151.27887,-156.31921
458.63998,-2916.9692,162.65546,-155.5198
458.66,-2767.9436,174.19229,-155.04015
458.68,-2825.6309,162.65546,-154.88026
458.69998,-2892.9329,158.80984,-154.5605
458.72,-2883.3184,141.18414,-154.5605
458.74,-2873.7039,154.00282,-154.40062
458.75998,-2907.3547,154.804,-153.92097
458.78,-2801.5945,169.0648,-153.12157
458.8,-2868.8965,152.4005,-153.12157
458.81998,-2955.4275,150.47769,-152.8018
458.84,-2835.2456,168.26364,-152.16226
458.86,-2969.8494,154.00282,-152.16226
458.88,-2864.089,154.64377,-152.16226
458.9,-2796.7874,163.45663,-151.36287
458.91998,-2950.62,151.11862,-151.52274
458.94,-2950.62,143.90811,-150.24368
458.96,-2965.0422,149.03558,-150.72334
458.97998,-2907.3547,150.95839,-150.0838
459.0,-2941.0059,160.25194,-149.76404
459.02,-2878.511,156.40634,-149.44426
459.03998,-2902.5474,152.72098,-148.64487
459.06,-2772.751,150.47769,-148.80473
459.08,-2859.282,157.84845,-148.3251
459.09998,-2916.9692,151.4391,-148.1652
459.12,-2989.0786,141.82506,-147.52568
459.13998,-2859.282,152.24026,-147.04605
459.16,-2864.089,154.16306,-146.56639
459.18,-2907.3547,151.4391,-146.56639
459.19998,-2868.8965,143.90811,-146.40651
459.22,-2835.2456,153.68237,-145.76698
459.24,-2979.4639,154.3233,-145.44722
459.25998,-2864.089,146.6321,-145.44722
459.28,-2849.6675,149.51628,-144.64781
459.3,-2811.2092,152.08003,-144.64781
459.31998,-2931.391,134.13387,-144.48792
459.34,-2916.9692,143.90811,-143.68852
459.36,-2849.6675,145.51045,-143.36874
459.38,-2820.8237,153.52214,-143.52863
459.4,-2844.86,152.08003,-142.72922
459.41998,-2873.7039,146.31161,-142.08969
459.44,-2941.0059,149.03558,-141.45016
459.46,-2835.2456,132.85199,-141.92981
459.47998,-2878.511,148.07419,-140.97052
459.5,-2955.4275,142.466,-140.97052
459.52,-2984.2712,134.7748,-140.49086
459.53998,-2955.4275,146.95256,-140.33098
459.56,-2931.391,131.40988,-140.01122
459.58,-2849.6675,139.74203,-139.85133
459.59998,-2791.98,149.51628,-139.2118
459.62,-2859.282,152.24026,-138.57228
459.63998,-2931.391,142.78647,-138.57228
459.66,-2772.751,152.88121,-138.25252
459.68,-2801.5945,140.70345,-137.93275
459.69998,-2739.1,142.62624,-137.93275
459.72,-2878.511,151.11862,-136.97345
459.74,-2878.511,136.85782,-136.81358
459.75998,-2989.0786,133.49292,-136.65369
459.78,-2796.7874,136.21689,-136.01416
459.8,-2777.558,141.34438,-135.6944
459.81998,-2907.3547,141.18414,-135.21475
459.84,-2984.2712,130.6087,-135.53452
459.86,-2830.4382,142.9467,-134.57521
459.88,-2931.391,136.53735,-134.41534
459.9,-2801.5945,147.43326,-133.77582
459.91998,-2902.5474,140.22273,-133.29616
459.94,-2888.1255,135.2555,-133.13629
459.96,-2873.7039,126.12216,-133.45605
459.97998,-2859.282,129.1666,-132.9764
460.0,-2777.558,135.57594,-132.33687
460.02,-2965.0422,129.48708,-132.33687
460.03998,-2892.9329,135.2555,-131.85724
460.06,-2772.751,133.81339,-131.53745
460.08,-2969.8494,127.40404,-130.89792
460.09998,-2892.9329,132.69176,-130.57816
460.12,-2907.3547,134.61456,-130.41829
460.13998,-2868.8965,143.42741,-129.61887
460.16,-2715.0637,128.52568,-129.93863
460.18,-2801.5945,139.1011,-128.97934
460.19998,-2791.98,137.49876,-128.4997
460.22,-2844.86,129.80754,-128.33981
460.24,-2916.9692,133.81339,-127.860176
460.25998,-2840.0527,129.1666,-128.17993
460.28,-2782.3655,125.16077,-127.70029
460.3,-2705.449,136.53735,-126.90086
460.31998,-2811.2092,133.17245,-127.22063
460.34,-2849.6675,138.78064,-126.42123
460.36,-2777.558,133.17245,-125.941574
460.38,-2820.8237,131.89058,-125.30205
460.4,-2936.1982,120.19352,-125.941574
460.41998,-2849.6675,136.53735,-124.8224
460.44,-2864.089,123.39819,-124.8224
460.46,-2830.4382,131.57011,-124.50264
460.47998,-2868.8965,130.44847,-123.863106
460.5,-2820.8237,132.37128,-123.54334
460.52,-2926.5837,119.071884,-123.54334
460.53998,-2825.6309,135.57594,-123.0637
460.56,-2864.089,131.57011,-122.26429
460.58,-2782.3655,131.24965,-122.26429
460.59998,-2748.7146,130.44847,-121.94453
460.62,-2902.5474,129.1666,-121.464874
460.63998,-2787.1729,140.70345,-120.66546
460.66,-2787.1729,125.48123,-121.1451
460.68,-2912.1619,128.20522,-120.185814
460.69998,-2787.1729,119.39235,-120.345695
460.72,-2955.4275,126.12216,-119.54629
460.74,-2811.2092,121.47539,-119.386406
460.75998,-2830.4382,130.128,-119.226524
460.78,-2767.9436,129.32683,-118.74688
460.8,-2830.4382,122.43679,-118.26723
460.81998,-2748.7146,129.80754,-118.107346
460.84,-2907.3547,121.63562,-117.62769
460.86,-2796.7874,124.359604,-117.30793
460.88,-2758.329,120.674225,-116.98817
460.9,-2820.8237,124.840294,-116.98817
460.91998,-2835.2456,118.43095,-116.828285
460.94,-2902.5474,110.73973,-115.868996
460.96,-2926.5837,119.71282,-115.38934
460.97998,-2854.4746,128.04498,-115.54923
461.0,-2796.7874,118.91165,-115.06958
461.02,-2859.282,115.386505,-114.589935
461.03998,-2700.6418,118.11049,-114.9097
461.06,-2840.0527,122.75726,-113.9504
461.08,-2888.1255,114.745575,-113.9504
461.09998,-2907.3547,112.02161,-113.63064
461.12,-2801.5945,123.8789,-112.67135
461.13998,-2816.0164,115.70698,-112.031815
461.16,-2883.3184,115.86721,-112.031815
461.18,-2849.6675,112.02161,-111.87193
461.19998,-2864.089,118.91165,-111.55217
461.22,-2916.9692,102.72805,-111.23241
461.24,-2950.62,117.46955,-110.91264
461.25998,-2748.7146,115.54674,-110.433
461.28,-2902.5474,103.849686,-110.27311
461.3,-2835.2456,114.58534,-109.31381
461.31998,-2912.1619,105.61226,-109.793465
461.34,-2926.5837,108.49647,-108.99405
461.36,-2864.089,112.02161,-108.674286
461.38,-2907.3547,111.861374,-108.19464
461.4,-2902.5474,102.88828,-108.19464
461.41998,-2816.0164,107.05436,-107.87488
461.44,-2849.6675,104.81109,-107.39523
461.46,-2796.7874,108.01576,-106.91559
461.47998,-2950.62,110.89997,-106.435936
461.5,-2907.3547,113.78417,-106.435936
461.52,-2854.4746,107.6953,-105.95628
461.53998,-2676.6055,116.34791,-105.31676
461.56,-2873.7039,108.33623,-105.156876
461.58,-2811.2092,105.93272,-105.156876
461.59998,-2854.4746,116.82861,-104.037704
461.62,-2816.0164,106.73389,-104.35747
461.63998,-2868.8965,100.48478,-103.87782
461.66,-2854.4746,103.68945,-103.55806
461.68,-2993.8857,93.27427,-103.0784
461.69998,-2854.4746,106.89413,-102.75864
461.72,-2816.0164,104.17015,-102.27899
461.74,-2849.6675,101.76665,-101.79935
461.75998,-2897.7402,105.77249,-101.639465
461.78,-2691.0273,113.303474,-101.47958
461.8,-2888.1255,105.291794,-101.15982
461.81998,-2825.6309,99.04268,-100.99994
461.84,-2772.751,105.61226,-101.15982
461.86,-2835.2456,110.0988,-99.88076
461.88,-2739.1,106.73389,-99.56099
461.9,-2811.2092,107.374825,-99.40111
461.91998,-2777.558,106.41342,-98.76158
461.94,-2864.089,97.60057,-99.081345
461.96,-2671.798,124.68006,-98.44182
461.97998,-2873.7039,104.17015,-97.96217
462.0,-2772.751,101.44618,-97.96217
462.02,-2907.3547,90.22983,-97.48252
462.03998,-2652.569,108.6567,-97.32264
462.06,-2878.511,100.48478,-96.68311
462.08,-2782.3655,97.921036,-96.20346
462.09998,-2758.329,121.79585,-95.723816
462.12,-2859.282,97.44034,-95.40405
462.13998,-2743.9072,99.52338,-95.08429
462.16,-2796.7874,103.048515,-94.444756
462.18,-2753.5217,102.72805,-94.284874
462.19998,-2873.7039,101.76665,-93.485466
462.22,-2816.0164,98.40174,-93.80523
462.24,-2782.3655,113.944405,-92.84593
462.25998,-2772.751,91.51169,-92.84593
462.28,-2748.7146,98.081276,-92.68605
462.3,-2926.5837,77.2509,-92.68605
462.31998,-2791.98,99.20291,-92.046524
462.34,-2748.7146,104.00992,-91.40699
462.36,-2868.8965,87.505844,-91.08723
462.38,-2859.282,85.74328,-90.927345
462.4,-2969.8494,91.83216,-90.60758
462.41998,-2796.7874,100.64501,-90.60758
462.44,-2916.9692,81.096504,-90.12794
462.46,-2758.329,95.99824,-89.4884
462.47998,-2888.1255,91.51169,-88.84888
462.5,-2763.1365,112.82277,-88.20934
462.52,-2873.7039,85.26258,-88.369225
462.53998,-2729.4854,89.108185,-88.84888
462.56,-2849.6675,95.036835,-87.56982
462.58,-2844.86,92.63333,-87.09017
462.59998,-2758.329,103.048515,-87.09017
462.62,-2777.558,95.51753,-86.29076
462.63998,-2811.2092,83.17954,-86.77041
462.66,-2729.4854,104.00992,-85.81111
462.68,-2883.3184,85.26258,-85.81111
462.69998,-2969.8494,81.25674,-85.33146
462.72,-2849.6675,89.909355,-84.851814
462.74,-2888.1255,84.62164,-84.851814
462.75998,-2849.6675,93.27427,-84.21229
462.78,-2926.5837,86.54445,-83.892525
462.8,-2686.2197,98.722206,-83.73264
462.81998,-2681.4126,103.20875,-83.41287
462.84,-2830.4382,88.467255,-83.25299
462.86,-2791.98,88.94795,-82.93323
462.88,-2849.6675,80.61581,-82.453575
462.9,-2849.6675,91.03099,-81.81405
462.91998,-2787.1729,81.897675,-81.17452
462.94,-2710.256,95.838005,-81.334404
462.96,-2897.7402,81.5772,-80.85476
462.97998,-2840.0527,89.42866,-80.375114
463.0,-2912.1619,84.94211,-80.05534
463.02,-2897.7402,78.85323,-80.05534
463.03998,-2806.4019,82.37837,-79.5757
463.06,-2902.5474,88.467255,-79.25593
463.08,-2859.282,78.212296,-79.09605
463.09998,-2864.089,92.793564,-78.45652
463.12,-2840.0527,90.22983,-77.33735
463.13998,-2820.8237,79.97487,-78.13676
463.16,-2825.6309,69.399445,-77.81699
463.18,-2777.558,78.212296,-77.33735
463.19998,-2811.2092,81.096504,-76.537926
463.22,-2825.6309,88.62749,-76.378044
463.24,-2806.4019,79.33393,-76.05828
463.25998,-2729.4854,87.82632,-75.578636
463.28,-2825.6309,79.33393,-75.418755
463.3,-2864.089,79.97487,-74.93911
463.31998,-2840.0527,84.46141,-74.299576
463.34,-2758.329,85.74328,-74.61935
463.36,-2739.1,79.1737,-73.97981
463.38,-2840.0527,75.969025,-73.81993
463.4,-2791.98,71.16202,-73.1804
463.41998,-2859.282,77.89183,-73.020515
463.44,-2936.1982,71.32226,-72.860634
463.46,-2806.4019,81.5772,-71.901344
463.47998,-2883.3184,78.05206,-71.58158
463.5,-2916.9692,71.96318,-71.10193
463.52,-2820.8237,75.969025,-71.10193
463.53998,-2594.8816,85.42281,-70.782166
463.56,-2854.4746,77.7316,-70.622284
463.58,-2811.2092,75.80879,-69.98275
463.59998,-2700.6418,75.167854,-69.82287
463.62,-2791.98,73.72576,-69.82287
463.63998,-2724.6782,74.04623,-69.02346
463.66,-2767.9436,74.04623,-68.543816
463.68,-2835.2456,73.245056,-68.543816
463.69998,-2782.3655,77.89183,-67.90428
463.72,-2936.1982,50.171413,-68.224045
463.74,-2772.751,76.60996,-67.58452
463.75998,-2787.1729,72.443886,-66.46534
463.78,-2897.7402,54.497723,-67.104866
463.8,-2816.0164,73.40529,-66.46534
463.81998,-2777.558,76.44973,-66.30546
463.84,-2864.089,64.11174,-66.14558
463.86,-2715.0637,79.81464,-65.34616
463.88,-2864.089,74.84739,-64.546745
463.9,-2791.98,71.16202,-64.38686
463.91998,-2864.089,69.07898,-64.0671
463.94,-2892.9329,66.675476,-64.0671
463.96,-2748.7146,74.04623,-63.587456
463.97998,-2719.8708,82.21814,-63.267693
464.0,-2854.4746,66.83571,-62.94793
464.02,-2888.1255,68.117584,-62.46828
464.03998,-2816.0164,65.39361,-62.46828
464.06,-2854.4746,63.791267,-61.98863
464.08,-2666.9907,78.05206,-61.349102
464.09998,-2825.6309,63.150337,-61.668865
464.12,-2758.329,75.969025,-60.70957
464.13998,-2844.86,62.669636,-60.549686
464.16,-2758.329,70.200615,-60.549686
464.18,-2633.3398,69.71992,-60.389805
464.19998,-2878.511,65.55384,-59.590397
464.22,-2801.5945,57.381924,-59.270626
464.24,-2719.8708,64.75268,-58.950863
464.25998,-2849.6675,54.017017,-58.47122
464.28,-2912.1619,61.547997,-58.311337
464.3,-2878.511,52.09422,-58.311337
464.31998,-2777.558,52.254448,-57.671803
464.34,-2777.558,67.79711,-56.712513
464.36,-2806.4019,60.907066,-56.55263
464.37997,-2902.5474,57.54216,-56.23286
464.4,-2772.751,57.54216,-56.07298
464.41998,-2734.2925,66.03454,-55.593334
464.44,-2710.256,59.945663,-55.433453
464.46,-2912.1619,56.58076,-54.953804
464.47998,-2787.1729,71.32226,-54.314274
464.5,-2763.1365,67.95735,-53.834625
464.52,-2796.7874,63.31057,-53.674744
464.53998,-2772.751,55.939823,-53.674744
464.56,-2883.3184,62.509403,-53.195095
464.58,-2791.98,61.708233,-52.87533
464.59998,-2777.558,66.03454,-52.55557
464.62,-2816.0164,62.9901,-51.756153
464.63998,-2676.6055,59.30473,-51.756153
464.66,-2835.2456,68.91875,-51.27651
464.68,-2782.3655,55.138657,-51.59627
464.69998,-2936.1982,48.729313,-51.116623
464.72,-2989.0786,45.20417,-51.116623
464.74,-2816.0164,52.414684,-50.15733
464.75998,-2787.1729,56.420525,-49.837566
464.78,-2791.98,63.150337,-48.718388
464.8,-2801.5945,54.497723,-49.038155
464.81998,-2710.256,61.547997,-48.878273
464.84,-2892.9329,44.24277,-48.558506
464.86,-2960.2346,44.72347,-48.39862
464.87997,-2777.558,57.54216,-47.759094
464.9,-2820.8237,58.183094,-47.599213
464.91998,-2926.5837,43.4416,-47.279446
464.94,-2796.7874,58.50356,-46.639915
464.96,-2796.7874,43.922302,-46.799797
464.97998,-2724.6782,55.77959,-46.16027
465.0,-2772.751,56.58076,-46.00039
465.02,-2782.3655,56.58076,-45.8405
465.03998,-2840.0527,45.364407,-44.88121
465.06,-2753.5217,47.607674,-44.72133
465.08,-2787.1729,52.254448,-44.081795
465.09998,-2782.3655,42.4802,-43.921913
465.12,-2777.558,54.337486,-43.44227
465.13998,-2816.0164,45.845108,-43.60215
465.16,-2748.7146,52.09422,-43.1225
465.18,-2902.5474,34.78899,-42.802734
465.19998,-2825.6309,50.812347,-42.48297
465.22,-2811.2092,45.364407,-42.163208
465.24,-2902.5474,43.922302,-41.523678
465.25998,-2993.8857,44.883705,-41.20391
465.28,-2830.4382,33.66735,-41.04403
465.3,-2791.98,47.607674,-40.724262
465.31998,-2835.2456,37.352726,-41.04403
465.34,-2854.4746,54.017017,-39.76497
465.36,-2816.0164,45.68487,-39.4452
465.37997,-2868.8965,44.563236,-39.12544
465.4,-2897.7402,42.159733,-39.28532
465.41998,-2801.5945,47.44744,-38.645794
465.44,-2748.7146,58.824028,-38.16614
465.46,-2801.5945,38.314125,-38.326027
465.47998,-2820.8237,43.76207,-37.686497
465.5,-2777.558,44.563236,-37.526615
465.52,-2859.282,33.186653,-37.366734
465.53998,-2787.1729,41.839264,-37.04697
465.56,-2748.7146,43.76207,-36.407436
465.58,-2820.8237,38.153893,-35.92779
465.59998,-2849.6675,38.794827,-35.448143
465.62,-2743.9072,41.358562,-35.128376
465.63998,-2830.4382,42.800667,-34.64873
465.66,-2767.9436,38.474358,-34.48885
465.68,-2835.2456,45.845108,-33.689434
465.69998,-2695.8345,34.949223,-34.328964
465.72,-2806.4019,36.551556,-33.84932
465.74,-2993.8857,38.474358,-32.890022
465.75998,-2758.329,45.043938,-32.890022
465.78,-2782.3655,40.717632,-32.57026
465.8,-2801.5945,34.949223,-32.250492
465.81998,-2868.8965,34.46852,-32.250492
465.84,-2902.5474,38.634594,-31.291199
465.86,-2816.0164,37.19249,-31.131315
465.87997,-2868.8965,30.783146,-31.131315
465.9,-2748.7146,40.397163,-30.491787
465.91998,-2825.6309,37.51296,-30.331902
465.94,-2844.86,18.284927,-30.17202
465.96,-2955.4275,24.053337,-29.692371
465.97998,-2859.282,40.076694,-29.212725
466.0,-2772.751,35.75039,-28.573195
466.02,-2758.329,35.269688,-28.573195
466.03998,-2748.7146,36.71179,-28.093548
466.06,-2873.7039,29.501278,-28.253431
466.08,-2897.7402,20.528198,-27.933664
466.09998,-2546.8088,45.364407,-27.454018
466.12,-2888.1255,27.738708,-27.134253
466.13998,-2873.7039,27.898943,-26.81449
466.16,-2835.2456,19.727032,-26.81449
466.18,-2758.329,34.308285,-26.174957
466.19998,-2782.3655,26.45684,-26.015076
466.22,-2835.2456,28.539877,-25.215664
466.24,-2705.449,33.186653,-25.215664
466.25998,-2854.4746,18.925863,-24.895897
466.28,-2695.8345,37.99366,-24.736015
466.3,-2715.0637,32.385483,-24.41625
466.31998,-2739.1,36.71179,-23.936604
466.34,-2787.1729,28.059177,-23.77672
466.36,-2878.511,27.258009,-22.977308
466.37997,-2791.98,25.335205,-22.657543
466.4,-2695.8345,33.98782,-22.49766
466.41998,-2820.8237,29.341045,-21.698248
466.44,-2835.2456,43.28137,-21.37848
466.46,-2816.0164,21.649834,-21.698248
466.47998,-2710.256,31.103615,-21.37848
466.5,-2931.391,22.290768,-20.57907
466.52,-2787.1729,24.534037,-20.419188
466.53998,-2657.3762,46.806507,-20.419188
466.56,-2734.2925,22.451,-19.779657
466.58,-2835.2456,14.759789,-19.779657
466.59998,-2666.9907,18.445162,-19.459892
466.62,-2801.5945,22.290768,-18.980244
466.63998,-2998.6929,21.649834,-18.180832
466.66,-2715.0637,19.887262,-18.180832
466.68,-2791.98,23.572638,-17.701185
466.69998,-2642.9543,18.605394,-17.701185
466.72,-2796.7874,18.445162,-17.38142
466.74,-2825.6309,20.047497,-16.901772
466.75998,-2873.7039,18.284927,-16.582006
466.78,-2729.4854,20.367966,-15.782595
466.8,-2734.2925,17.163294,-15.942476
466.81998,-2816.0164,27.738708,-15.143064
466.84,-2864.089,16.682592,-14.823298
466.86,-2868.8965,16.20189,-15.143064
466.87997,-2825.6309,26.617075,-14.343652
466.9,-2763.1365,25.655672,-14.023887
466.91998,-2729.4854,18.925863,-13.704121
466.94,-2825.6309,17.323528,-13.3843565
466.96,-2758.329,26.296606,-12.584944
466.97998,-2873.7039,10.113016,-12.584944
467.0,-2873.7039,20.047497,-12.425061
467.02,-2926.5837,2.7422726,-11.785531
467.03998,-2767.9436,24.854506,-11.146001
467.06,-2811.2092,19.406563,-10.986118
467.08,-2666.9907,30.46268,-10.986118
467.09998,-2532.387,24.854506,-10.186706
467.12,-2830.4382,4.9855423,-10.026823
467.13998,-2782.3655,15.080256,-9.707058
467.16,-2758.329,13.317687,-9.707058
467.18,-2854.4746,5.9469438,-9.227411
467.19998,-2715.0637,17.804228,-8.427998
467.22,-2811.2092,18.925863,-8.268115
467.24,-2868.8965,15.72119,-7.94835
467.25998,-2883.3184,12.99722,-7.468703
467.28,-2791.98,15.560958,-7.3088202
467.3,-2825.6309,16.20189,-6.9890547
467.31998,-2955.4275,4.024141,-6.66929
467.34,-2878.511,20.047497,-6.349525
467.36,-2763.1365,12.676753,-5.709995
467.37997,-2542.0015,32.545715,-5.0704646
467.4,-2811.2092,11.074417,-4.910582
467.41998,-2777.558,14.1188545,-5.0704646
467.44,-2652.569,30.142212,-5.0704646
467.46,-2902.5474,7.8697467,-6.02976
467.47998,-2767.9436,11.715352,-6.66929
467.5,-2700.6418,11.394884,-6.829172
467.52,-2820.8237,12.196053,-6.9890547
467.53998,-2801.5945,19.566797,-6.9890547
467.56,-2936.1982,-8.313842,-6.02976
467.58,-2811.2092,11.234652,-5.869877
467.59998,-2772.751,5.78671,-5.869877
467.62,-2859.282,0.6592364,-5.709995
467.63998,-2729.4854,15.560958,-5.869877
467.66,-2844.86,8.190214,-6.349525
467.68,-2787.1729,5.466243,-6.9890547
467.69998,-2767.9436,4.184375,-6.9890547
467.72,-2825.6309,13.958622,-6.66929
467.74,-2868.8965,19.246328,-6.02976
467.75998,-2830.4382,12.676753,-5.5501122
467.78,-2902.5474,13.317687,-5.869877
467.8,-2715.0637,20.68843,-5.3902297
467.81998,-2897.7402,-3.3466022,-5.869877
467.84,-2623.7253,16.842825,-6.1896424
467.86,-2796.7874,10.433483,-6.66929
467.87997,-2820.8237,8.831148,-6.9890547
467.9,-2844.86,27.738708,-5.5501122
467.91998,-2806.4019,7.228812,-6.5094075
467.94,-2666.9907,22.451,-6.02976
467.96,-2849.6675,11.394884,-5.869877
467.97998,-2820.8237,9.311849,-6.1896424
468.0,-2840.0527,11.234652,-5.709995
468.02,-2801.5945,13.638155,-6.1896424
468.03998,-2791.98,17.804228,-6.349525
468.06,-2796.7874,8.670914,-6.829172
468.08,-2691.0273,15.560958,-6.1896424
468.09998,-2748.7146,8.350447,-6.5094075
468.12,-2796.7874,15.560958,-6.349525
468.13998,-2868.8965,8.991381,-6.1896424
468.16,-2859.282,8.02998,-6.5094075
468.18,-2753.5217,12.196053,-6.349525
468.19998,-2897.7402,0.9797035,-6.349525
468.22,-2936.1982,5.9469438,-6.349525
468.24,-2787.1729,9.792548,-6.5094075
468.25998,-2902.5474,-7.192207,-6.66929
468.28,-2868.8965,9.151615,-6.349525
468.3,-2878.511,8.831148,-6.66929
468.31998,-2806.4019,6.7481112,-6.02976
468.34,-2902.5474,5.6264763,-6.1896424
468.36,-2796.7874,10.75395,-6.1896424
468.37997,-2820.8237,13.157454,-6.02976
468.4,-2859.282,10.914185,-6.1896424
468.41998,-2840.0527,8.510681,-6.66929
468.44,-2854.4746,0.81947,-6.9890547
468.46,-2868.8965,6.5878778,-6.66929
468.47998,-2566.0378,25.014738,-6.5094075
468.5,-2676.6055,10.914185,-6.349525
468.52,-2791.98,14.279089,-6.349525
468.53998,-2936.1982,7.549279,-6.1896424
468.56,-2849.6675,10.433483,-6.5094075
468.58,-2652.569,26.93754,-6.349525
468.59998,-2729.4854,17.96446,-6.1896424
468.62,-2844.86,9.792548,-6.66929
468.63998,-2878.511,4.184375,-6.349525
468.66,-2772.751,13.317687,-6.1896424
468.68,-2782.3655,18.925863,-6.5094075
468.69998,-2657.3762,12.51652,-6.349525
468.72,-2830.4382,17.00306,-6.829172
468.74,-2695.8345,12.196053,-6.66929
468.75998,-2926.5837,3.3832066,-6.349525
468.78,-2801.5945,7.228812,-6.1896424
468.8,-2753.5217,14.279089,-6.349525
468.81998,-2666.9907,14.599556,-6.1896424
468.84,-2912.1619,8.831148,-6.1896424
468.86,-2686.2197,18.765629,-5.869877
468.87997,-2719.8708,10.75395,-5.869877
468.9,-2710.256,18.605394,-6.1896424
468.91998,-2724.6782,18.765629,-6.02976
468.94,-2743.9072,8.831148,-6.1896424
468.96,-2748.7146,21.9703,-5.869877
468.97998,-2825.6309,9.151615,-6.1896424
469.0,-2864.089,0.9797035,-5.869877
469.02,-2748.7146,17.643993,-6.1896424
469.03998,-2758.329,13.317687,-6.349525
469.06,-2787.1729,11.875586,-6.1896424
469.08,-2796.7874,8.350447,-6.02976
469.09998,-2936.1982,10.27325,-6.1896424
469.12,-2926.5837,9.151615,-5.709995
469.13998,-2811.2092,11.394884,-5.869877
469.16,-2888.1255,3.2229733,-5.869877
469.18,-2849.6675,12.676753,-6.02976
469.19998,-2753.5217,11.394884,-6.02976
469.22,-2806.4019,6.7481112,-6.1896424
469.24,-2758.329,14.1188545,-6.1896424
469.25998,-2767.9436,12.8369875,-6.02976
469.28,-2796.7874,19.566797,-5.5501122
469.3,-2729.4854,10.75395,-6.349525
469.31998,-2763.1365,18.445162,-5.709995
469.34,-2844.86,13.638155,-5.5501122
469.36,-2739.1,8.991381,-5.709995
469.37997,-2739.1,22.451,-5.230347
469.4,-2782.3655,5.78671,-6.1896424
469.41998,-2888.1255,-2.0647337,-6.1896424
469.44,-2772.751,15.560958,-5.709995
469.46,-2945.813,20.367966,-5.5501122
469.47998,-2763.1365,8.991381,-6.02976
469.5,-2791.98,11.555119,-5.869877
469.52,-2825.6309,14.439322,-5.3902297
469.53998,-2830.4382,13.477921,-6.02976
469.56,-2849.6675,9.472081,-6.02976
469.58,-2844.86,20.367966,-5.5501122
469.59998,-2801.5945,8.831148,-5.869877
469.62,-2748.7146,10.27325,-5.709995
469.63998,-2892.9329,5.9469438,-5.869877
469.66,-2671.798,19.727032,-5.5501122
469.68,-2825.6309,12.8369875,-5.869877
469.69998,-2758.329,14.599556,-5.709995
469.72,-2854.4746,-7.352441,-6.349525
469.74,-2691.0273,12.196053,-5.709995
469.75998,-2782.3655,13.798388,-5.709995
469.78,-2767.9436,5.3060093,-5.869877
469.8,-2830.4382,10.914185,-5.869877
469.81998,-2864.089,11.074417,-5.869877
469.84,-2710.256,16.362125,-6.5094075
469.86,-2772.751,17.163294,-5.869877
469.87997,-2835.2456,19.566797,-5.869877
469.9,-2782.3655,11.234652,-5.709995
469.91998,-2844.86,2.7422726,-6.02976
469.94,-2777.558,12.99722,-5.5501122
469.96,-2777.558,9.151615,-6.02976
469.97998,-2787.1729,2.902506,-5.869877
470.0,-2758.329,6.4276443,-5.709995
470.02,-2691.0273,16.041658,-6.1896424
470.03998,-2715.0637,9.792548,-6.1896424
470.06,-2753.5217,19.246328,-5.5501122
470.08,-2599.689,15.080256,-5.3902297
470.09998,-2854.4746,9.151615,-5.3902297
470.12,-2700.6418,12.356286,-5.709995
470.13998,-2791.98,8.350447,-5.5501122
470.16,-2796.7874,8.670914,-5.709995
470.18,-2743.9072,13.477921,-5.709995
470.19998,-2633.3398,12.676753,-6.1896424
470.22,-2767.9436,-0.46239844,-6.1896424
470.24,-2705.449,12.035819,-5.5501122
470.25998,-2743.9072,12.196053,-5.709995
470.28,-2777.558,15.24049,-5.869877
470.3,-2743.9072,11.394884,-5.709995
470.31998,-2763.1365,12.99722,-5.3902297
470.34,-2782.3655,8.510681,-5.709995
470.36,-2787.1729,11.875586,-5.5501122
470.37997,-2849.6675,4.825309,-5.709995
470.4,-2840.0527,6.4276443,-5.5501122
470.41998,-2782.3655,10.75395,-5.709995
470.44,-2796.7874,8.510681,-5.5501122
470.46,-2796.7874,10.75395,-5.3902297
470.47998,-2633.3398,8.670914,-5.869877
470.5,-2748.7146,16.52236,-5.5501122
470.52,-2820.8237,13.317687,-5.230347
470.53998,-2700.6418,19.727032,-5.5501122
470.56,-2758.329,16.362125,-5.709995
470.58,-2859.282,12.356286,-5.5501122
470.59998,-2767.9436,13.317687,-5.709995
470.62,-2801.5945,18.445162,-5.3902297
470.63998,-2844.86,5.466243,-5.709995
470.66,-2806.4019,12.8369875,-5.3902297
470.68,-2652.569,13.317687,-5.230347
470.69998,-2700.6418,10.113016,-5.869877
470.72,-2700.6418,16.842825,-5.3902297
470.74,-2739.1,17.96446,-5.3902297
470.75998,-2763.1365,24.694271,-5.230347
470.78,-2868.8965,1.139937,-5.3902297
470.8,-2777.558,16.041658,-5.5501122
470.81998,-2695.8345,15.400723,-5.709995
470.84,-2662.1833,17.483759,-5.5501122
470.86,-2734.2925,22.77147,-5.3902297
470.87997,-2686.2197,19.887262,-5.869877
470.9,-2772.751,12.196053,-5.230347
470.91998,-2700.6418,13.638155,-5.230347
470.94,-2907.3547,0.17853576,-5.230347
470.96,-2825.6309,-2.2249672,-5.5501122
470.97998,-2787.1729,11.875586,-5.5501122
471.0,-2859.282,12.676753,-5.5501122
471.02,-2787.1729,4.6650753,-5.5501122
471.03998,-2854.4746,6.908345,-5.5501122
471.06,-2811.2092,7.549279,-5.3902297
471.08,-2739.1,14.759789,-5.3902297
471.09998,-2902.5474,-0.62263197,-5.3902297
471.12,-2681.4126,12.51652,-5.3902297
471.13998,-2763.1365,9.792548,-5.709995
471.16,-2777.558,15.881425,-5.3902297
471.18,-2734.2925,12.99722,-5.230347
471.19998,-2767.9436,11.715352,-5.230347
471.22,-2791.98,25.014738,-5.0704646
471.24,-2791.98,14.279089,-5.0704646
471.25998,-2753.5217,16.041658,-5.230347
471.28,-2945.813,-3.9875362,-5.5501122
471.3,-2734.2925,14.599556,-5.230347
471.31998,-2796.7874,13.317687,-5.3902297
471.34,-2892.9329,17.483759,-5.0704646
471.36,-2830.4382,16.682592,-5.5501122
471.37997,-2724.6782,8.02998,-5.709995
471.4,-2772.751,18.925863,-5.3902297
471.41998,-2926.5837,7.709513,-5.3902297
471.44,-2748.7146,11.875586,-5.5501122
471.46,-2743.9072,24.694271,-4.910582
471.47998,-2854.4746,11.715352,-5.0704646
471.5,-2681.4126,14.599556,-5.0704646
471.52,-2686.2197,11.875586,-5.709995
471.53998,-2816.0164,16.20189,-5.0704646
471.56,-2671.798,3.7036738,-5.709995
471.58,-2791.98,12.356286,-5.0704646
471.59998,-2739.1,0.17853576,-5.5501122
471.62,-2671.798,17.643993,-5.3902297
471.63998,-2739.1,11.234652,-5.3902297
471.66,-2753.5217,0.17853576,-5.869877
471.68,-2719.8708,13.477921,-5.0704646
471.69998,-2710.256,15.881425,-5.3902297
471.72,-2787.1729,16.842825,-5.3902297
471.74,-2642.9543,30.142212,-5.3902297
471.75998,-2676.6055,25.335205,-4.750699
471.78,-2767.9436,10.113016,-5.3902297
471.8,-2883.3184,-2.8659017,-5.5501122
471.81998,-2758.329,11.234652,-5.0704646
471.84,-2806.4019,8.991381,-5.3902297
471.86,-2849.6675,0.49900287,-5.230347
471.87997,-2743.9072,14.920023,-5.0704646
471.9,-2719.8708,18.925863,-5.0704646
471.91998,-2868.8965,-5.7501054,-5.0704646
471.94,-2777.558,5.78671,-5.3902297
471.96,-2652.569,15.080256,-5.0704646
471.97998,-2772.751,18.765629,-5.230347
472.0,-2580.46,14.759789,-5.3902297
472.02,-2791.98,7.549279,-5.0704646
472.03998,-2772.751,1.4604042,-5.0704646
472.06,-2801.5945,10.914185,-5.230347
472.08,-2763.1365,10.113016,-5.0704646
472.09998,-2801.5945,9.311849,-5.230347
472.12,-2758.329,14.599556,-5.3902297
472.13998,-2816.0164,13.157454,-5.0704646
472.16,-2753.5217,12.035819,-4.910582
472.18,-2791.98,2.1013381,-5.3902297
472.19998,-2748.7146,2.7422726,-5.0704646
472.22,-2811.2092,11.074417,-5.230347
472.24,-2652.569,12.035819,-5.230347
472.25998,-2623.7253,9.632316,-5.5501122
472.28,-2777.558,7.8697467,-5.3902297
472.3,-2830.4382,8.991381,-5.230347
472.31998,-2753.5217,6.5878778,-5.3902297
472.34,-2724.6782,12.196053,-4.910582
472.36,-2671.798,9.311849,-5.3902297
472.37997,-2859.282,1.9411048,-5.5501122
472.4,-2700.6418,17.804228,-5.0704646
472.41998,-2715.0637,12.676753,-5.0704646
472.44,-2782.3655,10.914185,-4.910582
472.46,-2816.0164,15.24049,-4.910582
472.47998,-2628.5327,14.920023,-5.0704646
472.5,-2681.4126,6.908345,-5.0704646
472.52,-2739.1,9.472081,-5.3902297
472.53998,-2691.0273,18.765629,-5.0704646
472.56,-2816.0164,10.914185,-4.910582
472.58,-2455.4705,29.98198,-5.5501122
472.59998,-2796.7874,7.0685787,-5.230347
472.62,-2743.9072,17.00306,-5.0704646
472.63998,-2811.2092,14.920023,-4.910582
472.66,-2724.6782,16.682592,-5.230347
472.68,-2666.9907,28.700111,-5.0704646
472.69998,-2830.4382,12.51652,-5.3902297
472.72,-2868.8965,-4.948938,-5.3902297
472.74,-2777.558,9.311849,-5.0704646
472.75998,-2724.6782,4.3446083,-5.709995
472.78,-2791.98,0.6592364,-4.910582
472.8,-2753.5217,11.715352,-5.0704646
472.81998,-2758.329,8.831148,-5.0704646
472.84,-2816.0164,12.676753,-5.230347
472.86,-2758.329,9.952783,-5.0704646
472.87997,-2594.8816,21.649834,-5.0704646
472.9,-2849.6675,6.7481112,-4.750699
472.91998,-2739.1,5.145776,-5.3902297
472.94,-2892.9329,6.2674108,-5.230347
472.96,-2715.0637,0.49900287,-5.5501122
472.97998,-2844.86,0.9797035,-5.0704646
473.0,-2705.449,-2.385201,-5.709995
473.02,-2695.8345,13.798388,-5.230347
473.03998,-2743.9072,18.925863,-5.230347
473.06,-2772.751,14.279089,-5.230347
473.08,-2758.329,12.035819,-5.230347
473.09998,-2657.3762,17.323528,-5.709995
473.12,-2816.0164,9.472081,-5.230347
473.13998,-2777.558,12.035819,-5.230347
473.16,-2888.1255,-1.2635663,-4.910582
473.18,-2743.9072,10.27325,-5.0704646
473.19998,-2782.3655,10.113016,-5.0704646
473.22,-2681.4126,17.96446,-5.0704646
473.24,-2705.449,2.902506,-5.5501122
473.25998,-2859.282,0.6592364,-5.230347
473.28,-2782.3655,14.279089,-4.910582
473.3,-2767.9436,27.418243,-4.590817
473.31998,-2642.9543,19.246328,-5.0704646
473.34,-2791.98,8.350447,-5.0704646
473.36,-2604.4963,21.649834,-4.750699
473.37997,-2859.282,9.792548,-4.750699
473.4,-2753.5217,14.1188545,-4.750699
473.41998,-2715.0637,19.887262,-4.910582
473.44,-2830.4382,5.3060093,-5.0704646
473.46,-2796.7874,-0.9430991,-5.230347
473.47998,-2787.1729,10.433483,-5.0704646
473.5,-2652.569,12.51652,-5.230347
473.52,-2758.329,4.6650753,-5.5501122
473.53998,-2724.6782,13.317687,-5.230347
473.56,-2767.9436,12.99722,-5.230347
473.58,-2767.9436,11.715352,-4.910582
473.59998,-2666.9907,14.439322,-4.4309344
473.62,-2695.8345,12.356286,-4.910582
473.63998,-2739.1,24.534037,-4.910582
473.66,-2758.329,9.311849,-4.910582
473.68,-2734.2925,12.676753,-4.750699
473.69998,-2739.1,4.6650753,-5.230347
473.72,-2618.918,11.715352,-5.0704646
473.74,-2806.4019,11.555119,-5.0704646
473.75998,-2666.9907,14.759789,-4.590817
473.78,-2763.1365,9.952783,-5.0704646
473.8,-2763.1365,10.433483,-5.230347
473.81998,-2767.9436,9.792548,-4.750699
473.84,-2806.4019,10.914185,-5.0704646
473.86,-2705.449,18.925863,-4.910582
473.87997,-2743.9072,11.875586,-4.750699
473.9,-2806.4019,6.1071773,-5.5501122
473.91998,-2888.1255,-2.8659017,-4.750699
473.94,-2806.4019,2.7422726,-5.0704646
473.96,-2724.6782,11.875586,-5.0704646
473.97998,-2892.9329,-1.2635663,-5.230347
474.0,-2743.9072,10.914185,-5.230347
474.02,-2710.256,10.75395,-4.910582
474.03998,-2859.282,17.483759,-4.750699
474.06,-2806.4019,11.875586,-5.230347
474.08,-2719.8708,10.27325,-5.230347
474.09998,-2662.1833,17.96446,-5.0704646
474.12,-2710.256,13.638155,-4.750699
474.13998,-2758.329,-0.62263197,-4.910582
474.16,-2710.256,6.1071773,-5.0704646
474.18,-2753.5217,9.792548,-4.750699
474.19998,-2686.2197,2.902506,-5.230347
474.22,-2638.147,13.317687,-5.0704646
474.24,-2772.751,11.875586,-4.590817
474.25998,-2546.8088,20.848665,-4.910582
474.28,-2666.9907,12.676753,-5.0704646
474.3,-2787.1729,13.798388,-4.590817
474.31998,-2816.0164,2.902506,-5.230347
474.34,-2825.6309,16.682592,-4.910582
474.36,-2710.256,2.1013381,-5.230347
474.37997,-2739.1,11.555119,-5.230347
474.4,-2662.1833,10.914185,-5.0704646
474.41998,-2791.98,7.8697467,-4.750699
474.44,-2724.6782,18.605394,-4.4309344
474.46,-2801.5945,15.881425,-4.750699
474.47998,-2710.256,11.555119,-5.0704646
474.5,-2719.8708,10.75395,-5.0704646
474.52,-2681.4126,18.765629,-4.4309344
474.53998,-2801.5945,4.504842,-4.590817
474.56,-2878.511,-5.429638,-5.230347
474.58,-2743.9072,9.632316,-4.590817
474.59998,-2835.2456,6.2674108,-4.4309344
474.62,-2686.2197,10.914185,-4.910582
474.63998,-2724.6782,10.75395,-5.0704646
474.66,-2590.0742,12.676753,-6.1896424
474.68,-2748.7146,17.96446,-4.590817
474.69998,-2835.2456,14.599556,-4.590817
474.72,-2907.3547,8.350447,-4.590817
474.74,-2719.8708,3.3832066,-4.910582
474.75998,-2705.449,13.317687,-4.910582
474.78,-2743.9072,10.914185,-4.590817
474.8,-2777.558,7.3890457,-4.750699
474.81998,-2830.4382,-2.2249672,-4.590817
474.84,-2686.2197,12.196053,-5.0704646
474.86,-2734.2925,4.9855423,-5.0704646
474.87997,-2729.4854,3.8639073,-4.910582
474.9,-2691.0273,12.035819,-5.0704646
474.91998,-2796.7874,9.311849,-4.750699
474.94,-2642.9543,24.534037,-3.9512868
474.96,-2666.9907,19.086096,-4.750699
474.97998,-2743.9072,16.52236,-4.4309344
475.0,-2705.449,16.52236,-4.590817
475.02,-2739.1,7.709513,-5.0704646
475.03998,-2700.6418,5.78671,-4.750699
475.06,-2715.0637,8.02998,-4.910582
475.08,-2734.2925,8.831148,-4.910582
475.09998,-2816.0164,11.875586,-4.590817
475.12,-2715.0637,7.0685787,-4.750699
475.13998,-2715.0637,3.0627398,-5.230347
475.16,-2724.6782,25.335205,-4.4309344
475.18,-2811.2092,15.72119,-4.4309344
475.19998,-2700.6418,16.20189,-4.271052
475.22,-2729.4854,12.51652,-4.590817
475.24,-2806.4019,16.362125,-4.750699
475.25998,-2753.5217,7.709513,-4.910582
475.28,-2767.9436,5.6264763,-4.590817
475.3,-2729.4854,6.5878778,-4.910582
475.31998,-2767.9436,6.4276443,-4.4309344
475.34,-2820.8237,9.311849,-4.4309344
475.36,-2729.4854,4.184375,-4.750699
475.37997,-2796.7874,27.898943,-4.271052
475.4,-2671.798,13.638155,-4.271052
475.41998,-2705.449,15.560958,-4.4309344
475.44,-2763.1365,15.400723,-4.4309344
475.46,-2695.8345,15.080256,-4.590817
475.47998,-2787.1729,10.113016,-4.271052
475.5,-2739.1,13.638155,-4.590817
475.52,-2777.558,21.810066,-3.9512868
475.53998,-2743.9072,4.825309,-4.590817
475.56,-2748.7146,9.632316,-4.271052
475.58,-2700.6418,7.8697467,-4.271052
475.59998,-2844.86,7.549279,-4.4309344
475.62,-2820.8237,13.157454,-4.590817
475.63998,-2662.1833,18.925863,-4.590817
475.66,-2700.6418,9.151615,-4.590817
475.68,-2705.449,4.3446083,-4.590817
475.69998,-2724.6782,15.881425,-4.1111693
475.72,-2830.4382,-0.7828655,-4.590817
475.74,-2666.9907,7.0685787,-4.4309344
475.75998,-2623.7253,13.317687,-4.590817
475.78,-2748.7146,8.510681,-4.271052
475.8,-2570.8452,16.682592,-4.271052
475.81998,-2743.9072,6.7481112,-4.4309344
475.84,-2739.1,8.831148,-4.1111693
475.86,-2715.0637,11.394884,-4.271052
475.87997,-2830.4382,-3.026135,-4.271052
475.9,-2710.256,13.477921,-4.4309344
475.91998,-2710.256,24.694271,-3.6315217
475.94,-2743.9072,12.196053,-3.6315217
475.96,-2691.0273,6.5878778,-4.1111693
475.97998,-2763.1365,17.804228,-3.9512868
476.0,-2715.0637,10.27325,-4.1111693
476.02,-2820.8237,-1.4237996,-4.4309344
476.03998,-2763.1365,6.908345,-4.1111693
476.06,-2777.558,9.472081,-4.271052
476.08,-2705.449,6.2674108,-4.1111693
476.09998,-2614.1106,12.99722,-4.1111693
476.12,-2676.6055,14.439322,-3.7914042
476.13998,-2681.4126,9.632316,-4.1111693
476.16,-2719.8708,8.02998,-4.1111693
476.18,-2719.8708,24.213572,-3.7914042
476.19998,-2772.751,6.5878778,-3.9512868
476.22,-2652.569,11.875586,-3.9512868
476.24,-2748.7146,11.074417,-3.7914042
476.25998,-2844.86,4.184375,-4.1111693
476.28,-2695.8345,12.676753,-3.6315217
476.3,-2705.449,12.51652,-3.6315217
476.31998,-2729.4854,21.9703,-3.151874
476.34,-2618.918,10.75395,-3.9512868
476.36,-2642.9543,17.804228,-4.1111693
476.37997,-2599.689,11.234652,-2.9919913
476.4,-2705.449,8.02998,-3.6315217
476.41998,-2676.6055,8.991381,-3.7914042
476.44,-2719.8708,9.311849,-3.9512868
476.46,-2758.329,-2.7056682,-4.1111693
476.47998,-2729.4854,8.510681,-3.7914042
476.5,-2739.1,1.6206378,-3.7914042
476.52,-2691.0273,10.75395,-3.6315217
476.53998,-2724.6782,12.51652,-3.9512868
476.56,-2681.4126,15.24049,-3.3117566
476.58,-2743.9072,7.3890457,-3.6315217
476.59998,-2628.5327,14.1188545,-3.7914042
476.62,-2691.0273,10.433483,-3.7914042
476.63998,-2657.3762,16.52236,-3.471639
476.66,-3109.2605,-15.524351,-3.7914042
476.68,-2662.1833,14.920023,-3.471639
476.69998,-2700.6418,11.875586,-3.3117566
476.72,-2941.0059,-7.833141,-4.1111693
476.74,-2724.6782,15.72119,-3.471639
476.75998,-2676.6055,12.035819,-3.9512868
476.78,-2671.798,13.638155,-3.7914042
476.8,-2840.0527,-1.4237996,-3.471639
476.81998,-2691.0273,16.041658,-3.9512868
476.84,-2825.6309,8.831148,-3.471639
476.86,-2796.7874,0.81947,-3.7914042
476.87997,-2647.7617,15.080256,-3.3117566
476.9,-2686.2197,11.715352,-3.6315217
476.91998,-2681.4126,11.555119,-3.7914042
476.94,-2719.8708,28.379642,-3.3117566
476.96,-2681.4126,10.433483,-3.6315217
476.97998,-2695.8345,16.20189,-3.6315217
477.0,-2715.0637,7.8697467,-3.7914042
477.02,-2763.1365,10.27325,-3.471639
477.03998,-2681.4126,11.875586,-3.471639
477.06,-2715.0637,23.732868,-3.151874
477.08,-2787.1729,5.9469438,-3.471639
477.09998,-2647.7617,3.2229733,-3.7914042
477.12,-2642.9543,15.400723,-3.6315217
477.13998,-2585.267,13.157454,-3.6315217
477.16,-2729.4854,6.908345,-3.6315217
477.18,-2796.7874,-3.9875362,-4.1111693
477.19998,-2445.856,22.130533,-3.471639
477.22,-2724.6782,10.27325,-3.6315217
477.24,-2710.256,12.676753,-3.9512868
477.25998,-2700.6418,16.20189,-3.471639
477.28,-2662.1833,9.632316,-3.7914042
477.3,-2681.4126,8.831148,-3.7914042
477.31998,-2787.1729,9.151615,-3.7914042
477.34,-2748.7146,17.00306,-3.7914042
477.36,-2695.8345,9.632316,-3.7914042
477.37997,-2892.9329,5.3060093,-3.471639
477.4,-2695.8345,28.700111,-3.3117566
477.41998,-2777.558,18.445162,-3.151874
477.44,-2700.6418,7.3890457,-3.7914042
477.46,-2763.1365,12.8369875,-3.6315217
477.47998,-2763.1365,12.676753,-3.6315217
477.5,-2676.6055,12.356286,-3.7914042
477.52,-2681.4126,11.234652,-3.6315217
477.53998,-2710.256,3.7036738,-4.1111693
477.56,-2835.2456,3.2229733,-3.7914042
477.58,-2772.751,11.555119,-3.6315217
477.59998,-2835.2456,8.991381,-3.7914042
477.62,-2695.8345,13.798388,-4.1111693
477.63998,-2681.4126,25.174973,-3.7914042
477.66,-2811.2092,10.113016,-3.7914042
477.68,-2739.1,10.27325,-3.6315217
477.69998,-2710.256,-5.429638,-3.7914042
477.72,-2748.7146,10.27325,-3.471639
477.74,-2743.9072,11.234652,-3.6315217
477.75998,-2628.5327,12.99722,-3.9512868
477.78,-2734.2925,3.3832066,-3.7914042
477.8,-2710.256,5.9469438,-3.6315217
477.81998,-2479.5068,14.759789,-3.6315217
477.84,-2724.6782,2.902506,-4.1111693
477.86,-2753.5217,26.45684,-3.471639
477.87997,-2623.7253,13.798388,-3.3117566
477.9,-2681.4126,12.676753,-3.151874
477.91998,-2724.6782,20.207731,-3.3117566
477.94,-2681.4126,10.433483,-3.7914042
477.96,-2791.98,-3.3466022,-3.6315217
477.97998,-2763.1365,5.3060093,-3.471639
478.0,-2719.8708,8.350447,-3.7914042
478.02,-2623.7253,0.6592364,-3.7914042
478.03998,-2671.798,14.920023,-3.7914042
478.06,-2748.7146,4.184375,-4.271052
478.08,-2662.1833,8.350447,-3.3117566
478.09998,-2820.8237,-0.9430991,-3.471639
478.12,-2729.4854,16.20189,-2.9919913
478.13998,-2715.0637,17.163294,-3.6315217
478.16,-2628.5327,-0.30216488,-4.1111693
478.18,-2666.9907,12.99722,-3.151874
478.19998,-2546.8088,32.22525,-3.471639
478.22,-2609.3035,12.99722,-3.471639
478.24,-2623.7253,13.317687,-3.6315217
478.25998,-2532.387,17.96446,-3.6315217
478.28,-2647.7617,6.5878778,-3.151874
478.3,-2835.2456,8.670914,-3.151874
478.31998,-2739.1,11.555119,-3.6315217
478.34,-2743.9072,9.472081,-2.832109
478.36,-2719.8708,-1.2635663,-3.9512868
478.37997,-2700.6418,14.439322,-3.151874
478.4,-2758.329,-0.14193134,-3.151874
478.41998,-2662.1833,12.8369875,-3.3117566
478.44,-2575.6523,19.887262,-3.471639
478.46,-2652.569,11.234652,-2.9919913
478.47998,-2705.449,5.78671,-3.3117566
478.5,-2638.147,-2.0647337,-3.471639
478.52,-2638.147,17.00306,-3.151874
478.53998,-2734.2925,20.68843,-2.9919913
478.56,-2522.7725,14.920023,-3.6315217
478.58,-2642.9543,12.676753,-3.151874
478.59998,-2686.2197,11.234652,-3.6315217
478.62,-2724.6782,7.709513,-2.6722264
478.63998,-2695.8345,6.5878778,-3.151874
478.66,-2767.9436,1.3001705,-3.151874
478.68,-2676.6055,7.709513,-3.151874
478.69998,-2748.7146,6.2674108,-2.832109
478.72,-2811.2092,4.184375,-3.7914042
478.74,-2666.9907,18.925863,-2.9919913
478.75998,-2676.6055,7.228812,-2.832109
478.78,-2666.9907,2.5820389,-3.7914042
478.8,-2705.449,6.5878778,-3.151874
478.81998,-2743.9072,24.694271,-3.3117566
478.84,-2777.558,6.2674108,-3.151874
478.86,-2695.8345,5.9469438,-3.151874
478.87997,-2729.4854,9.792548,-3.151874
478.9,-2883.3184,-1.4237996,-3.3117566
478.91998,-2739.1,13.638155,-3.3117566
478.94,-2686.2197,4.6650753,-3.3117566
478.96,-2628.5327,8.670914,-3.3117566
478.97998,-2763.1365,4.9855423,-3.151874
479.0,-2724.6782,4.825309,-3.6315217
479.02,-2614.1106,34.148052,-2.9919913
479.03998,-2719.8708,6.7481112,-3.151874
479.06,-2743.9072,5.466243,-3.471639
479.08,-2734.2925,8.02998,-3.151874
479.09998,-2787.1729,-10.236644,-3.6315217
479.12,-2715.0637,7.8697467,-2.9919913
479.13998,-2715.0637,11.715352,-2.832109
479.16,-2647.7617,27.738708,-3.151874
479.18,-2642.9543,14.439322,-2.9919913
479.19998,-2666.9907,14.599556,-2.9919913
479.22,-2590.0742,8.350447,-3.6315217
479.24,-2710.256,0.49900287,-3.3117566
479.25998,-2739.1,15.560958,-2.832109
479.28,-2662.1833,12.676753,-3.151874
479.3,-2498.736,14.920023,-3.471639
479.31998,-2681.4126,8.831148,-3.3117566
479.34,-2657.3762,4.9855423,-3.3117566
479.36,-2748.7146,1.3001705,-3.471639
479.37997,-2614.1106,14.1188545,-3.151874
479.4,-2710.256,5.145776,-3.471639
479.41998,-2729.4854,16.20189,-2.9919913
479.44,-2844.86,-1.1033326,-3.6315217
479.46,-2710.256,13.317687,-2.832109
479.47998,-2681.4126,10.593717,-2.832109
479.5,-2662.1833,10.593717,-2.832109
479.52,-2767.9436,8.670914,-2.6722264
479.53998,-2618.918,15.72119,-2.6722264
479.56,-2695.8345,11.715352,-3.151874
479.58,-2604.4963,16.842825,-2.832109
479.59998,-2715.0637,10.433483,-2.6722264
479.62,-2666.9907,7.228812,-3.151874
479.63998,-2633.3398,-4.3080034,-3.151874
479.66,-2748.7146,12.356286,-2.832109
479.68,-2710.256,3.5434403,-3.151874
479.69998,-2743.9072,-0.62263197,-2.9919913
479.72,-2719.8708,3.0627398,-2.9919913
479.74,-2642.9543,11.875586,-2.832109
479.75998,-2681.4126,5.78671,-2.9919913
479.78,-2666.9907,2.1013381,-2.832109
479.8,-2676.6055,19.727032,-2.032696
479.81998,-2705.449,12.196053,-2.832109
479.84,-2734.2925,0.018302217,-3.151874
479.86,-2767.9436,4.9855423,-2.9919913
479.87997,-2566.0378,13.798388,-2.6722264
479.9,-2719.8708,7.3890457,-2.6722264
479.91998,-2772.751,2.7422726,-2.9919913
479.94,-2604.4963,8.670914,-3.151874
479.96,-2710.256,12.035819,-3.151874
479.97998,-2734.2925,6.7481112,-2.9919913
480.0,-2767.9436,4.6650753,-2.9919913
480.02,-2642.9543,9.792548,-3.151874
480.03998,-2743.9072,-6.711507,-3.151874
480.06,-2724.6782,-1.1033326,-3.151874
480.08,-2642.9543,15.72119,-2.9919913
480.09998,-2715.0637,8.831148,-3.151874
480.12,-2753.5217,5.78671,-3.151874
480.13998,-2767.9436,2.261572,-3.3117566
480.16,-2705.449,6.4276443,-2.832109
480.18,-2700.6418,0.6592364,-2.5123436
480.19998,-2753.5217,1.139937,-2.832109
480.22,-2671.798,15.24049,-2.832109
480.24,-2724.6782,0.9797035,-2.832109
480.25998,-2791.98,0.49900287,-2.6722264
480.28,-2748.7146,-1.5840333,-3.151874
480.3,-2594.8816,16.20189,-2.832109
480.31998,-2647.7617,16.362125,-2.9919913
480.34,-2729.4854,-1.4237996,-2.9919913
480.36,-2724.6782,9.472081,-2.3524613
480.37997,-2638.147,10.914185,-2.9919913
480.4,-2546.8088,13.477921,-2.9919913
480.41998,-2652.569,10.75395,-2.9919913
480.44,-2647.7617,10.914185,-2.9919913
480.46,-2743.9072,8.350447,-2.6722264
480.47998,-2820.8237,10.75395,-2.3524613
480.5,-2777.558,5.3060093,-2.5123436
480.52,-2551.616,23.893103,-2.832109
480.53998,-2575.6523,15.560958,-2.832109
480.56,-2772.751,4.504842,-2.6722264
480.58,-2642.9543,5.466243,-2.9919913
480.59998,-2700.6418,13.157454,-2.5123436
480.62,-2618.918,9.472081,-2.5123436
480.63998,-2715.0637,11.074417,-2.6722264
480.66,-2686.2197,16.20189,-2.5123436
480.68,-2739.1,12.035819,-2.3524613
480.69998,-2686.2197,15.72119,-2.5123436
480.72,-2614.1106,10.914185,-2.6722264
480.74,-2753.5217,11.074417,-2.1925788
480.75998,-2662.1833,8.831148,-2.832109
480.78,-2719.8708,19.086096,-2.6722264
480.8,-2700.6418,11.394884,-2.6722264
480.81998,-2691.0273,12.356286,-2.5123436
480.84,-2609.3035,1.6206378,-2.832109
480.86,-2691.0273,13.798388,-2.6722264
480.87997,-2719.8708,10.914185,-2.5123436
480.9,-2599.689,27.258009,-2.6722264
480.91998,-2734.2925,20.367966,-2.3524613
480.94,-2710.256,4.3446083,-2.832109
480.96,-2739.1,3.3832066,-2.832109
480.97998,-2671.798,17.643993,-2.832109
481.0,-2652.569,3.2229733,-2.832109
481.02,-2666.9907,8.831148,-2.5123436
481.03998,-2580.46,2.5820389,-3.151874
481.06,-2763.1365,17.96446,-1.8728136
481.08,-2700.6418,9.952783,-2.6722264
481.09998,-2681.4126,11.875586,-2.5123436
481.12,-2758.329,-3.1863687,-2.9919913
481.13998,-2666.9907,2.7422726,-2.832109
481.16,-2705.449,5.145776,-2.6722264
481.18,-2633.3398,-4.6284704,-2.9919913
481.19998,-2686.2197,12.51652,-2.032696
481.22,-2657.3762,8.190214,-2.6722264
481.24,-2787.1729,0.17853576,-2.032696
481.25998,-2748.7146,3.5434403,-2.032696
481.28,-2700.6418,4.184375,-2.3524613
481.3,-2628.5327,32.22525,-1.8728136
481.31998,-2666.9907,9.151615,-2.3524613
481.34,-2604.4963,9.632316,-2.6722264
481.36,-2700.6418,6.2674108,-2.032696
481.37997,-2585.267,8.350447,-2.3524613
481.4,-2710.256,8.350447,-2.5123436
481.41998,-2705.449,2.5820389,-2.1925788
481.44,-2647.7617,8.190214,-2.5123436
481.46,-2724.6782,3.3832066,-2.6722264
481.47998,-2763.1365,9.952783,-2.032696
481.5,-2642.9543,9.952783,-2.3524613
481.52,-2652.569,13.638155,-2.5123436
481.53998,-2647.7617,8.510681,-2.5123436
481.56,-2628.5327,14.279089,-2.032696
481.58,-2787.1729,2.4218054,-1.712931
481.59998,-2628.5327,14.279089,-2.3524613
481.62,-2642.9543,6.2674108,-2.3524613
481.63998,-2657.3762,11.234652,-2.032696
481.66,-2695.8345,2.5820389,-2.3524613
481.68,-2743.9072,2.7422726,-2.5123436
481.69998,-2705.449,12.676753,-1.8728136
481.72,-2710.256,0.018302217,-2.5123436
481.74,-2676.6055,17.96446,-1.8728136
481.75998,-2652.569,7.228812,-2.1925788
481.78,-2811.2092,3.3832066,-1.5530485
481.8,-2633.3398,19.406563,-1.712931
481.81998,-2642.9543,8.190214,-2.3524613
481.84,-2570.8452,9.151615,-2.3524613
481.86,-2691.0273,10.75395,-2.1925788
481.87997,-2686.2197,2.7422726,-2.032696
481.9,-2657.3762,12.51652,-2.032696
481.91998,-2681.4126,9.311849,-1.712931
481.94,-2710.256,15.080256,-2.032696
481.96,-2695.8345,4.9855423,-2.032696
481.97998,-2662.1833,9.311849,-2.032696
482.0,-2767.9436,1.7808713,-2.032696
482.02,-2503.5432,18.605394,-1.8728136
482.03998,-2724.6782,1.6206378,-2.032696
482.06,-2753.5217,-2.8659017,-2.032696
482.08,-2642.9543,5.3060093,-2.032696
482.09998,-2835.2456,-3.3466022,-2.5123436
482.12,-2604.4963,23.893103,-1.712931
482.13998,-2638.147,5.6264763,-2.3524613
482.16,-2604.4963,9.632316,-2.1925788
482.18,-2676.6055,9.151615,-1.712931
482.19998,-2604.4963,17.323528,-1.8728136
482.22,-2590.0742,17.163294,-2.032696
482.24,-2763.1365,16.682592,-1.393166
482.25998,-2835.2456,3.3832066,-1.8728136
482.28,-2715.0637,10.914185,-2.032696
482.3,-2638.147,10.593717,-2.032696
482.31998,-2623.7253,12.196053,-2.032696
482.34,-2739.1,6.5878778,-1.5530485
482.36,-2686.2197,6.7481112,-1.5530485
482.37997,-2561.2307,13.638155,-2.032696
482.4,-2633.3398,8.831148,-2.032696
482.41998,-2542.0015,18.124695,-1.393166
482.44,-2734.2925,12.51652,-1.5530485
482.46,-2715.0637,7.0685787,-1.8728136
482.47998,-2652.569,17.643993,-1.712931
482.5,-2647.7617,22.931702,-1.393166
482.52,-2671.798,12.8369875,-1.5530485
482.53998,-2609.3035,25.174973,-1.5530485
482.56,-2748.7146,1.9411048,-1.5530485
482.58,-2647.7617,3.3832066,-1.8728136
482.59998,-2594.8816,14.920023,-1.712931
482.62,-2657.3762,4.6650753,-2.032696
482.63998,-3162.1404,39.756226,-1.8728136
482.66,-2224.7212,28.700111,-1.8728136
482.68,-2546.8088,13.157454,-1.2332834
482.69998,-2532.387,19.086096,-1.712931
482.72,-2700.6418,7.549279,-1.393166
482.74,-2638.147,3.2229733,-1.712931
482.75998,-2604.4963,4.825309,-1.2332834
482.78,-2662.1833,8.02998,-1.2332834
482.8,-2734.2925,0.6592364,-1.712931
482.81998,-2676.6055,8.670914,-1.8728136
482.84,-2642.9543,7.228812,-1.712931
482.86,-2590.0742,22.451,-1.5530485
482.87997,-2734.2925,5.145776,-1.393166
482.9,-2657.3762,8.510681,-1.2332834
482.91998,-2556.4236,16.041658,-1.712931
482.94,-2753.5217,3.5434403,-1.393166
482.96,-2724.6782,7.228812,-1.393166
482.97998,-2628.5327,11.074417,-1.0734009
483.0,-2676.6055,-0.9430991,-1.393166
483.02,-2594.8816,2.5820389,-1.2332834
483.03998,-2609.3035,5.6264763,-1.5530485
483.06,-2508.3506,17.163294,-1.0734009
483.08,-2753.5217,13.157454,-1.2332834
483.09998,-2604.4963,13.317687,-1.5530485
483.12,-2652.569,8.190214,-1.2332834
483.13998,-2681.4126,19.727032,-1.0734009
483.16,-2623.7253,16.362125,-1.0734009
483.18,-2705.449,10.27325,-0.7536357
483.19998,-2551.616,10.914185,-1.2332834
483.22,-2734.2925,3.5434403,-1.2332834
483.24,-2551.616,20.528198,-0.9135183
483.25998,-2647.7617,2.1013381,-1.393166
483.28,-2570.8452,18.124695,-1.0734009
483.3,-2652.569,9.792548,-1.2332834
483.31998,-2652.569,0.33876932,-1.393166
483.34,-2662.1833,7.709513,-0.9135183
483.36,-2835.2456,-6.230806,-1.2332834
483.37997,-2628.5327,16.20189,-1.0734009
483.4,-2623.7253,5.78671,-0.9135183
483.41998,-2628.5327,0.33876932,-1.2332834
483.44,-2623.7253,7.709513,-0.7536357
483.46,-2691.0273,9.311849,-0.4338706
483.47998,-2676.6055,16.362125,-0.59375316
483.5,-2594.8816,3.5434403,-1.2332834
483.52,-2599.689,20.528198,-0.4338706
483.53998,-2590.0742,4.825309,-1.2332834
483.56,-2686.2197,13.798388,-0.4338706
483.58,-2676.6055,10.27325,-0.9135183
483.59998,-2676.6055,9.632316,-0.7536357
483.62,-2647.7617,20.047497,-0.59375316
483.63998,-2618.918,9.151615,-1.0734009
483.66,-2719.8708,5.9469438,-1.0734009
483.68,-2719.8708,11.875586,-0.9135183
483.69998,-2508.3506,11.555119,-0.7536357
483.72,-2590.0742,6.908345,-1.0734009
483.74,-2551.616,6.5878778,-0.59375316
483.75998,-2542.0015,12.99722,-0.7536357
483.78,-2628.5327,7.709513,-1.2332834
483.8,-2666.9907,10.433483,-0.7536357
483.81998,-2666.9907,6.2674108,-1.2332834
483.84,-2647.7617,5.6264763,-0.7536357
483.86,-2642.9543,22.130533,-0.59375316
483.87997,-2638.147,5.9469438,-1.0734009
483.9,-2652.569,25.014738,-0.2739881
483.91998,-2715.0637,6.1071773,-1.0734009
483.94,-2450.6633,13.317687,-0.59375316
483.96,-2609.3035,6.908345,-0.9135183
483.97998,-2647.7617,4.825309,-0.7536357
484.0,-2594.8816,20.848665,-0.7536357
484.02,-2604.4963,10.433483,-0.7536357
484.03998,-2546.8088,14.920023,-0.4338706
484.06,-2666.9907,5.6264763,-0.7536357
484.08,-2787.1729,-3.3466022,-0.7536357
484.09998,-2647.7617,9.792548,-1.0734009
484.12,-2633.3398,11.074417,-0.4338706
484.13998,-2642.9543,12.196053,-0.59375316
484.16,-2638.147,0.9797035,-0.7536357
484.18,-2618.918,10.75395,-0.2739881
484.19998,-2479.5068,33.66735,-0.4338706
484.22,-2662.1833,3.5434403,-1.0734009
484.24,-2715.0637,14.279089,-0.7536357
484.25998,-2715.0637,2.5820389,-0.2739881
484.28,-2604.4963,12.035819,-0.9135183
484.3,-2647.7617,11.715352,-0.59375316
484.31998,-2691.0273,1.9411048,-0.2739881
484.34,-2628.5327,20.528198,-0.4338706
484.36,-2638.147,2.1013381,-0.7536357
484.37997,-2676.6055,0.81947,-1.0734009
484.4,-2638.147,12.8369875,-0.2739881
484.41998,-2734.2925,0.81947,-0.7536357
484.44,-2719.8708,8.02998,-0.4338706
484.46,-2638.147,12.196053,-0.59375316
484.47998,-2580.46,9.472081,-0.9135183
484.5,-2580.46,10.27325,-0.4338706
484.52,-2662.1833,8.831148,-0.59375316
484.53998,-2657.3762,11.555119,-0.4338706
484.56,-2816.0164,-12.479914,-0.59375316
484.58,-2599.689,7.709513,-0.2739881
484.59998,-2662.1833,5.466243,-0.59375316
484.62,-2647.7617,17.00306,-0.4338706
484.63998,-2628.5327,7.228812,-0.4338706
484.66,-2633.3398,3.8639073,-0.4338706
484.68,-2835.2456,-9.435476,-0.59375316
484.69998,-2623.7253,8.350447,0.045777034
484.72,-2479.5068,20.207731,0.045777034
484.74,-2642.9543,9.632316,-0.2739881
484.75998,-2604.4963,17.323528,0.045777034
484.78,-2700.6418,10.113016,-0.4338706
484.8,-2551.616,5.78671,-0.59375316
484.81998,-2782.3655,-9.115009,-0.59375316
484.84,-2585.267,13.157454,-0.4338706
484.86,-2638.147,9.472081,-0.4338706
484.87997,-2623.7253,9.311849,-0.59375316
484.9,-2532.387,16.682592,-0.4338706
484.91998,-2666.9907,3.5434403,-0.59375316
484.94,-2691.0273,8.350447,-0.114105515
484.96,-2724.6782,14.920023,0.045777034
484.97998,-2599.689,12.356286,-0.2739881
485.0,-2681.4126,9.472081,-0.2739881
485.02,-2542.0015,26.777308,-0.7536357
485.03998,-2666.9907,5.78671,-0.59375316
485.06,-2594.8816,10.593717,-0.59375316
485.08,-2517.965,19.727032,-0.59375316
485.09998,-2609.3035,11.715352,-0.59375316
485.12,-2657.3762,7.549279,-0.4338706
485.13998,-2681.4126,-5.910339,-0.59375316
485.16,-2700.6418,4.504842,0.045777034
485.18,-2724.6782,-0.9430991,-0.4338706
485.19998,-2590.0742,4.184375,-1.0734009
485.22,-2686.2197,7.549279,-0.114105515
485.24,-2691.0273,8.350447,-0.2739881
485.25998,-2570.8452,4.6650753,-0.59375316
485.28,-2676.6055,6.4276443,-0.2739881
485.3,-2666.9907,4.3446083,-0.59375316
485.31998,-2662.1833,5.6264763,0.20565958
485.34,-2623.7253,5.78671,-0.4338706
485.36,-2676.6055,0.17853576,-0.114105515
485.37997,-2614.1106,7.3890457,-0.4338706
485.4,-2638.147,4.184375,-0.7536357
485.41998,-2666.9907,-3.026135,-0.7536357
485.44,-2609.3035,9.472081,-0.4338706
485.46,-2551.616,7.709513,-0.7536357
485.47998,-2638.147,13.157454,-0.2739881
485.5,-2618.918,11.875586,-0.2739881
485.52,-2604.4963,3.2229733,-0.4338706
485.53998,-2657.3762,8.670914,-0.2739881
485.56,-2546.8088,21.169132,-0.4338706
485.58,-2642.9543,10.914185,-0.114105515
485.59998,-2662.1833,3.7036738,-0.2739881
485.62,-2542.0015,3.7036738,-0.2739881
485.63998,-2633.3398,8.510681,-0.4338706
485.66,-2724.6782,0.6592364,-0.2739881
485.68,-2628.5327,10.914185,0.045777034
485.69998,-2642.9543,-6.711507,-0.114105515
485.72,-2503.5432,25.014738,0.20565958
485.74,-2642.9543,8.510681,-0.114105515
485.75998,-2710.256,22.451,0.36554214
485.78,-2436.2412,15.560958,-0.59375316
485.8,-2681.4126,7.0685787,-0.59375316
485.81998,-2662.1833,4.6650753,-0.4338706
485.84,-2546.8088,12.8369875,-0.2739881
485.86,-2642.9543,8.991381,-0.114105515
485.87997,-2671.798,9.311849,0.045777034
485.9,-2561.2307,6.2674108,-0.7536357
485.91998,-2618.918,12.356286,0.045777034
485.94,-2628.5327,6.908345,-0.114105515
485.96,-2633.3398,7.8697467,-0.2739881
485.97998,-2599.689,18.765629,0.36554214
486.0,-2590.0742,3.2229733,-0.2739881
486.02,-2681.4126,3.8639073,-0.114105515
486.03998,-2710.256,-8.474075,-0.2739881
486.06,-2671.798,7.228812,-0.114105515
486.08,-2715.0637,2.902506,0.20565958
486.09998,-2566.0378,12.035819,0.045777034
486.12,-2618.918,6.1071773,-0.59375316
486.13998,-2647.7617,16.20189,-0.59375316
486.16,-2642.9543,4.825309,-0.7536357
486.18,-2383.3613,13.798388,-0.59375316
486.19998,-2710.256,4.3446083,-0.2739881
486.22,-2628.5327,4.184375,-0.7536357
486.24,-2493.9287,13.317687,-0.114105515
486.25998,-2638.147,2.1013381,-0.4338706
486.28,-2551.616,9.632316,-0.2739881
486.3,-2647.7617,3.2229733,-0.59375316
486.31998,-2561.2307,23.252169,-0.114105515
486.34,-2840.0527,-0.46239844,-0.59375316
486.36,-2671.798,7.3890457,-0.4338706
486.37997,-2599.689,1.3001705,-0.7536357
486.4,-2719.8708,5.3060093,-0.4338706
486.41998,-2570.8452,6.5878778,-0.114105515
486.44,-2652.569,-3.5068357,-0.114105515
486.46,-2710.256,1.4604042,-0.59375316
486.47998,-2662.1833,6.7481112,-0.2739881
486.5,-2638.147,17.483759,-0.2739881
486.52,-2580.46,13.958622,-0.59375316
486.53998,-2623.7253,1.4604042,-0.9135183
486.56,-2628.5327,8.831148,-0.59375316
486.58,-2671.798,5.9469438,-0.4338706
486.59998,-2537.1943,12.196053,-0.4338706
486.62,-2479.5068,20.047497,-0.4338706
486.63998,-2628.5327,13.638155,-0.59375316
486.66,-2556.4236,7.0685787,-0.4338706
486.68,-2719.8708,-3.1863687,-0.2739881
486.69998,-2666.9907,9.632316,-0.114105515
486.72,-2590.0742,7.8697467,-0.2739881
486.74,-2551.616,8.02998,-0.59375316
486.75998,-2556.4236,6.908345,-0.4338706
486.78,-2590.0742,17.00306,0.045777034
486.8,-2652.569,9.472081,-0.114105515
486.81998,-2666.9907,9.472081,0.045777034
486.84,-2566.0378,20.207731,-0.114105515
486.86,-2638.147,5.78671,-0.2739881
486.87997,-2671.798,4.184375,-0.114105515
486.9,-2604.4963,16.682592,-0.59375316
486.91998,-2638.147,2.7422726,-0.2739881
486.94,-2599.689,2.7422726,-0.59375316
486.96,-2585.267,5.6264763,0.045777034
486.97998,-2585.267,5.3060093,-0.59375316
487.0,-2609.3035,0.17853576,-0.2739881
487.02,-2590.0742,8.190214,-0.59375316
487.03998,-2604.4963,12.356286,0.20565958
487.06,-2599.689,12.356286,0.045777034
487.08,-2642.9543,3.5434403,-0.114105515
487.09998,-2666.9907,12.99722,0.36554214
487.12,-2609.3035,7.8697467,0.20565958
487.13998,-2594.8816,-0.62263197,-0.114105515
487.16,-2628.5327,2.4218054,0.20565958
487.18,-2657.3762,5.78671,-0.114105515
487.19998,-2599.689,8.831148,0.045777034
487.22,-2493.9287,17.483759,0.36554214
487.24,-2590.0742,6.908345,-0.2739881
487.25998,-2431.434,12.99722,0.20565958
487.28,-2561.2307,9.792548,0.045777034
487.3,-2594.8816,16.041658,0.045777034
487.31998,-2666.9907,-2.7056682,-0.114105515
487.34,-2623.7253,9.792548,0.5254247
487.36,-2681.4126,17.483759,0.68530726
487.37997,-2460.2778,21.329365,0.68530726
487.4,-2590.0742,22.451,0.8451898
487.41998,-2628.5327,5.78671,0.5254247
487.44,-2340.0957,22.451,0.36554214
487.46,-2609.3035,4.024141,0.20565958
487.47998,-2532.387,10.914185,0.20565958
487.5,-2590.0742,3.0627398,0.20565958
487.52,-2604.4963,11.074417,0.68530726
487.53998,-2527.5796,21.810066,0.36554214
487.56,-2527.5796,11.555119,0.8451898
487.58,-2681.4126,-1.1033326,0.045777034
487.59998,-2652.569,1.6206378,0.20565958
487.62,-2662.1833,-1.2635663,0.20565958
487.63998,-2599.689,12.035819,0.8451898
487.66,-2594.8816,6.2674108,0.68530726
487.68,-2542.0015,12.356286,1.0050724
487.69998,-2604.4963,2.1013381,0.045777034
487.72,-2551.616,9.151615,0.5254247
487.74,-2585.267,4.504842,0.20565958
487.75998,-2590.0742,14.439322,0.68530726
487.78,-2445.856,17.96446,0.68530726
487.8,-2614.1106,13.958622,0.5254247
487.81998,-2633.3398,-4.6284704,0.20565958
487.84,-2570.8452,11.875586,0.045777034
487.86,-2618.918,12.356286,0.5254247
487.87997,-2460.2778,6.908345,0.36554214
487.9,-2700.6418,12.035819,0.68530726
487.91998,-2681.4126,-20.331356,-0.4338706
487.94,-2647.7617,5.9469438,0.045777034
487.96,-2618.918,7.8697467,0.68530726
487.97998,-2570.8452,-3.1863687,0.5254247
488.0,-2542.0015,16.362125,0.5254247
488.02,-2638.147,6.4276443,0.68530726
488.03998,-2546.8088,6.7481112,0.5254247
488.06,-2614.1106,9.792548,0.68530726
488.08,-2609.3035,-3.6670694,0.045777034
488.09998,-2609.3035,4.825309,0.36554214
488.12,-2580.46,10.433483,0.36554214
488.13998,-2498.736,11.715352,-0.2739881
488.16,-2599.689,9.952783,0.8451898
488.18,-2647.7617,-0.14193134,0.68530726
488.19998,-2599.689,16.20189,1.164955
488.22,-2527.5796,12.8369875,0.68530726
488.24,-2556.4236,11.074417,0.68530726
488.25998,-2753.5217,-2.7056682,0.68530726
488.28,-2671.798,7.3890457,1.0050724
488.3,-2623.7253,8.190214,0.36554214
488.31998,-2604.4963,9.472081,0.8451898
488.34,-2590.0742,4.6650753,0.68530726
488.36,-2628.5327,7.0685787,0.68530726
488.37997,-2604.4963,5.3060093,0.68530726
488.4,-2604.4963,12.196053,0.68530726
488.41998,-2580.46,8.670914,0.8451898
488.44,-2623.7253,2.5820389,0.20565958
488.46,-2590.0742,6.5878778,0.045777034
488.47998,-2604.4963,11.234652,0.8451898
488.5,-2590.0742,12.8369875,0.8451898
488.52,-2585.267,8.670914,0.36554214
488.53998,-2542.0015,4.825309,0.20565958
488.56,-2561.2307,8.350447,0.5254247
488.58,-2527.5796,8.670914,0.36554214
488.59998,-2691.0273,-0.9430991,0.20565958
488.62,-2575.6523,9.792548,0.68530726
488.63998,-2700.6418,2.7422726,0.8451898
488.66,-2585.267,6.4276443,0.68530726
488.68,-2546.8088,13.638155,0.68530726
488.69998,-2628.5327,8.831148,0.8451898
488.72,-2532.387,12.51652,0.68530726
488.74,-2508.3506,4.6650753,0.68530726
488.75998,-2623.7253,3.5434403,0.68530726
488.78,-2570.8452,6.2674108,0.5254247
488.8,-2599.689,-2.0647337,0.5254247
488.81998,-2566.0378,10.593717,1.3248374
488.84,-2590.0742,9.952783,0.68530726
488.86,-2508.3506,8.831148,0.8451898
488.87997,-2469.8923,16.52236,1.0050724
488.9,-2695.8345,9.311849,1.3248374
488.91998,-2532.387,9.792548,1.164955
488.94,-2628.5327,4.6650753,1.0050724
488.96,-2527.5796,7.3890457,0.68530726
488.97998,-2614.1106,4.6650753,0.68530726
489.0,-2724.6782,-1.4237996,1.0050724
489.02,-2638.147,-0.46239844,0.8451898
489.03998,-2570.8452,4.9855423,0.68530726
489.06,-2715.0637,-3.1863687,0.68530726
489.08,-2441.0486,23.091934,1.0050724
489.09998,-2657.3762,0.33876932,1.0050724
489.12,-2695.8345,2.1013381,0.8451898
489.13998,-2551.616,5.466243,0.5254247
489.16,-2623.7253,-1.7442669,0.68530726
489.18,-2710.256,0.33876932,1.0050724
489.19998,-2609.3035,10.914185,1.0050724
489.22,-2546.8088,5.145776,0.8451898
489.24,-2652.569,6.2674108,0.68530726
489.25998,-2585.267,9.151615,1.0050724
489.28,-2787.1729,1.139937,1.6446027
489.3,-2570.8452,6.908345,1.164955
489.31998,-2493.9287,11.234652,1.0050724
489.34,-2681.4126,14.599556,1.0050724
489.36,-2493.9287,12.99722,1.3248374
489.37997,-2450.6633,22.290768,1.0050724
489.4,-2618.918,3.7036738,1.0050724
489.41998,-2431.434,11.074417,1.3248374
489.44,-2590.0742,13.958622,1.3248374
489.46,-2590.0742,6.7481112,0.8451898
489.47998,-2628.5327,5.466243,1.164955
489.5,-2666.9907,-0.7828655,1.164955
489.52,-2633.3398,11.394884,0.8451898
489.53998,-2642.9543,6.4276443,1.164955
489.56,-2590.0742,18.605394,1.3248374
489.58,-2599.689,8.350447,1.164955
489.59998,-2594.8816,2.7422726,0.5254247
489.62,-2614.1106,4.504842,0.8451898
489.63998,-2590.0742,11.555119,1.3248374
489.66,-2493.9287,22.130533,1.164955
489.68,-2566.0378,17.323528,1.48472
489.69998,-2662.1833,2.4218054,1.164955
489.72,-2594.8816,6.5878778,1.0050724
489.74,-2666.9907,4.504842,1.0050724
489.75998,-2585.267,5.145776,1.3248374
489.78,-2662.1833,13.798388,1.3248374
489.8,-2575.6523,9.632316,1.0050724
489.81998,-2489.1216,15.400723,1.164955
489.84,-2513.158,17.163294,1.0050724
489.86,-2542.0015,14.439322,1.0050724
489.87997,-2585.267,-6.230806,1.0050724
489.9,-2618.918,10.914185,1.0050724
489.91998,-2686.2197,-3.5068357,1.6446027
489.94,-2700.6418,9.952783,1.48472
489.96,-2609.3035,6.7481112,1.48472
489.97998,-2633.3398,12.676753,1.48472
490.0,-2657.3762,8.02998,1.48472
490.02,-2715.0637,9.472081,1.6446027
490.03998,-2609.3035,20.848665,1.9643677
490.06,-2628.5327,10.113016,1.8044851
490.08,-2585.267,10.113016,1.3248374
490.09998,-2676.6055,-0.30216488,1.164955
490.12,-2609.3035,5.78671,1.48472
490.13998,-2599.689,7.549279,1.3248374
490.16,-2498.736,16.682592,1.3248374
490.18,-2436.2412,16.682592,1.3248374
490.19998,-2609.3035,8.190214,1.48472
490.22,-2484.3142,13.317687,1.3248374
490.24,-2647.7617,4.825309,1.164955
490.25998,-2599.689,4.504842,1.164955
490.28,-2484.3142,13.798388,1.48472
490.3,-2522.7725,2.902506,1.164955
490.31998,-2575.6523,16.842825,1.3248374
490.34,-2590.0742,10.433483,1.48472
490.36,-2503.5432,18.445162,1.48472
490.37997,-2676.6055,-0.46239844,1.0050724
490.4,-2585.267,4.504842,1.164955
490.41998,-2570.8452,-7.0319734,1.3248374
490.44,-2570.8452,10.75395,1.6446027
490.46,-2614.1106,7.0685787,1.8044851
490.47998,-2628.5327,7.0685787,1.3248374
490.5,-2580.46,21.649834,1.9643677
490.52,-2604.4963,11.394884,1.8044851
490.53998,-2734.2925,0.17853576,1.6446027
490.56,-2551.616,17.163294,1.8044851
490.58,-2666.9907,7.0685787,1.6446027
490.59998,-2594.8816,4.504842,2.1242502
490.62,-2609.3035,6.5878778,1.9643677
490.63998,-2585.267,0.17853576,1.48472
490.66,-2561.2307,8.02998,1.8044851
490.68,-2686.2197,-5.1091714,1.3248374
490.69998,-2633.3398,8.510681,1.6446027
490.72,-2633.3398,0.17853576,1.3248374
490.74,-2695.8345,-9.435476,1.164955
490.75998,-2479.5068,12.035819,1.8044851
490.78,-2542.0015,15.72119,1.8044851
490.8,-2566.0378,11.715352,1.8044851
490.81998,-2671.798,11.074417,1.9643677
490.84,-2633.3398,0.9797035,1.3248374
490.86,-2580.46,1.7808713,1.164955
490.87997,-2546.8088,7.3890457,1.8044851
490.9,-2503.5432,8.670914,1.6446027
490.91998,-2556.4236,-1.9045002,1.3248374
490.94,-2662.1833,6.2674108,1.6446027
490.96,-2556.4236,14.599556,1.6446027
490.97998,-2556.4236,13.638155,2.1242502
491.0,-2566.0378,6.2674108,1.6446027
491.02,-2542.0015,7.549279,1.9643677
491.03998,-2796.7874,-11.037811,1.6446027
491.06,-2585.267,7.0685787,1.9643677
491.08,-2599.689,9.952783,1.9643677
491.09998,-2465.0852,10.75395,1.48472
491.12,-2633.3398,3.7036738,1.8044851
491.13998,-2580.46,2.5820389,1.48472
491.16,-2599.689,3.8639073,1.9643677
491.18,-2542.0015,-1.1033326,1.48472
491.19998,-2546.8088,11.555119,2.1242502
491.22,-2590.0742,16.842825,1.6446027
491.24,-2517.965,10.27325,1.9643677
491.25998,-2642.9543,9.311849,1.9643677
491.28,-2479.5068,5.9469438,1.6446027
491.3,-2484.3142,12.51652,1.48472
491.31998,-2618.918,8.190214,1.8044851
491.34,-2527.5796,11.555119,1.48472
491.36,-2503.5432,14.920023,1.9643677
491.37997,-2546.8088,8.831148,1.9643677
491.4,-2633.3398,17.804228,2.284133
491.41998,-2556.4236,7.228812,1.9643677
491.44,-2594.8816,9.311849,2.1242502
491.46,-2566.0378,22.77147,2.284133
491.47998,-2604.4963,9.311849,2.284133
491.5,-2580.46,4.504842,1.8044851
491.52,-2604.4963,2.7422726,1.6446027
491.53998,-2623.7253,4.825309,1.9643677
491.56,-2763.1365,-9.435476,1.9643677
491.58,-2566.0378,3.3832066,1.8044851
491.59998,-2724.6782,-5.7501054,2.1242502
491.62,-2527.5796,7.709513,1.9643677
491.63998,-2628.5327,6.5878778,2.284133
491.66,-2522.7725,9.952783,1.9643677
491.68,-2642.9543,6.7481112,1.6446027
491.69998,-2474.6997,8.670914,1.9643677
491.72,-2566.0378,8.02998,2.1242502
491.74,-2604.4963,0.6592364,1.9643677
491.75998,-2546.8088,0.17853576,2.1242502
491.78,-2585.267,9.792548,1.9643677
491.8,-2551.616,0.81947,1.6446027
491.81998,-2657.3762,11.394884,2.284133
491.84,-2580.46,8.831148,1.8044851
491.86,-2484.3142,19.406563,2.4440153
491.87997,-2590.0742,6.1071773,2.1242502
491.9,-2508.3506,7.549279,1.9643677
491.91998,-2638.147,9.472081,2.284133
491.94,-2647.7617,7.3890457,2.284133
491.96,-2719.8708,9.311849,2.284133
491.97998,-2623.7253,12.196053,2.284133
492.0,-2590.0742,3.7036738,1.9643677
492.02,-2657.3762,7.709513,2.1242502
492.03998,-2489.1216,5.78671,1.9643677
492.06,-2585.267,8.670914,2.1242502
492.08,-2657.3762,-0.30216488,2.284133
492.09998,-2638.147,-8.794542,2.284133
492.12,-2522.7725,0.81947,1.8044851
492.13998,-2426.627,9.311849,2.1242502
492.16,-2537.1943,3.0627398,1.8044851
492.18,-2465.0852,-1.1033326,2.1242502
492.19998,-2599.689,1.6206378,2.1242502
492.22,-2570.8452,6.5878778,2.284133
492.24,-2657.3762,4.3446083,2.1242502
492.25998,-2609.3035,2.4218054,2.1242502
492.28,-2614.1106,5.6264763,2.284133
492.3,-2551.616,3.3832066,2.1242502
492.31998,-2585.267,17.163294,2.284133
492.34,-2575.6523,3.7036738,2.284133
492.36,-2590.0742,12.035819,2.6038978
492.37997,-2373.7468,28.379642,2.284133
492.4,-2657.3762,-1.4237996,1.8044851
492.41998,-2551.616,4.6650753,2.284133
492.44,-2676.6055,-13.281082,1.9643677
492.46,-2633.3398,3.5434403,2.1242502
492.47998,-2489.1216,12.196053,2.284133
492.5,-2513.158,5.78671,1.8044851
492.52,-2517.965,-0.14193134,1.6446027
492.53998,-2580.46,-1.5840333,1.8044851
492.56,-2532.387,6.4276443,2.1242502
492.58,-2522.7725,10.75395,2.1242502
492.59998,-2551.616,1.3001705,1.9643677
492.62,-2566.0378,10.433483,2.284133
492.63998,-2542.0015,15.24049,2.1242502
492.66,-2570.8452,2.5820389,1.9643677
492.68,-2532.387,5.3060093,1.9643677
492.69998,-2575.6523,2.5820389,2.1242502
492.72,-2513.158,11.074417,2.284133
492.74,-2517.965,13.958622,2.1242502
492.75998,-2508.3506,14.1188545,2.4440153
492.78,-2570.8452,13.317687,2.6038978
492.8,-2551.616,11.715352,1.9643677
492.81998,-2580.46,8.350447,1.9643677
492.84,-2575.6523,3.0627398,2.284133
492.86,-2628.5327,-8.794542,1.6446027
492.87997,-2570.8452,0.9797035,2.284133
492.9,-2561.2307,6.4276443,2.284133
492.91998,-2575.6523,8.831148,2.1242502
492.94,-2493.9287,7.709513,2.284133
492.96,-2316.0593,33.827583,2.1242502
492.97998,-2441.0486,15.72119,2.284133
493.0,-2585.267,5.9469438,2.1242502
493.02,-2604.4963,13.798388,2.4440153
493.03998,-2633.3398,5.466243,2.284133
493.06,-2455.4705,11.074417,2.284133
493.08,-2590.0742,8.350447,2.1242502
493.09998,-2594.8816,6.4276443,2.1242502
493.12,-2580.46,6.2674108,2.1242502
493.13998,-2614.1106,2.1013381,1.9643677
493.16,-2556.4236,10.113016,2.284133
493.18,-2527.5796,4.9855423,2.284133
493.19998,-2474.6997,17.804228,2.284133
493.22,-2633.3398,1.9411048,1.9643677
493.24,-2392.9758,4.504842,1.9643677
493.25998,-2604.4963,7.0685787,2.1242502
493.28,-2566.0378,13.317687,2.4440153
493.3,-2666.9907,6.1071773,2.4440153
493.31998,-2527.5796,5.9469438,2.1242502
493.34,-2729.4854,-6.711507,2.284133
493.36,-2551.616,1.3001705,2.284133
493.37997,-2373.7468,21.0089,1.8044851
493.4,-2417.0122,7.8697467,2.1242502
493.41998,-2493.9287,9.632316,2.1242502
493.44,-2532.387,5.6264763,2.1242502
493.46,-2580.46,8.02998,2.284133
493.47998,-2537.1943,7.3890457,1.8044851
493.5,-2527.5796,4.6650753,1.9643677
493.52,-2542.0015,0.81947,2.1242502
493.53998,-2590.0742,9.311849,2.284133
493.56,-2647.7617,6.1071773,1.9643677
493.58,-2618.918,5.466243,1.9643677
493.59998,-2772.751,0.81947,2.1242502
493.62,-2609.3035,0.9797035,2.4440153
493.63998,-2474.6997,19.086096,2.4440153
493.66,-2570.8452,16.041658,2.4440153
493.68,-2546.8088,7.8697467,2.1242502
493.69998,-2623.7253,10.914185,2.6038978
493.72,-2542.0015,2.5820389,2.6038978
493.74,-2542.0015,6.4276443,2.4440153
493.75998,-2556.4236,3.2229733,2.284133
493.78,-2532.387,15.080256,2.1242502
493.8,-2594.8816,3.2229733,2.284133
493.81998,-2513.158,0.81947,2.1242502
493.84,-2551.616,1.9411048,1.9643677
493.86,-2542.0015,10.914185,2.6038978
493.87997,-2493.9287,4.825309,2.1242502
493.9,-2642.9543,7.549279,2.4440153
493.91998,-2489.1216,20.207731,2.6038978
493.94,-2407.3977,22.451,2.4440153
493.96,-2517.965,8.510681,2.6038978
493.97998,-2566.0378,4.825309,2.6038978
494.0,-2652.569,-7.5126743,2.1242502
494.02,-2537.1943,3.8639073,2.4440153
494.03998,-2542.0015,10.593717,2.4440153
494.06,-2628.5327,-19.690422,1.9643677
494.08,-2498.736,6.5878778,2.4440153
494.09998,-2585.267,10.914185,3.0835457
494.12,-2465.0852,12.035819,2.4440153
494.13998,-2566.0378,-1.7442669,2.284133
494.16,-2517.965,3.8639073,2.284133
494.18,-2546.8088,3.5434403,2.284133
494.19998,-2513.158,9.311849,2.6038978
494.22,-2671.798,0.49900287,2.4440153
494.24,-2484.3142,6.7481112,2.4440153
494.25998,-2585.267,-1.5840333,2.4440153
494.28,-2537.1943,3.8639073,2.284133
494.3,-2604.4963,-2.0647337,2.4440153
494.31998,-2585.267,5.9469438,2.284133
494.34,-2484.3142,-3.026135,1.9643677
494.36,-2561.2307,3.0627398,2.6038978
494.37997,-2445.856,3.0627398,2.284133
494.4,-2633.3398,-3.9875362,2.6038978
494.41998,-2575.6523,8.670914,2.4440153
494.44,-2522.7725,7.709513,2.6038978
494.46,-2575.6523,13.157454,2.6038978
494.47998,-2522.7725,7.0685787,2.7637806
494.5,-2460.2778,1.7808713,2.4440153
494.52,-2508.3506,23.412403,2.7637806
494.53998,-2623.7253,3.7036738,2.284133
494.56,-2604.4963,8.991381,2.923663
494.58,-2542.0015,9.792548,2.4440153
494.59998,-2570.8452,8.510681,1.9643677
494.62,-2522.7725,7.3890457,2.4440153
494.63998,-2508.3506,7.3890457,2.7637806
494.66,-2671.798,1.139937,2.6038978
494.68,-2633.3398,2.902506,2.284133
494.69998,-2585.267,7.3890457,2.6038978
494.72,-2522.7725,12.035819,2.923663
494.74,-2532.387,0.49900287,2.7637806
494.75998,-2628.5327,1.7808713,2.6038978
494.78,-2522.7725,3.8639073,2.7637806
494.8,-2652.569,1.6206378,2.4440153
494.81998,-2561.2307,6.4276443,2.6038978
494.84,-2633.3398,8.190214,3.4033108
494.86,-2503.5432,3.2229733,2.923663
494.87997,-2561.2307,7.3890457,2.7637806
494.9,-2609.3035,-3.9875362,2.6038978
494.91998,-2513.158,10.75395,2.7637806
494.94,-2407.3977,7.228812,2.7637806
494.96,-2594.8816,4.504842,3.2434282
494.97998,-2479.5068,12.196053,2.7637806
495.0,-2522.7725,1.139937,2.4440153
495.02,-2561.2307,3.7036738,2.7637806
495.03998,-2604.4963,-4.468237,2.923663
495.06,-2498.736,17.323528,3.0835457
495.08,-2570.8452,6.2674108,2.923663
495.09998,-2508.3506,11.394884,3.2434282
495.12,-2513.158,8.670914,3.2434282
495.13998,-2542.0015,4.3446083,2.4440153
495.16,-2566.0378,2.4218054,3.0835457
495.18,-2301.6375,26.777308,2.7637806
495.19998,-2527.5796,7.709513,3.0835457
495.22,-2585.267,2.902506,3.0835457
495.24,-2623.7253,-1.2635663,2.923663
495.25998,-2599.689,3.7036738,2.6038978
495.28,-2508.3506,6.2674108,3.0835457
495.3,-2465.0852,15.560958,3.0835457
495.31998,-2570.8452,-0.14193134,3.0835457
495.34,-2474.6997,11.555119,3.0835457
495.36,-2527.5796,-0.7828655,2.4440153
495.37997,-2460.2778,4.825309,2.7637806
495.4,-2662.1833,11.875586,3.2434282
495.41998,-2551.616,-1.7442669,2.7637806
495.44,-2561.2307,8.350447,3.0835457
495.46,-2575.6523,4.024141,2.7637806
495.47998,-2479.5068,11.074417,3.4033108
495.5,-2570.8452,-1.5840333,2.7637806
495.52,-2508.3506,4.6650753,2.7637806
495.53998,-2676.6055,8.991381,3.2434282
495.56,-2570.8452,10.27325,3.0835457
495.58,-2537.1943,18.124695,3.2434282
495.59998,-2513.158,9.792548,3.0835457
495.62,-2590.0742,6.2674108,3.2434282
495.63998,-2412.2048,24.854506,3.2434282
495.66,-2580.46,5.6264763,3.2434282
495.68,-2503.5432,9.472081,3.5631933
495.69998,-2455.4705,-1.7442669,3.0835457
495.72,-2532.387,5.6264763,3.0835457
495.74,-2739.1,-11.358279,2.6038978
495.75998,-2460.2778,15.72119,3.2434282
495.78,-2542.0015,0.49900287,3.0835457
495.8,-2527.5796,7.549279,2.923663
495.81998,-2397.7832,16.041658,3.5631933
495.84,-2566.0378,7.0685787,3.2434282
495.86,-2513.158,7.228812,3.2434282
495.87997,-2450.6633,12.99722,3.0835457
495.9,-2455.4705,6.1071773,3.0835457
495.91998,-2580.46,1.4604042,3.5631933
495.94,-2671.798,-4.948938,3.2434282
495.96,-2455.4705,2.5820389,2.923663
495.97998,-2580.46,4.6650753,3.2434282
496.0,-2498.736,12.99722,3.4033108
496.02,-2359.325,4.184375,3.2434282
496.03998,-2642.9543,9.472081,3.8829584
496.06,-2479.5068,12.356286,3.4033108
496.08,-2662.1833,8.510681,3.8829584
496.09998,-2542.0015,-4.14777,3.0835457
496.12,-2590.0742,4.184375,3.5631933
496.13998,-2388.1685,8.02998,3.5631933
496.16,-2542.0015,11.074417,3.8829584
496.18,-2465.0852,-0.30216488,3.4033108
496.19998,-2436.2412,3.7036738,3.4033108
496.22,-2484.3142,11.394884,3.5631933
496.24,-2498.736,6.7481112,3.7230759
496.25998,-2436.2412,8.510681,3.4033108
496.28,-2599.689,4.184375,1.8044851
496.3,-2546.8088,2.1013381,1.8044851
496.31998,-2542.0015,10.433483,2.1242502
496.34,-2551.616,0.17853576,3.4033108
496.36,-2469.8923,7.3890457,4.8422537
496.37997,-2517.965,-0.14193134,5.9614315
496.4,-2460.2778,8.190214,6.600962
496.41998,-2527.5796,5.9469438,5.9614315
496.44,-2546.8088,4.825309,4.5224886
496.46,-2546.8088,4.184375,3.0835457
496.47998,-2566.0378,1.6206378,1.48472
496.5,-2575.6523,11.074417,1.3248374
496.52,-2537.1943,-5.1091714,2.284133
496.53998,-2493.9287,10.593717,3.2434282
496.56,-2460.2778,2.7422726,4.5224886
496.58,-2609.3035,-0.62263197,5.641667
496.59998,-2388.1685,9.311849,5.641667
496.62,-2575.6523,10.914185,5.9614315
496.63998,-2638.147,12.196053,4.6823716
496.66,-2417.0122,9.311849,2.923663
496.68,-2532.387,7.549279,2.923663
496.69998,-2498.736,4.6650753,2.6038978
496.72,-2522.7725,6.5878778,3.4033108
496.74,-2412.2048,6.2674108,3.5631933
496.75998,-2469.8923,10.113016,3.4033108
496.78,-2513.158,7.8697467,4.362606
496.8,-2570.8452,11.074417,4.362606
496.81998,-2484.3142,2.5820389,4.042841
496.84,-2551.616,10.593717,4.2027235
496.86,-2508.3506,7.228812,3.4033108
496.87997,-2445.856,17.96446,4.042841
496.9,-2460.2778,10.914185,3.8829584
496.91998,-2570.8452,-1.7442669,3.5631933
496.94,-2532.387,-1.5840333,3.5631933
496.96,-2455.4705,5.3060093,3.4033108
496.97998,-2561.2307,12.8369875,3.4033108
497.0,-2479.5068,15.080256,3.5631933
497.02,-2542.0015,5.3060093,3.4033108
497.03998,-2575.6523,6.4276443,3.7230759
497.06,-2441.0486,7.549279,3.7230759
497.08,-2585.267,8.02998,3.8829584
497.09998,-2556.4236,4.184375,3.5631933
497.12,-2623.7253,0.17853576,3.8829584
497.13998,-2561.2307,4.6650753,3.5631933
497.16,-2604.4963,-15.684585,3.0835457
497.18,-2474.6997,12.51652,3.5631933
497.19998,-2508.3506,-3.5068357,3.5631933
497.22,-2599.689,7.0685787,3.5631933
497.24,-2657.3762,4.6650753,3.5631933
497.25998,-2493.9287,6.2674108,3.7230759
497.28,-2546.8088,6.2674108,3.5631933
497.3,-2546.8088,8.02998,3.5631933
497.31998,-2623.7253,5.9469438,3.5631933
497.34,-2671.798,-1.1033326,3.4033108
497.36,-2426.627,16.842825,3.7230759
497.37997,-2503.5432,10.113016,3.4033108
497.4,-2445.856,8.02998,3.0835457
497.41998,-2609.3035,3.2229733,3.5631933
497.44,-2561.2307,1.9411048,3.2434282
497.46,-2532.387,13.157454,4.042841
497.47998,-2542.0015,4.3446083,3.5631933
497.5,-2551.616,12.356286,3.4033108
497.52,-2532.387,4.9855423,2.923663
497.53998,-2623.7253,-5.910339,3.2434282
497.56,-2484.3142,4.184375,3.2434282
497.58,-2508.3506,-5.429638,2.7637806
497.59998,-2527.5796,4.184375,3.0835457
497.62,-2517.965,7.8697467,3.2434282
497.63998,-2695.8345,-16.165285,3.2434282
497.66,-2609.3035,3.8639073,3.2434282
497.68,-2527.5796,15.400723,3.5631933
497.69998,-2508.3506,10.433483,3.2434282
497.72,-2633.3398,-5.7501054,2.7637806
497.74,-2426.627,8.831148,2.923663
497.75998,-2585.267,-0.9430991,3.2434282
497.78,-2479.5068,9.632316,3.7230759
497.8,-2561.2307,-2.2249672,3.5631933
497.81998,-2618.918,1.9411048,3.2434282
497.84,-2647.7617,-20.49159,3.4033108
497.86,-2493.9287,6.908345,3.2434282
497.87997,-2628.5327,5.78671,3.4033108
497.9,-2614.1106,-7.192207,2.7637806
497.91998,-2556.4236,19.086096,3.7230759
497.94,-2566.0378,-0.46239844,3.2434282
497.96,-2503.5432,7.709513,3.4033108
497.97998,-2590.0742,-12.31968,3.2434282
498.0,-2542.0015,7.3890457,3.0835457
498.02,-2551.616,0.33876932,3.2434282
498.03998,-2561.2307,1.6206378,3.2434282
498.06,-2556.4236,0.018302217,3.0835457
498.08,-2484.3142,-1.1033326,3.0835457
498.09998,-2460.2778,9.952783,2.923663
498.12,-2474.6997,-0.46239844,2.6038978
498.13998,-2546.8088,5.78671,3.2434282
498.16,-2662.1833,5.9469438,3.7230759
498.18,-2570.8452,7.228812,3.4033108
498.19998,-2532.387,9.632316,3.4033108
498.22,-2412.2048,9.952783,3.5631933
498.24,-2566.0378,-0.9430991,3.5631933
498.25998,-2441.0486,6.908345,3.4033108
498.28,-2517.965,2.1013381,3.0835457
498.3,-2585.267,0.6592364,3.2434282
498.31998,-2585.267,2.1013381,3.4033108
498.34,-2599.689,1.7808713,3.5631933
498.36,-2287.2158,6.4276443,3.2434282
498.37997,-2585.267,-0.7828655,2.923663
498.4,-2441.0486,14.599556,3.2434282
498.41998,-2551.616,4.3446083,3.4033108
498.44,-2623.7253,-0.7828655,3.2434282
498.46,-2469.8923,20.848665,3.7230759
498.47998,-2537.1943,1.4604042,3.4033108
498.5,-2542.0015,10.593717,3.8829584
498.52,-2489.1216,16.362125,3.7230759
498.53998,-2537.1943,-3.6670694,3.0835457
498.56,-2662.1833,-2.5454345,3.7230759
498.58,-2465.0852,4.504842,3.5631933
498.59998,-2570.8452,-0.62263197,3.8829584
498.62,-2666.9907,-8.474075,3.5631933
498.63998,-2585.267,6.5878778,3.7230759
498.66,-2489.1216,5.145776,3.4033108
498.68,-2479.5068,5.9469438,3.4033108
498.69998,-2479.5068,6.2674108,3.5631933
498.72,-2359.325,26.136374,3.5631933
498.74,-2474.6997,-0.30216488,3.4033108
498.75998,-2532.387,7.8697467,3.4033108
498.78,-2426.627,-2.8659017,3.8829584
498.8,-2489.1216,5.466243,2.923663
498.81998,-2503.5432,-5.1091714,2.7637806
498.84,-2450.6633,7.0685787,2.923663
498.86,-2392.9758,34.148052,3.5631933
498.87997,-2618.918,-9.755944,3.2434282
498.9,-2532.387,-1.5840333,3.0835457
498.91998,-2604.4963,1.6206378,2.7637806
498.94,-2412.2048,8.190214,3.2434282
498.96,-2493.9287,5.6264763,3.4033108
498.97998,-2585.267,6.2674108,3.7230759
499.0,-2537.1943,1.6206378,3.2434282
499.02,-2465.0852,3.7036738,2.923663
499.03998,-2383.3613,9.952783,3.2434282
499.06,-2532.387,6.7481112,3.5631933
499.08,-2373.7468,13.798388,3.2434282
499.09998,-2503.5432,12.8369875,3.7230759
499.12,-2542.0015,6.2674108,3.4033108
499.13998,-2532.387,-5.2694044,2.923663
499.16,-2479.5068,12.356286,3.5631933
499.18,-2469.8923,9.952783,3.7230759
499.19998,-2609.3035,6.7481112,3.4033108
499.22,-2570.8452,4.184375,2.923663
499.24,-2441.0486,4.024141,3.0835457
499.25998,-2542.0015,13.477921,3.5631933
499.28,-2460.2778,12.51652,3.5631933
499.3,-2522.7725,12.196053,2.923663
499.31998,-2465.0852,7.709513,3.5631933
499.34,-2465.0852,2.7422726,2.7637806
499.36,-2465.0852,12.8369875,3.4033108
499.37997,-2484.3142,5.6264763,3.2434282
499.4,-2489.1216,4.6650753,3.2434282
499.41998,-2609.3035,-4.7887044,3.0835457
499.44,-2513.158,0.81947,3.2434282
499.46,-2493.9287,10.593717,3.7230759
499.47998,-2340.0957,20.047497,3.2434282
499.5,-2445.856,9.151615,3.4033108
499.52,-2508.3506,5.3060093,3.5631933
499.53998,-2503.5432,10.75395,3.7230759
499.56,-2431.434,10.75395,3.4033108
499.58,-2551.616,3.0627398,3.5631933
499.59998,-2642.9543,1.3001705,3.7230759
499.62,-2474.6997,9.632316,3.5631933
499.63998,-2431.434,17.163294,3.2434282
499.66,-2551.616,0.6592364,3.4033108
499.68,-2590.0742,-6.5512733,2.7637806
499.69998,-2580.46,-2.2249672,3.0835457
499.72,-2527.5796,-1.9045002,2.7637806
499.74,-2623.7253,1.3001705,3.5631933
499.75998,-2585.267,-3.5068357,3.0835457
499.78,-2561.2307,6.908345,3.2434282
499.8,-2282.4084,33.026417,3.4033108
499.81998,-2517.965,5.3060093,3.5631933
499.84,-2590.0742,-1.4237996,3.5631933
499.86,-2561.2307,-10.717345,2.923663
499.87997,-2498.736,14.920023,3.7230759
499.9,-2498.736,3.5434403,3.2434282
499.91998,-2527.5796,1.139937,2.7637806
499.94,-2522.7725,-1.5840333,2.7637806
499.96,-2474.6997,8.350447,3.4033108
499.97998,-2657.3762,4.6650753,3.2434282
