TIME,IP1,IV1,IV2
0.0,5.857053,12.51652,0.045777034
0.02,10.664334,31.424084,-0.114105515
0.04,25.08618,-15.684585,0.36554214
0.06,-3.7575107,-6.0705724,0.36554214
0.08,1.049771,-7.192207,0.045777034
0.099999994,-3.7575107,-4.14777,0.045777034
0.12,1.049771,-0.7828655,0.045777034
0.14,-18.179356,-23.375792,-0.114105515
0.16,15.471616,-18.248322,0.5254247
0.17999999,20.278896,-30.5863,0.8451898
0.19999999,-8.564792,5.78671,0.20565958
0.22,29.893461,-9.275244,0.045777034
0.24,5.857053,-42.603813,-0.2739881
0.26,25.08618,9.632316,0.36554214
0.28,20.278896,20.207731,0.5254247
0.29999998,97.195404,-4.14777,0.5254247
0.32,10.664334,-1.4237996,0.8451898
0.34,-18.179356,-40.52078,0.20565958
0.35999998,-32.6012,17.163294,0.5254247
0.38,-13.372073,-0.9430991,0.68530726
0.39999998,-3.7575107,-29.1442,0.68530726
0.42,10.664334,-10.236644,0.045777034
0.44,5.857053,-13.120848,-0.2739881
0.45999998,29.893461,6.908345,0.20565958
0.48,10.664334,19.086096,-0.114105515
0.5,87.58084,28.860344,-0.114105515
0.52,44.315308,-33.310272,0.20565958
0.53999996,5.857053,-22.895092,0.8451898
0.56,-3.7575107,-5.429638,0.8451898
0.58,10.664334,2.5820389,0.36554214
0.59999996,-8.564792,9.311849,-0.2739881
0.62,44.315308,24.854506,-0.2739881
0.64,-22.986637,-7.0319734,0.045777034
0.65999997,1.049771,2.1013381,0.20565958
0.68,15.471616,-32.82957,-0.114105515
0.7,5.857053,-13.441315,-0.114105515
0.71999997,63.54443,-3.026135,0.36554214
0.74,20.278896,18.284927,0.045777034
0.76,25.08618,-10.717345,0.20565958
0.78,1.049771,-17.286919,0.68530726
0.79999995,-42.215763,-6.0705724,0.5254247
0.82,10.664334,1.139937,-0.114105515
0.84,-51.830326,-8.634309,0.20565958
0.85999995,-27.793919,36.391323,0.045777034
0.88,-13.372073,5.3060093,0.045777034
0.9,1.049771,-55.422493,0.20565958
0.91999996,-8.564792,4.184375,0.20565958
0.94,92.38812,6.1071773,0.045777034
0.96,-47.023045,62.82987,0.68530726
0.97999996,5.857053,8.350447,0.045777034
1.0,-3.7575107,-2.0647337,0.20565958
1.02,-8.564792,-8.313842,-0.114105515
1.04,44.315308,-24.657661,0.20565958
1.06,-13.372073,-1.9045002,0.68530726
1.0799999,10.664334,11.234652,0.20565958
1.1,-56.637608,37.51296,0.20565958
1.12,20.278896,35.75039,0.68530726
1.14,20.278896,-9.916177,0.20565958
1.16,-13.372073,-19.690422,-0.114105515
1.18,-8.564792,-78.175644,-0.114105515
1.1999999,25.08618,-4.948938,0.20565958
1.22,10.664334,-4.468237,-0.114105515
1.24,121.23181,13.477921,-0.59375316
1.26,-18.179356,-9.435476,0.36554214
1.28,-13.372073,-13.441315,0.5254247
1.3,5.857053,-32.669334,0.20565958
1.3199999,1.049771,-14.562949,-0.114105515
1.3399999,20.278896,2.902506,-0.114105515
1.36,-27.793919,18.445162,0.045777034
1.38,29.893461,-23.856495,0.045777034
1.4,20.278896,0.018302217,0.045777034
1.42,10.664334,24.213572,-0.2739881
1.4399999,29.893461,10.75395,0.045777034
1.4599999,-3.7575107,30.302446,0.5254247
1.48,20.278896,23.412403,-0.114105515
1.5,-8.564792,4.184375,0.36554214
1.52,5.857053,-23.536026,0.20565958
1.54,-22.986637,25.174973,0.045777034
1.56,-8.564792,12.676753,0.045777034
1.5799999,-8.564792,23.412403,0.045777034
1.5999999,5.857053,56.58076,0.045777034
1.62,10.664334,-13.441315,0.20565958
1.64,49.122585,-30.426067,0.20565958
1.66,34.700745,1.9411048,0.045777034
1.68,15.471616,-22.414392,-0.114105515
1.6999999,-8.564792,6.7481112,-0.114105515
1.7199999,-8.564792,-22.414392,0.20565958
1.74,-13.372073,10.75395,-0.114105515
1.76,20.278896,-57.825993,-0.114105515
1.78,1.049771,7.228812,0.20565958
1.8,-37.40848,2.261572,0.045777034
1.8199999,-32.6012,-24.016727,0.045777034
1.8399999,39.508022,-5.429638,-0.4338706
1.86,1.049771,-21.613226,-0.4338706
1.88,-3.7575107,-11.037811,0.36554214
1.9,-8.564792,29.501278,0.36554214
1.92,-32.6012,2.261572,0.36554214
1.9399999,-32.6012,9.792548,0.20565958
1.9599999,-3.7575107,8.190214,0.36554214
1.9799999,29.893461,0.49900287,-0.114105515
2.0,-32.6012,66.675476,0.68530726
2.02,-37.40848,0.81947,0.045777034
2.04,-27.793919,38.314125,-0.114105515
2.06,-32.6012,45.845108,0.36554214
2.08,15.471616,15.24049,-0.2739881
2.1,-13.372073,52.254448,0.8451898
2.12,-66.25217,-5.910339,-0.4338706
2.1399999,-8.564792,20.528198,-0.114105515
2.1599998,-13.372073,0.33876932,0.045777034
2.18,58.737152,16.041658,-0.4338706
2.2,25.08618,21.9703,-0.2739881
2.22,5.857053,29.98198,0.36554214
2.24,-47.023045,28.700111,0.5254247
2.26,15.471616,4.6650753,-0.59375316
2.28,68.35171,-12.640147,-0.7536357
2.3,29.893461,-3.026135,-0.114105515
2.32,15.471616,-3.026135,-0.114105515
2.34,-3.7575107,14.920023,-0.2739881
2.36,-22.986637,-3.6670694,0.045777034
2.3799999,-18.179356,-0.7828655,-0.114105515
2.3999999,-8.564792,0.17853576,-0.2739881
2.4199998,20.278896,0.17853576,-0.59375316
2.44,15.471616,25.014738,-0.4338706
2.46,-18.179356,4.024141,-0.114105515
2.48,-56.637608,0.9797035,0.045777034
2.5,-13.372073,20.367966,-0.114105515
2.52,1.049771,12.196053,-0.59375316
2.54,-47.023045,6.5878778,-0.59375316
2.56,-8.564792,-8.474075,-0.2739881
2.58,20.278896,7.228812,0.045777034
2.6,-27.793919,32.70595,-0.4338706
2.62,39.508022,-12.159447,-0.7536357
2.6399999,-13.372073,30.302446,-0.2739881
2.6599998,1.049771,-2.0647337,0.5254247
2.6799998,-8.564792,-17.447153,-0.7536357
2.7,5.857053,-8.474075,-0.7536357
2.72,-8.564792,-9.275244,0.045777034
2.74,-22.986637,-29.945368,-0.4338706
2.76,-22.986637,16.20189,0.045777034
2.78,29.893461,-36.194473,-0.114105515
2.8,20.278896,-20.171124,-0.4338706
2.82,5.857053,-4.3080034,-0.2739881
2.84,-32.6012,22.77147,-0.4338706
2.86,1.049771,2.261572,-0.59375316
2.8799999,-18.179356,2.7422726,-0.2739881
2.8999999,-18.179356,-26.259996,-0.114105515
2.9199998,10.664334,24.854506,-0.114105515
2.9399998,10.664334,50.01118,-0.114105515
2.96,-18.179356,20.528198,0.36554214
2.98,-61.44489,-15.203884,-0.114105515
3.0,-27.793919,3.3832066,-0.2739881
3.02,-13.372073,4.6650753,-0.2739881
3.04,-13.372073,26.136374,0.20565958
3.06,10.664334,38.153893,0.36554214
3.08,5.857053,8.190214,0.045777034
3.1,15.471616,6.1071773,-0.2739881
3.12,-8.564792,11.715352,-0.2739881
3.1399999,-22.986637,10.113016,0.045777034
3.1599998,-3.7575107,-29.624899,-0.2739881
3.1799998,-22.986637,-0.62263197,-1.0734009
3.1999998,-27.793919,0.6592364,-0.4338706
3.22,1.049771,55.77959,-0.2739881
3.24,-3.7575107,12.035819,-0.114105515
3.26,-8.564792,-7.0319734,-0.2739881
3.28,25.08618,-12.640147,-0.7536357
3.3,5.857053,-19.690422,-0.7536357
3.32,-8.564792,-1.2635663,0.045777034
3.34,-56.637608,-8.794542,0.045777034
3.36,-3.7575107,6.1071773,-0.4338706
3.3799999,-3.7575107,-7.5126743,-0.59375316
3.3999999,25.08618,-12.960614,-0.7536357
3.4199998,-61.44489,30.94338,0.045777034
3.4399998,-22.986637,-16.485752,0.5254247
3.46,-18.179356,-24.17696,-0.114105515
3.48,-56.637608,-31.227234,0.045777034
3.5,5.857053,7.228812,-0.114105515
3.52,-37.40848,-2.2249672,-0.4338706
3.54,-22.986637,31.744547,-0.2739881
3.56,-32.6012,8.510681,-0.7536357
3.58,5.857053,8.510681,-0.4338706
3.6,5.857053,-5.589872,-0.2739881
3.62,5.857053,23.572638,-0.114105515
3.6399999,39.508022,33.66735,0.20565958
3.6599998,-3.7575107,4.9855423,-0.2739881
3.6799998,-32.6012,-17.927853,0.5254247
3.6999998,15.471616,21.169132,0.045777034
3.72,-22.986637,7.3890457,-0.114105515
3.74,39.508022,-15.04365,0.045777034
3.76,-3.7575107,-1.4237996,-0.114105515
3.78,-37.40848,6.2674108,-0.4338706
3.8,-27.793919,12.035819,-0.4338706
3.82,-13.372073,2.261572,-0.59375316
3.84,-18.179356,-54.94179,-0.7536357
3.86,-3.7575107,-15.684585,-0.2739881
3.8799999,-42.215763,-23.856495,-0.4338706
3.8999999,10.664334,5.78671,0.20565958
3.9199998,-47.023045,-27.38163,0.045777034
3.9399998,-18.179356,-29.624899,-0.2739881
3.9599998,-22.986637,25.335205,-0.2739881
3.98,-32.6012,-2.7056682,-0.59375316
4.0,-13.372073,4.6650753,-0.2739881
4.02,-3.7575107,21.649834,0.045777034
4.04,-47.023045,7.8697467,-0.114105515
4.06,-80.67402,-23.375792,-0.2739881
4.08,-42.215763,2.5820389,-0.114105515
4.1,-8.564792,5.9469438,-0.114105515
4.12,-8.564792,-21.292757,-0.59375316
4.14,-56.637608,7.3890457,0.045777034
4.16,-18.179356,-7.0319734,-0.114105515
4.18,-8.564792,-18.729021,-0.4338706
4.2,-32.6012,17.96446,-0.4338706
4.22,-3.7575107,4.184375,-0.7536357
4.24,34.700745,4.9855423,-0.7536357
4.2599998,1.049771,-14.723184,-0.4338706
4.2799997,-37.40848,32.866184,0.20565958
4.2999997,-13.372073,5.145776,0.20565958
4.3199997,-66.25217,-41.00148,-0.114105515
4.3399997,5.857053,15.080256,0.045777034
4.36,10.664334,16.362125,-0.59375316
4.38,-32.6012,0.6592364,-0.4338706
4.4,-18.179356,-13.441315,-0.59375316
4.42,-3.7575107,-19.850657,-0.2739881
4.44,-13.372073,-14.402717,0.20565958
4.46,29.893461,31.904783,0.045777034
4.48,-22.986637,0.49900287,-0.2739881
4.5,-3.7575107,11.074417,-0.114105515
4.52,-27.793919,5.3060093,-0.114105515
4.54,44.315308,8.510681,0.045777034
4.56,-22.986637,-17.447153,-0.59375316
4.58,-3.7575107,-21.292757,-0.4338706
4.6,-8.564792,45.845108,0.045777034
4.62,5.857053,-17.607388,-0.114105515
4.64,1.049771,-22.73486,-0.114105515
4.66,-18.179356,0.17853576,-0.4338706
4.68,-47.023045,11.074417,-0.2739881
4.7,-22.986637,14.920023,0.20565958
4.72,-8.564792,-3.827303,0.045777034
4.74,-37.40848,-59.909027,0.045777034
4.7599998,15.471616,-12.640147,-0.4338706
4.7799997,-13.372073,39.595997,-0.114105515
4.7999997,-27.793919,3.5434403,0.045777034
4.8199997,-18.179356,-6.5512733,-0.4338706
4.8399997,-22.986637,-3.6670694,-0.4338706
4.8599997,1.049771,-6.5512733,-0.59375316
4.88,25.08618,-4.3080034,0.20565958
4.9,-32.6012,6.2674108,0.8451898
4.92,-3.7575107,-24.817896,-0.114105515
4.94,15.471616,26.45684,0.5254247
4.96,-3.7575107,16.842825,-0.2739881
4.98,1.049771,-14.723184,-0.114105515
5.0,5.857053,-5.2694044,0.045777034
5.02,5.857053,12.99722,-0.114105515
5.04,29.893461,-20.01089,-0.2739881
5.06,-13.372073,-12.960614,-0.114105515
5.08,5.857053,-21.292757,-0.2739881
5.1,-8.564792,-14.562949,0.20565958
5.12,-13.372073,-26.90093,0.36554214
5.14,-22.986637,-17.607388,0.20565958
5.16,10.664334,4.9855423,0.20565958
5.18,34.700745,8.831148,0.5254247
5.2,-75.86674,-2.7056682,0.20565958
5.22,5.857053,10.914185,0.20565958
5.24,5.857053,4.825309,0.045777034
5.2599998,29.893461,20.848665,0.68530726
5.2799997,5.857053,-3.6670694,0.36554214
5.2999997,1.049771,1.139937,0.68530726
5.3199997,1.049771,11.394884,0.20565958
5.3399997,1.049771,7.3890457,0.36554214
5.3599997,102.002686,-38.597977,0.20565958
5.38,-13.372073,6.1071773,0.045777034
5.4,-13.372073,-6.711507,0.36554214
5.42,-32.6012,8.350447,0.20565958
5.44,10.664334,-7.993375,0.36554214
5.46,44.315308,9.952783,-0.2739881
5.48,15.471616,-18.248322,0.20565958
5.5,-8.564792,4.3446083,0.20565958
5.52,5.857053,9.472081,-0.4338706
5.54,1.049771,-3.827303,0.20565958
5.56,53.92987,-7.0319734,-0.2739881
5.58,29.893461,-11.999213,-0.4338706
5.6,5.857053,-5.2694044,0.36554214
5.62,44.315308,14.920023,0.045777034
5.64,-22.986637,27.898943,0.68530726
5.66,29.893461,4.6650753,0.36554214
5.68,1.049771,15.72119,0.36554214
5.7,1.049771,-21.452991,0.045777034
5.72,44.315308,3.0627398,-0.4338706
5.74,-3.7575107,-11.678746,-0.4338706
5.7599998,29.893461,-10.236644,0.045777034
5.7799997,-18.179356,17.483759,0.5254247
5.7999997,29.893461,-9.59571,0.36554214
5.8199997,20.278896,-2.2249672,0.68530726
5.8399997,-27.793919,-29.785133,0.045777034
5.8599997,-27.793919,-35.393307,0.5254247
5.8799996,1.049771,3.8639073,0.8451898
5.9,-13.372073,-23.375792,0.36554214
5.92,25.08618,-12.640147,0.20565958
5.94,29.893461,-10.396878,0.68530726
5.96,5.857053,-16.325518,0.36554214
5.98,-27.793919,15.24049,0.68530726
6.0,44.315308,-44.68685,0.36554214
6.02,1.049771,-4.7887044,0.68530726
6.04,10.664334,-43.72545,-0.59375316
6.06,49.122585,22.451,-0.2739881
6.08,5.857053,-15.524351,0.5254247
6.1,20.278896,-40.360542,0.5254247
6.12,15.471616,-0.9430991,0.68530726
6.14,-3.7575107,-2.385201,0.68530726
6.16,20.278896,14.920023,0.68530726
6.18,39.508022,21.649834,0.045777034
6.2,5.857053,0.018302217,0.36554214
6.22,10.664334,-9.275244,0.20565958
6.24,-18.179356,-9.275244,0.5254247
6.2599998,25.08618,-18.088087,0.045777034
6.2799997,1.049771,-16.645985,0.045777034
6.2999997,-22.986637,-36.514942,0.5254247
6.3199997,5.857053,2.1013381,0.68530726
6.3399997,-18.179356,1.139937,-0.4338706
6.3599997,20.278896,16.682592,0.5254247
6.3799996,-3.7575107,-1.9045002,0.20565958
6.3999996,15.471616,12.356286,0.36554214
6.42,34.700745,2.1013381,0.045777034
6.44,-8.564792,-4.14777,-0.114105515
6.46,25.08618,12.035819,0.20565958
6.48,5.857053,0.9797035,-0.114105515
6.5,25.08618,-42.764046,0.045777034
6.52,-32.6012,-7.352441,-0.114105515
6.54,-8.564792,-5.1091714,-0.114105515
6.56,1.049771,-14.242482,-0.7536357
6.58,15.471616,0.33876932,0.045777034
6.6,1.049771,-14.08225,0.20565958
6.62,5.857053,47.767906,0.045777034
6.64,10.664334,-9.115009,0.045777034
6.66,-3.7575107,10.75395,-0.59375316
6.68,15.471616,-17.607388,-0.114105515
6.7,29.893461,5.145776,0.045777034
6.72,15.471616,-32.82957,-0.4338706
6.74,-3.7575107,-26.259996,-0.2739881
6.7599998,73.159,-68.08093,-1.0734009
6.7799997,-3.7575107,11.074417,-0.2739881
6.7999997,10.664334,-7.833141,-0.2739881
6.8199997,25.08618,-43.244747,-0.9135183
6.8399997,1.049771,-33.790974,0.36554214
6.8599997,10.664334,-1.2635663,0.36554214
6.8799996,-37.40848,-4.14777,0.045777034
6.8999996,-18.179356,28.21941,0.36554214
6.92,-13.372073,-6.230806,-0.114105515
6.94,10.664334,9.311849,-0.59375316
6.96,-3.7575107,-24.016727,-0.59375316
6.98,1.049771,-5.589872,0.045777034
7.0,-32.6012,29.18081,0.20565958
7.02,10.664334,9.311849,0.045777034
7.04,-3.7575107,1.3001705,-0.114105515
7.06,-22.986637,-1.4237996,-0.114105515
7.08,10.664334,10.593717,0.20565958
7.1,-18.179356,7.709513,-0.114105515
7.12,29.893461,3.5434403,-0.4338706
7.14,25.08618,30.142212,-0.9135183
7.16,29.893461,13.477921,-0.2739881
7.18,15.471616,11.555119,-0.2739881
7.2,-32.6012,25.014738,0.045777034
7.22,-22.986637,-5.910339,-0.2739881
7.24,-22.986637,-3.6670694,-0.2739881
7.2599998,15.471616,-8.153608,-0.114105515
7.2799997,1.049771,-4.948938,-0.114105515
7.2999997,29.893461,-14.402717,-0.114105515
7.3199997,-32.6012,13.157454,0.36554214
7.3399997,-22.986637,20.047497,0.36554214
7.3599997,15.471616,-0.14193134,-0.114105515
7.3799996,-32.6012,18.124695,-0.2739881
7.3999996,44.315308,2.261572,-0.114105515
7.4199996,-42.215763,-7.352441,0.045777034
7.44,1.049771,-2.7056682,0.045777034
7.46,29.893461,-8.313842,-0.2739881
7.48,-42.215763,-6.5512733,-0.59375316
7.5,-27.793919,-14.08225,-0.2739881
7.52,-3.7575107,5.145776,-0.114105515
7.54,-13.372073,-3.9875362,-0.4338706
7.56,-42.215763,25.815907,-0.59375316
7.58,15.471616,-6.0705724,0.045777034
7.6,-3.7575107,25.655672,0.20565958
7.62,-27.793919,30.622915,0.20565958
7.64,-13.372073,7.709513,0.045777034
7.66,-47.023045,-1.4237996,0.045777034
7.68,-8.564792,4.184375,0.20565958
7.7,20.278896,17.323528,-0.2739881
7.72,-13.372073,8.991381,-0.114105515
7.74,15.471616,12.676753,0.045777034
7.7599998,-18.179356,12.676753,-0.2739881
7.7799997,49.122585,34.148052,-0.4338706
7.7999997,25.08618,2.902506,-1.0734009
7.8199997,-13.372073,-8.474075,0.045777034
7.8399997,-3.7575107,16.20189,0.20565958
7.8599997,-18.179356,17.96446,0.5254247
7.8799996,92.38812,-15.684585,-0.114105515
7.8999996,34.700745,-18.568789,-0.59375316
7.9199996,1.049771,23.893103,0.36554214
7.94,25.08618,28.379642,0.5254247
7.96,-22.986637,-7.833141,0.045777034
7.98,92.38812,25.174973,-0.59375316
8.0,1.049771,-2.2249672,0.045777034
8.0199995,63.54443,9.792548,-0.114105515
8.04,20.278896,8.190214,0.20565958
8.059999,-8.564792,6.1071773,0.20565958
8.08,-13.372073,33.827583,-0.114105515
8.099999,-18.179356,4.504842,-0.114105515
8.12,15.471616,-3.827303,-0.2739881
8.139999,73.159,-4.468237,-0.4338706
8.16,-8.564792,23.412403,0.045777034
8.179999,1.049771,-4.14777,0.045777034
8.2,-18.179356,-9.275244,-0.4338706
8.22,-8.564792,17.804228,0.20565958
8.24,15.471616,-7.0319734,0.045777034
8.26,-13.372073,19.566797,0.045777034
8.28,5.857053,-3.6670694,0.20565958
8.3,39.508022,-1.5840333,0.045777034
8.32,15.471616,-20.812057,-0.114105515
8.34,-42.215763,0.81947,0.20565958
8.36,5.857053,2.7422726,0.20565958
8.38,10.664334,20.207731,0.045777034
8.4,25.08618,8.510681,0.045777034
8.42,10.664334,21.169132,0.5254247
8.44,1.049771,-24.497427,-0.2739881
8.46,1.049771,17.483759,-0.2739881
8.48,-18.179356,-2.385201,-0.114105515
8.5,1.049771,-3.827303,-0.114105515
8.5199995,-66.25217,-16.80622,0.045777034
8.54,10.664334,-4.6284704,0.36554214
8.559999,5.857053,17.483759,-0.4338706
8.58,1.049771,71.16202,-0.4338706
8.599999,1.049771,-4.6284704,-0.2739881
8.62,25.08618,7.228812,-0.59375316
8.639999,5.857053,-3.026135,0.045777034
8.66,15.471616,0.6592364,-0.2739881
8.679999,10.664334,24.854506,0.20565958
8.7,-13.372073,3.0627398,-0.114105515
8.72,-27.793919,28.059177,0.045777034
8.74,-22.986637,9.151615,-0.2739881
8.76,-8.564792,17.00306,-0.2739881
8.78,-32.6012,4.825309,0.5254247
8.8,-13.372073,-5.2694044,0.20565958
8.82,29.893461,8.190214,0.36554214
8.84,-27.793919,-20.01089,-0.4338706
8.86,87.58084,5.145776,-0.114105515
8.88,1.049771,-5.910339,-0.4338706
8.9,49.122585,30.622915,0.045777034
8.92,-13.372073,11.074417,-0.114105515
8.94,-27.793919,1.3001705,-0.2739881
8.96,87.58084,29.341045,-0.2739881
8.98,34.700745,-3.9875362,-0.2739881
9.0,-47.023045,-3.827303,0.045777034
9.0199995,1.049771,15.080256,0.68530726
9.04,-47.023045,-10.396878,-0.2739881
9.059999,25.08618,10.433483,-0.114105515
9.08,-18.179356,-2.7056682,0.20565958
9.099999,-18.179356,5.3060093,0.20565958
9.12,-27.793919,-2.0647337,-0.4338706
9.139999,10.664334,4.024141,-0.114105515
9.16,1.049771,4.9855423,-0.114105515
9.179999,29.893461,-33.630737,-0.2739881
9.2,-3.7575107,-0.30216488,-0.114105515
9.22,-13.372073,-2.0647337,-0.4338706
9.24,10.664334,2.1013381,-0.59375316
9.26,-37.40848,-21.292757,-0.114105515
9.28,1.049771,-23.21556,0.20565958
9.3,5.857053,28.700111,0.20565958
9.32,-32.6012,17.00306,0.045777034
9.34,-13.372073,28.059177,-0.2739881
9.36,1.049771,-4.948938,0.045777034
9.38,-32.6012,10.75395,-0.114105515
9.4,-3.7575107,-2.8659017,-0.4338706
9.42,5.857053,13.317687,-0.4338706
9.44,1.049771,9.472081,-0.4338706
9.46,-22.986637,-14.562949,-0.114105515
9.48,-22.986637,-8.474075,-0.4338706
9.5,-27.793919,12.51652,0.20565958
9.5199995,20.278896,-2.0647337,-0.2739881
9.54,-13.372073,12.99722,-0.114105515
9.559999,-18.179356,31.904783,0.20565958
9.58,-3.7575107,-21.292757,-0.7536357
9.599999,5.857053,-8.474075,-0.4338706
9.62,53.92987,-28.6635,-0.2739881
9.639999,20.278896,-1.1033326,0.36554214
9.66,-18.179356,-9.275244,-0.4338706
9.679999,-51.830326,11.715352,0.045777034
9.7,15.471616,9.472081,-0.4338706
9.719999,29.893461,28.860344,-0.4338706
9.74,-3.7575107,-5.1091714,-0.2739881
9.76,-8.564792,11.394884,0.5254247
9.78,-27.793919,16.20189,0.5254247
9.8,15.471616,3.5434403,0.045777034
9.82,1.049771,-1.1033326,-0.2739881
9.84,-13.372073,-7.833141,0.045777034
9.86,10.664334,16.362125,-0.114105515
9.88,-37.40848,54.017017,0.20565958
9.9,68.35171,13.477921,-0.114105515
9.92,-37.40848,-22.73486,-0.4338706
9.94,-22.986637,-9.916177,-0.2739881
9.96,5.857053,1.139937,-0.114105515
9.98,5.857053,23.572638,0.20565958
10.0,20.278896,13.157454,0.20565958
10.0199995,-13.372073,28.21941,-0.114105515
10.04,25.08618,6.7481112,0.045777034
10.059999,20.278896,8.831148,-0.4338706
10.08,-13.372073,6.2674108,-0.4338706
10.099999,5.857053,17.323528,-0.7536357
10.12,-32.6012,2.902506,-0.2739881
10.139999,20.278896,7.228812,-0.7536357
10.16,-18.179356,20.047497,-0.114105515
10.179999,-71.05945,-4.7887044,-0.2739881
10.2,-8.564792,-4.14777,-0.2739881
10.219999,20.278896,-4.468237,0.20565958
10.24,-8.564792,-7.5126743,-0.114105515
10.26,-18.179356,-4.6284704,0.5254247
10.28,5.857053,-13.281082,-0.4338706
10.3,10.664334,5.78671,-0.59375316
10.32,-3.7575107,6.908345,-0.2739881
10.34,-13.372073,1.4604042,-0.4338706
10.36,-8.564792,-32.34887,0.045777034
10.38,-8.564792,12.035819,-0.59375316
10.4,15.471616,15.72119,-0.114105515
10.42,1.049771,4.3446083,0.045777034
10.44,1.049771,8.831148,-0.114105515
10.46,34.700745,-20.972292,0.045777034
10.48,5.857053,-14.562949,-0.114105515
10.5,10.664334,10.27325,-0.114105515
10.5199995,1.049771,-2.0647337,-0.114105515
10.54,49.122585,0.33876932,0.045777034
10.559999,-18.179356,-9.916177,0.045777034
10.58,-3.7575107,-13.601548,-0.59375316
10.599999,20.278896,4.825309,-0.2739881
10.62,1.049771,-6.0705724,0.36554214
10.639999,1.049771,-5.2694044,0.045777034
10.66,1.049771,0.81947,0.20565958
10.679999,25.08618,-15.04365,-0.2739881
10.7,15.471616,20.848665,0.045777034
10.719999,-27.793919,-7.833141,0.045777034
10.74,-3.7575107,13.798388,-0.114105515
10.76,-8.564792,-21.933691,0.045777034
10.78,1.049771,38.314125,0.36554214
10.8,25.08618,1.3001705,-0.114105515
10.82,-27.793919,9.151615,-0.114105515
10.84,34.700745,33.026417,0.36554214
10.86,-18.179356,-10.557112,0.045777034
10.88,-32.6012,9.792548,0.36554214
10.9,-42.215763,6.1071773,-0.114105515
10.92,1.049771,12.356286,-0.114105515
10.94,10.664334,-45.808483,-0.59375316
10.96,-8.564792,-0.62263197,0.045777034
10.98,-27.793919,27.738708,0.5254247
11.0,-18.179356,-3.3466022,0.045777034
11.0199995,-13.372073,-9.115009,-0.4338706
11.04,-3.7575107,0.49900287,-0.7536357
11.059999,25.08618,-8.634309,-1.393166
11.08,-3.7575107,10.27325,-0.2739881
11.099999,-27.793919,7.549279,0.36554214
11.12,-47.023045,-26.580463,0.20565958
11.139999,-13.372073,-27.38163,-0.2739881
11.16,1.049771,-11.358279,-0.114105515
11.179999,15.471616,-6.8717403,-0.114105515
11.2,15.471616,-3.1863687,0.20565958
11.219999,5.857053,-12.31968,0.8451898
11.24,20.278896,-0.30216488,-0.59375316
11.259999,1.049771,4.825309,0.20565958
11.28,-22.986637,-9.59571,0.045777034
11.3,1.049771,30.142212,-0.114105515
11.32,-42.215763,28.700111,0.045777034
11.34,1.049771,18.284927,0.20565958
11.36,-66.25217,-7.993375,-0.114105515
11.38,-27.793919,-35.71377,-0.4338706
11.4,-13.372073,-2.7056682,0.045777034
11.42,10.664334,29.501278,0.20565958
11.44,10.664334,6.7481112,0.36554214
11.46,1.049771,-27.862331,-0.59375316
11.48,1.049771,-1.9045002,-0.114105515
11.5,5.857053,52.73515,0.20565958
11.5199995,-8.564792,-10.557112,0.045777034
11.54,-8.564792,2.7422726,-0.114105515
11.559999,-8.564792,1.6206378,-0.114105515
11.58,10.664334,-1.1033326,-0.114105515
11.599999,-3.7575107,16.842825,0.045777034
11.62,-8.564792,-22.574625,-0.2739881
11.639999,15.471616,8.510681,-0.114105515
11.66,-3.7575107,1.139937,-0.4338706
11.679999,5.857053,14.439322,0.045777034
11.7,-8.564792,-20.972292,0.20565958
11.719999,-22.986637,-11.999213,0.20565958
11.74,25.08618,31.103615,0.045777034
11.759999,-3.7575107,15.560958,0.20565958
11.78,5.857053,8.831148,-0.4338706
11.8,-32.6012,-24.497427,-0.2739881
11.82,10.664334,-0.46239844,0.20565958
11.84,-22.986637,2.902506,0.045777034
11.86,-47.023045,-8.474075,0.20565958
11.88,-8.564792,16.842825,0.68530726
11.9,-51.830326,0.9797035,0.5254247
11.92,20.278896,12.51652,0.68530726
11.94,-13.372073,-17.126686,-0.114105515
11.96,-27.793919,-21.933691,0.045777034
11.98,-27.793919,-5.7501054,0.5254247
12.0,-27.793919,35.91062,-0.114105515
12.0199995,-13.372073,-0.9430991,-0.2739881
12.04,20.278896,-1.7442669,-0.4338706
12.059999,-8.564792,4.024141,0.5254247
12.08,-32.6012,7.549279,0.36554214
12.099999,-51.830326,-3.9875362,0.5254247
12.12,29.893461,13.317687,-0.114105515
12.139999,5.857053,-1.1033326,-0.114105515
12.16,29.893461,8.831148,0.5254247
12.179999,-8.564792,5.78671,0.20565958
12.2,29.893461,-57.505527,0.20565958
12.219999,44.315308,-4.6284704,0.20565958
12.24,1.049771,-11.678746,0.36554214
12.259999,-47.023045,26.617075,0.045777034
12.28,-3.7575107,-38.91844,0.045777034
12.3,53.92987,4.9855423,-0.114105515
12.32,10.664334,13.157454,0.20565958
12.34,-18.179356,0.9797035,0.68530726
12.36,-22.986637,39.115295,0.5254247
12.38,1.049771,-33.470505,0.045777034
12.4,63.54443,-52.698524,0.045777034
12.42,1.049771,-10.877579,0.8451898
12.44,1.049771,2.7422726,0.68530726
12.46,-18.179356,4.9855423,0.5254247
12.48,5.857053,35.269688,0.5254247
12.5,5.857053,18.445162,0.5254247
12.5199995,34.700745,-4.948938,0.5254247
12.54,58.737152,60.426365,1.0050724
12.559999,15.471616,-29.304434,0.5254247
12.58,-8.564792,9.952783,0.68530726
12.599999,5.857053,-18.248322,0.045777034
12.62,15.471616,-15.524351,0.20565958
12.639999,25.08618,21.329365,0.68530726
12.66,-61.44489,-8.153608,0.68530726
12.679999,20.278896,-8.634309,0.20565958
12.7,15.471616,-14.242482,0.36554214
12.719999,-56.637608,83.01931,0.68530726
12.74,-47.023045,9.311849,0.68530726
12.759999,15.471616,-13.761782,0.68530726
12.78,5.857053,-9.275244,0.36554214
12.799999,10.664334,-5.910339,0.5254247
12.82,-8.564792,-30.426067,0.36554214
12.84,29.893461,-6.711507,0.68530726
12.86,25.08618,-14.562949,0.36554214
12.88,25.08618,-27.702099,0.20565958
12.9,5.857053,28.21941,0.68530726
12.92,5.857053,6.4276443,0.68530726
12.94,-51.830326,-5.2694044,0.8451898
12.96,1.049771,7.709513,0.36554214
12.98,-13.372073,31.424084,0.5254247
13.0,25.08618,37.99366,0.68530726
13.0199995,5.857053,-7.352441,0.5254247
13.04,25.08618,-9.916177,0.36554214
13.059999,20.278896,-6.230806,0.36554214
13.08,1.049771,10.593717,0.20565958
13.099999,39.508022,-31.547703,0.045777034
13.12,-13.372073,4.024141,0.045777034
13.139999,25.08618,9.952783,0.36554214
13.16,15.471616,0.018302217,0.20565958
13.179999,5.857053,26.296606,0.68530726
13.2,-3.7575107,-24.657661,0.68530726
13.219999,15.471616,-13.601548,0.20565958
13.24,29.893461,-6.8717403,0.045777034
13.259999,-3.7575107,-29.785133,0.36554214
13.28,5.857053,-13.120848,0.20565958
13.299999,49.122585,9.632316,0.045777034
13.32,1.049771,16.20189,0.20565958
13.34,-8.564792,-49.493855,0.20565958
13.36,-3.7575107,-38.91844,0.20565958
13.38,20.278896,18.284927,0.8451898
13.4,10.664334,14.759789,0.20565958
13.42,-3.7575107,1.3001705,0.20565958
13.44,-32.6012,-4.7887044,0.8451898
13.46,1.049771,-25.779295,-0.4338706
13.48,5.857053,-2.2249672,-0.114105515
13.5,20.278896,29.18081,0.20565958
13.5199995,-27.793919,-7.5126743,0.20565958
13.54,25.08618,-11.678746,0.045777034
13.559999,5.857053,-16.485752,0.045777034
13.58,15.471616,-49.493855,-0.114105515
13.599999,1.049771,-5.2694044,-0.2739881
13.62,-13.372073,2.261572,0.68530726
13.639999,-27.793919,-30.906769,0.5254247
13.66,-8.564792,-21.292757,0.68530726
13.679999,63.54443,21.169132,0.68530726
13.7,-18.179356,1.7808713,0.36554214
13.719999,1.049771,3.7036738,0.045777034
13.74,-8.564792,36.391323,0.68530726
13.759999,25.08618,8.670914,0.5254247
13.78,1.049771,10.433483,0.68530726
13.799999,29.893461,-9.755944,0.045777034
13.82,-3.7575107,-7.352441,0.8451898
13.84,-22.986637,-3.827303,0.20565958
13.86,20.278896,7.8697467,0.5254247
13.88,-18.179356,-9.275244,0.5254247
13.9,-3.7575107,0.018302217,0.8451898
13.92,10.664334,5.6264763,0.045777034
13.94,15.471616,50.65211,0.68530726
13.96,77.96628,11.715352,-0.2739881
13.98,10.664334,4.3446083,0.36554214
14.0,-8.564792,4.825309,0.20565958
14.0199995,29.893461,1.4604042,0.20565958
14.04,-8.564792,17.643993,0.5254247
14.059999,-22.986637,-12.159447,-0.114105515
14.08,-8.564792,-19.690422,0.20565958
14.099999,1.049771,-43.244747,0.20565958
14.12,5.857053,24.534037,0.68530726
14.139999,-3.7575107,16.362125,0.68530726
14.16,34.700745,-7.192207,0.045777034
14.179999,20.278896,-0.14193134,0.045777034
14.2,25.08618,-15.04365,0.045777034
14.219999,44.315308,32.22525,0.045777034
14.24,25.08618,45.52464,0.5254247
14.259999,20.278896,-6.5512733,0.36554214
14.28,-3.7575107,-17.286919,-0.114105515
14.299999,-66.25217,18.925863,0.045777034
14.32,1.049771,-11.358279,-0.114105515
14.34,-61.44489,-4.6284704,0.5254247
14.36,-3.7575107,4.184375,0.5254247
14.38,20.278896,-4.948938,0.5254247
14.4,5.857053,12.356286,-0.4338706
14.42,-3.7575107,44.72347,0.045777034
14.44,-8.564792,7.0685787,-0.114105515
14.46,5.857053,-2.0647337,0.045777034
14.48,-61.44489,4.184375,0.045777034
14.5,10.664334,-22.093925,0.8451898
14.5199995,25.08618,-8.794542,0.20565958
14.54,-3.7575107,16.682592,0.36554214
14.559999,-3.7575107,6.5878778,0.045777034
14.58,-3.7575107,16.362125,0.68530726
14.599999,-13.372073,-3.6670694,-0.114105515
14.62,10.664334,0.81947,0.045777034
14.639999,-22.986637,27.418243,0.36554214
14.66,-66.25217,22.77147,0.8451898
14.679999,-42.215763,7.3890457,0.5254247
14.7,-13.372073,4.9855423,0.36554214
14.719999,5.857053,36.71179,0.045777034
14.74,1.049771,-12.960614,0.045777034
14.759999,15.471616,0.9797035,0.045777034
14.78,1.049771,8.831148,0.20565958
14.799999,20.278896,-0.30216488,0.20565958
14.82,34.700745,-7.0319734,0.045777034
14.839999,53.92987,5.466243,0.5254247
14.86,5.857053,-7.833141,0.20565958
14.88,53.92987,-5.2694044,0.20565958
14.9,5.857053,19.727032,0.36554214
14.92,39.508022,-0.46239844,0.20565958
14.94,5.857053,12.51652,-0.2739881
14.96,-3.7575107,-27.38163,-0.4338706
14.98,15.471616,-43.88568,-0.114105515
15.0,5.857053,-12.800381,0.045777034
15.0199995,20.278896,23.091934,-0.4338706
15.04,-8.564792,-14.723184,-0.2739881
15.059999,25.08618,-20.01089,0.045777034
15.08,-3.7575107,12.035819,-0.114105515
15.099999,20.278896,16.041658,0.045777034
15.12,5.857053,12.035819,0.36554214
15.139999,-3.7575107,-4.3080034,0.68530726
15.16,-3.7575107,-47.250584,0.045777034
15.179999,1.049771,26.45684,-0.2739881
15.2,-18.179356,12.8369875,-0.2739881
15.219999,10.664334,33.50712,0.68530726
15.24,10.664334,16.362125,0.5254247
15.259999,-18.179356,-14.562949,-0.7536357
15.28,-42.215763,-9.59571,-0.4338706
15.299999,-13.372073,10.433483,-0.2739881
15.32,5.857053,47.28721,0.045777034
15.339999,-3.7575107,14.759789,0.68530726
15.36,15.471616,22.451,0.20565958
15.38,-3.7575107,-1.4237996,-0.2739881
15.4,-3.7575107,-3.026135,-0.4338706
15.42,10.664334,-0.46239844,-0.114105515
15.44,5.857053,16.041658,-0.114105515
15.46,-18.179356,-19.690422,-0.114105515
15.48,-8.564792,9.311849,-0.114105515
15.5,-8.564792,24.854506,-0.2739881
15.5199995,-8.564792,10.593717,0.68530726
15.54,25.08618,18.284927,0.045777034
15.559999,10.664334,14.599556,-0.114105515
15.58,-3.7575107,4.184375,-0.114105515
15.599999,15.471616,26.45684,0.20565958
15.62,5.857053,15.24049,-0.114105515
15.639999,-3.7575107,-17.76762,-0.4338706
15.66,1.049771,-17.927853,-0.4338706
15.679999,-13.372073,23.893103,0.20565958
15.7,-3.7575107,0.33876932,-0.2739881
15.719999,25.08618,-6.0705724,-0.114105515
15.74,-13.372073,-17.126686,-0.4338706
15.759999,-3.7575107,-14.723184,-0.2739881
15.78,-32.6012,-22.254158,-0.7536357
15.799999,-22.986637,4.184375,0.20565958
15.82,-18.179356,29.821747,0.5254247
15.839999,1.049771,35.75039,0.20565958
15.86,1.049771,-4.14777,-0.59375316
15.88,25.08618,-9.916177,-0.2739881
15.9,-37.40848,-8.153608,-0.9135183
15.92,5.857053,14.279089,-0.2739881
15.94,-3.7575107,3.3832066,-0.114105515
15.96,-75.86674,-16.966454,-0.2739881
15.98,53.92987,-32.82957,-0.114105515
16.0,-18.179356,0.49900287,-0.2739881
16.02,-13.372073,-3.026135,-0.114105515
16.039999,-32.6012,-16.80622,-0.7536357
16.06,10.664334,2.7422726,-0.2739881
16.08,10.664334,-7.5126743,-0.2739881
16.1,49.122585,70.200615,0.045777034
16.119999,-13.372073,16.362125,0.045777034
16.14,1.049771,21.329365,0.20565958
16.16,10.664334,-0.30216488,-0.114105515
16.18,1.049771,22.931702,-0.114105515
16.199999,25.08618,-20.651823,-0.114105515
16.22,1.049771,11.715352,-0.2739881
16.24,121.23181,8.510681,-0.114105515
16.26,5.857053,-41.96288,-0.2739881
16.279999,-37.40848,-0.9430991,-0.2739881
16.3,1.049771,52.414684,0.8451898
16.32,-3.7575107,7.549279,0.045777034
16.34,5.857053,-3.827303,0.20565958
16.359999,5.857053,-6.711507,-0.59375316
16.38,-32.6012,-39.23891,-0.2739881
16.4,1.049771,-18.088087,-0.7536357
16.42,15.471616,0.33876932,0.045777034
16.44,34.700745,-8.313842,0.36554214
16.46,1.049771,22.611235,-0.114105515
16.48,10.664334,2.4218054,0.5254247
16.5,49.122585,-36.995644,-0.2739881
16.52,-32.6012,-32.989803,-0.2739881
16.539999,-22.986637,4.6650753,0.20565958
16.56,15.471616,26.136374,0.36554214
16.58,5.857053,-0.46239844,0.5254247
16.6,-18.179356,26.296606,0.5254247
16.619999,58.737152,6.5878778,0.045777034
16.64,10.664334,-15.524351,0.045777034
16.66,77.96628,56.740993,0.20565958
16.68,49.122585,-8.474075,0.20565958
16.699999,87.58084,-16.005053,-0.9135183
16.72,-27.793919,-77.534706,-0.2739881
16.74,5.857053,-24.497427,-0.59375316
16.76,25.08618,25.174973,-0.4338706
16.779999,34.700745,14.759789,0.5254247
16.8,-8.564792,0.6592364,0.5254247
16.82,-3.7575107,-1.4237996,-0.2739881
16.84,20.278896,-26.580463,0.045777034
16.859999,20.278896,17.643993,0.045777034
16.88,5.857053,-3.026135,-0.2739881
16.9,-18.179356,-1.5840333,-0.114105515
16.92,29.893461,-13.281082,0.045777034
16.94,-32.6012,1.4604042,0.045777034
16.96,5.857053,66.83571,0.5254247
16.98,-8.564792,-37.31611,-0.114105515
17.0,10.664334,-11.83898,0.045777034
17.02,-32.6012,-24.817896,0.5254247
17.039999,-8.564792,11.715352,0.68530726
17.06,-3.7575107,38.314125,0.8451898
17.08,5.857053,22.451,-0.2739881
17.1,-18.179356,56.901222,-0.114105515
17.119999,20.278896,13.798388,-0.2739881
17.14,10.664334,-0.30216488,0.5254247
17.16,-3.7575107,18.445162,0.8451898
17.18,-8.564792,-41.321945,-0.2739881
17.199999,-66.25217,24.854506,0.36554214
17.22,44.315308,-13.761782,-0.114105515
17.24,-13.372073,22.290768,0.20565958
17.26,5.857053,39.756226,0.68530726
17.279999,25.08618,16.20189,0.8451898
17.3,53.92987,-3.9875362,0.20565958
17.32,5.857053,27.258009,0.5254247
17.34,1.049771,11.074417,0.8451898
17.359999,25.08618,-20.972292,-0.114105515
17.38,20.278896,-16.165285,0.045777034
17.4,25.08618,-11.358279,0.045777034
17.42,-22.986637,44.403,0.36554214
17.44,53.92987,-7.5126743,0.20565958
17.46,-8.564792,24.373804,0.36554214
17.48,-13.372073,2.902506,-0.114105515
17.5,10.664334,20.848665,-0.114105515
17.52,-22.986637,-14.402717,0.5254247
17.539999,10.664334,3.8639073,0.68530726
17.56,-18.179356,12.51652,0.20565958
17.58,-3.7575107,19.086096,0.36554214
17.6,-8.564792,-11.358279,0.20565958
17.619999,29.893461,-16.005053,-0.2739881
17.64,-18.179356,-18.088087,0.20565958
17.66,-22.986637,44.883705,0.20565958
17.68,-22.986637,1.6206378,-0.2739881
17.699999,29.893461,-16.80622,0.20565958
17.72,53.92987,-10.717345,-0.2739881
17.74,-32.6012,-3.026135,0.20565958
17.76,-13.372073,22.931702,0.5254247
17.779999,15.471616,17.00306,0.5254247
17.8,-13.372073,38.153893,0.36554214
17.82,20.278896,-3.9875362,-0.114105515
17.84,-13.372073,-37.155872,0.045777034
17.859999,10.664334,21.649834,-0.2739881
17.88,-13.372073,-8.634309,0.045777034
17.9,-32.6012,-12.960614,0.045777034
17.92,1.049771,22.611235,0.045777034
17.94,-18.179356,-12.960614,-0.114105515
17.96,5.857053,4.9855423,-0.114105515
17.98,-8.564792,8.831148,-0.114105515
18.0,-3.7575107,-11.999213,0.5254247
18.02,25.08618,4.6650753,0.045777034
18.039999,-13.372073,3.0627398,0.045777034
18.06,-3.7575107,-13.922015,0.20565958
18.08,5.857053,13.317687,-0.114105515
18.1,5.857053,-19.530188,0.045777034
18.119999,10.664334,-24.17696,0.36554214
18.14,-56.637608,-0.9430991,0.36554214
18.16,-3.7575107,-8.634309,0.045777034
18.18,-18.179356,-7.993375,-0.114105515
18.199999,-22.986637,-29.1442,0.20565958
18.22,10.664334,-2.8659017,0.20565958
18.24,-8.564792,11.234652,0.68530726
18.26,1.049771,16.20189,0.20565958
18.279999,-37.40848,18.605394,-0.2739881
18.3,-3.7575107,14.920023,0.20565958
18.32,5.857053,-8.153608,-0.4338706
18.34,-13.372073,-16.966454,-0.4338706
18.359999,39.508022,36.551556,0.045777034
18.38,-18.179356,3.8639073,-0.59375316
18.4,-18.179356,3.0627398,0.20565958
18.42,29.893461,-20.01089,-0.2739881
18.44,34.700745,-3.827303,-0.114105515
18.46,-8.564792,6.908345,0.045777034
18.48,-18.179356,24.213572,-0.114105515
18.5,1.049771,-8.153608,0.045777034
18.52,73.159,-28.6635,-0.4338706
18.539999,25.08618,-8.474075,-0.114105515
18.56,-8.564792,-14.883417,-0.4338706
18.58,-18.179356,0.9797035,0.045777034
18.6,10.664334,53.696552,0.20565958
18.619999,10.664334,2.4218054,0.045777034
18.64,-18.179356,-18.729021,0.045777034
18.66,15.471616,0.17853576,-0.2739881
18.68,5.857053,-14.562949,0.36554214
18.699999,58.737152,-23.856495,0.045777034
18.72,29.893461,22.290768,0.5254247
18.74,-13.372073,32.385483,0.36554214
18.76,-22.986637,-14.562949,-0.2739881
18.779999,-37.40848,3.8639073,0.5254247
18.8,29.893461,-16.005053,-0.4338706
18.82,-3.7575107,-26.90093,-0.114105515
18.84,1.049771,5.3060093,-0.2739881
18.859999,-8.564792,-15.203884,0.20565958
18.88,25.08618,-12.31968,0.045777034
18.9,10.664334,15.72119,-0.2739881
18.92,5.857053,22.77147,0.36554214
18.939999,20.278896,-18.248322,0.5254247
18.96,25.08618,9.952783,0.045777034
18.98,-8.564792,25.174973,0.20565958
19.0,1.049771,24.854506,-0.59375316
19.02,-13.372073,15.400723,0.045777034
19.039999,10.664334,-31.227234,0.045777034
19.06,-3.7575107,-20.171124,0.5254247
19.08,10.664334,-27.541864,-0.114105515
19.1,-13.372073,-7.833141,-0.2739881
19.119999,1.049771,19.887262,0.5254247
19.14,-8.564792,-21.452991,-0.114105515
19.16,1.049771,-6.8717403,0.20565958
19.18,25.08618,22.77147,0.20565958
19.199999,-42.215763,23.091934,0.5254247
19.22,-56.637608,13.157454,0.045777034
19.24,5.857053,-33.790974,0.045777034
19.26,34.700745,-5.429638,0.36554214
19.279999,5.857053,3.2229733,-0.2739881
19.3,10.664334,-4.3080034,-0.2739881
19.32,-3.7575107,-15.844818,-0.114105515
19.34,-8.564792,6.908345,0.20565958
19.359999,-8.564792,-5.7501054,0.045777034
19.38,-3.7575107,-7.833141,0.20565958
19.4,29.893461,26.93754,0.5254247
19.42,44.315308,7.8697467,0.36554214
19.439999,1.049771,-0.46239844,0.5254247
19.46,-22.986637,-19.369957,0.20565958
19.48,10.664334,-6.8717403,-0.4338706
19.5,5.857053,-12.31968,-0.2739881
19.52,-47.023045,39.275528,0.20565958
19.539999,-18.179356,-13.120848,-0.2739881
19.56,5.857053,2.4218054,0.045777034
19.58,-8.564792,4.3446083,0.36554214
19.6,5.857053,-10.877579,-0.114105515
19.619999,1.049771,2.1013381,0.36554214
19.64,25.08618,0.33876932,0.36554214
19.66,29.893461,-10.717345,-0.114105515
19.68,44.315308,-12.640147,0.20565958
19.699999,15.471616,-16.485752,0.045777034
19.72,1.049771,-1.4237996,0.045777034
19.74,10.664334,35.42992,0.68530726
19.76,25.08618,-13.441315,0.045777034
19.779999,39.508022,-10.877579,-0.114105515
19.8,25.08618,30.142212,0.5254247
19.82,10.664334,26.93754,0.20565958
19.84,-8.564792,-3.9875362,0.5254247
19.859999,-3.7575107,-16.165285,0.36554214
19.88,58.737152,-11.999213,-0.114105515
19.9,15.471616,-5.2694044,-0.2739881
19.92,1.049771,3.7036738,0.5254247
19.939999,25.08618,-63.594402,0.36554214
19.96,-3.7575107,-12.159447,0.20565958
19.98,29.893461,-19.369957,0.045777034
20.0,1.049771,-16.485752,0.045777034
20.02,39.508022,17.323528,0.20565958
20.039999,20.278896,16.041658,-0.114105515
20.06,1.049771,11.875586,0.36554214
20.08,29.893461,-24.17696,-0.114105515
20.1,-3.7575107,-14.242482,0.045777034
20.119999,-51.830326,-14.723184,0.045777034
20.14,15.471616,-16.645985,0.20565958
20.16,-22.986637,-21.933691,0.20565958
20.18,10.664334,-17.607388,0.68530726
20.199999,5.857053,20.047497,0.36554214
20.22,15.471616,-17.126686,0.36554214
20.24,10.664334,5.9469438,0.5254247
20.26,-37.40848,34.628754,0.36554214
20.279999,10.664334,18.284927,0.5254247
20.3,-13.372073,-17.286919,0.20565958
20.32,1.049771,-28.343033,0.045777034
20.34,-42.215763,-10.076411,-0.114105515
20.359999,-3.7575107,-6.8717403,-0.114105515
20.38,-8.564792,-4.948938,0.20565958
20.4,-8.564792,18.605394,0.5254247
20.42,44.315308,4.6650753,0.20565958
20.439999,1.049771,11.074417,0.5254247
20.46,25.08618,2.1013381,-0.59375316
20.48,-3.7575107,20.047497,-0.114105515
20.5,-8.564792,20.68843,0.20565958
20.52,10.664334,10.75395,0.20565958
20.539999,-8.564792,-9.275244,0.20565958
20.56,44.315308,18.765629,0.045777034
20.58,53.92987,-0.9430991,0.045777034
20.6,-18.179356,7.3890457,0.045777034
20.619999,39.508022,-20.171124,-0.2739881
20.64,44.315308,-32.669334,0.20565958
20.66,20.278896,6.908345,0.045777034
20.68,-8.564792,-0.7828655,1.0050724
20.699999,-8.564792,-20.331356,0.20565958
20.72,1.049771,-4.948938,0.36554214
20.74,34.700745,-7.192207,0.36554214
20.76,1.049771,27.578474,0.045777034
20.779999,-22.986637,6.908345,0.36554214
20.8,-8.564792,-17.126686,-0.4338706
20.82,25.08618,-2.385201,0.20565958
20.84,73.159,16.20189,0.36554214
20.859999,-27.793919,3.5434403,0.5254247
20.88,-3.7575107,8.510681,0.36554214
20.9,-8.564792,-24.978128,0.20565958
20.92,20.278896,-3.9875362,0.68530726
20.939999,10.664334,-0.30216488,0.20565958
20.96,-8.564792,-29.464666,0.045777034
20.98,39.508022,-15.203884,0.36554214
21.0,-42.215763,4.825309,0.20565958
21.02,-37.40848,-4.7887044,0.045777034
21.039999,-37.40848,-1.4237996,0.36554214
21.06,-18.179356,33.827583,0.36554214
21.08,1.049771,-9.275244,-0.114105515
21.1,-56.637608,-6.5512733,0.045777034
21.119999,5.857053,-14.883417,0.045777034
21.14,-3.7575107,7.0685787,0.045777034
21.16,1.049771,-9.115009,0.045777034
21.18,15.471616,0.9797035,-0.114105515
21.199999,-3.7575107,10.27325,0.20565958
21.22,58.737152,18.284927,-0.2739881
21.24,-32.6012,-5.910339,-0.2739881
21.26,5.857053,-7.192207,0.20565958
21.279999,-32.6012,-8.634309,-0.114105515
21.3,-18.179356,2.261572,0.045777034
21.32,-3.7575107,0.17853576,0.045777034
21.34,-3.7575107,4.3446083,0.20565958
21.359999,-3.7575107,-5.589872,0.045777034
21.38,-3.7575107,-0.62263197,0.36554214
21.4,-3.7575107,8.831148,0.36554214
21.42,1.049771,19.727032,0.045777034
21.439999,-8.564792,21.329365,-0.2739881
21.46,-8.564792,-3.6670694,-0.114105515
21.48,5.857053,22.130533,-0.114105515
21.5,25.08618,12.51652,0.045777034
21.52,15.471616,19.887262,-0.114105515
21.539999,-32.6012,1.9411048,0.20565958
21.56,10.664334,-16.005053,0.20565958
21.58,20.278896,3.7036738,0.045777034
21.6,-27.793919,-15.364117,-0.114105515
21.619999,34.700745,10.433483,0.68530726
21.64,-13.372073,15.080256,0.5254247
21.66,5.857053,11.074417,0.045777034
21.68,73.159,5.6264763,-0.4338706
21.699999,15.471616,-13.441315,-0.4338706
21.72,1.049771,15.560958,0.045777034
21.74,53.92987,-16.966454,-0.4338706
21.76,10.664334,5.78671,-0.2739881
21.779999,15.471616,-8.313842,0.20565958
21.8,-13.372073,-9.59571,-0.114105515
21.82,-18.179356,-18.729021,0.045777034
21.84,-13.372073,-10.557112,-0.114105515
21.859999,-3.7575107,0.33876932,0.68530726
21.88,-3.7575107,-51.25642,-0.2739881
21.9,25.08618,-6.0705724,0.20565958
21.92,-3.7575107,22.931702,-0.114105515
21.939999,-3.7575107,1.7808713,-0.2739881
21.96,1.049771,-0.9430991,0.36554214
21.98,-32.6012,18.445162,0.8451898
22.0,20.278896,3.0627398,0.045777034
22.02,25.08618,-12.159447,-0.114105515
22.039999,-13.372073,6.2674108,-0.2739881
22.06,53.92987,-28.022566,-0.59375316
22.08,-47.023045,-12.640147,-0.114105515
22.1,15.471616,15.080256,-0.2739881
22.119999,-3.7575107,14.1188545,-0.114105515
22.14,-13.372073,33.50712,-0.114105515
22.16,-13.372073,34.308285,-0.4338706
22.18,-13.372073,-7.192207,0.045777034
22.199999,29.893461,-11.037811,-0.59375316
22.22,-18.179356,-21.292757,-0.2739881
22.24,25.08618,-1.5840333,0.045777034
22.26,1.049771,-15.04365,-0.4338706
22.279999,-32.6012,-7.993375,-0.4338706
22.3,-8.564792,-10.717345,-1.0734009
22.32,-66.25217,-35.71377,-0.4338706
22.34,-3.7575107,-4.14777,-0.114105515
22.359999,-13.372073,6.908345,0.36554214
22.38,5.857053,12.676753,0.045777034
22.4,20.278896,13.157454,-0.2739881
22.42,25.08618,6.5878778,-0.4338706
22.439999,5.857053,-2.5454345,-0.114105515
22.46,1.049771,-6.5512733,0.045777034
22.48,1.049771,-73.208405,-0.4338706
22.5,-3.7575107,10.593717,0.045777034
22.519999,-37.40848,-8.474075,-0.114105515
22.539999,-22.986637,3.2229733,-0.59375316
22.56,-3.7575107,-11.678746,-0.59375316
22.58,-22.986637,-1.1033326,-0.114105515
22.6,-8.564792,1.9411048,0.36554214
22.619999,1.049771,28.059177,0.36554214
22.64,-3.7575107,55.138657,-0.2739881
22.66,-18.179356,15.881425,-0.4338706
22.68,-47.023045,-58.466927,-0.9135183
22.699999,15.471616,-23.536026,-0.59375316
22.72,15.471616,8.510681,-0.59375316
22.74,5.857053,2.902506,-0.114105515
22.76,-3.7575107,-6.3910394,-0.2739881
22.779999,10.664334,-4.6284704,-0.4338706
22.8,-27.793919,-46.128952,-0.9135183
22.82,-22.986637,18.124695,-0.4338706
22.84,29.893461,-6.230806,-0.2739881
22.859999,10.664334,4.9855423,-1.0734009
22.88,-13.372073,7.228812,0.045777034
22.9,5.857053,-6.8717403,-0.2739881
22.92,20.278896,-10.877579,-0.4338706
22.939999,10.664334,-0.7828655,-0.114105515
22.96,-32.6012,-19.530188,-0.2739881
22.98,1.049771,-18.889254,0.045777034
23.0,-3.7575107,-1.5840333,-0.4338706
23.019999,-3.7575107,-4.7887044,-0.2739881
23.039999,-22.986637,-8.153608,-0.9135183
23.06,-47.023045,41.5188,0.5254247
23.08,1.049771,-30.426067,0.20565958
23.1,29.893461,-6.0705724,-0.2739881
23.119999,49.122585,15.24049,-0.114105515
23.14,-3.7575107,3.0627398,-0.2739881
23.16,-18.179356,20.207731,-0.4338706
23.18,-13.372073,0.17853576,0.20565958
23.199999,10.664334,-8.634309,-0.4338706
23.22,-32.6012,11.234652,-0.114105515
23.24,20.278896,9.632316,-0.2739881
23.26,20.278896,21.810066,-0.4338706
23.279999,5.857053,-28.022566,-0.4338706
23.3,20.278896,-5.429638,0.045777034
23.32,-3.7575107,-16.80622,-0.4338706
23.34,1.049771,-14.242482,-0.4338706
23.359999,-8.564792,-15.684585,-0.4338706
23.38,5.857053,13.477921,0.20565958
23.4,-3.7575107,-5.910339,-0.4338706
23.42,34.700745,-12.31968,-0.7536357
23.439999,-8.564792,-9.435476,-0.2739881
23.46,-3.7575107,-15.203884,-0.4338706
23.48,15.471616,23.732868,0.20565958
23.5,5.857053,36.872025,0.5254247
23.519999,-27.793919,-5.910339,-0.114105515
23.539999,-8.564792,-7.833141,-0.114105515
23.56,25.08618,-12.159447,0.36554214
23.58,-42.215763,-24.817896,-0.2739881
23.6,-22.986637,20.047497,-0.114105515
23.619999,39.508022,2.7422726,-0.114105515
23.64,25.08618,58.02286,-0.4338706
23.66,15.471616,7.228812,-0.7536357
23.68,1.049771,28.860344,0.045777034
23.699999,25.08618,-50.455254,-0.2739881
23.72,-18.179356,-22.254158,-0.114105515
23.74,-8.564792,-13.441315,-0.4338706
23.76,5.857053,-26.259996,-0.4338706
23.779999,92.38812,-13.120848,-0.9135183
23.8,-3.7575107,-3.5068357,-0.4338706
23.82,-18.179356,-17.286919,-0.2739881
23.84,-32.6012,-1.1033326,-0.59375316
23.859999,-3.7575107,6.5878778,-0.114105515
23.88,-3.7575107,-8.634309,-0.2739881
23.9,44.315308,0.6592364,-0.114105515
23.92,-8.564792,15.560958,-0.4338706
23.939999,-18.179356,8.350447,-0.4338706
23.96,-3.7575107,-12.640147,-0.114105515
23.98,-27.793919,-28.503265,-0.59375316
24.0,-13.372073,-13.281082,-0.7536357
24.019999,20.278896,15.24049,-0.2739881
24.039999,-18.179356,36.070858,-0.114105515
24.06,-47.023045,-18.568789,-0.2739881
24.08,-51.830326,14.599556,-0.4338706
24.1,-61.44489,11.715352,-0.4338706
24.119999,-13.372073,10.27325,-0.59375316
24.14,-8.564792,6.908345,-0.59375316
24.16,-27.793919,10.75395,0.045777034
24.18,-27.793919,-13.281082,-0.2739881
24.199999,-66.25217,-16.325518,-0.2739881
24.22,29.893461,9.151615,-0.59375316
24.24,1.049771,-1.7442669,-0.4338706
24.26,5.857053,-12.159447,-0.114105515
24.279999,-37.40848,11.074417,-0.114105515
24.3,5.857053,16.362125,-0.4338706
24.32,-3.7575107,19.406563,-0.114105515
24.34,-32.6012,-14.242482,-0.4338706
24.359999,-13.372073,-13.922015,-0.114105515
24.38,15.471616,-7.0319734,-0.4338706
24.4,10.664334,-23.21556,-0.4338706
24.42,-47.023045,-4.3080034,-0.114105515
24.439999,-61.44489,-25.138361,-0.2739881
24.46,-22.986637,-1.7442669,-0.114105515
24.48,-22.986637,-3.3466022,-0.4338706
24.5,1.049771,28.21941,0.20565958
24.519999,20.278896,7.709513,0.20565958
24.539999,63.54443,41.9995,0.8451898
24.56,-18.179356,-9.435476,0.36554214
24.58,25.08618,50.491882,-0.4338706
24.6,-13.372073,10.27325,-0.59375316
24.619999,-3.7575107,0.6592364,-0.2739881
24.64,1.049771,2.261572,0.36554214
24.66,5.857053,29.020578,0.20565958
24.68,15.471616,-26.099764,-0.2739881
24.699999,-8.564792,-3.1863687,-0.59375316
24.72,29.893461,-10.076411,-0.4338706
24.74,-8.564792,2.5820389,-1.0734009
24.76,34.700745,31.103615,0.20565958
24.779999,-3.7575107,16.362125,0.20565958
24.8,20.278896,-4.6284704,0.045777034
24.82,111.61725,18.765629,-0.114105515
24.84,15.471616,-0.30216488,0.045777034
24.859999,1.049771,-13.922015,-0.4338706
24.88,-13.372073,-26.259996,-0.2739881
24.9,10.664334,-3.827303,0.36554214
24.92,-8.564792,-17.927853,0.045777034
24.939999,-13.372073,-13.601548,0.045777034
24.96,34.700745,-28.983965,-0.2739881
24.98,-3.7575107,7.709513,-0.59375316
25.0,-22.986637,2.902506,-0.114105515
25.019999,20.278896,-35.874004,-0.4338706
25.039999,1.049771,-3.026135,0.36554214
25.06,25.08618,-1.7442669,0.20565958
25.08,58.737152,-14.562949,-0.2739881
25.1,5.857053,-6.711507,0.045777034
25.119999,-3.7575107,5.9469438,0.045777034
25.14,-13.372073,16.362125,0.045777034
25.16,5.857053,-8.313842,0.045777034
25.18,15.471616,-8.474075,-0.114105515
25.199999,-18.179356,24.534037,0.045777034
25.22,1.049771,-1.1033326,0.5254247
25.24,-3.7575107,7.228812,0.045777034
25.26,-51.830326,30.142212,0.045777034
25.279999,20.278896,-4.14777,0.20565958
25.3,25.08618,2.902506,0.36554214
25.32,15.471616,-36.835407,0.36554214
25.34,15.471616,3.8639073,-0.114105515
25.359999,1.049771,5.78671,0.045777034
25.38,58.737152,-7.672908,-0.114105515
25.4,10.664334,-6.0705724,-0.114105515
25.42,-42.215763,11.715352,0.36554214
25.439999,68.35171,-9.275244,0.045777034
25.46,-3.7575107,-10.717345,0.045777034
25.48,-13.372073,-31.387466,0.045777034
25.5,44.315308,10.75395,0.20565958
25.519999,-8.564792,10.433483,1.164955
25.539999,15.471616,6.2674108,0.20565958
25.56,-3.7575107,0.81947,0.20565958
25.58,29.893461,-14.562949,-0.59375316
25.599998,25.08618,10.914185,0.20565958
25.619999,1.049771,7.549279,0.36554214
25.64,15.471616,-28.983965,-0.114105515
25.66,-13.372073,-17.76762,0.36554214
25.68,-13.372073,5.466243,0.20565958
25.699999,5.857053,9.311849,0.5254247
25.72,-27.793919,-49.974552,0.20565958
25.74,39.508022,-17.607388,0.20565958
25.76,-3.7575107,17.804228,0.20565958
25.779999,25.08618,8.510681,0.36554214
25.8,-27.793919,14.599556,0.68530726
25.82,15.471616,-16.165285,0.20565958
25.84,-8.564792,-0.14193134,0.045777034
25.859999,25.08618,10.27325,0.68530726
25.88,5.857053,-14.883417,0.5254247
25.9,20.278896,60.426365,0.8451898
25.92,49.122585,-27.702099,0.20565958
25.939999,-22.986637,-12.31968,0.045777034
25.96,53.92987,14.920023,0.68530726
25.98,53.92987,5.6264763,0.68530726
26.0,20.278896,8.991381,0.5254247
26.019999,5.857053,-14.242482,-0.4338706
26.039999,-22.986637,-20.972292,0.36554214
26.06,29.893461,-31.387466,-0.114105515
26.08,20.278896,-0.14193134,0.5254247
26.099998,-13.372073,8.670914,0.20565958
26.119999,10.664334,-4.7887044,0.045777034
26.14,1.049771,-20.49159,0.36554214
26.16,-8.564792,18.124695,-0.114105515
26.18,15.471616,0.6592364,0.68530726
26.199999,-8.564792,-11.198046,0.20565958
26.22,29.893461,-2.7056682,0.045777034
26.24,5.857053,-16.165285,0.20565958
26.26,5.857053,-16.165285,0.20565958
26.279999,-27.793919,6.908345,0.36554214
26.3,-8.564792,-24.497427,0.20565958
26.32,-3.7575107,-28.182798,0.045777034
26.34,53.92987,-11.999213,0.5254247
26.359999,-22.986637,-2.8659017,0.045777034
26.38,-8.564792,-10.717345,0.045777034
26.4,-42.215763,-8.313842,0.045777034
26.42,39.508022,-42.283344,0.20565958
26.439999,10.664334,14.599556,0.8451898
26.46,68.35171,-47.250584,0.8451898
26.48,-13.372073,-16.005053,0.045777034
26.5,-8.564792,2.1013381,0.20565958
26.519999,68.35171,-57.986225,-0.2739881
26.539999,10.664334,-11.83898,0.20565958
26.56,5.857053,42.640434,0.20565958
26.58,-27.793919,-17.286919,0.20565958
26.599998,-80.67402,-7.672908,0.045777034
26.619999,-13.372073,-20.972292,0.045777034
26.64,5.857053,-9.916177,-0.4338706
26.66,1.049771,-23.375792,0.045777034
26.68,25.08618,-1.2635663,0.5254247
26.699999,25.08618,-9.59571,0.68530726
26.72,1.049771,-4.3080034,-0.2739881
26.74,10.664334,12.035819,0.5254247
26.76,1.049771,0.33876932,-0.114105515
26.779999,15.471616,-4.6284704,-0.4338706
26.8,-3.7575107,39.435764,0.045777034
26.82,20.278896,7.228812,0.20565958
26.84,-13.372073,-47.571053,-0.114105515
26.859999,-8.564792,-0.30216488,0.20565958
26.88,15.471616,-13.601548,0.20565958
26.9,-27.793919,14.1188545,-0.4338706
26.92,49.122585,-35.07284,-0.2739881
26.939999,25.08618,12.8369875,0.36554214
26.96,10.664334,-27.38163,-0.114105515
26.98,-3.7575107,17.323528,0.045777034
27.0,-18.179356,33.50712,-0.114105515
27.019999,106.80997,-3.9875362,-0.59375316
27.039999,44.315308,-19.530188,-0.2739881
27.06,-27.793919,-31.227234,0.045777034
27.08,-18.179356,-1.5840333,-0.2739881
27.099998,-42.215763,3.2229733,0.045777034
27.119999,-8.564792,-16.966454,-0.2739881
27.14,5.857053,-41.00148,-0.114105515
27.16,25.08618,-3.9875362,-0.2739881
27.18,-42.215763,4.184375,-0.4338706
27.199999,-51.830326,13.317687,-0.114105515
27.22,-3.7575107,33.66735,-0.59375316
27.24,-8.564792,-10.076411,-0.2739881
27.26,25.08618,3.2229733,-0.2739881
27.279999,1.049771,-2.8659017,0.045777034
27.3,-22.986637,1.3001705,0.5254247
27.32,5.857053,28.379642,-0.2739881
27.34,1.049771,1.3001705,0.045777034
27.359999,-3.7575107,-7.352441,-0.7536357
27.38,15.471616,-23.055326,-0.59375316
27.4,-3.7575107,-6.230806,0.20565958
27.42,5.857053,62.9901,0.045777034
27.439999,5.857053,-5.589872,-0.2739881
27.46,-99.903145,-3.5068357,0.5254247
27.48,5.857053,-19.369957,-0.4338706
27.5,-8.564792,-16.80622,-0.2739881
27.519999,10.664334,-13.281082,-0.2739881
27.539999,-8.564792,3.3832066,-0.114105515
27.56,44.315308,10.593717,-0.114105515
27.58,20.278896,-7.672908,-0.7536357
27.599998,-22.986637,-27.862331,-0.114105515
27.619999,-13.372073,-18.088087,0.045777034
27.64,-3.7575107,-19.530188,0.5254247
27.66,-18.179356,-58.466927,0.045777034
27.68,1.049771,-3.3466022,-0.114105515
27.699999,-3.7575107,-3.9875362,0.045777034
27.72,-37.40848,39.916462,0.68530726
27.74,-18.179356,-32.669334,-0.2739881
27.76,-8.564792,3.0627398,0.045777034
27.779999,25.08618,30.94338,0.5254247
27.8,-42.215763,7.8697467,0.5254247
27.82,-3.7575107,1.6206378,0.045777034
27.84,-18.179356,25.174973,-0.114105515
27.859999,1.049771,-4.468237,-0.2739881
27.88,1.049771,-5.2694044,-0.59375316
27.9,-56.637608,22.451,0.36554214
27.92,58.737152,-33.470505,0.5254247
27.939999,5.857053,7.0685787,0.36554214
27.96,5.857053,-23.375792,-0.4338706
27.98,29.893461,-8.634309,-0.9135183
28.0,-13.372073,44.883705,-0.4338706
28.019999,10.664334,3.5434403,0.045777034
28.039999,29.893461,-20.331356,-0.4338706
28.06,111.61725,-55.262257,0.045777034
28.08,10.664334,2.902506,0.20565958
28.099998,63.54443,-21.452991,0.20565958
28.119999,10.664334,8.190214,0.36554214
28.14,-3.7575107,28.700111,0.68530726
28.16,-18.179356,4.504842,0.20565958
28.18,10.664334,0.6592364,-0.2739881
28.199999,39.508022,18.445162,-0.114105515
28.22,-8.564792,39.756226,0.36554214
28.24,-3.7575107,4.6650753,-0.114105515
28.26,1.049771,-11.198046,0.045777034
28.279999,15.471616,-18.408554,0.045777034
28.3,15.471616,-13.281082,-0.2739881
28.32,-18.179356,-17.286919,-0.9135183
28.34,44.315308,-6.3910394,0.045777034
28.359999,-18.179356,-56.864594,-0.7536357
28.38,25.08618,9.792548,0.045777034
28.4,-42.215763,-21.132523,0.045777034
28.42,-3.7575107,2.1013381,-0.2739881
28.439999,-13.372073,27.258009,0.20565958
28.46,20.278896,0.9797035,0.045777034
28.48,-3.7575107,8.510681,0.36554214
28.5,49.122585,11.394884,0.045777034
28.519999,-8.564792,-14.883417,-0.114105515
28.539999,-3.7575107,8.991381,0.20565958
28.56,-3.7575107,-11.358279,-0.2739881
28.58,25.08618,0.33876932,0.045777034
28.599998,-18.179356,-8.153608,-0.2739881
28.619999,15.471616,7.549279,-0.4338706
28.64,5.857053,-14.242482,-0.114105515
28.66,5.857053,40.397163,0.045777034
28.68,-47.023045,55.298885,0.36554214
28.699999,-13.372073,-3.5068357,0.20565958
28.72,-32.6012,-1.2635663,-0.114105515
28.74,15.471616,21.649834,-0.114105515
28.76,-22.986637,-5.429638,0.045777034
28.779999,-27.793919,9.792548,-0.114105515
28.8,34.700745,5.466243,-0.7536357
28.82,10.664334,4.504842,-0.7536357
28.84,10.664334,-10.877579,-0.7536357
28.859999,-8.564792,11.234652,-0.114105515
28.88,5.857053,1.6206378,0.68530726
28.9,10.664334,43.4416,0.36554214
28.92,15.471616,0.17853576,0.5254247
28.939999,15.471616,-13.922015,-0.114105515
28.96,87.58084,12.99722,-0.2739881
28.98,-22.986637,12.196053,-0.2739881
29.0,15.471616,52.895386,-0.114105515
29.019999,29.893461,-20.972292,-0.114105515
29.039999,29.893461,-4.14777,-0.59375316
29.06,25.08618,1.139937,0.045777034
29.08,1.049771,-18.088087,0.045777034
29.099998,-27.793919,-3.5068357,0.36554214
29.119999,-8.564792,-0.7828655,0.045777034
29.14,20.278896,-50.615486,0.36554214
29.16,1.049771,11.875586,-0.4338706
29.179998,29.893461,-16.485752,-0.4338706
29.199999,-42.215763,-8.153608,-0.59375316
29.22,10.664334,18.124695,0.20565958
29.24,-8.564792,-14.402717,0.5254247
29.26,-71.05945,12.035819,-0.114105515
29.279999,15.471616,-43.88568,-0.59375316
29.3,-18.179356,4.9855423,0.20565958
29.32,15.471616,-16.966454,0.20565958
29.34,-32.6012,-4.468237,0.5254247
29.359999,15.471616,-3.3466022,-0.4338706
29.38,10.664334,-2.8659017,0.20565958
29.4,10.664334,32.70595,-0.2739881
29.42,-3.7575107,38.95506,-0.4338706
29.439999,5.857053,11.394884,-0.2739881
29.46,-8.564792,17.00306,-0.114105515
29.48,-8.564792,18.605394,0.045777034
29.5,-22.986637,-10.236644,-0.2739881
29.519999,-3.7575107,-17.126686,-0.114105515
29.539999,-27.793919,-25.298595,-0.2739881
29.56,1.049771,-37.31611,-0.59375316
29.58,5.857053,23.252169,-0.2739881
29.599998,-37.40848,-10.717345,0.20565958
29.619999,1.049771,-14.242482,-0.7536357
29.64,5.857053,19.887262,0.045777034
29.66,25.08618,-9.435476,-0.7536357
29.679998,-13.372073,17.163294,-0.7536357
29.699999,-3.7575107,0.33876932,-0.2739881
29.72,10.664334,20.68843,0.68530726
29.74,5.857053,-50.615486,0.20565958
29.76,15.471616,5.9469438,0.045777034
29.779999,10.664334,-25.619062,-0.114105515
29.8,-13.372073,-0.14193134,0.045777034
29.82,29.893461,27.097775,0.36554214
29.84,-71.05945,8.350447,-0.114105515
29.859999,20.278896,-10.076411,-0.2739881
29.88,-13.372073,7.709513,0.045777034
29.9,1.049771,-3.3466022,-0.114105515
29.92,-32.6012,18.605394,0.045777034
29.939999,49.122585,8.991381,0.5254247
29.96,5.857053,13.638155,-0.114105515
29.98,34.700745,3.2229733,0.20565958
30.0,-18.179356,39.756226,-0.4338706
30.019999,-3.7575107,-2.8659017,-0.2739881
30.039999,-37.40848,10.27325,-0.4338706
30.06,25.08618,34.148052,-0.2739881
30.08,44.315308,31.263847,0.5254247
30.099998,5.857053,-27.702099,-0.2739881
30.119999,-13.372073,17.323528,0.20565958
30.14,-13.372073,-48.051754,-0.2739881
30.16,-13.372073,11.234652,-0.114105515
30.179998,15.471616,-27.2214,-0.9135183
30.199999,-22.986637,-0.62263197,-0.114105515
30.22,-22.986637,-29.304434,-0.114105515
30.24,-42.215763,4.3446083,-0.2739881
30.26,-3.7575107,-1.9045002,-0.114105515
30.279999,20.278896,-10.557112,-0.7536357
30.3,15.471616,17.483759,-0.59375316
30.32,1.049771,26.93754,-0.114105515
30.34,25.08618,8.670914,-0.114105515
30.359999,1.049771,9.632316,0.36554214
30.38,-3.7575107,0.17853576,-0.114105515
30.4,-32.6012,-11.999213,-0.2739881
30.42,34.700745,-32.82957,-0.7536357
30.439999,-22.986637,9.311849,-0.2739881
30.46,5.857053,1.6206378,-0.4338706
30.48,-8.564792,13.317687,-0.59375316
30.5,-3.7575107,-15.844818,-0.2739881
30.519999,-8.564792,5.9469438,-0.4338706
30.539999,20.278896,-11.999213,-0.59375316
30.56,-18.179356,9.311849,0.045777034
30.58,10.664334,-1.7442669,0.68530726
30.599998,-18.179356,-22.574625,-0.114105515
30.619999,68.35171,-4.14777,-0.114105515
30.64,-27.793919,-3.1863687,-0.2739881
30.66,29.893461,30.94338,0.20565958
30.679998,5.857053,2.5820389,0.045777034
30.699999,-13.372073,-12.159447,0.20565958
30.72,-27.793919,-20.972292,-0.2739881
30.74,-18.179356,2.7422726,0.20565958
30.76,25.08618,0.9797035,-0.2739881
30.779999,15.471616,18.284927,0.20565958
30.8,5.857053,5.3060093,0.20565958
30.82,5.857053,-11.83898,0.045777034
30.84,5.857053,22.77147,0.045777034
30.859999,-8.564792,-5.2694044,-0.4338706
30.88,-13.372073,2.4218054,0.20565958
30.9,20.278896,16.682592,0.20565958
30.92,-3.7575107,20.528198,0.20565958
30.939999,-3.7575107,-4.14777,0.20565958
30.96,-3.7575107,6.5878778,-0.114105515
30.98,-3.7575107,37.67319,0.045777034
31.0,87.58084,-5.429638,0.045777034
31.019999,34.700745,-10.877579,-0.59375316
31.039999,1.049771,-4.7887044,0.20565958
31.06,5.857053,-16.966454,0.20565958
31.08,-8.564792,-0.14193134,0.36554214
31.099998,-18.179356,43.601833,0.36554214
31.119999,10.664334,10.27325,-0.114105515
31.14,10.664334,-13.601548,-1.0734009
31.16,1.049771,17.643993,0.20565958
31.179998,-8.564792,4.184375,0.20565958
31.199999,1.049771,19.086096,-0.2739881
31.22,-51.830326,-1.4237996,-0.114105515
31.24,-13.372073,-38.117275,-0.114105515
31.26,-3.7575107,-1.4237996,0.5254247
31.279999,-18.179356,2.4218054,-0.2739881
31.3,-8.564792,2.4218054,0.20565958
31.32,-13.372073,-10.076411,-0.114105515
31.34,34.700745,-9.435476,-0.4338706
31.359999,-80.67402,6.2674108,0.20565958
31.38,20.278896,-1.7442669,0.20565958
31.4,-3.7575107,29.501278,-0.4338706
31.42,-13.372073,-0.46239844,0.045777034
31.439999,20.278896,-0.62263197,-0.114105515
31.46,-27.793919,10.433483,0.5254247
31.48,-13.372073,-11.518513,0.045777034
31.5,1.049771,-18.729021,0.045777034
31.519999,-18.179356,57.06146,0.045777034
31.539999,1.049771,15.72119,0.5254247
31.56,-8.564792,-6.711507,-0.114105515
31.58,25.08618,2.902506,-0.59375316
31.599998,-27.793919,10.27325,-0.59375316
31.619999,20.278896,24.854506,-0.4338706
31.64,73.159,-15.684585,0.20565958
31.66,-13.372073,-13.601548,0.045777034
31.679998,-8.564792,-25.779295,-0.4338706
31.699999,-32.6012,-18.408554,-0.114105515
31.72,-32.6012,-30.906769,-0.2739881
31.74,10.664334,4.504842,0.045777034
31.76,-3.7575107,-5.7501054,0.045777034
31.779999,25.08618,14.439322,0.36554214
31.8,-3.7575107,-1.4237996,0.045777034
31.82,10.664334,10.593717,0.20565958
31.84,-3.7575107,-11.999213,0.045777034
31.859999,5.857053,-2.385201,-0.114105515
31.88,-22.986637,6.908345,0.68530726
31.9,34.700745,-29.464666,0.045777034
31.92,-27.793919,41.198334,0.20565958
31.939999,1.049771,32.065014,-0.114105515
31.96,-3.7575107,5.3060093,0.045777034
31.98,34.700745,-3.3466022,-0.2739881
32.0,1.049771,-4.3080034,0.36554214
32.02,1.049771,2.1013381,0.8451898
32.04,1.049771,13.317687,0.20565958
32.059998,-27.793919,51.933983,0.68530726
32.079998,34.700745,-22.574625,0.045777034
32.1,-18.179356,-1.5840333,-0.114105515
32.12,-22.986637,14.279089,-0.4338706
32.14,-18.179356,15.881425,0.045777034
32.16,-8.564792,-45.007313,0.045777034
32.18,-8.564792,-29.1442,-0.4338706
32.2,-27.793919,24.854506,0.045777034
32.219997,34.700745,-15.844818,-0.2739881
32.239998,-3.7575107,14.439322,0.5254247
32.26,20.278896,0.81947,0.5254247
32.28,111.61725,-33.951202,0.68530726
32.3,44.315308,-21.613226,0.68530726
32.32,10.664334,-7.352441,0.045777034
32.34,-18.179356,-6.230806,-0.114105515
32.36,15.471616,1.4604042,0.045777034
32.38,53.92987,-3.5068357,0.5254247
32.399998,-32.6012,9.311849,0.36554214
32.42,44.315308,-3.1863687,0.68530726
32.44,-8.564792,-7.192207,0.36554214
32.46,-3.7575107,3.7036738,0.5254247
32.48,34.700745,-3.827303,0.68530726
32.5,-13.372073,25.815907,1.0050724
32.52,1.049771,-5.910339,0.5254247
32.54,-13.372073,12.196053,0.5254247
32.559998,29.893461,-26.580463,-0.2739881
32.579998,29.893461,-14.562949,0.36554214
32.6,1.049771,33.026417,0.8451898
32.62,34.700745,-6.0705724,0.36554214
32.64,-8.564792,-2.7056682,0.8451898
32.66,-3.7575107,0.49900287,0.045777034
32.68,20.278896,-4.3080034,0.045777034
32.7,-27.793919,18.925863,0.5254247
32.719997,-3.7575107,51.132812,0.8451898
32.739998,-37.40848,-17.76762,0.68530726
32.76,-32.6012,-25.779295,0.5254247
32.78,25.08618,-1.7442669,0.68530726
32.8,1.049771,-5.589872,0.5254247
32.82,29.893461,-16.966454,0.20565958
32.84,-27.793919,-14.242482,0.045777034
32.86,15.471616,-7.993375,0.36554214
32.88,10.664334,-8.474075,-0.114105515
32.899998,10.664334,-3.026135,-0.2739881
32.92,34.700745,-16.005053,0.045777034
32.94,20.278896,-44.526615,0.20565958
32.96,-13.372073,-30.746534,0.8451898
32.98,5.857053,-11.037811,0.8451898
33.0,5.857053,-6.0705724,0.045777034
33.02,-42.215763,4.6650753,0.5254247
33.04,73.159,-20.171124,0.20565958
33.059998,20.278896,2.1013381,0.045777034
33.079998,1.049771,2.4218054,0.20565958
33.1,-3.7575107,-22.895092,0.68530726
33.12,5.857053,-1.2635663,0.20565958
33.14,10.664334,-4.7887044,0.36554214
33.16,5.857053,6.4276443,0.36554214
33.18,1.049771,-5.1091714,0.36554214
33.2,-8.564792,30.142212,0.5254247
33.219997,-3.7575107,5.145776,0.68530726
33.239998,1.049771,-27.38163,0.36554214
33.26,15.471616,10.27325,0.5254247
33.28,-3.7575107,8.190214,-0.114105515
33.3,15.471616,-11.198046,0.045777034
33.32,-3.7575107,10.75395,-0.114105515
33.34,-8.564792,-4.14777,0.20565958
33.36,-3.7575107,7.549279,0.20565958
33.38,-3.7575107,10.75395,0.20565958
33.399998,5.857053,-18.568789,0.20565958
33.42,-3.7575107,-26.099764,0.045777034
33.44,-27.793919,-26.740696,0.20565958
33.46,-32.6012,1.3001705,0.8451898
33.48,-3.7575107,-57.505527,-0.114105515
33.5,15.471616,27.418243,-0.114105515
33.52,53.92987,-0.14193134,0.045777034
33.54,-8.564792,-16.966454,-0.2739881
33.559998,-18.179356,21.329365,-0.114105515
33.579998,39.508022,8.190214,0.36554214
33.6,5.857053,-22.895092,0.5254247
33.62,-18.179356,-6.3910394,0.5254247
33.64,1.049771,-12.640147,0.20565958
33.66,-47.023045,-19.209723,0.20565958
33.68,-13.372073,-1.2635663,0.5254247
33.7,-8.564792,34.46852,0.045777034
33.719997,10.664334,-12.640147,0.045777034
33.739998,1.049771,26.617075,0.045777034
33.76,-3.7575107,32.385483,0.045777034
33.78,20.278896,5.466243,0.045777034
33.8,1.049771,27.258009,0.20565958
33.82,-42.215763,14.279089,1.3248374
33.84,1.049771,-11.999213,0.045777034
33.86,1.049771,-16.325518,0.045777034
33.88,5.857053,-32.5091,-0.4338706
33.899998,20.278896,-28.022566,0.045777034
33.92,10.664334,-14.08225,0.045777034
33.94,5.857053,12.51652,0.68530726
33.96,-22.986637,-14.402717,1.164955
33.98,5.857053,-28.182798,0.045777034
34.0,-3.7575107,27.578474,0.8451898
34.02,1.049771,5.3060093,0.045777034
34.04,44.315308,-12.31968,0.8451898
34.059998,20.278896,17.163294,0.5254247
34.079998,-8.564792,-8.474075,0.36554214
34.1,34.700745,-10.877579,0.20565958
34.12,-27.793919,-0.30216488,-0.114105515
34.14,5.857053,35.91062,0.20565958
34.16,29.893461,-3.9875362,0.20565958
34.18,-18.179356,25.174973,0.5254247
34.2,-8.564792,29.98198,0.68530726
34.219997,5.857053,-2.5454345,0.5254247
34.239998,29.893461,22.130533,0.68530726
34.26,5.857053,2.261572,0.5254247
34.28,-18.179356,-0.62263197,0.5254247
34.3,25.08618,-22.574625,0.20565958
34.32,20.278896,-7.5126743,0.5254247
34.34,20.278896,-6.230806,0.36554214
34.36,5.857053,-2.0647337,0.045777034
34.38,20.278896,8.02998,-0.114105515
34.399998,20.278896,-11.037811,0.36554214
34.42,20.278896,16.20189,0.5254247
34.44,-56.637608,1.6206378,0.20565958
34.46,-27.793919,12.196053,-0.114105515
34.48,1.049771,-10.557112,0.045777034
34.5,15.471616,-11.358279,0.20565958
34.52,5.857053,6.7481112,-0.114105515
34.54,10.664334,-22.895092,-0.2739881
34.559998,20.278896,-2.385201,-0.114105515
34.579998,-3.7575107,-11.198046,-0.114105515
34.6,-61.44489,-10.236644,-0.114105515
34.62,68.35171,-12.640147,0.20565958
34.64,29.893461,-7.352441,-0.114105515
34.66,44.315308,9.311849,-0.59375316
34.68,34.700745,18.765629,0.045777034
34.7,5.857053,43.76207,0.68530726
34.719997,-32.6012,-1.7442669,0.20565958
34.739998,25.08618,27.738708,-0.4338706
34.76,10.664334,19.246328,0.045777034
34.78,5.857053,-13.120848,0.20565958
34.8,-8.564792,-32.82957,0.20565958
34.82,15.471616,-2.385201,0.20565958
34.84,5.857053,-16.485752,0.36554214
34.86,53.92987,-24.016727,0.20565958
34.88,-8.564792,-14.242482,0.36554214
34.899998,-27.793919,8.350447,0.20565958
34.92,49.122585,2.902506,0.045777034
34.94,25.08618,8.02998,-0.114105515
34.96,-32.6012,7.549279,0.20565958
34.98,15.471616,-46.128952,0.045777034
35.0,-42.215763,-36.194473,0.045777034
35.02,1.049771,-18.088087,-0.114105515
35.04,1.049771,20.047497,0.20565958
35.059998,-8.564792,13.798388,0.36554214
35.079998,-42.215763,-16.165285,-0.114105515
35.1,-27.793919,2.261572,-0.114105515
35.12,10.664334,-7.5126743,0.20565958
35.14,44.315308,78.37253,0.5254247
35.16,-3.7575107,11.875586,-0.114105515
35.18,44.315308,-49.81432,-0.114105515
35.2,-8.564792,16.362125,0.045777034
35.219997,-22.986637,2.7422726,0.5254247
35.239998,1.049771,45.043938,0.20565958
35.26,15.471616,-15.04365,-0.59375316
35.28,-42.215763,55.939823,0.36554214
35.3,53.92987,35.269688,0.20565958
35.32,49.122585,11.555119,0.045777034
35.34,15.471616,-5.7501054,-0.2739881
35.36,-13.372073,-18.729021,0.045777034
35.38,15.471616,33.98782,0.20565958
35.399998,5.857053,22.451,-0.4338706
35.42,15.471616,-9.275244,-0.114105515
35.44,5.857053,-15.844818,-0.7536357
35.46,15.471616,3.2229733,0.20565958
35.48,5.857053,13.317687,-0.59375316
35.5,1.049771,-28.503265,-0.7536357
35.52,-3.7575107,27.097775,-0.4338706
35.54,-27.793919,-7.352441,-0.4338706
35.559998,-3.7575107,-1.2635663,-0.2739881
35.579998,-18.179356,1.7808713,0.20565958
35.6,15.471616,-52.378056,-0.2739881
35.62,25.08618,-6.230806,-0.114105515
35.64,63.54443,17.483759,-0.2739881
35.66,1.049771,10.593717,0.20565958
35.68,5.857053,-8.954777,-0.2739881
35.7,15.471616,-30.746534,-0.114105515
35.719997,1.049771,10.914185,0.20565958
35.739998,-22.986637,41.9995,-0.2739881
35.76,1.049771,36.71179,0.045777034
35.78,15.471616,-19.530188,-0.4338706
35.8,-8.564792,-9.435476,-0.59375316
35.82,1.049771,-24.817896,-0.7536357
35.84,10.664334,1.3001705,-0.4338706
35.86,5.857053,9.952783,0.045777034
35.88,-47.023045,16.20189,0.045777034
35.899998,-13.372073,20.047497,-0.114105515
35.92,-13.372073,-31.067003,-0.7536357
35.94,58.737152,30.46268,-0.2739881
35.96,5.857053,-3.6670694,0.045777034
35.98,15.471616,-17.286919,-0.2739881
36.0,-51.830326,9.151615,-0.59375316
36.02,-13.372073,-43.084515,-0.59375316
36.04,-47.023045,-33.630737,-0.4338706
36.059998,15.471616,4.6650753,-0.2739881
36.079998,-13.372073,-35.874004,-0.59375316
36.1,20.278896,7.0685787,-0.4338706
36.12,-61.44489,16.20189,0.045777034
36.14,-42.215763,35.42992,0.5254247
36.16,10.664334,-25.138361,0.045777034
36.18,-32.6012,9.632316,0.045777034
36.2,-3.7575107,13.157454,-0.114105515
36.219997,-8.564792,16.682592,-0.2739881
36.239998,-22.986637,16.20189,-0.4338706
36.26,-18.179356,37.032257,0.045777034
36.28,-8.564792,31.904783,-0.4338706
36.3,29.893461,-4.3080034,-0.114105515
36.32,34.700745,-7.833141,0.045777034
36.34,-3.7575107,-1.4237996,-0.4338706
36.36,-3.7575107,24.053337,0.045777034
36.38,-8.564792,-11.999213,0.045777034
36.399998,1.049771,10.914185,-0.4338706
36.42,20.278896,4.825309,-0.4338706
36.44,15.471616,47.928143,-0.114105515
36.46,1.049771,2.1013381,-0.2739881
36.48,25.08618,44.72347,-0.114105515
36.5,15.471616,-17.607388,-0.114105515
36.52,-27.793919,-7.993375,-0.114105515
36.54,-3.7575107,-6.8717403,-0.2739881
36.559998,1.049771,-21.132523,-0.114105515
36.579998,15.471616,-10.396878,-0.59375316
36.6,-22.986637,11.234652,0.045777034
36.62,15.471616,25.49544,-0.114105515
36.64,15.471616,-11.037811,0.20565958
36.66,1.049771,-6.8717403,-0.2739881
36.68,29.893461,3.3832066,0.36554214
36.7,20.278896,-13.441315,0.36554214
36.719997,-3.7575107,-2.7056682,0.045777034
36.739998,25.08618,55.45912,0.5254247
36.76,10.664334,-7.5126743,-0.114105515
36.78,49.122585,17.323528,0.20565958
36.8,53.92987,5.466243,-0.2739881
36.82,25.08618,-34.27167,-0.114105515
36.84,1.049771,15.080256,0.5254247
36.86,10.664334,42.800667,0.68530726
36.88,25.08618,-24.17696,-0.4338706
36.899998,34.700745,7.228812,-0.114105515
36.92,-13.372073,6.5878778,0.045777034
36.94,49.122585,-32.34887,-0.4338706
36.96,15.471616,-5.910339,0.045777034
36.98,1.049771,15.881425,0.68530726
37.0,20.278896,3.3832066,0.68530726
37.02,58.737152,-3.6670694,0.045777034
37.04,-3.7575107,0.018302217,0.68530726
37.059998,15.471616,19.246328,0.5254247
37.079998,-13.372073,31.263847,0.045777034
37.1,-3.7575107,0.6592364,-0.114105515
37.12,5.857053,-40.360542,-0.2739881
37.14,63.54443,-12.159447,-0.114105515
37.16,53.92987,2.7422726,0.20565958
37.18,-13.372073,3.8639073,0.045777034
37.2,-32.6012,43.4416,0.5254247
37.219997,10.664334,22.931702,0.36554214
37.239998,15.471616,-20.812057,-0.4338706
37.26,15.471616,33.66735,-0.114105515
37.28,-18.179356,19.246328,0.5254247
37.3,1.049771,-19.850657,0.20565958
37.32,20.278896,17.96446,0.36554214
37.34,10.664334,30.94338,0.5254247
37.36,-47.023045,-16.325518,-0.7536357
37.38,15.471616,11.394884,-0.2739881
37.399998,-8.564792,-10.557112,0.20565958
37.42,82.77356,17.163294,0.045777034
37.44,-3.7575107,37.833427,0.045777034
37.46,15.471616,11.875586,0.36554214
37.48,15.471616,-6.8717403,-0.114105515
37.5,15.471616,9.311849,0.36554214
37.52,1.049771,40.717632,-0.2739881
37.54,-13.372073,12.676753,0.045777034
37.559998,1.049771,30.302446,0.5254247
37.579998,44.315308,26.296606,0.8451898
37.6,25.08618,-18.889254,0.045777034
37.62,29.893461,-8.474075,0.045777034
37.64,10.664334,10.75395,0.8451898
37.66,1.049771,-0.7828655,0.045777034
37.68,-8.564792,-10.076411,0.20565958
37.7,-32.6012,-34.431904,0.20565958
37.719997,-22.986637,-43.084515,-0.2739881
37.739998,34.700745,16.52236,-0.4338706
37.76,-13.372073,29.341045,0.8451898
37.78,5.857053,-9.435476,0.68530726
37.8,34.700745,-15.203884,-0.4338706
37.82,-27.793919,27.097775,-0.2739881
37.84,53.92987,-12.960614,-0.2739881
37.86,10.664334,2.7422726,0.20565958
37.879997,5.857053,-12.640147,0.5254247
37.899998,-42.215763,-26.90093,-0.2739881
37.92,5.857053,11.715352,-0.4338706
37.94,-8.564792,34.949223,-0.114105515
37.96,15.471616,-7.352441,0.20565958
37.98,-8.564792,-3.026135,-0.114105515
38.0,1.049771,3.2229733,0.045777034
38.02,-8.564792,-17.447153,-0.4338706
38.04,53.92987,-14.402717,-0.4338706
38.059998,-27.793919,12.356286,-0.2739881
38.079998,-3.7575107,1.139937,-0.114105515
38.1,25.08618,3.2229733,-0.114105515
38.12,25.08618,25.014738,0.045777034
38.14,25.08618,0.49900287,0.045777034
38.16,20.278896,22.77147,1.0050724
38.18,29.893461,-23.536026,0.045777034
38.2,44.315308,-28.343033,0.045777034
38.219997,20.278896,2.1013381,-0.114105515
38.239998,29.893461,-0.46239844,0.045777034
38.26,-32.6012,-41.00148,0.5254247
38.28,29.893461,2.1013381,0.5254247
38.3,49.122585,21.4896,0.36554214
38.32,-18.179356,16.362125,-0.114105515
38.34,15.471616,2.261572,0.20565958
38.36,15.471616,6.4276443,0.5254247
38.379997,-42.215763,-38.27751,0.20565958
38.399998,34.700745,-23.21556,-0.2739881
38.42,15.471616,9.952783,-0.4338706
38.44,-18.179356,4.184375,0.20565958
38.46,5.857053,3.3832066,0.20565958
38.48,5.857053,-16.005053,0.20565958
38.5,5.857053,50.01118,0.68530726
38.52,-32.6012,3.5434403,0.20565958
38.54,-13.372073,50.97258,0.045777034
38.559998,39.508022,-20.331356,0.36554214
38.579998,-3.7575107,9.151615,-0.4338706
38.6,-3.7575107,-12.960614,-0.2739881
38.62,39.508022,10.433483,0.20565958
38.64,-8.564792,13.638155,0.045777034
38.66,-3.7575107,-13.922015,-0.9135183
38.68,-22.986637,8.670914,-0.114105515
38.7,49.122585,-1.1033326,0.045777034
38.719997,-3.7575107,-19.850657,0.045777034
38.739998,-18.179356,-11.037811,0.045777034
38.76,49.122585,-50.455254,-0.2739881
38.78,-56.637608,29.020578,0.045777034
38.8,1.049771,-1.1033326,-0.2739881
38.82,-8.564792,-14.242482,0.045777034
38.84,1.049771,-10.076411,0.045777034
38.86,-32.6012,-11.358279,0.20565958
38.879997,1.049771,10.433483,0.20565958
38.899998,-13.372073,22.290768,0.045777034
38.92,-22.986637,4.184375,0.045777034
38.94,5.857053,4.825309,0.20565958
38.96,29.893461,-12.31968,0.20565958
38.98,10.664334,-9.435476,0.045777034
39.0,1.049771,-2.7056682,0.20565958
39.02,15.471616,10.433483,0.68530726
39.04,-18.179356,33.186653,0.20565958
39.059998,-13.372073,-5.589872,-0.4338706
39.079998,39.508022,-28.503265,-0.2739881
39.1,-32.6012,-5.429638,-0.114105515
39.12,-3.7575107,19.887262,-0.114105515
39.14,15.471616,18.124695,0.5254247
39.16,-32.6012,-28.022566,-0.2739881
39.18,-3.7575107,-25.45883,0.045777034
39.2,5.857053,-31.707935,-0.114105515
39.219997,-3.7575107,27.578474,0.68530726
39.239998,-18.179356,13.477921,0.68530726
39.26,20.278896,8.831148,0.36554214
39.28,15.471616,-30.1056,0.5254247
39.3,49.122585,12.51652,1.0050724
39.32,-13.372073,-15.684585,-0.114105515
39.34,39.508022,18.925863,0.20565958
39.36,-3.7575107,-1.1033326,-0.4338706
39.379997,5.857053,0.9797035,0.045777034
39.399998,-13.372073,37.19249,0.68530726
39.42,10.664334,8.831148,0.68530726
39.44,20.278896,21.0089,0.68530726
39.46,-18.179356,-19.209723,0.20565958
39.48,25.08618,12.676753,0.68530726
39.5,15.471616,19.246328,-0.114105515
39.52,34.700745,15.560958,0.36554214
39.54,-18.179356,7.549279,0.36554214
39.559998,20.278896,-6.5512733,0.68530726
39.579998,-3.7575107,-3.5068357,0.20565958
39.6,39.508022,-22.73486,-0.2739881
39.62,-32.6012,12.51652,-0.2739881
39.64,15.471616,24.213572,0.045777034
39.66,20.278896,1.9411048,0.5254247
39.68,20.278896,-16.966454,0.045777034
39.7,-27.793919,-13.120848,0.045777034
39.719997,-8.564792,-6.0705724,0.045777034
39.739998,97.195404,43.601833,-0.4338706
39.76,15.471616,7.549279,0.36554214
39.78,15.471616,9.952783,0.68530726
39.8,15.471616,27.258009,0.8451898
39.82,1.049771,2.902506,0.20565958
39.84,10.664334,10.914185,0.36554214
39.86,10.664334,-23.055326,0.045777034
39.879997,1.049771,5.145776,0.5254247
39.899998,-3.7575107,-3.827303,0.5254247
39.92,1.049771,-20.972292,0.36554214
39.94,49.122585,20.367966,0.68530726
39.96,-42.215763,-17.607388,0.20565958
39.98,-27.793919,-16.80622,0.5254247
40.0,39.508022,45.52464,0.20565958
40.02,49.122585,2.902506,0.36554214
40.04,49.122585,-8.313842,0.68530726
40.059998,-22.986637,2.261572,0.20565958
40.079998,-71.05945,-1.9045002,0.20565958
40.1,-8.564792,-30.1056,-0.114105515
40.12,-13.372073,5.78671,0.045777034
40.14,-18.179356,-37.957043,0.5254247
40.16,25.08618,-1.9045002,0.045777034
40.18,10.664334,-6.0705724,0.045777034
40.2,15.471616,-33.630737,-0.2739881
40.219997,15.471616,-5.1091714,0.045777034
40.239998,34.700745,-10.717345,0.36554214
40.26,39.508022,32.545715,0.5254247
40.28,-3.7575107,-33.790974,0.5254247
40.3,-3.7575107,-37.47634,0.045777034
40.32,25.08618,23.091934,0.045777034
40.34,15.471616,-25.93953,0.045777034
40.36,1.049771,13.477921,0.5254247
40.379997,-22.986637,11.074417,0.8451898
40.399998,-3.7575107,-30.906769,0.68530726
40.42,-18.179356,7.228812,0.20565958
40.44,-27.793919,-22.414392,0.5254247
40.46,29.893461,-0.7828655,0.20565958
40.48,5.857053,29.821747,0.36554214
40.5,10.664334,2.5820389,-0.2739881
40.52,-18.179356,5.466243,0.36554214
40.54,15.471616,-3.3466022,0.5254247
40.559998,-8.564792,-11.678746,0.20565958
40.579998,25.08618,36.23109,0.8451898
40.6,34.700745,4.184375,-0.114105515
40.62,34.700745,2.1013381,-0.4338706
40.64,-42.215763,6.5878778,0.045777034
40.66,39.508022,4.3446083,0.36554214
40.68,25.08618,5.78671,0.045777034
40.7,-13.372073,-5.1091714,0.5254247
40.719997,87.58084,25.815907,0.045777034
40.739998,25.08618,1.139937,0.20565958
40.76,15.471616,-7.0319734,-0.114105515
40.78,58.737152,3.5434403,0.20565958
40.8,5.857053,-7.833141,0.045777034
40.82,-3.7575107,3.5434403,0.045777034
40.84,15.471616,36.71179,0.20565958
40.86,-3.7575107,-24.657661,0.5254247
40.879997,20.278896,-8.954777,0.5254247
40.899998,20.278896,-41.321945,0.20565958
40.92,-8.564792,9.472081,0.68530726
40.94,-42.215763,6.908345,0.68530726
40.96,1.049771,5.3060093,0.045777034
40.98,10.664334,-7.833141,0.20565958
41.0,-13.372073,-11.83898,-0.114105515
41.02,82.77356,5.6264763,0.36554214
41.04,10.664334,-15.04365,-0.2739881
41.059998,1.049771,-8.954777,-0.114105515
41.079998,15.471616,25.174973,0.20565958
41.1,10.664334,12.035819,0.045777034
41.12,1.049771,1.6206378,0.5254247
41.14,-22.986637,-18.088087,0.36554214
41.16,10.664334,-7.192207,0.68530726
41.18,5.857053,-42.764046,0.045777034
41.2,39.508022,-27.702099,-0.2739881
41.219997,5.857053,-3.026135,-0.4338706
41.239998,15.471616,-3.026135,0.045777034
41.26,15.471616,-20.812057,0.045777034
41.28,-22.986637,-11.678746,-0.114105515
41.3,-3.7575107,-4.948938,-0.2739881
41.32,10.664334,-1.7442669,0.045777034
41.34,-47.023045,-17.76762,-0.114105515
41.36,-3.7575107,-6.711507,0.20565958
41.379997,20.278896,-18.568789,0.20565958
41.399998,-8.564792,-6.5512733,-0.114105515
41.42,1.049771,21.9703,0.20565958
41.44,53.92987,-8.794542,-0.2739881
41.46,34.700745,14.439322,0.36554214
41.48,-8.564792,-3.827303,0.20565958
41.5,15.471616,-53.659924,-0.2739881
41.52,-22.986637,29.341045,0.36554214
41.54,-3.7575107,-16.80622,-0.2739881
41.559998,-27.793919,-9.435476,0.045777034
41.579998,-8.564792,16.20189,0.045777034
41.6,-32.6012,-9.59571,0.20565958
41.62,-8.564792,28.860344,0.5254247
41.64,5.857053,-4.3080034,0.20565958
41.66,-13.372073,44.883705,-0.114105515
41.68,34.700745,2.261572,0.045777034
41.7,5.857053,19.086096,0.045777034
41.719997,10.664334,3.5434403,0.20565958
41.739998,-13.372073,-32.5091,-0.4338706
41.76,73.159,13.638155,-0.2739881
41.78,10.664334,0.6592364,0.045777034
41.8,-8.564792,26.617075,0.20565958
41.82,5.857053,18.605394,0.045777034
41.84,10.664334,24.854506,0.20565958
41.86,49.122585,-23.536026,0.20565958
41.879997,73.159,-12.479914,-0.2739881
41.899998,15.471616,26.296606,0.5254247
41.92,-32.6012,-22.574625,0.045777034
41.94,-3.7575107,-20.812057,-0.7536357
41.96,1.049771,4.9855423,-0.59375316
41.98,15.471616,-17.126686,-0.2739881
42.0,5.857053,10.27325,0.20565958
42.02,1.049771,-6.230806,0.045777034
42.04,-8.564792,37.19249,-0.2739881
42.059998,-8.564792,-6.711507,-0.4338706
42.079998,58.737152,23.412403,-0.114105515
42.1,-22.986637,3.3832066,-0.114105515
42.12,-22.986637,28.059177,0.045777034
42.14,-22.986637,38.794827,-0.114105515
42.16,20.278896,-23.856495,-0.4338706
42.18,20.278896,-1.5840333,-0.4338706
42.2,15.471616,11.555119,-0.7536357
42.219997,-3.7575107,14.759789,0.045777034
42.239998,-3.7575107,-5.589872,-0.4338706
42.26,140.46094,-6.8717403,-0.4338706
42.28,-3.7575107,-9.275244,-0.7536357
42.3,-3.7575107,-6.711507,-0.4338706
42.32,25.08618,-28.022566,-0.4338706
42.34,-8.564792,-22.254158,0.045777034
42.36,20.278896,-16.485752,-0.4338706
42.379997,-3.7575107,14.599556,-0.114105515
42.399998,-8.564792,27.578474,-0.114105515
42.42,39.508022,-4.468237,-0.114105515
42.44,-3.7575107,8.350447,0.20565958
42.46,63.54443,30.142212,0.20565958
42.48,-18.179356,-13.120848,-0.2739881
42.5,15.471616,1.9411048,-0.114105515
42.52,5.857053,36.551556,0.045777034
42.54,-22.986637,-6.5512733,-0.4338706
42.559998,10.664334,3.0627398,-0.114105515
42.579998,-51.830326,3.5434403,0.20565958
42.6,-13.372073,43.28137,-0.2739881
42.62,-32.6012,67.79711,-0.4338706
42.64,-18.179356,31.584314,-0.2739881
42.66,34.700745,31.103615,-0.114105515
42.68,-47.023045,5.145776,-0.2739881
42.7,-8.564792,17.643993,-0.59375316
42.719997,-32.6012,28.539877,-0.114105515
42.739998,-8.564792,1.139937,-0.2739881
42.76,10.664334,25.174973,-0.2739881
42.78,-47.023045,0.9797035,-0.7536357
42.8,-56.637608,64.75268,-0.59375316
42.82,-3.7575107,-31.227234,-0.4338706
42.84,1.049771,16.041658,0.045777034
42.86,5.857053,11.875586,-0.4338706
42.879997,-18.179356,-2.0647337,-0.2739881
42.899998,-8.564792,69.88015,-0.4338706
42.92,5.857053,-5.2694044,-0.59375316
42.94,5.857053,7.228812,0.045777034
42.96,-3.7575107,7.228812,0.045777034
42.98,-8.564792,21.169132,-0.2739881
43.0,-37.40848,1.6206378,-0.4338706
43.02,-3.7575107,4.504842,-0.2739881
43.04,5.857053,-7.192207,-0.2739881
43.059998,-8.564792,-6.5512733,-0.59375316
43.079998,-8.564792,-16.485752,-1.0734009
43.1,-22.986637,-7.192207,-0.114105515
43.12,-32.6012,44.24277,0.045777034
43.14,25.08618,-2.2249672,0.045777034
43.16,-8.564792,20.528198,-0.4338706
43.18,-8.564792,-2.5454345,0.045777034
43.2,15.471616,36.551556,0.045777034
43.219997,-27.793919,-45.32778,-0.2739881
43.239998,-22.986637,4.6650753,-0.4338706
43.26,-27.793919,-18.889254,-0.114105515
43.28,-13.372073,19.406563,-0.4338706
43.3,-13.372073,4.024141,-0.114105515
43.32,-18.179356,-69.042336,-0.2739881
43.34,-13.372073,14.599556,-0.2739881
43.36,29.893461,-8.794542,-0.114105515
43.379997,1.049771,15.24049,-0.2739881
43.399998,5.857053,-12.479914,-0.7536357
43.42,-13.372073,-2.0647337,-0.114105515
43.44,-22.986637,-10.717345,0.045777034
43.46,10.664334,18.765629,-0.4338706
43.48,39.508022,12.51652,0.68530726
43.5,1.049771,9.632316,0.045777034
43.52,-8.564792,10.75395,-0.4338706
43.54,-37.40848,-23.856495,-0.59375316
43.559998,-22.986637,-3.6670694,-0.114105515
43.579998,-18.179356,5.466243,0.20565958
43.6,20.278896,27.097775,-0.114105515
43.62,-27.793919,5.466243,-0.2739881
43.64,49.122585,13.157454,-0.4338706
43.66,-8.564792,14.920023,-0.2739881
43.68,5.857053,24.213572,0.045777034
43.7,20.278896,17.96446,-0.114105515
43.719997,5.857053,-2.2249672,-0.4338706
43.739998,53.92987,-34.111435,-0.59375316
43.76,10.664334,-11.83898,-0.7536357
43.78,-13.372073,0.6592364,-0.59375316
43.8,5.857053,-25.93953,-0.9135183
43.82,-13.372073,12.356286,-0.114105515
43.84,-18.179356,21.0089,-0.4338706
43.86,-8.564792,-20.972292,-0.4338706
43.879997,5.857053,-10.236644,-0.59375316
43.899998,-85.48129,5.9469438,-0.59375316
43.92,5.857053,5.466243,-0.114105515
43.94,5.857053,-15.524351,-0.114105515
43.96,-18.179356,29.821747,-0.114105515
43.98,-32.6012,-15.844818,-0.2739881
44.0,-13.372073,-12.960614,-0.7536357
44.02,1.049771,11.234652,-0.2739881
44.04,15.471616,12.356286,-0.2739881
44.059998,-13.372073,7.0685787,0.36554214
44.079998,-3.7575107,15.24049,-0.114105515
44.1,-71.05945,15.881425,0.045777034
44.12,-32.6012,13.157454,-0.4338706
44.14,1.049771,13.798388,-0.59375316
44.16,-32.6012,5.466243,-0.59375316
44.18,20.278896,-1.2635663,-0.59375316
44.2,-47.023045,-30.906769,-0.59375316
44.219997,-13.372073,-1.5840333,-0.2739881
44.239998,-13.372073,10.593717,-0.2739881
44.26,-8.564792,3.0627398,-0.4338706
44.28,5.857053,6.1071773,0.8451898
44.3,-18.179356,-3.3466022,0.68530726
44.32,15.471616,-4.7887044,-0.59375316
44.34,-13.372073,27.898943,-0.2739881
44.36,-22.986637,8.02998,0.20565958
44.379997,5.857053,16.041658,-0.59375316
44.399998,-27.793919,-19.369957,-0.114105515
44.42,-8.564792,-60.710194,-0.114105515
44.44,-8.564792,-4.7887044,-0.114105515
44.46,10.664334,9.151615,0.045777034
44.48,34.700745,12.51652,0.20565958
44.5,-8.564792,-20.01089,-0.59375316
44.52,1.049771,-6.3910394,-0.2739881
44.539997,-32.6012,-2.8659017,0.20565958
44.559998,20.278896,6.4276443,0.045777034
44.579998,20.278896,9.151615,0.045777034
44.6,-56.637608,-14.562949,-0.114105515
44.62,10.664334,20.047497,-0.2739881
44.64,1.049771,-16.005053,-0.4338706
44.66,-3.7575107,15.881425,-0.4338706
44.68,-3.7575107,7.549279,-0.4338706
44.7,-3.7575107,-9.59571,-0.2739881
44.719997,-37.40848,-14.562949,-0.4338706
44.739998,-8.564792,-4.3080034,-0.4338706
44.76,-3.7575107,46.806507,0.36554214
44.78,-13.372073,41.839264,0.20565958
44.8,-3.7575107,-0.9430991,-0.114105515
44.82,-18.179356,29.020578,-0.4338706
44.84,-13.372073,37.833427,-0.4338706
44.86,34.700745,-6.711507,-0.4338706
44.879997,10.664334,8.350447,0.20565958
44.899998,-13.372073,23.412403,0.5254247
44.92,-18.179356,-18.248322,-0.4338706
44.94,-27.793919,-14.08225,0.045777034
44.96,10.664334,-13.281082,-0.2739881
44.98,1.049771,-32.5091,-0.59375316
45.0,15.471616,15.400723,0.045777034
45.02,-32.6012,-29.785133,0.36554214
45.039997,5.857053,-26.740696,-0.7536357
45.059998,34.700745,22.451,-0.2739881
45.079998,5.857053,8.510681,0.045777034
45.1,-3.7575107,0.9797035,0.20565958
45.12,34.700745,4.6650753,0.20565958
45.14,-27.793919,-21.933691,0.045777034
45.16,5.857053,-9.916177,0.20565958
45.18,1.049771,-0.62263197,0.20565958
45.2,5.857053,6.5878778,-0.114105515
45.219997,-37.40848,-13.120848,-0.2739881
45.239998,-47.023045,-13.281082,-0.2739881
45.26,20.278896,15.24049,0.20565958
45.28,10.664334,10.914185,0.68530726
45.3,-27.793919,36.391323,0.045777034
45.32,-13.372073,8.190214,-0.2739881
45.34,5.857053,2.5820389,-0.59375316
45.36,10.664334,21.4896,0.045777034
45.379997,34.700745,21.329365,0.5254247
45.399998,15.471616,-2.385201,0.045777034
45.42,1.049771,13.958622,0.20565958
45.44,-18.179356,-2.2249672,-0.114105515
45.46,15.471616,4.184375,-0.4338706
45.48,-22.986637,9.311849,-0.2739881
45.5,44.315308,-33.470505,0.20565958
45.52,1.049771,27.418243,0.36554214
45.539997,-8.564792,2.5820389,0.20565958
45.559998,44.315308,-14.08225,-0.114105515
45.579998,-27.793919,8.510681,0.045777034
45.6,15.471616,-6.3910394,0.5254247
45.62,15.471616,-45.64825,-0.59375316
45.64,20.278896,-24.17696,-0.114105515
45.66,-3.7575107,10.593717,0.36554214
45.68,-3.7575107,-25.619062,-0.114105515
45.7,5.857053,0.49900287,-0.2739881
45.719997,-3.7575107,11.555119,0.5254247
45.739998,5.857053,-1.5840333,0.36554214
45.76,44.315308,10.75395,0.5254247
45.78,-8.564792,3.0627398,0.045777034
45.8,-13.372073,-7.833141,0.5254247
45.82,25.08618,5.3060093,0.5254247
45.84,-13.372073,46.806507,0.5254247
45.86,15.471616,9.311849,0.5254247
45.879997,44.315308,-3.827303,0.5254247
45.899998,-8.564792,3.7036738,0.20565958
45.92,58.737152,-5.1091714,0.68530726
45.94,-13.372073,-30.906769,-0.114105515
45.96,10.664334,4.825309,0.5254247
45.98,15.471616,8.510681,0.5254247
46.0,-42.215763,33.66735,0.68530726
46.02,-18.179356,44.72347,1.0050724
46.039997,15.471616,9.952783,0.36554214
46.059998,25.08618,2.902506,0.045777034
46.079998,10.664334,2.4218054,0.045777034
46.1,-3.7575107,-30.5863,0.045777034
46.12,10.664334,-12.800381,0.045777034
46.14,-13.372073,-0.7828655,0.20565958
46.16,29.893461,-9.435476,0.5254247
46.18,10.664334,-4.3080034,-0.114105515
46.2,5.857053,1.4604042,-0.2739881
46.219997,-27.793919,18.124695,1.3248374
46.239998,44.315308,7.8697467,0.5254247
46.26,-37.40848,8.350447,0.5254247
46.28,1.049771,12.8369875,0.045777034
46.3,44.315308,-15.364117,0.5254247
46.32,15.471616,20.207731,0.20565958
46.34,10.664334,-1.4237996,-0.114105515
46.36,10.664334,32.866184,-0.114105515
46.379997,25.08618,4.3446083,0.045777034
46.399998,-13.372073,6.5878778,0.5254247
46.42,58.737152,-35.393307,0.045777034
46.44,29.893461,10.914185,-0.114105515
46.46,-22.986637,-14.562949,0.68530726
46.48,1.049771,-28.022566,0.20565958
46.5,34.700745,32.385483,0.68530726
46.52,-13.372073,8.350447,-0.114105515
46.539997,-27.793919,20.367966,-0.2739881
46.559998,5.857053,-3.5068357,-0.4338706
46.579998,20.278896,-23.055326,-0.4338706
46.6,-3.7575107,16.362125,0.5254247
46.62,5.857053,-45.968716,-0.2739881
46.64,-3.7575107,-11.037811,0.5254247
46.66,-27.793919,-42.924282,0.20565958
46.68,44.315308,-12.640147,0.20565958
46.7,-8.564792,-3.827303,0.5254247
46.719997,10.664334,-14.723184,-0.2739881
46.739998,15.471616,28.860344,0.36554214
46.76,-13.372073,4.6650753,0.20565958
46.78,1.049771,68.91875,0.045777034
46.8,20.278896,-7.192207,-0.2739881
46.82,5.857053,24.854506,-0.114105515
46.84,-18.179356,20.047497,0.5254247
46.86,5.857053,20.848665,0.5254247
46.879997,1.049771,13.798388,0.045777034
46.899998,39.508022,-8.794542,-0.59375316
46.92,-3.7575107,0.33876932,-0.114105515
46.94,5.857053,2.1013381,-0.4338706
46.96,-22.986637,-13.441315,-0.2739881
46.98,49.122585,-14.242482,-0.59375316
47.0,5.857053,18.925863,-0.59375316
47.02,-3.7575107,6.908345,-0.114105515
47.039997,-27.793919,0.49900287,-0.114105515
47.059998,20.278896,-5.910339,0.20565958
47.079998,5.857053,-64.5558,0.045777034
47.1,-8.564792,-40.360542,0.045777034
47.12,-8.564792,-39.879845,-0.7536357
47.14,-27.793919,-19.530188,-0.59375316
47.16,-8.564792,-24.497427,-0.114105515
47.18,-42.215763,53.05562,0.5254247
47.2,-13.372073,26.136374,-0.114105515
47.219997,5.857053,9.472081,-0.2739881
47.239998,-18.179356,11.394884,0.045777034
47.26,-27.793919,6.908345,0.20565958
47.28,1.049771,16.362125,0.20565958
47.3,5.857053,-11.518513,0.20565958
47.32,5.857053,-11.198046,-0.4338706
47.34,-8.564792,-22.254158,0.045777034
47.36,-18.179356,-14.883417,0.20565958
47.379997,-27.793919,10.113016,-0.114105515
47.399998,-18.179356,-2.2249672,-0.4338706
47.42,-32.6012,13.638155,0.045777034
47.44,-8.564792,8.670914,0.36554214
47.46,-90.288574,-9.916177,0.045777034
47.48,5.857053,-3.9875362,-0.114105515
47.5,-32.6012,-5.2694044,-0.2739881
47.52,1.049771,-6.5512733,-0.114105515
47.539997,-27.793919,53.21585,0.68530726
47.559998,-13.372073,-21.292757,0.36554214
47.579998,5.857053,-1.5840333,-0.114105515
47.6,-22.986637,11.394884,0.5254247
47.62,-8.564792,-4.6284704,0.20565958
47.64,-18.179356,43.601833,0.5254247
47.66,-47.023045,17.96446,0.8451898
47.68,-3.7575107,-25.779295,0.36554214
47.7,-32.6012,-8.153608,-0.4338706
47.719997,-47.023045,6.908345,-0.4338706
47.739998,-32.6012,21.4896,-0.114105515
47.76,1.049771,-6.0705724,-0.114105515
47.78,-56.637608,34.46852,-0.114105515
47.8,-13.372073,20.68843,0.36554214
47.82,-27.793919,8.02998,0.8451898
47.84,-71.05945,2.261572,0.5254247
47.86,-27.793919,-7.833141,0.68530726
47.879997,15.471616,-4.468237,0.5254247
47.899998,-18.179356,8.02998,0.20565958
47.92,-37.40848,16.842825,0.68530726
47.94,-18.179356,0.9797035,-0.2739881
47.96,1.049771,5.466243,0.045777034
47.98,-3.7575107,11.074417,0.5254247
48.0,15.471616,-11.198046,0.20565958
48.02,53.92987,14.920023,0.20565958
48.039997,44.315308,-15.524351,0.045777034
48.059998,-18.179356,9.311849,-0.114105515
48.079998,5.857053,-3.026135,0.045777034
48.1,-3.7575107,-19.690422,-0.114105515
48.12,15.471616,-40.040077,-0.59375316
48.14,5.857053,26.93754,0.20565958
48.16,25.08618,34.148052,0.68530726
48.18,-47.023045,-76.092606,-0.2739881
48.2,77.96628,11.074417,-1.0734009
48.219997,5.857053,-5.1091714,-0.59375316
48.239998,-13.372073,18.445162,-0.114105515
48.26,-8.564792,-11.037811,0.045777034
48.28,10.664334,4.504842,0.20565958
48.3,-3.7575107,-11.037811,0.045777034
48.32,25.08618,-1.5840333,-0.2739881
48.34,29.893461,4.825309,0.045777034
48.36,-8.564792,-34.912605,-0.114105515
48.379997,-18.179356,-24.817896,0.045777034
48.399998,1.049771,-3.5068357,0.045777034
48.42,10.664334,-0.9430991,-0.114105515
48.44,15.471616,-8.794542,0.20565958
48.46,-8.564792,15.560958,0.045777034
48.48,29.893461,-19.690422,0.20565958
48.5,1.049771,11.074417,0.045777034
48.52,58.737152,41.67903,0.20565958
48.539997,1.049771,-7.0319734,-0.2739881
48.559998,15.471616,14.279089,-0.114105515
48.579998,-37.40848,0.81947,-0.4338706
48.6,-3.7575107,10.113016,0.045777034
48.62,1.049771,16.041658,0.045777034
48.64,-32.6012,18.124695,0.36554214
48.66,63.54443,3.7036738,0.36554214
48.68,-18.179356,-20.01089,0.045777034
48.7,-42.215763,-6.5512733,0.36554214
48.719997,15.471616,33.827583,-0.114105515
48.739998,15.471616,-2.7056682,-0.114105515
48.76,10.664334,19.406563,0.045777034
48.78,-3.7575107,1.9411048,-0.114105515
48.8,-3.7575107,-17.927853,0.045777034
48.82,1.049771,21.0089,0.5254247
48.84,10.664334,-17.286919,0.045777034
48.86,-66.25217,45.043938,0.20565958
48.879997,-47.023045,8.991381,0.045777034
48.899998,25.08618,-2.2249672,0.20565958
48.92,10.664334,32.70595,-0.2739881
48.94,15.471616,-7.5126743,-0.4338706
48.96,10.664334,24.213572,0.8451898
48.98,15.471616,0.49900287,0.20565958
49.0,1.049771,13.477921,0.68530726
49.02,-18.179356,-10.396878,-0.4338706
49.039997,-8.564792,10.27325,0.045777034
49.059998,5.857053,-18.408554,-0.4338706
49.079998,-3.7575107,-17.607388,0.5254247
49.1,5.857053,42.159733,0.68530726
49.12,1.049771,41.358562,-0.4338706
49.14,1.049771,7.709513,-0.114105515
49.16,-13.372073,-43.72545,-0.7536357
49.18,1.049771,-8.794542,0.045777034
49.2,1.049771,15.560958,-0.114105515
49.219997,-13.372073,8.02998,0.045777034
49.239998,10.664334,-19.690422,0.20565958
49.26,5.857053,-43.72545,0.36554214
49.28,-3.7575107,-29.624899,0.045777034
49.3,-22.986637,-30.5863,-0.59375316
49.32,29.893461,-5.429638,-0.2739881
49.34,-18.179356,0.49900287,-0.114105515
49.36,15.471616,22.290768,0.20565958
49.379997,-3.7575107,0.6592364,0.045777034
49.399998,-27.793919,0.17853576,0.045777034
49.42,10.664334,-1.9045002,0.045777034
49.44,1.049771,-55.422493,-0.114105515
49.46,1.049771,-27.38163,-0.2739881
49.48,-8.564792,5.145776,-0.2739881
49.5,20.278896,24.213572,0.36554214
49.52,-13.372073,15.24049,0.045777034
49.539997,5.857053,-3.1863687,0.20565958
49.559998,5.857053,26.617075,0.20565958
49.579998,-3.7575107,1.139937,0.20565958
49.6,-27.793919,5.466243,-0.114105515
49.62,-32.6012,19.727032,0.045777034
49.64,-3.7575107,-20.651823,-0.2739881
49.66,-8.564792,-19.209723,-0.4338706
49.68,20.278896,-17.607388,-0.2739881
49.7,29.893461,17.00306,-0.4338706
49.719997,1.049771,11.234652,-0.59375316
49.739998,15.471616,10.593717,0.5254247
49.76,-18.179356,-37.79681,-0.2739881
49.78,5.857053,-4.948938,-0.114105515
49.8,5.857053,-23.21556,-0.4338706
49.82,15.471616,8.991381,-0.2739881
49.84,-8.564792,-21.132523,-0.114105515
49.86,5.857053,15.24049,-0.114105515
49.879997,10.664334,-3.827303,-0.114105515
49.899998,-18.179356,-56.22366,-0.4338706
49.92,1.049771,-37.957043,-0.2739881
49.94,-13.372073,-35.233074,-0.2739881
49.96,-3.7575107,1.7808713,-0.114105515
49.98,-22.986637,2.4218054,0.045777034
50.0,-8.564792,16.842825,0.045777034
50.02,-13.372073,-39.879845,0.20565958
50.039997,-22.986637,-10.717345,0.5254247
50.059998,20.278896,-14.723184,0.20565958
50.079998,-3.7575107,18.925863,-0.4338706
50.1,-22.986637,98.081276,0.5254247
50.12,-3.7575107,7.228812,-0.114105515
50.14,-8.564792,22.290768,-0.2739881
50.16,-8.564792,-1.1033326,-0.2739881
50.18,15.471616,-5.589872,-0.7536357
50.2,15.471616,-13.601548,0.045777034
50.219997,-32.6012,13.317687,0.045777034
50.239998,5.857053,1.4604042,0.36554214
50.26,-37.40848,36.391323,-0.59375316
50.28,-37.40848,14.279089,-0.114105515
50.3,29.893461,-3.5068357,-0.59375316
50.32,-18.179356,16.52236,-0.59375316
50.34,20.278896,3.7036738,0.045777034
50.36,-3.7575107,8.190214,-0.114105515
50.379997,-66.25217,-0.62263197,0.045777034
50.399998,15.471616,9.792548,0.20565958
50.42,-3.7575107,-16.485752,0.045777034
50.44,1.049771,17.643993,-0.114105515
50.46,-18.179356,1.4604042,-0.2739881
50.48,-18.179356,-16.165285,-0.4338706
50.5,-32.6012,12.8369875,0.20565958
50.52,25.08618,10.113016,0.045777034
50.539997,25.08618,31.584314,0.5254247
50.559998,-37.40848,9.952783,-0.2739881
50.579998,15.471616,12.99722,-0.2739881
50.6,-37.40848,7.8697467,0.045777034
50.62,-22.986637,13.477921,0.045777034
50.64,-56.637608,12.035819,-0.114105515
50.66,5.857053,-13.601548,-0.7536357
50.68,-32.6012,0.49900287,-0.59375316
50.7,-8.564792,40.076694,0.20565958
50.719997,1.049771,-4.14777,0.045777034
50.739998,-13.372073,-13.601548,-0.2739881
50.76,-3.7575107,1.139937,-0.4338706
50.78,34.700745,15.560958,-0.4338706
50.8,-85.48129,27.097775,-0.114105515
50.82,-3.7575107,4.6650753,-0.4338706
50.84,-37.40848,1.139937,-0.114105515
50.86,-71.05945,2.261572,0.20565958
50.879997,15.471616,19.887262,0.36554214
50.899998,20.278896,-12.479914,-0.114105515
50.92,34.700745,28.860344,-0.114105515
50.94,-8.564792,-30.265835,-0.59375316
50.96,5.857053,-0.14193134,-0.4338706
50.98,58.737152,-3.1863687,0.20565958
51.0,39.508022,-18.408554,0.045777034
51.02,39.508022,-9.755944,-0.9135183
51.039997,-8.564792,-9.916177,-0.59375316
51.059998,-8.564792,19.566797,0.20565958
51.079998,-8.564792,31.424084,0.045777034
51.1,-22.986637,4.184375,-0.114105515
51.12,1.049771,-28.6635,0.20565958
51.14,29.893461,1.6206378,0.045777034
51.16,-13.372073,12.356286,-0.114105515
51.18,-8.564792,29.501278,0.5254247
51.199997,1.049771,-17.126686,0.20565958
51.219997,-3.7575107,-16.165285,0.20565958
51.239998,-27.793919,-2.7056682,0.045777034
51.26,10.664334,9.311849,0.20565958
51.28,39.508022,38.95506,-0.114105515
51.3,-27.793919,56.260292,0.045777034
51.32,-61.44489,52.895386,0.045777034
51.34,-8.564792,-6.711507,0.20565958
51.36,-18.179356,22.451,-0.7536357
51.379997,102.002686,16.20189,-0.114105515
51.399998,10.664334,15.080256,-0.114105515
51.42,-13.372073,16.52236,0.045777034
51.44,-22.986637,6.1071773,-0.114105515
51.46,-13.372073,-18.729021,-0.2739881
51.48,10.664334,46.96674,-0.114105515
51.5,5.857053,34.148052,-0.2739881
51.52,-18.179356,10.27325,-0.114105515
51.539997,-3.7575107,9.952783,0.045777034
51.559998,-3.7575107,12.356286,0.36554214
51.579998,15.471616,-28.182798,-0.4338706
51.6,-8.564792,-6.5512733,-0.114105515
51.62,34.700745,-36.835407,-1.0734009
51.64,5.857053,-3.6670694,-0.7536357
51.66,-3.7575107,13.317687,0.20565958
51.68,5.857053,-0.14193134,0.20565958
51.699997,-47.023045,-38.597977,-0.2739881
51.719997,10.664334,-13.120848,0.045777034
51.739998,10.664334,-0.46239844,-0.114105515
51.76,10.664334,40.877865,-0.2739881
51.78,-27.793919,15.881425,0.5254247
51.8,-3.7575107,-27.541864,-0.4338706
51.82,5.857053,-6.8717403,0.045777034
51.84,-13.372073,0.17853576,-0.114105515
51.86,5.857053,9.632316,-0.114105515
51.879997,-13.372073,27.418243,0.5254247
51.899998,-8.564792,11.394884,0.045777034
51.92,-13.372073,-5.589872,-0.4338706
51.94,39.508022,-9.435476,-0.59375316
51.96,-8.564792,6.908345,0.045777034
51.98,20.278896,-3.026135,0.20565958
52.0,29.893461,3.8639073,-0.114105515
52.02,15.471616,-11.999213,0.045777034
52.039997,1.049771,16.20189,0.20565958
52.059998,15.471616,-0.14193134,0.36554214
52.079998,58.737152,-29.304434,-0.114105515
52.1,5.857053,-0.30216488,0.045777034
52.12,5.857053,16.20189,-0.4338706
52.14,-22.986637,17.483759,0.36554214
52.16,15.471616,-2.7056682,0.36554214
52.18,1.049771,-42.12311,0.20565958
52.199997,1.049771,-34.752373,0.20565958
52.219997,25.08618,7.228812,0.68530726
52.239998,-8.564792,10.113016,-0.114105515
52.26,-3.7575107,18.925863,0.20565958
52.28,-3.7575107,-13.441315,0.36554214
52.3,15.471616,7.549279,-0.2739881
52.32,-3.7575107,-29.945368,-0.114105515
52.34,49.122585,8.670914,0.5254247
52.36,-8.564792,4.184375,0.5254247
52.379997,10.664334,21.649834,0.8451898
52.399998,-18.179356,-19.049488,0.20565958
52.42,25.08618,-9.755944,0.045777034
52.44,15.471616,12.51652,0.20565958
52.46,-32.6012,5.9469438,0.045777034
52.48,10.664334,-31.868172,0.045777034
52.5,1.049771,5.466243,0.045777034
52.52,-18.179356,9.472081,0.36554214
52.539997,25.08618,-10.396878,0.20565958
52.559998,-3.7575107,46.005337,0.5254247
52.579998,49.122585,-9.115009,0.5254247
52.6,25.08618,8.670914,0.5254247
52.62,-3.7575107,-14.723184,0.5254247
52.64,5.857053,0.81947,0.36554214
52.66,20.278896,-3.3466022,0.20565958
52.68,25.08618,-36.03424,0.5254247
52.699997,1.049771,-2.0647337,-0.2739881
52.719997,25.08618,-7.192207,0.045777034
52.739998,29.893461,12.035819,0.36554214
52.76,25.08618,36.070858,0.5254247
52.78,-3.7575107,5.9469438,0.5254247
52.8,1.049771,-9.755944,0.36554214
52.82,25.08618,-7.352441,-0.114105515
52.84,15.471616,19.086096,-0.114105515
52.86,10.664334,-0.46239844,0.20565958
52.879997,53.92987,-3.3466022,0.5254247
52.899998,15.471616,2.4218054,0.20565958
52.92,-3.7575107,-11.678746,0.5254247
52.94,5.857053,-7.833141,0.68530726
52.96,-8.564792,-1.9045002,0.5254247
52.98,25.08618,3.3832066,0.20565958
53.0,25.08618,-6.230806,0.045777034
53.02,25.08618,24.534037,0.20565958
53.039997,39.508022,14.439322,0.5254247
53.059998,-22.986637,2.902506,0.5254247
53.079998,29.893461,18.765629,0.20565958
53.1,1.049771,39.595997,0.20565958
53.12,5.857053,-4.948938,0.045777034
53.14,49.122585,-8.474075,0.045777034
53.16,-8.564792,13.317687,0.045777034
53.18,-18.179356,-26.259996,0.68530726
53.199997,20.278896,-19.369957,0.68530726
53.219997,5.857053,5.466243,0.68530726
53.239998,1.049771,-16.485752,0.20565958
53.26,39.508022,2.261572,0.20565958
53.28,49.122585,-9.916177,0.20565958
53.3,1.049771,-0.7828655,0.5254247
53.32,1.049771,-11.678746,0.68530726
53.34,-8.564792,11.234652,0.36554214
53.36,15.471616,3.8639073,0.5254247
53.379997,1.049771,-23.69626,0.045777034
53.399998,-3.7575107,-16.005053,0.68530726
53.42,34.700745,0.9797035,0.5254247
53.44,68.35171,0.6592364,0.20565958
53.46,20.278896,12.51652,-0.114105515
53.48,1.049771,4.6650753,0.36554214
53.5,1.049771,17.804228,0.36554214
53.52,1.049771,1.6206378,0.68530726
53.539997,5.857053,-24.657661,0.36554214
53.559998,1.049771,5.78671,-0.114105515
53.579998,15.471616,37.51296,0.8451898
53.6,-3.7575107,17.643993,0.36554214
53.62,63.54443,-19.850657,0.5254247
53.64,-18.179356,-19.049488,0.045777034
53.66,-32.6012,-4.6284704,0.5254247
53.68,-3.7575107,48.24861,0.68530726
53.699997,15.471616,19.887262,0.5254247
53.719997,-3.7575107,17.643993,0.20565958
53.739998,-8.564792,-11.037811,-0.114105515
53.76,20.278896,-58.787395,0.20565958
53.78,92.38812,4.825309,-0.2739881
53.8,-3.7575107,1.9411048,0.20565958
53.82,-8.564792,51.77375,0.8451898
53.84,15.471616,15.560958,0.20565958
53.86,1.049771,-2.7056682,0.045777034
53.879997,73.159,-15.04365,-0.114105515
53.899998,29.893461,-52.698524,0.20565958
53.92,1.049771,4.9855423,0.5254247
53.94,-8.564792,17.163294,0.36554214
53.96,34.700745,29.501278,0.68530726
53.98,25.08618,16.682592,0.20565958
54.0,-8.564792,-14.242482,-0.114105515
54.02,111.61725,13.638155,-0.114105515
54.039997,20.278896,-8.153608,0.20565958
54.059998,44.315308,8.670914,0.5254247
54.079998,20.278896,21.0089,1.164955
54.1,-3.7575107,6.7481112,0.20565958
54.12,10.664334,4.3446083,0.5254247
54.14,-42.215763,-11.037811,0.5254247
54.16,-3.7575107,-41.802643,0.045777034
54.18,5.857053,-4.6284704,0.20565958
54.199997,5.857053,8.350447,0.20565958
54.219997,-8.564792,-18.088087,0.68530726
54.239998,10.664334,-1.1033326,0.20565958
54.26,34.700745,-44.20615,0.36554214
54.28,-8.564792,-0.30216488,0.36554214
54.3,-71.05945,8.991381,0.5254247
54.32,-18.179356,-10.396878,0.5254247
54.34,1.049771,-14.562949,0.20565958
54.36,5.857053,16.20189,0.5254247
54.379997,20.278896,-5.589872,0.5254247
54.399998,25.08618,-22.093925,0.20565958
54.42,39.508022,5.78671,0.5254247
54.44,58.737152,21.9703,0.68530726
54.46,5.857053,-16.966454,1.48472
54.48,53.92987,-9.916177,0.68530726
54.5,29.893461,-18.088087,0.36554214
54.52,34.700745,-1.2635663,0.5254247
54.539997,29.893461,-2.7056682,0.68530726
54.559998,39.508022,6.7481112,1.0050724
54.579998,20.278896,-40.52078,-0.2739881
54.6,15.471616,-18.889254,-0.4338706
54.62,-22.986637,4.825309,0.5254247
54.64,29.893461,23.412403,0.20565958
54.66,20.278896,35.590153,0.68530726
54.68,20.278896,-22.093925,0.5254247
54.699997,-3.7575107,0.33876932,0.5254247
54.719997,-42.215763,0.018302217,0.36554214
54.739998,34.700745,24.213572,0.045777034
54.76,34.700745,-0.30216488,-0.114105515
54.78,1.049771,4.024141,0.36554214
54.8,34.700745,-1.1033326,0.20565958
54.82,-8.564792,14.920023,-0.2739881
54.84,10.664334,15.881425,-0.114105515
54.86,58.737152,-15.203884,0.045777034
54.879997,15.471616,5.145776,0.045777034
54.899998,1.049771,6.1071773,0.045777034
54.92,34.700745,9.151615,0.68530726
54.94,20.278896,33.98782,0.20565958
54.96,-13.372073,-9.115009,-0.4338706
54.98,34.700745,-2.5454345,0.045777034
55.0,15.471616,8.350447,0.20565958
55.02,-8.564792,-7.833141,-0.2739881
55.039997,-13.372073,26.45684,-0.114105515
55.059998,29.893461,-7.833141,-0.114105515
55.079998,-8.564792,-6.0705724,0.8451898
55.1,1.049771,-19.209723,0.36554214
55.12,20.278896,-25.619062,0.20565958
55.14,-3.7575107,6.1071773,-0.114105515
55.16,1.049771,-39.879845,0.20565958
55.18,-3.7575107,-18.408554,0.20565958
55.199997,-22.986637,8.991381,0.20565958
55.219997,-18.179356,1.139937,0.20565958
55.239998,15.471616,3.3832066,-0.2739881
55.26,10.664334,-8.634309,-0.4338706
55.28,1.049771,20.047497,0.36554214
55.3,29.893461,18.925863,0.5254247
55.32,-22.986637,-25.619062,-0.114105515
55.34,-13.372073,-27.862331,-0.59375316
55.36,20.278896,-29.785133,0.20565958
55.379997,-32.6012,-8.794542,0.20565958
55.399998,5.857053,18.925863,0.20565958
55.42,-37.40848,-8.153608,0.20565958
55.44,-3.7575107,-40.200314,0.045777034
55.46,29.893461,14.439322,-0.114105515
55.48,20.278896,-10.877579,-0.4338706
55.5,20.278896,70.84155,0.36554214
55.52,-8.564792,5.78671,0.36554214
55.539997,20.278896,1.9411048,0.045777034
55.559998,34.700745,-47.09035,-0.7536357
55.579998,29.893461,-0.14193134,0.045777034
55.6,15.471616,0.33876932,-0.2739881
55.62,20.278896,2.902506,0.5254247
55.64,-37.40848,24.053337,0.045777034
55.66,-3.7575107,-0.62263197,-0.4338706
55.68,34.700745,-8.794542,-0.7536357
55.699997,-8.564792,4.024141,-0.114105515
55.719997,-8.564792,2.5820389,0.5254247
55.739998,-3.7575107,-5.589872,-0.2739881
55.76,5.857053,9.792548,-0.114105515
55.78,-8.564792,25.335205,-0.114105515
55.8,29.893461,29.821747,-0.114105515
55.82,5.857053,-21.292757,0.045777034
55.84,20.278896,-33.630737,-0.59375316
55.86,-42.215763,22.290768,0.045777034
55.879997,-3.7575107,-1.4237996,0.045777034
55.899998,-8.564792,-18.568789,0.36554214
55.92,-8.564792,-28.6635,-0.4338706
55.94,-8.564792,21.329365,-0.114105515
55.96,-13.372073,6.7481112,-0.2739881
55.98,-22.986637,1.3001705,-0.7536357
56.0,-22.986637,6.1071773,-0.4338706
56.02,25.08618,30.783146,-0.4338706
56.039997,-13.372073,16.20189,-0.7536357
56.059998,-13.372073,-14.883417,-0.59375316
56.079998,-3.7575107,12.196053,0.36554214
56.1,10.664334,-7.0319734,0.36554214
56.12,-8.564792,17.804228,0.20565958
56.14,-42.215763,20.207731,-0.2739881
56.16,-27.793919,-21.933691,-0.7536357
56.18,-37.40848,-2.0647337,-1.0734009
56.199997,-3.7575107,-22.73486,-0.59375316
56.219997,-3.7575107,-27.862331,-0.59375316
56.239998,87.58084,15.080256,-0.2739881
56.26,5.857053,2.5820389,-0.114105515
56.28,-13.372073,-25.138361,0.20565958
56.3,1.049771,-17.286919,0.36554214
56.32,1.049771,24.213572,0.20565958
56.34,10.664334,-28.823734,0.045777034
56.36,-8.564792,10.75395,-0.114105515
56.379997,20.278896,-7.833141,0.20565958
56.399998,5.857053,14.279089,0.20565958
56.42,-3.7575107,-7.352441,-0.114105515
56.44,77.96628,13.477921,-0.114105515
56.46,-13.372073,-2.8659017,0.5254247
56.48,1.049771,-1.1033326,0.5254247
56.5,-3.7575107,-4.948938,0.20565958
56.52,-13.372073,-1.1033326,0.20565958
56.539997,-32.6012,33.66735,-0.114105515
56.559998,25.08618,36.070858,0.68530726
56.579998,1.049771,-47.571053,0.36554214
56.6,-3.7575107,29.501278,0.36554214
56.62,10.664334,16.20189,0.045777034
56.64,-13.372073,2.261572,-0.7536357
56.66,34.700745,5.78671,0.20565958
56.68,58.737152,3.0627398,-0.114105515
56.699997,25.08618,-18.088087,0.20565958
56.719997,1.049771,35.269688,-0.114105515
56.739998,20.278896,20.207731,0.20565958
56.76,1.049771,-12.159447,-0.114105515
56.78,-3.7575107,6.5878778,0.045777034
56.8,5.857053,20.528198,0.20565958
56.82,-56.637608,3.0627398,0.045777034
56.84,10.664334,12.8369875,0.20565958
56.86,-42.215763,16.362125,0.36554214
56.879997,5.857053,41.358562,0.045777034
56.899998,1.049771,-0.62263197,0.045777034
56.92,25.08618,-8.794542,-0.59375316
56.94,29.893461,-12.159447,0.045777034
56.96,5.857053,-13.281082,0.045777034
56.98,-13.372073,29.821747,0.36554214
57.0,34.700745,-3.6670694,0.36554214
57.02,-22.986637,1.139937,0.36554214
57.039997,15.471616,3.2229733,0.36554214
57.059998,10.664334,1.9411048,0.36554214
57.079998,39.508022,59.464962,0.20565958
57.1,34.700745,19.727032,0.045777034
57.12,15.471616,1.4604042,0.045777034
57.14,20.278896,-1.4237996,-0.114105515
57.16,25.08618,5.6264763,0.045777034
57.18,44.315308,18.605394,-0.114105515
57.199997,-22.986637,0.33876932,-0.2739881
57.219997,5.857053,-1.9045002,0.5254247
57.239998,-3.7575107,-14.08225,0.5254247
57.26,-13.372073,-8.634309,-0.2739881
57.28,25.08618,1.9411048,0.045777034
57.3,-27.793919,-9.755944,0.20565958
57.32,-13.372073,-13.922015,-0.4338706
57.34,29.893461,11.234652,-0.2739881
57.36,82.77356,4.024141,0.045777034
57.379997,1.049771,44.563236,0.045777034
57.399998,-22.986637,-6.711507,0.36554214
57.42,15.471616,-9.275244,0.5254247
57.44,1.049771,-31.227234,-0.114105515
57.46,53.92987,-19.209723,-0.4338706
57.48,1.049771,-32.34887,-0.2739881
57.5,-13.372073,2.4218054,0.5254247
57.52,87.58084,-9.275244,-0.2739881
57.539997,25.08618,-10.877579,0.045777034
57.559998,44.315308,18.124695,0.20565958
57.579998,29.893461,42.4802,1.0050724
57.6,29.893461,-65.83767,-0.2739881
57.62,1.049771,-37.31611,0.045777034
57.64,-8.564792,-20.972292,0.045777034
57.66,5.857053,-0.30216488,0.5254247
57.68,10.664334,-6.5512733,-0.2739881
57.699997,1.049771,-2.385201,-0.2739881
57.719997,44.315308,-27.702099,0.36554214
57.739998,-13.372073,-25.779295,0.045777034
57.76,-47.023045,-7.993375,0.36554214
57.78,-3.7575107,2.7422726,0.045777034
57.8,-3.7575107,-8.474075,0.20565958
57.82,-8.564792,-13.120848,-0.114105515
57.84,-8.564792,-13.922015,-0.2739881
57.86,-18.179356,-1.7442669,0.045777034
57.879997,-32.6012,12.8369875,-0.2739881
57.899998,5.857053,22.931702,0.20565958
57.92,15.471616,-13.601548,-0.4338706
57.94,-13.372073,-4.948938,-0.4338706
57.96,-66.25217,-31.227234,-0.2739881
57.98,20.278896,-1.4237996,-0.114105515
58.0,1.049771,13.477921,0.20565958
58.02,-61.44489,-50.134785,-0.114105515
58.039997,-8.564792,4.3446083,0.045777034
58.059998,-27.793919,-2.7056682,0.20565958
58.079998,-3.7575107,16.842825,-0.2739881
58.1,34.700745,-22.574625,-0.114105515
58.12,68.35171,-57.825993,-0.4338706
58.14,10.664334,11.394884,-0.2739881
58.16,-47.023045,7.0685787,-0.114105515
58.18,-27.793919,36.71179,-0.2739881
58.199997,-13.372073,-8.794542,-0.4338706
58.219997,34.700745,-42.603813,-0.114105515
58.239998,-8.564792,-14.883417,-0.4338706
58.26,10.664334,-4.3080034,-0.2739881
58.28,1.049771,25.335205,0.045777034
58.3,15.471616,-1.4237996,0.045777034
58.32,25.08618,-11.518513,-0.2739881
58.34,25.08618,-3.6670694,0.045777034
58.359997,25.08618,-10.557112,-0.4338706
58.379997,15.471616,6.7481112,-0.4338706
58.399998,-3.7575107,-3.9875362,-0.59375316
58.42,-13.372073,-28.343033,-0.4338706
58.44,-3.7575107,38.314125,0.5254247
58.46,82.77356,18.445162,0.045777034
58.48,-13.372073,-47.731285,0.045777034
58.5,-37.40848,-9.435476,-0.114105515
58.52,-3.7575107,-24.17696,-0.2739881
58.539997,53.92987,-3.9875362,-0.4338706
58.559998,15.471616,25.815907,0.045777034
58.579998,15.471616,-42.44358,-0.114105515
58.6,-13.372073,-4.468237,0.20565958
58.62,15.471616,-26.099764,-0.114105515
58.64,15.471616,-18.088087,0.36554214
58.66,-22.986637,10.75395,-0.114105515
58.68,-37.40848,-11.358279,0.20565958
58.699997,25.08618,-22.574625,-0.2739881
58.719997,87.58084,-28.6635,-0.4338706
58.739998,-42.215763,-10.396878,-0.2739881
58.76,-37.40848,-22.574625,0.20565958
58.78,20.278896,38.474358,0.20565958
58.8,-22.986637,22.611235,0.5254247
58.82,10.664334,10.113016,-0.114105515
58.84,25.08618,13.798388,0.20565958
58.859997,15.471616,2.7422726,0.20565958
58.879997,15.471616,-4.948938,-0.4338706
58.899998,-8.564792,9.792548,-0.59375316
58.92,-27.793919,17.323528,0.045777034
58.94,-47.023045,-11.358279,-0.114105515
58.96,10.664334,-25.93953,0.20565958
58.98,-32.6012,1.7808713,0.045777034
59.0,1.049771,11.234652,0.045777034
59.02,-22.986637,39.435764,-0.59375316
59.039997,-42.215763,30.46268,0.5254247
59.059998,44.315308,8.831148,-0.4338706
59.079998,5.857053,-11.678746,-0.114105515
59.1,68.35171,-3.026135,-0.114105515
59.12,29.893461,-14.723184,-0.59375316
59.14,-22.986637,16.682592,0.20565958
59.16,-8.564792,21.329365,-0.114105515
59.18,-37.40848,17.323528,0.045777034
59.199997,25.08618,-20.651823,-0.2739881
59.219997,25.08618,-14.08225,-0.2739881
59.239998,25.08618,-3.5068357,-0.2739881
59.26,29.893461,-26.90093,-0.2739881
59.28,5.857053,38.314125,0.68530726
59.3,20.278896,9.792548,0.045777034
59.32,20.278896,7.3890457,-0.4338706
59.34,34.700745,-6.8717403,-0.4338706
59.359997,-22.986637,-32.669334,0.20565958
59.379997,29.893461,27.738708,0.5254247
59.399998,10.664334,-5.7501054,0.36554214
59.42,5.857053,-2.2249672,0.045777034
59.44,20.278896,1.3001705,0.20565958
59.46,15.471616,-12.479914,0.045777034
59.48,5.857053,51.77375,0.045777034
59.5,29.893461,-0.9430991,0.045777034
59.52,20.278896,18.124695,0.5254247
59.539997,-13.372073,-2.2249672,0.20565958
59.559998,-13.372073,11.715352,0.36554214
59.579998,15.471616,-3.9875362,0.045777034
59.6,29.893461,41.839264,0.045777034
59.62,-8.564792,35.75039,-0.114105515
59.64,15.471616,29.661512,0.20565958
59.66,58.737152,-10.396878,-0.114105515
59.68,1.049771,-7.833141,0.045777034
59.699997,15.471616,31.103615,0.36554214
59.719997,25.08618,6.2674108,-0.114105515
59.739998,5.857053,-3.6670694,0.045777034
59.76,1.049771,-7.672908,0.045777034
59.78,-47.023045,-3.026135,0.5254247
59.8,20.278896,-8.634309,-0.114105515
59.82,1.049771,6.1071773,0.045777034
59.84,49.122585,19.727032,0.045777034
59.859997,20.278896,15.24049,0.20565958
59.879997,5.857053,13.477921,-0.114105515
59.899998,10.664334,66.35501,0.045777034
59.92,-8.564792,3.7036738,-0.114105515
59.94,39.508022,17.323528,0.20565958
59.96,-8.564792,-1.5840333,0.8451898
59.98,44.315308,4.9855423,0.20565958
60.0,25.08618,17.00306,0.5254247
60.02,5.857053,-38.75821,0.20565958
60.039997,29.893461,25.49544,0.68530726
60.059998,-56.637608,27.578474,0.20565958
60.079998,25.08618,-4.6284704,-0.114105515
60.1,-22.986637,17.643993,-0.114105515
60.12,20.278896,10.27325,-0.114105515
60.14,10.664334,5.466243,0.045777034
60.16,-18.179356,-25.619062,0.045777034
60.18,1.049771,8.831148,0.20565958
60.199997,-27.793919,9.151615,0.045777034
60.219997,73.159,8.831148,0.045777034
60.239998,5.857053,22.611235,0.8451898
60.26,29.893461,-7.833141,0.20565958
60.28,39.508022,-4.7887044,0.045777034
60.3,15.471616,36.551556,-0.2739881
60.32,1.049771,-2.8659017,-0.4338706
60.34,34.700745,-5.7501054,-0.114105515
60.359997,15.471616,-19.049488,-0.114105515
60.379997,-8.564792,5.3060093,0.36554214
60.399998,-8.564792,20.047497,0.045777034
60.42,-13.372073,-5.589872,0.36554214
60.44,29.893461,1.4604042,0.045777034
60.46,29.893461,1.139937,-0.114105515
60.48,5.857053,64.59244,0.68530726
60.5,-3.7575107,-2.385201,0.36554214
60.52,10.664334,-6.5512733,0.20565958
60.539997,-27.793919,-6.8717403,0.20565958
60.559998,-8.564792,-1.1033326,-0.114105515
60.579998,-18.179356,37.032257,0.20565958
60.6,15.471616,-0.14193134,0.5254247
60.62,-37.40848,7.8697467,0.68530726
60.64,63.54443,-29.624899,0.20565958
60.66,-22.986637,-6.8717403,0.045777034
60.68,34.700745,10.113016,0.8451898
60.699997,15.471616,28.539877,0.20565958
60.719997,10.664334,7.709513,0.8451898
60.739998,53.92987,7.709513,0.20565958
60.76,15.471616,24.854506,0.045777034
60.78,-13.372073,9.792548,0.68530726
60.8,10.664334,22.931702,-0.114105515
60.82,44.315308,13.157454,0.36554214
60.84,-13.372073,17.00306,0.68530726
60.859997,25.08618,-11.678746,0.36554214
60.879997,-8.564792,-14.08225,0.36554214
60.899998,121.23181,14.920023,0.20565958
60.92,1.049771,0.9797035,0.045777034
60.94,1.049771,-9.755944,-0.2739881
60.96,-22.986637,-21.452991,-0.2739881
60.98,1.049771,18.124695,0.5254247
61.0,-8.564792,15.881425,0.36554214
61.02,10.664334,-15.684585,0.20565958
61.039997,-22.986637,-7.192207,0.045777034
61.059998,29.893461,-5.910339,0.20565958
61.079998,-13.372073,-44.20615,0.5254247
61.1,5.857053,8.190214,0.68530726
61.12,15.471616,-41.321945,-0.2739881
61.14,-56.637608,2.902506,0.8451898
61.16,25.08618,-1.1033326,0.045777034
61.18,20.278896,13.638155,0.20565958
61.199997,-3.7575107,-3.3466022,0.20565958
61.219997,-8.564792,-21.132523,1.0050724
61.239998,44.315308,33.50712,0.8451898
61.26,5.857053,39.275528,0.36554214
61.28,1.049771,52.73515,0.5254247
61.3,-27.793919,-23.055326,0.045777034
61.32,5.857053,35.75039,0.5254247
61.34,-13.372073,2.5820389,0.20565958
61.359997,53.92987,-12.960614,0.045777034
61.379997,-3.7575107,-19.850657,0.68530726
61.399998,-13.372073,-21.292757,-0.2739881
61.42,53.92987,24.534037,0.045777034
61.44,1.049771,7.709513,0.045777034
61.46,-8.564792,-0.14193134,-0.2739881
61.48,34.700745,-24.016727,0.36554214
61.5,-8.564792,27.418243,0.20565958
61.52,15.471616,-15.844818,-0.114105515
61.539997,-3.7575107,-23.536026,-0.4338706
61.559998,20.278896,29.18081,0.045777034
61.579998,10.664334,-3.6670694,0.68530726
61.6,1.049771,-33.790974,-0.59375316
61.62,15.471616,0.6592364,-0.114105515
61.64,-37.40848,2.4218054,0.20565958
61.66,5.857053,51.77375,0.045777034
61.68,-3.7575107,-24.337194,0.68530726
61.699997,20.278896,-8.794542,0.20565958
61.719997,15.471616,12.51652,-0.114105515
61.739998,25.08618,12.8369875,-0.114105515
61.76,15.471616,8.510681,-0.114105515
61.78,-8.564792,-12.479914,-0.114105515
61.8,25.08618,4.9855423,0.045777034
61.82,-32.6012,-33.310272,0.5254247
61.84,1.049771,-20.972292,0.045777034
61.859997,-3.7575107,-9.755944,-0.114105515
61.879997,20.278896,26.777308,-0.114105515
61.899998,10.664334,3.7036738,0.045777034
61.92,53.92987,-27.38163,0.20565958
61.94,-3.7575107,-48.692684,-0.4338706
61.96,15.471616,-11.678746,-0.114105515
61.98,-90.288574,-14.242482,0.20565958
62.0,1.049771,-56.063423,-0.2739881
62.02,-3.7575107,-6.8717403,-0.114105515
62.039997,10.664334,11.234652,0.045777034
62.059998,1.049771,-3.3466022,-0.2739881
62.079998,5.857053,4.184375,0.20565958
62.1,-18.179356,23.732868,-0.4338706
62.12,-13.372073,15.560958,0.20565958
62.14,5.857053,-12.479914,0.045777034
62.16,1.049771,-32.989803,0.68530726
62.18,-13.372073,-3.1863687,0.68530726
62.199997,10.664334,-7.672908,-0.2739881
62.219997,-8.564792,4.024141,-0.7536357
62.239998,25.08618,25.815907,0.045777034
62.26,5.857053,-8.634309,-0.2739881
62.28,-8.564792,12.99722,0.20565958
62.3,-37.40848,3.0627398,0.045777034
62.32,-37.40848,17.163294,-0.114105515
62.34,-13.372073,25.174973,0.20565958
62.359997,1.049771,21.329365,-0.2739881
62.379997,5.857053,1.7808713,0.045777034
62.399998,20.278896,-15.844818,-0.2739881
62.42,1.049771,8.991381,0.20565958
62.44,49.122585,-14.08225,0.045777034
62.46,58.737152,35.269688,0.20565958
62.48,-13.372073,1.4604042,-0.114105515
62.5,5.857053,-6.230806,-0.7536357
62.52,1.049771,30.302446,-0.2739881
62.539997,5.857053,-3.026135,-0.114105515
62.559998,49.122585,20.848665,-0.4338706
62.579998,-3.7575107,16.682592,-0.114105515
62.6,5.857053,-1.5840333,-0.59375316
62.62,-18.179356,-0.7828655,-0.4338706
62.64,-22.986637,-3.9875362,-0.59375316
62.66,-37.40848,13.157454,-0.7536357
62.68,1.049771,-1.5840333,-0.2739881
62.699997,25.08618,20.367966,-0.7536357
62.719997,-22.986637,37.51296,-0.114105515
62.739998,15.471616,-16.966454,-0.7536357
62.76,1.049771,12.99722,-0.114105515
62.78,-22.986637,-2.0647337,0.045777034
62.8,-22.986637,-17.126686,-0.4338706
62.82,-18.179356,7.549279,-0.2739881
62.84,-3.7575107,-13.922015,-0.114105515
62.859997,-8.564792,14.599556,-0.4338706
62.879997,-42.215763,-16.966454,-0.114105515
62.899998,1.049771,-19.209723,-0.114105515
62.92,-18.179356,9.952783,0.20565958
62.94,20.278896,0.49900287,-0.4338706
62.96,-32.6012,-16.005053,-0.2739881
62.98,-8.564792,-16.966454,-0.59375316
63.0,-3.7575107,21.329365,-0.4338706
63.02,1.049771,-6.3910394,-0.114105515
63.039997,-18.179356,11.555119,-0.7536357
63.059998,-37.40848,-24.657661,-0.59375316
63.079998,-27.793919,-22.254158,-0.2739881
63.1,20.278896,-38.27751,0.20565958
63.12,15.471616,-20.331356,-0.114105515
63.14,5.857053,-7.993375,-0.4338706
63.16,-13.372073,43.28137,-0.114105515
63.18,25.08618,-14.402717,0.045777034
63.199997,5.857053,-0.62263197,-0.7536357
63.219997,1.049771,4.184375,-0.2739881
63.239998,5.857053,-7.352441,-0.2739881
63.26,10.664334,-15.203884,-0.114105515
63.28,15.471616,-6.3910394,-0.114105515
63.3,1.049771,13.638155,-0.2739881
63.32,1.049771,-11.518513,-0.2739881
63.34,39.508022,-4.3080034,-0.2739881
63.359997,-8.564792,-14.402717,-0.2739881
63.379997,10.664334,-6.3910394,-0.114105515
63.399998,-3.7575107,-7.192207,-0.114105515
63.42,34.700745,-17.126686,-0.4338706
63.44,-32.6012,13.958622,-0.4338706
63.46,-3.7575107,10.27325,-0.4338706
63.48,5.857053,44.403,0.36554214
63.5,10.664334,27.578474,-0.2739881
63.52,-3.7575107,-4.3080034,-0.4338706
63.539997,15.471616,23.412403,-0.2739881
63.559998,-8.564792,-16.645985,-0.114105515
63.579998,20.278896,1.9411048,0.20565958
63.6,44.315308,-31.707935,-0.114105515
63.62,15.471616,30.302446,-0.114105515
63.64,-22.986637,16.52236,0.045777034
63.66,63.54443,18.445162,0.20565958
63.68,44.315308,13.157454,0.20565958
63.699997,-8.564792,-8.954777,-0.7536357
63.719997,-22.986637,-24.016727,-0.2739881
63.739998,-3.7575107,-3.1863687,-0.7536357
63.76,-27.793919,7.0685787,-0.4338706
63.78,-66.25217,-2.0647337,-0.59375316
63.8,5.857053,-11.83898,-0.9135183
63.82,-51.830326,-12.800381,-0.9135183
63.84,1.049771,22.611235,-0.114105515
63.859997,-56.637608,0.49900287,-0.2739881
63.879997,1.049771,-0.62263197,-0.114105515
63.899998,44.315308,-10.877579,-0.4338706
63.92,-61.44489,-7.672908,-0.4338706
63.94,-8.564792,-16.966454,-0.2739881
63.96,-18.179356,-16.325518,-0.7536357
63.98,39.508022,24.213572,-0.7536357
64.0,-13.372073,-5.1091714,-0.59375316
64.02,-8.564792,-1.5840333,-1.0734009
64.04,15.471616,-12.479914,-0.7536357
64.06,49.122585,2.4218054,-0.114105515
64.08,-13.372073,-0.9430991,0.045777034
64.1,-75.86674,-8.474075,0.20565958
64.119995,25.08618,-27.061165,-0.59375316
64.14,-22.986637,13.477921,0.045777034
64.159996,1.049771,3.0627398,-0.114105515
64.18,1.049771,23.412403,-0.4338706
64.2,25.08618,-27.061165,-0.59375316
64.22,-22.986637,-14.562949,-0.59375316
64.24,-27.793919,8.670914,-0.2739881
64.26,-13.372073,15.72119,-0.59375316
64.28,-13.372073,-25.298595,-0.59375316
64.299995,-8.564792,-12.159447,0.045777034
64.32,-8.564792,-12.640147,-0.114105515
64.34,-13.372073,4.024141,0.20565958
64.36,-27.793919,5.3060093,-0.114105515
64.38,10.664334,-17.286919,0.20565958
64.4,-27.793919,-0.62263197,-0.2739881
64.42,-3.7575107,-38.91844,-0.2739881
64.439995,15.471616,18.445162,0.045777034
64.46,5.857053,-12.960614,-0.59375316
64.479996,-3.7575107,54.177254,-0.114105515
64.5,-3.7575107,30.622915,0.045777034
64.52,-32.6012,8.670914,0.045777034
64.54,-66.25217,8.510681,0.20565958
64.56,1.049771,-8.634309,0.20565958
64.58,1.049771,13.317687,0.20565958
64.6,-37.40848,-9.115009,-0.59375316
64.619995,-3.7575107,18.765629,-0.114105515
64.64,-18.179356,21.9703,-0.2739881
64.659996,34.700745,4.825309,-0.59375316
64.68,5.857053,5.3060093,-0.7536357
64.7,20.278896,-10.877579,-0.4338706
64.72,-3.7575107,28.860344,-0.2739881
64.74,20.278896,-27.702099,0.36554214
64.76,20.278896,-13.761782,0.20565958
64.78,-42.215763,-4.948938,-0.114105515
64.799995,-22.986637,0.6592364,-0.2739881
64.82,25.08618,-10.396878,-0.2739881
64.84,-80.67402,7.8697467,0.045777034
64.86,-13.372073,-9.115009,-0.4338706
64.88,5.857053,18.284927,-0.114105515
64.9,1.049771,-18.568789,-0.59375316
64.92,20.278896,28.059177,0.20565958
64.939995,-22.986637,-24.817896,-0.114105515
64.96,10.664334,-24.016727,-0.114105515
64.979996,-42.215763,-61.511364,0.045777034
65.0,1.049771,-18.568789,-0.59375316
65.02,-56.637608,-7.192207,0.045777034
65.04,29.893461,14.1188545,-0.114105515
65.06,-13.372073,-3.5068357,-0.59375316
65.08,-18.179356,-17.447153,-0.114105515
65.1,-8.564792,4.9855423,0.045777034
65.119995,-71.05945,11.074417,-0.2739881
65.14,10.664334,26.93754,-0.114105515
65.159996,-13.372073,-0.9430991,0.045777034
65.18,49.122585,-74.49027,-0.2739881
65.2,20.278896,-28.343033,0.045777034
65.22,1.049771,-7.672908,-0.2739881
65.24,63.54443,-6.3910394,0.045777034
65.26,-3.7575107,-7.352441,0.045777034
65.28,15.471616,-4.468237,0.5254247
65.299995,-47.023045,-22.414392,0.045777034
65.32,39.508022,-3.9875362,0.045777034
65.34,-3.7575107,-9.755944,-0.114105515
65.36,-13.372073,-18.088087,0.36554214
65.38,-8.564792,-24.497427,-0.2739881
65.4,44.315308,0.17853576,0.045777034
65.42,-8.564792,-17.286919,0.20565958
65.439995,-27.793919,-7.833141,-0.114105515
65.46,-8.564792,-3.6670694,-0.114105515
65.479996,1.049771,-22.895092,-0.4338706
65.5,-8.564792,-3.5068357,-0.114105515
65.52,5.857053,13.958622,0.36554214
65.54,39.508022,-17.76762,0.36554214
65.56,58.737152,7.709513,0.5254247
65.58,34.700745,-14.242482,0.20565958
65.6,10.664334,-7.352441,-0.114105515
65.619995,-8.564792,20.68843,0.36554214
65.64,5.857053,32.866184,0.68530726
65.659996,44.315308,-10.236644,0.045777034
65.68,15.471616,-22.093925,0.5254247
65.7,-3.7575107,8.02998,0.8451898
65.72,20.278896,16.362125,0.36554214
65.74,53.92987,-3.026135,0.045777034
65.76,-3.7575107,14.279089,0.5254247
65.78,15.471616,-26.740696,1.0050724
65.799995,87.58084,45.043938,0.8451898
65.82,5.857053,7.8697467,0.68530726
65.84,-3.7575107,14.759789,0.5254247
65.86,-3.7575107,1.139937,0.5254247
65.88,5.857053,-15.04365,-0.114105515
65.9,-13.372073,7.3890457,0.5254247
65.92,5.857053,25.014738,0.36554214
65.939995,68.35171,17.483759,-0.4338706
65.96,25.08618,-8.474075,-0.114105515
65.979996,5.857053,-22.254158,0.5254247
66.0,-3.7575107,-23.055326,0.36554214
66.02,-18.179356,-3.9875362,0.36554214
66.04,20.278896,-26.099764,0.20565958
66.06,58.737152,-17.607388,0.5254247
66.08,-8.564792,14.1188545,0.68530726
66.1,25.08618,26.136374,0.5254247
66.119995,25.08618,-41.642414,-0.4338706
66.14,15.471616,-15.844818,-0.2739881
66.159996,5.857053,3.0627398,0.045777034
66.18,10.664334,8.350447,0.5254247
66.2,-22.986637,21.810066,0.8451898
66.22,10.664334,-19.209723,0.045777034
66.24,10.664334,-41.48218,-0.59375316
66.26,39.508022,-10.877579,-0.114105515
66.28,-27.793919,-26.90093,0.5254247
66.299995,15.471616,13.317687,0.045777034
66.32,20.278896,21.4896,-0.4338706
66.34,39.508022,-6.8717403,-0.114105515
66.36,5.857053,-12.159447,-0.4338706
66.38,-22.986637,-18.729021,0.20565958
66.4,-18.179356,14.439322,0.8451898
66.42,5.857053,-2.2249672,0.20565958
66.439995,5.857053,-14.883417,0.045777034
66.46,-3.7575107,-29.785133,-0.2739881
66.479996,5.857053,-22.73486,0.045777034
66.5,87.58084,-7.192207,0.20565958
66.52,-13.372073,-19.690422,0.045777034
66.54,-42.215763,-9.275244,-0.2739881
66.56,-8.564792,14.439322,0.045777034
66.58,15.471616,-3.1863687,-0.2739881
66.6,63.54443,8.991381,0.045777034
66.619995,-13.372073,0.17853576,0.20565958
66.64,5.857053,-12.31968,0.5254247
66.659996,29.893461,38.634594,0.5254247
66.68,-3.7575107,42.159733,-0.114105515
66.7,63.54443,-27.2214,0.045777034
66.72,1.049771,-13.281082,-0.2739881
66.74,1.049771,2.261572,0.045777034
66.76,5.857053,-5.589872,-0.114105515
66.78,-22.986637,36.872025,0.20565958
66.799995,-61.44489,4.024141,0.36554214
66.82,-3.7575107,0.33876932,0.045777034
66.84,-42.215763,17.163294,0.045777034
66.86,53.92987,46.48604,0.36554214
66.88,15.471616,1.3001705,-0.2739881
66.9,-22.986637,-3.1863687,0.20565958
66.92,1.049771,19.566797,-0.114105515
66.939995,-22.986637,28.700111,-0.2739881
66.96,-13.372073,-23.21556,-0.4338706
66.979996,-3.7575107,0.6592364,-0.114105515
67.0,63.54443,-29.1442,-0.114105515
67.02,-13.372073,6.7481112,0.045777034
67.04,5.857053,38.474358,0.36554214
67.06,-61.44489,72.60412,0.68530726
67.08,5.857053,7.0685787,-0.7536357
67.1,25.08618,-5.589872,-0.4338706
67.119995,-27.793919,-12.800381,-0.2739881
67.14,15.471616,14.599556,-0.2739881
67.159996,-13.372073,14.439322,-0.59375316
67.18,-8.564792,-11.037811,-0.59375316
67.2,-3.7575107,-24.497427,-0.2739881
67.22,-3.7575107,16.20189,0.045777034
67.24,-8.564792,17.643993,0.045777034
67.26,34.700745,-4.14777,-0.2739881
67.28,-8.564792,-7.833141,-0.2739881
67.299995,-13.372073,-8.153608,-0.114105515
67.32,58.737152,-19.209723,-0.7536357
67.34,-3.7575107,0.49900287,-0.2739881
67.36,-3.7575107,6.7481112,-0.114105515
67.38,10.664334,-15.524351,-0.4338706
67.4,-3.7575107,31.263847,-0.4338706
67.42,-13.372073,27.578474,-0.114105515
67.439995,5.857053,2.261572,-0.4338706
67.46,10.664334,11.555119,0.045777034
67.479996,-22.986637,-24.978128,0.5254247
67.5,-27.793919,-7.192207,-0.114105515
67.52,-42.215763,-8.474075,-0.114105515
67.54,-3.7575107,9.792548,0.36554214
67.56,10.664334,-10.236644,-0.2739881
67.58,1.049771,-7.993375,0.045777034
67.6,-13.372073,33.827583,-0.114105515
67.619995,-3.7575107,5.145776,0.045777034
67.64,10.664334,2.1013381,-0.114105515
67.659996,20.278896,25.655672,0.68530726
67.68,1.049771,-25.619062,0.045777034
67.7,-22.986637,13.638155,0.36554214
67.72,34.700745,0.81947,0.68530726
67.74,1.049771,-33.630737,0.045777034
67.76,-13.372073,-6.8717403,-0.2739881
67.78,-32.6012,9.952783,-0.2739881
67.799995,5.857053,-6.3910394,-0.4338706
67.82,5.857053,25.014738,-0.2739881
67.84,-13.372073,19.566797,0.36554214
67.86,-13.372073,1.4604042,0.20565958
67.88,63.54443,-5.910339,0.20565958
67.9,25.08618,-1.7442669,-0.114105515
67.92,10.664334,-3.6670694,-0.114105515
67.939995,-8.564792,3.8639073,0.20565958
67.96,10.664334,-19.369957,0.5254247
67.979996,15.471616,-19.049488,0.5254247
68.0,25.08618,11.394884,-0.114105515
68.02,-42.215763,5.145776,-0.114105515
68.04,-18.179356,27.738708,-0.114105515
68.06,20.278896,12.99722,0.20565958
68.08,29.893461,14.439322,0.20565958
68.1,25.08618,-16.165285,-0.4338706
68.119995,1.049771,0.6592364,-0.114105515
68.14,63.54443,16.842825,0.045777034
68.159996,-8.564792,7.3890457,0.20565958
68.18,-3.7575107,36.71179,-0.2739881
68.2,-32.6012,-23.055326,0.36554214
68.22,1.049771,21.649834,0.36554214
68.24,-8.564792,-3.026135,-0.114105515
68.26,49.122585,56.58076,0.36554214
68.28,-13.372073,16.041658,0.045777034
68.299995,25.08618,-12.640147,-0.114105515
68.32,-22.986637,11.875586,0.20565958
68.34,58.737152,-11.999213,-0.114105515
68.36,10.664334,28.059177,-0.59375316
68.38,1.049771,15.400723,-0.4338706
68.4,-3.7575107,-11.999213,-0.114105515
68.42,-42.215763,-11.198046,-0.4338706
68.439995,5.857053,-0.46239844,0.20565958
68.46,10.664334,44.08254,0.36554214
68.479996,-66.25217,2.902506,0.20565958
68.5,-32.6012,0.018302217,0.36554214
68.52,73.159,-1.7442669,-0.114105515
68.54,-37.40848,-7.5126743,-0.2739881
68.56,25.08618,22.611235,0.045777034
68.58,5.857053,-18.248322,-0.2739881
68.6,-8.564792,0.9797035,-0.114105515
68.619995,-8.564792,-0.9430991,0.045777034
68.64,-3.7575107,7.8697467,-0.114105515
68.659996,10.664334,-6.5512733,0.045777034
68.68,-42.215763,31.103615,0.20565958
68.7,1.049771,15.881425,0.20565958
68.72,1.049771,52.09422,-0.2739881
68.74,-42.215763,-5.2694044,-0.114105515
68.76,-3.7575107,-7.192207,0.20565958
68.78,29.893461,-21.613226,-0.114105515
68.799995,1.049771,-0.30216488,-0.114105515
68.82,5.857053,-19.530188,-0.2739881
68.84,63.54443,-26.259996,-0.114105515
68.86,34.700745,-0.30216488,-0.114105515
68.88,15.471616,-53.980392,-0.2739881
68.9,-8.564792,-13.761782,-0.114105515
68.92,5.857053,2.261572,0.045777034
68.939995,1.049771,14.439322,-0.114105515
68.96,25.08618,11.875586,0.5254247
68.979996,29.893461,-9.59571,-0.2739881
69.0,-18.179356,6.908345,0.20565958
69.02,-13.372073,-14.723184,0.045777034
69.04,-3.7575107,-10.396878,-0.2739881
69.06,10.664334,-0.30216488,0.045777034
69.08,-22.986637,1.3001705,-0.114105515
69.1,-3.7575107,0.49900287,-0.114105515
69.119995,20.278896,15.560958,0.20565958
69.14,-8.564792,7.8697467,0.20565958
69.159996,10.664334,4.825309,0.20565958
69.18,-13.372073,59.30473,0.36554214
69.2,-3.7575107,54.657955,0.20565958
69.22,15.471616,4.504842,-0.2739881
69.24,-32.6012,15.881425,-0.4338706
69.26,25.08618,-0.62263197,0.20565958
69.28,39.508022,14.439322,-0.4338706
69.299995,-8.564792,22.290768,0.045777034
69.32,1.049771,10.433483,-0.59375316
69.34,44.315308,1.139937,-0.4338706
69.36,15.471616,-39.559376,0.045777034
69.38,1.049771,-2.0647337,-0.2739881
69.4,-13.372073,11.875586,-0.2739881
69.42,1.049771,-13.761782,-0.4338706
69.439995,-22.986637,-6.711507,0.20565958
69.46,20.278896,-24.978128,-0.59375316
69.479996,15.471616,-6.5512733,-0.2739881
69.5,10.664334,2.7422726,-0.114105515
69.52,-3.7575107,7.0685787,-0.4338706
69.54,-3.7575107,-10.396878,-0.2739881
69.56,10.664334,10.914185,-0.114105515
69.58,-37.40848,38.634594,-0.114105515
69.6,5.857053,0.33876932,-0.4338706
69.619995,-51.830326,14.920023,0.5254247
69.64,34.700745,-41.161713,0.045777034
69.659996,5.857053,27.258009,0.68530726
69.68,-13.372073,17.163294,-0.2739881
69.7,5.857053,-24.978128,-0.2739881
69.72,-3.7575107,11.555119,-0.59375316
69.74,-22.986637,-12.479914,0.045777034
69.76,49.122585,4.184375,-0.4338706
69.78,-8.564792,0.33876932,-0.59375316
69.799995,-13.372073,-4.948938,-0.4338706
69.82,-32.6012,3.5434403,0.045777034
69.84,34.700745,-30.265835,-0.114105515
69.86,-8.564792,-5.7501054,0.36554214
69.88,-8.564792,-36.995644,-0.4338706
69.9,-51.830326,11.555119,0.36554214
69.92,10.664334,-3.3466022,0.20565958
69.939995,-8.564792,-28.503265,0.20565958
69.96,-51.830326,-13.922015,0.045777034
69.979996,-27.793919,-6.711507,-0.4338706
70.0,10.664334,4.024141,-0.2739881
70.02,-27.793919,6.4276443,-0.4338706
70.04,-27.793919,20.68843,0.045777034
70.06,-3.7575107,-3.1863687,0.045777034
70.08,-37.40848,-15.203884,0.20565958
70.1,-51.830326,13.638155,0.20565958
70.119995,39.508022,-3.1863687,0.045777034
70.14,1.049771,10.113016,-0.114105515
70.159996,-22.986637,15.560958,0.045777034
70.18,15.471616,36.71179,0.045777034
70.2,-8.564792,-16.966454,0.045777034
70.22,-8.564792,-4.3080034,-0.2739881
70.24,20.278896,-27.862331,-0.7536357
70.26,49.122585,10.75395,-0.7536357
70.28,10.664334,33.98782,0.045777034
70.299995,-47.023045,-0.7828655,0.045777034
70.32,5.857053,-6.5512733,-0.2739881
70.34,20.278896,-6.0705724,-0.2739881
70.36,-18.179356,-13.922015,-0.2739881
70.38,-18.179356,-11.518513,-0.114105515
70.4,53.92987,2.5820389,0.045777034
70.42,5.857053,22.931702,0.5254247
70.439995,-22.986637,0.6592364,-0.2739881
70.46,1.049771,13.477921,-0.59375316
70.479996,-27.793919,23.572638,0.045777034
70.5,-8.564792,17.163294,0.20565958
70.52,-18.179356,7.0685787,0.20565958
70.54,1.049771,37.352726,0.20565958
70.56,39.508022,-16.645985,0.36554214
70.58,-42.215763,-9.115009,-0.114105515
70.6,-22.986637,3.2229733,-0.114105515
70.619995,-13.372073,-7.993375,-0.4338706
70.64,-37.40848,-3.827303,0.36554214
70.659996,-8.564792,20.047497,-0.114105515
70.68,-42.215763,5.145776,0.045777034
70.7,-27.793919,36.872025,-0.114105515
70.72,15.471616,26.617075,-0.114105515
70.74,5.857053,7.709513,-0.4338706
70.76,-3.7575107,2.7422726,-0.4338706
70.78,1.049771,-7.5126743,0.045777034
70.799995,-13.372073,-8.313842,0.045777034
70.82,25.08618,-31.707935,-0.7536357
70.84,15.471616,-29.945368,-0.114105515
70.86,-13.372073,-6.5512733,-0.114105515
70.88,10.664334,-8.634309,0.20565958
70.9,-27.793919,39.595997,0.20565958
70.92,-13.372073,-1.1033326,0.68530726
70.939995,10.664334,1.4604042,-0.114105515
70.96,-13.372073,-5.589872,0.045777034
70.979996,15.471616,-6.5512733,-0.59375316
71.0,15.471616,2.4218054,0.045777034
71.02,-32.6012,-61.030663,0.20565958
71.04,25.08618,-5.429638,-0.114105515
71.06,5.857053,17.00306,0.36554214
71.08,1.049771,56.100056,0.5254247
71.1,-27.793919,-2.2249672,0.20565958
71.119995,-8.564792,20.848665,0.20565958
71.14,-32.6012,2.902506,0.5254247
71.159996,-66.25217,16.52236,0.20565958
71.18,44.315308,-27.38163,-0.4338706
71.2,1.049771,-3.9875362,-0.2739881
71.22,-27.793919,22.931702,-0.114105515
71.24,20.278896,37.833427,0.045777034
71.26,1.049771,34.628754,0.36554214
71.28,29.893461,3.8639073,-0.2739881
71.299995,-18.179356,4.3446083,-0.59375316
71.32,10.664334,9.472081,0.20565958
71.34,-18.179356,0.9797035,0.5254247
71.36,-18.179356,-3.6670694,0.20565958
71.38,15.471616,7.549279,0.045777034
71.4,-42.215763,49.370243,0.045777034
71.42,20.278896,-19.369957,-1.0734009
71.439995,1.049771,17.00306,-0.9135183
71.46,10.664334,-1.9045002,-0.4338706
71.479996,-13.372073,16.20189,-0.4338706
71.5,-13.372073,-6.3910394,-0.2739881
71.52,10.664334,-30.906769,0.045777034
71.54,44.315308,-12.31968,0.5254247
71.56,53.92987,-28.6635,0.20565958
71.58,15.471616,-17.927853,-0.4338706
71.6,-42.215763,-9.275244,-0.4338706
71.619995,5.857053,8.350447,-0.2739881
71.64,-3.7575107,3.5434403,0.20565958
71.659996,1.049771,2.902506,0.045777034
71.68,-3.7575107,-38.91844,-0.2739881
71.7,-8.564792,9.472081,-0.4338706
71.72,5.857053,14.279089,0.20565958
71.74,-3.7575107,35.75039,0.045777034
71.76,25.08618,8.670914,0.68530726
71.78,10.664334,-11.198046,0.36554214
71.799995,15.471616,-31.387466,-0.114105515
71.82,-18.179356,-56.22366,-0.2739881
71.84,29.893461,0.6592364,0.20565958
71.86,20.278896,-0.7828655,0.20565958
71.88,-3.7575107,-22.254158,-0.114105515
71.9,5.857053,6.5878778,0.045777034
71.92,-27.793919,-1.5840333,-0.2739881
71.939995,1.049771,-2.2249672,0.68530726
71.96,-22.986637,-13.441315,0.20565958
71.979996,1.049771,-18.889254,0.045777034
72.0,20.278896,9.311849,0.045777034
72.02,39.508022,-23.21556,-0.114105515
72.04,1.049771,-19.049488,0.045777034
72.06,-13.372073,-21.613226,-0.114105515
72.08,-42.215763,-23.055326,0.20565958
72.1,20.278896,-2.8659017,0.20565958
72.119995,-18.179356,5.78671,0.045777034
72.14,-3.7575107,-22.574625,0.5254247
72.159996,-8.564792,3.5434403,0.36554214
72.18,10.664334,0.6592364,0.36554214
72.2,5.857053,0.17853576,0.36554214
72.22,-3.7575107,-8.153608,-0.114105515
72.24,1.049771,2.902506,0.045777034
72.26,-3.7575107,4.504842,0.045777034
72.28,29.893461,-4.948938,0.045777034
72.299995,-8.564792,-28.182798,-0.2739881
72.32,25.08618,-33.630737,0.20565958
72.34,10.664334,0.9797035,0.5254247
72.36,1.049771,-3.9875362,0.045777034
72.38,5.857053,12.356286,0.8451898
72.4,1.049771,-16.325518,0.045777034
72.42,29.893461,-17.126686,0.36554214
72.439995,49.122585,-25.619062,0.36554214
72.46,15.471616,4.9855423,0.20565958
72.479996,25.08618,17.323528,0.20565958
72.5,-80.67402,57.22169,1.0050724
72.52,15.471616,-16.485752,0.20565958
72.54,-18.179356,-32.989803,0.20565958
72.56,5.857053,11.875586,0.68530726
72.58,1.049771,38.794827,0.68530726
72.6,1.049771,-4.468237,0.20565958
72.619995,20.278896,24.854506,0.68530726
72.64,20.278896,12.51652,0.8451898
72.659996,15.471616,2.1013381,0.36554214
72.68,53.92987,-23.21556,0.5254247
72.7,-27.793919,-17.447153,0.36554214
72.72,39.508022,-20.01089,-0.114105515
72.74,10.664334,-20.331356,0.36554214
72.76,15.471616,-19.850657,0.20565958
72.78,44.315308,-29.785133,-0.114105515
72.799995,29.893461,4.9855423,0.045777034
72.82,1.049771,8.510681,0.36554214
72.84,-42.215763,0.018302217,0.68530726
72.86,20.278896,11.715352,0.36554214
72.88,-13.372073,-27.2214,0.68530726
72.9,-42.215763,-5.589872,0.20565958
72.92,1.049771,12.99722,0.20565958
72.939995,10.664334,-25.138361,-0.114105515
72.96,49.122585,-38.91844,0.045777034
72.979996,5.857053,-15.364117,0.5254247
73.0,-3.7575107,3.3832066,-0.114105515
73.02,15.471616,9.792548,0.8451898
73.04,10.664334,0.018302217,0.36554214
73.06,1.049771,-21.452991,0.36554214
73.08,10.664334,-22.414392,0.045777034
73.1,-22.986637,-20.651823,0.5254247
73.119995,-3.7575107,24.213572,0.5254247
73.14,20.278896,-19.049488,-0.4338706
73.159996,29.893461,-23.536026,-0.4338706
73.18,1.049771,12.035819,0.045777034
73.2,25.08618,4.3446083,0.5254247
73.22,5.857053,4.825309,0.20565958
73.24,-8.564792,-37.47634,-0.114105515
73.26,34.700745,-31.227234,0.20565958
73.28,34.700745,-16.80622,1.3248374
73.299995,-22.986637,10.593717,0.8451898
73.32,15.471616,2.261572,0.20565958
73.34,-8.564792,-4.7887044,0.20565958
73.36,20.278896,13.958622,0.20565958
73.38,-8.564792,-2.385201,-0.4338706
73.4,5.857053,16.20189,0.20565958
73.42,25.08618,-22.73486,-0.114105515
73.439995,20.278896,-2.5454345,-0.114105515
73.46,-3.7575107,-6.0705724,0.36554214
73.479996,-18.179356,-19.530188,0.5254247
73.5,29.893461,21.169132,0.20565958
73.52,15.471616,-7.5126743,-0.114105515
73.54,25.08618,-30.426067,0.20565958
73.56,5.857053,-5.1091714,0.20565958
73.58,20.278896,4.3446083,0.5254247
73.6,-32.6012,37.032257,0.68530726
73.619995,-22.986637,0.49900287,0.045777034
73.64,10.664334,-2.7056682,0.045777034
73.659996,39.508022,1.139937,0.20565958
73.68,-8.564792,20.367966,0.36554214
73.7,25.08618,14.920023,1.164955
73.72,5.857053,-17.927853,0.5254247
73.74,29.893461,-41.96288,0.20565958
73.76,10.664334,43.12113,0.68530726
73.78,-3.7575107,18.445162,0.8451898
73.799995,-18.179356,6.7481112,0.68530726
73.82,1.049771,1.6206378,0.68530726
73.84,5.857053,-1.4237996,0.045777034
73.86,44.315308,41.198334,0.045777034
73.88,1.049771,-3.1863687,0.5254247
73.9,15.471616,-32.34887,0.045777034
73.92,15.471616,-2.385201,0.8451898
73.939995,15.471616,-8.474075,0.045777034
73.96,5.857053,-21.933691,0.8451898
73.979996,25.08618,-22.093925,-0.114105515
74.0,34.700745,20.047497,0.68530726
74.02,-3.7575107,-3.3466022,0.20565958
74.04,25.08618,-9.435476,-0.114105515
74.06,15.471616,-1.2635663,0.20565958
74.08,-3.7575107,-40.200314,0.68530726
74.1,20.278896,-6.3910394,0.36554214
74.119995,10.664334,-6.230806,0.5254247
74.14,20.278896,-32.989803,-0.114105515
74.159996,1.049771,-5.7501054,0.68530726
74.18,34.700745,-16.165285,0.36554214
74.2,15.471616,-35.233074,0.5254247
74.22,20.278896,-25.45883,0.045777034
74.24,25.08618,-16.966454,0.68530726
74.26,20.278896,28.059177,1.0050724
74.28,29.893461,-34.59214,0.68530726
74.299995,34.700745,19.887262,0.5254247
74.32,15.471616,-22.414392,0.5254247
74.34,34.700745,-14.883417,0.36554214
74.36,1.049771,11.394884,0.68530726
74.38,39.508022,-23.69626,0.36554214
74.4,-8.564792,-20.812057,0.045777034
74.42,-22.986637,-4.3080034,0.8451898
74.439995,-13.372073,2.4218054,0.8451898
74.46,58.737152,-1.7442669,0.045777034
74.479996,1.049771,-7.993375,0.5254247
74.5,15.471616,-3.6670694,0.68530726
74.52,5.857053,-0.30216488,0.5254247
74.54,10.664334,12.676753,-0.114105515
74.56,-32.6012,-5.7501054,0.5254247
74.58,-8.564792,-32.34887,-0.114105515
74.6,15.471616,-51.57689,0.045777034
74.619995,-22.986637,-5.1091714,0.5254247
74.64,34.700745,-0.62263197,0.20565958
74.659996,106.80997,22.77147,0.5254247
74.68,15.471616,-18.889254,-0.114105515
74.7,5.857053,-13.761782,0.045777034
74.72,15.471616,-24.657661,0.045777034
74.74,15.471616,-42.12311,0.045777034
74.76,-18.179356,16.842825,0.045777034
74.78,10.664334,-12.640147,0.68530726
74.799995,15.471616,-22.73486,0.045777034
74.82,1.049771,1.3001705,-0.2739881
74.84,77.96628,-21.292757,0.045777034
74.86,-3.7575107,-1.4237996,0.20565958
74.88,-27.793919,8.350447,0.36554214
74.9,25.08618,-5.589872,-0.4338706
74.92,20.278896,3.3832066,0.36554214
74.939995,29.893461,-33.630737,-0.4338706
74.96,-18.179356,12.676753,0.5254247
74.979996,20.278896,19.406563,-0.2739881
75.0,-47.023045,24.534037,0.045777034
75.02,5.857053,-13.601548,-0.114105515
75.04,-27.793919,-3.026135,0.045777034
75.06,-13.372073,12.99722,0.5254247
75.08,20.278896,-5.1091714,0.36554214
75.1,-32.6012,-2.8659017,0.045777034
75.119995,-22.986637,-7.833141,0.20565958
75.14,10.664334,5.78671,-0.2739881
75.159996,58.737152,5.466243,-0.2739881
75.18,-3.7575107,-20.171124,-0.59375316
75.2,53.92987,-9.275244,0.20565958
75.22,10.664334,-7.352441,0.20565958
75.24,-8.564792,0.9797035,0.20565958
75.259995,39.508022,-17.126686,0.20565958
75.28,58.737152,-52.378056,-0.2739881
75.299995,15.471616,-3.3466022,-0.114105515
75.32,1.049771,-13.601548,-0.4338706
75.34,-13.372073,-30.906769,-0.2739881
75.36,25.08618,-12.800381,0.045777034
75.38,-13.372073,-4.7887044,0.045777034
75.4,-27.793919,20.047497,0.36554214
75.42,-8.564792,7.8697467,0.20565958
75.439995,34.700745,5.9469438,0.8451898
75.46,-3.7575107,25.014738,0.68530726
75.479996,20.278896,18.765629,0.68530726
75.5,-27.793919,12.196053,0.20565958
75.52,-13.372073,2.902506,0.045777034
75.54,-32.6012,-18.889254,-0.59375316
75.56,1.049771,5.9469438,0.045777034
75.58,-13.372073,-8.474075,-0.114105515
75.6,-42.215763,21.4896,-0.4338706
75.619995,-3.7575107,27.097775,-0.114105515
75.64,1.049771,64.11174,0.20565958
75.659996,-13.372073,-10.717345,-0.114105515
75.68,10.664334,-66.158134,-0.59375316
75.7,-13.372073,-31.067003,-0.114105515
75.72,44.315308,-33.790974,-0.7536357
75.74,5.857053,42.800667,-0.4338706
75.759995,-13.372073,5.3060093,-0.2739881
75.78,-32.6012,-2.2249672,-0.4338706
75.799995,34.700745,-51.096188,-0.4338706
75.82,10.664334,-16.80622,-0.9135183
75.84,15.471616,-33.630737,-0.2739881
75.86,5.857053,6.5878778,-0.114105515
75.88,-32.6012,-4.6284704,0.20565958
75.9,5.857053,-43.565212,-0.4338706
75.92,-42.215763,-6.230806,-0.2739881
75.939995,1.049771,6.7481112,-0.114105515
75.96,-18.179356,-34.912605,-0.7536357
75.979996,10.664334,13.638155,0.045777034
76.0,-8.564792,41.358562,-0.114105515
76.02,5.857053,0.6592364,-0.2739881
76.04,-42.215763,-6.230806,0.045777034
76.06,-13.372073,-17.447153,-0.2739881
76.08,15.471616,-2.8659017,-0.2739881
76.1,1.049771,-2.2249672,-0.4338706
76.119995,5.857053,9.151615,-0.59375316
76.14,49.122585,-36.354706,-0.7536357
76.159996,-51.830326,22.290768,-0.2739881
76.18,-8.564792,-5.910339,0.045777034
76.2,15.471616,-16.325518,-0.4338706
76.22,-3.7575107,11.074417,-0.114105515
76.24,-27.793919,-14.08225,-0.4338706
76.259995,1.049771,-23.69626,0.045777034
76.28,29.893461,-36.194473,-0.2739881
76.299995,-3.7575107,-22.574625,-0.114105515
76.32,20.278896,-13.922015,-0.9135183
76.34,-27.793919,-1.9045002,-0.114105515
76.36,29.893461,-6.0705724,0.20565958
76.38,-13.372073,-12.800381,0.045777034
76.4,-32.6012,-14.883417,0.045777034
76.42,15.471616,33.66735,-0.114105515
76.439995,-27.793919,-4.468237,0.36554214
76.46,34.700745,0.33876932,0.20565958
76.479996,-71.05945,-2.0647337,-0.114105515
76.5,10.664334,15.72119,-0.114105515
76.52,-13.372073,9.952783,-0.4338706
76.54,1.049771,12.196053,0.20565958
76.56,-32.6012,-27.061165,0.045777034
76.58,29.893461,-12.159447,-0.4338706
76.6,-13.372073,2.4218054,0.20565958
76.619995,-27.793919,-7.672908,0.36554214
76.64,25.08618,-6.8717403,0.045777034
76.659996,1.049771,-19.049488,0.5254247
76.68,20.278896,7.549279,-0.114105515
76.7,25.08618,29.98198,0.20565958
76.72,29.893461,-4.468237,0.5254247
76.74,10.664334,-4.6284704,-0.114105515
76.759995,15.471616,-25.93953,-0.4338706
76.78,-42.215763,18.124695,-0.114105515
76.799995,-3.7575107,30.622915,0.68530726
76.82,-13.372073,-15.04365,0.36554214
76.84,1.049771,-3.1863687,0.20565958
76.86,-56.637608,-26.099764,0.20565958
76.88,-27.793919,-3.3466022,0.045777034
76.9,1.049771,-24.657661,0.045777034
76.92,25.08618,25.49544,0.20565958
76.939995,111.61725,20.047497,0.20565958
76.96,25.08618,-12.640147,0.045777034
76.979996,15.471616,4.184375,0.20565958
77.0,5.857053,-43.565212,-0.4338706
77.02,25.08618,0.9797035,0.20565958
77.04,49.122585,9.952783,0.5254247
77.06,-32.6012,29.501278,0.8451898
77.08,10.664334,-6.5512733,0.045777034
77.1,5.857053,-2.7056682,0.68530726
77.119995,34.700745,-22.254158,0.5254247
77.14,-66.25217,18.445162,0.20565958
77.159996,-8.564792,-8.954777,-0.114105515
77.18,-3.7575107,-0.7828655,-0.7536357
77.2,-22.986637,-24.17696,0.045777034
77.22,-22.986637,3.0627398,-0.114105515
77.24,1.049771,15.560958,0.20565958
77.259995,10.664334,-39.559376,0.045777034
77.28,-37.40848,-28.182798,-0.7536357
77.299995,-18.179356,-6.3910394,-0.114105515
77.32,1.049771,43.4416,0.20565958
77.34,-3.7575107,-24.016727,0.045777034
77.36,34.700745,-6.3910394,-0.114105515
77.38,5.857053,3.0627398,0.5254247
77.4,-37.40848,4.024141,-0.114105515
77.42,-32.6012,-4.3080034,-0.2739881
77.439995,15.471616,29.341045,-0.59375316
77.46,-80.67402,15.24049,0.045777034
77.479996,-8.564792,-36.03424,0.20565958
77.5,-18.179356,-24.817896,0.36554214
77.52,-32.6012,-9.435476,0.20565958
77.54,39.508022,6.7481112,0.045777034
77.56,-61.44489,-3.827303,-0.114105515
77.58,-18.179356,5.3060093,0.5254247
77.6,20.278896,-11.678746,0.045777034
77.619995,-8.564792,12.356286,0.5254247
77.64,44.315308,4.6650753,0.68530726
77.659996,-22.986637,-1.7442669,0.045777034
77.68,15.471616,9.311849,-0.2739881
77.7,29.893461,-29.945368,0.20565958
77.72,-61.44489,34.148052,0.36554214
77.74,-8.564792,13.477921,-0.114105515
77.759995,-18.179356,23.252169,0.045777034
77.78,10.664334,-20.171124,0.36554214
77.799995,15.471616,24.534037,0.36554214
77.82,-8.564792,-13.761782,0.68530726
77.84,-37.40848,-9.59571,0.5254247
77.86,15.471616,8.02998,0.36554214
77.88,-22.986637,3.5434403,0.20565958
77.9,-8.564792,2.902506,0.045777034
77.92,5.857053,15.080256,-0.2739881
77.939995,-22.986637,20.367966,0.20565958
77.96,-56.637608,9.792548,-0.2739881
77.979996,15.471616,4.6650753,-0.2739881
78.0,1.049771,-18.889254,-0.2739881
78.02,-8.564792,-20.812057,-0.114105515
78.04,5.857053,2.902506,-0.2739881
78.06,-3.7575107,-1.2635663,0.36554214
78.08,-61.44489,11.875586,0.36554214
78.1,39.508022,26.777308,0.20565958
78.119995,-27.793919,-27.862331,-0.2739881
78.14,-8.564792,-6.230806,-0.114105515
78.159996,44.315308,63.951508,0.20565958
78.18,20.278896,12.676753,0.045777034
78.2,5.857053,24.534037,-0.114105515
78.22,20.278896,-25.298595,-0.114105515
78.24,29.893461,7.228812,-0.114105515
78.259995,-22.986637,5.145776,-0.114105515
78.28,-13.372073,7.8697467,0.20565958
78.299995,-47.023045,14.279089,0.8451898
78.32,-27.793919,-8.474075,0.68530726
78.34,-22.986637,44.563236,0.36554214
78.36,73.159,-2.8659017,-0.114105515
78.38,10.664334,21.810066,-0.4338706
78.4,-8.564792,-25.138361,-0.4338706
78.42,-3.7575107,-25.779295,0.20565958
78.439995,29.893461,-14.242482,0.5254247
78.46,-3.7575107,-5.589872,0.045777034
78.479996,-3.7575107,47.126976,0.5254247
78.5,15.471616,16.842825,0.20565958
78.52,-22.986637,2.5820389,0.5254247
78.54,25.08618,-16.325518,0.20565958
78.56,-3.7575107,-7.833141,0.045777034
78.58,15.471616,-13.922015,0.20565958
78.6,25.08618,-1.7442669,0.045777034
78.619995,-27.793919,-11.999213,0.045777034
78.64,-18.179356,-0.62263197,0.045777034
78.659996,63.54443,-20.331356,0.045777034
78.68,10.664334,1.6206378,0.045777034
78.7,15.471616,18.925863,0.20565958
78.72,-32.6012,19.406563,0.5254247
78.74,1.049771,-23.21556,0.36554214
78.759995,1.049771,8.991381,0.5254247
78.78,5.857053,-20.01089,0.5254247
78.799995,20.278896,16.682592,0.20565958
78.82,-8.564792,-1.9045002,0.68530726
78.84,-3.7575107,36.71179,0.20565958
78.86,20.278896,4.825309,0.36554214
78.88,5.857053,22.611235,0.36554214
78.9,1.049771,0.6592364,0.20565958
78.92,-8.564792,20.848665,-0.4338706
78.939995,-8.564792,13.958622,0.045777034
78.96,-32.6012,6.7481112,0.68530726
78.979996,10.664334,-14.08225,0.045777034
79.0,10.664334,-5.910339,0.5254247
79.02,29.893461,-10.717345,0.20565958
79.04,10.664334,-2.7056682,0.20565958
79.06,-66.25217,1.7808713,-0.2739881
79.08,-3.7575107,-4.3080034,-0.7536357
79.1,10.664334,0.33876932,-0.4338706
79.119995,-18.179356,19.727032,-0.114105515
79.14,-8.564792,5.9469438,0.68530726
79.159996,29.893461,21.0089,0.20565958
79.18,-18.179356,-0.14193134,-0.114105515
79.2,1.049771,-2.2249672,0.045777034
79.22,-3.7575107,0.9797035,0.045777034
79.24,-3.7575107,14.920023,0.36554214
79.259995,15.471616,-2.385201,0.68530726
79.28,10.664334,-13.441315,0.36554214
79.299995,29.893461,-5.2694044,0.5254247
79.32,15.471616,-40.52078,0.045777034
79.34,20.278896,7.8697467,-0.114105515
79.36,25.08618,12.99722,0.36554214
79.38,44.315308,25.49544,0.36554214
79.4,-37.40848,10.914185,0.36554214
79.42,20.278896,-23.856495,0.045777034
79.439995,10.664334,22.451,-0.2739881
79.46,49.122585,-17.126686,-0.114105515
79.479996,5.857053,50.97258,0.20565958
79.5,-27.793919,-32.34887,0.045777034
79.52,29.893461,-14.562949,0.5254247
79.54,-13.372073,-21.452991,0.5254247
79.56,39.508022,-4.948938,0.36554214
79.58,20.278896,16.362125,-0.114105515
79.6,10.664334,-2.7056682,-0.114105515
79.619995,1.049771,-10.557112,0.68530726
79.64,20.278896,-46.769882,0.5254247
79.659996,-18.179356,-2.7056682,0.20565958
79.68,-8.564792,-5.910339,0.36554214
79.7,-13.372073,9.952783,0.20565958
79.72,34.700745,17.804228,0.68530726
79.74,10.664334,-10.396878,0.5254247
79.759995,15.471616,-14.883417,0.045777034
79.78,-61.44489,-48.211983,0.045777034
79.799995,5.857053,-4.468237,0.36554214
79.82,34.700745,18.925863,0.36554214
79.84,92.38812,15.72119,0.045777034
79.86,-3.7575107,11.234652,0.36554214
79.88,-37.40848,-8.153608,-0.114105515
79.9,10.664334,12.196053,1.0050724
79.92,1.049771,43.28137,0.68530726
79.939995,5.857053,0.81947,0.68530726
79.96,1.049771,13.958622,0.045777034
79.979996,-27.793919,10.914185,-0.114105515
80.0,5.857053,-19.209723,0.20565958
80.02,-42.215763,-31.547703,0.5254247
80.04,5.857053,-25.93953,0.36554214
80.06,39.508022,37.352726,-0.114105515
80.08,-3.7575107,15.881425,0.045777034
80.1,20.278896,14.439322,0.68530726
80.119995,34.700745,-21.773457,0.20565958
80.14,5.857053,-18.729021,-0.114105515
80.159996,-13.372073,41.358562,-0.2739881
80.18,15.471616,-39.078674,-0.2739881
80.2,1.049771,-9.755944,0.045777034
80.22,-3.7575107,0.17853576,0.20565958
80.24,25.08618,-26.740696,0.20565958
80.259995,-8.564792,41.198334,0.5254247
80.28,39.508022,-18.248322,0.20565958
80.299995,-32.6012,5.78671,1.0050724
80.32,15.471616,-2.7056682,0.20565958
80.34,34.700745,10.433483,0.045777034
80.36,-13.372073,-17.76762,-0.59375316
80.38,5.857053,-19.209723,-0.2739881
80.4,29.893461,-7.993375,0.5254247
80.42,77.96628,-21.933691,-1.0734009
80.439995,20.278896,8.02998,0.20565958
80.46,10.664334,3.5434403,0.20565958
80.479996,34.700745,64.11174,1.164955
80.5,20.278896,-19.690422,0.36554214
80.52,15.471616,-0.62263197,0.20565958
80.54,15.471616,-24.978128,0.68530726
80.56,1.049771,8.02998,0.045777034
80.58,5.857053,48.889545,0.36554214
80.6,5.857053,-40.68101,-0.4338706
80.619995,10.664334,-34.111435,-0.2739881
80.64,1.049771,-7.993375,0.045777034
80.659996,15.471616,9.632316,0.20565958
80.68,29.893461,-1.5840333,0.68530726
80.7,15.471616,4.9855423,-0.114105515
80.72,1.049771,-3.6670694,0.36554214
80.74,15.471616,0.33876932,0.5254247
80.759995,25.08618,-10.396878,0.045777034
80.78,-3.7575107,-1.5840333,0.045777034
80.799995,5.857053,8.991381,0.20565958
80.82,20.278896,-13.120848,-0.2739881
80.84,-8.564792,7.3890457,0.20565958
80.86,34.700745,8.190214,0.045777034
80.88,-3.7575107,1.3001705,0.5254247
80.9,92.38812,-31.067003,0.68530726
80.92,-3.7575107,-28.983965,0.5254247
80.939995,1.049771,-22.254158,0.045777034
80.96,-3.7575107,0.6592364,0.5254247
80.979996,-3.7575107,15.24049,0.68530726
81.0,-18.179356,-28.6635,0.045777034
81.02,25.08618,14.920023,0.045777034
81.04,82.77356,-5.2694044,0.36554214
81.06,-3.7575107,3.0627398,0.36554214
81.08,-37.40848,0.17853576,0.045777034
81.1,10.664334,-6.230806,-0.114105515
81.119995,44.315308,34.308285,0.36554214
81.14,15.471616,-7.0319734,0.20565958
81.159996,53.92987,27.258009,0.045777034
81.18,-18.179356,-44.045914,-0.114105515
81.2,10.664334,-6.8717403,0.36554214
81.22,20.278896,-45.808483,-0.114105515
81.24,1.049771,-19.369957,0.045777034
81.259995,15.471616,7.3890457,-0.7536357
81.28,25.08618,-2.8659017,-0.4338706
81.299995,-13.372073,7.3890457,-0.4338706
81.32,-42.215763,-30.906769,0.20565958
81.34,34.700745,-27.541864,0.20565958
81.36,15.471616,-18.408554,0.20565958
81.38,39.508022,14.439322,0.20565958
81.4,10.664334,-5.2694044,-0.2739881
81.42,49.122585,-19.690422,-0.2739881
81.439995,-42.215763,-19.690422,0.20565958
81.46,5.857053,3.3832066,0.20565958
81.479996,20.278896,0.6592364,-0.114105515
81.5,68.35171,9.632316,0.36554214
81.52,5.857053,23.252169,0.045777034
81.54,44.315308,-3.827303,-0.114105515
81.56,29.893461,-3.026135,0.20565958
81.58,-3.7575107,-0.62263197,0.5254247
81.6,20.278896,-22.254158,0.045777034
81.619995,25.08618,0.49900287,-0.2739881
81.64,20.278896,-12.960614,-0.4338706
81.659996,-8.564792,-11.678746,-0.2739881
81.68,10.664334,-16.165285,0.045777034
81.7,10.664334,-8.794542,0.20565958
81.72,34.700745,-14.562949,0.20565958
81.74,1.049771,-8.634309,0.20565958
81.759995,25.08618,-5.7501054,-0.114105515
81.78,29.893461,-24.337194,0.36554214
81.799995,5.857053,-7.352441,0.045777034
81.82,-37.40848,-48.53245,-0.2739881
81.84,-8.564792,-8.634309,-0.2739881
81.86,-3.7575107,-19.690422,-0.2739881
81.88,-32.6012,13.317687,0.5254247
81.9,58.737152,6.7481112,0.045777034
81.92,-3.7575107,7.549279,0.045777034
81.939995,10.664334,-7.0319734,-0.2739881
81.96,-8.564792,-12.640147,-0.114105515
81.979996,25.08618,-4.948938,-0.2739881
82.0,-32.6012,-19.369957,-0.4338706
82.02,-13.372073,-22.093925,-0.59375316
82.04,5.857053,9.151615,-0.4338706
82.06,25.08618,58.50356,0.20565958
82.08,5.857053,-1.9045002,-0.114105515
82.1,-8.564792,-1.7442669,-0.7536357
82.119995,1.049771,18.445162,0.5254247
82.14,44.315308,-23.21556,-0.4338706
82.159996,-18.179356,21.9703,0.36554214
82.18,25.08618,-20.171124,-0.4338706
82.2,-18.179356,-10.557112,-0.114105515
82.22,1.049771,16.52236,-0.114105515
82.24,-3.7575107,-1.5840333,-0.59375316
82.259995,-13.372073,42.800667,0.045777034
82.28,-8.564792,35.590153,-0.2739881
82.299995,5.857053,-5.589872,0.045777034
82.32,1.049771,-38.117275,-0.4338706
82.34,15.471616,20.848665,-0.114105515
82.36,10.664334,4.3446083,-0.7536357
82.38,5.857053,-0.7828655,-0.59375316
82.4,5.857053,-11.037811,-0.59375316
82.42,-37.40848,35.269688,-0.59375316
82.439995,5.857053,16.682592,-0.2739881
82.46,-3.7575107,11.234652,-0.2739881
82.479996,-32.6012,34.949223,0.36554214
82.5,-3.7575107,-11.358279,-0.59375316
82.52,-3.7575107,-10.557112,-0.4338706
82.54,-8.564792,7.709513,0.20565958
82.56,5.857053,-0.7828655,-0.59375316
82.58,53.92987,3.3832066,-0.2739881
82.6,-32.6012,-8.474075,-0.7536357
82.619995,-8.564792,-12.640147,-1.2332834
82.64,-13.372073,24.694271,-0.59375316
82.659996,-32.6012,-6.711507,-0.59375316
82.68,15.471616,-4.14777,-0.59375316
82.7,44.315308,-20.01089,-0.9135183
82.72,-37.40848,-4.6284704,0.20565958
82.74,-51.830326,-1.5840333,-0.4338706
82.759995,-37.40848,28.379642,-0.4338706
82.78,29.893461,10.593717,-0.7536357
82.799995,-47.023045,-6.0705724,-0.114105515
82.82,29.893461,-6.8717403,-0.114105515
82.84,5.857053,-17.126686,-0.4338706
82.86,-8.564792,-28.182798,-0.59375316
82.88,15.471616,30.94338,-0.59375316
82.9,-51.830326,2.5820389,-0.4338706
82.92,-3.7575107,9.792548,0.5254247
82.939995,-27.793919,-6.8717403,0.20565958
82.96,-27.793919,3.7036738,-0.4338706
82.979996,49.122585,16.362125,-0.2739881
83.0,-22.986637,-17.607388,-1.2332834
83.02,15.471616,57.54216,-0.114105515
83.04,-61.44489,9.472081,-0.2739881
83.06,25.08618,18.765629,0.045777034
83.08,29.893461,3.2229733,-0.2739881
83.1,-3.7575107,-16.485752,-0.7536357
83.119995,-3.7575107,-5.910339,-0.4338706
83.14,-47.023045,11.715352,-0.114105515
83.159996,-51.830326,31.263847,0.36554214
83.18,-47.023045,5.6264763,0.20565958
83.2,-22.986637,10.433483,-0.2739881
83.22,-8.564792,-3.3466022,-0.114105515
83.24,-47.023045,27.578474,-0.59375316
83.259995,20.278896,36.23109,0.045777034
83.28,25.08618,8.350447,-0.59375316
83.299995,25.08618,1.3001705,-0.9135183
83.32,-18.179356,16.52236,-0.4338706
83.34,-18.179356,-0.9430991,-0.4338706
83.36,10.664334,-4.948938,-0.4338706
83.38,-42.215763,8.350447,0.20565958
83.4,-13.372073,13.317687,-0.59375316
83.42,-56.637608,17.483759,-0.114105515
83.439995,-22.986637,-14.242482,-0.4338706
83.46,-22.986637,-3.026135,-0.2739881
83.479996,-13.372073,17.323528,-0.114105515
83.5,-22.986637,-8.153608,-0.9135183
83.52,-3.7575107,22.290768,-0.2739881
83.54,34.700745,-33.150036,-0.2739881
83.56,10.664334,-16.165285,-0.7536357
83.58,10.664334,-5.7501054,-0.59375316
83.6,10.664334,50.171413,-0.2739881
83.619995,-3.7575107,-1.7442669,-0.2739881
83.64,-3.7575107,2.902506,-0.2739881
83.659996,-80.67402,-7.5126743,-0.114105515
83.68,15.471616,-18.088087,-0.2739881
83.7,-42.215763,14.1188545,-0.114105515
83.72,10.664334,-4.3080034,-0.7536357
83.74,5.857053,6.7481112,-0.7536357
83.759995,-22.986637,-3.026135,-0.114105515
83.78,10.664334,-23.375792,-0.114105515
83.799995,102.002686,-22.73486,-0.59375316
83.82,-8.564792,-14.08225,-0.59375316
83.84,25.08618,-10.236644,-0.4338706
83.86,-27.793919,1.7808713,-0.2739881
83.88,-18.179356,-6.0705724,-0.4338706
83.9,10.664334,0.018302217,-0.4338706
83.92,10.664334,-12.159447,0.045777034
83.939995,-61.44489,5.466243,-0.114105515
83.96,-27.793919,21.169132,-0.59375316
83.979996,-27.793919,4.825309,-0.7536357
84.0,34.700745,-38.437744,-0.59375316
84.02,-22.986637,0.6592364,-0.4338706
84.04,15.471616,-9.275244,-0.59375316
84.06,-27.793919,50.65211,-0.4338706
84.08,20.278896,11.555119,-0.4338706
84.1,-27.793919,-6.711507,-0.2739881
84.119995,-13.372073,0.17853576,0.045777034
84.14,-18.179356,-16.645985,-0.4338706
84.159996,-13.372073,17.804228,-0.114105515
84.18,-37.40848,-1.4237996,-0.2739881
84.2,-27.793919,-15.684585,-0.59375316
84.22,1.049771,-7.0319734,-0.9135183
84.24,-32.6012,9.952783,-0.59375316
84.259995,-18.179356,33.98782,-0.4338706
84.28,10.664334,-6.711507,-0.114105515
84.299995,15.471616,9.792548,-0.114105515
84.32,-27.793919,11.715352,0.20565958
84.34,-47.023045,-1.9045002,-0.2739881
84.36,1.049771,-24.817896,-0.4338706
84.38,-42.215763,5.9469438,0.045777034
84.4,15.471616,39.435764,-0.114105515
84.42,39.508022,20.528198,-0.4338706
84.439995,-32.6012,14.599556,-0.4338706
84.46,-42.215763,1.3001705,-0.7536357
84.479996,-18.179356,6.908345,-0.59375316
84.5,-8.564792,25.335205,0.045777034
84.52,25.08618,1.6206378,-0.4338706
84.54,-13.372073,18.284927,-0.4338706
84.56,-13.372073,-5.589872,-0.2739881
84.58,34.700745,-17.447153,-0.2739881
84.6,-13.372073,6.2674108,-0.2739881
84.619995,1.049771,3.7036738,-0.7536357
84.64,10.664334,26.93754,-0.2739881
84.659996,5.857053,11.074417,-0.4338706
84.68,-22.986637,9.311849,-0.7536357
84.7,15.471616,10.914185,-0.59375316
84.72,10.664334,45.364407,0.20565958
84.74,15.471616,-21.292757,0.045777034
84.759995,-3.7575107,-27.541864,-0.4338706
84.78,-18.179356,-19.530188,-0.9135183
84.799995,1.049771,25.014738,0.045777034
84.82,15.471616,-13.281082,-0.2739881
84.84,-22.986637,0.6592364,-0.114105515
84.86,-3.7575107,-9.916177,-0.114105515
84.88,-42.215763,6.7481112,-0.2739881
84.9,-71.05945,-5.2694044,-0.59375316
84.92,-27.793919,15.72119,0.045777034
84.939995,29.893461,11.234652,0.36554214
84.96,15.471616,18.124695,0.5254247
84.979996,15.471616,-22.093925,0.20565958
85.0,-8.564792,-5.2694044,-0.114105515
85.02,25.08618,22.931702,-0.114105515
85.04,58.737152,-4.7887044,-0.4338706
85.06,1.049771,7.228812,0.20565958
85.08,-8.564792,-37.957043,-0.2739881
85.1,-8.564792,6.2674108,0.20565958
85.119995,29.893461,11.234652,0.045777034
85.14,5.857053,26.777308,0.045777034
85.159996,-18.179356,14.439322,0.20565958
85.18,-3.7575107,-3.1863687,-0.2739881
85.2,-18.179356,-22.73486,-0.59375316
85.22,1.049771,4.184375,0.045777034
85.24,1.049771,-14.883417,0.20565958
85.259995,39.508022,-36.675175,-0.114105515
85.28,5.857053,0.018302217,0.20565958
85.299995,29.893461,12.51652,-0.4338706
85.32,10.664334,-15.04365,-0.2739881
85.34,34.700745,-13.441315,0.045777034
85.36,25.08618,-25.298595,0.36554214
85.38,25.08618,33.346886,0.68530726
85.4,-37.40848,30.94338,0.20565958
85.42,-22.986637,3.0627398,-0.114105515
85.439995,53.92987,-8.153608,-0.2739881
85.46,34.700745,9.792548,0.20565958
85.479996,44.315308,-4.7887044,0.045777034
85.5,25.08618,19.406563,-0.2739881
85.52,10.664334,0.49900287,-0.114105515
85.54,1.049771,-3.9875362,-0.4338706
85.56,-3.7575107,4.504842,0.20565958
85.58,-3.7575107,19.086096,0.68530726
85.6,-32.6012,8.670914,0.36554214
85.619995,-27.793919,-8.313842,0.68530726
85.64,20.278896,10.113016,0.5254247
85.659996,5.857053,10.914185,-0.114105515
85.68,34.700745,-23.055326,-0.114105515
85.7,-18.179356,-5.429638,0.20565958
85.72,15.471616,-13.761782,0.5254247
85.74,-8.564792,46.165573,0.20565958
85.759995,15.471616,-19.369957,0.20565958
85.78,-13.372073,-10.236644,-0.114105515
85.799995,29.893461,15.560958,0.20565958
85.82,10.664334,28.059177,0.68530726
85.84,44.315308,16.52236,0.8451898
85.86,44.315308,-46.128952,0.045777034
85.88,-71.05945,48.569077,0.36554214
85.9,25.08618,-7.993375,-0.2739881
85.92,15.471616,1.139937,0.045777034
85.939995,5.857053,-3.1863687,0.36554214
85.96,10.664334,-24.17696,0.20565958
85.979996,25.08618,7.8697467,-0.114105515
86.0,20.278896,14.439322,0.20565958
86.02,20.278896,39.275528,0.68530726
86.04,15.471616,-3.827303,0.68530726
86.06,-13.372073,-7.0319734,0.5254247
86.08,-22.986637,-21.292757,0.68530726
86.1,5.857053,1.9411048,0.20565958
86.119995,25.08618,6.5878778,0.20565958
86.14,-3.7575107,10.914185,0.36554214
86.159996,20.278896,-27.702099,0.045777034
86.18,-75.86674,33.50712,0.045777034
86.2,-8.564792,-2.2249672,0.045777034
86.22,5.857053,-7.352441,0.68530726
86.24,25.08618,63.951508,0.68530726
86.259995,20.278896,-12.800381,0.5254247
86.28,15.471616,-8.313842,0.36554214
86.299995,15.471616,-10.877579,0.36554214
86.32,10.664334,10.593717,0.20565958
86.34,-8.564792,-5.1091714,-0.114105515
86.36,-27.793919,0.17853576,0.68530726
86.38,-3.7575107,-12.800381,0.20565958
86.4,5.857053,-9.916177,-0.2739881
86.42,68.35171,8.190214,0.5254247
86.439995,-32.6012,4.3446083,0.045777034
86.46,10.664334,-1.7442669,0.36554214
86.479996,5.857053,-23.375792,0.5254247
86.5,5.857053,-15.203884,0.20565958
86.52,1.049771,6.1071773,-0.4338706
86.54,-85.48129,12.99722,0.045777034
86.56,-18.179356,15.881425,1.0050724
86.58,20.278896,13.798388,-0.114105515
86.6,10.664334,-3.5068357,-0.114105515
86.619995,-3.7575107,27.258009,0.5254247
86.64,-18.179356,45.043938,0.20565958
86.659996,-3.7575107,6.2674108,-0.114105515
86.68,-27.793919,-18.889254,-0.4338706
86.7,-8.564792,29.18081,-0.2739881
86.72,34.700745,-18.088087,0.20565958
86.74,5.857053,2.1013381,0.5254247
86.759995,1.049771,-39.399143,-0.59375316
86.78,-13.372073,18.124695,-0.114105515
86.799995,-8.564792,0.9797035,-0.114105515
86.82,5.857053,-4.948938,0.045777034
86.84,-32.6012,13.958622,-0.2739881
86.86,5.857053,5.9469438,0.045777034
86.88,15.471616,-2.2249672,0.20565958
86.9,-18.179356,-1.7442669,0.5254247
86.92,44.315308,-17.126686,0.68530726
86.939995,-3.7575107,0.6592364,0.20565958
86.96,15.471616,-11.198046,0.045777034
86.979996,-3.7575107,13.477921,0.045777034
87.0,1.049771,-16.165285,-0.4338706
87.02,25.08618,11.074417,-0.2739881
87.04,-32.6012,24.213572,0.045777034
87.06,-8.564792,10.593717,-0.2739881
87.08,-8.564792,12.99722,0.045777034
87.1,10.664334,48.569077,0.36554214
87.119995,-22.986637,3.3832066,-0.2739881
87.14,-8.564792,-3.3466022,-0.4338706
87.159996,29.893461,-3.1863687,-0.2739881
87.18,39.508022,-1.5840333,0.045777034
87.2,15.471616,-13.441315,0.045777034
87.22,1.049771,-15.524351,0.20565958
87.24,1.049771,-6.3910394,-0.2739881
87.259995,5.857053,-1.4237996,-0.114105515
87.28,-18.179356,23.412403,0.5254247
87.299995,-22.986637,41.198334,0.5254247
87.32,-3.7575107,4.504842,0.5254247
87.34,10.664334,-0.7828655,0.36554214
87.36,-47.023045,-18.408554,-0.2739881
87.38,5.857053,-25.779295,-0.4338706
87.4,5.857053,14.759789,-0.114105515
87.42,-8.564792,7.8697467,0.045777034
87.439995,5.857053,-0.62263197,-0.114105515
87.46,-3.7575107,11.555119,-0.114105515
87.479996,-32.6012,-3.026135,0.5254247
87.5,-13.372073,11.234652,0.5254247
87.52,-27.793919,29.501278,0.68530726
87.54,20.278896,15.400723,-0.59375316
87.56,10.664334,48.088375,-0.114105515
87.58,-13.372073,42.640434,0.20565958
87.6,-13.372073,34.949223,0.20565958
87.619995,1.049771,0.6592364,-0.4338706
87.64,-22.986637,0.018302217,-0.2739881
87.659996,1.049771,32.866184,0.5254247
87.68,-13.372073,-42.12311,0.20565958
87.7,15.471616,21.649834,0.045777034
87.72,15.471616,-12.640147,-0.114105515
87.74,-13.372073,-6.3910394,0.20565958
87.759995,-27.793919,12.356286,0.68530726
87.78,10.664334,15.080256,-0.2739881
87.799995,5.857053,-0.30216488,-0.2739881
87.82,34.700745,-12.159447,-0.4338706
87.84,1.049771,-1.7442669,-0.114105515
87.86,20.278896,17.00306,0.36554214
87.88,-37.40848,13.157454,0.5254247
87.9,-32.6012,31.263847,0.68530726
87.92,1.049771,-28.503265,0.36554214
87.939995,1.049771,-11.83898,0.5254247
87.96,1.049771,-15.203884,0.045777034
87.979996,-66.25217,-8.954777,-0.114105515
88.0,1.049771,8.350447,0.20565958
88.02,20.278896,-1.9045002,0.5254247
88.04,-13.372073,4.825309,0.5254247
88.06,-27.793919,12.196053,0.20565958
88.08,-18.179356,14.920023,0.5254247
88.1,15.471616,-1.1033326,0.20565958
88.119995,-3.7575107,20.047497,-0.114105515
88.14,-8.564792,-5.910339,0.045777034
88.159996,10.664334,-10.076411,-0.4338706
88.18,-27.793919,-22.414392,-0.2739881
88.2,-22.986637,16.682592,0.36554214
88.22,-8.564792,-35.71377,-0.114105515
88.24,10.664334,-24.016727,0.20565958
88.259995,5.857053,9.151615,0.36554214
88.28,39.508022,-12.960614,0.20565958
88.299995,15.471616,-2.7056682,0.045777034
88.32,49.122585,-11.518513,0.045777034
88.34,-8.564792,-5.1091714,0.8451898
88.36,5.857053,4.6650753,0.045777034
88.38,25.08618,-10.396878,0.20565958
88.4,10.664334,-20.812057,0.20565958
88.42,-8.564792,-7.192207,0.20565958
88.439995,15.471616,5.78671,0.045777034
88.46,-8.564792,-3.1863687,-0.114105515
88.479996,-22.986637,-6.0705724,-0.2739881
88.5,-8.564792,44.08254,0.36554214
88.52,58.737152,42.640434,0.5254247
88.54,53.92987,6.908345,0.20565958
88.56,-71.05945,-9.115009,0.045777034
88.58,5.857053,-17.286919,-0.4338706
88.6,34.700745,10.593717,0.045777034
88.619995,-27.793919,34.78899,0.5254247
88.64,-22.986637,-26.90093,0.20565958
88.659996,-8.564792,9.151615,0.20565958
88.68,1.049771,5.145776,-0.114105515
88.7,-61.44489,-11.83898,-0.114105515
88.72,5.857053,8.510681,-0.2739881
88.74,-13.372073,36.23109,-0.2739881
88.759995,-3.7575107,28.539877,-0.59375316
88.78,-8.564792,-7.672908,-0.2739881
88.799995,10.664334,-42.44358,0.045777034
88.82,1.049771,-7.352441,-0.2739881
88.84,15.471616,-5.429638,-0.59375316
88.86,-22.986637,-11.999213,-0.2739881
88.88,25.08618,-7.5126743,-0.2739881
88.9,-13.372073,-7.993375,-0.59375316
88.92,5.857053,12.676753,-0.2739881
88.939995,-32.6012,-17.607388,-0.2739881
88.96,44.315308,-2.2249672,-0.2739881
88.979996,10.664334,8.02998,-0.2739881
89.0,-3.7575107,6.4276443,0.36554214
89.02,5.857053,-8.153608,-0.4338706
89.04,-37.40848,-0.62263197,-0.114105515
89.06,-8.564792,-7.833141,-0.2739881
89.079994,34.700745,-16.485752,-0.114105515
89.1,-42.215763,29.341045,0.045777034
89.119995,1.049771,-31.707935,-0.4338706
89.14,-22.986637,6.2674108,0.5254247
89.159996,-3.7575107,-20.49159,-0.7536357
89.18,20.278896,-9.59571,-0.59375316
89.2,-32.6012,32.70595,0.045777034
89.22,5.857053,9.151615,0.045777034
89.24,-8.564792,-12.800381,-0.114105515
89.259995,1.049771,-4.948938,-0.4338706
89.28,15.471616,-8.474075,-0.4338706
89.299995,-27.793919,-19.209723,-0.4338706
89.32,-27.793919,-51.096188,-0.2739881
89.34,1.049771,12.8369875,0.045777034
89.36,20.278896,-7.352441,-0.4338706
89.38,-71.05945,-15.203884,-0.114105515
89.4,10.664334,10.75395,-0.59375316
89.42,-22.986637,-21.933691,-0.114105515
89.439995,-8.564792,0.81947,0.20565958
89.46,1.049771,5.6264763,-0.114105515
89.479996,20.278896,1.6206378,-0.114105515
89.5,-18.179356,15.560958,-0.2739881
89.52,-13.372073,24.694271,0.20565958
89.54,-18.179356,31.424084,-0.114105515
89.56,10.664334,17.483759,-0.59375316
89.579994,97.195404,41.9995,-0.114105515
89.6,-3.7575107,12.99722,0.20565958
89.619995,-18.179356,-12.800381,-0.4338706
89.64,20.278896,15.560958,0.045777034
89.659996,15.471616,-14.883417,-0.4338706
89.68,-18.179356,-19.690422,0.045777034
89.7,-22.986637,17.323528,0.045777034
89.72,25.08618,6.2674108,0.045777034
89.74,20.278896,5.145776,-0.59375316
89.759995,20.278896,12.356286,-0.59375316
89.78,-3.7575107,-20.651823,-0.7536357
89.799995,5.857053,-8.634309,-0.2739881
89.82,15.471616,19.406563,-0.4338706
89.84,10.664334,-22.895092,-0.59375316
89.86,10.664334,-12.960614,0.045777034
89.88,29.893461,-16.325518,-0.114105515
89.9,-8.564792,-4.3080034,0.045777034
89.92,-27.793919,19.727032,-0.2739881
89.939995,-22.986637,-16.325518,-0.114105515
89.96,-37.40848,50.65211,0.20565958
89.979996,25.08618,12.676753,-0.2739881
90.0,-32.6012,76.2895,-0.114105515
90.02,-3.7575107,16.52236,-0.59375316
90.04,-8.564792,6.4276443,-0.2739881
90.06,-61.44489,-4.3080034,-0.114105515
90.079994,44.315308,-38.75821,-0.2739881
90.1,5.857053,-15.364117,-0.114105515
90.119995,-13.372073,-7.672908,-0.4338706
90.14,1.049771,37.19249,-0.2739881
90.159996,29.893461,61.0673,0.045777034
90.18,10.664334,2.261572,-0.2739881
90.2,5.857053,21.810066,0.045777034
90.22,25.08618,35.91062,-0.2739881
90.24,10.664334,13.798388,-0.114105515
90.259995,44.315308,-21.773457,0.045777034
90.28,15.471616,1.3001705,0.20565958
90.299995,-3.7575107,12.676753,0.045777034
90.32,-3.7575107,-16.165285,-0.114105515
90.34,15.471616,13.157454,-0.59375316
90.36,-3.7575107,21.0089,-0.4338706
90.38,-22.986637,-22.574625,-0.59375316
90.4,5.857053,-3.3466022,-0.59375316
90.42,-3.7575107,5.145776,0.20565958
90.439995,1.049771,-15.684585,0.36554214
90.46,-18.179356,-11.198046,0.36554214
90.479996,-13.372073,-43.40498,-0.2739881
90.5,15.471616,-7.993375,-0.2739881
90.52,1.049771,-10.076411,-0.114105515
90.54,44.315308,0.49900287,0.68530726
90.56,-3.7575107,-11.037811,0.045777034
90.579994,-27.793919,-10.717345,-0.4338706
90.6,-22.986637,-2.8659017,0.045777034
90.619995,5.857053,-8.313842,-0.59375316
90.64,-8.564792,1.4604042,-0.2739881
90.659996,-3.7575107,-0.14193134,-0.114105515
90.68,-22.986637,-20.171124,0.5254247
90.7,-22.986637,5.466243,-0.114105515
90.72,-8.564792,-11.678746,-0.114105515
90.74,-18.179356,2.1013381,-0.2739881
90.759995,-22.986637,49.690712,0.045777034
90.78,10.664334,-3.9875362,-0.2739881
90.799995,1.049771,-5.7501054,-0.114105515
90.82,15.471616,3.7036738,0.045777034
90.84,25.08618,42.640434,-0.114105515
90.86,-42.215763,21.4896,-0.59375316
90.88,44.315308,-11.037811,-0.7536357
90.9,-13.372073,13.638155,0.045777034
90.92,1.049771,-7.352441,0.5254247
90.939995,29.893461,17.323528,0.20565958
90.96,-32.6012,4.9855423,-0.59375316
90.979996,-8.564792,-12.960614,-0.59375316
91.0,-3.7575107,10.113016,0.045777034
91.02,39.508022,0.9797035,0.045777034
91.04,44.315308,-11.518513,0.045777034
91.06,5.857053,-14.562949,-0.2739881
91.079994,1.049771,10.75395,-0.114105515
91.1,-8.564792,-11.83898,-0.4338706
91.119995,10.664334,-20.331356,0.045777034
91.14,-13.372073,-16.966454,0.5254247
91.159996,1.049771,-13.922015,0.20565958
91.18,-3.7575107,9.472081,0.045777034
91.2,-22.986637,48.24861,0.36554214
91.22,25.08618,-29.945368,0.045777034
91.24,10.664334,5.466243,-0.4338706
91.259995,68.35171,29.020578,-0.2739881
91.28,-13.372073,13.798388,-0.4338706
91.299995,-13.372073,3.7036738,0.045777034
91.32,29.893461,35.42992,0.20565958
91.34,5.857053,-0.62263197,-0.2739881
91.36,15.471616,-26.740696,-0.59375316
91.38,-3.7575107,-7.0319734,-0.114105515
91.4,20.278896,-27.541864,0.36554214
91.42,29.893461,19.246328,-0.114105515
91.439995,-8.564792,10.27325,0.045777034
91.46,10.664334,-28.503265,-0.7536357
91.479996,-47.023045,9.632316,-0.4338706
91.5,10.664334,9.311849,-0.4338706
91.52,20.278896,-28.343033,0.045777034
91.54,-22.986637,-30.265835,0.5254247
91.56,25.08618,-31.387466,0.20565958
91.579994,5.857053,-16.645985,0.5254247
91.6,15.471616,6.5878778,0.20565958
91.619995,-22.986637,6.1071773,0.68530726
91.64,-13.372073,-4.3080034,-0.114105515
91.659996,-13.372073,-13.281082,-0.59375316
91.68,15.471616,3.8639073,0.045777034
91.7,34.700745,28.539877,0.20565958
91.72,34.700745,21.169132,0.045777034
91.74,-3.7575107,5.6264763,0.5254247
91.759995,44.315308,-3.3466022,-0.114105515
91.78,-13.372073,29.661512,-0.114105515
91.799995,-13.372073,-11.198046,0.045777034
91.82,1.049771,-9.115009,0.5254247
91.84,-22.986637,-7.0319734,-0.114105515
91.86,-27.793919,10.75395,-0.114105515
91.88,1.049771,24.053337,0.045777034
91.9,-8.564792,14.279089,0.5254247
91.92,-13.372073,9.632316,0.36554214
91.939995,-47.023045,-6.230806,0.20565958
91.96,25.08618,13.477921,0.5254247
91.979996,15.471616,29.020578,0.68530726
92.0,-13.372073,-3.827303,0.045777034
92.02,20.278896,0.17853576,-0.59375316
92.04,20.278896,-1.1033326,-0.114105515
92.06,29.893461,7.3890457,-0.4338706
92.079994,10.664334,-2.385201,0.045777034
92.1,-3.7575107,-21.613226,-0.114105515
92.119995,-18.179356,-5.429638,0.68530726
92.14,-22.986637,-15.203884,-0.114105515
92.159996,-3.7575107,31.424084,0.20565958
92.18,10.664334,-12.479914,0.20565958
92.2,34.700745,24.534037,0.5254247
92.22,-13.372073,-11.678746,0.5254247
92.24,15.471616,-8.954777,0.20565958
92.259995,-8.564792,-10.396878,0.20565958
92.28,-13.372073,10.914185,-0.2739881
92.299995,10.664334,2.261572,-0.4338706
92.32,58.737152,-4.948938,-0.114105515
92.34,15.471616,9.151615,1.164955
92.36,1.049771,2.7422726,0.5254247
92.38,-37.40848,-8.313842,0.045777034
92.4,-18.179356,11.394884,0.5254247
92.42,25.08618,-8.474075,0.36554214
92.439995,10.664334,7.709513,0.20565958
92.46,1.049771,8.831148,0.5254247
92.479996,20.278896,4.3446083,-0.114105515
92.5,5.857053,-7.993375,-0.114105515
92.52,25.08618,-8.794542,0.20565958
92.54,-32.6012,6.4276443,0.8451898
92.56,5.857053,-16.485752,0.045777034
92.579994,10.664334,4.825309,0.8451898
92.6,20.278896,-40.841244,0.36554214
92.619995,-32.6012,2.5820389,0.20565958
92.64,34.700745,9.792548,0.8451898
92.659996,-3.7575107,-10.717345,0.68530726
92.68,-18.179356,24.854506,0.36554214
92.7,10.664334,-10.076411,0.68530726
92.72,44.315308,-48.692684,-0.114105515
92.74,10.664334,2.4218054,0.36554214
92.759995,1.049771,17.163294,0.68530726
92.78,-27.793919,-25.93953,0.20565958
92.799995,82.77356,-16.165285,0.5254247
92.82,15.471616,-1.5840333,0.68530726
92.84,-8.564792,27.578474,1.0050724
92.86,1.049771,35.75039,0.68530726
92.88,44.315308,23.732868,0.5254247
92.9,-27.793919,29.98198,0.5254247
92.92,15.471616,15.560958,-0.114105515
92.939995,-3.7575107,9.311849,0.5254247
92.96,25.08618,40.877865,0.68530726
92.979996,1.049771,2.7422726,0.5254247
93.0,-27.793919,20.207731,1.0050724
93.02,10.664334,-36.514942,-0.114105515
93.04,20.278896,-4.14777,0.68530726
93.06,15.471616,16.52236,0.68530726
93.079994,29.893461,-27.38163,0.68530726
93.1,25.08618,30.94338,0.5254247
93.119995,15.471616,1.6206378,0.045777034
93.14,15.471616,-8.474075,-0.2739881
93.159996,-8.564792,-39.559376,0.20565958
93.18,1.049771,-2.385201,0.5254247
93.2,5.857053,2.4218054,0.5254247
93.22,20.278896,-23.536026,0.20565958
93.24,20.278896,-12.640147,1.0050724
93.259995,-42.215763,-6.230806,0.68530726
93.28,10.664334,5.78671,0.20565958
93.299995,25.08618,10.113016,0.045777034
93.32,-8.564792,-9.115009,0.68530726
93.34,5.857053,-4.948938,0.5254247
93.36,20.278896,1.4604042,0.045777034
93.38,-3.7575107,-53.49969,0.045777034
93.4,15.471616,8.670914,0.36554214
93.42,29.893461,-8.313842,0.20565958
93.439995,39.508022,11.074417,-0.114105515
93.46,-27.793919,53.856785,0.36554214
93.479996,-18.179356,-39.23891,-0.114105515
93.5,-3.7575107,24.373804,0.20565958
93.52,5.857053,-7.352441,-0.114105515
93.54,97.195404,36.391323,0.20565958
93.56,1.049771,-9.115009,0.20565958
93.579994,-18.179356,1.7808713,0.20565958
93.6,106.80997,2.7422726,0.20565958
93.619995,20.278896,-7.833141,0.68530726
93.64,29.893461,9.792548,0.36554214
93.659996,5.857053,-9.59571,0.20565958
93.68,10.664334,8.350447,0.20565958
93.7,5.857053,-3.5068357,0.20565958
93.72,1.049771,-9.275244,0.045777034
93.74,25.08618,-2.8659017,-0.114105515
93.759995,15.471616,5.9469438,-0.4338706
93.78,10.664334,7.3890457,0.20565958
93.799995,15.471616,-25.138361,0.68530726
93.82,10.664334,2.7422726,0.36554214
93.84,15.471616,-19.369957,0.20565958
93.86,10.664334,-8.794542,0.36554214
93.88,-13.372073,-1.5840333,0.36554214
93.9,44.315308,8.510681,0.20565958
93.92,-18.179356,-5.1091714,0.045777034
93.939995,-18.179356,-3.9875362,0.20565958
93.96,-18.179356,0.33876932,0.8451898
93.979996,-22.986637,26.296606,0.68530726
94.0,-32.6012,13.317687,0.045777034
94.02,10.664334,26.777308,0.68530726
94.04,-8.564792,-21.773457,0.5254247
94.06,-8.564792,1.6206378,0.5254247
94.079994,20.278896,3.8639073,0.20565958
94.1,20.278896,5.3060093,0.8451898
94.119995,34.700745,-35.233074,0.5254247
94.14,-22.986637,17.323528,0.68530726
94.159996,-37.40848,10.75395,0.045777034
94.18,-13.372073,-32.82957,-0.59375316
94.2,44.315308,1.9411048,0.20565958
94.22,29.893461,2.261572,0.5254247
94.24,20.278896,12.356286,-0.59375316
94.259995,1.049771,15.560958,0.36554214
94.28,20.278896,-40.52078,0.20565958
94.299995,20.278896,2.7422726,0.20565958
94.32,63.54443,4.184375,0.5254247
94.34,20.278896,1.6206378,0.20565958
94.36,39.508022,3.5434403,0.36554214
94.38,20.278896,-40.200314,0.20565958
94.4,-32.6012,-15.524351,0.20565958
94.42,20.278896,-27.862331,0.045777034
94.439995,10.664334,-8.313842,-0.114105515
94.46,-18.179356,-16.645985,0.36554214
94.479996,15.471616,-9.435476,0.5254247
94.5,49.122585,13.157454,0.36554214
94.52,10.664334,-6.3910394,0.68530726
94.54,-13.372073,-3.026135,0.68530726
94.56,34.700745,-13.441315,0.8451898
94.579994,10.664334,0.81947,0.20565958
94.6,-51.830326,35.269688,-0.114105515
94.619995,15.471616,-13.761782,-0.4338706
94.64,1.049771,-14.723184,-0.2739881
94.659996,58.737152,15.560958,0.20565958
94.68,10.664334,-2.8659017,0.36554214
94.7,10.664334,4.3446083,0.045777034
94.72,25.08618,-16.966454,-0.59375316
94.74,1.049771,-22.895092,0.045777034
94.759995,-3.7575107,-22.73486,0.5254247
94.78,-18.179356,-9.916177,0.045777034
94.799995,-3.7575107,-17.447153,-0.114105515
94.82,15.471616,-4.948938,-0.114105515
94.84,29.893461,-12.479914,-0.2739881
94.86,34.700745,24.213572,0.045777034
94.88,-18.179356,-10.877579,-0.2739881
94.9,5.857053,-15.844818,0.36554214
94.92,5.857053,-16.645985,-0.2739881
94.939995,1.049771,-23.536026,0.5254247
94.96,-22.986637,9.151615,0.20565958
94.979996,34.700745,-3.9875362,-0.114105515
95.0,-42.215763,-9.275244,0.20565958
95.02,-13.372073,-31.387466,-0.2739881
95.04,-42.215763,-2.5454345,0.5254247
95.06,15.471616,26.296606,0.8451898
95.079994,15.471616,-0.62263197,-0.114105515
95.1,44.315308,-3.827303,-0.7536357
95.119995,29.893461,-1.4237996,0.36554214
95.14,5.857053,7.228812,0.045777034
95.159996,5.857053,-36.03424,-0.4338706
95.18,5.857053,4.504842,-0.2739881
95.2,39.508022,13.157454,-0.59375316
95.22,39.508022,-12.159447,-0.4338706
95.24,25.08618,-2.5454345,0.045777034
95.259995,1.049771,1.7808713,0.045777034
95.28,5.857053,-0.46239844,0.5254247
95.299995,-8.564792,27.418243,0.68530726
95.32,1.049771,5.78671,0.045777034
95.34,29.893461,12.356286,-0.114105515
95.36,77.96628,27.418243,-0.114105515
95.38,-3.7575107,23.091934,-0.2739881
95.4,-51.830326,-0.62263197,-0.2739881
95.42,20.278896,-44.526615,0.045777034
95.439995,5.857053,0.49900287,-0.4338706
95.46,10.664334,13.798388,-0.2739881
95.479996,-18.179356,36.23109,0.36554214
95.5,1.049771,13.638155,-0.114105515
95.52,-18.179356,7.0685787,-0.114105515
95.54,-13.372073,-28.022566,-0.59375316
95.56,5.857053,4.6650753,-0.114105515
95.579994,44.315308,-3.9875362,-0.4338706
95.6,-13.372073,-8.153608,0.045777034
95.619995,-32.6012,-16.645985,-0.2739881
95.64,1.049771,15.24049,-0.2739881
95.659996,-47.023045,-7.672908,0.045777034
95.68,-18.179356,25.174973,-0.114105515
95.7,-22.986637,33.186653,0.045777034
95.72,5.857053,-16.80622,-0.59375316
95.74,-27.793919,-4.7887044,-0.2739881
95.759995,1.049771,2.4218054,-0.2739881
95.78,25.08618,1.7808713,-0.2739881
95.799995,-32.6012,1.4604042,-0.59375316
95.82,-3.7575107,1.139937,-0.7536357
95.84,25.08618,11.394884,-0.7536357
95.86,15.471616,-25.93953,-0.9135183
95.88,-71.05945,-7.672908,-0.2739881
95.9,-85.48129,2.4218054,-0.114105515
95.92,10.664334,45.364407,-0.4338706
95.939995,-8.564792,-3.9875362,-0.9135183
95.96,20.278896,4.6650753,-0.7536357
95.979996,5.857053,10.75395,0.20565958
96.0,87.58084,-6.5512733,0.20565958
96.02,-3.7575107,-26.42023,-0.114105515
96.04,-18.179356,-46.128952,-1.2332834
96.06,-3.7575107,-14.242482,-1.0734009
96.079994,5.857053,15.72119,-0.2739881
96.1,-3.7575107,38.153893,0.36554214
96.119995,-27.793919,7.3890457,0.045777034
96.14,-27.793919,-31.547703,-0.2739881
96.159996,1.049771,16.041658,-0.114105515
96.18,-27.793919,-5.2694044,-0.59375316
96.2,15.471616,-13.922015,-0.7536357
96.22,-13.372073,-5.429638,-0.2739881
96.24,-3.7575107,10.75395,0.20565958
96.259995,5.857053,-11.198046,0.20565958
96.28,58.737152,28.379642,0.36554214
96.299995,29.893461,31.263847,0.045777034
96.32,-56.637608,51.29305,0.36554214
96.34,25.08618,12.196053,-0.2739881
96.36,1.049771,-9.916177,-0.4338706
96.38,49.122585,10.593717,-0.114105515
96.4,-18.179356,-3.3466022,-0.114105515
96.42,20.278896,2.902506,-0.4338706
96.439995,-8.564792,19.566797,-0.2739881
96.46,1.049771,1.3001705,-0.114105515
96.479996,5.857053,-4.7887044,-0.4338706
96.5,49.122585,8.831148,-0.114105515
96.52,-13.372073,16.842825,-0.2739881
96.54,-13.372073,18.284927,0.5254247
96.56,-13.372073,-5.589872,-0.114105515
96.579994,-3.7575107,-5.7501054,0.20565958
96.6,-8.564792,-5.7501054,-0.2739881
96.619995,25.08618,19.246328,-0.114105515
96.64,-3.7575107,-0.46239844,-0.4338706
96.659996,-3.7575107,12.8369875,-0.59375316
96.68,5.857053,-8.474075,-0.114105515
96.7,34.700745,9.632316,0.36554214
96.72,-3.7575107,56.100056,0.36554214
96.74,15.471616,5.78671,0.5254247
96.759995,-37.40848,19.566797,0.20565958
96.78,-3.7575107,0.17853576,-0.114105515
96.799995,5.857053,-10.076411,0.045777034
96.82,49.122585,15.560958,-0.114105515
96.84,73.159,9.952783,-0.114105515
96.86,-13.372073,2.5820389,-0.4338706
96.88,-13.372073,-12.479914,-0.7536357
96.9,15.471616,-27.061165,-0.114105515
96.92,5.857053,21.329365,0.36554214
96.939995,10.664334,12.356286,0.20565958
96.96,-18.179356,13.638155,0.36554214
96.979996,-8.564792,30.46268,0.68530726
97.0,-22.986637,19.566797,0.045777034
97.02,-27.793919,-9.435476,-0.4338706
97.04,-18.179356,-28.022566,-0.2739881
97.06,5.857053,-7.833141,0.36554214
97.079994,25.08618,-28.6635,0.20565958
97.1,-32.6012,-19.369957,-0.2739881
97.119995,-3.7575107,-55.903194,-0.4338706
97.14,25.08618,11.074417,0.20565958
97.159996,1.049771,1.3001705,0.20565958
97.18,-32.6012,-24.337194,0.5254247
97.2,15.471616,9.952783,0.36554214
97.22,-8.564792,-17.927853,-0.2739881
97.24,-8.564792,23.252169,0.68530726
97.259995,29.893461,-0.46239844,0.36554214
97.28,-3.7575107,3.5434403,0.20565958
97.299995,-13.372073,-3.5068357,0.20565958
97.32,1.049771,12.51652,0.68530726
97.34,-13.372073,-38.75821,0.045777034
97.36,1.049771,45.364407,0.5254247
97.38,5.857053,-24.817896,0.20565958
97.4,1.049771,-13.601548,0.045777034
97.42,1.049771,28.21941,0.68530726
97.439995,15.471616,9.632316,0.36554214
97.46,20.278896,-6.230806,0.045777034
97.479996,34.700745,2.261572,0.045777034
97.5,-3.7575107,3.8639073,-0.114105515
97.52,29.893461,17.96446,-0.114105515
97.54,-22.986637,-8.474075,0.68530726
97.56,34.700745,5.9469438,0.36554214
97.579994,-47.023045,15.400723,0.36554214
97.6,1.049771,-5.589872,-0.9135183
97.619995,-13.372073,-15.364117,-0.59375316
97.64,-13.372073,-5.589872,0.20565958
97.659996,-8.564792,-8.954777,-0.114105515
97.68,-22.986637,-32.188637,0.5254247
97.7,5.857053,-4.3080034,0.045777034
97.72,34.700745,-3.3466022,-0.114105515
97.74,-27.793919,-7.0319734,-0.2739881
97.759995,10.664334,-4.6284704,-0.2739881
97.78,-18.179356,-13.120848,0.045777034
97.799995,1.049771,-23.536026,0.045777034
97.82,-3.7575107,-11.678746,-0.4338706
97.84,-8.564792,-11.037811,-0.59375316
97.86,-3.7575107,4.504842,0.20565958
97.88,-8.564792,15.24049,-0.4338706
97.9,25.08618,3.8639073,0.20565958
97.92,-32.6012,-11.83898,0.36554214
97.939995,-22.986637,-5.429638,0.20565958
97.96,20.278896,21.0089,-0.2739881
97.979996,-3.7575107,7.228812,-0.59375316
98.0,5.857053,-10.877579,-0.114105515
98.02,-8.564792,4.184375,-0.114105515
98.04,-8.564792,-5.7501054,-0.114105515
98.06,-13.372073,-29.1442,-0.7536357
98.079994,1.049771,-11.037811,-0.114105515
98.1,-8.564792,-16.325518,0.045777034
98.119995,-27.793919,28.539877,0.045777034
98.14,-32.6012,15.400723,1.164955
98.159996,25.08618,67.63688,-0.114105515
98.18,-3.7575107,-8.474075,0.045777034
98.2,1.049771,5.9469438,0.20565958
98.22,49.122585,12.99722,-0.114105515
98.24,1.049771,9.952783,-0.114105515
98.259995,-8.564792,-14.883417,-0.4338706
98.28,5.857053,-10.717345,0.045777034
98.299995,-8.564792,0.49900287,0.045777034
98.32,1.049771,50.97258,0.20565958
98.34,-32.6012,-2.0647337,0.045777034
98.36,-3.7575107,-24.657661,-0.4338706
98.38,15.471616,-4.6284704,-0.2739881
98.4,20.278896,13.798388,0.20565958
98.42,58.737152,9.632316,0.20565958
98.439995,5.857053,37.99366,0.68530726
98.46,-3.7575107,1.4604042,0.20565958
98.479996,68.35171,-48.692684,-0.59375316
98.5,5.857053,6.5878778,-0.2739881
98.52,-3.7575107,4.825309,0.20565958
98.54,-32.6012,-11.518513,0.20565958
98.56,-13.372073,-12.960614,-0.2739881
98.579994,-18.179356,-11.037811,0.045777034
98.6,5.857053,-1.5840333,0.20565958
98.619995,15.471616,18.765629,0.045777034
98.64,15.471616,38.153893,0.5254247
98.659996,5.857053,-16.485752,0.36554214
98.68,-42.215763,13.317687,0.20565958
98.7,5.857053,4.9855423,-0.2739881
98.72,5.857053,22.290768,0.20565958
98.74,-18.179356,-2.7056682,-0.4338706
98.759995,20.278896,-2.7056682,0.20565958
98.78,-3.7575107,-24.337194,-0.2739881
98.799995,-32.6012,5.9469438,-0.4338706
98.82,1.049771,15.400723,0.20565958
98.84,-8.564792,27.898943,0.20565958
98.86,29.893461,22.451,0.20565958
98.88,-3.7575107,11.074417,-0.2739881
98.9,-3.7575107,0.018302217,0.36554214
98.92,20.278896,-11.83898,-0.4338706
98.939995,-37.40848,7.549279,-0.114105515
98.96,1.049771,-14.08225,-0.4338706
98.979996,102.002686,-24.657661,-0.4338706
99.0,15.471616,-5.429638,-0.114105515
99.02,5.857053,5.3060093,-0.114105515
99.04,34.700745,2.7422726,-0.114105515
99.06,29.893461,-22.73486,0.5254247
99.079994,29.893461,13.317687,0.68530726
99.1,-3.7575107,-35.393307,0.045777034
99.119995,44.315308,14.439322,0.36554214
99.14,44.315308,-35.233074,0.20565958
99.159996,20.278896,8.670914,0.045777034
99.18,-85.48129,-23.375792,-0.2739881
99.2,5.857053,15.080256,0.20565958
99.22,10.664334,-7.5126743,-0.114105515
99.24,-61.44489,27.898943,0.20565958
99.259995,25.08618,-10.396878,-0.114105515
99.28,-13.372073,-26.740696,-0.2739881
99.299995,-8.564792,3.0627398,-0.114105515
99.32,-22.986637,-6.5512733,0.20565958
99.34,10.664334,-28.182798,-0.114105515
99.36,39.508022,-50.134785,0.5254247
99.38,-56.637608,5.145776,0.8451898
99.4,10.664334,-3.5068357,0.20565958
99.42,-13.372073,-7.352441,0.20565958
99.439995,10.664334,-8.153608,-0.2739881
99.46,34.700745,10.75395,0.20565958
99.479996,5.857053,57.22169,0.5254247
99.5,10.664334,-14.562949,0.68530726
99.52,97.195404,9.472081,0.5254247
99.54,10.664334,-3.3466022,0.20565958
99.56,15.471616,-3.9875362,0.5254247
99.579994,10.664334,-34.752373,-0.114105515
99.6,53.92987,-1.5840333,0.36554214
99.619995,82.77356,-13.761782,0.20565958
99.64,20.278896,-50.775723,0.68530726
99.659996,10.664334,13.317687,0.8451898
99.68,39.508022,-7.5126743,0.20565958
99.7,29.893461,2.5820389,0.5254247
99.72,20.278896,24.213572,0.5254247
99.74,20.278896,0.9797035,0.8451898
99.759995,-13.372073,24.534037,0.5254247
99.78,5.857053,-5.910339,0.045777034
99.799995,20.278896,41.038097,0.20565958
99.82,1.049771,-2.2249672,1.0050724
99.84,-13.372073,-13.120848,0.68530726
99.86,10.664334,5.3060093,0.68530726
99.88,1.049771,15.080256,-0.114105515
99.9,44.315308,6.908345,0.5254247
99.92,-42.215763,24.213572,1.0050724
99.939995,10.664334,9.632316,0.20565958
99.96,-8.564792,-13.601548,0.36554214
99.979996,-22.986637,-26.42023,0.20565958
100.0,1.049771,28.379642,0.36554214
100.02,-8.564792,-8.474075,-0.114105515
100.04,-37.40848,-1.7442669,0.045777034
100.06,63.54443,-2.8659017,-0.114105515
100.079994,-3.7575107,-9.115009,0.20565958
100.1,-18.179356,-25.298595,0.5254247
100.119995,39.508022,4.504842,0.36554214
100.14,-13.372073,-7.5126743,-0.114105515
100.159996,5.857053,-6.3910394,0.045777034
100.18,15.471616,-20.49159,0.045777034
100.2,49.122585,11.234652,0.045777034
100.22,25.08618,14.1188545,0.5254247
100.24,-18.179356,-2.8659017,0.20565958
100.259995,-22.986637,5.78671,0.68530726
100.28,-22.986637,-13.922015,0.045777034
100.299995,29.893461,-50.935955,-0.7536357
100.32,-8.564792,-9.275244,0.5254247
100.34,-8.564792,19.246328,0.8451898
100.36,-22.986637,8.350447,0.68530726
100.38,-8.564792,12.356286,0.36554214
100.4,15.471616,7.8697467,-0.4338706
100.42,-32.6012,-25.45883,-0.114105515
100.439995,5.857053,-11.83898,-0.114105515
100.46,-13.372073,2.1013381,0.36554214
100.479996,73.159,29.821747,0.36554214
100.5,10.664334,-30.265835,-0.114105515
100.52,5.857053,5.3060093,-0.2739881
100.54,49.122585,-37.31611,0.20565958
100.56,25.08618,0.9797035,-0.114105515
100.579994,-3.7575107,-3.9875362,0.36554214
100.6,-8.564792,-11.678746,0.68530726
100.619995,-13.372073,-11.358279,0.68530726
100.64,15.471616,-0.7828655,0.68530726
100.659996,-22.986637,-19.850657,0.20565958
100.68,15.471616,26.136374,0.36554214
100.7,15.471616,-9.755944,0.68530726
100.72,15.471616,-14.723184,0.5254247
100.74,77.96628,4.3446083,0.36554214
100.759995,1.049771,-6.711507,-0.2739881
100.78,-3.7575107,1.3001705,0.36554214
100.799995,-3.7575107,-22.414392,0.045777034
100.82,-3.7575107,20.848665,0.5254247
100.84,-13.372073,-68.8821,0.20565958
100.86,10.664334,9.472081,0.36554214
100.88,-51.830326,-25.298595,0.20565958
100.9,10.664334,-19.690422,0.20565958
100.92,-13.372073,-2.0647337,0.36554214
100.939995,10.664334,9.792548,0.045777034
100.96,-8.564792,8.510681,0.5254247
100.979996,10.664334,-14.242482,0.36554214
101.0,10.664334,10.75395,0.36554214
101.02,20.278896,-18.248322,0.045777034
101.04,25.08618,-20.331356,0.045777034
101.06,-8.564792,10.593717,0.045777034
101.079994,-66.25217,23.412403,0.68530726
101.1,-22.986637,-3.5068357,0.68530726
101.119995,25.08618,-3.9875362,-0.114105515
101.14,39.508022,-19.690422,-0.59375316
101.159996,25.08618,12.676753,-0.4338706
101.18,-37.40848,27.738708,0.20565958
101.2,-8.564792,12.196053,0.68530726
101.22,-66.25217,1.4604042,0.36554214
101.24,34.700745,-23.69626,0.5254247
101.259995,-8.564792,-29.624899,-0.114105515
101.28,5.857053,-28.022566,0.045777034
101.299995,20.278896,-29.785133,-0.114105515
101.32,20.278896,16.041658,-0.2739881
101.34,1.049771,32.22525,0.68530726
101.36,-27.793919,33.026417,0.5254247
101.38,49.122585,-3.6670694,0.68530726
101.4,5.857053,17.00306,0.68530726
101.42,39.508022,4.6650753,0.36554214
101.439995,63.54443,31.103615,0.36554214
101.46,20.278896,0.17853576,0.36554214
101.479996,1.049771,-14.883417,0.36554214
101.5,-8.564792,10.433483,0.5254247
101.52,44.315308,33.026417,-0.114105515
101.54,10.664334,-5.429638,-0.2739881
101.56,1.049771,6.7481112,0.20565958
101.579994,15.471616,-6.5512733,0.5254247
101.6,53.92987,-41.161713,0.045777034
101.619995,-3.7575107,0.17853576,-0.114105515
101.64,1.049771,-17.447153,-0.4338706
101.659996,-8.564792,-15.203884,0.045777034
101.68,1.049771,-13.120848,0.20565958
101.7,29.893461,-41.96288,0.045777034
101.72,15.471616,-20.972292,-0.114105515
101.74,-13.372073,-46.60965,0.045777034
101.759995,-51.830326,19.566797,0.20565958
101.78,10.664334,-10.076411,-0.2739881
101.799995,15.471616,26.136374,0.045777034
101.82,10.664334,18.445162,0.68530726
101.84,10.664334,-1.5840333,0.68530726
101.86,-27.793919,-5.589872,0.20565958
101.88,49.122585,-9.59571,0.36554214
101.9,5.857053,-19.690422,-0.2739881
101.92,10.664334,37.19249,-0.114105515
101.939995,-3.7575107,-0.46239844,0.045777034
101.96,-8.564792,-14.08225,-0.2739881
101.979996,-32.6012,-9.755944,-0.2739881
102.0,-18.179356,-5.589872,0.045777034
102.02,-42.215763,-21.452991,-0.4338706
102.04,5.857053,22.451,0.20565958
102.06,-22.986637,5.6264763,0.36554214
102.079994,10.664334,38.474358,0.045777034
102.1,-3.7575107,20.528198,-0.2739881
102.119995,-3.7575107,-0.7828655,-0.114105515
102.14,-51.830326,-8.313842,-0.114105515
102.159996,1.049771,33.98782,0.20565958
102.18,5.857053,-0.62263197,-0.2739881
102.2,-18.179356,-8.634309,0.045777034
102.22,20.278896,-6.0705724,0.045777034
102.24,-66.25217,23.252169,0.045777034
102.259995,-37.40848,-24.17696,-0.59375316
102.28,-8.564792,4.3446083,-0.2739881
102.299995,-42.215763,34.308285,0.5254247
102.32,34.700745,9.632316,-0.114105515
102.34,-22.986637,5.3060093,0.045777034
102.36,34.700745,26.777308,-0.4338706
102.38,10.664334,-9.275244,-0.114105515
102.399994,-42.215763,-7.993375,-0.7536357
102.42,-3.7575107,-54.140625,0.20565958
102.439995,20.278896,-7.672908,0.045777034
102.46,20.278896,-3.9875362,-0.2739881
102.479996,1.049771,28.539877,-0.59375316
102.5,-8.564792,-5.2694044,-0.4338706
102.52,49.122585,17.96446,-0.2739881
102.54,-18.179356,-21.132523,0.20565958
102.56,5.857053,26.136374,0.20565958
102.579994,44.315308,54.657955,-0.114105515
102.6,39.508022,10.914185,-0.7536357
102.619995,-27.793919,47.607674,-0.2739881
102.64,-32.6012,-7.0319734,-0.114105515
102.659996,-3.7575107,-6.0705724,-0.59375316
102.68,1.049771,-21.132523,-0.9135183
102.7,-42.215763,12.356286,0.20565958
102.72,15.471616,40.877865,0.045777034
102.74,15.471616,6.2674108,-0.2739881
102.759995,-37.40848,-20.651823,0.045777034
102.78,5.857053,-23.536026,-0.2739881
102.799995,29.893461,-2.7056682,0.20565958
102.82,10.664334,-11.83898,-0.59375316
102.84,5.857053,-9.275244,-0.4338706
102.86,-8.564792,-19.369957,-0.9135183
102.88,-8.564792,-22.414392,-0.4338706
102.899994,-8.564792,-35.393307,-0.4338706
102.92,-13.372073,-9.435476,-0.59375316
102.939995,-8.564792,26.296606,-0.114105515
102.96,5.857053,19.727032,-0.114105515
102.979996,1.049771,-9.275244,-0.4338706
103.0,-18.179356,4.9855423,-0.114105515
103.02,-42.215763,-6.230806,0.5254247
103.04,-8.564792,12.676753,0.20565958
103.06,-80.67402,-3.3466022,-0.114105515
103.079994,5.857053,-8.153608,-0.114105515
103.1,10.664334,-6.3910394,-0.114105515
103.119995,15.471616,-18.729021,-0.4338706
103.14,-18.179356,3.7036738,-0.2739881
103.159996,-18.179356,-11.358279,-0.2739881
103.18,-13.372073,-9.115009,-0.2739881
103.2,-3.7575107,6.908345,0.20565958
103.22,-3.7575107,-6.711507,-0.2739881
103.24,1.049771,19.086096,-0.114105515
103.259995,25.08618,0.6592364,-0.114105515
103.28,1.049771,24.694271,-0.2739881
103.299995,1.049771,39.115295,-0.2739881
103.32,-8.564792,-33.790974,-0.7536357
103.34,-32.6012,12.99722,-0.59375316
103.36,5.857053,14.279089,-0.4338706
103.38,-71.05945,0.17853576,-0.59375316
103.399994,-32.6012,19.566797,0.20565958
103.42,-13.372073,-0.14193134,-0.114105515
103.439995,-3.7575107,-33.470505,-0.4338706
103.46,15.471616,-20.01089,-0.9135183
103.479996,49.122585,8.670914,-0.2739881
103.5,92.38812,-6.230806,-0.2739881
103.52,5.857053,-31.707935,-0.2739881
103.54,25.08618,-18.889254,0.045777034
103.56,-13.372073,0.33876932,-0.59375316
103.579994,10.664334,-13.601548,-0.9135183
103.6,-8.564792,6.2674108,-0.4338706
103.619995,49.122585,15.400723,0.20565958
103.64,-8.564792,-3.3466022,0.045777034
103.659996,-61.44489,-17.607388,-0.4338706
103.68,-13.372073,-11.678746,-0.4338706
103.7,1.049771,34.78899,-0.59375316
103.72,-22.986637,18.445162,-0.2739881
103.74,-8.564792,-7.672908,0.045777034
103.759995,63.54443,9.632316,-0.114105515
103.78,25.08618,7.3890457,0.36554214
103.799995,-18.179356,17.483759,-0.114105515
103.82,-47.023045,15.72119,-0.114105515
103.84,10.664334,-24.657661,-0.59375316
103.86,-27.793919,-43.72545,-0.114105515
103.88,-18.179356,-32.34887,-0.2739881
103.899994,-27.793919,-36.835407,-0.4338706
103.92,-47.023045,9.952783,-0.2739881
103.939995,29.893461,-17.447153,-0.4338706
103.96,-8.564792,1.7808713,-0.7536357
103.979996,-32.6012,-32.5091,-0.4338706
104.0,34.700745,-22.414392,-0.4338706
104.02,-18.179356,-19.690422,-0.114105515
104.04,-13.372073,-30.1056,-0.114105515
104.06,-22.986637,-2.7056682,0.20565958
104.079994,1.049771,20.207731,-0.2739881
104.1,-8.564792,5.78671,-0.7536357
104.119995,34.700745,3.3832066,-0.2739881
104.14,5.857053,-5.589872,-0.114105515
104.159996,-32.6012,-5.589872,0.045777034
104.18,-8.564792,-44.526615,-0.7536357
104.2,-27.793919,6.5878778,0.045777034
104.22,10.664334,17.804228,0.36554214
104.24,-71.05945,-0.30216488,0.20565958
104.259995,-22.986637,24.854506,0.20565958
104.28,1.049771,23.732868,-0.114105515
104.299995,1.049771,1.7808713,-1.2332834
104.32,15.471616,-0.46239844,-0.2739881
104.34,20.278896,-0.46239844,-0.4338706
104.36,-42.215763,-1.2635663,-0.2739881
104.38,5.857053,20.207731,-0.4338706
104.399994,-18.179356,2.261572,-0.2739881
104.42,44.315308,23.732868,-0.59375316
104.439995,-56.637608,8.670914,-1.0734009
104.46,-3.7575107,-14.402717,-0.59375316
104.479996,34.700745,13.798388,0.045777034
104.5,-47.023045,8.510681,0.36554214
104.52,1.049771,12.51652,-0.114105515
104.54,-27.793919,-66.158134,-0.7536357
104.56,10.664334,-3.827303,-0.7536357
104.579994,58.737152,31.103615,-0.2739881
104.6,-42.215763,-10.717345,-0.4338706
104.619995,-13.372073,-9.275244,0.045777034
104.64,25.08618,-48.051754,-0.2739881
104.659996,-3.7575107,7.709513,-0.2739881
104.68,-8.564792,17.643993,0.045777034
104.7,-42.215763,-3.1863687,0.045777034
104.72,29.893461,-25.138361,-0.114105515
104.74,-18.179356,-6.0705724,-0.114105515
104.759995,-47.023045,-6.3910394,-0.114105515
104.78,-3.7575107,11.074417,0.20565958
104.799995,-3.7575107,-5.1091714,-0.59375316
104.82,-13.372073,-5.2694044,0.36554214
104.84,5.857053,16.842825,-0.114105515
104.86,10.664334,-7.352441,-0.2739881
104.88,-27.793919,25.49544,0.5254247
104.899994,1.049771,-3.6670694,-0.2739881
104.92,-22.986637,-17.607388,0.045777034
104.939995,-22.986637,-7.0319734,0.20565958
104.96,63.54443,-9.115009,0.045777034
104.979996,5.857053,16.362125,0.045777034
105.0,-27.793919,-4.468237,-0.4338706
105.02,-3.7575107,0.6592364,-0.114105515
105.04,53.92987,-29.945368,-0.4338706
105.06,-8.564792,27.898943,-0.2739881
105.079994,-8.564792,30.622915,0.045777034
105.1,-8.564792,-19.690422,-0.114105515
105.119995,-3.7575107,6.5878778,0.20565958
105.14,15.471616,-18.248322,-0.2739881
105.159996,-8.564792,-15.684585,0.20565958
105.18,10.664334,14.920023,0.20565958
105.2,-3.7575107,-30.1056,0.36554214
105.22,-27.793919,-37.957043,0.5254247
105.24,10.664334,2.5820389,0.20565958
105.259995,5.857053,-6.230806,-0.2739881
105.28,44.315308,12.51652,-0.2739881
105.299995,1.049771,13.157454,0.045777034
105.32,25.08618,-18.568789,0.045777034
105.34,-51.830326,0.17853576,0.045777034
105.36,-71.05945,23.091934,0.5254247
105.38,5.857053,-10.877579,-0.59375316
105.399994,15.471616,22.130533,-0.114105515
105.42,-3.7575107,-5.910339,0.5254247
105.439995,-3.7575107,-0.7828655,0.20565958
105.46,20.278896,-19.690422,0.36554214
105.479996,-22.986637,31.263847,-0.114105515
105.5,5.857053,6.1071773,-0.114105515
105.52,20.278896,6.7481112,0.20565958
105.54,5.857053,31.904783,0.20565958
105.56,5.857053,11.555119,0.20565958
105.579994,10.664334,-18.408554,0.20565958
105.6,-32.6012,-22.414392,0.5254247
105.619995,44.315308,-10.076411,-0.4338706
105.64,-8.564792,-19.049488,-0.4338706
105.659996,-8.564792,21.9703,0.045777034
105.68,20.278896,-24.016727,0.5254247
105.7,10.664334,-2.385201,-0.114105515
105.72,-13.372073,-0.62263197,0.20565958
105.74,53.92987,29.341045,0.045777034
105.759995,10.664334,43.4416,-0.114105515
105.78,5.857053,-8.954777,0.36554214
105.799995,34.700745,7.0685787,0.20565958
105.82,10.664334,-20.331356,0.045777034
105.84,-3.7575107,-15.364117,-0.4338706
105.86,-18.179356,-13.922015,0.36554214
105.88,-8.564792,-7.0319734,0.68530726
105.899994,97.195404,20.367966,0.5254247
105.92,20.278896,-40.200314,-0.114105515
105.939995,-22.986637,8.190214,0.36554214
105.96,-8.564792,46.165573,0.8451898
105.979996,-8.564792,-4.7887044,0.68530726
106.0,1.049771,-23.375792,0.045777034
106.02,63.54443,-5.910339,0.68530726
106.04,-3.7575107,-7.993375,-0.2739881
106.06,20.278896,-17.447153,-0.114105515
106.079994,15.471616,-2.385201,0.68530726
106.1,10.664334,-14.242482,-0.114105515
106.119995,29.893461,-5.1091714,0.20565958
106.14,25.08618,-19.209723,0.8451898
106.159996,20.278896,-4.6284704,0.36554214
106.18,-3.7575107,-33.310272,-0.4338706
106.2,-18.179356,-35.71377,-0.114105515
106.22,-13.372073,8.02998,0.045777034
106.24,20.278896,-43.40498,-0.114105515
106.259995,-3.7575107,13.477921,0.20565958
106.28,34.700745,-3.3466022,0.68530726
106.299995,5.857053,-6.711507,-0.114105515
106.32,-42.215763,-37.31611,0.20565958
106.34,1.049771,16.041658,0.36554214
106.36,34.700745,1.139937,0.36554214
106.38,10.664334,0.6592364,0.8451898
106.399994,-3.7575107,-8.474075,0.20565958
106.42,-3.7575107,5.9469438,0.5254247
106.439995,-18.179356,10.27325,0.20565958
106.46,63.54443,44.563236,0.36554214
106.479996,-18.179356,-48.37222,-0.2739881
106.5,-22.986637,9.952783,0.045777034
106.52,58.737152,-16.005053,-0.4338706
106.54,25.08618,28.21941,-0.114105515
106.56,-3.7575107,2.1013381,0.5254247
106.579994,5.857053,16.362125,0.20565958
106.6,-8.564792,-11.037811,0.36554214
106.619995,5.857053,1.4604042,0.045777034
106.64,-13.372073,-13.761782,0.36554214
106.659996,15.471616,-28.983965,0.5254247
106.68,1.049771,8.190214,-0.114105515
106.7,-8.564792,-26.099764,-0.114105515
106.72,15.471616,11.715352,-0.114105515
106.74,1.049771,24.694271,0.20565958
106.759995,5.857053,-19.690422,0.20565958
106.78,1.049771,-44.20615,-0.59375316
106.799995,49.122585,13.477921,0.20565958
106.82,10.664334,14.759789,-0.2739881
106.84,-8.564792,-20.812057,-0.2739881
106.86,-8.564792,-12.479914,-0.114105515
106.88,-13.372073,-19.209723,-0.2739881
106.899994,10.664334,-28.983965,0.045777034
106.92,-3.7575107,-0.14193134,0.5254247
106.939995,44.315308,12.99722,0.5254247
106.96,63.54443,-0.46239844,0.045777034
106.979996,-18.179356,-11.037811,-0.7536357
107.0,-22.986637,10.113016,0.20565958
107.02,29.893461,-1.5840333,0.20565958
107.04,15.471616,0.81947,-0.2739881
107.06,5.857053,32.70595,0.5254247
107.079994,34.700745,-1.4237996,0.5254247
107.1,10.664334,-6.711507,0.20565958
107.119995,15.471616,6.7481112,0.20565958
107.14,39.508022,-15.364117,-0.2739881
107.159996,73.159,0.49900287,0.20565958
107.18,29.893461,-14.402717,0.045777034
107.2,25.08618,-1.1033326,-0.114105515
107.22,5.857053,6.5878778,0.5254247
107.24,-3.7575107,-20.171124,-0.114105515
107.259995,-13.372073,-18.088087,-0.2739881
107.28,1.049771,5.466243,-0.114105515
107.299995,5.857053,31.263847,-0.2739881
107.32,-3.7575107,7.3890457,-0.2739881
107.34,63.54443,-10.717345,-0.4338706
107.36,-8.564792,-18.889254,-0.114105515
107.38,-3.7575107,0.6592364,0.20565958
107.399994,-32.6012,-7.833141,-0.2739881
107.42,10.664334,-11.037811,-0.114105515
107.439995,25.08618,-59.428326,-0.2739881
107.46,5.857053,2.1013381,-0.114105515
107.479996,1.049771,-3.6670694,0.5254247
107.5,-8.564792,-26.259996,-0.114105515
107.52,-66.25217,20.68843,-0.2739881
107.54,-42.215763,47.607674,0.045777034
107.56,-18.179356,-2.5454345,0.20565958
107.579994,-32.6012,-19.049488,-0.4338706
107.6,39.508022,14.439322,-0.114105515
107.619995,20.278896,10.75395,-0.114105515
107.64,-27.793919,12.51652,-0.2739881
107.659996,15.471616,35.75039,0.68530726
107.68,1.049771,15.881425,-0.4338706
107.7,-18.179356,-4.3080034,0.045777034
107.72,15.471616,-2.385201,-0.114105515
107.74,10.664334,-11.198046,0.045777034
107.759995,-13.372073,5.145776,0.045777034
107.78,-13.372073,49.21001,-0.114105515
107.799995,-8.564792,-20.972292,-0.4338706
107.82,25.08618,15.400723,-0.2739881
107.84,10.664334,17.804228,-0.4338706
107.86,73.159,-13.601548,-0.2739881
107.88,-13.372073,-26.099764,-0.2739881
107.899994,15.471616,10.113016,0.5254247
107.92,-13.372073,-54.94179,-0.59375316
107.939995,5.857053,9.311849,-0.114105515
107.96,1.049771,14.279089,0.36554214
107.979996,1.049771,1.7808713,0.20565958
108.0,1.049771,14.920023,0.045777034
108.02,49.122585,-6.230806,-0.59375316
108.04,29.893461,-0.30216488,0.045777034
108.06,5.857053,-3.5068357,0.045777034
108.079994,-56.637608,0.17853576,0.8451898
108.1,1.049771,-13.761782,0.5254247
108.119995,1.049771,0.9797035,0.68530726
108.14,25.08618,72.76435,0.20565958
108.159996,-27.793919,13.638155,0.045777034
108.18,-13.372073,12.035819,-0.4338706
108.2,5.857053,-9.275244,-0.2739881
108.22,-3.7575107,9.151615,0.20565958
108.24,20.278896,15.560958,-0.114105515
108.259995,-22.986637,22.611235,-0.2739881
108.28,1.049771,-65.0365,0.20565958
108.299995,-3.7575107,-16.966454,-0.114105515
108.32,-3.7575107,18.445162,-0.114105515
108.34,-3.7575107,49.690712,-0.114105515
108.36,-3.7575107,-9.115009,-0.114105515
108.38,10.664334,-46.769882,-0.2739881
108.399994,1.049771,-12.640147,-0.114105515
108.42,63.54443,9.151615,-0.114105515
108.439995,1.049771,-3.6670694,-0.7536357
108.46,-42.215763,13.477921,0.5254247
108.479996,25.08618,-17.447153,0.36554214
108.5,-3.7575107,-1.5840333,-0.114105515
108.52,-13.372073,19.887262,0.20565958
108.54,15.471616,-6.8717403,0.045777034
108.56,15.471616,34.628754,-0.114105515
108.579994,-42.215763,0.81947,0.68530726
108.6,49.122585,35.10945,0.20565958
108.619995,1.049771,13.317687,-0.2739881
108.64,44.315308,44.24277,-0.9135183
108.659996,-47.023045,9.472081,-0.2739881
108.68,-8.564792,-5.7501054,-0.4338706
108.7,-8.564792,42.159733,0.20565958
108.72,-8.564792,-2.2249672,-0.59375316
108.74,1.049771,12.196053,-0.2739881
108.759995,-13.372073,-19.690422,-0.2739881
108.78,5.857053,6.908345,0.045777034
108.799995,-18.179356,15.080256,-0.114105515
108.82,10.664334,10.593717,-0.59375316
108.84,10.664334,-2.0647337,-0.2739881
108.86,-8.564792,5.145776,-0.4338706
108.88,73.159,12.676753,0.045777034
108.899994,-18.179356,1.6206378,-0.4338706
108.92,20.278896,-9.115009,0.36554214
108.939995,-13.372073,16.20189,0.36554214
108.96,10.664334,-13.761782,0.20565958
108.979996,-8.564792,-6.3910394,-0.4338706
109.0,-8.564792,18.765629,-0.2739881
109.02,-18.179356,27.258009,-0.114105515
109.04,-8.564792,10.75395,-0.114105515
109.06,-8.564792,21.169132,0.5254247
109.079994,10.664334,-17.607388,0.68530726
109.1,-8.564792,12.035819,0.20565958
109.119995,-13.372073,9.151615,0.5254247
109.14,5.857053,0.33876932,-0.114105515
109.159996,-8.564792,21.329365,-0.114105515
109.18,-42.215763,-9.115009,0.20565958
109.2,-18.179356,4.024141,-0.114105515
109.22,-13.372073,10.433483,0.045777034
109.24,-8.564792,24.213572,-0.114105515
109.259995,-18.179356,-1.9045002,-0.4338706
109.28,44.315308,-12.479914,-0.4338706
109.299995,-18.179356,18.605394,0.20565958
109.32,1.049771,-9.115009,-0.2739881
109.34,-8.564792,-0.7828655,0.36554214
109.36,34.700745,-11.198046,0.20565958
109.38,10.664334,-15.684585,0.045777034
109.399994,10.664334,-36.675175,-0.7536357
109.42,-13.372073,-46.289185,-0.7536357
109.439995,-27.793919,9.952783,-0.4338706
109.46,-3.7575107,9.472081,-0.7536357
109.479996,-13.372073,5.9469438,-0.59375316
109.5,10.664334,-17.447153,-1.393166
109.52,1.049771,-8.313842,-0.2739881
109.54,-56.637608,1.139937,0.20565958
109.56,-8.564792,-45.32778,0.68530726
109.579994,-8.564792,2.261572,0.20565958
109.6,-22.986637,27.418243,0.20565958
109.619995,-8.564792,25.815907,0.20565958
109.64,1.049771,23.893103,-0.4338706
109.659996,1.049771,33.026417,0.5254247
109.68,20.278896,-3.827303,-0.2739881
109.7,-22.986637,7.0685787,-0.114105515
109.72,63.54443,27.097775,0.20565958
109.74,-22.986637,-7.993375,0.045777034
109.759995,-18.179356,5.9469438,0.045777034
109.78,15.471616,10.914185,0.045777034
109.799995,-8.564792,8.350447,0.5254247
109.82,39.508022,3.7036738,0.045777034
109.84,-61.44489,-5.7501054,0.20565958
109.86,10.664334,2.7422726,-0.59375316
109.88,-8.564792,-8.954777,-0.4338706
109.899994,-51.830326,5.78671,0.36554214
109.92,1.049771,1.9411048,-0.114105515
109.939995,-13.372073,29.020578,-0.114105515
109.96,44.315308,0.33876932,-0.4338706
109.979996,-3.7575107,5.78671,-0.4338706
110.0,-32.6012,24.694271,-0.114105515
110.02,82.77356,29.661512,-0.114105515
110.04,10.664334,-20.972292,-0.114105515
110.06,34.700745,-36.835407,-0.7536357
110.079994,-22.986637,37.99366,0.045777034
110.1,-13.372073,-2.0647337,-0.4338706
110.119995,-3.7575107,-2.7056682,-0.7536357
110.14,44.315308,-18.088087,-0.59375316
110.159996,10.664334,-15.04365,-0.59375316
110.18,-3.7575107,12.035819,-0.2739881
110.2,-27.793919,21.0089,-0.2739881
110.22,39.508022,2.1013381,-0.114105515
110.24,-3.7575107,7.0685787,-0.114105515
110.259995,34.700745,8.350447,0.20565958
110.28,-13.372073,-8.474075,0.045777034
110.299995,1.049771,-18.088087,0.045777034
110.32,-51.830326,13.798388,0.20565958
110.34,-8.564792,4.504842,0.045777034
110.36,-32.6012,-17.76762,-0.4338706
110.38,1.049771,13.958622,-0.2739881
110.399994,1.049771,5.145776,0.045777034
110.42,-80.67402,-19.369957,-0.114105515
110.439995,29.893461,38.153893,-0.2739881
110.46,-22.986637,28.21941,-0.2739881
110.479996,25.08618,30.94338,0.20565958
110.5,-13.372073,-0.46239844,0.20565958
110.52,25.08618,6.5878778,-0.2739881
110.54,-18.179356,-34.912605,-0.4338706
110.56,-3.7575107,7.549279,-0.114105515
110.579994,5.857053,23.572638,-0.114105515
110.6,-8.564792,19.086096,-0.2739881
110.619995,-18.179356,-2.385201,-0.2739881
110.64,10.664334,-8.634309,-0.4338706
110.659996,-8.564792,-17.447153,-0.59375316
110.68,-22.986637,12.8369875,-0.114105515
110.7,-18.179356,25.174973,0.045777034
110.72,15.471616,-15.684585,-0.59375316
110.74,-32.6012,-32.34887,-0.114105515
110.759995,-3.7575107,11.074417,0.045777034
110.78,-18.179356,-2.385201,0.36554214
110.799995,25.08618,-2.5454345,-0.2739881
110.82,-56.637608,-29.464666,-0.114105515
110.84,1.049771,10.593717,-0.4338706
110.86,-32.6012,33.827583,-0.2739881
110.88,-3.7575107,30.622915,-0.2739881
110.899994,-18.179356,29.341045,0.20565958
110.92,10.664334,-48.211983,-0.59375316
110.939995,-18.179356,-4.7887044,0.045777034
110.96,20.278896,-39.559376,-0.114105515
110.979996,20.278896,1.3001705,-0.114105515
111.0,34.700745,35.91062,0.20565958
111.02,-3.7575107,8.02998,0.20565958
111.04,-42.215763,2.7422726,0.20565958
111.06,34.700745,-38.91844,-0.59375316
111.079994,-3.7575107,18.445162,-0.7536357
111.1,10.664334,31.744547,-0.4338706
111.119995,1.049771,3.3832066,0.045777034
111.14,15.471616,-15.203884,0.20565958
111.159996,20.278896,-14.562949,-0.114105515
111.18,-18.179356,4.6650753,-0.4338706
111.2,-56.637608,3.3832066,-0.2739881
111.22,-8.564792,21.9703,-0.114105515
111.24,10.664334,-35.55354,-0.114105515
111.259995,-32.6012,-14.883417,0.5254247
111.28,-3.7575107,0.17853576,0.045777034
111.299995,-8.564792,-7.5126743,-0.114105515
111.32,-3.7575107,0.6592364,0.20565958
111.34,20.278896,16.20189,-0.4338706
111.36,15.471616,24.373804,0.20565958
111.38,1.049771,-7.352441,-0.59375316
111.399994,-22.986637,-6.3910394,0.20565958
111.42,29.893461,19.406563,-0.114105515
111.439995,68.35171,-20.972292,0.045777034
111.46,-13.372073,1.6206378,-0.2739881
111.479996,10.664334,-2.0647337,0.36554214
111.5,-18.179356,34.148052,0.20565958
111.52,-47.023045,14.920023,-0.114105515
111.54,15.471616,4.9855423,-0.59375316
111.56,-8.564792,-3.6670694,-0.4338706
111.579994,1.049771,-14.562949,-0.114105515
111.6,29.893461,-10.717345,0.20565958
111.619995,5.857053,-0.9430991,-0.114105515
111.64,-37.40848,-11.678746,-0.7536357
111.659996,20.278896,-3.3466022,0.20565958
111.68,5.857053,1.3001705,-0.114105515
111.7,-18.179356,-1.7442669,-0.2739881
111.72,29.893461,-24.817896,-0.59375316
111.74,-8.564792,-21.292757,0.20565958
111.759995,-32.6012,13.317687,0.5254247
111.78,-37.40848,9.952783,0.20565958
111.799995,15.471616,-1.1033326,-0.4338706
111.82,-8.564792,2.7422726,0.045777034
111.84,-3.7575107,-1.1033326,0.045777034
111.86,5.857053,-7.0319734,0.045777034
111.88,10.664334,-8.313842,0.045777034
111.899994,1.049771,-19.850657,-0.114105515
111.92,-3.7575107,-12.960614,-0.114105515
111.939995,39.508022,-15.04365,0.045777034
111.96,20.278896,-13.441315,-0.4338706
111.979996,-8.564792,16.20189,-0.2739881
112.0,-8.564792,15.881425,0.5254247
112.02,5.857053,26.136374,0.36554214
112.04,5.857053,53.05562,0.5254247
112.06,34.700745,-15.04365,-0.59375316
112.079994,-13.372073,7.709513,0.5254247
112.1,15.471616,2.902506,0.045777034
112.119995,-27.793919,14.920023,0.20565958
112.14,-3.7575107,0.9797035,0.20565958
112.159996,-32.6012,-7.993375,-0.114105515
112.18,29.893461,-7.352441,-0.2739881
112.2,-3.7575107,9.472081,-0.2739881
112.22,1.049771,7.228812,0.36554214
112.24,10.664334,-23.21556,0.20565958
112.259995,20.278896,1.6206378,0.5254247
112.28,-8.564792,8.991381,0.045777034
112.299995,10.664334,-18.088087,0.045777034
112.32,15.471616,-6.230806,0.36554214
112.34,25.08618,-28.823734,0.5254247
112.36,44.315308,-13.922015,0.5254247
112.38,20.278896,5.3060093,0.045777034
112.399994,1.049771,7.8697467,1.164955
112.42,5.857053,17.643993,0.36554214
112.439995,49.122585,-13.281082,0.68530726
112.46,-3.7575107,-21.613226,0.5254247
112.479996,15.471616,4.3446083,0.68530726
112.5,20.278896,-6.8717403,0.045777034
112.52,34.700745,12.99722,0.045777034
112.54,-8.564792,13.157454,-0.2739881
112.56,58.737152,3.7036738,-0.114105515
112.579994,1.049771,4.184375,0.36554214
112.6,10.664334,-0.46239844,0.8451898
112.619995,20.278896,6.7481112,0.5254247
112.64,25.08618,-3.9875362,0.5254247
112.659996,25.08618,5.6264763,0.045777034
112.68,10.664334,19.566797,0.68530726
112.7,20.278896,-12.159447,0.20565958
112.72,-47.023045,2.902506,0.20565958
112.74,-90.288574,34.949223,0.36554214
112.759995,10.664334,5.78671,-0.2739881
112.78,5.857053,5.78671,-0.114105515
112.799995,20.278896,-27.862331,0.20565958
112.82,1.049771,30.142212,0.68530726
112.84,-32.6012,7.0685787,0.36554214
112.86,-42.215763,-2.0647337,0.5254247
112.88,1.049771,-17.286919,0.20565958
112.899994,20.278896,-7.833141,0.20565958
112.92,25.08618,-7.5126743,0.5254247
112.939995,20.278896,-70.96513,0.5254247
112.96,15.471616,1.9411048,0.68530726
112.979996,-37.40848,19.566797,0.68530726
113.0,1.049771,9.472081,0.20565958
113.02,-27.793919,8.190214,0.5254247
113.04,77.96628,-27.38163,-0.114105515
113.06,1.049771,-17.76762,0.8451898
113.079994,1.049771,-28.022566,0.045777034
113.1,5.857053,-5.429638,0.20565958
113.119995,5.857053,-2.7056682,0.20565958
113.14,1.049771,0.49900287,0.5254247
113.159996,-3.7575107,13.477921,0.68530726
113.18,15.471616,21.169132,1.0050724
113.2,25.08618,-1.5840333,0.8451898
113.22,68.35171,55.939823,0.5254247
113.24,34.700745,19.406563,1.0050724
113.259995,5.857053,8.831148,0.68530726
113.28,-3.7575107,35.75039,1.0050724
113.299995,25.08618,5.466243,0.68530726
113.32,44.315308,5.78671,0.5254247
113.34,5.857053,3.3832066,0.5254247
113.36,39.508022,4.9855423,0.36554214
113.38,-22.986637,-4.7887044,-0.114105515
113.399994,-3.7575107,-6.0705724,0.5254247
113.42,-8.564792,9.792548,0.20565958
113.439995,-3.7575107,-51.897354,0.20565958
113.46,20.278896,13.798388,0.20565958
113.479996,44.315308,-15.203884,-0.114105515
113.5,29.893461,4.024141,-0.2739881
113.52,-13.372073,8.991381,-0.114105515
113.54,63.54443,10.75395,0.20565958
113.56,20.278896,-4.14777,0.36554214
113.579994,10.664334,-8.474075,0.045777034
113.6,-42.215763,-22.574625,0.68530726
113.619995,5.857053,-18.248322,0.20565958
113.64,5.857053,7.3890457,0.36554214
113.659996,-32.6012,-36.675175,0.045777034
113.68,-3.7575107,-6.8717403,0.5254247
113.7,15.471616,0.49900287,0.20565958
113.72,97.195404,14.759789,0.045777034
113.74,-18.179356,-3.3466022,-0.114105515
113.759995,15.471616,16.842825,0.68530726
113.78,29.893461,-52.698524,0.36554214
113.799995,-27.793919,-25.779295,0.5254247
113.82,5.857053,7.8697467,0.5254247
113.84,5.857053,4.6650753,0.20565958
113.86,1.049771,-4.7887044,0.20565958
113.88,-22.986637,8.02998,0.20565958
113.899994,53.92987,-12.31968,0.5254247
113.92,5.857053,70.04038,0.045777034
113.939995,25.08618,10.27325,0.68530726
113.96,34.700745,-8.153608,0.36554214
113.979996,-56.637608,1.6206378,0.5254247
114.0,10.664334,1.6206378,0.8451898
114.02,-37.40848,15.72119,0.68530726
114.04,15.471616,16.842825,0.5254247
114.06,-18.179356,-9.59571,0.20565958
114.079994,15.471616,-32.82957,0.045777034
114.1,10.664334,-48.37222,0.20565958
114.119995,15.471616,12.51652,0.045777034
114.14,25.08618,12.035819,0.68530726
114.159996,44.315308,-9.755944,0.045777034
114.18,-37.40848,9.311849,0.68530726
114.2,-13.372073,3.7036738,0.20565958
114.22,25.08618,-15.04365,0.5254247
114.24,87.58084,-19.049488,-0.114105515
114.259995,5.857053,41.198334,0.5254247
114.28,20.278896,-14.562949,0.36554214
114.299995,-13.372073,21.4896,-0.114105515
114.32,-22.986637,-4.948938,0.36554214
114.34,29.893461,-0.14193134,0.68530726
114.36,5.857053,13.798388,0.20565958
114.38,10.664334,27.578474,0.20565958
114.399994,-32.6012,25.174973,0.5254247
114.42,-13.372073,37.99366,0.20565958
114.439995,10.664334,9.792548,0.5254247
114.46,25.08618,-3.6670694,-0.2739881
114.479996,5.857053,13.317687,-0.2739881
114.5,49.122585,26.45684,0.045777034
114.52,10.664334,-7.993375,0.045777034
114.54,-8.564792,-4.7887044,0.045777034
114.56,10.664334,2.902506,-0.114105515
114.579994,-42.215763,2.261572,0.045777034
114.6,29.893461,12.51652,0.8451898
114.619995,29.893461,0.33876932,0.20565958
114.64,-3.7575107,-29.945368,0.36554214
114.659996,5.857053,0.49900287,-0.114105515
114.68,-42.215763,-7.192207,0.36554214
114.7,39.508022,3.0627398,0.20565958
114.72,25.08618,19.887262,0.045777034
114.74,10.664334,2.7422726,0.36554214
114.759995,-51.830326,-4.14777,-0.4338706
114.78,-3.7575107,2.4218054,-0.114105515
114.799995,39.508022,0.17853576,0.045777034
114.82,49.122585,-6.711507,0.36554214
114.84,29.893461,-25.45883,0.5254247
114.86,-27.793919,-14.242482,1.0050724
114.88,-3.7575107,10.433483,0.045777034
114.899994,-22.986637,42.319965,0.20565958
114.92,-3.7575107,22.130533,-0.2739881
114.939995,53.92987,-0.14193134,-0.114105515
114.96,-37.40848,26.45684,-0.114105515
114.979996,10.664334,0.81947,0.045777034
115.0,-47.023045,-1.9045002,0.20565958
115.02,15.471616,6.5878778,-0.114105515
115.04,-47.023045,18.124695,0.5254247
115.06,29.893461,-5.589872,0.045777034
115.079994,1.049771,-16.485752,-0.4338706
115.1,-18.179356,37.833427,-0.2739881
115.119995,29.893461,-3.6670694,0.045777034
115.14,-18.179356,-3.9875362,0.20565958
115.159996,-3.7575107,10.914185,0.20565958
115.18,58.737152,23.893103,-0.2739881
115.2,15.471616,25.49544,-0.114105515
115.22,10.664334,2.261572,0.36554214
115.24,10.664334,-18.889254,-0.114105515
115.259995,-18.179356,-22.574625,0.36554214
115.28,15.471616,-3.9875362,-0.114105515
115.299995,-18.179356,-11.358279,0.20565958
115.32,34.700745,-29.785133,0.20565958
115.34,15.471616,26.617075,0.20565958
115.36,-18.179356,41.358562,0.045777034
115.38,29.893461,-0.62263197,-0.114105515
115.399994,-22.986637,40.236927,0.36554214
115.42,-3.7575107,16.362125,-0.114105515
115.439995,-8.564792,3.0627398,-0.4338706
115.46,15.471616,44.24277,0.20565958
115.479996,-37.40848,-52.378056,-0.114105515
115.5,1.049771,8.190214,-0.114105515
115.52,-27.793919,-30.906769,-0.2739881
115.54,-3.7575107,-2.8659017,0.045777034
115.56,-18.179356,2.5820389,-0.59375316
115.579994,1.049771,10.914185,-0.2739881
115.6,-3.7575107,50.33165,0.68530726
115.619995,49.122585,-25.93953,-0.4338706
115.64,-22.986637,-9.275244,-0.114105515
115.659996,29.893461,-17.447153,-0.59375316
115.68,-3.7575107,20.047497,-0.114105515
115.7,-32.6012,14.599556,-0.2739881
115.72,-18.179356,4.024141,0.045777034
115.74,-80.67402,44.563236,0.045777034
115.759995,1.049771,2.4218054,-0.4338706
115.78,-13.372073,21.0089,-0.114105515
115.799995,-13.372073,-4.14777,-0.4338706
115.82,10.664334,1.3001705,-0.4338706
115.84,-3.7575107,37.99366,-0.114105515
115.86,-8.564792,-14.883417,-0.2739881
115.88,-13.372073,20.047497,-0.114105515
115.899994,-27.793919,15.72119,-0.4338706
115.92,-18.179356,-2.385201,-0.7536357
115.939995,1.049771,44.72347,-0.2739881
115.96,-13.372073,-7.0319734,-0.2739881
115.979996,5.857053,-27.702099,-0.4338706
116.0,-13.372073,7.549279,-0.2739881
116.02,1.049771,-2.385201,-0.59375316
116.04,-13.372073,-22.414392,-1.0734009
116.06,5.857053,11.715352,0.20565958
116.079994,29.893461,58.34333,-0.114105515
116.1,-3.7575107,8.510681,-0.7536357
116.119995,-51.830326,18.284927,-0.4338706
116.14,-42.215763,-8.313842,0.045777034
116.159996,5.857053,9.151615,-0.2739881
116.18,-27.793919,28.059177,-0.114105515
116.2,-13.372073,27.738708,-0.114105515
116.21999,5.857053,1.4604042,-0.4338706
116.24,5.857053,18.284927,-0.7536357
116.259995,15.471616,-9.275244,-0.4338706
116.28,-22.986637,8.831148,-0.2739881
116.299995,-42.215763,21.9703,0.36554214
116.32,-3.7575107,17.323528,-0.4338706
116.34,44.315308,-1.1033326,0.20565958
116.36,10.664334,0.81947,-0.59375316
116.38,-18.179356,2.261572,-0.2739881
116.399994,-3.7575107,-2.2249672,-0.114105515
116.42,25.08618,-1.4237996,-0.4338706
116.439995,68.35171,-10.717345,0.045777034
116.46,44.315308,-8.794542,0.045777034
116.479996,-8.564792,16.842825,-0.2739881
116.5,25.08618,-6.711507,0.045777034
116.52,5.857053,-13.601548,0.045777034
116.54,-8.564792,-23.536026,0.045777034
116.56,25.08618,-22.895092,0.68530726
116.579994,29.893461,11.715352,0.68530726
116.6,10.664334,-11.678746,0.20565958
116.619995,1.049771,5.3060093,0.68530726
116.64,-18.179356,1.4604042,0.045777034
116.659996,10.664334,-14.402717,-0.114105515
116.68,-27.793919,12.035819,-0.114105515
116.7,5.857053,2.1013381,-0.114105515
116.71999,1.049771,33.50712,0.36554214
116.74,5.857053,-7.0319734,0.36554214
116.759995,-22.986637,-79.77798,0.68530726
116.78,20.278896,-0.14193134,-0.114105515
116.799995,-18.179356,39.435764,0.045777034
116.82,25.08618,21.649834,0.045777034
116.84,58.737152,24.053337,0.20565958
116.86,15.471616,5.145776,0.20565958
116.88,1.049771,-24.497427,-0.4338706
116.899994,25.08618,21.329365,-0.59375316
116.92,-13.372073,41.839264,0.045777034
116.939995,-22.986637,25.976141,0.36554214
116.96,5.857053,-5.7501054,0.20565958
116.979996,20.278896,7.228812,-0.114105515
117.0,49.122585,-21.452991,0.20565958
117.02,1.049771,10.433483,-0.114105515
117.04,-3.7575107,24.694271,0.36554214
117.06,5.857053,-6.711507,-0.2739881
117.079994,-22.986637,5.6264763,0.045777034
117.1,-8.564792,-5.2694044,0.20565958
117.119995,5.857053,17.643993,0.045777034
117.14,-27.793919,-25.138361,-0.114105515
117.159996,5.857053,13.317687,0.20565958
117.18,29.893461,11.074417,0.5254247
117.2,-3.7575107,-5.589872,-0.114105515
117.21999,5.857053,-16.165285,0.045777034
117.24,-32.6012,-23.536026,-0.114105515
117.259995,20.278896,-21.773457,-0.114105515
117.28,-8.564792,11.234652,0.045777034
117.299995,49.122585,50.812347,1.0050724
117.32,15.471616,7.8697467,-0.114105515
117.34,-3.7575107,16.52236,-0.114105515
117.36,-47.023045,36.71179,-0.114105515
117.38,-13.372073,6.5878778,0.36554214
117.399994,25.08618,-32.188637,0.20565958
117.42,-18.179356,14.599556,0.5254247
117.439995,1.049771,-10.717345,0.20565958
117.46,-42.215763,-0.62263197,0.68530726
117.479996,49.122585,3.2229733,0.045777034
117.5,-8.564792,-5.589872,-0.4338706
117.52,34.700745,-15.203884,0.045777034
117.54,25.08618,7.228812,0.045777034
117.56,5.857053,5.6264763,-0.114105515
117.579994,-22.986637,16.041658,0.20565958
117.6,15.471616,-25.93953,0.045777034
117.619995,10.664334,-18.729021,-0.114105515
117.64,20.278896,14.439322,0.20565958
117.659996,-22.986637,-18.729021,-0.2739881
117.68,49.122585,-17.76762,0.36554214
117.7,1.049771,-29.1442,-0.114105515
117.71999,-13.372073,-1.5840333,-0.2739881
117.74,10.664334,-3.5068357,0.36554214
117.759995,5.857053,-74.97098,-0.114105515
117.78,5.857053,12.8369875,0.5254247
117.799995,-13.372073,-10.877579,0.20565958
117.82,-51.830326,61.708233,0.5254247
117.84,-13.372073,-6.8717403,0.36554214
117.86,-3.7575107,-11.037811,-0.114105515
117.88,-22.986637,13.638155,-0.114105515
117.899994,10.664334,71.642715,0.68530726
117.92,-8.564792,-0.30216488,-0.2739881
117.939995,-37.40848,25.335205,0.045777034
117.96,-32.6012,-2.7056682,-0.114105515
117.979996,1.049771,13.477921,-0.114105515
118.0,10.664334,4.504842,0.36554214
118.02,-18.179356,11.234652,0.36554214
118.04,-22.986637,14.599556,0.045777034
118.06,-13.372073,1.139937,-0.4338706
118.079994,20.278896,31.584314,-0.7536357
118.1,-3.7575107,-13.922015,-0.59375316
118.119995,-37.40848,29.821747,-0.4338706
118.14,25.08618,-16.966454,-0.2739881
118.159996,-3.7575107,-21.933691,-0.2739881
118.18,25.08618,11.875586,-0.2739881
118.2,10.664334,-15.364117,-0.114105515
118.21999,20.278896,-9.435476,-0.2739881
118.24,15.471616,4.6650753,0.20565958
118.259995,5.857053,-8.474075,0.20565958
118.28,-18.179356,5.466243,0.36554214
118.299995,20.278896,17.96446,0.045777034
118.32,53.92987,-6.8717403,-0.2739881
118.34,1.049771,21.329365,-0.4338706
118.36,15.471616,-2.385201,-0.4338706
118.38,25.08618,1.7808713,-0.2739881
118.399994,-22.986637,-4.14777,-0.2739881
118.42,15.471616,4.6650753,0.20565958
118.439995,-3.7575107,8.02998,-0.4338706
118.46,1.049771,0.6592364,-0.2739881
118.479996,1.049771,15.560958,-0.114105515
118.5,20.278896,3.2229733,-0.4338706
118.52,10.664334,11.234652,0.20565958
118.54,-47.023045,-34.912605,-0.114105515
118.56,-22.986637,6.908345,0.5254247
118.579994,20.278896,-12.640147,-0.7536357
118.6,1.049771,-21.933691,-0.7536357
118.619995,10.664334,22.130533,-0.114105515
118.64,-13.372073,24.053337,0.5254247
118.659996,10.664334,-36.194473,0.045777034
118.68,10.664334,-4.948938,0.045777034
118.7,-22.986637,8.190214,-0.114105515
118.71999,-27.793919,2.902506,0.20565958
118.74,15.471616,4.184375,0.20565958
118.759995,15.471616,6.1071773,0.5254247
118.78,25.08618,-45.32778,0.20565958
118.799995,15.471616,-4.3080034,-0.2739881
118.82,5.857053,-24.817896,-0.114105515
118.84,29.893461,-7.192207,0.045777034
118.86,-3.7575107,29.18081,-0.114105515
118.88,-22.986637,-10.076411,0.68530726
118.899994,-71.05945,8.991381,0.045777034
118.92,-27.793919,-45.007313,0.045777034
118.939995,15.471616,-15.524351,0.20565958
118.96,-56.637608,-15.203884,0.20565958
118.979996,15.471616,-38.437744,0.36554214
119.0,5.857053,9.472081,0.5254247
119.02,20.278896,21.810066,0.5254247
119.04,-13.372073,6.4276443,0.20565958
119.06,5.857053,-1.7442669,0.20565958
119.079994,5.857053,20.367966,0.045777034
119.1,15.471616,7.0685787,-0.2739881
119.119995,10.664334,22.611235,0.68530726
119.14,15.471616,13.958622,0.5254247
119.159996,29.893461,-14.562949,-0.114105515
119.18,1.049771,-7.833141,0.20565958
119.2,5.857053,-33.790974,-0.114105515
119.21999,-3.7575107,16.362125,0.045777034
119.24,-32.6012,42.159733,0.68530726
119.259995,-13.372073,36.391323,0.5254247
119.28,44.315308,1.3001705,-0.2739881
119.299995,-32.6012,-28.022566,-0.114105515
119.32,1.049771,2.5820389,-0.114105515
119.34,29.893461,5.6264763,0.5254247
119.36,-27.793919,4.825309,-0.114105515
119.38,-8.564792,-1.2635663,-0.114105515
119.399994,5.857053,18.445162,-0.4338706
119.42,-13.372073,1.4604042,-0.114105515
119.439995,1.049771,-50.935955,0.5254247
119.46,-8.564792,-11.83898,0.36554214
119.479996,15.471616,32.385483,0.20565958
119.5,39.508022,22.611235,0.36554214
119.52,5.857053,-28.182798,0.045777034
119.54,44.315308,-32.188637,-0.2739881
119.56,-8.564792,20.047497,0.20565958
119.579994,68.35171,-8.634309,-0.2739881
119.6,-13.372073,-0.7828655,0.045777034
119.619995,10.664334,-7.0319734,0.36554214
119.64,15.471616,-23.856495,0.20565958
119.659996,20.278896,3.0627398,0.5254247
119.68,5.857053,-1.2635663,0.045777034
119.7,-22.986637,16.041658,-0.114105515
119.71999,49.122585,-8.954777,-0.2739881
119.74,-3.7575107,25.49544,0.68530726
119.759995,-8.564792,-12.31968,-0.114105515
119.78,-22.986637,17.483759,0.20565958
119.799995,5.857053,-12.159447,0.20565958
119.82,-3.7575107,32.22525,0.045777034
119.84,-8.564792,-7.672908,0.68530726
119.86,29.893461,-7.672908,0.36554214
119.88,49.122585,-18.408554,-0.2739881
119.899994,-18.179356,13.317687,0.68530726
119.92,-8.564792,-1.1033326,-0.114105515
119.939995,10.664334,-3.9875362,0.36554214
119.96,20.278896,-15.364117,0.20565958
119.979996,-32.6012,-17.126686,0.5254247
120.0,1.049771,-10.557112,0.36554214
120.02,15.471616,-35.393307,-0.114105515
120.04,10.664334,25.335205,0.68530726
120.06,-42.215763,0.81947,-0.114105515
120.079994,10.664334,-54.621323,-0.114105515
120.1,-18.179356,-11.358279,0.20565958
120.119995,29.893461,32.70595,0.8451898
120.14,10.664334,-14.402717,-0.114105515
120.159996,5.857053,18.765629,0.8451898
120.18,1.049771,-5.2694044,0.045777034
120.2,20.278896,-4.14777,0.5254247
120.21999,-99.903145,5.466243,0.20565958
120.24,10.664334,0.33876932,0.36554214
120.259995,-13.372073,14.599556,0.68530726
120.28,-3.7575107,14.920023,0.045777034
120.299995,5.857053,-11.518513,-0.114105515
120.32,10.664334,16.041658,-0.114105515
120.34,-18.179356,4.184375,0.045777034
120.36,-18.179356,22.931702,0.20565958
120.38,-32.6012,-6.3910394,-0.114105515
120.399994,-8.564792,-2.8659017,0.36554214
120.42,1.049771,-11.518513,0.68530726
120.439995,34.700745,9.151615,0.045777034
120.46,1.049771,14.279089,0.68530726
120.479996,-13.372073,14.599556,0.8451898
120.5,-18.179356,14.599556,0.68530726
120.52,1.049771,50.491882,0.36554214
120.54,5.857053,-2.2249672,0.045777034
120.56,20.278896,22.611235,0.045777034
120.579994,5.857053,-4.14777,0.36554214
120.6,10.664334,8.831148,0.20565958
120.619995,29.893461,-6.711507,-0.114105515
120.64,25.08618,-19.369957,-0.114105515
120.659996,10.664334,-49.81432,-0.4338706
120.68,63.54443,-5.589872,0.36554214
120.7,29.893461,-7.192207,0.5254247
120.71999,15.471616,15.400723,0.68530726
120.74,-8.564792,-14.08225,0.36554214
120.759995,25.08618,-5.910339,0.36554214
120.78,29.893461,-12.960614,0.36554214
120.799995,20.278896,-28.503265,-0.114105515
120.82,-3.7575107,9.472081,0.045777034
120.84,-27.793919,-3.6670694,0.5254247
120.86,-3.7575107,-1.7442669,0.20565958
120.88,5.857053,-7.5126743,-0.2739881
120.899994,10.664334,-4.948938,0.20565958
120.92,5.857053,-1.9045002,0.045777034
120.939995,10.664334,0.81947,0.045777034
120.96,-18.179356,13.958622,0.68530726
120.979996,-22.986637,-22.414392,0.5254247
121.0,25.08618,-8.313842,0.045777034
121.02,1.049771,-4.468237,-0.2739881
121.04,25.08618,8.510681,0.045777034
121.06,-32.6012,-2.8659017,0.68530726
121.079994,1.049771,14.439322,0.5254247
121.1,1.049771,-17.286919,0.20565958
121.119995,-3.7575107,-4.6284704,0.045777034
121.14,29.893461,-2.2249672,0.5254247
121.159996,5.857053,-6.711507,0.20565958
121.18,-22.986637,6.7481112,0.36554214
121.2,-51.830326,0.9797035,0.36554214
121.21999,20.278896,-21.933691,0.045777034
121.24,15.471616,9.472081,0.045777034
121.259995,39.508022,-42.603813,0.20565958
121.28,15.471616,-18.248322,0.045777034
121.299995,-3.7575107,-2.385201,0.045777034
121.32,-8.564792,10.27325,0.36554214
121.34,53.92987,26.136374,0.5254247
121.36,10.664334,12.196053,0.20565958
121.38,29.893461,-24.497427,0.36554214
121.399994,-18.179356,-14.242482,0.20565958
121.42,-18.179356,-10.396878,0.5254247
121.439995,-3.7575107,26.296606,0.5254247
121.46,15.471616,32.70595,0.20565958
121.479996,77.96628,-9.59571,0.20565958
121.5,15.471616,26.136374,0.36554214
121.52,34.700745,-35.55354,0.045777034
121.54,-32.6012,2.261572,0.20565958
121.56,20.278896,-8.794542,-0.2739881
121.579994,-90.288574,-10.076411,0.20565958
121.6,-13.372073,-21.132523,0.045777034
121.619995,1.049771,2.1013381,0.045777034
121.64,25.08618,0.49900287,0.20565958
121.659996,10.664334,-25.298595,-0.114105515
121.68,39.508022,31.424084,0.20565958
121.7,-3.7575107,11.074417,0.045777034
121.71999,15.471616,-18.889254,-0.4338706
121.74,25.08618,-4.6284704,-0.114105515
121.759995,44.315308,-28.6635,-0.59375316
121.78,39.508022,0.33876932,-0.4338706
121.799995,25.08618,16.041658,0.045777034
121.82,-32.6012,-1.2635663,0.5254247
121.84,-3.7575107,27.258009,0.20565958
121.86,29.893461,-4.6284704,-0.114105515
121.88,15.471616,-41.161713,0.045777034
121.899994,-8.564792,15.24049,0.20565958
121.92,-22.986637,8.831148,0.20565958
121.939995,-13.372073,-9.435476,-0.2739881
121.96,15.471616,18.284927,-0.2739881
121.979996,25.08618,17.323528,0.5254247
122.0,-8.564792,31.584314,-0.114105515
122.02,-3.7575107,7.8697467,0.045777034
122.04,-32.6012,23.091934,0.5254247
122.06,-18.179356,17.643993,0.20565958
122.079994,5.857053,-5.910339,-0.2739881
122.1,-51.830326,-13.441315,0.20565958
122.119995,68.35171,-1.9045002,-0.114105515
122.14,15.471616,-12.31968,-0.114105515
122.159996,-27.793919,17.804228,0.045777034
122.18,-22.986637,-6.0705724,0.045777034
122.2,-13.372073,-6.3910394,-0.2739881
122.21999,-22.986637,-21.773457,-0.114105515
122.24,-27.793919,-32.188637,0.045777034
122.259995,-22.986637,-9.916177,-0.59375316
122.28,-18.179356,1.6206378,-0.114105515
122.299995,-8.564792,-7.0319734,-0.114105515
122.32,-22.986637,-18.889254,-0.2739881
122.34,20.278896,-18.408554,-0.114105515
122.36,25.08618,-19.690422,-0.4338706
122.38,-8.564792,-18.568789,-0.2739881
122.399994,-18.179356,-32.82957,-0.2739881
122.42,5.857053,12.356286,0.045777034
122.439995,10.664334,50.491882,0.5254247
122.46,1.049771,-7.833141,0.045777034
122.479996,-13.372073,3.7036738,-0.2739881
122.5,20.278896,-14.402717,-0.7536357
122.52,-13.372073,18.445162,0.045777034
122.54,-3.7575107,0.49900287,-0.4338706
122.56,10.664334,8.670914,-0.2739881
122.579994,29.893461,2.902506,0.20565958
122.6,34.700745,4.6650753,-0.4338706
122.619995,-3.7575107,0.49900287,0.045777034
122.64,-3.7575107,67.47665,0.045777034
122.659996,-18.179356,60.105896,0.36554214
122.68,-32.6012,-24.978128,0.36554214
122.7,15.471616,-5.1091714,-0.2739881
122.71999,20.278896,8.02998,0.045777034
122.74,-3.7575107,38.95506,-0.59375316
122.759995,-51.830326,54.177254,-0.4338706
122.78,-42.215763,20.047497,-0.114105515
122.799995,15.471616,7.0685787,-0.4338706
122.82,5.857053,3.7036738,-0.59375316
122.84,53.92987,13.317687,-0.4338706
122.86,-13.372073,27.097775,-0.59375316
122.88,-22.986637,8.831148,-0.114105515
122.899994,5.857053,28.539877,0.045777034
122.92,-22.986637,8.350447,-0.7536357
122.939995,1.049771,-5.1091714,-0.59375316
122.96,-3.7575107,-1.1033326,-0.59375316
122.979996,-3.7575107,-6.230806,-0.2739881
123.0,-37.40848,44.403,-0.114105515
123.02,-13.372073,28.539877,-0.114105515
123.04,-13.372073,-22.73486,-0.7536357
123.06,-18.179356,-4.7887044,-0.114105515
123.079994,10.664334,-8.153608,-0.2739881
123.1,10.664334,-20.01089,-0.59375316
123.119995,-13.372073,3.5434403,0.36554214
123.14,-3.7575107,-1.7442669,0.20565958
123.159996,-3.7575107,-7.833141,0.20565958
123.18,-8.564792,-11.999213,-0.114105515
123.2,1.049771,18.925863,-0.114105515
123.21999,29.893461,37.833427,-0.114105515
123.24,-18.179356,36.551556,-0.4338706
123.259995,10.664334,-11.198046,-0.59375316
123.28,-37.40848,-25.45883,-0.59375316
123.299995,20.278896,17.96446,-0.7536357
123.32,5.857053,7.228812,-0.2739881
123.34,-8.564792,0.49900287,0.045777034
123.36,1.049771,21.169132,0.045777034
123.38,-18.179356,8.190214,-0.4338706
123.399994,-47.023045,-16.485752,-0.7536357
123.42,-8.564792,8.831148,-0.2739881
123.439995,-42.215763,1.139937,-0.59375316
123.46,10.664334,-13.922015,-0.4338706
123.479996,-18.179356,12.8369875,-0.114105515
123.5,25.08618,-16.645985,0.20565958
123.52,49.122585,-16.485752,-0.2739881
123.54,15.471616,-22.574625,-0.114105515
123.56,-8.564792,7.549279,-0.114105515
123.579994,-8.564792,-34.752373,-0.2739881
123.6,-47.023045,-0.46239844,-1.0734009
123.619995,10.664334,10.113016,0.20565958
123.64,44.315308,4.6650753,-0.114105515
123.659996,-18.179356,-39.23891,0.045777034
123.68,5.857053,-0.46239844,-0.114105515
123.7,49.122585,-2.2249672,-0.4338706
123.71999,-3.7575107,31.904783,-0.2739881
123.74,-3.7575107,49.21001,0.36554214
123.759995,1.049771,-5.7501054,0.045777034
123.78,-56.637608,-5.1091714,0.20565958
123.799995,53.92987,-10.877579,-0.2739881
123.82,5.857053,-11.999213,-0.2739881
123.84,-8.564792,8.670914,-0.114105515
123.86,-18.179356,4.825309,0.36554214
123.88,15.471616,-10.557112,0.045777034
123.899994,-8.564792,6.4276443,-0.59375316
123.92,-13.372073,-4.14777,-0.114105515
123.939995,-3.7575107,28.700111,-0.2739881
123.96,-22.986637,6.4276443,-0.2739881
123.979996,-42.215763,1.9411048,-0.2739881
124.0,10.664334,-21.132523,-0.2739881
124.02,-8.564792,-34.27167,-0.2739881
124.04,53.92987,14.759789,0.045777034
124.06,1.049771,31.584314,0.045777034
124.079994,1.049771,6.1071773,0.045777034
124.1,-3.7575107,-18.729021,-0.2739881
124.119995,-13.372073,-11.518513,-0.2739881
124.14,39.508022,8.831148,-0.114105515
124.159996,15.471616,-7.192207,-0.7536357
124.18,-22.986637,1.3001705,-0.59375316
124.2,5.857053,-16.966454,-0.2739881
124.21999,1.049771,-14.562949,-0.2739881
124.24,15.471616,54.337486,0.36554214
124.259995,-71.05945,3.5434403,-0.114105515
124.28,15.471616,-25.93953,-0.7536357
124.299995,-13.372073,-16.966454,-0.4338706
124.32,-18.179356,7.8697467,-0.7536357
124.34,-13.372073,13.317687,-0.114105515
124.36,-3.7575107,4.9855423,-0.114105515
124.38,-8.564792,6.7481112,0.20565958
124.399994,-32.6012,2.7422726,-0.4338706
124.42,-71.05945,16.20189,0.20565958
124.439995,-8.564792,13.477921,-0.59375316
124.46,-56.637608,-20.49159,-0.59375316
124.479996,-8.564792,-10.396878,-0.2739881
124.5,-27.793919,-21.613226,-0.114105515
124.52,-13.372073,-3.3466022,-0.2739881
124.54,-13.372073,-16.325518,-1.0734009
124.56,-18.179356,8.831148,-0.7536357
124.579994,44.315308,8.831148,0.045777034
124.6,29.893461,3.8639073,0.045777034
124.619995,-22.986637,-0.46239844,0.20565958
124.64,-22.986637,-13.922015,-0.4338706
124.659996,-27.793919,9.151615,0.20565958
124.68,-8.564792,-54.140625,-0.59375316
124.7,1.049771,16.842825,-0.114105515
124.71999,-13.372073,9.632316,0.20565958
124.74,-42.215763,-12.800381,-0.4338706
124.759995,10.664334,6.2674108,-0.114105515
124.78,-8.564792,2.261572,-0.4338706
124.799995,29.893461,-3.9875362,0.045777034
124.82,25.08618,10.593717,0.5254247
124.84,-32.6012,32.065014,0.5254247
124.86,-22.986637,17.643993,0.5254247
124.88,-27.793919,-14.242482,-0.2739881
124.899994,15.471616,-10.076411,-0.2739881
124.92,-13.372073,2.261572,-0.114105515
124.939995,1.049771,19.406563,-0.114105515
124.96,-47.023045,11.875586,0.20565958
124.979996,5.857053,-14.402717,0.20565958
125.0,-32.6012,13.157454,0.045777034
125.02,-18.179356,4.9855423,-0.2739881
125.04,-18.179356,27.258009,0.36554214
125.06,15.471616,32.70595,0.045777034
125.079994,49.122585,41.9995,-0.2739881
125.1,-27.793919,1.9411048,-0.4338706
125.119995,20.278896,-28.503265,-0.4338706
125.14,-3.7575107,-4.948938,-0.2739881
125.159996,1.049771,32.866184,0.20565958
125.18,5.857053,16.362125,-0.114105515
125.2,-8.564792,0.6592364,0.5254247
125.21999,1.049771,30.302446,-0.114105515
125.24,5.857053,5.9469438,-0.2739881
125.259995,-3.7575107,6.2674108,-0.2739881
125.28,-51.830326,-5.2694044,0.36554214
125.299995,-37.40848,-16.325518,0.5254247
125.32,5.857053,-8.954777,-0.2739881
125.34,10.664334,10.113016,0.045777034
125.36,-32.6012,64.432205,0.5254247
125.38,-18.179356,15.560958,-0.114105515
125.399994,10.664334,-15.203884,-0.114105515
125.42,-8.564792,-34.431904,-0.2739881
125.439995,15.471616,15.72119,-0.2739881
125.46,15.471616,28.700111,0.36554214
125.479996,34.700745,-30.1056,-0.2739881
125.5,-22.986637,-23.856495,0.36554214
125.52,-3.7575107,1.7808713,0.20565958
125.54,-3.7575107,20.848665,1.0050724
125.56,1.049771,7.549279,0.68530726
125.579994,15.471616,-17.447153,-0.114105515
125.6,25.08618,16.362125,-0.114105515
125.619995,10.664334,7.3890457,-0.2739881
125.64,-3.7575107,14.599556,0.5254247
125.659996,15.471616,-2.5454345,0.20565958
125.68,10.664334,4.6650753,0.20565958
125.7,-18.179356,29.661512,0.8451898
125.71999,25.08618,0.17853576,0.5254247
125.74,-18.179356,-28.983965,-0.2739881
125.759995,-42.215763,-7.192207,0.36554214
125.78,-3.7575107,-3.9875362,0.5254247
125.799995,5.857053,41.198334,0.68530726
125.82,20.278896,25.655672,0.5254247
125.84,34.700745,-16.645985,0.36554214
125.86,25.08618,-0.46239844,0.045777034
125.88,-13.372073,0.6592364,0.5254247
125.899994,-47.023045,23.893103,0.68530726
125.92,5.857053,32.065014,0.5254247
125.939995,20.278896,13.958622,1.0050724
125.96,1.049771,-5.7501054,0.8451898
125.979996,25.08618,-21.292757,0.5254247
126.0,39.508022,-15.364117,0.36554214
126.02,15.471616,45.043938,1.0050724
126.04,10.664334,23.412403,0.36554214
126.06,-3.7575107,3.0627398,0.5254247
126.079994,5.857053,-13.281082,-0.114105515
126.1,-13.372073,4.6650753,0.36554214
126.119995,-13.372073,-3.5068357,-0.2739881
126.14,5.857053,1.139937,0.20565958
126.159996,44.315308,-34.912605,0.5254247
126.18,1.049771,-28.343033,0.045777034
126.2,-56.637608,2.902506,0.045777034
126.21999,10.664334,-22.895092,0.045777034
126.24,20.278896,-28.503265,0.36554214
126.259995,1.049771,51.933983,0.68530726
126.28,34.700745,12.356286,0.5254247
126.299995,44.315308,2.5820389,0.20565958
126.32,25.08618,-24.497427,0.045777034
126.34,1.049771,-0.46239844,-0.4338706
126.36,-32.6012,3.0627398,0.20565958
126.38,-13.372073,-13.281082,-0.2739881
126.399994,29.893461,2.4218054,-0.59375316
126.42,-3.7575107,6.1071773,0.20565958
126.439995,-13.372073,-16.80622,0.045777034
126.46,-27.793919,-5.2694044,0.20565958
126.479996,-8.564792,-3.3466022,0.20565958
126.5,-61.44489,3.5434403,0.045777034
126.52,-8.564792,56.420525,0.20565958
126.54,10.664334,22.451,0.36554214
126.56,29.893461,-11.678746,0.045777034
126.579994,20.278896,-7.352441,0.5254247
126.6,-47.023045,-11.999213,0.20565958
126.619995,-13.372073,-20.972292,0.045777034
126.64,49.122585,-11.037811,0.36554214
126.659996,1.049771,-19.850657,0.5254247
126.68,1.049771,10.914185,0.20565958
126.7,39.508022,5.78671,0.045777034
126.71999,-18.179356,9.952783,-0.114105515
126.74,-3.7575107,21.4896,0.20565958
126.759995,15.471616,1.9411048,-0.114105515
126.78,-13.372073,-9.435476,0.045777034
126.799995,5.857053,-9.916177,-0.114105515
126.82,49.122585,-20.651823,0.045777034
126.84,-32.6012,62.509403,1.0050724
126.86,1.049771,-11.999213,0.20565958
126.88,-8.564792,-1.9045002,-0.4338706
126.899994,20.278896,-6.3910394,0.20565958
126.92,-3.7575107,11.875586,0.20565958
126.939995,-8.564792,-15.524351,0.20565958
126.96,-13.372073,-29.1442,0.045777034
126.979996,-32.6012,-5.589872,0.045777034
127.0,34.700745,-1.5840333,-0.2739881
127.02,5.857053,3.7036738,-0.114105515
127.04,63.54443,0.9797035,-0.114105515
127.06,-37.40848,22.290768,0.20565958
127.079994,15.471616,-0.30216488,0.36554214
127.1,5.857053,-40.841244,-0.2739881
127.119995,-8.564792,49.21001,0.045777034
127.14,73.159,0.17853576,-0.114105515
127.159996,5.857053,29.821747,0.20565958
127.18,-22.986637,34.78899,0.045777034
127.2,-3.7575107,-7.993375,0.045777034
127.21999,1.049771,2.5820389,0.20565958
127.24,-27.793919,25.815907,0.20565958
127.259995,10.664334,47.126976,0.20565958
127.28,-27.793919,-7.192207,-0.114105515
127.299995,1.049771,23.252169,-0.114105515
127.32,10.664334,-4.14777,-0.114105515
127.34,10.664334,5.9469438,-0.4338706
127.36,10.664334,37.032257,0.5254247
127.38,-22.986637,4.3446083,0.5254247
127.399994,10.664334,-7.993375,0.36554214
127.42,-18.179356,6.7481112,0.045777034
127.439995,5.857053,-7.5126743,0.20565958
127.46,1.049771,-31.227234,0.045777034
127.479996,20.278896,-8.794542,0.20565958
127.5,-32.6012,26.136374,0.045777034
127.52,-51.830326,-1.7442669,-0.114105515
127.54,-32.6012,-19.530188,-0.2739881
127.56,25.08618,-12.479914,0.20565958
127.579994,-47.023045,-7.0319734,0.045777034
127.6,10.664334,-34.912605,-0.114105515
127.619995,1.049771,6.1071773,-0.114105515
127.64,-13.372073,-25.298595,0.20565958
127.659996,1.049771,-31.227234,-0.4338706
127.68,44.315308,-27.38163,0.20565958
127.7,-8.564792,-19.690422,0.20565958
127.71999,-22.986637,-10.717345,-0.2739881
127.74,-18.179356,9.792548,-0.114105515
127.759995,-18.179356,18.124695,-0.114105515
127.78,10.664334,9.952783,-0.114105515
127.799995,-13.372073,44.403,-0.114105515
127.82,-13.372073,-7.833141,0.045777034
127.84,-56.637608,-13.441315,0.045777034
127.86,-22.986637,12.196053,0.5254247
127.88,15.471616,-16.645985,0.045777034
127.899994,-32.6012,-28.503265,-0.4338706
127.92,10.664334,5.3060093,-0.114105515
127.939995,20.278896,-9.916177,0.36554214
127.96,-8.564792,12.99722,0.36554214
127.979996,-37.40848,28.21941,0.68530726
128.0,5.857053,-43.084515,0.20565958
128.02,-18.179356,-20.49159,-0.2739881
128.04,-8.564792,15.560958,0.36554214
128.06,15.471616,-14.402717,0.20565958
128.08,15.471616,16.20189,0.20565958
128.09999,25.08618,-9.275244,0.36554214
128.12,-8.564792,-5.589872,0.045777034
128.14,25.08618,-44.68685,-0.59375316
128.16,10.664334,-4.948938,-0.114105515
128.18,49.122585,-16.966454,0.36554214
128.2,-18.179356,-39.23891,0.20565958
128.22,-18.179356,5.9469438,0.68530726
128.23999,-42.215763,-8.954777,0.8451898
128.26,34.700745,-25.45883,0.045777034
128.28,-27.793919,-18.729021,0.36554214
128.3,-13.372073,-7.993375,0.045777034
128.31999,-18.179356,-1.9045002,-0.114105515
128.34,5.857053,3.7036738,0.5254247
128.36,5.857053,-25.779295,0.5254247
128.37999,63.54443,-8.474075,0.20565958
128.4,68.35171,3.3832066,-0.114105515
128.42,-18.179356,24.534037,0.20565958
128.44,5.857053,16.52236,0.20565958
128.45999,-22.986637,12.51652,0.36554214
128.48,5.857053,-35.874004,-0.114105515
128.5,-3.7575107,-24.016727,0.045777034
128.52,39.508022,2.7422726,0.045777034
128.54,-13.372073,-3.6670694,0.20565958
128.56,10.664334,19.566797,0.045777034
128.58,25.08618,-2.8659017,-0.114105515
128.59999,5.857053,-32.669334,0.20565958
128.62,15.471616,-22.73486,0.045777034
128.64,15.471616,21.649834,-0.114105515
128.66,68.35171,-5.7501054,-0.4338706
128.68,1.049771,-9.916177,-0.4338706
128.7,-8.564792,1.9411048,0.045777034
128.72,-66.25217,8.350447,0.20565958
128.73999,25.08618,18.765629,-0.2739881
128.76,10.664334,-0.62263197,-0.4338706
128.78,1.049771,13.477921,-0.4338706
128.8,1.049771,0.17853576,-0.4338706
128.81999,53.92987,-10.877579,-0.114105515
128.84,1.049771,-10.877579,-0.2739881
128.86,1.049771,-29.785133,-0.2739881
128.87999,15.471616,-5.7501054,0.045777034
128.9,-13.372073,4.825309,0.5254247
128.92,10.664334,-13.281082,-0.4338706
128.94,-13.372073,28.700111,0.045777034
128.95999,10.664334,26.617075,0.5254247
128.98,34.700745,4.504842,0.045777034
129.0,-75.86674,-27.862331,-0.4338706
129.02,15.471616,11.074417,-0.4338706
129.04,-18.179356,-2.385201,0.20565958
129.06,-18.179356,9.311849,0.5254247
129.08,10.664334,0.49900287,0.36554214
129.09999,15.471616,-29.304434,-0.4338706
129.12,25.08618,4.3446083,0.045777034
129.14,5.857053,-11.037811,0.36554214
129.16,-32.6012,-5.910339,-0.114105515
129.18,-42.215763,18.445162,-0.114105515
129.2,49.122585,21.9703,-0.2739881
129.22,20.278896,0.49900287,0.045777034
129.23999,15.471616,1.9411048,0.36554214
129.26,-3.7575107,31.744547,0.20565958
129.28,-42.215763,-11.518513,-0.4338706
129.3,-22.986637,6.5878778,-0.59375316
129.31999,-8.564792,-9.755944,-0.114105515
129.34,34.700745,-5.429638,-0.114105515
129.36,-3.7575107,4.6650753,-0.59375316
129.37999,-3.7575107,5.145776,-0.114105515
129.4,15.471616,-3.026135,-0.2739881
129.42,68.35171,-10.396878,-0.4338706
129.44,-22.986637,6.908345,0.20565958
129.45999,5.857053,-10.717345,-0.59375316
129.48,49.122585,-2.2249672,0.045777034
129.5,-3.7575107,5.78671,-0.2739881
129.52,-3.7575107,2.1013381,0.045777034
129.54,5.857053,-12.960614,-0.4338706
129.56,15.471616,7.228812,-0.4338706
129.58,-8.564792,-13.601548,-1.0734009
129.59999,-8.564792,-3.5068357,-0.114105515
129.62,29.893461,19.406563,0.36554214
129.64,-18.179356,-7.833141,-0.114105515
129.66,63.54443,15.400723,-0.59375316
129.68,-3.7575107,15.400723,-0.7536357
129.7,-22.986637,-13.922015,-0.4338706
129.72,15.471616,10.433483,-0.114105515
129.73999,-8.564792,4.6650753,-0.114105515
129.76,-13.372073,-3.5068357,0.20565958
129.78,15.471616,-36.194473,-0.9135183
129.8,1.049771,22.611235,-0.114105515
129.81999,-51.830326,-28.983965,-0.2739881
129.84,-32.6012,27.578474,-0.2739881
129.86,-27.793919,18.605394,-0.114105515
129.87999,20.278896,23.412403,0.045777034
129.9,-8.564792,13.157454,-0.114105515
129.92,-66.25217,20.047497,-0.4338706
129.94,-8.564792,0.018302217,-0.4338706
129.95999,10.664334,-7.352441,-0.2739881
129.98,-8.564792,30.783146,0.5254247
130.0,1.049771,-3.827303,0.20565958
130.02,1.049771,-20.651823,-0.4338706
130.04,-42.215763,-2.2249672,-0.59375316
130.06,-18.179356,5.466243,-0.4338706
130.08,1.049771,1.6206378,-0.2739881
130.09999,1.049771,-45.488014,-0.2739881
130.12,1.049771,13.157454,-0.2739881
130.14,-37.40848,1.139937,0.20565958
130.16,34.700745,33.186653,-0.2739881
130.18,-3.7575107,12.356286,0.20565958
130.2,5.857053,-23.21556,-0.4338706
130.22,-61.44489,32.385483,0.045777034
130.23999,-18.179356,-22.093925,-0.7536357
130.26,-13.372073,12.196053,-0.59375316
130.28,-22.986637,7.228812,-0.114105515
130.3,-47.023045,6.2674108,0.045777034
130.31999,5.857053,8.350447,0.045777034
130.34,5.857053,-5.1091714,0.20565958
130.36,39.508022,8.510681,0.045777034
130.37999,1.049771,8.670914,0.20565958
130.4,-3.7575107,29.821747,-0.2739881
130.42,-22.986637,-12.31968,-0.114105515
130.44,5.857053,3.5434403,-0.2739881
130.45999,-3.7575107,-11.198046,0.045777034
130.48,5.857053,28.21941,0.36554214
130.5,53.92987,-0.14193134,-0.114105515
130.52,-3.7575107,0.49900287,0.045777034
130.54,-18.179356,-41.00148,-0.4338706
130.56,-8.564792,-0.9430991,-0.2739881
130.58,15.471616,45.68487,0.5254247
130.59999,34.700745,12.676753,0.045777034
130.62,-8.564792,1.9411048,0.045777034
130.64,10.664334,-3.9875362,-0.114105515
130.66,34.700745,12.51652,-0.2739881
130.68,1.049771,17.00306,0.20565958
130.7,10.664334,7.0685787,-0.59375316
130.72,-13.372073,-11.678746,-0.4338706
130.73999,-47.023045,-0.14193134,-0.59375316
130.76,10.664334,11.394884,0.045777034
130.78,15.471616,6.2674108,0.045777034
130.8,53.92987,-9.115009,-0.2739881
130.81999,-32.6012,-9.755944,-0.4338706
130.84,5.857053,-0.30216488,0.045777034
130.86,20.278896,2.5820389,0.045777034
130.87999,-8.564792,-37.31611,-0.2739881
130.9,-8.564792,1.3001705,-0.2739881
130.92,1.049771,-35.07284,0.20565958
130.94,-3.7575107,-54.781555,-0.2739881
130.95999,1.049771,-7.672908,-0.2739881
130.98,-27.793919,-25.779295,0.045777034
131.0,34.700745,28.539877,-0.114105515
131.02,-3.7575107,35.42992,0.20565958
131.04,-13.372073,-5.589872,-0.114105515
131.06,-8.564792,-5.589872,-0.2739881
131.08,-18.179356,-50.775723,0.20565958
131.09999,-18.179356,19.406563,-0.114105515
131.12,10.664334,5.9469438,-0.4338706
131.14,1.049771,17.163294,-0.4338706
131.16,5.857053,-28.343033,-0.114105515
131.18,-8.564792,-16.165285,-0.114105515
131.2,53.92987,72.76435,-0.114105515
131.22,-3.7575107,0.33876932,-0.4338706
131.23999,39.508022,-7.993375,-0.2739881
131.26,-47.023045,-16.005053,0.20565958
131.28,-27.793919,0.6592364,0.20565958
131.3,-13.372073,4.504842,-0.2739881
131.31999,10.664334,17.96446,-0.4338706
131.34,10.664334,-0.14193134,0.045777034
131.36,-13.372073,56.260292,-0.2739881
131.37999,-18.179356,-22.73486,-0.4338706
131.4,39.508022,-8.313842,-0.4338706
131.42,-8.564792,-41.48218,-0.59375316
131.44,15.471616,-6.711507,0.20565958
131.45999,15.471616,17.483759,0.20565958
131.48,20.278896,-24.657661,-0.2739881
131.5,-22.986637,1.6206378,0.045777034
131.52,1.049771,-24.497427,0.20565958
131.54,1.049771,-1.7442669,0.20565958
131.56,5.857053,-10.396878,0.045777034
131.58,-3.7575107,9.632316,0.5254247
131.59999,10.664334,0.018302217,0.20565958
131.62,-3.7575107,-33.951202,0.36554214
131.64,49.122585,-43.88568,0.045777034
131.66,-8.564792,3.2229733,0.045777034
131.68,-13.372073,12.356286,0.68530726
131.7,53.92987,-18.889254,-0.114105515
131.72,10.664334,-8.794542,-0.59375316
131.73999,-3.7575107,-3.6670694,-0.4338706
131.76,-27.793919,8.02998,0.045777034
131.78,15.471616,5.6264763,0.68530726
131.8,-47.023045,16.362125,0.20565958
131.81999,10.664334,-16.485752,-0.2739881
131.84,1.049771,9.311849,-0.4338706
131.86,-13.372073,41.839264,-0.2739881
131.87999,1.049771,-8.634309,0.20565958
131.9,92.38812,-5.2694044,0.20565958
131.92,34.700745,-5.429638,0.045777034
131.94,-22.986637,-0.46239844,0.20565958
131.95999,29.893461,-23.21556,-0.4338706
131.98,1.049771,-27.061165,-0.4338706
132.0,-18.179356,24.213572,0.36554214
132.02,10.664334,-5.2694044,0.045777034
132.04,10.664334,52.254448,0.045777034
132.06,-42.215763,20.528198,0.045777034
132.08,15.471616,-4.7887044,-0.114105515
132.09999,-3.7575107,12.035819,-0.2739881
132.12,-27.793919,-3.026135,0.20565958
132.14,5.857053,12.99722,0.045777034
132.16,1.049771,1.6206378,0.5254247
132.18,15.471616,-3.9875362,-0.59375316
132.2,-13.372073,-16.485752,0.20565958
132.22,1.049771,1.6206378,0.20565958
132.23999,29.893461,13.958622,0.5254247
132.26,1.049771,25.335205,0.045777034
132.28,10.664334,9.151615,-0.114105515
132.3,5.857053,-10.236644,0.36554214
132.31999,1.049771,12.676753,0.36554214
132.34,25.08618,-5.910339,-0.114105515
132.36,10.664334,17.323528,0.20565958
132.37999,5.857053,-6.711507,0.36554214
132.4,20.278896,-35.233074,0.045777034
132.42,-27.793919,-27.541864,0.045777034
132.44,15.471616,-5.589872,0.20565958
132.45999,34.700745,40.717632,0.5254247
132.48,63.54443,-16.80622,0.045777034
132.5,1.049771,3.0627398,0.68530726
132.52,44.315308,-10.557112,0.36554214
132.54,-8.564792,14.920023,0.20565958
132.56,-18.179356,-20.651823,-0.114105515
132.58,10.664334,-16.325518,0.36554214
132.59999,5.857053,1.9411048,0.68530726
132.62,5.857053,3.7036738,0.5254247
132.64,15.471616,13.958622,0.20565958
132.66,25.08618,10.75395,0.5254247
132.68,10.664334,-15.524351,0.36554214
132.7,-18.179356,-23.21556,0.36554214
132.72,15.471616,0.17853576,1.0050724
132.73999,34.700745,12.196053,0.36554214
132.76,-37.40848,-63.594402,0.68530726
132.78,10.664334,0.33876932,0.68530726
132.8,20.278896,13.958622,0.20565958
132.81999,10.664334,-24.016727,0.8451898
132.84,-47.023045,34.148052,0.20565958
132.86,1.049771,2.902506,0.36554214
132.87999,-27.793919,-34.111435,0.20565958
132.9,-8.564792,4.504842,0.36554214
132.92,20.278896,9.792548,0.5254247
132.94,63.54443,-0.7828655,0.5254247
132.95999,5.857053,-19.530188,0.68530726
132.98,25.08618,-15.524351,0.8451898
133.0,-3.7575107,-16.325518,0.20565958
133.02,10.664334,44.403,0.36554214
133.04,-22.986637,-0.46239844,0.36554214
133.06,20.278896,16.041658,0.5254247
133.08,25.08618,36.070858,0.68530726
133.09999,10.664334,21.4896,0.8451898
133.12,20.278896,5.9469438,0.5254247
133.14,-32.6012,-8.153608,0.68530726
133.16,29.893461,13.638155,0.36554214
133.18,63.54443,-43.40498,0.045777034
133.2,25.08618,-13.120848,-0.2739881
133.22,25.08618,23.252169,0.68530726
133.23999,-27.793919,19.406563,0.36554214
133.26,-22.986637,3.2229733,0.36554214
133.28,10.664334,8.02998,0.045777034
133.3,116.42453,5.78671,0.36554214
133.31999,29.893461,6.5878778,0.5254247
133.34,20.278896,4.3446083,0.8451898
133.36,34.700745,-20.812057,0.68530726
133.37999,-3.7575107,-22.414392,-0.114105515
133.4,25.08618,-20.812057,-0.114105515
133.42,-27.793919,-34.431904,0.20565958
133.44,10.664334,4.6650753,0.5254247
133.45999,-13.372073,-8.794542,0.68530726
133.48,-37.40848,5.6264763,0.5254247
133.5,44.315308,-21.452991,0.045777034
133.52,-42.215763,-15.203884,0.20565958
133.54,15.471616,-18.248322,0.20565958
133.56,-3.7575107,6.908345,0.20565958
133.58,39.508022,8.02998,0.5254247
133.59999,-18.179356,-27.702099,0.5254247
133.62,5.857053,-12.31968,0.20565958
133.64,-71.05945,17.483759,0.36554214
133.66,-8.564792,-12.640147,0.20565958
133.68,44.315308,-13.441315,0.20565958
133.7,5.857053,6.908345,0.8451898
133.72,-3.7575107,9.472081,0.8451898
133.73999,10.664334,18.925863,0.36554214
133.76,25.08618,-30.906769,-0.2739881
133.78,15.471616,2.4218054,0.045777034
133.8,39.508022,-23.21556,0.045777034
133.81999,5.857053,3.8639073,0.68530726
133.84,1.049771,-18.248322,1.164955
133.86,15.471616,-14.883417,0.5254247
133.87999,-3.7575107,37.352726,0.68530726
133.9,10.664334,10.75395,0.36554214
133.92,-13.372073,-15.04365,0.8451898
133.94,15.471616,-16.325518,0.68530726
133.95999,5.857053,16.682592,0.68530726
133.98,-3.7575107,5.9469438,0.5254247
134.0,1.049771,-9.275244,0.68530726
134.02,-47.023045,11.234652,0.5254247
134.04,-18.179356,6.7481112,0.5254247
134.06,20.278896,7.549279,0.36554214
134.08,-3.7575107,16.041658,0.36554214
134.09999,-27.793919,34.949223,0.5254247
134.12,10.664334,3.3832066,0.36554214
134.14,-22.986637,15.560958,0.5254247
134.16,20.278896,11.715352,0.36554214
134.18,1.049771,-2.7056682,1.0050724
134.2,15.471616,-38.75821,0.5254247
134.22,-8.564792,0.9797035,0.68530726
134.23999,5.857053,32.70595,0.20565958
134.26,25.08618,0.49900287,0.68530726
134.28,1.049771,-32.34887,-0.114105515
134.3,5.857053,-16.485752,-0.2739881
134.31999,-8.564792,-7.352441,0.045777034
134.34,1.049771,25.174973,0.5254247
134.36,1.049771,-3.827303,0.5254247
134.37999,20.278896,-13.761782,0.20565958
134.4,10.664334,-41.802643,0.20565958
134.42,10.664334,-1.9045002,0.68530726
134.44,1.049771,-25.779295,0.045777034
134.45999,5.857053,-20.01089,0.68530726
134.48,20.278896,0.018302217,0.36554214
134.5,-18.179356,-19.209723,0.045777034
134.52,10.664334,-5.910339,0.045777034
134.54,1.049771,-10.076411,-0.114105515
134.56,-32.6012,32.866184,1.0050724
134.58,5.857053,-9.275244,0.5254247
134.59999,-27.793919,8.190214,0.36554214
134.62,15.471616,-33.790974,-0.2739881
134.64,-22.986637,10.75395,0.8451898
134.66,-8.564792,6.5878778,0.20565958
134.68,-8.564792,17.483759,0.20565958
134.7,-3.7575107,49.21001,1.0050724
134.72,77.96628,-1.1033326,-0.114105515
134.73999,1.049771,31.584314,-0.114105515
134.76,-22.986637,-36.03424,-0.114105515
134.78,29.893461,-38.27751,-0.114105515
134.8,-13.372073,-7.192207,0.20565958
134.81999,5.857053,-11.83898,0.20565958
134.84,25.08618,-32.188637,0.68530726
134.86,-8.564792,10.914185,0.045777034
134.87999,15.471616,13.477921,0.5254247
134.9,-3.7575107,-61.671597,-0.59375316
134.92,10.664334,0.17853576,-0.114105515
134.94,-32.6012,-14.08225,0.68530726
134.95999,-47.023045,-24.978128,-0.2739881
134.98,1.049771,8.190214,0.68530726
135.0,25.08618,-6.0705724,0.045777034
135.02,5.857053,-39.559376,-0.114105515
135.04,34.700745,-3.3466022,-0.114105515
135.06,1.049771,-9.59571,0.5254247
135.08,34.700745,12.676753,0.20565958
135.09999,1.049771,-17.286919,0.045777034
135.12,-22.986637,-11.518513,-0.114105515
135.14,82.77356,-16.005053,-0.114105515
135.16,15.471616,4.6650753,0.045777034
135.18,1.049771,45.68487,0.5254247
135.2,-27.793919,5.9469438,0.20565958
135.22,-51.830326,12.196053,0.20565958
135.23999,-37.40848,12.99722,-0.114105515
135.26,-18.179356,-10.396878,-0.2739881
135.28,5.857053,6.908345,-0.2739881
135.3,-27.793919,-5.1091714,-0.2739881
135.31999,10.664334,-15.364117,-0.4338706
135.34,25.08618,-36.354706,-1.0734009
135.36,15.471616,-16.165285,-0.2739881
135.37999,44.315308,-3.6670694,-0.59375316
135.4,-27.793919,6.2674108,-0.4338706
135.42,39.508022,40.877865,-0.2739881
135.44,-22.986637,-46.930115,-0.59375316
135.45999,15.471616,-18.088087,-0.59375316
135.48,29.893461,-13.120848,-0.114105515
135.5,1.049771,0.33876932,0.20565958
135.52,-8.564792,9.792548,-0.2739881
135.54,-8.564792,-18.088087,0.045777034
135.56,-8.564792,-28.983965,-0.9135183
135.58,25.08618,-19.850657,-0.7536357
135.59999,20.278896,8.02998,0.5254247
135.62,5.857053,12.676753,0.045777034
135.64,-3.7575107,-2.385201,-0.4338706
135.66,-22.986637,13.317687,0.36554214
135.68,10.664334,-11.198046,-0.4338706
135.7,-8.564792,5.466243,0.045777034
135.72,-3.7575107,-19.049488,-0.4338706
135.73999,34.700745,16.682592,-0.4338706
135.76,39.508022,22.931702,0.20565958
135.78,25.08618,16.041658,0.045777034
135.8,-8.564792,2.4218054,0.20565958
135.81999,1.049771,-24.657661,-0.2739881
135.84,10.664334,-2.2249672,0.36554214
135.86,25.08618,-10.396878,-0.114105515
135.87999,25.08618,34.148052,-0.114105515
135.9,5.857053,9.792548,0.045777034
135.92,-22.986637,-10.396878,-0.4338706
135.94,-18.179356,-11.999213,-0.7536357
135.95999,-47.023045,-7.192207,-1.0734009
135.98,-13.372073,-6.3910394,-0.9135183
136.0,-18.179356,-6.8717403,-0.4338706
136.02,1.049771,3.0627398,-0.2739881
136.04,5.857053,2.261572,0.045777034
136.06,10.664334,-1.4237996,-0.2739881
136.08,1.049771,-28.022566,-0.114105515
136.09999,29.893461,-14.402717,0.20565958
136.12,-42.215763,-0.14193134,-0.114105515
136.14,15.471616,-21.773457,0.045777034
136.16,-18.179356,-24.497427,-0.59375316
136.18,-22.986637,2.1013381,-0.7536357
136.2,-13.372073,32.70595,-0.114105515
136.22,5.857053,5.78671,-0.59375316
136.23999,-13.372073,19.406563,0.36554214
136.26,1.049771,-9.916177,-0.114105515
136.28,-3.7575107,27.258009,0.045777034
136.3,-3.7575107,-28.6635,-0.7536357
136.31999,-22.986637,-38.27751,-0.2739881
136.34,1.049771,2.4218054,-0.2739881
136.36,15.471616,6.908345,-0.4338706
136.37999,-22.986637,-34.431904,-0.2739881
136.4,1.049771,8.510681,-0.2739881
136.42,68.35171,-11.83898,-0.4338706
136.44,25.08618,18.605394,-0.2739881
136.45999,-8.564792,-1.1033326,-0.59375316
136.48,58.737152,-18.568789,-0.7536357
136.5,-3.7575107,-10.557112,-0.114105515
136.52,20.278896,-29.785133,0.20565958
136.54,-18.179356,-5.429638,-0.4338706
136.56,10.664334,-7.833141,-0.2739881
136.58,29.893461,-6.8717403,-0.7536357
136.59999,-22.986637,27.898943,-0.4338706
136.62,-32.6012,7.549279,0.20565958
136.64,10.664334,18.124695,0.36554214
136.66,53.92987,25.335205,0.045777034
136.68,-42.215763,-9.115009,0.045777034
136.7,-3.7575107,-0.9430991,0.5254247
136.72,5.857053,-37.79681,-0.2739881
136.73999,-8.564792,20.047497,-0.114105515
136.76,20.278896,2.7422726,-0.2739881
136.78,-32.6012,-22.574625,-0.4338706
136.8,5.857053,-20.49159,-0.114105515
136.81999,-47.023045,25.655672,0.68530726
136.84,-27.793919,7.709513,0.045777034
136.86,53.92987,-5.1091714,0.045777034
136.87999,-8.564792,8.190214,-0.2739881
136.9,-37.40848,-31.547703,0.20565958
136.92,25.08618,7.549279,-0.4338706
136.94,29.893461,-5.7501054,-0.4338706
136.95999,49.122585,53.376087,-0.4338706
136.98,-22.986637,-5.2694044,-0.2739881
137.0,15.471616,0.018302217,0.045777034
137.02,-3.7575107,-2.2249672,0.20565958
137.04,5.857053,13.157454,0.36554214
137.06,44.315308,-4.14777,0.5254247
137.08,25.08618,-25.298595,0.045777034
137.09999,5.857053,10.593717,0.20565958
137.12,39.508022,-32.5091,0.20565958
137.14,-3.7575107,11.074417,-0.114105515
137.16,20.278896,-9.916177,-0.2739881
137.18,15.471616,-30.426067,0.36554214
137.2,-8.564792,-24.016727,0.68530726
137.22,-22.986637,-32.028404,0.20565958
137.23999,-32.6012,8.510681,0.5254247
137.26,1.049771,-13.761782,0.045777034
137.28,-32.6012,6.4276443,0.20565958
137.3,-32.6012,-6.5512733,-0.114105515
137.31999,1.049771,10.75395,-0.2739881
137.34,-3.7575107,14.920023,0.20565958
137.36,-32.6012,20.047497,-0.114105515
137.37999,-22.986637,27.898943,0.5254247
137.4,-8.564792,0.17853576,0.20565958
137.42,-8.564792,15.881425,0.36554214
137.44,15.471616,13.157454,0.5254247
137.45999,1.049771,3.3832066,-0.4338706
137.48,-8.564792,12.8369875,0.045777034
137.5,63.54443,-16.80622,0.20565958
137.52,25.08618,-12.640147,0.045777034
137.54,-3.7575107,7.0685787,0.045777034
137.56,-13.372073,41.038097,-0.114105515
137.58,-37.40848,24.053337,0.20565958
137.59999,-13.372073,10.433483,-0.59375316
137.62,-32.6012,21.4896,0.045777034
137.64,53.92987,12.51652,-0.114105515
137.66,15.471616,20.047497,-0.114105515
137.68,-8.564792,23.893103,0.68530726
137.7,49.122585,-40.360542,-0.114105515
137.72,1.049771,-11.358279,0.36554214
137.73999,1.049771,3.2229733,-0.2739881
137.76,5.857053,0.17853576,-0.114105515
137.78,1.049771,-0.30216488,0.045777034
137.8,-27.793919,-15.684585,0.20565958
137.81999,1.049771,-6.0705724,0.5254247
137.84,10.664334,9.952783,0.045777034
137.86,29.893461,20.047497,0.045777034
137.87999,15.471616,-19.850657,-0.114105515
137.9,1.049771,30.302446,-0.114105515
137.92,-3.7575107,-11.678746,-0.2739881
137.94,58.737152,3.2229733,-0.2739881
137.95999,-3.7575107,13.477921,0.20565958
137.98,15.471616,1.139937,-0.2739881
138.0,1.049771,-8.313842,-0.114105515
138.02,25.08618,7.3890457,-0.4338706
138.04,-13.372073,13.477921,0.5254247
138.06,-22.986637,27.258009,-0.114105515
138.08,-56.637608,53.856785,0.36554214
138.09999,15.471616,-0.9430991,-0.4338706
138.12,25.08618,-56.544125,-0.2739881
138.14,10.664334,-25.93953,-0.4338706
138.16,5.857053,-5.429638,-0.2739881
138.18,15.471616,20.207731,-0.2739881
138.2,-66.25217,-31.227234,-0.114105515
138.22,1.049771,-6.3910394,-0.2739881
138.23999,-8.564792,-15.04365,-0.114105515
138.26,5.857053,-21.132523,0.045777034
138.28,-18.179356,-1.5840333,0.20565958
138.3,25.08618,2.5820389,0.5254247
138.31999,20.278896,-2.7056682,-0.4338706
138.34,-51.830326,-10.717345,0.20565958
138.36,10.664334,-34.27167,-0.114105515
138.37999,-13.372073,-12.31968,0.045777034
138.4,29.893461,-9.115009,-0.114105515
138.42,10.664334,-11.518513,0.045777034
138.44,15.471616,19.406563,-0.114105515
138.45999,1.049771,9.792548,-0.114105515
138.48,34.700745,3.0627398,-0.114105515
138.5,-32.6012,22.611235,0.68530726
138.52,1.049771,-4.3080034,0.36554214
138.54,-47.023045,20.367966,0.36554214
138.56,10.664334,32.065014,0.045777034
138.58,5.857053,7.8697467,-0.4338706
138.59999,49.122585,-21.132523,-0.2739881
138.62,-3.7575107,-5.1091714,-0.4338706
138.64,-8.564792,-27.702099,-0.114105515
138.66,15.471616,-56.22366,-0.2739881
138.68,49.122585,15.080256,0.20565958
138.7,-13.372073,18.445162,0.045777034
138.72,-22.986637,-32.669334,0.045777034
138.73999,-8.564792,-26.42023,-0.114105515
138.76,5.857053,-20.01089,0.045777034
138.78,10.664334,-12.31968,0.68530726
138.8,44.315308,7.709513,-0.59375316
138.81999,-27.793919,33.827583,0.045777034
138.84,10.664334,-6.3910394,-0.114105515
138.86,5.857053,9.632316,0.045777034
138.87999,1.049771,27.097775,0.36554214
138.9,-8.564792,-14.242482,-0.9135183
138.92,-13.372073,-17.286919,-0.59375316
138.94,20.278896,-8.313842,-0.114105515
138.95999,-8.564792,26.777308,-0.114105515
138.98,5.857053,-1.9045002,0.20565958
139.0,73.159,23.572638,0.5254247
139.02,5.857053,0.018302217,0.68530726
139.04,53.92987,33.50712,0.20565958
139.06,25.08618,-3.6670694,-0.4338706
139.08,34.700745,19.086096,0.36554214
139.09999,5.857053,-5.429638,-0.114105515
139.12,5.857053,-5.429638,-0.114105515
139.14,20.278896,-7.833141,0.68530726
139.16,25.08618,11.715352,0.045777034
139.18,-13.372073,-4.7887044,0.20565958
139.2,-8.564792,-21.933691,0.36554214
139.22,29.893461,-28.983965,0.36554214
139.23999,10.664334,-41.00148,-0.59375316
139.26,15.471616,-14.242482,-0.114105515
139.28,5.857053,8.670914,-0.2739881
139.3,15.471616,-9.755944,-0.114105515
139.31999,53.92987,-9.755944,0.36554214
139.34,29.893461,-50.935955,0.045777034
139.36,20.278896,11.715352,-0.114105515
139.37999,-22.986637,19.406563,-0.114105515
139.4,10.664334,9.311849,0.68530726
139.42,58.737152,7.709513,0.68530726
139.44,5.857053,-24.817896,0.36554214
139.45999,5.857053,28.860344,0.5254247
139.48,49.122585,-3.5068357,0.36554214
139.5,-13.372073,-4.948938,0.5254247
139.52,-18.179356,8.350447,0.045777034
139.54,34.700745,31.904783,0.045777034
139.56,20.278896,20.528198,-0.114105515
139.58,-42.215763,23.893103,0.5254247
139.59999,15.471616,-3.026135,0.5254247
139.62,39.508022,-14.723184,-0.114105515
139.64,1.049771,25.976141,-0.2739881
139.66,10.664334,3.7036738,-0.2739881
139.68,1.049771,18.445162,0.68530726
139.7,44.315308,9.472081,0.5254247
139.72,44.315308,-1.1033326,0.36554214
139.73999,25.08618,-4.468237,0.045777034
139.76,25.08618,-7.993375,-0.4338706
139.78,34.700745,18.284927,-0.114105515
139.8,49.122585,-16.005053,0.045777034
139.81999,15.471616,4.184375,0.36554214
139.84,15.471616,8.670914,0.045777034
139.86,-13.372073,-49.654087,0.20565958
139.87999,29.893461,0.49900287,0.045777034
139.9,63.54443,-2.385201,0.20565958
139.92,-8.564792,-4.3080034,-0.114105515
139.94,29.893461,-29.304434,-0.114105515
139.95999,-22.986637,-3.9875362,0.5254247
139.98,5.857053,0.17853576,0.20565958
140.0,10.664334,-6.711507,0.045777034
140.02,58.737152,8.350447,-0.114105515
140.04,34.700745,-2.8659017,-0.2739881
140.06,-3.7575107,-15.524351,0.20565958
140.08,29.893461,43.76207,0.5254247
140.09999,5.857053,11.074417,0.36554214
140.12,15.471616,-4.7887044,0.20565958
140.14,15.471616,-5.910339,-0.4338706
140.16,34.700745,5.3060093,0.5254247
140.18,-32.6012,-12.960614,0.20565958
140.2,20.278896,5.3060093,-0.114105515
140.22,10.664334,-14.723184,0.20565958
140.23999,-8.564792,-9.275244,0.20565958
140.26,34.700745,25.335205,0.68530726
140.28,-8.564792,-20.49159,0.8451898
140.3,15.471616,-10.877579,0.36554214
140.31999,-27.793919,-20.49159,0.20565958
140.34,15.471616,-3.9875362,0.045777034
140.36,15.471616,-11.037811,0.045777034
140.37999,10.664334,-26.42023,0.20565958
140.4,-37.40848,6.1071773,0.20565958
140.42,44.315308,-18.088087,0.36554214
140.44,-3.7575107,-12.159447,0.8451898
140.45999,15.471616,13.958622,0.8451898
140.48,-27.793919,35.269688,0.68530726
140.5,1.049771,-9.115009,0.36554214
140.52,5.857053,-5.589872,0.045777034
140.54,15.471616,-2.385201,0.20565958
140.56,34.700745,-0.7828655,-0.114105515
140.58,-13.372073,-9.115009,0.20565958
140.59999,29.893461,4.6650753,-0.59375316
140.62,-18.179356,-36.675175,0.045777034
140.64,15.471616,11.234652,0.68530726
140.66,-27.793919,20.68843,1.164955
140.68,-32.6012,-21.292757,0.045777034
140.7,15.471616,-12.31968,0.5254247
140.72,44.315308,-7.672908,0.5254247
140.73999,-22.986637,10.593717,0.5254247
140.76,20.278896,29.98198,0.36554214
140.78,-3.7575107,-28.503265,0.5254247
140.8,-47.023045,1.3001705,-0.2739881
140.81999,1.049771,-2.2249672,0.20565958
140.84,10.664334,21.9703,0.5254247
140.86,1.049771,-1.1033326,0.045777034
140.87999,1.049771,-18.729021,0.20565958
140.9,1.049771,-3.9875362,0.68530726
140.92,-13.372073,15.400723,0.36554214
140.94,1.049771,22.611235,0.20565958
140.95999,25.08618,5.78671,0.045777034
140.98,-27.793919,12.99722,-0.2739881
141.0,5.857053,5.6264763,-0.114105515
141.02,-27.793919,2.1013381,-0.114105515
141.04,5.857053,-70.16397,0.36554214
141.06,-13.372073,-20.49159,-0.2739881
141.08,-3.7575107,14.759789,0.20565958
141.09999,29.893461,-17.607388,-0.114105515
141.12,-22.986637,-5.2694044,1.0050724
141.14,10.664334,-0.9430991,0.68530726
141.16,25.08618,-11.83898,0.36554214
141.18,-22.986637,-13.281082,-0.114105515
141.2,-3.7575107,-10.396878,-0.114105515
141.22,1.049771,44.24277,0.8451898
141.23999,5.857053,-9.755944,0.36554214
141.26,15.471616,-40.360542,-0.114105515
141.28,1.049771,-24.016727,-0.114105515
141.3,-3.7575107,4.024141,0.045777034
141.31999,58.737152,23.412403,0.20565958
141.34,29.893461,-5.429638,-0.2739881
141.36,49.122585,18.765629,0.20565958
141.37999,-37.40848,-5.2694044,1.0050724
141.4,-3.7575107,-17.447153,0.36554214
141.42,-13.372073,-5.7501054,0.36554214
141.44,25.08618,12.99722,-0.59375316
141.45999,-75.86674,-11.037811,0.36554214
141.48,-3.7575107,-7.352441,0.20565958
141.5,10.664334,-13.441315,0.36554214
141.52,1.049771,-0.30216488,0.36554214
141.54,-27.793919,-14.402717,0.20565958
141.56,20.278896,4.184375,0.68530726
141.58,1.049771,-57.66576,0.5254247
141.59999,25.08618,16.52236,0.20565958
141.62,-51.830326,26.296606,0.5254247
141.64,29.893461,26.296606,0.5254247
141.66,-32.6012,26.45684,-0.114105515
141.68,-27.793919,-12.479914,-0.2739881
141.7,-32.6012,-25.138361,-0.59375316
141.72,-37.40848,13.798388,0.36554214
141.73999,-18.179356,7.549279,-0.114105515
141.76,20.278896,-13.601548,0.5254247
141.78,34.700745,-43.72545,-0.114105515
141.8,-13.372073,-10.877579,0.20565958
141.81999,34.700745,-21.613226,-0.114105515
141.84,10.664334,3.8639073,0.20565958
141.86,1.049771,-15.524351,0.36554214
141.87999,63.54443,-18.248322,-0.114105515
141.9,-3.7575107,-17.447153,0.36554214
141.92,1.049771,2.4218054,0.045777034
141.94,63.54443,-21.613226,0.045777034
141.95999,53.92987,-59.10786,-0.9135183
141.98,20.278896,7.228812,-0.2739881
142.0,-22.986637,21.329365,-0.114105515
142.02,-13.372073,-1.7442669,0.20565958
142.04,-8.564792,-27.702099,0.20565958
142.06,10.664334,-33.470505,-0.114105515
142.08,49.122585,-14.723184,-0.2739881
142.09999,-32.6012,19.887262,-0.2739881
142.12,-8.564792,-0.7828655,-0.2739881
142.14,5.857053,15.24049,-0.2739881
142.16,5.857053,9.632316,-0.4338706
142.18,20.278896,26.45684,-0.4338706
142.2,1.049771,5.6264763,-0.114105515
142.22,1.049771,9.151615,-0.114105515
142.23999,34.700745,33.50712,-0.114105515
142.26,15.471616,-24.497427,-0.7536357
142.28,1.049771,2.1013381,-0.2739881
142.3,-61.44489,3.8639073,-0.2739881
142.31999,-32.6012,-1.1033326,-0.114105515
142.34,1.049771,13.958622,-0.4338706
142.36,1.049771,6.1071773,-0.114105515
142.37999,29.893461,21.9703,0.045777034
142.4,-22.986637,9.151615,0.045777034
142.42,-27.793919,-40.360542,-0.114105515
142.44,10.664334,8.670914,-1.0734009
142.45999,-13.372073,-19.209723,-0.2739881
142.48,20.278896,3.2229733,0.045777034
142.5,15.471616,0.33876932,-0.2739881
142.52,-13.372073,1.139937,-0.2739881
142.54,10.664334,-13.922015,-0.9135183
142.56,-27.793919,34.46852,-0.114105515
142.58,1.049771,7.709513,-0.2739881
142.59999,-18.179356,4.6650753,-0.4338706
142.62,-32.6012,3.3832066,-0.59375316
142.64,-8.564792,-6.0705724,-0.59375316
142.66,53.92987,-53.980392,-0.4338706
142.68,5.857053,-10.557112,-0.7536357
142.7,29.893461,22.451,-0.4338706
142.72,-13.372073,10.593717,-0.114105515
142.73999,-32.6012,-35.874004,-0.4338706
142.76,20.278896,-14.242482,0.20565958
142.78,5.857053,-8.313842,-0.2739881
142.8,5.857053,-5.589872,-0.4338706
142.81999,-3.7575107,-29.945368,-0.114105515
142.84,-13.372073,17.323528,0.20565958
142.86,25.08618,-12.31968,0.20565958
142.87999,-8.564792,-11.358279,-0.2739881
142.9,-27.793919,-3.5068357,-0.114105515
142.92,-13.372073,17.804228,0.045777034
142.94,5.857053,0.49900287,-0.114105515
142.95999,-22.986637,53.856785,-0.2739881
142.98,-51.830326,3.3832066,-0.114105515
143.0,-3.7575107,-1.5840333,-0.4338706
143.02,-22.986637,47.767906,0.20565958
143.04,-22.986637,12.356286,0.045777034
143.06,-3.7575107,-40.040077,0.20565958
143.08,1.049771,6.5878778,-0.2739881
143.09999,-32.6012,19.727032,-0.4338706
143.12,-42.215763,-14.242482,-0.59375316
143.14,-3.7575107,7.709513,-0.4338706
143.16,5.857053,-32.5091,0.045777034
143.18,-47.023045,26.777308,-0.2739881
143.2,15.471616,-8.794542,-0.59375316
143.22,5.857053,-36.03424,-0.7536357
143.23999,1.049771,6.908345,-0.59375316
143.26,-27.793919,-15.364117,-0.7536357
143.28,20.278896,8.02998,-0.59375316
143.3,44.315308,50.491882,0.20565958
143.31999,-8.564792,-23.21556,0.36554214
143.34,-22.986637,10.75395,0.045777034
143.36,39.508022,4.024141,-0.4338706
143.37999,15.471616,-7.352441,-0.9135183
143.4,-32.6012,-45.007313,-0.4338706
143.42,-13.372073,-15.844818,-0.114105515
143.44,49.122585,-9.275244,-0.4338706
143.45999,-13.372073,-29.785133,-0.9135183
143.48,5.857053,20.207731,-0.4338706
143.5,58.737152,-21.613226,-0.4338706
143.52,15.471616,-52.698524,-0.2739881
143.54,-8.564792,5.78671,0.045777034
143.56,-13.372073,14.439322,-0.114105515
143.58,20.278896,9.632316,-0.4338706
143.59999,-32.6012,-5.910339,-0.4338706
143.62,-27.793919,4.184375,-0.4338706
143.64,-3.7575107,3.2229733,-0.4338706
143.66,5.857053,-1.1033326,-0.2739881
143.68,-32.6012,-4.6284704,-0.114105515
143.7,-3.7575107,-3.6670694,0.20565958
143.72,10.664334,33.66735,-0.7536357
143.73999,1.049771,-14.402717,-0.7536357
143.76,-13.372073,-4.948938,-0.59375316
143.78,-27.793919,-12.800381,-0.114105515
143.8,-13.372073,18.284927,0.045777034
143.81999,-32.6012,-18.088087,-0.2739881
143.84,-3.7575107,-21.933691,-0.9135183
143.86,1.049771,4.3446083,-0.7536357
143.87999,-13.372073,9.151615,-0.4338706
143.9,-56.637608,5.466243,0.045777034
143.92,-8.564792,13.798388,-0.114105515
143.94,-8.564792,7.0685787,-0.4338706
143.95999,-3.7575107,-3.827303,-0.59375316
143.98,25.08618,4.024141,0.045777034
144.0,-32.6012,-11.198046,-0.4338706
144.02,-13.372073,-9.916177,0.045777034
144.04,-22.986637,5.3060093,-0.2739881
144.06,34.700745,-42.603813,0.36554214
144.08,10.664334,16.362125,-0.59375316
144.09999,-18.179356,2.261572,-0.2739881
144.12,39.508022,-47.41082,-0.114105515
144.14,20.278896,-5.1091714,-0.2739881
144.16,-22.986637,11.715352,0.20565958
144.18,5.857053,-6.3910394,-0.114105515
144.2,-18.179356,15.560958,0.36554214
144.22,-32.6012,30.142212,0.20565958
144.23999,10.664334,7.549279,-0.114105515
144.26,-42.215763,52.09422,-0.2739881
144.28,-13.372073,8.350447,0.20565958
144.3,5.857053,22.931702,-0.114105515
144.31999,-42.215763,-16.485752,-0.114105515
144.34,-8.564792,13.317687,-0.2739881
144.36,-3.7575107,0.33876932,-0.59375316
144.37999,5.857053,-36.675175,-1.393166
144.4,-13.372073,4.9855423,0.20565958
144.42,-47.023045,-20.972292,-0.114105515
144.44,-32.6012,-30.426067,-0.59375316
144.45999,15.471616,-16.325518,-0.9135183
144.48,-18.179356,-19.690422,-0.7536357
144.5,5.857053,27.738708,-0.2739881
144.52,20.278896,22.77147,-0.2739881
144.54,-3.7575107,17.483759,0.045777034
144.56,1.049771,-2.5454345,-0.4338706
144.58,10.664334,-13.281082,-0.2739881
144.59999,-32.6012,-26.259996,-0.59375316
144.62,-27.793919,-6.711507,-0.114105515
144.64,39.508022,1.3001705,-0.114105515
144.66,1.049771,-16.485752,-0.4338706
144.68,29.893461,-2.0647337,-0.4338706
144.7,1.049771,-3.6670694,-0.4338706
144.72,15.471616,3.2229733,-0.2739881
144.73999,-8.564792,-7.192207,-0.4338706
144.76,10.664334,36.551556,0.045777034
144.78,-47.023045,15.080256,0.20565958
144.8,-22.986637,-29.624899,0.20565958
144.81999,29.893461,0.49900287,-0.114105515
144.84,1.049771,-19.690422,-0.4338706
144.86,29.893461,-4.3080034,-0.59375316
144.87999,-27.793919,-9.115009,-0.114105515
144.9,25.08618,44.403,-0.7536357
144.92,-3.7575107,-2.5454345,0.045777034
144.94,-13.372073,6.7481112,-0.114105515
144.95999,10.664334,7.228812,0.045777034
144.98,-13.372073,-17.607388,0.68530726
145.0,-8.564792,-25.93953,-0.4338706
145.02,15.471616,-1.1033326,-0.2739881
145.04,-18.179356,-15.04365,-0.114105515
145.06,-3.7575107,8.831148,0.20565958
145.08,49.122585,35.42992,0.20565958
145.09999,-8.564792,-39.078674,-0.114105515
145.12,-3.7575107,5.145776,-0.114105515
145.14,-18.179356,2.7422726,0.045777034
145.16,-13.372073,9.311849,-0.114105515
145.18,-3.7575107,-12.159447,-0.2739881
145.2,15.471616,21.329365,0.36554214
145.22,5.857053,-19.690422,-0.114105515
145.23999,-22.986637,26.617075,0.045777034
145.26,-42.215763,13.157454,-0.114105515
145.28,15.471616,-4.468237,-0.4338706
145.3,-13.372073,-6.5512733,0.045777034
145.31999,-22.986637,-33.790974,0.36554214
145.34,25.08618,1.4604042,0.20565958
145.36,20.278896,29.501278,0.20565958
145.37999,-13.372073,35.590153,0.36554214
145.4,-8.564792,3.0627398,0.5254247
145.42,5.857053,-26.580463,-0.114105515
145.44,5.857053,16.842825,0.045777034
145.45999,5.857053,-8.313842,0.5254247
145.48,20.278896,31.263847,0.045777034
145.5,-13.372073,13.958622,0.5254247
145.52,-13.372073,17.483759,0.20565958
145.54,-8.564792,-3.827303,-0.114105515
145.56,20.278896,14.759789,0.20565958
145.58,-22.986637,-5.7501054,0.20565958
145.59999,1.049771,-10.877579,0.20565958
145.62,5.857053,3.2229733,0.5254247
145.64,1.049771,-34.431904,-0.114105515
145.66,-37.40848,-16.165285,0.045777034
145.68,-22.986637,2.1013381,0.045777034
145.7,-3.7575107,-3.5068357,0.36554214
145.72,20.278896,-7.993375,0.5254247
145.73999,-3.7575107,8.991381,-0.114105515
145.76,20.278896,12.99722,0.5254247
145.78,25.08618,-11.358279,-0.4338706
145.8,-61.44489,-34.431904,0.20565958
145.81999,1.049771,-12.800381,0.5254247
145.84,25.08618,3.7036738,0.8451898
145.86,5.857053,-3.026135,0.68530726
145.87999,25.08618,-37.47634,0.5254247
145.9,15.471616,-10.076411,0.36554214
145.92,25.08618,-8.634309,0.68530726
145.94,39.508022,34.949223,0.68530726
145.95999,1.049771,9.472081,0.20565958
145.98,20.278896,5.3060093,0.5254247
146.0,10.664334,12.51652,0.20565958
146.02,20.278896,-20.651823,-0.114105515
146.04,-3.7575107,28.059177,0.68530726
146.06,10.664334,-10.557112,1.0050724
146.08,10.664334,21.169132,0.20565958
146.09999,34.700745,-0.7828655,0.36554214
146.12,1.049771,-2.385201,1.0050724
146.14,-32.6012,-29.624899,0.5254247
146.16,34.700745,30.94338,0.8451898
146.18,-13.372073,26.45684,0.045777034
146.2,82.77356,8.02998,0.045777034
146.22,5.857053,56.58076,0.5254247
146.23999,20.278896,10.914185,0.5254247
146.26,49.122585,-53.49969,0.5254247
146.28,-3.7575107,4.9855423,0.36554214
146.3,15.471616,4.184375,0.68530726
146.31999,-8.564792,19.406563,0.36554214
146.34,-8.564792,27.578474,0.68530726
146.36,20.278896,-19.850657,0.20565958
146.37999,-8.564792,-17.286919,-0.114105515
146.4,-27.793919,0.9797035,0.8451898
146.42,-51.830326,25.49544,0.8451898
146.44,34.700745,23.572638,0.20565958
146.45999,49.122585,46.48604,0.36554214
146.48,44.315308,-2.7056682,0.045777034
146.5,15.471616,-23.536026,-0.114105515
146.52,1.049771,26.296606,0.20565958
146.54,-3.7575107,-13.120848,-0.114105515
146.56,25.08618,-13.922015,-0.4338706
146.58,34.700745,-25.138361,-0.9135183
146.59999,10.664334,-27.2214,0.20565958
146.62,5.857053,2.1013381,0.5254247
146.64,-22.986637,13.638155,-0.114105515
146.66,-37.40848,35.75039,0.045777034
146.68,-42.215763,7.3890457,-0.4338706
146.7,10.664334,-10.396878,-0.114105515
146.72,5.857053,17.163294,0.36554214
146.73999,20.278896,-28.182798,0.36554214
146.76,15.471616,3.0627398,0.36554214
146.78,25.08618,-46.60965,-0.2739881
146.8,29.893461,-30.426067,0.045777034
146.81999,-61.44489,0.33876932,0.20565958
146.84,-22.986637,45.845108,0.045777034
146.86,1.049771,-27.38163,0.20565958
146.87999,15.471616,-16.80622,0.20565958
146.9,-27.793919,-31.868172,0.20565958
146.92,1.049771,10.27325,-0.59375316
146.94,-13.372073,33.346886,-0.2739881
146.95999,-27.793919,14.439322,-0.59375316
146.98,-37.40848,-5.589872,0.045777034
147.0,-3.7575107,-10.557112,-0.114105515
147.02,5.857053,23.252169,0.68530726
147.04,-13.372073,0.018302217,-0.114105515
147.06,-3.7575107,-34.752373,0.20565958
147.08,5.857053,-24.497427,0.045777034
147.09999,-32.6012,-60.549965,0.20565958
147.12,20.278896,-9.59571,-0.114105515
147.14,-8.564792,4.504842,-0.114105515
147.16,58.737152,18.605394,0.045777034
147.18,-3.7575107,-28.182798,-0.2739881
147.2,1.049771,9.792548,0.045777034
147.22,-8.564792,36.23109,0.045777034
147.23999,-22.986637,-15.524351,-0.7536357
147.26,-8.564792,-20.171124,-0.114105515
147.28,-3.7575107,-19.530188,-0.2739881
147.3,10.664334,-3.5068357,-0.7536357
147.31999,-13.372073,-30.426067,0.8451898
147.34,10.664334,-11.358279,0.045777034
147.36,49.122585,-11.198046,-0.114105515
147.37999,-3.7575107,5.78671,0.045777034
147.4,1.049771,9.472081,-0.2739881
147.42,5.857053,35.269688,-0.114105515
147.44,-47.023045,64.11174,0.045777034
147.45999,1.049771,1.3001705,-0.114105515
147.48,29.893461,8.02998,0.36554214
147.5,-42.215763,3.3832066,0.20565958
147.52,-13.372073,-16.005053,0.20565958
147.54,5.857053,-2.7056682,0.045777034
147.56,25.08618,-9.115009,-0.2739881
147.58,20.278896,47.928143,0.20565958
147.59999,-37.40848,-11.198046,-0.2739881
147.62,-18.179356,-15.684585,-0.2739881
147.64,1.049771,-0.7828655,-0.2739881
147.66,-32.6012,4.184375,-0.4338706
147.68,34.700745,5.6264763,-0.114105515
147.7,-8.564792,8.350447,0.36554214
147.72,20.278896,19.246328,0.045777034
147.73999,-32.6012,-24.016727,-0.4338706
147.76,-27.793919,-18.088087,0.5254247
147.78,34.700745,-7.5126743,-0.2739881
147.8,1.049771,-3.9875362,-0.7536357
147.81999,-3.7575107,-5.589872,0.20565958
147.84,-18.179356,11.875586,0.5254247
147.86,1.049771,42.4802,0.20565958
147.87999,-18.179356,-8.954777,-0.114105515
147.9,-18.179356,-8.634309,-0.114105515
147.92,5.857053,1.7808713,0.36554214
147.94,5.857053,-10.717345,-0.114105515
147.95999,-47.023045,-54.46109,-0.2739881
147.98,-8.564792,11.555119,-0.2739881
148.0,1.049771,-3.6670694,-0.4338706
148.02,49.122585,-25.93953,0.5254247
148.04,-8.564792,-3.026135,0.20565958
148.06,1.049771,-12.31968,0.5254247
148.08,20.278896,11.875586,0.20565958
148.09999,-13.372073,32.22525,0.20565958
148.12,-8.564792,-9.115009,0.20565958
148.14,25.08618,40.236927,0.045777034
148.16,15.471616,-0.9430991,0.045777034
148.18,1.049771,-7.5126743,-0.114105515
148.2,10.664334,10.433483,-0.114105515
148.22,10.664334,3.5434403,0.20565958
148.23999,25.08618,49.53048,0.20565958
148.26,-8.564792,-22.254158,0.045777034
148.28,20.278896,-22.414392,-0.2739881
148.3,-8.564792,20.848665,0.5254247
148.31999,25.08618,-16.485752,-0.114105515
148.34,-13.372073,16.20189,0.20565958
148.36,29.893461,38.314125,0.36554214
148.37999,15.471616,10.75395,-0.114105515
148.4,-8.564792,-11.518513,-0.2739881
148.42,10.664334,4.9855423,0.045777034
148.44,1.049771,3.7036738,-0.114105515
148.45999,-13.372073,-1.9045002,0.20565958
148.48,10.664334,0.33876932,0.20565958
148.5,-8.564792,-2.7056682,0.045777034
148.52,-18.179356,-8.474075,-0.114105515
148.54,-8.564792,-19.049488,-0.114105515
148.56,-22.986637,17.00306,0.5254247
148.58,-37.40848,22.931702,0.045777034
148.59999,10.664334,10.113016,-0.2739881
148.62,-13.372073,-15.04365,0.045777034
148.64,-18.179356,1.6206378,-0.59375316
148.66,15.471616,42.800667,0.045777034
148.68,5.857053,13.798388,0.36554214
148.7,25.08618,5.9469438,-0.4338706
148.72,15.471616,-3.6670694,-0.7536357
148.73999,-13.372073,5.145776,-0.4338706
148.76,1.049771,1.9411048,-0.2739881
148.78,25.08618,33.50712,0.36554214
148.8,-8.564792,11.555119,0.68530726
148.81999,-22.986637,-8.954777,-0.114105515
148.84,-56.637608,-13.281082,-0.114105515
148.86,-3.7575107,0.81947,-0.114105515
148.87999,5.857053,13.157454,-0.4338706
148.9,1.049771,38.153893,-0.2739881
148.92,20.278896,-10.076411,0.36554214
148.94,44.315308,-5.910339,0.045777034
148.95999,49.122585,38.474358,0.045777034
148.98,15.471616,5.3060093,0.20565958
149.0,15.471616,-15.684585,0.20565958
149.02,1.049771,11.875586,0.20565958
149.04,-13.372073,20.848665,0.045777034
149.06,-8.564792,12.676753,0.36554214
149.08,25.08618,-5.7501054,-0.7536357
149.09999,-8.564792,51.132812,0.045777034
149.12,-13.372073,1.7808713,-0.114105515
149.14,-27.793919,2.261572,-0.59375316
149.16,-3.7575107,14.599556,-0.114105515
149.18,5.857053,5.3060093,-0.2739881
149.2,10.664334,-13.761782,-0.114105515
149.22,1.049771,-23.375792,-0.114105515
149.23999,1.049771,-10.877579,-0.2739881
149.26,49.122585,3.8639073,0.20565958
149.28,10.664334,2.1013381,0.045777034
149.3,-3.7575107,0.33876932,0.045777034
149.31999,15.471616,0.9797035,-0.4338706
149.34,5.857053,16.041658,0.045777034
149.36,10.664334,-26.740696,-0.4338706
149.37999,10.664334,4.504842,-0.114105515
149.4,-13.372073,16.20189,0.20565958
149.42,-3.7575107,-17.76762,-0.4338706
149.44,-42.215763,-20.49159,-0.2739881
149.45999,-8.564792,19.887262,0.20565958
149.48,1.049771,0.9797035,-0.114105515
149.5,29.893461,-49.333622,0.045777034
149.52,-42.215763,-24.497427,-0.114105515
149.54,-18.179356,8.190214,0.045777034
149.56,-3.7575107,19.887262,-0.59375316
149.58,-32.6012,19.727032,0.045777034
149.59999,-3.7575107,-9.916177,-0.114105515
149.62,15.471616,0.6592364,-0.114105515
149.64,-32.6012,31.584314,0.36554214
149.66,-3.7575107,13.798388,0.5254247
149.68,25.08618,8.350447,0.045777034
149.7,-42.215763,21.0089,-0.114105515
149.72,-3.7575107,-9.755944,-0.2739881
149.73999,-27.793919,8.991381,-0.4338706
149.76,-22.986637,8.02998,1.0050724
149.78,-8.564792,28.379642,0.045777034
149.8,1.049771,-18.088087,-0.4338706
149.81999,25.08618,30.46268,-0.7536357
149.84,15.471616,21.9703,-0.114105515
149.86,1.049771,0.17853576,-0.2739881
149.87999,-3.7575107,21.0089,0.36554214
149.9,63.54443,-11.999213,-0.9135183
149.92,-13.372073,-3.5068357,-0.59375316
149.94,5.857053,24.213572,-0.2739881
149.95999,-32.6012,-8.634309,0.045777034
149.98,29.893461,-2.5454345,-0.4338706
150.0,10.664334,5.9469438,-0.114105515
150.02,20.278896,30.142212,-0.2739881
150.04,-42.215763,14.759789,-0.2739881
150.06,-3.7575107,1.3001705,0.68530726
150.08,34.700745,27.898943,0.36554214
150.09999,10.664334,-28.6635,-0.59375316
150.12,39.508022,-5.7501054,0.045777034
150.14,-27.793919,-35.874004,0.045777034
150.16,-18.179356,11.234652,-0.114105515
150.18,25.08618,-28.6635,-0.4338706
150.2,-13.372073,-32.669334,-0.59375316
150.22,-47.023045,-18.568789,-0.4338706
150.23999,-42.215763,3.7036738,0.20565958
150.26,-8.564792,13.157454,0.8451898
150.28,-18.179356,6.1071773,0.20565958
150.3,63.54443,-0.7828655,-0.114105515
150.31999,20.278896,-7.672908,0.045777034
150.34,10.664334,-5.1091714,0.045777034
150.36,-8.564792,29.341045,-0.2739881
150.37999,-8.564792,-6.3910394,0.045777034
150.4,34.700745,-4.468237,-0.114105515
150.42,1.049771,1.7808713,0.045777034
150.44,-3.7575107,1.139937,0.045777034
150.45999,15.471616,-15.684585,0.20565958
150.48,-13.372073,34.308285,0.5254247
150.5,15.471616,-17.76762,0.045777034
150.51999,-42.215763,-35.393307,-0.7536357
150.54,20.278896,19.887262,-0.4338706
150.56,-27.793919,1.3001705,-0.7536357
150.58,15.471616,1.9411048,-0.4338706
150.59999,34.700745,-4.3080034,0.20565958
150.62,10.664334,-9.435476,-0.4338706
150.64,-22.986637,-1.7442669,-0.114105515
150.66,-8.564792,-11.999213,0.36554214
150.68,-8.564792,-5.429638,0.045777034
150.7,5.857053,-28.022566,-0.114105515
150.72,5.857053,-8.794542,-0.114105515
150.73999,-8.564792,-5.7501054,0.20565958
150.76,5.857053,-6.8717403,-0.114105515
150.78,-42.215763,35.75039,-0.114105515
150.8,1.049771,-6.230806,-0.4338706
150.81999,1.049771,10.27325,-0.114105515
150.84,5.857053,-8.634309,-0.114105515
150.86,-18.179356,-24.978128,0.045777034
150.87999,-13.372073,13.638155,-0.4338706
150.9,5.857053,9.472081,-0.114105515
150.92,-66.25217,9.311849,-0.114105515
150.94,-18.179356,-15.203884,-0.2739881
150.95999,-22.986637,9.952783,-0.4338706
150.98,-3.7575107,37.352726,0.36554214
151.0,-3.7575107,-10.396878,0.045777034
151.01999,-32.6012,6.5878778,-0.114105515
151.04,34.700745,-48.85292,-0.2739881
151.06,-8.564792,0.81947,-0.59375316
151.08,1.049771,14.1188545,-0.2739881
151.09999,-3.7575107,-1.4237996,-0.114105515
151.12,1.049771,12.8369875,0.36554214
151.14,15.471616,31.584314,-0.2739881
151.16,-8.564792,-3.9875362,-0.2739881
151.18,-27.793919,13.477921,-0.2739881
151.2,15.471616,27.418243,0.20565958
151.22,1.049771,7.549279,0.045777034
151.23999,-13.372073,-9.115009,0.045777034
151.26,77.96628,3.5434403,-0.114105515
151.28,-3.7575107,5.3060093,-0.7536357
151.3,-18.179356,16.52236,-0.59375316
151.31999,-8.564792,-32.669334,-0.2739881
151.34,5.857053,-5.1091714,-0.114105515
151.36,44.315308,-41.48218,-0.114105515
151.37999,10.664334,-7.5126743,0.5254247
151.4,-13.372073,6.908345,0.20565958
151.42,10.664334,-4.468237,0.045777034
151.44,15.471616,0.81947,-0.2739881
151.45999,1.049771,48.088375,0.20565958
151.48,44.315308,-5.910339,-0.114105515
151.5,63.54443,-25.619062,0.045777034
151.51999,87.58084,29.661512,-0.4338706
151.54,5.857053,-12.31968,-0.114105515
151.56,25.08618,-1.1033326,0.20565958
151.58,-3.7575107,0.81947,0.045777034
151.59999,34.700745,-16.485752,-0.114105515
151.62,5.857053,-20.651823,-0.114105515
151.64,34.700745,22.611235,0.5254247
151.66,-8.564792,-15.844818,-0.2739881
151.68,25.08618,-13.601548,-0.114105515
151.7,-32.6012,-36.354706,0.20565958
151.72,15.471616,-23.856495,-0.59375316
151.73999,-27.793919,-24.657661,0.045777034
151.76,-18.179356,5.9469438,0.20565958
151.78,20.278896,-0.62263197,-0.2739881
151.8,-22.986637,-40.68101,-0.114105515
151.81999,5.857053,-0.9430991,-0.2739881
151.84,39.508022,-20.812057,0.68530726
151.86,-13.372073,6.5878778,0.68530726
151.87999,-18.179356,-1.4237996,0.045777034
151.9,-22.986637,23.412403,0.20565958
151.92,1.049771,-1.9045002,-0.2739881
151.94,-22.986637,13.157454,0.5254247
151.95999,-27.793919,50.33165,0.68530726
151.98,-47.023045,-2.2249672,0.8451898
152.0,53.92987,-0.14193134,0.20565958
152.01999,5.857053,-28.503265,0.045777034
152.04,-8.564792,19.566797,-0.2739881
152.06,-27.793919,-11.198046,-0.114105515
152.08,-8.564792,-5.2694044,-0.4338706
152.09999,5.857053,-14.883417,-0.4338706
152.12,29.893461,-10.076411,-0.114105515
152.14,-8.564792,-12.479914,-0.114105515
152.16,10.664334,-1.9045002,0.36554214
152.18,-27.793919,26.617075,0.68530726
152.2,-18.179356,10.593717,0.5254247
152.22,49.122585,7.228812,0.20565958
152.23999,-8.564792,-1.9045002,-0.4338706
152.26,39.508022,-0.14193134,0.045777034
152.28,-22.986637,-9.275244,-0.59375316
152.3,-13.372073,-4.14777,0.045777034
152.31999,1.049771,15.560958,0.20565958
152.34,10.664334,-28.6635,0.20565958
152.36,-3.7575107,4.184375,0.5254247
152.37999,73.159,-39.719612,-0.114105515
152.4,-8.564792,-5.429638,0.20565958
152.42,25.08618,-11.678746,-0.114105515
152.44,1.049771,40.557396,1.0050724
152.45999,5.857053,13.317687,0.045777034
152.48,63.54443,-22.574625,-0.2739881
152.5,20.278896,3.5434403,0.5254247
152.51999,20.278896,-42.603813,0.36554214
152.54,-27.793919,37.032257,0.20565958
152.56,20.278896,-44.847084,-0.4338706
152.58,-8.564792,8.350447,0.20565958
152.59999,25.08618,24.213572,0.5254247
152.62,29.893461,-16.165285,0.20565958
152.64,-3.7575107,-13.441315,0.5254247
152.66,25.08618,-14.723184,0.5254247
152.68,39.508022,-40.52078,0.20565958
152.7,-18.179356,-22.093925,0.36554214
152.72,1.049771,11.394884,-0.114105515
152.73999,-8.564792,33.026417,0.045777034
152.76,10.664334,-80.89961,-0.2739881
152.78,5.857053,-18.889254,0.045777034
152.8,5.857053,2.1013381,0.36554214
152.81999,10.664334,5.6264763,0.5254247
152.84,-27.793919,-26.099764,0.20565958
152.86,34.700745,-28.022566,0.36554214
152.87999,15.471616,-10.877579,0.68530726
152.9,20.278896,4.825309,0.68530726
152.92,-22.986637,-8.474075,0.5254247
152.94,-18.179356,-16.165285,-0.114105515
152.95999,-13.372073,-17.286919,-0.114105515
152.98,1.049771,-6.0705724,0.045777034
153.0,49.122585,-17.126686,0.20565958
153.01999,5.857053,13.638155,0.36554214
153.04,5.857053,15.72119,0.5254247
153.06,5.857053,-10.396878,0.36554214
153.08,10.664334,-4.468237,0.36554214
153.09999,1.049771,29.98198,0.5254247
153.12,-8.564792,12.035819,0.36554214
153.14,49.122585,15.560958,-0.114105515
153.16,29.893461,2.4218054,0.5254247
153.18,-22.986637,-5.429638,0.8451898
153.2,20.278896,-29.464666,0.36554214
153.22,5.857053,20.68843,0.68530726
153.23999,20.278896,-8.313842,0.5254247
153.26,29.893461,32.22525,-0.4338706
153.28,15.471616,13.798388,0.045777034
153.3,10.664334,2.7422726,0.045777034
153.31999,39.508022,-34.111435,-0.2739881
153.34,-3.7575107,23.732868,0.20565958
153.36,20.278896,3.8639073,0.045777034
153.37999,39.508022,6.5878778,0.045777034
153.4,-13.372073,37.352726,0.36554214
153.42,-42.215763,6.2674108,0.36554214
153.44,10.664334,3.7036738,0.36554214
153.45999,1.049771,1.7808713,0.045777034
153.48,-13.372073,0.018302217,0.68530726
153.5,34.700745,-13.761782,0.68530726
153.51999,20.278896,-20.171124,0.045777034
153.54,29.893461,-25.779295,0.36554214
153.56,20.278896,-4.468237,-0.114105515
153.58,5.857053,4.504842,0.5254247
153.59999,-22.986637,-27.541864,0.20565958
153.62,10.664334,-21.933691,0.045777034
153.64,-37.40848,-18.088087,-0.2739881
153.66,1.049771,-14.242482,0.20565958
153.68,-8.564792,-13.922015,0.36554214
153.7,10.664334,25.655672,0.36554214
153.72,10.664334,4.024141,0.20565958
153.73999,29.893461,13.317687,0.20565958
153.76,20.278896,4.504842,-0.4338706
153.78,-8.564792,0.81947,0.20565958
153.8,15.471616,-20.972292,0.20565958
153.81999,1.049771,1.6206378,0.36554214
153.84,5.857053,-10.877579,0.68530726
153.86,29.893461,-22.414392,0.20565958
153.87999,20.278896,-1.7442669,0.20565958
153.9,25.08618,-17.76762,0.5254247
153.92,-18.179356,1.9411048,0.20565958
153.94,1.049771,8.510681,0.20565958
153.95999,-61.44489,-12.800381,0.5254247
153.98,5.857053,17.323528,0.5254247
154.0,29.893461,1.6206378,0.5254247
154.01999,10.664334,16.041658,0.5254247
154.04,25.08618,-3.3466022,0.68530726
154.06,44.315308,9.952783,0.045777034
154.08,5.857053,12.51652,0.20565958
154.09999,-8.564792,-13.120848,0.5254247
154.12,15.471616,26.93754,0.045777034
154.14,5.857053,24.213572,0.68530726
154.16,-56.637608,28.539877,0.20565958
154.18,-3.7575107,-2.8659017,0.68530726
154.2,-3.7575107,1.4604042,0.36554214
154.22,5.857053,0.17853576,0.045777034
154.23999,1.049771,15.881425,-0.114105515
154.26,44.315308,10.75395,0.045777034
154.28,-13.372073,4.504842,0.68530726
154.3,15.471616,5.78671,0.68530726
154.31999,5.857053,16.041658,0.8451898
154.34,-27.793919,-23.375792,0.20565958
154.36,10.664334,-2.385201,-0.2739881
154.37999,-37.40848,5.9469438,0.68530726
154.4,63.54443,-43.40498,0.68530726
154.42,25.08618,13.477921,0.20565958
154.44,-37.40848,-8.954777,-0.2739881
154.45999,29.893461,-11.518513,0.045777034
154.48,34.700745,0.33876932,-0.4338706
154.5,5.857053,-42.764046,0.045777034
154.51999,25.08618,5.6264763,0.20565958
154.54,87.58084,14.920023,0.36554214
154.56,20.278896,35.91062,0.68530726
154.58,1.049771,-5.429638,0.68530726
154.59999,20.278896,-32.82957,-0.114105515
154.62,5.857053,5.78671,0.5254247
154.64,-75.86674,-41.96288,0.36554214
154.66,20.278896,15.72119,0.20565958
154.68,20.278896,-11.198046,0.5254247
154.7,58.737152,36.23109,0.36554214
154.72,29.893461,4.3446083,0.045777034
154.73999,-3.7575107,55.77959,0.20565958
154.76,5.857053,9.472081,0.5254247
154.78,34.700745,14.279089,0.045777034
154.8,25.08618,-28.503265,-0.114105515
154.81999,25.08618,-12.31968,-0.114105515
154.84,-13.372073,-20.171124,-0.114105515
154.86,15.471616,-0.14193134,0.20565958
154.87999,15.471616,14.920023,0.5254247
154.9,5.857053,-15.203884,0.045777034
154.92,73.159,14.920023,-0.2739881
154.94,39.508022,4.184375,0.20565958
154.95999,-51.830326,35.269688,0.20565958
154.98,5.857053,40.236927,0.8451898
155.0,-22.986637,11.555119,0.36554214
155.01999,39.508022,33.66735,0.045777034
155.04,-61.44489,6.5878778,0.68530726
155.06,1.049771,10.433483,0.045777034
155.08,15.471616,-9.755944,-0.2739881
155.09999,97.195404,-7.352441,-0.2739881
155.12,10.664334,-15.364117,0.20565958
155.14,29.893461,15.881425,0.36554214
155.16,-3.7575107,35.42992,0.20565958
155.18,-27.793919,4.3446083,-0.114105515
155.2,1.049771,-4.14777,0.045777034
155.22,15.471616,26.777308,0.36554214
155.23999,-13.372073,-2.8659017,0.045777034
155.26,-3.7575107,-22.574625,-0.4338706
155.28,25.08618,16.682592,0.36554214
155.3,29.893461,-22.254158,0.5254247
155.31999,25.08618,15.400723,-0.114105515
155.34,-13.372073,-9.115009,0.5254247
155.36,5.857053,8.510681,0.5254247
155.37999,1.049771,-20.651823,-0.114105515
155.4,15.471616,23.572638,-0.2739881
155.42,20.278896,-9.275244,0.045777034
155.44,-3.7575107,-39.879845,-0.114105515
155.45999,10.664334,13.958622,-0.4338706
155.48,-18.179356,-14.242482,0.045777034
155.5,1.049771,-30.746534,-0.9135183
155.51999,10.664334,13.157454,0.045777034
155.54,-13.372073,0.49900287,-0.2739881
155.56,10.664334,-18.248322,-0.4338706
155.58,29.893461,10.27325,0.20565958
155.59999,20.278896,-1.7442669,-0.4338706
155.62,-61.44489,19.566797,0.045777034
155.64,-3.7575107,37.99366,0.20565958
155.66,-13.372073,2.4218054,0.045777034
155.68,20.278896,-53.01899,-0.9135183
155.7,-42.215763,-15.524351,-0.4338706
155.72,-13.372073,10.75395,0.20565958
155.73999,-3.7575107,-10.717345,-0.59375316
155.76,25.08618,-3.1863687,-0.4338706
155.78,20.278896,-8.634309,-0.7536357
155.8,5.857053,-2.8659017,-0.4338706
155.81999,-47.023045,29.341045,0.68530726
155.84,1.049771,-7.5126743,0.5254247
155.86,-18.179356,33.026417,-0.114105515
155.87999,15.471616,55.619354,-0.4338706
155.9,-18.179356,24.213572,-0.114105515
155.92,-27.793919,6.7481112,-0.7536357
155.94,-27.793919,-0.30216488,-0.59375316
155.95999,49.122585,4.9855423,-0.7536357
155.98,-42.215763,6.5878778,-0.59375316
156.0,-8.564792,4.184375,-0.2739881
156.01999,-27.793919,-9.916177,-0.114105515
156.04,10.664334,-16.966454,-0.2739881
156.06,-22.986637,-5.7501054,-0.59375316
156.08,-22.986637,-11.518513,-0.4338706
156.09999,1.049771,-14.723184,-0.7536357
156.12,-13.372073,18.284927,-0.2739881
156.14,1.049771,-5.589872,-0.7536357
156.16,-22.986637,-5.910339,-0.59375316
156.18,15.471616,51.132812,-0.114105515
156.2,10.664334,-2.8659017,0.20565958
156.22,-37.40848,-3.026135,-0.114105515
156.23999,-13.372073,-32.82957,-0.59375316
156.26,-13.372073,-0.46239844,-0.2739881
156.28,15.471616,-25.619062,-0.114105515
156.3,44.315308,5.145776,-0.114105515
156.31999,-27.793919,6.1071773,0.36554214
156.34,-8.564792,-20.972292,-0.2739881
156.36,-13.372073,-7.672908,-0.114105515
156.37999,-22.986637,-41.48218,-0.59375316
156.4,25.08618,3.3832066,-0.59375316
156.42,-3.7575107,16.041658,-0.4338706
156.44,34.700745,7.0685787,0.045777034
156.45999,29.893461,-2.8659017,0.20565958
156.48,10.664334,-8.794542,-0.114105515
156.5,1.049771,10.433483,0.045777034
156.51999,-18.179356,8.350447,0.68530726
156.54,34.700745,11.394884,-0.114105515
156.56,10.664334,15.24049,0.5254247
156.58,15.471616,13.638155,0.36554214
156.59999,-8.564792,65.233376,0.045777034
156.62,-13.372073,34.628754,0.36554214
156.64,-27.793919,30.302446,-0.114105515
156.66,-13.372073,-8.153608,0.045777034
156.68,-27.793919,10.914185,0.20565958
156.7,-13.372073,3.3832066,-0.114105515
156.72,1.049771,-2.8659017,0.20565958
156.73999,-18.179356,-0.62263197,-0.114105515
156.76,-13.372073,28.21941,0.36554214
156.78,1.049771,-11.358279,0.045777034
156.8,15.471616,-16.485752,0.045777034
156.81999,-18.179356,-2.2249672,0.20565958
156.84,-13.372073,14.759789,-0.114105515
156.86,68.35171,3.7036738,0.045777034
156.87999,5.857053,-2.8659017,-0.2739881
156.9,5.857053,-8.153608,-0.59375316
156.92,-3.7575107,-16.966454,-0.2739881
156.94,25.08618,35.10945,0.20565958
156.95999,5.857053,-13.601548,0.36554214
156.98,25.08618,3.2229733,-0.2739881
157.0,20.278896,-15.524351,-0.114105515
157.01999,20.278896,-33.470505,-0.59375316
157.04,-32.6012,-8.634309,0.20565958
157.06,34.700745,15.24049,0.36554214
157.08,-13.372073,7.3890457,0.20565958
157.09999,-13.372073,-18.568789,0.20565958
157.12,-8.564792,-6.711507,-0.114105515
157.14,-3.7575107,-3.026135,0.045777034
157.16,25.08618,-32.34887,-0.59375316
157.18,-8.564792,38.634594,0.20565958
157.2,-8.564792,8.190214,-0.114105515
157.22,-3.7575107,-14.562949,0.045777034
157.23999,-27.793919,-31.067003,-0.2739881
157.26,-22.986637,9.792548,0.045777034
157.28,1.049771,8.190214,0.5254247
157.3,-42.215763,15.881425,0.045777034
157.31999,1.049771,-13.120848,0.045777034
157.34,5.857053,-3.3466022,-0.4338706
157.36,-18.179356,-18.408554,0.045777034
157.37999,10.664334,-18.568789,-0.114105515
157.4,1.049771,-16.80622,0.045777034
157.42,-3.7575107,-0.7828655,0.20565958
157.44,53.92987,22.290768,-0.114105515
157.45999,5.857053,13.157454,0.045777034
157.48,15.471616,-10.236644,0.68530726
157.5,-8.564792,-40.841244,-0.4338706
157.51999,44.315308,-21.292757,0.045777034
157.54,-8.564792,-4.14777,0.68530726
157.56,-32.6012,-2.0647337,0.68530726
157.58,-3.7575107,-8.313842,0.20565958
157.59999,-22.986637,-1.2635663,0.5254247
157.62,-3.7575107,-3.1863687,0.045777034
157.64,5.857053,17.483759,0.20565958
157.66,20.278896,7.549279,0.68530726
157.68,5.857053,11.715352,0.20565958
157.7,1.049771,-3.026135,0.68530726
157.72,-42.215763,5.78671,0.20565958
157.73999,-8.564792,-19.369957,0.20565958
157.76,44.315308,-8.474075,0.045777034
157.78,-37.40848,4.3446083,-0.114105515
157.8,15.471616,22.611235,0.045777034
157.81999,-13.372073,-2.0647337,0.36554214
157.84,-18.179356,17.804228,-0.2739881
157.86,-8.564792,-19.209723,-0.2739881
157.87999,63.54443,-5.2694044,0.045777034
157.9,34.700745,5.9469438,0.5254247
157.92,15.471616,0.018302217,0.68530726
157.94,10.664334,-22.093925,-0.114105515
157.95999,-3.7575107,-37.636574,-0.2739881
157.98,29.893461,15.72119,-0.59375316
158.0,-13.372073,0.81947,-0.4338706
158.01999,-75.86674,17.804228,-0.114105515
158.04,-51.830326,-12.800381,0.045777034
158.06,-32.6012,6.7481112,-0.4338706
158.08,1.049771,-6.711507,-0.4338706
158.09999,-18.179356,-4.948938,-0.114105515
158.12,-3.7575107,13.157454,0.68530726
158.14,-22.986637,-12.960614,-0.114105515
158.16,-18.179356,2.261572,-0.7536357
158.18,68.35171,7.549279,-0.2739881
158.2,5.857053,-6.8717403,0.20565958
158.22,5.857053,-13.441315,0.36554214
158.23999,5.857053,-13.441315,-0.59375316
158.26,34.700745,22.451,0.045777034
158.28,-8.564792,9.151615,0.5254247
158.3,-37.40848,-32.669334,-0.114105515
158.31999,5.857053,33.026417,0.36554214
158.34,20.278896,-1.7442669,0.36554214
158.36,44.315308,-14.562949,-0.114105515
158.37999,10.664334,16.362125,0.045777034
158.4,15.471616,26.93754,0.68530726
158.42,5.857053,11.555119,0.045777034
158.44,5.857053,24.534037,0.20565958
158.45999,15.471616,-1.1033326,0.045777034
158.48,10.664334,-3.5068357,-0.4338706
158.5,92.38812,1.4604042,-0.114105515
158.51999,-27.793919,4.3446083,0.68530726
158.54,15.471616,-16.485752,-0.4338706
158.56,73.159,3.7036738,0.045777034
158.58,29.893461,-5.429638,0.20565958
158.59999,34.700745,-10.877579,0.20565958
158.62,25.08618,44.563236,0.5254247
158.64,20.278896,6.7481112,0.045777034
158.66,-18.179356,-25.93953,0.36554214
158.68,-18.179356,-23.055326,0.36554214
158.7,-47.023045,-41.48218,-0.114105515
158.72,-18.179356,-17.76762,-0.114105515
158.73999,15.471616,4.9855423,0.36554214
158.76,-13.372073,-6.711507,0.68530726
158.78,15.471616,-23.856495,0.045777034
158.8,-27.793919,20.047497,0.68530726
158.81999,5.857053,3.7036738,0.045777034
158.84,1.049771,12.035819,-0.114105515
158.86,53.92987,13.317687,0.36554214
158.87999,-22.986637,-2.2249672,0.5254247
158.9,10.664334,5.3060093,0.045777034
158.92,20.278896,37.352726,-0.114105515
158.94,-18.179356,4.184375,0.045777034
158.95999,-32.6012,22.451,0.5254247
158.98,-22.986637,6.908345,0.5254247
159.0,-3.7575107,13.638155,0.5254247
159.01999,-8.564792,-45.32778,-0.114105515
159.04,1.049771,13.798388,0.045777034
159.06,1.049771,-4.948938,0.045777034
159.08,1.049771,-3.3466022,-0.2739881
159.09999,15.471616,-4.14777,0.36554214
159.12,39.508022,50.65211,0.045777034
159.14,-22.986637,-7.993375,0.20565958
159.16,15.471616,-4.14777,0.20565958
159.18,20.278896,-2.5454345,-0.2739881
159.2,5.857053,-13.601548,0.045777034
159.22,-8.564792,-29.624899,-0.114105515
159.23999,20.278896,-0.14193134,0.68530726
159.26,-18.179356,-6.3910394,0.8451898
159.28,-8.564792,49.850945,0.20565958
159.3,10.664334,0.81947,0.045777034
159.31999,29.893461,-3.827303,-0.114105515
159.34,20.278896,-6.5512733,0.045777034
159.36,1.049771,5.145776,0.5254247
159.37999,-18.179356,40.557396,0.20565958
159.4,-8.564792,-6.711507,0.20565958
159.42,1.049771,2.4218054,-0.114105515
159.44,5.857053,-68.24117,-0.114105515
159.45999,15.471616,24.534037,0.5254247
159.48,-3.7575107,38.474358,0.8451898
159.5,63.54443,-12.479914,0.20565958
159.51999,-18.179356,-0.9430991,0.045777034
159.54,29.893461,-15.203884,0.045777034
159.56,77.96628,-3.6670694,0.20565958
159.58,10.664334,2.1013381,-0.2739881
159.59999,20.278896,-11.198046,0.5254247
159.62,-8.564792,-39.399143,-0.114105515
159.64,25.08618,-0.14193134,-0.114105515
159.66,5.857053,-15.364117,0.20565958
159.68,5.857053,-30.426067,-0.114105515
159.7,5.857053,9.952783,0.68530726
159.72,34.700745,-40.68101,0.5254247
159.73999,25.08618,-19.049488,0.20565958
159.76,25.08618,-6.3910394,0.68530726
159.78,-13.372073,3.2229733,0.20565958
159.8,15.471616,5.466243,0.20565958
159.81999,10.664334,0.6592364,0.36554214
159.84,25.08618,4.024141,0.68530726
159.86,5.857053,-51.25642,0.5254247
159.87999,10.664334,-20.171124,0.68530726
159.9,5.857053,2.4218054,0.20565958
159.92,-22.986637,-1.2635663,-0.2739881
159.94,20.278896,-8.954777,-0.2739881
159.95999,-51.830326,4.504842,0.36554214
159.98,20.278896,20.207731,0.5254247
160.0,-22.986637,-1.4237996,0.68530726
160.01999,-37.40848,31.103615,0.8451898
160.04,25.08618,2.5820389,0.20565958
160.06,1.049771,1.4604042,0.20565958
160.08,29.893461,-9.275244,0.045777034
160.09999,1.049771,-8.634309,0.20565958
160.12,29.893461,-3.5068357,0.68530726
160.14,15.471616,-58.14646,-0.114105515
160.16,-8.564792,-22.73486,-0.4338706
160.18,-8.564792,61.708233,-0.114105515
160.2,-3.7575107,-2.0647337,0.36554214
160.22,20.278896,4.6650753,0.20565958
160.23999,-13.372073,7.709513,-0.114105515
160.26,10.664334,4.024141,0.36554214
160.28,34.700745,-25.779295,0.20565958
160.3,1.049771,-15.364117,-0.2739881
160.31999,1.049771,-7.5126743,0.045777034
160.34,-13.372073,10.593717,0.68530726
160.36,-8.564792,-1.9045002,-0.2739881
160.37999,53.92987,-0.46239844,0.5254247
160.4,-37.40848,9.151615,0.045777034
160.42,-3.7575107,-10.396878,0.36554214
160.44,53.92987,17.323528,1.0050724
160.45999,-18.179356,-15.684585,0.20565958
160.48,-27.793919,-10.717345,0.20565958
160.5,20.278896,-8.634309,0.045777034
160.51999,-32.6012,-17.126686,0.20565958
160.54,-18.179356,2.7422726,0.045777034
160.56,-18.179356,-3.5068357,0.045777034
160.58,10.664334,-17.126686,-0.2739881
160.59999,-3.7575107,-7.352441,0.36554214
160.62,-8.564792,4.825309,0.20565958
160.64,15.471616,6.7481112,0.20565958
160.66,10.664334,-3.827303,0.045777034
160.68,15.471616,-51.73712,0.045777034
160.7,25.08618,-20.812057,0.20565958
160.72,-13.372073,-8.474075,0.5254247
160.73999,-8.564792,1.4604042,0.045777034
160.76,20.278896,-10.877579,-0.114105515
160.78,34.700745,-12.479914,-0.2739881
160.8,-13.372073,-17.76762,0.045777034
160.81999,5.857053,-32.989803,-0.4338706
160.84,5.857053,-3.9875362,-0.114105515
160.86,-13.372073,16.842825,0.36554214
160.87999,1.049771,6.1071773,0.20565958
160.9,49.122585,-18.729021,0.68530726
160.92,34.700745,-27.862331,0.045777034
160.94,-18.179356,29.661512,-0.114105515
160.95999,58.737152,-7.0319734,0.20565958
160.98,25.08618,-7.5126743,0.20565958
161.0,29.893461,-12.159447,0.20565958
161.01999,29.893461,5.9469438,0.36554214
161.04,20.278896,-4.468237,0.045777034
161.06,-47.023045,7.0685787,0.20565958
161.08,34.700745,-11.999213,0.045777034
161.09999,-32.6012,32.065014,0.5254247
161.12,-8.564792,-38.75821,-0.2739881
161.14,10.664334,18.765629,-0.114105515
161.16,44.315308,9.632316,0.5254247
161.18,25.08618,-0.7828655,0.36554214
161.2,-8.564792,25.014738,0.36554214
161.22,39.508022,40.557396,0.045777034
161.23999,-18.179356,39.115295,0.045777034
161.26,5.857053,-13.281082,-0.4338706
161.28,-8.564792,9.952783,0.20565958
161.3,1.049771,13.157454,-0.114105515
161.31999,10.664334,5.9469438,0.045777034
161.34,-13.372073,-4.6284704,0.20565958
161.36,15.471616,-5.1091714,-0.7536357
161.37999,49.122585,2.1013381,-0.2739881
161.4,20.278896,-24.978128,-0.2739881
161.42,-18.179356,-10.076411,0.045777034
161.44,-13.372073,-33.630737,-0.114105515
161.45999,-3.7575107,-1.5840333,-0.114105515
161.48,5.857053,2.4218054,0.045777034
161.5,15.471616,11.715352,0.20565958
161.51999,34.700745,7.549279,-0.114105515
161.54,20.278896,-28.823734,-0.2739881
161.56,29.893461,-4.468237,0.36554214
161.58,-13.372073,-4.948938,0.20565958
161.59999,10.664334,1.4604042,0.20565958
161.62,34.700745,-10.717345,-0.4338706
161.64,-22.986637,47.44744,0.20565958
161.66,1.049771,-5.589872,0.36554214
161.68,-22.986637,-17.607388,0.5254247
161.7,20.278896,-22.73486,0.5254247
161.72,5.857053,6.5878778,0.20565958
161.73999,-18.179356,-7.352441,0.045777034
161.76,25.08618,41.67903,0.36554214
161.78,5.857053,-11.037811,0.045777034
161.8,-22.986637,30.46268,0.20565958
161.81999,5.857053,-12.159447,-0.4338706
161.84,-27.793919,-37.79681,-0.59375316
161.86,-8.564792,-8.313842,-0.114105515
161.87999,29.893461,29.821747,0.5254247
161.9,20.278896,15.080256,0.20565958
161.92,-13.372073,0.17853576,0.20565958
161.94,1.049771,20.207731,0.20565958
161.95999,-8.564792,5.6264763,0.045777034
161.98,25.08618,36.872025,0.045777034
162.0,20.278896,-16.325518,0.045777034
162.01999,-3.7575107,36.71179,0.045777034
162.04,1.049771,6.5878778,-0.114105515
162.06,-8.564792,-22.254158,-0.59375316
162.08,1.049771,8.510681,-0.4338706
162.09999,29.893461,-0.46239844,-0.7536357
162.12,1.049771,5.3060093,-0.4338706
162.14,-8.564792,1.4604042,0.045777034
162.16,-47.023045,10.593717,0.20565958
162.18,29.893461,-3.9875362,-0.114105515
162.2,-8.564792,11.394884,-0.2739881
162.22,-42.215763,-11.83898,-0.59375316
162.23999,-18.179356,-12.479914,-0.114105515
162.26,-13.372073,6.908345,-0.114105515
162.28,20.278896,-0.9430991,0.045777034
162.3,20.278896,-28.182798,0.20565958
162.31999,-18.179356,13.958622,-0.4338706
162.34,-3.7575107,10.433483,0.5254247
162.36,-27.793919,4.6650753,0.045777034
162.37999,-8.564792,6.7481112,0.045777034
162.4,-18.179356,12.676753,0.36554214
162.42,1.049771,-8.153608,0.045777034
162.44,-37.40848,16.041658,-0.114105515
162.45999,-18.179356,11.074417,-0.2739881
162.48,15.471616,8.670914,-0.2739881
162.5,-22.986637,-11.999213,-1.2332834
162.51999,-32.6012,1.4604042,-0.114105515
162.54,1.049771,20.848665,-0.2739881
162.56,15.471616,26.45684,-0.7536357
162.58,-8.564792,-9.916177,-0.59375316
162.59999,1.049771,-22.574625,-0.4338706
162.62,-47.023045,15.72119,0.045777034
162.64,1.049771,-4.14777,-0.114105515
162.66,10.664334,-0.46239844,-0.2739881
162.68,-119.13227,-5.2694044,-0.4338706
162.7,1.049771,23.893103,-0.4338706
162.72,-32.6012,-4.7887044,-0.59375316
162.73999,-3.7575107,-49.333622,-1.0734009
162.76,29.893461,-9.115009,-0.2739881
162.78,1.049771,11.715352,0.045777034
162.8,-22.986637,33.186653,-0.4338706
162.81999,-18.179356,10.593717,0.5254247
162.84,1.049771,-5.910339,-0.114105515
162.86,-13.372073,8.190214,0.045777034
162.87999,-37.40848,14.279089,0.045777034
162.9,-18.179356,-1.7442669,-0.114105515
162.92,-8.564792,18.605394,-0.2739881
162.94,34.700745,11.394884,-0.7536357
162.95999,-27.793919,12.51652,-0.2739881
162.98,-13.372073,17.483759,-0.4338706
163.0,-13.372073,-1.2635663,0.045777034
163.01999,-8.564792,-2.385201,0.045777034
163.04,-3.7575107,0.81947,-0.2739881
163.06,-27.793919,13.798388,0.045777034
163.08,58.737152,-17.607388,-0.2739881
163.09999,10.664334,-6.230806,-0.7536357
163.12,-18.179356,28.059177,-0.114105515
163.14,-3.7575107,27.258009,-0.114105515
163.16,-66.25217,19.566797,0.045777034
163.18,-32.6012,11.074417,-0.4338706
163.2,34.700745,-26.580463,-0.114105515
163.22,-3.7575107,3.7036738,-0.2739881
163.23999,-8.564792,-17.286919,-0.114105515
163.26,-8.564792,-26.099764,-0.59375316
163.28,-27.793919,-12.31968,-0.2739881
163.3,20.278896,5.9469438,-0.114105515
163.31999,-3.7575107,11.555119,-0.114105515
163.34,5.857053,23.572638,0.20565958
163.36,5.857053,15.24049,-0.4338706
163.37999,1.049771,24.213572,0.20565958
163.4,20.278896,37.032257,0.36554214
163.42,20.278896,33.026417,-0.4338706
163.44,-3.7575107,7.0685787,-0.4338706
163.45999,15.471616,5.466243,-0.4338706
163.48,10.664334,43.601833,-0.114105515
163.5,-3.7575107,41.038097,-0.114105515
163.51999,-18.179356,-3.9875362,-0.4338706
163.54,1.049771,5.466243,-0.59375316
163.56,-13.372073,-13.120848,-0.4338706
163.58,-22.986637,56.420525,-0.4338706
163.59999,-3.7575107,7.8697467,-0.114105515
163.62,-18.179356,-6.8717403,0.045777034
163.64,-13.372073,11.234652,0.5254247
163.66,-13.372073,15.72119,0.36554214
163.68,29.893461,-10.557112,-0.4338706
163.7,-18.179356,13.317687,-0.114105515
163.72,1.049771,69.71992,-0.114105515
163.73999,-18.179356,-9.275244,-0.7536357
163.76,44.315308,-2.8659017,-0.4338706
163.78,-18.179356,0.018302217,0.045777034
163.8,-27.793919,8.831148,-0.2739881
163.81999,10.664334,-7.993375,-0.4338706
163.84,-3.7575107,-7.0319734,0.045777034
163.86,10.664334,-12.960614,-0.114105515
163.87999,5.857053,-7.352441,-0.2739881
163.9,49.122585,-14.883417,-0.114105515
163.92,5.857053,-12.479914,-0.2739881
163.94,-27.793919,-15.684585,-0.114105515
163.95999,29.893461,-17.607388,-0.4338706
163.98,-13.372073,-15.203884,-0.2739881
164.0,-27.793919,-55.742958,-1.393166
164.01999,-13.372073,-5.1091714,-0.59375316
164.04,5.857053,0.9797035,-0.7536357
164.06,29.893461,-7.993375,-0.4338706
164.08,-37.40848,-1.4237996,-0.59375316
164.09999,-8.564792,1.9411048,0.045777034
164.12,-8.564792,2.261572,-0.2739881
164.14,-32.6012,9.472081,-0.2739881
164.16,20.278896,-10.557112,-0.114105515
164.18,1.049771,4.3446083,-0.59375316
164.2,-8.564792,7.0685787,-0.114105515
164.22,1.049771,-0.9430991,-0.2739881
164.23999,-3.7575107,-9.115009,-0.59375316
164.26,15.471616,30.302446,-0.114105515
164.28,-3.7575107,-10.396878,0.045777034
164.3,5.857053,-11.83898,-0.114105515
164.31999,-3.7575107,-9.916177,-0.59375316
164.34,29.893461,-32.028404,0.20565958
164.36,-13.372073,-5.7501054,0.045777034
164.37999,-42.215763,13.157454,0.5254247
164.4,34.700745,-32.5091,-0.2739881
164.42,-3.7575107,-18.408554,-0.4338706
164.44,-18.179356,-1.2635663,0.045777034
164.45999,-42.215763,0.9797035,-0.114105515
164.48,-3.7575107,4.024141,0.5254247
164.5,1.049771,1.7808713,-0.2739881
164.51999,-42.215763,-5.429638,-0.114105515
164.54,-8.564792,-13.922015,0.045777034
164.56,73.159,13.477921,0.045777034
164.58,1.049771,22.130533,0.36554214
164.59999,-22.986637,-4.6284704,-0.114105515
164.62,-56.637608,37.352726,0.045777034
164.64,-56.637608,-5.429638,-0.2739881
164.66,-13.372073,7.0685787,-0.4338706
164.68,5.857053,8.350447,-0.4338706
164.7,20.278896,7.0685787,-0.59375316
164.72,-27.793919,18.765629,-0.2739881
164.73999,-22.986637,-1.5840333,0.045777034
164.76,1.049771,55.298885,0.5254247
164.78,10.664334,-47.41082,-0.59375316
164.8,-3.7575107,11.875586,-0.59375316
164.81999,5.857053,9.792548,0.045777034
164.84,-51.830326,-8.474075,0.20565958
164.86,10.664334,23.412403,-0.2739881
164.87999,29.893461,-16.165285,-0.59375316
164.9,5.857053,-20.651823,-0.59375316
164.92,20.278896,-1.5840333,-0.9135183
164.94,-3.7575107,7.549279,0.045777034
164.95999,20.278896,3.2229733,0.20565958
164.98,-3.7575107,-17.607388,-0.4338706
165.0,10.664334,-10.396878,-0.4338706
165.01999,-3.7575107,16.682592,-0.114105515
165.04,-3.7575107,-24.17696,-0.2739881
165.06,15.471616,-6.711507,-0.114105515
165.08,-3.7575107,-49.333622,0.5254247
165.09999,-13.372073,29.18081,0.36554214
165.12,-18.179356,32.385483,0.20565958
165.14,-3.7575107,4.3446083,0.20565958
165.16,1.049771,28.860344,0.68530726
165.18,-3.7575107,-15.844818,-0.4338706
165.2,-3.7575107,1.4604042,0.5254247
165.22,-3.7575107,-9.115009,0.045777034
165.23999,-8.564792,-7.0319734,-0.59375316
165.26,-42.215763,-6.5512733,0.5254247
165.28,44.315308,-24.657661,-0.4338706
165.3,-13.372073,31.263847,0.8451898
165.31999,-3.7575107,18.765629,0.36554214
165.34,-13.372073,49.690712,0.68530726
165.36,-47.023045,-22.093925,0.20565958
165.37999,5.857053,-11.83898,-0.2739881
165.4,-47.023045,-7.352441,0.045777034
165.42,-8.564792,-11.037811,-0.4338706
165.44,10.664334,-5.429638,-0.114105515
165.45999,-18.179356,2.261572,0.045777034
165.48,-27.793919,3.5434403,-0.114105515
165.5,1.049771,-5.7501054,0.045777034
165.51999,1.049771,-1.2635663,0.20565958
165.54,34.700745,-7.0319734,0.045777034
165.56,15.471616,-37.957043,-0.114105515
165.58,29.893461,-24.978128,0.5254247
165.59999,5.857053,27.258009,0.20565958
165.62,-3.7575107,8.510681,0.045777034
165.64,1.049771,-24.817896,-0.4338706
165.66,15.471616,23.252169,0.36554214
165.68,-8.564792,-25.45883,0.68530726
165.7,34.700745,-2.8659017,0.36554214
165.72,1.049771,39.595997,0.36554214
165.73999,1.049771,0.33876932,0.68530726
165.76,63.54443,-0.14193134,0.20565958
165.78,25.08618,15.24049,0.68530726
165.8,20.278896,9.311849,0.8451898
165.81999,68.35171,-2.7056682,0.36554214
165.84,39.508022,-4.468237,0.20565958
165.86,-3.7575107,-8.794542,0.5254247
165.87999,1.049771,-28.503265,0.045777034
165.9,-13.372073,37.833427,1.0050724
165.92,10.664334,11.074417,0.36554214
165.94,15.471616,11.234652,0.5254247
165.95999,20.278896,54.657955,1.164955
165.98,15.471616,9.151615,0.36554214
166.0,29.893461,-32.669334,0.20565958
166.01999,34.700745,-1.4237996,0.5254247
166.04,15.471616,0.6592364,0.20565958
166.06,-3.7575107,-1.5840333,0.20565958
166.08,-8.564792,-16.485752,0.20565958
166.09999,25.08618,-9.59571,0.045777034
166.12,29.893461,-7.993375,0.20565958
166.14,-3.7575107,47.126976,0.5254247
166.16,29.893461,-17.286919,0.20565958
166.18,5.857053,-32.82957,0.045777034
166.2,-3.7575107,-35.55354,0.20565958
166.22,-8.564792,-9.59571,0.20565958
166.23999,-3.7575107,22.611235,0.20565958
166.26,10.664334,17.323528,0.5254247
166.28,5.857053,-1.4237996,0.68530726
166.3,-37.40848,-0.46239844,0.20565958
166.31999,1.049771,4.3446083,0.36554214
166.34,1.049771,20.68843,0.20565958
166.36,-8.564792,-0.7828655,0.5254247
166.37999,-13.372073,-22.093925,0.36554214
166.4,39.508022,-7.833141,-0.114105515
166.42,-3.7575107,6.1071773,-0.114105515
166.44,5.857053,53.21585,0.5254247
166.45999,-3.7575107,-8.634309,-0.2739881
166.48,34.700745,-16.165285,-0.2739881
166.5,29.893461,-3.6670694,-0.114105515
166.51999,-71.05945,-24.337194,0.045777034
166.54,-8.564792,-53.01899,0.5254247
166.56,10.664334,-32.188637,0.20565958
166.58,-18.179356,-64.5558,0.20565958
166.59999,15.471616,-11.999213,-0.114105515
166.62,10.664334,-12.31968,0.36554214
166.64,-3.7575107,11.715352,0.36554214
166.66,-3.7575107,-56.544125,0.045777034
166.68,5.857053,-0.7828655,-0.114105515
166.7,-27.793919,-19.530188,0.20565958
166.72,39.508022,-9.275244,0.68530726
166.73999,1.049771,12.99722,0.68530726
166.76,10.664334,5.6264763,0.5254247
166.78,10.664334,-33.470505,0.5254247
166.8,10.664334,-13.601548,0.20565958
166.81999,-3.7575107,2.5820389,0.5254247
166.84,34.700745,34.46852,0.20565958
166.86,-51.830326,4.6650753,0.20565958
166.87999,15.471616,-5.910339,-0.2739881
166.9,-8.564792,-5.429638,0.045777034
166.92,-27.793919,-5.1091714,0.5254247
166.94,1.049771,14.599556,0.20565958
166.95999,1.049771,-19.209723,0.36554214
166.98,-3.7575107,10.113016,0.36554214
167.0,-8.564792,5.3060093,0.68530726
167.01999,-8.564792,0.6592364,0.5254247
167.04,15.471616,2.4218054,-0.4338706
167.06,-3.7575107,18.605394,-0.2739881
167.08,-42.215763,-4.14777,-0.4338706
167.09999,-8.564792,-1.5840333,0.20565958
167.12,15.471616,4.3446083,0.20565958
167.14,15.471616,0.81947,-0.2739881
167.16,10.664334,-44.20615,-0.7536357
167.18,-37.40848,21.169132,-0.2739881
167.2,10.664334,12.356286,-0.2739881
167.22,-3.7575107,-20.171124,-0.4338706
167.23999,10.664334,9.472081,0.20565958
167.26,10.664334,-35.874004,-0.114105515
167.28,5.857053,-3.5068357,-0.114105515
167.3,-8.564792,8.831148,-0.114105515
167.31999,-18.179356,-3.827303,0.20565958
167.34,25.08618,-3.9875362,0.045777034
167.36,-13.372073,-16.485752,0.045777034
167.37999,-32.6012,-16.80622,0.045777034
167.4,-3.7575107,-2.0647337,-0.4338706
167.42,-8.564792,16.20189,-0.2739881
167.44,-3.7575107,0.81947,-0.2739881
167.45999,-8.564792,-6.5512733,-0.4338706
167.48,1.049771,17.804228,-0.114105515
167.5,34.700745,21.810066,0.36554214
167.51999,10.664334,-7.192207,0.36554214
167.54,20.278896,-2.385201,-0.4338706
167.56,5.857053,-8.313842,-0.2739881
167.58,15.471616,-24.657661,-0.7536357
167.59999,5.857053,21.649834,-0.114105515
167.62,15.471616,-18.248322,0.36554214
167.64,-8.564792,-11.678746,-0.2739881
167.66,34.700745,1.6206378,-0.2739881
167.68,39.508022,-15.524351,-0.4338706
167.7,25.08618,-19.690422,-0.114105515
167.72,29.893461,-3.5068357,0.5254247
167.73999,-8.564792,-8.794542,0.68530726
167.76,10.664334,-60.229496,0.5254247
167.78,1.049771,-7.672908,0.36554214
167.8,15.471616,-4.6284704,0.20565958
167.81999,10.664334,-6.5512733,-0.114105515
167.84,15.471616,-5.429638,-0.114105515
167.86,-13.372073,-14.723184,0.20565958
167.87999,-27.793919,-8.954777,0.20565958
167.9,-8.564792,-4.948938,0.5254247
167.92,15.471616,7.228812,-0.2739881
167.94,25.08618,-17.607388,-0.4338706
167.95999,-22.986637,10.27325,0.20565958
167.98,25.08618,5.3060093,0.5254247
168.0,10.664334,-21.132523,0.5254247
168.01999,-95.09586,32.866184,0.20565958
168.04,-3.7575107,4.6650753,0.36554214
168.06,34.700745,-0.14193134,0.045777034
168.08,63.54443,-0.9430991,-0.4338706
168.09999,-18.179356,-1.4237996,0.045777034
168.12,-13.372073,-13.761782,0.045777034
168.14,73.159,58.824028,0.045777034
168.16,-3.7575107,21.329365,0.20565958
168.18,25.08618,-12.960614,-0.4338706
168.2,73.159,15.72119,0.20565958
168.22,5.857053,13.477921,0.5254247
168.23999,-32.6012,13.157454,0.5254247
168.26,-8.564792,13.638155,-0.114105515
168.28,-22.986637,-7.5126743,-0.2739881
168.3,-8.564792,3.2229733,-0.114105515
168.31999,-75.86674,23.732868,0.20565958
168.34,5.857053,-7.352441,-0.59375316
168.36,1.049771,-11.037811,-0.2739881
168.37999,15.471616,-27.061165,-0.7536357
168.4,5.857053,-14.883417,0.045777034
168.42,10.664334,-11.198046,-0.114105515
168.44,1.049771,-3.827303,-0.59375316
168.45999,-8.564792,18.605394,0.20565958
168.48,5.857053,8.02998,0.20565958
168.5,5.857053,5.145776,0.36554214
168.51999,-3.7575107,24.694271,-0.114105515
168.54,-8.564792,-36.835407,-0.114105515
168.56,-3.7575107,-17.76762,-0.2739881
168.58,1.049771,10.593717,-0.114105515
168.59999,77.96628,73.245056,0.20565958
168.62,-13.372073,-14.723184,-0.114105515
168.64,-8.564792,-8.794542,0.045777034
168.66,34.700745,-9.916177,-0.2739881
168.68,1.049771,-12.159447,-0.114105515
168.7,5.857053,-16.80622,-0.2739881
168.72,20.278896,3.0627398,-0.4338706
168.73999,5.857053,-5.7501054,-0.114105515
168.76,25.08618,30.142212,0.045777034
168.78,1.049771,7.8697467,-0.59375316
168.8,49.122585,2.7422726,-0.4338706
168.81999,10.664334,6.7481112,-0.114105515
168.84,-18.179356,2.1013381,-0.2739881
168.86,-22.986637,5.145776,-0.114105515
168.87999,5.857053,-12.800381,0.045777034
168.9,-13.372073,-19.530188,0.045777034
168.92,15.471616,10.113016,0.045777034
168.94,-56.637608,3.3832066,0.20565958
168.95999,58.737152,5.6264763,0.20565958
168.98,58.737152,-3.6670694,-0.4338706
169.0,-8.564792,39.435764,0.20565958
169.01999,5.857053,16.20189,0.20565958
169.04,-18.179356,-0.14193134,0.045777034
169.06,5.857053,-8.153608,-0.2739881
169.08,15.471616,10.27325,-0.114105515
169.09999,-8.564792,5.9469438,0.36554214
169.12,63.54443,-5.589872,0.045777034
169.14,1.049771,2.261572,0.20565958
169.16,25.08618,4.825309,0.045777034
169.18,-3.7575107,28.539877,-0.4338706
169.2,15.471616,21.810066,-0.114105515
169.22,5.857053,26.296606,0.20565958
169.23999,-3.7575107,23.893103,0.68530726
169.26,-3.7575107,0.9797035,0.20565958
169.28,-47.023045,16.041658,0.045777034
169.3,58.737152,-3.026135,-0.114105515
169.31999,-8.564792,17.163294,0.045777034
169.34,15.471616,-3.9875362,-0.114105515
169.36,1.049771,10.593717,-0.114105515
169.37999,25.08618,28.700111,-0.114105515
169.4,1.049771,18.925863,-0.114105515
169.42,10.664334,14.1188545,0.045777034
169.44,-8.564792,36.71179,-0.4338706
169.45999,5.857053,82.85908,-0.2739881
169.48,-8.564792,25.49544,0.20565958
169.5,87.58084,21.0089,0.36554214
169.51999,20.278896,-47.89152,0.045777034
169.54,29.893461,-24.978128,-0.2739881
169.56,58.737152,-9.916177,-0.4338706
169.58,1.049771,-22.093925,-0.59375316
169.59999,-27.793919,-8.794542,-0.2739881
169.62,10.664334,-42.12311,-0.9135183
169.64,5.857053,14.1188545,0.045777034
169.66,-3.7575107,10.914185,0.045777034
169.68,-8.564792,-10.076411,0.36554214
169.7,-27.793919,-5.7501054,0.045777034
169.72,1.049771,13.798388,-0.7536357
169.73999,15.471616,0.9797035,-0.4338706
169.76,5.857053,-12.960614,-0.9135183
169.78,10.664334,7.3890457,-0.2739881
169.8,-47.023045,5.78671,-0.114105515
169.81999,1.049771,-23.375792,-0.59375316
169.84,-22.986637,12.99722,0.045777034
169.86,20.278896,13.317687,-0.59375316
169.87999,10.664334,22.77147,-0.2739881
169.9,10.664334,-21.933691,0.20565958
169.92,10.664334,-10.396878,0.045777034
169.94,34.700745,-51.57689,-0.2739881
169.95999,63.54443,13.157454,0.20565958
169.98,25.08618,14.599556,-0.114105515
170.0,5.857053,-3.1863687,-0.114105515
170.01999,-3.7575107,17.804228,-0.4338706
170.04,25.08618,-63.594402,-0.59375316
170.06,5.857053,-11.678746,-0.114105515
170.08,10.664334,34.78899,0.20565958
170.09999,1.049771,-17.447153,0.5254247
170.12,-13.372073,-17.126686,0.20565958
170.14,29.893461,-35.874004,0.5254247
170.16,15.471616,2.261572,0.045777034
170.18,1.049771,3.0627398,-0.114105515
170.2,10.664334,16.20189,-0.114105515
170.22,-3.7575107,-9.916177,-0.59375316
170.23999,-3.7575107,-22.254158,-0.59375316
170.26,5.857053,-0.9430991,0.045777034
170.28,-13.372073,-32.669334,0.20565958
170.3,-22.986637,9.151615,0.20565958
170.31999,-8.564792,-11.83898,-0.2739881
170.34,25.08618,-41.96288,0.045777034
170.36,29.893461,-22.414392,-0.59375316
170.37999,-13.372073,17.96446,-0.2739881
170.4,10.664334,13.477921,-0.4338706
170.42,-3.7575107,-3.026135,-0.4338706
170.44,58.737152,-2.8659017,-0.4338706
170.45999,1.049771,10.593717,-0.2739881
170.48,20.278896,-11.358279,-0.4338706
170.5,15.471616,5.466243,-0.2739881
170.51999,-3.7575107,31.103615,0.20565958
170.54,34.700745,-16.325518,-0.4338706
170.56,20.278896,-11.358279,-0.114105515
170.58,5.857053,-4.14777,-0.114105515
170.59999,-3.7575107,-20.331356,0.045777034
170.62,-18.179356,8.190214,-0.114105515
170.64,-3.7575107,9.151615,-0.114105515
170.66,-13.372073,3.3832066,-0.4338706
170.68,53.92987,-14.562949,-0.114105515
170.7,-3.7575107,-7.833141,-0.4338706
170.72,29.893461,-25.93953,-0.2739881
170.73999,-13.372073,-7.0319734,-0.7536357
170.76,-3.7575107,7.549279,-0.114105515
170.78,34.700745,-15.364117,-0.4338706
170.8,1.049771,-10.076411,0.20565958
170.81999,-3.7575107,-11.999213,0.20565958
170.84,5.857053,19.727032,-0.2739881
170.86,-3.7575107,-1.7442669,-0.114105515
170.87999,10.664334,12.356286,-0.7536357
170.9,20.278896,-16.485752,-0.2739881
170.92,-8.564792,-19.850657,-0.7536357
170.94,-27.793919,-4.14777,0.045777034
170.95999,20.278896,-12.640147,0.045777034
170.98,34.700745,3.3832066,0.20565958
171.0,1.049771,31.584314,0.045777034
171.01999,44.315308,-11.037811,-0.2739881
171.04,25.08618,-4.468237,0.045777034
171.06,-18.179356,-7.993375,-0.114105515
171.08,-8.564792,8.670914,-0.114105515
171.09999,-32.6012,4.825309,0.20565958
171.12,10.664334,27.898943,-0.114105515
171.14,34.700745,21.4896,0.20565958
171.16,1.049771,-3.9875362,0.36554214
171.18,-13.372073,-35.393307,0.045777034
171.2,-8.564792,1.3001705,0.045777034
171.22,10.664334,-24.497427,-0.59375316
171.23999,-22.986637,22.611235,-0.4338706
171.26,-8.564792,-13.601548,-0.114105515
171.28,44.315308,-21.452991,0.36554214
171.3,10.664334,-57.024826,-0.114105515
171.31999,-22.986637,-20.331356,0.045777034
171.34,-85.48129,18.124695,0.20565958
171.36,-13.372073,15.24049,0.20565958
171.37999,25.08618,-28.823734,0.5254247
171.4,-13.372073,-36.354706,-0.114105515
171.42,20.278896,-7.5126743,0.20565958
171.44,-13.372073,-7.833141,0.20565958
171.45999,-27.793919,-6.230806,0.045777034
171.48,15.471616,-8.634309,0.045777034
171.5,-13.372073,-6.230806,-0.59375316
171.51999,-66.25217,1.6206378,-0.4338706
171.54,15.471616,-8.474075,-0.2739881
171.56,-27.793919,16.041658,0.20565958
171.58,34.700745,33.66735,0.36554214
171.59999,-42.215763,3.5434403,-0.114105515
171.62,-42.215763,15.24049,0.5254247
171.64,5.857053,21.9703,0.045777034
171.66,10.664334,57.22169,0.045777034
171.68,68.35171,34.148052,-0.114105515
171.7,-18.179356,-3.6670694,-0.114105515
171.72,15.471616,29.501278,0.20565958
171.73999,-27.793919,6.2674108,0.20565958
171.76,-22.986637,14.439322,-0.114105515
171.78,-8.564792,-5.1091714,-0.114105515
171.8,-3.7575107,1.6206378,-0.114105515
171.81999,10.664334,-30.906769,0.045777034
171.84,34.700745,7.3890457,-0.4338706
171.86,44.315308,33.66735,0.045777034
171.87999,-8.564792,4.3446083,0.20565958
171.9,-13.372073,-25.45883,-0.4338706
171.92,20.278896,-22.895092,-0.2739881
171.94,-3.7575107,-7.5126743,0.20565958
171.95999,53.92987,5.9469438,0.36554214
171.98,1.049771,21.810066,0.68530726
172.0,39.508022,24.213572,0.5254247
172.01999,-27.793919,-29.1442,0.045777034
172.04,10.664334,-23.856495,0.045777034
172.06,-18.179356,-5.589872,0.045777034
172.08,25.08618,-17.447153,-0.114105515
172.09999,-18.179356,18.925863,0.5254247
172.12,1.049771,37.19249,0.8451898
172.14,1.049771,4.184375,0.5254247
172.16,-18.179356,4.504842,-0.2739881
172.18,15.471616,-5.589872,-0.2739881
172.2,-3.7575107,9.311849,0.36554214
172.22,-37.40848,21.9703,0.8451898
172.23999,5.857053,24.854506,0.5254247
172.26,10.664334,-17.927853,-0.2739881
172.28,-3.7575107,0.9797035,0.20565958
172.3,-3.7575107,31.424084,0.5254247
172.31999,15.471616,1.9411048,0.045777034
172.34,-18.179356,1.3001705,0.20565958
172.36,29.893461,-48.53245,-0.2739881
172.37999,1.049771,-4.6284704,0.045777034
172.4,20.278896,4.825309,0.045777034
172.42,1.049771,0.17853576,0.045777034
172.44,-37.40848,-2.8659017,0.20565958
172.45999,1.049771,-2.0647337,0.045777034
172.48,10.664334,-9.115009,0.5254247
172.5,-3.7575107,-71.60607,-0.114105515
172.51999,-22.986637,-6.0705724,0.5254247
172.54,34.700745,-14.723184,0.20565958
172.56,-8.564792,-46.128952,0.68530726
172.58,39.508022,4.504842,0.68530726
172.59999,15.471616,0.81947,0.8451898
172.62,15.471616,4.6650753,1.0050724
172.64,-3.7575107,-27.38163,0.5254247
172.66,-13.372073,-28.983965,0.8451898
172.68,20.278896,12.51652,0.8451898
172.7,1.049771,9.792548,0.68530726
172.72,39.508022,-3.6670694,0.20565958
172.73999,-22.986637,-31.868172,0.20565958
172.76,-8.564792,-3.1863687,0.20565958
172.78,-32.6012,-29.785133,0.045777034
172.8,5.857053,-7.833141,0.045777034
172.81999,-8.564792,18.445162,0.045777034
172.84,49.122585,15.881425,0.68530726
172.86,5.857053,8.190214,0.20565958
172.87999,82.77356,-1.5840333,0.5254247
172.9,10.664334,-1.7442669,0.045777034
172.92,-13.372073,-30.265835,0.045777034
172.94,-18.179356,5.78671,-0.114105515
172.95999,-13.372073,17.96446,0.36554214
172.98,34.700745,4.024141,0.20565958
173.0,-3.7575107,-14.562949,0.20565958
173.01999,20.278896,-18.408554,0.5254247
173.04,10.664334,14.439322,0.20565958
173.06,29.893461,14.599556,0.045777034
173.08,77.96628,73.56552,0.5254247
173.09999,15.471616,-8.634309,0.20565958
173.12,10.664334,-30.746534,-0.2739881
173.14,34.700745,-15.364117,-0.2739881
173.16,10.664334,1.6206378,0.045777034
173.18,-37.40848,6.908345,0.20565958
173.2,15.471616,-3.9875362,0.045777034
173.22,29.893461,-42.12311,0.20565958
173.23999,-42.215763,-4.6284704,0.20565958
173.26,-8.564792,-33.310272,-0.114105515
173.28,44.315308,10.593717,0.20565958
173.3,1.049771,-2.8659017,-0.114105515
173.31999,1.049771,18.445162,0.36554214
173.34,15.471616,4.9855423,0.68530726
173.36,-27.793919,1.9411048,0.8451898
173.37999,1.049771,-21.132523,0.20565958
173.4,-3.7575107,2.5820389,0.20565958
173.42,-8.564792,3.2229733,0.045777034
173.44,20.278896,-0.14193134,0.045777034
173.45999,5.857053,-13.281082,0.5254247
173.48,-27.793919,-31.067003,0.045777034
173.5,34.700745,-19.049488,0.045777034
173.51999,1.049771,4.024141,0.36554214
173.54,1.049771,28.539877,0.5254247
173.56,-13.372073,74.84739,0.5254247
173.58,29.893461,6.1071773,0.5254247
173.59999,29.893461,0.33876932,-0.2739881
173.62,5.857053,-21.292757,0.20565958
173.64,5.857053,-11.518513,0.5254247
173.66,44.315308,-23.21556,0.20565958
173.68,-3.7575107,2.7422726,0.5254247
173.7,25.08618,-14.402717,-0.4338706
173.72,5.857053,13.477921,0.20565958
173.73999,29.893461,-12.640147,0.36554214
173.76,-8.564792,-19.369957,0.5254247
173.78,5.857053,13.958622,-0.2739881
173.8,44.315308,-9.59571,0.20565958
173.81999,53.92987,16.20189,0.5254247
173.84,25.08618,-7.0319734,-0.2739881
173.86,10.664334,-1.2635663,-0.114105515
173.87999,1.049771,-2.7056682,0.045777034
173.9,1.049771,13.638155,0.045777034
173.92,-3.7575107,17.163294,-0.114105515
173.94,-3.7575107,11.074417,0.20565958
173.95999,29.893461,-8.153608,0.20565958
173.98,-37.40848,13.317687,1.3248374
174.0,10.664334,19.406563,0.8451898
174.01999,39.508022,10.433483,0.20565958
174.04,20.278896,27.738708,0.36554214
174.06,25.08618,11.074417,0.5254247
174.08,25.08618,-11.358279,-0.114105515
174.09999,39.508022,21.169132,0.20565958
174.12,5.857053,2.1013381,0.045777034
174.14,10.664334,3.5434403,0.5254247
174.16,25.08618,22.77147,0.045777034
174.18,-8.564792,36.391323,0.5254247
174.2,-3.7575107,-33.630737,0.5254247
174.22,5.857053,-10.717345,0.5254247
174.23999,68.35171,-1.4237996,-0.114105515
174.26,-8.564792,2.902506,0.5254247
174.28,20.278896,16.842825,0.20565958
174.3,53.92987,23.893103,0.20565958
174.31999,5.857053,-44.20615,-0.2739881
174.34,5.857053,18.925863,0.5254247
174.36,25.08618,-29.1442,0.20565958
174.37999,25.08618,21.649834,0.20565958
174.4,34.700745,-4.7887044,0.5254247
174.42,34.700745,-7.0319734,0.045777034
174.44,44.315308,-19.209723,0.045777034
174.45999,20.278896,-20.812057,0.045777034
174.48,-22.986637,9.632316,0.8451898
174.5,5.857053,21.0089,0.5254247
174.51999,-47.023045,1.6206378,0.5254247
174.54,5.857053,-0.30216488,0.045777034
174.56,5.857053,-18.248322,-0.114105515
174.58,15.471616,6.5878778,0.20565958
174.59999,15.471616,3.2229733,-0.2739881
174.62,-8.564792,-1.5840333,0.045777034
174.64,49.122585,0.9797035,0.36554214
174.66,-3.7575107,-29.945368,0.5254247
174.68,29.893461,-9.755944,0.5254247
174.7,1.049771,-10.877579,0.36554214
174.72,-37.40848,5.9469438,0.8451898
174.73999,10.664334,-29.304434,-0.114105515
174.76,29.893461,-40.68101,-0.4338706
174.78,15.471616,4.184375,0.36554214
174.8,10.664334,-3.6670694,0.36554214
174.81999,15.471616,-35.71377,0.8451898
174.84,1.049771,-29.624899,0.045777034
174.86,-61.44489,14.279089,0.045777034
174.87999,15.471616,2.4218054,-0.2739881
174.9,-42.215763,29.501278,0.5254247
174.92,-32.6012,-1.7442669,0.5254247
174.94,-3.7575107,-14.08225,-0.114105515
174.95999,-13.372073,47.928143,0.5254247
174.98,1.049771,-15.203884,0.5254247
175.0,29.893461,9.632316,1.0050724
175.01999,1.049771,2.5820389,0.8451898
175.04,-13.372073,5.466243,0.5254247
175.06,-27.793919,-5.910339,-0.4338706
175.08,34.700745,-16.165285,0.045777034
175.09999,53.92987,-24.978128,0.36554214
175.12,29.893461,4.825309,0.5254247
175.14,29.893461,44.403,0.20565958
175.16,10.664334,0.6592364,-0.4338706
175.18,5.857053,30.622915,0.36554214
175.2,10.664334,12.8369875,0.36554214
175.22,15.471616,-10.557112,-0.114105515
175.23999,-42.215763,-28.823734,0.36554214
175.26,1.049771,-8.794542,-0.114105515
175.28,-8.564792,-3.6670694,0.20565958
175.3,-13.372073,14.279089,0.5254247
175.31999,63.54443,-6.230806,-0.114105515
175.34,-22.986637,11.555119,-0.2739881
175.36,1.049771,2.261572,0.045777034
175.37999,29.893461,-8.954777,0.045777034
175.4,1.049771,10.433483,0.5254247
175.42,29.893461,1.3001705,-0.114105515
175.44,15.471616,30.622915,-0.2739881
175.45999,-42.215763,-20.331356,-0.2739881
175.48,5.857053,-21.773457,-0.114105515
175.5,-8.564792,18.124695,0.045777034
175.51999,-3.7575107,13.638155,-0.114105515
175.54,10.664334,16.041658,0.045777034
175.56,-18.179356,-8.474075,0.20565958
175.58,10.664334,-12.960614,-0.4338706
175.59999,-22.986637,-7.192207,-0.4338706
175.62,58.737152,8.670914,-0.2739881
175.64,-27.793919,-7.993375,0.20565958
175.66,-18.179356,-0.46239844,-0.114105515
175.68,1.049771,-2.8659017,0.20565958
175.7,10.664334,0.81947,-0.2739881
175.72,34.700745,-8.794542,-0.59375316
175.73999,-42.215763,-12.640147,-0.7536357
175.76,-18.179356,21.0089,0.20565958
175.78,29.893461,7.3890457,0.045777034
175.8,-13.372073,-3.9875362,-0.2739881
175.81999,-18.179356,21.4896,-0.2739881
175.84,39.508022,-25.298595,-0.59375316
175.86,-18.179356,6.908345,0.36554214
175.87999,-22.986637,-6.711507,-0.114105515
175.9,34.700745,14.759789,-0.2739881
175.92,-37.40848,21.810066,-0.7536357
175.94,-3.7575107,-14.883417,-0.114105515
175.95999,20.278896,30.622915,0.045777034
175.98,-8.564792,15.400723,0.045777034
176.0,-27.793919,7.0685787,0.5254247
176.01999,53.92987,-37.47634,-0.59375316
176.04,10.664334,0.81947,-0.7536357
176.06,-37.40848,51.29305,0.045777034
176.08,-18.179356,11.234652,-0.114105515
176.09999,34.700745,4.6650753,-0.2739881
176.12,20.278896,-9.755944,-0.2739881
176.14,15.471616,-17.286919,-0.2739881
176.16,-22.986637,6.1071773,0.045777034
176.18,-22.986637,-7.0319734,-0.114105515
176.2,10.664334,-5.589872,-0.4338706
176.22,25.08618,5.145776,0.045777034
176.23999,-32.6012,27.898943,0.20565958
176.26,1.049771,29.18081,-0.114105515
176.28,10.664334,33.827583,0.5254247
176.3,1.049771,8.991381,-0.2739881
176.31999,-95.09586,16.362125,-0.4338706
176.34,20.278896,22.290768,-0.114105515
176.36,5.857053,-3.6670694,-0.2739881
176.37999,-13.372073,-29.1442,0.045777034
176.4,-3.7575107,-0.30216488,0.20565958
176.42,58.737152,-16.165285,-0.114105515
176.44,-27.793919,-18.889254,-0.4338706
176.45999,-27.793919,23.732868,-0.114105515
176.48,-3.7575107,-9.59571,0.36554214
176.5,5.857053,6.4276443,0.20565958
176.51999,-42.215763,26.296606,0.5254247
176.54,5.857053,-18.248322,-0.2739881
176.56,-3.7575107,-3.6670694,-0.4338706
176.58,-22.986637,16.041658,0.045777034
176.59999,-32.6012,-19.690422,-0.4338706
176.62,15.471616,14.1188545,0.20565958
176.64,-18.179356,11.555119,0.045777034
176.66,-3.7575107,2.1013381,-0.114105515
176.68,1.049771,-12.159447,0.045777034
176.7,1.049771,-59.268093,0.20565958
176.72,-32.6012,-18.729021,0.8451898
176.73999,-22.986637,-10.076411,0.045777034
176.76,44.315308,41.839264,0.20565958
176.78,-3.7575107,-3.6670694,0.045777034
176.8,10.664334,-54.781555,-0.7536357
176.81999,1.049771,-2.7056682,-0.4338706
176.84,20.278896,-11.358279,-0.4338706
176.86,-8.564792,-7.352441,-0.7536357
176.87999,-27.793919,-3.026135,0.20565958
176.9,5.857053,-6.3910394,0.68530726
176.92,-8.564792,-44.847084,0.20565958
176.94,-37.40848,20.207731,0.20565958
176.95999,10.664334,8.02998,0.5254247
176.98,15.471616,-2.2249672,0.5254247
177.0,-13.372073,7.228812,0.5254247
177.01999,5.857053,-9.916177,-0.114105515
177.04,5.857053,-15.364117,-0.2739881
177.06,5.857053,28.379642,-0.2739881
177.08,-18.179356,-24.657661,0.045777034
177.09999,-32.6012,6.5878778,0.20565958
177.12,-8.564792,16.041658,0.20565958
177.14,10.664334,-11.678746,0.20565958
177.16,-3.7575107,-34.59214,0.045777034
177.18,-22.986637,-23.856495,0.045777034
177.2,-13.372073,-19.530188,0.5254247
177.22,-27.793919,13.638155,0.045777034
177.23999,25.08618,-7.833141,-0.59375316
177.26,15.471616,-4.7887044,-0.114105515
177.28,-42.215763,5.78671,0.045777034
177.3,-8.564792,7.709513,0.20565958
177.31999,-18.179356,-1.4237996,0.20565958
177.34,10.664334,-22.093925,0.045777034
177.36,-27.793919,-9.275244,0.045777034
177.37999,15.471616,-10.396878,0.5254247
177.4,5.857053,-44.20615,-0.7536357
177.42,-8.564792,17.643993,0.20565958
177.44,10.664334,-58.306694,-0.4338706
177.45999,10.664334,7.228812,-0.114105515
177.48,1.049771,14.439322,-0.114105515
177.5,10.664334,-20.331356,-0.114105515
177.51999,-8.564792,2.261572,0.20565958
177.54,34.700745,2.4218054,0.20565958
177.56,20.278896,13.638155,0.5254247
177.58,39.508022,-5.1091714,-0.114105515
177.59999,5.857053,2.1013381,-0.114105515
177.62,-3.7575107,11.234652,-0.4338706
177.64,49.122585,-20.812057,-0.114105515
177.65999,10.664334,-4.14777,-0.114105515
177.68,1.049771,10.27325,0.68530726
177.7,1.049771,7.709513,0.36554214
177.72,-3.7575107,19.246328,0.5254247
177.73999,20.278896,-27.702099,-0.4338706
177.76,1.049771,-1.4237996,-0.4338706
177.78,15.471616,7.549279,0.20565958
177.8,-3.7575107,27.418243,0.20565958
177.81999,-13.372073,14.279089,0.045777034
177.84,-47.023045,-3.3466022,-0.4338706
177.86,34.700745,-26.259996,-0.59375316
177.87999,15.471616,-57.345295,-0.114105515
177.9,-3.7575107,17.643993,-0.2739881
177.92,15.471616,23.091934,0.36554214
177.94,34.700745,0.81947,0.20565958
177.95999,-27.793919,-4.948938,0.045777034
177.98,29.893461,-7.993375,0.045777034
178.0,15.471616,0.81947,-0.2739881
178.01999,15.471616,1.6206378,-0.59375316
178.04,-3.7575107,-14.562949,-0.114105515
178.06,20.278896,-5.1091714,-0.114105515
178.08,-18.179356,-0.7828655,-0.2739881
178.09999,1.049771,33.186653,-0.2739881
178.12,15.471616,14.599556,-0.2739881
178.14,121.23181,-17.76762,-0.4338706
178.15999,10.664334,-5.7501054,0.20565958
178.18,1.049771,-19.530188,-0.114105515
178.2,68.35171,17.163294,-0.2739881
178.22,44.315308,2.7422726,-0.59375316
178.23999,25.08618,-9.916177,-0.9135183
178.26,-13.372073,-19.530188,-0.2739881
178.28,49.122585,4.9855423,-0.4338706
178.3,10.664334,-15.203884,0.045777034
178.31999,-8.564792,7.0685787,0.20565958
178.34,-22.986637,-3.6670694,0.20565958
178.36,-42.215763,-1.5840333,0.20565958
178.37999,-13.372073,-24.17696,-0.4338706
178.4,34.700745,2.7422726,-0.4338706
178.42,-75.86674,14.920023,0.36554214
178.44,29.893461,27.097775,0.045777034
178.45999,-22.986637,12.196053,0.20565958
178.48,-27.793919,-36.194473,-0.114105515
178.5,34.700745,9.952783,0.045777034
178.51999,44.315308,13.798388,-0.114105515
178.54,25.08618,0.17853576,-0.114105515
178.56,-22.986637,18.124695,0.20565958
178.58,29.893461,12.356286,0.36554214
178.59999,58.737152,-15.04365,-0.59375316
178.62,1.049771,-18.088087,0.045777034
178.64,-13.372073,-25.619062,0.20565958
178.65999,10.664334,-15.203884,0.045777034
178.68,-56.637608,-16.165285,-0.114105515
178.7,-8.564792,-0.30216488,0.045777034
178.72,25.08618,-0.9430991,-0.4338706
178.73999,34.700745,9.792548,-0.4338706
178.76,-8.564792,-0.9430991,-0.114105515
178.78,10.664334,-2.8659017,0.045777034
178.8,20.278896,-23.856495,0.36554214
178.81999,-18.179356,5.9469438,0.68530726
178.84,5.857053,-27.38163,-0.2739881
178.86,-18.179356,17.804228,-0.114105515
178.87999,5.857053,2.4218054,0.20565958
178.9,25.08618,5.3060093,0.36554214
178.92,-8.564792,-14.402717,0.5254247
178.94,-3.7575107,-0.30216488,-0.2739881
178.95999,-27.793919,-8.474075,-0.2739881
178.98,-3.7575107,3.5434403,-0.2739881
179.0,-56.637608,25.49544,0.20565958
179.01999,-3.7575107,-0.7828655,-0.114105515
179.04,-13.372073,10.113016,-0.114105515
179.06,-8.564792,-17.927853,-0.114105515
179.08,15.471616,-17.447153,-0.4338706
179.09999,15.471616,23.572638,-0.2739881
179.12,-13.372073,30.622915,0.36554214
179.14,10.664334,8.670914,0.045777034
179.15999,34.700745,-7.993375,-0.2739881
179.18,-13.372073,-13.281082,-0.114105515
179.2,-8.564792,-2.8659017,-0.114105515
179.22,10.664334,37.352726,0.5254247
179.23999,20.278896,29.341045,0.20565958
179.26,1.049771,-24.657661,0.20565958
179.28,15.471616,-41.161713,0.20565958
179.3,39.508022,-44.68685,0.045777034
179.31999,-37.40848,-56.063423,-0.114105515
179.34,10.664334,13.477921,0.045777034
179.36,5.857053,31.904783,0.68530726
179.37999,25.08618,7.228812,0.045777034
179.4,1.049771,-24.817896,-0.114105515
179.42,1.049771,13.317687,-0.114105515
179.44,-32.6012,17.163294,0.5254247
179.45999,5.857053,-46.930115,0.20565958
179.48,20.278896,4.825309,0.20565958
179.5,39.508022,-15.684585,0.36554214
179.51999,34.700745,-22.414392,0.5254247
179.54,20.278896,-1.1033326,0.045777034
179.56,1.049771,-15.524351,0.68530726
179.58,-8.564792,-15.524351,0.20565958
179.59999,34.700745,11.715352,0.045777034
179.62,20.278896,-44.045914,0.5254247
179.64,-22.986637,1.3001705,0.20565958
179.65999,-18.179356,-5.589872,0.8451898
179.68,-8.564792,18.605394,-0.2739881
179.7,10.664334,0.6592364,0.20565958
179.72,15.471616,-0.46239844,-0.2739881
179.73999,-18.179356,17.804228,0.5254247
179.76,-3.7575107,-32.5091,0.5254247
179.78,-8.564792,-10.236644,0.20565958
179.8,15.471616,-45.808483,0.045777034
179.81999,44.315308,21.649834,-0.114105515
179.84,-8.564792,59.464962,0.5254247
179.86,25.08618,14.599556,0.20565958
179.87999,10.664334,20.848665,0.5254247
179.9,-8.564792,-32.82957,-0.2739881
179.92,25.08618,21.169132,0.045777034
179.94,10.664334,15.400723,0.045777034
179.95999,49.122585,20.047497,0.20565958
179.98,-3.7575107,-8.634309,-0.4338706
180.0,-27.793919,-22.414392,-0.114105515
180.01999,289.4867,-72.40724,-8.58788
180.04,-205.66333,70.200615,-1.5530485
180.06,-104.71042,-3.827303,-0.4338706
180.08,-56.637608,46.646275,0.36554214
180.09999,-42.215763,-7.833141,-0.2739881
180.12,-32.6012,-7.0319734,0.045777034
180.14,-51.830326,-18.248322,0.045777034
180.15999,-37.40848,-5.1091714,-0.114105515
180.18,-61.44489,30.622915,-0.114105515
180.2,-18.179356,-0.14193134,-0.114105515
180.22,-51.830326,-19.850657,-0.114105515
180.23999,-85.48129,-44.68685,0.045777034
180.26,-56.637608,14.920023,0.045777034
180.28,-8.564792,21.9703,-0.2739881
180.3,-71.05945,51.132812,0.36554214
180.31999,-56.637608,8.190214,0.36554214
180.34,-104.71042,11.074417,0.045777034
180.36,-80.67402,-6.5512733,0.20565958
180.37999,-51.830326,15.72119,-0.114105515
180.4,-56.637608,-20.812057,-0.114105515
180.42,-66.25217,4.825309,-0.114105515
180.44,-71.05945,24.373804,0.20565958
180.45999,-75.86674,-21.452991,-0.2739881
180.48,-71.05945,10.113016,-0.2739881
180.5,-80.67402,40.717632,0.045777034
180.51999,-32.6012,44.883705,0.045777034
180.54,-119.13227,3.7036738,-0.4338706
180.56,-90.288574,3.5434403,0.68530726
180.58,-61.44489,-1.7442669,0.20565958
180.59999,-138.36139,22.451,0.045777034
180.62,-90.288574,41.358562,0.20565958
180.64,-75.86674,-6.3910394,-0.114105515
180.65999,-80.67402,3.2229733,-0.9135183
180.68,-90.288574,4.825309,-0.2739881
180.7,15.471616,3.5434403,-0.114105515
180.72,-80.67402,3.3832066,-0.4338706
180.73999,-104.71042,-13.922015,-0.114105515
180.76,-109.5177,-20.01089,0.045777034
180.78,-56.637608,-17.927853,-0.2739881
180.8,-71.05945,3.8639073,0.5254247
180.81999,-42.215763,-20.01089,0.20565958
180.84,-133.55412,12.196053,0.045777034
180.86,-80.67402,-10.557112,-0.114105515
180.87999,-85.48129,-23.375792,-0.114105515
180.9,-123.93955,-3.5068357,-0.2739881
180.92,-99.903145,10.914185,-0.2739881
180.94,-104.71042,8.02998,-0.4338706
180.95999,-66.25217,10.75395,0.20565958
180.98,-119.13227,-3.1863687,-0.114105515
181.0,-123.93955,-41.00148,0.045777034
181.01999,-128.74683,-9.755944,0.045777034
181.04,-143.16867,13.317687,0.20565958
181.06,-75.86674,-21.933691,0.20565958
181.08,-22.986637,-4.3080034,-0.114105515
181.09999,-71.05945,-0.46239844,-0.2739881
181.12,-80.67402,11.074417,-0.114105515
181.14,-56.637608,-20.651823,-1.0734009
181.15999,-85.48129,-5.910339,0.20565958
181.18,-90.288574,-6.0705724,-0.114105515
181.2,-90.288574,15.400723,0.68530726
181.22,-114.32499,1.4604042,-0.114105515
181.23999,-123.93955,33.026417,0.20565958
181.26,-143.16867,-27.541864,0.20565958
181.28,-99.903145,22.451,0.36554214
181.3,-85.48129,5.3060093,0.20565958
181.31999,-114.32499,27.258009,0.045777034
181.34,-104.71042,6.7481112,-0.4338706
181.36,-172.01237,-11.358279,-0.7536357
181.37999,-104.71042,29.501278,-0.2739881
181.4,-61.44489,9.632316,0.20565958
181.42,-104.71042,-35.55354,-0.114105515
181.44,-42.215763,45.20417,-0.114105515
181.45999,-176.81964,-39.879845,-0.4338706
181.48,-138.36139,6.7481112,-0.7536357
181.5,-66.25217,-6.711507,0.20565958
181.51999,-104.71042,11.074417,0.045777034
181.54,-80.67402,15.080256,0.20565958
181.56,-56.637608,-26.259996,-0.2739881
181.58,-128.74683,-28.983965,-0.2739881
181.59999,-128.74683,-9.435476,-0.114105515
181.62,-85.48129,12.51652,-0.2739881
181.64,-80.67402,-36.835407,0.045777034
181.65999,-119.13227,-23.375792,0.045777034
181.68,-109.5177,0.81947,1.0050724
181.7,-147.97597,2.5820389,0.045777034
181.72,-109.5177,-7.993375,-0.2739881
181.73999,-114.32499,1.3001705,0.20565958
181.76,-172.01237,-0.30216488,0.68530726
181.78,-147.97597,-3.9875362,0.20565958
181.8,-114.32499,-7.192207,-0.59375316
181.81999,-85.48129,0.17853576,0.20565958
181.84,-128.74683,19.406563,-0.2739881
181.86,-123.93955,-12.960614,-0.2739881
181.87999,-138.36139,15.080256,0.20565958
181.9,-157.59052,34.46852,0.5254247
181.92,-123.93955,-4.468237,0.20565958
181.94,-90.288574,-28.022566,-0.4338706
181.95999,-143.16867,31.424084,-0.4338706
181.98,-138.36139,14.599556,0.20565958
182.0,-99.903145,3.5434403,0.5254247
182.01999,-114.32499,-44.20615,0.045777034
182.04,-99.903145,16.362125,-0.4338706
182.06,-172.01237,-3.1863687,-0.114105515
182.08,-133.55412,-51.57689,0.045777034
182.09999,-80.67402,7.3890457,0.20565958
182.12,-133.55412,-17.447153,0.045777034
182.14,-119.13227,-35.393307,-0.2739881
182.15999,-95.09586,-3.3466022,0.20565958
182.18,-162.3978,3.3832066,0.5254247
182.2,-123.93955,3.5434403,0.045777034
182.22,-143.16867,14.920023,-0.2739881
182.23999,-75.86674,-29.304434,-0.4338706
182.26,-138.36139,-2.0647337,-0.7536357
182.28,-133.55412,-4.948938,0.045777034
182.3,-147.97597,25.174973,-0.114105515
182.31999,-95.09586,7.549279,-0.59375316
182.34,-138.36139,7.0685787,-0.7536357
182.36,-152.78323,-25.619062,-0.2739881
182.37999,-123.93955,2.261572,-0.4338706
182.4,-167.20508,-0.9430991,-0.2739881
182.42,-172.01237,-1.4237996,-0.4338706
182.44,-138.36139,-53.01899,-0.59375316
182.45999,-157.59052,27.418243,-0.2739881
182.48,-123.93955,-14.883417,-0.114105515
182.5,-143.16867,-4.3080034,-0.4338706
182.51999,-147.97597,-12.479914,-0.59375316
182.54,-172.01237,-16.645985,-0.4338706
182.56,-176.81964,7.709513,0.20565958
182.58,-167.20508,71.16202,0.045777034
182.59999,-234.50702,0.6592364,0.20565958
182.62,-138.36139,-27.061165,-0.59375316
182.64,-167.20508,-10.236644,-0.59375316
182.65999,-143.16867,0.6592364,-0.4338706
182.68,-167.20508,0.018302217,-0.4338706
182.7,-152.78323,37.51296,-0.2739881
182.72,-157.59052,-12.479914,0.36554214
182.73999,-147.97597,-12.479914,-0.9135183
182.76,-152.78323,-11.037811,-0.114105515
182.78,-143.16867,6.2674108,-0.4338706
182.8,-157.59052,14.279089,-0.114105515
182.81999,-196.04878,-14.723184,0.045777034
182.84,-123.93955,-0.7828655,-0.4338706
182.86,-167.20508,7.0685787,-0.2739881
182.87999,-133.55412,-8.794542,-0.4338706
182.9,-181.62692,19.086096,-0.2739881
182.92,-152.78323,24.213572,0.045777034
182.94,-172.01237,0.018302217,0.045777034
182.95999,-143.16867,-7.993375,-0.4338706
182.98,-123.93955,22.130533,-0.114105515
183.0,-200.85605,5.466243,-0.2739881
183.01999,-157.59052,-23.69626,-0.114105515
183.04,-196.04878,-28.6635,-0.4338706
183.06,-167.20508,-6.8717403,0.045777034
183.08,-220.08519,20.047497,-0.114105515
183.09999,-220.08519,8.510681,0.045777034
183.12,-138.36139,5.9469438,-0.4338706
183.14,-147.97597,20.528198,0.045777034
183.15999,-143.16867,-3.1863687,-0.2739881
183.18,-143.16867,14.759789,-0.4338706
183.2,-143.16867,-16.325518,-0.7536357
183.22,-186.4342,-7.352441,-0.59375316
183.23999,-172.01237,0.33876932,-0.4338706
183.26,-181.62692,-25.619062,0.045777034
183.28,-181.62692,-12.159447,-0.7536357
183.3,-191.24149,-8.954777,-0.4338706
183.31999,-167.20508,-0.7828655,-0.114105515
183.34,-162.3978,11.555119,-0.114105515
183.36,-186.4342,-6.5512733,-0.114105515
183.37999,-152.78323,5.6264763,-0.114105515
183.4,-172.01237,1.7808713,-0.7536357
183.42,-181.62692,-17.607388,-0.59375316
183.44,-181.62692,-40.200314,-0.2739881
183.45999,-167.20508,3.2229733,-0.2739881
183.48,-200.85605,4.3446083,-0.114105515
183.5,-196.04878,-29.785133,-0.2739881
183.51999,-143.16867,22.451,0.36554214
183.54,-172.01237,10.433483,0.20565958
183.56,-210.47061,-1.5840333,-0.7536357
183.58,-176.81964,3.2229733,-0.114105515
183.59999,-205.66333,-40.841244,-0.2739881
183.62,-215.2779,8.350447,0.045777034
183.64,-200.85605,21.649834,-0.114105515
183.65999,-167.20508,19.246328,-0.4338706
183.68,-181.62692,-27.38163,-0.7536357
183.7,-181.62692,-7.833141,-0.4338706
183.72,-157.59052,12.676753,0.045777034
183.73999,-162.3978,2.261572,0.045777034
183.76,-147.97597,-2.2249672,-0.7536357
183.78,-167.20508,13.638155,-0.4338706
183.8,-186.4342,8.190214,0.045777034
183.81999,-181.62692,-20.01089,-0.2739881
183.84,-181.62692,26.296606,-0.4338706
183.86,-258.54343,11.875586,-0.59375316
183.87999,-167.20508,5.9469438,-0.59375316
183.9,-210.47061,-16.966454,-0.114105515
183.92,-210.47061,-23.055326,-0.2739881
183.94,-176.81964,-2.8659017,-0.114105515
183.95999,-162.3978,11.234652,-0.2739881
183.98,-229.69974,32.866184,-0.114105515
184.0,-210.47061,8.670914,0.20565958
184.01999,-147.97597,0.33876932,-0.114105515
184.04,-152.78323,23.572638,0.20565958
184.06,-172.01237,11.074417,-0.4338706
184.08,-220.08519,-12.479914,-0.7536357
184.09999,-196.04878,-2.5454345,-0.4338706
184.12,-200.85605,26.136374,-0.7536357
184.14,-220.08519,-2.5454345,-0.114105515
184.15999,-234.50702,-42.764046,-0.2739881
184.18,-186.4342,-7.993375,-0.114105515
184.2,-176.81964,4.9855423,-0.2739881
184.22,-186.4342,-3.026135,-0.4338706
184.23999,-205.66333,-16.485752,-0.2739881
184.26,-210.47061,-15.364117,-0.4338706
184.28,-229.69974,2.261572,-1.0734009
184.3,-210.47061,-0.14193134,-0.114105515
184.31999,-220.08519,-10.877579,-0.2739881
184.34,-244.12158,-7.833141,-0.4338706
184.36,-215.2779,1.9411048,-0.59375316
184.37999,-263.3507,-17.447153,-0.59375316
184.4,-176.81964,0.9797035,-0.2739881
184.42,-162.3978,-1.5840333,-0.114105515
184.44,-263.3507,7.0685787,0.045777034
184.45999,-200.85605,-17.126686,-0.4338706
184.48,-234.50702,-3.1863687,-0.7536357
184.5,-181.62692,8.510681,0.20565958
184.51999,-215.2779,4.504842,0.20565958
184.54,-234.50702,-22.093925,0.20565958
184.56,-172.01237,-12.800381,-0.2739881
184.58,-210.47061,-15.364117,-0.2739881
184.59999,-196.04878,7.3890457,-0.2739881
184.62,-205.66333,-2.2249672,-0.114105515
184.64,-224.89246,-24.016727,-0.114105515
184.65999,-186.4342,-3.5068357,-0.2739881
184.68,-205.66333,2.5820389,-0.2739881
184.7,-205.66333,21.4896,-0.2739881
184.72,-215.2779,7.709513,-0.114105515
184.73999,-200.85605,5.3060093,-0.2739881
184.76,-200.85605,17.00306,-0.114105515
184.78,-234.50702,-5.429638,-0.2739881
184.8,-234.50702,-10.076411,0.20565958
184.81999,-196.04878,-4.7887044,0.20565958
184.84,-234.50702,-6.230806,-0.114105515
184.86,-215.2779,0.81947,-0.114105515
184.87999,-239.31432,-13.601548,-0.59375316
184.9,-224.89246,-13.601548,0.20565958
184.92,-205.66333,33.026417,-0.114105515
184.94,-191.24149,-6.711507,-0.7536357
184.95999,-186.4342,0.17853576,-0.4338706
184.98,-205.66333,8.831148,-0.4338706
185.0,-176.81964,-12.960614,-0.2739881
185.01999,-277.77255,5.3060093,0.36554214
185.04,-220.08519,5.3060093,0.045777034
185.06,-191.24149,-3.1863687,0.045777034
185.08,-229.69974,-59.909027,-0.59375316
185.09999,-239.31432,-6.3910394,-0.2739881
185.12,-200.85605,-4.3080034,0.045777034
185.14,-186.4342,-14.402717,-0.2739881
185.15999,-239.31432,-39.078674,-0.114105515
185.18,-220.08519,-23.375792,0.045777034
185.2,-186.4342,-17.126686,-0.4338706
185.22,-229.69974,5.78671,0.20565958
185.23999,-234.50702,-27.862331,-0.114105515
185.26,-244.12158,4.504842,-0.2739881
185.28,-248.92886,-9.916177,-0.59375316
185.3,-229.69974,10.914185,-0.114105515
185.31999,-224.89246,-2.5454345,-0.114105515
185.34,-152.78323,14.599556,-0.114105515
185.36,-234.50702,-16.485752,-0.2739881
185.37999,-253.73613,9.472081,0.20565958
185.4,-220.08519,4.184375,0.20565958
185.42,-220.08519,-3.827303,-0.4338706
185.44,-239.31432,21.169132,0.20565958
185.45999,-239.31432,-7.833141,0.20565958
185.48,-239.31432,-58.14646,0.045777034
185.5,-258.54343,-9.115009,-0.59375316
185.51999,-244.12158,-11.358279,-0.2739881
185.54,-196.04878,25.49544,0.045777034
185.56,-220.08519,-0.62263197,-0.114105515
185.58,-224.89246,-7.0319734,-0.2739881
185.59999,-287.38712,-30.265835,-0.4338706
185.62,-258.54343,-7.993375,-0.7536357
185.64,-234.50702,-16.485752,-0.2739881
185.65999,-224.89246,-4.3080034,0.045777034
185.68,-272.96527,14.279089,0.20565958
185.7,-297.00168,-24.17696,-0.4338706
185.72,-263.3507,-10.557112,-0.114105515
185.73999,-234.50702,51.29305,0.20565958
185.76,-234.50702,0.81947,-0.2739881
185.78,-244.12158,-10.396878,-0.2739881
185.8,-253.73613,-13.120848,-0.4338706
185.81999,-234.50702,16.041658,-0.114105515
185.84,-272.96527,4.9855423,0.045777034
185.86,-282.57983,23.252169,0.36554214
185.87999,-234.50702,-9.755944,-0.114105515
185.9,-258.54343,43.922302,-0.114105515
185.92,-234.50702,-16.966454,0.36554214
185.94,-272.96527,23.091934,0.5254247
185.95999,-244.12158,-23.375792,-0.2739881
185.98,-258.54343,-7.5126743,0.045777034
186.0,-268.158,-6.0705724,0.36554214
186.01999,-244.12158,23.572638,0.36554214
186.04,-263.3507,-28.503265,0.045777034
186.06,-224.89246,-23.69626,0.68530726
186.08,-229.69974,-22.414392,-0.59375316
186.09999,-239.31432,-3.6670694,0.045777034
186.12,-239.31432,0.018302217,0.20565958
186.14,-215.2779,16.362125,0.8451898
186.15999,-244.12158,-14.562949,0.5254247
186.18,-176.81964,6.5878778,0.8451898
186.2,-234.50702,9.632316,0.68530726
186.22,-244.12158,41.5188,0.5254247
186.23999,-297.00168,-4.6284704,0.20565958
186.26,-244.12158,23.893103,-0.114105515
186.28,-186.4342,8.350447,-0.114105515
186.3,-244.12158,13.317687,0.20565958
186.31999,-253.73613,6.7481112,0.045777034
186.34,-272.96527,1.9411048,0.20565958
186.36,-248.92886,29.98198,0.20565958
186.37999,-253.73613,17.00306,0.045777034
186.4,-282.57983,49.370243,0.5254247
186.42,-244.12158,-1.2635663,0.5254247
186.44,-167.20508,14.279089,-0.2739881
186.45999,-272.96527,-2.0647337,0.045777034
186.48,-258.54343,-43.244747,0.20565958
186.5,-263.3507,9.952783,-0.114105515
186.51999,-263.3507,-14.723184,0.045777034
186.54,-277.77255,20.528198,0.20565958
186.56,-277.77255,29.821747,0.36554214
186.58,-335.45993,11.875586,0.68530726
186.59999,-272.96527,-11.999213,-0.114105515
186.62,-277.77255,19.086096,0.20565958
186.64,-263.3507,27.258009,0.36554214
186.65999,-311.42352,-20.331356,0.045777034
186.68,-258.54343,-1.1033326,0.045777034
186.7,-272.96527,5.3060093,-0.2739881
186.72,-268.158,28.21941,0.045777034
186.73999,-297.00168,9.151615,-0.114105515
186.76,-272.96527,-17.447153,0.045777034
186.78,-292.1944,-9.275244,-0.114105515
186.8,-306.61624,25.014738,0.5254247
186.81999,-272.96527,-10.717345,-0.2739881
186.84,-282.57983,-23.536026,-0.7536357
186.86,-263.3507,-21.132523,-0.4338706
186.87999,-277.77255,1.9411048,-0.4338706
186.9,-258.54343,-12.159447,-0.2739881
186.92,-268.158,-3.827303,-0.4338706
186.94,-268.158,8.02998,-0.114105515
186.95999,-258.54343,-51.416653,-0.114105515
186.98,-268.158,22.77147,0.045777034
187.0,-244.12158,-4.468237,0.20565958
187.01999,-239.31432,20.207731,-0.59375316
187.04,-263.3507,-0.7828655,-0.114105515
187.06,-272.96527,-2.2249672,-0.114105515
187.08,-239.31432,14.599556,-0.2739881
187.09999,-268.158,2.902506,-0.2739881
187.12,-316.2308,19.727032,-0.4338706
187.14,-301.80896,-13.281082,0.045777034
187.15999,-268.158,-13.120848,-0.2739881
187.18,-287.38712,-13.601548,-0.2739881
187.2,-316.2308,9.952783,-0.2739881
187.22,-311.42352,78.37253,-0.4338706
187.23999,-330.65265,-12.479914,-0.4338706
187.26,-258.54343,-14.402717,-0.4338706
187.28,-272.96527,40.236927,0.20565958
187.3,-277.77255,-30.746534,0.20565958
187.31999,-272.96527,0.81947,0.20565958
187.34,-335.45993,-24.817896,0.20565958
187.36,-301.80896,-22.414392,-0.2739881
187.37999,-277.77255,0.018302217,-0.114105515
187.4,-263.3507,0.17853576,0.20565958
187.42,-292.1944,-5.589872,0.045777034
187.44,-330.65265,8.831148,-0.2739881
187.45999,-268.158,10.75395,0.36554214
187.48,-272.96527,9.792548,0.36554214
187.5,-292.1944,-12.640147,-0.114105515
187.51999,-297.00168,-21.132523,0.045777034
187.54,-272.96527,-6.0705724,-0.7536357
187.56,-272.96527,15.881425,0.045777034
187.58,-268.158,21.0089,0.20565958
187.59999,-301.80896,-11.358279,-0.114105515
187.62,-306.61624,3.0627398,-0.114105515
187.64,-292.1944,-11.678746,-1.0734009
187.65999,-297.00168,-0.30216488,0.045777034
187.68,-297.00168,0.9797035,-0.4338706
187.7,-306.61624,4.825309,0.5254247
187.72,-297.00168,-54.46109,-0.59375316
187.73999,-297.00168,-6.230806,-0.114105515
187.76,-287.38712,32.065014,-0.7536357
187.78,-378.72546,8.510681,0.20565958
187.8,-292.1944,-18.729021,-0.4338706
187.81999,-321.0381,0.33876932,0.045777034
187.84,-272.96527,-11.83898,-0.4338706
187.86,-297.00168,27.738708,0.5254247
187.87999,-297.00168,10.113016,0.20565958
187.9,-349.88177,-16.645985,0.5254247
187.92,-287.38712,0.49900287,0.36554214
187.94,-277.77255,-1.1033326,0.68530726
187.95999,-335.45993,1.3001705,0.20565958
187.98,-272.96527,16.362125,0.5254247
188.0,-349.88177,-16.645985,-0.2739881
188.01999,-277.77255,-30.1056,-0.4338706
188.04,-287.38712,11.875586,-0.2739881
188.06,-287.38712,41.358562,0.5254247
188.08,-321.0381,-8.313842,0.20565958
188.09999,-321.0381,10.914185,0.045777034
188.12,-277.77255,-26.42023,-0.114105515
188.14,-345.0745,7.3890457,0.045777034
188.15999,-325.84537,11.875586,0.68530726
188.18,-345.0745,10.593717,0.5254247
188.2,-321.0381,-12.31968,-0.2739881
188.22,-330.65265,-24.657661,-0.2739881
188.23999,-301.80896,14.279089,0.045777034
188.26,-306.61624,-4.6284704,-0.2739881
188.28,-340.2672,-2.0647337,-0.114105515
188.3,-325.84537,-24.497427,0.36554214
188.31999,-292.1944,-8.794542,-0.2739881
188.34,-277.77255,2.902506,-0.114105515
188.36,-311.42352,0.33876932,0.045777034
188.37999,-301.80896,34.46852,0.045777034
188.4,-316.2308,-11.678746,-0.4338706
188.42,-311.42352,-9.115009,-0.4338706
188.44,-325.84537,24.053337,0.045777034
188.45999,-321.0381,19.086096,-0.114105515
188.48,-325.84537,-48.85292,-0.4338706
188.5,-292.1944,-11.83898,-0.4338706
188.51999,-321.0381,-5.910339,-0.114105515
188.54,-349.88177,-9.755944,-0.2739881
188.56,-359.49634,-29.1442,0.20565958
188.58,-354.68906,-14.883417,0.045777034
188.59999,-292.1944,-31.547703,-0.114105515
188.62,-311.42352,-26.740696,-0.9135183
188.64,-321.0381,7.228812,-0.4338706
188.65999,-340.2672,4.6650753,0.045777034
188.68,-330.65265,10.27325,-0.2739881
188.7,-330.65265,7.8697467,-0.114105515
188.72,-282.57983,-12.640147,0.045777034
188.73999,-325.84537,7.8697467,-0.114105515
188.76,-335.45993,9.792548,-0.114105515
188.78,-321.0381,-11.83898,-0.2739881
188.8,-316.2308,-40.52078,-0.7536357
188.81999,-321.0381,12.196053,-0.4338706
188.84,-335.45993,6.5878778,-0.7536357
188.86,-349.88177,11.715352,-0.114105515
188.87999,-364.30362,-20.812057,0.20565958
188.9,-335.45993,-21.613226,-0.2739881
188.92,-354.68906,38.794827,0.20565958
188.94,-345.0745,-12.31968,-0.2739881
188.95999,-345.0745,32.22525,-0.2739881
188.98,-402.76187,-10.076411,-0.2739881
189.0,-364.30362,2.902506,0.045777034
189.01999,-325.84537,-17.607388,-0.7536357
189.04,-364.30362,21.9703,-0.114105515
189.06,-364.30362,1.6206378,-0.59375316
189.08,-340.2672,-20.651823,-0.4338706
189.09999,-297.00168,0.9797035,0.20565958
189.12,-321.0381,48.569077,0.045777034
189.14,-325.84537,-15.203884,-0.2739881
189.15999,-340.2672,7.3890457,-0.9135183
189.18,-268.158,-38.117275,0.20565958
189.2,-301.80896,13.958622,-0.114105515
189.22,-335.45993,17.00306,-0.4338706
189.23999,-340.2672,-28.503265,-0.2739881
189.26,-373.91818,-8.313842,0.20565958
189.28,-354.68906,12.676753,0.20565958
189.3,-335.45993,-13.281082,-0.4338706
189.31999,-335.45993,28.539877,0.045777034
189.34,-321.0381,31.744547,-0.114105515
189.36,-359.49634,-2.385201,0.20565958
189.37999,-345.0745,-9.916177,-0.2739881
189.4,-325.84537,40.076694,0.045777034
189.42,-335.45993,14.759789,-0.114105515
189.44,-383.53275,30.142212,-0.114105515
189.45999,-373.91818,-24.817896,0.20565958
189.48,-397.95456,-26.259996,0.045777034
189.5,-330.65265,0.17853576,-0.114105515
189.51999,-378.72546,12.676753,0.20565958
189.54,-373.91818,25.655672,-0.2739881
189.56,-359.49634,-11.999213,-0.2739881
189.58,-397.95456,-8.474075,-0.114105515
189.59999,-340.2672,-0.7828655,-0.114105515
189.62,-359.49634,39.115295,-0.2739881
189.64,-383.53275,24.534037,-0.7536357
189.65999,-354.68906,-6.711507,0.045777034
189.68,-321.0381,-12.640147,0.20565958
189.7,-340.2672,-12.31968,0.8451898
189.72,-316.2308,31.263847,0.68530726
189.73999,-354.68906,0.49900287,-0.2739881
189.76,-354.68906,19.887262,-0.114105515
189.78,-359.49634,-0.9430991,-0.59375316
189.8,-373.91818,-0.9430991,-1.0734009
189.81999,-393.1473,8.831148,-1.0734009
189.84,-393.1473,13.798388,-0.2739881
189.86,-388.34003,25.815907,0.045777034
189.87999,-388.34003,-16.005053,-0.2739881
189.9,-383.53275,-27.061165,-0.2739881
189.92,-402.76187,-34.27167,-0.4338706
189.94,-388.34003,-10.557112,-0.114105515
189.95999,-364.30362,-5.589872,-0.2739881
189.98,-349.88177,22.290768,-0.2739881
190.0,-335.45993,25.335205,-0.4338706
190.01999,-359.49634,-26.099764,0.045777034
190.04,-354.68906,6.2674108,-0.114105515
190.06,-407.56915,25.335205,1.0050724
190.08,-402.76187,-6.5512733,0.045777034
190.09999,-335.45993,-14.723184,-0.4338706
190.12,-388.34003,-47.89152,0.045777034
190.14,-349.88177,-10.236644,-0.4338706
190.15999,-359.49634,-4.948938,0.045777034
190.18,-388.34003,2.7422726,-0.114105515
190.2,-369.1109,25.335205,0.045777034
190.22,-359.49634,-17.76762,-0.4338706
190.23999,-325.84537,23.252169,0.045777034
190.26,-412.37643,7.8697467,0.045777034
190.28,-354.68906,51.613518,0.045777034
190.3,-292.1944,16.842825,-0.2739881
190.31999,-349.88177,-18.248322,0.20565958
190.34,-369.1109,-22.414392,-0.114105515
190.36,-369.1109,-20.651823,-0.114105515
190.37999,-369.1109,1.6206378,-0.7536357
190.4,-325.84537,5.9469438,-0.59375316
190.42,-369.1109,-2.8659017,-0.114105515
190.44,-321.0381,17.163294,0.5254247
190.45999,-421.991,-1.1033326,-0.114105515
190.48,-354.68906,8.350447,-0.59375316
190.5,-426.79828,-1.4237996,-0.2739881
190.51999,-393.1473,22.931702,-0.2739881
190.54,-378.72546,-0.30216488,0.045777034
190.56,-325.84537,-5.1091714,-0.2739881
190.58,-373.91818,-7.352441,-0.4338706
190.59999,-373.91818,-19.049488,-0.4338706
190.62,-388.34003,-3.1863687,0.045777034
190.64,-407.56915,15.881425,0.5254247
190.65999,-354.68906,-31.067003,0.045777034
190.68,-373.91818,-10.396878,-0.114105515
190.7,-402.76187,9.952783,0.20565958
190.72,-378.72546,7.709513,0.36554214
190.73999,-388.34003,26.777308,0.20565958
190.76,-397.95456,-0.62263197,-0.114105515
190.78,-321.0381,-57.024826,-0.4338706
190.8,-369.1109,-55.582726,-0.4338706
190.81999,-397.95456,-0.9430991,0.20565958
190.84,-421.991,8.510681,0.045777034
190.86,-397.95456,-12.960614,-0.114105515
190.87999,-402.76187,18.284927,0.045777034
190.9,-393.1473,-16.005053,-0.2739881
190.92,-397.95456,-35.55354,-0.2739881
190.94,-393.1473,13.157454,-0.2739881
190.95999,-450.8347,0.49900287,0.36554214
190.98,-378.72546,12.035819,-0.4338706
191.0,-407.56915,-8.313842,0.20565958
191.01999,-359.49634,-10.076411,-0.114105515
191.04,-412.37643,-8.313842,0.20565958
191.06,-421.991,-23.856495,0.045777034
191.08,-378.72546,-14.562949,-0.4338706
191.09999,-412.37643,4.825309,0.045777034
191.12,-349.88177,19.887262,0.20565958
191.14,-388.34003,11.715352,0.045777034
191.15999,-407.56915,37.67319,-0.114105515
191.18,-345.0745,3.3832066,-0.114105515
191.2,-402.76187,30.46268,0.20565958
191.22,-407.56915,10.75395,0.36554214
191.23999,-397.95456,4.024141,0.045777034
191.26,-431.60556,-28.6635,-0.59375316
191.28,-354.68906,16.362125,-0.7536357
191.3,-359.49634,8.670914,0.045777034
191.31999,-369.1109,-10.557112,-0.2739881
191.34,-397.95456,-22.895092,-0.2739881
191.36,-402.76187,-6.8717403,0.045777034
191.37999,-446.02737,-11.037811,-0.59375316
191.4,-446.02737,10.914185,-0.114105515
191.42,-431.60556,-12.479914,0.045777034
191.44,-450.8347,-9.916177,-0.114105515
191.45999,-426.79828,-23.856495,-0.114105515
191.48,-417.18372,-24.657661,0.20565958
191.5,-407.56915,13.157454,0.20565958
191.51999,-460.44922,-34.27167,0.045777034
191.54,-484.48563,12.99722,0.20565958
191.56,-388.34003,-10.557112,-0.4338706
191.58,-388.34003,27.578474,-0.114105515
191.59999,-402.76187,0.49900287,-0.114105515
191.62,-407.56915,-9.59571,0.045777034
191.64,-431.60556,3.2229733,-0.114105515
191.65999,-460.44922,3.0627398,-0.4338706
191.68,-417.18372,-0.30216488,-0.114105515
191.7,-431.60556,0.018302217,0.045777034
191.72,-388.34003,0.81947,-0.59375316
191.73999,-407.56915,1.6206378,-0.2739881
191.76,-407.56915,-24.497427,-0.114105515
191.78,-407.56915,-10.396878,-0.2739881
191.8,-417.18372,-27.541864,-0.59375316
191.81999,-417.18372,13.958622,-0.2739881
191.84,-426.79828,11.074417,-0.4338706
191.86,-426.79828,44.403,-0.114105515
191.87999,-441.22012,7.549279,-0.2739881
191.9,-412.37643,-16.80622,-0.4338706
191.92,-359.49634,-5.429638,-0.4338706
191.94,-446.02737,-25.93953,-0.114105515
191.95999,-402.76187,-23.856495,-0.114105515
191.98,-450.8347,-28.182798,-0.59375316
192.0,-402.76187,-0.7828655,-0.59375316
192.01999,-378.72546,21.9703,-0.2739881
192.04,-340.2672,18.284927,0.045777034
192.06,-446.02737,3.3832066,0.045777034
192.08,-450.8347,-1.9045002,-0.114105515
192.09999,-441.22012,14.920023,0.045777034
192.12,-426.79828,6.908345,0.20565958
192.14,-450.8347,-0.30216488,-0.2739881
192.15999,-393.1473,-8.954777,-0.59375316
192.18,-441.22012,4.6650753,-0.114105515
192.2,-402.76187,12.196053,-0.114105515
192.22,-417.18372,9.472081,-0.4338706
192.23999,-393.1473,0.9797035,-0.114105515
192.26,-388.34003,-5.910339,-0.4338706
192.28,-455.64197,12.676753,0.045777034
192.3,-441.22012,48.729313,0.20565958
192.31999,-426.79828,3.8639073,0.36554214
192.34,-479.67838,12.99722,0.20565958
192.36,-417.18372,-14.883417,-0.2739881
192.37999,-436.41284,-22.414392,-0.2739881
192.4,-412.37643,-21.773457,-0.7536357
192.42,-412.37643,21.810066,0.045777034
192.44,-426.79828,-3.827303,0.045777034
192.45999,-436.41284,-22.093925,0.045777034
192.48,-441.22012,-3.827303,-0.2739881
192.5,-474.8711,0.9797035,0.36554214
192.51999,-407.56915,36.391323,-0.4338706
192.54,-455.64197,42.640434,0.36554214
192.56,-393.1473,6.1071773,-0.114105515
192.58,-460.44922,44.72347,0.20565958
192.59999,-421.991,8.510681,0.20565958
192.62,-446.02737,21.0089,0.20565958
192.64,-397.95456,1.7808713,-0.114105515
192.65999,-417.18372,-5.589872,0.36554214
192.68,-436.41284,31.103615,0.045777034
192.7,-421.991,5.6264763,0.045777034
192.72,-426.79828,-3.026135,-0.4338706
192.73999,-431.60556,-7.993375,0.045777034
192.76,-388.34003,22.290768,0.045777034
192.78,-431.60556,13.798388,0.20565958
192.8,-470.06378,-20.49159,-0.114105515
192.81999,-460.44922,0.17853576,0.20565958
192.84,-421.991,-11.037811,0.20565958
192.86,-359.49634,7.8697467,0.36554214
192.87999,-436.41284,37.352726,0.045777034
192.9,-455.64197,-8.474075,0.5254247
192.92,-436.41284,-7.192207,-0.114105515
192.94,-417.18372,-11.83898,0.20565958
192.95999,-436.41284,13.477921,0.5254247
192.98,-460.44922,4.6650753,0.68530726
193.0,-417.18372,27.097775,-0.2739881
193.01999,-431.60556,21.329365,0.045777034
193.04,-441.22012,6.7481112,0.36554214
193.06,-460.44922,8.350447,0.20565958
193.08,-407.56915,13.638155,0.5254247
193.09999,-426.79828,20.207731,-0.2739881
193.12,-421.991,13.317687,-0.114105515
193.14,-412.37643,-48.85292,0.5254247
193.15999,-474.8711,-20.171124,-0.2739881
193.18,-508.52206,-5.589872,-0.2739881
193.2,-450.8347,36.71179,0.045777034
193.22,-412.37643,0.49900287,0.20565958
193.23999,-431.60556,4.3446083,0.5254247
193.26,-479.67838,5.3060093,0.045777034
193.28,-465.25653,-26.90093,-0.114105515
193.3,-446.02737,-3.026135,-0.114105515
193.31999,-465.25653,-27.2214,0.045777034
193.34,-378.72546,4.825309,-0.2739881
193.36,-508.52206,-1.4237996,0.20565958
193.37999,-441.22012,-24.016727,0.045777034
193.4,-460.44922,-10.877579,0.045777034
193.42,-431.60556,3.5434403,0.5254247
193.44,-431.60556,17.643993,-0.114105515
193.45999,-489.29294,-32.188637,0.045777034
193.48,-397.95456,18.445162,-0.4338706
193.5,-446.02737,-7.5126743,0.045777034
193.51999,-470.06378,23.412403,0.045777034
193.54,-474.8711,-37.31611,0.045777034
193.56,-446.02737,-2.2249672,0.20565958
193.58,-470.06378,3.8639073,0.20565958
193.59999,-446.02737,29.020578,0.36554214
193.62,-446.02737,-41.00148,0.20565958
193.64,-465.25653,3.3832066,0.5254247
193.65999,-436.41284,-3.026135,0.045777034
193.68,-465.25653,-20.171124,0.20565958
193.7,-417.18372,-6.0705724,0.36554214
193.72,-450.8347,-31.067003,0.20565958
193.73999,-446.02737,-15.04365,0.36554214
193.76,-455.64197,-9.755944,-0.2739881
193.78,-513.32935,4.024141,0.36554214
193.8,-446.02737,-2.0647337,0.045777034
193.81999,-431.60556,5.145776,0.045777034
193.84,-470.06378,6.1071773,0.5254247
193.86,-436.41284,-16.966454,0.20565958
193.87999,-494.10022,14.599556,0.36554214
193.9,-465.25653,0.81947,0.5254247
193.92,-349.88177,25.174973,0.8451898
193.94,-474.8711,12.356286,0.20565958
193.95999,-479.67838,-3.3466022,0.045777034
193.98,-446.02737,-19.209723,0.20565958
194.0,-460.44922,20.68843,0.045777034
194.01999,-484.48563,14.279089,0.20565958
194.04,-417.18372,7.0685787,-1.0734009
194.06,-470.06378,27.578474,0.045777034
194.08,-455.64197,-7.833141,-0.114105515
194.09999,-465.25653,4.9855423,0.68530726
194.12,-494.10022,-9.275244,0.045777034
194.14,-474.8711,-4.14777,-0.114105515
194.15999,-542.17303,49.370243,0.20565958
194.18,-455.64197,-5.7501054,0.20565958
194.2,-465.25653,-8.153608,0.045777034
194.22,-503.71478,-5.589872,-0.114105515
194.23999,-489.29294,1.4604042,0.045777034
194.26,-518.1366,-20.331356,0.36554214
194.28,-465.25653,-1.9045002,-0.114105515
194.3,-446.02737,-28.983965,0.20565958
194.31999,-522.9439,17.483759,0.36554214
194.34,-489.29294,6.1071773,0.5254247
194.36,-513.32935,7.549279,0.68530726
194.37999,-465.25653,-15.684585,0.5254247
194.4,-470.06378,9.632316,0.5254247
194.42,-455.64197,7.8697467,0.045777034
194.44,-479.67838,-9.916177,0.20565958
194.45999,-494.10022,11.394884,-0.2739881
194.48,-503.71478,-3.1863687,0.20565958
194.5,-489.29294,0.33876932,0.20565958
194.51999,-465.25653,0.17853576,0.045777034
194.54,-508.52206,1.139937,0.5254247
194.56,-470.06378,21.169132,0.36554214
194.58,-489.29294,7.0685787,0.20565958
194.59999,-522.9439,14.439322,-0.114105515
194.62,-484.48563,-36.514942,-0.4338706
194.64,-503.71478,-30.5863,-0.4338706
194.65999,-498.90747,-7.833141,0.8451898
194.68,-556.59485,-5.589872,0.8451898
194.7,-465.25653,-28.6635,-0.114105515
194.72,-494.10022,-51.73712,-0.2739881
194.73999,-484.48563,-16.966454,-0.4338706
194.76,-484.48563,83.339775,0.5254247
194.78,-527.75116,9.311849,0.68530726
194.8,-474.8711,-6.0705724,-0.2739881
194.81999,-489.29294,-32.669334,-0.2739881
194.84,-489.29294,-1.2635663,0.5254247
194.86,-489.29294,-0.7828655,0.20565958
194.87999,-503.71478,-14.723184,0.20565958
194.9,-532.5585,-28.343033,0.5254247
194.92,-522.9439,-13.120848,0.36554214
194.94,-479.67838,-6.5512733,0.045777034
194.95999,-426.79828,4.024141,0.045777034
194.98,-518.1366,-23.536026,-0.7536357
195.0,-532.5585,-22.73486,-0.2739881
195.01999,-470.06378,-23.536026,0.36554214
195.04,-484.48563,-9.755944,-0.2739881
195.06,-470.06378,-16.005053,0.045777034
195.08,-484.48563,23.091934,-0.2739881
195.09999,-479.67838,4.184375,0.045777034
195.12,-518.1366,4.9855423,0.20565958
195.14,-503.71478,3.5434403,0.36554214
195.15999,-494.10022,-7.192207,0.20565958
195.18,-455.64197,-0.14193134,0.045777034
195.2,-546.9803,-13.441315,0.20565958
195.22,-527.75116,-18.889254,-0.114105515
195.23999,-494.10022,-5.589872,0.20565958
195.26,-450.8347,9.472081,0.045777034
195.28,-460.44922,3.2229733,0.36554214
195.3,-518.1366,0.9797035,-0.114105515
195.31999,-518.1366,9.151615,0.045777034
195.34,-489.29294,6.7481112,-0.4338706
195.36,-513.32935,25.976141,-0.114105515
195.37999,-489.29294,-6.230806,-0.7536357
195.4,-465.25653,13.638155,0.20565958
195.42,-522.9439,-19.369957,0.045777034
195.44,-518.1366,9.792548,0.36554214
195.45999,-498.90747,1.6206378,-0.2739881
195.48,-503.71478,9.792548,0.045777034
195.5,-503.71478,-14.08225,-0.7536357
195.51999,-527.75116,-13.601548,-0.114105515
195.54,-503.71478,18.925863,-0.4338706
195.56,-489.29294,9.632316,0.045777034
195.58,-503.71478,-0.14193134,-0.59375316
195.59999,-532.5585,16.041658,-0.4338706
195.62,-465.25653,-19.690422,-0.114105515
195.64,-518.1366,-18.408554,0.045777034
195.65999,-542.17303,-32.5091,0.20565958
195.68,-537.3658,4.825309,-0.114105515
195.7,-537.3658,-5.910339,0.045777034
195.72,-503.71478,37.352726,0.045777034
195.73999,-498.90747,7.709513,0.20565958
195.76,-527.75116,5.3060093,-0.2739881
195.78,-498.90747,8.991381,0.045777034
195.8,-518.1366,-27.38163,-0.59375316
195.81999,-503.71478,27.097775,-0.59375316
195.84,-465.25653,21.0089,0.36554214
195.86,-527.75116,-19.850657,0.045777034
195.87999,-522.9439,-6.8717403,0.20565958
195.9,-522.9439,-6.0705724,-0.114105515
195.92,-503.71478,-16.485752,-0.114105515
195.94,-556.59485,-2.0647337,-0.59375316
195.95999,-537.3658,27.738708,-0.4338706
195.98,-542.17303,21.810066,-0.4338706
196.0,-498.90747,6.1071773,-0.59375316
196.01999,-522.9439,-23.536026,-0.7536357
196.04,-575.82404,-1.9045002,-0.4338706
196.06,-546.9803,-9.275244,-0.59375316
196.08,-556.59485,12.035819,0.20565958
196.09999,-546.9803,-26.259996,0.045777034
196.12,-546.9803,-5.429638,-0.114105515
196.14,-518.1366,-14.883417,-0.59375316
196.15999,-561.40216,1.6206378,-0.114105515
196.18,-561.40216,18.284927,-0.2739881
196.2,-546.9803,11.555119,-0.114105515
196.22,-494.10022,41.839264,-0.4338706
196.23999,-532.5585,10.27325,-0.4338706
196.26,-575.82404,29.661512,-0.2739881
196.28,-522.9439,26.617075,-0.4338706
196.3,-551.78754,-5.7501054,-0.4338706
196.31999,-494.10022,-1.1033326,-0.114105515
196.34,-537.3658,-9.435476,-0.7536357
196.36,-551.78754,-8.634309,-0.59375316
196.37999,-527.75116,-29.624899,-0.7536357
196.4,-527.75116,-33.470505,-0.7536357
196.42,-503.71478,21.169132,-0.4338706
196.44,-421.991,31.424084,-0.4338706
196.45999,-542.17303,8.190214,-0.7536357
196.48,-551.78754,12.356286,-0.114105515
196.5,-575.82404,11.875586,0.045777034
196.51999,-546.9803,-3.1863687,0.045777034
196.54,-532.5585,0.49900287,0.20565958
196.56,-556.59485,-33.630737,0.20565958
196.58,-556.59485,-3.1863687,-0.2739881
196.59999,-527.75116,-0.14193134,0.045777034
196.62,-571.0167,-2.8659017,0.36554214
196.64,-542.17303,-4.6284704,0.045777034
196.65999,-561.40216,52.254448,0.20565958
196.68,-527.75116,22.130533,0.36554214
196.7,-614.2822,11.074417,0.8451898
196.72,-551.78754,-18.568789,0.20565958
196.73999,-532.5585,-3.026135,-0.2739881
196.76,-561.40216,-11.83898,-0.59375316
196.78,-546.9803,-8.794542,-0.2739881
196.8,-580.6312,-11.358279,0.045777034
196.81999,-546.9803,4.6650753,-0.2739881
196.84,-522.9439,-6.0705724,0.045777034
196.86,-571.0167,3.5434403,-0.114105515
196.87999,-537.3658,-19.690422,0.045777034
196.9,-633.51135,31.424084,0.5254247
196.92,-551.78754,-18.729021,0.5254247
196.94,-556.59485,3.8639073,0.045777034
196.95999,-571.0167,-1.4237996,-0.4338706
196.98,-537.3658,10.433483,-0.2739881
197.0,-503.71478,5.6264763,0.045777034
197.01999,-585.43854,-0.9430991,-1.0734009
197.04,-537.3658,-15.04365,-0.2739881
197.06,-518.1366,4.504842,-0.114105515
197.08,-604.6677,48.569077,1.0050724
197.09999,-599.8604,-1.1033326,0.5254247
197.12,-542.17303,-14.402717,0.045777034
197.14,-522.9439,-11.83898,0.36554214
197.15999,-566.2094,-21.132523,0.20565958
197.18,-580.6312,3.7036738,0.20565958
197.2,-566.2094,-7.352441,-0.2739881
197.22,-527.75116,-1.7442669,0.045777034
197.23999,-566.2094,-15.04365,-0.114105515
197.26,-546.9803,61.708233,0.5254247
197.28,-556.59485,-2.8659017,0.5254247
197.3,-609.475,-43.88568,-0.114105515
197.31999,-585.43854,6.4276443,0.045777034
197.34,-551.78754,21.649834,0.20565958
197.36,-585.43854,11.394884,0.20565958
197.37999,-566.2094,4.6650753,0.36554214
197.4,-571.0167,9.792548,0.20565958
197.42,-566.2094,-11.999213,0.045777034
197.44,-561.40216,-24.657661,-0.4338706
197.45999,-580.6312,-6.711507,-0.114105515
197.48,-571.0167,-2.0647337,0.045777034
197.5,-537.3658,-6.711507,0.045777034
197.51999,-585.43854,-3.026135,-0.114105515
197.54,-604.6677,-6.8717403,0.20565958
197.56,-599.8604,-0.14193134,0.8451898
197.58,-585.43854,7.0685787,0.045777034
197.59999,-556.59485,-31.067003,-0.4338706
197.62,-566.2094,-1.5840333,-0.114105515
197.64,-498.90747,-19.369957,0.20565958
197.65999,-551.78754,-19.049488,-0.2739881
197.68,-595.0531,-24.497427,-0.7536357
197.7,-542.17303,15.72119,-0.7536357
197.72,-571.0167,-0.46239844,-0.114105515
197.73999,-566.2094,-2.0647337,-0.4338706
197.76,-513.32935,-12.800381,0.5254247
197.78,-585.43854,-17.76762,0.045777034
197.8,-571.0167,-11.358279,0.20565958
197.81999,-566.2094,-35.393307,-0.2739881
197.84,-657.5478,-9.755944,-0.2739881
197.86,-599.8604,-6.711507,-0.114105515
197.87999,-518.1366,-74.009575,-0.114105515
197.9,-571.0167,10.113016,-0.4338706
197.92,-566.2094,-13.761782,-0.114105515
197.94,-556.59485,11.875586,0.045777034
197.95999,-595.0531,21.4896,0.045777034
197.98,-561.40216,25.976141,0.68530726
198.0,-590.24585,27.097775,-0.114105515
198.01999,-571.0167,2.7422726,0.045777034
198.04,-561.40216,7.8697467,-0.2739881
198.06,-614.2822,-0.14193134,-0.114105515
198.08,-604.6677,29.341045,-0.4338706
198.09999,-571.0167,-2.385201,-0.4338706
198.12,-580.6312,2.7422726,-0.59375316
198.14,-542.17303,6.1071773,-0.2739881
198.15999,-580.6312,6.5878778,-0.4338706
198.18,-590.24585,2.5820389,-0.7536357
198.2,-575.82404,7.709513,0.5254247
198.22,-619.0895,23.572638,0.20565958
198.23999,-609.475,21.0089,0.045777034
198.26,-580.6312,30.783146,-0.114105515
198.28,-575.82404,-6.230806,-0.7536357
198.3,-604.6677,10.914185,0.36554214
198.31999,-571.0167,-15.524351,0.045777034
198.34,-585.43854,-25.45883,-0.2739881
198.36,-580.6312,-6.230806,0.045777034
198.37999,-590.24585,-21.292757,-0.114105515
198.4,-585.43854,-12.479914,-0.2739881
198.42,-575.82404,-1.1033326,0.20565958
198.44,-575.82404,17.96446,0.045777034
198.45999,-575.82404,-6.5512733,0.20565958
198.48,-566.2094,-6.8717403,-0.59375316
198.5,-585.43854,15.24049,0.5254247
198.51999,-599.8604,14.1188545,-0.114105515
198.54,-580.6312,7.549279,-0.7536357
198.56,-595.0531,5.145776,-0.114105515
198.58,-556.59485,-13.441315,-0.4338706
198.59999,-566.2094,7.0685787,-0.114105515
198.62,-575.82404,-1.2635663,-0.4338706
198.64,-580.6312,-4.948938,-0.4338706
198.65999,-575.82404,24.213572,0.045777034
198.68,-599.8604,7.549279,0.045777034
198.7,-614.2822,-50.615486,0.5254247
198.72,-633.51135,25.335205,-0.114105515
198.73999,-595.0531,-5.2694044,-0.114105515
198.76,-484.48563,35.269688,-0.114105515
198.78,-580.6312,2.902506,-0.114105515
198.8,-599.8604,-10.076411,0.20565958
198.81999,-571.0167,16.041658,0.20565958
198.84,-595.0531,-7.0319734,-0.4338706
198.86,-633.51135,16.362125,0.20565958
198.87999,-595.0531,2.902506,-0.2739881
198.9,-590.24585,-12.159447,0.68530726
198.92,-575.82404,-1.7442669,0.045777034
198.94,-580.6312,26.136374,0.20565958
198.95999,-546.9803,5.6264763,-0.114105515
198.98,-628.7041,-3.5068357,0.045777034
199.0,-590.24585,18.925863,0.36554214
199.01999,-619.0895,21.0089,-0.114105515
199.04,-614.2822,3.8639073,-0.2739881
199.06,-590.24585,36.551556,-0.114105515
199.08,-623.8968,23.412403,0.20565958
199.09999,-571.0167,-18.729021,-0.114105515
199.12,-628.7041,-0.7828655,-0.4338706
199.14,-595.0531,-4.468237,-0.59375316
199.15999,-585.43854,-13.281082,-0.59375316
199.18,-566.2094,-20.651823,-0.114105515
199.2,-599.8604,10.75395,-0.114105515
199.22,-638.31866,25.976141,0.36554214
199.23999,-681.58417,40.717632,0.20565958
199.26,-628.7041,2.261572,0.36554214
199.28,-623.8968,-35.07284,0.20565958
199.3,-657.5478,-45.64825,-0.59375316
199.31999,-638.31866,-24.817896,-0.114105515
199.34,-691.1987,-39.078674,-0.4338706
199.36,-585.43854,1.7808713,0.20565958
199.37999,-599.8604,26.296606,0.045777034
199.4,-604.6677,-39.23891,0.5254247
199.42,-604.6677,15.24049,0.36554214
199.44,-599.8604,0.33876932,-0.114105515
199.45999,-614.2822,-6.230806,-0.114105515
199.48,-623.8968,14.599556,-0.114105515
199.5,-676.77686,-1.1033326,-0.4338706
199.51999,-628.7041,5.6264763,0.20565958
199.54,-556.59485,-32.5091,-0.2739881
199.56,-671.9696,10.433483,-0.2739881
199.58,-623.8968,-0.62263197,-0.2739881
199.59999,-590.24585,2.261572,-0.114105515
199.62,-652.7405,15.560958,0.20565958
199.64,-633.51135,6.2674108,0.20565958
199.65999,-556.59485,-2.7056682,0.5254247
199.68,-671.9696,9.792548,0.20565958
199.7,-643.1259,-10.396878,0.36554214
199.72,-623.8968,12.356286,-0.2739881
199.73999,-595.0531,-3.9875362,0.045777034
199.76,-657.5478,20.68843,0.045777034
199.78,-628.7041,-10.877579,0.20565958
199.8,-647.93317,-34.111435,-0.4338706
199.81999,-595.0531,-25.93953,-0.4338706
199.84,-633.51135,6.5878778,0.20565958
199.86,-571.0167,19.566797,0.68530726
199.87999,-604.6677,-1.1033326,0.045777034
199.9,-623.8968,5.466243,0.20565958
199.92,-657.5478,-5.2694044,0.20565958
199.94,-566.2094,18.445162,0.045777034
199.95999,-633.51135,-11.358279,-0.114105515
199.98,-595.0531,0.81947,0.20565958
200.0,-633.51135,-49.173386,-0.4338706
200.01999,-710.42786,21.329365,0.20565958
200.04,-604.6677,1.139937,-0.114105515
200.06,-638.31866,-39.399143,-0.4338706
200.08,-628.7041,15.881425,-0.114105515
200.09999,-628.7041,-12.960614,-0.4338706
200.12,-623.8968,-6.711507,0.045777034
200.14,-638.31866,19.406563,0.5254247
200.15999,-657.5478,-3.1863687,-0.114105515
200.18,-619.0895,-7.833141,-0.59375316
200.2,-662.35504,61.227535,0.20565958
200.22,-628.7041,-13.120848,0.36554214
200.23999,-619.0895,0.81947,0.5254247
200.26,-623.8968,28.539877,0.20565958
200.28,-599.8604,-17.927853,-0.114105515
200.3,-628.7041,-4.948938,-0.2739881
200.31999,-643.1259,9.311849,0.045777034
200.34,-633.51135,-9.59571,0.045777034
200.36,-638.31866,12.51652,0.045777034
200.37999,-647.93317,15.080256,0.5254247
200.4,-599.8604,9.632316,0.045777034
200.42,-599.8604,18.124695,-0.4338706
200.44,-628.7041,-0.46239844,-0.2739881
200.45999,-657.5478,2.7422726,0.045777034
200.48,-633.51135,-11.678746,-0.59375316
200.5,-662.35504,40.397163,-0.2739881
200.51999,-623.8968,9.952783,-0.114105515
200.54,-671.9696,2.1013381,-0.2739881
200.56,-628.7041,53.696552,-0.2739881
200.58,-643.1259,-13.601548,-0.2739881
200.59999,-652.7405,-27.38163,0.36554214
200.62,-657.5478,-17.126686,0.36554214
200.64,-623.8968,-5.429638,0.20565958
200.65999,-633.51135,3.8639073,0.045777034
200.68,-623.8968,-10.236644,-0.114105515
200.7,-657.5478,-4.468237,0.045777034
200.72,-609.475,-21.773457,-0.4338706
200.73999,-638.31866,-7.192207,-0.114105515
200.76,-657.5478,47.28721,-0.114105515
200.78,-643.1259,4.9855423,-0.114105515
200.8,-667.16235,11.234652,0.045777034
200.81999,-643.1259,-8.153608,0.20565958
200.84,-638.31866,-1.5840333,-0.114105515
200.86,-657.5478,-0.7828655,-0.9135183
200.87999,-691.1987,-11.678746,-0.4338706
200.9,-633.51135,-0.30216488,-0.2739881
200.92,-662.35504,26.777308,0.045777034
200.94,-676.77686,11.394884,0.20565958
200.95999,-676.77686,-29.785133,-0.114105515
200.98,-643.1259,7.228812,0.20565958
201.0,-643.1259,-2.7056682,0.20565958
201.01999,-638.31866,-0.7828655,0.20565958
201.04,-676.77686,5.78671,0.20565958
201.06,-705.62054,18.605394,0.045777034
201.08,-662.35504,18.765629,-0.2739881
201.09999,-691.1987,24.854506,-0.114105515
201.12,-696.00604,-0.7828655,-0.4338706
201.14,-657.5478,2.1013381,-0.4338706
201.15999,-691.1987,-18.088087,-0.114105515
201.18,-662.35504,6.2674108,-0.59375316
201.2,-671.9696,-4.468237,-0.114105515
201.22,-686.3914,46.646275,0.045777034
201.23999,-700.8133,-0.30216488,-0.2739881
201.26,-638.31866,3.2229733,0.20565958
201.28,-638.31866,23.091934,-0.114105515
201.3,-647.93317,3.5434403,-0.2739881
201.31999,-662.35504,25.976141,-0.114105515
201.34,-657.5478,-19.209723,-0.2739881
201.36,-676.77686,-21.452991,-0.4338706
201.37999,-657.5478,21.810066,-0.4338706
201.4,-657.5478,17.96446,0.20565958
201.42,-676.77686,-8.474075,0.36554214
201.44,-643.1259,10.113016,-0.114105515
201.45999,-705.62054,-25.138361,-0.4338706
201.48,-686.3914,-13.922015,-0.114105515
201.5,-633.51135,28.860344,-0.114105515
201.51999,-657.5478,16.362125,0.045777034
201.54,-633.51135,-4.948938,0.8451898
201.56,-671.9696,-4.948938,-0.114105515
201.58,-609.475,3.7036738,-0.114105515
201.59999,-676.77686,-10.396878,0.36554214
201.62,-657.5478,2.7422726,0.20565958
201.64,-643.1259,-6.5512733,0.5254247
201.65999,-681.58417,-12.479914,-0.114105515
201.68,-691.1987,26.617075,0.68530726
201.7,-705.62054,9.792548,0.5254247
201.72,-643.1259,1.7808713,0.36554214
201.73999,-686.3914,-34.752373,-0.4338706
201.76,-647.93317,-3.1863687,-0.4338706
201.78,-671.9696,-12.640147,-0.2739881
201.8,-705.62054,16.52236,0.20565958
201.81999,-681.58417,-13.120848,-0.2739881
201.84,-671.9696,-7.993375,-0.2739881
201.86,-638.31866,-5.7501054,-0.114105515
201.87999,-691.1987,0.9797035,-0.4338706
201.9,-696.00604,-6.0705724,-0.4338706
201.92,-657.5478,-1.5840333,-0.2739881
201.94,-705.62054,8.510681,0.045777034
201.95999,-681.58417,-0.14193134,0.36554214
201.98,-676.77686,24.053337,0.045777034
202.0,-628.7041,23.893103,0.20565958
202.01999,-657.5478,-45.488014,0.20565958
202.04,-691.1987,-42.924282,0.36554214
202.06,-667.16235,-11.198046,-0.4338706
202.08,-652.7405,-10.076411,-0.114105515
202.09999,-724.84973,-2.2249672,0.045777034
202.12,-700.8133,9.311849,0.5254247
202.14,-676.77686,4.504842,0.20565958
202.15999,-681.58417,29.18081,0.36554214
202.18,-691.1987,20.848665,0.20565958
202.2,-720.0424,-21.292757,-0.4338706
202.22,-700.8133,-13.441315,-0.114105515
202.23999,-696.00604,9.472081,0.68530726
202.26,-686.3914,-6.230806,-0.4338706
202.28,-696.00604,-53.659924,-0.2739881
202.3,-662.35504,-1.2635663,-0.114105515
202.31999,-681.58417,22.611235,-0.114105515
202.34,-700.8133,18.284927,-0.2739881
202.36,-705.62054,-17.607388,0.045777034
202.37999,-686.3914,-29.304434,-0.114105515
202.4,-652.7405,4.6650753,0.045777034
202.42,-686.3914,-20.171124,-0.2739881
202.44,-681.58417,-22.414392,-0.114105515
202.45999,-715.2351,-15.684585,-0.2739881
202.48,-744.0788,-13.922015,0.20565958
202.5,-700.8133,-1.5840333,-0.59375316
202.51999,-715.2351,27.898943,-0.4338706
202.54,-691.1987,-14.08225,-0.59375316
202.56,-710.42786,-17.927853,-0.114105515
202.58,-720.0424,20.207731,0.20565958
202.59999,-710.42786,-15.844818,-0.2739881
202.62,-696.00604,55.77959,0.045777034
202.64,-700.8133,-15.04365,-0.4338706
202.65999,-696.00604,-13.761782,-0.7536357
202.68,-710.42786,31.744547,-0.114105515
202.7,-724.84973,-16.485752,-0.59375316
202.72,-700.8133,-25.619062,-0.4338706
202.73999,-696.00604,-9.755944,-0.59375316
202.76,-710.42786,-4.14777,-0.2739881
202.78,-739.27155,-10.396878,-0.7536357
202.8,-657.5478,15.080256,-0.2739881
202.81999,-720.0424,9.311849,-0.114105515
202.84,-691.1987,-31.868172,-0.4338706
202.86,-705.62054,-1.9045002,-0.59375316
202.87999,-705.62054,13.798388,-0.59375316
202.9,-753.69336,0.81947,0.045777034
202.92,-720.0424,-5.2694044,-0.2739881
202.94,-763.308,-5.589872,0.045777034
202.95999,-748.8861,7.3890457,0.045777034
202.98,-715.2351,-11.518513,-0.114105515
203.0,-739.27155,9.472081,-0.114105515
203.01999,-724.84973,-1.9045002,-0.114105515
203.04,-720.0424,4.9855423,0.045777034
203.06,-748.8861,2.4218054,0.20565958
203.08,-700.8133,6.1071773,0.20565958
203.09999,-715.2351,21.169132,0.20565958
203.12,-729.657,2.1013381,-0.114105515
203.14,-734.4643,-25.93953,-0.7536357
203.15999,-724.84973,-10.717345,-0.4338706
203.18,-734.4643,-6.711507,-0.4338706
203.2,-691.1987,-7.0319734,-0.59375316
203.22,-710.42786,-8.474075,-0.2739881
203.23999,-729.657,-2.0647337,-0.114105515
203.26,-729.657,23.893103,-0.114105515
203.28,-691.1987,-0.30216488,-0.59375316
203.3,-739.27155,-6.0705724,-0.114105515
203.31999,-724.84973,-0.30216488,0.045777034
203.34,-710.42786,-0.14193134,-0.114105515
203.36,-705.62054,-28.6635,-1.0734009
203.37999,-724.84973,14.439322,-0.59375316
203.4,-715.2351,-10.717345,-0.4338706
203.42,-739.27155,-36.835407,-0.2739881
203.44,-724.84973,6.1071773,-0.59375316
203.45999,-720.0424,23.572638,-0.2739881
203.48,-715.2351,14.920023,-0.4338706
203.5,-724.84973,27.738708,0.20565958
203.51999,-700.8133,10.75395,0.68530726
203.54,-705.62054,-0.14193134,-0.4338706
203.56,-748.8861,0.018302217,-0.114105515
203.58,-705.62054,16.20189,-0.114105515
203.59999,-700.8133,5.3060093,-0.9135183
203.62,-787.34436,50.01118,0.045777034
203.64,-729.657,5.78671,-0.114105515
203.65999,-758.5007,-5.910339,-0.4338706
203.68,-748.8861,-21.132523,-0.59375316
203.7,-700.8133,11.234652,0.20565958
203.72,-696.00604,10.113016,-0.114105515
203.73999,-729.657,-11.358279,-0.59375316
203.76,-724.84973,-7.5126743,-0.114105515
203.78,-744.0788,-32.669334,-0.7536357
203.8,-768.1152,35.10945,-0.4338706
203.81999,-734.4643,13.157454,-0.4338706
203.84,-729.657,30.302446,-0.7536357
203.86,-720.0424,10.433483,-0.2739881
203.87999,-691.1987,7.0685787,-0.114105515
203.9,-811.38074,-0.62263197,0.045777034
203.92,-753.69336,25.014738,0.045777034
203.94,-787.34436,10.27325,0.20565958
203.95999,-705.62054,8.190214,-0.7536357
203.98,-734.4643,13.958622,-0.7536357
204.0,-710.42786,-24.17696,-0.4338706
204.01999,-734.4643,10.75395,-0.2739881
204.04,-715.2351,-21.933691,-0.7536357
204.06,-724.84973,3.2229733,-0.4338706
204.08,-724.84973,-1.5840333,-0.7536357
204.09999,-739.27155,16.52236,0.045777034
204.12,-744.0788,-4.6284704,-0.2739881
204.14,-763.308,-29.785133,-0.7536357
204.15999,-748.8861,-39.559376,-0.7536357
204.18,-811.38074,-3.827303,0.045777034
204.2,-734.4643,26.136374,-0.2739881
204.22,-744.0788,-10.396878,-0.59375316
204.23999,-739.27155,-8.474075,-0.59375316
204.26,-739.27155,-21.292757,-0.59375316
204.28,-739.27155,5.6264763,-0.2739881
204.3,-806.5735,1.9411048,-0.2739881
204.31999,-729.657,-10.396878,-0.2739881
204.34,-724.84973,-7.993375,-0.7536357
204.36,-758.5007,-9.916177,0.20565958
204.37999,-768.1152,-31.707935,-0.59375316
204.4,-772.9225,-20.972292,0.045777034
204.42,-748.8861,8.190214,0.045777034
204.44,-758.5007,-31.707935,0.045777034
204.45999,-705.62054,-3.026135,-0.114105515
204.48,-772.9225,27.418243,0.20565958
204.5,-830.60986,8.991381,0.045777034
204.51999,-739.27155,-1.7442669,-0.114105515
204.54,-763.308,1.4604042,0.20565958
204.56,-739.27155,-20.171124,0.045777034
204.58,-748.8861,-0.30216488,-0.114105515
204.59999,-763.308,-15.844818,-0.2739881
204.62,-739.27155,-9.435476,-0.2739881
204.64,-729.657,-0.30216488,-0.4338706
204.65999,-734.4643,-0.30216488,-0.114105515
204.68,-763.308,25.655672,-0.2739881
204.7,-782.53705,9.792548,0.045777034
204.72,-806.5735,13.958622,-0.114105515
204.73999,-787.34436,-18.408554,-0.59375316
204.76,-758.5007,-10.076411,0.045777034
204.78,-758.5007,-33.150036,-0.4338706
204.79999,-753.69336,-13.441315,-0.114105515
204.81999,-748.8861,-11.037811,-0.4338706
204.84,-768.1152,-4.7887044,0.36554214
204.86,-724.84973,-3.026135,-0.114105515
204.87999,-777.7298,5.466243,0.68530726
204.9,-758.5007,-1.5840333,-0.4338706
204.92,-782.53705,1.4604042,0.20565958
204.94,-739.27155,-3.6670694,-0.114105515
204.95999,-768.1152,-3.5068357,0.045777034
204.98,-667.16235,24.213572,0.045777034
205.0,-710.42786,11.875586,-0.114105515
205.01999,-772.9225,-21.292757,-0.2739881
205.04,-782.53705,-14.562949,-0.2739881
205.06,-763.308,20.367966,-0.4338706
205.08,-772.9225,-28.182798,-0.9135183
205.09999,-753.69336,16.041658,-0.4338706
205.12,-772.9225,-4.6284704,0.045777034
205.14,-744.0788,-25.619062,0.20565958
205.15999,-772.9225,-7.672908,-0.2739881
205.18,-772.9225,-20.49159,0.045777034
205.2,-720.0424,-3.3466022,0.045777034
205.22,-758.5007,-7.833141,0.045777034
205.23999,-772.9225,-28.6635,0.045777034
205.26,-816.18805,25.335205,-0.114105515
205.28,-792.1517,4.504842,-0.4338706
205.29999,-763.308,1.4604042,-0.114105515
205.31999,-792.1517,10.593717,-0.114105515
205.34,-782.53705,-2.2249672,-0.114105515
205.36,-792.1517,-19.530188,-0.2739881
205.37999,-758.5007,20.68843,-0.114105515
205.4,-753.69336,-1.7442669,0.36554214
205.42,-763.308,15.400723,-0.2739881
205.44,-715.2351,-2.0647337,-0.4338706
205.45999,-744.0788,23.893103,-0.4338706
205.48,-777.7298,5.78671,-0.7536357
205.5,-710.42786,-0.62263197,-0.114105515
205.51999,-777.7298,35.42992,0.045777034
205.54,-796.9589,16.20189,-0.114105515
205.56,-825.8026,-29.624899,0.20565958
205.58,-753.69336,26.136374,-0.2739881
205.59999,-763.308,-7.5126743,0.045777034
205.62,-758.5007,19.566797,-0.4338706
205.64,-806.5735,-4.7887044,0.045777034
205.65999,-811.38074,-40.040077,-0.114105515
205.68,-734.4643,-5.429638,-0.114105515
205.7,-796.9589,-7.5126743,-0.2739881
205.72,-777.7298,13.477921,-0.2739881
205.73999,-768.1152,-7.5126743,-0.4338706
205.76,-748.8861,9.311849,-0.114105515
205.78,-782.53705,-13.120848,0.8451898
205.79999,-777.7298,-0.14193134,0.5254247
205.81999,-787.34436,6.908345,0.20565958
205.84,-739.27155,18.765629,0.045777034
205.86,-777.7298,2.7422726,-0.4338706
205.87999,-801.7662,40.397163,0.20565958
205.9,-753.69336,-2.2249672,-0.2739881
205.92,-787.34436,-13.120848,0.045777034
205.94,-724.84973,18.124695,-0.2739881
205.95999,-777.7298,-0.46239844,0.045777034
205.98,-820.9953,-45.32778,0.045777034
206.0,-763.308,12.356286,0.5254247
206.01999,-758.5007,-15.203884,0.20565958
206.04,-840.2244,54.978424,0.68530726
206.06,-777.7298,-6.3910394,0.36554214
206.08,-782.53705,-10.236644,0.5254247
206.09999,-724.84973,-2.7056682,0.5254247
206.12,-792.1517,67.47665,0.8451898
206.14,-825.8026,-1.9045002,-0.114105515
206.15999,-811.38074,-17.607388,-0.114105515
206.18,-777.7298,25.335205,0.8451898
206.2,-792.1517,-4.6284704,0.68530726
206.22,-758.5007,-2.2249672,-0.114105515
206.23999,-796.9589,-7.993375,0.20565958
206.26,-811.38074,10.75395,0.5254247
206.28,-787.34436,-11.358279,0.045777034
206.29999,-792.1517,18.124695,0.8451898
206.31999,-787.34436,2.902506,-0.2739881
206.34,-758.5007,19.727032,-0.2739881
206.36,-768.1152,7.0685787,0.045777034
206.37999,-763.308,-8.474075,0.045777034
206.4,-744.0788,1.139937,0.20565958
206.42,-768.1152,1.4604042,0.045777034
206.44,-782.53705,-15.04365,0.045777034
206.45999,-792.1517,-0.9430991,0.20565958
206.48,-816.18805,21.4896,0.20565958
206.5,-787.34436,15.080256,0.68530726
206.51999,-820.9953,-18.088087,0.045777034
206.54,-772.9225,-21.933691,-0.4338706
206.56,-796.9589,-35.55354,0.045777034
206.58,-787.34436,8.190214,0.20565958
206.59999,-864.2608,37.51296,0.36554214
206.62,-801.7662,3.7036738,0.045777034
206.64,-801.7662,-11.518513,-0.114105515
206.65999,-820.9953,-11.358279,0.5254247
206.68,-768.1152,-29.945368,0.68530726
206.7,-806.5735,-6.711507,0.045777034
206.72,-753.69336,42.159733,0.045777034
206.73999,-796.9589,8.190214,-0.114105515
206.76,-820.9953,-8.474075,0.045777034
206.78,-792.1517,34.949223,-0.2739881
206.79999,-811.38074,-4.948938,0.045777034
206.81999,-820.9953,8.670914,-0.114105515
206.84,-796.9589,16.362125,-0.2739881
206.86,-748.8861,52.09422,-0.2739881
206.87999,-801.7662,6.7481112,-0.2739881
206.9,-792.1517,-12.960614,0.045777034
206.92,-806.5735,-11.83898,-0.114105515
206.94,-835.4171,-6.711507,-0.114105515
206.95999,-806.5735,-6.5512733,-0.4338706
206.98,-830.60986,2.902506,-0.2739881
207.0,-806.5735,17.323528,-0.4338706
207.01999,-845.03174,-11.037811,-0.114105515
207.04,-820.9953,-13.281082,-0.114105515
207.06,-806.5735,-19.530188,0.045777034
207.08,-796.9589,-46.930115,-0.59375316
207.09999,-830.60986,11.074417,0.045777034
207.12,-796.9589,4.504842,0.045777034
207.14,-724.84973,26.93754,-0.2739881
207.15999,-792.1517,11.875586,0.20565958
207.18,-830.60986,-11.037811,-0.4338706
207.2,-825.8026,-20.812057,-0.114105515
207.22,-820.9953,16.20189,-0.7536357
207.23999,-840.2244,11.394884,-0.7536357
207.26,-820.9953,10.27325,-0.59375316
207.28,-796.9589,-29.945368,-1.393166
207.29999,-845.03174,1.4604042,-0.7536357
207.31999,-845.03174,-13.922015,0.045777034
207.34,-820.9953,-18.729021,-0.4338706
207.36,-830.60986,-3.827303,-0.114105515
207.37999,-840.2244,-21.452991,0.20565958
207.4,-849.839,-29.304434,-0.2739881
207.42,-782.53705,10.27325,0.045777034
207.44,-849.839,-25.619062,-0.2739881
207.45999,-854.6463,-4.948938,0.045777034
207.48,-854.6463,-0.62263197,-0.114105515
207.5,-820.9953,-5.2694044,-0.2739881
207.51999,-796.9589,-11.358279,-0.59375316
207.54,-816.18805,30.46268,-0.2739881
207.56,-830.60986,-7.192207,0.36554214
207.58,-840.2244,-13.120848,-0.114105515
207.59999,-873.8754,1.6206378,0.045777034
207.62,-816.18805,-3.1863687,0.045777034
207.64,-811.38074,15.24049,-0.4338706
207.65999,-859.4536,19.887262,0.045777034
207.68,-825.8026,-43.565212,-0.2739881
207.7,-825.8026,-7.352441,-0.2739881
207.72,-825.8026,0.81947,-0.7536357
207.73999,-830.60986,-0.9430991,-0.114105515
207.76,-820.9953,-18.088087,-0.2739881
207.78,-830.60986,-1.9045002,0.20565958
207.79999,-811.38074,-25.619062,-0.114105515
207.81999,-830.60986,11.394884,-0.2739881
207.84,-825.8026,5.78671,-0.2739881
207.86,-816.18805,-47.571053,-0.4338706
207.87999,-864.2608,-12.31968,-0.114105515
207.9,-777.7298,7.3890457,0.5254247
207.92,-835.4171,5.145776,1.0050724
207.94,-820.9953,-4.6284704,-0.114105515
207.95999,-840.2244,-7.0319734,-0.2739881
207.98,-744.0788,3.3832066,0.20565958
208.0,-748.8861,30.783146,-0.114105515
208.01999,-787.34436,-10.076411,0.36554214
208.04,-792.1517,-20.651823,-0.114105515
208.06,-849.839,-11.198046,0.045777034
208.08,-854.6463,16.362125,-0.114105515
208.09999,-849.839,27.738708,0.5254247
208.12,-845.03174,12.035819,0.20565958
208.14,-816.18805,51.933983,0.5254247
208.15999,-825.8026,7.549279,0.36554214
208.18,-801.7662,-19.690422,-0.114105515
208.2,-849.839,6.2674108,-0.4338706
208.22,-811.38074,11.234652,-0.2739881
208.23999,-830.60986,34.148052,0.045777034
208.26,-787.34436,20.047497,0.5254247
208.28,-864.2608,-1.9045002,-0.2739881
208.29999,-854.6463,30.46268,0.045777034
208.31999,-835.4171,-10.557112,0.045777034
208.34,-849.839,8.350447,0.36554214
208.36,-840.2244,4.504842,0.36554214
208.37999,-873.8754,-13.281082,-0.114105515
208.4,-840.2244,-14.08225,-0.59375316
208.42,-854.6463,4.184375,0.045777034
208.44,-840.2244,13.157454,0.20565958
208.45999,-854.6463,4.9855423,-0.2739881
208.48,-835.4171,11.555119,0.20565958
208.5,-806.5735,-6.230806,-0.114105515
208.51999,-859.4536,-25.779295,-0.114105515
208.54,-883.49,29.341045,1.0050724
208.56,-830.60986,20.68843,-0.114105515
208.58,-820.9953,31.424084,0.20565958
208.59999,-835.4171,-13.761782,-0.114105515
208.62,-897.9118,-10.396878,-0.114105515
208.64,-926.7555,26.617075,-0.59375316
208.65999,-859.4536,3.2229733,-0.4338706
208.68,-806.5735,16.20189,-0.4338706
208.7,-864.2608,6.908345,-0.114105515
208.72,-845.03174,5.6264763,-0.2739881
208.73999,-893.10455,2.261572,0.5254247
208.76,-869.0681,-4.3080034,-0.59375316
208.78,-835.4171,24.694271,0.20565958
208.79999,-840.2244,-11.358279,-0.4338706
208.81999,-825.8026,-9.115009,0.20565958
208.84,-873.8754,-11.999213,0.68530726
208.86,-869.0681,-56.864594,-0.2739881
208.87999,-945.9846,-10.557112,0.36554214
208.9,-883.49,-14.723184,-0.4338706
208.92,-849.839,9.472081,-0.2739881
208.94,-893.10455,-22.574625,0.5254247
208.95999,-893.10455,-15.844818,0.20565958
208.98,-864.2608,8.190214,-0.114105515
209.0,-869.0681,7.8697467,-0.114105515
209.01999,-883.49,46.806507,0.5254247
209.04,-849.839,14.599556,-0.114105515
209.06,-864.2608,-9.275244,0.20565958
209.08,-859.4536,-28.6635,0.045777034
209.09999,-878.6827,-23.375792,-0.114105515
209.12,-883.49,-1.2635663,-0.114105515
209.14,-825.8026,-7.0319734,0.045777034
209.15999,-854.6463,7.8697467,0.20565958
209.18,-854.6463,-29.945368,-0.2739881
209.2,-878.6827,0.17853576,-0.114105515
209.22,-796.9589,9.311849,0.20565958
209.23999,-907.52637,16.20189,0.36554214
209.26,-859.4536,6.908345,0.20565958
209.28,-869.0681,18.445162,0.045777034
209.29999,-864.2608,12.676753,0.045777034
209.31999,-830.60986,-27.702099,-0.2739881
209.34,-897.9118,3.5434403,0.36554214
209.36,-883.49,-27.061165,-0.4338706
209.37999,-864.2608,-58.947628,0.045777034
209.4,-878.6827,3.3832066,-0.114105515
209.42,-897.9118,8.991381,-0.114105515
209.44,-854.6463,0.9797035,-0.2739881
209.45999,-893.10455,25.174973,0.20565958
209.48,-869.0681,21.169132,0.20565958
209.5,-873.8754,2.902506,0.36554214
209.51999,-888.29724,-3.026135,-0.114105515
209.54,-893.10455,8.831148,0.045777034
209.56,-931.56274,-15.04365,0.20565958
209.58,-864.2608,-3.6670694,-0.2739881
209.59999,-830.60986,18.605394,-0.114105515
209.62,-864.2608,-47.41082,-0.59375316
209.64,-869.0681,6.5878778,-0.4338706
209.65999,-864.2608,11.234652,-0.114105515
209.68,-830.60986,-3.6670694,-0.114105515
209.7,-825.8026,17.483759,-0.114105515
209.72,-893.10455,6.7481112,0.045777034
209.73999,-845.03174,4.3446083,0.36554214
209.76,-869.0681,15.400723,0.045777034
209.78,-869.0681,-8.634309,-0.114105515
209.79999,-878.6827,-10.877579,-0.114105515
209.81999,-869.0681,-4.468237,0.5254247
209.84,-888.29724,-16.485752,0.045777034
209.86,-878.6827,-32.188637,-0.114105515
209.87999,-912.3337,-55.903194,-0.114105515
209.9,-873.8754,-0.46239844,0.20565958
209.92,-873.8754,24.694271,0.045777034
209.94,-816.18805,1.6206378,-0.2739881
209.95999,-888.29724,-16.165285,-0.114105515
209.98,-840.2244,-8.634309,0.045777034
210.0,-878.6827,40.076694,0.20565958
210.01999,-955.5992,-12.640147,-0.4338706
210.04,-873.8754,17.643993,-0.4338706
210.06,-878.6827,-2.385201,-0.59375316
210.08,-883.49,18.605394,-0.7536357
210.09999,-854.6463,21.329365,-0.4338706
210.12,-845.03174,5.6264763,-0.114105515
210.14,-926.7555,-58.466927,-0.114105515
210.15999,-840.2244,12.51652,0.20565958
210.18,-907.52637,-27.2214,-0.2739881
210.2,-893.10455,28.860344,-0.114105515
210.22,-873.8754,33.346886,-0.2739881
210.23999,-917.1409,7.3890457,-0.2739881
210.26,-907.52637,-14.723184,-0.114105515
210.28,-869.0681,6.908345,-1.0734009
210.29999,-869.0681,-0.46239844,0.045777034
210.31999,-907.52637,-11.198046,-0.4338706
210.34,-897.9118,-5.1091714,0.045777034
210.36,-902.71906,-12.479914,0.045777034
210.37999,-893.10455,-49.013153,-0.114105515
210.4,-888.29724,6.4276443,-0.2739881
210.42,-989.2501,13.798388,-0.114105515
210.44,-907.52637,-8.954777,-0.59375316
210.45999,-917.1409,11.234652,-0.7536357
210.48,-888.29724,18.925863,-0.114105515
210.5,-936.37006,-17.76762,-0.4338706
210.51999,-893.10455,4.184375,0.20565958
210.54,-869.0681,0.81947,-0.59375316
210.56,-897.9118,-7.352441,-0.2739881
210.58,-945.9846,12.676753,-0.4338706
210.59999,-945.9846,5.466243,-0.114105515
210.62,-945.9846,-19.049488,-0.2739881
210.64,-921.94824,-28.343033,-0.114105515
210.65999,-907.52637,-5.429638,-0.4338706
210.68,-907.52637,-2.8659017,-0.7536357
210.7,-907.52637,21.649834,-0.4338706
210.72,-917.1409,25.014738,0.045777034
210.73999,-878.6827,5.466243,0.045777034
210.76,-854.6463,-29.785133,-0.2739881
210.78,-893.10455,-8.954777,-0.4338706
210.79999,-941.1773,27.418243,0.045777034
210.81999,-912.3337,50.65211,-0.2739881
210.84,-888.29724,9.632316,0.5254247
210.86,-917.1409,-34.111435,0.20565958
210.87999,-907.52637,11.715352,0.045777034
210.9,-941.1773,-8.634309,-0.114105515
210.92,-893.10455,15.72119,-0.114105515
210.94,-950.79193,16.52236,-0.114105515
210.95999,-907.52637,4.3446083,-0.2739881
210.98,-912.3337,-17.126686,-0.114105515
211.0,-917.1409,14.1188545,-0.59375316
211.01999,-897.9118,15.560958,-0.114105515
211.04,-912.3337,-23.21556,-0.59375316
211.06,-859.4536,-9.755944,-0.4338706
211.08,-907.52637,3.8639073,-0.114105515
211.09999,-897.9118,-68.8821,-0.114105515
211.12,-950.79193,-27.38163,-0.4338706
211.14,-893.10455,11.715352,-0.4338706
211.15999,-917.1409,31.424084,-0.59375316
211.18,-864.2608,0.9797035,0.045777034
211.2,-931.56274,-16.005053,-0.114105515
211.22,-917.1409,0.018302217,-0.114105515
211.23999,-907.52637,-6.0705724,-0.59375316
211.26,-859.4536,50.171413,0.045777034
211.28,-936.37006,-6.711507,0.20565958
211.29999,-917.1409,-1.5840333,0.045777034
211.31999,-950.79193,-34.431904,0.20565958
211.34,-945.9846,10.75395,-0.2739881
211.36,-907.52637,4.024141,-0.2739881
211.37999,-945.9846,2.7422726,-0.114105515
211.4,-878.6827,-1.4237996,-0.2739881
211.42,-912.3337,28.700111,-0.4338706
211.44,-926.7555,32.545715,-0.114105515
211.45999,-912.3337,15.080256,0.045777034
211.48,-893.10455,11.555119,-0.114105515
211.5,-878.6827,-0.46239844,-0.114105515
211.51999,-926.7555,4.825309,-0.4338706
211.54,-926.7555,6.7481112,-0.2739881
211.56,-941.1773,-14.08225,0.045777034
211.58,-926.7555,-9.59571,-0.2739881
211.59999,-931.56274,-3.9875362,0.045777034
211.62,-902.71906,-1.9045002,-0.114105515
211.64,-917.1409,-6.230806,-0.2739881
211.65999,-970.021,-11.198046,-0.2739881
211.68,-926.7555,-27.541864,-0.114105515
211.7,-926.7555,42.800667,-0.114105515
211.72,-955.5992,14.439322,-0.4338706
211.73999,-936.37006,7.228812,0.20565958
211.76,-917.1409,-20.812057,-0.59375316
211.78,-931.56274,18.284927,0.045777034
211.79999,-917.1409,-21.132523,-0.2739881
211.81999,-945.9846,9.472081,0.045777034
211.84,-936.37006,-10.557112,0.20565958
211.86,-888.29724,22.611235,-0.114105515
211.87999,-936.37006,4.3446083,-0.4338706
211.9,-931.56274,40.717632,0.20565958
211.92,-926.7555,-0.7828655,0.045777034
211.94,-950.79193,-13.281082,-0.114105515
211.95999,-984.44293,25.335205,0.20565958
211.98,-907.52637,9.632316,0.36554214
212.0,-931.56274,23.572638,0.20565958
212.01999,-907.52637,-5.910339,-0.114105515
212.04,-912.3337,-3.1863687,-0.2739881
212.06,-950.79193,0.33876932,0.045777034
212.08,-931.56274,-1.7442669,-0.114105515
212.09999,-955.5992,-15.524351,-0.114105515
212.12,-902.71906,-5.1091714,-0.114105515
212.14,-936.37006,-18.889254,0.045777034
212.15999,-945.9846,-0.62263197,0.20565958
212.18,-1003.672,-22.254158,-0.59375316
212.2,-859.4536,-6.5512733,0.045777034
212.22,-897.9118,-18.568789,-0.114105515
212.23999,-912.3337,-1.5840333,0.045777034
212.26,-965.2137,0.17853576,0.5254247
212.28,-941.1773,-20.651823,-0.114105515
212.29999,-945.9846,0.49900287,0.045777034
212.31999,-945.9846,-7.5126743,-0.2739881
212.34,-945.9846,-7.993375,-0.114105515
212.36,-864.2608,7.8697467,-0.114105515
212.37999,-936.37006,10.75395,0.20565958
212.4,-912.3337,-19.049488,0.36554214
212.42,-917.1409,-16.80622,0.20565958
212.44,-941.1773,3.0627398,0.045777034
212.45999,-917.1409,-8.634309,0.68530726
212.48,-907.52637,8.831148,-0.114105515
212.5,-921.94824,-1.4237996,0.68530726
212.51999,-936.37006,-16.966454,0.20565958
212.54,-955.5992,-12.479914,0.20565958
212.56,-931.56274,9.952783,0.045777034
212.58,-950.79193,12.035819,0.045777034
212.59999,-994.0574,32.545715,0.20565958
212.62,-994.0574,-36.03424,0.20565958
212.64,-950.79193,-16.325518,0.5254247
212.65999,-921.94824,-25.779295,0.20565958
212.68,-941.1773,-52.538292,0.20565958
212.7,-941.1773,-9.59571,0.20565958
212.72,-950.79193,4.9855423,0.045777034
212.73999,-921.94824,-8.794542,0.68530726
212.76,-921.94824,-15.524351,0.68530726
212.78,-950.79193,9.311849,-0.4338706
212.79999,-936.37006,2.261572,-0.114105515
212.81999,-945.9846,4.825309,-0.2739881
212.84,-931.56274,55.138657,0.36554214
212.86,-960.4065,-5.7501054,-0.2739881
212.87999,-1008.4793,17.643993,0.045777034
212.9,-936.37006,-29.304434,-0.4338706
212.92,-955.5992,-8.153608,0.20565958
212.94,-989.2501,-23.21556,0.20565958
212.95999,-878.6827,-6.230806,-0.114105515
212.98,-936.37006,-3.827303,-0.9135183
213.0,-960.4065,-6.5512733,-0.4338706
213.01999,-965.2137,-18.408554,0.045777034
213.04,-994.0574,-7.5126743,0.045777034
213.06,-941.1773,15.72119,0.045777034
213.08,-921.94824,3.2229733,0.20565958
213.09999,-926.7555,23.091934,0.68530726
213.12,-955.5992,-20.331356,-0.114105515
213.14,-979.6356,-13.761782,0.045777034
213.15999,-965.2137,0.33876932,-0.2739881
213.18,-970.021,4.504842,-0.114105515
213.2,-970.021,7.3890457,0.5254247
213.22,-907.52637,3.8639073,0.68530726
213.23999,-945.9846,7.709513,-0.114105515
213.26,-945.9846,-35.55354,0.36554214
213.28,-960.4065,-9.755944,-0.2739881
213.29999,-950.79193,28.379642,-0.114105515
213.31999,-979.6356,0.33876932,0.68530726
213.34,-970.021,-11.358279,0.045777034
213.36,-979.6356,-16.645985,0.045777034
213.37999,-984.44293,9.632316,0.045777034
213.4,-960.4065,-12.31968,-0.2739881
213.42,-950.79193,20.367966,0.5254247
213.44,-984.44293,65.39361,0.20565958
213.45999,-955.5992,21.0089,-0.114105515
213.48,-979.6356,5.9469438,-0.4338706
213.5,-989.2501,10.75395,0.045777034
213.51999,-960.4065,-9.916177,-0.2739881
213.54,-998.8647,-26.580463,0.20565958
213.56,-998.8647,-26.42023,0.045777034
213.58,-960.4065,21.810066,0.20565958
213.59999,-998.8647,4.825309,0.20565958
213.62,-950.79193,32.22525,0.20565958
213.64,-941.1773,30.142212,-0.2739881
213.65999,-1003.672,45.845108,-0.2739881
213.68,-950.79193,-19.690422,0.045777034
213.7,-955.5992,-20.331356,-0.114105515
213.72,-921.94824,-16.325518,-0.114105515
213.73999,-1022.90106,-2.8659017,0.045777034
213.76,-984.44293,-1.5840333,-0.4338706
213.78,-941.1773,-5.1091714,0.36554214
213.79999,-984.44293,5.3060093,0.68530726
213.81999,-974.8283,-6.8717403,0.20565958
213.84,-994.0574,-2.2249672,-0.114105515
213.86,-989.2501,4.3446083,0.36554214
213.87999,-998.8647,7.8697467,0.20565958
213.9,-974.8283,-6.230806,0.20565958
213.92,-994.0574,1.9411048,-0.114105515
213.94,-994.0574,-40.52078,-0.59375316
213.95999,-974.8283,-12.31968,0.20565958
213.98,-897.9118,-1.2635663,-0.114105515
214.0,-984.44293,7.3890457,0.20565958
214.01999,-1003.672,-21.613226,0.36554214
214.04,-979.6356,-27.061165,0.20565958
214.06,-984.44293,-9.275244,0.36554214
214.08,-984.44293,8.831148,0.68530726
214.09999,-979.6356,4.825309,0.36554214
214.12,-1008.4793,13.958622,0.045777034
214.14,-970.021,4.184375,0.045777034
214.15999,-984.44293,3.2229733,0.20565958
214.18,-979.6356,7.228812,0.68530726
214.2,-989.2501,31.904783,0.20565958
214.22,-965.2137,-3.026135,0.20565958
214.23999,-998.8647,15.881425,0.5254247
214.26,-965.2137,4.024141,0.20565958
214.28,-998.8647,-18.248322,0.045777034
214.29999,-989.2501,8.510681,0.045777034
214.31999,-1022.90106,22.77147,0.20565958
214.34,-984.44293,-36.514942,-0.2739881
214.36,-989.2501,-10.877579,-0.114105515
214.37999,-945.9846,15.080256,0.68530726
214.4,-1018.0938,-14.242482,0.5254247
214.42,-979.6356,13.638155,0.36554214
214.44,-921.94824,16.362125,0.5254247
214.45999,-970.021,-4.948938,0.5254247
214.48,-970.021,7.8697467,0.68530726
214.5,-1013.2866,-16.485752,0.20565958
214.51999,-1018.0938,-12.31968,0.20565958
214.54,-979.6356,-3.6670694,0.68530726
214.56,-1003.672,-16.645985,0.36554214
214.58,-998.8647,-3.1863687,0.045777034
214.59999,-1003.672,-1.4237996,-0.2739881
214.62,-965.2137,-27.2214,-0.4338706
214.64,-1013.2866,-4.3080034,0.045777034
214.65999,-1018.0938,-36.514942,0.36554214
214.68,-950.79193,8.02998,0.045777034
214.7,-998.8647,-34.431904,-0.59375316
214.72,-984.44293,14.1188545,0.20565958
214.73999,-989.2501,-30.906769,-0.114105515
214.76,-994.0574,18.284927,-0.4338706
214.78,-998.8647,-23.375792,-0.114105515
214.79999,-955.5992,-21.933691,-0.114105515
214.81999,-1027.7084,5.9469438,0.36554214
214.84,-989.2501,0.17853576,0.045777034
214.86,-1013.2866,8.190214,-0.114105515
214.87999,-1003.672,23.572638,0.36554214
214.9,-1008.4793,-15.203884,0.045777034
214.92,-989.2501,-59.268093,0.8451898
214.94,-974.8283,-38.27751,-0.2739881
214.95999,-994.0574,-34.912605,-0.114105515
214.98,-1037.323,-15.364117,-0.114105515
215.0,-1008.4793,-14.562949,0.36554214
215.01999,-1018.0938,-7.192207,-0.4338706
215.04,-1008.4793,8.991381,0.36554214
215.06,-984.44293,58.183094,0.045777034
215.08,-1090.2031,10.433483,0.20565958
215.09999,-1032.5157,9.632316,-0.114105515
215.12,-1008.4793,13.638155,0.045777034
215.14,-998.8647,-13.441315,-0.114105515
215.15999,-994.0574,27.578474,0.045777034
215.18,-1027.7084,12.356286,0.045777034
215.2,-974.8283,3.7036738,0.5254247
215.22,-1013.2866,20.848665,0.20565958
215.23999,-1018.0938,-1.9045002,-0.2739881
215.26,-1008.4793,-3.026135,-0.4338706
215.28,-1042.1301,-17.607388,0.20565958
215.29999,-1013.2866,30.622915,0.20565958
215.31999,-1027.7084,12.196053,0.20565958
215.34,-1032.5157,6.908345,-0.114105515
215.36,-1022.90106,-3.827303,-0.4338706
215.37999,-1027.7084,-35.71377,-0.7536357
215.4,-1027.7084,41.5188,-0.114105515
215.42,-1032.5157,31.103615,0.36554214
215.44,-1046.9375,-8.634309,-0.114105515
215.45999,-1008.4793,13.958622,0.045777034
215.48,-1008.4793,14.1188545,0.20565958
215.5,-1018.0938,18.284927,0.20565958
215.51999,-984.44293,-10.076411,-0.2739881
215.54,-1008.4793,43.601833,-0.114105515
215.56,-1075.7811,9.952783,-0.114105515
215.58,-1027.7084,13.958622,-0.114105515
215.59999,-979.6356,-35.71377,-0.114105515
215.62,-984.44293,25.976141,-0.4338706
215.64,-1042.1301,-2.8659017,-0.4338706
215.65999,-1022.90106,-11.198046,-0.59375316
215.68,-1022.90106,-6.711507,-0.114105515
215.7,-1027.7084,-10.076411,-0.7536357
215.72,-1037.323,-0.30216488,-0.2739881
215.73999,-1013.2866,-8.153608,-0.4338706
215.76,-1008.4793,4.3446083,-0.4338706
215.78,-1008.4793,10.433483,0.045777034
215.79999,-1032.5157,16.842825,0.5254247
215.81999,-1018.0938,-3.026135,-0.59375316
215.84,-998.8647,-0.62263197,-0.2739881
215.86,-1046.9375,-10.557112,-0.2739881
215.87999,-1032.5157,-1.9045002,0.045777034
215.9,-1046.9375,15.560958,0.045777034
215.92,-1061.3594,-20.812057,-0.114105515
215.94,-1003.672,17.643993,-0.114105515
215.95999,-974.8283,14.279089,-0.2739881
215.98,-1070.9739,26.45684,0.045777034
216.0,-1027.7084,-4.948938,-0.114105515
216.01999,-1080.5885,-19.690422,-0.4338706
216.04,-1042.1301,8.02998,-0.59375316
216.06,-1070.9739,-13.120848,-0.59375316
216.08,-1037.323,-7.993375,-0.114105515
216.09999,-1046.9375,-23.055326,-0.7536357
216.12,-1085.3958,17.323528,-0.9135183
216.14,-1022.90106,1.4604042,-0.7536357
216.15999,-1027.7084,-0.62263197,-0.7536357
216.18,-1046.9375,35.42992,-0.4338706
216.2,-1013.2866,-13.601548,-0.114105515
216.22,-1022.90106,-26.580463,-1.0734009
216.23999,-1032.5157,-0.46239844,-0.4338706
216.26,-1037.323,2.1013381,-0.114105515
216.28,-1090.2031,-49.173386,-0.2739881
216.29999,-1051.7448,-22.254158,-0.4338706
216.31999,-1042.1301,25.014738,0.045777034
216.34,-1056.5521,-33.470505,-0.2739881
216.36,-1042.1301,16.362125,0.045777034
216.37999,-1037.323,18.284927,-0.2739881
216.4,-1032.5157,4.6650753,-0.59375316
216.42,-1046.9375,-2.385201,-0.4338706
216.44,-998.8647,14.759789,0.045777034
216.45999,-945.9846,-17.286919,0.5254247
216.48,-1018.0938,1.9411048,-0.2739881
216.5,-1046.9375,10.75395,-0.59375316
216.51999,-998.8647,12.356286,-0.2739881
216.54,-1027.7084,9.632316,-0.2739881
216.56,-1042.1301,-3.9875362,-0.4338706
216.58,-1056.5521,8.670914,0.20565958
216.59999,-994.0574,34.949223,0.045777034
216.62,-1061.3594,24.213572,0.045777034
216.64,-1046.9375,-7.833141,-0.114105515
216.65999,-1032.5157,-23.69626,0.045777034
216.68,-1056.5521,-1.9045002,0.20565958
216.7,-1104.6249,7.709513,0.045777034
216.72,-1066.1666,42.640434,0.045777034
216.73999,-1070.9739,-0.7828655,0.68530726
216.76,-1070.9739,15.24049,0.045777034
216.78,-1061.3594,-7.833141,-0.59375316
216.79999,-1061.3594,-31.067003,0.045777034
216.81999,-1099.8176,1.9411048,0.36554214
216.84,-1051.7448,12.196053,-0.114105515
216.86,-1099.8176,4.184375,0.68530726
216.87999,-1051.7448,-14.242482,0.20565958
216.9,-1056.5521,13.638155,-0.114105515
216.92,-1075.7811,1.4604042,0.20565958
216.94,-1051.7448,-2.7056682,-0.4338706
216.95999,-1042.1301,6.5878778,-0.114105515
216.98,-1022.90106,-14.562949,0.045777034
217.0,-1051.7448,-4.14777,-0.114105515
217.01999,-1075.7811,-9.755944,-0.114105515
217.04,-1066.1666,0.018302217,0.36554214
217.06,-1032.5157,-4.948938,0.36554214
217.08,-1119.0468,50.97258,0.8451898
217.09999,-1090.2031,-18.889254,0.68530726
217.12,-1013.2866,-30.426067,0.20565958
217.14,-1037.323,-21.132523,-0.9135183
217.15999,-1095.0103,7.709513,0.045777034
217.18,-1037.323,12.99722,-0.4338706
217.2,-1061.3594,-0.30216488,-1.0734009
217.22,-1042.1301,2.5820389,-0.114105515
217.23999,-1070.9739,-15.684585,0.045777034
217.26,-1095.0103,-9.115009,0.68530726
217.28,-1056.5521,22.931702,0.36554214
217.29999,-1066.1666,11.875586,0.20565958
217.31999,-1066.1666,31.103615,0.20565958
217.34,-1085.3958,50.01118,0.20565958
217.36,-1037.323,4.6650753,-0.114105515
217.37999,-1042.1301,-6.3910394,-1.0734009
217.4,-1037.323,-1.2635663,0.045777034
217.42,-1046.9375,16.362125,-0.114105515
217.44,-1037.323,13.477921,-0.4338706
217.45999,-1085.3958,17.323528,0.045777034
217.48,-1042.1301,-59.748795,-0.114105515
217.5,-1070.9739,11.875586,0.8451898
217.51999,-1061.3594,11.875586,-0.4338706
217.54,-1070.9739,-35.233074,-0.2739881
217.56,-974.8283,-34.27167,-0.114105515
217.58,-1114.2395,-18.568789,0.045777034
217.59999,-1032.5157,-33.790974,-0.2739881
217.62,-1090.2031,-20.972292,0.20565958
217.64,-1109.4321,-6.230806,0.045777034
217.65999,-1051.7448,-4.468237,-0.4338706
217.68,-1104.6249,4.9855423,-0.114105515
217.7,-1085.3958,-35.07284,0.36554214
217.72,-1056.5521,-24.657661,0.20565958
217.73999,-1080.5885,-20.651823,0.36554214
217.76,-1099.8176,0.33876932,-0.2739881
217.78,-1085.3958,8.350447,-0.114105515
217.79999,-1066.1666,0.9797035,-0.114105515
217.81999,-1085.3958,8.670914,0.20565958
217.84,-1066.1666,13.157454,-0.7536357
217.86,-1080.5885,19.887262,-0.114105515
217.87999,-1099.8176,-0.14193134,-0.2739881
217.9,-1056.5521,-3.1863687,0.36554214
217.92,-1022.90106,32.385483,-0.114105515
217.94,-1027.7084,6.2674108,-0.7536357
217.95999,-1099.8176,-14.883417,0.045777034
217.98,-1109.4321,-6.5512733,0.045777034
218.0,-1104.6249,1.7808713,-0.4338706
218.01999,-1095.0103,-11.358279,-0.7536357
218.04,-1095.0103,0.33876932,-0.7536357
218.06,-1119.0468,0.9797035,0.045777034
218.08,-1075.7811,-57.505527,-0.114105515
218.09999,-1104.6249,-17.126686,-0.114105515
218.12,-1061.3594,11.715352,-0.4338706
218.14,-1075.7811,9.792548,-0.4338706
218.15999,-1119.0468,6.1071773,-0.4338706
218.18,-1090.2031,-5.589872,0.045777034
218.2,-1008.4793,27.097775,-0.4338706
218.22,-1090.2031,8.670914,-0.114105515
218.23999,-1070.9739,12.035819,-0.114105515
218.26,-1075.7811,-20.01089,0.36554214
218.28,-1095.0103,6.2674108,0.20565958
218.29999,-1104.6249,-3.026135,0.045777034
218.31999,-1080.5885,27.258009,-0.114105515
218.34,-1051.7448,33.66735,0.20565958
218.36,-1061.3594,13.638155,0.20565958
218.37999,-1095.0103,-20.01089,0.20565958
218.4,-1095.0103,8.350447,0.68530726
218.42,-1119.0468,-6.711507,-0.114105515
218.44,-1104.6249,-36.514942,-0.4338706
218.45999,-1061.3594,-19.850657,-0.114105515
218.48,-1070.9739,46.005337,-0.114105515
218.5,-1075.7811,4.504842,-0.114105515
218.51999,-1099.8176,26.136374,0.20565958
218.54,-1070.9739,-9.916177,-0.114105515
218.56,-1095.0103,3.3832066,0.045777034
218.58,-1080.5885,7.3890457,0.20565958
218.59999,-1070.9739,19.086096,0.045777034
218.62,-1099.8176,9.472081,-0.114105515
218.64,-1109.4321,-2.5454345,0.20565958
218.65999,-1046.9375,-21.613226,0.5254247
218.68,-1147.8904,-9.275244,0.045777034
218.7,-1090.2031,13.958622,0.045777034
218.72,-1075.7811,44.08254,0.20565958
218.73999,-1066.1666,6.7481112,-0.2739881
218.76,-1075.7811,7.709513,-0.4338706
218.78,-1061.3594,27.258009,0.045777034
218.79999,-1119.0468,13.638155,-0.4338706
218.81999,-1061.3594,-44.045914,0.045777034
218.84,-1099.8176,-33.470505,-0.2739881
218.86,-1085.3958,-30.5863,0.045777034
218.87999,-1109.4321,-4.468237,-0.114105515
218.9,-1090.2031,-5.910339,-0.2739881
218.92,-1085.3958,22.931702,0.36554214
218.94,-1070.9739,-13.922015,-0.7536357
218.95999,-1080.5885,-23.69626,-0.2739881
218.98,-1133.4685,26.617075,0.045777034
219.0,-1075.7811,10.113016,-0.2739881
219.01999,-1090.2031,-22.414392,-0.114105515
219.04,-1109.4321,-28.6635,0.045777034
219.06,-1051.7448,-32.028404,-0.4338706
219.08,-1104.6249,0.17853576,-0.2739881
219.09999,-1143.0831,17.96446,0.20565958
219.12,-1085.3958,-13.120848,0.5254247
219.14,-1090.2031,-9.275244,0.045777034
219.15999,-1066.1666,24.694271,-0.114105515
219.18,-1090.2031,-33.790974,-0.59375316
219.2,-1099.8176,11.234652,0.5254247
219.22,-1119.0468,7.8697467,0.8451898
219.23999,-1114.2395,-37.636574,0.045777034
219.26,-1128.6613,-18.408554,-0.2739881
219.28,-1119.0468,-19.690422,0.20565958
219.29999,-1042.1301,49.53048,-0.4338706
219.31999,-1080.5885,-9.755944,-0.2739881
219.34,-1099.8176,12.356286,0.045777034
219.36,-1133.4685,-4.3080034,-0.4338706
219.37999,-1080.5885,-9.916177,-0.4338706
219.4,-1109.4321,21.9703,-0.114105515
219.42,-1099.8176,19.887262,0.045777034
219.44,-1143.0831,-13.601548,0.20565958
219.45999,-1147.8904,-9.275244,0.20565958
219.48,-1080.5885,11.394884,0.045777034
219.5,-1119.0468,-60.069263,-0.7536357
219.51999,-1123.854,-5.429638,0.045777034
219.54,-1099.8176,12.676753,-0.2739881
219.56,-1104.6249,19.246328,-0.114105515
219.58,-1104.6249,11.074417,-0.114105515
219.59999,-1128.6613,3.2229733,0.20565958
219.62,-1114.2395,-7.5126743,-0.4338706
219.64,-1056.5521,5.78671,0.36554214
219.65999,-1123.854,-1.1033326,0.36554214
219.68,-1114.2395,3.7036738,-0.2739881
219.7,-1109.4321,-10.557112,-0.2739881
219.72,-1128.6613,-22.414392,0.045777034
219.73999,-1138.2759,-1.4237996,0.20565958
219.76,-1143.0831,23.572638,0.045777034
219.78,-1061.3594,-16.005053,-0.4338706
219.79999,-1143.0831,-6.8717403,-0.2739881
219.81999,-1128.6613,5.3060093,-0.114105515
219.84,-1176.734,-20.651823,-0.114105515
219.86,-1109.4321,13.798388,-0.114105515
219.87999,-1080.5885,0.6592364,-0.4338706
219.9,-1090.2031,-18.568789,-0.114105515
219.92,-1095.0103,10.113016,0.36554214
219.94,-1123.854,23.893103,0.68530726
219.95999,-1138.2759,-7.833141,0.045777034
219.98,-1147.8904,5.3060093,0.68530726
220.0,-1123.854,5.78671,0.045777034
220.01999,-1114.2395,-3.3466022,0.36554214
220.04,-1162.3123,-11.358279,0.36554214
220.06,-1095.0103,4.825309,0.045777034
220.08,-1143.0831,1.9411048,0.045777034
220.09999,-1114.2395,26.45684,0.045777034
220.12,-1138.2759,17.483759,-0.114105515
220.14,-1123.854,64.59244,0.20565958
220.15999,-1138.2759,30.46268,0.68530726
220.18,-1147.8904,-33.470505,0.20565958
220.2,-1123.854,-13.922015,0.045777034
220.22,-1070.9739,20.367966,-0.4338706
220.23999,-1133.4685,-15.684585,0.36554214
220.26,-1143.0831,-27.061165,-0.4338706
220.28,-1099.8176,-29.785133,-0.114105515
220.29999,-1128.6613,-0.62263197,0.20565958
220.31999,-1147.8904,-9.435476,0.5254247
220.34,-1147.8904,-17.126686,0.20565958
220.36,-1157.505,5.78671,-0.114105515
220.37999,-1090.2031,-58.306694,-0.2739881
220.4,-1114.2395,5.6264763,0.20565958
220.42,-1114.2395,4.504842,0.20565958
220.44,-1147.8904,-2.385201,0.045777034
220.45999,-1095.0103,7.3890457,0.36554214
220.48,-1109.4321,-7.352441,0.36554214
220.5,-1147.8904,-8.313842,-0.114105515
220.51999,-1133.4685,8.350447,0.68530726
220.54,-1157.505,19.566797,0.36554214
220.56,-1152.6976,13.317687,0.20565958
220.58,-1138.2759,17.643993,0.20565958
220.59999,-1109.4321,-24.17696,0.5254247
220.62,-1143.0831,27.578474,0.045777034
220.64,-1123.854,-4.6284704,-0.4338706
220.65999,-1138.2759,-3.1863687,-0.4338706
220.68,-1119.0468,4.024141,0.045777034
220.7,-1080.5885,20.848665,0.8451898
220.72,-1133.4685,4.9855423,-0.4338706
220.73999,-1138.2759,-21.452991,-0.4338706
220.76,-1143.0831,28.059177,0.20565958
220.78,-1147.8904,15.560958,-0.114105515
220.79999,-1138.2759,1.139937,1.0050724
220.81999,-1162.3123,9.632316,-0.2739881
220.84,-1138.2759,26.777308,0.20565958
220.86,-1143.0831,25.335205,0.5254247
220.87999,-1123.854,1.4604042,0.36554214
220.9,-1143.0831,-1.1033326,-0.114105515
220.92,-1167.1195,-43.084515,0.20565958
220.94,-1138.2759,-9.115009,0.20565958
220.95999,-1138.2759,9.632316,0.5254247
220.98,-1147.8904,40.877865,0.68530726
221.0,-1133.4685,7.3890457,0.36554214
221.01999,-1128.6613,-15.203884,-0.114105515
221.04,-1200.7704,-16.325518,-0.2739881
221.06,-1162.3123,-13.441315,-0.114105515
221.08,-1085.3958,-3.026135,-0.114105515
221.09999,-1143.0831,-19.850657,-0.59375316
221.12,-1186.3486,-54.140625,-0.114105515
221.14,-1152.6976,7.8697467,0.5254247
221.15999,-1162.3123,-3.026135,0.5254247
221.18,-1167.1195,29.661512,0.5254247
221.2,-1128.6613,-4.468237,0.36554214
221.22,-1128.6613,-2.385201,-0.2739881
221.23999,-1138.2759,-7.993375,0.045777034
221.26,-1171.9269,-37.79681,0.045777034
221.28,-1186.3486,-13.281082,-0.114105515
221.29999,-1162.3123,12.356286,0.045777034
221.31999,-1133.4685,-27.061165,-0.114105515
221.34,-1162.3123,-4.6284704,-0.114105515
221.36,-1167.1195,1.4604042,-0.114105515
221.37999,-1138.2759,-16.80622,0.20565958
221.4,-1157.505,12.51652,-0.2739881
221.42,-1152.6976,12.8369875,0.20565958
221.44,-1085.3958,-15.844818,0.045777034
221.45999,-1171.9269,15.24049,0.5254247
221.48,-1152.6976,2.7422726,0.045777034
221.5,-1176.734,-4.6284704,-0.2739881
221.51999,-1152.6976,-0.62263197,-0.114105515
221.54,-1157.505,-14.402717,-0.2739881
221.56,-1128.6613,-22.73486,-0.4338706
221.58,-1138.2759,18.124695,0.045777034
221.59999,-1152.6976,-9.59571,0.20565958
221.62,-1133.4685,-0.30216488,0.045777034
221.64,-1133.4685,-23.69626,-0.2739881
221.65999,-1152.6976,-4.6284704,-0.4338706
221.68,-1162.3123,4.184375,0.045777034
221.7,-1162.3123,-14.242482,-0.4338706
221.72,-1095.0103,22.290768,-0.114105515
221.73999,-1191.156,31.584314,0.20565958
221.76,-1133.4685,2.902506,-0.2739881
221.78,-1157.505,-1.2635663,0.36554214
221.79999,-1104.6249,-7.0319734,-0.2739881
221.81999,-1147.8904,-11.999213,0.045777034
221.84,-1143.0831,3.3832066,-0.114105515
221.86,-1167.1195,-24.497427,0.20565958
221.87999,-1123.854,53.53632,0.045777034
221.9,-1147.8904,9.311849,0.20565958
221.92,-1138.2759,11.715352,0.5254247
221.94,-1123.854,24.854506,0.5254247
221.95999,-1176.734,15.72119,0.36554214
221.98,-1167.1195,-6.8717403,0.045777034
222.0,-1162.3123,3.0627398,-0.114105515
222.01999,-1200.7704,22.77147,0.045777034
222.04,-1128.6613,-3.5068357,-0.2739881
222.06,-1128.6613,31.103615,0.20565958
222.08,-1167.1195,9.151615,0.20565958
222.09999,-1215.1924,-45.16755,0.045777034
222.12,-1143.0831,-6.0705724,-0.2739881
222.14,-1171.9269,-11.999213,-0.114105515
222.15999,-1167.1195,-3.9875362,-0.2739881
222.18,-1167.1195,21.810066,-0.114105515
222.2,-1147.8904,-8.474075,0.5254247
222.22,-1171.9269,2.5820389,0.5254247
222.23999,-1167.1195,4.024141,-0.2739881
222.26,-1234.4214,-11.678746,-0.7536357
222.28,-1133.4685,-7.0319734,-0.4338706
222.29999,-1186.3486,-7.5126743,-0.2739881
222.31999,-1215.1924,4.504842,0.20565958
222.34,-1200.7704,3.7036738,0.5254247
222.36,-1191.156,12.196053,-0.114105515
222.37999,-1181.5414,-4.3080034,-0.2739881
222.4,-1181.5414,-18.568789,0.36554214
222.42,-1162.3123,-9.916177,-0.2739881
222.44,-1195.9633,23.091934,0.20565958
222.45999,-1186.3486,-10.076411,-0.59375316
222.48,-1181.5414,36.070858,-0.2739881
222.5,-1215.1924,40.877865,0.20565958
222.51999,-1162.3123,23.412403,-0.114105515
222.54,-1176.734,-8.634309,-0.4338706
222.56,-1152.6976,28.059177,-0.2739881
222.58,-1157.505,-3.1863687,0.20565958
222.59999,-1195.9633,-8.474075,0.045777034
222.62,-1205.5778,-7.672908,-0.2739881
222.64,-1181.5414,11.875586,-0.59375316
222.65999,-1195.9633,21.329365,-0.114105515
222.68,-1171.9269,4.184375,-0.2739881
222.7,-1186.3486,-12.640147,-0.4338706
222.72,-1195.9633,-4.7887044,-0.114105515
222.73999,-1205.5778,17.483759,-0.114105515
222.76,-1167.1195,-2.0647337,-0.114105515
222.78,-1210.385,0.33876932,0.045777034
222.79999,-1186.3486,-40.68101,-0.2739881
222.81999,-1176.734,-3.3466022,-0.114105515
222.84,-1210.385,38.794827,-0.2739881
222.86,-1186.3486,6.5878778,-0.59375316
222.87999,-1224.8069,18.445162,0.20565958
222.9,-1128.6613,6.2674108,0.68530726
222.92,-1224.8069,1.6206378,-0.4338706
222.94,-1205.5778,25.815907,0.045777034
222.95999,-1186.3486,3.3832066,-0.4338706
222.98,-1186.3486,-16.645985,-0.59375316
223.0,-1186.3486,-6.711507,-0.114105515
223.01999,-1167.1195,-11.83898,-0.59375316
223.04,-1119.0468,-5.7501054,-0.2739881
223.06,-1258.4578,46.48604,-0.2739881
223.08,-1219.9996,-2.2249672,-0.2739881
223.09999,-1229.6141,13.157454,-0.4338706
223.12,-1205.5778,-3.3466022,-0.114105515
223.14,-1205.5778,14.279089,0.68530726
223.15999,-1219.9996,1.7808713,0.20565958
223.18,-1162.3123,-9.755944,-0.4338706
223.2,-1104.6249,-28.983965,-0.2739881
223.22,-1171.9269,-39.23891,-1.2332834
223.23999,-1215.1924,0.33876932,-0.2739881
223.26,-1205.5778,22.931702,-0.4338706
223.28,-1215.1924,-44.045914,-0.4338706
223.29999,-1195.9633,-9.435476,-0.2739881
223.31999,-1215.1924,-32.82957,-0.9135183
223.34,-1215.1924,-5.589872,-0.4338706
223.36,-1215.1924,-3.9875362,0.045777034
223.37999,-1195.9633,19.887262,0.045777034
223.4,-1195.9633,-12.960614,-0.59375316
223.42,-1229.6141,-19.209723,-0.59375316
223.44,-1162.3123,-10.076411,-0.114105515
223.45999,-1224.8069,3.5434403,-0.59375316
223.48,-1195.9633,-18.889254,-0.2739881
223.5,-1248.8434,-27.2214,-0.4338706
223.51999,-1219.9996,39.275528,-0.2739881
223.54,-1195.9633,-7.833141,-0.4338706
223.56,-1205.5778,1.7808713,0.045777034
223.58,-1186.3486,-2.2249672,-0.2739881
223.59999,-1210.385,12.676753,-0.7536357
223.62,-1147.8904,34.308285,-0.4338706
223.64,-1195.9633,13.477921,0.045777034
223.65999,-1200.7704,24.694271,-0.4338706
223.68,-1210.385,-20.651823,-0.59375316
223.7,-1171.9269,-3.026135,-0.9135183
223.72,-1234.4214,3.7036738,-0.2739881
223.73999,-1239.2288,0.6592364,-0.4338706
223.76,-1215.1924,11.394884,-0.4338706
223.78,-1268.0724,-2.5454345,-0.59375316
223.79999,-1181.5414,41.67903,-0.9135183
223.81999,-1244.036,8.02998,-0.7536357
223.84,-1200.7704,32.545715,-0.114105515
223.86,-1195.9633,6.7481112,-0.4338706
223.87999,-1181.5414,-0.62263197,-0.4338706
223.9,-1205.5778,6.908345,-0.4338706
223.92,-1224.8069,2.4218054,-0.59375316
223.94,-1167.1195,20.367966,-0.4338706
223.95999,-1215.1924,32.70595,0.045777034
223.98,-1215.1924,-0.7828655,-0.114105515
224.0,-1195.9633,4.825309,-0.59375316
224.01999,-1210.385,6.908345,-0.2739881
224.04,-1287.3015,-10.717345,-0.2739881
224.06,-1277.687,20.848665,-0.4338706
224.08,-1234.4214,37.833427,0.20565958
224.09999,-1215.1924,-0.62263197,0.20565958
224.12,-1186.3486,11.555119,0.045777034
224.14,-1215.1924,-18.889254,0.20565958
224.15999,-1210.385,-13.281082,-0.114105515
224.18,-1229.6141,-16.966454,-0.59375316
224.2,-1195.9633,7.0685787,-0.2739881
224.22,-1248.8434,2.261572,-0.114105515
224.23999,-1253.6505,-14.402717,-0.2739881
224.26,-1224.8069,18.605394,0.20565958
224.28,-1210.385,-9.115009,-0.2739881
224.29999,-1263.2651,31.744547,-0.114105515
224.31999,-1234.4214,-17.607388,-0.114105515
224.34,-1229.6141,-10.076411,-0.59375316
224.36,-1234.4214,-12.479914,-0.7536357
224.37999,-1215.1924,5.145776,-0.4338706
224.4,-1205.5778,-0.7828655,-0.59375316
224.42,-1219.9996,0.49900287,-0.7536357
224.44,-1234.4214,-17.447153,-0.59375316
224.45999,-1239.2288,-31.547703,-0.4338706
224.48,-1239.2288,-39.559376,-1.2332834
224.5,-1138.2759,35.10945,-0.2739881
224.51999,-1224.8069,17.483759,-0.59375316
224.54,-1219.9996,13.798388,-0.2739881
224.56,-1239.2288,18.765629,0.36554214
224.58,-1205.5778,-0.46239844,-0.114105515
224.59999,-1239.2288,-14.723184,-0.4338706
224.62,-1272.8798,17.00306,0.045777034
224.64,-1191.156,-28.343033,-0.114105515
224.65999,-1229.6141,0.49900287,-0.2739881
224.68,-1167.1195,16.20189,-0.4338706
224.7,-1195.9633,-9.275244,-0.2739881
224.72,-1263.2651,-0.9430991,0.045777034
224.73999,-1258.4578,-17.607388,0.20565958
224.76,-1210.385,-16.325518,0.20565958
224.78,-1224.8069,43.922302,0.045777034
224.79999,-1234.4214,32.385483,-0.2739881
224.81999,-1200.7704,42.319965,-0.4338706
224.84,-1219.9996,-31.227234,0.045777034
224.86,-1224.8069,13.317687,-0.114105515
224.87999,-1123.854,1.3001705,-0.4338706
224.9,-1248.8434,0.018302217,-0.2739881
224.92,-1234.4214,-10.717345,0.20565958
224.94,-1268.0724,-10.076411,-0.114105515
224.95999,-1229.6141,-8.153608,-0.4338706
224.98,-1229.6141,-6.5512733,-0.4338706
225.0,-1215.1924,9.792548,0.045777034
225.01999,-1244.036,25.976141,0.20565958
225.04,-1224.8069,-5.589872,-0.2739881
225.06,-1253.6505,-16.645985,-0.4338706
225.08,-1244.036,15.560958,-0.2739881
225.09999,-1287.3015,-3.5068357,0.20565958
225.12,-1224.8069,-1.1033326,-0.114105515
225.14,-1248.8434,20.207731,0.36554214
225.15999,-1248.8434,-16.325518,0.20565958
225.18,-1215.1924,20.528198,0.5254247
225.2,-1272.8798,-3.9875362,-0.114105515
225.22,-1244.036,17.643993,0.5254247
225.23999,-1239.2288,-2.8659017,0.36554214
225.26,-1195.9633,26.93754,0.045777034
225.28,-1229.6141,4.6650753,-0.114105515
225.29999,-1215.1924,-11.037811,0.045777034
225.31999,-1253.6505,12.356286,0.045777034
225.34,-1272.8798,-16.80622,-0.4338706
225.36,-1239.2288,-8.634309,-0.4338706
225.37999,-1244.036,28.379642,0.20565958
225.4,-1205.5778,-3.026135,-0.114105515
225.42,-1253.6505,7.0685787,0.20565958
225.44,-1253.6505,21.9703,0.045777034
225.45999,-1253.6505,20.528198,0.045777034
225.48,-1234.4214,-36.995644,-0.4338706
225.5,-1258.4578,-1.4237996,0.045777034
225.51999,-1239.2288,-34.111435,-0.114105515
225.54,-1248.8434,10.914185,0.045777034
225.56,-1263.2651,21.810066,-0.114105515
225.58,-1263.2651,-25.779295,-0.114105515
225.59999,-1253.6505,-5.910339,-0.2739881
225.62,-1268.0724,-1.9045002,0.36554214
225.64,-1272.8798,-17.76762,0.045777034
225.65999,-1282.4943,-8.634309,0.20565958
225.68,-1292.1088,15.400723,0.045777034
225.7,-1258.4578,-1.9045002,-0.114105515
225.72,-1268.0724,-27.702099,-0.2739881
225.73999,-1292.1088,-14.08225,-0.7536357
225.76,-1253.6505,-0.7828655,-0.2739881
225.78,-1244.036,-4.14777,0.20565958
225.79999,-1224.8069,7.3890457,0.5254247
225.81999,-1316.1453,14.439322,0.045777034
225.84,-1287.3015,-17.447153,-0.4338706
225.86,-1248.8434,13.157454,0.045777034
225.87999,-1248.8434,25.655672,0.20565958
225.9,-1181.5414,-17.76762,0.36554214
225.92,-1239.2288,6.2674108,0.5254247
225.94,-1253.6505,-18.408554,-0.2739881
225.95999,-1277.687,24.534037,0.045777034
225.98,-1244.036,-13.601548,-0.114105515
226.0,-1292.1088,-29.1442,0.36554214
226.01999,-1244.036,-2.2249672,0.36554214
226.04,-1239.2288,39.275528,0.045777034
226.06,-1215.1924,2.1013381,0.36554214
226.08,-1268.0724,7.709513,0.045777034
226.09999,-1248.8434,7.709513,0.68530726
226.12,-1292.1088,-0.9430991,1.0050724
226.14,-1253.6505,9.151615,0.36554214
226.15999,-1215.1924,4.504842,-0.114105515
226.18,-1263.2651,-13.441315,0.20565958
226.2,-1248.8434,10.113016,-0.114105515
226.22,-1253.6505,12.99722,-0.114105515
226.23999,-1229.6141,-9.59571,-0.114105515
226.26,-1244.036,-11.999213,0.20565958
226.28,-1272.8798,-11.83898,-0.4338706
226.29999,-1248.8434,2.4218054,0.045777034
226.31999,-1248.8434,-38.117275,-0.2739881
226.34,-1277.687,12.676753,0.045777034
226.36,-1277.687,-8.794542,0.045777034
226.37999,-1287.3015,27.097775,0.36554214
226.4,-1296.9161,-27.862331,-0.114105515
226.42,-1244.036,-2.5454345,-0.114105515
226.44,-1292.1088,-51.73712,-0.114105515
226.45999,-1272.8798,4.504842,0.20565958
226.48,-1258.4578,8.02998,0.20565958
226.5,-1277.687,-26.099764,-0.114105515
226.51999,-1258.4578,-8.313842,-0.114105515
226.54,-1282.4943,13.317687,-0.2739881
226.56,-1282.4943,40.877865,0.20565958
226.58,-1248.8434,19.246328,0.36554214
226.59999,-1258.4578,8.02998,0.5254247
226.62,-1205.5778,32.545715,-0.4338706
226.64,-1282.4943,15.080256,0.36554214
226.65999,-1301.7234,-19.369957,0.045777034
226.68,-1282.4943,5.466243,0.20565958
226.7,-1306.5306,28.379642,0.36554214
226.72,-1311.3379,27.898943,0.20565958
226.73999,-1272.8798,6.2674108,-0.2739881
226.76,-1296.9161,21.4896,0.20565958
226.78,-1296.9161,-13.281082,0.5254247
226.79999,-1292.1088,40.877865,0.5254247
226.81999,-1301.7234,-5.2694044,0.20565958
226.84,-1325.7598,1.139937,0.5254247
226.86,-1287.3015,1.139937,0.36554214
226.87999,-1292.1088,19.566797,0.045777034
226.9,-1282.4943,-72.24701,-0.114105515
226.92,-1301.7234,-13.441315,-0.4338706
226.94,-1229.6141,-41.161713,0.045777034
226.95999,-1354.6035,13.157454,0.36554214
226.98,-1258.4578,-12.800381,-0.114105515
227.0,-1263.2651,-26.099764,-0.59375316
227.01999,-1301.7234,-34.111435,-0.2739881
227.04,-1268.0724,28.21941,-0.4338706
227.06,-1292.1088,-0.14193134,-0.2739881
227.08,-1311.3379,-2.8659017,-0.114105515
227.09999,-1311.3379,-5.429638,-0.4338706
227.12,-1282.4943,-6.3910394,-0.4338706
227.14,-1282.4943,-9.435476,-1.0734009
227.15999,-1296.9161,6.908345,0.045777034
227.18,-1320.9525,8.190214,0.5254247
227.2,-1292.1088,-17.76762,-0.4338706
227.22,-1292.1088,-15.364117,-0.4338706
227.23999,-1296.9161,-11.678746,-0.4338706
227.26,-1287.3015,-51.73712,-0.2739881
227.28,-1287.3015,-8.954777,-0.2739881
227.29999,-1340.1816,-9.115009,0.045777034
227.31999,-1268.0724,-17.76762,-1.0734009
227.34,-1272.8798,18.605394,-0.2739881
227.36,-1311.3379,6.2674108,-0.2739881
227.37999,-1253.6505,-3.1863687,-0.114105515
227.4,-1272.8798,34.46852,0.5254247
227.42,-1301.7234,-4.948938,0.5254247
227.44,-1263.2651,-9.275244,-0.2739881
227.45999,-1296.9161,-10.396878,-0.2739881
227.48,-1277.687,-13.281082,0.5254247
227.5,-1292.1088,7.549279,-0.114105515
227.51999,-1239.2288,3.3832066,0.20565958
227.54,-1292.1088,21.649834,0.20565958
227.56,-1306.5306,8.670914,-0.114105515
227.58,-1287.3015,21.0089,0.045777034
227.59999,-1335.3743,-4.14777,-0.114105515
227.62,-1301.7234,-2.7056682,0.045777034
227.64,-1272.8798,28.059177,-0.59375316
227.65999,-1296.9161,1.139937,-0.114105515
227.68,-1277.687,-19.530188,0.20565958
227.7,-1301.7234,9.151615,-0.114105515
227.72,-1263.2651,4.825309,-0.2739881
227.73999,-1320.9525,-17.447153,-0.7536357
227.76,-1349.7963,-11.198046,-0.59375316
227.78,-1316.1453,35.269688,-0.4338706
227.79999,-1320.9525,-17.286919,0.20565958
227.81999,-1311.3379,12.676753,-0.114105515
227.84,-1244.036,18.925863,0.045777034
227.86,-1277.687,-0.9430991,-0.2739881
227.87999,-1301.7234,-27.38163,-0.2739881
227.9,-1287.3015,33.827583,0.045777034
227.92,-1296.9161,-16.80622,-0.114105515
227.94,-1364.218,12.51652,0.045777034
227.95999,-1277.687,-5.910339,0.5254247
227.98,-1296.9161,22.130533,0.20565958
228.0,-1311.3379,32.385483,0.045777034
228.01999,-1277.687,-13.441315,-0.2739881
228.04,-1335.3743,2.5820389,0.20565958
228.06,-1301.7234,15.560958,0.5254247
228.08,-1292.1088,-33.951202,0.36554214
228.09999,-1224.8069,-1.1033326,-0.114105515
228.12,-1248.8434,-7.0319734,0.5254247
228.14,-1301.7234,4.184375,0.36554214
228.15999,-1344.9889,-30.1056,0.36554214
228.18,-1306.5306,-8.313842,-0.114105515
228.2,-1244.036,31.584314,0.5254247
228.22,-1325.7598,5.3060093,-0.114105515
228.23999,-1282.4943,18.124695,0.5254247
228.26,-1344.9889,6.2674108,-0.114105515
228.28,-1335.3743,-6.230806,0.8451898
228.29999,-1344.9889,9.632316,0.68530726
228.31999,-1282.4943,-25.138361,-0.114105515
228.34,-1325.7598,-3.827303,0.20565958
228.36,-1340.1816,-31.227234,0.5254247
228.37999,-1296.9161,-22.093925,-0.114105515
228.4,-1311.3379,12.99722,0.045777034
228.42,-1325.7598,-7.352441,0.20565958
228.44,-1378.6399,4.3446083,0.20565958
228.45999,-1301.7234,38.794827,0.36554214
228.48,-1301.7234,26.617075,0.20565958
228.5,-1340.1816,8.350447,-0.114105515
228.51999,-1306.5306,5.9469438,-0.2739881
228.54,-1258.4578,4.3446083,-0.4338706
228.56,-1296.9161,-34.431904,-0.7536357
228.58,-1306.5306,16.842825,0.36554214
228.59999,-1282.4943,7.8697467,-0.2739881
228.62,-1335.3743,-7.5126743,0.045777034
228.64,-1364.218,10.27325,0.045777034
228.65999,-1301.7234,9.952783,0.045777034
228.68,-1320.9525,-2.7056682,-0.2739881
228.7,-1330.567,-18.408554,-0.2739881
228.72,-1292.1088,15.560958,0.045777034
228.73999,-1311.3379,-12.640147,-0.2739881
228.76,-1349.7963,-0.9430991,-0.2739881
228.78,-1320.9525,-46.449417,-0.2739881
228.79999,-1340.1816,-27.2214,0.68530726
228.81999,-1335.3743,-1.1033326,-0.2739881
228.84,-1277.687,-3.3466022,0.36554214
228.86,-1320.9525,17.804228,-0.2739881
228.87999,-1320.9525,-10.076411,-0.7536357
228.9,-1344.9889,7.228812,-0.114105515
228.92,-1287.3015,-1.4237996,-0.7536357
228.94,-1296.9161,-3.3466022,-0.59375316
228.95999,-1340.1816,3.7036738,0.20565958
228.98,-1330.567,-9.59571,-0.114105515
229.0,-1325.7598,4.184375,-0.114105515
229.01999,-1301.7234,-2.2249672,-0.4338706
229.04,-1301.7234,-12.640147,-0.2739881
229.06,-1320.9525,-6.5512733,0.045777034
229.08,-1306.5306,-13.120848,-0.9135183
229.09999,-1330.567,-6.0705724,-0.2739881
229.12,-1359.4106,33.827583,0.045777034
229.14,-1349.7963,-32.34887,-0.2739881
229.15999,-1316.1453,5.466243,-0.59375316
229.18,-1359.4106,9.472081,-0.114105515
229.2,-1369.0253,-8.153608,-0.4338706
229.22,-1320.9525,29.98198,0.045777034
229.23999,-1325.7598,-8.954777,0.045777034
229.26,-1320.9525,-17.447153,-0.4338706
229.28,-1316.1453,-20.812057,-0.9135183
229.29999,-1292.1088,-17.447153,-0.2739881
229.31999,-1364.218,19.566797,-0.2739881
229.34,-1335.3743,21.9703,-0.114105515
229.36,-1311.3379,-31.868172,-0.7536357
229.37999,-1349.7963,-0.62263197,-0.2739881
229.4,-1296.9161,4.184375,-0.4338706
229.42,-1378.6399,12.356286,-0.4338706
229.44,-1340.1816,20.848665,0.36554214
229.45999,-1320.9525,-43.72545,-0.7536357
229.48,-1335.3743,7.8697467,-0.2739881
229.5,-1277.687,-25.779295,-0.114105515
229.51999,-1320.9525,12.8369875,-0.114105515
229.54,-1349.7963,24.053337,0.045777034
229.56,-1383.4471,-13.761782,-0.59375316
229.58,-1349.7963,10.75395,-0.114105515
229.59999,-1340.1816,30.94338,0.20565958
229.62,-1373.8326,5.466243,-0.114105515
229.64,-1330.567,-17.607388,-0.9135183
229.65999,-1340.1816,49.850945,0.045777034
229.68,-1325.7598,-36.194473,-0.7536357
229.7,-1369.0253,20.367966,0.20565958
229.72,-1306.5306,20.68843,0.20565958
229.73999,-1369.0253,-24.016727,0.045777034
229.76,-1335.3743,-5.1091714,-0.2739881
229.78,-1393.0616,0.17853576,0.045777034
229.79999,-1311.3379,14.599556,0.045777034
229.81999,-1340.1816,10.433483,0.045777034
229.84,-1359.4106,-7.0319734,-0.114105515
229.86,-1268.0724,2.1013381,0.045777034
229.87999,-1292.1088,-6.711507,-0.114105515
229.9,-1359.4106,15.560958,0.20565958
229.92,-1354.6035,-10.877579,0.045777034
229.94,-1364.218,-24.817896,-0.4338706
229.95999,-1340.1816,-28.503265,0.045777034
229.98,-1445.9418,20.367966,-0.2739881
230.0,-1373.8326,-5.2694044,-0.114105515
230.01999,-1359.4106,25.49544,0.045777034
230.04,-1344.9889,-46.289185,-0.2739881
230.06,-1287.3015,-10.236644,0.20565958
230.08,-1340.1816,5.466243,-0.114105515
230.09999,-1325.7598,5.3060093,0.045777034
230.12,-1373.8326,40.236927,0.20565958
230.14,-1340.1816,14.279089,-0.114105515
230.15999,-1369.0253,-35.71377,0.045777034
230.18,-1359.4106,-25.45883,0.045777034
230.2,-1364.218,-14.723184,0.045777034
230.22,-1316.1453,-14.723184,-0.114105515
230.23999,-1349.7963,0.6592364,0.045777034
230.26,-1412.2908,12.035819,0.045777034
230.28,-1320.9525,13.798388,0.36554214
230.29999,-1349.7963,5.466243,-0.2739881
230.31999,-1306.5306,1.139937,-0.59375316
230.34,-1340.1816,-12.960614,-0.7536357
230.36,-1349.7963,0.33876932,-0.2739881
230.37999,-1369.0253,1.6206378,0.36554214
230.4,-1364.218,8.510681,0.5254247
230.42,-1359.4106,-13.922015,-0.59375316
230.44,-1364.218,-16.325518,-0.4338706
230.45999,-1354.6035,-18.889254,-0.2739881
230.48,-1335.3743,30.302446,-0.2739881
230.5,-1335.3743,2.5820389,-0.2739881
230.51999,-1354.6035,22.290768,-0.114105515
230.54,-1364.218,31.744547,-0.114105515
230.56,-1369.0253,-7.5126743,0.045777034
230.58,-1373.8326,5.466243,0.20565958
230.59999,-1359.4106,22.451,0.045777034
230.62,-1354.6035,-17.286919,-0.7536357
230.64,-1383.4471,-39.23891,-0.2739881
230.65999,-1364.218,-16.005053,-0.59375316
230.68,-1364.218,5.145776,0.045777034
230.7,-1354.6035,27.097775,-0.114105515
230.72,-1412.2908,-2.385201,0.20565958
230.73999,-1359.4106,-72.24701,-0.4338706
230.76,-1344.9889,22.611235,-0.114105515
230.78,-1373.8326,-3.026135,0.20565958
230.79999,-1364.218,19.566797,-0.2739881
230.81999,-1378.6399,1.6206378,0.045777034
230.84,-1325.7598,-5.589872,0.36554214
230.86,-1359.4106,-48.692684,-0.4338706
230.87999,-1378.6399,23.893103,0.36554214
230.9,-1364.218,-5.7501054,-0.2739881
230.92,-1402.6763,-17.927853,-0.114105515
230.94,-1417.098,-3.827303,-0.59375316
230.95999,-1388.2544,-6.8717403,-0.2739881
230.98,-1320.9525,-35.393307,-0.4338706
231.0,-1354.6035,19.406563,-0.2739881
231.01999,-1335.3743,2.5820389,-0.4338706
231.04,-1388.2544,-10.396878,-0.114105515
231.06,-1383.4471,-19.690422,-0.114105515
231.08,-1311.3379,-16.165285,0.68530726
231.09999,-1340.1816,12.676753,-0.2739881
231.12,-1393.0616,8.190214,-0.2739881
231.14,-1364.218,-4.6284704,-0.59375316
231.15999,-1373.8326,-16.80622,-0.2739881
231.18,-1417.098,-2.2249672,-0.4338706
231.2,-1383.4471,11.555119,-0.114105515
231.22,-1397.869,-27.702099,-0.59375316
231.23999,-1383.4471,9.311849,-0.114105515
231.26,-1388.2544,5.3060093,-0.2739881
231.28,-1383.4471,15.24049,-0.59375316
231.29999,-1364.218,48.569077,-0.4338706
231.31999,-1373.8326,-21.773457,-0.4338706
231.34,-1388.2544,-12.31968,-0.4338706
231.36,-1402.6763,25.014738,-0.2739881
231.37999,-1402.6763,37.51296,-0.114105515
231.4,-1354.6035,8.350447,-0.114105515
231.42,-1407.4836,17.323528,-0.114105515
231.44,-1397.869,-3.827303,-0.2739881
231.45999,-1378.6399,1.6206378,-0.4338706
231.48,-1378.6399,15.24049,-0.4338706
231.5,-1393.0616,32.866184,-0.2739881
231.51999,-1344.9889,-21.613226,0.045777034
231.54,-1393.0616,-19.690422,-0.2739881
231.56,-1373.8326,-10.717345,-0.2739881
231.58,-1407.4836,-17.447153,-0.2739881
231.59999,-1397.869,-17.126686,0.045777034
231.62,-1373.8326,8.670914,0.045777034
231.64,-1388.2544,-4.948938,0.36554214
231.65999,-1388.2544,4.504842,0.5254247
231.68,-1426.7126,8.350447,0.20565958
231.7,-1397.869,0.018302217,0.5254247
231.72,-1388.2544,17.483759,0.36554214
231.73999,-1469.9781,-9.59571,0.68530726
231.76,-1436.3271,2.261572,0.5254247
231.78,-1378.6399,10.433483,0.36554214
231.79999,-1311.3379,-35.233074,-0.114105515
231.81999,-1373.8326,7.228812,0.20565958
231.84,-1393.0616,-4.6284704,-0.114105515
231.86,-1455.5564,8.670914,0.20565958
231.87999,-1407.4836,11.074417,-0.7536357
231.9,-1397.869,-15.844818,0.20565958
231.92,-1263.2651,12.196053,0.045777034
231.94,-1364.218,17.96446,0.045777034
231.95999,-1383.4471,37.833427,0.20565958
231.98,-1393.0616,13.317687,0.045777034
232.0,-1373.8326,-10.877579,0.5254247
232.01999,-1397.869,-37.79681,0.20565958
232.04,-1344.9889,-13.761782,0.045777034
232.06,-1412.2908,0.17853576,-0.4338706
232.08,-1373.8326,-28.022566,-0.114105515
232.09999,-1445.9418,-16.325518,-0.4338706
232.12,-1369.0253,-1.9045002,0.20565958
232.14,-1393.0616,4.504842,0.20565958
232.15999,-1436.3271,1.9411048,0.045777034
232.18,-1378.6399,-5.2694044,0.045777034
232.2,-1393.0616,-13.922015,-0.2739881
232.22,-1436.3271,-25.45883,-0.114105515
232.23999,-1445.9418,4.504842,0.5254247
232.26,-1383.4471,7.709513,0.045777034
232.28,-1407.4836,-7.833141,0.20565958
232.29999,-1426.7126,15.72119,0.20565958
232.31999,-1378.6399,26.617075,0.045777034
232.34,-1407.4836,-47.731285,-0.2739881
232.36,-1364.218,-3.5068357,-0.2739881
232.37999,-1397.869,-1.7442669,0.045777034
232.4,-1397.869,-9.275244,0.20565958
232.42,-1388.2544,51.77375,0.68530726
232.43999,-1378.6399,22.77147,0.68530726
232.45999,-1397.869,13.317687,0.045777034
232.48,-1320.9525,-3.5068357,-0.2739881
232.5,-1421.9054,-1.1033326,1.0050724
232.51999,-1388.2544,-20.01089,0.36554214
232.54,-1431.52,3.2229733,0.20565958
232.56,-1373.8326,38.794827,0.20565958
232.58,-1388.2544,-25.298595,0.045777034
232.59999,-1412.2908,-11.358279,0.5254247
232.62,-1412.2908,-14.883417,0.36554214
232.64,-1373.8326,2.7422726,0.5254247
232.65999,-1373.8326,24.854506,0.20565958
232.68,-1479.5928,7.3890457,0.20565958
232.7,-1373.8326,3.3832066,0.20565958
232.72,-1383.4471,30.142212,0.68530726
232.73999,-1417.098,-19.850657,0.20565958
232.76,-1426.7126,-10.236644,-0.2739881
232.78,-1354.6035,5.9469438,0.5254247
232.79999,-1407.4836,-14.883417,0.20565958
232.81999,-1393.0616,-6.5512733,-0.2739881
232.84,-1397.869,13.798388,0.045777034
232.86,-1431.52,4.184375,0.36554214
232.87999,-1407.4836,0.17853576,0.20565958
232.9,-1431.52,36.551556,0.045777034
232.92,-1373.8326,20.528198,0.36554214
232.93999,-1397.869,-21.292757,0.045777034
232.95999,-1369.0253,-5.910339,0.36554214
232.98,-1417.098,0.81947,0.20565958
233.0,-1402.6763,-16.325518,-0.59375316
233.01999,-1373.8326,-20.171124,0.045777034
233.04,-1412.2908,5.466243,0.045777034
233.06,-1393.0616,3.3832066,0.36554214
233.08,-1431.52,-3.5068357,-0.114105515
233.09999,-1412.2908,-30.426067,0.68530726
233.12,-1359.4106,-1.9045002,0.36554214
233.14,-1388.2544,14.920023,0.5254247
233.15999,-1388.2544,4.504842,0.045777034
233.18,-1417.098,-3.9875362,0.20565958
233.2,-1421.9054,-5.429638,0.045777034
233.22,-1407.4836,-17.76762,0.20565958
233.23999,-1412.2908,29.020578,-0.4338706
233.26,-1383.4471,17.323528,-0.114105515
233.28,-1431.52,-25.93953,0.045777034
233.29999,-1393.0616,10.75395,0.045777034
233.31999,-1407.4836,10.113016,0.20565958
233.34,-1431.52,-2.0647337,0.36554214
233.36,-1412.2908,10.75395,-0.4338706
233.37999,-1393.0616,22.130533,-0.2739881
233.4,-1426.7126,24.694271,0.045777034
233.42,-1417.098,10.433483,0.20565958
233.43999,-1397.869,-9.275244,0.68530726
233.45999,-1426.7126,-44.366383,0.045777034
233.48,-1426.7126,-11.037811,0.20565958
233.5,-1426.7126,7.549279,-0.114105515
233.51999,-1426.7126,8.350447,0.045777034
233.54,-1407.4836,-8.474075,0.20565958
233.56,-1450.749,0.018302217,0.045777034
233.58,-1417.098,-2.385201,-0.114105515
233.59999,-1388.2544,52.73515,0.20565958
233.62,-1436.3271,22.290768,0.36554214
233.64,-1412.2908,-1.4237996,0.20565958
233.65999,-1445.9418,-19.369957,0.20565958
233.68,-1412.2908,-1.9045002,-0.114105515
233.7,-1412.2908,14.439322,0.045777034
233.72,-1364.218,29.98198,-0.2739881
233.73999,-1412.2908,-2.2249672,-0.114105515
233.76,-1436.3271,11.074417,-0.2739881
233.78,-1402.6763,4.9855423,0.045777034
233.79999,-1431.52,58.34333,0.20565958
233.81999,-1431.52,3.7036738,0.36554214
233.84,-1412.2908,32.065014,0.8451898
233.86,-1455.5564,5.466243,0.5254247
233.87999,-1426.7126,6.908345,0.20565958
233.9,-1431.52,19.887262,0.5254247
233.92,-1412.2908,22.290768,0.8451898
233.93999,-1417.098,19.246328,0.68530726
233.95999,-1407.4836,-10.557112,0.20565958
233.98,-1445.9418,-32.188637,0.045777034
234.0,-1436.3271,-15.04365,0.20565958
234.01999,-1465.1709,11.074417,0.68530726
234.04,-1479.5928,-32.34887,0.68530726
234.06,-1445.9418,6.2674108,0.68530726
234.08,-1460.3636,-11.999213,0.68530726
234.09999,-1431.52,-27.541864,0.5254247
234.12,-1469.9781,20.367966,0.36554214
234.14,-1426.7126,5.466243,0.20565958
234.15999,-1455.5564,-2.385201,0.5254247
234.18,-1465.1709,-15.04365,0.20565958
234.2,-1426.7126,-29.1442,0.20565958
234.22,-1397.869,-11.037811,-0.7536357
234.23999,-1421.9054,19.086096,0.36554214
234.26,-1402.6763,-16.645985,0.20565958
234.28,-1445.9418,-14.883417,0.20565958
234.29999,-1450.749,16.20189,0.5254247
234.31999,-1388.2544,10.113016,0.045777034
234.34,-1441.1345,-5.589872,0.045777034
234.36,-1469.9781,-16.165285,0.5254247
234.37999,-1426.7126,-6.8717403,0.045777034
234.4,-1431.52,-10.076411,-0.114105515
234.42,-1450.749,-7.5126743,0.20565958
234.43999,-1431.52,0.6592364,0.20565958
234.45999,-1455.5564,-0.62263197,-0.2739881
234.48,-1431.52,-29.624899,0.045777034
234.5,-1441.1345,-17.447153,0.68530726
234.51999,-1441.1345,-8.634309,0.36554214
234.54,-1455.5564,-27.061165,-0.2739881
234.56,-1426.7126,-63.754635,-0.114105515
234.58,-1489.2073,-25.779295,0.045777034
234.59999,-1417.098,6.908345,0.045777034
234.62,-1436.3271,18.925863,0.36554214
234.64,-1431.52,-26.740696,-0.59375316
234.65999,-1474.7855,2.7422726,-0.59375316
234.68,-1412.2908,-6.0705724,-0.4338706
234.7,-1450.749,1.4604042,-0.2739881
234.72,-1441.1345,5.3060093,0.045777034
234.73999,-1455.5564,-30.265835,-0.114105515
234.76,-1417.098,-11.678746,0.045777034
234.78,-1450.749,-3.1863687,0.20565958
234.79999,-1465.1709,9.311849,0.045777034
234.81999,-1373.8326,-1.7442669,-0.114105515
234.84,-1426.7126,1.7808713,-0.2739881
234.86,-1460.3636,-16.005053,-0.114105515
234.87999,-1455.5564,-27.702099,-0.2739881
234.9,-1407.4836,2.4218054,0.20565958
234.92,-1469.9781,-31.227234,-0.114105515
234.93999,-1450.749,13.638155,0.20565958
234.95999,-1426.7126,10.75395,0.8451898
234.98,-1436.3271,2.261572,0.36554214
235.0,-1469.9781,17.804228,0.045777034
235.01999,-1445.9418,47.607674,0.20565958
235.04,-1407.4836,32.385483,-0.114105515
235.06,-1455.5564,7.0685787,0.045777034
235.08,-1445.9418,9.632316,0.045777034
235.09999,-1417.098,35.75039,0.5254247
235.12,-1436.3271,11.394884,0.045777034
235.14,-1474.7855,-8.313842,-0.2739881
235.15999,-1417.098,-13.922015,-0.114105515
235.18,-1489.2073,26.617075,-0.59375316
235.2,-1484.4,-3.6670694,-0.114105515
235.22,-1445.9418,-16.645985,0.20565958
235.23999,-1393.0616,12.676753,0.045777034
235.26,-1522.8583,4.6650753,0.045777034
235.28,-1522.8583,11.555119,0.36554214
235.29999,-1441.1345,5.6264763,-0.114105515
235.31999,-1417.098,-16.325518,-0.59375316
235.34,-1465.1709,9.472081,0.5254247
235.36,-1373.8326,-20.651823,0.20565958
235.37999,-1479.5928,14.920023,0.045777034
235.4,-1460.3636,14.920023,0.045777034
235.42,-1484.4,4.6650753,-0.114105515
235.43999,-1503.6292,-26.099764,0.045777034
235.45999,-1460.3636,6.1071773,-0.4338706
235.48,-1469.9781,24.053337,-0.2739881
235.5,-1479.5928,-33.150036,-0.4338706
235.51999,-1465.1709,-4.7887044,-0.4338706
235.54,-1479.5928,17.163294,0.045777034
235.56,-1465.1709,25.014738,-0.114105515
235.58,-1489.2073,24.854506,0.36554214
235.59999,-1465.1709,6.1071773,-0.114105515
235.62,-1450.749,-28.823734,-0.2739881
235.64,-1445.9418,-19.530188,-0.114105515
235.65999,-1469.9781,10.75395,0.045777034
235.68,-1474.7855,-24.17696,-0.59375316
235.7,-1474.7855,-0.7828655,-0.114105515
235.72,-1469.9781,-15.684585,0.20565958
235.73999,-1441.1345,-53.49969,-0.114105515
235.76,-1484.4,16.20189,-0.2739881
235.78,-1455.5564,6.908345,0.045777034
235.79999,-1484.4,-2.5454345,-0.2739881
235.81999,-1489.2073,14.920023,0.20565958
235.84,-1455.5564,3.3832066,-0.2739881
235.86,-1465.1709,-53.01899,0.045777034
235.87999,-1460.3636,14.1188545,-0.114105515
235.9,-1522.8583,1.4604042,0.20565958
235.92,-1494.0145,3.7036738,0.20565958
235.93999,-1469.9781,12.356286,0.045777034
235.95999,-1412.2908,6.4276443,-0.4338706
235.98,-1445.9418,-3.9875362,-0.59375316
236.0,-1460.3636,35.75039,-0.2739881
236.01999,-1474.7855,2.4218054,-0.114105515
236.04,-1494.0145,-47.250584,-0.114105515
236.06,-1474.7855,11.715352,0.36554214
236.08,-1484.4,-1.4237996,-0.4338706
236.09999,-1518.0509,-7.352441,-1.0734009
236.12,-1484.4,-6.230806,-0.7536357
236.14,-1489.2073,-13.120848,-0.2739881
236.15999,-1489.2073,-4.6284704,-0.2739881
236.18,-1469.9781,-6.5512733,-0.2739881
236.2,-1518.0509,19.566797,-0.7536357
236.22,-1474.7855,13.157454,-0.114105515
236.23999,-1465.1709,27.898943,-0.59375316
236.26,-1465.1709,27.418243,-0.114105515
236.28,-1513.2437,-13.761782,-0.114105515
236.29999,-1489.2073,-15.203884,-0.114105515
236.31999,-1522.8583,10.433483,-0.4338706
236.34,-1503.6292,24.053337,-0.2739881
236.36,-1479.5928,2.261572,-0.59375316
236.37999,-1484.4,18.765629,0.20565958
236.4,-1484.4,0.33876932,-0.2739881
236.42,-1551.7019,10.433483,-0.4338706
236.43999,-1436.3271,18.445162,-0.114105515
236.45999,-1494.0145,10.27325,-0.114105515
236.48,-1441.1345,4.024141,-0.114105515
236.5,-1469.9781,1.4604042,0.045777034
236.51999,-1503.6292,-5.589872,0.045777034
236.54,-1479.5928,3.0627398,-0.114105515
236.56,-1455.5564,-7.833141,-0.59375316
236.58,-1498.8219,2.261572,0.20565958
236.59999,-1508.4365,-1.5840333,0.045777034
236.62,-1474.7855,17.96446,-0.114105515
236.64,-1469.9781,51.132812,0.20565958
236.65999,-1503.6292,4.9855423,0.5254247
236.68,-1484.4,-0.9430991,0.045777034
236.7,-1474.7855,-6.230806,0.36554214
236.72,-1527.6655,-15.203884,0.20565958
236.73999,-1508.4365,-0.9430991,-0.4338706
236.76,-1445.9418,8.670914,0.36554214
236.78,-1518.0509,-23.856495,-0.2739881
236.79999,-1494.0145,-2.2249672,-0.114105515
236.81999,-1503.6292,18.445162,0.36554214
236.84,-1532.4729,-4.7887044,0.045777034
236.86,-1465.1709,16.20189,0.045777034
236.87999,-1575.7383,4.024141,0.8451898
236.9,-1503.6292,4.024141,0.045777034
236.92,-1513.2437,25.014738,0.36554214
236.93999,-1527.6655,-41.96288,0.5254247
236.95999,-1498.8219,26.777308,0.36554214
236.98,-1498.8219,-14.08225,-0.9135183
237.0,-1450.749,8.190214,0.20565958
237.01999,-1436.3271,-22.093925,0.045777034
237.04,-1513.2437,2.261572,0.5254247
237.06,-1518.0509,-0.14193134,0.045777034
237.08,-1479.5928,-4.14777,0.36554214
237.09999,-1489.2073,5.145776,-0.4338706
237.12,-1494.0145,-14.402717,0.045777034
237.14,-1455.5564,-35.233074,-0.2739881
237.15999,-1546.8947,1.6206378,0.20565958
237.18,-1513.2437,4.024141,0.5254247
237.2,-1503.6292,-28.983965,0.20565958
237.22,-1474.7855,34.949223,-0.114105515
237.23999,-1465.1709,-32.669334,-0.114105515
237.26,-1513.2437,-19.369957,0.20565958
237.28,-1484.4,-0.14193134,0.20565958
237.29999,-1508.4365,-4.7887044,0.68530726
237.31999,-1503.6292,-43.244747,0.5254247
237.34,-1455.5564,-42.603813,0.36554214
237.36,-1522.8583,4.9855423,0.68530726
237.37999,-1513.2437,-8.313842,0.5254247
237.4,-1498.8219,0.9797035,0.20565958
237.42,-1474.7855,21.649834,0.045777034
237.43999,-1527.6655,-6.711507,-0.59375316
237.45999,-1465.1709,33.66735,0.20565958
237.48,-1513.2437,21.169132,0.20565958
237.5,-1484.4,-4.948938,-0.114105515
237.51999,-1513.2437,-43.084515,-0.114105515
237.54,-1518.0509,-6.3910394,-0.114105515
237.56,-1479.5928,-20.972292,-0.114105515
237.58,-1474.7855,5.78671,-0.114105515
237.59999,-1498.8219,-13.281082,-0.2739881
237.62,-1546.8947,-26.42023,-0.2739881
237.64,-1522.8583,0.81947,-0.114105515
237.65999,-1474.7855,12.196053,-0.114105515
237.68,-1518.0509,-2.2249672,0.5254247
237.7,-1498.8219,4.9855423,0.20565958
237.72,-1508.4365,-21.452991,-0.2739881
237.73999,-1527.6655,-19.369957,-0.114105515
237.76,-1522.8583,-10.076411,-0.59375316
237.78,-1494.0145,-18.248322,-0.4338706
237.79999,-1436.3271,-2.2249672,-0.114105515
237.81999,-1508.4365,-25.138361,-0.7536357
237.84,-1551.7019,-11.358279,-0.4338706
237.86,-1518.0509,-19.690422,0.045777034
237.87999,-1537.2802,-5.910339,0.045777034
237.9,-1503.6292,-0.9430991,0.045777034
237.92,-1566.1238,-18.568789,-0.2739881
237.93999,-1513.2437,15.560958,-0.4338706
237.95999,-1518.0509,-11.83898,-0.9135183
237.98,-1532.4729,-0.14193134,-0.4338706
238.0,-1537.2802,35.75039,0.045777034
238.01999,-1460.3636,-2.7056682,0.045777034
238.04,-1503.6292,15.24049,0.045777034
238.06,-1556.5093,-7.993375,-0.4338706
238.08,-1546.8947,10.27325,-0.114105515
238.09999,-1527.6655,-19.209723,-0.7536357
238.12,-1498.8219,16.362125,-0.7536357
238.14,-1508.4365,14.1188545,0.36554214
238.15999,-1551.7019,9.792548,-0.114105515
238.18,-1518.0509,-1.2635663,-0.114105515
238.2,-1546.8947,24.213572,-0.2739881
238.22,-1503.6292,-5.589872,-0.2739881
238.23999,-1546.8947,13.477921,-0.114105515
238.26,-1474.7855,-28.343033,0.045777034
238.28,-1575.7383,-20.812057,-0.2739881
238.29999,-1518.0509,8.350447,0.045777034
238.31999,-1474.7855,9.311849,-1.0734009
238.34,-1522.8583,38.95506,0.045777034
238.36,-1513.2437,23.893103,0.20565958
238.37999,-1518.0509,11.234652,-0.114105515
238.4,-1542.0874,25.815907,0.36554214
238.42,-1522.8583,-5.429638,-0.114105515
238.43999,-1561.3165,19.566797,0.045777034
238.45999,-1513.2437,0.33876932,-0.114105515
238.48,-1513.2437,-21.132523,0.045777034
238.5,-1484.4,23.412403,0.20565958
238.51999,-1551.7019,-29.464666,-0.59375316
238.54,-1532.4729,-1.1033326,-0.4338706
238.56,-1546.8947,16.20189,-0.114105515
238.58,-1503.6292,13.477921,-0.2739881
238.59999,-1513.2437,31.263847,0.20565958
238.62,-1522.8583,7.709513,0.5254247
238.64,-1503.6292,-12.159447,-0.114105515
238.65999,-1561.3165,11.074417,-0.4338706
238.68,-1489.2073,-5.429638,0.045777034
238.7,-1532.4729,-20.331356,-0.4338706
238.72,-1542.0874,-35.71377,-0.114105515
238.73999,-1537.2802,-29.785133,-0.59375316
238.76,-1542.0874,4.6650753,-0.114105515
238.78,-1556.5093,2.261572,-0.114105515
238.79999,-1518.0509,9.151615,0.5254247
238.81999,-1542.0874,2.4218054,0.20565958
238.84,-1518.0509,-2.2249672,-0.114105515
238.86,-1599.7748,-14.723184,0.20565958
238.87999,-1590.1602,-6.3910394,-0.2739881
238.9,-1561.3165,-9.275244,-0.114105515
238.92,-1546.8947,-4.468237,-0.4338706
238.93999,-1508.4365,6.5878778,0.5254247
238.95999,-1551.7019,-17.126686,0.045777034
238.98,-1522.8583,-14.562949,0.045777034
239.0,-1527.6655,-4.3080034,-0.2739881
239.01999,-1522.8583,29.98198,-0.2739881
239.04,-1570.931,26.45684,0.36554214
239.06,-1546.8947,-3.3466022,0.20565958
239.08,-1566.1238,-9.435476,-0.2739881
239.09999,-1580.5457,9.792548,0.20565958
239.12,-1522.8583,12.51652,-0.59375316
239.14,-1546.8947,-3.026135,-0.7536357
239.15999,-1527.6655,-3.827303,-0.4338706
239.18,-1522.8583,-11.83898,-0.2739881
239.2,-1532.4729,3.8639073,-0.114105515
239.22,-1542.0874,-6.0705724,-0.2739881
239.23999,-1561.3165,-17.286919,0.36554214
239.26,-1527.6655,-22.73486,0.20565958
239.28,-1561.3165,-11.037811,0.045777034
239.29999,-1527.6655,-19.850657,-0.114105515
239.31999,-1537.2802,6.908345,0.36554214
239.34,-1561.3165,-51.096188,-0.59375316
239.36,-1542.0874,-5.910339,0.045777034
239.37999,-1522.8583,-10.236644,-0.9135183
239.4,-1542.0874,-16.80622,-0.7536357
239.42,-1585.3529,2.902506,-0.7536357
239.43999,-1609.3893,-31.868172,-0.114105515
239.45999,-1537.2802,-12.159447,-0.4338706
239.48,-1542.0874,-1.4237996,-0.114105515
239.5,-1522.8583,-1.4237996,-0.4338706
239.51999,-1556.5093,7.709513,0.045777034
239.54,-1542.0874,-0.14193134,-0.2739881
239.56,-1561.3165,0.49900287,0.20565958
239.58,-1532.4729,-2.5454345,-0.114105515
239.59999,-1527.6655,-1.2635663,-0.114105515
239.62,-1542.0874,8.991381,0.5254247
239.64,-1537.2802,2.1013381,-0.114105515
239.65999,-1546.8947,12.99722,0.045777034
239.68,-1566.1238,29.501278,0.36554214
239.7,-1551.7019,17.643993,0.8451898
239.72,-1556.5093,7.549279,-0.114105515
239.73999,-1513.2437,18.445162,-0.114105515
239.76,-1551.7019,-14.562949,-0.114105515
239.78,-1556.5093,8.190214,0.20565958
239.79999,-1551.7019,7.549279,-0.114105515
239.81999,-1537.2802,44.563236,0.045777034
239.84,-1585.3529,-6.8717403,-0.114105515
239.86,-1575.7383,4.6650753,0.045777034
239.87999,-1551.7019,47.607674,0.045777034
239.9,-1537.2802,26.777308,0.36554214
239.92,-1556.5093,-7.5126743,0.045777034
239.93999,-1551.7019,-18.568789,-0.59375316
239.95999,-1556.5093,7.8697467,-0.2739881
239.98,-1542.0874,-3.827303,-0.2739881
240.0,-1513.2437,13.798388,0.8451898
240.01999,-1522.8583,42.4802,0.36554214
240.04,-1566.1238,-20.651823,0.045777034
240.06,-1537.2802,24.534037,0.045777034
240.08,-1599.7748,-6.230806,0.20565958
240.09999,-1585.3529,13.638155,0.5254247
240.12,-1546.8947,-8.474075,0.045777034
240.14,-1561.3165,20.367966,0.5254247
240.15999,-1575.7383,-4.468237,0.045777034
240.18,-1566.1238,14.599556,0.045777034
240.2,-1570.931,-14.242482,0.5254247
240.22,-1551.7019,-9.435476,-0.4338706
240.23999,-1599.7748,1.6206378,-0.2739881
240.26,-1556.5093,21.0089,0.5254247
240.28,-1566.1238,9.632316,0.36554214
240.29999,-1599.7748,19.566797,0.36554214
240.31999,-1570.931,21.649834,0.20565958
240.34,-1556.5093,6.7481112,0.5254247
240.36,-1585.3529,13.798388,-0.114105515
240.37999,-1599.7748,-12.159447,0.20565958
240.4,-1580.5457,-8.474075,0.045777034
240.42,-1575.7383,25.014738,0.045777034
240.43999,-1566.1238,-20.812057,0.36554214
240.45999,-1556.5093,-7.993375,0.045777034
240.48,-1546.8947,15.72119,0.20565958
240.5,-1580.5457,59.945663,0.20565958
240.51999,-1498.8219,15.560958,0.68530726
240.54,-1604.582,13.638155,0.5254247
240.56,-1556.5093,15.72119,0.045777034
240.58,-1551.7019,13.638155,0.045777034
240.59999,-1566.1238,12.196053,0.36554214
240.62,-1590.1602,-11.678746,0.36554214
240.64,-1551.7019,-7.993375,0.20565958
240.65999,-1604.582,7.8697467,0.68530726
240.68,-1570.931,-1.1033326,0.045777034
240.7,-1489.2073,18.124695,0.5254247
240.72,-1561.3165,-0.62263197,0.36554214
240.73999,-1609.3893,-18.248322,0.68530726
240.76,-1585.3529,-2.385201,0.36554214
240.78,-1580.5457,13.477921,-0.114105515
240.79999,-1619.0038,52.574917,0.5254247
240.81999,-1570.931,15.881425,0.045777034
240.84,-1546.8947,-5.7501054,0.36554214
240.86,-1575.7383,-31.227234,0.045777034
240.87999,-1580.5457,0.9797035,0.36554214
240.9,-1566.1238,8.831148,0.20565958
240.92,-1561.3165,-17.927853,-0.114105515
240.93999,-1561.3165,-29.785133,-0.114105515
240.95999,-1556.5093,-1.1033326,0.20565958
240.98,-1570.931,-60.870426,0.20565958
241.0,-1585.3529,1.6206378,0.20565958
241.01999,-1599.7748,-24.817896,-0.2739881
241.04,-1546.8947,-11.358279,-0.114105515
241.06,-1623.8112,-24.337194,-0.2739881
241.08,-1609.3893,-63.27393,0.045777034
241.09999,-1566.1238,-33.790974,0.045777034
241.12,-1580.5457,-15.04365,0.36554214
241.14,-1604.582,-3.5068357,0.20565958
241.15999,-1556.5093,5.9469438,-0.114105515
241.18,-1551.7019,-43.72545,-0.114105515
241.2,-1594.9674,13.477921,0.045777034
241.22,-1585.3529,-0.14193134,0.20565958
241.23999,-1623.8112,-18.088087,-0.114105515
241.26,-1609.3893,-20.171124,0.20565958
241.28,-1527.6655,-13.601548,-0.2739881
241.29999,-1614.1967,28.539877,0.36554214
241.31999,-1570.931,16.041658,0.20565958
241.34,-1599.7748,-15.04365,0.045777034
241.36,-1542.0874,1.139937,-0.2739881
241.37999,-1594.9674,-51.57689,-0.59375316
241.4,-1580.5457,4.9855423,-0.114105515
241.42,-1566.1238,4.3446083,0.045777034
241.43999,-1566.1238,12.356286,-0.114105515
241.45999,-1594.9674,-1.7442669,0.20565958
241.48,-1585.3529,-11.358279,0.20565958
241.5,-1652.6548,4.024141,0.36554214
241.51999,-1590.1602,-16.165285,0.20565958
241.54,-1522.8583,15.560958,-0.114105515
241.56,-1628.6184,-21.933691,0.36554214
241.58,-1556.5093,0.17853576,-0.4338706
241.59999,-1551.7019,-8.794542,-0.114105515
241.62,-1585.3529,-5.910339,0.20565958
241.64,-1604.582,0.33876932,0.045777034
241.65999,-1537.2802,30.142212,0.36554214
241.68,-1546.8947,-33.630737,0.8451898
241.7,-1580.5457,7.228812,0.20565958
241.72,-1619.0038,0.9797035,0.045777034
241.73999,-1575.7383,-4.948938,0.045777034
241.76,-1580.5457,-33.951202,0.5254247
241.78,-1561.3165,4.825309,0.36554214
241.79999,-1561.3165,-21.292757,0.045777034
241.81999,-1580.5457,11.074417,-0.4338706
241.84,-1643.0402,-30.5863,-0.2739881
241.86,-1580.5457,-27.2214,0.20565958
241.87999,-1537.2802,-13.761782,0.36554214
241.9,-1590.1602,-22.574625,-0.114105515
241.92,-1570.931,4.3446083,0.045777034
241.93999,-1599.7748,-16.005053,0.20565958
241.95999,-1599.7748,-5.2694044,-0.114105515
241.98,-1590.1602,26.136374,-0.114105515
242.0,-1594.9674,-3.026135,-0.114105515
242.01999,-1614.1967,12.196053,-0.114105515
242.04,-1609.3893,-17.927853,-0.114105515
242.06,-1566.1238,-9.755944,0.045777034
242.08,-1570.931,-29.785133,0.20565958
242.09999,-1609.3893,12.676753,0.20565958
242.12,-1609.3893,-24.17696,0.045777034
242.14,-1585.3529,10.914185,0.20565958
242.15999,-1604.582,35.91062,0.20565958
242.18,-1619.0038,-0.7828655,-0.114105515
242.2,-1594.9674,8.831148,-0.2739881
242.22,-1575.7383,2.902506,-0.59375316
242.23999,-1623.8112,15.080256,0.045777034
242.26,-1652.6548,12.51652,-0.2739881
242.28,-1628.6184,6.2674108,0.36554214
242.29999,-1585.3529,2.902506,0.36554214
242.31999,-1609.3893,16.20189,-0.2739881
242.34,-1619.0038,-4.948938,-0.114105515
242.36,-1590.1602,-14.883417,-0.59375316
242.37999,-1570.931,-27.862331,0.68530726
242.4,-1643.0402,-2.5454345,-0.2739881
242.42,-1585.3529,-1.7442669,-0.2739881
242.43999,-1561.3165,4.024141,0.045777034
242.45999,-1590.1602,46.806507,0.045777034
242.48,-1633.4258,-25.138361,0.045777034
242.5,-1609.3893,-14.242482,0.20565958
242.51999,-1590.1602,-31.868172,-0.2739881
242.54,-1671.8839,-27.541864,-0.7536357
242.56,-1604.582,-6.0705724,-0.2739881
242.58,-1585.3529,-16.165285,-0.4338706
242.59999,-1643.0402,1.3001705,-0.4338706
242.62,-1609.3893,-25.779295,-0.2739881
242.64,-1585.3529,-3.6670694,-0.114105515
242.65999,-1623.8112,0.33876932,0.045777034
242.68,-1643.0402,-4.468237,0.20565958
242.7,-1599.7748,-19.690422,-0.2739881
242.72,-1691.1132,21.649834,-0.114105515
242.73999,-1647.8475,-13.281082,-0.59375316
242.76,-1623.8112,-1.9045002,-0.9135183
242.78,-1619.0038,7.3890457,0.20565958
242.79999,-1590.1602,9.632316,-0.59375316
242.81999,-1628.6184,33.346886,-0.4338706
242.84,-1623.8112,5.466243,-0.7536357
242.86,-1638.233,16.041658,-0.4338706
242.87999,-1609.3893,5.466243,-0.114105515
242.9,-1623.8112,3.7036738,0.20565958
242.92,-1609.3893,1.4604042,0.045777034
242.93999,-1619.0038,0.9797035,-0.114105515
242.95999,-1604.582,46.325806,-0.59375316
242.98,-1566.1238,-4.468237,-0.2739881
243.0,-1614.1967,-15.364117,-0.59375316
243.01999,-1628.6184,22.611235,-0.59375316
243.04,-1623.8112,-24.497427,-0.59375316
243.06,-1638.233,35.590153,-0.114105515
243.08,-1604.582,-14.883417,-0.2739881
243.09999,-1643.0402,-9.59571,-0.114105515
243.12,-1628.6184,9.472081,0.20565958
243.14,-1590.1602,-6.5512733,-0.114105515
243.15999,-1628.6184,-41.96288,-0.114105515
243.18,-1628.6184,0.17853576,-0.4338706
243.2,-1614.1967,17.00306,0.20565958
243.22,-1686.3058,-12.640147,-0.7536357
243.23999,-1657.4622,16.682592,0.20565958
243.26,-1619.0038,-4.7887044,0.045777034
243.28,-1671.8839,-1.2635663,-0.2739881
243.29999,-1623.8112,-10.557112,-0.9135183
243.31999,-1633.4258,8.02998,0.045777034
243.34,-1609.3893,-15.04365,-0.4338706
243.36,-1662.2694,-6.5512733,-0.114105515
243.37999,-1638.233,-39.399143,-0.59375316
243.4,-1657.4622,14.599556,-0.59375316
243.42,-1657.4622,3.7036738,-0.114105515
243.43999,-1638.233,0.018302217,-0.114105515
243.45999,-1599.7748,4.825309,-0.4338706
243.48,-1643.0402,-18.729021,-1.0734009
243.5,-1633.4258,-17.126686,-0.7536357
243.51999,-1633.4258,-21.132523,-0.114105515
243.54,-1614.1967,-2.0647337,0.20565958
243.56,-1633.4258,16.20189,-0.2739881
243.58,-1619.0038,-36.03424,-0.2739881
243.59999,-1681.4985,5.6264763,-0.59375316
243.62,-1657.4622,-3.9875362,-0.4338706
243.64,-1676.6912,33.50712,0.045777034
243.65999,-1638.233,-0.46239844,0.20565958
243.68,-1623.8112,-3.6670694,-0.2739881
243.7,-1633.4258,-11.678746,-0.114105515
243.72,-1628.6184,40.397163,-0.114105515
243.73999,-1599.7748,7.8697467,-0.59375316
243.76,-1643.0402,3.7036738,-0.59375316
243.78,-1652.6548,17.483759,-0.114105515
243.79999,-1556.5093,-25.138361,-0.2739881
243.81999,-1643.0402,-19.850657,-0.2739881
243.84,-1662.2694,7.549279,0.045777034
243.86,-1628.6184,-34.752373,-0.4338706
243.87999,-1628.6184,-7.993375,-0.114105515
243.9,-1633.4258,-27.702099,-0.114105515
243.92,-1691.1132,38.95506,-0.114105515
243.93999,-1657.4622,-11.518513,-0.4338706
243.95999,-1662.2694,4.3446083,-0.2739881
243.98,-1609.3893,-44.20615,-0.7536357
244.0,-1633.4258,-1.4237996,-0.114105515
244.01999,-1647.8475,-2.0647337,0.20565958
244.04,-1667.0768,-55.262257,-0.59375316
244.06,-1633.4258,-11.358279,-0.59375316
244.08,-1652.6548,-5.429638,0.045777034
244.09999,-1628.6184,4.825309,-0.114105515
244.12,-1657.4622,-4.14777,-0.114105515
244.14,-1681.4985,6.5878778,-0.114105515
244.15999,-1681.4985,-21.452991,-0.59375316
244.18,-1647.8475,22.451,-0.4338706
244.2,-1599.7748,61.227535,-0.114105515
244.22,-1638.233,-10.717345,-0.2739881
244.23999,-1662.2694,0.018302217,-0.4338706
244.26,-1671.8839,-2.0647337,-0.7536357
244.28,-1647.8475,-14.242482,-0.4338706
244.29999,-1667.0768,-19.530188,-1.0734009
244.31999,-1667.0768,-7.5126743,-0.9135183
244.34,-1662.2694,-6.230806,-1.0734009
244.36,-1647.8475,11.555119,-0.2739881
244.37999,-1638.233,21.4896,-0.59375316
244.4,-1619.0038,-4.948938,-0.2739881
244.42,-1628.6184,29.18081,-0.114105515
244.43999,-1614.1967,-8.474075,-0.2739881
244.45999,-1652.6548,-16.485752,-0.4338706
244.48,-1647.8475,-16.80622,-0.7536357
244.5,-1671.8839,-0.46239844,-0.2739881
244.51999,-1705.5349,-14.883417,-0.114105515
244.54,-1671.8839,-0.30216488,-0.7536357
244.56,-1619.0038,38.153893,-0.59375316
244.58,-1667.0768,4.9855423,-0.114105515
244.59999,-1695.9203,5.78671,-0.114105515
244.62,-1647.8475,7.0685787,0.5254247
244.64,-1662.2694,-19.049488,-0.4338706
244.65999,-1647.8475,34.949223,-0.59375316
244.68,-1628.6184,4.3446083,0.20565958
244.7,-1638.233,-39.078674,0.045777034
244.72,-1643.0402,5.3060093,-0.2739881
244.73999,-1652.6548,-7.993375,-0.59375316
244.76,-1633.4258,-6.8717403,-0.7536357
244.78,-1657.4622,0.17853576,-1.0734009
244.79999,-1667.0768,35.590153,-0.2739881
244.81999,-1633.4258,18.445162,-0.2739881
244.84,-1619.0038,21.0089,0.36554214
244.86,-1676.6912,6.1071773,-0.114105515
244.87999,-1652.6548,-15.844818,0.20565958
244.9,-1686.3058,-11.999213,-0.4338706
244.92,-1667.0768,24.213572,-0.59375316
244.93999,-1638.233,11.875586,-0.114105515
244.95999,-1657.4622,11.875586,-0.114105515
244.98,-1657.4622,-4.3080034,-0.114105515
245.0,-1628.6184,-12.479914,-0.2739881
245.01999,-1662.2694,-6.230806,-0.59375316
245.04,-1719.9567,-8.474075,-0.7536357
245.06,-1628.6184,3.5434403,0.045777034
245.08,-1671.8839,1.139937,0.045777034
245.09999,-1662.2694,29.98198,0.20565958
245.12,-1619.0038,6.7481112,-0.114105515
245.14,-1662.2694,-1.4237996,-0.59375316
245.15999,-1633.4258,4.504842,-0.59375316
245.18,-1638.233,54.017017,0.045777034
245.2,-1676.6912,8.190214,-0.114105515
245.22,-1633.4258,21.810066,0.045777034
245.23999,-1681.4985,28.059177,-0.59375316
245.26,-1628.6184,-29.945368,0.045777034
245.28,-1662.2694,-15.844818,-0.2739881
245.29999,-1647.8475,-7.192207,0.045777034
245.31999,-1695.9203,13.157454,0.20565958
245.34,-1719.9567,8.02998,0.20565958
245.36,-1652.6548,-4.14777,-0.4338706
245.37999,-1633.4258,6.908345,0.36554214
245.4,-1681.4985,10.433483,-0.2739881
245.42,-1662.2694,21.4896,0.045777034
245.43999,-1657.4622,-4.3080034,0.045777034
245.45999,-1633.4258,-15.684585,-0.2739881
245.48,-1662.2694,2.4218054,0.20565958
245.5,-1647.8475,10.113016,-0.2739881
245.51999,-1667.0768,23.091934,-0.2739881
245.54,-1691.1132,28.700111,0.20565958
245.56,-1667.0768,-13.922015,0.36554214
245.58,-1662.2694,-24.337194,-0.7536357
245.59999,-1652.6548,3.0627398,0.36554214
245.62,-1662.2694,4.504842,0.20565958
245.64,-1647.8475,6.4276443,0.5254247
245.65999,-1652.6548,15.24049,-0.114105515
245.68,-1623.8112,-0.62263197,-0.4338706
245.7,-1667.0768,-27.541864,-0.7536357
245.72,-1700.7277,35.10945,-0.114105515
245.73999,-1662.2694,-9.115009,-0.2739881
245.76,-1657.4622,-15.524351,-0.4338706
245.78,-1710.3422,29.020578,-0.2739881
245.79999,-1691.1132,8.02998,0.045777034
245.81999,-1671.8839,-9.916177,0.045777034
245.84,-1671.8839,-3.1863687,0.045777034
245.86,-1686.3058,18.445162,0.20565958
245.87999,-1652.6548,21.9703,-0.114105515
245.9,-1657.4622,-7.5126743,-0.114105515
245.92,-1657.4622,48.088375,0.5254247
245.93999,-1628.6184,-9.59571,0.045777034
245.95999,-1681.4985,-20.331356,-0.4338706
245.98,-1686.3058,-8.634309,0.20565958
246.0,-1671.8839,62.349167,-0.114105515
246.01999,-1657.4622,8.991381,0.36554214
246.04,-1647.8475,17.323528,0.5254247
246.06,-1667.0768,-10.557112,0.20565958
246.08,-1676.6912,10.914185,-0.2739881
246.09999,-1623.8112,32.866184,-0.2739881
246.12,-1686.3058,23.893103,0.36554214
246.14,-1604.582,19.887262,-0.2739881
246.15999,-1686.3058,-19.530188,-0.114105515
246.18,-1686.3058,-5.2694044,-0.2739881
246.2,-1667.0768,-31.227234,0.20565958
246.22,-1705.5349,-4.7887044,0.36554214
246.23999,-1715.1495,-1.4237996,0.045777034
246.26,-1686.3058,8.510681,0.20565958
246.28,-1662.2694,3.8639073,-0.4338706
246.29999,-1652.6548,-16.005053,0.5254247
246.31999,-1662.2694,-3.827303,0.5254247
246.34,-1681.4985,-1.5840333,0.045777034
246.36,-1667.0768,20.047497,0.68530726
246.37999,-1609.3893,6.1071773,0.5254247
246.4,-1700.7277,37.51296,0.8451898
246.42,-1671.8839,-6.8717403,0.045777034
246.43999,-1743.9932,-22.254158,0.20565958
246.45999,-1681.4985,-11.198046,-0.59375316
246.48,-1686.3058,1.139937,0.045777034
246.5,-1710.3422,30.142212,0.8451898
246.51999,-1662.2694,12.99722,0.68530726
246.54,-1710.3422,8.831148,-0.4338706
246.56,-1705.5349,4.9855423,-0.2739881
246.58,-1643.0402,13.798388,-1.0734009
246.59999,-1743.9932,30.622915,0.8451898
246.62,-1695.9203,-6.230806,0.5254247
246.64,-1705.5349,16.20189,0.20565958
246.65999,-1681.4985,-9.115009,-0.7536357
246.68,-1705.5349,-1.5840333,-0.59375316
246.7,-1614.1967,20.848665,-0.59375316
246.72,-1681.4985,35.42992,0.045777034
246.73999,-1695.9203,-2.5454345,-0.114105515
246.76,-1739.1859,-5.429638,0.045777034
246.78,-1715.1495,-4.468237,-0.114105515
246.79999,-1695.9203,-6.711507,0.045777034
246.81999,-1816.1024,23.252169,0.36554214
246.84,-1719.9567,22.77147,-0.114105515
246.86,-1715.1495,19.406563,-0.114105515
246.87999,-1705.5349,-5.1091714,-0.59375316
246.9,-1700.7277,6.2674108,-0.2739881
246.92,-1743.9932,-0.30216488,0.20565958
246.93999,-1604.582,15.560958,0.045777034
246.95999,-1724.764,3.2229733,-0.2739881
246.98,-1772.8368,-20.972292,0.36554214
247.0,-1681.4985,18.445162,-0.2739881
247.01999,-1719.9567,12.196053,0.5254247
247.04,-1691.1132,-36.194473,0.045777034
247.06,-1724.764,-22.254158,-0.2739881
247.08,-1676.6912,25.174973,-0.59375316
247.09999,-1719.9567,-12.960614,-0.2739881
247.12,-1710.3422,-8.313842,-0.4338706
247.14,-1715.1495,7.8697467,0.045777034
247.15999,-1686.3058,44.72347,0.20565958
247.18,-1705.5349,8.02998,-0.114105515
247.2,-1715.1495,37.67319,-0.2739881
247.22,-1710.3422,-65.517204,-0.4338706
247.23999,-1681.4985,-14.242482,-0.4338706
247.26,-1700.7277,3.3832066,-0.2739881
247.28,-1724.764,-22.414392,0.045777034
247.29999,-1743.9932,1.4604042,-0.114105515
247.31999,-1671.8839,22.931702,-0.114105515
247.34,-1700.7277,-15.524351,-0.114105515
247.36,-1705.5349,-11.678746,-0.114105515
247.37999,-1710.3422,-7.5126743,-0.4338706
247.4,-1695.9203,-11.518513,0.045777034
247.42,-1676.6912,-31.868172,-0.9135183
247.43999,-1700.7277,14.599556,-0.4338706
247.45999,-1758.415,-24.817896,-0.2739881
247.48,-1652.6548,-10.557112,-0.114105515
247.5,-1691.1132,5.78671,-0.114105515
247.51999,-1695.9203,17.163294,-0.2739881
247.54,-1705.5349,36.23109,-0.2739881
247.56,-1705.5349,65.07314,0.045777034
247.58,-1671.8839,-2.8659017,0.8451898
247.59999,-1734.3785,10.433483,-0.2739881
247.62,-1715.1495,-31.868172,-0.114105515
247.64,-1719.9567,4.3446083,-0.114105515
247.65999,-1719.9567,-0.62263197,-0.2739881
247.68,-1671.8839,54.017017,0.5254247
247.7,-1729.5713,-5.1091714,-0.2739881
247.72,-1705.5349,-5.2694044,0.045777034
247.73999,-1695.9203,24.373804,-0.4338706
247.76,-1763.2223,27.097775,-0.114105515
247.78,-1710.3422,2.261572,0.045777034
247.79999,-1734.3785,10.75395,0.045777034
247.81999,-1710.3422,-1.1033326,0.045777034
247.84,-1710.3422,17.804228,-0.114105515
247.86,-1724.764,34.78899,0.20565958
247.87999,-1724.764,-9.115009,-0.114105515
247.9,-1715.1495,4.504842,0.045777034
247.92,-1695.9203,-14.08225,0.68530726
247.93999,-1691.1132,22.130533,0.5254247
247.95999,-1700.7277,-1.1033326,0.20565958
247.98,-1743.9932,-19.530188,-0.4338706
248.0,-1686.3058,-40.841244,0.36554214
248.01999,-1710.3422,10.27325,0.5254247
248.04,-1758.415,10.914185,0.5254247
248.06,-1710.3422,6.5878778,0.68530726
248.08,-1739.1859,9.792548,0.045777034
248.09999,-1710.3422,38.153893,0.20565958
248.12,-1700.7277,9.632316,0.20565958
248.14,-1724.764,15.400723,0.5254247
248.15999,-1715.1495,31.904783,0.36554214
248.18,-1743.9932,6.2674108,0.045777034
248.2,-1715.1495,1.3001705,0.045777034
248.22,-1729.5713,1.6206378,0.045777034
248.23999,-1715.1495,-8.954777,-0.4338706
248.26,-1705.5349,13.638155,0.045777034
248.28,-1710.3422,5.9469438,-0.114105515
248.29999,-1681.4985,5.78671,0.045777034
248.31999,-1729.5713,8.350447,0.20565958
248.34,-1724.764,14.279089,0.20565958
248.36,-1719.9567,-12.640147,-0.7536357
248.37999,-1772.8368,-18.568789,-0.2739881
248.4,-1743.9932,-0.9430991,0.045777034
248.42,-1710.3422,32.385483,0.5254247
248.43999,-1768.0295,-15.684585,0.20565958
248.45999,-1710.3422,-5.7501054,-0.114105515
248.48,-1796.8732,-7.5126743,-0.2739881
248.5,-1729.5713,-3.9875362,-0.2739881
248.51999,-1739.1859,10.75395,0.36554214
248.54,-1724.764,17.323528,0.36554214
248.56,-1638.233,2.7422726,0.20565958
248.58,-1763.2223,-4.14777,0.36554214
248.59999,-1739.1859,-8.474075,0.20565958
248.62,-1719.9567,-7.672908,0.20565958
248.64,-1715.1495,25.49544,0.20565958
248.65999,-1739.1859,9.151615,-0.4338706
248.68,-1739.1859,17.00306,0.20565958
248.7,-1734.3785,-3.026135,-0.4338706
248.72,-1734.3785,-23.21556,-0.4338706
248.73999,-1758.415,13.958622,0.045777034
248.76,-1681.4985,-17.607388,0.5254247
248.78,-1676.6912,4.3446083,0.045777034
248.79999,-1710.3422,7.8697467,0.045777034
248.81999,-1758.415,29.020578,-0.2739881
248.84,-1705.5349,32.866184,0.045777034
248.86,-1743.9932,-3.6670694,-0.4338706
248.87999,-1772.8368,-1.1033326,0.20565958
248.9,-1748.8004,39.275528,0.045777034
248.92,-1782.4514,21.9703,0.68530726
248.93999,-1753.6077,-16.325518,-0.7536357
248.95999,-1700.7277,20.848665,0.045777034
248.98,-1787.2587,-16.165285,-0.2739881
249.0,-1719.9567,0.81947,-0.114105515
249.01999,-1758.415,7.228812,0.36554214
249.04,-1772.8368,20.207731,0.36554214
249.06,-1743.9932,17.96446,-0.59375316
249.08,-1739.1859,13.477921,-0.114105515
249.09999,-1739.1859,35.91062,0.045777034
249.12,-1705.5349,1.6206378,0.045777034
249.14,-1724.764,-10.396878,0.20565958
249.15999,-1811.295,5.9469438,-0.4338706
249.18,-1753.6077,-21.613226,-0.59375316
249.2,-1724.764,32.545715,-0.2739881
249.22,-1734.3785,-20.651823,-0.4338706
249.23999,-1739.1859,4.6650753,-0.7536357
249.26,-1743.9932,-13.281082,-0.2739881
249.28,-1748.8004,11.875586,0.20565958
249.29999,-1681.4985,46.005337,0.045777034
249.31999,-1763.2223,10.593717,-0.114105515
249.34,-1753.6077,9.311849,0.68530726
249.36,-1729.5713,4.504842,0.20565958
249.37999,-1758.415,32.065014,0.68530726
249.4,-1734.3785,0.49900287,-0.2739881
249.42,-1758.415,-10.076411,-0.114105515
249.43999,-1695.9203,26.617075,-0.114105515
249.45999,-1777.644,24.213572,0.20565958
249.48,-1719.9567,-13.281082,-0.2739881
249.5,-1729.5713,30.622915,0.20565958
249.51999,-1796.8732,0.81947,0.5254247
249.54,-1763.2223,35.42992,0.20565958
249.56,-1777.644,41.198334,0.36554214
249.58,-1734.3785,12.035819,0.045777034
249.59999,-1739.1859,-5.2694044,-0.2739881
249.62,-1743.9932,-24.17696,-0.9135183
249.64,-1671.8839,-3.6670694,-0.7536357
249.65999,-1753.6077,-29.1442,-0.7536357
249.68,-1811.295,1.6206378,0.045777034
249.7,-1763.2223,-21.452991,-0.2739881
249.72,-1743.9932,8.831148,-0.2739881
249.73999,-1796.8732,2.4218054,-0.2739881
249.76,-1768.0295,8.670914,-0.114105515
249.78,-1743.9932,11.875586,0.20565958
249.79999,-1787.2587,42.319965,0.5254247
249.81999,-1763.2223,-28.343033,-0.59375316
249.84,-1792.066,-4.468237,-0.114105515
249.86,-1768.0295,9.151615,0.045777034
249.87999,-1743.9932,-2.0647337,-0.114105515
249.9,-1763.2223,-14.08225,-0.4338706
249.92,-1719.9567,-2.7056682,0.045777034
249.93999,-1763.2223,-1.1033326,-0.114105515
249.95999,-1777.644,-21.773457,-0.59375316
249.98,-1705.5349,-11.358279,-0.4338706
250.0,-1753.6077,-0.62263197,-0.4338706
250.01999,-1801.6804,13.638155,0.045777034
250.04,-1782.4514,2.261572,0.8451898
250.06,-1763.2223,0.33876932,0.045777034
250.08,-1772.8368,7.549279,0.045777034
250.09999,-1782.4514,22.77147,0.20565958
250.12,-1719.9567,10.113016,0.045777034
250.14,-1743.9932,-4.6284704,0.045777034
250.15999,-1816.1024,-61.831833,-0.59375316
250.18,-1763.2223,-2.385201,-0.2739881
250.2,-1748.8004,26.93754,-0.4338706
250.22,-1763.2223,29.020578,-0.4338706
250.23999,-1691.1132,24.053337,0.68530726
250.26,-1796.8732,37.19249,0.20565958
250.28,-1835.3314,-23.055326,-0.2739881
250.29999,-1763.2223,-12.479914,-0.4338706
250.31999,-1787.2587,19.406563,0.045777034
250.34,-1753.6077,-10.236644,-0.4338706
250.36,-1758.415,-21.933691,-0.59375316
250.37999,-1763.2223,-2.385201,-0.2739881
250.4,-1782.4514,18.765629,-0.59375316
250.42,-1758.415,1.4604042,-0.59375316
250.43999,-1748.8004,-10.396878,-0.4338706
250.45999,-1796.8732,-10.236644,-0.4338706
250.48,-1748.8004,6.7481112,-0.2739881
250.5,-1743.9932,19.086096,0.045777034
250.51999,-1739.1859,11.715352,0.20565958
250.54,-1734.3785,10.433483,-0.2739881
250.56,-1748.8004,-2.8659017,-1.0734009
250.58,-1753.6077,10.27325,-0.4338706
250.59999,-1792.066,46.325806,-0.4338706
250.62,-1739.1859,40.877865,-0.4338706
250.64,-1792.066,27.097775,-0.4338706
250.65999,-1811.295,12.035819,0.045777034
250.68,-1816.1024,-7.352441,-0.114105515
250.7,-1811.295,-15.844818,-0.114105515
250.72,-1792.066,-9.275244,-0.114105515
250.73999,-1753.6077,12.676753,-0.114105515
250.76,-1782.4514,-35.233074,-1.0734009
250.78,-1811.295,-23.21556,-0.59375316
250.79999,-1787.2587,-12.640147,-0.7536357
250.81999,-1782.4514,17.00306,-0.2739881
250.84,-1825.7169,6.4276443,-0.7536357
250.86,-1816.1024,22.931702,-0.114105515
250.87999,-1782.4514,-9.115009,-0.114105515
250.9,-1811.295,-10.396878,0.045777034
250.92,-1825.7169,6.7481112,0.045777034
250.93999,-1763.2223,12.99722,-0.114105515
250.95999,-1801.6804,-2.8659017,-0.2739881
250.98,-1743.9932,4.825309,-0.2739881
251.0,-1763.2223,8.510681,-0.2739881
251.01999,-1700.7277,10.914185,-0.2739881
251.04,-1772.8368,23.572638,-0.114105515
251.06,-1758.415,16.842825,-0.59375316
251.08,-1753.6077,23.572638,0.20565958
251.09999,-1777.644,-0.7828655,-0.4338706
251.12,-1816.1024,4.184375,0.20565958
251.14,-1777.644,5.78671,-0.2739881
251.15999,-1763.2223,-12.960614,-0.4338706
251.18,-1763.2223,-31.547703,-0.59375316
251.2,-1753.6077,0.49900287,0.20565958
251.22,-1739.1859,10.433483,-0.114105515
251.23999,-1772.8368,26.777308,-0.2739881
251.26,-1748.8004,-37.47634,-0.7536357
251.28,-1772.8368,11.875586,0.045777034
251.29999,-1782.4514,18.124695,-0.114105515
251.31999,-1801.6804,-36.194473,-0.4338706
251.34,-1796.8732,-33.150036,0.20565958
251.36,-1768.0295,-28.022566,-0.4338706
251.37999,-1806.4878,-10.717345,-0.2739881
251.4,-1763.2223,-21.292757,-0.4338706
251.42,-1772.8368,-14.723184,-0.114105515
251.43999,-1772.8368,-1.2635663,0.5254247
251.45999,-1768.0295,-15.684585,0.045777034
251.48,-1792.066,4.184375,0.5254247
251.5,-1796.8732,3.0627398,0.045777034
251.51999,-1772.8368,-12.800381,-0.59375316
251.54,-1753.6077,28.539877,-0.114105515
251.56,-1787.2587,6.4276443,0.045777034
251.58,-1792.066,-3.6670694,-0.114105515
251.59999,-1796.8732,-15.364117,0.045777034
251.62,-1768.0295,-6.8717403,-0.114105515
251.64,-1768.0295,18.284927,-0.4338706
251.65999,-1801.6804,-1.9045002,-0.7536357
251.68,-1830.5242,-28.6635,-0.2739881
251.7,-1772.8368,-2.8659017,-0.4338706
251.72,-1777.644,-8.153608,-0.7536357
251.73999,-1705.5349,-8.474075,-0.4338706
251.76,-1801.6804,-4.948938,-0.2739881
251.78,-1811.295,2.5820389,0.045777034
251.79999,-1782.4514,-21.933691,-0.2739881
251.81999,-1792.066,-42.44358,-0.2739881
251.84,-1796.8732,1.3001705,-0.114105515
251.86,-1801.6804,-9.755944,-0.4338706
251.87999,-1782.4514,-7.672908,-0.4338706
251.9,-1772.8368,7.3890457,-0.2739881
251.92,-1806.4878,-65.35697,-0.114105515
251.93999,-1811.295,8.190214,-0.2739881
251.95999,-1796.8732,-3.1863687,0.20565958
251.98,-1768.0295,7.0685787,0.045777034
252.0,-1763.2223,-8.313842,-0.114105515
252.01999,-1792.066,45.845108,0.045777034
252.04,-1787.2587,-9.59571,0.045777034
252.06,-1777.644,-10.076411,-0.59375316
252.08,-1811.295,18.284927,0.045777034
252.09999,-1772.8368,9.311849,-0.4338706
252.12,-1820.9095,1.9411048,-0.59375316
252.14,-1787.2587,23.893103,-0.2739881
252.15999,-1796.8732,-18.889254,0.20565958
252.18,-1820.9095,43.4416,0.20565958
252.2,-1840.1388,-9.435476,-0.2739881
252.22,-1801.6804,-1.7442669,-0.7536357
252.23999,-1748.8004,3.7036738,0.20565958
252.26,-1782.4514,-8.153608,-0.114105515
252.28,-1686.3058,-11.037811,0.36554214
252.29999,-1763.2223,-29.945368,0.36554214
252.31999,-1811.295,-19.209723,-0.4338706
252.34,-1758.415,-19.209723,-0.7536357
252.36,-1820.9095,0.018302217,-0.2739881
252.37999,-1811.295,50.491882,0.36554214
252.4,-1835.3314,-25.298595,-0.4338706
252.42,-1792.066,1.4604042,0.20565958
252.43999,-1796.8732,2.4218054,0.20565958
252.45999,-1772.8368,26.777308,0.5254247
252.48,-1830.5242,-21.773457,-0.2739881
252.5,-1806.4878,27.738708,0.045777034
252.51999,-1816.1024,28.21941,0.045777034
252.54,-1772.8368,-21.933691,-0.7536357
252.56,-1782.4514,-17.76762,0.20565958
252.58,-1787.2587,53.376087,0.5254247
252.59999,-1772.8368,12.51652,0.20565958
252.62,-1796.8732,-1.7442669,0.20565958
252.64,-1801.6804,13.638155,0.5254247
252.65999,-1801.6804,-2.385201,-0.114105515
252.68,-1792.066,-17.126686,0.045777034
252.7,-1758.415,-28.823734,0.20565958
252.72,-1830.5242,9.151615,1.0050724
252.73999,-1796.8732,-6.230806,0.5254247
252.76,-1777.644,-53.980392,0.20565958
252.78,-1796.8732,-6.8717403,0.5254247
252.79999,-1820.9095,-0.30216488,-0.114105515
252.81999,-1854.5605,2.261572,-0.114105515
252.84,-1801.6804,6.5878778,0.36554214
252.86,-1820.9095,-19.850657,0.68530726
252.87999,-1830.5242,-2.385201,0.36554214
252.9,-1825.7169,-18.889254,0.5254247
252.92,-1758.415,-15.524351,-0.114105515
252.93999,-1796.8732,53.696552,0.20565958
252.95999,-1811.295,21.649834,1.0050724
252.98,-1806.4878,18.925863,0.045777034
253.0,-1830.5242,15.24049,0.045777034
253.01999,-1806.4878,-7.352441,0.045777034
253.04,-1840.1388,7.549279,0.045777034
253.06,-1854.5605,-2.0647337,0.045777034
253.08,-1864.1752,-24.497427,0.045777034
253.09999,-1844.946,-58.947628,0.68530726
253.12,-1801.6804,-1.4237996,0.20565958
253.14,-1739.1859,28.379642,-0.2739881
253.15999,-1844.946,-11.678746,-0.59375316
253.18,-1820.9095,-12.31968,-0.114105515
253.2,-1796.8732,-8.153608,-0.114105515
253.22,-1820.9095,-30.906769,0.20565958
253.23999,-1777.644,27.898943,0.5254247
253.26,-1816.1024,-0.14193134,0.20565958
253.28,-1840.1388,-34.111435,0.5254247
253.29999,-1816.1024,-14.883417,0.20565958
253.31999,-1820.9095,-6.0705724,0.20565958
253.34,-1816.1024,-10.396878,-0.4338706
253.36,-1830.5242,-2.7056682,0.045777034
253.37999,-1796.8732,0.81947,-0.114105515
253.4,-1811.295,-27.38163,0.5254247
253.42,-1782.4514,18.284927,0.045777034
253.43999,-1806.4878,29.821747,0.36554214
253.45999,-1820.9095,-33.310272,-0.114105515
253.48,-1796.8732,1.9411048,0.36554214
253.5,-1816.1024,-10.236644,-0.114105515
253.51999,-1830.5242,-12.479914,0.20565958
253.54,-1796.8732,32.065014,-0.4338706
253.56,-1820.9095,6.5878778,0.20565958
253.58,-1743.9932,38.314125,-0.114105515
253.59999,-1820.9095,6.2674108,0.20565958
253.62,-1811.295,11.394884,0.20565958
253.64,-1801.6804,46.48604,0.20565958
253.65999,-1816.1024,19.566797,0.36554214
253.68,-1806.4878,-12.640147,0.68530726
253.7,-1792.066,-4.468237,0.045777034
253.72,-1796.8732,5.145776,0.5254247
253.73999,-1820.9095,-25.45883,-0.4338706
253.76,-1830.5242,-23.536026,-0.2739881
253.78,-1888.2114,0.17853576,0.045777034
253.79999,-1830.5242,10.113016,0.045777034
253.81999,-1811.295,-6.8717403,-0.114105515
253.84,-1844.946,9.311849,0.5254247
253.86,-1835.3314,-21.132523,-0.4338706
253.87999,-1787.2587,13.477921,0.045777034
253.9,-1854.5605,11.715352,0.68530726
253.92,-1801.6804,5.6264763,0.5254247
253.93999,-1820.9095,-10.557112,0.20565958
253.95999,-1787.2587,-9.755944,0.20565958
253.98,-1820.9095,-15.04365,0.20565958
254.0,-1854.5605,-12.159447,0.045777034
254.01999,-1864.1752,22.451,0.045777034
254.04,-1825.7169,-25.779295,0.045777034
254.06,-1830.5242,4.6650753,-0.114105515
254.08,-1763.2223,-4.468237,0.5254247
254.09999,-1859.3679,-14.242482,0.045777034
254.12,-1888.2114,36.391323,0.20565958
254.14,-1840.1388,8.510681,0.045777034
254.15999,-1864.1752,43.922302,0.36554214
254.18,-1830.5242,14.439322,0.045777034
254.2,-1820.9095,11.074417,0.5254247
254.22,-1796.8732,-18.729021,0.20565958
254.23999,-1864.1752,0.81947,0.5254247
254.26,-1859.3679,-13.441315,0.68530726
254.28,-1830.5242,-22.414392,0.5254247
254.29999,-1777.644,2.261572,0.20565958
254.31999,-1830.5242,-16.165285,0.68530726
254.34,-1835.3314,-16.80622,0.20565958
254.36,-1719.9567,3.5434403,0.8451898
254.37999,-1816.1024,0.018302217,0.68530726
254.4,-1835.3314,-14.402717,0.5254247
254.42,-1820.9095,23.412403,0.20565958
254.43999,-1835.3314,23.732868,-0.114105515
254.45999,-1868.9824,-3.9875362,-0.2739881
254.48,-1820.9095,-31.227234,0.045777034
254.5,-1873.7897,-11.518513,0.045777034
254.51999,-1820.9095,-20.171124,0.5254247
254.54,-1859.3679,12.356286,0.5254247
254.56,-1854.5605,9.472081,0.045777034
254.58,-1806.4878,-28.823734,-0.2739881
254.59999,-1825.7169,6.4276443,-0.114105515
254.62,-1868.9824,31.744547,0.8451898
254.64,-1849.7533,0.6592364,0.36554214
254.65999,-1854.5605,-4.7887044,0.20565958
254.68,-1868.9824,-11.198046,0.36554214
254.7,-1854.5605,-5.7501054,-0.114105515
254.72,-1816.1024,-14.402717,0.045777034
254.73999,-1854.5605,10.113016,0.36554214
254.76,-1825.7169,26.136374,0.8451898
254.78,-1830.5242,3.5434403,0.20565958
254.79999,-1840.1388,-8.794542,0.36554214
254.81999,-1835.3314,-20.171124,0.20565958
254.84,-1840.1388,4.3446083,0.045777034
254.86,-1868.9824,-7.192207,0.20565958
254.87999,-1835.3314,-43.084515,0.045777034
254.9,-1849.7533,7.228812,0.5254247
254.92,-1835.3314,17.483759,0.045777034
254.93999,-1859.3679,42.319965,-0.2739881
254.95999,-1859.3679,37.19249,0.045777034
254.98,-1835.3314,19.406563,0.5254247
255.0,-1844.946,4.825309,-0.114105515
255.01999,-1830.5242,-0.9430991,-0.114105515
255.04,-1897.826,-14.242482,0.045777034
255.06,-1801.6804,-3.5068357,-0.114105515
255.08,-1835.3314,8.02998,-0.114105515
255.09999,-1893.0188,5.3060093,0.36554214
255.12,-1849.7533,-31.868172,-0.114105515
255.14,-1840.1388,4.504842,-0.2739881
255.15999,-1883.4043,24.213572,-0.114105515
255.18,-1859.3679,11.234652,-0.4338706
255.2,-1849.7533,8.190214,0.20565958
255.22,-1840.1388,-55.262257,0.68530726
255.23999,-1844.946,-18.088087,-0.4338706
255.26,-1849.7533,-0.30216488,-0.7536357
255.28,-1830.5242,21.0089,-0.4338706
255.29999,-1844.946,-1.5840333,-0.2739881
255.31999,-1864.1752,0.9797035,-0.114105515
255.34,-1873.7897,22.290768,0.045777034
255.36,-1878.597,2.902506,0.20565958
255.37999,-1868.9824,-3.9875362,0.20565958
255.4,-1801.6804,15.72119,0.5254247
255.42,-1835.3314,7.8697467,0.20565958
255.43999,-1893.0188,-16.165285,0.20565958
255.45999,-1859.3679,-15.04365,-0.59375316
255.48,-1902.6334,0.17853576,0.20565958
255.5,-1854.5605,-29.304434,0.20565958
255.51999,-1835.3314,-12.640147,-0.2739881
255.54,-1849.7533,9.472081,-0.2739881
255.56,-1840.1388,48.088375,0.045777034
255.58,-1868.9824,4.184375,0.20565958
255.59999,-1873.7897,25.014738,0.045777034
255.62,-1859.3679,-27.862331,0.5254247
255.64,-1835.3314,-2.385201,0.20565958
255.65999,-1888.2114,-14.562949,0.045777034
255.68,-1844.946,2.7422726,0.045777034
255.7,-1873.7897,38.634594,0.5254247
255.72,-1902.6334,-15.04365,0.045777034
255.73999,-1859.3679,-16.005053,-0.4338706
255.76,-1840.1388,-20.171124,-0.2739881
255.78,-1893.0188,2.5820389,0.36554214
255.79999,-1902.6334,-8.313842,0.20565958
255.81999,-1917.0553,-4.468237,0.045777034
255.84,-1950.7063,32.385483,0.20565958
255.86,-1859.3679,0.6592364,-0.4338706
255.87999,-1859.3679,7.0685787,0.045777034
255.9,-1864.1752,39.595997,0.20565958
255.92,-1893.0188,-19.690422,-0.114105515
255.93999,-1854.5605,-15.203884,-0.7536357
255.95999,-1893.0188,9.792548,-0.4338706
255.98,-1854.5605,3.8639073,-0.114105515
256.0,-1902.6334,-21.933691,-0.114105515
256.02,-1868.9824,-14.883417,-0.2739881
256.04,-1945.8988,-34.59214,-0.4338706
256.06,-1888.2114,-37.957043,-1.0734009
256.08,-1864.1752,-7.993375,-0.4338706
256.1,-1873.7897,4.184375,-0.2739881
256.12,-1868.9824,15.080256,-0.59375316
256.13998,-1835.3314,29.18081,-0.59375316
256.16,-1873.7897,-4.948938,-0.114105515
256.18,-1868.9824,-23.055326,0.045777034
256.19998,-1864.1752,-12.960614,-0.4338706
256.22,-1864.1752,18.284927,-0.114105515
256.24,-1878.597,-12.31968,-0.4338706
256.25998,-1873.7897,-18.889254,-0.4338706
256.28,-1873.7897,-13.281082,-0.114105515
256.3,-1864.1752,4.024141,0.045777034
256.32,-1888.2114,14.279089,0.045777034
256.34,-1893.0188,7.0685787,-0.2739881
256.36,-1849.7533,8.670914,-0.4338706
256.38,-1835.3314,64.27197,0.20565958
256.4,-1859.3679,-18.889254,-0.59375316
256.41998,-1888.2114,9.311849,-0.2739881
256.44,-1859.3679,12.356286,-0.4338706
256.46,-1792.066,32.385483,-0.59375316
256.47998,-1864.1752,1.139937,-0.59375316
256.5,-1864.1752,6.5878778,-0.4338706
256.52,-1873.7897,15.400723,0.045777034
256.54,-1897.826,-5.589872,-0.2739881
256.56,-1912.2478,-9.755944,0.045777034
256.58,-1878.597,-27.061165,0.045777034
256.6,-1883.4043,-19.369957,-0.114105515
256.62,-1854.5605,4.024141,-0.4338706
256.63998,-1912.2478,-47.09035,-0.114105515
256.66,-1859.3679,-26.580463,-0.59375316
256.68,-1902.6334,-1.1033326,-0.114105515
256.69998,-1849.7533,-20.171124,0.045777034
256.72,-1883.4043,-8.474075,0.045777034
256.74,-1873.7897,0.018302217,-0.114105515
256.75998,-1849.7533,-55.422493,-0.2739881
256.78,-1854.5605,12.356286,0.5254247
256.8,-1897.826,-1.1033326,0.36554214
256.82,-1888.2114,-14.08225,0.20565958
256.84,-1917.0553,17.163294,0.045777034
256.86,-1878.597,15.881425,-0.114105515
256.88,-1907.4407,-6.8717403,-0.114105515
256.9,-1979.5498,12.676753,0.20565958
256.91998,-1859.3679,37.99366,0.36554214
256.94,-1893.0188,-4.7887044,-0.114105515
256.96,-1917.0553,9.632316,0.20565958
256.97998,-1878.597,-5.910339,-0.2739881
257.0,-1917.0553,-16.80622,-0.2739881
257.02,-1878.597,25.815907,-0.114105515
257.04,-1897.826,-8.954777,0.36554214
257.06,-1878.597,23.893103,-0.114105515
257.08,-1917.0553,-2.7056682,0.20565958
257.1,-1868.9824,-54.621323,0.5254247
257.12,-1844.946,-3.3466022,-0.114105515
257.13998,-1902.6334,-23.21556,0.36554214
257.16,-1955.5134,11.394884,0.36554214
257.18,-1912.2478,-8.634309,0.20565958
257.19998,-1864.1752,-41.321945,-0.114105515
257.22,-1883.4043,10.914185,0.68530726
257.24,-1873.7897,2.902506,-0.2739881
257.25998,-1868.9824,-9.755944,0.045777034
257.28,-1902.6334,52.895386,0.68530726
257.3,-1888.2114,-24.016727,0.045777034
257.32,-1897.826,-2.8659017,0.20565958
257.34,-1917.0553,-27.061165,0.20565958
257.36,-1893.0188,11.394884,0.5254247
257.38,-1878.597,11.234652,0.20565958
257.4,-1917.0553,-34.912605,-0.2739881
257.41998,-1820.9095,3.2229733,-0.2739881
257.44,-1931.477,8.190214,-0.2739881
257.46,-1888.2114,-14.402717,0.045777034
257.47998,-1897.826,-3.026135,0.20565958
257.5,-1835.3314,-19.049488,0.20565958
257.52,-1902.6334,-20.171124,0.68530726
257.54,-1893.0188,-17.76762,-0.114105515
257.56,-1873.7897,30.142212,0.20565958
257.58,-1912.2478,5.6264763,0.20565958
257.6,-1888.2114,-22.414392,0.8451898
257.62,-1897.826,-25.779295,0.045777034
257.63998,-1868.9824,-9.59571,0.36554214
257.66,-1868.9824,-24.497427,0.045777034
257.68,-1902.6334,15.560958,0.5254247
257.69998,-1893.0188,-48.85292,1.0050724
257.72,-1888.2114,-11.83898,0.045777034
257.74,-1878.597,-16.80622,-0.114105515
257.75998,-1931.477,6.7481112,-0.114105515
257.78,-1902.6334,-13.922015,0.045777034
257.8,-1868.9824,-7.993375,0.8451898
257.82,-1859.3679,9.632316,0.20565958
257.84,-1931.477,-14.08225,-0.4338706
257.86,-1931.477,26.617075,-0.4338706
257.88,-1931.477,2.7422726,0.20565958
257.9,-1917.0553,0.9797035,0.20565958
257.91998,-1878.597,19.887262,0.36554214
257.94,-1917.0553,-12.800381,0.045777034
257.96,-1931.477,-15.04365,-0.2739881
257.97998,-1897.826,-8.794542,-0.114105515
258.0,-1907.4407,-3.3466022,-0.4338706
258.02,-1893.0188,16.52236,-0.2739881
258.04,-1941.0917,8.510681,-0.4338706
258.06,-1864.1752,11.394884,0.045777034
258.08,-1902.6334,-24.016727,-0.7536357
258.1,-1926.6698,5.3060093,-0.4338706
258.12,-1965.128,31.584314,0.045777034
258.13998,-1984.3572,-4.3080034,0.045777034
258.16,-1926.6698,-0.62263197,-0.4338706
258.18,-1931.477,-12.479914,-0.114105515
258.19998,-1897.826,-7.352441,-0.114105515
258.22,-1936.2842,4.504842,0.045777034
258.24,-1921.8624,-19.049488,-0.2739881
258.25998,-1941.0917,10.914185,0.045777034
258.28,-1873.7897,-12.960614,-0.4338706
258.3,-1912.2478,4.504842,0.045777034
258.32,-1926.6698,-3.6670694,0.045777034
258.34,-1893.0188,95.67777,0.045777034
258.36,-1897.826,14.599556,0.20565958
258.38,-1902.6334,7.709513,-0.114105515
258.4,-1950.7063,13.638155,0.5254247
258.41998,-1897.826,-8.794542,0.20565958
258.44,-1936.2842,-2.385201,0.5254247
258.46,-1840.1388,45.52464,0.20565958
258.47998,-1926.6698,7.8697467,-0.2739881
258.5,-1902.6334,18.284927,0.20565958
258.52,-1902.6334,11.394884,0.5254247
258.54,-1912.2478,-10.717345,0.045777034
258.56,-1912.2478,-2.5454345,0.045777034
258.58,-1883.4043,7.8697467,0.045777034
258.6,-1941.0917,2.261572,0.36554214
258.62,-1931.477,1.3001705,-0.114105515
258.63998,-1955.5134,-2.7056682,-0.59375316
258.66,-1921.8624,7.8697467,0.045777034
258.68,-1974.7427,-20.812057,0.045777034
258.69998,-1907.4407,6.2674108,-0.114105515
258.72,-1936.2842,70.68132,-0.114105515
258.74,-1950.7063,-10.717345,0.20565958
258.75998,-1917.0553,-5.589872,0.36554214
258.78,-1931.477,11.394884,0.045777034
258.8,-1907.4407,26.45684,-0.114105515
258.82,-1931.477,-3.6670694,0.20565958
258.84,-1921.8624,-4.948938,0.20565958
258.86,-1893.0188,-8.474075,-0.114105515
258.88,-1907.4407,0.49900287,-0.4338706
258.9,-1921.8624,-18.729021,-0.4338706
258.91998,-1888.2114,-23.69626,-0.2739881
258.94,-1941.0917,-4.3080034,-0.59375316
258.96,-1941.0917,8.670914,-0.2739881
258.97998,-1955.5134,14.279089,-0.114105515
259.0,-1912.2478,2.1013381,0.20565958
259.02,-1969.9352,0.6592364,-0.4338706
259.04,-1931.477,-7.0319734,0.045777034
259.06,-1931.477,-13.601548,-0.4338706
259.08,-1945.8988,13.958622,-0.114105515
259.1,-1931.477,-5.429638,-0.4338706
259.12,-1941.0917,-6.0705724,-0.114105515
259.13998,-1902.6334,0.9797035,-0.114105515
259.16,-1926.6698,-2.5454345,-0.2739881
259.18,-1926.6698,-15.203884,-0.2739881
259.19998,-1902.6334,10.27325,-0.4338706
259.22,-1873.7897,56.58076,0.68530726
259.24,-1917.0553,11.555119,0.045777034
259.25998,-1945.8988,-7.5126743,0.36554214
259.28,-1974.7427,24.213572,0.20565958
259.3,-1912.2478,16.041658,-0.2739881
259.32,-1965.128,24.373804,-0.2739881
259.34,-1926.6698,7.228812,0.20565958
259.36,-1897.826,-4.948938,0.045777034
259.38,-1960.3208,5.466243,-0.4338706
259.4,-1907.4407,-0.9430991,-0.7536357
259.41998,-1926.6698,14.759789,-0.2739881
259.44,-1945.8988,-9.435476,-0.4338706
259.46,-1917.0553,9.151615,-0.114105515
259.47998,-1926.6698,4.3446083,-0.4338706
259.5,-1902.6334,12.035819,-0.7536357
259.52,-1950.7063,-5.589872,-0.2739881
259.54,-1912.2478,22.130533,-0.114105515
259.56,-1955.5134,1.3001705,0.20565958
259.58,-1878.597,32.22525,0.68530726
259.6,-1941.0917,-16.325518,-0.114105515
259.62,-1931.477,-9.59571,-0.2739881
259.63998,-1897.826,13.798388,0.045777034
259.66,-1936.2842,-13.120848,-0.7536357
259.68,-1936.2842,0.33876932,0.20565958
259.69998,-1950.7063,-34.59214,0.20565958
259.72,-1945.8988,-43.244747,0.20565958
259.74,-1936.2842,-13.922015,0.20565958
259.75998,-1945.8988,20.528198,0.045777034
259.78,-1931.477,4.024141,-0.4338706
259.8,-1926.6698,18.765629,0.045777034
259.82,-1936.2842,12.356286,-0.2739881
259.84,-1921.8624,-10.877579,0.20565958
259.86,-2003.5862,-20.49159,-0.114105515
259.88,-1917.0553,5.6264763,0.20565958
259.9,-1931.477,-3.026135,-0.2739881
259.91998,-1950.7063,-8.634309,0.5254247
259.94,-1965.128,-32.669334,0.045777034
259.96,-1941.0917,15.080256,0.5254247
259.97998,-1926.6698,-0.30216488,-0.114105515
260.0,-1945.8988,24.373804,0.045777034
260.02,-1955.5134,-13.441315,-0.59375316
260.04,-1926.6698,14.920023,0.20565958
260.06,-1926.6698,9.472081,-0.114105515
260.08,-1888.2114,15.72119,0.20565958
260.1,-1998.779,15.24049,0.68530726
260.12,-1941.0917,0.6592364,0.045777034
260.13998,-1955.5134,-23.21556,0.045777034
260.16,-1955.5134,-20.651823,0.20565958
260.18,-1917.0553,-26.259996,0.045777034
260.19998,-1941.0917,22.451,-0.114105515
260.22,-1902.6334,-10.877579,-0.59375316
260.24,-1873.7897,-3.9875362,-0.114105515
260.25998,-1955.5134,10.75395,0.045777034
260.28,-1907.4407,26.617075,-0.2739881
260.3,-1926.6698,-4.6284704,-0.114105515
260.32,-1936.2842,-31.707935,-0.114105515
260.34,-1907.4407,-11.518513,-0.114105515
260.36,-1936.2842,4.3446083,-0.114105515
260.38,-1878.597,6.2674108,0.045777034
260.4,-2003.5862,32.866184,0.36554214
260.41998,-1926.6698,-27.38163,0.045777034
260.44,-1955.5134,-10.396878,0.045777034
260.46,-1921.8624,4.184375,-0.114105515
260.47998,-1907.4407,-16.165285,-0.2739881
260.5,-1960.3208,1.6206378,-0.114105515
260.52,-1921.8624,-8.634309,0.5254247
260.54,-1936.2842,1.3001705,0.36554214
260.56,-1945.8988,-4.3080034,0.045777034
260.58,-1974.7427,-3.5068357,0.20565958
260.6,-1859.3679,-13.441315,-0.4338706
260.62,-1945.8988,17.643993,-0.114105515
260.63998,-1955.5134,38.95506,0.20565958
260.66,-1945.8988,-2.7056682,0.045777034
260.68,-1931.477,-44.847084,0.045777034
260.69998,-1989.1644,-2.385201,0.045777034
260.72,-1936.2842,-1.4237996,-0.2739881
260.74,-1907.4407,36.070858,0.20565958
260.75998,-1936.2842,1.7808713,0.20565958
260.78,-1969.9352,19.727032,0.20565958
260.8,-1974.7427,8.350447,-0.114105515
260.82,-1907.4407,-14.562949,-0.2739881
260.84,-1941.0917,-24.817896,-0.4338706
260.86,-1936.2842,0.33876932,0.5254247
260.88,-1897.826,-20.49159,-0.2739881
260.9,-1960.3208,-13.761782,-0.2739881
260.91998,-1931.477,21.169132,0.045777034
260.94,-2003.5862,-43.40498,-0.114105515
260.96,-1912.2478,7.8697467,-0.2739881
260.97998,-1969.9352,6.7481112,0.20565958
261.0,-1945.8988,-3.9875362,0.20565958
261.02,-1960.3208,-5.7501054,-0.114105515
261.04,-1969.9352,-23.21556,0.045777034
261.06,-1921.8624,-2.385201,0.20565958
261.08,-1931.477,-1.5840333,-0.114105515
261.1,-1878.597,-30.5863,-0.4338706
261.12,-1969.9352,-20.331356,0.20565958
261.13998,-1974.7427,-25.93953,0.68530726
261.16,-1979.5498,-6.8717403,1.0050724
261.18,-1955.5134,28.539877,0.5254247
261.19998,-1979.5498,-20.171124,0.20565958
261.22,-2008.3937,6.4276443,0.36554214
261.24,-1955.5134,-18.248322,0.20565958
261.25998,-1984.3572,28.21941,0.36554214
261.28,-1989.1644,6.1071773,0.20565958
261.3,-1936.2842,-53.01899,-0.2739881
261.32,-1979.5498,21.4896,-0.114105515
261.34,-1979.5498,-1.9045002,0.045777034
261.36,-1936.2842,28.379642,0.045777034
261.38,-1955.5134,-1.1033326,0.20565958
261.4,-1897.826,24.053337,0.20565958
261.41998,-1960.3208,-56.544125,-0.4338706
261.44,-1936.2842,-20.812057,-0.114105515
261.46,-1941.0917,21.329365,0.20565958
261.47998,-1979.5498,-0.14193134,-0.2739881
261.5,-1955.5134,11.074417,0.36554214
261.52,-1969.9352,-2.2249672,0.36554214
261.54,-2027.6226,-32.34887,-0.4338706
261.56,-1955.5134,-6.5512733,0.20565958
261.58,-1955.5134,-10.396878,-0.114105515
261.6,-1965.128,-8.634309,0.20565958
261.62,-1955.5134,-16.325518,0.20565958
261.63998,-1965.128,-24.657661,0.20565958
261.66,-1950.7063,-0.7828655,0.5254247
261.68,-1974.7427,10.113016,0.68530726
261.69998,-2022.8154,-32.669334,-0.2739881
261.72,-1974.7427,12.51652,0.20565958
261.74,-1955.5134,19.086096,-0.2739881
261.75998,-1926.6698,17.323528,0.20565958
261.78,-1936.2842,7.3890457,0.36554214
261.8,-1955.5134,0.49900287,0.20565958
261.82,-1897.826,3.2229733,0.045777034
261.84,-1931.477,-15.684585,0.5254247
261.86,-1926.6698,12.99722,0.36554214
261.88,-1926.6698,13.317687,0.68530726
261.9,-1974.7427,46.806507,-0.2739881
261.91998,-2027.6226,19.727032,0.045777034
261.94,-2027.6226,10.433483,0.045777034
261.96,-1950.7063,-4.6284704,0.045777034
261.97998,-2013.2008,16.362125,0.045777034
262.0,-1921.8624,-4.3080034,0.68530726
262.02,-1974.7427,-6.230806,-0.114105515
262.04,-1974.7427,6.5878778,0.36554214
262.06,-1998.779,-11.518513,0.5254247
262.08,-1979.5498,7.228812,0.20565958
262.1,-1993.9716,-11.518513,0.045777034
262.12,-1941.0917,-18.729021,0.045777034
262.13998,-1974.7427,7.8697467,0.20565958
262.16,-1974.7427,32.385483,0.20565958
262.18,-1974.7427,-7.192207,-0.114105515
262.19998,-1984.3572,20.047497,0.36554214
262.22,-1965.128,14.1188545,0.36554214
262.24,-1984.3572,14.439322,0.36554214
262.25998,-1974.7427,3.7036738,-0.7536357
262.28,-1926.6698,21.9703,0.045777034
262.3,-1974.7427,-27.2214,-0.4338706
262.32,-2008.3937,-7.833141,0.045777034
262.34,-2003.5862,7.0685787,-0.4338706
262.36,-2018.008,17.00306,0.045777034
262.38,-2022.8154,24.534037,0.20565958
262.4,-1965.128,28.539877,0.36554214
262.41998,-1950.7063,34.78899,0.20565958
262.44,-1998.779,-0.14193134,0.045777034
262.46,-1993.9716,-8.153608,-0.4338706
262.47998,-2027.6226,7.709513,0.20565958
262.5,-1993.9716,-0.30216488,-0.2739881
262.52,-2008.3937,11.074417,0.045777034
262.54,-1974.7427,3.7036738,-0.114105515
262.56,-1897.826,48.889545,-0.2739881
262.58,-1993.9716,-2.0647337,-0.2739881
262.6,-1960.3208,-16.80622,0.045777034
262.62,-1950.7063,6.1071773,-0.114105515
262.63998,-1931.477,-0.62263197,-0.2739881
262.66,-1984.3572,-14.242482,0.045777034
262.68,-1993.9716,-17.607388,-0.114105515
262.69998,-2018.008,13.317687,0.20565958
262.72,-1979.5498,7.8697467,-0.114105515
262.74,-1955.5134,20.047497,-0.2739881
262.75998,-1998.779,-43.72545,-1.0734009
262.78,-1974.7427,-3.026135,-0.59375316
262.8,-1969.9352,-4.14777,-0.4338706
262.82,-1998.779,21.0089,-0.114105515
262.84,-1969.9352,3.2229733,-0.7536357
262.86,-2013.2008,-5.1091714,-0.4338706
262.88,-2003.5862,-50.615486,-0.59375316
262.9,-1864.1752,3.3832066,0.045777034
262.91998,-1984.3572,2.902506,-0.114105515
262.94,-1993.9716,-22.73486,-0.59375316
262.96,-2051.659,12.8369875,-1.2332834
262.97998,-1989.1644,-5.429638,-0.4338706
263.0,-1984.3572,-0.62263197,-0.2739881
263.02,-2018.008,-2.385201,-0.4338706
263.04,-1921.8624,-0.14193134,-0.4338706
263.06,-2022.8154,-0.7828655,-0.59375316
263.08,-1998.779,-8.794542,-0.4338706
263.1,-2018.008,63.951508,-0.114105515
263.12,-1993.9716,-15.684585,-0.2739881
263.13998,-2013.2008,-6.5512733,-0.2739881
263.16,-1989.1644,19.086096,0.20565958
263.18,-1969.9352,18.124695,-0.2739881
263.19998,-1998.779,22.77147,0.045777034
263.22,-2008.3937,0.9797035,-0.114105515
263.24,-2032.43,-13.922015,-0.114105515
263.25998,-2013.2008,3.7036738,0.045777034
263.28,-1989.1644,12.99722,0.045777034
263.3,-1955.5134,0.9797035,0.045777034
263.32,-1965.128,11.715352,-0.114105515
263.34,-2051.659,-1.7442669,-0.59375316
263.36,-1989.1644,-14.883417,-1.0734009
263.38,-1979.5498,-9.435476,-1.2332834
263.4,-1993.9716,9.151615,-0.7536357
263.41998,-1979.5498,-0.30216488,-0.59375316
263.44,-1950.7063,3.3832066,0.20565958
263.46,-2018.008,-17.447153,-0.4338706
263.47998,-2003.5862,6.5878778,-0.2739881
263.5,-2027.6226,-4.6284704,0.20565958
263.52,-1965.128,18.124695,-0.114105515
263.54,-1979.5498,-13.601548,0.5254247
263.56,-2003.5862,-4.7887044,-0.2739881
263.58,-1993.9716,-18.088087,0.5254247
263.6,-2037.2372,-9.275244,-0.59375316
263.62,-2061.2737,1.6206378,-0.114105515
263.63998,-2027.6226,9.792548,0.045777034
263.66,-1974.7427,6.4276443,-0.59375316
263.68,-2013.2008,-34.111435,-0.59375316
263.69998,-2042.0444,20.528198,0.045777034
263.72,-2013.2008,36.391323,-0.4338706
263.74,-2018.008,15.72119,-0.114105515
263.75998,-2032.43,-7.192207,0.045777034
263.78,-2022.8154,-9.916177,-0.7536357
263.8,-2003.5862,7.549279,-0.2739881
263.82,-2046.8518,-1.5840333,-0.2739881
263.84,-2032.43,1.9411048,-0.114105515
263.86,-2003.5862,-20.651823,-0.59375316
263.88,-1993.9716,9.952783,-0.2739881
263.9,-2018.008,-6.8717403,-0.4338706
263.91998,-1993.9716,20.848665,-0.114105515
263.94,-2022.8154,39.595997,0.045777034
263.96,-2003.5862,4.9855423,0.20565958
263.97998,-2027.6226,25.815907,-0.114105515
264.0,-2018.008,-11.518513,0.20565958
264.02,-2013.2008,-5.589872,-0.114105515
264.04,-2061.2737,47.126976,0.045777034
264.06,-2013.2008,-7.672908,-0.114105515
264.08,-2042.0444,-31.067003,-0.2739881
264.1,-2046.8518,-15.364117,-0.4338706
264.12,-2037.2372,13.317687,0.045777034
264.13998,-2018.008,23.252169,-0.4338706
264.16,-2008.3937,-0.30216488,0.045777034
264.18,-2075.6953,6.2674108,0.20565958
264.19998,-2018.008,-14.402717,-0.114105515
264.22,-2046.8518,5.145776,0.20565958
264.24,-2037.2372,18.124695,-0.59375316
264.25998,-2032.43,8.350447,-0.59375316
264.28,-2051.659,-5.589872,-0.7536357
264.3,-2027.6226,-27.2214,0.045777034
264.32,-1998.779,-7.993375,-0.2739881
264.34,-1993.9716,16.682592,-0.59375316
264.36,-2027.6226,8.670914,-0.9135183
264.38,-2018.008,-4.948938,0.045777034
264.4,-2037.2372,-7.672908,-0.114105515
264.41998,-2061.2737,0.49900287,-0.114105515
264.44,-1998.779,9.632316,-0.2739881
264.46,-2032.43,28.059177,-0.2739881
264.47998,-2027.6226,-3.827303,-0.7536357
264.5,-1993.9716,-4.6284704,-0.59375316
264.52,-1989.1644,26.617075,-0.59375316
264.54,-1993.9716,0.49900287,-0.2739881
264.56,-2037.2372,-3.5068357,-0.2739881
264.58,-2032.43,-0.7828655,-0.4338706
264.6,-2027.6226,-23.856495,0.20565958
264.62,-2008.3937,-18.408554,-0.2739881
264.63998,-1941.0917,-1.5840333,-0.4338706
264.66,-2046.8518,-4.7887044,-0.4338706
264.68,-2022.8154,-17.76762,-0.59375316
264.69998,-2061.2737,-18.729021,0.045777034
264.72,-1989.1644,39.756226,0.20565958
264.74,-2018.008,-3.5068357,-0.4338706
264.75998,-1965.128,55.939823,-0.114105515
264.78,-1993.9716,21.810066,-0.7536357
264.8,-2008.3937,6.2674108,-0.2739881
264.82,-1965.128,44.72347,0.20565958
264.84,-2003.5862,-5.910339,-0.114105515
264.86,-2013.2008,-23.055326,-0.2739881
264.88,-2003.5862,-3.827303,-0.59375316
264.9,-1993.9716,-12.960614,-0.2739881
264.91998,-2051.659,-12.479914,0.20565958
264.94,-2022.8154,-0.46239844,-0.59375316
264.96,-2008.3937,16.842825,-0.4338706
264.97998,-2042.0444,-9.275244,-0.2739881
265.0,-1998.779,25.49544,-0.4338706
265.02,-2027.6226,-21.292757,0.20565958
265.04,-2061.2737,-18.568789,-0.59375316
265.06,-2027.6226,-13.761782,-0.114105515
265.08,-2008.3937,-16.165285,-0.114105515
265.1,-2061.2737,-25.779295,-0.59375316
265.12,-2027.6226,7.228812,0.20565958
265.13998,-2042.0444,1.3001705,-0.4338706
265.16,-2027.6226,-10.076411,-0.114105515
265.18,-1993.9716,-12.960614,-0.114105515
265.19998,-2032.43,-6.230806,0.20565958
265.22,-2027.6226,4.825309,0.36554214
265.24,-2042.0444,11.074417,1.0050724
265.25998,-2046.8518,-14.883417,0.36554214
265.28,-1993.9716,-29.785133,-0.7536357
265.3,-2032.43,30.142212,-0.114105515
265.32,-2056.4663,29.18081,0.36554214
265.34,-2008.3937,-10.557112,-0.2739881
265.36,-2032.43,-18.248322,-0.114105515
265.38,-2022.8154,-35.71377,-0.2739881
265.4,-2027.6226,-0.30216488,-0.4338706
265.41998,-2046.8518,-7.833141,-0.114105515
265.44,-2022.8154,20.68843,0.36554214
265.46,-2008.3937,25.49544,0.5254247
265.47998,-2022.8154,15.080256,0.8451898
265.5,-2075.6953,-24.817896,0.045777034
265.52,-2022.8154,-19.850657,0.20565958
265.54,-2003.5862,-20.651823,0.045777034
265.56,-2066.0808,-5.910339,0.5254247
265.58,-2027.6226,-1.2635663,-0.114105515
265.6,-2061.2737,-19.690422,0.045777034
265.62,-2056.4663,-33.630737,-0.2739881
265.63998,-2056.4663,-18.088087,0.045777034
265.66,-2085.31,-25.298595,0.20565958
265.68,-2080.503,-13.281082,0.68530726
265.69998,-2042.0444,-10.396878,0.36554214
265.72,-2032.43,-16.325518,0.045777034
265.74,-2022.8154,8.510681,-0.2739881
265.75998,-2094.9246,32.065014,0.20565958
265.78,-2027.6226,30.46268,0.5254247
265.8,-2104.5393,-0.7828655,-0.4338706
265.82,-2032.43,17.163294,0.045777034
265.84,-2013.2008,-7.0319734,-0.114105515
265.86,-2037.2372,2.7422726,0.5254247
265.88,-2042.0444,26.777308,0.8451898
265.9,-2022.8154,8.831148,0.68530726
265.91998,-2003.5862,-2.7056682,0.5254247
265.94,-2046.8518,49.53048,0.68530726
265.96,-2037.2372,0.81947,0.36554214
265.97998,-2070.8882,23.893103,0.36554214
266.0,-2046.8518,37.352726,0.5254247
266.02,-2056.4663,1.3001705,0.20565958
266.04,-1998.779,-14.08225,0.045777034
266.06,-2027.6226,22.77147,0.5254247
266.08,-2070.8882,-10.717345,0.5254247
266.1,-2046.8518,14.599556,0.36554214
266.12,-2032.43,-2.7056682,0.36554214
266.13998,-2051.659,6.2674108,0.20565958
266.16,-2037.2372,-10.076411,0.36554214
266.18,-2022.8154,30.94338,0.8451898
266.19998,-2066.0808,21.0089,0.20565958
266.22,-2032.43,4.184375,-0.114105515
266.24,-2042.0444,21.9703,0.8451898
266.25998,-2013.2008,42.800667,0.5254247
266.28,-2051.659,47.607674,0.20565958
266.3,-2046.8518,16.682592,0.20565958
266.32,-2046.8518,16.682592,0.68530726
266.34,-2061.2737,-3.827303,0.20565958
266.36,-2018.008,11.074417,0.36554214
266.38,-2013.2008,-20.812057,-0.114105515
266.4,-2046.8518,58.663795,0.5254247
266.41998,-2042.0444,14.759789,0.68530726
266.44,-2056.4663,21.0089,0.20565958
266.46,-1979.5498,44.563236,0.36554214
266.47998,-2032.43,51.77375,-0.114105515
266.5,-2046.8518,9.632316,0.20565958
266.52,-2061.2737,57.86263,0.36554214
266.54,-2042.0444,-5.7501054,0.36554214
266.56,-2027.6226,13.477921,0.045777034
266.58,-2051.659,-23.69626,-0.2739881
266.6,-2085.31,-16.325518,0.045777034
266.62,-2032.43,-12.479914,0.045777034
266.63998,-2085.31,31.904783,0.20565958
266.66,-2085.31,-13.761782,0.5254247
266.68,-2042.0444,-17.126686,-0.114105515
266.69998,-1984.3572,-15.684585,0.20565958
266.72,-2008.3937,3.2229733,0.045777034
266.74,-2042.0444,15.080256,0.045777034
266.75998,-2085.31,61.387768,0.5254247
266.78,-2051.659,-4.3080034,0.045777034
266.8,-2080.503,-3.1863687,-0.4338706
266.82,-2070.8882,30.622915,-0.2739881
266.84,-2027.6226,-7.833141,0.045777034
266.86,-2070.8882,-22.254158,-0.4338706
266.88,-2066.0808,-12.479914,-0.2739881
266.9,-2085.31,-6.8717403,-0.2739881
266.91998,-2070.8882,13.638155,-0.4338706
266.94,-2080.503,-9.115009,-0.59375316
266.96,-2027.6226,-17.607388,-0.7536357
266.97998,-2027.6226,-2.0647337,-0.59375316
267.0,-2080.503,-5.2694044,-0.4338706
267.02,-2080.503,8.670914,-0.7536357
267.04,-2056.4663,-11.198046,-0.59375316
267.06,-2080.503,31.584314,-0.4338706
267.08,-2013.2008,1.3001705,-0.4338706
267.1,-1989.1644,28.700111,0.36554214
267.12,-2046.8518,-9.755944,-0.114105515
267.13998,-2046.8518,-26.259996,0.36554214
267.16,-2094.9246,25.335205,0.20565958
267.18,-2022.8154,-10.076411,0.045777034
267.19998,-2051.659,-22.895092,-0.114105515
267.22,-2056.4663,8.02998,-0.7536357
267.24,-2066.0808,-24.817896,-0.2739881
267.25998,-2022.8154,6.2674108,-0.2739881
267.28,-2118.961,1.9411048,-0.59375316
267.3,-2118.961,41.839264,0.20565958
267.32,-2080.503,-0.46239844,-0.4338706
267.34,-2032.43,10.593717,0.20565958
267.36,-2066.0808,-9.435476,0.20565958
267.38,-2061.2737,8.510681,0.20565958
267.4,-2061.2737,17.323528,0.045777034
267.41998,-2061.2737,-4.6284704,-0.114105515
267.44,-1998.779,-35.71377,-0.2739881
267.46,-2056.4663,29.020578,0.045777034
267.47998,-2090.1172,-4.468237,-0.114105515
267.5,-2037.2372,2.1013381,0.20565958
267.52,-2046.8518,2.261572,0.68530726
267.54,-2085.31,-47.731285,0.5254247
267.56,-2037.2372,-24.657661,-0.59375316
267.58,-2075.6953,0.6592364,0.20565958
267.6,-2104.5393,-32.028404,-0.114105515
267.62,-2061.2737,6.1071773,-0.4338706
267.63998,-2046.8518,-3.5068357,-0.4338706
267.66,-2080.503,-13.601548,-0.2739881
267.68,-2080.503,8.991381,0.20565958
267.69998,-2114.1536,57.381924,0.045777034
267.72,-2090.1172,1.6206378,0.20565958
267.74,-2066.0808,0.17853576,-0.2739881
267.75998,-2013.2008,-6.230806,0.20565958
267.78,-2099.7317,17.643993,0.20565958
267.8,-2070.8882,-5.1091714,-0.7536357
267.82,-2080.503,47.607674,-0.4338706
267.84,-2066.0808,-0.14193134,0.045777034
267.86,-2061.2737,-18.729021,-0.4338706
267.88,-2061.2737,27.898943,0.36554214
267.9,-2085.31,-14.562949,-0.114105515
267.91998,-2066.0808,38.153893,0.045777034
267.94,-2022.8154,7.228812,0.5254247
267.96,-2070.8882,-29.464666,0.045777034
267.97998,-2094.9246,-45.64825,-0.114105515
268.0,-2085.31,-29.1442,-0.114105515
268.02,-2070.8882,0.33876932,0.36554214
268.04,-2090.1172,-18.568789,-0.114105515
268.06,-2032.43,15.560958,0.045777034
268.08,-2056.4663,-13.441315,0.20565958
268.1,-2056.4663,-20.812057,0.5254247
268.12,-2080.503,-1.7442669,0.20565958
268.13998,-2003.5862,12.676753,0.36554214
268.16,-2118.961,-5.2694044,0.36554214
268.18,-2090.1172,7.8697467,0.68530726
268.19998,-2070.8882,-8.794542,-0.2739881
268.22,-2037.2372,-17.447153,-0.114105515
268.24,-2094.9246,12.8369875,-0.59375316
268.25998,-2080.503,-11.678746,-0.114105515
268.28,-2070.8882,23.252169,-0.114105515
268.3,-2061.2737,17.323528,0.045777034
268.32,-2070.8882,-9.275244,-0.2739881
268.34,-2094.9246,60.26613,0.20565958
268.36,-2056.4663,-13.281082,0.045777034
268.38,-2066.0808,-0.14193134,-0.114105515
268.4,-2080.503,30.783146,0.20565958
268.41998,-2118.961,-11.83898,0.045777034
268.44,-2109.3464,6.7481112,0.045777034
268.46,-2114.1536,-12.159447,-0.2739881
268.47998,-2147.8047,19.727032,-0.2739881
268.5,-2090.1172,-7.5126743,-0.2739881
268.52,-2085.31,31.424084,-0.2739881
268.54,-2090.1172,-1.4237996,-0.2739881
268.56,-2109.3464,-20.01089,-0.114105515
268.58,-2051.659,30.302446,-0.114105515
268.6,-2090.1172,-2.2249672,0.045777034
268.62,-2080.503,-6.5512733,-0.2739881
268.63998,-2070.8882,-1.5840333,-0.114105515
268.66,-2022.8154,10.75395,0.5254247
268.68,-2109.3464,-7.833141,0.20565958
268.69998,-2090.1172,7.8697467,0.20565958
268.72,-2090.1172,13.157454,0.045777034
268.74,-2090.1172,3.0627398,-0.59375316
268.75998,-2085.31,-11.358279,-0.4338706
268.78,-2066.0808,-19.850657,-0.2739881
268.8,-2094.9246,-1.4237996,0.045777034
268.82,-2099.7317,-5.1091714,0.045777034
268.84,-2075.6953,5.3060093,0.045777034
268.86,-2085.31,-44.045914,0.045777034
268.88,-2109.3464,14.1188545,0.20565958
268.9,-2133.3828,-32.188637,0.045777034
268.91998,-2094.9246,-3.1863687,0.68530726
268.94,-2094.9246,-14.723184,0.36554214
268.96,-2099.7317,-10.236644,-0.2739881
268.97998,-2080.503,-26.259996,-0.59375316
269.0,-2118.961,-15.04365,-0.4338706
269.02,-2118.961,2.261572,0.20565958
269.04,-2080.503,-10.557112,0.20565958
269.06,-2094.9246,24.534037,0.36554214
269.08,-2099.7317,-43.72545,0.20565958
269.1,-2051.659,2.902506,0.045777034
269.12,-2109.3464,-3.5068357,0.5254247
269.13998,-2118.961,-20.49159,0.36554214
269.16,-2090.1172,8.350447,0.5254247
269.18,-2118.961,20.68843,0.5254247
269.19998,-2114.1536,-5.589872,-0.114105515
269.22,-2142.9973,4.9855423,0.20565958
269.24,-2118.961,5.78671,0.045777034
269.25998,-2114.1536,8.190214,-0.114105515
269.28,-2075.6953,5.9469438,-0.114105515
269.3,-2104.5393,-16.645985,0.045777034
269.32,-2090.1172,27.738708,0.5254247
269.34,-2104.5393,21.169132,0.045777034
269.36,-2070.8882,-4.3080034,0.20565958
269.38,-2066.0808,-1.7442669,0.20565958
269.4,-2090.1172,0.9797035,-0.2739881
269.41998,-2094.9246,24.373804,-0.114105515
269.44,-2128.5757,10.914185,0.20565958
269.46,-2118.961,-4.948938,-0.4338706
269.47998,-2085.31,-4.14777,0.20565958
269.5,-2109.3464,-15.684585,0.36554214
269.52,-2104.5393,0.33876932,0.20565958
269.54,-2094.9246,-16.165285,-0.2739881
269.56,-2099.7317,7.0685787,-0.114105515
269.58,-2080.503,-24.978128,-0.59375316
269.6,-2061.2737,-10.877579,0.5254247
269.62,-2099.7317,4.3446083,0.20565958
269.63998,-2085.31,52.73515,-0.2739881
269.66,-2094.9246,56.740993,-0.114105515
269.68,-2128.5757,16.842825,-0.2739881
269.69998,-2094.9246,11.555119,-0.114105515
269.72,-2123.768,23.412403,-0.114105515
269.74,-2147.8047,4.024141,-0.114105515
269.75998,-2090.1172,-32.989803,-0.2739881
269.78,-2104.5393,-11.198046,-0.4338706
269.8,-2099.7317,12.99722,-0.2739881
269.82,-2118.961,31.424084,-0.4338706
269.84,-2118.961,4.504842,-0.2739881
269.86,-2090.1172,13.477921,-0.114105515
269.88,-2056.4663,75.32809,-0.7536357
269.9,-2114.1536,-11.999213,-0.114105515
269.91998,-2099.7317,-28.6635,-0.7536357
269.94,-2080.503,-3.1863687,0.045777034
269.96,-2099.7317,62.9901,0.045777034
269.97998,-2104.5393,0.9797035,0.20565958
270.0,-2123.768,-7.833141,-0.7536357
270.02,-2142.9973,3.3832066,0.045777034
270.04,-2099.7317,-10.396878,-0.2739881
270.06,-2114.1536,24.213572,-0.114105515
270.08,-2075.6953,17.643993,0.045777034
270.1,-2118.961,24.053337,0.045777034
270.12,-2142.9973,22.290768,0.20565958
270.13998,-2123.768,7.0685787,0.20565958
270.16,-2109.3464,-46.449417,0.36554214
270.18,-2157.4192,7.3890457,-0.114105515
270.19998,-2128.5757,38.634594,0.20565958
270.22,-2176.6484,-13.922015,-0.4338706
270.24,-2080.503,13.157454,-0.2739881
270.25998,-2118.961,1.3001705,-0.114105515
270.28,-2123.768,-13.761782,-0.4338706
270.3,-2080.503,5.9469438,-0.114105515
270.32,-2104.5393,-6.3910394,0.045777034
270.34,-2123.768,6.7481112,-0.114105515
270.36,-2099.7317,-8.153608,-0.2739881
270.38,-2104.5393,-12.960614,-0.2739881
270.4,-2104.5393,-2.385201,-0.59375316
270.41998,-2114.1536,19.086096,-0.114105515
270.44,-2123.768,33.827583,0.20565958
270.46,-2162.2263,-6.230806,-0.114105515
270.47998,-2138.19,-5.910339,-0.4338706
270.5,-2090.1172,-7.672908,-0.114105515
270.52,-2109.3464,-15.844818,0.20565958
270.54,-2123.768,0.33876932,0.20565958
270.56,-2109.3464,4.6650753,0.20565958
270.58,-2138.19,-43.88568,-0.7536357
270.6,-2152.612,-20.331356,-0.7536357
270.62,-2128.5757,-7.993375,-0.2739881
270.63998,-2109.3464,9.952783,0.5254247
270.66,-2104.5393,-15.684585,0.20565958
270.68,-2070.8882,-21.292757,0.045777034
270.69998,-2090.1172,8.02998,-0.59375316
270.72,-2123.768,26.296606,-0.59375316
270.74,-2114.1536,-22.254158,-0.114105515
270.75998,-2142.9973,12.51652,0.20565958
270.78,-2090.1172,-0.7828655,0.045777034
270.8,-2090.1172,-14.242482,0.045777034
270.82,-2186.263,-25.45883,-0.7536357
270.84,-2142.9973,3.7036738,0.36554214
270.86,-2109.3464,-4.3080034,-0.4338706
270.88,-2133.3828,-7.833141,0.045777034
270.9,-2133.3828,-6.8717403,-0.4338706
270.91998,-2046.8518,26.45684,-0.59375316
270.94,-2090.1172,10.75395,-0.7536357
270.96,-2128.5757,-1.5840333,-0.2739881
270.97998,-2085.31,0.018302217,-0.2739881
271.0,-2109.3464,13.157454,-0.4338706
271.02,-2094.9246,-47.09035,-0.9135183
271.04,-2133.3828,-8.153608,0.20565958
271.06,-2094.9246,-8.153608,0.045777034
271.08,-2123.768,-23.055326,0.20565958
271.1,-2138.19,-9.435476,-0.2739881
271.12,-2157.4192,-3.827303,0.20565958
271.13998,-2142.9973,-17.126686,0.045777034
271.16,-2162.2263,-14.242482,-0.4338706
271.18,-2118.961,36.71179,0.20565958
271.19998,-2191.07,5.466243,-0.114105515
271.22,-2123.768,23.252169,-0.114105515
271.24,-2128.5757,11.715352,-0.4338706
271.25998,-2157.4192,-2.2249672,-0.114105515
271.28,-2157.4192,-31.547703,-0.59375316
271.3,-2118.961,4.825309,-0.2739881
271.32,-2123.768,-11.999213,-0.2739881
271.34,-2152.612,-11.358279,0.045777034
271.36,-2090.1172,5.6264763,-0.2739881
271.38,-2094.9246,-5.2694044,-0.4338706
271.4,-2128.5757,-13.441315,-0.114105515
271.41998,-2167.0337,-16.005053,0.20565958
271.44,-2162.2263,4.6650753,-0.114105515
271.46,-2142.9973,-7.0319734,0.20565958
271.47998,-2128.5757,-34.27167,0.045777034
271.5,-2176.6484,-22.254158,-0.114105515
271.52,-2099.7317,-24.497427,-0.114105515
271.54,-2133.3828,-1.9045002,-0.2739881
271.56,-2114.1536,-24.17696,-0.114105515
271.58,-2070.8882,18.605394,0.045777034
271.6,-2142.9973,-2.5454345,0.045777034
271.62,-2171.841,-2.0647337,0.5254247
271.63998,-2118.961,-0.46239844,0.5254247
271.66,-2157.4192,-13.281082,-0.114105515
271.68,-2147.8047,-24.657661,-0.2739881
271.69998,-2109.3464,-30.426067,-0.59375316
271.72,-2123.768,-26.90093,-0.2739881
271.74,-2157.4192,-18.088087,-0.4338706
271.75998,-2109.3464,-7.192207,-0.114105515
271.78,-2133.3828,10.433483,-0.114105515
271.8,-2138.19,0.81947,0.045777034
271.82,-2118.961,21.9703,0.36554214
271.84,-2205.492,-4.7887044,-0.2739881
271.86,-2167.0337,8.02998,-0.114105515
271.88,-2147.8047,10.75395,0.20565958
271.9,-2090.1172,-21.292757,0.20565958
271.91998,-2147.8047,38.634594,0.36554214
271.94,-2133.3828,-1.9045002,0.20565958
271.96,-2114.1536,2.261572,0.20565958
271.97998,-2171.841,-13.281082,0.20565958
272.0,-2142.9973,8.991381,0.20565958
272.02,-2181.4556,-52.698524,0.045777034
272.04,-2099.7317,-2.5454345,-0.2739881
272.06,-2157.4192,15.72119,0.36554214
272.08,-2118.961,-1.7442669,0.045777034
272.1,-2176.6484,-18.248322,0.36554214
272.12,-2133.3828,-40.040077,-0.2739881
272.13998,-2162.2263,-6.230806,0.20565958
272.16,-2138.19,-13.120848,0.045777034
272.18,-2167.0337,-15.04365,-0.59375316
272.19998,-2176.6484,11.234652,0.5254247
272.22,-2152.612,18.124695,0.5254247
272.24,-2162.2263,-11.678746,-0.114105515
272.25998,-2157.4192,-0.62263197,-0.2739881
272.28,-2109.3464,9.311849,-0.4338706
272.3,-2138.19,42.9609,0.045777034
272.32,-2171.841,37.67319,0.68530726
272.34,-2157.4192,-3.3466022,0.20565958
272.36,-2118.961,34.308285,0.045777034
272.38,-2051.659,-9.275244,-0.4338706
272.4,-2147.8047,13.477921,-0.2739881
272.41998,-2147.8047,16.842825,0.5254247
272.44,-2133.3828,3.5434403,0.20565958
272.46,-2133.3828,-13.441315,0.045777034
272.47998,-2118.961,-0.7828655,0.045777034
272.5,-2157.4192,7.3890457,0.20565958
272.52,-2123.768,24.694271,0.20565958
272.54,-2152.612,10.113016,0.20565958
272.56,-2114.1536,17.163294,0.36554214
272.58,-2195.8774,4.9855423,-0.114105515
272.6,-2147.8047,37.352726,0.36554214
272.62,-2229.5283,21.329365,0.045777034
272.63998,-2167.0337,22.931702,-0.114105515
272.66,-2142.9973,56.901222,0.20565958
272.68,-2157.4192,-1.5840333,0.045777034
272.69998,-2133.3828,-8.153608,0.045777034
272.72,-2152.612,30.142212,-0.114105515
272.74,-2099.7317,-1.4237996,-0.2739881
272.75998,-2104.5393,8.350447,0.5254247
272.78,-2099.7317,3.5434403,0.68530726
272.8,-2176.6484,-17.607388,1.0050724
272.82,-2123.768,-5.2694044,-0.114105515
272.84,-2157.4192,0.9797035,0.20565958
272.86,-2128.5757,-25.298595,-0.114105515
272.88,-2147.8047,6.1071773,0.20565958
272.9,-2085.31,47.44744,0.68530726
272.91998,-2133.3828,-1.7442669,0.045777034
272.94,-2075.6953,-3.5068357,0.045777034
272.96,-2147.8047,-2.0647337,-0.114105515
272.97998,-2171.841,-0.62263197,-0.114105515
273.0,-2138.19,9.952783,0.36554214
273.02,-2147.8047,0.6592364,0.68530726
273.04,-2171.841,-64.23533,0.8451898
273.06,-2142.9973,-25.45883,0.20565958
273.08,-2133.3828,10.113016,0.5254247
273.1,-2123.768,0.9797035,0.36554214
273.12,-2176.6484,-9.115009,0.20565958
273.13998,-2205.492,-25.298595,0.045777034
273.16,-2128.5757,3.8639073,0.045777034
273.18,-2181.4556,-1.9045002,0.20565958
273.19998,-2191.07,5.9469438,-0.114105515
273.22,-2157.4192,-0.14193134,0.5254247
273.24,-2142.9973,-29.464666,0.36554214
273.25998,-2138.19,-9.435476,0.5254247
273.28,-2157.4192,-18.408554,-0.114105515
273.3,-2138.19,-1.4237996,-0.114105515
273.32,-2147.8047,4.024141,0.20565958
273.34,-2167.0337,9.632316,0.20565958
273.36,-2128.5757,-35.393307,-0.2739881
273.38,-2171.841,-9.275244,-0.4338706
273.4,-2157.4192,-15.524351,0.045777034
273.41998,-2104.5393,-9.916177,0.045777034
273.44,-2147.8047,-12.640147,0.20565958
273.46,-2114.1536,-7.833141,0.8451898
273.47998,-2114.1536,51.933983,0.68530726
273.5,-2162.2263,0.6592364,0.20565958
273.52,-2171.841,-18.408554,0.5254247
273.54,-2123.768,7.549279,1.0050724
273.56,-2186.263,12.99722,0.045777034
273.58,-2167.0337,16.20189,0.045777034
273.6,-2171.841,0.17853576,0.045777034
273.62,-2147.8047,-8.313842,0.20565958
273.63998,-2181.4556,4.9855423,0.68530726
273.66,-2142.9973,-4.948938,-0.114105515
273.68,-2157.4192,-0.7828655,0.045777034
273.69998,-2186.263,-11.198046,-0.114105515
273.72,-2186.263,-9.435476,0.20565958
273.74,-2239.143,11.875586,0.36554214
273.75998,-2138.19,3.8639073,-0.2739881
273.78,-2171.841,4.504842,-0.114105515
273.8,-2176.6484,-45.808483,-0.114105515
273.82,-2142.9973,6.2674108,0.36554214
273.84,-2157.4192,-0.9430991,0.20565958
273.86,-2210.2993,17.643993,-0.114105515
273.88,-2167.0337,20.68843,0.045777034
273.9,-2152.612,4.6650753,0.8451898
273.91998,-2176.6484,-12.159447,0.045777034
273.94,-2142.9973,-15.844818,0.045777034
273.96,-2162.2263,13.157454,0.20565958
273.97998,-2181.4556,-24.657661,0.5254247
274.0,-2157.4192,25.014738,0.5254247
274.02,-2176.6484,20.207731,1.0050724
274.04,-2167.0337,0.81947,0.20565958
274.06,-2210.2993,31.424084,0.68530726
274.08,-2181.4556,19.727032,0.045777034
274.1,-2162.2263,16.362125,0.36554214
274.12,-2171.841,45.20417,0.36554214
274.13998,-2157.4192,15.881425,0.20565958
274.16,-2142.9973,-15.04365,-0.4338706
274.18,-2210.2993,-23.69626,0.045777034
274.19998,-2147.8047,-13.761782,0.68530726
274.22,-2195.8774,-2.8659017,0.5254247
274.24,-2167.0337,-20.171124,0.20565958
274.25998,-2152.612,-30.906769,0.045777034
274.28,-2157.4192,-22.895092,0.045777034
274.3,-2157.4192,-1.7442669,0.5254247
274.32,-2123.768,12.035819,0.68530726
274.34,-2176.6484,-51.73712,0.20565958
274.36,-2215.1064,-17.607388,0.5254247
274.38,-2186.263,15.72119,0.20565958
274.4,-2118.961,-64.5558,0.20565958
274.41998,-2215.1064,-2.5454345,0.045777034
274.44,-2167.0337,-8.954777,0.36554214
274.46,-2191.07,-38.437744,0.20565958
274.47998,-2191.07,-20.01089,0.36554214
274.5,-2128.5757,-29.945368,0.68530726
274.52,-2080.503,11.555119,0.5254247
274.54,-2171.841,9.472081,0.20565958
274.56,-2142.9973,6.1071773,0.8451898
274.58,-2186.263,-28.182798,0.8451898
274.6,-2162.2263,-3.026135,0.68530726
274.62,-2210.2993,-1.4237996,-0.114105515
274.63998,-2200.6848,45.043938,-0.114105515
274.66,-2186.263,-11.358279,0.045777034
274.68,-2186.263,-1.9045002,0.5254247
274.69998,-2123.768,16.52236,0.8451898
274.72,-2147.8047,2.7422726,0.5254247
274.74,-2142.9973,18.765629,-0.2739881
274.75998,-2114.1536,16.682592,-0.114105515
274.78,-2176.6484,6.4276443,0.20565958
274.8,-2157.4192,-7.192207,0.68530726
274.82,-2167.0337,-24.016727,0.20565958
274.84,-2176.6484,-3.6670694,0.20565958
274.86,-2186.263,-0.30216488,-0.114105515
274.88,-2200.6848,14.439322,0.5254247
274.9,-2205.492,11.555119,0.36554214
274.91998,-2167.0337,-19.049488,0.20565958
274.94,-2171.841,21.169132,0.20565958
274.96,-2186.263,22.77147,0.5254247
274.97998,-2167.0337,11.555119,0.20565958
275.0,-2191.07,34.46852,0.8451898
275.02,-2176.6484,-12.479914,0.20565958
275.04,-2171.841,28.21941,0.045777034
275.06,-2133.3828,11.234652,0.5254247
275.08,-2215.1064,21.9703,0.20565958
275.1,-2171.841,-0.14193134,0.20565958
275.12,-2176.6484,14.920023,-0.2739881
275.13998,-2162.2263,15.881425,-0.114105515
275.16,-2176.6484,0.81947,0.68530726
275.18,-2186.263,13.638155,-0.114105515
275.19998,-2176.6484,-7.352441,0.68530726
275.22,-2205.492,-2.7056682,-0.4338706
275.24,-2195.8774,48.408844,0.20565958
275.25998,-2195.8774,2.902506,0.045777034
275.28,-2176.6484,-0.46239844,0.20565958
275.3,-2142.9973,49.690712,0.5254247
275.32,-2215.1064,2.4218054,0.36554214
275.34,-2186.263,4.6650753,0.20565958
275.36,-2157.4192,-6.5512733,-0.114105515
275.38,-2229.5283,-7.192207,-0.114105515
275.4,-2186.263,23.091934,0.045777034
275.41998,-2195.8774,8.670914,0.36554214
275.44,-2162.2263,0.33876932,0.36554214
275.46,-2215.1064,-5.2694044,0.36554214
275.47998,-2200.6848,-60.229496,-0.7536357
275.5,-2181.4556,-9.275244,0.36554214
275.52,-2200.6848,1.7808713,-0.114105515
275.54,-2171.841,7.549279,0.5254247
275.56,-2191.07,0.33876932,-0.114105515
275.58,-2224.7212,-1.1033326,-0.4338706
275.6,-2210.2993,0.33876932,-0.7536357
275.62,-2195.8774,20.68843,-0.2739881
275.63998,-2210.2993,-35.55354,-0.2739881
275.66,-2224.7212,5.9469438,0.045777034
275.68,-2215.1064,-4.6284704,-0.2739881
275.69998,-2186.263,-12.960614,-0.4338706
275.72,-2215.1064,-2.385201,-0.114105515
275.74,-2152.612,-21.132523,0.045777034
275.75998,-2215.1064,21.329365,-0.114105515
275.78,-2195.8774,-3.3466022,-0.7536357
275.8,-2210.2993,-26.580463,-0.4338706
275.82,-2215.1064,35.42992,-0.114105515
275.84,-2181.4556,-0.9430991,0.045777034
275.86,-2205.492,-7.192207,-0.114105515
275.88,-2176.6484,-32.028404,-0.114105515
275.9,-2205.492,-5.1091714,-0.4338706
275.91998,-2253.5647,-12.640147,-0.2739881
275.94,-2171.841,-22.093925,-0.7536357
275.96,-2215.1064,-6.711507,-0.4338706
275.97998,-2234.3357,1.7808713,-0.4338706
276.0,-2205.492,-3.5068357,-0.4338706
276.02,-2210.2993,13.477921,0.045777034
276.04,-2210.2993,-2.0647337,-0.7536357
276.06,-2219.9138,15.24049,-0.7536357
276.08,-2239.143,2.4218054,-0.7536357
276.1,-2200.6848,-23.055326,-0.59375316
276.12,-2205.492,27.418243,-0.59375316
276.13998,-2215.1064,-4.948938,-0.2739881
276.16,-2162.2263,11.715352,-0.4338706
276.18,-2200.6848,15.400723,-0.4338706
276.19998,-2234.3357,-4.3080034,-0.4338706
276.22,-2253.5647,-6.230806,-0.114105515
276.24,-2219.9138,9.952783,-0.114105515
276.25998,-2200.6848,5.9469438,0.045777034
276.28,-2215.1064,18.124695,-0.114105515
276.3,-2234.3357,2.4218054,-0.4338706
276.32,-2171.841,36.23109,0.20565958
276.34,-2191.07,8.831148,-0.114105515
276.36,-2200.6848,19.566797,-0.2739881
276.38,-2176.6484,25.49544,-0.114105515
276.4,-2167.0337,27.418243,-0.2739881
276.41998,-2205.492,-5.7501054,-0.114105515
276.44,-2181.4556,2.902506,0.045777034
276.46,-2186.263,1.7808713,0.5254247
276.47998,-2186.263,20.047497,0.20565958
276.5,-2200.6848,17.323528,0.68530726
276.52,-2215.1064,-4.468237,0.045777034
276.54,-2219.9138,5.9469438,-0.4338706
276.56,-2229.5283,3.2229733,0.045777034
276.58,-2239.143,25.655672,-0.2739881
276.6,-2200.6848,30.302446,-0.2739881
276.62,-2171.841,-65.83767,0.045777034
276.63998,-2248.7576,-7.993375,-0.2739881
276.66,-2292.023,15.400723,-0.4338706
276.68,-2205.492,22.290768,-0.2739881
276.69998,-2219.9138,6.7481112,0.20565958
276.72,-2205.492,2.1013381,0.045777034
276.74,-2215.1064,-19.690422,0.5254247
276.75998,-2219.9138,39.275528,0.5254247
276.78,-2200.6848,-9.115009,0.045777034
276.8,-2215.1064,-15.364117,-0.7536357
276.82,-2234.3357,-23.856495,-0.4338706
276.84,-2210.2993,-9.275244,0.20565958
276.86,-2234.3357,18.445162,-0.114105515
276.88,-2215.1064,18.445162,0.5254247
276.9,-2205.492,-3.9875362,-0.4338706
276.91998,-2248.7576,-31.547703,-0.2739881
276.94,-2219.9138,-74.33004,-0.2739881
276.96,-2229.5283,11.234652,0.5254247
276.97998,-2253.5647,0.49900287,0.36554214
277.0,-2205.492,2.1013381,0.20565958
277.02,-2210.2993,13.638155,0.20565958
277.04,-2176.6484,2.1013381,0.045777034
277.06,-2306.4448,20.848665,0.045777034
277.08,-2239.143,-13.281082,-0.2739881
277.1,-2224.7212,-16.005053,-0.114105515
277.12,-2219.9138,22.611235,0.36554214
277.13998,-2234.3357,-5.910339,0.8451898
277.16,-2205.492,-22.093925,0.045777034
277.18,-2224.7212,4.3446083,0.20565958
277.19998,-2114.1536,-5.1091714,0.045777034
277.22,-2195.8774,13.157454,0.045777034
277.24,-2210.2993,-28.182798,-0.7536357
277.25998,-2200.6848,-3.5068357,0.20565958
277.28,-2205.492,-13.120848,0.045777034
277.3,-2162.2263,17.323528,0.20565958
277.32,-2205.492,-8.474075,0.045777034
277.34,-2176.6484,-11.358279,-0.114105515
277.36,-2243.9502,-72.88793,-0.2739881
277.38,-2195.8774,-2.2249672,-0.2739881
277.4,-2234.3357,-25.619062,0.8451898
277.41998,-2243.9502,-32.34887,-0.2739881
277.44,-2215.1064,2.1013381,0.045777034
277.46,-2215.1064,-26.42023,-0.2739881
277.47998,-2234.3357,-5.1091714,0.20565958
277.5,-2219.9138,32.385483,0.36554214
277.52,-2205.492,-8.474075,0.20565958
277.54,-2229.5283,-14.883417,0.36554214
277.56,-2234.3357,23.091934,0.36554214
277.58,-2215.1064,5.9469438,0.5254247
277.6,-2215.1064,36.391323,0.36554214
277.62,-2215.1064,41.5188,0.045777034
277.63998,-2200.6848,26.45684,0.20565958
277.66,-2253.5647,-1.4237996,-0.2739881
277.68,-2215.1064,26.296606,0.045777034
277.69998,-2224.7212,48.889545,0.20565958
277.72,-2191.07,26.45684,0.045777034
277.74,-2234.3357,40.557396,-0.2739881
277.75998,-2205.492,-10.557112,0.20565958
277.78,-2239.143,-19.690422,0.045777034
277.8,-2253.5647,42.159733,-0.114105515
277.82,-2248.7576,-19.049488,0.20565958
277.84,-2229.5283,14.279089,0.36554214
277.86,-2176.6484,0.6592364,0.20565958
277.88,-2210.2993,-7.192207,-0.2739881
277.9,-2267.9866,-21.132523,-0.114105515
277.91998,-2167.0337,10.593717,0.8451898
277.94,-2263.1794,43.12113,0.68530726
277.96,-2229.5283,-19.369957,-0.114105515
277.97998,-2263.1794,-3.6670694,-0.114105515
278.0,-2157.4192,12.196053,0.20565958
278.02,-2200.6848,-12.640147,-0.114105515
278.04,-2215.1064,41.358562,0.20565958
278.06,-2248.7576,34.46852,-0.2739881
278.08,-2258.372,3.2229733,-0.2739881
278.1,-2219.9138,1.4604042,-0.114105515
278.12,-2224.7212,6.7481112,0.36554214
278.13998,-2239.143,38.794827,0.045777034
278.16,-2239.143,33.026417,-0.114105515
278.18,-2219.9138,-10.717345,-0.59375316
278.19998,-2210.2993,-6.0705724,-0.114105515
278.22,-2248.7576,-9.275244,0.045777034
278.24,-2234.3357,7.3890457,0.045777034
278.25998,-2200.6848,33.026417,0.20565958
278.28,-2224.7212,8.190214,-0.4338706
278.3,-2215.1064,0.49900287,-0.114105515
278.32,-2243.9502,-4.3080034,-0.4338706
278.34,-2253.5647,16.041658,-0.4338706
278.36,-2263.1794,36.070858,0.20565958
278.38,-2219.9138,-16.80622,-0.114105515
278.4,-2205.492,7.3890457,0.5254247
278.41998,-2200.6848,-29.945368,0.20565958
278.44,-2219.9138,-15.203884,0.20565958
278.46,-2191.07,50.171413,-0.114105515
278.47998,-2234.3357,6.1071773,0.045777034
278.5,-2239.143,-39.879845,-0.2739881
278.52,-2210.2993,-11.83898,0.20565958
278.54,-2277.601,-57.185062,-0.114105515
278.56,-2239.143,18.925863,-0.2739881
278.58,-2253.5647,18.124695,0.045777034
278.6,-2224.7212,7.228812,0.045777034
278.62,-2210.2993,-14.08225,-0.2739881
278.63998,-2114.1536,30.783146,0.5254247
278.66,-2248.7576,8.670914,-0.2739881
278.68,-2200.6848,29.18081,-0.59375316
278.69998,-2258.372,9.952783,0.20565958
278.72,-2248.7576,-27.862331,-0.114105515
278.74,-2186.263,19.887262,0.20565958
278.75998,-2234.3357,-6.5512733,-0.2739881
278.78,-2229.5283,-9.115009,0.20565958
278.8,-2243.9502,12.196053,0.5254247
278.82,-2248.7576,-8.794542,0.5254247
278.84,-2109.3464,-1.4237996,-0.2739881
278.86,-2239.143,-14.723184,0.045777034
278.88,-2239.143,-14.402717,-0.2739881
278.9,-2272.794,19.887262,-0.114105515
278.91998,-2239.143,-8.313842,-0.114105515
278.94,-2287.2158,4.184375,-0.114105515
278.96,-2195.8774,17.483759,0.36554214
278.97998,-2258.372,5.9469438,0.68530726
279.0,-2248.7576,21.0089,0.36554214
279.02,-2258.372,-12.159447,0.045777034
279.04,-2296.8303,-5.429638,0.045777034
279.06,-2162.2263,24.373804,-0.114105515
279.08,-2243.9502,-8.634309,-0.114105515
279.1,-2267.9866,22.290768,-0.114105515
279.12,-2234.3357,-38.75821,-0.2739881
279.13998,-2258.372,-0.9430991,-0.4338706
279.16,-2243.9502,-13.922015,-0.2739881
279.18,-2282.4084,-26.580463,0.045777034
279.19998,-2258.372,-17.286919,0.045777034
279.22,-2263.1794,-14.562949,-0.4338706
279.24,-2239.143,-32.188637,0.045777034
279.25998,-2263.1794,-6.8717403,-0.2739881
279.28,-2263.1794,13.958622,0.5254247
279.3,-2248.7576,38.634594,0.36554214
279.32,-2263.1794,-15.203884,-0.4338706
279.34,-2277.601,0.33876932,-0.114105515
279.36,-2234.3357,-15.04365,0.20565958
279.38,-2272.794,-4.7887044,0.5254247
279.4,-2253.5647,-15.04365,0.20565958
279.41998,-2253.5647,8.670914,-0.114105515
279.44,-2243.9502,19.887262,0.20565958
279.46,-2253.5647,19.727032,0.20565958
279.47998,-2277.601,18.445162,0.045777034
279.5,-2258.372,1.139937,0.36554214
279.52,-2258.372,-12.159447,0.36554214
279.54,-2248.7576,-24.817896,0.045777034
279.56,-2243.9502,1.9411048,0.045777034
279.58,-2215.1064,-0.46239844,0.5254247
279.6,-2243.9502,18.445162,0.36554214
279.62,-2243.9502,-16.966454,-0.59375316
279.63998,-2195.8774,-38.27751,-0.2739881
279.66,-2325.6738,3.2229733,0.20565958
279.68,-2234.3357,-11.999213,0.5254247
279.69998,-2258.372,-5.589872,0.20565958
279.72,-2301.6375,-12.479914,0.045777034
279.74,-2248.7576,-2.0647337,0.045777034
279.75998,-2219.9138,1.7808713,-0.114105515
279.78,-2258.372,-10.076411,0.045777034
279.8,-2253.5647,-10.396878,0.5254247
279.82,-2292.023,49.53048,0.045777034
279.84,-2263.1794,-5.589872,0.045777034
279.86,-2229.5283,-19.369957,-0.2739881
279.88,-2234.3357,22.130533,0.68530726
279.9,-2224.7212,18.605394,-0.2739881
279.91998,-2325.6738,5.6264763,0.045777034
279.94,-2258.372,1.9411048,0.5254247
279.96,-2282.4084,-10.877579,0.36554214
279.97998,-2263.1794,-4.468237,-0.114105515
280.0,-2229.5283,-4.6284704,0.36554214
280.02,-2272.794,2.261572,0.8451898
280.04,-2195.8774,22.451,4.8422537
280.06,-2195.8774,5.466243,4.8422537
280.08,-2219.9138,25.976141,1.8044851
280.1,-2258.372,-24.016727,-0.114105515
280.12,-2267.9866,-26.259996,-0.7536357
280.13998,-2263.1794,-1.9045002,-1.8728136
280.16,-2229.5283,45.68487,-1.393166
280.18,-2210.2993,22.611235,0.20565958
280.19998,-2195.8774,-22.895092,1.3248374
280.22,-2239.143,-25.298595,2.923663
280.24,-2138.19,46.646275,3.4033108
280.25998,-2253.5647,-17.447153,2.7637806
280.28,-2224.7212,13.958622,2.1242502
280.3,-2243.9502,-1.1033326,0.68530726
280.32,-2234.3357,13.477921,0.8451898
280.34,-2195.8774,15.24049,0.8451898
280.36,-2253.5647,4.9855423,0.68530726
280.38,-2200.6848,3.3832066,1.6446027
280.4,-2128.5757,-6.711507,2.923663
280.41998,-2200.6848,-19.690422,3.8829584
280.44,-2200.6848,-4.468237,3.4033108
280.46,-2171.841,-1.4237996,2.1242502
280.47998,-2234.3357,-17.126686,1.48472
280.5,-2181.4556,19.887262,1.3248374
280.52,-2195.8774,35.269688,1.48472
280.54,-2200.6848,24.053337,1.8044851
280.56,-2215.1064,-2.8659017,2.1242502
280.58,-2186.263,3.8639073,2.4440153
280.6,-2181.4556,18.765629,3.2434282
280.62,-2167.0337,20.68843,2.923663
280.63998,-2186.263,-3.026135,2.6038978
280.66,-2229.5283,-10.557112,1.9643677
280.68,-2200.6848,29.661512,1.6446027
280.69998,-2191.07,-1.2635663,1.8044851
280.72,-2181.4556,51.613518,2.284133
280.74,-2239.143,30.302446,2.6038978
280.75998,-2195.8774,8.831148,2.1242502
280.78,-2205.492,6.908345,2.6038978
280.8,-2263.1794,-13.601548,2.6038978
280.82,-2224.7212,4.6650753,2.4440153
280.84,-2219.9138,60.586597,2.4440153
280.86,-2215.1064,-5.910339,2.4440153
280.88,-2219.9138,27.258009,2.4440153
280.9,-2219.9138,15.72119,2.4440153
280.91998,-2205.492,0.9797035,3.2434282
280.94,-2229.5283,75.969025,2.923663
280.96,-2210.2993,-15.684585,2.6038978
280.97998,-2239.143,16.362125,3.0835457
281.0,-2248.7576,14.599556,2.6038978
281.02,-2224.7212,-0.14193134,2.6038978
281.04,-2215.1064,15.24049,2.4440153
281.06,-2224.7212,-7.0319734,2.7637806
281.08,-2234.3357,-10.877579,2.6038978
281.1,-2191.07,5.6264763,2.4440153
281.12,-2219.9138,-9.916177,2.7637806
281.13998,-2200.6848,11.394884,2.4440153
281.16,-2210.2993,8.350447,2.7637806
281.18,-2243.9502,17.00306,3.0835457
281.19998,-2234.3357,15.400723,2.7637806
281.22,-2215.1064,2.1013381,2.4440153
281.24,-2234.3357,14.1188545,2.7637806
281.25998,-2210.2993,-4.3080034,2.6038978
281.28,-2224.7212,52.574917,2.7637806
281.3,-2239.143,-6.0705724,2.7637806
281.32,-2171.841,39.756226,3.0835457
281.34,-2215.1064,3.8639073,3.0835457
281.36,-2234.3357,13.477921,2.6038978
281.38,-2272.794,-31.707935,2.923663
281.4,-2205.492,-29.785133,2.4440153
281.41998,-2219.9138,27.418243,3.0835457
281.44,-2224.7212,14.759789,3.4033108
281.46,-2229.5283,-17.447153,3.5631933
281.47998,-2229.5283,-3.1863687,2.923663
281.5,-2224.7212,16.682592,3.5631933
281.52,-2306.4448,17.00306,3.0835457
281.54,-2219.9138,7.3890457,3.0835457
281.56,-2234.3357,15.881425,3.5631933
281.58,-2195.8774,9.952783,2.7637806
281.6,-2229.5283,5.6264763,3.2434282
281.62,-2224.7212,-10.396878,2.6038978
281.63998,-2167.0337,2.7422726,2.7637806
281.66,-2239.143,23.732868,3.2434282
281.68,-2215.1064,-31.227234,2.6038978
281.69998,-2272.794,-0.7828655,2.4440153
281.72,-2200.6848,40.397163,3.0835457
281.74,-2205.492,2.902506,3.0835457
281.75998,-2181.4556,-34.59214,2.923663
281.78,-2224.7212,-55.903194,3.2434282
281.8,-2243.9502,2.5820389,2.7637806
281.82,-2239.143,-37.636574,2.923663
281.84,-2219.9138,-10.717345,3.0835457
281.86,-2219.9138,-12.31968,3.4033108
281.88,-2239.143,-22.254158,3.0835457
281.9,-2234.3357,-5.910339,3.4033108
281.91998,-2205.492,-3.5068357,2.923663
281.94,-2258.372,-3.9875362,3.5631933
281.96,-2200.6848,-3.6670694,3.4033108
281.97998,-2292.023,7.8697467,3.5631933
282.0,-2219.9138,-48.37222,3.4033108
282.02,-2215.1064,-7.0319734,3.2434282
282.04,-2234.3357,33.186653,3.5631933
282.06,-2229.5283,-1.9045002,3.4033108
282.08,-2263.1794,3.3832066,3.5631933
282.1,-2253.5647,-24.497427,2.923663
282.12,-2234.3357,-16.80622,2.7637806
282.13998,-2219.9138,-8.474075,3.0835457
282.16,-2234.3357,3.8639073,3.7230759
282.18,-2224.7212,29.98198,3.4033108
282.19998,-2224.7212,12.8369875,3.4033108
282.22,-2157.4192,17.643993,3.8829584
282.24,-2272.794,-8.954777,3.2434282
282.25998,-2306.4448,32.385483,3.7230759
282.28,-2248.7576,-3.3466022,3.4033108
282.3,-2277.601,-22.254158,3.5631933
282.32,-2219.9138,35.10945,4.2027235
282.34,-2234.3357,-7.192207,3.7230759
282.36,-2234.3357,4.825309,3.2434282
282.38,-2243.9502,-8.954777,3.5631933
282.4,-2186.263,5.466243,3.4033108
282.41998,-2287.2158,20.848665,3.2434282
282.44,-2239.143,16.362125,3.8829584
282.46,-2253.5647,-1.5840333,4.042841
282.47998,-2243.9502,34.148052,4.362606
282.5,-2224.7212,35.269688,4.5224886
282.52,-2263.1794,-4.14777,3.2434282
282.54,-2224.7212,-0.30216488,3.8829584
282.56,-2215.1064,25.014738,3.8829584
282.58,-2215.1064,14.599556,3.4033108
282.6,-2219.9138,43.76207,4.042841
282.62,-2229.5283,-6.8717403,3.4033108
282.63998,-2258.372,9.151615,3.4033108
282.66,-2243.9502,3.2229733,3.7230759
282.68,-2267.9866,-1.7442669,4.042841
282.69998,-2258.372,-9.916177,3.8829584
282.72,-2234.3357,-9.755944,3.7230759
282.74,-2263.1794,-3.5068357,3.8829584
282.75998,-2292.023,22.611235,3.4033108
282.78,-2258.372,10.113016,4.042841
282.8,-2248.7576,20.207731,3.7230759
282.82,-2176.6484,-30.906769,4.042841
282.84,-2267.9866,5.3060093,3.7230759
282.86,-2272.794,-2.5454345,4.2027235
282.88,-2282.4084,18.124695,4.362606
282.9,-2234.3357,-14.883417,3.5631933
282.91998,-2263.1794,-17.126686,4.5224886
282.94,-2243.9502,-64.23533,4.042841
282.96,-2229.5283,6.1071773,4.042841
282.97998,-2292.023,4.504842,4.5224886
283.0,-2311.2522,2.1013381,4.5224886
283.02,-2267.9866,-16.80622,3.8829584
283.04,-2243.9502,33.66735,4.2027235
283.06,-2258.372,9.792548,4.042841
283.08,-2224.7212,31.424084,4.2027235
283.1,-2267.9866,7.0685787,4.5224886
283.12,-2243.9502,19.086096,4.8422537
283.13998,-2263.1794,-39.719612,3.8829584
283.16,-2258.372,-0.9430991,3.8829584
283.18,-2258.372,-24.337194,4.042841
283.19998,-2219.9138,-0.9430991,4.042841
283.22,-2349.7102,14.759789,4.362606
283.24,-2239.143,2.902506,4.2027235
283.25998,-2277.601,-4.468237,4.362606
283.28,-2296.8303,-7.352441,4.2027235
283.3,-2296.8303,-8.954777,4.2027235
283.32,-2272.794,35.590153,4.362606
283.34,-2219.9138,21.329365,4.6823716
283.36,-2277.601,13.317687,4.5224886
283.38,-2258.372,-6.8717403,4.5224886
283.4,-2248.7576,-5.429638,4.5224886
283.41998,-2258.372,-20.171124,4.5224886
283.44,-2248.7576,8.02998,4.6823716
283.46,-2263.1794,-3.1863687,4.8422537
283.47998,-2272.794,40.877865,4.8422537
283.5,-2311.2522,14.1188545,4.8422537
283.52,-2287.2158,-8.794542,4.5224886
283.54,-2239.143,30.142212,4.6823716
283.56,-2205.492,15.080256,4.5224886
283.58,-2248.7576,-15.04365,4.5224886
283.6,-2272.794,-5.7501054,4.6823716
283.62,-2224.7212,-22.254158,4.5224886
283.63998,-2267.9866,-8.794542,4.042841
283.66,-2287.2158,-11.678746,5.002136
283.68,-2263.1794,6.5878778,5.4817843
283.69998,-2272.794,19.887262,4.6823716
283.72,-2243.9502,-10.396878,4.5224886
283.74,-2301.6375,-17.126686,4.6823716
283.75998,-2267.9866,-25.93953,4.6823716
283.78,-2282.4084,-9.59571,5.4817843
283.8,-2263.1794,-23.536026,5.002136
283.82,-2258.372,-23.375792,4.8422537
283.84,-2272.794,-11.999213,5.4817843
283.86,-2267.9866,-54.94179,5.801549
283.88,-2267.9866,7.0685787,5.002136
283.9,-2248.7576,-11.999213,5.002136
283.91998,-2243.9502,-29.304434,4.8422537
283.94,-2272.794,-9.435476,5.4817843
283.96,-2287.2158,-46.60965,5.641667
283.97998,-2267.9866,-14.242482,4.8422537
284.0,-2311.2522,-0.46239844,5.4817843
284.02,-2253.5647,11.555119,5.4817843
284.04,-2277.601,-3.6670694,5.002136
284.06,-2311.2522,5.78671,5.162019
284.08,-2282.4084,-15.524351,5.162019
284.1,-2258.372,24.053337,4.8422537
284.12,-2253.5647,-1.7442669,5.002136
284.13998,-2263.1794,-3.6670694,4.5224886
284.16,-2258.372,-15.844818,4.8422537
284.18,-2301.6375,6.4276443,5.002136
284.19998,-2263.1794,25.976141,5.162019
284.22,-2258.372,6.1071773,5.3219013
284.24,-2272.794,7.228812,5.3219013
284.25998,-2263.1794,23.412403,5.801549
284.28,-2287.2158,3.7036738,5.641667
284.3,-2272.794,-14.723184,5.3219013
284.32,-2282.4084,4.825309,5.162019
284.34,-2330.4814,4.825309,5.3219013
284.36,-2320.8667,8.350447,5.162019
284.38,-2277.601,32.866184,5.641667
284.4,-2292.023,-0.30216488,5.162019
284.41998,-2292.023,0.6592364,5.162019
284.44,-2292.023,38.634594,5.9614315
284.46,-2272.794,7.549279,5.4817843
284.47998,-2243.9502,20.047497,5.9614315
284.5,-2272.794,15.24049,5.641667
284.52,-2267.9866,8.510681,6.121314
284.54,-2272.794,0.17853576,5.9614315
284.56,-2292.023,57.54216,5.9614315
284.58,-2277.601,5.145776,5.4817843
284.6,-2287.2158,12.676753,5.4817843
284.62,-2258.372,9.472081,5.4817843
284.63998,-2292.023,-7.352441,5.801549
284.66,-2320.8667,-16.80622,5.9614315
284.68,-2282.4084,-6.5512733,5.641667
284.69998,-2248.7576,-10.396878,5.9614315
284.72,-2287.2158,-11.198046,5.641667
284.74,-2253.5647,-1.1033326,5.9614315
284.75998,-2248.7576,1.4604042,5.3219013
284.78,-2277.601,-12.159447,5.801549
284.8,-2253.5647,-29.1442,5.4817843
284.82,-2296.8303,4.9855423,5.801549
284.84,-2272.794,-12.640147,5.9614315
284.86,-2296.8303,11.555119,5.4817843
284.88,-2287.2158,4.9855423,5.801549
284.9,-2330.4814,-44.847084,5.801549
284.91998,-2320.8667,0.9797035,6.600962
284.94,-2277.601,-14.883417,6.4410796
284.96,-2301.6375,-64.5558,5.9614315
284.97998,-2282.4084,2.1013381,6.121314
285.0,-2224.7212,-21.132523,6.121314
285.02,-2282.4084,30.142212,6.281197
285.04,-2292.023,7.0685787,6.7608447
285.06,-2296.8303,-4.7887044,6.920727
285.08,-2301.6375,43.601833,6.281197
285.1,-2316.0593,6.4276443,6.600962
285.12,-2277.601,19.406563,6.920727
285.13998,-2277.601,4.825309,6.4410796
285.16,-2272.794,19.566797,6.600962
285.18,-2287.2158,-14.883417,6.600962
285.19998,-2253.5647,-7.993375,6.600962
285.22,-2267.9866,11.234652,7.0806093
285.24,-2229.5283,-5.589872,6.281197
285.25998,-2282.4084,13.317687,6.121314
285.28,-2325.6738,-21.933691,6.4410796
285.3,-2239.143,8.02998,6.920727
285.32,-2272.794,9.472081,7.0806093
285.34,-2301.6375,-18.729021,6.600962
285.36,-2272.794,19.246328,6.920727
285.38,-2282.4084,1.3001705,6.920727
285.4,-2263.1794,-19.049488,6.600962
285.41998,-2287.2158,17.643993,7.0806093
285.44,-2282.4084,2.5820389,7.2404923
285.46,-2292.023,-18.408554,6.920727
285.47998,-2301.6375,-26.90093,6.7608447
285.5,-2258.372,-14.562949,7.0806093
285.52,-2282.4084,-3.827303,7.2404923
285.54,-2282.4084,0.9797035,7.2404923
285.56,-2229.5283,0.49900287,7.0806093
285.58,-2368.9395,13.958622,7.400375
285.6,-2320.8667,-0.30216488,7.2404923
285.62,-2287.2158,2.4218054,7.5602574
285.63998,-2210.2993,20.68843,7.400375
285.66,-2301.6375,-8.313842,7.5602574
285.68,-2272.794,0.17853576,7.5602574
285.69998,-2301.6375,8.991381,7.2404923
285.72,-2287.2158,19.566797,7.0806093
285.74,-2224.7212,9.792548,7.5602574
285.75998,-2292.023,-0.14193134,7.2404923
285.78,-2287.2158,0.49900287,7.5602574
285.8,-2292.023,-29.785133,7.5602574
285.82,-2320.8667,-14.562949,7.5602574
285.84,-2219.9138,-42.44358,7.5602574
285.86,-2292.023,-26.580463,7.400375
285.88,-2239.143,-18.088087,7.72014
285.9,-2320.8667,-51.25642,7.72014
285.91998,-2296.8303,-12.31968,7.400375
285.94,-2316.0593,-31.547703,7.8800225
285.96,-2320.8667,-41.00148,7.5602574
285.97998,-2344.903,4.9855423,7.72014
286.0,-2282.4084,-17.286919,7.8800225
286.02,-2272.794,-23.536026,8.359671
286.04,-2263.1794,-16.165285,8.199788
286.06,-2292.023,-19.209723,8.359671
286.08,-2316.0593,30.94338,8.359671
286.1,-2306.4448,-9.275244,8.199788
286.12,-2282.4084,20.207731,7.72014
286.13998,-2277.601,-8.313842,7.5602574
286.16,-2224.7212,32.545715,8.359671
286.18,-2272.794,-22.093925,7.5602574
286.19998,-2296.8303,-1.7442669,8.519552
286.22,-2277.601,6.7481112,8.199788
286.24,-2301.6375,-15.524351,7.8800225
286.25998,-2316.0593,-9.435476,8.519552
286.28,-2296.8303,-31.387466,8.199788
286.3,-2306.4448,-27.702099,7.8800225
286.32,-2316.0593,-2.0647337,8.199788
286.34,-2248.7576,-2.2249672,8.359671
286.36,-2205.492,17.00306,8.519552
286.38,-2301.6375,41.198334,8.679436
286.4,-2267.9866,2.7422726,8.519552
286.41998,-2272.794,-30.5863,8.359671
286.44,-2301.6375,-12.159447,8.519552
286.46,-2301.6375,0.33876932,8.199788
286.47998,-2325.6738,-21.132523,7.8800225
286.5,-2292.023,4.504842,8.039905
286.52,-2272.794,-0.14193134,7.8800225
286.54,-2292.023,-14.402717,8.199788
286.56,-2325.6738,-9.435476,8.199788
286.58,-2258.372,-18.568789,8.199788
286.6,-2272.794,-3.6670694,7.8800225
286.62,-2292.023,-37.155872,7.72014
286.63998,-2306.4448,-5.1091714,7.8800225
286.66,-2296.8303,-21.132523,7.8800225
286.68,-2316.0593,3.3832066,8.359671
286.69998,-2301.6375,-7.993375,7.72014
286.72,-2301.6375,15.080256,8.519552
286.74,-2272.794,13.157454,8.039905
286.75998,-2330.4814,-9.435476,7.72014
286.78,-2335.2886,-2.7056682,8.679436
286.8,-2263.1794,-4.7887044,8.519552
286.82,-2325.6738,15.881425,8.359671
286.84,-2306.4448,-20.651823,8.039905
286.86,-2296.8303,-24.497427,8.039905
286.88,-2311.2522,-4.14777,8.679436
286.9,-2340.0957,19.406563,8.519552
286.91998,-2292.023,-29.945368,7.8800225
286.94,-2316.0593,8.190214,8.359671
286.96,-2215.1064,-20.01089,8.839317
286.97998,-2272.794,7.709513,8.839317
287.0,-2301.6375,17.323528,8.519552
287.02,-2272.794,41.9995,8.199788
287.04,-2340.0957,29.821747,8.999201
287.06,-2306.4448,-6.0705724,8.839317
287.08,-2239.143,-20.651823,8.359671
287.1,-2301.6375,16.52236,8.519552
287.12,-2292.023,-4.14777,8.359671
287.13998,-2316.0593,2.261572,8.519552
287.16,-2306.4448,-1.1033326,8.519552
287.18,-2316.0593,-8.153608,8.839317
287.19998,-2306.4448,-31.067003,8.999201
287.22,-2267.9866,-2.385201,8.519552
287.24,-2354.5178,-30.265835,8.999201
287.25998,-2311.2522,-15.203884,8.679436
287.28,-2316.0593,5.3060093,8.999201
287.3,-2402.5906,-3.1863687,9.318966
287.32,-2320.8667,-0.30216488,8.999201
287.34,-2330.4814,-10.076411,8.839317
287.36,-2301.6375,-3.827303,8.999201
287.38,-2287.2158,12.51652,8.839317
287.4,-2330.4814,40.557396,9.318966
287.41998,-2301.6375,-2.7056682,8.679436
287.44,-2311.2522,-3.1863687,8.999201
287.46,-2316.0593,3.3832066,8.679436
287.47998,-2316.0593,-23.21556,8.519552
287.5,-2330.4814,24.373804,8.679436
287.52,-2373.7468,26.136374,9.478848
287.54,-2320.8667,3.7036738,9.478848
287.56,-2306.4448,-5.910339,9.159083
287.58,-2354.5178,17.483759,9.63873
287.6,-2292.023,-8.794542,8.199788
287.62,-2330.4814,-1.9045002,8.519552
287.63998,-2335.2886,-27.2214,9.318966
287.66,-2316.0593,11.875586,9.478848
287.68,-2292.023,-38.91844,8.999201
287.69998,-2320.8667,-2.7056682,8.839317
287.72,-2311.2522,-4.7887044,8.999201
287.74,-2364.132,1.6206378,9.63873
287.75998,-2311.2522,2.902506,9.318966
287.78,-2368.9395,-4.3080034,9.318966
287.8,-2325.6738,-9.59571,9.318966
287.82,-2296.8303,-2.7056682,9.798614
287.84,-2335.2886,10.914185,9.63873
287.86,-2335.2886,8.190214,9.958496
287.88,-2330.4814,-6.230806,9.478848
287.9,-2296.8303,11.715352,9.478848
287.91998,-2287.2158,-8.634309,9.478848
287.94,-2344.903,-8.794542,9.798614
287.96,-2340.0957,-5.1091714,9.958496
287.97998,-2373.7468,-3.1863687,9.159083
288.0,-2368.9395,-17.927853,9.798614
288.02,-2354.5178,-29.624899,9.63873
288.04,-2330.4814,-11.678746,9.798614
288.06,-2311.2522,-23.375792,10.118379
288.08,-2301.6375,-1.1033326,10.118379
288.1,-2320.8667,-40.68101,10.438144
288.12,-2311.2522,-33.310272,10.278261
288.13998,-2344.903,-15.684585,10.278261
288.16,-2330.4814,21.169132,10.438144
288.18,-2301.6375,12.196053,10.118379
288.19998,-2311.2522,-44.847084,11.077674
288.22,-2277.601,0.6592364,10.438144
288.24,-2306.4448,-8.954777,10.438144
288.25998,-2311.2522,54.497723,10.278261
288.28,-2368.9395,-12.479914,10.278261
288.3,-2282.4084,-11.999213,9.63873
288.32,-2364.132,-3.9875362,10.278261
288.34,-2316.0593,-5.910339,9.958496
288.36,-2349.7102,-26.099764,10.118379
288.38,-2330.4814,0.81947,9.958496
288.4,-2340.0957,-19.049488,9.798614
288.41998,-2306.4448,-22.73486,9.318966
288.44,-2301.6375,3.7036738,9.958496
288.46,-2316.0593,6.2674108,9.63873
288.47998,-2344.903,-8.313842,10.118379
288.5,-2277.601,19.727032,10.438144
288.52,-2359.325,3.0627398,10.598026
288.54,-2344.903,-3.9875362,9.958496
288.56,-2320.8667,-6.8717403,10.278261
288.58,-2325.6738,-0.30216488,10.278261
288.6,-2335.2886,23.412403,10.438144
288.62,-2296.8303,1.139937,10.598026
288.63998,-2311.2522,17.643993,10.598026
288.66,-2335.2886,11.875586,10.278261
288.68,-2335.2886,10.113016,10.598026
288.69998,-2330.4814,41.9995,10.438144
288.72,-2311.2522,-18.408554,10.757909
288.74,-2354.5178,2.902506,10.917791
288.75998,-2335.2886,-11.678746,9.958496
288.78,-2306.4448,6.2674108,11.077674
288.8,-2320.8667,32.545715,10.278261
288.82,-2354.5178,6.7481112,10.118379
288.84,-2340.0957,6.908345,10.598026
288.86,-2287.2158,-32.34887,10.118379
288.88,-2340.0957,10.113016,10.598026
288.9,-2335.2886,15.400723,10.757909
288.91998,-2359.325,-6.8717403,9.958496
288.94,-2368.9395,10.433483,10.438144
288.96,-2354.5178,-10.076411,11.077674
288.97998,-2316.0593,-13.761782,10.438144
289.0,-2335.2886,22.931702,10.917791
289.02,-2349.7102,6.1071773,10.757909
289.04,-2287.2158,21.649834,10.757909
289.06,-2292.023,-1.4237996,10.917791
289.08,-2292.023,-2.5454345,10.278261
289.1,-2354.5178,-12.31968,10.757909
289.12,-2325.6738,-16.80622,11.237556
289.13998,-2354.5178,-78.01541,10.598026
289.16,-2335.2886,-14.562949,10.917791
289.18,-2320.8667,-49.81432,11.077674
289.19998,-2364.132,-11.83898,10.278261
289.22,-2335.2886,-9.755944,10.757909
289.24,-2316.0593,-25.298595,11.237556
289.25998,-2340.0957,-4.3080034,10.757909
289.28,-2330.4814,-11.678746,10.757909
289.3,-2349.7102,-1.9045002,10.757909
289.32,-2330.4814,7.549279,10.757909
289.34,-2402.5906,5.6264763,11.237556
289.36,-2335.2886,-37.957043,11.077674
289.38,-2335.2886,-4.468237,10.917791
289.4,-2392.9758,40.397163,11.557322
289.41998,-2354.5178,-32.669334,11.077674
289.44,-2349.7102,26.296606,11.077674
289.46,-2330.4814,20.68843,10.917791
289.47998,-2330.4814,-2.8659017,11.077674
289.5,-2383.3613,6.7481112,11.077674
289.52,-2330.4814,-13.281082,11.237556
289.54,-2335.2886,21.329365,11.397439
289.56,-2253.5647,15.080256,11.237556
289.58,-2368.9395,-4.468237,11.557322
289.6,-2325.6738,-12.31968,10.917791
289.62,-2320.8667,12.51652,11.397439
289.63998,-2368.9395,9.472081,11.877087
289.66,-2335.2886,10.593717,11.557322
289.68,-2364.132,9.792548,11.077674
289.69998,-2340.0957,-9.115009,11.077674
289.72,-2306.4448,8.670914,11.237556
289.74,-2364.132,4.825309,11.877087
289.75998,-2359.325,-16.966454,11.557322
289.78,-2359.325,-8.794542,11.557322
289.8,-2368.9395,-14.562949,11.717204
289.82,-2325.6738,-6.230806,11.237556
289.84,-2383.3613,-16.80622,11.877087
289.86,-2335.2886,-0.46239844,11.557322
289.88,-2373.7468,-28.022566,11.077674
289.9,-2354.5178,-7.192207,11.397439
289.91998,-2359.325,14.599556,11.397439
289.94,-2388.1685,-6.230806,11.237556
289.96,-2402.5906,21.9703,11.877087
289.97998,-2354.5178,-53.179222,11.717204
290.0,-2349.7102,-19.850657,11.397439
290.02,-2368.9395,-16.165285,12.036969
290.04,-2349.7102,13.317687,11.557322
290.06,-2359.325,-7.672908,11.077674
290.08,-2335.2886,-31.868172,11.717204
290.1,-2349.7102,-16.005053,11.877087
290.12,-2311.2522,-2.8659017,11.877087
290.13998,-2368.9395,-4.3080034,11.237556
290.16,-2364.132,-7.0319734,11.717204
290.18,-2354.5178,-12.31968,12.356735
290.19998,-2378.5542,12.356286,12.036969
290.22,-2340.0957,20.207731,12.196852
290.24,-2325.6738,23.572638,12.356735
290.25998,-2325.6738,-2.385201,11.717204
290.28,-2349.7102,2.5820389,12.036969
290.3,-2287.2158,-5.7501054,11.877087
290.32,-2330.4814,0.6592364,12.036969
290.34,-2330.4814,-11.358279,12.036969
290.36,-2292.023,12.035819,12.036969
290.38,-2335.2886,5.466243,11.877087
290.4,-2373.7468,18.925863,12.196852
290.41998,-2320.8667,7.0685787,11.877087
290.44,-2359.325,1.139937,12.356735
290.46,-2340.0957,18.445162,12.196852
290.47998,-2378.5542,-22.093925,12.356735
290.5,-2330.4814,24.534037,12.356735
290.52,-2373.7468,7.228812,12.196852
290.54,-2277.601,30.46268,12.196852
290.56,-2330.4814,-11.999213,12.196852
290.58,-2368.9395,16.682592,12.356735
290.6,-2364.132,21.329365,12.516617
290.62,-2359.325,24.053337,12.356735
290.63998,-2368.9395,-4.948938,11.557322
290.66,-2388.1685,-10.557112,12.196852
290.68,-2388.1685,32.866184,12.676499
290.69998,-2368.9395,10.113016,12.676499
290.72,-2373.7468,13.317687,12.356735
290.74,-2349.7102,-9.59571,12.516617
290.75998,-2407.3977,-8.474075,12.836382
290.78,-2340.0957,9.792548,12.516617
290.8,-2344.903,30.302446,12.196852
290.82,-2388.1685,-66.799065,12.036969
290.84,-2359.325,18.124695,12.516617
290.86,-2364.132,-7.192207,12.356735
290.88,-2373.7468,3.8639073,12.196852
290.9,-2364.132,44.72347,13.156148
290.91998,-2388.1685,-0.9430991,12.516617
290.94,-2354.5178,15.080256,12.036969
290.96,-2368.9395,-6.230806,12.356735
290.97998,-2354.5178,0.49900287,12.676499
291.0,-2330.4814,10.593717,13.156148
291.02,-2388.1685,-5.7501054,12.676499
291.04,-2364.132,-5.7501054,12.676499
291.06,-2330.4814,11.555119,12.356735
291.08,-2368.9395,12.035819,12.516617
291.1,-2354.5178,-16.325518,12.676499
291.12,-2402.5906,25.014738,12.996264
291.13998,-2417.0122,-7.993375,12.196852
291.16,-2368.9395,9.311849,12.996264
291.18,-2412.2048,-25.298595,12.996264
291.19998,-2359.325,21.0089,13.31603
291.22,-2340.0957,-13.601548,12.676499
291.24,-2325.6738,-27.541864,12.676499
291.25998,-2378.5542,-1.5840333,12.676499
291.28,-2344.903,-4.14777,12.196852
291.3,-2359.325,-5.7501054,12.676499
291.32,-2344.903,-28.983965,12.676499
291.34,-2378.5542,-0.7828655,13.31603
291.36,-2412.2048,-7.672908,13.31603
291.38,-2383.3613,20.68843,13.156148
291.4,-2368.9395,10.433483,13.475913
291.41998,-2344.903,-7.833141,12.676499
291.44,-2368.9395,-15.844818,13.31603
291.46,-2373.7468,7.0685787,13.31603
291.47998,-2316.0593,4.6650753,13.156148
291.5,-2354.5178,-32.5091,12.676499
291.52,-2301.6375,1.6206378,12.836382
291.54,-2292.023,-4.6284704,13.635796
291.56,-2364.132,-23.21556,13.156148
291.58,-2417.0122,13.157454,14.435208
291.6,-2397.7832,-11.198046,12.996264
291.62,-2368.9395,-2.5454345,13.635796
291.63998,-2373.7468,21.9703,13.635796
291.66,-2373.7468,-11.999213,13.635796
291.68,-2359.325,25.976141,13.475913
291.69998,-2412.2048,-4.6284704,13.31603
291.72,-2301.6375,8.510681,13.156148
291.74,-2368.9395,12.356286,12.996264
291.75998,-2340.0957,-16.485752,13.955561
291.78,-2388.1685,-14.883417,13.955561
291.8,-2412.2048,-15.364117,13.955561
291.82,-2335.2886,-0.9430991,14.115442
291.84,-2364.132,-10.877579,13.635796
291.86,-2417.0122,-4.14777,13.156148
291.88,-2354.5178,-5.2694044,13.635796
291.9,-2378.5542,-5.429638,13.156148
291.91998,-2378.5542,-5.7501054,13.31603
291.94,-2325.6738,-16.325518,13.31603
291.96,-2364.132,-5.429638,13.635796
291.97998,-2383.3613,-45.007313,13.795677
292.0,-2397.7832,2.902506,13.475913
292.02,-2368.9395,-23.21556,13.955561
292.04,-2378.5542,-13.922015,13.795677
292.06,-2373.7468,-39.559376,13.955561
292.08,-2388.1685,19.887262,14.115442
292.1,-2383.3613,-18.248322,13.955561
292.12,-2426.627,-29.1442,13.955561
292.13998,-2344.903,6.908345,13.955561
292.16,-2359.325,-6.5512733,13.635796
292.18,-2469.8923,-11.358279,13.955561
292.19998,-2373.7468,-8.153608,14.115442
292.22,-2378.5542,6.7481112,13.635796
292.24,-2383.3613,-13.601548,13.955561
292.25998,-2364.132,-21.292757,13.795677
292.28,-2392.9758,-7.352441,13.795677
292.3,-2311.2522,3.3832066,14.115442
292.32,-2373.7468,5.3060093,13.955561
292.34,-2349.7102,-12.31968,13.635796
292.36,-2397.7832,2.5820389,14.115442
292.38,-2368.9395,-22.73486,13.795677
292.4,-2392.9758,-15.684585,13.635796
292.41998,-2378.5542,-38.117275,13.635796
292.44,-2397.7832,-22.254158,14.275326
292.46,-2373.7468,-3.3466022,14.435208
292.47998,-2359.325,4.024141,14.754973
292.5,-2412.2048,-16.80622,14.275326
292.52,-2388.1685,-42.12311,14.115442
292.54,-2368.9395,-27.061165,14.275326
292.56,-2359.325,5.3060093,14.754973
292.58,-2412.2048,-2.8659017,14.435208
292.6,-2378.5542,-28.983965,14.435208
292.62,-2378.5542,-9.275244,14.435208
292.63998,-2378.5542,5.6264763,14.754973
292.66,-2364.132,-11.198046,14.595091
292.68,-2407.3977,-27.862331,15.234621
292.69998,-2368.9395,-4.3080034,15.0747385
292.72,-2368.9395,-10.557112,14.595091
292.74,-2344.903,-4.6284704,14.914855
292.75998,-2373.7468,-0.9430991,15.234621
292.78,-2392.9758,-14.08225,15.0747385
292.8,-2359.325,-4.948938,14.914855
292.82,-2407.3977,-25.93953,14.914855
292.84,-2368.9395,15.560958,14.914855
292.86,-2373.7468,18.605394,14.754973
292.88,-2354.5178,-40.841244,15.0747385
292.9,-2388.1685,5.78671,14.914855
292.91998,-2378.5542,-25.45883,15.0747385
292.94,-2392.9758,1.4604042,15.234621
292.96,-2368.9395,0.49900287,15.234621
292.97998,-2412.2048,-28.6635,15.0747385
293.0,-2378.5542,-1.1033326,15.0747385
293.02,-2378.5542,-10.236644,15.394504
293.04,-2349.7102,24.534037,15.234621
293.06,-2335.2886,35.10945,15.234621
293.08,-2344.903,21.0089,15.874151
293.1,-2373.7468,-13.601548,15.394504
293.12,-2431.434,-0.9430991,15.554386
293.13998,-2388.1685,-11.83898,15.234621
293.16,-2364.132,0.018302217,14.914855
293.18,-2359.325,11.074417,15.394504
293.19998,-2378.5542,-19.209723,15.394504
293.22,-2359.325,2.261572,15.394504
293.24,-2421.8196,4.024141,15.234621
293.25998,-2397.7832,26.93754,15.234621
293.28,-2469.8923,17.804228,15.554386
293.3,-2364.132,2.4218054,15.554386
293.32,-2417.0122,-14.562949,15.234621
293.34,-2450.6633,-1.9045002,15.234621
293.36,-2412.2048,-16.005053,15.394504
293.38,-2412.2048,-16.80622,15.0747385
293.4,-2378.5542,0.81947,15.394504
293.41998,-2397.7832,9.952783,15.234621
293.44,-2402.5906,1.3001705,15.234621
293.46,-2397.7832,11.234652,15.874151
293.47998,-2368.9395,-19.690422,15.234621
293.5,-2412.2048,-15.203884,15.0747385
293.52,-2407.3977,19.086096,15.394504
293.54,-2364.132,-5.910339,15.554386
293.56,-2431.434,-9.115009,16.193916
293.58,-2397.7832,-37.155872,15.554386
293.6,-2431.434,-14.723184,15.554386
293.62,-2417.0122,-0.9430991,15.554386
293.63998,-2373.7468,6.2674108,15.234621
293.66,-2397.7832,28.700111,15.554386
293.68,-2340.0957,-10.877579,15.234621
293.69998,-2378.5542,-12.479914,15.874151
293.72,-2392.9758,8.02998,15.554386
293.74,-2412.2048,-4.6284704,16.034033
293.75998,-2368.9395,-28.182798,15.394504
293.78,-2426.627,-17.126686,16.193916
293.8,-2436.2412,-19.850657,15.874151
293.82,-2402.5906,-24.497427,16.034033
293.84,-2407.3977,12.196053,16.034033
293.86,-2392.9758,-29.1442,16.034033
293.88,-2388.1685,-43.40498,15.554386
293.9,-2368.9395,59.78543,15.874151
293.91998,-2383.3613,-21.132523,15.394504
293.94,-2388.1685,11.074417,16.034033
293.96,-2421.8196,1.7808713,16.034033
293.97998,-2417.0122,-56.864594,15.874151
294.0,-2397.7832,-28.022566,16.193916
294.02,-2335.2886,-10.877579,16.034033
294.04,-2359.325,19.727032,15.394504
294.06,-2383.3613,-10.076411,16.193916
294.08,-2344.903,-40.52078,16.3538
294.1,-2392.9758,-0.7828655,15.874151
294.12,-2407.3977,-28.983965,16.3538
294.13998,-2397.7832,-5.2694044,15.874151
294.16,-2421.8196,7.8697467,16.673565
294.18,-2402.5906,9.311849,16.3538
294.19998,-2392.9758,-39.23891,15.874151
294.22,-2417.0122,-5.429638,16.193916
294.24,-2397.7832,-35.71377,16.034033
294.25998,-2412.2048,37.67319,16.673565
294.28,-2445.856,-19.690422,16.513681
294.3,-2412.2048,-4.468237,15.874151
294.32,-2397.7832,1.3001705,16.193916
294.34,-2373.7468,-9.916177,15.874151
294.36,-2359.325,-8.954777,16.513681
294.38,-2402.5906,-29.304434,15.874151
294.4,-2392.9758,-19.690422,16.673565
294.41998,-2388.1685,-15.524351,15.554386
294.44,-2335.2886,31.103615,16.3538
294.46,-2441.0486,-15.684585,16.3538
294.47998,-2388.1685,-24.016727,16.513681
294.5,-2392.9758,-0.46239844,16.513681
294.52,-2364.132,-6.0705724,15.554386
294.54,-2421.8196,-18.408554,16.3538
294.56,-2383.3613,-2.5454345,16.673565
294.58,-2383.3613,-21.613226,16.673565
294.6,-2431.434,-21.613226,16.034033
294.62,-2407.3977,-21.933691,16.513681
294.63998,-2373.7468,9.472081,16.993328
294.66,-2484.3142,9.311849,16.3538
294.68,-2412.2048,47.28721,16.513681
294.69998,-2397.7832,-13.281082,16.3538
294.72,-2460.2778,-7.993375,15.874151
294.74,-2450.6633,-13.441315,16.673565
294.75998,-2417.0122,-14.562949,16.3538
294.78,-2397.7832,8.670914,16.673565
294.8,-2436.2412,-1.7442669,16.513681
294.82,-2402.5906,-29.945368,16.3538
294.84,-2407.3977,-28.983965,16.833447
294.86,-2460.2778,-25.298595,16.3538
294.88,-2392.9758,28.860344,16.513681
294.9,-2392.9758,-0.7828655,16.673565
294.91998,-2426.627,-30.906769,17.153214
294.94,-2402.5906,26.617075,17.153214
294.96,-2402.5906,-14.402717,17.153214
294.97998,-2431.434,-5.429638,16.193916
295.0,-2368.9395,-0.46239844,16.833447
295.02,-2417.0122,-6.230806,17.313095
295.04,-2383.3613,-32.669334,16.833447
295.06,-2450.6633,2.261572,17.153214
295.08,-2402.5906,3.3832066,16.993328
295.1,-2388.1685,-3.9875362,16.034033
295.12,-2431.434,-0.62263197,17.632858
295.13998,-2426.627,-6.711507,16.833447
295.16,-2407.3977,25.655672,17.313095
295.18,-2465.0852,-29.464666,16.993328
295.19998,-2392.9758,-43.40498,16.513681
295.22,-2426.627,1.4604042,16.993328
295.24,-2402.5906,13.638155,17.313095
295.25998,-2441.0486,-30.5863,17.153214
295.28,-2436.2412,7.549279,17.153214
295.3,-2460.2778,23.252169,17.313095
295.32,-2465.0852,-6.5512733,16.833447
295.34,-2412.2048,17.483759,17.313095
295.36,-2426.627,-16.165285,17.632858
295.38,-2450.6633,0.6592364,17.153214
295.4,-2441.0486,13.958622,17.632858
295.41998,-2445.856,12.51652,17.153214
295.44,-2450.6633,7.709513,17.153214
295.46,-2412.2048,24.534037,17.632858
295.47998,-2441.0486,-17.76762,17.313095
295.5,-2392.9758,6.7481112,17.632858
295.52,-2450.6633,-25.298595,16.833447
295.54,-2469.8923,-12.31968,17.153214
295.56,-2392.9758,30.622915,16.833447
295.58,-2465.0852,-1.5840333,17.313095
295.6,-2388.1685,5.6264763,17.153214
295.62,-2460.2778,-9.275244,17.313095
295.63998,-2469.8923,0.9797035,17.153214
295.66,-2412.2048,0.33876932,16.833447
295.68,-2465.0852,-25.779295,18.112507
295.69998,-2445.856,-5.1091714,17.632858
295.72,-2426.627,-15.844818,17.313095
295.74,-2378.5542,-3.5068357,17.472977
295.75998,-2412.2048,-21.292757,16.993328
295.78,-2421.8196,6.5878778,17.313095
295.8,-2417.0122,-12.960614,16.993328
295.82,-2460.2778,-8.153608,16.833447
295.84,-2450.6633,3.0627398,17.472977
295.86,-2450.6633,-14.242482,16.993328
295.88,-2460.2778,3.2229733,17.153214
295.9,-2426.627,-2.5454345,17.153214
295.91998,-2431.434,1.3001705,17.472977
295.94,-2431.434,-22.254158,16.833447
295.96,-2417.0122,-32.34887,17.153214
295.97998,-2407.3977,0.33876932,17.472977
296.0,-2479.5068,11.234652,17.153214
296.02,-2441.0486,-29.945368,17.632858
296.04,-2412.2048,8.670914,17.153214
296.06,-2378.5542,15.881425,17.952625
296.08,-2431.434,-11.999213,17.472977
296.1,-2431.434,-9.275244,17.792742
296.12,-2503.5432,36.391323,17.632858
296.13998,-2460.2778,-25.298595,17.313095
296.16,-2441.0486,25.655672,18.112507
296.18,-2465.0852,-6.711507,17.792742
296.19998,-2445.856,-0.46239844,17.472977
296.22,-2450.6633,-11.999213,17.153214
296.24,-2465.0852,-7.672908,17.632858
296.25998,-2469.8923,35.91062,17.472977
296.28,-2445.856,27.418243,17.792742
296.3,-2436.2412,26.296606,17.792742
296.32,-2493.9287,0.49900287,17.792742
296.34,-2431.434,-6.711507,17.792742
296.36,-2441.0486,-19.690422,17.472977
296.38,-2388.1685,14.279089,17.472977
296.4,-2489.1216,4.825309,17.952625
296.41998,-2450.6633,3.3832066,17.792742
296.44,-2455.4705,-18.568789,17.792742
296.46,-2417.0122,-24.657661,17.313095
296.47998,-2460.2778,-21.933691,17.472977
296.5,-2378.5542,7.549279,17.792742
296.52,-2392.9758,0.018302217,17.792742
296.54,-2460.2778,16.362125,18.27239
296.56,-2489.1216,14.439322,18.592155
296.58,-2402.5906,-4.7887044,17.952625
296.6,-2426.627,26.45684,17.952625
296.62,-2450.6633,16.52236,18.432272
296.63998,-2484.3142,-20.331356,18.432272
296.66,-2445.856,-14.883417,17.952625
296.68,-2450.6633,-1.4237996,18.432272
296.69998,-2417.0122,13.638155,18.112507
296.72,-2421.8196,12.8369875,18.91192
296.74,-2431.434,-6.230806,18.592155
296.75998,-2450.6633,-19.850657,18.112507
296.78,-2407.3977,-42.924282,17.792742
296.8,-2445.856,-3.3466022,17.952625
296.82,-2469.8923,4.184375,18.27239
296.84,-2397.7832,-7.192207,18.27239
296.86,-2431.434,-6.5512733,18.112507
296.88,-2441.0486,6.1071773,18.112507
296.9,-2474.6997,5.3060093,18.432272
296.91998,-2412.2048,11.394884,18.112507
296.94,-2465.0852,36.391323,18.432272
296.96,-2412.2048,-1.4237996,18.592155
296.97998,-2465.0852,-20.651823,18.91192
297.0,-2426.627,10.113016,18.592155
297.02,-2417.0122,-11.83898,18.27239
297.04,-2344.903,1.9411048,18.27239
297.06,-2436.2412,-11.358279,18.752039
297.08,-2436.2412,-18.568789,18.752039
297.1,-2436.2412,-39.559376,18.592155
297.12,-2421.8196,4.6650753,18.91192
297.13998,-2465.0852,-11.83898,18.91192
297.16,-2450.6633,-33.150036,19.071802
297.18,-2469.8923,-18.248322,18.91192
297.19998,-2436.2412,-61.35113,18.432272
297.22,-2445.856,-17.927853,19.071802
297.24,-2450.6633,-5.2694044,18.91192
297.25998,-2445.856,-14.242482,18.91192
297.28,-2368.9395,-19.530188,18.91192
297.3,-2436.2412,-15.524351,19.39157
297.32,-2508.3506,29.020578,18.91192
297.34,-2445.856,-3.827303,18.91192
297.36,-2421.8196,17.96446,19.39157
297.38,-2441.0486,-11.83898,19.231686
297.4,-2431.434,-17.126686,19.871216
297.41998,-2484.3142,-36.03424,19.39157
297.44,-2479.5068,-10.877579,19.39157
297.46,-2441.0486,32.065014,18.91192
297.47998,-2460.2778,-0.62263197,19.39157
297.5,-2445.856,-3.5068357,19.55145
297.52,-2469.8923,-16.165285,19.231686
297.54,-2469.8923,18.445162,19.39157
297.56,-2445.856,-0.7828655,19.071802
297.58,-2421.8196,0.81947,19.071802
297.6,-2469.8923,12.196053,19.871216
297.62,-2484.3142,-57.986225,19.55145
297.63998,-2474.6997,-7.672908,19.231686
297.66,-2469.8923,24.534037,19.071802
297.68,-2441.0486,-12.31968,19.39157
297.69998,-2450.6633,30.142212,19.871216
297.72,-2407.3977,9.311849,19.231686
297.74,-2445.856,-2.7056682,19.55145
297.75998,-2445.856,-8.634309,18.91192
297.78,-2465.0852,8.190214,19.711332
297.8,-2455.4705,1.4604042,19.231686
297.82,-2489.1216,4.9855423,19.55145
297.84,-2421.8196,-10.877579,19.071802
297.86,-2460.2778,-16.005053,19.071802
297.88,-2484.3142,-12.960614,19.071802
297.9,-2426.627,-24.337194,18.91192
297.91998,-2450.6633,-2.5454345,19.071802
297.94,-2484.3142,-8.313842,19.231686
297.96,-2441.0486,-21.933691,18.752039
297.97998,-2455.4705,13.958622,19.55145
298.0,-2417.0122,-4.6284704,19.231686
298.02,-2469.8923,48.088375,19.871216
298.04,-2469.8923,-7.5126743,19.871216
298.06,-2460.2778,-11.198046,19.711332
298.08,-2431.434,-6.5512733,19.231686
298.1,-2445.856,-23.375792,19.711332
298.12,-2455.4705,-17.286919,19.39157
298.13998,-2503.5432,-21.933691,19.071802
298.16,-2474.6997,-20.171124,18.752039
298.18,-2489.1216,-32.5091,19.231686
298.19998,-2503.5432,23.252169,19.871216
298.22,-2469.8923,12.196053,19.711332
298.24,-2469.8923,-14.883417,19.39157
298.25998,-2460.2778,0.018302217,19.231686
298.28,-2455.4705,39.595997,19.711332
298.3,-2484.3142,-8.153608,19.231686
298.32,-2474.6997,-6.8717403,19.55145
298.34,-2460.2778,-1.2635663,19.871216
298.36,-2407.3977,11.394884,19.39157
298.38,-2450.6633,22.77147,19.55145
298.4,-2474.6997,-5.589872,19.55145
298.41998,-2450.6633,-10.076411,19.55145
298.44,-2484.3142,21.4896,20.031097
298.46,-2489.1216,17.323528,20.510746
298.47998,-2450.6633,11.715352,20.031097
298.5,-2460.2778,-15.844818,19.711332
298.52,-2417.0122,-8.474075,19.871216
298.54,-2436.2412,-4.14777,20.350864
298.56,-2450.6633,26.617075,19.871216
298.58,-2450.6633,2.5820389,19.39157
298.6,-2436.2412,-5.429638,19.55145
298.62,-2431.434,-10.236644,20.670628
298.63998,-2441.0486,-5.429638,19.871216
298.66,-2508.3506,16.842825,19.871216
298.68,-2484.3142,-7.352441,20.19098
298.69998,-2455.4705,27.258009,20.031097
298.72,-2493.9287,-18.729021,19.55145
298.74,-2417.0122,-6.5512733,20.19098
298.75998,-2522.7725,3.0627398,20.670628
298.78,-2479.5068,-22.093925,20.031097
298.8,-2469.8923,5.466243,19.711332
298.82,-2465.0852,-1.5840333,20.670628
298.84,-2469.8923,0.018302217,20.350864
298.86,-2489.1216,-3.1863687,20.510746
298.88,-2450.6633,1.3001705,20.031097
298.9,-2455.4705,2.902506,20.19098
298.91998,-2493.9287,-13.441315,20.990395
298.94,-2469.8923,-6.5512733,20.031097
298.96,-2455.4705,-9.59571,20.350864
298.97998,-2465.0852,22.130533,20.510746
299.0,-2431.434,-3.026135,20.031097
299.02,-2493.9287,49.370243,20.350864
299.04,-2455.4705,1.9411048,20.990395
299.06,-2493.9287,-11.999213,20.670628
299.08,-2465.0852,-14.242482,20.670628
299.1,-2479.5068,-31.387466,20.19098
299.12,-2474.6997,-16.80622,20.350864
299.13998,-2479.5068,8.670914,20.350864
299.16,-2465.0852,1.7808713,20.510746
299.18,-2465.0852,-26.90093,20.510746
299.19998,-2460.2778,2.7422726,20.670628
299.22,-2460.2778,-7.672908,20.350864
299.24,-2508.3506,-3.5068357,20.031097
299.25998,-2474.6997,-8.474075,20.19098
299.28,-2479.5068,-3.026135,20.19098
299.3,-2445.856,-7.993375,20.990395
299.32,-2469.8923,-16.966454,20.670628
299.34,-2513.158,-15.524351,20.990395
299.36,-2479.5068,56.100056,21.150276
299.38,-2503.5432,-24.657661,20.990395
299.4,-2474.6997,-69.042336,20.031097
299.41998,-2474.6997,1.139937,20.350864
299.44,-2493.9287,-30.5863,20.19098
299.46,-2503.5432,-31.868172,20.510746
299.47998,-2498.736,-24.016727,21.150276
299.5,-2455.4705,-18.088087,20.830513
299.52,-2489.1216,-2.7056682,21.31016
299.54,-2469.8923,-17.447153,20.990395
299.56,-2489.1216,-15.684585,20.990395
299.58,-2469.8923,9.151615,20.990395
299.6,-2455.4705,-85.866844,20.510746
299.62,-2532.387,-26.099764,20.830513
299.63998,-2431.434,-1.5840333,21.31016
299.66,-2537.1943,-15.203884,20.510746
299.68,-2489.1216,-0.46239844,21.470041
299.69998,-2508.3506,-6.5512733,21.150276
299.72,-2484.3142,-6.8717403,21.470041
299.74,-2484.3142,-16.966454,20.830513
299.75998,-2469.8923,-13.441315,21.150276
299.78,-2493.9287,14.920023,20.990395
299.8,-2513.158,-0.46239844,20.990395
299.82,-2465.0852,-20.331356,20.990395
299.84,-2498.736,0.49900287,21.629925
299.86,-2455.4705,5.78671,20.830513
299.88,-2465.0852,-18.248322,20.830513
299.9,-2489.1216,-8.313842,20.990395
299.91998,-2460.2778,16.20189,21.470041
299.94,-2469.8923,-9.59571,20.990395
299.96,-2465.0852,-0.7828655,21.31016
299.97998,-2484.3142,2.7422726,21.150276
300.0,-2503.5432,4.3446083,21.31016
300.02,-2508.3506,27.418243,21.150276
300.04,-2484.3142,-7.833141,21.31016
300.06,-2407.3977,10.113016,21.150276
300.08,-2498.736,36.23109,21.150276
300.1,-2489.1216,13.798388,21.470041
300.12,-2460.2778,5.6264763,20.670628
300.13998,-2479.5068,-7.352441,21.31016
300.16,-2484.3142,-19.049488,21.150276
300.18,-2498.736,12.676753,21.470041
300.19998,-2493.9287,1.4604042,21.789808
300.22,-2469.8923,-11.198046,20.670628
300.24,-2431.434,-4.7887044,20.830513
300.25998,-2469.8923,-10.076411,21.150276
300.28,-2508.3506,-23.536026,21.94969
300.3,-2537.1943,-8.313842,21.31016
300.32,-2479.5068,25.976141,22.109571
300.34,-2479.5068,-11.678746,20.990395
300.36,-2412.2048,23.252169,21.150276
300.38,-2431.434,-1.7442669,21.470041
300.4,-2484.3142,4.6650753,21.470041
300.41998,-2561.2307,-73.04817,21.789808
300.44,-2503.5432,-15.04365,20.990395
300.46,-2508.3506,18.925863,21.789808
300.47998,-2441.0486,17.00306,21.94969
300.5,-2508.3506,29.341045,21.629925
300.52,-2513.158,-26.580463,21.470041
300.53998,-2503.5432,-49.013153,20.990395
300.56,-2465.0852,14.1188545,21.470041
300.58,-2436.2412,13.317687,21.629925
300.6,-2517.965,-7.993375,21.94969
300.62,-2503.5432,2.4218054,21.629925
300.63998,-2484.3142,-7.5126743,21.629925
300.66,-2513.158,-14.08225,21.629925
300.68,-2517.965,-6.3910394,22.429338
300.69998,-2474.6997,-44.366383,21.470041
300.72,-2508.3506,-22.093925,21.789808
300.74,-2532.387,-2.8659017,21.629925
300.75998,-2412.2048,14.279089,21.629925
300.78,-2489.1216,7.228812,21.629925
300.8,-2522.7725,-22.895092,21.150276
300.82,-2508.3506,-14.883417,21.94969
300.84,-2493.9287,14.279089,22.429338
300.86,-2484.3142,-50.29502,21.94969
300.88,-2527.5796,-14.242482,21.789808
300.9,-2522.7725,-6.3910394,21.94969
300.91998,-2498.736,0.6592364,21.94969
300.94,-2542.0015,6.908345,21.94969
300.96,-2455.4705,14.439322,22.109571
300.97998,-2479.5068,6.4276443,22.269455
301.0,-2455.4705,38.794827,22.908985
301.02,-2493.9287,-68.72187,22.58922
301.03998,-2484.3142,-13.761782,22.109571
301.06,-2498.736,-4.14777,21.94969
301.08,-2484.3142,-19.209723,21.629925
301.1,-2493.9287,-5.589872,22.58922
301.12,-2513.158,5.466243,22.429338
301.13998,-2537.1943,-39.23891,22.109571
301.16,-2450.6633,-5.910339,22.269455
301.18,-2450.6633,-8.634309,21.789808
301.19998,-2489.1216,-12.479914,21.94969
301.22,-2508.3506,-8.634309,22.429338
301.24,-2532.387,-20.01089,22.269455
301.25998,-2484.3142,-3.5068357,22.58922
301.28,-2445.856,-6.5512733,22.109571
301.3,-2503.5432,-21.452991,21.789808
301.32,-2508.3506,-1.7442669,22.429338
301.34,-2556.4236,-1.4237996,23.068867
301.36,-2542.0015,-4.6284704,22.749102
301.38,-2465.0852,-43.88568,22.429338
301.4,-2508.3506,-1.2635663,22.58922
301.41998,-2469.8923,-17.607388,22.269455
301.44,-2546.8088,-5.429638,22.429338
301.46,-2508.3506,-14.402717,22.269455
301.47998,-2532.387,-41.321945,22.109571
301.5,-2460.2778,23.893103,22.429338
301.52,-2465.0852,-14.562949,22.429338
301.53998,-2508.3506,10.75395,22.429338
301.56,-2465.0852,-1.1033326,22.749102
301.58,-2503.5432,-26.099764,22.749102
301.6,-2537.1943,-18.889254,22.429338
301.62,-2517.965,-0.30216488,22.269455
301.63998,-2513.158,4.024141,22.429338
301.66,-2527.5796,-16.005053,22.749102
301.68,-2493.9287,-11.83898,23.068867
301.69998,-2498.736,-12.960614,23.068867
301.72,-2493.9287,3.0627398,23.22875
301.74,-2503.5432,-22.093925,22.749102
301.75998,-2508.3506,2.261572,22.749102
301.78,-2570.8452,31.424084,23.388634
301.8,-2489.1216,-18.729021,22.269455
301.82,-2513.158,7.549279,22.429338
301.84,-2590.0742,11.074417,22.749102
301.86,-2493.9287,4.024141,22.749102
301.88,-2527.5796,-2.5454345,22.58922
301.9,-2561.2307,-13.922015,23.068867
301.91998,-2489.1216,-44.526615,22.269455
301.94,-2493.9287,-5.589872,22.429338
301.96,-2503.5432,0.33876932,23.068867
301.97998,-2498.736,-3.9875362,22.58922
302.0,-2522.7725,-4.948938,22.58922
302.02,-2498.736,-8.474075,22.269455
302.03998,-2465.0852,14.759789,22.908985
302.06,-2503.5432,10.593717,23.22875
302.08,-2561.2307,-11.83898,22.908985
302.1,-2546.8088,0.9797035,22.58922
302.12,-2474.6997,23.732868,23.548515
302.13998,-2513.158,-13.922015,22.749102
302.16,-2493.9287,-5.589872,22.429338
302.18,-2436.2412,-3.9875362,21.789808
302.19998,-2484.3142,-6.0705724,22.429338
302.22,-2517.965,29.020578,23.22875
302.24,-2517.965,4.9855423,23.22875
302.25998,-2503.5432,-2.8659017,23.22875
302.28,-2532.387,-20.49159,23.22875
302.3,-2484.3142,21.0089,23.068867
302.32,-2522.7725,0.018302217,22.908985
302.34,-2517.965,1.7808713,23.388634
302.36,-2522.7725,-59.428326,23.068867
302.38,-2513.158,-5.910339,22.749102
302.4,-2513.158,1.7808713,22.908985
302.41998,-2489.1216,13.317687,23.22875
302.44,-2513.158,-0.46239844,23.388634
302.46,-2532.387,-24.016727,23.22875
302.47998,-2532.387,-2.0647337,23.22875
302.5,-2489.1216,49.21001,22.908985
302.52,-2513.158,-3.1863687,23.068867
302.53998,-2498.736,-0.62263197,22.908985
302.56,-2493.9287,-3.827303,22.908985
302.58,-2493.9287,-5.1091714,22.429338
302.6,-2532.387,8.991381,22.749102
302.62,-2517.965,-15.684585,23.068867
302.63998,-2532.387,-17.447153,23.068867
302.66,-2537.1943,-1.7442669,23.548515
302.68,-2537.1943,-3.026135,23.548515
302.69998,-2508.3506,6.908345,23.708397
302.72,-2556.4236,-18.248322,22.749102
302.74,-2445.856,-7.993375,22.749102
302.75998,-2493.9287,-10.717345,22.749102
302.78,-2527.5796,-16.80622,22.749102
302.8,-2498.736,-3.3466022,23.22875
302.82,-2532.387,-29.945368,22.749102
302.84,-2522.7725,-2.8659017,22.749102
302.86,-2527.5796,31.744547,23.068867
302.88,-2508.3506,-26.740696,23.068867
302.9,-2503.5432,-0.7828655,23.22875
302.91998,-2479.5068,-0.30216488,23.22875
302.94,-2585.267,-15.684585,23.548515
302.96,-2532.387,-5.1091714,23.068867
302.97998,-2532.387,8.670914,23.548515
303.0,-2508.3506,-22.254158,23.068867
303.02,-2445.856,-2.7056682,23.708397
303.03998,-2561.2307,-19.850657,23.548515
303.06,-2551.616,-0.46239844,23.868282
303.08,-2542.0015,6.4276443,24.028164
303.1,-2498.736,-28.182798,23.388634
303.12,-2590.0742,-79.93821,23.068867
303.13998,-2546.8088,-6.3910394,23.548515
303.16,-2503.5432,-40.360542,23.548515
303.18,-2546.8088,-7.672908,23.548515
303.19998,-2570.8452,-19.369957,24.028164
303.22,-2546.8088,-20.651823,23.22875
303.24,-2542.0015,-19.530188,23.388634
303.25998,-2532.387,21.329365,23.868282
303.28,-2522.7725,-11.198046,23.708397
303.3,-2522.7725,-12.800381,23.548515
303.32,-2546.8088,-35.393307,23.068867
303.34,-2522.7725,-21.933691,23.868282
303.36,-2566.0378,-7.352441,23.868282
303.38,-2517.965,-43.084515,23.22875
303.4,-2479.5068,-23.055326,23.388634
303.41998,-2566.0378,-13.281082,23.548515
303.44,-2546.8088,-6.0705724,24.028164
303.46,-2551.616,-18.248322,24.028164
303.47998,-2503.5432,-9.59571,23.388634
303.5,-2556.4236,-32.669334,23.868282
303.52,-2532.387,3.5434403,23.548515
303.53998,-2460.2778,-9.275244,23.388634
303.56,-2566.0378,-21.452991,23.388634
303.58,-2498.736,9.311849,23.388634
303.6,-2522.7725,-29.945368,23.868282
303.62,-2546.8088,1.7808713,23.868282
303.63998,-2566.0378,12.676753,24.188046
303.66,-2532.387,-26.42023,24.028164
303.68,-2503.5432,-6.230806,23.868282
303.69998,-2532.387,-18.568789,23.868282
303.72,-2522.7725,-26.42023,24.347929
303.74,-2517.965,-0.14193134,24.347929
303.75998,-2527.5796,-7.833141,24.028164
303.78,-2503.5432,-4.14777,24.347929
303.8,-2604.4963,-16.165285,23.548515
303.82,-2517.965,-52.378056,23.868282
303.84,-2537.1943,5.3060093,23.868282
303.86,-2508.3506,8.670914,24.667694
303.88,-2575.6523,-36.514942,23.708397
303.9,-2570.8452,-17.286919,24.188046
303.91998,-2503.5432,-4.7887044,24.028164
303.94,-2590.0742,-18.889254,23.868282
303.96,-2537.1943,17.00306,24.188046
303.97998,-2527.5796,-6.5512733,24.188046
304.0,-2542.0015,25.174973,24.028164
304.02,-2580.46,-29.624899,23.868282
304.03998,-2561.2307,-19.850657,23.868282
304.06,-2580.46,16.041658,24.188046
304.08,-2542.0015,18.925863,24.50781
304.1,-2517.965,-17.447153,24.50781
304.12,-2508.3506,-43.88568,23.868282
304.13998,-2503.5432,-13.120848,24.50781
304.16,-2508.3506,-1.4237996,23.868282
304.18,-2556.4236,0.9797035,23.708397
304.19998,-2542.0015,-6.0705724,24.667694
304.22,-2503.5432,0.6592364,24.028164
304.24,-2542.0015,-28.983965,24.028164
304.25998,-2542.0015,-0.7828655,24.188046
304.28,-2546.8088,2.5820389,24.347929
304.3,-2522.7725,33.50712,24.98746
304.32,-2546.8088,-17.607388,24.347929
304.34,-2561.2307,-50.615486,24.188046
304.36,-2527.5796,-34.59214,24.347929
304.38,-2527.5796,10.914185,24.028164
304.4,-2546.8088,-19.850657,23.868282
304.41998,-2513.158,40.557396,24.347929
304.44,-2551.616,11.234652,24.347929
304.46,-2556.4236,-11.83898,24.028164
304.47998,-2566.0378,-4.6284704,24.50781
304.5,-2537.1943,-11.678746,24.347929
304.52,-2575.6523,7.709513,25.467108
304.53998,-2556.4236,-25.45883,24.50781
304.56,-2566.0378,-13.441315,24.667694
304.58,-2527.5796,-3.1863687,24.50781
304.6,-2546.8088,10.27325,24.028164
304.62,-2551.616,7.549279,24.667694
304.63998,-2522.7725,34.148052,24.98746
304.66,-2580.46,-40.52078,24.98746
304.68,-2546.8088,-9.755944,24.50781
304.69998,-2542.0015,20.367966,24.827578
304.72,-2599.689,-21.452991,25.14734
304.74,-2623.7253,-22.093925,24.98746
304.75998,-2551.616,-28.6635,24.50781
304.78,-2527.5796,-20.972292,24.827578
304.8,-2527.5796,12.035819,24.667694
304.82,-2561.2307,9.472081,24.98746
304.84,-2599.689,-13.922015,24.667694
304.86,-2556.4236,-20.651823,24.98746
304.88,-2618.918,-21.933691,24.667694
304.9,-2522.7725,-2.8659017,24.827578
304.91998,-2537.1943,12.196053,24.827578
304.94,-2551.616,-44.68685,24.667694
304.96,-2517.965,-34.431904,24.667694
304.97998,-2561.2307,-21.132523,24.827578
305.0,-2551.616,-31.707935,24.98746
305.02,-2546.8088,-16.80622,24.347929
305.03998,-2570.8452,-6.8717403,24.347929
305.06,-2604.4963,7.8697467,24.98746
305.08,-2532.387,37.833427,25.307222
305.1,-2570.8452,-23.69626,24.50781
305.12,-2513.158,-41.321945,24.50781
305.13998,-2556.4236,11.394884,25.307222
305.16,-2570.8452,5.3060093,24.827578
305.18,-2609.3035,-28.823734,24.98746
305.19998,-2484.3142,4.184375,24.827578
305.22,-2527.5796,-22.895092,24.50781
305.24,-2542.0015,7.8697467,25.307222
305.25998,-2561.2307,-39.559376,24.827578
305.28,-2546.8088,-8.313842,25.14734
305.3,-2551.616,18.765629,24.827578
305.32,-2546.8088,-16.485752,24.827578
305.34,-2527.5796,-26.42023,24.827578
305.36,-2599.689,41.198334,25.62699
305.38,-2551.616,8.991381,25.307222
305.4,-2546.8088,11.875586,25.467108
305.41998,-2566.0378,-15.844818,25.62699
305.44,-2546.8088,18.925863,25.467108
305.46,-2585.267,-23.536026,25.467108
305.47998,-2527.5796,-3.3466022,25.307222
305.5,-2513.158,-24.17696,25.14734
305.52,-2551.616,0.17853576,25.467108
305.53998,-2580.46,-31.868172,25.467108
305.56,-2561.2307,0.17853576,25.62699
305.58,-2566.0378,30.46268,25.946754
305.6,-2546.8088,-23.375792,25.14734
305.62,-2527.5796,5.6264763,25.467108
305.63998,-2570.8452,-8.313842,25.946754
305.66,-2575.6523,-31.707935,25.62699
305.68,-2628.5327,12.51652,25.62699
305.69998,-2551.616,-21.292757,25.786871
305.72,-2542.0015,-8.313842,25.14734
305.74,-2599.689,36.391323,25.786871
305.75998,-2556.4236,-41.642414,26.106636
305.78,-2503.5432,4.6650753,26.106636
305.8,-2575.6523,0.17853576,25.62699
305.82,-2551.616,19.086096,26.26652
305.84,-2551.616,12.196053,26.26652
305.86,-2566.0378,27.418243,26.106636
305.88,-2517.965,-20.651823,26.106636
305.9,-2575.6523,-40.68101,25.62699
305.91998,-2575.6523,-9.275244,26.26652
305.94,-2503.5432,-16.645985,25.467108
305.96,-2522.7725,66.51524,26.746166
305.97998,-2551.616,-16.485752,25.786871
306.0,-2527.5796,-4.7887044,25.786871
306.02,-2493.9287,7.228812,26.106636
306.03998,-2522.7725,-24.817896,25.62699
306.06,-2556.4236,8.02998,26.586285
306.08,-2551.616,6.2674108,26.426403
306.1,-2590.0742,-16.005053,26.106636
306.12,-2580.46,-4.3080034,26.26652
306.13998,-2542.0015,-19.530188,26.26652
306.16,-2532.387,17.00306,26.106636
306.18,-2566.0378,-4.6284704,26.26652
306.19998,-2546.8088,-7.352441,26.106636
306.22,-2566.0378,-6.711507,26.26652
306.24,-2527.5796,1.6206378,26.26652
306.25998,-2580.46,-17.286919,26.106636
306.28,-2594.8816,-2.7056682,26.586285
306.3,-2542.0015,-25.619062,26.26652
306.32,-2551.616,-37.636574,26.26652
306.34,-2561.2307,-22.093925,26.106636
306.36,-2546.8088,-13.761782,26.26652
306.38,-2527.5796,0.9797035,25.62699
306.4,-2570.8452,35.42992,26.426403
306.41998,-2546.8088,-20.01089,25.786871
306.44,-2532.387,-19.049488,25.946754
306.46,-2561.2307,17.483759,25.786871
306.47998,-2570.8452,30.783146,26.26652
306.5,-2513.158,-18.729021,26.106636
306.52,-2590.0742,-6.0705724,26.426403
306.53998,-2580.46,-70.96513,26.106636
306.56,-2566.0378,-57.825993,26.586285
306.58,-2566.0378,-3.1863687,26.106636
306.6,-2551.616,-2.0647337,26.26652
306.62,-2532.387,7.228812,26.106636
306.63998,-2556.4236,-45.488014,26.106636
306.66,-2556.4236,-2.0647337,26.26652
306.68,-2542.0015,-25.93953,26.26652
306.69998,-2599.689,-55.742958,25.62699
306.72,-2542.0015,2.902506,26.26652
306.74,-2484.3142,-22.895092,26.746166
306.75998,-2594.8816,-28.6635,26.586285
306.78,-2594.8816,-37.957043,25.62699
306.8,-2585.267,-31.387466,25.467108
306.82,-2561.2307,-10.717345,26.26652
306.84,-2561.2307,18.124695,26.26652
306.86,-2570.8452,2.4218054,26.26652
306.88,-2546.8088,-0.14193134,26.426403
306.9,-2561.2307,-0.46239844,26.106636
306.91998,-2551.616,-11.358279,26.426403
306.94,-2551.616,-17.927853,25.62699
306.96,-2585.267,0.9797035,26.586285
306.97998,-2527.5796,-30.5863,26.426403
307.0,-2513.158,2.902506,26.906052
307.02,-2604.4963,-24.817896,26.746166
307.03998,-2566.0378,-10.076411,26.26652
307.06,-2604.4963,-0.46239844,26.106636
307.08,-2590.0742,-37.636574,26.106636
307.1,-2590.0742,-12.800381,26.746166
307.12,-2623.7253,-3.1863687,26.586285
307.13998,-2575.6523,-20.972292,26.26652
307.16,-2575.6523,-6.0705724,26.26652
307.18,-2561.2307,2.7422726,26.906052
307.19998,-2561.2307,1.4604042,26.746166
307.22,-2590.0742,-21.132523,26.586285
307.24,-2556.4236,-2.0647337,26.26652
307.25998,-2604.4963,-1.1033326,26.426403
307.28,-2570.8452,-5.429638,26.746166
307.3,-2570.8452,-31.547703,26.426403
307.32,-2551.616,-25.298595,27.225815
307.34,-2570.8452,-12.640147,26.746166
307.36,-2647.7617,-1.7442669,26.746166
307.38,-2522.7725,-15.364117,26.746166
307.4,-2570.8452,-9.755944,27.065933
307.41998,-2566.0378,-35.07284,26.426403
307.44,-2575.6523,-35.07284,26.586285
307.46,-2585.267,-22.895092,26.586285
307.47998,-2618.918,-8.794542,26.426403
307.5,-2590.0742,16.362125,26.906052
307.52,-2570.8452,-17.927853,26.906052
307.53998,-2551.616,-21.613226,26.906052
307.56,-2594.8816,10.113016,26.906052
307.58,-2599.689,-20.49159,26.26652
307.6,-2604.4963,-21.132523,26.586285
307.62,-2628.5327,9.792548,27.225815
307.63998,-2570.8452,-24.17696,27.705463
307.66,-2594.8816,-30.265835,26.906052
307.68,-2590.0742,-2.5454345,26.906052
307.69998,-2575.6523,17.163294,27.54558
307.72,-2575.6523,-6.3910394,26.586285
307.74,-2566.0378,3.8639073,27.225815
307.75998,-2517.965,-43.084515,26.906052
307.78,-2590.0742,16.20189,27.385698
307.8,-2580.46,-12.800381,26.906052
307.82,-2590.0742,-1.9045002,26.906052
307.84,-2556.4236,-20.171124,27.385698
307.86,-2599.689,-22.414392,27.54558
307.88,-2594.8816,2.5820389,27.385698
307.9,-2570.8452,-26.90093,27.385698
307.91998,-2599.689,-23.375792,27.385698
307.94,-2575.6523,47.44744,27.225815
307.96,-2590.0742,-1.5840333,27.54558
307.97998,-2575.6523,-12.800381,26.906052
308.0,-2594.8816,0.33876932,27.065933
308.02,-2628.5327,-44.68685,27.225815
308.03998,-2585.267,2.4218054,27.54558
308.06,-2594.8816,10.75395,28.504877
308.08,-2532.387,-3.6670694,27.54558
308.1,-2570.8452,-20.01089,27.705463
308.12,-2585.267,-9.916177,27.225815
308.13998,-2590.0742,-5.589872,27.705463
308.16,-2594.8816,0.33876932,27.865347
308.18,-2594.8816,27.738708,27.54558
308.19998,-2590.0742,-2.7056682,26.746166
308.22,-2590.0742,8.670914,27.705463
308.24,-2590.0742,24.854506,27.385698
308.25998,-2556.4236,-13.120848,27.54558
308.28,-2594.8816,-7.833141,27.54558
308.3,-2561.2307,-29.785133,27.54558
308.32,-2570.8452,-21.773457,26.906052
308.34,-2609.3035,-24.016727,26.906052
308.36,-2575.6523,-5.429638,27.385698
308.38,-2590.0742,8.350447,27.54558
308.4,-2599.689,-20.171124,27.225815
308.41998,-2604.4963,-41.48218,27.065933
308.44,-2575.6523,-16.966454,26.906052
308.46,-2609.3035,-15.203884,26.746166
308.47998,-2642.9543,11.074417,27.225815
308.5,-2580.46,-31.387466,26.906052
308.52,-2628.5327,-27.38163,27.54558
308.53998,-2556.4236,3.3832066,27.225815
308.56,-2590.0742,-16.966454,27.225815
308.58,-2628.5327,6.4276443,27.065933
308.6,-2556.4236,-30.5863,27.54558
308.62,-2633.3398,20.207731,27.385698
308.63998,-2590.0742,-7.352441,27.385698
308.66,-2638.147,1.139937,27.705463
308.68,-2594.8816,-2.0647337,27.225815
308.69998,-2580.46,24.854506,27.705463
308.72,-2575.6523,-12.800381,27.385698
308.74,-2590.0742,-17.927853,27.385698
308.75998,-2614.1106,-32.188637,27.54558
308.78,-2566.0378,-9.59571,27.54558
308.8,-2585.267,-4.7887044,27.54558
308.82,-2542.0015,4.504842,28.025229
308.84,-2604.4963,0.17853576,27.865347
308.86,-2580.46,28.379642,27.225815
308.88,-2566.0378,7.3890457,26.906052
308.9,-2590.0742,22.931702,27.865347
308.91998,-2580.46,21.9703,27.385698
308.94,-2575.6523,-11.037811,27.865347
308.96,-2580.46,-24.17696,27.225815
308.97998,-2618.918,-10.557112,28.18511
309.0,-2599.689,-1.9045002,27.54558
309.02,-2503.5432,-8.313842,27.705463
309.03998,-2590.0742,8.350447,28.025229
309.06,-2604.4963,-13.281082,28.025229
309.08,-2638.147,-1.9045002,27.385698
309.1,-2609.3035,-15.203884,27.705463
309.12,-2647.7617,-11.518513,27.865347
309.13998,-2561.2307,0.17853576,28.18511
309.16,-2585.267,-7.5126743,28.025229
309.18,-2623.7253,-28.503265,27.225815
309.19998,-2599.689,-22.254158,27.865347
309.22,-2580.46,-11.198046,28.025229
309.24,-2614.1106,-2.7056682,27.54558
309.25998,-2599.689,18.925863,27.705463
309.28,-2566.0378,-9.916177,28.344994
309.3,-2594.8816,-23.536026,27.865347
309.32,-2604.4963,2.1013381,28.18511
309.34,-2590.0742,-28.823734,28.025229
309.36,-2561.2307,-11.678746,28.18511
309.38,-2628.5327,-12.31968,28.025229
309.4,-2618.918,-23.536026,28.504877
309.41998,-2599.689,-2.7056682,27.865347
309.44,-2594.8816,-34.912605,28.344994
309.46,-2599.689,-24.817896,28.025229
309.47998,-2599.689,15.080256,28.504877
309.5,-2594.8816,-3.827303,28.344994
309.52,-2590.0742,1.7808713,28.025229
309.53998,-2666.9907,5.466243,28.025229
309.56,-2590.0742,2.902506,28.18511
309.58,-2623.7253,-13.441315,28.664759
309.6,-2604.4963,-3.5068357,28.984524
309.62,-2590.0742,-6.8717403,28.664759
309.63998,-2623.7253,-23.69626,28.344994
309.66,-2551.616,-11.518513,28.025229
309.68,-2585.267,-14.883417,28.18511
309.69998,-2609.3035,-11.83898,28.344994
309.72,-2647.7617,6.2674108,28.344994
309.74,-2614.1106,-19.369957,28.824642
309.75998,-2618.918,12.035819,28.824642
309.78,-2623.7253,-11.83898,28.504877
309.8,-2609.3035,2.902506,28.824642
309.82,-2623.7253,-20.331356,28.344994
309.84,-2633.3398,-16.005053,28.025229
309.86,-2599.689,6.7481112,28.344994
309.88,-2657.3762,-14.242482,28.18511
309.9,-2638.147,-4.14777,28.664759
309.91998,-2609.3035,8.991381,28.504877
309.94,-2623.7253,-5.589872,28.664759
309.96,-2633.3398,-25.779295,28.504877
309.97998,-2618.918,1.139937,28.344994
310.0,-2604.4963,-36.995644,28.025229
310.02,-2652.569,-7.993375,28.18511
310.03998,-2609.3035,4.504842,28.344994
310.06,-2662.1833,-0.62263197,28.025229
310.08,-2604.4963,-9.916177,28.664759
310.1,-2642.9543,10.27325,27.865347
310.12,-2609.3035,-13.761782,27.865347
310.13998,-2614.1106,-12.159447,28.18511
310.16,-2594.8816,8.350447,28.025229
310.18,-2604.4963,3.2229733,27.705463
310.19998,-2604.4963,41.358562,28.824642
310.22,-2599.689,26.45684,28.824642
310.24,-2628.5327,-11.198046,28.025229
310.25998,-2609.3035,-4.3080034,28.344994
310.28,-2618.918,-16.966454,28.344994
310.3,-2594.8816,-35.55354,28.344994
310.32,-2508.3506,-18.729021,28.025229
310.34,-2662.1833,-24.016727,28.18511
310.36,-2609.3035,-10.396878,28.504877
310.38,-2609.3035,11.555119,28.344994
310.4,-2633.3398,-11.037811,28.025229
310.41998,-2585.267,-13.601548,28.504877
310.44,-2618.918,-21.933691,28.025229
310.46,-2527.5796,-4.6284704,28.344994
310.47998,-2604.4963,-18.248322,28.664759
310.5,-2666.9907,-13.922015,28.344994
310.52,-2556.4236,44.08254,27.865347
310.53998,-2604.4963,-14.883417,28.664759
310.56,-2594.8816,8.510681,28.664759
310.58,-2594.8816,1.139937,28.984524
310.6,-2628.5327,5.78671,28.824642
310.62,-2666.9907,-7.352441,28.984524
310.63998,-2623.7253,12.8369875,28.344994
310.66,-2638.147,-25.298595,28.504877
310.68,-2556.4236,-51.416653,28.18511
310.69998,-2666.9907,-4.3080034,28.664759
310.72,-2594.8816,-8.954777,28.664759
310.74,-2676.6055,10.433483,28.824642
310.75998,-2609.3035,1.3001705,28.984524
310.78,-2695.8345,-17.607388,28.18511
310.8,-2594.8816,6.5878778,28.504877
310.82,-2647.7617,8.510681,28.984524
310.84,-2618.918,-9.916177,28.824642
310.86,-2604.4963,-7.192207,29.144405
310.88,-2662.1833,-19.369957,28.664759
310.9,-2623.7253,-50.455254,28.18511
310.91998,-2623.7253,-4.6284704,28.984524
310.94,-2633.3398,1.4604042,28.984524
310.96,-2724.6782,-13.441315,28.984524
310.97998,-2623.7253,-29.785133,28.504877
311.0,-2604.4963,-19.530188,28.664759
311.02,-2642.9543,21.810066,29.144405
311.03998,-2652.569,50.171413,29.144405
311.06,-2647.7617,-5.589872,29.144405
311.08,-2618.918,-20.49159,28.664759
311.1,-2652.569,-33.790974,28.504877
311.12,-2623.7253,5.9469438,29.304289
311.13998,-2657.3762,-0.9430991,28.824642
311.16,-2657.3762,-27.38163,29.304289
311.18,-2599.689,-11.198046,29.144405
311.19998,-2618.918,-1.1033326,29.464172
311.22,-2662.1833,-23.69626,29.464172
311.24,-2599.689,27.578474,29.144405
311.25998,-2647.7617,-33.470505,29.464172
311.28,-2604.4963,-17.126686,28.824642
311.3,-2633.3398,-15.844818,28.824642
311.32,-2594.8816,-40.68101,28.984524
311.34,-2638.147,-20.972292,28.824642
311.36,-2633.3398,-3.827303,28.824642
311.38,-2642.9543,-45.808483,28.664759
311.4,-2642.9543,23.412403,28.984524
311.41998,-2657.3762,-14.242482,29.144405
311.44,-2594.8816,-27.2214,28.824642
311.46,-2618.918,-40.841244,29.464172
311.47998,-2633.3398,-36.995644,29.464172
311.5,-2666.9907,-34.111435,28.984524
311.52,-2633.3398,-21.132523,28.664759
311.53998,-2623.7253,-12.479914,29.144405
311.56,-2599.689,-14.242482,29.304289
311.58,-2633.3398,-1.5840333,29.624054
311.6,-2594.8816,-7.0319734,29.144405
311.62,-2614.1106,-3.6670694,28.984524
311.63998,-2623.7253,-20.01089,29.144405
311.66,-2638.147,-9.115009,28.824642
311.68,-2662.1833,4.9855423,29.624054
311.69998,-2599.689,-5.2694044,28.984524
311.72,-2604.4963,-40.360542,29.624054
311.74,-2647.7617,8.02998,28.984524
311.75998,-2666.9907,-14.402717,29.144405
311.78,-2609.3035,18.284927,29.464172
311.8,-2623.7253,11.394884,29.783936
311.82,-2642.9543,-9.916177,29.304289
311.84,-2633.3398,11.715352,29.304289
311.86,-2614.1106,-7.672908,29.464172
311.88,-2647.7617,33.346886,29.624054
311.9,-2633.3398,1.6206378,29.464172
311.91998,-2647.7617,-15.684585,29.624054
311.94,-2618.918,-17.447153,28.824642
311.96,-2642.9543,14.279089,29.624054
311.97998,-2638.147,9.311849,29.304289
312.0,-2594.8816,19.727032,30.263584
312.02,-2604.4963,-9.435476,29.464172
312.03998,-2633.3398,17.804228,29.783936
312.06,-2642.9543,-12.159447,29.304289
312.08,-2662.1833,29.821747,29.624054
312.1,-2700.6418,14.759789,29.624054
312.12,-2647.7617,13.317687,29.624054
312.13998,-2618.918,-3.9875362,29.94382
312.16,-2666.9907,-21.613226,29.304289
312.18,-2652.569,22.931702,29.94382
312.19998,-2628.5327,6.5878778,29.304289
312.22,-2671.798,14.439322,29.94382
312.24,-2614.1106,-10.236644,29.94382
312.25998,-2638.147,-16.485752,29.624054
312.28,-2618.918,23.091934,30.263584
312.3,-2628.5327,-29.785133,29.464172
312.32,-2662.1833,-7.352441,29.464172
312.34,-2628.5327,20.68843,29.783936
312.36,-2623.7253,0.9797035,29.94382
312.38,-2633.3398,-8.954777,30.103703
312.4,-2642.9543,11.875586,29.783936
312.41998,-2599.689,-15.203884,29.304289
312.44,-2638.147,0.9797035,29.624054
312.46,-2609.3035,-1.1033326,29.783936
312.47998,-2638.147,-27.38163,30.103703
312.5,-2628.5327,10.27325,29.94382
312.52,-2647.7617,-28.343033,29.783936
312.53998,-2618.918,-32.669334,29.624054
312.56,-2599.689,-17.286919,30.423468
312.58,-2614.1106,0.9797035,30.103703
312.6,-2719.8708,-18.889254,29.94382
312.62,-2633.3398,10.593717,29.624054
312.63998,-2657.3762,-20.331356,29.94382
312.66,-2618.918,-27.061165,29.783936
312.68,-2551.616,7.0685787,30.103703
312.69998,-2686.2197,-22.574625,30.423468
312.72,-2633.3398,-18.248322,30.423468
312.74,-2609.3035,4.504842,30.103703
312.75998,-2638.147,-14.08225,30.58335
312.78,-2604.4963,-38.437744,29.94382
312.8,-2657.3762,-10.877579,30.743233
312.82,-2662.1833,-37.636574,30.423468
312.84,-2590.0742,21.810066,30.58335
312.86,-2633.3398,-15.844818,29.94382
312.88,-2642.9543,-5.429638,30.263584
312.9,-2647.7617,17.323528,30.263584
312.91998,-2628.5327,-15.524351,30.103703
312.94,-2633.3398,-11.999213,30.423468
312.96,-2657.3762,-14.402717,30.58335
312.97998,-2628.5327,9.952783,30.263584
313.0,-2566.0378,6.1071773,30.423468
313.02,-2657.3762,-35.393307,30.423468
313.03998,-2618.918,-7.833141,30.423468
313.06,-2662.1833,-9.755944,30.263584
313.08,-2618.918,-17.927853,30.103703
313.1,-2623.7253,19.086096,30.103703
313.12,-2642.9543,13.958622,30.423468
313.13998,-2647.7617,2.4218054,30.743233
313.16,-2647.7617,-20.651823,30.58335
313.18,-2662.1833,-17.76762,31.062998
313.19998,-2647.7617,-7.672908,30.263584
313.22,-2638.147,6.5878778,30.103703
313.24,-2618.918,-32.34887,29.94382
313.25998,-2666.9907,-23.69626,30.263584
313.28,-2633.3398,-3.3466022,30.263584
313.3,-2633.3398,-40.200314,29.783936
313.32,-2657.3762,-32.989803,30.58335
313.34,-2638.147,-20.812057,30.58335
313.36,-2623.7253,-7.192207,30.743233
313.38,-2652.569,-41.00148,30.263584
313.4,-2642.9543,-21.132523,30.58335
313.41998,-2604.4963,-37.957043,30.58335
313.44,-2642.9543,7.709513,30.58335
313.46,-2657.3762,-24.497427,30.743233
313.47998,-2676.6055,-36.194473,30.58335
313.5,-2642.9543,2.902506,30.263584
313.52,-2599.689,-23.69626,30.58335
313.53998,-2676.6055,-17.126686,30.903116
313.56,-2638.147,-27.061165,31.382761
313.58,-2642.9543,-17.927853,30.743233
313.6,-2633.3398,-8.313842,31.062998
313.62,-2647.7617,-12.159447,30.58335
313.63998,-2647.7617,-11.358279,30.903116
313.66,-2642.9543,-14.723184,31.062998
313.68,-2691.0273,-35.71377,30.58335
313.69998,-2628.5327,-22.093925,30.743233
313.72,-2686.2197,0.6592364,31.382761
313.74,-2691.0273,-13.601548,30.903116
313.75998,-2623.7253,-18.088087,30.58335
313.78,-2642.9543,-25.93953,30.743233
313.8,-2604.4963,-3.827303,31.22288
313.82,-2666.9907,-18.889254,31.542645
313.84,-2642.9543,-42.764046,30.903116
313.86,-2671.798,3.5434403,30.743233
313.88,-2618.918,24.694271,31.22288
313.9,-2633.3398,-13.922015,30.58335
313.91998,-2666.9907,-1.5840333,30.743233
313.94,-2662.1833,-2.385201,30.58335
313.96,-2642.9543,18.925863,31.22288
313.97998,-2662.1833,-22.254158,31.22288
314.0,-2638.147,-2.7056682,31.22288
314.02,-2666.9907,-12.479914,30.903116
314.03998,-2666.9907,-25.45883,30.903116
314.06,-2671.798,-19.690422,30.903116
314.08,-2638.147,-29.945368,30.263584
314.1,-2647.7617,-23.536026,31.062998
314.12,-2638.147,2.261572,30.743233
314.13998,-2642.9543,-4.14777,30.903116
314.16,-2647.7617,-13.441315,30.903116
314.18,-2566.0378,-2.8659017,31.542645
314.19998,-2614.1106,-18.088087,31.22288
314.22,-2662.1833,-7.192207,30.903116
314.24,-2657.3762,-33.630737,31.062998
314.25998,-2633.3398,-15.684585,30.743233
314.28,-2628.5327,-1.4237996,31.062998
314.3,-2642.9543,-11.358279,30.903116
314.32,-2638.147,-11.999213,30.903116
314.34,-2642.9543,-7.5126743,30.58335
314.36,-2580.46,-32.989803,30.743233
314.38,-2638.147,26.136374,31.22288
314.4,-2642.9543,17.96446,31.70253
314.41998,-2700.6418,10.593717,31.382761
314.44,-2647.7617,-0.46239844,31.382761
314.46,-2671.798,-59.588562,31.542645
314.47998,-2647.7617,-2.5454345,31.70253
314.5,-2633.3398,-18.088087,31.382761
314.52,-2642.9543,-19.530188,31.382761
314.53998,-2642.9543,-7.192207,31.22288
314.56,-2662.1833,6.1071773,30.903116
314.58,-2657.3762,-29.1442,31.22288
314.6,-2642.9543,12.035819,31.062998
314.62,-2695.8345,1.139937,31.382761
314.63998,-2633.3398,-9.435476,31.062998
314.66,-2642.9543,-25.138361,31.382761
314.68,-2633.3398,-21.132523,31.22288
314.69998,-2662.1833,-22.254158,31.382761
314.72,-2652.569,71.32226,31.22288
314.74,-2652.569,-19.850657,31.22288
314.75998,-2666.9907,-9.916177,30.903116
314.78,-2671.798,-54.621323,31.382761
314.8,-2662.1833,-25.93953,30.423468
314.82,-2638.147,21.4896,31.062998
314.84,-2556.4236,-24.016727,31.382761
314.86,-2652.569,-6.230806,31.22288
314.88,-2676.6055,-4.3080034,31.062998
314.9,-2599.689,-27.2214,31.542645
314.91998,-2657.3762,13.157454,31.22288
314.94,-2618.918,-14.883417,31.382761
314.96,-2666.9907,-41.48218,31.062998
314.97998,-2609.3035,-30.5863,31.70253
315.0,-2652.569,1.139937,31.382761
315.02,-2662.1833,1.139937,31.542645
315.03998,-2676.6055,-30.746534,31.062998
315.06,-2662.1833,-9.916177,31.382761
315.08,-2695.8345,5.78671,31.70253
315.1,-2671.798,1.9411048,31.382761
315.12,-2642.9543,-28.983965,31.542645
315.13998,-2676.6055,30.94338,31.22288
315.16,-2647.7617,-27.541864,31.22288
315.18,-2647.7617,-20.812057,31.22288
315.19998,-2681.4126,-7.0319734,31.70253
315.22,-2666.9907,-14.402717,31.062998
315.24,-2691.0273,9.952783,31.542645
315.25998,-2662.1833,-3.9875362,31.542645
315.28,-2666.9907,-9.755944,31.382761
315.3,-2671.798,-41.642414,31.22288
315.32,-2652.569,-12.800381,31.062998
315.34,-2662.1833,-20.171124,31.22288
315.36,-2609.3035,-77.534706,31.542645
315.38,-2681.4126,-9.275244,31.542645
315.4,-2676.6055,-25.619062,31.22288
315.41998,-2647.7617,-21.933691,30.903116
315.44,-2676.6055,6.5878778,31.70253
315.46,-2642.9543,-23.536026,31.542645
315.47998,-2681.4126,-3.026135,31.382761
315.5,-2657.3762,-33.150036,31.382761
315.52,-2671.798,6.2674108,31.862411
315.53998,-2666.9907,-29.624899,31.382761
315.56,-2652.569,-22.093925,31.542645
315.58,-2638.147,-15.364117,31.862411
315.6,-2666.9907,-43.72545,31.22288
315.62,-2676.6055,-8.313842,31.70253
315.63998,-2724.6782,10.433483,31.382761
315.66,-2676.6055,-24.016727,31.862411
315.68,-2657.3762,-9.115009,31.70253
315.69998,-2666.9907,23.091934,31.382761
315.72,-2691.0273,-41.321945,30.903116
315.74,-2676.6055,3.2229733,31.382761
315.75998,-2681.4126,2.1013381,31.70253
315.78,-2671.798,0.49900287,31.542645
315.8,-2715.0637,-28.343033,31.382761
315.82,-2628.5327,-23.536026,30.903116
315.84,-2662.1833,4.3446083,31.70253
315.86,-2666.9907,-10.877579,31.862411
315.88,-2681.4126,-25.619062,31.382761
315.9,-2681.4126,-49.013153,31.22288
315.91998,-2628.5327,-19.690422,31.542645
315.94,-2666.9907,-5.2694044,31.862411
315.96,-2748.7146,-9.435476,31.382761
315.97998,-2695.8345,17.323528,31.70253
316.0,-2686.2197,-3.5068357,31.22288
316.02,-2695.8345,-13.761782,30.903116
316.03998,-2686.2197,-5.2694044,31.382761
316.06,-2666.9907,13.157454,31.22288
316.08,-2691.0273,2.1013381,31.542645
316.1,-2638.147,-19.049488,31.862411
316.12,-2666.9907,-28.343033,31.70253
316.13998,-2671.798,-8.474075,31.062998
316.16,-2642.9543,-7.5126743,31.062998
316.18,-2686.2197,-15.203884,31.862411
316.19998,-2662.1833,-44.526615,31.862411
316.22,-2676.6055,-38.27751,31.22288
316.24,-2686.2197,-33.470505,30.423468
316.25998,-2657.3762,-1.2635663,31.22288
316.28,-2695.8345,-5.589872,31.22288
316.3,-2686.2197,-23.536026,31.22288
316.32,-2676.6055,-18.088087,31.542645
316.34,-2681.4126,-39.078674,31.542645
316.36,-2681.4126,-5.1091714,31.542645
316.38,-2681.4126,-28.823734,31.062998
316.4,-2676.6055,-7.993375,30.743233
316.41998,-2671.798,-1.7442669,31.70253
316.44,-2710.256,22.130533,31.22288
316.46,-2695.8345,-13.761782,30.903116
316.47998,-2642.9543,-11.83898,31.382761
316.5,-2681.4126,33.186653,31.862411
316.52,-2676.6055,3.0627398,32.182175
316.53998,-2691.0273,-21.292757,31.862411
316.56,-2642.9543,-18.248322,31.22288
316.58,-2695.8345,-21.613226,31.542645
316.6,-2695.8345,-8.153608,31.542645
316.62,-2666.9907,6.5878778,32.182175
316.63998,-2618.918,-8.313842,32.182175
316.66,-2662.1833,-65.67744,31.542645
316.68,-2666.9907,2.261572,32.022293
316.69998,-2700.6418,-16.485752,32.182175
316.72,-2695.8345,-11.518513,31.70253
316.74,-2739.1,-11.358279,32.501938
316.75998,-2691.0273,-30.265835,31.70253
316.78,-2695.8345,-9.916177,31.542645
316.8,-2642.9543,-19.369957,32.182175
316.82,-2686.2197,20.528198,31.862411
316.84,-2695.8345,-73.36864,32.022293
316.86,-2705.449,-26.099764,31.862411
316.88,-2666.9907,-19.850657,32.501938
316.9,-2724.6782,-21.933691,32.022293
316.91998,-2710.256,43.12113,32.182175
316.94,-2647.7617,4.504842,31.70253
316.96,-2676.6055,-30.265835,31.70253
316.97998,-2705.449,-43.40498,31.70253
317.0,-2681.4126,-20.651823,32.342056
317.02,-2700.6418,7.228812,31.862411
317.03998,-2705.449,-53.179222,31.862411
317.06,-2691.0273,4.184375,32.661827
317.08,-2647.7617,-17.447153,31.862411
317.1,-2695.8345,-0.7828655,32.98159
317.12,-2681.4126,3.2229733,32.182175
317.13998,-2724.6782,4.6650753,32.82171
317.16,-2700.6418,-7.352441,31.862411
317.18,-2662.1833,17.804228,32.661827
317.19998,-2715.0637,-5.910339,33.14147
317.22,-2700.6418,-33.630737,32.82171
317.24,-2700.6418,15.881425,31.862411
317.25998,-2691.0273,-14.242482,32.182175
317.28,-2652.569,-13.761782,31.862411
317.3,-2710.256,15.400723,32.82171
317.32,-2657.3762,-17.126686,32.022293
317.34,-2700.6418,-12.960614,32.182175
317.36,-2715.0637,-17.607388,32.501938
317.38,-2657.3762,-16.645985,32.022293
317.4,-2676.6055,-1.1033326,32.182175
317.41998,-2748.7146,2.7422726,32.501938
317.44,-2691.0273,2.902506,32.501938
317.46,-2710.256,-7.993375,32.501938
317.47998,-2652.569,9.792548,31.70253
317.5,-2686.2197,7.8697467,32.182175
317.52,-2657.3762,-13.120848,32.661827
317.53998,-2691.0273,33.346886,32.82171
317.56,-2724.6782,-11.358279,32.661827
317.58,-2676.6055,9.311849,32.022293
317.6,-2671.798,-43.72545,31.862411
317.62,-2705.449,7.0685787,32.501938
317.63998,-2695.8345,-15.844818,32.022293
317.66,-2700.6418,-1.7442669,32.661827
317.68,-2691.0273,-18.248322,32.022293
317.69998,-2628.5327,7.228812,32.182175
317.72,-2671.798,-12.960614,31.542645
317.74,-2695.8345,5.3060093,32.501938
317.75998,-2657.3762,-14.883417,32.501938
317.78,-2734.2925,-35.07284,32.501938
317.8,-2700.6418,7.549279,32.342056
317.82,-2700.6418,-18.568789,31.70253
317.84,-2686.2197,-5.910339,32.342056
317.86,-2705.449,-1.2635663,32.661827
317.88,-2686.2197,-13.441315,33.14147
317.9,-2681.4126,-0.7828655,32.661827
317.91998,-2666.9907,-43.084515,31.862411
317.94,-2743.9072,-34.59214,31.862411
317.96,-2743.9072,-11.518513,32.82171
317.97998,-2715.0637,-32.34887,32.98159
318.0,-2724.6782,-7.993375,32.182175
318.02,-2743.9072,-31.547703,32.342056
318.03998,-2710.256,-20.01089,32.022293
318.06,-2705.449,33.346886,32.342056
318.08,-2710.256,3.5434403,32.342056
318.1,-2691.0273,-2.8659017,31.862411
318.12,-2662.1833,12.196053,32.342056
318.13998,-2715.0637,-19.209723,32.501938
318.16,-2729.4854,0.018302217,32.661827
318.18,-2719.8708,-31.547703,32.342056
318.19998,-2719.8708,-6.230806,31.862411
318.22,-2719.8708,10.593717,32.182175
318.24,-2710.256,1.6206378,31.862411
318.25998,-2739.1,-50.615486,32.342056
318.28,-2724.6782,-3.026135,32.342056
318.3,-2710.256,0.6592364,32.82171
318.32,-2676.6055,-4.3080034,32.182175
318.34,-2686.2197,5.3060093,32.98159
318.36,-2695.8345,-5.7501054,32.82171
318.38,-2700.6418,-17.76762,33.461235
318.4,-2676.6055,-34.111435,31.70253
318.41998,-2705.449,-16.485752,32.661827
318.44,-2657.3762,19.727032,32.501938
318.46,-2729.4854,3.3832066,32.342056
318.47998,-2705.449,-1.7442669,32.501938
318.5,-2753.5217,-19.049488,32.661827
318.52,-2729.4854,-11.678746,32.82171
318.53998,-2734.2925,12.8369875,32.82171
318.56,-2628.5327,15.400723,32.82171
318.58,-2695.8345,-1.9045002,33.14147
318.6,-2782.3655,-10.396878,32.98159
318.62,-2676.6055,-0.46239844,33.301353
318.63998,-2753.5217,-4.3080034,33.14147
318.66,-2791.98,9.952783,33.14147
318.68,-2724.6782,-22.414392,32.82171
318.69998,-2715.0637,-17.126686,32.98159
318.72,-2763.1365,-5.2694044,32.98159
318.74,-2695.8345,-19.690422,32.82171
318.75998,-2657.3762,1.7808713,32.661827
318.78,-2676.6055,-22.254158,33.14147
318.8,-2700.6418,-67.27977,32.82171
318.82,-2705.449,-29.945368,32.98159
318.84,-2724.6782,-24.17696,32.98159
318.86,-2642.9543,-20.49159,32.98159
318.88,-2743.9072,-10.557112,32.661827
318.9,-2739.1,-16.80622,32.661827
318.91998,-2734.2925,-41.96288,32.98159
318.94,-2695.8345,-10.717345,32.98159
318.96,-2734.2925,-11.999213,32.98159
318.97998,-2763.1365,-17.286919,32.661827
319.0,-2686.2197,-18.568789,33.301353
319.02,-2719.8708,-35.233074,32.98159
319.03998,-2681.4126,22.77147,32.98159
319.06,-2763.1365,-1.5840333,33.301353
319.08,-2691.0273,-16.645985,32.82171
319.1,-2715.0637,-26.42023,32.98159
319.12,-2681.4126,-17.126686,32.82171
319.13998,-2642.9543,3.0627398,32.342056
319.16,-2710.256,16.362125,33.14147
319.18,-2695.8345,-12.479914,33.14147
319.19998,-2686.2197,-10.236644,33.301353
319.22,-2710.256,-27.38163,32.98159
319.24,-2724.6782,-10.076411,32.98159
319.25998,-2739.1,32.22525,33.301353
319.28,-2719.8708,-23.69626,33.301353
319.3,-2719.8708,-8.794542,33.14147
319.32,-2719.8708,-32.989803,32.501938
319.34,-2734.2925,-39.078674,32.661827
319.36,-2724.6782,-10.076411,32.661827
319.38,-2695.8345,7.709513,32.82171
319.4,-2748.7146,-1.4237996,33.301353
319.41998,-2710.256,-49.173386,32.98159
319.44,-2753.5217,-32.188637,33.461235
319.46,-2729.4854,-26.099764,32.98159
319.47998,-2681.4126,-27.2214,32.82171
319.5,-2633.3398,-27.061165,32.98159
319.52,-2748.7146,-30.5863,33.14147
319.53998,-2710.256,-10.877579,33.14147
319.56,-2691.0273,-37.47634,32.661827
319.58,-2743.9072,-11.198046,32.82171
319.6,-2719.8708,19.086096,33.461235
319.62,-2719.8708,-12.31968,32.98159
319.63998,-2724.6782,4.024141,32.98159
319.66,-2753.5217,-25.779295,32.98159
319.68,-2647.7617,-12.159447,32.82171
319.69998,-2676.6055,-13.922015,33.62112
319.72,-2724.6782,-18.889254,32.98159
319.74,-2729.4854,4.825309,32.661827
319.75998,-2724.6782,25.335205,32.82171
319.78,-2705.449,-33.630737,33.781002
319.8,-2705.449,-17.286919,33.62112
319.82,-2715.0637,-9.755944,33.940884
319.84,-2743.9072,9.151615,33.14147
319.86,-2739.1,-2.7056682,33.301353
319.88,-2700.6418,-9.755944,33.301353
319.9,-2642.9543,8.510681,33.301353
319.91998,-2758.329,17.00306,33.62112
319.94,-2734.2925,-26.099764,33.14147
319.96,-2758.329,-16.485752,32.98159
319.97998,-2715.0637,-14.562949,33.301353
320.0,-2700.6418,-16.165285,33.461235
320.02,-2710.256,4.024141,33.461235
320.03998,-2724.6782,-14.562949,33.461235
320.06,-2618.918,-4.3080034,33.301353
320.08,-2782.3655,-41.161713,33.14147
320.1,-2700.6418,-22.093925,33.301353
320.12,-2715.0637,-26.42023,32.98159
320.13998,-2700.6418,-6.8717403,33.14147
320.16,-2676.6055,9.151615,33.461235
320.18,-2719.8708,-3.026135,33.62112
320.19998,-2710.256,-8.313842,33.781002
320.22,-2695.8345,-19.690422,33.14147
320.24,-2753.5217,-25.93953,33.14147
320.25998,-2705.449,33.98782,34.26065
320.28,-2671.798,-40.68101,33.940884
320.3,-2748.7146,-20.171124,33.940884
320.32,-2763.1365,-6.230806,33.940884
320.34,-2758.329,-7.5126743,33.461235
320.36,-2719.8708,-15.203884,33.781002
320.38,-2729.4854,-42.44358,33.940884
320.4,-2729.4854,-19.209723,33.461235
320.41998,-2739.1,-38.27751,33.781002
320.44,-2700.6418,-23.536026,33.301353
320.46,-2724.6782,-9.755944,33.781002
320.47998,-2715.0637,0.17853576,34.580418
320.5,-2729.4854,-11.678746,33.62112
320.52,-2753.5217,-36.835407,33.14147
320.53998,-2763.1365,-17.607388,33.781002
320.56,-2710.256,-8.634309,33.940884
320.58,-2719.8708,2.902506,33.62112
320.6,-2729.4854,-18.088087,33.940884
320.62,-2729.4854,-23.856495,33.461235
320.63998,-2719.8708,-24.978128,33.781002
320.66,-2719.8708,-0.46239844,33.301353
320.68,-2782.3655,-18.248322,33.940884
320.69998,-2724.6782,13.317687,33.940884
320.72,-2758.329,-14.883417,33.62112
320.74,-2705.449,-20.972292,33.781002
320.75998,-2719.8708,-12.800381,33.62112
320.78,-2676.6055,-7.833141,33.461235
320.8,-2710.256,3.2229733,33.461235
320.82,-2763.1365,-28.022566,33.62112
320.84,-2710.256,-17.76762,34.10077
320.86,-2710.256,-10.076411,33.14147
320.88,-2681.4126,18.765629,33.62112
320.9,-2691.0273,-21.132523,33.461235
320.91998,-2753.5217,-5.7501054,33.940884
320.94,-2739.1,-24.817896,33.940884
320.96,-2724.6782,-72.24701,33.14147
320.97998,-2734.2925,1.6206378,33.14147
321.0,-2724.6782,-20.972292,33.301353
321.02,-2743.9072,-23.856495,33.14147
321.03998,-2700.6418,-9.435476,33.781002
321.06,-2715.0637,-18.729021,33.62112
321.08,-2715.0637,-1.5840333,33.940884
321.1,-2796.7874,-15.364117,33.781002
321.12,-2705.449,-29.304434,33.781002
321.13998,-2719.8708,29.98198,33.461235
321.16,-2666.9907,-23.536026,33.781002
321.18,-2681.4126,-13.441315,33.461235
321.19998,-2734.2925,-2.7056682,33.14147
321.22,-2710.256,-16.485752,33.301353
321.24,-2739.1,-4.7887044,34.10077
321.25998,-2739.1,-16.325518,33.62112
321.28,-2729.4854,4.504842,33.781002
321.3,-2710.256,10.593717,33.461235
321.32,-2734.2925,-14.562949,33.781002
321.34,-2719.8708,-22.895092,34.10077
321.36,-2743.9072,-7.352441,33.781002
321.38,-2743.9072,-3.1863687,33.781002
321.4,-2739.1,-8.954777,33.781002
321.41998,-2719.8708,-38.91844,33.781002
321.44,-2772.751,-17.607388,33.62112
321.46,-2758.329,-5.7501054,33.781002
321.47998,-2739.1,5.6264763,33.301353
321.5,-2734.2925,-25.779295,34.26065
321.52,-2772.751,-22.414392,34.26065
321.53998,-2724.6782,-6.5512733,33.940884
321.56,-2724.6782,-25.779295,33.62112
321.58,-2763.1365,-6.3910394,33.940884
321.6,-2763.1365,-19.530188,33.781002
321.62,-2748.7146,-51.897354,34.420532
321.63998,-2777.558,-13.601548,33.940884
321.66,-2666.9907,0.17853576,34.26065
321.68,-2715.0637,-44.526615,32.98159
321.69998,-2734.2925,-28.983965,34.26065
321.72,-2734.2925,-36.995644,34.26065
321.74,-2782.3655,-23.536026,34.10077
321.75998,-2734.2925,-0.14193134,33.781002
321.78,-2729.4854,-24.016727,33.461235
321.8,-2686.2197,-35.55354,33.940884
321.82,-2715.0637,-17.607388,34.580418
321.84,-2758.329,-19.690422,34.420532
321.86,-2724.6782,-9.59571,34.26065
321.88,-2743.9072,-9.916177,33.940884
321.9,-2763.1365,-26.42023,33.62112
321.91998,-2743.9072,-4.14777,33.940884
321.94,-2772.751,-20.171124,34.10077
321.96,-2753.5217,8.02998,33.940884
321.97998,-2748.7146,-35.71377,33.940884
322.0,-2710.256,-8.634309,34.10077
322.02,-2710.256,-13.922015,34.580418
322.03998,-2724.6782,-17.76762,33.781002
322.06,-2695.8345,-25.779295,34.10077
322.08,-2758.329,-16.325518,34.10077
322.1,-2782.3655,-29.304434,34.10077
322.12,-2719.8708,-21.452991,33.62112
322.13998,-2691.0273,2.4218054,34.420532
322.16,-2743.9072,-0.46239844,34.10077
322.18,-2767.9436,-26.099764,33.940884
322.19998,-2719.8708,7.228812,34.26065
322.22,-2695.8345,-25.298595,33.62112
322.24,-2691.0273,17.00306,34.420532
322.25998,-2729.4854,-4.468237,33.940884
322.28,-2734.2925,0.49900287,33.940884
322.3,-2748.7146,-15.684585,33.940884
322.32,-2724.6782,1.4604042,34.10077
322.34,-2743.9072,21.9703,33.461235
322.36,-2748.7146,7.8697467,34.10077
322.38,-2787.1729,-7.993375,34.580418
322.4,-2753.5217,-16.165285,34.26065
322.41998,-2753.5217,-14.883417,33.781002
322.44,-2753.5217,-50.29502,33.14147
322.46,-2753.5217,-3.3466022,33.940884
322.47998,-2743.9072,-1.5840333,34.26065
322.5,-2758.329,-3.3466022,33.781002
322.52,-2729.4854,-1.4237996,34.10077
322.53998,-2729.4854,-30.426067,33.940884
322.56,-2647.7617,28.860344,33.781002
322.58,-2758.329,-28.343033,34.26065
322.6,-2767.9436,-7.672908,34.10077
322.62,-2791.98,-22.254158,34.10077
322.63998,-2763.1365,-6.711507,34.26065
322.66,-2758.329,-6.0705724,33.781002
322.68,-2739.1,-11.678746,33.781002
322.69998,-2715.0637,2.261572,34.26065
322.72,-2719.8708,-33.790974,33.62112
322.74,-2791.98,-4.948938,33.301353
322.75998,-2830.4382,15.560958,34.10077
322.78,-2748.7146,-23.055326,34.10077
322.8,-2748.7146,-3.5068357,33.940884
322.82,-2782.3655,-10.236644,33.62112
322.84,-2763.1365,-29.624899,33.940884
322.86,-2763.1365,-56.864594,33.781002
322.88,-2753.5217,-19.049488,33.940884
322.9,-2782.3655,-8.794542,33.940884
322.91998,-2753.5217,-2.8659017,33.781002
322.94,-2777.558,-45.32778,33.461235
322.96,-2743.9072,-24.016727,34.26065
322.97998,-2763.1365,-28.503265,33.461235
323.0,-2791.98,-16.485752,33.461235
323.02,-2739.1,-34.431904,34.26065
323.03998,-2763.1365,-24.337194,33.781002
323.06,-2763.1365,-6.711507,33.62112
323.08,-2715.0637,-7.833141,33.781002
323.1,-2777.558,-25.779295,33.62112
323.12,-2816.0164,25.815907,33.781002
323.13998,-2695.8345,-34.752373,33.781002
323.16,-2724.6782,-37.957043,34.26065
323.18,-2787.1729,-16.485752,33.62112
323.19998,-2739.1,-3.9875362,33.940884
323.22,-2739.1,17.483759,34.10077
323.24,-2715.0637,2.1013381,33.62112
323.25998,-2715.0637,-33.951202,33.781002
323.28,-2772.751,-51.57689,33.781002
323.3,-2734.2925,-32.34887,34.26065
323.32,-2739.1,-18.248322,33.781002
323.34,-2763.1365,11.074417,34.10077
323.36,-2734.2925,-40.841244,33.781002
323.38,-2748.7146,-12.479914,33.781002
323.4,-2801.5945,-4.948938,34.420532
323.41998,-2753.5217,-9.916177,33.940884
323.44,-2748.7146,-3.5068357,33.940884
323.46,-2763.1365,-30.746534,34.420532
323.47998,-2743.9072,-0.9430991,34.7403
323.5,-2691.0273,-32.34887,34.580418
323.52,-2743.9072,-28.503265,34.26065
323.53998,-2710.256,-21.292757,34.26065
323.56,-2758.329,-10.557112,34.26065
323.58,-2782.3655,-17.447153,33.781002
323.6,-2758.329,-14.242482,33.781002
323.62,-2801.5945,-23.69626,34.26065
323.63998,-2739.1,-19.209723,34.10077
323.66,-2782.3655,-30.5863,34.10077
323.68,-2739.1,-13.120848,33.781002
323.69998,-2763.1365,-30.906769,33.62112
323.72,-2724.6782,-16.165285,33.940884
323.74,-2743.9072,-29.945368,34.420532
323.75998,-2743.9072,-45.64825,34.10077
323.78,-2739.1,-5.589872,34.10077
323.8,-2743.9072,-22.414392,33.62112
323.82,-2758.329,-30.5863,33.301353
323.84,-2796.7874,-15.684585,33.940884
323.86,-2763.1365,4.184375,34.90018
323.88,-2787.1729,-23.856495,34.26065
323.9,-2743.9072,-10.236644,34.580418
323.91998,-2753.5217,-6.230806,33.781002
323.94,-2777.558,-22.254158,34.10077
323.96,-2811.2092,6.908345,34.26065
323.97998,-2763.1365,-11.678746,33.461235
324.0,-2743.9072,19.727032,33.940884
324.02,-2763.1365,-0.7828655,34.10077
324.03998,-2753.5217,-10.236644,34.10077
324.06,-2758.329,63.150337,33.781002
324.08,-2791.98,0.49900287,34.26065
324.1,-2767.9436,6.2674108,34.420532
324.12,-2763.1365,-11.358279,34.420532
324.13998,-2748.7146,-12.800381,33.940884
324.16,-2753.5217,-4.7887044,33.781002
324.18,-2782.3655,-6.8717403,34.420532
324.19998,-2753.5217,39.916462,34.26065
324.22,-2801.5945,-28.983965,34.7403
324.24,-2772.751,19.887262,34.420532
324.25998,-2791.98,-3.5068357,34.10077
324.28,-2763.1365,9.151615,34.580418
324.3,-2763.1365,-1.7442669,34.580418
324.32,-2811.2092,-26.42023,34.26065
324.34,-2801.5945,-4.468237,34.420532
324.36,-2777.558,-28.6635,34.10077
324.38,-2782.3655,-16.005053,33.940884
324.4,-2816.0164,-15.203884,33.940884
324.41998,-2772.751,-31.387466,34.10077
324.44,-2782.3655,-12.960614,34.90018
324.46,-2777.558,-19.690422,34.26065
324.47998,-2758.329,17.96446,34.26065
324.5,-2806.4019,-41.00148,34.580418
324.52,-2763.1365,-3.1863687,34.580418
324.53998,-2787.1729,-10.557112,34.7403
324.56,-2748.7146,-30.5863,34.7403
324.58,-2763.1365,-6.0705724,34.420532
324.6,-2791.98,-12.640147,34.26065
324.62,-2777.558,-20.171124,34.26065
324.63998,-2787.1729,8.831148,34.7403
324.66,-2739.1,-22.895092,34.420532
324.68,-2734.2925,-2.385201,34.580418
324.69998,-2772.751,-10.236644,35.060062
324.72,-2739.1,12.035819,34.90018
324.74,-2763.1365,-23.536026,34.26065
324.75998,-2758.329,-5.7501054,34.420532
324.78,-2816.0164,-41.321945,35.060062
324.8,-2777.558,-8.153608,35.219944
324.82,-2777.558,-32.34887,34.7403
324.84,-2743.9072,-71.60607,34.580418
324.86,-2796.7874,-5.429638,34.420532
324.88,-2748.7146,-35.55354,34.580418
324.9,-2796.7874,-31.227234,35.060062
324.91998,-2753.5217,-43.72545,34.580418
324.94,-2758.329,-28.182798,34.7403
324.96,-2763.1365,-12.640147,34.26065
324.97998,-2753.5217,-35.233074,34.420532
325.0,-2767.9436,-53.339455,34.10077
325.02,-2705.449,-25.93953,34.26065
325.03998,-2777.558,-34.912605,34.26065
325.06,-2787.1729,-48.051754,33.940884
325.08,-2748.7146,-2.8659017,34.420532
325.1,-2796.7874,-25.298595,34.26065
325.12,-2806.4019,-35.393307,34.420532
325.13998,-2753.5217,-26.580463,34.580418
325.16,-2772.751,-23.536026,34.420532
325.18,-2796.7874,0.49900287,34.7403
325.19998,-2777.558,-58.787395,34.26065
325.22,-2791.98,-16.325518,34.10077
325.24,-2811.2092,-41.161713,34.26065
325.25998,-2811.2092,-39.559376,34.10077
325.28,-2820.8237,0.17853576,34.420532
325.3,-2734.2925,-20.972292,34.26065
325.32,-2791.98,-22.414392,35.060062
325.34,-2806.4019,-25.138361,34.7403
325.36,-2748.7146,-29.304434,34.580418
325.38,-2763.1365,-29.945368,33.940884
325.4,-2796.7874,-31.547703,34.10077
325.41998,-2772.751,-9.275244,35.060062
325.44,-2753.5217,-36.995644,34.7403
325.46,-2767.9436,-19.049488,35.060062
325.47998,-2811.2092,-14.723184,34.580418
325.5,-2811.2092,-5.589872,34.7403
325.52,-2772.751,20.047497,35.060062
325.53998,-2796.7874,-11.678746,35.379826
325.56,-2763.1365,-8.474075,35.219944
325.58,-2777.558,-26.259996,35.379826
325.6,-2796.7874,5.9469438,34.580418
325.62,-2777.558,4.825309,34.580418
325.63998,-2748.7146,-5.7501054,34.580418
325.66,-2763.1365,-29.785133,35.060062
325.68,-2739.1,10.113016,35.53971
325.69998,-2748.7146,-2.5454345,34.420532
325.72,-2767.9436,-9.755944,34.420532
325.74,-2758.329,31.584314,35.219944
325.75998,-2811.2092,-22.093925,35.53971
325.78,-2772.751,-18.248322,34.90018
325.8,-2777.558,-10.076411,34.420532
325.82,-2767.9436,-24.17696,34.7403
325.84,-2777.558,4.184375,35.219944
325.86,-2782.3655,-33.951202,35.53971
325.88,-2777.558,-22.574625,34.580418
325.9,-2710.256,0.018302217,35.060062
325.91998,-2758.329,-43.565212,35.219944
325.94,-2782.3655,-9.275244,35.379826
325.96,-2748.7146,-10.877579,34.90018
325.97998,-2767.9436,-13.120848,35.219944
326.0,-2753.5217,-8.634309,35.379826
326.02,-2739.1,-19.530188,34.90018
326.03998,-2753.5217,10.75395,35.379826
326.06,-2782.3655,8.510681,35.219944
326.08,-2767.9436,-48.051754,35.699596
326.1,-2758.329,-33.630737,35.060062
326.12,-2796.7874,-16.966454,35.379826
326.13998,-2647.7617,-0.9430991,34.7403
326.16,-2772.751,-17.126686,35.060062
326.18,-2729.4854,-11.678746,34.90018
326.19998,-2734.2925,-3.3466022,35.379826
326.22,-2782.3655,-24.17696,35.219944
326.24,-2719.8708,-13.120848,35.060062
326.25998,-2791.98,8.510681,35.219944
326.28,-2772.751,-22.895092,35.379826
326.3,-2806.4019,2.7422726,35.219944
326.32,-2791.98,-40.040077,34.7403
326.34,-2743.9072,-2.2249672,35.219944
326.36,-2767.9436,-19.369957,34.580418
326.38,-2782.3655,-9.755944,35.060062
326.4,-2791.98,-14.402717,35.060062
326.41998,-2787.1729,-39.399143,35.379826
326.44,-2719.8708,-0.9430991,34.90018
326.46,-2753.5217,-29.464666,35.219944
326.47998,-2772.751,-12.31968,34.7403
326.5,-2806.4019,16.20189,35.060062
326.52,-2782.3655,-31.707935,34.7403
326.53998,-2724.6782,19.086096,34.580418
326.56,-2782.3655,-21.292757,35.060062
326.58,-2782.3655,-5.1091714,34.7403
326.6,-2782.3655,-32.82957,35.219944
326.62,-2739.1,-40.68101,35.060062
326.63998,-2734.2925,-1.9045002,35.219944
326.66,-2840.0527,-25.298595,34.90018
326.68,-2739.1,1.4604042,34.7403
326.69998,-2777.558,0.6592364,34.7403
326.72,-2753.5217,-8.153608,35.379826
326.74,-2777.558,-0.62263197,35.379826
326.75998,-2758.329,-12.960614,34.26065
326.78,-2791.98,-8.634309,35.060062
326.8,-2787.1729,11.234652,35.060062
326.82,-2748.7146,-0.7828655,35.219944
326.84,-2767.9436,-26.42023,34.90018
326.86,-2763.1365,-6.230806,35.060062
326.88,-2801.5945,-35.07284,35.060062
326.9,-2777.558,-55.903194,35.379826
326.91998,-2796.7874,-7.993375,35.379826
326.94,-2801.5945,-23.69626,35.060062
326.96,-2782.3655,-38.597977,35.060062
326.97998,-2796.7874,-13.120848,35.219944
327.0,-2739.1,-17.447153,35.53971
327.02,-2820.8237,-12.960614,34.90018
327.03998,-2777.558,-7.833141,35.379826
327.06,-2801.5945,-32.82957,34.420532
327.08,-2801.5945,-23.856495,35.060062
327.1,-2772.751,-4.14777,35.060062
327.12,-2791.98,0.33876932,35.060062
327.13998,-2791.98,0.9797035,35.060062
327.16,-2791.98,-20.331356,34.90018
327.18,-2758.329,-20.331356,34.90018
327.19998,-2820.8237,11.875586,35.219944
327.22,-2820.8237,14.279089,35.219944
327.24,-2811.2092,-6.0705724,35.060062
327.25998,-2830.4382,-25.93953,35.060062
327.28,-2820.8237,-23.21556,35.060062
327.3,-2830.4382,5.3060093,35.219944
327.32,-2820.8237,17.163294,35.219944
327.34,-2787.1729,1.4604042,35.060062
327.36,-2710.256,15.72119,35.379826
327.38,-2801.5945,-30.1056,35.53971
327.4,-2840.0527,-4.468237,35.219944
327.41998,-2796.7874,16.20189,35.219944
327.44,-2758.329,-7.833141,34.7403
327.46,-2801.5945,-3.827303,35.53971
327.47998,-2806.4019,-39.879845,35.379826
327.5,-2820.8237,-53.980392,34.90018
327.52,-2816.0164,0.49900287,35.219944
327.53998,-2791.98,-3.5068357,34.420532
327.56,-2806.4019,5.78671,35.060062
327.58,-2763.1365,-9.916177,35.53971
327.6,-2739.1,-8.634309,35.53971
327.62,-2787.1729,-15.203884,34.7403
327.63998,-2796.7874,24.373804,34.580418
327.66,-2782.3655,-4.7887044,35.379826
327.68,-2801.5945,9.952783,35.379826
327.69998,-2782.3655,-8.634309,35.379826
327.72,-2796.7874,-31.387466,34.7403
327.74,-2782.3655,-22.574625,34.7403
327.75998,-2811.2092,-9.115009,35.219944
327.78,-2835.2456,-43.244747,34.580418
327.8,-2796.7874,12.196053,35.379826
327.82,-2782.3655,-27.862331,34.7403
327.84,-2830.4382,-6.3910394,35.699596
327.86,-2787.1729,7.8697467,35.379826
327.88,-2801.5945,-19.209723,34.7403
327.9,-2811.2092,-3.6670694,35.219944
327.91998,-2782.3655,-28.6635,35.060062
327.94,-2739.1,19.246328,36.01936
327.96,-2820.8237,12.51652,35.53971
327.97998,-2816.0164,-34.27167,34.7403
328.0,-2758.329,-33.951202,34.7403
328.02,-2791.98,-36.514942,35.379826
328.03998,-2796.7874,-5.589872,35.379826
328.06,-2758.329,-11.678746,35.219944
328.08,-2767.9436,-35.393307,35.699596
328.1,-2763.1365,-0.62263197,35.379826
328.12,-2791.98,-12.960614,35.219944
328.13998,-2748.7146,-7.5126743,34.420532
328.16,-2691.0273,-20.49159,35.379826
328.18,-2811.2092,-0.46239844,35.53971
328.19998,-2772.751,-15.04365,35.060062
328.22,-2796.7874,-13.281082,34.7403
328.24,-2811.2092,8.190214,35.699596
328.25998,-2801.5945,-24.657661,35.859478
328.28,-2791.98,-10.717345,34.7403
328.3,-2806.4019,20.047497,35.219944
328.32,-2767.9436,-10.877579,35.060062
328.34,-2840.0527,-2.385201,35.699596
328.36,-2791.98,-25.298595,35.53971
328.38,-2806.4019,-41.161713,35.53971
328.4,-2825.6309,55.77959,35.219944
328.41998,-2758.329,-17.447153,35.219944
328.44,-2811.2092,8.02998,35.219944
328.46,-2820.8237,-42.764046,35.379826
328.47998,-2806.4019,26.296606,35.060062
328.5,-2796.7874,2.261572,35.219944
328.52,-2791.98,-7.993375,35.060062
328.53998,-2811.2092,-6.5512733,35.060062
328.56,-2796.7874,-21.452991,35.219944
328.58,-2806.4019,-21.933691,35.060062
328.6,-2791.98,0.81947,35.379826
328.62,-2801.5945,-2.0647337,35.379826
328.63998,-2811.2092,-15.364117,35.859478
328.66,-2791.98,2.261572,35.379826
328.68,-2849.6675,-14.08225,35.379826
328.69998,-2825.6309,-17.447153,35.219944
328.72,-2820.8237,-31.868172,35.219944
328.74,-2835.2456,-27.541864,35.219944
328.75998,-2825.6309,-18.568789,35.53971
328.78,-2772.751,-40.68101,35.379826
328.8,-2782.3655,-58.787395,34.7403
328.82,-2796.7874,-12.479914,35.060062
328.84,-2873.7039,-50.455254,35.379826
328.86,-2806.4019,-14.402717,35.53971
328.88,-2796.7874,-23.69626,35.379826
328.9,-2840.0527,-83.62358,35.219944
328.91998,-2811.2092,-21.933691,35.699596
328.94,-2801.5945,-1.4237996,35.699596
328.96,-2801.5945,-22.093925,35.219944
328.97998,-2806.4019,0.018302217,35.859478
329.0,-2767.9436,0.6592364,35.379826
329.02,-2796.7874,-1.7442669,35.219944
329.03998,-2811.2092,-3.026135,35.859478
329.06,-2796.7874,9.472081,35.859478
329.08,-2796.7874,-3.026135,35.53971
329.1,-2801.5945,-5.589872,35.379826
329.12,-2787.1729,-19.049488,35.699596
329.13998,-2844.86,-8.954777,35.53971
329.16,-2806.4019,6.5878778,36.01936
329.18,-2791.98,-14.562949,35.219944
329.19998,-2849.6675,-33.150036,35.060062
329.22,-2811.2092,-17.76762,35.379826
329.24,-2796.7874,-19.690422,34.580418
329.25998,-2791.98,5.6264763,35.53971
329.28,-2777.558,-28.983965,35.060062
329.3,-2825.6309,-47.09035,35.060062
329.32,-2820.8237,-9.59571,35.219944
329.34,-2811.2092,-50.29502,34.7403
329.36,-2825.6309,-24.657661,35.379826
329.38,-2787.1729,-23.21556,35.53971
329.4,-2763.1365,-39.399143,35.060062
329.41998,-2820.8237,-21.452991,35.060062
329.44,-2820.8237,-21.452991,35.53971
329.46,-2806.4019,-44.366383,34.580418
329.47998,-2816.0164,-36.675175,34.7403
329.5,-2806.4019,-27.541864,34.420532
329.52,-2840.0527,-29.464666,34.90018
329.53998,-2816.0164,-19.209723,35.219944
329.56,-2854.4746,-8.153608,35.219944
329.58,-2816.0164,-54.46109,34.7403
329.6,-2796.7874,-21.613226,34.7403
329.62,-2830.4382,-7.5126743,35.060062
329.63998,-2811.2092,-32.5091,35.379826
329.66,-2796.7874,-20.972292,35.53971
329.68,-2777.558,-36.354706,35.219944
329.69998,-2835.2456,-18.729021,34.90018
329.72,-2816.0164,-32.989803,34.7403
329.74,-2811.2092,-18.248322,35.060062
329.75998,-2835.2456,-33.951202,35.53971
329.78,-2868.8965,-21.613226,35.379826
329.8,-2787.1729,-22.895092,35.060062
329.82,-2825.6309,-37.155872,35.060062
329.84,-2835.2456,-24.17696,34.7403
329.86,-2840.0527,2.5820389,35.53971
329.88,-2796.7874,-13.761782,35.060062
329.9,-2830.4382,-67.76047,35.060062
329.91998,-2835.2456,-15.04365,35.379826
329.94,-2820.8237,-17.76762,35.219944
329.96,-2854.4746,9.151615,35.699596
329.97998,-2816.0164,-5.1091714,34.90018
330.0,-2820.8237,-49.173386,34.7403
330.02,-2767.9436,-43.40498,34.90018
330.03998,-2787.1729,7.228812,35.060062
330.06,-2864.089,2.1013381,35.53971
330.08,-2840.0527,-33.470505,35.859478
330.1,-2806.4019,-12.159447,35.859478
330.12,-2791.98,-0.46239844,34.90018
330.13998,-2753.5217,-27.2214,35.379826
330.16,-2820.8237,-30.5863,35.219944
330.18,-2796.7874,-11.518513,36.17924
330.19998,-2767.9436,-29.945368,35.379826
330.22,-2811.2092,-31.067003,34.7403
330.24,-2835.2456,-30.5863,35.060062
330.25998,-2835.2456,-26.740696,35.379826
330.28,-2796.7874,-21.773457,35.699596
330.3,-2859.282,-12.479914,35.699596
330.32,-2864.089,-36.354706,35.699596
330.34,-2811.2092,3.3832066,35.53971
330.36,-2782.3655,-46.769882,35.53971
330.38,-2782.3655,-24.016727,35.379826
330.4,-2835.2456,-2.385201,35.699596
330.41998,-2849.6675,-14.402717,35.379826
330.44,-2830.4382,4.3446083,35.699596
330.46,-2806.4019,-9.755944,35.859478
330.47998,-2787.1729,-5.429638,36.339123
330.5,-2820.8237,-14.562949,35.699596
330.52,-2854.4746,-18.568789,35.379826
330.53998,-2830.4382,-24.337194,35.699596
330.56,-2816.0164,-6.711507,35.379826
330.58,-2859.282,12.676753,36.01936
330.6,-2868.8965,6.5878778,35.060062
330.62,-2791.98,25.335205,35.379826
330.63998,-2859.282,-8.153608,35.379826
330.66,-2840.0527,-3.827303,35.699596
330.68,-2806.4019,6.1071773,35.699596
330.69998,-2830.4382,-9.275244,35.53971
330.72,-2801.5945,7.3890457,35.219944
330.74,-2844.86,44.563236,35.379826
330.75998,-2835.2456,-18.729021,35.379826
330.78,-2816.0164,-10.076411,35.699596
330.8,-2811.2092,-3.026135,34.90018
330.82,-2816.0164,-3.1863687,35.060062
330.84,-2878.511,-6.3910394,35.53971
330.86,-2806.4019,16.20189,35.379826
330.88,-2878.511,6.2674108,35.53971
330.9,-2830.4382,-3.6670694,35.219944
330.91998,-2840.0527,-9.59571,34.7403
330.94,-2854.4746,29.020578,35.060062
330.96,-2888.1255,8.510681,35.219944
330.97998,-2878.511,-29.945368,35.219944
331.0,-2830.4382,4.184375,35.379826
331.02,-2854.4746,-9.115009,35.379826
331.03998,-2816.0164,64.75268,35.379826
331.06,-2811.2092,13.477921,35.53971
331.08,-2830.4382,24.213572,35.859478
331.1,-2859.282,-9.115009,35.859478
331.12,-2864.089,-37.957043,35.219944
331.13998,-2820.8237,1.9411048,35.060062
331.16,-2844.86,26.45684,35.219944
331.18,-2835.2456,-14.242482,35.379826
331.19998,-2820.8237,-15.04365,35.53971
331.22,-2796.7874,-44.847084,35.219944
331.24,-2820.8237,-16.165285,35.53971
331.25998,-2820.8237,-12.159447,35.219944
331.28,-2801.5945,7.228812,34.90018
331.3,-2816.0164,-17.126686,35.219944
331.32,-2859.282,-16.966454,35.379826
331.34,-2840.0527,-43.88568,35.53971
331.36,-2724.6782,-2.7056682,35.379826
331.38,-2840.0527,-4.948938,35.379826
331.4,-2830.4382,-22.73486,35.379826
331.41998,-2801.5945,-40.040077,35.379826
331.44,-2787.1729,-4.6284704,35.53971
331.46,-2758.329,19.566797,35.859478
331.47998,-2820.8237,0.6592364,35.379826
331.5,-2825.6309,-9.115009,35.53971
331.52,-2820.8237,-7.352441,35.699596
331.53998,-2811.2092,-8.153608,35.53971
331.56,-2878.511,10.27325,35.379826
331.58,-2796.7874,7.3890457,35.53971
331.6,-2849.6675,-3.1863687,35.53971
331.62,-2791.98,9.311849,35.699596
331.63998,-2835.2456,-28.503265,35.219944
331.66,-2801.5945,1.4604042,35.379826
331.68,-2840.0527,9.472081,34.580418
331.69998,-2830.4382,-10.717345,35.53971
331.72,-2825.6309,-8.474075,36.01936
331.74,-2849.6675,-64.075096,35.219944
331.75998,-2844.86,-19.369957,35.53971
331.78,-2777.558,-14.242482,35.379826
331.8,-2825.6309,-12.960614,36.01936
331.82,-2825.6309,-39.559376,35.379826
331.84,-2840.0527,-6.0705724,35.699596
331.86,-2830.4382,-57.185062,35.53971
331.88,-2854.4746,-3.026135,35.53971
331.9,-2825.6309,-23.21556,35.379826
331.91998,-2796.7874,-61.190895,35.379826
331.94,-2849.6675,-17.76762,35.859478
331.96,-2816.0164,-14.723184,35.219944
331.97998,-2816.0164,-27.38163,35.699596
332.0,-2844.86,4.3446083,35.699596
332.02,-2835.2456,-25.298595,34.420532
332.03998,-2941.0059,2.7422726,30.903116
332.06,-2854.4746,-37.79681,29.304289
332.08,-2902.5474,-5.910339,30.58335
332.1,-2840.0527,-10.236644,33.461235
332.12,-2820.8237,-31.387466,35.219944
332.13998,-2859.282,-24.17696,36.49901
332.16,-2892.9329,-28.343033,36.339123
332.18,-2941.0059,-5.1091714,34.580418
332.19998,-2955.4275,-21.452991,32.022293
332.22,-2916.9692,-18.088087,30.423468
332.24,-2897.7402,-13.601548,29.783936
332.25998,-2868.8965,-11.037811,30.263584
332.28,-2897.7402,-15.524351,31.542645
332.3,-2916.9692,2.1013381,33.14147
332.32,-2902.5474,-53.179222,34.10077
332.34,-2878.511,-36.835407,33.781002
332.36,-2892.9329,-22.895092,33.301353
332.38,-2897.7402,-74.81074,31.862411
332.4,-2902.5474,16.20189,30.903116
332.41998,-2912.1619,-8.794542,30.423468
332.44,-2888.1255,-73.208405,29.783936
332.46,-2892.9329,-25.93953,31.382761
332.47998,-2936.1982,-28.823734,31.862411
332.5,-2873.7039,-47.09035,33.14147
332.52,-2902.5474,-3.9875362,33.461235
332.53998,-2897.7402,-25.93953,32.182175
332.56,-2945.813,-0.30216488,31.70253
332.58,-2916.9692,-24.657661,30.903116
332.6,-2916.9692,-25.45883,31.062998
332.62,-2859.282,-19.850657,30.58335
332.63998,-2897.7402,-39.719612,31.382761
332.66,-2907.3547,21.169132,31.542645
332.68,-2883.3184,-7.993375,32.022293
332.69998,-2868.8965,-9.275244,32.182175
332.72,-2859.282,21.0089,32.501938
332.74,-2844.86,-11.83898,32.342056
332.75998,-2849.6675,-2.2249672,31.542645
332.78,-2811.2092,-27.2214,31.70253
332.8,-2811.2092,-19.850657,31.22288
332.82,-2734.2925,-4.14777,31.542645
332.84,-2787.1729,-2.7056682,31.862411
332.86,-2830.4382,-7.352441,32.022293
332.88,-2791.98,-1.5840333,32.182175
332.9,-2772.751,-27.862331,31.382761
332.91998,-2791.98,-28.022566,31.062998
332.94,-2782.3655,-19.049488,30.743233
332.96,-2777.558,-9.115009,30.903116
332.97998,-2753.5217,-2.7056682,30.903116
333.0,-2729.4854,-23.055326,31.382761
333.02,-2715.0637,-17.286919,31.062998
333.03998,-2705.449,-17.607388,27.385698
333.06,-2724.6782,-44.366383,21.789808
333.08,-2739.1,-3.026135,16.3538
333.1,-2710.256,-14.883417,12.676499
333.12,-2662.1833,14.759789,9.798614
333.13998,-2628.5327,12.196053,7.72014
333.16,-2623.7253,0.33876932,4.5224886
333.18,-2614.1106,-11.037811,0.5254247
333.19998,-2585.267,-7.672908,-3.3117566
333.22,-2546.8088,20.207731,-6.5094075
333.24,-2513.158,27.738708,-9.227411
333.25998,-2532.387,19.887262,-11.785531
333.28,-2479.5068,10.593717,-14.503534
333.3,-2493.9287,46.48604,-17.701185
333.32,-2460.2778,9.792548,-21.538366
333.34,-2388.1685,33.346886,-23.77672
333.36,-2412.2048,28.21941,-26.81449
333.38,-2316.0593,62.509403,-30.012138
333.4,-2340.0957,42.9609,-32.890022
333.41998,-2301.6375,47.126976,-35.288258
333.44,-2267.9866,41.67903,-38.16614
333.46,-2267.9866,33.346886,-41.363796
333.47998,-2229.5283,70.52109,-44.081795
333.5,-2176.6484,78.37253,-46.639915
333.52,-2181.4556,49.690712,-49.198036
333.53998,-2138.19,72.92459,-52.395683
333.56,-2046.8518,73.245056,-55.433453
333.58,-2085.31,73.885994,-57.831684
333.6,-2051.659,64.75268,-60.389805
333.62,-2003.5862,80.61581,-63.10781
333.63998,-2046.8518,78.85323,-65.82581
333.66,-1931.477,108.33623,-69.02346
333.68,-1931.477,41.358562,-72.061226
333.69998,-1917.0553,62.82987,-74.459465
333.72,-1825.7169,88.94795,-77.33735
333.74,-1811.295,72.443886,-79.89546
333.75998,-1782.4514,80.455574,-82.453575
333.78,-1691.1132,93.27427,-85.49134
333.8,-1633.4258,122.43679,-88.52911
333.82,-1643.0402,74.04623,-91.24711
333.84,-1628.6184,95.036835,-93.80523
333.86,-1585.3529,134.7748,-96.04358
333.88,-1532.4729,108.01576,-99.24123
333.9,-1484.4,128.04498,-101.639465
333.91998,-1431.52,101.44618,-104.51735
333.94,-1441.1345,114.104645,-107.23535
333.96,-1364.218,93.91519,-109.95335
333.97998,-1311.3379,114.104645,-112.99111
334.0,-1349.7963,112.82277,-115.868996
334.02,-1292.1088,90.069595,-117.78758
334.03998,-1191.156,130.128,-120.82534
334.06,-1215.1924,149.51628,-123.863106
334.08,-1171.9269,116.82861,-126.42123
334.1,-1104.6249,135.2555,-128.97934
334.12,-1085.3958,184.44725,-130.73805
334.13998,-1085.3958,119.873055,-134.41534
334.16,-1042.1301,172.42972,-137.29321
334.18,-1027.7084,146.31161,-140.01122
334.19998,-1032.5157,197.26595,-141.92981
334.22,-955.5992,147.27303,-144.96758
334.24,-998.8647,144.70927,-147.52568
334.25998,-888.29724,171.30809,-150.40358
334.28,-936.37006,182.20398,-152.96169
334.3,-873.8754,191.65776,-155.5198
334.32,-820.9953,177.39697,-158.07791
334.34,-854.6463,190.85661,-160.79591
334.36,-811.38074,190.21567,-163.51392
334.38,-864.2608,226.26826,-166.23192
334.4,-796.9589,178.5186,-168.63014
334.41998,-787.34436,195.02267,-171.02838
334.44,-801.7662,173.23088,-174.22601
334.46,-768.1152,212.96886,-176.78413
334.47998,-705.62054,192.93964,-179.02249
334.5,-763.308,145.02975,-181.90036
334.52,-768.1152,207.20045,-184.45848
334.53998,-758.5007,178.67883,-187.17648
334.56,-720.0424,197.58641,-189.89447
334.58,-720.0424,187.17122,-191.97295
334.6,-724.84973,163.7771,-194.37119
334.62,-705.62054,187.49168,-197.24905
334.63998,-662.35504,216.65424,-199.96704
334.66,-571.0167,183.96655,-202.84494
334.68,-700.8133,199.50922,-204.92339
334.69998,-720.0424,211.36652,-207.32162
334.72,-686.3914,236.68347,-210.35938
334.74,-724.84973,226.74898,-212.11809
334.75998,-772.9225,219.53845,-214.99597
334.78,-724.84973,247.2589,-217.71397
334.8,-657.5478,224.9864,-220.27208
334.82,-710.42786,218.73727,-222.83018
334.84,-667.16235,240.52907,-224.90865
334.86,-700.8133,232.19691,-227.94641
334.88,-710.42786,249.1817,-230.66441
334.9,-715.2351,240.6893,-233.06264
334.91998,-638.31866,279.30566,-235.62076
334.94,-705.62054,218.73727,-238.17886
334.96,-724.84973,242.61212,-241.05675
334.97998,-715.2351,195.1829,-243.29509
335.0,-715.2351,277.7033,-245.0538
335.02,-715.2351,244.8554,-248.41132
335.03998,-710.42786,249.98288,-250.17003
335.06,-787.34436,245.49634,-252.56824
335.08,-729.657,265.52554,-254.96646
335.1,-772.9225,277.38284,-257.84436
335.12,-777.7298,273.05655,-260.72223
335.13998,-744.0788,272.73608,-262.96057
335.16,-811.38074,259.9174,-265.5187
335.18,-787.34436,299.3349,-268.0768
335.19998,-777.7298,269.21094,-270.47504
335.22,-820.9953,218.09634,-273.03314
335.24,-811.38074,277.86356,-275.2715
335.25998,-835.4171,288.5992,-277.82962
335.28,-820.9953,285.71503,-279.90805
335.3,-835.4171,274.01797,-282.9458
335.32,-820.9953,297.4121,-284.8644
335.34,-869.0681,332.34308,-287.74228
335.36,-772.9225,318.7232,-290.1405
335.38,-849.839,284.91385,-292.85852
335.4,-888.29724,308.94894,-295.41663
335.41998,-893.10455,279.62613,-297.65497
335.44,-869.0681,280.26706,-299.73343
335.46,-792.1517,292.76532,-303.09097
335.47998,-873.8754,294.20743,-305.1694
335.5,-926.7555,309.75012,-307.24786
335.52,-902.71906,317.4413,-309.96588
335.53998,-912.3337,314.39688,-312.52396
335.56,-859.4536,318.2425,-315.24197
335.58,-921.94824,303.1805,-317.00067
335.6,-970.021,328.33722,-319.07913
335.62,-1018.0938,295.97,-322.11688
335.63998,-974.8283,331.38168,-324.03546
335.66,-1066.1666,342.7583,-326.11395
335.68,-1056.5521,320.00507,-329.1517
335.69998,-1018.0938,314.5571,-331.7098
335.72,-1032.5157,334.42615,-333.6284
335.74,-1080.5885,353.1735,-335.70682
335.75998,-1051.7448,352.05185,-338.58472
335.78,-1133.4685,336.3489,-341.62247
335.8,-1051.7448,371.44016,-342.74164
335.82,-1099.8176,368.87643,-345.45963
335.84,-1128.6613,375.12552,-347.69797
335.86,-1157.505,362.14658,-351.21536
335.88,-1176.734,344.2004,-352.9741
335.9,-1205.5778,377.2086,-355.05252
335.91998,-1234.4214,356.37817,-357.9304
335.94,-1210.385,354.6156,-360.32864
335.96,-1210.385,352.69278,-362.2472
335.97998,-1248.8434,352.21207,-364.32568
336.0,-1248.8434,408.7747,-367.04367
336.02,-1268.0724,431.5279,-369.4419
336.03998,-1325.7598,368.07526,-371.0407
336.06,-1354.6035,376.08694,-373.43893
336.08,-1378.6399,396.43668,-375.99704
336.1,-1306.5306,412.2998,-378.71503
336.12,-1407.4836,393.87292,-380.95337
336.13998,-1388.2544,419.6706,-382.87195
336.16,-1402.6763,403.8074,-385.58994
336.18,-1431.52,431.68814,-387.5085
336.19998,-1465.1709,400.76297,-390.06662
336.22,-1494.0145,393.23196,-392.46484
336.24,-1474.7855,421.7536,-394.54333
336.25998,-1599.7748,409.8963,-396.62177
336.28,-1537.2802,397.2378,-399.17987
336.3,-1566.1238,397.39804,-401.25836
336.32,-1546.8947,442.10333,-403.17694
336.34,-1623.8112,417.26706,-405.8949
336.36,-1604.582,414.38284,-407.9734
336.38,-1671.8839,429.76532,-410.53146
336.4,-1643.0402,432.80978,-412.2902
336.41998,-1662.2694,392.43082,-414.68842
336.44,-1763.2223,423.51617,-417.08664
336.46,-1729.5713,432.80978,-419.48486
336.47998,-1700.7277,410.8577,-421.8831
336.5,-1820.9095,448.35245,-423.96152
336.52,-1763.2223,466.29868,-426.35974
336.53998,-1844.946,448.03198,-427.9586
336.56,-1878.597,416.4659,-430.3568
336.58,-1912.2478,460.04953,-432.59512
336.6,-1965.128,425.5992,-434.99335
336.62,-2042.0444,462.45303,-436.59216
336.63998,-2094.9246,457.80627,-439.47003
336.66,-2239.143,485.8472,-441.06885
336.68,-2267.9866,471.42615,-443.62695
336.69998,-2301.6375,439.05887,-445.8653
336.72,-2412.2048,463.89514,-448.26352
336.74,-2484.3142,447.71152,-450.1821
336.75998,-2513.158,445.9489,-452.10068
336.78,-2546.8088,420.632,-454.65878
336.8,-2546.8088,466.77936,-456.73724
336.82,-2532.387,446.7501,-458.49594
336.84,-2676.6055,467.42032,-460.4145
336.86,-2691.0273,435.21326,-463.45224
336.88,-2715.0637,453.64017,-464.7313
336.9,-2715.0637,434.73254,-466.96964
336.91998,-2710.256,482.80273,-468.72833
336.94,-2777.558,479.75833,-471.44635
336.96,-2671.798,482.16183,-473.84454
336.97998,-2748.7146,501.06943,-475.76312
337.0,-2791.98,453.3197,-477.84158
337.02,-2734.2925,481.84137,-480.2398
337.03998,-2796.7874,490.81445,-482.1584
337.06,-2835.2456,490.65424,-484.23685
337.08,-2758.329,508.6004,-486.15543
337.1,-2820.8237,495.94193,-487.91412
337.12,-2811.2092,494.33963,-490.47223
337.13998,-2811.2092,491.9361,-492.87042
337.16,-2801.5945,552.0238,-493.50995
337.18,-2816.0164,515.811,-496.8675
337.19998,-2854.4746,501.38992,-499.1058
337.22,-2892.9329,539.20514,-500.54474
337.24,-2868.8965,495.301,-504.0621
337.25998,-2854.4746,489.85306,-505.66095
337.28,-2859.282,542.7303,-507.25974
337.3,-2888.1255,524.4636,-509.4981
337.32,-2912.1619,499.14664,-511.8963
337.34,-2897.7402,506.5174,-513.655
337.36,-2873.7039,539.68585,-515.57355
337.38,-2931.391,484.24484,-517.4922
337.4,-2902.5474,504.75485,-520.21014
337.41998,-2907.3547,539.0449,-521.9689
337.44,-2902.5474,581.9876,-523.5676
337.46,-2965.0422,517.89404,-526.12573
337.47998,-2931.391,555.86945,-528.3641
337.5,-2941.0059,542.7303,-530.7623
337.52,-2936.1982,517.73376,-532.3611
337.53998,-2945.813,531.51385,-534.2797
337.56,-2974.6565,550.2612,-535.8785
337.58,-2969.8494,566.44495,-537.957
337.6,-2984.2712,554.2671,-540.0354
337.62,-2984.2712,529.11035,-542.27374
337.63998,-2969.8494,550.74194,-544.1923
337.66,-2989.0786,574.2963,-546.11084
337.68,-2993.8857,546.89636,-547.54987
337.69998,-2969.8494,556.67065,-550.4277
337.72,-3022.7292,537.9233,-552.8259
337.74,-2993.8857,564.0414,-554.4247
337.75998,-3003.5002,564.6824,-556.1834
337.78,-3003.5002,553.3057,-558.26184
337.8,-3008.3076,544.9736,-560.82
337.82,-3061.1877,583.7502,-562.41876
337.84,-3080.4167,610.02856,-563.53796
337.86,-3017.922,565.3233,-566.4158
337.88,-3037.1514,589.3584,-567.535
337.9,-3022.7292,571.57245,-570.2529
337.91998,-3022.7292,583.2695,-571.85175
337.94,-3114.0676,614.51514,-574.09015
337.96,-3056.3804,590.8005,-575.52905
337.97998,-3056.3804,613.714,-577.92725
338.0,-3085.224,604.42035,-579.84576
338.02,-3085.224,614.3549,-581.7644
338.03998,-3070.802,574.9373,-583.683
338.06,-3094.8384,591.7619,-585.92126
338.08,-3085.224,576.5396,-587.83984
338.1,-3085.224,586.6344,-589.2788
338.12,-3056.3804,594.4859,-591.1974
338.13998,-3065.9949,603.93964,-592.7962
338.16,-3051.573,602.818,-595.03455
338.18,-3041.9585,615.3163,-597.113
338.19998,-3046.7656,565.64374,-599.03156
338.22,-3099.646,597.0496,-600.7902
338.24,-3147.7188,590.8005,-602.86865
338.25998,-3118.8748,622.687,-604.1477
338.28,-3094.8384,618.2005,-606.0663
338.3,-3123.6824,604.5806,-608.1448
338.32,-3094.8384,611.95135,-609.90344
338.34,-3085.224,639.03094,-611.98193
338.36,-3123.6824,608.7467,-613.74054
338.38,-3094.8384,648.32446,-615.17957
338.4,-3114.0676,658.25903,-617.0981
338.41998,-3094.8384,625.2508,-619.4963
338.44,-3109.2605,616.91864,-620.7753
338.46,-3128.4895,647.3631,-622.6939
338.47998,-3109.2605,620.12335,-624.7724
338.5,-3104.4531,634.86487,-626.53107
338.52,-3099.646,666.5912,-627.8101
338.53998,-3123.6824,667.3924,-630.04846
338.56,-3085.224,654.5736,-631.3275
338.58,-3128.4895,619.32214,-633.40594
338.6,-3147.7188,636.62744,-635.00476
338.62,-3133.2969,659.0602,-636.44366
338.63998,-3138.104,637.10815,-638.682
338.66,-3118.8748,680.3713,-640.1209
338.68,-3114.0676,652.0099,-642.51917
338.69998,-3118.8748,686.9409,-644.5976
338.72,-3157.3333,647.84375,-645.87665
338.74,-3099.646,641.27423,-647.47546
338.75998,-3123.6824,667.3924,-649.2342
338.78,-3128.4895,682.2941,-650.6731
338.8,-3109.2605,661.62396,-652.7515
338.82,-3109.2605,666.27075,-654.1905
338.84,-3104.4531,702.4836,-655.30963
338.86,-3109.2605,678.28827,-657.22815
338.88,-3114.0676,681.4929,-659.1468
338.9,-3123.6824,667.2321,-661.06537
338.91998,-3118.8748,665.6298,-662.3444
338.94,-3032.344,671.5584,-665.0624
338.96,-3128.4895,706.3292,-665.86176
338.97998,-3157.3333,680.53156,-667.4606
339.0,-3109.2605,696.23444,-669.21924
339.02,-3114.0676,673.00055,-671.2977
339.03998,-3128.4895,658.89996,-673.05634
339.06,-3152.526,687.2614,-674.975
339.08,-3114.0676,675.08356,-676.0941
339.1,-3104.4531,675.88477,-678.1726
339.12,-3133.2969,705.3678,-679.6115
339.13998,-3133.2969,686.6204,-680.5708
339.16,-3128.4895,667.0719,-683.4486
339.18,-3128.4895,706.97015,-684.72766
339.19998,-3147.7188,658.09875,-686.4864
339.22,-3128.4895,702.64386,-687.6055
339.24,-3118.8748,699.43915,-689.20435
339.25998,-3166.9478,728.12103,-690.80316
339.28,-3147.7188,709.0532,-691.76245
339.3,-3157.3333,686.9409,-693.8409
339.32,-3094.8384,713.8602,-695.27985
339.34,-3123.6824,708.252,-696.55884
339.36,-3157.3333,702.32336,-698.6373
339.38,-3099.646,745.26605,-700.07623
339.4,-3157.3333,691.107,-701.51514
339.41998,-3138.104,713.8602,-703.11395
339.44,-3171.7551,709.69415,-704.8727
339.46,-3200.5986,709.37366,-706.47144
339.47998,-3138.104,710.976,-708.5499
339.5,-3152.526,697.51636,-709.66907
339.52,-3162.1404,715.4626,-710.62836
339.53998,-3128.4895,714.1807,-712.54694
339.56,-3138.104,716.26373,-713.98584
339.58,-3104.4531,691.2673,-715.58466
339.6,-3109.2605,715.4626,-717.1835
339.62,-3186.1768,731.6462,-717.9829
339.63998,-3118.8748,698.95844,-720.54095
339.66,-3104.4531,736.13275,-721.50024
339.68,-3162.1404,722.8333,-723.09906
339.69998,-3152.526,763.37256,-723.5787
339.72,-3114.0676,736.13275,-725.6571
339.74,-3157.3333,751.03455,-727.7356
339.75998,-3162.1404,735.3316,-728.37506
339.78,-3142.9114,722.5128,-730.45355
339.8,-3123.6824,757.2836,-731.41284
339.82,-3166.9478,759.8474,-733.01166
339.84,-3176.5623,764.8147,-734.7703
339.86,-3147.7188,726.8392,-736.36914
339.88,-3181.3696,726.35846,-737.0086
339.9,-3152.526,761.1293,-738.76733
339.91998,-3138.104,792.6954,-740.0464
339.94,-3133.2969,741.58075,-741.64514
339.96,-3157.3333,765.2954,-742.6045
339.97998,-3118.8748,744.4649,-744.20325
340.0,-3195.7915,760.64856,-745.962
340.02,-3171.7551,733.88947,-747.4009
340.03998,-3128.4895,761.1293,-748.9997
340.06,-3171.7551,756.16205,-751.238
340.08,-3229.4424,752.7971,-752.3572
340.1,-3118.8748,770.7433,-754.7554
340.12,-3147.7188,766.5773,-756.1943
340.13998,-3171.7551,736.13275,-758.59247
340.16,-3181.3696,768.5,-760.67096
340.18,-3157.3333,741.42053,-762.58954
340.19998,-3157.3333,793.817,-764.18835
340.22,-3195.7915,788.5293,-765.46735
340.24,-3157.3333,774.74915,-767.386
340.25998,-3181.3696,761.9305,-769.62427
340.28,-3176.5623,763.0521,-770.42365
340.3,-3190.9841,790.7726,-772.662
340.32,-3162.1404,804.5527,-774.2608
340.34,-3205.406,782.9211,-776.0195
340.36,-3171.7551,780.03687,-777.93805
340.38,-3181.3696,797.34216,-780.0165
340.4,-3109.2605,774.74915,-781.4554
340.41998,-3166.9478,804.23224,-783.37396
340.44,-3166.9478,763.8533,-786.0919
340.46,-3219.828,807.2767,-786.57153
340.47998,-3162.1404,787.40765,-788.1704
340.5,-3128.4895,787.0872,-789.6093
340.52,-3162.1404,777.3129,-792.3273
340.53998,-3205.406,807.43695,-793.4464
340.56,-3205.406,787.40765,-795.5249
340.58,-3118.8748,806.155,-797.9231
340.6,-3162.1404,840.7656,-798.56256
340.62,-3128.4895,825.54333,-800.8009
340.63998,-3133.2969,838.3621,-801.7602
340.66,-3171.7551,812.7247,-804.15845
340.68,-3176.5623,830.67084,-805.7572
340.69998,-3210.2134,823.62054,-807.03625
340.72,-3186.1768,811.1223,-808.795
340.74,-3162.1404,829.22876,-810.39374
340.75998,-3195.7915,823.30005,-811.99255
340.78,-3152.526,814.64746,-813.91113
340.8,-3166.9478,847.65564,-815.6698
340.82,-3157.3333,894.28375,-816.3093
340.84,-3219.828,828.74805,-819.34705
340.86,-3157.3333,830.3504,-820.3063
340.88,-3176.5623,863.9996,-822.2249
340.9,-3162.1404,840.1247,-823.9835
340.91998,-3219.828,854.065,-824.78296
340.94,-3166.9478,843.81,-827.18115
340.96,-3133.2969,848.9375,-828.77997
340.97998,-3186.1768,849.258,-830.059
341.0,-3166.9478,840.2849,-831.9776
341.02,-3195.7915,870.24866,-832.9369
341.03998,-3190.9841,829.0685,-835.3351
341.06,-3234.2498,841.727,-837.2536
341.08,-3195.7915,870.24866,-837.7333
341.1,-3171.7551,849.258,-840.45123
341.12,-3181.3696,877.13873,-841.7303
341.13998,-3205.406,840.92584,-843.8087
341.16,-3171.7551,842.2077,-844.60815
341.18,-3162.1404,880.9844,-846.04706
341.19998,-3253.4788,846.534,-848.1255
341.22,-3181.3696,866.56323,-849.2446
341.24,-3215.0205,831.63226,-851.4829
341.25998,-3176.5623,864.96094,-853.0818
341.28,-3248.6714,849.258,-854.68054
341.3,-3166.9478,871.3703,-855.9596
341.32,-3133.2969,894.12354,-857.3985
341.34,-3171.7551,848.4568,-859.1572
341.36,-3181.3696,882.42645,-860.5961
341.38,-3181.3696,853.5843,-862.1949
341.4,-3195.7915,857.7504,-863.47394
341.41998,-3224.635,892.5212,-864.91284
341.44,-3152.526,878.7411,-866.8314
341.46,-3171.7551,861.9165,-868.75
341.47998,-3176.5623,865.1212,-869.5494
341.5,-3205.406,912.5505,-871.14825
341.52,-3162.1404,865.44165,-873.0668
341.53998,-3171.7551,905.98083,-874.1859
341.56,-3190.9841,901.65454,-875.78467
341.58,-3162.1404,890.2779,-877.38354
341.6,-3195.7915,918.63934,-878.9823
341.62,-3195.7915,871.85095,-880.26135
341.63998,-3171.7551,882.74695,-881.8601
341.66,-3190.9841,879.54224,-883.29913
341.68,-3219.828,905.3399,-884.8979
341.69998,-3186.1768,938.8288,-886.017
341.72,-3176.5623,896.52704,-887.45593
341.74,-3181.3696,854.3855,-889.3745
341.75998,-3210.2134,867.20416,-890.4937
341.78,-3166.9478,901.1738,-891.77277
341.8,-3176.5623,922.8054,-892.732
341.82,-3181.3696,884.99023,-894.9703
341.84,-3176.5623,891.23926,-896.88885
341.86,-3162.1404,900.6931,-897.36847
341.88,-3181.3696,902.4557,-899.44696
341.9,-3190.9841,920.0814,-900.726
341.91998,-3176.5623,934.823,-902.1649
341.94,-3166.9478,887.7142,-904.24335
341.96,-3162.1404,915.11414,-905.0428
341.97998,-3171.7551,938.34814,-906.80145
342.0,-3181.3696,932.2592,-907.6008
342.02,-3181.3696,950.8464,-909.51935
342.03998,-3181.3696,903.2569,-910.9583
342.06,-3210.2134,936.7458,-911.91754
342.08,-3181.3696,917.037,-913.5164
342.1,-3195.7915,920.24164,-914.7954
342.12,-3200.5986,936.42535,-916.714
342.13998,-3171.7551,909.34576,-917.993
342.16,-3162.1404,942.9949,-919.2721
342.18,-3215.0205,908.5446,-920.2313
342.19998,-3186.1768,899.5715,-921.99005
342.22,-3186.1768,932.7399,-923.5888
342.24,-3157.3333,956.1341,-924.5481
342.25998,-3162.1404,943.9563,-925.82715
342.28,-3157.3333,936.10486,-927.26605
342.3,-3176.5623,906.46155,-928.8648
342.32,-3210.2134,924.7282,-930.3038
342.34,-3142.9114,923.28613,-930.9433
342.36,-3166.9478,944.5972,-932.8619
342.38,-3224.635,999.3973,-933.6612
342.4,-3152.526,946.0393,-935.4199
342.41998,-3166.9478,935.4639,-936.699
342.44,-3171.7551,926.17035,-938.4576
342.46,-3152.526,968.6323,-939.5768
342.47998,-3157.3333,944.75745,-940.5361
342.5,-3176.5623,970.07446,-942.2948
342.52,-3205.406,960.94116,-943.41394
342.53998,-3176.5623,991.06506,-945.0127
342.56,-3166.9478,932.4195,-945.972
342.58,-3239.057,958.5376,-946.9312
342.6,-3104.4531,949.88495,-949.64923
342.62,-3200.5986,988.18085,-949.4894
342.63998,-3205.406,945.23816,-950.9283
342.66,-3195.7915,949.72473,-952.0474
342.68,-3195.7915,992.9879,-953.6462
342.69998,-3142.9114,978.7271,-955.245
342.72,-3190.9841,937.2265,-956.68396
342.74,-3166.9478,950.0452,-958.12286
342.75998,-3210.2134,987.5399,-958.6025
342.78,-3186.1768,965.1072,-959.88153
342.8,-3094.8384,941.0721,-961.8001
342.82,-3186.1768,973.2791,-962.2797
342.84,-3186.1768,960.7809,-963.239
342.86,-3181.3696,986.2581,-963.87854
342.88,-3138.104,966.70953,-966.27673
342.9,-3166.9478,974.8815,-967.0761
342.91998,-3166.9478,1019.9072,-968.3551
342.94,-3195.7915,955.33295,-969.63416
342.96,-3162.1404,969.27325,-971.0731
342.97998,-3157.3333,1007.409,-972.512
343.0,-3181.3696,971.1961,-973.4713
343.02,-3176.5623,1002.4418,-974.2707
343.03998,-3205.406,994.10956,-975.7096
343.06,-3181.3696,992.82764,-977.6282
343.08,-3195.7915,979.52826,-978.2677
343.1,-3190.9841,1018.7856,-979.0671
343.12,-3181.3696,1006.4476,-980.506
343.13998,-3195.7915,1018.62537,-981.6251
343.16,-3166.9478,995.2312,-983.064
343.18,-3123.6824,982.25226,-984.34314
343.19998,-3181.3696,1006.6078,-985.78204
343.22,-3190.9841,966.86975,-985.9419
343.24,-3147.7188,1006.4476,-987.06104
343.25998,-3147.7188,1008.53064,-988.97955
343.28,-3152.526,980.3294,-989.779
343.3,-3195.7915,1011.8955,-991.37775
343.32,-3205.406,981.77155,-992.33704
343.34,-3186.1768,998.27563,-993.9359
343.36,-3171.7551,1006.12714,-994.5754
343.38,-3186.1768,1001.64056,-996.17413
343.4,-3181.3696,996.51306,-996.6538
343.41998,-3181.3696,1018.9458,-997.29333
343.44,-3219.828,971.0358,-999.6915
343.46,-3186.1768,1032.726,-1000.1712
343.47998,-3215.0205,1016.0615,-1001.4502
343.5,-3176.5623,1009.49207,-1002.2496
343.52,-3162.1404,1041.3787,-1003.84845
343.53998,-3123.6824,1023.27216,-1004.6478
343.56,-3181.3696,1010.6137,-1005.9268
343.58,-3166.9478,1013.81836,-1007.04596
343.6,-3186.1768,1019.26624,-1007.68555
343.62,-3190.9841,1027.5985,-1008.96454
343.63998,-3152.526,1035.4498,-1009.9238
343.66,-3128.4895,1020.5481,-1011.04297
343.68,-3176.5623,1001.961,-1012.1621
343.69998,-3186.1768,1032.2452,-1013.28125
343.72,-3128.4895,1039.1354,-1014.2405
343.74,-3138.104,1028.2394,-1015.0399
343.75998,-3166.9478,1017.18317,-1016.15906
343.78,-3152.526,1027.1177,-1017.598
343.8,-3166.9478,1033.2065,-1018.2376
343.82,-3157.3333,1020.3879,-1019.35675
343.84,-3152.526,1032.2452,-1020.4759
343.86,-3176.5623,1003.5634,-1022.3944
343.88,-3166.9478,1020.22766,-1023.034
343.9,-3176.5623,1013.17737,-1023.51355
343.91998,-3171.7551,1022.3107,-1024.9525
343.94,-3166.9478,1017.66394,-1025.9119
343.96,-3128.4895,1069.4196,-1026.2316
343.97998,-3200.5986,1043.622,-1027.1908
344.0,-3109.2605,1078.8733,-1028.6296
344.02,-3166.9478,1049.871,-1029.589
344.03998,-3142.9114,1017.82416,-1031.1877
344.06,-3123.6824,1009.9727,-1031.9872
344.08,-3157.3333,1029.8418,-1032.7866
344.1,-3162.1404,1065.574,-1032.9464
344.12,-3162.1404,1065.7341,-1034.7052
344.13998,-3166.9478,1037.533,-1035.0249
344.16,-3176.5623,1071.3424,-1036.3038
344.18,-3147.7188,1050.1914,-1036.9435
344.19998,-3138.104,1061.0874,-1038.0626
344.22,-3118.8748,1027.1177,-1039.0219
344.24,-3166.9478,1028.3995,-1040.3009
344.25998,-3195.7915,1039.7762,-1040.9404
344.28,-3162.1404,1089.7693,-1041.58
344.3,-3114.0676,1046.8265,-1043.0188
344.32,-3162.1404,1078.2324,-1043.9781
344.34,-3171.7551,1066.6956,-1044.6177
344.36,-3181.3696,1059.9657,-1045.4171
344.38,-3142.9114,1073.2651,-1047.0157
344.4,-3138.104,1099.223,-1047.4955
344.41998,-3142.9114,1093.2944,-1048.6146
344.44,-3176.5623,1046.9867,-1049.2542
344.46,-3152.526,1039.7762,-1050.5332
344.47998,-3099.646,1077.5914,-1051.3326
344.5,-3186.1768,1075.5083,-1051.3326
344.52,-3176.5623,1067.9774,-1053.2511
344.53998,-3147.7188,1063.9716,-1054.0505
344.56,-3176.5623,1079.5143,-1054.6901
344.58,-3142.9114,1073.5856,-1055.6493
344.6,-3138.104,1096.6593,-1056.9283
344.62,-3171.7551,1066.375,-1057.7277
344.63998,-3114.0676,1077.9119,-1058.3673
344.66,-3147.7188,1088.6476,-1059.0068
344.68,-3166.9478,1090.0897,-1059.6462
344.69998,-3056.3804,1106.113,-1060.9254
344.72,-3181.3696,1071.3424,-1061.5648
344.74,-3123.6824,1059.3247,-1062.8439
344.75998,-3162.1404,1067.9774,-1063.1637
344.78,-3176.5623,1086.5646,-1063.8032
344.8,-3181.3696,1039.7762,-1064.9224
344.82,-3094.8384,1082.2382,-1065.7218
344.84,-3133.2969,1100.665,-1065.7218
344.86,-3128.4895,1084.161,-1066.841
344.88,-3181.3696,1075.1879,-1067.8002
344.9,-3133.2969,1097.4604,-1069.3989
344.91998,-3138.104,1085.4429,-1070.1982
344.94,-3248.6714,1081.7576,-1070.678
344.96,-3138.104,1063.0101,-1071.7971
344.97998,-3166.9478,1108.837,-1072.2767
345.0,-3171.7551,1088.0066,-1073.0762
345.02,-3181.3696,1085.9236,-1073.7157
345.03998,-3142.9114,1042.5002,-1075.4744
345.06,-3147.7188,1077.9119,-1074.6749
345.08,-3114.0676,1075.9891,-1076.9132
345.1,-3181.3696,1100.9856,-1076.7534
345.12,-3147.7188,1112.8429,-1077.5527
345.13998,-3157.3333,1084.6417,-1078.8318
345.16,-3181.3696,1106.754,-1079.6312
345.18,-3152.526,1109.478,-1079.791
345.19998,-3157.3333,1113.6442,-1080.2706
345.22,-3248.6714,1086.0839,-1081.8695
345.24,-3157.3333,1099.3832,-1082.509
345.25998,-3147.7188,1116.5283,-1082.9886
345.28,-3128.4895,1110.119,-1083.4683
345.3,-3157.3333,1091.3716,-1084.2677
345.32,-3162.1404,1092.333,-1085.067
345.34,-3128.4895,1115.8875,-1085.3868
345.36,-3123.6824,1093.4546,-1086.6659
345.38,-3171.7551,1046.5061,-1087.9448
345.4,-3094.8384,1113.0032,-1087.785
345.41998,-3142.9114,1095.0569,-1087.6251
345.44,-3118.8748,1073.5856,-1089.5437
345.46,-3138.104,1112.6827,-1089.3838
345.47998,-3133.2969,1124.5399,-1090.3431
345.5,-3109.2605,1127.7446,-1091.6221
345.52,-3162.1404,1095.6979,-1092.4215
345.53998,-3123.6824,1096.6593,-1092.7412
345.56,-3142.9114,1080.4757,-1093.7006
345.58,-3138.104,1089.9294,-1094.6598
345.6,-3085.224,1141.2043,-1094.5
345.62,-3094.8384,1112.5225,-1095.6191
345.63998,-3099.646,1101.6265,-1096.2587
345.66,-3142.9114,1081.2767,-1097.2179
345.68,-3123.6824,1114.926,-1097.0581
345.69998,-3147.7188,1098.2616,-1097.5376
345.72,-3142.9114,1127.4242,-1098.1772
345.74,-3176.5623,1091.0511,-1099.7759
345.75998,-3128.4895,1137.0382,-1099.7759
345.78,-3133.2969,1117.009,-1100.5753
345.8,-3157.3333,1106.113,-1101.5345
345.82,-3142.9114,1139.6019,-1101.2148
345.84,-3190.9841,1110.7599,-1102.334
345.86,-3128.4895,1162.6757,-1102.6537
345.88,-3114.0676,1119.8932,-1103.7728
345.9,-3142.9114,1160.7529,-1104.4125
345.91998,-3118.8748,1151.299,-1104.5723
345.94,-3147.7188,1129.8278,-1105.2119
345.96,-3157.3333,1104.03,-1105.6914
345.97998,-3152.526,1113.8043,-1106.8107
346.0,-3133.2969,1137.9996,-1106.6508
346.02,-3142.9114,1144.5692,-1107.9298
346.03998,-3186.1768,1127.9049,-1108.2495
346.06,-3128.4895,1088.968,-1109.049
346.08,-3061.1877,1151.6195,-1109.3687
346.1,-3094.8384,1127.4242,-1110.328
346.12,-3099.646,1151.7798,-1110.8076
346.13998,-3037.1514,1131.9106,-1110.8076
346.16,-3123.6824,1107.0745,-1111.4471
346.18,-3123.6824,1120.8546,-1112.8861
346.19998,-3138.104,1128.8663,-1112.7262
346.22,-3109.2605,1141.3646,-1113.5255
346.24,-3070.802,1125.1809,-1114.165
346.25998,-3142.9114,1148.5751,-1114.6447
346.28,-3128.4895,1104.5107,-1115.1244
346.3,-3138.104,1126.623,-1115.7639
346.32,-3080.4167,1110.92,-1116.7231
346.34,-3118.8748,1146.1716,-1116.883
346.36,-3075.6096,1147.1329,-1117.0428
346.38,-3138.104,1122.4569,-1117.8423
346.4,-3123.6824,1131.9106,-1118.3219
346.41998,-3075.6096,1141.5248,-1118.8016
346.44,-3123.6824,1121.6558,-1119.2811
346.46,-3133.2969,1103.2289,-1120.2405
346.47998,-3090.0312,1147.4534,-1120.5602
346.5,-3118.8748,1170.8475,-1120.2405
346.52,-3128.4895,1075.3481,-1120.88
346.53998,-3157.3333,1163.6371,-1121.8392
346.56,-3152.526,1130.9493,-1122.4788
346.58,-3118.8748,1132.8721,-1123.2782
346.6,-3109.2605,1153.8628,-1123.1183
346.62,-3162.1404,1172.7704,-1123.598
346.63998,-3128.4895,1139.6019,-1124.0775
346.66,-3118.8748,1147.2932,-1124.5573
346.68,-3123.6824,1216.1938,-1124.7172
346.69998,-3104.4531,1146.1716,-1125.3566
346.72,-3114.0676,1182.8651,-1126.156
346.74,-3147.7188,1163.1564,-1126.7955
346.75998,-3157.3333,1169.8861,-1126.4757
346.78,-3099.646,1112.5225,-1127.4349
346.8,-3123.6824,1129.8278,-1128.5542
346.82,-3104.4531,1173.7318,-1128.0746
346.84,-3070.802,1118.1307,-1128.3943
346.86,-3133.2969,1204.1761,-1129.0338
346.88,-3118.8748,1157.7084,-1129.1936
346.9,-3118.8748,1136.237,-1129.1936
346.91998,-3090.0312,1150.9785,-1129.993
346.94,-3118.8748,1176.2955,-1130.4727
346.96,-3118.8748,1171.1681,-1130.7925
346.97998,-3061.1877,1156.4265,-1131.9116
347.0,-3142.9114,1179.0194,-1131.7518
347.02,-3138.104,1174.533,-1132.711
347.03998,-3176.5623,1177.7375,-1132.2313
347.06,-3128.4895,1146.9728,-1133.3505
347.08,-3099.646,1109.3177,-1133.99
347.1,-3104.4531,1169.726,-1133.99
347.12,-3085.224,1188.1528,-1133.5105
347.13998,-3051.573,1189.595,-1134.6296
347.16,-3133.2969,1190.8768,-1134.7894
347.18,-3051.573,1114.285,-1135.7488
347.19998,-3041.9585,1156.4265,-1135.269
347.22,-3166.9478,1148.0944,-1136.2283
347.24,-3070.802,1163.1564,-1136.708
347.25998,-3181.3696,1105.7926,-1137.3474
347.28,-3166.9478,1141.5248,-1136.5482
347.3,-3109.2605,1148.0944,-1137.5074
347.32,-3099.646,1127.2639,-1138.3068
347.34,-3133.2969,1155.9458,-1138.4667
347.36,-3114.0676,1142.0055,-1139.1062
347.38,-3109.2605,1209.9446,-1138.4667
347.4,-3114.0676,1129.0265,-1139.266
347.41998,-3104.4531,1128.3855,-1139.426
347.44,-3099.646,1101.4663,-1140.8649
347.46,-3128.4895,1140.2429,-1140.2253
347.47998,-3104.4531,1177.5774,-1140.2253
347.5,-3147.7188,1171.0078,-1140.5452
347.52,-3094.8384,1146.9728,-1141.0247
347.53998,-3147.7188,1157.0674,-1141.1846
347.56,-3114.0676,1143.6079,-1141.8241
347.58,-3099.646,1191.678,-1142.4636
347.6,-3181.3696,1128.8663,-1142.9432
347.62,-3128.4895,1137.0382,-1142.7834
347.63998,-3118.8748,1131.2698,-1142.9432
347.66,-3133.2969,1186.7107,-1142.9432
347.68,-3085.224,1172.6101,-1143.263
347.69998,-3128.4895,1133.1926,-1144.5421
347.72,-3157.3333,1181.2627,-1144.3822
347.74,-3032.344,1149.5365,-1144.2223
347.75998,-3142.9114,1166.8418,-1144.0624
347.78,-3118.8748,1167.8032,-1145.5013
347.8,-3142.9114,1169.726,-1145.5013
347.82,-3123.6824,1183.6663,-1145.3414
347.84,-3099.646,1136.237,-1145.821
347.86,-3094.8384,1177.0967,-1145.821
347.88,-3142.9114,1168.9248,-1145.6613
347.9,-3118.8748,1182.064,-1146.9402
347.91998,-3118.8748,1149.0557,-1147.4199
347.94,-3128.4895,1143.9283,-1147.1001
347.96,-3162.1404,1144.2488,-1147.1001
347.97998,-3114.0676,1154.1832,-1147.8995
348.0,-3162.1404,1173.892,-1147.5798
348.02,-3128.4895,1165.5599,-1148.2192
348.03998,-3104.4531,1182.064,-1148.0593
348.06,-3094.8384,1205.2979,-1147.5798
348.08,-3118.8748,1140.5634,-1147.5798
348.1,-3128.4895,1171.0078,-1147.7396
348.12,-3118.8748,1160.9131,-1146.9402
348.13998,-3104.4531,1197.2861,-1146.1409
348.16,-3075.6096,1144.4089,-1146.3007
348.18,-3094.8384,1172.6101,-1146.3007
348.19998,-3147.7188,1169.5657,-1146.6205
348.22,-3099.646,1157.2277,-1146.1409
348.24,-3094.8384,1117.9703,-1146.6205
348.25998,-3128.4895,1173.4114,-1146.6205
348.28,-3099.646,1141.0441,-1146.6205
348.3,-3104.4531,1138.3201,-1145.6613
348.32,-3080.4167,1170.8475,-1145.1815
348.34,-3118.8748,1175.0137,-1144.8618
348.36,-3070.802,1175.9751,-1144.5421
348.38,-3157.3333,1144.5692,-1145.0217
348.4,-3080.4167,1154.1832,-1145.3414
348.41998,-3118.8748,1175.9751,-1145.1815
348.44,-3099.646,1171.0078,-1144.8618
348.46,-3104.4531,1127.1036,-1145.821
348.47998,-3085.224,1136.5576,-1144.7019
348.5,-3133.2969,1177.0967,-1144.2223
348.52,-3090.0312,1153.8628,-1144.2223
348.53998,-3094.8384,1175.0137,-1144.0624
348.56,-3133.2969,1163.6371,-1144.0624
348.58,-3123.6824,1138.8008,-1144.2223
348.6,-3157.3333,1173.892,-1144.0624
348.62,-3109.2605,1097.9412,-1143.9026
348.63998,-3128.4895,1162.0348,-1143.5828
348.66,-3065.9949,1161.554,-1143.9026
348.68,-3094.8384,1140.4032,-1142.9432
348.69998,-3090.0312,1171.809,-1143.263
348.72,-3070.802,1171.0078,-1143.423
348.74,-3142.9114,1125.0206,-1142.7834
348.75998,-3094.8384,1132.2312,-1143.263
348.78,-3142.9114,1134.7949,-1142.9432
348.8,-3032.344,1192.96,-1142.7834
348.82,-3104.4531,1149.3762,-1142.7834
348.84,-3133.2969,1117.009,-1142.7834
348.86,-3118.8748,1151.4592,-1142.3037
348.88,-3128.4895,1180.4617,-1141.5044
348.9,-3142.9114,1119.733,-1141.984
348.91998,-3090.0312,1143.7681,-1141.6643
348.94,-3147.7188,1132.2312,-1141.6643
348.96,-3104.4531,1122.9376,-1141.5044
348.97998,-3118.8748,1148.4148,-1141.6643
349.0,-3147.7188,1171.3282,-1141.0247
349.02,-3138.104,1185.4288,-1141.5044
349.03998,-3099.646,1164.1177,-1141.1846
349.06,-3118.8748,1119.733,-1141.1846
349.08,-3123.6824,1140.0828,-1141.8241
349.1,-3104.4531,1128.8663,-1141.1846
349.12,-3090.0312,1176.4557,-1140.8649
349.13998,-3070.802,1181.1025,-1140.2253
349.16,-3109.2605,1176.7761,-1140.2253
349.18,-3094.8384,1131.7505,-1141.1846
349.19998,-3109.2605,1166.8418,-1140.0654
349.22,-3128.4895,1150.4979,-1140.0654
349.24,-3128.4895,1148.8955,-1139.7457
349.25998,-3152.526,1192.6394,-1139.1062
349.28,-3114.0676,1172.9305,-1138.7864
349.3,-3123.6824,1165.7201,-1138.4667
349.32,-3118.8748,1173.4114,-1140.2253
349.34,-3109.2605,1184.3073,-1139.1062
349.36,-3090.0312,1170.367,-1139.5858
349.38,-3094.8384,1146.8125,-1139.7457
349.4,-3162.1404,1156.5868,-1139.266
349.41998,-3104.4531,1160.5925,-1138.9463
349.44,-3090.0312,1116.6885,-1138.7864
349.46,-3090.0312,1161.7142,-1138.7864
349.47998,-3162.1404,1146.8125,-1138.4667
349.5,-3032.344,1196.8054,-1138.1469
349.52,-3080.4167,1130.7892,-1138.7864
349.53998,-3138.104,1135.2756,-1138.9463
349.56,-3046.7656,1165.7201,-1137.8271
349.58,-3181.3696,1158.8301,-1137.5074
349.6,-3133.2969,1099.223,-1137.8271
349.62,-3090.0312,1139.1213,-1137.8271
349.63998,-3109.2605,1176.2955,-1137.0277
349.66,-3138.104,1106.113,-1137.5074
349.68,-3118.8748,1185.7493,-1137.0277
349.69998,-3094.8384,1158.0288,-1137.1876
349.72,-3099.646,1122.1365,-1137.6674
349.74,-3099.646,1132.5516,-1137.5074
349.75998,-3085.224,1184.7878,-1136.2283
349.78,-3133.2969,1181.7435,-1136.8679
349.8,-3118.8748,1124.3798,-1137.0277
349.82,-3123.6824,1171.0078,-1135.9086
349.84,-3094.8384,1150.0171,-1136.3882
349.86,-3128.4895,1118.9318,-1136.3882
349.88,-3104.4531,1136.0768,-1136.2283
349.9,-3152.526,1144.2488,-1136.2283
349.91998,-3142.9114,1116.8488,-1136.5482
349.94,-3094.8384,1128.3855,-1136.0685
349.96,-3090.0312,1177.257,-1135.1091
349.97998,-3152.526,1137.0382,-1135.1091
350.0,-3114.0676,1194.0814,-1135.5889
350.02,-3123.6824,1180.9423,-1135.1091
350.03998,-3128.4895,1179.34,-1134.7894
350.06,-3118.8748,1103.0686,-1135.1091
350.08,-3114.0676,1120.3739,-1135.269
350.1,-3118.8748,1154.3435,-1134.6296
350.12,-3138.104,1154.1832,-1134.7894
350.13998,-3123.6824,1115.4066,-1134.7894
350.16,-3147.7188,1120.5342,-1134.7894
350.18,-3171.7551,1151.299,-1133.3505
350.19998,-3114.0676,1142.4862,-1133.99
350.22,-3118.8748,1149.8569,-1134.1499
350.24,-3123.6824,1182.5446,-1133.6703
350.25998,-3118.8748,1127.4242,-1133.6703
350.28,-3114.0676,1129.5072,-1133.5105
350.3,-3109.2605,1125.8218,-1133.8302
350.32,-3176.5623,1155.1447,-1132.711
350.34,-3118.8748,1146.492,-1132.5511
350.36,-3114.0676,1159.7915,-1132.871
350.38,-3104.4531,1147.2932,-1132.871
350.4,-3152.526,1176.9365,-1131.7518
350.41998,-3123.6824,1142.8066,-1132.5511
350.44,-3085.224,1173.0908,-1132.711
350.46,-3133.2969,1185.9095,-1131.9116
350.47998,-3118.8748,1164.1177,-1132.0715
350.5,-3128.4895,1138.4803,-1131.9116
350.52,-3104.4531,1165.8804,-1131.5919
350.53998,-3176.5623,1155.3049,-1131.7518
350.56,-3109.2605,1154.0231,-1130.7925
350.58,-3133.2969,1117.3295,-1131.5919
350.6,-3128.4895,1142.326,-1131.1122
350.62,-3118.8748,1103.5493,-1131.2721
350.63998,-3138.104,1181.7435,-1130.4727
350.66,-3138.104,1162.0348,-1130.9524
350.68,-3147.7188,1141.685,-1131.2721
350.69998,-3090.0312,1200.3306,-1129.8333
350.72,-3138.104,1156.5868,-1129.993
350.74,-3171.7551,1170.8475,-1129.6733
350.75998,-3118.8748,1112.8429,-1130.9524
350.78,-3090.0312,1171.1681,-1130.3127
350.8,-3085.224,1170.2067,-1129.6733
350.82,-3133.2969,1090.7307,-1129.993
350.84,-3104.4531,1122.1365,-1129.3535
350.86,-3094.8384,1187.6721,-1129.1936
350.88,-3128.4895,1136.237,-1129.6733
350.9,-3138.104,1152.4207,-1129.0338
350.91998,-3099.646,1155.4651,-1128.8739
350.94,-3147.7188,1130.4686,-1128.5542
350.96,-3123.6824,1131.9106,-1128.8739
350.97998,-3046.7656,1130.4686,-1128.0746
351.0,-3094.8384,1188.4734,-1127.7548
351.02,-3041.9585,1205.6183,-1128.2344
351.03998,-3152.526,1119.092,-1128.5542
351.06,-3123.6824,1189.1143,-1127.595
351.08,-3123.6824,1178.0581,-1126.9554
351.1,-3147.7188,1129.9879,-1127.4349
351.12,-3090.0312,1156.2664,-1127.1152
351.13998,-3090.0312,1137.9996,-1127.4349
351.16,-3104.4531,1172.7704,-1127.2751
351.18,-3128.4895,1164.1177,-1127.2751
351.19998,-3114.0676,1182.8651,-1126.4757
351.22,-3085.224,1136.7178,-1126.9554
351.24,-3104.4531,1163.7972,-1126.6356
351.25998,-3138.104,1155.9458,-1126.6356
351.28,-3099.646,1108.3563,-1126.3158
351.3,-3104.4531,1114.926,-1126.4757
351.32,-3099.646,1118.4512,-1126.4757
351.34,-3114.0676,1163.7972,-1125.3566
351.36,-3128.4895,1136.7178,-1125.6764
351.38,-3142.9114,1192.7996,-1125.1967
351.4,-3109.2605,1129.0265,-1125.9961
351.41998,-3157.3333,1141.5248,-1126.156
351.44,-3085.224,1148.8955,-1125.6764
351.46,-3123.6824,1151.1388,-1124.2374
351.47998,-3090.0312,1107.8757,-1125.1967
351.5,-3085.224,1129.0265,-1125.0369
351.52,-3147.7188,1115.727,-1124.7172
351.53998,-3118.8748,1136.0768,-1124.2374
351.56,-3114.0676,1125.982,-1124.2374
351.58,-3061.1877,1117.1693,-1124.2374
351.6,-3142.9114,1113.9646,-1124.0775
351.62,-3099.646,1135.4359,-1123.598
351.63998,-3070.802,1143.1271,-1123.7578
351.66,-3118.8748,1133.3529,-1123.2782
351.68,-3133.2969,1082.719,-1123.438
351.69998,-3090.0312,1136.0768,-1122.4788
351.72,-3128.4895,1124.5399,-1122.6387
351.74,-3114.0676,1153.5422,-1122.3188
351.75998,-3118.8748,1141.5248,-1121.8392
351.78,-3123.6824,1135.1154,-1122.7986
351.8,-3147.7188,1147.1329,-1122.4788
351.82,-3094.8384,1163.1564,-1122.4788
351.84,-3138.104,1123.4183,-1122.159
351.86,-3090.0312,1096.6593,-1121.9991
351.88,-3099.646,1198.7283,-1121.0399
351.9,-3157.3333,1121.175,-1121.1997
351.91998,-3109.2605,1174.3727,-1120.5602
351.94,-3109.2605,1130.4686,-1121.1997
351.96,-3090.0312,1140.2429,-1120.5602
351.97998,-3128.4895,1133.6733,-1120.5602
352.0,-3123.6824,1131.43,-1120.4003
352.02,-3138.104,1119.2522,-1119.601
352.03998,-3118.8748,1111.561,-1120.0806
352.06,-3147.7188,1151.1388,-1119.7609
352.08,-3118.8748,1151.1388,-1119.7609
352.1,-3109.2605,1129.9879,-1119.441
352.12,-3104.4531,1145.2102,-1119.441
352.13998,-3065.9949,1157.7084,-1119.7609
352.16,-3123.6824,1150.8184,-1118.8016
352.18,-3109.2605,1139.6019,-1118.3219
352.19998,-3142.9114,1134.4745,-1118.162
352.22,-3099.646,1107.0745,-1118.3219
352.24,-3104.4531,1174.3727,-1118.162
352.25998,-3133.2969,1125.3412,-1118.3219
352.28,-3142.9114,1167.9634,-1118.0022
352.3,-3128.4895,1161.8745,-1117.3627
352.32,-3090.0312,1143.2874,-1117.6825
352.34,-3166.9478,1130.6288,-1117.2028
352.36,-3099.646,1144.4089,-1117.2028
352.38,-3094.8384,1138.4803,-1117.0428
352.4,-3157.3333,1142.4862,-1116.2435
352.41998,-3109.2605,1162.0348,-1116.0836
352.44,-3075.6096,1135.7563,-1115.9237
352.46,-3118.8748,1183.506,-1115.6039
352.47998,-3099.646,1151.1388,-1115.6039
352.5,-3090.0312,1097.9412,-1116.0836
352.52,-3085.224,1150.8184,-1115.6039
352.53998,-3094.8384,1111.2406,-1115.4441
352.56,-3147.7188,1130.1482,-1115.1244
352.58,-3109.2605,1141.685,-1114.8046
352.6,-3080.4167,1152.2604,-1114.6447
352.62,-3104.4531,1130.1482,-1114.8046
352.63998,-3090.0312,1145.0499,-1114.4847
352.66,-3099.646,1171.809,-1114.325
352.68,-3075.6096,1100.0242,-1114.6447
352.69998,-3041.9585,1145.2102,-1114.4847
352.72,-3123.6824,1154.8241,-1113.0459
352.74,-3114.0676,1124.7002,-1113.2058
352.75998,-3133.2969,1091.692,-1113.3656
352.78,-3133.2969,1149.5365,-1112.7262
352.8,-3090.0312,1182.5446,-1112.7262
352.82,-3085.224,1118.7716,-1113.2058
352.84,-3065.9949,1157.5482,-1112.4064
352.86,-3109.2605,1139.4418,-1112.2465
352.88,-3114.0676,1096.4991,-1112.2465
352.9,-3065.9949,1172.1294,-1112.0867
352.91998,-3142.9114,1131.2698,-1111.4471
352.94,-3147.7188,1104.5107,-1111.9268
352.96,-3123.6824,1110.5996,-1111.767
352.97998,-3085.224,1150.1774,-1110.9675
353.0,-3138.104,1109.7985,-1111.2872
353.02,-3118.8748,1116.8488,-1110.8076
353.03998,-3085.224,1111.4009,-1110.9675
353.06,-3138.104,1123.7388,-1110.8076
353.08,-3109.2605,1147.7738,-1110.1681
353.1,-3123.6824,1096.0183,-1110.6477
353.12,-3104.4531,1137.9996,-1109.8484
353.13998,-3099.646,1168.2838,-1109.5286
353.16,-3123.6824,1112.2019,-1109.5286
353.18,-3109.2605,1133.0323,-1109.3687
353.19998,-3104.4531,1133.3529,-1109.5286
353.22,-3070.802,1137.5189,-1109.3687
353.24,-3109.2605,1099.223,-1109.2089
353.25998,-3099.646,1185.2687,-1108.2495
353.28,-3109.2605,1126.4628,-1108.5692
353.3,-3109.2605,1109.478,-1108.2495
353.32,-3022.7292,1140.0828,-1107.9298
353.34,-3090.0312,1122.2966,-1107.9298
353.36,-3080.4167,1113.3236,-1107.9298
353.38,-3147.7188,1121.816,-1107.77
353.4,-3114.0676,1126.7832,-1106.9706
353.41998,-3123.6824,1111.561,-1106.9706
353.44,-3070.802,1146.8125,-1106.6508
353.46,-3147.7188,1117.1693,-1106.4908
353.47998,-3138.104,1132.2312,-1106.1711
353.5,-3118.8748,1101.7867,-1106.6508
353.52,-3128.4895,1157.388,-1106.1711
353.53998,-3065.9949,1128.5459,-1106.1711
353.56,-3051.573,1113.1633,-1105.8514
353.58,-3157.3333,1088.8079,-1106.0112
353.6,-3123.6824,1135.9166,-1105.052
353.62,-3152.526,1130.3083,-1104.8921
353.63998,-3118.8748,1092.974,-1104.8921
353.66,-3085.224,1151.94,-1104.4125
353.68,-3109.2605,1111.8815,-1104.5723
353.69998,-3138.104,1107.8757,-1103.9329
353.72,-3104.4531,1064.4523,-1104.5723
353.74,-3094.8384,1159.9517,-1103.1334
353.75998,-3070.802,1146.9728,-1103.4531
353.78,-3090.0312,1108.3563,-1102.9736
353.8,-3157.3333,1145.6908,-1103.9329
353.82,-3123.6824,1124.2195,-1102.6537
353.84,-3133.2969,1126.1422,-1102.4939
353.86,-3147.7188,1134.1539,-1102.4939
353.88,-3109.2605,1135.4359,-1102.4939
353.9,-3152.526,1073.1049,-1102.1742
353.91998,-3070.802,1101.7867,-1102.334
353.94,-3085.224,1124.3798,-1101.5345
353.96,-3109.2605,1113.4838,-1101.6945
353.97998,-3080.4167,1096.4991,-1101.5345
354.0,-3041.9585,1092.4932,-1101.3748
354.02,-3138.104,1155.4651,-1100.4155
354.03998,-3147.7188,1111.561,-1100.2556
354.06,-3123.6824,1137.1985,-1100.5753
354.08,-3114.0676,1139.4418,-1100.2556
354.1,-3094.8384,1088.8079,-1100.4155
354.12,-3138.104,1106.5938,-1100.0957
354.13998,-3104.4531,1119.092,-1099.4562
354.16,-3104.4531,1157.2277,-1099.4562
354.18,-3099.646,1105.3119,-1099.4562
354.19998,-3099.646,1110.7599,-1099.4562
354.22,-3166.9478,1138.8008,-1099.2964
354.24,-3099.646,1111.8815,-1098.6567
354.25998,-3138.104,1127.4242,-1098.497
354.28,-3090.0312,1117.9703,-1097.8573
354.3,-3109.2605,1139.4418,-1097.8573
354.32,-3109.2605,1114.1248,-1098.1772
354.34,-3109.2605,1129.6675,-1097.8573
354.36,-3109.2605,1122.7775,-1097.2179
354.38,-3022.7292,1128.0651,-1097.3778
354.4,-3123.6824,1089.2885,-1097.3778
354.41998,-3099.646,1121.816,-1096.7382
354.44,-3142.9114,1124.5399,-1096.2587
354.46,-3085.224,1127.5845,-1096.0988
354.47998,-3099.646,1129.1868,-1096.5784
354.5,-3166.9478,1139.9224,-1095.6191
354.52,-3090.0312,1112.2019,-1096.4185
354.53998,-3166.9478,1090.0897,-1096.2587
354.56,-3109.2605,1112.2019,-1095.6191
354.58,-3162.1404,1075.8289,-1095.9388
354.6,-3128.4895,1093.1342,-1095.2993
354.62,-3118.8748,1106.4335,-1094.8197
354.63998,-3090.0312,1112.8429,-1094.9795
354.66,-3138.104,1124.0593,-1094.1802
354.68,-3099.646,1105.6324,-1094.6598
354.69998,-3138.104,1133.9938,-1093.8604
354.72,-3123.6824,1112.3622,-1094.3401
354.74,-3109.2605,1159.471,-1093.7006
354.75998,-3128.4895,1110.7599,-1093.5406
354.78,-3147.7188,1125.3412,-1092.4215
354.8,-3099.646,1115.2465,-1092.9011
354.82,-3147.7188,1102.7482,-1092.2617
354.84,-3094.8384,1109.478,-1092.4215
354.86,-3090.0312,1152.2604,-1092.2617
354.88,-3118.8748,1128.8663,-1092.4215
354.9,-3147.7188,1101.6265,-1092.1018
354.91998,-3128.4895,1158.8301,-1090.9825
354.94,-3123.6824,1098.582,-1091.782
354.96,-3104.4531,1112.6827,-1091.1426
354.97998,-3123.6824,1096.4991,-1090.9825
355.0,-3094.8384,1116.2079,-1090.3431
355.02,-3118.8748,1112.3622,-1090.9825
355.03998,-3152.526,1132.071,-1090.0233
355.06,-3080.4167,1123.4183,-1090.3431
355.08,-3138.104,1112.3622,-1089.7036
355.1,-3094.8384,1093.775,-1089.7036
355.12,-3085.224,1102.9083,-1089.5437
355.13998,-3094.8384,1081.9177,-1089.064
355.16,-3104.4531,1092.0126,-1089.064
355.18,-3099.646,1088.0066,-1088.7443
355.19998,-3109.2605,1164.7587,-1087.9448
355.22,-3147.7188,1087.526,-1088.1047
355.24,-3138.104,1081.2767,-1088.2646
355.25998,-3114.0676,1097.7809,-1088.4246
355.28,-3133.2969,1131.1096,-1087.3054
355.3,-3147.7188,1106.9143,-1087.785
355.31998,-3099.646,1112.2019,-1087.9448
355.34,-3109.2605,1080.9563,-1087.1455
355.36,-3080.4167,1099.864,-1086.506
355.38,-3118.8748,1111.2406,-1086.506
355.4,-3080.4167,1086.4043,-1086.0264
355.41998,-3080.4167,1104.03,-1086.506
355.44,-3133.2969,1080.4757,-1085.8665
355.46,-3099.646,1135.1154,-1085.5468
355.47998,-3099.646,1079.8347,-1086.506
355.5,-3109.2605,1095.5377,-1085.227
355.52,-3128.4895,1071.9833,-1085.7065
355.53998,-3147.7188,1073.1049,-1084.9072
355.56,-3090.0312,1075.3481,-1084.7473
355.58,-3104.4531,1099.864,-1083.9479
355.6,-3114.0676,1105.3119,-1084.1078
355.62,-3118.8748,1131.9106,-1083.4683
355.63998,-3147.7188,1114.7657,-1083.6282
355.66,-3046.7656,1110.92,-1083.3085
355.68,-3142.9114,1102.5879,-1082.8287
355.69998,-3104.4531,1081.7576,-1083.1484
355.72,-3142.9114,1064.2921,-1083.1484
355.74,-3080.4167,1119.5728,-1082.669
355.75998,-3171.7551,1103.5493,-1082.1892
355.78,-3056.3804,1101.306,-1082.3491
355.8,-3142.9114,1103.5493,-1082.1892
355.81998,-3099.646,1096.3389,-1082.1892
355.84,-3138.104,1148.8955,-1080.9102
355.86,-3104.4531,1097.6207,-1081.8695
355.88,-3138.104,1097.14,-1080.4307
355.9,-3142.9114,1133.5131,-1080.5905
355.91998,-3109.2605,1084.4814,-1079.9509
355.94,-3142.9114,1068.7787,-1080.5905
355.96,-3147.7188,1093.2944,-1080.4307
355.97998,-3142.9114,1120.3739,-1079.6312
356.0,-3162.1404,1096.9797,-1079.3115
356.02,-3104.4531,1089.9294,-1079.3115
356.03998,-3147.7188,1103.2289,-1079.3115
356.06,-3104.4531,1106.4335,-1078.8318
356.08,-3176.5623,1118.6113,-1078.9917
356.1,-3118.8748,1080.4757,-1078.8318
356.12,-3128.4895,1086.2441,-1077.8726
356.13998,-3070.802,1074.547,-1078.1923
356.16,-3138.104,1143.7681,-1077.0731
356.18,-3109.2605,1089.7693,-1078.1923
356.19998,-3123.6824,1084.4814,-1077.393
356.22,-3133.2969,1072.9446,-1076.9132
356.24,-3109.2605,1068.7787,-1077.2329
356.25998,-3090.0312,1095.3774,-1076.4337
356.28,-3128.4895,1059.0043,-1076.7534
356.3,-3133.2969,1067.3364,-1075.4744
356.31998,-3104.4531,1075.6687,-1075.7941
356.34,-3104.4531,1156.4265,-1075.1545
356.36,-3166.9478,1091.692,-1074.8348
356.38,-3109.2605,1051.954,-1075.1545
356.4,-3080.4167,1053.7166,-1075.4744
356.41998,-3138.104,1083.0394,-1074.5151
356.44,-3104.4531,1071.6628,-1074.0354
356.46,-3147.7188,1067.8173,-1074.1953
356.47998,-3123.6824,1086.2441,-1073.5558
356.5,-3128.4895,1064.6125,-1072.9163
356.52,-3138.104,1062.8499,-1073.3959
356.53998,-3104.4531,1102.2675,-1072.7565
356.56,-3123.6824,1100.5049,-1072.2767
356.58,-3085.224,1063.1704,-1072.7565
356.6,-3104.4531,1041.8593,-1073.236
356.62,-3109.2605,1081.7576,-1071.957
356.63998,-3104.4531,1064.7727,-1071.3174
356.66,-3118.8748,1071.0219,-1070.9977
356.68,-3109.2605,1053.7166,-1071.4773
356.69998,-3123.6824,1126.1422,-1070.5182
356.72,-3142.9114,1067.3364,-1070.8379
356.74,-3065.9949,1162.3552,-1070.0385
356.75998,-3133.2969,1107.3949,-1069.7188
356.78,-3123.6824,1058.0428,-1069.7188
356.8,-3128.4895,1083.0394,-1069.5588
356.81998,-3090.0312,1091.2113,-1069.239
356.84,-3090.0312,1076.4697,-1069.3989
356.86,-3166.9478,1012.85693,-1069.239
356.88,-3128.4895,1045.5447,-1068.4396
356.9,-3094.8384,1098.1013,-1068.9193
356.91998,-3094.8384,1106.5938,-1067.8002
356.94,-3094.8384,1118.7716,-1067.4803
356.96,-3133.2969,1094.416,-1067.4803
356.97998,-3133.2969,1101.1459,-1066.841
357.0,-3133.2969,1091.3716,-1066.841
357.02,-3128.4895,1075.8289,-1066.521
357.03998,-3128.4895,1091.692,-1066.0415
357.06,-3123.6824,1108.837,-1065.8816
357.08,-3171.7551,1088.0066,-1065.2421
357.1,-3109.2605,1108.5166,-1065.5618
357.12,-3123.6824,1109.9586,-1065.7218
357.13998,-3133.2969,1044.5833,-1064.6025
357.16,-3166.9478,1098.1013,-1064.9224
357.18,-3099.646,1064.933,-1064.1229
357.19998,-3123.6824,1060.2861,-1064.7625
357.22,-3099.646,1079.1938,-1064.2827
357.24,-3118.8748,1123.5785,-1063.6432
357.25998,-3123.6824,1051.313,-1063.963
357.28,-3104.4531,1092.974,-1063.1637
357.3,-3104.4531,1070.5411,-1063.3235
357.31998,-3109.2605,1108.0359,-1062.524
357.34,-3080.4167,1092.1727,-1062.2043
357.36,-3138.104,1071.6628,-1061.8846
357.38,-3118.8748,1062.8499,-1062.2043
357.4,-3181.3696,1090.8909,-1061.5648
357.41998,-3138.104,1067.1763,-1061.8846
357.44,-3104.4531,1042.34,-1062.2043
357.46,-3094.8384,1102.9083,-1060.9254
357.47998,-3109.2605,1115.8875,-1060.4457
357.5,-3133.2969,1087.8464,-1060.2858
357.52,-3104.4531,1072.3037,-1061.0852
357.53998,-3094.8384,1094.2559,-1060.4457
357.56,-3123.6824,1126.3026,-1059.4863
357.58,-3085.224,1077.7516,-1059.8063
357.6,-3123.6824,1079.9949,-1059.3265
357.62,-3171.7551,1108.0359,-1058.5271
357.63998,-3138.104,1065.7341,-1059.3265
357.66,-3166.9478,1063.0101,-1058.5271
357.68,-3138.104,1091.8523,-1058.687
357.69998,-3114.0676,1100.3446,-1058.2074
357.72,-3128.4895,1148.8955,-1057.7277
357.74,-3123.6824,1075.6687,-1057.408
357.75998,-3128.4895,1061.0874,-1057.7277
357.78,-3109.2605,1080.9563,-1057.0883
357.8,-3109.2605,1056.4406,-1056.7684
357.81998,-3090.0312,1071.1821,-1056.2888
357.84,-3118.8748,1050.8324,-1056.129
357.86,-3118.8748,1110.4395,-1056.129
357.88,-3142.9114,1100.5049,-1055.6493
357.9,-3094.8384,1120.8546,-1055.3296
357.91998,-3061.1877,1099.5435,-1055.6493
357.94,-3138.104,1085.1224,-1054.3702
357.96,-3114.0676,1066.375,-1054.6901
357.97998,-3094.8384,1088.1669,-1054.5302
358.0,-3133.2969,1041.8593,-1054.6901
358.02,-3133.2969,1076.4697,-1053.7307
358.03998,-3104.4531,1084.0009,-1053.2511
358.06,-3085.224,1035.6102,-1053.7307
358.08,-3099.646,1076.3096,-1053.0913
358.1,-3133.2969,1053.0757,-1053.0913
358.12,-3104.4531,1073.2651,-1051.972
358.13998,-3109.2605,1065.2534,-1051.972
358.16,-3157.3333,1025.3552,-1052.6116
358.18,-3147.7188,1070.8616,-1051.972
358.19998,-3128.4895,1080.6359,-1051.1727
358.22,-3090.0312,1050.6721,-1051.4924
358.24,-3099.646,1098.9026,-1050.0535
358.25998,-3065.9949,1092.333,-1050.8529
358.28,-3070.802,1041.6991,-1051.1727
358.3,-3085.224,1063.4908,-1050.8529
358.31998,-3123.6824,1074.3867,-1050.0535
358.34,-3114.0676,1077.5914,-1049.5739
358.36,-3123.6824,1051.954,-1049.0944
358.38,-3123.6824,1056.12,-1049.4141
358.4,-3118.8748,1070.7014,-1048.9343
358.41998,-3061.1877,1104.8312,-1048.4547
358.44,-3133.2969,1068.7787,-1048.2949
358.46,-3128.4895,1041.2183,-1048.135
358.47998,-3051.573,989.4627,-1048.6146
358.5,-3128.4895,1055.6394,-1046.856
358.52,-3114.0676,1060.4464,-1047.4955
358.53998,-3166.9478,1064.6125,-1046.696
358.56,-3114.0676,1030.1622,-1047.8152
358.58,-3114.0676,1057.402,-1046.5363
358.6,-3138.104,1104.8312,-1045.4171
358.62,-3128.4895,1075.1879,-1045.8966
358.63998,-3104.4531,1054.5177,-1045.8966
358.66,-3085.224,1062.209,-1045.5769
358.68,-3061.1877,1051.7938,-1044.298
358.69998,-3128.4895,1046.3458,-1044.9374
358.72,-3123.6824,1073.4254,-1044.6177
358.74,-3094.8384,1074.3867,-1044.298
358.75998,-3152.526,1056.2804,-1044.4578
358.78,-3157.3333,1061.0874,-1043.1787
358.8,-3080.4167,1030.6428,-1043.1787
358.81998,-3162.1404,1084.8019,-1042.3794
358.84,-3123.6824,1057.7224,-1043.0188
358.86,-3128.4895,1078.5529,-1042.5392
358.88,-3109.2605,1034.9692,-1042.5392
358.9,-3094.8384,1061.7283,-1041.42
358.91998,-3114.0676,1030.002,-1041.42
358.94,-3118.8748,1094.0956,-1041.2601
358.96,-3138.104,1058.2031,-1040.9404
358.97998,-3099.646,1107.3949,-1040.6207
359.0,-3090.0312,1030.9634,-1040.9404
359.02,-3128.4895,1105.472,-1039.8213
359.03998,-3099.646,1077.4312,-1039.9811
359.06,-3094.8384,1044.5833,-1039.6614
359.08,-3176.5623,1029.2008,-1039.9811
359.1,-3176.5623,1040.8978,-1039.1818
359.12,-3157.3333,1089.4489,-1038.7021
359.13998,-3138.104,1026.9575,-1038.7021
359.16,-3109.2605,1041.6991,-1038.3823
359.18,-3099.646,1015.1002,-1038.8619
359.19998,-3147.7188,1079.9949,-1037.2632
359.22,-3128.4895,1023.27216,-1037.583
359.24,-3133.2969,1042.6605,-1037.1033
359.25998,-3118.8748,1043.9424,-1036.7836
359.28,-3128.4895,1090.0897,-1035.6644
359.3,-3104.4531,1034.9692,-1036.3038
359.31998,-3152.526,1037.0522,-1035.8243
359.34,-3152.526,1090.8909,-1035.8243
359.36,-3128.4895,1039.4558,-1035.5045
359.38,-3123.6824,1062.8499,-1035.3446
359.4,-3109.2605,1032.085,-1034.865
359.41998,-3109.2605,1040.4172,-1034.865
359.44,-3171.7551,1026.4768,-1034.7052
359.46,-3147.7188,1062.8499,-1034.5453
359.47998,-3128.4895,1057.402,-1034.2255
359.5,-3090.0312,1055.9598,-1032.6267
359.52,-3123.6824,1052.5948,-1033.586
359.53998,-3104.4531,1057.8827,-1032.4668
359.56,-3104.4531,1057.402,-1032.7866
359.58,-3128.4895,1023.11194,-1031.9872
359.6,-3133.2969,1057.2417,-1032.1471
359.62,-3114.0676,1021.8301,-1032.1471
359.63998,-3147.7188,1030.1622,-1031.5074
359.66,-3133.2969,1034.168,-1030.2285
359.68,-3142.9114,1039.2955,-1030.3883
359.69998,-3027.5366,1027.278,-1030.868
359.72,-3118.8748,1048.5891,-1030.2285
359.74,-3099.646,1029.0405,-1029.9088
359.75998,-3133.2969,1050.3516,-1029.7489
359.78,-3114.0676,1032.085,-1029.7489
359.8,-3166.9478,1036.8921,-1029.4291
359.81998,-3094.8384,1018.3048,-1028.6296
359.84,-3123.6824,1041.3787,-1028.7897
359.86,-3142.9114,1058.0428,-1028.15
359.88,-3104.4531,1047.3073,-1027.6704
359.9,-3114.0676,1054.5177,-1027.8303
359.91998,-3142.9114,1007.409,-1027.3507
359.94,-3142.9114,1006.6078,-1027.3507
359.96,-3118.8748,1029.2008,-1026.711
359.97998,-3080.4167,1038.3341,-1025.9119
360.0,-3138.104,1032.2452,-1025.7518
360.02,-3065.9949,1024.2335,-1025.9119
360.03998,-3118.8748,1014.299,-1025.5919
360.06,-3104.4531,1061.7283,-1025.4321
360.08,-3128.4895,1053.8768,-1025.2722
360.1,-3162.1404,1025.0347,-1024.4728
360.12,-3099.646,1039.1354,-1024.4728
360.13998,-3133.2969,1022.3107,-1024.4728
360.16,-3142.9114,1072.7844,-1023.51355
360.18,-3118.8748,1022.1505,-1023.51355
360.19998,-3109.2605,1053.2358,-1023.19385
360.22,-3090.0312,1035.4498,-1023.51355
360.24,-3162.1404,1041.6991,-1022.55426
360.25998,-3128.4895,1028.0791,-1022.55426
360.28,-3118.8748,1046.6663,-1021.7549
360.3,-3080.4167,1000.83936,-1021.7549
360.31998,-3142.9114,991.38556,-1021.7549
360.34,-3147.7188,1019.5868,-1021.1154
360.36,-3152.526,1027.919,-1021.1154
360.38,-3104.4531,1024.8744,-1021.1154
360.4,-3142.9114,1016.3821,-1020.63574
360.41998,-3090.0312,1005.48615,-1019.99615
360.44,-3118.8748,1021.9903,-1019.8363
360.46,-3065.9949,1035.1294,-1019.35675
360.47998,-3128.4895,1031.9247,-1019.19684
360.5,-3099.646,1010.13293,-1019.5166
360.52,-3085.224,1060.9271,-1018.07764
360.53998,-3104.4531,1039.1354,-1017.9177
360.56,-3085.224,989.4627,-1018.71716
360.58,-3109.2605,1048.4288,-1018.07764
360.6,-3118.8748,1012.37616,-1017.9177
360.62,-3157.3333,1085.1224,-1016.79865
360.63998,-3128.4895,1036.2511,-1016.79865
360.66,-3118.8748,1033.8475,-1016.4789
360.68,-3104.4531,1037.2125,-1015.9992
360.69998,-3128.4895,1030.002,-1015.5196
360.72,-3118.8748,1057.2417,-1015.35974
360.74,-3104.4531,969.27325,-1015.6795
360.75998,-3138.104,1044.9038,-1014.7202
360.78,-3109.2605,1013.17737,-1015.5196
360.8,-3138.104,1025.3552,-1015.0399
360.81998,-3104.4531,1089.7693,-1013.6011
360.84,-3123.6824,1045.8652,-1012.9615
360.86,-3099.646,1022.63116,-1013.4412
360.88,-3128.4895,1055.9598,-1013.28125
360.9,-3147.7188,1100.0242,-1012.48193
360.91998,-3118.8748,1049.23,-1012.9615
360.94,-3133.2969,1036.0908,-1012.48193
360.96,-3109.2605,994.5902,-1012.80164
360.97998,-3138.104,1058.8441,-1011.3628
361.0,-3157.3333,1001.64056,-1011.6825
361.02,-3147.7188,1067.1763,-1010.4035
361.03998,-3099.646,1036.5715,-1011.04297
361.06,-3085.224,1018.9458,-1010.8831
361.08,-3094.8384,988.8218,-1010.7232
361.1,-3080.4167,1047.9481,-1010.2435
361.12,-3094.8384,1003.88385,-1010.2435
361.13998,-3162.1404,991.22534,-1009.4442
361.16,-3114.0676,1030.4827,-1009.28424
361.18,-3123.6824,1029.2008,-1008.8047
361.19998,-3061.1877,1044.9038,-1008.32495
361.22,-3118.8748,1035.4498,-1007.5257
361.24,-3099.646,1014.4592,-1008.485
361.25998,-3133.2969,1024.8744,-1008.1651
361.28,-3075.6096,1039.9364,-1006.72626
361.3,-3114.0676,1022.47095,-1007.04596
361.31998,-3114.0676,962.8639,-1007.5257
361.34,-3157.3333,1002.28143,-1007.2059
361.36,-3123.6824,1032.2452,-1006.08673
361.38,-3114.0676,1042.34,-1005.76697
361.4,-3085.224,1022.3107,-1006.08673
361.41998,-3118.8748,1035.7704,-1005.76697
361.44,-3118.8748,1025.1948,-1004.80774
361.46,-3133.2969,1021.9903,-1004.328
361.47998,-3118.8748,979.36804,-1004.16815
361.5,-3166.9478,1001.8008,-1003.84845
361.52,-3114.0676,986.73883,-1004.16815
361.53998,-3123.6824,1005.1657,-1003.84845
361.56,-3123.6824,1019.26624,-1002.56934
361.58,-3123.6824,1018.1446,-1002.88916
361.6,-3118.8748,989.1423,-1002.2496
361.62,-3147.7188,995.55164,-1002.7293
361.63998,-3118.8748,1049.23,-1002.2496
361.66,-3123.6824,1023.11194,-1001.61005
361.68,-3114.0676,1028.7201,-1001.61005
361.69998,-3123.6824,1043.3014,-1001.4502
361.72,-3109.2605,1009.0113,-1001.29034
361.74,-3210.2134,1046.6663,-999.5316
361.75998,-3118.8748,1019.5868,-1000.33105
361.78,-3123.6824,1003.88385,-999.6915
361.8,-3114.0676,1045.2242,-999.052
361.81998,-3114.0676,1012.5364,-999.37177
361.84,-3114.0676,992.347,-999.37177
361.86,-3109.2605,1004.68506,-999.6915
361.88,-3133.2969,1045.5447,-998.4125
361.9,-3109.2605,1033.367,-998.2526
361.91998,-3070.802,1016.7025,-998.2526
361.94,-3104.4531,983.5341,-998.0927
361.96,-3152.526,998.1154,-997.1334
361.97998,-3104.4531,1017.18317,-996.49396
362.0,-3142.9114,1063.4908,-996.17413
362.02,-3138.104,1027.5985,-996.17413
362.03998,-3152.526,1039.2955,-995.3748
362.06,-3142.9114,1026.9575,-995.6945
362.08,-3133.2969,999.5575,-995.85443
362.1,-3123.6824,982.8932,-995.6945
362.12,-3138.104,978.8873,-994.7352
362.13998,-3090.0312,999.5575,-994.7352
362.16,-3094.8384,977.60547,-994.5754
362.18,-3099.646,1027.7587,-993.77594
362.19998,-3123.6824,1007.409,-993.6161
362.22,-3176.5623,1013.17737,-992.9766
362.24,-3128.4895,985.9376,-994.2556
362.25998,-3138.104,965.9083,-993.1365
362.28,-3085.224,974.0803,-992.6568
362.3,-3065.9949,987.3797,-992.33704
362.31998,-3085.224,1060.9271,-991.2179
362.34,-3118.8748,1007.5692,-990.5784
362.36,-3162.1404,1009.0113,-991.05804
362.38,-3090.0312,1003.88385,-991.2179
362.4,-3147.7188,1019.42645,-990.5784
362.41998,-3109.2605,1023.913,-990.5784
362.44,-3138.104,981.6113,-991.05804
362.46,-3109.2605,986.57855,-990.2586
362.47998,-3166.9478,1019.5868,-989.61914
362.5,-3162.1404,985.6172,-988.8197
362.52,-3123.6824,1016.22186,-988.97955
362.53998,-3128.4895,1012.37616,-988.3401
362.56,-3104.4531,1050.1914,-988.0203
362.58,-3166.9478,980.3294,-988.65985
362.6,-3094.8384,1008.8511,-987.70056
362.62,-3090.0312,1021.1891,-987.3808
362.63998,-3118.8748,1015.7411,-986.74133
362.66,-3104.4531,981.93176,-986.74133
362.68,-3065.9949,997.4744,-986.4215
362.69998,-3138.104,996.51306,-986.4215
362.72,-3157.3333,1028.2394,-985.4622
362.74,-3118.8748,1018.1446,-985.30237
362.75998,-3133.2969,1003.4031,-985.30237
362.78,-3118.8748,993.9493,-985.9419
362.8,-3118.8748,1019.9072,-984.82275
362.81998,-3147.7188,985.9376,-985.14246
362.84,-3109.2605,998.43585,-984.0233
362.86,-3147.7188,1017.9844,-983.38385
362.88,-3118.8748,1015.7411,-983.22394
362.9,-3133.2969,990.2639,-983.064
362.91998,-3114.0676,996.19257,-982.9042
362.94,-3090.0312,1014.4592,-982.26465
362.96,-3176.5623,989.1423,-982.74426
362.97998,-3114.0676,994.9107,-982.42456
363.0,-3128.4895,1003.24286,-981.6251
363.02,-3118.8748,990.2639,-981.6251
363.03998,-3123.6824,994.9107,-981.6251
363.06,-3205.406,977.7657,-981.6251
363.08,-3157.3333,996.9938,-980.506
363.1,-3171.7551,991.38556,-980.1862
363.12,-3152.526,995.2312,-979.7066
363.13998,-3123.6824,993.78906,-979.86646
363.16,-3166.9478,995.2312,-979.3868
363.18,-3133.2969,1026.9575,-978.7473
363.19998,-3080.4167,992.0265,-978.58746
363.22,-3022.7292,980.4897,-979.0671
363.24,-3138.104,1015.7411,-977.46826
363.25998,-3099.646,953.4101,-977.788
363.28,-3123.6824,1020.3879,-977.6282
363.3,-3133.2969,988.66156,-976.9886
363.31998,-3176.5623,994.9107,-976.509
363.34,-3138.104,1008.2102,-976.509
363.36,-3123.6824,988.0206,-976.6689
363.38,-3157.3333,976.4838,-976.02936
363.4,-3147.7188,965.7481,-975.38983
363.41998,-3147.7188,945.7189,-975.5497
363.44,-3142.9114,983.8546,-974.43054
363.46,-3118.8748,989.623,-974.5904
363.47998,-3171.7551,999.5575,-974.1108
363.5,-3133.2969,995.71185,-974.1108
363.52,-3195.7915,961.7423,-973.7911
363.53998,-3171.7551,1006.4476,-973.3114
363.56,-3138.104,960.3002,-973.4713
363.58,-3118.8748,1010.7739,-972.1922
363.6,-3109.2605,956.1341,-972.6719
363.62,-3099.646,983.69434,-971.8725
363.63998,-3075.6096,968.3118,-972.3522
363.66,-3147.7188,993.30835,-971.233
363.68,-3128.4895,1017.18317,-971.3929
363.69998,-3200.5986,993.62885,-970.7533
363.72,-3142.9114,964.46625,-970.59344
363.74,-3157.3333,965.7481,-970.59344
363.75998,-3171.7551,975.6826,-969.794
363.78,-3181.3696,976.4838,-968.3551
363.8,-3147.7188,981.1306,-969.3144
363.81998,-3104.4531,962.54346,-968.8348
363.84,-3142.9114,986.41833,-968.19525
363.86,-3090.0312,1023.5926,-967.3958
363.88,-3138.104,1004.04407,-967.3958
363.9,-3128.4895,984.3353,-967.23596
363.91998,-3085.224,976.64404,-967.5558
363.94,-3109.2605,964.62646,-967.3958
363.96,-3181.3696,973.1189,-967.23596
363.97998,-3128.4895,985.6172,-966.27673
364.0,-3181.3696,985.6172,-965.1576
364.02,-3114.0676,991.706,-965.6372
364.03998,-3133.2969,964.7867,-965.6372
364.06,-3142.9114,1011.7353,-964.9976
364.08,-3162.1404,980.4897,-964.6779
364.1,-3142.9114,1026.6371,-964.35815
364.12,-3080.4167,990.90485,-964.0384
364.13998,-3147.7188,969.75397,-963.7186
364.16,-3128.4895,1031.2838,-962.91925
364.18,-3138.104,967.9914,-963.239
364.19998,-3210.2134,934.3423,-962.5994
364.22,-3118.8748,955.33295,-962.91925
364.24,-3114.0676,976.0031,-961.8001
364.25998,-3171.7551,1009.9727,-961.32043
364.28,-3162.1404,998.91656,-961.1605
364.3,-3109.2605,990.7446,-961.6402
364.31998,-3210.2134,1005.3259,-960.52106
364.34,-3109.2605,1013.81836,-960.52106
364.36,-3142.9114,972.47797,-960.3612
364.38,-3104.4531,959.1785,-960.3612
364.4,-3138.104,1007.88965,-959.242
364.41998,-3128.4895,988.98206,-960.0414
364.44,-3176.5623,981.45105,-959.08215
364.46,-3104.4531,950.20544,-958.7623
364.47998,-3152.526,952.12823,-958.2827
364.5,-3166.9478,980.9704,-957.963
364.52,-3104.4531,966.2288,-958.2827
364.53998,-3123.6824,986.41833,-957.3234
364.56,-3128.4895,955.33295,-957.0037
364.58,-3162.1404,963.5048,-956.8438
364.6,-3118.8748,959.1785,-956.524
364.62,-3114.0676,995.0709,-956.0444
364.63998,-3157.3333,926.0101,-955.56476
364.66,-3128.4895,979.52826,-955.4049
364.68,-3166.9478,969.11304,-955.0851
364.69998,-3176.5623,1004.2043,-953.96594
364.72,-3142.9114,968.3118,-954.1258
364.74,-3104.4531,994.5902,-954.1258
364.75998,-3104.4531,996.03235,-953.96594
364.78,-3142.9114,959.0183,-954.28577
364.8,-3157.3333,926.65106,-953.4863
364.81998,-3123.6824,941.8732,-953.4863
364.84,-3118.8748,977.285,-953.16656
364.86,-3142.9114,977.60547,-952.2073
364.88,-3104.4531,1008.3704,-951.7276
364.9,-3166.9478,953.5704,-952.2073
364.91998,-3118.8748,964.14575,-950.9283
364.94,-3142.9114,937.0663,-950.6085
364.96,-3123.6824,926.65106,-951.4079
364.97998,-3104.4531,957.73645,-951.08813
365.0,-3162.1404,943.7961,-950.2887
365.02,-3099.646,980.3294,-948.68994
365.03998,-3109.2605,955.49316,-949.3294
365.06,-3162.1404,950.36566,-949.16956
365.08,-3123.6824,986.0979,-948.2103
365.1,-3157.3333,982.25226,-948.3702
365.12,-3147.7188,964.14575,-948.0504
365.13998,-3128.4895,954.692,-947.5708
365.16,-3162.1404,940.11066,-947.0912
365.18,-3118.8748,982.25226,-946.9312
365.19998,-3128.4895,934.3423,-947.0912
365.22,-3133.2969,945.07794,-947.25104
365.24,-3118.8748,960.94116,-946.1319
365.25998,-3104.4531,956.1341,-945.81213
365.28,-3162.1404,981.6113,-945.1726
365.3,-3118.8748,940.7516,-944.693
365.31998,-3109.2605,944.75745,-944.37317
365.34,-3133.2969,931.45807,-944.693
365.36,-3104.4531,931.77856,-944.2133
365.38,-3181.3696,936.10486,-944.37317
365.4,-3104.4531,990.90485,-942.6145
365.41998,-3138.104,960.7809,-942.93427
365.44,-3104.4531,972.9587,-942.2948
365.46,-3157.3333,969.9142,-941.8151
365.47998,-3133.2969,960.13995,-942.1349
365.5,-3142.9114,949.72473,-941.3355
365.52,-3142.9114,913.99255,-941.975
365.53998,-3123.6824,979.52826,-940.85583
365.56,-3090.0312,949.0838,-940.6959
365.58,-3133.2969,931.77856,-940.3762
365.6,-3118.8748,924.7282,-939.8966
365.62,-3118.8748,936.906,-939.8966
365.63998,-3142.9114,967.02997,-938.61755
365.66,-3099.646,960.62067,-939.257
365.68,-3104.4531,936.5856,-938.7774
365.69998,-3099.646,958.6979,-938.1379
365.72,-3128.4895,936.10486,-938.1379
365.74,-3085.224,959.65924,-937.65826
365.75998,-3090.0312,967.9914,-936.8588
365.78,-3133.2969,934.6628,-937.0187
365.8,-3114.0676,929.5353,-936.8588
365.81998,-3147.7188,956.9353,-936.0594
365.84,-3090.0312,922.3247,-935.5798
365.86,-3114.0676,982.25226,-935.10016
365.88,-3046.7656,993.30835,-935.2601
365.9,-3138.104,950.0452,-934.9403
365.91998,-3109.2605,926.0101,-934.3008
365.94,-3114.0676,950.68616,-934.46063
365.96,-3109.2605,930.97736,-934.14087
365.97998,-3133.2969,917.3574,-933.50134
366.0,-3099.646,978.2464,-932.70197
366.02,-3123.6824,966.70953,-932.3822
366.03998,-3114.0676,976.80426,-932.2223
366.06,-3166.9478,940.43115,-932.06244
366.08,-3142.9114,924.4078,-931.9026
366.1,-3061.1877,929.375,-931.423
366.12,-3142.9114,933.54114,-931.423
366.13998,-3133.2969,917.1972,-931.10315
366.16,-3123.6824,973.7598,-930.9433
366.18,-3142.9114,913.3516,-930.3038
366.19998,-3061.1877,960.3002,-929.0248
366.22,-3147.7188,937.86743,-929.5044
366.24,-3109.2605,931.6183,-929.0248
366.25998,-3094.8384,949.40424,-927.9056
366.28,-3099.646,977.60547,-928.5451
366.3,-3099.646,938.6686,-928.5451
366.31998,-3171.7551,934.0218,-928.0655
366.34,-3128.4895,902.7762,-928.0655
366.36,-3133.2969,950.0452,-927.4259
366.38,-3166.9478,909.0253,-927.1062
366.4,-3133.2969,934.6628,-926.78644
366.41998,-3123.6824,908.2241,-926.6266
366.44,-3128.4895,930.6569,-927.1062
366.46,-3138.104,921.6838,-926.4666
366.47998,-3104.4531,960.62067,-925.34753
366.5,-3128.4895,946.52,-924.38824
366.52,-3128.4895,952.76917,-924.0685
366.53998,-3123.6824,900.85333,-924.70795
366.56,-3128.4895,897.6487,-925.0277
366.58,-3094.8384,931.29785,-923.74866
366.6,-3128.4895,935.14343,-924.22833
366.62,-3114.0676,919.6007,-923.5888
366.63998,-3114.0676,983.3739,-922.6295
366.66,-3162.1404,914.1528,-923.26904
366.68,-3138.104,940.11066,-922.46967
366.69998,-3118.8748,911.74927,-922.78937
366.72,-3138.104,986.89905,-921.35046
366.74,-3128.4895,925.84985,-921.5104
366.75998,-3118.8748,903.2569,-921.5104
366.78,-3162.1404,946.52,-920.711
366.8,-3123.6824,963.3446,-919.91156
366.81998,-3070.802,963.1844,-919.59186
366.84,-3085.224,935.94464,-919.2721
366.86,-3142.9114,904.8592,-919.1122
366.88,-3118.8748,956.4546,-918.7924
366.9,-3104.4531,934.3423,-918.63257
366.91998,-3109.2605,930.1762,-918.9523
366.94,-3142.9114,887.7142,-918.47266
366.96,-3065.9949,928.57385,-917.51337
366.97998,-3142.9114,941.713,-916.8739
367.0,-3114.0676,935.14343,-917.03375
367.02,-3133.2969,988.66156,-916.3942
367.03998,-3114.0676,911.90955,-916.3942
367.06,-3152.526,907.1025,-916.5541
367.08,-3099.646,936.42535,-915.9146
367.1,-3090.0312,926.65106,-915.1152
367.12,-3133.2969,926.33057,-915.43494
367.13998,-3109.2605,907.423,-914.9553
367.16,-3085.224,913.6721,-915.5948
367.18,-3061.1877,942.03345,-914.31573
367.19998,-3123.6824,920.72235,-913.99603
367.22,-3181.3696,946.1996,-913.8361
367.24,-3085.224,901.49426,-913.6763
367.25998,-3099.646,894.6042,-914.1559
367.28,-3162.1404,928.09314,-912.87683
367.3,-3128.4895,923.7668,-912.5571
367.31998,-3162.1404,919.7609,-912.3972
367.34,-3065.9949,950.68616,-911.2781
367.36,-3142.9114,916.8767,-911.7577
367.38,-3133.2969,918.31885,-911.7577
367.4,-3094.8384,900.5329,-911.1182
367.41998,-3123.6824,918.79956,-911.4379
367.44,-3133.2969,927.6124,-910.9583
367.46,-3070.802,905.8206,-910.9583
367.47998,-3123.6824,921.3633,-910.3188
367.5,-3147.7188,910.9481,-910.63855
367.52,-3080.4167,907.26276,-909.999
367.53998,-3186.1768,939.3095,-910.15894
367.56,-3104.4531,932.5797,-909.6793
367.58,-3104.4531,897.8089,-909.8392
367.6,-3147.7188,914.6334,-909.6793
367.62,-3133.2969,935.14343,-908.08044
367.63998,-3133.2969,912.7107,-908.4002
367.66,-3104.4531,870.24866,-908.08044
367.68,-3118.8748,893.48254,-907.441
367.69998,-3162.1404,884.34924,-907.2811
367.72,-3104.4531,917.1972,-907.2811
367.74,-3099.646,915.2744,-906.64154
367.75998,-3171.7551,956.6148,-906.32184
367.78,-3157.3333,908.86505,-906.32184
367.8,-3085.224,906.62177,-906.1619
367.81998,-3162.1404,919.9212,-905.68225
367.84,-3181.3696,908.2241,-904.8829
367.86,-3138.104,918.9598,-904.72296
367.88,-3133.2969,911.2686,-904.8829
367.9,-3147.7188,963.3446,-904.4032
367.91998,-3118.8748,912.06976,-904.72296
367.94,-3118.8748,911.74927,-904.0835
367.96,-3114.0676,898.61005,-903.9236
367.97998,-3123.6824,912.39026,-903.4439
368.0,-3138.104,926.65106,-902.9643
368.02,-3123.6824,920.24164,-902.9643
368.03998,-3104.4531,897.16797,-902.80444
368.06,-3118.8748,905.5001,-902.4847
368.08,-3070.802,921.20306,-901.84515
368.1,-3142.9114,923.92706,-901.84515
368.12,-3085.224,895.0849,-901.5254
368.13998,-3142.9114,907.9037,-900.88586
368.16,-3171.7551,916.8767,-901.0457
368.18,-3128.4895,921.20306,-900.5661
368.19998,-3114.0676,941.2323,-900.0865
368.22,-3109.2605,919.9212,-900.0865
368.24,-3094.8384,920.0814,-899.7667
368.25998,-3142.9114,898.61005,-899.44696
368.28,-3138.104,868.6463,-899.6068
368.3,-3118.8748,903.8978,-899.44696
368.31998,-3114.0676,963.0242,-898.4877
368.34,-3147.7188,935.94464,-898.8075
368.36,-3094.8384,936.42535,-898.00806
368.38,-3118.8748,908.2241,-898.00806
368.4,-3166.9478,916.8767,-897.36847
368.41998,-3147.7188,909.8265,-897.5284
368.44,-3123.6824,873.2931,-897.8482
368.46,-3157.3333,898.93054,-896.88885
368.47998,-3109.2605,890.4381,-896.729
368.5,-3128.4895,922.6452,-896.729
368.52,-3186.1768,901.81476,-896.56915
368.53998,-3075.6096,939.14923,-895.60986
368.56,-3142.9114,911.90955,-895.44995
368.58,-3166.9478,913.6721,-894.9703
368.6,-3118.8748,931.6183,-894.8104
368.62,-3123.6824,918.1586,-894.6506
368.63998,-3162.1404,897.4884,-894.8104
368.66,-3142.9114,901.975,-894.6506
368.68,-3152.526,942.03345,-894.8104
368.69998,-3147.7188,953.5704,-893.5314
368.72,-3128.4895,917.6779,-893.3715
368.74,-3104.4531,925.36914,-892.8919
368.75998,-3142.9114,923.12585,-893.05176
368.78,-3085.224,937.86743,-892.2524
368.8,-3138.104,933.22064,-892.5721
368.81998,-3099.646,927.1317,-892.2524
368.84,-3109.2605,921.52356,-891.2931
368.86,-3166.9478,913.6721,-891.77277
368.88,-3065.9949,891.39954,-891.1332
368.9,-3147.7188,914.4732,-891.2931
368.91998,-3118.8748,879.86273,-890.65356
368.94,-3085.224,896.0463,-890.4937
368.96,-3138.104,904.699,-890.65356
368.97998,-3109.2605,919.6007,-890.01404
369.0,-3147.7188,928.57385,-889.8541
369.02,-3114.0676,917.037,-890.1739
369.03998,-3138.104,906.78204,-889.3745
369.06,-3123.6824,865.1212,-889.3745
369.08,-3166.9478,868.6463,-889.3745
369.1,-3147.7188,882.42645,-889.21466
369.12,-3128.4895,935.94464,-887.7757
369.13998,-3118.8748,883.0674,-888.735
369.16,-3138.104,888.8358,-887.7757
369.18,-3114.0676,880.8241,-887.7757
369.19998,-3128.4895,894.12354,-887.1362
369.22,-3118.8748,931.29785,-886.9763
369.24,-3133.2969,877.61945,-887.1362
369.25998,-3114.0676,913.0312,-886.3368
369.28,-3109.2605,905.98083,-886.17694
369.3,-3166.9478,893.3223,-885.5374
369.31998,-3065.9949,908.0639,-885.21765
369.34,-3157.3333,883.2276,-885.8572
369.36,-3128.4895,910.6276,-884.25836
369.38,-3147.7188,892.3609,-885.05774
369.4,-3142.9114,891.88025,-884.73804
369.41998,-3128.4895,932.2592,-884.25836
369.44,-3128.4895,932.099,-884.09845
369.46,-3128.4895,856.789,-884.73804
369.47998,-3109.2605,899.89197,-884.09845
369.5,-3109.2605,894.6042,-883.29913
369.52,-3128.4895,914.1528,-882.81946
369.53998,-3138.104,903.4171,-882.9793
369.56,-3118.8748,898.7703,-882.81946
369.58,-3104.4531,908.2241,-882.65955
369.6,-3147.7188,884.34924,-882.0201
369.62,-3133.2969,884.82996,-882.0201
369.63998,-3109.2605,877.45917,-881.5404
369.66,-3138.104,894.444,-881.3805
369.68,-3147.7188,901.65454,-881.22064
369.69998,-3166.9478,862.237,-880.741
369.72,-3104.4531,926.17035,-879.78174
369.74,-3152.526,926.9715,-880.4212
369.75998,-3080.4167,909.0253,-879.4619
369.78,-3157.3333,890.2779,-880.26135
369.8,-3147.7188,909.34576,-879.4619
369.81998,-3142.9114,919.2803,-879.4619
369.84,-3128.4895,900.5329,-879.4619
369.86,-3166.9478,923.92706,-878.023
369.88,-3123.6824,882.74695,-878.34283
369.9,-3162.1404,924.7282,-877.5434
369.91998,-3181.3696,857.59015,-877.7033
369.94,-3133.2969,929.2148,-877.7033
369.96,-3133.2969,904.37854,-877.2237
369.97998,-3128.4895,864.6405,-876.5841
370.0,-3123.6824,885.63116,-877.5434
370.02,-3133.2969,888.8358,-876.9039
370.03998,-3157.3333,882.90717,-875.78467
370.06,-3181.3696,881.3048,-875.6248
370.08,-3142.9114,888.5154,-876.1045
370.1,-3056.3804,884.189,-875.94464
370.12,-3075.6096,903.8978,-875.30505
370.13998,-3133.2969,903.73755,-874.82544
370.16,-3099.646,878.5808,-874.5057
370.18,-3142.9114,900.6931,-874.02606
370.19998,-3157.3333,873.2931,-873.54645
370.22,-3123.6824,917.3574,-873.7063
370.24,-3133.2969,922.6452,-873.54645
370.25998,-3157.3333,913.83234,-873.54645
370.28,-3118.8748,883.7083,-873.54645
370.3,-3133.2969,867.36444,-873.0668
370.31998,-3041.9585,889.1563,-872.58716
370.34,-3138.104,900.3726,-872.42725
370.36,-3142.9114,869.76794,-872.2674
370.38,-3099.646,875.6966,-872.2674
370.4,-3166.9478,868.8065,-871.62787
370.41998,-3171.7551,912.5505,-871.14825
370.44,-3109.2605,888.8358,-871.46796
370.46,-3118.8748,852.6229,-871.3081
370.47998,-3118.8748,835.79834,-870.8284
370.5,-3118.8748,903.4171,-870.02905
370.52,-3104.4531,881.465,-869.8692
370.53998,-3138.104,883.7083,-869.3895
370.56,-3162.1404,897.16797,-869.2296
370.58,-3200.5986,873.1329,-868.9099
370.6,-3138.104,861.9165,-868.9099
370.62,-3123.6824,912.7107,-868.75
370.63998,-3114.0676,877.9399,-868.43024
370.66,-3099.646,850.37964,-867.9506
370.68,-3166.9478,862.3972,-867.63086
370.69998,-3229.4424,872.8124,-867.7907
370.72,-3142.9114,872.8124,-867.7907
370.74,-3157.3333,864.4803,-866.99133
370.75998,-3142.9114,918.1586,-866.3518
370.78,-3109.2605,869.28723,-866.99133
370.8,-3166.9478,883.3879,-866.5117
370.81998,-3147.7188,875.8569,-866.03204
370.84,-3215.0205,869.44745,-866.03204
370.86,-3133.2969,871.85095,-865.3925
370.88,-3147.7188,858.23114,-865.7123
370.9,-3085.224,914.9539,-864.59314
370.91998,-3118.8748,867.6849,-864.753
370.94,-3118.8748,845.89307,-864.753
370.96,-3166.9478,878.9013,-863.9536
370.97998,-3123.6824,893.1621,-863.63385
371.0,-3215.0205,886.5925,-863.15424
371.02,-3176.5623,902.2955,-862.51465
371.03998,-3138.104,861.2756,-862.9943
371.06,-3085.224,857.7504,-863.3141
371.08,-3118.8748,883.5481,-862.8345
371.1,-3171.7551,878.2604,-862.51465
371.12,-3128.4895,906.78204,-861.8752
371.13998,-3147.7188,865.1212,-861.8752
371.16,-3142.9114,851.5013,-861.3955
371.18,-3128.4895,859.513,-861.5554
371.19998,-3142.9114,867.52466,-860.756
371.22,-3142.9114,896.52704,-860.756
371.24,-3147.7188,873.6136,-860.27637
371.25998,-3157.3333,870.7294,-860.27637
371.28,-3190.9841,878.2604,-859.7967
371.3,-3118.8748,910.147,-859.477
371.31998,-3142.9114,856.3083,-859.3171
371.34,-3118.8748,894.6042,-858.5177
371.36,-3142.9114,832.9141,-858.67755
371.38,-3181.3696,851.34106,-858.9973
371.4,-3104.4531,923.12585,-857.8782
371.41998,-3133.2969,889.47675,-857.8782
371.44,-3085.224,869.44745,-857.8782
371.46,-3114.0676,857.42993,-857.8782
371.47998,-3138.104,872.33167,-856.5991
371.5,-3114.0676,917.3574,-856.75903
371.52,-3181.3696,872.33167,-856.4392
371.53998,-3142.9114,888.5154,-855.79974
371.56,-3142.9114,844.4509,-856.11945
371.58,-3152.526,846.21356,-856.5991
371.6,-3162.1404,828.74805,-855.63983
371.62,-3138.104,860.15393,-855.48
371.63998,-3128.4895,885.63116,-854.84045
371.66,-3128.4895,841.2463,-855.63983
371.68,-3118.8748,902.9364,-854.36084
371.69998,-3152.526,877.9399,-854.041
371.72,-3176.5623,877.13873,-853.72125
371.74,-3176.5623,843.81,-854.2009
371.75998,-3133.2969,851.34106,-853.88116
371.78,-3123.6824,843.16907,-853.88116
371.8,-3157.3333,899.25104,-852.44226
371.81998,-3109.2605,861.7563,-852.28235
371.84,-3104.4531,859.6732,-851.96265
371.86,-3176.5623,881.465,-852.28235
371.88,-3118.8748,879.0615,-852.1225
371.9,-3123.6824,867.20416,-852.44226
371.91998,-3190.9841,898.1294,-850.84344
371.94,-3142.9114,848.2966,-851.6428
371.96,-3190.9841,855.3469,-851.1632
371.97998,-3075.6096,823.4603,-851.1632
372.0,-3147.7188,876.658,-850.044
372.02,-3114.0676,868.3258,-850.5236
372.03998,-3118.8748,850.2194,-849.2446
372.06,-3109.2605,875.6966,-849.7243
372.08,-3104.4531,869.76794,-849.2446
372.1,-3075.6096,821.858,-850.044
372.12,-3147.7188,864.6405,-849.0847
372.13998,-3133.2969,837.7212,-848.44525
372.16,-3109.2605,858.8721,-848.1255
372.18,-3075.6096,851.1808,-848.1255
372.19998,-3114.0676,865.44165,-847.3261
372.22,-3133.2969,863.51886,-847.3261
372.24,-3142.9114,868.8065,-847.00635
372.25998,-3109.2605,844.93164,-847.1662
372.28,-3142.9114,847.0147,-847.00635
372.3,-3080.4167,829.8697,-847.8057
372.31998,-3128.4895,887.23346,-845.88715
372.34,-3123.6824,830.8311,-846.6865
372.36,-3128.4895,876.97845,-845.88715
372.38,-3118.8748,830.99133,-846.5267
372.4,-3109.2605,823.13983,-846.04706
372.41998,-3090.0312,859.513,-845.08777
372.44,-3128.4895,878.1001,-844.2883
372.46,-3099.646,880.50366,-843.64886
372.47998,-3147.7188,884.34924,-843.3291
372.5,-3104.4531,823.941,-844.4482
372.52,-3142.9114,834.6767,-844.4482
372.53998,-3104.4531,834.9972,-844.1285
372.56,-3128.4895,837.5609,-842.8494
372.58,-3104.4531,833.07434,-842.8494
372.6,-3109.2605,886.913,-842.6896
372.62,-3138.104,853.26385,-842.6896
372.63998,-3138.104,887.7142,-841.7303
372.66,-3051.573,895.4054,-841.4105
372.68,-3104.4531,882.26624,-840.77094
372.69998,-3051.573,863.6791,-840.9309
372.72,-3085.224,855.0264,-841.09076
372.74,-3109.2605,854.065,-840.45123
372.75998,-3085.224,881.94574,-840.6111
372.78,-3162.1404,826.50476,-839.9716
372.8,-3133.2969,839.00305,-840.6111
372.81998,-3147.7188,850.2194,-839.8117
372.84,-3118.8748,857.1095,-838.8524
372.86,-3123.6824,829.22876,-839.0123
372.88,-3123.6824,834.196,-838.2129
372.9,-3090.0312,865.9223,-839.0123
372.91998,-3099.646,851.982,-838.2129
372.94,-3133.2969,872.65216,-837.8931
372.96,-3104.4531,874.7352,-837.8931
372.97998,-3123.6824,842.84863,-837.8931
373.0,-3147.7188,816.41003,-837.09375
373.02,-3166.9478,822.4989,-836.93384
373.03998,-3085.224,855.3469,-836.774
373.06,-3118.8748,890.7586,-836.4542
373.08,-3123.6824,868.3258,-836.2944
373.1,-3085.224,834.5165,-835.6548
373.12,-3171.7551,838.52234,-835.97455
373.13998,-3114.0676,849.4182,-835.97455
373.16,-3041.9585,893.6428,-835.6548
373.18,-3138.104,861.59607,-835.0153
373.19998,-3094.8384,830.0299,-835.0153
373.22,-3099.646,822.4989,-834.8554
373.24,-3114.0676,839.9645,-834.6955
373.25998,-3104.4531,843.9703,-834.2159
373.28,-3109.2605,875.37616,-833.8962
373.3,-3162.1404,810.6416,-834.2159
373.31998,-3138.104,842.68835,-833.57635
373.34,-3104.4531,877.45917,-833.09674
373.36,-3157.3333,860.9551,-832.2973
373.38,-3128.4895,821.858,-832.777
373.4,-3128.4895,801.98895,-832.4572
373.41998,-3118.8748,815.9293,-832.6171
373.44,-3123.6824,816.41003,-831.8177
373.46,-3147.7188,806.95624,-831.9776
373.47998,-3094.8384,820.2556,-831.8177
373.5,-3118.8748,852.6229,-831.17816
373.52,-3123.6824,851.982,-830.8584
373.53998,-3109.2605,824.582,-830.059
373.56,-3085.224,846.534,-830.8584
373.58,-3128.4895,854.3855,-829.8991
373.6,-3109.2605,831.31177,-829.8991
373.62,-3061.1877,825.2229,-830.059
373.63998,-3147.7188,836.27905,-829.25964
373.66,-3128.4895,823.30005,-829.25964
373.68,-3190.9841,826.34454,-828.30035
373.69998,-3085.224,850.53986,-828.77997
373.72,-3104.4531,866.7235,-828.14044
373.74,-3123.6824,871.3703,-827.82074
373.75998,-3114.0676,870.7294,-827.34106
373.78,-3109.2605,848.7773,-827.5009
373.8,-3133.2969,838.3621,-827.5009
373.81998,-3104.4531,871.21,-826.70154
373.84,-3104.4531,818.17255,-826.70154
373.86,-3099.646,816.89075,-827.34106
373.88,-3176.5623,826.50476,-826.22186
373.9,-3118.8748,831.47205,-825.5824
373.91998,-3094.8384,791.4135,-825.74225
373.94,-3094.8384,838.84283,-824.9428
373.96,-3099.646,857.59015,-825.26263
373.97998,-3109.2605,828.90826,-824.78296
374.0,-3114.0676,835.9586,-824.6231
374.02,-3118.8748,831.95276,-824.4632
374.03998,-3104.4531,802.46967,-825.1027
374.06,-3114.0676,838.84283,-824.30334
374.08,-3104.4531,818.97375,-823.9835
374.1,-3094.8384,832.4334,-823.34406
374.12,-3133.2969,821.69775,-823.1842
374.13998,-3133.2969,836.11884,-822.86444
374.16,-3123.6824,835.1574,-822.38477
374.18,-3133.2969,808.2381,-822.5446
374.19998,-3118.8748,843.16907,-822.38477
374.22,-3166.9478,830.67084,-821.90515
374.24,-3138.104,869.28723,-821.4255
374.25998,-3142.9114,833.71533,-821.26556
374.28,-3166.9478,828.74805,-821.4255
374.3,-3128.4895,806.95624,-820.94586
374.31998,-3128.4895,835.4779,-820.6261
374.34,-3094.8384,822.9796,-820.1464
374.36,-3109.2605,829.5492,-820.1464
374.38,-3056.3804,837.7212,-819.6668
374.4,-3123.6824,836.4393,-819.6668
374.41998,-3147.7188,815.44867,-819.6668
374.44,-3138.104,832.5937,-819.34705
374.46,-3090.0312,816.73047,-819.34705
374.47998,-3109.2605,839.16327,-818.06805
374.5,-3152.526,822.4989,-818.38776
374.52,-3109.2605,821.858,-818.54767
374.53998,-3109.2605,775.06964,-818.06805
374.56,-3118.8748,862.237,-817.5884
374.58,-3123.6824,806.63574,-818.06805
374.6,-3138.104,819.134,-817.7482
374.62,-3080.4167,834.6767,-816.629
374.63998,-3123.6824,869.127,-816.4692
374.66,-3181.3696,888.1949,-816.1494
374.68,-3128.4895,842.84863,-816.4692
374.69998,-3075.6096,818.49304,-816.1494
374.72,-3099.646,822.1784,-815.5099
374.74,-3109.2605,809.35974,-815.8297
374.75998,-3176.5623,838.20184,-815.0303
374.78,-3094.8384,801.98895,-815.1901
374.8,-3123.6824,822.6591,-815.0303
374.81998,-3142.9114,833.07434,-813.91113
374.84,-3128.4895,811.28253,-813.91113
374.86,-3133.2969,814.96796,-813.5914
374.88,-3162.1404,841.08606,-813.7512
374.9,-3133.2969,796.2205,-813.4315
374.91998,-3138.104,839.8042,-813.2716
374.94,-3109.2605,789.3305,-813.5914
374.96,-3128.4895,812.8849,-813.1117
374.97998,-3176.5623,837.4007,-812.3123
375.0,-3114.0676,801.98895,-812.3123
375.02,-3118.8748,814.327,-811.83264
375.03998,-3080.4167,746.2275,-812.47217
375.06,-3138.104,865.28143,-810.8734
375.08,-3109.2605,822.6591,-811.6728
375.1,-3085.224,778.5948,-811.03326
375.12,-3152.526,801.98895,-811.1932
375.13998,-3133.2969,813.0451,-810.5536
375.16,-3070.802,805.0334,-810.39374
375.18,-3147.7188,799.26495,-810.7135
375.19998,-3114.0676,808.7188,-810.2339
375.22,-3133.2969,802.1492,-809.1147
375.24,-3128.4895,801.0275,-809.59436
375.25998,-3128.4895,818.65326,-809.2746
375.28,-3157.3333,772.50586,-809.43445
375.3,-3051.573,836.59955,-808.95483
375.31998,-3181.3696,830.0299,-808.1554
375.34,-3142.9114,872.0112,-807.83563
375.36,-3147.7188,799.9059,-807.83563
375.38,-3142.9114,819.2942,-808.3153
375.4,-3162.1404,798.1433,-807.5159
375.41998,-3109.2605,784.52344,-807.5159
375.44,-3104.4531,779.5562,-807.03625
375.46,-3142.9114,785.00415,-807.83563
375.47998,-3147.7188,801.0275,-806.87634
375.5,-3133.2969,861.4358,-805.7572
375.52,-3133.2969,837.7212,-805.9171
375.53998,-3090.0312,836.4393,-805.7572
375.56,-3104.4531,832.5937,-805.7572
375.58,-3123.6824,790.45215,-805.59735
375.6,-3138.104,817.2112,-804.9578
375.62,-3094.8384,793.4965,-805.2776
375.63998,-3065.9949,839.3235,-804.3183
375.66,-3128.4895,825.3831,-804.798
375.68,-3094.8384,808.7188,-803.99854
375.69998,-3109.2605,817.8521,-804.15845
375.72,-3123.6824,813.3656,-803.8387
375.74,-3109.2605,803.91174,-803.6788
375.75998,-3099.646,818.8135,-803.8387
375.78,-3138.104,803.1106,-803.1991
375.8,-3157.3333,838.84283,-802.55963
375.81998,-3099.646,824.582,-802.55963
375.84,-3118.8748,828.26733,-802.07996
375.86,-3075.6096,851.5013,-802.3998
375.88,-3123.6824,815.9293,-802.07996
375.9,-3109.2605,800.3866,-802.07996
375.91998,-3157.3333,805.9948,-801.4405
375.94,-3133.2969,849.0978,-800.8009
375.96,-3147.7188,814.8077,-800.8009
375.97998,-3142.9114,809.6802,-800.3213
376.0,-3138.104,825.86383,-800.0016
376.02,-3147.7188,801.98895,-799.8416
376.03998,-3162.1404,806.3153,-799.68176
376.06,-3099.646,808.55853,-799.8416
376.08,-3171.7551,806.79596,-799.68176
376.1,-3181.3696,815.9293,-799.04224
376.12,-3142.9114,800.7071,-798.56256
376.13998,-3104.4531,845.73285,-798.72253
376.16,-3133.2969,801.82874,-798.4027
376.18,-3128.4895,820.5761,-798.24286
376.19998,-3142.9114,847.65564,-798.08295
376.22,-3123.6824,849.7387,-797.9231
376.24,-3190.9841,817.2112,-797.76324
376.25998,-3138.104,848.13635,-797.4434
376.28,-3123.6824,831.31177,-796.64404
376.3,-3142.9114,815.6089,-796.9638
376.31998,-3157.3333,806.4755,-796.32434
376.34,-3075.6096,849.4182,-796.16437
376.36,-3147.7188,832.5937,-795.68475
376.38,-3094.8384,812.8849,-796.16437
376.4,-3061.1877,796.54095,-795.365
376.41998,-3133.2969,822.6591,-795.365
376.44,-3118.8748,800.2264,-794.72546
376.46,-3138.104,819.134,-794.24585
376.47998,-3109.2605,789.01,-794.8853
376.5,-3152.526,826.9855,-794.086
376.52,-3133.2969,799.4252,-794.086
376.53998,-3147.7188,835.1574,-792.9668
376.56,-3104.4531,808.0779,-793.6063
376.58,-3142.9114,811.28253,-793.1267
376.6,-3099.646,859.83344,-792.4871
376.62,-3142.9114,807.11646,-792.64703
376.63998,-3109.2605,816.5703,-792.4871
376.66,-3104.4531,829.389,-792.0075
376.68,-3109.2605,816.2498,-792.1674
376.69998,-3147.7188,780.03687,-791.68774
376.72,-3099.646,820.7363,-791.68774
376.74,-3046.7656,787.40765,-791.5279
376.75998,-3181.3696,826.02405,-791.368
376.78,-3142.9114,796.54095,-791.0482
376.8,-3104.4531,801.348,-790.40875
376.81998,-3166.9478,763.8533,-790.88837
376.84,-3065.9949,815.9293,-790.40875
376.86,-3109.2605,825.2229,-789.76917
376.88,-3128.4895,805.5141,-789.28955
376.9,-3075.6096,820.5761,-788.65
376.91998,-3080.4167,795.0989,-789.28955
376.94,-3138.104,790.7726,-789.1297
376.96,-3051.573,805.9948,-788.4902
376.97998,-3090.0312,768.01935,-788.8099
377.0,-3128.4895,810.6416,-787.5308
377.02,-3133.2969,771.0638,-787.85065
377.03998,-3114.0676,848.9375,-787.85065
377.06,-3118.8748,809.6802,-787.0512
377.08,-3123.6824,806.155,-787.0512
377.1,-3142.9114,788.0486,-786.4117
377.12,-3104.4531,784.0427,-786.89136
377.13998,-3104.4531,810.32117,-786.4117
377.16,-3118.8748,771.8649,-786.57153
377.18,-3099.646,818.8135,-785.6123
377.19998,-3128.4895,814.16675,-785.29254
377.22,-3099.646,792.8556,-784.9728
377.24,-3195.7915,775.3901,-785.29254
377.25998,-3171.7551,799.10474,-783.8536
377.28,-3109.2605,825.0626,-783.8536
377.3,-3138.104,821.858,-784.0135
377.31998,-3147.7188,793.3363,-784.3333
377.34,-3075.6096,791.0931,-783.6937
377.36,-3128.4895,819.45447,-783.6937
377.38,-3070.802,807.11646,-782.73444
377.4,-3138.104,788.8498,-783.05426
377.41998,-3200.5986,781.1585,-782.73444
377.44,-3133.2969,766.5773,-782.73444
377.46,-3162.1404,751.03455,-782.2548
377.47998,-3166.9478,797.18195,-781.77515
377.5,-3099.646,814.16675,-781.4554
377.52,-3046.7656,803.1106,-781.93506
377.53998,-3061.1877,801.348,-780.65607
377.56,-3114.0676,785.00415,-781.1357
377.58,-3104.4531,806.79596,-780.8159
377.6,-3094.8384,813.8463,-780.4961
377.62,-3118.8748,795.2591,-779.8566
377.63998,-3157.3333,768.9807,-780.1764
377.66,-3109.2605,788.8498,-780.1764
377.68,-3123.6824,777.7936,-779.37695
377.69998,-3109.2605,816.0896,-779.6967
377.72,-3128.4895,819.7749,-779.0572
377.74,-3138.104,804.87317,-778.0979
377.75998,-3190.9841,779.71643,-778.89734
377.78,-3123.6824,799.58545,-778.5776
377.8,-3027.5366,814.16675,-777.93805
377.81998,-3128.4895,794.61816,-777.1387
377.84,-3128.4895,760.80884,-777.93805
377.86,-3109.2605,808.7188,-776.9788
377.88,-3061.1877,780.9983,-777.1387
377.9,-3109.2605,832.4334,-776.81885
377.91998,-3123.6824,790.2919,-776.33923
377.94,-3152.526,784.6837,-776.81885
377.96,-3166.9478,784.3632,-775.8596
377.97998,-3142.9114,799.4252,-775.8596
378.0,-3147.7188,796.2205,-775.5398
378.02,-3118.8748,792.2147,-775.5398
378.03998,-3099.646,808.879,-775.37994
378.06,-3123.6824,780.8381,-775.2201
378.08,-3085.224,779.2357,-774.9003
378.1,-3166.9478,745.90704,-774.2608
378.12,-3114.0676,773.30707,-774.58057
378.13998,-3138.104,751.6755,-774.58057
378.16,-3123.6824,792.6954,-773.94104
378.18,-3104.4531,757.1234,-773.94104
378.19998,-3104.4531,780.9983,-773.1416
378.22,-3128.4895,805.0334,-772.662
378.24,-3114.0676,839.00305,-772.98175
378.25998,-3142.9114,782.28015,-772.8219
378.28,-3056.3804,789.1702,-772.3422
378.3,-3085.224,787.40765,-771.2231
378.31998,-3142.9114,762.5714,-771.38293
378.34,-3123.6824,782.60065,-771.2231
378.36,-3142.9114,791.734,-771.38293
378.38,-3190.9841,807.9176,-770.7434
378.4,-3133.2969,802.1492,-771.2231
378.41998,-3114.0676,782.28015,-770.90326
378.44,-3109.2605,808.0779,-770.42365
378.46,-3138.104,797.8229,-769.94403
378.47998,-3152.526,759.3667,-769.94403
378.5,-3123.6824,773.6275,-769.7842
378.52,-3147.7188,765.13513,-769.3045
378.53998,-3128.4895,781.479,-769.7842
378.56,-3109.2605,766.5773,-769.3045
378.58,-3080.4167,762.5714,-769.46436
378.6,-3099.646,792.2147,-768.1853
378.62,-3099.646,756.0018,-768.665
378.63998,-3142.9114,804.23224,-767.7057
378.66,-3195.7915,746.8684,-768.02545
378.68,-3104.4531,773.1468,-767.226
378.69998,-3133.2969,791.4135,-767.386
378.72,-3147.7188,782.9211,-767.226
378.74,-3118.8748,730.6848,-767.226
378.75998,-3133.2969,795.7398,-766.4267
378.78,-3114.0676,756.803,-766.9063
378.8,-3162.1404,793.97723,-765.7871
378.81998,-3123.6824,745.26605,-766.4267
378.84,-3133.2969,794.13745,-765.947
378.86,-3138.104,768.8205,-766.2668
378.88,-3099.646,794.45795,-764.98773
378.9,-3075.6096,776.3515,-764.8278
378.91998,-3085.224,817.3714,-764.66797
378.94,-3118.8748,786.4463,-764.98773
378.96,-3118.8748,776.8322,-764.18835
378.97998,-3090.0312,792.8556,-764.02844
379.0,-3051.573,780.8381,-763.70874
379.02,-3114.0676,748.47076,-764.02844
379.03998,-3138.104,742.2217,-763.3889
379.06,-3157.3333,768.8205,-763.06915
379.08,-3123.6824,776.1913,-762.9093
379.1,-3138.104,791.0931,-762.4296
379.12,-3157.3333,799.9059,-761.7901
379.13998,-3128.4895,829.22876,-762.2698
379.16,-3070.802,766.09656,-762.74945
379.18,-3109.2605,765.4556,-761.7901
379.19998,-3190.9841,789.01,-761.1506
379.22,-3118.8748,803.431,-760.9907
379.24,-3114.0676,764.334,-760.9907
379.25998,-3128.4895,773.7877,-760.5111
379.28,-3181.3696,757.2836,-760.03143
379.3,-3123.6824,793.3363,-760.03143
379.31998,-3114.0676,789.8112,-759.5518
379.34,-3133.2969,804.39246,-760.03143
379.36,-3157.3333,760.0076,-759.5518
379.38,-3123.6824,799.4252,-758.7524
379.4,-3032.344,804.072,-758.4326
379.41998,-3065.9949,795.0989,-759.0722
379.44,-3104.4531,813.5258,-758.4326
379.46,-3123.6824,774.1082,-757.4733
379.47998,-3123.6824,765.93634,-757.4733
379.5,-3104.4531,763.21234,-757.953
379.52,-3142.9114,761.44977,-757.6332
379.53998,-3085.224,759.3667,-757.4733
379.56,-3128.4895,763.21234,-756.5141
379.58,-3142.9114,767.53864,-756.5141
379.6,-3114.0676,775.22986,-756.67395
379.62,-3128.4895,772.6661,-756.0344
379.63998,-3090.0312,789.01,-755.71466
379.66,-3133.2969,752.7971,-755.39496
379.68,-3133.2969,720.59,-755.39496
379.69998,-3142.9114,739.8182,-755.71466
379.72,-3118.8748,773.7877,-755.07513
379.74,-3123.6824,751.8357,-754.9152
379.75998,-3142.9114,777.3129,-754.1159
379.78,-3123.6824,750.55383,-753.95593
379.8,-3085.224,766.5773,-753.7961
379.81998,-3123.6824,809.03925,-753.31647
379.84,-3109.2605,769.62164,-753.31647
379.86,-3114.0676,757.76434,-753.31647
379.88,-3128.4895,787.88837,-753.1566
379.9,-3138.104,782.28015,-752.9967
379.91998,-3128.4895,780.9983,-752.83685
379.94,-3152.526,766.09656,-752.3572
379.96,-3133.2969,769.94214,-752.0374
379.97998,-3176.5623,788.20886,-751.71765
380.0,-3128.4895,748.47076,-751.87756
380.02,-3133.2969,777.7936,-751.238
380.03998,-3128.4895,752.1561,-751.0781
380.06,-3142.9114,789.4907,-750.9183
380.08,-3138.104,776.5117,-751.238
380.1,-3099.646,763.0521,-750.2787
380.12,-3080.4167,739.8182,-749.959
380.13998,-3104.4531,759.8474,-750.43866
380.16,-3133.2969,743.824,-749.959
380.18,-3162.1404,774.90936,-749.15955
380.19998,-3114.0676,772.34564,-749.31946
380.22,-3123.6824,783.2416,-748.67993
380.24,-3123.6824,769.1409,-748.52
380.25998,-3094.8384,804.71295,-747.72064
380.28,-3099.646,785.9656,-748.0404
380.3,-3138.104,766.41705,-747.8805
380.31998,-3118.8748,777.7936,-747.5607
380.34,-3094.8384,740.6193,-747.4009
380.36,-3109.2605,795.0989,-746.92126
380.38,-3114.0676,800.8673,-747.0811
380.4,-3118.8748,761.28955,-746.76135
380.41998,-3138.104,746.548,-746.4416
380.44,-3109.2605,771.3842,-746.4416
380.46,-3109.2605,766.8977,-745.962
380.47998,-3061.1877,811.92346,-746.1218
380.5,-3090.0312,761.9305,-745.4823
380.52,-3166.9478,779.0755,-745.0027
380.53998,-3094.8384,752.4766,-745.16254
380.56,-3090.0312,757.76434,-745.0027
380.58,-3128.4895,772.6661,-744.5231
380.6,-3109.2605,753.91876,-744.36316
380.62,-3085.224,788.6896,-743.4039
380.63998,-3109.2605,751.9959,-743.8835
380.66,-3138.104,751.8357,-743.4039
380.68,-3133.2969,764.17377,-743.4039
380.69998,-3157.3333,760.3281,-742.6045
380.72,-3147.7188,756.4825,-742.6045
380.74,-3109.2605,756.32227,-742.1248
380.75998,-3104.4531,747.50934,-742.76434
380.78,-3142.9114,767.6989,-741.96497
380.8,-3123.6824,754.8801,-742.6045
380.81998,-3138.104,748.79126,-741.64514
380.84,-3070.802,737.2544,-741.96497
380.86,-3109.2605,743.3433,-741.64514
380.88,-3133.2969,775.22986,-741.0057
380.9,-3133.2969,740.7796,-741.0057
380.91998,-3032.344,756.6427,-739.7266
380.94,-3128.4895,740.6193,-740.68585
380.96,-3090.0312,801.0275,-739.7266
380.97998,-3080.4167,788.8498,-739.88654
381.0,-3037.1514,758.4053,-739.7266
381.02,-3118.8748,703.2848,-739.40686
381.03998,-3094.8384,753.43805,-739.40686
381.06,-3157.3333,772.02515,-738.6075
381.08,-3094.8384,772.02515,-738.4476
381.1,-3104.4531,744.9456,-738.1278
381.12,-3123.6824,737.5749,-737.9679
381.13998,-3094.8384,660.34204,-738.1278
381.16,-3118.8748,783.2416,-737.80804
381.18,-3123.6824,731.48596,-737.6482
381.19998,-3138.104,777.7936,-737.3284
381.22,-3070.802,739.8182,-736.84875
381.24,-3099.646,753.11755,-737.1686
381.25998,-3166.9478,741.58075,-736.529
381.28,-3080.4167,713.5398,-736.36914
381.3,-3094.8384,756.32227,-735.88947
381.31998,-3104.4531,753.43805,-736.0494
381.34,-3128.4895,776.1913,-735.40985
381.36,-3123.6824,737.2544,-735.5697
381.38,-3162.1404,736.61346,-735.40985
381.4,-3104.4531,727.3199,-734.7703
381.41998,-3104.4531,773.4673,-734.93024
381.44,-3065.9949,768.8205,-734.7703
381.46,-3123.6824,755.36084,-733.97095
381.47998,-3061.1877,718.1866,-733.97095
381.5,-3109.2605,756.16205,-733.33136
381.52,-3123.6824,772.50586,-733.01166
381.53998,-3152.526,713.2193,-734.1308
381.56,-3133.2969,743.824,-733.6512
381.58,-3104.4531,719.148,-733.33136
381.6,-3061.1877,768.3398,-732.85175
381.62,-3046.7656,734.8509,-732.532
381.63998,-3080.4167,732.7678,-731.7326
381.66,-3075.6096,768.3398,-731.7326
381.68,-3109.2605,737.7351,-731.5727
381.69998,-3157.3333,747.82983,-731.0931
381.72,-3070.802,751.6755,-731.0931
381.74,-3109.2605,736.61346,-731.41284
381.75998,-3090.0312,755.52106,-731.0931
381.78,-3109.2605,746.8684,-730.2937
381.8,-3138.104,729.5632,-730.2937
381.81998,-3099.646,713.7,-730.1338
381.84,-3152.526,722.1924,-730.6134
381.86,-3094.8384,752.7971,-729.814
381.88,-3138.104,727.9608,-729.814
381.9,-3147.7188,747.3491,-729.33435
381.91998,-3099.646,723.63446,-729.49426
381.94,-3114.0676,764.0135,-728.6949
381.96,-3118.8748,697.997,-729.01465
381.97998,-3104.4531,743.6638,-728.6949
382.0,-3133.2969,756.803,-728.37506
382.02,-3104.4531,729.8836,-727.7356
382.03998,-3123.6824,711.7772,-727.89545
382.06,-3109.2605,727.9608,-727.09607
382.08,-3109.2605,765.2954,-726.61646
382.1,-3152.526,722.1924,-727.57574
382.12,-3109.2605,734.6907,-727.2559
382.13998,-3152.526,721.8719,-726.93616
382.16,-3133.2969,737.0942,-726.1367
382.18,-3099.646,755.52106,-726.2967
382.19998,-3123.6824,741.9012,-725.817
382.22,-3123.6824,716.5842,-725.6571
382.24,-3085.224,729.7234,-725.97687
382.25998,-3133.2969,706.48944,-725.817
382.28,-3094.8384,748.47076,-725.49725
382.3,-3147.7188,745.58655,-725.3374
382.31998,-3118.8748,765.61584,-724.53796
382.34,-3061.1877,738.85675,-724.05835
382.36,-3099.646,709.69415,-724.3781
382.38,-3200.5986,736.293,-723.7385
382.4,-3099.646,707.6111,-724.05835
382.41998,-3147.7188,719.46844,-723.5787
382.44,-3176.5623,719.46844,-722.93915
382.46,-3128.4895,765.13513,-722.6194
382.47998,-3181.3696,718.02637,-723.09906
382.5,-3109.2605,743.824,-722.6194
382.52,-3046.7656,734.53046,-722.2996
382.53998,-3109.2605,766.41705,-721.97986
382.56,-3142.9114,720.59,-721.50024
382.58,-3152.526,742.3819,-721.34033
382.6,-3118.8748,734.8509,-721.02057
382.62,-3118.8748,770.10236,-720.54095
382.63998,-3051.573,735.1714,-721.02057
382.66,-3109.2605,759.8474,-721.34033
382.68,-3090.0312,729.2427,-720.70087
382.69998,-3123.6824,774.74915,-720.3811
382.72,-3142.9114,776.8322,-719.58167
382.74,-3157.3333,748.15027,-719.4218
382.75998,-3123.6824,739.4977,-719.10205
382.78,-3114.0676,741.26025,-719.2619
382.8,-3109.2605,757.6041,-719.2619
382.81998,-3128.4895,707.77136,-718.94214
382.84,-3114.0676,683.4158,-718.14276
382.86,-3114.0676,709.53394,-718.7822
382.88,-3171.7551,770.58307,-717.9829
382.9,-3133.2969,741.10004,-717.1835
382.91998,-3147.7188,725.5573,-717.5032
382.94,-3142.9114,707.1304,-716.8637
382.96,-3104.4531,712.09766,-717.3433
382.97998,-3157.3333,728.92224,-716.8637
383.0,-3171.7551,717.06494,-716.70386
383.02,-3114.0676,745.10583,-716.70386
383.03998,-3133.2969,678.6087,-716.2242
383.06,-3114.0676,745.26605,-715.4248
383.08,-3114.0676,714.34094,-715.58466
383.1,-3133.2969,775.8708,-715.105
383.12,-3142.9114,767.2182,-714.9451
383.13998,-3109.2605,726.67896,-714.62537
383.16,-3133.2969,701.84265,-715.105
383.18,-3118.8748,706.169,-715.4248
383.19998,-3109.2605,732.7678,-714.4655
383.22,-3104.4531,741.10004,-714.62537
383.24,-3104.4531,752.95734,-713.6661
383.25998,-3147.7188,708.0918,-713.3463
383.28,-3147.7188,756.16205,-713.0266
383.3,-3094.8384,743.1831,-713.18646
383.31998,-3109.2605,745.74677,-712.387
383.34,-3094.8384,692.54913,-712.2272
383.36,-3123.6824,719.46844,-712.7068
383.38,-3142.9114,717.06494,-712.387
383.4,-3133.2969,708.4123,-712.387
383.41998,-3118.8748,726.038,-711.5876
383.44,-3142.9114,688.8637,-711.5876
383.46,-3114.0676,709.69415,-711.108
383.47998,-3094.8384,733.56903,-710.62836
383.5,-3152.526,715.9433,-710.62836
383.52,-3128.4895,729.7234,-710.62836
383.53998,-3142.9114,707.45087,-710.1487
383.56,-3142.9114,710.17487,-710.3086
383.58,-3142.9114,721.07074,-710.1487
383.6,-3200.5986,723.63446,-709.98883
383.62,-3133.2969,711.2965,-709.66907
383.63998,-3123.6824,702.16315,-709.5092
383.66,-3094.8384,731.48596,-709.1894
383.68,-3133.2969,723.314,-708.7098
383.69998,-3118.8748,751.9959,-708.23016
383.72,-3147.7188,721.23096,-708.5499
383.74,-3138.104,723.79474,-707.7505
383.75998,-3123.6824,710.976,-707.59064
383.78,-3104.4531,723.95496,-707.7505
383.8,-3142.9114,730.5246,-707.111
383.81998,-3123.6824,700.0801,-707.111
383.84,-3123.6824,737.5749,-706.9511
383.86,-3128.4895,713.5398,-706.7912
383.88,-3133.2969,701.2017,-706.47144
383.9,-3138.104,712.89886,-706.15173
383.91998,-3128.4895,720.4298,-706.3116
383.94,-3142.9114,729.5632,-705.1924
383.96,-3128.4895,712.09766,-705.51215
383.97998,-3056.3804,728.2813,-705.03253
384.0,-3128.4895,701.68243,-705.3523
384.02,-3133.2969,730.0439,-704.71277
384.03998,-3118.8748,745.90704,-704.5529
384.06,-3138.104,714.9819,-704.393
384.08,-3133.2969,717.7059,-704.07324
384.1,-3133.2969,703.9257,-704.393
384.12,-3152.526,706.3292,-704.07324
384.13998,-3123.6824,719.46844,-703.4338
384.16,-3166.9478,716.74445,-703.11395
384.18,-3104.4531,770.7433,-702.3146
384.19998,-3118.8748,705.2076,-702.95404
384.22,-3114.0676,696.0742,-702.7942
384.24,-3118.8748,757.76434,-701.51514
384.25998,-3186.1768,684.3772,-702.3146
384.28,-3157.3333,714.34094,-701.99475
384.3,-3147.7188,712.09766,-702.1547
384.31998,-3166.9478,704.72687,-701.67505
384.34,-3142.9114,712.7386,-701.3553
384.36,-3152.526,682.61456,-701.8349
384.38,-3118.8748,706.80994,-700.2361
384.4,-3118.8748,697.6766,-701.0355
384.41998,-3114.0676,738.5363,-700.07623
384.44,-3171.7551,702.00287,-700.2361
384.46,-3138.104,740.7796,-699.7565
384.47998,-3147.7188,718.1866,-699.59656
384.5,-3147.7188,695.2731,-700.2361
384.52,-3118.8748,703.7655,-699.9164
384.53998,-3085.224,720.9105,-698.9571
384.56,-3094.8384,730.2041,-698.6373
384.58,-3186.1768,730.0439,-698.3175
384.6,-3138.104,691.107,-698.9571
384.62,-3109.2605,692.22864,-698.6373
384.63998,-3114.0676,676.3654,-698.3175
384.66,-3109.2605,691.5877,-698.15765
384.68,-3128.4895,697.51636,-697.67804
384.69998,-3157.3333,710.3351,-697.9978
384.72,-3046.7656,743.0228,-697.5181
384.74,-3128.4895,679.5701,-697.8379
384.75998,-3157.3333,686.7807,-697.03845
384.78,-3118.8748,729.8836,-697.03845
384.8,-3109.2605,706.80994,-696.55884
384.81998,-3104.4531,693.3503,-696.0792
384.84,-3099.646,703.7655,-695.4397
384.86,-3065.9949,701.2017,-695.59955
384.88,-3157.3333,692.22864,-696.0792
384.9,-3152.526,690.78656,-695.9193
384.91998,-3094.8384,752.4766,-694.64026
384.94,-3171.7551,712.41815,-694.4804
384.96,-3114.0676,737.4147,-694.8001
384.97998,-3171.7551,685.8193,-694.8001
385.0,-3123.6824,684.0567,-694.64026
385.02,-3138.104,708.0918,-694.16064
385.03998,-3109.2605,694.6322,-693.8409
385.06,-3152.526,693.19006,-693.3612
385.08,-3118.8748,688.5433,-694.3205
385.1,-3133.2969,704.40643,-693.3612
385.12,-3128.4895,663.707,-693.3612
385.13998,-3128.4895,739.4977,-692.5619
385.16,-3109.2605,701.68243,-692.72174
385.18,-3114.0676,694.6322,-692.5619
385.19998,-3104.4531,703.445,-692.24207
385.22,-3162.1404,723.63446,-691.60254
385.24,-3123.6824,688.2228,-691.9223
385.25998,-3118.8748,722.5128,-691.28284
385.28,-3123.6824,693.19006,-692.24207
385.3,-3118.8748,683.576,-691.28284
385.31998,-3142.9114,703.6052,-690.4834
385.34,-3133.2969,694.1515,-690.80316
385.36,-3128.4895,724.27545,-690.80316
385.38,-3166.9478,718.1866,-690.4834
385.4,-3118.8748,728.92224,-689.20435
385.41998,-3109.2605,669.9561,-690.0037
385.44,-3099.646,740.1386,-689.20435
385.46,-3085.224,697.997,-689.3642
385.47998,-3123.6824,745.26605,-689.3642
385.5,-3109.2605,692.70935,-689.20435
385.52,-3099.646,682.45435,-689.20435
385.53998,-3123.6824,675.08356,-688.5648
385.56,-3094.8384,706.169,-688.7247
385.58,-3118.8748,693.6708,-687.6055
385.6,-3099.646,703.1245,-688.4049
385.62,-3090.0312,714.50116,-687.6055
385.63998,-3099.646,653.45197,-687.9253
385.66,-3085.224,687.2614,-687.4456
385.68,-3133.2969,728.76196,-686.966
385.69998,-3128.4895,699.43915,-687.1259
385.72,-3118.8748,672.19934,-686.966
385.74,-3085.224,721.55145,-686.64624
385.75998,-3094.8384,734.3702,-685.68695
385.78,-3099.646,698.4777,-685.84686
385.8,-3099.646,681.01227,-686.0067
385.81998,-3152.526,705.8485,-685.5271
385.84,-3118.8748,705.6883,-685.0474
385.86,-3114.0676,665.6298,-685.68695
385.88,-3104.4531,720.59,-684.8876
385.9,-3090.0312,691.107,-684.72766
385.91998,-3090.0312,686.4602,-684.5678
385.94,-3104.4531,652.6508,-684.72766
385.96,-3075.6096,705.2076,-684.0882
385.97998,-3051.573,692.86957,-684.5678
386.0,-3099.646,714.1807,-683.6085
386.02,-3123.6824,711.93744,-683.7684
386.03998,-3090.0312,652.1701,-684.0882
386.06,-3162.1404,728.60175,-682.64923
386.08,-3080.4167,710.01465,-683.28876
386.1,-3094.8384,736.61346,-682.4893
386.12,-3138.104,696.55493,-682.64923
386.13998,-3099.646,718.3468,-682.1696
386.16,-3128.4895,684.69763,-681.84985
386.18,-3133.2969,684.85785,-682.32947
386.19998,-3138.104,676.045,-681.69
386.22,-3114.0676,715.7831,-682.0097
386.24,-3109.2605,697.19586,-681.53
386.25998,-3080.4167,686.9409,-681.69
386.28,-3085.224,673.8017,-681.53
386.3,-3085.224,719.62866,-680.5708
386.31998,-3094.8384,751.355,-680.41095
386.34,-3166.9478,676.8461,-680.251
386.36,-3118.8748,708.0918,-679.9313
386.38,-3085.224,656.01575,-680.5708
386.4,-3099.646,691.107,-680.73065
386.41998,-3123.6824,694.95264,-680.41095
386.44,-3099.646,697.8368,-680.0911
386.46,-3099.646,682.77484,-680.251
386.47998,-3123.6824,641.114,-679.77136
386.5,-3133.2969,673.9619,-679.29175
386.52,-3118.8748,688.06256,-678.6522
386.53998,-3085.224,671.5584,-678.33246
386.56,-3075.6096,680.852,-678.972
386.58,-3133.2969,670.7573,-678.33246
386.6,-3118.8748,635.666,-678.6522
386.62,-3104.4531,692.70935,-677.37317
386.63998,-3080.4167,674.1222,-678.6522
386.66,-3118.8748,700.0801,-677.37317
386.68,-3118.8748,663.54675,-677.8528
386.69998,-3109.2605,678.12805,-677.37317
386.72,-3157.3333,696.71515,-676.89355
386.74,-3142.9114,671.3982,-677.533
386.75998,-3118.8748,690.1456,-676.254
386.78,-3061.1877,676.3654,-676.5737
386.8,-3104.4531,670.11633,-676.89355
386.81998,-3133.2969,691.9082,-676.4139
386.84,-3109.2605,738.37604,-675.77435
386.86,-3109.2605,678.6087,-675.4546
386.88,-3138.104,664.1877,-675.4546
386.9,-3133.2969,702.32336,-675.2947
386.91998,-3114.0676,683.7362,-675.6145
386.94,-3099.646,734.8509,-674.975
386.96,-3118.8748,671.5584,-674.81506
386.97998,-3090.0312,692.54913,-674.49536
387.0,-3123.6824,685.0181,-674.49536
387.02,-3123.6824,692.22864,-674.33545
387.03998,-3094.8384,682.2941,-674.0157
387.06,-3104.4531,695.5935,-673.536
387.08,-3138.104,663.54675,-674.6552
387.1,-3128.4895,682.2941,-673.536
387.12,-3114.0676,714.0205,-673.2163
387.13998,-3133.2969,669.7959,-673.8558
387.16,-3080.4167,652.81104,-673.2163
387.18,-3099.646,666.5912,-672.8965
387.19998,-3085.224,691.5877,-673.05634
387.22,-3090.0312,706.80994,-672.73663
387.24,-3085.224,660.66254,-672.0971
387.25998,-3080.4167,661.4637,-671.61743
387.28,-3142.9114,663.54675,-672.257
387.3,-3109.2605,684.85785,-671.77734
387.31998,-3085.224,736.13275,-670.81805
387.34,-3133.2969,666.27075,-671.4576
387.36,-3104.4531,698.7982,-671.4576
387.38,-3094.8384,666.1105,-671.93726
387.4,-3099.646,728.2813,-670.81805
387.41998,-3090.0312,679.73035,-670.1785
387.44,-3171.7551,669.6357,-670.1785
387.46,-3114.0676,678.12805,-670.3384
387.47998,-3123.6824,688.2228,-670.3384
387.5,-3118.8748,699.43915,-670.4983
387.52,-3109.2605,659.3807,-670.4983
387.53998,-3162.1404,662.9058,-670.0187
387.56,-3056.3804,662.4251,-668.8995
387.58,-3094.8384,683.8965,-669.21924
387.6,-3162.1404,680.3713,-668.5798
387.62,-3080.4167,667.7128,-668.7396
387.63998,-3123.6824,643.67773,-669.0594
387.66,-3099.646,654.0929,-668.8995
387.68,-3133.2969,668.19354,-668.5798
387.69998,-3133.2969,650.56775,-667.9402
387.72,-3133.2969,666.1105,-667.9402
387.74,-3128.4895,649.2859,-668.10004
387.75998,-3186.1768,675.08356,-668.41986
387.78,-3133.2969,663.06604,-667.78033
387.8,-3118.8748,676.2052,-666.82104
387.81998,-3157.3333,646.8824,-667.78033
387.84,-3138.104,649.7666,-666.9809
387.86,-3094.8384,712.57837,-666.34143
387.88,-3109.2605,672.0391,-667.1408
387.9,-3133.2969,659.7011,-667.1408
387.91998,-3109.2605,683.25555,-666.66113
387.94,-3157.3333,690.46606,-666.66113
387.96,-3109.2605,657.2976,-666.1815
387.97998,-3094.8384,655.85547,-665.542
388.0,-3104.4531,690.9468,-665.70184
388.02,-3094.8384,678.6087,-666.1815
388.03998,-3118.8748,672.19934,-665.2222
388.06,-3118.8748,656.17596,-665.70184
388.08,-3090.0312,687.58185,-665.0624
388.1,-3157.3333,673.321,-665.3821
388.12,-3128.4895,677.48706,-664.90247
388.13998,-3128.4895,670.11633,-664.26294
388.16,-3147.7188,648.32446,-664.26294
388.18,-3090.0312,636.62744,-663.9432
388.19998,-3104.4531,661.9444,-664.1031
388.22,-3133.2969,662.9058,-663.9432
388.24,-3142.9114,639.51166,-664.4228
388.25998,-3099.646,671.7186,-663.46356
388.28,-3118.8748,645.4403,-663.7833
388.3,-3090.0312,720.1093,-662.3444
388.31998,-3109.2605,676.5257,-662.82404
388.34,-3147.7188,702.00287,-661.86475
388.36,-3128.4895,693.6708,-661.86475
388.38,-3085.224,682.2941,-662.5043
388.4,-3109.2605,672.8403,-662.3444
388.41998,-3128.4895,666.5912,-662.5043
388.44,-3128.4895,675.88477,-662.0246
388.46,-3142.9114,675.5643,-662.0246
388.47998,-3133.2969,676.2052,-661.545
388.5,-3080.4167,679.0894,-661.86475
388.52,-3090.0312,659.7011,-661.38513
388.53998,-3094.8384,657.6181,-660.5857
388.56,-3041.9585,664.8286,-660.9054
388.58,-3142.9114,640.95374,-660.9054
388.6,-3138.104,653.29175,-660.9054
388.62,-3080.4167,679.8906,-661.06537
388.63998,-3109.2605,692.86957,-660.2659
388.66,-3104.4531,683.25555,-660.1061
388.68,-3118.8748,640.3128,-660.1061
388.69998,-3123.6824,723.79474,-658.827
388.72,-3123.6824,667.8731,-659.30664
388.74,-3109.2605,688.5433,-658.6672
388.75998,-3080.4167,670.59705,-659.4665
388.78,-3094.8384,660.66254,-658.827
388.8,-3090.0312,677.0064,-659.1468
388.81998,-3123.6824,644.4789,-658.5072
388.84,-3109.2605,714.50116,-658.0276
388.86,-3133.2969,703.2848,-658.0276
388.88,-3133.2969,675.5643,-657.38806
388.9,-3090.0312,681.97363,-658.0276
388.91998,-3128.4895,658.41925,-658.0276
388.94,-3090.0312,659.5409,-658.0276
388.96,-3085.224,697.8368,-657.7078
388.97998,-3099.646,635.5058,-657.548
389.0,-3109.2605,682.93506,-657.22815
389.02,-3147.7188,642.3959,-657.22815
389.03998,-3114.0676,676.6859,-657.22815
389.06,-3123.6824,687.90234,-656.109
389.08,-3123.6824,664.1877,-655.9491
389.1,-3142.9114,641.91516,-655.9491
389.12,-3080.4167,677.64734,-656.2689
389.13998,-3138.104,675.7245,-655.78925
389.16,-3147.7188,657.2976,-656.109
389.18,-3090.0312,667.3924,-656.5887
389.19998,-3166.9478,683.4158,-655.6294
389.22,-3162.1404,664.8286,-655.4695
389.24,-3085.224,656.49646,-655.1498
389.25998,-3133.2969,647.68353,-655.30963
389.28,-3099.646,633.90344,-654.98987
389.3,-3085.224,622.20636,-655.30963
389.31998,-3133.2969,674.60284,-654.82996
389.34,-3104.4531,661.14325,-654.35034
389.36,-3176.5623,669.4754,-654.1905
389.38,-3090.0312,662.2649,-654.1905
389.4,-3152.526,696.23444,-653.5509
389.41998,-3142.9114,682.77484,-653.7108
389.44,-3094.8384,707.9316,-653.0713
389.46,-3104.4531,647.0426,-653.8707
389.47998,-3099.646,677.1666,-653.5509
389.5,-3104.4531,656.49646,-653.7108
389.52,-3123.6824,652.6508,-653.5509
389.53998,-3142.9114,679.5701,-652.5917
389.56,-3138.104,650.72797,-652.91144
389.58,-3104.4531,690.46606,-652.7515
389.6,-3142.9114,694.95264,-652.27185
389.62,-3104.4531,698.7982,-651.79224
389.63998,-3090.0312,655.53503,-651.95215
389.66,-3133.2969,639.6719,-651.6324
389.68,-3123.6824,663.22626,-651.6324
389.69998,-3099.646,638.71045,-652.112
389.72,-3094.8384,654.0929,-651.6324
389.74,-3114.0676,665.46954,-651.1527
389.75998,-3109.2605,636.1467,-651.1527
389.78,-3075.6096,649.1257,-650.9928
389.8,-3118.8748,675.7245,-650.83295
389.81998,-3123.6824,623.80865,-650.5132
389.84,-3099.646,606.82385,-650.6731
389.86,-3128.4895,656.17596,-650.35333
389.88,-3157.3333,681.4929,-650.1935
389.9,-3123.6824,691.7479,-650.35333
389.91998,-3109.2605,663.86725,-650.1935
389.94,-3080.4167,670.7573,-650.1935
389.96,-3070.802,645.1199,-650.35333
389.97998,-3118.8748,683.576,-649.39404
390.0,-3104.4531,644.31866,-649.87366
390.02,-3123.6824,705.3678,-648.7545
390.03998,-3099.646,616.7584,-649.2342
390.06,-3138.104,619.32214,-649.39404
390.08,-3123.6824,652.3303,-649.2342
390.1,-3118.8748,648.004,-648.43475
390.12,-3114.0676,617.23914,-648.5946
390.13998,-3109.2605,653.13153,-648.27484
390.16,-3099.646,698.1573,-648.27484
390.18,-3090.0312,721.3912,-647.6353
390.19998,-3142.9114,649.7666,-647.7952
390.22,-3056.3804,664.6684,-647.31555
390.24,-3114.0676,585.83325,-648.115
390.25998,-3118.8748,666.75146,-647.95514
390.28,-3099.646,649.4461,-647.31555
390.3,-3157.3333,609.38763,-647.47546
390.31998,-3109.2605,635.9865,-647.1557
390.34,-3114.0676,631.0192,-646.5162
390.36,-3118.8748,644.9596,-646.5162
390.38,-3094.8384,594.0052,-646.6761
390.4,-3090.0312,661.62396,-645.7168
390.41998,-3094.8384,664.8286,-645.87665
390.44,-3104.4531,681.97363,-645.2371
390.46,-3070.802,655.3748,-646.0365
390.47998,-3094.8384,654.2532,-645.7168
390.5,-3128.4895,610.5093,-646.1964
390.52,-3080.4167,711.1362,-645.2371
390.53998,-3138.104,645.4403,-645.39703
390.56,-3104.4531,658.09875,-644.5976
390.58,-3114.0676,659.0602,-644.5976
390.6,-3104.4531,641.59467,-644.7575
390.62,-3109.2605,666.1105,-644.2779
390.63998,-3123.6824,643.3573,-644.43774
390.66,-3118.8748,651.36896,-644.2779
390.68,-3123.6824,639.6719,-645.2371
390.69998,-3080.4167,696.0742,-644.118
390.72,-3075.6096,635.3455,-643.95807
390.74,-3085.224,647.0426,-643.79816
390.75998,-3142.9114,609.38763,-643.1587
390.78,-3109.2605,656.01575,-643.79816
390.8,-3099.646,634.22394,-643.47845
390.81998,-3123.6824,635.666,-642.83887
390.84,-3090.0312,636.1467,-642.99884
390.86,-3099.646,634.06366,-642.83887
390.88,-3085.224,672.8403,-642.1994
390.9,-3128.4895,618.2005,-642.51917
390.91998,-3176.5623,657.7783,-642.83887
390.94,-3123.6824,672.68005,-642.51917
390.96,-3090.0312,660.82275,-642.35925
390.97998,-3104.4531,604.42035,-642.03955
391.0,-3128.4895,628.135,-642.35925
391.02,-3166.9478,671.3982,-642.1994
391.03998,-3123.6824,622.3666,-642.51917
391.06,-3099.646,672.51984,-641.7198
391.08,-3123.6824,634.06366,-641.5599
391.1,-3109.2605,660.1818,-640.92035
391.12,-3094.8384,629.8976,-641.39996
391.13998,-3166.9478,639.9924,-640.6006
391.16,-3094.8384,655.53503,-640.7605
391.18,-3133.2969,626.53265,-641.2401
391.19998,-3114.0676,642.0754,-640.2808
391.22,-3090.0312,640.95374,-640.7605
391.24,-3133.2969,654.0929,-640.6006
391.25998,-3104.4531,643.9982,-640.1209
391.28,-3094.8384,625.0905,-639.8012
391.3,-3128.4895,634.06366,-639.6413
391.31998,-3099.646,654.2532,-639.48145
391.34,-3118.8748,644.63916,-638.52216
391.36,-3080.4167,669.3152,-639.1616
391.38,-3090.0312,606.0227,-639.3216
391.4,-3061.1877,659.8613,-638.84186
391.41998,-3123.6824,666.75146,-638.36224
391.44,-3094.8384,663.22626,-638.52216
391.46,-3181.3696,684.69763,-638.36224
391.47998,-3138.104,667.3924,-638.0425
391.5,-3109.2605,633.90344,-638.2024
391.52,-3104.4531,626.6929,-637.7227
391.53998,-3099.646,663.86725,-638.0425
391.56,-3090.0312,633.2625,-637.7227
391.58,-3147.7188,631.66016,-637.40295
391.6,-3041.9585,652.81104,-637.56287
391.62,-3118.8748,639.51166,-637.56287
391.63998,-3133.2969,629.09644,-636.92334
391.66,-3109.2605,706.0087,-636.6035
391.68,-3133.2969,672.19934,-636.2838
391.69998,-3109.2605,647.84375,-636.6035
391.72,-3147.7188,652.97125,-636.6035
391.74,-3090.0312,624.9303,-636.7634
391.75998,-3128.4895,672.35956,-636.2838
391.78,-3056.3804,640.7935,-636.2838
391.8,-3094.8384,633.4227,-636.1239
391.81998,-3075.6096,600.8952,-636.2838
391.84,-3109.2605,629.5771,-635.6443
391.86,-3099.646,646.08124,-635.3245
391.88,-2965.0422,631.0192,-635.8042
391.9,-3104.4531,641.75494,-635.6443
391.91998,-3109.2605,629.5771,-635.3245
391.94,-3118.8748,653.77246,-635.1646
391.96,-3118.8748,633.90344,-634.52515
391.97998,-3104.4531,645.7608,-634.8449
392.0,-3065.9949,650.72797,-634.2053
392.02,-3104.4531,664.5082,-634.2053
392.03998,-3090.0312,651.5292,-634.0455
392.06,-3147.7188,617.07886,-634.2053
392.08,-3080.4167,636.30695,-634.2053
392.1,-3114.0676,640.3128,-633.88556
392.12,-3118.8748,650.40753,-633.2461
392.13998,-3133.2969,656.8169,-633.40594
392.16,-3085.224,630.6987,-633.40594
392.18,-3061.1877,660.66254,-633.88556
392.19998,-3104.4531,667.3924,-632.9263
392.22,-3118.8748,689.3444,-632.2868
392.24,-3109.2605,640.473,-632.60657
392.25998,-3094.8384,639.8321,-631.967
392.28,-3109.2605,655.0543,-632.60657
392.3,-3094.8384,647.0426,-632.60657
392.31998,-3118.8748,641.43445,-631.8071
392.34,-3041.9585,631.98065,-631.8071
392.36,-3128.4895,629.09644,-631.8071
392.38,-3075.6096,625.8917,-632.1269
392.4,-3046.7656,643.9982,-631.6472
392.41998,-3090.0312,611.1502,-631.967
392.44,-3138.104,637.7491,-631.00775
392.46,-3138.104,609.2274,-631.1676
392.47998,-3099.646,638.8707,-631.1676
392.5,-3128.4895,664.5082,-629.88855
392.52,-3070.802,597.2099,-631.1676
392.53998,-3090.0312,632.6216,-630.5281
392.56,-3070.802,653.29175,-630.8479
392.58,-3142.9114,674.7631,-629.88855
392.6,-3099.646,670.4368,-629.0892
392.62,-3104.4531,625.2508,-629.4089
392.63998,-3070.802,641.43445,-629.7287
392.66,-3109.2605,639.51166,-629.7287
392.68,-3118.8748,609.70807,-629.5688
392.69998,-3094.8384,671.2379,-629.249
392.72,-3114.0676,600.2543,-629.7287
392.74,-3123.6824,635.1853,-628.92926
392.75998,-3099.646,646.40173,-628.1299
392.78,-3080.4167,636.1467,-628.28973
392.8,-3094.8384,640.473,-628.1299
392.81998,-3075.6096,612.59235,-628.60956
392.84,-3094.8384,648.48474,-628.28973
392.86,-3085.224,617.07886,-628.1299
392.88,-3109.2605,654.8941,-627.3305
392.9,-3075.6096,636.46716,-627.97
392.91998,-3061.1877,604.90106,-628.28973
392.94,-3099.646,634.06366,-627.65027
392.96,-3041.9585,624.4496,-627.0107
392.97998,-3070.802,677.1666,-627.0107
393.0,-3104.4531,637.9093,-626.6909
393.02,-3118.8748,624.7701,-626.53107
393.03998,-3133.2969,622.687,-626.6909
393.06,-3123.6824,637.5888,-626.53107
393.08,-3094.8384,633.4227,-626.8508
393.1,-3090.0312,655.85547,-626.05145
393.12,-3114.0676,618.8415,-626.2113
393.13998,-3109.2605,651.5292,-626.05145
393.16,-3099.646,660.66254,-625.7316
393.18,-3094.8384,632.4613,-626.53107
393.19998,-3133.2969,653.77246,-625.89154
393.22,-3090.0312,620.28357,-625.89154
393.24,-3138.104,617.5596,-625.7316
393.25998,-3133.2969,636.30695,-625.252
393.28,-3085.224,650.56775,-625.5718
393.3,-3118.8748,620.4438,-624.7724
393.31998,-3094.8384,619.4824,-625.4119
393.34,-3118.8748,616.1175,-624.93225
393.36,-3123.6824,625.2508,-624.2927
393.38,-3090.0312,639.9924,-624.6125
393.4,-3099.646,636.78766,-624.4526
393.41998,-3114.0676,637.10815,-624.2927
393.44,-3094.8384,610.02856,-624.1329
393.46,-3104.4531,622.20636,-624.2927
393.47998,-3094.8384,632.4613,-623.65326
393.5,-3138.104,591.9221,-624.1329
393.52,-3114.0676,642.3959,-623.33344
393.53998,-3094.8384,597.2099,-623.97296
393.56,-3109.2605,616.7584,-623.65326
393.58,-3109.2605,627.8145,-623.0137
393.6,-3099.646,634.86487,-622.8538
393.62,-3080.4167,635.0251,-622.53406
393.63998,-3099.646,620.4438,-623.0137
393.66,-3051.573,634.86487,-622.3742
393.68,-3114.0676,643.83795,-622.0544
393.69998,-3114.0676,642.7163,-622.3742
393.72,-3109.2605,633.2625,-622.21423
393.74,-3070.802,616.2777,-622.3742
393.75998,-3104.4531,611.95135,-621.57477
393.78,-3142.9114,583.4297,-622.3742
393.8,-3070.802,619.9631,-621.57477
393.81998,-3118.8748,588.23676,-621.57477
393.84,-3099.646,645.921,-621.7346
393.86,-3080.4167,609.54785,-621.255
393.88,-3109.2605,620.60406,-621.7346
393.9,-3123.6824,621.0847,-621.255
393.91998,-3094.8384,621.5654,-621.0951
393.94,-3114.0676,663.86725,-621.255
393.96,-3090.0312,609.70807,-620.2957
393.97998,-3090.0312,618.6812,-620.45557
394.0,-3128.4895,663.22626,-619.6562
394.02,-3085.224,640.7935,-620.13586
394.03998,-3090.0312,566.28467,-620.2957
394.06,-3094.8384,633.4227,-619.4963
394.08,-3080.4167,613.714,-620.13586
394.1,-3104.4531,612.9128,-619.81604
394.12,-3090.0312,605.0613,-619.6562
394.13998,-3090.0312,625.2508,-619.6562
394.16,-3041.9585,629.73737,-619.3364
394.18,-3056.3804,638.71045,-619.1766
394.19998,-3085.224,647.3631,-619.3364
394.22,-3099.646,641.75494,-619.3364
394.24,-3075.6096,603.459,-619.1766
394.25998,-3118.8748,629.4169,-618.6969
394.28,-3037.1514,601.69635,-618.8568
394.3,-3109.2605,614.51514,-618.6969
394.31998,-3142.9114,599.29285,-619.1766
394.34,-3051.573,608.4262,-618.37714
394.36,-3090.0312,635.3455,-618.0574
394.38,-3075.6096,661.7842,-617.25793
394.4,-3104.4531,624.60986,-617.7376
394.41998,-3109.2605,671.07776,-617.25793
394.44,-3090.0312,623.96893,-617.7376
394.46,-3056.3804,627.3338,-617.7376
394.47998,-3123.6824,650.2473,-617.41785
394.5,-3065.9949,631.33966,-617.57776
394.52,-3094.8384,661.4637,-617.0981
394.53998,-3123.6824,624.9303,-616.93823
394.56,-3075.6096,625.0905,-616.61847
394.58,-3080.4167,610.6695,-617.0981
394.6,-3085.224,634.86487,-616.61847
394.62,-3099.646,657.7783,-615.81903
394.63998,-3085.224,665.46954,-615.81903
394.66,-3128.4895,602.9783,-616.2987
394.68,-3070.802,646.8824,-616.4586
394.69998,-3065.9949,627.01337,-615.9789
394.72,-3090.0312,644.9596,-615.81903
394.74,-3085.224,596.7292,-615.9789
394.75998,-3070.802,622.20636,-615.3394
394.78,-3070.802,644.9596,-615.49927
394.8,-3080.4167,655.69525,-615.3394
394.81998,-3094.8384,635.82623,-615.9789
394.84,-3080.4167,624.60986,-615.0196
394.86,-3123.6824,584.7116,-615.17957
394.88,-3080.4167,604.0999,-615.3394
394.9,-3061.1877,623.32794,-615.0196
394.91998,-3104.4531,611.4707,-614.6999
394.94,-3070.802,601.53613,-614.2203
394.96,-3085.224,653.13153,-614.06036
394.97998,-3061.1877,645.7608,-614.2203
395.0,-3041.9585,659.5409,-613.74054
395.02,-3123.6824,640.1526,-613.5807
395.03998,-3123.6824,593.5245,-613.42084
395.06,-3094.8384,666.75146,-613.74054
395.08,-3090.0312,634.7046,-613.9005
395.1,-3046.7656,643.67773,-613.5807
395.12,-3085.224,592.56305,-613.2609
395.13998,-3051.573,607.46484,-613.1011
395.16,-3109.2605,595.928,-613.42084
395.18,-3075.6096,686.1398,-613.1011
395.19998,-3109.2605,656.8169,-612.6214
395.22,-3090.0312,596.4087,-613.42084
395.24,-3065.9949,629.8976,-612.46155
395.25998,-3090.0312,634.86487,-611.822
395.28,-3094.8384,645.6005,-612.46155
395.3,-3099.646,649.1257,-612.30164
395.31998,-3090.0312,638.71045,-611.98193
395.34,-3104.4531,602.33734,-612.46155
395.36,-3070.802,594.4859,-612.30164
395.38,-3118.8748,636.9479,-611.6622
395.4,-3128.4895,585.673,-612.1418
395.41998,-3104.4531,625.2508,-611.6622
395.44,-3085.224,620.9245,-611.822
395.46,-3114.0676,630.6987,-611.1825
395.47998,-3114.0676,587.91626,-611.0226
395.5,-3123.6824,637.4286,-611.0226
395.52,-3138.104,634.38416,-610.86273
395.53998,-3104.4531,647.5233,-610.0633
395.56,-3104.4531,636.78766,-610.54297
395.58,-3061.1877,623.4882,-610.54297
395.6,-3118.8748,638.55023,-610.7029
395.62,-3051.573,620.12335,-610.3831
395.63998,-3046.7656,596.08826,-611.1825
395.66,-3090.0312,627.4941,-609.7436
395.68,-3094.8384,582.4683,-610.54297
395.69998,-3104.4531,604.5806,-609.90344
395.72,-3123.6824,625.7315,-610.0633
395.74,-3099.646,642.3959,-609.5837
395.75998,-3171.7551,565.4835,-609.90344
395.78,-3099.646,612.11163,-609.5837
395.8,-3070.802,609.2274,-608.94415
395.81998,-3128.4895,654.5736,-608.94415
395.84,-3104.4531,639.8321,-608.1448
395.86,-3090.0312,617.5596,-609.2639
395.88,-3090.0312,643.5175,-608.6244
395.9,-3065.9949,607.7853,-609.4238
395.91998,-3114.0676,628.135,-608.78424
395.94,-3070.802,652.3303,-607.6651
395.96,-3118.8748,618.2005,-608.94415
395.97998,-3104.4531,615.9572,-608.6244
396.0,-3090.0312,619.80286,-609.10406
396.02,-3075.6096,601.3759,-608.46454
396.03998,-3118.8748,593.5245,-608.1448
396.06,-3123.6824,648.004,-607.9849
396.08,-3099.646,620.4438,-607.6651
396.1,-3094.8384,627.3338,-607.5052
396.12,-3142.9114,590.48004,-607.6651
396.13998,-3118.8748,636.78766,-607.6651
396.16,-3099.646,642.0754,-607.34534
396.18,-3123.6824,631.8204,-607.34534
396.19998,-3070.802,614.19464,-607.1855
396.22,-3133.2969,624.7701,-606.8657
396.24,-3109.2605,626.85315,-607.1855
396.25998,-3147.7188,599.77356,-606.8657
396.28,-3118.8748,628.2952,-606.7059
396.3,-3109.2605,642.5561,-606.0663
396.31998,-3138.104,623.96893,-605.90643
396.34,-3090.0312,672.51984,-606.2262
396.36,-3094.8384,605.3818,-606.5459
396.38,-3090.0312,635.0251,-606.2262
396.4,-3099.646,619.0017,-605.7466
396.41998,-3085.224,623.32794,-605.26685
396.44,-3128.4895,650.56775,-606.0663
396.46,-3061.1877,627.8145,-605.42676
396.47998,-3128.4895,654.4134,-604.94714
396.5,-3094.8384,614.19464,-605.26685
396.52,-3176.5623,656.6567,-604.78723
396.53998,-3070.802,614.67535,-605.107
396.56,-3142.9114,620.28357,-604.78723
396.58,-3041.9585,592.7233,-605.42676
396.6,-3041.9585,611.95135,-604.78723
396.62,-3056.3804,642.7163,-603.82794
396.63998,-3104.4531,649.1257,-604.1477
396.66,-3123.6824,621.245,-603.82794
396.68,-3085.224,600.2543,-603.6681
396.69998,-3065.9949,606.98413,-603.82794
396.72,-3123.6824,619.4824,-603.98785
396.74,-3114.0676,608.5865,-604.1477
396.75998,-3090.0312,606.0227,-603.3483
396.78,-3138.104,621.5654,-603.50824
396.8,-3094.8384,604.74084,-603.50824
396.81998,-3094.8384,636.1467,-603.1885
396.84,-3142.9114,691.2673,-602.0693
396.86,-3094.8384,621.5654,-602.86865
396.88,-3118.8748,620.12335,-602.38904
396.9,-3070.802,609.06714,-603.02856
396.91998,-3070.802,632.4613,-601.7495
396.94,-3046.7656,618.521,-601.9094
396.96,-3094.8384,603.93964,-601.9094
396.97998,-3128.4895,636.62744,-601.42975
397.0,-3075.6096,598.17126,-602.0693
397.02,-3109.2605,637.10815,-600.95013
397.03998,-3065.9949,634.22394,-600.47046
397.06,-3142.9114,592.40283,-601.42975
397.08,-3065.9949,599.61334,-601.5896
397.1,-3109.2605,613.5537,-601.5896
397.12,-3094.8384,611.79114,-601.11
397.13998,-3061.1877,628.45544,-600.7902
397.16,-3090.0312,582.4683,-600.6304
397.18,-3094.8384,667.7128,-600.6304
397.19998,-3085.224,609.54785,-600.31055
397.22,-3109.2605,621.4052,-599.83093
397.24,-3085.224,615.47656,-599.83093
397.25998,-3046.7656,619.0017,-600.31055
397.28,-3114.0676,614.67535,-600.95013
397.3,-3061.1877,620.28357,-599.35126
397.31998,-3090.0312,573.17474,-599.83093
397.34,-3051.573,613.714,-599.1914
397.36,-3061.1877,625.0905,-599.35126
397.38,-3099.646,612.9128,-599.6711
397.4,-3123.6824,581.0262,-599.35126
397.41998,-3109.2605,613.2333,-599.1914
397.44,-3056.3804,660.983,-598.87164
397.46,-3070.802,605.8625,-598.7118
397.47998,-3104.4531,607.62506,-598.7118
397.5,-3123.6824,601.69635,-598.7118
397.52,-3099.646,647.2028,-598.2322
397.53998,-3070.802,637.5888,-598.0722
397.56,-3065.9949,637.9093,-598.392
397.58,-3080.4167,573.9759,-598.5519
397.6,-3075.6096,612.75256,-598.7118
397.62,-3061.1877,623.80865,-598.2322
397.63998,-3080.4167,627.3338,-598.5519
397.66,-3094.8384,619.64264,-598.2322
397.68,-3099.646,593.6847,-597.5926
397.69998,-3080.4167,636.9479,-597.113
397.72,-3142.9114,627.6543,-597.2729
397.74,-3123.6824,632.3011,-596.95306
397.75998,-3104.4531,615.797,-597.113
397.78,-3104.4531,590.64026,-597.43274
397.8,-3080.4167,616.2777,-596.47345
397.81998,-3065.9949,631.17944,-597.113
397.84,-3090.0312,596.4087,-596.1537
397.86,-3080.4167,589.8391,-596.95306
397.88,-3118.8748,635.666,-596.47345
397.9,-3061.1877,601.53613,-596.6333
397.91998,-3104.4531,603.459,-596.1537
397.94,-3133.2969,633.1023,-596.31354
397.96,-3109.2605,583.4297,-595.99384
397.97998,-3090.0312,629.25665,-595.8339
398.0,-3109.2605,612.9128,-596.1537
398.02,-3094.8384,619.80286,-595.35425
398.03998,-3219.828,642.5561,-595.1944
398.06,-3094.8384,588.71747,-595.51416
398.08,-3056.3804,611.1502,-595.1944
398.1,-3133.2969,603.1385,-595.1944
398.12,-3094.8384,641.91516,-595.03455
398.13998,-3128.4895,605.542,-594.87463
398.16,-3123.6824,614.3549,-595.03455
398.18,-3085.224,631.66016,-594.7148
398.19998,-3123.6824,602.818,-594.5549
398.22,-3080.4167,613.073,-594.5549
398.24,-3109.2605,595.12683,-594.87463
398.25998,-3114.0676,617.71985,-594.0752
398.28,-3104.4531,617.39935,-594.0752
398.3,-3090.0312,658.89996,-593.1159
398.31998,-3099.646,603.6192,-593.91534
398.34,-3114.0676,579.5841,-594.0752
398.36,-3065.9949,601.0554,-594.7148
398.38,-3099.646,606.82385,-593.7555
398.4,-3109.2605,623.4882,-593.2758
398.41998,-3080.4167,595.12683,-592.95605
398.44,-3104.4531,603.7794,-592.7962
398.46,-3090.0312,552.0238,-593.2758
398.47998,-3109.2605,589.3584,-593.1159
398.5,-3085.224,599.29285,-592.3165
398.52,-3099.646,581.3467,-592.95605
398.53998,-3162.1404,620.60406,-592.6363
398.56,-3099.646,599.1326,-592.7962
398.58,-3070.802,602.01685,-592.7962
398.6,-3138.104,609.38763,-592.47644
398.62,-3046.7656,611.4707,-592.3165
398.63998,-3099.646,621.5654,-592.1567
398.66,-3075.6096,586.9549,-592.1567
398.68,-3085.224,585.99347,-591.51715
398.69998,-3075.6096,575.41797,-592.1567
398.72,-3114.0676,608.9069,-591.51715
398.74,-3085.224,577.18054,-592.3165
398.75998,-3085.224,608.7467,-591.83685
398.78,-3109.2605,606.0227,-591.51715
398.8,-3104.4531,595.44727,-591.1974
398.81998,-3085.224,610.6695,-590.87756
398.84,-3085.224,609.38763,-590.55786
398.86,-3109.2605,613.2333,-590.2381
398.88,-3061.1877,580.5455,-590.87756
398.9,-3080.4167,598.011,-591.03754
398.91998,-3090.0312,576.0589,-590.7177
398.94,-3070.802,619.80286,-590.2381
398.96,-3085.224,595.928,-590.2381
398.97998,-3065.9949,622.8473,-590.0782
399.0,-3104.4531,616.4379,-589.5985
399.02,-3142.9114,610.6695,-589.5985
399.03998,-3061.1877,636.62744,-589.2788
399.06,-3109.2605,585.51276,-590.2381
399.08,-3070.802,606.1829,-589.2788
399.1,-3128.4895,631.17944,-589.43866
399.12,-3085.224,601.3759,-589.7585
399.13998,-3104.4531,585.51276,-588.7992
399.16,-3085.224,585.673,-589.7585
399.18,-3109.2605,643.5175,-588.6393
399.19998,-3157.3333,561.6379,-588.95905
399.22,-3080.4167,599.77356,-588.1596
399.24,-3104.4531,582.4683,-588.4794
399.25998,-3138.104,596.8894,-588.31946
399.28,-3104.4531,560.356,-588.6393
399.3,-3147.7188,575.8987,-588.4794
399.31998,-3075.6096,574.77704,-588.1596
399.34,-3123.6824,619.9631,-587.68
399.36,-3114.0676,574.1361,-588.31946
399.38,-3094.8384,589.9993,-587.68
399.4,-3065.9949,602.17706,-587.68
399.41998,-3104.4531,607.9455,-586.88055
399.44,-3090.0312,596.4087,-587.52014
399.46,-3118.8748,581.0262,-587.2003
399.47998,-3090.0312,581.8274,-587.68
399.5,-3094.8384,628.2952,-586.7207
399.52,-3128.4895,577.66125,-586.88055
399.53998,-3085.224,538.0835,-587.2003
399.56,-3070.802,597.8508,-586.7207
399.58,-3080.4167,598.4917,-586.56085
399.6,-3118.8748,598.011,-586.40094
399.62,-3099.646,577.3408,-586.56085
399.63998,-3090.0312,567.5666,-586.2411
399.66,-3080.4167,564.8426,-586.56085
399.68,-3090.0312,582.30804,-585.92126
399.69998,-3090.0312,587.91626,-585.7614
399.72,-3070.802,636.30695,-585.6015
399.74,-3099.646,560.0355,-585.92126
399.75998,-3090.0312,606.3432,-585.6015
399.78,-3128.4895,639.9924,-584.6422
399.8,-3065.9949,601.2157,-584.8021
399.81998,-3070.802,589.3584,-584.96204
399.84,-3099.646,621.0847,-584.8021
399.86,-3051.573,578.14197,-585.1219
399.88,-3070.802,563.40045,-584.8021
399.9,-3090.0312,575.73846,-584.6422
399.91998,-3090.0312,596.4087,-584.8021
399.94,-3075.6096,618.6812,-584.8021
399.96,-3109.2605,569.6496,-584.48236
399.97998,-3090.0312,606.5034,-583.84283
400.0,-3037.1514,589.9993,-583.683
400.02,-3070.802,600.2543,-583.683
400.03998,-3056.3804,628.45544,-583.683
400.06,-3109.2605,620.7643,-583.683
400.08,-3080.4167,591.6017,-583.36316
400.1,-3128.4895,581.8274,-583.84283
400.12,-3061.1877,542.08936,-583.2033
400.13998,-3075.6096,588.71747,-583.04346
400.16,-3123.6824,568.52795,-582.7237
400.18,-3065.9949,576.8601,-582.7237
400.19998,-3094.8384,584.2309,-582.4039
400.22,-3109.2605,600.8952,-583.04346
400.24,-3094.8384,630.218,-582.4039
400.25998,-3104.4531,578.14197,-582.56384
400.28,-3085.224,614.99585,-581.92426
400.3,-3070.802,595.60754,-582.4039
400.31998,-3162.1404,653.13153,-581.7644
400.34,-3114.0676,548.97943,-582.56384
400.36,-3104.4531,572.3736,-582.244
400.38,-3075.6096,571.73267,-582.244
400.4,-3032.344,573.17474,-581.7644
400.41998,-3094.8384,590.8005,-581.7644
400.44,-3070.802,583.2695,-581.44464
400.46,-3075.6096,536.80164,-581.92426
400.47998,-3070.802,576.0589,-581.44464
400.5,-3090.0312,625.5712,-580.6452
400.52,-3142.9114,596.5689,-580.96497
400.53998,-3065.9949,560.99695,-581.1248
400.56,-3080.4167,576.3794,-580.96497
400.58,-3085.224,607.30457,-580.96497
400.6,-3094.8384,552.825,-580.0057
400.62,-3070.802,579.2636,-580.96497
400.63998,-3061.1877,572.2134,-580.48535
400.66,-3090.0312,570.2905,-580.3255
400.68,-3104.4531,588.07654,-579.6859
400.69998,-3094.8384,616.1175,-579.52606
400.72,-3094.8384,558.4332,-580.3255
400.74,-3085.224,542.08936,-579.2063
400.75998,-3109.2605,568.68823,-579.84576
400.78,-3075.6096,624.12915,-579.6859
400.8,-3104.4531,599.29285,-579.2063
400.81998,-3118.8748,585.1923,-579.84576
400.84,-3061.1877,586.9549,-579.36615
400.86,-3061.1877,607.30457,-579.04645
400.88,-3114.0676,568.84845,-577.92725
400.9,-3118.8748,548.1783,-579.04645
400.91998,-3080.4167,580.5455,-578.88654
400.94,-3075.6096,577.18054,-578.88654
400.96,-3128.4895,587.75604,-579.04645
400.97998,-3123.6824,604.74084,-578.40686
401.0,-3065.9949,542.7303,-578.7266
401.02,-3094.8384,614.0344,-578.7266
401.03998,-3056.3804,568.36774,-578.88654
401.06,-3094.8384,612.11163,-577.6075
401.08,-3080.4167,582.30804,-577.4476
401.1,-3065.9949,567.5666,-577.92725
401.12,-3065.9949,571.4122,-577.7674
401.13998,-3085.224,580.86597,-578.08716
401.16,-3094.8384,609.54785,-577.2877
401.18,-3017.922,581.3467,-577.4476
401.19998,-3080.4167,577.18054,-577.4476
401.22,-3114.0676,560.0355,-577.92725
401.24,-2993.8857,580.38525,-577.4476
401.25998,-3099.646,565.96423,-576.6482
401.28,-3090.0312,579.2636,-576.6482
401.3,-3114.0676,568.52795,-577.1278
401.31998,-3061.1877,578.3022,-576.8081
401.34,-3075.6096,571.73267,-576.3284
401.36,-3094.8384,547.8578,-576.3284
401.38,-3109.2605,563.5607,-576.1685
401.4,-3090.0312,545.7747,-576.00867
401.41998,-3114.0676,597.8508,-575.84875
401.44,-3094.8384,574.9373,-575.52905
401.46,-3118.8748,571.09174,-575.6889
401.47998,-3080.4167,580.38525,-575.36914
401.5,-3090.0312,586.7946,-576.00867
401.52,-3080.4167,597.0496,-575.84875
401.53998,-3003.5002,591.2812,-576.1685
401.56,-3099.646,575.57825,-575.6889
401.58,-3075.6096,574.9373,-575.52905
401.6,-3138.104,569.00867,-574.88947
401.62,-3085.224,589.1982,-575.0494
401.63998,-3099.646,577.18054,-575.36914
401.66,-3080.4167,567.4063,-575.0494
401.68,-3080.4167,558.11273,-574.40985
401.69998,-3046.7656,580.38525,-574.88947
401.72,-3085.224,602.17706,-574.40985
401.74,-3085.224,576.2192,-574.56976
401.75998,-3094.8384,559.2344,-574.09015
401.78,-3090.0312,595.60754,-574.7296
401.8,-3090.0312,560.51624,-574.56976
401.81998,-3133.2969,549.29987,-573.7703
401.84,-3123.6824,547.05664,-574.09015
401.86,-3085.224,587.5958,-573.7703
401.88,-3123.6824,556.5104,-574.09015
401.9,-3075.6096,530.3922,-573.7703
401.91998,-3099.646,597.0496,-573.45056
401.94,-3056.3804,582.30804,-572.97095
401.96,-3090.0312,568.36774,-573.1308
401.97998,-3104.4531,570.2905,-573.1308
402.0,-3080.4167,621.7257,-572.8111
402.02,-3099.646,594.3257,-573.1308
402.03998,-3085.224,602.6578,-572.8111
402.06,-3051.573,556.02966,-572.4913
402.08,-3104.4531,606.1829,-572.8111
402.1,-3094.8384,566.60516,-572.8111
402.12,-3138.104,600.735,-572.3314
402.13998,-3070.802,555.86945,-572.97095
402.16,-3080.4167,593.36426,-572.1715
402.18,-3085.224,569.00867,-572.01166
402.19998,-3114.0676,560.83673,-572.3314
402.22,-3051.573,604.26013,-572.01166
402.24,-3133.2969,585.35254,-572.1715
402.25998,-3065.9949,585.51276,-571.6919
402.28,-3090.0312,592.40283,-571.6919
402.3,-3104.4531,586.7946,-571.6919
402.31998,-3085.224,597.2099,-571.6919
402.34,-3152.526,610.1888,-571.6919
402.36,-3099.646,572.6941,-571.2122
402.38,-3094.8384,576.3794,-571.05237
402.4,-3109.2605,575.73846,-571.2122
402.41998,-3123.6824,602.9783,-570.89246
402.44,-3128.4895,616.1175,-570.7326
402.46,-3090.0312,576.2192,-570.89246
402.47998,-3037.1514,545.1338,-570.89246
402.5,-3109.2605,597.69055,-570.57275
402.52,-3085.224,570.611,-570.2529
402.53998,-3104.4531,602.01685,-569.93317
402.56,-3099.646,567.0859,-569.7733
402.58,-3085.224,627.6543,-569.45355
402.6,-3099.646,582.30804,-570.2529
402.62,-3070.802,576.0589,-570.7326
402.63998,-3104.4531,611.3104,-570.2529
402.66,-3080.4167,567.2461,-569.7733
402.68,-3099.646,619.9631,-569.1338
402.69998,-3147.7188,568.68823,-569.93317
402.72,-3114.0676,578.3022,-569.6134
402.74,-3094.8384,560.99695,-570.0931
402.75998,-3065.9949,596.4087,-569.2937
402.78,-3070.802,566.9256,-569.6134
402.8,-3051.573,627.1736,-569.45355
402.81998,-3094.8384,531.99457,-568.9739
402.84,-3085.224,562.2788,-569.2937
402.86,-3114.0676,554.7478,-568.814
402.88,-3128.4895,570.2905,-568.1745
402.9,-3109.2605,580.38525,-568.6541
402.91998,-3123.6824,585.51276,-567.8547
402.94,-3041.9585,552.825,-568.49426
402.96,-3099.646,546.0952,-568.01465
402.97998,-3094.8384,588.8777,-567.8547
403.0,-3085.224,617.5596,-567.535
403.02,-3099.646,577.0203,-567.37506
403.03998,-3109.2605,551.8636,-568.01465
403.06,-3056.3804,554.5876,-567.2152
403.08,-3104.4531,598.011,-567.535
403.1,-3085.224,567.5666,-567.05536
403.12,-3128.4895,602.33734,-567.37506
403.13998,-3133.2969,562.5993,-567.6948
403.16,-3056.3804,549.7805,-567.6948
403.18,-3070.802,575.73846,-566.5757
403.19998,-3109.2605,588.23676,-566.89545
403.22,-3099.646,626.85315,-566.4158
403.24,-3085.224,594.80634,-566.5757
403.25998,-3065.9949,566.7654,-566.09607
403.28,-3056.3804,598.9724,-566.2559
403.3,-3061.1877,597.8508,-566.2559
403.31998,-3133.2969,581.5069,-566.09607
403.34,-3075.6096,569.4894,-566.5757
403.36,-3041.9585,569.1689,-565.7763
403.38,-3094.8384,609.06714,-565.93616
403.4,-3061.1877,584.7116,-566.09607
403.41998,-3133.2969,575.57825,-565.93616
403.44,-3080.4167,553.94666,-565.7763
403.46,-3080.4167,581.9876,-564.817
403.47998,-3128.4895,600.8952,-564.6571
403.5,-3065.9949,577.66125,-565.29663
403.52,-3128.4895,583.2695,-564.6571
403.53998,-3065.9949,562.7595,-564.97687
403.56,-3027.5366,579.90454,-564.49725
403.58,-3080.4167,578.9432,-564.6571
403.6,-3104.4531,592.2426,-564.1774
403.62,-3109.2605,556.5104,-564.3374
403.63998,-3056.3804,547.6976,-564.6571
403.66,-3099.646,547.21686,-563.85767
403.68,-3090.0312,564.3619,-563.6978
403.69998,-3090.0312,639.51166,-563.37805
403.72,-3090.0312,566.28467,-564.0176
403.74,-3080.4167,584.0707,-564.0176
403.75998,-3099.646,600.4145,-562.8984
403.78,-3085.224,570.4508,-563.2182
403.8,-3056.3804,559.8753,-563.0583
403.81998,-3061.1877,618.3608,-562.7385
403.84,-3094.8384,575.25775,-562.8984
403.86,-3046.7656,581.9876,-562.09906
403.88,-3128.4895,596.2485,-562.2589
403.9,-3109.2605,570.9315,-562.8984
403.91998,-3070.802,576.3794,-562.8984
403.94,-3027.5366,563.5607,-562.2589
403.96,-3099.646,583.58997,-562.09906
403.97998,-3138.104,574.2963,-562.41876
404.0,-3041.9585,592.2426,-561.77924
404.02,-3118.8748,574.1361,-562.41876
404.03998,-3090.0312,555.86945,-562.09906
404.06,-3114.0676,572.5338,-562.09906
404.08,-3041.9585,553.62616,-561.77924
404.1,-3094.8384,553.46594,-561.6193
404.12,-3080.4167,553.46594,-561.6193
404.13998,-3070.802,553.46594,-561.6193
404.16,-3128.4895,563.40045,-561.1397
404.18,-3065.9949,558.27295,-560.97986
404.19998,-3099.646,558.59344,-561.6193
404.22,-3070.802,556.18994,-561.1397
404.24,-3046.7656,562.5993,-560.82
404.25998,-3104.4531,566.28467,-560.66003
404.28,-3085.224,605.8625,-560.82
404.3,-3109.2605,564.8426,-560.34033
404.31998,-3075.6096,539.84607,-560.34033
404.34,-3085.224,573.335,-560.02057
404.36,-3090.0312,580.0648,-560.66003
404.38,-3162.1404,612.43207,-559.86066
404.4,-3109.2605,584.2309,-560.1804
404.41998,-3080.4167,578.6227,-560.5002
404.44,-3080.4167,591.2812,-560.1804
404.46,-3056.3804,575.8987,-559.7008
404.47998,-3065.9949,577.66125,-559.7008
404.5,-3090.0312,566.28467,-559.7008
404.52,-3070.802,577.98175,-559.54095
404.53998,-3094.8384,595.44727,-559.2211
404.56,-3070.802,575.41797,-558.7415
404.58,-3070.802,581.0262,-558.7415
404.6,-3090.0312,536.3209,-558.26184
404.62,-3061.1877,558.75366,-558.42175
404.63998,-3080.4167,587.1151,-559.0613
404.66,-3152.526,565.64374,-559.0613
404.68,-3080.4167,578.9432,-558.7415
404.69998,-3061.1877,548.3385,-558.58167
404.72,-3056.3804,581.0262,-558.26184
404.74,-3075.6096,520.29755,-557.9421
404.75998,-3075.6096,556.5104,-557.6223
404.78,-3051.573,563.5607,-558.102
404.8,-3080.4167,519.0157,-558.42175
404.81998,-3075.6096,569.6496,-558.102
404.84,-3061.1877,531.83435,-558.26184
404.86,-3109.2605,567.5666,-557.7822
404.88,-3075.6096,565.96423,-557.3026
404.9,-3037.1514,569.32916,-557.3026
404.91998,-3085.224,605.0613,-557.1427
404.94,-3080.4167,544.9736,-556.82294
404.96,-3056.3804,556.9911,-556.663
404.97998,-3027.5366,559.8753,-556.82294
405.0,-3128.4895,597.0496,-556.1834
405.02,-3075.6096,587.43555,-556.5032
405.03998,-3090.0312,545.6145,-557.1427
405.06,-3080.4167,526.70685,-556.663
405.08,-3061.1877,559.07416,-556.663
405.1,-3061.1877,561.6379,-556.02356
405.12,-3027.5366,580.5455,-555.70374
405.13998,-3065.9949,558.11273,-556.02356
405.16,-3109.2605,556.5104,-555.86365
405.18,-3027.5366,547.8578,-556.02356
405.19998,-3070.802,571.57245,-555.70374
405.22,-3022.7292,561.31744,-555.70374
405.24,-3099.646,515.0098,-555.70374
405.25998,-3104.4531,559.8753,-555.70374
405.28,-3070.802,567.7268,-555.384
405.3,-3056.3804,600.09406,-554.5846
405.31998,-3051.573,604.5806,-554.5846
405.34,-3065.9949,563.5607,-554.7445
405.36,-3114.0676,557.632,-554.4247
405.38,-3094.8384,538.2437,-554.5846
405.4,-3061.1877,561.47766,-554.26483
405.41998,-3061.1877,592.7233,-554.5846
405.44,-3056.3804,510.68347,-554.26483
405.46,-3070.802,558.9139,-553.7852
405.47998,-3041.9585,549.9408,-553.6253
405.5,-3080.4167,552.825,-553.94507
405.52,-3061.1877,567.887,-553.7852
405.53998,-3056.3804,517.09283,-553.46545
405.56,-3128.4895,577.66125,-553.46545
405.58,-3017.922,547.6976,-552.9858
405.6,-3065.9949,572.8543,-553.1456
405.62,-3080.4167,559.3946,-552.9858
405.63998,-3017.922,545.4543,-552.8259
405.66,-3099.646,591.6017,-552.3463
405.68,-3075.6096,568.52795,-552.3463
405.69998,-3046.7656,558.11273,-552.8259
405.72,-3041.9585,574.6168,-552.666
405.74,-3046.7656,550.4215,-552.666
405.75998,-3090.0312,573.65546,-552.18634
405.78,-3032.344,560.6765,-552.50616
405.8,-3051.573,594.1654,-551.8666
405.81998,-3032.344,555.2285,-552.50616
405.84,-3080.4167,579.7443,-551.7067
405.86,-3046.7656,581.3467,-551.06726
405.88,-3080.4167,503.6332,-551.5469
405.9,-3080.4167,559.07416,-551.2271
405.91998,-3099.646,541.92914,-551.38696
405.94,-2998.6929,561.6379,-551.5469
405.96,-3090.0312,536.0004,-551.06726
405.97998,-3056.3804,570.4508,-550.5876
406.0,-3061.1877,544.01215,-550.74744
406.02,-3065.9949,559.7151,-551.2271
406.03998,-3075.6096,588.07654,-549.78815
406.06,-3065.9949,570.1303,-549.94806
406.08,-3056.3804,566.28467,-549.62823
406.1,-3065.9949,523.9829,-549.62823
406.12,-3041.9585,533.5969,-549.78815
406.13998,-3090.0312,571.57245,-549.30853
406.16,-3056.3804,552.66473,-549.4684
406.18,-3065.9949,567.5666,-549.1486
406.19998,-2984.2712,579.2636,-548.9888
406.22,-3080.4167,587.43555,-548.9888
406.24,-3123.6824,547.3771,-549.1486
406.25998,-3065.9949,578.14197,-548.669
406.28,-3085.224,568.68823,-548.669
406.3,-3061.1877,574.4566,-548.8289
406.31998,-3090.0312,573.17474,-548.9888
406.34,-3056.3804,609.54785,-548.9888
406.36,-3041.9585,554.42737,-548.9888
406.38,-3090.0312,547.05664,-548.34924
406.4,-3061.1877,572.8543,-548.5091
406.41998,-3070.802,572.3736,-548.18933
406.44,-3056.3804,570.4508,-548.8289
406.46,-3075.6096,573.65546,-547.86957
406.47998,-3065.9949,547.53735,-547.7097
406.5,-3027.5366,539.0449,-548.34924
406.52,-3065.9949,555.0683,-548.34924
406.53998,-3075.6096,569.8099,-547.54987
406.56,-3046.7656,579.5841,-546.9103
406.58,-3070.802,557.1513,-547.7097
406.6,-3070.802,556.8309,-547.0702
406.62,-3070.802,540.487,-547.86957
406.63998,-3075.6096,566.28467,-547.23004
406.66,-3090.0312,521.7396,-546.9103
406.68,-3090.0312,574.2963,-546.7504
406.69998,-3037.1514,557.3116,-547.23004
406.72,-3128.4895,541.92914,-546.5906
406.74,-3046.7656,561.6379,-546.43066
406.75998,-3065.9949,564.6824,-546.43066
406.78,-3056.3804,581.1864,-546.11084
406.8,-3080.4167,550.4215,-546.2708
406.81998,-3065.9949,561.15717,-546.2708
406.84,-3037.1514,591.7619,-545.6312
406.86,-3085.224,572.3736,-545.4714
406.88,-3094.8384,529.2706,-546.11084
406.9,-3070.802,555.38873,-545.6312
406.91998,-3065.9949,550.2612,-545.4714
406.94,-3022.7292,518.05426,-545.6312
406.96,-3094.8384,536.1607,-545.1516
406.97998,-3065.9949,539.5256,-545.4714
407.0,-3065.9949,546.5759,-544.83185
407.02,-3017.922,538.0835,-545.3115
407.03998,-3090.0312,536.96185,-544.99176
407.06,-3017.922,573.17474,-544.67194
407.08,-3085.224,536.48114,-544.83185
407.1,-3046.7656,527.9887,-544.5121
407.12,-3041.9585,530.0718,-544.3522
407.13998,-3085.224,545.6145,-544.67194
407.16,-3109.2605,552.825,-544.67194
407.18,-3075.6096,536.48114,-544.67194
407.19998,-3032.344,589.8391,-544.3522
407.22,-3085.224,575.41797,-543.71265
407.24,-3070.802,546.25543,-544.1923
407.25998,-3075.6096,520.77826,-544.3522
407.28,-3070.802,552.66473,-543.5528
407.3,-3075.6096,541.60864,-543.71265
407.31998,-3051.573,533.5969,-544.0325
407.34,-3061.1877,564.6824,-542.7534
407.36,-3118.8748,574.2963,-543.3929
407.38,-3056.3804,534.55835,-543.5528
407.4,-3037.1514,578.3022,-542.59357
407.41998,-3085.224,576.8601,-542.91327
407.44,-3037.1514,579.90454,-542.91327
407.46,-3046.7656,538.5642,-542.7534
407.47998,-3070.802,553.62616,-542.7534
407.5,-3133.2969,539.68585,-542.91327
407.52,-3017.922,573.49524,-542.91327
407.53998,-3061.1877,537.28235,-542.91327
407.56,-3094.8384,588.8777,-542.91327
407.58,-3003.5002,552.9852,-542.11383
407.6,-3065.9949,533.75714,-542.11383
407.62,-3090.0312,550.74194,-541.7941
407.63998,-3104.4531,554.2671,-542.27374
407.66,-3070.802,497.54428,-542.27374
407.68,-3080.4167,545.1338,-541.47437
407.69998,-3109.2605,577.50104,-540.9947
407.72,-3099.646,552.9852,-540.9947
407.74,-3041.9585,566.12445,-541.15454
407.75998,-3022.7292,520.1373,-541.7941
407.78,-3094.8384,585.673,-540.1953
407.8,-3080.4167,548.3385,-540.5151
407.81998,-3070.802,563.24023,-540.35516
407.84,-3090.0312,550.90216,-541.15454
407.86,-3080.4167,533.2765,-540.9947
407.88,-3094.8384,531.83435,-540.6749
407.9,-3080.4167,485.52673,-540.0354
407.91998,-3056.3804,553.94666,-540.0354
407.94,-3070.802,523.342,-539.8755
407.96,-3032.344,551.70337,-540.1953
407.97998,-3109.2605,609.86835,-539.236
408.0,-3046.7656,519.6566,-539.71564
408.02,-3085.224,549.29987,-540.0354
408.03998,-3090.0312,557.4718,-538.59644
408.06,-3041.9585,552.9852,-539.236
408.08,-3065.9949,563.24023,-538.59644
408.1,-3065.9949,514.5291,-539.3959
408.12,-3080.4167,589.5186,-538.91626
408.13998,-3056.3804,563.72095,-538.59644
408.16,-3056.3804,564.6824,-538.75635
408.18,-3065.9949,552.5045,-537.957
408.19998,-3085.224,534.8788,-538.59644
408.22,-3114.0676,533.5969,-538.75635
408.24,-3065.9949,536.48114,-538.75635
408.25998,-3118.8748,550.4215,-537.7971
408.28,-3037.1514,540.487,-537.7971
408.3,-3046.7656,536.80164,-537.7971
408.31998,-3075.6096,545.6145,-537.63715
408.34,-3094.8384,561.9584,-537.7971
408.36,-3046.7656,526.22614,-537.15753
408.38,-3065.9949,527.9887,-537.4773
408.4,-3065.9949,538.88464,-537.4773
408.41998,-3032.344,557.1513,-536.83777
408.44,-3056.3804,550.101,-537.4773
408.46,-3051.573,514.68933,-537.31744
408.47998,-3109.2605,516.9326,-537.31744
408.5,-3065.9949,511.6449,-537.4773
408.52,-3041.9585,549.13965,-537.15753
408.53998,-3061.1877,541.92914,-536.9977
408.56,-3075.6096,549.13965,-536.3581
408.58,-3085.224,533.5969,-536.0384
408.6,-3070.802,512.44604,-536.51807
408.62,-3056.3804,537.44257,-536.3581
408.63998,-3080.4167,566.7654,-535.8785
408.66,-3104.4531,523.8227,-535.7186
408.68,-3061.1877,563.08,-535.8785
408.69998,-3056.3804,554.5876,-536.0384
408.72,-3080.4167,564.5221,-535.8785
408.74,-3046.7656,581.1864,-535.0791
408.75998,-3075.6096,525.2648,-535.5588
408.78,-3051.573,528.4694,-535.7186
408.8,-3065.9949,541.1279,-535.23895
408.81998,-3061.1877,546.25543,-535.7186
408.84,-3032.344,564.0414,-534.5994
408.86,-3013.115,535.1993,-535.7186
408.88,-3104.4531,581.3467,-534.4396
408.9,-3085.224,494.98053,-535.39886
408.91998,-3051.573,550.4215,-534.4396
408.94,-3138.104,567.4063,-533.9599
408.96,-3070.802,524.1432,-534.1198
408.97998,-3099.646,531.83435,-533.9599
409.0,-3017.922,543.3712,-534.9192
409.02,-3065.9949,540.9677,-533.80005
409.03998,-3094.8384,533.1162,-533.9599
409.06,-3037.1514,527.18756,-534.2797
409.08,-3080.4167,525.425,-534.1198
409.1,-3046.7656,515.17004,-533.9599
409.12,-3032.344,555.0683,-533.32043
409.13998,-3061.1877,518.535,-532.8407
409.16,-3085.224,534.3981,-533.32043
409.18,-3046.7656,522.86127,-532.68085
409.19998,-3022.7292,555.2285,-533.1605
409.22,-3065.9949,550.74194,-532.68085
409.24,-3099.646,511.3244,-533.0007
409.25998,-3080.4167,541.92914,-532.68085
409.28,-3051.573,521.8999,-532.521
409.3,-3085.224,583.10925,-532.3611
409.31998,-3085.224,553.94666,-532.0414
409.34,-3046.7656,535.68,-531.5617
409.36,-3070.802,552.3443,-532.0414
409.38,-3080.4167,537.44257,-532.0414
409.4,-3046.7656,554.42737,-532.0414
409.41998,-3085.224,514.5291,-531.8815
409.44,-3065.9949,538.88464,-532.20123
409.46,-3094.8384,525.2648,-532.0414
409.47998,-3051.573,524.4636,-531.8815
409.5,-3099.646,567.2461,-531.24194
409.52,-3056.3804,536.3209,-531.08203
409.53998,-3094.8384,522.70105,-531.24194
409.56,-2974.6565,538.88464,-531.4018
409.58,-3099.646,533.4367,-530.6024
409.59998,-3065.9949,584.2309,-530.28265
409.62,-3051.573,574.1361,-530.9222
409.63998,-3037.1514,543.3712,-530.28265
409.66,-3013.115,522.38055,-531.24194
409.68,-3061.1877,599.61334,-529.9629
409.69998,-3046.7656,598.9724,-529.6431
409.72,-3061.1877,530.5525,-530.12274
409.74,-3061.1877,551.70337,-529.80304
409.75998,-2993.8857,515.9712,-529.9629
409.78,-3065.9949,540.8075,-529.80304
409.8,-3037.1514,530.3922,-529.4833
409.81998,-3037.1514,574.4566,-529.0036
409.84,-3075.6096,518.6952,-529.9629
409.86,-3013.115,597.53033,-528.524
409.88,-3032.344,547.6976,-529.16345
409.9,-3080.4167,544.9736,-529.32336
409.91998,-3080.4167,575.09753,-528.0444
409.94,-3085.224,527.18756,-529.32336
409.96,-3099.646,591.6017,-528.3641
409.97998,-3080.4167,511.00397,-529.4833
410.0,-3008.3076,548.3385,-528.68384
410.02,-3114.0676,568.52795,-528.0444
410.03998,-3046.7656,537.6028,-528.3641
410.06,-3080.4167,567.7268,-528.0444
410.08,-3056.3804,525.2648,-528.2042
410.09998,-3080.4167,530.7127,-527.24493
410.12,-3085.224,558.4332,-527.4048
410.13998,-3061.1877,566.28467,-527.4048
410.16,-3080.4167,539.0449,-527.56464
410.18,-3046.7656,513.4075,-527.4048
410.19998,-3032.344,533.2765,-526.60535
410.22,-3051.573,540.0063,-527.4048
410.24,-3022.7292,520.618,-528.0444
410.25998,-3061.1877,578.3022,-527.24493
410.28,-3056.3804,520.618,-526.76526
410.3,-3056.3804,586.3139,-525.9659
410.31998,-3046.7656,526.38635,-526.76526
410.34,-3118.8748,493.85892,-526.28564
410.36,-3032.344,519.0157,-526.9252
410.38,-3080.4167,513.4075,-526.60535
410.4,-3027.5366,520.77826,-525.9659
410.41998,-3109.2605,531.99457,-526.60535
410.44,-3070.802,534.23785,-526.12573
410.46,-3061.1877,502.67178,-525.9659
410.47998,-3056.3804,538.2437,-525.4862
410.5,-3085.224,535.1993,-524.527
410.52,-3065.9949,527.8285,-525.6461
410.53998,-3065.9949,526.38635,-525.806
410.56,-3056.3804,516.7724,-525.3263
410.58,-3065.9949,514.36884,-525.4862
410.59998,-3032.344,519.81683,-525.0066
410.62,-3046.7656,553.14545,-525.3263
410.63998,-3027.5366,565.4835,-524.6868
410.66,-3065.9949,555.549,-524.527
410.68,-3061.1877,541.4484,-525.0066
410.69998,-3051.573,511.6449,-524.6868
410.72,-3085.224,546.73615,-524.20715
410.74,-3041.9585,527.02734,-524.367
410.75998,-3061.1877,534.71857,-524.367
410.78,-3037.1514,538.404,-524.20715
410.8,-3046.7656,560.6765,-524.0473
410.81998,-3070.802,519.81683,-524.0473
410.84,-3080.4167,507.79926,-523.5676
410.86,-3051.573,539.0449,-523.72754
410.88,-3056.3804,541.4484,-523.4078
410.9,-3032.344,501.22964,-524.0473
410.91998,-3070.802,535.03906,-523.4078
410.94,-3085.224,530.232,-522.76825
410.96,-3070.802,550.101,-522.60834
410.97998,-3041.9585,525.2648,-522.28864
411.0,-3065.9949,521.7396,-522.60834
411.02,-3065.9949,516.7724,-522.28864
411.03998,-3032.344,505.71622,-522.4485
411.06,-3061.1877,541.60864,-521.8089
411.08,-3046.7656,530.8729,-521.8089
411.09998,-3032.344,584.0707,-521.9689
411.12,-3080.4167,535.1993,-521.8089
411.13998,-3046.7656,509.72205,-521.64905
411.16,-3080.4167,534.3981,-521.64905
411.18,-3061.1877,534.07764,-521.8089
411.19998,-3080.4167,519.81683,-521.3293
411.22,-3051.573,544.01215,-521.8089
411.24,-3070.802,557.632,-521.3293
411.25998,-3061.1877,536.1607,-521.3293
411.28,-3056.3804,507.63904,-521.4892
411.3,-3090.0312,503.1525,-520.8497
411.31998,-3118.8748,535.03906,-520.37
411.34,-3051.573,506.83783,-520.8497
411.36,-3065.9949,504.59457,-520.8497
411.38,-3003.5002,528.3092,-520.5299
411.4,-3065.9949,515.9712,-519.8904
411.41998,-3041.9585,541.76886,-520.37
411.44,-3046.7656,553.46594,-519.7305
411.46,-3056.3804,545.4543,-519.8904
411.47998,-3061.1877,553.94666,-519.25085
411.5,-3061.1877,501.06943,-519.4107
411.52,-3061.1877,510.8437,-519.8904
411.53998,-3022.7292,515.33026,-519.5706
411.56,-3085.224,599.77356,-518.9311
411.58,-3032.344,525.425,-519.8904
411.59998,-3065.9949,535.68,-519.25085
411.62,-3061.1877,510.36298,-518.77124
411.63998,-3046.7656,530.8729,-518.2915
411.66,-3065.9949,531.67413,-518.6113
411.68,-3003.5002,518.535,-519.09094
411.69998,-3075.6096,498.025,-518.77124
411.72,-3041.9585,530.8729,-518.6113
411.74,-3090.0312,522.22034,-518.13165
411.75998,-3027.5366,538.2437,-517.8119
411.78,-3070.802,547.53735,-517.65204
411.8,-3027.5366,511.6449,-517.8119
411.81998,-3070.802,571.25195,-517.8119
411.84,-3085.224,522.38055,-517.8119
411.86,-3027.5366,523.02155,-517.9718
411.88,-3065.9949,486.00745,-517.8119
411.9,-3046.7656,509.88232,-517.3323
411.91998,-3075.6096,549.4601,-517.1724
411.94,-3056.3804,571.4122,-516.53284
411.96,-3022.7292,544.49286,-516.373
411.97998,-3056.3804,509.08112,-516.53284
412.0,-3051.573,526.22614,-516.373
412.02,-3075.6096,534.71857,-516.0532
412.03998,-3037.1514,527.8285,-516.8526
412.06,-3051.573,575.25775,-515.8933
412.08,-2998.6929,515.811,-516.373
412.09998,-3051.573,516.1315,-515.73346
412.12,-3051.573,521.0987,-516.0532
412.13998,-3065.9949,523.18176,-515.8933
412.16,-3027.5366,559.8753,-515.25385
412.18,-3027.5366,519.3361,-515.57355
412.19998,-3118.8748,556.8309,-514.7742
412.22,-3065.9949,491.29517,-514.61426
412.24,-3041.9585,554.5876,-513.9748
412.25998,-3061.1877,566.7654,-513.9748
412.28,-3061.1877,523.342,-514.2945
412.3,-3056.3804,495.62146,-514.4544
412.31998,-3056.3804,511.3244,-513.9748
412.34,-3013.115,533.4367,-513.655
412.36,-3013.115,494.49985,-513.8149
412.38,-3022.7292,520.29755,-514.2945
412.4,-3090.0312,526.38635,-513.9748
412.41998,-3104.4531,576.5396,-513.4951
412.44,-3051.573,539.5256,-513.4951
412.46,-3075.6096,547.8578,-512.8556
412.47998,-2979.4639,553.14545,-513.3352
412.5,-3032.344,512.92676,-513.17535
412.52,-3017.922,529.7513,-513.3352
412.53998,-3022.7292,538.2437,-512.376
412.56,-3041.9585,521.4192,-512.69574
412.58,-3046.7656,506.83783,-513.3352
412.59998,-3022.7292,516.7724,-512.8556
412.62,-3003.5002,521.4192,-512.5358
412.63998,-3041.9585,522.70105,-512.376
412.66,-3070.802,525.7454,-511.8963
412.68,-3065.9949,506.83783,-512.05615
412.69998,-3046.7656,512.60626,-512.05615
412.72,-3008.3076,542.8905,-512.05615
412.74,-3017.922,511.3244,-511.73645
412.75998,-3090.0312,516.4519,-511.73645
412.78,-3046.7656,509.72205,-511.73645
412.8,-3037.1514,513.5677,-511.2568
412.81998,-2989.0786,524.78406,-510.93704
412.84,-3041.9585,560.0355,-510.4574
412.86,-3027.5366,482.16183,-511.0969
412.88,-3017.922,515.65076,-510.61725
412.9,-3061.1877,495.7817,-511.0969
412.91998,-3032.344,507.47876,-510.4574
412.94,-3041.9585,528.4694,-510.2975
412.96,-3037.1514,460.04953,-510.1376
412.97998,-3037.1514,538.0835,-509.81784
413.0,-3022.7292,536.1607,-509.81784
413.02,-3013.115,527.9887,-509.81784
413.03998,-3037.1514,522.38055,-509.658
413.06,-3061.1877,519.3361,-509.4981
413.08,-3037.1514,503.79343,-509.4981
413.09998,-3008.3076,538.0835,-509.658
413.12,-3056.3804,516.6121,-509.4981
413.13998,-3061.1877,519.0157,-509.01843
413.16,-3051.573,519.6566,-509.17834
413.18,-3051.573,508.9209,-509.4981
413.19998,-3017.922,529.2706,-509.17834
413.22,-3041.9585,537.28235,-508.37894
413.24,-3041.9585,499.78757,-508.37894
413.25998,-3041.9585,527.508,-508.21906
413.28,-3013.115,527.02734,-508.37894
413.3,-3065.9949,515.811,-508.37894
413.31998,-3051.573,506.5174,-508.37894
413.34,-3013.115,512.60626,-507.8993
413.36,-3051.573,521.7396,-507.7394
413.38,-3041.9585,509.56183,-507.7394
413.4,-3046.7656,545.1338,-507.5795
413.41998,-3061.1877,479.59808,-507.41965
413.44,-3017.922,506.6776,-506.94
413.46,-3017.922,476.07294,-507.41965
413.47998,-3099.646,520.29755,-507.09985
413.5,-3046.7656,515.33026,-506.94
413.52,-3003.5002,487.60977,-507.25974
413.53998,-3070.802,516.9326,-506.62024
413.56,-3046.7656,512.60626,-507.25974
413.58,-3070.802,503.1525,-506.46036
413.59998,-3061.1877,506.0367,-506.30045
413.62,-3032.344,481.84137,-506.46036
413.63998,-3017.922,497.54428,-506.1406
413.66,-3017.922,468.54193,-506.62024
413.68,-2965.0422,512.60626,-505.98074
413.69998,-3085.224,507.31854,-505.8208
413.72,-3041.9585,501.55014,-505.8208
413.74,-3041.9585,514.5291,-505.66095
413.75998,-3041.9585,508.4402,-505.50104
413.78,-3051.573,537.9233,-505.3412
413.8,-3027.5366,500.26828,-505.50104
413.81998,-3061.1877,501.71036,-505.3412
413.84,-3027.5366,527.9887,-505.1813
413.86,-3037.1514,494.01917,-505.66095
413.88,-2998.6929,536.0004,-504.86154
413.9,-3037.1514,475.1115,-504.86154
413.91998,-3022.7292,457.80627,-505.3412
413.94,-2993.8857,475.432,-505.0214
413.96,-3046.7656,524.78406,-504.22205
413.97998,-3051.573,537.6028,-503.4226
414.0,-3075.6096,491.29517,-503.74234
414.02,-3065.9949,484.8858,-504.0621
414.03998,-3041.9585,485.52673,-503.90225
414.06,-3017.922,504.91507,-503.74234
414.08,-3017.922,513.8882,-503.74234
414.09998,-3003.5002,502.832,-503.74234
414.12,-2993.8857,527.508,-503.10284
414.13998,-3022.7292,523.342,-502.6232
414.16,-3032.344,516.4519,-502.78305
414.18,-3051.573,504.59457,-502.78305
414.19998,-3080.4167,440.0203,-503.10284
414.22,-3032.344,503.3127,-502.6232
414.24,-2979.4639,486.48813,-502.6232
414.25998,-3022.7292,528.3092,-502.46335
414.28,-3037.1514,515.33026,-501.8238
414.3,-3056.3804,528.62964,-502.46335
414.31998,-3032.344,532.956,-501.98364
414.34,-2965.0422,535.03906,-501.8238
414.36,-3037.1514,520.77826,-501.504
414.38,-3032.344,518.3747,-501.8238
414.4,-3046.7656,523.8227,-501.6639
414.41998,-3046.7656,539.20514,-501.34415
414.44,-3017.922,532.956,-501.1843
414.46,-2998.6929,515.33026,-501.34415
414.47998,-3051.573,520.77826,-500.8645
414.5,-3017.922,485.52673,-501.1843
414.52,-3022.7292,500.5887,-500.8645
414.53998,-3065.9949,452.03784,-501.6639
414.56,-3046.7656,496.7431,-500.54474
414.58,-2979.4639,501.06943,-500.54474
414.59998,-3090.0312,498.34546,-500.38486
414.62,-3041.9585,512.60626,-500.22495
414.63998,-3037.1514,549.4601,-499.58545
414.66,-3061.1877,491.77588,-500.0651
414.68,-3027.5366,530.3922,-499.42557
414.69998,-3017.922,517.4133,-499.74533
414.72,-3094.8384,538.88464,-499.74533
414.74,-3032.344,502.67178,-500.0651
414.75998,-3085.224,497.22382,-498.94592
414.78,-3022.7292,482.00162,-499.58545
414.8,-3022.7292,535.68,-499.1058
414.81998,-3017.922,500.4285,-499.42557
414.84,-3046.7656,502.99228,-499.1058
414.86,-3003.5002,535.5197,-497.98663
414.88,-3032.344,512.60626,-498.1465
414.9,-3041.9585,489.85306,-498.62616
414.91998,-3109.2605,532.7958,-498.1465
414.94,-3037.1514,521.2589,-497.82675
414.96,-3041.9585,507.15833,-497.66687
414.97998,-3041.9585,501.87064,-497.98663
415.0,-3032.344,539.36536,-497.98663
415.02,-3032.344,553.46594,-497.02734
415.03998,-3061.1877,510.20276,-497.18723
415.06,-3046.7656,462.61328,-497.82675
415.08,-3013.115,512.60626,-497.82675
415.09998,-3037.1514,502.99228,-497.66687
415.12,-3061.1877,484.4051,-497.02734
415.13998,-3056.3804,493.218,-497.3471
415.16,-3022.7292,486.3279,-497.50702
415.18,-3041.9585,497.54428,-496.70758
415.19998,-3056.3804,502.3513,-497.18723
415.22,-3013.115,491.13495,-496.70758
415.24,-2950.62,511.8051,-496.70758
415.25998,-3046.7656,491.29517,-496.5477
415.28,-3027.5366,505.2355,-496.06805
415.3,-2979.4639,504.75485,-496.06805
415.31998,-3037.1514,535.5197,-495.5884
415.34,-3017.922,486.8086,-495.74832
415.36,-3022.7292,521.8999,-495.5884
415.38,-3027.5366,505.0753,-496.06805
415.4,-3046.7656,549.13965,-495.90817
415.41998,-3051.573,498.9864,-495.26865
415.44,-3027.5366,482.48227,-495.1088
415.46,-2979.4639,512.60626,-494.789
415.47998,-3032.344,490.65424,-494.789
415.5,-3008.3076,491.4554,-494.789
415.52,-3041.9585,491.4554,-494.789
415.53998,-3051.573,489.85306,-494.789
415.56,-3022.7292,556.02966,-494.14948
415.58,-3017.922,528.4694,-494.30936
415.59998,-2998.6929,527.3478,-493.66983
415.62,-3046.7656,503.47293,-493.66983
415.63998,-3003.5002,493.3782,-493.8297
415.66,-2965.0422,541.2882,-493.0303
415.68,-3022.7292,517.09283,-494.14948
415.69998,-3046.7656,511.48462,-493.66983
415.72,-3056.3804,490.17352,-494.14948
415.74,-3037.1514,480.39926,-493.1902
415.75998,-3017.922,535.5197,-493.1902
415.78,-3027.5366,512.76654,-492.87042
415.8,-3075.6096,496.42264,-493.66983
415.81998,-3032.344,504.91507,-492.87042
415.84,-3032.344,515.0098,-492.87042
415.86,-2998.6929,486.00745,-492.71057
415.88,-3017.922,490.33377,-492.87042
415.9,-3046.7656,510.36298,-492.39078
415.91998,-3017.922,497.06357,-492.71057
415.94,-3041.9585,504.43436,-492.23093
415.96,-3032.344,497.86475,-492.23093
415.97998,-3027.5366,470.7852,-492.87042
416.0,-3032.344,509.24133,-491.75125
416.02,-3046.7656,506.5174,-492.23093
416.03998,-3099.646,514.5291,-491.75125
416.06,-3037.1514,509.56183,-491.5914
416.08,-3046.7656,514.2086,-491.43152
416.09998,-3090.0312,519.0157,-491.2716
416.12,-3046.7656,480.0788,-491.2716
416.13998,-3027.5366,500.5887,-490.95187
416.16,-3037.1514,492.57706,-490.47223
416.18,-3061.1877,497.22382,-490.95187
416.19998,-3046.7656,490.17352,-490.31235
416.22,-3046.7656,495.46124,-490.63208
416.24,-3109.2605,549.29987,-490.15244
416.25998,-3032.344,507.95947,-489.67282
416.28,-3032.344,498.82614,-490.15244
416.3,-2989.0786,511.48462,-489.8327
416.31998,-3027.5366,484.56534,-489.8327
416.34,-3041.9585,509.24133,-489.8327
416.36,-3070.802,513.2472,-489.8327
416.38,-3032.344,529.91156,-489.19318
416.4,-3013.115,525.425,-489.35303
416.41998,-3061.1877,456.20392,-490.15244
416.44,-3032.344,496.90335,-489.19318
416.46,-3046.7656,504.43436,-489.19318
416.47998,-2989.0786,486.64838,-489.19318
416.5,-3017.922,447.07056,-488.87338
416.52,-3046.7656,509.88232,-488.23386
416.53998,-3090.0312,470.94543,-488.074
416.56,-3008.3076,533.9174,-487.7542
416.58,-3037.1514,524.4636,-488.23386
416.59998,-3027.5366,480.39926,-487.7542
416.62,-3041.9585,484.56534,-488.074
416.63998,-3032.344,513.087,-487.43448
416.66,-3037.1514,499.14664,-488.39377
416.68,-3080.4167,515.0098,-487.43448
416.69998,-3080.4167,474.63083,-487.59433
416.72,-3022.7292,482.96298,-487.7542
416.74,-3017.922,518.8554,-486.79495
416.75998,-3099.646,484.08463,-487.1147
416.78,-3032.344,497.70453,-486.3153
416.8,-3056.3804,487.60977,-486.79495
416.81998,-2993.8857,494.66006,-486.63507
416.84,-3041.9585,503.6332,-486.15543
416.86,-3027.5366,515.33026,-485.67578
416.88,-3041.9585,531.83435,-485.1961
416.9,-2989.0786,492.25656,-485.83563
416.91998,-3065.9949,509.56183,-485.1961
416.94,-3017.922,507.47876,-485.1961
416.96,-3003.5002,473.6694,-485.03625
416.97998,-3051.573,497.86475,-485.35602
417.0,-2984.2712,486.64838,-485.67578
417.02,-3013.115,525.5852,-484.87637
417.03998,-3032.344,502.03085,-485.03625
417.06,-3008.3076,500.5887,-484.5566
417.08,-3027.5366,479.11737,-484.87637
417.09998,-3022.7292,478.47644,-484.39673
417.12,-3041.9585,497.06357,-483.91708
417.13998,-3022.7292,508.4402,-483.91708
417.16,-3003.5002,487.44955,-484.07693
417.18,-2998.6929,486.48813,-484.5566
417.19998,-3037.1514,505.556,-484.07693
417.22,-3051.573,502.67178,-483.59732
417.24,-3037.1514,529.7513,-483.59732
417.25998,-3032.344,488.2507,-483.4374
417.28,-3041.9585,475.59222,-483.27756
417.3,-3032.344,502.03085,-482.9578
417.31998,-3065.9949,490.17352,-482.7979
417.34,-3037.1514,536.1607,-482.63803
417.36,-3041.9585,485.8472,-483.11768
417.38,-3008.3076,491.9361,-482.7979
417.4,-3056.3804,421.59335,-482.47815
417.41998,-3051.573,465.6577,-482.7979
417.44,-3085.224,532.6355,-482.31824
417.46,-3032.344,499.78757,-482.47815
417.47998,-3022.7292,486.48813,-481.83862
417.5,-3061.1877,416.62613,-481.9985
417.52,-2998.6929,483.1232,-481.51886
417.53998,-3109.2605,526.70685,-480.3997
417.56,-2993.8857,501.87064,-481.6787
417.58,-3046.7656,482.00162,-481.0392
417.59998,-3027.5366,439.37936,-481.1991
417.62,-3017.922,487.93024,-481.0392
417.63998,-3056.3804,519.3361,-481.0392
417.66,-3046.7656,515.811,-480.71945
417.68,-2984.2712,482.32205,-480.07993
417.69998,-3037.1514,495.94193,-480.2398
417.72,-3046.7656,510.04254,-480.2398
417.74,-3013.115,492.25656,-480.71945
417.75998,-3051.573,491.13495,-480.3997
417.78,-3003.5002,509.72205,-479.4404
417.8,-3037.1514,478.95715,-479.92004
417.81998,-2955.4275,527.3478,-479.28052
417.84,-3003.5002,490.81445,-478.96075
417.86,-3032.344,480.0788,-479.28052
417.88,-2993.8857,477.19458,-478.80087
417.9,-3032.344,469.98407,-478.96075
417.91998,-3017.922,507.63904,-479.28052
417.94,-3013.115,494.33963,-478.96075
417.96,-3032.344,491.9361,-478.80087
417.97998,-3075.6096,481.20044,-478.641
418.0,-3017.922,475.9127,-478.96075
418.02,-3022.7292,453.1595,-478.641
418.03998,-2998.6929,469.02264,-478.4811
418.06,-3017.922,507.47876,-478.00146
418.08,-2998.6929,404.44836,-478.16135
418.09998,-3046.7656,492.25656,-477.6817
418.12,-3008.3076,473.02847,-477.20206
418.13998,-3085.224,468.70218,-477.52182
418.16,-2989.0786,493.53845,-477.20206
418.18,-3032.344,456.20392,-477.36194
418.19998,-2974.6565,475.9127,-477.20206
418.22,-3041.9585,509.4016,-476.56253
418.24,-2998.6929,520.9385,-476.40265
418.25998,-3013.115,480.5595,-476.40265
418.28,-3037.1514,465.6577,-477.04218
418.3,-3061.1877,467.09982,-476.56253
418.31998,-2989.0786,507.47876,-476.56253
418.34,-3003.5002,493.69867,-476.24277
418.36,-2993.8857,470.94543,-475.923
418.38,-3037.1514,534.23785,-476.40265
418.4,-3003.5002,492.4168,-475.923
418.41998,-3022.7292,464.37585,-475.12363
418.44,-3027.5366,474.15012,-475.60324
418.46,-3046.7656,480.239,-475.44336
418.47998,-3085.224,467.09982,-474.9637
418.5,-3027.5366,488.41095,-475.28348
418.52,-3013.115,457.0051,-475.28348
418.53998,-3070.802,478.6367,-475.12363
418.56,-3022.7292,513.5677,-474.00443
418.58,-3070.802,526.0659,-474.00443
418.59998,-3041.9585,479.59808,-474.3242
418.62,-3017.922,509.4016,-474.00443
418.63998,-3032.344,499.94778,-473.84454
418.66,-3051.573,467.74078,-474.00443
418.68,-3032.344,518.3747,-473.36493
418.69998,-3027.5366,470.7852,-473.36493
418.72,-3022.7292,518.6952,-473.20502
418.74,-3027.5366,495.46124,-473.52478
418.75998,-2955.4275,507.15833,-473.84454
418.78,-3041.9585,466.4589,-473.68466
418.8,-3013.115,478.7969,-473.04514
418.81998,-2984.2712,423.1957,-472.7254
418.84,-3032.344,491.4554,-472.4056
418.86,-3003.5002,469.98407,-472.7254
418.88,-2960.2346,461.8121,-473.20502
418.9,-3022.7292,456.36417,-472.5655
418.91998,-2993.8857,501.87064,-471.28644
418.94,-3017.922,471.2659,-472.24573
418.96,-3003.5002,482.16183,-472.08588
418.97998,-2998.6929,480.5595,-471.6062
419.0,-3022.7292,500.749,-470.9667
419.02,-3065.9949,466.13843,-471.28644
419.03998,-3041.9585,460.5302,-471.44635
419.06,-3027.5366,510.8437,-471.28644
419.08,-2998.6929,452.19806,-471.6062
419.09998,-3013.115,479.59808,-470.9667
419.12,-3037.1514,513.5677,-471.44635
419.13998,-3032.344,476.71387,-471.12656
419.16,-3008.3076,469.02264,-471.12656
419.18,-3051.573,488.2507,-470.16727
419.19998,-2979.4639,468.3817,-470.9667
419.22,-3013.115,488.5712,-470.16727
419.24,-2998.6929,474.63083,-470.16727
419.25998,-3027.5366,478.95715,-470.8068
419.28,-3027.5366,469.98407,-469.8475
419.3,-3027.5366,488.41095,-469.52774
419.31998,-3027.5366,491.4554,-469.36786
419.34,-3008.3076,459.56882,-469.68765
419.36,-3022.7292,506.5174,-469.208
419.38,-3013.115,475.432,-469.8475
419.4,-3032.344,449.6343,-469.36786
419.41998,-3037.1514,529.7513,-468.8882
419.44,-2945.813,469.50336,-469.04813
419.46,-3008.3076,491.13495,-469.04813
419.47998,-2993.8857,502.67178,-468.0888
419.5,-2989.0786,469.1829,-468.40857
419.52,-3032.344,479.27762,-467.44928
419.53998,-3032.344,499.30685,-467.44928
419.56,-3003.5002,489.37234,-467.44928
419.58,-2989.0786,496.42264,-467.92896
419.59998,-3003.5002,475.1115,-467.28943
419.62,-3046.7656,473.5092,-467.28943
419.63998,-2998.6929,474.9513,-467.28943
419.66,-3027.5366,483.1232,-466.17026
419.68,-3003.5002,466.9396,-466.6499
419.69998,-3032.344,499.78757,-466.3301
419.72,-3022.7292,495.94193,-466.49
419.74,-3017.922,468.3817,-466.01038
419.75998,-3013.115,529.11035,-466.17026
419.78,-3017.922,486.8086,-465.21094
419.8,-2941.0059,505.556,-465.85046
419.81998,-3008.3076,460.37,-466.01038
419.84,-3013.115,466.13843,-465.85046
419.86,-3027.5366,476.23315,-465.69058
419.88,-2979.4639,476.8741,-465.0511
419.9,-3008.3076,526.70685,-464.8912
419.91998,-3032.344,486.8086,-465.0511
419.94,-3046.7656,513.087,-464.41156
419.96,-2998.6929,476.8741,-465.0511
419.97998,-3032.344,433.9314,-464.25168
420.0,-3013.115,458.44717,-464.7313
420.02,-3017.922,464.2156,-464.7313
420.03998,-3051.573,474.15012,-464.41156
420.06,-3085.224,487.2893,-463.45224
420.08,-2989.0786,461.49164,-463.77203
420.09998,-2998.6929,444.34662,-463.9319
420.12,-3003.5002,491.13495,-464.25168
420.13998,-2926.5837,475.9127,-463.29236
420.16,-3017.922,481.68112,-463.45224
420.18,-3046.7656,442.9045,-463.45224
420.19998,-3017.922,433.6109,-463.77203
420.22,-3041.9585,473.18872,-462.97263
420.24,-2984.2712,443.8659,-462.65286
420.25998,-3032.344,455.08228,-462.33307
420.28,-3041.9585,437.93726,-462.65286
420.3,-2955.4275,443.54544,-462.49298
420.31998,-3003.5002,452.3583,-462.49298
420.34,-2989.0786,477.99576,-462.01334
420.36,-3037.1514,468.22147,-461.21393
420.38,-2969.8494,458.76764,-461.85345
420.4,-3022.7292,466.29868,-461.05402
420.41998,-3032.344,458.60742,-461.69354
420.44,-2984.2712,459.72906,-461.05402
420.46,-3041.9585,482.00162,-460.89417
420.47998,-3056.3804,470.94543,-461.21393
420.5,-3027.5366,498.025,-461.21393
420.52,-3003.5002,457.9665,-461.21393
420.53998,-2993.8857,469.66357,-460.5744
420.56,-3017.922,466.4589,-460.25464
420.58,-3013.115,460.69046,-460.09476
420.59998,-3022.7292,460.69046,-460.4145
420.62,-3022.7292,476.8741,-460.4145
420.63998,-2960.2346,552.825,-459.29532
420.66,-3003.5002,450.27527,-459.93488
420.68,-2998.6929,473.82965,-459.45523
420.69998,-2984.2712,468.70218,-460.4145
420.72,-3008.3076,463.2542,-459.77496
420.74,-2993.8857,476.71387,-459.29532
420.75998,-3027.5366,491.13495,-459.13544
420.78,-3017.922,482.00162,-458.9756
420.8,-3022.7292,486.3279,-459.45523
420.81998,-2989.0786,464.0554,-458.49594
420.84,-3008.3076,471.58636,-458.8157
420.86,-3051.573,469.50336,-458.33606
420.88,-3037.1514,460.5302,-458.17618
420.9,-3003.5002,468.54193,-458.9756
420.91998,-3046.7656,464.37585,-458.17618
420.94,-2998.6929,477.8355,-457.37674
420.96,-3027.5366,463.09396,-457.69653
420.97998,-3041.9585,439.53958,-457.8564
421.0,-2965.0422,479.91855,-457.2169
421.02,-3013.115,468.22147,-456.73724
421.03998,-2984.2712,448.99338,-456.8971
421.06,-3017.922,462.13257,-456.73724
421.08,-3003.5002,440.50098,-456.8971
421.09998,-3056.3804,455.72324,-456.73724
421.12,-3008.3076,451.8776,-456.41748
421.13998,-3051.573,460.20975,-455.77795
421.16,-3032.344,428.64368,-455.77795
421.18,-2984.2712,418.70917,-456.41748
421.19998,-3008.3076,469.66357,-455.93784
421.22,-3008.3076,443.7057,-455.61804
421.24,-2984.2712,451.07642,-455.77795
421.25998,-3037.1514,428.00275,-455.77795
421.28,-2993.8857,456.68463,-455.77795
421.3,-3032.344,472.06708,-454.97852
421.31998,-3008.3076,471.10565,-455.2983
421.34,-3017.922,461.01093,-455.4582
421.36,-3008.3076,445.62848,-455.4582
421.38,-3017.922,446.91034,-455.2983
421.4,-2965.0422,511.3244,-454.4989
421.41998,-2965.0422,463.57468,-454.33902
421.44,-2974.6565,412.78052,-455.13843
421.46,-3017.922,467.42032,-454.17914
421.47998,-2984.2712,460.20975,-454.65878
421.5,-3027.5366,489.37234,-453.5396
421.52,-2965.0422,444.02615,-453.37973
421.53998,-2993.8857,455.563,-453.21982
421.56,-3022.7292,454.12088,-454.17914
421.58,-3022.7292,504.11386,-453.37973
421.59998,-2998.6929,468.54193,-453.37973
421.62,-2993.8857,494.49985,-453.05997
421.63998,-2984.2712,515.811,-452.7402
421.66,-2969.8494,465.9782,-453.05997
421.68,-3003.5002,504.91507,-452.5803
421.69998,-2989.0786,475.59222,-452.10068
421.72,-3008.3076,446.10916,-451.7809
421.74,-3013.115,500.26828,-452.26056
421.75998,-2969.8494,442.26358,-452.10068
421.78,-3051.573,475.1115,-451.7809
421.8,-2969.8494,480.5595,-451.30127
421.81998,-2979.4639,458.76764,-451.30127
421.84,-3037.1514,492.09634,-450.9815
421.86,-3037.1514,454.12088,-451.62103
421.88,-2984.2712,461.65186,-450.66174
421.9,-2998.6929,494.33963,-450.66174
421.91998,-2989.0786,491.61563,-450.66174
421.94,-2993.8857,500.5887,-450.1821
421.96,-2974.6565,439.69983,-450.8216
421.97998,-3008.3076,479.75833,-450.1821
422.0,-3032.344,490.494,-449.86234
422.02,-3041.9585,485.20627,-449.86234
422.03998,-3032.344,462.7735,-450.34198
422.06,-2998.6929,423.9969,-450.66174
422.08,-3003.5002,467.26007,-449.54257
422.09998,-3008.3076,464.2156,-448.90305
422.12,-2984.2712,381.5349,-449.86234
422.13998,-3022.7292,459.88928,-449.3827
422.16,-2993.8857,463.57468,-449.3827
422.18,-2950.62,442.4238,-449.86234
422.19998,-3013.115,466.4589,-449.2228
422.22,-3027.5366,440.34076,-449.06293
422.24,-3061.1877,457.32556,-448.58328
422.25998,-3008.3076,395.1548,-449.54257
422.28,-3017.922,468.06125,-447.624
422.3,-2984.2712,459.72906,-447.78387
422.31998,-2950.62,465.81796,-448.26352
422.34,-3027.5366,437.2963,-448.26352
422.36,-3003.5002,449.6343,-448.26352
422.38,-3046.7656,466.61914,-447.78387
422.4,-3022.7292,407.01212,-447.14435
422.41998,-3041.9585,435.69397,-447.78387
422.44,-3008.3076,451.23666,-447.14435
422.46,-2960.2346,423.35596,-447.94376
422.47998,-2989.0786,434.41208,-447.30423
422.5,-3013.115,418.86942,-446.6647
422.52,-3008.3076,463.57468,-446.34494
422.53998,-3013.115,427.36182,-446.6647
422.56,-3008.3076,421.91385,-446.98447
422.58,-3003.5002,429.1244,-446.6647
422.59998,-3003.5002,410.21677,-446.50482
422.62,-3003.5002,445.46826,-445.7054
422.63998,-3008.3076,432.0086,-446.02518
422.66,-3061.1877,466.77936,-445.8653
422.68,-3041.9585,478.47644,-445.0659
422.69998,-3003.5002,442.4238,-445.22577
422.72,-3022.7292,467.26007,-445.38565
422.74,-3008.3076,469.50336,-445.0659
422.75998,-3080.4167,467.74078,-444.74612
422.78,-3041.9585,445.308,-445.0659
422.8,-2998.6929,473.02847,-445.38565
422.81998,-3046.7656,459.72906,-445.22577
422.84,-3013.115,477.99576,-444.26648
422.86,-2998.6929,452.51852,-444.1066
422.88,-3017.922,460.8507,-443.78683
422.9,-3046.7656,445.62848,-443.62695
422.91998,-2989.0786,445.9489,-443.94672
422.94,-3003.5002,452.51852,-443.94672
422.96,-3022.7292,458.44717,-443.3072
422.97998,-3027.5366,431.5279,-443.1473
423.0,-3013.115,471.42615,-442.66766
423.02,-3008.3076,479.91855,-442.66766
423.03998,-3008.3076,437.61676,-442.98743
423.06,-2979.4639,473.18872,-442.66766
423.08,-3032.344,444.98755,-442.50778
423.09998,-3017.922,403.8074,-442.98743
423.12,-3008.3076,457.80627,-441.86826
423.13998,-2989.0786,437.13608,-441.86826
423.16,-3008.3076,475.1115,-441.86826
423.18,-3027.5366,442.9045,-441.5485
423.19998,-3008.3076,465.9782,-441.3886
423.22,-2998.6929,426.72086,-441.86826
423.24,-3008.3076,441.78287,-442.02814
423.25998,-2993.8857,425.11853,-441.86826
423.28,-3037.1514,431.5279,-441.22873
423.3,-3008.3076,473.6694,-441.06885
423.31998,-3065.9949,432.0086,-440.90897
423.34,-3003.5002,429.2846,-440.42932
423.36,-2965.0422,453.47995,-440.74908
423.38,-3041.9585,480.239,-440.42932
423.4,-2998.6929,444.66708,-440.26944
423.41998,-2926.5837,453.47995,-439.6299
423.44,-2993.8857,466.29868,-439.6299
423.46,-3027.5366,458.1267,-438.9904
423.47998,-3027.5366,430.40625,-439.7898
423.5,-3008.3076,424.1571,-439.94968
423.52,-2998.6929,519.1759,-438.8305
423.53998,-3022.7292,447.71152,-439.6299
423.56,-3041.9585,505.39578,-438.67062
423.58,-3008.3076,433.13025,-439.6299
423.59998,-2979.4639,457.80627,-439.47003
423.62,-2998.6929,501.71036,-438.67062
423.63998,-2989.0786,469.66357,-438.67062
423.66,-2965.0422,466.9396,-438.0311
423.68,-2998.6929,428.16296,-438.35086
423.69998,-3013.115,431.36768,-438.35086
423.72,-2989.0786,466.29868,-437.87122
423.74,-2969.8494,438.09747,-438.0311
423.75998,-2998.6929,452.99924,-437.55148
423.78,-3008.3076,450.59573,-437.55148
423.8,-3037.1514,439.37936,-437.39157
423.81998,-2998.6929,455.24252,-437.2317
423.84,-2998.6929,465.4975,-436.91193
423.86,-3017.922,432.16882,-436.91193
423.88,-2969.8494,448.35245,-437.2317
423.9,-2989.0786,445.308,-436.91193
423.91998,-3003.5002,443.54544,-436.43228
423.94,-3008.3076,467.42032,-436.2724
423.96,-3003.5002,456.84488,-435.63287
423.97998,-2993.8857,430.24603,-435.95264
424.0,-2965.0422,423.35596,-436.91193
424.02,-3008.3076,428.00275,-435.7928
424.03998,-3008.3076,468.54193,-435.63287
424.06,-2998.6929,451.3969,-435.63287
424.08,-2998.6929,426.8811,-435.3131
424.09998,-3037.1514,415.5045,-435.473
424.12,-3037.1514,436.49512,-434.67358
424.13998,-2984.2712,449.15363,-434.35382
424.16,-3017.922,456.20392,-434.35382
424.18,-3013.115,456.84488,-434.67358
424.19998,-3017.922,463.2542,-434.03406
424.22,-3003.5002,470.94543,-434.19394
424.24,-3003.5002,469.82382,-433.7143
424.25998,-3027.5366,452.3583,-432.9149
424.28,-3032.344,428.64368,-432.59512
424.3,-2989.0786,431.20743,-432.9149
424.31998,-2950.62,457.16534,-432.9149
424.34,-3008.3076,448.51266,-433.07477
424.36,-2984.2712,454.92206,-433.23465
424.38,-2974.6565,442.9045,-432.9149
424.4,-3013.115,442.26358,-432.9149
424.41998,-2926.5837,469.98407,-432.43524
424.44,-2993.8857,437.777,-432.59512
424.46,-3003.5002,448.51266,-432.27536
424.47998,-3027.5366,429.92557,-432.43524
424.5,-2989.0786,436.3349,-431.47595
424.52,-2989.0786,442.74426,-431.31607
424.53998,-2955.4275,449.79456,-431.63583
424.56,-3022.7292,414.06238,-431.1562
424.58,-3037.1514,472.708,-430.99634
424.59998,-2965.0422,494.98053,-431.1562
424.62,-2989.0786,474.15012,-430.3568
424.63998,-2979.4639,458.28696,-430.3568
424.66,-2979.4639,412.13956,-430.67654
424.68,-2998.6929,428.00275,-430.3568
424.69998,-3022.7292,440.9817,-430.03702
424.72,-3046.7656,472.38754,-430.3568
424.74,-2974.6565,419.6706,-429.7173
424.75998,-3027.5366,447.55127,-429.87714
424.78,-3027.5366,463.09396,-429.07776
424.8,-2998.6929,405.2495,-429.87714
424.81998,-2945.813,424.95828,-429.07776
424.84,-2989.0786,443.7057,-428.75797
424.86,-2974.6565,426.24017,-428.5981
424.88,-3003.5002,459.4086,-427.79868
424.9,-3008.3076,441.62262,-428.27832
424.91998,-2993.8857,420.95245,-428.75797
424.94,-3008.3076,414.5431,-428.75797
424.96,-2969.8494,417.26706,-428.27832
424.97998,-2969.8494,413.2612,-427.9586
425.0,-3003.5002,443.38522,-427.9586
425.02,-2989.0786,435.3735,-428.27832
425.03998,-3017.922,445.1478,-427.9586
425.06,-2993.8857,469.02264,-426.67953
425.08,-2984.2712,488.41095,-426.99927
425.09998,-2945.813,433.13025,-426.67953
425.12,-3022.7292,450.11502,-426.51962
425.13998,-2998.6929,398.03897,-427.4789
425.16,-2993.8857,450.27527,-426.51962
425.18,-2998.6929,418.06824,-426.99927
425.19998,-2984.2712,441.30215,-426.1999
425.22,-2969.8494,439.05887,-425.8801
425.24,-3013.115,416.4659,-425.8801
425.25998,-3037.1514,435.69397,-424.92084
425.28,-2989.0786,427.8425,-425.40045
425.3,-2989.0786,409.4156,-425.7202
425.31998,-3008.3076,437.45654,-425.24057
425.34,-2974.6565,427.04132,-424.60104
425.36,-3013.115,436.17465,-425.24057
425.38,-2989.0786,413.7419,-424.60104
425.4,-2989.0786,434.57233,-424.92084
425.41998,-3017.922,419.51035,-424.2813
425.44,-3008.3076,415.82495,-424.1214
425.46,-2989.0786,402.68576,-423.48187
425.47998,-3003.5002,437.61676,-424.60104
425.5,-3003.5002,450.9162,-423.96152
425.52,-3008.3076,356.21793,-424.1214
425.53998,-2969.8494,401.56415,-423.322
425.56,-2998.6929,428.64368,-423.16214
425.58,-3037.1514,413.90216,-423.16214
425.59998,-2979.4639,458.44717,-423.322
425.62,-3008.3076,443.06473,-422.84235
425.63998,-3013.115,427.36182,-423.00226
425.66,-2969.8494,457.9665,-422.5226
425.68,-3008.3076,431.20743,-421.8831
425.69998,-2989.0786,435.69397,-421.5633
425.72,-2993.8857,421.27292,-421.8831
425.74,-2989.0786,416.62613,-421.8831
425.75998,-2989.0786,429.1244,-422.20282
425.78,-2950.62,428.64368,-421.8831
425.8,-2969.8494,434.8928,-421.8831
425.81998,-3013.115,438.25772,-421.08365
425.84,-2974.6565,453.64017,-420.76392
425.86,-2965.0422,481.84137,-420.28424
425.88,-2989.0786,375.9267,-420.92377
425.9,-2960.2346,420.15128,-420.76392
425.91998,-2969.8494,429.2846,-420.28424
425.94,-2979.4639,436.8156,-420.1244
425.96,-2974.6565,425.9197,-419.8046
425.97998,-3003.5002,413.90216,-419.8046
426.0,-2969.8494,426.8811,-419.16507
426.02,-2993.8857,436.8156,-419.32495
426.03998,-2960.2346,474.15012,-419.32495
426.06,-3003.5002,453.3197,-418.68542
426.08,-2907.3547,380.73373,-419.48486
426.09998,-2993.8857,404.28812,-418.68542
426.12,-2960.2346,442.4238,-418.2058
426.13998,-2955.4275,436.17465,-418.2058
426.16,-2979.4639,398.51968,-418.2058
426.18,-2931.391,434.25186,-418.52554
426.19998,-2965.0422,458.1267,-417.56628
426.22,-2941.0059,374.80505,-418.0459
426.24,-2965.0422,426.4004,-417.08664
426.25998,-2955.4275,429.1244,-417.08664
426.28,-2969.8494,423.1957,-417.2465
426.3,-2941.0059,456.52438,-417.40637
426.31998,-3037.1514,444.82733,-416.2872
426.34,-2955.4275,417.74777,-416.4471
426.36,-2950.62,409.4156,-417.08664
426.38,-2955.4275,454.44135,-416.2872
426.4,-2989.0786,442.26358,-416.2872
426.41998,-2955.4275,519.0157,-415.00815
426.44,-2993.8857,423.83664,-415.96744
426.46,-2989.0786,407.17233,-415.4878
426.47998,-3032.344,448.1922,-415.64767
426.5,-2974.6565,481.20044,-415.64767
426.52,-2974.6565,374.16412,-415.32794
426.53998,-2979.4639,417.90802,-416.12732
426.56,-3046.7656,414.5431,-415.96744
426.58,-2979.4639,418.54895,-415.16806
426.59998,-2941.0059,461.17117,-414.68842
426.62,-3046.7656,407.01212,-414.84827
426.63998,-3037.1514,397.5583,-415.64767
426.66,-2984.2712,407.17233,-414.84827
426.68,-2969.8494,431.20743,-414.20874
426.69998,-2912.1619,406.0507,-413.7291
426.72,-2921.7766,441.62262,-414.0489
426.74,-2969.8494,409.09512,-414.20874
426.75998,-2993.8857,393.23196,-413.7291
426.78,-2969.8494,449.15363,-414.20874
426.8,-2955.4275,426.4004,-414.20874
426.81998,-3027.5366,420.79224,-413.5692
426.84,-2979.4639,426.72086,-413.24945
426.86,-2974.6565,408.45422,-413.08957
426.88,-3046.7656,417.74777,-412.9297
426.9,-3032.344,414.06238,-412.45004
426.91998,-3003.5002,450.9162,-412.2902
426.94,-2965.0422,410.37698,-412.2902
426.96,-3041.9585,491.61563,-411.33087
426.97998,-2955.4275,436.49512,-411.49075
427.0,-2974.6565,481.84137,-410.69135
427.02,-2979.4639,448.99338,-410.53146
427.03998,-2984.2712,398.6799,-411.81052
427.06,-2989.0786,461.01093,-411.171
427.08,-2945.813,423.67642,-411.171
427.09998,-3022.7292,411.17816,-410.69135
427.12,-2979.4639,423.67642,-410.69135
427.13998,-2965.0422,389.70682,-410.85123
427.16,-3017.922,455.88345,-410.85123
427.18,-2960.2346,377.3688,-410.85123
427.19998,-2969.8494,426.4004,-410.53146
427.22,-3003.5002,428.96414,-409.4123
427.24,-2960.2346,417.10684,-409.25244
427.25998,-2984.2712,427.52203,-409.09256
427.28,-2955.4275,388.58517,-409.4123
427.3,-2974.6565,430.40625,-409.25244
427.31998,-2974.6565,425.11853,-409.09256
427.34,-2921.7766,421.1127,-409.25244
427.36,-3003.5002,418.2285,-408.453
427.38,-2907.3547,422.39453,-408.6129
427.4,-2955.4275,405.2495,-408.13324
427.41998,-2979.4639,407.33258,-408.13324
427.44,-2974.6565,394.99457,-407.9734
427.46,-2979.4639,464.37585,-407.81348
427.47998,-3027.5366,424.79807,-408.13324
427.5,-2974.6565,421.91385,-407.9734
427.52,-3008.3076,355.41678,-407.6536
427.53998,-2926.5837,433.6109,-407.4937
427.56,-2945.813,387.62378,-407.33386
427.58,-3008.3076,385.8612,-407.33386
427.59998,-2989.0786,419.99106,-406.85422
427.62,-3022.7292,382.17584,-407.01407
427.63998,-2965.0422,411.97934,-406.69434
427.66,-3003.5002,409.8963,-406.53442
427.68,-3008.3076,405.2495,-406.53442
427.69998,-2998.6929,405.89047,-405.8949
427.72,-2965.0422,363.42847,-406.37454
427.74,-2998.6929,400.76297,-405.8949
427.75998,-2955.4275,408.7747,-405.8949
427.78,-2969.8494,435.69397,-405.25537
427.8,-2998.6929,421.1127,-404.2961
427.81998,-2965.0422,392.9115,-405.73502
427.84,-2993.8857,439.69983,-404.2961
427.86,-3013.115,424.1571,-404.45596
427.88,-2955.4275,397.5583,-405.25537
427.9,-2892.9329,485.3665,-404.2961
427.91998,-2979.4639,403.00626,-404.77573
427.94,-2965.0422,455.563,-403.97632
427.96,-2955.4275,381.5349,-404.2961
427.97998,-2989.0786,412.13956,-403.97632
428.0,-3008.3076,395.95596,-404.2961
428.02,-2950.62,432.16882,-403.49667
428.03998,-3003.5002,411.3384,-403.01703
428.06,-2984.2712,406.85187,-403.6566
428.08,-2974.6565,411.8191,-403.01703
428.09998,-3061.1877,424.79807,-403.49667
428.12,-3003.5002,422.715,-402.5374
428.13998,-2965.0422,409.4156,-402.69727
428.16,-2960.2346,407.17233,-401.5781
428.18,-2974.6565,388.42496,-402.21762
428.19998,-3037.1514,403.00626,-402.05774
428.22,-2955.4275,413.58167,-401.8979
428.24,-2969.8494,458.1267,-401.25836
428.25998,-2965.0422,389.2261,-401.4182
428.28,-2993.8857,444.50684,-401.4182
428.3,-2912.1619,399.80154,-401.09845
428.31998,-2974.6565,435.8542,-400.77872
428.34,-2979.4639,386.50214,-400.61884
428.36,-2945.813,405.56998,-400.29904
428.38,-2960.2346,428.48343,-400.1392
428.4,-2979.4639,420.632,-400.29904
428.41998,-2965.0422,453.1595,-399.65952
428.44,-2969.8494,411.0179,-399.33975
428.46,-2965.0422,411.3384,-399.8194
428.47998,-2965.0422,397.5583,-399.8194
428.5,-2984.2712,427.8425,-399.49966
428.52,-2955.4275,422.2343,-398.86014
428.53998,-2993.8857,434.73254,-398.2206
428.56,-2979.4639,416.30566,-398.54034
428.58,-2993.8857,394.99457,-398.86014
428.59998,-2969.8494,399.64133,-399.02
428.62,-2984.2712,413.42145,-398.86014
428.63998,-2960.2346,390.34775,-398.86014
428.66,-2979.4639,419.8308,-398.2206
428.68,-2955.4275,405.89047,-398.2206
428.69998,-2984.2712,417.26706,-397.74097
428.72,-2916.9692,405.73022,-397.74097
428.74,-2902.5474,398.51968,-397.2613
428.75998,-2974.6565,400.28226,-397.5811
428.78,-2979.4639,389.70682,-397.10144
428.8,-2955.4275,411.49863,-397.2613
428.81998,-2941.0059,389.5466,-397.2613
428.84,-2979.4639,403.00626,-396.4619
428.86,-3017.922,433.13025,-396.14212
428.88,-2993.8857,416.9466,-396.4619
428.9,-2941.0059,427.68228,-395.8224
428.91998,-2984.2712,433.9314,-394.86307
428.94,-2941.0059,398.35944,-395.66248
428.96,-2950.62,396.11618,-395.8224
428.97998,-2974.6565,437.13608,-395.66248
429.0,-2965.0422,434.25186,-395.5026
429.02,-2965.0422,369.03665,-394.86307
429.03998,-2974.6565,387.46353,-395.02295
429.06,-3013.115,396.11618,-395.18286
429.08,-3003.5002,381.21445,-394.70322
429.09998,-3003.5002,395.31503,-394.54333
429.12,-2965.0422,398.6799,-393.7439
429.13998,-2960.2346,397.07758,-394.0637
429.16,-2931.391,372.56177,-393.90378
429.18,-2965.0422,414.7033,-393.584
429.19998,-2955.4275,445.7887,-393.10437
429.22,-2960.2346,398.84015,-393.584
429.24,-2974.6565,400.122,-393.42416
429.25998,-2965.0422,358.4612,-393.10437
429.28,-2945.813,448.99338,-392.9445
429.3,-2892.9329,399.80154,-392.9445
429.31998,-3003.5002,406.0507,-392.78464
429.34,-2969.8494,406.69162,-392.62473
429.36,-2955.4275,386.8226,-393.42416
429.38,-2979.4639,392.9115,-392.30496
429.4,-2945.813,391.62964,-392.30496
429.41998,-2945.813,382.65656,-391.50555
429.44,-2974.6565,393.87292,-392.1451
429.46,-2979.4639,381.21445,-392.1451
429.47998,-2965.0422,390.508,-391.34567
429.5,-2945.813,407.33258,-391.1858
429.52,-3008.3076,409.09512,-390.70615
429.53998,-2960.2346,407.4928,-390.3864
429.56,-2984.2712,396.43668,-391.02594
429.58,-2989.0786,402.52554,-390.06662
429.59998,-2955.4275,384.09866,-390.70615
429.62,-2989.0786,428.64368,-390.2265
429.63998,-2921.7766,374.16412,-389.90674
429.66,-2965.0422,411.3384,-389.4271
429.68,-2931.391,383.61795,-390.06662
429.69998,-2960.2346,403.48694,-389.7469
429.72,-2965.0422,409.8963,-389.4271
429.74,-2960.2346,369.67758,-389.90674
429.75998,-2965.0422,405.73022,-389.2672
429.78,-2989.0786,385.70096,-388.94745
429.8,-2945.813,385.06003,-388.6277
429.81998,-2950.62,390.02728,-388.6277
429.84,-2965.0422,397.7185,-388.14804
429.86,-2945.813,393.71268,-388.4678
429.88,-2965.0422,379.13138,-388.30792
429.9,-2950.62,427.52203,-387.6684
429.91998,-2960.2346,487.44955,-387.18875
429.94,-2969.8494,421.27292,-387.5085
429.96,-2945.813,415.34427,-387.02887
429.97998,-2941.0059,388.74542,-386.869
430.0,-2941.0059,378.8109,-387.6684
430.02,-2969.8494,422.39453,-387.02887
430.03998,-2969.8494,396.27643,-386.54922
430.06,-2945.813,393.55246,-386.869
430.08,-2955.4275,432.32907,-386.0696
430.09998,-2945.813,390.18753,-386.54922
430.12,-2926.5837,443.7057,-386.38934
430.13998,-2989.0786,377.84952,-386.0696
430.16,-2965.0422,381.85538,-385.9097
430.18,-2883.3184,384.73956,-384.9504
430.19998,-2974.6565,385.54074,-385.27017
430.22,-2955.4275,438.7384,-385.1103
430.24,-2936.1982,393.55246,-384.47076
430.25998,-2974.6565,412.46005,-384.47076
430.28,-2984.2712,399.0004,-384.79053
430.3,-2912.1619,390.6682,-384.63065
430.31998,-2955.4275,418.3887,-384.3109
430.34,-2965.0422,388.1045,-383.99112
430.36,-2916.9692,365.35126,-384.3109
430.38,-2945.813,387.94424,-383.1917
430.4,-2945.813,387.46353,-383.1917
430.41998,-2936.1982,325.13254,-383.1917
430.44,-2945.813,375.76648,-383.3516
430.46,-3003.5002,399.80154,-382.87195
430.47998,-3008.3076,387.46353,-382.87195
430.5,-2965.0422,371.6004,-382.71207
430.52,-2974.6565,437.93726,-381.75278
430.53998,-3008.3076,400.28226,-382.5522
430.56,-2950.62,377.2086,-381.5929
430.58,-2941.0059,422.39453,-381.433
430.59998,-2926.5837,411.49863,-381.5929
430.62,-2916.9692,423.9969,-380.95337
430.63998,-2965.0422,378.8109,-381.11325
430.66,-2931.391,378.49045,-380.95337
430.68,-2960.2346,389.5466,-381.11325
430.69998,-2892.9329,374.9653,-380.7935
430.72,-2965.0422,348.68692,-381.27316
430.74,-2965.0422,395.6355,-380.7935
430.75998,-2941.0059,375.76648,-380.63364
430.78,-2969.8494,411.3384,-379.99408
430.8,-2950.62,388.74542,-379.99408
430.81998,-2950.62,351.57114,-379.51443
430.84,-2941.0059,349.32785,-379.8342
430.86,-3013.115,350.28928,-379.35455
430.88,-2926.5837,383.2975,-379.19467
430.9,-2926.5837,376.56763,-379.0348
430.91998,-2926.5837,392.11035,-378.55515
430.94,-2902.5474,363.10797,-378.71503
430.96,-2984.2712,377.3688,-378.55515
430.97998,-2979.4639,376.4074,-378.71503
431.0,-2998.6929,366.79337,-378.0755
431.02,-2965.0422,391.30917,-378.55515
431.03998,-2993.8857,348.36646,-378.55515
431.06,-2945.813,378.6507,-377.91562
431.08,-2945.813,375.28577,-377.5959
431.09998,-2974.6565,413.42145,-377.1162
431.12,-2955.4275,397.39804,-377.1162
431.13998,-2936.1982,379.93256,-377.43597
431.16,-2955.4275,365.5115,-377.5959
431.18,-2950.62,412.78052,-376.79645
431.19998,-2974.6565,400.4425,-376.79645
431.22,-2960.2346,391.9501,-376.3168
431.24,-2969.8494,380.25302,-375.67728
431.25998,-2974.6565,367.4343,-376.3168
431.28,-2945.813,370.1583,-375.99704
431.3,-2883.3184,373.20273,-375.5174
431.31998,-2969.8494,373.36295,-375.19763
431.34,-2950.62,392.59103,-375.19763
431.36,-2878.511,378.8109,-375.5174
431.38,-2936.1982,368.87643,-375.3575
431.4,-2974.6565,386.50214,-374.5581
431.41998,-2892.9329,378.6507,-374.23834
431.44,-2979.4639,387.784,-374.07846
431.46,-2941.0059,366.31268,-374.5581
431.47998,-2912.1619,380.0928,-374.5581
431.5,-2902.5474,392.27057,-373.43893
431.52,-2907.3547,393.55246,-373.59882
431.53998,-2950.62,359.58286,-373.7587
431.56,-2969.8494,370.1583,-373.43893
431.58,-2936.1982,362.7875,-373.91858
431.59998,-2916.9692,394.1934,-372.9593
431.62,-2955.4275,394.51385,-372.7994
431.63998,-2916.9692,356.69864,-372.47964
431.66,-2936.1982,370.95947,-372.15988
431.68,-2941.0059,378.97116,-372.31976
431.69998,-2936.1982,383.77817,-371.84012
431.72,-2955.4275,369.83783,-372.63953
431.74,-2974.6565,371.76065,-371.68024
431.75998,-2945.813,389.38635,-371.52036
431.78,-2955.4275,403.8074,-371.36047
431.8,-2941.0059,417.4273,-370.72095
431.81998,-2984.2712,382.65656,-370.40118
431.84,-2950.62,380.41327,-370.8808
431.86,-2926.5837,364.71033,-371.0407
431.88,-2950.62,368.39572,-370.72095
431.9,-2941.0059,368.7162,-370.08142
431.91998,-2916.9692,384.89978,-370.24127
431.94,-2998.6929,350.4495,-369.92154
431.96,-2955.4275,366.15244,-370.08142
431.97998,-2941.0059,394.83432,-369.60178
432.0,-2993.8857,412.94073,-368.6425
432.02,-2950.62,388.58517,-368.96225
432.03998,-2979.4639,400.4425,-368.80237
432.06,-2926.5837,377.68927,-368.80237
432.08,-3017.922,391.78986,-368.6425
432.09998,-2912.1619,414.38284,-368.6425
432.12,-2907.3547,398.19922,-368.4826
432.13998,-2984.2712,383.93842,-368.16284
432.16,-2945.813,389.70682,-368.16284
432.18,-2945.813,398.84015,-368.32272
432.19998,-2936.1982,400.9232,-367.36343
432.22,-2931.391,374.9653,-367.6832
432.24,-2916.9692,346.76416,-367.36343
432.25998,-2950.62,344.36063,-367.04367
432.28,-2955.4275,354.93607,-367.04367
432.3,-2974.6565,363.26822,-366.40414
432.31998,-2945.813,385.3805,-366.7239
432.34,-2974.6565,391.62964,-366.24426
432.36,-2902.5474,367.4343,-365.76462
432.38,-2902.5474,381.5349,-365.76462
432.4,-2941.0059,351.8916,-364.9652
432.41998,-2936.1982,387.784,-365.1251
432.44,-2907.3547,419.02963,-364.64545
432.46,-2916.9692,359.42264,-364.64545
432.47998,-2936.1982,377.04834,-365.1251
432.5,-2969.8494,403.96765,-364.64545
432.52,-2912.1619,400.60272,-364.48557
432.53998,-2941.0059,395.79572,-364.48557
432.56,-2965.0422,364.38986,-364.64545
432.58,-2950.62,381.21445,-363.84604
432.59998,-2840.0527,350.4495,-363.52625
432.62,-2931.391,388.90564,-363.04663
432.63998,-2960.2346,365.35126,-363.68616
432.66,-2969.8494,353.01324,-363.04663
432.68,-2941.0059,316.64017,-363.52625
432.69998,-2921.7766,367.915,-362.72687
432.72,-2965.0422,363.74893,-362.567
432.74,-2965.0422,397.2378,-362.2472
432.75998,-2912.1619,391.30917,-361.76755
432.78,-2955.4275,371.6004,-361.4478
432.8,-2960.2346,371.27994,-362.2472
432.81998,-2965.0422,378.6507,-361.4478
432.84,-2941.0059,382.97702,-361.28793
432.86,-2926.5837,399.48108,-360.6484
432.88,-2941.0059,400.76297,-360.32864
432.9,-2936.1982,361.3454,-361.12802
432.91998,-2926.5837,375.12552,-360.8083
432.94,-2897.7402,419.51035,-360.16876
432.96,-2936.1982,353.3337,-360.4885
432.97998,-2941.0059,382.65656,-360.16876
433.0,-2926.5837,388.74542,-360.16876
433.02,-2936.1982,389.70682,-360.16876
433.03998,-2941.0059,378.6507,-359.36932
433.06,-2974.6565,392.59103,-359.0496
433.08,-2969.8494,364.71033,-358.56992
433.09998,-2916.9692,358.301,-358.7298
433.12,-2907.3547,371.76065,-358.8897
433.13998,-2941.0059,362.14658,-358.41006
433.16,-2892.9329,361.66586,-358.25018
433.18,-2950.62,404.92905,-357.77054
433.19998,-2926.5837,379.45184,-357.61066
433.22,-2950.62,368.55594,-357.61066
433.24,-2950.62,369.99805,-357.2909
433.25998,-2902.5474,359.42264,-357.45074
433.28,-2965.0422,355.41678,-357.2909
433.3,-2902.5474,352.85303,-357.9304
433.31998,-2931.391,361.18518,-357.45074
433.34,-2960.2346,345.64252,-356.9711
433.36,-2926.5837,338.27173,-356.33157
433.38,-2931.391,334.7466,-357.2909
433.4,-2926.5837,350.4495,-356.81122
433.41998,-2859.282,384.25888,-356.33157
433.44,-2883.3184,341.63666,-356.33157
433.46,-2931.391,323.20978,-355.85196
433.47998,-2931.391,369.99805,-355.05252
433.5,-2916.9692,348.20624,-355.21243
433.52,-2950.62,345.80273,-355.05252
433.53998,-2931.391,341.15594,-355.3723
433.56,-2892.9329,373.6834,-354.89264
433.58,-2931.391,364.71033,-354.5729
433.59998,-2941.0059,364.55008,-354.89264
433.62,-2916.9692,352.21207,-354.09326
433.63998,-2931.391,372.88223,-354.413
433.66,-2993.8857,353.3337,-354.5729
433.68,-2974.6565,409.8963,-352.9741
433.69998,-2892.9329,353.1735,-354.09326
433.72,-2945.813,344.04016,-353.77347
433.74,-2907.3547,359.2624,-353.29382
433.75998,-2921.7766,364.0694,-353.45374
433.78,-2897.7402,376.56763,-352.9741
433.8,-2936.1982,357.66003,-353.13394
433.81998,-2921.7766,333.94543,-352.9741
433.84,-2912.1619,348.20624,-352.49442
433.86,-2960.2346,348.36646,-352.49442
433.88,-2931.391,401.08344,-351.53516
433.9,-2912.1619,367.4343,-351.0555
433.91998,-2969.8494,344.52087,-350.8956
433.94,-2897.7402,330.5805,-352.17468
433.96,-2950.62,358.14075,-351.37524
433.97998,-2902.5474,378.49045,-351.0555
434.0,-2907.3547,372.56177,-351.37524
434.02,-2945.813,371.6004,-351.53516
434.03998,-2907.3547,392.75128,-350.416
434.06,-2916.9692,396.75714,-350.25607
434.08,-2912.1619,384.89978,-349.77646
434.09998,-2931.391,338.5922,-350.25607
434.12,-2892.9329,317.2811,-349.9363
434.13998,-2950.62,374.32437,-349.61655
434.16,-2926.5837,359.2624,-349.29678
434.18,-2878.511,329.1384,-349.77646
434.19998,-2989.0786,349.16763,-349.13693
434.22,-2907.3547,350.4495,-348.81714
434.24,-2902.5474,395.6355,-348.49738
434.25998,-2907.3547,391.30917,-348.1776
434.28,-2916.9692,368.39572,-348.1776
434.3,-2936.1982,363.42847,-347.85785
434.31998,-2888.1255,358.4612,-347.85785
434.34,-2936.1982,347.24484,-348.01776
434.36,-2984.2712,371.1197,-348.01776
434.38,-2931.391,372.56177,-347.37823
434.4,-2888.1255,390.18753,-346.5788
434.41998,-2945.813,353.1735,-347.05844
434.44,-2926.5837,345.32202,-347.21832
434.46,-2892.9329,347.5653,-346.5788
434.47998,-2897.7402,354.29514,-346.5788
434.5,-2960.2346,351.25067,-345.6195
434.52,-2921.7766,337.79102,-346.4189
434.53998,-2926.5837,374.4846,-345.45963
434.56,-2931.391,378.00974,-345.6195
434.58,-2921.7766,314.23663,-345.7794
434.59998,-2892.9329,386.98285,-344.8201
434.62,-2830.4382,359.7431,-344.66022
434.63998,-2931.391,344.6811,-344.97998
434.66,-2998.6929,361.66586,-344.50034
434.68,-2931.391,359.2624,-344.8201
434.69998,-2936.1982,367.7548,-344.18057
434.72,-2878.511,329.1384,-344.18057
434.74,-2892.9329,301.57816,-344.18057
434.75998,-2864.089,301.7384,-344.18057
434.78,-2888.1255,344.6811,-344.0207
434.8,-2945.813,358.4612,-343.8608
434.81998,-2916.9692,358.78168,-342.90152
434.84,-2945.813,340.35477,-343.38116
434.86,-2926.5837,358.78168,-342.90152
434.88,-2907.3547,350.28928,-342.90152
434.9,-2960.2346,356.21793,-341.94223
434.91998,-2907.3547,345.00156,-342.58176
434.94,-2950.62,327.6963,-342.262
434.96,-2936.1982,379.77234,-340.98294
434.97998,-2892.9329,362.94775,-341.4626
435.0,-2888.1255,368.39572,-341.62247
435.02,-2941.0059,338.27173,-341.4626
435.03998,-2955.4275,344.84134,-341.62247
435.06,-2926.5837,368.07526,-341.14282
435.08,-2907.3547,348.36646,-341.3027
435.09998,-2936.1982,331.70215,-340.98294
435.12,-2926.5837,371.44016,-340.66318
435.13998,-2926.5837,319.20392,-340.3434
435.16,-2945.813,333.94543,-340.02365
435.18,-2921.7766,338.27173,-340.18353
435.19998,-2902.5474,317.4413,-340.66318
435.22,-2955.4275,356.21793,-339.544
435.24,-2979.4639,278.18402,-340.18353
435.25998,-2936.1982,337.79102,-339.3841
435.28,-2950.62,350.4495,-339.06436
435.3,-2883.3184,375.28577,-338.90448
435.31998,-2921.7766,345.80273,-338.74457
435.34,-2931.391,352.53256,-338.26495
435.36,-2883.3184,327.21558,-338.10507
435.38,-2984.2712,350.60974,-338.10507
435.4,-2912.1619,332.0226,-338.58472
435.41998,-2931.391,343.8799,-338.10507
435.44,-2955.4275,362.14658,-337.7853
435.46,-2907.3547,312.6343,-338.10507
435.47998,-2926.5837,325.453,-337.46555
435.5,-2969.8494,309.58987,-338.10507
435.52,-2955.4275,350.60974,-337.14578
435.53998,-2960.2346,352.69278,-336.34634
435.56,-2941.0059,330.5805,-336.82602
435.58,-2936.1982,336.02844,-336.82602
435.59998,-2965.0422,313.5957,-337.14578
435.62,-2969.8494,354.6156,-335.86673
435.63998,-2965.0422,340.9957,-336.0266
435.66,-2892.9329,325.61325,-336.1865
435.68,-2960.2346,381.85538,-336.0266
435.69998,-2974.6565,328.49747,-335.54697
435.72,-2916.9692,354.6156,-335.2272
435.74,-2945.813,363.58868,-334.42776
435.75998,-2902.5474,343.07877,-335.3871
435.78,-2931.391,370.31854,-334.58768
435.8,-2979.4639,346.44366,-334.42776
435.81998,-2945.813,335.54776,-334.74756
435.84,-2926.5837,343.07877,-334.2679
435.86,-2897.7402,359.2624,-334.10803
435.88,-2969.8494,359.58286,-333.94812
435.9,-2931.391,365.19104,-333.6284
435.91998,-2979.4639,348.046,-333.78824
435.94,-2936.1982,332.0226,-333.3086
435.96,-2945.813,338.43195,-333.3086
435.97998,-2921.7766,319.52438,-332.82898
436.0,-2921.7766,322.08813,-333.4685
436.02,-2916.9692,329.93958,-332.82898
436.03998,-2931.391,342.2776,-332.82898
436.06,-2907.3547,310.5513,-332.82898
436.08,-2926.5837,328.81793,-332.02954
436.09998,-2926.5837,353.3337,-331.7098
436.12,-2931.391,351.73138,-331.8697
436.13998,-2907.3547,358.14075,-331.07028
436.16,-2984.2712,341.15594,-330.91037
436.18,-2955.4275,310.39105,-331.8697
436.19998,-2993.8857,342.91852,-331.07028
436.22,-2926.5837,323.85068,-331.07028
436.24,-2916.9692,321.44717,-331.23016
436.25998,-2945.813,331.70215,-330.27084
436.28,-2902.5474,311.03198,-330.27084
436.3,-2979.4639,327.37582,-329.79123
436.31998,-2916.9692,341.15594,-329.79123
436.34,-2955.4275,323.5302,-330.11096
436.36,-2926.5837,327.85654,-329.1517
436.38,-2950.62,319.04367,-329.47144
436.4,-2941.0059,315.19806,-329.31158
436.41998,-2960.2346,343.8799,-328.19238
436.44,-2931.391,318.88342,-328.03253
436.46,-2873.7039,288.75946,-328.19238
436.47998,-2960.2346,317.2811,-328.19238
436.5,-2926.5837,364.38986,-328.03253
436.52,-2931.391,336.82962,-327.0732
436.53998,-2907.3547,321.9279,-327.71274
436.56,-2945.813,334.2659,-327.0732
436.58,-2907.3547,328.01675,-327.2331
436.59998,-2941.0059,314.23663,-327.87262
436.62,-2945.813,361.02493,-326.75348
436.63998,-2921.7766,338.43195,-326.75348
436.66,-2912.1619,338.5922,-326.4337
436.68,-2902.5474,323.37,-325.6343
436.69998,-2912.1619,346.76416,-325.47443
436.72,-2936.1982,328.65768,-325.47443
436.74,-2859.282,338.75244,-326.27383
436.75998,-2907.3547,339.0729,-325.6343
436.78,-2907.3547,322.08813,-324.83487
436.8,-2878.511,310.5513,-325.3145
436.81998,-2916.9692,333.62497,-324.5151
436.84,-2878.511,317.4413,-324.99478
436.86,-2941.0059,326.7349,-324.83487
436.88,-2931.391,324.17114,-324.19534
436.9,-2955.4275,309.2694,-324.19534
436.91998,-2888.1255,340.67523,-323.71573
436.94,-2926.5837,328.33722,-324.19534
436.96,-2931.391,337.31033,-322.9163
436.97998,-2916.9692,325.93372,-323.0762
437.0,-2965.0422,330.74075,-323.39594
437.02,-2907.3547,328.81793,-322.43665
437.03998,-2902.5474,355.41678,-322.7564
437.06,-2897.7402,340.9957,-322.27676
437.08,-2926.5837,314.5571,-321.79712
437.09998,-2897.7402,368.87643,-321.31747
437.12,-2897.7402,289.8811,-321.1576
437.13998,-2931.391,328.01675,-321.63724
437.16,-2912.1619,311.51266,-321.31747
437.18,-2921.7766,375.44598,-320.51807
437.19998,-2931.391,334.90683,-320.67795
437.22,-2907.3547,332.98404,-320.3582
437.24,-2892.9329,369.83783,-320.03842
437.25998,-2926.5837,327.53607,-320.51807
437.28,-2878.511,348.36646,-320.51807
437.3,-2960.2346,365.35126,-320.83783
437.31998,-2921.7766,380.25302,-319.55878
437.34,-2926.5837,387.94424,-319.239
437.36,-2921.7766,333.46472,-319.3989
437.38,-2907.3547,315.67874,-319.55878
437.4,-2916.9692,314.8776,-319.07913
437.41998,-2873.7039,316.47992,-319.239
437.44,-2816.0164,315.51852,-318.75937
437.46,-2921.7766,284.1127,-318.4396
437.47998,-2873.7039,312.6343,-318.75937
437.5,-2892.9329,363.42847,-317.95996
437.52,-2892.9329,285.0741,-318.27972
437.53998,-2950.62,291.48343,-317.6402
437.56,-2892.9329,337.95126,-317.00067
437.58,-2892.9329,326.41443,-318.4396
437.59998,-2907.3547,332.34308,-316.8408
437.62,-2916.9692,315.35828,-317.16055
437.63998,-2912.1619,334.90683,-316.3611
437.66,-2878.511,341.79688,-317.16055
437.68,-2921.7766,311.67288,-317.16055
437.69998,-2902.5474,347.08463,-316.6809
437.72,-2916.9692,238.44604,-316.04138
437.74,-2902.5474,310.87177,-315.8815
437.75998,-2926.5837,313.4355,-315.40186
437.78,-2888.1255,319.36414,-315.8815
437.8,-2878.511,332.98404,-315.24197
437.81998,-2897.7402,281.3887,-315.24197
437.84,-2892.9329,282.35013,-314.9222
437.86,-2854.4746,323.20978,-315.08206
437.88,-2897.7402,299.17465,-315.24197
437.9,-2907.3547,338.43195,-314.28268
437.91998,-2907.3547,361.8261,-313.803
437.94,-2907.3547,314.23663,-313.64316
437.96,-2907.3547,342.4378,-313.64316
437.97998,-2868.8965,370.47876,-313.803
438.0,-2897.7402,309.42966,-314.28268
438.02,-2912.1619,324.0109,-313.96292
438.03998,-2936.1982,299.81558,-313.32336
438.06,-2888.1255,286.83664,-313.32336
438.08,-2916.9692,297.73257,-312.84375
438.09998,-2772.751,345.32202,-312.3641
438.12,-2912.1619,321.28696,-312.20422
438.13998,-2907.3547,301.57816,-311.4048
438.16,-2868.8965,323.85068,-311.24493
438.18,-2936.1982,323.04953,-311.5647
438.19998,-2892.9329,257.99457,-312.0443
438.22,-2888.1255,322.72906,-311.4048
438.24,-2974.6565,303.66122,-311.4048
438.25998,-2897.7402,319.20392,-311.4048
438.28,-2931.391,350.12903,-311.08505
438.3,-2888.1255,314.5571,-311.24493
438.31998,-2936.1982,334.2659,-310.44553
438.34,-2820.8237,337.95126,-309.6461
438.36,-2892.9329,304.78284,-310.44553
438.38,-3027.5366,389.0659,-309.6461
438.4,-2912.1619,340.9957,-310.2856
438.41998,-2907.3547,322.08813,-309.4862
438.44,-2907.3547,317.60156,-308.68683
438.46,-2897.7402,300.61676,-309.00656
438.47998,-2916.9692,298.2133,-308.0473
438.5,-2902.5474,338.27173,-308.84668
438.52,-2945.813,326.25418,-308.36703
438.53998,-2902.5474,324.97232,-308.36703
438.56,-2916.9692,299.49512,-307.7275
438.58,-2931.391,333.14426,-307.7275
438.59998,-2888.1255,326.57465,-307.08798
438.62,-2854.4746,319.52438,-307.24786
438.63998,-2955.4275,330.5805,-307.08798
438.66,-2892.9329,331.38168,-306.60834
438.68,-2921.7766,319.36414,-306.60834
438.69998,-2941.0059,347.4051,-306.12872
438.72,-2854.4746,353.1735,-306.44846
438.74,-2902.5474,324.4916,-305.9688
438.75998,-2912.1619,322.08813,-305.64905
438.78,-2801.5945,297.89282,-306.44846
438.8,-2883.3184,325.2928,-305.32928
438.81998,-2873.7039,318.56296,-305.1694
438.84,-2902.5474,317.92203,-304.68976
438.86,-2873.7039,311.99338,-304.68976
438.88,-2878.511,270.01212,-304.52988
438.9,-2892.9329,297.73257,-304.05023
438.91998,-2907.3547,301.41794,-304.37
438.94,-2878.511,322.72906,-303.89035
438.96,-2897.7402,315.0378,-303.5706
438.97998,-2916.9692,294.20743,-303.4107
439.0,-2892.9329,288.91968,-303.73047
439.02,-2830.4382,334.7466,-302.93106
439.03998,-2883.3184,300.777,-303.73047
439.06,-2859.282,327.85654,-302.77118
439.08,-2883.3184,303.34073,-302.6113
439.09998,-2888.1255,269.85187,-302.77118
439.12,-2912.1619,300.93723,-302.45145
439.13998,-2868.8965,268.40976,-302.45145
439.16,-2878.511,312.79453,-301.97177
439.18,-2902.5474,316.3197,-301.01248
439.19998,-2955.4275,266.48697,-301.17236
439.22,-2907.3547,305.584,-301.17236
439.24,-2859.282,304.78284,-301.33224
439.25998,-2916.9692,326.41443,-300.37296
439.28,-2902.5474,311.67288,-300.37296
439.3,-2897.7402,296.77118,-300.21307
439.31998,-2844.86,306.06473,-300.21307
439.34,-2897.7402,377.52905,-299.8933
439.36,-2859.282,315.19806,-300.53284
439.38,-2907.3547,334.7466,-299.73343
439.4,-2921.7766,302.53958,-298.61426
439.41998,-2897.7402,309.1092,-299.0939
439.44,-2868.8965,299.65536,-299.57355
439.46,-2892.9329,290.04132,-299.41367
439.47998,-2892.9329,313.4355,-298.61426
439.5,-2868.8965,294.20743,-298.2945
439.52,-2907.3547,296.61093,-298.2945
439.53998,-2849.6675,319.20392,-297.97473
439.56,-2926.5837,307.98755,-297.65497
439.58,-2883.3184,279.9466,-297.81485
439.59998,-2835.2456,271.45422,-297.01544
439.62,-2907.3547,284.75363,-297.01544
439.63998,-2878.511,297.57233,-297.17532
439.66,-2849.6675,276.7419,-297.65497
439.68,-2888.1255,295.4893,-296.37592
439.69998,-2888.1255,286.67642,-296.37592
439.72,-2926.5837,268.89047,-296.85553
439.74,-2902.5474,284.75363,-296.5358
439.75998,-2868.8965,282.51035,-295.73636
439.78,-2941.0059,295.80975,-295.57648
439.8,-2888.1255,292.2846,-295.57648
439.81998,-2921.7766,320.00507,-294.93695
439.84,-2897.7402,279.30566,-295.73636
439.86,-2892.9329,303.02026,-294.93695
439.88,-2854.4746,274.8191,-294.7771
439.9,-2892.9329,299.17465,-294.29742
439.91998,-2883.3184,291.64368,-294.29742
439.94,-2859.282,307.18637,-293.81778
439.96,-2883.3184,328.81793,-293.9777
439.97998,-2897.7402,308.7887,-293.33813
440.0,-2902.5474,301.41794,-293.49805
440.02,-2844.86,299.81558,-293.33813
440.03998,-2868.8965,302.53958,-293.33813
440.06,-2878.511,324.0109,-292.85852
440.08,-2859.282,326.57465,-292.219
440.09998,-2868.8965,309.58987,-292.6986
440.12,-2897.7402,302.21912,-292.37888
440.13998,-2878.511,272.09515,-292.219
440.16,-2868.8965,312.6343,-291.8992
440.18,-2883.3184,270.9735,-292.6986
440.19998,-2921.7766,291.8039,-291.8992
440.22,-2883.3184,350.28928,-291.25967
440.24,-2864.089,283.47174,-290.93994
440.25998,-2864.089,317.12085,-290.93994
440.28,-2878.511,298.8542,-290.1405
440.3,-2892.9329,321.76767,-290.30038
440.31998,-2835.2456,339.0729,-290.4603
440.34,-2868.8965,304.62262,-289.98062
440.36,-2820.8237,350.9302,-289.50098
440.38,-2897.7402,328.01675,-289.18124
440.4,-2907.3547,319.6846,-288.86145
440.41998,-2897.7402,290.68225,-289.02133
440.44,-2897.7402,303.82144,-288.3818
440.46,-2888.1255,273.2168,-289.3411
440.47998,-2902.5474,293.0858,-289.3411
440.5,-2902.5474,282.02963,-288.86145
440.52,-2902.5474,265.6858,-288.70157
440.53998,-2912.1619,321.9279,-287.9022
440.56,-2854.4746,307.02612,-287.26263
440.58,-2873.7039,288.75946,-287.42252
440.59998,-2907.3547,292.60507,-287.26263
440.62,-2984.2712,318.7232,-286.46323
440.63998,-2849.6675,283.95245,-286.783
440.66,-2873.7039,234.60042,-286.783
440.68,-2926.5837,282.18988,-286.30334
440.69998,-2892.9329,290.20157,-286.783
440.72,-2897.7402,335.2273,-285.98358
440.74,-2883.3184,287.79803,-285.98358
440.75998,-2888.1255,301.09747,-285.18417
440.78,-2840.0527,284.43317,-285.8237
440.8,-2873.7039,294.20743,-285.50394
440.81998,-2892.9329,304.78284,-284.70453
440.84,-2859.282,327.6963,-284.8644
440.86,-2859.282,283.31152,-285.18417
440.88,-2907.3547,281.70917,-284.70453
440.9,-2830.4382,303.9817,-284.54465
440.91998,-2844.86,283.15128,-284.38477
440.94,-2888.1255,279.9466,-284.22485
440.96,-2897.7402,283.95245,-284.38477
440.97998,-2897.7402,281.86942,-283.2656
441.0,-2859.282,302.86005,-283.1057
441.02,-2878.511,265.52554,-283.58533
441.03998,-2868.8965,287.95828,-283.1057
441.06,-2878.511,286.35596,-282.9458
441.08,-2854.4746,280.58752,-281.98654
441.09998,-2873.7039,267.76883,-281.98654
441.12,-2878.511,275.1396,-282.30627
441.13998,-2897.7402,293.0858,-281.66675
441.16,-2878.511,295.97,-281.82666
441.18,-2892.9329,286.19574,-281.1871
441.19998,-2888.1255,284.1127,-280.86737
441.22,-2868.8965,287.1571,-281.82666
441.24,-2864.089,282.18988,-281.34702
441.25998,-2854.4746,259.43668,-280.86737
441.28,-2864.089,296.13022,-280.22784
441.3,-2816.0164,272.57587,-280.54758
441.31998,-2859.282,236.68347,-280.7075
441.34,-2883.3184,289.07993,-279.90805
441.36,-2844.86,273.377,-279.90805
441.38,-2912.1619,274.97934,-279.42844
441.4,-2868.8965,306.70566,-279.26852
441.41998,-2907.3547,224.82616,-279.26852
441.44,-2878.511,277.86356,-278.9488
441.46,-2897.7402,292.60507,-278.30927
441.47998,-2820.8237,312.6343,-278.78888
441.5,-2878.511,300.777,-277.98947
441.52,-2878.511,282.99106,-277.98947
441.53998,-2811.2092,254.46942,-278.14935
441.56,-2844.86,302.21912,-277.82962
441.58,-2907.3547,274.97934,-277.98947
441.59998,-2859.282,277.06238,-277.34995
441.62,-2892.9329,302.53958,-276.8703
441.63998,-2849.6675,300.777,-277.0302
441.66,-2907.3547,281.70917,-276.23077
441.68,-2859.282,282.99106,-276.71042
441.69998,-2892.9329,285.5548,-276.55057
441.72,-2912.1619,267.60858,-276.3907
441.74,-2873.7039,268.73022,-276.0709
441.75998,-2888.1255,297.09164,-275.59125
441.78,-2916.9692,280.4273,-275.2715
441.8,-2883.3184,268.24954,-275.2715
441.81998,-2912.1619,297.57233,-275.1116
441.84,-2873.7039,281.54895,-274.95172
441.86,-2878.511,247.89983,-275.1116
441.88,-2864.089,272.2554,-274.79184
441.9,-2888.1255,265.6858,-274.95172
441.91998,-2888.1255,326.09396,-274.47208
441.94,-2892.9329,285.71503,-274.3122
441.96,-2873.7039,285.23434,-273.83255
441.97998,-2912.1619,269.85187,-273.83255
442.0,-2864.089,296.61093,-273.19302
442.02,-2868.8965,279.4659,-273.35294
442.03998,-2878.511,302.86005,-272.5535
442.06,-2864.089,205.43787,-273.03314
442.08,-2854.4746,277.5431,-272.71338
442.09998,-2936.1982,323.04953,-272.39362
442.12,-2892.9329,275.62027,-272.71338
442.13998,-2864.089,318.88342,-271.91397
442.16,-2883.3184,268.0893,-271.43433
442.18,-2849.6675,286.51617,-271.11456
442.19998,-2864.089,309.75012,-270.95468
442.22,-2907.3547,273.6975,-271.91397
442.24,-2912.1619,309.42966,-271.11456
442.25998,-2873.7039,264.8846,-271.11456
442.28,-2883.3184,265.52554,-270.7948
442.3,-2897.7402,277.86356,-269.9954
442.31998,-2868.8965,268.40976,-270.7948
442.34,-2878.511,226.90921,-270.7948
442.36,-2864.089,293.40625,-269.6756
442.38,-2892.9329,281.2285,-269.19598
442.4,-2868.8965,322.72906,-268.71634
442.41998,-2883.3184,262.64133,-269.19598
442.44,-2787.1729,291.00275,-268.87622
442.46,-2916.9692,269.5314,-269.19598
442.47998,-2931.391,267.76883,-268.39655
442.5,-2849.6675,324.81207,-268.2367
442.52,-2873.7039,301.2577,-268.39655
442.53998,-2888.1255,272.73608,-268.55646
442.56,-2873.7039,289.72086,-267.4373
442.58,-2868.8965,264.56415,-267.91693
442.59998,-2912.1619,209.2835,-267.2774
442.62,-2864.089,295.4893,-267.91693
442.63998,-2868.8965,244.3747,-267.75702
442.66,-2883.3184,287.1571,-267.75702
442.68,-2945.813,274.97934,-266.63785
442.69998,-2854.4746,271.61444,-266.3181
442.72,-2907.3547,273.6975,-265.99832
442.74,-2849.6675,261.19925,-265.6786
442.75998,-2873.7039,280.74777,-265.83844
442.78,-2897.7402,282.35013,-265.3588
442.8,-2873.7039,276.90216,-264.87918
442.81998,-2888.1255,293.7267,-265.1989
442.84,-2859.282,307.8273,-265.1989
442.86,-2873.7039,287.95828,-264.39954
442.88,-2873.7039,289.8811,-264.87918
442.9,-2868.8965,252.22615,-264.71927
442.91998,-2840.0527,272.57587,-264.23962
442.94,-2892.9329,254.30917,-264.5594
442.96,-2878.511,235.72206,-263.91986
442.97998,-2873.7039,297.4121,-263.6001
443.0,-2897.7402,275.94073,-263.44022
443.02,-2902.5474,258.47528,-263.44022
443.03998,-2926.5837,222.74312,-262.8007
443.06,-2864.089,278.18402,-262.48096
443.08,-2859.282,264.4039,-263.6001
443.09998,-2888.1255,307.98755,-262.48096
443.12,-2892.9329,281.54895,-261.52164
443.13998,-2854.4746,268.89047,-262.32104
443.16,-2878.511,266.00626,-261.68152
443.18,-2873.7039,257.03317,-262.48096
443.19998,-2816.0164,257.35364,-261.68152
443.22,-2849.6675,317.60156,-260.0827
443.24,-2941.0059,241.49048,-261.20187
443.25998,-2892.9329,269.85187,-261.042
443.28,-2902.5474,245.17586,-261.042
443.3,-2844.86,220.82033,-260.72223
443.31998,-2878.511,255.2706,-260.40247
443.34,-2873.7039,252.70685,-259.92282
443.36,-2897.7402,281.86942,-260.0827
443.38,-2859.282,262.64133,-260.24258
443.4,-2844.86,288.439,-259.44318
443.41998,-2907.3547,277.38284,-258.80365
443.44,-2907.3547,238.92674,-258.4839
443.46,-2840.0527,254.30917,-258.96353
443.47998,-2791.98,298.2133,-258.1641
443.5,-2878.511,282.18988,-258.4839
443.52,-2849.6675,267.92908,-258.1641
443.53998,-2883.3184,262.9618,-258.00424
443.56,-2921.7766,258.6355,-257.84436
443.58,-2883.3184,261.5197,-258.1641
443.59998,-2844.86,255.43082,-257.68448
443.62,-2816.0164,282.18988,-256.88504
443.63998,-2840.0527,277.5431,-256.40543
443.66,-2864.089,257.1934,-256.7252
443.68,-2868.8965,274.1782,-256.7252
443.69998,-2864.089,256.7127,-256.88504
443.72,-2902.5474,256.87292,-256.40543
443.74,-2883.3184,274.3384,-255.606
443.75998,-2883.3184,266.00626,-256.40543
443.78,-2796.7874,271.13376,-255.606
443.8,-2888.1255,302.6998,-254.80661
443.81998,-2811.2092,275.62027,-255.12636
443.84,-2888.1255,268.40976,-254.80661
443.86,-2868.8965,287.79803,-254.48683
443.88,-2916.9692,288.439,-254.32693
443.9,-2888.1255,213.77003,-254.32693
443.91998,-2840.0527,274.97934,-254.00719
443.94,-2835.2456,256.87292,-254.16708
443.96,-2892.9329,272.09515,-253.20778
443.97998,-2873.7039,243.41328,-253.04788
444.0,-2878.511,267.60858,-253.36766
444.02,-2907.3547,271.29398,-253.36766
444.03998,-2864.089,250.46358,-253.04788
444.06,-2816.0164,285.0741,-251.92871
444.08,-2883.3184,256.232,-252.40836
444.09998,-2892.9329,259.1162,-252.08861
444.12,-2921.7766,257.99457,-252.08861
444.13998,-2868.8965,262.64133,-252.24849
444.16,-2868.8965,281.2285,-251.1293
444.18,-2864.089,259.59692,-250.32991
444.19998,-2859.282,278.34427,-250.80956
444.22,-2907.3547,282.99106,-250.48978
444.24,-2902.5474,253.82849,-250.32991
444.25998,-2854.4746,270.9735,-250.01013
444.28,-2868.8965,286.51617,-249.53049
444.3,-2854.4746,255.43082,-250.01013
444.31998,-2873.7039,310.71152,-250.01013
444.34,-2921.7766,243.73375,-249.85027
444.36,-2551.616,220.82033,-242.65556
444.38,-2916.9692,265.6858,-249.21072
444.4,-2854.4746,246.61795,-249.05084
444.41998,-2873.7039,259.9174,-248.89096
444.44,-2801.5945,236.36299,-248.5712
444.46,-2796.7874,259.1162,-247.77179
444.47998,-2859.282,260.55832,-247.77179
444.5,-2859.282,235.56183,-247.77179
444.52,-2892.9329,220.82033,-247.77179
444.53998,-2835.2456,235.4016,-246.97238
444.56,-2849.6675,239.56767,-246.65262
444.58,-2854.4746,252.70685,-246.8125
444.59998,-2849.6675,250.94429,-246.49272
444.62,-2864.089,269.85187,-246.33286
444.63998,-2849.6675,254.46942,-246.33286
444.66,-2849.6675,239.24721,-246.33286
444.68,-2825.6309,246.2975,-245.69333
444.69998,-2830.4382,246.77818,-245.8532
444.72,-2888.1255,251.74544,-245.37357
444.74,-2844.86,214.0905,-245.8532
444.75998,-2811.2092,229.15247,-244.73404
444.78,-2868.8965,218.57704,-244.41428
444.8,-2816.0164,247.2589,-244.09451
444.81998,-2806.4019,241.17001,-243.13521
444.84,-2883.3184,238.92674,-244.09451
444.86,-2849.6675,266.32672,-243.13521
444.88,-2873.7039,272.89633,-243.61485
444.9,-2849.6675,250.30333,-243.45497
444.91998,-2840.0527,183.64609,-243.45497
444.94,-2859.282,263.12204,-242.81544
444.96,-2816.0164,292.1244,-242.49568
444.97998,-2840.0527,282.18988,-242.65556
445.0,-2835.2456,236.68347,-242.65556
445.02,-2859.282,228.19107,-242.49568
445.03998,-2888.1255,244.53493,-241.53639
445.06,-2835.2456,275.78052,-241.21663
445.08,-2849.6675,247.89983,-241.37651
445.09998,-2791.98,234.11974,-241.69627
445.12,-2801.5945,272.73608,-241.05675
445.13998,-2849.6675,251.1045,-240.73697
445.16,-2816.0164,202.07297,-240.25734
445.18,-2854.4746,220.17938,-240.89687
445.19998,-2854.4746,242.93259,-240.25734
445.22,-2820.8237,228.832,-240.4172
445.24,-2791.98,265.36533,-239.13815
445.25998,-2916.9692,249.82265,-239.29805
445.28,-2854.4746,228.67177,-239.45792
445.3,-2835.2456,219.37822,-239.13815
445.31998,-2859.282,267.60858,-239.13815
445.34,-2830.4382,230.27411,-238.65852
445.36,-2820.8237,278.18402,-237.8591
445.38,-2830.4382,234.44019,-238.65852
445.4,-2892.9329,245.8168,-238.17886
445.41998,-2873.7039,288.91968,-237.21957
445.44,-2864.089,226.10803,-237.69922
445.46,-2854.4746,252.22615,-237.21957
445.47998,-2835.2456,251.90569,-237.37946
445.5,-2868.8965,238.28581,-236.73993
445.52,-2868.8965,218.09634,-237.69922
445.53998,-2844.86,239.72792,-236.26028
445.56,-2859.282,250.14311,-236.1004
445.58,-2854.4746,230.27411,-236.26028
445.59998,-2840.0527,241.17001,-235.78064
445.62,-2806.4019,244.05423,-235.62076
445.63998,-2840.0527,245.49634,-234.82135
445.66,-2811.2092,236.20276,-235.62076
445.68,-2782.3655,278.18402,-234.82135
445.69998,-2844.86,214.5712,-234.98122
445.72,-2767.9436,245.49634,-234.50159
445.74,-2830.4382,232.19691,-234.50159
445.75998,-2820.8237,252.86707,-234.18182
445.78,-2840.0527,253.98871,-234.66145
445.8,-2868.8965,230.91505,-233.86206
445.81998,-2840.0527,218.41681,-233.86206
445.84,-2835.2456,263.60275,-233.06264
445.86,-2840.0527,245.17586,-233.06264
445.88,-2811.2092,254.14896,-232.90277
445.9,-2849.6675,250.78404,-232.58301
445.91998,-2854.4746,222.90335,-232.58301
445.94,-2840.0527,243.25305,-232.10335
445.96,-2811.2092,288.11853,-231.78358
445.97998,-2825.6309,273.377,-231.6237
446.0,-2873.7039,255.91153,-231.78358
446.02,-2830.4382,241.17001,-230.98418
446.03998,-2854.4746,240.52907,-230.8243
446.06,-2883.3184,229.47295,-230.66441
446.08,-2835.2456,247.57936,-230.66441
446.09998,-2868.8965,199.98993,-230.8243
446.12,-2830.4382,249.6624,-229.70512
446.13998,-2801.5945,237.00394,-229.54524
446.16,-2820.8237,250.14311,-230.02489
446.18,-2835.2456,269.69165,-229.38536
446.19998,-2835.2456,265.20508,-228.74583
446.22,-2825.6309,194.70221,-228.74583
446.24,-2835.2456,210.40512,-228.9057
446.25998,-2840.0527,214.25073,-228.74583
446.28,-2840.0527,231.55598,-227.94641
446.3,-2811.2092,239.88815,-227.78653
446.31998,-2787.1729,235.72206,-227.94641
446.34,-2825.6309,260.55832,-227.46677
446.36,-2897.7402,245.97704,-227.78653
446.38,-2796.7874,246.77818,-227.147
446.4,-2854.4746,227.55014,-227.147
446.41998,-2791.98,253.82849,-226.98712
446.44,-2840.0527,278.82495,-226.3476
446.46,-2844.86,234.76065,-226.3476
446.47998,-2729.4854,252.22615,-226.18771
446.5,-2806.4019,250.46358,-226.50748
446.52,-2835.2456,235.24136,-226.18771
446.53998,-2830.4382,184.28702,-225.54817
446.56,-2816.0164,230.59457,-225.54817
446.58,-2830.4382,241.17001,-225.54817
446.59998,-2835.2456,252.70685,-225.22841
446.62,-2830.4382,225.30687,-224.90865
446.63998,-2888.1255,237.64487,-224.58888
446.66,-2825.6309,194.54198,-224.58888
446.68,-2844.86,212.32793,-224.10925
446.69998,-2811.2092,230.91505,-224.42902
446.72,-2840.0527,224.82616,-223.78949
446.74,-2868.8965,244.69516,-224.10925
446.75998,-2854.4746,232.35716,-223.30983
446.78,-2820.8237,219.21799,-223.14995
446.8,-2854.4746,166.34082,-223.14995
446.81998,-2825.6309,246.77818,-222.83018
446.84,-2868.8965,232.67763,-222.83018
446.86,-2854.4746,237.48463,-222.19066
446.88,-2816.0164,174.19229,-222.51042
446.9,-2873.7039,227.71037,-222.35054
446.91998,-2859.282,246.45773,-222.03078
446.94,-2840.0527,232.35716,-221.55113
446.96,-2820.8237,247.57936,-221.39125
446.97998,-2849.6675,218.41681,-221.23137
447.0,-2835.2456,234.27995,-221.23137
447.02,-2854.4746,228.67177,-220.75172
447.03998,-2816.0164,235.4016,-220.27208
447.06,-2840.0527,222.10219,-220.59184
447.08,-2849.6675,242.13141,-220.27208
447.09998,-2796.7874,237.96533,-219.95232
447.12,-2816.0164,224.50569,-220.11218
447.13998,-2825.6309,226.42851,-219.79242
447.16,-2811.2092,224.66592,-219.47266
447.18,-2864.089,234.11974,-219.79242
447.19998,-2844.86,243.89398,-219.1529
447.22,-2811.2092,239.88815,-218.99303
447.24,-2840.0527,272.89633,-218.83313
447.25998,-2816.0164,228.19107,-218.3535
447.28,-2859.282,223.38405,-217.87384
447.3,-2844.86,228.03084,-217.55408
447.31998,-2816.0164,209.76418,-217.55408
447.34,-2820.8237,206.07881,-218.03374
447.36,-2835.2456,236.52322,-217.71397
447.38,-2811.2092,235.56183,-217.55408
447.4,-2835.2456,226.58875,-216.91455
447.41998,-2825.6309,226.26826,-216.59479
447.44,-2820.8237,205.75835,-216.59479
447.46,-2782.3655,225.62733,-216.27502
447.47998,-2820.8237,250.78404,-216.4349
447.5,-2811.2092,237.96533,-215.6355
447.52,-2873.7039,286.9969,-215.15585
447.53998,-2849.6675,193.74081,-215.31573
447.56,-2868.8965,236.68347,-214.99597
447.58,-2806.4019,220.49985,-215.31573
447.59998,-2787.1729,203.03438,-215.15585
447.62,-2830.4382,231.87645,-214.67621
447.63998,-2811.2092,225.9478,-214.03667
447.66,-2830.4382,191.49753,-214.51633
447.68,-2825.6309,210.24489,-213.8768
447.69998,-2835.2456,213.44957,-214.03667
447.72,-2873.7039,222.74312,-213.07738
447.74,-2849.6675,237.16417,-212.75761
447.75998,-2825.6309,202.2332,-213.07738
447.78,-2782.3655,241.81094,-212.43785
447.8,-2859.282,184.12679,-213.07738
447.81998,-2830.4382,260.0776,-212.9175
447.84,-2820.8237,274.01797,-212.11809
447.86,-2830.4382,224.025,-211.9582
447.88,-2801.5945,263.92322,-211.47856
447.9,-2791.98,221.94196,-211.79832
447.91998,-2820.8237,219.85892,-211.9582
447.94,-2801.5945,236.8437,-211.31866
447.96,-2840.0527,215.37238,-211.1588
447.97998,-2825.6309,191.65776,-211.47856
448.0,-2801.5945,209.92441,-210.51927
448.02,-2801.5945,215.21214,-210.67914
448.03998,-2825.6309,217.4554,-210.51927
448.06,-2835.2456,224.9864,-210.03961
448.08,-2835.2456,169.86598,-209.55998
448.09998,-2825.6309,234.11974,-209.08032
448.12,-2825.6309,234.27995,-209.08032
448.13998,-2758.329,218.41681,-208.60068
448.16,-2825.6309,221.30103,-208.76056
448.18,-2820.8237,211.687,-208.28091
448.19998,-2854.4746,197.42618,-208.4408
448.22,-2840.0527,188.4531,-208.76056
448.24,-2796.7874,200.95132,-208.12103
448.25998,-2796.7874,216.494,-207.80127
448.28,-2825.6309,195.34315,-207.32162
448.3,-2816.0164,208.00162,-207.16174
448.31998,-2791.98,236.04253,-206.84198
448.34,-2859.282,211.84723,-206.84198
448.36,-2820.8237,247.7396,-206.20245
448.38,-2854.4746,208.96303,-206.36234
448.4,-2873.7039,208.32208,-205.72281
448.41998,-2835.2456,221.62149,-205.40305
448.44,-2811.2092,197.74664,-205.88269
448.46,-2816.0164,212.96886,-205.88269
448.47998,-2830.4382,204.15599,-205.08328
448.5,-2801.5945,232.03668,-205.08328
448.52,-2840.0527,215.21214,-204.76352
448.53998,-2825.6309,215.05191,-205.72281
448.56,-2859.282,202.55367,-205.24315
448.58,-2849.6675,205.43787,-204.60362
448.59998,-2767.9436,222.26242,-203.9641
448.62,-2791.98,217.77588,-203.1647
448.63998,-2816.0164,202.71391,-203.64433
448.66,-2820.8237,227.71037,-203.1647
448.68,-2825.6309,214.41096,-203.32457
448.69998,-2844.86,249.6624,-202.20538
448.72,-2849.6675,203.03438,-202.36528
448.74,-2820.8237,203.83553,-202.84494
448.75998,-2811.2092,209.44373,-202.20538
448.78,-2796.7874,219.05775,-201.88562
448.8,-2835.2456,242.29164,-201.2461
448.81998,-2840.0527,233.9595,-201.08623
448.84,-2859.282,178.19814,-201.08623
448.86,-2816.0164,190.21567,-201.88562
448.88,-2897.7402,212.00746,-201.08623
448.9,-2806.4019,204.6367,-201.08623
448.91998,-2772.751,212.00746,-201.08623
448.94,-2791.98,208.64255,-200.60657
448.96,-2849.6675,189.57474,-200.60657
448.97998,-2830.4382,199.02852,-199.96704
449.0,-2835.2456,187.49168,-199.64728
449.02,-2796.7874,199.18875,-199.4874
449.03998,-2864.089,185.24841,-199.16763
449.06,-2782.3655,212.96886,-199.16763
449.08,-2816.0164,214.89168,-198.68799
449.09998,-2825.6309,210.08464,-198.68799
449.12,-2825.6309,204.31624,-198.68799
449.13998,-2791.98,216.17354,-198.20834
449.16,-2811.2092,226.58875,-198.04846
449.18,-2811.2092,194.54198,-198.20834
449.19998,-2796.7874,208.8028,-197.40894
449.22,-2835.2456,212.32793,-197.40894
449.24,-2830.4382,214.41096,-197.24905
449.25998,-2835.2456,200.95132,-196.7694
449.28,-2791.98,175.79463,-196.92929
449.3,-2801.5945,176.75603,-196.28976
449.31998,-2806.4019,199.8297,-196.60953
449.34,-2806.4019,190.69637,-195.97
449.36,-2811.2092,219.85892,-195.8101
449.38,-2816.0164,197.74664,-195.8101
449.4,-2835.2456,205.91858,-195.8101
449.41998,-2864.089,190.69637,-195.49034
449.44,-2888.1255,228.03084,-195.17058
449.46,-2854.4746,218.73727,-194.69095
449.47998,-2859.282,196.78526,-194.53105
449.5,-2816.0164,208.96303,-195.01071
449.52,-2825.6309,181.24257,-194.21129
449.53998,-2748.7146,195.34315,-194.53105
449.56,-2825.6309,185.56888,-193.57176
449.58,-2816.0164,211.36652,-193.252
449.59998,-2840.0527,190.85661,-193.41187
449.62,-2835.2456,186.85075,-193.57176
449.63998,-2854.4746,231.71622,-193.57176
449.66,-2820.8237,198.54782,-192.61247
449.68,-2816.0164,151.75957,-192.61247
449.69998,-2787.1729,171.78879,-192.45258
449.72,-2864.089,222.74312,-192.29271
449.74,-2825.6309,210.24489,-192.13281
449.75998,-2801.5945,207.36069,-191.33342
449.78,-2791.98,193.74081,-191.17352
449.8,-2835.2456,224.50569,-190.534
449.81998,-2767.9436,187.01099,-190.85376
449.84,-2820.8237,227.55014,-190.37411
449.86,-2835.2456,214.0905,-189.89447
449.88,-2840.0527,196.46478,-190.05435
449.9,-2835.2456,189.57474,-190.05435
449.91998,-2811.2092,208.00162,-189.73459
449.94,-2825.6309,189.8952,-190.37411
449.96,-2811.2092,218.8975,-189.41483
449.97998,-2772.751,204.31624,-188.93518
450.0,-2801.5945,223.5443,-189.09506
450.02,-2840.0527,245.17586,-188.45554
450.03998,-2796.7874,198.22734,-188.61542
450.06,-2796.7874,204.15599,-188.45554
450.08,-2854.4746,196.14432,-188.29565
450.09998,-2801.5945,206.87997,-187.81601
450.12,-2835.2456,196.62502,-187.81601
450.13998,-2801.5945,192.45894,-187.65611
450.16,-2801.5945,183.80632,-187.33635
450.18,-2854.4746,219.69868,-187.17648
450.19998,-2830.4382,191.818,-187.17648
450.22,-2796.7874,195.66362,-186.69682
450.24,-2854.4746,238.12556,-186.53696
450.25998,-2816.0164,204.47647,-186.2172
450.28,-2835.2456,167.30223,-186.0573
450.3,-2763.1365,222.26242,-185.73753
450.31998,-2825.6309,207.0402,-185.57765
450.34,-2835.2456,194.38174,-184.93811
450.36,-2883.3184,188.13263,-184.77824
450.38,-2854.4746,169.70575,-184.93811
450.4,-2796.7874,205.1174,-184.77824
450.41998,-2820.8237,224.50569,-184.13872
450.44,-2796.7874,162.65546,-184.45848
450.46,-2820.8237,231.23552,-183.65906
450.47998,-2816.0164,184.92795,-183.81895
450.5,-2772.751,189.09402,-183.49919
450.52,-2825.6309,174.99345,-184.13872
450.53998,-2816.0164,183.48586,-183.3393
450.56,-2743.9072,172.26949,-182.85966
450.58,-2796.7874,195.34315,-183.3393
450.59998,-2820.8237,188.4531,-182.69977
450.62,-2791.98,203.83553,-182.38
450.63998,-2796.7874,166.6613,-182.06024
450.66,-2777.558,191.49753,-181.90036
450.68,-2811.2092,191.17706,-181.5806
450.69998,-2801.5945,186.37006,-181.74048
450.72,-2796.7874,183.80632,-181.5806
450.74,-2806.4019,217.29517,-180.78119
450.75998,-2849.6675,182.20398,-180.78119
450.78,-2796.7874,172.58994,-180.94107
450.8,-2787.1729,160.09172,-180.78119
450.81998,-2811.2092,173.71158,-180.46143
450.84,-2796.7874,192.2987,-180.14166
450.86,-2849.6675,164.7385,-179.8219
450.88,-2777.558,185.24841,-179.66202
450.9,-2825.6309,163.61687,-178.8626
450.91998,-2825.6309,183.16537,-179.02249
450.94,-2796.7874,200.47063,-178.8626
450.96,-2811.2092,220.33961,-178.54283
450.97998,-2763.1365,187.33145,-178.8626
451.0,-2811.2092,141.18414,-178.38295
451.02,-2854.4746,178.35837,-177.9033
451.03998,-2801.5945,186.04958,-177.74342
451.06,-2840.0527,190.3759,-177.58354
451.08,-2801.5945,175.6344,-177.42366
451.09998,-2796.7874,169.70575,-177.58354
451.12,-2859.282,220.82033,-176.14459
451.13998,-2811.2092,224.34546,-176.62425
451.16,-2801.5945,216.01329,-175.66496
451.18,-2816.0164,180.4414,-175.98473
451.19998,-2811.2092,201.7525,-175.98473
451.22,-2777.558,179.64023,-176.30449
451.24,-2816.0164,184.44725,-175.66496
451.25998,-2835.2456,177.71744,-175.1853
451.28,-2791.98,202.87415,-174.54578
451.3,-2811.2092,167.46246,-175.1853
451.31998,-2830.4382,162.49522,-174.70567
451.34,-2791.98,206.39928,-174.38591
451.36,-2796.7874,174.35252,-174.54578
451.38,-2782.3655,191.3373,-174.22601
451.4,-2878.511,238.12556,-173.42662
451.41998,-2787.1729,107.21459,-174.06615
451.44,-2801.5945,200.63086,-173.42662
451.46,-2820.8237,182.84491,-173.10684
451.47998,-2791.98,180.9221,-172.6272
451.5,-2806.4019,185.08818,-172.30743
451.52,-2796.7874,201.7525,-172.6272
451.53998,-2816.0164,192.93964,-172.14755
451.56,-2787.1729,174.51276,-171.82777
451.58,-2772.751,215.85306,-171.02838
451.59998,-2854.4746,177.39697,-170.86848
451.62,-2748.7146,146.79233,-171.98767
451.63998,-2801.5945,165.05898,-171.18825
451.66,-2796.7874,165.05898,-171.82777
451.68,-2840.0527,197.74664,-170.54872
451.69998,-2763.1365,178.35837,-170.06908
451.72,-2787.1729,167.78293,-170.22896
451.74,-2796.7874,182.04375,-170.06908
451.75998,-2787.1729,182.68468,-169.9092
451.78,-2830.4382,182.52444,-169.42955
451.8,-2796.7874,205.5981,-168.79002
451.81998,-2816.0164,191.49753,-168.63014
451.84,-2811.2092,155.2847,-168.47026
451.86,-2767.9436,186.69052,-168.31038
451.88,-2840.0527,177.07649,-168.63014
451.9,-2777.558,202.55367,-167.99062
451.91998,-2772.751,172.58994,-168.1505
451.94,-2816.0164,183.64609,-168.1505
451.96,-2816.0164,183.80632,-167.99062
451.97998,-2753.5217,161.69405,-167.99062
452.0,-2782.3655,166.82153,-167.51097
452.02,-2782.3655,182.68468,-166.87144
452.03998,-2772.751,170.34668,-167.03131
452.06,-2816.0164,175.31392,-166.55168
452.08,-2787.1729,188.61333,-166.71155
452.09998,-2777.558,167.142,-166.71155
452.12,-2811.2092,172.10925,-165.4325
452.13998,-2791.98,155.92564,-165.75226
452.16,-2729.4854,189.25427,-164.79297
452.18,-2748.7146,166.82153,-165.59238
452.19998,-2734.2925,178.9993,-165.4325
452.22,-2767.9436,210.24489,-164.4732
452.24,-2777.558,192.2987,-164.15344
452.25998,-2787.1729,163.29639,-164.31332
452.28,-2801.5945,178.83907,-163.99355
452.3,-2791.98,161.53381,-163.83368
452.31998,-2796.7874,166.82153,-163.67378
452.34,-2758.329,168.42387,-162.87439
452.36,-2739.1,171.62856,-163.67378
452.38,-2763.1365,141.34438,-163.03426
452.4,-2787.1729,167.46246,-162.7145
452.41998,-2748.7146,198.22734,-161.7552
452.44,-2767.9436,159.45079,-162.7145
452.46,-2772.751,184.44725,-161.43544
452.47998,-2840.0527,151.59933,-161.9151
452.5,-2806.4019,204.95717,-160.9558
452.52,-2816.0164,137.659,-161.59534
452.53998,-2758.329,182.68468,-161.11568
452.56,-2782.3655,199.18875,-160.31625
452.58,-2830.4382,218.25658,-159.83662
452.59998,-2782.3655,196.30455,-159.99649
452.62,-2758.329,162.81569,-160.15639
452.63998,-2787.1729,207.68115,-159.35696
452.66,-2782.3655,218.09634,-159.51686
452.68,-2782.3655,172.10925,-159.51686
452.69998,-2806.4019,154.804,-159.0372
452.72,-2791.98,201.11156,-158.55757
452.74,-2782.3655,141.9853,-158.55757
452.75998,-2743.9072,164.7385,-157.75815
452.78,-2791.98,180.60164,-158.55757
452.8,-2758.329,192.13846,-157.59827
452.81998,-2782.3655,168.10341,-157.59827
452.84,-2796.7874,173.07065,-157.11862
452.86,-2739.1,167.6227,-156.95874
452.88,-2763.1365,155.7654,-156.79886
452.9,-2767.9436,182.20398,-156.95874
452.91998,-2825.6309,159.77126,-156.79886
452.94,-2820.8237,153.20168,-156.63898
452.96,-2772.751,152.88121,-156.15933
452.97998,-2806.4019,171.62856,-155.99945
453.0,-2763.1365,143.74788,-156.15933
453.02,-2772.751,167.6227,-155.5198
453.03998,-2743.9072,151.59933,-155.5198
453.06,-2777.558,162.17476,-155.35992
453.08,-2767.9436,151.9198,-154.5605
453.09998,-2840.0527,159.13033,-154.5605
453.12,-2739.1,133.33269,-154.5605
453.13998,-2748.7146,179.64023,-153.44133
453.16,-2691.0273,181.88351,-153.7611
453.18,-2763.1365,162.81569,-153.60121
453.19998,-2777.558,156.24611,-153.60121
453.22,-2782.3655,163.93733,-153.44133
453.24,-2767.9436,170.66714,-152.96169
453.25998,-2777.558,203.99576,-152.48203
453.28,-2772.751,176.27533,-152.48203
453.3,-2791.98,139.90227,-153.12157
453.31998,-2734.2925,133.01222,-152.64192
453.34,-2782.3655,161.21335,-151.8425
453.36,-2777.558,133.33269,-152.32216
453.38,-2758.329,157.36775,-151.8425
453.4,-2772.751,175.15369,-151.36287
453.41998,-2777.558,153.36191,-151.20297
453.44,-2777.558,107.85553,-151.36287
453.46,-2767.9436,160.89288,-151.0431
453.47998,-2782.3655,151.11862,-150.40358
453.5,-2748.7146,183.00514,-150.0838
453.52,-2763.1365,149.03558,-150.0838
453.53998,-2782.3655,194.22151,-150.24368
453.56,-2777.558,162.33499,-149.76404
453.58,-2791.98,154.96423,-149.76404
453.59998,-2801.5945,135.73619,-149.60416
453.62,-2748.7146,145.99115,-149.1245
453.63998,-2753.5217,167.46246,-148.80473
453.66,-2796.7874,139.26134,-148.80473
453.68,-2743.9072,144.06834,-148.48497
453.69998,-2767.9436,145.67068,-147.84544
453.72,-2758.329,160.57242,-147.84544
453.74,-2801.5945,158.32915,-147.68558
453.75998,-2763.1365,162.81569,-147.36581
453.78,-2796.7874,175.47415,-147.04605
453.8,-2753.5217,167.78293,-146.56639
453.81998,-2772.751,149.03558,-147.04605
453.84,-2787.1729,134.2941,-146.24663
453.86,-2739.1,175.47415,-146.24663
453.88,-2748.7146,170.98761,-146.56639
453.9,-2753.5217,168.42387,-146.24663
453.91998,-2787.1729,150.15723,-145.92686
453.94,-2753.5217,144.54904,-144.96758
453.96,-2743.9072,182.52444,-144.96758
453.97998,-2753.5217,131.73035,-145.44722
454.0,-2791.98,131.40988,-144.96758
454.02,-2763.1365,120.99469,-144.96758
454.03998,-2767.9436,139.90227,-144.48792
454.06,-2753.5217,143.10693,-144.48792
454.08,-2758.329,119.71282,-144.00829
454.09998,-2758.329,123.39819,-143.84839
454.12,-2763.1365,149.67653,-143.52863
454.13998,-2758.329,154.48354,-143.20886
454.16,-2811.2092,127.56427,-142.56934
454.18,-2695.8345,148.07419,-142.8891
454.19998,-2734.2925,114.745575,-142.8891
454.22,-2791.98,153.04144,-142.40945
454.24,-2719.8708,140.54321,-142.24957
454.25998,-2743.9072,103.36898,-142.24957
454.28,-2734.2925,120.674225,-142.08969
454.3,-2686.2197,136.69759,-141.61005
454.31998,-2753.5217,152.88121,-141.61005
454.34,-2763.1365,188.77356,-141.1304
454.36,-2748.7146,103.048515,-140.49086
454.38,-2758.329,137.49876,-140.33098
454.4,-2753.5217,106.89413,-140.49086
454.41998,-2739.1,96.15847,-140.33098
454.44,-2825.6309,160.41219,-139.69145
454.46,-2724.6782,158.16891,-139.05193
454.47998,-2777.558,132.53152,-139.53157
454.5,-2772.751,145.02975,-139.53157
454.52,-2715.0637,150.63792,-138.57228
454.53998,-2743.9072,172.26949,-138.73216
454.56,-2719.8708,158.48938,-138.4124
454.58,-2710.256,127.56427,-138.25252
454.59998,-2801.5945,174.83322,-138.4124
454.62,-2748.7146,115.54674,-138.73216
454.63998,-2729.4854,132.85199,-138.25252
454.66,-2791.98,102.56782,-138.73216
454.68,-2753.5217,147.27303,-136.97345
454.69998,-2686.2197,141.50461,-136.81358
454.72,-2787.1729,168.26364,-136.97345
454.74,-2782.3655,146.47185,-136.81358
454.75998,-2791.98,165.86014,-136.33392
454.78,-2777.558,209.2835,-135.53452
454.8,-2777.558,135.2555,-135.37463
454.81998,-2777.558,147.27303,-135.6944
454.84,-2763.1365,131.57011,-135.53452
454.86,-2719.8708,177.07649,-135.05487
454.88,-2820.8237,175.31392,-135.21475
454.9,-2767.9436,143.90811,-134.7351
454.91998,-2835.2456,132.85199,-135.05487
454.94,-2787.1729,105.45203,-134.57521
454.96,-2748.7146,174.67299,-133.77582
454.97998,-2811.2092,143.58765,-133.61592
455.0,-2763.1365,127.724495,-134.09558
455.02,-2753.5217,132.37128,-132.9764
455.03998,-2695.8345,148.39465,-133.13629
455.06,-2743.9072,130.6087,-132.65663
455.08,-2787.1729,148.39465,-132.9764
455.09998,-2748.7146,140.54321,-132.49677
455.12,-2763.1365,173.07065,-131.69734
455.13998,-2676.6055,166.50107,-131.85724
455.16,-2777.558,171.30809,-131.85724
455.18,-2782.3655,140.86368,-131.53745
455.19998,-2748.7146,123.23796,-131.69734
455.22,-2772.751,138.1397,-131.69734
455.24,-2806.4019,134.2941,-130.89792
455.25998,-2748.7146,149.51628,-130.73805
455.28,-2763.1365,180.4414,-130.41829
455.3,-2739.1,136.53735,-130.41829
455.31998,-2835.2456,102.88828,-130.73805
455.34,-2767.9436,143.90811,-130.25839
455.36,-2758.329,123.8789,-129.61887
455.38,-2710.256,144.54904,-129.93863
455.4,-2758.329,129.80754,-129.61887
455.41998,-2849.6675,102.08712,-129.2991
455.44,-2758.329,116.34791,-129.13924
455.46,-2743.9072,130.6087,-128.65958
455.47998,-2743.9072,133.01222,-129.13924
455.5,-2767.9436,120.83446,-128.65958
455.52,-2811.2092,140.22273,-127.860176
455.53998,-2724.6782,132.05081,-128.17993
455.56,-2796.7874,141.34438,-128.33981
455.58,-2782.3655,171.14786,-127.22063
455.59998,-2791.98,131.89058,-127.38052
455.62,-2772.751,98.24151,-127.06075
455.63998,-2796.7874,108.01576,-126.90086
455.66,-2758.329,115.86721,-126.90086
455.68,-2753.5217,151.11862,-126.5811
455.69998,-2695.8345,163.45663,-126.10146
455.72,-2743.9072,101.76665,-126.10146
455.74,-2743.9072,88.94795,-125.7817
455.75998,-2787.1729,145.99115,-125.46194
455.78,-2758.329,119.873055,-125.7817
455.8,-2758.329,166.1806,-124.8224
455.81998,-2753.5217,157.52798,-124.8224
455.84,-2767.9436,110.89997,-125.30205
455.86,-2758.329,126.602875,-124.50264
455.88,-2787.1729,139.26134,-124.18287
455.9,-2767.9436,158.32915,-123.703224
455.91998,-2748.7146,141.50461,-124.18287
455.94,-2739.1,132.69176,-123.54334
455.96,-2801.5945,134.61456,-123.22358
455.97998,-2763.1365,151.11862,-123.38346
456.0,-2763.1365,132.53152,-122.743935
456.02,-2816.0164,123.718666,-122.90382
456.03998,-2743.9072,119.55259,-122.90382
456.06,-2753.5217,121.63562,-122.743935
456.08,-2695.8345,141.18414,-122.58405
456.09998,-2782.3655,154.48354,-121.94453
456.12,-2758.329,115.06605,-121.624756
456.13998,-2801.5945,141.34438,-121.464874
456.16,-2748.7146,112.502304,-121.30499
456.18,-2758.329,138.1397,-121.464874
456.19998,-2772.751,148.39465,-120.82534
456.22,-2763.1365,102.72805,-120.66546
456.24,-2743.9072,119.71282,-120.66546
456.25998,-2758.329,125.96193,-120.345695
456.28,-2772.751,148.55489,-119.386406
456.3,-2739.1,112.18183,-119.54629
456.31998,-2743.9072,107.53506,-119.70617
456.34,-2777.558,95.19707,-120.02593
456.36,-2811.2092,105.77249,-119.226524
456.38,-2748.7146,125.48123,-118.26723
456.4,-2763.1365,127.243805,-118.587
456.41998,-2753.5217,80.61581,-118.107346
456.44,-2772.751,124.840294,-118.107346
456.46,-2777.558,110.0988,-118.74688
456.47998,-2782.3655,129.80754,-117.62769
456.5,-2777.558,110.5795,-117.46781
456.52,-2753.5217,115.70698,-117.30793
456.53998,-2772.751,176.1151,-117.14805
456.56,-2782.3655,123.23796,-116.828285
456.58,-2748.7146,129.00638,-116.6684
456.59998,-2719.8708,99.52338,-116.34864
456.62,-2729.4854,62.82987,-116.50852
456.63998,-2763.1365,115.06605,-116.34864
456.66,-2724.6782,89.268425,-116.02888
456.68,-2777.558,121.63562,-115.54923
456.69998,-2715.0637,125.641464,-114.9097
456.72,-2710.256,144.70927,-114.9097
456.74,-2763.1365,109.93856,-114.74982
456.75998,-2777.558,113.303474,-114.27017
456.78,-2743.9072,122.27656,-114.43005
456.8,-2748.7146,136.21689,-113.79052
456.81998,-2734.2925,133.81339,-113.9504
456.84,-2753.5217,113.944405,-114.11029
456.86,-2724.6782,144.8695,-113.47076
456.88,-2753.5217,145.35022,-112.83123
456.9,-2763.1365,124.03913,-112.83123
456.91998,-2772.751,163.29639,-112.67135
456.94,-2753.5217,116.50815,-112.35158
456.96,-2763.1365,116.988846,-112.51147
456.97998,-2705.449,136.37712,-112.35158
457.0,-2734.2925,134.93503,-111.87193
457.02,-2695.8345,146.6321,-111.23241
457.03998,-2796.7874,99.363144,-111.072525
457.06,-2743.9072,122.43679,-111.23241
457.08,-2743.9072,93.91519,-110.11323
457.09998,-2753.5217,129.00638,-110.11323
457.12,-2777.558,148.39465,-109.793465
457.13998,-2777.558,130.128,-109.95335
457.16,-2729.4854,103.52921,-109.63358
457.18,-2739.1,118.91165,-109.793465
457.19998,-2724.6782,125.641464,-109.63358
457.22,-2777.558,119.71282,-108.83417
457.24,-2791.98,126.28241,-109.15393
457.25998,-2777.558,105.61226,-108.514404
457.28,-2748.7146,107.6953,-108.35452
457.3,-2734.2925,157.36775,-107.715
457.31998,-2729.4854,112.02161,-108.03476
457.34,-2700.6418,119.71282,-108.19464
457.36,-2729.4854,108.01576,-107.555115
457.38,-2700.6418,114.905815,-106.91559
457.4,-2671.798,86.86492,-107.07547
457.41998,-2739.1,93.434494,-106.75571
457.44,-2748.7146,128.04498,-106.27605
457.46,-2758.329,112.502304,-106.59582
457.47998,-2681.4126,114.58534,-106.75571
457.5,-2739.1,86.38422,-105.31676
457.52,-2705.449,113.78417,-105.47664
457.53998,-2710.256,127.88474,-105.47664
457.56,-2700.6418,77.41113,-105.63652
457.58,-2739.1,76.93043,-105.7964
457.59998,-2734.2925,124.359604,-104.35747
457.62,-2719.8708,71.16202,-104.35747
457.63998,-2729.4854,105.77249,-103.87782
457.66,-2753.5217,133.97362,-104.197586
457.68,-2748.7146,141.34438,-104.35747
457.69998,-2724.6782,129.1666,-104.037704
457.72,-2671.798,128.20522,-103.71794
457.74,-2753.5217,112.82277,-103.39817
457.75998,-2719.8708,145.99115,-103.0784
457.78,-2753.5217,162.01453,-103.39817
457.8,-2743.9072,128.84615,-102.43887
457.81998,-2753.5217,133.97362,-102.11911
457.84,-2724.6782,134.45433,-101.95923
457.86,-2748.7146,121.95609,-102.11911
457.88,-2743.9072,160.25194,-101.639465
457.9,-2638.147,117.62978,-102.598755
457.91998,-2715.0637,113.143234,-101.639465
457.94,-2753.5217,120.83446,-101.3197
457.96,-2772.751,61.0673,-100.99994
457.97998,-2763.1365,127.88474,-100.680176
458.0,-2724.6782,129.64731,-100.360405
458.02,-2787.1729,99.04268,-100.520294
458.03998,-2676.6055,142.62624,-99.56099
458.06,-2763.1365,92.63333,-100.20052
458.08,-2710.256,116.187675,-99.72087
458.09998,-2662.1833,159.61102,-99.72087
458.12,-2739.1,75.32809,-99.88076
458.13998,-2748.7146,116.66838,-98.92146
458.16,-2734.2925,111.38067,-99.081345
458.18,-2787.1729,54.497723,-98.6017
458.19998,-2743.9072,86.38422,-98.76158
458.22,-2734.2925,93.27427,-98.6017
458.24,-2705.449,144.22858,-97.80229
458.25998,-2729.4854,96.63917,-98.44182
458.28,-2739.1,79.6544,-97.96217
458.3,-2724.6782,138.1397,-97.32264
458.31998,-2743.9072,81.41697,-97.48252
458.34,-2748.7146,92.9538,-97.00288
458.36,-2811.2092,147.43326,-96.20346
458.38,-2811.2092,116.82861,-96.68311
458.4,-2767.9436,103.849686,-95.723816
458.41998,-2710.256,86.86492,-96.04358
458.44,-2724.6782,113.46371,-95.40405
458.46,-2743.9072,111.0602,-95.723816
458.47998,-2734.2925,108.01576,-95.723816
458.5,-2715.0637,104.00992,-95.24417
458.52,-2748.7146,126.76311,-94.92441
458.53998,-2763.1365,100.805244,-94.604645
458.56,-2743.9072,85.74328,-94.76453
458.58,-2739.1,111.5409,-94.444756
458.59998,-2753.5217,123.8789,-93.80523
458.62,-2724.6782,108.01576,-93.64535
458.63998,-2691.0273,88.62749,-93.485466
458.66,-2719.8708,123.55843,-93.325584
458.68,-2758.329,138.1397,-92.84593
458.69998,-2719.8708,96.7994,-93.1657
458.72,-2734.2925,102.72805,-92.52617
458.74,-2748.7146,115.22627,-92.52617
458.75998,-2758.329,99.52338,-92.68605
458.78,-2705.449,94.3959,-92.046524
458.8,-2734.2925,97.60057,-91.88664
458.81998,-2724.6782,115.54674,-91.24711
458.84,-2758.329,108.33623,-91.08723
458.86,-2777.558,32.385483,-91.40699
458.88,-2763.1365,115.86721,-90.60758
458.9,-2763.1365,81.25674,-90.12794
458.91998,-2753.5217,93.11403,-90.28782
458.94,-2734.2925,72.28365,-90.12794
458.96,-2777.558,83.339775,-89.808174
458.97998,-2767.9436,106.25319,-89.16864
459.0,-2681.4126,78.37253,-89.00876
459.02,-2739.1,120.19352,-88.52911
459.03998,-2777.558,67.15618,-88.369225
459.06,-2719.8708,85.10234,-88.688995
459.08,-2753.5217,106.573654,-88.369225
459.09998,-2743.9072,103.68945,-88.20934
459.12,-2719.8708,114.104645,-87.88958
459.13998,-2739.1,121.95609,-87.25005
459.16,-2816.0164,101.12571,-87.88958
459.18,-2801.5945,116.50815,-87.25005
459.19998,-2758.329,100.48478,-87.25005
459.22,-2743.9072,94.3959,-87.409935
459.24,-2657.3762,137.17828,-86.61053
459.25998,-2700.6418,74.84739,-87.09017
459.28,-2719.8708,100.48478,-86.29076
459.3,-2681.4126,126.28241,-85.33146
459.31998,-2715.0637,95.19707,-85.81111
459.34,-2724.6782,81.897675,-85.65123
459.36,-2811.2092,95.67777,-85.97099
459.38,-2705.449,68.43805,-85.81111
459.4,-2743.9072,129.80754,-84.851814
459.41998,-2753.5217,98.722206,-84.69193
459.44,-2724.6782,56.901222,-85.17158
459.46,-2666.9907,92.9538,-84.21229
459.47998,-2782.3655,84.46141,-84.21229
459.5,-2705.449,76.2895,-84.53205
459.52,-2729.4854,139.5818,-83.73264
459.53998,-2777.558,83.66025,-83.57276
459.56,-2724.6782,84.46141,-83.25299
459.58,-2767.9436,93.59473,-83.25299
459.59998,-2753.5217,112.18183,-82.453575
459.62,-2748.7146,107.05436,-82.453575
459.63998,-2748.7146,89.58889,-82.453575
459.66,-2705.449,82.538605,-81.65417
459.68,-2657.3762,47.44744,-82.13381
459.69998,-2700.6418,106.573654,-81.65417
459.72,-2782.3655,66.51524,-81.81405
459.74,-2676.6055,65.07314,-82.13381
459.75998,-2753.5217,94.55613,-81.334404
459.78,-2753.5217,94.71636,-80.85476
459.8,-2719.8708,79.1737,-81.01464
459.81998,-2734.2925,77.41113,-80.375114
459.84,-2662.1833,80.29534,-81.01464
459.86,-2671.798,92.4731,-79.73558
459.88,-2691.0273,72.92459,-79.73558
459.9,-2700.6418,54.818188,-79.5757
459.91998,-2743.9072,114.26488,-78.936165
459.94,-2710.256,79.6544,-79.25593
459.96,-2686.2197,100.48478,-78.936165
459.97998,-2700.6418,138.1397,-78.6164
460.0,-2724.6782,63.951508,-78.13676
460.02,-2729.4854,81.737434,-79.25593
460.03998,-2743.9072,62.509403,-78.45652
460.06,-2763.1365,104.650856,-77.49723
460.08,-2772.751,91.19122,-77.65711
460.09998,-2719.8708,82.538605,-77.49723
460.12,-2715.0637,64.11174,-77.17746
460.13998,-2719.8708,81.737434,-77.49723
460.16,-2715.0637,78.85323,-76.697815
460.18,-2796.7874,102.72805,-76.537926
460.19998,-2700.6418,77.571365,-76.537926
460.22,-2691.0273,86.86492,-75.73852
460.24,-2719.8708,62.349167,-76.05828
460.25998,-2710.256,116.66838,-75.73852
460.28,-2719.8708,98.56197,-75.25887
460.3,-2715.0637,96.3187,-75.418755
460.31998,-2700.6418,81.096504,-74.93911
460.34,-2729.4854,78.212296,-74.139694
460.36,-2715.0637,69.55968,-73.81993
460.38,-2719.8708,82.698845,-73.97981
460.4,-2695.8345,88.14678,-74.299576
460.41998,-2763.1365,103.048515,-73.50016
460.44,-2729.4854,100.32454,-73.81993
460.46,-2662.1833,78.85323,-73.34028
460.47998,-2734.2925,45.043938,-73.020515
460.5,-2715.0637,124.51983,-73.020515
460.52,-2691.0273,93.11403,-73.020515
460.53998,-2719.8708,122.116325,-72.860634
460.56,-2753.5217,69.07898,-72.22111
460.58,-2734.2925,77.89183,-71.901344
460.59998,-2705.449,75.32809,-71.74146
460.62,-2691.0273,58.183094,-71.26181
460.63998,-2734.2925,36.551556,-71.26181
460.66,-2705.449,81.25674,-70.94205
460.68,-2700.6418,84.781876,-71.10193
460.69998,-2715.0637,90.71052,-70.30251
460.72,-2695.8345,92.31286,-70.94205
460.74,-2695.8345,53.05562,-69.98275
460.75998,-2719.8708,69.23921,-69.82287
460.78,-2681.4126,80.77604,-69.34322
460.8,-2719.8708,56.740993,-69.18334
460.81998,-2662.1833,64.59244,-69.34322
460.84,-2710.256,63.791267,-69.02346
460.86,-2724.6782,65.07314,-69.02346
460.88,-2705.449,71.642715,-68.86358
460.9,-2724.6782,94.55613,-68.543816
460.91998,-2666.9907,118.91165,-67.90428
460.94,-2700.6418,87.82632,-67.7444
460.96,-2758.329,72.76435,-67.58452
460.97998,-2686.2197,20.367966,-67.90428
461.0,-2705.449,107.05436,-67.26475
461.02,-2710.256,96.47894,-66.944984
461.03998,-2743.9072,92.9538,-66.7851
461.06,-2695.8345,113.46371,-66.944984
461.08,-2748.7146,69.399445,-66.30546
461.09998,-2724.6782,62.509403,-66.62522
461.12,-2715.0637,102.72805,-66.14558
461.13998,-2739.1,80.61581,-66.30546
461.16,-2758.329,87.025154,-65.985695
461.18,-2729.4854,76.12926,-65.18628
461.19998,-2691.0273,78.212296,-64.546745
461.22,-2715.0637,103.20875,-64.866516
461.24,-2758.329,70.68132,-64.546745
461.25998,-2719.8708,61.227535,-64.866516
461.28,-2715.0637,72.443886,-64.22698
461.3,-2739.1,66.03454,-63.747337
461.31998,-2594.8816,88.467255,-63.907223
461.34,-2681.4126,73.56552,-63.427574
461.36,-2715.0637,63.631035,-63.10781
461.38,-2719.8708,51.77375,-62.788048
461.4,-2695.8345,75.00762,-62.788048
461.41998,-2724.6782,56.100056,-63.10781
461.44,-2700.6418,71.48249,-62.46828
461.46,-2628.5327,50.491882,-62.62816
461.47998,-2772.751,80.77604,-61.668865
461.5,-2753.5217,66.19477,-61.02934
461.52,-2739.1,44.72347,-60.869453
461.53998,-2681.4126,32.065014,-61.18922
461.56,-2724.6782,117.30932,-61.349102
461.58,-2671.798,93.434494,-60.70957
461.59998,-2691.0273,9.632316,-60.389805
461.62,-2734.2925,54.657955,-60.549686
461.63998,-2734.2925,74.52693,-60.07004
461.66,-2748.7146,93.59473,-60.07004
461.68,-2710.256,57.381924,-60.229923
461.69998,-2681.4126,58.34333,-59.590397
461.72,-2662.1833,52.73515,-59.91016
461.74,-2695.8345,62.82987,-59.430515
461.75998,-2743.9072,73.40529,-59.110744
461.78,-2700.6418,58.02286,-58.6311
461.8,-2691.0273,79.97487,-58.47122
461.81998,-2710.256,65.07314,-57.991573
461.84,-2691.0273,61.708233,-57.991573
461.86,-2791.98,61.868465,-57.831684
461.88,-2715.0637,97.280106,-57.35204
461.9,-2666.9907,40.557396,-57.991573
461.91998,-2652.569,73.72576,-57.192158
461.94,-2705.449,87.34561,-57.032276
461.96,-2710.256,61.387768,-57.192158
461.97998,-2695.8345,73.72576,-56.55263
462.0,-2686.2197,-8.153608,-57.032276
462.02,-2772.751,62.669636,-56.712513
462.03998,-2695.8345,83.339775,-55.593334
462.06,-2681.4126,59.945663,-56.07298
462.08,-2739.1,23.412403,-55.913097
462.09998,-2700.6418,39.435764,-55.593334
462.12,-2719.8708,71.16202,-54.953804
462.13998,-2666.9907,60.105896,-55.593334
462.16,-2729.4854,66.51524,-54.79392
462.18,-2700.6418,73.40529,-54.314274
462.19998,-2691.0273,68.598274,-54.474155
462.22,-2719.8708,56.740993,-54.154392
462.24,-2715.0637,64.59244,-54.154392
462.25998,-2700.6418,83.98071,-53.195095
462.28,-2691.0273,64.59244,-53.514862
462.3,-2666.9907,51.613518,-54.154392
462.31998,-2715.0637,48.24861,-53.514862
462.34,-2681.4126,55.619354,-53.035213
462.36,-2666.9907,42.4802,-52.87533
462.38,-2719.8708,54.337486,-52.87533
462.4,-2695.8345,115.22627,-51.43639
462.41998,-2734.2925,31.424084,-52.2358
462.44,-2724.6782,46.48604,-51.91604
462.46,-2734.2925,58.02286,-52.07592
462.47998,-2671.798,52.895386,-51.43639
462.5,-2705.449,103.68945,-51.27651
462.52,-2681.4126,52.414684,-51.43639
462.53998,-2719.8708,68.117584,-50.79686
462.56,-2695.8345,67.316414,-50.477097
462.58,-2729.4854,69.71992,-50.477097
462.59998,-2695.8345,70.200615,-50.31721
462.62,-2671.798,80.77604,-49.357918
462.63998,-2729.4854,36.71179,-49.837566
462.66,-2710.256,58.50356,-49.357918
462.68,-2671.798,63.31057,-49.357918
462.69998,-2700.6418,52.09422,-49.357918
462.72,-2671.798,90.87076,-48.558506
462.74,-2686.2197,53.856785,-48.39862
462.75998,-2700.6418,33.50712,-48.39862
462.78,-2705.449,65.55384,-48.39862
462.8,-2724.6782,78.37253,-48.078857
462.81998,-2710.256,57.22169,-47.918976
462.84,-2715.0637,93.91519,-46.95968
462.86,-2734.2925,46.96674,-46.639915
462.88,-2705.449,71.32226,-47.43933
462.9,-2700.6418,36.551556,-47.43933
462.91998,-2700.6418,60.426365,-47.11956
462.94,-2695.8345,33.50712,-46.320152
462.96,-2681.4126,66.19477,-46.16027
462.97998,-2638.147,66.19477,-45.8405
463.0,-2715.0637,16.20189,-46.00039
463.02,-2753.5217,42.159733,-45.360855
463.03998,-2666.9907,36.391323,-46.00039
463.06,-2734.2925,44.563236,-45.520737
463.08,-2691.0273,44.24277,-45.200974
463.09998,-2715.0637,46.806507,-44.561443
463.12,-2724.6782,23.412403,-44.72133
463.13998,-2719.8708,75.64856,-44.241676
463.16,-2705.449,66.99594,-44.081795
463.18,-2700.6418,52.73515,-43.921913
463.19998,-2715.0637,60.907066,-43.921913
463.22,-2715.0637,75.48833,-43.44227
463.24,-2724.6782,59.945663,-42.802734
463.25998,-2681.4126,34.949223,-42.802734
463.28,-2676.6055,46.325806,-42.32309
463.3,-2681.4126,46.96674,-42.48297
463.31998,-2671.798,56.100056,-42.163208
463.34,-2719.8708,28.379642,-42.163208
463.36,-2662.1833,40.076694,-42.003323
463.38,-2695.8345,56.901222,-41.84344
463.4,-2700.6418,73.885994,-41.523678
463.41998,-2743.9072,41.67903,-41.363796
463.44,-2681.4126,46.806507,-40.884148
463.46,-2671.798,73.08482,-40.724262
463.47998,-2748.7146,35.75039,-40.4045
463.5,-2691.0273,36.070858,-40.56438
463.52,-2681.4126,96.15847,-39.924854
463.53998,-2753.5217,75.80879,-39.76497
463.56,-2686.2197,34.308285,-39.76497
463.58,-2691.0273,61.387768,-39.4452
463.59998,-2719.8708,54.177254,-39.4452
463.62,-2628.5327,96.95963,-38.965557
463.63998,-2734.2925,62.82987,-38.805676
463.66,-2739.1,51.77375,-38.00626
463.68,-2710.256,18.124695,-38.326027
463.69998,-2710.256,48.889545,-37.686497
463.72,-2676.6055,20.68843,-37.686497
463.74,-2724.6782,14.599556,-37.84638
463.75998,-2700.6418,54.818188,-37.526615
463.78,-2705.449,48.889545,-37.206852
463.8,-2700.6418,61.0673,-37.526615
463.81998,-2695.8345,39.756226,-36.887085
463.84,-2695.8345,37.352726,-36.7272
463.86,-2691.0273,46.806507,-36.247555
463.88,-2739.1,14.279089,-36.247555
463.9,-2719.8708,52.73515,-35.288258
463.91998,-2715.0637,21.810066,-36.087673
463.94,-2705.449,56.740993,-35.448143
463.96,-2705.449,-22.895092,-35.288258
463.97998,-2734.2925,49.370243,-34.808613
464.0,-2734.2925,41.038097,-34.48885
464.02,-2719.8708,-15.04365,-35.128376
464.03998,-2691.0273,50.33165,-34.169083
464.06,-2686.2197,50.491882,-34.328964
464.08,-2695.8345,7.3890457,-34.328964
464.09998,-2719.8708,49.049774,-33.36967
464.12,-2710.256,40.717632,-33.529552
464.13998,-2686.2197,95.036835,-33.209785
464.16,-2681.4126,47.607674,-33.84932
464.18,-2686.2197,39.435764,-33.209785
464.19998,-2691.0273,61.0673,-32.73014
464.22,-2681.4126,56.100056,-32.57026
464.24,-2748.7146,16.20189,-32.410378
464.25998,-2695.8345,45.68487,-32.57026
464.28,-2710.256,33.186653,-31.930725
464.3,-2748.7146,27.738708,-31.610962
464.31998,-2686.2197,82.37837,-31.291199
464.34,-2695.8345,49.690712,-31.131315
464.36,-2691.0273,68.91875,-30.971432
464.37997,-2705.449,25.014738,-30.971432
464.4,-2724.6782,46.806507,-30.491787
464.41998,-2691.0273,34.148052,-30.651669
464.44,-2691.0273,28.700111,-30.651669
464.46,-2739.1,52.414684,-29.852257
464.47998,-2719.8708,1.4604042,-29.852257
464.5,-2719.8708,17.00306,-29.372608
464.52,-2719.8708,32.065014,-29.212725
464.53998,-2642.9543,27.258009,-29.852257
464.56,-2767.9436,68.117584,-29.052843
464.58,-2710.256,38.794827,-28.89296
464.59998,-2695.8345,35.269688,-29.372608
464.62,-2671.798,34.628754,-28.413313
464.63998,-2662.1833,37.99366,-27.613901
464.66,-2686.2197,52.574917,-27.454018
464.68,-2739.1,35.10945,-27.613901
464.69998,-2710.256,19.566797,-27.294134
464.72,-2681.4126,30.46268,-27.294134
464.74,-2671.798,76.44973,-26.654604
464.75998,-2705.449,55.939823,-26.81449
464.78,-2705.449,41.5188,-26.654604
464.8,-2705.449,13.638155,-27.134253
464.81998,-2710.256,19.246328,-25.855192
464.84,-2671.798,69.399445,-26.015076
464.86,-2686.2197,47.928143,-25.855192
464.87997,-2724.6782,60.907066,-25.69531
464.9,-2691.0273,46.646275,-25.05578
464.91998,-2671.798,29.821747,-24.895897
464.94,-2705.449,49.21001,-24.41625
464.96,-2647.7617,35.42992,-24.256367
464.97998,-2647.7617,38.314125,-24.096485
465.0,-2686.2197,62.349167,-24.096485
465.02,-2719.8708,17.643993,-24.256367
465.03998,-2681.4126,48.889545,-23.616837
465.06,-2671.798,32.866184,-23.936604
465.08,-2666.9907,63.31057,-23.456955
465.09998,-2695.8345,12.035819,-23.77672
465.12,-2686.2197,8.510681,-22.977308
465.13998,-2657.3762,10.113016,-22.337778
465.16,-2705.449,23.732868,-21.698248
465.18,-2666.9907,25.655672,-22.337778
465.19998,-2628.5327,58.02286,-21.37848
465.22,-2695.8345,17.643993,-21.538366
465.24,-2686.2197,62.9901,-20.898836
465.25998,-2671.798,45.043938,-21.058718
465.28,-2681.4126,20.68843,-21.538366
465.3,-2638.147,25.976141,-21.698248
465.31998,-2715.0637,31.424084,-20.57907
465.34,-2676.6055,40.076694,-19.93954
465.36,-2705.449,29.18081,-20.099422
465.37997,-2662.1833,21.810066,-19.779657
465.4,-2671.798,31.424084,-19.93954
465.41998,-2695.8345,12.676753,-19.619774
465.44,-2691.0273,5.9469438,-19.619774
465.46,-2676.6055,16.842825,-19.140127
465.47998,-2666.9907,18.284927,-18.820362
465.5,-2753.5217,5.9469438,-19.30001
465.52,-2666.9907,17.323528,-18.500597
465.53998,-2715.0637,38.314125,-18.340714
465.56,-2633.3398,39.435764,-17.38142
465.58,-2642.9543,26.617075,-17.541302
465.59998,-2642.9543,-15.364117,-18.02095
465.62,-2662.1833,5.3060093,-17.221537
465.63998,-2691.0273,-1.5840333,-17.541302
465.66,-2681.4126,30.783146,-16.901772
465.68,-2671.798,1.4604042,-16.741888
465.69998,-2609.3035,-17.927853,-16.422125
465.72,-2652.569,14.920023,-15.782595
465.74,-2666.9907,17.804228,-15.622712
465.75998,-2671.798,18.284927,-15.302947
465.78,-2671.798,26.45684,-15.942476
465.8,-2657.3762,35.269688,-15.143064
465.81998,-2642.9543,17.643993,-15.143064
465.84,-2681.4126,46.165573,-14.663417
465.86,-2686.2197,27.418243,-14.823298
465.87997,-2647.7617,17.483759,-14.663417
465.9,-2590.0742,51.132812,-14.343652
465.91998,-2647.7617,33.50712,-14.023887
465.94,-2657.3762,17.96446,-13.864004
465.96,-2662.1833,57.54216,-13.864004
465.97998,-2681.4126,31.103615,-13.3843565
466.0,-2666.9907,20.207731,-13.064591
466.02,-2705.449,15.560958,-12.265179
466.03998,-2681.4126,42.9609,-11.785531
466.06,-2666.9907,27.738708,-12.265179
466.08,-2681.4126,40.397163,-12.425061
466.09998,-2666.9907,48.24861,-11.785531
466.12,-2657.3762,14.279089,-11.6256485
466.13998,-2652.569,17.483759,-11.305883
466.16,-2642.9543,83.500015,-10.666353
466.18,-2719.8708,45.043938,-10.506471
466.19998,-2705.449,12.676753,-10.666353
466.22,-2662.1833,21.4896,-10.186706
466.24,-2681.4126,-19.369957,-10.666353
466.25998,-2695.8345,34.148052,-9.547175
466.28,-2657.3762,25.014738,-9.547175
466.3,-2609.3035,24.213572,-9.387293
466.31998,-2642.9543,43.601833,-8.907646
466.34,-2642.9543,32.385483,-8.907646
466.36,-2623.7253,28.379642,-8.747763
466.37997,-2671.798,25.815907,-8.108233
466.4,-2657.3762,40.877865,-7.94835
466.41998,-2666.9907,19.406563,-7.468703
466.44,-2671.798,-26.740696,-8.108233
466.46,-2652.569,-11.83898,-7.788468
466.47998,-2642.9543,-3.6670694,-8.58788
466.5,-2638.147,35.10945,-6.9890547
466.52,-2647.7617,4.504842,-7.788468
466.53998,-2666.9907,-4.6284704,-7.788468
466.56,-2652.569,6.2674108,-6.66929
466.58,-2671.798,26.136374,-6.66929
466.59998,-2700.6418,14.599556,-6.5094075
466.62,-2671.798,-10.717345,-6.5094075
466.63998,-2618.918,5.9469438,-5.709995
466.66,-2652.569,15.400723,-5.5501122
466.68,-2691.0273,16.20189,-5.709995
466.69998,-2666.9907,-1.7442669,-5.230347
466.72,-2676.6055,-18.088087,-5.5501122
466.74,-2686.2197,11.074417,-5.3902297
466.75998,-2719.8708,-15.04365,-4.590817
466.78,-2628.5327,4.184375,-4.910582
466.8,-2676.6055,17.163294,-4.271052
466.81998,-2719.8708,-6.0705724,-4.271052
466.84,-2638.147,9.632316,-3.9512868
466.86,-2647.7617,10.113016,-3.6315217
466.87997,-2657.3762,3.8639073,-3.7914042
466.9,-2662.1833,4.184375,-3.6315217
466.91998,-2657.3762,-67.44,-3.151874
466.94,-2695.8345,21.810066,-3.151874
466.96,-2686.2197,9.952783,-2.1925788
466.97998,-2638.147,8.190214,-1.8728136
467.0,-2676.6055,27.258009,-2.3524613
467.02,-2652.569,-16.005053,-1.8728136
467.03998,-2633.3398,34.78899,-1.712931
467.06,-2681.4126,7.709513,-1.8728136
467.08,-2647.7617,5.3060093,-1.0734009
467.09998,-2666.9907,9.151615,-0.7536357
467.12,-2657.3762,3.5434403,-1.5530485
467.13998,-2662.1833,1.6206378,-1.2332834
467.16,-2642.9543,-0.9430991,-0.7536357
467.18,-2705.449,17.00306,-0.7536357
467.19998,-2657.3762,34.308285,-0.59375316
467.22,-2623.7253,-26.580463,-1.712931
467.24,-2666.9907,-16.485752,-1.8728136
467.25998,-2662.1833,30.622915,-1.393166
467.28,-2657.3762,-0.62263197,-1.712931
467.3,-2652.569,24.694271,-1.5530485
467.31998,-2681.4126,28.700111,-1.8728136
467.34,-2633.3398,6.908345,-1.2332834
467.36,-2666.9907,13.317687,-1.393166
467.37997,-2614.1106,34.78899,-0.7536357
467.4,-2657.3762,34.308285,-1.393166
467.41998,-2671.798,1.6206378,-1.5530485
467.44,-2681.4126,-7.993375,-1.5530485
467.46,-2671.798,-18.248322,-1.712931
467.47998,-2681.4126,-13.761782,-1.712931
467.5,-2671.798,-2.8659017,-1.393166
467.52,-2623.7253,4.825309,-0.7536357
467.53998,-2647.7617,-10.236644,-1.5530485
467.56,-2652.569,-10.877579,-0.7536357
467.58,-2671.798,5.3060093,-1.393166
467.59998,-2666.9907,-8.634309,-1.5530485
467.62,-2623.7253,8.02998,-1.0734009
467.63998,-2662.1833,11.074417,-1.0734009
467.66,-2657.3762,-9.115009,-1.712931
467.68,-2638.147,12.196053,-2.032696
467.69998,-2686.2197,4.504842,-1.8728136
467.72,-2647.7617,22.451,-1.5530485
467.74,-2642.9543,26.45684,-2.3524613
467.75998,-2695.8345,27.258009,-1.2332834
467.78,-2662.1833,50.65211,-1.2332834
467.8,-2666.9907,2.7422726,-1.712931
467.81998,-2662.1833,-3.6670694,-1.5530485
467.84,-2633.3398,-7.352441,-1.8728136
467.86,-2662.1833,11.875586,-0.9135183
467.87997,-2681.4126,-3.026135,-1.712931
467.9,-2642.9543,8.02998,-0.59375316
467.91998,-2676.6055,-6.711507,-1.712931
467.94,-2628.5327,16.362125,-1.393166
467.96,-2700.6418,8.02998,-1.8728136
467.97998,-2686.2197,14.920023,-1.393166
468.0,-2618.918,29.341045,-1.0734009
468.02,-2666.9907,-61.35113,-1.393166
468.03998,-2705.449,12.99722,-1.2332834
468.06,-2638.147,3.8639073,-2.032696
468.08,-2623.7253,16.362125,-1.5530485
468.09998,-2638.147,37.67319,-0.59375316
468.12,-2618.918,-28.823734,-0.7536357
468.13998,-2657.3762,24.534037,-0.7536357
468.16,-2647.7617,13.798388,-1.5530485
468.18,-2671.798,38.634594,-1.2332834
468.19998,-2686.2197,27.898943,-1.2332834
468.22,-2604.4963,-0.62263197,-1.2332834
468.24,-2681.4126,-16.165285,-1.0734009
468.25998,-2657.3762,8.190214,-1.2332834
468.28,-2638.147,74.52693,-1.0734009
468.3,-2618.918,60.586597,-1.0734009
468.31998,-2623.7253,8.350447,-0.4338706
468.34,-2623.7253,37.67319,-0.59375316
468.36,-2638.147,27.578474,-1.2332834
468.37997,-2614.1106,20.528198,-1.2332834
468.4,-2695.8345,-0.9430991,-1.0734009
468.41998,-2676.6055,14.920023,-0.7536357
468.44,-2666.9907,-0.7828655,-1.393166
468.46,-2590.0742,41.67903,-0.9135183
468.47998,-2642.9543,2.902506,-1.0734009
468.5,-2642.9543,24.373804,-1.5530485
468.52,-2671.798,21.649834,-1.0734009
468.53998,-2633.3398,26.777308,-1.2332834
468.56,-2642.9543,30.94338,-1.393166
468.58,-2609.3035,28.860344,-1.0734009
468.59998,-2638.147,5.78671,-1.393166
468.62,-2657.3762,13.157454,-0.9135183
468.63998,-2657.3762,0.49900287,-1.2332834
468.66,-2642.9543,-9.435476,-1.393166
468.68,-2652.569,24.534037,-1.2332834
468.69998,-2695.8345,-20.01089,-1.393166
468.72,-2657.3762,8.510681,-0.7536357
468.74,-2666.9907,-11.198046,-0.59375316
468.75998,-2676.6055,13.798388,-0.59375316
468.78,-2676.6055,3.8639073,-1.2332834
468.8,-2604.4963,12.356286,-0.7536357
468.81998,-2633.3398,20.047497,-0.7536357
468.84,-2604.4963,72.443886,-1.2332834
468.86,-2691.0273,25.174973,-0.59375316
468.87997,-2666.9907,1.6206378,-1.0734009
468.9,-2662.1833,17.643993,-1.2332834
468.91998,-2618.918,18.284927,-0.4338706
468.94,-2633.3398,1.4604042,-1.2332834
468.96,-2671.798,35.269688,-0.9135183
468.97998,-2647.7617,5.9469438,-1.0734009
469.0,-2657.3762,-11.518513,-1.393166
469.02,-2662.1833,-42.12311,-1.0734009
469.03998,-2662.1833,21.4896,-0.9135183
469.06,-2642.9543,-14.723184,-1.393166
469.08,-2666.9907,10.113016,-1.0734009
469.09998,-2657.3762,-0.14193134,-1.0734009
469.12,-2662.1833,9.472081,-0.7536357
469.13998,-2647.7617,51.613518,-0.59375316
469.16,-2628.5327,10.593717,-1.0734009
469.18,-2647.7617,-3.5068357,-1.0734009
469.19998,-2614.1106,33.026417,-1.393166
469.22,-2676.6055,3.3832066,-0.9135183
469.24,-2671.798,8.670914,-1.2332834
469.25998,-2614.1106,26.45684,-0.4338706
469.28,-2638.147,-7.672908,-0.59375316
469.3,-2666.9907,9.151615,-1.0734009
469.31998,-2657.3762,3.7036738,-0.9135183
469.34,-2647.7617,-5.429638,-1.2332834
469.36,-2590.0742,6.4276443,-0.4338706
469.37997,-2647.7617,-1.4237996,-0.4338706
469.4,-2647.7617,-1.4237996,-1.5530485
469.41998,-2657.3762,-8.954777,-0.7536357
469.44,-2642.9543,28.379642,-1.2332834
469.46,-2662.1833,17.00306,-0.7536357
469.47998,-2642.9543,35.75039,-1.712931
469.5,-2647.7617,5.6264763,-0.7536357
469.52,-2666.9907,2.902506,-1.393166
469.53998,-2671.798,-18.568789,-1.0734009
469.56,-2614.1106,21.9703,-1.2332834
469.58,-2662.1833,-5.589872,-1.5530485
469.59998,-2671.798,47.928143,-1.0734009
469.62,-2662.1833,6.908345,-1.0734009
469.63998,-2638.147,-20.972292,-0.7536357
469.66,-2676.6055,38.153893,-0.7536357
469.68,-2628.5327,7.8697467,-0.9135183
469.69998,-2662.1833,15.24049,-1.393166
469.72,-2729.4854,33.66735,-1.0734009
469.74,-2666.9907,-1.7442669,-1.2332834
469.75998,-2604.4963,-6.8717403,-0.9135183
469.78,-2623.7253,-21.292757,-1.5530485
469.8,-2633.3398,1.139937,-1.2332834
469.81998,-2652.569,17.643993,-1.2332834
469.84,-2676.6055,0.33876932,-0.9135183
469.86,-2647.7617,8.991381,-1.0734009
469.87997,-2662.1833,7.3890457,-1.5530485
469.9,-2657.3762,0.018302217,-1.712931
469.91998,-2642.9543,1.9411048,-1.2332834
469.94,-2642.9543,35.75039,-1.0734009
469.96,-2594.8816,3.7036738,-1.2332834
469.97998,-2657.3762,11.555119,-0.7536357
470.0,-2628.5327,7.549279,-0.7536357
470.02,-2633.3398,29.020578,-0.59375316
470.03998,-2638.147,12.356286,-0.9135183
470.06,-2662.1833,22.451,-0.9135183
470.08,-2662.1833,16.842825,-0.9135183
470.09998,-2628.5327,-10.236644,-1.8728136
470.12,-2647.7617,13.798388,-1.2332834
470.13998,-2642.9543,-1.4237996,-1.5530485
470.16,-2633.3398,21.4896,-1.393166
470.18,-2652.569,21.169132,-1.0734009
470.19998,-2604.4963,-9.435476,-1.0734009
470.22,-2642.9543,9.952783,-1.2332834
470.24,-2628.5327,16.52236,-1.0734009
470.25998,-2623.7253,-11.198046,-1.0734009
470.28,-2628.5327,-11.518513,-1.2332834
470.3,-2662.1833,-13.441315,-0.9135183
470.31998,-2666.9907,27.418243,-1.0734009
470.34,-2671.798,35.42992,-1.393166
470.36,-2623.7253,24.534037,-1.0734009
470.37997,-2647.7617,3.7036738,-1.0734009
470.4,-2657.3762,2.1013381,-0.7536357
470.41998,-2662.1833,4.3446083,-1.0734009
470.44,-2657.3762,12.99722,-1.0734009
470.46,-2657.3762,-7.0319734,-1.0734009
470.47998,-2633.3398,0.49900287,-0.114105515
470.5,-2628.5327,-12.159447,-0.9135183
470.52,-2628.5327,7.0685787,-0.59375316
470.53998,-2647.7617,22.77147,-0.7536357
470.56,-2666.9907,-1.7442669,-0.59375316
470.58,-2652.569,-13.922015,-0.9135183
470.59998,-2623.7253,15.72119,-0.7536357
470.62,-2657.3762,2.1013381,-1.2332834
470.63998,-2628.5327,42.9609,-0.7536357
470.66,-2628.5327,23.732868,-0.7536357
470.68,-2623.7253,12.99722,-0.4338706
470.69998,-2642.9543,19.246328,-0.9135183
470.72,-2585.267,14.279089,-1.2332834
470.74,-2623.7253,15.24049,-1.0734009
470.75998,-2662.1833,9.472081,-1.5530485
470.78,-2590.0742,-15.364117,-1.393166
470.8,-2676.6055,2.1013381,-0.7536357
470.81998,-2628.5327,7.3890457,-1.0734009
470.84,-2609.3035,56.260292,-0.7536357
470.86,-2609.3035,43.76207,-0.7536357
470.87997,-2594.8816,4.3446083,-0.7536357
470.9,-2604.4963,14.439322,0.20565958
470.91998,-2628.5327,12.676753,-1.0734009
470.94,-2642.9543,1.4604042,-0.7536357
470.96,-2575.6523,4.6650753,-1.8728136
470.97998,-2633.3398,-3.6670694,-1.0734009
471.0,-2638.147,7.0685787,-1.0734009
471.02,-2671.798,-59.588562,-1.2332834
471.03998,-2642.9543,0.49900287,-1.2332834
471.06,-2638.147,40.397163,-1.0734009
471.08,-2638.147,22.931702,-1.0734009
471.09998,-2638.147,13.638155,-0.2739881
471.12,-2705.449,24.534037,-0.2739881
471.13998,-2657.3762,-3.827303,-0.9135183
471.16,-2628.5327,29.661512,-0.4338706
471.18,-2623.7253,14.439322,-0.59375316
471.19998,-2642.9543,8.510681,-0.9135183
471.22,-2633.3398,27.738708,-1.0734009
471.24,-2647.7617,-16.165285,-0.7536357
471.25998,-2652.569,7.8697467,-0.7536357
471.28,-2575.6523,33.98782,-0.7536357
471.3,-2604.4963,2.7422726,-0.7536357
471.31998,-2642.9543,66.03454,-0.4338706
471.34,-2662.1833,1.9411048,-0.7536357
471.36,-2666.9907,-0.46239844,-1.0734009
471.37997,-2614.1106,2.902506,-1.0734009
471.4,-2676.6055,13.958622,-0.9135183
471.41998,-2614.1106,1.4604042,-0.7536357
471.44,-2642.9543,3.8639073,-0.2739881
471.46,-2647.7617,7.549279,-0.4338706
471.47998,-2686.2197,-11.198046,-0.59375316
471.5,-2638.147,-1.1033326,-0.59375316
471.52,-2642.9543,24.213572,-0.59375316
471.53998,-2618.918,20.367966,-0.7536357
471.56,-2642.9543,45.845108,-0.2739881
471.58,-2657.3762,-17.607388,-0.9135183
471.59998,-2638.147,-0.62263197,-1.0734009
471.62,-2628.5327,21.649834,-0.59375316
471.63998,-2647.7617,4.3446083,-0.9135183
471.66,-2676.6055,30.142212,-1.0734009
471.68,-2628.5327,7.8697467,-0.4338706
471.69998,-2623.7253,28.379642,-0.7536357
471.72,-2570.8452,10.914185,-0.7536357
471.74,-2642.9543,18.765629,-0.7536357
471.75998,-2686.2197,-0.62263197,-0.9135183
471.78,-2580.46,42.4802,-0.4338706
471.8,-2623.7253,13.477921,-0.4338706
471.81998,-2628.5327,17.323528,-0.2739881
471.84,-2681.4126,-25.45883,-1.0734009
471.86,-2652.569,6.7481112,-0.59375316
471.87997,-2647.7617,11.555119,-1.0734009
471.9,-2638.147,8.02998,-1.2332834
471.91998,-2609.3035,16.842825,-0.9135183
471.94,-2628.5327,16.20189,-0.4338706
471.96,-2618.918,1.6206378,-0.7536357
471.97998,-2618.918,34.308285,-0.4338706
472.0,-2618.918,41.839264,-0.4338706
472.02,-2642.9543,15.72119,-0.4338706
472.03998,-2594.8816,7.549279,-0.59375316
472.06,-2652.569,-16.165285,-0.59375316
472.08,-2647.7617,-4.3080034,-0.4338706
472.09998,-2647.7617,21.9703,-0.9135183
472.12,-2647.7617,13.798388,-1.0734009
472.13998,-2666.9907,28.860344,-1.0734009
472.16,-2609.3035,17.96446,-0.2739881
472.18,-2508.3506,23.412403,-0.4338706
472.19998,-2676.6055,4.3446083,-0.2739881
472.22,-2628.5327,2.1013381,-0.59375316
472.24,-2628.5327,-0.30216488,-0.4338706
472.25998,-2628.5327,32.866184,0.36554214
472.28,-2638.147,26.296606,0.36554214
472.3,-2647.7617,7.0685787,-0.4338706
472.31998,-2590.0742,-3.6670694,-0.59375316
472.34,-2681.4126,18.284927,-0.59375316
472.36,-2628.5327,21.329365,-0.2739881
472.37997,-2614.1106,-2.2249672,-0.4338706
472.4,-2628.5327,43.4416,-0.59375316
472.41998,-2590.0742,54.657955,-0.2739881
472.44,-2599.689,-6.711507,-0.59375316
472.46,-2585.267,30.302446,-0.114105515
472.47998,-2633.3398,-16.645985,-0.59375316
472.5,-2599.689,18.605394,-0.4338706
472.52,-2580.46,1.3001705,-0.4338706
472.53998,-2633.3398,-2.385201,-0.4338706
472.56,-2657.3762,22.77147,-0.4338706
472.58,-2604.4963,21.329365,-0.114105515
472.59998,-2623.7253,9.311849,-0.114105515
472.62,-2561.2307,4.504842,-0.114105515
472.63998,-2628.5327,16.362125,-0.114105515
472.66,-2633.3398,-0.9430991,-0.2739881
472.68,-2594.8816,28.700111,0.20565958
472.69998,-2618.918,25.815907,0.045777034
472.72,-2623.7253,-4.948938,-0.114105515
472.74,-2609.3035,-4.948938,-0.114105515
472.75998,-2604.4963,-34.111435,-0.114105515
472.78,-2623.7253,26.45684,0.68530726
472.8,-2623.7253,14.439322,0.20565958
472.81998,-2647.7617,-4.3080034,0.36554214
472.84,-2652.569,-65.35697,-0.4338706
472.86,-2614.1106,23.252169,0.36554214
472.87997,-2614.1106,23.412403,0.20565958
472.9,-2493.9287,13.317687,0.045777034
472.91998,-2614.1106,20.367966,0.045777034
472.94,-2599.689,-29.464666,0.20565958
472.96,-2623.7253,-16.966454,-0.4338706
472.97998,-2618.918,-6.8717403,0.045777034
473.0,-2614.1106,13.157454,0.20565958
473.02,-2575.6523,-6.0705724,-0.4338706
473.03998,-2570.8452,18.124695,-0.59375316
473.06,-2604.4963,-4.6284704,-0.114105515
473.08,-2609.3035,-5.910339,0.5254247
473.09998,-2551.616,2.5820389,0.20565958
473.12,-2647.7617,12.035819,-0.114105515
473.13998,-2599.689,-15.364117,0.20565958
473.16,-2652.569,47.126976,0.8451898
473.18,-2657.3762,-10.236644,-0.2739881
473.19998,-2652.569,-9.115009,-0.114105515
473.22,-2590.0742,11.074417,0.045777034
473.24,-2628.5327,-21.292757,0.20565958
473.25998,-2614.1106,15.72119,-0.2739881
473.28,-2647.7617,25.174973,0.20565958
473.3,-2638.147,37.352726,0.8451898
473.31998,-2633.3398,0.33876932,0.5254247
473.34,-2570.8452,16.20189,0.5254247
473.36,-2575.6523,-17.927853,0.045777034
473.37997,-2633.3398,10.914185,-0.2739881
473.4,-2628.5327,10.113016,0.20565958
473.41998,-2633.3398,8.190214,0.5254247
473.44,-2618.918,57.702393,0.045777034
473.46,-2614.1106,-1.2635663,0.045777034
473.47998,-2604.4963,17.804228,0.045777034
473.5,-2599.689,41.358562,0.5254247
473.52,-2614.1106,53.21585,0.20565958
473.53998,-2599.689,5.78671,-0.2739881
473.56,-2609.3035,-5.2694044,0.045777034
473.58,-2570.8452,12.196053,0.045777034
473.59998,-2628.5327,-10.557112,-0.9135183
473.62,-2614.1106,4.825309,0.045777034
473.63998,-2609.3035,-3.3466022,0.20565958
473.66,-2647.7617,8.991381,-0.114105515
473.68,-2642.9543,-1.2635663,-0.114105515
473.69998,-2599.689,17.163294,0.36554214
473.72,-2676.6055,3.3832066,-0.2739881
473.74,-2633.3398,29.501278,0.20565958
473.75998,-2623.7253,-1.4237996,0.20565958
473.78,-2566.0378,-16.485752,0.8451898
473.8,-2599.689,15.080256,0.045777034
473.81998,-2642.9543,-55.742958,0.045777034
473.84,-2614.1106,8.991381,0.045777034
473.86,-2590.0742,-5.1091714,0.045777034
473.87997,-2614.1106,-19.530188,0.20565958
473.9,-2609.3035,5.3060093,0.5254247
473.91998,-2628.5327,-8.153608,-0.2739881
473.94,-2628.5327,10.113016,0.20565958
473.96,-2585.267,13.958622,0.20565958
473.97998,-2614.1106,6.5878778,0.8451898
474.0,-2609.3035,23.893103,0.20565958
474.02,-2628.5327,6.7481112,0.20565958
474.03998,-2590.0742,35.10945,0.5254247
474.06,-2594.8816,48.729313,0.20565958
474.08,-2652.569,7.8697467,0.5254247
474.09998,-2628.5327,5.145776,0.045777034
474.12,-2609.3035,6.7481112,0.045777034
474.13998,-2614.1106,6.5878778,0.20565958
474.16,-2590.0742,9.311849,0.36554214
474.18,-2585.267,30.622915,0.20565958
474.19998,-2614.1106,32.866184,0.68530726
474.22,-2657.3762,12.196053,0.20565958
474.24,-2609.3035,-13.441315,-0.114105515
474.25998,-2599.689,33.026417,0.68530726
474.28,-2604.4963,8.991381,-0.2739881
474.3,-2628.5327,6.7481112,0.20565958
474.31998,-2580.46,8.350447,0.20565958
474.34,-2594.8816,19.566797,-0.114105515
474.36,-2599.689,-17.76762,-0.114105515
474.37997,-2594.8816,3.5434403,-0.2739881
474.4,-2628.5327,8.670914,0.20565958
474.41998,-2628.5327,33.026417,0.68530726
474.44,-2614.1106,-28.983965,0.20565958
474.46,-2614.1106,-3.6670694,0.8451898
474.47998,-2561.2307,16.041658,0.5254247
474.5,-2537.1943,21.4896,0.36554214
474.52,-2580.46,39.435764,0.5254247
474.53998,-2618.918,20.848665,0.68530726
474.56,-2599.689,18.765629,0.5254247
474.58,-2594.8816,29.18081,0.5254247
474.59998,-2618.918,11.234652,0.5254247
474.62,-2590.0742,41.5188,0.5254247
474.63998,-2585.267,9.311849,0.045777034
474.66,-2618.918,19.566797,0.36554214
474.68,-2542.0015,9.792548,0.5254247
474.69998,-2561.2307,23.732868,0.20565958
474.72,-2614.1106,-9.755944,-0.114105515
474.74,-2604.4963,15.080256,-0.114105515
474.75998,-2594.8816,13.157454,0.5254247
474.78,-2532.387,4.9855423,0.36554214
474.8,-2599.689,5.9469438,0.20565958
474.81998,-2599.689,20.848665,0.5254247
474.84,-2585.267,13.958622,0.36554214
474.86,-2585.267,-0.9430991,0.045777034
474.87997,-2575.6523,-5.1091714,0.20565958
474.9,-2570.8452,20.047497,0.045777034
474.91998,-2618.918,-19.530188,0.20565958
474.94,-2604.4963,30.94338,0.8451898
474.96,-2585.267,15.400723,0.045777034
474.97998,-2575.6523,-6.230806,0.20565958
475.0,-2604.4963,21.0089,0.68530726
475.02,-2594.8816,-13.120848,0.8451898
475.03998,-2638.147,64.75268,0.68530726
475.06,-2609.3035,-19.369957,0.36554214
475.08,-2609.3035,25.976141,0.5254247
475.09998,-2590.0742,13.157454,0.5254247
475.12,-2604.4963,-1.7442669,0.8451898
475.13998,-2618.918,-6.5512733,0.045777034
475.16,-2614.1106,13.958622,1.0050724
475.18,-2570.8452,16.52236,0.045777034
475.19998,-2590.0742,-1.9045002,0.045777034
475.22,-2604.4963,15.080256,0.20565958
475.24,-2609.3035,3.2229733,0.68530726
475.25998,-2599.689,32.70595,0.36554214
475.28,-2590.0742,27.898943,0.68530726
475.3,-2570.8452,-17.126686,0.5254247
475.31998,-2590.0742,46.48604,0.68530726
475.34,-2590.0742,0.81947,0.8451898
475.36,-2609.3035,24.373804,0.68530726
475.37997,-2623.7253,5.145776,0.5254247
475.4,-2580.46,-11.999213,0.045777034
475.41998,-2628.5327,-1.5840333,0.5254247
475.44,-2594.8816,8.350447,0.68530726
475.46,-2618.918,-7.993375,0.5254247
475.47998,-2604.4963,-0.14193134,0.045777034
475.5,-2594.8816,-2.0647337,0.5254247
475.52,-2580.46,-45.007313,0.36554214
475.53998,-2594.8816,17.163294,0.8451898
475.56,-2623.7253,15.72119,0.68530726
475.58,-2590.0742,8.831148,0.36554214
475.59998,-2652.569,0.9797035,0.36554214
475.62,-2594.8816,-2.385201,-0.114105515
475.63998,-2585.267,9.632316,0.20565958
475.66,-2513.158,21.810066,0.5254247
475.68,-2623.7253,9.311849,0.8451898
475.69998,-2599.689,-14.883417,0.045777034
475.72,-2638.147,-11.678746,0.36554214
475.74,-2609.3035,16.842825,0.5254247
475.75998,-2599.689,5.466243,-0.2739881
475.78,-2590.0742,29.661512,0.045777034
475.8,-2614.1106,-3.3466022,0.045777034
475.81998,-2609.3035,13.157454,0.36554214
475.84,-2599.689,4.825309,0.20565958
475.86,-2599.689,23.572638,0.36554214
475.87997,-2575.6523,-0.7828655,-0.114105515
475.9,-2585.267,22.451,0.36554214
475.91998,-2618.918,13.477921,-0.4338706
475.94,-2580.46,20.367966,0.045777034
475.96,-2609.3035,16.20189,0.045777034
475.97998,-2604.4963,0.018302217,0.20565958
476.0,-2585.267,6.2674108,0.20565958
476.02,-2633.3398,-15.684585,-0.114105515
476.03998,-2633.3398,-64.39556,-0.114105515
476.06,-2599.689,-2.0647337,0.045777034
476.08,-2628.5327,-4.3080034,0.8451898
476.09998,-2580.46,13.638155,0.36554214
476.12,-2599.689,6.7481112,0.36554214
476.13998,-2609.3035,-16.645985,0.045777034
476.16,-2561.2307,1.7808713,0.68530726
476.18,-2561.2307,-13.922015,-0.4338706
476.19998,-2614.1106,15.400723,0.045777034
476.22,-2575.6523,31.424084,-0.2739881
476.24,-2628.5327,13.798388,-0.114105515
476.25998,-2618.918,20.047497,-0.114105515
476.28,-2594.8816,-15.844818,0.36554214
476.3,-2590.0742,12.196053,0.045777034
476.31998,-2585.267,9.311849,0.20565958
476.34,-2566.0378,-18.729021,-0.2739881
476.36,-2594.8816,9.311849,-0.114105515
476.37997,-2585.267,31.584314,0.045777034
476.4,-2594.8816,0.018302217,-0.59375316
476.41998,-2604.4963,5.466243,0.045777034
476.44,-2599.689,-34.912605,-0.4338706
476.46,-2556.4236,6.5878778,0.045777034
476.47998,-2609.3035,4.504842,0.20565958
476.5,-2566.0378,50.33165,0.20565958
476.52,-2546.8088,9.472081,0.68530726
476.53998,-2604.4963,20.367966,0.045777034
476.56,-2599.689,15.881425,0.20565958
476.58,-2566.0378,10.75395,-0.2739881
476.59998,-2551.616,25.49544,0.36554214
476.62,-2594.8816,8.991381,-0.114105515
476.63998,-2590.0742,3.5434403,0.20565958
476.66,-2570.8452,-39.078674,-0.114105515
476.68,-2590.0742,6.1071773,0.20565958
476.69998,-2623.7253,13.798388,0.68530726
476.72,-2594.8816,11.715352,0.36554214
476.74,-2585.267,29.98198,0.36554214
476.75998,-2599.689,14.1188545,0.68530726
476.78,-2566.0378,-15.524351,0.20565958
476.8,-2590.0742,10.593717,0.20565958
476.81998,-2609.3035,24.854506,0.5254247
476.84,-2609.3035,-6.0705724,0.20565958
476.86,-2556.4236,-17.286919,0.20565958
476.87997,-2666.9907,1.9411048,0.5254247
476.9,-2570.8452,18.124695,0.20565958
476.91998,-2594.8816,12.676753,0.20565958
476.94,-2542.0015,40.076694,0.8451898
476.96,-2561.2307,5.3060093,0.36554214
476.97998,-2594.8816,-9.115009,0.5254247
477.0,-2566.0378,7.3890457,0.68530726
477.02,-2604.4963,3.2229733,0.68530726
477.03998,-2566.0378,17.483759,0.36554214
477.06,-2580.46,-1.7442669,1.164955
477.08,-2585.267,-5.2694044,0.5254247
477.09998,-2556.4236,21.0089,0.5254247
477.12,-2604.4963,2.902506,0.8451898
477.13998,-2570.8452,46.806507,1.164955
477.16,-2609.3035,21.329365,1.164955
477.18,-2561.2307,9.472081,0.8451898
477.19998,-2618.918,-16.325518,0.68530726
477.22,-2570.8452,7.549279,0.8451898
477.24,-2590.0742,13.317687,0.8451898
477.25998,-2570.8452,-4.7887044,0.68530726
477.28,-2551.616,10.593717,0.8451898
477.3,-2590.0742,5.3060093,0.20565958
477.31998,-2585.267,42.159733,0.68530726
477.34,-2551.616,9.311849,0.5254247
477.36,-2623.7253,3.0627398,0.8451898
477.37997,-2556.4236,-3.6670694,0.68530726
477.4,-2623.7253,-23.536026,0.36554214
477.41998,-2585.267,4.825309,0.20565958
477.44,-2561.2307,-10.717345,0.36554214
477.46,-2580.46,10.75395,0.68530726
477.47998,-2628.5327,-38.75821,0.68530726
477.5,-2542.0015,10.593717,0.8451898
477.52,-2585.267,1.139937,0.68530726
477.53998,-2594.8816,-5.2694044,0.5254247
477.56,-2570.8452,27.258009,1.0050724
477.58,-2652.569,-5.7501054,0.36554214
477.59998,-2546.8088,-8.313842,0.68530726
477.62,-2570.8452,34.628754,0.68530726
477.63998,-2604.4963,3.7036738,0.5254247
477.66,-2580.46,16.041658,0.20565958
477.68,-2623.7253,35.269688,0.5254247
477.69998,-2551.616,-2.5454345,0.5254247
477.72,-2537.1943,-4.3080034,0.5254247
477.74,-2532.387,31.424084,1.0050724
477.75998,-2551.616,4.184375,0.8451898
477.78,-2498.736,31.904783,1.0050724
477.8,-2585.267,-13.761782,0.68530726
477.81998,-2580.46,-18.729021,0.20565958
477.84,-2566.0378,34.308285,0.8451898
477.86,-2561.2307,21.4896,0.5254247
477.87997,-2566.0378,19.887262,0.5254247
477.9,-2599.689,8.510681,1.0050724
477.91998,-2590.0742,-9.435476,0.045777034
477.94,-2556.4236,24.534037,0.5254247
477.96,-2493.9287,6.1071773,0.68530726
477.97998,-2604.4963,21.0089,1.3248374
478.0,-2556.4236,12.676753,1.164955
478.02,-2561.2307,9.952783,1.48472
478.03998,-2580.46,38.95506,0.68530726
478.06,-2566.0378,18.925863,0.8451898
478.08,-2628.5327,26.617075,1.0050724
478.09998,-2614.1106,-0.46239844,0.8451898
478.12,-2580.46,21.169132,1.0050724
478.13998,-2537.1943,8.350447,1.0050724
478.16,-2575.6523,20.207731,1.0050724
478.18,-2556.4236,2.7422726,0.68530726
478.19998,-2638.147,18.284927,1.3248374
478.22,-2566.0378,-6.0705724,0.68530726
478.24,-2551.616,26.296606,0.8451898
478.25998,-2566.0378,66.19477,1.164955
478.28,-2580.46,-5.910339,0.5254247
478.3,-2638.147,16.682592,0.8451898
478.31998,-2522.7725,11.715352,1.3248374
478.34,-2585.267,9.472081,1.0050724
478.36,-2532.387,25.335205,1.48472
478.37997,-2570.8452,28.379642,0.8451898
478.4,-2609.3035,15.560958,1.0050724
478.41998,-2609.3035,24.373804,0.8451898
478.44,-2561.2307,35.42992,1.164955
478.46,-2590.0742,20.848665,0.8451898
478.47998,-2556.4236,13.317687,0.8451898
478.5,-2546.8088,-1.9045002,0.8451898
478.52,-2551.616,17.00306,1.164955
478.53998,-2566.0378,8.190214,1.0050724
478.56,-2590.0742,24.534037,1.164955
478.58,-2599.689,28.539877,0.68530726
478.59998,-2585.267,5.466243,1.3248374
478.62,-2556.4236,36.71179,1.164955
478.63998,-2580.46,34.78899,1.164955
478.66,-2594.8816,11.555119,1.164955
478.68,-2484.3142,45.52464,1.48472
478.69998,-2594.8816,1.6206378,1.0050724
478.72,-2609.3035,-21.933691,0.8451898
478.74,-2556.4236,4.6650753,1.164955
478.75998,-2614.1106,22.611235,1.8044851
478.78,-2546.8088,29.821747,1.164955
478.8,-2566.0378,-12.800381,0.8451898
478.81998,-2575.6523,45.52464,1.0050724
478.84,-2575.6523,29.020578,1.164955
478.86,-2604.4963,18.605394,1.48472
478.87997,-2633.3398,19.406563,1.8044851
478.9,-2570.8452,-4.7887044,1.3248374
478.91998,-2537.1943,11.555119,0.8451898
478.94,-2594.8816,20.68843,0.5254247
478.96,-2566.0378,-20.171124,0.8451898
478.97998,-2566.0378,14.759789,0.8451898
479.0,-2570.8452,-0.9430991,0.8451898
479.02,-2527.5796,12.196053,1.0050724
479.03998,-2570.8452,9.472081,1.164955
479.06,-2575.6523,1.7808713,1.3248374
479.08,-2479.5068,16.20189,0.8451898
479.09998,-2561.2307,3.5434403,0.68530726
479.12,-2561.2307,-14.883417,1.0050724
479.13998,-2532.387,-35.07284,0.68530726
479.16,-2585.267,20.528198,1.0050724
479.18,-2594.8816,14.920023,1.164955
479.19998,-2551.616,28.700111,1.164955
479.22,-2580.46,12.196053,0.8451898
479.24,-2594.8816,16.842825,1.0050724
479.25998,-2566.0378,-25.93953,1.0050724
479.28,-2590.0742,-14.562949,0.68530726
479.3,-2590.0742,-10.076411,0.8451898
479.31998,-2570.8452,5.466243,0.8451898
479.34,-2551.616,-11.518513,1.48472
479.36,-2580.46,-93.07735,1.0050724
479.37997,-2594.8816,-6.8717403,1.0050724
479.4,-2618.918,0.49900287,1.164955
479.41998,-2532.387,5.78671,0.8451898
479.44,-2628.5327,0.17853576,1.0050724
479.46,-2614.1106,3.0627398,1.0050724
479.47998,-2551.616,19.246328,1.3248374
479.5,-2542.0015,7.8697467,0.5254247
479.52,-2537.1943,11.394884,1.0050724
479.53998,-2570.8452,6.7481112,1.0050724
479.56,-2570.8452,-25.93953,1.3248374
479.58,-2561.2307,-17.286919,0.68530726
479.59998,-2594.8816,-18.088087,0.8451898
479.62,-2570.8452,13.157454,1.3248374
479.63998,-2570.8452,11.394884,0.68530726
479.66,-2542.0015,44.883705,1.0050724
479.68,-2556.4236,9.151615,1.6446027
479.69998,-2561.2307,40.397163,1.48472
479.72,-2561.2307,7.3890457,1.3248374
479.74,-2590.0742,20.848665,1.0050724
479.75998,-2585.267,-4.7887044,1.0050724
479.78,-2546.8088,11.394884,1.8044851
479.8,-2546.8088,-32.669334,1.48472
479.81998,-2513.158,6.7481112,1.164955
479.84,-2570.8452,-11.358279,0.8451898
479.86,-2542.0015,-0.9430991,0.68530726
479.87997,-2585.267,13.638155,1.164955
479.9,-2532.387,48.569077,1.9643677
479.91998,-2546.8088,23.252169,2.1242502
479.94,-2551.616,0.81947,2.1242502
479.96,-2604.4963,16.362125,1.3248374
479.97998,-2537.1943,0.81947,1.164955
480.0,-2522.7725,47.28721,1.9643677
480.02,-2532.387,23.412403,1.8044851
480.03998,-2585.267,60.105896,1.9643677
480.06,-2537.1943,32.22525,1.164955
480.08,-2542.0015,9.792548,0.5254247
480.09998,-2566.0378,-11.678746,1.164955
480.12,-2551.616,39.115295,1.8044851
480.13998,-2566.0378,-14.883417,1.164955
480.16,-2517.965,12.99722,1.8044851
480.18,-2609.3035,1.6206378,1.48472
480.19998,-2604.4963,27.097775,1.6446027
480.22,-2522.7725,25.335205,1.3248374
480.24,-2566.0378,26.93754,1.9643677
480.25998,-2517.965,18.445162,1.164955
480.28,-2556.4236,15.400723,1.3248374
480.3,-2551.616,-3.1863687,1.48472
480.31998,-2551.616,30.622915,1.9643677
480.34,-2561.2307,50.97258,1.3248374
480.36,-2537.1943,11.234652,1.6446027
480.37997,-2546.8088,-22.574625,1.48472
480.4,-2561.2307,-3.026135,1.6446027
480.41998,-2546.8088,-7.352441,1.6446027
480.44,-2561.2307,30.622915,1.9643677
480.46,-2575.6523,4.504842,1.8044851
480.47998,-2546.8088,-11.198046,1.48472
480.5,-2542.0015,13.317687,1.0050724
480.52,-2556.4236,22.290768,1.48472
480.53998,-2561.2307,20.848665,1.3248374
480.56,-2522.7725,1.7808713,1.48472
480.58,-2551.616,24.694271,1.8044851
480.59998,-2484.3142,11.394884,1.6446027
480.62,-2532.387,7.228812,1.0050724
480.63998,-2556.4236,29.341045,1.48472
480.66,-2532.387,13.477921,1.6446027
480.68,-2527.5796,15.080256,1.6446027
480.69998,-2570.8452,11.715352,1.9643677
480.72,-2556.4236,-8.794542,1.6446027
480.74,-2551.616,0.9797035,1.9643677
480.75998,-2551.616,-31.227234,1.0050724
480.78,-2551.616,-17.447153,1.3248374
480.8,-2551.616,11.555119,1.6446027
480.81998,-2575.6523,25.014738,2.284133
480.84,-2570.8452,-13.601548,1.164955
480.86,-2566.0378,-1.4237996,1.48472
480.87997,-2556.4236,-7.5126743,1.0050724
480.9,-2527.5796,-39.078674,1.9643677
480.91998,-2561.2307,10.914185,1.48472
480.94,-2513.158,-5.2694044,1.3248374
480.96,-2527.5796,0.33876932,1.0050724
480.97998,-2551.616,-0.14193134,1.48472
481.0,-2522.7725,-11.518513,1.0050724
481.02,-2570.8452,52.254448,1.9643677
481.03998,-2474.6997,4.9855423,1.48472
481.06,-2546.8088,-14.242482,1.48472
481.08,-2532.387,5.78671,1.48472
481.09998,-2532.387,19.887262,1.3248374
481.12,-2546.8088,41.198334,1.8044851
481.13998,-2508.3506,-8.474075,1.3248374
481.16,-2532.387,-1.4237996,1.6446027
481.18,-2556.4236,-1.9045002,1.8044851
481.19998,-2546.8088,31.744547,1.48472
481.22,-2551.616,11.234652,1.3248374
481.24,-2532.387,24.694271,0.5254247
481.25998,-2546.8088,17.643993,1.48472
481.28,-2527.5796,-28.022566,1.6446027
481.3,-2566.0378,-11.83898,1.3248374
481.31998,-2551.616,8.190214,1.8044851
481.34,-2522.7725,46.165573,1.164955
481.36,-2556.4236,58.824028,1.3248374
481.37997,-2517.965,17.483759,1.8044851
481.4,-2537.1943,9.632316,1.9643677
481.41998,-2513.158,-5.429638,1.48472
481.44,-2542.0015,22.290768,1.9643677
481.46,-2532.387,4.9855423,1.6446027
481.47998,-2532.387,16.682592,2.1242502
481.5,-2546.8088,5.6264763,1.8044851
481.52,-2542.0015,-24.337194,1.3248374
481.53998,-2590.0742,33.66735,1.48472
481.56,-2546.8088,1.9411048,1.6446027
481.58,-2542.0015,17.323528,1.8044851
481.59998,-2542.0015,42.159733,2.4440153
481.62,-2561.2307,20.528198,1.8044851
481.63998,-2522.7725,35.269688,1.6446027
481.66,-2561.2307,61.708233,2.4440153
481.68,-2527.5796,53.05562,1.8044851
481.69998,-2556.4236,-9.916177,1.8044851
481.72,-2580.46,-5.2694044,1.3248374
481.74,-2517.965,37.67319,1.6446027
481.75998,-2542.0015,7.8697467,1.6446027
481.78,-2522.7725,23.252169,0.8451898
481.8,-2527.5796,32.22525,1.3248374
481.81998,-2561.2307,39.595997,1.9643677
481.84,-2566.0378,-2.0647337,1.3248374
481.86,-2561.2307,73.245056,1.9643677
481.87997,-2522.7725,11.234652,1.9643677
481.9,-2546.8088,21.4896,1.6446027
481.91998,-2604.4963,21.329365,1.3248374
481.94,-2469.8923,8.350447,1.9643677
481.96,-2575.6523,20.68843,1.8044851
481.97998,-2556.4236,10.113016,1.3248374
482.0,-2556.4236,11.715352,1.9643677
482.02,-2580.46,5.466243,1.9643677
482.03998,-2517.965,22.611235,2.1242502
482.06,-2532.387,-0.62263197,1.6446027
482.08,-2590.0742,7.3890457,2.1242502
482.09998,-2474.6997,2.7422726,1.164955
482.12,-2542.0015,0.49900287,1.6446027
482.13998,-2556.4236,-30.426067,2.284133
482.16,-2517.965,45.043938,1.9643677
482.18,-2561.2307,35.91062,2.1242502
482.19998,-2537.1943,32.70595,1.6446027
482.22,-2542.0015,-1.7442669,1.8044851
482.24,-2566.0378,13.477921,1.9643677
482.25998,-2532.387,30.302446,1.9643677
482.28,-2527.5796,38.794827,1.8044851
482.3,-2551.616,21.0089,1.9643677
482.31998,-2570.8452,-22.895092,1.48472
482.34,-2542.0015,-4.7887044,1.48472
482.36,-2517.965,0.17853576,1.48472
482.37997,-2527.5796,-29.304434,1.3248374
482.4,-2556.4236,-0.7828655,1.48472
482.41998,-2537.1943,-23.856495,1.8044851
482.44,-2465.0852,-15.364117,1.3248374
482.46,-2542.0015,-2.5454345,1.8044851
482.47998,-2542.0015,-4.468237,1.48472
482.5,-2570.8452,6.7481112,1.164955
482.52,-2590.0742,-21.132523,1.3248374
482.53998,-2551.616,-43.565212,1.48472
482.56,-2532.387,0.17853576,1.48472
482.58,-2551.616,-2.8659017,1.6446027
482.59998,-2546.8088,8.510681,1.6446027
482.62,-2542.0015,13.317687,1.6446027
482.63998,-2537.1943,-28.6635,1.3248374
482.66,-2513.158,33.66735,1.3248374
482.68,-2532.387,24.854506,2.1242502
482.69998,-2542.0015,-2.2249672,1.8044851
482.72,-2537.1943,13.638155,1.48472
482.74,-2580.46,3.8639073,1.8044851
482.75998,-2489.1216,-5.7501054,1.0050724
482.78,-2513.158,-12.960614,1.6446027
482.8,-2566.0378,-1.4237996,1.48472
482.81998,-2537.1943,-2.0647337,1.164955
482.84,-2580.46,12.196053,1.164955
482.86,-2551.616,3.7036738,1.164955
482.87997,-2527.5796,11.074417,1.48472
482.9,-2604.4963,-2.5454345,1.48472
482.91998,-2508.3506,70.200615,1.48472
482.94,-2556.4236,27.258009,1.8044851
482.96,-2517.965,-19.209723,1.6446027
482.97998,-2542.0015,-9.435476,1.48472
483.0,-2517.965,12.356286,1.3248374
483.02,-2513.158,51.29305,1.6446027
483.03998,-2532.387,11.234652,0.8451898
483.06,-2517.965,24.534037,1.164955
483.08,-2570.8452,12.8369875,1.8044851
483.09998,-2566.0378,11.715352,2.1242502
483.12,-2570.8452,25.815907,1.6446027
483.13998,-2566.0378,14.599556,1.8044851
483.16,-2542.0015,-1.4237996,1.48472
483.18,-2551.616,42.640434,1.3248374
483.19998,-2513.158,29.18081,1.8044851
483.22,-2551.616,9.952783,1.9643677
483.24,-2522.7725,14.1188545,1.8044851
483.25998,-2542.0015,24.854506,1.8044851
483.28,-2474.6997,28.860344,1.164955
483.3,-2542.0015,28.700111,1.9643677
483.31998,-2561.2307,33.026417,1.9643677
483.34,-2532.387,22.290768,1.9643677
483.36,-2537.1943,12.8369875,1.48472
483.37997,-2503.5432,-44.366383,1.9643677
483.4,-2522.7725,11.234652,1.8044851
483.41998,-2527.5796,17.163294,1.48472
483.44,-2522.7725,2.7422726,1.3248374
483.46,-2556.4236,1.139937,1.164955
483.47998,-2546.8088,5.78671,1.3248374
483.5,-2542.0015,17.804228,1.6446027
483.52,-2556.4236,30.46268,2.4440153
483.53998,-2546.8088,6.5878778,1.6446027
483.56,-2609.3035,29.821747,1.8044851
483.58,-2532.387,45.043938,1.48472
483.59998,-2546.8088,10.113016,1.6446027
483.62,-2489.1216,20.047497,1.8044851
483.63998,-2561.2307,4.825309,1.9643677
483.66,-2561.2307,-14.723184,1.9643677
483.68,-2532.387,-24.337194,1.48472
483.69998,-2546.8088,22.611235,1.6446027
483.72,-2546.8088,-22.414392,1.6446027
483.74,-2517.965,-0.62263197,1.164955
483.75998,-2546.8088,-9.275244,2.1242502
483.78,-2570.8452,8.190214,1.9643677
483.8,-2556.4236,21.169132,1.3248374
483.81998,-2556.4236,39.275528,2.1242502
483.84,-2575.6523,7.228812,1.9643677
483.86,-2469.8923,5.9469438,1.6446027
483.87997,-2594.8816,9.472081,1.9643677
483.9,-2513.158,11.715352,1.8044851
483.91998,-2537.1943,-22.093925,1.164955
483.94,-2513.158,-20.171124,1.0050724
483.96,-2522.7725,15.72119,1.164955
483.97998,-2513.158,7.228812,1.8044851
484.0,-2532.387,13.798388,1.6446027
484.02,-2513.158,47.28721,1.9643677
484.03998,-2489.1216,24.373804,2.1242502
484.06,-2493.9287,-7.5126743,1.164955
484.08,-2532.387,21.649834,1.8044851
484.09998,-2517.965,-4.468237,1.48472
484.12,-2551.616,-12.960614,0.8451898
484.13998,-2527.5796,-15.04365,1.9643677
484.16,-2546.8088,1.139937,1.3248374
484.18,-2527.5796,-2.7056682,1.48472
484.19998,-2503.5432,19.887262,1.6446027
484.22,-2503.5432,-0.14193134,1.48472
484.24,-2503.5432,-7.0319734,1.8044851
484.25998,-2532.387,27.578474,2.284133
484.28,-2609.3035,-3.5068357,2.284133
484.3,-2522.7725,15.72119,1.8044851
484.31998,-2522.7725,4.504842,1.3248374
484.34,-2527.5796,-0.30216488,1.48472
484.36,-2556.4236,15.400723,1.8044851
484.37997,-2513.158,8.510681,2.1242502
484.4,-2508.3506,-21.132523,1.164955
484.41998,-2517.965,46.48604,1.164955
484.44,-2546.8088,12.196053,1.48472
484.46,-2551.616,-13.922015,1.164955
484.47998,-2474.6997,6.4276443,1.9643677
484.5,-2532.387,13.798388,1.48472
484.52,-2527.5796,17.323528,1.6446027
484.53998,-2594.8816,37.352726,1.6446027
484.56,-2532.387,22.931702,2.1242502
484.58,-2522.7725,14.439322,1.6446027
484.59998,-2532.387,-11.999213,1.48472
484.62,-2479.5068,21.329365,2.1242502
484.63998,-2513.158,19.406563,1.6446027
484.66,-2556.4236,25.976141,1.48472
484.68,-2546.8088,27.258009,2.1242502
484.69998,-2551.616,3.8639073,1.8044851
484.72,-2551.616,20.528198,2.284133
484.74,-2542.0015,1.4604042,1.9643677
484.75998,-2537.1943,-0.46239844,1.9643677
484.78,-2527.5796,39.275528,2.4440153
484.8,-2513.158,17.804228,2.1242502
484.81998,-2575.6523,56.420525,2.4440153
484.84,-2517.965,15.560958,1.3248374
484.86,-2489.1216,51.933983,2.284133
484.87997,-2508.3506,41.839264,2.1242502
484.9,-2522.7725,-21.452991,1.8044851
484.91998,-2551.616,7.3890457,2.284133
484.94,-2493.9287,8.510681,1.9643677
484.96,-2522.7725,-6.5512733,1.8044851
484.97998,-2522.7725,22.130533,1.9643677
485.0,-2522.7725,20.68843,2.284133
485.02,-2469.8923,25.49544,1.9643677
485.03998,-2513.158,-0.30216488,2.1242502
485.06,-2570.8452,44.08254,1.9643677
485.08,-2542.0015,-4.3080034,1.9643677
485.09998,-2532.387,25.335205,2.284133
485.12,-2484.3142,-34.752373,1.6446027
485.13998,-2527.5796,5.78671,1.9643677
485.16,-2551.616,20.367966,2.284133
485.18,-2542.0015,-13.922015,1.9643677
485.19998,-2513.158,2.261572,1.8044851
485.22,-2508.3506,17.483759,2.4440153
485.24,-2508.3506,-2.0647337,2.1242502
485.25998,-2479.5068,-5.429638,1.9643677
485.28,-2537.1943,8.02998,2.284133
485.3,-2537.1943,-3.026135,2.4440153
485.31998,-2493.9287,5.9469438,2.7637806
485.34,-2542.0015,-5.7501054,2.7637806
485.36,-2517.965,-30.5863,2.1242502
485.37997,-2513.158,31.744547,1.9643677
485.4,-2522.7725,27.898943,2.4440153
485.41998,-2479.5068,17.804228,2.284133
485.44,-2503.5432,28.059177,2.284133
485.46,-2561.2307,-4.6284704,2.284133
485.47998,-2517.965,-26.259996,1.8044851
485.5,-2517.965,16.362125,1.8044851
485.52,-2522.7725,3.3832066,2.284133
485.53998,-2474.6997,28.379642,2.4440153
485.56,-2484.3142,7.228812,2.6038978
485.58,-2489.1216,-13.281082,2.6038978
485.59998,-2489.1216,-2.2249672,2.6038978
485.62,-2498.736,2.4218054,2.6038978
485.63998,-2421.8196,32.866184,2.284133
485.66,-2508.3506,-10.076411,2.4440153
485.68,-2546.8088,-8.313842,2.4440153
485.69998,-2498.736,-15.844818,2.4440153
485.72,-2508.3506,26.93754,2.6038978
485.74,-2508.3506,-9.435476,1.8044851
485.75998,-2522.7725,16.842825,2.4440153
485.78,-2493.9287,17.643993,2.6038978
485.8,-2474.6997,-35.55354,2.4440153
485.81998,-2522.7725,-0.30216488,2.6038978
485.84,-2508.3506,-8.634309,2.7637806
485.86,-2489.1216,-1.5840333,2.4440153
485.87997,-2479.5068,25.335205,2.923663
485.9,-2542.0015,26.617075,2.7637806
485.91998,-2484.3142,19.246328,2.4440153
485.94,-2503.5432,-3.5068357,2.6038978
485.96,-2513.158,52.895386,3.2434282
485.97998,-2556.4236,19.086096,2.7637806
486.0,-2498.736,13.157454,2.923663
486.02,-2474.6997,-12.159447,2.6038978
486.03998,-2469.8923,-15.684585,2.923663
486.06,-2517.965,-0.9430991,2.4440153
486.08,-2479.5068,35.75039,3.0835457
486.09998,-2503.5432,-18.889254,2.4440153
486.12,-2542.0015,-10.396878,2.4440153
486.13998,-2508.3506,5.3060093,2.284133
486.16,-2479.5068,37.352726,3.0835457
486.18,-2460.2778,22.290768,2.923663
486.19998,-2469.8923,-8.634309,2.7637806
486.22,-2493.9287,17.483759,3.0835457
486.24,-2484.3142,18.765629,3.2434282
486.25998,-2479.5068,9.632316,2.6038978
486.28,-2469.8923,-33.951202,2.7637806
486.3,-2460.2778,-13.120848,3.0835457
486.31998,-2484.3142,12.676753,3.0835457
486.34,-2513.158,20.047497,2.6038978
486.36,-2493.9287,-22.574625,2.4440153
486.37997,-2489.1216,36.23109,3.5631933
486.4,-2465.0852,-3.5068357,2.923663
486.41998,-2508.3506,-11.198046,3.4033108
486.44,-2489.1216,6.2674108,2.7637806
486.46,-2508.3506,-3.5068357,3.0835457
486.47998,-2455.4705,27.578474,2.6038978
486.5,-2489.1216,18.925863,2.6038978
486.52,-2527.5796,17.643993,2.1242502
486.53998,-2556.4236,40.236927,2.7637806
486.56,-2484.3142,28.700111,2.6038978
486.58,-2479.5068,17.323528,2.6038978
486.59998,-2489.1216,20.047497,2.7637806
486.62,-2460.2778,20.848665,2.6038978
486.63998,-2532.387,-32.989803,2.4440153
486.66,-2498.736,4.024141,2.923663
486.68,-2484.3142,22.931702,2.7637806
486.69998,-2498.736,3.2229733,2.4440153
486.72,-2489.1216,38.634594,2.7637806
486.74,-2537.1943,-22.254158,2.7637806
486.75998,-2474.6997,-2.385201,2.4440153
486.78,-2460.2778,-18.889254,1.9643677
486.8,-2513.158,12.51652,3.0835457
486.81998,-2503.5432,2.7422726,3.0835457
486.84,-2474.6997,-32.5091,3.4033108
486.86,-2489.1216,-6.711507,2.7637806
486.87997,-2474.6997,-17.76762,2.284133
486.9,-2484.3142,68.117584,3.0835457
486.91998,-2479.5068,15.080256,2.4440153
486.94,-2431.434,7.8697467,2.7637806
486.96,-2493.9287,36.23109,3.2434282
486.97998,-2493.9287,-0.7828655,2.6038978
487.0,-2460.2778,62.349167,3.2434282
487.02,-2489.1216,23.252169,2.6038978
487.03998,-2474.6997,7.228812,2.6038978
487.06,-2493.9287,-33.630737,2.1242502
487.08,-2493.9287,12.51652,2.6038978
487.09998,-2503.5432,8.510681,2.923663
487.12,-2508.3506,-0.30216488,2.284133
487.13998,-2508.3506,8.670914,2.284133
487.16,-2455.4705,15.080256,1.9643677
487.18,-2489.1216,12.356286,2.4440153
487.19998,-2513.158,65.71407,2.6038978
487.22,-2498.736,21.9703,3.0835457
487.24,-2469.8923,3.7036738,2.923663
487.25998,-2474.6997,-28.983965,2.6038978
487.28,-2517.965,28.700111,2.6038978
487.3,-2517.965,-0.30216488,2.6038978
487.31998,-2489.1216,22.611235,3.2434282
487.34,-2498.736,1.9411048,3.4033108
487.36,-2479.5068,-14.242482,2.6038978
487.37997,-2513.158,-7.672908,2.6038978
487.4,-2532.387,5.6264763,2.6038978
487.41998,-2508.3506,11.715352,2.7637806
487.44,-2498.736,-5.429638,2.6038978
487.46,-2503.5432,3.7036738,2.6038978
487.47998,-2469.8923,44.24277,3.2434282
487.5,-2498.736,11.234652,2.7637806
487.52,-2513.158,10.914185,2.7637806
487.53998,-2503.5432,12.99722,2.7637806
487.56,-2503.5432,20.207731,3.0835457
487.58,-2489.1216,-6.5512733,1.9643677
487.59998,-2484.3142,7.228812,2.1242502
487.62,-2474.6997,-7.5126743,2.1242502
487.63998,-2479.5068,-22.254158,2.4440153
487.66,-2503.5432,2.261572,2.7637806
487.68,-2392.9758,9.151615,2.4440153
487.69998,-2493.9287,13.638155,2.6038978
487.72,-2503.5432,-1.9045002,3.2434282
487.74,-2503.5432,12.676753,2.923663
487.75998,-2498.736,1.139937,3.0835457
487.78,-2484.3142,14.279089,2.7637806
487.8,-2450.6633,37.19249,2.1242502
487.81998,-2508.3506,5.6264763,3.0835457
487.84,-2517.965,5.6264763,3.2434282
487.86,-2513.158,-9.275244,3.0835457
487.87997,-2455.4705,14.759789,3.4033108
487.9,-2421.8196,34.949223,2.6038978
487.91998,-2517.965,-9.115009,2.7637806
487.94,-2503.5432,-3.5068357,2.923663
487.96,-2498.736,-23.055326,3.2434282
487.97998,-2489.1216,16.041658,3.0835457
488.0,-2484.3142,19.246328,2.923663
488.02,-2465.0852,-2.0647337,2.7637806
488.03998,-2498.736,6.2674108,2.923663
488.06,-2503.5432,-0.30216488,2.6038978
488.08,-2503.5432,5.145776,3.4033108
488.09998,-2489.1216,50.97258,3.0835457
488.12,-2489.1216,26.45684,2.7637806
488.13998,-2513.158,2.902506,2.7637806
488.16,-2412.2048,16.362125,2.923663
488.18,-2489.1216,22.130533,3.0835457
488.19998,-2503.5432,19.086096,2.7637806
488.22,-2469.8923,4.9855423,3.0835457
488.24,-2484.3142,-5.429638,2.923663
488.25998,-2489.1216,0.018302217,2.6038978
488.28,-2522.7725,-6.0705724,2.6038978
488.3,-2460.2778,7.709513,3.0835457
488.31998,-2426.627,20.207731,3.2434282
488.34,-2484.3142,2.902506,3.0835457
488.36,-2493.9287,4.504842,2.923663
488.37997,-2498.736,23.091934,3.0835457
488.4,-2508.3506,-5.7501054,2.923663
488.41998,-2484.3142,0.17853576,2.923663
488.44,-2474.6997,21.0089,3.0835457
488.46,-2508.3506,-9.435476,3.2434282
488.47998,-2489.1216,-12.31968,3.0835457
488.5,-2513.158,-22.414392,3.0835457
488.52,-2493.9287,13.477921,3.2434282
488.53998,-2498.736,7.709513,2.4440153
488.56,-2493.9287,2.261572,2.7637806
488.58,-2445.856,-7.5126743,3.0835457
488.59998,-2465.0852,5.466243,3.4033108
488.62,-2532.387,10.914185,3.2434282
488.63998,-2508.3506,19.406563,3.2434282
488.66,-2484.3142,4.184375,3.2434282
488.68,-2465.0852,15.080256,2.7637806
488.69998,-2455.4705,26.777308,3.2434282
488.72,-2493.9287,61.547997,3.0835457
488.74,-2455.4705,45.68487,3.4033108
488.75998,-2508.3506,9.311849,2.4440153
488.78,-2546.8088,-10.076411,3.0835457
488.8,-2493.9287,-4.7887044,2.923663
488.81998,-2465.0852,37.19249,3.4033108
488.84,-2484.3142,19.727032,3.5631933
488.86,-2465.0852,18.284927,2.923663
488.87997,-2431.434,23.252169,3.4033108
488.9,-2503.5432,-34.27167,2.923663
488.91998,-2479.5068,7.3890457,3.2434282
488.94,-2575.6523,25.655672,3.7230759
488.96,-2469.8923,10.75395,3.0835457
488.97998,-2441.0486,12.196053,3.0835457
489.0,-2469.8923,-3.827303,3.2434282
489.02,-2484.3142,-1.7442669,3.0835457
489.03998,-2503.5432,16.52236,3.4033108
489.06,-2465.0852,-14.402717,3.8829584
489.08,-2474.6997,-11.037811,2.7637806
489.09998,-2517.965,-12.479914,2.6038978
489.12,-2489.1216,22.611235,3.7230759
489.13998,-2498.736,19.246328,3.5631933
489.16,-2489.1216,4.024141,3.4033108
489.18,-2450.6633,0.81947,2.7637806
489.19998,-2460.2778,20.047497,2.6038978
489.22,-2489.1216,36.551556,3.5631933
489.24,-2474.6997,22.611235,3.2434282
489.25998,-2392.9758,34.308285,2.923663
489.28,-2469.8923,19.727032,3.4033108
489.3,-2493.9287,-11.999213,2.4440153
489.31998,-2489.1216,-20.49159,3.0835457
489.34,-2469.8923,-5.589872,3.0835457
489.36,-2484.3142,10.433483,3.0835457
489.37997,-2508.3506,11.555119,3.2434282
489.4,-2474.6997,-0.30216488,1.9643677
489.41998,-2441.0486,13.958622,3.0835457
489.44,-2484.3142,6.2674108,2.7637806
489.46,-2503.5432,5.466243,3.0835457
489.47998,-2498.736,10.593717,3.2434282
489.5,-2484.3142,18.445162,3.0835457
489.52,-2417.0122,6.5878778,3.0835457
489.53998,-2493.9287,5.6264763,3.5631933
489.56,-2474.6997,0.81947,3.2434282
489.58,-2493.9287,8.02998,2.923663
489.59998,-2474.6997,15.881425,3.4033108
489.62,-2513.158,8.190214,2.7637806
489.63998,-2493.9287,20.848665,3.2434282
489.66,-2474.6997,10.113016,3.4033108
489.68,-2455.4705,9.632316,3.4033108
489.69998,-2465.0852,31.263847,3.4033108
489.72,-2474.6997,44.563236,3.8829584
489.74,-2426.627,12.676753,3.0835457
489.75998,-2484.3142,24.213572,3.2434282
489.78,-2469.8923,16.20189,2.923663
489.8,-2455.4705,1.9411048,3.2434282
489.81998,-2460.2778,7.549279,2.923663
489.84,-2493.9287,6.2674108,2.923663
489.86,-2460.2778,10.593717,2.923663
489.87997,-2484.3142,22.931702,3.2434282
489.9,-2460.2778,29.98198,3.5631933
489.91998,-2445.856,8.02998,3.2434282
489.94,-2479.5068,91.351456,3.5631933
489.96,-2479.5068,14.759789,2.6038978
489.97998,-2460.2778,-3.827303,3.2434282
490.0,-2455.4705,17.643993,3.2434282
490.02,-2469.8923,8.831148,3.0835457
490.03998,-2455.4705,41.67903,3.5631933
490.06,-2455.4705,-3.827303,2.4440153
490.08,-2493.9287,14.759789,2.7637806
490.09998,-2431.434,31.584314,3.4033108
490.12,-2431.434,59.30473,3.7230759
490.13998,-2460.2778,5.145776,3.4033108
490.16,-2489.1216,14.599556,3.4033108
490.18,-2532.387,19.887262,3.0835457
490.19998,-2493.9287,50.01118,3.7230759
490.22,-2498.736,24.534037,3.2434282
490.24,-2493.9287,10.27325,3.2434282
490.25998,-2479.5068,25.014738,3.7230759
490.28,-2489.1216,22.451,3.5631933
490.3,-2460.2778,20.367966,3.2434282
490.31998,-2469.8923,10.113016,2.923663
490.34,-2489.1216,23.893103,3.4033108
490.36,-2465.0852,-0.7828655,3.2434282
490.37997,-2455.4705,20.367966,2.923663
490.4,-2479.5068,19.727032,3.5631933
490.41998,-2479.5068,24.534037,3.5631933
490.44,-2508.3506,-0.9430991,3.7230759
490.46,-2474.6997,13.477921,3.4033108
490.47998,-2479.5068,-0.46239844,3.0835457
490.5,-2450.6633,-16.005053,3.2434282
490.52,-2479.5068,21.810066,3.7230759
490.53998,-2508.3506,10.27325,3.4033108
490.56,-2474.6997,20.367966,3.4033108
490.58,-2397.7832,-8.474075,3.7230759
490.59998,-2441.0486,-12.159447,3.2434282
490.62,-2489.1216,-3.1863687,3.2434282
490.63998,-2445.856,-13.601548,3.7230759
490.66,-2450.6633,20.68843,3.7230759
490.68,-2493.9287,-23.375792,3.2434282
490.69998,-2441.0486,12.676753,3.7230759
490.72,-2484.3142,-2.385201,3.0835457
490.74,-2412.2048,16.362125,3.4033108
490.75998,-2513.158,-16.325518,2.6038978
490.78,-2508.3506,10.113016,3.4033108
490.8,-2441.0486,-5.1091714,3.4033108
490.81998,-2469.8923,1.139937,3.0835457
490.84,-2474.6997,-14.883417,3.0835457
490.86,-2441.0486,28.059177,3.0835457
490.87997,-2441.0486,-5.2694044,3.4033108
490.9,-2436.2412,21.169132,3.2434282
490.91998,-2498.736,13.638155,3.4033108
490.94,-2460.2778,13.477921,3.7230759
490.96,-2498.736,-3.5068357,3.5631933
490.97998,-2455.4705,10.75395,3.7230759
491.0,-2484.3142,21.169132,3.0835457
491.02,-2450.6633,13.477921,3.4033108
491.03998,-2465.0852,-7.192207,3.0835457
491.06,-2460.2778,-9.435476,3.4033108
491.08,-2397.7832,-26.42023,3.0835457
491.09998,-2474.6997,13.798388,3.2434282
491.12,-2455.4705,37.51296,3.2434282
491.13998,-2503.5432,25.655672,3.4033108
491.16,-2460.2778,6.7481112,3.8829584
491.18,-2455.4705,22.931702,4.362606
491.19998,-2436.2412,-31.707935,3.0835457
491.22,-2479.5068,16.041658,3.7230759
491.24,-2517.965,11.555119,3.7230759
491.25998,-2431.434,24.053337,3.8829584
491.28,-2469.8923,8.670914,3.7230759
491.3,-2426.627,49.690712,3.4033108
491.31998,-2450.6633,43.4416,3.4033108
491.34,-2392.9758,44.563236,3.0835457
491.36,-2460.2778,6.908345,3.7230759
491.37997,-2436.2412,-6.0705724,3.7230759
491.4,-2450.6633,26.45684,3.8829584
491.41998,-2465.0852,1.4604042,3.5631933
491.44,-2513.158,3.5434403,3.4033108
491.46,-2460.2778,30.783146,3.2434282
491.47998,-2465.0852,14.439322,3.7230759
491.5,-2469.8923,1.4604042,3.2434282
491.52,-2426.627,50.65211,3.2434282
491.53998,-2465.0852,10.914185,3.5631933
491.56,-2484.3142,-1.4237996,3.4033108
491.58,-2436.2412,46.96674,3.5631933
491.59998,-2469.8923,18.124695,3.7230759
491.62,-2474.6997,-26.90093,4.042841
491.63998,-2450.6633,4.024141,3.8829584
491.66,-2455.4705,5.78671,3.5631933
491.68,-2465.0852,2.1013381,3.7230759
491.69998,-2479.5068,2.5820389,3.8829584
491.72,-2450.6633,7.0685787,3.7230759
491.74,-2469.8923,26.93754,3.8829584
491.75998,-2465.0852,13.958622,4.362606
491.78,-2469.8923,41.358562,4.2027235
491.8,-2484.3142,9.472081,3.5631933
491.81998,-2489.1216,15.881425,3.4033108
491.84,-2469.8923,-8.313842,3.5631933
491.86,-2474.6997,-27.38163,3.5631933
491.87997,-2465.0852,17.804228,3.7230759
491.9,-2479.5068,15.080256,3.5631933
491.91998,-2436.2412,-17.126686,3.0835457
491.94,-2484.3142,-32.34887,3.7230759
491.96,-2431.434,-0.14193134,4.2027235
491.97998,-2455.4705,31.744547,3.7230759
492.0,-2517.965,17.804228,3.8829584
492.02,-2460.2778,3.7036738,3.5631933
492.03998,-2431.434,-28.6635,3.4033108
492.06,-2450.6633,16.041658,3.5631933
492.08,-2489.1216,25.014738,3.4033108
492.09998,-2450.6633,-3.6670694,3.5631933
492.12,-2426.627,-0.46239844,3.4033108
492.13998,-2460.2778,19.086096,3.8829584
492.16,-2455.4705,-7.5126743,3.5631933
492.18,-2455.4705,19.406563,3.8829584
492.19998,-2445.856,-7.0319734,3.7230759
492.22,-2479.5068,-10.557112,3.7230759
492.24,-2474.6997,-6.711507,4.042841
492.25998,-2455.4705,22.290768,3.8829584
492.28,-2431.434,12.99722,4.042841
492.3,-2436.2412,-2.2249672,3.5631933
492.31998,-2431.434,15.881425,4.042841
492.34,-2484.3142,-1.4237996,3.0835457
492.36,-2431.434,-6.230806,3.8829584
492.37997,-2373.7468,15.72119,3.5631933
492.4,-2465.0852,21.0089,3.5631933
492.41998,-2426.627,10.433483,3.7230759
492.44,-2450.6633,8.350447,3.7230759
492.46,-2498.736,24.373804,3.8829584
492.47998,-2441.0486,1.4604042,3.7230759
492.5,-2445.856,-0.30216488,3.8829584
492.52,-2431.434,53.53632,3.8829584
492.53998,-2441.0486,27.738708,3.8829584
492.56,-2426.627,2.7422726,3.8829584
492.58,-2460.2778,24.213572,4.042841
492.59998,-2460.2778,2.261572,3.8829584
492.62,-2441.0486,19.406563,4.362606
492.63998,-2460.2778,-7.192207,4.2027235
492.66,-2484.3142,-2.385201,3.8829584
492.68,-2388.1685,45.043938,5.002136
492.69998,-2445.856,8.02998,4.362606
492.72,-2455.4705,31.584314,4.362606
492.74,-2441.0486,4.024141,5.002136
492.75998,-2465.0852,5.6264763,4.2027235
492.78,-2441.0486,46.325806,4.6823716
492.8,-2426.627,21.649834,4.2027235
492.81998,-2417.0122,26.93754,4.5224886
492.84,-2388.1685,65.39361,5.4817843
492.86,-2445.856,26.136374,4.5224886
492.87997,-2388.1685,18.765629,5.002136
492.9,-2441.0486,16.842825,4.5224886
492.91998,-2431.434,8.02998,4.362606
492.94,-2412.2048,28.539877,4.362606
492.96,-2407.3977,16.041658,4.6823716
492.97998,-2421.8196,0.9797035,5.002136
493.0,-2441.0486,31.584314,4.6823716
493.02,-2450.6633,-10.396878,4.2027235
493.03998,-2460.2778,22.931702,4.5224886
493.06,-2426.627,19.887262,5.002136
493.08,-2397.7832,12.51652,4.6823716
493.09998,-2455.4705,-12.31968,4.042841
493.12,-2402.5906,30.142212,5.002136
493.13998,-2407.3977,-2.0647337,4.5224886
493.16,-2373.7468,30.302446,5.002136
493.18,-2421.8196,-10.236644,4.8422537
493.19998,-2412.2048,21.329365,5.002136
493.22,-2426.627,22.290768,4.362606
493.24,-2426.627,22.77147,4.5224886
493.25998,-2431.434,17.804228,5.002136
493.28,-2493.9287,34.78899,5.002136
493.3,-2402.5906,-22.73486,4.8422537
493.31998,-2426.627,-1.7442669,3.8829584
493.34,-2445.856,1.6206378,4.2027235
493.36,-2450.6633,5.6264763,4.042841
493.37997,-2417.0122,1.9411048,4.362606
493.4,-2426.627,-4.468237,4.6823716
493.41998,-2412.2048,2.4218054,4.042841
493.44,-2349.7102,18.445162,3.8829584
493.46,-2450.6633,-9.275244,3.8829584
493.47998,-2431.434,8.670914,4.2027235
493.5,-2455.4705,9.311849,4.5224886
493.52,-2426.627,13.157454,4.362606
493.53998,-2426.627,-0.9430991,4.8422537
493.56,-2412.2048,9.151615,4.5224886
493.58,-2465.0852,18.124695,5.3219013
493.59998,-2417.0122,24.694271,4.2027235
493.62,-2460.2778,6.5878778,4.5224886
493.63998,-2445.856,1.6206378,4.362606
493.66,-2412.2048,-12.479914,4.042841
493.68,-2417.0122,-4.14777,4.5224886
493.69998,-2426.627,23.732868,4.2027235
493.72,-2469.8923,30.94338,5.002136
493.74,-2426.627,2.261572,4.6823716
493.75998,-2407.3977,14.279089,5.002136
493.78,-2407.3977,2.261572,5.162019
493.8,-2450.6633,3.2229733,4.6823716
493.81998,-2445.856,25.174973,4.6823716
493.84,-2436.2412,24.534037,4.362606
493.86,-2445.856,-17.126686,4.2027235
493.87997,-2479.5068,-9.59571,3.8829584
493.9,-2455.4705,25.335205,4.042841
493.91998,-2421.8196,12.676753,4.362606
493.94,-2388.1685,4.9855423,4.5224886
493.96,-2445.856,-9.755944,3.7230759
493.97998,-2417.0122,-17.927853,4.362606
494.0,-2441.0486,15.881425,4.362606
494.02,-2368.9395,-20.331356,4.362606
494.03998,-2465.0852,11.715352,4.362606
494.06,-2407.3977,11.715352,4.6823716
494.08,-2378.5542,36.391323,5.3219013
494.09998,-2397.7832,6.4276443,5.002136
494.12,-2407.3977,19.727032,5.002136
494.13998,-2465.0852,30.622915,5.162019
494.16,-2445.856,-1.4237996,4.8422537
494.18,-2417.0122,-27.702099,4.5224886
494.19998,-2445.856,14.1188545,4.6823716
494.22,-2417.0122,-3.1863687,4.362606
494.24,-2460.2778,26.617075,5.162019
494.25998,-2469.8923,16.20189,4.362606
494.28,-2441.0486,2.4218054,4.6823716
494.3,-2460.2778,15.080256,5.162019
494.31998,-2402.5906,1.6206378,4.6823716
494.34,-2421.8196,8.991381,4.8422537
494.36,-2383.3613,-13.922015,4.362606
494.37997,-2441.0486,-28.343033,4.362606
494.4,-2407.3977,2.7422726,4.6823716
494.41998,-2407.3977,0.49900287,4.5224886
494.44,-2407.3977,-6.3910394,4.6823716
494.46,-2407.3977,14.599556,4.8422537
494.47998,-2335.2886,8.190214,4.8422537
494.5,-2412.2048,5.3060093,4.6823716
494.52,-2426.627,53.21585,5.641667
494.53998,-2412.2048,-0.14193134,5.002136
494.56,-2426.627,-9.59571,5.002136
494.58,-2407.3977,-3.026135,5.3219013
494.59998,-2407.3977,-4.3080034,4.2027235
494.62,-2450.6633,41.839264,5.002136
494.63998,-2465.0852,-8.474075,4.8422537
494.66,-2412.2048,-16.005053,4.5224886
494.68,-2450.6633,-8.153608,4.5224886
494.69998,-2465.0852,11.074417,4.5224886
494.72,-2441.0486,-5.589872,4.2027235
494.74,-2441.0486,24.694271,4.362606
494.75998,-2392.9758,11.074417,5.3219013
494.78,-2455.4705,4.504842,4.8422537
494.8,-2417.0122,4.6650753,4.5224886
494.81998,-2441.0486,20.848665,4.8422537
494.84,-2412.2048,20.848665,4.6823716
494.86,-2421.8196,21.649834,5.002136
494.87997,-2450.6633,29.501278,5.3219013
494.9,-2388.1685,12.8369875,4.6823716
494.91998,-2407.3977,9.151615,4.362606
494.94,-2431.434,2.902506,4.2027235
494.96,-2368.9395,30.302446,4.5224886
494.97998,-2436.2412,58.183094,4.6823716
495.0,-2455.4705,34.46852,4.5224886
495.02,-2431.434,7.228812,5.002136
495.03998,-2431.434,9.792548,4.5224886
495.06,-2450.6633,16.041658,4.5224886
495.08,-2436.2412,16.682592,4.8422537
495.09998,-2412.2048,7.8697467,4.042841
495.12,-2431.434,4.184375,4.8422537
495.13998,-2460.2778,-22.895092,4.5224886
495.16,-2431.434,-13.120848,4.042841
495.18,-2431.434,19.246328,5.002136
495.19998,-2417.0122,11.074417,4.8422537
495.22,-2421.8196,14.759789,5.002136
495.24,-2441.0486,-15.364117,4.6823716
495.25998,-2489.1216,19.246328,4.8422537
495.28,-2431.434,5.78671,5.002136
495.3,-2431.434,36.551556,5.002136
495.31998,-2397.7832,7.549279,5.002136
495.34,-2407.3977,28.21941,5.002136
495.36,-2445.856,32.866184,4.6823716
495.37997,-2402.5906,-7.192207,4.8422537
495.4,-2407.3977,28.21941,3.8829584
495.41998,-2392.9758,10.433483,4.8422537
495.44,-2421.8196,19.566797,4.6823716
495.46,-2426.627,5.6264763,4.8422537
495.47998,-2402.5906,42.9609,4.6823716
495.5,-2431.434,24.854506,4.8422537
495.52,-2445.856,12.99722,4.362606
495.53998,-2407.3977,10.113016,4.6823716
495.56,-2479.5068,76.60996,5.162019
495.58,-2392.9758,11.875586,4.362606
495.59998,-2455.4705,41.038097,4.362606
495.62,-2426.627,41.9995,4.5224886
495.63998,-2368.9395,22.931702,4.362606
495.66,-2421.8196,14.920023,5.162019
495.68,-2402.5906,9.472081,4.8422537
495.69998,-2417.0122,41.9995,4.5224886
495.72,-2450.6633,7.3890457,4.5224886
495.74,-2431.434,-0.30216488,4.8422537
495.75998,-2402.5906,23.572638,4.8422537
495.78,-2465.0852,12.356286,4.5224886
495.8,-2417.0122,-1.4237996,5.002136
495.81998,-2426.627,34.308285,5.162019
495.84,-2421.8196,-0.9430991,4.8422537
495.86,-2426.627,-2.0647337,4.362606
495.87997,-2445.856,6.5878778,4.5224886
495.9,-2407.3977,-32.028404,4.8422537
495.91998,-2407.3977,8.02998,4.6823716
495.94,-2364.132,-10.396878,4.362606
495.96,-2431.434,-17.126686,4.2027235
495.97998,-2373.7468,37.032257,4.5224886
496.0,-2412.2048,-0.14193134,4.5224886
496.02,-2417.0122,1.6206378,4.5224886
496.03998,-2450.6633,13.638155,4.6823716
496.06,-2436.2412,-10.557112,4.362606
496.08,-2445.856,4.825309,4.042841
496.09998,-2407.3977,3.8639073,4.362606
496.12,-2441.0486,15.72119,4.8422537
496.13998,-2402.5906,-16.325518,3.5631933
496.16,-2460.2778,-2.385201,4.5224886
496.18,-2421.8196,5.6264763,4.042841
496.19998,-2426.627,62.188934,4.6823716
496.22,-2469.8923,-4.3080034,4.5224886
496.24,-2431.434,-10.396878,4.362606
496.25998,-2431.434,-8.474075,4.8422537
496.28,-2378.5542,-0.62263197,4.362606
496.3,-2431.434,8.991381,3.8829584
496.31998,-2421.8196,11.875586,4.8422537
496.34,-2407.3977,7.228812,4.5224886
496.36,-2465.0852,-19.690422,3.8829584
496.37997,-2421.8196,5.6264763,3.5631933
496.4,-2407.3977,23.893103,3.2434282
496.41998,-2421.8196,-12.960614,3.2434282
496.44,-2402.5906,24.854506,4.8422537
496.46,-2354.5178,13.638155,5.801549
496.47998,-2445.856,-6.3910394,5.9614315
496.5,-2397.7832,-6.5512733,5.4817843
496.52,-2368.9395,6.2674108,4.6823716
496.53998,-2397.7832,20.848665,4.5224886
496.56,-2407.3977,10.75395,4.042841
496.58,-2412.2048,-2.2249672,3.2434282
496.59998,-2412.2048,-3.827303,3.5631933
496.62,-2445.856,0.17853576,3.7230759
496.63998,-2388.1685,12.99722,4.6823716
496.66,-2417.0122,12.035819,5.4817843
496.68,-2412.2048,-14.402717,5.801549
496.69998,-2436.2412,0.17853576,5.4817843
496.72,-2436.2412,-16.80622,4.6823716
496.74,-2402.5906,19.727032,4.5224886
496.75998,-2344.903,-4.7887044,3.8829584
496.78,-2412.2048,-9.115009,4.362606
496.8,-2392.9758,9.472081,4.042841
496.81998,-2412.2048,8.02998,4.6823716
496.84,-2431.434,-12.960614,4.5224886
496.86,-2421.8196,10.593717,5.002136
496.87997,-2426.627,4.184375,4.8422537
496.9,-2469.8923,12.035819,5.162019
496.91998,-2383.3613,3.2229733,4.362606
496.94,-2412.2048,4.184375,5.162019
496.96,-2392.9758,31.103615,4.362606
496.97998,-2368.9395,18.925863,4.2027235
497.0,-2388.1685,6.1071773,4.6823716
497.02,-2407.3977,-38.597977,4.5224886
497.03998,-2378.5542,32.385483,5.3219013
497.06,-2407.3977,25.014738,4.362606
497.08,-2426.627,12.676753,4.8422537
497.09998,-2354.5178,11.394884,4.5224886
497.12,-2407.3977,5.3060093,4.5224886
497.13998,-2407.3977,27.578474,5.162019
497.16,-2431.434,14.439322,4.8422537
497.18,-2383.3613,6.2674108,4.362606
497.19998,-2388.1685,1.139937,3.8829584
497.22,-2383.3613,33.827583,4.6823716
497.24,-2378.5542,0.33876932,4.8422537
497.25998,-2316.0593,27.097775,5.002136
497.28,-2407.3977,27.738708,5.002136
497.3,-2397.7832,28.860344,5.002136
497.31998,-2407.3977,-1.9045002,5.3219013
497.34,-2388.1685,20.047497,5.4817843
497.36,-2417.0122,34.308285,5.4817843
497.37997,-2296.8303,45.364407,5.162019
497.4,-2417.0122,57.86263,5.4817843
497.41998,-2397.7832,18.925863,5.002136
497.44,-2392.9758,19.086096,4.8422537
497.46,-2373.7468,-20.651823,4.5224886
497.47998,-2392.9758,13.477921,4.8422537
497.5,-2455.4705,33.026417,5.801549
497.52,-2421.8196,-16.645985,5.002136
497.53998,-2417.0122,-0.14193134,4.6823716
497.56,-2402.5906,46.646275,4.362606
497.58,-2431.434,-42.924282,4.8422537
497.59998,-2392.9758,10.914185,5.3219013
497.62,-2417.0122,23.572638,4.6823716
497.63998,-2397.7832,11.234652,4.5224886
497.66,-2330.4814,-2.8659017,4.5224886
497.68,-2402.5906,30.302446,5.3219013
497.69998,-2368.9395,-10.877579,4.6823716
497.72,-2373.7468,40.557396,4.2027235
497.74,-2397.7832,12.035819,4.6823716
497.75998,-2364.132,21.649834,4.8422537
497.78,-2392.9758,19.887262,5.162019
497.8,-2441.0486,13.958622,5.002136
497.81998,-2402.5906,3.2229733,4.8422537
497.84,-2431.434,42.4802,5.002136
497.86,-2373.7468,21.169132,5.162019
497.87997,-2412.2048,-1.4237996,4.362606
497.9,-2402.5906,-2.7056682,5.002136
497.91998,-2397.7832,-11.678746,4.8422537
497.94,-2364.132,-1.5840333,4.6823716
497.96,-2397.7832,-8.313842,4.5224886
497.97998,-2373.7468,31.584314,5.002136
498.0,-2349.7102,-10.396878,4.2027235
498.02,-2402.5906,-12.479914,4.362606
498.03998,-2412.2048,24.053337,4.8422537
498.06,-2417.0122,30.622915,5.162019
498.08,-2441.0486,6.2674108,5.002136
498.09998,-2392.9758,37.833427,4.6823716
498.12,-2388.1685,36.23109,4.8422537
498.13998,-2344.903,61.387768,4.8422537
498.16,-2383.3613,12.99722,4.8422537
498.18,-2421.8196,1.7808713,4.5224886
498.19998,-2373.7468,-24.817896,5.002136
498.22,-2402.5906,13.638155,4.5224886
498.24,-2392.9758,20.047497,4.6823716
498.25998,-2426.627,9.952783,4.362606
498.28,-2426.627,-3.3466022,4.6823716
498.3,-2431.434,-32.5091,4.362606
498.31998,-2426.627,12.676753,4.362606
498.34,-2436.2412,36.070858,5.002136
498.36,-2388.1685,27.738708,4.6823716
498.37997,-2392.9758,20.528198,4.8422537
498.4,-2368.9395,38.95506,4.8422537
498.41998,-2397.7832,17.804228,4.6823716
498.44,-2417.0122,2.902506,3.8829584
498.46,-2392.9758,47.126976,4.6823716
498.47998,-2373.7468,19.246328,4.8422537
498.5,-2320.8667,-16.485752,5.002136
498.52,-2368.9395,20.848665,5.162019
498.53998,-2368.9395,40.557396,5.002136
498.56,-2340.0957,9.632316,4.8422537
498.58,-2426.627,21.649834,5.162019
498.59998,-2383.3613,-3.9875362,4.8422537
498.62,-2431.434,2.7422726,5.002136
498.63998,-2412.2048,19.086096,4.5224886
498.66,-2388.1685,-2.0647337,4.362606
498.68,-2397.7832,11.715352,4.8422537
498.69998,-2373.7468,2.902506,4.6823716
498.72,-2359.325,22.611235,5.162019
498.74,-2388.1685,-7.5126743,4.362606
498.75998,-2354.5178,8.350447,4.8422537
498.78,-2397.7832,10.113016,5.162019
498.8,-2316.0593,12.356286,5.4817843
498.81998,-2388.1685,46.005337,5.162019
498.84,-2412.2048,17.96446,4.8422537
498.86,-2373.7468,9.792548,5.641667
498.87997,-2364.132,-4.14777,5.002136
498.9,-2388.1685,19.887262,4.8422537
498.91998,-2354.5178,-4.14777,5.002136
498.94,-2417.0122,0.33876932,4.8422537
498.96,-2344.903,6.2674108,5.162019
498.97998,-2412.2048,-24.337194,4.8422537
499.0,-2359.325,11.555119,4.8422537
499.02,-2378.5542,14.599556,4.5224886
499.03998,-2392.9758,7.8697467,4.6823716
499.06,-2373.7468,-5.429638,4.8422537
499.08,-2436.2412,4.504842,4.6823716
499.09998,-2407.3977,-3.9875362,4.5224886
499.12,-2373.7468,12.035819,4.8422537
499.13998,-2436.2412,-11.037811,4.5224886
499.16,-2412.2048,-2.5454345,4.5224886
499.18,-2373.7468,-16.005053,4.5224886
499.19998,-2335.2886,-6.711507,4.362606
499.22,-2392.9758,-14.723184,4.2027235
499.24,-2388.1685,-8.474075,4.5224886
499.25998,-2344.903,-11.198046,5.3219013
499.28,-2417.0122,-13.922015,4.6823716
499.3,-2392.9758,-15.364117,4.8422537
499.31998,-2359.325,-20.651823,4.6823716
499.34,-2431.434,-8.794542,5.002136
499.36,-2426.627,-2.7056682,5.162019
499.37997,-2368.9395,-18.408554,4.6823716
499.4,-2368.9395,-40.68101,4.6823716
499.41998,-2378.5542,-8.313842,4.362606
499.44,-2359.325,-0.14193134,5.002136
499.46,-2354.5178,11.074417,4.6823716
499.47998,-2368.9395,13.958622,4.6823716
499.5,-2373.7468,-11.678746,4.5224886
499.52,-2364.132,12.035819,4.8422537
499.53998,-2378.5542,-4.3080034,4.8422537
499.56,-2397.7832,4.9855423,4.6823716
499.58,-2373.7468,12.99722,4.5224886
499.59998,-2412.2048,26.777308,5.002136
499.62,-2426.627,21.4896,4.5224886
499.63998,-2373.7468,18.124695,5.162019
499.66,-2368.9395,57.54216,4.8422537
499.68,-2325.6738,58.98426,4.5224886
499.69998,-2402.5906,14.920023,5.3219013
499.72,-2397.7832,-2.8659017,4.8422537
499.74,-2378.5542,19.246328,5.162019
499.75998,-2330.4814,4.504842,4.8422537
499.78,-2368.9395,11.715352,5.002136
499.8,-2383.3613,-30.265835,4.8422537
499.81998,-2330.4814,28.379642,5.3219013
499.84,-2368.9395,10.75395,5.641667
499.86,-2417.0122,34.46852,5.641667
499.87997,-2373.7468,-24.978128,5.162019
499.9,-2388.1685,27.097775,5.4817843
499.91998,-2335.2886,58.02286,5.641667
499.94,-2359.325,-2.8659017,4.8422537
499.96,-2364.132,23.412403,5.002136
499.97998,-2340.0957,18.445162,5.162019
