TIME,IP1,IV1,IV2
0.0,-3.7575107,-5.910339,-1.2332834
0.02,-3.7575107,-7.5126743,-0.4338706
0.04,-3.7575107,-20.01089,-0.59375316
0.06,-22.986637,35.75039,0.20565958
0.08,1.049771,-1.2635663,-0.4338706
0.099999994,58.737152,0.49900287,0.20565958
0.12,-3.7575107,11.394884,-0.114105515
0.14,15.471616,27.258009,0.36554214
0.16,-42.215763,-11.678746,-0.2739881
0.17999999,20.278896,-21.933691,-0.2739881
0.19999999,-51.830326,-46.128952,-0.9135183
0.22,-3.7575107,-1.4237996,-0.4338706
0.24,-3.7575107,8.190214,-0.114105515
0.26,-3.7575107,-32.82957,-0.59375316
0.28,-8.564792,-35.874004,-0.4338706
0.29999998,-8.564792,-8.634309,-0.2739881
0.32,10.664334,-4.7887044,-0.114105515
0.34,-22.986637,35.10945,0.045777034
0.35999998,34.700745,54.657955,0.045777034
0.38,10.664334,-9.916177,-0.2739881
0.39999998,1.049771,-13.761782,0.045777034
0.42,-22.986637,-1.1033326,0.20565958
0.44,-8.564792,-0.14193134,-0.4338706
0.45999998,-22.986637,7.228812,-0.59375316
0.48,-51.830326,-13.120848,-0.4338706
0.5,-18.179356,-13.922015,-0.4338706
0.52,1.049771,-7.993375,0.045777034
0.53999996,-56.637608,-25.779295,0.20565958
0.56,-51.830326,0.018302217,0.045777034
0.58,10.664334,-13.281082,-0.9135183
0.59999996,-22.986637,13.477921,-0.2739881
0.62,-8.564792,42.4802,0.045777034
0.64,-32.6012,13.638155,-0.4338706
0.65999997,-13.372073,18.124695,-0.4338706
0.68,-18.179356,-34.752373,0.045777034
0.7,-8.564792,17.643993,0.20565958
0.71999997,49.122585,42.159733,-0.2739881
0.74,-18.179356,3.8639073,-0.2739881
0.76,-3.7575107,6.5878778,0.36554214
0.78,53.92987,-7.5126743,-0.4338706
0.79999995,-27.793919,20.207731,-0.114105515
0.82,-22.986637,4.6650753,-0.2739881
0.84,-27.793919,-2.385201,-0.2739881
0.85999995,-27.793919,-20.972292,-0.4338706
0.88,-22.986637,-0.62263197,0.045777034
0.9,-18.179356,-33.790974,-0.2739881
0.91999996,20.278896,16.682592,-0.2739881
0.94,-37.40848,5.78671,-0.114105515
0.96,-18.179356,-28.022566,-0.4338706
0.97999996,29.893461,-45.488014,0.045777034
1.0,29.893461,-47.89152,-0.4338706
1.02,-8.564792,17.00306,-0.2739881
1.04,39.508022,9.472081,-0.2739881
1.06,1.049771,4.6650753,-0.114105515
1.0799999,-8.564792,8.670914,0.36554214
1.1,-3.7575107,0.49900287,-0.59375316
1.12,-27.793919,39.916462,0.36554214
1.14,25.08618,-16.485752,-0.114105515
1.16,-8.564792,-10.557112,0.045777034
1.18,58.737152,-12.640147,-0.114105515
1.1999999,-13.372073,0.9797035,-0.4338706
1.22,-8.564792,18.445162,-0.2739881
1.24,5.857053,-0.30216488,0.20565958
1.26,-18.179356,-0.46239844,-0.114105515
1.28,25.08618,-13.120848,-0.114105515
1.3,-32.6012,12.51652,0.045777034
1.3199999,1.049771,16.362125,-0.4338706
1.3399999,-3.7575107,7.3890457,-0.2739881
1.36,-18.179356,-17.76762,-0.59375316
1.38,-27.793919,-11.198046,-0.7536357
1.4,-22.986637,4.6650753,-0.114105515
1.42,10.664334,-8.153608,-0.4338706
1.4399999,-22.986637,-6.0705724,-0.59375316
1.4599999,10.664334,-16.325518,-0.59375316
1.48,-42.215763,18.925863,0.36554214
1.5,-61.44489,-10.717345,-0.2739881
1.52,-3.7575107,-33.470505,0.20565958
1.54,1.049771,16.52236,0.045777034
1.56,20.278896,-7.5126743,-0.7536357
1.5799999,29.893461,48.408844,-0.59375316
1.5999999,1.049771,7.228812,-0.114105515
1.62,20.278896,-16.966454,-0.4338706
1.64,44.315308,-0.46239844,-0.2739881
1.66,-22.986637,-10.717345,-0.114105515
1.68,25.08618,24.854506,-0.114105515
1.6999999,20.278896,14.759789,-0.114105515
1.7199999,20.278896,12.196053,0.5254247
1.74,-3.7575107,20.68843,0.20565958
1.76,1.049771,5.466243,0.20565958
1.78,-22.986637,11.875586,-0.114105515
1.8,-18.179356,-22.895092,-0.4338706
1.8199999,-27.793919,3.0627398,-0.114105515
1.8399999,-8.564792,-9.435476,0.36554214
1.86,25.08618,6.5878778,-0.2739881
1.88,-8.564792,25.174973,-0.2739881
1.9,20.278896,-0.14193134,-0.114105515
1.92,-13.372073,7.3890457,-0.2739881
1.9399999,-3.7575107,27.418243,-0.4338706
1.9599999,-8.564792,4.825309,0.045777034
1.9799999,1.049771,-7.5126743,0.36554214
2.0,53.92987,-27.2214,-0.2739881
2.02,25.08618,5.9469438,0.5254247
2.04,1.049771,71.001785,0.5254247
2.06,-22.986637,18.605394,0.045777034
2.08,-56.637608,-15.844818,-0.2739881
2.1,-3.7575107,-47.09035,-0.7536357
2.12,1.049771,-0.46239844,-0.2739881
2.1399999,20.278896,-9.435476,0.36554214
2.1599998,-3.7575107,-4.3080034,0.5254247
2.18,1.049771,38.95506,0.045777034
2.2,-18.179356,-13.120848,0.045777034
2.22,63.54443,-31.868172,-0.2739881
2.24,5.857053,-1.1033326,0.36554214
2.26,5.857053,16.52236,0.045777034
2.28,-3.7575107,3.2229733,-0.4338706
2.3,-18.179356,-3.026135,-0.4338706
2.32,1.049771,26.617075,0.045777034
2.34,-27.793919,6.1071773,-0.114105515
2.36,1.049771,11.715352,0.20565958
2.3799999,-3.7575107,-24.657661,-0.114105515
2.3999999,10.664334,-26.90093,-0.4338706
2.4199998,-3.7575107,-13.601548,-0.7536357
2.44,39.508022,5.3060093,-0.2739881
2.46,-42.215763,-12.960614,0.36554214
2.48,-8.564792,-6.8717403,0.045777034
2.5,10.664334,-5.429638,-0.114105515
2.52,10.664334,-13.281082,0.045777034
2.54,-3.7575107,-12.800381,-0.4338706
2.56,-13.372073,2.1013381,0.045777034
2.58,44.315308,12.8369875,0.045777034
2.6,15.471616,5.6264763,0.045777034
2.62,1.049771,-7.5126743,-0.4338706
2.6399999,-13.372073,-20.49159,0.045777034
2.6599998,-3.7575107,-11.999213,0.045777034
2.6799998,-22.986637,24.854506,0.68530726
2.7,-61.44489,-37.957043,0.68530726
2.72,20.278896,19.727032,0.20565958
2.74,63.54443,24.694271,0.20565958
2.76,-22.986637,-3.3466022,0.045777034
2.78,-13.372073,17.00306,-0.114105515
2.8,58.737152,-4.14777,0.5254247
2.82,-3.7575107,-2.8659017,-0.114105515
2.84,1.049771,-5.910339,-0.114105515
2.86,15.471616,29.661512,0.045777034
2.8799999,1.049771,-1.9045002,-0.2739881
2.8999999,53.92987,-2.7056682,-0.2739881
2.9199998,5.857053,-12.800381,-0.114105515
2.9399998,5.857053,-13.281082,0.045777034
2.96,20.278896,-10.877579,0.045777034
2.98,-13.372073,29.18081,0.045777034
3.0,5.857053,-5.7501054,0.045777034
3.02,15.471616,-0.30216488,0.045777034
3.04,10.664334,1.6206378,-0.114105515
3.06,-27.793919,-30.426067,-0.2739881
3.08,1.049771,-7.192207,-0.4338706
3.1,44.315308,-27.38163,0.20565958
3.12,-3.7575107,-17.607388,0.36554214
3.1399999,10.664334,-73.6891,-0.7536357
3.1599998,10.664334,-4.948938,-0.2739881
3.1799998,15.471616,-18.248322,0.68530726
3.1999998,5.857053,25.335205,0.36554214
3.22,39.508022,-6.230806,0.36554214
3.24,-3.7575107,14.279089,0.20565958
3.26,15.471616,22.77147,0.5254247
3.28,5.857053,-5.910339,0.045777034
3.3,10.664334,-39.879845,0.68530726
3.32,-47.023045,5.78671,0.8451898
3.34,-8.564792,6.2674108,0.68530726
3.36,15.471616,3.8639073,0.20565958
3.3799999,44.315308,10.433483,-0.59375316
3.3999999,-37.40848,6.1071773,0.20565958
3.4199998,1.049771,10.113016,0.68530726
3.4399998,-3.7575107,-4.6284704,0.20565958
3.46,-27.793919,-0.46239844,0.5254247
3.48,25.08618,7.228812,0.68530726
3.5,15.471616,-14.723184,0.045777034
3.52,20.278896,18.765629,0.20565958
3.54,-3.7575107,-2.7056682,-0.2739881
3.56,77.96628,-20.331356,-0.114105515
3.58,1.049771,9.952783,0.20565958
3.6,20.278896,-12.640147,0.045777034
3.62,-18.179356,-15.844818,0.36554214
3.6399999,10.664334,-8.954777,0.5254247
3.6599998,-3.7575107,-19.209723,0.20565958
3.6799998,10.664334,-38.437744,0.5254247
3.6999998,10.664334,-8.313842,0.68530726
3.72,-18.179356,26.136374,0.8451898
3.74,49.122585,-23.055326,0.20565958
3.76,34.700745,-11.037811,-0.114105515
3.78,-13.372073,-29.785133,0.045777034
3.8,10.664334,-10.076411,0.045777034
3.82,20.278896,-4.14777,0.5254247
3.84,-32.6012,-16.165285,0.68530726
3.86,-27.793919,11.394884,0.20565958
3.8799999,1.049771,-2.2249672,0.5254247
3.8999999,53.92987,-41.00148,0.5254247
3.9199998,-8.564792,23.412403,0.36554214
3.9399998,-32.6012,19.887262,0.20565958
3.9599998,53.92987,23.732868,0.045777034
3.98,-22.986637,22.77147,-0.114105515
4.0,20.278896,28.379642,-0.114105515
4.02,5.857053,-10.396878,0.36554214
4.04,-8.564792,-1.9045002,0.36554214
4.06,-47.023045,-28.343033,-0.114105515
4.08,-3.7575107,0.018302217,-0.2739881
4.1,-47.023045,-30.746534,0.36554214
4.12,1.049771,-0.30216488,-0.114105515
4.14,-18.179356,-7.833141,-0.114105515
4.16,-32.6012,-12.960614,-0.114105515
4.18,15.471616,7.8697467,0.045777034
4.2,5.857053,-11.83898,0.20565958
4.22,-18.179356,6.2674108,-0.4338706
4.24,-13.372073,35.42992,0.20565958
4.2599998,-18.179356,15.080256,-0.114105515
4.2799997,-22.986637,-1.7442669,0.045777034
4.2999997,-22.986637,-24.17696,-0.4338706
4.3199997,-27.793919,7.709513,-0.2739881
4.3399997,-75.86674,39.435764,-0.2739881
4.36,-18.179356,20.848665,-0.2739881
4.38,39.508022,-5.429638,-0.114105515
4.4,20.278896,-32.028404,-0.59375316
4.42,25.08618,-5.910339,0.045777034
4.44,-32.6012,4.825309,0.045777034
4.46,49.122585,13.958622,-0.2739881
4.48,10.664334,5.466243,-0.2739881
4.5,-13.372073,-26.42023,-0.114105515
4.52,25.08618,-46.289185,-0.9135183
4.54,-13.372073,-4.3080034,-0.2739881
4.56,15.471616,25.815907,-0.2739881
4.58,20.278896,-3.9875362,-0.59375316
4.6,15.471616,-3.5068357,-0.2739881
4.62,73.159,-28.823734,0.20565958
4.64,15.471616,-14.242482,-0.2739881
4.66,15.471616,-9.916177,0.045777034
4.68,-22.986637,-30.1056,-0.59375316
4.7,5.857053,19.246328,-0.59375316
4.72,-37.40848,5.78671,0.20565958
4.74,63.54443,-9.275244,-0.114105515
4.7599998,15.471616,-10.557112,-0.2739881
4.7799997,5.857053,-1.4237996,-0.59375316
4.7999997,-42.215763,-17.447153,-0.4338706
4.8199997,34.700745,-2.2249672,-0.2739881
4.8399997,1.049771,-4.14777,0.045777034
4.8599997,-22.986637,-2.385201,-0.114105515
4.88,29.893461,-23.856495,-0.4338706
4.9,20.278896,-13.761782,0.045777034
4.92,44.315308,-4.6284704,0.5254247
4.94,-27.793919,-16.005053,-0.114105515
4.96,5.857053,20.848665,-0.4338706
4.98,-42.215763,3.8639073,0.20565958
5.0,15.471616,-29.624899,-0.59375316
5.02,-13.372073,14.599556,0.045777034
5.04,-32.6012,-25.93953,-0.2739881
5.06,53.92987,-2.7056682,-0.2739881
5.08,20.278896,21.649834,0.36554214
5.1,-37.40848,9.151615,0.36554214
5.12,34.700745,11.875586,-0.114105515
5.14,-13.372073,-8.794542,0.20565958
5.16,5.857053,23.091934,0.20565958
5.18,-3.7575107,12.8369875,0.045777034
5.2,25.08618,50.812347,0.045777034
5.22,1.049771,-1.7442669,-0.2739881
5.24,10.664334,3.5434403,0.20565958
5.2599998,25.08618,-6.3910394,-0.2739881
5.2799997,15.471616,-3.026135,0.045777034
5.2999997,10.664334,19.246328,0.36554214
5.3199997,-32.6012,16.842825,0.20565958
5.3399997,1.049771,-4.948938,0.20565958
5.3599997,-22.986637,-28.823734,0.20565958
5.38,-3.7575107,-28.6635,-0.114105515
5.4,-8.564792,-11.198046,0.20565958
5.42,58.737152,-14.402717,-0.114105515
5.44,15.471616,-3.9875362,-0.114105515
5.46,25.08618,6.4276443,0.045777034
5.48,10.664334,27.738708,0.20565958
5.5,5.857053,-9.59571,0.5254247
5.52,-3.7575107,-8.954777,-0.114105515
5.54,1.049771,6.7481112,0.20565958
5.56,15.471616,-11.678746,-0.114105515
5.58,-3.7575107,22.290768,0.5254247
5.6,58.737152,15.881425,-0.114105515
5.62,-8.564792,7.709513,0.045777034
5.64,15.471616,-0.46239844,0.045777034
5.66,-8.564792,11.875586,0.20565958
5.68,5.857053,29.661512,0.68530726
5.7,-37.40848,22.130533,0.8451898
5.72,-8.564792,14.920023,-0.114105515
5.74,1.049771,-7.192207,-0.114105515
5.7599998,-3.7575107,5.6264763,0.20565958
5.7799997,-37.40848,-0.14193134,0.045777034
5.7999997,-47.023045,-37.155872,-0.114105515
5.8199997,-27.793919,0.49900287,-0.2739881
5.8399997,63.54443,5.3060093,0.045777034
5.8599997,10.664334,-9.59571,0.045777034
5.8799996,-22.986637,-22.414392,0.68530726
5.9,15.471616,-24.337194,0.045777034
5.92,-27.793919,-1.2635663,-0.114105515
5.94,1.049771,-31.067003,-0.2739881
5.96,15.471616,33.827583,0.5254247
5.98,25.08618,6.2674108,0.36554214
6.0,-22.986637,13.157454,0.5254247
6.02,5.857053,-15.684585,0.045777034
6.04,20.278896,-15.524351,-0.59375316
6.06,-18.179356,-33.790974,-0.2739881
6.08,-42.215763,24.534037,0.68530726
6.1,1.049771,2.1013381,-0.59375316
6.12,53.92987,-18.568789,-0.114105515
6.14,1.049771,0.9797035,-0.2739881
6.16,29.893461,30.783146,-0.114105515
6.18,-37.40848,25.335205,0.045777034
6.2,-3.7575107,1.3001705,-0.2739881
6.22,5.857053,41.9995,0.20565958
6.24,5.857053,0.6592364,-0.2739881
6.2599998,-42.215763,10.914185,0.20565958
6.2799997,10.664334,-9.916177,-0.114105515
6.2999997,25.08618,8.510681,-0.59375316
6.3199997,20.278896,-5.2694044,-0.114105515
6.3399997,-27.793919,-14.883417,-0.114105515
6.3599997,-3.7575107,33.50712,0.045777034
6.3799996,-42.215763,14.599556,0.045777034
6.3999996,-3.7575107,11.555119,0.045777034
6.42,-3.7575107,10.433483,0.20565958
6.44,-13.372073,-7.993375,0.20565958
6.46,-8.564792,-38.91844,-0.4338706
6.48,-8.564792,7.3890457,0.5254247
6.5,44.315308,11.394884,0.20565958
6.52,29.893461,2.902506,-0.59375316
6.54,25.08618,4.6650753,-0.114105515
6.56,5.857053,-7.5126743,0.045777034
6.58,-37.40848,-20.331356,-0.114105515
6.6,34.700745,48.569077,0.68530726
6.62,25.08618,40.397163,0.68530726
6.64,-3.7575107,12.196053,-0.4338706
6.66,10.664334,6.908345,0.20565958
6.68,-32.6012,-48.85292,0.045777034
6.7,-42.215763,-18.729021,0.045777034
6.72,34.700745,13.958622,-0.2739881
6.74,-18.179356,50.01118,-0.114105515
6.7599998,15.471616,-18.248322,-0.7536357
6.7799997,10.664334,-14.242482,-0.4338706
6.7999997,1.049771,14.1188545,-0.114105515
6.8199997,-56.637608,-38.597977,0.20565958
6.8399997,-8.564792,7.8697467,0.36554214
6.8599997,-3.7575107,-15.524351,0.045777034
6.8799996,5.857053,-9.275244,0.045777034
6.8999996,29.893461,-25.45883,-0.7536357
6.92,-22.986637,-7.5126743,-0.114105515
6.94,-3.7575107,3.8639073,0.20565958
6.96,10.664334,34.949223,0.5254247
6.98,-13.372073,-19.369957,-0.114105515
7.0,-8.564792,25.335205,-0.114105515
7.02,-37.40848,52.414684,0.5254247
7.04,5.857053,2.7422726,0.5254247
7.06,-22.986637,-19.690422,0.68530726
7.08,-37.40848,1.9411048,0.5254247
7.1,-13.372073,-3.026135,0.20565958
7.12,-3.7575107,18.765629,0.20565958
7.14,5.857053,27.738708,-0.114105515
7.16,-13.372073,15.72119,-0.2739881
7.18,20.278896,-5.589872,-0.2739881
7.2,20.278896,-9.59571,-0.114105515
7.22,5.857053,46.48604,0.68530726
7.24,5.857053,2.4218054,0.045777034
7.2599998,44.315308,-1.1033326,-0.2739881
7.2799997,10.664334,-0.46239844,0.20565958
7.2999997,-22.986637,-13.761782,-0.2739881
7.3199997,53.92987,30.622915,-0.114105515
7.3399997,25.08618,11.715352,-0.59375316
7.3599997,10.664334,2.1013381,-0.2739881
7.3799996,-18.179356,8.02998,0.36554214
7.3999996,20.278896,-5.429638,0.20565958
7.4199996,-3.7575107,4.024141,0.045777034
7.44,34.700745,33.186653,-0.114105515
7.46,-27.793919,15.72119,0.20565958
7.48,-8.564792,-7.5126743,0.20565958
7.5,-3.7575107,12.676753,0.68530726
7.52,58.737152,-0.46239844,0.045777034
7.54,15.471616,-27.061165,-0.2739881
7.56,-13.372073,-1.4237996,-0.2739881
7.58,53.92987,17.804228,0.20565958
7.6,1.049771,2.261572,0.36554214
7.62,10.664334,11.074417,0.36554214
7.64,20.278896,4.3446083,0.20565958
7.66,-3.7575107,-1.1033326,-0.114105515
7.68,15.471616,9.151615,0.045777034
7.7,10.664334,19.246328,-0.114105515
7.72,-47.023045,5.145776,-0.114105515
7.74,-8.564792,8.510681,-0.114105515
7.7599998,-18.179356,-4.6284704,-0.114105515
7.7799997,1.049771,-29.1442,0.5254247
7.7999997,-22.986637,-6.3910394,0.20565958
7.8199997,-32.6012,21.649834,0.20565958
7.8399997,-18.179356,37.67319,-0.4338706
7.8599997,44.315308,-10.076411,-0.114105515
7.8799996,-8.564792,18.124695,0.36554214
7.8999996,-27.793919,4.184375,0.045777034
7.9199996,-51.830326,-5.429638,0.20565958
7.94,-27.793919,28.539877,0.045777034
7.96,-18.179356,12.196053,-0.114105515
7.98,1.049771,27.258009,-0.59375316
8.0,-3.7575107,13.157454,0.5254247
8.0199995,-13.372073,-37.636574,0.045777034
8.04,20.278896,-8.954777,0.045777034
8.059999,10.664334,-13.281082,-0.114105515
8.08,-18.179356,25.335205,0.045777034
8.099999,-3.7575107,22.451,0.045777034
8.12,-22.986637,15.881425,0.045777034
8.139999,-47.023045,-9.755944,-0.2739881
8.16,-22.986637,39.435764,-0.2739881
8.179999,10.664334,-22.73486,-0.2739881
8.2,-3.7575107,-1.7442669,-0.4338706
8.22,-8.564792,-14.562949,-0.114105515
8.24,10.664334,29.020578,-0.114105515
8.26,-8.564792,-34.59214,-0.4338706
8.28,29.893461,0.33876932,0.045777034
8.3,-13.372073,5.3060093,-0.114105515
8.32,-3.7575107,26.136374,0.36554214
8.34,-32.6012,5.9469438,0.5254247
8.36,-22.986637,16.842825,0.5254247
8.38,-8.564792,-28.343033,0.20565958
8.4,-3.7575107,-7.5126743,-0.7536357
8.42,-22.986637,24.213572,0.045777034
8.44,77.96628,38.474358,-0.114105515
8.46,-22.986637,4.825309,-0.114105515
8.48,-8.564792,-13.601548,-0.2739881
8.5,5.857053,-92.43642,-0.2739881
8.5199995,-3.7575107,-21.292757,-0.114105515
8.54,-8.564792,42.640434,0.36554214
8.559999,15.471616,44.24277,0.8451898
8.58,-3.7575107,-15.844818,-0.114105515
8.599999,5.857053,3.7036738,-0.2739881
8.62,-3.7575107,-12.159447,-0.2739881
8.639999,-8.564792,13.157454,-0.4338706
8.66,-8.564792,1.139937,0.5254247
8.679999,10.664334,-13.281082,0.045777034
8.7,29.893461,50.491882,-0.114105515
8.72,-8.564792,-11.358279,-0.4338706
8.74,39.508022,-2.5454345,0.045777034
8.76,-3.7575107,-6.711507,0.045777034
8.78,1.049771,2.5820389,0.20565958
8.8,49.122585,24.854506,-0.2739881
8.82,-22.986637,-7.993375,0.045777034
8.84,-42.215763,16.362125,-0.114105515
8.86,5.857053,-6.711507,-0.114105515
8.88,-3.7575107,-38.437744,-0.2739881
8.9,10.664334,-17.447153,-0.7536357
8.92,-3.7575107,9.952783,0.045777034
8.94,-27.793919,13.638155,-0.2739881
8.96,-27.793919,8.02998,-0.114105515
8.98,-8.564792,-10.717345,-0.2739881
9.0,1.049771,-4.948938,0.045777034
9.0199995,-8.564792,-7.0319734,0.36554214
9.04,25.08618,-24.337194,0.20565958
9.059999,1.049771,4.825309,0.20565958
9.08,-18.179356,-8.954777,-0.114105515
9.099999,-13.372073,-10.396878,0.20565958
9.12,-18.179356,-7.672908,0.045777034
9.139999,1.049771,33.346886,0.5254247
9.16,-3.7575107,-10.396878,-0.2739881
9.179999,-13.372073,-12.640147,0.20565958
9.2,-22.986637,21.329365,0.20565958
9.22,44.315308,-32.34887,-0.114105515
9.24,15.471616,-13.761782,0.20565958
9.26,5.857053,2.4218054,-0.2739881
9.28,5.857053,-11.037811,-0.4338706
9.3,-3.7575107,5.3060093,-0.2739881
9.32,10.664334,-17.126686,-0.2739881
9.34,-13.372073,15.881425,0.045777034
9.36,20.278896,-14.562949,0.045777034
9.38,1.049771,0.9797035,-0.2739881
9.4,15.471616,0.33876932,-0.2739881
9.42,15.471616,0.018302217,0.045777034
9.44,-27.793919,-11.678746,0.045777034
9.46,-8.564792,-2.7056682,-0.114105515
9.48,34.700745,-0.46239844,0.045777034
9.5,15.471616,-24.657661,0.20565958
9.5199995,-8.564792,13.798388,0.36554214
9.54,5.857053,0.81947,0.045777034
9.559999,-13.372073,52.09422,0.045777034
9.58,-3.7575107,-9.916177,-0.59375316
9.599999,-90.288574,-6.711507,0.36554214
9.62,15.471616,-17.126686,0.045777034
9.639999,15.471616,2.4218054,0.20565958
9.66,-3.7575107,15.24049,-0.114105515
9.679999,39.508022,23.412403,0.045777034
9.7,-32.6012,15.560958,0.045777034
9.719999,-8.564792,11.074417,0.045777034
9.74,25.08618,34.78899,-0.114105515
9.76,1.049771,14.759789,-0.114105515
9.78,25.08618,19.727032,-0.4338706
9.8,-18.179356,-3.026135,0.20565958
9.82,1.049771,-13.601548,0.045777034
9.84,-8.564792,-6.230806,0.045777034
9.86,-61.44489,-7.5126743,-0.114105515
9.88,-42.215763,39.435764,-0.114105515
9.9,-27.793919,-7.5126743,-0.114105515
9.92,-8.564792,22.611235,0.20565958
9.94,-3.7575107,-17.286919,-0.2739881
9.96,-22.986637,-9.59571,0.20565958
9.98,39.508022,4.024141,-0.4338706
10.0,-32.6012,18.925863,0.20565958
10.0199995,10.664334,2.902506,0.20565958
10.04,-18.179356,-25.138361,0.045777034
10.059999,-8.564792,-28.182798,0.20565958
10.08,20.278896,-16.966454,-0.114105515
10.099999,1.049771,4.184375,0.5254247
10.12,44.315308,-9.435476,0.20565958
10.139999,25.08618,-1.5840333,-0.2739881
10.16,-13.372073,9.792548,0.20565958
10.179999,25.08618,-36.03424,0.045777034
10.2,-27.793919,14.599556,0.36554214
10.219999,-3.7575107,27.097775,0.5254247
10.24,-56.637608,23.572638,0.045777034
10.26,29.893461,-16.165285,0.5254247
10.28,-8.564792,20.848665,0.045777034
10.3,15.471616,-19.209723,0.045777034
10.32,73.159,49.21001,0.20565958
10.34,10.664334,51.613518,0.20565958
10.36,15.471616,8.831148,0.36554214
10.38,53.92987,-15.844818,-0.114105515
10.4,-8.564792,9.311849,0.36554214
10.42,-27.793919,13.157454,0.20565958
10.44,58.737152,-3.5068357,0.20565958
10.46,-3.7575107,-7.833141,0.5254247
10.48,-13.372073,4.184375,-0.114105515
10.5,-8.564792,-15.203884,-0.4338706
10.5199995,-13.372073,54.818188,0.045777034
10.54,15.471616,10.75395,0.8451898
10.559999,10.664334,-0.30216488,0.36554214
10.58,77.96628,-9.755944,0.045777034
10.599999,25.08618,-22.895092,-0.114105515
10.62,-3.7575107,-24.978128,-0.114105515
10.639999,20.278896,-2.8659017,0.5254247
10.66,1.049771,-19.690422,0.36554214
10.679999,10.664334,7.709513,-0.114105515
10.7,15.471616,-9.435476,0.36554214
10.719999,-42.215763,27.418243,0.045777034
10.74,34.700745,14.759789,-0.114105515
10.76,5.857053,58.663795,0.20565958
10.78,-32.6012,8.350447,0.20565958
10.8,34.700745,-5.7501054,-0.2739881
10.82,15.471616,0.9797035,0.36554214
10.84,-8.564792,-7.5126743,0.045777034
10.86,-8.564792,80.455574,0.20565958
10.88,53.92987,35.42992,0.20565958
10.9,15.471616,-8.313842,-0.4338706
10.92,5.857053,-19.690422,0.045777034
10.94,15.471616,20.68843,0.68530726
10.96,58.737152,10.27325,-0.2739881
10.98,-32.6012,31.744547,0.20565958
11.0,15.471616,7.3890457,0.045777034
11.0199995,44.315308,-29.945368,0.5254247
11.04,10.664334,-6.8717403,0.045777034
11.059999,10.664334,7.0685787,0.36554214
11.08,102.002686,15.560958,-0.114105515
11.099999,-8.564792,-5.589872,0.045777034
11.12,68.35171,-38.597977,0.36554214
11.139999,-8.564792,15.560958,0.8451898
11.16,-8.564792,-9.435476,-0.2739881
11.179999,25.08618,23.412403,0.36554214
11.2,10.664334,3.7036738,0.68530726
11.219999,-37.40848,8.350447,0.8451898
11.24,1.049771,-9.115009,0.5254247
11.259999,68.35171,-14.883417,0.045777034
11.28,68.35171,4.6650753,0.045777034
11.3,5.857053,-0.7828655,0.36554214
11.32,-3.7575107,30.142212,1.0050724
11.34,29.893461,-0.46239844,0.36554214
11.36,5.857053,-6.711507,0.5254247
11.38,1.049771,-10.236644,0.5254247
11.4,34.700745,15.560958,0.8451898
11.42,44.315308,-7.833141,0.68530726
11.44,10.664334,27.418243,1.0050724
11.46,44.315308,4.6650753,0.045777034
11.48,-37.40848,34.46852,-0.2739881
11.5,1.049771,1.7808713,-0.114105515
11.5199995,25.08618,-10.396878,0.20565958
11.54,5.857053,-23.055326,0.8451898
11.559999,15.471616,-9.59571,0.5254247
11.58,-3.7575107,25.335205,0.045777034
11.599999,1.049771,0.17853576,-0.2739881
11.62,49.122585,-27.702099,0.5254247
11.639999,5.857053,-10.076411,0.8451898
11.66,25.08618,-13.120848,0.5254247
11.679999,-3.7575107,12.676753,0.36554214
11.7,5.857053,45.20417,0.5254247
11.719999,-22.986637,53.21585,-0.114105515
11.74,25.08618,0.81947,-0.114105515
11.759999,5.857053,3.5434403,0.045777034
11.78,10.664334,-8.153608,0.045777034
11.8,-13.372073,10.75395,0.045777034
11.82,-18.179356,-5.910339,-0.2739881
11.84,-13.372073,2.1013381,-0.114105515
11.86,-37.40848,-24.817896,-0.114105515
11.88,10.664334,7.3890457,0.20565958
11.9,-22.986637,13.798388,0.36554214
11.92,-18.179356,21.810066,0.20565958
11.94,1.049771,-13.120848,0.36554214
11.96,-3.7575107,-11.518513,1.0050724
11.98,10.664334,5.3060093,0.20565958
12.0,10.664334,-1.7442669,0.045777034
12.0199995,44.315308,-33.470505,-0.59375316
12.04,1.049771,-10.877579,0.20565958
12.059999,10.664334,31.263847,0.20565958
12.08,15.471616,25.174973,-0.2739881
12.099999,15.471616,-10.717345,0.045777034
12.12,-13.372073,-65.0365,-0.114105515
12.139999,34.700745,14.279089,0.045777034
12.16,-3.7575107,8.02998,0.36554214
12.179999,34.700745,-15.04365,0.045777034
12.2,63.54443,7.8697467,0.20565958
12.219999,34.700745,11.234652,0.045777034
12.24,-3.7575107,3.3832066,0.5254247
12.259999,-37.40848,-4.3080034,0.36554214
12.28,-3.7575107,30.622915,0.20565958
12.3,-8.564792,17.163294,0.20565958
12.32,15.471616,-39.879845,-0.114105515
12.34,-32.6012,7.0685787,-0.114105515
12.36,10.664334,27.258009,0.8451898
12.38,29.893461,13.958622,0.36554214
12.4,-3.7575107,32.70595,0.8451898
12.42,5.857053,-18.729021,0.045777034
12.44,15.471616,-21.292757,0.045777034
12.46,-13.372073,-13.441315,0.045777034
12.48,39.508022,3.7036738,0.045777034
12.5,5.857053,8.991381,0.36554214
12.5199995,1.049771,-6.5512733,-0.2739881
12.54,10.664334,-12.31968,-0.4338706
12.559999,-13.372073,-16.645985,-0.2739881
12.58,15.471616,3.0627398,0.20565958
12.599999,25.08618,43.601833,0.8451898
12.62,-13.372073,-10.396878,0.20565958
12.639999,-8.564792,-5.7501054,-0.114105515
12.66,15.471616,26.45684,-0.114105515
12.679999,5.857053,-11.358279,-0.114105515
12.7,39.508022,30.622915,-0.2739881
12.719999,-13.372073,15.24049,0.045777034
12.74,20.278896,-14.242482,-0.59375316
12.759999,49.122585,-9.115009,0.045777034
12.78,-18.179356,-9.755944,-0.4338706
12.799999,-13.372073,18.605394,0.5254247
12.82,-37.40848,20.848665,0.5254247
12.84,5.857053,-37.47634,0.045777034
12.86,-3.7575107,-7.352441,0.045777034
12.88,1.049771,41.358562,0.8451898
12.9,5.857053,-5.429638,-0.114105515
12.92,1.049771,0.6592364,-0.4338706
12.94,-18.179356,-31.868172,-0.2739881
12.96,92.38812,45.68487,0.045777034
12.98,-3.7575107,16.52236,0.68530726
13.0,-13.372073,-3.827303,0.20565958
13.0199995,-22.986637,-33.150036,0.20565958
13.04,-32.6012,-8.153608,0.20565958
13.059999,-22.986637,-4.3080034,-0.7536357
13.08,-47.023045,-9.115009,0.20565958
13.099999,5.857053,-6.230806,0.68530726
13.12,20.278896,22.290768,0.36554214
13.139999,-18.179356,-4.14777,0.045777034
13.16,-8.564792,0.33876932,0.36554214
13.179999,25.08618,-2.7056682,-0.4338706
13.2,15.471616,23.893103,0.5254247
13.219999,29.893461,-19.209723,0.36554214
13.24,29.893461,-8.153608,-0.114105515
13.259999,1.049771,-17.447153,0.045777034
13.28,-13.372073,17.163294,0.20565958
13.299999,-27.793919,-9.275244,0.20565958
13.32,5.857053,3.0627398,0.045777034
13.34,-22.986637,6.5878778,0.20565958
13.36,1.049771,36.71179,-0.114105515
13.38,-18.179356,3.3832066,-0.59375316
13.4,5.857053,21.9703,-0.2739881
13.42,-3.7575107,6.2674108,0.045777034
13.44,-18.179356,3.5434403,0.20565958
13.46,-18.179356,-44.045914,0.045777034
13.48,34.700745,-16.325518,-0.2739881
13.5,-37.40848,29.341045,0.20565958
13.5199995,25.08618,2.7422726,0.20565958
13.54,-3.7575107,14.1188545,-0.114105515
13.559999,-18.179356,-19.369957,-0.2739881
13.58,20.278896,-2.385201,-0.2739881
13.599999,-18.179356,22.77147,-0.114105515
13.62,15.471616,14.759789,-0.114105515
13.639999,68.35171,-2.7056682,-0.59375316
13.66,-8.564792,-11.037811,-0.7536357
13.679999,20.278896,-10.396878,-0.4338706
13.7,-22.986637,-59.748795,-0.7536357
13.719999,-18.179356,-15.203884,-0.59375316
13.74,1.049771,31.584314,0.36554214
13.759999,-3.7575107,-9.115009,-0.2739881
13.78,-32.6012,-3.1863687,-0.2739881
13.799999,-13.372073,-41.00148,-0.2739881
13.82,15.471616,4.825309,0.36554214
13.84,5.857053,12.8369875,0.5254247
13.86,-13.372073,-5.910339,-0.114105515
13.88,-3.7575107,26.45684,0.36554214
13.9,-42.215763,-14.883417,0.20565958
13.92,10.664334,4.9855423,0.5254247
13.94,10.664334,4.024141,-0.114105515
13.96,29.893461,-0.7828655,0.36554214
13.98,49.122585,-8.634309,-0.7536357
14.0,-13.372073,-5.7501054,-0.114105515
14.0199995,53.92987,-16.966454,-0.2739881
14.04,-3.7575107,-4.6284704,-0.2739881
14.059999,34.700745,8.831148,0.045777034
14.08,10.664334,-33.470505,0.045777034
14.099999,-22.986637,-7.192207,-0.114105515
14.12,29.893461,0.49900287,0.045777034
14.139999,77.96628,18.284927,-0.2739881
14.16,-8.564792,8.350447,-0.114105515
14.179999,15.471616,-9.435476,0.045777034
14.2,-18.179356,-75.451675,0.045777034
14.219999,15.471616,-21.132523,0.20565958
14.24,25.08618,-6.711507,0.36554214
14.259999,-3.7575107,-16.165285,-0.2739881
14.28,34.700745,-25.45883,0.20565958
14.299999,25.08618,-11.198046,0.5254247
14.32,-13.372073,1.6206378,0.68530726
14.34,-22.986637,-8.794542,0.20565958
14.36,1.049771,-11.999213,-0.114105515
14.38,5.857053,18.605394,0.045777034
14.4,-8.564792,20.207731,0.20565958
14.42,29.893461,15.560958,-0.114105515
14.44,-3.7575107,-4.14777,0.045777034
14.46,34.700745,-16.165285,-0.114105515
14.48,-22.986637,3.7036738,0.5254247
14.5,34.700745,-6.8717403,0.045777034
14.5199995,10.664334,-9.916177,-0.2739881
14.54,-61.44489,1.9411048,0.045777034
14.559999,15.471616,-8.634309,0.5254247
14.58,-22.986637,7.228812,0.5254247
14.599999,-27.793919,37.99366,0.36554214
14.62,-8.564792,-6.711507,-0.114105515
14.639999,39.508022,-80.73938,-0.9135183
14.66,63.54443,17.00306,-0.2739881
14.679999,-18.179356,-0.14193134,0.045777034
14.7,25.08618,-24.016727,0.20565958
14.719999,-71.05945,-7.833141,0.20565958
14.74,-27.793919,-33.310272,-0.114105515
14.759999,-27.793919,-7.352441,0.045777034
14.78,-22.986637,-20.171124,0.045777034
14.799999,10.664334,-50.775723,0.20565958
14.82,-13.372073,1.9411048,-0.2739881
14.839999,5.857053,2.4218054,0.20565958
14.86,25.08618,14.759789,0.20565958
14.88,-18.179356,24.694271,0.045777034
14.9,-3.7575107,-14.562949,0.045777034
14.92,25.08618,2.902506,0.045777034
14.94,-22.986637,-23.21556,-0.114105515
14.96,20.278896,6.5878778,-0.114105515
14.98,20.278896,-21.933691,0.045777034
15.0,102.002686,-11.83898,-0.2739881
15.0199995,1.049771,11.875586,0.36554214
15.04,10.664334,-17.76762,-0.114105515
15.059999,39.508022,48.569077,0.36554214
15.08,20.278896,38.794827,0.045777034
15.099999,29.893461,-52.217823,0.36554214
15.12,10.664334,-19.690422,0.20565958
15.139999,-13.372073,-43.72545,0.045777034
15.16,-18.179356,-17.286919,-0.114105515
15.179999,-18.179356,-25.779295,-0.2739881
15.2,-8.564792,-28.983965,-0.2739881
15.219999,-3.7575107,-29.624899,-0.7536357
15.24,39.508022,-24.17696,-0.9135183
15.259999,-37.40848,4.9855423,-0.4338706
15.28,1.049771,-5.1091714,0.68530726
15.299999,10.664334,-26.259996,-0.2739881
15.32,-37.40848,-7.833141,0.20565958
15.339999,5.857053,20.68843,-0.4338706
15.36,25.08618,18.765629,-0.114105515
15.38,15.471616,23.732868,0.20565958
15.4,49.122585,-2.5454345,-0.114105515
15.42,25.08618,-0.30216488,0.20565958
15.44,20.278896,6.2674108,0.045777034
15.46,-3.7575107,28.860344,0.20565958
15.48,49.122585,-24.337194,-0.4338706
15.5,1.049771,-4.948938,-0.4338706
15.5199995,29.893461,-16.645985,0.045777034
15.54,15.471616,4.024141,-0.4338706
15.559999,1.049771,9.311849,0.5254247
15.58,15.471616,23.252169,0.36554214
15.599999,-51.830326,-2.8659017,-0.2739881
15.62,68.35171,3.5434403,-0.4338706
15.639999,20.278896,21.0089,-0.114105515
15.66,10.664334,2.1013381,-0.2739881
15.679999,-22.986637,-25.779295,-0.59375316
15.7,10.664334,-19.369957,-0.114105515
15.719999,20.278896,-17.607388,-0.4338706
15.74,5.857053,12.51652,0.045777034
15.759999,1.049771,4.024141,0.045777034
15.78,-71.05945,-5.2694044,-0.114105515
15.799999,-8.564792,0.9797035,-0.2739881
15.82,-3.7575107,-11.518513,0.20565958
15.839999,-3.7575107,-28.6635,0.5254247
15.86,10.664334,-9.435476,-0.4338706
15.88,34.700745,28.379642,-0.2739881
15.9,-27.793919,-7.352441,0.36554214
15.92,-3.7575107,-12.31968,-0.114105515
15.94,1.049771,6.908345,0.20565958
15.96,-61.44489,-21.613226,-0.2739881
15.98,1.049771,2.7422726,-0.114105515
16.0,1.049771,0.9797035,0.36554214
16.02,63.54443,18.445162,-0.114105515
16.039999,-8.564792,13.477921,0.045777034
16.06,-22.986637,46.646275,0.045777034
16.08,5.857053,15.24049,-0.114105515
16.1,-3.7575107,15.881425,0.045777034
16.119999,10.664334,-41.321945,0.045777034
16.14,-13.372073,9.151615,0.5254247
16.16,-13.372073,-31.707935,-0.4338706
16.18,34.700745,-23.69626,-0.2739881
16.199999,-18.179356,-34.752373,-0.114105515
16.22,15.471616,19.406563,-0.7536357
16.24,15.471616,5.3060093,0.045777034
16.26,-8.564792,1.139937,0.5254247
16.279999,-3.7575107,-9.115009,-0.59375316
16.3,-8.564792,17.163294,-0.2739881
16.32,20.278896,-13.120848,-0.7536357
16.34,5.857053,-6.0705724,0.20565958
16.359999,15.471616,-8.153608,0.045777034
16.38,15.471616,-41.00148,0.36554214
16.4,-8.564792,14.279089,0.045777034
16.42,39.508022,-5.589872,0.36554214
16.44,10.664334,-4.7887044,0.045777034
16.46,-8.564792,3.3832066,0.5254247
16.48,63.54443,14.279089,0.36554214
16.5,5.857053,16.842825,0.68530726
16.52,25.08618,16.041658,0.36554214
16.539999,-13.372073,19.727032,-0.114105515
16.56,-3.7575107,17.163294,0.36554214
16.58,25.08618,-12.960614,-0.2739881
16.6,-27.793919,45.52464,0.5254247
16.619999,-3.7575107,-2.8659017,-0.2739881
16.64,20.278896,10.593717,0.045777034
16.66,39.508022,14.759789,-0.4338706
16.68,-27.793919,1.6206378,-0.114105515
16.699999,1.049771,-23.856495,-0.4338706
16.72,-27.793919,-35.71377,0.045777034
16.74,1.049771,19.566797,0.5254247
16.76,34.700745,-0.7828655,-0.114105515
16.779999,34.700745,-1.9045002,0.20565958
16.8,-22.986637,-32.188637,-0.59375316
16.82,10.664334,-41.802643,-0.114105515
16.84,1.049771,-3.6670694,-0.114105515
16.859999,-18.179356,15.72119,0.20565958
16.88,58.737152,-3.1863687,-0.4338706
16.9,15.471616,-22.895092,0.20565958
16.92,10.664334,-30.426067,0.20565958
16.94,53.92987,32.545715,0.045777034
16.96,5.857053,3.7036738,0.045777034
16.98,20.278896,7.3890457,0.68530726
17.0,34.700745,-18.088087,-0.114105515
17.02,39.508022,6.4276443,0.20565958
17.039999,10.664334,-9.115009,0.5254247
17.06,53.92987,-30.265835,-0.4338706
17.08,5.857053,-15.844818,-0.2739881
17.1,-47.023045,7.8697467,0.5254247
17.119999,49.122585,4.9855423,-0.4338706
17.14,15.471616,-14.562949,-0.4338706
17.16,15.471616,-25.93953,-0.2739881
17.18,63.54443,-0.62263197,0.20565958
17.199999,58.737152,-23.536026,-0.114105515
17.22,-27.793919,-23.21556,-0.9135183
17.24,29.893461,8.670914,0.045777034
17.26,10.664334,44.24277,0.045777034
17.279999,-13.372073,7.709513,0.5254247
17.3,-42.215763,-14.242482,0.045777034
17.32,34.700745,-19.209723,-0.2739881
17.34,15.471616,18.284927,0.20565958
17.359999,-13.372073,-55.742958,-0.114105515
17.38,5.857053,-4.7887044,0.045777034
17.4,15.471616,-60.870426,-0.2739881
17.42,1.049771,-11.999213,-0.114105515
17.44,25.08618,6.1071773,0.045777034
17.46,1.049771,8.350447,0.045777034
17.48,44.315308,-0.7828655,0.36554214
17.5,-8.564792,12.196053,0.20565958
17.52,10.664334,22.611235,0.20565958
17.539999,5.857053,-0.30216488,0.20565958
17.56,1.049771,-13.281082,0.045777034
17.58,1.049771,18.765629,0.5254247
17.6,1.049771,-20.972292,0.20565958
17.619999,-32.6012,9.311849,0.5254247
17.64,1.049771,39.435764,0.045777034
17.66,-18.179356,25.335205,0.045777034
17.68,39.508022,-2.385201,0.5254247
17.699999,10.664334,3.2229733,0.20565958
17.72,1.049771,-14.562949,0.5254247
17.74,-3.7575107,17.483759,-0.114105515
17.76,-8.564792,42.159733,0.5254247
17.779999,29.893461,-32.669334,0.045777034
17.8,5.857053,-29.945368,-0.4338706
17.82,-66.25217,2.7422726,0.045777034
17.84,-56.637608,-13.761782,0.045777034
17.859999,5.857053,-22.414392,-0.2739881
17.88,20.278896,34.308285,0.045777034
17.9,92.38812,8.510681,0.20565958
17.92,-3.7575107,-6.230806,-0.2739881
17.94,-13.372073,-1.4237996,-0.4338706
17.96,10.664334,10.914185,0.36554214
17.98,-18.179356,6.2674108,0.20565958
18.0,-8.564792,-8.313842,0.045777034
18.02,5.857053,4.504842,0.36554214
18.039999,20.278896,0.17853576,-0.2739881
18.06,20.278896,8.831148,-0.2739881
18.08,-22.986637,-8.313842,0.20565958
18.1,15.471616,28.539877,0.045777034
18.119999,15.471616,6.5878778,0.045777034
18.14,15.471616,-16.80622,-0.114105515
18.16,44.315308,11.234652,0.20565958
18.18,-8.564792,28.379642,-0.114105515
18.199999,15.471616,9.632316,0.20565958
18.22,-13.372073,-4.948938,0.36554214
18.24,-8.564792,-10.717345,0.045777034
18.26,-47.023045,4.504842,0.045777034
18.279999,29.893461,14.920023,-0.2739881
18.3,25.08618,-32.669334,-0.2739881
18.32,1.049771,-17.76762,0.20565958
18.34,-22.986637,-1.4237996,0.045777034
18.359999,73.159,-4.7887044,-0.114105515
18.38,-13.372073,-4.6284704,0.36554214
18.4,10.664334,-29.945368,-0.114105515
18.42,-47.023045,51.132812,0.68530726
18.44,-18.179356,-14.883417,0.68530726
18.46,29.893461,-13.761782,0.20565958
18.48,34.700745,7.228812,-0.114105515
18.5,-3.7575107,-23.21556,-0.4338706
18.52,29.893461,12.51652,0.20565958
18.539999,5.857053,22.451,0.36554214
18.56,-3.7575107,-36.514942,0.045777034
18.58,20.278896,-6.0705724,-0.2739881
18.6,-22.986637,-1.4237996,-0.114105515
18.619999,15.471616,12.356286,0.36554214
18.64,15.471616,-34.111435,-0.114105515
18.66,-22.986637,12.196053,0.045777034
18.68,-8.564792,-11.037811,0.20565958
18.699999,-8.564792,6.7481112,0.20565958
18.72,29.893461,54.818188,0.36554214
18.74,-8.564792,24.534037,0.045777034
18.76,-3.7575107,-18.248322,-0.59375316
18.779999,10.664334,-9.916177,0.045777034
18.8,20.278896,-0.46239844,-0.59375316
18.82,25.08618,22.290768,0.5254247
18.84,1.049771,34.46852,-0.114105515
18.859999,73.159,-3.1863687,0.5254247
18.88,15.471616,-4.14777,0.8451898
18.9,15.471616,1.3001705,0.68530726
18.92,10.664334,5.9469438,0.5254247
18.939999,-13.372073,-13.601548,0.20565958
18.96,5.857053,-6.8717403,-0.4338706
18.98,34.700745,-9.435476,-0.4338706
19.0,25.08618,-34.111435,-0.9135183
19.02,15.471616,20.848665,0.045777034
19.039999,20.278896,0.81947,0.045777034
19.06,-8.564792,-4.7887044,0.045777034
19.08,1.049771,-3.026135,-0.2739881
19.1,-8.564792,-30.1056,-0.59375316
19.119999,5.857053,-4.6284704,0.20565958
19.14,58.737152,0.81947,0.045777034
19.16,68.35171,-4.948938,0.68530726
19.18,-42.215763,-18.729021,0.045777034
19.199999,-37.40848,39.916462,0.20565958
19.22,49.122585,21.329365,-0.4338706
19.24,1.049771,-2.8659017,-0.4338706
19.26,-32.6012,-9.916177,0.68530726
19.279999,-22.986637,-12.640147,0.5254247
19.3,-13.372073,-2.385201,0.045777034
19.32,-8.564792,20.528198,-0.114105515
19.34,10.664334,1.139937,0.36554214
19.359999,-13.372073,3.3832066,-0.2739881
19.38,44.315308,7.0685787,-0.2739881
19.4,-3.7575107,-10.557112,-0.114105515
19.42,-13.372073,1.139937,0.045777034
19.439999,-22.986637,1.3001705,-0.59375316
19.46,-8.564792,-1.4237996,0.20565958
19.48,1.049771,-8.634309,0.20565958
19.5,-13.372073,12.035819,0.045777034
19.52,15.471616,-12.960614,0.68530726
19.539999,10.664334,26.617075,0.36554214
19.56,-27.793919,14.599556,-0.114105515
19.58,44.315308,6.4276443,-0.4338706
19.6,1.049771,-47.731285,-0.59375316
19.619999,20.278896,18.284927,0.20565958
19.64,-22.986637,-11.999213,-0.114105515
19.66,-27.793919,-32.188637,-0.4338706
19.68,15.471616,-0.30216488,0.045777034
19.699999,-13.372073,-10.396878,-0.114105515
19.72,20.278896,5.6264763,0.20565958
19.74,15.471616,-19.369957,0.20565958
19.76,-13.372073,13.317687,-0.114105515
19.779999,10.664334,-18.088087,-0.2739881
19.8,1.049771,23.572638,-0.114105515
19.82,-3.7575107,7.8697467,-0.114105515
19.84,-13.372073,26.777308,0.36554214
19.859999,25.08618,-1.1033326,0.045777034
19.88,5.857053,12.51652,0.20565958
19.9,1.049771,16.842825,-0.114105515
19.92,-27.793919,16.362125,0.045777034
19.939999,-3.7575107,47.767906,-0.114105515
19.96,20.278896,0.33876932,-0.2739881
19.98,-8.564792,18.445162,0.20565958
20.0,-3.7575107,-8.153608,-0.114105515
20.02,-3.7575107,10.433483,-0.114105515
20.039999,-42.215763,13.317687,-0.59375316
20.06,25.08618,14.439322,0.045777034
20.08,10.664334,-13.761782,-0.2739881
20.1,20.278896,-25.45883,-0.2739881
20.119999,-27.793919,20.68843,-0.114105515
20.14,-3.7575107,26.777308,0.5254247
20.16,-47.023045,25.174973,0.20565958
20.18,-13.372073,-46.930115,-0.2739881
20.199999,1.049771,-13.120848,-0.2739881
20.22,-42.215763,10.113016,0.20565958
20.24,25.08618,-19.850657,0.045777034
20.26,-32.6012,-5.910339,-0.2739881
20.279999,29.893461,-21.132523,-0.114105515
20.3,-32.6012,25.815907,-0.114105515
20.32,-18.179356,-18.088087,0.36554214
20.34,-56.637608,3.7036738,0.045777034
20.359999,49.122585,0.17853576,0.20565958
20.38,-37.40848,3.2229733,0.36554214
20.4,10.664334,-15.844818,-0.114105515
20.42,5.857053,20.207731,-0.2739881
20.439999,-3.7575107,-1.5840333,-0.114105515
20.46,5.857053,-4.948938,-0.4338706
20.48,-37.40848,-18.889254,-0.4338706
20.5,15.471616,-2.5454345,-0.2739881
20.52,-3.7575107,-44.68685,-0.4338706
20.539999,25.08618,16.52236,-0.114105515
20.56,1.049771,-13.761782,0.045777034
20.58,1.049771,-25.779295,-0.7536357
20.6,-13.372073,-2.7056682,0.045777034
20.619999,25.08618,-11.678746,0.5254247
20.64,-32.6012,-47.89152,-0.2739881
20.66,-27.793919,-14.08225,0.045777034
20.68,-47.023045,-11.999213,0.045777034
20.699999,-13.372073,1.4604042,0.20565958
20.72,5.857053,-14.562949,0.045777034
20.74,77.96628,10.75395,0.5254247
20.76,-18.179356,-9.115009,0.20565958
20.779999,-37.40848,-13.281082,0.8451898
20.8,10.664334,-8.794542,0.20565958
20.82,-22.986637,-1.1033326,0.36554214
20.84,5.857053,7.0685787,-0.4338706
20.859999,-37.40848,5.6264763,0.20565958
20.88,-95.09586,0.49900287,-0.114105515
20.9,15.471616,-22.73486,-0.2739881
20.92,5.857053,-0.62263197,-0.114105515
20.939999,39.508022,-6.8717403,-0.114105515
20.96,-8.564792,16.682592,-0.4338706
20.98,-27.793919,48.408844,-0.4338706
21.0,-27.793919,23.572638,0.20565958
21.02,63.54443,17.323528,0.20565958
21.039999,-13.372073,-44.366383,-0.114105515
21.06,1.049771,31.904783,-0.7536357
21.08,-8.564792,22.451,-0.114105515
21.1,-8.564792,24.373804,-0.2739881
21.119999,-3.7575107,-62.472763,-0.59375316
21.14,5.857053,-28.343033,-0.59375316
21.16,-13.372073,-9.755944,-0.4338706
21.18,10.664334,5.9469438,-0.2739881
21.199999,1.049771,18.284927,0.045777034
21.22,15.471616,14.279089,-0.2739881
21.24,-47.023045,-24.497427,-0.7536357
21.26,20.278896,-35.71377,-0.114105515
21.279999,15.471616,-19.049488,-0.2739881
21.3,-3.7575107,-14.242482,-0.2739881
21.32,-3.7575107,-38.597977,-0.59375316
21.34,-3.7575107,3.7036738,0.36554214
21.359999,-3.7575107,14.759789,-0.114105515
21.38,10.664334,4.825309,-0.4338706
21.4,20.278896,-4.3080034,-0.7536357
21.42,1.049771,36.070858,-0.2739881
21.439999,-13.372073,10.75395,0.045777034
21.46,1.049771,20.528198,0.045777034
21.48,-18.179356,-37.47634,-0.59375316
21.5,-13.372073,-18.088087,-0.2739881
21.52,-27.793919,-38.75821,-0.59375316
21.539999,-66.25217,-28.503265,-0.114105515
21.56,-32.6012,32.385483,0.045777034
21.58,20.278896,1.6206378,-0.59375316
21.6,-32.6012,8.510681,-0.4338706
21.619999,10.664334,-35.233074,-0.9135183
21.64,-8.564792,6.1071773,-0.4338706
21.66,44.315308,-12.159447,-0.2739881
21.68,-18.179356,-2.2249672,0.20565958
21.699999,-32.6012,7.3890457,0.045777034
21.72,-3.7575107,-6.0705724,-0.114105515
21.74,53.92987,-7.5126743,-0.4338706
21.76,-42.215763,-22.574625,0.045777034
21.779999,-18.179356,2.261572,-0.114105515
21.8,-22.986637,-3.5068357,-0.4338706
21.82,5.857053,-16.80622,-0.4338706
21.84,-3.7575107,-3.6670694,-0.4338706
21.859999,-3.7575107,24.534037,0.20565958
21.88,1.049771,43.76207,-0.4338706
21.9,-22.986637,-6.711507,0.045777034
21.92,-13.372073,-33.150036,-0.4338706
21.939999,5.857053,6.4276443,-0.59375316
21.96,-22.986637,-37.957043,-0.59375316
21.98,-18.179356,-11.037811,-0.114105515
22.0,25.08618,-7.672908,-0.114105515
22.02,-18.179356,0.81947,0.20565958
22.039999,-27.793919,34.46852,0.045777034
22.06,10.664334,-5.7501054,0.045777034
22.08,-8.564792,-6.230806,-0.114105515
22.1,-27.793919,7.549279,-0.2739881
22.119999,39.508022,1.7808713,0.045777034
22.14,-27.793919,-11.678746,-0.4338706
22.16,1.049771,-11.358279,-0.4338706
22.18,-56.637608,2.7422726,-0.2739881
22.199999,-13.372073,7.8697467,-0.7536357
22.22,10.664334,-14.723184,-0.4338706
22.24,-27.793919,40.076694,0.045777034
22.26,-8.564792,-20.651823,-0.2739881
22.279999,-18.179356,22.931702,-0.114105515
22.3,15.471616,20.047497,-0.4338706
22.32,1.049771,-12.31968,-0.2739881
22.34,-3.7575107,-15.203884,-0.4338706
22.359999,10.664334,-25.93953,-0.114105515
22.38,15.471616,5.466243,-0.4338706
22.4,29.893461,19.086096,-0.114105515
22.42,-18.179356,-20.171124,-0.114105515
22.439999,53.92987,-53.49969,-0.2739881
22.46,5.857053,-23.536026,-0.114105515
22.48,1.049771,-20.972292,-0.114105515
22.5,15.471616,1.9411048,-0.114105515
22.519999,87.58084,-4.6284704,0.20565958
22.539999,-22.986637,15.881425,0.36554214
22.56,10.664334,-12.159447,0.045777034
22.58,-42.215763,8.350447,0.20565958
22.6,-18.179356,20.848665,0.045777034
22.619999,1.049771,0.9797035,0.045777034
22.64,39.508022,1.6206378,-0.114105515
22.66,-13.372073,-0.7828655,-0.2739881
22.68,1.049771,-12.640147,-0.114105515
22.699999,58.737152,-36.995644,-0.4338706
22.72,29.893461,-34.111435,0.045777034
22.74,1.049771,-10.717345,-0.114105515
22.76,5.857053,-6.230806,0.045777034
22.779999,10.664334,33.827583,-0.114105515
22.8,-3.7575107,-4.468237,0.20565958
22.82,49.122585,-17.286919,-0.2739881
22.84,20.278896,8.831148,-0.2739881
22.859999,5.857053,-18.248322,-0.4338706
22.88,1.049771,-16.966454,-0.59375316
22.9,25.08618,28.860344,0.68530726
22.92,10.664334,-18.889254,0.20565958
22.939999,-22.986637,-18.568789,0.36554214
22.96,15.471616,-16.485752,0.20565958
22.98,-8.564792,-4.468237,0.20565958
23.0,5.857053,18.605394,0.5254247
23.019999,-47.023045,12.51652,0.20565958
23.039999,-13.372073,28.860344,0.045777034
23.06,-51.830326,-6.711507,-0.4338706
23.08,20.278896,0.81947,0.045777034
23.1,10.664334,19.086096,-0.114105515
23.119999,15.471616,21.329365,0.045777034
23.14,20.278896,4.184375,0.36554214
23.16,10.664334,8.510681,-0.2739881
23.18,-3.7575107,2.261572,-0.114105515
23.199999,-13.372073,-38.91844,0.36554214
23.22,5.857053,-15.203884,-0.114105515
23.24,29.893461,29.821747,0.5254247
23.26,63.54443,4.504842,0.5254247
23.279999,-27.793919,12.8369875,0.045777034
23.3,-32.6012,22.611235,0.20565958
23.32,15.471616,-20.972292,-0.2739881
23.34,10.664334,7.709513,-0.2739881
23.359999,10.664334,-5.910339,0.68530726
23.38,5.857053,-4.3080034,0.045777034
23.4,-3.7575107,-11.518513,0.20565958
23.42,-42.215763,-13.761782,0.36554214
23.439999,29.893461,-9.435476,0.5254247
23.46,-8.564792,30.302446,-0.114105515
23.48,-18.179356,-4.948938,0.045777034
23.5,-8.564792,-5.1091714,0.045777034
23.519999,-8.564792,1.6206378,-0.114105515
23.539999,63.54443,17.804228,-0.114105515
23.56,-22.986637,16.362125,0.20565958
23.58,1.049771,-34.27167,0.20565958
23.6,1.049771,-3.3466022,0.20565958
23.619999,-18.179356,-11.518513,0.5254247
23.64,5.857053,8.02998,0.36554214
23.66,10.664334,-8.474075,0.5254247
23.68,-13.372073,-19.049488,-0.114105515
23.699999,-3.7575107,-6.230806,-0.114105515
23.72,-13.372073,-32.82957,0.045777034
23.74,20.278896,32.866184,0.045777034
23.76,1.049771,16.682592,0.20565958
23.779999,29.893461,18.284927,0.36554214
23.8,44.315308,-14.402717,-0.2739881
23.82,1.049771,3.5434403,-0.114105515
23.84,-8.564792,-4.6284704,-0.114105515
23.859999,1.049771,0.81947,0.68530726
23.88,20.278896,-1.7442669,-0.114105515
23.9,-13.372073,-6.711507,0.045777034
23.92,-22.986637,16.682592,-0.2739881
23.939999,44.315308,-11.678746,0.045777034
23.96,-47.023045,19.406563,0.36554214
23.98,-22.986637,-6.711507,0.36554214
24.0,34.700745,26.617075,0.20565958
24.019999,44.315308,12.8369875,0.5254247
24.039999,1.049771,13.157454,0.36554214
24.06,-80.67402,13.958622,0.5254247
24.08,34.700745,3.0627398,0.20565958
24.1,29.893461,1.9411048,-0.4338706
24.119999,5.857053,77.89183,0.045777034
24.14,15.471616,11.875586,-0.2739881
24.16,10.664334,-11.358279,0.045777034
24.18,-51.830326,25.335205,0.20565958
24.199999,5.857053,-16.80622,0.045777034
24.22,-3.7575107,-24.497427,-1.0734009
24.24,-13.372073,-20.972292,-0.114105515
24.26,-8.564792,7.8697467,0.36554214
24.279999,1.049771,-5.7501054,-0.114105515
24.3,-3.7575107,-13.922015,-0.4338706
24.32,1.049771,7.3890457,-0.7536357
24.34,-32.6012,29.661512,-0.2739881
24.359999,-27.793919,18.925863,-0.2739881
24.38,-37.40848,-24.978128,-0.4338706
24.4,44.315308,-5.7501054,0.045777034
24.42,1.049771,-11.83898,-0.114105515
24.439999,44.315308,-30.265835,0.36554214
24.46,5.857053,-2.0647337,-0.114105515
24.48,1.049771,25.335205,0.20565958
24.5,-22.986637,46.005337,0.68530726
24.519999,5.857053,-5.910339,0.20565958
24.539999,49.122585,-9.59571,-0.4338706
24.56,44.315308,-53.01899,-0.4338706
24.58,1.049771,-1.1033326,-0.59375316
24.6,-18.179356,-13.922015,-0.2739881
24.619999,-56.637608,-4.14777,0.20565958
24.64,1.049771,-39.559376,-0.114105515
24.66,1.049771,6.908345,-0.59375316
24.68,15.471616,-16.966454,0.68530726
24.699999,20.278896,-31.707935,-0.2739881
24.72,-18.179356,6.4276443,-0.114105515
24.74,1.049771,13.798388,-0.2739881
24.76,-8.564792,32.70595,-0.2739881
24.779999,92.38812,26.93754,-0.114105515
24.8,10.664334,-12.159447,0.5254247
24.82,-8.564792,3.5434403,0.20565958
24.84,1.049771,16.20189,0.20565958
24.859999,1.049771,2.1013381,-0.2739881
24.88,-27.793919,-37.155872,-0.59375316
24.9,5.857053,16.52236,0.5254247
24.92,-8.564792,-34.912605,0.36554214
24.939999,-3.7575107,3.0627398,0.20565958
24.96,5.857053,17.96446,-0.4338706
24.98,5.857053,22.290768,0.045777034
25.0,-8.564792,-12.800381,-0.4338706
25.019999,25.08618,-15.684585,0.045777034
25.039999,-22.986637,21.4896,0.36554214
25.06,10.664334,11.555119,0.20565958
25.08,1.049771,0.9797035,0.045777034
25.1,10.664334,2.261572,0.68530726
25.119999,-18.179356,6.1071773,0.20565958
25.14,-3.7575107,32.065014,-0.114105515
25.16,1.049771,6.1071773,0.5254247
25.18,-51.830326,15.080256,0.5254247
25.199999,-27.793919,1.4604042,0.36554214
25.22,-32.6012,19.727032,0.045777034
25.24,5.857053,-16.966454,0.8451898
25.26,10.664334,17.804228,-0.2739881
25.279999,1.049771,-4.3080034,0.5254247
25.3,-27.793919,-42.44358,0.5254247
25.32,5.857053,22.77147,0.045777034
25.34,1.049771,-7.993375,-0.4338706
25.359999,-32.6012,-16.005053,-0.59375316
25.38,25.08618,-10.076411,-0.114105515
25.4,39.508022,19.566797,0.68530726
25.42,77.96628,7.549279,0.20565958
25.439999,-3.7575107,7.0685787,0.20565958
25.46,15.471616,20.367966,0.045777034
25.48,-27.793919,13.157454,0.20565958
25.5,15.471616,-15.203884,0.20565958
25.519999,-3.7575107,-7.192207,-0.114105515
25.539999,-22.986637,11.234652,0.36554214
25.56,10.664334,0.33876932,-0.59375316
25.58,-18.179356,7.0685787,0.36554214
25.599998,15.471616,-12.640147,-0.114105515
25.619999,25.08618,12.51652,-0.2739881
25.64,25.08618,-4.468237,-0.2739881
25.66,1.049771,27.097775,0.5254247
25.68,25.08618,3.5434403,-0.2739881
25.699999,10.664334,19.246328,0.20565958
25.72,-8.564792,-5.429638,-0.114105515
25.74,-27.793919,-16.325518,0.045777034
25.76,-13.372073,-18.729021,-0.114105515
25.779999,-22.986637,-10.557112,0.36554214
25.8,25.08618,24.053337,-0.4338706
25.82,1.049771,19.566797,0.68530726
25.84,10.664334,-25.779295,0.045777034
25.859999,-18.179356,-7.0319734,0.20565958
25.88,20.278896,11.715352,0.5254247
25.9,10.664334,-10.717345,-0.114105515
25.92,10.664334,-18.889254,-0.2739881
25.939999,77.96628,5.78671,0.045777034
25.96,1.049771,4.6650753,0.36554214
25.98,1.049771,-1.9045002,0.045777034
26.0,-61.44489,6.1071773,0.045777034
26.019999,10.664334,-6.711507,-0.114105515
26.039999,-18.179356,20.367966,0.045777034
26.06,-8.564792,-15.684585,-0.114105515
26.08,5.857053,9.952783,-0.2739881
26.099998,-18.179356,-23.69626,-0.2739881
26.119999,-8.564792,-7.5126743,0.045777034
26.14,-3.7575107,-16.005053,0.20565958
26.16,-8.564792,5.466243,0.045777034
26.18,-32.6012,7.8697467,0.045777034
26.199999,-8.564792,-13.601548,-0.2739881
26.22,25.08618,4.184375,0.045777034
26.24,-42.215763,15.881425,-0.114105515
26.26,20.278896,-9.275244,-0.2739881
26.279999,77.96628,16.362125,-0.2739881
26.3,-13.372073,-0.30216488,-0.114105515
26.32,-51.830326,-5.7501054,0.20565958
26.34,-18.179356,15.72119,0.5254247
26.359999,49.122585,-15.844818,0.36554214
26.38,25.08618,-30.265835,0.68530726
26.4,15.471616,-7.0319734,-0.114105515
26.42,63.54443,0.17853576,0.36554214
26.439999,10.664334,10.113016,0.68530726
26.46,-18.179356,-7.0319734,-0.114105515
26.48,29.893461,-21.773457,0.045777034
26.5,39.508022,-24.17696,-0.7536357
26.519999,39.508022,-0.7828655,-0.59375316
26.539999,44.315308,4.184375,0.20565958
26.56,15.471616,13.157454,0.5254247
26.58,10.664334,-5.910339,0.20565958
26.599998,10.664334,-18.729021,-0.114105515
26.619999,-18.179356,-14.883417,-0.114105515
26.64,10.664334,8.190214,0.045777034
26.66,-8.564792,25.014738,0.68530726
26.68,53.92987,-50.455254,0.045777034
26.699999,-3.7575107,1.7808713,-0.59375316
26.72,25.08618,-8.474075,-0.59375316
26.74,15.471616,17.96446,-0.2739881
26.76,-32.6012,15.881425,0.045777034
26.779999,20.278896,4.6650753,-0.114105515
26.8,68.35171,-36.03424,-0.114105515
26.82,34.700745,-23.536026,-0.2739881
26.84,1.049771,-19.530188,0.045777034
26.859999,15.471616,18.124695,-0.114105515
26.88,-51.830326,-10.717345,0.20565958
26.9,-56.637608,62.188934,0.5254247
26.92,5.857053,-11.678746,0.20565958
26.939999,-13.372073,5.9469438,0.045777034
26.96,29.893461,16.041658,0.045777034
26.98,-32.6012,-5.7501054,0.5254247
27.0,25.08618,-15.684585,-0.2739881
27.019999,-3.7575107,-14.402717,0.045777034
27.039999,10.664334,-0.7828655,0.36554214
27.06,-8.564792,-3.5068357,0.20565958
27.08,-18.179356,-0.9430991,0.36554214
27.099998,29.893461,-3.026135,-0.114105515
27.119999,10.664334,13.157454,0.20565958
27.14,-27.793919,2.1013381,0.36554214
27.16,15.471616,12.356286,-0.2739881
27.18,25.08618,-22.414392,-0.4338706
27.199999,-8.564792,46.165573,-0.2739881
27.22,1.049771,24.854506,0.045777034
27.24,10.664334,-26.099764,0.20565958
27.26,1.049771,2.902506,0.045777034
27.279999,-22.986637,-13.601548,-0.2739881
27.3,25.08618,32.065014,-0.2739881
27.32,-22.986637,-10.557112,-0.2739881
27.34,25.08618,12.99722,0.045777034
27.359999,20.278896,-9.755944,-0.59375316
27.38,10.664334,9.632316,0.045777034
27.4,10.664334,9.472081,0.045777034
27.42,10.664334,11.875586,-0.114105515
27.439999,15.471616,8.350447,-0.114105515
27.46,-13.372073,13.958622,-0.2739881
27.48,10.664334,7.3890457,0.045777034
27.5,-18.179356,-13.120848,-0.4338706
27.519999,20.278896,42.640434,-0.2739881
27.539999,10.664334,-15.203884,0.20565958
27.56,-13.372073,-6.230806,-0.59375316
27.58,-32.6012,-18.568789,-0.59375316
27.599998,15.471616,13.317687,-0.59375316
27.619999,-3.7575107,34.949223,0.20565958
27.64,-3.7575107,-5.910339,0.045777034
27.66,5.857053,-21.452991,0.045777034
27.68,20.278896,-2.8659017,-0.114105515
27.699999,25.08618,6.2674108,-0.114105515
27.72,1.049771,12.196053,-0.2739881
27.74,25.08618,-6.3910394,-0.2739881
27.76,-18.179356,34.949223,0.045777034
27.779999,10.664334,16.52236,-0.114105515
27.8,1.049771,-7.192207,-0.114105515
27.82,68.35171,-13.120848,-0.4338706
27.84,15.471616,4.6650753,-0.2739881
27.859999,-22.986637,-26.42023,-0.114105515
27.88,-51.830326,-14.723184,-0.2739881
27.9,-8.564792,15.24049,0.045777034
27.92,10.664334,-2.2249672,-0.114105515
27.939999,1.049771,-23.536026,-0.7536357
27.96,-8.564792,-6.3910394,-0.114105515
27.98,15.471616,-6.0705724,-0.2739881
28.0,49.122585,-30.1056,-0.114105515
28.019999,25.08618,-13.281082,-0.114105515
28.039999,15.471616,15.72119,0.045777034
28.06,-80.67402,-24.497427,0.045777034
28.08,-18.179356,-14.402717,0.045777034
28.099998,-42.215763,17.96446,0.68530726
28.119999,-37.40848,4.6650753,0.36554214
28.14,10.664334,-24.17696,-0.2739881
28.16,1.049771,36.872025,0.36554214
28.18,10.664334,-0.46239844,0.20565958
28.199999,5.857053,13.958622,0.68530726
28.22,25.08618,-7.0319734,0.5254247
28.24,-8.564792,-1.4237996,-0.114105515
28.26,-3.7575107,-13.601548,0.045777034
28.279999,1.049771,6.2674108,-0.2739881
28.3,-8.564792,3.3832066,0.20565958
28.32,5.857053,-21.452991,0.045777034
28.34,15.471616,20.367966,0.5254247
28.359999,-8.564792,-28.182798,0.20565958
28.38,1.049771,-13.922015,-0.114105515
28.4,39.508022,18.765629,0.045777034
28.42,15.471616,30.622915,-0.4338706
28.439999,20.278896,-11.518513,0.045777034
28.46,1.049771,-35.07284,0.5254247
28.48,34.700745,-7.192207,-0.2739881
28.5,5.857053,-15.524351,-0.4338706
28.519999,-27.793919,4.9855423,-0.2739881
28.539999,29.893461,33.66735,0.045777034
28.56,-32.6012,33.50712,0.5254247
28.58,-32.6012,2.902506,0.8451898
28.599998,5.857053,-35.07284,-0.114105515
28.619999,-3.7575107,3.7036738,-0.114105515
28.64,10.664334,0.018302217,-0.114105515
28.66,-32.6012,6.2674108,-0.4338706
28.68,20.278896,-34.431904,-0.4338706
28.699999,10.664334,-7.672908,-0.2739881
28.72,20.278896,4.3446083,0.045777034
28.74,15.471616,37.19249,-0.114105515
28.76,-18.179356,8.670914,-0.2739881
28.779999,-42.215763,47.44744,0.20565958
28.8,-61.44489,10.433483,0.5254247
28.82,5.857053,25.49544,0.68530726
28.84,34.700745,0.49900287,0.36554214
28.859999,5.857053,-22.093925,-0.4338706
28.88,-8.564792,2.902506,0.045777034
28.9,25.08618,-11.999213,-0.2739881
28.92,-8.564792,22.451,-0.114105515
28.939999,-3.7575107,-11.518513,-0.114105515
28.96,-8.564792,-17.76762,-0.2739881
28.98,-22.986637,-15.684585,-0.114105515
29.0,10.664334,-31.067003,0.5254247
29.019999,25.08618,-14.723184,0.20565958
29.039999,20.278896,-17.286919,-0.4338706
29.06,82.77356,20.528198,0.20565958
29.08,15.471616,10.75395,0.045777034
29.099998,10.664334,-10.076411,-0.4338706
29.119999,25.08618,-34.752373,0.045777034
29.14,25.08618,18.284927,0.20565958
29.16,49.122585,0.9797035,-0.2739881
29.179998,5.857053,25.335205,-0.114105515
29.199999,-18.179356,-21.933691,0.20565958
29.22,20.278896,-2.0647337,0.5254247
29.24,-13.372073,-48.37222,-0.114105515
29.26,15.471616,-12.640147,-0.114105515
29.279999,-18.179356,10.914185,-0.59375316
29.3,-22.986637,63.791267,0.5254247
29.32,5.857053,-7.5126743,-0.114105515
29.34,20.278896,13.798388,0.36554214
29.359999,1.049771,17.804228,-0.114105515
29.38,-66.25217,-4.3080034,-0.2739881
29.4,-8.564792,14.439322,-0.114105515
29.42,1.049771,15.400723,0.36554214
29.439999,-42.215763,0.6592364,0.20565958
29.46,1.049771,-37.79681,0.045777034
29.48,-18.179356,2.7422726,0.045777034
29.5,34.700745,-5.2694044,0.20565958
29.519999,25.08618,-15.203884,0.045777034
29.539999,25.08618,11.875586,-0.114105515
29.56,10.664334,5.466243,0.045777034
29.58,-13.372073,13.157454,-0.2739881
29.599998,5.857053,6.5878778,0.5254247
29.619999,-42.215763,-29.1442,0.20565958
29.64,-51.830326,18.925863,0.045777034
29.66,-13.372073,11.234652,0.5254247
29.679998,-8.564792,8.670914,0.36554214
29.699999,39.508022,31.103615,-0.59375316
29.72,10.664334,6.7481112,0.045777034
29.74,10.664334,9.472081,-0.114105515
29.76,-51.830326,-8.313842,-0.114105515
29.779999,-3.7575107,-0.7828655,-0.2739881
29.8,44.315308,33.346886,0.36554214
29.82,53.92987,-21.773457,0.36554214
29.84,-22.986637,-11.83898,0.045777034
29.859999,44.315308,-11.678746,0.045777034
29.88,44.315308,-5.589872,0.36554214
29.9,15.471616,9.792548,0.20565958
29.92,10.664334,13.958622,0.20565958
29.939999,-18.179356,-22.73486,0.20565958
29.96,63.54443,-24.17696,-0.59375316
29.98,-3.7575107,-21.773457,-0.4338706
30.0,5.857053,-7.192207,-0.114105515
30.019999,20.278896,-8.474075,0.8451898
30.039999,77.96628,2.1013381,0.8451898
30.06,15.471616,-11.678746,0.36554214
30.08,15.471616,-0.9430991,0.20565958
30.099998,-51.830326,-12.960614,-0.114105515
30.119999,1.049771,-16.485752,0.045777034
30.14,68.35171,-51.25642,0.20565958
30.16,29.893461,16.682592,0.8451898
30.179998,1.049771,-15.203884,0.5254247
30.199999,63.54443,-21.292757,0.5254247
30.22,15.471616,-11.518513,0.5254247
30.24,58.737152,-32.669334,0.68530726
30.26,15.471616,1.3001705,0.20565958
30.279999,20.278896,27.258009,0.68530726
30.3,-13.372073,4.3446083,0.5254247
30.32,5.857053,6.1071773,0.5254247
30.34,5.857053,5.6264763,0.68530726
30.359999,20.278896,-12.960614,0.5254247
30.38,-22.986637,-3.1863687,0.045777034
30.4,-22.986637,11.074417,0.36554214
30.42,-13.372073,-2.8659017,0.8451898
30.439999,10.664334,-7.0319734,0.045777034
30.46,39.508022,-3.5068357,0.36554214
30.48,-3.7575107,14.1188545,0.68530726
30.5,-3.7575107,5.9469438,0.045777034
30.519999,-22.986637,-13.761782,0.20565958
30.539999,63.54443,25.49544,-0.2739881
30.56,20.278896,-12.159447,-0.114105515
30.58,-3.7575107,-10.236644,-0.2739881
30.599998,-22.986637,5.466243,0.045777034
30.619999,5.857053,-12.640147,-0.2739881
30.64,5.857053,9.311849,0.045777034
30.66,-47.023045,8.670914,0.5254247
30.679998,5.857053,-8.954777,-0.4338706
30.699999,25.08618,-8.634309,-0.114105515
30.72,1.049771,-13.761782,0.20565958
30.74,34.700745,5.3060093,0.5254247
30.76,15.471616,-4.7887044,0.045777034
30.779999,-13.372073,-6.230806,0.36554214
30.8,44.315308,4.504842,0.20565958
30.82,-51.830326,-16.325518,-0.114105515
30.84,29.893461,0.81947,-0.114105515
30.859999,29.893461,-4.6284704,-0.114105515
30.88,-8.564792,48.569077,0.36554214
30.9,-3.7575107,-10.396878,0.20565958
30.92,-13.372073,-30.906769,-0.2739881
30.939999,39.508022,1.3001705,-0.114105515
30.96,25.08618,7.0685787,0.045777034
30.98,15.471616,-1.7442669,0.36554214
31.0,1.049771,-16.005053,0.20565958
31.019999,29.893461,8.670914,-0.114105515
31.039999,-8.564792,-19.209723,0.20565958
31.06,34.700745,14.599556,-0.114105515
31.08,-3.7575107,-12.960614,-0.2739881
31.099998,10.664334,-0.9430991,0.20565958
31.119999,34.700745,-41.642414,-0.114105515
31.14,-8.564792,1.6206378,0.36554214
31.16,29.893461,-16.645985,0.8451898
31.179998,20.278896,-7.0319734,0.5254247
31.199999,1.049771,0.49900287,0.68530726
31.22,-22.986637,10.27325,-0.114105515
31.24,29.893461,-0.62263197,-0.114105515
31.26,-22.986637,-27.38163,0.045777034
31.279999,1.049771,8.350447,0.20565958
31.3,5.857053,5.9469438,0.20565958
31.32,-51.830326,41.67903,0.20565958
31.34,-27.793919,5.466243,0.045777034
31.359999,10.664334,12.99722,0.045777034
31.38,49.122585,-0.7828655,0.20565958
31.4,10.664334,38.95506,0.5254247
31.42,-8.564792,4.184375,0.20565958
31.439999,-13.372073,-4.7887044,0.5254247
31.46,-3.7575107,39.115295,0.68530726
31.48,92.38812,-12.479914,-0.4338706
31.5,-3.7575107,21.4896,0.20565958
31.519999,-66.25217,12.51652,0.20565958
31.539999,29.893461,21.9703,0.20565958
31.56,15.471616,15.080256,0.5254247
31.58,-3.7575107,-12.640147,-0.59375316
31.599998,44.315308,7.0685787,0.20565958
31.619999,39.508022,2.902506,0.045777034
31.64,20.278896,-17.607388,0.20565958
31.66,29.893461,6.7481112,0.36554214
31.679998,20.278896,-9.755944,-0.114105515
31.699999,53.92987,-13.441315,0.20565958
31.72,-18.179356,4.504842,0.36554214
31.74,-3.7575107,54.017017,1.164955
31.76,68.35171,12.51652,0.36554214
31.779999,-22.986637,31.744547,0.68530726
31.8,44.315308,-34.111435,-0.114105515
31.82,-47.023045,4.024141,0.20565958
31.84,-3.7575107,-2.8659017,-0.114105515
31.859999,34.700745,12.51652,0.045777034
31.88,34.700745,4.9855423,-0.114105515
31.9,34.700745,-31.387466,0.045777034
31.92,-22.986637,-1.9045002,0.68530726
31.939999,25.08618,-0.30216488,0.045777034
31.96,20.278896,4.6650753,0.68530726
31.98,34.700745,6.908345,0.36554214
32.0,5.857053,9.311849,0.36554214
32.02,-18.179356,0.81947,0.20565958
32.04,10.664334,-12.31968,0.20565958
32.059998,25.08618,9.472081,-0.2739881
32.079998,10.664334,-19.850657,0.20565958
32.1,58.737152,4.504842,0.20565958
32.12,-13.372073,20.047497,0.68530726
32.14,-32.6012,-24.657661,-0.4338706
32.16,-32.6012,21.329365,0.36554214
32.18,-13.372073,-16.165285,-0.114105515
32.2,-13.372073,5.3060093,0.20565958
32.219997,5.857053,-16.325518,0.68530726
32.239998,34.700745,0.81947,0.36554214
32.26,-32.6012,42.640434,0.36554214
32.28,-8.564792,0.81947,0.20565958
32.3,29.893461,0.49900287,0.20565958
32.32,63.54443,-35.393307,-0.114105515
32.34,5.857053,-4.948938,0.20565958
32.36,10.664334,12.035819,0.68530726
32.38,-8.564792,-25.779295,-0.114105515
32.399998,15.471616,-7.672908,-0.4338706
32.42,-18.179356,-14.562949,0.045777034
32.44,-27.793919,31.584314,0.045777034
32.46,-32.6012,6.2674108,0.36554214
32.48,-13.372073,5.78671,0.36554214
32.5,-66.25217,3.2229733,-0.114105515
32.52,25.08618,15.24049,-0.59375316
32.54,53.92987,-28.983965,-1.0734009
32.559998,-22.986637,-20.651823,-0.2739881
32.579998,-22.986637,-0.46239844,0.68530726
32.6,5.857053,-17.126686,0.20565958
32.62,44.315308,-24.497427,0.045777034
32.64,-3.7575107,-20.651823,-0.2739881
32.66,-8.564792,-11.678746,0.20565958
32.68,-13.372073,-4.6284704,-0.114105515
32.7,-3.7575107,26.777308,0.045777034
32.719997,20.278896,8.190214,-0.114105515
32.739998,68.35171,-39.399143,-0.59375316
32.76,10.664334,-14.723184,-0.4338706
32.78,-8.564792,6.7481112,0.36554214
32.8,-13.372073,-0.9430991,0.20565958
32.82,-42.215763,-17.607388,-0.114105515
32.84,-3.7575107,-8.474075,0.20565958
32.86,5.857053,-12.800381,-0.2739881
32.88,10.664334,23.732868,0.20565958
32.899998,-13.372073,52.254448,0.5254247
32.92,-3.7575107,-12.159447,-0.2739881
32.94,49.122585,3.2229733,-0.114105515
32.96,29.893461,12.676753,0.20565958
32.98,1.049771,2.5820389,-0.114105515
33.0,49.122585,8.831148,0.045777034
33.02,44.315308,-18.729021,-0.59375316
33.04,-18.179356,-0.46239844,-0.2739881
33.059998,-18.179356,-10.076411,0.045777034
33.079998,-13.372073,38.153893,-0.114105515
33.1,15.471616,5.466243,-0.2739881
33.12,-27.793919,14.439322,-0.114105515
33.14,77.96628,21.649834,-0.2739881
33.16,1.049771,-45.64825,-0.59375316
33.18,-8.564792,1.7808713,0.045777034
33.2,58.737152,1.6206378,-0.114105515
33.219997,-13.372073,-12.960614,0.20565958
33.239998,20.278896,2.261572,0.68530726
33.26,1.049771,-38.75821,-0.114105515
33.28,-13.372073,0.33876932,0.045777034
33.3,-22.986637,-23.055326,-0.2739881
33.32,-47.023045,-6.0705724,-0.114105515
33.34,25.08618,-30.265835,-0.7536357
33.36,-27.793919,-12.640147,0.20565958
33.38,34.700745,-10.076411,-0.114105515
33.399998,-3.7575107,20.047497,0.045777034
33.42,-3.7575107,13.638155,0.045777034
33.44,-3.7575107,36.23109,0.20565958
33.46,1.049771,-13.120848,-0.2739881
33.48,10.664334,-14.562949,-0.7536357
33.5,49.122585,9.151615,-0.59375316
33.52,-32.6012,4.504842,-0.4338706
33.54,39.508022,-2.2249672,-0.2739881
33.559998,-13.372073,3.8639073,0.20565958
33.579998,-13.372073,37.51296,-0.59375316
33.6,-13.372073,-9.916177,-0.4338706
33.62,10.664334,-8.153608,-0.114105515
33.64,-22.986637,-79.29727,0.045777034
33.66,5.857053,20.047497,0.045777034
33.68,-13.372073,10.27325,-0.2739881
33.7,10.664334,-57.185062,-0.59375316
33.719997,-3.7575107,-12.479914,-0.4338706
33.739998,1.049771,-9.435476,-0.2739881
33.76,5.857053,-31.868172,0.045777034
33.78,15.471616,12.99722,0.045777034
33.8,10.664334,14.1188545,0.045777034
33.82,5.857053,8.02998,-0.4338706
33.84,29.893461,-11.037811,-0.114105515
33.86,-22.986637,7.8697467,-0.114105515
33.88,20.278896,-15.04365,-0.2739881
33.899998,20.278896,1.7808713,0.36554214
33.92,5.857053,19.887262,0.045777034
33.94,25.08618,-7.192207,-0.114105515
33.96,1.049771,-9.755944,-0.59375316
33.98,39.508022,-4.6284704,0.20565958
34.0,63.54443,-21.292757,-0.114105515
34.02,-3.7575107,-2.2249672,-0.2739881
34.04,10.664334,-15.04365,-0.59375316
34.059998,15.471616,-22.414392,-0.59375316
34.079998,-18.179356,6.1071773,0.5254247
34.1,-37.40848,-0.62263197,0.045777034
34.12,15.471616,-0.14193134,0.20565958
34.14,1.049771,-33.310272,0.045777034
34.16,-32.6012,10.914185,-0.2739881
34.18,-3.7575107,23.572638,-0.2739881
34.2,5.857053,-22.895092,-0.114105515
34.219997,34.700745,-6.230806,0.20565958
34.239998,20.278896,3.2229733,0.20565958
34.26,25.08618,-47.09035,0.045777034
34.28,15.471616,-15.203884,0.68530726
34.3,-18.179356,-11.358279,0.20565958
34.32,29.893461,25.014738,-0.7536357
34.34,-18.179356,-28.983965,-0.114105515
34.36,1.049771,-25.138361,-0.4338706
34.38,1.049771,-7.352441,0.045777034
34.399998,-8.564792,-7.192207,0.045777034
34.42,-13.372073,2.261572,0.68530726
34.44,-3.7575107,-19.690422,0.8451898
34.46,1.049771,-20.972292,0.045777034
34.48,82.77356,-11.358279,-0.114105515
34.5,10.664334,-13.761782,0.20565958
34.52,1.049771,7.0685787,0.5254247
34.54,1.049771,-18.248322,-0.2739881
34.559998,34.700745,-4.14777,-0.2739881
34.579998,-18.179356,-5.7501054,0.045777034
34.6,-3.7575107,3.3832066,-0.114105515
34.62,15.471616,-1.7442669,0.045777034
34.64,1.049771,85.90351,0.68530726
34.66,1.049771,10.27325,0.20565958
34.68,5.857053,-13.281082,0.20565958
34.7,-3.7575107,30.622915,-0.114105515
34.719997,1.049771,-15.684585,0.20565958
34.739998,5.857053,17.00306,-0.2739881
34.76,58.737152,3.5434403,0.045777034
34.78,20.278896,-60.38973,-0.2739881
34.8,20.278896,-40.360542,-0.4338706
34.82,-13.372073,-13.761782,-0.4338706
34.84,29.893461,18.284927,0.20565958
34.86,10.664334,-26.099764,0.045777034
34.88,49.122585,-10.076411,-0.114105515
34.899998,-3.7575107,-29.304434,0.5254247
34.92,-32.6012,-25.298595,-0.2739881
34.94,-3.7575107,-7.833141,-0.114105515
34.96,-13.372073,4.184375,0.20565958
34.98,-18.179356,-18.248322,0.045777034
35.0,15.471616,0.018302217,0.045777034
35.02,25.08618,-9.435476,0.20565958
35.04,10.664334,-13.120848,-0.2739881
35.059998,29.893461,-8.794542,0.045777034
35.079998,-3.7575107,5.6264763,0.20565958
35.1,5.857053,-38.117275,-0.114105515
35.12,10.664334,-4.6284704,0.045777034
35.14,-27.793919,-8.313842,-0.114105515
35.16,53.92987,26.93754,-0.114105515
35.18,-8.564792,-33.951202,-0.59375316
35.2,20.278896,-32.82957,-0.2739881
35.219997,-18.179356,14.439322,0.5254247
35.239998,-27.793919,10.593717,-0.4338706
35.26,44.315308,-2.7056682,0.20565958
35.28,-18.179356,-33.310272,-0.114105515
35.3,5.857053,-9.275244,-0.2739881
35.32,1.049771,-19.530188,-0.59375316
35.34,-18.179356,-7.993375,-0.4338706
35.36,-37.40848,-16.005053,-0.59375316
35.38,-8.564792,-0.9430991,-0.2739881
35.399998,-13.372073,-51.25642,-0.4338706
35.42,-18.179356,-14.883417,-0.4338706
35.44,1.049771,7.228812,-0.114105515
35.46,-3.7575107,-6.8717403,-1.2332834
35.48,-27.793919,29.821747,0.045777034
35.5,-22.986637,-1.4237996,0.045777034
35.52,20.278896,1.9411048,-0.114105515
35.54,-13.372073,-8.794542,0.20565958
35.559998,-27.793919,7.549279,-0.114105515
35.579998,-13.372073,53.856785,0.5254247
35.6,15.471616,35.42992,0.20565958
35.62,-3.7575107,-16.165285,-0.114105515
35.64,20.278896,-10.396878,-0.2739881
35.66,44.315308,12.51652,0.045777034
35.68,25.08618,12.51652,0.045777034
35.7,20.278896,3.7036738,0.045777034
35.719997,20.278896,12.99722,0.045777034
35.739998,29.893461,-22.895092,-0.2739881
35.76,15.471616,-7.192207,0.045777034
35.78,5.857053,32.065014,-0.2739881
35.8,10.664334,-4.468237,0.045777034
35.82,15.471616,15.080256,-0.4338706
35.84,58.737152,19.887262,-0.59375316
35.86,15.471616,25.655672,-0.2739881
35.88,-22.986637,-11.358279,0.045777034
35.899998,-8.564792,24.534037,-0.114105515
35.92,-27.793919,-5.589872,-0.2739881
35.94,-3.7575107,-27.2214,-0.114105515
35.96,25.08618,25.014738,-0.114105515
35.98,-22.986637,0.018302217,-0.2739881
36.0,29.893461,-16.325518,-0.114105515
36.02,15.471616,14.759789,0.20565958
36.04,-32.6012,12.356286,0.5254247
36.059998,25.08618,0.81947,0.20565958
36.079998,-13.372073,-0.7828655,-0.114105515
36.1,20.278896,-0.30216488,-0.2739881
36.12,1.049771,11.875586,0.5254247
36.14,-8.564792,3.2229733,0.20565958
36.16,-18.179356,-4.6284704,0.36554214
36.18,58.737152,-15.203884,-0.2739881
36.2,-18.179356,-16.325518,0.20565958
36.219997,34.700745,3.5434403,-0.2739881
36.239998,-22.986637,-20.171124,0.20565958
36.26,1.049771,-14.242482,0.045777034
36.28,-42.215763,18.925863,-0.4338706
36.3,34.700745,-2.2249672,-0.2739881
36.32,5.857053,-16.80622,-0.4338706
36.34,5.857053,9.952783,0.20565958
36.36,-22.986637,-23.375792,0.20565958
36.38,-13.372073,-17.126686,0.045777034
36.399998,5.857053,9.632316,-0.114105515
36.42,-22.986637,-3.827303,0.20565958
36.44,-71.05945,-19.690422,-0.2739881
36.46,25.08618,3.0627398,-0.2739881
36.48,-18.179356,18.925863,0.36554214
36.5,68.35171,0.49900287,-0.2739881
36.52,-18.179356,-9.115009,0.20565958
36.54,5.857053,18.605394,0.20565958
36.559998,25.08618,16.52236,0.045777034
36.579998,-56.637608,-22.254158,0.20565958
36.6,49.122585,9.311849,-0.114105515
36.62,-18.179356,24.694271,-0.2739881
36.64,20.278896,33.026417,-0.114105515
36.66,10.664334,1.4604042,-0.114105515
36.68,-3.7575107,37.99366,0.36554214
36.7,49.122585,-2.0647337,-0.114105515
36.719997,-32.6012,-7.993375,0.36554214
36.739998,1.049771,4.6650753,0.36554214
36.76,-32.6012,6.7481112,0.5254247
36.78,39.508022,5.78671,0.045777034
36.8,1.049771,12.676753,-0.4338706
36.82,-18.179356,3.3832066,-0.114105515
36.84,15.471616,-8.474075,-0.114105515
36.86,10.664334,18.605394,0.36554214
36.88,-8.564792,5.9469438,0.20565958
36.899998,-18.179356,10.593717,0.20565958
36.92,-3.7575107,21.169132,-0.2739881
36.94,-27.793919,0.018302217,0.045777034
36.96,-18.179356,-17.126686,0.045777034
36.98,10.664334,1.4604042,0.045777034
37.0,-8.564792,-3.5068357,0.36554214
37.02,-3.7575107,44.403,0.045777034
37.04,25.08618,-39.078674,0.36554214
37.059998,-8.564792,20.367966,0.20565958
37.079998,1.049771,-23.375792,-0.114105515
37.1,53.92987,-17.447153,-0.59375316
37.12,29.893461,5.6264763,0.045777034
37.14,15.471616,10.914185,-0.2739881
37.16,39.508022,-13.120848,-0.4338706
37.18,20.278896,-26.580463,-0.2739881
37.2,-3.7575107,-19.850657,0.045777034
37.219997,-13.372073,-5.2694044,0.36554214
37.239998,20.278896,9.792548,0.5254247
37.26,-8.564792,5.9469438,0.5254247
37.28,5.857053,-12.479914,-0.2739881
37.3,29.893461,-18.568789,-0.4338706
37.32,29.893461,-54.140625,-0.114105515
37.34,5.857053,-17.76762,0.36554214
37.36,15.471616,-21.613226,-0.2739881
37.38,1.049771,-25.779295,0.20565958
37.399998,20.278896,-31.547703,-0.4338706
37.42,-27.793919,5.466243,0.20565958
37.44,-22.986637,4.9855423,0.045777034
37.46,-51.830326,-3.5068357,0.045777034
37.48,5.857053,12.99722,0.36554214
37.5,5.857053,-5.2694044,0.045777034
37.52,44.315308,5.3060093,0.045777034
37.54,1.049771,-7.192207,0.20565958
37.559998,49.122585,21.4896,0.20565958
37.579998,-8.564792,-22.093925,0.045777034
37.6,10.664334,23.893103,0.045777034
37.62,29.893461,20.848665,0.20565958
37.64,1.049771,-4.948938,-0.2739881
37.66,-66.25217,33.50712,0.045777034
37.68,-8.564792,22.611235,0.5254247
37.7,-8.564792,-16.485752,0.20565958
37.719997,49.122585,28.059177,0.36554214
37.739998,15.471616,9.311849,0.045777034
37.76,10.664334,-11.83898,0.36554214
37.78,15.471616,22.130533,0.36554214
37.8,-13.372073,-4.948938,0.36554214
37.82,-3.7575107,-7.0319734,0.045777034
37.84,1.049771,-4.3080034,-0.2739881
37.86,63.54443,62.509403,0.045777034
37.879997,-37.40848,13.157454,0.5254247
37.899998,-27.793919,22.77147,0.20565958
37.92,29.893461,-7.5126743,0.045777034
37.94,-22.986637,-3.5068357,-0.114105515
37.96,1.049771,7.549279,-0.2739881
37.98,-3.7575107,-2.7056682,0.36554214
38.0,25.08618,0.33876932,0.20565958
38.02,-42.215763,-2.0647337,0.20565958
38.04,5.857053,-35.71377,0.045777034
38.059998,1.049771,-2.2249672,0.20565958
38.079998,20.278896,4.504842,-0.114105515
38.1,1.049771,18.445162,0.36554214
38.12,-13.372073,17.163294,-0.2739881
38.14,-3.7575107,0.49900287,0.36554214
38.16,-8.564792,-2.385201,0.20565958
38.18,-3.7575107,-35.233074,0.045777034
38.2,-27.793919,1.6206378,-0.114105515
38.219997,1.049771,0.49900287,0.5254247
38.239998,34.700745,-21.933691,0.68530726
38.26,15.471616,12.99722,0.36554214
38.28,-13.372073,-6.230806,-0.114105515
38.3,1.049771,68.91875,0.36554214
38.32,-13.372073,-10.557112,-0.114105515
38.34,-47.023045,-22.093925,-0.2739881
38.36,25.08618,19.086096,-0.114105515
38.379997,20.278896,9.632316,-0.114105515
38.399998,15.471616,21.9703,-0.114105515
38.42,1.049771,4.024141,-0.114105515
38.44,20.278896,-14.562949,0.045777034
38.46,49.122585,-22.574625,0.36554214
38.48,10.664334,-6.711507,0.5254247
38.5,-3.7575107,11.394884,0.5254247
38.52,15.471616,3.0627398,0.045777034
38.54,49.122585,5.6264763,0.36554214
38.559998,25.08618,-17.607388,0.5254247
38.579998,20.278896,21.649834,0.5254247
38.6,-13.372073,-13.922015,0.045777034
38.62,49.122585,30.622915,-0.4338706
38.64,15.471616,6.5878778,0.68530726
38.66,25.08618,18.445162,0.5254247
38.68,1.049771,-8.634309,0.20565958
38.7,34.700745,7.3890457,0.045777034
38.719997,34.700745,0.81947,-0.114105515
38.739998,-3.7575107,21.649834,0.5254247
38.76,34.700745,40.397163,-0.2739881
38.78,-32.6012,9.952783,0.20565958
38.8,77.96628,-13.922015,-0.114105515
38.82,49.122585,-28.6635,0.045777034
38.84,1.049771,4.825309,0.36554214
38.86,-3.7575107,45.043938,0.045777034
38.879997,-37.40848,20.528198,0.045777034
38.899998,25.08618,7.0685787,-0.114105515
38.92,-13.372073,-25.298595,-0.2739881
38.94,10.664334,5.6264763,0.20565958
38.96,25.08618,10.27325,0.36554214
38.98,-27.793919,25.335205,0.045777034
39.0,39.508022,29.661512,-0.114105515
39.02,29.893461,-19.530188,-0.114105515
39.04,34.700745,-11.678746,-0.4338706
39.059998,-3.7575107,8.02998,0.045777034
39.079998,20.278896,-6.8717403,-0.2739881
39.1,25.08618,-5.429638,-0.59375316
39.12,15.471616,10.433483,0.20565958
39.14,5.857053,-21.132523,-0.2739881
39.16,1.049771,-17.76762,0.20565958
39.18,25.08618,-22.093925,0.045777034
39.2,-27.793919,-0.9430991,0.20565958
39.219997,-22.986637,-10.557112,-0.114105515
39.239998,15.471616,-26.259996,-0.114105515
39.26,10.664334,41.358562,0.36554214
39.28,44.315308,-13.120848,0.20565958
39.3,-3.7575107,-12.960614,0.20565958
39.32,-3.7575107,-24.978128,-0.114105515
39.34,63.54443,0.33876932,-0.59375316
39.36,25.08618,32.22525,-0.4338706
39.379997,5.857053,4.6650753,0.20565958
39.399998,-32.6012,6.1071773,0.36554214
39.42,20.278896,-10.076411,-0.114105515
39.44,-32.6012,30.622915,-0.2739881
39.46,29.893461,10.27325,-0.4338706
39.48,10.664334,23.091934,-0.114105515
39.5,5.857053,-6.5512733,-0.2739881
39.52,-3.7575107,-21.132523,-0.114105515
39.54,39.508022,-18.248322,-0.2739881
39.559998,5.857053,13.798388,-0.59375316
39.579998,-8.564792,4.024141,-0.4338706
39.6,1.049771,-26.099764,0.045777034
39.62,1.049771,8.190214,0.045777034
39.64,-8.564792,-4.14777,0.045777034
39.66,-22.986637,-20.651823,0.8451898
39.68,25.08618,-2.0647337,0.5254247
39.7,1.049771,-16.966454,0.5254247
39.719997,-8.564792,-13.922015,-0.114105515
39.739998,10.664334,-40.360542,-0.7536357
39.76,63.54443,2.1013381,-0.7536357
39.78,63.54443,-20.972292,0.045777034
39.8,-8.564792,-9.916177,0.20565958
39.82,-32.6012,-22.574625,-0.2739881
39.84,20.278896,0.018302217,-0.2739881
39.86,-13.372073,-10.396878,0.045777034
39.879997,-13.372073,-35.874004,0.045777034
39.899998,-3.7575107,8.350447,0.68530726
39.92,116.42453,14.1188545,-0.2739881
39.94,-22.986637,6.4276443,-0.4338706
39.96,-13.372073,-5.2694044,0.045777034
39.98,25.08618,40.877865,0.20565958
40.0,-8.564792,-6.0705724,-0.2739881
40.02,-37.40848,-31.868172,-0.4338706
40.04,1.049771,12.676753,-0.4338706
40.059998,-32.6012,12.196053,-0.114105515
40.079998,-8.564792,14.439322,-0.114105515
40.1,-3.7575107,-26.90093,-0.114105515
40.12,1.049771,2.7422726,-0.2739881
40.14,-8.564792,-11.83898,-0.4338706
40.16,15.471616,1.139937,-0.4338706
40.18,-3.7575107,-3.026135,-0.7536357
40.2,5.857053,11.715352,-0.2739881
40.219997,-22.986637,-24.17696,-0.59375316
40.239998,1.049771,-74.81074,-0.7536357
40.26,-8.564792,-19.690422,-0.59375316
40.28,-8.564792,4.6650753,-0.7536357
40.3,-8.564792,30.622915,-0.4338706
40.32,-8.564792,-21.773457,-0.59375316
40.34,-8.564792,47.928143,-0.2739881
40.36,49.122585,-19.850657,-0.2739881
40.379997,-8.564792,17.00306,0.20565958
40.399998,1.049771,48.408844,1.0050724
40.42,44.315308,-6.5512733,-0.4338706
40.44,1.049771,26.296606,-0.4338706
40.46,-27.793919,-6.0705724,0.045777034
40.48,1.049771,-4.7887044,-0.114105515
40.5,10.664334,3.3832066,-0.2739881
40.52,1.049771,-6.3910394,-0.4338706
40.54,-13.372073,-21.933691,-0.2739881
40.559998,15.471616,-18.568789,-0.2739881
40.579998,1.049771,17.00306,0.045777034
40.6,49.122585,-17.126686,0.045777034
40.62,-22.986637,-8.313842,0.045777034
40.64,5.857053,-4.14777,0.045777034
40.66,49.122585,-55.422493,-0.114105515
40.68,-27.793919,22.451,0.20565958
40.7,-3.7575107,-1.4237996,-0.114105515
40.719997,-18.179356,10.113016,-0.4338706
40.739998,10.664334,-28.343033,-0.2739881
40.76,25.08618,2.4218054,-0.114105515
40.78,-13.372073,10.433483,-0.4338706
40.8,-22.986637,38.314125,0.045777034
40.82,1.049771,3.7036738,0.045777034
40.84,53.92987,22.130533,0.36554214
40.86,34.700745,-16.325518,0.045777034
40.879997,-13.372073,14.439322,-0.4338706
40.899998,58.737152,28.860344,-0.114105515
40.92,5.857053,-7.993375,-0.2739881
40.94,-22.986637,49.690712,0.20565958
40.96,-42.215763,-32.989803,-0.114105515
40.98,-3.7575107,-5.429638,-0.2739881
41.0,-32.6012,18.284927,-0.2739881
41.02,-8.564792,22.451,-0.59375316
41.04,-22.986637,2.1013381,-0.2739881
41.059998,1.049771,19.566797,-0.114105515
41.079998,-13.372073,21.810066,0.20565958
41.1,10.664334,32.22525,0.20565958
41.12,-47.023045,-8.634309,-0.114105515
41.14,44.315308,1.6206378,-0.4338706
41.16,1.049771,-2.385201,-0.4338706
41.18,-37.40848,28.539877,-0.4338706
41.2,-42.215763,-19.209723,-0.2739881
41.219997,92.38812,23.412403,-0.7536357
41.239998,-47.023045,3.3832066,-0.4338706
41.26,-27.793919,-9.275244,-0.2739881
41.28,1.049771,-2.0647337,-0.59375316
41.3,-61.44489,-1.7442669,-0.2739881
41.32,-8.564792,-6.0705724,-0.4338706
41.34,10.664334,-11.999213,-0.114105515
41.36,25.08618,-13.120848,-0.2739881
41.379997,-3.7575107,-23.69626,-0.7536357
41.399998,5.857053,-8.153608,0.045777034
41.42,-8.564792,19.406563,-0.59375316
41.44,-32.6012,12.8369875,-0.2739881
41.46,1.049771,-10.557112,-0.59375316
41.48,10.664334,5.9469438,0.20565958
41.5,-42.215763,-26.580463,-0.2739881
41.52,-61.44489,13.477921,-0.2739881
41.54,25.08618,-1.9045002,-0.59375316
41.559998,39.508022,-19.049488,-0.114105515
41.579998,5.857053,-20.01089,-0.4338706
41.6,-3.7575107,-7.352441,0.36554214
41.62,-22.986637,7.228812,-0.2739881
41.64,-13.372073,12.356286,-0.59375316
41.66,77.96628,58.663795,0.20565958
41.68,10.664334,12.196053,0.045777034
41.7,-13.372073,-16.645985,-0.7536357
41.719997,-3.7575107,-27.061165,-0.4338706
41.739998,-32.6012,4.6650753,-0.2739881
41.76,-8.564792,10.113016,-0.2739881
41.78,1.049771,4.184375,-0.4338706
41.8,68.35171,24.213572,0.5254247
41.82,25.08618,-15.203884,0.20565958
41.84,1.049771,-8.794542,0.20565958
41.86,44.315308,8.02998,-0.114105515
41.879997,5.857053,16.041658,0.20565958
41.899998,-13.372073,-27.702099,0.20565958
41.92,53.92987,10.27325,0.045777034
41.94,29.893461,-11.198046,0.20565958
41.96,-37.40848,-2.8659017,0.045777034
41.98,5.857053,10.27325,0.20565958
42.0,-51.830326,2.7422726,-0.114105515
42.02,5.857053,-0.7828655,-0.4338706
42.04,-8.564792,14.920023,0.045777034
42.059998,-3.7575107,-34.752373,-0.59375316
42.079998,10.664334,-21.132523,0.045777034
42.1,20.278896,-5.910339,0.20565958
42.12,10.664334,11.715352,-0.114105515
42.14,-22.986637,10.433483,-0.114105515
42.16,-27.793919,48.24861,0.045777034
42.18,5.857053,-31.227234,-0.2739881
42.2,-3.7575107,-36.995644,-0.114105515
42.219997,-37.40848,17.483759,0.36554214
42.239998,-13.372073,11.074417,0.045777034
42.26,-3.7575107,15.72119,-0.114105515
42.28,-18.179356,31.103615,-0.114105515
42.3,-8.564792,-18.248322,-0.2739881
42.32,10.664334,4.024141,0.36554214
42.34,1.049771,1.6206378,0.045777034
42.36,1.049771,3.2229733,-0.4338706
42.379997,-13.372073,-5.2694044,-0.2739881
42.399998,-8.564792,-28.6635,-0.4338706
42.42,-18.179356,10.593717,-0.114105515
42.44,-27.793919,-11.678746,-0.114105515
42.46,-13.372073,1.3001705,0.36554214
42.48,-3.7575107,17.96446,0.36554214
42.5,-8.564792,-21.452991,-0.4338706
42.52,-22.986637,17.323528,-0.114105515
42.54,44.315308,-12.159447,0.045777034
42.559998,5.857053,-5.7501054,0.045777034
42.579998,-71.05945,13.798388,-0.114105515
42.6,-22.986637,2.5820389,0.5254247
42.62,1.049771,-9.59571,-0.114105515
42.64,1.049771,22.931702,0.045777034
42.66,1.049771,-16.165285,-0.2739881
42.68,-13.372073,-35.55354,-0.59375316
42.7,-22.986637,-8.474075,0.36554214
42.719997,-13.372073,26.136374,0.045777034
42.739998,10.664334,14.279089,0.20565958
42.76,34.700745,-32.34887,-0.59375316
42.78,-18.179356,-32.989803,0.045777034
42.8,-13.372073,-17.447153,0.36554214
42.82,-18.179356,7.228812,-0.114105515
42.84,-22.986637,8.02998,0.20565958
42.86,-18.179356,-10.076411,-0.114105515
42.879997,5.857053,3.2229733,0.20565958
42.899998,10.664334,14.439322,0.20565958
42.92,-27.793919,25.49544,0.20565958
42.94,15.471616,45.68487,0.20565958
42.96,-3.7575107,16.362125,0.045777034
42.98,-8.564792,-39.23891,0.36554214
43.0,-3.7575107,-5.2694044,0.045777034
43.02,-27.793919,47.28721,0.36554214
43.04,-37.40848,-16.966454,-0.2739881
43.059998,-22.986637,-7.833141,0.20565958
43.079998,-8.564792,27.738708,0.045777034
43.1,-3.7575107,1.139937,0.20565958
43.12,34.700745,23.893103,-0.2739881
43.14,5.857053,33.026417,0.5254247
43.16,-3.7575107,-24.17696,-0.114105515
43.18,10.664334,24.053337,0.36554214
43.2,1.049771,7.3890457,-0.4338706
43.219997,-32.6012,-28.983965,-0.2739881
43.239998,-18.179356,11.875586,0.36554214
43.26,25.08618,21.649834,0.20565958
43.28,-18.179356,-7.192207,0.20565958
43.3,10.664334,-7.993375,0.36554214
43.32,10.664334,10.75395,0.045777034
43.34,53.92987,-10.396878,0.20565958
43.36,25.08618,24.534037,-0.114105515
43.379997,25.08618,-0.62263197,0.045777034
43.399998,53.92987,-13.922015,0.045777034
43.42,39.508022,-2.0647337,-0.2739881
43.44,25.08618,3.2229733,0.36554214
43.46,63.54443,-41.96288,0.36554214
43.48,-3.7575107,-19.850657,-0.114105515
43.5,15.471616,49.370243,0.36554214
43.52,10.664334,-16.325518,-0.114105515
43.54,1.049771,-0.62263197,1.0050724
43.559998,-18.179356,-8.634309,0.8451898
43.579998,-37.40848,-20.01089,0.68530726
43.6,-13.372073,-13.761782,-0.4338706
43.62,20.278896,5.3060093,0.5254247
43.64,-42.215763,6.908345,0.36554214
43.66,29.893461,17.96446,0.20565958
43.68,34.700745,-2.7056682,0.68530726
43.7,1.049771,5.466243,-0.114105515
43.719997,-18.179356,-1.9045002,0.68530726
43.739998,-13.372073,32.545715,1.0050724
43.76,34.700745,21.810066,0.8451898
43.78,53.92987,18.765629,0.5254247
43.8,-22.986637,14.279089,0.5254247
43.82,15.471616,-32.669334,0.5254247
43.84,15.471616,-16.005053,0.045777034
43.86,-13.372073,-6.230806,0.20565958
43.879997,25.08618,-14.08225,0.20565958
43.899998,1.049771,-6.5512733,0.045777034
43.92,44.315308,48.24861,0.5254247
43.94,-27.793919,9.472081,0.5254247
43.96,15.471616,12.035819,0.20565958
43.98,5.857053,-28.343033,0.045777034
44.0,44.315308,35.75039,0.68530726
44.02,5.857053,-16.966454,-0.114105515
44.04,-27.793919,-11.198046,0.5254247
44.059998,-42.215763,-4.3080034,0.20565958
44.079998,-8.564792,23.412403,-0.2739881
44.1,5.857053,9.472081,-0.7536357
44.12,20.278896,-3.1863687,-0.4338706
44.14,5.857053,11.234652,-0.114105515
44.16,10.664334,3.2229733,-0.2739881
44.18,10.664334,9.952783,0.045777034
44.2,58.737152,-13.761782,-0.114105515
44.219997,-22.986637,-13.281082,-0.59375316
44.239998,-66.25217,-22.414392,-0.2739881
44.26,10.664334,-17.927853,-0.2739881
44.28,1.049771,-12.31968,-0.2739881
44.3,10.664334,-2.2249672,-0.114105515
44.32,39.508022,15.080256,-0.114105515
44.34,-8.564792,46.646275,-0.114105515
44.36,-56.637608,7.549279,-0.2739881
44.379997,1.049771,-19.209723,0.20565958
44.399998,5.857053,0.9797035,0.36554214
44.42,-56.637608,9.472081,1.0050724
44.44,-32.6012,-20.651823,0.20565958
44.46,-22.986637,2.7422726,-0.114105515
44.48,-3.7575107,-22.73486,-0.114105515
44.5,15.471616,3.5434403,0.20565958
44.52,5.857053,8.510681,-0.114105515
44.539997,20.278896,3.0627398,0.045777034
44.559998,49.122585,-25.619062,0.045777034
44.579998,-8.564792,19.086096,0.20565958
44.6,-3.7575107,7.709513,-0.114105515
44.62,-3.7575107,-1.4237996,-0.2739881
44.64,1.049771,-19.209723,-0.2739881
44.66,-32.6012,-18.248322,-0.2739881
44.68,-32.6012,-4.948938,-0.4338706
44.7,-3.7575107,-39.23891,-0.59375316
44.719997,29.893461,0.17853576,0.045777034
44.739998,-13.372073,-22.574625,0.045777034
44.76,-18.179356,2.5820389,0.5254247
44.78,25.08618,2.5820389,0.36554214
44.8,-8.564792,-2.2249672,-0.114105515
44.82,-18.179356,-12.31968,-0.2739881
44.84,-3.7575107,-7.192207,-0.114105515
44.86,-22.986637,-13.922015,-0.2739881
44.879997,-37.40848,-12.800381,-0.4338706
44.899998,25.08618,7.228812,-0.4338706
44.92,5.857053,-6.5512733,-0.2739881
44.94,-3.7575107,-14.242482,-0.2739881
44.96,-13.372073,-5.910339,0.045777034
44.98,-3.7575107,18.925863,0.68530726
45.0,-8.564792,0.6592364,0.20565958
45.02,1.049771,8.02998,0.5254247
45.039997,-32.6012,14.1188545,0.20565958
45.059998,1.049771,4.504842,-0.2739881
45.079998,5.857053,32.866184,0.36554214
45.1,-22.986637,-16.966454,-0.2739881
45.12,20.278896,-3.1863687,-0.2739881
45.14,-8.564792,21.329365,0.20565958
45.16,5.857053,2.4218054,0.20565958
45.18,15.471616,-9.115009,0.045777034
45.2,-3.7575107,32.22525,0.36554214
45.219997,20.278896,-4.7887044,0.5254247
45.239998,-32.6012,-10.877579,0.045777034
45.26,44.315308,10.113016,0.045777034
45.28,58.737152,17.804228,-0.2739881
45.3,-22.986637,10.27325,0.045777034
45.32,29.893461,10.914185,0.045777034
45.34,10.664334,16.362125,0.5254247
45.36,-13.372073,-8.954777,0.36554214
45.379997,-8.564792,29.821747,0.20565958
45.399998,-3.7575107,-8.794542,0.045777034
45.42,10.664334,1.9411048,0.36554214
45.44,29.893461,-19.850657,0.20565958
45.46,-18.179356,8.510681,0.5254247
45.48,39.508022,5.466243,0.36554214
45.5,-13.372073,30.622915,0.045777034
45.52,-18.179356,-25.45883,-0.4338706
45.539997,-8.564792,-7.352441,-0.4338706
45.559998,-13.372073,43.4416,-0.114105515
45.579998,39.508022,-12.159447,0.045777034
45.6,15.471616,2.4218054,0.045777034
45.62,-27.793919,0.49900287,0.20565958
45.64,5.857053,8.991381,0.20565958
45.66,29.893461,-48.692684,0.68530726
45.68,-13.372073,-3.9875362,0.20565958
45.7,-3.7575107,8.190214,0.20565958
45.719997,49.122585,18.925863,0.36554214
45.739998,15.471616,0.49900287,0.20565958
45.76,-56.637608,79.49417,0.36554214
45.78,-22.986637,4.504842,-0.114105515
45.8,-3.7575107,-6.5512733,-0.59375316
45.82,-32.6012,-14.242482,0.045777034
45.84,-13.372073,-3.026135,-0.4338706
45.86,-18.179356,-17.927853,0.20565958
45.879997,-18.179356,-15.04365,-0.114105515
45.899998,-22.986637,-9.435476,0.36554214
45.92,1.049771,-50.134785,-0.114105515
45.94,-3.7575107,-2.385201,-0.114105515
45.96,5.857053,18.925863,0.68530726
45.98,15.471616,-4.468237,0.68530726
46.0,10.664334,-3.827303,0.20565958
46.02,49.122585,-9.275244,-0.114105515
46.039997,-13.372073,27.418243,-0.59375316
46.059998,-8.564792,-10.396878,-0.114105515
46.079998,10.664334,4.825309,0.20565958
46.1,25.08618,38.794827,0.20565958
46.12,5.857053,2.7422726,-0.114105515
46.14,-3.7575107,4.9855423,0.20565958
46.16,-18.179356,6.7481112,0.20565958
46.18,-18.179356,-10.717345,0.20565958
46.2,5.857053,-7.993375,-0.2739881
46.219997,44.315308,-2.0647337,0.045777034
46.239998,82.77356,36.551556,0.68530726
46.26,-13.372073,19.086096,0.20565958
46.28,1.049771,11.234652,0.36554214
46.3,25.08618,41.5188,-0.2739881
46.32,-27.793919,13.317687,-0.2739881
46.34,49.122585,33.346886,0.20565958
46.36,-3.7575107,25.815907,0.68530726
46.379997,-8.564792,-35.233074,-0.2739881
46.399998,-8.564792,7.0685787,-0.2739881
46.42,1.049771,-12.960614,-0.114105515
46.44,-80.67402,24.053337,0.8451898
46.46,15.471616,-29.785133,-0.114105515
46.48,25.08618,3.0627398,-0.4338706
46.5,-51.830326,8.991381,-0.114105515
46.52,5.857053,26.136374,-0.2739881
46.539997,-27.793919,17.804228,0.36554214
46.559998,-8.564792,-47.731285,0.045777034
46.579998,29.893461,-7.993375,-0.114105515
46.6,15.471616,-14.242482,0.045777034
46.62,53.92987,-5.2694044,0.045777034
46.64,5.857053,-15.684585,0.045777034
46.66,63.54443,9.632316,0.20565958
46.68,5.857053,33.186653,0.68530726
46.7,-3.7575107,21.329365,-0.4338706
46.719997,25.08618,-0.46239844,0.045777034
46.739998,5.857053,7.8697467,0.045777034
46.76,10.664334,24.053337,0.20565958
46.78,-3.7575107,10.433483,0.36554214
46.8,-8.564792,-24.657661,0.045777034
46.82,15.471616,-13.281082,0.20565958
46.84,-42.215763,-15.364117,0.20565958
46.86,-27.793919,7.8697467,0.045777034
46.879997,1.049771,-12.800381,-0.2739881
46.899998,25.08618,18.765629,-0.114105515
46.92,5.857053,0.33876932,-0.114105515
46.94,15.471616,-7.672908,-0.2739881
46.96,15.471616,41.5188,-0.2739881
46.98,20.278896,-9.59571,0.20565958
47.0,-27.793919,-33.150036,0.36554214
47.02,34.700745,-16.80622,0.36554214
47.039997,5.857053,-4.6284704,0.36554214
47.059998,5.857053,-0.14193134,0.20565958
47.079998,5.857053,-10.717345,0.20565958
47.1,-3.7575107,-5.2694044,0.20565958
47.12,-8.564792,-5.910339,0.20565958
47.14,-8.564792,3.2229733,-0.114105515
47.16,-42.215763,5.466243,0.5254247
47.18,44.315308,-28.503265,0.36554214
47.2,-42.215763,6.7481112,0.5254247
47.219997,-22.986637,-24.657661,0.20565958
47.239998,15.471616,22.77147,-0.114105515
47.26,58.737152,28.379642,0.20565958
47.28,-13.372073,23.572638,0.045777034
47.3,-3.7575107,15.24049,0.045777034
47.32,34.700745,11.074417,-0.2739881
47.34,1.049771,12.035819,0.045777034
47.36,-13.372073,6.908345,0.045777034
47.379997,-51.830326,4.024141,0.20565958
47.399998,-18.179356,29.18081,1.0050724
47.42,-22.986637,-7.833141,-0.114105515
47.44,-22.986637,2.261572,-0.59375316
47.46,-3.7575107,4.184375,-0.2739881
47.48,29.893461,-6.230806,0.045777034
47.5,10.664334,-28.022566,-0.59375316
47.52,1.049771,4.184375,-0.4338706
47.539997,15.471616,6.5878778,-0.2739881
47.559998,10.664334,0.17853576,0.045777034
47.579998,-32.6012,8.190214,0.20565958
47.6,-27.793919,-13.120848,-0.2739881
47.62,20.278896,6.1071773,0.045777034
47.64,-3.7575107,-10.396878,-0.2739881
47.66,-66.25217,-3.1863687,0.36554214
47.68,-18.179356,-6.5512733,0.045777034
47.7,68.35171,25.49544,-0.114105515
47.719997,10.664334,-2.8659017,-0.114105515
47.739998,-18.179356,-0.46239844,-0.114105515
47.76,1.049771,31.744547,-0.114105515
47.78,-3.7575107,-12.960614,-0.2739881
47.8,-8.564792,22.290768,0.36554214
47.82,15.471616,-13.120848,0.045777034
47.84,39.508022,-18.248322,-0.2739881
47.86,-3.7575107,-31.067003,-0.2739881
47.879997,10.664334,5.9469438,0.5254247
47.899998,10.664334,2.261572,-0.4338706
47.92,25.08618,4.024141,0.045777034
47.94,15.471616,27.097775,-0.114105515
47.96,10.664334,1.6206378,-0.114105515
47.98,-18.179356,-24.016727,-0.114105515
48.0,-13.372073,-8.794542,0.045777034
48.02,-27.793919,-2.8659017,0.36554214
48.039997,-13.372073,-24.497427,0.36554214
48.059998,20.278896,-5.1091714,0.5254247
48.079998,-27.793919,-4.6284704,0.68530726
48.1,1.049771,-10.076411,0.045777034
48.12,29.893461,21.9703,0.045777034
48.14,-13.372073,2.5820389,0.20565958
48.16,15.471616,-28.983965,0.36554214
48.18,5.857053,-7.192207,0.5254247
48.2,5.857053,-19.209723,-0.59375316
48.219997,15.471616,37.67319,0.045777034
48.239998,15.471616,-5.429638,0.045777034
48.26,58.737152,59.78543,1.164955
48.28,-18.179356,-47.731285,-0.114105515
48.3,1.049771,6.5878778,0.5254247
48.32,25.08618,-8.634309,-0.114105515
48.34,5.857053,-11.518513,0.045777034
48.36,10.664334,3.2229733,0.20565958
48.379997,-42.215763,-28.503265,0.20565958
48.399998,-22.986637,-19.209723,-0.114105515
48.42,20.278896,-18.889254,-0.2739881
48.44,39.508022,2.7422726,0.045777034
48.46,34.700745,-21.933691,-0.2739881
48.48,1.049771,-41.96288,-0.2739881
48.5,-47.023045,0.49900287,0.045777034
48.52,-13.372073,6.7481112,0.36554214
48.539997,15.471616,7.709513,-0.4338706
48.559998,15.471616,-32.5091,-0.4338706
48.579998,25.08618,-11.358279,-0.59375316
48.6,5.857053,-8.794542,0.20565958
48.62,10.664334,12.676753,0.20565958
48.64,25.08618,5.145776,-0.4338706
48.66,63.54443,-5.910339,-0.59375316
48.68,-13.372073,-9.755944,0.20565958
48.7,-27.793919,-11.999213,0.20565958
48.719997,1.049771,10.433483,0.68530726
48.739998,34.700745,-10.557112,-0.2739881
48.76,-8.564792,-14.883417,-0.114105515
48.78,-3.7575107,-0.46239844,-0.4338706
48.8,-22.986637,10.113016,0.36554214
48.82,25.08618,-29.304434,-0.114105515
48.84,-37.40848,-9.275244,-0.114105515
48.86,5.857053,4.825309,-0.114105515
48.879997,34.700745,7.3890457,0.36554214
48.899998,63.54443,68.598274,0.5254247
48.92,-3.7575107,5.9469438,0.20565958
48.94,5.857053,-10.076411,-0.2739881
48.96,39.508022,-10.076411,-0.114105515
48.98,-18.179356,-5.7501054,0.20565958
49.0,-42.215763,-24.978128,-0.114105515
49.02,-8.564792,-23.055326,-0.114105515
49.039997,1.049771,-17.447153,-0.59375316
49.059998,25.08618,-17.607388,-0.2739881
49.079998,10.664334,3.0627398,0.045777034
49.1,-8.564792,19.246328,0.045777034
49.12,25.08618,33.66735,0.68530726
49.14,-22.986637,0.6592364,0.045777034
49.16,-47.023045,-11.037811,0.20565958
49.18,1.049771,-32.188637,-0.2739881
49.2,-8.564792,12.8369875,-0.4338706
49.219997,25.08618,6.1071773,-0.2739881
49.239998,10.664334,-0.7828655,0.045777034
49.26,20.278896,13.157454,-0.2739881
49.28,-18.179356,12.356286,-0.114105515
49.3,10.664334,32.385483,0.045777034
49.32,25.08618,-10.557112,-0.114105515
49.34,5.857053,9.792548,-0.114105515
49.36,-13.372073,46.96674,0.045777034
49.379997,25.08618,13.798388,0.045777034
49.399998,10.664334,-4.7887044,-0.2739881
49.42,-13.372073,1.9411048,0.045777034
49.44,-32.6012,3.3832066,-0.4338706
49.46,10.664334,19.566797,-0.4338706
49.48,-3.7575107,-27.862331,-0.59375316
49.5,-66.25217,23.252169,-0.2739881
49.52,1.049771,-11.037811,-0.114105515
49.539997,-8.564792,4.825309,0.045777034
49.559998,39.508022,6.7481112,0.045777034
49.579998,29.893461,-15.524351,-0.114105515
49.6,-18.179356,17.323528,0.045777034
49.62,10.664334,9.151615,-0.114105515
49.64,-37.40848,40.076694,-0.2739881
49.66,10.664334,-4.6284704,0.045777034
49.68,-8.564792,-0.30216488,-0.2739881
49.7,-22.986637,49.53048,0.5254247
49.719997,10.664334,4.3446083,0.20565958
49.739998,-8.564792,17.00306,0.5254247
49.76,20.278896,22.451,0.20565958
49.78,-3.7575107,-4.468237,0.36554214
49.8,20.278896,2.4218054,0.20565958
49.82,15.471616,15.400723,-0.114105515
49.84,-61.44489,-5.589872,0.20565958
49.86,15.471616,-3.9875362,-0.59375316
49.879997,15.471616,-7.833141,0.36554214
49.899998,20.278896,-7.192207,-0.114105515
49.92,1.049771,7.3890457,0.20565958
49.94,-3.7575107,39.916462,0.36554214
49.96,44.315308,24.213572,0.36554214
49.98,-18.179356,-16.005053,0.5254247
50.0,10.664334,-73.849335,0.5254247
50.02,-22.986637,-5.1091714,0.20565958
50.039997,25.08618,15.560958,0.20565958
50.059998,1.049771,-10.236644,-0.2739881
50.079998,-27.793919,-13.922015,-0.114105515
50.1,15.471616,7.709513,0.68530726
50.12,29.893461,0.9797035,-0.2739881
50.14,87.58084,4.825309,0.045777034
50.16,-3.7575107,-12.640147,0.045777034
50.18,-3.7575107,10.593717,0.8451898
50.2,1.049771,29.18081,0.045777034
50.219997,1.049771,22.931702,0.8451898
50.239998,-27.793919,12.99722,-0.4338706
50.26,-3.7575107,-8.474075,0.36554214
50.28,10.664334,-22.73486,0.5254247
50.3,-22.986637,-0.30216488,0.36554214
50.32,-3.7575107,41.9995,0.68530726
50.34,20.278896,17.323528,0.5254247
50.36,10.664334,1.139937,0.20565958
50.379997,87.58084,10.914185,0.045777034
50.399998,20.278896,27.738708,0.20565958
50.42,1.049771,8.510681,0.20565958
50.44,10.664334,16.362125,0.045777034
50.46,5.857053,-19.369957,-0.114105515
50.48,29.893461,-19.209723,0.36554214
50.5,1.049771,-18.408554,-0.114105515
50.52,10.664334,-7.352441,0.36554214
50.539997,10.664334,-5.7501054,-0.114105515
50.559998,-13.372073,21.0089,0.5254247
50.579998,10.664334,-9.115009,0.20565958
50.6,-8.564792,-4.948938,-0.114105515
50.62,15.471616,-32.669334,0.045777034
50.64,10.664334,-9.755944,0.045777034
50.66,53.92987,10.593717,-0.114105515
50.68,5.857053,-4.6284704,0.36554214
50.7,-13.372073,6.908345,0.68530726
50.719997,25.08618,-34.912605,0.045777034
50.739998,1.049771,0.9797035,0.8451898
50.76,15.471616,16.041658,0.8451898
50.78,58.737152,23.091934,0.36554214
50.8,10.664334,32.385483,0.36554214
50.82,5.857053,4.9855423,0.5254247
50.84,10.664334,23.252169,0.8451898
50.86,25.08618,15.881425,0.36554214
50.879997,-47.023045,-13.281082,0.20565958
50.899998,1.049771,-29.785133,0.045777034
50.92,20.278896,-14.883417,-0.114105515
50.94,-13.372073,-21.933691,0.5254247
50.96,44.315308,-7.192207,0.045777034
50.98,10.664334,1.3001705,-0.114105515
51.0,5.857053,-12.960614,0.5254247
51.02,-8.564792,-3.6670694,0.5254247
51.039997,5.857053,6.7481112,-0.114105515
51.059998,5.857053,-9.916177,-0.114105515
51.079998,-3.7575107,3.8639073,0.045777034
51.1,29.893461,-8.474075,0.20565958
51.12,5.857053,-36.194473,0.8451898
51.14,5.857053,-12.800381,0.36554214
51.16,39.508022,-18.729021,-0.114105515
51.18,10.664334,-3.5068357,-0.114105515
51.199997,29.893461,-7.833141,0.045777034
51.219997,-32.6012,-20.171124,0.045777034
51.239998,-8.564792,36.551556,0.8451898
51.26,-13.372073,52.574917,0.5254247
51.28,20.278896,9.952783,-0.114105515
51.3,-8.564792,-19.850657,0.5254247
51.32,29.893461,-1.5840333,0.20565958
51.34,5.857053,-0.7828655,0.5254247
51.36,-37.40848,-4.6284704,0.5254247
51.379997,1.049771,3.0627398,0.20565958
51.399998,-51.830326,-32.028404,-0.2739881
51.42,5.857053,-2.385201,0.36554214
51.44,-18.179356,-4.14777,0.36554214
51.46,-8.564792,-7.352441,0.68530726
51.48,20.278896,26.45684,0.20565958
51.5,10.664334,14.439322,0.5254247
51.52,20.278896,1.7808713,0.045777034
51.539997,-3.7575107,17.323528,0.20565958
51.559998,-3.7575107,-10.396878,0.20565958
51.579998,5.857053,12.676753,0.045777034
51.6,5.857053,13.798388,0.68530726
51.62,34.700745,0.17853576,0.5254247
51.64,10.664334,-14.242482,-0.114105515
51.66,5.857053,7.228812,0.045777034
51.68,58.737152,24.534037,-0.114105515
51.699997,29.893461,4.3446083,0.20565958
51.719997,5.857053,-5.1091714,0.36554214
51.739998,-22.986637,-20.651823,0.20565958
51.76,5.857053,14.1188545,0.045777034
51.78,-42.215763,6.2674108,0.045777034
51.8,-22.986637,13.157454,1.0050724
51.82,1.049771,-10.396878,0.20565958
51.84,-47.023045,29.18081,0.20565958
51.86,-3.7575107,-7.352441,0.20565958
51.879997,5.857053,21.9703,-0.114105515
51.899998,44.315308,-4.948938,0.045777034
51.92,39.508022,18.925863,0.20565958
51.94,1.049771,22.130533,0.68530726
51.96,1.049771,14.759789,0.8451898
51.98,-8.564792,12.035819,0.68530726
52.0,25.08618,11.234652,0.20565958
52.02,39.508022,-17.607388,0.045777034
52.039997,34.700745,-1.1033326,0.045777034
52.059998,29.893461,-50.134785,0.20565958
52.079998,29.893461,-31.067003,-0.2739881
52.1,29.893461,11.875586,0.045777034
52.12,20.278896,5.6264763,-0.114105515
52.14,-32.6012,-10.717345,0.20565958
52.16,-32.6012,-10.877579,0.8451898
52.18,-8.564792,-12.31968,1.0050724
52.199997,1.049771,8.670914,0.36554214
52.219997,5.857053,21.329365,0.5254247
52.239998,15.471616,7.549279,0.36554214
52.26,34.700745,2.261572,0.20565958
52.28,-42.215763,12.196053,0.36554214
52.3,10.664334,12.356286,0.36554214
52.32,20.278896,0.81947,0.045777034
52.34,15.471616,22.931702,0.36554214
52.36,-22.986637,6.7481112,0.5254247
52.379997,1.049771,8.670914,0.20565958
52.399998,20.278896,17.483759,0.045777034
52.42,10.664334,-5.589872,-0.114105515
52.44,53.92987,-35.393307,0.20565958
52.46,-22.986637,21.169132,0.20565958
52.48,34.700745,14.279089,0.20565958
52.5,-42.215763,35.590153,0.5254247
52.52,5.857053,23.412403,0.36554214
52.539997,-3.7575107,7.228812,0.20565958
52.559998,-32.6012,14.439322,0.20565958
52.579998,20.278896,-1.9045002,0.20565958
52.6,20.278896,0.81947,0.36554214
52.62,-13.372073,12.676753,0.20565958
52.64,10.664334,0.49900287,-0.114105515
52.66,20.278896,-5.429638,0.5254247
52.68,63.54443,-13.922015,-0.59375316
52.699997,-13.372073,6.7481112,0.045777034
52.719997,29.893461,-13.441315,-0.2739881
52.739998,20.278896,7.0685787,0.20565958
52.76,82.77356,17.00306,0.5254247
52.78,29.893461,15.400723,-0.114105515
52.8,5.857053,-5.2694044,0.20565958
52.82,-18.179356,-8.153608,-0.2739881
52.84,-22.986637,6.5878778,0.36554214
52.86,-18.179356,-8.474075,-0.4338706
52.879997,-18.179356,14.759789,-0.2739881
52.899998,44.315308,-9.275244,0.5254247
52.92,-8.564792,-25.45883,0.045777034
52.94,-61.44489,14.599556,0.20565958
52.96,1.049771,-5.910339,0.045777034
52.98,10.664334,-4.7887044,-0.2739881
53.0,-61.44489,33.66735,0.36554214
53.02,15.471616,4.9855423,0.045777034
53.039997,-3.7575107,-3.6670694,0.045777034
53.059998,-18.179356,-21.132523,-0.59375316
53.079998,-13.372073,0.17853576,-0.59375316
53.1,1.049771,-13.120848,-0.2739881
53.12,15.471616,1.9411048,-0.114105515
53.14,-85.48129,-39.23891,-0.114105515
53.16,1.049771,-19.209723,-0.114105515
53.18,39.508022,10.113016,0.20565958
53.199997,-8.564792,-20.651823,-0.2739881
53.219997,-3.7575107,-2.2249672,-0.4338706
53.239998,-47.023045,18.284927,-0.2739881
53.26,-3.7575107,-0.14193134,0.20565958
53.28,-13.372073,-8.313842,-0.2739881
53.3,-56.637608,-23.69626,0.20565958
53.32,20.278896,1.3001705,0.045777034
53.34,1.049771,16.52236,0.20565958
53.36,-13.372073,10.433483,-0.4338706
53.379997,-22.986637,-6.5512733,0.20565958
53.399998,-13.372073,0.17853576,-0.2739881
53.42,1.049771,39.275528,-0.114105515
53.44,-22.986637,0.33876932,-0.114105515
53.46,-18.179356,-28.182798,-0.4338706
53.48,1.049771,23.091934,0.045777034
53.5,-18.179356,32.385483,-0.114105515
53.52,25.08618,24.053337,-0.2739881
53.539997,-3.7575107,-7.0319734,-0.7536357
53.559998,5.857053,-15.524351,-0.114105515
53.579998,15.471616,10.593717,-0.2739881
53.6,-13.372073,-12.159447,-0.7536357
53.62,-18.179356,18.124695,-0.59375316
53.64,1.049771,-27.541864,-0.4338706
53.66,1.049771,-47.09035,-0.59375316
53.68,1.049771,-2.5454345,0.5254247
53.699997,1.049771,28.860344,-0.2739881
53.719997,-22.986637,21.649834,-0.2739881
53.739998,-8.564792,3.7036738,-0.114105515
53.76,-3.7575107,-12.159447,0.045777034
53.78,5.857053,-14.242482,-0.4338706
53.8,34.700745,-0.30216488,-0.114105515
53.82,-3.7575107,22.931702,-0.4338706
53.84,1.049771,-24.817896,-0.4338706
53.86,20.278896,3.2229733,0.045777034
53.879997,1.049771,17.00306,-0.4338706
53.899998,-18.179356,20.047497,-0.114105515
53.92,29.893461,-8.634309,-0.114105515
53.94,34.700745,21.329365,0.5254247
53.96,-18.179356,0.17853576,0.045777034
53.98,58.737152,13.157454,-0.114105515
54.0,5.857053,-2.0647337,-0.114105515
54.02,-37.40848,11.555119,-0.2739881
54.039997,1.049771,21.649834,-0.2739881
54.059998,63.54443,-4.3080034,-0.2739881
54.079998,25.08618,35.10945,-0.2739881
54.1,-51.830326,-27.541864,0.20565958
54.12,5.857053,10.27325,0.045777034
54.14,29.893461,12.99722,-0.114105515
54.16,68.35171,-30.1056,-0.2739881
54.18,15.471616,-4.468237,0.36554214
54.199997,29.893461,-22.093925,-0.4338706
54.219997,-32.6012,-10.717345,-0.4338706
54.239998,5.857053,5.466243,0.045777034
54.26,58.737152,-41.00148,-0.114105515
54.28,-27.793919,-4.14777,-0.2739881
54.3,15.471616,-47.09035,-0.114105515
54.32,-13.372073,1.3001705,0.045777034
54.34,1.049771,12.8369875,0.045777034
54.36,-8.564792,-7.352441,0.045777034
54.379997,20.278896,-7.192207,-0.2739881
54.399998,-22.986637,-8.634309,0.20565958
54.42,34.700745,11.715352,0.20565958
54.44,63.54443,9.632316,0.20565958
54.46,-47.023045,36.71179,0.36554214
54.48,10.664334,-5.2694044,0.045777034
54.5,10.664334,-10.396878,-0.114105515
54.52,-3.7575107,-2.0647337,0.5254247
54.539997,-3.7575107,27.258009,0.045777034
54.559998,25.08618,52.254448,-0.2739881
54.579998,-22.986637,55.939823,0.68530726
54.6,49.122585,18.284927,0.36554214
54.62,25.08618,13.317687,0.20565958
54.64,20.278896,-4.7887044,0.5254247
54.66,15.471616,0.018302217,0.36554214
54.68,20.278896,7.709513,0.20565958
54.699997,15.471616,27.898943,0.045777034
54.719997,20.278896,15.881425,-0.4338706
54.739998,-18.179356,-11.518513,-0.114105515
54.76,20.278896,-14.562949,0.045777034
54.78,-27.793919,27.738708,0.5254247
54.8,15.471616,-4.6284704,0.20565958
54.82,39.508022,-13.922015,-0.4338706
54.84,-47.023045,-3.5068357,0.045777034
54.86,20.278896,8.510681,0.045777034
54.879997,20.278896,14.599556,0.5254247
54.899998,-3.7575107,-13.120848,0.5254247
54.92,-8.564792,-4.468237,0.20565958
54.94,-18.179356,18.124695,0.5254247
54.96,-13.372073,-0.9430991,-0.114105515
54.98,-32.6012,19.727032,0.045777034
55.0,-32.6012,-6.0705724,-0.4338706
55.02,-27.793919,8.831148,0.045777034
55.039997,-37.40848,-6.8717403,-0.59375316
55.059998,-75.86674,-11.198046,-0.114105515
55.079998,-22.986637,22.130533,0.20565958
55.1,-18.179356,6.1071773,0.045777034
55.12,1.049771,-18.889254,-0.4338706
55.14,-13.372073,-34.752373,-0.4338706
55.16,-3.7575107,10.914185,0.045777034
55.18,-13.372073,2.1013381,0.5254247
55.199997,53.92987,6.2674108,0.20565958
55.219997,-18.179356,-16.005053,-0.114105515
55.239998,-3.7575107,-34.752373,-0.59375316
55.26,5.857053,-8.954777,-0.2739881
55.28,-51.830326,-12.800381,-0.114105515
55.3,-27.793919,6.4276443,0.20565958
55.32,-3.7575107,8.831148,0.045777034
55.34,1.049771,-14.723184,0.5254247
55.36,1.049771,-6.230806,0.045777034
55.379997,-3.7575107,-1.5840333,0.20565958
55.399998,15.471616,25.976141,-0.4338706
55.42,-13.372073,20.367966,-0.114105515
55.44,-3.7575107,3.2229733,0.20565958
55.46,5.857053,6.2674108,-0.114105515
55.48,-8.564792,-20.651823,-0.2739881
55.5,-18.179356,6.908345,0.045777034
55.52,-32.6012,13.477921,0.20565958
55.539997,5.857053,-2.7056682,0.20565958
55.559998,15.471616,8.991381,0.36554214
55.579998,-47.023045,-7.192207,0.045777034
55.6,-8.564792,-9.435476,-0.4338706
55.62,10.664334,55.45912,0.20565958
55.64,15.471616,-4.14777,0.045777034
55.66,34.700745,-3.026135,0.68530726
55.68,58.737152,-12.31968,0.36554214
55.699997,1.049771,8.510681,0.5254247
55.719997,-37.40848,47.28721,0.68530726
55.739998,53.92987,6.5878778,0.68530726
55.76,15.471616,6.2674108,-0.114105515
55.78,5.857053,-4.7887044,-0.4338706
55.8,-47.023045,-3.9875362,0.20565958
55.82,1.049771,26.45684,0.20565958
55.84,15.471616,-28.983965,-1.0734009
55.86,5.857053,0.17853576,-0.2739881
55.879997,29.893461,-36.03424,-0.2739881
55.899998,-3.7575107,3.7036738,0.36554214
55.92,5.857053,8.350447,0.36554214
55.94,-18.179356,-42.12311,0.36554214
55.96,53.92987,-0.14193134,-0.2739881
55.98,106.80997,-17.927853,-1.0734009
56.0,-3.7575107,17.483759,-0.114105515
56.02,-8.564792,1.139937,-0.114105515
56.039997,-18.179356,19.887262,0.5254247
56.059998,10.664334,-0.7828655,-0.114105515
56.079998,20.278896,-14.242482,0.045777034
56.1,-3.7575107,-30.906769,0.045777034
56.12,-3.7575107,19.566797,0.8451898
56.14,-3.7575107,37.51296,0.20565958
56.16,-3.7575107,-7.192207,0.045777034
56.18,-27.793919,-14.723184,-0.2739881
56.199997,15.471616,-3.026135,-0.2739881
56.219997,49.122585,54.657955,0.20565958
56.239998,-8.564792,25.014738,0.20565958
56.26,10.664334,-1.4237996,-0.4338706
56.28,-3.7575107,0.17853576,0.045777034
56.3,-3.7575107,-45.16755,-0.4338706
56.32,25.08618,-0.46239844,0.045777034
56.34,-13.372073,8.670914,0.045777034
56.36,10.664334,-15.04365,-0.114105515
56.379997,15.471616,8.350447,0.5254247
56.399998,34.700745,-4.6284704,-0.4338706
56.42,-13.372073,6.7481112,-0.2739881
56.44,25.08618,-21.933691,-0.4338706
56.46,-22.986637,0.6592364,0.045777034
56.48,29.893461,22.130533,0.20565958
56.5,34.700745,23.252169,-0.114105515
56.52,44.315308,12.676753,0.68530726
56.539997,-8.564792,-18.889254,0.5254247
56.559998,-13.372073,-21.613226,0.045777034
56.579998,44.315308,-8.313842,-0.114105515
56.6,5.857053,0.49900287,-0.114105515
56.62,-47.023045,4.3446083,0.8451898
56.64,-8.564792,10.433483,0.20565958
56.66,5.857053,-12.31968,0.045777034
56.68,-32.6012,11.234652,0.36554214
56.699997,-18.179356,11.555119,0.20565958
56.719997,-32.6012,26.136374,0.20565958
56.739998,-51.830326,9.311849,0.045777034
56.76,34.700745,5.9469438,0.36554214
56.78,-18.179356,4.504842,0.045777034
56.8,-51.830326,-12.960614,0.045777034
56.82,-56.637608,2.4218054,0.045777034
56.84,-3.7575107,-16.80622,-0.114105515
56.86,15.471616,9.952783,-0.114105515
56.879997,1.049771,-1.4237996,-0.2739881
56.899998,-8.564792,29.98198,0.36554214
56.92,1.049771,21.0089,0.36554214
56.94,44.315308,-23.375792,-0.7536357
56.96,-8.564792,12.356286,-0.114105515
56.98,-42.215763,25.655672,-0.114105515
57.0,20.278896,21.329365,0.045777034
57.02,-3.7575107,0.018302217,-0.114105515
57.039997,-13.372073,-0.46239844,0.68530726
57.059998,-22.986637,4.6650753,0.5254247
57.079998,-8.564792,-7.5126743,0.68530726
57.1,5.857053,-50.775723,0.5254247
57.12,34.700745,-10.717345,0.20565958
57.14,1.049771,-20.812057,-0.114105515
57.16,-32.6012,-3.6670694,0.20565958
57.18,-22.986637,8.670914,0.20565958
57.199997,15.471616,8.510681,0.045777034
57.219997,10.664334,8.510681,0.045777034
57.239998,-3.7575107,9.952783,-0.2739881
57.26,29.893461,11.715352,0.20565958
57.28,-61.44489,6.2674108,0.5254247
57.3,10.664334,-28.983965,0.045777034
57.32,-27.793919,-1.9045002,0.36554214
57.34,10.664334,-13.281082,-0.114105515
57.36,-13.372073,-18.088087,-0.4338706
57.379997,5.857053,-30.265835,0.045777034
57.399998,-13.372073,16.842825,0.36554214
57.42,58.737152,7.8697467,0.045777034
57.44,1.049771,-22.574625,-0.4338706
57.46,-22.986637,-23.21556,0.045777034
57.48,-18.179356,9.632316,0.045777034
57.5,-27.793919,12.676753,0.20565958
57.52,20.278896,-40.52078,0.68530726
57.539997,1.049771,-33.150036,0.20565958
57.559998,58.737152,-32.669334,-0.4338706
57.579998,-22.986637,-14.242482,0.5254247
57.6,1.049771,22.77147,0.5254247
57.62,-13.372073,1.7808713,0.045777034
57.64,34.700745,7.0685787,-0.114105515
57.66,15.471616,15.881425,0.045777034
57.68,-18.179356,-13.120848,0.68530726
57.699997,25.08618,-18.088087,0.20565958
57.719997,5.857053,-18.568789,0.20565958
57.739998,25.08618,41.358562,-0.114105515
57.76,-32.6012,-12.479914,0.20565958
57.78,5.857053,-23.21556,-0.114105515
57.8,-32.6012,35.590153,0.20565958
57.82,53.92987,1.139937,-0.114105515
57.84,44.315308,-9.115009,-0.114105515
57.86,82.77356,42.4802,0.36554214
57.879997,-8.564792,-20.651823,0.045777034
57.899998,-18.179356,0.6592364,0.20565958
57.92,5.857053,-26.740696,-0.114105515
57.94,73.159,-21.933691,0.20565958
57.96,15.471616,-13.761782,-0.59375316
57.98,34.700745,0.17853576,0.045777034
58.0,5.857053,2.5820389,-0.2739881
58.02,29.893461,-37.155872,-0.59375316
58.039997,1.049771,-53.49969,-0.114105515
58.059998,15.471616,-1.1033326,0.5254247
58.079998,25.08618,4.6650753,0.045777034
58.1,20.278896,32.70595,0.36554214
58.12,68.35171,-21.452991,0.36554214
58.14,-42.215763,-34.912605,-0.4338706
58.16,34.700745,10.75395,-0.114105515
58.18,-18.179356,-20.651823,-0.114105515
58.199997,-13.372073,22.611235,-0.2739881
58.219997,10.664334,2.902506,0.045777034
58.239998,-13.372073,32.866184,0.045777034
58.26,-3.7575107,11.074417,-0.2739881
58.28,-8.564792,25.815907,0.045777034
58.3,20.278896,-49.173386,-0.114105515
58.32,-3.7575107,7.709513,-0.114105515
58.34,-8.564792,-3.1863687,0.20565958
58.359997,-3.7575107,29.18081,0.045777034
58.379997,1.049771,16.52236,-0.114105515
58.399998,-18.179356,39.916462,0.045777034
58.42,25.08618,-10.717345,-0.114105515
58.44,5.857053,1.9411048,-0.114105515
58.46,-42.215763,14.279089,-0.2739881
58.48,-18.179356,-13.601548,-0.114105515
58.5,-22.986637,45.364407,0.5254247
58.52,34.700745,-17.927853,-0.2739881
58.539997,-3.7575107,-25.93953,0.045777034
58.559998,39.508022,-0.62263197,0.36554214
58.579998,5.857053,6.908345,-0.114105515
58.6,25.08618,10.593717,0.20565958
58.62,5.857053,-12.31968,-0.2739881
58.64,25.08618,13.477921,-0.114105515
58.66,15.471616,-5.589872,-0.59375316
58.68,5.857053,-36.675175,-0.4338706
58.699997,-56.637608,-10.236644,0.5254247
58.719997,-37.40848,-15.844818,1.164955
58.739998,1.049771,-3.1863687,-0.114105515
58.76,-18.179356,4.9855423,-0.2739881
58.78,1.049771,31.584314,-0.114105515
58.8,-3.7575107,3.7036738,0.045777034
58.82,15.471616,47.767906,0.045777034
58.84,20.278896,-5.2694044,-0.114105515
58.859997,-3.7575107,4.9855423,-0.2739881
58.879997,1.049771,61.387768,0.5254247
58.899998,10.664334,18.124695,0.20565958
58.92,-47.023045,-14.723184,0.045777034
58.94,-3.7575107,35.590153,0.045777034
58.96,10.664334,18.284927,0.045777034
58.98,25.08618,11.074417,-0.4338706
59.0,-27.793919,24.213572,0.20565958
59.02,5.857053,20.367966,-0.114105515
59.039997,5.857053,-4.3080034,-0.114105515
59.059998,34.700745,3.7036738,-0.114105515
59.079998,39.508022,21.169132,0.045777034
59.1,-3.7575107,15.080256,0.045777034
59.12,1.049771,-8.634309,-0.59375316
59.14,10.664334,-4.468237,-0.114105515
59.16,29.893461,-57.185062,-0.114105515
59.18,20.278896,-4.3080034,0.20565958
59.199997,-8.564792,-3.9875362,0.045777034
59.219997,-51.830326,-13.761782,-0.2739881
59.239998,10.664334,24.694271,0.20565958
59.26,63.54443,-9.916177,-0.2739881
59.28,5.857053,14.1188545,0.045777034
59.3,39.508022,20.207731,0.20565958
59.32,-3.7575107,20.207731,0.5254247
59.34,10.664334,-2.385201,0.045777034
59.359997,-47.023045,-12.159447,-0.59375316
59.379997,-13.372073,14.759789,0.045777034
59.399998,44.315308,-9.59571,-0.2739881
59.42,39.508022,30.622915,-0.114105515
59.44,5.857053,52.895386,0.20565958
59.46,15.471616,6.908345,-0.2739881
59.48,1.049771,14.279089,0.20565958
59.5,-3.7575107,-6.230806,0.045777034
59.52,1.049771,-24.016727,-0.59375316
59.539997,1.049771,-51.096188,-0.114105515
59.559998,10.664334,25.976141,0.8451898
59.579998,1.049771,21.9703,0.5254247
59.6,-8.564792,-0.14193134,0.045777034
59.62,10.664334,-11.358279,-0.2739881
59.64,-13.372073,-20.01089,0.36554214
59.66,-3.7575107,12.99722,0.20565958
59.68,5.857053,33.98782,0.36554214
59.699997,1.049771,12.51652,-0.114105515
59.719997,-13.372073,-19.690422,-0.2739881
59.739998,25.08618,0.17853576,0.045777034
59.76,20.278896,4.825309,0.5254247
59.78,-3.7575107,22.451,0.045777034
59.8,-51.830326,-9.916177,0.36554214
59.82,10.664334,11.394884,0.20565958
59.84,-3.7575107,-18.408554,-0.4338706
59.859997,58.737152,33.186653,0.045777034
59.879997,5.857053,-4.7887044,-0.4338706
59.899998,5.857053,3.7036738,-0.4338706
59.92,25.08618,10.113016,-0.2739881
59.94,15.471616,20.528198,-0.59375316
59.96,-8.564792,17.804228,-0.114105515
59.98,-8.564792,1.7808713,-0.4338706
60.0,-42.215763,9.632316,0.045777034
60.02,-22.986637,-44.847084,0.20565958
60.039997,1.049771,-1.2635663,-0.114105515
60.059998,53.92987,3.0627398,0.045777034
60.079998,-22.986637,12.356286,0.68530726
60.1,44.315308,2.1013381,-0.4338706
60.12,58.737152,2.1013381,-0.59375316
60.14,10.664334,-0.46239844,-0.59375316
60.16,-13.372073,8.831148,-0.4338706
60.18,15.471616,51.77375,0.045777034
60.199997,-32.6012,-3.827303,-0.114105515
60.219997,1.049771,-16.966454,-0.4338706
60.239998,10.664334,-4.14777,-0.59375316
60.26,53.92987,-17.76762,-0.2739881
60.28,-3.7575107,-0.14193134,-0.4338706
60.3,20.278896,12.8369875,0.045777034
60.32,-27.793919,3.8639073,0.045777034
60.34,5.857053,-9.275244,0.045777034
60.359997,1.049771,44.72347,-0.114105515
60.379997,34.700745,13.958622,-0.4338706
60.399998,1.049771,34.308285,-0.59375316
60.42,-13.372073,14.439322,-0.114105515
60.44,39.508022,-11.999213,-0.114105515
60.46,5.857053,0.17853576,0.20565958
60.48,-32.6012,-13.281082,-0.4338706
60.5,-18.179356,6.1071773,-0.114105515
60.52,5.857053,-4.468237,-0.114105515
60.539997,20.278896,17.163294,0.045777034
60.559998,29.893461,6.4276443,0.20565958
60.579998,-18.179356,3.7036738,-0.114105515
60.6,20.278896,14.1188545,-0.2739881
60.62,1.049771,1.139937,-0.2739881
60.64,10.664334,8.350447,-0.2739881
60.66,49.122585,-27.061165,-0.7536357
60.68,-80.67402,-14.08225,0.20565958
60.699997,15.471616,5.6264763,-0.7536357
60.719997,1.049771,-28.182798,-0.2739881
60.739998,44.315308,9.632316,-0.114105515
60.76,-3.7575107,-14.08225,-0.4338706
60.78,5.857053,19.566797,0.36554214
60.8,-32.6012,32.545715,0.68530726
60.82,-27.793919,17.643993,0.68530726
60.84,-8.564792,25.815907,0.045777034
60.859997,44.315308,16.842825,0.36554214
60.879997,-18.179356,-17.607388,-0.114105515
60.899998,-8.564792,27.258009,0.36554214
60.92,63.54443,-24.817896,-0.114105515
60.94,20.278896,0.018302217,-0.114105515
60.96,34.700745,12.51652,-0.2739881
60.98,-27.793919,-0.14193134,-0.114105515
61.0,1.049771,8.831148,0.045777034
61.02,63.54443,29.341045,0.20565958
61.039997,-27.793919,-1.7442669,0.20565958
61.059998,10.664334,-1.7442669,0.20565958
61.079998,1.049771,-2.2249672,0.045777034
61.1,-8.564792,3.7036738,0.045777034
61.12,20.278896,-2.5454345,-0.59375316
61.14,-3.7575107,5.3060093,-0.114105515
61.16,-37.40848,-37.957043,-0.7536357
61.18,5.857053,-28.983965,-0.59375316
61.199997,34.700745,-16.80622,-0.9135183
61.219997,68.35171,14.759789,0.045777034
61.239998,-27.793919,-18.568789,-0.2739881
61.26,-3.7575107,3.3832066,-0.2739881
61.28,-56.637608,18.445162,0.36554214
61.3,34.700745,-40.040077,-0.114105515
61.32,-3.7575107,-3.5068357,-0.4338706
61.34,-37.40848,16.52236,-0.2739881
61.359997,25.08618,-23.055326,-0.9135183
61.379997,29.893461,20.207731,-0.114105515
61.399998,58.737152,2.902506,-0.2739881
61.42,39.508022,10.75395,0.045777034
61.44,-8.564792,47.767906,0.5254247
61.46,-22.986637,3.3832066,-0.114105515
61.48,-27.793919,-22.254158,-0.2739881
61.5,-13.372073,0.018302217,-0.114105515
61.52,1.049771,2.902506,0.20565958
61.539997,-13.372073,12.035819,-0.4338706
61.559998,-42.215763,-36.675175,-0.7536357
61.579998,-56.637608,-8.313842,-0.7536357
61.6,1.049771,-10.236644,-0.9135183
61.62,-18.179356,-17.447153,-0.114105515
61.64,1.049771,0.17853576,0.045777034
61.66,-42.215763,-7.5126743,0.20565958
61.68,20.278896,10.914185,0.5254247
61.699997,-18.179356,-46.289185,-0.4338706
61.719997,20.278896,-24.657661,-0.4338706
61.739998,1.049771,-38.91844,0.045777034
61.76,10.664334,19.887262,-0.114105515
61.78,-13.372073,-12.31968,-0.7536357
61.8,20.278896,-3.1863687,-0.4338706
61.82,-18.179356,-27.702099,-0.114105515
61.84,10.664334,-11.678746,0.045777034
61.859997,1.049771,-0.7828655,0.20565958
61.879997,-13.372073,-17.447153,0.20565958
61.899998,-27.793919,-8.153608,-0.114105515
61.92,-3.7575107,1.4604042,-0.7536357
61.94,44.315308,19.727032,0.045777034
61.96,-18.179356,5.3060093,-0.114105515
61.98,-42.215763,9.311849,0.20565958
62.0,-18.179356,21.0089,0.36554214
62.02,-47.023045,-13.601548,-0.59375316
62.039997,-3.7575107,47.44744,0.045777034
62.059998,-42.215763,52.895386,0.20565958
62.079998,-3.7575107,-16.80622,-0.59375316
62.1,-8.564792,25.976141,-0.114105515
62.12,-37.40848,-35.07284,-0.59375316
62.14,-13.372073,-24.17696,-0.7536357
62.16,-18.179356,-1.9045002,-0.59375316
62.18,20.278896,19.406563,-0.114105515
62.199997,20.278896,-5.589872,0.045777034
62.219997,15.471616,1.139937,0.045777034
62.239998,-27.793919,14.439322,-0.4338706
62.26,34.700745,-67.600235,-0.4338706
62.28,-3.7575107,-3.5068357,-0.59375316
62.3,29.893461,0.49900287,-0.7536357
62.32,10.664334,-13.120848,0.045777034
62.34,-3.7575107,-23.856495,-0.4338706
62.359997,-18.179356,-2.7056682,0.20565958
62.379997,-27.793919,-33.951202,-0.7536357
62.399998,-37.40848,1.6206378,-0.2739881
62.42,-3.7575107,-4.7887044,-0.114105515
62.44,-8.564792,-3.9875362,-0.114105515
62.46,68.35171,-12.640147,-0.114105515
62.48,1.049771,6.4276443,0.045777034
62.5,34.700745,2.5820389,0.20565958
62.52,34.700745,4.9855423,-0.114105515
62.539997,-13.372073,5.78671,-0.114105515
62.559998,-56.637608,-12.31968,0.045777034
62.579998,-8.564792,15.881425,-0.4338706
62.6,5.857053,11.394884,0.045777034
62.62,15.471616,-17.286919,-0.59375316
62.64,-3.7575107,-62.31253,-0.2739881
62.66,25.08618,-15.203884,0.5254247
62.68,-8.564792,-5.589872,-0.2739881
62.699997,25.08618,-40.200314,-0.7536357
62.719997,39.508022,5.466243,-0.4338706
62.739998,-3.7575107,-9.916177,-0.4338706
62.76,-8.564792,-30.1056,-0.59375316
62.78,-8.564792,-27.2214,-0.114105515
62.8,-27.793919,-13.761782,0.20565958
62.82,-47.023045,-11.678746,-0.4338706
62.84,25.08618,-4.14777,-0.4338706
62.859997,5.857053,-12.960614,0.20565958
62.879997,1.049771,2.5820389,0.045777034
62.899998,-13.372073,-13.922015,-0.4338706
62.92,-13.372073,33.346886,0.36554214
62.94,39.508022,-0.46239844,0.20565958
62.96,29.893461,18.284927,0.68530726
62.98,-18.179356,22.290768,0.20565958
63.0,1.049771,-5.589872,0.045777034
63.02,34.700745,39.115295,-0.114105515
63.039997,1.049771,14.1188545,0.045777034
63.059998,5.857053,-1.4237996,-0.4338706
63.079998,5.857053,45.68487,0.20565958
63.1,5.857053,-33.630737,-0.114105515
63.12,-13.372073,6.5878778,0.045777034
63.14,-37.40848,3.3832066,0.5254247
63.16,58.737152,-1.9045002,-0.114105515
63.18,10.664334,-1.1033326,0.045777034
63.199997,20.278896,9.311849,-0.4338706
63.219997,-22.986637,-1.1033326,0.20565958
63.239998,97.195404,-18.889254,-0.114105515
63.26,10.664334,0.6592364,0.20565958
63.28,10.664334,-14.883417,-0.4338706
63.3,-47.023045,3.0627398,0.045777034
63.32,15.471616,18.124695,0.5254247
63.34,20.278896,-6.5512733,0.36554214
63.359997,-32.6012,-13.601548,0.045777034
63.379997,-3.7575107,13.157454,0.20565958
63.399998,49.122585,1.6206378,0.68530726
63.42,1.049771,15.560958,0.20565958
63.44,39.508022,14.759789,-0.114105515
63.46,5.857053,3.3832066,-0.2739881
63.48,15.471616,-15.203884,-0.4338706
63.5,-13.372073,14.759789,0.045777034
63.52,-8.564792,26.617075,0.5254247
63.539997,39.508022,-6.0705724,0.36554214
63.559998,15.471616,4.3446083,0.045777034
63.579998,20.278896,2.902506,0.36554214
63.6,-13.372073,-6.8717403,0.36554214
63.62,-22.986637,-6.711507,0.5254247
63.64,-3.7575107,-11.83898,0.36554214
63.66,10.664334,-2.0647337,-0.2739881
63.68,15.471616,11.715352,0.68530726
63.699997,58.737152,13.958622,0.045777034
63.719997,25.08618,23.091934,0.045777034
63.739998,-3.7575107,5.145776,-0.114105515
63.76,-13.372073,-2.385201,-0.2739881
63.78,10.664334,-2.2249672,0.20565958
63.8,1.049771,13.638155,0.36554214
63.82,20.278896,4.6650753,0.20565958
63.84,-13.372073,-11.999213,0.36554214
63.859997,-8.564792,-0.30216488,-0.114105515
63.879997,-27.793919,-26.259996,-0.4338706
63.899998,10.664334,21.0089,0.20565958
63.92,-8.564792,22.77147,-0.4338706
63.94,1.049771,-17.607388,-0.59375316
63.96,29.893461,27.738708,0.20565958
63.98,-8.564792,-8.474075,0.20565958
64.0,-13.372073,7.3890457,0.045777034
64.02,-22.986637,-6.3910394,-0.2739881
64.04,58.737152,-11.198046,-0.2739881
64.06,-56.637608,12.196053,0.045777034
64.08,-3.7575107,-2.2249672,0.045777034
64.1,-3.7575107,-29.945368,0.045777034
64.119995,1.049771,-9.59571,0.045777034
64.14,10.664334,13.477921,0.045777034
64.159996,20.278896,33.50712,-0.114105515
64.18,20.278896,6.2674108,0.20565958
64.2,5.857053,21.0089,0.20565958
64.22,10.664334,10.593717,0.20565958
64.24,34.700745,-12.159447,-0.4338706
64.26,-3.7575107,15.72119,-0.2739881
64.28,25.08618,-35.71377,-0.2739881
64.299995,-22.986637,21.4896,-0.114105515
64.32,20.278896,7.0685787,-0.4338706
64.34,15.471616,-34.431904,-0.2739881
64.36,34.700745,25.655672,0.20565958
64.38,-3.7575107,16.52236,0.36554214
64.4,5.857053,-3.3466022,0.045777034
64.42,-8.564792,1.6206378,0.045777034
64.439995,10.664334,-25.298595,0.045777034
64.46,5.857053,12.196053,0.045777034
64.479996,1.049771,3.7036738,0.20565958
64.5,-8.564792,-12.31968,0.045777034
64.52,34.700745,1.6206378,0.045777034
64.54,39.508022,3.2229733,0.045777034
64.56,-18.179356,23.252169,0.5254247
64.58,-18.179356,3.5434403,-0.114105515
64.6,-3.7575107,-8.313842,0.045777034
64.619995,5.857053,17.483759,0.045777034
64.64,25.08618,7.709513,0.20565958
64.659996,-8.564792,32.866184,0.5254247
64.68,10.664334,41.198334,0.68530726
64.7,-8.564792,-2.8659017,-0.59375316
64.72,-18.179356,10.113016,-0.114105515
64.74,-32.6012,-28.503265,-0.2739881
64.76,-37.40848,-7.672908,-0.114105515
64.78,-3.7575107,10.433483,0.20565958
64.799995,-18.179356,-9.115009,0.20565958
64.82,-8.564792,-34.912605,-0.114105515
64.84,34.700745,-15.844818,0.5254247
64.86,25.08618,-9.755944,-0.114105515
64.88,5.857053,21.169132,-0.114105515
64.9,1.049771,-13.761782,-0.4338706
64.92,-42.215763,-15.04365,-0.59375316
64.939995,1.049771,-40.200314,-0.59375316
64.96,29.893461,6.7481112,-0.114105515
64.979996,10.664334,21.649834,0.36554214
65.0,87.58084,12.035819,0.20565958
65.02,-13.372073,-13.761782,0.36554214
65.04,-22.986637,5.9469438,0.20565958
65.06,5.857053,-25.298595,-0.4338706
65.08,-3.7575107,-16.005053,-0.2739881
65.1,-3.7575107,-24.978128,0.8451898
65.119995,-32.6012,2.4218054,-0.2739881
65.14,49.122585,15.560958,-0.114105515
65.159996,44.315308,-11.358279,0.045777034
65.18,-8.564792,-7.833141,0.045777034
65.2,5.857053,34.308285,0.045777034
65.22,-18.179356,26.777308,0.20565958
65.24,10.664334,-2.0647337,0.36554214
65.26,-37.40848,10.433483,0.20565958
65.28,-8.564792,0.6592364,0.20565958
65.299995,34.700745,12.676753,-0.114105515
65.32,-18.179356,-8.474075,0.8451898
65.34,10.664334,-2.8659017,0.20565958
65.36,15.471616,36.551556,0.20565958
65.38,10.664334,-22.895092,-0.114105515
65.4,29.893461,11.875586,0.20565958
65.42,10.664334,10.113016,0.5254247
65.439995,29.893461,2.1013381,0.68530726
65.46,25.08618,-4.948938,0.5254247
65.479996,25.08618,-14.402717,0.045777034
65.5,34.700745,19.086096,0.20565958
65.52,-3.7575107,7.228812,0.5254247
65.54,5.857053,-4.948938,0.045777034
65.56,-13.372073,2.902506,0.20565958
65.58,20.278896,-4.6284704,-0.4338706
65.6,-13.372073,5.9469438,0.045777034
65.619995,25.08618,10.75395,-0.4338706
65.64,1.049771,1.4604042,0.20565958
65.659996,5.857053,-6.230806,0.20565958
65.68,5.857053,-4.468237,-0.4338706
65.7,-3.7575107,21.649834,-0.4338706
65.72,39.508022,-11.358279,-0.114105515
65.74,-18.179356,5.6264763,-0.114105515
65.76,-3.7575107,4.9855423,0.20565958
65.78,5.857053,-26.740696,-0.7536357
65.799995,44.315308,-13.120848,-0.4338706
65.82,-8.564792,-12.960614,0.045777034
65.84,-37.40848,16.041658,0.20565958
65.86,1.049771,45.52464,0.36554214
65.88,25.08618,-21.452991,-0.114105515
65.9,10.664334,-3.6670694,0.36554214
65.92,-56.637608,-11.678746,-0.114105515
65.939995,-8.564792,25.976141,0.36554214
65.96,10.664334,40.877865,-0.59375316
65.979996,15.471616,-3.1863687,0.045777034
66.0,25.08618,-19.850657,0.045777034
66.02,1.049771,-35.233074,-0.114105515
66.04,15.471616,-16.80622,0.045777034
66.06,-71.05945,4.6650753,-0.114105515
66.08,29.893461,-10.076411,-0.114105515
66.1,-3.7575107,0.49900287,0.68530726
66.119995,-22.986637,-30.5863,0.20565958
66.14,15.471616,-4.468237,-0.114105515
66.159996,1.049771,4.024141,-0.4338706
66.18,-22.986637,3.3832066,-0.4338706
66.2,5.857053,0.49900287,-0.2739881
66.22,29.893461,32.866184,0.5254247
66.24,10.664334,-14.402717,0.8451898
66.26,15.471616,19.566797,1.164955
66.28,-22.986637,-26.580463,0.68530726
66.299995,68.35171,6.5878778,0.8451898
66.32,-22.986637,0.9797035,0.5254247
66.34,58.737152,23.572638,0.20565958
66.36,5.857053,-15.04365,0.36554214
66.38,10.664334,-4.6284704,0.20565958
66.4,53.92987,12.676753,0.68530726
66.42,5.857053,11.074417,-0.114105515
66.439995,10.664334,9.632316,0.045777034
66.46,-37.40848,16.362125,0.045777034
66.479996,10.664334,-7.672908,0.045777034
66.5,-3.7575107,-4.468237,0.045777034
66.52,-13.372073,-11.999213,0.20565958
66.54,63.54443,3.7036738,-0.114105515
66.56,-56.637608,-7.833141,-0.114105515
66.58,1.049771,-6.3910394,0.045777034
66.6,-37.40848,-0.30216488,0.045777034
66.619995,87.58084,-0.14193134,-0.114105515
66.64,29.893461,-10.076411,-0.2739881
66.659996,34.700745,14.279089,-0.4338706
66.68,-18.179356,3.3832066,0.045777034
66.7,25.08618,1.6206378,0.20565958
66.72,-3.7575107,-5.7501054,0.5254247
66.74,63.54443,-10.076411,-0.2739881
66.76,1.049771,-16.165285,0.20565958
66.78,10.664334,-25.779295,0.045777034
66.799995,126.0391,28.539877,0.20565958
66.82,5.857053,15.72119,-0.114105515
66.84,-27.793919,9.151615,0.045777034
66.86,-8.564792,-7.5126743,-0.114105515
66.88,10.664334,-15.04365,0.045777034
66.9,1.049771,43.4416,0.20565958
66.92,-3.7575107,-11.518513,0.20565958
66.939995,15.471616,21.329365,0.045777034
66.96,5.857053,-12.31968,0.68530726
66.979996,-27.793919,-3.026135,0.20565958
67.0,58.737152,-31.868172,-0.4338706
67.02,15.471616,-11.83898,-0.2739881
67.04,-32.6012,-36.03424,0.045777034
67.06,10.664334,-12.960614,0.045777034
67.08,10.664334,-17.286919,0.36554214
67.1,-3.7575107,-4.3080034,0.045777034
67.119995,-3.7575107,-1.2635663,0.36554214
67.14,-18.179356,8.670914,0.68530726
67.159996,10.664334,-2.7056682,0.045777034
67.18,-13.372073,-4.468237,-0.2739881
67.2,1.049771,15.24049,0.045777034
67.22,1.049771,-19.049488,0.045777034
67.24,39.508022,-8.794542,0.20565958
67.26,10.664334,27.418243,0.36554214
67.28,15.471616,-39.078674,0.36554214
67.299995,5.857053,7.549279,0.68530726
67.32,-8.564792,-36.03424,0.68530726
67.34,-13.372073,0.17853576,0.045777034
67.36,-18.179356,-8.153608,0.045777034
67.38,39.508022,14.439322,0.045777034
67.4,-8.564792,-17.286919,-0.114105515
67.42,-13.372073,5.6264763,0.045777034
67.439995,10.664334,25.976141,0.20565958
67.46,-3.7575107,-1.1033326,0.20565958
67.479996,-3.7575107,-7.672908,-0.59375316
67.5,-8.564792,-8.153608,0.045777034
67.52,1.049771,5.6264763,0.36554214
67.54,-13.372073,-3.026135,-0.114105515
67.56,1.049771,8.670914,0.045777034
67.58,-47.023045,-16.325518,-0.2739881
67.6,-75.86674,-8.153608,-0.59375316
67.619995,-22.986637,18.445162,-0.2739881
67.64,1.049771,-4.14777,-0.59375316
67.659996,-3.7575107,5.466243,-0.114105515
67.68,-8.564792,-12.479914,-0.59375316
67.7,-3.7575107,-9.275244,0.045777034
67.72,-13.372073,-32.34887,0.045777034
67.74,-22.986637,4.6650753,0.045777034
67.76,44.315308,41.198334,0.20565958
67.78,-3.7575107,-22.73486,-0.7536357
67.799995,29.893461,-17.447153,-0.4338706
67.82,-8.564792,3.5434403,-0.114105515
67.84,29.893461,-0.46239844,-0.4338706
67.86,1.049771,35.75039,-0.2739881
67.88,-8.564792,-7.672908,0.045777034
67.9,-3.7575107,2.261572,0.045777034
67.92,-8.564792,-7.672908,0.5254247
67.939995,58.737152,-24.497427,-0.7536357
67.96,5.857053,-8.794542,-0.114105515
67.979996,1.049771,-6.3910394,-0.2739881
68.0,1.049771,1.139937,0.5254247
68.02,-18.179356,-7.833141,-0.2739881
68.04,5.857053,2.261572,-0.4338706
68.06,25.08618,-20.171124,-1.0734009
68.08,25.08618,-40.360542,-0.2739881
68.1,5.857053,-7.833141,-0.2739881
68.119995,-47.023045,-20.331356,0.36554214
68.14,15.471616,-7.993375,-0.4338706
68.159996,5.857053,-20.651823,-0.4338706
68.18,-37.40848,-31.868172,0.20565958
68.2,10.664334,-0.30216488,0.36554214
68.22,-22.986637,-2.8659017,0.36554214
68.24,29.893461,-1.7442669,0.20565958
68.26,97.195404,-21.933691,-0.114105515
68.28,5.857053,23.572638,0.20565958
68.299995,29.893461,16.842825,0.20565958
68.32,5.857053,2.1013381,-0.114105515
68.34,-8.564792,18.284927,0.5254247
68.36,1.049771,-25.779295,-0.59375316
68.38,-13.372073,-7.0319734,0.045777034
68.4,5.857053,31.904783,-0.4338706
68.42,-8.564792,57.381924,0.5254247
68.439995,5.857053,-5.2694044,-0.114105515
68.46,15.471616,11.715352,0.20565958
68.479996,-32.6012,-0.7828655,0.20565958
68.5,-13.372073,-4.3080034,0.20565958
68.52,1.049771,17.96446,0.045777034
68.54,-3.7575107,-2.7056682,0.20565958
68.56,-13.372073,-36.514942,-0.2739881
68.58,-3.7575107,-2.8659017,-0.59375316
68.6,5.857053,7.8697467,-0.114105515
68.619995,-18.179356,-18.568789,0.045777034
68.64,68.35171,-6.0705724,-0.114105515
68.659996,5.857053,16.682592,-0.114105515
68.68,-8.564792,-34.111435,-0.2739881
68.7,10.664334,-19.369957,-0.4338706
68.72,-8.564792,-19.850657,0.045777034
68.74,63.54443,7.3890457,0.045777034
68.76,1.049771,5.78671,0.045777034
68.78,1.049771,15.080256,-0.114105515
68.799995,15.471616,-4.14777,-0.4338706
68.82,39.508022,10.27325,-0.2739881
68.84,-8.564792,-10.717345,0.20565958
68.86,-8.564792,-11.83898,0.045777034
68.88,-75.86674,-11.037811,-0.4338706
68.9,25.08618,-6.711507,-0.4338706
68.92,-32.6012,-27.541864,0.20565958
68.939995,-8.564792,27.578474,0.045777034
68.96,10.664334,29.661512,0.20565958
68.979996,-18.179356,-10.717345,-0.114105515
69.0,25.08618,1.139937,-0.114105515
69.02,-51.830326,-5.1091714,-0.114105515
69.04,5.857053,21.649834,-0.4338706
69.06,1.049771,6.1071773,0.045777034
69.08,-13.372073,-11.198046,-0.4338706
69.1,-8.564792,18.284927,-0.114105515
69.119995,25.08618,-2.385201,0.20565958
69.14,-56.637608,-3.9875362,-0.2739881
69.159996,29.893461,-16.485752,-0.2739881
69.18,29.893461,-50.29502,0.045777034
69.2,87.58084,0.81947,-0.4338706
69.22,20.278896,1.6206378,0.045777034
69.24,1.049771,-2.0647337,0.20565958
69.26,-114.32499,21.0089,0.5254247
69.28,53.92987,-36.354706,0.20565958
69.299995,1.049771,-14.08225,0.20565958
69.32,-47.023045,13.958622,-0.2739881
69.34,10.664334,0.018302217,-0.2739881
69.36,-13.372073,-6.5512733,-0.2739881
69.38,-47.023045,-19.530188,0.045777034
69.4,15.471616,-15.364117,0.20565958
69.42,10.664334,-11.358279,0.8451898
69.439995,29.893461,40.076694,-0.2739881
69.46,-27.793919,25.655672,0.045777034
69.479996,1.049771,7.8697467,-0.59375316
69.5,-13.372073,12.196053,0.20565958
69.52,-27.793919,-4.948938,0.36554214
69.54,-22.986637,-3.3466022,-0.114105515
69.56,34.700745,13.958622,0.36554214
69.58,20.278896,-12.960614,0.045777034
69.6,82.77356,3.3832066,-0.2739881
69.619995,15.471616,-1.4237996,0.045777034
69.64,10.664334,-36.514942,-0.2739881
69.659996,-3.7575107,4.024141,0.20565958
69.68,1.049771,8.190214,0.5254247
69.7,68.35171,2.1013381,-0.2739881
69.72,29.893461,2.1013381,0.045777034
69.74,5.857053,-6.0705724,-0.114105515
69.76,15.471616,5.9469438,0.045777034
69.78,34.700745,-37.31611,-0.2739881
69.799995,49.122585,15.080256,-0.114105515
69.82,-8.564792,-29.1442,0.045777034
69.84,1.049771,-38.91844,-0.4338706
69.86,34.700745,7.3890457,0.045777034
69.88,15.471616,-24.978128,-0.114105515
69.9,29.893461,-5.589872,0.5254247
69.92,10.664334,33.026417,0.68530726
69.939995,10.664334,16.52236,0.68530726
69.96,-47.023045,9.311849,0.045777034
69.979996,-13.372073,-8.794542,-0.2739881
70.0,5.857053,15.080256,0.20565958
70.02,-3.7575107,25.815907,0.36554214
70.04,39.508022,3.7036738,0.5254247
70.06,-27.793919,42.319965,0.68530726
70.08,-13.372073,-2.2249672,0.36554214
70.1,10.664334,13.798388,-0.114105515
70.119995,10.664334,9.632316,0.5254247
70.14,10.664334,-2.0647337,0.20565958
70.159996,10.664334,-23.055326,0.68530726
70.18,34.700745,-4.468237,0.045777034
70.2,-47.023045,-2.8659017,-0.114105515
70.22,-8.564792,10.433483,0.20565958
70.24,25.08618,8.510681,0.045777034
70.26,-22.986637,-42.764046,0.045777034
70.28,20.278896,-0.30216488,0.20565958
70.299995,-8.564792,-0.30216488,-0.4338706
70.32,-13.372073,-24.817896,0.045777034
70.34,-8.564792,8.831148,-0.114105515
70.36,1.049771,1.7808713,0.045777034
70.38,5.857053,12.356286,0.5254247
70.4,-27.793919,-31.067003,0.5254247
70.42,-27.793919,-15.684585,0.36554214
70.439995,-27.793919,12.676753,0.20565958
70.46,5.857053,11.555119,0.045777034
70.479996,20.278896,26.93754,0.20565958
70.5,10.664334,-17.76762,0.20565958
70.52,15.471616,-19.369957,0.36554214
70.54,-47.023045,7.228812,0.36554214
70.56,-3.7575107,13.798388,-0.114105515
70.58,53.92987,1.139937,0.20565958
70.6,1.049771,35.91062,1.0050724
70.619995,-66.25217,1.9411048,0.68530726
70.64,20.278896,12.035819,0.5254247
70.659996,15.471616,16.362125,0.68530726
70.68,-18.179356,12.8369875,0.20565958
70.7,-27.793919,-3.3466022,0.5254247
70.72,25.08618,5.6264763,0.5254247
70.74,25.08618,-5.429638,-0.114105515
70.76,-3.7575107,8.831148,-0.2739881
70.78,10.664334,30.142212,0.20565958
70.799995,10.664334,33.98782,0.5254247
70.82,-18.179356,-6.711507,0.045777034
70.84,-8.564792,-62.633,0.045777034
70.86,29.893461,-24.657661,0.36554214
70.88,15.471616,-13.120848,0.20565958
70.9,77.96628,31.584314,0.20565958
70.92,-8.564792,-4.14777,-0.114105515
70.939995,29.893461,43.76207,-0.114105515
70.96,44.315308,10.27325,0.20565958
70.979996,-22.986637,-50.134785,0.045777034
71.0,29.893461,-36.03424,0.20565958
71.02,5.857053,12.035819,0.045777034
71.04,34.700745,-12.479914,0.20565958
71.06,5.857053,12.51652,0.045777034
71.08,-3.7575107,-15.04365,0.68530726
71.1,34.700745,-40.360542,0.36554214
71.119995,25.08618,27.578474,0.5254247
71.14,25.08618,3.2229733,-0.4338706
71.159996,15.471616,38.634594,0.045777034
71.18,49.122585,-5.910339,0.36554214
71.2,49.122585,-33.790974,0.36554214
71.22,5.857053,-29.1442,0.20565958
71.24,20.278896,-12.31968,0.045777034
71.26,63.54443,-15.844818,-0.114105515
71.28,44.315308,-2.7056682,0.5254247
71.299995,20.278896,-32.34887,-0.114105515
71.32,-3.7575107,-18.889254,-0.114105515
71.34,5.857053,37.99366,0.20565958
71.36,10.664334,-32.5091,0.045777034
71.38,-18.179356,1.3001705,0.36554214
71.4,-8.564792,-15.04365,0.36554214
71.42,58.737152,-20.49159,0.5254247
71.439995,-22.986637,16.52236,0.36554214
71.46,5.857053,-8.313842,0.5254247
71.479996,-8.564792,-10.717345,0.68530726
71.5,-18.179356,-8.313842,0.68530726
71.52,97.195404,11.555119,0.5254247
71.54,34.700745,-0.46239844,0.68530726
71.56,1.049771,15.560958,0.045777034
71.58,5.857053,6.2674108,0.68530726
71.6,25.08618,-4.6284704,0.5254247
71.619995,49.122585,19.086096,1.0050724
71.64,15.471616,19.406563,0.68530726
71.659996,-8.564792,23.412403,0.5254247
71.68,63.54443,-13.601548,0.36554214
71.7,10.664334,4.825309,0.68530726
71.72,44.315308,-19.049488,-0.114105515
71.74,1.049771,4.024141,-0.2739881
71.76,20.278896,11.555119,0.045777034
71.78,68.35171,-11.999213,0.36554214
71.799995,-27.793919,-25.298595,0.20565958
71.82,49.122585,16.20189,0.045777034
71.84,-22.986637,3.7036738,-0.114105515
71.86,-18.179356,1.139937,-0.114105515
71.88,-42.215763,6.908345,0.36554214
71.9,34.700745,-8.954777,-0.2739881
71.92,1.049771,3.7036738,0.20565958
71.939995,-8.564792,29.98198,0.045777034
71.96,25.08618,-0.14193134,-0.2739881
71.979996,29.893461,21.329365,0.36554214
72.0,1.049771,0.81947,0.20565958
72.02,20.278896,-16.485752,-0.114105515
72.04,5.857053,19.727032,0.36554214
72.06,15.471616,3.2229733,0.8451898
72.08,-13.372073,-34.111435,0.20565958
72.1,15.471616,-30.746534,0.045777034
72.119995,10.664334,-3.5068357,0.5254247
72.14,-3.7575107,7.8697467,0.045777034
72.159996,25.08618,6.2674108,0.5254247
72.18,49.122585,-7.5126743,0.045777034
72.2,25.08618,-46.60965,-0.2739881
72.22,1.049771,-5.589872,0.5254247
72.24,5.857053,-1.7442669,0.5254247
72.26,-13.372073,17.323528,-0.114105515
72.28,20.278896,-22.254158,-0.2739881
72.299995,-18.179356,17.163294,0.8451898
72.32,-8.564792,-61.511364,0.5254247
72.34,20.278896,20.207731,0.36554214
72.36,-18.179356,-2.5454345,0.045777034
72.38,-37.40848,-59.428326,0.045777034
72.4,49.122585,-3.026135,-0.4338706
72.42,-8.564792,-2.0647337,0.045777034
72.439995,1.049771,0.17853576,0.20565958
72.46,10.664334,-17.607388,0.20565958
72.479996,68.35171,-34.111435,0.20565958
72.5,25.08618,-26.099764,-0.114105515
72.52,-32.6012,-21.292757,0.68530726
72.54,25.08618,-2.0647337,0.20565958
72.56,-13.372073,14.439322,0.36554214
72.58,-3.7575107,18.124695,0.8451898
72.6,-8.564792,5.466243,0.36554214
72.619995,-47.023045,-16.485752,0.20565958
72.64,15.471616,16.52236,0.045777034
72.659996,-22.986637,-2.0647337,0.20565958
72.68,-3.7575107,-16.005053,-0.2739881
72.7,-3.7575107,-3.3466022,0.045777034
72.72,-42.215763,3.7036738,1.0050724
72.74,10.664334,31.584314,0.68530726
72.76,5.857053,-8.794542,-0.114105515
72.78,-27.793919,1.3001705,0.20565958
72.799995,1.049771,0.33876932,0.5254247
72.82,-51.830326,3.3832066,0.36554214
72.84,-61.44489,25.655672,-0.2739881
72.86,10.664334,-23.375792,-0.4338706
72.88,10.664334,-23.69626,-0.59375316
72.9,25.08618,0.81947,0.045777034
72.92,5.857053,-5.2694044,-0.2739881
72.939995,1.049771,-20.651823,-0.4338706
72.96,-80.67402,-31.547703,-0.114105515
72.979996,10.664334,-2.7056682,-0.4338706
73.0,15.471616,-33.951202,-0.2739881
73.02,10.664334,-0.62263197,0.045777034
73.04,-3.7575107,-27.541864,0.045777034
73.06,-22.986637,-27.2214,-0.2739881
73.08,-18.179356,32.22525,-0.2739881
73.1,-3.7575107,-0.46239844,-0.114105515
73.119995,34.700745,-0.7828655,-0.2739881
73.14,-27.793919,-17.76762,0.36554214
73.159996,10.664334,11.394884,0.20565958
73.18,-42.215763,7.709513,0.045777034
73.2,1.049771,46.96674,-0.114105515
73.22,5.857053,11.715352,-0.2739881
73.24,-8.564792,-17.607388,-0.4338706
73.26,-13.372073,-1.2635663,-0.7536357
73.28,-3.7575107,-8.634309,0.045777034
73.299995,-3.7575107,5.6264763,0.20565958
73.32,39.508022,-5.910339,0.20565958
73.34,1.049771,3.5434403,-0.114105515
73.36,25.08618,-33.951202,-0.7536357
73.38,10.664334,29.18081,0.045777034
73.4,15.471616,-2.0647337,0.045777034
73.42,-18.179356,4.504842,-0.2739881
73.439995,15.471616,5.78671,-0.114105515
73.46,-8.564792,-20.651823,-0.4338706
73.479996,-13.372073,-19.530188,-0.4338706
73.5,10.664334,0.17853576,-0.4338706
73.52,-3.7575107,6.5878778,0.045777034
73.54,-3.7575107,-21.292757,-0.2739881
73.56,-42.215763,6.4276443,0.20565958
73.58,39.508022,5.78671,0.045777034
73.6,-22.986637,-10.557112,-0.2739881
73.619995,-13.372073,0.018302217,-0.114105515
73.64,-66.25217,41.839264,-0.114105515
73.659996,-8.564792,28.059177,0.045777034
73.68,63.54443,24.854506,0.36554214
73.7,44.315308,-14.402717,0.045777034
73.72,-18.179356,-35.393307,-0.114105515
73.74,-3.7575107,0.018302217,0.045777034
73.76,-27.793919,14.920023,0.36554214
73.78,-56.637608,34.148052,-0.2739881
73.799995,20.278896,4.184375,-0.2739881
73.82,-13.372073,33.346886,0.20565958
73.84,34.700745,7.709513,-0.2739881
73.86,20.278896,5.9469438,-0.4338706
73.88,1.049771,-10.396878,-0.7536357
73.9,1.049771,9.151615,-0.114105515
73.92,5.857053,-19.369957,-0.114105515
73.939995,-18.179356,-18.088087,-0.114105515
73.96,29.893461,5.3060093,-0.4338706
73.979996,-22.986637,-39.078674,-0.4338706
74.0,-8.564792,5.145776,0.36554214
74.02,1.049771,14.439322,-0.114105515
74.04,63.54443,14.439322,-0.114105515
74.06,29.893461,30.142212,-0.4338706
74.08,63.54443,21.169132,-0.2739881
74.1,-22.986637,-13.120848,0.045777034
74.119995,63.54443,16.362125,-0.114105515
74.14,97.195404,-5.910339,0.20565958
74.159996,-3.7575107,-7.672908,0.36554214
74.18,-8.564792,-17.286919,0.20565958
74.2,-22.986637,49.049774,0.045777034
74.22,-3.7575107,5.466243,0.36554214
74.24,20.278896,-14.402717,0.68530726
74.26,1.049771,22.290768,0.20565958
74.28,44.315308,12.035819,-0.114105515
74.299995,1.049771,19.566797,-0.2739881
74.32,25.08618,-14.562949,0.20565958
74.34,25.08618,-5.2694044,-0.2739881
74.36,20.278896,-6.8717403,-0.114105515
74.38,5.857053,28.21941,0.8451898
74.4,15.471616,31.904783,0.36554214
74.42,-18.179356,-9.275244,0.045777034
74.439995,10.664334,-35.393307,0.20565958
74.46,20.278896,-43.40498,-0.59375316
74.479996,-99.903145,10.75395,0.045777034
74.5,-8.564792,17.323528,0.045777034
74.52,-18.179356,-35.393307,0.5254247
74.54,25.08618,12.99722,0.045777034
74.56,10.664334,6.908345,0.045777034
74.58,5.857053,-64.075096,-0.4338706
74.6,29.893461,11.074417,0.045777034
74.619995,-3.7575107,-5.910339,0.36554214
74.64,-13.372073,-0.62263197,0.20565958
74.659996,15.471616,-18.248322,0.20565958
74.68,-3.7575107,-28.022566,0.045777034
74.7,-3.7575107,11.074417,0.5254247
74.72,44.315308,28.860344,0.045777034
74.74,34.700745,4.504842,0.68530726
74.76,15.471616,9.792548,0.5254247
74.78,-27.793919,-7.833141,-0.2739881
74.799995,15.471616,14.1188545,-0.4338706
74.82,-8.564792,-4.7887044,0.20565958
74.84,1.049771,-9.916177,0.045777034
74.86,39.508022,-1.2635663,0.045777034
74.88,-37.40848,16.20189,-0.2739881
74.9,5.857053,-6.230806,0.045777034
74.92,-85.48129,-17.927853,0.68530726
74.939995,-3.7575107,-1.7442669,-0.114105515
74.96,20.278896,-41.321945,-0.2739881
74.979996,-37.40848,-4.7887044,0.045777034
75.0,-3.7575107,4.504842,0.20565958
75.02,58.737152,-6.3910394,0.36554214
75.04,-3.7575107,15.080256,-0.114105515
75.06,34.700745,-7.993375,-0.7536357
75.08,102.002686,-19.209723,-0.9135183
75.1,-13.372073,16.20189,0.045777034
75.119995,29.893461,-42.44358,-0.114105515
75.14,1.049771,-27.541864,0.045777034
75.159996,-3.7575107,-24.978128,-0.114105515
75.18,44.315308,-11.037811,0.68530726
75.2,5.857053,8.350447,0.20565958
75.22,63.54443,-22.73486,0.045777034
75.24,39.508022,8.190214,0.20565958
75.259995,25.08618,2.902506,-0.114105515
75.28,1.049771,16.20189,0.20565958
75.299995,10.664334,-1.1033326,0.36554214
75.32,29.893461,1.9411048,-0.2739881
75.34,5.857053,10.914185,-0.114105515
75.36,5.857053,-4.6284704,-0.114105515
75.38,10.664334,-18.248322,0.045777034
75.4,-51.830326,-8.794542,-0.59375316
75.42,1.049771,-34.752373,-0.4338706
75.439995,102.002686,5.6264763,-0.114105515
75.46,-3.7575107,-9.275244,-0.2739881
75.479996,-22.986637,0.6592364,0.045777034
75.5,-37.40848,6.5878778,0.045777034
75.52,15.471616,-7.192207,-0.2739881
75.54,20.278896,6.2674108,-0.114105515
75.56,20.278896,11.234652,0.045777034
75.58,34.700745,2.902506,0.20565958
75.6,5.857053,-7.993375,0.5254247
75.619995,49.122585,-38.75821,-0.114105515
75.64,-13.372073,-21.613226,-0.4338706
75.659996,-3.7575107,-0.46239844,0.045777034
75.68,-3.7575107,13.317687,0.20565958
75.7,-27.793919,51.77375,0.68530726
75.72,-47.023045,12.51652,0.36554214
75.74,10.664334,14.1188545,0.20565958
75.759995,-32.6012,-1.2635663,0.36554214
75.78,-3.7575107,8.02998,0.045777034
75.799995,10.664334,3.5434403,-0.4338706
75.82,-27.793919,66.51524,0.045777034
75.84,-3.7575107,9.151615,0.20565958
75.86,-13.372073,-31.547703,-0.114105515
75.88,29.893461,-8.474075,0.20565958
75.9,10.664334,8.510681,0.20565958
75.92,-47.023045,12.676753,-0.2739881
75.939995,-8.564792,17.643993,0.20565958
75.96,-27.793919,36.872025,0.045777034
75.979996,25.08618,-16.966454,0.045777034
76.0,5.857053,4.504842,0.20565958
76.02,15.471616,22.290768,-0.114105515
76.04,5.857053,-16.325518,-0.114105515
76.06,10.664334,-5.429638,0.36554214
76.08,-8.564792,13.638155,0.36554214
76.1,-3.7575107,-20.331356,0.20565958
76.119995,29.893461,-12.479914,-0.59375316
76.14,1.049771,7.0685787,-0.2739881
76.159996,5.857053,-27.2214,0.68530726
76.18,25.08618,38.95506,0.20565958
76.2,25.08618,34.628754,0.36554214
76.22,15.471616,13.958622,0.20565958
76.24,10.664334,-8.794542,-0.2739881
76.259995,-3.7575107,-6.0705724,0.20565958
76.28,-13.372073,-39.879845,-0.59375316
76.299995,-13.372073,2.902506,-0.114105515
76.32,10.664334,15.080256,0.20565958
76.34,20.278896,-60.229496,-0.4338706
76.36,-18.179356,-0.30216488,-0.2739881
76.38,10.664334,-2.0647337,0.20565958
76.4,39.508022,-1.5840333,0.36554214
76.42,5.857053,9.632316,0.20565958
76.439995,29.893461,-4.948938,0.20565958
76.46,-22.986637,7.709513,0.045777034
76.479996,20.278896,-16.325518,-0.2739881
76.5,10.664334,12.99722,0.045777034
76.52,-51.830326,13.477921,-0.4338706
76.54,-42.215763,-0.30216488,-0.4338706
76.56,-27.793919,-5.429638,-0.2739881
76.58,1.049771,4.3446083,-0.2739881
76.6,49.122585,-33.150036,-0.9135183
76.619995,-3.7575107,5.466243,0.5254247
76.64,25.08618,-21.773457,0.20565958
76.659996,1.049771,-23.536026,-0.4338706
76.68,10.664334,-4.948938,-0.2739881
76.7,-18.179356,-15.203884,0.20565958
76.72,1.049771,-14.242482,0.045777034
76.74,20.278896,-40.52078,0.045777034
76.759995,-13.372073,-18.088087,-0.2739881
76.78,5.857053,1.9411048,-0.4338706
76.799995,-47.023045,-3.3466022,0.20565958
76.82,-3.7575107,-11.678746,0.8451898
76.84,29.893461,-46.289185,-0.4338706
76.86,-3.7575107,-0.9430991,0.20565958
76.88,39.508022,-45.007313,-0.2739881
76.9,34.700745,7.3890457,0.36554214
76.92,1.049771,7.549279,0.5254247
76.939995,5.857053,-20.972292,0.36554214
76.96,-37.40848,-21.292757,-0.2739881
76.979996,10.664334,-25.298595,-0.4338706
77.0,-22.986637,-0.14193134,0.36554214
77.02,1.049771,-11.518513,0.5254247
77.04,-13.372073,12.035819,0.68530726
77.06,25.08618,-23.375792,0.045777034
77.08,49.122585,-24.978128,0.20565958
77.1,-3.7575107,-0.46239844,0.045777034
77.119995,15.471616,-34.27167,0.20565958
77.14,20.278896,-2.0647337,0.045777034
77.159996,10.664334,1.3001705,0.20565958
77.18,-22.986637,17.163294,0.20565958
77.2,25.08618,-34.912605,-0.114105515
77.22,15.471616,-26.740696,0.36554214
77.24,-22.986637,-7.993375,0.36554214
77.259995,15.471616,-39.078674,-0.114105515
77.28,15.471616,-8.634309,-0.2739881
77.299995,25.08618,-23.21556,-0.2739881
77.32,15.471616,-11.037811,-0.59375316
77.34,20.278896,-1.9045002,-0.114105515
77.36,-13.372073,0.17853576,0.36554214
77.38,49.122585,-21.292757,-0.4338706
77.4,-42.215763,-22.414392,-0.114105515
77.42,10.664334,1.9411048,0.20565958
77.439995,-32.6012,9.151615,0.68530726
77.46,10.664334,4.3446083,0.36554214
77.479996,-8.564792,5.6264763,0.36554214
77.5,-3.7575107,-37.47634,-0.59375316
77.52,-18.179356,12.676753,0.20565958
77.54,-32.6012,40.236927,0.36554214
77.56,-66.25217,-0.9430991,-0.114105515
77.58,15.471616,7.8697467,0.045777034
77.6,25.08618,-14.723184,-0.114105515
77.619995,15.471616,-28.343033,-0.4338706
77.64,-8.564792,-1.7442669,0.20565958
77.659996,-18.179356,45.845108,0.20565958
77.68,-3.7575107,0.6592364,-0.2739881
77.7,1.049771,-7.672908,-0.114105515
77.72,39.508022,-13.441315,-0.2739881
77.74,5.857053,-73.04817,-0.114105515
77.759995,20.278896,33.186653,0.045777034
77.78,25.08618,4.184375,0.68530726
77.799995,-22.986637,-10.076411,-0.4338706
77.82,1.049771,-33.310272,-0.2739881
77.84,-3.7575107,-24.817896,-0.114105515
77.86,-47.023045,-17.76762,-0.4338706
77.88,-42.215763,4.6650753,0.68530726
77.9,-22.986637,22.130533,0.8451898
77.92,-3.7575107,-19.369957,0.36554214
77.939995,15.471616,-2.8659017,0.20565958
77.96,-42.215763,-12.800381,-0.2739881
77.979996,1.049771,-13.601548,0.045777034
78.0,25.08618,2.1013381,0.045777034
78.02,68.35171,-7.672908,-0.4338706
78.04,-8.564792,5.145776,0.20565958
78.06,1.049771,8.510681,0.045777034
78.08,39.508022,55.45912,0.8451898
78.1,-8.564792,9.472081,0.045777034
78.119995,20.278896,17.643993,0.5254247
78.14,20.278896,27.418243,1.164955
78.159996,44.315308,-32.34887,0.045777034
78.18,1.049771,-19.369957,-0.4338706
78.2,-8.564792,2.7422726,0.045777034
78.22,29.893461,-5.7501054,-0.4338706
78.24,29.893461,10.593717,-0.114105515
78.259995,-32.6012,1.6206378,0.045777034
78.28,1.049771,14.599556,0.68530726
78.299995,10.664334,1.4604042,-0.4338706
78.32,1.049771,10.914185,-0.2739881
78.34,-22.986637,22.290768,0.20565958
78.36,34.700745,-68.401405,-0.114105515
78.38,1.049771,28.539877,0.20565958
78.4,-3.7575107,-8.794542,0.045777034
78.42,10.664334,34.46852,-0.114105515
78.439995,-3.7575107,-2.385201,-0.114105515
78.46,58.737152,6.1071773,-0.114105515
78.479996,10.664334,6.5878778,-0.2739881
78.5,5.857053,20.848665,-0.2739881
78.52,5.857053,17.163294,-0.4338706
78.54,-42.215763,-4.14777,0.20565958
78.56,20.278896,-12.640147,-0.4338706
78.58,5.857053,10.75395,0.045777034
78.6,-18.179356,-16.325518,0.20565958
78.619995,29.893461,-12.159447,0.045777034
78.64,-3.7575107,24.373804,-0.114105515
78.659996,-8.564792,-41.96288,-0.7536357
78.68,-13.372073,31.103615,-0.2739881
78.7,53.92987,-17.126686,-0.4338706
78.72,25.08618,-4.6284704,-0.7536357
78.74,-22.986637,47.126976,0.20565958
78.759995,-8.564792,16.362125,0.20565958
78.78,20.278896,23.893103,-0.114105515
78.799995,-27.793919,1.9411048,0.20565958
78.82,-8.564792,-13.601548,0.20565958
78.84,20.278896,-18.088087,-0.4338706
78.86,-22.986637,4.9855423,0.045777034
78.88,-22.986637,26.617075,0.20565958
78.9,15.471616,11.074417,-0.114105515
78.92,20.278896,8.510681,-0.2739881
78.939995,34.700745,0.81947,-0.114105515
78.96,10.664334,9.311849,0.045777034
78.979996,5.857053,10.593717,0.20565958
79.0,29.893461,53.376087,-0.114105515
79.02,10.664334,-5.2694044,0.045777034
79.04,-18.179356,6.5878778,0.20565958
79.06,5.857053,-8.313842,0.045777034
79.08,49.122585,-7.352441,0.20565958
79.1,1.049771,31.744547,0.20565958
79.119995,10.664334,4.3446083,-0.114105515
79.14,39.508022,4.024141,0.36554214
79.159996,-22.986637,-23.21556,-0.2739881
79.18,-13.372073,27.097775,0.36554214
79.2,-37.40848,2.1013381,-0.2739881
79.22,-42.215763,-14.402717,0.36554214
79.24,20.278896,-0.14193134,0.20565958
79.259995,-13.372073,2.7422726,0.36554214
79.28,-27.793919,-2.8659017,0.20565958
79.299995,-32.6012,10.433483,-0.114105515
79.32,1.049771,-20.972292,0.20565958
79.34,68.35171,-38.91844,-0.114105515
79.36,10.664334,13.157454,-0.114105515
79.38,-3.7575107,26.45684,0.68530726
79.4,15.471616,5.6264763,0.20565958
79.42,1.049771,-12.159447,-0.2739881
79.439995,-27.793919,-14.883417,-0.4338706
79.46,-51.830326,-23.856495,-0.7536357
79.479996,44.315308,12.356286,-0.114105515
79.5,-27.793919,24.534037,-0.59375316
79.52,-13.372073,3.5434403,-0.114105515
79.54,-13.372073,-3.9875362,-0.2739881
79.56,-13.372073,-2.7056682,-0.114105515
79.58,1.049771,6.1071773,0.045777034
79.6,-22.986637,2.7422726,0.20565958
79.619995,77.96628,17.323528,-0.114105515
79.64,5.857053,-9.275244,0.045777034
79.659996,15.471616,-25.93953,-0.114105515
79.68,-3.7575107,-4.948938,-0.2739881
79.7,1.049771,5.3060093,-0.114105515
79.72,-8.564792,-2.0647337,-0.59375316
79.74,-56.637608,-24.016727,0.20565958
79.759995,10.664334,-7.192207,-0.4338706
79.78,-56.637608,-2.7056682,0.045777034
79.799995,-66.25217,-16.485752,-0.114105515
79.82,-3.7575107,-18.088087,0.5254247
79.84,15.471616,-55.102024,0.045777034
79.86,-32.6012,7.3890457,0.045777034
79.88,-3.7575107,-25.779295,-0.114105515
79.9,-13.372073,-22.093925,-0.2739881
79.92,-37.40848,31.744547,0.045777034
79.939995,-3.7575107,-12.159447,-0.2739881
79.96,-61.44489,20.848665,-0.4338706
79.979996,20.278896,-12.31968,-0.2739881
80.0,-8.564792,8.02998,0.68530726
80.02,-8.564792,-15.684585,0.045777034
80.04,1.049771,-16.966454,-0.2739881
80.06,25.08618,0.17853576,-0.7536357
80.08,5.857053,-24.016727,-0.4338706
80.1,34.700745,24.213572,0.045777034
80.119995,1.049771,4.9855423,-0.4338706
80.14,-13.372073,-4.6284704,-0.9135183
80.159996,-8.564792,-21.292757,-0.2739881
80.18,15.471616,-27.061165,-0.114105515
80.2,-42.215763,18.765629,-0.114105515
80.22,10.664334,21.169132,0.36554214
80.24,25.08618,-41.48218,-0.114105515
80.259995,-3.7575107,-14.242482,-0.114105515
80.28,-27.793919,-4.3080034,-0.114105515
80.299995,-13.372073,-1.4237996,-0.114105515
80.32,1.049771,17.804228,0.045777034
80.34,15.471616,-9.916177,-0.2739881
80.36,-13.372073,-14.242482,-0.2739881
80.38,5.857053,43.76207,-0.114105515
80.4,-18.179356,9.472081,-0.2739881
80.42,-32.6012,12.196053,0.20565958
80.439995,63.54443,4.825309,-0.4338706
80.46,5.857053,-11.037811,-0.114105515
80.479996,25.08618,-30.5863,-0.114105515
80.5,-3.7575107,38.153893,-0.4338706
80.52,25.08618,68.117584,0.045777034
80.54,15.471616,-6.711507,-0.2739881
80.56,-22.986637,8.670914,-0.114105515
80.58,-8.564792,-12.159447,-0.59375316
80.6,-32.6012,12.196053,0.045777034
80.619995,29.893461,25.335205,-0.7536357
80.64,1.049771,-4.14777,-0.59375316
80.659996,-18.179356,25.49544,-0.59375316
80.68,15.471616,-17.607388,0.045777034
80.7,1.049771,-0.14193134,-0.114105515
80.72,34.700745,3.8639073,0.045777034
80.74,-13.372073,-3.026135,-0.2739881
80.759995,-3.7575107,7.549279,0.045777034
80.78,15.471616,10.113016,-0.114105515
80.799995,15.471616,21.810066,0.36554214
80.82,10.664334,46.005337,-0.2739881
80.84,-8.564792,12.196053,0.045777034
80.86,-8.564792,-19.049488,0.045777034
80.88,-3.7575107,23.572638,0.20565958
80.9,-3.7575107,-5.1091714,-0.114105515
80.92,-22.986637,35.42992,-0.114105515
80.939995,-3.7575107,11.394884,-0.114105515
80.96,15.471616,-13.120848,-0.2739881
80.979996,1.049771,36.551556,0.5254247
81.0,1.049771,-5.7501054,-0.114105515
81.02,-18.179356,10.27325,0.20565958
81.04,-22.986637,3.3832066,-0.114105515
81.06,-66.25217,6.908345,-0.2739881
81.08,44.315308,-16.005053,-0.59375316
81.1,-8.564792,-5.910339,-0.4338706
81.119995,58.737152,-13.601548,0.045777034
81.14,1.049771,-27.541864,-0.114105515
81.159996,-61.44489,-16.485752,-0.7536357
81.18,25.08618,37.19249,0.045777034
81.2,15.471616,-24.657661,0.045777034
81.22,-18.179356,-7.352441,0.045777034
81.24,15.471616,-28.6635,0.045777034
81.259995,-3.7575107,-31.868172,-0.2739881
81.28,-27.793919,13.477921,-0.4338706
81.299995,10.664334,14.1188545,-0.7536357
81.32,-27.793919,6.4276443,-0.59375316
81.34,-27.793919,-35.393307,-0.9135183
81.36,-22.986637,38.314125,-0.114105515
81.38,25.08618,-3.3466022,-0.2739881
81.4,-13.372073,29.341045,-0.114105515
81.42,-13.372073,-5.910339,-0.114105515
81.439995,-8.564792,-35.55354,0.045777034
81.46,1.049771,19.727032,-0.2739881
81.479996,10.664334,10.113016,0.20565958
81.5,58.737152,41.198334,0.045777034
81.52,-13.372073,-15.203884,0.045777034
81.54,1.049771,9.311849,-0.7536357
81.56,-8.564792,-21.132523,-0.59375316
81.58,-32.6012,8.510681,-0.2739881
81.6,-47.023045,30.622915,-0.4338706
81.619995,20.278896,-23.69626,-0.2739881
81.64,53.92987,-8.794542,-0.7536357
81.659996,-42.215763,-6.3910394,-0.2739881
81.68,5.857053,-14.402717,-0.114105515
81.7,-3.7575107,-6.3910394,0.20565958
81.72,-85.48129,5.466243,0.20565958
81.74,-22.986637,-6.8717403,-0.4338706
81.759995,15.471616,-18.088087,-0.7536357
81.78,-3.7575107,-15.364117,-0.59375316
81.799995,5.857053,8.670914,-0.114105515
81.82,5.857053,-25.298595,0.20565958
81.84,-32.6012,1.6206378,-0.114105515
81.86,-47.023045,-4.948938,-0.114105515
81.88,29.893461,-35.71377,-0.7536357
81.9,49.122585,7.0685787,-0.2739881
81.92,5.857053,-20.812057,0.5254247
81.939995,-3.7575107,-22.254158,-0.2739881
81.96,-3.7575107,-15.364117,-0.2739881
81.979996,-8.564792,48.408844,0.36554214
82.0,-56.637608,33.827583,-0.2739881
82.02,-32.6012,8.190214,0.20565958
82.04,-22.986637,32.065014,0.045777034
82.06,5.857053,-23.69626,-0.114105515
82.08,5.857053,-32.82957,-0.7536357
82.1,-18.179356,15.080256,0.045777034
82.119995,1.049771,-31.067003,-0.59375316
82.14,5.857053,-1.5840333,-0.59375316
82.159996,-18.179356,-20.972292,0.045777034
82.18,5.857053,5.3060093,-0.114105515
82.2,25.08618,-4.468237,0.20565958
82.22,1.049771,11.555119,0.045777034
82.24,-51.830326,3.7036738,0.045777034
82.259995,-22.986637,-12.479914,-0.2739881
82.28,5.857053,-6.711507,-0.114105515
82.299995,-8.564792,9.151615,0.20565958
82.32,29.893461,-14.402717,0.045777034
82.34,-51.830326,19.727032,-0.2739881
82.36,-3.7575107,-18.889254,-0.114105515
82.38,15.471616,-1.9045002,-0.114105515
82.4,1.049771,2.4218054,-0.114105515
82.42,-13.372073,-9.115009,-0.2739881
82.439995,34.700745,14.599556,-0.114105515
82.46,-8.564792,3.8639073,-0.4338706
82.479996,15.471616,-4.3080034,-0.2739881
82.5,20.278896,-11.198046,-0.59375316
82.52,15.471616,-1.1033326,0.045777034
82.54,-27.793919,6.2674108,-0.2739881
82.56,34.700745,-1.4237996,-0.114105515
82.58,5.857053,-6.5512733,-0.2739881
82.6,5.857053,13.958622,-0.2739881
82.619995,5.857053,-24.497427,-0.4338706
82.64,10.664334,0.81947,0.045777034
82.659996,20.278896,-0.62263197,0.20565958
82.68,25.08618,12.676753,0.045777034
82.7,-22.986637,11.394884,0.20565958
82.72,5.857053,-11.037811,-0.114105515
82.74,34.700745,-59.909027,-0.59375316
82.759995,5.857053,27.258009,-0.2739881
82.78,-13.372073,3.3832066,-0.2739881
82.799995,-18.179356,19.086096,0.20565958
82.82,20.278896,-6.3910394,0.045777034
82.84,1.049771,-12.960614,-0.4338706
82.86,-18.179356,15.080256,0.045777034
82.88,-22.986637,-27.862331,-0.114105515
82.9,-22.986637,27.738708,0.68530726
82.92,-22.986637,-13.922015,0.045777034
82.939995,-22.986637,12.8369875,-0.114105515
82.96,-13.372073,3.3832066,-0.7536357
82.979996,5.857053,-21.613226,-0.114105515
83.0,15.471616,35.590153,0.20565958
83.02,-32.6012,-4.3080034,0.045777034
83.04,-37.40848,-24.657661,-0.2739881
83.06,10.664334,-11.678746,-0.7536357
83.08,20.278896,-10.877579,0.20565958
83.1,10.664334,6.908345,0.20565958
83.119995,-3.7575107,-43.084515,0.36554214
83.14,5.857053,35.10945,0.68530726
83.159996,-13.372073,-2.2249672,0.045777034
83.18,49.122585,20.047497,-0.2739881
83.2,1.049771,-14.883417,0.045777034
83.22,-47.023045,7.228812,0.045777034
83.24,-8.564792,-11.678746,0.045777034
83.259995,15.471616,-6.3910394,-0.4338706
83.28,-3.7575107,47.767906,0.045777034
83.299995,15.471616,6.4276443,0.20565958
83.32,-8.564792,15.400723,0.20565958
83.34,20.278896,-17.286919,0.5254247
83.36,44.315308,-24.17696,0.20565958
83.38,49.122585,8.190214,0.5254247
83.4,1.049771,-2.5454345,0.045777034
83.42,10.664334,3.5434403,0.20565958
83.439995,29.893461,-42.764046,-0.114105515
83.46,34.700745,-30.265835,0.045777034
83.479996,-13.372073,4.6650753,-0.2739881
83.5,25.08618,4.825309,0.36554214
83.52,-18.179356,-12.640147,0.20565958
83.54,-56.637608,29.98198,0.5254247
83.56,29.893461,0.6592364,0.36554214
83.58,29.893461,46.806507,0.5254247
83.6,1.049771,-21.933691,-0.4338706
83.619995,39.508022,-19.530188,0.20565958
83.64,15.471616,2.261572,0.5254247
83.659996,15.471616,-25.138361,0.20565958
83.68,-3.7575107,4.504842,0.36554214
83.7,29.893461,-10.877579,0.045777034
83.72,-8.564792,35.590153,0.36554214
83.74,49.122585,6.908345,0.045777034
83.759995,-3.7575107,15.560958,0.36554214
83.78,10.664334,17.323528,0.20565958
83.799995,-18.179356,-35.55354,-0.4338706
83.82,-13.372073,-24.978128,-0.114105515
83.84,25.08618,-13.601548,0.045777034
83.86,5.857053,-4.7887044,0.5254247
83.88,29.893461,3.0627398,-0.4338706
83.9,1.049771,3.8639073,-0.4338706
83.92,29.893461,15.24049,0.20565958
83.939995,44.315308,29.98198,0.20565958
83.96,-37.40848,-1.7442669,0.045777034
83.979996,10.664334,3.7036738,-0.114105515
84.0,53.92987,-51.25642,-0.2739881
84.02,25.08618,-13.281082,-0.2739881
84.04,-13.372073,9.472081,-0.114105515
84.06,-27.793919,27.578474,-0.114105515
84.08,5.857053,6.7481112,-0.2739881
84.1,-22.986637,-21.132523,-0.2739881
84.119995,-3.7575107,-34.111435,-0.4338706
84.14,-22.986637,8.510681,0.20565958
84.159996,-13.372073,32.866184,-0.114105515
84.18,-18.179356,-27.702099,-0.2739881
84.2,29.893461,-21.452991,-0.2739881
84.22,-8.564792,22.451,-0.2739881
84.24,5.857053,-11.358279,-0.4338706
84.259995,39.508022,-11.198046,-0.114105515
84.28,-32.6012,1.7808713,-0.2739881
84.299995,5.857053,4.9855423,-0.2739881
84.32,-61.44489,-32.82957,-0.114105515
84.34,5.857053,-7.833141,0.20565958
84.36,1.049771,3.0627398,-0.114105515
84.38,-18.179356,11.715352,0.045777034
84.4,20.278896,-13.281082,0.045777034
84.42,-3.7575107,21.169132,-0.2739881
84.439995,5.857053,-12.800381,-0.2739881
84.46,34.700745,11.074417,-0.2739881
84.479996,-8.564792,-3.5068357,0.20565958
84.5,1.049771,-53.820156,0.045777034
84.52,1.049771,5.6264763,-0.2739881
84.54,-8.564792,1.4604042,-0.114105515
84.56,-27.793919,6.5878778,0.045777034
84.58,5.857053,29.18081,0.045777034
84.6,-13.372073,-5.2694044,0.5254247
84.619995,29.893461,0.49900287,0.045777034
84.64,-18.179356,54.978424,0.36554214
84.659996,39.508022,3.0627398,-0.4338706
84.68,-13.372073,23.893103,-0.4338706
84.7,-22.986637,-2.7056682,-0.4338706
84.72,15.471616,-1.5840333,0.20565958
84.74,-8.564792,7.549279,0.20565958
84.759995,5.857053,-5.589872,-0.59375316
84.78,10.664334,3.0627398,0.20565958
84.799995,1.049771,-2.7056682,0.20565958
84.82,25.08618,25.174973,0.045777034
84.84,-18.179356,-13.922015,-0.2739881
84.86,39.508022,-4.14777,-0.4338706
84.88,25.08618,27.418243,-0.114105515
84.9,-18.179356,-20.01089,-0.114105515
84.92,-47.023045,-52.05759,-0.7536357
84.939995,10.664334,-12.800381,-0.2739881
84.96,10.664334,-10.076411,0.68530726
84.979996,15.471616,-8.634309,0.045777034
85.0,-13.372073,-15.203884,-0.114105515
85.02,-3.7575107,-22.093925,-0.114105515
85.04,-56.637608,-23.69626,-0.2739881
85.06,-37.40848,49.850945,0.20565958
85.08,5.857053,20.207731,0.20565958
85.1,-42.215763,33.66735,-0.2739881
85.119995,-8.564792,3.3832066,-0.114105515
85.14,-13.372073,-5.910339,-0.114105515
85.159996,15.471616,1.6206378,0.045777034
85.18,5.857053,-9.435476,-0.114105515
85.2,-13.372073,-8.954777,-0.114105515
85.22,-13.372073,13.798388,0.045777034
85.24,-32.6012,16.20189,-0.2739881
85.259995,34.700745,-24.337194,0.36554214
85.28,-3.7575107,-57.024826,0.20565958
85.299995,15.471616,7.228812,0.36554214
85.32,-13.372073,-60.549965,0.36554214
85.34,-8.564792,-6.8717403,0.20565958
85.36,49.122585,1.4604042,0.36554214
85.38,1.049771,5.9469438,0.045777034
85.4,34.700745,25.815907,0.045777034
85.42,-71.05945,26.617075,0.68530726
85.439995,-13.372073,-4.948938,0.36554214
85.46,29.893461,13.958622,0.5254247
85.479996,15.471616,9.151615,-0.2739881
85.5,-37.40848,3.7036738,0.20565958
85.52,-22.986637,16.20189,0.045777034
85.54,-13.372073,-4.3080034,0.5254247
85.56,-3.7575107,21.9703,0.36554214
85.58,-22.986637,37.19249,-0.114105515
85.6,-51.830326,61.868465,0.5254247
85.619995,20.278896,26.617075,-0.59375316
85.64,49.122585,9.952783,0.5254247
85.659996,25.08618,11.715352,-0.4338706
85.68,5.857053,-19.690422,-0.4338706
85.7,34.700745,-54.300858,-0.9135183
85.72,15.471616,7.3890457,-0.2739881
85.74,39.508022,-17.286919,0.045777034
85.759995,15.471616,11.234652,-0.59375316
85.78,-8.564792,-9.755944,-0.114105515
85.799995,1.049771,27.578474,0.8451898
85.82,20.278896,-27.702099,0.045777034
85.84,1.049771,16.041658,-0.4338706
85.86,-3.7575107,6.7481112,0.045777034
85.88,53.92987,-7.0319734,0.20565958
85.9,-32.6012,6.908345,0.045777034
85.92,-3.7575107,16.52236,0.20565958
85.939995,-27.793919,16.682592,0.20565958
85.96,10.664334,-4.7887044,0.20565958
85.979996,-3.7575107,-13.601548,0.20565958
86.0,-51.830326,-10.076411,-0.114105515
86.02,-32.6012,47.44744,0.045777034
86.04,-3.7575107,3.8639073,0.045777034
86.06,-13.372073,-4.3080034,-0.2739881
86.08,29.893461,8.190214,0.045777034
86.1,29.893461,-6.230806,-0.4338706
86.119995,1.049771,7.0685787,-0.114105515
86.14,49.122585,-17.607388,0.045777034
86.159996,15.471616,-0.14193134,0.045777034
86.18,5.857053,-13.120848,-0.2739881
86.2,20.278896,7.228812,-0.114105515
86.22,15.471616,-40.68101,-0.7536357
86.24,15.471616,-2.7056682,-0.4338706
86.259995,34.700745,3.7036738,0.5254247
86.28,-47.023045,-20.331356,0.36554214
86.299995,1.049771,15.72119,0.20565958
86.32,-3.7575107,-11.518513,0.20565958
86.34,29.893461,-28.6635,-0.2739881
86.36,-27.793919,-29.945368,0.68530726
86.38,-3.7575107,-9.115009,-0.114105515
86.4,44.315308,7.0685787,0.20565958
86.42,29.893461,21.649834,0.20565958
86.439995,15.471616,4.024141,0.20565958
86.46,-22.986637,69.88015,0.5254247
86.479996,58.737152,7.549279,0.5254247
86.5,5.857053,8.510681,0.045777034
86.52,15.471616,23.732868,0.20565958
86.54,10.664334,18.284927,0.20565958
86.56,-66.25217,48.729313,0.5254247
86.58,29.893461,-10.557112,0.045777034
86.6,-13.372073,3.0627398,0.045777034
86.619995,44.315308,-20.812057,0.045777034
86.64,1.049771,12.356286,0.5254247
86.659996,-18.179356,6.5878778,0.20565958
86.68,10.664334,23.412403,-0.59375316
86.7,49.122585,33.66735,-0.2739881
86.72,-3.7575107,-16.005053,-0.114105515
86.74,10.664334,45.043938,0.8451898
86.759995,49.122585,-11.358279,0.20565958
86.78,-8.564792,-4.6284704,-0.114105515
86.799995,-3.7575107,-21.613226,-0.2739881
86.82,1.049771,8.670914,0.20565958
86.84,25.08618,-36.03424,0.20565958
86.86,34.700745,-3.026135,-0.114105515
86.88,20.278896,8.510681,0.045777034
86.9,20.278896,-36.675175,-0.4338706
86.92,5.857053,-2.2249672,-0.2739881
86.939995,20.278896,9.311849,-0.59375316
86.96,1.049771,4.184375,-0.114105515
86.979996,-71.05945,7.0685787,-0.114105515
87.0,-66.25217,21.9703,0.36554214
87.02,-3.7575107,5.6264763,0.045777034
87.04,-8.564792,25.815907,0.20565958
87.06,-3.7575107,26.45684,-0.114105515
87.08,1.049771,1.9411048,-0.2739881
87.1,-56.637608,-2.5454345,-0.114105515
87.119995,-13.372073,-16.485752,0.20565958
87.14,73.159,-7.352441,-0.114105515
87.159996,-42.215763,-22.73486,-0.2739881
87.18,10.664334,2.7422726,0.20565958
87.2,-8.564792,-11.678746,0.045777034
87.22,5.857053,-0.46239844,0.20565958
87.24,-22.986637,-8.794542,0.20565958
87.259995,-22.986637,-37.636574,0.36554214
87.28,25.08618,-12.800381,-0.2739881
87.299995,-95.09586,6.7481112,0.045777034
87.32,-13.372073,15.72119,-0.114105515
87.34,1.049771,-17.927853,-0.114105515
87.36,20.278896,-31.707935,-0.7536357
87.38,-42.215763,-14.723184,-0.114105515
87.4,-13.372073,-7.672908,0.045777034
87.42,10.664334,-54.621323,-0.114105515
87.439995,-18.179356,-3.1863687,0.5254247
87.46,15.471616,-11.358279,0.20565958
87.479996,-22.986637,10.27325,0.20565958
87.5,-3.7575107,-37.47634,0.8451898
87.52,1.049771,-30.1056,0.045777034
87.54,-3.7575107,28.539877,-0.2739881
87.56,39.508022,-14.562949,-0.2739881
87.58,-32.6012,-1.7442669,-0.2739881
87.6,-13.372073,11.715352,0.20565958
87.619995,44.315308,1.139937,0.045777034
87.64,-18.179356,-0.46239844,-0.2739881
87.659996,-37.40848,-7.0319734,0.045777034
87.68,-32.6012,22.77147,0.36554214
87.7,25.08618,9.151615,-0.114105515
87.72,29.893461,3.0627398,0.045777034
87.74,-13.372073,-1.5840333,0.5254247
87.759995,1.049771,-33.470505,0.20565958
87.78,20.278896,-41.96288,-0.2739881
87.799995,10.664334,11.074417,-0.59375316
87.82,-32.6012,8.670914,-0.59375316
87.84,53.92987,12.8369875,0.20565958
87.86,15.471616,-1.5840333,0.20565958
87.88,-8.564792,-6.5512733,-0.4338706
87.9,-27.793919,14.439322,-0.4338706
87.92,10.664334,-16.966454,-0.7536357
87.939995,-18.179356,-2.8659017,-0.4338706
87.96,10.664334,-11.037811,0.20565958
87.979996,-32.6012,-26.259996,0.20565958
88.0,5.857053,16.041658,-0.2739881
88.02,25.08618,42.159733,-0.4338706
88.04,1.049771,12.356286,-0.2739881
88.06,10.664334,2.261572,-0.114105515
88.08,15.471616,-0.9430991,0.045777034
88.1,-22.986637,-9.59571,-0.4338706
88.119995,-51.830326,-14.242482,-0.4338706
88.14,5.857053,-24.337194,0.045777034
88.159996,34.700745,-18.729021,-0.114105515
88.18,1.049771,6.5878778,-0.2739881
88.2,15.471616,38.794827,-0.2739881
88.22,-8.564792,11.715352,-0.114105515
88.24,15.471616,28.059177,-0.114105515
88.259995,1.049771,18.124695,-0.114105515
88.28,-8.564792,-18.568789,-0.114105515
88.299995,53.92987,-9.916177,0.045777034
88.32,5.857053,-4.14777,0.20565958
88.34,1.049771,20.848665,-0.114105515
88.36,29.893461,-12.31968,0.20565958
88.38,5.857053,-8.954777,-0.2739881
88.4,1.049771,15.881425,-0.4338706
88.42,20.278896,7.0685787,0.20565958
88.439995,-13.372073,23.252169,-0.114105515
88.46,-3.7575107,19.406563,0.045777034
88.479996,-8.564792,-7.993375,0.36554214
88.5,-47.023045,22.77147,0.5254247
88.52,25.08618,9.151615,0.68530726
88.54,1.049771,17.00306,0.5254247
88.56,-32.6012,-5.1091714,-0.114105515
88.58,1.049771,65.55384,0.045777034
88.6,10.664334,18.284927,0.045777034
88.619995,-13.372073,5.6264763,0.20565958
88.64,29.893461,2.1013381,0.045777034
88.659996,-8.564792,-10.076411,-0.2739881
88.68,-27.793919,29.661512,-0.114105515
88.7,-8.564792,55.138657,0.68530726
88.72,29.893461,9.151615,0.68530726
88.74,10.664334,21.169132,0.20565958
88.759995,-18.179356,-37.636574,-0.2739881
88.78,10.664334,-4.14777,-0.59375316
88.799995,-42.215763,9.311849,-0.114105515
88.82,-42.215763,1.7808713,-0.4338706
88.84,1.049771,17.483759,-0.59375316
88.86,-18.179356,0.81947,-0.7536357
88.88,1.049771,37.67319,0.20565958
88.9,-3.7575107,10.75395,0.045777034
88.92,-3.7575107,4.3446083,-0.2739881
88.939995,15.471616,-25.45883,-0.2739881
88.96,-18.179356,-26.42023,-0.114105515
88.979996,1.049771,13.317687,0.36554214
89.0,29.893461,21.329365,-0.4338706
89.02,63.54443,21.810066,-0.4338706
89.04,25.08618,4.825309,-0.4338706
89.06,25.08618,-0.7828655,-0.114105515
89.079994,-18.179356,-26.099764,-0.114105515
89.1,20.278896,-6.0705724,-0.114105515
89.119995,-32.6012,10.27325,-0.2739881
89.14,10.664334,0.81947,0.045777034
89.159996,-3.7575107,-16.80622,-0.2739881
89.18,-66.25217,11.074417,0.20565958
89.2,-42.215763,10.914185,0.5254247
89.22,-8.564792,26.777308,0.045777034
89.24,39.508022,-9.916177,-0.2739881
89.259995,20.278896,-8.153608,-0.4338706
89.28,-32.6012,-2.2249672,0.045777034
89.299995,25.08618,-38.75821,-0.2739881
89.32,1.049771,25.335205,0.045777034
89.34,1.049771,-3.9875362,-0.114105515
89.36,-56.637608,-1.4237996,0.045777034
89.38,10.664334,20.367966,0.20565958
89.4,53.92987,17.163294,0.20565958
89.42,10.664334,10.914185,0.045777034
89.439995,5.857053,-10.236644,0.045777034
89.46,5.857053,-18.889254,0.045777034
89.479996,-8.564792,-10.717345,0.20565958
89.5,-3.7575107,61.387768,0.36554214
89.52,-3.7575107,24.213572,-0.114105515
89.54,-3.7575107,5.145776,-0.2739881
89.56,-61.44489,44.883705,0.36554214
89.579994,-3.7575107,-34.111435,0.20565958
89.6,10.664334,-7.5126743,-0.114105515
89.619995,25.08618,-9.755944,0.045777034
89.64,-3.7575107,-3.026135,0.20565958
89.659996,15.471616,25.976141,0.20565958
89.68,-32.6012,-33.150036,0.045777034
89.7,-13.372073,-6.8717403,-0.114105515
89.72,-47.023045,-5.910339,-0.2739881
89.74,1.049771,-16.325518,-0.114105515
89.759995,15.471616,-9.115009,0.20565958
89.78,-32.6012,5.6264763,0.5254247
89.799995,-3.7575107,29.501278,0.045777034
89.82,-8.564792,-14.242482,0.20565958
89.84,15.471616,11.875586,0.045777034
89.86,25.08618,2.5820389,-0.114105515
89.88,5.857053,8.190214,0.20565958
89.9,-8.564792,41.67903,0.8451898
89.92,1.049771,21.329365,0.045777034
89.939995,39.508022,14.1188545,-0.114105515
89.96,-8.564792,11.394884,0.20565958
89.979996,1.049771,-18.568789,0.045777034
90.0,5.857053,-34.912605,0.20565958
90.02,15.471616,6.908345,0.20565958
90.04,29.893461,6.1071773,0.68530726
90.06,-8.564792,-15.203884,-0.114105515
90.079994,15.471616,-5.910339,0.36554214
90.1,-51.830326,-6.3910394,-0.2739881
90.119995,-3.7575107,7.3890457,0.20565958
90.14,-56.637608,5.466243,0.5254247
90.159996,5.857053,5.9469438,0.68530726
90.18,10.664334,-1.4237996,0.20565958
90.2,-42.215763,37.67319,0.5254247
90.22,-27.793919,6.5878778,0.20565958
90.24,29.893461,7.549279,0.045777034
90.259995,44.315308,-13.761782,-0.114105515
90.28,1.049771,26.296606,0.045777034
90.299995,15.471616,-3.9875362,0.20565958
90.32,-3.7575107,-30.906769,-0.2739881
90.34,34.700745,3.0627398,-0.2739881
90.36,34.700745,-6.8717403,-0.2739881
90.38,-3.7575107,27.418243,0.20565958
90.4,10.664334,-41.96288,0.5254247
90.42,-22.986637,-13.922015,0.5254247
90.439995,-3.7575107,-2.385201,0.20565958
90.46,-27.793919,-0.9430991,-0.2739881
90.479996,-13.372073,-6.711507,-0.2739881
90.5,-18.179356,-12.640147,-0.114105515
90.52,20.278896,43.28137,0.68530726
90.54,15.471616,-11.037811,0.20565958
90.56,-13.372073,13.958622,-0.2739881
90.579994,-8.564792,-5.429638,-0.114105515
90.6,5.857053,12.8369875,0.20565958
90.619995,15.471616,-30.426067,0.68530726
90.64,-13.372073,-0.14193134,0.68530726
90.659996,1.049771,-1.1033326,0.8451898
90.68,-13.372073,-42.764046,0.20565958
90.7,10.664334,-19.209723,-0.2739881
90.72,1.049771,0.018302217,-0.2739881
90.74,44.315308,-10.717345,-0.2739881
90.759995,-8.564792,30.783146,0.045777034
90.78,44.315308,-17.126686,0.20565958
90.799995,-13.372073,-35.55354,0.045777034
90.82,1.049771,-8.474075,0.5254247
90.84,39.508022,5.6264763,0.36554214
90.86,10.664334,7.549279,-0.114105515
90.88,34.700745,14.439322,0.8451898
90.9,-8.564792,2.1013381,0.8451898
90.92,-22.986637,2.7422726,0.36554214
90.939995,-42.215763,24.213572,0.8451898
90.96,15.471616,32.545715,0.20565958
90.979996,29.893461,0.81947,-0.114105515
91.0,10.664334,3.0627398,0.36554214
91.02,-3.7575107,11.394884,0.20565958
91.04,-27.793919,10.27325,0.5254247
91.06,20.278896,5.9469438,-0.2739881
91.079994,-47.023045,4.825309,0.68530726
91.1,20.278896,-7.192207,0.36554214
91.119995,5.857053,39.275528,0.36554214
91.14,5.857053,16.52236,0.8451898
91.159996,5.857053,-0.9430991,0.045777034
91.18,29.893461,36.070858,0.36554214
91.2,1.049771,13.477921,-0.114105515
91.22,-3.7575107,2.261572,0.36554214
91.24,39.508022,13.317687,-0.114105515
91.259995,1.049771,-7.833141,0.68530726
91.28,29.893461,-10.717345,0.5254247
91.299995,-22.986637,-3.9875362,0.045777034
91.32,-8.564792,9.952783,0.045777034
91.34,29.893461,17.00306,0.5254247
91.36,20.278896,4.6650753,0.045777034
91.38,-18.179356,3.2229733,-0.114105515
91.4,5.857053,-2.385201,0.20565958
91.42,10.664334,1.6206378,0.36554214
91.439995,87.58084,-33.630737,0.20565958
91.46,10.664334,-7.672908,0.045777034
91.479996,-8.564792,0.9797035,0.36554214
91.5,25.08618,-12.800381,0.36554214
91.52,-47.023045,11.394884,0.045777034
91.54,10.664334,5.78671,0.045777034
91.56,34.700745,-22.574625,-0.2739881
91.579994,44.315308,0.9797035,0.5254247
91.6,1.049771,14.439322,0.5254247
91.619995,-32.6012,33.98782,1.0050724
91.64,1.049771,0.49900287,0.5254247
91.659996,20.278896,-45.007313,0.20565958
91.68,-3.7575107,10.433483,0.20565958
91.7,1.049771,-17.286919,0.20565958
91.72,-18.179356,-9.59571,0.20565958
91.74,5.857053,4.9855423,0.045777034
91.759995,25.08618,-15.844818,-0.114105515
91.78,25.08618,5.3060093,0.20565958
91.799995,-22.986637,-32.989803,0.68530726
91.82,5.857053,11.394884,0.68530726
91.84,73.159,13.157454,0.8451898
91.86,29.893461,9.792548,0.5254247
91.88,10.664334,-14.402717,0.36554214
91.9,-8.564792,-10.877579,0.045777034
91.92,-13.372073,-0.46239844,0.20565958
91.939995,29.893461,-2.7056682,-0.114105515
91.96,-3.7575107,18.124695,0.045777034
91.979996,5.857053,5.78671,0.36554214
92.0,10.664334,-32.669334,0.045777034
92.02,10.664334,15.72119,0.045777034
92.04,15.471616,-12.800381,0.5254247
92.06,53.92987,-30.746534,0.68530726
92.079994,10.664334,5.3060093,0.20565958
92.1,29.893461,-43.244747,-0.2739881
92.119995,-22.986637,-18.568789,-0.114105515
92.14,-3.7575107,-3.827303,0.045777034
92.159996,-3.7575107,-61.992065,-0.4338706
92.18,1.049771,-2.8659017,0.20565958
92.2,44.315308,9.952783,-0.7536357
92.22,-8.564792,-0.14193134,-0.114105515
92.24,-8.564792,-28.343033,0.20565958
92.259995,20.278896,-21.452991,0.5254247
92.28,34.700745,-10.236644,0.36554214
92.299995,121.23181,-26.099764,-0.114105515
92.32,1.049771,2.7422726,-0.2739881
92.34,44.315308,7.549279,-0.2739881
92.36,-3.7575107,-3.1863687,-0.4338706
92.38,5.857053,9.632316,-0.114105515
92.4,1.049771,18.605394,-0.114105515
92.42,-3.7575107,-1.5840333,0.045777034
92.439995,1.049771,-19.049488,-0.2739881
92.46,-51.830326,24.213572,0.5254247
92.479996,-32.6012,9.472081,0.045777034
92.5,77.96628,-16.485752,-0.4338706
92.52,25.08618,-15.04365,0.5254247
92.54,-18.179356,-13.281082,0.20565958
92.56,-27.793919,-12.960614,-0.114105515
92.579994,29.893461,42.159733,0.5254247
92.6,-13.372073,34.308285,0.045777034
92.619995,44.315308,-42.44358,-0.7536357
92.64,-22.986637,-8.794542,0.045777034
92.659996,-27.793919,3.3832066,0.045777034
92.68,15.471616,-6.711507,0.045777034
92.7,10.664334,-21.452991,-0.114105515
92.72,20.278896,-27.862331,-0.2739881
92.74,-18.179356,-17.607388,0.20565958
92.759995,-3.7575107,4.9855423,0.5254247
92.78,15.471616,1.139937,0.8451898
92.799995,-8.564792,-0.7828655,-0.59375316
92.82,10.664334,26.45684,-0.114105515
92.84,49.122585,-33.470505,-0.2739881
92.86,-13.372073,-19.530188,0.045777034
92.88,20.278896,-25.619062,-0.59375316
92.9,5.857053,0.6592364,-0.2739881
92.92,-8.564792,3.3832066,0.045777034
92.939995,-47.023045,-19.209723,0.5254247
92.96,-18.179356,-1.1033326,-0.2739881
92.979996,15.471616,0.49900287,0.20565958
93.0,-85.48129,41.198334,0.20565958
93.02,1.049771,12.035819,0.20565958
93.04,25.08618,17.804228,0.5254247
93.06,-47.023045,11.234652,0.5254247
93.079994,5.857053,3.5434403,-0.2739881
93.1,-18.179356,-6.8717403,-0.4338706
93.119995,-22.986637,2.261572,-0.2739881
93.14,15.471616,-32.669334,-0.114105515
93.159996,5.857053,-12.31968,-0.7536357
93.18,-22.986637,15.72119,-0.2739881
93.2,-3.7575107,-25.779295,-0.59375316
93.22,29.893461,-30.265835,-0.2739881
93.24,15.471616,-0.14193134,-0.2739881
93.259995,53.92987,11.234652,0.045777034
93.28,20.278896,-13.761782,-0.7536357
93.299995,25.08618,-3.6670694,-0.4338706
93.32,49.122585,8.02998,-0.4338706
93.34,-13.372073,-21.452991,-1.0734009
93.36,-8.564792,4.825309,-0.2739881
93.38,-13.372073,-3.1863687,0.20565958
93.4,1.049771,-49.333622,-0.2739881
93.42,-32.6012,6.1071773,-0.114105515
93.439995,25.08618,-29.945368,0.045777034
93.46,-56.637608,30.622915,0.68530726
93.479996,10.664334,-3.5068357,-0.4338706
93.5,44.315308,36.551556,-0.4338706
93.52,-3.7575107,27.738708,0.045777034
93.54,-8.564792,-2.2249672,0.045777034
93.56,-3.7575107,3.7036738,0.045777034
93.579994,-8.564792,-20.49159,-0.4338706
93.6,5.857053,-9.59571,-0.4338706
93.619995,-22.986637,1.3001705,-0.4338706
93.64,-8.564792,-17.607388,-0.59375316
93.659996,-51.830326,-0.62263197,0.20565958
93.68,-32.6012,-21.132523,0.20565958
93.7,-27.793919,-20.972292,-0.4338706
93.72,-3.7575107,46.806507,0.045777034
93.74,53.92987,-7.192207,-0.114105515
93.759995,-3.7575107,5.78671,-0.2739881
93.78,-3.7575107,-4.7887044,-0.114105515
93.799995,53.92987,-9.435476,-0.114105515
93.82,44.315308,-0.62263197,-0.114105515
93.84,1.049771,-9.275244,0.20565958
93.86,-42.215763,-15.844818,0.045777034
93.88,15.471616,-19.049488,-0.114105515
93.9,25.08618,5.78671,0.045777034
93.92,-13.372073,36.391323,0.68530726
93.939995,34.700745,5.3060093,0.045777034
93.96,-22.986637,0.17853576,0.20565958
93.979996,10.664334,-7.672908,0.045777034
94.0,-22.986637,-23.536026,-0.4338706
94.02,5.857053,10.75395,0.045777034
94.04,-56.637608,5.78671,0.68530726
94.06,1.049771,-1.9045002,-0.2739881
94.079994,-3.7575107,4.184375,-0.2739881
94.1,10.664334,-0.7828655,-0.114105515
94.119995,34.700745,6.5878778,-0.4338706
94.14,-13.372073,36.872025,-0.114105515
94.159996,10.664334,-7.192207,0.20565958
94.18,87.58084,13.798388,1.0050724
94.2,25.08618,-28.823734,0.36554214
94.22,-13.372073,-3.827303,0.36554214
94.24,-18.179356,19.727032,0.5254247
94.259995,5.857053,10.593717,0.045777034
94.28,25.08618,21.169132,0.36554214
94.299995,-3.7575107,-1.5840333,0.045777034
94.32,5.857053,-20.651823,-0.2739881
94.34,29.893461,16.52236,-0.4338706
94.36,-32.6012,-15.524351,0.045777034
94.38,29.893461,-0.46239844,0.36554214
94.4,-51.830326,25.014738,0.36554214
94.42,-3.7575107,-25.93953,0.045777034
94.439995,10.664334,-11.518513,0.36554214
94.46,-61.44489,42.159733,0.68530726
94.479996,5.857053,-14.08225,-0.4338706
94.5,-37.40848,8.510681,0.045777034
94.52,5.857053,-7.993375,-0.114105515
94.54,5.857053,12.51652,0.045777034
94.56,-8.564792,-34.111435,0.20565958
94.579994,10.664334,23.091934,0.20565958
94.6,-27.793919,-8.153608,0.045777034
94.619995,1.049771,7.228812,-0.114105515
94.64,10.664334,17.00306,0.20565958
94.659996,68.35171,-58.306694,0.20565958
94.68,15.471616,-35.71377,0.36554214
94.7,15.471616,4.3446083,0.20565958
94.72,-32.6012,57.54216,0.5254247
94.74,15.471616,16.842825,0.20565958
94.759995,-8.564792,9.151615,0.68530726
94.78,44.315308,0.33876932,0.36554214
94.799995,-3.7575107,-11.999213,-0.4338706
94.82,-42.215763,-9.755944,-0.2739881
94.84,49.122585,20.528198,-0.2739881
94.86,-18.179356,8.190214,0.36554214
94.88,-80.67402,53.05562,0.36554214
94.9,29.893461,3.8639073,0.5254247
94.92,29.893461,1.4604042,0.68530726
94.939995,-42.215763,39.275528,0.68530726
94.96,-3.7575107,-4.3080034,0.36554214
94.979996,-3.7575107,18.765629,0.5254247
95.0,10.664334,28.700111,-0.114105515
95.02,-22.986637,16.52236,0.045777034
95.04,1.049771,-6.5512733,-0.2739881
95.06,5.857053,-10.557112,0.045777034
95.079994,1.049771,-45.007313,-0.2739881
95.1,15.471616,-5.589872,-0.114105515
95.119995,5.857053,57.06146,0.20565958
95.14,-37.40848,-31.868172,0.5254247
95.159996,25.08618,-14.402717,0.045777034
95.18,29.893461,-22.574625,0.045777034
95.2,-8.564792,34.949223,0.045777034
95.22,1.049771,36.872025,0.20565958
95.24,-3.7575107,-10.877579,-0.4338706
95.259995,5.857053,19.086096,0.20565958
95.28,-42.215763,-8.474075,-0.59375316
95.299995,-56.637608,9.632316,-0.2739881
95.32,-18.179356,32.70595,-0.114105515
95.34,5.857053,-23.21556,0.20565958
95.36,1.049771,-0.30216488,-0.4338706
95.38,34.700745,18.445162,0.36554214
95.4,-22.986637,-18.568789,-0.4338706
95.42,-13.372073,-40.040077,0.045777034
95.439995,-42.215763,4.504842,0.045777034
95.46,-8.564792,24.534037,0.20565958
95.479996,5.857053,-26.099764,-1.0734009
95.5,5.857053,4.504842,0.045777034
95.52,10.664334,1.6206378,0.36554214
95.54,-13.372073,-31.868172,0.045777034
95.56,-56.637608,17.643993,0.36554214
95.579994,1.049771,1.6206378,0.36554214
95.6,25.08618,22.77147,-0.2739881
95.619995,29.893461,-9.916177,-0.2739881
95.64,58.737152,-19.850657,-0.114105515
95.659996,-8.564792,-32.188637,0.045777034
95.68,-8.564792,-4.468237,0.20565958
95.7,-8.564792,8.510681,0.045777034
95.72,44.315308,-0.46239844,-0.2739881
95.74,-37.40848,-9.275244,0.045777034
95.759995,-13.372073,-14.242482,0.20565958
95.78,-22.986637,15.080256,-0.2739881
95.799995,1.049771,10.914185,0.20565958
95.82,-18.179356,-30.1056,0.045777034
95.84,-8.564792,7.228812,0.045777034
95.86,34.700745,-19.209723,0.045777034
95.88,-18.179356,-12.800381,-0.2739881
95.9,15.471616,16.20189,-0.2739881
95.92,-18.179356,-34.752373,-0.7536357
95.939995,29.893461,7.8697467,-0.114105515
95.96,1.049771,7.8697467,-0.114105515
95.979996,15.471616,5.9469438,-0.4338706
96.0,-8.564792,-15.524351,0.20565958
96.02,1.049771,-28.6635,-0.114105515
96.04,20.278896,34.308285,-0.2739881
96.06,25.08618,-43.244747,0.045777034
96.079994,-22.986637,-24.497427,-0.2739881
96.1,20.278896,26.777308,-0.114105515
96.119995,-8.564792,-3.9875362,0.045777034
96.14,44.315308,-15.844818,-0.114105515
96.159996,29.893461,13.317687,0.20565958
96.18,-32.6012,9.311849,0.8451898
96.2,-32.6012,2.4218054,-0.2739881
96.22,25.08618,9.151615,0.20565958
96.24,-3.7575107,17.643993,0.20565958
96.259995,15.471616,4.6650753,-0.114105515
96.28,5.857053,34.308285,0.20565958
96.299995,25.08618,23.893103,0.36554214
96.32,-13.372073,7.709513,-0.2739881
96.34,1.049771,10.433483,0.20565958
96.36,5.857053,17.00306,0.36554214
96.38,-22.986637,-26.42023,0.20565958
96.4,-8.564792,-7.672908,0.20565958
96.42,1.049771,41.67903,-0.114105515
96.439995,5.857053,-28.983965,-0.2739881
96.46,-13.372073,18.605394,-0.4338706
96.479996,15.471616,-0.7828655,0.20565958
96.5,-42.215763,-1.2635663,-0.114105515
96.52,15.471616,5.6264763,-0.4338706
96.54,29.893461,-35.233074,0.20565958
96.56,1.049771,5.466243,-0.7536357
96.579994,-51.830326,24.694271,0.045777034
96.6,-42.215763,12.676753,0.045777034
96.619995,-3.7575107,-28.6635,-0.2739881
96.64,1.049771,15.881425,0.045777034
96.659996,-56.637608,-41.00148,0.045777034
96.68,10.664334,6.2674108,-0.114105515
96.7,-56.637608,8.831148,-0.114105515
96.72,44.315308,34.949223,-0.2739881
96.74,10.664334,7.709513,-0.4338706
96.759995,-90.288574,55.298885,0.20565958
96.78,-27.793919,8.510681,0.045777034
96.799995,15.471616,11.234652,0.045777034
96.82,-114.32499,66.51524,0.8451898
96.84,-18.179356,-13.120848,0.5254247
96.86,53.92987,3.0627398,0.20565958
96.88,-3.7575107,-26.580463,-0.59375316
96.9,1.049771,19.727032,-0.2739881
96.92,44.315308,30.46268,-0.2739881
96.939995,-8.564792,6.7481112,-0.114105515
96.96,-18.179356,-20.01089,-0.2739881
96.979996,49.122585,-20.812057,-0.59375316
97.0,10.664334,19.086096,0.045777034
97.02,-13.372073,-34.431904,-0.114105515
97.04,-8.564792,10.27325,-0.114105515
97.06,5.857053,-2.2249672,0.045777034
97.079994,15.471616,-10.877579,-0.59375316
97.1,-22.986637,-2.2249672,-0.2739881
97.119995,-3.7575107,-5.2694044,-0.114105515
97.14,15.471616,8.991381,0.20565958
97.159996,-71.05945,-0.46239844,-0.2739881
97.18,1.049771,14.759789,-0.4338706
97.2,-3.7575107,15.72119,0.5254247
97.22,49.122585,28.539877,0.5254247
97.24,25.08618,34.46852,0.8451898
97.259995,5.857053,-31.707935,-0.2739881
97.28,5.857053,-17.76762,-0.59375316
97.299995,10.664334,0.018302217,-0.59375316
97.32,-3.7575107,13.958622,0.8451898
97.34,-3.7575107,-10.877579,-0.114105515
97.36,15.471616,9.311849,0.20565958
97.38,1.049771,8.510681,0.20565958
97.4,-8.564792,36.872025,0.20565958
97.42,-3.7575107,-9.115009,0.045777034
97.439995,1.049771,-0.7828655,0.045777034
97.46,-22.986637,-44.526615,0.045777034
97.479996,92.38812,3.5434403,0.045777034
97.5,-3.7575107,2.261572,0.20565958
97.52,29.893461,10.27325,0.045777034
97.54,-37.40848,20.047497,-0.114105515
97.56,10.664334,21.329365,0.20565958
97.579994,25.08618,-16.485752,0.20565958
97.6,15.471616,6.4276443,0.045777034
97.619995,5.857053,12.51652,0.5254247
97.64,-42.215763,-17.607388,0.20565958
97.659996,5.857053,8.350447,0.045777034
97.68,20.278896,25.976141,0.045777034
97.7,63.54443,-32.028404,-0.2739881
97.72,-42.215763,12.356286,0.045777034
97.74,25.08618,8.831148,-0.2739881
97.759995,-8.564792,-9.755944,-0.114105515
97.78,10.664334,-4.6284704,-0.114105515
97.799995,-42.215763,-78.65635,0.045777034
97.82,5.857053,8.991381,0.5254247
97.84,-22.986637,-8.153608,-0.2739881
97.86,-3.7575107,32.545715,0.36554214
97.88,10.664334,8.670914,0.20565958
97.9,1.049771,-20.331356,-0.114105515
97.92,29.893461,-6.230806,-0.114105515
97.939995,34.700745,-32.989803,0.5254247
97.96,20.278896,10.593717,-0.114105515
97.979996,15.471616,-17.126686,-0.4338706
98.0,-3.7575107,4.3446083,0.045777034
98.02,5.857053,7.8697467,-0.114105515
98.04,-3.7575107,25.815907,0.68530726
98.06,53.92987,8.670914,0.68530726
98.079994,15.471616,-6.230806,0.045777034
98.1,-18.179356,24.373804,0.20565958
98.119995,15.471616,25.815907,0.20565958
98.14,25.08618,2.261572,-0.2739881
98.159996,-3.7575107,12.035819,0.5254247
98.18,1.049771,-11.198046,0.045777034
98.2,-13.372073,3.7036738,0.20565958
98.22,15.471616,7.709513,0.36554214
98.24,-51.830326,8.991381,-0.114105515
98.259995,25.08618,-9.59571,-0.4338706
98.28,-22.986637,20.047497,0.20565958
98.299995,-32.6012,9.151615,0.20565958
98.32,-13.372073,-43.40498,0.045777034
98.34,10.664334,16.20189,-0.114105515
98.36,1.049771,-13.922015,0.36554214
98.38,5.857053,13.317687,-0.2739881
98.4,-3.7575107,7.228812,0.20565958
98.42,5.857053,-41.161713,0.20565958
98.439995,1.049771,-19.049488,0.045777034
98.46,-8.564792,-3.6670694,0.20565958
98.479996,15.471616,63.470802,0.045777034
98.5,1.049771,-6.230806,0.5254247
98.52,-13.372073,11.074417,0.045777034
98.54,1.049771,-7.192207,0.68530726
98.56,-8.564792,-17.447153,0.20565958
98.579994,1.049771,34.148052,-0.114105515
98.6,25.08618,8.190214,-0.2739881
98.619995,25.08618,-0.9430991,0.36554214
98.64,20.278896,41.198334,0.36554214
98.659996,-13.372073,6.908345,0.20565958
98.68,-18.179356,9.952783,-0.114105515
98.7,-8.564792,36.872025,0.68530726
98.72,-47.023045,27.097775,0.20565958
98.74,15.471616,7.8697467,0.20565958
98.759995,34.700745,-25.779295,-0.4338706
98.78,-47.023045,-6.230806,0.5254247
98.799995,1.049771,-3.1863687,0.68530726
98.82,29.893461,2.261572,-0.2739881
98.84,-32.6012,20.207731,-0.4338706
98.86,-3.7575107,-5.2694044,-0.114105515
98.88,44.315308,7.549279,-0.114105515
98.9,1.049771,-59.588562,-0.4338706
98.92,-8.564792,21.9703,-0.2739881
98.939995,-3.7575107,-9.275244,-0.2739881
98.96,20.278896,-27.702099,0.045777034
98.979996,-8.564792,4.3446083,0.045777034
99.0,1.049771,-13.601548,-0.114105515
99.02,-22.986637,9.472081,0.68530726
99.04,-32.6012,6.5878778,0.20565958
99.06,-18.179356,29.020578,0.045777034
99.079994,-8.564792,6.7481112,-0.114105515
99.1,49.122585,-11.037811,-0.2739881
99.119995,-37.40848,22.77147,0.36554214
99.14,5.857053,11.394884,0.20565958
99.159996,-8.564792,14.759789,0.5254247
99.18,39.508022,-39.559376,0.045777034
99.2,-3.7575107,-8.153608,0.045777034
99.22,1.049771,-18.729021,0.20565958
99.24,10.664334,7.0685787,-0.114105515
99.259995,-22.986637,4.504842,0.68530726
99.28,-37.40848,-8.313842,0.045777034
99.299995,-3.7575107,-8.634309,-0.114105515
99.32,-109.5177,21.810066,0.045777034
99.34,-8.564792,-11.037811,-0.2739881
99.36,-3.7575107,1.139937,0.20565958
99.38,-8.564792,8.350447,0.20565958
99.4,-13.372073,5.3060093,0.36554214
99.42,5.857053,-22.093925,-0.2739881
99.439995,25.08618,11.555119,0.68530726
99.46,-8.564792,-20.171124,0.045777034
99.479996,10.664334,14.279089,-0.2739881
99.5,-3.7575107,-10.877579,-0.2739881
99.52,-22.986637,21.649834,-0.114105515
99.54,-8.564792,31.744547,0.5254247
99.56,49.122585,-8.954777,-0.114105515
99.579994,10.664334,-1.7442669,-0.114105515
99.6,-27.793919,14.920023,0.20565958
99.619995,-3.7575107,2.902506,-0.2739881
99.64,10.664334,0.018302217,0.20565958
99.659996,29.893461,7.0685787,-0.2739881
99.68,20.278896,7.3890457,-0.2739881
99.7,-13.372073,25.655672,-0.114105515
99.72,1.049771,1.4604042,-0.4338706
99.74,10.664334,-9.435476,-0.2739881
99.759995,10.664334,-23.375792,-0.114105515
99.78,1.049771,4.6650753,-0.114105515
99.799995,-13.372073,-11.198046,0.20565958
99.82,20.278896,-54.94179,-0.4338706
99.84,1.049771,-16.485752,-0.2739881
99.86,-27.793919,-8.153608,-0.4338706
99.88,-42.215763,2.4218054,-0.4338706
99.9,-3.7575107,4.184375,-0.2739881
99.92,-13.372073,-0.7828655,-0.114105515
99.939995,-3.7575107,-8.474075,-0.114105515
99.96,44.315308,37.67319,-0.4338706
99.979996,-51.830326,6.7481112,-0.4338706
100.0,-3.7575107,15.24049,-0.114105515
100.02,-13.372073,26.617075,0.20565958
100.04,34.700745,-3.3466022,0.20565958
100.06,10.664334,1.4604042,-0.59375316
100.079994,-18.179356,-14.562949,-0.9135183
100.1,-37.40848,-1.9045002,-0.114105515
100.119995,-13.372073,4.825309,-0.2739881
100.14,-32.6012,-15.04365,-1.2332834
100.159996,29.893461,-13.441315,-0.4338706
100.18,1.049771,12.196053,-0.59375316
100.2,-56.637608,-14.723184,-0.59375316
100.22,-56.637608,-49.013153,-0.59375316
100.24,5.857053,-37.31611,-0.2739881
100.259995,-13.372073,-6.8717403,-0.2739881
100.28,-32.6012,20.68843,-0.2739881
100.299995,-47.023045,-7.672908,0.20565958
100.32,15.471616,59.464962,-0.4338706
100.34,121.23181,19.727032,-1.2332834
100.36,-8.564792,30.622915,0.20565958
100.38,-13.372073,9.151615,-0.4338706
100.4,-8.564792,18.925863,-0.114105515
100.42,-27.793919,27.097775,0.20565958
100.439995,-3.7575107,-51.57689,-0.59375316
100.46,39.508022,-17.126686,-0.9135183
100.479996,-3.7575107,5.6264763,0.5254247
100.5,10.664334,15.881425,-0.114105515
100.52,39.508022,43.76207,0.20565958
100.54,-13.372073,-15.364117,-0.4338706
100.56,5.857053,-8.153608,-0.2739881
100.579994,39.508022,25.815907,0.045777034
100.6,-13.372073,29.98198,0.20565958
100.619995,5.857053,-4.948938,-0.114105515
100.64,-3.7575107,-22.73486,-0.114105515
100.659996,1.049771,-8.634309,-0.2739881
100.68,-13.372073,6.908345,-0.114105515
100.7,5.857053,33.50712,-0.114105515
100.72,-3.7575107,12.8369875,0.36554214
100.74,-42.215763,-17.126686,0.20565958
100.759995,1.049771,-33.951202,-0.2739881
100.78,-32.6012,33.98782,-0.114105515
100.799995,-18.179356,13.958622,-0.4338706
100.82,-22.986637,4.9855423,-0.4338706
100.84,-37.40848,-13.761782,-0.2739881
100.86,1.049771,22.130533,-0.114105515
100.88,-8.564792,-4.7887044,-0.114105515
100.9,-80.67402,18.765629,0.20565958
100.92,-3.7575107,30.783146,-0.114105515
100.939995,5.857053,-0.14193134,-0.2739881
100.96,-13.372073,-0.62263197,-0.114105515
100.979996,-8.564792,-7.352441,0.20565958
101.0,-3.7575107,23.572638,0.20565958
101.02,-42.215763,28.860344,0.20565958
101.04,-8.564792,8.510681,-0.59375316
101.06,1.049771,21.4896,-0.59375316
101.079994,49.122585,-24.497427,-0.114105515
101.1,10.664334,-7.5126743,-0.114105515
101.119995,-3.7575107,30.46268,0.20565958
101.14,-3.7575107,-20.01089,0.045777034
101.159996,63.54443,-1.7442669,-0.7536357
101.18,-8.564792,41.67903,-0.2739881
101.2,10.664334,13.638155,-0.114105515
101.22,-37.40848,7.709513,0.5254247
101.24,5.857053,-24.497427,-0.114105515
101.259995,-18.179356,7.0685787,-0.114105515
101.28,-8.564792,14.279089,0.20565958
101.299995,1.049771,5.3060093,-0.2739881
101.32,-8.564792,22.611235,-0.114105515
101.34,-47.023045,-16.645985,-0.59375316
101.36,1.049771,-3.1863687,-0.4338706
101.38,-51.830326,-1.5840333,-0.4338706
101.4,15.471616,4.3446083,0.045777034
101.42,-42.215763,-12.640147,0.36554214
101.439995,15.471616,3.2229733,0.20565958
101.46,-22.986637,13.798388,0.045777034
101.479996,1.049771,-10.557112,0.20565958
101.5,-27.793919,4.184375,-0.2739881
101.52,10.664334,3.2229733,-0.4338706
101.54,-3.7575107,15.560958,-0.59375316
101.56,1.049771,19.566797,-0.4338706
101.579994,-37.40848,-1.1033326,0.20565958
101.6,-22.986637,-0.46239844,-0.4338706
101.619995,-32.6012,14.759789,-0.2739881
101.64,5.857053,5.3060093,-0.4338706
101.659996,-3.7575107,-13.120848,-0.2739881
101.68,-13.372073,19.246328,0.045777034
101.7,-27.793919,-41.321945,0.045777034
101.72,10.664334,-8.634309,-0.2739881
101.74,-61.44489,47.44744,-0.2739881
101.759995,1.049771,10.75395,-0.4338706
101.78,-3.7575107,-15.684585,-0.2739881
101.799995,44.315308,-17.126686,0.36554214
101.82,-8.564792,-25.619062,0.045777034
101.84,5.857053,53.53632,-0.4338706
101.86,-27.793919,24.694271,-0.114105515
101.88,-3.7575107,8.510681,-0.4338706
101.9,-3.7575107,12.196053,0.20565958
101.92,5.857053,-9.115009,0.045777034
101.939995,-3.7575107,-4.468237,-0.114105515
101.96,53.92987,-22.254158,-0.2739881
101.979996,-42.215763,-38.91844,-0.4338706
102.0,-13.372073,-0.7828655,-0.4338706
102.02,63.54443,-22.73486,-1.2332834
102.04,1.049771,25.335205,-0.4338706
102.06,1.049771,14.279089,-0.114105515
102.079994,-8.564792,-1.4237996,-0.114105515
102.1,-3.7575107,5.6264763,-0.114105515
102.119995,-13.372073,-14.08225,-0.2739881
102.14,44.315308,-3.026135,-0.114105515
102.159996,-22.986637,-7.993375,0.68530726
102.18,-32.6012,18.925863,0.68530726
102.2,15.471616,7.549279,-0.2739881
102.22,25.08618,-12.640147,-0.59375316
102.24,-13.372073,16.362125,0.045777034
102.259995,5.857053,-11.358279,-0.2739881
102.28,25.08618,18.605394,0.20565958
102.299995,-22.986637,7.3890457,0.045777034
102.32,1.049771,18.284927,-0.2739881
102.34,44.315308,-5.910339,-0.59375316
102.36,-3.7575107,-15.04365,0.045777034
102.38,1.049771,-8.153608,0.5254247
102.399994,49.122585,17.643993,0.36554214
102.42,25.08618,-3.5068357,0.20565958
102.439995,20.278896,8.670914,0.045777034
102.46,73.159,22.611235,0.20565958
102.479996,-27.793919,10.433483,0.045777034
102.5,25.08618,-16.005053,0.045777034
102.52,1.049771,-13.922015,0.20565958
102.54,20.278896,3.2229733,-0.114105515
102.56,-13.372073,-17.126686,0.36554214
102.579994,5.857053,-0.30216488,-0.4338706
102.6,39.508022,8.510681,-0.2739881
102.619995,-8.564792,-19.049488,0.20565958
102.64,-18.179356,19.246328,0.5254247
102.659996,-27.793919,24.213572,0.5254247
102.68,1.049771,12.035819,-0.2739881
102.7,5.857053,21.0089,0.20565958
102.72,-37.40848,-9.435476,0.68530726
102.74,5.857053,14.599556,-0.114105515
102.759995,15.471616,69.23921,0.045777034
102.78,1.049771,-11.198046,-0.114105515
102.799995,5.857053,30.142212,0.20565958
102.82,-13.372073,-1.7442669,0.045777034
102.84,29.893461,17.804228,-0.2739881
102.86,49.122585,-52.05759,-0.7536357
102.88,-27.793919,-8.474075,0.68530726
102.899994,5.857053,-13.281082,0.5254247
102.92,-8.564792,-15.04365,0.20565958
102.939995,34.700745,21.4896,0.045777034
102.96,1.049771,-0.46239844,-0.2739881
102.979996,5.857053,-2.0647337,-0.4338706
103.0,-37.40848,6.4276443,0.20565958
103.02,-27.793919,-4.6284704,0.045777034
103.04,-32.6012,4.3446083,0.045777034
103.06,-13.372073,29.98198,0.045777034
103.079994,-13.372073,-16.80622,0.045777034
103.1,20.278896,-18.568789,0.045777034
103.119995,29.893461,10.75395,0.20565958
103.14,1.049771,34.78899,0.8451898
103.159996,-42.215763,-11.198046,-0.114105515
103.18,-3.7575107,-30.426067,0.045777034
103.2,-3.7575107,-11.198046,0.5254247
103.22,5.857053,-44.366383,-0.114105515
103.24,15.471616,35.75039,-0.114105515
103.259995,1.049771,-9.755944,0.20565958
103.28,-3.7575107,-14.883417,0.20565958
103.299995,49.122585,23.893103,0.36554214
103.32,29.893461,-3.026135,0.68530726
103.34,63.54443,-21.132523,0.20565958
103.36,15.471616,-10.396878,0.045777034
103.38,5.857053,-38.91844,0.36554214
103.399994,-8.564792,-45.808483,0.20565958
103.42,-8.564792,12.035819,0.68530726
103.439995,-8.564792,5.466243,0.20565958
103.46,10.664334,-1.2635663,0.20565958
103.479996,53.92987,-25.779295,0.20565958
103.5,-8.564792,-13.281082,0.5254247
103.52,-22.986637,-0.7828655,0.20565958
103.54,-18.179356,-13.601548,0.36554214
103.56,10.664334,-7.5126743,0.5254247
103.579994,25.08618,-56.383892,0.68530726
103.6,-8.564792,-21.773457,0.5254247
103.619995,10.664334,-6.711507,-0.114105515
103.64,5.857053,-3.9875362,0.045777034
103.659996,15.471616,1.6206378,-0.114105515
103.68,15.471616,6.2674108,0.20565958
103.7,5.857053,2.1013381,0.36554214
103.72,-37.40848,-4.468237,-0.2739881
103.74,-8.564792,9.151615,0.20565958
103.759995,-32.6012,11.555119,0.36554214
103.78,29.893461,29.020578,0.20565958
103.799995,10.664334,24.373804,0.045777034
103.82,-3.7575107,-6.0705724,0.045777034
103.84,5.857053,13.477921,0.5254247
103.86,-3.7575107,23.412403,0.36554214
103.88,44.315308,-4.7887044,-0.4338706
103.899994,-13.372073,21.649834,-0.4338706
103.92,-8.564792,4.184375,-0.114105515
103.939995,-47.023045,7.8697467,-0.59375316
103.96,44.315308,-26.580463,0.045777034
103.979996,10.664334,0.17853576,-0.4338706
104.0,-22.986637,0.9797035,-0.2739881
104.02,5.857053,-3.5068357,-0.4338706
104.04,34.700745,-6.711507,0.045777034
104.06,49.122585,-52.05759,0.045777034
104.079994,15.471616,14.759789,-0.2739881
104.1,-3.7575107,-22.414392,0.36554214
104.119995,1.049771,2.261572,0.045777034
104.14,5.857053,18.124695,0.045777034
104.159996,-22.986637,6.2674108,-0.114105515
104.18,10.664334,-17.927853,-0.4338706
104.2,34.700745,-11.83898,-0.4338706
104.22,-13.372073,-25.619062,-0.2739881
104.24,5.857053,6.4276443,0.045777034
104.259995,-13.372073,-9.755944,0.045777034
104.28,-61.44489,-33.790974,-0.114105515
104.299995,-22.986637,-13.922015,-0.114105515
104.32,10.664334,-2.0647337,0.20565958
104.34,-61.44489,65.233376,0.5254247
104.36,-42.215763,31.103615,0.20565958
104.38,5.857053,32.385483,-0.114105515
104.399994,-22.986637,-2.8659017,-0.2739881
104.42,1.049771,7.8697467,-0.114105515
104.439995,-3.7575107,52.73515,0.045777034
104.46,1.049771,-3.5068357,-0.2739881
104.479996,1.049771,-51.57689,-0.59375316
104.5,15.471616,-21.773457,-0.4338706
104.52,-27.793919,-25.619062,-0.2739881
104.54,63.54443,-0.46239844,0.045777034
104.56,-3.7575107,4.504842,0.045777034
104.579994,-51.830326,25.49544,0.8451898
104.6,-8.564792,-7.672908,0.5254247
104.619995,-3.7575107,-8.954777,-0.4338706
104.64,5.857053,15.24049,0.045777034
104.659996,20.278896,9.952783,0.20565958
104.68,-42.215763,-6.230806,0.045777034
104.7,-18.179356,14.439322,-0.114105515
104.72,-42.215763,-33.150036,0.20565958
104.74,-66.25217,66.51524,0.68530726
104.759995,20.278896,-3.5068357,-0.114105515
104.78,1.049771,6.4276443,-0.2739881
104.799995,-13.372073,36.391323,0.045777034
104.82,-22.986637,-8.954777,0.20565958
104.84,20.278896,18.925863,0.045777034
104.86,-8.564792,-14.562949,0.20565958
104.88,15.471616,20.68843,-0.2739881
104.899994,5.857053,-4.3080034,-0.59375316
104.92,15.471616,2.5820389,-0.114105515
104.939995,-8.564792,-28.823734,-0.114105515
104.96,-13.372073,-15.203884,-0.114105515
104.979996,29.893461,14.599556,0.045777034
105.0,5.857053,19.406563,0.36554214
105.02,-37.40848,-2.8659017,-0.114105515
105.04,-13.372073,-15.844818,0.045777034
105.06,15.471616,30.783146,0.5254247
105.079994,15.471616,8.510681,-0.2739881
105.1,-18.179356,31.904783,0.20565958
105.119995,53.92987,-2.385201,-0.114105515
105.14,-18.179356,3.7036738,0.045777034
105.159996,49.122585,-31.227234,-0.114105515
105.18,10.664334,-0.7828655,0.20565958
105.2,-3.7575107,31.263847,0.20565958
105.22,-13.372073,13.798388,0.5254247
105.24,1.049771,18.765629,0.20565958
105.259995,15.471616,22.451,0.68530726
105.28,10.664334,0.17853576,-0.2739881
105.299995,-13.372073,42.4802,0.5254247
105.32,-37.40848,11.394884,0.5254247
105.34,15.471616,-12.31968,-0.114105515
105.36,-32.6012,19.566797,-0.114105515
105.38,25.08618,7.8697467,-0.4338706
105.399994,-3.7575107,15.560958,0.20565958
105.42,25.08618,23.252169,0.5254247
105.439995,-37.40848,-26.740696,0.36554214
105.46,20.278896,14.439322,0.20565958
105.479996,63.54443,26.296606,0.20565958
105.5,-13.372073,-36.03424,-0.114105515
105.52,10.664334,-3.026135,0.045777034
105.54,10.664334,-28.503265,-0.4338706
105.56,20.278896,-7.192207,-0.114105515
105.579994,5.857053,5.6264763,-0.4338706
105.6,34.700745,2.902506,-0.2739881
105.619995,29.893461,-15.364117,-0.2739881
105.64,44.315308,-72.40724,-0.9135183
105.659996,-22.986637,-15.844818,0.20565958
105.68,-22.986637,7.3890457,0.68530726
105.7,-3.7575107,-2.385201,0.36554214
105.72,-47.023045,15.72119,0.045777034
105.74,44.315308,-22.414392,-0.114105515
105.759995,-13.372073,1.6206378,0.045777034
105.78,-8.564792,28.539877,0.5254247
105.799995,44.315308,-57.986225,0.36554214
105.82,10.664334,6.2674108,0.20565958
105.84,15.471616,33.98782,0.20565958
105.86,15.471616,8.670914,-0.114105515
105.88,15.471616,4.6650753,0.20565958
105.899994,1.049771,-7.352441,0.68530726
105.92,-22.986637,1.139937,0.20565958
105.939995,-22.986637,31.904783,-0.2739881
105.96,5.857053,23.412403,-0.114105515
105.979996,-3.7575107,-7.993375,-0.114105515
106.0,15.471616,3.5434403,0.36554214
106.02,15.471616,23.252169,0.68530726
106.04,5.857053,-3.1863687,-0.114105515
106.06,53.92987,-18.568789,-0.114105515
106.079994,-3.7575107,4.024141,-0.114105515
106.1,20.278896,24.213572,0.36554214
106.119995,15.471616,-6.8717403,-0.59375316
106.14,5.857053,0.81947,0.20565958
106.159996,5.857053,-23.69626,-0.4338706
106.18,15.471616,4.825309,0.20565958
106.2,-3.7575107,3.5434403,0.20565958
106.22,-47.023045,2.261572,0.20565958
106.24,15.471616,21.9703,0.045777034
106.259995,-90.288574,-27.541864,0.68530726
106.28,-3.7575107,-19.369957,0.5254247
106.299995,34.700745,-3.5068357,0.045777034
106.32,-32.6012,-7.192207,0.20565958
106.34,15.471616,-27.2214,-0.114105515
106.36,-3.7575107,-56.544125,-0.4338706
106.38,20.278896,18.284927,-0.114105515
106.399994,10.664334,-8.474075,0.045777034
106.42,77.96628,40.717632,0.20565958
106.439995,-27.793919,-3.5068357,0.5254247
106.46,-32.6012,-39.078674,0.20565958
106.479996,-66.25217,-10.076411,-0.114105515
106.5,-18.179356,-21.773457,0.20565958
106.52,39.508022,7.549279,0.045777034
106.54,20.278896,10.914185,0.68530726
106.56,15.471616,-28.343033,0.36554214
106.579994,5.857053,-12.31968,-0.59375316
106.6,-47.023045,0.81947,0.20565958
106.619995,-22.986637,41.358562,0.045777034
106.64,-8.564792,1.3001705,0.36554214
106.659996,-18.179356,-13.281082,-0.114105515
106.68,-47.023045,-9.916177,0.045777034
106.7,29.893461,-25.298595,-0.114105515
106.72,-3.7575107,-17.607388,-0.2739881
106.74,-51.830326,6.5878778,0.36554214
106.759995,-13.372073,-18.248322,0.5254247
106.78,-3.7575107,-6.711507,0.045777034
106.799995,5.857053,-3.3466022,-0.114105515
106.82,-27.793919,1.4604042,0.5254247
106.84,-13.372073,3.3832066,0.68530726
106.86,-27.793919,1.6206378,0.045777034
106.88,5.857053,25.976141,0.20565958
106.899994,-37.40848,-20.171124,-0.114105515
106.92,-32.6012,-7.192207,0.20565958
106.939995,25.08618,-29.304434,0.045777034
106.96,10.664334,8.02998,-0.114105515
106.979996,-99.903145,28.860344,0.045777034
107.0,-18.179356,-1.2635663,0.20565958
107.02,-8.564792,-0.14193134,0.20565958
107.04,82.77356,-13.922015,0.045777034
107.06,53.92987,38.95506,0.045777034
107.079994,44.315308,23.412403,0.045777034
107.1,5.857053,5.9469438,-0.2739881
107.119995,-37.40848,-6.0705724,0.20565958
107.14,-8.564792,11.394884,0.36554214
107.159996,-3.7575107,21.810066,-0.7536357
107.18,-3.7575107,-13.281082,-0.4338706
107.2,25.08618,4.3446083,0.045777034
107.22,53.92987,-6.230806,-0.114105515
107.24,-22.986637,17.804228,0.20565958
107.259995,25.08618,7.3890457,-0.2739881
107.28,29.893461,2.4218054,-0.59375316
107.299995,20.278896,13.477921,0.045777034
107.32,10.664334,0.17853576,-0.114105515
107.34,-42.215763,-0.62263197,0.36554214
107.36,5.857053,-9.916177,0.045777034
107.38,5.857053,-22.414392,0.045777034
107.399994,15.471616,-17.607388,-0.2739881
107.42,29.893461,0.17853576,0.20565958
107.439995,39.508022,-14.402717,-0.114105515
107.46,44.315308,-0.30216488,0.20565958
107.479996,-13.372073,-6.711507,0.045777034
107.5,-66.25217,-10.396878,-0.114105515
107.52,5.857053,12.035819,0.045777034
107.54,-3.7575107,24.854506,-0.2739881
107.56,15.471616,-19.850657,-0.4338706
107.579994,15.471616,-0.46239844,-0.114105515
107.6,53.92987,-6.230806,-0.2739881
107.619995,-51.830326,-17.447153,0.045777034
107.64,-32.6012,-4.7887044,-0.114105515
107.659996,15.471616,-2.8659017,-0.59375316
107.68,-13.372073,-29.945368,-0.114105515
107.7,-3.7575107,-20.651823,-0.2739881
107.72,1.049771,-6.8717403,-0.2739881
107.74,-3.7575107,9.952783,0.045777034
107.759995,15.471616,0.81947,-0.2739881
107.78,1.049771,16.362125,0.045777034
107.799995,5.857053,-54.781555,-0.4338706
107.82,-3.7575107,6.2674108,-0.7536357
107.84,-61.44489,-10.236644,-0.4338706
107.86,-18.179356,12.676753,0.5254247
107.88,10.664334,-15.684585,-0.2739881
107.899994,-22.986637,-4.948938,-0.59375316
107.92,-8.564792,33.186653,0.045777034
107.939995,-8.564792,43.76207,0.20565958
107.96,-3.7575107,23.412403,0.20565958
107.979996,5.857053,0.6592364,-0.114105515
108.0,-18.179356,12.035819,0.045777034
108.02,1.049771,9.792548,0.045777034
108.04,-3.7575107,28.700111,-0.9135183
108.06,20.278896,46.646275,-0.4338706
108.079994,20.278896,-4.14777,-0.4338706
108.1,15.471616,-25.298595,-1.0734009
108.119995,-8.564792,-8.474075,-0.114105515
108.14,15.471616,-3.6670694,-0.4338706
108.159996,1.049771,-25.45883,-0.59375316
108.18,-8.564792,12.99722,-0.2739881
108.2,25.08618,79.6544,-0.2739881
108.22,-13.372073,10.914185,0.20565958
108.24,-3.7575107,-6.3910394,0.20565958
108.259995,1.049771,-20.651823,-0.2739881
108.28,1.049771,-0.14193134,-0.114105515
108.299995,-22.986637,9.472081,-0.114105515
108.32,-18.179356,-30.265835,0.045777034
108.34,-13.372073,-14.562949,0.045777034
108.36,1.049771,-2.0647337,0.045777034
108.38,15.471616,-1.5840333,-0.9135183
108.399994,-3.7575107,0.9797035,0.36554214
108.42,15.471616,-32.028404,0.045777034
108.439995,49.122585,22.611235,0.20565958
108.46,-13.372073,-0.46239844,0.045777034
108.479996,-56.637608,21.0089,0.20565958
108.5,-22.986637,-16.005053,-0.114105515
108.52,20.278896,1.9411048,-0.2739881
108.54,44.315308,6.2674108,-0.59375316
108.56,-3.7575107,21.810066,-0.114105515
108.579994,-8.564792,76.44973,-0.114105515
108.6,-51.830326,9.151615,0.20565958
108.619995,15.471616,-20.171124,-0.2739881
108.64,-13.372073,30.46268,0.045777034
108.659996,29.893461,8.02998,0.045777034
108.68,1.049771,8.831148,0.36554214
108.7,-22.986637,41.839264,0.36554214
108.72,-3.7575107,10.914185,-0.114105515
108.74,44.315308,-4.3080034,-0.59375316
108.759995,-8.564792,-22.73486,-0.114105515
108.78,-8.564792,3.0627398,-0.2739881
108.799995,-32.6012,-11.198046,0.20565958
108.82,-8.564792,-5.910339,0.045777034
108.84,-13.372073,-19.530188,0.36554214
108.86,-18.179356,0.49900287,-0.2739881
108.88,-18.179356,-2.8659017,0.20565958
108.899994,1.049771,-13.922015,0.20565958
108.92,-3.7575107,-4.14777,-0.2739881
108.939995,-13.372073,5.145776,0.045777034
108.96,25.08618,36.23109,0.20565958
108.979996,-3.7575107,-1.5840333,-0.114105515
109.0,-18.179356,16.041658,0.20565958
109.02,-51.830326,-7.5126743,0.045777034
109.04,20.278896,10.113016,-0.114105515
109.06,-13.372073,4.3446083,-0.114105515
109.079994,-27.793919,-1.2635663,-0.4338706
109.1,-66.25217,-12.960614,-0.114105515
109.119995,-22.986637,-11.518513,-0.114105515
109.14,-27.793919,15.881425,0.20565958
109.159996,10.664334,-1.1033326,-0.114105515
109.18,20.278896,57.381924,-0.2739881
109.2,25.08618,2.4218054,-0.2739881
109.22,25.08618,2.4218054,0.045777034
109.24,-3.7575107,9.632316,-0.2739881
109.259995,34.700745,-38.27751,-0.114105515
109.28,15.471616,-7.833141,0.045777034
109.299995,-51.830326,-3.026135,-0.2739881
109.32,-3.7575107,25.815907,0.045777034
109.34,25.08618,-42.764046,-0.114105515
109.36,-8.564792,37.19249,0.20565958
109.38,10.664334,8.991381,-0.4338706
109.399994,39.508022,6.2674108,0.20565958
109.42,-3.7575107,24.854506,-0.114105515
109.439995,1.049771,-7.833141,0.20565958
109.46,-22.986637,0.17853576,-0.114105515
109.479996,49.122585,7.3890457,-0.2739881
109.5,5.857053,-44.20615,0.045777034
109.52,82.77356,-31.067003,0.20565958
109.54,-13.372073,-9.115009,-0.114105515
109.56,44.315308,4.3446083,0.045777034
109.579994,39.508022,-23.21556,-0.114105515
109.6,-27.793919,-8.474075,0.20565958
109.619995,20.278896,19.406563,0.68530726
109.64,-13.372073,10.914185,0.20565958
109.659996,1.049771,16.52236,0.045777034
109.68,-3.7575107,6.4276443,0.5254247
109.7,1.049771,-35.07284,-0.2739881
109.72,-8.564792,-5.2694044,-0.2739881
109.74,-56.637608,6.1071773,0.045777034
109.759995,1.049771,20.68843,0.045777034
109.78,20.278896,4.3446083,0.20565958
109.799995,10.664334,-0.9430991,-0.114105515
109.82,-13.372073,1.9411048,0.5254247
109.84,15.471616,-38.437744,0.045777034
109.86,-13.372073,10.433483,0.36554214
109.88,34.700745,10.75395,-0.114105515
109.899994,34.700745,30.94338,0.045777034
109.92,5.857053,-20.331356,0.36554214
109.939995,-42.215763,-33.630737,0.045777034
109.96,34.700745,3.7036738,0.36554214
109.979996,34.700745,-20.49159,0.045777034
110.0,20.278896,35.42992,0.36554214
110.02,25.08618,13.157454,0.68530726
110.04,-3.7575107,-16.485752,0.5254247
110.06,1.049771,-34.59214,-0.114105515
110.079994,-22.986637,-6.230806,0.5254247
110.1,-13.372073,19.086096,0.20565958
110.119995,-8.564792,12.676753,0.68530726
110.14,29.893461,32.065014,0.68530726
110.159996,29.893461,-7.993375,0.20565958
110.18,49.122585,-26.259996,-0.114105515
110.2,15.471616,36.23109,0.68530726
110.22,25.08618,7.709513,0.68530726
110.24,-47.023045,-13.601548,0.20565958
110.259995,20.278896,35.590153,0.36554214
110.28,-3.7575107,-8.954777,0.045777034
110.299995,29.893461,-9.435476,0.20565958
110.32,25.08618,39.115295,0.20565958
110.34,20.278896,-28.503265,0.20565958
110.36,20.278896,-7.192207,-0.114105515
110.38,44.315308,-4.14777,-0.114105515
110.399994,-13.372073,16.041658,0.68530726
110.42,10.664334,29.821747,0.20565958
110.439995,5.857053,-23.856495,-0.4338706
110.46,10.664334,-8.474075,-0.114105515
110.479996,20.278896,-27.38163,-0.114105515
110.5,-3.7575107,-13.441315,0.36554214
110.52,15.471616,-4.7887044,-0.114105515
110.54,25.08618,-28.823734,-0.114105515
110.56,20.278896,-5.589872,0.20565958
110.579994,10.664334,-5.1091714,0.045777034
110.6,-3.7575107,0.17853576,0.68530726
110.619995,-27.793919,17.323528,0.5254247
110.64,-37.40848,17.483759,0.20565958
110.659996,-3.7575107,0.6592364,0.045777034
110.68,-32.6012,-23.69626,0.5254247
110.7,-22.986637,-21.292757,-0.114105515
110.72,20.278896,1.4604042,0.045777034
110.74,34.700745,-10.717345,-0.2739881
110.759995,-47.023045,-9.275244,0.045777034
110.78,-3.7575107,-28.6635,-0.114105515
110.799995,-27.793919,-14.723184,0.68530726
110.82,49.122585,-7.672908,0.36554214
110.84,5.857053,-7.5126743,-0.114105515
110.86,-27.793919,3.7036738,0.045777034
110.88,-42.215763,0.81947,0.5254247
110.899994,-37.40848,-11.83898,-0.114105515
110.92,34.700745,11.875586,0.045777034
110.939995,-22.986637,-33.951202,-0.4338706
110.96,10.664334,35.10945,-0.4338706
110.979996,-18.179356,0.17853576,0.68530726
111.0,-37.40848,-13.120848,0.20565958
111.02,39.508022,-19.530188,0.045777034
111.04,-3.7575107,-3.6670694,-0.2739881
111.06,5.857053,4.024141,0.5254247
111.079994,-18.179356,17.643993,0.5254247
111.1,44.315308,4.184375,0.68530726
111.119995,39.508022,-2.7056682,0.36554214
111.14,-8.564792,-7.5126743,0.045777034
111.159996,-27.793919,8.991381,-0.2739881
111.18,1.049771,18.925863,-0.114105515
111.2,25.08618,-2.2249672,-0.59375316
111.22,39.508022,12.99722,0.5254247
111.24,10.664334,24.534037,0.5254247
111.259995,-27.793919,-0.9430991,0.20565958
111.28,-3.7575107,56.901222,0.36554214
111.299995,-18.179356,29.98198,0.20565958
111.32,-13.372073,-11.037811,-0.114105515
111.34,10.664334,6.4276443,-0.2739881
111.36,25.08618,-39.879845,0.36554214
111.38,49.122585,-42.924282,0.20565958
111.399994,1.049771,0.9797035,0.36554214
111.42,20.278896,-34.912605,0.5254247
111.439995,1.049771,29.661512,0.045777034
111.46,-13.372073,16.842825,0.5254247
111.479996,-37.40848,-35.71377,0.045777034
111.5,68.35171,-28.6635,0.20565958
111.52,10.664334,-8.313842,0.20565958
111.54,-3.7575107,24.053337,0.045777034
111.56,15.471616,1.3001705,-0.114105515
111.579994,5.857053,-25.298595,-0.4338706
111.6,15.471616,4.9855423,0.045777034
111.619995,5.857053,-6.711507,0.20565958
111.64,15.471616,-3.9875362,-0.2739881
111.659996,20.278896,1.3001705,0.045777034
111.68,20.278896,-21.773457,-0.2739881
111.7,29.893461,32.22525,0.045777034
111.72,10.664334,-0.30216488,0.20565958
111.74,-27.793919,-13.761782,0.045777034
111.759995,5.857053,11.074417,0.5254247
111.78,29.893461,17.00306,-0.2739881
111.799995,-32.6012,5.466243,0.045777034
111.82,15.471616,-0.30216488,-0.114105515
111.84,-22.986637,16.682592,0.20565958
111.86,10.664334,-18.248322,-0.59375316
111.88,5.857053,0.6592364,-0.114105515
111.899994,-8.564792,8.02998,-0.59375316
111.92,34.700745,24.694271,-0.114105515
111.939995,10.664334,0.33876932,0.36554214
111.96,-13.372073,-4.948938,0.36554214
111.979996,-8.564792,-25.779295,0.20565958
112.0,-18.179356,49.850945,0.045777034
112.02,-8.564792,3.7036738,0.5254247
112.04,15.471616,50.812347,-0.114105515
112.06,20.278896,2.1013381,0.5254247
112.079994,-13.372073,-41.161713,-0.114105515
112.1,53.92987,5.9469438,0.20565958
112.119995,1.049771,22.130533,0.20565958
112.14,20.278896,24.854506,0.20565958
112.159996,1.049771,-11.518513,0.045777034
112.18,-22.986637,11.715352,0.20565958
112.2,63.54443,43.922302,0.20565958
112.22,-18.179356,-21.933691,0.8451898
112.24,20.278896,16.842825,0.5254247
112.259995,44.315308,10.27325,-0.7536357
112.28,-8.564792,17.00306,-0.114105515
112.299995,5.857053,28.860344,0.045777034
112.32,29.893461,14.279089,0.36554214
112.34,1.049771,-0.14193134,-0.114105515
112.36,1.049771,0.6592364,0.045777034
112.38,-3.7575107,24.053337,0.5254247
112.399994,10.664334,29.661512,0.045777034
112.42,34.700745,19.246328,-0.114105515
112.439995,20.278896,1.4604042,0.5254247
112.46,-8.564792,-18.088087,0.045777034
112.479996,-13.372073,-18.889254,0.20565958
112.5,29.893461,11.074417,-0.2739881
112.52,5.857053,6.1071773,0.045777034
112.54,10.664334,5.9469438,-0.4338706
112.56,5.857053,-13.601548,0.045777034
112.579994,-8.564792,-16.485752,-0.114105515
112.6,15.471616,5.145776,0.045777034
112.619995,10.664334,-11.037811,-0.4338706
112.64,10.664334,-8.634309,0.045777034
112.659996,15.471616,7.549279,0.5254247
112.68,5.857053,-27.061165,0.36554214
112.7,10.664334,6.7481112,-0.114105515
112.72,-18.179356,23.252169,0.36554214
112.74,-3.7575107,25.976141,-0.2739881
112.759995,-8.564792,18.765629,-0.114105515
112.78,-3.7575107,4.9855423,-0.4338706
112.799995,20.278896,2.1013381,-0.114105515
112.82,1.049771,-6.0705724,-0.114105515
112.84,5.857053,20.047497,-0.59375316
112.86,-13.372073,-9.275244,0.045777034
112.88,5.857053,-27.702099,-0.7536357
112.899994,-27.793919,-6.8717403,-0.4338706
112.92,-18.179356,2.4218054,-0.2739881
112.939995,10.664334,-22.574625,-0.59375316
112.96,-18.179356,-15.04365,-0.2739881
112.979996,15.471616,18.445162,0.5254247
113.0,15.471616,-3.827303,0.20565958
113.02,-3.7575107,-4.7887044,0.045777034
113.04,-42.215763,-35.874004,0.20565958
113.06,1.049771,-56.544125,-0.2739881
113.079994,-18.179356,22.130533,-0.4338706
113.1,-18.179356,3.7036738,-0.114105515
113.119995,-22.986637,-13.441315,0.045777034
113.14,20.278896,-3.1863687,-0.2739881
113.159996,-32.6012,24.213572,0.045777034
113.18,-61.44489,-9.755944,0.045777034
113.2,-3.7575107,10.27325,0.68530726
113.22,-3.7575107,-3.5068357,-0.2739881
113.24,-3.7575107,15.881425,-0.114105515
113.259995,68.35171,-3.3466022,-0.114105515
113.28,-3.7575107,-18.248322,0.20565958
113.299995,53.92987,-24.016727,0.045777034
113.32,-13.372073,-7.5126743,-0.4338706
113.34,-22.986637,-1.5840333,-0.114105515
113.36,53.92987,-65.517204,0.045777034
113.38,-18.179356,11.715352,0.20565958
113.399994,5.857053,27.418243,-0.114105515
113.42,-47.023045,19.406563,0.20565958
113.439995,25.08618,28.700111,-0.114105515
113.46,-32.6012,-33.790974,-0.114105515
113.479996,-56.637608,-4.948938,-0.114105515
113.5,-3.7575107,9.472081,-0.59375316
113.52,-18.179356,29.020578,0.20565958
113.54,29.893461,-13.601548,-0.59375316
113.56,10.664334,23.412403,0.045777034
113.579994,25.08618,12.8369875,-0.2739881
113.6,5.857053,-8.313842,-0.114105515
113.619995,49.122585,-0.14193134,0.045777034
113.64,15.471616,3.5434403,0.20565958
113.659996,-8.564792,-23.375792,-0.2739881
113.68,-37.40848,-12.960614,-0.114105515
113.7,15.471616,10.593717,-0.114105515
113.72,10.664334,21.169132,0.045777034
113.74,-13.372073,6.5878778,-0.4338706
113.759995,73.159,-24.817896,-0.2739881
113.78,-37.40848,-7.993375,-0.4338706
113.799995,1.049771,1.4604042,-0.2739881
113.82,-37.40848,2.1013381,0.20565958
113.84,1.049771,-3.1863687,-0.114105515
113.86,-3.7575107,-5.910339,0.5254247
113.88,1.049771,7.228812,0.36554214
113.899994,1.049771,-4.6284704,0.5254247
113.92,1.049771,0.9797035,-0.4338706
113.939995,-3.7575107,3.5434403,0.045777034
113.96,-47.023045,-21.132523,0.045777034
113.979996,10.664334,9.792548,-0.59375316
114.0,1.049771,0.9797035,-0.2739881
114.02,-13.372073,-5.910339,-0.114105515
114.04,10.664334,15.24049,0.20565958
114.06,-22.986637,1.3001705,0.20565958
114.079994,-8.564792,-36.835407,-0.2739881
114.1,25.08618,-10.396878,-0.2739881
114.119995,-18.179356,-32.028404,0.045777034
114.14,25.08618,-25.298595,-0.2739881
114.159996,-13.372073,1.4604042,0.36554214
114.18,25.08618,-1.5840333,-0.2739881
114.2,25.08618,-10.396878,-0.4338706
114.22,10.664334,-15.844818,-0.2739881
114.24,-3.7575107,1.3001705,0.5254247
114.259995,20.278896,-25.93953,0.20565958
114.28,1.049771,8.670914,-0.2739881
114.299995,-8.564792,-27.862331,0.36554214
114.32,102.002686,-6.3910394,0.36554214
114.34,20.278896,0.17853576,-0.2739881
114.36,-3.7575107,16.682592,0.8451898
114.38,15.471616,21.329365,0.20565958
114.399994,-32.6012,21.649834,0.5254247
114.42,-3.7575107,-30.906769,-0.114105515
114.439995,-27.793919,2.902506,0.20565958
114.46,29.893461,-10.877579,0.36554214
114.479996,-22.986637,-8.153608,0.045777034
114.5,49.122585,-37.31611,-0.114105515
114.52,-3.7575107,1.3001705,-0.114105515
114.54,-3.7575107,18.605394,0.5254247
114.56,29.893461,-31.067003,0.045777034
114.579994,25.08618,5.6264763,-0.114105515
114.6,1.049771,-7.352441,0.36554214
114.619995,-42.215763,-25.138361,0.5254247
114.64,-8.564792,17.163294,0.20565958
114.659996,49.122585,-15.524351,-0.4338706
114.68,-3.7575107,-6.0705724,-0.4338706
114.7,10.664334,14.599556,0.045777034
114.72,-22.986637,-32.028404,-0.114105515
114.74,44.315308,-27.862331,-0.114105515
114.759995,-8.564792,-4.7887044,-0.4338706
114.78,39.508022,-20.651823,-0.2739881
114.799995,-8.564792,-25.93953,-0.2739881
114.82,15.471616,7.228812,-0.114105515
114.84,5.857053,30.622915,-0.114105515
114.86,1.049771,-11.678746,0.20565958
114.88,20.278896,-36.194473,0.045777034
114.899994,34.700745,-3.6670694,0.20565958
114.92,-8.564792,-7.352441,0.20565958
114.939995,-22.986637,-24.817896,-0.59375316
114.96,-18.179356,3.5434403,0.045777034
114.979996,-3.7575107,-2.8659017,0.20565958
115.0,-22.986637,-51.096188,0.5254247
115.02,63.54443,-11.518513,0.20565958
115.04,-61.44489,-26.740696,0.20565958
115.06,10.664334,-7.833141,-0.4338706
115.079994,5.857053,17.96446,0.20565958
115.1,10.664334,8.02998,0.20565958
115.119995,-22.986637,-4.6284704,-0.114105515
115.14,130.84637,-0.9430991,-0.114105515
115.159996,39.508022,3.7036738,0.20565958
115.18,-13.372073,0.17853576,-0.114105515
115.2,-3.7575107,4.184375,-0.2739881
115.22,34.700745,-15.844818,0.20565958
115.24,49.122585,-48.37222,-0.59375316
115.259995,10.664334,-49.974552,-0.114105515
115.28,-3.7575107,-16.485752,-0.4338706
115.299995,5.857053,-22.73486,0.20565958
115.32,-61.44489,21.810066,-0.114105515
115.34,53.92987,-58.306694,-0.2739881
115.36,-3.7575107,-8.153608,-0.2739881
115.38,-13.372073,-10.076411,-0.4338706
115.399994,20.278896,5.78671,-0.114105515
115.42,-3.7575107,-22.093925,0.20565958
115.439995,10.664334,-24.17696,0.045777034
115.46,-8.564792,-23.69626,0.20565958
115.479996,1.049771,6.1071773,-0.2739881
115.5,1.049771,-7.0319734,-0.114105515
115.52,25.08618,-4.6284704,0.045777034
115.54,25.08618,-23.856495,-0.2739881
115.56,-8.564792,25.335205,0.20565958
115.579994,73.159,-7.993375,0.045777034
115.6,1.049771,15.080256,0.045777034
115.619995,1.049771,2.261572,0.045777034
115.64,-8.564792,-7.5126743,0.20565958
115.659996,1.049771,-17.607388,-0.114105515
115.68,-8.564792,23.893103,0.20565958
115.7,1.049771,-3.1863687,-0.114105515
115.72,10.664334,-8.153608,-0.2739881
115.74,1.049771,-1.4237996,0.20565958
115.759995,-51.830326,-9.435476,0.045777034
115.78,5.857053,-2.0647337,0.20565958
115.799995,-8.564792,-1.7442669,-0.114105515
115.82,25.08618,-15.684585,-0.2739881
115.84,1.049771,-5.7501054,-0.114105515
115.86,-3.7575107,14.439322,-0.114105515
115.88,20.278896,-1.7442669,-0.114105515
115.899994,20.278896,0.018302217,-0.59375316
115.92,-8.564792,-20.01089,-0.114105515
115.939995,1.049771,1.7808713,-0.114105515
115.96,5.857053,8.350447,-0.59375316
115.979996,-13.372073,-12.640147,-0.4338706
116.0,20.278896,17.483759,0.36554214
116.02,10.664334,7.0685787,-0.2739881
116.04,-3.7575107,27.258009,0.045777034
116.06,5.857053,6.7481112,-0.2739881
116.079994,10.664334,-4.3080034,0.045777034
116.1,20.278896,-47.89152,-0.2739881
116.119995,1.049771,-6.711507,-0.114105515
116.14,10.664334,6.4276443,-0.114105515
116.159996,-8.564792,-8.153608,-0.2739881
116.18,1.049771,9.472081,0.20565958
116.2,15.471616,-6.230806,-0.114105515
116.21999,34.700745,-16.485752,-0.4338706
116.24,5.857053,0.17853576,-0.2739881
116.259995,-22.986637,7.0685787,0.045777034
116.28,10.664334,-3.026135,0.20565958
116.299995,-8.564792,-0.46239844,0.045777034
116.32,-8.564792,-7.993375,-0.114105515
116.34,77.96628,-32.5091,0.045777034
116.36,-8.564792,32.866184,-0.114105515
116.38,10.664334,-18.889254,-0.7536357
116.399994,34.700745,-3.827303,-0.114105515
116.42,-8.564792,-7.833141,-0.114105515
116.439995,25.08618,-52.217823,0.045777034
116.46,58.737152,-33.951202,0.20565958
116.479996,15.471616,-18.408554,0.68530726
116.5,-22.986637,-3.9875362,-0.114105515
116.52,29.893461,24.053337,-0.2739881
116.54,5.857053,11.875586,-0.59375316
116.56,5.857053,-16.966454,-0.2739881
116.579994,25.08618,-16.165285,-0.2739881
116.6,-37.40848,1.6206378,0.045777034
116.619995,-3.7575107,-12.31968,-0.2739881
116.64,-3.7575107,-0.14193134,-0.2739881
116.659996,-22.986637,1.3001705,-0.114105515
116.68,-22.986637,2.7422726,-0.2739881
116.7,-13.372073,0.49900287,-0.4338706
116.71999,20.278896,-11.198046,0.68530726
116.74,-32.6012,7.0685787,0.045777034
116.759995,5.857053,1.3001705,-0.114105515
116.78,68.35171,45.52464,-0.2739881
116.799995,-18.179356,-0.30216488,0.20565958
116.82,15.471616,-30.746534,-0.59375316
116.84,44.315308,45.043938,-0.59375316
116.86,29.893461,-5.429638,0.045777034
116.88,-47.023045,-22.895092,0.045777034
116.899994,-3.7575107,7.0685787,-0.114105515
116.92,-66.25217,-24.978128,-0.4338706
116.939995,20.278896,-5.589872,-0.114105515
116.96,15.471616,-12.800381,0.20565958
116.979996,15.471616,-31.707935,-0.2739881
117.0,29.893461,9.792548,0.36554214
117.02,44.315308,19.086096,0.045777034
117.04,15.471616,-5.910339,0.045777034
117.06,10.664334,-23.21556,-0.2739881
117.079994,29.893461,-2.2249672,-0.4338706
117.1,-32.6012,18.284927,-0.114105515
117.119995,68.35171,1.7808713,0.045777034
117.14,25.08618,14.279089,0.20565958
117.159996,-3.7575107,24.694271,0.20565958
117.18,20.278896,6.4276443,0.20565958
117.2,25.08618,-9.59571,-0.114105515
117.21999,-8.564792,-20.812057,-0.2739881
117.24,-8.564792,-0.7828655,0.5254247
117.259995,-51.830326,4.6650753,0.045777034
117.28,-18.179356,2.261572,-0.4338706
117.299995,10.664334,-30.1056,-0.2739881
117.32,-13.372073,8.190214,0.045777034
117.34,44.315308,17.163294,-0.2739881
117.36,5.857053,-4.468237,-0.114105515
117.38,-3.7575107,2.902506,-0.4338706
117.399994,5.857053,-12.960614,-0.114105515
117.42,10.664334,-31.547703,-0.2739881
117.439995,-3.7575107,-7.993375,0.045777034
117.46,-18.179356,2.1013381,-0.2739881
117.479996,-3.7575107,13.477921,-0.4338706
117.5,25.08618,10.27325,0.20565958
117.52,-3.7575107,3.2229733,0.36554214
117.54,5.857053,24.854506,0.36554214
117.56,-27.793919,-3.3466022,0.20565958
117.579994,25.08618,-11.83898,0.5254247
117.6,-8.564792,-10.717345,0.36554214
117.619995,34.700745,-34.59214,-0.2739881
117.64,-22.986637,-26.90093,-0.4338706
117.659996,5.857053,3.0627398,0.20565958
117.68,29.893461,3.5434403,0.36554214
117.7,39.508022,9.151615,-0.114105515
117.71999,5.857053,24.854506,0.68530726
117.74,-13.372073,-1.1033326,0.5254247
117.759995,10.664334,-9.435476,0.20565958
117.78,25.08618,-14.242482,0.045777034
117.799995,34.700745,39.435764,0.8451898
117.82,1.049771,16.682592,-0.114105515
117.84,20.278896,-22.254158,0.045777034
117.86,-32.6012,-7.672908,-0.114105515
117.88,25.08618,-22.574625,0.20565958
117.899994,1.049771,-3.3466022,0.045777034
117.92,10.664334,8.510681,0.045777034
117.939995,5.857053,12.51652,0.045777034
117.96,15.471616,-16.645985,0.36554214
117.979996,-13.372073,-14.883417,0.5254247
118.0,68.35171,-20.49159,0.5254247
118.02,1.049771,-20.651823,-0.4338706
118.04,34.700745,-5.2694044,-0.2739881
118.06,15.471616,-6.8717403,-0.114105515
118.079994,34.700745,-2.385201,0.20565958
118.1,49.122585,-10.717345,0.045777034
118.119995,25.08618,-20.651823,0.20565958
118.14,-32.6012,3.8639073,0.68530726
118.159996,-13.372073,26.45684,0.68530726
118.18,-13.372073,4.3446083,0.5254247
118.2,-3.7575107,-3.1863687,-0.114105515
118.21999,-22.986637,12.196053,0.045777034
118.24,-18.179356,-10.877579,-0.4338706
118.259995,-27.793919,-20.171124,-0.114105515
118.28,29.893461,-17.447153,-0.114105515
118.299995,-8.564792,-4.948938,-0.114105515
118.32,-22.986637,14.759789,0.045777034
118.34,-27.793919,18.605394,0.045777034
118.36,10.664334,10.113016,0.20565958
118.38,1.049771,-31.227234,0.5254247
118.399994,1.049771,-4.14777,0.045777034
118.42,53.92987,10.914185,-0.2739881
118.439995,-8.564792,1.7808713,-0.114105515
118.46,-18.179356,-2.2249672,0.045777034
118.479996,5.857053,20.367966,0.20565958
118.5,1.049771,-24.17696,-0.7536357
118.52,-13.372073,-20.812057,-0.59375316
118.54,-8.564792,-5.2694044,0.20565958
118.56,-8.564792,-24.817896,-0.114105515
118.579994,-18.179356,0.49900287,0.20565958
118.6,-8.564792,-12.960614,0.045777034
118.619995,-27.793919,6.2674108,0.5254247
118.64,20.278896,-14.242482,0.68530726
118.659996,5.857053,-7.833141,0.20565958
118.68,25.08618,21.0089,0.20565958
118.7,-3.7575107,-7.352441,-0.2739881
118.71999,-27.793919,-25.45883,-0.4338706
118.74,15.471616,0.018302217,0.5254247
118.759995,15.471616,-45.968716,0.5254247
118.78,1.049771,8.350447,0.045777034
118.799995,-32.6012,-21.933691,0.045777034
118.82,-22.986637,4.504842,0.36554214
118.84,-37.40848,2.261572,0.045777034
118.86,10.664334,-0.62263197,0.5254247
118.88,-66.25217,39.756226,0.68530726
118.899994,5.857053,15.080256,0.8451898
118.92,25.08618,-5.429638,0.20565958
118.939995,73.159,3.3832066,-0.114105515
118.96,-13.372073,11.875586,0.36554214
118.979996,-27.793919,30.142212,0.68530726
119.0,73.159,-3.026135,-0.114105515
119.02,20.278896,-1.9045002,0.20565958
119.04,25.08618,-9.916177,0.20565958
119.06,5.857053,-3.9875362,0.045777034
119.079994,10.664334,8.991381,0.5254247
119.1,49.122585,18.124695,0.5254247
119.119995,-13.372073,44.883705,0.20565958
119.14,-27.793919,1.7808713,-0.114105515
119.159996,-8.564792,-32.028404,-0.2739881
119.18,29.893461,18.284927,0.20565958
119.2,58.737152,9.151615,0.20565958
119.21999,-56.637608,-14.242482,0.045777034
119.24,1.049771,-0.9430991,-0.114105515
119.259995,34.700745,-11.037811,0.045777034
119.28,15.471616,-32.669334,-0.2739881
119.299995,15.471616,2.4218054,-0.4338706
119.32,39.508022,-1.4237996,-0.114105515
119.34,-3.7575107,11.394884,0.20565958
119.36,25.08618,16.842825,0.20565958
119.38,34.700745,-1.7442669,-0.114105515
119.399994,15.471616,1.4604042,-0.2739881
119.42,-32.6012,-1.4237996,-0.114105515
119.439995,1.049771,6.7481112,0.045777034
119.46,-8.564792,9.952783,0.68530726
119.479996,20.278896,-0.62263197,-0.2739881
119.5,20.278896,3.3832066,0.20565958
119.52,20.278896,-18.408554,-0.114105515
119.54,-8.564792,6.5878778,-0.114105515
119.56,5.857053,-28.022566,-0.2739881
119.579994,1.049771,-11.83898,0.045777034
119.6,-3.7575107,34.78899,0.20565958
119.619995,5.857053,5.3060093,0.20565958
119.64,-13.372073,4.504842,-0.59375316
119.659996,10.664334,-11.037811,-0.4338706
119.68,20.278896,0.6592364,0.20565958
119.7,-51.830326,5.6264763,0.5254247
119.71999,-3.7575107,-45.64825,-0.114105515
119.74,68.35171,-2.8659017,0.045777034
119.759995,1.049771,-18.408554,-0.114105515
119.78,-3.7575107,0.33876932,-0.114105515
119.799995,-27.793919,15.881425,0.045777034
119.82,-13.372073,-2.2249672,0.20565958
119.84,-18.179356,-21.132523,0.20565958
119.86,-18.179356,-41.802643,-0.114105515
119.88,39.508022,-19.850657,-0.4338706
119.899994,39.508022,-10.557112,-0.114105515
119.92,1.049771,-27.2214,-0.7536357
119.939995,-37.40848,27.738708,0.20565958
119.96,5.857053,11.875586,0.045777034
119.979996,-22.986637,8.350447,-0.2739881
120.0,-27.793919,-8.474075,-0.4338706
120.02,10.664334,-15.04365,-0.59375316
120.04,25.08618,26.136374,0.68530726
120.06,44.315308,3.7036738,0.045777034
120.079994,-27.793919,-10.877579,0.045777034
120.1,10.664334,18.605394,0.20565958
120.119995,20.278896,11.715352,-0.2739881
120.14,-8.564792,16.842825,-1.0734009
120.159996,34.700745,1.6206378,-0.114105515
120.18,15.471616,-28.823734,-0.2739881
120.2,49.122585,-40.68101,-0.4338706
120.21999,20.278896,-5.2694044,-0.9135183
120.24,25.08618,20.047497,-0.7536357
120.259995,15.471616,3.5434403,-0.114105515
120.28,-32.6012,30.783146,-0.114105515
120.299995,25.08618,-15.524351,-0.4338706
120.32,1.049771,-9.755944,-0.59375316
120.34,20.278896,-12.640147,-0.59375316
120.36,-13.372073,-44.68685,-0.9135183
120.38,-13.372073,-25.619062,-0.2739881
120.399994,1.049771,-16.485752,-0.2739881
120.42,-3.7575107,0.17853576,-1.0734009
120.439995,-27.793919,11.074417,-0.2739881
120.46,-13.372073,-10.717345,-0.59375316
120.479996,-22.986637,21.9703,0.20565958
120.5,-8.564792,17.483759,-0.2739881
120.52,-42.215763,1.139937,0.5254247
120.54,5.857053,-3.3466022,0.20565958
120.56,29.893461,-3.026135,-0.59375316
120.579994,-27.793919,24.534037,-0.4338706
120.6,-3.7575107,27.738708,-0.7536357
120.619995,10.664334,-0.14193134,-0.2739881
120.64,-32.6012,20.367966,-0.4338706
120.659996,10.664334,9.311849,-0.2739881
120.68,-61.44489,12.676753,0.045777034
120.7,-3.7575107,21.169132,-0.4338706
120.71999,20.278896,14.1188545,-0.2739881
120.74,10.664334,-31.387466,-0.2739881
120.759995,20.278896,-24.657661,0.5254247
120.78,73.159,22.290768,0.20565958
120.799995,-18.179356,-2.8659017,-0.7536357
120.82,5.857053,24.534037,0.045777034
120.84,25.08618,-28.182798,-0.9135183
120.86,10.664334,5.6264763,-0.2739881
120.88,15.471616,-11.518513,0.5254247
120.899994,1.049771,-3.026135,0.20565958
120.92,15.471616,31.904783,0.20565958
120.939995,-8.564792,-12.31968,0.045777034
120.96,5.857053,-21.452991,0.045777034
120.979996,-13.372073,-47.09035,-0.4338706
121.0,5.857053,-11.678746,-0.114105515
121.02,-27.793919,17.804228,0.045777034
121.04,34.700745,30.94338,0.5254247
121.06,-18.179356,25.014738,0.045777034
121.079994,10.664334,-1.7442669,0.045777034
121.1,20.278896,9.311849,-0.4338706
121.119995,10.664334,16.842825,-0.2739881
121.14,-27.793919,21.810066,0.36554214
121.159996,1.049771,-14.883417,-0.7536357
121.18,1.049771,-15.364117,-0.4338706
121.2,-8.564792,2.5820389,0.20565958
121.21999,20.278896,-12.31968,-0.2739881
121.24,-37.40848,42.4802,0.8451898
121.259995,5.857053,-17.927853,-0.4338706
121.28,15.471616,6.7481112,-0.2739881
121.299995,15.471616,17.163294,-0.59375316
121.32,58.737152,-31.227234,-0.7536357
121.34,1.049771,-32.028404,-0.7536357
121.36,44.315308,-6.8717403,-0.59375316
121.38,-42.215763,-9.275244,-0.4338706
121.399994,1.049771,-4.948938,-0.2739881
121.42,1.049771,5.78671,-0.2739881
121.439995,-22.986637,4.504842,-0.2739881
121.46,25.08618,-27.061165,0.045777034
121.479996,15.471616,-2.0647337,-0.4338706
121.5,-8.564792,-34.431904,-0.59375316
121.52,5.857053,2.902506,-0.59375316
121.54,53.92987,34.78899,-0.114105515
121.56,1.049771,3.5434403,-0.2739881
121.579994,-8.564792,-11.037811,-0.59375316
121.6,-27.793919,8.350447,-0.2739881
121.619995,-8.564792,7.8697467,-0.114105515
121.64,-22.986637,23.572638,0.045777034
121.659996,10.664334,-10.236644,-0.7536357
121.68,-22.986637,-1.5840333,0.045777034
121.7,15.471616,-8.954777,-0.59375316
121.71999,1.049771,26.93754,-0.114105515
121.74,-18.179356,18.445162,-0.114105515
121.759995,-3.7575107,-22.73486,-0.7536357
121.78,-8.564792,-9.435476,-0.4338706
121.799995,34.700745,30.46268,0.20565958
121.82,5.857053,-6.711507,0.20565958
121.84,20.278896,8.190214,-0.114105515
121.86,-42.215763,-5.2694044,-0.2739881
121.88,1.049771,-3.5068357,-0.114105515
121.899994,68.35171,-3.5068357,0.045777034
121.92,-8.564792,-1.4237996,0.20565958
121.939995,-8.564792,-10.076411,-0.4338706
121.96,-61.44489,5.78671,-0.4338706
121.979996,-22.986637,-17.76762,-0.114105515
122.0,-3.7575107,-13.281082,-0.59375316
122.02,68.35171,-15.04365,-0.59375316
122.04,-18.179356,-7.192207,0.045777034
122.06,-8.564792,-20.812057,-0.4338706
122.079994,49.122585,-13.441315,0.36554214
122.1,-3.7575107,28.700111,-0.114105515
122.119995,-32.6012,3.5434403,0.36554214
122.14,-22.986637,-49.333622,-0.4338706
122.159996,-27.793919,-14.242482,0.045777034
122.18,-18.179356,-22.093925,-0.7536357
122.2,-42.215763,18.445162,0.045777034
122.21999,1.049771,20.207731,0.045777034
122.24,-27.793919,-19.049488,-0.2739881
122.259995,-18.179356,-2.0647337,0.045777034
122.28,-18.179356,5.3060093,-0.59375316
122.299995,-8.564792,6.908345,0.045777034
122.32,-42.215763,9.632316,0.045777034
122.34,-37.40848,-16.80622,-0.2739881
122.36,-8.564792,2.1013381,-0.2739881
122.38,44.315308,17.483759,-0.7536357
122.399994,29.893461,8.510681,0.045777034
122.42,20.278896,-9.115009,-0.114105515
122.439995,-3.7575107,-0.46239844,0.045777034
122.46,-3.7575107,9.151615,-0.2739881
122.479996,-13.372073,4.184375,-0.59375316
122.5,39.508022,-19.690422,0.045777034
122.52,1.049771,-39.23891,0.045777034
122.54,44.315308,-15.04365,-0.114105515
122.56,-66.25217,3.2229733,-0.114105515
122.579994,-8.564792,-0.14193134,-0.2739881
122.6,1.049771,-10.236644,-0.4338706
122.619995,15.471616,-30.426067,-0.114105515
122.64,1.049771,-2.0647337,0.36554214
122.659996,58.737152,-7.993375,0.36554214
122.68,-3.7575107,28.379642,0.5254247
122.7,-3.7575107,-2.0647337,0.8451898
122.71999,10.664334,-27.061165,0.045777034
122.74,-8.564792,-5.2694044,0.20565958
122.759995,44.315308,-14.242482,-0.2739881
122.78,10.664334,19.566797,-0.114105515
122.799995,25.08618,-9.275244,-0.2739881
122.82,-3.7575107,6.5878778,0.20565958
122.84,25.08618,-4.468237,0.20565958
122.86,5.857053,-35.233074,0.045777034
122.88,1.049771,-13.281082,0.20565958
122.899994,-13.372073,-21.132523,-0.114105515
122.92,-13.372073,25.174973,0.20565958
122.939995,-47.023045,-2.2249672,0.045777034
122.96,-18.179356,3.7036738,0.20565958
122.979996,1.049771,-41.48218,-0.7536357
123.0,-27.793919,-11.518513,-0.7536357
123.02,25.08618,-24.016727,-0.7536357
123.04,1.049771,10.433483,-0.114105515
123.06,-18.179356,21.329365,0.5254247
123.079994,-3.7575107,-5.589872,0.8451898
123.1,5.857053,-10.236644,0.36554214
123.119995,-8.564792,-12.479914,0.8451898
123.14,10.664334,-26.42023,0.045777034
123.159996,34.700745,-6.230806,0.20565958
123.18,5.857053,15.400723,0.5254247
123.2,15.471616,-3.1863687,-0.114105515
123.21999,15.471616,-1.9045002,0.20565958
123.24,-8.564792,-16.80622,0.045777034
123.259995,15.471616,21.169132,0.20565958
123.28,25.08618,33.50712,0.36554214
123.299995,44.315308,-1.4237996,0.68530726
123.32,29.893461,-0.30216488,0.68530726
123.34,-22.986637,-43.88568,0.045777034
123.36,-8.564792,-0.30216488,0.5254247
123.38,10.664334,-11.358279,0.5254247
123.399994,44.315308,17.96446,0.20565958
123.42,-18.179356,2.902506,-0.2739881
123.439995,25.08618,-8.153608,-0.114105515
123.46,10.664334,-10.557112,-0.114105515
123.479996,-13.372073,-3.026135,0.20565958
123.5,-13.372073,-8.634309,0.36554214
123.52,1.049771,-13.761782,-0.114105515
123.54,15.471616,-24.978128,-0.9135183
123.56,-13.372073,-6.5512733,0.36554214
123.579994,-8.564792,-4.7887044,-0.2739881
123.6,1.049771,-14.883417,-0.114105515
123.619995,-27.793919,-44.045914,-0.114105515
123.64,1.049771,4.825309,0.20565958
123.659996,-8.564792,16.52236,0.68530726
123.68,-3.7575107,20.848665,0.5254247
123.7,1.049771,-23.055326,0.36554214
123.71999,34.700745,-15.364117,-0.114105515
123.74,-27.793919,-6.5512733,0.045777034
123.759995,34.700745,22.130533,0.045777034
123.78,15.471616,8.510681,0.5254247
123.799995,-13.372073,-35.71377,-0.114105515
123.82,-32.6012,-17.607388,-0.59375316
123.84,-18.179356,-3.3466022,0.5254247
123.86,-8.564792,9.472081,0.36554214
123.88,-3.7575107,4.3446083,-0.114105515
123.899994,15.471616,10.75395,-0.2739881
123.92,10.664334,-23.055326,0.045777034
123.939995,1.049771,-5.1091714,0.20565958
123.96,44.315308,-7.672908,0.045777034
123.979996,-8.564792,37.352726,0.36554214
124.0,10.664334,-6.711507,-0.2739881
124.02,-32.6012,14.920023,-0.114105515
124.04,-8.564792,-0.30216488,0.045777034
124.06,15.471616,-28.343033,-0.9135183
124.079994,-32.6012,16.362125,-0.2739881
124.1,39.508022,-14.883417,-0.2739881
124.119995,-13.372073,-17.447153,-0.114105515
124.14,34.700745,3.7036738,-0.114105515
124.159996,39.508022,-38.27751,-0.4338706
124.18,15.471616,33.66735,-0.7536357
124.2,-3.7575107,1.7808713,-0.4338706
124.21999,-18.179356,-36.03424,-0.59375316
124.24,-8.564792,-8.634309,-0.4338706
124.259995,44.315308,23.732868,-0.2739881
124.28,-13.372073,-3.827303,-0.114105515
124.299995,10.664334,-3.827303,-0.114105515
124.32,-27.793919,11.074417,0.045777034
124.34,-8.564792,-16.485752,0.20565958
124.36,39.508022,35.91062,-0.2739881
124.38,-3.7575107,37.67319,0.20565958
124.399994,-13.372073,15.881425,0.36554214
124.42,15.471616,7.3890457,-0.114105515
124.439995,-61.44489,24.854506,-0.4338706
124.46,25.08618,12.51652,-0.7536357
124.479996,-3.7575107,15.881425,-0.2739881
124.5,10.664334,36.872025,0.36554214
124.52,1.049771,17.163294,0.5254247
124.54,82.77356,-21.452991,0.36554214
124.56,-8.564792,11.555119,-0.2739881
124.579994,34.700745,-16.80622,-0.2739881
124.6,10.664334,-1.7442669,-0.114105515
124.619995,97.195404,8.670914,-0.4338706
124.64,-47.023045,18.925863,0.045777034
124.659996,15.471616,10.593717,-0.4338706
124.68,-13.372073,3.8639073,-0.114105515
124.7,-27.793919,6.2674108,0.045777034
124.71999,1.049771,-9.916177,-0.2739881
124.74,58.737152,-8.634309,-0.114105515
124.759995,-3.7575107,-2.8659017,-0.2739881
124.78,10.664334,-27.061165,-0.114105515
124.799995,63.54443,9.792548,-0.114105515
124.82,15.471616,26.777308,0.36554214
124.84,-3.7575107,-0.14193134,-0.4338706
124.86,5.857053,10.593717,-0.114105515
124.88,-27.793919,-5.429638,0.045777034
124.899994,44.315308,-7.352441,-0.4338706
124.92,-13.372073,2.1013381,0.20565958
124.939995,-18.179356,29.661512,-0.2739881
124.96,-22.986637,-12.640147,0.045777034
124.979996,15.471616,-5.7501054,-0.114105515
125.0,15.471616,12.51652,-0.114105515
125.02,-22.986637,-12.960614,-0.114105515
125.04,5.857053,2.261572,0.045777034
125.06,10.664334,0.9797035,-0.114105515
125.079994,5.857053,5.9469438,-0.2739881
125.1,-8.564792,-27.2214,-0.4338706
125.119995,5.857053,-16.325518,-0.2739881
125.14,20.278896,-24.978128,0.045777034
125.159996,5.857053,-1.9045002,0.20565958
125.18,-8.564792,12.196053,0.8451898
125.2,20.278896,11.234652,0.045777034
125.21999,-8.564792,-38.597977,-0.4338706
125.24,68.35171,-15.844818,0.5254247
125.259995,15.471616,-29.1442,0.5254247
125.28,10.664334,-4.6284704,0.5254247
125.299995,20.278896,66.99594,0.5254247
125.32,34.700745,-12.31968,0.045777034
125.34,5.857053,36.872025,0.045777034
125.36,-13.372073,23.572638,0.36554214
125.38,10.664334,-8.474075,0.045777034
125.399994,-3.7575107,12.51652,0.36554214
125.42,1.049771,-12.31968,-0.114105515
125.439995,10.664334,25.335205,0.20565958
125.46,-22.986637,-13.922015,0.20565958
125.479996,-8.564792,-19.209723,0.36554214
125.5,1.049771,-38.597977,0.5254247
125.52,-61.44489,-5.7501054,0.045777034
125.54,-8.564792,18.284927,0.20565958
125.56,-8.564792,16.842825,0.20565958
125.579994,25.08618,24.534037,0.045777034
125.6,10.664334,-8.794542,-0.4338706
125.619995,49.122585,8.350447,-0.2739881
125.64,-18.179356,-16.165285,-0.59375316
125.659996,-8.564792,-0.9430991,0.045777034
125.68,-22.986637,-18.408554,0.045777034
125.7,-27.793919,-15.364117,-0.4338706
125.71999,5.857053,-6.230806,-0.2739881
125.74,29.893461,-31.227234,-0.4338706
125.759995,44.315308,4.6650753,-0.7536357
125.78,44.315308,-0.30216488,-0.4338706
125.799995,-22.986637,9.952783,0.045777034
125.82,-8.564792,-5.7501054,0.20565958
125.84,-3.7575107,-11.678746,0.68530726
125.86,10.664334,8.350447,0.20565958
125.88,73.159,31.103615,0.5254247
125.899994,-13.372073,-19.530188,-0.2739881
125.92,-32.6012,2.7422726,-0.114105515
125.939995,5.857053,-10.557112,-0.4338706
125.96,-27.793919,-3.9875362,0.045777034
125.979996,-37.40848,-54.621323,-0.2739881
126.0,5.857053,-9.435476,-0.2739881
126.02,-47.023045,4.184375,0.045777034
126.04,20.278896,-19.369957,-0.114105515
126.06,25.08618,-8.794542,0.045777034
126.079994,10.664334,-21.452991,0.20565958
126.1,15.471616,-16.485752,-0.4338706
126.119995,1.049771,2.7422726,0.20565958
126.14,15.471616,26.136374,0.5254247
126.159996,10.664334,1.3001705,0.20565958
126.18,29.893461,-19.209723,-0.4338706
126.2,-13.372073,11.875586,0.20565958
126.21999,-18.179356,20.367966,0.68530726
126.24,1.049771,14.920023,0.20565958
126.259995,15.471616,-8.634309,0.36554214
126.28,5.857053,-1.4237996,0.68530726
126.299995,29.893461,2.5820389,-0.114105515
126.32,-27.793919,25.815907,0.045777034
126.34,-42.215763,-0.46239844,-0.114105515
126.36,15.471616,-9.916177,-0.2739881
126.38,53.92987,-7.5126743,0.20565958
126.399994,1.049771,-9.115009,0.20565958
126.42,68.35171,-11.999213,0.045777034
126.439995,25.08618,1.6206378,0.5254247
126.46,5.857053,-1.9045002,0.68530726
126.479996,20.278896,-15.844818,0.045777034
126.5,-13.372073,1.3001705,0.20565958
126.52,-18.179356,-11.999213,0.045777034
126.54,15.471616,11.555119,-0.114105515
126.56,29.893461,-19.690422,-0.2739881
126.579994,-3.7575107,-8.954777,-0.114105515
126.6,29.893461,5.3060093,0.5254247
126.619995,-18.179356,-8.474075,0.36554214
126.64,25.08618,3.5434403,0.045777034
126.659996,29.893461,-10.877579,-0.2739881
126.68,-8.564792,38.153893,0.5254247
126.7,-37.40848,-53.339455,0.5254247
126.71999,10.664334,-9.435476,0.20565958
126.74,-13.372073,46.806507,-0.2739881
126.759995,-13.372073,7.228812,0.20565958
126.78,1.049771,5.78671,-0.114105515
126.799995,68.35171,-13.761782,-0.2739881
126.82,-3.7575107,-3.5068357,-0.4338706
126.84,25.08618,3.7036738,-0.114105515
126.86,-8.564792,-12.479914,0.5254247
126.88,25.08618,-2.385201,0.20565958
126.899994,58.737152,-43.40498,-0.7536357
126.92,15.471616,-15.04365,0.20565958
126.939995,-18.179356,-6.711507,-0.2739881
126.96,1.049771,10.27325,0.20565958
126.979996,10.664334,-8.634309,-0.114105515
127.0,5.857053,-3.026135,0.20565958
127.02,-13.372073,17.643993,0.20565958
127.04,10.664334,5.466243,-0.2739881
127.06,1.049771,-1.5840333,0.20565958
127.079994,20.278896,-28.022566,0.045777034
127.1,-13.372073,-29.1442,0.36554214
127.119995,-27.793919,-11.83898,0.5254247
127.14,15.471616,5.9469438,0.68530726
127.159996,5.857053,-0.14193134,-0.2739881
127.18,-32.6012,34.148052,0.68530726
127.2,10.664334,-10.717345,0.045777034
127.21999,10.664334,17.323528,0.68530726
127.24,1.049771,32.866184,-0.114105515
127.259995,20.278896,7.8697467,0.20565958
127.28,5.857053,-2.2249672,0.20565958
127.299995,34.700745,-0.14193134,0.045777034
127.32,58.737152,-6.711507,-0.114105515
127.34,10.664334,6.5878778,-0.114105515
127.36,-18.179356,7.3890457,0.045777034
127.38,-8.564792,-4.6284704,-0.114105515
127.399994,1.049771,9.632316,0.36554214
127.42,-3.7575107,-14.08225,0.20565958
127.439995,5.857053,6.5878778,0.36554214
127.46,-32.6012,12.356286,0.36554214
127.479996,5.857053,20.68843,0.36554214
127.5,-3.7575107,-18.088087,-0.114105515
127.52,10.664334,-9.755944,0.045777034
127.54,-32.6012,-9.275244,0.20565958
127.56,-3.7575107,-45.808483,-0.59375316
127.579994,-27.793919,-10.396878,-0.114105515
127.6,-27.793919,1.7808713,-0.2739881
127.619995,15.471616,-16.966454,-0.59375316
127.64,15.471616,-20.331356,-0.4338706
127.659996,63.54443,-31.387466,-0.59375316
127.68,-37.40848,0.49900287,0.20565958
127.7,-56.637608,0.81947,0.20565958
127.71999,-8.564792,-6.3910394,0.5254247
127.74,-22.986637,-15.844818,-0.114105515
127.759995,1.049771,-1.2635663,-0.2739881
127.78,-3.7575107,5.9469438,-0.2739881
127.799995,-3.7575107,-20.01089,-0.59375316
127.82,-27.793919,-15.04365,-0.7536357
127.84,10.664334,-1.7442669,-0.9135183
127.86,-22.986637,-13.281082,-0.59375316
127.88,-3.7575107,5.78671,-0.4338706
127.899994,-71.05945,-18.568789,0.045777034
127.92,5.857053,-12.640147,-0.59375316
127.939995,-42.215763,35.590153,-0.114105515
127.96,-13.372073,-1.1033326,-0.2739881
127.979996,-8.564792,-16.485752,-0.9135183
128.0,-3.7575107,-1.1033326,-0.59375316
128.02,29.893461,-11.83898,0.20565958
128.04,58.737152,-9.916177,-0.4338706
128.06,10.664334,-21.292757,0.36554214
128.08,20.278896,-28.022566,-0.2739881
128.09999,-18.179356,-17.76762,-0.59375316
128.12,5.857053,-0.62263197,-0.114105515
128.14,58.737152,-44.045914,0.36554214
128.16,15.471616,-19.049488,0.20565958
128.18,-13.372073,-22.895092,0.045777034
128.2,-18.179356,12.51652,0.045777034
128.22,25.08618,16.52236,-0.2739881
128.23999,1.049771,3.3832066,0.20565958
128.26,5.857053,4.184375,0.5254247
128.28,25.08618,-9.755944,0.045777034
128.3,10.664334,-34.111435,0.045777034
128.31999,15.471616,17.483759,0.20565958
128.34,-37.40848,-8.634309,-0.59375316
128.36,20.278896,20.528198,-0.2739881
128.37999,-13.372073,-15.844818,-0.114105515
128.4,-37.40848,-21.452991,0.045777034
128.42,-3.7575107,9.311849,0.20565958
128.44,10.664334,-5.589872,0.20565958
128.45999,-3.7575107,11.875586,0.20565958
128.48,-13.372073,-12.31968,-0.4338706
128.5,10.664334,-14.883417,-0.4338706
128.52,20.278896,-17.927853,-0.2739881
128.54,68.35171,8.02998,-0.4338706
128.56,-18.179356,7.709513,-0.114105515
128.58,-18.179356,-3.6670694,-0.114105515
128.59999,10.664334,5.3060093,0.20565958
128.62,-3.7575107,-7.352441,0.20565958
128.64,-37.40848,-5.7501054,-0.114105515
128.66,-22.986637,0.17853576,0.045777034
128.68,-3.7575107,30.783146,0.045777034
128.7,-22.986637,-31.227234,-0.59375316
128.72,29.893461,-21.132523,-0.7536357
128.73999,-8.564792,-28.983965,-0.59375316
128.76,5.857053,-6.0705724,-0.2739881
128.78,-13.372073,-0.46239844,-0.2739881
128.8,5.857053,4.9855423,0.20565958
128.81999,10.664334,-7.5126743,-0.114105515
128.84,-3.7575107,-5.589872,-0.4338706
128.86,-13.372073,-30.1056,0.045777034
128.87999,-22.986637,-5.429638,-0.114105515
128.9,10.664334,8.991381,-0.114105515
128.92,34.700745,53.05562,0.045777034
128.94,25.08618,17.643993,0.20565958
128.95999,39.508022,10.593717,-0.114105515
128.98,-22.986637,-10.236644,-0.114105515
129.0,-13.372073,-7.993375,0.5254247
129.02,1.049771,-20.972292,0.36554214
129.04,-8.564792,-9.916177,-0.114105515
129.06,-3.7575107,15.560958,-0.4338706
129.08,20.278896,5.145776,0.045777034
129.09999,20.278896,-7.352441,0.045777034
129.12,10.664334,-9.435476,0.20565958
129.14,-8.564792,12.99722,-0.2739881
129.16,25.08618,1.139937,-0.2739881
129.18,63.54443,5.145776,-0.9135183
129.2,1.049771,-7.0319734,0.20565958
129.22,-27.793919,3.5434403,0.20565958
129.23999,1.049771,0.81947,0.045777034
129.26,-8.564792,-25.779295,-0.114105515
129.28,-27.793919,-22.093925,0.045777034
129.3,20.278896,-5.2694044,-0.114105515
129.31999,34.700745,32.22525,0.20565958
129.34,53.92987,49.21001,0.20565958
129.36,49.122585,-6.711507,0.045777034
129.37999,-32.6012,57.54216,0.36554214
129.4,20.278896,21.0089,0.5254247
129.42,-8.564792,24.213572,0.36554214
129.44,1.049771,-10.396878,0.045777034
129.45999,-8.564792,2.261572,-0.114105515
129.48,-13.372073,-5.2694044,0.045777034
129.5,20.278896,-5.429638,-0.114105515
129.52,34.700745,22.130533,-0.59375316
129.54,73.159,-4.7887044,-0.9135183
129.56,25.08618,-5.589872,0.045777034
129.58,10.664334,-8.794542,-0.2739881
129.59999,-13.372073,-1.5840333,0.20565958
129.62,29.893461,21.329365,0.20565958
129.64,-47.023045,23.252169,0.20565958
129.66,25.08618,-20.171124,-0.59375316
129.68,10.664334,-16.165285,-0.59375316
129.7,-18.179356,-8.794542,0.20565958
129.72,-8.564792,-11.358279,-0.114105515
129.73999,-8.564792,-7.352441,-0.2739881
129.76,-3.7575107,-28.823734,-0.2739881
129.78,1.049771,1.4604042,-0.59375316
129.8,58.737152,-20.651823,-0.2739881
129.81999,10.664334,5.6264763,-0.114105515
129.84,-22.986637,6.2674108,0.5254247
129.86,5.857053,-35.55354,0.20565958
129.87999,-27.793919,7.228812,0.68530726
129.9,49.122585,-28.182798,0.68530726
129.92,29.893461,-3.5068357,0.045777034
129.94,49.122585,-12.159447,0.20565958
129.95999,10.664334,-20.49159,0.20565958
129.98,1.049771,16.842825,0.20565958
130.0,20.278896,9.792548,0.20565958
130.02,39.508022,-14.883417,0.045777034
130.04,25.08618,26.777308,0.8451898
130.06,10.664334,-6.711507,0.5254247
130.08,5.857053,26.777308,0.20565958
130.09999,1.049771,6.5878778,0.20565958
130.12,15.471616,9.151615,0.5254247
130.14,29.893461,22.130533,0.045777034
130.16,68.35171,-0.14193134,0.045777034
130.18,25.08618,-16.325518,0.36554214
130.2,5.857053,-17.447153,0.36554214
130.22,-8.564792,3.5434403,0.20565958
130.23999,-22.986637,-8.474075,0.20565958
130.26,1.049771,-24.497427,0.045777034
130.28,-51.830326,-8.954777,0.5254247
130.3,29.893461,-17.126686,1.3248374
130.31999,53.92987,-8.474075,0.5254247
130.34,-22.986637,-3.6670694,0.20565958
130.36,25.08618,-7.833141,0.20565958
130.37999,25.08618,-19.850657,0.20565958
130.4,5.857053,-2.0647337,-0.114105515
130.42,10.664334,3.2229733,0.20565958
130.44,29.893461,-32.669334,0.045777034
130.45999,-47.023045,0.17853576,0.20565958
130.48,-42.215763,8.670914,0.36554214
130.5,20.278896,24.053337,0.045777034
130.52,-56.637608,-8.313842,-0.114105515
130.54,-32.6012,10.914185,0.68530726
130.56,39.508022,2.261572,0.5254247
130.58,15.471616,25.815907,0.5254247
130.59999,-37.40848,-6.230806,-0.2739881
130.62,15.471616,7.549279,-0.2739881
130.64,49.122585,4.6650753,0.045777034
130.66,-3.7575107,-9.435476,0.045777034
130.68,10.664334,-30.265835,-0.2739881
130.7,25.08618,-6.5512733,-0.2739881
130.72,5.857053,28.860344,0.20565958
130.73999,20.278896,-0.30216488,-0.2739881
130.76,1.049771,-4.948938,0.045777034
130.78,10.664334,-1.4237996,0.5254247
130.8,-3.7575107,15.24049,0.5254247
130.81999,5.857053,10.593717,0.36554214
130.84,5.857053,1.7808713,0.20565958
130.86,10.664334,-18.568789,0.045777034
130.87999,-22.986637,-51.57689,-0.2739881
130.9,10.664334,15.881425,0.36554214
130.92,10.664334,0.018302217,0.20565958
130.94,5.857053,25.976141,0.045777034
130.95999,-22.986637,-8.313842,0.5254247
130.98,10.664334,-13.761782,-0.2739881
131.0,34.700745,54.978424,0.20565958
131.02,34.700745,-4.6284704,-0.114105515
131.04,20.278896,-15.203884,0.5254247
131.06,20.278896,-15.684585,0.045777034
131.08,49.122585,37.19249,0.20565958
131.09999,15.471616,-1.5840333,-0.4338706
131.12,15.471616,25.815907,-0.114105515
131.14,20.278896,8.991381,0.20565958
131.16,15.471616,-8.634309,0.5254247
131.18,1.049771,4.184375,0.5254247
131.2,10.664334,-0.14193134,0.20565958
131.22,10.664334,-10.717345,0.20565958
131.23999,39.508022,-3.026135,0.5254247
131.26,29.893461,31.424084,0.68530726
131.28,1.049771,-45.007313,0.045777034
131.3,34.700745,-16.966454,-0.114105515
131.31999,-42.215763,6.7481112,0.045777034
131.34,-22.986637,16.362125,0.20565958
131.36,20.278896,6.7481112,0.36554214
131.37999,1.049771,-32.989803,0.8451898
131.4,-8.564792,-23.375792,0.5254247
131.42,25.08618,-28.6635,0.045777034
131.44,39.508022,-34.752373,0.5254247
131.45999,-13.372073,-10.717345,0.045777034
131.48,25.08618,8.02998,0.045777034
131.5,44.315308,-23.21556,0.36554214
131.52,15.471616,-11.518513,0.20565958
131.54,-3.7575107,16.041658,0.68530726
131.56,29.893461,2.902506,0.36554214
131.58,-71.05945,12.99722,0.36554214
131.59999,20.278896,-1.4237996,0.20565958
131.62,-22.986637,9.632316,0.20565958
131.64,5.857053,-9.275244,0.045777034
131.66,-71.05945,-10.717345,0.045777034
131.68,-8.564792,14.439322,0.045777034
131.7,-18.179356,-0.9430991,0.20565958
131.72,29.893461,-0.46239844,0.045777034
131.73999,-13.372073,-17.126686,0.20565958
131.76,-8.564792,-5.589872,-0.114105515
131.78,-3.7575107,0.9797035,0.68530726
131.8,63.54443,8.350447,0.8451898
131.81999,-18.179356,1.6206378,0.5254247
131.84,-61.44489,-11.358279,0.045777034
131.86,-32.6012,15.24049,0.045777034
131.87999,1.049771,2.902506,-0.114105515
131.9,-3.7575107,-0.9430991,0.5254247
131.92,25.08618,28.539877,0.045777034
131.94,25.08618,-21.613226,-0.4338706
131.95999,25.08618,28.379642,-0.114105515
131.98,-8.564792,17.643993,0.20565958
132.0,20.278896,-10.717345,0.5254247
132.02,5.857053,-12.31968,0.68530726
132.04,5.857053,-7.993375,0.045777034
132.06,44.315308,-19.209723,0.045777034
132.08,25.08618,0.49900287,0.20565958
132.09999,-22.986637,26.45684,0.8451898
132.12,29.893461,-3.6670694,0.045777034
132.14,10.664334,29.98198,-0.2739881
132.16,-51.830326,-21.132523,0.20565958
132.18,10.664334,-16.165285,0.045777034
132.2,-3.7575107,-3.026135,0.8451898
132.22,1.049771,27.097775,0.68530726
132.23999,10.664334,-26.90093,0.045777034
132.26,-51.830326,-30.746534,-0.114105515
132.28,-18.179356,-34.431904,0.5254247
132.3,39.508022,-2.8659017,0.36554214
132.31999,15.471616,27.898943,0.045777034
132.34,-42.215763,-10.717345,-0.114105515
132.36,-3.7575107,-27.38163,-0.2739881
132.37999,-8.564792,13.317687,0.20565958
132.4,1.049771,9.151615,0.20565958
132.42,15.471616,-1.2635663,0.045777034
132.44,44.315308,16.362125,0.5254247
132.45999,34.700745,-33.150036,0.20565958
132.48,5.857053,-11.999213,0.5254247
132.5,-8.564792,2.7422726,0.045777034
132.52,29.893461,31.103615,0.5254247
132.54,-8.564792,17.483759,0.045777034
132.56,10.664334,-23.21556,0.045777034
132.58,5.857053,23.732868,0.20565958
132.59999,20.278896,-6.230806,-0.114105515
132.62,25.08618,43.922302,0.045777034
132.64,25.08618,-6.5512733,0.045777034
132.66,-3.7575107,-36.835407,-0.114105515
132.68,-3.7575107,33.186653,0.5254247
132.7,1.049771,-7.0319734,0.20565958
132.72,1.049771,1.7808713,-0.2739881
132.73999,10.664334,-1.4237996,-0.2739881
132.76,-3.7575107,7.228812,0.20565958
132.78,-22.986637,4.9855423,-0.2739881
132.8,-22.986637,-24.17696,-0.59375316
132.81999,-3.7575107,32.70595,0.36554214
132.84,-3.7575107,-19.690422,0.20565958
132.86,58.737152,10.75395,0.36554214
132.87999,5.857053,-6.3910394,0.36554214
132.9,15.471616,-32.669334,-0.4338706
132.92,15.471616,-7.192207,-0.2739881
132.94,34.700745,-18.729021,-0.4338706
132.95999,63.54443,-8.634309,0.20565958
132.98,-3.7575107,28.059177,0.045777034
133.0,-8.564792,2.7422726,0.045777034
133.02,15.471616,-17.76762,-0.2739881
133.04,20.278896,-9.916177,0.20565958
133.06,5.857053,-3.9875362,0.045777034
133.08,-22.986637,27.578474,0.20565958
133.09999,-3.7575107,-20.812057,-0.2739881
133.12,1.049771,34.628754,0.20565958
133.14,-32.6012,-5.1091714,-0.4338706
133.16,-8.564792,5.145776,-0.2739881
133.18,20.278896,-5.2694044,0.045777034
133.2,-8.564792,-45.007313,-0.114105515
133.22,-51.830326,8.831148,0.045777034
133.23999,5.857053,14.279089,-0.114105515
133.26,34.700745,-2.8659017,-0.59375316
133.28,5.857053,-8.954777,-0.9135183
133.3,-18.179356,-9.435476,-1.0734009
133.31999,-51.830326,-14.08225,-0.2739881
133.34,-32.6012,5.6264763,-0.114105515
133.36,-13.372073,-4.468237,0.36554214
133.37999,15.471616,-14.402717,-0.59375316
133.4,1.049771,-3.026135,-0.4338706
133.42,29.893461,-48.53245,-0.4338706
133.44,-13.372073,-4.468237,-0.59375316
133.45999,29.893461,9.632316,-0.4338706
133.48,-18.179356,3.3832066,-0.2739881
133.5,-8.564792,-11.999213,0.045777034
133.52,10.664334,-44.366383,-0.7536357
133.54,-85.48129,23.893103,0.20565958
133.56,1.049771,-4.948938,-0.4338706
133.58,1.049771,1.9411048,-0.2739881
133.59999,-13.372073,-8.794542,-0.2739881
133.62,-27.793919,-41.00148,-0.59375316
133.64,53.92987,40.717632,-0.114105515
133.66,-3.7575107,10.75395,0.36554214
133.68,15.471616,8.670914,0.5254247
133.7,15.471616,5.9469438,0.20565958
133.72,-32.6012,0.018302217,0.20565958
133.73999,-8.564792,23.732868,-0.2739881
133.76,-13.372073,47.607674,-0.4338706
133.78,25.08618,25.815907,-0.114105515
133.8,44.315308,-15.203884,0.36554214
133.81999,-27.793919,-15.364117,-0.2739881
133.84,-22.986637,15.560958,-0.4338706
133.86,29.893461,-16.485752,-0.59375316
133.87999,15.471616,24.854506,0.045777034
133.9,34.700745,10.75395,0.20565958
133.92,10.664334,-12.159447,0.045777034
133.94,73.159,10.593717,-0.7536357
133.95999,10.664334,8.190214,0.045777034
133.98,10.664334,-8.474075,0.045777034
134.0,5.857053,-11.678746,0.045777034
134.02,29.893461,1.7808713,-0.114105515
134.04,15.471616,-24.817896,0.20565958
134.06,44.315308,-22.093925,0.045777034
134.08,39.508022,24.534037,0.20565958
134.09999,-8.564792,-18.248322,-0.2739881
134.12,1.049771,18.605394,0.045777034
134.14,-8.564792,-46.449417,0.20565958
134.16,-37.40848,-16.165285,0.20565958
134.18,63.54443,-6.230806,-0.114105515
134.2,-8.564792,13.638155,0.045777034
134.22,-8.564792,1.4604042,-0.114105515
134.23999,-3.7575107,-6.3910394,-0.114105515
134.26,10.664334,32.22525,0.20565958
134.28,20.278896,50.33165,0.20565958
134.3,-18.179356,16.041658,0.68530726
134.31999,-13.372073,-2.5454345,-0.114105515
134.34,10.664334,-16.325518,-0.2739881
134.36,-18.179356,-24.016727,0.045777034
134.37999,34.700745,-1.2635663,0.36554214
134.4,-8.564792,11.394884,0.5254247
134.42,-22.986637,-21.292757,0.045777034
134.44,-3.7575107,17.96446,-0.114105515
134.45999,15.471616,-2.385201,-0.2739881
134.48,49.122585,-20.01089,-0.9135183
134.5,34.700745,-42.924282,0.20565958
134.52,-13.372073,-7.993375,0.20565958
134.54,10.664334,-7.993375,0.20565958
134.56,10.664334,-2.8659017,-0.2739881
134.58,10.664334,18.765629,0.045777034
134.59999,10.664334,18.765629,0.36554214
134.62,49.122585,-31.067003,0.045777034
134.64,10.664334,-20.49159,-0.114105515
134.66,-18.179356,24.213572,0.68530726
134.68,20.278896,9.311849,-0.114105515
134.7,-42.215763,31.904783,0.36554214
134.72,15.471616,18.605394,0.36554214
134.73999,-13.372073,8.190214,0.20565958
134.76,15.471616,-45.007313,0.36554214
134.78,-3.7575107,-34.752373,-0.114105515
134.8,-27.793919,5.9469438,0.36554214
134.81999,-8.564792,12.51652,-0.59375316
134.84,-13.372073,8.670914,-0.2739881
134.86,1.049771,-26.90093,0.20565958
134.87999,-22.986637,-24.817896,0.045777034
134.9,-3.7575107,-40.360542,0.36554214
134.92,-3.7575107,34.949223,-0.114105515
134.94,10.664334,11.234652,0.5254247
134.95999,10.664334,-16.165285,-0.4338706
134.98,5.857053,-8.153608,0.20565958
135.0,29.893461,-11.198046,0.20565958
135.02,5.857053,-13.281082,-0.114105515
135.04,-13.372073,14.599556,-0.114105515
135.06,-42.215763,18.925863,0.20565958
135.08,-3.7575107,1.9411048,0.20565958
135.09999,-8.564792,-8.474075,0.045777034
135.12,-3.7575107,12.8369875,0.045777034
135.14,20.278896,-4.3080034,-0.114105515
135.16,-32.6012,4.184375,0.20565958
135.18,34.700745,-10.396878,-0.2739881
135.2,10.664334,1.4604042,-0.2739881
135.22,15.471616,18.925863,0.045777034
135.23999,-3.7575107,-18.408554,0.20565958
135.26,-3.7575107,50.812347,0.045777034
135.28,5.857053,9.151615,-0.114105515
135.3,5.857053,-17.607388,-0.2739881
135.31999,1.049771,1.6206378,-0.4338706
135.34,-8.564792,6.908345,-0.4338706
135.36,-32.6012,-14.883417,-0.114105515
135.37999,5.857053,-1.7442669,0.20565958
135.4,-13.372073,-18.729021,0.20565958
135.42,10.664334,1.9411048,0.045777034
135.44,-27.793919,-9.435476,-0.4338706
135.45999,20.278896,32.385483,-0.2739881
135.48,-3.7575107,0.33876932,-0.7536357
135.5,5.857053,-11.678746,-0.59375316
135.52,-3.7575107,-10.076411,-0.4338706
135.54,15.471616,-3.3466022,0.045777034
135.56,34.700745,-19.049488,0.045777034
135.58,58.737152,-14.402717,0.36554214
135.59999,-22.986637,31.103615,0.8451898
135.62,-22.986637,-25.298595,0.045777034
135.64,5.857053,1.4604042,-0.114105515
135.66,-3.7575107,10.113016,0.20565958
135.68,39.508022,-18.729021,0.5254247
135.7,-37.40848,7.709513,0.5254247
135.72,10.664334,-10.076411,-0.114105515
135.73999,-3.7575107,4.024141,0.045777034
135.76,29.893461,22.931702,0.045777034
135.78,63.54443,18.445162,0.20565958
135.8,10.664334,4.3446083,0.045777034
135.81999,-8.564792,-40.200314,0.36554214
135.84,-22.986637,10.914185,0.68530726
135.86,15.471616,15.560958,0.36554214
135.87999,44.315308,5.3060093,0.5254247
135.9,-8.564792,9.151615,0.20565958
135.92,20.278896,26.296606,-0.114105515
135.94,10.664334,2.7422726,0.36554214
135.95999,25.08618,-4.468237,-0.4338706
135.98,49.122585,-41.48218,0.20565958
136.0,1.049771,-9.115009,-0.4338706
136.02,-3.7575107,-7.993375,-0.2739881
136.04,15.471616,4.024141,0.045777034
136.06,-22.986637,36.71179,0.5254247
136.08,-3.7575107,-10.076411,0.36554214
136.09999,-56.637608,-1.4237996,0.36554214
136.12,-42.215763,10.113016,0.045777034
136.14,1.049771,-12.31968,-0.114105515
136.16,39.508022,-15.04365,-0.4338706
136.18,-8.564792,-1.4237996,-0.114105515
136.2,10.664334,-11.83898,0.20565958
136.22,-13.372073,-6.230806,0.045777034
136.23999,-51.830326,24.694271,0.20565958
136.26,10.664334,14.439322,-0.4338706
136.28,5.857053,13.317687,0.045777034
136.3,63.54443,-67.11953,-0.2739881
136.31999,-3.7575107,-7.833141,-0.114105515
136.34,10.664334,29.501278,-0.114105515
136.36,-13.372073,7.3890457,0.045777034
136.37999,-18.179356,-2.7056682,-0.114105515
136.4,10.664334,-32.188637,-0.59375316
136.42,-22.986637,13.798388,0.045777034
136.44,39.508022,-6.8717403,0.5254247
136.45999,-32.6012,-0.7828655,0.045777034
136.48,5.857053,-6.711507,0.36554214
136.5,-42.215763,0.81947,0.045777034
136.52,-8.564792,-2.2249672,0.36554214
136.54,29.893461,-12.479914,0.045777034
136.56,-13.372073,0.33876932,-0.114105515
136.58,-8.564792,-57.825993,0.8451898
136.59999,-32.6012,-0.14193134,0.68530726
136.62,15.471616,7.709513,-0.4338706
136.64,-18.179356,1.4604042,-0.2739881
136.66,-22.986637,71.16202,0.36554214
136.68,-22.986637,0.018302217,0.045777034
136.7,-8.564792,-35.233074,-0.2739881
136.72,20.278896,-26.099764,-0.2739881
136.73999,-3.7575107,-19.209723,-0.4338706
136.76,-13.372073,-0.14193134,0.045777034
136.78,-3.7575107,27.898943,0.5254247
136.8,-32.6012,-3.827303,0.5254247
136.81999,20.278896,5.3060093,-0.114105515
136.84,20.278896,11.394884,-0.114105515
136.86,34.700745,8.510681,0.5254247
136.87999,5.857053,-1.1033326,-0.2739881
136.9,-27.793919,23.893103,0.045777034
136.92,25.08618,16.041658,-0.114105515
136.94,1.049771,-19.850657,-0.114105515
136.95999,-13.372073,-22.254158,0.045777034
136.98,39.508022,-25.619062,0.36554214
137.0,-13.372073,-5.1091714,-0.114105515
137.02,5.857053,-8.153608,-0.2739881
137.04,1.049771,3.7036738,0.045777034
137.06,-22.986637,10.914185,0.20565958
137.08,1.049771,42.9609,0.20565958
137.09999,53.92987,8.190214,-0.114105515
137.12,1.049771,-21.452991,-0.4338706
137.14,-37.40848,-5.910339,0.045777034
137.16,-13.372073,-13.281082,0.20565958
137.18,1.049771,-26.099764,-0.2739881
137.2,-18.179356,-7.352441,-0.2739881
137.22,-32.6012,-24.016727,-0.4338706
137.23999,-8.564792,14.599556,0.36554214
137.26,34.700745,11.875586,0.045777034
137.28,-18.179356,0.33876932,0.045777034
137.3,-8.564792,-18.889254,-0.2739881
137.31999,10.664334,2.261572,0.045777034
137.34,-18.179356,0.9797035,-0.2739881
137.36,-3.7575107,-13.922015,0.20565958
137.37999,-27.793919,4.6650753,0.045777034
137.4,-3.7575107,-24.817896,-0.2739881
137.42,-3.7575107,-15.04365,-0.4338706
137.44,34.700745,-1.2635663,-0.7536357
137.45999,15.471616,31.263847,0.045777034
137.48,10.664334,-18.408554,0.20565958
137.5,63.54443,1.6206378,0.20565958
137.52,10.664334,8.670914,0.36554214
137.54,5.857053,-18.889254,0.045777034
137.56,10.664334,3.3832066,-0.114105515
137.58,10.664334,-17.126686,0.20565958
137.59999,-47.023045,-0.7828655,0.045777034
137.62,-22.986637,-24.817896,-0.2739881
137.64,-13.372073,1.9411048,0.36554214
137.66,34.700745,-4.7887044,-0.4338706
137.68,5.857053,18.605394,0.20565958
137.7,-3.7575107,8.991381,0.5254247
137.72,15.471616,17.00306,0.36554214
137.73999,-18.179356,-3.026135,0.5254247
137.76,-3.7575107,6.1071773,0.5254247
137.78,20.278896,-5.910339,0.5254247
137.8,-3.7575107,-16.80622,0.5254247
137.81999,1.049771,15.560958,-0.2739881
137.84,68.35171,-0.9430991,0.5254247
137.86,-8.564792,36.71179,0.36554214
137.87999,5.857053,13.958622,0.045777034
137.9,-32.6012,35.590153,0.045777034
137.92,-3.7575107,37.51296,0.20565958
137.94,-8.564792,-18.088087,-0.2739881
137.95999,169.30463,-0.9430991,0.045777034
137.98,68.35171,-14.562949,0.045777034
138.0,-8.564792,-0.9430991,0.045777034
138.02,1.049771,38.314125,-0.114105515
138.04,5.857053,16.041658,0.5254247
138.06,25.08618,2.902506,-0.114105515
138.08,39.508022,-4.7887044,-0.2739881
138.09999,10.664334,-4.3080034,-0.4338706
138.12,-56.637608,20.367966,0.5254247
138.14,-22.986637,-16.165285,-0.114105515
138.16,20.278896,16.041658,-0.114105515
138.18,-8.564792,-13.281082,-0.4338706
138.2,-22.986637,-1.7442669,-0.2739881
138.22,15.471616,-18.408554,-0.4338706
138.23999,-13.372073,25.335205,0.5254247
138.26,-42.215763,-5.910339,-0.114105515
138.28,1.049771,0.81947,-0.114105515
138.3,5.857053,16.041658,-0.2739881
138.31999,5.857053,42.640434,0.20565958
138.34,-13.372073,26.93754,0.20565958
138.36,-18.179356,-9.275244,-0.114105515
138.37999,29.893461,-29.464666,-0.2739881
138.4,-22.986637,-16.966454,0.20565958
138.42,10.664334,-0.14193134,-0.114105515
138.44,-47.023045,-9.755944,0.045777034
138.45999,1.049771,14.279089,1.0050724
138.48,5.857053,0.81947,-0.114105515
138.5,-18.179356,24.694271,0.36554214
138.52,1.049771,-10.236644,-0.2739881
138.54,-32.6012,0.018302217,0.20565958
138.56,29.893461,-17.126686,0.045777034
138.58,1.049771,6.1071773,-0.114105515
138.59999,-13.372073,-23.21556,-0.114105515
138.62,-27.793919,-20.171124,0.20565958
138.64,-18.179356,-12.159447,0.36554214
138.66,-13.372073,-10.717345,-0.2739881
138.68,-13.372073,-30.426067,0.5254247
138.7,5.857053,13.317687,-0.114105515
138.72,-22.986637,22.611235,0.20565958
138.73999,1.049771,9.472081,-0.2739881
138.76,39.508022,26.296606,-0.114105515
138.78,-18.179356,25.335205,0.045777034
138.8,-18.179356,-30.746534,0.20565958
138.81999,1.049771,-10.236644,0.5254247
138.84,-42.215763,2.1013381,0.045777034
138.86,10.664334,-1.7442669,0.045777034
138.87999,-13.372073,2.5820389,0.36554214
138.9,5.857053,-2.2249672,0.20565958
138.92,-13.372073,16.52236,0.20565958
138.94,-32.6012,-45.488014,0.045777034
138.95999,-8.564792,3.2229733,0.045777034
138.98,10.664334,37.352726,0.5254247
139.0,10.664334,-4.6284704,0.20565958
139.02,20.278896,-12.960614,-0.2739881
139.04,5.857053,14.599556,0.20565958
139.06,15.471616,-30.746534,-0.4338706
139.08,-3.7575107,24.694271,-0.4338706
139.09999,29.893461,10.593717,0.045777034
139.12,10.664334,-17.447153,-0.114105515
139.14,25.08618,1.3001705,-0.2739881
139.16,-51.830326,-21.132523,0.36554214
139.18,-42.215763,-3.1863687,0.36554214
139.2,-22.986637,26.93754,0.045777034
139.22,15.471616,43.28137,1.0050724
139.23999,15.471616,0.49900287,-0.59375316
139.26,-8.564792,-49.013153,-0.114105515
139.28,49.122585,-13.761782,-0.2739881
139.3,10.664334,-13.120848,0.045777034
139.31999,-8.564792,19.566797,-0.114105515
139.34,25.08618,0.81947,0.045777034
139.36,-18.179356,10.433483,0.20565958
139.37999,-27.793919,-10.076411,-0.2739881
139.4,-13.372073,21.329365,0.36554214
139.42,5.857053,-9.435476,-0.114105515
139.44,1.049771,-10.236644,0.045777034
139.45999,34.700745,7.709513,0.20565958
139.48,1.049771,3.5434403,0.68530726
139.5,49.122585,-25.779295,-0.59375316
139.52,-37.40848,-15.04365,-0.114105515
139.54,-8.564792,-2.7056682,-0.9135183
139.56,10.664334,6.5878778,-0.59375316
139.58,20.278896,31.584314,0.045777034
139.59999,25.08618,4.9855423,0.20565958
139.62,29.893461,-38.75821,-0.4338706
139.64,-13.372073,-2.8659017,0.20565958
139.66,5.857053,-35.233074,0.5254247
139.68,34.700745,0.33876932,0.36554214
139.7,20.278896,26.296606,0.20565958
139.72,-3.7575107,-12.479914,-0.4338706
139.73999,-13.372073,15.560958,-0.2739881
139.76,-37.40848,-4.14777,-0.114105515
139.78,39.508022,-12.960614,-1.0734009
139.8,29.893461,-3.827303,-0.2739881
139.81999,-8.564792,12.356286,0.045777034
139.84,1.049771,-13.922015,0.20565958
139.86,34.700745,-23.055326,0.36554214
139.87999,-18.179356,42.4802,0.36554214
139.9,5.857053,13.638155,-0.2739881
139.92,25.08618,-9.755944,-0.7536357
139.94,15.471616,11.074417,0.045777034
139.95999,-22.986637,17.323528,-0.114105515
139.98,-3.7575107,-5.1091714,-0.114105515
140.0,49.122585,10.433483,-0.4338706
140.02,15.471616,-38.91844,-0.4338706
140.04,-8.564792,-4.6284704,-0.4338706
140.06,-3.7575107,18.765629,0.20565958
140.08,15.471616,-27.541864,0.20565958
140.09999,-3.7575107,-31.067003,-0.59375316
140.12,-13.372073,3.7036738,-0.2739881
140.14,-18.179356,-24.497427,-0.114105515
140.16,87.58084,-31.868172,-0.4338706
140.18,20.278896,15.881425,0.045777034
140.2,-18.179356,14.759789,0.045777034
140.22,44.315308,29.501278,-0.114105515
140.23999,-3.7575107,7.3890457,-0.59375316
140.26,-13.372073,-39.399143,0.045777034
140.28,25.08618,-19.049488,-0.114105515
140.3,-37.40848,12.356286,-0.4338706
140.31999,-3.7575107,8.670914,-0.2739881
140.34,39.508022,32.065014,-0.114105515
140.36,10.664334,3.7036738,-0.4338706
140.37999,1.049771,-8.153608,-0.4338706
140.4,5.857053,-21.292757,-0.7536357
140.42,-32.6012,46.005337,0.36554214
140.44,-80.67402,5.78671,0.36554214
140.45999,5.857053,-3.6670694,-0.114105515
140.48,15.471616,-3.5068357,-0.2739881
140.5,1.049771,-16.005053,-0.59375316
140.52,-32.6012,-11.037811,-0.114105515
140.54,68.35171,-13.120848,-0.59375316
140.56,1.049771,10.27325,0.045777034
140.58,-8.564792,-30.5863,-0.4338706
140.59999,-27.793919,6.1071773,-0.114105515
140.62,-3.7575107,-0.46239844,0.045777034
140.64,-22.986637,30.94338,-0.114105515
140.66,-27.793919,10.593717,-0.2739881
140.68,-18.179356,15.080256,0.5254247
140.7,-22.986637,-26.90093,-0.4338706
140.72,-18.179356,-20.49159,0.20565958
140.73999,1.049771,-6.5512733,-0.114105515
140.76,-8.564792,0.33876932,-0.114105515
140.78,-8.564792,-13.601548,0.20565958
140.8,-18.179356,-19.530188,0.045777034
140.81999,-22.986637,4.6650753,0.5254247
140.84,1.049771,9.792548,0.20565958
140.86,1.049771,14.920023,0.68530726
140.87999,10.664334,-35.07284,0.20565958
140.9,-13.372073,1.7808713,0.045777034
140.92,-22.986637,-13.922015,-0.114105515
140.94,1.049771,-42.924282,-0.2739881
140.95999,25.08618,10.593717,-0.114105515
140.98,15.471616,3.8639073,0.045777034
141.0,44.315308,-26.099764,-0.2739881
141.02,-3.7575107,-0.7828655,0.045777034
141.04,34.700745,-46.769882,-0.114105515
141.06,-13.372073,1.4604042,0.20565958
141.08,1.049771,-10.396878,-0.114105515
141.09999,-27.793919,23.412403,0.36554214
141.12,-37.40848,-40.200314,0.20565958
141.14,-51.830326,-13.281082,-0.4338706
141.16,-8.564792,5.3060093,-0.2739881
141.18,-22.986637,32.385483,-0.2739881
141.2,-8.564792,46.165573,0.045777034
141.22,-3.7575107,-13.601548,-0.4338706
141.23999,-8.564792,4.3446083,0.5254247
141.26,-32.6012,-7.5126743,-0.2739881
141.28,-42.215763,31.103615,0.20565958
141.3,-22.986637,-46.449417,-0.114105515
141.31999,-3.7575107,-13.922015,0.36554214
141.34,25.08618,18.925863,0.20565958
141.36,10.664334,4.184375,-0.2739881
141.37999,-13.372073,-8.954777,-0.59375316
141.4,29.893461,-10.396878,-0.59375316
141.42,-18.179356,-34.912605,-0.9135183
141.44,20.278896,-7.833141,-0.59375316
141.45999,-3.7575107,42.800667,-0.2739881
141.48,-3.7575107,-5.429638,-0.4338706
141.5,39.508022,6.2674108,-0.114105515
141.52,-18.179356,-14.402717,-0.2739881
141.54,25.08618,-9.115009,-0.2739881
141.56,-22.986637,23.893103,0.045777034
141.58,5.857053,0.33876932,-0.114105515
141.59999,20.278896,26.777308,0.045777034
141.62,-22.986637,-42.924282,-0.4338706
141.64,53.92987,-6.230806,-0.7536357
141.66,5.857053,0.9797035,-0.59375316
141.68,-32.6012,-3.6670694,-0.4338706
141.7,-8.564792,24.854506,-0.114105515
141.72,-27.793919,-14.723184,-0.2739881
141.73999,-13.372073,3.3832066,0.045777034
141.76,-3.7575107,1.4604042,0.045777034
141.78,-37.40848,-56.383892,-0.114105515
141.8,29.893461,-19.530188,-0.2739881
141.81999,5.857053,-18.408554,0.36554214
141.84,15.471616,-12.800381,-0.7536357
141.86,-71.05945,-6.0705724,-0.59375316
141.87999,15.471616,-28.6635,-0.4338706
141.9,20.278896,-28.6635,-0.59375316
141.92,-22.986637,10.75395,-0.114105515
141.94,-8.564792,-3.827303,0.045777034
141.95999,15.471616,-6.0705724,-0.59375316
141.98,15.471616,-14.883417,-0.2739881
142.0,1.049771,13.958622,-0.2739881
142.02,-22.986637,-10.396878,-0.2739881
142.04,10.664334,-17.76762,0.045777034
142.06,-18.179356,16.362125,-0.114105515
142.08,-42.215763,-31.227234,-0.114105515
142.09999,5.857053,32.545715,-0.4338706
142.12,1.049771,13.798388,-0.4338706
142.14,34.700745,-19.209723,-0.2739881
142.16,1.049771,36.71179,0.20565958
142.18,5.857053,-12.640147,-0.2739881
142.2,5.857053,-20.01089,-0.114105515
142.22,-13.372073,-5.910339,-0.7536357
142.23999,34.700745,12.99722,-0.114105515
142.26,-3.7575107,-3.026135,0.045777034
142.28,58.737152,-37.957043,0.20565958
142.3,10.664334,37.67319,-0.2739881
142.31999,10.664334,18.605394,-0.4338706
142.34,-22.986637,-10.717345,-1.2332834
142.36,-3.7575107,16.20189,-0.114105515
142.37999,34.700745,-56.544125,0.045777034
142.4,20.278896,41.9995,-0.114105515
142.42,-8.564792,-2.8659017,0.045777034
142.44,15.471616,-12.31968,-0.7536357
142.45999,1.049771,0.33876932,0.20565958
142.48,-3.7575107,-17.76762,0.20565958
142.5,10.664334,-18.248322,-0.9135183
142.52,-3.7575107,26.296606,-0.59375316
142.54,73.159,2.5820389,0.045777034
142.56,5.857053,35.269688,-0.114105515
142.58,-13.372073,1.6206378,0.045777034
142.59999,1.049771,11.394884,-0.4338706
142.62,-13.372073,-16.80622,-0.4338706
142.64,34.700745,34.46852,0.045777034
142.66,-32.6012,16.842825,0.20565958
142.68,-3.7575107,-2.0647337,-0.114105515
142.7,15.471616,-4.3080034,0.045777034
142.72,-18.179356,9.311849,-0.2739881
142.73999,-18.179356,13.958622,0.68530726
142.76,29.893461,23.252169,0.36554214
142.78,5.857053,3.5434403,0.36554214
142.8,20.278896,-4.7887044,-0.114105515
142.81999,-61.44489,4.3446083,0.5254247
142.84,1.049771,7.8697467,0.20565958
142.86,-18.179356,-12.159447,0.045777034
142.87999,15.471616,4.024141,-0.2739881
142.9,1.049771,1.6206378,0.045777034
142.92,34.700745,30.783146,0.045777034
142.94,-18.179356,-3.9875362,0.045777034
142.95999,-3.7575107,0.17853576,0.20565958
142.98,121.23181,-2.0647337,-0.2739881
143.0,5.857053,3.5434403,0.20565958
143.02,-18.179356,16.52236,0.68530726
143.04,5.857053,-23.536026,-0.4338706
143.06,-3.7575107,28.700111,0.20565958
143.08,-18.179356,-2.2249672,-0.114105515
143.09999,-3.7575107,5.78671,-0.114105515
143.12,-3.7575107,37.67319,0.5254247
143.14,15.471616,0.17853576,0.20565958
143.16,-22.986637,-22.254158,-1.0734009
143.18,5.857053,11.715352,-0.114105515
143.2,5.857053,3.7036738,0.20565958
143.22,-8.564792,-14.242482,1.0050724
143.23999,-22.986637,-11.518513,0.5254247
143.26,1.049771,-2.0647337,0.36554214
143.28,-75.86674,9.472081,0.5254247
143.3,-13.372073,23.412403,-0.114105515
143.31999,1.049771,36.71179,0.5254247
143.34,-3.7575107,-0.7828655,0.20565958
143.36,-37.40848,47.44744,0.5254247
143.37999,5.857053,13.157454,0.5254247
143.4,1.049771,3.3832066,0.20565958
143.42,10.664334,7.709513,0.5254247
143.44,25.08618,1.9411048,0.5254247
143.45999,-13.372073,-4.948938,0.68530726
143.48,10.664334,8.670914,0.20565958
143.5,-13.372073,13.157454,0.20565958
143.52,1.049771,3.3832066,-0.2739881
143.54,-37.40848,13.638155,-0.2739881
143.56,5.857053,13.317687,0.045777034
143.58,15.471616,-25.93953,0.045777034
143.59999,-13.372073,27.898943,1.0050724
143.62,1.049771,11.234652,-0.114105515
143.64,29.893461,0.33876932,0.045777034
143.66,34.700745,-10.557112,-0.2739881
143.68,5.857053,-10.877579,0.36554214
143.7,39.508022,-57.986225,-0.2739881
143.72,-27.793919,-7.833141,0.045777034
143.73999,-8.564792,41.67903,0.045777034
143.76,-8.564792,-0.14193134,0.045777034
143.78,10.664334,24.213572,0.20565958
143.8,20.278896,2.7422726,0.5254247
143.81999,-18.179356,-9.275244,-0.114105515
143.84,-8.564792,5.78671,-0.114105515
143.86,-32.6012,2.261572,0.20565958
143.87999,-8.564792,-13.922015,0.045777034
143.9,-13.372073,27.738708,-0.114105515
143.92,-8.564792,0.6592364,0.045777034
143.94,25.08618,18.124695,0.36554214
143.95999,29.893461,-22.254158,0.5254247
143.98,-18.179356,15.400723,0.045777034
144.0,-27.793919,-0.46239844,0.20565958
144.02,-27.793919,33.026417,0.36554214
144.04,-42.215763,7.549279,0.36554214
144.06,63.54443,-25.138361,-0.2739881
144.08,25.08618,37.51296,-0.7536357
144.09999,25.08618,-15.684585,-0.114105515
144.12,10.664334,13.958622,-0.59375316
144.14,10.664334,7.8697467,-0.4338706
144.16,29.893461,9.792548,0.20565958
144.18,-18.179356,21.0089,0.68530726
144.2,34.700745,20.367966,-0.114105515
144.22,-22.986637,-22.73486,0.68530726
144.23999,-18.179356,-20.01089,0.045777034
144.26,-27.793919,0.018302217,0.045777034
144.28,34.700745,-11.678746,-0.4338706
144.3,10.664334,31.103615,-0.114105515
144.31999,1.049771,-22.414392,0.20565958
144.34,20.278896,-8.153608,-0.59375316
144.36,63.54443,8.510681,0.045777034
144.37999,-27.793919,-35.393307,-0.4338706
144.4,34.700745,17.96446,-0.114105515
144.42,53.92987,62.9901,0.20565958
144.44,10.664334,14.439322,0.36554214
144.45999,-13.372073,21.0089,0.045777034
144.48,-27.793919,-17.126686,-0.2739881
144.5,-3.7575107,-6.230806,-0.59375316
144.52,1.049771,36.71179,0.5254247
144.54,-32.6012,23.091934,-0.114105515
144.56,-18.179356,-3.1863687,0.20565958
144.58,-27.793919,4.6650753,-0.114105515
144.59999,10.664334,24.694271,0.045777034
144.62,-13.372073,13.638155,0.20565958
144.64,-47.023045,8.670914,0.36554214
144.66,-32.6012,-2.7056682,0.045777034
144.68,-3.7575107,-24.17696,-0.59375316
144.7,-37.40848,37.032257,0.045777034
144.72,-22.986637,-3.6670694,-0.114105515
144.73999,1.049771,33.50712,-0.59375316
144.76,39.508022,34.78899,0.045777034
144.78,73.159,0.6592364,0.5254247
144.8,-32.6012,15.400723,0.5254247
144.81999,1.049771,-5.7501054,-0.114105515
144.84,-8.564792,10.75395,0.045777034
144.86,34.700745,-16.165285,-0.2739881
144.87999,-42.215763,-10.557112,0.20565958
144.9,15.471616,25.335205,0.045777034
144.92,-22.986637,2.261572,0.36554214
144.94,-37.40848,9.311849,-0.2739881
144.95999,-22.986637,5.3060093,-0.4338706
144.98,15.471616,8.02998,-0.114105515
145.0,-13.372073,19.406563,0.045777034
145.02,25.08618,9.952783,0.5254247
145.04,10.664334,-33.630737,0.045777034
145.06,-42.215763,29.821747,0.045777034
145.08,15.471616,33.026417,0.36554214
145.09999,10.664334,7.709513,0.36554214
145.12,49.122585,-13.601548,0.045777034
145.14,10.664334,0.9797035,0.36554214
145.16,1.049771,-12.960614,0.045777034
145.18,-8.564792,68.75851,0.20565958
145.2,-13.372073,45.68487,0.045777034
145.22,25.08618,-36.354706,0.36554214
145.23999,-32.6012,-19.850657,0.045777034
145.26,10.664334,16.20189,0.20565958
145.28,15.471616,22.611235,-0.114105515
145.3,63.54443,14.759789,0.045777034
145.31999,5.857053,-52.538292,-0.4338706
145.34,-13.372073,-8.153608,-0.2739881
145.36,29.893461,-14.723184,0.045777034
145.37999,5.857053,87.505844,1.0050724
145.4,-27.793919,7.549279,0.68530726
145.42,-22.986637,-5.910339,0.68530726
145.44,25.08618,31.904783,0.5254247
145.45999,-18.179356,17.163294,0.20565958
145.48,-3.7575107,35.91062,-0.4338706
145.5,-8.564792,2.7422726,-0.2739881
145.52,25.08618,13.958622,0.045777034
145.54,25.08618,-2.5454345,0.20565958
145.56,-13.372073,5.466243,0.36554214
145.58,-8.564792,-21.613226,-0.114105515
145.59999,-13.372073,20.68843,0.045777034
145.62,-13.372073,1.3001705,0.68530726
145.64,-42.215763,12.8369875,0.8451898
145.66,39.508022,12.99722,-0.4338706
145.68,-3.7575107,1.3001705,0.045777034
145.7,-27.793919,-17.447153,-0.2739881
145.72,-27.793919,-16.966454,-0.114105515
145.73999,20.278896,11.875586,-0.114105515
145.76,-13.372073,25.174973,0.5254247
145.78,20.278896,33.186653,-0.2739881
145.8,34.700745,1.9411048,0.36554214
145.81999,15.471616,5.9469438,0.5254247
145.84,68.35171,16.842825,-0.114105515
145.86,-27.793919,7.3890457,0.68530726
145.87999,-18.179356,-18.729021,-0.114105515
145.9,-47.023045,-7.993375,0.20565958
145.92,-8.564792,-8.794542,-0.2739881
145.94,10.664334,-20.171124,-0.4338706
145.95999,-56.637608,13.638155,0.20565958
145.98,15.471616,29.18081,0.5254247
146.0,20.278896,8.02998,-0.114105515
146.02,5.857053,-13.120848,-0.114105515
146.04,-27.793919,53.856785,0.045777034
146.06,-18.179356,-7.672908,0.5254247
146.08,29.893461,-4.3080034,-0.2739881
146.09999,-42.215763,1.139937,0.5254247
146.12,29.893461,-1.5840333,0.045777034
146.14,5.857053,-3.827303,0.20565958
146.16,-3.7575107,2.4218054,-0.114105515
146.18,-32.6012,15.400723,0.045777034
146.2,-22.986637,-14.562949,-0.114105515
146.22,-56.637608,11.234652,0.36554214
146.23999,77.96628,34.308285,0.5254247
146.26,15.471616,-28.343033,-0.7536357
146.28,-18.179356,-29.624899,-0.4338706
146.3,-18.179356,-16.165285,-0.114105515
146.31999,-3.7575107,-11.999213,-0.2739881
146.34,-3.7575107,16.362125,0.5254247
146.36,-27.793919,-28.823734,0.36554214
146.37999,-42.215763,11.555119,0.68530726
146.4,29.893461,-32.82957,-0.114105515
146.42,44.315308,10.75395,-0.4338706
146.44,-22.986637,-20.49159,-0.2739881
146.45999,1.049771,-0.30216488,0.36554214
146.48,29.893461,-20.331356,0.045777034
146.5,-42.215763,-15.524351,0.20565958
146.52,-47.023045,-26.099764,-0.114105515
146.54,5.857053,-14.242482,-0.2739881
146.56,5.857053,-16.325518,0.36554214
146.58,-32.6012,7.0685787,0.20565958
146.59999,-27.793919,-10.557112,0.36554214
146.62,10.664334,-26.259996,-0.2739881
146.64,5.857053,3.5434403,-0.114105515
146.66,-3.7575107,-1.7442669,0.36554214
146.68,53.92987,-20.331356,0.36554214
146.7,-37.40848,42.319965,0.68530726
146.72,10.664334,18.124695,0.20565958
146.73999,10.664334,6.908345,0.20565958
146.76,10.664334,-0.7828655,0.5254247
146.78,-8.564792,-15.364117,0.045777034
146.8,44.315308,5.78671,0.20565958
146.81999,58.737152,-12.31968,-0.9135183
146.84,39.508022,-2.0647337,-0.2739881
146.86,-8.564792,16.52236,0.20565958
146.87999,-3.7575107,9.311849,0.045777034
146.9,20.278896,7.3890457,0.36554214
146.92,25.08618,-20.812057,0.20565958
146.94,-32.6012,-19.850657,-0.2739881
146.95999,25.08618,15.560958,-0.59375316
146.98,15.471616,4.184375,-0.114105515
147.0,-8.564792,-10.396878,0.20565958
147.02,5.857053,0.33876932,0.045777034
147.04,1.049771,-16.966454,-0.59375316
147.06,-22.986637,8.350447,-0.59375316
147.08,-8.564792,39.595997,-0.2739881
147.09999,-3.7575107,3.7036738,-0.114105515
147.12,5.857053,-23.536026,-0.2739881
147.14,25.08618,-22.093925,-0.59375316
147.16,-3.7575107,9.952783,-0.7536357
147.18,5.857053,-8.794542,-0.59375316
147.2,-32.6012,12.035819,0.045777034
147.22,1.049771,-7.352441,0.20565958
147.23999,5.857053,-18.248322,-0.4338706
147.26,1.049771,2.902506,0.045777034
147.28,20.278896,-4.3080034,-0.2739881
147.3,-13.372073,-5.429638,-0.2739881
147.31999,15.471616,30.142212,0.20565958
147.34,1.049771,-1.9045002,0.68530726
147.36,-13.372073,-3.9875362,0.045777034
147.37999,15.471616,4.3446083,-0.4338706
147.4,-3.7575107,-4.468237,-0.4338706
147.42,-27.793919,18.124695,-0.4338706
147.44,-42.215763,41.839264,-0.114105515
147.45999,44.315308,-16.005053,-0.114105515
147.48,10.664334,3.5434403,-0.2739881
147.5,10.664334,0.9797035,-0.114105515
147.52,-8.564792,-24.657661,-0.2739881
147.54,-13.372073,-8.794542,0.045777034
147.56,-3.7575107,21.169132,0.36554214
147.58,-27.793919,3.3832066,0.20565958
147.59999,-27.793919,-25.779295,0.20565958
147.62,5.857053,-9.916177,-0.2739881
147.64,5.857053,-20.01089,-0.2739881
147.66,5.857053,-15.364117,-0.4338706
147.68,29.893461,35.75039,-0.114105515
147.7,-13.372073,-12.159447,0.20565958
147.72,15.471616,-39.719612,-0.59375316
147.73999,20.278896,-26.740696,-0.59375316
147.76,-13.372073,-13.601548,-0.2739881
147.78,34.700745,-13.441315,-0.2739881
147.8,5.857053,17.163294,0.5254247
147.81999,-8.564792,5.466243,-0.114105515
147.84,-3.7575107,-5.2694044,-0.59375316
147.86,5.857053,48.088375,-0.114105515
147.87999,29.893461,13.638155,-0.59375316
147.9,-3.7575107,1.4604042,-0.2739881
147.92,-37.40848,-7.993375,-0.4338706
147.94,29.893461,-10.236644,-0.4338706
147.95999,-3.7575107,-3.5068357,-0.4338706
147.98,-8.564792,-4.7887044,-0.2739881
148.0,-8.564792,59.945663,0.8451898
148.02,111.61725,9.632316,0.20565958
148.04,-8.564792,21.329365,-0.2739881
148.06,-27.793919,-54.781555,-0.4338706
148.08,5.857053,18.605394,-0.2739881
148.09999,1.049771,35.590153,-0.114105515
148.12,-27.793919,-21.452991,-0.2739881
148.14,-18.179356,-14.883417,-0.59375316
148.16,25.08618,13.157454,-0.2739881
148.18,5.857053,1.139937,0.20565958
148.2,-3.7575107,-10.717345,0.36554214
148.22,-3.7575107,4.024141,0.045777034
148.23999,63.54443,14.439322,0.045777034
148.26,10.664334,28.539877,0.045777034
148.28,-8.564792,12.8369875,-0.2739881
148.3,15.471616,-7.352441,-0.2739881
148.31999,10.664334,-13.601548,0.045777034
148.34,-18.179356,43.12113,0.20565958
148.36,15.471616,-0.7828655,0.20565958
148.37999,25.08618,-7.352441,-0.2739881
148.4,10.664334,-1.7442669,-0.7536357
148.42,-18.179356,-9.435476,0.045777034
148.44,-13.372073,-20.171124,-0.2739881
148.45999,34.700745,-33.951202,-0.114105515
148.48,-8.564792,17.163294,-0.2739881
148.5,15.471616,7.549279,0.045777034
148.52,68.35171,-10.557112,-0.2739881
148.54,-13.372073,3.7036738,0.20565958
148.56,-8.564792,11.555119,-0.114105515
148.58,44.315308,6.1071773,-0.4338706
148.59999,25.08618,0.6592364,0.20565958
148.62,15.471616,12.035819,0.045777034
148.64,5.857053,11.875586,0.36554214
148.66,20.278896,7.709513,0.36554214
148.68,20.278896,-24.17696,0.20565958
148.7,-80.67402,-11.83898,0.20565958
148.72,-22.986637,7.8697467,0.20565958
148.73999,-8.564792,5.9469438,0.045777034
148.76,20.278896,29.18081,-0.2739881
148.78,25.08618,-2.8659017,0.045777034
148.8,-32.6012,6.7481112,0.36554214
148.81999,15.471616,-0.62263197,-0.9135183
148.84,20.278896,30.622915,-0.114105515
148.86,-71.05945,40.557396,0.045777034
148.87999,-3.7575107,28.21941,0.20565958
148.9,44.315308,-26.42023,0.045777034
148.92,10.664334,-13.120848,-0.114105515
148.94,-18.179356,-10.557112,0.20565958
148.95999,34.700745,-15.844818,-0.2739881
148.98,-27.793919,-12.31968,0.045777034
149.0,5.857053,-6.8717403,-0.2739881
149.02,-47.023045,30.46268,-0.114105515
149.04,-13.372073,10.433483,0.20565958
149.06,5.857053,12.676753,0.20565958
149.08,-66.25217,8.831148,0.20565958
149.09999,-3.7575107,5.6264763,-0.2739881
149.12,15.471616,4.504842,-0.4338706
149.14,-3.7575107,4.6650753,0.20565958
149.16,1.049771,3.3832066,0.045777034
149.18,34.700745,-30.906769,-0.114105515
149.2,-32.6012,20.848665,-0.114105515
149.22,44.315308,17.323528,-0.114105515
149.23999,34.700745,47.44744,0.045777034
149.26,-18.179356,29.821747,-0.114105515
149.28,5.857053,-5.7501054,-0.4338706
149.3,106.80997,-24.337194,-0.4338706
149.31999,25.08618,-3.1863687,-0.114105515
149.34,25.08618,14.439322,-0.114105515
149.36,-3.7575107,-26.099764,-0.59375316
149.37999,-3.7575107,1.7808713,0.20565958
149.4,1.049771,-13.120848,0.045777034
149.42,-42.215763,-0.7828655,0.045777034
149.44,-3.7575107,-38.117275,-0.114105515
149.45999,15.471616,10.75395,0.045777034
149.48,34.700745,21.329365,0.045777034
149.5,25.08618,17.643993,0.5254247
149.52,-3.7575107,-11.358279,0.5254247
149.54,1.049771,33.186653,0.5254247
149.56,34.700745,24.534037,0.045777034
149.58,-8.564792,7.549279,-0.4338706
149.59999,-3.7575107,28.059177,-0.4338706
149.62,-8.564792,-7.0319734,-0.114105515
149.64,-8.564792,3.7036738,0.5254247
149.66,82.77356,12.51652,0.68530726
149.68,10.664334,-12.31968,-0.2739881
149.7,10.664334,-5.7501054,-0.114105515
149.72,10.664334,1.3001705,0.36554214
149.73999,58.737152,-41.802643,-0.114105515
149.76,-3.7575107,-17.927853,-0.2739881
149.78,-13.372073,-29.464666,0.20565958
149.8,-22.986637,-14.08225,-0.114105515
149.81999,1.049771,7.8697467,-0.114105515
149.84,29.893461,0.33876932,0.045777034
149.86,15.471616,-5.7501054,0.20565958
149.87999,25.08618,-40.52078,0.20565958
149.9,1.049771,-4.6284704,0.20565958
149.92,-18.179356,13.958622,0.20565958
149.94,-18.179356,-13.441315,0.5254247
149.95999,34.700745,2.902506,0.20565958
149.98,63.54443,-8.153608,-0.114105515
150.0,-13.372073,52.574917,-0.114105515
150.02,1.049771,1.4604042,0.36554214
150.04,1.049771,-11.999213,0.5254247
150.06,10.664334,29.18081,0.5254247
150.08,-3.7575107,27.258009,-0.114105515
150.09999,10.664334,37.19249,0.045777034
150.12,-8.564792,8.670914,1.0050724
150.14,5.857053,-8.153608,0.36554214
150.16,10.664334,3.0627398,0.20565958
150.18,-47.023045,10.433483,0.045777034
150.2,1.049771,-4.14777,0.20565958
150.22,29.893461,12.356286,0.045777034
150.23999,1.049771,-2.5454345,0.68530726
150.26,63.54443,22.611235,0.20565958
150.28,5.857053,-7.5126743,-0.114105515
150.3,-13.372073,-9.755944,-0.2739881
150.31999,25.08618,10.75395,0.20565958
150.34,5.857053,-60.870426,0.36554214
150.36,10.664334,-16.325518,-0.114105515
150.37999,10.664334,-7.993375,0.20565958
150.4,5.857053,-3.3466022,0.045777034
150.42,-13.372073,13.638155,0.5254247
150.44,5.857053,-24.337194,-0.114105515
150.45999,10.664334,8.350447,-0.2739881
150.48,-8.564792,24.373804,0.20565958
150.5,29.893461,9.472081,0.36554214
150.51999,1.049771,-7.352441,-0.2739881
150.54,44.315308,-15.203884,0.5254247
150.56,-8.564792,29.98198,0.20565958
150.58,10.664334,11.394884,0.8451898
150.59999,-18.179356,-8.153608,0.36554214
150.62,-47.023045,-14.562949,0.045777034
150.64,-32.6012,-18.729021,0.20565958
150.66,1.049771,36.23109,0.20565958
150.68,53.92987,72.28365,0.20565958
150.7,5.857053,-13.761782,0.20565958
150.72,-56.637608,-7.993375,-0.2739881
150.73999,5.857053,-3.9875362,-0.2739881
150.76,15.471616,-12.31968,-0.114105515
150.78,-27.793919,24.854506,0.045777034
150.8,15.471616,-1.7442669,0.20565958
150.81999,20.278896,-56.544125,-0.114105515
150.84,-13.372073,-22.895092,0.36554214
150.86,-37.40848,-29.945368,0.045777034
150.87999,-3.7575107,10.75395,0.20565958
150.9,-18.179356,-2.0647337,0.5254247
150.92,-13.372073,-12.800381,-0.114105515
150.94,10.664334,4.184375,0.045777034
150.95999,-37.40848,-2.2249672,-0.2739881
150.98,-8.564792,1.9411048,0.20565958
151.0,10.664334,5.466243,0.36554214
151.01999,-47.023045,-8.474075,0.68530726
151.04,53.92987,-1.9045002,0.045777034
151.06,20.278896,-3.3466022,0.36554214
151.08,-3.7575107,-31.387466,0.5254247
151.09999,-22.986637,28.379642,0.5254247
151.12,1.049771,2.1013381,0.045777034
151.14,15.471616,0.49900287,0.8451898
151.16,-32.6012,40.717632,0.8451898
151.18,25.08618,8.350447,1.0050724
151.2,-3.7575107,23.732868,0.20565958
151.22,-13.372073,8.190214,0.36554214
151.23999,-22.986637,-17.286919,0.045777034
151.26,15.471616,7.549279,0.045777034
151.28,-13.372073,12.51652,0.5254247
151.3,-3.7575107,-6.3910394,0.20565958
151.31999,49.122585,15.560958,0.36554214
151.34,20.278896,-13.601548,0.36554214
151.36,49.122585,11.715352,0.20565958
151.37999,25.08618,8.190214,0.68530726
151.4,5.857053,-0.14193134,-0.2739881
151.42,58.737152,32.22525,0.20565958
151.44,-8.564792,6.7481112,0.5254247
151.45999,15.471616,10.914185,0.20565958
151.48,-22.986637,-6.711507,0.045777034
151.5,-3.7575107,-12.159447,0.045777034
151.51999,-75.86674,4.9855423,0.5254247
151.54,25.08618,-14.242482,0.045777034
151.56,15.471616,17.163294,-0.2739881
151.58,-3.7575107,-5.2694044,0.68530726
151.59999,15.471616,-15.364117,0.20565958
151.62,68.35171,-35.393307,-0.114105515
151.64,-3.7575107,4.9855423,0.20565958
151.66,-22.986637,12.99722,0.20565958
151.68,10.664334,-6.0705724,0.045777034
151.7,5.857053,2.5820389,0.20565958
151.72,5.857053,-16.645985,0.045777034
151.73999,-22.986637,-5.910339,0.045777034
151.76,34.700745,33.346886,-0.114105515
151.78,15.471616,1.4604042,-0.2739881
151.8,-3.7575107,8.190214,0.20565958
151.81999,5.857053,24.213572,0.36554214
151.84,-8.564792,-20.972292,0.5254247
151.86,53.92987,-18.248322,0.045777034
151.87999,39.508022,-8.153608,0.68530726
151.9,-8.564792,-15.04365,0.045777034
151.92,-8.564792,2.1013381,0.20565958
151.94,1.049771,6.4276443,0.36554214
151.95999,10.664334,-21.292757,0.20565958
151.98,29.893461,2.1013381,0.045777034
152.0,1.049771,-29.945368,-0.4338706
152.01999,20.278896,-16.165285,0.045777034
152.04,-13.372073,-2.0647337,0.20565958
152.06,39.508022,19.246328,0.5254247
152.08,10.664334,-43.88568,0.5254247
152.09999,-3.7575107,-18.248322,0.68530726
152.12,20.278896,-0.62263197,0.20565958
152.14,-3.7575107,3.7036738,0.045777034
152.16,-3.7575107,-10.396878,0.20565958
152.18,-3.7575107,-0.9430991,0.20565958
152.2,29.893461,-55.262257,-0.4338706
152.22,-22.986637,4.3446083,-0.114105515
152.23999,-8.564792,-0.30216488,-0.2739881
152.26,-8.564792,17.163294,0.5254247
152.28,1.049771,4.6650753,0.36554214
152.3,5.857053,35.590153,0.8451898
152.31999,-42.215763,7.8697467,0.20565958
152.34,34.700745,-20.171124,0.045777034
152.36,-18.179356,-3.6670694,-0.114105515
152.37999,-3.7575107,-5.429638,-0.114105515
152.4,5.857053,16.041658,0.045777034
152.42,-37.40848,14.439322,0.20565958
152.44,1.049771,-7.0319734,0.045777034
152.45999,25.08618,-1.1033326,-0.4338706
152.48,1.049771,-0.30216488,0.045777034
152.5,25.08618,-1.5840333,0.045777034
152.51999,-95.09586,-15.364117,-0.2739881
152.54,-13.372073,4.9855423,-0.114105515
152.56,15.471616,-15.364117,-0.2739881
152.58,39.508022,4.9855423,0.5254247
152.59999,-8.564792,-15.364117,0.5254247
152.62,-22.986637,13.477921,-0.114105515
152.64,10.664334,-0.9430991,-0.4338706
152.66,20.278896,54.337486,-0.114105515
152.68,15.471616,8.02998,0.045777034
152.7,5.857053,28.21941,0.36554214
152.72,10.664334,22.451,0.045777034
152.73999,-3.7575107,2.7422726,-0.114105515
152.76,5.857053,5.145776,-0.2739881
152.78,-32.6012,15.400723,-0.114105515
152.8,-22.986637,-2.7056682,-0.114105515
152.81999,25.08618,-17.126686,0.20565958
152.84,53.92987,-2.2249672,-0.114105515
152.86,25.08618,4.6650753,-0.2739881
152.87999,-61.44489,40.076694,0.68530726
152.9,34.700745,29.501278,-0.114105515
152.92,15.471616,-9.435476,0.045777034
152.94,20.278896,4.184375,0.20565958
152.95999,-18.179356,36.070858,-0.114105515
152.98,-3.7575107,-19.690422,-0.2739881
153.0,-8.564792,-20.171124,0.045777034
153.01999,-37.40848,7.228812,0.5254247
153.04,-13.372073,-3.6670694,0.36554214
153.06,-22.986637,21.0089,-0.114105515
153.08,10.664334,3.3832066,-0.2739881
153.09999,25.08618,15.881425,-0.59375316
153.12,73.159,38.634594,-0.2739881
153.14,-3.7575107,1.3001705,0.045777034
153.16,-27.793919,10.113016,0.045777034
153.18,-22.986637,-46.60965,-0.7536357
153.2,-3.7575107,-3.5068357,-0.4338706
153.22,1.049771,-2.8659017,-0.114105515
153.23999,-27.793919,1.4604042,0.045777034
153.26,-18.179356,17.00306,-0.114105515
153.28,-22.986637,-50.455254,-0.4338706
153.3,-18.179356,-19.690422,0.045777034
153.31999,15.471616,10.593717,-0.4338706
153.34,-3.7575107,28.860344,0.20565958
153.36,-42.215763,55.45912,-0.2739881
153.37999,-13.372073,26.777308,-0.114105515
153.4,5.857053,-12.479914,-0.114105515
153.42,-3.7575107,-9.115009,-0.4338706
153.44,-32.6012,-13.601548,-0.114105515
153.45999,39.508022,36.551556,0.045777034
153.48,-27.793919,15.24049,-0.114105515
153.5,-3.7575107,51.132812,0.045777034
153.51999,-3.7575107,14.920023,-0.4338706
153.54,34.700745,-9.435476,-0.59375316
153.56,-47.023045,36.71179,-0.2739881
153.58,-3.7575107,-59.10786,-0.114105515
153.59999,10.664334,-6.230806,-0.114105515
153.62,15.471616,4.504842,-0.114105515
153.64,34.700745,-32.989803,-0.114105515
153.66,-13.372073,-23.055326,-0.4338706
153.68,-27.793919,18.765629,-0.2739881
153.7,29.893461,-24.337194,-0.2739881
153.72,77.96628,4.6650753,-1.0734009
153.73999,5.857053,15.560958,0.045777034
153.76,-18.179356,14.759789,0.68530726
153.78,20.278896,-29.945368,0.045777034
153.8,15.471616,-5.7501054,0.20565958
153.81999,-51.830326,5.6264763,0.20565958
153.84,20.278896,28.379642,0.20565958
153.86,-42.215763,21.9703,-0.114105515
153.87999,29.893461,-6.0705724,0.36554214
153.9,29.893461,22.130533,0.20565958
153.92,5.857053,43.76207,0.20565958
153.94,-3.7575107,-20.331356,0.045777034
153.95999,10.664334,-13.120848,-0.4338706
153.98,-13.372073,7.228812,0.5254247
154.0,-42.215763,-20.651823,-0.114105515
154.01999,-22.986637,-18.248322,0.045777034
154.04,1.049771,-30.265835,0.045777034
154.06,10.664334,-20.49159,0.5254247
154.08,29.893461,5.78671,0.5254247
154.09999,29.893461,2.7422726,0.5254247
154.12,1.049771,-22.574625,0.045777034
154.14,5.857053,-29.945368,-0.114105515
154.16,-3.7575107,29.661512,0.045777034
154.18,1.049771,-9.916177,-0.114105515
154.2,5.857053,-12.159447,-0.59375316
154.22,-22.986637,-25.619062,-0.2739881
154.23999,-3.7575107,-8.313842,0.20565958
154.26,-27.793919,-19.850657,0.5254247
154.28,49.122585,-16.325518,-0.114105515
154.3,25.08618,-11.678746,-0.114105515
154.31999,-13.372073,1.9411048,0.045777034
154.34,-8.564792,2.4218054,0.20565958
154.36,-32.6012,25.014738,0.20565958
154.37999,-22.986637,-12.640147,0.36554214
154.4,20.278896,-21.933691,0.20565958
154.42,-56.637608,26.136374,0.36554214
154.44,-8.564792,24.534037,0.045777034
154.45999,10.664334,-13.281082,0.36554214
154.48,44.315308,16.842825,0.8451898
154.5,15.471616,-20.651823,0.045777034
154.51999,-13.372073,16.041658,0.20565958
154.54,-18.179356,16.682592,-0.59375316
154.56,44.315308,33.66735,-0.2739881
154.58,34.700745,-11.358279,0.20565958
154.59999,53.92987,2.7422726,0.20565958
154.62,102.002686,-2.385201,0.36554214
154.64,-18.179356,-11.83898,0.36554214
154.66,29.893461,-6.0705724,0.5254247
154.68,-13.372073,-8.313842,0.045777034
154.7,-3.7575107,-17.126686,0.045777034
154.72,-3.7575107,5.6264763,0.045777034
154.73999,-22.986637,-27.2214,0.5254247
154.76,10.664334,-20.812057,0.36554214
154.78,15.471616,-20.331356,0.5254247
154.8,20.278896,17.483759,0.045777034
154.81999,34.700745,2.261572,0.5254247
154.84,5.857053,-18.248322,-0.114105515
154.86,-27.793919,3.8639073,0.20565958
154.87999,-32.6012,-2.2249672,-0.114105515
154.9,29.893461,-5.429638,0.5254247
154.92,-13.372073,14.920023,0.045777034
154.94,10.664334,-17.447153,0.045777034
154.95999,1.049771,-5.589872,-0.2739881
154.98,-22.986637,18.124695,0.20565958
155.0,44.315308,-22.574625,0.20565958
155.01999,10.664334,21.0089,0.20565958
155.04,10.664334,-0.14193134,0.045777034
155.06,44.315308,4.184375,-0.114105515
155.08,20.278896,-32.188637,-0.114105515
155.09999,10.664334,6.2674108,-0.2739881
155.12,63.54443,54.657955,0.36554214
155.14,-8.564792,7.0685787,-0.59375316
155.16,-3.7575107,-3.1863687,-0.4338706
155.18,-3.7575107,-19.530188,-0.2739881
155.2,-42.215763,-3.5068357,0.36554214
155.22,20.278896,10.27325,0.68530726
155.23999,10.664334,0.17853576,-0.114105515
155.26,-3.7575107,-8.794542,0.045777034
155.28,-3.7575107,-2.0647337,-0.59375316
155.3,-3.7575107,10.593717,0.20565958
155.31999,-8.564792,15.080256,-0.114105515
155.34,15.471616,30.142212,0.045777034
155.36,-3.7575107,-2.8659017,-0.114105515
155.37999,-27.793919,-19.850657,-0.2739881
155.4,34.700745,-3.9875362,0.20565958
155.42,-18.179356,-0.30216488,-0.114105515
155.44,-18.179356,-0.14193134,0.20565958
155.45999,-51.830326,24.213572,1.3248374
155.48,-8.564792,12.196053,0.36554214
155.5,5.857053,37.51296,-0.114105515
155.51999,-47.023045,63.31057,0.045777034
155.54,44.315308,-1.5840333,-0.114105515
155.56,20.278896,6.5878778,0.36554214
155.58,58.737152,23.412403,0.20565958
155.59999,44.315308,24.694271,0.36554214
155.62,1.049771,-10.076411,0.36554214
155.64,29.893461,0.9797035,-0.7536357
155.66,10.664334,-1.9045002,0.36554214
155.68,29.893461,-1.9045002,0.045777034
155.7,5.857053,5.466243,0.20565958
155.72,20.278896,2.261572,0.36554214
155.73999,5.857053,2.261572,0.045777034
155.76,-18.179356,-6.230806,-0.114105515
155.78,-3.7575107,-28.823734,-0.2739881
155.8,1.049771,-10.717345,-0.114105515
155.81999,10.664334,0.17853576,0.045777034
155.84,68.35171,0.33876932,-0.114105515
155.86,-13.372073,9.952783,-0.2739881
155.87999,-32.6012,15.881425,-0.114105515
155.9,-22.986637,24.053337,0.5254247
155.92,1.049771,-18.889254,0.20565958
155.94,-3.7575107,11.074417,0.045777034
155.95999,10.664334,9.792548,0.045777034
155.98,-22.986637,40.557396,0.20565958
156.0,5.857053,-11.198046,-0.2739881
156.01999,-13.372073,-8.153608,-0.114105515
156.04,-42.215763,-53.49969,-0.4338706
156.06,-13.372073,6.5878778,-0.4338706
156.08,-8.564792,19.406563,0.20565958
156.09999,-32.6012,-10.557112,0.5254247
156.12,20.278896,13.157454,-0.2739881
156.14,10.664334,-36.194473,-0.2739881
156.16,10.664334,-17.76762,-0.114105515
156.18,-80.67402,39.435764,0.5254247
156.2,-13.372073,-12.31968,0.36554214
156.22,-18.179356,-8.474075,0.045777034
156.23999,-22.986637,-1.5840333,-0.114105515
156.26,29.893461,-51.416653,-0.4338706
156.28,20.278896,12.035819,0.36554214
156.3,5.857053,15.400723,0.045777034
156.31999,-27.793919,0.6592364,-0.2739881
156.34,25.08618,-5.910339,0.045777034
156.36,5.857053,-27.862331,0.20565958
156.37999,-42.215763,-18.088087,0.5254247
156.4,10.664334,-2.2249672,-0.59375316
156.42,-37.40848,-27.061165,0.20565958
156.44,-13.372073,-7.0319734,-0.2739881
156.45999,1.049771,18.765629,-0.114105515
156.48,5.857053,2.1013381,0.045777034
156.5,15.471616,2.261572,0.20565958
156.51999,-51.830326,27.738708,0.5254247
156.54,10.664334,-12.159447,0.36554214
156.56,63.54443,-15.04365,-0.114105515
156.58,53.92987,-20.171124,-0.4338706
156.59999,-37.40848,-15.684585,0.045777034
156.62,63.54443,-2.5454345,0.045777034
156.64,49.122585,-19.690422,-0.2739881
156.66,-3.7575107,37.352726,0.5254247
156.68,5.857053,29.661512,-0.2739881
156.7,44.315308,50.65211,-0.4338706
156.72,-13.372073,45.845108,0.5254247
156.73999,-18.179356,3.7036738,-0.114105515
156.76,-3.7575107,3.5434403,-0.114105515
156.78,1.049771,15.400723,0.20565958
156.8,49.122585,8.02998,-0.59375316
156.81999,-42.215763,54.657955,0.20565958
156.84,10.664334,-13.922015,-0.2739881
156.86,-3.7575107,-11.999213,0.045777034
156.87999,-8.564792,5.78671,-0.114105515
156.9,5.857053,17.483759,-0.4338706
156.92,5.857053,24.534037,-0.114105515
156.94,1.049771,-3.026135,-0.114105515
156.95999,-3.7575107,-5.910339,-0.114105515
156.98,10.664334,-18.729021,-0.4338706
157.0,15.471616,-13.281082,-0.4338706
157.01999,-71.05945,-14.562949,0.045777034
157.04,-51.830326,-4.948938,0.20565958
157.06,-37.40848,8.510681,0.045777034
157.08,-3.7575107,-15.844818,-0.2739881
157.09999,20.278896,8.991381,0.045777034
157.12,-22.986637,-6.711507,-0.4338706
157.14,10.664334,56.740993,0.20565958
157.16,-32.6012,8.831148,-0.114105515
157.18,-13.372073,6.1071773,0.36554214
157.2,-3.7575107,-45.32778,-0.114105515
157.22,34.700745,4.9855423,-0.2739881
157.23999,25.08618,4.184375,-0.4338706
157.26,15.471616,55.619354,0.20565958
157.28,15.471616,9.151615,-0.2739881
157.3,-8.564792,-12.640147,-0.4338706
157.31999,-51.830326,-14.562949,-0.2739881
157.34,-3.7575107,24.053337,0.20565958
157.36,10.664334,-3.3466022,-0.2739881
157.37999,5.857053,0.6592364,-0.114105515
157.4,53.92987,-18.408554,0.20565958
157.42,34.700745,5.9469438,0.36554214
157.44,-51.830326,-11.999213,0.20565958
157.45999,-32.6012,16.20189,0.20565958
157.48,25.08618,-9.435476,-0.59375316
157.5,39.508022,-25.93953,-0.4338706
157.51999,-8.564792,-7.993375,0.8451898
157.54,29.893461,-7.352441,0.36554214
157.56,15.471616,-4.468237,0.045777034
157.58,5.857053,6.7481112,0.36554214
157.59999,49.122585,-1.7442669,0.8451898
157.62,-37.40848,15.24049,0.68530726
157.64,5.857053,-1.5840333,-0.2739881
157.66,29.893461,48.889545,0.045777034
157.68,5.857053,-11.518513,0.36554214
157.7,10.664334,3.8639073,0.045777034
157.72,-3.7575107,-4.468237,0.045777034
157.73999,-3.7575107,14.279089,0.045777034
157.76,-22.986637,24.213572,0.20565958
157.78,15.471616,32.385483,0.5254247
157.8,-3.7575107,-2.385201,0.045777034
157.81999,1.049771,5.78671,0.20565958
157.84,5.857053,16.682592,0.5254247
157.86,-8.564792,-0.7828655,-0.4338706
157.87999,-3.7575107,6.5878778,-0.2739881
157.9,5.857053,10.914185,-0.4338706
157.92,29.893461,14.279089,-0.114105515
157.94,-22.986637,-7.993375,-0.59375316
157.95999,1.049771,16.041658,0.20565958
157.98,10.664334,5.145776,0.045777034
158.0,5.857053,11.234652,-0.114105515
158.01999,53.92987,-32.028404,0.68530726
158.04,-13.372073,-31.067003,-0.114105515
158.06,-22.986637,16.842825,-0.2739881
158.08,1.049771,8.510681,-0.114105515
158.09999,15.471616,28.860344,0.20565958
158.12,25.08618,1.7808713,-0.114105515
158.14,1.049771,-3.026135,-0.4338706
158.16,-18.179356,-7.993375,0.045777034
158.18,-37.40848,-17.286919,-0.114105515
158.2,5.857053,4.6650753,-0.114105515
158.22,-13.372073,3.8639073,0.045777034
158.23999,20.278896,49.049774,0.20565958
158.26,15.471616,20.367966,0.20565958
158.28,-8.564792,13.317687,-0.2739881
158.3,39.508022,53.53632,-0.2739881
158.31999,5.857053,-14.562949,-0.114105515
158.34,-22.986637,-1.4237996,-0.114105515
158.36,5.857053,40.877865,0.5254247
158.37999,20.278896,43.922302,0.5254247
158.4,-13.372073,3.7036738,0.20565958
158.42,39.508022,1.4604042,-0.114105515
158.44,25.08618,8.350447,0.045777034
158.45999,-22.986637,-3.6670694,0.5254247
158.48,-27.793919,-5.1091714,0.20565958
158.5,-8.564792,-19.049488,0.045777034
158.51999,10.664334,-25.138361,0.045777034
158.54,-13.372073,-9.275244,0.045777034
158.56,68.35171,25.815907,0.36554214
158.58,1.049771,4.3446083,0.68530726
158.59999,-18.179356,10.593717,0.20565958
158.62,1.049771,24.373804,0.5254247
158.64,-8.564792,2.902506,0.36554214
158.66,25.08618,5.3060093,-0.114105515
158.68,34.700745,29.18081,0.045777034
158.7,-90.288574,-1.5840333,0.8451898
158.72,-18.179356,-0.14193134,-0.59375316
158.73999,5.857053,27.418243,0.20565958
158.76,5.857053,22.290768,0.045777034
158.78,-13.372073,4.184375,-0.114105515
158.8,15.471616,-17.76762,-0.114105515
158.81999,-8.564792,-34.912605,0.5254247
158.84,25.08618,17.323528,-0.114105515
158.86,-27.793919,44.403,0.36554214
158.87999,58.737152,-42.12311,0.045777034
158.9,44.315308,-30.746534,-0.114105515
158.92,-13.372073,1.4604042,0.045777034
158.94,-3.7575107,-45.968716,-0.4338706
158.95999,15.471616,-8.794542,-0.114105515
158.98,-3.7575107,-20.331356,0.045777034
159.0,5.857053,-18.248322,0.68530726
159.01999,-37.40848,-35.55354,-0.2739881
159.04,-32.6012,-1.1033326,-0.114105515
159.06,-8.564792,10.75395,-0.114105515
159.08,25.08618,-14.883417,0.045777034
159.09999,15.471616,73.245056,0.36554214
159.12,-37.40848,-45.808483,-0.114105515
159.14,5.857053,27.097775,0.68530726
159.16,-22.986637,-4.3080034,-0.114105515
159.18,5.857053,20.367966,0.20565958
159.2,-8.564792,-13.922015,-0.4338706
159.22,-3.7575107,-3.026135,-0.2739881
159.23999,15.471616,-7.352441,0.045777034
159.26,15.471616,-16.005053,-0.114105515
159.28,-22.986637,30.46268,0.20565958
159.3,-13.372073,2.902506,0.8451898
159.31999,-13.372073,-18.088087,0.045777034
159.34,-3.7575107,-28.6635,-0.4338706
159.36,-3.7575107,1.4604042,0.36554214
159.37999,-3.7575107,-23.69626,0.045777034
159.4,-8.564792,0.49900287,0.045777034
159.42,-13.372073,0.17853576,-0.2739881
159.44,15.471616,-28.6635,-0.2739881
159.45999,15.471616,-17.927853,0.20565958
159.48,10.664334,23.893103,0.20565958
159.5,10.664334,11.875586,0.20565958
159.51999,-13.372073,23.893103,0.045777034
159.54,15.471616,23.893103,0.20565958
159.56,-27.793919,-32.82957,0.36554214
159.58,25.08618,-7.993375,-0.4338706
159.59999,10.664334,7.228812,-0.114105515
159.62,15.471616,-21.132523,-0.114105515
159.64,87.58084,-27.541864,0.20565958
159.66,-32.6012,-19.369957,-0.114105515
159.68,15.471616,23.252169,-0.2739881
159.7,49.122585,-8.474075,-0.59375316
159.72,-8.564792,27.738708,0.20565958
159.73999,20.278896,2.4218054,-0.2739881
159.76,-3.7575107,13.317687,0.20565958
159.78,-51.830326,12.676753,-0.114105515
159.8,-51.830326,17.804228,0.20565958
159.81999,15.471616,-12.159447,-0.4338706
159.84,-22.986637,-4.468237,-0.4338706
159.86,-3.7575107,-27.541864,-0.2739881
159.87999,29.893461,-20.812057,-0.59375316
159.9,10.664334,50.33165,0.045777034
159.92,-8.564792,-25.93953,-0.4338706
159.94,20.278896,-20.01089,-0.4338706
159.95999,1.049771,-19.049488,-0.7536357
159.98,10.664334,32.866184,-0.2739881
160.0,1.049771,45.68487,0.045777034
160.01999,10.664334,16.842825,0.20565958
160.04,82.77356,-15.04365,-0.114105515
160.06,5.857053,-31.707935,-0.7536357
160.08,-32.6012,34.949223,0.045777034
160.09999,-27.793919,-4.14777,-0.7536357
160.12,-18.179356,-42.924282,-0.2739881
160.14,-3.7575107,1.7808713,0.5254247
160.16,53.92987,8.510681,-0.4338706
160.18,34.700745,41.038097,-0.2739881
160.2,-8.564792,7.549279,-0.114105515
160.22,1.049771,-14.883417,0.045777034
160.23999,-3.7575107,-15.04365,-0.2739881
160.26,-8.564792,22.77147,0.045777034
160.28,10.664334,-31.387466,-0.4338706
160.3,-22.986637,10.113016,0.045777034
160.31999,10.664334,13.958622,0.5254247
160.34,15.471616,12.8369875,0.20565958
160.36,5.857053,5.6264763,0.045777034
160.37999,1.049771,-36.194473,-0.59375316
160.4,10.664334,17.323528,-0.114105515
160.42,1.049771,-53.980392,-0.4338706
160.44,-3.7575107,-3.6670694,-0.114105515
160.45999,49.122585,6.7481112,0.20565958
160.48,5.857053,-32.188637,-0.2739881
160.5,-3.7575107,0.33876932,0.20565958
160.51999,-22.986637,-52.858753,-0.2739881
160.54,29.893461,-7.352441,-0.4338706
160.56,5.857053,17.323528,-0.4338706
160.58,25.08618,-16.005053,-0.7536357
160.59999,-22.986637,-15.844818,-0.114105515
160.62,10.664334,-11.358279,0.20565958
160.64,-13.372073,7.228812,-0.4338706
160.66,-13.372073,-23.69626,-0.2739881
160.68,20.278896,-14.242482,0.045777034
160.7,63.54443,-1.1033326,0.36554214
160.72,-13.372073,6.1071773,0.045777034
160.73999,-22.986637,21.649834,-0.114105515
160.76,-37.40848,26.93754,0.045777034
160.78,10.664334,-5.910339,-0.2739881
160.8,-3.7575107,-7.192207,-0.2739881
160.81999,25.08618,7.3890457,-0.2739881
160.84,15.471616,15.080256,-0.114105515
160.86,-8.564792,12.035819,-0.114105515
160.87999,20.278896,20.528198,0.045777034
160.9,-3.7575107,-9.916177,0.045777034
160.92,-8.564792,-12.640147,-0.2739881
160.94,1.049771,-9.275244,0.20565958
160.95999,1.049771,10.27325,0.36554214
160.98,-22.986637,11.555119,-0.114105515
161.0,1.049771,12.035819,-0.59375316
161.01999,-47.023045,6.908345,-0.114105515
161.04,49.122585,5.466243,-0.4338706
161.06,15.471616,-2.5454345,-0.114105515
161.08,-3.7575107,-20.49159,0.045777034
161.09999,-8.564792,-5.429638,0.20565958
161.12,-47.023045,-1.1033326,-0.114105515
161.14,10.664334,6.2674108,-0.2739881
161.16,10.664334,8.991381,0.5254247
161.18,-13.372073,-3.3466022,0.20565958
161.2,15.471616,-7.352441,0.045777034
161.22,10.664334,9.151615,-1.2332834
161.23999,15.471616,-23.055326,-0.4338706
161.26,25.08618,9.311849,-0.2739881
161.28,-8.564792,23.412403,-0.4338706
161.3,-22.986637,5.145776,-0.4338706
161.31999,-18.179356,-7.993375,-0.114105515
161.34,5.857053,-20.171124,-0.2739881
161.36,-13.372073,-7.0319734,-0.114105515
161.37999,15.471616,-21.933691,-0.59375316
161.4,-37.40848,11.074417,-0.114105515
161.42,1.049771,-17.447153,-1.2332834
161.44,58.737152,-24.497427,-0.114105515
161.45999,10.664334,7.228812,-0.2739881
161.48,-13.372073,-9.275244,-0.4338706
161.5,-22.986637,9.311849,-0.4338706
161.51999,92.38812,4.6650753,-0.114105515
161.54,-37.40848,-16.005053,0.045777034
161.56,-22.986637,-34.912605,0.20565958
161.58,-22.986637,-32.188637,-0.4338706
161.59999,-18.179356,-10.877579,-0.59375316
161.62,-27.793919,-61.35113,-0.4338706
161.64,-3.7575107,-5.910339,0.045777034
161.66,10.664334,-7.192207,-0.114105515
161.68,-71.05945,1.4604042,-0.2739881
161.7,1.049771,-1.2635663,-0.114105515
161.72,-13.372073,-20.171124,0.045777034
161.73999,-13.372073,-2.385201,-0.114105515
161.76,15.471616,3.5434403,0.045777034
161.78,5.857053,10.914185,0.045777034
161.8,-47.023045,-8.313842,-0.7536357
161.81999,-3.7575107,49.21001,-0.9135183
161.84,10.664334,-2.5454345,-0.4338706
161.86,-18.179356,19.887262,-0.7536357
161.87999,-8.564792,18.124695,-0.2739881
161.9,20.278896,8.831148,-0.114105515
161.92,58.737152,12.356286,0.20565958
161.94,34.700745,19.246328,0.045777034
161.95999,-56.637608,-14.402717,-0.59375316
161.98,-13.372073,-36.995644,-0.7536357
162.0,-3.7575107,19.406563,-0.114105515
162.01999,25.08618,17.483759,-0.114105515
162.04,-3.7575107,-7.192207,-0.114105515
162.06,-13.372073,-66.158134,-1.0734009
162.08,-18.179356,-19.209723,-0.7536357
162.09999,10.664334,-18.568789,-0.4338706
162.12,-8.564792,21.649834,0.20565958
162.14,-22.986637,8.510681,0.36554214
162.16,5.857053,-51.897354,-0.114105515
162.18,25.08618,-3.026135,0.045777034
162.2,20.278896,-16.325518,-0.114105515
162.22,1.049771,24.694271,-0.4338706
162.23999,-3.7575107,-3.827303,-0.114105515
162.26,39.508022,-27.702099,-0.4338706
162.28,44.315308,-8.794542,0.045777034
162.3,5.857053,-24.17696,-0.4338706
162.31999,-27.793919,36.070858,0.045777034
162.34,1.049771,-3.827303,0.045777034
162.36,5.857053,-29.624899,-0.4338706
162.37999,5.857053,-19.530188,-0.114105515
162.4,-13.372073,-0.7828655,0.5254247
162.42,34.700745,3.2229733,0.20565958
162.44,5.857053,39.916462,0.045777034
162.45999,5.857053,-1.1033326,-1.0734009
162.48,25.08618,-3.6670694,-0.2739881
162.5,15.471616,3.3832066,0.045777034
162.51999,10.664334,-12.479914,-0.114105515
162.54,-8.564792,4.9855423,-0.114105515
162.56,-13.372073,-18.568789,-0.114105515
162.58,-22.986637,-2.2249672,-0.114105515
162.59999,-22.986637,-16.966454,-0.114105515
162.62,1.049771,9.311849,-0.4338706
162.64,-13.372073,6.5878778,0.045777034
162.66,1.049771,-1.9045002,0.045777034
162.68,-3.7575107,4.504842,0.045777034
162.7,10.664334,6.7481112,-0.114105515
162.72,15.471616,2.4218054,-0.114105515
162.73999,15.471616,-14.08225,0.045777034
162.76,5.857053,0.018302217,0.045777034
162.78,-18.179356,-3.3466022,-0.114105515
162.8,-18.179356,5.9469438,0.20565958
162.81999,5.857053,-3.5068357,-0.2739881
162.84,25.08618,6.7481112,0.045777034
162.86,25.08618,24.053337,0.20565958
162.87999,10.664334,-18.408554,0.20565958
162.9,-13.372073,27.738708,-0.114105515
162.92,5.857053,58.98426,0.36554214
162.94,10.664334,6.2674108,0.045777034
162.95999,-18.179356,-9.916177,0.045777034
162.98,10.664334,58.02286,0.68530726
163.0,-3.7575107,29.661512,0.20565958
163.01999,1.049771,1.9411048,0.36554214
163.04,-18.179356,25.815907,-0.4338706
163.06,25.08618,-8.474075,0.045777034
163.08,63.54443,-20.651823,-0.114105515
163.09999,15.471616,16.362125,-0.114105515
163.12,15.471616,5.6264763,0.20565958
163.14,-3.7575107,-24.17696,0.045777034
163.16,39.508022,22.931702,-0.4338706
163.18,-8.564792,-7.672908,-0.59375316
163.2,15.471616,-20.171124,-0.4338706
163.22,1.049771,1.139937,0.5254247
163.23999,5.857053,-16.966454,0.68530726
163.26,15.471616,-13.922015,-0.114105515
163.28,-27.793919,-11.358279,0.5254247
163.3,-3.7575107,-10.236644,0.36554214
163.31999,53.92987,17.00306,0.68530726
163.34,-8.564792,39.275528,-0.114105515
163.36,25.08618,24.854506,0.5254247
163.37999,-32.6012,-0.30216488,0.36554214
163.4,29.893461,14.279089,0.5254247
163.42,25.08618,-11.999213,0.20565958
163.44,10.664334,4.504842,-0.114105515
163.45999,-8.564792,4.3446083,0.20565958
163.48,10.664334,33.98782,-0.114105515
163.5,-42.215763,-20.01089,0.045777034
163.51999,10.664334,-40.360542,0.045777034
163.54,10.664334,-24.978128,-0.2739881
163.56,15.471616,-66.158134,0.36554214
163.58,68.35171,-10.557112,-0.4338706
163.59999,10.664334,-4.14777,0.20565958
163.62,39.508022,-4.14777,0.5254247
163.64,53.92987,-19.690422,0.20565958
163.66,-8.564792,-34.59214,-0.114105515
163.68,10.664334,-19.049488,0.045777034
163.7,1.049771,-34.431904,-0.2739881
163.72,-22.986637,-4.6284704,0.5254247
163.73999,-3.7575107,1.4604042,0.5254247
163.76,1.049771,-16.005053,-0.114105515
163.78,20.278896,-14.08225,0.5254247
163.8,58.737152,53.696552,0.8451898
163.81999,1.049771,5.3060093,0.20565958
163.84,-56.637608,21.4896,0.36554214
163.86,1.049771,-12.640147,-0.4338706
163.87999,1.049771,-0.14193134,0.20565958
163.9,15.471616,6.2674108,0.5254247
163.92,15.471616,-49.493855,-0.114105515
163.94,-8.564792,-55.903194,-0.114105515
163.95999,-22.986637,-7.672908,-0.2739881
163.98,15.471616,19.887262,0.045777034
164.0,20.278896,8.350447,-0.59375316
164.01999,1.049771,3.7036738,0.045777034
164.04,25.08618,-25.298595,0.36554214
164.06,25.08618,13.958622,-0.2739881
164.08,5.857053,33.026417,0.20565958
164.09999,73.159,15.881425,0.68530726
164.12,25.08618,10.113016,-0.114105515
164.14,20.278896,-24.016727,0.045777034
164.16,53.92987,18.765629,-0.2739881
164.18,20.278896,-8.794542,0.045777034
164.2,-3.7575107,0.81947,-0.2739881
164.22,-61.44489,-10.076411,0.20565958
164.23999,-42.215763,-10.557112,0.20565958
164.26,15.471616,-4.3080034,-0.114105515
164.28,-13.372073,15.881425,0.5254247
164.3,34.700745,5.3060093,-0.114105515
164.31999,10.664334,22.130533,-0.114105515
164.34,-3.7575107,8.831148,-0.114105515
164.36,5.857053,16.842825,-0.114105515
164.37999,25.08618,-19.369957,-0.4338706
164.4,-8.564792,-5.910339,0.36554214
164.42,20.278896,18.765629,0.045777034
164.44,-51.830326,3.2229733,0.20565958
164.45999,34.700745,41.67903,0.045777034
164.48,1.049771,12.8369875,-0.2739881
164.5,-42.215763,-27.702099,-0.114105515
164.51999,15.471616,13.477921,0.045777034
164.54,-13.372073,23.091934,0.36554214
164.56,-42.215763,21.0089,0.36554214
164.58,-22.986637,38.153893,0.20565958
164.59999,1.049771,-10.877579,0.045777034
164.62,39.508022,-6.230806,-0.114105515
164.64,-27.793919,9.151615,0.045777034
164.66,-8.564792,1.139937,0.045777034
164.68,-13.372073,5.6264763,-0.114105515
164.7,5.857053,-4.3080034,0.045777034
164.72,-18.179356,-3.9875362,0.045777034
164.73999,-3.7575107,25.815907,0.20565958
164.76,-8.564792,-3.827303,-0.2739881
164.78,53.92987,-20.331356,-0.4338706
164.8,-47.023045,39.595997,0.5254247
164.81999,53.92987,8.350447,0.68530726
164.84,-18.179356,-20.331356,0.36554214
164.86,5.857053,13.317687,-0.114105515
164.87999,1.049771,-28.823734,-0.114105515
164.9,-32.6012,-13.922015,-0.4338706
164.92,-51.830326,-6.5512733,-0.114105515
164.94,1.049771,8.02998,0.68530726
164.95999,20.278896,2.4218054,0.045777034
164.98,-47.023045,-26.90093,-0.59375316
165.0,1.049771,29.821747,0.36554214
165.01999,34.700745,-4.14777,-0.114105515
165.04,-27.793919,6.908345,0.36554214
165.06,20.278896,-17.76762,0.045777034
165.08,15.471616,38.794827,0.36554214
165.09999,15.471616,-1.2635663,0.20565958
165.12,20.278896,10.75395,0.20565958
165.14,20.278896,7.549279,0.045777034
165.16,5.857053,-24.978128,-0.7536357
165.18,1.049771,-5.589872,-0.114105515
165.2,20.278896,25.335205,0.36554214
165.22,-37.40848,38.314125,0.5254247
165.23999,-22.986637,-8.153608,0.20565958
165.26,5.857053,-32.5091,-0.2739881
165.28,39.508022,8.831148,0.5254247
165.3,29.893461,15.24049,0.20565958
165.31999,1.049771,13.638155,0.36554214
165.34,-47.023045,1.4604042,0.20565958
165.36,1.049771,-26.740696,-0.4338706
165.37999,15.471616,-20.651823,0.36554214
165.4,25.08618,-9.435476,0.045777034
165.42,10.664334,13.958622,0.20565958
165.44,25.08618,-9.916177,0.20565958
165.45999,1.049771,-9.435476,0.045777034
165.48,-13.372073,-54.46109,0.045777034
165.5,25.08618,-10.396878,0.20565958
165.51999,10.664334,-1.9045002,-0.114105515
165.54,-56.637608,-24.17696,0.5254247
165.56,10.664334,-3.026135,0.20565958
165.58,-13.372073,14.920023,-0.114105515
165.59999,1.049771,37.032257,-0.4338706
165.62,34.700745,13.798388,-0.59375316
165.64,-22.986637,2.902506,-0.59375316
165.66,-13.372073,12.99722,0.045777034
165.68,20.278896,8.831148,0.20565958
165.7,15.471616,12.51652,0.20565958
165.72,1.049771,-43.88568,-0.4338706
165.73999,-27.793919,-23.536026,-0.2739881
165.76,20.278896,-4.14777,0.045777034
165.78,-3.7575107,11.074417,0.045777034
165.8,1.049771,4.184375,0.20565958
165.81999,63.54443,-21.292757,-0.114105515
165.84,-18.179356,0.33876932,0.5254247
165.86,-22.986637,11.875586,0.36554214
165.87999,-13.372073,-21.292757,0.5254247
165.9,-3.7575107,4.825309,-0.114105515
165.92,-8.564792,-28.983965,0.5254247
165.94,-13.372073,0.33876932,0.5254247
165.95999,25.08618,15.881425,0.36554214
165.98,39.508022,3.3832066,0.045777034
166.0,39.508022,-8.474075,-0.114105515
166.01999,-3.7575107,34.78899,0.5254247
166.04,-27.793919,-6.711507,0.20565958
166.06,-8.564792,5.466243,0.045777034
166.08,-18.179356,19.086096,0.36554214
166.09999,5.857053,26.136374,-0.2739881
166.12,1.049771,17.804228,-0.114105515
166.14,-22.986637,-0.14193134,0.68530726
166.16,5.857053,3.2229733,0.045777034
166.18,1.049771,2.5820389,-0.2739881
166.2,20.278896,1.4604042,-0.114105515
166.22,-3.7575107,-21.132523,0.045777034
166.23999,29.893461,10.27325,0.045777034
166.26,39.508022,6.5878778,0.045777034
166.28,15.471616,23.732868,0.045777034
166.3,-3.7575107,-14.883417,-0.114105515
166.31999,-8.564792,14.759789,0.20565958
166.34,-32.6012,10.75395,0.20565958
166.36,1.049771,-20.972292,-0.114105515
166.37999,15.471616,1.6206378,-0.114105515
166.4,-22.986637,-33.310272,-0.2739881
166.42,25.08618,-11.358279,-0.2739881
166.44,20.278896,-11.678746,0.045777034
166.45999,-51.830326,-9.59571,-0.2739881
166.48,25.08618,9.792548,0.045777034
166.5,1.049771,10.75395,0.36554214
166.51999,-13.372073,7.8697467,0.36554214
166.54,20.278896,-27.541864,-0.59375316
166.56,15.471616,-12.800381,0.045777034
166.58,-27.793919,-3.5068357,-0.2739881
166.59999,-56.637608,-16.005053,-0.2739881
166.62,10.664334,15.72119,-0.4338706
166.64,15.471616,-28.182798,0.20565958
166.66,-3.7575107,-7.672908,0.045777034
166.68,-47.023045,-34.111435,-0.114105515
166.7,25.08618,-10.557112,-0.114105515
166.72,5.857053,14.1188545,-0.2739881
166.73999,-32.6012,16.842825,0.68530726
166.76,29.893461,3.5434403,-0.114105515
166.78,1.049771,2.902506,-0.4338706
166.8,39.508022,-13.441315,0.20565958
166.81999,-3.7575107,-22.414392,-0.114105515
166.84,10.664334,-24.17696,0.045777034
166.86,15.471616,3.2229733,0.36554214
166.87999,-8.564792,-27.541864,-0.4338706
166.9,-27.793919,-11.83898,-0.114105515
166.92,39.508022,-40.040077,-0.114105515
166.94,-8.564792,-1.9045002,0.5254247
166.95999,-18.179356,-6.711507,0.045777034
166.98,-3.7575107,-7.0319734,-0.2739881
167.0,15.471616,-16.80622,-0.4338706
167.01999,-13.372073,-7.5126743,-0.4338706
167.04,15.471616,-6.0705724,0.045777034
167.06,1.049771,-3.026135,-0.114105515
167.08,-32.6012,1.9411048,-0.2739881
167.09999,15.471616,-1.4237996,-0.59375316
167.12,25.08618,0.9797035,0.20565958
167.14,1.049771,-6.8717403,0.20565958
167.16,-22.986637,-30.265835,0.5254247
167.18,5.857053,6.4276443,0.20565958
167.2,-18.179356,13.798388,0.20565958
167.22,-27.793919,38.95506,0.5254247
167.23999,39.508022,3.7036738,0.045777034
167.26,29.893461,9.472081,-0.2739881
167.28,1.049771,30.622915,-0.114105515
167.3,-3.7575107,-8.634309,0.20565958
167.31999,49.122585,33.66735,0.20565958
167.34,-22.986637,6.1071773,0.36554214
167.36,10.664334,18.605394,-0.2739881
167.37999,-3.7575107,27.898943,0.5254247
167.4,-3.7575107,-8.474075,-0.2739881
167.42,58.737152,-6.230806,0.5254247
167.44,-8.564792,-9.115009,-0.114105515
167.45999,-3.7575107,11.875586,-0.114105515
167.48,-32.6012,10.593717,0.20565958
167.5,-8.564792,-13.441315,-0.114105515
167.51999,-27.793919,-26.740696,-0.114105515
167.54,10.664334,-8.313842,-0.59375316
167.56,49.122585,-4.3080034,-0.2739881
167.58,34.700745,29.98198,0.20565958
167.59999,29.893461,36.23109,0.045777034
167.62,-22.986637,8.190214,0.20565958
167.64,1.049771,-24.657661,0.045777034
167.66,15.471616,-11.678746,-0.4338706
167.68,-3.7575107,-14.242482,0.36554214
167.7,-37.40848,44.72347,0.5254247
167.72,15.471616,27.097775,0.20565958
167.73999,-22.986637,-0.30216488,-0.4338706
167.76,-8.564792,25.815907,-0.4338706
167.78,-32.6012,49.21001,-0.114105515
167.8,-3.7575107,5.9469438,-0.114105515
167.81999,-18.179356,-2.8659017,0.36554214
167.84,-18.179356,11.715352,-0.2739881
167.86,10.664334,-15.524351,-0.59375316
167.87999,-13.372073,-44.526615,0.045777034
167.9,-85.48129,-21.452991,-0.114105515
167.92,-18.179356,-5.429638,0.045777034
167.94,-13.372073,2.902506,-0.59375316
167.95999,20.278896,-0.30216488,-0.7536357
167.98,-8.564792,3.7036738,0.045777034
168.0,-27.793919,-23.856495,-0.2739881
168.01999,87.58084,-11.518513,-0.114105515
168.04,1.049771,-7.833141,0.045777034
168.06,-13.372073,-23.856495,-0.114105515
168.08,-18.179356,-5.7501054,-0.114105515
168.09999,-18.179356,-1.1033326,0.045777034
168.12,10.664334,-35.07284,-0.2739881
168.14,25.08618,-6.5512733,-0.4338706
168.16,-114.32499,4.6650753,0.5254247
168.18,10.664334,-7.993375,0.5254247
168.2,44.315308,8.190214,0.045777034
168.22,82.77356,7.228812,0.36554214
168.23999,10.664334,3.8639073,-0.114105515
168.26,39.508022,-6.711507,0.36554214
168.28,25.08618,-24.978128,0.20565958
168.3,-8.564792,-22.414392,0.20565958
168.31999,58.737152,1.4604042,-0.2739881
168.34,10.664334,-6.0705724,-0.2739881
168.36,49.122585,9.792548,-0.114105515
168.37999,1.049771,5.9469438,-0.114105515
168.4,1.049771,28.700111,0.045777034
168.42,-22.986637,-12.479914,-0.4338706
168.44,10.664334,4.9855423,-0.114105515
168.45999,1.049771,39.916462,0.20565958
168.48,92.38812,17.483759,0.68530726
168.5,5.857053,4.024141,-0.114105515
168.51999,25.08618,-15.524351,-0.2739881
168.54,44.315308,24.213572,0.20565958
168.56,25.08618,-0.14193134,-0.2739881
168.58,1.049771,-2.2249672,0.045777034
168.59999,20.278896,-50.935955,0.045777034
168.62,44.315308,-24.016727,-0.114105515
168.64,25.08618,1.7808713,-0.2739881
168.66,10.664334,-7.833141,-0.2739881
168.68,-3.7575107,40.877865,0.5254247
168.7,5.857053,23.091934,0.20565958
168.72,-3.7575107,-9.59571,0.045777034
168.73999,5.857053,-5.910339,-0.2739881
168.76,10.664334,-4.7887044,-0.4338706
168.78,-56.637608,0.6592364,-0.2739881
168.8,15.471616,-4.14777,-0.4338706
168.81999,20.278896,8.350447,0.045777034
168.84,20.278896,-12.640147,-0.2739881
168.86,25.08618,-20.01089,0.045777034
168.87999,-32.6012,12.99722,0.20565958
168.9,-13.372073,18.925863,0.045777034
168.92,68.35171,-23.536026,0.20565958
168.94,10.664334,-16.165285,-0.2739881
168.95999,-3.7575107,5.78671,-0.114105515
168.98,10.664334,-21.933691,-0.59375316
169.0,5.857053,4.6650753,0.045777034
169.01999,-8.564792,9.952783,0.045777034
169.04,10.664334,14.439322,-0.114105515
169.06,-18.179356,2.5820389,0.045777034
169.08,29.893461,-22.414392,0.5254247
169.09999,-8.564792,-18.729021,-0.2739881
169.12,-13.372073,1.7808713,-0.114105515
169.14,-66.25217,-7.833141,0.045777034
169.16,-8.564792,-2.2249672,-0.4338706
169.18,25.08618,-31.227234,-0.114105515
169.2,-13.372073,-20.972292,0.20565958
169.22,5.857053,0.81947,0.045777034
169.23999,-3.7575107,-3.3466022,0.045777034
169.26,1.049771,4.9855423,-0.114105515
169.28,10.664334,-16.325518,-0.114105515
169.3,29.893461,39.115295,0.8451898
169.31999,-8.564792,-2.8659017,0.20565958
169.34,10.664334,-1.4237996,0.5254247
169.36,-13.372073,-6.711507,0.20565958
169.37999,-8.564792,7.3890457,0.20565958
169.4,-3.7575107,44.563236,-0.114105515
169.42,-22.986637,22.290768,-0.114105515
169.44,-32.6012,15.560958,0.045777034
169.45999,25.08618,0.018302217,0.20565958
169.48,34.700745,9.311849,0.20565958
169.5,-27.793919,-0.9430991,-0.114105515
169.51999,-13.372073,-17.126686,-0.2739881
169.54,5.857053,-2.8659017,-0.114105515
169.56,-27.793919,-2.5454345,0.36554214
169.58,-32.6012,-18.889254,0.20565958
169.59999,5.857053,3.2229733,0.20565958
169.62,5.857053,14.439322,-0.114105515
169.64,-3.7575107,-13.761782,-0.4338706
169.66,-3.7575107,-3.026135,-0.114105515
169.68,-3.7575107,5.3060093,-0.114105515
169.7,10.664334,-0.62263197,-0.4338706
169.72,-18.179356,-0.7828655,-0.114105515
169.73999,-27.793919,17.804228,-0.114105515
169.76,-3.7575107,-2.385201,0.20565958
169.78,-18.179356,-10.877579,0.20565958
169.8,68.35171,-2.385201,0.36554214
169.81999,25.08618,-35.233074,-0.2739881
169.84,-3.7575107,16.20189,0.5254247
169.86,49.122585,-0.62263197,0.20565958
169.87999,34.700745,23.572638,0.36554214
169.9,-8.564792,13.638155,0.5254247
169.92,-32.6012,-22.895092,0.20565958
169.94,-37.40848,-21.613226,-0.114105515
169.95999,1.049771,16.041658,0.20565958
169.98,-13.372073,27.898943,0.5254247
170.0,5.857053,-2.385201,0.045777034
170.01999,5.857053,6.4276443,0.68530726
170.04,10.664334,-4.948938,0.20565958
170.06,-13.372073,14.279089,0.68530726
170.08,-27.793919,7.8697467,0.5254247
170.09999,25.08618,5.466243,0.68530726
170.12,-27.793919,-6.711507,0.20565958
170.14,15.471616,-31.387466,-0.114105515
170.16,-8.564792,44.08254,0.68530726
170.18,-61.44489,20.68843,0.68530726
170.2,15.471616,4.6650753,0.8451898
170.22,-32.6012,-0.7828655,0.5254247
170.23999,-3.7575107,-31.227234,0.5254247
170.26,1.049771,-14.08225,-0.2739881
170.28,20.278896,-7.5126743,0.5254247
170.3,5.857053,-28.182798,0.5254247
170.31999,15.471616,-5.7501054,0.68530726
170.34,1.049771,11.715352,0.20565958
170.36,15.471616,39.275528,0.045777034
170.37999,1.049771,-0.46239844,0.045777034
170.4,10.664334,-7.833141,-0.114105515
170.42,-18.179356,9.632316,0.20565958
170.44,-37.40848,14.439322,-0.114105515
170.45999,15.471616,14.599556,0.5254247
170.48,5.857053,-5.7501054,0.5254247
170.5,92.38812,10.27325,0.045777034
170.51999,-32.6012,-1.7442669,1.0050724
170.54,5.857053,10.113016,0.36554214
170.56,-61.44489,0.81947,0.36554214
170.58,25.08618,-0.7828655,0.20565958
170.59999,10.664334,4.3446083,-0.114105515
170.62,10.664334,-2.385201,0.045777034
170.64,29.893461,15.400723,0.045777034
170.66,25.08618,30.46268,0.20565958
170.68,1.049771,6.908345,0.68530726
170.7,1.049771,-0.62263197,0.20565958
170.72,-3.7575107,-4.948938,0.5254247
170.73999,-8.564792,-27.541864,-0.114105515
170.76,5.857053,-17.126686,0.045777034
170.78,-18.179356,-10.396878,0.36554214
170.8,-8.564792,18.765629,0.5254247
170.81999,44.315308,5.3060093,0.36554214
170.84,25.08618,14.439322,-0.114105515
170.86,-27.793919,-8.153608,-0.2739881
170.87999,-32.6012,8.991381,0.36554214
170.9,34.700745,-3.827303,0.5254247
170.92,-13.372073,-9.755944,0.36554214
170.94,-37.40848,-6.230806,-0.2739881
170.95999,-18.179356,-10.076411,-0.114105515
170.98,53.92987,-16.966454,-0.114105515
171.0,29.893461,-13.281082,0.20565958
171.01999,1.049771,3.5434403,0.5254247
171.04,-32.6012,17.804228,0.5254247
171.06,25.08618,5.3060093,0.045777034
171.08,29.893461,10.75395,0.36554214
171.09999,63.54443,-56.063423,0.20565958
171.12,44.315308,7.8697467,0.20565958
171.14,10.664334,-33.951202,0.20565958
171.16,58.737152,12.676753,0.68530726
171.18,15.471616,-22.414392,0.36554214
171.2,15.471616,2.1013381,0.20565958
171.22,5.857053,-11.999213,0.045777034
171.23999,-8.564792,-39.399143,0.045777034
171.26,-8.564792,-14.562949,0.5254247
171.28,5.857053,-24.817896,-0.114105515
171.3,-22.986637,29.821747,0.20565958
171.31999,-3.7575107,17.323528,0.045777034
171.34,87.58084,-2.7056682,0.045777034
171.36,1.049771,-3.5068357,0.5254247
171.37999,1.049771,0.49900287,0.045777034
171.4,-22.986637,2.5820389,-0.2739881
171.42,34.700745,-8.954777,-0.114105515
171.44,-27.793919,5.6264763,0.045777034
171.45999,63.54443,-13.922015,0.36554214
171.48,73.159,-29.464666,0.20565958
171.5,-32.6012,8.670914,0.20565958
171.51999,-13.372073,2.902506,0.36554214
171.54,-47.023045,-14.402717,0.045777034
171.56,-27.793919,1.6206378,0.5254247
171.58,-27.793919,-1.5840333,-0.59375316
171.59999,44.315308,23.893103,0.36554214
171.62,5.857053,3.7036738,0.5254247
171.64,-3.7575107,3.3832066,0.045777034
171.66,-37.40848,17.163294,0.045777034
171.68,20.278896,1.4604042,-0.59375316
171.7,-27.793919,-26.099764,-0.114105515
171.72,15.471616,-59.588562,0.045777034
171.73999,10.664334,-2.8659017,0.045777034
171.76,63.54443,16.041658,0.045777034
171.78,29.893461,17.00306,-0.2739881
171.8,-22.986637,22.611235,0.5254247
171.81999,25.08618,4.825309,-0.114105515
171.84,1.049771,1.4604042,0.20565958
171.86,10.664334,19.887262,-0.4338706
171.87999,1.049771,-15.844818,-0.2739881
171.9,-3.7575107,-28.823734,-0.4338706
171.92,10.664334,32.70595,-0.2739881
171.94,53.92987,24.373804,0.045777034
171.95999,15.471616,3.8639073,0.045777034
171.98,-37.40848,64.432205,0.36554214
172.0,-18.179356,-0.9430991,0.68530726
172.01999,5.857053,9.792548,0.68530726
172.04,-42.215763,11.555119,0.045777034
172.06,29.893461,5.6264763,-0.2739881
172.08,-3.7575107,18.765629,-0.114105515
172.09999,10.664334,-0.62263197,-0.114105515
172.12,1.049771,29.501278,-0.114105515
172.14,44.315308,-2.0647337,-0.59375316
172.16,-8.564792,12.196053,0.20565958
172.18,5.857053,20.848665,0.68530726
172.2,25.08618,-6.8717403,0.20565958
172.22,5.857053,17.96446,0.20565958
172.23999,58.737152,-32.5091,0.045777034
172.26,-8.564792,-6.8717403,0.68530726
172.28,5.857053,4.825309,0.36554214
172.3,5.857053,-27.38163,-0.114105515
172.31999,5.857053,-9.435476,-0.4338706
172.34,5.857053,28.860344,-0.114105515
172.36,-13.372073,-19.369957,-0.114105515
172.37999,-13.372073,-13.120848,0.36554214
172.4,-22.986637,-24.657661,0.8451898
172.42,5.857053,-11.678746,0.5254247
172.44,58.737152,-0.46239844,-0.114105515
172.45999,-18.179356,6.5878778,0.5254247
172.48,1.049771,2.4218054,-0.114105515
172.5,5.857053,-14.402717,-0.114105515
172.51999,-3.7575107,41.839264,0.045777034
172.54,10.664334,8.670914,0.36554214
172.56,-3.7575107,8.670914,0.36554214
172.58,-8.564792,22.931702,0.68530726
172.59999,-47.023045,-3.6670694,0.36554214
172.62,10.664334,3.3832066,0.5254247
172.64,-37.40848,26.777308,0.36554214
172.66,-61.44489,28.21941,0.20565958
172.68,20.278896,-2.0647337,-0.2739881
172.7,1.049771,18.925863,-0.4338706
172.72,-3.7575107,6.7481112,-0.59375316
172.73999,10.664334,9.472081,0.5254247
172.76,-3.7575107,26.45684,0.68530726
172.78,10.664334,8.190214,0.36554214
172.8,39.508022,-18.568789,-0.2739881
172.81999,15.471616,18.605394,-0.114105515
172.84,-8.564792,11.715352,0.36554214
172.86,-18.179356,0.33876932,-0.59375316
172.87999,-32.6012,19.727032,-0.114105515
172.9,5.857053,3.7036738,-0.2739881
172.92,1.049771,10.593717,-0.2739881
172.94,1.049771,33.827583,0.045777034
172.95999,-47.023045,27.738708,0.68530726
172.98,10.664334,21.4896,0.36554214
173.0,-3.7575107,3.0627398,0.045777034
173.01999,29.893461,2.261572,-0.4338706
173.04,1.049771,-9.916177,-0.2739881
173.06,-8.564792,7.228812,-0.2739881
173.08,10.664334,27.578474,-0.114105515
173.09999,5.857053,2.7422726,0.045777034
173.12,5.857053,-1.4237996,-0.2739881
173.14,20.278896,-0.9430991,0.20565958
173.16,29.893461,-37.47634,-0.2739881
173.18,-18.179356,9.311849,0.045777034
173.2,58.737152,-18.088087,-0.2739881
173.22,-18.179356,4.6650753,-0.114105515
173.23999,20.278896,-2.0647337,0.20565958
173.26,-3.7575107,14.920023,0.045777034
173.28,-22.986637,-0.7828655,-0.2739881
173.3,-13.372073,-17.76762,-0.9135183
173.31999,-13.372073,7.549279,-0.2739881
173.34,25.08618,-48.85292,0.20565958
173.36,-3.7575107,8.991381,-0.4338706
173.37999,-18.179356,-2.385201,-0.114105515
173.4,-85.48129,5.3060093,0.68530726
173.42,5.857053,-4.3080034,-0.2739881
173.44,34.700745,-35.71377,0.045777034
173.45999,-22.986637,-3.827303,-0.114105515
173.48,1.049771,2.1013381,-0.2739881
173.5,10.664334,70.04038,-0.114105515
173.51999,5.857053,3.7036738,-0.7536357
173.54,-8.564792,-66.158134,-1.0734009
173.56,10.664334,-8.954777,-0.4338706
173.58,10.664334,-6.0705724,-0.114105515
173.59999,-3.7575107,25.49544,-0.2739881
173.62,5.857053,-1.7442669,0.36554214
173.64,20.278896,-17.126686,0.20565958
173.66,-22.986637,-5.429638,-0.4338706
173.68,1.049771,-2.7056682,-0.114105515
173.7,-51.830326,-15.203884,-0.114105515
173.72,29.893461,-6.711507,-0.114105515
173.73999,-42.215763,4.3446083,-0.4338706
173.76,39.508022,-29.945368,-0.114105515
173.78,-8.564792,16.52236,-0.59375316
173.8,-22.986637,46.96674,0.045777034
173.81999,-8.564792,32.545715,0.5254247
173.84,-8.564792,24.213572,-0.2739881
173.86,5.857053,-21.292757,-0.2739881
173.87999,15.471616,9.952783,-0.114105515
173.9,1.049771,21.0089,-0.114105515
173.92,-32.6012,14.1188545,-0.2739881
173.94,25.08618,5.6264763,0.5254247
173.95999,5.857053,-0.14193134,0.045777034
173.98,-8.564792,45.52464,0.5254247
174.0,15.471616,7.549279,0.20565958
174.01999,15.471616,1.3001705,0.20565958
174.04,-8.564792,-6.8717403,-0.114105515
174.06,1.049771,-48.37222,0.045777034
174.08,1.049771,-8.153608,-0.114105515
174.09999,-51.830326,5.466243,-0.4338706
174.12,1.049771,24.053337,0.045777034
174.14,15.471616,3.7036738,-0.114105515
174.16,5.857053,10.27325,0.8451898
174.18,-3.7575107,22.130533,-0.114105515
174.2,-22.986637,6.4276443,0.68530726
174.22,34.700745,12.196053,0.20565958
174.23999,-8.564792,-15.04365,-0.114105515
174.26,25.08618,-2.2249672,-0.2739881
174.28,-27.793919,-10.236644,0.045777034
174.3,53.92987,-15.524351,0.5254247
174.31999,44.315308,-4.3080034,0.045777034
174.34,-3.7575107,10.433483,-0.4338706
174.36,1.049771,-11.358279,0.045777034
174.37999,-8.564792,17.96446,0.20565958
174.4,20.278896,-13.441315,0.36554214
174.42,5.857053,11.074417,1.0050724
174.44,-18.179356,-6.230806,0.5254247
174.45999,1.049771,10.113016,-0.114105515
174.48,5.857053,13.798388,0.045777034
174.5,20.278896,-0.14193134,-0.4338706
174.51999,-8.564792,16.362125,0.045777034
174.54,29.893461,4.024141,0.36554214
174.56,20.278896,41.67903,0.20565958
174.58,15.471616,-12.159447,0.045777034
174.59999,15.471616,-5.2694044,-0.114105515
174.62,-27.793919,-4.14777,0.36554214
174.64,25.08618,-18.889254,-0.114105515
174.66,1.049771,4.024141,0.045777034
174.68,-27.793919,33.186653,0.20565958
174.7,-22.986637,-22.414392,-0.2739881
174.72,63.54443,2.7422726,0.8451898
174.73999,39.508022,-45.32778,0.045777034
174.76,29.893461,10.75395,-0.114105515
174.78,-3.7575107,7.0685787,0.36554214
174.8,-8.564792,6.2674108,0.68530726
174.81999,25.08618,27.898943,0.68530726
174.84,-8.564792,-27.061165,-0.114105515
174.86,15.471616,-34.912605,-0.114105515
174.87999,25.08618,-11.518513,0.20565958
174.9,15.471616,10.433483,0.20565958
174.92,-22.986637,37.67319,0.68530726
174.94,-22.986637,-7.672908,0.045777034
174.95999,5.857053,11.875586,-0.2739881
174.98,-3.7575107,2.261572,0.36554214
175.0,1.049771,-4.948938,0.36554214
175.01999,44.315308,0.9797035,0.045777034
175.04,-18.179356,28.860344,0.68530726
175.06,10.664334,2.261572,-0.4338706
175.08,-8.564792,12.196053,0.045777034
175.09999,53.92987,-10.877579,-0.4338706
175.12,10.664334,6.5878778,0.36554214
175.14,15.471616,2.902506,0.045777034
175.16,-3.7575107,4.024141,0.045777034
175.18,-3.7575107,-78.33588,-0.59375316
175.2,-13.372073,11.715352,-0.114105515
175.22,25.08618,-16.325518,-0.114105515
175.23999,20.278896,-42.924282,-0.114105515
175.26,25.08618,-22.414392,-0.2739881
175.28,-3.7575107,23.252169,-0.114105515
175.3,15.471616,-13.922015,-0.2739881
175.31999,-13.372073,-28.503265,-0.7536357
175.34,-32.6012,-9.115009,-0.7536357
175.36,-22.986637,-3.9875362,-0.59375316
175.37999,5.857053,4.3446083,-0.114105515
175.4,-37.40848,-11.358279,0.045777034
175.42,1.049771,1.9411048,-0.114105515
175.44,-32.6012,1.4604042,-0.2739881
175.45999,10.664334,-11.678746,-0.4338706
175.48,1.049771,-3.026135,-0.114105515
175.5,5.857053,-18.408554,0.20565958
175.51999,5.857053,17.804228,0.045777034
175.54,-18.179356,-13.441315,0.045777034
175.56,-3.7575107,-12.31968,0.045777034
175.58,20.278896,0.018302217,0.20565958
175.59999,25.08618,5.9469438,-0.114105515
175.62,5.857053,21.810066,-0.114105515
175.64,29.893461,36.391323,0.045777034
175.66,-22.986637,-6.3910394,0.20565958
175.68,-8.564792,-2.8659017,0.20565958
175.7,-47.023045,-9.755944,0.5254247
175.72,20.278896,-20.331356,-0.4338706
175.73999,-13.372073,-30.746534,-0.2739881
175.76,-13.372073,16.20189,-0.114105515
175.78,-3.7575107,-27.2214,0.045777034
175.8,-8.564792,-19.530188,-0.114105515
175.81999,-22.986637,29.18081,-0.2739881
175.84,-47.023045,-4.7887044,0.5254247
175.86,-3.7575107,23.893103,-0.114105515
175.87999,1.049771,59.30473,0.20565958
175.9,-27.793919,-12.479914,0.20565958
175.92,1.049771,-34.752373,-0.4338706
175.94,-3.7575107,-6.0705724,0.045777034
175.95999,-22.986637,-3.3466022,-0.114105515
175.98,1.049771,-1.5840333,0.045777034
176.0,5.857053,1.9411048,-1.0734009
176.01999,-8.564792,-29.945368,0.36554214
176.04,5.857053,0.81947,0.20565958
176.06,-3.7575107,16.362125,-0.114105515
176.08,-18.179356,35.269688,1.0050724
176.09999,5.857053,19.566797,0.5254247
176.12,49.122585,19.887262,0.36554214
176.14,5.857053,28.21941,0.045777034
176.16,-8.564792,-25.779295,-0.59375316
176.18,44.315308,3.0627398,-0.4338706
176.2,5.857053,-16.485752,-0.2739881
176.22,-3.7575107,-21.773457,-0.59375316
176.23999,-27.793919,0.81947,-0.2739881
176.26,5.857053,12.676753,0.20565958
176.28,10.664334,-20.171124,0.045777034
176.3,-8.564792,-5.910339,-0.4338706
176.31999,5.857053,1.7808713,-0.114105515
176.34,-42.215763,-19.369957,-0.9135183
176.36,10.664334,33.827583,-0.2739881
176.37999,5.857053,-18.248322,0.045777034
176.4,15.471616,-12.159447,-0.59375316
176.42,1.049771,-10.076411,0.045777034
176.44,-27.793919,18.925863,0.20565958
176.45999,5.857053,-34.752373,-0.2739881
176.48,-18.179356,9.472081,-0.4338706
176.5,-8.564792,7.228812,-0.114105515
176.51999,-32.6012,-45.16755,0.045777034
176.54,10.664334,-5.910339,-0.114105515
176.56,-13.372073,-5.589872,-0.114105515
176.58,-32.6012,-4.6284704,-0.114105515
176.59999,29.893461,1.7808713,-0.7536357
176.62,87.58084,9.151615,-0.59375316
176.64,-13.372073,-38.91844,-0.2739881
176.66,-71.05945,-20.651823,-0.59375316
176.68,49.122585,4.825309,0.045777034
176.7,29.893461,25.49544,-0.4338706
176.72,34.700745,13.477921,0.045777034
176.73999,25.08618,20.207731,-0.2739881
176.76,10.664334,-60.870426,-0.2739881
176.78,-27.793919,0.81947,-0.114105515
176.8,-42.215763,26.296606,-0.2739881
176.81999,53.92987,-12.31968,0.045777034
176.84,-13.372073,2.1013381,-1.0734009
176.86,-3.7575107,-8.634309,0.045777034
176.87999,-66.25217,-0.14193134,-0.2739881
176.9,-3.7575107,4.825309,0.36554214
176.92,-27.793919,-33.470505,0.045777034
176.94,5.857053,-28.503265,-0.114105515
176.95999,1.049771,-19.850657,-0.2739881
176.98,20.278896,-23.375792,-0.4338706
177.0,49.122585,-19.369957,0.20565958
177.01999,25.08618,-19.530188,0.5254247
177.04,-3.7575107,-2.2249672,-0.114105515
177.06,10.664334,25.976141,-0.114105515
177.08,5.857053,11.875586,0.20565958
177.09999,10.664334,31.744547,-0.114105515
177.12,20.278896,-9.275244,0.045777034
177.14,-32.6012,-0.9430991,0.20565958
177.16,5.857053,-10.717345,0.36554214
177.18,-3.7575107,-11.358279,0.045777034
177.2,20.278896,17.163294,0.045777034
177.22,-8.564792,4.9855423,0.5254247
177.23999,-18.179356,1.7808713,0.5254247
177.26,-42.215763,-5.1091714,0.045777034
177.28,-37.40848,10.113016,-0.114105515
177.3,5.857053,38.95506,0.045777034
177.31999,1.049771,11.234652,0.045777034
177.34,-13.372073,-12.640147,-0.114105515
177.36,-22.986637,10.113016,0.68530726
177.37999,15.471616,15.72119,0.68530726
177.4,44.315308,-11.037811,-0.114105515
177.42,-13.372073,-3.9875362,0.045777034
177.44,-27.793919,-15.524351,-1.0734009
177.45999,-13.372073,27.097775,-0.114105515
177.48,49.122585,5.466243,0.5254247
177.5,1.049771,13.317687,0.045777034
177.51999,15.471616,-1.1033326,-0.114105515
177.54,-32.6012,20.047497,-0.2739881
177.56,20.278896,10.433483,-0.4338706
177.58,-8.564792,5.6264763,0.5254247
177.59999,-13.372073,-1.7442669,-0.114105515
177.62,1.049771,-12.960614,0.045777034
177.64,1.049771,3.3832066,-0.7536357
177.65999,-22.986637,-9.435476,-0.114105515
177.68,-8.564792,-16.005053,-0.59375316
177.7,29.893461,-6.0705724,-0.114105515
177.72,20.278896,-9.275244,0.20565958
177.73999,-32.6012,-28.022566,0.045777034
177.76,15.471616,-11.678746,0.5254247
177.78,10.664334,1.4604042,0.36554214
177.8,-8.564792,-22.574625,0.045777034
177.81999,5.857053,-5.2694044,-0.2739881
177.84,-22.986637,-9.115009,-0.2739881
177.86,5.857053,22.130533,-0.114105515
177.87999,-22.986637,32.22525,0.8451898
177.9,15.471616,19.406563,0.20565958
177.92,34.700745,-0.7828655,-0.4338706
177.94,-18.179356,7.228812,0.045777034
177.95999,34.700745,31.584314,1.0050724
177.98,-22.986637,1.139937,0.045777034
178.0,-8.564792,-15.844818,0.36554214
178.01999,68.35171,30.142212,0.5254247
178.04,5.857053,1.139937,0.20565958
178.06,15.471616,2.1013381,-0.2739881
178.08,25.08618,9.311849,0.20565958
178.09999,1.049771,26.136374,0.20565958
178.12,20.278896,-14.723184,-0.2739881
178.14,15.471616,-21.613226,0.045777034
178.15999,10.664334,-28.022566,-0.114105515
178.18,20.278896,21.0089,0.20565958
178.2,-32.6012,-10.557112,0.5254247
178.22,-8.564792,-26.740696,0.045777034
178.23999,29.893461,10.593717,0.045777034
178.26,44.315308,0.49900287,0.20565958
178.28,-8.564792,41.9995,-0.114105515
178.3,20.278896,-7.192207,0.36554214
178.31999,10.664334,16.20189,0.5254247
178.34,5.857053,-23.21556,-0.4338706
178.36,1.049771,11.715352,0.20565958
178.37999,-8.564792,-1.4237996,0.5254247
178.4,49.122585,-13.281082,-0.2739881
178.42,-8.564792,8.831148,-0.114105515
178.44,63.54443,11.394884,0.36554214
178.45999,10.664334,16.842825,0.36554214
178.48,5.857053,11.875586,0.5254247
178.5,-32.6012,5.9469438,0.20565958
178.51999,34.700745,25.014738,0.20565958
178.54,15.471616,20.367966,0.20565958
178.56,1.049771,15.400723,0.20565958
178.58,-22.986637,-7.672908,0.045777034
178.59999,1.049771,8.350447,-1.0734009
178.62,1.049771,16.842825,-0.59375316
178.64,-56.637608,6.7481112,-0.114105515
178.65999,15.471616,-39.879845,0.045777034
178.68,-22.986637,-8.794542,0.5254247
178.7,29.893461,-10.396878,-0.59375316
178.72,-13.372073,3.3832066,-0.2739881
178.73999,10.664334,5.466243,-0.114105515
178.76,-13.372073,32.866184,-0.2739881
178.78,29.893461,-13.922015,-0.4338706
178.8,49.122585,-10.396878,0.20565958
178.81999,10.664334,-6.0705724,0.36554214
178.84,49.122585,-18.568789,0.5254247
178.86,-3.7575107,29.98198,0.68530726
178.87999,10.664334,-8.474075,0.20565958
178.9,-22.986637,-20.651823,0.045777034
178.92,10.664334,0.6592364,0.68530726
178.94,10.664334,9.632316,0.68530726
178.95999,1.049771,29.18081,0.36554214
178.98,-3.7575107,4.504842,0.045777034
179.0,-18.179356,8.350447,-0.2739881
179.01999,-18.179356,14.599556,0.36554214
179.04,-3.7575107,-1.4237996,-0.114105515
179.06,34.700745,-15.524351,0.045777034
179.08,73.159,-7.5126743,0.045777034
179.09999,-8.564792,-12.31968,0.045777034
179.12,-3.7575107,-23.21556,0.045777034
179.14,-37.40848,-4.468237,0.36554214
179.15999,-8.564792,26.617075,0.5254247
179.18,58.737152,15.560958,0.045777034
179.2,15.471616,-1.7442669,0.045777034
179.22,53.92987,-1.5840333,-0.2739881
179.23999,25.08618,3.0627398,0.20565958
179.26,34.700745,3.3832066,0.045777034
179.28,10.664334,1.4604042,0.20565958
179.3,5.857053,4.024141,0.045777034
179.31999,-90.288574,-7.5126743,0.68530726
179.34,44.315308,6.908345,0.36554214
179.36,25.08618,-1.2635663,0.20565958
179.37999,25.08618,-5.1091714,0.20565958
179.4,5.857053,43.12113,0.20565958
179.42,15.471616,27.418243,0.20565958
179.44,-18.179356,12.99722,0.36554214
179.45999,-32.6012,9.472081,0.045777034
179.48,-18.179356,-13.761782,0.045777034
179.5,-27.793919,-3.026135,-0.2739881
179.51999,5.857053,-2.385201,0.20565958
179.54,1.049771,13.798388,-0.114105515
179.56,-3.7575107,-8.634309,0.045777034
179.58,-3.7575107,-14.242482,-0.114105515
179.59999,-22.986637,9.151615,-0.114105515
179.62,1.049771,-1.5840333,0.045777034
179.64,-8.564792,6.1071773,-0.4338706
179.65999,44.315308,-28.343033,-0.114105515
179.68,-13.372073,17.96446,0.36554214
179.7,20.278896,-13.120848,0.36554214
179.72,-51.830326,7.549279,-0.114105515
179.73999,-18.179356,-24.016727,-0.2739881
179.76,15.471616,6.2674108,-0.4338706
179.78,10.664334,14.599556,0.045777034
179.8,-37.40848,-3.3466022,-0.114105515
179.81999,-13.372073,-1.4237996,-0.2739881
179.84,-37.40848,-74.81074,-0.59375316
179.86,-47.023045,5.6264763,-0.114105515
179.87999,-61.44489,-24.17696,0.20565958
179.9,15.471616,9.151615,-0.4338706
179.92,5.857053,24.534037,0.20565958
179.94,-32.6012,37.67319,0.045777034
179.95999,-32.6012,-18.088087,-0.114105515
179.98,-13.372073,-1.5840333,0.5254247
180.0,-3.7575107,46.96674,0.045777034
180.01999,279.8721,-23.69626,11.717204
180.04,-80.67402,141.9853,-4.4309344
180.06,5.857053,22.611235,-1.2332834
180.08,-22.986637,6.1071773,-0.2739881
180.09999,49.122585,19.727032,-0.4338706
180.12,-42.215763,-3.1863687,-1.2332834
180.14,-22.986637,54.017017,-0.59375316
180.15999,82.77356,22.77147,-0.4338706
180.18,-66.25217,5.9469438,-0.2739881
180.2,-56.637608,-7.192207,-0.59375316
180.22,-13.372073,31.424084,-0.7536357
180.23999,-42.215763,-7.352441,-0.59375316
180.26,-27.793919,8.831148,-0.7536357
180.28,-32.6012,-1.2635663,-0.114105515
180.3,-66.25217,23.412403,-0.59375316
180.31999,-66.25217,0.49900287,-0.4338706
180.34,-47.023045,-3.5068357,0.045777034
180.36,-13.372073,-37.957043,-0.7536357
180.37999,-42.215763,-21.132523,-0.59375316
180.4,-51.830326,-9.59571,-0.4338706
180.42,-51.830326,-26.42023,-0.4338706
180.44,-61.44489,-35.07284,-0.7536357
180.45999,-47.023045,-7.192207,-0.59375316
180.48,-85.48129,-5.589872,-0.114105515
180.5,-47.023045,13.638155,-0.4338706
180.51999,-61.44489,20.207731,-0.2739881
180.54,-75.86674,14.759789,-0.4338706
180.56,-32.6012,-18.889254,-0.59375316
180.58,-61.44489,9.952783,-0.4338706
180.59999,-71.05945,-14.723184,-0.59375316
180.62,-56.637608,12.8369875,-0.2739881
180.64,-85.48129,27.738708,-0.2739881
180.65999,20.278896,-19.690422,-0.59375316
180.68,-80.67402,-16.325518,-0.4338706
180.7,-56.637608,-38.437744,-0.4338706
180.72,-61.44489,-7.5126743,0.045777034
180.73999,-61.44489,-47.731285,-0.4338706
180.76,-85.48129,17.483759,-0.7536357
180.78,-47.023045,14.439322,-0.59375316
180.8,-104.71042,3.3832066,-0.4338706
180.81999,-71.05945,-26.90093,-0.114105515
180.84,-51.830326,-3.026135,-0.114105515
180.86,-32.6012,-10.076411,-0.4338706
180.87999,-95.09586,-9.435476,-0.2739881
180.9,-66.25217,2.7422726,-0.59375316
180.92,-32.6012,16.682592,-0.2739881
180.94,-47.023045,21.169132,-0.2739881
180.95999,-71.05945,3.5434403,0.36554214
180.98,-51.830326,-17.286919,-0.7536357
181.0,-32.6012,-15.04365,-0.4338706
181.01999,-90.288574,6.5878778,-0.4338706
181.04,-71.05945,34.46852,-0.114105515
181.06,-75.86674,20.367966,0.20565958
181.08,-80.67402,-11.037811,-0.4338706
181.09999,-37.40848,-6.0705724,-0.2739881
181.12,-138.36139,-1.7442669,-0.2739881
181.14,-80.67402,-11.358279,-0.4338706
181.15999,-157.59052,2.7422726,-0.59375316
181.18,-109.5177,1.139937,-0.59375316
181.2,-85.48129,-3.026135,-0.4338706
181.22,-80.67402,38.474358,-0.59375316
181.23999,-99.903145,18.445162,-0.2739881
181.26,-75.86674,6.7481112,-0.59375316
181.28,-56.637608,12.356286,-0.2739881
181.3,-85.48129,43.601833,-0.2739881
181.31999,-99.903145,11.074417,-0.4338706
181.34,-71.05945,1.3001705,-0.114105515
181.36,-90.288574,9.311849,-0.2739881
181.37999,-99.903145,-3.6670694,0.045777034
181.4,-123.93955,-47.250584,-0.2739881
181.42,-75.86674,-9.916177,-0.59375316
181.44,-99.903145,-5.2694044,0.045777034
181.45999,-99.903145,25.976141,-0.114105515
181.48,-85.48129,21.810066,0.045777034
181.5,-85.48129,10.75395,-0.114105515
181.51999,-119.13227,12.035819,0.045777034
181.54,-109.5177,-10.076411,-0.2739881
181.56,-80.67402,-34.111435,-0.4338706
181.58,-85.48129,-19.049488,-0.4338706
181.59999,-109.5177,1.7808713,-0.4338706
181.62,-85.48129,4.3446083,-0.114105515
181.64,-95.09586,-9.115009,-0.4338706
181.65999,-90.288574,-3.026135,-0.59375316
181.68,-85.48129,15.24049,-0.114105515
181.7,-123.93955,5.9469438,-0.7536357
181.72,-104.71042,-15.203884,-1.5530485
181.73999,-80.67402,4.3446083,-0.4338706
181.76,-90.288574,-11.999213,-0.2739881
181.78,-80.67402,3.5434403,-0.7536357
181.8,-85.48129,-22.254158,-0.9135183
181.81999,-104.71042,0.81947,-0.4338706
181.84,-99.903145,16.682592,-0.4338706
181.86,-95.09586,-17.927853,-0.2739881
181.87999,-138.36139,-23.856495,-0.4338706
181.9,-85.48129,8.670914,-0.2739881
181.92,-99.903145,24.213572,-0.7536357
181.94,-119.13227,-11.518513,-0.59375316
181.95999,-143.16867,1.139937,-0.59375316
181.98,-22.986637,15.560958,-0.114105515
182.0,-109.5177,-1.1033326,-0.2739881
182.01999,-90.288574,8.510681,-0.2739881
182.04,-119.13227,28.059177,-0.4338706
182.06,-128.74683,-13.281082,-1.0734009
182.08,-85.48129,-1.2635663,-0.59375316
182.09999,5.857053,22.77147,-0.7536357
182.12,-61.44489,8.190214,-0.2739881
182.14,-119.13227,-29.945368,-0.4338706
182.15999,-143.16867,-17.76762,-0.7536357
182.18,-66.25217,1.3001705,-0.59375316
182.2,-119.13227,-0.30216488,-0.4338706
182.22,-133.55412,-24.817896,-0.4338706
182.23999,-104.71042,-9.115009,-0.2739881
182.26,-143.16867,-6.711507,-1.0734009
182.28,-104.71042,-0.14193134,0.045777034
182.3,-80.67402,12.51652,-0.7536357
182.31999,-119.13227,-1.7442669,-0.4338706
182.34,-119.13227,-11.678746,-0.2739881
182.36,-71.05945,-34.912605,-0.4338706
182.37999,-104.71042,-36.194473,-0.4338706
182.4,-128.74683,-5.910339,-0.114105515
182.42,-80.67402,-6.711507,-0.59375316
182.44,-133.55412,12.51652,0.045777034
182.45999,-133.55412,-0.46239844,-0.2739881
182.48,-80.67402,23.572638,-0.114105515
182.5,-119.13227,16.682592,-0.2739881
182.51999,-109.5177,-6.5512733,-0.2739881
182.54,-143.16867,8.831148,-0.2739881
182.56,-95.09586,32.22525,0.20565958
182.58,-162.3978,9.792548,-0.4338706
182.59999,-99.903145,-2.7056682,-0.114105515
182.62,-147.97597,-23.375792,0.36554214
182.64,-133.55412,-3.9875362,-0.4338706
182.65999,-109.5177,29.020578,-0.2739881
182.68,-119.13227,0.17853576,-0.2739881
182.7,-167.20508,-20.331356,-0.2739881
182.72,-147.97597,-37.79681,0.045777034
182.73999,-133.55412,-28.182798,0.045777034
182.76,-123.93955,-18.248322,-0.59375316
182.78,-133.55412,-18.248322,-0.114105515
182.8,-147.97597,-4.948938,-0.59375316
182.81999,-157.59052,-42.924282,-0.9135183
182.84,-123.93955,7.228812,0.045777034
182.86,-123.93955,-17.607388,-0.2739881
182.87999,-123.93955,3.2229733,0.045777034
182.9,-191.24149,19.566797,-0.4338706
182.92,-123.93955,-12.640147,-0.4338706
182.94,-85.48129,12.356286,0.045777034
182.95999,-95.09586,-5.2694044,-0.114105515
182.98,-138.36139,25.815907,-0.4338706
183.0,-167.20508,-7.833141,-0.7536357
183.01999,-114.32499,24.373804,-0.2739881
183.04,-133.55412,0.018302217,-0.2739881
183.06,-138.36139,6.5878778,0.36554214
183.08,-172.01237,69.71992,-0.2739881
183.09999,-143.16867,20.68843,0.20565958
183.12,-147.97597,2.1013381,0.36554214
183.14,-128.74683,-10.396878,-0.9135183
183.15999,-51.830326,8.350447,-0.4338706
183.18,-123.93955,6.5878778,-0.2739881
183.2,-128.74683,8.350447,0.045777034
183.22,-133.55412,13.798388,-0.114105515
183.23999,-128.74683,-47.41082,0.20565958
183.26,-119.13227,4.184375,0.045777034
183.28,-147.97597,22.77147,0.36554214
183.3,-143.16867,-4.6284704,-0.4338706
183.31999,-109.5177,11.715352,0.045777034
183.34,-133.55412,4.504842,0.68530726
183.36,-133.55412,-3.026135,-0.2739881
183.37999,-147.97597,-8.794542,-0.114105515
183.4,-99.903145,4.184375,-0.2739881
183.42,-162.3978,-10.396878,-0.7536357
183.44,-128.74683,8.831148,-0.2739881
183.45999,-133.55412,27.738708,0.20565958
183.48,-123.93955,14.920023,0.045777034
183.5,-123.93955,-0.30216488,-0.114105515
183.51999,-172.01237,12.8369875,0.20565958
183.54,-172.01237,-25.619062,0.20565958
183.56,-152.78323,0.49900287,0.5254247
183.58,-152.78323,-13.120848,0.5254247
183.59999,-200.85605,-5.2694044,0.20565958
183.62,-181.62692,-57.986225,0.045777034
183.64,-128.74683,12.356286,0.20565958
183.65999,-167.20508,5.6264763,0.5254247
183.68,-181.62692,-32.5091,0.045777034
183.7,-162.3978,-2.0647337,-0.114105515
183.72,-200.85605,32.70595,0.045777034
183.73999,-196.04878,-51.416653,-0.2739881
183.76,-157.59052,10.75395,0.20565958
183.78,-143.16867,-33.951202,0.045777034
183.8,-143.16867,15.080256,-0.4338706
183.81999,-123.93955,-0.14193134,0.045777034
183.84,-176.81964,10.593717,0.8451898
183.86,-119.13227,-14.402717,0.36554214
183.87999,-128.74683,-24.978128,0.045777034
183.9,-172.01237,-2.2249672,0.045777034
183.92,-143.16867,-30.426067,-0.4338706
183.94,-162.3978,-3.3466022,0.20565958
183.95999,-119.13227,-24.497427,0.20565958
183.98,-99.903145,19.246328,0.36554214
184.0,-176.81964,-32.34887,0.045777034
184.01999,-152.78323,19.727032,0.20565958
184.04,-239.31432,-7.833141,-0.114105515
184.06,-152.78323,21.169132,0.045777034
184.08,-143.16867,4.504842,-0.2739881
184.09999,-181.62692,0.9797035,-0.2739881
184.12,-167.20508,-10.717345,-0.4338706
184.14,-147.97597,-3.6670694,0.5254247
184.15999,-167.20508,5.78671,-0.2739881
184.18,-191.24149,-13.281082,-0.4338706
184.2,-128.74683,11.555119,-0.4338706
184.22,-186.4342,2.7422726,0.20565958
184.23999,-196.04878,14.279089,-0.4338706
184.26,-196.04878,-10.076411,-0.114105515
184.28,-157.59052,4.504842,-0.114105515
184.3,-143.16867,65.233376,-0.114105515
184.31999,-167.20508,-0.9430991,0.20565958
184.34,-191.24149,11.875586,-0.4338706
184.36,-152.78323,5.466243,0.20565958
184.37999,-147.97597,-2.8659017,0.5254247
184.4,-244.12158,-10.877579,0.20565958
184.42,-196.04878,-5.429638,-0.114105515
184.44,-181.62692,6.5878778,-0.4338706
184.45999,-263.3507,2.5820389,-0.2739881
184.48,-147.97597,-2.2249672,-0.4338706
184.5,-205.66333,52.414684,-0.114105515
184.51999,-147.97597,3.5434403,0.20565958
184.54,-167.20508,-45.488014,-0.7536357
184.56,-205.66333,10.593717,-0.4338706
184.58,-186.4342,12.356286,-0.9135183
184.59999,-200.85605,-20.972292,-0.114105515
184.62,-200.85605,0.49900287,0.20565958
184.64,-181.62692,11.394884,0.045777034
184.65999,-200.85605,-12.960614,-0.59375316
184.68,-133.55412,3.7036738,-0.59375316
184.7,-200.85605,-2.8659017,-0.4338706
184.72,-277.77255,-0.14193134,-0.2739881
184.73999,-181.62692,8.350447,-0.4338706
184.76,-196.04878,5.6264763,-0.2739881
184.78,-143.16867,-25.45883,-0.2739881
184.8,-229.69974,-7.833141,-0.4338706
184.81999,-200.85605,-9.59571,-0.2739881
184.84,-210.47061,-1.4237996,0.045777034
184.86,-239.31432,-7.5126743,-0.2739881
184.87999,-210.47061,-11.198046,0.20565958
184.9,-172.01237,1.4604042,0.20565958
184.92,-229.69974,5.3060093,-0.2739881
184.94,-224.89246,-24.016727,-0.114105515
184.95999,-186.4342,-14.723184,-0.4338706
184.98,-215.2779,-15.844818,-0.9135183
185.0,-239.31432,-23.375792,-0.114105515
185.01999,-220.08519,-17.286919,-0.2739881
185.04,-167.20508,-1.9045002,0.68530726
185.06,-224.89246,2.5820389,-0.114105515
185.08,-196.04878,-34.111435,0.36554214
185.09999,-248.92886,-24.978128,-0.2739881
185.12,-196.04878,-16.165285,0.045777034
185.14,-210.47061,-19.850657,-0.59375316
185.15999,-210.47061,-8.153608,-0.4338706
185.18,-200.85605,-18.408554,-0.2739881
185.2,-215.2779,-35.393307,0.045777034
185.22,-215.2779,16.52236,-0.114105515
185.23999,-215.2779,-23.69626,-0.59375316
185.26,-215.2779,-1.9045002,-0.114105515
185.28,-220.08519,-25.138361,0.68530726
185.3,-244.12158,-10.076411,0.045777034
185.31999,-176.81964,0.6592364,-0.114105515
185.34,-268.158,-10.877579,-0.4338706
185.36,-167.20508,-0.9430991,-0.2739881
185.37999,-200.85605,-7.993375,-0.2739881
185.4,-215.2779,3.8639073,-0.114105515
185.42,-220.08519,13.317687,0.045777034
185.44,-181.62692,-23.69626,-0.2739881
185.45999,-176.81964,6.908345,-0.2739881
185.48,-220.08519,-8.313842,0.045777034
185.5,-224.89246,41.5188,0.68530726
185.51999,-181.62692,4.024141,-0.2739881
185.54,-220.08519,-7.672908,-0.114105515
185.56,-224.89246,-25.779295,0.20565958
185.58,-210.47061,-56.70436,-0.4338706
185.59999,-210.47061,12.356286,0.045777034
185.62,-128.74683,-10.717345,-0.2739881
185.64,-181.62692,-3.5068357,-0.7536357
185.65999,-196.04878,6.5878778,-0.114105515
185.68,-239.31432,-18.088087,-0.114105515
185.7,-186.4342,-9.115009,-0.4338706
185.72,-229.69974,-1.7442669,-0.2739881
185.73999,-253.73613,6.5878778,-0.4338706
185.76,-220.08519,-1.5840333,-0.4338706
185.78,-191.24149,10.75395,0.20565958
185.8,-220.08519,4.184375,-0.2739881
185.81999,-119.13227,-11.198046,-0.4338706
185.84,-200.85605,-2.2249672,-0.2739881
185.86,-234.50702,15.080256,0.045777034
185.87999,-196.04878,7.0685787,-0.59375316
185.9,-196.04878,14.279089,-0.59375316
185.92,-191.24149,-9.275244,-0.2739881
185.94,-205.66333,19.887262,-0.114105515
185.95999,-215.2779,-17.286919,0.045777034
185.98,-224.89246,-2.2249672,0.20565958
186.0,-248.92886,8.510681,-0.4338706
186.01999,-239.31432,37.67319,-0.2739881
186.04,-205.66333,15.24049,-0.114105515
186.06,-220.08519,0.81947,0.20565958
186.08,-224.89246,-16.165285,0.045777034
186.09999,-277.77255,27.738708,0.20565958
186.12,-210.47061,23.732868,-0.114105515
186.14,-200.85605,22.77147,0.36554214
186.15999,-234.50702,5.78671,-0.4338706
186.18,-200.85605,-10.557112,-0.114105515
186.2,-205.66333,5.3060093,0.045777034
186.22,-272.96527,-7.5126743,0.045777034
186.23999,-210.47061,-40.841244,-0.59375316
186.26,-253.73613,-20.01089,0.045777034
186.28,-157.59052,10.914185,0.20565958
186.3,-244.12158,-24.817896,0.045777034
186.31999,-268.158,-17.447153,0.20565958
186.34,-244.12158,3.0627398,0.20565958
186.36,-234.50702,-13.441315,-1.0734009
186.37999,-215.2779,18.605394,0.045777034
186.4,-215.2779,-20.972292,0.20565958
186.42,-205.66333,-7.352441,0.20565958
186.44,-258.54343,-6.5512733,0.045777034
186.45999,-253.73613,4.184375,0.045777034
186.48,-210.47061,19.727032,-0.114105515
186.5,-292.1944,52.574917,0.36554214
186.51999,-215.2779,3.7036738,0.20565958
186.54,-205.66333,-15.04365,0.36554214
186.56,-263.3507,-13.441315,-0.2739881
186.58,-253.73613,8.190214,-0.114105515
186.59999,-234.50702,29.821747,-0.59375316
186.62,-253.73613,16.041658,-0.114105515
186.64,-224.89246,-24.657661,-0.4338706
186.65999,-229.69974,15.72119,-0.114105515
186.68,-239.31432,-13.601548,-0.4338706
186.7,-258.54343,10.433483,-0.59375316
186.72,-234.50702,-9.755944,-0.4338706
186.73999,-234.50702,-28.823734,-0.2739881
186.76,-244.12158,-12.960614,-0.114105515
186.78,-234.50702,-10.236644,-0.114105515
186.8,-277.77255,-3.5068357,-0.2739881
186.81999,-239.31432,2.5820389,0.045777034
186.84,-263.3507,-51.73712,-0.2739881
186.86,-258.54343,-32.989803,-0.59375316
186.87999,-234.50702,26.777308,0.36554214
186.9,-272.96527,3.3832066,-0.114105515
186.92,-268.158,4.024141,0.36554214
186.94,-258.54343,-0.62263197,0.5254247
186.95999,-224.89246,-13.441315,-0.59375316
186.98,-224.89246,4.9855423,-0.59375316
187.0,-244.12158,56.260292,-0.4338706
187.01999,-205.66333,10.433483,-0.2739881
187.04,-224.89246,-35.71377,-0.2739881
187.06,-234.50702,8.190214,-0.114105515
187.08,-215.2779,10.75395,-0.114105515
187.09999,-234.50702,16.682592,-0.4338706
187.12,-258.54343,39.435764,-0.114105515
187.14,-253.73613,-10.396878,0.045777034
187.15999,-292.1944,-1.7442669,-0.2739881
187.18,-258.54343,2.5820389,-0.114105515
187.2,-220.08519,16.20189,0.36554214
187.22,-292.1944,5.6264763,-0.114105515
187.23999,-268.158,3.2229733,-0.2739881
187.26,-325.84537,-21.613226,0.5254247
187.28,-239.31432,-22.414392,0.045777034
187.3,-253.73613,-1.5840333,0.5254247
187.31999,-253.73613,0.6592364,0.045777034
187.34,-258.54343,20.367966,-0.114105515
187.36,-325.84537,13.638155,0.5254247
187.37999,-263.3507,-0.30216488,-0.2739881
187.4,-253.73613,-9.435476,-0.2739881
187.42,-277.77255,-15.04365,-0.2739881
187.44,-263.3507,-31.227234,0.5254247
187.45999,-282.57983,11.555119,-0.4338706
187.48,-272.96527,-0.62263197,0.045777034
187.5,-268.158,-22.574625,0.045777034
187.51999,-215.2779,-9.115009,0.045777034
187.54,-258.54343,-24.337194,-0.114105515
187.56,-369.1109,-13.761782,-0.114105515
187.58,-263.3507,7.228812,0.045777034
187.59999,-272.96527,23.572638,0.36554214
187.62,-292.1944,-26.580463,-0.59375316
187.64,-258.54343,-27.38163,-0.114105515
187.65999,-220.08519,32.545715,-0.4338706
187.68,-292.1944,8.991381,-0.114105515
187.7,-263.3507,11.555119,-0.2739881
187.72,-239.31432,19.566797,0.20565958
187.73999,-325.84537,21.4896,0.20565958
187.76,-287.38712,-15.04365,-0.2739881
187.78,-277.77255,-3.9875362,-0.114105515
187.8,-301.80896,-13.761782,0.68530726
187.81999,-258.54343,8.02998,-0.4338706
187.84,-297.00168,8.670914,-0.7536357
187.86,-297.00168,-10.396878,-0.2739881
187.87999,-287.38712,11.555119,0.045777034
187.9,-330.65265,-14.562949,-0.2739881
187.92,-301.80896,11.074417,-0.4338706
187.94,-311.42352,5.3060093,-0.4338706
187.95999,-325.84537,-40.200314,-0.7536357
187.98,-292.1944,-17.286919,-0.2739881
188.0,-239.31432,-4.3080034,-0.4338706
188.01999,-330.65265,-23.055326,-0.2739881
188.04,-272.96527,-0.46239844,-0.4338706
188.06,-373.91818,11.234652,-0.114105515
188.08,-253.73613,10.593717,-0.114105515
188.09999,-282.57983,26.296606,-0.114105515
188.12,-239.31432,-6.0705724,-0.59375316
188.14,-321.0381,10.433483,-0.2739881
188.15999,-272.96527,18.605394,0.045777034
188.18,-263.3507,5.3060093,-0.114105515
188.2,-292.1944,9.472081,-0.59375316
188.22,-306.61624,-28.182798,-0.4338706
188.23999,-292.1944,8.190214,-0.7536357
188.26,-311.42352,0.17853576,-0.4338706
188.28,-263.3507,6.4276443,-0.59375316
188.3,-186.4342,10.27325,-0.2739881
188.31999,-258.54343,2.5820389,-0.4338706
188.34,-253.73613,-13.601548,-0.9135183
188.36,-325.84537,16.52236,-0.114105515
188.37999,-301.80896,2.4218054,-0.59375316
188.4,-311.42352,-8.954777,-0.4338706
188.42,-258.54343,-11.83898,-0.114105515
188.44,-272.96527,13.157454,0.045777034
188.45999,-268.158,-20.171124,0.20565958
188.48,-301.80896,-13.601548,-0.114105515
188.5,-301.80896,-2.8659017,-0.114105515
188.51999,-297.00168,10.593717,-0.4338706
188.54,-287.38712,9.792548,0.045777034
188.56,-297.00168,20.528198,0.5254247
188.58,-349.88177,38.95506,0.36554214
188.59999,-239.31432,35.91062,0.045777034
188.62,-301.80896,0.17853576,0.36554214
188.64,-321.0381,-24.978128,0.8451898
188.65999,-297.00168,-6.0705724,-0.59375316
188.68,-306.61624,0.81947,-0.114105515
188.7,-311.42352,-11.198046,-0.4338706
188.72,-301.80896,-27.061165,-0.4338706
188.73999,-321.0381,-4.7887044,-0.114105515
188.76,-297.00168,6.4276443,-0.114105515
188.78,-325.84537,19.566797,-0.2739881
188.8,-340.2672,73.40529,0.20565958
188.81999,-287.38712,9.632316,-0.114105515
188.84,-325.84537,-23.21556,0.045777034
188.86,-354.68906,9.792548,-0.4338706
188.87999,-244.12158,-16.966454,-1.0734009
188.9,-321.0381,-6.711507,-0.2739881
188.92,-306.61624,-17.286919,0.36554214
188.94,-340.2672,11.394884,0.20565958
188.95999,-282.57983,-2.8659017,-0.7536357
188.98,-354.68906,38.634594,-0.4338706
189.0,-292.1944,-0.14193134,-0.4338706
189.01999,-306.61624,-23.375792,-0.114105515
189.04,-345.0745,20.68843,-0.4338706
189.06,-311.42352,12.676753,0.36554214
189.08,-349.88177,-15.684585,-0.114105515
189.09999,-325.84537,-16.80622,-0.114105515
189.12,-292.1944,-0.30216488,-0.114105515
189.14,-316.2308,2.1013381,-0.4338706
189.15999,-311.42352,39.916462,-0.4338706
189.18,-316.2308,-29.785133,-0.114105515
189.2,-330.65265,-11.999213,-0.2739881
189.22,-287.38712,-9.59571,-0.2739881
189.23999,-292.1944,12.51652,0.68530726
189.26,-311.42352,-18.729021,-0.4338706
189.28,-316.2308,-11.678746,0.20565958
189.3,-325.84537,9.472081,0.68530726
189.31999,-364.30362,-29.785133,0.045777034
189.34,-311.42352,14.920023,-0.114105515
189.36,-248.92886,8.510681,-0.59375316
189.37999,-292.1944,-4.6284704,0.20565958
189.4,-335.45993,-9.275244,-0.114105515
189.42,-311.42352,11.394884,-0.114105515
189.44,-321.0381,3.7036738,0.20565958
189.45999,-330.65265,38.95506,-0.2739881
189.48,-301.80896,8.831148,0.20565958
189.5,-340.2672,-17.286919,-0.2739881
189.51999,-321.0381,-5.2694044,0.045777034
189.54,-340.2672,-5.429638,-0.114105515
189.56,-316.2308,-10.396878,-0.114105515
189.58,-359.49634,11.875586,-0.2739881
189.59999,-311.42352,0.17853576,0.045777034
189.62,-306.61624,-30.906769,-0.4338706
189.64,-316.2308,-3.026135,-0.4338706
189.65999,-325.84537,-7.993375,0.5254247
189.68,-297.00168,-44.847084,-0.2739881
189.7,-354.68906,-10.236644,0.20565958
189.72,-263.3507,8.831148,0.5254247
189.73999,-349.88177,-16.325518,-0.2739881
189.76,-359.49634,11.555119,-0.2739881
189.78,-301.80896,34.308285,0.045777034
189.8,-301.80896,14.439322,0.045777034
189.81999,-340.2672,2.902506,0.045777034
189.84,-421.991,50.491882,0.5254247
189.86,-340.2672,-13.601548,0.20565958
189.87999,-349.88177,-15.203884,-0.2739881
189.9,-397.95456,-15.844818,-0.2739881
189.92,-335.45993,7.709513,-0.2739881
189.94,-359.49634,14.759789,-0.114105515
189.95999,-316.2308,18.284927,0.045777034
189.98,-340.2672,-5.2694044,0.36554214
190.0,-330.65265,-11.037811,-0.4338706
190.01999,-306.61624,20.68843,0.045777034
190.04,-311.42352,-15.524351,0.045777034
190.06,-301.80896,-31.387466,-0.2739881
190.08,-330.65265,-14.562949,0.20565958
190.09999,-330.65265,-21.292757,0.5254247
190.12,-297.00168,0.9797035,0.045777034
190.14,-335.45993,26.777308,-0.2739881
190.15999,-364.30362,19.727032,0.20565958
190.18,-301.80896,19.566797,0.36554214
190.2,-359.49634,-2.2249672,0.20565958
190.22,-321.0381,-14.242482,0.20565958
190.23999,-354.68906,-21.132523,0.045777034
190.26,-378.72546,20.367966,-0.4338706
190.28,-330.65265,-13.601548,-0.114105515
190.3,-354.68906,7.228812,0.045777034
190.31999,-340.2672,-14.08225,0.5254247
190.34,-330.65265,7.709513,-0.2739881
190.36,-340.2672,14.759789,0.045777034
190.37999,-306.61624,15.400723,0.5254247
190.4,-354.68906,-5.589872,0.68530726
190.42,-263.3507,-33.310272,0.045777034
190.44,-330.65265,5.3060093,0.20565958
190.45999,-354.68906,2.1013381,0.8451898
190.48,-335.45993,15.881425,0.045777034
190.5,-311.42352,12.8369875,0.68530726
190.51999,-354.68906,13.638155,0.045777034
190.54,-359.49634,-6.230806,-0.2739881
190.56,-330.65265,-13.281082,-0.2739881
190.58,-301.80896,1.6206378,-0.114105515
190.59999,-325.84537,-14.08225,-0.2739881
190.62,-364.30362,25.655672,0.5254247
190.64,-369.1109,-10.557112,-0.114105515
190.65999,-321.0381,-32.989803,0.045777034
190.68,-349.88177,-24.657661,-0.7536357
190.7,-354.68906,-3.5068357,-0.114105515
190.72,-340.2672,-11.198046,0.045777034
190.73999,-330.65265,4.3446083,0.5254247
190.76,-393.1473,-16.005053,0.20565958
190.78,-345.0745,-18.889254,0.045777034
190.8,-325.84537,-42.764046,-0.114105515
190.81999,-388.34003,-7.672908,0.20565958
190.84,-330.65265,-3.026135,0.5254247
190.86,-335.45993,-29.945368,0.20565958
190.87999,-325.84537,-4.14777,0.20565958
190.9,-373.91818,-10.717345,0.20565958
190.92,-373.91818,0.17853576,-0.114105515
190.94,-349.88177,25.014738,0.045777034
190.95999,-393.1473,-13.922015,-0.2739881
190.98,-321.0381,8.991381,-0.114105515
191.0,-340.2672,-12.640147,-0.114105515
191.01999,-364.30362,-7.833141,0.045777034
191.04,-340.2672,-22.254158,-0.4338706
191.06,-388.34003,-12.479914,-0.114105515
191.08,-373.91818,-13.281082,-0.114105515
191.09999,-325.84537,28.379642,-0.2739881
191.12,-335.45993,10.914185,0.045777034
191.14,-364.30362,-13.441315,-0.9135183
191.15999,-349.88177,-5.1091714,0.20565958
191.18,-369.1109,-5.7501054,0.045777034
191.2,-311.42352,31.904783,-0.2739881
191.22,-383.53275,-9.435476,0.045777034
191.23999,-417.18372,3.3832066,0.5254247
191.26,-436.41284,12.676753,0.20565958
191.28,-373.91818,3.7036738,0.36554214
191.3,-349.88177,-3.5068357,-0.114105515
191.31999,-359.49634,-1.9045002,-0.4338706
191.34,-417.18372,-5.589872,-0.114105515
191.36,-369.1109,-7.5126743,-0.114105515
191.37999,-364.30362,-15.844818,-0.114105515
191.4,-321.0381,31.584314,0.20565958
191.42,-397.95456,-1.7442669,0.20565958
191.44,-388.34003,-9.275244,-0.2739881
191.45999,-354.68906,-38.91844,0.36554214
191.48,-378.72546,-5.910339,-0.114105515
191.5,-349.88177,12.99722,-0.114105515
191.51999,-354.68906,6.7481112,0.20565958
191.54,-349.88177,13.958622,0.20565958
191.56,-402.76187,28.059177,0.36554214
191.58,-335.45993,25.49544,-0.4338706
191.59999,-388.34003,23.091934,-0.114105515
191.62,-325.84537,-1.7442669,-0.2739881
191.64,-369.1109,-18.408554,0.20565958
191.65999,-373.91818,9.311849,0.36554214
191.68,-402.76187,9.952783,-0.114105515
191.7,-373.91818,41.9995,0.5254247
191.72,-383.53275,34.628754,0.045777034
191.73999,-397.95456,11.394884,0.045777034
191.76,-393.1473,20.047497,0.20565958
191.78,-359.49634,-0.46239844,0.045777034
191.8,-354.68906,-14.402717,-0.4338706
191.81999,-378.72546,0.9797035,0.045777034
191.84,-421.991,3.5434403,0.68530726
191.86,-402.76187,-17.126686,-0.114105515
191.87999,-393.1473,-32.028404,-0.4338706
191.9,-354.68906,-9.435476,0.20565958
191.92,-436.41284,31.263847,0.36554214
191.94,-393.1473,9.472081,-0.2739881
191.95999,-349.88177,16.20189,0.5254247
191.98,-383.53275,-3.3466022,0.20565958
192.0,-446.02737,-19.209723,0.36554214
192.01999,-373.91818,-5.429638,0.5254247
192.04,-412.37643,1.9411048,-0.114105515
192.06,-441.22012,-17.76762,-0.59375316
192.08,-393.1473,1.7808713,0.045777034
192.09999,-393.1473,-9.435476,0.20565958
192.12,-421.991,-8.153608,-0.114105515
192.14,-421.991,12.676753,0.36554214
192.15999,-426.79828,19.086096,0.045777034
192.18,-378.72546,8.190214,-0.4338706
192.2,-431.60556,41.839264,0.045777034
192.22,-397.95456,-2.2249672,0.045777034
192.23999,-364.30362,-22.254158,0.045777034
192.26,-378.72546,26.777308,-0.114105515
192.28,-378.72546,-9.59571,0.045777034
192.3,-431.60556,12.51652,0.8451898
192.31999,-402.76187,-2.385201,0.36554214
192.34,-402.76187,-20.49159,-0.2739881
192.36,-369.1109,-3.3466022,-0.2739881
192.37999,-378.72546,5.145776,-0.114105515
192.4,-335.45993,-18.088087,-0.4338706
192.42,-397.95456,-11.83898,-0.4338706
192.44,-417.18372,18.124695,0.20565958
192.45999,-369.1109,-41.00148,0.045777034
192.48,-407.56915,-8.634309,0.36554214
192.5,-436.41284,-26.099764,0.045777034
192.51999,-397.95456,21.649834,0.20565958
192.54,-369.1109,7.0685787,-0.114105515
192.56,-369.1109,2.4218054,-0.114105515
192.58,-402.76187,4.6650753,0.045777034
192.59999,-436.41284,33.50712,0.045777034
192.62,-465.25653,13.798388,0.36554214
192.64,-426.79828,-3.5068357,-0.114105515
192.65999,-397.95456,18.124695,0.20565958
192.68,-354.68906,27.097775,0.5254247
192.7,-402.76187,0.6592364,0.045777034
192.72,-426.79828,-4.948938,0.045777034
192.73999,-503.71478,24.053337,0.045777034
192.76,-436.41284,1.6206378,0.045777034
192.78,-383.53275,2.4218054,-0.2739881
192.8,-412.37643,13.317687,-0.114105515
192.81999,-426.79828,21.329365,-0.114105515
192.84,-421.991,-31.067003,-0.9135183
192.86,-412.37643,17.643993,0.36554214
192.87999,-397.95456,7.8697467,0.045777034
192.9,-407.56915,17.163294,0.36554214
192.92,-397.95456,-3.6670694,0.045777034
192.94,-426.79828,-14.562949,-0.114105515
192.95999,-407.56915,-12.479914,0.20565958
192.98,-417.18372,-1.2635663,-0.114105515
193.0,-436.41284,-5.589872,-0.7536357
193.01999,-397.95456,-34.431904,-0.114105515
193.04,-484.48563,-8.794542,0.045777034
193.06,-417.18372,5.9469438,-0.4338706
193.08,-393.1473,-31.547703,-0.4338706
193.09999,-383.53275,9.472081,-0.2739881
193.12,-450.8347,-10.717345,-0.7536357
193.14,-436.41284,7.0685787,-0.7536357
193.15999,-426.79828,2.5820389,-0.114105515
193.18,-417.18372,12.51652,-0.2739881
193.2,-393.1473,-1.7442669,-0.7536357
193.22,-417.18372,23.732868,-0.4338706
193.23999,-498.90747,-28.503265,-0.59375316
193.26,-441.22012,-25.138361,-0.59375316
193.28,-446.02737,-16.80622,-0.4338706
193.3,-455.64197,-43.40498,-0.59375316
193.31999,-407.56915,-9.916177,-0.59375316
193.34,-455.64197,12.51652,-0.114105515
193.36,-412.37643,22.130533,0.20565958
193.37999,-484.48563,-2.0647337,-0.4338706
193.4,-431.60556,0.49900287,-0.2739881
193.42,-426.79828,0.81947,-0.4338706
193.44,-412.37643,-43.72545,-1.393166
193.45999,-455.64197,3.0627398,-0.4338706
193.48,-426.79828,-1.9045002,-0.59375316
193.5,-455.64197,-24.657661,-0.2739881
193.51999,-470.06378,-7.352441,-0.59375316
193.54,-431.60556,7.8697467,-0.2739881
193.56,-465.25653,13.798388,-0.59375316
193.58,-441.22012,15.560958,-0.4338706
193.59999,-460.44922,-18.889254,-0.59375316
193.62,-450.8347,-9.115009,-0.59375316
193.64,-470.06378,-16.966454,-0.4338706
193.65999,-436.41284,-29.304434,-0.7536357
193.68,-450.8347,-25.138361,-1.0734009
193.7,-436.41284,-4.3080034,-0.2739881
193.72,-426.79828,-45.488014,-0.2739881
193.73999,-450.8347,11.074417,-0.59375316
193.76,-441.22012,-13.601548,-0.7536357
193.78,-489.29294,2.902506,0.045777034
193.8,-450.8347,-3.6670694,-0.4338706
193.81999,-465.25653,11.555119,-0.4338706
193.84,-426.79828,13.157454,-0.2739881
193.86,-383.53275,21.169132,-0.59375316
193.87999,-417.18372,6.4276443,-0.4338706
193.9,-479.67838,-16.80622,-0.114105515
193.92,-446.02737,-19.530188,0.045777034
193.94,-455.64197,27.097775,-0.59375316
193.95999,-498.90747,-3.1863687,-0.59375316
193.98,-446.02737,-6.711507,-0.2739881
194.0,-455.64197,5.3060093,-0.2739881
194.01999,-446.02737,53.21585,-0.2739881
194.04,-460.44922,16.041658,-0.114105515
194.06,-470.06378,38.314125,-0.7536357
194.08,-431.60556,39.595997,0.20565958
194.09999,-455.64197,-8.313842,-0.4338706
194.12,-455.64197,1.9411048,0.20565958
194.14,-436.41284,0.018302217,0.20565958
194.15999,-446.02737,-4.468237,0.36554214
194.18,-465.25653,-3.6670694,-0.2739881
194.2,-470.06378,18.445162,0.20565958
194.22,-460.44922,27.578474,-0.114105515
194.23999,-470.06378,18.445162,-0.2739881
194.26,-446.02737,-14.723184,-0.114105515
194.28,-436.41284,-40.040077,-0.59375316
194.3,-508.52206,-0.9430991,0.20565958
194.31999,-460.44922,-5.7501054,-0.2739881
194.34,-421.991,4.184375,-0.2739881
194.36,-489.29294,30.94338,0.045777034
194.37999,-436.41284,1.3001705,-0.59375316
194.4,-455.64197,-1.7442669,-0.2739881
194.42,-470.06378,48.408844,-0.2739881
194.44,-489.29294,10.433483,-0.4338706
194.45999,-494.10022,3.3832066,-0.4338706
194.48,-446.02737,4.504842,-0.4338706
194.5,-460.44922,-23.856495,0.68530726
194.51999,-426.79828,19.246328,0.20565958
194.54,-431.60556,17.00306,0.20565958
194.56,-431.60556,-10.076411,-1.0734009
194.58,-441.22012,-0.46239844,-0.2739881
194.59999,-460.44922,-26.42023,-0.2739881
194.62,-494.10022,-7.833141,-0.114105515
194.64,-470.06378,-4.14777,-0.114105515
194.65999,-455.64197,16.842825,-0.114105515
194.68,-460.44922,25.174973,-0.114105515
194.7,-407.56915,13.798388,-0.2739881
194.72,-470.06378,11.715352,0.20565958
194.73999,-465.25653,-11.037811,0.20565958
194.76,-470.06378,23.252169,0.045777034
194.78,-508.52206,-9.755944,-0.114105515
194.8,-460.44922,-10.396878,-0.59375316
194.81999,-450.8347,-40.52078,-0.114105515
194.84,-426.79828,27.578474,0.20565958
194.86,-455.64197,25.815907,-0.2739881
194.87999,-484.48563,-6.230806,0.045777034
194.9,-455.64197,-44.68685,0.20565958
194.92,-465.25653,-24.17696,-0.114105515
194.94,-474.8711,7.3890457,0.045777034
194.95999,-479.67838,-20.01089,0.045777034
194.98,-421.991,20.848665,0.20565958
195.0,-498.90747,-2.2249672,0.20565958
195.01999,-474.8711,25.335205,-0.114105515
195.04,-455.64197,-8.634309,-0.59375316
195.06,-446.02737,9.151615,0.045777034
195.08,-484.48563,-7.192207,0.5254247
195.09999,-455.64197,16.52236,0.5254247
195.12,-479.67838,-45.488014,-0.114105515
195.14,-470.06378,-13.761782,-0.2739881
195.15999,-498.90747,-8.313842,-0.4338706
195.18,-474.8711,-11.999213,-0.114105515
195.2,-489.29294,-11.999213,-0.4338706
195.22,-484.48563,7.549279,0.045777034
195.23999,-431.60556,6.7481112,-0.114105515
195.26,-537.3658,-1.9045002,0.36554214
195.28,-474.8711,-8.794542,0.045777034
195.3,-446.02737,12.99722,-0.114105515
195.31999,-484.48563,0.33876932,-0.4338706
195.34,-484.48563,-34.59214,-0.114105515
195.36,-450.8347,5.3060093,0.20565958
195.37999,-470.06378,-12.31968,-0.114105515
195.4,-489.29294,-15.844818,-0.4338706
195.42,-450.8347,11.875586,-0.9135183
195.44,-489.29294,50.97258,-0.2739881
195.45999,-479.67838,0.9797035,-0.4338706
195.48,-494.10022,28.379642,-0.114105515
195.5,-479.67838,16.52236,-0.114105515
195.51999,-522.9439,-6.230806,-0.2739881
195.54,-431.60556,10.75395,0.36554214
195.56,-465.25653,8.831148,0.20565958
195.58,-546.9803,-13.601548,0.20565958
195.59999,-489.29294,-14.242482,-0.4338706
195.62,-465.25653,27.097775,-0.114105515
195.64,-431.60556,-15.524351,-0.4338706
195.65999,-479.67838,-8.153608,0.045777034
195.68,-518.1366,-4.468237,-0.2739881
195.7,-518.1366,-4.6284704,0.045777034
195.72,-498.90747,-24.978128,-0.2739881
195.73999,-494.10022,-22.254158,0.20565958
195.76,-494.10022,-32.669334,0.5254247
195.78,-465.25653,-17.76762,0.68530726
195.8,-508.52206,-10.236644,0.045777034
195.81999,-498.90747,25.014738,-0.2739881
195.84,-484.48563,-9.435476,-0.7536357
195.86,-402.76187,1.4604042,-0.59375316
195.87999,-479.67838,14.759789,-0.114105515
195.9,-460.44922,4.3446083,-0.114105515
195.92,-566.2094,17.483759,0.20565958
195.94,-484.48563,7.0685787,0.045777034
195.95999,-508.52206,-21.773457,-0.2739881
195.98,-542.17303,-12.800381,0.045777034
196.0,-503.71478,-3.9875362,-0.2739881
196.01999,-494.10022,-17.126686,-0.7536357
196.04,-498.90747,16.52236,-0.114105515
196.06,-518.1366,17.643993,0.20565958
196.08,-508.52206,-12.31968,0.045777034
196.09999,-494.10022,0.018302217,0.045777034
196.12,-508.52206,-19.690422,-0.2739881
196.14,-465.25653,9.472081,-0.114105515
196.15999,-503.71478,2.5820389,0.045777034
196.18,-513.32935,6.5878778,0.36554214
196.2,-508.52206,-15.844818,0.20565958
196.22,-532.5585,-46.128952,0.5254247
196.23999,-546.9803,0.49900287,-0.2739881
196.26,-503.71478,-2.385201,-0.4338706
196.28,-494.10022,21.9703,-0.114105515
196.3,-489.29294,-13.441315,-0.4338706
196.31999,-513.32935,-17.927853,-0.4338706
196.34,-595.0531,-17.607388,0.36554214
196.36,-527.75116,7.549279,0.20565958
196.37999,-518.1366,-5.7501054,-0.4338706
196.4,-508.52206,20.68843,-0.7536357
196.42,-508.52206,-5.910339,-0.4338706
196.44,-508.52206,-7.5126743,-0.2739881
196.45999,-489.29294,4.184375,-0.59375316
196.48,-503.71478,-1.4237996,-0.7536357
196.5,-532.5585,-1.9045002,-0.7536357
196.51999,-532.5585,0.6592364,-0.2739881
196.54,-494.10022,16.041658,-0.114105515
196.56,-470.06378,-11.83898,-0.114105515
196.58,-556.59485,-32.028404,-0.59375316
196.59999,-503.71478,0.33876932,0.20565958
196.62,-513.32935,-3.6670694,-0.4338706
196.64,-494.10022,-14.08225,0.045777034
196.65999,-537.3658,28.059177,-0.114105515
196.68,-470.06378,12.676753,-0.2739881
196.7,-585.43854,-13.922015,0.20565958
196.72,-537.3658,10.113016,0.20565958
196.73999,-503.71478,1.3001705,-0.59375316
196.76,-537.3658,6.4276443,0.045777034
196.78,-527.75116,28.059177,-0.114105515
196.8,-455.64197,-40.68101,-0.7536357
196.81999,-479.67838,-7.352441,-0.59375316
196.84,-513.32935,25.014738,0.20565958
196.86,-503.71478,17.00306,0.045777034
196.87999,-484.48563,14.920023,-0.4338706
196.9,-508.52206,-3.026135,0.045777034
196.92,-542.17303,6.4276443,0.045777034
196.94,-527.75116,-8.153608,0.20565958
196.95999,-518.1366,17.96446,-0.4338706
196.98,-503.71478,-11.999213,-0.114105515
197.0,-498.90747,24.854506,0.045777034
197.01999,-590.24585,-3.6670694,0.045777034
197.04,-494.10022,16.52236,0.045777034
197.06,-513.32935,21.649834,-0.114105515
197.08,-522.9439,-11.83898,0.20565958
197.09999,-494.10022,2.7422726,0.68530726
197.12,-518.1366,22.451,0.20565958
197.14,-494.10022,-15.04365,0.20565958
197.15999,-513.32935,-3.827303,-0.114105515
197.18,-532.5585,-13.441315,-0.2739881
197.2,-532.5585,15.72119,0.36554214
197.22,-479.67838,18.445162,0.20565958
197.23999,-513.32935,25.014738,0.20565958
197.26,-599.8604,-12.800381,0.045777034
197.28,-542.17303,-18.248322,0.045777034
197.3,-537.3658,-1.1033326,-0.114105515
197.31999,-518.1366,25.014738,0.36554214
197.34,-537.3658,-6.230806,-0.2739881
197.36,-518.1366,-9.115009,0.20565958
197.37999,-494.10022,-67.9207,0.045777034
197.4,-513.32935,-3.026135,0.20565958
197.42,-542.17303,8.991381,-0.114105515
197.44,-542.17303,16.682592,0.20565958
197.45999,-508.52206,4.6650753,-0.2739881
197.48,-532.5585,12.51652,0.5254247
197.5,-527.75116,29.18081,0.20565958
197.51999,-522.9439,42.800667,1.0050724
197.54,-522.9439,6.2674108,0.68530726
197.56,-508.52206,3.2229733,0.36554214
197.58,-542.17303,-15.203884,-0.114105515
197.59999,-513.32935,14.599556,-0.114105515
197.62,-556.59485,15.560958,-0.59375316
197.64,-522.9439,-7.672908,-0.2739881
197.65999,-532.5585,22.451,-0.2739881
197.68,-551.78754,4.6650753,-0.114105515
197.7,-580.6312,-6.0705724,0.36554214
197.72,-532.5585,24.213572,-0.2739881
197.73999,-609.475,-34.912605,-0.4338706
197.76,-474.8711,7.228812,0.045777034
197.78,-542.17303,1.7808713,0.36554214
197.8,-393.1473,0.81947,0.045777034
197.81999,-551.78754,3.3832066,0.20565958
197.84,-566.2094,10.113016,0.045777034
197.86,-508.52206,-6.0705724,0.36554214
197.87999,-561.40216,32.385483,-0.114105515
197.9,-551.78754,20.68843,-0.114105515
197.92,-566.2094,1.9411048,0.045777034
197.94,-571.0167,-13.922015,-0.59375316
197.95999,-542.17303,42.9609,-0.4338706
197.98,-566.2094,5.78671,0.045777034
198.0,-556.59485,4.024141,0.045777034
198.01999,-571.0167,6.908345,0.045777034
198.04,-527.75116,-16.005053,0.36554214
198.06,-537.3658,-25.779295,-0.2739881
198.08,-580.6312,-3.5068357,0.20565958
198.09999,-551.78754,6.2674108,-0.114105515
198.12,-556.59485,-19.850657,0.36554214
198.14,-590.24585,-0.46239844,0.20565958
198.15999,-575.82404,-4.948938,0.045777034
198.18,-561.40216,-13.761782,-0.2739881
198.2,-489.29294,4.504842,0.5254247
198.22,-580.6312,-26.099764,0.5254247
198.23999,-571.0167,-27.38163,0.36554214
198.26,-556.59485,-31.067003,0.20565958
198.28,-561.40216,-9.755944,0.36554214
198.3,-546.9803,-2.8659017,-0.114105515
198.31999,-599.8604,3.8639073,0.045777034
198.34,-590.24585,-28.022566,0.36554214
198.36,-590.24585,-4.468237,-0.114105515
198.37999,-599.8604,-11.999213,-0.4338706
198.4,-561.40216,40.236927,-0.114105515
198.42,-599.8604,3.5434403,-0.4338706
198.44,-580.6312,-3.026135,-0.4338706
198.45999,-546.9803,2.1013381,-0.2739881
198.48,-580.6312,-12.159447,-0.114105515
198.5,-561.40216,-11.037811,0.045777034
198.51999,-585.43854,-24.978128,0.20565958
198.54,-556.59485,-19.369957,0.20565958
198.56,-571.0167,64.59244,-0.114105515
198.58,-561.40216,-3.026135,0.045777034
198.59999,-580.6312,-16.005053,-0.2739881
198.62,-532.5585,24.694271,-0.4338706
198.64,-556.59485,-16.325518,0.045777034
198.65999,-484.48563,18.124695,-0.2739881
198.68,-585.43854,-3.6670694,0.045777034
198.7,-604.6677,5.9469438,0.68530726
198.72,-585.43854,-17.126686,0.20565958
198.73999,-590.24585,17.163294,-0.114105515
198.76,-522.9439,6.908345,-0.2739881
198.78,-575.82404,7.228812,-0.114105515
198.8,-590.24585,27.898943,0.045777034
198.81999,-619.0895,12.356286,0.20565958
198.84,-571.0167,33.346886,-0.114105515
198.86,-532.5585,28.539877,-0.59375316
198.87999,-546.9803,19.406563,0.045777034
198.9,-566.2094,-12.31968,0.045777034
198.92,-551.78754,-19.369957,0.045777034
198.94,-571.0167,-3.9875362,-0.2739881
198.95999,-575.82404,-8.954777,-0.59375316
198.98,-643.1259,-10.396878,-0.2739881
199.0,-556.59485,34.46852,0.20565958
199.01999,-542.17303,17.323528,-0.2739881
199.04,-652.7405,1.7808713,-0.4338706
199.06,-599.8604,17.00306,0.20565958
199.08,-503.71478,7.228812,0.36554214
199.09999,-604.6677,-9.435476,0.36554214
199.12,-575.82404,14.599556,0.20565958
199.14,-623.8968,-31.707935,-0.2739881
199.15999,-599.8604,11.074417,-0.114105515
199.18,-614.2822,2.261572,0.045777034
199.2,-575.82404,-22.254158,0.5254247
199.22,-571.0167,22.130533,-0.114105515
199.23999,-580.6312,33.346886,0.045777034
199.26,-585.43854,4.6650753,0.045777034
199.28,-585.43854,6.2674108,-0.2739881
199.3,-691.1987,40.877865,0.045777034
199.31999,-599.8604,-28.022566,0.20565958
199.34,-614.2822,12.51652,0.045777034
199.36,-638.31866,-29.1442,-0.2739881
199.37999,-599.8604,5.466243,0.045777034
199.4,-470.06378,-6.3910394,-0.2739881
199.42,-604.6677,26.136374,-0.2739881
199.44,-556.59485,-2.2249672,-0.4338706
199.45999,-595.0531,-25.138361,0.045777034
199.48,-595.0531,-23.856495,0.20565958
199.5,-599.8604,2.5820389,0.20565958
199.51999,-575.82404,-2.8659017,-0.4338706
199.54,-619.0895,27.898943,0.20565958
199.56,-609.475,-1.4237996,0.045777034
199.58,-590.24585,-5.1091714,0.20565958
199.59999,-599.8604,24.534037,0.36554214
199.62,-580.6312,2.1013381,-0.2739881
199.64,-609.475,-18.568789,-0.114105515
199.65999,-571.0167,6.7481112,0.045777034
199.68,-585.43854,35.42992,-0.114105515
199.7,-556.59485,5.466243,-0.2739881
199.72,-595.0531,12.99722,-0.114105515
199.73999,-590.24585,-7.192207,-0.59375316
199.76,-604.6677,-19.049488,-1.0734009
199.78,-633.51135,26.617075,0.20565958
199.8,-590.24585,7.0685787,-0.114105515
199.81999,-580.6312,-39.879845,-0.7536357
199.84,-542.17303,-18.248322,-0.59375316
199.86,-556.59485,-2.2249672,0.20565958
199.87999,-604.6677,9.792548,-0.114105515
199.9,-585.43854,9.472081,-0.114105515
199.92,-590.24585,-6.3910394,0.045777034
199.94,-571.0167,-46.449417,-0.59375316
199.95999,-604.6677,-7.5126743,-0.7536357
199.98,-691.1987,3.7036738,0.20565958
200.0,-628.7041,-0.14193134,-0.4338706
200.01999,-619.0895,13.157454,0.20565958
200.04,-522.9439,14.759789,-0.2739881
200.06,-595.0531,-0.9430991,-0.59375316
200.08,-585.43854,-2.7056682,-0.4338706
200.09999,-614.2822,-21.132523,-0.59375316
200.12,-628.7041,-6.0705724,-0.59375316
200.14,-619.0895,28.539877,-0.4338706
200.15999,-628.7041,-33.630737,-0.4338706
200.18,-590.24585,-5.7501054,-0.59375316
200.2,-599.8604,2.5820389,-0.59375316
200.22,-652.7405,-7.672908,-0.7536357
200.23999,-623.8968,3.2229733,0.045777034
200.26,-643.1259,8.190214,-0.2739881
200.28,-638.31866,18.765629,-0.4338706
200.3,-609.475,-22.414392,-0.4338706
200.31999,-585.43854,-2.2249672,-0.2739881
200.34,-614.2822,-7.833141,0.045777034
200.36,-546.9803,-0.30216488,-0.7536357
200.37999,-628.7041,13.798388,0.20565958
200.4,-619.0895,3.8639073,-0.114105515
200.42,-609.475,-5.910339,-0.114105515
200.44,-604.6677,8.991381,0.045777034
200.45999,-619.0895,30.302446,-0.114105515
200.48,-599.8604,15.080256,-0.4338706
200.5,-647.93317,5.78671,0.045777034
200.51999,-619.0895,-37.31611,0.20565958
200.54,-633.51135,-12.479914,-0.4338706
200.56,-619.0895,0.81947,-0.4338706
200.58,-599.8604,-10.877579,-0.4338706
200.59999,-619.0895,-13.281082,-0.2739881
200.62,-609.475,2.7422726,-0.4338706
200.64,-657.5478,0.17853576,-0.114105515
200.65999,-619.0895,1.9411048,-0.2739881
200.68,-590.24585,10.27325,0.045777034
200.7,-619.0895,-0.9430991,-0.114105515
200.72,-609.475,-10.076411,-0.2739881
200.73999,-595.0531,29.821747,-0.2739881
200.76,-623.8968,-35.07284,-0.4338706
200.78,-623.8968,-3.6670694,-0.114105515
200.8,-614.2822,-21.933691,-0.114105515
200.81999,-633.51135,-13.922015,-0.59375316
200.84,-580.6312,8.510681,-0.2739881
200.86,-652.7405,-7.993375,0.045777034
200.87999,-647.93317,20.047497,0.045777034
200.9,-623.8968,-18.248322,-0.7536357
200.92,-662.35504,-11.83898,-0.4338706
200.94,-561.40216,-13.601548,-0.2739881
200.95999,-633.51135,-22.73486,-0.59375316
200.98,-619.0895,-10.396878,0.045777034
201.0,-647.93317,-10.557112,-0.114105515
201.01999,-609.475,-14.242482,-0.7536357
201.04,-628.7041,20.367966,-0.4338706
201.06,-638.31866,-3.3466022,-0.4338706
201.08,-638.31866,-30.5863,-0.59375316
201.09999,-623.8968,-3.1863687,-0.7536357
201.12,-652.7405,4.024141,0.045777034
201.14,-647.93317,6.908345,-0.7536357
201.15999,-619.0895,-10.877579,-0.59375316
201.18,-691.1987,-0.30216488,-0.2739881
201.2,-647.93317,-3.6670694,-0.59375316
201.22,-643.1259,-0.9430991,-0.59375316
201.23999,-667.16235,1.7808713,-0.4338706
201.26,-691.1987,-28.6635,-0.2739881
201.28,-628.7041,8.190214,-0.59375316
201.3,-686.3914,-0.46239844,-0.114105515
201.31999,-671.9696,2.902506,-0.59375316
201.34,-628.7041,31.904783,-0.59375316
201.36,-671.9696,11.234652,-0.114105515
201.37999,-551.78754,4.3446083,-0.4338706
201.4,-609.475,-9.916177,-0.114105515
201.42,-681.58417,3.5434403,-1.0734009
201.44,-647.93317,4.184375,-0.2739881
201.45999,-667.16235,-4.6284704,-0.2739881
201.48,-619.0895,14.599556,0.045777034
201.5,-619.0895,-3.5068357,0.045777034
201.51999,-619.0895,-8.313842,-0.7536357
201.54,-652.7405,-30.5863,-0.9135183
201.56,-657.5478,-15.524351,-0.9135183
201.58,-609.475,5.145776,-0.9135183
201.59999,-638.31866,3.8639073,-0.2739881
201.62,-662.35504,-12.640147,0.045777034
201.64,-671.9696,-22.895092,0.045777034
201.65999,-575.82404,-2.5454345,0.20565958
201.68,-671.9696,-7.352441,-0.114105515
201.7,-609.475,15.400723,-0.2739881
201.72,-647.93317,-41.642414,-0.2739881
201.73999,-671.9696,-17.286919,-0.59375316
201.76,-715.2351,-8.313842,-0.2739881
201.78,-647.93317,6.2674108,0.20565958
201.8,-652.7405,5.3060093,-0.2739881
201.81999,-556.59485,17.323528,-0.59375316
201.84,-647.93317,11.234652,-0.2739881
201.86,-667.16235,5.9469438,-0.114105515
201.87999,-628.7041,17.483759,0.045777034
201.9,-671.9696,-5.589872,-0.2739881
201.92,-638.31866,-7.672908,-0.4338706
201.94,-667.16235,3.3832066,-0.59375316
201.95999,-628.7041,21.0089,-0.2739881
201.98,-657.5478,7.3890457,-0.2739881
202.0,-681.58417,-15.04365,-0.2739881
202.01999,-633.51135,-3.5068357,-0.114105515
202.04,-599.8604,1.4604042,-1.0734009
202.06,-691.1987,-2.0647337,-0.59375316
202.08,-696.00604,14.279089,0.045777034
202.09999,-657.5478,2.1013381,-0.2739881
202.12,-638.31866,16.52236,0.20565958
202.14,-657.5478,-2.385201,-0.2739881
202.15999,-652.7405,-16.80622,-0.4338706
202.18,-647.93317,22.130533,-0.4338706
202.2,-667.16235,8.670914,-0.2739881
202.22,-590.24585,-15.364117,-0.59375316
202.23999,-686.3914,-0.46239844,-0.4338706
202.26,-647.93317,-2.385201,-0.4338706
202.28,-614.2822,12.356286,0.045777034
202.3,-705.62054,17.643993,0.20565958
202.31999,-647.93317,19.887262,-0.114105515
202.34,-667.16235,3.5434403,-0.2739881
202.36,-657.5478,1.3001705,0.045777034
202.37999,-662.35504,-3.1863687,0.5254247
202.4,-609.475,11.234652,0.68530726
202.42,-662.35504,-10.557112,0.045777034
202.44,-676.77686,-10.877579,0.36554214
202.45999,-691.1987,-22.895092,-0.114105515
202.48,-628.7041,-10.877579,-0.114105515
202.5,-652.7405,-20.01089,-0.2739881
202.51999,-662.35504,-2.0647337,-0.114105515
202.54,-657.5478,-1.4237996,0.68530726
202.56,-686.3914,10.27325,-0.2739881
202.58,-638.31866,-4.6284704,0.045777034
202.59999,-667.16235,-27.38163,0.68530726
202.62,-676.77686,-51.73712,-0.114105515
202.64,-686.3914,-29.785133,0.045777034
202.65999,-647.93317,-12.479914,-0.2739881
202.68,-681.58417,7.8697467,0.045777034
202.7,-657.5478,-17.447153,-0.114105515
202.72,-686.3914,-19.530188,-0.2739881
202.73999,-676.77686,4.3446083,-0.2739881
202.76,-647.93317,40.717632,-0.4338706
202.78,-691.1987,-10.396878,0.045777034
202.8,-575.82404,-2.385201,0.20565958
202.81999,-667.16235,-20.49159,-0.114105515
202.84,-705.62054,-39.719612,-0.2739881
202.86,-681.58417,-16.325518,-0.2739881
202.87999,-676.77686,-18.088087,0.20565958
202.9,-700.8133,-32.028404,0.20565958
202.92,-691.1987,1.139937,0.045777034
202.94,-667.16235,-1.5840333,-0.114105515
202.95999,-643.1259,-5.1091714,0.045777034
202.98,-691.1987,-15.04365,0.045777034
203.0,-696.00604,19.566797,-0.114105515
203.01999,-686.3914,1.139937,-0.2739881
203.04,-700.8133,-9.435476,0.20565958
203.06,-739.27155,-20.01089,-0.2739881
203.08,-734.4643,-20.812057,-0.59375316
203.09999,-700.8133,-31.547703,-0.2739881
203.12,-681.58417,-17.286919,-0.2739881
203.14,-681.58417,29.98198,0.045777034
203.15999,-691.1987,-3.827303,-0.4338706
203.18,-681.58417,15.72119,-0.114105515
203.2,-681.58417,7.8697467,-0.7536357
203.22,-724.84973,-2.5454345,-0.4338706
203.23999,-671.9696,21.169132,-0.114105515
203.26,-705.62054,6.7481112,0.68530726
203.28,-681.58417,4.3446083,0.5254247
203.3,-671.9696,-25.45883,0.20565958
203.31999,-715.2351,8.02998,0.045777034
203.34,-686.3914,-7.672908,-0.114105515
203.36,-671.9696,-3.3466022,-0.2739881
203.37999,-671.9696,-0.7828655,0.5254247
203.4,-671.9696,-14.242482,0.5254247
203.42,-681.58417,-1.9045002,-0.114105515
203.44,-686.3914,29.98198,0.36554214
203.45999,-748.8861,-6.711507,-0.114105515
203.48,-623.8968,5.145776,0.20565958
203.5,-662.35504,5.466243,-0.4338706
203.51999,-691.1987,-8.794542,0.36554214
203.54,-686.3914,13.317687,0.8451898
203.56,-686.3914,-1.4237996,0.36554214
203.58,-638.31866,24.053337,0.68530726
203.59999,-681.58417,-0.62263197,0.045777034
203.62,-657.5478,-10.717345,0.5254247
203.64,-671.9696,21.4896,1.0050724
203.65999,-691.1987,-19.369957,0.20565958
203.68,-667.16235,-5.910339,-0.2739881
203.7,-720.0424,-47.571053,-0.4338706
203.72,-748.8861,-14.242482,-0.2739881
203.73999,-720.0424,4.504842,0.20565958
203.76,-705.62054,33.66735,0.5254247
203.78,-748.8861,18.124695,0.20565958
203.8,-705.62054,16.362125,0.20565958
203.81999,-705.62054,21.4896,-0.2739881
203.84,-710.42786,21.9703,-0.4338706
203.86,-758.5007,23.252169,-0.114105515
203.87999,-700.8133,-4.6284704,-0.114105515
203.9,-676.77686,-11.999213,-0.2739881
203.92,-700.8133,14.759789,-0.114105515
203.94,-657.5478,-2.5454345,0.20565958
203.95999,-686.3914,20.047497,0.20565958
203.98,-729.657,30.94338,-0.4338706
204.0,-676.77686,-7.672908,0.20565958
204.01999,-686.3914,-6.8717403,-0.2739881
204.04,-729.657,-22.574625,-0.2739881
204.06,-700.8133,-29.624899,0.045777034
204.08,-676.77686,9.792548,-0.2739881
204.09999,-623.8968,43.76207,-0.4338706
204.12,-729.657,-16.80622,0.045777034
204.14,-724.84973,-1.4237996,-0.59375316
204.15999,-705.62054,18.284927,-0.114105515
204.18,-710.42786,12.99722,0.045777034
204.2,-739.27155,17.96446,-0.4338706
204.22,-734.4643,27.258009,0.20565958
204.23999,-729.657,42.319965,0.20565958
204.26,-667.16235,7.228812,0.045777034
204.28,-705.62054,-1.2635663,-0.4338706
204.3,-715.2351,-60.38973,-0.59375316
204.31999,-715.2351,8.510681,0.045777034
204.34,-744.0788,65.07314,-0.59375316
204.36,-753.69336,-2.7056682,-0.59375316
204.37999,-729.657,-17.126686,-0.4338706
204.4,-724.84973,13.157454,0.20565958
204.42,-710.42786,11.875586,0.20565958
204.44,-720.0424,-20.651823,-0.114105515
204.45999,-744.0788,14.279089,0.045777034
204.48,-758.5007,8.190214,-0.59375316
204.5,-705.62054,1.4604042,-0.2739881
204.51999,-739.27155,-18.248322,-0.2739881
204.54,-720.0424,-24.17696,-0.2739881
204.56,-734.4643,-24.016727,0.045777034
204.58,-696.00604,8.350447,-0.114105515
204.59999,-691.1987,7.0685787,0.36554214
204.62,-724.84973,41.839264,-0.4338706
204.64,-724.84973,16.362125,-0.2739881
204.65999,-758.5007,-11.358279,-0.2739881
204.68,-710.42786,-15.524351,0.045777034
204.7,-710.42786,-18.568789,-0.59375316
204.72,-720.0424,-20.171124,-0.114105515
204.73999,-686.3914,0.6592364,-0.59375316
204.76,-720.0424,4.504842,0.045777034
204.78,-777.7298,-2.7056682,-0.114105515
204.79999,-753.69336,-30.265835,-0.114105515
204.81999,-715.2351,13.477921,-0.114105515
204.84,-744.0788,53.21585,0.36554214
204.86,-720.0424,18.445162,-0.4338706
204.87999,-744.0788,29.341045,-0.2739881
204.9,-696.00604,-47.731285,-0.2739881
204.92,-700.8133,11.394884,-0.4338706
204.94,-758.5007,7.228812,-0.4338706
204.95999,-768.1152,13.477921,-0.114105515
204.98,-753.69336,-5.7501054,0.20565958
205.0,-753.69336,32.22525,-0.114105515
205.01999,-686.3914,-15.364117,-0.7536357
205.04,-724.84973,1.6206378,-0.2739881
205.06,-724.84973,1.6206378,0.045777034
205.08,-720.0424,16.20189,-0.2739881
205.09999,-758.5007,-90.83408,-0.59375316
205.12,-734.4643,-28.503265,-0.2739881
205.14,-696.00604,17.00306,0.36554214
205.15999,-748.8861,8.02998,0.045777034
205.18,-691.1987,-11.518513,-0.59375316
205.2,-739.27155,-3.3466022,-0.4338706
205.22,-768.1152,-4.7887044,-0.2739881
205.23999,-724.84973,-17.286919,-0.2739881
205.26,-700.8133,-5.910339,0.045777034
205.28,-724.84973,0.17853576,0.20565958
205.29999,-734.4643,10.914185,-0.114105515
205.31999,-777.7298,8.190214,0.20565958
205.34,-720.0424,-2.2249672,0.36554214
205.36,-748.8861,-26.580463,0.045777034
205.37999,-715.2351,27.258009,0.5254247
205.4,-705.62054,5.145776,0.36554214
205.42,-720.0424,-13.281082,0.20565958
205.44,-777.7298,1.139937,0.045777034
205.45999,-720.0424,-0.62263197,0.20565958
205.48,-744.0788,-3.6670694,0.20565958
205.5,-734.4643,5.3060093,-0.4338706
205.51999,-763.308,22.611235,-0.2739881
205.54,-705.62054,17.804228,0.20565958
205.56,-720.0424,-14.242482,-0.114105515
205.58,-777.7298,-31.067003,0.045777034
205.59999,-753.69336,-16.005053,-0.4338706
205.62,-720.0424,-22.895092,-0.9135183
205.64,-710.42786,1.4604042,-0.4338706
205.65999,-734.4643,0.6592364,-0.114105515
205.68,-710.42786,-30.746534,-0.59375316
205.7,-739.27155,-32.669334,-0.59375316
205.72,-763.308,-2.2249672,-0.59375316
205.73999,-705.62054,19.246328,-0.59375316
205.76,-763.308,7.3890457,-0.114105515
205.78,-758.5007,13.798388,0.36554214
205.79999,-758.5007,-4.468237,0.045777034
205.81999,-777.7298,4.3446083,0.36554214
205.84,-772.9225,20.528198,0.20565958
205.86,-744.0788,-2.5454345,-0.2739881
205.87999,-710.42786,-4.468237,-0.114105515
205.9,-720.0424,-2.8659017,-0.59375316
205.92,-758.5007,50.33165,-0.114105515
205.94,-720.0424,31.584314,-0.114105515
205.95999,-748.8861,10.593717,-0.2739881
205.98,-724.84973,-36.194473,-0.2739881
206.0,-729.657,-22.414392,-0.114105515
206.01999,-748.8861,-9.435476,0.045777034
206.04,-715.2351,-27.702099,0.045777034
206.06,-758.5007,-5.910339,-0.59375316
206.08,-744.0788,-48.211983,-0.7536357
206.09999,-748.8861,-15.04365,-0.114105515
206.12,-724.84973,-37.31611,-0.114105515
206.14,-763.308,-36.835407,-0.4338706
206.15999,-748.8861,15.080256,-0.2739881
206.18,-748.8861,13.638155,0.20565958
206.2,-763.308,6.908345,0.045777034
206.22,-748.8861,26.45684,0.045777034
206.23999,-763.308,22.130533,0.36554214
206.26,-758.5007,14.439322,0.5254247
206.28,-763.308,-3.5068357,0.045777034
206.29999,-748.8861,14.1188545,0.20565958
206.31999,-676.77686,4.9855423,-0.4338706
206.34,-772.9225,16.682592,-0.59375316
206.36,-748.8861,8.670914,0.20565958
206.37999,-796.9589,31.584314,-0.114105515
206.4,-724.84973,16.20189,0.36554214
206.42,-796.9589,-4.948938,0.5254247
206.44,-739.27155,-17.286919,0.5254247
206.45999,-763.308,24.213572,0.20565958
206.48,-782.53705,2.261572,-0.114105515
206.5,-792.1517,-37.155872,-0.114105515
206.51999,-724.84973,-5.589872,-0.4338706
206.54,-772.9225,-5.2694044,0.045777034
206.56,-734.4643,-37.957043,0.20565958
206.58,-796.9589,-30.265835,-0.4338706
206.59999,-782.53705,1.3001705,0.20565958
206.62,-811.38074,-18.568789,0.045777034
206.64,-772.9225,-14.883417,-0.114105515
206.65999,-796.9589,26.45684,0.68530726
206.68,-753.69336,-31.707935,0.20565958
206.7,-772.9225,-14.08225,-0.114105515
206.72,-825.8026,-17.76762,-0.2739881
206.73999,-744.0788,-4.6284704,-0.59375316
206.76,-782.53705,2.5820389,-0.4338706
206.78,-811.38074,23.732868,0.045777034
206.79999,-763.308,-22.895092,-0.2739881
206.81999,-758.5007,2.1013381,-0.2739881
206.84,-782.53705,7.709513,0.20565958
206.86,-782.53705,-7.192207,0.36554214
206.87999,-816.18805,-24.17696,0.20565958
206.9,-763.308,21.169132,0.36554214
206.92,-792.1517,24.213572,0.045777034
206.94,-787.34436,1.4604042,-0.2739881
206.95999,-782.53705,-7.672908,0.045777034
206.98,-787.34436,-18.729021,-0.114105515
207.0,-758.5007,-7.352441,0.20565958
207.01999,-849.839,30.622915,0.20565958
207.04,-744.0788,12.356286,0.5254247
207.06,-744.0788,3.2229733,0.36554214
207.08,-787.34436,-26.580463,-0.114105515
207.09999,-796.9589,5.466243,-0.114105515
207.12,-835.4171,6.7481112,-0.4338706
207.14,-772.9225,15.72119,0.20565958
207.15999,-845.03174,-15.844818,0.045777034
207.18,-772.9225,-12.479914,-0.2739881
207.2,-763.308,5.3060093,-0.4338706
207.22,-796.9589,-6.230806,-0.2739881
207.23999,-806.5735,12.51652,0.20565958
207.26,-811.38074,-4.468237,-0.2739881
207.28,-801.7662,-3.3466022,-0.2739881
207.29999,-796.9589,63.31057,-0.2739881
207.31999,-777.7298,-0.9430991,0.045777034
207.34,-777.7298,-0.30216488,-0.2739881
207.36,-782.53705,10.433483,0.36554214
207.37999,-729.657,26.296606,0.5254247
207.4,-758.5007,-51.25642,0.045777034
207.42,-782.53705,9.472081,-0.2739881
207.44,-796.9589,17.96446,0.045777034
207.45999,-801.7662,17.163294,-0.2739881
207.48,-820.9953,10.113016,-0.2739881
207.5,-782.53705,-0.14193134,-0.2739881
207.51999,-724.84973,1.139937,-0.2739881
207.54,-801.7662,-7.352441,0.045777034
207.56,-787.34436,28.379642,0.8451898
207.58,-840.2244,7.0685787,-0.114105515
207.59999,-787.34436,-27.702099,-0.2739881
207.62,-768.1152,-7.672908,-0.114105515
207.64,-801.7662,-7.993375,0.20565958
207.65999,-811.38074,-43.565212,-0.7536357
207.68,-864.2608,-8.153608,-0.114105515
207.7,-801.7662,-5.2694044,-0.4338706
207.72,-820.9953,-4.948938,-0.7536357
207.73999,-782.53705,24.534037,-0.2739881
207.76,-816.18805,-3.6670694,0.045777034
207.78,-792.1517,-20.171124,-0.114105515
207.79999,-782.53705,-32.5091,0.36554214
207.81999,-801.7662,-14.723184,-0.4338706
207.84,-748.8861,-18.729021,-0.4338706
207.86,-820.9953,39.275528,0.045777034
207.87999,-744.0788,-12.479914,-0.114105515
207.9,-801.7662,-4.3080034,0.045777034
207.92,-820.9953,6.2674108,-0.59375316
207.94,-777.7298,-2.2249672,-0.7536357
207.95999,-787.34436,18.925863,-0.4338706
207.98,-820.9953,-13.281082,-0.2739881
208.0,-811.38074,-1.5840333,0.5254247
208.01999,-816.18805,7.3890457,-0.59375316
208.04,-864.2608,-0.7828655,-0.2739881
208.06,-820.9953,-30.265835,-0.2739881
208.08,-820.9953,27.898943,-0.114105515
208.09999,-835.4171,9.311849,-0.7536357
208.12,-806.5735,5.145776,-0.114105515
208.14,-811.38074,-24.657661,-0.2739881
208.15999,-830.60986,6.1071773,-0.4338706
208.18,-830.60986,12.99722,-0.114105515
208.2,-758.5007,-16.80622,-0.2739881
208.22,-806.5735,-5.7501054,-0.2739881
208.23999,-864.2608,-27.38163,-0.4338706
208.26,-792.1517,-46.449417,-0.2739881
208.28,-801.7662,-4.468237,0.20565958
208.29999,-792.1517,2.4218054,0.045777034
208.31999,-888.29724,27.738708,-0.114105515
208.34,-806.5735,7.3890457,-0.114105515
208.36,-792.1517,25.49544,0.20565958
208.37999,-849.839,35.42992,0.20565958
208.4,-796.9589,8.831148,-0.114105515
208.42,-845.03174,-0.30216488,-0.114105515
208.44,-820.9953,46.646275,-0.114105515
208.45999,-816.18805,2.1013381,-0.114105515
208.48,-840.2244,2.4218054,-0.114105515
208.5,-864.2608,-32.5091,-0.114105515
208.51999,-830.60986,-14.08225,0.045777034
208.54,-825.8026,-17.286919,-0.2739881
208.56,-820.9953,-2.5454345,-0.114105515
208.58,-893.10455,9.311849,0.045777034
208.59999,-830.60986,-13.601548,-0.4338706
208.62,-825.8026,-13.761782,-0.2739881
208.64,-830.60986,-34.752373,0.045777034
208.65999,-816.18805,-5.1091714,0.045777034
208.68,-801.7662,26.777308,0.5254247
208.7,-792.1517,30.142212,0.68530726
208.72,-859.4536,4.9855423,1.0050724
208.73999,-801.7662,4.6650753,-0.114105515
208.76,-753.69336,18.284927,-0.4338706
208.78,-796.9589,6.908345,0.5254247
208.79999,-835.4171,0.9797035,0.045777034
208.81999,-801.7662,15.24049,-0.2739881
208.84,-796.9589,-2.8659017,-0.4338706
208.86,-830.60986,-15.203884,-0.7536357
208.87999,-811.38074,21.4896,-0.2739881
208.9,-811.38074,-5.429638,-0.7536357
208.92,-816.18805,5.9469438,-0.4338706
208.94,-801.7662,6.7481112,0.20565958
208.95999,-835.4171,-4.14777,0.045777034
208.98,-859.4536,-24.337194,-0.59375316
209.0,-845.03174,14.279089,-0.4338706
209.01999,-816.18805,-5.7501054,0.20565958
209.04,-758.5007,4.504842,0.045777034
209.06,-835.4171,-28.182798,-0.114105515
209.08,-835.4171,9.151615,-0.114105515
209.09999,-825.8026,-5.910339,-0.114105515
209.12,-883.49,12.99722,0.20565958
209.14,-845.03174,-21.613226,0.20565958
209.15999,-825.8026,-13.922015,-0.114105515
209.18,-806.5735,-3.3466022,-0.114105515
209.2,-825.8026,36.23109,-0.114105515
209.22,-792.1517,-4.3080034,0.36554214
209.23999,-835.4171,4.825309,-0.114105515
209.26,-835.4171,-5.7501054,-0.4338706
209.28,-796.9589,-4.468237,0.045777034
209.29999,-816.18805,17.00306,0.045777034
209.31999,-873.8754,3.0627398,-0.114105515
209.34,-840.2244,-14.402717,-0.2739881
209.36,-825.8026,-7.833141,-0.114105515
209.37999,-835.4171,-1.7442669,0.045777034
209.4,-825.8026,18.605394,-0.2739881
209.42,-873.8754,5.78671,0.36554214
209.44,-888.29724,23.732868,0.5254247
209.45999,-849.839,7.8697467,0.20565958
209.48,-825.8026,-7.192207,0.045777034
209.5,-840.2244,-28.983965,0.045777034
209.51999,-869.0681,26.777308,0.045777034
209.54,-835.4171,-11.83898,-0.2739881
209.56,-859.4536,-0.14193134,0.045777034
209.58,-840.2244,-0.7828655,0.20565958
209.59999,-864.2608,-2.8659017,0.5254247
209.62,-893.10455,8.02998,0.68530726
209.64,-888.29724,9.632316,0.20565958
209.65999,-854.6463,3.5434403,-0.114105515
209.68,-782.53705,47.767906,0.5254247
209.7,-849.839,22.451,-0.4338706
209.72,-859.4536,-8.474075,-0.114105515
209.73999,-835.4171,16.362125,-0.59375316
209.76,-854.6463,-3.5068357,0.20565958
209.78,-825.8026,-25.619062,-0.114105515
209.79999,-859.4536,12.035819,0.36554214
209.81999,-907.52637,8.350447,-0.4338706
209.84,-811.38074,5.145776,-0.114105515
209.86,-878.6827,-18.408554,0.36554214
209.87999,-840.2244,-0.46239844,-0.114105515
209.9,-849.839,2.1013381,-0.114105515
209.92,-830.60986,21.4896,-0.114105515
209.94,-830.60986,-21.452991,0.20565958
209.95999,-864.2608,-9.115009,0.20565958
209.98,-854.6463,12.035819,0.045777034
210.0,-840.2244,4.504842,0.68530726
210.01999,-840.2244,-2.2249672,-0.114105515
210.04,-859.4536,-2.5454345,0.045777034
210.06,-835.4171,14.599556,0.045777034
210.08,-758.5007,-23.69626,-0.2739881
210.09999,-854.6463,-4.3080034,0.045777034
210.12,-796.9589,14.439322,0.5254247
210.14,-845.03174,-17.607388,0.045777034
210.15999,-816.18805,-4.3080034,-0.4338706
210.18,-864.2608,34.949223,0.20565958
210.2,-907.52637,24.854506,0.045777034
210.22,-854.6463,-4.948938,-0.114105515
210.23999,-840.2244,-1.9045002,0.20565958
210.26,-835.4171,43.28137,0.36554214
210.28,-825.8026,19.887262,-0.114105515
210.29999,-854.6463,1.4604042,0.20565958
210.31999,-816.18805,-5.589872,0.20565958
210.34,-854.6463,-34.752373,-0.4338706
210.36,-893.10455,-23.69626,0.045777034
210.37999,-893.10455,-13.601548,0.045777034
210.4,-849.839,-2.7056682,0.045777034
210.42,-845.03174,18.925863,-0.2739881
210.44,-816.18805,3.3832066,-0.114105515
210.45999,-845.03174,27.578474,-0.4338706
210.48,-869.0681,33.346886,-0.4338706
210.5,-869.0681,-19.530188,-0.114105515
210.51999,-864.2608,12.196053,-0.114105515
210.54,-753.69336,4.504842,0.5254247
210.56,-864.2608,5.466243,0.20565958
210.58,-859.4536,15.72119,0.20565958
210.59999,-873.8754,-2.0647337,0.045777034
210.62,-859.4536,41.67903,0.36554214
210.64,-859.4536,17.96446,0.5254247
210.65999,-811.38074,-0.30216488,0.20565958
210.68,-897.9118,5.6264763,0.5254247
210.7,-864.2608,-0.14193134,0.045777034
210.72,-869.0681,-20.812057,-0.114105515
210.73999,-849.839,-28.983965,0.20565958
210.76,-878.6827,-9.59571,0.20565958
210.78,-849.839,-14.242482,0.20565958
210.79999,-830.60986,-4.7887044,-0.4338706
210.81999,-854.6463,7.8697467,-0.4338706
210.84,-873.8754,-18.889254,-0.114105515
210.86,-912.3337,-11.358279,-0.4338706
210.87999,-845.03174,-3.9875362,-0.4338706
210.9,-849.839,27.578474,0.36554214
210.92,-816.18805,35.590153,0.68530726
210.94,-864.2608,-9.59571,-0.4338706
210.95999,-864.2608,-18.408554,0.045777034
210.98,-849.839,-22.895092,-0.59375316
211.0,-873.8754,-3.827303,-0.114105515
211.01999,-931.56274,-12.960614,-0.4338706
211.04,-888.29724,-26.580463,0.36554214
211.06,-840.2244,-16.325518,0.045777034
211.08,-854.6463,3.3832066,0.20565958
211.09999,-869.0681,-8.794542,-0.2739881
211.12,-859.4536,12.676753,0.045777034
211.14,-854.6463,-5.429638,-0.114105515
211.15999,-897.9118,14.759789,0.5254247
211.18,-873.8754,31.424084,0.5254247
211.2,-912.3337,-27.2214,0.045777034
211.22,-869.0681,-29.624899,0.20565958
211.23999,-883.49,-5.910339,0.5254247
211.26,-873.8754,-0.7828655,0.68530726
211.28,-893.10455,4.504842,0.045777034
211.29999,-864.2608,22.130533,0.20565958
211.31999,-902.71906,-2.2249672,-0.114105515
211.34,-878.6827,-20.812057,-0.4338706
211.36,-902.71906,-0.62263197,-0.2739881
211.37999,-859.4536,27.738708,0.5254247
211.4,-849.839,-9.275244,0.36554214
211.42,-955.5992,-1.7442669,0.20565958
211.44,-849.839,-0.14193134,0.20565958
211.45999,-888.29724,14.920023,-0.114105515
211.48,-840.2244,18.925863,0.20565958
211.5,-888.29724,-4.7887044,-0.114105515
211.51999,-873.8754,3.3832066,0.20565958
211.54,-859.4536,2.261572,-0.2739881
211.56,-869.0681,25.335205,0.36554214
211.58,-888.29724,3.7036738,0.5254247
211.59999,-878.6827,14.599556,0.68530726
211.62,-873.8754,-37.957043,0.20565958
211.64,-902.71906,13.798388,0.8451898
211.65999,-893.10455,-3.9875362,0.20565958
211.68,-878.6827,14.1188545,-0.114105515
211.7,-864.2608,-11.999213,-0.114105515
211.72,-893.10455,-14.402717,-0.114105515
211.73999,-897.9118,-37.957043,0.045777034
211.76,-936.37006,-35.233074,0.045777034
211.78,-907.52637,-16.005053,-0.114105515
211.79999,-907.52637,-29.1442,0.20565958
211.81999,-878.6827,7.549279,-0.2739881
211.84,-902.71906,19.727032,-0.59375316
211.86,-926.7555,12.356286,0.20565958
211.87999,-869.0681,-2.5454345,0.20565958
211.9,-888.29724,-13.922015,0.36554214
211.92,-897.9118,5.78671,-0.114105515
211.94,-926.7555,-21.613226,-0.4338706
211.95999,-897.9118,11.555119,0.045777034
211.98,-926.7555,-22.895092,0.5254247
212.0,-907.52637,0.49900287,0.36554214
212.01999,-965.2137,12.99722,-0.114105515
212.04,-869.0681,4.825309,0.68530726
212.06,-859.4536,1.9411048,-0.2739881
212.08,-864.2608,5.466243,-0.7536357
212.09999,-897.9118,14.1188545,0.045777034
212.12,-907.52637,-3.5068357,-0.114105515
212.14,-921.94824,-27.862331,-0.59375316
212.15999,-931.56274,-5.429638,-0.114105515
212.18,-902.71906,0.9797035,0.20565958
212.2,-912.3337,-44.526615,-0.114105515
212.22,-883.49,-10.236644,-0.4338706
212.23999,-902.71906,-8.954777,-0.2739881
212.26,-849.839,8.02998,-0.2739881
212.28,-917.1409,11.074417,-0.114105515
212.29999,-883.49,22.130533,0.68530726
212.31999,-907.52637,-9.275244,-0.2739881
212.34,-869.0681,21.9703,-0.59375316
212.36,-912.3337,-17.607388,-0.114105515
212.37999,-859.4536,-12.31968,0.20565958
212.4,-979.6356,-17.286919,0.20565958
212.42,-854.6463,-6.230806,-0.114105515
212.44,-950.79193,7.3890457,0.045777034
212.45999,-950.79193,24.213572,0.20565958
212.48,-931.56274,-0.30216488,0.045777034
212.5,-979.6356,8.831148,0.045777034
212.51999,-907.52637,36.872025,0.5254247
212.54,-912.3337,16.682592,0.5254247
212.56,-974.8283,5.145776,0.68530726
212.58,-917.1409,-0.9430991,0.36554214
212.59999,-931.56274,2.5820389,0.36554214
212.62,-926.7555,-23.536026,-0.2739881
212.64,-926.7555,-2.8659017,-0.4338706
212.65999,-907.52637,45.043938,0.20565958
212.68,-945.9846,-11.999213,-0.2739881
212.7,-926.7555,-1.9045002,0.20565958
212.72,-893.10455,-17.447153,0.36554214
212.73999,-907.52637,-8.954777,0.045777034
212.76,-950.79193,-18.889254,0.68530726
212.78,-926.7555,-11.678746,0.045777034
212.79999,-926.7555,-55.422493,0.68530726
212.81999,-897.9118,-11.999213,-0.2739881
212.84,-931.56274,-32.188637,-0.114105515
212.86,-936.37006,-20.171124,0.045777034
212.87999,-936.37006,6.4276443,-0.114105515
212.9,-936.37006,21.649834,0.20565958
212.92,-926.7555,12.99722,0.045777034
212.94,-912.3337,48.408844,0.36554214
212.95999,-945.9846,-0.46239844,-0.2739881
212.98,-931.56274,9.952783,0.045777034
213.0,-979.6356,-16.80622,-0.2739881
213.01999,-955.5992,-10.717345,-0.59375316
213.04,-965.2137,-0.30216488,-0.4338706
213.06,-936.37006,30.622915,-0.2739881
213.08,-883.49,-14.08225,-0.4338706
213.09999,-945.9846,-6.711507,-0.4338706
213.12,-907.52637,14.920023,-0.2739881
213.14,-955.5992,-14.562949,-0.4338706
213.15999,-917.1409,15.400723,-0.114105515
213.18,-936.37006,10.593717,0.20565958
213.2,-941.1773,-32.34887,-1.2332834
213.22,-955.5992,-11.037811,0.36554214
213.23999,-926.7555,-13.281082,-0.2739881
213.26,-931.56274,-1.1033326,-0.7536357
213.28,-950.79193,1.7808713,-0.7536357
213.29999,-965.2137,9.472081,-0.114105515
213.31999,-917.1409,12.51652,-0.114105515
213.34,-945.9846,-2.8659017,-0.2739881
213.36,-994.0574,23.091934,-0.4338706
213.37999,-845.03174,32.866184,-0.59375316
213.4,-955.5992,8.350447,-0.9135183
213.42,-945.9846,19.406563,0.045777034
213.44,-907.52637,-61.671597,-0.2739881
213.45999,-965.2137,4.9855423,-0.2739881
213.48,-970.021,-15.364117,-0.7536357
213.5,-902.71906,-11.83898,0.045777034
213.51999,-926.7555,-0.14193134,0.36554214
213.54,-921.94824,-2.8659017,0.36554214
213.56,-931.56274,-12.31968,-0.114105515
213.58,-950.79193,31.103615,-0.4338706
213.59999,-955.5992,7.0685787,-0.114105515
213.62,-936.37006,-4.6284704,0.045777034
213.64,-883.49,-19.049488,-0.4338706
213.65999,-955.5992,-26.42023,-0.2739881
213.68,-941.1773,-27.541864,0.20565958
213.7,-960.4065,1.9411048,-0.2739881
213.72,-994.0574,-0.9430991,-0.114105515
213.73999,-945.9846,31.103615,0.20565958
213.76,-931.56274,-3.026135,0.20565958
213.78,-979.6356,8.510681,-0.2739881
213.79999,-907.52637,-11.198046,-0.59375316
213.81999,-955.5992,-16.645985,-0.59375316
213.84,-970.021,-33.630737,-0.114105515
213.86,-950.79193,-4.14777,-0.114105515
213.87999,-941.1773,15.080256,0.045777034
213.9,-921.94824,-38.437744,-1.0734009
213.92,-979.6356,-31.387466,-0.2739881
213.94,-917.1409,17.804228,-0.2739881
213.95999,-921.94824,13.638155,0.045777034
213.98,-931.56274,-23.21556,-0.4338706
214.0,-926.7555,8.831148,-0.4338706
214.01999,-936.37006,15.881425,-0.4338706
214.04,-936.37006,-10.396878,0.20565958
214.06,-912.3337,24.694271,0.045777034
214.08,-970.021,0.81947,0.045777034
214.09999,-945.9846,-3.9875362,0.20565958
214.12,-921.94824,-15.524351,-0.4338706
214.14,-917.1409,4.504842,-0.2739881
214.15999,-970.021,-17.607388,0.20565958
214.18,-950.79193,-3.1863687,-0.4338706
214.2,-921.94824,13.958622,-0.4338706
214.22,-1018.0938,-8.153608,-0.4338706
214.23999,-936.37006,8.510681,-0.7536357
214.26,-984.44293,6.2674108,-0.114105515
214.28,-960.4065,-7.5126743,-0.114105515
214.29999,-926.7555,-21.613226,0.20565958
214.31999,-936.37006,-7.192207,0.045777034
214.34,-941.1773,20.848665,0.045777034
214.36,-955.5992,15.72119,0.045777034
214.37999,-965.2137,18.925863,-0.59375316
214.4,-926.7555,25.815907,-0.4338706
214.42,-974.8283,-4.6284704,-0.2739881
214.44,-955.5992,3.7036738,0.045777034
214.45999,-974.8283,14.279089,0.045777034
214.48,-960.4065,-11.198046,-0.4338706
214.5,-974.8283,26.777308,0.20565958
214.51999,-869.0681,11.234652,0.045777034
214.54,-984.44293,-8.634309,-0.4338706
214.56,-970.021,9.952783,-0.114105515
214.58,-1003.672,4.825309,-0.114105515
214.59999,-955.5992,7.3890457,0.045777034
214.62,-974.8283,4.9855423,0.20565958
214.64,-960.4065,15.080256,-0.2739881
214.65999,-979.6356,14.920023,-0.2739881
214.68,-979.6356,24.373804,-0.59375316
214.7,-955.5992,-6.230806,0.36554214
214.72,-912.3337,-42.12311,-0.59375316
214.73999,-970.021,38.314125,-0.114105515
214.76,-960.4065,-6.230806,0.045777034
214.78,-984.44293,-11.83898,-0.59375316
214.79999,-974.8283,-15.04365,-0.4338706
214.81999,-1037.323,20.207731,-0.4338706
214.84,-1008.4793,-18.568789,-0.114105515
214.86,-1037.323,26.93754,-0.4338706
214.87999,-1008.4793,0.6592364,-0.114105515
214.9,-979.6356,-4.6284704,-0.59375316
214.92,-994.0574,-6.3910394,-0.9135183
214.94,-984.44293,-7.352441,-0.114105515
214.95999,-994.0574,37.99366,0.5254247
214.98,-1013.2866,16.682592,0.045777034
215.0,-1013.2866,1.7808713,-0.114105515
215.01999,-984.44293,-10.717345,0.045777034
215.04,-974.8283,34.628754,0.045777034
215.06,-989.2501,-8.634309,-0.7536357
215.08,-960.4065,10.75395,-0.2739881
215.09999,-945.9846,2.1013381,-0.4338706
215.12,-1008.4793,-10.877579,-0.2739881
215.14,-926.7555,-49.013153,-1.0734009
215.15999,-970.021,5.6264763,-0.114105515
215.18,-965.2137,-8.153608,-0.2739881
215.2,-941.1773,-13.441315,0.20565958
215.22,-955.5992,16.682592,-0.4338706
215.23999,-994.0574,6.5878778,-0.4338706
215.26,-1008.4793,-35.55354,-0.59375316
215.28,-994.0574,38.794827,-0.7536357
215.29999,-994.0574,-8.954777,-0.59375316
215.31999,-965.2137,53.856785,-0.2739881
215.34,-1046.9375,-10.396878,0.045777034
215.36,-994.0574,-21.292757,0.045777034
215.37999,-1046.9375,27.097775,0.045777034
215.4,-1022.90106,44.563236,-0.4338706
215.42,-974.8283,22.931702,-0.4338706
215.44,-979.6356,21.329365,-0.2739881
215.45999,-1018.0938,15.560958,0.045777034
215.48,-1003.672,-13.922015,0.20565958
215.5,-955.5992,13.638155,0.045777034
215.51999,-994.0574,30.142212,-0.114105515
215.54,-1032.5157,-8.794542,0.045777034
215.56,-1008.4793,-17.286919,0.045777034
215.58,-974.8283,-6.5512733,0.045777034
215.59999,-998.8647,1.6206378,0.045777034
215.62,-989.2501,-16.165285,-0.114105515
215.64,-936.37006,-5.2694044,0.045777034
215.65999,-1075.7811,-20.972292,-0.114105515
215.68,-984.44293,20.367966,-0.114105515
215.7,-974.8283,-12.640147,-0.114105515
215.72,-984.44293,-68.56164,0.045777034
215.73999,-984.44293,-54.621323,-0.114105515
215.76,-984.44293,-6.5512733,0.045777034
215.78,-1037.323,-23.21556,-0.4338706
215.79999,-945.9846,-26.740696,0.5254247
215.81999,-965.2137,3.7036738,-0.4338706
215.84,-984.44293,-0.62263197,-0.114105515
215.86,-1022.90106,4.825309,-0.114105515
215.87999,-1008.4793,37.833427,-0.114105515
215.9,-1008.4793,-14.08225,0.5254247
215.92,-1032.5157,-12.479914,-0.2739881
215.94,-974.8283,0.17853576,-0.114105515
215.95999,-1042.1301,10.75395,0.045777034
215.98,-994.0574,-2.385201,-0.59375316
216.0,-974.8283,14.759789,0.045777034
216.01999,-974.8283,-33.150036,0.20565958
216.04,-1046.9375,-3.026135,-0.59375316
216.06,-989.2501,33.346886,-0.4338706
216.08,-994.0574,12.035819,-0.59375316
216.09999,-1027.7084,-8.313842,-0.114105515
216.12,-1032.5157,2.5820389,-0.4338706
216.14,-989.2501,-22.895092,-0.114105515
216.15999,-984.44293,-36.194473,-0.2739881
216.18,-1003.672,51.45328,0.20565958
216.2,-984.44293,-3.6670694,0.20565958
216.22,-1051.7448,-13.601548,-0.114105515
216.23999,-989.2501,32.70595,-0.114105515
216.26,-984.44293,-8.794542,-0.7536357
216.28,-941.1773,-10.076411,-0.7536357
216.29999,-1018.0938,16.041658,0.045777034
216.31999,-1013.2866,14.599556,0.36554214
216.34,-1013.2866,-26.580463,-0.2739881
216.36,-989.2501,-8.954777,-0.4338706
216.37999,-979.6356,-29.785133,-0.2739881
216.4,-974.8283,-35.55354,-0.114105515
216.42,-994.0574,-21.132523,-0.9135183
216.44,-1027.7084,-23.055326,-0.2739881
216.45999,-974.8283,32.385483,-0.114105515
216.48,-1051.7448,-11.037811,-0.4338706
216.5,-1003.672,-10.717345,-0.2739881
216.51999,-974.8283,21.169132,-0.59375316
216.54,-1037.323,20.047497,-0.59375316
216.56,-1032.5157,8.831148,0.045777034
216.58,-979.6356,-32.669334,-0.114105515
216.59999,-974.8283,-5.910339,0.20565958
216.62,-970.021,-9.755944,-0.114105515
216.64,-1042.1301,-7.0319734,-0.59375316
216.65999,-1022.90106,-23.375792,-0.59375316
216.68,-998.8647,2.7422726,-0.4338706
216.7,-1013.2866,-13.601548,-1.0734009
216.72,-1018.0938,24.213572,-0.2739881
216.73999,-1042.1301,13.317687,-0.114105515
216.76,-1003.672,29.821747,-0.4338706
216.78,-1032.5157,1.9411048,0.045777034
216.79999,-1018.0938,16.20189,0.20565958
216.81999,-994.0574,-45.808483,0.045777034
216.84,-1013.2866,12.99722,-0.4338706
216.86,-1003.672,-7.192207,-0.4338706
216.87999,-1051.7448,-22.414392,-0.114105515
216.9,-1037.323,-0.46239844,-0.114105515
216.92,-1018.0938,19.887262,-0.2739881
216.94,-1032.5157,-7.0319734,-0.114105515
216.95999,-1013.2866,-29.1442,-0.7536357
216.98,-1008.4793,4.024141,-0.114105515
217.0,-1008.4793,-18.408554,0.045777034
217.01999,-989.2501,-25.93953,0.20565958
217.04,-1037.323,20.047497,0.20565958
217.06,-1061.3594,-17.607388,0.045777034
217.08,-1008.4793,26.617075,0.20565958
217.09999,-1018.0938,14.279089,0.20565958
217.12,-1042.1301,2.902506,-0.114105515
217.14,-955.5992,2.4218054,0.20565958
217.15999,-1027.7084,35.42992,0.045777034
217.18,-1070.9739,-14.723184,0.045777034
217.2,-1066.1666,-26.580463,-0.4338706
217.22,-1032.5157,6.5878778,0.045777034
217.23999,-1042.1301,-6.0705724,0.20565958
217.26,-1046.9375,-12.800381,-0.4338706
217.28,-1037.323,10.27325,0.20565958
217.29999,-1027.7084,-5.589872,-0.114105515
217.31999,-1003.672,-4.14777,-0.4338706
217.34,-1037.323,-16.165285,0.045777034
217.36,-1046.9375,5.466243,0.36554214
217.37999,-1022.90106,1.9411048,0.20565958
217.4,-1008.4793,-28.6635,-0.2739881
217.42,-1075.7811,-28.503265,-0.2739881
217.44,-1008.4793,-3.827303,0.045777034
217.45999,-1013.2866,-15.364117,-0.4338706
217.48,-1003.672,11.715352,-0.4338706
217.5,-1027.7084,-8.153608,0.20565958
217.51999,-1027.7084,12.035819,0.5254247
217.54,-950.79193,-15.524351,0.045777034
217.56,-1032.5157,-18.408554,0.20565958
217.58,-1018.0938,-20.171124,0.045777034
217.59999,-998.8647,36.71179,0.045777034
217.62,-1061.3594,-10.877579,-0.114105515
217.64,-1061.3594,-3.6670694,0.045777034
217.65999,-1037.323,-1.4237996,0.20565958
217.68,-1032.5157,-3.6670694,-0.4338706
217.7,-1037.323,-15.04365,0.045777034
217.72,-1027.7084,-21.613226,-0.2739881
217.73999,-1022.90106,9.632316,-0.114105515
217.76,-1027.7084,-13.281082,0.20565958
217.78,-1027.7084,-15.524351,-0.4338706
217.79999,-1008.4793,-18.568789,-0.2739881
217.81999,-1027.7084,1.6206378,-0.114105515
217.84,-1046.9375,-0.9430991,-0.2739881
217.86,-1056.5521,8.670914,0.045777034
217.87999,-1037.323,-24.497427,-0.4338706
217.9,-1013.2866,5.145776,0.68530726
217.92,-1013.2866,35.590153,-0.4338706
217.94,-1061.3594,29.501278,0.36554214
217.95999,-1013.2866,-4.3080034,-0.114105515
217.98,-1032.5157,1.4604042,0.68530726
218.0,-1066.1666,0.49900287,0.20565958
218.01999,-1037.323,-1.4237996,-0.114105515
218.04,-1046.9375,46.806507,0.5254247
218.06,-1099.8176,24.053337,-0.2739881
218.08,-998.8647,-5.7501054,-0.2739881
218.09999,-1042.1301,8.831148,-0.114105515
218.12,-1080.5885,39.435764,0.045777034
218.14,-1018.0938,22.77147,0.36554214
218.15999,-1027.7084,-25.138361,0.045777034
218.18,-1027.7084,5.3060093,0.20565958
218.2,-1022.90106,-5.429638,-0.114105515
218.22,-1032.5157,-7.0319734,0.20565958
218.23999,-1022.90106,32.22525,0.36554214
218.26,-1018.0938,-1.2635663,-0.2739881
218.28,-1056.5521,-7.833141,0.045777034
218.29999,-1080.5885,-8.474075,-0.114105515
218.31999,-1061.3594,4.825309,-0.114105515
218.34,-1042.1301,26.45684,0.20565958
218.36,-1056.5521,15.24049,0.5254247
218.37999,-1013.2866,12.035819,0.36554214
218.4,-1080.5885,-31.387466,-0.59375316
218.42,-1051.7448,22.77147,-0.2739881
218.44,-1046.9375,-9.755944,-0.2739881
218.45999,-1032.5157,45.364407,-0.114105515
218.48,-1046.9375,10.433483,0.045777034
218.5,-1056.5521,-8.794542,-0.114105515
218.51999,-1008.4793,-18.729021,-0.7536357
218.54,-1051.7448,-24.497427,-0.4338706
218.56,-1070.9739,-27.061165,-0.7536357
218.58,-1061.3594,16.52236,-0.4338706
218.59999,-1099.8176,15.24049,-0.2739881
218.62,-1056.5521,1.139937,0.045777034
218.64,-1056.5521,4.3446083,-0.114105515
218.65999,-1051.7448,-12.960614,0.045777034
218.68,-1056.5521,-23.856495,-0.4338706
218.7,-1032.5157,7.709513,0.36554214
218.72,-1051.7448,-12.960614,0.36554214
218.73999,-974.8283,-20.331356,0.20565958
218.76,-1051.7448,-24.016727,-0.4338706
218.78,-1056.5521,-2.2249672,0.045777034
218.79999,-1085.3958,4.825309,0.20565958
218.81999,-1114.2395,49.370243,0.36554214
218.84,-1046.9375,-2.8659017,0.045777034
218.86,-1013.2866,-11.198046,0.20565958
218.87999,-1075.7811,-11.518513,0.36554214
218.9,-1080.5885,38.153893,0.045777034
218.92,-1056.5521,-2.7056682,0.20565958
218.94,-1051.7448,16.52236,-0.114105515
218.95999,-1095.0103,18.284927,-0.114105515
218.98,-1051.7448,-14.723184,-0.4338706
219.0,-1061.3594,-6.5512733,-0.2739881
219.01999,-1085.3958,34.148052,0.20565958
219.04,-1061.3594,-11.198046,-0.114105515
219.06,-1061.3594,30.94338,0.045777034
219.08,-1119.0468,-25.779295,-0.114105515
219.09999,-1070.9739,-5.429638,0.20565958
219.12,-1128.6613,-28.503265,0.045777034
219.14,-1037.323,-2.8659017,-0.4338706
219.15999,-1080.5885,-21.452991,0.36554214
219.18,-1085.3958,-9.435476,-0.2739881
219.2,-1080.5885,-7.993375,0.045777034
219.22,-1128.6613,-38.437744,0.68530726
219.23999,-1075.7811,31.103615,0.68530726
219.26,-1070.9739,14.1188545,0.045777034
219.28,-1037.323,-27.702099,-0.2739881
219.29999,-1075.7811,-11.999213,-0.4338706
219.31999,-1066.1666,-1.4237996,0.045777034
219.34,-1075.7811,-32.5091,-0.4338706
219.36,-1109.4321,-35.55354,-0.2739881
219.37999,-1080.5885,-14.562949,0.20565958
219.4,-1080.5885,7.3890457,-0.2739881
219.42,-1032.5157,40.877865,-0.59375316
219.44,-1080.5885,16.362125,0.045777034
219.45999,-1070.9739,7.709513,0.20565958
219.48,-1114.2395,23.412403,0.68530726
219.5,-1123.854,-2.2249672,-0.2739881
219.51999,-1056.5521,0.17853576,-0.114105515
219.54,-1085.3958,-4.14777,-0.114105515
219.56,-1095.0103,0.33876932,0.045777034
219.58,-1032.5157,-37.957043,0.045777034
219.59999,-1070.9739,-40.841244,-0.2739881
219.62,-1070.9739,4.9855423,-0.2739881
219.64,-1104.6249,27.738708,0.045777034
219.65999,-1104.6249,-3.3466022,-0.114105515
219.68,-1090.2031,-3.5068357,0.20565958
219.7,-1104.6249,33.346886,0.045777034
219.72,-1061.3594,3.5434403,-0.59375316
219.73999,-1099.8176,14.279089,0.045777034
219.76,-1070.9739,8.670914,-0.114105515
219.78,-1099.8176,19.406563,-0.4338706
219.79999,-1070.9739,-5.7501054,-0.2739881
219.81999,-1080.5885,17.163294,-0.2739881
219.84,-1061.3594,12.8369875,-0.4338706
219.86,-1104.6249,2.1013381,-0.114105515
219.87999,-1099.8176,32.385483,0.20565958
219.9,-1095.0103,10.914185,-0.2739881
219.92,-1075.7811,2.5820389,0.20565958
219.94,-1104.6249,-42.764046,-0.7536357
219.95999,-1080.5885,-9.435476,-0.4338706
219.98,-1128.6613,0.17853576,-0.2739881
220.0,-1109.4321,-57.66576,-0.59375316
220.01999,-1085.3958,-1.7442669,-0.59375316
220.04,-1085.3958,14.439322,0.20565958
220.06,-1085.3958,-14.402717,-0.59375316
220.08,-1095.0103,9.151615,-0.2739881
220.09999,-1109.4321,39.595997,0.20565958
220.12,-1080.5885,14.920023,0.045777034
220.14,-1075.7811,22.130533,0.045777034
220.15999,-1090.2031,-6.8717403,0.045777034
220.18,-1109.4321,3.2229733,-0.114105515
220.2,-1061.3594,-0.7828655,-0.59375316
220.22,-1147.8904,-20.331356,-0.4338706
220.23999,-1085.3958,-9.275244,-0.4338706
220.26,-1104.6249,8.190214,-0.4338706
220.28,-1061.3594,31.424084,-0.2739881
220.29999,-1147.8904,4.6650753,-0.114105515
220.31999,-1095.0103,5.3060093,-0.59375316
220.34,-1104.6249,12.8369875,0.045777034
220.36,-1080.5885,0.17853576,-0.2739881
220.37999,-1099.8176,13.638155,0.045777034
220.4,-1104.6249,7.228812,-0.4338706
220.42,-1090.2031,-1.5840333,-0.114105515
220.44,-1138.2759,7.0685787,0.20565958
220.45999,-1119.0468,-22.254158,-0.114105515
220.48,-1099.8176,2.4218054,0.20565958
220.5,-1147.8904,0.6592364,-0.4338706
220.51999,-1090.2031,6.7481112,0.045777034
220.54,-1128.6613,-3.6670694,-0.2739881
220.56,-1152.6976,21.4896,-0.7536357
220.58,-1119.0468,6.1071773,-0.114105515
220.59999,-1095.0103,-10.396878,-0.114105515
220.62,-1095.0103,19.727032,0.36554214
220.64,-1109.4321,21.0089,-0.2739881
220.65999,-1119.0468,18.605394,-0.59375316
220.68,-1066.1666,11.234652,-0.114105515
220.7,-1109.4321,4.184375,-0.2739881
220.72,-1119.0468,-8.794542,-0.2739881
220.73999,-1181.5414,-18.889254,-0.7536357
220.76,-1109.4321,14.759789,-0.4338706
220.78,-1075.7811,-7.833141,-1.0734009
220.79999,-1123.854,23.252169,0.045777034
220.81999,-1128.6613,17.804228,0.045777034
220.84,-1066.1666,-16.966454,-0.114105515
220.86,-1104.6249,7.228812,0.045777034
220.87999,-1104.6249,-7.833141,-0.114105515
220.9,-1128.6613,-61.511364,-0.2739881
220.92,-1104.6249,-28.983965,-0.59375316
220.94,-1119.0468,-10.076411,-0.2739881
220.95999,-1167.1195,47.928143,0.20565958
220.98,-1143.0831,14.439322,0.5254247
221.0,-1119.0468,29.821747,0.045777034
221.01999,-1123.854,24.373804,0.20565958
221.04,-1157.505,-7.192207,-0.2739881
221.06,-1181.5414,-14.883417,-0.2739881
221.08,-1109.4321,-8.153608,0.045777034
221.09999,-1152.6976,-1.1033326,-0.4338706
221.12,-1075.7811,3.0627398,-0.114105515
221.14,-1133.4685,-23.375792,-0.2739881
221.15999,-1061.3594,-16.645985,-0.59375316
221.18,-1109.4321,16.041658,0.20565958
221.2,-1104.6249,13.477921,-0.59375316
221.22,-1133.4685,15.080256,-0.4338706
221.23999,-1119.0468,46.806507,-0.114105515
221.26,-1138.2759,-1.4237996,-0.114105515
221.28,-1133.4685,-3.827303,0.045777034
221.29999,-1085.3958,6.7481112,-0.4338706
221.31999,-1119.0468,-18.408554,-0.4338706
221.34,-1099.8176,8.350447,-0.2739881
221.36,-1138.2759,21.169132,-0.2739881
221.37999,-1123.854,11.555119,-0.7536357
221.4,-1095.0103,5.145776,-0.4338706
221.42,-1109.4321,1.3001705,-0.9135183
221.44,-1090.2031,9.632316,-0.7536357
221.45999,-1119.0468,-36.354706,-0.9135183
221.48,-1147.8904,9.792548,0.045777034
221.5,-1123.854,14.439322,-0.114105515
221.51999,-1080.5885,-15.203884,-0.4338706
221.54,-1147.8904,-15.684585,-0.2739881
221.56,-1095.0103,-26.099764,-0.59375316
221.58,-1119.0468,4.825309,-0.4338706
221.59999,-1147.8904,1.9411048,-0.4338706
221.62,-1123.854,-15.04365,-0.2739881
221.64,-1205.5778,3.3832066,0.045777034
221.65999,-1147.8904,39.595997,0.045777034
221.68,-1128.6613,34.308285,-0.2739881
221.7,-1195.9633,-3.9875362,-0.7536357
221.72,-1109.4321,-5.589872,-0.2739881
221.73999,-1128.6613,-9.59571,-0.2739881
221.76,-1104.6249,7.3890457,-0.2739881
221.78,-1147.8904,12.035819,-0.4338706
221.79999,-1157.505,-19.049488,-0.2739881
221.81999,-1224.8069,-1.1033326,-0.59375316
221.84,-1143.0831,18.925863,-0.2739881
221.86,-1133.4685,-4.3080034,-0.2739881
221.87999,-1157.505,-10.076411,-0.2739881
221.9,-1157.505,20.848665,-0.2739881
221.92,-1109.4321,-3.3466022,-0.59375316
221.94,-1128.6613,1.6206378,-0.7536357
221.95999,-1128.6613,4.504842,-0.114105515
221.98,-1224.8069,-13.601548,-0.59375316
222.0,-1147.8904,-35.55354,-0.7536357
222.01999,-1109.4321,33.186653,-0.4338706
222.04,-1143.0831,9.151615,-0.2739881
222.06,-1133.4685,-9.275244,0.045777034
222.08,-1090.2031,1.6206378,-0.4338706
222.09999,-1176.734,34.78899,-0.7536357
222.12,-1215.1924,-24.817896,-0.2739881
222.14,-1181.5414,-7.5126743,-0.2739881
222.15999,-1070.9739,18.925863,-0.114105515
222.18,-1104.6249,-0.62263197,-0.2739881
222.2,-1162.3123,-3.026135,-0.59375316
222.22,-1152.6976,19.246328,0.20565958
222.23999,-1133.4685,15.080256,-0.4338706
222.26,-1157.505,18.925863,-0.114105515
222.28,-1128.6613,-5.7501054,-0.59375316
222.29999,-1162.3123,-9.115009,0.8451898
222.31999,-1080.5885,-2.2249672,-0.114105515
222.34,-1171.9269,25.815907,0.5254247
222.36,-1143.0831,-3.1863687,-0.2739881
222.37999,-1138.2759,39.275528,0.045777034
222.4,-1070.9739,21.649834,0.045777034
222.42,-1128.6613,12.196053,-0.59375316
222.44,-1181.5414,-26.42023,-0.114105515
222.45999,-1157.505,-26.580463,-0.2739881
222.48,-1123.854,-5.1091714,-0.2739881
222.5,-1133.4685,-6.3910394,-0.114105515
222.51999,-1095.0103,-25.93953,-0.114105515
222.54,-1143.0831,-8.474075,-0.59375316
222.56,-1157.505,10.75395,-0.2739881
222.58,-1104.6249,-7.352441,0.045777034
222.59999,-1138.2759,-35.874004,0.20565958
222.62,-1152.6976,-4.948938,-0.114105515
222.64,-1195.9633,-16.005053,0.5254247
222.65999,-1143.0831,-2.0647337,0.045777034
222.68,-1157.505,-12.31968,0.20565958
222.7,-1147.8904,14.599556,-0.59375316
222.72,-1128.6613,-2.0647337,-0.4338706
222.73999,-1133.4685,34.628754,0.20565958
222.76,-1162.3123,3.8639073,-0.114105515
222.78,-1157.505,-16.005053,-0.59375316
222.79999,-1128.6613,7.8697467,0.045777034
222.81999,-1162.3123,5.466243,0.5254247
222.84,-1186.3486,37.833427,-0.114105515
222.86,-1181.5414,9.151615,-0.114105515
222.87999,-1152.6976,1.7808713,0.045777034
222.9,-1176.734,-47.41082,-0.4338706
222.92,-1157.505,3.5434403,-0.114105515
222.94,-1162.3123,-9.59571,0.20565958
222.95999,-1167.1195,30.46268,0.045777034
222.98,-1186.3486,21.649834,-0.114105515
223.0,-1128.6613,4.6650753,-0.2739881
223.01999,-1171.9269,-10.557112,0.045777034
223.04,-1219.9996,38.634594,0.5254247
223.06,-1186.3486,10.593717,-0.114105515
223.08,-1186.3486,-13.281082,-0.4338706
223.09999,-1167.1195,-19.369957,0.045777034
223.12,-1157.505,-27.702099,0.5254247
223.14,-1138.2759,-2.8659017,-0.114105515
223.15999,-1138.2759,-12.960614,0.045777034
223.18,-1147.8904,3.3832066,0.36554214
223.2,-1186.3486,7.3890457,0.68530726
223.22,-1147.8904,1.139937,0.045777034
223.23999,-1147.8904,0.9797035,-0.4338706
223.26,-1114.2395,-12.159447,-0.2739881
223.28,-1176.734,3.0627398,0.20565958
223.29999,-1147.8904,-13.922015,0.68530726
223.31999,-1162.3123,-73.6891,0.36554214
223.34,-1191.156,-9.755944,0.045777034
223.36,-1152.6976,-4.14777,0.20565958
223.37999,-1176.734,15.560958,0.8451898
223.4,-1147.8904,-4.6284704,0.045777034
223.42,-1162.3123,12.99722,0.20565958
223.44,-1176.734,-18.568789,-0.114105515
223.45999,-1123.854,-15.364117,0.045777034
223.48,-1181.5414,20.68843,0.20565958
223.5,-1162.3123,-40.200314,0.045777034
223.51999,-1152.6976,-16.485752,-0.4338706
223.54,-1176.734,-21.292757,-0.7536357
223.56,-1147.8904,-16.005053,0.36554214
223.58,-1133.4685,31.904783,0.20565958
223.59999,-1181.5414,-28.6635,0.68530726
223.62,-1143.0831,8.510681,0.045777034
223.64,-1143.0831,22.931702,0.045777034
223.65999,-1191.156,-13.441315,-0.2739881
223.68,-1147.8904,-3.3466022,-0.114105515
223.7,-1176.734,-11.518513,-0.59375316
223.72,-1200.7704,-16.005053,-0.2739881
223.73999,-1191.156,-4.948938,-0.59375316
223.76,-1128.6613,1.3001705,-0.114105515
223.78,-1133.4685,4.024141,0.045777034
223.79999,-1157.505,16.362125,-0.114105515
223.81999,-1143.0831,-15.04365,-0.4338706
223.84,-1176.734,-9.916177,-0.4338706
223.86,-1210.385,39.275528,-0.2739881
223.87999,-1219.9996,4.024141,-0.4338706
223.9,-1147.8904,-36.675175,-0.2739881
223.92,-1171.9269,-23.375792,-0.59375316
223.94,-1186.3486,-5.2694044,-0.2739881
223.95999,-1167.1195,-0.14193134,0.68530726
223.98,-1219.9996,-17.286919,0.36554214
224.0,-1215.1924,48.569077,-0.114105515
224.01999,-1205.5778,20.207731,-0.4338706
224.04,-1191.156,-11.198046,0.5254247
224.06,-1157.505,3.2229733,0.5254247
224.08,-1191.156,-14.402717,-0.114105515
224.09999,-1219.9996,-24.17696,-0.59375316
224.12,-1210.385,-20.651823,-0.59375316
224.14,-1205.5778,18.124695,-0.9135183
224.15999,-1157.505,30.302446,-0.2739881
224.18,-1224.8069,23.732868,0.045777034
224.2,-1205.5778,-7.5126743,0.045777034
224.22,-1195.9633,-9.916177,-0.114105515
224.23999,-1157.505,21.649834,-0.2739881
224.26,-1171.9269,8.831148,0.68530726
224.28,-1210.385,-16.485752,0.20565958
224.29999,-1143.0831,-36.03424,-0.7536357
224.31999,-1205.5778,-10.396878,-0.4338706
224.34,-1167.1195,-14.723184,-0.4338706
224.36,-1186.3486,8.510681,-0.114105515
224.37999,-1143.0831,40.717632,0.045777034
224.4,-1195.9633,-1.2635663,0.045777034
224.42,-1191.156,-24.817896,-0.59375316
224.44,-1253.6505,13.958622,0.5254247
224.45999,-1162.3123,12.8369875,0.045777034
224.48,-1181.5414,-3.827303,-0.114105515
224.5,-1200.7704,8.510681,0.20565958
224.51999,-1191.156,-19.049488,-0.4338706
224.54,-1143.0831,32.866184,-0.4338706
224.56,-1200.7704,26.296606,0.045777034
224.58,-1181.5414,8.02998,-0.2739881
224.59999,-1219.9996,15.080256,-0.4338706
224.62,-1191.156,15.72119,-0.2739881
224.64,-1176.734,17.163294,0.68530726
224.65999,-1195.9633,-12.640147,-0.59375316
224.68,-1195.9633,15.400723,-0.2739881
224.7,-1186.3486,-34.111435,-0.7536357
224.72,-1167.1195,9.151615,-0.114105515
224.73999,-1210.385,38.634594,0.045777034
224.76,-1244.036,-19.530188,-0.4338706
224.78,-1219.9996,-12.800381,-0.114105515
224.79999,-1176.734,-30.265835,-0.59375316
224.81999,-1224.8069,6.2674108,-0.59375316
224.84,-1167.1195,20.047497,0.045777034
224.86,-1195.9633,-26.580463,0.20565958
224.87999,-1248.8434,-0.14193134,-0.114105515
224.9,-1171.9269,4.504842,-0.114105515
224.92,-1219.9996,-16.645985,0.36554214
224.94,-1157.505,32.385483,0.5254247
224.95999,-1200.7704,25.49544,-0.4338706
224.98,-1205.5778,17.96446,-0.2739881
225.0,-1282.4943,9.792548,-0.2739881
225.01999,-1219.9996,-15.844818,-0.59375316
225.04,-1205.5778,-2.7056682,-0.4338706
225.06,-1195.9633,28.379642,0.5254247
225.08,-1186.3486,17.643993,0.5254247
225.09999,-1195.9633,4.825309,0.5254247
225.12,-1210.385,-17.607388,-0.114105515
225.14,-1253.6505,28.860344,0.36554214
225.15999,-1195.9633,13.958622,0.045777034
225.18,-1186.3486,-16.325518,-0.4338706
225.2,-1239.2288,-6.230806,-0.114105515
225.22,-1195.9633,8.510681,0.68530726
225.23999,-1191.156,15.881425,0.68530726
225.26,-1219.9996,44.08254,0.5254247
225.28,-1205.5778,21.329365,0.5254247
225.29999,-1162.3123,-11.678746,0.68530726
225.31999,-1244.036,-2.7056682,0.36554214
225.34,-1219.9996,14.439322,0.20565958
225.36,-1195.9633,11.715352,0.68530726
225.37999,-1239.2288,-11.358279,0.20565958
225.4,-1195.9633,-1.1033326,0.045777034
225.42,-1215.1924,8.831148,-0.114105515
225.44,-1205.5778,3.8639073,-0.114105515
225.45999,-1210.385,3.5434403,0.045777034
225.48,-1186.3486,46.165573,0.20565958
225.5,-1195.9633,-33.790974,-0.4338706
225.51999,-1224.8069,-3.026135,0.045777034
225.54,-1191.156,26.136374,-0.4338706
225.56,-1244.036,-10.236644,-0.59375316
225.58,-1229.6141,-14.08225,-0.4338706
225.59999,-1210.385,6.5878778,0.045777034
225.62,-1205.5778,-22.093925,-0.114105515
225.64,-1292.1088,-13.922015,-0.114105515
225.65999,-1191.156,-38.117275,-0.114105515
225.68,-1234.4214,7.8697467,-0.4338706
225.7,-1191.156,-4.468237,-0.2739881
225.72,-1248.8434,-13.120848,-0.114105515
225.73999,-1234.4214,-44.366383,-0.114105515
225.76,-1316.1453,11.875586,-0.2739881
225.78,-1248.8434,-5.429638,-0.4338706
225.79999,-1205.5778,19.406563,-0.114105515
225.81999,-1219.9996,28.700111,0.20565958
225.84,-1205.5778,22.130533,0.045777034
225.86,-1176.734,-25.93953,-0.2739881
225.87999,-1215.1924,-33.470505,-0.2739881
225.9,-1219.9996,0.9797035,-0.2739881
225.92,-1215.1924,46.48604,-0.4338706
225.94,-1224.8069,24.053337,0.045777034
225.95999,-1205.5778,13.798388,-0.2739881
225.98,-1195.9633,-25.619062,-0.114105515
226.0,-1253.6505,20.528198,-0.114105515
226.01999,-1244.036,-14.883417,-0.2739881
226.04,-1210.385,-30.265835,-0.59375316
226.06,-1181.5414,-9.755944,-0.59375316
226.08,-1167.1195,-6.711507,-0.2739881
226.09999,-1200.7704,3.3832066,0.045777034
226.12,-1224.8069,33.026417,-0.2739881
226.14,-1244.036,-5.2694044,-0.2739881
226.15999,-1205.5778,24.213572,0.5254247
226.18,-1200.7704,28.379642,-0.114105515
226.2,-1272.8798,18.284927,0.20565958
226.22,-1210.385,27.738708,0.045777034
226.23999,-1215.1924,4.504842,-0.2739881
226.26,-1253.6505,10.113016,-0.59375316
226.28,-1239.2288,-13.281082,-0.4338706
226.29999,-1239.2288,10.914185,-0.4338706
226.31999,-1176.734,27.418243,-0.114105515
226.34,-1239.2288,-13.601548,-0.4338706
226.36,-1210.385,-12.640147,-0.2739881
226.37999,-1258.4578,6.908345,0.045777034
226.4,-1287.3015,1.7808713,-0.59375316
226.42,-1258.4578,36.23109,0.5254247
226.44,-1234.4214,1.9411048,-0.2739881
226.45999,-1277.687,-40.841244,-0.4338706
226.48,-1224.8069,-8.954777,-0.2739881
226.5,-1248.8434,-3.1863687,-0.114105515
226.51999,-1224.8069,14.759789,-0.2739881
226.54,-1258.4578,2.261572,0.20565958
226.56,-1195.9633,-10.717345,0.045777034
226.58,-1244.036,6.1071773,0.045777034
226.59999,-1253.6505,7.549279,-0.114105515
226.62,-1239.2288,9.632316,-0.59375316
226.64,-1244.036,6.5878778,-0.2739881
226.65999,-1248.8434,8.831148,-0.114105515
226.68,-1296.9161,-21.933691,0.20565958
226.7,-1239.2288,-21.292757,0.36554214
226.72,-1239.2288,-1.5840333,-0.114105515
226.73999,-1181.5414,65.71407,-0.2739881
226.76,-1219.9996,-5.910339,0.20565958
226.78,-1258.4578,9.151615,0.045777034
226.79999,-1311.3379,18.605394,0.20565958
226.81999,-1239.2288,-21.132523,-0.114105515
226.84,-1282.4943,-36.514942,-0.7536357
226.86,-1287.3015,9.151615,0.36554214
226.87999,-1176.734,-18.088087,-0.114105515
226.9,-1248.8434,-4.7887044,-0.2739881
226.92,-1244.036,6.5878778,0.5254247
226.94,-1306.5306,-22.895092,0.20565958
226.95999,-1311.3379,-6.5512733,-0.114105515
226.98,-1224.8069,24.854506,0.20565958
227.0,-1215.1924,0.81947,-0.114105515
227.01999,-1224.8069,8.831148,-0.2739881
227.04,-1277.687,-2.0647337,0.045777034
227.06,-1244.036,-3.9875362,-0.114105515
227.08,-1258.4578,-2.7056682,-0.4338706
227.09999,-1219.9996,22.451,0.045777034
227.12,-1239.2288,2.4218054,-0.4338706
227.14,-1181.5414,-11.999213,-0.2739881
227.15999,-1248.8434,5.78671,0.36554214
227.18,-1263.2651,13.798388,0.36554214
227.2,-1263.2651,-8.634309,0.045777034
227.22,-1248.8434,-4.14777,0.045777034
227.23999,-1258.4578,-29.785133,-0.114105515
227.26,-1272.8798,3.7036738,-0.114105515
227.28,-1349.7963,-32.188637,-0.2739881
227.29999,-1253.6505,-14.402717,-0.59375316
227.31999,-1229.6141,-17.447153,-0.4338706
227.34,-1263.2651,7.8697467,0.045777034
227.36,-1244.036,-18.889254,0.20565958
227.37999,-1282.4943,-2.0647337,-0.114105515
227.4,-1263.2651,14.920023,0.20565958
227.42,-1292.1088,-26.099764,0.045777034
227.44,-1248.8434,-21.613226,-0.114105515
227.45999,-1263.2651,11.715352,0.20565958
227.48,-1219.9996,-3.1863687,-0.7536357
227.5,-1282.4943,-21.452991,-0.9135183
227.51999,-1171.9269,35.75039,-0.2739881
227.54,-1239.2288,-0.9430991,0.045777034
227.56,-1244.036,3.0627398,0.36554214
227.58,-1287.3015,-18.889254,0.36554214
227.59999,-1272.8798,-14.08225,-0.114105515
227.62,-1330.567,19.406563,-0.7536357
227.64,-1258.4578,-0.46239844,0.045777034
227.65999,-1263.2651,-23.536026,-0.7536357
227.68,-1311.3379,-0.14193134,-0.4338706
227.7,-1248.8434,-0.46239844,-0.2739881
227.72,-1277.687,-11.678746,-0.7536357
227.73999,-1258.4578,-4.6284704,0.045777034
227.76,-1244.036,-8.794542,-0.114105515
227.78,-1296.9161,21.329365,-0.2739881
227.79999,-1253.6505,-5.589872,-0.2739881
227.81999,-1272.8798,30.622915,-0.114105515
227.84,-1239.2288,10.593717,0.20565958
227.86,-1239.2288,8.02998,0.20565958
227.87999,-1229.6141,-6.711507,-0.4338706
227.9,-1277.687,17.804228,-0.4338706
227.92,-1253.6505,-5.2694044,-0.7536357
227.94,-1253.6505,-7.5126743,-0.2739881
227.95999,-1292.1088,36.551556,-0.59375316
227.98,-1248.8434,5.145776,-0.9135183
228.0,-1239.2288,16.682592,-0.114105515
228.01999,-1325.7598,12.196053,-0.2739881
228.04,-1282.4943,-25.779295,-0.2739881
228.06,-1292.1088,25.815907,-0.4338706
228.08,-1277.687,3.2229733,0.045777034
228.09999,-1244.036,-15.524351,0.20565958
228.12,-1258.4578,11.555119,0.20565958
228.14,-1287.3015,0.49900287,-0.4338706
228.15999,-1296.9161,-33.630737,-0.2739881
228.18,-1282.4943,-3.026135,-0.114105515
228.2,-1272.8798,-29.945368,0.36554214
228.22,-1306.5306,-9.275244,-0.2739881
228.23999,-1277.687,21.4896,-0.2739881
228.26,-1301.7234,34.78899,0.20565958
228.28,-1258.4578,3.0627398,0.20565958
228.29999,-1277.687,3.0627398,-0.114105515
228.31999,-1268.0724,6.4276443,0.20565958
228.34,-1272.8798,10.113016,-0.2739881
228.36,-1263.2651,1.139937,-0.2739881
228.37999,-1248.8434,-10.877579,-0.2739881
228.4,-1277.687,-29.945368,-0.2739881
228.42,-1234.4214,-7.192207,-0.7536357
228.44,-1316.1453,-1.9045002,-0.2739881
228.45999,-1292.1088,-15.04365,-0.59375316
228.48,-1335.3743,-12.159447,0.36554214
228.5,-1296.9161,12.51652,-0.114105515
228.51999,-1287.3015,-15.844818,-0.114105515
228.54,-1306.5306,2.4218054,-0.114105515
228.56,-1268.0724,9.151615,0.045777034
228.58,-1292.1088,13.157454,-0.114105515
228.59999,-1287.3015,19.086096,0.5254247
228.62,-1253.6505,-23.856495,0.20565958
228.64,-1272.8798,10.914185,0.045777034
228.65999,-1292.1088,14.920023,0.20565958
228.68,-1287.3015,3.0627398,0.045777034
228.7,-1263.2651,33.66735,-0.114105515
228.72,-1335.3743,22.931702,0.5254247
228.73999,-1268.0724,-12.159447,-0.4338706
228.76,-1301.7234,-17.76762,-0.114105515
228.78,-1316.1453,-2.5454345,0.045777034
228.79999,-1253.6505,-13.761782,0.20565958
228.81999,-1306.5306,5.466243,0.045777034
228.84,-1272.8798,6.908345,-0.2739881
228.86,-1272.8798,-21.773457,-0.59375316
228.87999,-1311.3379,-4.14777,-0.114105515
228.9,-1306.5306,22.77147,0.36554214
228.92,-1292.1088,6.4276443,-0.2739881
228.94,-1272.8798,-31.227234,0.045777034
228.95999,-1277.687,23.893103,0.36554214
228.98,-1287.3015,-5.429638,0.045777034
229.0,-1272.8798,-20.49159,-0.2739881
229.01999,-1359.4106,0.49900287,0.36554214
229.04,-1296.9161,6.5878778,0.5254247
229.06,-1263.2651,-18.408554,-0.2739881
229.08,-1311.3379,21.329365,0.045777034
229.09999,-1287.3015,7.0685787,0.045777034
229.12,-1311.3379,17.163294,0.20565958
229.14,-1325.7598,0.9797035,0.045777034
229.15999,-1301.7234,1.4604042,0.045777034
229.18,-1268.0724,-27.541864,0.045777034
229.2,-1301.7234,17.00306,0.20565958
229.22,-1330.567,-2.8659017,-0.114105515
229.23999,-1311.3379,33.50712,-0.114105515
229.26,-1330.567,32.545715,0.20565958
229.28,-1354.6035,18.605394,-0.4338706
229.29999,-1272.8798,-0.9430991,-0.4338706
229.31999,-1296.9161,-3.6670694,-0.114105515
229.34,-1320.9525,-21.132523,-0.4338706
229.36,-1292.1088,-0.14193134,-0.114105515
229.37999,-1282.4943,0.9797035,0.20565958
229.4,-1335.3743,-34.912605,0.5254247
229.42,-1325.7598,-11.518513,-0.4338706
229.44,-1263.2651,-5.7501054,-0.2739881
229.45999,-1311.3379,-0.14193134,0.36554214
229.48,-1296.9161,-10.557112,-0.2739881
229.5,-1268.0724,-2.8659017,0.20565958
229.51999,-1325.7598,-11.678746,0.5254247
229.54,-1306.5306,8.831148,0.045777034
229.56,-1306.5306,29.661512,-0.114105515
229.58,-1292.1088,-9.115009,-0.114105515
229.59999,-1287.3015,37.51296,-0.4338706
229.62,-1248.8434,28.379642,-0.114105515
229.64,-1301.7234,-11.037811,0.36554214
229.65999,-1330.567,-5.910339,-0.114105515
229.68,-1325.7598,24.694271,-0.114105515
229.7,-1340.1816,3.8639073,0.045777034
229.72,-1316.1453,11.394884,0.36554214
229.73999,-1277.687,1.4604042,-0.114105515
229.76,-1311.3379,1.6206378,-0.114105515
229.78,-1272.8798,-22.574625,-0.2739881
229.79999,-1340.1816,44.563236,0.045777034
229.81999,-1369.0253,16.842825,-0.114105515
229.84,-1320.9525,0.6592364,0.36554214
229.86,-1296.9161,20.367966,0.20565958
229.87999,-1330.567,2.4218054,-0.114105515
229.9,-1296.9161,-1.5840333,0.045777034
229.92,-1253.6505,4.3446083,0.5254247
229.94,-1320.9525,16.52236,0.20565958
229.95999,-1316.1453,6.4276443,-0.2739881
229.98,-1268.0724,10.27325,-0.114105515
230.0,-1272.8798,-5.910339,-0.4338706
230.01999,-1244.036,1.7808713,-0.4338706
230.04,-1311.3379,13.317687,-0.114105515
230.06,-1330.567,-19.690422,0.20565958
230.08,-1277.687,3.5434403,0.20565958
230.09999,-1316.1453,-6.8717403,-0.114105515
230.12,-1311.3379,-26.099764,0.5254247
230.14,-1359.4106,-7.672908,0.20565958
230.15999,-1301.7234,12.8369875,-0.114105515
230.18,-1282.4943,-6.3910394,0.20565958
230.2,-1316.1453,11.875586,0.20565958
230.22,-1292.1088,-4.3080034,0.045777034
230.23999,-1296.9161,-5.2694044,-0.114105515
230.26,-1282.4943,0.49900287,-0.114105515
230.28,-1320.9525,50.33165,0.20565958
230.29999,-1296.9161,-0.7828655,0.20565958
230.31999,-1316.1453,-8.634309,0.68530726
230.34,-1316.1453,1.6206378,0.5254247
230.36,-1340.1816,-4.3080034,0.045777034
230.37999,-1330.567,-24.657661,-0.2739881
230.4,-1354.6035,5.466243,0.20565958
230.42,-1306.5306,-1.5840333,-0.114105515
230.44,-1320.9525,20.848665,0.20565958
230.45999,-1272.8798,-5.1091714,-0.114105515
230.48,-1306.5306,-4.6284704,-0.114105515
230.5,-1301.7234,35.75039,0.045777034
230.51999,-1301.7234,30.783146,0.36554214
230.54,-1306.5306,46.165573,0.8451898
230.56,-1311.3379,-26.099764,0.36554214
230.58,-1316.1453,5.6264763,-0.2739881
230.59999,-1306.5306,-31.387466,-0.4338706
230.62,-1263.2651,1.139937,-0.2739881
230.64,-1359.4106,-9.435476,-0.114105515
230.65999,-1335.3743,-5.7501054,0.20565958
230.68,-1287.3015,-57.986225,0.5254247
230.7,-1320.9525,-4.948938,0.5254247
230.72,-1369.0253,-17.286919,0.20565958
230.73999,-1325.7598,-11.037811,-0.2739881
230.76,-1316.1453,10.433483,0.045777034
230.78,-1282.4943,25.174973,0.8451898
230.79999,-1349.7963,-0.46239844,0.68530726
230.81999,-1301.7234,2.4218054,0.045777034
230.84,-1344.9889,8.831148,-0.114105515
230.86,-1354.6035,-5.429638,-0.2739881
230.87999,-1325.7598,3.7036738,0.045777034
230.9,-1340.1816,-13.120848,0.20565958
230.92,-1282.4943,13.157454,-0.114105515
230.94,-1325.7598,20.367966,-0.2739881
230.95999,-1325.7598,-32.82957,-0.114105515
230.98,-1311.3379,1.4604042,-0.114105515
231.0,-1296.9161,26.136374,0.5254247
231.01999,-1407.4836,23.252169,0.20565958
231.04,-1349.7963,-21.933691,0.045777034
231.06,-1349.7963,-9.435476,0.5254247
231.08,-1359.4106,-17.286919,0.045777034
231.09999,-1340.1816,-10.236644,-0.114105515
231.12,-1417.098,47.767906,0.36554214
231.14,-1359.4106,-9.755944,-0.114105515
231.15999,-1354.6035,-18.408554,0.045777034
231.18,-1402.6763,-7.192207,0.5254247
231.2,-1335.3743,-0.14193134,0.36554214
231.22,-1306.5306,-20.812057,0.20565958
231.23999,-1369.0253,1.4604042,-0.114105515
231.26,-1320.9525,6.7481112,0.5254247
231.28,-1316.1453,-46.769882,0.5254247
231.29999,-1296.9161,13.477921,0.20565958
231.31999,-1330.567,-3.9875362,0.045777034
231.34,-1325.7598,-6.8717403,0.20565958
231.36,-1320.9525,7.8697467,0.36554214
231.37999,-1277.687,44.403,1.164955
231.4,-1325.7598,-10.557112,0.045777034
231.42,-1373.8326,-7.993375,0.20565958
231.44,-1354.6035,-0.30216488,0.20565958
231.45999,-1383.4471,2.7422726,0.20565958
231.48,-1325.7598,9.311849,0.045777034
231.5,-1340.1816,-1.9045002,0.5254247
231.51999,-1301.7234,-34.752373,0.5254247
231.54,-1349.7963,-2.385201,-0.2739881
231.56,-1421.9054,18.445162,-0.2739881
231.58,-1364.218,15.560958,0.045777034
231.59999,-1320.9525,16.362125,-0.114105515
231.62,-1335.3743,5.9469438,0.20565958
231.64,-1330.567,-16.80622,-0.114105515
231.65999,-1325.7598,-14.883417,-0.114105515
231.68,-1301.7234,2.5820389,-0.114105515
231.7,-1407.4836,18.925863,-0.4338706
231.72,-1325.7598,-11.358279,0.045777034
231.73999,-1335.3743,-3.3466022,-0.2739881
231.76,-1316.1453,-4.468237,0.20565958
231.78,-1340.1816,-5.1091714,-0.114105515
231.79999,-1335.3743,44.883705,0.20565958
231.81999,-1335.3743,-0.7828655,0.045777034
231.84,-1325.7598,6.7481112,-0.114105515
231.86,-1330.567,23.572638,0.20565958
231.87999,-1388.2544,-7.833141,-0.2739881
231.9,-1383.4471,-3.5068357,-0.4338706
231.92,-1388.2544,24.534037,0.20565958
231.94,-1340.1816,-12.800381,0.36554214
231.95999,-1340.1816,19.566797,0.36554214
231.98,-1354.6035,21.169132,-0.114105515
232.0,-1325.7598,43.4416,0.20565958
232.01999,-1301.7234,-17.607388,0.045777034
232.04,-1359.4106,1.6206378,-0.2739881
232.06,-1330.567,12.356286,0.68530726
232.08,-1369.0253,-6.8717403,-0.2739881
232.09999,-1325.7598,13.317687,-0.2739881
232.12,-1330.567,7.549279,-0.114105515
232.14,-1354.6035,-9.115009,0.36554214
232.15999,-1349.7963,-15.203884,-0.114105515
232.18,-1253.6505,-6.230806,0.045777034
232.2,-1335.3743,-11.678746,-0.4338706
232.22,-1340.1816,-9.115009,-0.4338706
232.23999,-1388.2544,20.848665,0.36554214
232.26,-1364.218,-27.541864,-0.2739881
232.28,-1330.567,0.49900287,0.045777034
232.29999,-1378.6399,-22.254158,0.20565958
232.31999,-1402.6763,-11.037811,0.045777034
232.34,-1344.9889,25.335205,0.045777034
232.36,-1412.2908,1.3001705,0.045777034
232.37999,-1330.567,30.142212,-0.114105515
232.4,-1364.218,14.759789,0.36554214
232.42,-1340.1816,3.5434403,0.5254247
232.43999,-1354.6035,-13.922015,-0.114105515
232.45999,-1354.6035,-0.7828655,-0.4338706
232.48,-1388.2544,25.014738,0.20565958
232.5,-1340.1816,0.81947,0.36554214
232.51999,-1325.7598,-30.906769,-0.2739881
232.54,-1320.9525,4.024141,-0.114105515
232.56,-1373.8326,7.8697467,-0.114105515
232.58,-1311.3379,27.258009,0.045777034
232.59999,-1369.0253,-5.1091714,-0.2739881
232.62,-1373.8326,-25.298595,-0.114105515
232.64,-1388.2544,-7.833141,0.36554214
232.65999,-1383.4471,-14.242482,0.36554214
232.68,-1369.0253,-0.7828655,0.045777034
232.7,-1359.4106,-0.9430991,0.20565958
232.72,-1393.0616,-10.717345,0.20565958
232.73999,-1373.8326,-29.945368,0.045777034
232.76,-1354.6035,10.593717,-0.114105515
232.78,-1388.2544,-20.331356,-0.2739881
232.79999,-1354.6035,1.3001705,-0.114105515
232.81999,-1402.6763,11.394884,-0.114105515
232.84,-1402.6763,28.059177,1.0050724
232.86,-1383.4471,25.976141,0.20565958
232.87999,-1354.6035,1.9411048,0.5254247
232.9,-1320.9525,35.42992,0.36554214
232.92,-1369.0253,-2.7056682,0.20565958
232.93999,-1359.4106,-0.14193134,-0.59375316
232.95999,-1369.0253,16.682592,-0.59375316
232.98,-1388.2544,3.8639073,-0.4338706
233.0,-1417.098,-20.171124,-0.114105515
233.01999,-1383.4471,22.931702,-0.114105515
233.04,-1397.869,13.477921,-0.114105515
233.06,-1369.0253,5.78671,-0.114105515
233.08,-1369.0253,-4.468237,0.045777034
233.09999,-1388.2544,-49.81432,0.68530726
233.12,-1364.218,-10.076411,-0.114105515
233.14,-1426.7126,-40.040077,-0.2739881
233.15999,-1383.4471,16.842825,-0.2739881
233.18,-1359.4106,-11.83898,-0.7536357
233.2,-1359.4106,-1.4237996,-0.4338706
233.22,-1369.0253,-35.55354,-0.114105515
233.23999,-1402.6763,-15.844818,-0.4338706
233.26,-1383.4471,16.20189,0.20565958
233.28,-1407.4836,-29.464666,0.045777034
233.29999,-1407.4836,-11.678746,-0.114105515
233.31999,-1311.3379,-8.153608,-0.4338706
233.34,-1383.4471,-7.672908,-0.4338706
233.36,-1407.4836,9.472081,-0.7536357
233.37999,-1393.0616,-27.702099,-1.0734009
233.4,-1292.1088,18.445162,-0.4338706
233.42,-1364.218,-16.80622,-0.114105515
233.43999,-1407.4836,-20.651823,-0.7536357
233.45999,-1373.8326,-4.468237,-0.4338706
233.48,-1354.6035,40.076694,0.045777034
233.5,-1407.4836,-4.14777,-0.114105515
233.51999,-1373.8326,-15.04365,-0.2739881
233.54,-1359.4106,26.296606,-0.2739881
233.56,-1412.2908,10.113016,0.20565958
233.58,-1369.0253,-38.437744,-1.393166
233.59999,-1388.2544,-9.275244,-0.7536357
233.62,-1407.4836,9.151615,-0.59375316
233.64,-1436.3271,-20.01089,-0.4338706
233.65999,-1397.869,3.8639073,-0.4338706
233.68,-1393.0616,15.080256,-0.4338706
233.7,-1393.0616,7.549279,0.045777034
233.72,-1301.7234,-5.589872,0.045777034
233.73999,-1402.6763,9.151615,0.045777034
233.76,-1378.6399,-6.0705724,-0.4338706
233.78,-1417.098,10.433483,-0.2739881
233.79999,-1383.4471,2.1013381,-0.2739881
233.81999,-1364.218,-18.408554,-0.4338706
233.84,-1455.5564,3.5434403,-0.59375316
233.86,-1450.749,4.184375,0.5254247
233.87999,-1393.0616,-10.877579,-0.9135183
233.9,-1431.52,3.3832066,-0.7536357
233.92,-1383.4471,20.528198,-0.59375316
233.93999,-1407.4836,35.42992,0.68530726
233.95999,-1407.4836,-10.557112,0.20565958
233.98,-1431.52,-4.468237,-0.114105515
234.0,-1407.4836,4.3446083,0.20565958
234.01999,-1330.567,53.53632,-0.114105515
234.04,-1393.0616,7.0685787,0.20565958
234.06,-1397.869,-8.313842,-0.114105515
234.08,-1388.2544,27.418243,-0.114105515
234.09999,-1388.2544,-22.414392,-0.59375316
234.12,-1407.4836,-15.524351,0.045777034
234.14,-1436.3271,1.139937,0.5254247
234.15999,-1431.52,0.9797035,1.164955
234.18,-1397.869,-13.441315,0.36554214
234.2,-1426.7126,19.406563,0.045777034
234.22,-1388.2544,9.632316,-0.2739881
234.23999,-1373.8326,-24.016727,-0.2739881
234.26,-1436.3271,-15.684585,-0.4338706
234.28,-1417.098,5.9469438,0.20565958
234.29999,-1369.0253,-2.5454345,0.045777034
234.31999,-1412.2908,-0.30216488,-0.114105515
234.34,-1421.9054,-28.6635,-0.114105515
234.36,-1445.9418,3.3832066,0.5254247
234.37999,-1325.7598,10.113016,-0.59375316
234.4,-1436.3271,34.78899,0.045777034
234.42,-1402.6763,-4.948938,0.045777034
234.43999,-1407.4836,16.842825,0.68530726
234.45999,-1378.6399,-7.352441,0.045777034
234.48,-1373.8326,-13.922015,-0.4338706
234.5,-1455.5564,-17.286919,-0.114105515
234.51999,-1441.1345,27.738708,0.045777034
234.54,-1455.5564,-11.358279,0.68530726
234.56,-1426.7126,6.1071773,0.68530726
234.58,-1364.218,-22.574625,-0.114105515
234.59999,-1426.7126,-43.72545,0.045777034
234.62,-1359.4106,13.317687,0.36554214
234.64,-1426.7126,14.599556,0.20565958
234.65999,-1373.8326,13.798388,-0.114105515
234.68,-1417.098,-18.248322,-0.2739881
234.7,-1397.869,-2.7056682,-0.114105515
234.72,-1445.9418,-35.71377,-0.2739881
234.73999,-1397.869,20.207731,0.045777034
234.76,-1388.2544,20.68843,0.045777034
234.78,-1417.098,-10.557112,0.20565958
234.79999,-1455.5564,-5.7501054,-0.2739881
234.81999,-1393.0616,-8.153608,0.5254247
234.84,-1393.0616,-10.076411,-0.114105515
234.86,-1484.4,0.81947,-0.2739881
234.87999,-1393.0616,-25.298595,-0.2739881
234.9,-1469.9781,-25.138361,0.045777034
234.92,-1455.5564,-11.198046,0.36554214
234.93999,-1417.098,-2.385201,0.5254247
234.95999,-1378.6399,-21.613226,0.045777034
234.98,-1417.098,-4.948938,0.20565958
235.0,-1388.2544,-5.910339,0.20565958
235.01999,-1431.52,-24.657661,0.20565958
235.04,-1426.7126,11.715352,-0.114105515
235.06,-1407.4836,12.51652,-0.4338706
235.08,-1354.6035,3.5434403,-0.59375316
235.09999,-1431.52,7.3890457,0.20565958
235.12,-1393.0616,0.17853576,-0.114105515
235.14,-1393.0616,-27.2214,0.045777034
235.15999,-1417.098,10.433483,0.045777034
235.18,-1426.7126,-3.6670694,-0.9135183
235.2,-1397.869,43.76207,-0.4338706
235.22,-1412.2908,26.136374,-0.4338706
235.23999,-1469.9781,26.296606,-0.114105515
235.26,-1450.749,-29.304434,-0.59375316
235.28,-1445.9418,-35.233074,-0.2739881
235.29999,-1426.7126,7.3890457,0.5254247
235.31999,-1412.2908,13.477921,-0.4338706
235.34,-1474.7855,8.350447,-0.7536357
235.36,-1421.9054,3.8639073,-0.4338706
235.37999,-1426.7126,-14.723184,-0.2739881
235.4,-1421.9054,1.6206378,0.045777034
235.42,-1474.7855,-19.850657,0.20565958
235.43999,-1455.5564,-1.1033326,-0.4338706
235.45999,-1465.1709,26.136374,-0.2739881
235.48,-1393.0616,7.0685787,-0.59375316
235.5,-1417.098,-3.5068357,-0.4338706
235.51999,-1426.7126,29.020578,-0.59375316
235.54,-1397.869,15.560958,-0.2739881
235.56,-1369.0253,-13.601548,-1.2332834
235.58,-1450.749,-5.7501054,0.20565958
235.59999,-1436.3271,-3.1863687,-0.2739881
235.62,-1465.1709,-15.524351,0.20565958
235.64,-1436.3271,9.151615,0.045777034
235.65999,-1426.7126,-5.7501054,-0.114105515
235.68,-1469.9781,21.169132,0.5254247
235.7,-1431.52,1.6206378,0.36554214
235.72,-1417.098,-55.422493,0.045777034
235.73999,-1455.5564,-12.159447,-0.114105515
235.76,-1436.3271,-16.005053,0.045777034
235.78,-1421.9054,8.831148,0.045777034
235.79999,-1441.1345,0.81947,-0.114105515
235.81999,-1393.0616,8.831148,-0.2739881
235.84,-1450.749,51.933983,0.20565958
235.86,-1474.7855,10.75395,0.20565958
235.87999,-1417.098,10.914185,0.36554214
235.9,-1417.098,-11.198046,-0.4338706
235.92,-1417.098,-5.910339,0.045777034
235.93999,-1455.5564,-13.120848,-0.4338706
235.95999,-1441.1345,-34.59214,-0.2739881
235.98,-1417.098,5.9469438,-0.114105515
236.0,-1407.4836,-7.993375,0.20565958
236.01999,-1455.5564,72.76435,1.164955
236.04,-1455.5564,-0.62263197,0.5254247
236.06,-1455.5564,-14.08225,-0.2739881
236.08,-1484.4,-40.52078,0.20565958
236.09999,-1465.1709,5.145776,-0.59375316
236.12,-1441.1345,-13.601548,-0.2739881
236.14,-1383.4471,-8.794542,0.36554214
236.15999,-1445.9418,17.96446,0.20565958
236.18,-1479.5928,8.670914,0.20565958
236.2,-1436.3271,-21.933691,-0.2739881
236.22,-1426.7126,-13.601548,0.20565958
236.23999,-1445.9418,0.9797035,-0.114105515
236.26,-1455.5564,-7.5126743,0.045777034
236.28,-1441.1345,-59.10786,-0.4338706
236.29999,-1441.1345,-3.5068357,0.045777034
236.31999,-1445.9418,27.097775,0.045777034
236.34,-1465.1709,-7.192207,-0.114105515
236.36,-1460.3636,1.4604042,-0.114105515
236.37999,-1436.3271,0.49900287,0.045777034
236.4,-1450.749,-19.049488,-0.114105515
236.42,-1469.9781,27.097775,-0.2739881
236.43999,-1489.2073,-0.30216488,0.045777034
236.45999,-1479.5928,24.213572,-0.2739881
236.48,-1397.869,-4.468237,-0.4338706
236.5,-1431.52,8.02998,-0.7536357
236.51999,-1450.749,29.98198,-0.114105515
236.54,-1489.2073,-22.093925,-0.114105515
236.56,-1474.7855,1.139937,0.045777034
236.58,-1460.3636,-15.684585,-0.4338706
236.59999,-1359.4106,12.196053,-0.2739881
236.62,-1450.749,8.831148,-0.114105515
236.64,-1465.1709,-13.441315,-0.7536357
236.65999,-1445.9418,17.323528,-0.114105515
236.68,-1450.749,21.649834,0.5254247
236.7,-1426.7126,21.329365,0.20565958
236.72,-1455.5564,8.350447,-0.2739881
236.73999,-1445.9418,8.510681,-0.4338706
236.76,-1460.3636,-10.076411,-0.114105515
236.78,-1450.749,43.4416,0.045777034
236.79999,-1465.1709,-30.426067,0.045777034
236.81999,-1450.749,-38.117275,-0.114105515
236.84,-1455.5564,-3.026135,-0.59375316
236.86,-1436.3271,7.549279,0.045777034
236.87999,-1484.4,14.439322,-0.2739881
236.9,-1469.9781,13.157454,-0.4338706
236.92,-1393.0616,0.6592364,-0.114105515
236.93999,-1469.9781,-22.254158,-0.4338706
236.95999,-1479.5928,13.958622,0.045777034
236.98,-1465.1709,0.81947,-0.114105515
237.0,-1436.3271,10.27325,-0.114105515
237.01999,-1474.7855,53.376087,0.20565958
237.04,-1441.1345,-13.601548,0.20565958
237.06,-1465.1709,-29.945368,0.20565958
237.08,-1450.749,-49.654087,0.5254247
237.09999,-1455.5564,-16.325518,-0.2739881
237.12,-1465.1709,28.539877,-0.114105515
237.14,-1469.9781,5.6264763,0.20565958
237.15999,-1484.4,-11.999213,-0.2739881
237.18,-1465.1709,14.759789,0.045777034
237.2,-1450.749,-1.1033326,0.36554214
237.22,-1441.1345,17.483759,0.045777034
237.23999,-1455.5564,24.854506,-0.59375316
237.26,-1465.1709,38.95506,-0.114105515
237.28,-1455.5564,-4.3080034,-0.114105515
237.29999,-1378.6399,26.777308,-0.114105515
237.31999,-1465.1709,28.059177,0.5254247
237.34,-1489.2073,15.24049,0.045777034
237.36,-1460.3636,-9.59571,-0.4338706
237.37999,-1431.52,-0.7828655,-0.2739881
237.4,-1460.3636,-31.707935,-0.4338706
237.42,-1469.9781,-10.717345,0.045777034
237.43999,-1479.5928,-8.474075,-0.4338706
237.45999,-1455.5564,2.261572,0.20565958
237.48,-1474.7855,1.7808713,0.045777034
237.5,-1522.8583,-9.916177,0.5254247
237.51999,-1503.6292,9.952783,0.5254247
237.54,-1508.4365,0.81947,0.36554214
237.56,-1455.5564,2.7422726,0.36554214
237.58,-1479.5928,15.72119,0.20565958
237.59999,-1484.4,18.925863,-0.4338706
237.62,-1494.0145,15.080256,0.20565958
237.64,-1508.4365,-6.8717403,0.045777034
237.65999,-1407.4836,29.020578,-0.114105515
237.68,-1450.749,1.9411048,0.20565958
237.7,-1465.1709,-18.568789,-0.2739881
237.72,-1455.5564,-1.4237996,0.045777034
237.73999,-1460.3636,-6.8717403,0.20565958
237.76,-1494.0145,-62.31253,-0.114105515
237.78,-1542.0874,0.49900287,0.68530726
237.79999,-1465.1709,-9.435476,0.20565958
237.81999,-1460.3636,2.4218054,0.36554214
237.84,-1503.6292,-0.14193134,-0.114105515
237.86,-1508.4365,21.9703,-0.2739881
237.87999,-1460.3636,-0.46239844,-0.114105515
237.9,-1489.2073,-12.960614,0.5254247
237.92,-1469.9781,-3.827303,0.68530726
237.93999,-1484.4,-13.922015,0.045777034
237.95999,-1412.2908,25.49544,-0.114105515
237.98,-1494.0145,9.632316,-0.114105515
238.0,-1479.5928,-14.402717,0.68530726
238.01999,-1590.1602,-4.3080034,0.20565958
238.04,-1460.3636,8.831148,-0.2739881
238.06,-1455.5564,13.798388,-0.114105515
238.08,-1503.6292,22.77147,0.20565958
238.09999,-1460.3636,-16.485752,0.20565958
238.12,-1474.7855,-7.993375,-0.2739881
238.14,-1508.4365,-32.989803,-0.59375316
238.15999,-1460.3636,28.700111,0.045777034
238.18,-1489.2073,-7.5126743,-0.2739881
238.2,-1484.4,13.157454,-0.4338706
238.22,-1494.0145,-23.536026,-0.4338706
238.23999,-1465.1709,-52.378056,-0.2739881
238.26,-1431.52,-10.557112,0.045777034
238.28,-1522.8583,3.7036738,0.5254247
238.29999,-1518.0509,-18.889254,-0.2739881
238.31999,-1445.9418,-10.717345,-0.4338706
238.34,-1518.0509,1.6206378,-0.2739881
238.36,-1474.7855,-68.72187,-0.114105515
238.37999,-1455.5564,-36.194473,-0.4338706
238.4,-1445.9418,-18.408554,-0.4338706
238.42,-1484.4,50.171413,0.045777034
238.43999,-1498.8219,35.269688,-0.114105515
238.45999,-1494.0145,25.014738,0.20565958
238.48,-1518.0509,-48.692684,0.5254247
238.5,-1474.7855,-3.6670694,-0.114105515
238.51999,-1469.9781,9.952783,-0.4338706
238.54,-1542.0874,10.75395,-0.114105515
238.56,-1479.5928,0.9797035,0.5254247
238.58,-1474.7855,26.296606,0.20565958
238.59999,-1498.8219,-50.775723,-0.114105515
238.62,-1503.6292,-10.717345,-0.4338706
238.64,-1498.8219,6.1071773,-0.114105515
238.65999,-1518.0509,-6.0705724,-0.4338706
238.68,-1484.4,-1.4237996,-0.2739881
238.7,-1508.4365,28.860344,-0.2739881
238.72,-1479.5928,25.49544,0.045777034
238.73999,-1556.5093,-26.740696,0.20565958
238.76,-1469.9781,-15.203884,-0.114105515
238.78,-1494.0145,-26.90093,-0.4338706
238.79999,-1508.4365,9.151615,-0.114105515
238.81999,-1479.5928,2.902506,-0.114105515
238.84,-1532.4729,9.952783,0.5254247
238.86,-1527.6655,-58.14646,-0.2739881
238.87999,-1474.7855,8.510681,0.045777034
238.9,-1479.5928,7.228812,-0.2739881
238.92,-1494.0145,29.501278,-0.2739881
238.93999,-1494.0145,8.02998,-0.114105515
238.95999,-1484.4,14.920023,0.5254247
238.98,-1479.5928,12.356286,0.20565958
239.0,-1498.8219,-28.6635,-0.4338706
239.01999,-1450.749,37.99366,-0.114105515
239.04,-1503.6292,15.24049,-0.7536357
239.06,-1498.8219,3.3832066,-0.114105515
239.08,-1494.0145,-35.07284,0.045777034
239.09999,-1513.2437,11.875586,0.20565958
239.12,-1508.4365,-10.717345,-0.59375316
239.14,-1508.4365,31.263847,-0.2739881
239.15999,-1518.0509,2.5820389,0.20565958
239.18,-1489.2073,12.8369875,0.20565958
239.2,-1474.7855,-3.827303,-0.4338706
239.22,-1494.0145,-3.3466022,-0.114105515
239.23999,-1518.0509,-34.752373,0.045777034
239.26,-1494.0145,-11.678746,0.20565958
239.28,-1518.0509,-18.729021,0.36554214
239.29999,-1513.2437,5.6264763,0.045777034
239.31999,-1537.2802,-12.640147,0.045777034
239.34,-1469.9781,-16.005053,-0.59375316
239.36,-1494.0145,4.6650753,0.5254247
239.37999,-1498.8219,-20.812057,0.20565958
239.4,-1513.2437,13.157454,0.20565958
239.42,-1508.4365,-5.429638,-0.4338706
239.43999,-1508.4365,-56.864594,-0.114105515
239.45999,-1494.0145,2.902506,-0.2739881
239.48,-1532.4729,-24.497427,-0.59375316
239.5,-1546.8947,16.842825,0.045777034
239.51999,-1527.6655,-13.761782,-0.2739881
239.54,-1469.9781,-3.3466022,-0.114105515
239.56,-1460.3636,10.113016,0.5254247
239.58,-1518.0509,-8.634309,-0.2739881
239.59999,-1561.3165,-3.6670694,0.045777034
239.62,-1503.6292,5.145776,-0.2739881
239.64,-1508.4365,-4.3080034,-0.4338706
239.65999,-1522.8583,62.188934,-0.2739881
239.68,-1508.4365,-1.5840333,0.20565958
239.7,-1518.0509,1.9411048,-0.114105515
239.72,-1469.9781,17.643993,0.045777034
239.73999,-1522.8583,15.881425,0.20565958
239.76,-1465.1709,24.694271,-0.114105515
239.78,-1508.4365,48.729313,0.045777034
239.79999,-1498.8219,2.4218054,-0.2739881
239.81999,-1590.1602,-21.933691,-0.7536357
239.84,-1551.7019,-10.717345,-0.59375316
239.86,-1522.8583,3.7036738,-0.4338706
239.87999,-1489.2073,-14.883417,-0.59375316
239.9,-1537.2802,2.4218054,0.045777034
239.92,-1561.3165,-17.607388,-0.4338706
239.93999,-1532.4729,8.190214,-0.114105515
239.95999,-1570.931,-15.684585,0.045777034
239.98,-1484.4,-7.833141,-0.114105515
240.0,-1503.6292,-5.2694044,-0.7536357
240.01999,-1551.7019,-11.037811,-0.9135183
240.04,-1599.7748,34.148052,0.045777034
240.06,-1527.6655,8.831148,-0.114105515
240.08,-1527.6655,-3.5068357,-0.2739881
240.09999,-1532.4729,5.3060093,0.045777034
240.12,-1537.2802,-14.242482,0.045777034
240.14,-1508.4365,8.190214,-0.114105515
240.15999,-1561.3165,29.020578,0.5254247
240.18,-1513.2437,9.632316,0.20565958
240.2,-1518.0509,-5.2694044,-0.59375316
240.22,-1546.8947,5.466243,-0.59375316
240.23999,-1542.0874,6.1071773,-0.2739881
240.26,-1546.8947,4.6650753,-0.2739881
240.28,-1508.4365,9.792548,-0.59375316
240.29999,-1580.5457,26.45684,-0.114105515
240.31999,-1503.6292,-9.755944,-0.59375316
240.34,-1542.0874,-4.948938,-0.114105515
240.36,-1556.5093,-32.989803,0.045777034
240.37999,-1532.4729,-24.657661,-0.7536357
240.4,-1556.5093,-7.672908,-0.2739881
240.42,-1556.5093,0.17853576,-0.2739881
240.43999,-1532.4729,11.074417,-0.59375316
240.45999,-1508.4365,3.5434403,-0.2739881
240.48,-1537.2802,-20.651823,-0.114105515
240.5,-1532.4729,-19.369957,-0.9135183
240.51999,-1561.3165,-14.402717,-0.4338706
240.54,-1518.0509,2.1013381,-0.114105515
240.56,-1527.6655,-17.927853,0.36554214
240.58,-1532.4729,14.920023,0.5254247
240.59999,-1537.2802,-20.171124,-0.2739881
240.62,-1537.2802,16.362125,-0.2739881
240.64,-1561.3165,0.49900287,0.20565958
240.65999,-1503.6292,15.080256,-0.2739881
240.68,-1580.5457,8.991381,-0.114105515
240.7,-1546.8947,8.670914,-0.4338706
240.72,-1503.6292,1.4604042,-0.59375316
240.73999,-1542.0874,26.93754,-0.114105515
240.76,-1556.5093,10.75395,0.20565958
240.78,-1479.5928,-31.547703,-0.59375316
240.79999,-1546.8947,2.7422726,-0.59375316
240.81999,-1542.0874,10.433483,0.045777034
240.84,-1551.7019,2.1013381,0.20565958
240.86,-1551.7019,19.406563,0.045777034
240.87999,-1513.2437,-7.5126743,0.045777034
240.9,-1527.6655,19.566797,-0.2739881
240.92,-1542.0874,-15.844818,-0.59375316
240.93999,-1494.0145,12.51652,-0.2739881
240.95999,-1551.7019,-1.4237996,0.045777034
240.98,-1537.2802,-20.972292,-0.59375316
241.0,-1551.7019,-21.292757,-0.114105515
241.01999,-1522.8583,-17.286919,-0.9135183
241.04,-1503.6292,21.169132,-0.114105515
241.06,-1522.8583,-3.026135,0.36554214
241.08,-1518.0509,5.9469438,-0.2739881
241.09999,-1546.8947,17.323528,-0.4338706
241.12,-1513.2437,20.367966,-0.9135183
241.14,-1551.7019,-16.005053,-0.4338706
241.15999,-1522.8583,4.504842,-0.114105515
241.18,-1508.4365,-13.761782,0.36554214
241.2,-1594.9674,-30.746534,-0.59375316
241.22,-1551.7019,-9.275244,-0.59375316
241.23999,-1542.0874,2.7422726,-0.114105515
241.26,-1522.8583,-25.619062,-0.2739881
241.28,-1575.7383,4.6650753,-0.4338706
241.29999,-1556.5093,3.3832066,-0.7536357
241.31999,-1489.2073,19.246328,-0.4338706
241.34,-1542.0874,-5.2694044,-0.7536357
241.36,-1566.1238,10.433483,0.045777034
241.37999,-1580.5457,-11.198046,-0.2739881
241.4,-1551.7019,-13.601548,-0.59375316
241.42,-1570.931,-10.236644,-0.114105515
241.43999,-1532.4729,-16.485752,-0.59375316
241.45999,-1566.1238,3.0627398,-0.2739881
241.48,-1590.1602,1.4604042,-0.114105515
241.5,-1537.2802,3.5434403,-0.59375316
241.51999,-1546.8947,8.831148,-0.2739881
241.54,-1537.2802,22.77147,-0.59375316
241.56,-1556.5093,16.041658,0.20565958
241.58,-1522.8583,6.7481112,-0.4338706
241.59999,-1546.8947,33.346886,-0.2739881
241.62,-1551.7019,-8.313842,0.20565958
241.64,-1575.7383,-11.999213,-0.2739881
241.65999,-1532.4729,25.174973,-0.2739881
241.68,-1518.0509,10.914185,-0.4338706
241.7,-1556.5093,1.7808713,-0.59375316
241.72,-1575.7383,-36.03424,-0.2739881
241.73999,-1580.5457,-8.634309,-0.2739881
241.76,-1537.2802,2.5820389,-0.114105515
241.78,-1566.1238,-7.993375,-0.7536357
241.79999,-1537.2802,15.72119,-0.4338706
241.81999,-1532.4729,-14.883417,-0.59375316
241.84,-1570.931,-2.385201,0.20565958
241.86,-1527.6655,-6.8717403,0.68530726
241.87999,-1532.4729,12.035819,-0.2739881
241.9,-1590.1602,12.356286,-0.2739881
241.92,-1662.2694,2.4218054,0.20565958
241.93999,-1561.3165,0.81947,-0.114105515
241.95999,-1594.9674,2.902506,-0.7536357
241.98,-1551.7019,14.599556,-0.2739881
242.0,-1580.5457,25.655672,-0.114105515
242.01999,-1542.0874,16.362125,0.045777034
242.04,-1537.2802,13.317687,0.045777034
242.06,-1494.0145,12.196053,0.045777034
242.08,-1551.7019,9.151615,-0.7536357
242.09999,-1594.9674,-9.916177,0.045777034
242.12,-1580.5457,1.9411048,-0.2739881
242.14,-1594.9674,-5.910339,-0.114105515
242.15999,-1546.8947,-21.933691,-0.59375316
242.18,-1561.3165,45.52464,-0.59375316
242.2,-1604.582,19.406563,-0.2739881
242.22,-1599.7748,0.49900287,0.20565958
242.23999,-1513.2437,-2.0647337,0.20565958
242.26,-1566.1238,0.9797035,-0.114105515
242.28,-1551.7019,-5.1091714,-0.4338706
242.29999,-1556.5093,-11.037811,0.045777034
242.31999,-1561.3165,-22.254158,0.68530726
242.34,-1628.6184,-6.0705724,0.68530726
242.36,-1556.5093,-8.474075,0.5254247
242.37999,-1561.3165,11.555119,-0.2739881
242.4,-1604.582,-2.7056682,-0.2739881
242.42,-1566.1238,10.914185,0.045777034
242.43999,-1585.3529,5.9469438,0.045777034
242.45999,-1566.1238,-17.607388,-0.114105515
242.48,-1566.1238,-7.833141,-0.2739881
242.5,-1561.3165,-10.877579,-0.114105515
242.51999,-1623.8112,11.394884,0.20565958
242.54,-1609.3893,-0.30216488,-0.114105515
242.56,-1575.7383,-22.093925,-0.59375316
242.58,-1609.3893,-24.817896,-0.4338706
242.59999,-1566.1238,-0.14193134,-0.59375316
242.62,-1590.1602,78.53276,0.36554214
242.64,-1556.5093,13.157454,-0.2739881
242.65999,-1561.3165,-10.557112,-0.59375316
242.68,-1580.5457,18.124695,0.045777034
242.7,-1537.2802,-1.2635663,0.20565958
242.72,-1590.1602,-24.657661,-0.2739881
242.73999,-1566.1238,-4.468237,0.36554214
242.76,-1570.931,-7.192207,0.045777034
242.78,-1623.8112,-25.298595,-0.2739881
242.79999,-1585.3529,-24.978128,-0.4338706
242.81999,-1585.3529,0.9797035,-0.114105515
242.84,-1590.1602,-8.313842,-0.2739881
242.86,-1594.9674,33.026417,0.20565958
242.87999,-1580.5457,13.157454,-0.7536357
242.9,-1590.1602,-38.117275,-0.59375316
242.92,-1590.1602,4.825309,0.045777034
242.93999,-1522.8583,-43.084515,-0.2739881
242.95999,-1585.3529,20.047497,0.045777034
242.98,-1570.931,-7.5126743,0.20565958
243.0,-1527.6655,-4.6284704,-0.59375316
243.01999,-1580.5457,-0.7828655,-0.4338706
243.04,-1638.233,7.8697467,0.5254247
243.06,-1585.3529,-3.6670694,0.36554214
243.08,-1570.931,-2.385201,0.045777034
243.09999,-1594.9674,20.848665,0.045777034
243.12,-1585.3529,6.5878778,0.36554214
243.14,-1474.7855,17.804228,-0.114105515
243.15999,-1628.6184,-36.03424,0.045777034
243.18,-1556.5093,-3.5068357,-0.114105515
243.2,-1561.3165,22.451,0.36554214
243.22,-1604.582,10.27325,0.36554214
243.23999,-1575.7383,-6.8717403,-0.59375316
243.26,-1585.3529,-9.755944,0.5254247
243.28,-1609.3893,-1.1033326,0.045777034
243.29999,-1566.1238,-9.435476,0.20565958
243.31999,-1551.7019,1.9411048,-0.2739881
243.34,-1513.2437,15.24049,0.20565958
243.36,-1594.9674,15.72119,-0.114105515
243.37999,-1551.7019,13.477921,0.045777034
243.4,-1590.1602,-3.026135,0.20565958
243.42,-1594.9674,-3.9875362,0.20565958
243.43999,-1575.7383,24.053337,-0.114105515
243.45999,-1575.7383,-3.026135,0.20565958
243.48,-1580.5457,-31.868172,-0.59375316
243.5,-1643.0402,16.20189,0.045777034
243.51999,-1570.931,17.643993,0.20565958
243.54,-1599.7748,32.385483,0.8451898
243.56,-1604.582,-23.856495,0.20565958
243.58,-1594.9674,9.311849,0.045777034
243.59999,-1561.3165,-82.02124,-0.2739881
243.62,-1599.7748,-18.408554,0.045777034
243.64,-1604.582,-7.672908,0.5254247
243.65999,-1570.931,-12.479914,-0.2739881
243.68,-1604.582,25.976141,0.36554214
243.7,-1594.9674,-7.352441,-0.114105515
243.72,-1566.1238,-21.933691,0.045777034
243.73999,-1575.7383,98.24151,0.045777034
243.76,-1609.3893,-0.46239844,0.045777034
243.78,-1575.7383,-4.14777,-0.2739881
243.79999,-1580.5457,-0.30216488,0.045777034
243.81999,-1604.582,53.53632,0.20565958
243.84,-1614.1967,-3.1863687,0.20565958
243.86,-1575.7383,-14.562949,-0.114105515
243.87999,-1594.9674,14.279089,0.36554214
243.9,-1599.7748,-14.242482,-0.4338706
243.92,-1628.6184,-14.883417,0.045777034
243.93999,-1561.3165,27.418243,-0.114105515
243.95999,-1575.7383,0.17853576,-0.4338706
243.98,-1643.0402,-23.536026,-0.59375316
244.0,-1619.0038,12.196053,0.20565958
244.01999,-1594.9674,9.632316,0.36554214
244.04,-1590.1602,-24.657661,0.20565958
244.06,-1599.7748,-59.588562,0.045777034
244.08,-1628.6184,-18.729021,-0.114105515
244.09999,-1556.5093,-10.076411,-0.114105515
244.12,-1652.6548,28.379642,-0.114105515
244.14,-1556.5093,-45.32778,0.8451898
244.15999,-1628.6184,5.3060093,-0.114105515
244.18,-1561.3165,32.545715,-0.4338706
244.2,-1594.9674,-45.007313,-0.59375316
244.22,-1566.1238,3.5434403,-0.114105515
244.23999,-1633.4258,30.94338,-0.114105515
244.26,-1609.3893,13.638155,-0.2739881
244.28,-1604.582,-16.966454,-0.4338706
244.29999,-1609.3893,7.549279,-0.2739881
244.31999,-1619.0038,-41.48218,-0.7536357
244.34,-1604.582,-28.6635,-0.4338706
244.36,-1619.0038,10.914185,-0.2739881
244.37999,-1667.0768,14.759789,-0.4338706
244.4,-1570.931,4.9855423,-0.4338706
244.42,-1628.6184,-1.1033326,-0.4338706
244.43999,-1652.6548,-17.126686,-0.7536357
244.45999,-1623.8112,2.4218054,-0.4338706
244.48,-1643.0402,-2.2249672,0.045777034
244.5,-1623.8112,2.7422726,-0.4338706
244.51999,-1609.3893,19.566797,-0.114105515
244.54,-1609.3893,13.958622,-0.2739881
244.56,-1633.4258,1.7808713,-0.59375316
244.58,-1662.2694,-7.5126743,-0.4338706
244.59999,-1590.1602,12.99722,-0.114105515
244.62,-1619.0038,-2.8659017,-0.114105515
244.64,-1604.582,54.978424,-0.114105515
244.65999,-1585.3529,-8.634309,-0.7536357
244.68,-1599.7748,-4.3080034,-1.0734009
244.7,-1614.1967,18.124695,-0.114105515
244.72,-1628.6184,3.7036738,-0.114105515
244.73999,-1609.3893,15.400723,0.20565958
244.76,-1647.8475,-0.9430991,-0.4338706
244.78,-1657.4622,7.549279,-0.114105515
244.79999,-1633.4258,-23.536026,-0.4338706
244.81999,-1570.931,43.12113,0.20565958
244.84,-1614.1967,-12.640147,-0.2739881
244.86,-1594.9674,-15.364117,-0.2739881
244.87999,-1623.8112,7.3890457,-0.114105515
244.9,-1623.8112,10.914185,-0.4338706
244.92,-1647.8475,-61.671597,-0.4338706
244.93999,-1647.8475,9.952783,0.045777034
244.95999,-1609.3893,-2.5454345,0.8451898
244.98,-1628.6184,-7.833141,0.045777034
245.0,-1604.582,-14.242482,-0.114105515
245.01999,-1590.1602,20.207731,0.36554214
245.04,-1633.4258,6.5878778,0.20565958
245.06,-1638.233,5.78671,-0.114105515
245.08,-1619.0038,14.599556,0.045777034
245.09999,-1590.1602,-6.8717403,-0.7536357
245.12,-1647.8475,26.296606,-0.4338706
245.14,-1628.6184,1.7808713,0.045777034
245.15999,-1628.6184,-17.447153,-0.4338706
245.18,-1681.4985,46.48604,0.5254247
245.2,-1681.4985,18.124695,-0.114105515
245.22,-1623.8112,3.7036738,-0.2739881
245.23999,-1667.0768,-19.209723,0.045777034
245.26,-1628.6184,-27.702099,-0.4338706
245.28,-1609.3893,-33.951202,0.20565958
245.29999,-1619.0038,-11.678746,0.045777034
245.31999,-1671.8839,35.42992,0.045777034
245.34,-1619.0038,-8.794542,0.045777034
245.36,-1585.3529,-7.352441,0.045777034
245.37999,-1647.8475,-8.954777,0.20565958
245.4,-1580.5457,-31.387466,0.36554214
245.42,-1638.233,-9.115009,-0.2739881
245.43999,-1643.0402,4.504842,0.5254247
245.45999,-1633.4258,-7.352441,0.36554214
245.48,-1647.8475,8.991381,0.5254247
245.5,-1628.6184,-5.1091714,0.045777034
245.51999,-1623.8112,-5.2694044,0.20565958
245.54,-1647.8475,39.916462,0.045777034
245.56,-1647.8475,-16.645985,-0.4338706
245.58,-1604.582,3.7036738,-0.59375316
245.59999,-1652.6548,0.17853576,-0.4338706
245.62,-1686.3058,-12.479914,-0.2739881
245.64,-1638.233,-4.3080034,-0.59375316
245.65999,-1604.582,0.49900287,-0.114105515
245.68,-1647.8475,-6.230806,-0.7536357
245.7,-1681.4985,1.9411048,-0.9135183
245.72,-1667.0768,-1.1033326,-0.4338706
245.73999,-1686.3058,-20.171124,0.045777034
245.76,-1628.6184,-48.85292,-0.4338706
245.78,-1652.6548,-14.883417,0.20565958
245.79999,-1638.233,-3.026135,0.36554214
245.81999,-1691.1132,-54.300858,0.5254247
245.84,-1633.4258,2.7422726,0.20565958
245.86,-1662.2694,-18.408554,0.36554214
245.87999,-1647.8475,-29.624899,-0.4338706
245.9,-1638.233,15.080256,0.20565958
245.92,-1657.4622,-2.385201,0.045777034
245.93999,-1643.0402,23.091934,0.20565958
245.95999,-1619.0038,-15.364117,-0.114105515
245.98,-1643.0402,0.49900287,0.20565958
246.0,-1671.8839,-8.634309,-0.4338706
246.01999,-1633.4258,0.9797035,-0.114105515
246.04,-1671.8839,-3.6670694,0.20565958
246.06,-1619.0038,-30.426067,-0.2739881
246.08,-1585.3529,-3.5068357,-0.59375316
246.09999,-1638.233,-4.7887044,-0.4338706
246.12,-1671.8839,-9.435476,-0.4338706
246.14,-1638.233,-2.7056682,-0.59375316
246.15999,-1647.8475,-1.5840333,0.045777034
246.18,-1623.8112,9.311849,-0.2739881
246.2,-1715.1495,12.196053,0.68530726
246.22,-1604.582,-0.14193134,-0.4338706
246.23999,-1647.8475,-17.927853,-0.2739881
246.26,-1633.4258,-11.518513,-0.4338706
246.28,-1676.6912,9.151615,-0.114105515
246.29999,-1662.2694,-7.0319734,-0.2739881
246.31999,-1681.4985,-9.275244,0.045777034
246.34,-1657.4622,5.466243,0.20565958
246.36,-1638.233,-2.7056682,-0.114105515
246.37999,-1667.0768,11.555119,-0.114105515
246.4,-1662.2694,-1.5840333,-0.114105515
246.42,-1729.5713,-0.30216488,-0.2739881
246.43999,-1643.0402,5.78671,-0.4338706
246.45999,-1643.0402,-2.385201,-0.114105515
246.48,-1566.1238,-27.061165,-0.4338706
246.5,-1638.233,7.8697467,0.20565958
246.51999,-1623.8112,-16.645985,-0.114105515
246.54,-1647.8475,-9.275244,0.20565958
246.56,-1686.3058,23.732868,0.20565958
246.58,-1652.6548,6.4276443,-0.4338706
246.59999,-1657.4622,-11.358279,0.045777034
246.62,-1628.6184,-33.150036,0.20565958
246.64,-1652.6548,-24.497427,0.045777034
246.65999,-1662.2694,38.794827,-0.114105515
246.68,-1695.9203,7.0685787,-0.59375316
246.7,-1710.3422,41.358562,0.045777034
246.72,-1662.2694,43.922302,0.045777034
246.73999,-1715.1495,0.17853576,-0.114105515
246.76,-1667.0768,-1.4237996,0.8451898
246.78,-1671.8839,-51.416653,0.045777034
246.79999,-1594.9674,11.234652,0.5254247
246.81999,-1686.3058,23.893103,0.20565958
246.84,-1643.0402,-29.785133,-0.114105515
246.86,-1638.233,12.8369875,-0.2739881
246.87999,-1604.582,9.151615,0.68530726
246.9,-1619.0038,-17.447153,0.36554214
246.92,-1710.3422,2.261572,-0.2739881
246.93999,-1643.0402,1.7808713,0.045777034
246.95999,-1667.0768,-5.429638,0.045777034
246.98,-1676.6912,-18.408554,0.5254247
247.0,-1643.0402,0.33876932,0.045777034
247.01999,-1652.6548,-20.01089,-0.2739881
247.04,-1695.9203,-15.04365,-0.2739881
247.06,-1710.3422,2.902506,-0.4338706
247.08,-1643.0402,-11.678746,-0.59375316
247.09999,-1652.6548,11.234652,-0.4338706
247.12,-1590.1602,15.881425,-0.114105515
247.14,-1695.9203,-9.435476,0.20565958
247.15999,-1671.8839,-6.230806,-0.2739881
247.18,-1676.6912,25.335205,0.20565958
247.2,-1705.5349,-35.393307,-0.4338706
247.22,-1643.0402,-17.126686,-0.2739881
247.23999,-1671.8839,44.08254,0.045777034
247.26,-1681.4985,-17.927853,0.5254247
247.28,-1657.4622,3.2229733,0.20565958
247.29999,-1662.2694,-26.099764,0.36554214
247.31999,-1657.4622,4.184375,-0.2739881
247.34,-1662.2694,-7.833141,-0.2739881
247.36,-1724.764,8.190214,0.5254247
247.37999,-1662.2694,-3.6670694,0.5254247
247.4,-1619.0038,-1.7442669,0.045777034
247.42,-1676.6912,-0.30216488,-0.4338706
247.43999,-1719.9567,-30.265835,-0.59375316
247.45999,-1676.6912,50.491882,-0.114105515
247.48,-1662.2694,9.311849,0.36554214
247.5,-1599.7748,-44.526615,0.20565958
247.51999,-1652.6548,1.7808713,-0.2739881
247.54,-1667.0768,-15.524351,0.045777034
247.56,-1604.582,-44.366383,-0.59375316
247.58,-1671.8839,-12.31968,-0.2739881
247.59999,-1614.1967,-11.518513,0.045777034
247.62,-1628.6184,-28.182798,-0.2739881
247.64,-1657.4622,22.130533,-0.59375316
247.65999,-1652.6548,-0.46239844,-0.4338706
247.68,-1686.3058,4.6650753,-0.2739881
247.7,-1671.8839,21.810066,0.68530726
247.72,-1657.4622,-2.0647337,-0.114105515
247.73999,-1695.9203,-16.325518,-0.114105515
247.76,-1667.0768,20.367966,0.68530726
247.78,-1763.2223,5.466243,-0.114105515
247.79999,-1657.4622,12.51652,-0.59375316
247.81999,-1715.1495,47.928143,0.045777034
247.84,-1671.8839,-2.385201,0.045777034
247.86,-1695.9203,-10.396878,0.20565958
247.87999,-1676.6912,-45.007313,-0.4338706
247.9,-1652.6548,12.99722,0.045777034
247.92,-1676.6912,-1.2635663,-0.4338706
247.93999,-1671.8839,-7.5126743,0.20565958
247.95999,-1643.0402,-11.358279,0.045777034
247.98,-1705.5349,3.3832066,-0.2739881
248.0,-1662.2694,7.3890457,-0.2739881
248.01999,-1676.6912,25.655672,0.20565958
248.04,-1638.233,-17.76762,-0.114105515
248.06,-1691.1132,-0.9430991,0.045777034
248.08,-1700.7277,-14.562949,0.045777034
248.09999,-1739.1859,13.477921,0.36554214
248.12,-1681.4985,3.5434403,-0.114105515
248.14,-1676.6912,27.738708,-0.114105515
248.15999,-1633.4258,-13.761782,0.20565958
248.18,-1686.3058,42.159733,0.20565958
248.2,-1628.6184,18.284927,0.20565958
248.22,-1676.6912,-6.8717403,-0.4338706
248.23999,-1647.8475,1.3001705,-0.2739881
248.26,-1676.6912,23.732868,0.36554214
248.28,-1691.1132,14.599556,-0.114105515
248.29999,-1662.2694,6.1071773,-0.4338706
248.31999,-1724.764,2.4218054,-0.2739881
248.34,-1739.1859,-7.352441,-0.114105515
248.36,-1705.5349,14.599556,0.045777034
248.37999,-1652.6548,-25.45883,-0.114105515
248.4,-1614.1967,14.439322,0.045777034
248.42,-1681.4985,-17.76762,0.045777034
248.43999,-1686.3058,9.151615,-0.2739881
248.45999,-1681.4985,-2.2249672,-0.4338706
248.48,-1643.0402,19.887262,-0.114105515
248.5,-1695.9203,-6.8717403,0.20565958
248.51999,-1686.3058,0.018302217,0.20565958
248.54,-1667.0768,-38.437744,-0.59375316
248.56,-1676.6912,5.9469438,0.045777034
248.58,-1686.3058,-23.21556,0.045777034
248.59999,-1667.0768,25.49544,-0.114105515
248.62,-1676.6912,16.52236,0.20565958
248.64,-1647.8475,-3.6670694,0.20565958
248.65999,-1667.0768,-3.5068357,-0.2739881
248.68,-1681.4985,21.4896,0.5254247
248.7,-1715.1495,-2.8659017,-0.2739881
248.72,-1667.0768,3.7036738,0.20565958
248.73999,-1719.9567,-15.203884,0.20565958
248.76,-1715.1495,-14.242482,0.045777034
248.78,-1676.6912,55.619354,0.20565958
248.79999,-1662.2694,7.3890457,-0.2739881
248.81999,-1719.9567,18.124695,-0.114105515
248.84,-1676.6912,-2.0647337,-0.2739881
248.86,-1705.5349,-7.192207,-0.2739881
248.87999,-1729.5713,-7.352441,-0.4338706
248.9,-1700.7277,-18.088087,0.045777034
248.92,-1671.8839,6.2674108,-0.4338706
248.93999,-1715.1495,-41.802643,0.045777034
248.95999,-1695.9203,0.49900287,0.045777034
248.98,-1729.5713,-21.773457,0.36554214
249.0,-1667.0768,-46.60965,0.36554214
249.01999,-1671.8839,-3.026135,-0.114105515
249.04,-1705.5349,-2.385201,0.20565958
249.06,-1715.1495,-21.452991,0.045777034
249.08,-1686.3058,14.759789,-0.114105515
249.09999,-1724.764,-9.435476,-0.2739881
249.12,-1739.1859,-19.049488,-0.114105515
249.14,-1705.5349,21.4896,-0.2739881
249.15999,-1705.5349,24.053337,0.36554214
249.18,-1681.4985,25.174973,-0.2739881
249.2,-1647.8475,-1.1033326,-0.7536357
249.22,-1662.2694,2.4218054,-0.114105515
249.23999,-1676.6912,-39.23891,-0.2739881
249.26,-1705.5349,10.27325,0.045777034
249.28,-1715.1495,3.8639073,0.045777034
249.29999,-1705.5349,10.75395,0.20565958
249.31999,-1724.764,16.20189,-0.4338706
249.34,-1705.5349,-11.037811,-0.2739881
249.36,-1681.4985,-11.198046,-0.2739881
249.37999,-1671.8839,15.72119,-0.4338706
249.4,-1662.2694,13.798388,0.36554214
249.42,-1647.8475,15.080256,0.045777034
249.43999,-1710.3422,20.367966,-0.2739881
249.45999,-1676.6912,57.22169,0.36554214
249.48,-1710.3422,-1.4237996,0.36554214
249.5,-1695.9203,2.902506,-0.2739881
249.51999,-1719.9567,13.638155,-0.4338706
249.54,-1719.9567,-7.0319734,0.045777034
249.56,-1715.1495,26.296606,0.045777034
249.58,-1758.415,37.032257,0.045777034
249.59999,-1695.9203,40.877865,-0.114105515
249.62,-1691.1132,22.451,-0.2739881
249.64,-1768.0295,18.925863,0.20565958
249.65999,-1719.9567,-27.38163,-0.114105515
249.68,-1710.3422,7.0685787,0.045777034
249.7,-1657.4622,16.52236,-0.59375316
249.72,-1705.5349,9.632316,-0.2739881
249.73999,-1705.5349,-8.153608,0.045777034
249.76,-1777.644,24.694271,0.36554214
249.78,-1695.9203,4.3446083,-0.114105515
249.79999,-1705.5349,16.682592,0.20565958
249.81999,-1710.3422,61.0673,0.20565958
249.84,-1724.764,-23.69626,-0.59375316
249.86,-1724.764,-23.69626,-0.114105515
249.87999,-1734.3785,4.3446083,0.5254247
249.9,-1700.7277,5.466243,1.0050724
249.92,-1695.9203,-16.645985,0.045777034
249.93999,-1671.8839,20.848665,0.20565958
249.95999,-1700.7277,6.2674108,0.045777034
249.98,-1700.7277,-1.1033326,-0.59375316
250.0,-1681.4985,1.9411048,-0.4338706
250.01999,-1739.1859,-24.17696,-0.114105515
250.04,-1777.644,33.66735,0.045777034
250.06,-1719.9567,5.6264763,0.5254247
250.08,-1657.4622,1.6206378,0.36554214
250.09999,-1705.5349,6.908345,-0.114105515
250.12,-1715.1495,15.24049,0.36554214
250.14,-1772.8368,-19.530188,0.5254247
250.15999,-1719.9567,-8.153608,0.5254247
250.18,-1705.5349,-19.369957,0.20565958
250.2,-1739.1859,1.139937,-0.114105515
250.22,-1739.1859,-1.2635663,-0.7536357
250.23999,-1719.9567,-29.304434,-0.59375316
250.26,-1719.9567,-0.7828655,0.36554214
250.28,-1715.1495,-49.654087,0.5254247
250.29999,-1700.7277,-14.08225,0.20565958
250.31999,-1729.5713,-3.3466022,0.36554214
250.34,-1719.9567,-19.850657,0.045777034
250.36,-1686.3058,14.439322,-0.114105515
250.37999,-1739.1859,29.341045,0.045777034
250.4,-1705.5349,-13.922015,0.20565958
250.42,-1729.5713,15.24049,0.045777034
250.43999,-1724.764,-26.42023,-0.4338706
250.45999,-1763.2223,23.091934,-0.4338706
250.48,-1734.3785,22.611235,0.045777034
250.5,-1705.5349,7.549279,0.20565958
250.51999,-1705.5349,-11.518513,0.045777034
250.54,-1686.3058,8.991381,0.36554214
250.56,-1743.9932,8.991381,0.5254247
250.58,-1695.9203,-12.31968,-0.114105515
250.59999,-1739.1859,14.599556,0.045777034
250.62,-1700.7277,-19.690422,0.36554214
250.64,-1705.5349,-10.076411,-0.2739881
250.65999,-1705.5349,13.317687,-0.114105515
250.68,-1715.1495,-5.589872,0.20565958
250.7,-1715.1495,23.893103,0.5254247
250.72,-1724.764,4.825309,-0.114105515
250.73999,-1710.3422,-6.8717403,0.8451898
250.76,-1729.5713,-6.0705724,0.20565958
250.78,-1719.9567,13.477921,0.36554214
250.79999,-1724.764,43.28137,0.20565958
250.81999,-1811.295,57.06146,0.20565958
250.84,-1724.764,2.5820389,0.36554214
250.86,-1724.764,42.4802,0.68530726
250.87999,-1700.7277,0.6592364,0.5254247
250.9,-1782.4514,-18.568789,-0.4338706
250.92,-1739.1859,12.51652,-0.2739881
250.93999,-1633.4258,25.014738,-0.114105515
250.95999,-1700.7277,11.074417,-0.114105515
250.98,-1705.5349,14.439322,-0.114105515
251.0,-1681.4985,19.406563,0.045777034
251.01999,-1729.5713,14.1188545,-0.114105515
251.04,-1681.4985,-0.7828655,0.5254247
251.06,-1748.8004,-11.198046,0.5254247
251.08,-1763.2223,-22.73486,-0.2739881
251.09999,-1734.3785,-6.3910394,0.20565958
251.12,-1787.2587,-3.5068357,0.36554214
251.14,-1768.0295,-0.62263197,0.045777034
251.15999,-1719.9567,-3.3466022,-0.4338706
251.18,-1695.9203,-0.14193134,0.20565958
251.2,-1739.1859,-19.369957,0.20565958
251.22,-1729.5713,27.898943,1.164955
251.23999,-1700.7277,2.261572,-0.2739881
251.26,-1715.1495,-9.916177,0.20565958
251.28,-1753.6077,-4.6284704,0.045777034
251.29999,-1724.764,7.0685787,0.36554214
251.31999,-1719.9567,-4.468237,-0.114105515
251.34,-1715.1495,-24.016727,0.045777034
251.36,-1748.8004,-17.447153,0.045777034
251.37999,-1667.0768,-12.479914,-0.114105515
251.4,-1700.7277,-16.005053,0.045777034
251.42,-1753.6077,10.113016,0.5254247
251.43999,-1700.7277,24.854506,0.5254247
251.45999,-1676.6912,-21.292757,0.36554214
251.48,-1743.9932,-5.429638,0.045777034
251.5,-1753.6077,-6.8717403,0.68530726
251.51999,-1715.1495,-24.497427,-0.2739881
251.54,-1667.0768,-4.948938,-0.59375316
251.56,-1739.1859,9.632316,0.68530726
251.58,-1753.6077,18.124695,-0.2739881
251.59999,-1724.764,4.3446083,0.20565958
251.62,-1748.8004,-2.0647337,0.20565958
251.64,-1739.1859,0.018302217,0.36554214
251.65999,-1753.6077,-7.5126743,0.20565958
251.68,-1700.7277,13.317687,0.8451898
251.7,-1739.1859,-51.73712,0.5254247
251.72,-1686.3058,-30.5863,0.5254247
251.73999,-1743.9932,-2.2249672,-0.4338706
251.76,-1782.4514,-37.636574,-0.114105515
251.78,-1743.9932,-7.5126743,0.20565958
251.79999,-1743.9932,8.510681,0.045777034
251.81999,-1772.8368,-16.645985,-0.114105515
251.84,-1753.6077,-9.755944,-0.59375316
251.86,-1748.8004,17.96446,-0.114105515
251.87999,-1801.6804,4.504842,0.20565958
251.9,-1748.8004,-31.387466,0.36554214
251.92,-1801.6804,-35.393307,0.045777034
251.93999,-1710.3422,13.958622,0.5254247
251.95999,-1758.415,-18.248322,-0.2739881
251.98,-1743.9932,-19.530188,0.5254247
252.0,-1676.6912,-14.562949,0.68530726
252.01999,-1748.8004,-49.654087,0.20565958
252.04,-1734.3785,-4.6284704,-0.114105515
252.06,-1787.2587,-36.03424,0.045777034
252.08,-1753.6077,-13.601548,0.5254247
252.09999,-1763.2223,5.466243,0.20565958
252.12,-1772.8368,-33.790974,-0.114105515
252.14,-1777.644,16.041658,-0.2739881
252.15999,-1743.9932,-17.607388,-0.114105515
252.18,-1777.644,-22.574625,0.20565958
252.2,-1734.3785,-27.38163,-0.2739881
252.22,-1787.2587,11.234652,-0.4338706
252.23999,-1739.1859,7.709513,-0.59375316
252.26,-1739.1859,5.78671,-0.2739881
252.28,-1739.1859,7.3890457,0.045777034
252.29999,-1772.8368,72.12342,0.20565958
252.31999,-1777.644,19.086096,0.8451898
252.34,-1801.6804,29.020578,0.5254247
252.36,-1801.6804,-25.45883,-0.4338706
252.37999,-1820.9095,1.3001705,0.045777034
252.4,-1734.3785,34.308285,-0.2739881
252.42,-1777.644,12.8369875,-0.4338706
252.43999,-1739.1859,-6.0705724,0.20565958
252.45999,-1763.2223,-7.672908,-0.2739881
252.48,-1724.764,-1.2635663,0.5254247
252.5,-1763.2223,-8.954777,0.045777034
252.51999,-1763.2223,-1.4237996,-0.114105515
252.54,-1743.9932,9.952783,0.20565958
252.56,-1753.6077,-7.192207,-0.114105515
252.58,-1743.9932,7.549279,0.5254247
252.59999,-1772.8368,2.7422726,0.20565958
252.62,-1772.8368,8.831148,-0.4338706
252.64,-1792.066,7.549279,-0.59375316
252.65999,-1753.6077,21.0089,0.045777034
252.68,-1777.644,-11.037811,-0.114105515
252.7,-1777.644,10.914185,0.20565958
252.72,-1753.6077,-0.9430991,-0.114105515
252.73999,-1763.2223,-4.3080034,0.045777034
252.76,-1719.9567,6.4276443,0.045777034
252.78,-1801.6804,-8.313842,-0.114105515
252.79999,-1792.066,0.81947,0.045777034
252.81999,-1748.8004,-9.275244,-0.2739881
252.84,-1748.8004,11.234652,-0.2739881
252.86,-1787.2587,-10.877579,0.045777034
252.87999,-1777.644,8.510681,-0.59375316
252.9,-1772.8368,17.323528,-0.114105515
252.92,-1806.4878,0.6592364,0.045777034
252.93999,-1748.8004,33.50712,0.045777034
252.95999,-1782.4514,-0.9430991,0.20565958
252.98,-1777.644,22.77147,0.5254247
253.0,-1835.3314,16.041658,0.36554214
253.01999,-1777.644,8.350447,-0.114105515
253.04,-1787.2587,-5.2694044,0.5254247
253.06,-1772.8368,-2.385201,0.045777034
253.08,-1777.644,-24.978128,-0.2739881
253.09999,-1753.6077,-19.209723,0.20565958
253.12,-1753.6077,4.504842,-0.114105515
253.14,-1792.066,23.893103,0.045777034
253.15999,-1801.6804,-2.5454345,-0.2739881
253.18,-1768.0295,11.074417,0.045777034
253.2,-1792.066,-2.2249672,-0.114105515
253.22,-1777.644,-31.707935,-0.59375316
253.23999,-1811.295,-12.159447,-0.114105515
253.26,-1772.8368,-2.7056682,0.20565958
253.28,-1700.7277,-4.6284704,-0.59375316
253.29999,-1792.066,-26.259996,0.20565958
253.31999,-1792.066,-15.203884,-0.2739881
253.34,-1715.1495,-11.198046,0.20565958
253.36,-1787.2587,-12.640147,-0.2739881
253.37999,-1782.4514,-7.5126743,-0.114105515
253.4,-1787.2587,-20.651823,-0.59375316
253.42,-1763.2223,-31.547703,-0.4338706
253.43999,-1782.4514,18.605394,-0.4338706
253.45999,-1763.2223,0.9797035,0.045777034
253.48,-1787.2587,-9.916177,-0.2739881
253.5,-1763.2223,-6.8717403,-0.2739881
253.51999,-1719.9567,-42.12311,-0.9135183
253.54,-1777.644,4.3446083,-0.2739881
253.56,-1782.4514,1.6206378,-0.59375316
253.58,-1734.3785,-15.364117,-0.2739881
253.59999,-1763.2223,-0.30216488,-0.4338706
253.62,-1772.8368,14.599556,-0.4338706
253.64,-1700.7277,15.72119,-0.114105515
253.65999,-1792.066,2.4218054,-0.4338706
253.68,-1772.8368,3.0627398,0.36554214
253.7,-1849.7533,-6.5512733,-0.2739881
253.72,-1840.1388,-13.761782,-0.59375316
253.73999,-1811.295,-14.08225,-0.114105515
253.76,-1792.066,-33.310272,-0.2739881
253.78,-1763.2223,-14.883417,0.20565958
253.79999,-1662.2694,-9.275244,0.045777034
253.81999,-1768.0295,-5.910339,0.045777034
253.84,-1782.4514,15.560958,0.20565958
253.86,-1801.6804,59.945663,0.20565958
253.87999,-1777.644,-7.352441,-0.114105515
253.9,-1734.3785,32.70595,0.045777034
253.92,-1729.5713,26.93754,0.36554214
253.93999,-1787.2587,19.727032,-0.114105515
253.95999,-1806.4878,-2.8659017,-0.2739881
253.98,-1758.415,-12.640147,-0.59375316
254.0,-1825.7169,13.958622,-0.114105515
254.01999,-1768.0295,-17.447153,-0.7536357
254.04,-1796.8732,72.28365,0.045777034
254.06,-1777.644,13.157454,-0.114105515
254.08,-1792.066,-17.126686,-0.59375316
254.09999,-1777.644,-33.951202,-0.114105515
254.12,-1796.8732,-9.59571,-0.2739881
254.14,-1840.1388,-0.14193134,0.36554214
254.15999,-1777.644,0.81947,0.045777034
254.18,-1787.2587,-48.85292,0.5254247
254.2,-1811.295,-20.01089,-0.114105515
254.22,-1792.066,16.041658,-0.2739881
254.23999,-1796.8732,-37.155872,0.045777034
254.26,-1801.6804,-22.254158,-0.114105515
254.28,-1782.4514,-10.717345,-0.2739881
254.29999,-1782.4514,21.329365,0.20565958
254.31999,-1816.1024,-0.62263197,-0.114105515
254.34,-1782.4514,7.228812,0.20565958
254.36,-1816.1024,19.086096,0.36554214
254.37999,-1758.415,56.260292,0.20565958
254.4,-1792.066,-9.916177,-0.4338706
254.42,-1830.5242,40.717632,0.20565958
254.43999,-1835.3314,-34.431904,-0.59375316
254.45999,-1811.295,-12.159447,-0.4338706
254.48,-1792.066,-15.524351,0.045777034
254.5,-1782.4514,6.908345,0.8451898
254.51999,-1772.8368,14.439322,0.20565958
254.54,-1748.8004,-13.281082,0.36554214
254.56,-1792.066,-10.557112,-0.4338706
254.58,-1758.415,12.51652,-0.2739881
254.59999,-1844.946,-16.165285,0.045777034
254.62,-1806.4878,-28.022566,0.20565958
254.64,-1816.1024,-13.281082,0.045777034
254.65999,-1825.7169,-1.4237996,0.20565958
254.68,-1840.1388,-10.236644,0.045777034
254.7,-1801.6804,-13.601548,0.045777034
254.72,-1816.1024,16.682592,0.045777034
254.73999,-1864.1752,4.184375,-0.114105515
254.76,-1806.4878,-37.79681,0.36554214
254.78,-1888.2114,18.765629,-0.114105515
254.79999,-1844.946,2.7422726,0.045777034
254.81999,-1816.1024,6.7481112,0.045777034
254.84,-1835.3314,-21.933691,0.5254247
254.86,-1787.2587,-17.126686,0.20565958
254.87999,-1748.8004,-41.642414,-0.59375316
254.9,-1820.9095,20.367966,0.20565958
254.92,-1777.644,0.9797035,-0.114105515
254.93999,-1787.2587,5.9469438,-0.114105515
254.95999,-1825.7169,32.065014,0.20565958
254.98,-1768.0295,16.362125,0.5254247
255.0,-1830.5242,-16.645985,-0.4338706
255.01999,-1835.3314,-0.46239844,-0.2739881
255.04,-1820.9095,-28.182798,-0.114105515
255.06,-1864.1752,5.466243,-0.114105515
255.08,-1816.1024,-11.358279,-0.59375316
255.09999,-1796.8732,-0.7828655,0.5254247
255.12,-1859.3679,-1.4237996,0.20565958
255.14,-1816.1024,29.18081,-0.2739881
255.15999,-1844.946,-14.883417,0.20565958
255.18,-1893.0188,-3.1863687,-0.114105515
255.2,-1859.3679,-9.916177,-0.114105515
255.22,-1864.1752,26.777308,0.5254247
255.23999,-1796.8732,0.49900287,-0.2739881
255.26,-1835.3314,14.439322,-0.114105515
255.28,-1792.066,-1.2635663,-0.4338706
255.29999,-1830.5242,1.139937,-0.4338706
255.31999,-1777.644,23.893103,-0.114105515
255.34,-1816.1024,1.9411048,-0.114105515
255.36,-1825.7169,39.275528,-0.59375316
255.37999,-1816.1024,46.96674,-0.2739881
255.4,-1811.295,14.439322,-0.2739881
255.42,-1772.8368,-6.8717403,-0.4338706
255.43999,-1820.9095,-3.3466022,-0.114105515
255.45999,-1782.4514,63.470802,0.20565958
255.48,-1820.9095,18.605394,-0.4338706
255.5,-1806.4878,8.670914,-0.2739881
255.51999,-1806.4878,9.311849,-0.59375316
255.54,-1801.6804,-13.922015,-0.4338706
255.56,-1796.8732,-1.9045002,-0.114105515
255.58,-1816.1024,-1.4237996,-0.2739881
255.59999,-1840.1388,-43.72545,-0.2739881
255.62,-1816.1024,-19.369957,0.045777034
255.64,-1787.2587,0.9797035,0.045777034
255.65999,-1816.1024,-1.7442669,0.045777034
255.68,-1801.6804,33.346886,0.20565958
255.7,-1801.6804,-14.562949,0.5254247
255.72,-1792.066,15.080256,0.5254247
255.73999,-1796.8732,19.566797,0.20565958
255.76,-1806.4878,25.976141,0.20565958
255.78,-1782.4514,-0.9430991,-0.114105515
255.79999,-1835.3314,-19.530188,0.36554214
255.81999,-1811.295,-2.8659017,0.36554214
255.84,-1835.3314,-24.016727,-0.114105515
255.86,-1811.295,-17.447153,-0.4338706
255.87999,-1820.9095,-15.684585,-0.9135183
255.9,-1849.7533,-5.2694044,-0.7536357
255.92,-1868.9824,49.21001,0.20565958
255.93999,-1806.4878,20.047497,0.20565958
255.95999,-1830.5242,4.3446083,0.045777034
255.98,-1825.7169,2.902506,0.20565958
256.0,-1854.5605,-4.6284704,-0.114105515
256.02,-1811.295,21.4896,0.045777034
256.04,-1835.3314,21.0089,0.20565958
256.06,-1840.1388,-31.387466,0.20565958
256.08,-1883.4043,-31.387466,0.045777034
256.1,-1868.9824,7.0685787,-0.114105515
256.12,-1825.7169,10.75395,-0.2739881
256.13998,-1893.0188,16.20189,0.045777034
256.16,-1820.9095,-0.46239844,-0.59375316
256.18,-1796.8732,23.572638,-0.114105515
256.19998,-1801.6804,-48.051754,0.20565958
256.22,-1830.5242,-27.2214,-0.114105515
256.24,-1864.1752,-10.396878,0.045777034
256.25998,-1792.066,16.041658,-0.114105515
256.28,-1825.7169,4.184375,-0.4338706
256.3,-1907.4407,50.01118,0.20565958
256.32,-1830.5242,9.311849,-0.2739881
256.34,-1825.7169,-19.850657,-0.4338706
256.36,-1840.1388,31.103615,0.20565958
256.38,-1883.4043,-2.0647337,-0.114105515
256.4,-1801.6804,7.709513,0.20565958
256.41998,-1816.1024,-10.557112,0.36554214
256.44,-1868.9824,-6.8717403,-0.2739881
256.46,-1864.1752,-24.337194,-0.4338706
256.47998,-1806.4878,15.400723,-0.114105515
256.5,-1816.1024,12.035819,0.36554214
256.52,-1782.4514,-12.31968,-0.4338706
256.54,-1777.644,8.991381,-0.2739881
256.56,-1859.3679,-7.993375,-0.114105515
256.58,-1830.5242,3.5434403,0.045777034
256.6,-1835.3314,-15.364117,-0.4338706
256.62,-1758.415,22.290768,-0.2739881
256.63998,-1825.7169,16.041658,-0.114105515
256.66,-1844.946,2.261572,-0.2739881
256.68,-1820.9095,2.902506,-0.4338706
256.69998,-1830.5242,-26.580463,-0.7536357
256.72,-1830.5242,-4.7887044,-0.2739881
256.74,-1849.7533,-3.827303,0.20565958
256.75998,-1854.5605,16.682592,-0.4338706
256.78,-1830.5242,31.103615,0.20565958
256.8,-1854.5605,-24.497427,-0.7536357
256.82,-1816.1024,-20.972292,-0.4338706
256.84,-1830.5242,7.3890457,-0.59375316
256.86,-1873.7897,20.848665,0.045777034
256.88,-1878.597,17.483759,-0.114105515
256.9,-1854.5605,-9.916177,0.20565958
256.91998,-1849.7533,-7.5126743,0.20565958
256.94,-1859.3679,45.043938,0.20565958
256.96,-1868.9824,10.113016,0.20565958
256.97998,-1859.3679,54.818188,-0.114105515
257.0,-1859.3679,8.670914,-0.2739881
257.02,-1849.7533,-4.6284704,-0.7536357
257.04,-1772.8368,-67.11953,-0.4338706
257.06,-1864.1752,11.715352,0.045777034
257.08,-1820.9095,19.887262,0.045777034
257.1,-1835.3314,4.024141,-0.59375316
257.12,-1835.3314,7.8697467,-0.114105515
257.13998,-1864.1752,3.3832066,0.045777034
257.16,-1878.597,-7.833141,0.045777034
257.18,-1859.3679,-3.3466022,-0.2739881
257.19998,-1893.0188,-24.337194,-0.2739881
257.22,-1849.7533,-21.292757,-0.4338706
257.24,-1796.8732,-11.999213,-0.114105515
257.25998,-1868.9824,5.6264763,-0.114105515
257.28,-1830.5242,-7.993375,0.20565958
257.3,-1830.5242,-17.286919,-0.2739881
257.32,-1796.8732,1.9411048,0.045777034
257.34,-1912.2478,-10.076411,0.20565958
257.36,-1864.1752,-8.153608,0.36554214
257.38,-1816.1024,8.02998,0.36554214
257.4,-1864.1752,-33.630737,0.20565958
257.41998,-1854.5605,-4.6284704,-0.2739881
257.44,-1888.2114,17.323528,-0.2739881
257.46,-1849.7533,15.560958,-0.114105515
257.47998,-1835.3314,4.184375,-0.2739881
257.5,-1907.4407,50.812347,0.20565958
257.52,-1825.7169,-25.298595,0.045777034
257.54,-1840.1388,6.5878778,0.045777034
257.56,-1840.1388,-15.04365,0.68530726
257.58,-1787.2587,0.81947,0.5254247
257.6,-1854.5605,-18.729021,0.20565958
257.62,-1816.1024,-12.31968,-0.114105515
257.63998,-1782.4514,4.6650753,0.20565958
257.66,-1835.3314,-49.493855,0.5254247
257.68,-1840.1388,-20.171124,0.36554214
257.69998,-1820.9095,-12.159447,0.5254247
257.72,-1835.3314,-41.802643,0.5254247
257.74,-1854.5605,-18.408554,0.36554214
257.75998,-1907.4407,-69.042336,0.5254247
257.78,-1854.5605,-22.414392,-0.4338706
257.8,-1868.9824,-43.084515,-0.59375316
257.82,-1835.3314,6.1071773,-0.114105515
257.84,-1854.5605,-7.833141,0.20565958
257.86,-1844.946,0.49900287,0.36554214
257.88,-1864.1752,6.5878778,0.045777034
257.9,-1864.1752,13.958622,-0.2739881
257.91998,-1830.5242,-10.076411,-0.2739881
257.94,-1801.6804,10.75395,0.5254247
257.96,-1864.1752,-10.557112,0.36554214
257.97998,-1873.7897,-13.120848,0.20565958
258.0,-1868.9824,-8.634309,0.045777034
258.02,-1830.5242,-13.601548,-0.114105515
258.04,-1888.2114,-15.684585,0.20565958
258.06,-1825.7169,-3.026135,-0.114105515
258.08,-1849.7533,-21.132523,0.045777034
258.1,-1864.1752,-3.6670694,0.045777034
258.12,-1840.1388,-3.6670694,-0.2739881
258.13998,-1864.1752,-20.331356,-0.4338706
258.16,-1868.9824,-20.331356,-0.2739881
258.18,-1830.5242,-6.0705724,-0.59375316
258.19998,-1830.5242,0.9797035,-0.4338706
258.22,-1902.6334,11.074417,-0.114105515
258.24,-1873.7897,-12.800381,0.045777034
258.25998,-1854.5605,6.1071773,0.045777034
258.28,-1917.0553,33.827583,-0.114105515
258.3,-1844.946,41.038097,0.045777034
258.32,-1859.3679,6.2674108,-0.59375316
258.34,-1854.5605,-9.916177,-0.2739881
258.36,-1868.9824,18.765629,-0.114105515
258.38,-1854.5605,-3.1863687,0.20565958
258.4,-1844.946,19.406563,0.20565958
258.41998,-1864.1752,28.700111,0.5254247
258.44,-1878.597,-2.0647337,-0.114105515
258.46,-1883.4043,11.875586,0.045777034
258.47998,-1888.2114,-4.3080034,0.36554214
258.5,-1840.1388,-38.91844,0.20565958
258.52,-1868.9824,1.4604042,0.5254247
258.54,-1888.2114,1.4604042,0.36554214
258.56,-1931.477,-22.73486,0.045777034
258.58,-1849.7533,-9.59571,-0.2739881
258.6,-1897.826,18.284927,0.5254247
258.62,-1868.9824,-3.1863687,0.045777034
258.63998,-1888.2114,-0.62263197,-0.114105515
258.66,-1854.5605,-7.993375,-0.114105515
258.68,-1816.1024,17.00306,0.20565958
258.69998,-1897.826,21.0089,0.045777034
258.72,-1878.597,1.9411048,-0.2739881
258.74,-1902.6334,-16.325518,-0.114105515
258.75998,-1912.2478,-6.0705724,-0.2739881
258.78,-1835.3314,-39.719612,-0.59375316
258.8,-1864.1752,5.6264763,-0.114105515
258.82,-1897.826,28.379642,-0.4338706
258.84,-1912.2478,1.4604042,0.045777034
258.86,-1902.6334,10.914185,0.36554214
258.88,-1859.3679,17.483759,0.20565958
258.9,-1878.597,18.124695,-0.114105515
258.91998,-1820.9095,19.406563,0.5254247
258.94,-1854.5605,-13.281082,-0.114105515
258.96,-1854.5605,-16.165285,-0.2739881
258.97998,-1888.2114,-42.44358,-0.59375316
259.0,-1878.597,-16.325518,-0.2739881
259.02,-1878.597,9.151615,0.045777034
259.04,-1864.1752,-19.209723,-0.114105515
259.06,-1878.597,-15.524351,-0.114105515
259.08,-1854.5605,-27.38163,-0.114105515
259.1,-1844.946,6.4276443,0.20565958
259.12,-1859.3679,-18.889254,-0.59375316
259.13998,-1888.2114,0.9797035,-0.4338706
259.16,-1921.8624,-15.684585,-0.4338706
259.18,-1859.3679,-35.874004,-0.2739881
259.19998,-1859.3679,10.27325,0.045777034
259.22,-1931.477,7.8697467,-0.7536357
259.24,-1859.3679,13.317687,0.20565958
259.25998,-1893.0188,-22.254158,0.20565958
259.28,-1873.7897,-23.536026,0.36554214
259.3,-1912.2478,31.263847,-0.114105515
259.32,-1897.826,-12.31968,-0.114105515
259.34,-1907.4407,5.466243,-0.114105515
259.36,-1921.8624,6.7481112,0.5254247
259.38,-1868.9824,-36.354706,-0.114105515
259.4,-1902.6334,-1.4237996,0.045777034
259.41998,-1878.597,11.234652,0.045777034
259.44,-1902.6334,-15.844818,0.20565958
259.46,-1873.7897,2.1013381,0.045777034
259.47998,-1854.5605,6.7481112,0.5254247
259.5,-1859.3679,-20.49159,-0.2739881
259.52,-1878.597,10.433483,0.5254247
259.54,-1902.6334,-10.877579,0.5254247
259.56,-1868.9824,18.124695,0.68530726
259.58,-1902.6334,-5.910339,0.045777034
259.6,-1878.597,11.074417,-0.114105515
259.62,-1902.6334,-0.30216488,0.045777034
259.63998,-1888.2114,-42.283344,-0.59375316
259.66,-1902.6334,-17.126686,-0.59375316
259.68,-1883.4043,-3.3466022,0.045777034
259.69998,-1883.4043,29.18081,-0.114105515
259.72,-1902.6334,9.792548,0.20565958
259.74,-1941.0917,-6.5512733,0.20565958
259.75998,-1897.826,-11.678746,-0.4338706
259.78,-1917.0553,11.394884,-0.4338706
259.8,-1921.8624,7.0685787,0.045777034
259.82,-1844.946,30.142212,0.045777034
259.84,-1941.0917,7.228812,0.36554214
259.86,-1864.1752,-17.927853,-0.114105515
259.88,-1912.2478,-21.132523,-0.59375316
259.9,-1936.2842,-3.5068357,-0.2739881
259.91998,-1917.0553,9.632316,0.5254247
259.94,-1926.6698,-12.640147,0.045777034
259.96,-1811.295,-31.387466,-0.2739881
259.97998,-1931.477,-15.524351,-0.2739881
260.0,-1912.2478,7.228812,-0.114105515
260.02,-1921.8624,33.026417,-0.4338706
260.04,-1849.7533,18.124695,-0.2739881
260.06,-1854.5605,-14.562949,-0.4338706
260.08,-1907.4407,-0.7828655,-0.2739881
260.1,-1945.8988,-7.672908,-0.4338706
260.12,-1974.7427,-34.59214,0.045777034
260.13998,-1893.0188,19.086096,-0.114105515
260.16,-1888.2114,-5.7501054,-0.114105515
260.18,-1926.6698,-2.385201,0.045777034
260.19998,-1921.8624,-1.5840333,-0.2739881
260.22,-1902.6334,8.190214,-0.114105515
260.24,-1917.0553,11.234652,-0.4338706
260.25998,-1897.826,24.213572,-0.2739881
260.28,-1902.6334,14.759789,0.68530726
260.3,-1893.0188,31.103615,-0.114105515
260.32,-1868.9824,-9.755944,0.045777034
260.34,-1917.0553,58.183094,-0.114105515
260.36,-1917.0553,-25.298595,0.36554214
260.38,-1854.5605,6.1071773,0.20565958
260.4,-1897.826,44.72347,0.5254247
260.41998,-1902.6334,-13.120848,0.045777034
260.44,-1907.4407,-17.126686,-0.4338706
260.46,-1873.7897,-1.7442669,0.045777034
260.47998,-1902.6334,12.51652,0.20565958
260.5,-1921.8624,19.887262,0.5254247
260.52,-1844.946,-3.3466022,-0.114105515
260.54,-1917.0553,-18.568789,-0.7536357
260.56,-1931.477,13.638155,-0.59375316
260.58,-1864.1752,6.908345,-0.4338706
260.6,-1941.0917,-34.27167,-0.114105515
260.62,-1955.5134,-9.115009,0.20565958
260.63998,-1917.0553,-5.429638,-0.4338706
260.66,-1936.2842,-45.007313,-0.4338706
260.68,-1888.2114,1.9411048,-0.4338706
260.69998,-1897.826,5.145776,-0.114105515
260.72,-1893.0188,0.49900287,-0.2739881
260.74,-1902.6334,10.27325,-0.59375316
260.75998,-1902.6334,8.190214,0.045777034
260.78,-1931.477,-24.657661,-0.114105515
260.8,-1936.2842,11.715352,0.68530726
260.82,-1931.477,0.9797035,0.045777034
260.84,-1917.0553,-11.678746,0.20565958
260.86,-1907.4407,-22.574625,-0.114105515
260.88,-1926.6698,1.4604042,0.045777034
260.9,-1902.6334,-11.678746,-0.114105515
260.91998,-1917.0553,-28.823734,-0.114105515
260.94,-1912.2478,14.599556,-0.59375316
260.96,-1979.5498,-9.755944,-0.7536357
260.97998,-1917.0553,-27.702099,-0.59375316
261.0,-1917.0553,-13.601548,-0.4338706
261.02,-1917.0553,-1.4237996,-0.114105515
261.04,-1912.2478,-3.026135,-0.2739881
261.06,-1941.0917,-8.474075,-0.114105515
261.08,-1912.2478,0.6592364,0.20565958
261.1,-1950.7063,-13.922015,-1.0734009
261.12,-1907.4407,-5.2694044,-0.59375316
261.13998,-1921.8624,-11.83898,-0.2739881
261.16,-1907.4407,-46.769882,-0.7536357
261.18,-1941.0917,-1.7442669,-0.4338706
261.19998,-1878.597,11.555119,-0.4338706
261.22,-1941.0917,-7.5126743,-0.7536357
261.24,-1926.6698,0.17853576,-0.2739881
261.25998,-1830.5242,11.555119,0.045777034
261.28,-1917.0553,4.024141,-0.114105515
261.3,-1960.3208,-15.203884,0.20565958
261.32,-1897.826,-21.452991,0.5254247
261.34,-1912.2478,37.19249,-0.4338706
261.36,-1897.826,22.931702,-0.4338706
261.38,-1912.2478,-20.812057,-0.114105515
261.4,-1907.4407,-7.0319734,-0.4338706
261.41998,-1902.6334,-24.497427,-0.4338706
261.44,-1941.0917,-21.452991,-0.114105515
261.46,-1912.2478,-0.9430991,-0.114105515
261.47998,-1936.2842,26.296606,0.20565958
261.5,-1960.3208,-9.435476,-0.114105515
261.52,-1878.597,-5.589872,-0.114105515
261.54,-1969.9352,48.088375,-0.59375316
261.56,-1902.6334,-6.5512733,-0.4338706
261.58,-1912.2478,0.6592364,-0.7536357
261.6,-1926.6698,-5.7501054,-0.114105515
261.62,-1917.0553,-3.6670694,-0.114105515
261.63998,-1931.477,-32.188637,-0.4338706
261.66,-1941.0917,-21.452991,-1.0734009
261.68,-1921.8624,23.732868,-0.59375316
261.69998,-1902.6334,35.269688,-0.2739881
261.72,-1926.6698,21.4896,0.045777034
261.74,-1936.2842,-17.447153,0.20565958
261.75998,-1936.2842,-3.026135,-0.2739881
261.78,-1960.3208,32.065014,-0.2739881
261.8,-1931.477,23.732868,-0.59375316
261.82,-1936.2842,21.649834,-0.2739881
261.84,-1941.0917,56.58076,0.045777034
261.86,-1965.128,3.0627398,-0.4338706
261.88,-1921.8624,-3.3466022,-0.4338706
261.9,-1931.477,7.8697467,-0.4338706
261.91998,-1912.2478,2.1013381,-0.2739881
261.94,-1936.2842,-35.393307,-0.4338706
261.96,-1945.8988,2.1013381,0.045777034
261.97998,-1950.7063,-3.3466022,-0.114105515
262.0,-1941.0917,-43.88568,-0.4338706
262.02,-1912.2478,28.700111,0.045777034
262.04,-1902.6334,8.670914,0.045777034
262.06,-1969.9352,-3.6670694,-0.4338706
262.08,-1974.7427,-13.281082,-0.2739881
262.1,-1984.3572,-7.352441,-0.59375316
262.12,-1917.0553,-19.850657,-0.114105515
262.13998,-1868.9824,17.96446,0.20565958
262.16,-1993.9716,36.71179,0.36554214
262.18,-1955.5134,-32.82957,-0.114105515
262.19998,-1907.4407,-12.640147,-0.2739881
262.22,-1965.128,-1.4237996,-0.4338706
262.24,-1941.0917,-9.435476,0.20565958
262.25998,-1936.2842,-17.927853,-0.114105515
262.28,-1989.1644,-16.966454,-0.59375316
262.3,-1912.2478,-17.286919,-0.59375316
262.32,-1926.6698,-3.1863687,-0.2739881
262.34,-1931.477,54.657955,0.5254247
262.36,-1936.2842,3.3832066,0.045777034
262.38,-1950.7063,16.041658,-0.114105515
262.4,-1945.8988,-47.41082,0.20565958
262.41998,-1902.6334,-22.254158,-0.4338706
262.44,-1974.7427,-8.313842,-0.2739881
262.46,-1945.8988,-13.441315,0.045777034
262.47998,-1907.4407,1.7808713,-0.114105515
262.5,-1921.8624,0.17853576,-0.4338706
262.52,-1936.2842,-12.800381,-0.4338706
262.54,-1917.0553,15.72119,0.045777034
262.56,-1926.6698,18.124695,0.045777034
262.58,-1936.2842,17.643993,0.20565958
262.6,-1960.3208,-6.3910394,0.045777034
262.62,-1897.826,-26.90093,0.045777034
262.63998,-1965.128,-2.8659017,-0.4338706
262.66,-1974.7427,19.246328,-0.4338706
262.68,-1945.8988,58.34333,-0.4338706
262.69998,-1950.7063,4.3446083,-0.59375316
262.72,-1912.2478,-10.557112,-0.2739881
262.74,-1965.128,-15.203884,0.045777034
262.75998,-1945.8988,-4.468237,-0.2739881
262.78,-1945.8988,15.080256,-0.59375316
262.8,-1955.5134,13.958622,-0.2739881
262.82,-1926.6698,13.317687,-0.114105515
262.84,-1960.3208,-16.966454,-0.114105515
262.86,-1969.9352,54.497723,0.20565958
262.88,-1969.9352,18.445162,-0.2739881
262.9,-1979.5498,-12.31968,-0.114105515
262.91998,-1945.8988,-6.8717403,0.045777034
262.94,-1945.8988,-20.972292,-0.2739881
262.96,-1936.2842,-42.283344,-0.59375316
262.97998,-1936.2842,4.184375,-0.114105515
263.0,-1917.0553,17.323528,-0.2739881
263.02,-1965.128,-9.755944,0.36554214
263.04,-1965.128,1.139937,0.045777034
263.06,-1955.5134,-17.607388,0.68530726
263.08,-1965.128,-7.352441,0.20565958
263.1,-1907.4407,16.682592,0.36554214
263.12,-1941.0917,3.5434403,-0.114105515
263.13998,-1941.0917,14.279089,0.045777034
263.16,-1955.5134,15.24049,0.045777034
263.18,-1950.7063,4.3446083,0.20565958
263.19998,-1960.3208,-17.126686,-0.2739881
263.22,-1864.1752,2.4218054,0.045777034
263.24,-1945.8988,-11.198046,-0.114105515
263.25998,-1936.2842,-5.429638,0.20565958
263.28,-1926.6698,-4.3080034,-0.114105515
263.3,-1931.477,-7.5126743,0.045777034
263.32,-1965.128,3.7036738,-0.4338706
263.34,-1965.128,-12.31968,0.045777034
263.36,-1921.8624,-0.7828655,-0.114105515
263.38,-1854.5605,-25.779295,-0.114105515
263.4,-1849.7533,-27.862331,0.5254247
263.41998,-1936.2842,-14.562949,0.36554214
263.44,-1984.3572,-32.669334,0.20565958
263.46,-1989.1644,8.350447,0.045777034
263.47998,-1931.477,4.825309,0.5254247
263.5,-1965.128,15.881425,0.5254247
263.52,-1941.0917,15.881425,1.164955
263.54,-1926.6698,9.151615,0.045777034
263.56,-1950.7063,0.33876932,0.045777034
263.58,-1936.2842,17.323528,0.20565958
263.6,-1931.477,6.4276443,0.36554214
263.62,-1849.7533,-1.7442669,0.8451898
263.63998,-1950.7063,-48.85292,0.68530726
263.66,-1950.7063,-3.026135,0.5254247
263.68,-1921.8624,-1.2635663,0.36554214
263.69998,-1955.5134,-14.242482,0.045777034
263.72,-2003.5862,13.798388,0.20565958
263.74,-1950.7063,-11.518513,-0.2739881
263.75998,-1993.9716,-11.358279,0.045777034
263.78,-1941.0917,8.510681,0.68530726
263.8,-1960.3208,-16.005053,0.045777034
263.82,-1979.5498,-10.396878,-0.2739881
263.84,-2003.5862,-30.1056,0.045777034
263.86,-1965.128,-11.83898,0.36554214
263.88,-1936.2842,-55.262257,0.045777034
263.9,-1965.128,-6.3910394,-0.2739881
263.91998,-1950.7063,-0.30216488,-0.114105515
263.94,-1979.5498,21.4896,-0.114105515
263.96,-1936.2842,-5.2694044,0.045777034
263.97998,-1955.5134,-13.120848,0.20565958
264.0,-1926.6698,8.991381,-0.4338706
264.02,-1955.5134,14.759789,-0.4338706
264.04,-2018.008,-26.259996,-0.4338706
264.06,-1960.3208,-27.061165,-0.114105515
264.08,-1950.7063,3.5434403,-0.114105515
264.1,-2042.0444,-1.2635663,-0.2739881
264.12,-1993.9716,4.184375,-0.2739881
264.13998,-1989.1644,29.020578,0.045777034
264.16,-2066.0808,9.632316,0.045777034
264.18,-1979.5498,2.5820389,0.045777034
264.19998,-1941.0917,-1.1033326,0.20565958
264.22,-1989.1644,-7.352441,-0.2739881
264.24,-1950.7063,-5.7501054,-0.4338706
264.25998,-1936.2842,22.290768,-0.59375316
264.28,-1960.3208,-27.541864,-0.2739881
264.3,-1974.7427,-32.989803,-0.114105515
264.32,-1950.7063,-20.651823,0.045777034
264.34,-1974.7427,1.3001705,-0.59375316
264.36,-1873.7897,20.528198,-0.2739881
264.38,-1907.4407,15.400723,0.20565958
264.4,-1965.128,3.2229733,0.5254247
264.41998,-2013.2008,4.6650753,-0.114105515
264.44,-2008.3937,-19.690422,-0.59375316
264.46,-1955.5134,-12.31968,-0.2739881
264.47998,-1974.7427,-20.331356,-0.2739881
264.5,-1941.0917,-21.933691,-0.9135183
264.52,-2018.008,-10.396878,0.045777034
264.54,-1984.3572,-36.675175,-0.59375316
264.56,-2032.43,43.4416,0.36554214
264.58,-1969.9352,7.8697467,-0.114105515
264.6,-1974.7427,21.4896,-0.114105515
264.62,-1969.9352,22.130533,0.045777034
264.63998,-1984.3572,9.952783,0.045777034
264.66,-1960.3208,-12.960614,0.045777034
264.68,-1969.9352,-9.275244,-0.2739881
264.69998,-2003.5862,3.0627398,0.20565958
264.72,-1979.5498,3.2229733,0.045777034
264.74,-2018.008,21.169132,0.36554214
264.75998,-1945.8988,14.920023,0.36554214
264.78,-1984.3572,-24.17696,-0.2739881
264.8,-2037.2372,5.6264763,0.5254247
264.82,-1945.8988,34.78899,-0.114105515
264.84,-2022.8154,18.925863,0.045777034
264.86,-1984.3572,33.026417,0.5254247
264.88,-1945.8988,-9.115009,-0.114105515
264.9,-1941.0917,-12.479914,-0.114105515
264.91998,-2037.2372,28.539877,0.045777034
264.94,-2013.2008,13.477921,0.045777034
264.96,-1965.128,-13.601548,-0.4338706
264.97998,-1897.826,17.643993,-0.2739881
265.0,-1897.826,25.815907,0.20565958
265.02,-1984.3572,-26.740696,0.045777034
265.04,-1969.9352,16.52236,-0.2739881
265.06,-2013.2008,14.439322,-0.4338706
265.08,-2042.0444,11.394884,-0.114105515
265.1,-1960.3208,28.21941,0.045777034
265.12,-1993.9716,-10.717345,-0.114105515
265.13998,-2003.5862,7.8697467,-0.2739881
265.16,-2008.3937,-15.203884,-0.59375316
265.18,-2018.008,20.68843,-0.114105515
265.19998,-1941.0917,-66.9593,-0.114105515
265.22,-1979.5498,25.014738,0.20565958
265.24,-1965.128,21.649834,0.20565958
265.25998,-1984.3572,0.81947,0.045777034
265.28,-1984.3572,4.3446083,1.0050724
265.3,-1926.6698,19.406563,0.5254247
265.32,-1989.1644,-0.9430991,0.20565958
265.34,-1974.7427,-10.236644,-0.4338706
265.36,-1989.1644,17.643993,0.20565958
265.38,-1931.477,1.7808713,-0.114105515
265.4,-1955.5134,0.9797035,0.20565958
265.41998,-1969.9352,22.451,0.68530726
265.44,-1998.779,4.184375,-0.2739881
265.46,-1989.1644,30.622915,0.36554214
265.47998,-1945.8988,-2.385201,0.045777034
265.5,-1984.3572,-1.7442669,0.045777034
265.52,-1950.7063,9.952783,-0.114105515
265.54,-1979.5498,7.3890457,0.36554214
265.56,-1974.7427,-31.868172,-0.2739881
265.58,-1945.8988,-6.0705724,0.045777034
265.6,-1993.9716,-11.999213,-0.2739881
265.62,-1974.7427,0.33876932,0.045777034
265.63998,-2003.5862,-13.120848,-0.114105515
265.66,-2066.0808,-3.026135,-0.2739881
265.68,-1989.1644,16.041658,-0.114105515
265.69998,-1993.9716,-0.7828655,-0.114105515
265.72,-1979.5498,39.115295,0.68530726
265.74,-1974.7427,-26.099764,-0.59375316
265.75998,-1998.779,-22.414392,-0.4338706
265.78,-1984.3572,3.3832066,-0.59375316
265.8,-1989.1644,13.477921,-0.2739881
265.82,-2008.3937,5.6264763,-0.2739881
265.84,-1989.1644,-2.0647337,0.045777034
265.86,-2008.3937,-3.026135,-0.114105515
265.88,-2022.8154,19.086096,-0.2739881
265.9,-1984.3572,29.341045,0.20565958
265.91998,-1984.3572,-9.115009,-0.2739881
265.94,-1979.5498,26.296606,-0.2739881
265.96,-1931.477,16.52236,0.20565958
265.97998,-2013.2008,-16.966454,0.045777034
266.0,-2003.5862,-7.352441,0.045777034
266.02,-1974.7427,9.311849,0.20565958
266.04,-2032.43,-20.49159,-0.114105515
266.06,-1974.7427,-4.468237,0.045777034
266.08,-1989.1644,9.151615,-0.4338706
266.1,-1989.1644,3.8639073,0.045777034
266.12,-2013.2008,-26.740696,-0.59375316
266.13998,-2013.2008,8.831148,-0.2739881
266.16,-2037.2372,-5.2694044,-0.2739881
266.18,-1969.9352,11.074417,-0.114105515
266.19998,-1989.1644,-15.04365,-0.114105515
266.22,-1965.128,-10.717345,-0.114105515
266.24,-1989.1644,-32.82957,0.045777034
266.25998,-2056.4663,1.139937,0.36554214
266.28,-1984.3572,9.472081,0.045777034
266.3,-1984.3572,10.433483,0.20565958
266.32,-1998.779,33.50712,-0.2739881
266.34,-1969.9352,-14.723184,0.20565958
266.36,-2037.2372,-3.3466022,0.045777034
266.38,-2008.3937,-11.83898,-0.114105515
266.4,-1984.3572,-10.557112,0.36554214
266.41998,-1989.1644,-6.8717403,0.20565958
266.44,-2022.8154,-11.678746,0.045777034
266.46,-1936.2842,-15.04365,-0.4338706
266.47998,-2003.5862,-20.651823,-0.7536357
266.5,-2027.6226,-7.352441,0.20565958
266.52,-1984.3572,-72.56747,-0.4338706
266.54,-2003.5862,2.261572,0.045777034
266.56,-2027.6226,14.439322,0.68530726
266.58,-1998.779,4.6650753,-0.114105515
266.6,-1984.3572,-4.6284704,0.20565958
266.62,-1989.1644,-6.0705724,0.045777034
266.63998,-2042.0444,-14.402717,-0.2739881
266.66,-2013.2008,31.584314,0.20565958
266.68,-1984.3572,12.356286,0.045777034
266.69998,-1989.1644,11.715352,0.045777034
266.72,-1955.5134,-14.402717,-0.114105515
266.74,-2032.43,17.00306,0.045777034
266.75998,-1974.7427,-2.7056682,-0.114105515
266.78,-2008.3937,1.6206378,0.20565958
266.8,-1993.9716,8.510681,-0.114105515
266.82,-1965.128,17.96446,0.20565958
266.84,-1993.9716,-27.541864,0.20565958
266.86,-1984.3572,-10.557112,0.5254247
266.88,-2013.2008,-29.945368,0.5254247
266.9,-2003.5862,1.139937,-0.114105515
266.91998,-1993.9716,-5.7501054,0.045777034
266.94,-2037.2372,-27.702099,-0.114105515
266.96,-2046.8518,-8.954777,0.045777034
266.97998,-2003.5862,4.184375,0.20565958
267.0,-2051.659,6.5878778,-0.2739881
267.02,-2013.2008,21.649834,-0.114105515
267.04,-2042.0444,40.717632,0.20565958
267.06,-2032.43,40.557396,0.045777034
267.08,-1989.1644,-10.557112,-0.2739881
267.1,-1984.3572,28.700111,-0.59375316
267.12,-2027.6226,-1.5840333,-0.2739881
267.13998,-2018.008,10.593717,-0.59375316
267.16,-1974.7427,36.391323,0.045777034
267.18,-2051.659,-38.27751,-0.2739881
267.19998,-1979.5498,-7.833141,-0.114105515
267.22,-2022.8154,0.33876932,0.045777034
267.24,-2128.5757,-3.3466022,-0.59375316
267.25998,-2008.3937,8.670914,-0.59375316
267.28,-2027.6226,19.086096,0.20565958
267.3,-1974.7427,-4.7887044,0.5254247
267.32,-2003.5862,-28.022566,-0.2739881
267.34,-2008.3937,-21.132523,-0.4338706
267.36,-2003.5862,-12.159447,-0.4338706
267.38,-2013.2008,7.228812,-0.114105515
267.4,-2018.008,-29.624899,-0.114105515
267.41998,-1974.7427,2.261572,0.5254247
267.44,-2027.6226,2.902506,0.36554214
267.46,-1993.9716,-1.2635663,0.36554214
267.47998,-2037.2372,-34.912605,0.36554214
267.5,-2013.2008,4.825309,0.20565958
267.52,-2032.43,0.6592364,0.5254247
267.54,-1984.3572,-2.385201,-0.114105515
267.56,-2008.3937,21.0089,0.045777034
267.58,-2027.6226,-8.794542,0.045777034
267.6,-2003.5862,-20.171124,0.045777034
267.62,-1993.9716,7.549279,-0.4338706
267.63998,-2018.008,39.916462,-0.4338706
267.66,-2013.2008,2.7422726,-0.59375316
267.68,-2032.43,-10.396878,-0.2739881
267.69998,-2032.43,37.833427,0.045777034
267.72,-2003.5862,-8.794542,0.045777034
267.74,-2018.008,2.1013381,-0.114105515
267.75998,-2075.6953,-4.7887044,0.045777034
267.78,-2056.4663,-16.325518,-0.4338706
267.8,-2051.659,-31.227234,-0.59375316
267.82,-2018.008,-11.999213,-0.2739881
267.84,-2032.43,-18.088087,-0.2739881
267.86,-1998.779,-10.877579,-1.2332834
267.88,-2032.43,22.130533,-0.4338706
267.9,-2008.3937,14.439322,0.045777034
267.91998,-2037.2372,9.632316,-0.2739881
267.94,-1998.779,10.75395,-0.2739881
267.96,-2032.43,-8.153608,-0.59375316
267.97998,-2056.4663,-0.30216488,-0.59375316
268.0,-2046.8518,10.27325,-0.114105515
268.02,-2027.6226,-16.005053,-0.114105515
268.04,-2027.6226,1.4604042,-0.59375316
268.06,-2008.3937,-5.589872,-0.114105515
268.08,-2018.008,-4.948938,-0.4338706
268.1,-2080.503,6.908345,-0.114105515
268.12,-2022.8154,46.005337,-0.4338706
268.13998,-2056.4663,4.504842,0.5254247
268.16,-2070.8882,6.2674108,-0.114105515
268.18,-2027.6226,-4.3080034,0.5254247
268.19998,-2090.1172,-47.250584,0.68530726
268.22,-2013.2008,0.33876932,0.045777034
268.24,-2037.2372,6.1071773,-0.114105515
268.25998,-2013.2008,35.42992,0.36554214
268.28,-2032.43,-24.17696,0.20565958
268.3,-2037.2372,-5.7501054,0.045777034
268.32,-2061.2737,5.9469438,-0.114105515
268.34,-2046.8518,10.113016,0.20565958
268.36,-2037.2372,14.439322,0.20565958
268.38,-2042.0444,-3.5068357,0.68530726
268.4,-2037.2372,20.367966,0.36554214
268.41998,-2090.1172,4.024141,0.20565958
268.44,-2032.43,-4.948938,0.045777034
268.46,-2032.43,41.67903,0.045777034
268.47998,-2061.2737,-3.3466022,-0.2739881
268.5,-2022.8154,7.549279,-0.4338706
268.52,-2003.5862,2.4218054,-0.4338706
268.54,-1989.1644,4.024141,-0.4338706
268.56,-2008.3937,-1.7442669,-0.114105515
268.58,-2061.2737,-5.589872,-0.4338706
268.6,-2046.8518,22.451,0.045777034
268.62,-2003.5862,3.8639073,0.045777034
268.63998,-2051.659,-12.640147,-0.59375316
268.66,-2046.8518,-16.165285,0.045777034
268.68,-2013.2008,-13.601548,-0.59375316
268.69998,-2056.4663,0.018302217,-0.2739881
268.72,-2027.6226,-12.159447,0.20565958
268.74,-1979.5498,-13.281082,0.045777034
268.75998,-2051.659,6.1071773,0.36554214
268.78,-2042.0444,-3.9875362,-0.114105515
268.8,-2022.8154,-1.7442669,-0.2739881
268.82,-2042.0444,11.875586,-0.2739881
268.84,-2022.8154,42.640434,0.36554214
268.86,-2046.8518,24.213572,0.36554214
268.88,-2080.503,-7.192207,0.36554214
268.9,-2070.8882,4.825309,0.5254247
268.91998,-2032.43,-10.557112,0.045777034
268.94,-2070.8882,5.9469438,-0.2739881
268.96,-1974.7427,3.5434403,0.045777034
268.97998,-2008.3937,-18.408554,-0.4338706
269.0,-2056.4663,-58.787395,-0.59375316
269.02,-2080.503,-3.6670694,-0.114105515
269.04,-2042.0444,-2.8659017,-0.2739881
269.06,-2051.659,12.51652,-0.59375316
269.08,-2027.6226,-6.5512733,0.5254247
269.1,-2042.0444,-5.429638,-0.114105515
269.12,-2042.0444,-24.016727,-0.114105515
269.13998,-2094.9246,3.7036738,0.045777034
269.16,-2037.2372,-33.470505,-0.2739881
269.18,-2027.6226,-12.479914,-0.114105515
269.19998,-2080.503,-0.62263197,0.20565958
269.22,-2027.6226,-8.313842,0.20565958
269.24,-2056.4663,3.5434403,-0.4338706
269.25998,-2061.2737,39.435764,-0.114105515
269.28,-2056.4663,-33.150036,-0.7536357
269.3,-2027.6226,11.234652,-0.4338706
269.32,-2008.3937,37.032257,0.20565958
269.34,-2056.4663,-13.441315,0.045777034
269.36,-2042.0444,-13.761782,-0.114105515
269.38,-2080.503,-9.59571,-0.2739881
269.4,-2022.8154,-9.755944,-0.114105515
269.41998,-2027.6226,12.035819,0.045777034
269.44,-2046.8518,65.55384,0.045777034
269.46,-2046.8518,33.026417,-0.2739881
269.47998,-2056.4663,-35.393307,-0.59375316
269.5,-2051.659,-0.7828655,-0.2739881
269.52,-2018.008,-0.14193134,-0.9135183
269.54,-2008.3937,17.00306,0.20565958
269.56,-2013.2008,-29.785133,-0.2739881
269.58,-2099.7317,-4.6284704,0.68530726
269.6,-2051.659,-19.209723,-0.114105515
269.62,-2042.0444,4.504842,0.045777034
269.63998,-2056.4663,-16.165285,-0.2739881
269.66,-2032.43,9.632316,0.36554214
269.68,-2046.8518,14.439322,0.20565958
269.69998,-2008.3937,11.234652,0.5254247
269.72,-2080.503,-9.435476,0.36554214
269.74,-2061.2737,14.599556,0.5254247
269.75998,-2075.6953,-10.396878,-0.2739881
269.78,-2099.7317,-5.429638,0.045777034
269.8,-2118.961,1.9411048,0.20565958
269.82,-2042.0444,5.6264763,0.68530726
269.84,-2090.1172,-11.83898,0.5254247
269.86,-2051.659,-12.159447,0.045777034
269.88,-2090.1172,-18.248322,0.5254247
269.9,-1993.9716,7.228812,0.045777034
269.91998,-2051.659,-6.8717403,0.20565958
269.94,-2114.1536,-26.740696,0.5254247
269.96,-2046.8518,-8.954777,0.045777034
269.97998,-2061.2737,-19.369957,0.20565958
270.0,-2046.8518,-46.769882,0.36554214
270.02,-2066.0808,12.676753,0.36554214
270.04,-2037.2372,21.329365,0.5254247
270.06,-2027.6226,-0.9430991,0.20565958
270.08,-2080.503,13.958622,0.20565958
270.1,-2085.31,28.059177,0.5254247
270.12,-2056.4663,6.4276443,0.20565958
270.13998,-2066.0808,-25.298595,0.5254247
270.16,-2085.31,3.7036738,0.20565958
270.18,-2070.8882,5.9469438,0.20565958
270.19998,-2066.0808,-3.9875362,0.045777034
270.22,-2066.0808,11.555119,0.20565958
270.24,-2066.0808,-9.435476,0.20565958
270.25998,-2051.659,-15.524351,-0.2739881
270.28,-2080.503,-39.078674,0.045777034
270.3,-2066.0808,-28.6635,0.20565958
270.32,-2046.8518,-25.779295,-0.114105515
270.34,-2109.3464,-15.203884,-0.2739881
270.36,-2046.8518,-5.429638,-0.2739881
270.38,-2085.31,0.33876932,-0.114105515
270.4,-2032.43,4.825309,-0.114105515
270.41998,-2051.659,13.157454,0.20565958
270.44,-2085.31,-13.441315,-0.7536357
270.46,-2085.31,21.4896,0.20565958
270.47998,-2066.0808,-4.7887044,0.68530726
270.5,-2032.43,6.7481112,0.045777034
270.52,-2090.1172,6.7481112,0.68530726
270.54,-2114.1536,-25.138361,0.20565958
270.56,-2066.0808,3.2229733,0.36554214
270.58,-2042.0444,9.472081,0.68530726
270.6,-2056.4663,18.765629,0.36554214
270.62,-2061.2737,14.920023,0.045777034
270.63998,-2042.0444,11.555119,0.20565958
270.66,-2066.0808,35.10945,0.20565958
270.68,-2070.8882,15.881425,0.20565958
270.69998,-2066.0808,-3.1863687,0.045777034
270.72,-2070.8882,-18.568789,0.045777034
270.74,-2042.0444,-26.259996,-0.114105515
270.75998,-2061.2737,-20.651823,0.36554214
270.78,-2008.3937,19.727032,0.36554214
270.8,-2056.4663,-4.7887044,0.36554214
270.82,-2056.4663,-10.236644,0.045777034
270.84,-2046.8518,-45.16755,-0.114105515
270.86,-2056.4663,-26.740696,0.045777034
270.88,-2051.659,-7.352441,0.045777034
270.9,-2066.0808,0.9797035,-0.2739881
270.91998,-2061.2737,37.51296,-0.114105515
270.94,-2066.0808,3.2229733,-0.114105515
270.96,-2066.0808,-5.429638,0.20565958
270.97998,-2085.31,16.842825,0.20565958
271.0,-2061.2737,4.3446083,0.36554214
271.02,-2070.8882,-27.2214,0.68530726
271.04,-2080.503,17.96446,0.045777034
271.06,-2075.6953,38.794827,0.36554214
271.08,-2080.503,-8.474075,0.20565958
271.1,-2070.8882,12.99722,0.20565958
271.12,-2090.1172,21.810066,0.5254247
271.13998,-2090.1172,-7.672908,0.20565958
271.16,-2123.768,-12.31968,0.36554214
271.18,-2109.3464,-3.9875362,0.20565958
271.19998,-2066.0808,-26.42023,-0.2739881
271.22,-2080.503,13.798388,-0.2739881
271.24,-2066.0808,43.12113,0.5254247
271.25998,-2070.8882,17.483759,0.5254247
271.28,-2128.5757,-8.634309,0.045777034
271.3,-2066.0808,-6.230806,-0.114105515
271.32,-2085.31,-1.5840333,0.045777034
271.34,-2080.503,7.549279,0.045777034
271.36,-2070.8882,19.086096,0.5254247
271.38,-2128.5757,42.159733,0.5254247
271.4,-2051.659,-20.331356,0.68530726
271.41998,-2070.8882,12.99722,0.5254247
271.44,-2109.3464,4.3446083,0.68530726
271.46,-2094.9246,10.27325,0.20565958
271.47998,-2118.961,25.49544,0.68530726
271.5,-2080.503,15.400723,0.5254247
271.52,-2090.1172,-27.38163,0.045777034
271.54,-2061.2737,-2.2249672,0.36554214
271.56,-2066.0808,-5.2694044,0.045777034
271.58,-2118.961,2.902506,0.36554214
271.6,-2099.7317,4.504842,-0.59375316
271.62,-2046.8518,4.825309,0.68530726
271.63998,-2070.8882,-20.651823,0.045777034
271.66,-2085.31,-2.2249672,-0.2739881
271.68,-2085.31,-17.286919,0.36554214
271.69998,-2056.4663,-25.298595,-0.114105515
271.72,-2066.0808,17.483759,0.20565958
271.74,-2008.3937,-11.358279,0.045777034
271.75998,-2061.2737,-9.916177,-0.2739881
271.78,-2056.4663,14.439322,0.20565958
271.8,-2066.0808,1.3001705,-0.114105515
271.82,-2066.0808,30.783146,0.045777034
271.84,-2099.7317,9.472081,0.20565958
271.86,-2080.503,-9.59571,0.36554214
271.88,-2099.7317,12.196053,0.8451898
271.9,-2118.961,-12.640147,0.045777034
271.91998,-2109.3464,-9.275244,0.20565958
271.94,-2090.1172,-7.192207,0.20565958
271.96,-2037.2372,9.792548,0.36554214
271.97998,-2075.6953,16.362125,-0.114105515
272.0,-2085.31,-55.262257,-0.114105515
272.02,-2147.8047,38.95506,0.8451898
272.04,-2066.0808,-12.800381,0.20565958
272.06,-2085.31,2.4218054,0.045777034
272.08,-2085.31,-8.313842,-0.2739881
272.1,-2094.9246,0.81947,0.045777034
272.12,-2104.5393,-16.485752,0.5254247
272.13998,-2070.8882,-3.026135,-0.114105515
272.16,-2118.961,-2.7056682,0.20565958
272.18,-2080.503,5.78671,-0.114105515
272.19998,-2070.8882,5.9469438,-0.4338706
272.22,-2157.4192,20.68843,0.5254247
272.24,-2032.43,8.190214,0.045777034
272.25998,-2114.1536,17.483759,-0.114105515
272.28,-2114.1536,-3.5068357,0.5254247
272.3,-2109.3464,0.9797035,0.20565958
272.32,-2128.5757,3.2229733,-0.114105515
272.34,-2051.659,-5.589872,0.045777034
272.36,-2075.6953,6.4276443,-0.114105515
272.38,-2133.3828,19.086096,0.20565958
272.4,-2061.2737,-26.42023,-0.59375316
272.41998,-2090.1172,0.9797035,0.045777034
272.44,-2090.1172,26.296606,0.5254247
272.46,-2070.8882,24.854506,0.045777034
272.47998,-2056.4663,16.041658,0.045777034
272.5,-2099.7317,-9.755944,-0.2739881
272.52,-2104.5393,-23.69626,0.045777034
272.54,-2080.503,0.17853576,0.045777034
272.56,-2046.8518,-0.14193134,0.045777034
272.58,-2118.961,6.7481112,0.045777034
272.6,-2090.1172,-11.518513,0.5254247
272.62,-2090.1172,-6.711507,0.20565958
272.63998,-2123.768,-6.711507,-0.114105515
272.66,-2099.7317,15.080256,0.20565958
272.68,-2080.503,-10.236644,-0.114105515
272.69998,-2090.1172,-7.833141,0.20565958
272.72,-2123.768,-20.651823,0.36554214
272.74,-2094.9246,-12.479914,0.5254247
272.75998,-2027.6226,-36.835407,0.20565958
272.78,-2080.503,-2.2249672,0.20565958
272.8,-2123.768,-1.4237996,-0.4338706
272.82,-2167.0337,13.638155,0.5254247
272.84,-2085.31,29.501278,-0.4338706
272.86,-2094.9246,27.898943,-0.114105515
272.88,-2142.9973,22.931702,-0.4338706
272.9,-2094.9246,37.352726,0.045777034
272.91998,-2128.5757,3.5434403,-0.114105515
272.94,-2104.5393,-39.559376,0.20565958
272.96,-2099.7317,-9.755944,-0.59375316
272.97998,-2109.3464,6.2674108,-0.114105515
273.0,-2051.659,-45.32778,-0.2739881
273.02,-2099.7317,-16.325518,-0.4338706
273.04,-2099.7317,-31.707935,-0.2739881
273.06,-2123.768,-3.3466022,-0.2739881
273.08,-2181.4556,-25.138361,-0.59375316
273.1,-2090.1172,-39.559376,-1.0734009
273.12,-2094.9246,-10.236644,-0.2739881
273.13998,-2118.961,-4.3080034,-0.4338706
273.16,-2123.768,14.279089,-0.2739881
273.18,-2157.4192,43.601833,-0.114105515
273.19998,-2094.9246,21.0089,0.5254247
273.22,-2128.5757,9.311849,-0.4338706
273.24,-2128.5757,-17.447153,-0.114105515
273.25998,-2142.9973,22.611235,-0.114105515
273.28,-2090.1172,32.70595,0.045777034
273.3,-2099.7317,35.269688,0.20565958
273.32,-2133.3828,11.394884,-0.114105515
273.34,-2046.8518,-32.82957,-0.59375316
273.36,-2152.612,0.49900287,-0.114105515
273.38,-2167.0337,-4.6284704,-0.4338706
273.4,-2061.2737,-3.3466022,-0.2739881
273.41998,-2099.7317,-2.385201,-0.4338706
273.44,-2128.5757,-8.474075,0.045777034
273.46,-2118.961,-7.352441,0.045777034
273.47998,-2066.0808,12.676753,-0.2739881
273.5,-2090.1172,-0.46239844,0.045777034
273.52,-2109.3464,-12.159447,-0.4338706
273.54,-2133.3828,0.9797035,-0.114105515
273.56,-2104.5393,-5.1091714,-0.2739881
273.58,-2152.612,8.190214,-0.114105515
273.6,-2142.9973,0.33876932,0.20565958
273.62,-2147.8047,17.96446,0.36554214
273.63998,-2123.768,8.02998,0.045777034
273.66,-2128.5757,10.593717,0.36554214
273.68,-2109.3464,-0.30216488,-0.2739881
273.69998,-2104.5393,11.074417,0.20565958
273.72,-2094.9246,1.4604042,-0.114105515
273.74,-2109.3464,-15.364117,0.20565958
273.75998,-2114.1536,-15.844818,-0.4338706
273.78,-2128.5757,-0.7828655,-0.9135183
273.8,-2133.3828,-14.08225,-0.2739881
273.82,-2138.19,8.991381,-0.114105515
273.84,-2133.3828,-27.2214,0.045777034
273.86,-2138.19,7.709513,-0.114105515
273.88,-2118.961,-1.1033326,0.045777034
273.9,-2157.4192,-0.7828655,0.045777034
273.91998,-2152.612,4.504842,0.20565958
273.94,-2142.9973,-6.8717403,0.045777034
273.96,-2123.768,-10.076411,0.045777034
273.97998,-2099.7317,-33.790974,-0.114105515
274.0,-2099.7317,-14.562949,0.36554214
274.02,-2114.1536,9.952783,0.20565958
274.04,-2099.7317,-4.6284704,0.20565958
274.06,-2147.8047,-27.862331,0.20565958
274.08,-2138.19,-28.6635,-0.2739881
274.1,-2128.5757,70.200615,0.20565958
274.12,-2138.19,-22.254158,-0.114105515
274.13998,-2147.8047,-21.933691,-0.2739881
274.16,-2157.4192,11.234652,0.045777034
274.18,-2104.5393,-34.111435,-0.4338706
274.19998,-2104.5393,-19.530188,-0.2739881
274.22,-2051.659,-10.236644,0.36554214
274.24,-2109.3464,-3.5068357,-0.4338706
274.25998,-2109.3464,-12.640147,-0.2739881
274.28,-2162.2263,10.914185,0.045777034
274.3,-2118.961,-17.607388,-0.114105515
274.32,-2181.4556,3.2229733,0.36554214
274.34,-2094.9246,6.4276443,-0.4338706
274.36,-2114.1536,8.02998,0.045777034
274.38,-2109.3464,21.4896,0.045777034
274.4,-2094.9246,2.4218054,-0.114105515
274.41998,-2142.9973,4.6650753,0.5254247
274.44,-2138.19,34.949223,0.68530726
274.46,-2123.768,36.23109,0.36554214
274.47998,-2128.5757,12.99722,0.045777034
274.5,-2152.612,16.682592,0.68530726
274.52,-2118.961,0.6592364,0.045777034
274.54,-2152.612,24.694271,0.20565958
274.56,-2142.9973,6.4276443,-0.114105515
274.58,-2123.768,-2.8659017,0.045777034
274.6,-2128.5757,-30.5863,0.5254247
274.62,-2114.1536,-13.922015,0.045777034
274.63998,-2133.3828,52.414684,0.20565958
274.66,-2128.5757,10.27325,0.20565958
274.68,-2080.503,-12.960614,-0.114105515
274.69998,-2133.3828,-6.711507,-0.114105515
274.72,-2118.961,-20.812057,-0.59375316
274.74,-2147.8047,-8.313842,-0.114105515
274.75998,-2138.19,11.394884,0.045777034
274.78,-2075.6953,-20.812057,0.8451898
274.8,-2109.3464,-8.794542,0.5254247
274.82,-2138.19,20.207731,0.045777034
274.84,-2181.4556,-32.989803,-0.2739881
274.86,-2167.0337,-8.474075,-0.114105515
274.88,-2099.7317,-10.396878,0.5254247
274.9,-2104.5393,-24.17696,0.045777034
274.91998,-2147.8047,4.024141,0.20565958
274.94,-2133.3828,28.860344,0.045777034
274.96,-2128.5757,-7.5126743,-0.114105515
274.97998,-2138.19,5.6264763,-0.114105515
275.0,-2157.4192,7.0685787,-0.114105515
275.02,-2133.3828,43.76207,0.20565958
275.04,-2128.5757,14.920023,-0.114105515
275.06,-2171.841,-3.1863687,-0.7536357
275.08,-2133.3828,-22.574625,-0.114105515
275.1,-2157.4192,-21.132523,-0.4338706
275.12,-2162.2263,20.848665,0.20565958
275.13998,-2142.9973,-1.1033326,-0.114105515
275.16,-2133.3828,3.3832066,0.045777034
275.18,-2061.2737,16.52236,0.20565958
275.19998,-2104.5393,-6.0705724,-0.4338706
275.22,-2176.6484,13.958622,-0.4338706
275.24,-2167.0337,27.418243,-0.114105515
275.25998,-2118.961,-2.0647337,-0.114105515
275.28,-2118.961,-20.331356,-0.59375316
275.3,-2171.841,-31.707935,-0.4338706
275.32,-2133.3828,-26.740696,-0.4338706
275.34,-2142.9973,-3.9875362,-0.2739881
275.36,-2186.263,-6.8717403,-0.114105515
275.38,-2215.1064,3.5434403,0.045777034
275.4,-2090.1172,5.78671,-0.2739881
275.41998,-2138.19,-22.73486,-0.114105515
275.44,-2118.961,10.113016,-0.114105515
275.46,-2123.768,-19.209723,-0.59375316
275.47998,-2167.0337,14.439322,-0.4338706
275.5,-2080.503,38.314125,0.045777034
275.52,-2181.4556,-12.31968,-0.114105515
275.54,-2109.3464,12.51652,-0.9135183
275.56,-2167.0337,-11.358279,-0.114105515
275.58,-2191.07,8.991381,0.36554214
275.6,-2176.6484,-7.5126743,-0.2739881
275.62,-2162.2263,41.839264,0.20565958
275.63998,-2147.8047,16.362125,0.20565958
275.66,-2152.612,-22.574625,0.20565958
275.68,-2157.4192,11.074417,0.20565958
275.69998,-2142.9973,46.96674,0.20565958
275.72,-2157.4192,31.263847,-0.2739881
275.74,-2171.841,-13.120848,0.045777034
275.75998,-2181.4556,-18.729021,0.68530726
275.78,-2142.9973,-6.5512733,0.20565958
275.8,-2133.3828,-20.01089,0.045777034
275.82,-2123.768,-0.30216488,0.045777034
275.84,-2215.1064,-12.479914,-0.114105515
275.86,-2152.612,-4.3080034,0.5254247
275.88,-2181.4556,-4.14777,-0.4338706
275.9,-2162.2263,15.881425,-0.114105515
275.91998,-2147.8047,-7.192207,0.20565958
275.94,-2186.263,-4.948938,0.045777034
275.96,-2142.9973,-31.707935,-0.114105515
275.97998,-2142.9973,-12.159447,0.20565958
276.0,-2176.6484,-14.562949,-0.114105515
276.02,-2133.3828,-9.435476,-0.2739881
276.04,-2147.8047,9.151615,-0.4338706
276.06,-2152.612,-1.1033326,0.20565958
276.08,-2118.961,-5.589872,-0.4338706
276.1,-2142.9973,52.09422,0.5254247
276.12,-2162.2263,-5.910339,-0.114105515
276.13998,-2167.0337,3.2229733,0.045777034
276.16,-2162.2263,-30.906769,-0.114105515
276.18,-2162.2263,-4.948938,-0.114105515
276.19998,-2171.841,-23.21556,0.20565958
276.22,-2142.9973,-16.005053,0.045777034
276.24,-2167.0337,-14.723184,0.20565958
276.25998,-2171.841,-9.916177,-0.114105515
276.28,-2147.8047,2.902506,-0.2739881
276.3,-2152.612,9.151615,0.36554214
276.32,-2128.5757,-4.6284704,0.68530726
276.34,-2138.19,33.026417,0.20565958
276.36,-2157.4192,13.317687,0.5254247
276.38,-2114.1536,40.236927,0.20565958
276.4,-2147.8047,-31.227234,0.045777034
276.41998,-2157.4192,-25.93953,-0.114105515
276.44,-2152.612,-12.479914,-0.4338706
276.46,-2142.9973,11.715352,-0.4338706
276.47998,-2195.8774,40.877865,0.20565958
276.5,-2171.841,2.902506,0.045777034
276.52,-2171.841,-6.8717403,0.045777034
276.54,-2133.3828,-12.640147,-0.2739881
276.56,-2138.19,-20.01089,-0.2739881
276.58,-2186.263,15.080256,0.20565958
276.6,-2152.612,-10.557112,-0.7536357
276.62,-2186.263,-47.89152,0.20565958
276.63998,-2147.8047,-2.2249672,-0.59375316
276.66,-2128.5757,34.148052,0.045777034
276.68,-2167.0337,-20.812057,-0.114105515
276.69998,-2152.612,-25.298595,-0.7536357
276.72,-2205.492,-8.153608,-0.4338706
276.74,-2195.8774,4.024141,-0.114105515
276.75998,-2181.4556,-20.331356,-0.2739881
276.78,-2147.8047,-7.192207,-0.2739881
276.8,-2171.841,-35.874004,-0.4338706
276.82,-2200.6848,31.263847,-0.2739881
276.84,-2162.2263,1.7808713,-0.114105515
276.86,-2186.263,-10.396878,-0.4338706
276.88,-2114.1536,-6.711507,-0.9135183
276.9,-2210.2993,4.184375,-0.59375316
276.91998,-2186.263,10.75395,-0.114105515
276.94,-2186.263,45.20417,-0.4338706
276.96,-2147.8047,11.394884,0.045777034
276.97998,-2162.2263,-7.5126743,0.045777034
277.0,-2210.2993,-6.3910394,-0.2739881
277.02,-2162.2263,23.252169,0.20565958
277.04,-2171.841,37.032257,-0.114105515
277.06,-2147.8047,-4.6284704,0.5254247
277.08,-2118.961,4.825309,0.5254247
277.1,-2186.263,-12.960614,0.045777034
277.12,-2195.8774,-5.1091714,0.045777034
277.13998,-2123.768,42.159733,0.68530726
277.16,-2162.2263,-25.45883,0.20565958
277.18,-2176.6484,21.329365,0.20565958
277.19998,-2142.9973,-14.08225,0.20565958
277.22,-2191.07,-4.14777,0.20565958
277.24,-2186.263,13.958622,0.5254247
277.25998,-2123.768,-1.2635663,-0.2739881
277.28,-2162.2263,-29.464666,0.20565958
277.3,-2176.6484,22.451,-0.114105515
277.32,-2167.0337,13.638155,0.045777034
277.34,-2157.4192,-7.352441,0.20565958
277.36,-2205.492,-6.0705724,-0.114105515
277.38,-2142.9973,-17.76762,0.045777034
277.4,-2094.9246,-0.62263197,-0.2739881
277.41998,-2186.263,5.145776,-0.4338706
277.44,-2176.6484,4.504842,0.045777034
277.46,-2138.19,-21.613226,0.045777034
277.47998,-2176.6484,-1.9045002,-0.2739881
277.5,-2191.07,-16.165285,0.36554214
277.52,-2191.07,-19.530188,0.045777034
277.54,-2147.8047,13.157454,-0.114105515
277.56,-2186.263,24.213572,0.20565958
277.58,-2157.4192,-22.254158,0.045777034
277.6,-2200.6848,-86.18731,0.20565958
277.62,-2162.2263,18.605394,-0.114105515
277.63998,-2104.5393,19.727032,0.20565958
277.66,-2200.6848,23.412403,-0.114105515
277.68,-2181.4556,54.177254,0.045777034
277.69998,-2195.8774,-2.0647337,0.5254247
277.72,-2162.2263,-0.30216488,0.5254247
277.74,-2195.8774,14.439322,0.5254247
277.75998,-2186.263,11.555119,0.045777034
277.78,-2142.9973,0.17853576,-0.2739881
277.8,-2186.263,13.798388,0.045777034
277.82,-2171.841,-29.304434,-0.4338706
277.84,-2171.841,-11.83898,-0.4338706
277.86,-2142.9973,-2.7056682,-0.114105515
277.88,-2191.07,-0.9430991,-0.4338706
277.9,-2167.0337,2.902506,-0.114105515
277.91998,-2195.8774,43.4416,0.5254247
277.94,-2210.2993,-7.0319734,0.20565958
277.96,-2147.8047,-14.562949,0.045777034
277.97998,-2171.841,-29.1442,-0.4338706
278.0,-2181.4556,-54.300858,-0.4338706
278.02,-2142.9973,-21.292757,-0.114105515
278.04,-2128.5757,17.163294,-0.114105515
278.06,-2200.6848,-4.948938,-0.114105515
278.08,-2191.07,-22.574625,-0.4338706
278.1,-2133.3828,20.367966,-0.114105515
278.12,-2162.2263,-0.14193134,0.20565958
278.13998,-2167.0337,-7.192207,-0.114105515
278.16,-2191.07,67.79711,0.045777034
278.18,-2162.2263,5.145776,0.20565958
278.19998,-2171.841,4.184375,-0.4338706
278.22,-2191.07,20.367966,-0.59375316
278.24,-2152.612,-7.993375,-0.2739881
278.25998,-2191.07,-18.729021,-0.114105515
278.28,-2210.2993,6.908345,0.045777034
278.3,-2215.1064,29.501278,-0.2739881
278.32,-2200.6848,10.113016,-0.7536357
278.34,-2176.6484,5.9469438,-0.114105515
278.36,-2191.07,-33.630737,-0.114105515
278.38,-2210.2993,19.246328,-0.4338706
278.4,-2176.6484,57.86263,0.045777034
278.41998,-2157.4192,30.622915,0.20565958
278.44,-2109.3464,10.75395,-0.114105515
278.46,-2142.9973,-10.236644,-0.114105515
278.47998,-2162.2263,-0.9430991,-0.114105515
278.5,-2186.263,34.148052,-0.114105515
278.52,-2210.2993,-1.9045002,-0.114105515
278.54,-2123.768,-20.651823,0.20565958
278.56,-2195.8774,-6.0705724,0.36554214
278.58,-2215.1064,-5.2694044,0.20565958
278.6,-2229.5283,21.9703,0.20565958
278.62,-2162.2263,7.549279,-0.114105515
278.63998,-2224.7212,15.560958,0.5254247
278.66,-2205.492,-13.120848,-0.114105515
278.68,-2152.612,18.124695,0.36554214
278.69998,-2157.4192,-11.037811,-0.114105515
278.72,-2167.0337,-23.21556,-0.114105515
278.74,-2200.6848,-10.557112,0.20565958
278.75998,-2205.492,-11.037811,0.20565958
278.78,-2195.8774,3.2229733,0.045777034
278.8,-2219.9138,13.317687,0.045777034
278.82,-2210.2993,2.4218054,0.20565958
278.84,-2224.7212,7.549279,0.5254247
278.86,-2191.07,-0.46239844,0.36554214
278.88,-2142.9973,13.798388,0.20565958
278.9,-2234.3357,-11.999213,-0.4338706
278.91998,-2205.492,3.5434403,0.045777034
278.94,-2181.4556,-18.408554,0.045777034
278.96,-2210.2993,-14.08225,-0.114105515
278.97998,-2200.6848,-13.601548,0.045777034
279.0,-2191.07,-11.358279,-0.114105515
279.02,-2215.1064,14.759789,0.36554214
279.04,-2229.5283,16.52236,0.045777034
279.06,-2181.4556,-13.281082,0.045777034
279.08,-2224.7212,-28.182798,-0.7536357
279.1,-2104.5393,36.71179,-0.2739881
279.12,-2176.6484,0.6592364,-0.114105515
279.13998,-2181.4556,-16.645985,-0.114105515
279.16,-2243.9502,-40.841244,-0.114105515
279.18,-2167.0337,-11.358279,-0.4338706
279.19998,-2176.6484,-10.877579,-0.2739881
279.22,-2142.9973,-21.773457,-0.114105515
279.24,-2195.8774,24.213572,-0.114105515
279.25998,-2229.5283,-26.580463,-0.4338706
279.28,-2219.9138,-11.358279,-0.114105515
279.3,-2205.492,3.7036738,0.20565958
279.32,-2205.492,-10.076411,-0.114105515
279.34,-2195.8774,-4.14777,-0.2739881
279.36,-2219.9138,-1.1033326,0.20565958
279.38,-2224.7212,10.75395,0.045777034
279.4,-2234.3357,-11.678746,0.045777034
279.41998,-2243.9502,13.317687,0.68530726
279.44,-2152.612,-4.7887044,0.5254247
279.46,-2195.8774,17.643993,-0.4338706
279.47998,-2215.1064,72.443886,0.5254247
279.5,-2181.4556,21.649834,0.5254247
279.52,-2205.492,15.080256,0.36554214
279.54,-2210.2993,4.3446083,-0.2739881
279.56,-2215.1064,-12.960614,0.045777034
279.58,-2162.2263,-5.589872,-0.2739881
279.6,-2167.0337,-6.230806,-0.114105515
279.62,-2152.612,19.406563,0.045777034
279.63998,-2205.492,-30.5863,-0.7536357
279.66,-2200.6848,-6.230806,-0.2739881
279.68,-2210.2993,-27.061165,0.20565958
279.69998,-2229.5283,-13.441315,-0.114105515
279.72,-2171.841,0.018302217,0.20565958
279.74,-2176.6484,-16.485752,0.045777034
279.75998,-2167.0337,1.9411048,-0.59375316
279.78,-2195.8774,-13.922015,-0.4338706
279.8,-2167.0337,-21.132523,-0.7536357
279.82,-2186.263,4.9855423,-0.114105515
279.84,-2210.2993,17.323528,-0.4338706
279.86,-2234.3357,15.080256,0.045777034
279.88,-2162.2263,0.81947,-0.2739881
279.9,-2224.7212,-8.954777,0.045777034
279.91998,-2215.1064,12.196053,0.045777034
279.94,-2200.6848,25.815907,-0.4338706
279.96,-2210.2993,39.275528,0.20565958
279.97998,-2200.6848,-0.30216488,-0.114105515
280.0,-2181.4556,0.6592364,0.045777034
280.02,-2229.5283,-45.808483,0.8451898
280.04,-2171.841,-19.049488,5.3219013
280.06,-2195.8774,-8.634309,6.4410796
280.08,-2162.2263,16.682592,5.002136
280.1,-2205.492,11.555119,2.1242502
280.12,-2248.7576,20.047497,-0.9135183
280.13998,-2205.492,-10.236644,-2.3524613
280.16,-2205.492,-4.468237,-1.2332834
280.18,-2195.8774,4.3446083,0.8451898
280.19998,-2181.4556,2.7422726,3.4033108
280.22,-2138.19,2.5820389,5.002136
280.24,-2152.612,13.157454,5.4817843
280.25998,-2152.612,10.593717,5.3219013
280.28,-2123.768,0.33876932,3.5631933
280.3,-2133.3828,-13.281082,1.9643677
280.32,-2152.612,5.3060093,1.9643677
280.34,-2090.1172,31.263847,2.284133
280.36,-2157.4192,25.976141,3.7230759
280.38,-2090.1172,12.51652,4.6823716
280.4,-2176.6484,5.3060093,5.162019
280.41998,-2138.19,8.190214,5.162019
280.44,-2114.1536,-15.844818,5.4817843
280.46,-2114.1536,-30.265835,5.4817843
280.47998,-2109.3464,-0.7828655,4.362606
280.5,-2138.19,-14.402717,3.5631933
280.52,-2138.19,-27.862331,3.2434282
280.54,-2128.5757,-5.589872,4.5224886
280.56,-2085.31,25.49544,5.641667
280.58,-2099.7317,25.976141,6.4410796
280.6,-2066.0808,-19.530188,6.121314
280.62,-2118.961,34.628754,5.9614315
280.63998,-2128.5757,-17.927853,5.801549
280.66,-2138.19,-41.96288,5.3219013
280.68,-2080.503,-8.794542,5.002136
280.69998,-2123.768,-4.468237,5.3219013
280.72,-2123.768,-15.844818,5.9614315
280.74,-2118.961,4.825309,6.121314
280.75998,-2046.8518,21.0089,6.4410796
280.78,-2118.961,-21.933691,5.9614315
280.8,-2104.5393,11.555119,6.121314
280.82,-2104.5393,13.157454,6.4410796
280.84,-2138.19,10.593717,5.9614315
280.86,-2123.768,8.190214,5.002136
280.88,-2133.3828,-6.230806,5.9614315
280.9,-2138.19,-12.960614,5.641667
280.91998,-2085.31,25.174973,6.4410796
280.94,-2022.8154,10.914185,6.4410796
280.96,-2090.1172,-18.088087,6.600962
280.97998,-2061.2737,-0.7828655,7.0806093
281.0,-2090.1172,2.4218054,6.4410796
281.02,-2133.3828,-6.0705724,5.9614315
281.04,-2051.659,21.0089,6.121314
281.06,-2114.1536,-2.7056682,6.121314
281.08,-2070.8882,18.605394,6.121314
281.1,-2123.768,-30.426067,5.9614315
281.12,-2090.1172,9.311849,6.281197
281.13998,-2142.9973,-9.916177,6.920727
281.16,-2104.5393,29.821747,6.600962
281.18,-2070.8882,-11.518513,6.920727
281.19998,-2118.961,8.510681,7.0806093
281.22,-2123.768,23.412403,6.920727
281.24,-2104.5393,68.598274,7.0806093
281.25998,-2128.5757,18.765629,6.600962
281.28,-2142.9973,13.317687,6.920727
281.3,-2123.768,14.439322,7.0806093
281.32,-2138.19,17.804228,7.2404923
281.34,-2109.3464,17.483759,7.0806093
281.36,-2080.503,3.3832066,7.2404923
281.38,-2123.768,22.931702,7.2404923
281.4,-2133.3828,-5.1091714,6.920727
281.41998,-2109.3464,12.196053,6.920727
281.44,-2051.659,26.777308,7.0806093
281.46,-2109.3464,29.020578,7.2404923
281.47998,-2109.3464,-6.8717403,7.400375
281.5,-2090.1172,-15.203884,7.5602574
281.52,-2123.768,3.7036738,7.5602574
281.54,-2118.961,9.151615,7.8800225
281.56,-2181.4556,5.6264763,7.8800225
281.58,-2118.961,0.018302217,7.5602574
281.6,-2051.659,-0.30216488,7.72014
281.62,-2090.1172,10.914185,8.359671
281.63998,-1979.5498,12.356286,7.5602574
281.66,-2109.3464,-2.385201,7.8800225
281.68,-2094.9246,0.6592364,7.8800225
281.69998,-2085.31,-7.192207,7.8800225
281.72,-2162.2263,16.52236,7.72014
281.74,-2104.5393,-1.5840333,7.0806093
281.75998,-2118.961,-3.827303,8.359671
281.78,-2085.31,-21.292757,8.199788
281.8,-2123.768,-34.27167,7.8800225
281.82,-2085.31,7.8697467,7.5602574
281.84,-2090.1172,5.9469438,7.8800225
281.86,-2128.5757,-15.04365,7.8800225
281.88,-2114.1536,16.041658,8.359671
281.9,-2109.3464,8.831148,8.359671
281.91998,-2080.503,34.308285,8.519552
281.94,-2109.3464,-4.3080034,8.199788
281.96,-2157.4192,-35.71377,8.199788
281.97998,-2090.1172,-13.922015,8.519552
282.0,-2128.5757,-4.14777,8.519552
282.02,-2109.3464,-8.313842,8.679436
282.04,-2118.961,-18.889254,8.359671
282.06,-2080.503,-16.165285,8.359671
282.08,-2085.31,-16.966454,8.519552
282.1,-2142.9973,-19.209723,8.199788
282.12,-2075.6953,0.6592364,8.999201
282.13998,-2099.7317,-9.115009,8.839317
282.16,-2104.5393,0.81947,8.839317
282.18,-2099.7317,-3.6670694,8.839317
282.19998,-2090.1172,6.1071773,8.519552
282.22,-2109.3464,-7.993375,8.359671
282.24,-2037.2372,-20.171124,8.839317
282.25998,-2109.3464,-19.850657,8.999201
282.28,-2118.961,-0.9430991,9.318966
282.3,-2114.1536,34.148052,9.159083
282.32,-2080.503,-0.14193134,8.999201
282.34,-2085.31,8.190214,9.478848
282.36,-2042.0444,-7.192207,9.798614
282.38,-2114.1536,-0.9430991,9.63873
282.4,-2118.961,8.190214,9.478848
282.41998,-2070.8882,0.018302217,9.159083
282.44,-2118.961,-11.678746,8.519552
282.46,-2094.9246,10.113016,9.478848
282.47998,-2104.5393,-36.03424,9.63873
282.5,-2128.5757,22.77147,9.478848
282.52,-2090.1172,-0.14193134,9.63873
282.54,-2109.3464,-32.989803,9.63873
282.56,-2104.5393,1.139937,9.63873
282.58,-2094.9246,11.715352,9.798614
282.6,-2099.7317,24.213572,10.118379
282.62,-2099.7317,24.854506,10.118379
282.63998,-2066.0808,-36.354706,9.63873
282.66,-2104.5393,7.228812,9.478848
282.68,-2147.8047,-6.230806,9.798614
282.69998,-2118.961,3.5434403,10.118379
282.72,-2046.8518,-16.325518,9.958496
282.74,-2123.768,-7.833141,9.958496
282.75998,-2104.5393,5.3060093,10.278261
282.78,-2109.3464,1.7808713,9.798614
282.8,-2070.8882,1.4604042,9.958496
282.82,-2094.9246,-6.711507,10.118379
282.84,-2109.3464,2.1013381,10.598026
282.86,-2167.0337,21.169132,10.118379
282.88,-2104.5393,-3.3466022,10.438144
282.9,-2123.768,-1.1033326,10.278261
282.91998,-2085.31,2.7422726,10.757909
282.94,-2123.768,-5.589872,10.757909
282.96,-2099.7317,-15.04365,10.118379
282.97998,-2080.503,31.424084,10.757909
283.0,-2094.9246,-9.275244,10.757909
283.02,-2085.31,-16.325518,10.598026
283.04,-2094.9246,-14.562949,10.917791
283.06,-2142.9973,26.136374,11.877087
283.08,-2085.31,11.394884,11.237556
283.1,-2046.8518,31.424084,10.757909
283.12,-2090.1172,-23.536026,10.917791
283.13998,-2138.19,13.638155,11.237556
283.16,-2099.7317,11.394884,11.397439
283.18,-2099.7317,29.341045,11.557322
283.19998,-2109.3464,-12.960614,10.757909
283.22,-2046.8518,21.810066,11.077674
283.24,-2157.4192,32.866184,11.717204
283.25998,-2099.7317,9.472081,11.237556
283.28,-2061.2737,42.319965,11.237556
283.3,-2099.7317,3.3832066,11.717204
283.32,-2094.9246,-32.028404,11.717204
283.34,-2070.8882,19.887262,11.397439
283.36,-2104.5393,-22.414392,11.397439
283.38,-2142.9973,39.435764,11.397439
283.4,-2133.3828,-3.9875362,11.877087
283.41998,-2167.0337,-15.364117,11.717204
283.44,-2147.8047,1.3001705,11.717204
283.46,-2099.7317,11.234652,11.397439
283.47998,-2171.841,11.234652,11.717204
283.5,-2186.263,0.9797035,11.557322
283.52,-2171.841,1.7808713,12.036969
283.54,-2224.7212,14.920023,11.557322
283.56,-2248.7576,-11.83898,11.717204
283.58,-2215.1064,14.279089,11.397439
283.6,-2229.5283,6.2674108,11.877087
283.62,-2253.5647,-44.68685,11.397439
283.63998,-2292.023,-9.435476,11.557322
283.66,-2320.8667,3.5434403,11.717204
283.68,-2277.601,-0.46239844,11.717204
283.69998,-2349.7102,22.130533,11.877087
283.72,-2354.5178,-2.385201,11.717204
283.74,-2272.794,9.472081,11.717204
283.75998,-2402.5906,10.593717,11.557322
283.78,-2354.5178,14.439322,12.036969
283.8,-2465.0852,2.261572,12.196852
283.82,-2460.2778,-9.755944,12.036969
283.84,-2532.387,-9.115009,11.397439
283.86,-2508.3506,-24.17696,11.717204
283.88,-2556.4236,1.7808713,12.196852
283.9,-2628.5327,-18.088087,11.717204
283.91998,-2594.8816,-27.061165,11.237556
283.94,-2604.4963,-0.14193134,12.196852
283.96,-2609.3035,18.765629,12.516617
283.97998,-2700.6418,-5.910339,11.877087
284.0,-2671.798,20.68843,12.036969
284.02,-2686.2197,25.335205,12.036969
284.04,-2700.6418,-8.794542,12.036969
284.06,-2691.0273,33.026417,12.036969
284.08,-2743.9072,-16.325518,11.717204
284.1,-2734.2925,25.335205,11.877087
284.12,-2796.7874,17.804228,12.196852
284.13998,-2715.0637,-9.115009,12.036969
284.16,-2787.1729,-18.408554,12.196852
284.18,-2897.7402,-5.429638,12.676499
284.19998,-2878.511,-18.408554,12.356735
284.22,-2888.1255,-9.59571,12.196852
284.24,-2888.1255,-19.530188,12.676499
284.25998,-2916.9692,-11.198046,12.516617
284.28,-2916.9692,16.52236,11.717204
284.3,-2945.813,-3.827303,12.196852
284.32,-2941.0059,15.080256,11.877087
284.34,-2955.4275,20.367966,12.196852
284.36,-3003.5002,2.902506,12.356735
284.38,-2979.4639,-31.227234,12.836382
284.4,-3008.3076,6.1071773,12.996264
284.41998,-3003.5002,21.810066,13.31603
284.44,-3109.2605,-19.049488,12.996264
284.46,-3032.344,15.881425,12.836382
284.47998,-3056.3804,6.1071773,12.996264
284.5,-3094.8384,2.1013381,12.836382
284.52,-3051.573,59.464962,13.31603
284.54,-3070.802,32.22525,13.31603
284.56,-3080.4167,5.466243,12.676499
284.58,-3147.7188,-2.8659017,12.676499
284.6,-3147.7188,29.98198,12.996264
284.62,-3181.3696,20.207731,13.31603
284.63998,-3157.3333,-5.429638,12.996264
284.66,-3200.5986,14.439322,13.156148
284.68,-3239.057,9.792548,12.836382
284.69998,-3205.406,21.169132,13.31603
284.72,-3229.4424,28.860344,13.156148
284.74,-3195.7915,-29.785133,12.996264
284.75998,-3248.6714,1.6206378,13.31603
284.78,-3239.057,-10.396878,12.996264
284.8,-3320.7805,13.958622,13.31603
284.82,-3291.937,-9.275244,12.996264
284.84,-3263.0933,4.6650753,13.156148
284.86,-3296.7441,33.026417,13.795677
284.88,-3330.3953,-30.265835,13.635796
284.9,-3267.9006,13.958622,13.955561
284.91998,-3364.0461,20.68843,14.435208
284.94,-3315.9734,9.151615,14.115442
284.96,-3340.0098,23.893103,14.115442
284.97998,-3320.7805,-2.2249672,13.795677
285.0,-3364.0461,2.902506,13.475913
285.02,-3373.661,-4.468237,13.635796
285.04,-3354.4316,6.7481112,13.635796
285.06,-3364.0461,-18.088087,13.635796
285.08,-3378.468,17.804228,13.635796
285.1,-3397.6973,4.6650753,13.955561
285.12,-3383.2751,-24.016727,13.955561
285.13998,-3431.348,-7.5126743,14.115442
285.16,-3440.9626,-18.568789,13.955561
285.18,-3416.9263,3.8639073,14.115442
285.19998,-3421.7336,-2.385201,13.955561
285.22,-3469.8064,31.584314,13.635796
285.24,-3436.1553,-2.7056682,14.435208
285.25998,-3445.77,-29.624899,13.635796
285.28,-3455.3843,-0.9430991,14.595091
285.3,-3460.192,-9.59571,14.275326
285.32,-3513.0718,9.311849,14.914855
285.34,-3522.6863,-10.396878,15.0747385
285.36,-3508.2646,-15.364117,14.914855
285.38,-3469.8064,-5.7501054,14.914855
285.4,-3508.2646,-5.910339,14.435208
285.41998,-3493.8425,-6.0705724,14.754973
285.44,-3546.7227,15.72119,14.595091
285.46,-3532.301,2.902506,14.595091
285.47998,-3575.5664,-27.541864,14.595091
285.5,-3604.4102,-8.634309,13.795677
285.52,-3546.7227,-15.524351,14.754973
285.54,-3551.53,23.732868,14.914855
285.56,-3623.6392,41.5188,14.435208
285.58,-3580.3738,26.45684,14.754973
285.6,-3599.6028,-16.325518,14.595091
285.62,-3537.1082,-14.242482,14.435208
285.63998,-3604.4102,-7.833141,14.435208
285.66,-3575.5664,5.6264763,14.435208
285.68,-3642.8684,-2.2249672,14.754973
285.69998,-3700.5557,-2.5454345,14.275326
285.72,-3628.4465,-1.1033326,15.234621
285.74,-3642.8684,-13.441315,14.914855
285.75998,-3666.9048,9.632316,15.0747385
285.78,-3714.9775,-1.7442669,14.914855
285.8,-3662.0974,-29.785133,14.914855
285.82,-3681.3264,-0.46239844,15.554386
285.84,-3647.6755,-33.630737,15.554386
285.86,-3623.6392,-4.6284704,15.394504
285.88,-3753.4355,-3.6670694,15.874151
285.9,-3662.0974,33.50712,15.554386
285.91998,-3700.5557,20.528198,15.714269
285.94,-3705.3628,36.71179,15.394504
285.96,-3743.821,-20.651823,15.0747385
285.97998,-3642.8684,36.391323,15.0747385
286.0,-3739.014,3.3832066,15.234621
286.02,-3671.712,-10.877579,14.914855
286.04,-3758.243,16.52236,15.234621
286.06,-3686.1338,31.263847,15.394504
286.08,-3743.821,23.572638,15.0747385
286.1,-3739.014,9.151615,15.874151
286.12,-3753.4355,0.018302217,15.714269
286.13998,-3714.9775,4.024141,15.714269
286.16,-3791.8938,-6.3910394,15.554386
286.18,-3835.1592,2.7422726,16.034033
286.19998,-3825.545,49.21001,15.714269
286.22,-3801.5083,3.2229733,16.3538
286.24,-3839.9666,23.732868,16.034033
286.25998,-3796.7012,9.472081,16.034033
286.28,-3791.8938,2.7422726,16.3538
286.3,-3820.7375,48.24861,16.513681
286.32,-3849.581,0.49900287,16.193916
286.34,-3830.3523,-4.468237,16.3538
286.36,-3883.232,-3.026135,15.874151
286.38,-3859.1958,16.362125,16.513681
286.4,-3940.9197,1.9411048,16.673565
286.41998,-3844.7742,16.52236,16.673565
286.44,-3873.6177,12.356286,16.513681
286.46,-3897.6538,-12.960614,16.034033
286.47998,-3878.425,10.433483,16.513681
286.5,-3854.3884,4.825309,16.3538
286.52,-3926.4978,23.732868,16.673565
286.54,-3921.6904,16.041658,16.513681
286.56,-3907.2686,19.566797,17.792742
286.58,-3912.0757,-2.0647337,16.833447
286.6,-3902.4612,-4.3080034,16.673565
286.62,-3969.7632,30.622915,17.313095
286.63998,-4017.836,9.151615,16.993328
286.66,-3984.185,8.670914,16.833447
286.68,-3945.7266,2.5820389,16.993328
286.69998,-3950.534,9.792548,17.153214
286.72,-4008.2212,26.93754,16.993328
286.74,-3988.9924,-38.437744,16.673565
286.75998,-3988.9924,6.5878778,16.833447
286.78,-4008.2212,6.908345,17.153214
286.8,-4003.4143,-20.331356,17.313095
286.82,-4008.2212,-0.7828655,16.673565
286.84,-4061.1013,-5.910339,16.513681
286.86,-4085.138,3.5434403,16.833447
286.88,-4037.0652,-4.948938,17.153214
286.9,-4070.7158,-2.0647337,17.472977
286.91998,-4075.5232,28.059177,17.472977
286.94,-3979.3777,-8.954777,17.153214
286.96,-4080.3306,12.99722,16.993328
286.97998,-4080.3306,8.350447,17.472977
287.0,-4056.294,4.9855423,17.472977
287.02,-4075.5232,18.124695,17.153214
287.04,-4104.3667,-6.0705724,17.472977
287.06,-4070.7158,0.9797035,17.472977
287.08,-4128.4033,2.7422726,17.792742
287.1,-4109.1743,-2.7056682,16.993328
287.12,-4133.211,6.1071773,17.313095
287.13998,-4104.3667,-12.640147,17.632858
287.16,-4099.5596,-7.993375,17.792742
287.18,-4123.596,9.952783,18.112507
287.19998,-4133.211,4.024141,17.632858
287.22,-4176.476,46.646275,17.632858
287.24,-4186.0903,-0.30216488,17.313095
287.25998,-4195.7056,0.9797035,17.952625
287.28,-4176.476,5.466243,18.112507
287.3,-4152.4395,38.153893,17.952625
287.32,-4214.934,-10.877579,17.792742
287.34,-4200.512,-14.883417,17.952625
287.36,-4243.7783,-28.6635,17.792742
287.38,-4205.32,8.991381,18.112507
287.4,-4234.163,15.24049,17.792742
287.41998,-4229.356,-31.227234,18.27239
287.44,-4243.7783,-0.7828655,17.952625
287.46,-4272.6216,-18.889254,18.592155
287.47998,-4263.007,1.139937,18.112507
287.5,-4301.4653,-8.794542,19.071802
287.52,-4296.6577,13.958622,18.592155
287.54,-4339.9233,-10.236644,18.432272
287.56,-4320.6943,37.51296,18.432272
287.58,-4306.273,-1.2635663,18.432272
287.6,-4301.4653,0.49900287,17.952625
287.62,-4277.4287,29.501278,18.27239
287.63998,-4315.887,3.2229733,18.592155
287.66,-4258.1997,-18.729021,17.952625
287.68,-4330.309,11.394884,18.752039
287.69998,-4378.382,-25.45883,18.27239
287.72,-4354.3457,0.33876932,18.752039
287.74,-4354.3457,-5.429638,18.91192
287.75998,-4402.4185,10.433483,19.071802
287.78,-4387.996,-10.717345,18.91192
287.8,-4402.4185,-2.7056682,18.752039
287.82,-4407.225,3.3832066,18.752039
287.84,-4397.611,7.709513,18.91192
287.86,-4412.0327,-21.292757,18.432272
287.88,-4469.7197,7.228812,18.91192
287.9,-4397.611,-36.514942,18.91192
287.91998,-4412.0327,-9.275244,19.071802
287.94,-4488.949,-16.005053,18.592155
287.96,-4450.491,13.157454,19.39157
287.97998,-4436.069,2.4218054,19.231686
288.0,-4493.7563,-0.46239844,19.871216
288.02,-4450.491,-19.690422,19.55145
288.04,-4440.8765,-16.966454,18.91192
288.06,-4532.2144,-1.4237996,19.071802
288.08,-4503.3706,-7.993375,19.231686
288.1,-4493.7563,-12.800381,19.071802
288.12,-4493.7563,22.290768,19.711332
288.13998,-4493.7563,19.406563,19.871216
288.16,-4512.986,16.682592,19.231686
288.18,-4541.829,19.727032,19.711332
288.19998,-4503.3706,2.902506,19.39157
288.22,-4522.6,10.75395,19.871216
288.24,-4503.3706,12.676753,19.711332
288.25998,-4580.287,-13.601548,19.231686
288.28,-4585.0947,-7.993375,19.231686
288.3,-4565.865,13.798388,19.871216
288.32,-4585.0947,-24.016727,19.711332
288.34,-4657.2036,-20.49159,19.711332
288.36,-4594.709,14.920023,20.19098
288.38,-4609.131,4.3446083,20.19098
288.4,-4575.48,26.136374,20.350864
288.41998,-4589.902,1.139937,19.711332
288.44,-4642.7817,-15.684585,19.711332
288.46,-4613.938,-34.27167,19.711332
288.47998,-4647.5894,-0.14193134,20.510746
288.5,-4748.542,8.190214,20.510746
288.52,-4628.36,-21.613226,20.350864
288.54,-4662.0107,-19.850657,20.350864
288.56,-4700.469,-82.18147,20.031097
288.58,-4681.24,-24.497427,20.350864
288.6,-4705.2764,9.792548,21.150276
288.62,-4662.0107,-31.707935,20.830513
288.63998,-4700.469,-8.313842,20.670628
288.66,-4686.0474,-32.82957,20.510746
288.68,-4686.0474,-0.9430991,20.510746
288.69998,-4719.698,4.6650753,21.31016
288.72,-4700.469,18.605394,20.670628
288.74,-4729.313,-11.198046,20.510746
288.75998,-4830.2656,1.3001705,20.031097
288.78,-4753.349,-14.562949,20.350864
288.8,-4729.313,-4.7887044,20.670628
288.82,-4796.6147,-35.393307,20.670628
288.84,-4777.3857,-8.474075,20.830513
288.86,-4743.735,1.4604042,20.990395
288.88,-4854.3022,-28.022566,20.990395
288.9,-4777.3857,8.02998,21.150276
288.91998,-4825.4585,-28.343033,20.670628
288.94,-4806.2295,12.356286,20.830513
288.96,-4849.4946,-3.9875362,21.150276
288.97998,-4820.651,9.952783,20.670628
289.0,-4811.0366,-3.026135,20.990395
289.02,-4762.964,-39.078674,21.31016
289.04,-4811.0366,-12.800381,20.990395
289.06,-4825.4585,5.3060093,21.31016
289.08,-4815.8438,25.976141,21.94969
289.1,-4859.1094,24.694271,21.470041
289.12,-4820.651,-28.823734,21.629925
289.13998,-4839.8804,-10.877579,21.31016
289.16,-4839.8804,-24.817896,21.470041
289.18,-4897.5674,-15.844818,21.150276
289.19998,-4868.724,-5.589872,21.31016
289.22,-4868.724,-26.740696,21.470041
289.24,-4911.9893,7.8697467,21.31016
289.25998,-4887.953,-12.159447,21.789808
289.28,-4964.8696,-1.2635663,21.789808
289.3,-4936.026,0.33876932,21.470041
289.32,-4940.833,-12.960614,21.150276
289.34,-4887.953,16.20189,22.269455
289.36,-4969.677,-10.717345,22.109571
289.38,-4998.5205,-35.393307,22.269455
289.4,-4926.411,17.00306,21.789808
289.41998,-4936.026,1.4604042,21.31016
289.44,-4974.484,5.78671,22.109571
289.46,-4940.833,-6.711507,22.429338
289.47998,-4998.5205,-11.999213,22.269455
289.5,-4945.64,-2.0647337,22.269455
289.52,-4950.4478,-13.120848,21.789808
289.54,-4863.9165,15.400723,21.94969
289.56,-4988.906,-9.59571,22.109571
289.58,-4984.0986,-1.7442669,22.109571
289.6,-5012.9424,-3.9875362,22.58922
289.62,-4945.64,-10.877579,22.269455
289.63998,-5051.4004,-17.607388,22.908985
289.66,-5027.3643,-43.40498,22.109571
289.68,-4993.713,-26.099764,21.629925
289.69998,-5022.5566,4.3446083,22.429338
289.72,-4988.906,-10.396878,22.269455
289.74,-5075.437,-13.281082,22.429338
289.75998,-5051.4004,-23.21556,22.429338
289.78,-5022.5566,-31.227234,22.749102
289.8,-5137.9316,8.510681,22.908985
289.82,-5061.015,-19.850657,23.068867
289.84,-5080.244,-3.6670694,22.749102
289.86,-5036.9785,-16.325518,22.749102
289.88,-5085.0513,2.7422726,23.22875
289.9,-4984.0986,-2.8659017,23.22875
289.91998,-5061.015,-4.3080034,23.068867
289.94,-5085.0513,3.0627398,22.908985
289.96,-5133.124,-34.59214,22.749102
289.97998,-5085.0513,-10.877579,22.908985
290.0,-5065.822,4.024141,22.749102
290.02,-5104.2803,45.845108,23.548515
290.04,-5070.6294,-21.452991,22.908985
290.06,-5118.702,-12.800381,23.22875
290.08,-5104.2803,-36.354706,23.068867
290.1,-5085.0513,-14.402717,23.068867
290.12,-5157.1606,5.6264763,23.548515
290.13998,-5099.473,-8.954777,23.068867
290.16,-5133.124,-20.01089,22.749102
290.18,-5133.124,9.151615,23.388634
290.19998,-5142.739,-12.960614,23.388634
290.22,-5157.1606,-23.375792,23.388634
290.24,-5133.124,14.1188545,22.749102
290.25998,-5089.8584,6.5878778,23.548515
290.28,-5210.0405,-11.83898,23.388634
290.3,-5166.775,1.139937,23.388634
290.32,-5147.546,-42.603813,23.22875
290.34,-5113.895,2.5820389,22.908985
290.36,-5109.088,3.0627398,23.22875
290.38,-5234.077,-5.429638,24.028164
290.4,-5142.739,-16.005053,23.22875
290.41998,-5075.437,-11.198046,23.708397
290.44,-5080.244,-44.366383,22.749102
290.46,-5099.473,1.9411048,23.22875
290.47998,-5065.822,-36.354706,23.548515
290.5,-5041.7856,-15.844818,23.708397
290.52,-5070.6294,-61.511364,23.708397
290.54,-5056.2075,15.881425,24.50781
290.56,-4950.4478,-2.0647337,23.22875
290.58,-4945.64,6.1071773,23.868282
290.6,-4955.255,-4.468237,23.548515
290.62,-4921.604,-26.90093,24.028164
290.63998,-4945.64,-30.426067,23.868282
290.66,-4878.3384,-3.5068357,24.347929
290.68,-4835.0728,11.715352,24.188046
290.69998,-4719.698,3.5434403,24.347929
290.72,-4787.0,23.572638,24.188046
290.74,-4743.735,-11.518513,24.50781
290.75998,-4748.542,-21.132523,24.188046
290.78,-4695.662,-7.0319734,23.868282
290.8,-4676.4326,-6.5512733,24.667694
290.82,-4657.2036,-15.04365,23.708397
290.84,-4662.0107,-19.690422,23.868282
290.86,-4589.902,1.4604042,23.548515
290.88,-4565.865,-5.7501054,23.708397
290.9,-4537.022,16.041658,24.98746
290.91998,-4561.0586,-13.120848,24.827578
290.94,-4517.7925,5.3060093,24.667694
290.96,-4469.7197,-14.723184,24.50781
290.97998,-4503.3706,-11.83898,23.868282
291.0,-4503.3706,4.6650753,24.347929
291.02,-4440.8765,-9.916177,24.347929
291.04,-4484.1416,19.727032,24.50781
291.06,-4387.996,-13.120848,24.188046
291.08,-4431.2617,-1.4237996,24.028164
291.1,-4383.189,-15.04365,23.868282
291.12,-4359.1523,-12.640147,23.868282
291.13998,-4378.382,-13.761782,24.028164
291.16,-4359.1523,6.7481112,23.868282
291.18,-4325.5015,4.825309,24.028164
291.19998,-4325.5015,4.504842,24.188046
291.22,-4272.6216,-53.659924,24.188046
291.24,-4282.2363,-7.352441,23.708397
291.25998,-4234.163,9.311849,25.14734
291.28,-4277.4287,19.246328,24.347929
291.3,-4243.7783,-4.3080034,23.868282
291.32,-4238.9707,15.24049,23.868282
291.34,-4253.3926,-17.286919,23.868282
291.36,-4224.549,13.477921,24.188046
291.38,-4186.0903,20.848665,23.708397
291.4,-4210.127,-1.5840333,24.98746
291.41998,-4157.247,-4.7887044,24.347929
291.44,-4147.633,4.9855423,24.667694
291.46,-4138.0176,-8.954777,24.667694
291.47998,-4166.8613,5.9469438,24.827578
291.5,-4152.4395,-7.993375,24.50781
291.52,-4037.0652,-24.657661,24.028164
291.54,-4138.0176,-11.678746,24.50781
291.56,-4104.3667,-7.672908,24.028164
291.58,-4109.1743,-7.833141,23.548515
291.6,-4099.5596,4.504842,24.188046
291.62,-4089.945,10.914185,24.50781
291.63998,-4089.945,-39.078674,24.50781
291.66,-3993.7993,1.9411048,25.14734
291.68,-4032.2578,21.0089,24.50781
291.69998,-4022.6433,-20.49159,24.188046
291.72,-4094.7524,10.593717,24.028164
291.74,-4013.0286,-0.30216488,24.347929
291.75998,-3993.7993,-3.3466022,23.868282
291.78,-4017.836,-19.530188,24.188046
291.8,-4056.294,-0.46239844,24.50781
291.82,-3988.9924,18.605394,24.347929
291.84,-3979.3777,10.75395,24.50781
291.86,-3950.534,27.578474,24.667694
291.88,-3979.3777,-2.5454345,24.347929
291.9,-3955.3413,-29.304434,24.188046
291.91998,-3964.9558,-0.46239844,24.028164
291.94,-3912.0757,-25.779295,23.868282
291.96,-3984.185,-15.203884,24.028164
291.97998,-3945.7266,19.406563,23.868282
292.0,-3864.003,-16.485752,24.188046
292.02,-3993.7993,-18.568789,23.708397
292.04,-3892.847,-1.7442669,23.708397
292.06,-3945.7266,-1.7442669,24.827578
292.08,-3902.4612,-8.794542,24.188046
292.1,-3892.847,-11.678746,24.028164
292.12,-3897.6538,-19.530188,24.50781
292.13998,-3820.7375,6.1071773,25.307222
292.16,-3902.4612,-23.536026,24.50781
292.18,-3940.9197,-21.933691,24.188046
292.19998,-3921.6904,4.024141,24.188046
292.22,-3878.425,3.5434403,24.347929
292.24,-3859.1958,23.252169,24.347929
292.25998,-3916.883,-11.198046,23.22875
292.28,-3921.6904,34.949223,23.868282
292.3,-3950.534,2.4218054,24.50781
292.32,-3969.7632,24.373804,24.347929
292.34,-3969.7632,4.184375,24.50781
292.36,-3940.9197,-10.076411,23.868282
292.38,-3964.9558,4.184375,24.347929
292.4,-3950.534,-1.4237996,24.667694
292.41998,-3916.883,-0.30216488,24.667694
292.44,-3897.6538,12.356286,24.188046
292.46,-3955.3413,14.439322,24.827578
292.47998,-3926.4978,-24.657661,23.868282
292.5,-3912.0757,-18.568789,24.028164
292.52,-3873.6177,9.311849,24.347929
292.54,-3936.1123,-24.016727,24.827578
292.56,-3888.0396,-9.275244,24.188046
292.58,-3873.6177,-1.9045002,24.188046
292.6,-3888.0396,-18.408554,24.827578
292.62,-3916.883,-27.38163,24.98746
292.63998,-3883.232,-22.73486,24.188046
292.66,-3897.6538,-13.281082,25.14734
292.68,-3902.4612,-20.331356,24.188046
292.69998,-3892.847,5.6264763,24.827578
292.72,-3873.6177,25.335205,25.307222
292.74,-3902.4612,-35.393307,24.188046
292.75998,-3892.847,-28.343033,24.98746
292.78,-3964.9558,26.136374,24.98746
292.8,-3787.0864,37.19249,25.14734
292.82,-3864.003,17.804228,25.467108
292.84,-3873.6177,-10.236644,24.98746
292.86,-3830.3523,1.3001705,24.50781
292.88,-3835.1592,-13.601548,24.188046
292.9,-3825.545,12.196053,25.14734
292.91998,-3844.7742,-12.800381,24.827578
292.94,-3897.6538,-4.468237,25.14734
292.96,-3835.1592,-10.396878,24.98746
292.97998,-3801.5083,11.074417,24.667694
293.0,-3801.5083,-5.1091714,24.50781
293.02,-3796.7012,-2.2249672,24.98746
293.04,-3830.3523,-27.862331,24.347929
293.06,-3796.7012,-22.574625,24.827578
293.08,-3960.1484,-26.90093,24.827578
293.1,-3830.3523,1.9411048,24.98746
293.12,-3844.7742,-17.126686,24.827578
293.13998,-3820.7375,12.51652,24.827578
293.16,-3854.3884,-27.541864,24.98746
293.18,-3811.123,-16.966454,24.827578
293.19998,-3815.9304,-5.589872,25.14734
293.22,-3839.9666,-22.093925,25.467108
293.24,-3782.2795,6.2674108,25.467108
293.25998,-3835.1592,4.504842,25.467108
293.28,-3888.0396,-21.132523,24.98746
293.3,-3801.5083,-21.292757,26.586285
293.32,-3609.2173,-25.45883,24.827578
293.34,-3782.2795,5.3060093,25.786871
293.36,-3791.8938,-1.5840333,25.62699
293.38,-3782.2795,-15.203884,25.62699
293.4,-3753.4355,-5.589872,25.62699
293.41998,-3763.0503,-18.568789,25.62699
293.44,-3767.8577,-15.524351,25.786871
293.46,-3695.7483,-3.5068357,25.946754
293.47998,-3772.6646,16.041658,25.62699
293.5,-3748.6284,6.1071773,26.26652
293.52,-3772.6646,-14.242482,26.106636
293.54,-3782.2795,28.059177,25.62699
293.56,-3739.014,-12.640147,26.26652
293.58,-3767.8577,-21.292757,25.786871
293.6,-3791.8938,-6.5512733,25.786871
293.62,-3690.9412,-16.485752,25.14734
293.63998,-3676.5193,-22.414392,26.106636
293.66,-3714.9775,-11.678746,26.26652
293.68,-3767.8577,-21.292757,26.426403
293.69998,-3758.243,-23.055326,25.786871
293.72,-3729.3994,-11.037811,25.786871
293.74,-3705.3628,6.5878778,26.26652
293.75998,-3714.9775,1.6206378,26.26652
293.78,-3743.821,-7.0319734,25.786871
293.8,-3686.1338,-9.275244,26.746166
293.82,-3739.014,7.549279,26.746166
293.84,-3705.3628,-10.717345,26.426403
293.86,-3652.483,-5.2694044,26.106636
293.88,-3710.1702,-20.972292,25.786871
293.9,-3657.29,-3.6670694,26.26652
293.91998,-3690.9412,12.8369875,26.426403
293.94,-3724.592,3.5434403,27.54558
293.96,-3604.4102,-3.9875362,26.586285
293.97998,-3585.181,20.68843,26.26652
294.0,-3666.9048,-14.723184,26.746166
294.02,-3676.5193,-13.281082,26.426403
294.04,-3772.6646,-16.485752,27.065933
294.06,-3719.7847,-39.559376,26.746166
294.08,-3642.8684,-9.59571,25.946754
294.1,-3719.7847,-8.634309,27.065933
294.12,-3686.1338,5.6264763,27.065933
294.13998,-3657.29,18.445162,26.426403
294.16,-3676.5193,32.22525,26.906052
294.18,-3652.483,-15.524351,27.065933
294.19998,-3695.7483,-1.9045002,27.225815
294.22,-3671.712,-14.883417,27.225815
294.24,-3638.0608,3.8639073,27.225815
294.25998,-3676.5193,6.5878778,27.065933
294.28,-3657.29,2.902506,27.225815
294.3,-3633.2537,-36.354706,27.54558
294.32,-3657.29,-14.562949,27.705463
294.34,-3609.2173,14.439322,26.906052
294.36,-3666.9048,-3.1863687,27.705463
294.38,-3657.29,-24.497427,27.225815
294.4,-3638.0608,-2.385201,28.344994
294.41998,-3642.8684,-18.889254,27.705463
294.44,-3647.6755,-0.9430991,28.025229
294.46,-3681.3264,-6.230806,27.54558
294.47998,-3638.0608,-10.236644,27.385698
294.5,-3618.832,-18.248322,27.385698
294.52,-3628.4465,-10.557112,27.54558
294.54,-3671.712,6.908345,27.385698
294.56,-3642.8684,-27.061165,27.385698
294.58,-3594.7957,13.157454,27.385698
294.6,-3638.0608,-11.999213,27.385698
294.62,-3609.2173,-32.989803,27.225815
294.63998,-3599.6028,-11.198046,27.54558
294.66,-3604.4102,-6.230806,28.025229
294.68,-3599.6028,-21.613226,27.865347
294.69998,-3546.7227,-3.827303,27.54558
294.72,-3623.6392,-32.34887,28.025229
294.74,-3570.759,17.643993,27.865347
294.75998,-3604.4102,-11.358279,27.865347
294.78,-3594.7957,-28.182798,28.025229
294.8,-3585.181,-17.927853,27.865347
294.82,-3556.3374,-5.429638,28.025229
294.84,-3604.4102,-23.055326,28.18511
294.86,-3609.2173,-0.7828655,28.18511
294.88,-3532.301,-1.5840333,28.664759
294.9,-3570.759,-21.933691,28.18511
294.91998,-3599.6028,-25.93953,27.865347
294.94,-3575.5664,-18.729021,27.705463
294.96,-3565.9517,-21.613226,28.025229
294.97998,-3551.53,-27.702099,27.865347
295.0,-3570.759,6.7481112,28.824642
295.02,-3517.879,-71.44584,27.865347
295.04,-3570.759,3.2229733,28.025229
295.06,-3561.1445,-16.325518,28.18511
295.08,-3517.879,0.9797035,28.344994
295.1,-3575.5664,-27.862331,28.025229
295.12,-3570.759,-4.948938,28.504877
295.13998,-3561.1445,-11.999213,28.344994
295.16,-3517.879,-2.2249672,28.18511
295.18,-3575.5664,34.148052,28.18511
295.19998,-3522.6863,-9.916177,28.18511
295.22,-3513.0718,40.397163,27.865347
295.24,-3551.53,-23.055326,28.504877
295.25998,-3551.53,-17.286919,28.344994
295.28,-3479.4207,4.024141,29.304289
295.3,-3522.6863,-28.6635,28.984524
295.32,-3513.0718,-19.369957,28.344994
295.34,-3460.192,-37.636574,27.705463
295.36,-3561.1445,-12.960614,28.18511
295.38,-3532.301,-27.38163,27.865347
295.4,-3513.0718,20.207731,27.865347
295.41998,-3532.301,-29.304434,28.18511
295.44,-3565.9517,-0.62263197,28.344994
295.46,-3503.4573,-27.702099,28.344994
295.47998,-3556.3374,-32.34887,28.664759
295.5,-3551.53,-30.906769,28.984524
295.52,-3517.879,4.3446083,28.824642
295.54,-3517.879,-11.518513,29.304289
295.56,-3407.3115,9.792548,28.824642
295.58,-3498.65,-25.298595,29.464172
295.6,-3508.2646,6.5878778,28.984524
295.62,-3561.1445,-41.642414,29.304289
295.63998,-3513.0718,-2.385201,29.144405
295.66,-3565.9517,20.207731,29.464172
295.68,-3522.6863,-7.833141,29.144405
295.69998,-3541.9153,-14.562949,29.144405
295.72,-3508.2646,-33.790974,30.103703
295.74,-3489.0354,-13.281082,28.984524
295.75998,-3517.879,18.284927,29.304289
295.78,-3474.6135,-25.619062,29.94382
295.8,-3460.192,5.78671,28.824642
295.82,-3513.0718,-14.562949,28.984524
295.84,-3489.0354,-13.761782,29.144405
295.86,-3551.53,-22.73486,29.783936
295.88,-3489.0354,-9.755944,29.144405
295.9,-3489.0354,-2.7056682,29.144405
295.91998,-3484.2283,18.765629,29.144405
295.94,-3498.65,22.931702,29.624054
295.96,-3450.5771,-14.402717,29.304289
295.97998,-3479.4207,-61.030663,29.624054
296.0,-3392.89,16.842825,29.624054
296.02,-3474.6135,-37.636574,29.783936
296.04,-3445.77,-11.83898,29.144405
296.06,-3522.6863,-7.993375,30.103703
296.08,-3445.77,2.1013381,29.464172
296.1,-3464.999,-23.69626,30.103703
296.12,-3455.3843,-1.5840333,29.783936
296.13998,-3484.2283,-7.192207,29.624054
296.16,-3455.3843,-24.17696,30.103703
296.18,-3455.3843,7.549279,29.624054
296.19998,-3460.192,17.804228,29.94382
296.22,-3445.77,-55.742958,29.464172
296.24,-3479.4207,-20.972292,29.783936
296.25998,-3455.3843,-11.037811,30.103703
296.28,-3431.348,-9.916177,29.464172
296.3,-3407.3115,3.5434403,29.94382
296.32,-3421.7336,-23.21556,30.103703
296.34,-3469.8064,-10.236644,29.464172
296.36,-3460.192,-16.325518,29.624054
296.38,-3407.3115,-32.82957,29.624054
296.4,-3426.5408,22.931702,30.263584
296.41998,-3450.5771,-40.52078,30.423468
296.44,-3426.5408,-38.27751,30.103703
296.46,-3440.9626,-15.684585,30.263584
296.47998,-3436.1553,-25.298595,30.263584
296.5,-3455.3843,-18.729021,30.103703
296.52,-3383.2751,3.3832066,30.58335
296.54,-3426.5408,13.798388,30.58335
296.56,-3464.999,-2.8659017,30.103703
296.58,-3421.7336,-16.165285,30.103703
296.6,-3416.9263,-3.827303,30.103703
296.62,-3407.3115,-36.03424,29.94382
296.63998,-3416.9263,-17.286919,30.743233
296.66,-3407.3115,-8.153608,31.382761
296.68,-3460.192,-7.5126743,30.58335
296.69998,-3368.8535,-22.414392,30.903116
296.72,-3383.2751,-33.790974,30.743233
296.74,-3407.3115,0.018302217,31.062998
296.75998,-3397.6973,-33.630737,30.58335
296.78,-3402.5044,-37.155872,30.103703
296.8,-3392.89,-6.0705724,31.062998
296.82,-3368.8535,-14.242482,30.103703
296.84,-3359.2388,-27.2214,30.903116
296.86,-3402.5044,-11.678746,30.743233
296.88,-3340.0098,-2.7056682,30.263584
296.9,-3445.77,39.275528,31.382761
296.91998,-3359.2388,-34.111435,31.382761
296.94,-3364.0461,-3.827303,30.903116
296.96,-3373.661,-27.862331,30.743233
296.97998,-3349.6245,-40.841244,30.263584
297.0,-3383.2751,3.7036738,31.22288
297.02,-3407.3115,-31.067003,30.743233
297.04,-3364.0461,-23.69626,30.903116
297.06,-3388.0825,-34.752373,31.062998
297.08,-3368.8535,-31.547703,30.423468
297.1,-3364.0461,-3.1863687,31.22288
297.12,-3373.661,9.311849,30.903116
297.13998,-3368.8535,31.744547,31.382761
297.16,-3349.6245,-5.1091714,30.903116
297.18,-3373.661,-3.5068357,31.382761
297.19998,-3373.661,-0.9430991,31.862411
297.22,-3354.4316,-8.153608,31.062998
297.24,-3311.166,-23.536026,30.903116
297.25998,-3364.0461,-9.755944,31.542645
297.28,-3388.0825,-32.669334,31.062998
297.3,-3402.5044,23.893103,31.70253
297.32,-3354.4316,-21.773457,31.382761
297.34,-3301.5518,-8.634309,31.22288
297.36,-3330.3953,-2.7056682,31.22288
297.38,-3368.8535,-23.21556,31.22288
297.4,-3373.661,-18.248322,31.542645
297.41998,-3301.5518,-58.14646,31.22288
297.44,-3354.4316,-33.310272,31.862411
297.46,-3320.7805,-8.954777,31.382761
297.47998,-3364.0461,-32.989803,31.70253
297.5,-3364.0461,10.113016,31.542645
297.52,-3354.4316,-8.313842,31.862411
297.54,-3368.8535,-46.930115,31.542645
297.56,-3364.0461,5.78671,31.542645
297.58,-3364.0461,-20.972292,31.22288
297.6,-3340.0098,-4.14777,32.022293
297.62,-3330.3953,-9.115009,31.862411
297.63998,-3287.1296,-21.613226,31.862411
297.66,-3330.3953,-27.702099,31.862411
297.68,-3301.5518,-20.972292,32.182175
297.69998,-3277.5151,-6.711507,32.022293
297.72,-3311.166,-10.076411,31.382761
297.74,-3306.359,26.777308,31.70253
297.75998,-3311.166,10.113016,32.182175
297.78,-3311.166,-10.877579,32.342056
297.8,-3267.9006,-7.993375,31.70253
297.82,-3330.3953,-8.313842,32.501938
297.84,-3340.0098,12.196053,31.862411
297.86,-3349.6245,-6.8717403,32.342056
297.88,-3325.5881,-32.82957,32.182175
297.9,-3311.166,-20.651823,32.342056
297.91998,-3330.3953,-22.093925,31.542645
297.94,-3335.2024,-3.827303,32.342056
297.96,-3325.5881,-46.289185,32.182175
297.97998,-3267.9006,-28.022566,32.022293
298.0,-3315.9734,6.2674108,32.661827
298.02,-3315.9734,-41.00148,31.862411
298.04,-3311.166,-2.8659017,32.182175
298.06,-3340.0098,2.902506,32.661827
298.08,-3301.5518,8.510681,32.342056
298.1,-3296.7441,13.157454,32.501938
298.12,-3306.359,-8.474075,32.82171
298.13998,-3282.3225,9.311849,32.98159
298.16,-3296.7441,-11.999213,33.14147
298.18,-3364.0461,25.655672,32.98159
298.19998,-3306.359,4.3446083,32.661827
298.22,-3291.937,-41.96288,32.342056
298.24,-3291.937,-0.30216488,32.661827
298.25998,-3325.5881,12.99722,32.501938
298.28,-3243.8643,-9.916177,32.501938
298.3,-3315.9734,-9.275244,32.182175
298.32,-3335.2024,-7.833141,33.301353
298.34,-3315.9734,-11.037811,32.82171
298.36,-3291.937,-11.999213,32.82171
298.38,-3301.5518,-30.265835,32.98159
298.4,-3306.359,5.6264763,32.661827
298.41998,-3234.2498,-18.729021,32.82171
298.44,-3291.937,-20.331356,32.501938
298.46,-3320.7805,5.145776,32.82171
298.47998,-3282.3225,3.7036738,32.98159
298.5,-3315.9734,-8.634309,32.661827
298.52,-3272.7078,14.599556,33.781002
298.54,-3296.7441,8.831148,32.98159
298.56,-3306.359,-40.68101,32.661827
298.58,-3215.0205,22.451,33.461235
298.6,-3282.3225,-15.04365,33.301353
298.62,-3263.0933,-24.016727,32.98159
298.63998,-3291.937,-11.198046,32.661827
298.66,-3296.7441,-7.672908,33.301353
298.68,-3277.5151,-3.1863687,32.98159
298.69998,-3301.5518,-14.562949,33.14147
298.72,-3306.359,-38.75821,32.98159
298.74,-3243.8643,-36.675175,32.82171
298.75998,-3287.1296,26.93754,33.14147
298.78,-3287.1296,-26.259996,33.301353
298.8,-3239.057,-14.723184,33.301353
298.82,-3311.166,6.2674108,33.940884
298.84,-3210.2134,-10.396878,32.98159
298.86,-3315.9734,-5.7501054,33.301353
298.88,-3301.5518,2.5820389,33.301353
298.9,-3311.166,11.875586,33.781002
298.91998,-3315.9734,18.284927,33.14147
298.94,-3267.9006,24.373804,33.62112
298.96,-3287.1296,-4.14777,33.14147
298.97998,-3272.7078,-12.800381,33.301353
299.0,-3253.4788,8.831148,32.82171
299.02,-3263.0933,21.0089,33.461235
299.04,-3263.0933,0.6592364,33.461235
299.06,-3195.7915,-11.198046,33.301353
299.08,-3258.2861,-3.3466022,33.781002
299.1,-3277.5151,-7.192207,33.14147
299.12,-3277.5151,8.350447,33.940884
299.13998,-3263.0933,-31.067003,33.461235
299.16,-3296.7441,5.145776,33.301353
299.18,-3243.8643,-8.474075,32.98159
299.19998,-3248.6714,-28.022566,33.14147
299.22,-3253.4788,-9.755944,33.301353
299.24,-3272.7078,-12.159447,33.461235
299.25998,-3311.166,-10.877579,33.62112
299.28,-3282.3225,-6.230806,33.301353
299.3,-3282.3225,-6.230806,33.62112
299.32,-3277.5151,30.94338,34.420532
299.34,-3219.828,-3.6670694,34.10077
299.36,-3253.4788,-18.088087,33.62112
299.38,-3248.6714,-4.468237,33.940884
299.4,-3219.828,-7.993375,34.10077
299.41998,-3234.2498,-5.7501054,33.62112
299.44,-3234.2498,-24.17696,33.461235
299.46,-3263.0933,16.20189,33.781002
299.47998,-3277.5151,-1.5840333,34.420532
299.5,-3234.2498,-19.690422,33.62112
299.52,-3267.9006,0.81947,34.10077
299.54,-3243.8643,-4.6284704,33.461235
299.56,-3229.4424,-2.385201,33.461235
299.58,-3258.2861,0.49900287,34.26065
299.6,-3229.4424,9.792548,34.26065
299.62,-3210.2134,-50.615486,33.940884
299.63998,-3277.5151,-19.049488,33.62112
299.66,-3258.2861,21.810066,34.26065
299.68,-3239.057,-6.230806,33.781002
299.69998,-3239.057,9.952783,34.10077
299.72,-3267.9006,-23.856495,34.420532
299.74,-3229.4424,-49.974552,33.62112
299.75998,-3291.937,-29.304434,33.781002
299.78,-3296.7441,-20.331356,34.26065
299.8,-3248.6714,-25.298595,33.62112
299.82,-3267.9006,-54.300858,33.461235
299.84,-3277.5151,-11.83898,33.781002
299.86,-3239.057,-9.275244,33.461235
299.88,-3248.6714,1.3001705,34.10077
299.9,-3234.2498,11.074417,34.10077
299.91998,-3200.5986,-42.764046,33.301353
299.94,-3239.057,-17.607388,34.10077
299.96,-3239.057,-28.6635,33.940884
299.97998,-3234.2498,-52.538292,33.940884
300.0,-3219.828,-0.14193134,34.580418
300.02,-3205.406,-8.153608,34.7403
300.04,-3282.3225,-20.812057,34.420532
300.06,-3272.7078,-1.7442669,34.420532
300.08,-3253.4788,-11.518513,34.420532
300.1,-3239.057,-32.188637,33.940884
300.12,-3234.2498,0.9797035,34.420532
300.13998,-3248.6714,38.95506,35.060062
300.16,-3243.8643,-25.93953,34.7403
300.18,-3219.828,-16.005053,34.7403
300.19998,-3195.7915,-19.530188,34.26065
300.22,-3215.0205,-6.711507,34.420532
300.24,-3215.0205,-39.719612,34.26065
300.25998,-3210.2134,-10.396878,35.219944
300.28,-3272.7078,-1.7442669,35.060062
300.3,-3243.8643,-2.0647337,34.580418
300.32,-3239.057,-12.31968,34.420532
300.34,-3224.635,-21.292757,34.420532
300.36,-3229.4424,24.053337,34.580418
300.38,-3176.5623,29.341045,35.060062
300.4,-3239.057,4.184375,35.060062
300.41998,-3224.635,-7.672908,35.219944
300.44,-3234.2498,5.78671,35.699596
300.46,-3263.0933,-17.286919,35.219944
300.47998,-3239.057,-10.717345,34.90018
300.5,-3210.2134,-8.153608,35.219944
300.52,-3219.828,-27.2214,34.580418
300.53998,-3234.2498,-5.7501054,35.060062
300.56,-3190.9841,13.477921,34.90018
300.58,-3234.2498,-4.6284704,34.90018
300.6,-3234.2498,-5.910339,35.379826
300.62,-3239.057,-24.17696,35.379826
300.63998,-3239.057,-35.874004,35.219944
300.66,-3224.635,4.024141,35.060062
300.68,-3243.8643,-4.3080034,35.219944
300.69998,-3243.8643,-22.574625,34.580418
300.72,-3267.9006,-29.785133,35.859478
300.74,-3263.0933,9.311849,35.699596
300.75998,-3248.6714,-17.76762,35.060062
300.78,-3229.4424,-24.016727,35.379826
300.8,-3253.4788,-3.1863687,35.53971
300.82,-3248.6714,-14.562949,35.060062
300.84,-3210.2134,-5.2694044,35.379826
300.86,-3224.635,-8.954777,35.219944
300.88,-3272.7078,14.599556,35.699596
300.9,-3215.0205,17.483759,35.53971
300.91998,-3277.5151,5.145776,35.53971
300.94,-3243.8643,-30.426067,35.859478
300.96,-3248.6714,1.7808713,35.53971
300.97998,-3219.828,0.9797035,36.01936
301.0,-3239.057,-21.933691,35.379826
301.02,-3118.8748,0.018302217,35.060062
301.03998,-3215.0205,-29.624899,35.219944
301.06,-3219.828,0.49900287,35.060062
301.08,-3200.5986,17.483759,35.699596
301.1,-3248.6714,-2.385201,36.01936
301.12,-3234.2498,-11.198046,35.859478
301.13998,-3234.2498,-7.993375,35.859478
301.16,-3205.406,-37.31611,35.219944
301.18,-3215.0205,-20.49159,35.219944
301.19998,-3195.7915,-36.354706,35.060062
301.22,-3215.0205,17.163294,36.17924
301.24,-3224.635,-33.470505,35.53971
301.25998,-3239.057,-10.717345,35.859478
301.28,-3215.0205,-9.59571,36.17924
301.3,-3215.0205,-14.723184,35.859478
301.32,-3215.0205,-4.3080034,35.859478
301.34,-3219.828,-16.485752,35.859478
301.36,-3219.828,16.20189,35.699596
301.38,-3234.2498,-0.9430991,36.17924
301.4,-3186.1768,-27.38163,36.01936
301.41998,-3229.4424,-16.165285,35.859478
301.44,-3200.5986,2.7422726,36.01936
301.46,-3215.0205,-24.497427,35.53971
301.47998,-3190.9841,-8.954777,35.859478
301.5,-3253.4788,21.9703,36.339123
301.52,-3243.8643,8.991381,36.01936
301.53998,-3229.4424,-7.833141,36.01936
301.56,-3171.7551,5.3060093,36.01936
301.58,-3215.0205,-12.31968,36.339123
301.6,-3248.6714,-17.286919,36.17924
301.62,-3272.7078,34.78899,36.65889
301.63998,-3205.406,14.759789,36.81877
301.66,-3239.057,-21.613226,36.01936
301.68,-3296.7441,-18.408554,36.49901
301.69998,-3200.5986,-13.120848,36.17924
301.72,-3215.0205,-2.8659017,36.339123
301.74,-3195.7915,-38.27751,36.17924
301.75998,-3224.635,-23.21556,36.339123
301.78,-3224.635,-13.281082,36.01936
301.8,-3229.4424,-3.026135,36.49901
301.82,-3190.9841,-13.281082,36.49901
301.84,-3224.635,-9.59571,36.17924
301.86,-3210.2134,8.670914,36.81877
301.88,-3205.406,-41.48218,36.49901
301.9,-3166.9478,-12.31968,36.49901
301.91998,-3104.4531,1.3001705,36.81877
301.94,-3239.057,-13.761782,36.81877
301.96,-3219.828,8.510681,36.81877
301.97998,-3253.4788,-30.426067,36.339123
302.0,-3195.7915,-39.879845,36.339123
302.02,-3219.828,-20.171124,36.339123
302.03998,-3215.0205,-1.1033326,36.65889
302.06,-3171.7551,-36.03424,36.978653
302.08,-3210.2134,-4.7887044,36.65889
302.1,-3239.057,-24.016727,37.13854
302.12,-3258.2861,-10.076411,37.13854
302.13998,-3171.7551,-11.198046,36.81877
302.16,-3234.2498,0.33876932,36.81877
302.18,-3166.9478,5.6264763,36.81877
302.19998,-3224.635,-15.364117,37.13854
302.22,-3186.1768,-18.408554,36.81877
302.24,-3243.8643,-16.80622,37.29842
302.25998,-3176.5623,-24.817896,36.65889
302.28,-3200.5986,13.798388,37.458305
302.3,-3190.9841,-7.5126743,37.13854
302.32,-3267.9006,-57.505527,37.13854
302.34,-3210.2134,5.3060093,37.458305
302.36,-3224.635,-3.6670694,37.458305
302.38,-3243.8643,-10.557112,37.618187
302.4,-3205.406,-55.262257,37.29842
302.41998,-3186.1768,-17.286919,37.93795
302.44,-3138.104,-57.825993,36.81877
302.46,-3200.5986,-9.755944,37.29842
302.47998,-3224.635,-20.651823,37.29842
302.5,-3171.7551,8.670914,37.29842
302.52,-3181.3696,-10.236644,37.458305
302.53998,-3195.7915,-5.2694044,37.77807
302.56,-3219.828,-2.385201,37.93795
302.58,-3205.406,-20.171124,37.13854
302.6,-3152.526,-7.833141,37.13854
302.62,-3181.3696,11.715352,37.458305
302.63998,-3205.406,-17.286919,37.93795
302.66,-3215.0205,-10.717345,37.93795
302.68,-3215.0205,-16.005053,37.458305
302.69998,-3171.7551,18.925863,37.13854
302.72,-3176.5623,-23.055326,37.618187
302.74,-3166.9478,-9.59571,37.77807
302.75998,-3171.7551,-17.607388,37.29842
302.78,-3205.406,2.7422726,37.77807
302.8,-3162.1404,-26.740696,36.978653
302.82,-3162.1404,8.670914,38.257713
302.84,-3195.7915,-31.547703,37.93795
302.86,-3195.7915,22.451,37.77807
302.88,-3166.9478,25.815907,37.77807
302.9,-3200.5986,-20.651823,38.417595
302.91998,-3166.9478,-19.690422,37.93795
302.94,-3142.9114,-26.740696,38.417595
302.96,-3190.9841,-18.568789,38.09783
302.97998,-3162.1404,13.477921,37.77807
303.0,-3123.6824,-26.580463,38.09783
303.02,-3138.104,-25.619062,38.737366
303.03998,-3162.1404,-49.654087,38.09783
303.06,-3215.0205,-11.999213,37.93795
303.08,-3234.2498,4.9855423,38.417595
303.1,-3176.5623,-13.601548,37.93795
303.12,-3133.2969,-16.80622,37.93795
303.13998,-3171.7551,-8.634309,38.57748
303.16,-3171.7551,-8.634309,38.57748
303.18,-3075.6096,-29.945368,38.257713
303.19998,-3171.7551,-25.45883,38.417595
303.22,-3104.4531,7.228812,38.257713
303.24,-3181.3696,4.3446083,38.897247
303.25998,-3176.5623,19.727032,39.05713
303.28,-3142.9114,-20.651823,38.737366
303.3,-3157.3333,-28.6635,38.257713
303.32,-3181.3696,-22.414392,38.57748
303.34,-3215.0205,-2.2249672,38.737366
303.36,-3186.1768,0.6592364,38.897247
303.38,-3229.4424,-30.746534,37.93795
303.4,-3138.104,-8.153608,39.05713
303.41998,-3123.6824,20.047497,38.897247
303.44,-3181.3696,-21.773457,38.57748
303.46,-3186.1768,0.17853576,38.737366
303.47998,-3166.9478,0.49900287,38.57748
303.5,-3200.5986,30.783146,38.897247
303.52,-3147.7188,-7.833141,38.897247
303.53998,-3080.4167,-23.536026,38.897247
303.56,-3176.5623,-26.740696,38.57748
303.58,-3176.5623,7.0685787,38.897247
303.6,-3128.4895,47.607674,39.85654
303.62,-3166.9478,3.0627398,38.57748
303.63998,-3166.9478,-24.657661,38.257713
303.66,-3142.9114,-26.259996,38.09783
303.68,-3162.1404,0.9797035,37.93795
303.69998,-3166.9478,-12.640147,39.05713
303.72,-3157.3333,-12.479914,39.21701
303.74,-3162.1404,-28.983965,38.897247
303.75998,-3186.1768,6.4276443,38.897247
303.78,-3090.0312,-0.14193134,38.897247
303.8,-3176.5623,13.638155,39.05713
303.82,-3152.526,-31.707935,38.417595
303.84,-3224.635,-11.678746,38.897247
303.86,-3157.3333,-4.14777,38.737366
303.88,-3190.9841,28.379642,39.536777
303.9,-3142.9114,-8.153608,38.57748
303.91998,-3142.9114,-24.978128,39.21701
303.94,-3215.0205,-18.889254,39.05713
303.96,-3157.3333,20.047497,38.897247
303.97998,-3219.828,-10.877579,38.897247
304.0,-3152.526,-31.227234,38.737366
304.02,-3166.9478,13.798388,38.737366
304.03998,-3090.0312,-5.2694044,38.57748
304.06,-3147.7188,-11.518513,38.417595
304.08,-3190.9841,0.49900287,39.05713
304.1,-3157.3333,-12.640147,39.05713
304.12,-3166.9478,6.1071773,39.21701
304.13998,-3200.5986,5.9469438,39.21701
304.16,-3200.5986,1.3001705,38.737366
304.18,-3138.104,-16.005053,38.897247
304.19998,-3070.802,20.367966,38.897247
304.22,-3162.1404,-3.3466022,39.05713
304.24,-3152.526,21.0089,39.05713
304.25998,-3142.9114,-17.76762,38.897247
304.28,-3171.7551,-17.286919,38.09783
304.3,-3109.2605,-15.524351,38.417595
304.32,-3162.1404,24.373804,39.05713
304.34,-3166.9478,-9.115009,39.21701
304.36,-3147.7188,-11.83898,39.376892
304.38,-3186.1768,-53.659924,39.05713
304.4,-3142.9114,-63.594402,38.57748
304.41998,-3152.526,-7.352441,39.536777
304.44,-3162.1404,-3.827303,39.376892
304.46,-3138.104,-32.188637,39.376892
304.47998,-3133.2969,-46.449417,39.21701
304.5,-3166.9478,-38.27751,38.897247
304.52,-3171.7551,-13.120848,38.897247
304.53998,-3152.526,21.329365,39.536777
304.56,-3138.104,-20.01089,39.69666
304.58,-3147.7188,-10.076411,39.69666
304.6,-3138.104,-25.138361,39.69666
304.62,-3142.9114,-16.966454,39.376892
304.63998,-3109.2605,-16.005053,39.376892
304.66,-3109.2605,-8.313842,39.69666
304.68,-3142.9114,-25.619062,39.536777
304.69998,-3133.2969,-30.265835,39.21701
304.72,-3123.6824,7.8697467,39.69666
304.74,-3157.3333,-18.408554,40.016422
304.75998,-3147.7188,10.27325,40.176308
304.78,-3128.4895,34.78899,39.376892
304.8,-3157.3333,-23.21556,40.016422
304.82,-3147.7188,-48.85292,39.21701
304.84,-3152.526,-20.171124,39.536777
304.86,-3157.3333,-5.910339,39.85654
304.88,-3138.104,6.1071773,39.69666
304.9,-3128.4895,-5.429638,40.176308
304.91998,-3142.9114,-24.657661,39.85654
304.94,-3133.2969,-19.369957,39.536777
304.96,-3080.4167,-16.005053,39.05713
304.97998,-3133.2969,-20.331356,40.176308
305.0,-3147.7188,-40.841244,39.69666
305.02,-3147.7188,4.6650753,40.176308
305.03998,-3123.6824,2.1013381,40.016422
305.06,-3114.0676,-39.719612,40.496075
305.08,-3085.224,-36.675175,40.33619
305.1,-3123.6824,-16.165285,40.176308
305.12,-3094.8384,6.7481112,39.85654
305.13998,-3133.2969,-11.358279,40.655956
305.16,-3128.4895,22.451,41.295483
305.18,-3114.0676,-41.802643,40.496075
305.19998,-3128.4895,-17.607388,40.33619
305.22,-3147.7188,-2.0647337,40.815838
305.24,-3118.8748,-11.358279,40.176308
305.25998,-3171.7551,-8.153608,40.655956
305.28,-3104.4531,-3.026135,40.97572
305.3,-3166.9478,-31.547703,40.655956
305.32,-3118.8748,19.246328,40.496075
305.34,-3075.6096,-27.2214,40.016422
305.36,-3200.5986,-3.1863687,40.496075
305.38,-3118.8748,6.7481112,40.97572
305.4,-3085.224,-4.14777,41.1356
305.41998,-3114.0676,-5.589872,40.815838
305.44,-3147.7188,-2.385201,40.97572
305.46,-3128.4895,-23.055326,41.1356
305.47998,-3104.4531,-15.844818,40.655956
305.5,-3085.224,-37.79681,40.33619
305.52,-3118.8748,-26.099764,40.815838
305.53998,-3118.8748,-17.76762,40.815838
305.56,-3061.1877,12.676753,40.655956
305.58,-3133.2969,-8.153608,41.1356
305.6,-3123.6824,7.3890457,40.815838
305.62,-3075.6096,-1.7442669,40.815838
305.63998,-3080.4167,-24.657661,40.655956
305.66,-3085.224,-39.719612,39.69666
305.68,-3147.7188,-1.7442669,40.655956
305.69998,-3099.646,-49.173386,40.496075
305.72,-3090.0312,-7.192207,40.815838
305.74,-3056.3804,-13.120848,40.655956
305.75998,-3080.4167,-25.779295,40.655956
305.78,-3138.104,-22.254158,40.97572
305.8,-3094.8384,-36.675175,40.655956
305.82,-3094.8384,-18.889254,40.655956
305.84,-3104.4531,-4.948938,40.655956
305.86,-3075.6096,22.290768,40.815838
305.88,-3104.4531,-16.645985,41.455368
305.9,-3090.0312,-15.524351,41.1356
305.91998,-3128.4895,-47.250584,40.496075
305.94,-3090.0312,-19.850657,40.97572
305.96,-3162.1404,-27.862331,40.815838
305.97998,-3109.2605,19.406563,41.455368
306.0,-3090.0312,-15.684585,40.97572
306.02,-3051.573,-17.927853,41.1356
306.03998,-3090.0312,16.842825,40.815838
306.06,-3061.1877,-14.723184,40.33619
306.08,-3099.646,-4.6284704,40.815838
306.1,-3128.4895,-32.188637,41.295483
306.12,-3104.4531,-49.974552,41.455368
306.13998,-3099.646,-38.27751,40.97572
306.16,-3128.4895,-30.5863,40.815838
306.18,-3133.2969,-6.5512733,40.655956
306.19998,-3041.9585,-21.292757,41.1356
306.22,-3090.0312,-14.242482,41.1356
306.24,-3094.8384,-23.375792,41.455368
306.25998,-3133.2969,5.3060093,41.1356
306.28,-3099.646,-24.17696,41.295483
306.3,-3114.0676,-27.541864,41.61525
306.32,-3065.9949,-32.5091,40.97572
306.34,-3080.4167,-27.541864,41.61525
306.36,-3114.0676,5.3060093,41.935017
306.38,-3046.7656,-1.1033326,41.61525
306.4,-3075.6096,10.27325,41.935017
306.41998,-3046.7656,-21.452991,41.1356
306.44,-3090.0312,15.72119,41.455368
306.46,-3070.802,-7.5126743,41.61525
306.47998,-3070.802,-32.989803,41.1356
306.5,-3118.8748,-21.933691,42.0949
306.52,-3037.1514,-9.755944,41.455368
306.53998,-3075.6096,41.198334,41.935017
306.56,-3094.8384,-3.5068357,41.61525
306.58,-3104.4531,-29.785133,42.0949
306.6,-3017.922,-22.574625,41.61525
306.62,-3118.8748,-6.230806,41.295483
306.63998,-3090.0312,-3.827303,41.455368
306.66,-2993.8857,1.6206378,41.775135
306.68,-3070.802,6.908345,41.61525
306.69998,-3056.3804,-13.120848,41.775135
306.72,-3046.7656,-11.518513,41.935017
306.74,-3109.2605,9.792548,41.935017
306.75998,-3099.646,-11.678746,41.61525
306.78,-3118.8748,-9.435476,41.775135
306.8,-3013.115,16.52236,41.61525
306.82,-3080.4167,-11.83898,41.935017
306.84,-3061.1877,-20.01089,41.935017
306.86,-3075.6096,12.8369875,41.775135
306.88,-3070.802,-15.203884,41.775135
306.9,-3032.344,-13.281082,41.455368
306.91998,-3061.1877,-10.717345,42.0949
306.94,-3085.224,-8.634309,41.61525
306.96,-3056.3804,11.875586,41.455368
306.97998,-3056.3804,-11.678746,42.25478
307.0,-3041.9585,-16.005053,41.775135
307.02,-3041.9585,5.78671,41.61525
307.03998,-3061.1877,-30.426067,41.61525
307.06,-3051.573,4.504842,42.0949
307.08,-3075.6096,-20.49159,41.935017
307.1,-3046.7656,11.555119,42.25478
307.12,-3085.224,-33.310272,41.775135
307.13998,-3056.3804,-0.62263197,41.775135
307.16,-3051.573,-6.711507,41.61525
307.18,-3013.115,-15.684585,41.775135
307.19998,-2945.813,-36.514942,42.25478
307.22,-3061.1877,-14.08225,41.935017
307.24,-3061.1877,-4.948938,42.0949
307.25998,-3065.9949,-29.304434,41.775135
307.28,-3090.0312,-9.755944,42.25478
307.3,-3061.1877,-27.541864,42.0949
307.32,-2998.6929,4.024141,42.414665
307.34,-3065.9949,-3.3466022,42.414665
307.36,-3051.573,0.17853576,42.25478
307.38,-3017.922,-11.999213,42.414665
307.4,-2969.8494,-20.331356,42.25478
307.41998,-3070.802,-24.497427,42.414665
307.44,-3109.2605,-18.729021,42.25478
307.46,-3027.5366,-7.833141,42.414665
307.47998,-3037.1514,-33.150036,42.0949
307.5,-3065.9949,-33.470505,42.0949
307.52,-3022.7292,3.0627398,41.935017
307.53998,-3032.344,-27.061165,41.775135
307.56,-3041.9585,-75.13121,42.0949
307.58,-3065.9949,-31.868172,42.574547
307.6,-3017.922,-15.203884,42.414665
307.62,-2969.8494,-5.589872,42.0949
307.63998,-3041.9585,-4.948938,42.25478
307.66,-3085.224,-18.729021,43.05419
307.68,-3099.646,-69.683266,42.574547
307.69998,-3022.7292,-20.331356,42.0949
307.72,-3032.344,-27.862331,42.25478
307.74,-3065.9949,-37.957043,42.574547
307.75998,-3094.8384,9.632316,42.574547
307.78,-3027.5366,11.394884,42.574547
307.8,-3061.1877,44.72347,42.574547
307.82,-3017.922,-10.076411,42.73443
307.84,-3032.344,13.798388,42.89431
307.86,-3099.646,-33.951202,42.89431
307.88,-2998.6929,7.0685787,42.73443
307.9,-3027.5366,-20.812057,43.214077
307.91998,-3056.3804,-21.132523,42.574547
307.94,-3061.1877,-9.275244,43.373962
307.96,-3027.5366,-40.200314,42.414665
307.97998,-3032.344,-10.557112,42.73443
308.0,-2960.2346,-1.9045002,42.73443
308.02,-3056.3804,-36.03424,42.89431
308.03998,-3022.7292,-9.275244,43.05419
308.06,-3080.4167,8.190214,42.89431
308.08,-3051.573,-54.781555,42.89431
308.1,-3032.344,5.78671,42.414665
308.12,-3051.573,-1.7442669,43.373962
308.13998,-3104.4531,-12.960614,43.05419
308.16,-3032.344,13.317687,43.05419
308.18,-3080.4167,-12.479914,43.373962
308.19998,-3027.5366,0.49900287,43.05419
308.22,-3032.344,-16.80622,43.05419
308.24,-2989.0786,-23.21556,42.414665
308.25998,-3027.5366,-45.32778,42.89431
308.28,-3041.9585,-11.999213,43.05419
308.3,-3027.5366,-45.16755,42.73443
308.32,-3041.9585,-23.21556,42.89431
308.34,-3017.922,-17.286919,42.89431
308.36,-3056.3804,3.5434403,43.05419
308.38,-2993.8857,-21.613226,43.533844
308.4,-3041.9585,-83.46335,43.533844
308.41998,-3008.3076,-22.895092,43.693726
308.44,-2998.6929,-21.933691,43.533844
308.46,-3008.3076,-6.5512733,43.373962
308.47998,-2979.4639,-8.634309,43.533844
308.5,-3008.3076,-60.549965,43.05419
308.52,-3027.5366,-20.171124,43.853607
308.53998,-3041.9585,-30.1056,43.05419
308.56,-2965.0422,-25.138361,43.214077
308.58,-3046.7656,-19.049488,43.214077
308.6,-3046.7656,-29.624899,43.853607
308.62,-3003.5002,-11.999213,43.533844
308.63998,-3008.3076,-14.723184,43.533844
308.66,-2989.0786,-5.429638,43.373962
308.68,-2989.0786,-4.14777,43.693726
308.69998,-3008.3076,-19.049488,44.01349
308.72,-3027.5366,-17.447153,43.693726
308.74,-3008.3076,-36.03424,43.373962
308.75998,-3070.802,-23.375792,43.533844
308.78,-3027.5366,-16.80622,43.373962
308.8,-3022.7292,-22.574625,43.533844
308.82,-3046.7656,41.038097,44.17337
308.84,-3022.7292,-12.159447,43.373962
308.86,-3008.3076,-24.497427,43.373962
308.88,-3022.7292,-14.723184,43.05419
308.9,-3013.115,-25.298595,44.17337
308.91998,-3075.6096,12.676753,44.01349
308.94,-2998.6929,-22.73486,44.812904
308.96,-3008.3076,-10.877579,43.693726
308.97998,-3080.4167,-43.244747,44.01349
309.0,-3003.5002,-22.574625,44.01349
309.02,-2998.6929,-28.983965,43.853607
309.03998,-2969.8494,20.047497,43.853607
309.06,-2993.8857,4.6650753,43.693726
309.08,-3051.573,-15.364117,43.693726
309.1,-3003.5002,-24.978128,43.853607
309.12,-3022.7292,-24.657661,44.01349
309.13998,-3003.5002,-38.597977,44.493137
309.16,-2984.2712,-13.601548,44.17337
309.18,-2984.2712,-3.6670694,44.65302
309.19998,-3041.9585,-9.435476,44.333256
309.22,-2989.0786,-13.761782,44.333256
309.24,-2993.8857,18.765629,43.853607
309.25998,-3013.115,-37.957043,43.693726
309.28,-2931.391,-0.46239844,44.17337
309.3,-3017.922,-5.429638,44.333256
309.32,-3013.115,-10.717345,44.01349
309.34,-2993.8857,3.3832066,44.333256
309.36,-3003.5002,-4.14777,44.493137
309.38,-3003.5002,4.024141,44.17337
309.4,-2921.7766,-17.286919,44.333256
309.41998,-2989.0786,6.908345,44.812904
309.44,-3056.3804,-4.7887044,44.65302
309.46,-2989.0786,-22.414392,44.493137
309.47998,-2989.0786,3.7036738,44.493137
309.5,-3003.5002,-11.518513,44.17337
309.52,-2969.8494,-18.408554,44.17337
309.53998,-2965.0422,3.5434403,44.812904
309.56,-3046.7656,-50.455254,44.65302
309.58,-2993.8857,-62.953465,44.493137
309.6,-2955.4275,-8.954777,44.812904
309.62,-2965.0422,0.49900287,43.853607
309.63998,-2965.0422,-24.657661,43.693726
309.66,-3003.5002,-13.601548,44.493137
309.68,-3003.5002,-3.1863687,45.132668
309.69998,-2965.0422,-0.30216488,44.65302
309.72,-2926.5837,-15.364117,45.132668
309.74,-2993.8857,-9.59571,44.333256
309.75998,-2989.0786,-17.607388,44.972786
309.78,-2969.8494,-20.01089,44.17337
309.8,-2965.0422,-13.120848,44.65302
309.82,-2984.2712,-4.6284704,44.972786
309.84,-3017.922,29.341045,45.452435
309.86,-2984.2712,-22.093925,44.812904
309.88,-2960.2346,-7.352441,44.493137
309.9,-2965.0422,21.329365,44.972786
309.91998,-2993.8857,-9.115009,45.132668
309.94,-2984.2712,4.825309,45.292553
309.96,-2979.4639,-1.9045002,44.972786
309.97998,-2926.5837,0.018302217,45.292553
310.0,-2984.2712,-3.1863687,44.812904
310.02,-2960.2346,3.2229733,44.812904
310.03998,-2926.5837,-27.38163,45.292553
310.06,-2974.6565,-15.203884,44.972786
310.08,-2974.6565,-15.04365,44.65302
310.1,-2965.0422,-30.906769,44.493137
310.12,-3008.3076,-10.236644,44.333256
310.13998,-2936.1982,-9.755944,45.292553
310.16,-2965.0422,-28.503265,44.972786
310.18,-2984.2712,-38.27751,45.292553
310.19998,-2897.7402,-35.874004,45.132668
310.22,-2950.62,-0.62263197,45.292553
310.24,-2897.7402,11.555119,45.292553
310.25998,-2945.813,-4.948938,44.65302
310.28,-2936.1982,-37.636574,44.972786
310.3,-2950.62,-14.723184,45.452435
310.32,-2969.8494,-10.396878,45.132668
310.34,-2960.2346,-15.203884,44.972786
310.36,-2979.4639,12.51652,45.93208
310.38,-2864.089,-13.922015,44.972786
310.4,-2931.391,-24.657661,45.93208
310.41998,-2907.3547,-19.049488,45.612316
310.44,-2931.391,-25.619062,45.292553
310.46,-2974.6565,-12.159447,44.65302
310.47998,-2965.0422,-39.559376,44.812904
310.5,-2936.1982,-4.14777,45.452435
310.52,-2936.1982,-26.580463,45.132668
310.53998,-2960.2346,-25.779295,45.452435
310.56,-2912.1619,-15.04365,44.812904
310.58,-2945.813,-7.833141,45.292553
310.6,-2945.813,-6.5512733,46.09196
310.62,-2950.62,-4.948938,45.93208
310.63998,-2955.4275,-16.966454,45.93208
310.66,-2926.5837,-61.35113,45.452435
310.68,-2979.4639,-30.746534,45.452435
310.69998,-2931.391,-15.203884,44.972786
310.72,-2926.5837,0.33876932,45.772198
310.74,-2998.6929,-9.275244,44.65302
310.75998,-2936.1982,9.472081,44.972786
310.78,-2892.9329,-20.49159,45.452435
310.8,-2916.9692,9.792548,44.812904
310.82,-2955.4275,-0.7828655,45.612316
310.84,-2945.813,2.5820389,45.612316
310.86,-2965.0422,10.433483,45.772198
310.88,-2936.1982,-25.298595,45.612316
310.9,-2950.62,-19.369957,45.772198
310.91998,-2921.7766,-33.630737,45.772198
310.94,-2926.5837,-27.38163,44.972786
310.96,-2921.7766,-24.497427,45.452435
310.97998,-2926.5837,-8.634309,45.612316
311.0,-2936.1982,4.504842,45.93208
311.02,-2921.7766,13.317687,45.612316
311.03998,-2912.1619,-39.879845,45.292553
311.06,-2868.8965,-14.402717,45.612316
311.08,-2825.6309,-2.7056682,45.612316
311.1,-2873.7039,-4.6284704,45.772198
311.12,-2993.8857,-31.868172,45.612316
311.13998,-2916.9692,-39.719612,45.612316
311.16,-2902.5474,-0.9430991,45.612316
311.18,-2921.7766,-27.2214,46.25185
311.19998,-2825.6309,-1.5840333,46.09196
311.22,-2897.7402,-30.265835,46.09196
311.24,-2907.3547,-33.630737,46.09196
311.25998,-2931.391,0.33876932,45.93208
311.28,-2907.3547,-34.752373,45.612316
311.3,-2892.9329,-6.230806,46.25185
311.32,-2950.62,-14.723184,45.772198
311.34,-2912.1619,-30.906769,45.772198
311.36,-2912.1619,-25.93953,46.09196
311.38,-2878.511,1.7808713,46.09196
311.4,-2849.6675,-48.85292,45.772198
311.41998,-2878.511,-3.6670694,46.25185
311.44,-2864.089,-25.45883,46.25185
311.46,-2907.3547,14.759789,46.25185
311.47998,-2883.3184,-28.6635,46.09196
311.5,-2883.3184,-2.385201,45.93208
311.52,-2902.5474,-4.6284704,46.571613
311.53998,-2883.3184,11.394884,46.571613
311.56,-2883.3184,-2.385201,46.891376
311.58,-2859.282,-16.165285,46.571613
311.6,-2902.5474,-52.858753,46.891376
311.62,-2912.1619,-35.55354,46.25185
311.63998,-2897.7402,-17.126686,46.41173
311.66,-2912.1619,15.080256,46.891376
311.68,-2916.9692,-27.541864,46.571613
311.69998,-2926.5837,-23.21556,45.93208
311.72,-2888.1255,-12.640147,45.612316
311.74,-2907.3547,-22.093925,46.09196
311.75998,-2844.86,5.6264763,46.571613
311.78,-2864.089,-4.948938,46.09196
311.8,-2907.3547,8.510681,47.051258
311.82,-2888.1255,-17.447153,46.571613
311.84,-2892.9329,12.356286,46.891376
311.86,-2878.511,-4.468237,46.09196
311.88,-2916.9692,1.139937,46.731495
311.9,-2936.1982,-52.05759,46.731495
311.91998,-2892.9329,-0.14193134,46.731495
311.94,-2892.9329,-14.883417,46.25185
311.96,-2897.7402,-14.723184,46.25185
311.97998,-2897.7402,-24.657661,46.41173
312.0,-2888.1255,-9.435476,46.571613
312.02,-2868.8965,20.367966,46.891376
312.03998,-2892.9329,-12.479914,46.731495
312.06,-2912.1619,18.605394,46.891376
312.08,-2854.4746,-16.966454,46.25185
312.1,-2916.9692,-30.1056,46.731495
312.12,-2878.511,-10.076411,46.25185
312.13998,-2868.8965,-13.281082,47.211143
312.16,-2859.282,-11.999213,46.25185
312.18,-2830.4382,-6.230806,46.25185
312.19998,-2868.8965,19.566797,46.41173
312.22,-2902.5474,5.6264763,46.571613
312.24,-2854.4746,8.02998,46.571613
312.25998,-2960.2346,-75.29144,47.371025
312.28,-2873.7039,-33.310272,47.051258
312.3,-2844.86,-3.5068357,47.211143
312.32,-2912.1619,-37.79681,46.571613
312.34,-2873.7039,-3.827303,46.41173
312.36,-2945.813,-11.358279,46.41173
312.38,-2854.4746,-23.536026,46.731495
312.4,-2902.5474,-17.607388,46.891376
312.41998,-2840.0527,0.49900287,46.731495
312.44,-2892.9329,20.047497,46.25185
312.46,-2897.7402,-14.883417,46.25185
312.47998,-2888.1255,-24.657661,46.731495
312.5,-2878.511,-27.702099,47.211143
312.52,-2835.2456,-28.983965,47.051258
312.53998,-2868.8965,8.670914,46.731495
312.56,-2854.4746,-14.562949,46.41173
312.58,-2878.511,-23.21556,46.41173
312.6,-2849.6675,-8.313842,46.731495
312.62,-2878.511,-27.061165,46.41173
312.63998,-2878.511,-27.061165,46.731495
312.66,-2878.511,-44.366383,46.731495
312.68,-2868.8965,-31.707935,46.731495
312.69998,-2868.8965,-7.672908,47.211143
312.72,-2844.86,-24.17696,47.051258
312.74,-2767.9436,-36.675175,46.571613
312.75998,-2854.4746,-64.23533,46.09196
312.78,-2849.6675,-3.026135,46.571613
312.8,-2849.6675,-2.385201,46.571613
312.82,-2868.8965,6.7481112,46.41173
312.84,-2854.4746,-20.331356,46.25185
312.86,-2844.86,-29.785133,46.25185
312.88,-2892.9329,2.261572,46.891376
312.9,-2849.6675,-32.34887,46.891376
312.91998,-2840.0527,-8.634309,46.891376
312.94,-2830.4382,-21.773457,46.41173
312.96,-2883.3184,-45.64825,47.051258
312.97998,-2859.282,-4.6284704,46.731495
313.0,-2840.0527,-19.049488,47.051258
313.02,-2849.6675,33.827583,47.371025
313.03998,-2859.282,-20.651823,46.891376
313.06,-2873.7039,-28.983965,46.731495
313.08,-2921.7766,-50.455254,46.891376
313.1,-2859.282,-43.40498,46.731495
313.12,-2868.8965,7.709513,46.891376
313.13998,-2825.6309,-41.642414,46.571613
313.16,-2859.282,-26.259996,46.891376
313.18,-2878.511,-9.755944,46.891376
313.19998,-2844.86,-17.286919,46.731495
313.22,-2868.8965,-24.17696,46.41173
313.24,-2820.8237,-11.518513,46.891376
313.25998,-2859.282,-24.817896,46.891376
313.28,-2868.8965,-4.14777,47.051258
313.3,-2840.0527,-2.7056682,46.731495
313.32,-2864.089,-9.59571,47.211143
313.34,-2767.9436,-16.485752,47.051258
313.36,-2859.282,-15.203884,47.211143
313.38,-2844.86,-41.802643,47.211143
313.4,-2816.0164,-8.794542,47.211143
313.41998,-2859.282,-28.022566,47.051258
313.44,-2830.4382,-50.29502,47.051258
313.46,-2868.8965,-56.864594,47.211143
313.47998,-2859.282,-1.4237996,46.891376
313.5,-2787.1729,-19.690422,47.051258
313.52,-2743.9072,-14.08225,47.371025
313.53998,-2844.86,-27.061165,46.731495
313.56,-2825.6309,-21.933691,47.211143
313.58,-2849.6675,-33.951202,46.891376
313.6,-2840.0527,-5.1091714,47.850674
313.62,-2830.4382,-37.957043,47.371025
313.63998,-2782.3655,-16.485752,46.891376
313.66,-2835.2456,-18.248322,47.371025
313.68,-2825.6309,-12.31968,47.371025
313.69998,-2840.0527,-11.037811,47.69079
313.72,-2878.511,-12.31968,47.530907
313.74,-2811.2092,-32.5091,47.530907
313.75998,-2864.089,-32.188637,47.211143
313.78,-2830.4382,66.19477,48.01056
313.8,-2859.282,-15.04365,47.69079
313.82,-2777.558,0.9797035,47.850674
313.84,-2816.0164,-27.702099,47.850674
313.86,-2868.8965,-33.150036,48.17044
313.88,-2907.3547,-16.325518,47.850674
313.9,-2820.8237,-9.115009,47.371025
313.91998,-2791.98,-0.14193134,48.01056
313.94,-2796.7874,-52.538292,47.371025
313.96,-2830.4382,-4.3080034,48.01056
313.97998,-2806.4019,-31.387466,47.69079
314.0,-2825.6309,-28.823734,47.371025
314.02,-2777.558,-22.73486,47.69079
314.03998,-2892.9329,-22.574625,47.850674
314.06,-2859.282,-37.636574,48.17044
314.08,-2787.1729,-6.0705724,48.17044
314.1,-2816.0164,-11.83898,47.371025
314.12,-2782.3655,15.560958,47.530907
314.13998,-2840.0527,18.925863,48.01056
314.16,-2835.2456,-0.30216488,48.490204
314.18,-2801.5945,-19.369957,47.850674
314.19998,-2820.8237,31.744547,48.490204
314.22,-2835.2456,-10.557112,47.530907
314.24,-2873.7039,-7.672908,47.69079
314.25998,-2811.2092,13.958622,48.650085
314.28,-2734.2925,-10.717345,48.809967
314.3,-2816.0164,-59.268093,48.330322
314.32,-2782.3655,-30.906769,47.530907
314.34,-2806.4019,-24.016727,48.17044
314.36,-2816.0164,-9.115009,48.01056
314.38,-2748.7146,-11.678746,48.17044
314.4,-2787.1729,-22.895092,48.01056
314.41998,-2710.256,-16.645985,47.69079
314.44,-2801.5945,-12.800381,48.17044
314.46,-2830.4382,22.77147,48.490204
314.47998,-2811.2092,27.578474,48.17044
314.5,-2772.751,4.9855423,48.17044
314.52,-2743.9072,-31.868172,48.17044
314.53998,-2787.1729,-29.945368,48.17044
314.56,-2811.2092,-20.49159,47.850674
314.58,-2791.98,-17.76762,47.850674
314.6,-2806.4019,-15.203884,48.490204
314.62,-2811.2092,-25.619062,48.969852
314.63998,-2830.4382,-14.562949,48.650085
314.66,-2811.2092,-25.298595,48.330322
314.68,-2844.86,-22.574625,48.17044
314.69998,-2796.7874,-19.690422,48.17044
314.72,-2763.1365,-26.740696,48.330322
314.74,-2820.8237,-16.80622,48.650085
314.75998,-2763.1365,-39.719612,48.490204
314.78,-2787.1729,-8.153608,48.490204
314.8,-2796.7874,27.898943,48.969852
314.82,-2777.558,-34.431904,47.850674
314.84,-2806.4019,-3.1863687,48.17044
314.86,-2767.9436,6.908345,48.01056
314.88,-2825.6309,-32.028404,48.330322
314.9,-2791.98,-32.5091,48.809967
314.91998,-2772.751,2.4218054,48.330322
314.94,-2844.86,-43.084515,47.850674
314.96,-2825.6309,-9.275244,48.490204
314.97998,-2844.86,-14.562949,48.490204
315.0,-2787.1729,-28.022566,48.01056
315.02,-2767.9436,23.572638,48.969852
315.03998,-2811.2092,-36.514942,48.330322
315.06,-2796.7874,-30.426067,48.490204
315.08,-2782.3655,-5.1091714,48.490204
315.1,-2825.6309,-22.254158,48.490204
315.12,-2825.6309,-13.922015,49.129734
315.13998,-2796.7874,-25.45883,48.969852
315.16,-2844.86,-35.874004,48.969852
315.18,-2782.3655,-35.233074,47.850674
315.19998,-2816.0164,-27.702099,48.650085
315.22,-2820.8237,-34.59214,47.850674
315.24,-2816.0164,-28.503265,48.01056
315.25998,-2830.4382,2.1013381,48.490204
315.28,-2830.4382,-11.83898,48.650085
315.3,-2796.7874,4.825309,48.490204
315.32,-2816.0164,15.400723,48.650085
315.34,-2787.1729,-47.250584,47.850674
315.36,-2830.4382,-38.27751,48.490204
315.38,-2820.8237,-20.972292,48.490204
315.4,-2820.8237,-28.6635,48.330322
315.41998,-2777.558,-7.192207,47.850674
315.44,-2806.4019,-13.761782,48.17044
315.46,-2777.558,9.151615,48.490204
315.47998,-2787.1729,-23.856495,47.850674
315.5,-2811.2092,-2.385201,48.490204
315.52,-2767.9436,-10.076411,48.17044
315.53998,-2748.7146,1.9411048,48.490204
315.56,-2787.1729,-11.999213,48.650085
315.58,-2767.9436,-16.966454,49.4495
315.6,-2844.86,-43.40498,48.17044
315.62,-2806.4019,-30.5863,48.330322
315.63998,-2777.558,-46.60965,48.490204
315.66,-2811.2092,-8.634309,48.969852
315.68,-2873.7039,-37.47634,49.129734
315.69998,-2772.751,-22.895092,48.969852
315.72,-2787.1729,-20.331356,48.809967
315.74,-2782.3655,0.6592364,48.809967
315.75998,-2791.98,-35.07284,49.129734
315.78,-2787.1729,-7.192207,49.28962
315.8,-2835.2456,-42.283344,49.28962
315.82,-2782.3655,-20.331356,49.28962
315.84,-2796.7874,-20.651823,49.129734
315.86,-2782.3655,-22.414392,48.650085
315.88,-2796.7874,-20.01089,48.809967
315.9,-2835.2456,-32.34887,48.650085
315.91998,-2787.1729,-15.524351,48.17044
315.94,-2801.5945,-24.817896,48.809967
315.96,-2820.8237,-45.64825,49.129734
315.97998,-2830.4382,-14.402717,48.650085
316.0,-2811.2092,8.670914,48.809967
316.02,-2835.2456,-16.165285,48.969852
316.03998,-2796.7874,0.33876932,49.609383
316.06,-2801.5945,-43.72545,49.609383
316.08,-2758.329,-16.005053,49.4495
316.1,-2796.7874,-21.132523,49.129734
316.12,-2806.4019,-45.808483,49.28962
316.13998,-2772.751,-11.83898,49.129734
316.16,-2753.5217,-41.161713,49.609383
316.18,-2801.5945,-41.48218,49.92915
316.19998,-2811.2092,-33.470505,48.490204
316.22,-2777.558,-16.165285,49.4495
316.24,-2820.8237,-14.242482,49.129734
316.25998,-2763.1365,-20.972292,49.769264
316.28,-2777.558,-25.45883,49.4495
316.3,-2758.329,-38.597977,48.809967
316.32,-2772.751,-4.7887044,48.809967
316.34,-2811.2092,-23.536026,49.28962
316.36,-2787.1729,-30.906769,49.92915
316.38,-2777.558,-21.933691,49.129734
316.4,-2844.86,14.279089,49.769264
316.41998,-2758.329,-47.41082,48.969852
316.44,-2753.5217,-27.862331,49.769264
316.46,-2748.7146,-30.426067,49.4495
316.47998,-2811.2092,-16.005053,49.28962
316.5,-2811.2092,-13.922015,49.609383
316.52,-2763.1365,-10.076411,49.769264
316.53998,-2796.7874,6.2674108,49.129734
316.56,-2767.9436,9.792548,49.28962
316.58,-2811.2092,0.9797035,49.609383
316.6,-2806.4019,-8.153608,49.769264
316.62,-2840.0527,-7.352441,49.28962
316.63998,-2816.0164,1.9411048,49.769264
316.66,-2830.4382,32.065014,49.609383
316.68,-2820.8237,4.9855423,49.609383
316.69998,-2777.558,-28.343033,49.4495
316.72,-2796.7874,-30.746534,49.4495
316.74,-2753.5217,-17.927853,49.28962
316.75998,-2791.98,-6.3910394,49.28962
316.78,-2758.329,-9.755944,49.769264
316.8,-2777.558,-16.966454,48.969852
316.82,-2796.7874,-15.04365,49.4495
316.84,-2777.558,-7.993375,49.129734
316.86,-2782.3655,-15.684585,49.769264
316.88,-2772.751,-17.607388,49.769264
316.9,-2878.511,-16.80622,49.92915
316.91998,-2772.751,-9.916177,49.769264
316.94,-2772.751,-27.2214,49.609383
316.96,-2767.9436,-29.304434,49.609383
316.97998,-2801.5945,-24.978128,49.609383
317.0,-2801.5945,-31.067003,49.4495
317.02,-2763.1365,-10.076411,49.769264
317.03998,-2811.2092,-38.27751,49.28962
317.06,-2801.5945,-27.38163,49.129734
317.08,-2835.2456,-10.396878,49.28962
317.1,-2777.558,-9.916177,50.568676
317.12,-2777.558,-28.503265,49.769264
317.13998,-2825.6309,-10.236644,50.08903
317.16,-2825.6309,-18.729021,50.408794
317.18,-2835.2456,-17.607388,49.769264
317.19998,-2796.7874,-15.844818,49.769264
317.22,-2763.1365,-15.04365,49.92915
317.24,-2734.2925,-92.59665,49.4495
317.25998,-2791.98,-19.049488,50.08903
317.28,-2777.558,-22.73486,50.08903
317.3,-2739.1,-28.343033,49.609383
317.32,-2777.558,-39.559376,49.609383
317.34,-2796.7874,25.49544,49.92915
317.36,-2791.98,14.759789,50.08903
317.38,-2753.5217,-38.91844,50.08903
317.4,-2787.1729,-11.678746,49.92915
317.41998,-2782.3655,-23.69626,49.609383
317.44,-2787.1729,1.139937,49.92915
317.46,-2801.5945,-14.562949,49.769264
317.47998,-2787.1729,-20.651823,49.28962
317.5,-2787.1729,-3.9875362,50.08903
317.52,-2801.5945,-19.690422,49.92915
317.53998,-2811.2092,-39.559376,49.769264
317.56,-2825.6309,9.472081,49.769264
317.58,-2791.98,-1.2635663,49.92915
317.6,-2782.3655,-10.076411,49.92915
317.62,-2700.6418,-21.933691,50.08903
317.63998,-2796.7874,-32.188637,50.08903
317.66,-2772.751,-30.1056,49.92915
317.68,-2787.1729,-8.634309,49.92915
317.69998,-2791.98,19.246328,50.568676
317.72,-2748.7146,-15.364117,50.08903
317.74,-2767.9436,-5.7501054,50.248913
317.75998,-2806.4019,19.566797,50.08903
317.78,-2767.9436,-2.385201,50.408794
317.8,-2777.558,-21.132523,49.28962
317.82,-2777.558,-5.429638,50.72856
317.84,-2753.5217,-41.321945,49.609383
317.86,-2811.2092,-69.8435,50.08903
317.88,-2719.8708,-10.396878,49.92915
317.9,-2777.558,-42.603813,50.08903
317.91998,-2763.1365,-12.640147,50.408794
317.94,-2724.6782,-49.654087,51.04833
317.96,-2758.329,-38.117275,50.08903
317.97998,-2763.1365,-6.0705724,50.408794
318.0,-2820.8237,-1.1033326,51.04833
318.02,-2787.1729,-20.651823,50.08903
318.03998,-2743.9072,-45.968716,51.04833
318.06,-2791.98,-32.5091,50.408794
318.08,-2820.8237,-35.07284,50.568676
318.1,-2767.9436,-23.375792,50.08903
318.12,-2719.8708,-20.01089,50.08903
318.13998,-2816.0164,-16.80622,50.72856
318.16,-2772.751,-11.999213,51.04833
318.18,-2753.5217,-42.764046,50.248913
318.19998,-2753.5217,-43.084515,50.08903
318.22,-2796.7874,-10.396878,50.248913
318.24,-2782.3655,-21.292757,50.248913
318.25998,-2763.1365,-41.802643,50.408794
318.28,-2782.3655,-14.242482,50.568676
318.3,-2758.329,-31.707935,50.568676
318.32,-2734.2925,-29.304434,50.408794
318.34,-2791.98,-26.259996,50.568676
318.36,-2767.9436,9.472081,50.568676
318.38,-2772.751,59.78543,50.72856
318.4,-2758.329,-2.7056682,50.568676
318.41998,-2743.9072,-13.120848,50.568676
318.44,-2767.9436,7.0685787,50.568676
318.46,-2724.6782,-13.922015,51.04833
318.47998,-2748.7146,-28.983965,50.888447
318.5,-2767.9436,-13.120848,50.408794
318.52,-2743.9072,-11.198046,50.08903
318.53998,-2801.5945,-47.09035,50.408794
318.56,-2811.2092,-22.73486,51.04833
318.58,-2758.329,-15.203884,50.888447
318.6,-2734.2925,-40.841244,50.72856
318.62,-2787.1729,-23.536026,50.568676
318.63998,-2787.1729,-23.536026,50.888447
318.66,-2791.98,-4.14777,51.687855
318.68,-2796.7874,-11.358279,50.888447
318.69998,-2772.751,-23.69626,50.248913
318.72,-2806.4019,-30.1056,50.568676
318.74,-2787.1729,0.81947,51.04833
318.75998,-2820.8237,-19.369957,51.04833
318.78,-2830.4382,-34.912605,50.568676
318.8,-2748.7146,-4.6284704,50.568676
318.82,-2825.6309,6.7481112,50.408794
318.84,-2748.7146,-17.76762,50.248913
318.86,-2743.9072,1.4604042,50.08903
318.88,-2777.558,-3.827303,50.568676
318.9,-2705.449,-24.497427,50.72856
318.91998,-2710.256,-9.916177,51.04833
318.94,-2825.6309,-12.159447,50.568676
318.96,-2801.5945,-39.559376,50.408794
318.97998,-2772.751,-7.5126743,50.72856
319.0,-2763.1365,-27.702099,50.08903
319.02,-2739.1,-24.497427,50.888447
319.03998,-2782.3655,-12.31968,51.36809
319.06,-2791.98,-36.675175,50.888447
319.08,-2758.329,-11.999213,50.248913
319.1,-2739.1,-30.265835,50.408794
319.12,-2767.9436,-45.808483,51.36809
319.13998,-2758.329,-20.651823,51.04833
319.16,-2767.9436,-3.6670694,50.72856
319.18,-2816.0164,-30.746534,51.04833
319.19998,-2763.1365,-55.422493,50.72856
319.22,-2777.558,-42.44358,51.20821
319.24,-2820.8237,-41.642414,50.72856
319.25998,-2767.9436,-42.603813,50.568676
319.28,-2782.3655,-36.835407,50.248913
319.3,-2724.6782,-24.337194,50.888447
319.32,-2748.7146,-26.740696,50.408794
319.34,-2739.1,6.2674108,51.04833
319.36,-2734.2925,-17.126686,50.888447
319.38,-2772.751,-3.1863687,50.888447
319.4,-2753.5217,41.5188,51.04833
319.41998,-2700.6418,-29.464666,51.36809
319.44,-2758.329,-29.304434,51.36809
319.46,-2772.751,-35.71377,51.527973
319.47998,-2811.2092,-40.040077,50.72856
319.5,-2791.98,-4.948938,51.20821
319.52,-2758.329,-24.17696,50.72856
319.53998,-2743.9072,-9.755944,50.888447
319.56,-2753.5217,-11.358279,50.568676
319.58,-2811.2092,25.655672,51.04833
319.6,-2767.9436,-10.717345,51.36809
319.62,-2772.751,-16.966454,51.04833
319.63998,-2763.1365,19.727032,50.568676
319.66,-2743.9072,-26.740696,50.72856
319.68,-2782.3655,-25.45883,50.72856
319.69998,-2782.3655,22.611235,50.72856
319.72,-2763.1365,6.2674108,50.72856
319.74,-2777.558,-9.435476,51.20821
319.75998,-2777.558,-2.0647337,50.72856
319.78,-2719.8708,-41.96288,51.04833
319.8,-2715.0637,-9.435476,50.568676
319.82,-2734.2925,9.472081,51.687855
319.84,-2748.7146,-20.331356,50.888447
319.86,-2715.0637,-0.62263197,50.888447
319.88,-2787.1729,-34.111435,50.568676
319.9,-2734.2925,-36.194473,50.568676
319.91998,-2753.5217,0.81947,51.04833
319.94,-2782.3655,-41.96288,50.888447
319.96,-2758.329,-53.179222,50.568676
319.97998,-2753.5217,-30.1056,50.568676
320.0,-2767.9436,-47.731285,50.408794
320.02,-2796.7874,-15.844818,50.72856
320.03998,-2734.2925,-33.310272,50.72856
320.06,-2782.3655,-28.182798,51.84774
320.08,-2729.4854,-32.34887,51.36809
320.1,-2772.751,-20.651823,51.527973
320.12,-2763.1365,-33.790974,51.04833
320.13998,-2758.329,-27.38163,51.04833
320.16,-2642.9543,-22.73486,50.888447
320.18,-2782.3655,-6.711507,51.527973
320.19998,-2739.1,-21.773457,51.36809
320.22,-2652.569,23.412403,51.36809
320.24,-2743.9072,-16.80622,51.36809
320.25998,-2772.751,-14.562949,50.888447
320.28,-2767.9436,-12.960614,51.20821
320.3,-2734.2925,-16.005053,51.687855
320.32,-2739.1,-21.292757,51.04833
320.34,-2662.1833,-28.503265,51.04833
320.36,-2787.1729,-39.559376,51.04833
320.38,-2782.3655,-36.835407,51.36809
320.4,-2830.4382,13.477921,51.36809
320.41998,-2758.329,-2.7056682,50.568676
320.44,-2748.7146,-18.248322,50.888447
320.46,-2753.5217,-6.0705724,51.04833
320.47998,-2695.8345,-11.678746,52.32739
320.5,-2782.3655,1.139937,51.527973
320.52,-2763.1365,-17.126686,51.36809
320.53998,-2753.5217,-9.755944,51.36809
320.56,-2739.1,-19.369957,51.687855
320.58,-2772.751,-16.966454,51.84774
320.6,-2734.2925,-33.790974,52.00762
320.62,-2734.2925,-20.331356,51.527973
320.63998,-2743.9072,-4.948938,51.527973
320.66,-2743.9072,-23.21556,51.36809
320.68,-2729.4854,-18.408554,51.527973
320.69998,-2729.4854,-9.59571,51.36809
320.72,-2715.0637,-3.827303,51.84774
320.74,-2772.751,-22.73486,52.00762
320.75998,-2739.1,-53.980392,52.00762
320.78,-2758.329,-44.045914,51.687855
320.8,-2758.329,-29.1442,51.36809
320.82,-2691.0273,-29.785133,50.72856
320.84,-2782.3655,-55.422493,51.36809
320.86,-2729.4854,-15.364117,51.36809
320.88,-2739.1,16.842825,51.04833
320.9,-2753.5217,-35.874004,51.527973
320.91998,-2705.449,-3.1863687,51.20821
320.94,-2676.6055,51.45328,51.36809
320.96,-2753.5217,-18.408554,51.04833
320.97998,-2743.9072,-37.636574,51.20821
321.0,-2806.4019,5.6264763,51.84774
321.02,-2772.751,-11.358279,51.36809
321.03998,-2724.6782,-17.447153,51.527973
321.06,-2748.7146,-6.0705724,51.36809
321.08,-2700.6418,-49.81432,50.72856
321.1,-2763.1365,-16.645985,51.527973
321.12,-2758.329,-21.132523,51.687855
321.13998,-2734.2925,-19.690422,51.36809
321.16,-2748.7146,-18.408554,51.527973
321.18,-2743.9072,-43.40498,51.20821
321.19998,-2724.6782,-41.321945,51.20821
321.22,-2758.329,-28.022566,51.04833
321.24,-2758.329,-20.812057,51.36809
321.25998,-2777.558,-14.883417,51.527973
321.28,-2777.558,-31.547703,50.888447
321.3,-2787.1729,3.3832066,52.00762
321.32,-2748.7146,-37.957043,51.20821
321.34,-2748.7146,-2.2249672,52.00762
321.36,-2700.6418,-3.9875362,51.687855
321.38,-2787.1729,-83.30311,51.20821
321.4,-2719.8708,-42.764046,51.36809
321.41998,-2753.5217,-37.957043,51.20821
321.44,-2719.8708,-22.574625,51.36809
321.46,-2767.9436,-24.17696,51.20821
321.47998,-2748.7146,-27.061165,51.36809
321.5,-2734.2925,-38.597977,51.04833
321.52,-2715.0637,7.8697467,52.00762
321.53998,-2758.329,-4.3080034,51.687855
321.56,-2705.449,-13.441315,51.687855
321.58,-2811.2092,5.3060093,52.00762
321.6,-2782.3655,-2.385201,52.00762
321.62,-2816.0164,-20.972292,52.167503
321.63998,-2743.9072,-23.69626,51.527973
321.66,-2767.9436,-28.6635,51.687855
321.68,-2753.5217,-33.951202,51.20821
321.69998,-2743.9072,-18.248322,51.84774
321.72,-2729.4854,-16.80622,51.84774
321.74,-2801.5945,-20.972292,51.84774
321.75998,-2729.4854,-50.455254,51.687855
321.78,-2719.8708,-30.906769,51.527973
321.8,-2739.1,-7.833141,51.687855
321.82,-2739.1,-21.132523,52.167503
321.84,-2724.6782,-7.833141,51.687855
321.86,-2748.7146,-39.559376,52.00762
321.88,-2763.1365,-31.547703,51.04833
321.9,-2719.8708,-32.34887,52.00762
321.91998,-2743.9072,-16.80622,51.527973
321.94,-2763.1365,6.2674108,51.687855
321.96,-2719.8708,-7.993375,52.167503
321.97998,-2758.329,-33.310272,51.687855
322.0,-2743.9072,-11.83898,52.48727
322.02,-2705.449,-23.69626,51.84774
322.03998,-2758.329,-54.140625,52.00762
322.06,-2748.7146,-6.0705724,52.32739
322.08,-2743.9072,-9.115009,52.32739
322.1,-2724.6782,-32.669334,52.00762
322.12,-2719.8708,-36.675175,52.167503
322.13998,-2724.6782,-56.383892,52.00762
322.16,-2743.9072,-6.711507,52.167503
322.18,-2734.2925,-2.5454345,51.84774
322.19998,-2700.6418,-57.345295,52.167503
322.22,-2743.9072,-26.740696,52.167503
322.24,-2724.6782,-41.802643,51.84774
322.25998,-2753.5217,-8.313842,51.84774
322.28,-2743.9072,-9.275244,52.167503
322.3,-2724.6782,-13.441315,52.647152
322.32,-2715.0637,-7.993375,51.84774
322.34,-2753.5217,-42.283344,52.32739
322.36,-2777.558,10.113016,52.48727
322.38,-2806.4019,-31.067003,52.32739
322.4,-2772.751,-0.9430991,52.32739
322.41998,-2695.8345,-27.702099,52.32739
322.44,-2710.256,3.3832066,52.647152
322.46,-2705.449,-21.613226,51.84774
322.47998,-2724.6782,9.632316,52.807037
322.5,-2753.5217,-21.933691,52.167503
322.52,-2734.2925,-37.79681,52.00762
322.53998,-2753.5217,-7.993375,52.167503
322.56,-2753.5217,-11.678746,52.48727
322.58,-2710.256,-16.966454,52.167503
322.6,-2796.7874,-38.597977,51.687855
322.62,-2695.8345,-20.812057,52.48727
322.63998,-2743.9072,-5.589872,52.167503
322.66,-2787.1729,-23.69626,52.32739
322.68,-2739.1,-64.5558,51.687855
322.69998,-2719.8708,-15.203884,52.32739
322.72,-2743.9072,-13.120848,52.32739
322.74,-2719.8708,-9.275244,51.84774
322.75998,-2739.1,-16.005053,52.167503
322.78,-2772.751,-20.01089,53.446564
322.8,-2739.1,-48.692684,52.647152
322.82,-2739.1,3.8639073,52.32739
322.84,-2758.329,-23.536026,52.647152
322.86,-2739.1,-26.259996,52.647152
322.88,-2801.5945,-26.740696,52.96692
322.9,-2734.2925,-5.7501054,52.647152
322.91998,-2734.2925,-18.729021,52.167503
322.94,-2767.9436,-9.115009,52.32739
322.96,-2724.6782,-39.559376,52.48727
322.97998,-2710.256,-7.5126743,52.00762
323.0,-2695.8345,-17.607388,52.807037
323.02,-2734.2925,-11.83898,52.807037
323.03998,-2719.8708,-24.016727,52.647152
323.06,-2758.329,-41.161713,52.167503
323.08,-2743.9072,-52.217823,52.32739
323.1,-2715.0637,-34.111435,52.167503
323.12,-2729.4854,-0.9430991,52.647152
323.13998,-2753.5217,-14.08225,52.32739
323.16,-2729.4854,-8.794542,52.48727
323.18,-2787.1729,-29.785133,52.32739
323.19998,-2739.1,-23.856495,52.167503
323.22,-2715.0637,-18.088087,52.167503
323.24,-2633.3398,-30.265835,52.32739
323.25998,-2715.0637,-12.640147,52.48727
323.28,-2719.8708,-45.64825,52.48727
323.3,-2666.9907,-25.779295,52.32739
323.32,-2734.2925,-35.393307,52.167503
323.34,-2729.4854,-35.393307,52.167503
323.36,-2739.1,-17.607388,52.807037
323.38,-2743.9072,-25.138361,52.807037
323.4,-2743.9072,-19.369957,52.647152
323.41998,-2715.0637,-45.968716,52.647152
323.44,-2743.9072,-16.645985,52.647152
323.46,-2724.6782,-8.153608,53.1268
323.47998,-2763.1365,14.279089,52.647152
323.5,-2691.0273,-36.194473,52.48727
323.52,-2743.9072,-35.233074,52.807037
323.53998,-2772.751,-23.375792,52.647152
323.56,-2729.4854,-30.426067,52.647152
323.58,-2686.2197,1.4604042,52.32739
323.6,-2719.8708,-15.684585,52.647152
323.62,-2719.8708,-1.1033326,52.96692
323.63998,-2753.5217,0.9797035,53.1268
323.66,-2758.329,-35.233074,52.647152
323.68,-2724.6782,-21.933691,52.647152
323.69998,-2734.2925,-26.740696,53.446564
323.72,-2724.6782,-15.524351,53.286682
323.74,-2748.7146,-38.597977,52.96692
323.75998,-2787.1729,-49.654087,52.647152
323.78,-2724.6782,-7.0319734,52.647152
323.8,-2748.7146,-16.005053,52.48727
323.82,-2700.6418,-44.366383,52.647152
323.84,-2729.4854,-15.364117,53.1268
323.86,-2715.0637,-22.093925,52.807037
323.88,-2772.751,-26.099764,52.167503
323.9,-2695.8345,-21.292757,52.807037
323.91998,-2734.2925,-45.488014,52.807037
323.94,-2734.2925,-29.1442,52.807037
323.96,-2724.6782,-34.59214,52.48727
323.97998,-2681.4126,-35.233074,52.48727
324.0,-2758.329,-7.833141,52.96692
324.02,-2686.2197,-17.286919,52.96692
324.03998,-2691.0273,-56.383892,52.647152
324.06,-2734.2925,-15.203884,52.48727
324.08,-2715.0637,-24.17696,52.48727
324.1,-2734.2925,-19.530188,53.1268
324.12,-2729.4854,-3.9875362,52.647152
324.13998,-2743.9072,-13.281082,52.807037
324.16,-2710.256,-19.690422,52.48727
324.18,-2705.449,-25.45883,52.48727
324.19998,-2715.0637,-14.883417,52.647152
324.22,-2710.256,-61.35113,52.647152
324.24,-2816.0164,-7.833141,52.96692
324.25998,-2743.9072,-2.5454345,53.446564
324.28,-2666.9907,-30.265835,52.32739
324.3,-2700.6418,2.5820389,53.1268
324.32,-2801.5945,-28.503265,53.286682
324.34,-2724.6782,-18.248322,52.96692
324.36,-2767.9436,3.2229733,53.1268
324.38,-2753.5217,-48.37222,52.96692
324.4,-2715.0637,-10.557112,53.1268
324.41998,-2705.449,7.0685787,53.1268
324.44,-2748.7146,-15.524351,52.96692
324.46,-2748.7146,-6.5512733,52.167503
324.47998,-2748.7146,-39.399143,52.96692
324.5,-2705.449,1.139937,53.446564
324.52,-2724.6782,-0.30216488,53.286682
324.53998,-2671.798,1.3001705,53.1268
324.56,-2705.449,-39.559376,52.48727
324.58,-2729.4854,-28.343033,53.446564
324.6,-2691.0273,-17.927853,53.446564
324.62,-2700.6418,-9.275244,53.1268
324.63998,-2715.0637,-42.44358,52.96692
324.66,-2734.2925,5.3060093,53.1268
324.68,-2715.0637,-44.68685,52.48727
324.69998,-2715.0637,-70.96513,52.647152
324.72,-2734.2925,24.854506,53.286682
324.74,-2734.2925,-20.972292,53.446564
324.75998,-2676.6055,-3.1863687,52.96692
324.78,-2748.7146,-24.657661,53.286682
324.8,-2791.98,-41.00148,52.32739
324.82,-2710.256,-0.7828655,53.1268
324.84,-2671.798,-18.248322,52.48727
324.86,-2758.329,-27.38163,52.807037
324.88,-2705.449,-15.04365,52.96692
324.9,-2710.256,-31.067003,52.807037
324.91998,-2710.256,-5.429638,52.807037
324.94,-2729.4854,-12.479914,53.1268
324.96,-2729.4854,-5.910339,53.446564
324.97998,-2734.2925,-18.729021,52.96692
325.0,-2710.256,-48.051754,52.96692
325.02,-2772.751,-24.657661,52.647152
325.03998,-2715.0637,-22.414392,52.32739
325.06,-2676.6055,-32.669334,52.32739
325.08,-2767.9436,-27.2214,53.1268
325.1,-2724.6782,-26.42023,52.48727
325.12,-2705.449,-43.244747,53.286682
325.13998,-2676.6055,-10.557112,53.286682
325.16,-2705.449,-50.134785,52.96692
325.18,-2729.4854,1.3001705,53.606445
325.19998,-2753.5217,-13.281082,53.1268
325.22,-2681.4126,-33.470505,52.807037
325.24,-2710.256,-13.601548,53.286682
325.25998,-2715.0637,-22.254158,53.286682
325.28,-2763.1365,-24.497427,53.76633
325.3,-2686.2197,-30.906769,53.1268
325.32,-2710.256,-20.972292,53.286682
325.34,-2710.256,-19.530188,53.1268
325.36,-2715.0637,-9.755944,53.446564
325.38,-2719.8708,-6.711507,53.76633
325.4,-2748.7146,-21.452991,53.286682
325.41998,-2695.8345,-25.45883,52.96692
325.44,-2700.6418,-17.447153,52.32739
325.46,-2686.2197,-25.298595,53.1268
325.47998,-2719.8708,-26.90093,53.286682
325.5,-2705.449,25.49544,53.926216
325.52,-2748.7146,-34.27167,53.446564
325.53998,-2758.329,8.350447,53.286682
325.56,-2686.2197,-7.672908,52.96692
325.58,-2695.8345,-8.474075,52.647152
325.6,-2734.2925,5.466243,53.286682
325.62,-2705.449,-17.286919,53.286682
325.63998,-2719.8708,-6.8717403,52.647152
325.66,-2724.6782,-4.468237,53.286682
325.68,-2734.2925,-20.01089,53.286682
325.69998,-2719.8708,-28.6635,52.807037
325.72,-2724.6782,-1.4237996,52.96692
325.74,-2719.8708,-14.242482,53.446564
325.75998,-2657.3762,-24.497427,53.1268
325.78,-2700.6418,-29.464666,52.96692
325.8,-2715.0637,4.6650753,52.807037
325.82,-2681.4126,-11.678746,52.96692
325.84,-2691.0273,-16.80622,53.286682
325.86,-2691.0273,0.6592364,53.926216
325.88,-2739.1,-17.286919,53.446564
325.9,-2763.1365,-16.645985,53.606445
325.91998,-2748.7146,-19.369957,53.606445
325.94,-2700.6418,-23.375792,52.96692
325.96,-2748.7146,-20.972292,53.606445
325.97998,-2705.449,-32.669334,53.446564
326.0,-2666.9907,-38.597977,53.286682
326.02,-2705.449,-31.707935,52.647152
326.03998,-2724.6782,-34.752373,52.807037
326.06,-2695.8345,-37.957043,52.96692
326.08,-2734.2925,-19.369957,52.96692
326.1,-2719.8708,2.7422726,53.446564
326.12,-2743.9072,-35.233074,53.286682
326.13998,-2695.8345,-12.479914,53.286682
326.16,-2753.5217,-65.19673,53.286682
326.18,-2782.3655,-2.0647337,53.1268
326.19998,-2724.6782,-29.1442,53.286682
326.22,-2719.8708,-32.82957,52.96692
326.24,-2710.256,-9.115009,52.96692
326.25998,-2734.2925,-66.4786,52.96692
326.28,-2695.8345,-16.485752,52.807037
326.3,-2739.1,-48.37222,52.48727
326.32,-2695.8345,-35.71377,53.1268
326.34,-2710.256,-43.40498,53.286682
326.36,-2734.2925,-22.574625,53.286682
326.38,-2719.8708,-51.096188,53.446564
326.4,-2700.6418,-62.152298,52.96692
326.41998,-2695.8345,-30.906769,52.96692
326.44,-2758.329,-58.947628,53.1268
326.46,-2753.5217,-1.4237996,53.1268
326.47998,-2734.2925,-15.04365,53.286682
326.5,-2719.8708,-26.90093,52.807037
326.52,-2642.9543,3.5434403,53.1268
326.53998,-2739.1,-15.844818,53.286682
326.56,-2743.9072,-19.209723,53.606445
326.58,-2758.329,-6.5512733,52.96692
326.6,-2666.9907,-15.844818,53.446564
326.62,-2724.6782,-33.790974,53.286682
326.63998,-2681.4126,-7.672908,52.96692
326.66,-2700.6418,0.6592364,52.96692
326.68,-2734.2925,-7.352441,53.286682
326.69998,-2705.449,-7.833141,53.1268
326.72,-2767.9436,-21.933691,53.446564
326.74,-2705.449,8.350447,53.286682
326.75998,-2734.2925,-14.562949,53.606445
326.78,-2686.2197,22.611235,54.24598
326.8,-2743.9072,-17.76762,53.606445
326.82,-2729.4854,-24.657661,53.1268
326.84,-2729.4854,-52.217823,52.96692
326.86,-2753.5217,-40.360542,53.1268
326.88,-2719.8708,-19.850657,53.606445
326.9,-2662.1833,25.174973,53.446564
326.91998,-2753.5217,-10.396878,53.446564
326.94,-2715.0637,-7.5126743,52.96692
326.96,-2724.6782,10.593717,52.48727
326.97998,-2719.8708,-16.966454,53.286682
327.0,-2715.0637,-0.9430991,53.606445
327.02,-2695.8345,-14.883417,53.446564
327.03998,-2700.6418,-8.474075,53.286682
327.06,-2748.7146,-33.951202,52.647152
327.08,-2724.6782,-27.702099,52.96692
327.1,-2777.558,29.18081,53.446564
327.12,-2715.0637,-20.651823,52.96692
327.13998,-2724.6782,-20.812057,52.96692
327.16,-2753.5217,-16.645985,53.76633
327.18,-2729.4854,-16.005053,53.446564
327.19998,-2705.449,4.024141,53.76633
327.22,-2719.8708,-29.945368,53.286682
327.24,-2753.5217,-31.868172,53.606445
327.25998,-2676.6055,-64.39556,53.1268
327.28,-2734.2925,-32.34887,53.446564
327.3,-2743.9072,-29.945368,53.446564
327.32,-2748.7146,-27.702099,52.96692
327.34,-2729.4854,-35.07284,52.807037
327.36,-2729.4854,-20.972292,52.647152
327.38,-2710.256,4.825309,53.446564
327.4,-2662.1833,-3.6670694,53.1268
327.41998,-2758.329,-19.530188,53.286682
327.44,-2724.6782,-21.773457,52.807037
327.46,-2719.8708,17.163294,53.286682
327.47998,-2748.7146,-9.59571,53.446564
327.5,-2753.5217,-6.230806,53.606445
327.52,-2705.449,-36.354706,53.446564
327.53998,-2705.449,-1.7442669,53.606445
327.56,-2748.7146,-20.812057,53.446564
327.58,-2772.751,-25.779295,52.647152
327.6,-2724.6782,-1.4237996,52.807037
327.62,-2719.8708,-9.916177,53.286682
327.63998,-2734.2925,3.3832066,53.1268
327.66,-2719.8708,10.593717,53.286682
327.68,-2748.7146,-49.493855,53.286682
327.69998,-2734.2925,-1.2635663,53.446564
327.72,-2719.8708,7.709513,53.286682
327.74,-2724.6782,-0.46239844,53.446564
327.75998,-2753.5217,-12.960614,53.286682
327.78,-2791.98,-17.286919,52.96692
327.8,-2719.8708,-7.352441,53.446564
327.82,-2700.6418,-20.651823,52.96692
327.84,-2710.256,-1.7442669,53.1268
327.86,-2700.6418,14.920023,53.446564
327.88,-2739.1,-23.21556,53.286682
327.9,-2729.4854,6.5878778,53.286682
327.91998,-2743.9072,-30.5863,52.96692
327.94,-2734.2925,-34.111435,53.446564
327.96,-2710.256,-31.547703,53.286682
327.97998,-2724.6782,-22.414392,53.286682
328.0,-2739.1,-27.702099,53.606445
328.02,-2657.3762,-31.707935,53.606445
328.03998,-2763.1365,-8.634309,53.286682
328.06,-2724.6782,-23.21556,52.807037
328.08,-2729.4854,-19.530188,53.286682
328.1,-2734.2925,-5.429638,53.76633
328.12,-2729.4854,-7.0319734,53.606445
328.13998,-2729.4854,22.290768,53.606445
328.16,-2710.256,-14.402717,53.1268
328.18,-2724.6782,-26.580463,53.446564
328.19998,-2753.5217,-40.040077,53.446564
328.22,-2739.1,-40.52078,53.606445
328.24,-2763.1365,-15.364117,53.286682
328.25998,-2743.9072,-1.7442669,53.446564
328.28,-2729.4854,-19.850657,53.286682
328.3,-2710.256,16.842825,53.286682
328.32,-2719.8708,4.825309,54.24598
328.34,-2758.329,9.792548,54.086098
328.36,-2695.8345,-20.49159,53.606445
328.38,-2753.5217,-11.037811,53.76633
328.4,-2700.6418,-59.10786,53.926216
328.41998,-2734.2925,-0.46239844,53.606445
328.44,-2743.9072,-38.117275,53.286682
328.46,-2739.1,-48.051754,53.606445
328.47998,-2763.1365,-14.723184,54.40586
328.5,-2777.558,-15.524351,53.1268
328.52,-2705.449,-40.360542,53.286682
328.53998,-2715.0637,-13.761782,53.76633
328.56,-2743.9072,-24.016727,53.76633
328.58,-2715.0637,-24.17696,53.606445
328.6,-2729.4854,-3.026135,54.24598
328.62,-2719.8708,-38.597977,53.76633
328.63998,-2739.1,-11.999213,53.926216
328.66,-2739.1,-17.76762,53.926216
328.68,-2705.449,-20.49159,53.76633
328.69998,-2743.9072,-35.393307,53.76633
328.72,-2719.8708,-13.441315,53.606445
328.74,-2743.9072,-39.879845,54.086098
328.75998,-2724.6782,2.7422726,53.76633
328.78,-2724.6782,-5.589872,53.76633
328.8,-2777.558,-18.568789,53.926216
328.82,-2739.1,-32.028404,53.446564
328.84,-2686.2197,-37.47634,53.76633
328.86,-2681.4126,0.33876932,53.76633
328.88,-2666.9907,-16.966454,54.24598
328.9,-2705.449,-0.14193134,53.606445
328.91998,-2695.8345,-15.364117,53.606445
328.94,-2691.0273,-11.198046,53.926216
328.96,-2710.256,-6.0705724,53.926216
328.97998,-2758.329,-46.60965,53.446564
329.0,-2743.9072,-6.230806,54.086098
329.02,-2739.1,-14.723184,54.086098
329.03998,-2691.0273,-6.711507,53.606445
329.06,-2734.2925,-5.1091714,53.446564
329.08,-2748.7146,-28.343033,53.76633
329.1,-2681.4126,-36.03424,54.24598
329.12,-2724.6782,-6.711507,53.76633
329.13998,-2767.9436,-28.6635,53.446564
329.16,-2743.9072,5.6264763,53.76633
329.18,-2739.1,-19.530188,53.926216
329.19998,-2763.1365,21.649834,54.086098
329.22,-2767.9436,-22.73486,52.96692
329.24,-2777.558,-12.31968,53.286682
329.25998,-2695.8345,3.5434403,53.606445
329.28,-2691.0273,-32.5091,53.926216
329.3,-2748.7146,38.474358,53.606445
329.32,-2806.4019,-30.265835,53.446564
329.34,-2753.5217,-45.64825,52.807037
329.36,-2724.6782,9.792548,53.606445
329.38,-2671.798,-7.5126743,53.926216
329.4,-2772.751,-25.93953,53.926216
329.41998,-2743.9072,-20.171124,54.086098
329.44,-2734.2925,-36.194473,53.606445
329.46,-2743.9072,-24.978128,53.1268
329.47998,-2715.0637,-13.922015,53.606445
329.5,-2763.1365,-3.1863687,53.606445
329.52,-2758.329,-16.165285,53.446564
329.53998,-2705.449,-2.5454345,53.286682
329.56,-2753.5217,-0.7828655,53.606445
329.58,-2758.329,-30.1056,53.286682
329.6,-2763.1365,28.059177,53.286682
329.62,-2734.2925,-2.0647337,53.606445
329.63998,-2729.4854,-6.5512733,53.1268
329.66,-2729.4854,-24.497427,53.286682
329.68,-2739.1,-21.132523,53.286682
329.69998,-2700.6418,-30.426067,53.76633
329.72,-2686.2197,-38.117275,53.926216
329.74,-2734.2925,-41.48218,52.96692
329.75998,-2695.8345,-13.441315,53.926216
329.78,-2719.8708,-26.099764,53.286682
329.8,-2748.7146,-29.785133,53.286682
329.82,-2734.2925,-13.922015,53.446564
329.84,-2724.6782,0.6592364,53.606445
329.86,-2739.1,-15.364117,53.286682
329.88,-2753.5217,-31.227234,53.1268
329.9,-2724.6782,-2.385201,53.446564
329.91998,-2753.5217,-11.358279,53.446564
329.94,-2710.256,-20.651823,53.286682
329.96,-2753.5217,-4.6284704,53.76633
329.97998,-2691.0273,-35.07284,53.606445
330.0,-2705.449,-49.333622,52.96692
330.02,-2739.1,-8.794542,53.1268
330.03998,-2739.1,-26.42023,53.1268
330.06,-2739.1,-27.061165,53.606445
330.08,-2763.1365,-58.306694,53.926216
330.1,-2705.449,-40.200314,53.446564
330.12,-2729.4854,-24.978128,53.606445
330.13998,-2763.1365,-56.063423,53.1268
330.16,-2705.449,-30.1056,53.606445
330.18,-2748.7146,-21.933691,53.606445
330.19998,-2729.4854,0.018302217,53.286682
330.22,-2772.751,-29.464666,53.286682
330.24,-2715.0637,-6.5512733,53.606445
330.25998,-2734.2925,-18.248322,53.76633
330.28,-2767.9436,-0.46239844,53.1268
330.3,-2724.6782,4.184375,53.76633
330.32,-2748.7146,-29.304434,53.606445
330.34,-2772.751,-13.120848,54.086098
330.36,-2743.9072,-17.447153,53.926216
330.38,-2758.329,-1.5840333,53.446564
330.4,-2715.0637,2.4218054,53.286682
330.41998,-2715.0637,-28.503265,53.286682
330.44,-2777.558,-28.343033,53.606445
330.46,-2743.9072,-37.31611,53.446564
330.47998,-2777.558,-30.906769,53.1268
330.5,-2724.6782,-15.684585,53.1268
330.52,-2719.8708,-10.877579,53.926216
330.53998,-2763.1365,-2.385201,53.926216
330.56,-2787.1729,-27.2214,53.76633
330.58,-2753.5217,-22.895092,53.606445
330.6,-2748.7146,-33.630737,53.606445
330.62,-2753.5217,-30.426067,53.606445
330.63998,-2763.1365,-13.601548,53.606445
330.66,-2763.1365,-29.945368,53.446564
330.68,-2748.7146,-23.21556,53.606445
330.69998,-2753.5217,-1.1033326,53.606445
330.72,-2772.751,-23.21556,53.926216
330.74,-2849.6675,-48.37222,53.446564
330.75998,-2801.5945,-8.794542,53.76633
330.78,-2777.558,-8.474075,53.926216
330.8,-2825.6309,-30.426067,53.446564
330.82,-2748.7146,-34.111435,53.76633
330.84,-2695.8345,-23.055326,53.76633
330.86,-2763.1365,-22.414392,53.446564
330.88,-2753.5217,-33.630737,53.446564
330.9,-2753.5217,-19.049488,54.40586
330.91998,-2748.7146,-3.6670694,53.76633
330.94,-2743.9072,-3.026135,54.24598
330.96,-2724.6782,-22.093925,53.76633
330.97998,-2729.4854,7.228812,53.926216
331.0,-2695.8345,19.406563,54.24598
331.02,-2739.1,-3.9875362,53.76633
331.03998,-2743.9072,-15.524351,54.24598
331.06,-2729.4854,-11.999213,53.76633
331.08,-2724.6782,-26.099764,53.926216
331.1,-2724.6782,-12.800381,54.086098
331.12,-2758.329,-13.601548,53.446564
331.13998,-2782.3655,7.709513,54.086098
331.16,-2734.2925,-17.607388,53.926216
331.18,-2820.8237,-12.159447,54.24598
331.19998,-2753.5217,-29.304434,53.926216
331.22,-2743.9072,-24.337194,53.1268
331.24,-2782.3655,-24.657661,53.446564
331.25998,-2753.5217,-13.601548,53.606445
331.28,-2719.8708,-32.989803,53.76633
331.3,-2681.4126,-38.117275,54.086098
331.32,-2715.0637,-16.645985,53.926216
331.34,-2724.6782,-22.254158,53.606445
331.36,-2787.1729,-16.005053,53.446564
331.38,-2763.1365,-20.651823,53.76633
331.4,-2758.329,-45.32778,53.926216
331.41998,-2777.558,-35.55354,53.76633
331.44,-2763.1365,-47.09035,53.286682
331.46,-2743.9072,-4.6284704,53.286682
331.47998,-2739.1,-4.948938,53.606445
331.5,-2719.8708,-72.08678,53.1268
331.52,-2777.558,-18.408554,53.446564
331.53998,-2743.9072,-32.34887,52.96692
331.56,-2743.9072,-32.188637,53.606445
331.58,-2739.1,-17.447153,53.606445
331.6,-2729.4854,-0.30216488,54.24598
331.62,-2748.7146,-20.651823,53.446564
331.63998,-2748.7146,-39.719612,53.446564
331.66,-2724.6782,-38.27751,53.606445
331.68,-2753.5217,-19.690422,53.926216
331.69998,-2743.9072,-6.5512733,54.24598
331.72,-2787.1729,-28.182798,53.446564
331.74,-2743.9072,-47.09035,53.286682
331.75998,-2739.1,-50.455254,53.286682
331.78,-2758.329,-59.10786,53.446564
331.8,-2772.751,-24.337194,53.926216
331.82,-2816.0164,-27.061165,53.606445
331.84,-2753.5217,-51.73712,53.446564
331.86,-2763.1365,-45.64825,53.926216
331.88,-2777.558,-46.289185,53.446564
331.9,-2743.9072,-8.153608,54.086098
331.91998,-2743.9072,-0.7828655,53.446564
331.94,-2743.9072,-23.21556,53.926216
331.96,-2753.5217,-10.717345,53.76633
331.97998,-2782.3655,-20.49159,53.76633
332.0,-2748.7146,16.20189,53.76633
332.02,-2739.1,16.52236,53.286682
332.03998,-2791.98,-17.447153,47.69079
332.06,-2772.751,-23.375792,45.292553
332.08,-2782.3655,-47.571053,47.051258
332.1,-2743.9072,16.842825,50.248913
332.12,-2748.7146,-30.5863,53.606445
332.13998,-2710.256,-1.1033326,55.844807
332.16,-2724.6782,-58.466927,54.565742
332.18,-2715.0637,-29.945368,52.96692
332.19998,-2777.558,-19.850657,50.248913
332.22,-2777.558,-12.31968,47.211143
332.24,-2767.9436,-2.385201,45.93208
332.25998,-2772.751,-10.877579,46.25185
332.28,-2695.8345,-35.874004,47.850674
332.3,-2715.0637,-48.37222,49.769264
332.32,-2686.2197,-37.636574,51.527973
332.34,-2657.3762,-30.265835,51.20821
332.36,-2642.9543,-18.568789,50.08903
332.38,-2705.449,-17.126686,48.490204
332.4,-2614.1106,-32.028404,46.41173
332.41998,-2676.6055,-17.607388,45.772198
332.44,-2580.46,-17.447153,46.25185
332.46,-2604.4963,-5.429638,47.371025
332.47998,-2556.4236,-21.773457,48.650085
332.5,-2517.965,3.3832066,49.28962
332.52,-2522.7725,-29.785133,48.650085
332.53998,-2522.7725,-42.44358,47.530907
332.56,-2493.9287,-41.161713,47.211143
332.58,-2450.6633,-36.995644,46.25185
332.6,-2441.0486,-58.627163,45.93208
332.62,-2335.2886,-16.966454,46.09196
332.63998,-2195.8774,-44.68685,45.772198
332.66,-2099.7317,-21.132523,47.530907
332.68,-2094.9246,-43.40498,47.69079
332.69998,-1864.1752,1.7808713,47.850674
332.72,-1820.9095,-19.049488,47.211143
332.74,-1719.9567,-30.746534,46.41173
332.75998,-1609.3893,-10.557112,46.25185
332.78,-1518.0509,-14.562949,45.93208
332.8,-1494.0145,-42.764046,46.25185
332.82,-1383.4471,-68.08093,46.25185
332.84,-1272.8798,-12.960614,46.571613
332.86,-1215.1924,-27.38163,46.571613
332.88,-1128.6613,-20.651823,46.41173
332.9,-1032.5157,-4.3080034,46.731495
332.91998,-912.3337,-28.823734,46.25185
332.94,-840.2244,-18.729021,46.571613
332.96,-724.84973,-21.132523,45.772198
332.97998,-667.16235,-52.858753,45.612316
333.0,-609.475,-22.574625,45.93208
333.02,-503.71478,-24.497427,44.65302
333.03998,-349.88177,-27.38163,36.339123
333.06,-282.57983,-24.337194,23.388634
333.08,-282.57983,-24.817896,10.598026
333.1,-176.81964,20.207731,0.5254247
333.12,-90.288574,27.738708,-6.66929
333.13998,130.84637,29.341045,-12.425061
333.16,260.643,28.700111,-19.140127
333.18,303.90854,55.298885,-27.613901
333.19998,501.00708,61.0673,-37.206852
333.22,587.53815,43.4416,-45.8405
333.24,750.9858,49.690712,-53.035213
333.25998,875.9751,71.80295,-59.91016
333.28,1020.1935,73.56552,-67.104866
333.3,1169.2192,85.10234,-74.61935
333.32,1294.2086,83.66025,-83.09311
333.34,1452.849,83.500015,-90.60758
333.36,1573.0311,98.88245,-97.80229
333.38,1673.984,90.069595,-104.35747
333.4,1871.0826,113.78417,-111.072525
333.41998,2010.4938,102.407585,-118.74688
333.44,2178.7488,108.6567,-126.10146
333.46,2342.1963,150.79816,-132.81653
333.47998,2505.644,131.57011,-140.33098
333.5,2601.7898,136.69759,-147.52568
333.52,2765.2373,166.6613,-154.72038
333.53998,2928.685,166.82153,-161.43544
333.56,3111.3618,172.26949,-168.47026
333.58,3197.893,177.87767,-175.1853
333.6,3419.0278,157.2075,-182.38
333.62,3563.2466,197.42618,-189.5747
333.63998,3765.1523,214.25073,-196.92929
333.66,3943.022,199.98993,-203.64433
333.68,4072.8186,229.3127,-210.35938
333.69998,4241.0737,234.44019,-217.3942
333.72,4351.641,184.76773,-224.42902
333.74,4596.8125,233.47879,-231.30394
333.75998,4736.224,236.20276,-238.17886
333.78,5015.0464,238.92674,-245.0538
333.8,5091.963,242.13141,-251.44908
333.82,5216.9526,250.46358,-257.52457
333.84,5390.0146,273.6975,-265.3588
333.86,5553.4624,259.9174,-271.7541
333.88,5755.368,276.5817,-278.30927
333.9,5928.4307,251.74544,-285.18417
333.91998,6048.613,255.11035,-292.37888
333.94,6260.1333,296.77118,-298.7741
333.96,6476.461,303.9817,-304.84964
333.97998,6663.9453,287.47757,-312.20422
334.0,6812.971,279.62613,-318.91925
334.02,6986.033,306.06473,-325.15463
334.03998,7260.049,343.8799,-332.50922
334.06,7361.0015,328.65768,-339.544
334.08,7543.6787,356.53842,-345.29974
334.1,7764.8135,345.96298,-352.6543
334.12,7904.225,370.95947,-358.8897
334.13998,8101.3237,375.28577,-365.44482
334.16,8288.809,368.7162,-372.0
334.18,8490.714,361.66586,-378.55515
334.19998,8649.3545,385.06003,-385.27017
334.22,8875.297,405.40976,-392.30496
334.24,9053.166,389.0659,-398.54034
334.25998,9202.192,376.8881,-404.93564
334.28,9389.676,398.6799,-412.2902
334.3,9581.968,392.27057,-418.52554
334.32,9793.489,433.6109,-424.92084
334.34,9937.707,422.07407,-431.79572
334.36,10173.264,421.59335,-438.35086
334.38,10341.519,449.6343,-444.42636
334.4,10514.581,449.4741,-451.46115
334.41998,10702.065,469.66357,-457.2169
334.44,10923.2,435.21326,-464.25168
334.46,11139.528,457.32556,-470.6469
334.47998,11336.627,465.81796,-477.36194
334.5,11495.268,465.17703,-483.91708
334.52,11673.138,487.60977,-490.31235
334.53998,11927.924,468.70218,-496.38782
334.56,12115.407,493.85892,-503.10284
334.58,12394.23,491.77588,-510.4574
334.6,12485.568,501.38992,-516.0532
334.62,12735.548,512.76654,-522.60834
334.63998,12855.7295,532.956,-528.524
334.66,13091.286,530.3922,-535.7186
334.68,13322.037,542.40985,-541.7941
334.69998,13499.906,524.62384,-548.8289
334.72,13677.775,537.44257,-554.90436
334.74,13860.453,582.78876,-560.97986
334.75998,14081.588,570.1303,-567.2152
334.78,14278.687,593.20404,-573.7703
334.8,14499.821,564.3619,-580.8051
334.82,14692.113,577.82153,-586.56085
334.84,14908.441,544.81335,-592.3165
334.86,15124.77,579.5841,-599.1914
334.88,15321.867,591.9221,-605.90643
334.9,15567.039,625.411,-611.98193
334.91998,15716.064,583.4297,-618.6969
334.94,15946.814,615.3163,-624.6125
334.96,16100.648,607.7853,-631.3275
334.97998,16393.893,637.2684,-637.7227
335.0,16557.338,627.4941,-644.118
335.02,16749.63,685.4988,-649.5539
335.03998,17004.416,638.39,-656.42883
335.06,17215.938,636.9479,-662.18445
335.08,17398.613,656.6567,-669.3791
335.1,17571.678,656.8169,-674.975
335.12,17802.426,672.8403,-680.73065
335.13998,18071.633,675.2438,-687.1259
335.16,18196.623,667.2321,-694.3205
335.18,18436.988,711.61694,-699.59656
335.19998,18643.701,699.27893,-705.832
335.22,18893.68,700.4006,-712.387
335.24,19057.127,715.6228,-718.7822
335.25998,19326.336,743.98425,-724.6978
335.28,19547.469,696.87537,-731.41284
335.3,19691.688,726.8392,-737.1686
335.32,19893.594,730.3643,-743.5638
335.34,20105.115,754.8801,-748.9997
335.36,20340.672,717.06494,-755.71466
335.38,20542.578,735.1714,-762.4296
335.4,20773.326,753.7585,-767.7057
335.41998,20941.582,731.32574,-773.1416
335.44,21234.826,776.3515,-779.53687
335.46,21403.08,771.5445,-785.7722
335.47998,21619.408,770.10236,-792.0075
335.5,21782.855,781.1585,-798.4027
335.52,22023.219,800.5468,-804.3183
335.53998,22258.777,812.56445,-810.074
335.56,22523.176,787.88837,-816.3093
335.58,22725.082,772.34564,-822.86444
335.6,22922.182,806.3153,-827.6608
335.62,23124.088,829.7095,-834.6955
335.63998,23402.908,837.8814,-840.45123
335.66,23527.898,864.8007,-846.3668
335.68,23782.684,828.74805,-852.44226
335.69998,23970.168,826.02405,-857.8782
335.72,24239.375,838.3621,-864.4332
335.74,24431.666,854.8662,-869.8692
335.75998,24647.994,905.1797,-875.30505
335.78,24806.633,853.26385,-881.5404
335.8,25037.385,876.97845,-887.7757
335.82,25220.06,872.17145,-894.01105
335.84,25402.736,903.57733,-899.44696
335.86,25595.027,905.8206,-906.0021
335.88,25816.162,892.8416,-911.7577
335.9,25960.38,928.8943,-916.3942
335.91998,26253.625,927.7727,-923.5888
335.94,26378.613,922.3247,-928.8648
335.96,26604.557,918.63934,-934.7804
335.97998,26801.654,929.5353,-940.6959
336.0,27046.824,955.81366,-945.972
336.02,27181.428,967.9914,-952.3672
336.03998,27436.215,957.41595,-957.3234
336.06,27690.998,951.6475,-963.5587
336.08,27873.676,976.96454,-969.63416
336.1,28104.424,962.70374,-975.5497
336.12,28330.365,1009.9727,-980.98566
336.13998,28431.318,987.70013,-986.58136
336.16,28714.95,991.22534,-992.6568
336.18,28791.865,1002.1212,-998.2526
336.19998,28993.77,994.2698,-1004.80774
336.22,29190.867,967.35046,-1010.7232
336.24,29378.352,1041.0581,-1014.88007
336.25998,29541.799,1018.1446,-1021.1154
336.28,29657.172,1024.554,-1027.1908
336.3,29830.234,1030.1622,-1032.7866
336.32,29979.26,1005.1657,-1038.2224
336.34,30214.816,1068.2979,-1043.6583
336.36,30435.951,1035.9307,-1049.7338
336.38,30628.242,1037.533,-1055.6493
336.4,30858.99,1093.6149,-1060.9254
336.41998,31032.053,1039.9364,-1065.7218
336.44,31363.754,1079.6744,-1071.3174
336.46,31599.309,1070.0605,-1078.1923
336.47998,31700.264,1129.1868,-1082.669
336.5,31926.201,1099.7036,-1088.5845
336.52,32137.725,1153.5422,-1093.7006
336.53998,32349.242,1135.5962,-1100.2556
336.56,32570.375,1094.8967,-1105.8514
336.58,32709.785,1119.5728,-1110.9675
336.6,32921.31,1119.4126,-1116.4033
336.62,33185.707,1146.3318,-1121.1997
336.63998,33253.008,1124.0593,-1128.0746
336.66,33315.504,1106.2733,-1132.871
336.68,33507.793,1178.8593,-1136.708
336.69998,33575.094,1146.3318,-1143.263
336.72,33777.0,1133.0323,-1148.3792
336.74,33906.793,1126.623,-1154.4546
336.75998,34065.434,1126.3026,-1160.3701
336.78,34099.086,1154.8241,-1165.0065
336.8,34252.918,1160.7529,-1170.4425
336.82,34435.594,1184.9482,-1175.7184
336.84,34546.16,1160.4324,-1180.9944
336.86,34752.875,1182.3844,-1186.75
336.88,35012.465,1205.458,-1192.026
336.9,35199.95,1240.0686,-1196.5027
336.91998,35368.203,1203.2147,-1202.7379
336.94,35512.418,1180.4617,-1207.2145
336.96,35767.203,1212.5083,-1213.13
336.97998,35940.266,1217.6359,-1218.5659
337.0,36171.016,1220.52,-1223.682
337.02,36334.46,1265.2253,-1228.958
337.03998,36584.44,1176.9365,-1234.8735
337.06,36776.73,1251.1248,-1239.8297
337.08,36911.332,1276.1211,-1244.9459
337.1,37060.355,1258.9762,-1250.2218
337.12,37190.152,1228.3715,-1255.1781
337.13998,37468.973,1261.5399,-1260.4541
337.16,37584.348,1256.0919,-1266.3695
337.18,37747.793,1227.0896,-1271.4856
337.19998,37892.01,1280.9282,-1276.4418
337.22,38060.266,1298.3937,-1281.7178
337.24,38295.82,1291.664,-1286.1945
337.25998,38387.16,1307.0463,-1291.1506
337.28,38747.703,1264.7446,-1294.8278
337.3,38579.45,1302.5597,-1302.5021
337.32,38680.402,1310.251,-1306.6588
337.34,38882.31,1295.6697,-1311.9348
337.36,38771.74,1348.8673,-1316.891
337.38,39064.98,1308.9691,-1321.8472
337.4,39199.582,1338.2919,-1326.8035
337.41998,39286.113,1355.7573,-1332.3992
337.44,39387.066,1339.4136,-1337.1956
337.46,39685.117,1320.8264,-1342.6313
337.47998,39891.83,1367.134,-1346.948
337.5,40098.54,1337.3304,-1353.0234
337.52,40290.83,1333.0042,-1357.9796
337.53998,40286.02,1378.831,-1362.4562
337.56,40516.77,1383.3176,-1367.5723
337.58,40338.9,1384.9199,-1371.2494
337.6,40584.07,1331.0814,-1376.6854
337.62,40728.29,1372.7422,-1382.1212
337.63998,40819.63,1405.2695,-1386.5978
337.66,41098.45,1405.4298,-1391.2341
337.68,41199.4,1379.4719,-1396.67
337.69998,41410.918,1381.0743,-1401.4663
337.72,41579.17,1382.6766,-1406.1028
337.74,41809.92,1381.5549,-1411.2189
337.75998,41963.75,1435.2333,-1415.2158
337.78,42151.234,1416.6461,-1420.6517
337.8,42276.22,1415.0438,-1425.6079
337.82,42300.258,1427.0613,-1430.2444
337.84,42434.86,1454.6216,-1434.7208
337.86,42579.08,1427.3817,-1438.7179
337.88,42771.367,1461.191,-1443.3542
337.9,42910.777,1477.5349,-1449.2698
337.91998,43074.223,1451.8975,-1453.1068
337.94,43151.14,1486.1875,-1457.9031
337.96,43391.5,1499.8074,-1462.5396
337.97998,43506.875,1468.2413,-1467.6555
338.0,43694.36,1458.6273,-1471.4927
338.02,43896.26,1483.6238,-1476.7686
338.03998,44059.707,1513.7477,-1481.2451
338.06,44213.535,1474.1699,-1486.2014
338.08,44429.863,1462.4729,-1490.1982
338.1,44622.152,1514.0681,-1495.4742
338.12,44747.14,1515.6704,-1498.9915
338.13998,44997.117,1480.8998,-1504.4274
338.16,45150.95,1528.4891,-1508.4243
338.18,45357.66,1505.095,-1513.3804
338.19998,45718.203,1605.0807,-1517.5372
338.22,46016.25,1580.8855,-1522.6533
338.24,45876.84,1545.9546,-1526.97
338.25998,45934.527,1501.7302,-1531.7662
338.28,45876.84,1536.8213,-1536.083
338.3,46040.285,1559.8949,-1539.7601
338.32,46237.383,1552.6844,-1544.2367
338.34,46367.18,1502.0507,-1549.0331
338.36,46525.816,1548.8389,-1553.3496
338.38,46727.72,1563.0996,-1557.0269
338.4,46934.43,1606.5228,-1561.8231
338.41998,47121.914,1603.3181,-1565.98
338.44,47323.816,1645.6198,-1570.4565
338.46,47463.227,1548.358,-1575.2528
338.47998,47708.395,1600.9146,-1579.2496
338.5,47833.383,1579.9241,-1583.8861
338.52,48121.816,1593.0632,-1587.883
338.53998,48155.465,1547.3966,-1591.5602
338.56,48395.83,1617.2584,-1595.3972
338.58,48487.164,1623.6678,-1600.5132
338.6,48669.836,1623.187,-1603.8706
338.62,48948.66,1575.4375,-1607.8676
338.63998,48540.043,1561.8176,-1611.225
338.66,48790.02,1657.9576,-1614.9021
338.68,48540.043,1649.4653,-1619.6984
338.69998,48506.395,1619.3416,-1624.0151
338.72,48689.066,1641.614,-1627.3726
338.74,48794.824,1628.9554,-1632.3286
338.75998,48967.887,1635.8456,-1636.6453
338.78,49145.754,1665.0079,-1641.1218
338.8,49289.973,1641.9344,-1645.1187
338.82,49515.91,1634.7239,-1649.1157
338.84,49660.13,1661.9636,-1653.2723
338.86,49770.69,1651.8688,-1657.2694
338.88,49967.79,1701.7014,-1661.586
338.9,50078.355,1653.1506,-1665.2632
338.91998,50299.49,1652.029,-1669.1002
338.94,50448.51,1654.5928,-1672.9371
338.96,50530.23,1646.7413,-1677.5736
338.97998,50361.98,1673.6605,-1680.2915
339.0,50587.918,1667.7319,-1684.4482
339.02,50486.965,1728.4603,-1687.6458
339.03998,50631.184,1690.3248,-1691.8026
339.06,50760.977,1687.1202,-1696.279
339.08,50934.035,1690.485,-1700.276
339.1,51087.867,1709.0721,-1704.113
339.12,51251.312,1718.8463,-1707.3105
339.13998,51381.11,1709.8732,-1711.4673
339.16,51515.71,1722.3715,-1715.7839
339.18,51732.035,1740.4778,-1718.9814
339.19998,51842.6,1696.4137,-1723.1382
339.22,52010.855,1724.7749,-1726.6555
339.24,52198.332,1750.252,-1730.6525
339.25998,52347.355,1763.0707,-1734.1696
339.28,52597.332,1753.1361,-1738.3264
339.3,52688.67,1736.3116,-1741.6838
339.32,52880.957,1779.4144,-1745.361
339.34,52991.523,1755.2192,-1749.3578
339.36,53174.195,1750.5724,-1752.8751
339.38,53366.484,1764.3525,-1757.1918
339.4,53539.547,1715.0007,-1760.7091
339.41998,53664.53,1733.7479,-1764.546
339.44,53852.01,1803.7698,-1767.7435
339.46,53948.156,1765.6344,-1771.9003
339.47998,54183.707,1760.9877,-1775.2577
339.5,54347.156,1790.3103,-1778.1354
339.52,54443.3,1766.9163,-1782.4521
339.53998,54693.273,1831.9708,-1785.6495
339.56,54871.14,1812.9032,-1789.6465
339.58,54957.668,1821.716,-1793.1637
339.6,55212.45,1829.4071,-1796.6809
339.62,55337.438,1807.9358,-1800.358
339.63998,55548.953,1798.0015,-1803.7155
339.66,55673.94,1799.9242,-1806.7532
339.68,55866.23,1788.708,-1811.0697
339.69998,55943.145,1776.0494,-1813.9474
339.72,56005.637,1846.2316,-1817.3048
339.74,56221.96,1855.6853,-1820.5024
339.75998,56294.07,1822.3568,-1824.4993
339.78,56438.285,1807.2949,-1827.217
339.8,56616.15,1858.8899,-1830.4147
339.82,56769.98,1851.8397,-1833.7721
339.84,56962.27,1837.4188,-1837.4492
339.86,57106.484,1863.056,-1840.9663
339.88,57197.82,1842.7064,-1843.3645
339.9,57404.53,1881.9635,-1847.0416
339.91998,57611.24,1832.772,-1851.3583
339.94,57808.336,1850.0771,-1854.7156
339.96,57923.707,1856.4865,-1858.073
339.97998,58077.535,1836.137,-1860.4711
340.0,58212.137,1848.1543,-1863.6687
340.02,58433.27,1878.7588,-1866.3865
340.03998,58466.918,1866.7415,-1869.7438
340.06,58601.52,1861.1332,-1872.3018
340.08,58721.7,1868.5039,-1875.1797
340.1,58784.19,1861.4536,-1878.2172
340.12,59274.523,1901.512,-1880.4554
340.13998,58659.207,1893.0195,-1884.4524
340.16,58856.3,1875.7145,-1885.5715
340.18,58664.01,1851.6794,-1889.2487
340.19998,58971.67,1925.2263,-1890.5276
340.22,58909.18,1922.182,-1894.3646
340.24,58971.67,1913.0486,-1897.722
340.25998,59337.02,1910.3247,-1901.0793
340.28,59255.297,1896.8651,-1903.4774
340.3,59346.633,1911.6066,-1906.6749
340.32,59322.594,1936.2823,-1909.7125
340.34,59553.34,1923.9445,-1912.5902
340.36,59586.99,1914.4907,-1915.7878
340.38,59750.438,1900.5505,-1918.6655
340.4,59870.613,1929.8732,-1921.0637
340.41998,60058.094,1959.9968,-1923.142
340.44,60000.406,1941.0894,-1926.3395
340.46,60197.504,1955.1898,-1930.0166
340.47998,60255.188,1931.1549,-1932.8944
340.5,60226.344,1928.431,-1935.7721
340.52,60716.68,1933.7186,-1938.8097
340.53998,60740.71,1926.6685,-1940.7281
340.56,60548.43,2000.3755,-1942.0072
340.58,61182.977,1963.6821,-1944.7251
340.6,60524.39,1969.9313,-1946.004
340.62,60235.96,1991.8832,-1949.2015
340.63998,60615.727,1965.6049,-1950.9602
340.66,60606.113,1898.6277,-1955.4366
340.68,60774.363,1964.4834,-1957.6748
340.69998,60755.137,2012.2325,-1960.7124
340.72,60961.84,2003.5801,-1962.4711
340.74,60904.156,1965.4447,-1965.9883
340.75998,61053.18,1952.466,-1968.5463
340.78,61048.37,2011.4314,-1970.3049
340.8,61336.805,1973.4564,-1973.1826
340.82,61442.562,2008.0667,-1976.0604
340.84,61485.82,1960.6377,-1978.6184
340.86,61557.934,2002.6188,-1980.377
340.88,61649.266,1995.2479,-1982.7751
340.9,61577.16,2010.7905,-1985.4929
340.91998,61932.895,1979.0645,-1988.2108
340.94,61990.58,2029.3774,-1990.7688
340.96,62312.656,1998.4526,-1993.3268
340.97998,62360.73,2008.5474,-1995.8848
341.0,62307.85,2004.7017,-1997.3236
341.02,62524.17,2000.8562,-1999.2422
341.03998,62538.594,2002.779,-2001.9601
341.06,62711.656,2010.9508,-2004.8378
341.08,62682.81,2001.9777,-2007.2357
341.1,62961.625,2025.2115,-2008.9944
341.12,62995.277,2023.2887,-2011.5524
341.13998,63024.117,2031.4606,-2013.7906
341.16,63187.56,2022.9683,-2016.8282
341.18,63216.406,2026.8137,-2018.5869
341.19998,63394.266,2015.918,-2021.3048
341.22,63605.78,2065.2695,-2023.3832
341.24,63826.91,2090.7463,-2025.3016
341.25998,63903.83,2015.117,-2027.8595
341.28,63903.83,1995.0878,-2030.0978
341.3,64004.78,2013.835,-2032.496
341.32,64076.887,2028.0957,-2034.0946
341.34,64197.062,2055.6558,-2036.9723
341.36,64423.0,2049.5667,-2039.0508
341.38,64451.844,2062.5457,-2042.408
341.4,64624.902,2069.2754,-2043.8468
341.41998,64870.07,2111.577,-2045.9254
341.44,64951.785,2046.0417,-2048.3235
341.46,64990.246,2044.279,-2051.0413
341.47998,65163.3,2050.6885,-2052.1602
341.5,65245.027,2078.7292,-2055.5176
341.52,65422.89,2042.0358,-2057.7559
341.53998,65509.42,2111.4165,-2059.3547
341.56,65581.52,2040.1129,-2061.7527
341.58,65730.55,2068.4744,-2063.991
341.6,65812.266,2075.364,-2065.7498
341.62,65884.375,2109.4937,-2068.947
341.63998,66067.05,2119.4282,-2070.386
341.66,66230.49,2078.7292,-2073.5833
341.68,66389.13,2086.7407,-2075.9817
341.69998,66586.22,2088.8237,-2077.4204
341.72,66749.664,2117.8257,-2078.6995
341.74,66687.17,2083.2158,-2082.0566
341.75998,66764.086,2105.648,-2083.4956
341.78,66908.3,2114.621,-2085.8936
341.8,67057.32,2082.5747,-2088.9314
341.82,67288.06,2112.6982,-2090.8496
341.84,67345.75,2125.8374,-2093.2478
341.86,67465.92,2094.592,-2095.806
341.88,67605.336,2144.7449,-2097.0847
341.9,67701.48,2112.0574,-2099.6428
341.91998,67783.195,2084.8179,-2101.721
341.94,67937.03,2076.4858,-2103.6396
341.96,68047.59,2123.594,-2105.718
341.97998,68215.84,2160.4475,-2108.9153
342.0,68331.21,2149.5518,-2109.7148
342.02,68422.555,2166.8567,-2112.113
342.03998,68494.66,2126.959,-2115.3105
342.06,68691.74,2196.9805,-2115.95
342.08,68561.95,2130.4841,-2118.1882
342.1,68879.23,2144.7449,-2119.9468
342.12,68951.336,2153.3972,-2122.9841
342.13998,69114.77,2101.4822,-2125.7021
342.16,69119.586,2107.5708,-2128.1
342.18,69326.29,2114.461,-2129.2192
342.19998,69388.78,2136.8936,-2131.4575
342.22,69484.93,2119.1077,-2133.3762
342.24,69662.79,2131.4453,-2135.1348
342.25998,69734.9,2149.3914,-2137.5327
342.28,69883.92,2149.8723,-2139.1316
342.3,70013.71,2193.776,-2140.5703
342.32,70100.234,2181.5981,-2144.2473
342.34,70085.81,2131.766,-2145.2068
342.36,70316.555,2201.6272,-2147.125
342.38,70436.734,2149.7122,-2150.0027
342.4,70465.58,2148.9106,-2150.8022
342.41998,70629.02,2186.2449,-2153.0405
342.44,70734.78,2181.2778,-2155.4385
342.46,70816.5,2151.955,-2157.357
342.47998,70960.71,2227.4246,-2158.476
342.5,70999.164,2195.0576,-2161.5137
342.52,71023.2,2206.9148,-2162.473
342.53998,70994.36,2152.7563,-2165.6704
342.56,71277.984,2179.6753,-2167.429
342.58,71354.9,2278.859,-2168.548
342.6,71479.88,2151.3142,-2171.5854
342.62,71657.74,2195.3782,-2173.1843
342.63998,71676.97,2194.0964,-2175.5825
342.66,71787.54,2166.2158,-2176.5417
342.68,71994.24,2164.7737,-2178.4602
342.69998,71994.24,2217.0095,-2178.7798
342.72,72032.695,2218.9321,-2181.6575
342.74,72119.23,2246.1716,-2183.5762
342.75998,72273.06,2195.6985,-2185.6543
342.78,72306.7,2215.4072,-2187.7327
342.8,72523.02,2211.722,-2190.9304
342.82,72633.59,2250.1775,-2191.5698
342.84,72599.94,2177.2717,-2193.488
342.86,72782.61,2231.7507,-2194.2876
342.88,72859.52,2241.0442,-2195.8865
342.9,73051.805,2196.6602,-2198.604
342.91998,73075.84,2184.322,-2200.203
342.94,73200.83,2244.7295,-2201.8015
342.96,73196.02,2210.1194,-2204.6792
342.97998,73215.25,2224.3801,-2205.9583
343.0,73263.32,2253.7026,-2207.8767
343.02,73460.414,2232.2314,-2208.9958
343.03998,73590.2,2228.386,-2210.275
343.06,73768.06,2275.4941,-2212.513
343.08,73921.9,2242.1658,-2215.3906
343.1,73902.67,2236.8782,-2216.03
343.12,73960.35,2264.9187,-2217.7888
343.13998,74042.07,2229.9883,-2219.7073
343.16,74143.02,2309.6235,-2220.9863
343.18,74056.49,2199.7043,-2223.2244
343.19998,74282.43,2243.1274,-2224.3435
343.22,74373.766,2271.1677,-2226.5818
343.24,74527.586,2236.0771,-2228.3403
343.25998,74546.82,2237.519,-2230.259
343.28,74618.93,2287.5115,-2231.6978
343.3,74767.945,2298.4072,-2233.4563
343.32,74864.086,2296.164,-2234.7354
343.34,74897.74,2220.855,-2235.2148
343.36,75186.164,2271.969,-2237.773
343.38,75085.22,2267.162,-2239.5315
343.4,75128.484,2271.6487,-2241.29
343.41998,75128.484,2267.4824,-2243.2087
343.44,75287.11,2295.2024,-2244.6475
343.46,75234.234,2247.774,-2245.6067
343.47998,75359.22,2264.2778,-2247.3652
343.5,75527.47,2231.911,-2248.8042
343.52,75623.61,2286.7102,-2249.9233
343.53998,75791.86,2250.6582,-2252.3213
343.56,75734.17,2308.3416,-2253.1206
343.58,75815.89,2322.9226,-2254.5596
343.6,75811.086,2271.4883,-2256.1582
343.62,75940.875,2290.8765,-2258.0767
343.63998,75767.82,2307.0598,-2259.036
343.66,75998.56,2299.2085,-2261.114
343.68,76075.48,2267.9631,-2261.9136
343.69998,76224.5,2285.4285,-2264.6316
343.72,76085.09,2276.6157,-2265.9104
343.74,76301.41,2270.687,-2267.0295
343.75998,76325.445,2287.0308,-2267.8289
343.78,76339.87,2275.1736,-2270.227
343.8,76460.05,2302.5732,-2270.3867
343.82,76657.13,2276.9363,-2273.2644
343.84,76503.31,2301.9324,-2274.7034
343.86,76387.94,2283.3455,-2274.8633
343.88,76623.484,2258.349,-2278.2207
343.9,76637.91,2302.5732,-2279.3396
343.91998,76810.96,2301.1313,-2279.8193
343.94,76830.19,2335.421,-2280.7783
343.96,76844.61,2353.8474,-2281.578
343.97998,76863.84,2377.0808,-2282.3772
344.0,77041.7,2301.7722,-2284.9353
344.02,76902.3,2281.7432,-2285.5747
344.03998,76921.53,2277.417,-2287.3333
344.06,76988.83,2290.8765,-2290.051
344.08,77118.62,2313.469,-2291.4897
344.1,77152.266,2306.579,-2291.4897
344.12,77137.84,2279.3396,-2294.0479
344.13998,77238.8,2275.0134,-2294.5276
344.16,77277.24,2315.3918,-2294.5276
344.18,77233.984,2324.2043,-2295.9663
344.19998,77411.85,2316.353,-2297.565
344.22,77479.15,2353.8474,-2298.844
344.24,77431.08,2359.1353,-2300.4426
344.25998,77498.375,2321.1602,-2300.7625
344.28,77642.59,2353.0461,-2302.0415
344.3,77512.8,2287.0308,-2304.7593
344.32,77599.33,2298.7278,-2304.9192
344.34,77608.94,2316.1929,-2306.8376
344.36,77551.25,2319.2375,-2307.477
344.38,77676.234,2341.6697,-2309.2356
344.4,77762.76,2363.6216,-2309.7153
344.41998,77724.31,2307.3801,-2310.9944
344.44,77757.95,2360.8975,-2312.1133
344.46,78003.12,2359.7761,-2313.5522
344.47998,77854.1,2348.2393,-2314.5115
344.5,77868.516,2337.8245,-2315.7905
344.52,77964.664,2307.3801,-2317.549
344.53998,78017.54,2371.1523,-2318.828
344.56,77964.664,2356.7317,-2317.8687
344.58,78051.19,2319.5579,-2319.4675
344.6,78094.45,2360.8975,-2319.947
344.62,78089.65,2381.087,-2320.7463
344.63998,77940.625,2289.5945,-2322.8247
344.66,78205.016,2361.8591,-2323.1445
344.68,78190.6,2355.77,-2325.063
344.69998,78233.86,2335.2607,-2326.502
344.72,78267.51,2352.5654,-2327.621
344.74,78238.664,2345.355,-2328.7402
344.75998,78257.9,2333.6582,-2328.9
344.78,78378.07,2383.0095,-2329.2195
344.8,78416.52,2370.1912,-2330.179
344.82,78277.125,2298.247,-2332.7368
344.84,78541.51,2350.803,-2332.7368
344.86,78570.36,2406.0828,-2333.3765
344.88,78613.62,2367.4673,-2334.6553
344.9,78642.46,2350.3223,-2335.2947
344.91998,78757.836,2374.357,-2336.254
344.94,78815.516,2362.6602,-2337.6926
344.96,78786.67,2334.299,-2337.6926
344.97998,78834.74,2395.9883,-2339.6113
345.0,78882.81,2390.8608,-2340.8901
345.02,78767.445,2377.4014,-2340.4106
345.03998,78887.625,2373.2354,-2341.3699
345.06,78853.97,2336.8628,-2342.8088
345.08,78853.97,2375.3186,-2343.2883
345.1,78791.48,2324.5251,-2344.5674
345.12,78950.12,2330.1333,-2345.3667
345.13998,78916.46,2303.3745,-2346.326
345.16,79041.445,2378.5232,-2347.6047
345.18,79075.1,2367.6274,-2348.404
345.19998,79055.875,2349.8416,-2348.7239
345.22,79099.13,2337.5037,-2349.5232
345.24,79113.555,2351.2837,-2349.5232
345.25998,79142.4,2399.9941,-2350.003
345.28,79084.71,2343.753,-2350.9622
345.3,79301.03,2323.083,-2351.282
345.32,79459.664,2274.3726,-2351.122
345.34,80007.67,2500.1384,-2352.7207
345.36,79704.82,2439.2507,-2354.4792
345.38,79575.03,2342.471,-2354.799
345.4,79459.664,2340.8687,-2356.0781
345.41998,79522.16,2374.357,-2355.9182
345.44,79464.47,2409.9282,-2356.0781
345.46,79411.59,2332.216,-2356.7175
345.47998,79401.98,2384.4517,-2357.517
345.5,79329.875,2392.7837,-2358.9558
345.52,79305.836,2397.1099,-2361.0342
345.53998,79224.12,2388.9382,-2361.0342
345.56,79142.4,2374.517,-2361.6736
345.58,79152.01,2329.973,-2362.473
345.6,79166.43,2359.6157,-2362.313
345.62,79190.47,2414.8955,-2362.9524
345.63998,79291.414,2409.608,-2364.0715
345.66,79142.4,2340.388,-2364.711
345.68,79147.2,2349.2007,-2364.711
345.69998,79132.78,2403.1987,-2365.3506
345.72,79012.61,2382.3687,-2365.6704
345.74,78954.92,2382.849,-2366.7893
345.75998,79079.91,2346.1562,-2367.7488
345.78,79055.875,2377.4014,-2368.0684
345.8,79127.98,2382.5288,-2369.5073
345.82,79166.43,2376.1196,-2370.3064
345.84,79099.13,2393.2644,-2369.5073
345.86,79132.78,2411.3706,-2370.3064
345.88,79209.695,2405.7625,-2370.4666
345.9,79152.01,2401.276,-2371.7454
345.91998,79176.05,2370.9922,-2372.385
345.94,79233.734,2396.469,-2372.385
345.96,79190.47,2405.9226,-2374.4634
345.97998,79219.305,2412.6523,-2374.783
346.0,79238.54,2415.216,-2375.7422
346.02,79209.695,2414.4148,-2375.7422
346.03998,79272.19,2396.6292,-2377.1812
346.06,79358.72,2386.3745,-2376.7014
346.08,79397.17,2343.913,-2377.1812
346.1,79421.21,2396.6292,-2378.46
346.12,79426.016,2390.22,-2379.0996
346.13998,79411.59,2367.4673,-2380.3784
346.16,79368.33,2413.774,-2380.3784
346.18,79373.14,2420.023,-2381.4976
346.19998,79488.51,2417.299,-2381.8174
346.22,79421.21,2445.8203,-2381.9773
346.24,79464.47,2387.3357,-2382.7766
346.25998,79531.766,2359.4556,-2383.576
346.28,79584.65,2384.9324,-2384.3752
346.3,79565.42,2452.2295,-2384.695
346.32,79613.49,2395.9883,-2385.6543
346.34,79603.88,2373.2354,-2386.6133
346.36,79651.945,2389.8994,-2387.253
346.38,79666.375,2375.4788,-2387.4128
346.4,79695.21,2445.019,-2387.093
346.41998,79748.086,2453.6714,-2388.532
346.44,79685.59,2426.913,-2388.8516
346.46,79767.31,2469.6946,-2389.3313
346.47998,79820.195,2401.7566,-2390.4504
346.5,79781.734,2414.2546,-2390.7703
346.52,79820.195,2412.8125,-2391.4097
346.53998,79853.84,2366.9863,-2392.5288
346.56,79887.49,2431.239,-2393.1682
346.58,79882.69,2418.421,-2393.1682
346.6,79906.72,2393.104,-2393.648
346.62,79901.914,2422.2664,-2395.7263
346.63998,79911.52,2424.9902,-2396.2056
346.66,79916.336,2447.4226,-2395.7263
346.68,79983.64,2436.687,-2396.8455
346.69998,80055.74,2424.5095,-2396.2056
346.72,80084.58,2445.9805,-2397.3247
346.74,80166.305,2429.156,-2397.9644
346.75998,80132.66,2404.4805,-2398.604
346.78,80123.04,2422.106,-2398.9236
346.8,80099.0,2434.1233,-2399.2434
346.82,80108.625,2405.1216,-2400.0425
346.84,80147.07,2421.305,-2400.3625
346.86,80228.8,2402.718,-2401.4814
346.88,80248.02,2379.0037,-2401.1616
346.9,80281.67,2406.0828,-2402.2808
346.91998,80368.2,2409.2874,-2402.9202
346.94,80368.2,2453.191,-2402.6006
346.96,80401.84,2430.9187,-2403.4
346.97998,80416.27,2444.218,-2403.8796
347.0,80411.46,2432.521,-2404.519
347.02,80488.38,2429.4768,-2405.6382
347.03998,80497.99,2386.8552,-2406.4375
347.06,80493.19,2387.8164,-2406.917
347.08,80541.26,2424.0288,-2406.4375
347.1,80627.78,2442.776,-2407.5566
347.12,80622.98,2436.0461,-2408.196
347.13998,80632.586,2370.6716,-2408.6758
347.16,80603.75,2423.0674,-2408.196
347.18,80704.695,2470.9766,-2409.6348
347.19998,80743.16,2481.2314,-2409.1553
347.22,80781.6,2425.471,-2409.9546
347.24,80820.06,2482.353,-2409.9546
347.25998,80834.484,2460.4014,-2411.2336
347.28,80882.555,2461.683,-2411.7131
347.3,80872.945,2451.9092,-2412.0332
347.32,80906.586,2388.6177,-2412.8323
347.34,80978.7,2449.025,-2412.3528
347.36,81026.766,2401.276,-2413.4717
347.38,81065.23,2491.0054,-2413.312
347.4,81055.61,2413.133,-2414.7507
347.41998,81094.06,2444.0576,-2415.2305
347.44,81142.14,2435.5654,-2415.5503
347.46,81228.664,2469.5344,-2415.71
347.47998,81204.63,2451.7488,-2416.5093
347.5,81219.05,2381.087,-2416.6692
347.52,81281.54,2394.8667,-2416.6692
347.53998,81324.805,2463.606,-2417.149
347.56,81295.97,2401.7566,-2417.6284
347.58,81320.0,2476.4246,-2417.3088
347.6,81420.95,2415.8572,-2419.227
347.62,81449.79,2502.3818,-2418.7476
347.63998,81459.41,2439.2507,-2419.0674
347.66,81483.445,2445.1792,-2420.0266
347.68,81541.12,2418.2603,-2420.666
347.69998,81536.31,2419.382,-2420.9856
347.72,81637.266,2493.0884,-2420.9856
347.74,81555.55,2404.3203,-2421.4653
347.75998,81642.07,2460.0808,-2422.265
347.78,81694.95,2447.903,-2422.7444
347.8,81747.83,2502.3818,-2422.9043
347.82,81762.25,2434.2834,-2423.2239
347.84,81752.63,2465.048,-2422.9043
347.86,81834.35,2392.7837,-2424.0234
347.88,81901.66,2464.407,-2424.503
347.9,81940.11,2452.7102,-2424.9827
347.91998,82012.22,2452.55,-2425.1423
347.94,82026.63,2457.0364,-2425.9417
347.96,82017.02,2425.7913,-2425.4622
347.97998,82074.71,2425.9514,-2426.901
348.0,82122.78,2440.5327,-2426.2615
348.02,82204.5,2480.7505,-2426.7412
348.03998,82252.57,2463.4456,-2427.7002
348.06,82266.99,2460.241,-2427.5405
348.08,82295.83,2465.849,-2428.18
348.1,82319.87,2449.185,-2428.18
348.12,82377.555,2432.2007,-2429.4587
348.13998,82401.586,2462.6445,-2429.4587
348.16,82420.81,2453.0305,-2429.1392
348.18,82488.11,2454.7932,-2430.0984
348.19998,82550.6,2464.2468,-2430.578
348.22,82593.87,2514.88,-2430.2583
348.24,82598.68,2481.8723,-2430.738
348.25998,82593.87,2434.2834,-2431.3774
348.28,82665.98,2490.0442,-2430.8977
348.3,82728.47,2467.772,-2432.0168
348.32,82843.836,2453.6714,-2432.4966
348.34,82800.57,2454.1523,-2432.1768
348.36,82824.61,2487.8008,-2432.4966
348.38,82858.26,2478.9883,-2433.136
348.4,82901.52,2452.8704,-2433.6155
348.41998,82944.78,2412.8125,-2433.2957
348.44,82992.85,2414.4148,-2434.0952
348.46,83002.47,2464.888,-2434.4148
348.47998,83050.54,2443.7373,-2434.8945
348.5,83108.23,2444.6985,-2435.534
348.52,83113.03,2528.1792,-2435.374
348.53998,83146.69,2478.1868,-2435.2144
348.56,83199.555,2500.4592,-2435.2144
348.58,83247.625,2514.5596,-2436.653
348.6,83247.625,2483.4746,-2436.653
348.62,83319.734,2460.5615,-2436.813
348.63998,83329.34,2455.9148,-2436.813
348.66,83343.77,2444.218,-2437.1326
348.68,83382.23,2471.6174,-2437.4526
348.69998,83473.56,2464.2468,-2437.6123
348.72,83435.1,2450.4668,-2437.6123
348.74,83463.945,2457.9978,-2437.9321
348.75998,83507.21,2506.7083,-2437.7722
348.78,83516.82,2473.7004,-2438.092
348.8,83612.97,2464.5671,-2438.4116
348.82,83641.805,2481.552,-2438.7314
348.84,83689.875,2501.741,-2439.5308
348.86,83709.1,2451.4285,-2439.6907
348.88,83814.86,2519.5264,-2439.8506
348.9,83781.21,2449.6658,-2440.8098
348.91998,83843.7,2461.8433,-2440.6497
348.94,83853.31,2488.2815,-2440.1704
348.96,83896.58,2415.6968,-2441.7688
348.97998,83939.84,2508.9514,-2441.4492
349.0,83954.266,2447.903,-2441.7688
349.02,83983.1,2503.824,-2440.9697
349.03998,84031.18,2461.3625,-2441.6091
349.06,84132.125,2474.822,-2442.4082
349.08,84079.25,2444.218,-2442.2485
349.1,84127.32,2434.6042,-2442.0886
349.12,84185.01,2453.0305,-2442.888
349.13998,84257.11,2516.4822,-2443.048
349.16,84261.92,2451.2683,-2443.5273
349.18,84324.41,2467.291,-2443.2078
349.19998,84334.02,2426.5925,-2444.007
349.22,84300.37,2450.6272,-2444.007
349.24,84338.83,2455.1138,-2444.1672
349.25998,84406.125,2483.154,-2444.6465
349.28,84473.43,2462.965,-2444.4868
349.3,84487.84,2536.0303,-2444.1672
349.32,84521.5,2451.4285,-2444.9663
349.34,84521.5,2443.0964,-2445.1262
349.36,84622.445,2496.4534,-2445.2861
349.38,84632.055,2430.9187,-2445.6057
349.4,84627.25,2550.1306,-2444.6465
349.41998,84675.32,2495.652,-2445.9258
349.44,84699.35,2488.7622,-2445.7656
349.46,84819.53,2494.5305,-2446.4053
349.47998,84800.305,2479.7893,-2445.7656
349.5,84805.11,2476.7449,-2446.5652
349.52,84853.19,2491.326,-2446.5652
349.53998,84910.87,2469.2139,-2446.8848
349.56,84934.9,2461.5227,-2447.0447
349.58,84987.78,2440.052,-2447.0447
349.6,84987.78,2403.0386,-2448.004
349.62,85026.234,2501.741,-2447.3643
349.63998,85131.99,2525.7756,-2447.3643
349.66,85059.88,2483.3142,-2447.0447
349.68,85117.57,2409.608,-2448.004
349.69998,85107.96,2482.6733,-2448.3237
349.72,85175.26,2499.017,-2447.844
349.74,85208.91,2488.2815,-2447.6843
349.75998,85232.94,2493.2488,-2447.844
349.78,85285.81,2454.9534,-2448.8032
349.8,85305.05,2463.1252,-2448.4834
349.82,85343.5,2458.7988,-2448.8032
349.84,85454.06,2485.3975,-2449.1228
349.86,85430.02,2471.938,-2449.4429
349.88,85434.83,2499.017,-2449.6025
349.9,85492.516,2450.6272,-2449.283
349.91998,85555.01,2438.77,-2448.6436
349.94,85569.44,2450.9475,-2449.1228
349.96,85598.27,2468.8936,-2449.4429
349.97998,85588.664,2519.8472,-2449.283
350.0,85631.92,2465.048,-2449.9224
350.02,85699.22,2529.621,-2449.6025
350.03998,85708.836,2429.156,-2450.0823
350.06,85771.33,2500.1384,-2450.402
350.08,85766.516,2469.0537,-2450.7217
350.1,85756.91,2477.3857,-2450.402
350.12,85857.85,2457.0364,-2451.0415
350.13998,85881.88,2478.1868,-2451.2014
350.16,85920.34,2499.3374,-2450.7217
350.18,85925.15,2425.3105,-2451.681
350.19998,86040.52,2476.905,-2450.8816
350.22,86035.71,2451.9092,-2450.8816
350.24,86026.09,2491.326,-2450.8816
350.25998,86045.33,2465.689,-2451.361
350.28,86040.52,2478.6677,-2451.361
350.3,86103.016,2563.59,-2450.8816
350.32,86184.734,2484.436,-2451.2014
350.34,86199.16,2510.3933,-2451.681
350.36,86194.34,2459.6,-2452.1606
350.38,86237.61,2486.6792,-2452.3203
350.4,86328.945,2489.8838,-2451.681
350.41998,86328.945,2458.7988,-2452.4802
350.44,86324.13,2499.1772,-2451.361
350.46,86391.44,2441.0134,-2453.1199
350.47998,86381.82,2451.7488,-2452.1606
350.5,86439.51,2420.023,-2452.3203
350.52,86468.34,2498.3762,-2452.1606
350.53998,86482.766,2512.957,-2452.3203
350.56,86559.68,2509.4321,-2452.4802
350.58,86564.484,2526.737,-2452.4802
350.6,86612.555,2525.9358,-2452.8
350.62,86612.555,2460.4014,-2453.2798
350.63998,86636.586,2452.2295,-2452.96
350.66,86708.7,2495.1716,-2452.8
350.68,86713.51,2469.5344,-2452.96
350.69998,86776.0,2475.1426,-2452.8
350.72,86790.42,2461.683,-2453.1199
350.74,86804.836,2483.795,-2452.96
350.75998,86852.914,2442.1348,-2453.1199
350.78,86852.914,2476.7449,-2453.4395
350.8,86876.945,2462.965,-2452.96
350.82,86963.47,2500.1384,-2453.7593
350.84,86963.47,2461.2024,-2452.96
350.86,86958.664,2479.4688,-2453.2798
350.88,87030.766,2511.9958,-2452.96
350.9,87045.19,2449.9863,-2453.4395
350.91998,87098.06,2468.2527,-2453.2798
350.94,87083.65,2457.357,-2453.7593
350.96,87093.26,2512.3162,-2452.4802
350.97998,87174.98,2467.1309,-2453.4395
351.0,87223.05,2507.0286,-2452.6401
351.02,87232.664,2495.0112,-2452.96
351.03998,87261.51,2524.8142,-2452.1606
351.06,87275.93,2548.6887,-2452.3203
351.08,87343.23,2511.3547,-2453.4395
351.1,87381.68,2488.2815,-2453.2798
351.12,87396.1,2452.8704,-2453.7593
351.13998,87420.14,2472.2583,-2453.5994
351.16,87400.914,2451.5886,-2453.9192
351.18,87506.664,2479.6292,-2453.4395
351.19998,87573.96,2487.6406,-2453.1199
351.22,87588.38,2495.492,-2453.2798
351.24,87578.766,2457.357,-2453.1199
351.25998,87607.61,2433.4824,-2453.4395
351.28,87631.65,2411.3706,-2453.5994
351.3,87636.45,2478.9883,-2452.96
351.32,87727.78,2508.3103,-2452.4802
351.34,87694.14,2492.9282,-2452.8
351.36,87742.21,2507.8296,-2453.5994
351.38,87756.63,2481.3916,-2453.2798
351.4,87881.61,2460.7217,-2452.96
351.41998,87867.195,2440.853,-2453.1199
351.44,87852.766,2473.22,-2453.4395
351.46,87891.23,2463.9263,-2453.4395
351.47998,87920.06,2466.8105,-2452.96
351.5,87996.98,2494.21,-2453.5994
351.52,87987.37,2516.8025,-2452.8
351.53998,88006.59,2485.237,-2452.96
351.56,88006.59,2474.5017,-2452.96
351.58,88049.85,2481.071,-2452.3203
351.6,88073.9,2455.434,-2452.96
351.62,88165.23,2482.994,-2452.4802
351.63998,88165.23,2485.077,-2452.4802
351.66,88198.875,2465.689,-2452.96
351.68,88198.875,2480.4302,-2452.8
351.69998,88275.78,2483.4746,-2453.1199
351.72,88285.41,2456.8762,-2452.6401
351.74,88280.59,2491.9668,-2452.6401
351.75998,88304.63,2535.3894,-2452.8
351.78,88376.734,2497.8955,-2452.0007
351.8,88362.31,2439.8916,-2453.1199
351.82,88420.0,2465.849,-2452.1606
351.84,88410.38,2451.4285,-2452.6401
351.86,88448.836,2470.3357,-2452.4802
351.88,88482.484,2459.9207,-2452.3203
351.9,88530.555,2503.824,-2452.8
351.91998,88544.98,2456.075,-2452.0007
351.94,88612.27,2496.9338,-2452.0007
351.96,88607.47,2498.6965,-2451.681
351.97998,88588.24,2475.9438,-2451.8408
352.0,88679.57,2489.7236,-2451.361
352.02,88684.38,2460.8818,-2451.361
352.03998,88703.61,2512.4766,-2451.681
352.06,88703.61,2478.9883,-2451.2014
352.08,88761.29,2439.8916,-2451.8408
352.1,88770.914,2494.8508,-2451.0415
352.12,88828.59,2478.9883,-2451.0415
352.13998,88857.44,2555.7388,-2450.5618
352.16,88891.08,2442.2952,-2451.5212
352.18,88967.99,2488.6018,-2451.5212
352.19998,88943.96,2450.6272,-2450.8816
352.22,88996.836,2442.776,-2451.2014
352.24,88967.99,2485.237,-2451.2014
352.25998,88972.805,2471.7776,-2450.7217
352.28,88992.03,2533.3064,-2450.242
352.3,89112.21,2465.849,-2450.5618
352.32,89107.4,2424.0288,-2450.8816
352.34,89088.17,2461.5227,-2449.6025
352.36,89126.63,2499.1772,-2450.0823
352.38,89193.93,2528.0188,-2449.9224
352.4,89237.19,2427.3936,-2449.6025
352.41998,89285.26,2512.7969,-2449.7627
352.44,89323.72,2445.1792,-2449.6025
352.46,89227.57,2504.9456,-2449.1228
352.47998,89318.91,2457.1968,-2449.4429
352.5,89352.555,2478.3474,-2449.283
352.52,89381.4,2488.1213,-2449.4429
352.53998,89448.695,2457.8376,-2449.6025
352.56,89366.98,2465.849,-2448.9631
352.58,89477.54,2479.9495,-2449.1228
352.6,89496.766,2526.2563,-2448.8032
352.62,89482.35,2507.0286,-2447.844
352.63998,89515.99,2492.1272,-2448.6436
352.66,89549.65,2505.7466,-2448.3237
352.68,89621.75,2475.1426,-2448.4834
352.69998,89626.555,2483.4746,-2447.5244
352.72,89669.82,2503.824,-2447.6843
352.74,89674.63,2533.7874,-2448.004
352.75998,89650.59,2486.1985,-2447.3643
352.78,89727.5,2515.3606,-2447.0447
352.8,89794.8,2474.021,-2447.5244
352.82,89765.96,2436.3665,-2447.0447
352.84,89842.875,2511.3547,-2447.2046
352.86,89804.414,2489.8838,-2447.2046
352.88,89857.29,2500.1384,-2447.0447
352.9,89929.4,2436.5269,-2446.8848
352.91998,89934.2,2437.3281,-2446.4053
352.94,89929.4,2478.828,-2446.0854
352.96,89934.2,2504.625,-2446.4053
352.97998,90015.92,2414.0945,-2445.9258
353.0,90039.96,2463.9263,-2445.446
353.02,90088.02,2489.7236,-2445.2861
353.03998,90092.836,2479.9495,-2445.1262
353.06,90049.58,2443.2566,-2445.2861
353.08,90078.414,2492.768,-2444.8066
353.1,90107.26,2474.822,-2444.8066
353.12,90169.75,2452.7102,-2444.4868
353.13998,90193.78,2484.5962,-2444.327
353.16,90169.75,2502.7021,-2444.007
353.18,90198.59,2495.9727,-2444.327
353.19998,90289.92,2437.0073,-2444.1672
353.22,90265.89,2539.3953,-2443.5273
353.24,90289.92,2449.025,-2444.007
353.25998,90294.73,2480.5903,-2443.8472
353.28,90357.22,2473.3801,-2443.3677
353.3,90381.26,2444.218,-2442.888
353.32,90472.59,2476.104,-2443.5273
353.34,90482.2,2470.3357,-2443.2078
353.36,90434.13,2504.7854,-2442.888
353.38,90424.516,2463.1252,-2443.048
353.4,90472.59,2437.969,-2443.048
353.41998,90573.53,2457.1968,-2442.2485
353.44,90573.53,2495.1716,-2441.6091
353.46,90544.695,2515.04,-2441.6091
353.47998,90587.95,2474.822,-2441.6091
353.5,90655.25,2530.7427,-2440.6497
353.52,90693.71,2453.351,-2441.1294
353.53998,90746.59,2391.502,-2441.2893
353.56,90688.91,2479.4688,-2440.8098
353.58,90650.445,2453.351,-2440.49
353.6,90775.43,2475.463,-2440.8098
353.62,90794.66,2543.7214,-2439.3708
353.63998,90823.5,2445.3394,-2440.33
353.66,90828.31,2454.633,-2440.33
353.68,90852.34,2396.469,-2440.33
353.69998,90905.22,2444.0576,-2439.6907
353.72,90953.29,2469.8547,-2438.891
353.74,90972.516,2533.9475,-2438.4116
353.75998,90953.29,2471.1367,-2438.7314
353.78,90948.48,2415.6968,-2439.5308
353.8,91015.78,2520.9688,-2438.092
353.82,91150.375,2420.023,-2438.2517
353.84,91087.88,2462.8047,-2437.4526
353.86,91092.69,2433.0017,-2438.092
353.88,91111.92,2529.1404,-2436.973
353.9,91140.76,2454.3125,-2437.4526
353.91998,91193.64,2467.1309,-2438.092
353.94,91227.29,2507.0286,-2436.813
353.96,91251.33,2432.521,-2437.1326
353.97998,91232.09,2463.2854,-2437.1326
354.0,91284.97,2459.9207,-2436.1733
354.02,91352.27,2526.8972,-2435.8538
354.03998,91385.92,2466.8105,-2435.534
354.06,91342.66,2488.1213,-2434.7346
354.08,91361.88,2471.7776,-2435.0542
354.1,91390.73,2419.0618,-2435.0542
354.12,91501.29,2460.8818,-2434.575
354.13998,91482.06,2410.5693,-2434.575
354.16,91496.48,2507.1887,-2434.0952
354.18,91501.29,2474.1812,-2434.575
354.19998,91554.164,2467.6118,-2433.9353
354.22,91587.81,2469.5344,-2433.2957
354.24,91592.62,2401.9167,-2433.9353
354.25998,91602.234,2432.6814,-2433.136
354.28,91631.08,2506.3877,-2432.6562
354.3,91664.72,2443.4167,-2432.976
354.32,91693.57,2458.4785,-2432.4966
354.34,91789.7,2473.0596,-2431.857
354.36,91765.67,2444.218,-2431.857
354.38,91756.06,2449.025,-2431.537
354.4,91751.25,2434.2834,-2431.3774
354.41998,91818.555,2421.9458,-2431.3774
354.44,91866.62,2506.5479,-2430.578
354.46,91909.88,2472.739,-2431.2175
354.47998,91852.195,2459.44,-2430.418
354.5,91938.72,2422.106,-2430.738
354.52,91929.11,2475.7837,-2430.0984
354.53998,91962.766,2451.108,-2429.9385
354.56,91977.18,2444.6985,-2429.299
354.58,91981.984,2433.6426,-2430.0984
354.6,92034.86,2410.89,-2429.1392
354.62,92092.55,2451.5886,-2428.6594
354.63998,92131.01,2472.2583,-2428.02
354.66,92078.125,2408.807,-2428.18
354.68,92131.01,2505.2659,-2428.18
354.69998,92183.88,2490.5247,-2427.0608
354.72,92188.69,2461.0422,-2427.0608
354.74,92236.76,2488.6018,-2426.901
354.75998,92231.945,2444.5383,-2427.7002
354.78,92251.17,2451.9092,-2426.1016
354.8,92332.9,2447.743,-2426.4214
354.82,92337.7,2447.102,-2425.9417
354.84,92371.35,2446.301,-2425.3022
354.86,92356.93,2463.4456,-2425.9417
354.88,92414.62,2456.075,-2424.9827
354.9,92395.38,2418.1,-2424.9827
354.91998,92429.04,2514.0786,-2423.7036
354.94,92491.53,2434.4436,-2424.183
354.96,92491.53,2482.994,-2424.183
354.97998,92496.336,2450.6272,-2424.183
355.0,92539.59,2442.4553,-2423.7036
355.02,92578.055,2463.606,-2423.5437
355.03998,92549.21,2504.4648,-2422.9043
355.06,92549.21,2487.6406,-2422.7444
355.08,92626.125,2424.0288,-2422.9043
355.1,92635.74,2397.5906,-2422.5845
355.12,92712.65,2452.2295,-2421.3054
355.13998,92669.38,2430.2778,-2421.6252
355.16,92770.336,2466.49,-2421.6252
355.18,92736.68,2465.3684,-2421.6252
355.19998,92823.21,2464.5671,-2420.3462
355.22,92784.76,2432.8416,-2420.5063
355.24,92847.25,2439.2507,-2420.666
355.25998,92832.82,2436.0461,-2420.1863
355.28,92885.7,2439.2507,-2419.8665
355.3,92919.35,2467.291,-2419.0674
355.31998,93010.68,2446.6213,-2419.0674
355.34,92943.38,2474.822,-2418.7476
355.36,92948.19,2455.274,-2418.268
355.38,93025.1,2432.2007,-2418.5876
355.4,93010.68,2435.245,-2417.7883
355.41998,93087.59,2420.5037,-2417.3088
355.44,93025.1,2414.7354,-2417.9482
355.46,93102.016,2446.1409,-2417.6284
355.47998,93116.44,2421.1448,-2416.989
355.5,93188.54,2441.494,-2416.6692
355.52,93227.0,2452.55,-2416.1897
355.53998,93174.12,2456.075,-2416.5093
355.56,93154.89,2469.3743,-2415.2305
355.58,93251.03,2447.2622,-2415.2305
355.6,93303.91,2408.0056,-2415.5503
355.62,93376.016,2394.2258,-2414.4312
355.63998,93299.1,2427.3936,-2414.271
355.66,93323.13,2462.1638,-2413.7917
355.68,93424.08,2490.3645,-2413.6316
355.69998,93424.08,2423.7083,-2412.1929
355.72,93400.05,2439.411,-2412.9922
355.74,93443.31,2447.2622,-2412.3528
355.75998,93476.96,2419.222,-2412.6726
355.78,93515.414,2416.8184,-2412.1929
355.8,93520.23,2439.2507,-2411.873
355.81998,93515.414,2468.2527,-2411.5535
355.84,93539.45,2463.4456,-2410.754
355.86,93621.17,2474.3413,-2411.0737
355.88,93625.98,2424.3494,-2410.4343
355.9,93601.945,2437.3281,-2410.1145
355.91998,93630.78,2420.9844,-2409.9546
355.94,93674.05,2425.9514,-2409.6348
355.96,93712.5,2416.0173,-2409.3152
355.97998,93731.73,2485.077,-2408.9954
356.0,93736.54,2400.1543,-2408.356
356.02,93765.375,2385.2527,-2408.356
356.03998,93842.29,2398.552,-2407.7166
356.06,93799.02,2418.581,-2406.757
356.08,93779.8,2471.4573,-2405.4783
356.1,93818.26,2404.4805,-2405.958
356.12,93832.68,2424.9902,-2404.1995
356.13998,93823.06,2374.1968,-2404.1995
356.16,93827.87,2424.9902,-2403.4
356.18,93861.516,2457.1968,-2402.4407
356.19998,93875.94,2453.0305,-2401.6414
356.22,93895.17,2402.8782,-2400.842
356.24,93957.66,2500.2988,-2400.2024
356.25998,93861.516,2430.5981,-2399.0835
356.28,93986.5,2421.6255,-2398.604
356.3,93957.66,2401.276,-2398.7637
356.31998,93933.62,2444.3782,-2397.0051
356.34,93899.98,2362.6602,-2396.8455
356.36,93871.125,2423.7083,-2395.4065
356.38,93948.04,2426.4321,-2394.9268
356.4,94020.15,2457.357,-2393.8076
356.41998,93943.234,2451.5886,-2393.488
356.44,93948.04,2498.0557,-2392.6885
356.46,93986.5,2435.7256,-2392.049
356.47998,93976.88,2424.6697,-2392.049
356.5,93976.88,2407.5251,-2391.0898
356.52,93996.11,2422.9072,-2390.61
356.53998,93976.88,2493.7292,-2388.692
356.56,94020.15,2378.8435,-2389.491
356.58,94048.99,2393.104,-2388.3718
356.6,94034.57,2428.355,-2388.2122
356.62,94010.53,2369.7102,-2387.4128
356.63998,94029.76,2437.0073,-2385.9739
356.66,94058.6,2386.8552,-2385.8142
356.68,94058.6,2475.463,-2384.3752
356.69998,94048.99,2421.465,-2384.3752
356.72,94092.25,2417.6194,-2383.576
356.74,94068.22,2408.0056,-2383.7358
356.75998,94140.32,2430.1177,-2381.9773
356.78,94087.445,2427.714,-2381.178
356.8,94101.86,2409.608,-2380.6982
356.81998,94140.32,2447.903,-2380.0588
356.84,94173.97,2389.419,-2379.739
356.86,94145.125,2424.1892,-2378.46
356.88,94149.94,2342.9514,-2379.4194
356.9,94130.71,2387.0154,-2377.9805
356.91998,94198.01,2390.7007,-2377.8206
356.94,94198.01,2456.556,-2376.5415
356.96,94250.88,2445.8203,-2375.1028
356.97998,94246.07,2446.4612,-2374.623
357.0,94193.2,2385.7334,-2374.3032
357.02,94212.43,2437.8088,-2373.824
357.03998,94231.66,2383.33,-2373.6638
357.06,94231.66,2396.6292,-2372.7048
357.08,94260.5,2426.1118,-2372.7048
357.1,94265.305,2444.218,-2371.4255
357.12,94241.266,2399.6736,-2371.106
357.13998,94241.266,2400.635,-2370.3064
357.16,94279.73,2343.5925,-2370.1467
357.18,94265.305,2362.6602,-2369.1875
357.19998,94284.53,2375.639,-2367.5889
357.22,94284.53,2351.2837,-2368.2283
357.24,94289.336,2386.054,-2367.7488
357.25998,94303.76,2350.4824,-2367.1094
357.28,94347.02,2399.9941,-2365.5105
357.3,94298.95,2431.7197,-2364.711
357.31998,94337.414,2453.832,-2364.5513
357.34,94347.02,2399.1929,-2363.5918
357.36,94332.59,2444.859,-2362.6328
357.38,94327.79,2404.3203,-2362.313
357.4,94351.83,2376.44,-2362.313
357.41998,94342.22,2364.4229,-2362.313
357.44,94337.414,2360.7373,-2360.8743
357.46,94395.086,2398.3916,-2360.5544
357.47998,94380.67,2370.3513,-2359.915
357.5,94395.086,2397.2703,-2359.1157
357.52,94423.94,2366.025,-2357.9966
357.53998,94390.28,2379.164,-2357.197
357.56,94419.125,2363.4612,-2357.197
357.58,94399.9,2420.824,-2356.5576
357.6,94428.74,2410.4092,-2356.0781
357.62,94423.94,2380.7664,-2355.1187
357.63998,94467.195,2389.8994,-2354.959
357.66,94457.58,2358.0134,-2354.4792
357.68,94452.77,2414.7354,-2353.9995
357.69998,94457.58,2371.7932,-2353.5203
357.72,94510.46,2348.5598,-2353.5203
357.74,94462.39,2414.0945,-2351.9214
357.75998,94496.04,2357.8533,-2351.6016
357.78,94476.805,2400.4749,-2350.3228
357.8,94544.11,2386.5347,-2350.3228
357.81998,94491.234,2370.6716,-2349.3635
357.84,94534.49,2340.8687,-2349.3635
357.86,94476.805,2371.1523,-2347.6047
357.88,94500.84,2408.967,-2347.445
357.9,94524.88,2364.2625,-2346.6455
357.91998,94548.914,2426.1118,-2345.6865
357.94,94548.914,2386.2144,-2345.8462
357.96,94553.72,2405.9226,-2344.4075
357.97998,94558.52,2386.2144,-2344.7273
358.0,94563.336,2387.496,-2344.0876
358.02,94577.76,2348.72,-2343.7678
358.03998,94635.44,2371.3125,-2343.1284
358.06,94582.56,2380.2854,-2342.0093
358.08,94601.79,2380.4458,-2340.8901
358.1,94616.21,2379.965,-2340.7305
358.12,94596.984,2368.2683,-2340.7305
358.13998,94621.016,2363.1409,-2340.4106
358.16,94630.63,2323.884,-2339.1316
358.18,94611.41,2355.2896,-2338.8118
358.19998,94611.41,2391.1812,-2337.533
358.22,94635.44,2413.6138,-2337.0532
358.24,94654.67,2349.8416,-2336.4138
358.25998,94635.44,2384.4517,-2336.5737
358.28,94596.984,2350.0017,-2334.8152
358.3,94649.86,2359.1353,-2334.6553
358.31998,94654.67,2356.5715,-2334.6553
358.34,94683.51,2409.2874,-2333.5361
358.36,94678.7,2390.0598,-2333.0564
358.38,94669.086,2359.7761,-2332.417
358.4,94707.54,2334.6196,-2332.2573
358.41998,94688.31,2368.5886,-2331.1382
358.44,94688.31,2332.056,-2330.6584
358.46,94697.93,2337.1833,-2330.3386
358.47998,94750.805,2346.1562,-2329.6992
358.5,94697.93,2395.0269,-2328.9
358.52,94717.164,2375.799,-2328.4204
358.53998,94765.23,2344.554,-2328.2605
358.56,94697.93,2346.9575,-2326.9814
358.58,94731.58,2350.803,-2327.1414
358.6,94736.39,2353.0461,-2326.8215
358.62,94765.23,2378.3628,-2325.223
358.63998,94702.734,2341.6697,-2324.2637
358.66,94760.42,2336.5425,-2324.1038
358.68,94755.62,2340.388,-2323.3044
358.69998,94736.39,2322.4421,-2323.7842
358.72,94774.84,2342.9514,-2322.665
358.74,94774.84,2341.6697,-2321.546
358.75998,94765.23,2387.496,-2320.5867
358.78,94746.0,2358.9746,-2321.0662
358.8,94770.03,2321.8013,-2320.2666
358.81998,94779.65,2320.1987,-2319.7874
358.84,94794.07,2363.942,-2318.828
358.86,94798.88,2334.4592,-2317.709
358.88,94808.49,2341.1892,-2317.549
358.9,94875.79,2390.7007,-2316.43
358.91998,94846.945,2424.1892,-2316.11
358.94,94842.14,2354.0078,-2316.5898
358.96,94837.33,2361.6987,-2315.4707
358.97998,94837.33,2324.0442,-2315.4707
359.0,94856.555,2350.6426,-2314.192
359.02,94837.33,2343.753,-2313.8718
359.03998,94880.59,2375.1582,-2312.593
359.06,94875.79,2350.6426,-2312.433
359.08,94870.984,2358.8145,-2311.7935
359.1,94919.05,2381.4072,-2311.154
359.12,94880.59,2350.4824,-2311.154
359.13998,94885.41,2350.4824,-2310.3547
359.16,94899.82,2323.4033,-2310.3547
359.18,94899.82,2325.967,-2309.2356
359.19998,94880.59,2325.0059,-2308.2764
359.22,94962.31,2332.697,-2307.637
359.24,94875.79,2336.8628,-2306.6777
359.25998,94933.47,2329.3318,-2306.5178
359.28,94981.54,2318.5964,-2306.3582
359.3,94938.27,2331.2546,-2305.8784
359.31998,94952.7,2303.695,-2305.3987
359.34,94919.05,2338.6255,-2304.5994
359.36,94957.51,2325.6467,-2304.1199
359.38,94962.31,2323.5635,-2303.1606
359.4,94981.54,2334.7798,-2302.3613
359.41998,94947.9,2284.6272,-2302.2012
359.44,94943.086,2362.1794,-2301.4019
359.46,94986.35,2236.2373,-2301.5618
359.47998,94986.35,2346.1562,-2300.283
359.5,94986.35,2280.942,-2300.123
359.52,94957.51,2288.7932,-2299.6433
359.53998,94991.16,2275.4941,-2299.1638
359.56,95044.03,2259.631,-2298.2043
359.58,95005.58,2367.4673,-2297.565
359.6,94899.82,2381.4072,-2298.3645
359.62,94981.54,2360.7373,-2296.6057
359.63998,94991.16,2316.0327,-2296.1262
359.66,95015.19,2303.214,-2295.6467
359.68,95010.38,2314.11,-2295.007
359.69998,95010.38,2316.834,-2294.0479
359.72,94991.16,2352.5654,-2293.2485
359.74,95048.84,2315.552,-2292.609
359.75998,95048.84,2267.3223,-2293.0886
359.78,95039.23,2289.434,-2291.65
359.8,95063.26,2333.338,-2291.65
359.81998,95000.766,2284.6272,-2290.8503
359.84,95048.84,2371.1523,-2290.211
359.86,95058.45,2295.6833,-2289.7312
359.88,94986.35,2302.413,-2288.932
359.9,95068.06,2274.052,-2288.7722
359.91998,95020.0,2316.0327,-2287.3333
359.94,95068.06,2322.2817,-2287.653
359.96,95068.06,2312.0269,-2286.6938
359.97998,95068.06,2257.8684,-2286.214
360.0,95087.29,2283.8262,-2286.0544
360.02,95082.484,2274.2122,-2285.5747
360.03998,95130.555,2384.6118,-2283.656
360.06,95111.33,2272.2896,-2284.7751
360.08,95058.45,2329.4922,-2283.4963
360.1,95140.17,2250.1775,-2283.8162
360.12,95096.914,2304.336,-2282.3772
360.13998,95116.14,2303.5347,-2282.0576
360.16,95092.1,2322.9226,-2281.0981
360.18,95092.1,2311.3862,-2280.4587
360.19998,95101.72,2323.4033,-2280.4587
360.22,95087.29,2288.7932,-2279.8193
360.24,95087.29,2278.6987,-2279.18
360.25998,95125.75,2317.635,-2277.581
360.28,95159.4,2274.3726,-2277.9006
360.3,95135.37,2337.023,-2277.1016
360.31998,95096.914,2288.633,-2276.7817
360.34,95101.72,2316.353,-2275.9824
360.36,95101.72,2277.2568,-2275.8225
360.38,95125.75,2236.2373,-2275.343
360.4,95144.98,2300.3298,-2274.2239
360.41998,95130.555,2336.8628,-2273.5845
360.44,95193.05,2285.1082,-2273.5845
360.46,95144.98,2286.0693,-2272.9446
360.47998,95188.24,2309.6235,-2272.625
360.5,95092.1,2293.1196,-2271.0264
360.52,95159.4,2303.8552,-2270.7065
360.53998,95173.82,2327.7297,-2270.7065
360.56,95164.2,2299.689,-2270.067
360.58,95169.01,2311.8667,-2269.2678
360.6,95154.59,2285.9092,-2268.6282
360.62,95135.37,2300.4902,-2268.4683
360.63998,95140.17,2226.9438,-2268.1487
360.66,95101.72,2256.747,-2267.5093
360.68,95120.945,2296.6448,-2266.2302
360.69998,95144.98,2331.0945,-2266.0703
360.72,95120.945,2257.2275,-2265.7505
360.74,95154.59,2323.884,-2264.9512
360.75998,95144.98,2316.0327,-2263.992
360.78,95173.82,2306.7393,-2263.5125
360.8,95096.914,2261.3938,-2263.3523
360.81998,95154.59,2293.2798,-2262.3933
360.84,95144.98,2286.39,-2261.434
360.86,95226.695,2316.5134,-2261.434
360.88,95173.82,2254.1833,-2260.7944
360.9,95169.01,2300.8108,-2259.8352
360.91998,95130.555,2298.4072,-2259.1958
360.94,95159.4,2319.8784,-2258.5564
360.96,95120.945,2221.1755,-2258.3965
360.97998,95149.78,2309.4634,-2257.7568
361.0,95169.01,2320.8396,-2257.4373
361.02,95164.2,2229.3472,-2256.9575
361.03998,95169.01,2293.1196,-2255.9983
361.06,95183.44,2295.363,-2255.199
361.08,95149.78,2257.0674,-2255.199
361.1,95140.17,2273.2507,-2254.7192
361.12,95135.37,2295.5232,-2253.76
361.13998,95154.59,2278.859,-2253.1206
361.16,95207.47,2286.8704,-2253.4404
361.18,95149.78,2253.0615,-2252.801
361.19998,95096.914,2272.4497,-2251.362
361.22,95144.98,2272.9304,-2251.2021
361.24,95135.37,2251.94,-2250.7227
361.25998,95130.555,2262.0347,-2249.2837
361.28,95106.52,2300.4902,-2248.8042
361.3,95144.98,2282.8647,-2248.1646
361.31998,95087.29,2301.2915,-2248.0046
361.34,95125.75,2258.9902,-2247.845
361.36,95082.484,2275.4941,-2247.0454
361.38,95044.03,2261.3938,-2247.0454
361.4,95048.84,2298.5676,-2245.4468
361.41998,95005.58,2287.5115,-2245.2869
361.44,95034.42,2268.4438,-2244.0078
361.46,94976.734,2280.942,-2243.688
361.47998,94943.086,2231.1099,-2243.688
361.5,94899.82,2290.2356,-2242.8887
361.52,94875.79,2238.9612,-2242.8887
361.53998,94962.31,2279.3396,-2242.2493
361.56,94919.05,2268.1233,-2241.9294
361.58,94875.79,2330.4536,-2240.9705
361.6,94846.945,2300.8108,-2240.4907
361.62,94837.33,2288.9536,-2239.5315
361.63998,94870.984,2213.324,-2238.5723
361.66,94832.52,2296.4844,-2238.892
361.68,94846.945,2250.6582,-2238.0928
361.69998,94798.88,2287.5115,-2237.1335
361.72,94803.69,2254.8242,-2236.334
361.74,94832.52,2284.307,-2235.6946
361.75998,94803.69,2297.9265,-2236.0144
361.78,94770.03,2249.216,-2235.055
361.8,94750.805,2290.8765,-2234.8953
361.81998,94736.39,2284.1465,-2233.2964
361.84,94784.45,2259.471,-2233.6162
361.86,94746.0,2228.7063,-2232.657
361.88,94717.164,2285.4285,-2231.5378
361.9,94707.54,2276.9363,-2231.5378
361.91998,94697.93,2235.9167,-2231.0583
361.94,94702.734,2235.4363,-2230.5786
361.96,94669.086,2275.8145,-2229.7793
361.97998,94717.164,2291.5173,-2228.82
362.0,94630.63,2250.9788,-2228.6602
362.02,94664.28,2226.303,-2227.8606
362.03998,94669.086,2284.467,-2227.541
362.06,94621.016,2278.859,-2227.0615
362.08,94683.51,2255.7854,-2226.5818
362.1,94669.086,2247.6138,-2226.2622
362.12,94611.41,2283.3455,-2225.303
362.13998,94635.44,2256.9072,-2224.8232
362.16,94601.79,2291.5173,-2223.864
362.18,94568.15,2270.5269,-2224.024
362.19998,94568.15,2235.9167,-2222.585
362.22,94582.56,2221.0151,-2222.2651
362.24,94524.88,2213.6445,-2222.1055
362.25998,94524.88,2274.052,-2220.8264
362.28,94544.11,2238.1602,-2220.9863
362.3,94563.336,2272.1294,-2221.146
362.31998,94534.49,2214.2856,-2219.3875
362.34,94544.11,2238.3203,-2219.7073
362.36,94505.66,2224.8608,-2218.4285
362.38,94486.42,2226.9438,-2218.5881
362.4,94505.66,2216.8494,-2217.3093
362.41998,94524.88,2254.1833,-2216.9895
362.44,94462.39,2244.2488,-2216.35
362.46,94467.195,2213.324,-2216.5098
362.47998,94452.77,2249.056,-2215.071
362.5,94428.74,2271.328,-2214.2715
362.52,94457.58,2252.4207,-2213.792
362.53998,94438.35,2251.4595,-2212.9927
362.56,94399.9,2203.71,-2213.1526
362.58,94409.51,2194.577,-2212.3533
362.6,94462.39,2224.7007,-2211.7139
362.62,94385.48,2255.1445,-2210.7544
362.63998,94423.94,2217.8105,-2210.7544
362.66,94380.67,2236.718,-2210.4346
362.68,94371.055,2225.0212,-2209.955
362.69998,94366.25,2214.7664,-2209.1558
362.72,94342.22,2210.1194,-2208.3564
362.74,94303.76,2258.83,-2207.557
362.75998,94385.48,2278.859,-2207.2373
362.78,94337.414,2262.8357,-2205.7983
362.8,94294.15,2243.7683,-2205.6384
362.81998,94303.76,2242.807,-2205.3186
362.84,94318.18,2305.137,-2204.6792
362.86,94274.92,2192.9746,-2204.6792
362.88,94274.92,2197.6213,-2204.1997
362.9,94284.53,2247.774,-2202.9207
362.91998,94270.11,2268.2837,-2202.441
362.94,94246.07,2228.7063,-2202.441
362.96,94241.266,2285.1082,-2201.0022
362.97998,94231.66,2220.5347,-2201.6418
363.0,94188.4,2277.2568,-2200.203
363.02,94121.09,2178.0732,-2200.203
363.03998,94279.73,2236.8782,-2198.4443
363.06,94298.95,2211.241,-2197.1653
363.08,93909.586,2158.8452,-2197.4849
363.1,94149.94,2208.357,-2197.1653
363.12,94289.336,2238.0,-2195.4067
363.13998,94347.02,2283.3455,-2196.0461
363.16,94202.81,2263.4766,-2194.927
363.18,94284.53,2209.9592,-2193.6482
363.19998,94169.164,2201.7874,-2194.2876
363.22,94159.55,2223.5789,-2192.8486
363.24,94246.07,2175.1887,-2192.8486
363.25998,94246.07,2227.2644,-2192.0493
363.28,94135.516,2197.301,-2191.25
363.3,94284.53,2210.44,-2190.1309
363.31998,94289.336,2231.1099,-2189.1716
363.34,94173.97,2227.104,-2189.0117
363.36,94073.02,2181.2778,-2188.6921
363.38,94217.234,2233.994,-2188.6921
363.4,94351.83,2192.8145,-2188.0527
363.41998,94226.84,2250.9788,-2186.7734
363.44,94308.56,2254.8242,-2186.294
363.46,94250.88,2227.4246,-2185.015
363.47998,94130.71,2181.1174,-2184.2156
363.5,94274.92,2217.33,-2184.056
363.52,94294.15,2281.9033,-2182.297
363.53998,94226.84,2238.801,-2182.9368
363.56,94255.69,2202.4282,-2182.457
363.58,94414.32,2220.3743,-2182.297
363.6,94217.234,2201.307,-2180.5383
363.62,94173.97,2221.3357,-2180.5383
363.63998,94265.305,2125.5168,-2179.0996
363.66,94294.15,2221.1755,-2179.0996
363.68,94135.516,2157.5635,-2178.7798
363.69998,94270.11,2237.6794,-2176.8616
363.72,94428.74,2212.523,-2176.7017
363.74,94222.04,2212.2026,-2175.4226
363.75998,94337.414,2186.8857,-2174.6233
363.78,94289.336,2213.6445,-2175.902
363.8,94318.18,2216.689,-2174.6233
363.81998,94298.95,2186.7256,-2173.8237
363.84,94231.66,2183.0403,-2173.3442
363.86,94404.7,2193.4556,-2173.1843
363.88,94337.414,2164.7737,-2172.0652
363.9,94217.234,2172.7854,-2170.3066
363.91998,94318.18,2213.6445,-2170.3066
363.94,94332.59,2179.355,-2169.3474
363.96,94347.02,2184.4824,-2169.827
363.97998,94347.02,2173.907,-2168.0684
364.0,94515.266,2189.1292,-2167.9087
364.02,94303.76,2210.7603,-2167.9087
364.03998,94332.59,2214.4458,-2166.1501
364.06,94385.48,2168.94,-2166.3098
364.08,94255.69,2207.3955,-2165.031
364.1,94371.055,2231.4302,-2164.2314
364.12,94303.76,2182.5596,-2162.7927
364.13998,94303.76,2148.2698,-2164.0715
364.16,94308.56,2122.3123,-2162.1533
364.18,94347.02,2187.687,-2162.313
364.19998,94337.414,2192.0132,-2161.8335
364.22,94265.305,2229.6677,-2160.3948
364.24,94371.055,2222.137,-2160.0747
364.25998,94510.46,2158.2043,-2160.2346
364.28,94423.94,2210.6,-2158.3162
364.3,94409.51,2198.4224,-2158.1565
364.31998,94601.79,2168.1387,-2157.357
364.34,94457.58,2238.9612,-2156.3977
364.36,94265.305,2178.3936,-2155.758
364.38,94443.164,2151.4744,-2155.5984
364.4,94371.055,2183.8416,-2154.4792
364.41998,94515.266,2214.4458,-2152.7207
364.44,94505.66,2154.3586,-2154.1597
364.46,94467.195,2157.0825,-2152.5608
364.47998,94419.125,2185.9246,-2153.52
364.5,94697.93,2214.2856,-2150.6423
364.52,94520.07,2167.4976,-2150.6423
364.53998,94510.46,2209.799,-2149.683
364.56,94500.84,2138.656,-2149.0435
364.58,94529.69,2206.9148,-2147.7646
364.6,94457.58,2250.4978,-2148.2441
364.62,94842.14,2184.0017,-2146.6455
364.63998,94347.02,2117.3452,-2146.1658
364.66,94534.49,2218.4514,-2145.5264
364.68,94563.336,2199.2239,-2145.3665
364.69998,94601.79,2146.6675,-2145.3665
364.72,94861.37,2197.6213,-2144.887
364.74,94577.76,2173.4263,-2143.448
364.75998,94596.984,2187.5266,-2142.8083
364.78,94563.336,2177.1116,-2142.6487
364.8,94544.11,2146.3472,-2142.0093
364.81998,94592.18,2167.3374,-2142.0093
364.84,94587.375,2144.1038,-2140.8901
364.86,94606.59,2141.38,-2140.2507
364.88,94625.82,2159.486,-2138.8115
364.9,94582.56,2188.969,-2138.492
364.91998,94577.76,2185.604,-2139.2913
364.94,94596.984,2161.0884,-2137.6926
364.96,94568.15,2128.5613,-2137.5327
364.97998,94616.21,2199.5442,-2135.2944
365.0,94592.18,2142.6619,-2135.7742
365.02,94616.21,2174.8684,-2135.6143
365.03998,94601.79,2164.1328,-2134.9746
365.06,94630.63,2187.687,-2133.8555
365.08,94563.336,2160.2874,-2134.0156
365.1,94592.18,2152.5962,-2134.0156
365.12,94582.56,2174.8684,-2132.257
365.13998,94577.76,2145.706,-2131.9373
365.16,94548.914,2141.8608,-2130.818
365.18,94582.56,2177.9128,-2130.1785
365.19998,94606.59,2110.7754,-2130.1785
365.22,94558.52,2180.9573,-2129.0596
365.24,94534.49,2171.5037,-2128.42
365.25998,94548.914,2115.5825,-2128.42
365.28,94596.984,2150.994,-2127.7805
365.3,94529.69,2170.222,-2126.6614
365.31998,94548.914,2179.9958,-2126.3416
365.34,94534.49,2171.5037,-2125.2224
365.36,94553.72,2171.3433,-2125.5422
365.38,94510.46,2157.8838,-2124.743
365.4,94505.66,2085.4587,-2124.2632
365.41998,94520.07,2188.969,-2123.7837
365.44,94496.04,2143.1426,-2123.144
365.46,94515.266,2194.2566,-2122.8245
365.47998,94486.42,2129.3625,-2121.8652
365.5,94520.07,2153.878,-2121.3855
365.52,94481.62,2184.4824,-2120.9058
365.53998,94486.42,2165.575,-2120.5862
365.56,94496.04,2145.0654,-2119.9468
365.58,94472.0,2139.4573,-2119.3074
365.6,94385.48,2140.8992,-2118.1882
365.62,94447.97,2157.0825,-2118.6675
365.63998,94438.35,2149.071,-2117.069
365.66,94390.28,2151.3142,-2117.3887
365.68,94409.51,2133.208,-2116.4297
365.69998,94419.125,2132.7273,-2116.7493
365.72,94366.25,2199.8647,-2114.8308
365.74,94385.48,2119.9087,-2116.1096
365.75998,94390.28,2154.6792,-2114.8308
365.78,94399.9,2165.4148,-2114.0312
365.8,94395.086,2140.5789,-2113.5518
365.81998,94356.64,2126.7988,-2112.7524
365.84,94366.25,2096.0342,-2111.9531
365.86,94337.414,2113.9802,-2111.4734
365.88,94303.76,2165.2546,-2110.674
365.9,94380.67,2151.955,-2110.674
365.91998,94308.56,2104.3662,-2109.8748
365.94,94356.64,2173.106,-2108.9153
365.96,94351.83,2154.5188,-2108.4358
365.97998,94250.88,2125.0361,-2108.276
366.0,94265.305,2150.0325,-2107.4766
366.02,94226.84,2112.538,-2107.4766
366.03998,94212.43,2110.7754,-2106.6772
366.06,94217.234,2127.1194,-2105.558
366.08,94284.53,2120.87,-2105.718
366.1,94385.48,2136.2524,-2105.0784
366.12,94169.164,2128.0806,-2103.9592
366.13998,94212.43,2121.8315,-2104.1194
366.16,94121.09,2118.4666,-2104.1194
366.18,94135.516,2136.7334,-2103.7996
366.19998,94149.94,2158.0442,-2102.2007
366.22,94149.94,2167.8184,-2101.721
366.24,94106.67,2125.677,-2101.0815
366.25998,94111.484,2116.2234,-2100.6018
366.28,94073.02,2135.4514,-2100.4421
366.3,94063.414,2142.822,-2099.163
366.31998,94020.15,2115.5825,-2099.163
366.34,94068.22,2155.16,-2098.5237
366.36,94005.73,2148.7505,-2097.8843
366.38,94029.76,2092.1885,-2097.5645
366.4,94015.336,2146.8276,-2096.7651
366.41998,93972.08,2165.2546,-2096.7651
366.44,94005.73,2094.9126,-2096.4453
366.46,94125.91,2073.4414,-2095.3262
366.47998,93943.234,2126.6387,-2094.5269
366.5,93938.43,2117.8257,-2094.5269
366.52,93933.62,2111.737,-2094.0474
366.53998,93866.32,2132.407,-2093.2478
366.56,93933.62,2057.7385,-2093.088
366.58,93904.78,2130.8044,-2092.1287
366.6,93818.26,2137.2139,-2091.809
366.62,93813.45,2100.2002,-2091.0095
366.63998,93765.375,2095.7136,-2090.69
366.66,93866.32,2076.1655,-2090.2102
366.68,93799.02,2120.069,-2089.091
366.69998,93803.83,2136.8936,-2088.9314
366.72,93755.766,2086.5806,-2087.4924
366.74,93746.15,2092.509,-2088.4517
366.75998,93712.5,2123.1133,-2087.3325
366.78,93750.96,2085.7795,-2086.693
366.8,93765.375,2149.071,-2086.0537
366.81998,93693.27,2112.538,-2085.574
366.84,93659.625,2103.7253,-2084.4548
366.86,93621.17,2065.2695,-2084.135
366.88,93654.81,2087.3816,-2083.8154
366.9,93650.01,2155.6406,-2083.4956
366.91998,93525.03,2102.764,-2082.3765
366.94,93601.945,2161.569,-2081.8967
366.96,93601.945,2131.125,-2081.4172
366.97998,93558.68,2059.5012,-2081.737
367.0,93611.555,2118.4666,-2081.5771
367.02,93525.03,2144.905,-2080.1382
367.03998,93491.375,2113.339,-2079.179
367.06,93448.12,2081.4531,-2078.8594
367.08,93433.695,2123.594,-2078.2197
367.1,93275.06,2065.7502,-2076.4612
367.12,93505.8,2114.461,-2077.2605
367.13998,93424.08,2156.7622,-2075.342
367.16,93467.34,2085.9397,-2076.621
367.18,93462.54,2101.4822,-2074.3828
367.19998,93424.08,2135.932,-2074.3828
367.22,93400.05,2077.9277,-2074.063
367.24,93404.85,2055.816,-2074.063
367.25998,93347.17,2111.8972,-2072.784
367.28,93332.75,2167.3374,-2071.9849
367.3,93351.98,2100.3604,-2071.345
367.31998,93318.33,2067.1924,-2071.9849
367.34,93289.49,2091.708,-2071.1853
367.36,93284.68,2110.9358,-2069.4268
367.38,93313.52,2110.9358,-2069.9062
367.4,93279.87,2046.2019,-2069.2668
367.41998,93270.26,2102.123,-2068.4673
367.44,93255.836,2067.1924,-2068.1477
367.46,93231.805,2091.708,-2067.6682
367.47998,93207.766,2090.9067,-2066.869
367.5,93207.766,2078.2485,-2067.5083
367.52,93174.12,2054.8545,-2066.549
367.53998,93164.51,2098.9185,-2065.43
367.56,93087.59,2086.0999,-2064.7905
367.58,93111.625,2064.4683,-2064.151
367.6,93174.12,2090.7463,-2064.151
367.62,93126.05,2121.6714,-2063.1917
367.63998,93053.945,2110.295,-2063.3516
367.66,93049.13,2061.7444,-2062.8718
367.68,93005.875,2069.5957,-2062.3923
367.69998,92991.45,2032.2616,-2061.433
367.72,92972.23,2118.4666,-2060.314
367.74,92977.03,2084.8179,-2059.8342
367.75998,92962.61,2080.3313,-2059.6746
367.78,92895.31,2074.8835,-2059.6746
367.8,92856.86,2059.982,-2058.715
367.81998,92852.055,2077.6074,-2057.4363
367.84,92885.7,2115.9028,-2057.2764
367.86,92880.89,2089.3044,-2057.596
367.88,92813.59,2076.0051,-2056.1572
367.9,92703.04,2091.0671,-2055.0383
367.91998,93097.21,2143.7834,-2055.198
367.94,92770.336,2109.4937,-2054.7183
367.96,92698.234,2082.094,-2053.2793
367.97998,92717.45,2050.5283,-2054.2388
368.0,92679.0,2095.393,-2052.4802
368.02,92630.93,2022.8081,-2053.759
368.03998,92602.086,2095.7136,-2051.8406
368.06,92491.53,2056.617,-2051.0413
368.08,92491.53,2097.1558,-2050.4016
368.1,92477.11,2112.2178,-2049.4426
368.12,92424.234,2088.9841,-2049.4426
368.13998,92371.35,2050.8486,-2048.963
368.16,92342.516,2102.924,-2048.4834
368.18,92361.74,2127.7603,-2047.5239
368.19998,92284.83,2091.8682,-2047.684
368.22,92241.56,2090.2659,-2046.4048
368.24,92284.83,2056.2966,-2046.7246
368.25998,92217.53,2068.6345,-2045.6057
368.28,92111.78,2078.4087,-2044.966
368.3,92058.9,2077.1267,-2044.4866
368.31998,92030.055,2105.1675,-2044.0068
368.34,91972.375,2084.6577,-2044.0068
368.36,91938.72,2050.8486,-2043.3674
368.38,91857.01,2109.0132,-2042.0883
368.4,91828.164,2045.2406,-2042.568
368.41998,91789.7,2108.2117,-2041.4489
368.44,91741.63,2062.065,-2040.8094
368.46,91717.6,2045.561,-2040.9691
368.47998,91631.08,2027.1342,-2040.01
368.5,91640.69,2067.3525,-2039.3705
368.52,91573.39,2062.5457,-2038.2513
368.53998,91510.9,2114.3008,-2037.7717
368.56,91299.39,2056.1365,-2036.9723
368.58,91472.445,2054.8545,-2037.292
368.6,91352.27,2047.3235,-2036.3329
368.62,91390.73,2073.121,-2036.4928
368.63998,91371.49,2071.3584,-2035.3737
368.66,91328.234,2084.8179,-2034.894
368.68,91260.94,2045.4009,-2035.2137
368.69998,91304.195,2047.003,-2033.6151
368.72,91193.64,2057.5784,-2032.6558
368.74,91188.836,2068.4744,-2032.8157
368.75998,91203.25,2047.9646,-2032.8157
368.78,91145.57,2048.7656,-2032.8157
368.8,91179.22,2034.0243,-2031.2169
368.81998,91116.73,1986.2749,-2031.6965
368.84,90982.13,2049.0862,-2030.2577
368.86,91102.31,2046.5223,-2029.6183
368.88,90924.445,2133.5286,-2028.6588
368.9,91020.586,2037.7097,-2028.6588
368.91998,90684.1,2033.5436,-2026.5806
368.94,90885.99,2043.7985,-2025.9412
368.96,90761.01,1996.5298,-2027.22
368.97998,90756.2,2068.6345,-2026.5806
369.0,90664.875,2030.8197,-2024.0226
369.02,90732.164,2026.974,-2025.3016
369.03998,90688.91,2078.8894,-2022.4237
369.06,90616.805,2088.5034,-2022.9034
369.08,90496.625,2048.7656,-2021.9443
369.1,90458.17,2070.5574,-2022.7437
369.12,90462.98,2019.9237,-2020.8252
369.13998,90443.74,2014.1554,-2021.4646
369.16,90462.98,2043.3177,-2020.5054
369.18,90472.59,2016.8793,-2019.3862
369.19998,90496.625,2081.6133,-2018.9066
369.22,90434.13,2029.057,-2017.9474
369.24,90395.68,2033.5436,-2017.7875
369.25998,90289.92,2007.2654,-2017.7875
369.28,90193.78,2060.9434,-2016.3486
369.3,90126.484,2027.6151,-2016.0289
369.31998,90121.68,2046.5223,-2015.5492
369.34,90049.58,2005.8234,-2014.9098
369.36,90015.92,2054.2136,-2014.59
369.38,89929.4,1985.3135,-2013.9506
369.4,89914.98,2042.8372,-2013.1511
369.41998,89905.37,2056.617,-2012.5117
369.44,89852.484,2031.4606,-2012.032
369.46,89857.29,2086.0999,-2011.2327
369.47998,89761.16,2086.901,-2010.5931
369.5,89823.65,2001.3368,-2011.3926
369.52,89717.89,2012.0723,-2009.7937
369.53998,89703.47,2016.7191,-2009.3143
369.56,89607.33,2067.1924,-2008.6746
369.58,89660.2,2038.3506,-2007.3958
369.6,89650.59,2049.727,-2006.4366
369.62,89602.52,2021.3658,-2007.2357
369.63998,89434.27,1976.0201,-2005.6372
369.66,89588.1,2022.0067,-2006.5963
369.68,89511.19,2008.8678,-2004.6777
369.69998,89559.26,2054.0532,-2004.1984
369.72,89540.03,1997.4912,-2003.7186
369.74,89463.125,1989.4796,-2003.3989
369.75998,89386.2,2067.5127,-2001.9601
369.78,89395.82,2088.3433,-2001.6404
369.8,89323.72,2022.9683,-2000.841
369.81998,89290.06,1992.8445,-2001.0006
369.84,89145.86,2001.8175,-2000.0415
369.86,89227.57,2022.0067,-1999.2422
369.88,89241.99,2031.1401,-2000.0415
369.9,89160.27,2089.7852,-1998.9224
369.91998,89213.16,1974.7383,-1999.0823
369.94,89155.47,2030.9799,-1997.1638
369.96,89088.17,2063.6672,-1996.6842
369.97998,89073.75,1992.524,-1995.725
370.0,89078.555,2034.1844,-1995.4052
370.02,88982.42,2034.5049,-1994.286
370.03998,89088.17,2022.4874,-1994.286
370.06,89025.68,2005.9836,-1994.286
370.08,88987.23,2003.7404,-1993.1669
370.1,89097.78,1986.9159,-1993.9663
370.12,89059.33,2026.4933,-1991.5682
370.13998,89020.875,2034.1844,-1991.4083
370.16,88977.62,1954.8694,-1990.9287
370.18,88934.34,2034.6652,-1990.4491
370.19998,88977.62,2029.8582,-1989.4897
370.22,88809.37,2014.4758,-1989.17
370.24,88746.875,1998.4526,-1988.8503
370.25998,88775.72,2019.2828,-1988.2108
370.28,88626.7,1990.2808,-1987.4115
370.3,88703.61,2007.9065,-1988.2108
370.31998,88641.125,1983.0703,-1985.9727
370.34,88660.34,1989.8,-1985.9727
370.36,88617.08,2016.0782,-1984.5338
370.38,88573.82,1967.3676,-1985.0133
370.4,88564.21,1973.6166,-1984.214
370.41998,88583.44,1994.607,-1984.214
370.44,88578.63,2038.671,-1983.0948
370.46,88511.33,1976.3406,-1982.9349
370.47998,88487.3,1965.6049,-1982.4553
370.5,88487.3,1985.7943,-1981.3362
370.52,88429.61,2049.2463,-1981.0165
370.53998,88439.23,2001.3368,-1980.377
370.56,88319.05,1990.7615,-1980.8567
370.58,88395.96,2062.866,-1979.098
370.6,88323.85,2021.2057,-1978.6184
370.62,88376.734,1973.4564,-1978.9381
370.63998,88352.7,1973.937,-1976.7
370.66,88357.51,1976.9816,-1976.5399
370.68,88160.42,2017.8408,-1975.9005
370.69998,88194.06,2017.0396,-1975.4209
370.72,88097.93,1964.8038,-1975.4209
370.74,87939.3,1997.0106,-1973.5024
370.75998,88107.54,1983.7112,-1973.982
370.78,88078.7,2001.3368,-1973.6622
370.8,88025.82,1964.964,-1972.3833
370.81998,88021.016,1996.5298,-1972.0636
370.84,88093.12,2010.1497,-1970.6246
370.86,87992.17,1987.5568,-1971.584
370.88,88030.63,2017.5201,-1969.8253
370.9,87953.72,2047.1632,-1968.8661
370.91998,87948.914,2005.9836,-1969.1858
370.94,87948.914,1988.8386,-1968.3864
370.96,88785.33,1637.1274,-1972.8629
370.97998,94322.984,1623.187,-1988.0509
371.0,95169.01,1987.3966,-1963.4304
371.02,95592.02,1996.2094,-1960.7124
371.03998,94813.3,1976.1803,-1959.4335
371.06,94039.375,2016.0782,-1959.2736
371.08,93452.92,2023.1285,-1961.9915
371.1,92808.79,2019.443,-1959.5934
371.12,92385.77,1997.1708,-1961.1921
371.13998,91885.84,1994.7673,-1959.7533
371.16,91179.22,1943.1724,-1959.5934
371.18,90885.99,2007.4255,-1959.1138
371.19998,90597.58,1985.9545,-1957.0354
371.22,91232.09,2023.9296,-1956.0762
371.24,91275.36,1979.8657,-1954.6373
371.25998,90861.95,1950.5431,-1953.8379
371.28,90631.22,1892.3785,-1953.678
371.3,90294.73,2036.1073,-1950.4806
371.31998,90083.22,1961.2787,-1950.6404
371.34,89501.57,1941.2496,-1950.4806
371.36,88597.86,1979.7054,-1950.0009
371.38,88266.17,1959.5161,-1949.0416
371.4,87497.05,1953.7478,-1948.7219
371.41998,87179.78,1992.0433,-1947.7627
371.44,86934.625,1961.9197,-1946.164
371.46,86920.21,1973.2961,-1945.0448
371.47998,86405.85,1995.7288,-1944.5652
371.5,86160.695,1986.7556,-1944.5652
371.52,85776.13,1960.3173,-1943.446
371.53998,85391.57,1941.2496,-1942.6467
371.56,84843.57,1970.7324,-1942.3269
371.58,84165.77,1976.9816,-1941.8473
371.6,83598.55,1998.1322,-1941.3678
371.62,82983.24,1908.4019,-1940.8881
371.63998,82425.62,1961.5991,-1939.1295
371.66,81887.234,1945.5758,-1938.8097
371.68,81502.67,2000.055,-1937.6907
371.69998,81267.12,2002.4584,-1937.3707
371.72,81166.18,1978.9043,-1935.7721
371.74,81021.96,1949.2612,-1935.7721
371.75998,80906.586,1950.3828,-1935.4524
371.78,80762.38,1975.6997,-1934.1733
371.8,80497.99,1944.6145,-1933.2141
371.81998,80084.58,1999.8948,-1932.4148
371.84,79627.914,1936.6028,-1931.7753
371.86,79228.92,1953.5875,-1930.8159
371.88,78878.01,1933.2379,-1930.0166
371.9,78594.39,1966.8868,-1929.3771
371.91998,78373.266,1940.1279,-1928.5778
371.94,78248.27,1937.0836,-1927.9382
371.96,78152.14,1928.5913,-1926.8191
371.97998,78012.734,1984.8329,-1926.1797
372.0,77940.625,1965.2844,-1924.9006
372.02,77733.92,1933.3982,-1924.9006
372.03998,77330.125,1973.7769,-1924.1012
372.06,76873.45,1957.7535,-1922.982
372.08,76445.625,1961.9197,-1921.8629
372.1,76017.8,1929.5526,-1921.3834
372.12,75676.49,1969.6108,-1921.0637
372.13998,75311.15,1956.632,-1920.1044
372.16,75051.56,1948.1395,-1918.9852
372.18,74691.03,1958.074,-1918.1859
372.19998,74359.336,1960.4774,-1917.8661
372.22,74133.414,1946.3771,-1915.7878
372.24,73811.33,1926.0276,-1914.9884
372.25998,73647.89,1925.0662,-1913.7094
372.28,73426.766,1883.2454,-1913.7094
372.3,73296.97,1993.3252,-1911.4711
372.31998,73383.5,1992.524,-1910.9916
372.34,73296.97,1933.2379,-1909.7125
372.36,73066.23,1902.954,-1909.073
372.38,72888.37,1952.9465,-1907.1545
372.4,73095.07,1884.6874,-1907.954
372.41998,72859.52,1930.1936,-1906.515
372.44,72691.27,1913.2089,-1905.7157
372.46,72465.34,1913.369,-1904.7565
372.47998,72345.164,1890.4558,-1904.2769
372.5,72229.8,1849.7567,-1904.2769
372.52,72032.695,1940.1279,-1901.8787
372.53998,71936.56,1891.4172,-1901.2391
372.56,71720.234,1939.6473,-1899.3207
372.58,71532.766,1898.4674,-1900.12
372.6,71321.25,1919.2977,-1898.5214
372.62,71229.91,1903.4347,-1897.8818
372.63998,71042.43,1973.7769,-1896.7627
372.66,70922.26,1910.8053,-1896.1232
372.68,70749.2,1928.7515,-1895.3239
372.69998,70590.56,1939.9678,-1894.6843
372.72,70388.664,1888.3728,-1893.885
372.74,70282.91,1896.3845,-1893.2455
372.75998,70124.27,1929.8732,-1892.2861
372.78,69999.29,1899.4288,-1891.6467
372.8,69859.88,1911.7667,-1890.6875
372.81998,69758.93,1907.6007,-1890.5276
372.84,69609.914,1918.6569,-1889.2487
372.86,69470.5,1949.2612,-1888.4492
372.88,69374.37,1886.7705,-1887.9696
372.9,69321.484,1914.9714,-1886.5308
372.91998,69206.12,1888.6932,-1886.6907
372.94,69076.31,1861.774,-1885.5715
372.96,69009.016,1913.8499,-1884.6122
372.97998,68946.52,1865.139,-1883.8129
373.0,68941.72,1937.2438,-1883.0134
373.02,68879.23,1919.4579,-1882.0542
373.03998,68922.484,1912.2474,-1881.5746
373.06,68840.766,1901.1915,-1881.4148
373.08,68927.3,1923.7843,-1880.6154
373.1,68840.766,1925.2263,-1878.537
373.12,68672.516,1869.3052,-1878.3771
373.13998,68658.1,1867.222,-1877.5778
373.16,68595.61,1883.0851,-1876.7783
373.18,68571.57,1871.7086,-1875.4994
373.19998,68499.46,1896.5447,-1875.979
373.22,68432.164,1895.4231,-1874.0605
373.24,68340.83,1884.5272,-1873.4209
373.25998,68292.75,1890.6161,-1871.8223
373.28,68211.04,1918.9773,-1870.3834
373.3,68148.55,1901.1915,-1870.2235
373.31998,68052.4,1909.3633,-1869.1044
373.34,67893.766,1918.9773,-1867.8254
373.36,67879.34,1853.442,-1867.6655
373.38,67792.81,1867.5425,-1866.3865
373.4,67590.914,1869.6256,-1865.9069
373.41998,67619.76,1877.9576,-1863.8285
373.44,67696.664,1917.375,-1863.9884
373.46,67485.16,1845.11,-1863.6687
373.47998,67499.58,1902.6335,-1862.5496
373.5,67312.09,1836.4574,-1862.0698
373.52,67206.34,1904.396,-1860.4711
373.53998,67057.32,1856.3262,-1859.5118
373.56,67028.48,1877.9576,-1859.0322
373.58,66629.484,1906.3188,-1858.3927
373.6,66826.58,1865.139,-1858.073
373.62,66759.27,1907.12,-1856.9539
373.63998,66677.555,1847.0327,-1856.6342
373.66,66552.57,1893.0195,-1854.8756
373.68,66509.305,1928.7515,-1854.3959
373.69998,66393.94,1867.8629,-1853.5966
373.72,66341.055,1888.3728,-1853.4366
373.74,66307.41,1871.8689,-1853.1168
373.75998,66201.65,1918.3363,-1851.9977
373.78,66086.27,1899.7493,-1850.7188
373.8,66052.63,1841.9053,-1849.9194
373.81998,65961.29,1925.0662,-1849.5996
373.84,65855.53,1898.147,-1848.6404
373.86,65879.57,1893.1798,-1848.1608
373.88,65744.97,1891.5775,-1847.3615
373.9,65677.67,1915.4521,-1846.2423
373.91998,65682.48,1832.2913,-1845.9225
373.94,65677.67,1871.0676,-1844.6434
373.96,65672.87,1843.3473,-1844.4836
373.97998,65682.48,1903.7551,-1843.0448
374.0,65720.93,1865.2992,-1843.2046
374.02,65802.66,1839.1813,-1842.5652
374.03998,66124.734,2653.8,-1826.8973
374.06,70191.57,1857.1274,-1835.051
374.08,70600.18,1834.8551,-1838.0886
374.1,70802.08,1858.8899,-1838.4083
374.12,71239.53,1878.4384,-1837.4492
374.13998,71104.92,1895.9037,-1836.9695
374.16,70792.47,1834.8551,-1836.6498
374.18,70446.35,1852.801,-1834.7312
374.19998,70153.11,1854.5637,-1834.4115
374.22,69869.49,1835.496,-1834.0918
374.24,69648.37,1911.927,-1832.8127
374.25998,69465.695,1846.3918,-1832.3331
374.28,69220.53,1895.2628,-1831.0541
374.3,69009.016,1845.4304,-1830.8943
374.31998,68749.43,1840.6234,-1829.9349
374.34,68595.61,1845.7509,-1830.4147
374.36,68427.36,1860.8127,-1828.8159
374.38,68547.53,1910.9656,-1827.377
374.4,68470.62,1864.4982,-1826.098
374.41998,68403.32,1882.4441,-1827.0573
374.44,68215.84,1840.7836,-1825.1388
374.46,68009.13,1831.9708,-1824.659
374.47998,67826.46,1869.4653,-1823.0604
374.5,67619.76,1829.4071,-1821.3018
374.52,67393.82,1859.5309,-1822.7407
374.53998,67499.58,1867.7028,-1820.1827
374.56,67369.79,1793.1945,-1821.6216
374.58,67538.04,1842.2258,-1819.8628
374.6,67076.55,1860.8127,-1819.2234
374.62,66951.56,1839.3416,-1817.9445
374.63998,66812.16,1826.8434,-1816.9851
374.66,66773.7,1778.1326,-1816.8253
374.68,66845.805,1887.5715,-1815.3865
374.69998,66490.08,1852.801,-1814.7468
374.72,66417.97,1827.4843,-1814.2673
374.74,66230.49,1844.3087,-1813.7876
374.75998,66115.125,1904.7166,-1811.7092
374.78,66119.93,1850.8784,-1811.8691
374.8,66033.4,1803.1289,-1811.5494
374.81998,65946.875,1873.7916,-1810.1105
374.84,65788.234,1837.7393,-1809.7908
374.86,65668.055,1825.0808,-1808.5117
374.88,65562.3,1817.8704,-1807.8723
374.9,65562.3,1836.2971,-1807.2328
374.91998,65427.695,1797.3606,-1806.4333
374.94,65389.24,1828.7662,-1806.1136
374.96,65278.67,1868.0233,-1804.6748
374.97998,65254.64,1781.3373,-1804.355
375.0,65120.035,1842.386,-1803.5557
375.02,64961.4,1821.716,-1801.9569
375.03998,64812.383,1835.0153,-1800.9976
375.06,64889.297,1833.0924,-1800.8378
375.08,64817.19,1816.1078,-1799.8784
375.1,64749.89,1844.9497,-1798.9192
375.12,64697.01,1846.7123,-1798.4396
375.13998,64572.023,1878.2781,-1796.841
375.16,64639.32,1849.5966,-1796.2013
375.18,64499.918,1821.075,-1795.7218
375.19998,64490.305,1789.3489,-1795.0822
375.22,64418.19,1762.4297,-1793.9631
375.24,64403.773,1807.6154,-1793.4835
375.25998,64331.668,1799.764,-1792.3644
375.28,64346.086,1813.8645,-1792.0447
375.3,64360.508,1806.9745,-1789.6465
375.31998,64096.113,1795.4377,-1788.6873
375.34,64326.86,1817.2294,-1787.8878
375.36,64254.75,1754.418,-1787.2484
375.38,64278.79,1814.8259,-1786.449
375.4,64307.63,1843.3473,-1785.4896
375.41998,64153.797,1819.6329,-1785.0101
375.44,64168.223,1785.9839,-1784.3705
375.46,64269.176,1838.7007,-1784.2107
375.47998,64360.508,1823.799,-1782.7719
375.5,63908.637,1786.6249,-1781.8125
375.52,64451.844,1786.3044,-1781.333
375.53998,64533.57,1788.2272,-1780.2139
375.56,64610.48,1830.2083,-1780.054
375.58,64668.168,1859.0502,-1779.2545
375.6,64596.062,1802.6482,-1778.2953
375.62,64605.676,1888.2125,-1777.496
375.63998,64644.133,1779.2542,-1777.0162
375.66,64711.434,1776.2097,-1776.8564
375.68,64605.676,1763.8718,-1775.7373
375.69998,64648.94,1752.3351,-1775.5774
375.72,64692.2,1793.3546,-1774.1385
375.74,64725.85,1857.4479,-1773.3391
375.75998,64677.78,1764.8333,-1773.3391
375.78,64754.7,1764.032,-1772.6997
375.8,64721.047,1809.2178,-1771.7405
375.81998,64735.465,1817.5498,-1771.5806
375.84,64697.01,1787.1056,-1770.7811
375.86,64629.707,1767.7174,-1769.3423
375.88,64586.44,1779.094,-1769.0226
375.9,64672.973,1796.5593,-1768.8625
375.91998,64572.023,1808.5768,-1767.9034
375.94,64586.44,1793.1945,-1766.6245
375.96,64547.99,1792.5536,-1766.1448
375.97998,64557.6,1823.4785,-1765.6652
376.0,64495.11,1767.0765,-1763.5868
376.02,64442.23,1757.9431,-1763.1072
376.03998,64629.707,1760.5068,-1762.9473
376.06,64490.305,1827.324,-1762.3077
376.08,64427.812,1802.6482,-1760.7091
376.1,64432.617,1766.9163,-1760.0695
376.12,64403.773,1748.6497,-1759.43
376.13998,64533.57,1758.5841,-1759.27
376.16,64365.312,1824.9205,-1757.6714
376.18,64249.94,1790.15,-1757.8312
376.19998,64206.676,1761.1478,-1757.8312
376.22,64177.836,1813.2236,-1755.7529
376.24,64120.152,1829.0867,-1755.4331
376.25998,64110.54,1762.59,-1754.9535
376.28,64019.2,1774.9279,-1753.9943
376.3,64033.62,1774.287,-1753.6746
376.31998,63942.29,1802.1675,-1751.9158
376.34,63884.598,1808.737,-1751.756
376.36,63870.176,1764.3525,-1751.9158
376.38,63850.953,1756.9817,-1750.3171
376.4,63759.613,1785.9839,-1750.7966
376.41998,63701.926,1739.0358,-1749.9974
376.44,63716.348,1799.2833,-1748.3986
376.46,63697.12,1801.5265,-1748.0789
376.47998,63649.047,1785.8237,-1747.2794
376.5,63629.824,1724.6147,-1747.5992
376.52,63548.098,1739.6766,-1746.7998
376.53998,63480.8,1789.6693,-1745.2012
376.56,63442.34,1728.7808,-1745.2012
376.58,63403.88,1777.6519,-1745.0413
376.6,63389.46,1770.6017,-1744.2418
376.62,63375.043,1763.231,-1742.9629
376.63998,63302.938,1733.7479,-1742.9629
376.66,63259.67,1765.1537,-1741.6838
376.68,63230.824,1777.6519,-1741.2041
376.69998,63182.754,1787.5863,-1741.0443
376.72,63177.945,1783.7407,-1739.9252
376.74,63072.188,1769.48,-1739.6055
376.75998,63048.156,1812.4224,-1738.806
376.78,63014.504,1721.2499,-1738.1666
376.8,62985.664,1797.2003,-1738.0067
376.81998,62932.785,1773.646,-1737.8468
376.84,62831.832,1747.6882,-1736.4078
376.86,62817.406,1767.0765,-1735.6085
376.88,62817.406,1780.0554,-1735.4487
376.9,62778.953,1779.2542,-1734.8092
376.91998,62793.375,1735.6708,-1734.3296
376.94,62687.617,1765.6344,-1733.5302
376.96,62668.39,1740.4778,-1733.2104
376.97998,62620.316,1728.6205,-1732.411
377.0,62586.664,1746.5667,-1731.9314
377.02,62543.4,1731.1842,-1731.6116
377.03998,62480.906,1762.59,-1730.4924
377.06,62452.066,1714.8406,-1730.4924
377.08,62442.45,1721.41,-1730.1727
377.1,62394.383,1786.3044,-1729.3733
377.12,62351.117,1707.1493,-1728.7339
377.13998,62317.465,1710.354,-1727.7747
377.16,62245.36,1772.6846,-1726.9752
377.18,62264.586,1695.933,-1727.1351
377.19998,62206.9,1753.1361,-1726.1759
377.22,62125.176,1766.9163,-1724.577
377.24,62110.754,1720.2885,-1725.2167
377.25998,62120.367,1752.6555,-1724.577
377.28,61976.16,1737.5935,-1723.9376
377.3,62086.723,1717.0837,-1723.4579
377.31998,62351.117,1788.067,-1722.6587
377.34,61932.895,1722.6919,-1722.3387
377.36,61990.58,1743.3619,-1721.5396
377.38,61860.78,1695.292,-1721.6993
377.4,61880.016,1752.4952,-1720.4204
377.41998,61860.78,1748.4894,-1719.1414
377.44,61793.48,1716.4429,-1719.621
377.46,61846.36,1805.8529,-1718.8217
377.47998,61817.523,1751.8542,-1718.1821
377.5,61952.117,1713.3983,-1717.3827
377.52,61831.94,1767.397,-1717.063
377.53998,61687.723,1767.8776,-1715.7839
377.56,61692.53,1768.038,-1715.7839
377.58,61649.266,1729.2615,-1715.1444
377.6,61625.234,1750.5724,-1713.8654
377.62,61586.773,1721.5703,-1714.505
377.63998,61529.09,1728.4603,-1712.5864
377.66,61533.895,1738.7152,-1713.0662
377.68,61264.695,1711.3154,-1712.2667
377.69998,61524.28,1723.1726,-1711.7871
377.72,61452.176,1726.217,-1710.8279
377.74,61529.09,1720.7692,-1710.8279
377.75998,61481.016,1717.5645,-1709.5488
377.78,61596.387,1750.0918,-1708.9093
377.8,61471.402,1701.8616,-1708.1099
377.81998,61207.008,1731.9855,-1708.4297
377.84,61620.426,1738.8755,-1708.2698
377.86,61413.72,1729.9023,-1708.2698
377.88,61375.258,1737.7539,-1705.7117
377.9,61312.766,1716.9235,-1705.7117
377.91998,61197.395,1710.5142,-1704.4327
377.94,61428.137,1733.4275,-1704.4327
377.96,61221.43,1677.6664,-1703.7933
377.97998,61351.227,1705.547,-1703.3136
378.0,61216.62,1722.5316,-1703.4735
378.02,61202.203,1690.6453,-1702.5143
378.03998,61346.418,1707.63,-1702.834
378.06,61365.645,1736.472,-1701.0753
378.08,61168.55,1670.1354,-1700.9154
378.1,61202.203,1715.3212,-1699.9563
378.12,61312.766,1735.9912,-1698.6771
378.13998,61211.816,1743.2018,-1697.5581
378.16,61130.098,1710.6744,-1698.1976
378.18,61226.234,1732.4661,-1697.2383
378.19998,61101.25,1707.9504,-1697.718
378.22,61091.637,1731.5046,-1696.1191
378.24,61019.53,1734.0685,-1695.9594
378.25998,61106.06,1666.2898,-1696.1191
378.28,61082.023,1747.2075,-1693.5612
378.3,61043.566,1719.8077,-1693.5612
378.31998,61110.863,1712.7574,-1692.442
378.34,61067.598,1694.9716,-1691.6427
378.36,61048.37,1696.5739,-1690.6835
378.38,61057.984,1769.1595,-1690.044
378.4,61053.18,1689.043,-1689.7242
378.41998,60817.63,1640.332,-1688.9248
378.44,61067.598,1716.603,-1688.1254
378.46,61110.863,1672.6992,-1687.8057
378.47998,61077.22,1727.659,-1687.6458
378.5,61125.29,1711.4756,-1687.0062
378.52,61077.22,1720.2885,-1686.2069
378.53998,61053.18,1717.7247,-1685.7273
378.56,61091.637,1696.4137,-1684.6082
378.58,60889.734,1711.6359,-1683.8088
378.6,61009.914,1729.1012,-1683.1692
378.62,61158.938,1717.244,-1683.0094
378.63998,60990.688,1710.8346,-1682.21
378.66,61029.145,1698.4967,-1680.931
378.68,61014.72,1710.9949,-1680.6112
378.69998,61101.25,1685.5178,-1679.652
378.72,61005.105,1696.7341,-1679.1724
378.74,60971.46,1657.6372,-1678.3729
378.75998,60966.652,1700.099,-1678.0532
378.78,61428.137,1712.9177,-1677.4137
378.8,60981.074,1727.659,-1676.4545
378.81998,60913.773,1708.9119,-1676.4545
378.84,60928.195,1669.815,-1675.9749
378.86,60889.734,1733.9082,-1674.536
378.88,60913.773,1705.0662,-1674.3761
378.9,60856.082,1732.6263,-1674.2162
378.91998,60846.47,1671.898,-1672.9371
378.94,60870.508,1694.6511,-1672.9371
378.96,60846.47,1716.9235,-1672.2977
378.97998,60836.855,1700.099,-1671.4983
379.0,60812.824,1704.906,-1670.6989
379.02,60860.895,1716.1224,-1670.0594
379.03998,60793.59,1691.126,-1669.7397
379.06,60759.945,1693.2091,-1668.9403
379.08,60740.71,1678.9482,-1668.3008
379.1,60716.68,1692.5681,-1667.6613
379.12,60731.098,1690.3248,-1668.1409
379.13998,60673.414,1677.5062,-1667.0217
379.16,60678.22,1650.4268,-1666.5421
379.18,60692.64,1686.9598,-1666.5421
379.19998,60673.414,1695.1318,-1665.5829
379.22,60630.15,1698.3364,-1664.6237
379.24,60606.113,1660.5214,-1664.304
379.25998,60553.234,1642.2549,-1663.8243
379.28,60601.31,1733.7479,-1663.0249
379.3,60538.81,1665.3284,-1663.0249
379.31998,60519.582,1664.2068,-1662.7052
379.34,60457.09,1718.0452,-1661.1063
379.36,60476.316,1689.043,-1660.9465
379.38,60466.703,1650.7472,-1661.1063
379.4,60433.05,1744.9644,-1659.6675
379.41998,60245.574,1659.56,-1659.3478
379.44,60394.598,1666.2898,-1659.028
379.46,60384.98,1666.6102,-1657.9088
379.47998,60351.332,1677.0254,-1658.0687
379.5,60418.633,1674.1412,-1657.1095
379.52,60356.14,1638.7297,-1657.7489
379.53998,60322.49,1691.7668,-1656.6298
379.56,60231.156,1679.5891,-1655.6707
379.58,60274.414,1649.6255,-1655.5106
379.6,60086.938,1691.6067,-1655.1909
379.62,60187.89,1703.6241,-1654.2317
379.63998,60264.8,1666.1296,-1653.1125
379.66,60259.996,1690.1646,-1653.4324
379.68,60086.938,1676.705,-1651.8335
379.69998,60279.223,1685.678,-1653.1125
379.72,60202.31,1674.3015,-1652.9526
379.74,60101.36,1646.7413,-1651.1941
379.75998,60202.31,1659.7203,-1650.2349
379.78,60120.586,1697.5353,-1649.2755
379.8,60183.086,1698.9773,-1648.796
379.81998,60293.65,1672.6992,-1647.5168
379.84,60077.33,1672.2184,-1647.9966
379.86,60110.973,1637.2876,-1647.9966
379.88,60000.406,1695.1318,-1646.8774
379.9,60110.973,1671.7378,-1646.078
379.91998,60101.36,1641.1332,-1646.7175
379.94,60091.746,1672.2184,-1645.1187
379.96,60178.27,1677.1857,-1645.1187
379.97998,60173.465,1678.6277,-1644.3195
380.0,59880.23,1620.7836,-1643.2003
380.02,60038.867,1626.8724,-1641.2817
380.03998,60072.51,1690.485,-1642.4009
380.06,59774.473,1636.3262,-1641.2817
380.08,59985.99,1657.9576,-1642.0812
380.1,59985.99,1660.5214,-1640.962
380.12,59981.18,1636.3262,-1639.8429
380.13998,59827.35,1642.2549,-1639.5231
380.16,60019.633,1624.4689,-1639.5231
380.18,59947.527,1658.2781,-1638.8835
380.19998,59894.65,1626.2316,-1637.9243
380.22,59942.723,1596.9088,-1638.404
380.24,60274.414,1644.1777,-1637.1249
380.25998,59851.383,1654.5928,-1636.8052
380.28,59856.195,1649.4653,-1636.4855
380.3,59832.156,1653.3109,-1636.0057
380.31998,59870.613,1674.3015,-1635.0466
380.34,59846.58,1644.6583,-1634.7268
380.36,59774.473,1629.5963,-1634.407
380.38,59769.664,1687.2804,-1633.7675
380.4,59760.05,1717.4043,-1633.128
380.41998,59716.785,1632.1602,-1632.8083
380.44,59707.17,1612.9323,-1632.6484
380.46,59683.133,1650.2665,-1632.0089
380.47998,59683.133,1632.6409,-1631.3694
380.5,59697.56,1626.7122,-1630.5701
380.52,60029.254,1663.4056,-1630.7299
380.53998,59625.45,1611.3298,-1629.9305
380.56,59577.375,1650.2665,-1629.4509
380.58,59529.305,1627.1929,-1628.3318
380.6,59500.46,1674.3015,-1628.3318
380.62,59543.727,1669.9752,-1627.6923
380.63998,59519.69,1585.372,-1627.852
380.66,59586.99,1642.0946,-1626.4132
380.68,59481.23,1593.544,-1626.0935
380.69998,59529.305,1631.0386,-1626.7329
380.72,59510.074,1667.4115,-1624.9744
380.74,59490.848,1597.71,-1624.8145
380.75998,59466.812,1635.8456,-1624.3348
380.78,59466.812,1653.7916,-1624.1749
380.8,59409.13,1648.6641,-1623.5355
380.81998,59442.777,1659.3998,-1622.7361
380.84,59418.742,1627.5134,-1622.5763
380.86,59380.28,1673.8207,-1622.0966
380.88,59409.13,1642.415,-1621.2972
380.9,59399.51,1616.938,-1620.9774
380.91998,59361.055,1625.5906,-1620.4978
380.94,59332.21,1640.6526,-1619.6984
380.96,59346.633,1608.7661,-1619.3787
380.97998,59341.824,1603.3181,-1619.5386
381.0,59293.754,1711.796,-1618.0997
381.02,59293.754,1608.2854,-1618.0997
381.03998,59274.523,1649.1449,-1617.3003
381.06,59284.14,1633.1215,-1617.3003
381.08,59269.715,1573.1942,-1616.9806
381.1,59293.754,1646.1003,-1615.3817
381.12,59250.49,1644.6583,-1616.0212
381.13998,59236.066,1621.5847,-1615.3817
381.16,59183.188,1683.4347,-1614.7423
381.18,59236.066,1651.7086,-1614.4226
381.19998,59144.73,1646.7413,-1613.1434
381.22,59197.61,1680.7108,-1613.3035
381.24,59183.188,1661.1624,-1612.9836
381.25998,59163.96,1624.9497,-1612.504
381.28,59168.766,1655.8746,-1611.5447
381.3,59149.54,1619.5017,-1611.7046
381.31998,59144.73,1605.0807,-1611.3849
381.34,59115.887,1666.2898,-1609.946
381.36,59139.92,1604.6001,-1611.0652
381.38,59115.887,1654.5928,-1609.6262
381.4,59077.43,1611.49,-1609.6262
381.41998,59087.043,1597.069,-1608.6669
381.44,59043.777,1663.5659,-1607.7078
381.46,59063.008,1629.9169,-1608.1874
381.47998,59019.746,1632.801,-1607.5479
381.5,59053.395,1585.6925,-1607.5479
381.52,59019.746,1613.4128,-1606.9083
381.53998,59038.973,1637.9285,-1606.4287
381.56,59067.812,1609.5673,-1605.6293
381.58,58981.285,1610.3684,-1605.3096
381.6,58962.055,1663.8864,-1604.5101
381.62,58971.67,1586.8142,-1604.67
381.63998,58938.02,1594.6655,-1603.5509
381.66,59038.973,1603.7988,-1603.8706
381.68,58966.863,1610.2081,-1602.7515
381.69998,58962.055,1634.8842,-1602.272
381.72,58981.285,1633.2819,-1601.9521
381.74,58986.094,1627.1929,-1600.833
381.75998,58981.285,1575.9182,-1601.6323
381.78,58885.14,1644.9788,-1600.5132
381.8,58904.37,1582.3276,-1600.5132
381.81998,58904.37,1663.8864,-1599.8738
381.84,58889.953,1604.2795,-1599.2343
381.86,58832.26,1616.297,-1598.7546
381.88,58851.492,1649.305,-1598.5947
381.9,58846.688,1578.6422,-1598.5947
381.91998,58861.105,1646.5812,-1597.1558
381.94,58813.035,1615.3357,-1597.1558
381.96,58822.65,1587.7755,-1597.3157
381.97998,58832.26,1626.3917,-1596.0366
382.0,58798.613,1673.3401,-1595.3972
382.02,58798.613,1591.6212,-1595.7169
382.03998,58808.227,1597.3894,-1594.7577
382.06,58755.348,1639.5309,-1594.1183
382.08,58793.81,1606.5228,-1594.9175
382.1,58779.383,1618.7006,-1593.7983
382.12,58750.543,1614.2141,-1593.4786
382.13998,58755.348,1617.8994,-1593.1589
382.16,58760.156,1640.973,-1591.7201
382.18,58764.965,1611.3298,-1591.5602
382.19998,58740.93,1599.4725,-1591.5602
382.22,58649.59,1625.5906,-1589.9614
382.24,58654.4,1597.3894,-1590.2811
382.25998,58726.504,1570.9509,-1590.601
382.28,58731.312,1609.0865,-1590.441
382.3,58654.4,1627.0326,-1589.0021
382.31998,58712.086,1564.7019,-1589.162
382.34,58596.71,1639.0502,-1587.5632
382.36,58659.207,1578.8025,-1587.5632
382.38,58654.4,1595.627,-1587.4034
382.4,58625.555,1628.9554,-1586.2843
382.41998,58591.906,1577.2001,-1586.7639
382.44,58707.273,1593.8644,-1586.1244
382.46,58601.52,1655.0735,-1585.4849
382.47998,58587.098,1558.4529,-1585.4849
382.5,58673.625,1641.1332,-1584.046
382.52,58933.215,1616.938,-1583.8861
382.53998,58558.254,1573.6749,-1583.7262
382.56,58563.062,1602.8374,-1583.5663
382.58,58510.184,1592.1018,-1582.767
382.6,58514.99,1607.324,-1582.767
382.62,58375.582,1605.241,-1581.8077
382.63998,58524.6,1621.104,-1581.0083
382.66,58524.6,1627.1929,-1580.3688
382.68,58563.062,1619.3416,-1579.7294
382.69998,58558.254,1637.608,-1577.8108
382.72,59601.414,1856.166,-1585.1652
382.74,58495.76,1613.0924,-1578.6102
382.75998,58539.027,1596.7485,-1578.4503
382.78,58630.36,1565.5032,-1576.6917
382.8,58625.555,1577.6808,-1576.5317
382.81998,58572.676,1638.5695,-1575.5725
382.84,58582.293,1624.7893,-1575.7323
382.86,58591.906,1590.179,-1575.2528
382.88,58365.965,1570.7908,-1574.7732
382.9,58591.906,1609.2467,-1573.814
382.91998,58630.36,1626.0713,-1573.3342
382.94,58582.293,1567.586,-1573.3342
382.96,58606.33,1558.1323,-1572.5349
382.97998,58587.098,1571.1112,-1571.8954
383.0,58563.062,1584.4106,-1571.7355
383.02,58577.48,1626.2316,-1571.4158
383.03998,58543.832,1564.8622,-1571.2559
383.06,58563.062,1601.5555,-1570.6163
383.08,58510.184,1577.3604,-1569.8169
383.1,58548.64,1552.5242,-1569.3374
383.12,58534.22,1602.8374,-1568.6978
383.13998,58543.832,1580.7252,-1568.6978
383.16,58553.45,1574.9569,-1567.8984
383.18,58543.832,1605.4011,-1567.5786
383.19998,58519.797,1542.2693,-1566.7793
383.22,58505.375,1570.7908,-1566.4596
383.24,58514.99,1559.4142,-1566.7793
383.25998,58529.414,1545.6342,-1565.1805
383.28,58471.723,1621.9052,-1565.0206
383.3,58505.375,1588.0961,-1564.541
383.31998,58481.34,1599.1521,-1564.2213
383.34,58490.953,1603.1578,-1563.262
383.36,58452.496,1581.0458,-1562.7823
383.38,58452.496,1629.1157,-1562.1428
383.4,58481.34,1601.075,-1562.1428
383.41998,58591.906,1572.5533,-1561.8231
383.44,58808.227,1570.9509,-1561.5034
383.46,58423.656,1591.3007,-1560.0645
383.47998,58442.883,1542.7499,-1560.8639
383.5,58433.27,1606.2024,-1559.7448
383.52,58351.547,1584.8914,-1559.425
383.53998,58365.965,1607.1638,-1558.4657
383.56,58390.004,1560.0552,-1558.4657
383.58,58529.414,1659.8805,-1556.707
383.6,58524.6,1598.3508,-1557.5065
383.62,58736.12,1613.4128,-1557.1868
383.63998,58385.195,1592.9031,-1555.1083
383.66,58423.656,1557.4915,-1555.1083
383.68,58553.45,1636.0057,-1553.3496
383.69998,58462.11,1592.5825,-1554.4688
383.72,58457.305,1562.4586,-1553.9891
383.74,58495.76,1581.0458,-1553.3496
383.75998,58539.027,1516.1512,-1552.3905
383.78,58346.74,1599.1521,-1552.7102
383.8,58341.93,1569.9895,-1551.1113
383.81998,58370.773,1567.2656,-1551.2714
383.84,58442.883,1576.7194,-1551.4312
383.86,58442.883,1543.2307,-1550.6317
383.88,58457.305,1519.3558,-1550.7916
383.9,58524.6,1589.3779,-1549.0331
383.91998,58438.074,1598.9918,-1548.7133
383.94,58433.27,1593.3837,-1546.6348
383.96,58428.46,1594.6655,-1547.1145
383.97998,58135.223,1529.4506,-1547.4342
384.0,58447.688,1530.2517,-1546.6348
384.02,58423.656,1552.0435,-1546.1553
384.03998,58466.918,1566.785,-1546.3151
384.06,58457.305,1541.1476,-1545.1959
384.08,58265.016,1555.7288,-1544.3965
384.1,58447.688,1568.5475,-1543.7571
384.12,58471.723,1572.8738,-1544.0768
384.13998,58476.535,1553.0049,-1543.4373
384.16,58572.676,1572.2328,-1543.7571
384.18,58428.46,1592.5825,-1542.1582
384.19998,58433.27,1523.0413,-1542.1582
384.22,58476.535,1524.1628,-1541.6787
384.24,58260.207,1555.2482,-1540.7194
384.25998,58207.33,1544.5125,-1539.7601
384.28,58428.46,1594.986,-1539.4404
384.3,58394.81,1552.8446,-1538.4811
384.31998,58289.05,1495.8015,-1539.2805
384.34,58390.004,1552.0435,-1538.641
384.36,58404.426,1569.5089,-1538.1614
384.38,58399.617,1565.6633,-1538.3213
384.4,58414.04,1568.227,-1536.2428
384.41998,58428.46,1569.5089,-1536.083
384.44,58548.64,1560.6962,-1535.9231
384.46,58394.81,1563.5803,-1535.4435
384.47998,58385.195,1556.0493,-1534.6442
384.5,58365.965,1573.034,-1534.4841
384.52,58356.35,1558.2926,-1534.3243
384.53998,58423.656,1567.586,-1532.8854
384.56,58356.35,1542.2693,-1533.6848
384.58,58414.04,1520.798,-1532.4059
384.6,58423.656,1560.5358,-1532.2458
384.62,58793.81,1571.9124,-1530.9669
384.63998,58365.965,1575.9182,-1531.2867
384.66,58428.46,1561.1768,-1530.9669
384.68,58399.617,1554.9277,-1530.6472
384.69998,58390.004,1537.1418,-1529.5281
384.72,58399.617,1558.1323,-1529.8478
384.74,58385.195,1567.2656,-1528.7286
384.75998,58322.703,1524.4833,-1528.7286
384.78,58361.16,1534.8986,-1528.0891
384.8,58202.523,1508.7805,-1527.6095
384.81998,58332.316,1534.4177,-1527.2898
384.84,58313.086,1537.9429,-1526.1707
384.86,58361.16,1557.171,-1526.3304
384.88,58414.04,1548.999,-1525.3712
384.9,58332.316,1542.109,-1525.531
384.91998,58322.703,1539.0646,-1523.9324
384.94,58298.668,1567.7463,-1523.9324
384.96,58298.668,1579.1229,-1523.7725
384.97998,58269.824,1546.275,-1524.4119
385.0,58260.207,1529.6107,-1523.1329
385.02,58240.98,1578.9626,-1521.6941
385.03998,58221.754,1542.7499,-1522.3335
385.06,58202.523,1555.0879,-1521.8539
385.08,58245.79,1541.3079,-1521.2144
385.1,58221.754,1505.736,-1520.8947
385.12,58202.523,1554.9277,-1520.575
385.13998,58173.68,1543.5511,-1519.7755
385.16,58202.523,1536.5009,-1520.2552
385.18,58197.715,1552.2036,-1519.9354
385.19998,58183.293,1526.8868,-1519.1361
385.22,58192.91,1517.4331,-1518.4965
385.24,58091.957,1576.7194,-1517.6971
385.25998,57774.684,1506.5372,-1518.1768
385.28,58101.57,1552.8446,-1517.2175
385.3,58140.03,1558.9335,-1516.8978
385.31998,58091.957,1507.1781,-1516.2583
385.34,58106.38,1541.3079,-1516.0984
385.36,58010.234,1523.3617,-1515.4589
385.38,58087.15,1491.4752,-1514.9792
385.4,58082.344,1512.4658,-1514.6594
385.41998,58106.38,1539.2247,-1513.7002
385.44,58077.535,1489.2319,-1514.4995
385.46,58106.38,1545.1533,-1513.7002
385.47998,57995.812,1489.5524,-1512.9009
385.5,58000.62,1534.0973,-1513.0607
385.52,58096.766,1568.7078,-1511.6218
385.53998,57976.586,1531.6938,-1511.6218
385.56,58010.234,1498.846,-1511.1421
385.58,57952.547,1518.3945,-1511.4619
385.6,57971.777,1512.9465,-1510.6626
385.62,57966.973,1526.7266,-1509.2238
385.63998,57899.668,1557.0106,-1509.3835
385.66,57938.13,1559.4142,-1509.3835
385.68,57870.83,1524.4833,-1508.5841
385.69998,57914.094,1515.0295,-1508.2644
385.72,57890.055,1514.2284,-1507.9446
385.74,57846.79,1556.0493,-1507.465
385.75998,57885.25,1552.5242,-1507.465
385.78,57817.95,1553.0049,-1506.8254
385.8,57851.598,1515.1898,-1506.6655
385.81998,57890.055,1504.294,-1506.6655
385.84,57822.754,1586.3334,-1505.0669
385.86,57817.95,1530.5721,-1505.0669
385.88,57803.523,1534.7383,-1504.5872
385.9,57793.91,1528.9698,-1503.9478
385.91998,57798.72,1552.2036,-1503.7878
385.94,57813.14,1534.4177,-1503.6279
385.96,57736.227,1510.543,-1503.468
385.97998,57731.418,1530.0916,-1502.8286
386.0,57721.805,1540.5066,-1502.0292
386.02,57707.383,1513.7477,-1502.0292
386.03998,57736.227,1504.6144,-1502.1891
386.06,57692.96,1561.337,-1501.7095
386.08,57659.312,1526.5664,-1500.7502
386.1,57668.926,1508.2997,-1500.91
386.12,57659.312,1540.026,-1499.7909
386.13998,57654.504,1506.0564,-1499.7909
386.16,57630.47,1465.3572,-1500.1106
386.18,57577.59,1515.1898,-1498.8317
386.19998,57577.59,1518.8751,-1498.512
386.22,57635.273,1490.3536,-1498.512
386.24,57611.24,1516.3114,-1498.0322
386.25998,57582.395,1513.908,-1497.7125
386.28,57577.59,1461.3513,-1496.9131
386.3,57543.938,1524.4833,-1496.5934
386.31998,57519.902,1504.4541,-1496.5934
386.34,57577.59,1470.3243,-1496.4335
386.36,57505.48,1512.7863,-1495.3143
386.38,57505.48,1489.0718,-1495.4742
386.4,57510.29,1524.8037,-1494.6748
386.41998,57476.637,1529.2903,-1494.5149
386.44,57457.41,1527.047,-1493.7156
386.46,57447.797,1554.6072,-1493.7156
386.47998,57452.6,1534.8986,-1493.236
386.5,57414.145,1498.2051,-1492.4365
386.52,57394.918,1501.2494,-1492.5964
386.53998,57394.918,1548.8389,-1491.7971
386.56,57394.918,1499.1664,-1491.6372
386.58,57452.6,1513.7477,-1491.9569
386.6,57356.457,1532.6553,-1491.6372
386.62,57361.266,1504.1337,-1490.1982
386.63998,57313.19,1516.7921,-1490.0385
386.66,57346.844,1500.7688,-1490.0385
386.68,57327.613,1456.384,-1490.0385
386.69998,57313.19,1499.0061,-1489.5588
386.72,57375.688,1551.5627,-1488.5995
386.74,57284.348,1498.846,-1488.7594
386.75998,57332.42,1480.7396,-1488.5995
386.78,57289.156,1492.9174,-1487.4803
386.8,57284.348,1466.3186,-1487.8002
386.81998,57260.312,1466.3186,-1487.4803
386.84,57303.58,1549.6399,-1486.3612
386.86,57217.05,1530.0916,-1486.0414
386.88,57188.207,1453.8203,-1486.0414
386.9,57202.63,1494.039,-1485.402
386.91998,57193.016,1500.929,-1484.9222
386.94,57193.016,1501.0892,-1483.963
386.96,57212.242,1505.095,-1484.2828
386.97998,57207.434,1509.9021,-1483.1637
387.0,57193.016,1519.3558,-1483.3236
387.02,57183.4,1499.4869,-1482.8439
387.03998,57130.52,1416.0052,-1483.963
387.06,57101.676,1512.3057,-1482.0446
387.08,57154.555,1530.0916,-1481.8848
387.1,57096.87,1493.3981,-1481.5648
387.12,57159.363,1495.0004,-1481.405
387.13998,57077.64,1485.3864,-1481.2451
387.16,57144.94,1475.7723,-1480.2859
387.18,57106.484,1496.4424,-1479.8063
387.19998,57221.855,1462.7935,-1479.8063
387.22,57087.258,1511.0238,-1479.0068
387.24,57077.64,1478.336,-1478.847
387.25998,57082.445,1517.2728,-1478.5272
387.28,57043.992,1511.8248,-1478.6871
387.3,57005.53,1486.3478,-1477.8877
387.31998,57019.953,1508.2997,-1477.0884
387.34,57010.344,1497.7242,-1476.7686
387.36,56986.305,1542.5897,-1476.4489
387.38,56981.496,1479.4578,-1476.4489
387.4,57010.344,1479.1372,-1476.289
387.41998,56957.465,1505.2554,-1475.3297
387.44,56938.234,1538.5839,-1475.1698
387.46,56967.074,1539.2247,-1475.0099
387.47998,56933.426,1505.095,-1474.5304
387.5,56967.074,1490.3536,-1473.8907
387.52,56904.582,1483.1431,-1473.571
387.53998,56875.74,1473.6893,-1473.2513
387.56,56899.773,1534.8986,-1473.2513
387.58,56894.97,1487.4695,-1472.6118
387.6,56885.355,1473.3689,-1472.7716
387.62,56861.316,1486.6682,-1472.2921
387.63998,56880.547,1495.6412,-1471.4927
387.66,56813.246,1468.5618,-1471.0131
387.68,56769.98,1477.5349,-1470.8531
387.69998,56789.21,1498.5255,-1470.0538
387.72,56789.21,1444.8472,-1470.2136
387.74,56765.17,1505.8962,-1469.8939
387.75998,56745.945,1478.336,-1468.6149
387.78,56794.016,1497.2437,-1469.4142
387.8,56717.1,1481.5406,-1468.9347
387.81998,56731.523,1435.2333,-1468.6149
387.84,56731.523,1470.3243,-1468.295
387.86,56731.523,1481.06,-1467.9753
387.88,56678.645,1516.6318,-1466.5364
387.9,56683.453,1467.9209,-1467.0161
387.91998,56712.293,1467.1198,-1467.0161
387.94,56635.38,1506.8577,-1466.0569
387.96,56640.188,1512.4658,-1466.0569
387.97998,56760.367,1508.2997,-1465.2574
388.0,56678.645,1482.5021,-1464.9377
388.02,56611.344,1495.0004,-1464.2981
388.03998,56620.957,1482.1816,-1464.4581
388.06,56553.66,1494.3594,-1463.8186
388.08,56606.535,1452.6987,-1464.4581
388.1,56582.5,1469.3629,-1463.339
388.12,56495.97,1482.8226,-1462.3796
388.13998,56500.78,1455.5829,-1462.6995
388.16,56428.67,1489.8729,-1461.1006
388.18,56572.883,1477.6951,-1461.9
388.19998,56500.78,1489.0718,-1460.4612
388.22,56582.5,1469.3629,-1461.2605
388.24,56428.67,1505.4155,-1459.0223
388.25998,56625.766,1497.5641,-1461.4204
388.28,56620.957,1509.9021,-1459.342
388.3,56438.285,1479.2975,-1459.342
388.31998,56380.598,1456.384,-1458.7024
388.34,56457.51,1477.0542,-1458.2229
388.36,56058.516,1422.2543,-1459.0223
388.38,56467.125,1461.5115,-1457.5833
388.4,56419.055,1429.3046,-1458.063
388.41998,56462.32,1478.6565,-1456.9438
388.44,56298.88,1478.9769,-1456.3043
388.46,56659.414,1505.5758,-1455.5049
388.47998,56404.633,1493.2378,-1455.9846
388.5,56298.88,1483.6238,-1455.5049
388.52,56337.332,1484.4249,-1454.8655
388.53998,56337.332,1496.7628,-1455.1852
388.56,56106.586,1511.5044,-1453.1068
388.58,56193.12,1422.2543,-1453.5864
388.6,56395.023,1465.998,-1453.2666
388.62,56246.0,1478.9769,-1452.4672
388.63998,55947.95,1448.8531,-1451.508
388.66,56419.055,1510.543,-1451.348
388.68,56284.453,1541.7886,-1450.2289
388.69998,56303.684,1453.3396,-1450.3889
388.72,56467.125,1443.7256,-1451.6678
388.74,56255.61,1455.1022,-1449.4297
388.75998,56154.66,1447.0905,-1448.95
388.78,56409.44,1448.5326,-1449.5895
388.8,56342.14,1471.7665,-1447.9906
388.81998,56068.133,1439.3994,-1447.3512
388.84,56289.26,1427.2216,-1446.5518
388.86,56279.65,1397.0975,-1447.3512
388.88,56337.332,1477.8553,-1446.232
388.9,56289.26,1435.3934,-1446.392
388.91998,56274.84,1521.1184,-1444.3135
388.94,56322.914,1448.0519,-1445.2728
388.96,56087.36,1431.3877,-1442.8746
388.97998,56318.105,1473.3689,-1442.7147
389.0,56592.113,1441.1619,-1442.8746
389.02,56327.72,1464.7162,-1442.7147
389.03998,56313.297,1471.446,-1441.9154
389.06,56318.105,1459.2683,-1441.5956
389.08,56207.54,1492.7571,-1441.2759
389.1,56294.07,1467.7607,-1440.956
389.12,56318.105,1506.8577,-1439.6771
389.13998,56246.0,1448.0519,-1439.6771
389.16,56346.95,1489.3922,-1439.3573
389.18,56471.938,1425.2988,-1437.9185
389.19998,56332.527,1415.5245,-1438.558
389.22,56279.65,1467.6005,-1438.7179
389.24,56303.684,1474.0098,-1438.0782
389.25998,56270.035,1447.5713,-1437.7585
389.28,56087.36,1472.7279,-1437.2788
389.3,56270.035,1440.3607,-1436.7993
389.31998,56212.344,1494.5197,-1436.4796
389.34,56178.695,1516.3114,-1435.6802
389.36,56193.12,1436.3549,-1435.9999
389.38,56246.0,1443.8857,-1435.2004
389.4,56260.418,1445.0074,-1434.7208
389.41998,56231.574,1420.652,-1433.7616
389.44,56255.61,1443.4052,-1434.0813
389.46,56217.156,1425.1384,-1433.6017
389.47998,56197.926,1405.1093,-1433.4419
389.5,56265.223,1464.0753,-1432.9622
389.52,56289.26,1428.0227,-1432.4825
389.53998,56217.156,1428.0227,-1431.2036
389.56,56111.395,1449.9747,-1431.5233
389.58,56183.504,1458.7876,-1431.0437
389.6,56207.54,1445.1677,-1430.7239
389.62,56212.344,1495.8015,-1430.0845
389.63998,56159.465,1480.7396,-1429.285
389.66,56183.504,1444.0461,-1428.8053
389.68,56121.01,1401.1035,-1429.9246
389.69998,56154.66,1459.108,-1428.0061
389.72,56221.96,1475.612,-1428.0061
389.74,56241.19,1444.687,-1427.8462
389.75998,56125.816,1436.3549,-1427.0468
389.78,56087.36,1433.631,-1427.2067
389.8,56058.516,1451.7373,-1426.0875
389.81998,55818.156,1471.1256,-1425.7678
389.84,56087.36,1426.9011,-1426.4072
389.86,56068.133,1463.2742,-1425.6079
389.88,56145.047,1464.7162,-1424.8085
389.9,56130.625,1414.8837,-1424.4886
389.91998,56246.0,1435.7139,-1424.6487
389.94,56096.977,1438.9186,-1423.5295
389.96,56034.48,1440.8414,-1423.5295
389.97998,55971.99,1502.6915,-1422.8899
390.0,55986.41,1429.3046,-1422.7301
390.02,56020.06,1455.5829,-1422.2504
390.03998,55967.18,1470.9653,-1421.9307
390.06,55971.99,1406.231,-1422.2504
390.08,55981.6,1438.2777,-1421.451
390.1,55933.527,1416.1655,-1422.0906
390.12,55996.023,1459.2683,-1420.3319
390.13998,55928.723,1444.2063,-1420.6517
390.16,55731.625,1416.3257,-1420.9714
390.18,55933.527,1435.3934,-1420.172
390.19998,55952.758,1423.6964,-1419.6924
390.22,55871.035,1409.4357,-1420.0121
390.24,55851.805,1446.4496,-1418.2535
390.25998,55822.965,1393.2521,-1417.9337
390.28,55423.965,1407.6731,-1417.614
390.3,55818.156,1453.1793,-1417.1344
390.31998,55832.58,1428.183,-1416.8146
390.34,55842.195,1379.9526,-1416.8146
390.36,55851.805,1435.3934,-1415.8553
390.38,55712.4,1455.7432,-1416.0153
390.4,55746.047,1424.9783,-1416.0153
390.41998,55731.625,1455.7432,-1414.7362
390.44,55726.82,1456.2239,-1414.7362
390.46,55736.438,1411.038,-1414.5763
390.47998,55697.977,1444.8472,-1414.0967
390.5,55673.94,1430.4263,-1413.1375
390.52,55731.625,1424.0168,-1413.2972
390.53998,55712.4,1470.6448,-1413.1375
390.56,55697.977,1459.108,-1412.8177
390.58,55673.94,1397.7385,-1412.6577
390.6,55654.71,1441.8029,-1411.8584
390.62,55654.71,1434.1116,-1411.3788
390.63998,55683.56,1407.1924,-1411.0591
390.66,55611.45,1440.3607,-1411.0591
390.68,55572.99,1451.8975,-1409.94
390.69998,55621.062,1411.8391,-1410.0997
390.72,55587.414,1401.1035,-1410.2596
390.74,55520.11,1425.9397,-1409.4602
390.75998,55553.758,1434.1116,-1408.8208
390.78,55529.727,1428.9841,-1408.9806
390.8,55539.34,1421.7737,-1408.3411
390.81998,55505.69,1414.4028,-1408.1812
390.84,55500.88,1435.8743,-1407.8615
390.86,55486.46,1410.7175,-1407.3817
390.88,55496.074,1461.3513,-1407.062
390.9,55467.23,1397.2579,-1406.7423
390.91998,55318.207,1473.529,-1406.1028
390.94,55481.656,1394.5338,-1406.7423
390.96,55481.656,1441.4823,-1405.3035
390.97998,55462.426,1410.5573,-1405.9429
391.0,55414.35,1445.328,-1404.504
391.02,55380.703,1426.9011,-1404.664
391.03998,55399.93,1442.1233,-1404.1842
391.06,55385.508,1422.4146,-1404.3442
391.08,55419.16,1424.3374,-1403.7046
391.1,55361.473,1376.7479,-1403.7046
391.12,55351.86,1421.6133,-1402.9053
391.13998,55371.086,1395.4952,-1403.7046
391.16,55342.242,1415.6847,-1402.2657
391.18,55332.633,1434.2719,-1402.4257
391.19998,55313.402,1395.0146,-1401.7861
391.22,55222.062,1419.3701,-1401.4663
391.24,55274.945,1452.6987,-1400.3473
391.25998,55265.33,1417.928,-1400.667
391.28,55284.56,1421.2928,-1400.5071
391.3,55303.79,1451.2566,-1400.0275
391.31998,55231.68,1423.5361,-1399.8676
391.34,55226.875,1433.7911,-1399.7076
391.36,55241.293,1428.0227,-1398.5885
391.38,55173.996,1415.3643,-1398.4287
391.4,55250.91,1456.384,-1397.7891
391.41998,55164.38,1403.1865,-1397.3096
391.44,55106.69,1379.6322,-1397.1497
391.46,55159.57,1399.9818,-1397.1497
391.47998,55130.727,1439.5596,-1396.67
391.5,55097.074,1362.327,-1396.9899
391.52,55073.043,1454.1407,-1396.0305
391.53998,55077.85,1397.4181,-1395.8707
391.56,55077.85,1389.5667,-1395.8707
391.58,55077.85,1431.8683,-1395.0713
391.6,55087.46,1416.8064,-1395.0713
391.62,55044.195,1397.4181,-1394.4318
391.63998,55000.934,1342.9387,-1395.2311
391.66,55044.195,1396.9374,-1394.2719
391.68,55010.547,1389.4065,-1393.6324
391.69998,55010.547,1388.9257,-1393.7922
391.72,54962.477,1395.6555,-1392.833
391.74,54938.438,1416.0052,-1392.833
391.75998,54972.094,1405.5901,-1392.3533
391.78,54928.824,1403.1865,-1391.8737
391.8,54943.246,1433.3104,-1391.2341
391.81998,54861.523,1396.1362,-1390.9144
391.84,54861.523,1399.6614,-1391.0743
391.86,54928.824,1411.038,-1390.4348
391.88,54866.332,1425.9397,-1390.2749
391.9,54904.79,1472.2472,-1388.9958
391.91998,54847.105,1401.9047,-1389.3156
391.94,54823.07,1402.5455,-1389.1558
391.96,54842.293,1396.7771,-1388.3564
391.97998,54808.645,1412.9608,-1388.5164
392.0,54779.8,1391.9702,-1387.7169
392.02,55116.305,1394.8544,-1387.3972
392.03998,54914.402,1375.3059,-1386.9175
392.06,54823.07,1386.0415,-1386.4379
392.08,54803.84,1386.5222,-1386.2781
392.1,54674.043,1395.3351,-1385.3187
392.12,54847.105,1376.7479,-1385.6384
392.13998,54818.258,1390.3679,-1384.6792
392.16,54899.984,1407.8334,-1384.5193
392.18,54827.875,1368.8965,-1384.5193
392.19998,55231.68,1433.631,-1383.2404
392.22,54755.766,1382.8368,-1382.6008
392.24,54847.105,1407.6731,-1382.7606
392.25998,54770.19,1407.6731,-1383.0804
392.28,54789.414,1432.3491,-1382.6008
392.3,54774.996,1411.679,-1381.9613
392.31998,54770.19,1440.8414,-1381.4817
392.34,54760.574,1427.2216,-1380.842
392.36,54702.887,1433.7911,-1380.3625
392.38,54784.61,1358.321,-1381.162
392.4,54712.5,1375.1456,-1381.162
392.41998,54722.117,1390.3679,-1380.3625
392.44,54736.535,1397.8988,-1379.8829
392.46,54698.082,1391.8099,-1379.4032
392.47998,54669.24,1379.7925,-1378.6038
392.5,54635.586,1364.2498,-1378.444
392.52,54664.43,1398.3795,-1377.6445
392.53998,54654.816,1418.2485,-1377.8046
392.56,54683.656,1435.5537,-1377.3248
392.58,54625.973,1399.1807,-1377.0051
392.6,54577.9,1384.7596,-1376.5254
392.62,54597.13,1375.7865,-1376.6854
392.63998,54592.324,1360.4042,-1376.6854
392.66,54625.973,1397.8988,-1375.2465
392.68,54525.02,1395.9761,-1374.9266
392.69998,54549.06,1378.9912,-1374.9266
392.72,54558.67,1413.2812,-1374.2871
392.74,54539.44,1385.8813,-1375.2465
392.75998,54491.37,1386.6825,-1373.9674
392.78,54481.754,1405.4298,-1373.6477
392.8,54520.215,1319.7047,-1373.9674
392.81998,54452.914,1393.893,-1373.3279
392.84,54188.52,1400.9432,-1372.2087
392.86,54467.336,1374.8251,-1371.7291
392.88,54472.14,1372.7422,-1371.7291
392.9,54404.84,1406.5515,-1371.4094
392.91998,54496.18,1384.2789,-1371.5693
392.94,54443.3,1365.2112,-1370.61
392.96,54375.996,1399.9818,-1370.61
392.97998,54385.61,1414.5631,-1369.6508
393.0,54400.035,1373.2228,-1369.331
393.02,54390.42,1415.6847,-1369.4908
393.03998,54332.73,1375.6263,-1368.3717
393.06,54332.73,1407.8334,-1368.5316
393.08,54361.574,1419.2098,-1367.5723
393.1,54299.082,1390.8485,-1367.7322
393.12,54303.89,1416.0052,-1367.7322
393.13998,54270.24,1384.1187,-1368.0519
393.16,54279.85,1375.1456,-1368.2119
393.18,54289.47,1391.8099,-1367.0927
393.19998,54251.01,1344.2205,-1367.5723
393.22,54236.586,1373.5432,-1366.613
393.24,54226.973,1341.0159,-1366.773
393.25998,54222.168,1362.0065,-1365.8136
393.28,54212.55,1354.4755,-1365.9735
393.3,54159.67,1402.3854,-1365.0142
393.31998,54174.094,1371.1398,-1364.5347
393.34,54212.55,1415.3643,-1364.8544
393.36,54130.83,1384.7596,-1363.895
393.38,54332.73,1412.1595,-1364.2148
393.4,54111.6,1392.1304,-1363.2556
393.41998,54106.793,1400.7831,-1362.7759
393.44,54097.18,1430.1058,-1362.6161
393.46,54063.53,1389.2462,-1361.497
393.47998,53852.01,1382.3562,-1361.8167
393.5,53876.047,1323.3901,-1361.8167
393.52,54058.723,1399.5012,-1361.1772
393.53998,54077.95,1363.769,-1360.2179
393.56,53981.805,1374.6649,-1361.0173
393.58,54082.758,1381.7152,-1360.2179
393.6,54082.758,1343.2592,-1359.7383
393.62,54053.914,1362.9679,-1358.939
393.63998,54121.215,1356.3983,-1358.939
393.66,54279.85,1368.0955,-1357.9796
393.68,54020.266,1371.9409,-1358.1395
393.69998,54025.07,1373.2228,-1357.1803
393.72,53952.965,1361.8462,-1357.8198
393.74,53972.19,1425.9397,-1355.7413
393.75998,53827.977,1360.4042,-1356.3809
393.78,53981.805,1380.7538,-1354.942
393.8,53952.965,1359.1223,-1355.7413
393.81998,53919.312,1359.4427,-1354.3024
393.84,54395.227,1369.8579,-1354.4623
393.86,53977.0,1370.8193,-1353.9827
393.88,53986.617,1356.3983,-1353.8229
393.9,54034.684,1406.3911,-1353.8229
393.91998,54015.457,1415.3643,-1352.0641
393.94,54087.566,1346.624,-1352.7037
393.96,53962.58,1352.072,-1352.7037
393.97998,53938.543,1402.2251,-1351.1049
394.0,53900.086,1358.321,-1350.945
394.02,53952.965,1371.6205,-1350.7852
394.03998,53962.58,1392.6112,-1351.1049
394.06,53885.66,1357.1995,-1349.8258
394.08,53890.473,1340.2147,-1349.3463
394.1,53866.434,1410.5573,-1349.1863
394.12,53861.63,1391.3293,-1348.5469
394.13998,53827.977,1366.0123,-1348.8666
394.16,53852.01,1370.0181,-1348.0671
394.18,53827.977,1405.4298,-1347.7474
394.19998,53832.78,1332.0428,-1348.387
394.22,53823.168,1325.1527,-1347.7474
394.24,53813.555,1378.831,-1346.948
394.25998,53803.94,1366.6532,-1346.1486
394.28,53794.33,1315.699,-1347.1079
394.3,53803.94,1367.134,-1345.9888
394.31998,53755.867,1358.1609,-1345.6691
394.34,53808.746,1356.5586,-1345.3494
394.36,53799.133,1338.7726,-1345.5092
394.38,53957.77,1389.4065,-1344.5499
394.4,53760.676,1386.2018,-1344.2302
394.41998,53727.023,1383.3176,-1344.5499
394.44,53698.184,1366.8136,-1343.5906
394.46,53727.023,1397.5784,-1342.7913
394.47998,53275.15,1354.155,-1343.1111
394.5,53688.57,1302.5597,-1343.5906
394.52,53722.22,1351.9117,-1342.3116
394.53998,53664.53,1341.817,-1341.1925
394.56,53635.69,1298.2335,-1342.3116
394.58,53621.266,1372.1012,-1341.8319
394.6,53611.652,1328.0369,-1341.5122
394.62,53635.69,1388.2848,-1340.553
394.63998,53602.04,1396.7771,-1340.2332
394.66,53597.23,1368.4158,-1339.2739
394.68,53587.617,1346.624,-1340.2332
394.69998,53563.582,1367.6146,-1339.7535
394.72,53568.387,1394.3737,-1339.114
394.74,53520.316,1370.9795,-1338.7942
394.75998,53328.027,1341.0159,-1337.3553
394.78,53510.703,1293.106,-1338.3147
394.8,53505.895,1324.5117,-1337.8351
394.81998,53525.12,1341.9773,-1336.8759
394.84,53727.023,1382.9971,-1336.2362
394.86,53592.426,1392.7714,-1334.7974
394.88,53678.953,1326.4346,-1336.3961
394.9,53448.207,1366.493,-1335.5967
394.91998,53621.266,1322.9094,-1331.7596
394.94,53424.17,1300.637,-1334.4775
394.96,53563.582,1332.0428,-1333.3584
394.97998,53606.844,1335.568,-1333.0387
395.0,53515.508,1362.4872,-1332.559
395.02,53539.547,1361.686,-1332.8788
395.03998,53578.0,1309.2896,-1332.2393
395.06,53539.547,1367.4545,-1331.9196
395.08,53558.773,1366.1726,-1331.28
395.1,53635.69,1311.5328,-1331.4398
395.12,53895.277,1372.9023,-1330.1609
395.13998,53491.473,1341.817,-1330.001
395.16,53496.28,1329.6393,-1329.8412
395.18,53486.668,1335.7281,-1329.6813
395.19998,53501.086,1327.396,-1329.0417
395.22,53481.855,1389.086,-1327.9226
395.24,53457.82,1329.7996,-1328.5621
395.25998,53453.016,1387.0029,-1326.6436
395.28,53448.207,1333.3247,-1327.9226
395.3,53457.82,1325.1527,-1326.8035
395.31998,53428.977,1375.1456,-1326.6436
395.34,53433.79,1311.0522,-1326.9633
395.36,53404.94,1389.4065,-1326.164
395.38,53366.484,1389.4065,-1325.0448
395.4,53400.137,1328.3573,-1326.004
395.41998,53390.523,1304.002,-1325.6843
395.44,53414.56,1364.8907,-1325.0448
395.46,53323.22,1316.5001,-1324.4053
395.47998,53347.258,1299.5154,-1324.5652
395.5,53342.45,1325.4731,-1324.0854
395.52,53318.414,1311.2124,-1324.0854
395.53998,53294.38,1312.6545,-1323.9257
395.56,53337.645,1366.3328,-1323.6058
395.58,53313.605,1323.7106,-1322.6466
395.6,53352.062,1364.2498,-1322.3269
395.62,53279.953,1338.6123,-1321.6874
395.63998,53294.38,1366.9738,-1321.8472
395.66,53222.27,1361.2053,-1320.888
395.68,53222.27,1362.327,-1320.2485
395.69998,53207.844,1304.6428,-1320.888
395.72,53203.04,1361.0452,-1320.0886
395.74,53188.62,1283.6522,-1320.5682
395.75998,53217.46,1312.0135,-1319.9286
395.78,53255.918,1356.3983,-1319.2892
395.8,53193.426,1305.1234,-1318.8096
395.81998,53159.777,1326.2744,-1318.17
395.84,53159.777,1332.5234,-1318.4897
395.86,53126.125,1376.9082,-1317.3706
395.88,53140.547,1331.7223,-1317.3706
395.9,53097.28,1340.6954,-1317.5305
395.91998,53063.633,1328.8381,-1316.891
395.94,53078.05,1294.5481,-1316.891
395.96,53073.246,1329.6393,-1315.6119
395.97998,53063.633,1322.7493,-1316.2515
396.0,53049.21,1350.4696,-1315.4521
396.02,53005.94,1339.4136,-1315.1323
396.03998,53029.98,1360.5643,-1315.1323
396.06,53020.367,1332.0428,-1314.6527
396.08,53068.438,1276.2815,-1314.6527
396.1,53015.56,1318.2627,-1313.3737
396.12,52996.332,1346.624,-1312.8942
396.13998,53001.137,1290.7025,-1312.2545
396.16,52948.258,1302.2393,-1313.054
396.18,53039.598,1346.7842,-1312.2545
396.19998,52929.027,1341.6569,-1311.2953
396.22,52866.535,1325.6334,-1310.3359
396.24,52962.68,1320.8264,-1311.1354
396.25998,53025.17,1390.2076,-1310.3359
396.28,52924.223,1283.1715,-1310.0162
396.3,53246.305,1325.6334,-1310.8157
396.31998,52962.68,1326.1141,-1309.5366
396.34,52938.645,1317.4615,-1309.5366
396.36,52943.453,1329.6393,-1308.4175
396.38,52890.574,1310.7317,-1308.0978
396.4,52582.914,1295.5094,-1308.0978
396.41998,52856.918,1301.5983,-1307.4581
396.44,52914.61,1342.458,-1307.2983
396.46,52861.73,1329.479,-1306.8187
396.47998,52818.465,1309.1294,-1306.6588
396.5,52900.188,1348.5469,-1307.1384
396.52,52808.85,1326.755,-1306.339
396.53998,52861.73,1331.4019,-1306.1792
396.56,52818.465,1329.479,-1305.06
396.58,52837.695,1309.9305,-1305.6996
396.6,52775.2,1305.7644,-1305.06
396.62,52775.2,1278.044,-1304.7404
396.63998,52755.97,1299.5154,-1304.4204
396.66,52775.2,1333.6451,-1304.1007
396.68,52751.16,1317.6217,-1303.781
396.69998,52679.055,1335.0872,-1303.6212
396.72,52751.16,1296.4708,-1302.9816
396.74,52828.08,1309.2896,-1302.1823
396.75998,52669.44,1391.0088,-1300.5835
396.78,52751.16,1343.9,-1300.2637
396.8,52741.55,1333.3247,-1300.1038
396.81998,52727.125,1320.3457,-1300.7433
396.84,52645.406,1314.2568,-1299.944
396.86,52635.793,1366.0123,-1298.9846
396.88,52703.09,1301.2778,-1299.1445
396.9,52693.477,1316.5001,-1298.9846
396.91998,52659.83,1300.3164,-1298.9846
396.94,52597.332,1283.9727,-1298.8248
396.96,52707.9,1295.9902,-1298.0254
396.97998,52645.406,1328.1971,-1297.386
397.0,52683.863,1296.6311,-1296.7463
397.02,52674.246,1262.6616,-1297.066
397.03998,52626.176,1335.8884,-1296.1068
397.06,52655.016,1347.1047,-1296.7463
397.08,52635.793,1305.2838,-1295.3075
397.1,52674.246,1345.3422,-1295.4674
397.12,52438.695,1295.9902,-1295.6272
397.13998,52707.9,1289.1002,-1294.668
397.16,52597.332,1336.8499,-1294.3483
397.18,52616.562,1295.8298,-1293.8685
397.19998,52626.176,1304.1621,-1294.1884
397.22,53015.56,1337.3304,-1293.3889
397.24,52573.297,1293.106,-1293.2291
397.25998,52563.684,1293.106,-1292.7494
397.28,52563.684,1319.3843,-1292.4297
397.3,52602.137,1314.8978,-1292.2698
397.31998,52505.992,1317.4615,-1290.8308
397.34,52578.1,1260.258,-1291.7902
397.36,52501.188,1289.2604,-1291.1506
397.38,52525.223,1278.044,-1290.9907
397.4,52505.992,1309.61,-1290.5111
397.41998,52491.574,1327.2358,-1289.392
397.44,52520.418,1287.0171,-1289.8716
397.46,52472.344,1309.61,-1289.2322
397.47998,52457.926,1332.6837,-1289.2322
397.5,52438.695,1263.3025,-1288.4327
397.52,52443.5,1279.3258,-1288.2728
397.53998,52414.66,1275.4802,-1288.4327
397.56,52457.926,1294.8685,-1287.3136
397.58,52429.08,1270.0322,-1288.4327
397.6,52395.43,1319.7047,-1286.6741
397.62,52342.55,1314.0966,-1286.0345
397.63998,52376.2,1305.9247,-1286.1945
397.66,52414.66,1329.6393,-1286.0345
397.68,52395.43,1312.3341,-1285.0753
397.69998,52366.586,1332.5234,-1284.7555
397.72,52352.164,1269.2312,-1285.2351
397.74,52328.13,1291.8241,-1284.4358
397.75998,52294.477,1303.2007,-1284.2759
397.78,52318.516,1277.7235,-1283.6364
397.8,52193.527,1262.3412,-1283.1567
397.81998,52313.707,1319.2241,-1283.6364
397.84,52299.285,1314.417,-1283.6364
397.86,52308.902,1276.2815,-1282.677
397.88,52198.332,1258.9762,-1282.5172
397.9,52231.984,1362.1667,-1281.3981
397.91998,52280.055,1260.8989,-1282.1975
397.94,52390.625,1355.1163,-1281.3981
397.96,52260.83,1322.1083,-1281.2382
397.97998,52217.562,1323.5503,-1280.7585
398.0,52164.684,1267.7891,-1280.7585
398.02,52256.02,1267.6288,-1280.5986
398.03998,52140.65,1275.3201,-1279.4795
398.06,52159.88,1282.2101,-1279.3197
398.08,52193.527,1326.2744,-1278.9999
398.1,52131.03,1305.7644,-1278.68
398.12,52131.03,1294.3878,-1278.8401
398.13998,52121.418,1254.6499,-1279.3197
398.16,52126.227,1294.2275,-1277.5609
398.18,52140.65,1328.3573,-1276.7616
398.19998,52078.152,1271.1539,-1277.4011
398.22,52025.273,1305.9247,-1276.6017
398.24,52039.695,1329.9597,-1276.6017
398.25998,52063.734,1292.3048,-1276.6017
398.28,51982.008,1311.8533,-1275.8024
398.3,51895.48,1260.258,-1275.4825
398.31998,51938.746,1336.8499,-1275.3226
398.34,51972.395,1283.0112,-1275.4825
398.36,51962.78,1249.5223,-1274.5233
398.38,51996.43,1312.0135,-1273.4042
398.4,52078.152,1292.6254,-1273.8838
398.41998,51938.746,1276.2815,-1272.7646
398.44,51876.25,1239.1072,-1273.2443
398.46,51914.71,1252.4066,-1272.7646
398.47998,51986.816,1270.6732,-1272.7646
398.5,52106.996,1249.6826,-1272.1251
398.52,51943.55,1279.6464,-1271.8054
398.53998,52001.24,1307.0463,-1271.1659
398.56,51780.105,1276.6019,-1271.3257
398.58,51770.492,1274.1984,-1271.4856
398.6,51900.285,1315.8593,-1270.0468
398.62,51828.18,1272.2755,-1269.2473
398.63998,51885.867,1274.1984,-1270.0468
398.66,51900.285,1317.9423,-1268.9276
398.68,52063.734,1329.9597,-1268.6079
398.69998,51760.88,1316.5001,-1267.1688
398.72,51924.324,1269.5516,-1268.4479
398.74,51890.67,1312.6545,-1267.4888
398.75998,51635.89,1293.106,-1267.3287
398.78,51861.832,1269.2312,-1266.6893
398.8,51857.02,1299.0345,-1266.6893
398.81998,51808.95,1267.4686,-1265.73
398.84,51799.336,1282.5305,-1265.8899
398.86,52030.082,1294.8685,-1265.0905
398.88,51780.105,1235.582,-1265.0905
398.9,51876.25,1260.4183,-1265.2504
398.91998,51837.793,1279.8066,-1264.7708
398.94,51784.914,1273.5574,-1264.291
398.96,51775.3,1252.5668,-1263.8115
398.97998,51818.566,1292.7855,-1264.1312
399.0,51813.758,1280.6077,-1262.8522
399.02,51765.688,1326.2744,-1261.893
399.03998,51770.492,1268.7505,-1262.6924
399.06,51741.65,1259.7773,-1261.733
399.08,51722.42,1279.3258,-1261.733
399.1,51746.457,1288.4592,-1260.6139
399.12,51770.492,1286.6967,-1260.6139
399.13998,51688.77,1270.1925,-1260.7738
399.16,51659.926,1274.5188,-1260.1343
399.18,51683.96,1296.6311,-1259.9744
399.19998,51640.7,1275.3201,-1259.8145
399.22,51645.504,1299.5154,-1259.4948
399.24,51635.89,1314.7375,-1259.0151
399.25998,51568.59,1247.4393,-1258.8552
399.28,51592.625,1301.2778,-1258.8552
399.3,51626.277,1257.0533,-1258.5355
399.31998,51558.973,1273.2369,-1257.5762
399.34,51611.855,1270.9937,-1257.2565
399.36,51549.36,1328.8381,-1256.9366
399.38,51443.6,1293.747,-1256.457
399.4,51539.746,1258.9762,-1256.457
399.41998,51510.902,1261.5399,-1256.1372
399.44,51486.867,1300.9574,-1256.1372
399.46,51491.676,1249.8429,-1256.2972
399.47998,51506.094,1237.1844,-1256.7769
399.5,51448.41,1240.3892,-1255.338
399.52,51462.832,1287.3375,-1255.1781
399.53998,51409.95,1260.8989,-1254.2189
399.56,51453.215,1241.1902,-1254.0588
399.58,51400.336,1278.044,-1254.0588
399.6,51390.723,1263.9435,-1253.2595
399.62,51381.11,1227.5704,-1253.5792
399.63998,51376.3,1295.3492,-1252.62
399.66,51390.723,1268.1096,-1252.7798
399.68,51323.42,1249.5223,-1251.9805
399.69998,51342.652,1246.4779,-1252.62
399.72,51352.266,1256.8932,-1252.1404
399.74,51318.617,1240.0686,-1251.6606
399.75998,51333.035,1274.0382,-1250.8613
399.78,51275.35,1281.2487,-1250.7014
399.8,51275.35,1293.2662,-1250.3817
399.81998,51323.42,1283.8124,-1250.3817
399.84,51265.74,1262.982,-1249.902
399.86,51232.086,1247.4393,-1249.5823
399.88,51227.277,1264.5845,-1249.1027
399.9,51193.63,1264.2639,-1248.623
399.91998,51193.63,1236.7036,-1248.7828
399.94,51188.816,1280.2872,-1247.9834
399.96,51222.473,1270.1925,-1248.3033
399.97998,51102.29,1279.1656,-1248.1434
400.0,51131.133,1229.0125,-1247.1842
400.02,51131.133,1284.1328,-1246.8643
400.03998,51145.555,1276.4417,-1247.8236
400.06,51111.902,1268.1096,-1246.7045
400.08,51083.06,1254.4896,-1246.5446
400.1,51063.832,1305.7644,-1245.2656
400.12,51054.22,1267.6288,-1245.5853
400.13998,51039.793,1281.7294,-1245.7452
400.16,51020.57,1264.7446,-1245.1057
400.18,51020.57,1233.6593,-1244.9459
400.19998,51001.34,1245.0359,-1244.9459
400.22,50996.53,1292.7855,-1243.9866
400.24,50967.69,1273.8779,-1243.8267
400.25998,50996.53,1239.2675,-1243.8267
400.28,51006.145,1264.7446,-1242.8673
400.3,50905.195,1298.554,-1243.0273
400.31998,50938.844,1257.0533,-1242.3878
400.34,50938.844,1229.8136,-1243.0273
400.36,50924.426,1278.6849,-1242.3878
400.38,50885.965,1237.665,-1242.5476
400.4,50833.086,1281.7294,-1241.9082
400.41998,50866.734,1240.3892,-1242.2279
400.44,50837.89,1210.5856,-1241.9082
400.46,50828.277,1241.9915,-1241.1088
400.47998,50871.547,1237.9856,-1240.629
400.5,50804.242,1228.6919,-1240.4692
400.52,50775.402,1244.3949,-1240.1495
400.53998,50775.402,1291.3435,-1239.5099
400.56,50746.56,1239.2675,-1239.9896
400.58,50780.207,1268.5902,-1238.7106
400.6,50717.71,1270.0322,-1238.8705
400.62,50717.71,1241.3505,-1239.1902
400.63998,50684.062,1311.6931,-1237.9113
400.66,50655.22,1276.6019,-1237.9113
400.68,50679.254,1256.0919,-1237.4315
400.69998,50664.832,1238.6265,-1237.5914
400.72,50621.57,1259.7773,-1237.1118
400.74,50616.76,1235.582,-1237.1118
400.75998,50549.46,1235.4218,-1236.9519
400.78,50607.15,1279.9668,-1235.9927
400.8,50511.004,1239.4277,-1235.513
400.81998,50563.883,1260.8989,-1235.3531
400.84,50592.723,1243.5938,-1235.6729
400.86,50549.46,1248.0802,-1235.1932
400.88,50578.305,1245.0359,-1234.8735
400.9,50578.305,1272.7563,-1234.3938
400.91998,50491.773,1260.8989,-1234.5537
400.94,50491.773,1216.1938,-1234.0741
400.96,50448.51,1201.292,-1233.9143
400.97998,50458.125,1256.2522,-1233.1149
401.0,50467.74,1257.3738,-1232.4753
401.02,50448.51,1227.5704,-1232.6351
401.03998,50429.28,1226.1282,-1232.955
401.06,50395.63,1219.3984,-1232.955
401.08,50361.98,1229.4932,-1232.3154
401.1,50448.51,1269.3914,-1231.1963
401.12,50333.137,1190.3961,-1232.4753
401.13998,50381.207,1240.0686,-1230.8766
401.16,50352.367,1216.0336,-1230.7167
401.18,50294.676,1229.6533,-1230.237
401.19998,50275.45,1268.5902,-1230.0771
401.22,50304.293,1238.306,-1230.5568
401.24,50232.184,1258.175,-1229.4376
401.25998,50169.69,1233.0183,-1229.2777
401.28,50208.15,1255.451,-1228.7981
401.3,50217.76,1261.8604,-1229.2777
401.31998,50188.918,1233.6593,-1228.6382
401.34,50227.38,1285.7352,-1227.679
401.36,50169.69,1205.6183,-1227.8389
401.38,50150.46,1291.3435,-1227.0394
401.4,50174.496,1192.1587,-1227.9988
401.41998,50145.652,1248.7212,-1226.5598
401.44,50049.508,1203.0546,-1227.3591
401.46,50097.582,1245.196,-1226.0802
401.47998,50102.39,1225.1667,-1225.7605
401.5,50092.773,1260.5785,-1224.961
401.52,50025.473,1272.1154,-1224.6414
401.53998,50039.895,1230.6147,-1225.6005
401.56,49987.016,1251.7656,-1225.1208
401.58,50025.473,1199.5294,-1225.7605
401.6,49991.824,1225.0066,-1224.6414
401.62,49977.4,1240.0686,-1223.3622
401.63998,49982.21,1216.9949,-1224.1616
401.66,49934.137,1254.3295,-1224.1616
401.68,49914.91,1230.2943,-1223.682
401.69998,49919.715,1238.306,-1223.2024
401.72,49886.066,1283.8124,-1222.8826
401.74,49866.836,1268.2698,-1221.9233
401.75998,49890.87,1237.5049,-1222.243
401.78,49886.066,1273.5574,-1221.1239
401.8,49847.605,1270.1925,-1221.4436
401.81998,49866.836,1237.5049,-1221.6036
401.84,49765.887,1194.2418,-1221.6036
401.86,49799.535,1241.1902,-1220.8042
401.88,49780.305,1227.5704,-1220.6444
401.9,49765.887,1191.1973,-1220.1647
401.91998,49727.426,1225.8077,-1219.685
401.94,49737.043,1219.5587,-1219.5251
401.96,49708.2,1239.4277,-1219.5251
401.97998,49679.35,1228.5317,-1219.5251
402.0,49669.74,1256.4124,-1218.7258
402.02,49660.13,1208.3423,-1218.406
402.03998,49621.668,1201.4523,-1218.2461
402.06,49650.51,1250.6439,-1218.0862
402.08,49655.316,1250.1633,-1217.6067
402.1,49616.863,1224.3657,-1217.4467
402.12,49602.438,1201.6124,-1217.127
402.13998,49539.945,1258.6556,-1216.6473
402.16,49602.438,1238.6265,-1216.0078
402.18,49563.984,1270.5131,-1215.3683
402.19998,49568.79,1186.0698,-1216.6473
402.22,49568.79,1240.0686,-1214.8887
402.24,49491.875,1205.1376,-1215.0486
402.25998,49429.38,1224.6862,-1214.8887
402.28,49424.57,1288.4592,-1213.2899
402.3,49443.8,1186.871,-1214.2491
402.31998,49438.996,1245.5165,-1213.4497
402.34,49410.15,1214.271,-1214.4089
402.36,49347.656,1214.5914,-1213.7695
402.38,49366.887,1234.7809,-1212.6504
402.4,49366.887,1206.099,-1212.9701
402.41998,49386.113,1208.0219,-1213.2899
402.44,49318.812,1194.7224,-1212.0109
402.46,49314.004,1274.8392,-1211.0516
402.47998,49275.547,1236.864,-1211.851
402.5,49285.16,1235.582,-1210.7318
402.52,49241.9,1258.4955,-1210.7318
402.53998,49246.707,1233.3387,-1210.7318
402.56,49241.9,1269.2312,-1210.2522
402.58,49208.246,1194.0814,-1210.572
402.6,49246.707,1218.5973,-1210.412
402.62,49198.633,1233.499,-1209.6127
402.63998,49126.523,1198.8885,-1209.9325
402.66,49150.562,1183.9868,-1209.6127
402.68,49164.98,1177.8978,-1208.9731
402.69998,49102.49,1226.1282,-1207.6942
402.72,49088.066,1215.0721,-1207.6942
402.74,49088.066,1183.506,-1208.0139
402.75998,49059.223,1224.0452,-1207.5343
402.78,48948.66,1182.705,-1207.3744
402.8,49025.574,1226.2885,-1207.5343
402.81998,48963.08,1260.8989,-1205.9354
402.84,48972.695,1221.6416,-1205.6157
402.86,48982.31,1182.064,-1206.7349
402.88,48948.66,1292.7855,-1204.8163
402.9,48963.08,1225.6476,-1205.6157
402.91998,48953.465,1214.271,-1205.4559
402.94,48900.586,1270.9937,-1204.1768
402.96,48900.586,1229.1727,-1204.8163
402.97998,48804.44,1257.2136,-1204.017
403.0,48838.09,1193.6008,-1204.4966
403.02,48828.477,1214.1107,-1204.017
403.03998,48838.09,1219.078,-1204.017
403.06,48645.8,1172.1294,-1203.3773
403.08,48717.91,1218.1166,-1202.2582
403.1,48751.562,1277.7235,-1202.2582
403.12,48794.824,1195.5236,-1202.8978
403.13998,48732.332,1217.7961,-1201.6188
403.16,48794.824,1212.0277,-1202.2582
403.18,48693.875,1233.9797,-1201.139
403.19998,48588.117,1277.4031,-1200.0199
403.22,48693.875,1200.651,-1200.3397
403.24,48621.766,1199.5294,-1200.6595
403.25998,48583.31,1177.257,-1200.9792
403.28,48602.535,1186.871,-1198.741
403.3,48520.812,1221.0007,-1199.7002
403.31998,48501.586,1181.4231,-1200.0199
403.34,48501.586,1228.8523,-1198.2612
403.36,48559.273,1241.5107,-1197.6218
403.38,48544.85,1186.871,-1198.581
403.4,48525.62,1223.8849,-1197.4619
403.41998,48472.742,1217.6359,-1197.7817
403.44,48612.152,1229.3329,-1197.1421
403.46,48448.707,1246.6382,-1197.1421
403.47998,48477.547,1194.0814,-1196.6626
403.5,48568.887,1238.1459,-1195.8632
403.52,48309.297,1172.1294,-1196.023
403.53998,48352.562,1205.458,-1195.5435
403.56,48362.176,1184.6277,-1196.3427
403.58,48314.105,1186.871,-1194.5841
403.6,48405.44,1205.9388,-1195.0637
403.62,48352.562,1228.2113,-1193.9446
403.63998,48280.453,1197.6067,-1193.9446
403.66,48193.926,1149.6967,-1193.7847
403.68,48540.043,1276.9224,-1192.1859
403.69998,48227.574,1203.0546,-1192.9854
403.72,48270.84,1199.0487,-1193.305
403.74,48232.38,1233.3387,-1192.6655
403.75998,48251.61,1191.0371,-1188.5088
403.78,48169.887,1173.0908,-1191.8662
403.8,47943.95,1146.6522,-1191.7063
403.81998,47996.83,1203.5353,-1191.3866
403.84,48064.13,1178.5388,-1190.2673
403.86,48169.887,1232.6979,-1189.1482
403.88,48400.633,1199.3691,-1189.3081
403.9,48155.465,1259.9375,-1188.189
403.91998,48155.465,1183.8265,-1188.6686
403.94,48150.66,1174.0522,-1187.3896
403.96,48083.355,1219.8792,-1186.9099
403.97998,47953.562,1186.2301,-1187.7094
404.0,48088.164,1232.0569,-1186.9099
404.02,48044.902,1231.5762,-1186.5902
404.03998,48107.395,1193.9213,-1184.5118
404.06,48054.516,1175.9751,-1185.7908
404.08,48068.938,1252.0862,-1185.1512
404.1,48203.54,1231.416,-1185.1512
404.12,48083.355,1178.5388,-1185.3112
404.13998,48160.273,1203.3751,-1183.7124
404.16,48491.973,1178.5388,-1183.2327
404.18,48078.55,1189.595,-1182.913
404.19998,48073.742,1171.4885,-1183.7124
404.22,48049.707,1204.9774,-1182.2734
404.24,48136.234,1180.3014,-1182.4333
404.25998,48054.516,1170.2067,-1181.7938
404.28,47992.02,1209.6241,-1182.1135
404.3,48035.285,1217.3154,-1180.5148
404.31998,48001.637,1205.1376,-1180.195
404.34,48477.547,1214.912,-1180.355
404.36,48011.25,1225.3271,-1179.7155
404.38,47982.406,1228.5317,-1180.195
404.4,47972.793,1189.7552,-1180.195
404.41998,47924.72,1176.616,-1178.916
404.44,48068.938,1167.3224,-1178.7561
404.46,47982.406,1185.2687,-1178.2765
404.47998,47905.492,1229.9739,-1177.3173
404.5,47847.805,1181.5833,-1177.4772
404.52,47463.227,1186.2301,-1177.4772
404.53998,47905.492,1235.582,-1177.1572
404.56,47838.188,1205.2979,-1176.8375
404.58,47881.453,1166.6815,-1176.8375
404.6,47857.418,1197.6067,-1175.5586
404.62,47967.98,1187.0311,-1175.7184
404.63998,47809.348,1190.8768,-1175.5586
404.66,47761.273,1170.6874,-1176.6777
404.68,47751.66,1196.1644,-1175.2388
404.69998,47766.08,1190.3961,-1174.2795
404.72,47756.47,1156.4265,-1175.2388
404.74,47722.812,1207.3809,-1173.64
404.75998,47751.66,1206.4194,-1173.3203
404.78,47713.2,1187.9926,-1173.3203
404.8,47708.395,1187.1915,-1173.1603
404.81998,47703.59,1164.4382,-1173.0005
404.84,47669.934,1193.6008,-1172.201
404.86,47593.02,1156.2664,-1172.361
404.88,47650.707,1159.7915,-1172.0411
404.9,47621.863,1172.9305,-1171.2417
404.91998,47660.32,1164.1177,-1171.5616
404.94,47564.176,1168.2838,-1170.7622
404.96,47564.176,1200.1704,-1170.922
404.97998,47588.215,1170.367,-1169.9628
405.0,47564.176,1174.533,-1169.8029
405.02,47492.07,1162.195,-1169.3234
405.03998,47549.754,1210.7458,-1169.1633
405.06,47482.457,1182.2241,-1169.0035
405.08,47429.574,1194.0814,-1168.6837
405.1,47472.84,1213.3096,-1168.0442
405.12,47482.457,1173.5715,-1167.8844
405.13998,47386.312,1205.7786,-1166.925
405.16,47400.73,1168.6042,-1167.4048
405.18,47415.152,1200.0101,-1166.7653
405.19998,47333.43,1177.4171,-1166.7653
405.22,47371.887,1179.0194,-1165.8059
405.24,47362.273,1200.4908,-1166.1256
405.25998,47333.43,1223.8849,-1165.3264
405.28,47352.66,1208.1821,-1165.0065
405.3,47323.816,1171.809,-1165.4862
405.31998,47309.395,1168.6042,-1165.0065
405.34,47218.06,1188.7938,-1164.3671
405.36,47266.13,1176.9365,-1163.8873
405.38,47280.55,1165.7201,-1163.8873
405.4,47227.67,1164.5985,-1163.4078
405.41998,47222.863,1159.3107,-1163.4078
405.44,47189.215,1163.7972,-1162.4485
405.46,47213.246,1167.8032,-1162.2887
405.47998,47088.26,1186.2301,-1161.9689
405.5,47126.72,1181.5833,-1162.4485
405.52,47169.984,1154.5037,-1161.9689
405.53998,47145.95,1210.1049,-1161.4893
405.56,47107.492,1155.4651,-1161.649
405.58,47078.65,1158.5096,-1160.8497
405.6,47102.684,1130.9493,-1161.1694
405.62,47040.188,1183.9868,-1160.8497
405.63998,47069.035,1170.6874,-1160.6898
405.66,46982.504,1191.3575,-1160.0503
405.68,46987.31,1171.9691,-1159.8904
405.69998,46982.504,1165.8804,-1159.8904
405.72,46944.043,1188.313,-1158.9312
405.74,46987.31,1151.94,-1159.2509
405.75998,46910.395,1178.2184,-1158.1317
405.78,46891.164,1172.9305,-1157.9718
405.8,46924.816,1148.0944,-1158.1317
405.81998,46910.395,1186.3903,-1157.4923
405.84,46944.043,1192.7996,-1157.4923
405.86,46857.516,1154.3435,-1156.8528
405.88,46843.094,1182.5446,-1157.3324
405.9,46852.71,1150.0171,-1156.8528
405.91998,46823.863,1170.0465,-1156.533
405.94,46785.406,1156.4265,-1156.0533
405.96,46708.492,1135.2756,-1155.4138
405.97998,46751.754,1145.6908,-1155.2539
406.0,46751.754,1218.1166,-1154.4546
406.02,46751.754,1172.7704,-1154.9342
406.03998,46708.492,1167.643,-1154.7743
406.06,46665.227,1203.2147,-1153.8151
406.08,46665.227,1168.7646,-1153.8151
406.1,46684.457,1154.664,-1153.8151
406.12,46626.766,1210.5856,-1153.3354
406.13998,46684.457,1209.6241,-1153.3354
406.16,46554.66,1177.8978,-1152.0564
406.18,46607.54,1142.9669,-1152.8557
406.19998,46573.887,1163.4768,-1152.536
406.22,46583.504,1193.2804,-1151.097
406.24,46530.62,1165.3997,-1151.257
406.25998,46506.586,1157.388,-1151.257
406.28,46525.816,1157.0674,-1151.4169
406.3,46501.78,1166.0405,-1150.9373
406.31998,46444.094,1144.7295,-1150.6174
406.34,46453.707,1167.4827,-1149.6582
406.36,46415.25,1089.4489,-1150.4576
406.38,46386.406,1155.4651,-1149.8181
406.4,46362.367,1129.3469,-1149.3385
406.41998,46357.562,1144.0885,-1149.0187
406.44,46333.527,1151.299,-1149.0187
406.46,46338.332,1158.6698,-1148.8588
406.47998,46295.07,1168.1237,-1147.7396
406.5,46367.18,1129.0265,-1148.2192
406.52,46323.914,1201.9329,-1147.26
406.53998,46275.84,1142.8066,-1147.1001
406.56,46251.805,1155.7855,-1146.7804
406.58,46222.96,1174.6932,-1146.3007
406.6,46203.734,1174.6932,-1146.6205
406.62,46189.31,1154.3435,-1145.981
406.63998,46174.89,1148.2546,-1146.3007
406.66,46122.008,1164.7587,-1145.1815
406.68,46160.465,1149.0557,-1145.5013
406.69998,46122.008,1213.63,-1144.3822
406.72,46069.13,1124.2195,-1144.8618
406.74,46122.008,1158.6698,-1144.0624
406.75998,46054.707,1126.3026,-1144.8618
406.78,46040.285,1149.6967,-1143.5828
406.8,45982.6,1117.009,-1143.5828
406.81998,46016.25,1125.8218,-1143.9026
406.84,45968.176,1159.471,-1143.1031
406.86,45963.37,1202.5739,-1141.8241
406.88,45900.875,1148.4148,-1141.6643
406.9,45934.527,1145.5306,-1142.1438
406.91998,45929.723,1172.6101,-1141.984
406.94,45896.07,1165.7201,-1141.8241
406.96,45896.07,1154.1832,-1141.6643
406.97998,45867.227,1163.6371,-1140.8649
407.0,45828.766,1154.5037,-1140.3851
407.02,45838.383,1189.9154,-1140.3851
407.03998,45756.66,1165.2394,-1139.1062
407.06,45766.273,1146.9728,-1139.7457
407.08,45732.62,1175.3341,-1139.9055
407.1,45751.85,1146.6522,-1140.0654
407.12,45732.62,1197.4463,-1138.7864
407.13998,45703.78,1193.2804,-1138.6266
407.16,45670.13,1143.4476,-1138.6266
407.18,45665.324,1151.4592,-1138.3068
407.19998,45617.25,1151.7798,-1137.3474
407.22,45549.95,1116.6885,-1137.8271
407.24,45602.83,1121.816,-1137.0277
407.25998,45573.984,1145.3704,-1136.8679
407.28,45598.023,1144.2488,-1136.0685
407.3,45554.758,1188.313,-1136.2283
407.31998,45549.95,1134.1539,-1135.9086
407.34,45554.758,1188.1528,-1135.7488
407.36,45482.65,1111.7213,-1136.3882
407.38,45473.035,1153.2218,-1135.1091
407.4,45453.805,1161.7142,-1135.1091
407.41998,45468.223,1123.0979,-1134.4697
407.44,45405.73,1142.4862,-1133.99
407.46,45434.574,1152.7412,-1133.6703
407.47998,45324.008,1145.8511,-1133.99
407.5,45314.395,1153.3821,-1133.5105
407.52,45324.008,1149.0557,-1133.8302
407.53998,45006.73,1138.8008,-1133.0308
407.56,45280.746,1183.3458,-1133.1907
407.58,45280.746,1115.4066,-1132.5511
407.6,45194.215,1120.6945,-1132.0715
407.62,45348.043,1191.8383,-1132.0715
407.63998,45199.02,1137.8395,-1131.7518
407.66,45131.72,1132.3915,-1131.2721
407.68,45165.37,1139.7622,-1131.4319
407.69998,45160.562,1166.6815,-1129.8333
407.72,45006.73,1165.5599,-1129.993
407.74,45131.72,1181.9037,-1129.6733
407.75998,45006.73,1152.1002,-1129.6733
407.78,45035.574,1151.6195,-1128.8739
407.8,45035.574,1145.8511,-1128.3943
407.81998,45146.14,1169.4055,-1127.7548
407.84,45025.96,1181.1025,-1127.595
407.86,44920.203,1119.733,-1127.7548
407.88,45098.07,1127.4242,-1126.4757
407.9,45098.07,1147.7738,-1126.6356
407.91998,44944.24,1159.6312,-1125.5164
407.94,44953.85,1169.8861,-1124.7172
407.96,44997.117,1148.4148,-1125.9961
407.97998,44867.32,1178.699,-1124.3972
408.0,44934.62,1108.6768,-1124.877
408.02,44934.62,1154.8241,-1124.0775
408.03998,44891.355,1099.0627,-1124.0775
408.06,44852.902,1177.8978,-1123.7578
408.08,44732.72,1123.899,-1123.598
408.1,44872.13,1189.1143,-1122.6387
408.12,44862.51,1116.0476,-1122.7986
408.13998,44953.85,1129.3469,-1122.3188
408.16,44780.793,1092.6534,-1121.5194
408.18,45006.73,1123.4183,-1121.9991
408.19998,44862.51,1100.5049,-1121.9991
408.22,44771.176,1130.4686,-1120.88
408.24,44819.246,1120.6945,-1120.88
408.25998,44660.61,1087.8464,-1121.3596
408.28,44761.562,1152.9014,-1118.9614
408.3,44751.95,1152.2604,-1118.4818
408.31998,44785.598,1129.8278,-1118.8016
408.34,44775.984,1145.5306,-1119.441
408.36,45001.926,1137.6792,-1117.8423
408.38,44742.332,1123.7388,-1116.7231
408.4,44708.684,1137.6792,-1117.3627
408.41998,44713.49,1129.6675,-1117.0428
408.44,44694.26,1145.0499,-1116.7231
408.46,44689.453,1106.9143,-1116.5632
408.47998,44607.73,1131.7505,-1116.883
408.5,44636.574,1133.8335,-1115.2842
408.52,44650.996,1139.2815,-1115.9237
408.53998,44141.43,1076.7902,-1114.325
408.56,44598.117,1100.0242,-1115.4441
408.58,44583.695,1108.837,-1115.1244
408.6,44578.887,1111.561,-1114.4847
408.62,44564.465,1125.6616,-1114.325
408.63998,44588.504,1137.6792,-1113.8453
408.66,44554.85,1130.6288,-1113.0459
408.68,44588.504,1155.1447,-1111.9268
408.69998,44540.43,1144.7295,-1112.4064
408.72,44526.008,1147.7738,-1111.767
408.74,44463.516,1105.1516,-1111.6069
408.75998,44473.13,1121.0149,-1111.767
408.78,44429.863,1119.8932,-1110.9675
408.8,44458.707,1151.94,-1111.2872
408.81998,44444.285,1123.899,-1110.4878
408.84,44458.707,1108.5166,-1110.8076
408.86,44396.215,1119.8932,-1109.6884
408.88,44376.984,1112.8429,-1109.2089
408.9,44348.14,1103.7096,-1108.4094
408.91998,44348.14,1129.9879,-1108.7291
408.94,44343.336,1121.0149,-1108.5692
408.96,44304.875,1154.8241,-1107.77
408.97998,44319.297,1128.2253,-1107.9298
409.0,44280.84,1139.7622,-1108.4094
409.02,44300.07,1106.5938,-1107.4501
409.03998,44271.227,1135.4359,-1106.8107
409.06,44266.414,1149.3762,-1106.4908
409.08,44237.574,1113.1633,-1106.3309
409.1,44251.996,1109.3177,-1105.8514
409.12,44213.535,1158.1891,-1105.6914
409.13998,44208.73,1104.1902,-1106.6508
409.16,44146.234,1129.6675,-1105.5316
409.18,44213.535,1103.7096,-1105.2119
409.19998,44136.62,1145.0499,-1103.613
409.22,44160.656,1104.3506,-1103.7728
409.24,44112.586,1107.7153,-1104.2526
409.25998,44112.586,1114.4452,-1103.4531
409.28,44083.742,1113.4838,-1102.9736
409.3,43997.21,1176.616,-1102.4939
409.31998,44050.09,1082.719,-1103.2933
409.34,44021.246,1142.1656,-1102.334
409.36,44069.32,1135.1154,-1101.8544
409.38,43968.367,1129.9879,-1102.334
409.4,43929.91,1148.0944,-1100.8951
409.41998,43977.98,1081.1166,-1101.6945
409.44,43891.453,1088.8079,-1100.8951
409.46,43867.418,1104.671,-1100.5753
409.47998,43886.65,1115.0862,-1100.4155
409.5,43872.223,1142.9669,-1099.1365
409.52,43862.61,1109.1576,-1100.0957
409.53998,43848.188,1106.4335,-1099.2964
409.56,43776.08,1129.5072,-1099.1365
409.58,43814.54,1109.478,-1098.8167
409.59998,43761.656,1118.7716,-1098.9766
409.62,43747.24,1102.2675,-1099.2964
409.63998,43732.812,1113.4838,-1097.6975
409.66,43689.547,1096.8196,-1097.8573
409.68,43718.395,1151.4592,-1097.2179
409.69998,43675.13,1114.285,-1097.6975
409.72,43598.215,1117.009,-1096.8981
409.74,43670.32,1114.6055,-1096.5784
409.75998,43636.668,1021.9903,-1097.0581
409.78,43627.055,1149.3762,-1096.0988
409.8,43564.56,1109.7985,-1095.6191
409.81998,43583.79,1119.4126,-1094.3401
409.84,43583.79,1085.4429,-1095.2993
409.86,43559.754,1100.1844,-1094.8197
409.88,43554.95,1082.8792,-1094.9795
409.9,43516.49,1120.5342,-1094.0204
409.91998,43497.258,1087.8464,-1094.1802
409.94,43516.49,1174.0522,-1092.9011
409.96,43434.766,1112.8429,-1093.3809
409.97998,43405.926,1055.9598,-1093.061
410.0,43463.61,1110.119,-1092.5814
410.02,43405.926,1106.4335,-1092.5814
410.03998,43391.5,1119.733,-1091.782
410.06,43338.62,1101.306,-1092.5814
410.08,43377.08,1140.0828,-1091.4623
410.09998,43338.62,1090.2499,-1092.1018
410.12,43276.125,1148.5751,-1090.9825
410.13998,43319.39,1123.5785,-1090.9825
410.16,43276.125,1073.906,-1090.3431
410.18,43304.97,1104.1902,-1090.6628
410.19998,43280.934,1108.5166,-1090.3431
410.22,43208.824,1070.7014,-1090.0233
410.24,43179.98,1102.5879,-1089.064
410.25998,43175.176,1156.9072,-1088.7443
410.28,43160.754,1084.6417,-1088.9042
410.3,43122.297,1059.9657,-1089.3838
410.31998,43079.03,1115.5669,-1087.6251
410.34,43122.297,1135.2756,-1087.3054
410.36,43069.414,1067.4967,-1088.1047
410.38,43045.38,1095.0569,-1087.1455
410.4,43026.152,1096.1786,-1087.1455
410.41998,43030.957,1103.3892,-1086.8257
410.44,43054.996,1138.3201,-1086.506
410.46,42978.08,1128.3855,-1086.3462
410.47998,42978.08,1087.2056,-1086.1863
410.5,42925.195,1120.5342,-1086.0264
410.52,42958.85,1123.258,-1085.8665
410.53998,42877.125,1079.1938,-1085.5468
410.56,42867.51,1133.9938,-1084.7473
410.58,42833.863,1063.9716,-1085.067
410.59998,42848.28,1083.3599,-1084.5874
410.62,42819.438,1113.4838,-1084.1078
410.63998,42780.98,1088.0066,-1083.9479
410.66,42771.367,1072.9446,-1083.6282
410.68,42742.523,1128.5459,-1083.3085
410.69998,42708.87,1100.9856,-1082.9886
410.72,42694.453,1085.1224,-1082.3491
410.74,42694.453,1095.5377,-1082.509
410.75998,42737.72,1110.2792,-1081.8695
410.78,42607.92,1133.1926,-1081.3899
410.8,42622.344,1091.0511,-1081.0701
410.81998,42660.8,1107.8757,-1082.0293
410.84,42636.76,1067.657,-1081.3899
410.86,42516.582,1147.4534,-1080.5905
410.88,42521.387,1076.7902,-1080.5905
410.9,42535.812,1057.5623,-1080.4307
410.91998,42511.777,1107.0745,-1079.791
410.94,42478.125,1078.3926,-1079.3115
410.96,42463.703,1113.3236,-1078.9917
410.97998,42473.316,1055.1587,-1078.9917
411.0,42430.055,1092.974,-1078.9917
411.02,42415.63,1073.1049,-1079.1515
411.03998,42430.055,1057.7224,-1078.3522
411.06,42367.56,1104.8312,-1077.7126
411.08,42357.945,1155.1447,-1077.5527
411.09998,42021.434,1074.8674,-1077.393
411.12,42319.484,1116.0476,-1076.7534
411.13998,42271.414,1092.4932,-1076.5935
411.16,42285.836,1114.926,-1076.9132
411.18,42612.727,1100.1844,-1076.7534
411.19998,42194.5,1126.9435,-1076.1138
411.22,42160.848,1070.5411,-1075.954
411.24,42184.883,1059.9657,-1075.954
411.25998,42165.656,1061.2476,-1075.7941
411.28,41968.56,1113.3236,-1074.1953
411.3,42083.93,1099.3832,-1074.1953
411.31998,42059.895,1095.0569,-1073.8755
411.34,42333.91,1068.4581,-1074.3551
411.36,42088.74,1122.1365,-1073.5558
411.38,42007.016,1059.6453,-1073.5558
411.4,41987.785,1040.8978,-1074.1953
411.41998,41982.98,1103.5493,-1072.7565
411.44,42083.93,1076.7902,-1072.4365
411.46,41973.363,1121.4955,-1070.678
411.47998,41982.98,1073.906,-1071.6373
411.5,41857.992,1109.1576,-1071.1576
411.52,41829.145,1072.9446,-1071.1576
411.53998,41781.074,1064.7727,-1071.4773
411.56,41867.605,1067.4967,-1070.678
411.58,41795.496,1063.6511,-1071.1576
411.59998,41934.906,1041.0581,-1070.5182
411.62,41824.34,1070.8616,-1068.7594
411.63998,41877.22,1059.485,-1068.1199
411.66,41882.027,1094.416,-1067.9601
411.68,41733.0,1102.2675,-1066.681
411.69998,41742.617,1069.4196,-1067.9601
411.72,41684.93,1084.6417,-1066.681
411.74,41862.8,1106.113,-1067.3204
411.75998,41776.266,1155.3049,-1066.841
411.78,41651.28,1041.2183,-1066.681
411.8,41713.777,1144.4089,-1065.4019
411.81998,41564.75,1037.3727,-1065.8816
411.84,41458.992,1051.954,-1063.963
411.86,41708.965,1079.1938,-1064.6025
411.88,41593.59,1067.8173,-1063.8032
411.9,41425.336,1055.7996,-1064.7625
411.91998,41723.387,1046.1857,-1063.8032
411.94,41502.258,1058.3633,-1063.3235
411.96,41497.445,1098.1013,-1062.8439
411.97998,41502.258,1071.3424,-1063.3235
412.0,41295.543,1037.8535,-1063.8032
412.02,41511.87,1079.9949,-1061.7246
412.03998,41497.445,1115.8875,-1061.0852
412.06,41583.977,1084.8019,-1061.0852
412.08,41483.027,1079.354,-1061.4049
412.09998,41309.97,1104.03,-1059.9661
412.12,41458.992,1120.5342,-1060.2858
412.13998,41439.76,1104.8312,-1060.126
412.16,41458.992,1089.2885,-1059.4863
412.18,41487.832,1107.8757,-1059.1666
412.19998,41434.953,1083.6803,-1059.0068
412.22,41386.883,1045.3844,-1059.1666
412.24,41410.918,1079.1938,-1058.2074
412.25998,41367.652,1054.678,-1058.5271
412.28,40877.312,1050.3516,-1057.7277
412.3,41290.74,1042.5002,-1057.8877
412.31998,41290.74,1069.5797,-1057.5679
412.34,41319.58,1079.5143,-1057.0883
412.36,41257.086,1074.0663,-1056.4487
412.38,41204.207,1056.9213,-1056.129
412.4,41237.855,1100.0242,-1055.8091
412.41998,41209.01,1085.1224,-1055.1697
412.44,41237.855,1050.3516,-1055.3296
412.46,41425.336,1051.7938,-1055.3296
412.47998,41132.098,1053.2358,-1054.2104
412.5,41141.71,1060.6066,-1053.5709
412.52,40886.93,1092.0126,-1053.8906
412.53998,41040.758,1031.7645,-1053.411
412.56,41059.99,1021.8301,-1052.6116
412.58,41401.3,1053.3961,-1053.5709
412.59998,41146.52,1041.8593,-1051.8121
412.62,41084.023,1032.085,-1051.6523
412.63998,41295.543,1089.2885,-1051.0127
412.66,41084.023,1092.0126,-1050.2135
412.68,41233.047,1082.719,-1051.1727
412.69998,41011.918,1078.2324,-1050.3733
412.72,41055.184,1013.658,-1049.5739
412.74,41372.457,1051.1528,-1050.2135
412.75998,41031.145,1031.9247,-1049.4141
412.78,41016.723,1073.1049,-1048.6146
412.8,40896.543,1034.4885,-1048.9343
412.81998,40968.652,1034.809,-1048.9343
412.84,41016.723,1068.2979,-1048.135
412.86,41002.305,1096.6593,-1047.1758
412.88,40963.844,1062.0488,-1047.0157
412.9,40992.688,1076.7902,-1046.696
412.91998,41165.746,1064.7727,-1045.7368
412.94,40954.227,1054.1973,-1045.8966
412.96,40906.156,1091.8523,-1044.9374
412.97998,40824.434,1050.9926,-1045.2572
413.0,40867.7,1040.0967,-1046.0565
413.02,40862.895,1069.2593,-1044.9374
413.03998,40843.664,1071.3424,-1044.6177
413.06,40805.203,1009.1715,-1044.138
413.08,40877.312,1052.2744,-1041.58
413.09998,40829.24,1069.2593,-1042.3794
413.12,40781.168,1069.5797,-1042.0596
413.13998,40795.59,1082.3984,-1041.7399
413.16,40814.82,1066.8558,-1042.0596
413.18,40968.652,1016.0615,-1042.3794
413.19998,40872.508,1062.8499,-1041.58
413.22,40781.168,1046.8265,-1041.42
413.24,40761.938,1057.7224,-1040.3009
413.25998,40742.71,1061.0874,-1040.4608
413.28,40584.07,1057.5623,-1039.6614
413.3,40622.527,1076.63,-1039.0219
413.31998,40742.71,1033.6874,-1039.6614
413.34,40728.29,1098.4218,-1038.7021
413.36,40656.18,1028.8804,-1039.1818
413.38,40660.99,1048.5891,-1038.0626
413.4,40636.95,1067.4967,-1038.3823
413.41998,40675.41,1060.767,-1037.7428
413.44,40598.492,1043.3014,-1037.423
413.46,40608.11,1029.6814,-1037.423
413.47998,40569.65,1063.8113,-1037.2632
413.5,40550.418,1042.981,-1036.6237
413.52,40540.805,1032.726,-1036.144
413.53998,40507.156,997.7949,-1035.9841
413.56,40560.035,1062.3693,-1035.6644
413.58,40511.965,1072.9446,-1035.3446
413.59998,40487.926,1060.6066,-1035.0249
413.62,40492.734,1041.2183,-1034.5453
413.63998,40454.273,1020.86865,-1035.0249
413.66,40439.855,1039.7762,-1034.3854
413.68,40406.203,1030.1622,-1033.586
413.69998,40406.203,1055.1587,-1033.426
413.72,40386.977,1015.9013,-1033.586
413.74,40338.9,1044.423,-1032.9464
413.75998,40362.94,1060.6066,-1032.3069
413.78,40348.516,1045.2242,-1031.9872
413.8,40329.285,1034.168,-1031.6675
413.81998,40343.71,1029.6814,-1031.5074
413.84,40362.94,1018.46515,-1031.5074
413.86,40314.863,1021.8301,-1030.3883
413.88,40237.95,1036.8921,-1030.868
413.9,40281.215,1029.361,-1030.3883
413.91998,40257.18,1061.4078,-1029.7489
413.94,40185.07,1059.485,-1029.7489
413.96,40213.914,1013.01715,-1029.589
413.97998,40213.914,1036.2511,-1029.4291
414.0,40165.84,1047.9481,-1028.9495
414.02,40228.336,1023.5926,-1029.2692
414.03998,40146.61,1061.7283,-1027.6704
414.06,40141.805,1057.0814,-1027.9902
414.08,40117.77,1044.1025,-1027.031
414.09998,40098.54,1022.9517,-1027.5105
414.12,40012.01,1069.74,-1026.5513
414.13998,40060.082,1074.8674,-1026.5513
414.16,40036.047,1063.3307,-1026.3914
414.18,40050.465,1067.4967,-1026.5513
414.19998,39997.586,1054.8381,-1025.7518
414.22,40002.395,1055.319,-1025.2722
414.24,39959.13,1045.5447,-1025.1124
414.25998,39882.21,1010.29315,-1025.1124
414.28,39906.25,1003.72363,-1024.9525
414.3,39882.21,1030.8031,-1024.4728
414.31998,39906.25,1079.1938,-1023.9932
414.34,39853.37,1041.3787,-1023.83325
414.36,39814.91,1030.8031,-1023.9932
414.38,39814.91,1035.6102,-1023.3537
414.4,39805.297,1053.5563,-1022.874
414.41998,39776.457,1023.7528,-1022.23456
414.44,39752.418,1017.5037,-1021.91473
414.46,39699.535,1055.6394,-1022.23456
414.47998,39699.535,1033.5271,-1022.23456
414.5,39608.203,1052.2744,-1021.27527
414.52,39651.465,1074.547,-1021.27527
414.53998,39622.62,1018.9458,-1021.1154
414.56,39641.85,1019.42645,-1020.95544
414.58,39574.55,1005.8067,-1020.95544
414.59998,39560.125,1032.4055,-1020.1561
414.62,39555.32,1049.0697,-1019.19684
414.63998,39555.32,1038.8148,-1019.19684
414.66,39502.44,1007.409,-1019.5166
414.68,39406.297,1074.8674,-1018.2376
414.69998,39439.945,1049.3903,-1018.71716
414.72,39420.72,1038.975,-1018.39746
414.74,39411.1,1003.08264,-1018.39746
414.75998,39367.836,1021.8301,-1018.39746
414.78,39367.836,1024.7142,-1017.9177
414.8,39262.08,1045.3844,-1016.79865
414.81998,39348.605,971.1961,-1017.11835
414.84,39271.69,1076.1493,-1016.15906
414.86,39262.08,1026.1562,-1016.79865
414.88,39257.273,1031.9247,-1015.83936
414.9,39209.2,993.78906,-1016.15906
414.91998,39214.008,1029.0405,-1015.9992
414.94,39137.09,1059.6453,-1015.0399
414.96,39146.703,1069.2593,-1014.56036
414.97998,39132.28,1073.2651,-1015.19977
415.0,39093.824,1019.5868,-1014.7202
415.02,39060.17,1019.5868,-1015.0399
415.03998,39012.1,1022.7914,-1013.6011
415.06,39040.945,1014.1388,-1013.6011
415.08,38964.027,1019.747,-1013.7609
415.09998,38949.61,1017.66394,-1013.4412
415.12,38925.574,1018.46515,-1012.9615
415.13998,38906.344,1008.04987,-1013.12134
415.16,38906.344,994.43,-1013.12134
415.18,38853.46,1062.5294,-1012.1621
415.19998,38877.496,1022.63116,-1011.52264
415.22,38853.46,1008.53064,-1011.04297
415.24,38776.547,1029.8418,-1011.2028
415.25998,38757.316,1039.2955,-1011.04297
415.28,38757.316,1031.7645,-1010.7232
415.3,38699.63,1003.08264,-1010.7232
415.31998,38685.207,1060.767,-1009.6041
415.34,38680.402,1027.919,-1010.2435
415.36,38675.594,1033.2065,-1009.9238
415.38,38622.715,1033.0464,-1008.96454
415.4,38579.45,1005.9669,-1009.28424
415.41998,38603.484,1082.719,-1008.64484
415.44,38569.832,1027.1177,-1008.32495
415.46,38497.723,1038.4944,-1008.485
415.47998,38483.305,973.7598,-1008.64484
415.5,38492.918,1028.5598,-1007.68555
415.52,38473.688,1007.2488,-1008.00525
415.53998,38420.81,1047.788,-1007.2059
415.56,38430.42,1028.7201,-1007.04596
415.58,38377.543,1056.6008,-1006.08673
415.59998,38372.74,974.0803,-1006.72626
415.62,38329.473,999.3973,-1006.72626
415.63998,38315.05,1016.5423,-1006.08673
415.66,38281.4,1008.8511,-1005.6071
415.68,38276.594,993.46857,-1005.2873
415.69998,38276.594,997.4744,-1004.328
415.72,38242.94,988.0206,-1004.6478
415.74,38185.254,1021.8301,-1003.84845
415.75998,38185.254,993.46857,-1004.16815
415.78,38127.57,1032.085,-1003.6886
415.8,38117.953,1031.9247,-1003.049
415.81998,38065.074,994.10956,-1003.3687
415.84,38069.88,1029.5212,-1002.2496
415.86,38031.42,979.04755,-1003.52856
415.88,38017.0,1012.85693,-1002.56934
415.9,38065.074,1031.6042,-1002.0897
415.91998,37935.277,1027.278,-1001.77
415.94,37896.82,1026.6371,-1001.61005
415.96,37867.973,998.27563,-1001.4502
415.97998,37892.01,1025.5154,-1000.33105
416.0,37853.555,1009.1715,-1000.9706
416.02,37839.133,967.9914,-1000.8107
416.03998,37781.445,1020.3879,-999.8514
416.06,37781.445,998.75635,-1000.1712
416.08,37709.336,996.35284,-999.2119
416.09998,37800.676,990.2639,-999.2119
416.12,37685.3,1032.5657,-998.73224
416.13998,37651.65,1008.69086,-998.4125
416.16,37742.99,993.9493,-998.0927
416.18,37622.805,994.9107,-998.89215
416.19998,37252.65,1023.4324,-997.773
416.22,37507.43,1024.3938,-996.49396
416.24,37569.926,1005.1657,-997.4532
416.25998,37622.805,1018.62537,-996.8137
416.28,37541.082,1049.3903,-997.1334
416.3,37550.7,1010.29315,-996.3341
416.31998,37425.71,1054.8381,-995.3748
416.34,37468.973,950.5259,-996.49396
416.36,37512.24,1036.2511,-995.2149
416.38,37310.336,1000.9996,-994.2556
416.4,37372.83,1017.66394,-994.7352
416.41998,37372.83,999.878,-994.2556
416.44,37310.336,1014.94,-993.9359
416.46,37228.61,970.2347,-994.7352
416.47998,37166.113,1021.9903,-993.45624
416.5,37151.695,1040.4172,-993.9359
416.52,37223.805,1011.2546,-993.6161
416.53998,37170.926,982.09204,-992.9766
416.56,37262.26,1031.2838,-992.6568
416.58,37122.85,997.7949,-992.01733
416.59998,37127.66,1024.554,-992.01733
416.62,37118.043,994.9107,-991.5377
416.63998,37041.13,982.5727,-991.05804
416.66,36781.535,966.70953,-991.5377
416.68,36978.633,989.9434,-990.2586
416.69998,36988.25,1018.7856,-990.09875
416.72,36940.176,1044.1025,-989.93884
416.74,36954.598,1025.1948,-989.93884
416.75998,36944.984,1041.3787,-989.1395
416.78,36896.91,982.5727,-990.09875
416.8,36896.91,981.93176,-989.2994
416.81998,36911.332,1015.42065,-988.0203
416.84,36819.996,995.87213,-988.3401
416.86,36819.996,975.6826,-988.97955
416.88,36810.38,992.347,-988.0203
416.9,36757.5,1012.0557,-988.18024
416.91998,36670.97,990.90485,-988.65985
416.94,36637.32,979.04755,-986.26166
416.96,36695.004,1005.48615,-986.58136
416.97998,36723.85,1005.8067,-985.9419
417.0,36714.234,1031.7645,-984.34314
417.02,36651.74,1009.6523,-984.66284
417.03998,36598.86,985.1365,-984.82275
417.06,36608.477,1021.8301,-984.503
417.08,36286.39,932.90015,-984.82275
417.09998,36570.016,1013.01715,-983.70355
417.12,36699.812,1010.6137,-982.5844
417.13998,36545.98,1047.1471,-982.26465
417.16,36478.68,1005.48615,-982.1048
417.18,36483.484,1001.3201,-981.6251
417.19998,36488.293,990.2639,-982.1048
417.22,36473.87,967.9914,-981.785
417.24,36454.645,1030.6428,-980.66583
417.25998,36430.605,1035.6102,-980.506
417.28,36286.39,1001.961,-980.66583
417.3,36642.125,1003.24286,-979.54675
417.31998,36368.113,1011.7353,-979.86646
417.34,36353.69,978.8873,-979.54675
417.36,36267.16,954.2113,-979.7066
417.38,35964.305,970.7154,-979.2269
417.4,36310.426,996.19257,-978.90717
417.41998,36252.74,1013.658,-977.788
417.44,36291.195,981.1306,-977.788
417.46,36180.63,1034.3282,-977.9479
417.47998,36156.594,967.02997,-977.14856
417.5,36199.86,992.1867,-977.788
417.52,36166.207,994.7505,-976.6689
417.53998,36156.594,1028.2394,-976.3491
417.56,36142.17,1026.1562,-976.02936
417.58,36132.555,987.8604,-975.07007
417.59998,36214.28,983.3739,-975.23
417.62,36108.52,1019.26624,-973.4713
417.63998,36070.062,996.03235,-971.233
417.66,35993.145,950.5259,-973.3114
417.68,36041.22,1001.961,-972.99164
417.69998,36036.41,990.7446,-972.03235
417.72,36060.45,1018.46515,-972.3522
417.74,36113.33,1007.08856,-971.8725
417.75998,36055.64,969.59375,-972.03235
417.78,36046.023,983.3739,-972.03235
417.8,35973.918,1004.04407,-970.9132
417.81998,35983.53,984.97626,-970.59344
417.84,35656.64,986.57855,-970.2737
417.86,35911.426,988.3411,-969.63416
417.88,35829.7,1018.1446,-968.8348
417.9,35858.543,963.98553,-969.4743
417.91998,35839.316,982.09204,-969.4743
417.94,35863.35,963.66504,-969.954
417.96,35800.855,1010.4535,-968.0354
417.97998,35829.7,961.1014,-968.19525
418.0,35747.977,999.23706,-967.5558
418.02,35627.793,941.2323,-968.19525
418.03998,35747.977,995.87213,-967.3958
418.06,35719.133,966.38904,-966.4366
418.08,35704.71,992.5072,-965.79706
418.09998,35671.06,946.6803,-965.9569
418.12,35536.457,998.75635,-965.4773
418.13998,35690.29,975.8429,-965.9569
418.16,35622.99,984.816,-965.6372
418.18,35560.496,965.4276,-965.31744
418.19998,35776.82,1006.4476,-965.1576
418.22,35584.53,958.6979,-965.1576
418.24,35526.844,986.0979,-964.83777
418.25998,35522.035,998.27563,-963.239
418.28,35550.88,1001.1598,-963.39886
418.3,35022.08,954.0511,-963.5587
418.31998,35469.156,942.03345,-963.39886
418.34,35469.156,975.20197,-963.0791
418.36,35401.855,949.88495,-962.4396
418.38,35493.19,1033.5271,-961.95996
418.4,35353.78,989.7832,-961.32043
418.41998,35348.973,981.6113,-961.95996
418.44,35315.324,943.6358,-961.1605
418.46,35435.504,964.46625,-960.8408
418.47998,35147.07,977.12476,-959.7216
418.5,35243.215,941.0721,-959.88153
418.52,35517.23,1042.6605,-959.56177
418.53998,35257.637,987.8604,-959.7216
418.56,35041.31,950.20544,-958.6025
418.58,35180.72,918.9598,-959.4019
418.59998,35175.914,964.62646,-958.4426
418.62,35209.562,967.35046,-958.4426
418.63998,35123.035,952.60895,-957.48334
418.66,35127.84,952.92944,-957.48334
418.68,35156.684,990.90485,-957.0037
418.69998,35094.188,982.25226,-956.524
418.72,35089.38,986.2581,-956.68396
418.74,35060.54,945.3984,-956.524
418.75998,34599.04,934.0218,-956.524
418.78,35113.418,966.70953,-955.245
418.8,35074.96,945.07794,-955.7247
418.81998,34998.043,973.7598,-954.60547
418.84,34954.777,956.6148,-955.0851
418.86,35002.85,981.93176,-954.1258
418.88,34945.164,998.1154,-954.1258
418.9,34824.984,943.7961,-954.1258
418.91998,34892.285,967.35046,-953.4863
418.94,34853.824,956.775,-953.6462
418.96,34911.516,964.14575,-952.8468
418.97998,34853.824,966.0686,-953.0067
419.0,34824.984,924.4078,-953.6462
419.02,34791.332,972.47797,-952.6869
419.03998,34800.945,959.1785,-951.8876
419.06,34800.945,978.2464,-951.7276
419.08,34738.453,981.77155,-951.248
419.09998,34714.414,966.86975,-951.08813
419.12,34661.535,959.97974,-951.08813
419.13998,34632.695,963.3446,-950.7684
419.16,34637.5,932.099,-950.6085
419.18,34666.344,996.03235,-949.8091
419.19998,34613.465,975.3622,-949.64923
419.22,34555.773,992.82764,-949.3294
419.24,34550.97,907.9037,-949.64923
419.25998,34536.547,944.437,-949.3294
419.28,34512.508,968.3118,-949.0097
419.3,34483.668,959.3388,-948.68994
419.31998,34450.016,980.1692,-947.8905
419.34,34464.438,945.23816,-948.0504
419.36,34411.56,968.1516,-947.4109
419.38,34397.137,988.98206,-947.5708
419.4,34358.68,940.7516,-946.9312
419.41998,34320.22,939.7902,-946.77136
419.44,34339.45,942.1937,-946.4516
419.46,34363.484,988.98206,-945.972
419.47998,34329.836,901.65454,-947.5708
419.5,34272.15,986.41833,-945.972
419.52,34200.04,950.20544,-945.0127
419.53998,34243.305,939.14923,-945.6522
419.56,34195.23,976.32355,-945.33246
419.58,34190.426,936.906,-945.1726
419.59998,34123.125,952.12823,-943.41394
419.62,34118.312,917.1972,-944.2133
419.63998,34060.63,936.906,-943.89355
419.66,34137.543,991.706,-943.7337
419.68,34099.086,961.1014,-942.93427
419.69998,34055.82,958.5376,-942.45465
419.72,34012.555,982.8932,-942.7744
419.74,34031.785,939.4697,-942.6145
419.75998,34012.555,951.3271,-942.2948
419.78,33974.098,928.41364,-942.2948
419.8,33901.99,967.5107,-941.49536
419.81998,33916.41,966.54926,-942.1349
419.84,33820.266,928.7341,-941.8151
419.86,33791.42,945.7189,-941.1756
419.88,33825.074,963.1844,-939.7367
419.9,33863.527,934.9832,-939.8966
419.91998,33829.88,938.34814,-938.7774
419.94,33796.227,923.28613,-938.7774
419.96,33786.613,966.38904,-937.49835
419.97998,33752.965,935.62415,-937.8181
420.0,33805.844,969.4335,-937.49835
420.02,33858.723,942.67444,-936.699
420.03998,33709.7,947.48145,-935.7397
420.06,33767.383,976.0031,-934.9403
420.08,33724.117,991.706,-933.82117
420.09998,33613.555,908.70483,-933.82117
420.12,33738.543,913.0312,-935.10016
420.13998,33685.664,984.97626,-933.981
420.16,33483.758,901.975,-934.3008
420.18,33695.277,939.3095,-934.6205
420.19998,33680.855,944.437,-933.50134
420.22,33603.938,963.1844,-933.1816
420.24,33546.254,933.70135,-933.0217
420.25998,33397.227,966.86975,-931.7427
420.28,33531.83,934.6628,-932.2223
420.3,33478.95,950.20544,-931.5828
420.31998,33565.48,964.7867,-930.4637
420.34,33546.254,939.3095,-931.263
420.36,33286.656,917.037,-929.66425
420.38,33666.434,966.86975,-929.5044
420.4,33724.117,950.36566,-929.0248
420.41998,33527.023,974.24054,-928.22534
420.44,33464.527,913.0312,-927.26605
420.46,33329.92,917.3574,-928.5451
420.47998,33411.65,936.7458,-927.4259
420.5,33450.11,926.65106,-927.5858
420.52,33421.26,988.66156,-927.4259
420.53998,33180.9,956.1341,-926.4666
420.56,33426.066,968.4721,-926.4666
420.58,33584.707,948.2826,-925.66724
420.59998,33368.383,914.4732,-925.82715
420.62,33411.65,947.80194,-926.14685
420.63998,33171.28,935.62415,-925.5074
420.66,33382.805,941.3925,-925.0277
420.68,33416.453,918.31885,-922.78937
420.69998,33339.54,921.6838,-923.90857
420.72,33267.43,944.437,-921.99005
420.74,33286.656,918.63934,-923.1092
420.75998,33123.21,914.7937,-922.6295
420.78,33257.816,935.14343,-923.1092
420.8,33185.707,942.03345,-922.30975
420.81998,33474.145,951.8078,-923.1092
420.84,33228.973,906.30133,-921.03076
420.86,33416.453,918.79956,-921.35046
420.88,33224.164,949.72473,-918.7924
420.9,33267.43,926.9715,-920.3912
420.91998,33377.996,982.4125,-919.2721
420.94,33099.176,912.23,-919.7517
420.96,33195.32,949.0838,-918.3128
420.97998,33142.44,888.5154,-919.1122
421.0,32988.61,914.1528,-917.19366
421.02,33113.598,916.07556,-917.8331
421.03998,33243.395,954.53174,-916.3942
421.06,33060.72,964.30597,-916.07446
421.08,33031.87,923.28613,-917.19366
421.09998,32873.234,902.2955,-916.3942
421.12,33128.02,939.7902,-915.43494
421.13998,33253.008,910.6276,-914.63556
421.16,33108.793,928.57385,-915.5948
421.18,33118.402,951.6475,-913.3565
421.19998,33046.297,953.08966,-913.6763
421.22,32786.703,937.547,-912.5571
421.24,32964.574,943.1551,-913.1966
421.25998,32930.92,891.39954,-914.7954
421.28,32772.28,923.44635,-913.5164
421.3,32959.766,904.37854,-912.87683
421.31998,33094.367,944.437,-912.3972
421.34,32940.535,950.68616,-911.7577
421.36,32892.46,923.60657,-911.4379
421.38,32676.137,895.4054,-911.2781
421.4,32724.209,891.07904,-910.9583
421.41998,32849.2,921.20306,-910.47864
421.44,32854.008,945.7189,-909.6793
421.46,32945.344,936.42535,-909.03973
421.47998,32820.35,878.7411,-909.03973
421.5,32762.668,890.9188,-909.19965
421.52,32791.51,912.06976,-908.5601
421.53998,32777.086,922.96564,-908.24036
421.56,32810.742,921.6838,-907.9206
421.58,32906.887,938.02765,-908.24036
421.59998,32738.633,959.3388,-906.1619
421.62,32729.016,902.9364,-906.64154
421.63998,32810.742,882.26624,-906.80145
421.66,32796.316,890.1177,-906.64154
421.68,32339.627,897.3282,-906.1619
421.69998,32729.016,903.2569,-906.1619
421.72,32704.979,901.975,-905.68225
421.74,32772.28,911.58905,-905.68225
421.75998,32748.244,938.34814,-904.5631
421.78,32589.605,917.99835,-904.24335
421.8,32575.186,891.72,-904.5631
421.81998,32570.375,913.6721,-904.72296
421.84,32551.148,923.44635,-903.6039
421.86,32118.494,903.8978,-903.6039
421.88,32527.113,930.3364,-903.28406
421.9,32618.451,958.6979,-902.32477
421.91998,32517.496,903.0966,-902.32477
421.94,32498.268,922.6452,-901.5254
421.96,32459.81,912.23,-901.84515
421.97998,32493.46,879.54224,-901.84515
422.0,32464.617,899.41125,-901.0457
422.02,32435.775,922.8054,-900.5661
422.03998,32440.582,923.44635,-900.40625
422.06,32411.738,928.7341,-900.40625
422.08,32392.51,918.47906,-899.7667
422.09998,32392.51,931.45807,-899.7667
422.12,32238.676,867.6849,-899.6068
422.13998,32003.121,908.0639,-898.3278
422.16,32368.473,913.3516,-898.4877
422.18,32349.242,930.0159,-897.04877
422.19998,32084.842,888.1949,-895.92957
422.22,32416.545,913.83234,-896.729
422.24,32301.17,867.36444,-897.2086
422.25998,32291.555,946.52,-896.88885
422.28,32291.555,902.9364,-895.92957
422.3,32195.41,909.9867,-894.49066
422.31998,31897.36,893.6428,-894.3308
422.34,32166.566,931.45807,-894.01105
422.36,32156.951,884.5095,-894.9703
422.38,32007.926,902.9364,-894.17096
422.4,32190.604,912.8709,-894.6506
422.41998,32123.3,906.78204,-893.05176
422.44,32031.963,902.9364,-892.5721
422.46,32156.951,922.96564,-891.9326
422.47998,31998.314,904.8592,-892.5721
422.5,32185.797,903.4171,-891.9326
422.52,31998.314,854.2253,-891.45294
422.53998,32007.926,881.7855,-890.9733
422.56,31906.975,904.05804,-890.01404
422.58,31921.395,899.09076,-890.8135
422.59998,31868.516,932.4195,-889.21466
422.62,31974.277,905.98083,-890.01404
422.63998,31902.166,877.9399,-890.65356
422.66,31796.408,867.20416,-888.89484
422.68,32094.459,899.89197,-888.89484
422.69998,31906.975,919.7609,-887.9356
422.72,31868.516,910.4674,-887.45593
422.74,31945.432,896.52704,-888.2554
422.75998,31935.818,902.9364,-887.45593
422.78,31604.115,918.47906,-886.17694
422.8,32094.459,976.4838,-887.2961
422.81998,31820.443,923.44635,-886.3368
422.84,31632.96,860.63464,-886.017
422.86,31945.432,901.0136,-886.3368
422.88,31762.756,879.86273,-885.6973
422.9,31806.021,895.4054,-885.5374
422.91998,31757.95,890.9188,-885.21765
422.94,31993.504,923.60657,-883.9386
422.96,31642.574,898.2896,-884.5781
422.97998,31714.682,920.0814,-883.77875
423.0,31685.84,922.96564,-883.77875
423.02,31426.248,855.0264,-884.09845
423.03998,31656.998,888.1949,-884.09845
423.06,31632.96,888.3551,-883.1392
423.08,31628.154,933.22064,-882.3398
423.09998,31613.73,890.1177,-882.65955
423.12,31450.285,893.80304,-881.70026
423.13998,31772.371,875.5364,-882.0201
423.16,31464.705,895.0849,-880.741
423.18,31546.43,890.4381,-880.741
423.19998,31666.61,884.66974,-881.5404
423.22,31479.127,907.26276,-880.4212
423.24,31387.79,956.1341,-879.30206
423.25998,31512.777,898.2896,-880.741
423.28,31387.79,885.9516,-879.78174
423.3,31772.371,894.12354,-879.30206
423.31998,31469.514,930.6569,-878.6626
423.34,31387.79,861.59607,-879.1422
423.36,31272.414,863.19836,-877.5434
423.38,31464.705,900.85333,-877.86316
423.4,31161.848,905.3399,-877.7033
423.41998,31469.514,881.465,-876.9039
423.44,31339.717,881.3048,-877.2237
423.46,31286.838,855.8276,-877.0637
423.47998,31137.81,826.665,-877.5434
423.5,31219.535,873.4533,-876.5841
423.52,31262.803,839.9645,-875.94464
423.53998,31209.92,867.6849,-874.5057
423.56,31224.342,888.9961,-874.82544
423.58,30931.098,860.31415,-874.1859
423.59998,31541.623,894.444,-873.7063
423.62,31190.69,818.8135,-873.2266
423.63998,31147.428,910.6276,-873.7063
423.66,30887.832,858.23114,-872.747
423.68,31094.545,886.4323,-873.0668
423.69998,31185.883,872.65216,-873.2266
423.72,31070.51,907.5832,-873.2266
423.74,31065.703,883.0674,-870.9883
423.75998,30839.76,881.94574,-870.8284
423.78,30935.904,857.2697,-870.02905
423.8,31027.242,868.96674,-870.3488
423.81998,31041.666,900.0522,-869.7093
423.84,30983.977,844.4509,-869.3895
423.86,31051.28,898.93054,-870.02905
423.88,31051.28,858.5516,-869.06976
423.9,30931.098,873.6136,-869.7093
423.91998,30902.256,826.34454,-869.3895
423.94,31137.81,898.93054,-868.2703
423.96,30652.277,871.85095,-867.7907
423.97998,30782.074,902.2955,-868.1105
424.0,30815.725,860.9551,-867.31104
424.02,30854.184,854.8662,-867.7907
424.03998,30863.797,870.0884,-866.8314
424.06,31008.018,874.57495,-867.31104
424.08,30825.34,867.36444,-866.99133
424.09998,30738.809,893.3223,-865.7123
424.12,30724.387,858.7118,-865.5524
424.13998,30738.809,825.86383,-865.3925
424.16,30685.926,842.52814,-864.4332
424.18,30647.47,840.1247,-864.91284
424.19998,30695.543,848.4568,-864.2734
424.22,30575.363,879.70245,-864.4332
424.24,30171.55,872.49194,-863.9536
424.25998,30628.242,857.2697,-863.7937
424.28,30618.629,840.4451,-863.63385
424.3,30604.205,877.61945,-863.3141
424.31998,30806.111,856.789,-862.8345
424.34,30532.096,873.1329,-862.1949
424.36,30435.951,876.0171,-861.7153
424.38,30503.254,916.39606,-861.2356
424.4,30522.48,871.5305,-860.756
424.41998,30421.53,922.6452,-859.9566
424.44,30411.916,861.2756,-860.4363
424.46,30474.408,877.29895,-860.27637
424.47998,30286.926,844.93164,-859.9566
424.5,30301.348,860.4744,-859.7967
424.52,30277.312,877.77966,-859.7967
424.53998,30301.348,851.6615,-859.477
424.56,30253.275,890.2779,-859.1572
424.58,30286.926,882.74695,-858.8374
424.59998,30229.24,863.03815,-858.9973
424.62,30258.082,831.15155,-857.5584
424.63998,30214.816,905.6604,-856.75903
424.66,30243.658,838.84283,-857.3985
424.68,30080.213,907.423,-856.27936
424.69998,30094.635,825.7036,-856.27936
424.72,30190.78,916.39606,-854.5207
424.74,30065.79,842.68835,-855.9596
424.75998,30210.01,890.5983,-854.041
424.78,30536.902,902.2955,-854.84045
424.8,30080.213,901.81476,-854.041
424.81998,30118.672,879.86273,-853.24164
424.84,30008.104,851.982,-853.24164
424.86,30003.297,871.0498,-853.72125
424.88,29786.97,852.78314,-853.40155
424.9,29916.766,862.3972,-853.0818
424.91998,29945.607,885.4709,-851.96265
424.94,29897.535,868.96674,-852.6021
424.96,29599.486,878.5808,-852.28235
424.97998,29796.584,870.0884,-851.0033
425.0,29782.162,849.258,-850.84344
425.02,29811.006,850.37964,-850.6836
425.03998,29811.006,879.22174,-850.84344
425.06,29815.812,834.5165,-849.88416
425.08,29729.281,845.0919,-850.044
425.09998,29724.475,854.3855,-849.7243
425.12,29642.752,844.6112,-850.3638
425.13998,29652.365,859.3528,-848.765
425.16,29642.752,851.8217,-848.2854
425.18,29594.68,845.0919,-848.6051
425.19998,29594.68,849.0978,-847.48596
425.22,29676.402,889.9574,-847.8057
425.24,29498.533,801.348,-847.3261
425.25998,29508.146,850.7001,-846.84644
425.28,29503.34,839.3235,-846.84644
425.3,29474.496,866.0825,-846.6865
425.31998,29527.377,884.0288,-846.84644
425.34,29585.064,885.4709,-845.5674
425.36,29436.04,859.0323,-846.04706
425.38,29445.654,866.7235,-845.08777
425.4,29412.002,905.6604,-843.96857
425.41998,29205.291,878.1001,-844.60815
425.44,29354.314,874.41473,-844.1285
425.46,29344.701,866.403,-845.2476
425.47998,29214.904,835.3176,-844.768
425.5,29080.3,837.5609,-844.2883
425.52,29479.305,891.23926,-842.8494
425.53998,29195.676,857.59015,-843.96857
425.56,29133.18,830.99133,-842.3698
425.58,29229.326,834.196,-842.52966
425.59998,28820.707,836.59955,-842.8494
425.62,29080.3,849.4182,-841.5704
425.63998,29099.53,876.3375,-841.09076
425.66,29051.457,870.7294,-841.4105
425.68,28960.12,856.3083,-840.2913
425.69998,29291.82,835.3176,-839.8117
425.72,28979.348,861.7563,-839.8117
425.74,28873.588,831.15155,-839.33203
425.75998,28936.082,846.8545,-839.1722
425.78,28628.416,826.665,-839.8117
425.8,28878.395,846.3738,-838.8524
425.81998,28825.514,828.90826,-838.5327
425.84,28811.094,852.78314,-837.7333
425.86,28839.938,878.2604,-837.09375
425.88,28642.838,832.5937,-837.5734
425.9,28729.37,848.61707,-837.5734
425.91998,28734.176,834.9972,-836.774
425.94,28657.262,822.4989,-836.93384
425.96,28772.635,881.6253,-837.2536
425.97998,28748.6,867.36444,-836.4542
426.0,28580.344,843.16907,-836.4542
426.02,28604.38,842.0474,-834.53564
426.03998,28589.959,844.93164,-834.3758
426.06,28359.21,854.8662,-833.8962
426.08,28416.898,833.2346,-834.056
426.09998,28517.852,879.86273,-834.056
426.12,28431.318,847.0147,-835.0153
426.13998,28373.63,861.59607,-833.2566
426.16,28710.14,811.603,-833.57635
426.18,28392.861,850.05914,-833.4165
426.19998,28258.258,826.34454,-832.9369
426.22,28359.21,880.6639,-831.9776
426.24,28368.824,825.3831,-831.9776
426.25998,28234.22,808.55853,-831.65784
426.28,28282.293,833.55505,-831.17816
426.3,28272.68,836.4393,-831.3381
426.31998,28166.92,855.98785,-829.57935
426.34,28022.701,848.2966,-830.3788
426.36,28234.22,826.82526,-830.21893
426.38,28099.617,809.1995,-830.059
426.4,28022.701,857.1095,-829.4195
426.41998,28383.246,882.42645,-830.21893
426.44,28070.773,800.06616,-829.8991
426.46,28003.47,812.7247,-829.09973
426.47998,28056.352,904.37854,-828.30035
426.5,28051.545,845.73285,-827.6608
426.52,27666.963,803.431,-828.14044
426.53998,27979.436,822.81934,-828.14044
426.56,27984.242,857.91064,-828.14044
426.58,27849.639,807.43695,-827.34106
426.59998,27844.832,820.41583,-827.82074
426.62,27801.566,830.8311,-826.5417
426.63998,27796.758,849.5784,-826.5417
426.66,27748.686,843.00885,-825.74225
426.68,27844.832,829.7095,-826.5417
426.69998,28195.762,843.6498,-826.062
426.72,27729.457,818.8135,-826.3818
426.74,27642.926,845.41235,-824.4632
426.75998,27566.01,831.63226,-824.78296
426.78,27604.467,821.21704,-824.6231
426.8,27508.322,822.81934,-823.5039
426.81998,27498.707,834.196,-822.86444
426.84,27527.553,814.00653,-823.1842
426.86,27604.467,828.90826,-822.5446
426.88,27517.938,826.9855,-821.26556
426.9,27460.25,849.4182,-821.90515
426.91998,27426.6,892.04047,-821.4255
426.94,27368.912,824.9024,-821.7453
426.96,27378.527,795.9,-821.4255
426.97998,27325.646,837.5609,-821.1057
427.0,27287.19,887.07324,-819.9866
427.02,27243.924,803.2708,-821.7453
427.03998,27224.693,835.4779,-820.46625
427.06,27138.164,873.934,-820.6261
427.08,27191.043,814.64746,-820.6261
427.09998,27167.006,818.3328,-820.1464
427.12,27118.934,865.60187,-819.18713
427.13998,27075.668,821.05676,-818.7075
427.16,27181.428,827.94684,-818.8674
427.18,27090.09,805.8346,-818.7075
427.19998,26984.33,822.1784,-817.9081
427.22,26902.607,837.2405,-818.06805
427.24,27142.97,806.63574,-818.8674
427.25998,26931.45,823.4603,-817.10876
427.28,26902.607,821.05676,-816.629
427.3,26941.064,865.60187,-816.1494
427.31998,26864.146,848.61707,-814.8704
427.34,26344.963,830.8311,-815.0303
427.36,26835.305,817.69183,-815.8297
427.38,26777.617,862.8779,-815.98956
427.4,26518.023,815.7691,-815.98956
427.41998,26907.412,834.9972,-818.06805
427.44,26676.664,823.13983,-815.98956
427.46,26551.676,843.16907,-815.1901
427.47998,26599.748,828.42755,-814.55066
427.5,26609.363,853.9048,-813.7512
427.52,26445.916,808.3983,-813.91113
427.53998,26493.988,844.6112,-812.95184
427.56,26518.023,827.1457,-812.79193
427.58,26368.998,819.45447,-812.95184
427.59998,26383.42,853.5843,-812.95184
427.62,26224.78,813.0451,-812.95184
427.63998,26253.625,802.1492,-813.2716
427.66,26282.467,822.0182,-811.5129
427.68,26383.42,840.6054,-811.1932
427.69998,26441.107,841.08606,-811.353
427.72,26133.441,816.41003,-811.1932
427.74,26215.166,811.28253,-810.8734
427.75998,26152.672,807.43695,-811.03326
427.78,26022.875,791.8942,-809.43445
427.8,25989.223,819.134,-809.59436
427.81998,26133.441,834.196,-809.9141
427.84,26051.719,865.7621,-808.1554
427.86,26013.262,793.65674,-808.795
427.88,26099.791,819.7749,-808.3153
427.9,25960.38,851.34106,-807.03625
427.91998,25926.729,803.2708,-807.356
427.94,25984.416,829.22876,-807.03625
427.96,25907.5,828.42755,-806.55664
427.97998,25950.766,806.79596,-806.077
428.0,25840.197,832.7539,-806.2369
428.02,25715.209,794.13745,-805.7572
428.03998,25686.365,827.94684,-806.3967
428.06,25446.002,770.42285,-807.03625
428.08,25720.018,856.9492,-805.9171
428.09998,25580.605,840.1247,-805.9171
428.12,25734.438,805.3539,-805.11774
428.13998,25494.074,844.93164,-803.1991
428.16,25580.605,818.8135,-803.1991
428.18,25546.955,818.3328,-802.3998
428.19998,25590.219,830.67084,-803.359
428.22,25412.352,804.072,-801.9201
428.24,25585.412,820.89655,-801.7602
428.25998,25494.074,830.8311,-799.20215
428.28,25388.314,802.46967,-799.68176
428.3,25436.387,810.9621,-798.56256
428.31998,25522.918,823.30005,-799.68176
428.34,25546.955,796.54095,-799.362
428.36,25253.71,772.34564,-799.8416
428.38,25292.168,849.8989,-800.0016
428.4,25095.07,798.4638,-800.0016
428.41998,25099.877,856.46857,-798.72253
428.44,24926.816,780.03687,-800.4812
428.46,25066.227,829.8697,-800.64105
428.47998,24869.129,763.0521,-800.64105
428.5,25008.54,805.9948,-800.16144
428.52,25330.627,866.0825,-800.16144
428.53998,24859.514,788.3691,-799.68176
428.56,24912.395,839.9645,-799.20215
428.58,24821.057,793.97723,-799.52185
428.59998,24883.55,847.1749,-797.28357
428.62,24806.633,820.41583,-796.9638
428.63998,24763.367,821.05676,-797.28357
428.66,24662.416,790.7726,-796.32434
428.68,24777.791,818.8135,-795.20514
428.69998,24734.525,782.9211,-796.16437
428.72,24571.076,802.9504,-794.24585
428.74,24575.885,830.8311,-794.5656
428.75998,24614.342,828.1071,-793.9261
428.78,24393.209,796.86145,-793.1267
428.8,24652.8,818.17255,-794.086
428.81998,24422.05,812.08374,-793.6063
428.84,24282.64,815.9293,-793.6063
428.86,24210.533,769.78186,-795.20514
428.88,24364.363,818.97375,-796.32434
428.9,24138.422,800.2264,-794.086
428.91998,24099.965,804.072,-793.1267
428.94,24248.99,807.11646,-793.1267
428.96,24191.303,807.43695,-792.64703
428.97998,23720.19,723.314,-791.5279
429.0,24263.412,832.7539,-790.72845
429.02,23974.975,816.5703,-791.0482
429.03998,23859.602,763.5328,-794.8853
429.06,23710.574,788.6896,-795.5249
429.08,23849.986,830.8311,-795.20514
429.09998,23585.584,804.39246,-794.5656
429.12,23720.19,767.6989,-794.8853
429.13998,23580.777,760.3281,-792.80695
429.16,23561.549,765.4556,-793.28656
429.18,23484.633,782.4404,-792.1674
429.19998,23455.79,768.9807,-792.0075
429.22,23316.379,755.68134,-792.4871
429.24,23119.28,777.63336,-790.40875
429.25998,23143.314,805.5141,-790.5686
429.28,23148.123,790.61237,-789.44946
429.3,23109.664,751.19476,-787.85065
429.31998,23277.92,825.3831,-787.5308
429.34,23220.232,793.0158,-787.2111
429.36,22979.87,779.39594,-786.4117
429.38,23027.941,807.7574,-786.25183
429.4,22854.879,783.2416,-786.0919
429.41998,22614.516,748.31055,-785.93207
429.44,22850.07,775.55035,-785.29254
429.46,22739.506,817.69183,-784.653
429.47998,22556.826,797.5024,-783.05426
429.5,22619.322,823.941,-784.17334
429.52,22542.406,812.56445,-784.653
429.53998,22441.453,807.11646,-783.5339
429.56,22422.225,780.19714,-784.49316
429.58,22441.453,782.76086,-784.17334
429.59998,22268.39,773.30707,-783.37396
429.62,22364.535,806.155,-782.73444
429.63998,22229.932,809.6802,-783.05426
429.66,22013.605,767.2182,-782.8943
429.68,22124.172,781.7995,-783.37396
429.69998,22369.344,814.8077,-784.0135
429.72,21994.377,782.9211,-781.6153
429.74,21927.074,768.01935,-781.6153
429.75998,21984.762,777.95386,-780.97577
429.78,21912.652,785.16437,-780.8159
429.8,21734.783,783.2416,-780.1764
429.81998,21874.193,788.5293,-780.4961
429.84,21686.709,804.87317,-780.65607
429.86,21585.756,745.74677,-779.8566
429.88,21667.482,787.24744,-779.37695
429.9,21629.021,800.3866,-779.0572
429.91998,21489.611,761.61,-778.7374
429.94,21499.227,793.176,-777.6183
429.96,21499.227,808.3983,-777.1387
429.97998,21499.227,779.87665,-776.659
430.0,21350.201,801.1878,-776.1794
430.02,21379.045,784.0427,-776.1794
430.03998,21201.174,773.948,-776.33923
430.06,21119.451,782.28015,-775.2201
430.08,21032.92,760.3281,-775.8596
430.09998,21153.102,780.35736,-775.0602
430.12,21037.729,716.1035,-776.1794
430.13998,21109.836,781.3188,-775.0602
430.16,21172.332,798.4638,-775.37994
430.18,20802.17,808.0779,-775.2201
430.19998,20826.207,779.2357,-774.9003
430.22,20811.785,775.3901,-774.9003
430.24,20600.266,772.6661,-772.8219
430.25998,20489.697,764.4942,-772.8219
430.28,20696.41,803.2708,-771.7027
430.3,20552.191,747.50934,-772.3422
430.31998,20600.266,780.9983,-771.54285
430.34,20672.373,795.5796,-771.38293
430.36,20513.732,780.9983,-770.90326
430.38,20446.432,783.5621,-770.42365
430.4,20566.613,883.5481,-766.9063
430.41998,20879.088,702.32336,-756.1943
430.44,21427.117,695.2731,-764.50806
430.46,21292.512,788.5293,-763.8686
430.47998,21080.994,768.6602,-764.66797
430.5,20883.895,766.7375,-765.14764
430.52,20864.664,782.76086,-765.62726
430.53998,20595.459,785.80536,-765.7871
430.56,20292.6,796.2205,-765.947
430.58,20215.682,772.6661,-766.4267
430.59998,20153.188,781.9597,-765.46735
430.62,19888.787,760.64856,-766.2668
430.63998,19634.0,765.93634,-766.7464
430.66,19398.443,776.99243,-766.7464
430.68,19114.814,742.7024,-767.226
430.69998,19244.611,797.5024,-767.226
430.72,18932.139,759.3667,-766.10693
430.74,18379.3,776.5117,-767.06616
430.75998,18403.338,759.8474,-765.947
430.78,18052.406,783.5621,-764.3482
430.8,17557.254,786.286,-763.8686
430.81998,17494.76,787.0872,-763.3889
430.84,17225.553,795.4193,-762.9093
430.86,16985.19,783.4018,-762.10986
430.88,16735.209,775.06964,-761.4704
430.9,16393.893,787.24744,-761.95
430.91998,15927.585,778.1141,-762.58954
430.94,15442.05,764.8147,-762.2698
430.96,15163.227,757.4439,-761.7901
430.97998,14620.003,770.7433,-761.63025
431.0,14350.796,752.1561,-760.9907
431.02,14052.744,790.45215,-760.5111
431.03998,13624.8955,803.5913,-759.8715
431.06,12764.392,754.5597,-758.4326
431.08,12697.089,744.4649,-759.5518
431.09998,12158.674,730.0439,-760.03143
431.12,11394.314,761.1293,-758.7524
431.13998,11206.831,770.2626,-759.0722
431.16,10509.773,758.4053,-761.1506
431.18,9557.931,784.84393,-758.4326
431.19998,9029.13,703.445,-758.27277
431.22,8293.615,748.31055,-758.9123
431.24,7596.5586,748.15027,-756.1943
431.25998,5918.816,878.4206,-752.9967
431.28,5553.4624,754.8801,-756.1943
431.3,4428.5576,725.7175,-757.4733
431.31998,3803.6106,771.224,-756.5141
431.34,3015.2163,744.7854,-756.9937
431.36,2082.603,726.5187,-756.0344
431.38,1399.969,744.3047,-755.07513
431.4,770.21484,731.6462,-753.95593
431.41998,183.72647,723.314,-752.83685
431.44,-633.51135,748.47076,-751.87756
431.46,-965.2137,760.48834,-750.2787
431.47998,-1340.1816,761.9305,-750.11884
431.5,-1816.1024,734.6907,-749.4794
431.52,-1993.9716,709.0532,-748.67993
431.53998,-2186.263,772.82635,-748.0404
431.56,-2311.2522,777.63336,-746.4416
431.58,-2412.2048,765.77606,-745.962
431.59998,-2407.3977,733.0883,-745.6422
431.62,-2402.5906,753.91876,-744.6829
431.63998,-2585.267,749.4322,-743.244
431.66,-2609.3035,725.87775,-743.8835
431.68,-2633.3398,783.8825,-742.9242
431.69998,-2729.4854,742.5422,-742.4446
431.72,-3138.104,754.7199,-741.96497
431.74,-2695.8345,725.7175,-741.4853
431.75998,-2806.4019,777.47314,-740.36615
431.78,-2787.1729,740.2989,-740.68585
431.8,-2647.7617,825.0626,-739.5668
431.81998,-2892.9329,760.48834,-739.0871
431.84,-2907.3547,746.2275,-738.6075
431.86,-2897.7402,731.6462,-738.28766
431.88,-2791.98,708.7327,-738.1278
431.9,-3041.9585,756.16205,-737.0086
431.91998,-2849.6675,726.67896,-737.80804
431.94,-2945.813,724.7561,-736.6889
431.96,-2979.4639,699.27893,-737.0086
431.97998,-3104.4531,752.95734,-736.0494
432.0,-2998.6929,769.4614,-735.24994
432.02,-2960.2346,760.96906,-735.0901
432.03998,-2902.5474,777.3129,-735.5697
432.06,-2941.0059,758.72577,-735.0901
432.08,-2945.813,742.3819,-734.29065
432.09998,-2931.391,751.03455,-734.1308
432.12,-2907.3547,743.3433,-734.1308
432.13998,-2941.0059,792.2147,-733.33136
432.16,-2955.4275,773.4673,-733.01166
432.18,-2974.6565,781.479,-731.89246
432.19998,-2984.2712,748.9515,-732.6919
432.22,-2965.0422,723.63446,-732.532
432.24,-2989.0786,720.4298,-732.0523
432.25998,-2801.5945,794.61816,-731.41284
432.28,-2984.2712,726.038,-731.41284
432.3,-2931.391,742.2217,-730.93317
432.31998,-2945.813,772.02515,-730.2937
432.34,-2955.4275,718.1866,-730.45355
432.36,-2455.4705,782.76086,-729.6541
432.38,-2941.0059,765.61584,-729.49426
432.4,-3008.3076,774.90936,-729.814
432.41998,-2998.6929,750.71405,-729.33435
432.44,-2960.2346,790.93286,-728.85474
432.46,-2955.4275,731.00525,-729.1745
432.47998,-2984.2712,685.65906,-728.85474
432.5,-2950.62,766.41705,-727.7356
432.52,-3022.7292,707.9316,-728.85474
432.53998,-2969.8494,735.3316,-728.05536
432.56,-2965.0422,785.48486,-727.4158
432.58,-2960.2346,734.3702,-727.2559
432.59998,-2945.813,713.0591,-726.93616
432.62,-2993.8857,751.9959,-726.61646
432.63998,-2974.6565,720.4298,-726.2967
432.66,-2969.8494,751.9959,-726.45654
432.68,-3013.115,734.3702,-726.1367
432.69998,-3008.3076,746.3877,-726.1367
432.72,-2969.8494,743.3433,-725.3374
432.74,-2965.0422,707.9316,-725.1775
432.75998,-2979.4639,710.17487,-724.6978
432.78,-3051.573,756.9632,-725.0176
432.8,-2984.2712,719.9491,-725.6571
432.81998,-2979.4639,720.9105,-724.53796
432.84,-2941.0059,732.6076,-723.8985
432.86,-2950.62,724.9164,-723.2589
432.88,-3008.3076,698.1573,-723.2589
432.9,-3008.3076,733.0883,-723.2589
432.91998,-2984.2712,760.1679,-722.6194
432.94,-2979.4639,741.9012,-722.7793
432.96,-2931.391,725.87775,-722.2996
432.97998,-2974.6565,748.47076,-721.97986
433.0,-2950.62,761.28955,-721.66016
433.02,-3080.4167,762.41113,-721.66016
433.03998,-3003.5002,702.16315,-721.34033
433.06,-2979.4639,719.46844,-721.02057
433.08,-2902.5474,770.2626,-721.02057
433.09998,-2941.0059,723.63446,-721.02057
433.12,-2965.0422,738.85675,-720.54095
433.13998,-3003.5002,744.6251,-720.0613
433.16,-2950.62,733.4088,-720.70087
433.18,-2945.813,744.1444,-719.9014
433.19998,-2979.4639,748.79126,-719.58167
433.22,-2969.8494,719.62866,-718.94214
433.24,-2993.8857,704.88715,-719.10205
433.25998,-2989.0786,779.87665,-718.6224
433.28,-2926.5837,709.37366,-718.94214
433.3,-3013.115,682.77484,-718.3026
433.31998,-2998.6929,703.1245,-718.3026
433.34,-2912.1619,735.1714,-718.14276
433.36,-2907.3547,748.9515,-718.3026
433.38,-3017.922,780.35736,-717.6631
433.4,-3003.5002,716.9047,-717.5032
433.41998,-2998.6929,707.45087,-716.38403
433.44,-2965.0422,692.54913,-717.5032
433.46,-3008.3076,716.5842,-716.8637
433.47998,-2979.4639,688.06256,-716.70386
433.5,-2993.8857,723.47424,-716.2242
433.52,-2984.2712,693.831,-715.9044
433.53998,-2969.8494,757.4439,-715.58466
433.56,-2960.2346,729.5632,-715.4248
433.58,-2979.4639,677.64734,-715.105
433.59998,-2989.0786,748.31055,-714.3056
433.62,-2984.2712,764.9749,-714.1457
433.63998,-2998.6929,734.6907,-714.3056
433.66,-2989.0786,697.8368,-714.3056
433.68,-2965.0422,718.02637,-713.8259
433.69998,-2974.6565,714.9819,-714.3056
433.72,-3003.5002,740.9398,-713.6661
433.74,-3041.9585,740.1386,-712.7068
433.75998,-2955.4275,758.08484,-712.2272
433.78,-2965.0422,700.2403,-712.7068
433.8,-2960.2346,771.5445,-712.54694
433.81998,-2989.0786,768.17957,-711.5876
433.84,-2945.813,707.29065,-711.5876
433.86,-3013.115,710.6556,-711.2679
433.88,-2989.0786,715.7831,-711.42773
433.9,-3008.3076,718.3468,-710.78827
433.91998,-3013.115,699.91986,-710.62836
433.94,-2941.0059,726.35846,-710.46844
433.96,-2936.1982,745.58655,-710.78827
433.97998,-2989.0786,718.507,-709.829
434.0,-2960.2346,705.6883,-709.5092
434.02,-2979.4639,694.6322,-709.829
434.03998,-2969.8494,715.6228,-709.5092
434.06,-2998.6929,704.40643,-710.3086
434.08,-3013.115,717.06494,-709.3493
434.09998,-2965.0422,717.22516,-708.39
434.12,-2993.8857,765.61584,-707.4307
434.13998,-2945.813,714.50116,-708.23016
434.16,-2979.4639,729.08246,-707.7505
434.18,-2965.0422,717.06494,-707.7505
434.19998,-2989.0786,719.62866,-707.2709
434.22,-3041.9585,696.23444,-707.4307
434.24,-2955.4275,673.9619,-707.111
434.25998,-2912.1619,726.19824,-706.7912
434.28,-2955.4275,673.321,-707.111
434.3,-2984.2712,685.0181,-706.63135
434.31998,-2955.4275,700.4006,-706.3116
434.34,-2974.6565,743.98425,-705.03253
434.36,-3013.115,704.08594,-705.3523
434.38,-3037.1514,705.5281,-705.3523
434.4,-2945.813,766.8977,-704.5529
434.41998,-3032.344,735.6521,-704.71277
434.44,-2960.2346,686.3,-705.3523
434.46,-2974.6565,718.02637,-704.71277
434.47998,-2945.813,760.96906,-703.9134
434.5,-2931.391,705.2076,-704.07324
434.52,-3041.9585,712.2579,-703.4338
434.53998,-2916.9692,689.82513,-703.2738
434.56,-2984.2712,695.2731,-703.11395
434.58,-3027.5366,701.84265,-702.7942
434.59998,-2950.62,703.1245,-702.95404
434.62,-2936.1982,736.61346,-702.63434
434.63998,-2969.8494,678.4485,-702.3146
434.66,-2897.7402,720.75024,-702.63434
434.68,-3027.5366,735.4918,-701.8349
434.69998,-2984.2712,715.14215,-701.19543
434.72,-2989.0786,661.9444,-701.51514
434.74,-2989.0786,737.2544,-700.396
434.75998,-2873.7039,742.8626,-699.9164
434.78,-2969.8494,700.4006,-700.2361
434.8,-3027.5366,681.97363,-701.51514
434.81998,-3008.3076,738.69653,-699.4367
434.84,-2945.813,705.2076,-700.396
434.86,-2965.0422,745.58655,-698.4774
434.88,-2969.8494,717.7059,-699.2768
434.9,-2945.813,679.8906,-699.7565
434.91998,-2993.8857,697.19586,-698.9571
434.94,-2979.4639,707.45087,-697.8379
434.96,-3008.3076,660.5023,-697.67804
434.97998,-2965.0422,705.2076,-698.3175
435.0,-2926.5837,710.4953,-697.5181
435.02,-2965.0422,715.6228,-697.9978
435.03998,-3013.115,737.8953,-697.19836
435.06,-2931.391,692.86957,-697.8379
435.08,-2984.2712,713.2193,-697.03845
435.09998,-2941.0059,726.67896,-697.3583
435.12,-2950.62,759.3667,-696.399
435.13998,-2941.0059,696.87537,-696.71875
435.16,-2974.6565,694.4719,-695.9193
435.18,-2936.1982,721.55145,-696.23914
435.19998,-2965.0422,706.6497,-696.0792
435.22,-2993.8857,678.6087,-696.399
435.24,-2955.4275,668.0333,-695.27985
435.25998,-2974.6565,729.8836,-694.9601
435.28,-2974.6565,703.445,-694.9601
435.3,-2984.2712,746.7082,-693.8409
435.31998,-3017.922,678.769,-694.8001
435.34,-2931.391,677.0064,-694.8001
435.36,-3003.5002,735.1714,-693.681
435.38,-2945.813,704.40643,-693.20135
435.4,-2998.6929,710.01465,-693.681
435.41998,-3008.3076,688.8637,-693.5211
435.44,-2998.6929,706.6497,-693.0415
435.46,-2993.8857,704.56665,-693.20135
435.47998,-2950.62,752.7971,-691.76245
435.5,-2993.8857,653.45197,-692.72174
435.52,-2989.0786,694.1515,-692.0822
435.53998,-2936.1982,693.02985,-691.76245
435.56,-3008.3076,696.0742,-691.4427
435.58,-2950.62,679.73035,-692.72174
435.59998,-2993.8857,700.4006,-691.4427
435.62,-2965.0422,707.9316,-690.64325
435.63998,-3013.115,697.8368,-690.80316
435.66,-2979.4639,701.36194,-690.4834
435.68,-2984.2712,702.00287,-690.16364
435.69998,-2993.8857,665.79004,-690.16364
435.72,-2984.2712,684.2169,-689.5241
435.74,-2955.4275,709.0532,-688.8846
435.75998,-2931.391,672.0391,-689.68396
435.78,-2974.6565,700.4006,-689.20435
435.8,-2941.0059,677.80756,-689.0445
435.81998,-2969.8494,688.06256,-688.4049
435.84,-2936.1982,678.28827,-688.4049
435.86,-2989.0786,688.7035,-687.4456
435.88,-2960.2346,700.2403,-687.9253
435.9,-3041.9585,689.5047,-687.28577
435.91998,-2965.0422,697.51636,-686.80615
435.94,-2989.0786,704.88715,-687.28577
435.96,-2950.62,723.314,-686.80615
435.97998,-2931.391,702.16315,-686.80615
436.0,-2984.2712,681.6532,-686.80615
436.02,-2974.6565,667.5526,-686.64624
436.03998,-3008.3076,706.0087,-686.4864
436.06,-3032.344,716.26373,-685.84686
436.08,-3022.7292,700.0801,-685.5271
436.09998,-2984.2712,665.6298,-685.84686
436.12,-2931.391,700.8812,-684.72766
436.13998,-2993.8857,667.3924,-685.68695
436.16,-3013.115,761.1293,-684.40796
436.18,-2936.1982,719.46844,-683.6085
436.19998,-2960.2346,663.54675,-684.40796
436.22,-2984.2712,659.7011,-684.0882
436.24,-3051.573,710.8158,-684.0882
436.25998,-2979.4639,711.61694,-683.9282
436.28,-2960.2346,689.3444,-683.6085
436.3,-3056.3804,721.7117,-683.1289
436.31998,-2936.1982,718.02637,-682.32947
436.34,-2969.8494,680.6918,-682.64923
436.36,-2974.6565,685.33856,-682.64923
436.38,-2926.5837,714.0205,-682.64923
436.4,-2955.4275,706.48944,-682.1696
436.41998,-2941.0059,720.9105,-680.73065
436.44,-2969.8494,686.4602,-681.0504
436.46,-2936.1982,653.13153,-682.4893
436.47998,-2945.813,706.6497,-681.53
436.5,-2941.0059,663.06604,-681.53
436.52,-2892.9329,702.16315,-680.73065
436.53998,-2974.6565,686.4602,-680.41095
436.56,-2965.0422,678.9292,-680.41095
436.58,-2998.6929,697.997,-680.73065
436.59998,-2945.813,745.74677,-679.9313
436.62,-2960.2346,709.8544,-679.6115
436.63998,-2941.0059,646.40173,-679.6115
436.66,-2960.2346,694.4719,-678.6522
436.68,-3013.115,669.4754,-679.29175
436.69998,-2955.4275,653.9327,-678.1726
436.72,-2969.8494,640.6333,-679.13184
436.74,-2902.5474,672.8403,-677.37317
436.75998,-2941.0059,680.852,-677.8528
436.78,-2989.0786,704.08594,-677.533
436.8,-2984.2712,671.07776,-677.0534
436.81998,-2974.6565,665.46954,-677.2133
436.84,-2955.4275,727.9608,-676.89355
436.86,-2965.0422,690.30585,-677.0534
436.88,-2916.9692,681.8134,-676.254
436.9,-2955.4275,712.89886,-676.0941
436.91998,-2936.1982,691.7479,-675.93427
436.94,-3013.115,652.6508,-676.5737
436.96,-2945.813,707.45087,-676.254
436.97998,-2931.391,673.16077,-675.93427
437.0,-2931.391,693.19006,-675.77435
437.02,-2979.4639,699.27893,-674.975
437.03998,-2945.813,713.8602,-674.49536
437.06,-2979.4639,628.2952,-674.81506
437.08,-2907.3547,684.0567,-674.17554
437.09998,-2960.2346,677.9678,-674.17554
437.12,-2998.6929,722.1924,-674.33545
437.13998,-2950.62,710.3351,-673.6959
437.16,-2955.4275,668.35376,-673.8558
437.18,-2969.8494,599.4531,-673.6959
437.19998,-2965.0422,676.3654,-672.8965
437.22,-2965.0422,717.54565,-672.5767
437.24,-3017.922,650.2473,-672.4169
437.25998,-3008.3076,651.36896,-672.5767
437.28,-2921.7766,674.1222,-672.257
437.3,-2931.391,692.0684,-672.0971
437.31998,-2965.0422,647.84375,-671.93726
437.34,-2931.391,664.5082,-671.61743
437.36,-2969.8494,687.58185,-671.2977
437.38,-2941.0059,682.1339,-671.77734
437.4,-2936.1982,716.1035,-670.65814
437.41998,-2926.5837,673.4812,-670.65814
437.44,-2979.4639,682.77484,-669.85876
437.46,-2941.0059,664.8286,-670.4983
437.47998,-2945.813,659.5409,-670.3384
437.5,-2989.0786,705.2076,-669.21924
437.52,-2897.7402,678.9292,-669.3791
437.53998,-2950.62,664.6684,-669.53906
437.56,-2936.1982,691.107,-668.8995
437.58,-2941.0059,706.48944,-668.25995
437.59998,-2945.813,675.7245,-668.7396
437.62,-2912.1619,709.0532,-668.8995
437.63998,-2916.9692,694.6322,-668.10004
437.66,-2979.4639,649.4461,-668.5798
437.68,-2907.3547,660.34204,-667.9402
437.69998,-2955.4275,674.92334,-667.78033
437.72,-2945.813,682.1339,-667.1408
437.74,-2921.7766,691.4275,-667.1408
437.75998,-2892.9329,697.3561,-666.34143
437.78,-2916.9692,640.6333,-666.9809
437.8,-2965.0422,649.6063,-666.9809
437.81998,-3008.3076,677.32684,-665.70184
437.84,-2969.8494,698.4777,-665.70184
437.86,-2950.62,644.7994,-665.3821
437.88,-3008.3076,695.11285,-665.0624
437.9,-2941.0059,675.7245,-665.542
437.91998,-2945.813,705.6883,-664.7426
437.94,-2907.3547,708.5725,-664.5827
437.96,-2902.5474,657.7783,-665.2222
437.97998,-2950.62,648.48474,-664.90247
438.0,-2950.62,643.3573,-664.5827
438.02,-2993.8857,703.445,-663.7833
438.03998,-2941.0059,650.56775,-664.26294
438.06,-2945.813,691.4275,-663.14374
438.08,-2921.7766,673.4812,-663.30365
438.09998,-2936.1982,718.6673,-662.3444
438.12,-2955.4275,661.30347,-662.5043
438.13998,-2950.62,661.62396,-662.9839
438.16,-2945.813,635.5058,-662.3444
438.18,-2926.5837,665.46954,-662.6641
438.19998,-2936.1982,646.2415,-661.70483
438.22,-2989.0786,676.6859,-662.18445
438.24,-2955.4275,732.7678,-661.545
438.25998,-2989.0786,699.59937,-661.70483
438.28,-2950.62,678.6087,-660.9054
438.3,-2921.7766,655.0543,-661.06537
438.31998,-2902.5474,684.5374,-660.5857
438.34,-2945.813,675.2438,-660.2659
438.36,-2979.4639,680.852,-660.2659
438.38,-3013.115,680.53156,-660.4258
438.4,-2969.8494,703.6052,-659.94617
438.41998,-2965.0422,673.4812,-659.1468
438.44,-2974.6565,651.5292,-659.4665
438.46,-2969.8494,674.60284,-658.6672
438.47998,-2960.2346,645.4403,-658.5072
438.5,-2974.6565,657.1374,-658.6672
438.52,-2979.4639,723.79474,-658.0276
438.53998,-2969.8494,675.7245,-658.0276
438.56,-2916.9692,654.8941,-658.5072
438.58,-2936.1982,715.30237,-658.0276
438.59998,-2912.1619,682.2941,-657.548
438.62,-2926.5837,681.3327,-656.90845
438.63998,-2979.4639,667.8731,-657.548
438.66,-2931.391,670.7573,-656.74854
438.68,-2912.1619,637.5888,-657.22815
438.69998,-2941.0059,676.045,-656.5887
438.72,-2897.7402,649.6063,-656.90845
438.74,-2984.2712,634.38416,-656.42883
438.75998,-2945.813,659.0602,-656.2689
438.78,-2921.7766,662.9058,-655.9491
438.8,-2916.9692,643.197,-656.109
438.81998,-2931.391,660.82275,-654.6701
438.84,-2931.391,676.045,-654.35034
438.86,-2945.813,687.58185,-654.82996
438.88,-2941.0059,677.48706,-654.82996
438.9,-2912.1619,681.4929,-654.1905
438.91998,-2921.7766,643.67773,-654.6701
438.94,-2984.2712,664.5082,-654.0306
438.96,-2912.1619,666.75146,-653.5509
438.97998,-2892.9329,723.47424,-652.91144
439.0,-2902.5474,647.3631,-652.91144
439.02,-2969.8494,663.86725,-652.5917
439.03998,-2931.391,650.88824,-652.43176
439.06,-2941.0059,667.8731,-652.7515
439.08,-3013.115,682.1339,-651.31256
439.09998,-2912.1619,657.7783,-652.112
439.12,-2960.2346,652.97125,-651.79224
439.13998,-2892.9329,708.7327,-651.47253
439.16,-2955.4275,687.42163,-651.47253
439.18,-2931.391,654.0929,-651.31256
439.19998,-2936.1982,665.6298,-651.6324
439.22,-2936.1982,651.04846,-651.1527
439.24,-2892.9329,651.36896,-651.47253
439.25998,-2941.0059,626.53265,-650.9928
439.28,-2912.1619,655.53503,-650.6731
439.3,-2878.511,678.9292,-649.87366
439.31998,-2926.5837,654.4134,-650.35333
439.34,-2931.391,576.8601,-650.1935
439.36,-2926.5837,658.57947,-649.0743
439.38,-2960.2346,676.2052,-648.43475
439.4,-2907.3547,642.3959,-648.91437
439.41998,-2873.7039,661.4637,-648.115
439.44,-2955.4275,660.82275,-648.5946
439.46,-2926.5837,610.5093,-648.43475
439.47998,-2892.9329,640.6333,-648.5946
439.5,-2936.1982,670.2766,-647.6353
439.52,-2912.1619,641.75494,-647.6353
439.53998,-2902.5474,644.9596,-647.47546
439.56,-2941.0059,680.3713,-647.1557
439.58,-3041.9585,664.98883,-646.83594
439.59998,-2912.1619,650.56775,-647.47546
439.62,-2950.62,641.91516,-646.99585
439.63998,-2907.3547,634.06366,-646.99585
439.66,-2945.813,657.7783,-645.87665
439.68,-2888.1255,690.30585,-646.0365
439.69998,-2926.5837,664.1877,-646.5162
439.72,-2921.7766,663.707,-645.39703
439.74,-2916.9692,632.7818,-645.5569
439.75998,-3013.115,690.6263,-644.91736
439.78,-2936.1982,655.0543,-644.91736
439.8,-2955.4275,659.8613,-644.7575
439.81998,-2955.4275,583.58997,-645.0772
439.84,-2912.1619,667.0719,-644.7575
439.86,-2965.0422,652.3303,-643.79816
439.88,-2955.4275,635.5058,-643.95807
439.9,-2941.0059,620.60406,-643.95807
439.91998,-2969.8494,627.3338,-643.95807
439.94,-2936.1982,657.93854,-642.35925
439.96,-2979.4639,643.0368,-643.31854
439.97998,-2955.4275,632.3011,-643.1587
440.0,-2931.391,648.32446,-642.1994
440.02,-2936.1982,650.56775,-642.51917
440.03998,-2912.1619,662.9058,-642.35925
440.06,-2888.1255,688.2228,-642.35925
440.08,-2859.282,711.1362,-640.92035
440.09998,-2916.9692,629.5771,-642.35925
440.12,-2955.4275,624.28937,-642.03955
440.13998,-2926.5837,634.38416,-642.03955
440.16,-2868.8965,667.3924,-641.0802
440.18,-2916.9692,619.9631,-641.0802
440.19998,-2936.1982,651.8496,-640.2808
440.22,-2965.0422,680.852,-639.8012
440.24,-2888.1255,674.4426,-640.7605
440.25998,-2868.8965,610.5093,-640.7605
440.28,-2897.7402,641.27423,-640.2808
440.3,-2936.1982,665.46954,-639.6413
440.31998,-2974.6565,672.68005,-639.1616
440.34,-2941.0059,639.3514,-639.0018
440.36,-2931.391,649.7666,-639.48145
440.38,-2916.9692,659.3807,-639.3216
440.4,-2969.8494,627.9748,-638.84186
440.41998,-2936.1982,639.3514,-638.0425
440.44,-2912.1619,674.7631,-637.88257
440.46,-2936.1982,668.19354,-637.7227
440.47998,-2912.1619,685.8193,-636.92334
440.5,-2888.1255,648.9654,-637.2431
440.52,-2931.391,652.97125,-637.56287
440.53998,-2921.7766,655.69525,-636.7634
440.56,-2921.7766,673.6415,-636.7634
440.58,-2912.1619,682.77484,-636.92334
440.59998,-2859.282,668.35376,-636.2838
440.62,-2931.391,655.3748,-635.6443
440.63998,-2931.391,609.86835,-636.44366
440.66,-2984.2712,648.32446,-635.8042
440.68,-2941.0059,675.2438,-635.4844
440.69998,-2955.4275,649.9268,-635.1646
440.72,-2936.1982,652.3303,-635.6443
440.74,-2892.9329,670.9175,-635.1646
440.75998,-2912.1619,651.5292,-634.8449
440.78,-2931.391,651.2087,-634.3652
440.8,-2945.813,621.0847,-634.52515
440.81998,-2941.0059,635.3455,-634.3652
440.84,-2936.1982,666.75146,-633.88556
440.86,-2955.4275,645.1199,-633.2461
440.88,-2916.9692,687.90234,-633.0862
440.9,-2916.9692,625.411,-633.56586
440.91998,-2902.5474,643.67773,-632.9263
440.94,-2974.6565,608.9069,-632.60657
440.96,-2897.7402,635.3455,-632.1269
440.97998,-2912.1619,662.1046,-632.1269
441.0,-2955.4275,636.1467,-632.7664
441.02,-2941.0059,644.31866,-632.2868
441.03998,-2902.5474,641.59467,-632.2868
441.06,-2950.62,642.8766,-631.3275
441.08,-2916.9692,635.5058,-631.967
441.09998,-2969.8494,659.0602,-631.00775
441.12,-2945.813,646.72217,-631.00775
441.13998,-2921.7766,646.2415,-630.6879
441.16,-2945.813,653.45197,-629.88855
441.18,-2878.511,658.73975,-630.3682
441.19998,-2897.7402,617.88007,-631.00775
441.22,-2945.813,678.6087,-629.88855
441.24,-2892.9329,668.35376,-629.0892
441.25998,-2902.5474,622.04614,-629.7287
441.28,-2921.7766,643.0368,-629.7287
441.3,-2902.5474,654.2532,-628.60956
441.31998,-2892.9329,668.8345,-629.0892
441.34,-2941.0059,614.67535,-629.4089
441.36,-2945.813,635.3455,-628.28973
441.38,-2936.1982,607.7853,-628.7694
441.4,-2955.4275,631.0192,-627.97
441.41998,-2902.5474,649.9268,-627.8101
441.44,-2926.5837,631.8204,-627.65027
441.46,-2897.7402,623.80865,-627.3305
441.47998,-2921.7766,609.06714,-627.3305
441.5,-2916.9692,622.3666,-627.17053
441.52,-2897.7402,650.72797,-627.17053
441.53998,-2936.1982,617.71985,-626.8508
441.56,-2931.391,644.15845,-626.6909
441.58,-2921.7766,602.9783,-626.6909
441.59998,-2926.5837,607.7853,-626.2113
441.62,-2888.1255,646.8824,-625.7316
441.63998,-2936.1982,634.38416,-626.05145
441.66,-2912.1619,636.78766,-625.5718
441.68,-2941.0059,634.5444,-625.5718
441.69998,-2945.813,689.98535,-624.7724
441.72,-2916.9692,651.36896,-624.6125
441.74,-2931.391,627.3338,-624.2927
441.75998,-2907.3547,638.8707,-624.7724
441.78,-2941.0059,606.82385,-624.2927
441.8,-2931.391,671.2379,-624.1329
441.81998,-2907.3547,593.845,-624.2927
441.84,-2926.5837,646.8824,-623.4933
441.86,-2878.511,664.5082,-623.0137
441.88,-2921.7766,624.4496,-623.1736
441.9,-2907.3547,609.70807,-622.8538
441.91998,-2859.282,618.3608,-622.6939
441.94,-2888.1255,644.4789,-622.21423
441.96,-2912.1619,635.5058,-621.7346
441.97998,-2912.1619,625.411,-622.0544
442.0,-2878.511,600.5747,-622.0544
442.02,-2931.391,675.7245,-621.4149
442.03998,-2936.1982,636.9479,-621.4149
442.06,-2936.1982,652.1701,-621.4149
442.08,-2965.0422,642.5561,-621.0951
442.09998,-2806.4019,642.7163,-620.6155
442.12,-2916.9692,646.56195,-620.45557
442.13998,-2955.4275,646.40173,-620.6155
442.16,-2945.813,650.2473,-619.97595
442.18,-2926.5837,629.25665,-619.6562
442.19998,-2945.813,634.7046,-619.4963
442.22,-2926.5837,626.53265,-618.6969
442.24,-2921.7766,617.5596,-619.1766
442.25998,-2955.4275,611.4707,-619.3364
442.28,-2926.5837,637.2684,-619.6562
442.3,-2945.813,624.4496,-619.4963
442.31998,-2883.3184,634.06366,-618.537
442.34,-2945.813,622.5268,-618.8568
442.36,-2907.3547,631.98065,-619.1766
442.38,-2969.8494,624.60986,-618.37714
442.4,-2912.1619,653.61224,-618.37714
442.41998,-2916.9692,602.33734,-618.0574
442.44,-2950.62,606.0227,-618.2172
442.46,-2921.7766,599.4531,-617.25793
442.47998,-2897.7402,611.95135,-617.7376
442.5,-2916.9692,605.7022,-616.93823
442.52,-2902.5474,646.2415,-616.7783
442.53998,-2840.0527,663.38654,-615.6592
442.56,-2941.0059,585.03204,-615.9789
442.58,-2897.7402,609.54785,-615.49927
442.59998,-2936.1982,650.56775,-615.17957
442.62,-2926.5837,619.1619,-615.49927
442.63998,-2902.5474,631.8204,-615.9789
442.66,-2892.9329,600.2543,-615.6592
442.68,-2921.7766,635.3455,-615.49927
442.69998,-2945.813,646.56195,-614.54
442.72,-2859.282,589.8391,-614.85974
442.74,-2921.7766,604.90106,-614.85974
442.75998,-2897.7402,617.39935,-614.6999
442.78,-2907.3547,648.48474,-614.2203
442.8,-2892.9329,643.0368,-613.9005
442.81998,-2897.7402,597.69055,-613.42084
442.84,-2888.1255,636.1467,-613.1011
442.86,-2941.0059,632.4613,-613.5807
442.88,-2892.9329,627.4941,-613.2609
442.9,-2897.7402,682.45435,-612.6214
442.91998,-2897.7402,611.6309,-612.1418
442.94,-2888.1255,655.85547,-611.822
442.96,-2921.7766,647.84375,-611.822
442.97998,-2907.3547,606.3432,-612.30164
443.0,-2888.1255,631.0192,-611.98193
443.02,-2840.0527,634.38416,-611.98193
443.03998,-2945.813,620.12335,-611.50226
443.06,-2912.1619,604.74084,-611.822
443.08,-2897.7402,619.64264,-610.54297
443.09998,-2907.3547,605.542,-610.2232
443.12,-2878.511,673.4812,-609.7436
443.13998,-2907.3547,640.7935,-610.54297
443.16,-2820.8237,586.7946,-610.7029
443.18,-2931.391,622.687,-609.7436
443.19998,-2902.5474,622.04614,-609.5837
443.22,-2902.5474,628.77594,-609.2639
443.24,-2916.9692,615.15607,-609.4238
443.25998,-2936.1982,632.3011,-608.46454
443.28,-2912.1619,624.4496,-608.6244
443.3,-2902.5474,654.8941,-608.6244
443.31998,-2916.9692,603.6192,-607.9849
443.34,-2873.7039,571.8929,-608.6244
443.36,-2859.282,594.1654,-608.1448
443.38,-2907.3547,640.473,-607.0256
443.4,-2883.3184,652.1701,-607.0256
443.41998,-2888.1255,624.12915,-607.6651
443.44,-2892.9329,596.5689,-607.5052
443.46,-2912.1619,623.1677,-606.38605
443.47998,-2902.5474,597.8508,-606.5459
443.5,-2897.7402,612.75256,-606.7059
443.52,-2801.5945,606.98413,-606.38605
443.53998,-2878.511,623.1677,-606.2262
443.56,-2888.1255,617.5596,-606.0663
443.58,-2873.7039,641.91516,-605.26685
443.59998,-2849.6675,632.14087,-605.42676
443.62,-2897.7402,642.0754,-605.42676
443.63998,-2950.62,597.53033,-605.5867
443.66,-2767.9436,645.6005,-604.94714
443.68,-2907.3547,609.06714,-604.4675
443.69998,-2864.089,605.3818,-604.3076
443.72,-2878.511,613.073,-604.1477
443.74,-2897.7402,644.7994,-603.50824
443.75998,-2897.7402,648.16425,-603.82794
443.78,-2883.3184,607.14435,-603.98785
443.8,-2787.1729,648.8052,-603.6681
443.81998,-2873.7039,614.19464,-603.6681
443.84,-2830.4382,604.42035,-603.02856
443.86,-2965.0422,623.0075,-602.7088
443.88,-2864.089,642.5561,-602.86865
443.9,-2926.5837,608.9069,-603.02856
443.91998,-2897.7402,615.9572,-602.86865
443.94,-2888.1255,646.08124,-602.38904
443.96,-2892.9329,607.7853,-602.2292
443.97998,-2859.282,634.5444,-602.0693
444.0,-2897.7402,612.27185,-601.7495
444.02,-2864.089,631.0192,-601.11
444.03998,-2902.5474,615.797,-601.2699
444.06,-2921.7766,586.1537,-601.11
444.08,-2883.3184,613.073,-600.7902
444.09998,-2878.511,617.71985,-600.31055
444.12,-2849.6675,590.96075,-600.31055
444.13998,-2883.3184,626.21216,-600.31055
444.16,-2941.0059,595.44727,-599.99084
444.18,-2868.8965,601.69635,-600.95013
444.19998,-2892.9329,629.09644,-599.99084
444.22,-2888.1255,693.3503,-598.87164
444.24,-2902.5474,586.1537,-599.6711
444.25998,-2955.4275,597.8508,-599.35126
444.28,-2849.6675,623.80865,-598.7118
444.3,-2902.5474,613.3935,-598.7118
444.31998,-2878.511,574.2963,-599.5112
444.34,-2878.511,605.542,-598.5519
444.36,-2883.3184,591.121,-598.2322
444.38,-2868.8965,614.67535,-597.91235
444.4,-2835.2456,641.91516,-597.43274
444.41998,-2936.1982,691.2673,-597.5926
444.44,-2873.7039,576.2192,-597.91235
444.46,-2849.6675,598.3315,-596.95306
444.47998,-2844.86,598.17126,-596.95306
444.5,-2902.5474,600.09406,-596.95306
444.52,-2849.6675,612.75256,-595.99384
444.53998,-2825.6309,600.09406,-596.95306
444.56,-2868.8965,645.921,-596.1537
444.58,-2897.7402,590.15955,-596.31354
444.59998,-2873.7039,581.0262,-595.99384
444.62,-2840.0527,621.8859,-595.674
444.63998,-2907.3547,610.6695,-595.8339
444.66,-2878.511,661.4637,-595.51416
444.68,-2835.2456,617.07886,-595.1944
444.69998,-2892.9329,619.4824,-595.35425
444.72,-2830.4382,580.0648,-594.7148
444.74,-2883.3184,629.25665,-594.87463
444.75998,-2878.511,607.62506,-594.2351
444.78,-2883.3184,606.82385,-593.91534
444.8,-2888.1255,598.011,-593.91534
444.81998,-2873.7039,604.74084,-594.0752
444.84,-2859.282,665.95026,-593.4357
444.86,-2868.8965,595.928,-593.2758
444.88,-2849.6675,605.542,-593.1159
444.9,-2859.282,623.64844,-593.2758
444.91998,-2931.391,580.86597,-593.5956
444.94,-2873.7039,624.60986,-592.1567
444.96,-2873.7039,581.3467,-592.6363
444.97998,-2878.511,557.79224,-592.3165
445.0,-2892.9329,575.57825,-592.6363
445.02,-2849.6675,635.0251,-591.99677
445.03998,-2820.8237,599.9338,-591.677
445.06,-2878.511,597.0496,-590.87756
445.08,-2916.9692,561.9584,-591.677
445.09998,-2873.7039,586.4742,-591.1974
445.12,-2945.813,612.75256,-590.39795
445.13998,-2854.4746,566.44495,-590.39795
445.16,-2868.8965,580.38525,-590.87756
445.18,-2844.86,617.71985,-590.0782
445.19998,-2844.86,612.9128,-590.0782
445.22,-2878.511,611.3104,-589.5985
445.24,-2926.5837,558.27295,-590.0782
445.25998,-2859.282,610.99,-589.5985
445.28,-2897.7402,594.80634,-589.5985
445.3,-2897.7402,629.4169,-588.95905
445.31998,-2897.7402,610.5093,-588.31946
445.34,-2864.089,596.4087,-588.95905
445.36,-2849.6675,634.22394,-588.6393
445.38,-2907.3547,593.845,-588.31946
445.4,-2878.511,618.0403,-587.52014
445.41998,-2854.4746,583.4297,-587.68
445.44,-2883.3184,579.2636,-587.83984
445.46,-2873.7039,578.46246,-588.31946
445.47998,-2849.6675,598.4917,-587.52014
445.5,-2888.1255,604.42035,-586.40094
445.52,-2907.3547,572.0531,-587.2003
445.53998,-2864.089,601.53613,-586.7207
445.56,-2912.1619,590.96075,-586.88055
445.58,-2888.1255,630.5385,-586.2411
445.59998,-2830.4382,627.3338,-586.2411
445.62,-2791.98,615.797,-585.92126
445.63998,-2864.089,587.43555,-586.2411
445.66,-2859.282,596.8894,-585.7614
445.68,-2873.7039,569.1689,-585.6015
445.69998,-2868.8965,577.82153,-585.6015
445.72,-2907.3547,586.4742,-585.92126
445.74,-2820.8237,589.8391,-585.6015
445.75998,-2739.1,587.43555,-585.7614
445.78,-2864.089,590.31976,-583.84283
445.8,-2878.511,608.9069,-583.2033
445.81998,-2888.1255,615.6368,-583.36316
445.84,-2902.5474,604.5806,-584.3225
445.86,-2864.089,594.9666,-584.3225
445.88,-2878.511,628.2952,-583.36316
445.9,-2892.9329,577.0203,-582.7237
445.91998,-2859.282,581.6671,-583.04346
445.94,-2878.511,610.99,-583.36316
445.96,-2907.3547,571.73267,-583.36316
445.97998,-2864.089,605.7022,-582.7237
446.0,-2921.7766,556.9911,-582.7237
446.02,-2825.6309,595.44727,-582.0841
446.03998,-2902.5474,603.6192,-581.92426
446.06,-2931.391,570.9315,-581.1248
446.08,-2878.511,568.52795,-581.6045
446.09998,-2854.4746,608.7467,-581.44464
446.12,-2816.0164,587.5958,-581.7644
446.13998,-2936.1982,571.8929,-581.44464
446.16,-2926.5837,577.82153,-581.2848
446.18,-2806.4019,590.15955,-580.3255
446.19998,-2888.1255,588.71747,-580.96497
446.22,-2878.511,579.4238,-580.96497
446.24,-2878.511,548.97943,-580.8051
446.25998,-2878.511,572.6941,-580.0057
446.28,-2868.8965,565.96423,-579.52606
446.3,-2796.7874,560.6765,-580.0057
446.31998,-2854.4746,611.79114,-579.52606
446.34,-2902.5474,568.68823,-579.6859
446.36,-2892.9329,556.67065,-579.52606
446.38,-2854.4746,590.15955,-579.2063
446.4,-2912.1619,602.17706,-578.5668
446.41998,-2873.7039,614.19464,-578.40686
446.44,-2931.391,548.3385,-579.04645
446.46,-2864.089,577.50104,-578.247
446.47998,-2816.0164,595.60754,-577.92725
446.5,-2888.1255,592.2426,-577.4476
446.52,-2854.4746,600.2543,-577.4476
446.53998,-2888.1255,587.2753,-577.4476
446.56,-2854.4746,548.8192,-578.247
446.58,-2888.1255,574.1361,-577.4476
446.59998,-2926.5837,570.1303,-577.2877
446.62,-2883.3184,564.0414,-576.6482
446.63998,-2888.1255,557.4718,-577.2877
446.66,-2844.86,575.57825,-576.1685
446.68,-2878.511,574.1361,-576.48834
446.69998,-2849.6675,576.0589,-576.1685
446.72,-2912.1619,550.5817,-576.8081
446.74,-2854.4746,577.18054,-576.00867
446.75998,-2878.511,582.78876,-575.6889
446.78,-2883.3184,592.0824,-575.2093
446.8,-2844.86,596.08826,-574.88947
446.81998,-2902.5474,612.59235,-574.56976
446.84,-2892.9329,591.9221,-574.88947
446.86,-2897.7402,571.4122,-575.0494
446.88,-2806.4019,586.4742,-574.88947
446.9,-2854.4746,602.49756,-573.7703
446.91998,-2825.6309,564.5221,-574.09015
446.94,-2868.8965,586.1537,-574.09015
446.96,-2912.1619,556.67065,-574.56976
446.97998,-2849.6675,584.0707,-573.7703
447.0,-2868.8965,606.82385,-573.45056
447.02,-2916.9692,597.69055,-573.2907
447.03998,-2854.4746,586.3139,-572.97095
447.06,-2916.9692,576.0589,-572.6511
447.08,-2849.6675,597.53033,-572.3314
447.09998,-2864.089,548.65894,-572.8111
447.12,-2787.1729,589.3584,-572.6511
447.13998,-2878.511,599.4531,-572.6511
447.16,-2945.813,584.7116,-572.4913
447.18,-2849.6675,564.20166,-571.6919
447.19998,-2859.282,565.96423,-572.1715
447.22,-2868.8965,614.99585,-571.2122
447.24,-2825.6309,611.6309,-571.2122
447.25998,-2916.9692,594.1654,-571.05237
447.28,-2835.2456,585.35254,-570.57275
447.3,-2912.1619,548.018,-571.2122
447.31998,-2892.9329,597.0496,-570.41284
447.34,-2854.4746,594.4859,-570.7326
447.36,-2820.8237,600.735,-570.41284
447.38,-2844.86,548.1783,-569.7733
447.4,-2830.4382,585.1923,-569.6134
447.41998,-2849.6675,574.4566,-569.6134
447.44,-2849.6675,591.4414,-570.2529
447.46,-2864.089,553.94666,-569.6134
447.47998,-2902.5474,557.4718,-569.2937
447.5,-2955.4275,579.2636,-568.49426
447.52,-2873.7039,572.5338,-568.814
447.53998,-2888.1255,579.5841,-569.1338
447.56,-2912.1619,640.1526,-568.1745
447.58,-2883.3184,569.6496,-568.9739
447.59998,-2873.7039,577.18054,-568.3344
447.62,-2888.1255,575.41797,-568.3344
447.63998,-2878.511,616.1175,-567.8547
447.66,-2873.7039,542.8905,-567.535
447.68,-2859.282,586.3139,-567.2152
447.69998,-2945.813,560.51624,-567.37506
447.72,-2868.8965,548.018,-567.05536
447.74,-2825.6309,612.43207,-566.5757
447.75998,-2868.8965,573.49524,-566.7356
447.78,-2878.511,589.5186,-566.4158
447.8,-2878.511,559.3946,-566.4158
447.81998,-2883.3184,562.1186,-566.4158
447.84,-2864.089,627.4941,-565.1367
447.86,-2897.7402,574.6168,-566.2559
447.88,-2864.089,626.53265,-564.97687
447.9,-2864.089,576.8601,-565.7763
447.91998,-2902.5474,521.0987,-565.7763
447.94,-2878.511,550.5817,-564.817
447.96,-2873.7039,574.77704,-565.29663
447.97998,-2888.1255,577.18054,-564.3374
448.0,-2854.4746,530.7127,-564.817
448.02,-2888.1255,574.6168,-564.3374
448.03998,-2907.3547,584.7116,-564.3374
448.06,-2849.6675,540.487,-564.1774
448.08,-2825.6309,553.62616,-563.37805
448.09998,-2859.282,559.8753,-563.6978
448.12,-2840.0527,576.3794,-563.37805
448.13998,-2825.6309,544.01215,-563.6978
448.16,-2859.282,554.5876,-562.7385
448.18,-2878.511,604.74084,-562.8984
448.19998,-2859.282,568.04724,-562.7385
448.22,-2873.7039,568.68823,-562.41876
448.24,-2811.2092,601.3759,-562.7385
448.25998,-2830.4382,596.8894,-561.93915
448.28,-2844.86,571.8929,-562.09906
448.3,-2825.6309,544.9736,-562.7385
448.31998,-2849.6675,560.356,-561.77924
448.34,-2921.7766,561.47766,-561.93915
448.36,-2868.8965,556.9911,-560.97986
448.38,-2864.089,553.14545,-561.2996
448.4,-2926.5837,563.40045,-561.1397
448.41998,-2921.7766,552.9852,-561.4595
448.44,-2864.089,534.3981,-560.66003
448.46,-2897.7402,587.2753,-560.34033
448.47998,-2888.1255,599.4531,-559.54095
448.5,-2830.4382,562.1186,-559.381
448.52,-2835.2456,570.4508,-559.54095
448.53998,-2892.9329,599.29285,-559.7008
448.56,-2816.0164,573.49524,-559.7008
448.58,-2840.0527,579.5841,-559.381
448.59998,-2888.1255,567.7268,-559.0613
448.62,-2825.6309,551.22266,-559.381
448.63998,-2868.8965,544.81335,-559.2211
448.66,-2830.4382,576.0589,-558.90137
448.68,-2888.1255,543.211,-558.58167
448.69998,-2854.4746,575.09753,-558.102
448.72,-2878.511,559.2344,-557.9421
448.74,-2888.1255,581.0262,-557.46246
448.75998,-2840.0527,549.6203,-557.9421
448.78,-2854.4746,541.76886,-557.46246
448.8,-2811.2092,558.75366,-557.7822
448.81998,-2849.6675,558.11273,-557.1427
448.84,-2835.2456,541.4484,-557.1427
448.86,-2820.8237,588.23676,-556.9828
448.88,-2830.4382,560.356,-556.82294
448.9,-2859.282,537.6028,-556.663
448.91998,-2902.5474,542.57007,-556.663
448.94,-2801.5945,581.9876,-556.9828
448.96,-2912.1619,563.88116,-556.5032
448.97998,-2864.089,545.6145,-555.86365
449.0,-2897.7402,551.3829,-555.2241
449.02,-2854.4746,570.77124,-555.70374
449.03998,-2868.8965,586.9549,-555.384
449.06,-2835.2456,575.41797,-554.5846
449.08,-2844.86,577.3408,-554.5846
449.09998,-2888.1255,549.13965,-554.90436
449.12,-2892.9329,502.19107,-555.384
449.13998,-2825.6309,576.5396,-554.90436
449.16,-2830.4382,552.3443,-553.7852
449.18,-2878.511,542.57007,-553.7852
449.19998,-2811.2092,542.08936,-553.94507
449.22,-2888.1255,558.75366,-553.6253
449.24,-2859.282,571.25195,-553.1456
449.25998,-2849.6675,538.2437,-553.30554
449.28,-2811.2092,538.2437,-553.94507
449.3,-2825.6309,566.28467,-553.46545
449.31998,-2787.1729,583.58997,-552.9858
449.34,-2864.089,618.8415,-552.18634
449.36,-2878.511,565.0028,-552.666
449.38,-2897.7402,567.0859,-552.8259
449.4,-2892.9329,529.7513,-552.8259
449.41998,-2859.282,541.60864,-552.50616
449.44,-2883.3184,506.6776,-551.7067
449.46,-2873.7039,556.8309,-551.2271
449.47998,-2873.7039,531.83435,-551.7067
449.5,-2825.6309,560.51624,-552.0265
449.52,-2840.0527,563.88116,-551.2271
449.53998,-2864.089,588.397,-550.4277
449.56,-2868.8965,518.6952,-551.2271
449.58,-2705.449,569.4894,-550.2678
449.59998,-2864.089,594.0052,-550.1079
449.62,-2835.2456,560.1958,-550.4277
449.63998,-2912.1619,532.6355,-550.1079
449.66,-2868.8965,541.92914,-549.94806
449.68,-2849.6675,557.4718,-549.30853
449.69998,-2868.8965,558.27295,-549.30853
449.72,-2854.4746,532.7958,-549.62823
449.74,-2835.2456,570.1303,-549.94806
449.75998,-2830.4382,531.35364,-549.30853
449.78,-2849.6675,540.487,-549.1486
449.8,-2868.8965,556.02966,-548.9888
449.81998,-2820.8237,575.09753,-548.18933
449.84,-2840.0527,546.5759,-548.669
449.86,-2772.751,581.1864,-547.86957
449.88,-2811.2092,529.7513,-548.18933
449.9,-2840.0527,560.6765,-548.0295
449.91998,-2830.4382,522.38055,-547.7097
449.94,-2864.089,542.7303,-547.23004
449.96,-2854.4746,528.62964,-547.0702
449.97998,-2868.8965,593.845,-546.9103
450.0,-2840.0527,556.35016,-546.7504
450.02,-2816.0164,538.404,-547.0702
450.03998,-2859.282,529.7513,-546.7504
450.06,-2806.4019,568.68823,-547.23004
450.08,-2840.0527,580.70575,-545.6312
450.09998,-2854.4746,551.22266,-546.11084
450.12,-2873.7039,527.9887,-545.951
450.13998,-2835.2456,528.95013,-546.2708
450.16,-2825.6309,551.54315,-545.6312
450.18,-2820.8237,570.77124,-545.3115
450.19998,-2868.8965,560.0355,-544.83185
450.22,-2859.282,571.73267,-544.1923
450.24,-2873.7039,597.2099,-544.83185
450.25998,-2840.0527,563.24023,-544.83185
450.28,-2816.0164,566.12445,-544.5121
450.3,-2825.6309,581.9876,-544.0325
450.31998,-2878.511,583.7502,-544.1923
450.34,-2825.6309,558.4332,-544.0325
450.36,-2868.8965,551.54315,-544.5121
450.38,-2854.4746,575.57825,-543.0732
450.4,-2835.2456,533.5969,-543.23303
450.41998,-2787.1729,541.2882,-543.3929
450.44,-2854.4746,537.28235,-543.71265
450.46,-2811.2092,536.48114,-542.91327
450.47998,-2811.2092,572.8543,-542.4336
450.5,-2868.8965,545.29407,-542.7534
450.52,-2830.4382,573.0145,-542.91327
450.53998,-2820.8237,563.08,-542.59357
450.56,-2825.6309,614.19464,-540.9947
450.58,-2825.6309,560.6765,-541.7941
450.59998,-2854.4746,547.8578,-541.6342
450.62,-2772.751,516.6121,-542.11383
450.63998,-2864.089,546.5759,-540.9947
450.66,-2835.2456,559.2344,-541.15454
450.68,-2864.089,553.14545,-541.31445
450.69998,-2835.2456,553.14545,-541.15454
450.72,-2840.0527,548.4987,-541.15454
450.74,-2849.6675,547.3771,-540.9947
450.75998,-2888.1255,549.9408,-540.35516
450.78,-2796.7874,566.7654,-540.0354
450.8,-2811.2092,572.8543,-539.8755
450.81998,-2791.98,530.232,-540.0354
450.84,-2830.4382,523.18176,-540.1953
450.86,-2859.282,560.356,-539.3959
450.88,-2844.86,585.1923,-539.236
450.9,-2888.1255,490.81445,-540.0354
450.91998,-2864.089,544.01215,-539.0762
450.94,-2825.6309,575.41797,-538.75635
450.96,-2849.6675,601.69635,-538.75635
450.97998,-2868.8965,572.8543,-537.957
451.0,-2767.9436,577.3408,-538.4366
451.02,-2811.2092,575.25775,-538.59644
451.03998,-2868.8965,558.75366,-538.75635
451.06,-2849.6675,542.08936,-538.59644
451.08,-2835.2456,502.832,-538.59644
451.09998,-2844.86,562.7595,-537.63715
451.12,-2830.4382,521.8999,-537.63715
451.13998,-2849.6675,559.8753,-536.83777
451.16,-2844.86,577.82153,-537.15753
451.18,-2835.2456,553.14545,-536.0384
451.19998,-2835.2456,519.6566,-537.15753
451.22,-2816.0164,543.3712,-536.51807
451.24,-2816.0164,584.55133,-536.3581
451.25998,-2849.6675,538.88464,-536.6779
451.28,-2777.558,560.0355,-536.6779
451.3,-2840.0527,534.23785,-535.7186
451.31998,-2864.089,560.99695,-535.7186
451.34,-2811.2092,549.7805,-535.23895
451.36,-2854.4746,533.75714,-535.5588
451.38,-2835.2456,537.9233,-534.9192
451.4,-2854.4746,551.22266,-535.7186
451.41998,-2849.6675,498.66592,-535.23895
451.44,-2840.0527,534.8788,-534.75934
451.46,-2796.7874,526.86707,-534.4396
451.47998,-2676.6055,576.2192,-533.32043
451.5,-2849.6675,568.68823,-533.4803
451.52,-2844.86,560.356,-534.5994
451.53998,-2767.9436,588.71747,-533.80005
451.56,-2830.4382,557.79224,-533.80005
451.58,-2811.2092,534.23785,-533.32043
451.59998,-2844.86,567.887,-533.0007
451.62,-2859.282,561.47766,-533.80005
451.63998,-2907.3547,532.6355,-532.68085
451.66,-2835.2456,531.67413,-533.1605
451.68,-2801.5945,556.35016,-532.521
451.69998,-2859.282,523.18176,-532.521
451.72,-2816.0164,560.6765,-532.521
451.74,-2791.98,508.4402,-532.3611
451.75998,-2787.1729,551.3829,-532.0414
451.78,-2830.4382,529.91156,-532.20123
451.8,-2830.4382,534.8788,-532.20123
451.81998,-2782.3655,542.08936,-531.5617
451.84,-2835.2456,612.11163,-530.9222
451.86,-2806.4019,573.0145,-531.5617
451.88,-2820.8237,541.2882,-531.24194
451.9,-2849.6675,527.3478,-531.5617
451.91998,-2825.6309,553.14545,-530.9222
451.94,-2849.6675,538.7244,-530.7623
451.96,-2787.1729,527.8285,-531.08203
451.97998,-2864.089,517.57355,-530.28265
452.0,-2835.2456,582.94904,-529.4833
452.02,-2825.6309,489.37234,-530.12274
452.03998,-2840.0527,581.5069,-530.12274
452.06,-2787.1729,503.6332,-529.80304
452.08,-2806.4019,488.2507,-530.6024
452.09998,-2820.8237,573.335,-529.32336
452.12,-2835.2456,548.97943,-529.32336
452.13998,-2873.7039,547.6976,-529.0036
452.16,-2777.558,542.57007,-528.8437
452.18,-2763.1365,503.3127,-529.32336
452.19998,-2825.6309,518.8554,-528.8437
452.22,-2782.3655,538.2437,-528.2042
452.24,-2859.282,603.6192,-527.24493
452.25998,-2825.6309,532.7958,-528.2042
452.28,-2753.5217,564.3619,-528.68384
452.3,-2835.2456,558.59344,-527.8844
452.31998,-2835.2456,522.38055,-528.2042
452.34,-2840.0527,525.7454,-528.2042
452.36,-2902.5474,531.1934,-526.9252
452.38,-2830.4382,530.3922,-527.4048
452.4,-2868.8965,550.5817,-526.76526
452.41998,-2864.089,513.7279,-527.085
452.44,-2772.751,508.1197,-527.56464
452.46,-2796.7874,511.6449,-527.24493
452.47998,-2849.6675,533.2765,-526.60535
452.5,-2763.1365,557.3116,-525.9659
452.52,-2801.5945,545.6145,-526.12573
452.53998,-2820.8237,543.53143,-525.9659
452.56,-2801.5945,518.6952,-525.9659
452.58,-2820.8237,576.5396,-525.4862
452.59998,-2791.98,549.6203,-525.16644
452.62,-2791.98,547.8578,-525.3263
452.63998,-2729.4854,560.99695,-525.4862
452.66,-2859.282,527.508,-525.4862
452.68,-2840.0527,548.4987,-525.4862
452.69998,-2825.6309,519.97705,-525.16644
452.72,-2811.2092,518.3747,-524.527
452.74,-2820.8237,505.556,-524.6868
452.75998,-2782.3655,483.1232,-524.6868
452.78,-2825.6309,552.9852,-524.0473
452.8,-2849.6675,521.5794,-524.20715
452.81998,-2811.2092,497.06357,-524.6868
452.84,-2748.7146,524.1432,-524.20715
452.86,-2801.5945,507.15833,-524.6868
452.88,-2820.8237,528.7899,-523.4078
452.9,-2825.6309,510.68347,-523.72754
452.91998,-2811.2092,554.2671,-523.5676
452.94,-2787.1729,544.01215,-522.4485
452.96,-2801.5945,519.97705,-522.9281
452.97998,-2835.2456,518.2145,-522.28864
453.0,-2796.7874,535.1993,-521.9689
453.02,-2825.6309,536.64136,-521.8089
453.03998,-2763.1365,548.018,-522.28864
453.06,-2801.5945,550.5817,-522.9281
453.08,-2840.0527,511.3244,-522.60834
453.09998,-2825.6309,567.0859,-522.1287
453.12,-2811.2092,533.75714,-521.64905
453.13998,-2830.4382,508.1197,-521.8089
453.16,-2825.6309,521.7396,-521.3293
453.18,-2825.6309,530.0718,-520.8497
453.19998,-2787.1729,499.62732,-521.16943
453.22,-2772.751,518.05426,-520.8497
453.24,-2816.0164,536.0004,-521.4892
453.25998,-2811.2092,516.4519,-520.5299
453.28,-2864.089,518.6952,-520.37
453.3,-2878.511,640.95374,-519.09094
453.31998,-2854.4746,520.77826,-520.5299
453.34,-2840.0527,551.54315,-520.05023
453.36,-2811.2092,557.3116,-519.5706
453.38,-2806.4019,535.1993,-519.8904
453.4,-2849.6675,521.0987,-520.37
453.41998,-2868.8965,530.3922,-519.7305
453.44,-2830.4382,596.5689,-519.4107
453.46,-2811.2092,565.64374,-518.77124
453.47998,-2883.3184,484.24484,-519.5706
453.5,-2820.8237,483.4437,-519.25085
453.52,-2787.1729,475.9127,-519.5706
453.53998,-2791.98,532.6355,-518.2915
453.56,-2811.2092,570.611,-518.6113
453.58,-2806.4019,560.1958,-518.9311
453.59998,-2772.751,525.1045,-518.2915
453.62,-2816.0164,564.20166,-517.65204
453.63998,-2825.6309,504.59457,-518.4515
453.66,-2816.0164,544.49286,-517.4922
453.68,-2801.5945,529.7513,-517.0125
453.69998,-2854.4746,527.18756,-517.1724
453.72,-2791.98,493.218,-517.0125
453.74,-2816.0164,517.57355,-517.4922
453.75998,-2820.8237,531.51385,-516.373
453.78,-2820.8237,491.29517,-516.8526
453.8,-2835.2456,540.6472,-516.53284
453.81998,-2816.0164,521.7396,-516.69275
453.84,-2830.4382,501.22964,-515.4137
453.86,-2801.5945,511.6449,-515.25385
453.88,-2758.329,514.36884,-515.25385
453.9,-2753.5217,521.0987,-515.57355
453.91998,-2811.2092,488.41095,-516.21313
453.94,-2753.5217,576.5396,-515.4137
453.96,-2816.0164,552.3443,-514.9341
453.97998,-2806.4019,511.16418,-515.73346
454.0,-2816.0164,543.8519,-514.7742
454.02,-2825.6309,508.27997,-514.7742
454.03998,-2835.2456,559.07416,-514.2945
454.06,-2787.1729,540.9677,-514.13464
454.08,-2796.7874,506.9981,-514.2945
454.09998,-2796.7874,521.8999,-513.655
454.12,-2868.8965,491.4554,-513.4951
454.13998,-2791.98,560.6765,-513.17535
454.16,-2825.6309,536.0004,-513.4951
454.18,-2787.1729,536.1607,-513.655
454.19998,-2791.98,510.52325,-513.3352
454.22,-2801.5945,520.9385,-513.0155
454.24,-2791.98,527.9887,-513.0155
454.25998,-2816.0164,538.88464,-512.21606
454.28,-2840.0527,512.60626,-512.376
454.3,-2830.4382,492.73727,-512.376
454.31998,-2772.751,528.4694,-511.73645
454.34,-2791.98,528.7899,-513.0155
454.36,-2816.0164,519.6566,-512.05615
454.38,-2816.0164,516.6121,-511.73645
454.4,-2782.3655,532.7958,-511.73645
454.41998,-2859.282,521.5794,-511.73645
454.44,-2782.3655,556.5104,-510.93704
454.46,-2782.3655,472.86826,-511.57654
454.47998,-2849.6675,534.23785,-511.2568
454.5,-2787.1729,528.3092,-510.93704
454.52,-2787.1729,540.9677,-510.4574
454.53998,-2806.4019,523.18176,-510.93704
454.56,-2796.7874,518.05426,-510.93704
454.58,-2791.98,488.41095,-510.4574
454.59998,-2791.98,506.5174,-510.2975
454.62,-2801.5945,524.78406,-509.658
454.63998,-2907.3547,523.8227,-509.81784
454.66,-2835.2456,509.72205,-509.4981
454.68,-2801.5945,509.88232,-509.97775
454.69998,-2719.8708,546.73615,-509.17834
454.72,-2801.5945,529.59106,-509.658
454.74,-2787.1729,538.0835,-509.17834
454.75998,-2791.98,518.6952,-509.17834
454.78,-2791.98,490.33377,-509.3382
454.8,-2787.1729,530.232,-509.01843
454.81998,-2825.6309,539.0449,-508.21906
454.84,-2825.6309,529.43085,-508.21906
454.86,-2782.3655,527.02734,-508.05914
454.88,-2791.98,496.90335,-509.01843
454.9,-2816.0164,507.79926,-507.8993
454.91998,-2782.3655,517.4133,-508.37894
454.94,-2835.2456,510.36298,-507.5795
454.96,-2782.3655,510.36298,-508.05914
454.97998,-2724.6782,488.89166,-507.09985
455.0,-2796.7874,544.33264,-506.62024
455.02,-2811.2092,510.52325,-506.7801
455.03998,-2782.3655,503.1525,-506.94
455.06,-2767.9436,519.81683,-506.62024
455.08,-2719.8708,533.75714,-506.46036
455.09998,-2820.8237,536.48114,-506.1406
455.12,-2820.8237,507.79926,-506.7801
455.13998,-2758.329,501.55014,-506.94
455.16,-2782.3655,513.087,-506.1406
455.18,-2767.9436,491.77588,-506.30045
455.19998,-2830.4382,553.46594,-505.3412
455.22,-2763.1365,523.9829,-505.8208
455.24,-2748.7146,533.4367,-505.1813
455.25998,-2811.2092,505.2355,-505.66095
455.28,-2719.8708,532.4753,-504.86154
455.3,-2849.6675,538.7244,-505.1813
455.31998,-2796.7874,516.1315,-505.66095
455.34,-2767.9436,525.9057,-505.1813
455.36,-2676.6055,528.95013,-504.54175
455.38,-2772.751,486.3279,-505.1813
455.4,-2811.2092,528.62964,-504.70166
455.41998,-2801.5945,512.60626,-504.86154
455.44,-2791.98,516.4519,-504.22205
455.46,-2777.558,498.34546,-504.54175
455.47998,-2777.558,508.1197,-504.0621
455.5,-2806.4019,508.1197,-504.22205
455.52,-2791.98,501.22964,-503.2627
455.53998,-2796.7874,521.5794,-503.5825
455.56,-2729.4854,543.3712,-502.6232
455.58,-2782.3655,513.2472,-503.2627
455.59998,-2758.329,523.02155,-502.78305
455.62,-2796.7874,523.02155,-502.14355
455.63998,-2816.0164,496.10217,-502.78305
455.66,-2801.5945,492.09634,-502.943
455.68,-2796.7874,527.508,-502.6232
455.69998,-2816.0164,509.88232,-501.98364
455.72,-2772.751,510.52325,-502.30344
455.74,-2796.7874,550.90216,-501.6639
455.75998,-2801.5945,554.908,-501.1843
455.78,-2816.0164,524.1432,-501.8238
455.8,-2806.4019,494.17938,-501.34415
455.81998,-2782.3655,469.50336,-501.6639
455.84,-2743.9072,490.0133,-501.98364
455.86,-2811.2092,491.4554,-501.34415
455.88,-2830.4382,499.94778,-501.1843
455.9,-2796.7874,535.5197,-500.8645
455.91998,-2763.1365,517.4133,-500.8645
455.94,-2854.4746,523.6625,-500.38486
455.96,-2825.6309,522.86127,-500.70465
455.97998,-2791.98,541.2882,-500.22495
456.0,-2782.3655,477.03433,-500.0651
456.02,-2763.1365,509.72205,-500.22495
456.03998,-2830.4382,541.76886,-499.2657
456.06,-2806.4019,546.89636,-499.58545
456.08,-2782.3655,541.60864,-498.94592
456.09998,-2840.0527,509.72205,-499.1058
456.12,-2796.7874,515.17004,-499.2657
456.13998,-2796.7874,524.3034,-499.42557
456.16,-2796.7874,519.49634,-499.1058
456.18,-2782.3655,521.7396,-498.94592
456.19998,-2767.9436,592.40283,-497.50702
456.22,-2830.4382,490.81445,-498.78604
456.24,-2782.3655,510.36298,-498.62616
456.25998,-2724.6782,504.27414,-498.46628
456.28,-2791.98,523.5022,-497.98663
456.3,-2796.7874,463.89514,-498.62616
456.31998,-2825.6309,518.05426,-497.82675
456.34,-2777.558,514.68933,-497.66687
456.36,-2772.751,480.0788,-497.82675
456.38,-2772.751,542.2496,-497.3471
456.4,-2806.4019,487.60977,-496.70758
456.41998,-2835.2456,506.5174,-496.70758
456.44,-2777.558,477.51505,-496.70758
456.46,-2767.9436,435.053,-497.3471
456.47998,-2806.4019,498.50568,-496.70758
456.5,-2801.5945,509.08112,-496.06805
456.52,-2830.4382,570.9315,-495.42853
456.53998,-2787.1729,474.79105,-496.5477
456.56,-2763.1365,512.60626,-496.5477
456.58,-2753.5217,536.3209,-496.06805
456.59998,-2782.3655,495.62146,-496.06805
456.62,-2806.4019,484.72556,-495.5884
456.63998,-2844.86,556.9911,-495.1088
456.66,-2791.98,514.36884,-495.42853
456.68,-2763.1365,551.3829,-495.26865
456.69998,-2835.2456,477.67526,-494.94888
456.72,-2791.98,504.91507,-494.94888
456.74,-2748.7146,503.79343,-495.1088
456.75998,-2772.751,514.84955,-495.5884
456.78,-2772.751,541.92914,-494.14948
456.8,-2791.98,513.2472,-494.30936
456.81998,-2844.86,529.91156,-493.66983
456.84,-2782.3655,470.7852,-494.30936
456.86,-2609.3035,528.3092,-494.30936
456.88,-2763.1365,489.85306,-494.14948
456.9,-2772.751,504.11386,-493.50995
456.91998,-2868.8965,496.7431,-493.1902
456.94,-2753.5217,507.95947,-493.50995
456.96,-2753.5217,564.3619,-493.66983
456.97998,-2830.4382,510.52325,-493.1902
457.0,-2806.4019,504.27414,-493.0303
457.02,-2734.2925,505.0753,-492.87042
457.03998,-2743.9072,480.239,-492.87042
457.06,-2767.9436,464.53607,-493.0303
457.08,-2777.558,482.64252,-492.39078
457.09998,-2782.3655,495.301,-492.39078
457.12,-2724.6782,485.04602,-492.71057
457.13998,-2753.5217,501.06943,-492.71057
457.16,-2763.1365,490.494,-491.2716
457.18,-2739.1,517.09283,-491.2716
457.19998,-2825.6309,497.38403,-492.07104
457.22,-2719.8708,522.70105,-491.2716
457.24,-2739.1,521.2589,-491.43152
457.25998,-2767.9436,499.62732,-491.11172
457.28,-2791.98,541.60864,-490.63208
457.3,-2772.751,511.00397,-491.2716
457.31998,-2782.3655,499.4671,-491.11172
457.34,-2801.5945,478.6367,-491.75125
457.36,-2763.1365,521.0987,-490.63208
457.38,-2777.558,451.07642,-490.79196
457.4,-2787.1729,517.09283,-490.31235
457.41998,-2820.8237,481.0402,-489.8327
457.44,-2753.5217,516.9326,-490.31235
457.46,-2825.6309,478.7969,-490.15244
457.47998,-2748.7146,532.7958,-489.35303
457.5,-2801.5945,504.27414,-489.35303
457.52,-2796.7874,515.17004,-489.67282
457.53998,-2796.7874,475.432,-489.8327
457.56,-2763.1365,494.17938,-489.35303
457.58,-2801.5945,506.5174,-488.87338
457.59998,-2791.98,520.9385,-488.55365
457.62,-2816.0164,488.7314,-488.71353
457.63998,-2859.282,528.95013,-487.7542
457.66,-2801.5945,506.9981,-488.074
457.68,-2763.1365,498.025,-488.55365
457.69998,-2782.3655,466.13843,-488.39377
457.72,-2772.751,492.89752,-488.55365
457.74,-2777.558,506.9981,-488.55365
457.75998,-2782.3655,500.749,-487.59433
457.78,-2787.1729,495.94193,-487.59433
457.8,-2753.5217,528.3092,-487.59433
457.81998,-2811.2092,452.19806,-487.91412
457.84,-2753.5217,470.1443,-487.43448
457.86,-2787.1729,484.4051,-487.43448
457.88,-2710.256,542.08936,-487.43448
457.9,-2748.7146,490.494,-488.23386
457.91998,-2782.3655,526.0659,-488.23386
457.94,-2801.5945,516.4519,-487.59433
457.96,-2820.8237,493.3782,-487.2746
457.97998,-2767.9436,494.66006,-487.91412
458.0,-2729.4854,501.55014,-487.91412
458.02,-2782.3655,464.53607,-488.87338
458.03998,-2806.4019,479.75833,-488.074
458.06,-2849.6675,477.67526,-489.0333
458.08,-2825.6309,536.80164,-487.91412
458.09998,-2868.8965,537.44257,-488.39377
458.12,-2758.329,493.53845,-488.55365
458.13998,-2791.98,484.56534,-489.35303
458.16,-2859.282,478.47644,-488.87338
458.18,-2796.7874,488.89166,-488.71353
458.19998,-2782.3655,518.6952,-488.23386
458.22,-2715.0637,496.2624,-488.71353
458.24,-2777.558,497.86475,-488.71353
458.25998,-2787.1729,506.83783,-489.19318
458.28,-2739.1,486.00745,-489.19318
458.3,-2763.1365,488.7314,-489.0333
458.31998,-2777.558,465.17703,-488.71353
458.34,-2835.2456,523.5022,-488.55365
458.36,-2801.5945,474.31036,-489.19318
458.38,-2825.6309,505.0753,-489.35303
458.4,-2739.1,502.99228,-489.67282
458.41998,-2753.5217,532.956,-489.67282
458.44,-2763.1365,531.51385,-489.19318
458.46,-2801.5945,471.58636,-489.8327
458.47998,-2791.98,498.025,-489.5129
458.5,-2772.751,489.85306,-489.35303
458.52,-2743.9072,488.5712,-489.8327
458.53998,-2763.1365,495.14078,-489.19318
458.56,-2763.1365,494.17938,-490.31235
458.58,-2758.329,510.20276,-489.8327
458.59998,-2772.751,506.0367,-489.67282
458.62,-2767.9436,479.43787,-489.8327
458.63998,-2801.5945,504.27414,-489.5129
458.66,-2811.2092,489.37234,-489.99255
458.68,-2777.558,532.6355,-489.99255
458.69998,-2777.558,501.87064,-490.47223
458.72,-2753.5217,500.4285,-489.8327
458.74,-2734.2925,515.811,-490.15244
458.75998,-2777.558,463.41446,-490.47223
458.78,-2763.1365,497.06357,-490.79196
458.8,-2758.329,509.56183,-490.31235
458.81998,-2734.2925,521.5794,-489.99255
458.84,-2767.9436,484.4051,-490.15244
458.86,-2777.558,465.81796,-490.79196
458.88,-2772.751,541.92914,-490.47223
458.9,-2767.9436,475.1115,-490.31235
458.91998,-2767.9436,491.4554,-490.47223
458.94,-2734.2925,528.62964,-489.99255
458.96,-2844.86,500.9092,-490.79196
458.97998,-2796.7874,550.2612,-490.31235
459.0,-2782.3655,536.1607,-490.63208
459.02,-2763.1365,501.87064,-490.95187
459.03998,-2753.5217,470.1443,-490.47223
459.06,-2758.329,490.17352,-491.11172
459.08,-2811.2092,503.47293,-491.2716
459.09998,-2864.089,500.5887,-490.95187
459.12,-2777.558,489.21213,-491.2716
459.13998,-2787.1729,504.27414,-490.95187
459.16,-2791.98,500.4285,-491.2716
459.18,-2791.98,485.04602,-491.2716
459.19998,-2787.1729,484.72556,-491.43152
459.22,-2816.0164,523.6625,-490.79196
459.24,-2787.1729,473.9899,-491.43152
459.25998,-2743.9072,494.33963,-491.75125
459.28,-2801.5945,515.811,-491.5914
459.3,-2782.3655,505.556,-491.43152
459.31998,-2777.558,514.2086,-492.07104
459.34,-2796.7874,505.8765,-491.75125
459.36,-2830.4382,512.44604,-492.39078
459.38,-2777.558,499.78757,-491.75125
459.4,-2816.0164,524.1432,-491.5914
459.41998,-2782.3655,511.00397,-491.43152
459.44,-2782.3655,485.68695,-492.55066
459.46,-2849.6675,494.33963,-492.23093
459.47998,-2748.7146,491.4554,-491.91113
459.5,-2791.98,513.087,-492.39078
459.52,-2772.751,529.59106,-492.39078
459.53998,-2787.1729,458.44717,-491.91113
459.56,-2787.1729,501.55014,-492.07104
459.58,-2806.4019,565.163,-491.75125
459.59998,-2820.8237,457.0051,-493.3501
459.62,-2782.3655,552.9852,-492.39078
459.63998,-2700.6418,527.508,-492.87042
459.66,-2767.9436,508.6004,-492.39078
459.68,-2796.7874,517.09283,-492.23093
459.69998,-2695.8345,547.6976,-492.71057
459.72,-2787.1729,525.9057,-493.0303
459.74,-2724.6782,485.04602,-493.1902
459.75998,-2724.6782,479.43787,-492.55066
459.78,-2782.3655,510.52325,-492.87042
459.8,-2864.089,500.4285,-492.87042
459.81998,-2705.449,427.36182,-492.71057
459.84,-2835.2456,483.1232,-493.0303
459.86,-2763.1365,512.12555,-492.87042
459.88,-2763.1365,506.9981,-493.0303
459.9,-2777.558,501.22964,-493.3501
459.91998,-2777.558,546.89636,-493.1902
459.94,-2729.4854,488.7314,-493.8297
459.96,-2758.329,479.91855,-493.66983
459.97998,-2782.3655,497.70453,-493.50995
460.0,-2715.0637,473.6694,-493.3501
460.02,-2811.2092,513.087,-492.71057
460.03998,-2816.0164,495.14078,-493.8297
460.06,-2748.7146,556.8309,-493.50995
460.08,-2777.558,498.34546,-493.66983
460.09998,-2854.4746,573.17474,-493.3501
460.12,-2782.3655,506.83783,-493.8297
460.13998,-2743.9072,510.04254,-493.8297
460.16,-2859.282,511.3244,-493.8297
460.18,-2777.558,497.06357,-493.66983
460.19998,-2796.7874,524.3034,-493.50995
460.22,-2801.5945,477.3548,-493.98962
460.24,-2758.329,513.087,-494.30936
460.25998,-2777.558,514.36884,-494.789
460.28,-2820.8237,496.42264,-494.94888
460.3,-2772.751,478.6367,-495.26865
460.31998,-2753.5217,500.9092,-494.62912
460.34,-2763.1365,499.78757,-495.5884
460.36,-2763.1365,533.2765,-494.62912
460.38,-2724.6782,506.9981,-494.94888
460.4,-2739.1,510.68347,-494.46927
460.41998,-2820.8237,515.4905,-493.98962
460.44,-2753.5217,474.63083,-494.94888
460.46,-2719.8708,504.59457,-495.1088
460.47998,-2787.1729,522.70105,-494.94888
460.5,-2753.5217,535.5197,-493.98962
460.52,-2758.329,524.78406,-494.30936
460.53998,-2777.558,510.68347,-495.1088
460.56,-2796.7874,493.218,-495.42853
460.58,-2743.9072,495.94193,-495.42853
460.59998,-2782.3655,513.087,-495.26865
460.62,-2758.329,471.58636,-494.94888
460.63998,-2782.3655,504.11386,-495.74832
460.66,-2782.3655,513.4075,-495.5884
460.68,-2763.1365,491.4554,-495.74832
460.69998,-2763.1365,541.76886,-495.42853
460.72,-2767.9436,515.4905,-495.1088
460.74,-2801.5945,514.5291,-495.1088
460.75998,-2811.2092,497.54428,-495.42853
460.78,-2767.9436,507.63904,-495.90817
460.8,-2767.9436,509.88232,-495.1088
460.81998,-2777.558,521.2589,-495.26865
460.84,-2767.9436,523.342,-495.1088
460.86,-2849.6675,484.72556,-496.06805
460.88,-2811.2092,533.2765,-495.90817
460.9,-2811.2092,524.4636,-495.74832
460.91998,-2763.1365,504.11386,-495.42853
460.94,-2787.1729,521.5794,-495.1088
460.96,-2734.2925,508.9209,-496.22794
460.97998,-2758.329,531.67413,-496.38782
461.0,-2719.8708,528.95013,-495.90817
461.02,-2806.4019,508.4402,-495.90817
461.03998,-2758.329,519.6566,-495.74832
461.06,-2748.7146,510.52325,-496.38782
461.08,-2787.1729,492.57706,-496.5477
461.09998,-2816.0164,482.16183,-496.8675
461.12,-2758.329,501.38992,-496.22794
461.13998,-2840.0527,512.44604,-496.38782
461.16,-2777.558,504.91507,-497.02734
461.18,-2763.1365,529.2706,-496.8675
461.19998,-2748.7146,519.81683,-496.8675
461.22,-2753.5217,535.8402,-496.70758
461.24,-2840.0527,558.4332,-496.8675
461.25998,-2743.9072,500.9092,-497.18723
461.28,-2767.9436,499.62732,-497.02734
461.3,-2825.6309,464.0554,-496.8675
461.31998,-2758.329,512.76654,-496.8675
461.34,-2753.5217,477.51505,-497.02734
461.36,-2758.329,560.51624,-496.5477
461.38,-2777.558,501.38992,-497.66687
461.4,-2719.8708,517.57355,-497.02734
461.41998,-2748.7146,506.5174,-497.18723
461.44,-2734.2925,506.0367,-497.3471
461.46,-2743.9072,455.40277,-497.50702
461.47998,-2767.9436,518.6952,-496.70758
461.5,-2767.9436,485.3665,-497.18723
461.52,-2743.9072,525.9057,-496.8675
461.53998,-2719.8708,498.50568,-497.66687
461.56,-2724.6782,505.39578,-498.1465
461.58,-2777.558,487.77002,-498.46628
461.59998,-2758.329,485.68695,-498.62616
461.62,-2787.1729,535.8402,-497.3471
461.63998,-2715.0637,506.9981,-497.82675
461.66,-2758.329,496.90335,-497.82675
461.68,-2772.751,496.7431,-498.3064
461.69998,-2878.511,531.83435,-497.3471
461.72,-2734.2925,537.763,-498.1465
461.74,-2763.1365,498.50568,-498.3064
461.75998,-2772.751,485.04602,-499.2657
461.78,-2743.9072,484.08463,-499.1058
461.8,-2758.329,495.46124,-498.3064
461.81998,-2782.3655,514.68933,-497.98663
461.84,-2801.5945,520.45776,-498.62616
461.86,-2767.9436,547.21686,-497.98663
461.88,-2719.8708,502.67178,-498.1465
461.9,-2753.5217,517.89404,-498.94592
461.91998,-2748.7146,542.57007,-498.78604
461.94,-2748.7146,538.2437,-498.94592
461.96,-2710.256,495.46124,-499.1058
461.97998,-2801.5945,445.62848,-499.1058
462.0,-2753.5217,498.025,-499.74533
462.02,-2772.751,513.087,-499.2657
462.03998,-2710.256,503.6332,-499.1058
462.06,-2734.2925,510.04254,-498.78604
462.08,-2758.329,505.0753,-498.78604
462.09998,-2763.1365,468.70218,-499.74533
462.12,-2777.558,480.5595,-499.42557
462.13998,-2777.558,540.3268,-499.58545
462.16,-2767.9436,531.51385,-499.1058
462.18,-2791.98,544.81335,-499.2657
462.19998,-2719.8708,524.94434,-500.22495
462.22,-2724.6782,521.7396,-499.42557
462.24,-2715.0637,515.9712,-499.9052
462.25998,-2758.329,516.1315,-499.42557
462.28,-2777.558,515.17004,-499.2657
462.3,-2777.558,517.4133,-499.58545
462.31998,-2782.3655,529.7513,-499.9052
462.34,-2719.8708,538.88464,-499.42557
462.36,-2748.7146,540.16656,-499.42557
462.38,-2777.558,520.45776,-499.58545
462.4,-2724.6782,469.82382,-500.8645
462.41998,-2724.6782,495.7817,-500.22495
462.44,-2753.5217,491.4554,-500.70465
462.46,-2782.3655,549.4601,-499.42557
462.47998,-2753.5217,505.556,-499.9052
462.5,-2758.329,584.0707,-500.38486
462.52,-2724.6782,562.4391,-500.8645
462.53998,-2758.329,529.11035,-500.38486
462.56,-2710.256,527.3478,-499.58545
462.58,-2753.5217,521.0987,-501.02435
462.59998,-2748.7146,489.05188,-500.8645
462.62,-2753.5217,517.89404,-500.38486
462.63998,-2734.2925,527.9887,-500.38486
462.66,-2777.558,491.77588,-500.54474
462.68,-2753.5217,481.68112,-501.02435
462.69998,-2647.7617,502.3513,-501.02435
462.72,-2772.751,498.025,-500.54474
462.74,-2724.6782,503.3127,-501.6639
462.75998,-2739.1,566.60516,-500.70465
462.78,-2763.1365,478.47644,-501.504
462.8,-2743.9072,497.38403,-501.504
462.81998,-2724.6782,485.3665,-500.54474
462.84,-2734.2925,485.52673,-501.02435
462.86,-2758.329,527.9887,-501.504
462.88,-2691.0273,515.9712,-502.30344
462.9,-2825.6309,483.1232,-501.504
462.91998,-2739.1,523.18176,-501.1843
462.94,-2767.9436,482.48227,-501.98364
462.96,-2791.98,516.4519,-501.34415
462.97998,-2772.751,529.43085,-501.504
463.0,-2772.751,505.556,-501.98364
463.02,-2777.558,491.4554,-501.6639
463.03998,-2743.9072,530.232,-501.34415
463.06,-2763.1365,523.5022,-501.02435
463.08,-2705.449,496.90335,-501.98364
463.09998,-2763.1365,510.36298,-501.6639
463.12,-2782.3655,482.64252,-501.8238
463.13998,-2666.9907,516.9326,-501.8238
463.16,-2724.6782,517.57355,-501.504
463.18,-2715.0637,518.8554,-502.46335
463.19998,-2782.3655,535.3595,-501.98364
463.22,-2743.9072,519.1759,-502.14355
463.24,-2710.256,530.232,-502.46335
463.25998,-2691.0273,538.7244,-502.46335
463.28,-2758.329,517.4133,-502.78305
463.3,-2758.329,501.87064,-502.78305
463.31998,-2734.2925,521.0987,-502.46335
463.34,-2777.558,540.3268,-501.8238
463.36,-2763.1365,521.4192,-502.30344
463.38,-2763.1365,482.96298,-502.6232
463.4,-2719.8708,484.56534,-502.943
463.41998,-2710.256,515.65076,-502.46335
463.44,-2753.5217,545.1338,-502.46335
463.46,-2787.1729,579.1034,-502.14355
463.47998,-2719.8708,502.19107,-502.6232
463.5,-2772.751,517.4133,-502.6232
463.52,-2695.8345,468.86243,-502.943
463.53998,-2691.0273,490.33377,-502.6232
463.56,-2734.2925,504.43436,-503.10284
463.58,-2787.1729,539.36536,-502.943
463.59998,-2801.5945,513.2472,-503.2627
463.62,-2715.0637,523.8227,-504.22205
463.63998,-2734.2925,523.8227,-503.74234
463.66,-2719.8708,553.7864,-502.46335
463.68,-2772.751,517.73376,-503.10284
463.69998,-2767.9436,526.54663,-503.2627
463.72,-2739.1,524.62384,-503.74234
463.74,-2734.2925,539.20514,-503.5825
463.75998,-2700.6418,510.8437,-504.0621
463.78,-2719.8708,529.91156,-504.0621
463.8,-2753.5217,490.494,-504.3819
463.81998,-2753.5217,540.487,-503.74234
463.84,-2691.0273,513.5677,-504.86154
463.86,-2748.7146,444.18637,-504.0621
463.88,-2739.1,502.19107,-504.3819
463.9,-2739.1,517.09283,-504.0621
463.91998,-2753.5217,506.19693,-504.70166
463.94,-2763.1365,567.2461,-504.3819
463.96,-2710.256,510.36298,-504.54175
463.97998,-2710.256,520.1373,-504.70166
464.0,-2719.8708,504.43436,-505.1813
464.02,-2796.7874,570.1303,-505.3412
464.03998,-2772.751,501.38992,-505.0214
464.06,-2739.1,466.29868,-505.1813
464.08,-2753.5217,523.6625,-504.70166
464.09998,-2739.1,496.5829,-505.3412
464.12,-2705.449,527.508,-505.0214
464.13998,-2782.3655,500.749,-505.66095
464.16,-2719.8708,490.9747,-505.66095
464.18,-2681.4126,507.47876,-505.8208
464.19998,-2748.7146,533.2765,-505.1813
464.22,-2748.7146,485.8472,-505.66095
464.24,-2772.751,485.68695,-505.1813
464.25998,-2743.9072,486.3279,-505.66095
464.28,-2710.256,540.0063,-505.66095
464.3,-2767.9436,514.36884,-505.66095
464.31998,-2715.0637,502.99228,-505.98074
464.34,-2691.0273,505.39578,-505.98074
464.36,-2681.4126,478.95715,-506.30045
464.37997,-2719.8708,518.6952,-505.98074
464.4,-2787.1729,520.9385,-506.46036
464.41998,-2753.5217,550.74194,-506.30045
464.44,-2763.1365,521.4192,-505.8208
464.46,-2748.7146,489.5326,-506.1406
464.47998,-2796.7874,546.4157,-506.1406
464.5,-2719.8708,535.68,-506.30045
464.52,-2801.5945,533.5969,-506.1406
464.53998,-2743.9072,503.6332,-506.94
464.56,-2715.0637,532.6355,-506.46036
464.58,-2700.6418,512.44604,-505.66095
464.59998,-2700.6418,517.57355,-506.62024
464.62,-2753.5217,519.97705,-505.66095
464.63998,-2739.1,518.3747,-506.62024
464.66,-2729.4854,506.19693,-506.94
464.68,-2743.9072,529.7513,-507.41965
464.69998,-2791.98,530.232,-506.62024
464.72,-2787.1729,478.47644,-506.62024
464.74,-2787.1729,501.38992,-507.25974
464.75998,-2796.7874,573.8157,-506.7801
464.78,-2652.569,530.8729,-507.7394
464.8,-2772.751,524.62384,-506.7801
464.81998,-2753.5217,527.508,-506.94
464.84,-2715.0637,475.59222,-507.7394
464.86,-2748.7146,519.97705,-507.09985
464.87997,-2700.6418,523.9829,-507.8993
464.9,-2748.7146,511.00397,-507.5795
464.91998,-2700.6418,500.749,-507.7394
464.94,-2758.329,510.68347,-507.7394
464.96,-2753.5217,540.16656,-507.09985
464.97998,-2724.6782,563.72095,-507.7394
465.0,-2705.449,546.73615,-507.09985
465.02,-2719.8708,515.9712,-507.7394
465.03998,-2739.1,527.3478,-508.05914
465.06,-2743.9072,560.51624,-507.09985
465.08,-2739.1,522.54083,-507.7394
465.09998,-2710.256,536.1607,-508.21906
465.12,-2695.8345,504.11386,-508.21906
465.13998,-2763.1365,501.22964,-508.21906
465.16,-2691.0273,509.4016,-508.05914
465.18,-2647.7617,500.9092,-508.5388
465.19998,-2763.1365,524.1432,-508.37894
465.22,-2753.5217,506.0367,-508.85855
465.24,-2719.8708,528.3092,-507.8993
465.25998,-2705.449,503.47293,-508.5388
465.28,-2729.4854,570.1303,-508.37894
465.3,-2715.0637,491.29517,-508.85855
465.31998,-2662.1833,515.811,-508.21906
465.34,-2686.2197,543.53143,-508.5388
465.36,-2724.6782,540.8075,-508.6987
465.37997,-2729.4854,541.60864,-508.6987
465.4,-2787.1729,519.3361,-508.5388
465.41998,-2715.0637,507.79926,-509.17834
465.44,-2676.6055,522.54083,-509.17834
465.46,-2719.8708,524.94434,-509.01843
465.47998,-2715.0637,543.8519,-509.4981
465.5,-2748.7146,521.4192,-509.01843
465.52,-2748.7146,520.1373,-509.3382
465.53998,-2686.2197,511.00397,-509.17834
465.56,-2734.2925,503.47293,-509.4981
465.58,-2715.0637,501.71036,-509.4981
465.59998,-2753.5217,460.04953,-509.658
465.62,-2700.6418,519.3361,-509.3382
465.63998,-2686.2197,534.8788,-509.81784
465.66,-2719.8708,518.6952,-509.81784
465.68,-2719.8708,514.36884,-510.4574
465.69998,-2758.329,517.73376,-510.1376
465.72,-2700.6418,536.64136,-510.2975
465.74,-2719.8708,567.7268,-510.2975
465.75998,-2734.2925,521.4192,-510.1376
465.78,-2743.9072,554.42737,-509.658
465.8,-2748.7146,512.92676,-510.2975
465.81998,-2715.0637,556.18994,-510.61725
465.84,-2719.8708,523.342,-511.0969
465.86,-2787.1729,500.749,-510.93704
465.87997,-2705.449,573.8157,-509.81784
465.9,-2719.8708,516.1315,-510.93704
465.91998,-2719.8708,498.9864,-510.61725
465.94,-2724.6782,518.2145,-511.4167
465.96,-2729.4854,532.4753,-510.93704
465.97998,-2739.1,537.28235,-510.2975
466.0,-2691.0273,484.72556,-510.93704
466.02,-2777.558,531.51385,-510.93704
466.03998,-2739.1,508.4402,-511.57654
466.06,-2724.6782,539.5256,-511.2568
466.08,-2681.4126,543.211,-510.77713
466.09998,-2734.2925,582.30804,-510.4574
466.12,-2772.751,533.75714,-511.4167
466.13998,-2729.4854,547.8578,-511.73645
466.16,-2642.9543,549.6203,-511.4167
466.18,-2715.0637,510.36298,-511.0969
466.19998,-2700.6418,504.11386,-511.2568
466.22,-2705.449,531.51385,-512.05615
466.24,-2777.558,475.432,-512.8556
466.25998,-2753.5217,537.28235,-512.21606
466.28,-2719.8708,528.95013,-511.73645
466.3,-2719.8708,533.1162,-512.21606
466.31998,-2719.8708,509.08112,-512.5358
466.34,-2715.0637,522.54083,-511.8963
466.36,-2763.1365,503.95364,-512.69574
466.37997,-2715.0637,529.91156,-512.21606
466.4,-2748.7146,555.2285,-512.21606
466.41998,-2743.9072,494.66006,-512.69574
466.44,-2753.5217,481.36066,-513.17535
466.46,-2787.1729,550.74194,-512.376
466.47998,-2719.8708,511.16418,-512.21606
466.5,-2695.8345,541.2882,-512.376
466.52,-2695.8345,514.84955,-512.8556
466.53998,-2710.256,540.3268,-512.69574
466.56,-2763.1365,536.48114,-512.21606
466.58,-2710.256,543.8519,-512.8556
466.59998,-2647.7617,533.4367,-512.8556
466.62,-2695.8345,495.14078,-513.3352
466.63998,-2753.5217,521.2589,-513.4951
466.66,-2715.0637,545.935,-512.5358
466.68,-2739.1,538.5642,-512.8556
466.69998,-2657.3762,527.18756,-513.3352
466.72,-2715.0637,512.76654,-513.9748
466.74,-2782.3655,497.70453,-513.17535
466.75998,-2681.4126,543.3712,-512.8556
466.78,-2816.0164,501.22964,-513.17535
466.8,-2753.5217,469.82382,-513.8149
466.81998,-2719.8708,491.4554,-513.8149
466.84,-2647.7617,494.33963,-514.13464
466.86,-2724.6782,506.83783,-513.655
466.87997,-2705.449,507.95947,-513.17535
466.9,-2734.2925,510.04254,-514.2945
466.91998,-2705.449,537.1221,-513.9748
466.94,-2710.256,487.60977,-514.7742
466.96,-2739.1,506.83783,-514.4544
466.97998,-2695.8345,516.4519,-514.2945
467.0,-2662.1833,523.342,-514.13464
467.02,-2719.8708,493.85892,-514.7742
467.03998,-2700.6418,518.6952,-514.4544
467.06,-2729.4854,533.5969,-513.8149
467.08,-2710.256,541.4484,-514.7742
467.09998,-2791.98,526.54663,-514.9341
467.12,-2719.8708,539.84607,-514.7742
467.13998,-2676.6055,518.05426,-515.09393
467.16,-2666.9907,531.1934,-515.73346
467.18,-2748.7146,526.22614,-514.9341
467.19998,-2729.4854,519.49634,-515.4137
467.22,-2743.9072,523.8227,-514.9341
467.24,-2734.2925,557.79224,-514.61426
467.25998,-2739.1,572.2134,-514.2945
467.28,-2700.6418,550.101,-515.25385
467.3,-2724.6782,511.6449,-515.73346
467.31998,-2719.8708,523.18176,-515.73346
467.34,-2748.7146,536.0004,-515.25385
467.36,-2719.8708,589.1982,-514.9341
467.37997,-2715.0637,536.96185,-515.73346
467.4,-2662.1833,505.39578,-515.57355
467.41998,-2758.329,530.232,-515.73346
467.44,-2710.256,520.1373,-516.0532
467.46,-2691.0273,508.27997,-516.53284
467.47998,-2772.751,558.9139,-516.21313
467.5,-2729.4854,511.00397,-515.8933
467.52,-2710.256,532.6355,-516.0532
467.53998,-2724.6782,539.84607,-516.0532
467.56,-2695.8345,565.4835,-516.21313
467.58,-2700.6418,552.825,-516.8526
467.59998,-2739.1,516.1315,-516.69275
467.62,-2710.256,523.9829,-516.373
467.63998,-2715.0637,511.8051,-516.53284
467.66,-2743.9072,519.3361,-516.8526
467.68,-2724.6782,574.9373,-517.1724
467.69998,-2719.8708,521.4192,-517.3323
467.72,-2700.6418,525.425,-517.1724
467.74,-2734.2925,548.8192,-516.8526
467.75998,-2739.1,538.5642,-517.1724
467.78,-2710.256,548.65894,-516.69275
467.8,-2724.6782,522.70105,-517.4922
467.81998,-2739.1,570.2905,-516.21313
467.84,-2705.449,495.7817,-517.9718
467.86,-2686.2197,565.64374,-517.0125
467.87997,-2700.6418,521.7396,-517.65204
467.9,-2715.0637,547.8578,-517.4922
467.91998,-2734.2925,538.5642,-517.3323
467.94,-2719.8708,497.70453,-518.4515
467.96,-2705.449,532.956,-517.8119
467.97998,-2691.0273,547.8578,-518.4515
468.0,-2724.6782,525.9057,-517.4922
468.02,-2715.0637,495.301,-517.8119
468.03998,-2743.9072,508.9209,-517.4922
468.06,-2743.9072,511.48462,-518.4515
468.08,-2700.6418,522.22034,-518.77124
468.09998,-2743.9072,552.9852,-517.8119
468.12,-2724.6782,546.89636,-518.2915
468.13998,-2748.7146,549.13965,-518.6113
468.16,-2715.0637,515.9712,-518.6113
468.18,-2724.6782,543.6917,-517.9718
468.19998,-2791.98,570.1303,-517.65204
468.22,-2681.4126,525.425,-518.77124
468.24,-2787.1729,539.68585,-518.9311
468.25998,-2748.7146,529.91156,-519.25085
468.28,-2710.256,530.3922,-518.77124
468.3,-2739.1,513.2472,-519.25085
468.31998,-2724.6782,530.3922,-519.25085
468.34,-2705.449,533.2765,-519.25085
468.36,-2753.5217,550.90216,-519.5706
468.37997,-2710.256,516.4519,-518.9311
468.4,-2715.0637,532.956,-518.4515
468.41998,-2719.8708,506.83783,-519.4107
468.44,-2743.9072,526.70685,-519.5706
468.46,-2681.4126,548.8192,-519.5706
468.47998,-2715.0637,515.17004,-519.09094
468.5,-2695.8345,572.8543,-519.09094
468.52,-2662.1833,505.556,-519.5706
468.53998,-2695.8345,565.4835,-519.09094
468.56,-2710.256,540.9677,-520.05023
468.58,-2676.6055,556.8309,-519.8904
468.59998,-2734.2925,557.4718,-519.7305
468.62,-2642.9543,565.804,-519.8904
468.63998,-2729.4854,521.0987,-520.5299
468.66,-2710.256,529.59106,-519.8904
468.68,-2695.8345,574.9373,-519.8904
468.69998,-2719.8708,524.4636,-520.05023
468.72,-2743.9072,470.46472,-520.5299
468.74,-2671.798,572.3736,-520.5299
468.75998,-2739.1,519.6566,-520.37
468.78,-2700.6418,586.1537,-520.05023
468.8,-2710.256,531.99457,-520.68976
468.81998,-2772.751,561.6379,-520.8497
468.84,-2719.8708,501.71036,-521.3293
468.86,-2729.4854,522.22034,-521.0096
468.87997,-2724.6782,537.6028,-520.5299
468.9,-2676.6055,528.3092,-520.8497
468.91998,-2719.8708,536.1607,-520.8497
468.94,-2724.6782,501.38992,-521.4892
468.96,-2743.9072,532.31506,-521.64905
468.97998,-2710.256,526.22614,-521.3293
469.0,-2739.1,556.5104,-521.16943
469.02,-2666.9907,562.7595,-521.8089
469.03998,-2739.1,501.55014,-522.4485
469.06,-2700.6418,562.2788,-521.8089
469.08,-2758.329,523.6625,-521.3293
469.09998,-2666.9907,568.36774,-522.28864
469.12,-2686.2197,557.3116,-521.4892
469.13998,-2729.4854,559.3946,-521.4892
469.16,-2676.6055,543.3712,-521.3293
469.18,-2724.6782,526.86707,-521.64905
469.19998,-2686.2197,578.6227,-521.64905
469.22,-2705.449,540.0063,-522.28864
469.24,-2739.1,501.06943,-522.1287
469.25998,-2695.8345,504.75485,-522.28864
469.28,-2705.449,536.0004,-521.8089
469.3,-2724.6782,507.95947,-523.08795
469.31998,-2705.449,523.9829,-522.60834
469.34,-2681.4126,550.2612,-522.9281
469.36,-2763.1365,530.8729,-522.60834
469.37997,-2705.449,568.68823,-522.28864
469.4,-2681.4126,559.5549,-523.4078
469.41998,-2695.8345,532.6355,-521.8089
469.44,-2710.256,581.0262,-522.4485
469.46,-2695.8345,578.7829,-522.76825
469.47998,-2777.558,543.8519,-523.08795
469.5,-2671.798,541.4484,-523.08795
469.52,-2763.1365,513.2472,-523.08795
469.53998,-2666.9907,559.5549,-523.08795
469.56,-2695.8345,559.07416,-522.9281
469.58,-2647.7617,511.16418,-523.2479
469.59998,-2705.449,524.62384,-524.0473
469.62,-2734.2925,527.8285,-523.5676
469.63998,-2681.4126,540.487,-523.4078
469.66,-2700.6418,552.66473,-523.5676
469.68,-2729.4854,543.6917,-523.72754
469.69998,-2695.8345,539.5256,-523.72754
469.72,-2700.6418,528.149,-523.8874
469.74,-2715.0637,566.44495,-523.5676
469.75998,-2739.1,520.77826,-524.20715
469.78,-2753.5217,528.4694,-523.5676
469.8,-2715.0637,531.35364,-523.4078
469.81998,-2681.4126,509.56183,-524.20715
469.84,-2724.6782,546.5759,-524.0473
469.86,-2705.449,538.0835,-524.6868
469.87997,-2715.0637,536.0004,-524.20715
469.9,-2695.8345,533.4367,-524.527
469.91998,-2691.0273,532.31506,-524.527
469.94,-2691.0273,537.28235,-524.527
469.96,-2739.1,513.7279,-524.6868
469.97998,-2719.8708,521.4192,-524.6868
470.0,-2729.4854,516.4519,-525.0066
470.02,-2715.0637,549.4601,-524.8467
470.03998,-2719.8708,554.7478,-524.527
470.06,-2666.9907,540.0063,-525.0066
470.08,-2734.2925,556.18994,-524.527
470.09998,-2652.569,491.61563,-525.6461
470.12,-2772.751,539.5256,-525.6461
470.13998,-2719.8708,496.90335,-524.6868
470.16,-2719.8708,546.25543,-525.16644
470.18,-2676.6055,528.149,-525.3263
470.19998,-2719.8708,530.7127,-525.4862
470.22,-2633.3398,538.0835,-525.16644
470.24,-2642.9543,563.88116,-524.8467
470.25998,-2671.798,524.62384,-525.4862
470.28,-2700.6418,542.2496,-525.3263
470.3,-2686.2197,533.75714,-526.28564
470.31998,-2686.2197,560.356,-525.806
470.34,-2715.0637,528.4694,-526.28564
470.36,-2676.6055,507.15833,-526.28564
470.37997,-2705.449,540.6472,-526.12573
470.4,-2686.2197,561.15717,-526.4455
470.41998,-2662.1833,571.8929,-526.28564
470.44,-2710.256,540.487,-526.28564
470.46,-2715.0637,542.57007,-526.12573
470.47998,-2666.9907,533.75714,-526.9252
470.5,-2695.8345,583.7502,-526.4455
470.52,-2691.0273,528.149,-526.4455
470.53998,-2662.1833,504.91507,-526.9252
470.56,-2618.918,542.2496,-526.4455
470.58,-2676.6055,488.2507,-526.9252
470.59998,-2705.449,523.02155,-526.76526
470.62,-2676.6055,510.04254,-527.56464
470.63998,-2729.4854,523.8227,-526.76526
470.66,-2681.4126,528.3092,-527.085
470.68,-2652.569,536.96185,-527.4048
470.69998,-2695.8345,573.0145,-527.085
470.72,-2710.256,558.11273,-527.4048
470.74,-2676.6055,567.2461,-526.28564
470.75998,-2599.689,537.763,-527.8844
470.78,-2609.3035,519.49634,-528.0444
470.8,-2652.569,527.02734,-526.9252
470.81998,-2724.6782,523.342,-527.8844
470.84,-2681.4126,561.31744,-528.0444
470.86,-2729.4854,527.9887,-528.524
470.87997,-2671.798,584.7116,-528.0444
470.9,-2671.798,546.25543,-528.3641
470.91998,-2719.8708,535.8402,-528.8437
470.94,-2666.9907,532.31506,-528.68384
470.96,-2671.798,540.16656,-528.2042
470.97998,-2666.9907,523.6625,-528.3641
471.0,-2633.3398,540.3268,-528.524
471.02,-2710.256,574.2963,-528.524
471.03998,-2671.798,543.8519,-528.8437
471.06,-2666.9907,559.3946,-528.8437
471.08,-2676.6055,558.11273,-528.524
471.09998,-2686.2197,577.18054,-528.524
471.12,-2666.9907,538.0835,-529.16345
471.13998,-2691.0273,539.84607,-528.8437
471.16,-2671.798,526.86707,-529.16345
471.18,-2691.0273,519.81683,-528.68384
471.19998,-2700.6418,570.9315,-529.32336
471.22,-2715.0637,533.9174,-529.4833
471.24,-2686.2197,553.94666,-529.6431
471.25998,-2691.0273,539.36536,-529.4833
471.28,-2662.1833,554.908,-529.6431
471.3,-2666.9907,537.9233,-529.80304
471.31998,-2671.798,587.5958,-529.4833
471.34,-2662.1833,549.29987,-529.9629
471.36,-2676.6055,566.28467,-529.80304
471.37997,-2705.449,577.98175,-529.32336
471.4,-2681.4126,533.9174,-529.80304
471.41998,-2652.569,560.99695,-530.12274
471.44,-2614.1106,518.2145,-530.6024
471.46,-2647.7617,539.36536,-530.28265
471.47998,-2700.6418,569.1689,-529.80304
471.5,-2657.3762,541.60864,-530.12274
471.52,-2715.0637,604.90106,-529.4833
471.53998,-2695.8345,540.0063,-530.28265
471.56,-2681.4126,544.01215,-530.12274
471.58,-2681.4126,563.5607,-530.44257
471.59998,-2691.0273,533.75714,-530.12274
471.62,-2695.8345,543.0508,-530.9222
471.63998,-2681.4126,504.43436,-531.08203
471.66,-2666.9907,530.3922,-531.24194
471.68,-2671.798,529.7513,-531.5617
471.69998,-2628.5327,547.21686,-530.7623
471.72,-2695.8345,556.5104,-531.08203
471.74,-2719.8708,503.79343,-531.4018
471.75998,-2666.9907,578.7829,-530.44257
471.78,-2666.9907,579.1034,-530.7623
471.8,-2686.2197,583.4297,-531.08203
471.81998,-2671.798,548.97943,-531.5617
471.84,-2647.7617,523.9829,-532.20123
471.86,-2715.0637,571.09174,-531.7216
471.87997,-2705.449,554.42737,-531.24194
471.9,-2647.7617,515.0098,-531.5617
471.91998,-2734.2925,552.1841,-531.5617
471.94,-2719.8708,530.0718,-531.5617
471.96,-2705.449,536.80164,-531.5617
471.97998,-2647.7617,537.28235,-532.521
472.0,-2691.0273,558.11273,-532.3611
472.02,-2686.2197,539.0449,-532.68085
472.03998,-2686.2197,560.356,-533.32043
472.06,-2681.4126,531.35364,-532.8407
472.08,-2705.449,550.74194,-532.68085
472.09998,-2686.2197,568.52795,-531.8815
472.12,-2719.8708,545.935,-532.8407
472.13998,-2700.6418,535.03906,-533.0007
472.16,-2666.9907,540.487,-532.8407
472.18,-2681.4126,541.1279,-532.521
472.19998,-2671.798,519.0157,-533.64014
472.22,-2676.6055,568.68823,-533.32043
472.24,-2652.569,603.1385,-533.0007
472.25998,-2666.9907,516.6121,-533.64014
472.28,-2623.7253,546.89636,-533.1605
472.3,-2715.0637,513.087,-533.1605
472.31998,-2705.449,594.6461,-533.0007
472.34,-2705.449,520.1373,-533.4803
472.36,-2686.2197,544.01215,-533.9599
472.37997,-2681.4126,548.018,-533.9599
472.4,-2695.8345,567.4063,-533.80005
472.41998,-2666.9907,576.6999,-533.32043
472.44,-2642.9543,536.48114,-534.75934
472.46,-2642.9543,563.5607,-533.9599
472.47998,-2652.569,601.0554,-533.4803
472.5,-2686.2197,567.887,-533.80005
472.52,-2657.3762,547.21686,-534.2797
472.53998,-2691.0273,543.6917,-534.5994
472.56,-2666.9907,558.4332,-534.75934
472.58,-2729.4854,557.4718,-534.9192
472.59998,-2676.6055,562.5993,-534.75934
472.62,-2676.6055,574.1361,-534.4396
472.63998,-2666.9907,537.763,-534.9192
472.66,-2686.2197,552.9852,-534.75934
472.68,-2700.6418,563.88116,-534.75934
472.69998,-2700.6418,544.81335,-534.9192
472.72,-2695.8345,553.94666,-535.0791
472.74,-2729.4854,490.33377,-536.0384
472.75998,-2590.0742,532.4753,-535.39886
472.78,-2676.6055,530.0718,-535.7186
472.8,-2662.1833,548.97943,-535.7186
472.81998,-2686.2197,539.20514,-535.39886
472.84,-2700.6418,556.5104,-535.5588
472.86,-2662.1833,552.1841,-535.23895
472.87997,-2681.4126,550.101,-535.5588
472.9,-2623.7253,539.68585,-536.3581
472.91998,-2662.1833,553.7864,-536.0384
472.94,-2700.6418,527.8285,-537.31744
472.96,-2618.918,552.9852,-536.0384
472.97998,-2662.1833,534.07764,-536.83777
473.0,-2753.5217,575.41797,-535.7186
473.02,-2633.3398,542.57007,-536.51807
473.03998,-2642.9543,575.41797,-536.0384
473.06,-2575.6523,619.64264,-536.9977
473.08,-2695.8345,581.6671,-536.6779
473.09998,-2676.6055,555.7092,-536.0384
473.12,-2734.2925,545.4543,-537.31744
473.13998,-2662.1833,533.2765,-537.4773
473.16,-2686.2197,558.27295,-537.31744
473.18,-2657.3762,547.8578,-537.31744
473.19998,-2604.4963,531.35364,-537.63715
473.22,-2719.8708,546.25543,-537.31744
473.24,-2642.9543,570.4508,-537.15753
473.25998,-2691.0273,556.8309,-536.83777
473.28,-2604.4963,567.7268,-537.15753
473.3,-2700.6418,553.62616,-537.957
473.31998,-2695.8345,545.4543,-538.4366
473.34,-2671.798,570.2905,-538.1168
473.36,-2671.798,595.44727,-537.957
473.37997,-2681.4126,573.49524,-537.15753
473.4,-2647.7617,562.5993,-538.27673
473.41998,-2666.9907,561.15717,-538.4366
473.44,-2686.2197,563.24023,-538.27673
473.46,-2642.9543,540.8075,-538.4366
473.47998,-2719.8708,570.9315,-537.957
473.5,-2681.4126,534.8788,-538.75635
473.52,-2710.256,567.2461,-538.59644
473.53998,-2691.0273,529.7513,-539.0762
473.56,-2681.4126,536.96185,-538.91626
473.58,-2715.0637,520.77826,-538.59644
473.59998,-2700.6418,537.44257,-539.236
473.62,-2710.256,552.3443,-538.91626
473.63998,-2676.6055,528.3092,-539.8755
473.66,-2666.9907,558.4332,-538.91626
473.68,-2666.9907,513.7279,-539.5558
473.69998,-2666.9907,553.7864,-539.71564
473.72,-2671.798,534.07764,-539.236
473.74,-2657.3762,543.8519,-539.71564
473.75998,-2686.2197,557.79224,-539.236
473.78,-2662.1833,541.2882,-539.5558
473.8,-2633.3398,531.35364,-539.71564
473.81998,-2666.9907,555.86945,-539.236
473.84,-2570.8452,536.48114,-539.8755
473.86,-2652.569,590.64026,-539.5558
473.87997,-2657.3762,517.09283,-540.1953
473.9,-2623.7253,519.0157,-540.6749
473.91998,-2652.569,548.65894,-540.0354
473.94,-2671.798,570.9315,-540.0354
473.96,-2695.8345,525.425,-540.1953
473.97998,-2647.7617,538.5642,-541.15454
474.0,-2662.1833,548.3385,-540.6749
474.02,-2657.3762,557.4718,-540.83484
474.03998,-2652.569,569.6496,-540.1953
474.06,-2633.3398,558.4332,-540.0354
474.08,-2657.3762,578.7829,-540.35516
474.09998,-2715.0637,595.60754,-540.6749
474.12,-2686.2197,570.77124,-540.83484
474.13998,-2662.1833,557.79224,-540.5151
474.16,-2647.7617,546.4157,-541.15454
474.18,-2585.267,558.75366,-540.83484
474.19998,-2662.1833,537.1221,-541.15454
474.22,-2700.6418,573.17474,-540.83484
474.24,-2666.9907,554.5876,-541.6342
474.25998,-2647.7617,494.33963,-541.6342
474.28,-2623.7253,577.82153,-541.7941
474.3,-2676.6055,545.7747,-541.47437
474.31998,-2638.147,563.40045,-541.15454
474.34,-2638.147,583.4297,-540.83484
474.36,-2671.798,558.9139,-542.11383
474.37997,-2676.6055,598.4917,-542.11383
474.4,-2604.4963,501.87064,-542.59357
474.41998,-2686.2197,548.65894,-542.4336
474.44,-2662.1833,556.02966,-542.4336
474.46,-2671.798,541.2882,-543.23303
474.47998,-2671.798,549.13965,-542.7534
474.5,-2652.569,560.83673,-542.11383
474.52,-2575.6523,559.07416,-542.27374
474.53998,-2647.7617,533.5969,-542.59357
474.56,-2633.3398,566.60516,-542.27374
474.58,-2686.2197,572.5338,-542.91327
474.59998,-2642.9543,542.40985,-542.7534
474.62,-2662.1833,544.01215,-541.954
474.63998,-2642.9543,539.36536,-543.5528
474.66,-2681.4126,578.6227,-543.23303
474.68,-2681.4126,552.1841,-543.23303
474.69998,-2700.6418,568.2075,-543.3929
474.72,-2642.9543,547.8578,-543.23303
474.74,-2647.7617,564.5221,-542.91327
474.75998,-2633.3398,619.64264,-543.71265
474.78,-2662.1833,581.9876,-543.87256
474.8,-2647.7617,577.0203,-543.5528
474.81998,-2647.7617,542.40985,-543.5528
474.84,-2638.147,538.2437,-543.87256
474.86,-2642.9543,559.3946,-543.3929
474.87997,-2570.8452,566.44495,-544.1923
474.9,-2671.798,589.9993,-543.5528
474.91998,-2633.3398,572.3736,-544.3522
474.94,-2642.9543,581.5069,-544.67194
474.96,-2628.5327,564.6824,-544.0325
474.97998,-2662.1833,559.3946,-543.5528
475.0,-2748.7146,524.4636,-544.1923
475.02,-2647.7617,529.11035,-544.3522
475.03998,-2618.918,578.7829,-544.3522
475.06,-2705.449,571.25195,-544.83185
475.08,-2618.918,578.9432,-544.83185
475.09998,-2719.8708,548.8192,-544.83185
475.12,-2681.4126,561.6379,-544.83185
475.13998,-2647.7617,556.18994,-545.6312
475.16,-2657.3762,576.3794,-544.99176
475.18,-2633.3398,552.0238,-545.1516
475.19998,-2652.569,565.4835,-544.99176
475.22,-2695.8345,527.9887,-545.951
475.24,-2633.3398,562.91974,-545.1516
475.25998,-2662.1833,560.83673,-545.3115
475.28,-2652.569,540.3268,-545.951
475.3,-2638.147,570.77124,-545.4714
475.31998,-2618.918,568.52795,-546.43066
475.34,-2662.1833,590.64026,-545.951
475.36,-2671.798,557.9525,-545.951
475.37997,-2700.6418,574.2963,-545.3115
475.4,-2638.147,542.08936,-546.7504
475.41998,-2618.918,543.3712,-546.43066
475.44,-2633.3398,531.35364,-547.23004
475.46,-2666.9907,540.9677,-546.5906
475.47998,-2662.1833,572.3736,-546.7504
475.5,-2700.6418,550.5817,-546.9103
475.52,-2715.0637,515.811,-547.38995
475.53998,-2628.5327,605.7022,-547.0702
475.56,-2623.7253,541.4484,-547.23004
475.58,-2623.7253,563.72095,-546.7504
475.59998,-2686.2197,556.5104,-546.9103
475.62,-2614.1106,553.62616,-546.9103
475.63998,-2662.1833,561.6379,-547.38995
475.66,-2666.9907,573.49524,-546.7504
475.68,-2570.8452,541.92914,-547.54987
475.69998,-2647.7617,560.1958,-547.0702
475.72,-2609.3035,546.25543,-548.5091
475.74,-2638.147,595.60754,-547.54987
475.75998,-2642.9543,571.4122,-547.38995
475.78,-2633.3398,552.66473,-546.7504
475.8,-2623.7253,547.21686,-547.86957
475.81998,-2652.569,551.06244,-547.86957
475.84,-2638.147,573.9759,-547.86957
475.86,-2666.9907,545.7747,-548.5091
475.87997,-2666.9907,555.2285,-548.18933
475.9,-2662.1833,530.232,-548.8289
475.91998,-2652.569,550.2612,-548.669
475.94,-2633.3398,587.2753,-547.86957
475.96,-2710.256,550.2612,-548.18933
475.97998,-2666.9907,536.96185,-548.5091
476.0,-2623.7253,522.70105,-549.30853
476.02,-2638.147,591.6017,-548.8289
476.03998,-2628.5327,550.101,-548.18933
476.06,-2642.9543,532.15485,-548.9888
476.08,-2652.569,549.13965,-548.8289
476.09998,-2638.147,573.49524,-549.30853
476.12,-2671.798,563.88116,-549.30853
476.13998,-2657.3762,577.3408,-549.30853
476.16,-2691.0273,588.07654,-548.669
476.18,-2666.9907,577.98175,-548.9888
476.19998,-2666.9907,572.3736,-548.9888
476.22,-2609.3035,600.4145,-549.78815
476.24,-2657.3762,578.46246,-549.30853
476.25998,-2671.798,550.74194,-549.78815
476.28,-2647.7617,566.7654,-550.1079
476.3,-2686.2197,526.70685,-550.4277
476.31998,-2628.5327,562.2788,-550.1079
476.34,-2638.147,533.5969,-551.06726
476.36,-2695.8345,568.04724,-549.4684
476.37997,-2633.3398,545.29407,-550.2678
476.4,-2642.9543,560.0355,-549.94806
476.41998,-2666.9907,538.0835,-551.2271
476.44,-2628.5327,551.54315,-550.5876
476.46,-2623.7253,585.83325,-550.4277
476.47998,-2642.9543,555.2285,-550.9073
476.5,-2695.8345,585.03204,-550.2678
476.52,-2662.1833,563.72095,-550.74744
476.53998,-2633.3398,593.20404,-550.2678
476.56,-2671.798,559.8753,-550.74744
476.58,-2657.3762,555.549,-551.38696
476.59998,-2599.689,556.35016,-550.74744
476.62,-2695.8345,546.25543,-551.5469
476.63998,-2715.0637,579.1034,-550.74744
476.66,-2638.147,564.3619,-551.5469
476.68,-2628.5327,569.4894,-551.5469
476.69998,-2662.1833,645.2801,-551.06726
476.72,-2652.569,563.24023,-551.5469
476.74,-2662.1833,571.73267,-550.74744
476.75998,-2599.689,565.64374,-552.0265
476.78,-2652.569,582.62854,-551.38696
476.8,-2652.569,544.33264,-552.666
476.81998,-2647.7617,518.6952,-552.18634
476.84,-2609.3035,566.28467,-551.8666
476.86,-2604.4963,566.44495,-551.7067
476.87997,-2614.1106,578.7829,-552.3463
476.9,-2662.1833,546.25543,-552.8259
476.91998,-2594.8816,557.79224,-551.8666
476.94,-2652.569,577.82153,-552.0265
476.96,-2609.3035,616.91864,-552.3463
476.97998,-2681.4126,551.8636,-552.50616
477.0,-2681.4126,514.2086,-553.30554
477.02,-2638.147,565.804,-552.8259
477.03998,-2642.9543,568.68823,-552.666
477.06,-2633.3398,599.61334,-552.8259
477.08,-2623.7253,566.12445,-552.9858
477.09998,-2676.6055,532.7958,-552.9858
477.12,-2647.7617,574.1361,-552.50616
477.13998,-2671.798,595.28705,-552.8259
477.16,-2647.7617,530.232,-553.1456
477.18,-2628.5327,566.44495,-553.6253
477.19998,-2633.3398,569.4894,-553.7852
477.22,-2652.569,602.9783,-553.30554
477.24,-2628.5327,584.55133,-554.1049
477.25998,-2580.46,586.7946,-553.94507
477.28,-2618.918,563.88116,-554.1049
477.3,-2662.1833,563.24023,-553.94507
477.31998,-2628.5327,581.3467,-553.7852
477.34,-2618.918,568.04724,-554.90436
477.36,-2647.7617,552.9852,-554.1049
477.37997,-2628.5327,548.3385,-554.5846
477.4,-2642.9543,555.86945,-553.94507
477.41998,-2604.4963,585.99347,-553.94507
477.44,-2594.8816,554.42737,-555.0643
477.46,-2618.918,573.17474,-554.4247
477.47998,-2633.3398,560.83673,-554.7445
477.5,-2604.4963,549.9408,-554.5846
477.52,-2633.3398,563.72095,-554.5846
477.53998,-2657.3762,574.2963,-554.90436
477.56,-2638.147,545.6145,-554.5846
477.58,-2609.3035,538.5642,-555.0643
477.59998,-2623.7253,578.3022,-555.384
477.62,-2609.3035,550.101,-554.90436
477.63998,-2580.46,605.8625,-554.4247
477.66,-2657.3762,563.24023,-554.7445
477.68,-2599.689,572.2134,-555.2241
477.69998,-2623.7253,574.1361,-555.2241
477.72,-2638.147,549.13965,-556.1834
477.74,-2647.7617,556.8309,-556.02356
477.75998,-2638.147,569.1689,-555.70374
477.78,-2628.5327,544.81335,-556.1834
477.8,-2618.918,565.804,-556.3433
477.81998,-2604.4963,584.0707,-555.70374
477.84,-2642.9543,544.49286,-556.1834
477.86,-2623.7253,552.0238,-556.02356
477.87997,-2599.689,562.91974,-556.5032
477.9,-2618.918,553.3057,-556.663
477.91998,-2647.7617,589.5186,-556.1834
477.94,-2594.8816,543.8519,-556.663
477.96,-2551.616,529.11035,-556.9828
477.97998,-2618.918,547.6976,-557.7822
478.0,-2623.7253,558.59344,-557.46246
478.02,-2618.918,586.3139,-556.9828
478.03998,-2657.3762,560.1958,-557.3026
478.06,-2633.3398,581.3467,-557.1427
478.08,-2633.3398,567.0859,-557.3026
478.09998,-2614.1106,604.74084,-557.1427
478.12,-2638.147,512.44604,-557.6223
478.13998,-2575.6523,568.52795,-557.6223
478.16,-2628.5327,581.3467,-557.7822
478.18,-2628.5327,561.7981,-557.6223
478.19998,-2594.8816,548.65894,-557.7822
478.22,-2652.569,559.07416,-557.9421
478.24,-2657.3762,576.6999,-557.9421
478.25998,-2676.6055,598.81213,-557.46246
478.28,-2609.3035,560.1958,-557.7822
478.3,-2633.3398,587.43555,-557.9421
478.31998,-2618.918,575.25775,-558.58167
478.34,-2657.3762,563.08,-558.90137
478.36,-2628.5327,551.22266,-558.42175
478.37997,-2590.0742,580.22504,-559.0613
478.4,-2652.569,599.61334,-558.90137
478.41998,-2638.147,563.5607,-559.2211
478.44,-2633.3398,574.6168,-558.7415
478.46,-2566.0378,521.4192,-560.02057
478.47998,-2666.9907,598.17126,-559.0613
478.5,-2604.4963,578.9432,-559.54095
478.52,-2633.3398,592.88354,-559.7008
478.53998,-2642.9543,550.5817,-560.02057
478.56,-2618.918,553.46594,-560.02057
478.58,-2604.4963,598.81213,-559.54095
478.59998,-2710.256,574.2963,-559.0613
478.62,-2633.3398,575.09753,-559.381
478.63998,-2580.46,582.94904,-559.7008
478.66,-2618.918,599.1326,-559.54095
478.68,-2633.3398,586.6344,-559.381
478.69998,-2623.7253,594.1654,-559.54095
478.72,-2532.387,611.6309,-559.381
478.74,-2604.4963,580.22504,-560.02057
478.75998,-2604.4963,631.0192,-559.54095
478.78,-2662.1833,607.7853,-559.7008
478.8,-2594.8816,568.68823,-560.1804
478.81998,-2594.8816,581.0262,-560.82
478.84,-2561.2307,563.24023,-560.66003
478.86,-2642.9543,572.2134,-560.1804
478.87997,-2609.3035,569.4894,-560.82
478.9,-2599.689,553.7864,-560.97986
478.91998,-2618.918,556.9911,-561.1397
478.94,-2628.5327,579.4238,-561.2996
478.96,-2686.2197,623.32794,-560.02057
478.97998,-2618.918,594.0052,-560.5002
479.0,-2633.3398,590.64026,-560.97986
479.02,-2671.798,575.09753,-561.2996
479.03998,-2594.8816,624.9303,-561.1397
479.06,-2628.5327,603.7794,-560.82
479.08,-2575.6523,554.1069,-561.93915
479.09998,-2628.5327,561.15717,-561.93915
479.12,-2618.918,594.0052,-561.93915
479.13998,-2542.0015,581.5069,-561.4595
479.16,-2618.918,561.9584,-561.77924
479.18,-2561.2307,575.57825,-561.93915
479.19998,-2590.0742,591.6017,-561.77924
479.22,-2662.1833,610.99,-561.4595
479.24,-2633.3398,554.1069,-561.93915
479.25998,-2594.8816,587.43555,-562.41876
479.28,-2570.8452,594.9666,-562.7385
479.3,-2570.8452,581.0262,-562.8984
479.31998,-2657.3762,617.71985,-562.09906
479.34,-2609.3035,575.09753,-562.7385
479.36,-2647.7617,545.935,-564.0176
479.37997,-2551.616,601.2157,-562.8984
479.4,-2570.8452,554.2671,-563.0583
479.41998,-2609.3035,579.5841,-563.0583
479.44,-2614.1106,595.44727,-562.5787
479.46,-2609.3035,580.5455,-563.2182
479.47998,-2580.46,587.75604,-562.8984
479.5,-2561.2307,584.2309,-563.37805
479.52,-2623.7253,575.57825,-563.0583
479.53998,-2604.4963,580.22504,-564.0176
479.56,-2604.4963,590.64026,-563.53796
479.58,-2561.2307,567.7268,-563.85767
479.59998,-2599.689,584.55133,-563.53796
479.62,-2638.147,570.9315,-563.37805
479.63998,-2604.4963,530.232,-565.1367
479.66,-2618.918,568.68823,-564.1774
479.68,-2604.4963,603.2987,-564.0176
479.69998,-2618.918,587.5958,-563.37805
479.72,-2609.3035,560.356,-563.85767
479.74,-2633.3398,585.99347,-564.0176
479.75998,-2647.7617,608.5865,-564.1774
479.78,-2628.5327,575.73846,-564.97687
479.8,-2585.267,555.86945,-564.1774
479.81998,-2633.3398,561.6379,-564.817
479.84,-2594.8816,579.4238,-564.97687
479.86,-2561.2307,578.6227,-564.97687
479.87997,-2642.9543,575.41797,-565.4565
479.9,-2676.6055,567.887,-565.29663
479.91998,-2614.1106,582.1478,-566.09607
479.94,-2609.3035,575.25775,-565.93616
479.96,-2638.147,568.04724,-566.5757
479.97998,-2585.267,565.96423,-565.6164
480.0,-2580.46,597.3701,-565.6164
480.02,-2623.7253,585.03204,-566.09607
480.03998,-2594.8816,570.611,-565.93616
480.06,-2618.918,594.1654,-566.09607
480.08,-2633.3398,585.99347,-566.2559
480.09998,-2633.3398,551.8636,-566.09607
480.12,-2604.4963,578.7829,-566.7356
480.13998,-2594.8816,578.6227,-566.4158
480.16,-2614.1106,628.6157,-566.4158
480.18,-2609.3035,570.611,-566.4158
480.19998,-2599.689,565.0028,-567.2152
480.22,-2642.9543,530.232,-566.89545
480.24,-2657.3762,551.54315,-566.89545
480.25998,-2623.7253,584.55133,-566.7356
480.28,-2604.4963,604.5806,-566.89545
480.3,-2686.2197,565.163,-567.2152
480.31998,-2604.4963,558.4332,-567.2152
480.34,-2599.689,606.98413,-567.37506
480.36,-2604.4963,593.5245,-567.535
480.37997,-2657.3762,601.3759,-567.37506
480.4,-2590.0742,566.28467,-567.37506
480.41998,-2657.3762,585.99347,-568.1745
480.44,-2633.3398,558.59344,-568.01465
480.46,-2609.3035,575.57825,-568.3344
480.47998,-2590.0742,563.88116,-568.3344
480.5,-2604.4963,573.9759,-568.1745
480.52,-2566.0378,585.673,-568.814
480.53998,-2580.46,609.86835,-568.3344
480.56,-2623.7253,597.3701,-568.3344
480.58,-2585.267,632.6216,-567.8547
480.59998,-2628.5327,560.356,-568.1745
480.62,-2590.0742,576.5396,-568.3344
480.63998,-2623.7253,537.763,-569.45355
480.66,-2609.3035,566.60516,-569.1338
480.68,-2585.267,588.8777,-568.49426
480.69998,-2700.6418,593.04376,-568.814
480.72,-2642.9543,588.8777,-569.6134
480.74,-2590.0742,608.4262,-568.814
480.75998,-2498.736,590.8005,-568.6541
480.78,-2623.7253,592.0824,-568.9739
480.8,-2599.689,554.5876,-569.2937
480.81998,-2614.1106,595.928,-569.1338
480.84,-2647.7617,585.83325,-569.1338
480.86,-2638.147,612.9128,-568.9739
480.87997,-2590.0742,585.1923,-569.2937
480.9,-2614.1106,603.2987,-570.0931
480.91998,-2614.1106,619.4824,-569.93317
480.94,-2623.7253,580.86597,-569.7733
480.96,-2623.7253,576.3794,-569.7733
480.97998,-2561.2307,565.4835,-569.2937
481.0,-2618.918,585.83325,-569.93317
481.02,-2566.0378,599.1326,-570.89246
481.03998,-2599.689,581.0262,-570.41284
481.06,-2614.1106,573.65546,-570.89246
481.08,-2546.8088,578.7829,-570.7326
481.09998,-2642.9543,633.2625,-570.7326
481.12,-2628.5327,625.5712,-569.93317
481.13998,-2590.0742,583.2695,-571.05237
481.16,-2585.267,582.1478,-571.2122
481.18,-2604.4963,544.1724,-571.6919
481.19998,-2647.7617,610.8297,-570.89246
481.22,-2609.3035,597.53033,-571.05237
481.24,-2585.267,580.22504,-571.532
481.25998,-2666.9907,558.59344,-571.532
481.28,-2638.147,570.611,-572.1715
481.3,-2609.3035,603.7794,-571.05237
481.31998,-2618.918,575.09753,-571.2122
481.34,-2628.5327,600.4145,-571.3721
481.36,-2618.918,601.53613,-571.3721
481.37997,-2585.267,591.9221,-571.85175
481.4,-2686.2197,578.7829,-571.532
481.41998,-2585.267,576.2192,-571.85175
481.44,-2614.1106,619.1619,-572.01166
481.46,-2513.158,594.0052,-572.3314
481.47998,-2590.0742,607.30457,-571.85175
481.5,-2599.689,581.0262,-572.3314
481.52,-2638.147,569.9701,-572.8111
481.53998,-2633.3398,619.4824,-572.01166
481.56,-2575.6523,557.79224,-573.6104
481.58,-2614.1106,584.55133,-572.97095
481.59998,-2517.965,589.9993,-572.97095
481.62,-2633.3398,563.40045,-573.1308
481.63998,-2681.4126,580.86597,-572.97095
481.66,-2633.3398,598.81213,-573.45056
481.68,-2609.3035,579.5841,-573.45056
481.69998,-2642.9543,619.4824,-572.97095
481.72,-2604.4963,582.1478,-572.97095
481.74,-2604.4963,567.5666,-573.6104
481.75998,-2575.6523,598.3315,-573.45056
481.78,-2580.46,573.8157,-574.09015
481.8,-2633.3398,587.1151,-573.7703
481.81998,-2551.616,577.82153,-573.7703
481.84,-2599.689,562.4391,-574.56976
481.86,-2599.689,569.9701,-574.09015
481.87997,-2638.147,624.28937,-574.40985
481.9,-2604.4963,580.22504,-573.45056
481.91998,-2614.1106,579.2636,-574.25
481.94,-2618.918,594.1654,-574.56976
481.96,-2599.689,586.7946,-574.25
481.97998,-2604.4963,590.48004,-574.25
482.0,-2590.0742,600.09406,-573.6104
482.02,-2609.3035,606.3432,-574.56976
482.03998,-2599.689,684.5374,-574.40985
482.06,-2561.2307,563.72095,-574.7296
482.08,-2638.147,622.8473,-574.88947
482.09998,-2638.147,613.8742,-574.88947
482.12,-2647.7617,639.51166,-574.56976
482.13998,-2585.267,617.5596,-574.56976
482.16,-2657.3762,565.804,-575.2093
482.18,-2614.1106,599.1326,-575.2093
482.19998,-2609.3035,552.0238,-575.52905
482.22,-2594.8816,617.39935,-575.2093
482.24,-2599.689,594.6461,-575.36914
482.25998,-2599.689,563.40045,-576.1685
482.28,-2561.2307,615.15607,-574.88947
482.3,-2633.3398,602.01685,-575.52905
482.31998,-2628.5327,615.3163,-575.0494
482.34,-2647.7617,549.7805,-576.1685
482.36,-2604.4963,593.20404,-575.84875
482.37997,-2590.0742,574.9373,-575.84875
482.4,-2590.0742,613.2333,-576.3284
482.41998,-2604.4963,563.40045,-576.00867
482.44,-2628.5327,527.18756,-577.1278
482.46,-2618.918,589.9993,-576.1685
482.47998,-2570.8452,587.43555,-576.00867
482.5,-2623.7253,575.57825,-576.1685
482.52,-2628.5327,585.35254,-576.48834
482.53998,-2628.5327,536.0004,-577.4476
482.56,-2590.0742,583.4297,-576.3284
482.58,-2590.0742,601.69635,-576.8081
482.59998,-2609.3035,627.4941,-576.6482
482.62,-2604.4963,585.35254,-577.2877
482.63998,-2570.8452,584.0707,-577.6075
482.66,-2609.3035,627.8145,-576.3284
482.68,-2585.267,575.73846,-577.1278
482.69998,-2638.147,571.73267,-577.6075
482.72,-2638.147,570.611,-577.6075
482.74,-2566.0378,551.3829,-578.5668
482.75998,-2570.8452,629.5771,-577.6075
482.78,-2614.1106,583.9104,-577.92725
482.8,-2628.5327,563.40045,-578.08716
482.81998,-2609.3035,606.1829,-578.08716
482.84,-2532.387,587.91626,-578.40686
482.86,-2575.6523,585.83325,-577.4476
482.87997,-2561.2307,608.1058,-578.08716
482.9,-2561.2307,596.4087,-578.247
482.91998,-2561.2307,585.673,-578.7266
482.94,-2618.918,629.8976,-577.7674
482.96,-2590.0742,586.6344,-578.08716
482.97998,-2628.5327,589.8391,-578.40686
483.0,-2590.0742,572.2134,-579.2063
483.02,-2604.4963,581.1864,-579.2063
483.03998,-2585.267,571.57245,-578.40686
483.06,-2566.0378,583.10925,-578.5668
483.08,-2657.3762,577.98175,-578.7266
483.09998,-2594.8816,598.9724,-579.2063
483.12,-2566.0378,591.6017,-579.52606
483.13998,-2662.1833,576.8601,-578.7266
483.16,-2585.267,600.8952,-578.7266
483.18,-2546.8088,601.8566,-579.2063
483.19998,-2551.616,583.10925,-579.6859
483.22,-2594.8816,596.8894,-579.2063
483.24,-2561.2307,638.39,-579.36615
483.25998,-2590.0742,627.3338,-579.84576
483.28,-2570.8452,589.1982,-580.1656
483.3,-2599.689,569.9701,-580.48535
483.31998,-2537.1943,616.4379,-579.84576
483.34,-2484.3142,621.7257,-579.6859
483.36,-2570.8452,615.9572,-579.84576
483.37997,-2556.4236,595.44727,-580.6452
483.4,-2590.0742,614.8356,-580.0057
483.41998,-2633.3398,603.2987,-580.1656
483.44,-2599.689,608.7467,-580.0057
483.46,-2566.0378,623.1677,-580.3255
483.47998,-2474.6997,611.95135,-580.48535
483.5,-2566.0378,558.59344,-580.8051
483.52,-2647.7617,606.3432,-581.1248
483.53998,-2647.7617,596.8894,-580.8051
483.56,-2561.2307,609.2274,-580.1656
483.58,-2551.616,589.5186,-580.6452
483.59998,-2508.3506,606.66364,-580.8051
483.62,-2517.965,632.14087,-580.8051
483.63998,-2556.4236,613.073,-580.8051
483.66,-2561.2307,569.00867,-581.7644
483.68,-2594.8816,580.22504,-581.2848
483.69998,-2566.0378,594.3257,-582.0841
483.72,-2585.267,598.17126,-581.1248
483.74,-2580.46,584.8718,-581.7644
483.75998,-2647.7617,638.2298,-581.1248
483.78,-2580.46,582.1478,-581.7644
483.8,-2570.8452,619.4824,-582.0841
483.81998,-2537.1943,628.77594,-582.4039
483.84,-2570.8452,589.5186,-582.0841
483.86,-2594.8816,581.3467,-583.04346
483.87997,-2532.387,613.714,-582.56384
483.9,-2561.2307,594.9666,-582.244
483.91998,-2618.918,605.7022,-582.244
483.94,-2570.8452,572.0531,-583.36316
483.96,-2561.2307,577.66125,-583.5231
483.97998,-2609.3035,600.735,-583.2033
484.0,-2566.0378,608.7467,-583.36316
484.02,-2618.918,646.72217,-582.4039
484.03998,-2618.918,582.1478,-583.04346
484.06,-2585.267,591.2812,-583.683
484.08,-2546.8088,569.4894,-583.84283
484.09998,-2551.616,643.67773,-583.2033
484.12,-2585.267,596.08826,-583.84283
484.13998,-2628.5327,587.91626,-583.84283
484.16,-2546.8088,615.797,-583.84283
484.18,-2580.46,636.78766,-583.84283
484.19998,-2590.0742,579.4238,-584.1626
484.22,-2633.3398,584.3911,-583.683
484.24,-2561.2307,589.8391,-583.683
484.25998,-2542.0015,604.42035,-583.683
484.28,-2604.4963,629.5771,-584.1626
484.3,-2599.689,606.3432,-584.6422
484.31998,-2618.918,612.27185,-584.1626
484.34,-2580.46,555.38873,-585.1219
484.36,-2542.0015,619.9631,-584.8021
484.37997,-2580.46,626.85315,-584.1626
484.4,-2561.2307,610.6695,-584.96204
484.41998,-2590.0742,589.67883,-584.8021
484.44,-2546.8088,573.9759,-585.44165
484.46,-2585.267,603.459,-584.96204
484.47998,-2570.8452,650.08704,-585.2818
484.5,-2590.0742,613.714,-584.96204
484.52,-2542.0015,609.86835,-585.1219
484.53998,-2542.0015,591.9221,-585.92126
484.56,-2599.689,623.80865,-584.6422
484.58,-2585.267,594.6461,-585.6015
484.59998,-2604.4963,571.4122,-585.7614
484.62,-2585.267,535.8402,-586.40094
484.63998,-2575.6523,597.53033,-586.40094
484.66,-2633.3398,660.82275,-586.0812
484.68,-2546.8088,583.10925,-586.2411
484.69998,-2575.6523,594.0052,-586.2411
484.72,-2542.0015,637.5888,-586.40094
484.74,-2474.6997,625.8917,-586.88055
484.75998,-2561.2307,582.62854,-587.04047
484.78,-2575.6523,610.34906,-587.04047
484.8,-2638.147,558.59344,-586.88055
484.81998,-2590.0742,565.0028,-587.52014
484.84,-2585.267,602.818,-586.40094
484.86,-2527.5796,615.797,-587.04047
484.87997,-2575.6523,596.08826,-587.3602
484.9,-2537.1943,616.7584,-587.3602
484.91998,-2517.965,589.0379,-587.83984
484.94,-2590.0742,610.5093,-587.2003
484.96,-2532.387,622.3666,-588.1596
484.97998,-2585.267,593.36426,-587.52014
485.0,-2585.267,586.1537,-587.99976
485.02,-2532.387,646.72217,-587.68
485.03998,-2575.6523,603.1385,-587.52014
485.06,-2537.1943,639.6719,-586.7207
485.08,-2537.1943,557.3116,-587.99976
485.09998,-2517.965,580.0648,-588.1596
485.12,-2628.5327,643.3573,-587.04047
485.13998,-2575.6523,596.2485,-588.1596
485.16,-2566.0378,586.3139,-588.1596
485.18,-2522.7725,578.14197,-588.4794
485.19998,-2522.7725,639.19116,-587.52014
485.22,-2590.0742,576.3794,-587.52014
485.24,-2585.267,607.9455,-588.31946
485.25998,-2566.0378,605.22156,-587.83984
485.28,-2537.1943,610.5093,-588.4794
485.3,-2542.0015,612.43207,-588.6393
485.31998,-2585.267,589.5186,-588.95905
485.34,-2561.2307,576.6999,-588.95905
485.36,-2561.2307,620.7643,-588.31946
485.37997,-2542.0015,607.7853,-588.4794
485.4,-2590.0742,592.2426,-589.43866
485.41998,-2556.4236,598.6519,-589.2788
485.44,-2546.8088,631.98065,-588.95905
485.46,-2556.4236,602.6578,-589.7585
485.47998,-2566.0378,616.1175,-588.95905
485.5,-2642.9543,580.5455,-589.43866
485.52,-2580.46,587.91626,-590.0782
485.53998,-2599.689,625.0905,-590.0782
485.56,-2551.616,635.5058,-590.2381
485.58,-2580.46,608.1058,-589.5985
485.59998,-2566.0378,604.42035,-590.39795
485.62,-2575.6523,616.91864,-590.39795
485.63998,-2623.7253,592.0824,-590.55786
485.66,-2556.4236,660.0216,-590.2381
485.68,-2566.0378,575.73846,-591.03754
485.69998,-2537.1943,576.3794,-591.1974
485.72,-2570.8452,604.0999,-590.87756
485.74,-2585.267,628.6157,-590.7177
485.75998,-2580.46,593.20404,-590.55786
485.78,-2551.616,612.27185,-590.55786
485.8,-2570.8452,581.9876,-591.1974
485.81998,-2585.267,605.0613,-591.03754
485.84,-2604.4963,609.70807,-591.1974
485.86,-2623.7253,593.6847,-590.2381
485.87997,-2546.8088,609.2274,-591.03754
485.9,-2551.616,600.5747,-591.35724
485.91998,-2532.387,603.6192,-591.03754
485.94,-2570.8452,598.011,-591.35724
485.96,-2546.8088,606.1829,-591.51715
485.97998,-2551.616,594.80634,-591.677
486.0,-2580.46,586.7946,-592.1567
486.02,-2575.6523,618.3608,-591.1974
486.03998,-2585.267,618.521,-591.99677
486.06,-2594.8816,608.7467,-591.677
486.08,-2590.0742,614.99585,-592.3165
486.09998,-2570.8452,631.66016,-591.83685
486.12,-2537.1943,617.07886,-591.677
486.13998,-2585.267,593.20404,-592.1567
486.16,-2614.1106,598.4917,-593.1159
486.18,-2537.1943,608.1058,-594.0752
486.19998,-2575.6523,618.2005,-592.47644
486.22,-2513.158,572.5338,-593.2758
486.24,-2585.267,603.93964,-592.6363
486.25998,-2570.8452,620.4438,-592.95605
486.28,-2580.46,613.8742,-593.7555
486.3,-2618.918,610.8297,-592.7962
486.31998,-2556.4236,612.9128,-593.5956
486.34,-2522.7725,594.9666,-593.5956
486.36,-2537.1943,595.60754,-594.2351
486.37997,-2628.5327,622.3666,-593.91534
486.4,-2542.0015,630.859,-593.5956
486.41998,-2527.5796,615.3163,-594.5549
486.44,-2561.2307,627.8145,-593.91534
486.46,-2575.6523,601.53613,-594.7148
486.47998,-2566.0378,596.08826,-593.7555
486.5,-2609.3035,594.3257,-593.7555
486.52,-2575.6523,633.90344,-593.91534
486.53998,-2503.5432,610.1888,-594.5549
486.56,-2537.1943,650.08704,-594.5549
486.58,-2551.616,579.1034,-594.7148
486.59998,-2594.8816,592.0824,-594.87463
486.62,-2561.2307,585.51276,-595.03455
486.63998,-2556.4236,604.42035,-595.1944
486.66,-2604.4963,605.22156,-594.7148
486.68,-2542.0015,611.79114,-594.87463
486.69998,-2542.0015,630.3783,-595.674
486.72,-2551.616,625.7315,-595.1944
486.74,-2566.0378,625.8917,-595.674
486.75998,-2575.6523,658.89996,-594.87463
486.78,-2527.5796,613.8742,-595.03455
486.8,-2556.4236,627.01337,-595.35425
486.81998,-2599.689,585.99347,-595.99384
486.84,-2585.267,616.5982,-596.6333
486.86,-2580.46,592.7233,-595.674
486.87997,-2585.267,622.04614,-595.51416
486.9,-2508.3506,619.4824,-595.8339
486.91998,-2532.387,615.15607,-596.47345
486.94,-2546.8088,638.8707,-596.1537
486.96,-2585.267,589.0379,-596.7932
486.97998,-2546.8088,602.9783,-596.47345
487.0,-2561.2307,609.54785,-596.6333
487.02,-2609.3035,607.7853,-596.31354
487.03998,-2556.4236,625.7315,-596.6333
487.06,-2546.8088,621.5654,-596.7932
487.08,-2542.0015,608.5865,-597.113
487.09998,-2542.0015,621.8859,-596.47345
487.12,-2594.8816,590.48004,-597.2729
487.13998,-2599.689,617.71985,-596.47345
487.16,-2580.46,603.93964,-597.2729
487.18,-2537.1943,603.1385,-597.43274
487.19998,-2546.8088,617.39935,-597.43274
487.22,-2537.1943,596.7292,-597.5926
487.24,-2556.4236,586.9549,-597.2729
487.25998,-2546.8088,622.3666,-596.95306
487.28,-2628.5327,573.17474,-598.0722
487.3,-2532.387,633.58295,-597.43274
487.31998,-2561.2307,629.09644,-597.5926
487.34,-2498.736,598.17126,-598.2322
487.36,-2498.736,612.75256,-597.5926
487.37997,-2546.8088,579.1034,-597.91235
487.4,-2570.8452,612.11163,-597.7525
487.41998,-2527.5796,598.3315,-598.2322
487.44,-2570.8452,636.78766,-598.7118
487.46,-2527.5796,601.3759,-598.5519
487.47998,-2513.158,631.98065,-598.87164
487.5,-2517.965,621.245,-599.03156
487.52,-2551.616,612.59235,-599.5112
487.53998,-2594.8816,608.9069,-599.1914
487.56,-2599.689,617.39935,-598.5519
487.58,-2575.6523,624.7701,-599.03156
487.59998,-2551.616,582.78876,-599.1914
487.62,-2561.2307,609.2274,-599.1914
487.63998,-2594.8816,626.53265,-599.6711
487.66,-2556.4236,632.4613,-599.1914
487.68,-2546.8088,648.8052,-598.87164
487.69998,-2551.616,622.8473,-599.35126
487.72,-2546.8088,618.3608,-599.99084
487.74,-2575.6523,594.1654,-599.83093
487.75998,-2546.8088,614.3549,-599.99084
487.78,-2546.8088,654.0929,-600.1507
487.8,-2513.158,598.011,-600.31055
487.81998,-2585.267,651.6894,-599.83093
487.84,-2561.2307,614.99585,-600.47046
487.86,-2551.616,573.0145,-600.31055
487.87997,-2556.4236,617.39935,-600.1507
487.9,-2580.46,616.7584,-600.7902
487.91998,-2580.46,585.1923,-600.95013
487.94,-2532.387,611.1502,-600.95013
487.96,-2537.1943,601.53613,-600.47046
487.97998,-2566.0378,650.56775,-600.47046
488.0,-2551.616,625.8917,-600.47046
488.02,-2527.5796,640.6333,-601.2699
488.03998,-2513.158,596.8894,-601.11
488.06,-2527.5796,591.6017,-601.7495
488.08,-2503.5432,625.8917,-601.2699
488.09998,-2503.5432,617.71985,-601.42975
488.12,-2517.965,639.9924,-601.5896
488.13998,-2575.6523,606.98413,-601.7495
488.16,-2503.5432,605.22156,-601.9094
488.18,-2537.1943,646.8824,-601.11
488.19998,-2566.0378,622.687,-601.9094
488.22,-2585.267,636.62744,-602.2292
488.24,-2503.5432,596.4087,-601.9094
488.25998,-2575.6523,615.6368,-601.7495
488.28,-2570.8452,637.4286,-601.9094
488.3,-2546.8088,610.02856,-603.02856
488.31998,-2532.387,659.5409,-602.5489
488.34,-2580.46,607.30457,-602.7088
488.36,-2551.616,627.4941,-601.9094
488.37997,-2503.5432,629.25665,-602.5489
488.4,-2542.0015,606.3432,-602.86865
488.41998,-2537.1943,613.5537,-602.5489
488.44,-2522.7725,607.46484,-603.50824
488.46,-2551.616,639.8321,-602.86865
488.47998,-2546.8088,611.3104,-603.6681
488.5,-2546.8088,602.818,-602.5489
488.52,-2556.4236,629.4169,-603.02856
488.53998,-2542.0015,656.9771,-603.1885
488.56,-2445.856,623.96893,-603.82794
488.58,-2532.387,635.666,-603.6681
488.59998,-2551.616,622.3666,-603.6681
488.62,-2575.6523,649.7666,-603.1885
488.63998,-2517.965,627.9748,-603.6681
488.66,-2474.6997,584.7116,-604.4675
488.68,-2546.8088,636.1467,-604.6274
488.69998,-2566.0378,607.30457,-603.98785
488.72,-2527.5796,633.1023,-604.3076
488.74,-2532.387,610.8297,-604.1477
488.75998,-2527.5796,602.9783,-604.4675
488.78,-2566.0378,621.5654,-603.82794
488.8,-2556.4236,642.7163,-604.3076
488.81998,-2527.5796,635.1853,-604.1477
488.84,-2556.4236,623.80865,-604.3076
488.86,-2542.0015,614.67535,-604.78723
488.87997,-2561.2307,601.2157,-604.78723
488.9,-2575.6523,618.6812,-605.42676
488.91998,-2542.0015,621.4052,-604.78723
488.94,-2532.387,665.6298,-604.94714
488.96,-2493.9287,609.54785,-605.42676
488.97998,-2590.0742,646.56195,-604.94714
489.0,-2513.158,643.83795,-604.94714
489.02,-2542.0015,606.1829,-605.5867
489.03998,-2522.7725,615.6368,-605.26685
489.06,-2527.5796,602.6578,-605.7466
489.08,-2542.0015,617.39935,-604.94714
489.09998,-2546.8088,618.6812,-605.7466
489.12,-2493.9287,634.86487,-605.42676
489.13998,-2542.0015,610.8297,-605.7466
489.16,-2570.8452,618.521,-605.90643
489.18,-2532.387,623.96893,-605.90643
489.19998,-2570.8452,649.9268,-606.38605
489.22,-2522.7725,613.8742,-605.7466
489.24,-2474.6997,639.9924,-606.38605
489.25998,-2436.2412,624.7701,-606.38605
489.28,-2580.46,618.0403,-606.38605
489.3,-2532.387,662.4251,-606.7059
489.31998,-2551.616,604.74084,-606.8657
489.34,-2570.8452,600.5747,-607.1855
489.36,-2508.3506,612.11163,-607.6651
489.37997,-2498.736,580.70575,-607.6651
489.4,-2551.616,617.71985,-607.5052
489.41998,-2537.1943,614.99585,-607.1855
489.44,-2513.158,598.81213,-607.34534
489.46,-2532.387,616.5982,-607.34534
489.47998,-2522.7725,620.60406,-607.5052
489.5,-2542.0015,630.5385,-607.0256
489.52,-2508.3506,653.29175,-607.34534
489.53998,-2513.158,648.32446,-607.6651
489.56,-2508.3506,633.1023,-607.82495
489.58,-2484.3142,635.5058,-607.9849
489.59998,-2493.9287,613.5537,-607.6651
489.62,-2455.4705,597.69055,-608.6244
489.63998,-2532.387,612.27185,-608.1448
489.66,-2537.1943,614.51514,-607.9849
489.68,-2503.5432,638.55023,-607.6651
489.69998,-2537.1943,624.9303,-607.9849
489.72,-2527.5796,610.6695,-608.3046
489.74,-2508.3506,613.3935,-608.94415
489.75998,-2517.965,643.0368,-608.94415
489.78,-2546.8088,633.1023,-607.6651
489.8,-2580.46,601.53613,-609.2639
489.81998,-2532.387,669.15497,-608.46454
489.84,-2527.5796,613.2333,-608.94415
489.86,-2546.8088,612.43207,-608.78424
489.87997,-2508.3506,622.8473,-608.94415
489.9,-2532.387,659.5409,-609.4238
489.91998,-2445.856,624.12915,-609.5837
489.94,-2551.616,681.1725,-609.7436
489.96,-2546.8088,626.21216,-609.4238
489.97998,-2508.3506,644.63916,-609.2639
490.0,-2532.387,626.37244,-609.5837
490.02,-2527.5796,632.7818,-609.5837
490.03998,-2546.8088,641.91516,-609.7436
490.06,-2527.5796,619.0017,-609.90344
490.08,-2527.5796,639.9924,-610.0633
490.09998,-2513.158,645.7608,-609.90344
490.12,-2503.5432,594.6461,-610.2232
490.13998,-2527.5796,634.86487,-610.0633
490.16,-2498.736,644.7994,-610.2232
490.18,-2522.7725,659.2204,-610.3831
490.19998,-2503.5432,620.7643,-610.86273
490.22,-2527.5796,621.7257,-610.54297
490.24,-2546.8088,639.51166,-610.0633
490.25998,-2527.5796,664.3479,-610.2232
490.28,-2522.7725,631.8204,-610.54297
490.3,-2532.387,595.44727,-610.86273
490.31998,-2522.7725,588.71747,-611.34235
490.34,-2508.3506,629.4169,-610.7029
490.36,-2570.8452,609.54785,-610.7029
490.37997,-2527.5796,570.4508,-611.34235
490.4,-2556.4236,643.5175,-611.50226
490.41998,-2527.5796,612.9128,-611.6622
490.44,-2421.8196,659.3807,-611.34235
490.46,-2450.6633,682.45435,-610.7029
490.47998,-2517.965,632.942,-611.98193
490.5,-2513.158,623.32794,-611.6622
490.52,-2575.6523,595.12683,-611.98193
490.53998,-2517.965,604.5806,-611.822
490.56,-2542.0015,621.7257,-612.6214
490.58,-2522.7725,629.4169,-612.1418
490.59998,-2469.8923,645.1199,-612.30164
490.62,-2503.5432,646.72217,-612.1418
490.63998,-2546.8088,633.90344,-611.98193
490.66,-2546.8088,573.9759,-612.9412
490.68,-2484.3142,627.1736,-612.1418
490.69998,-2450.6633,620.60406,-612.46155
490.72,-2527.5796,642.8766,-612.9412
490.74,-2517.965,620.60406,-613.5807
490.75998,-2479.5068,639.8321,-612.46155
490.78,-2546.8088,611.6309,-613.42084
490.8,-2498.736,656.8169,-612.1418
490.81998,-2513.158,646.72217,-613.42084
490.84,-2513.158,640.3128,-613.5807
490.86,-2537.1943,697.51636,-613.2609
490.87997,-2513.158,623.4882,-613.42084
490.9,-2489.1216,630.0578,-613.42084
490.91998,-2508.3506,626.53265,-614.06036
490.94,-2527.5796,595.44727,-613.9005
490.96,-2508.3506,623.4882,-613.5807
490.97998,-2542.0015,636.1467,-614.3801
491.0,-2580.46,659.2204,-614.2203
491.02,-2517.965,640.95374,-613.74054
491.03998,-2551.616,613.714,-613.42084
491.06,-2551.616,606.82385,-613.74054
491.08,-2527.5796,670.2766,-614.3801
491.09998,-2474.6997,629.73737,-614.2203
491.12,-2522.7725,649.4461,-613.74054
491.13998,-2426.627,656.9771,-614.06036
491.16,-2489.1216,605.0613,-614.54
491.18,-2517.965,644.4789,-614.85974
491.19998,-2527.5796,650.40753,-614.2203
491.22,-2508.3506,659.3807,-614.3801
491.24,-2542.0015,615.6368,-615.3394
491.25998,-2508.3506,654.0929,-615.0196
491.28,-2522.7725,653.9327,-614.54
491.3,-2532.387,625.5712,-615.6592
491.31998,-2508.3506,634.86487,-615.0196
491.34,-2551.616,639.8321,-615.0196
491.36,-2503.5432,661.9444,-615.0196
491.37997,-2513.158,624.28937,-615.0196
491.4,-2527.5796,658.57947,-615.0196
491.41998,-2489.1216,613.073,-615.81903
491.44,-2556.4236,691.5877,-615.17957
491.46,-2484.3142,650.08704,-615.9789
491.47998,-2556.4236,659.8613,-615.9789
491.5,-2450.6633,642.5561,-615.9789
491.52,-2479.5068,619.64264,-616.2987
491.53998,-2556.4236,646.40173,-616.1388
491.56,-2537.1943,623.64844,-616.61847
491.58,-2498.736,657.7783,-616.1388
491.59998,-2503.5432,616.2777,-616.4586
491.62,-2527.5796,617.88007,-616.2987
491.63998,-2503.5432,589.1982,-617.0981
491.66,-2517.965,635.666,-616.7783
491.68,-2561.2307,620.12335,-616.2987
491.69998,-2469.8923,619.9631,-616.93823
491.72,-2484.3142,605.0613,-616.93823
491.74,-2508.3506,557.4718,-617.25793
491.75998,-2508.3506,631.17944,-617.41785
491.78,-2532.387,620.60406,-616.93823
491.8,-2469.8923,643.197,-617.7376
491.81998,-2546.8088,613.3935,-617.8975
491.84,-2527.5796,632.7818,-617.57776
491.86,-2638.147,633.4227,-616.7783
491.87997,-2508.3506,626.6929,-617.8975
491.9,-2503.5432,613.5537,-618.8568
491.91998,-2508.3506,633.4227,-618.8568
491.94,-2498.736,624.9303,-618.537
491.96,-2484.3142,625.411,-618.537
491.97998,-2503.5432,607.9455,-619.1766
492.0,-2493.9287,657.93854,-618.37714
492.02,-2498.736,628.77594,-619.1766
492.03998,-2489.1216,632.14087,-619.01666
492.06,-2508.3506,636.62744,-618.6969
492.08,-2542.0015,625.0905,-618.8568
492.09998,-2566.0378,628.77594,-618.537
492.12,-2517.965,667.5526,-618.6969
492.13998,-2527.5796,635.9865,-618.537
492.16,-2551.616,610.6695,-619.1766
492.18,-2517.965,663.22626,-618.8568
492.19998,-2503.5432,588.23676,-619.6562
492.22,-2508.3506,644.4789,-619.4963
492.24,-2522.7725,631.8204,-619.97595
492.25998,-2493.9287,640.1526,-619.1766
492.28,-2469.8923,628.77594,-619.6562
492.3,-2522.7725,651.5292,-619.6562
492.31998,-2561.2307,646.40173,-619.81604
492.34,-2517.965,613.073,-620.13586
492.36,-2517.965,637.9093,-619.6562
492.37997,-2542.0015,634.86487,-620.45557
492.4,-2445.856,655.69525,-620.2957
492.41998,-2508.3506,628.93616,-619.81604
492.44,-2532.387,636.30695,-619.97595
492.46,-2513.158,634.38416,-620.2957
492.47998,-2561.2307,673.00055,-619.4963
492.5,-2474.6997,668.67426,-620.45557
492.52,-2484.3142,621.8859,-620.6155
492.53998,-2469.8923,600.2543,-620.45557
492.56,-2493.9287,652.4906,-620.6155
492.58,-2542.0015,677.0064,-620.6155
492.59998,-2532.387,678.9292,-620.45557
492.62,-2465.0852,648.8052,-620.7753
492.63998,-2431.434,679.0894,-620.6155
492.66,-2522.7725,635.666,-621.57477
492.68,-2513.158,621.7257,-621.4149
492.69998,-2479.5068,623.4882,-621.7346
492.72,-2513.158,638.8707,-622.0544
492.74,-2513.158,667.3924,-621.255
492.75998,-2474.6997,624.12915,-622.53406
492.78,-2522.7725,612.75256,-621.7346
492.8,-2532.387,606.82385,-622.0544
492.81998,-2503.5432,619.9631,-622.3742
492.84,-2542.0015,649.2859,-622.21423
492.86,-2469.8923,649.1257,-621.89453
492.87997,-2513.158,668.35376,-622.0544
492.9,-2527.5796,619.9631,-622.53406
492.91998,-2522.7725,627.3338,-622.21423
492.94,-2546.8088,645.1199,-623.33344
492.96,-2508.3506,641.91516,-622.8538
492.97998,-2546.8088,651.2087,-623.0137
493.0,-2465.0852,641.27423,-623.33344
493.02,-2378.5542,650.56775,-623.0137
493.03998,-2465.0852,649.2859,-623.1736
493.06,-2498.736,627.3338,-623.33344
493.08,-2570.8452,602.17706,-623.4933
493.09998,-2503.5432,655.3748,-623.4933
493.12,-2517.965,614.51514,-623.8131
493.13998,-2479.5068,617.39935,-623.8131
493.16,-2517.965,595.76776,-624.1329
493.18,-2537.1943,632.6216,-623.4933
493.19998,-2566.0378,606.5034,-623.97296
493.22,-2551.616,659.7011,-623.0137
493.24,-2493.9287,640.95374,-623.8131
493.25998,-2503.5432,626.05194,-624.4526
493.28,-2527.5796,651.8496,-624.6125
493.3,-2460.2778,635.3455,-624.7724
493.31998,-2575.6523,696.71515,-624.6125
493.34,-2508.3506,662.9058,-624.4526
493.36,-2479.5068,656.01575,-625.252
493.37997,-2426.627,665.6298,-625.09216
493.4,-2474.6997,646.8824,-624.7724
493.41998,-2542.0015,649.4461,-624.6125
493.44,-2455.4705,598.17126,-626.05145
493.46,-2479.5068,665.6298,-625.252
493.47998,-2493.9287,660.66254,-625.4119
493.5,-2484.3142,652.4906,-624.93225
493.52,-2493.9287,685.9795,-625.252
493.53998,-2508.3506,657.93854,-625.252
493.56,-2513.158,648.8052,-625.09216
493.58,-2474.6997,680.21106,-625.252
493.59998,-2479.5068,652.0099,-625.7316
493.62,-2484.3142,607.9455,-626.53107
493.63998,-2513.158,649.1257,-625.5718
493.66,-2522.7725,634.22394,-626.2113
493.68,-2460.2778,673.9619,-626.2113
493.69998,-2479.5068,617.39935,-626.6909
493.72,-2484.3142,705.2076,-625.252
493.74,-2604.4963,668.19354,-625.252
493.75998,-2445.856,654.2532,-625.7316
493.78,-2537.1943,624.7701,-626.2113
493.8,-2517.965,627.3338,-626.6909
493.81998,-2474.6997,631.66016,-626.2113
493.84,-2522.7725,652.4906,-626.3712
493.86,-2508.3506,693.02985,-626.6909
493.87997,-2455.4705,651.04846,-626.3712
493.9,-2493.9287,654.0929,-626.53107
493.91998,-2489.1216,633.4227,-626.6909
493.94,-2474.6997,654.4134,-627.17053
493.96,-2493.9287,592.88354,-627.3305
493.97998,-2513.158,656.6567,-627.0107
494.0,-2513.158,691.4275,-626.8508
494.02,-2556.4236,667.0719,-626.6909
494.03998,-2479.5068,689.1842,-627.8101
494.06,-2508.3506,623.96893,-627.65027
494.08,-2513.158,596.4087,-627.65027
494.09998,-2484.3142,642.0754,-627.3305
494.12,-2513.158,635.82623,-627.0107
494.13998,-2498.736,657.7783,-627.3305
494.16,-2489.1216,658.09875,-627.3305
494.18,-2527.5796,641.114,-627.97
494.19998,-2498.736,614.67535,-627.97
494.22,-2479.5068,666.9117,-627.97
494.24,-2484.3142,640.7935,-628.1299
494.25998,-2493.9287,702.00287,-628.1299
494.28,-2484.3142,680.3713,-627.49036
494.3,-2493.9287,661.7842,-627.8101
494.31998,-2469.8923,658.57947,-628.28973
494.34,-2489.1216,649.2859,-628.7694
494.36,-2484.3142,636.9479,-628.7694
494.37997,-2498.736,637.4286,-629.249
494.4,-2469.8923,665.3093,-627.65027
494.41998,-2469.8923,656.01575,-627.8101
494.44,-2489.1216,655.69525,-628.44965
494.46,-2489.1216,644.7994,-628.44965
494.47998,-2508.3506,639.8321,-628.7694
494.5,-2479.5068,665.95026,-628.60956
494.52,-2537.1943,651.04846,-628.7694
494.53998,-2469.8923,671.3982,-628.60956
494.56,-2493.9287,630.859,-629.0892
494.58,-2527.5796,596.2485,-629.7287
494.59998,-2460.2778,639.9924,-629.7287
494.62,-2508.3506,625.7315,-630.04846
494.63998,-2498.736,660.34204,-629.249
494.66,-2484.3142,656.8169,-629.4089
494.68,-2498.736,644.63916,-629.0892
494.69998,-2503.5432,620.60406,-629.88855
494.72,-2460.2778,642.23566,-629.5688
494.74,-2513.158,652.3303,-630.5281
494.75998,-2503.5432,690.46606,-630.04846
494.78,-2402.5906,627.1736,-629.7287
494.8,-2498.736,636.9479,-629.7287
494.81998,-2469.8923,641.114,-630.3682
494.84,-2474.6997,630.218,-630.5281
494.86,-2474.6997,660.82275,-630.6879
494.87997,-2503.5432,638.39,-630.3682
494.9,-2503.5432,648.004,-630.5281
494.91998,-2465.0852,663.06604,-630.3682
494.94,-2570.8452,653.13153,-631.1676
494.96,-2498.736,620.9245,-630.5281
494.97998,-2479.5068,625.5712,-631.00775
495.0,-2465.0852,609.70807,-631.48737
495.02,-2503.5432,639.9924,-631.1676
495.03998,-2522.7725,633.1023,-631.1676
495.06,-2469.8923,620.9245,-631.8071
495.08,-2513.158,643.9982,-631.48737
495.09998,-2503.5432,626.53265,-631.3275
495.12,-2465.0852,677.9678,-631.3275
495.13998,-2498.736,623.1677,-631.3275
495.16,-2460.2778,634.22394,-631.8071
495.18,-2517.965,583.10925,-632.2868
495.19998,-2527.5796,635.3455,-631.6472
495.22,-2489.1216,652.6508,-631.8071
495.24,-2469.8923,639.8321,-632.44666
495.25998,-2484.3142,624.7701,-632.9263
495.28,-2469.8923,655.69525,-632.9263
495.3,-2489.1216,653.61224,-632.44666
495.31998,-2474.6997,658.09875,-631.967
495.34,-2450.6633,688.06256,-632.60657
495.36,-2431.434,678.769,-632.9263
495.37997,-2479.5068,683.8965,-632.7664
495.4,-2479.5068,656.8169,-632.2868
495.41998,-2474.6997,662.1046,-632.9263
495.44,-2522.7725,668.51404,-633.0862
495.46,-2498.736,637.5888,-633.0862
495.47998,-2489.1216,640.473,-633.56586
495.5,-2450.6633,646.8824,-633.7257
495.52,-2508.3506,678.9292,-633.56586
495.53998,-2479.5068,664.1877,-633.56586
495.56,-2455.4705,668.51404,-633.7257
495.58,-2460.2778,637.10815,-633.7257
495.59998,-2474.6997,634.22394,-633.2461
495.62,-2493.9287,654.2532,-633.2461
495.63998,-2455.4705,650.2473,-634.2053
495.66,-2460.2778,664.8286,-634.0455
495.68,-2445.856,633.58295,-633.56586
495.69998,-2517.965,622.20636,-634.3652
495.72,-2479.5068,658.89996,-634.2053
495.74,-2513.158,643.9982,-634.52515
495.75998,-2474.6997,689.1842,-634.2053
495.78,-2469.8923,640.3128,-634.52515
495.8,-2436.2412,691.5877,-634.0455
495.81998,-2465.0852,662.4251,-635.00476
495.84,-2513.158,624.7701,-634.8449
495.86,-2426.627,650.88824,-635.00476
495.87997,-2527.5796,658.57947,-634.8449
495.9,-2508.3506,644.63916,-635.8042
495.91998,-2441.0486,649.4461,-635.6443
495.94,-2508.3506,643.83795,-635.6443
495.96,-2465.0852,663.22626,-634.52515
495.97998,-2445.856,692.0684,-633.88556
496.0,-2517.965,651.6894,-633.56586
496.02,-2465.0852,703.6052,-633.0862
496.03998,-2493.9287,632.3011,-634.52515
496.06,-2493.9287,688.5433,-633.7257
496.08,-2474.6997,623.80865,-633.88556
496.09998,-2493.9287,684.5374,-634.2053
496.12,-2465.0852,659.7011,-634.3652
496.13998,-2479.5068,653.9327,-634.685
496.16,-2455.4705,648.9654,-634.0455
496.18,-2455.4705,631.17944,-634.52515
496.19998,-2532.387,641.75494,-634.0455
496.22,-2479.5068,634.06366,-633.88556
496.24,-2412.2048,657.6181,-633.56586
496.25998,-2498.736,626.05194,-633.40594
496.28,-2465.0852,659.0602,-633.2461
496.3,-2426.627,638.55023,-632.60657
496.31998,-2474.6997,644.63916,-633.2461
496.34,-2465.0852,656.01575,-633.2461
496.36,-2441.0486,610.99,-634.0455
496.37997,-2484.3142,672.51984,-634.0455
496.4,-2455.4705,720.2696,-633.2461
496.41998,-2513.158,669.9561,-634.2053
496.44,-2513.158,634.22394,-633.40594
496.46,-2450.6633,619.80286,-634.0455
496.47998,-2484.3142,639.9924,-632.9263
496.5,-2498.736,671.5584,-632.2868
496.52,-2522.7725,658.73975,-632.44666
496.53998,-2417.0122,653.9327,-633.0862
496.56,-2493.9287,599.4531,-633.0862
496.58,-2527.5796,659.2204,-633.2461
496.59998,-2455.4705,637.4286,-633.0862
496.62,-2479.5068,664.5082,-632.60657
496.63998,-2469.8923,697.03564,-632.2868
496.66,-2450.6633,650.40753,-632.44666
496.68,-2469.8923,634.38416,-632.2868
496.69998,-2513.158,643.67773,-632.60657
496.72,-2503.5432,647.2028,-633.56586
496.74,-2460.2778,704.08594,-632.2868
496.75998,-2474.6997,636.46716,-632.44666
496.78,-2407.3977,669.3152,-632.1269
496.8,-2479.5068,647.0426,-632.1269
496.81998,-2474.6997,649.4461,-632.60657
496.84,-2493.9287,653.9327,-631.967
496.86,-2484.3142,631.49994,-632.2868
496.87997,-2517.965,608.7467,-632.1269
496.9,-2479.5068,654.8941,-631.8071
496.91998,-2498.736,663.86725,-631.1676
496.94,-2517.965,635.3455,-631.967
496.96,-2450.6633,658.41925,-631.967
496.97998,-2527.5796,628.6157,-631.3275
497.0,-2450.6633,667.7128,-631.1676
497.02,-2469.8923,670.4368,-631.1676
497.03998,-2469.8923,632.4613,-631.3275
497.06,-2498.736,664.5082,-631.00775
497.08,-2537.1943,697.03564,-630.8479
497.09998,-2474.6997,647.5233,-631.48737
497.12,-2508.3506,615.15607,-631.1676
497.13998,-2426.627,653.9327,-631.00775
497.16,-2493.9287,629.73737,-631.3275
497.18,-2479.5068,638.71045,-630.6879
497.19998,-2513.158,606.82385,-631.00775
497.22,-2450.6633,654.0929,-630.5281
497.24,-2455.4705,623.96893,-630.6879
497.25998,-2503.5432,669.4754,-629.7287
497.28,-2503.5432,659.8613,-630.3682
497.3,-2469.8923,643.5175,-629.7287
497.31998,-2508.3506,667.7128,-629.5688
497.34,-2493.9287,623.4882,-630.3682
497.36,-2484.3142,692.54913,-630.2083
497.37997,-2474.6997,626.53265,-630.3682
497.4,-2479.5068,674.60284,-629.88855
497.41998,-2455.4705,648.48474,-630.5281
497.44,-2412.2048,714.1807,-629.7287
497.46,-2513.158,638.39,-630.04846
497.47998,-2450.6633,648.16425,-629.88855
497.5,-2489.1216,643.3573,-629.88855
497.52,-2508.3506,629.4169,-630.5281
497.53998,-2489.1216,662.9058,-629.249
497.56,-2508.3506,644.4789,-629.5688
497.58,-2460.2778,603.93964,-629.88855
497.59998,-2474.6997,622.04614,-629.88855
497.62,-2474.6997,632.7818,-629.88855
497.63998,-2441.0486,653.13153,-629.0892
497.66,-2460.2778,672.0391,-629.249
497.68,-2503.5432,639.19116,-628.7694
497.69998,-2513.158,638.55023,-629.7287
497.72,-2513.158,611.1502,-629.4089
497.74,-2460.2778,637.9093,-629.0892
497.75998,-2445.856,629.5771,-629.0892
497.78,-2469.8923,589.8391,-629.249
497.8,-2436.2412,636.9479,-629.0892
497.81998,-2493.9287,651.5292,-628.60956
497.84,-2493.9287,575.57825,-628.7694
497.86,-2426.627,656.01575,-628.28973
497.87997,-2484.3142,594.80634,-629.4089
497.9,-2455.4705,671.7186,-628.28973
497.91998,-2489.1216,646.40173,-628.60956
497.94,-2469.8923,674.4426,-628.60956
497.96,-2513.158,625.7315,-627.65027
497.97998,-2450.6633,673.321,-628.44965
498.0,-2508.3506,662.2649,-627.97
498.02,-2551.616,664.02747,-627.97
498.03998,-2484.3142,646.40173,-627.97
498.06,-2465.0852,644.15845,-627.65027
498.08,-2484.3142,654.4134,-628.60956
498.09998,-2527.5796,639.03094,-627.97
498.12,-2484.3142,678.9292,-627.8101
498.13998,-2383.3613,627.6543,-628.92926
498.16,-2421.8196,653.61224,-627.65027
498.18,-2436.2412,640.95374,-627.49036
498.19998,-2460.2778,649.7666,-627.17053
498.22,-2417.0122,641.91516,-627.3305
498.24,-2455.4705,604.74084,-628.44965
498.25998,-2450.6633,639.8321,-627.0107
498.28,-2489.1216,635.9865,-627.97
498.3,-2436.2412,648.004,-627.49036
498.31998,-2489.1216,588.07654,-627.49036
498.34,-2498.736,635.666,-627.65027
498.36,-2469.8923,636.78766,-626.8508
498.37997,-2460.2778,665.79004,-627.49036
498.4,-2450.6633,653.13153,-627.17053
498.41998,-2479.5068,634.38416,-627.0107
498.44,-2474.6997,645.921,-626.53107
498.46,-2465.0852,631.49994,-627.0107
498.47998,-2465.0852,598.011,-627.8101
498.5,-2493.9287,608.1058,-627.49036
498.52,-2460.2778,669.4754,-626.6909
498.53998,-2469.8923,648.32446,-626.05145
498.56,-2503.5432,633.4227,-626.3712
498.58,-2455.4705,606.66364,-627.17053
498.59998,-2431.434,665.46954,-626.6909
498.62,-2441.0486,684.69763,-625.7316
498.63998,-2489.1216,684.0567,-625.89154
498.66,-2402.5906,675.08356,-626.05145
498.68,-2441.0486,685.4988,-625.89154
498.69998,-2455.4705,659.2204,-626.2113
498.72,-2378.5542,629.5771,-625.4119
498.74,-2436.2412,627.8145,-626.53107
498.75998,-2450.6633,606.1829,-626.53107
498.78,-2469.8923,632.942,-626.6909
498.8,-2517.965,650.08704,-625.89154
498.81998,-2484.3142,631.0192,-626.3712
498.84,-2479.5068,620.9245,-626.2113
498.86,-2517.965,652.4906,-626.05145
498.87997,-2493.9287,653.61224,-625.4119
498.9,-2469.8923,650.72797,-625.09216
498.91998,-2441.0486,652.3303,-625.7316
498.94,-2455.4705,646.40173,-625.4119
498.96,-2465.0852,657.4578,-625.252
498.97998,-2455.4705,671.5584,-624.7724
499.0,-2460.2778,653.45197,-625.252
499.02,-2388.1685,636.78766,-625.4119
499.03998,-2402.5906,623.64844,-625.89154
499.06,-2460.2778,694.1515,-624.6125
499.08,-2455.4705,631.49994,-625.4119
499.09998,-2407.3977,635.9865,-624.6125
499.12,-2455.4705,642.8766,-625.09216
499.13998,-2474.6997,652.97125,-624.6125
499.16,-2489.1216,645.4403,-624.4526
499.18,-2469.8923,635.1853,-624.6125
499.19998,-2474.6997,607.46484,-625.252
499.22,-2450.6633,649.1257,-625.252
499.24,-2508.3506,645.6005,-624.2927
499.25998,-2460.2778,622.3666,-624.4526
499.28,-2503.5432,692.54913,-623.65326
499.3,-2484.3142,643.197,-624.2927
499.31998,-2373.7468,699.11865,-624.1329
499.34,-2460.2778,623.64844,-624.6125
499.36,-2378.5542,606.5034,-624.93225
499.37997,-2527.5796,637.4286,-624.4526
499.4,-2426.627,642.8766,-624.7724
499.41998,-2489.1216,641.27423,-624.2927
499.44,-2426.627,649.2859,-624.2927
499.46,-2417.0122,609.38763,-624.6125
499.47998,-2455.4705,639.8321,-624.1329
499.5,-2441.0486,661.14325,-624.6125
499.52,-2397.7832,608.5865,-624.4526
499.53998,-2484.3142,630.3783,-623.65326
499.56,-2431.434,642.23566,-623.97296
499.58,-2455.4705,687.90234,-623.1736
499.59998,-2498.736,606.1829,-623.97296
499.62,-2460.2778,619.4824,-623.8131
499.63998,-2426.627,627.1736,-623.33344
499.66,-2508.3506,636.9479,-623.65326
499.68,-2455.4705,667.0719,-623.97296
499.69998,-2465.0852,648.16425,-623.33344
499.72,-2489.1216,567.4063,-623.8131
499.74,-2503.5432,640.1526,-623.1736
499.75998,-2508.3506,631.49994,-623.4933
499.78,-2465.0852,636.1467,-622.6939
499.8,-2460.2778,601.69635,-623.65326
499.81998,-2508.3506,628.77594,-623.1736
499.84,-2431.434,649.6063,-622.6939
499.86,-2455.4705,657.93854,-622.8538
499.87997,-2474.6997,661.30347,-622.3742
499.9,-2436.2412,643.3573,-623.4933
499.91998,-2455.4705,652.1701,-623.0137
499.94,-2436.2412,632.14087,-622.6939
499.96,-2455.4705,654.0929,-622.6939
499.97998,-2431.434,661.14325,-622.3742
